Substrate Index,Enzyme Index,Label,Dock Index,positive_reactions,dataset_id,tag,logit,prob
143,113,0,18788,143,0,0,-1.5843186,0.17018473
94,191,0,31608,94,0,0,-1.1411257,0.24211374
161,16,0,2797,161,0,0,-1.030333,0.26301953
89,173,1,28634,89,0,0,-1.2932384,0.21530518
157,85,0,14180,157,0,0,-2.4940002,0.07627986
26,141,0,23274,26,0,0,-1.6554246,0.16037714
48,83,0,13742,48,0,0,-3.3435597,0.034106694
24,71,0,11752,24,0,0,-2.1555603,0.10381278
65,189,0,31251,65,0,0,-2.9223747,0.05105852
19,204,0,33693,19,0,0,-1.5809126,0.17066628
29,28,0,4635,29,0,0,-6.230671,0.001964265
152,10,0,1800,152,0,0,-1.6636281,0.15927556
68,112,0,18548,68,0,0,-1.4348748,0.19234027
139,44,0,7398,139,0,0,-1.249156,0.22284627
20,16,1,2647,20,0,0,-0.8607447,0.29718378
102,176,0,29155,102,0,0,-1.6838281,0.15658922
162,134,0,22273,162,0,0,-1.6780264,0.15735698
76,190,0,31414,76,0,0,-4.0497117,0.017128887
13,160,0,26439,13,0,0,-1.4495654,0.19006845
30,58,0,9597,30,0,0,-1.3283861,0.20942645
100,179,0,29646,100,0,0,-1.3085577,0.21272829
29,112,0,18495,29,0,0,-2.239536,0.09625589
95,41,0,6859,95,0,0,-1.0844674,0.25266153
25,125,0,20661,25,0,0,-1.1595223,0.2387541
72,43,0,7160,72,0,0,-2.6794624,0.06419616
135,47,0,7888,135,0,0,-1.2646246,0.22017883
41,83,0,13741,41,0,0,-3.8989844,0.019860065
155,43,0,7246,155,0,0,-2.8209584,0.056202076
26,144,0,23769,26,0,0,-2.7014124,0.06289006
67,154,0,25469,67,0,0,-1.6785977,0.15728125
111,163,0,27009,111,0,0,-1.4711432,0.1867689
22,205,0,33828,22,0,0,-1.7668264,0.14593744
77,96,0,15894,77,0,0,-1.3428853,0.20703597
107,0,0,109,107,0,0,-1.5567625,0.17411171
119,162,0,26835,119,0,0,-1.1258433,0.24492903
113,1,0,266,113,0,0,-1.0441196,0.2603559
81,98,0,16253,81,0,0,-2.1631799,0.10310602
27,5,1,860,27,0,0,-1.6193533,0.16529408
164,41,0,6926,164,0,0,-1.0935199,0.25095603
74,7,0,1232,74,0,0,-1.9645,0.12298088
20,107,0,17662,20,0,0,-2.0652745,0.11251806
31,19,0,3154,31,0,0,-1.3826697,0.20058058
103,73,0,12162,103,0,0,-2.4235773,0.081392385
49,212,0,35021,49,0,0,-1.1690369,0.23702912
30,44,0,7287,30,0,0,-1.27928,0.21767281
161,202,1,33487,161,0,0,-1.5734651,0.17172298
48,23,0,3842,48,0,0,-0.92861,0.2832068
65,68,0,11286,65,0,0,-2.2569573,0.09475103
56,69,0,11445,56,0,0,-2.2122173,0.09865872
64,198,0,32733,64,0,0,-2.2499824,0.09535099
31,42,0,6949,31,0,0,-1.4458797,0.1906365
136,145,0,24057,136,0,0,-1.8895278,0.13129832
3,108,0,17830,3,0,0,-1.3481305,0.20617619
50,215,1,35533,50,0,0,-0.9186951,0.28522384
136,38,1,6402,136,0,0,-1.5164654,0.17998259
61,176,0,29101,61,0,0,-1.5832322,0.17033821
83,140,0,23181,83,0,0,-1.5736451,0.17169738
96,135,0,22374,96,0,0,-1.3108969,0.21233681
38,26,0,4319,38,0,0,-1.1159049,0.24677166
146,16,0,2784,146,0,0,-1.1738122,0.23616661
34,216,0,35653,34,0,0,-1.0810454,0.25330824
114,30,0,5057,114,0,0,-1.5705884,0.17213254
66,13,0,2200,66,0,0,-1.5403831,0.1764796
100,196,0,32451,100,0,0,-2.2902758,0.09193152
146,53,0,8889,146,0,0,-1.4348776,0.19233982
131,115,0,19106,131,0,0,-1.5806034,0.17071004
24,128,1,21157,24,0,0,-1.4734066,0.18642539
106,159,0,26338,106,0,0,-1.2591171,0.22112592
109,208,0,34432,109,0,0,-1.5849593,0.17009428
114,146,0,24197,114,0,0,-1.1065676,0.24851134
78,162,0,26808,78,0,0,-1.1773286,0.23553286
89,169,1,27974,89,0,0,-1.7603819,0.14674251
112,190,1,31458,112,0,0,-4.9640045,0.00693645
15,171,0,28227,15,0,0,-1.4841733,0.1847979
80,151,0,24995,80,0,0,-1.8909974,0.13113078
120,82,1,13648,120,0,0,-1.2195818,0.22801004
120,136,1,22558,120,0,0,-0.8709777,0.2950509
39,97,0,16019,39,0,0,-2.4145346,0.08207106
81,196,0,32423,81,0,0,-3.0183372,0.046604298
87,121,1,20052,87,0,0,-1.370038,0.2026137
29,179,0,29550,29,0,0,-2.50463,0.07553423
147,37,0,6253,147,0,0,-2.663427,0.06516624
19,147,0,24288,19,0,0,-1.4387519,0.1917387
24,212,0,35017,24,0,0,-1.2489126,0.22288844
37,124,0,20481,37,0,0,-1.2984188,0.21443126
14,63,0,10397,14,0,0,-1.079093,0.2536777
56,131,0,21675,56,0,0,-1.5391705,0.17665589
69,150,0,24812,69,0,0,-2.1519122,0.10415267
112,7,0,1263,112,0,0,-1.7092779,0.1532574
96,1,0,264,96,0,0,-1.5726738,0.17183556
160,108,0,17984,160,0,0,-2.0986905,0.10922416
110,205,1,33944,110,0,0,-2.905917,0.05186184
39,82,0,13544,39,0,0,-1.2169812,0.22846815
65,96,0,15906,65,0,0,-1.5375023,0.17689866
97,13,0,2241,97,0,0,-1.4437222,0.1909696
71,33,0,5502,71,0,0,-1.4971988,0.18284369
61,179,0,29596,61,0,0,-2.0233865,0.11676928
109,108,0,17932,109,0,0,-2.2174075,0.098198146
83,105,1,17406,83,0,0,-1.2871742,0.21633148
96,172,0,28479,96,0,0,-2.2588208,0.09459131
42,99,0,16375,42,0,0,-2.0198908,0.11713029
104,24,0,4060,104,0,0,-2.2427688,0.09597504
48,76,0,12587,48,0,0,-1.0681733,0.25575063
45,176,0,29082,45,0,0,-1.8851278,0.131801
116,79,0,13137,116,0,0,-1.3775918,0.20139603
105,204,0,33776,105,0,0,-1.5806286,0.17070647
157,43,0,7250,157,0,0,-2.970111,0.048794575
28,39,0,6469,28,0,0,-1.4800625,0.18541798
1,175,0,28886,1,0,0,-1.8238835,0.13896853
71,156,1,25797,71,0,0,-1.3730485,0.20212775
42,76,0,12580,42,0,0,-0.86793464,0.29568425
13,206,1,34029,13,0,0,-2.6117263,0.06838754
12,52,0,8581,12,0,0,-1.4268811,0.19358511
63,153,0,25320,63,0,0,-1.5141654,0.1803223
24,193,1,31882,24,0,0,-1.5567765,0.17410968
43,71,0,11763,43,0,0,-2.050637,0.113988034
23,48,0,7925,23,0,0,-1.8452454,0.13643211
56,53,1,8805,56,0,0,-1.3909917,0.19924949
56,146,0,24150,56,0,0,-1.0254374,0.26396963
103,64,0,10677,103,0,0,-2.3523078,0.08688251
122,178,0,29493,122,0,0,-1.3830369,0.20052171
58,23,0,3866,58,0,0,-0.9552739,0.27782544
119,202,0,33435,119,0,0,-1.4917929,0.18365277
96,113,0,18744,96,0,0,-1.3898237,0.1994359
64,212,1,35043,64,0,0,-1.6326575,0.16346663
15,19,0,3147,15,0,0,-2.5071857,0.07535597
62,197,0,32578,62,0,0,-1.1024096,0.24928868
108,84,1,13970,108,0,0,-1.1318444,0.24382089
118,19,0,3248,118,0,0,-2.1936636,0.10032094
140,191,0,31656,140,0,0,-0.93012667,0.28289902
145,58,0,9716,145,0,0,-1.1489425,0.2406823
48,68,0,11267,48,0,0,-2.7860029,0.05808526
133,215,1,35614,133,0,0,-1.49791,0.18273744
77,41,0,6819,77,0,0,-1.0373847,0.2616549
70,169,0,27955,70,0,0,-1.3963158,0.19840139
157,52,0,8735,157,0,0,-1.4365883,0.19207422
142,147,0,24395,142,0,0,-1.4493284,0.19010495
106,0,0,103,106,0,0,-1.6047444,0.16731957
24,73,0,12082,24,0,0,-1.8073864,0.1409543
52,95,0,15726,52,0,0,-1.5810599,0.17064542
135,103,0,17128,135,0,0,-1.7417762,0.14908746
164,50,0,8411,164,0,0,-1.0790832,0.25367954
18,67,0,11093,18,0,0,-0.90093285,0.28885883
76,62,0,10294,76,0,0,-1.7078085,0.15344818
50,15,0,2533,50,0,0,-1.3138902,0.21183659
2,165,0,27231,2,0,0,-2.802549,0.057186596
116,10,0,1752,116,0,0,-2.0508997,0.113961495
24,137,0,22642,24,0,0,-0.9239318,0.28415745
62,32,0,5353,62,0,0,-1.7438414,0.14882566
66,52,0,8635,66,0,0,-2.305719,0.09065043
50,155,0,25633,50,0,0,-1.1268289,0.24474679
6,50,0,8266,6,0,0,-1.1090845,0.24804161
38,208,0,34349,38,0,0,-2.8380768,0.055300925
120,96,0,15958,120,0,0,-1.0139132,0.26621473
7,179,0,29535,7,0,0,-0.9730174,0.27427948
100,150,0,24861,100,0,0,-1.9711063,0.12227011
33,182,0,30056,33,0,0,-2.042229,0.11483996
62,19,0,3208,62,0,0,-2.2649753,0.09406553
22,30,0,4953,22,0,0,-1.9785972,0.12146846
110,62,0,10349,110,0,0,-2.1855288,0.10105756
66,205,1,33880,66,0,0,-2.6337192,0.066999584
16,112,0,18502,16,0,0,-4.344626,0.0128101325
56,206,0,34050,56,0,0,-2.9307697,0.0506533
70,186,0,30760,70,0,0,-2.4241898,0.0813466
122,142,0,23553,122,0,0,-1.7887747,0.14322302
90,124,0,20550,90,0,0,-1.3582087,0.2045316
95,169,0,27979,95,0,0,-1.1179538,0.24639103
133,35,0,5914,133,0,0,-1.4502776,0.18995886
28,13,0,2179,28,0,0,-1.1817901,0.23473048
59,127,0,21011,59,0,0,-1.2774994,0.21797618
49,122,0,20171,49,0,0,-1.6597562,0.15979473
104,167,0,27655,104,0,0,-1.8840277,0.13192692
28,69,1,11419,28,0,0,-1.6506069,0.16102694
115,28,0,4724,115,0,0,-5.7536254,0.0031612378
83,82,0,13611,83,0,0,-1.4615674,0.18822771
66,71,0,11770,66,0,0,-1.4787495,0.18561637
161,175,1,29032,161,0,0,-2.6098175,0.06850925
159,68,0,11379,159,0,0,-2.2275612,0.09730264
10,36,1,5970,10,0,0,-2.3464084,0.08735168
59,19,0,3191,59,0,0,-2.0659962,0.11244601
138,192,1,31816,138,0,0,-0.88049084,0.29307607
36,162,0,26753,36,0,0,-1.3696291,0.20267977
141,2,0,472,141,0,0,-1.9861629,0.120663404
108,43,0,7205,108,0,0,-2.8880663,0.05274665
78,34,0,5688,78,0,0,-1.8659809,0.13400745
153,212,0,35132,153,0,0,-1.3908799,0.19926733
71,93,0,15402,71,0,0,-1.8636734,0.13427545
77,132,0,21834,77,0,0,-1.024678,0.26411718
131,107,1,17786,131,0,0,-1.6973126,0.15481658
149,97,0,16152,149,0,0,-2.4006546,0.0831228
100,25,0,4236,100,0,0,-3.2567456,0.03708525
46,201,0,33208,46,0,0,-1.5274081,0.17837322
77,203,0,33549,77,0,0,-1.4650493,0.18769626
17,21,0,3483,17,0,0,-1.4936547,0.18337381
153,73,0,12197,153,0,0,-2.4892192,0.07661742
12,126,0,20791,12,0,0,-0.85110605,0.2992009
31,183,1,30214,31,0,0,-1.6516161,0.16089065
0,69,0,11402,0,0,0,-2.2459316,0.09570097
135,98,1,16303,135,0,0,-2.6289787,0.06729653
113,0,0,101,113,0,0,-1.408643,0.19644818
90,52,0,8670,90,0,0,-1.4708121,0.18681921
57,80,0,13274,57,0,0,-1.5671818,0.17261852
11,78,0,12901,11,0,0,-1.929982,0.12675259
150,217,0,35961,150,0,0,-1.121574,0.24571943
49,154,0,25451,49,0,0,-1.6467013,0.16155528
103,72,0,11997,103,0,0,-2.1083488,0.108288005
76,69,0,11449,76,0,0,-1.8585334,0.13487409
130,154,0,25540,130,0,0,-1.6169589,0.16562471
140,48,0,8061,140,0,0,-1.508394,0.18117693
47,41,0,6814,47,0,0,-1.0514739,0.2589422
154,215,0,35635,154,0,0,-0.9896339,0.27098438
160,194,0,32174,160,0,0,-1.2620447,0.2206221
120,32,0,5398,120,0,0,-1.5553751,0.1743113
67,178,0,29429,67,0,0,-2.1180482,0.10735497
46,196,1,32383,46,0,0,-2.7649302,0.05924896
104,56,1,9340,104,0,0,-1.1273906,0.24464297
85,62,0,10318,85,0,0,-2.160149,0.10338663
137,14,0,2447,137,0,0,-1.3538258,0.2052456
25,47,1,7791,25,0,0,-1.3311203,0.20897412
41,215,1,35521,41,0,0,-1.0051026,0.26793936
109,133,0,22057,109,0,0,-1.3130848,0.21197109
113,210,0,34751,113,0,0,-1.5646331,0.17298283
144,63,0,10540,144,0,0,-1.1493967,0.2405993
109,42,1,7042,109,0,0,-2.0279572,0.116298705
134,145,0,24059,134,0,0,-2.5292635,0.07383199
95,139,0,23029,95,0,0,-2.22628,0.09741524
158,210,0,34808,158,0,0,-1.2789168,0.21773466
126,93,0,15474,126,0,0,-1.5150187,0.18019621
110,59,0,9854,110,0,0,-3.0678542,0.044452887
67,27,0,4514,67,0,0,-1.2581639,0.22129013
72,115,0,19040,72,0,0,-1.5000076,0.18242438
95,194,0,32104,95,0,0,-1.211556,0.22942586
7,144,0,23760,7,0,0,-0.97186077,0.27450976
99,13,0,2243,99,0,0,-1.4910824,0.18375932
127,62,0,10355,127,0,0,-2.0930007,0.109778985
140,206,0,34131,140,0,0,-2.4075696,0.08259729
51,133,0,21995,51,0,0,-1.33164,0.20888822
148,151,0,25064,148,0,0,-1.4876575,0.18427357
136,151,0,25047,136,0,0,-1.4296861,0.1931476
11,55,0,9106,11,0,0,-1.6999035,0.15447786
73,90,0,14919,73,0,0,-1.802649,0.1415289
29,34,0,5625,29,0,0,-2.5012908,0.07576774
145,94,0,15656,145,0,0,-2.3318548,0.088518895
92,163,0,26987,92,0,0,-2.2845051,0.092414394
46,39,0,6478,46,0,0,-1.3235147,0.21023414
103,136,0,22557,103,0,0,-0.9883028,0.27124742
160,201,1,33329,160,0,0,-1.7224658,0.15155382
12,41,0,6766,12,0,0,-1.126168,0.24486898
117,122,0,20251,117,0,0,-2.0297484,0.116114736
5,37,0,6133,5,0,0,-3.3395624,0.034238625
147,165,0,27373,147,0,0,-2.0902703,0.1100461
92,46,0,7682,92,0,0,-2.708158,0.062493682
63,28,0,4695,63,0,0,-5.204184,0.005463517
61,189,0,31246,61,0,0,-4.0533366,0.017067965
143,76,0,12683,143,0,0,-0.82109064,0.3055322
6,10,0,1666,6,0,0,-2.1556106,0.1038081
151,209,0,34639,151,0,0,-1.3990633,0.19796479
144,152,0,25225,144,0,0,-2.0324507,0.115837686
155,160,0,26551,155,0,0,-1.9139915,0.1285331
75,194,0,32077,75,0,0,-1.1051514,0.24877591
54,172,0,28433,54,0,0,-1.8870647,0.13157952
45,152,0,25122,45,0,0,-1.8977356,0.13036497
66,135,0,22330,66,0,0,-1.1861062,0.23395605
117,53,0,8866,117,0,0,-1.3965867,0.19835831
19,25,0,4158,19,0,0,-1.1435452,0.24167006
94,34,0,5703,94,0,0,-1.4414494,0.191321
110,136,0,22559,110,0,0,-0.94109815,0.28067857
84,84,1,13946,84,0,0,-1.3029501,0.21366893
90,160,1,26490,90,0,0,-2.0659585,0.112449765
147,18,0,3118,147,0,0,-2.0318549,0.11589873
151,79,0,13189,151,0,0,-1.3923776,0.19902846
65,216,0,35706,65,0,0,-1.3032064,0.21362588
150,203,0,33651,150,0,0,-1.512965,0.1804998
101,112,0,18586,101,0,0,-1.5622025,0.17333084
134,48,0,8054,134,0,0,-1.7763121,0.1447591
65,101,0,16731,65,0,0,-1.6971202,0.15484177
149,41,0,6912,149,0,0,-1.0258076,0.2638977
146,186,0,30834,146,0,0,-2.1784675,0.10170085
85,128,0,21208,85,0,0,-0.871167,0.29501152
63,23,0,3870,63,0,0,-1.0160142,0.2658045
14,171,0,28217,14,0,0,-1.3442607,0.20681027
96,114,0,18909,96,0,0,-2.0783384,0.111220114
76,156,0,25804,76,0,0,-1.149895,0.24050827
131,1,0,296,131,0,0,-1.1561165,0.23937365
121,104,1,17280,121,0,0,-1.9550362,0.12400525
134,45,0,7559,134,0,0,-1.8162231,0.13988769
124,113,0,18767,124,0,0,-1.5310502,0.17784008
24,141,1,23302,24,0,0,-1.7562225,0.14726408
14,74,0,12212,14,0,0,-1.9398227,0.12566733
111,154,0,25524,111,0,0,-1.9847188,0.12081671
131,11,0,1946,131,0,0,-1.3599646,0.20424606
136,109,0,18117,136,0,0,-0.85807246,0.29774222
24,12,0,2017,24,0,0,-1.0928009,0.2510912
81,68,0,11303,81,0,0,-1.9887977,0.12038412
150,205,0,33981,150,0,0,-2.1773784,0.10180039
88,23,0,3880,88,0,0,-0.7977837,0.31049982
22,162,0,26733,22,0,0,-1.1032443,0.2491325
136,136,1,22572,136,0,0,-0.79552263,0.31098408
10,213,0,35175,10,0,0,-1.060621,0.2571908
14,21,0,3467,14,0,0,-1.9253175,0.12726976
74,153,1,25322,74,0,0,-1.30322,0.21362358
16,11,0,1837,16,0,0,-1.4120224,0.19591527
25,72,1,11916,25,0,0,-2.8266103,0.05590303
28,22,0,3664,28,0,0,-2.8521807,0.054568704
10,43,0,7125,10,0,0,-3.381824,0.032868363
2,172,0,28386,2,0,0,-2.2615345,0.09435916
136,130,0,21582,136,0,0,-0.9416581,0.28056553
120,153,0,25363,120,0,0,-1.4049251,0.19703573
38,44,0,7289,38,0,0,-1.2630482,0.22044961
145,214,0,35456,145,0,0,-0.90749663,0.2875124
46,174,1,28753,46,0,0,-1.6266296,0.1642926
78,114,0,18888,78,0,0,-1.8864727,0.13164717
24,201,0,33202,24,0,0,-1.4693196,0.18704605
85,84,1,13948,85,0,0,-1.3126609,0.21204191
133,198,0,32809,133,0,0,-2.6480064,0.06611199
94,136,0,22533,94,0,0,-0.94246477,0.28040275
151,172,0,28534,151,0,0,-2.2944648,0.09158242
36,176,0,29063,36,0,0,-1.3074565,0.21291278
81,27,0,4538,81,0,0,-1.6491997,0.16121714
70,79,0,13105,70,0,0,-1.1975284,0.2319152
84,163,0,26981,84,0,0,-2.5328314,0.073588386
79,101,0,16744,79,0,0,-1.8579509,0.13494207
110,126,0,20909,110,0,0,-0.90239966,0.28855762
45,65,1,10767,45,0,0,-1.7680843,0.14578073
67,69,1,11444,67,0,0,-1.5942202,0.16879098
91,99,0,16426,91,0,0,-1.4963477,0.18297088
118,71,0,11828,118,0,0,-1.550432,0.17502388
158,200,0,33158,158,0,0,-0.83075696,0.30348504
111,145,1,24039,111,0,0,-1.4021778,0.19747075
97,21,1,3561,97,0,0,-1.7497587,0.14807764
15,28,0,4632,15,0,0,-7.1338925,0.00079697295
83,166,1,27471,83,0,0,-0.9293323,0.2830602
85,17,0,2893,85,0,0,-4.4556127,0.011479884
106,103,0,17098,106,0,0,-1.4839287,0.18483475
8,171,0,28219,8,0,0,-1.3821495,0.20066401
52,187,0,30906,52,0,0,-0.7780693,0.31473613
48,209,1,34532,48,0,0,-1.5407865,0.17642097
117,91,0,15136,117,0,0,-2.433985,0.080617614
93,119,0,19730,93,0,0,-3.40856,0.03202901
0,13,0,2162,0,0,0,-2.1932645,0.10035697
98,135,0,22372,98,0,0,-1.2663171,0.21988834
153,16,0,2792,153,0,0,-1.3573577,0.20467007
9,86,0,14214,9,0,0,-2.2314553,0.09696114
158,29,0,4943,158,0,0,-1.454081,0.18937428
28,9,0,1519,28,0,0,-1.110028,0.24786566
157,51,0,8570,157,0,0,-1.6575756,0.1600877
46,29,0,4828,46,0,0,-1.5850501,0.17008145
27,200,0,33035,27,0,0,-1.2091067,0.22985916
33,140,0,23126,33,0,0,-1.5040143,0.18182757
62,23,0,3868,62,0,0,-1.161519,0.23839137
76,82,0,13594,76,0,0,-1.3684769,0.20286605
132,59,0,9870,132,0,0,-2.4391012,0.08023922
55,195,0,32251,55,0,0,-0.94746774,0.27939436
144,172,0,28525,144,0,0,-2.7542725,0.05984581
99,110,0,18248,99,0,0,-1.7567236,0.14720115
100,138,1,22881,100,0,0,-3.3285947,0.034603145
57,8,0,1394,57,0,0,-1.110244,0.2478254
110,110,0,18269,110,0,0,-1.8741195,0.13306578
148,90,0,14999,148,0,0,-1.6723526,0.15811077
62,2,0,403,62,0,0,-3.0676107,0.04446323
124,47,1,7877,124,0,0,-1.2962847,0.21479097
68,125,0,20693,68,0,0,-1.0963674,0.25042117
84,144,0,23846,84,0,0,-1.0275292,0.2635634
164,198,0,32831,164,0,0,-2.650548,0.065955244
74,147,0,24332,74,0,0,-1.6400836,0.1624537
97,81,0,13461,97,0,0,-1.914504,0.1284757
136,179,0,29667,136,0,0,-0.67205703,0.3380364
151,23,0,3949,151,0,0,-1.0244505,0.2641614
115,90,0,14954,115,0,0,-2.219793,0.09798709
154,155,0,25735,154,0,0,-1.2842231,0.21683222
113,72,0,11981,113,0,0,-2.536532,0.07333651
144,144,0,23905,144,0,0,-0.85198456,0.2990167
94,123,0,20388,94,0,0,-0.84508926,0.300464
86,116,0,19222,86,0,0,-1.577766,0.1711121
66,64,0,10615,66,0,0,-2.519634,0.07449318
136,12,0,2112,136,0,0,-1.0950737,0.2506641
164,206,1,34151,164,0,0,-2.7426414,0.06050358
46,23,0,3838,46,0,0,-0.89473456,0.29013374
112,37,0,6213,112,0,0,-2.3183682,0.089613095
78,104,0,17238,78,0,0,-2.4656105,0.078304455
129,78,0,12998,129,0,0,-1.5618954,0.17337485
124,0,0,122,124,0,0,-1.6076791,0.16691108
79,167,0,27634,79,0,0,-1.3924572,0.19901577
88,174,1,28795,88,0,0,-1.97333,0.12203166
155,107,0,17806,155,0,0,-1.3677225,0.20298806
157,160,0,26555,157,0,0,-1.935312,0.12616378
158,126,0,20948,158,0,0,-1.5186384,0.17966211
3,91,1,15025,3,0,0,-3.8388355,0.021065349
55,58,0,9646,55,0,0,-1.4310555,0.19293427
28,4,0,694,28,0,0,-1.4448924,0.19078888
97,207,0,34251,97,0,0,-1.4455676,0.19068465
115,180,0,29804,115,0,0,-2.416802,0.0819004
157,40,0,6755,157,0,0,-1.0763607,0.25419533
43,213,0,35193,43,0,0,-0.93101794,0.28271824
2,20,0,3306,2,0,0,-1.175462,0.23586912
64,63,0,10458,64,0,0,-1.3490307,0.20602888
88,143,1,23680,88,0,0,-1.085602,0.25244734
17,10,0,1668,17,0,0,-1.8102257,0.14061084
148,201,0,33314,148,0,0,-1.9142365,0.12850565
19,67,0,11088,19,0,0,-1.1655676,0.23765709
43,45,0,7473,43,0,0,-1.12024,0.24596678
136,129,1,21417,136,0,0,-1.7930231,0.14270248
135,119,0,19768,135,0,0,-3.8609953,0.020613194
153,46,0,7742,153,0,0,-1.4992032,0.1825444
25,2,0,366,25,0,0,-2.256626,0.09477946
61,138,0,22831,61,0,0,-2.7387102,0.060727432
5,169,0,27913,5,0,0,-1.2227957,0.22744483
84,3,1,581,84,0,0,-0.90058404,0.2889305
54,20,0,3353,54,0,0,-1.6869054,0.15618324
33,75,1,12401,33,0,0,-1.9069414,0.12932485
113,38,0,6371,113,0,0,-1.4636617,0.18790792
13,110,0,18189,13,0,0,-1.6860425,0.156297
36,51,0,8438,36,0,0,-1.7225485,0.1515432
163,48,0,8082,163,0,0,-1.7403908,0.14926331
114,49,1,8192,114,0,0,-3.403017,0.03220131
139,164,0,27198,139,0,0,-2.0975232,0.109337784
89,40,1,6689,89,0,0,-1.5603981,0.17358953
39,157,0,25919,39,0,0,-1.3039358,0.21350338
91,148,0,24511,91,0,0,-1.0538979,0.2584773
89,129,1,21374,89,0,0,-1.161251,0.23844005
14,68,0,11222,14,0,0,-1.5431371,0.1760797
130,86,0,14320,130,0,0,-2.525287,0.074104376
160,126,0,20954,160,0,0,-1.5143862,0.18028967
55,115,0,19051,55,0,0,-1.4693503,0.18704137
101,175,0,28981,101,0,0,-1.4768889,0.1858978
141,99,0,16477,141,0,0,-1.7898529,0.14309077
82,208,0,34404,82,0,0,-3.5806756,0.027101899
38,127,0,20984,38,0,0,-1.7438865,0.14881995
57,132,0,21854,57,0,0,-1.2672069,0.21973576
144,64,0,10705,144,0,0,-2.7823274,0.058286674
106,179,0,29638,106,0,0,-2.1326752,0.10596129
117,215,1,35596,117,0,0,-1.0093157,0.26711378
149,132,0,21927,149,0,0,-1.8433363,0.1366572
66,169,0,27940,66,0,0,-1.4198813,0.19468018
104,142,0,23530,104,0,0,-2.4128823,0.08219562
119,67,0,11160,119,0,0,-1.3552392,0.20501515
88,57,1,9490,88,0,0,-1.1375749,0.24276589
139,175,0,29013,139,0,0,-1.7228003,0.15151082
59,174,0,28766,59,0,0,-0.6268259,0.3482306
157,153,0,25400,157,0,0,-0.92121536,0.28471032
75,137,0,22672,75,0,0,-0.9047707,0.2880711
31,51,0,8434,31,0,0,-1.5848341,0.17011194
75,32,0,5347,75,0,0,-2.0360017,0.11547449
143,155,0,25718,143,0,0,-1.2187934,0.22814886
123,165,0,27349,123,0,0,-2.80612,0.05699436
104,203,0,33595,104,0,0,-1.431561,0.19285558
88,30,0,5035,88,0,0,-1.6998439,0.15448566
43,214,0,35358,43,0,0,-0.95530105,0.27782
129,170,0,28178,129,0,0,-3.1780038,0.04000192
16,77,0,12727,16,0,0,-1.1964848,0.23210114
118,121,1,20078,118,0,0,-1.6364694,0.16294605
4,140,0,23108,4,0,0,-1.2786527,0.21777965
4,177,0,29213,4,0,0,-1.3093808,0.21259049
34,76,0,12553,34,0,0,-1.1025491,0.24926259
97,80,0,13296,97,0,0,-1.6974621,0.15479702
14,134,0,22112,14,0,0,-1.5285285,0.1782091
114,180,0,29807,114,0,0,-2.0481472,0.11423973
107,217,0,35914,107,0,0,-0.96776414,0.27532637
109,24,0,4072,109,0,0,-1.9702806,0.12235875
26,156,0,25749,26,0,0,-1.2576962,0.22137074
147,158,0,26218,147,0,0,-1.1862717,0.23392642
13,1,0,204,13,0,0,-0.918107,0.28534377
52,203,0,33546,52,0,0,-1.4716043,0.18669888
50,133,1,22003,50,0,0,-1.4557388,0.18911994
107,167,0,27664,107,0,0,-1.5517831,0.17482889
33,105,0,17351,33,0,0,-1.283376,0.2169761
81,60,0,9983,81,0,0,-2.2388134,0.096318774
91,34,0,5701,91,0,0,-2.2876484,0.09215109
24,154,0,25447,24,0,0,-1.2774413,0.21798609
131,46,0,7721,131,0,0,-1.2646074,0.22018176
44,158,0,26114,44,0,0,-1.0688605,0.25561985
131,206,0,34121,131,0,0,-2.6865745,0.06377023
100,162,0,26841,100,0,0,-1.2686696,0.21948507
58,48,0,7991,58,0,0,-2.2675157,0.09384927
129,151,0,25043,129,0,0,-1.6861923,0.15627725
44,169,0,27929,44,0,0,-1.4496579,0.19005422
4,159,0,26243,4,0,0,-1.4194293,0.19475107
31,188,0,31039,31,0,0,-1.7439039,0.14881775
147,34,0,5758,147,0,0,-1.8345673,0.13769507
91,31,1,5206,91,0,0,-1.0033625,0.26828083
129,37,0,6233,129,0,0,-2.7979214,0.0574366
49,76,0,12581,49,0,0,-1.3104913,0.21240464
131,29,0,4916,131,0,0,-1.8440142,0.13657723
92,89,1,14777,92,0,0,-2.307415,0.09051071
147,36,0,6088,147,0,0,-1.8574975,0.13499501
36,48,0,7943,36,0,0,-2.1020048,0.10890212
25,27,0,4491,25,0,0,-3.0383835,0.04572165
103,176,0,29157,103,0,0,-1.5235465,0.17893988
159,139,0,23094,159,0,0,-1.8470654,0.13621782
21,31,0,5135,21,0,0,-1.45597,0.18908447
128,27,1,4581,128,0,0,-1.6547601,0.16046664
18,111,0,18353,18,0,0,-1.4356482,0.19222015
97,85,0,14121,97,0,0,-1.1256787,0.24495947
4,94,0,15518,4,0,0,-3.510805,0.029006358
14,77,0,12707,14,0,0,-1.8891726,0.13133885
45,104,0,17202,45,0,0,-1.732717,0.15024038
74,82,0,13607,74,0,0,-1.2823441,0.21715146
65,117,0,19371,65,0,0,-4.4821997,0.011182059
24,169,0,27922,24,0,0,-1.5655107,0.17285731
106,145,0,24028,106,0,0,-1.657764,0.16006239
156,191,0,31668,156,0,0,-1.4617095,0.188206
8,113,0,18649,8,0,0,-1.928154,0.12695505
78,214,0,35388,78,0,0,-0.89409083,0.29026634
92,199,1,32927,92,0,0,-1.349966,0.20587592
24,65,1,10762,24,0,0,-1.6224301,0.16487001
13,166,0,27429,13,0,0,-1.1295085,0.24425182
132,162,0,26865,132,0,0,-1.4831073,0.18495853
126,29,0,4914,126,0,0,-1.518673,0.17965701
33,179,0,29561,33,0,0,-2.3425488,0.08765986
115,92,0,15284,115,0,0,-0.92919844,0.28308737
6,52,0,8596,6,0,0,-1.4497533,0.19003955
113,185,0,30626,113,0,0,-1.3984625,0.1980602
38,212,0,35009,38,0,0,-1.1031182,0.2491561
68,124,0,20528,68,0,0,-1.3340237,0.20849457
4,165,0,27233,4,0,0,-2.845514,0.054913666
51,35,1,5825,51,0,0,-1.0331701,0.26246998
130,129,0,21415,130,0,0,-1.4432974,0.19103526
103,139,0,23052,103,0,0,-2.038908,0.115177974
102,123,0,20410,102,0,0,-0.84536177,0.30040672
92,134,1,22202,92,0,0,-1.9409373,0.12554492
85,70,0,11638,85,0,0,-3.098943,0.043150876
18,182,1,30068,18,0,0,-1.7915258,0.14288576
56,84,0,13920,56,0,0,-1.3220136,0.21048348
59,5,0,881,59,0,0,-1.7876115,0.14336582
45,122,1,20172,45,0,0,-1.3150384,0.21164495
121,92,0,15300,121,0,0,-0.93343014,0.28222933
48,154,0,25457,48,0,0,-2.0704348,0.11200379
29,143,0,23610,29,0,0,-1.8750174,0.13296223
37,92,0,15201,37,0,0,-1.0132684,0.2663407
83,95,0,15756,83,0,0,-1.7457588,0.14858294
39,96,0,15854,39,0,0,-1.1456027,0.24129318
149,113,0,18792,149,0,0,-1.4904673,0.1838516
154,171,0,28375,154,0,0,-1.5300238,0.1779902
114,153,0,25352,114,0,0,-1.3394938,0.20759332
117,133,0,22066,117,0,0,-1.148417,0.24077834
80,155,0,25655,80,0,0,-0.8064106,0.3086559
138,205,1,33961,138,0,0,-2.503108,0.07564058
150,123,0,20451,150,0,0,-0.8364499,0.302283
61,164,0,27121,61,0,0,-2.1543703,0.10392354
136,24,0,4092,136,0,0,-2.1614096,0.10326984
73,136,0,22509,73,0,0,-0.8407295,0.30138117
69,41,0,6827,69,0,0,-1.0040938,0.2681373
11,43,0,7126,11,0,0,-3.1758716,0.04008388
29,79,0,13050,29,0,0,-1.2293718,0.2262914
109,118,1,19582,109,0,0,-1.825079,0.13882555
120,166,1,27508,120,0,0,-0.8630556,0.29670134
141,172,0,28522,141,0,0,-1.3831825,0.20049836
115,171,0,28319,115,0,0,-2.1234698,0.10683652
114,190,1,31457,114,0,0,-4.0086384,0.017834267
28,28,0,4654,28,0,0,-7.823655,0.00039999632
133,25,0,4264,133,0,0,-1.0894744,0.25171727
143,90,0,14993,143,0,0,-1.8913832,0.13108684
17,101,0,16683,17,0,0,-2.28481,0.09238882
118,92,0,15293,118,0,0,-0.97924286,0.27304205
76,217,1,35869,76,0,0,-1.0505476,0.25911996
111,75,0,12489,111,0,0,-1.63011,0.16381529
87,131,0,21702,87,0,0,-1.288661,0.21607953
138,186,0,30826,138,0,0,-1.9686785,0.1225309
125,42,0,7057,125,0,0,-1.6086411,0.16677736
45,6,0,1032,45,0,0,-2.0387983,0.11518915
77,125,1,20679,77,0,0,-1.1826825,0.23457022
73,133,0,22014,73,0,0,-1.3176465,0.21121012
108,73,0,12155,108,0,0,-2.6258016,0.067496225
29,7,0,1170,29,0,0,-1.8471155,0.13621192
121,121,0,20085,121,0,0,-1.3620477,0.2039077
39,135,0,22289,39,0,0,-1.3102443,0.21244596
25,16,0,2676,25,0,0,-1.132283,0.24374004
42,55,0,9115,42,0,0,-2.5933251,0.06956924
66,165,0,27280,66,0,0,-2.699003,0.06303221
29,121,0,19980,29,0,0,-1.487881,0.18424
4,164,0,27068,4,0,0,-2.1287656,0.106332235
53,55,0,9127,53,0,0,-2.525465,0.07409216
104,48,1,8020,104,0,0,-2.2814703,0.092669256
66,119,0,19690,66,0,0,-3.8631442,0.020569857
73,216,0,35709,73,0,0,-1.267283,0.21972272
58,76,0,12611,58,0,0,-1.1212211,0.24578486
1,32,0,5291,1,0,0,-1.6400292,0.16246109
75,49,0,8152,75,0,0,-1.7363143,0.14978169
113,36,0,6041,113,0,0,-1.8733821,0.13315088
106,143,0,23698,106,0,0,-1.0974689,0.25021446
90,83,0,13785,90,0,0,-3.6357872,0.025686007
131,94,0,15641,131,0,0,-2.0970585,0.10938305
144,185,0,30670,144,0,0,-1.046746,0.25985044
105,50,0,8366,105,0,0,-1.7269149,0.15098262
91,192,0,31771,91,0,0,-1.134181,0.24339034
158,216,0,35798,158,0,0,-1.1300936,0.24414383
62,145,0,23998,62,0,0,-1.184578,0.23423007
46,5,0,868,46,0,0,-2.3885002,0.08405383
96,138,0,22869,96,0,0,-2.9236264,0.050997905
74,179,0,29612,74,0,0,-1.0678035,0.25582102
39,170,0,28064,39,0,0,-1.5259137,0.17859234
65,170,0,28116,65,0,0,-2.6756005,0.06442856
41,114,0,18856,41,0,0,-2.080444,0.11101213
138,194,0,32146,138,0,0,-1.0301137,0.26306206
21,22,0,3650,21,0,0,-2.703964,0.06273986
147,14,0,2458,147,0,0,-1.5830636,0.17036204
73,164,1,27129,73,0,0,-2.2744377,0.09326226
15,108,0,17832,15,0,0,-3.4798517,0.029890979
94,24,0,4053,94,0,0,-2.6923523,0.063426144
83,12,0,2061,83,0,0,-1.1307409,0.2440244
53,58,1,9622,53,0,0,-1.4048798,0.1970429
88,115,0,19060,88,0,0,-1.7128234,0.15279786
20,148,1,24427,20,0,0,-1.1307096,0.24403016
81,113,0,18728,81,0,0,-1.9394913,0.12570375
145,143,1,23741,145,0,0,-1.3025525,0.21373576
65,49,0,8151,65,0,0,-2.016477,0.11748376
52,137,0,22656,52,0,0,-1.5206795,0.17936149
96,199,1,32934,96,0,0,-1.3757,0.2017005
7,161,0,26565,7,0,0,-1.2343411,0.22542253
151,126,0,20944,151,0,0,-1.3389359,0.20768511
153,133,0,22097,153,0,0,-1.2935,0.215261
88,31,0,5200,88,0,0,-1.7628331,0.14643587
108,11,0,1925,108,0,0,-1.2450359,0.22356063
159,84,0,14019,159,0,0,-1.5389352,0.17669012
40,71,0,11760,40,0,0,-1.2583613,0.2212561
71,104,0,17217,71,0,0,-2.005156,0.11866263
117,60,0,10021,117,0,0,-1.5839536,0.17023627
72,126,0,20855,72,0,0,-1.2655611,0.22001806
112,98,0,16278,112,0,0,-2.4596403,0.078736424
40,32,1,5325,40,0,0,-1.6424649,0.16212994
106,4,0,763,106,0,0,-1.2952504,0.21496545
105,160,1,26516,105,0,0,-1.9290731,0.12685321
78,88,0,14598,78,0,0,-1.6895857,0.15583034
28,98,0,16204,28,0,0,-2.706428,0.062595114
160,191,0,31679,160,0,0,-1.1261462,0.244873
51,148,0,24470,51,0,0,-1.2504406,0.22262388
50,18,0,3028,50,0,0,-1.7448413,0.14869905
66,137,1,22660,66,0,0,-1.7913799,0.14290363
63,94,0,15585,63,0,0,-1.2639627,0.22029248
127,42,0,7055,127,0,0,-2.0318785,0.11589631
158,8,0,1478,158,0,0,-1.1906412,0.23314428
152,179,0,29685,152,0,0,-0.6549181,0.3418821
136,132,0,21912,136,0,0,-1.6164217,0.16569895
73,161,0,26634,73,0,0,-1.2545617,0.22191149
70,166,0,27460,70,0,0,-1.009876,0.2670041
103,93,0,15462,103,0,0,-1.3602557,0.20419875
125,178,0,29497,125,0,0,-1.4492593,0.19011559
13,101,1,16704,13,0,0,-1.9744537,0.121911325
7,99,0,16335,7,0,0,-1.0970178,0.2502991
109,95,0,15787,109,0,0,-1.8602104,0.13467853
156,16,0,2793,156,0,0,-1.5428553,0.1761206
146,149,1,24729,146,0,0,-1.6289864,0.16396926
134,171,0,28349,134,0,0,-2.0416915,0.1148946
160,168,0,27884,160,0,0,-1.6393585,0.16255237
55,17,0,2881,55,0,0,-3.7728045,0.022470953
135,146,0,24223,135,0,0,-0.9770693,0.27347368
125,88,0,14647,125,0,0,-1.3654687,0.20335293
155,91,0,15166,155,0,0,-2.9717371,0.04871915
96,196,1,32439,96,0,0,-2.98509,0.04810402
21,57,0,9425,21,0,0,-1.1163316,0.24669237
6,146,0,24106,6,0,0,-1.1349561,0.24324763
96,166,0,27489,96,0,0,-0.99628466,0.2696725
3,193,1,31855,3,0,0,-1.8220592,0.13918698
89,82,0,13619,89,0,0,-1.407465,0.1966342
59,198,0,32726,59,0,0,-1.3964028,0.19838755
25,155,0,25611,25,0,0,-1.5317664,0.17773539
158,77,0,12863,158,0,0,-1.0552697,0.25821444
0,184,0,30377,0,0,0,-1.1169016,0.24658646
17,142,1,23448,17,0,0,-2.444188,0.0798646
134,112,1,18614,134,0,0,-2.8229094,0.05609868
137,6,0,1127,137,0,0,-1.8179653,0.13967821
19,215,0,35508,19,0,0,-1.4941268,0.18330313
28,32,0,5314,28,0,0,-2.0651214,0.11253334
32,161,0,26597,32,0,0,-0.98776466,0.2713538
142,152,0,25220,142,0,0,-2.564943,0.071428984
162,31,0,5278,162,0,0,-1.2031355,0.2309179
132,206,0,34125,132,0,0,-2.4329522,0.0806942
51,188,0,31070,51,0,0,-2.1191382,0.10725056
64,134,0,22173,64,0,0,-2.1274347,0.10645877
13,202,0,33369,13,0,0,-1.5770407,0.171215
16,61,0,10087,16,0,0,-0.8223099,0.30527356
101,203,0,33601,101,0,0,-1.4002342,0.19777894
60,117,0,19377,60,0,0,-4.029437,0.017473582
69,55,0,9137,69,0,0,-2.0338163,0.11569789
75,65,0,10792,75,0,0,-1.6547954,0.16046189
55,19,0,3211,55,0,0,-2.2564054,0.094798386
152,157,0,26055,152,0,0,-1.2148607,0.22884214
151,107,1,17809,151,0,0,-1.6020467,0.16769575
143,62,0,10373,143,0,0,-1.9482498,0.124744326
145,161,0,26711,145,0,0,-1.2039647,0.23077066
45,93,0,15387,45,0,0,-1.1864891,0.23388745
58,14,0,2381,58,0,0,-1.8027165,0.14152071
104,214,1,35410,104,0,0,-1.3396332,0.20757037
128,123,0,20421,128,0,0,-0.8207029,0.30561447
101,21,0,3571,101,0,0,-1.7568014,0.1471914
104,152,0,25180,104,0,0,-2.9981165,0.047511037
58,41,0,6836,58,0,0,-1.1195843,0.2460884
52,139,0,22986,52,0,0,-2.4320562,0.08076069
48,98,0,16217,48,0,0,-2.3816614,0.08458184
158,150,0,24908,158,0,0,-2.2162185,0.09830349
29,169,0,27900,29,0,0,-1.8978794,0.13034868
81,208,0,34403,81,0,0,-3.5460947,0.028028771
15,42,0,6942,15,0,0,-1.4535651,0.1894535
123,187,0,30979,123,0,0,-0.77257985,0.3159213
141,51,0,8557,141,0,0,-1.4026451,0.19739671
101,85,0,14131,101,0,0,-1.138243,0.2426431
48,96,0,15887,48,0,0,-1.583277,0.17033188
107,192,0,31789,107,0,0,-1.1768677,0.23561585
1,67,0,11066,1,0,0,-1.3990343,0.1979694
154,199,1,32995,154,0,0,-1.1510954,0.24028906
36,172,0,28403,36,0,0,-2.0894413,0.110127315
152,67,0,11205,152,0,0,-1.4035814,0.19724841
93,96,0,15935,93,0,0,-1.8108938,0.14053014
86,175,0,28957,86,0,0,-2.7631621,0.059347592
158,119,0,19793,158,0,0,-1.2925572,0.21542029
14,47,0,7757,14,0,0,-1.0848429,0.25259063
21,36,1,5960,21,0,0,-2.3633068,0.086013876
119,214,0,35415,119,0,0,-0.92530304,0.2838786
121,142,1,23550,121,0,0,-0.956748,0.27752978
74,141,0,23342,74,0,0,-2.1511881,0.10422025
61,37,0,6166,61,0,0,-2.9239435,0.05098256
115,66,0,10994,115,0,0,-1.2040269,0.23075962
30,42,0,6957,30,0,0,-1.2917581,0.21555538
131,211,1,34946,131,0,0,-2.5156446,0.07476869
69,9,0,1547,69,0,0,-1.7220824,0.15160313
23,122,0,20135,23,0,0,-2.15103,0.10423501
111,31,0,5229,111,0,0,-1.4619086,0.18817559
76,90,0,14914,76,0,0,-1.5772414,0.17118652
158,65,0,10883,158,0,0,-1.7850587,0.1436796
81,180,0,29783,81,0,0,-1.776051,0.14479144
154,21,0,3625,154,0,0,-1.4393518,0.19164574
92,209,0,34577,92,0,0,-1.7152052,0.1524898
134,68,1,11354,134,0,0,-1.650013,0.1611072
150,120,0,19956,150,0,0,-1.0088243,0.26720998
88,176,0,29125,88,0,0,-1.6998003,0.15449135
14,92,0,15182,14,0,0,-1.0175674,0.2655015
24,157,0,25942,24,0,0,-1.3765557,0.20156275
113,49,0,8186,113,0,0,-2.4763308,0.07753423
77,197,0,32559,77,0,0,-1.2779644,0.21789694
22,216,0,35643,22,0,0,-0.99192554,0.27053192
74,64,0,10637,74,0,0,-2.3225517,0.08927238
155,2,0,481,155,0,0,-2.5282428,0.07390182
127,68,0,11345,127,0,0,-2.9455476,0.049947366
37,31,0,5136,37,0,0,-1.0018997,0.26856807
153,96,0,15992,153,0,0,-1.5328579,0.17757593
27,41,0,6800,27,0,0,-1.0922201,0.25120047
77,60,1,9954,77,0,0,-1.8344986,0.13770323
12,144,0,23761,12,0,0,-0.8897831,0.2911546
45,3,0,537,45,0,0,-1.1535459,0.23984201
42,75,1,12415,42,0,0,-1.4714174,0.18672727
130,58,0,9700,130,0,0,-1.5551503,0.17434366
53,198,0,32722,53,0,0,-2.2131553,0.098575346
45,126,0,20832,45,0,0,-1.1626086,0.2381936
151,152,0,25234,151,0,0,-2.8144383,0.056548923
104,23,0,3895,104,0,0,-1.1701093,0.23683523
90,2,0,420,90,0,0,-2.4520764,0.079286836
84,143,0,23681,84,0,0,-1.1082556,0.24819624
122,183,1,30318,122,0,0,-1.2431026,0.2238964
113,16,0,2741,113,0,0,-1.0330005,0.26250282
67,188,0,31079,67,0,0,-2.0819867,0.11085999
148,41,0,6914,148,0,0,-1.1623151,0.23824687
82,25,1,4209,82,0,0,-3.5246625,0.028618595
58,197,0,32576,58,0,0,-1.2997224,0.21421173
11,214,0,35341,11,0,0,-0.9755048,0.27378464
58,80,0,13271,58,0,0,-2.0110548,0.11804712
83,153,0,25326,83,0,0,-1.3215957,0.21055293
30,21,0,3492,30,0,0,-1.9289339,0.12686864
74,148,0,24497,74,0,0,-0.99011177,0.27089
52,145,0,23976,52,0,0,-1.874968,0.13296792
68,122,0,20198,68,0,0,-1.8344018,0.13771473
82,100,0,16584,82,0,0,-3.917794,0.019497212
143,168,0,27863,143,0,0,-1.1749921,0.23595382
162,151,0,25078,162,0,0,-2.3900938,0.08393122
82,186,0,30774,82,0,0,-2.1353426,0.10570887
27,108,0,17855,27,0,0,-1.4015143,0.19757593
122,44,0,7383,122,0,0,-1.3109128,0.21233413
58,182,0,30101,58,0,0,-1.9906869,0.12018421
106,42,0,7033,106,0,0,-2.0961556,0.10947103
51,190,1,31400,51,0,0,-4.1497726,0.015523231
37,118,0,19491,37,0,0,-1.4254847,0.1938032
129,73,0,12173,129,0,0,-2.248764,0.09545613
62,190,1,31423,62,0,0,-4.5640283,0.010312543
35,16,0,2665,35,0,0,-1.9100933,0.12897037
137,191,0,31652,137,0,0,-2.4988313,0.075940154
113,34,0,5711,113,0,0,-1.7651417,0.14614755
51,47,1,7805,51,0,0,-1.2741933,0.21854028
103,0,0,117,103,0,0,-1.2817812,0.21724717
97,34,0,5706,97,0,0,-1.3296626,0.2092152
3,80,1,13210,3,0,0,-1.9351144,0.12618558
163,102,0,16992,163,0,0,-1.5803003,0.17075296
119,65,1,10830,119,0,0,-0.7486467,0.32111627
1,185,0,30536,1,0,0,-1.1199555,0.24601953
20,34,0,5617,20,0,0,-1.6253877,0.16446318
141,20,0,3442,141,0,0,-1.034207,0.26226932
57,28,0,4694,57,0,0,-5.5400915,0.003910813
135,202,0,33463,135,0,0,-1.7828596,0.14395039
121,17,1,2925,121,0,0,-3.534954,0.028333878
55,37,0,6181,55,0,0,-2.1357958,0.10566603
142,60,0,10040,142,0,0,-1.5233569,0.17896773
141,161,0,26707,141,0,0,-1.545434,0.17574672
115,88,1,14624,115,0,0,-1.5810692,0.1706441
23,87,0,14360,23,0,0,-4.029464,0.017473124
102,12,1,2095,102,0,0,-1.012841,0.26642424
8,118,0,19474,8,0,0,-1.4394832,0.1916254
121,201,0,33285,121,0,0,-1.2018106,0.23115328
129,199,1,32963,129,0,0,-1.3692999,0.20273298
24,113,0,18682,24,0,0,-1.5672839,0.17260395
126,152,0,25209,126,0,0,-3.32893,0.03459195
161,130,1,21607,161,0,0,-1.4301946,0.19306836
83,43,0,7176,83,0,0,-4.021944,0.017602691
18,115,0,19013,18,0,0,-1.9091425,0.12907723
10,168,0,27750,10,0,0,-1.9702129,0.12236602
138,19,0,3271,138,0,0,-2.220143,0.09795616
32,6,0,1022,32,0,0,-1.5054696,0.18161118
127,7,0,1280,127,0,0,-2.1089356,0.10823136
152,55,0,9225,152,0,0,-2.8950553,0.05239854
4,26,0,4298,4,0,0,-1.6913886,0.1555933
66,179,0,29590,66,0,0,-0.53469807,0.3694218
12,118,0,19471,12,0,0,-2.1504104,0.10429288
33,95,0,15701,33,0,0,-1.7226975,0.15152404
102,197,0,32620,102,0,0,-1.3661149,0.20324828
82,24,0,4044,82,0,0,-1.9766133,0.12168033
3,89,0,14695,3,0,0,-1.3598032,0.20427229
158,62,0,10388,158,0,0,-1.9900477,0.12025182
107,100,0,16609,107,0,0,-3.3885293,0.032655884
108,40,0,6710,108,0,0,-1.1954122,0.23229237
149,111,0,18462,149,0,0,-1.1842208,0.23429413
71,20,0,3357,71,0,0,-1.0261015,0.26384062
116,46,0,7692,116,0,0,-2.9935772,0.04771688
143,81,0,13508,143,0,0,-1.8299742,0.13824135
24,209,0,34522,24,0,0,-1.2246625,0.22711697
155,50,0,8401,155,0,0,-1.2933505,0.21528625
29,10,0,1665,29,0,0,-1.4779739,0.18573365
150,174,1,28866,150,0,0,-0.9509515,0.2786935
122,171,1,28338,122,0,0,-2.594316,0.06950513
37,217,0,35826,37,0,0,-1.3001552,0.21413891
21,200,1,33020,21,0,0,-3.1290007,0.04192673
105,109,0,18101,105,0,0,-0.9230635,0.2843341
147,86,0,14338,147,0,0,-2.184461,0.10115459
101,104,0,17266,101,0,0,-2.775333,0.058671784
163,21,0,3627,163,0,0,-1.6773436,0.15744755
164,17,1,2966,164,0,0,-3.246972,0.037435845
100,206,0,34101,100,0,0,-2.7624493,0.0593874
156,166,0,27543,156,0,0,-0.9982253,0.2692905
137,52,0,8717,137,0,0,-1.1676539,0.23727931
147,153,0,25393,147,0,0,-1.1018307,0.24939702
104,168,0,27820,104,0,0,-4.19562,0.014837921
56,36,0,6000,56,0,0,-1.8975029,0.13039136
1,199,1,32846,1,0,0,-1.334835,0.20836072
129,68,1,11348,129,0,0,-2.1701162,0.102466345
115,128,0,21224,115,0,0,-1.1748164,0.2359855
40,54,0,8955,40,0,0,-3.4013493,0.03225332
159,61,0,10224,159,0,0,-0.92860174,0.2832085
69,204,0,33722,69,0,0,-1.7421255,0.14904316
66,45,0,7480,66,0,0,-0.7435575,0.3222267
142,11,0,1955,142,0,0,-1.3813512,0.20079207
45,120,0,19842,45,0,0,-1.5806255,0.17070691
142,131,0,21755,142,0,0,-1.2304342,0.22610544
64,57,1,9468,64,0,0,-1.3523378,0.20548843
152,116,0,19290,152,0,0,-1.7274196,0.15091793
72,167,0,27620,72,0,0,-1.3955677,0.1985204
47,23,0,3844,47,0,0,-1.5411458,0.17636877
85,0,0,88,85,0,0,-1.3584297,0.20449564
8,59,0,9739,8,0,0,-2.2970798,0.0913651
17,177,1,29223,17,0,0,-1.8666456,0.13393034
43,187,0,30903,43,0,0,-0.9223437,0.2844806
164,183,1,30356,164,0,0,-1.6331177,0.16340372
125,84,1,13987,125,0,0,-1.1902847,0.23320802
65,158,0,26136,65,0,0,-1.1761354,0.23574777
0,161,0,26582,0,0,0,-1.482389,0.18506685
29,171,0,28230,29,0,0,-3.3125525,0.035143066
82,139,0,23019,82,0,0,-2.3053837,0.090678066
18,137,0,22643,18,0,0,-0.93557996,0.28179404
2,160,1,26406,2,0,0,-1.265352,0.22005396
81,159,0,26318,81,0,0,-1.6293283,0.1639224
133,20,0,3439,133,0,0,-0.8328211,0.3030489
21,115,0,18995,21,0,0,-1.6668694,0.15884201
25,116,0,19176,25,0,0,-1.4123025,0.19587114
43,36,0,5988,43,0,0,-1.7480321,0.14829558
14,150,0,24752,14,0,0,-1.4468582,0.19048557
67,152,0,25139,67,0,0,-2.8634386,0.0539908
102,31,1,5230,102,0,0,-1.229837,0.22620997
117,68,0,11341,117,0,0,-2.3907013,0.08388452
73,53,1,8814,73,0,0,-1.7074144,0.15349938
153,13,0,2297,153,0,0,-1.5729284,0.17179932
108,131,0,21725,108,0,0,-1.4626269,0.18806587
105,49,0,8201,105,0,0,-2.0674334,0.11230265
47,182,1,30079,47,0,0,-1.9216743,0.12767498
62,20,0,3373,62,0,0,-1.2692575,0.21938437
67,212,0,35039,67,0,0,-1.0050967,0.26794052
78,206,0,34068,78,0,0,-2.9102414,0.05164961
18,108,0,17858,18,0,0,-3.0374856,0.04576084
80,91,1,15095,80,0,0,-2.9755762,0.04854154
88,141,0,23350,88,0,0,-1.5863571,0.16989705
39,199,1,32849,39,0,0,-1.5066247,0.18143955
26,127,0,20964,26,0,0,-1.268868,0.2194511
112,58,0,9678,112,0,0,-1.5333395,0.1775056
156,147,0,24408,156,0,0,-1.5306149,0.17790374
145,31,0,5261,145,0,0,-1.1517768,0.2401647
135,126,0,20923,135,0,0,-1.2279553,0.2265395
121,117,0,19425,121,0,0,-4.222439,0.014450949
86,15,0,2557,86,0,0,-1.1420131,0.24195094
22,166,1,27393,22,0,0,-0.89625096,0.28982154
35,69,1,11410,35,0,0,-1.9377744,0.12589256
120,192,0,31798,120,0,0,-0.9476431,0.27935907
8,47,0,7759,8,0,0,-1.429352,0.19319966
124,46,0,7712,124,0,0,-1.1486201,0.24074121
3,116,0,19150,3,0,0,-1.7520778,0.14778532
24,16,0,2677,24,0,0,-0.9575028,0.27737847
146,114,0,18954,146,0,0,-2.158824,0.10350953
18,121,1,20003,18,0,0,-1.4799016,0.18544228
87,75,1,12462,87,0,0,-1.8291962,0.13833405
80,36,0,6020,80,0,0,-1.6735952,0.15794544
110,41,0,6884,110,0,0,-1.0845742,0.25264135
156,183,0,30348,156,0,0,-1.5076373,0.18128921
117,217,0,35926,117,0,0,-1.1755621,0.23585108
72,185,0,30590,72,0,0,-1.302383,0.21376425
46,35,1,5818,46,0,0,-1.1650393,0.23775283
43,1,0,213,43,0,0,-1.0075336,0.26746282
86,45,1,7507,86,0,0,-2.296136,0.09144349
16,207,0,34177,16,0,0,-1.4833827,0.18491703
109,112,0,18592,109,0,0,-2.9755654,0.048542034
120,70,0,11668,120,0,0,-2.3596265,0.08630364
130,206,0,34120,130,0,0,-2.119307,0.107234396
93,54,0,9005,93,0,0,-2.961805,0.049181525
92,104,0,17252,92,0,0,-2.0551896,0.11352905
39,212,0,34994,39,0,0,-1.2663143,0.21988884
160,25,1,4289,160,0,0,-1.0981977,0.25007775
58,73,0,12116,58,0,0,-1.9651101,0.12291508
55,56,0,9316,55,0,0,-1.3999951,0.1978169
154,109,0,18145,154,0,0,-1.0718429,0.25505278
19,179,0,29568,19,0,0,-1.9369056,0.1259882
28,192,0,31714,28,0,0,-1.1057277,0.24866824
39,182,0,30044,39,0,0,-1.6132011,0.16614465
36,174,0,28733,36,0,0,-1.8756809,0.13288575
61,197,0,32566,61,0,0,-2.5410483,0.073030174
135,133,0,22078,135,0,0,-1.2789099,0.21773584
1,15,0,2486,1,0,0,-1.5785112,0.17100643
114,132,0,21887,114,0,0,-1.5760293,0.17135857
103,5,0,942,103,0,0,-1.6151624,0.16587313
42,49,0,8125,42,0,0,-1.529954,0.17800042
128,4,0,786,128,0,0,-0.9155309,0.28586936
11,62,0,10261,11,0,0,-1.177558,0.23549157
139,129,0,21423,139,0,0,-1.1846697,0.2342136
76,67,0,11119,76,0,0,-1.031651,0.26276416
83,159,1,26316,83,0,0,-1.5572677,0.17403907
9,174,0,28734,9,0,0,-0.96970576,0.27493915
45,53,1,8787,45,0,0,-1.5595508,0.17371112
10,148,0,24450,10,0,0,-1.3472583,0.20631896
3,61,0,10075,3,0,0,-0.5081171,0.37563503
156,104,0,17313,156,0,0,-2.222803,0.09772137
140,43,0,7236,140,0,0,-3.1250806,0.042084478
143,169,0,28028,143,0,0,-1.7523551,0.1477504
81,202,0,33413,81,0,0,-1.8618724,0.13448495
116,192,0,31782,116,0,0,-1.2561824,0.22163177
134,169,0,28019,134,0,0,-1.1891184,0.23341665
82,132,0,21864,82,0,0,-0.879309,0.29332098
161,168,0,27877,161,0,0,-1.7019374,0.1542124
38,199,1,32864,38,0,0,-1.3773947,0.20142776
118,169,0,27998,118,0,0,-1.7022791,0.15416783
163,92,0,15342,163,0,0,-1.0125743,0.26647636
80,156,0,25820,80,0,0,-1.2161007,0.22862339
10,153,0,25275,10,0,0,-1.5961206,0.16852452
93,191,0,31610,93,0,0,-1.3134882,0.21190372
79,13,0,2224,79,0,0,-1.5994301,0.16806129
142,59,0,9875,142,0,0,-2.2606835,0.0944319
130,75,0,12505,130,0,0,-1.9329765,0.1264215
53,193,1,31897,53,0,0,-1.4360144,0.1921633
149,216,0,35787,149,0,0,-1.3401761,0.2074811
64,15,0,2538,64,0,0,-1.3033886,0.21359527
9,42,0,6954,9,0,0,-1.1839042,0.23435095
17,192,0,31698,17,0,0,-1.5450819,0.17579773
4,24,0,3968,4,0,0,-3.4024835,0.032217942
1,37,0,6116,1,0,0,-3.158887,0.040742535
106,129,0,21388,106,0,0,-1.0761688,0.25423172
53,88,0,14572,53,0,0,-1.9332883,0.12638706
155,93,0,15496,155,0,0,-1.6199579,0.16521068
126,177,0,29334,126,0,0,-1.3159363,0.21149518
23,212,0,34985,23,0,0,-1.1972482,0.23196511
13,89,0,14724,13,0,0,-1.5430999,0.1760851
60,193,1,31917,60,0,0,-1.5633488,0.17316665
59,108,0,17876,59,0,0,-1.5492058,0.17520101
121,179,0,29655,121,0,0,-2.1156664,0.10758343
62,9,0,1558,62,0,0,-1.5404532,0.1764694
35,140,0,23125,35,0,0,-1.4748921,0.18620017
83,184,1,30441,83,0,0,-0.68443525,0.33527213
70,206,0,34060,70,0,0,-2.9857528,0.04807368
138,214,1,35446,138,0,0,-0.77107245,0.31624717
116,50,0,8352,116,0,0,-1.16343,0.2380446
142,203,0,33635,142,0,0,-1.0578148,0.25772727
28,151,0,24949,28,0,0,-1.4808316,0.18530184
76,149,0,24649,76,0,0,-1.5538502,0.17453088
103,117,0,19422,103,0,0,-4.2513504,0.014044914
150,74,0,12366,150,0,0,-1.6539452,0.16057646
52,181,0,29916,52,0,0,-1.0537642,0.25850293
63,32,0,5355,63,0,0,-1.9450281,0.12509651
95,133,0,22039,95,0,0,-1.3659282,0.20327851
110,198,0,32789,110,0,0,-2.2124772,0.098635614
67,160,0,26459,67,0,0,-1.8773506,0.13269348
47,10,0,1699,47,0,0,-2.010973,0.118055634
106,177,0,29308,106,0,0,-1.3419325,0.20719244
149,63,0,10542,149,0,0,-1.117692,0.24643965
92,9,0,1577,92,0,0,-1.7544813,0.14748286
112,10,0,1758,112,0,0,-1.934547,0.12624815
47,71,0,11764,47,0,0,-1.6630414,0.15935415
80,39,0,6515,80,0,0,-1.304939,0.21333496
3,36,0,5950,3,0,0,-1.9764543,0.12169732
50,16,0,2698,50,0,0,-1.1817002,0.23474663
31,202,0,33349,31,0,0,-1.5579462,0.17394155
58,98,0,16241,58,0,0,-2.310893,0.09022481
22,140,1,23103,22,0,0,-1.5324535,0.17763498
1,200,0,33011,1,0,0,-0.98750335,0.2714055
79,155,0,25654,79,0,0,-1.6884544,0.15597922
110,149,0,24704,110,0,0,-1.476785,0.18591353
123,62,0,10354,123,0,0,-1.6192493,0.16530842
138,211,1,34951,138,0,0,-0.96064425,0.27674922
9,30,0,4974,9,0,0,-1.468559,0.18716173
58,79,0,13106,58,0,0,-1.1395226,0.24240804
160,96,0,16004,160,0,0,-1.2057984,0.23044533
80,212,0,35060,80,0,0,-1.1533511,0.23987752
116,96,0,15942,116,0,0,-1.278713,0.21776938
28,0,0,34,28,0,0,-1.3684897,0.20286396
126,115,0,19104,126,0,0,-1.5764668,0.17129645
163,197,0,32667,163,0,0,-2.2930431,0.09170077
87,79,0,13122,87,0,0,-1.7021778,0.15418105
32,181,0,29897,32,0,0,-2.0673292,0.11231304
1,160,0,26411,1,0,0,-1.3107598,0.21235973
54,49,1,8138,54,0,0,-1.6593413,0.15985043
40,17,0,2850,40,0,0,-3.4762337,0.029996071
79,157,0,25984,79,0,0,-1.2728598,0.21876809
131,201,0,33296,131,0,0,-1.3627408,0.20379522
86,191,0,31597,86,0,0,-0.88923675,0.29126737
91,167,0,27646,91,0,0,-1.7807443,0.14421125
124,94,0,15632,124,0,0,-1.9579027,0.123694204
12,21,0,3466,12,0,0,-2.005311,0.11864643
17,113,0,18663,17,0,0,-1.3872046,0.19985439
130,18,0,3100,130,0,0,-1.741214,0.14915879
141,69,0,11527,141,0,0,-1.4459002,0.19063333
77,14,0,2364,77,0,0,-1.3780355,0.20132469
164,147,0,24416,164,0,0,-1.5332139,0.17752394
137,54,0,9047,137,0,0,-4.232444,0.014309146
100,198,0,32781,100,0,0,-2.7740269,0.058743957
160,115,0,19139,160,0,0,-1.7734303,0.14511625
13,43,0,7134,13,0,0,-4.106271,0.016202241
8,44,0,7264,8,0,0,-1.2736173,0.21863866
44,4,0,704,44,0,0,-0.94960815,0.27896363
95,25,0,4219,95,0,0,-2.385363,0.08429567
7,41,0,6765,7,0,0,-1.250349,0.22263972
2,109,0,17991,2,0,0,-0.94068223,0.28076255
29,120,0,19815,29,0,0,-0.96659607,0.27555948
56,183,0,30255,56,0,0,-1.2075369,0.23013715
62,18,0,3043,62,0,0,-1.9447699,0.12512477
85,112,0,18568,85,0,0,-1.2477362,0.22309226
41,68,0,11266,41,0,0,-2.277279,0.09302228
118,198,1,32783,118,0,0,-2.416203,0.08194545
65,149,0,24651,65,0,0,-1.3712692,0.20241486
72,41,0,6830,72,0,0,-1.1263518,0.24483499
52,212,1,35031,52,0,0,-1.200407,0.23140281
54,80,0,13253,54,0,0,-1.8109229,0.14052662
67,83,0,13754,67,0,0,-3.721396,0.023628352
90,62,0,10320,90,0,0,-1.506628,0.18143906
100,149,0,24696,100,0,0,-2.108875,0.1082372
12,23,0,3796,12,0,0,-0.72279036,0.32677883
46,110,0,18193,46,0,0,-0.97980714,0.27293006
124,151,0,25037,124,0,0,-1.5506618,0.1749907
116,5,0,927,116,0,0,-1.7532651,0.14763585
82,215,1,35559,82,0,0,-0.9695069,0.2749788
0,105,0,17342,0,0,0,-2.8107672,0.056745104
55,104,0,17236,55,0,0,-2.9293456,0.050721824
148,49,0,8234,148,0,0,-2.8914855,0.052576076
14,176,0,29042,14,0,0,-1.995471,0.11967926
81,104,0,17243,81,0,0,-2.2521074,0.09516784
51,16,0,2690,51,0,0,-1.4701533,0.18691932
7,184,0,30360,7,0,0,-0.65361553,0.34217525
98,25,1,4222,98,0,0,-3.1537862,0.040942352
57,117,0,19379,57,0,0,-2.964048,0.04907675
23,41,0,6770,23,0,0,-1.1500335,0.24048297
55,53,1,8821,55,0,0,-1.2800093,0.21754864
61,46,0,7651,61,0,0,-2.4817963,0.07714422
155,83,0,13846,155,0,0,-3.6792326,0.024620852
145,179,0,29681,145,0,0,-1.4246428,0.19393477
113,136,0,22541,113,0,0,-0.9270493,0.28352374
127,142,0,23555,127,0,0,-2.0181475,0.11731068
160,42,0,7094,160,0,0,-0.92449665,0.28404257
158,102,0,16988,158,0,0,-1.6858058,0.15632822
3,45,0,7435,3,0,0,-1.1242449,0.24522474
122,29,0,4908,122,0,0,-1.4852421,0.18463694
29,30,0,4965,29,0,0,-1.9559014,0.1239113
125,107,0,17782,125,0,0,-2.2657943,0.093995765
72,60,1,9965,72,0,0,-1.6876972,0.15607892
135,3,0,628,135,0,0,-1.1247882,0.2451242
101,142,0,23536,101,0,0,-1.8133881,0.14022914
112,95,0,15783,112,0,0,-2.0060527,0.11856889
47,108,0,17869,47,0,0,-2.1108162,0.108049974
23,26,0,4295,23,0,0,-1.6820457,0.15682477
28,34,0,5644,28,0,0,-1.7402992,0.14927493
34,86,0,14203,34,0,0,-3.9558783,0.018782321
42,37,0,6145,42,0,0,-3.445741,0.030896127
73,184,1,30429,73,0,0,-0.66857207,0.33881664
70,51,0,8485,70,0,0,-1.7928779,0.14272025
23,197,0,32510,23,0,0,-2.6333873,0.067020334
150,210,0,34806,150,0,0,-1.2946479,0.21506713
145,196,0,32486,145,0,0,-3.0711036,0.044315066
39,87,0,14369,39,0,0,-2.9810812,0.048287913
13,127,0,20994,13,0,0,-2.0996447,0.109131366
105,6,0,1106,105,0,0,-1.7810965,0.1441678
8,92,0,15184,8,0,0,-0.8367177,0.3022265
125,206,0,34117,125,0,0,-2.4223413,0.08148485
4,13,1,2153,4,0,0,-0.93434215,0.28204462
39,104,0,17174,39,0,0,-1.7611046,0.14665206
31,87,1,14374,31,0,0,-2.1615236,0.10325929
40,165,0,27270,40,0,0,-2.2886043,0.09207116
86,153,1,25327,86,0,0,-1.2784872,0.21780784
130,153,0,25375,130,0,0,-1.2047784,0.23062626
91,156,1,25831,91,0,0,-1.3584566,0.20449126
21,84,0,13880,21,0,0,-1.2280188,0.22652838
80,7,0,1235,80,0,0,-1.4641194,0.18783808
35,45,0,7450,35,0,0,-0.9246677,0.28400776
162,11,0,1978,162,0,0,-1.3552282,0.20501694
54,75,1,12428,54,0,0,-1.7756717,0.14483841
106,64,0,10663,106,0,0,-2.3343124,0.08832081
133,204,0,33799,133,0,0,-1.0739019,0.25466177
104,209,0,34585,104,0,0,-1.5528882,0.17466952
53,47,0,7807,53,0,0,-1.2351601,0.22527955
133,158,0,26209,133,0,0,-1.2428694,0.22393693
153,91,0,15167,153,0,0,-2.3618305,0.08613001
8,78,0,12874,8,0,0,-1.5819821,0.17051494
108,24,0,4070,108,0,0,-2.3097491,0.090318754
156,176,0,29193,156,0,0,-1.8148198,0.14005661
59,11,0,1871,59,0,0,-1.5522101,0.17476729
56,118,0,19530,56,0,0,-1.9789028,0.12143584
63,95,0,15750,63,0,0,-1.8123274,0.14035708
102,69,1,11500,102,0,0,-1.9776666,0.1215678
31,99,0,16354,31,0,0,-1.4115634,0.19598758
148,191,0,31664,148,0,0,-1.6052761,0.16724549
135,34,0,5743,135,0,0,-1.9672005,0.122689895
40,20,1,3345,40,0,0,-1.5078452,0.18125837
51,145,1,23975,51,0,0,-2.1486037,0.104461774
118,113,0,18758,118,0,0,-1.4203284,0.1946101
24,205,0,33862,24,0,0,-2.1177287,0.10738559
15,72,1,11892,15,0,0,-1.9296849,0.12678546
23,67,0,11060,23,0,0,-1.6804342,0.15703797
20,150,0,24757,20,0,0,-2.0538979,0.11365911
55,131,0,21691,55,0,0,-1.3604133,0.20417313
36,3,1,518,36,0,0,-1.0442133,0.26033786
161,4,0,817,161,0,0,-1.8913686,0.1310885
49,54,0,8951,49,0,0,-2.7066238,0.06258363
149,76,0,12687,149,0,0,-1.0772412,0.25402844
149,150,0,24897,149,0,0,-2.103631,0.108744405
132,181,1,30000,132,0,0,-1.1426575,0.24183278
44,25,1,4169,44,0,0,-2.3534155,0.086794674
22,186,0,30693,22,0,0,-1.0911894,0.25139436
70,137,0,22675,70,0,0,-1.1040982,0.2489728
22,130,1,21453,22,0,0,-0.84558827,0.30035913
110,46,0,7709,110,0,0,-1.1202538,0.24596421
96,68,1,11319,96,0,0,-2.7960124,0.05754004
58,157,0,25976,58,0,0,-1.2226253,0.22747478
124,177,0,29327,124,0,0,-1.200907,0.23131391
12,174,1,28711,12,0,0,-0.6893867,0.3341695
75,104,0,17227,75,0,0,-2.6380796,0.06672753
111,58,0,9684,111,0,0,-1.5188322,0.17963354
24,78,0,12907,24,0,0,-2.2423413,0.09601214
130,135,0,22405,130,0,0,-1.3167288,0.21136305
32,62,0,10262,32,0,0,-1.8951678,0.13065636
119,9,0,1590,119,0,0,-1.902103,0.12987065
48,177,0,29252,48,0,0,-1.2255826,0.2269555
66,90,0,14905,66,0,0,-1.887671,0.13151024
22,75,0,12378,22,0,0,-1.6280808,0.16409343
119,157,0,26010,119,0,0,-1.2268815,0.2267277
57,157,0,25979,57,0,0,-1.2647161,0.2201631
62,147,0,24328,62,0,0,-1.7016492,0.15425
91,188,0,31111,91,0,0,-1.6258132,0.1644047
99,182,1,30128,99,0,0,-1.7005844,0.15438895
88,208,0,34405,88,0,0,-2.2816367,0.092655264
45,190,0,31392,45,0,0,-3.811466,0.02163721
92,73,0,12137,92,0,0,-2.3107517,0.09023642
163,174,0,28872,163,0,0,-1.1807263,0.23492163
146,215,1,35619,146,0,0,-1.0037234,0.26821
19,133,0,21978,19,0,0,-1.4251151,0.19386095
62,141,0,23338,62,0,0,-1.8808136,0.13229544
43,37,0,6153,43,0,0,-2.3798199,0.08472453
16,54,0,8932,16,0,0,-6.134182,0.0021628097
17,139,0,22953,17,0,0,-1.91221,0.12873277
124,156,1,25862,124,0,0,-1.2077246,0.23010391
88,210,0,34735,88,0,0,-1.2697299,0.2193035
73,6,0,1059,73,0,0,-1.9048502,0.1295605
75,23,0,3862,75,0,0,-1.1588016,0.23888512
161,147,0,24412,161,0,0,-2.3791292,0.08477811
87,129,1,21372,87,0,0,-1.7002285,0.15443543
71,119,0,19692,71,0,0,-3.9486475,0.018916046
27,190,1,31385,27,0,0,-4.2038035,0.01471877
38,88,0,14549,38,0,0,-1.4712484,0.18675295
63,100,0,16575,63,0,0,-3.6644182,0.02497913
127,168,0,27845,127,0,0,-1.4249136,0.19389243
108,110,0,18260,108,0,0,-1.0219499,0.26464775
54,109,1,18038,54,0,0,-1.034447,0.2622229
14,55,0,9077,14,0,0,-2.0748382,0.11156658
94,76,0,12633,94,0,0,-1.189244,0.23339416
58,39,0,6506,58,0,0,-1.5327117,0.17759727
109,56,0,9352,109,0,0,-1.2504029,0.2226304
86,111,0,18397,86,0,0,-1.7450054,0.14867827
101,120,0,19906,101,0,0,-0.99264663,0.27038965
94,140,0,23193,94,0,0,-1.3695583,0.20269121
21,203,0,33515,21,0,0,-1.5687923,0.17238863
158,182,1,30188,158,0,0,-1.2936165,0.2152413
19,79,0,13068,19,0,0,-0.6374594,0.34582108
2,214,0,35316,2,0,0,-0.74602693,0.32168764
128,177,0,29331,128,0,0,-1.3593757,0.20434178
125,154,0,25537,125,0,0,-1.667563,0.15874937
114,202,0,33437,114,0,0,-1.5069029,0.18139823
117,212,0,35101,117,0,0,-1.1091609,0.24802735
55,179,0,29611,55,0,0,-1.2704203,0.21918531
94,197,0,32598,94,0,0,-1.2440934,0.22372428
43,15,0,2523,43,0,0,-1.1715119,0.23658182
21,56,1,9260,21,0,0,-1.3448257,0.20671758
12,158,0,26071,12,0,0,-1.1975138,0.23191778
100,74,0,12321,100,0,0,-1.6564982,0.16023263
127,20,0,3425,127,0,0,-1.0927434,0.25110203
5,28,0,4648,5,0,0,-7.5864305,0.00050703133
48,136,0,22487,48,0,0,-0.76927215,0.31663656
138,120,0,19936,138,0,0,-1.1722332,0.23645155
125,135,0,22402,125,0,0,-1.0102327,0.2669343
68,179,0,29603,68,0,0,-2.5421329,0.072956786
113,207,0,34256,113,0,0,-1.2477274,0.2230938
145,174,0,28856,145,0,0,-0.94685173,0.2795184
130,123,0,20425,130,0,0,-0.8585524,0.29764187
132,201,1,33300,132,0,0,-1.5027893,0.18200989
52,119,0,19686,52,0,0,-3.9017382,0.019806532
23,182,1,30035,23,0,0,-1.1866488,0.23385882
56,0,0,60,56,0,0,-1.3029187,0.21367422
79,201,0,33244,79,0,0,-1.0918906,0.25126243
161,118,1,19627,161,0,0,-1.4802551,0.1853889
9,11,0,1839,9,0,0,-1.3257818,0.20985796
41,34,0,5656,41,0,0,-1.6907494,0.15567732
65,192,0,31746,65,0,0,-1.4627352,0.18804935
48,26,0,4337,48,0,0,-2.1119792,0.10793794
75,51,0,8482,75,0,0,-1.9176788,0.12812063
29,197,0,32520,29,0,0,-1.4499066,0.19001594
16,132,0,21802,16,0,0,-0.4994699,0.37766525
25,117,0,19341,25,0,0,-3.554772,0.027793342
146,73,0,12189,146,0,0,-2.3697534,0.08550842
80,44,0,7340,80,0,0,-1.5994105,0.16806401
96,82,0,13629,96,0,0,-1.2606206,0.22086708
74,44,0,7337,74,0,0,-1.2700558,0.2192477
145,53,0,8891,145,0,0,-1.3204603,0.21074171
139,41,0,6903,139,0,0,-1.2171552,0.22843747
138,139,0,23071,138,0,0,-2.0928757,0.1097912
0,172,0,28397,0,0,0,-1.6435037,0.16198888
73,0,0,69,73,0,0,-1.406836,0.19673358
95,27,0,4549,95,0,0,-1.2535737,0.22208214
117,160,0,26521,117,0,0,-1.6859815,0.15630504
123,113,0,18769,123,0,0,-1.2379823,0.2247874
93,79,0,13130,93,0,0,-1.2032094,0.23090477
115,15,0,2579,115,0,0,-1.3507543,0.20574708
73,81,0,13434,73,0,0,-2.4718826,0.07785297
104,137,1,22705,104,0,0,-1.2043295,0.23070592
8,88,0,14524,8,0,0,-1.5627713,0.17324933
163,216,0,35802,163,0,0,-1.3614745,0.20400076
108,153,1,25355,108,0,0,-1.44349,0.19100548
144,37,0,6250,144,0,0,-2.8662913,0.053845283
60,20,0,3372,60,0,0,-1.3045247,0.2134045
112,59,0,9843,112,0,0,-2.4832697,0.07703939
102,215,1,35590,102,0,0,-0.86584526,0.29611954
132,189,0,31320,132,0,0,-3.275031,0.036437772
12,58,0,9571,12,0,0,-1.3324099,0.20876102
54,168,1,27773,54,0,0,-1.5204029,0.1794022
114,87,1,14462,114,0,0,-3.2635715,0.036842264
49,117,1,19346,49,0,0,-4.321979,0.013099709
1,135,1,22286,1,0,0,-0.8568093,0.29800642
140,162,0,26871,140,0,0,-1.3655472,0.20334022
17,131,1,21633,17,0,0,-1.4549003,0.18924856
53,21,0,3517,53,0,0,-1.8365939,0.13745463
152,86,0,14340,152,0,0,-2.479538,0.07730515
59,177,1,29261,59,0,0,-2.007708,0.118396
140,189,0,31326,140,0,0,-2.3370566,0.08810009
116,78,0,12972,116,0,0,-1.8934383,0.13085292
162,33,0,5608,162,0,0,-1.3366113,0.20806788
103,189,0,31302,103,0,0,-4.1826353,0.015028929
131,132,0,21911,131,0,0,-1.773603,0.14509484
118,93,0,15458,118,0,0,-2.1286645,0.10634184
36,91,0,15038,36,0,0,-4.4262934,0.011817412
143,95,0,15818,143,0,0,-1.7129436,0.1527823
27,215,0,35510,27,0,0,-0.7558568,0.31954646
80,153,0,25325,80,0,0,-1.1155558,0.24683657
7,157,0,25905,7,0,0,-1.1336205,0.24349357
43,93,0,15393,43,0,0,-1.8920772,0.1310078
111,188,0,31134,111,0,0,-1.5835721,0.17029017
41,81,0,13411,41,0,0,-2.3201482,0.08946798
7,69,0,11385,7,0,0,-1.6378796,0.16275379
76,128,1,21184,76,0,0,-0.81144196,0.3075833
32,87,0,14387,32,0,0,-2.2012496,0.09963833
62,33,0,5518,62,0,0,-1.3284712,0.20941237
140,178,1,29511,140,0,0,-1.0061626,0.2677315
13,51,0,8454,13,0,0,-1.9034069,0.12972337
91,108,0,17911,91,0,0,-3.4716191,0.03013063
36,214,0,35333,36,0,0,-0.8247785,0.30475026
3,41,0,6775,3,0,0,-1.154697,0.23963222
41,103,0,17041,41,0,0,-0.9805968,0.27277339
65,205,0,33891,65,0,0,-2.9160495,0.05136586
153,151,0,25067,153,0,0,-1.5240605,0.17886437
4,88,0,14528,4,0,0,-1.6708226,0.15831453
61,72,0,11941,61,0,0,-2.0219486,0.116917655
95,118,0,19564,95,0,0,-2.1311617,0.10610476
49,151,0,24956,49,0,0,-1.5074604,0.18131547
108,42,0,7040,108,0,0,-1.6409943,0.16232981
28,106,0,17524,28,0,0,-1.6783433,0.15731497
141,39,0,6577,141,0,0,-1.5920529,0.16909526
41,95,0,15721,41,0,0,-1.7464697,0.14849302
54,206,0,34043,54,0,0,-2.4919257,0.076426156
52,57,0,9456,52,0,0,-1.4978006,0.18275379
70,80,0,13270,70,0,0,-1.4842463,0.1847869
142,178,0,29510,142,0,0,-1.4056861,0.19691536
103,157,1,26022,103,0,0,-1.2955441,0.21491589
111,110,0,18264,111,0,0,-1.2595248,0.2210557
27,188,1,31055,27,0,0,-2.1268609,0.106513366
33,171,0,28241,33,0,0,-1.4584072,0.18871106
0,11,0,1832,0,0,0,-1.6257043,0.16441968
67,59,0,9794,67,0,0,-4.3264914,0.013041501
125,59,0,9862,125,0,0,-4.1907234,0.014909669
51,208,0,34370,51,0,0,-2.6810827,0.064098895
144,5,1,970,144,0,0,-1.687496,0.15610543
53,183,1,30247,53,0,0,-1.3253155,0.2099353
90,27,0,4545,90,0,0,-1.3984876,0.19805622
124,170,1,28172,124,0,0,-3.0830438,0.043812126
2,206,0,33996,2,0,0,-3.1487286,0.041141402
53,101,1,16717,53,0,0,-1.9206307,0.12779126
116,1,0,267,116,0,0,-1.1543173,0.2397014
92,197,0,32597,92,0,0,-1.30458,0.21339522
133,203,0,33634,133,0,0,-1.1836088,0.23440395
147,65,0,10873,147,0,0,-1.502332,0.18207797
62,149,0,24658,62,0,0,-1.5912399,0.16920952
147,157,0,26053,147,0,0,-1.1239214,0.24528463
116,53,0,8847,116,0,0,-1.0689621,0.2556005
64,163,0,26958,64,0,0,-1.642952,0.16206379
78,53,1,8823,78,0,0,-1.6132262,0.16614118
49,105,1,17366,49,0,0,-1.9048638,0.12955898
80,55,0,9155,80,0,0,-1.6400149,0.16246304
145,57,1,9551,145,0,0,-1.5853775,0.17003526
101,18,0,3076,101,0,0,-2.685052,0.06386119
63,205,0,33900,63,0,0,-2.7829561,0.058252174
85,171,0,28303,85,0,0,-2.3288233,0.08876379
84,134,1,22196,84,0,0,-1.9638214,0.12305408
155,154,0,25561,155,0,0,-1.7706373,0.1454631
131,17,0,2936,131,0,0,-2.6256673,0.067504674
127,171,0,28340,127,0,0,-2.5024478,0.07568675
76,2,0,394,76,0,0,-2.3565462,0.08654685
47,82,0,13579,47,0,0,-1.399801,0.1978477
98,134,0,22207,98,0,0,-2.1065054,0.10846614
46,151,0,24958,46,0,0,-1.5492256,0.17519815
100,108,0,17931,100,0,0,-1.3552985,0.20500548
39,155,0,25589,39,0,0,-0.9213832,0.28467613
89,135,1,22364,89,0,0,-0.86251354,0.29681447
91,158,0,26161,91,0,0,-1.2481551,0.22301966
102,91,0,15130,102,0,0,-3.2408087,0.037658572
118,106,1,17603,118,0,0,-1.9656334,0.12285868
0,42,0,6947,0,0,0,-2.615241,0.06816395
106,28,0,4723,106,0,0,-5.5285087,0.0039561945
99,95,0,15773,99,0,0,-1.8363032,0.1374891
76,15,0,2539,76,0,0,-1.2265601,0.22678405
87,144,0,23847,87,0,0,-1.0245563,0.26414084
161,157,0,26062,161,0,0,-1.4109201,0.19608897
103,42,1,7047,103,0,0,-1.6074126,0.16694815
161,78,0,13027,161,0,0,-1.3841708,0.20033999
0,189,0,31202,0,0,0,-4.737967,0.00868042
69,29,0,4847,69,0,0,-1.3781002,0.2013143
47,179,0,29584,47,0,0,-2.245751,0.09571661
145,125,1,20771,145,0,0,-1.7227428,0.15151821
100,29,0,4896,100,0,0,-1.464324,0.18780687
28,84,1,13894,28,0,0,-1.5183051,0.17971124
106,151,0,25018,106,0,0,-1.5533626,0.17460114
151,130,0,21604,151,0,0,-1.1549469,0.23958667
61,2,0,391,61,0,0,-2.6098366,0.06850803
154,136,0,22600,154,0,0,-0.896264,0.28981885
108,204,0,33770,108,0,0,-3.2571204,0.03707187
151,63,0,10549,151,0,0,-1.1820693,0.23468034
56,208,0,34380,56,0,0,-4.0645504,0.016880851
29,16,1,2655,29,0,0,-1.077647,0.25395155
120,186,0,30808,120,0,0,-2.4409997,0.08009922
63,87,0,14430,63,0,0,-3.08614,0.043682605
108,190,0,31460,108,0,0,-4.2946525,0.01345773
14,95,0,15677,14,0,0,-1.5328591,0.17757575
14,48,0,7922,14,0,0,-1.4969573,0.18287978
47,152,0,25129,47,0,0,-2.7757692,0.058647692
65,213,0,35211,65,0,0,-0.8156303,0.306692
124,191,0,31637,124,0,0,-1.5144708,0.18027717
52,26,0,4341,52,0,0,-1.433064,0.19262172
132,177,1,29340,132,0,0,-1.3537972,0.20525026
91,98,0,16261,91,0,0,-2.5498507,0.07243652
31,173,1,28564,31,0,0,-1.4234152,0.19412675
6,167,0,27571,6,0,0,-1.2927167,0.21539333
140,29,0,4926,140,0,0,-1.3851223,0.2001876
3,188,0,31030,3,0,0,-1.8133719,0.14023109
28,85,1,14059,28,0,0,-1.4690282,0.18709037
6,215,0,35491,6,0,0,-0.98706776,0.27149165
52,90,1,14901,52,0,0,-2.0430262,0.114758946
69,100,0,16562,69,0,0,-4.527136,0.010695958
0,39,0,6452,0,0,0,-1.5240161,0.17887089
140,142,0,23571,140,0,0,-1.1547407,0.23962425
99,106,1,17588,99,0,0,-1.899158,0.1302038
89,194,0,32099,89,0,0,-1.9065931,0.12936409
16,191,1,31537,16,0,0,-2.2279782,0.09726602
107,55,0,9184,107,0,0,-2.7554393,0.059780195
163,98,0,16332,163,0,0,-1.5676305,0.17255445
104,166,0,27490,104,0,0,-0.82573104,0.30454847
10,104,0,17190,10,0,0,-1.9367115,0.12600957
37,54,0,8931,37,0,0,-4.674212,0.009246579
2,78,0,12876,2,0,0,-1.4673924,0.18733928
19,188,1,31053,19,0,0,-1.6834078,0.15664475
76,199,1,32899,76,0,0,-1.4312654,0.19290161
97,19,1,3231,97,0,0,-1.3109243,0.21233222
70,87,0,14425,70,0,0,-2.919056,0.05121956
107,3,0,604,107,0,0,-1.0642936,0.25648978
69,54,0,8972,69,0,0,-3.9400678,0.01907593
154,2,0,490,154,0,0,-2.210267,0.09883229
73,5,0,894,73,0,0,-2.0464838,0.11440816
33,123,0,20321,33,0,0,-1.2372208,0.22492012
127,198,0,32795,127,0,0,-2.3755188,0.08505866
90,194,0,32100,90,0,0,-1.1893067,0.23338296
33,141,0,23291,33,0,0,-1.5783513,0.1710291
64,140,0,23163,64,0,0,-1.9139531,0.1285374
6,85,0,14041,6,0,0,-1.4106746,0.19612768
92,108,0,17912,92,0,0,-2.4813435,0.07717646
76,11,0,1879,76,0,0,-1.1281283,0.24450669
107,6,0,1099,107,0,0,-1.954185,0.12409774
59,147,0,24311,59,0,0,-1.3018892,0.21384725
161,7,0,1312,161,0,0,-1.7528274,0.14769094
124,72,0,12002,124,0,0,-2.4072437,0.08262199
141,96,0,15982,141,0,0,-1.1753082,0.23589684
8,119,0,19639,8,0,0,-1.242162,0.22405988
135,143,1,23728,135,0,0,-1.475033,0.18617882
135,18,0,3103,135,0,0,-1.738136,0.14954984
64,101,1,16728,64,0,0,-1.8735406,0.13313258
100,120,0,19911,100,0,0,-1.0108087,0.26682162
21,197,0,32525,21,0,0,-1.3045051,0.21340778
97,186,0,30786,97,0,0,-2.1778684,0.1017556
23,128,0,21125,23,0,0,-0.97737247,0.27341345
58,173,0,28616,58,0,0,-1.3383341,0.20778415
54,8,0,1373,54,0,0,-1.0413017,0.2608989
17,160,0,26418,17,0,0,-1.6015389,0.16776665
91,178,0,29461,91,0,0,-1.6796753,0.15713847
64,5,0,888,64,0,0,-2.064091,0.11263629
83,168,0,27801,83,0,0,-1.6274202,0.16418408
75,122,0,20197,75,0,0,-2.0828357,0.11077633
164,48,0,8081,164,0,0,-1.9882555,0.12044154
112,48,0,8028,112,0,0,-2.170238,0.10245515
20,215,1,35482,20,0,0,-1.1626047,0.23819432
34,189,0,31198,34,0,0,-3.2901895,0.035909284
109,180,0,29812,109,0,0,-1.942158,0.12541097
157,211,0,34970,157,0,0,-1.4151196,0.1954278
60,130,0,21522,60,0,0,-0.9658462,0.2757092
31,141,1,23284,31,0,0,-1.7429962,0.14893275
57,214,0,35384,57,0,0,-0.7680703,0.31689668
11,106,1,17521,11,0,0,-1.3469858,0.20636359
34,184,0,30373,34,0,0,-1.5269983,0.1784333
136,155,0,25707,136,0,0,-1.6723299,0.15811379
12,110,0,18151,12,0,0,-0.9856538,0.27177137
115,158,0,26174,115,0,0,-1.2049663,0.23059292
38,124,0,20489,38,0,0,-1.2695565,0.21933317
23,148,0,24425,23,0,0,-1.1351471,0.24321248
67,131,0,21674,67,0,0,-1.3919911,0.19909008
159,115,0,19134,159,0,0,-1.4369597,0.19201659
103,82,0,13647,103,0,0,-1.3787851,0.20120418
155,7,0,1306,155,0,0,-2.052621,0.11378782
152,146,0,24240,152,0,0,-1.5778973,0.17109348
33,38,0,6296,33,0,0,-1.0217409,0.26468843
29,52,0,8595,29,0,0,-1.5729568,0.17179528
93,75,0,12470,93,0,0,-1.9598093,0.12348769
70,162,0,26800,70,0,0,-1.2072389,0.23018996
124,53,0,8867,124,0,0,-1.3414109,0.20727813
5,81,0,13393,5,0,0,-3.0519648,0.045132726
27,15,0,2510,27,0,0,-1.4617815,0.188195
136,71,0,11847,136,0,0,-1.3615046,0.20399588
52,188,0,31071,52,0,0,-1.7418406,0.1490793
81,100,0,16583,81,0,0,-3.895147,0.019934898
122,55,0,9198,122,0,0,-2.537125,0.073296204
164,74,0,12371,164,0,0,-1.6846075,0.15648632
85,186,0,30778,85,0,0,-2.6521833,0.06585457
33,79,0,13061,33,0,0,-1.1321174,0.24377055
162,165,0,27388,162,0,0,-2.107794,0.10834159
15,78,0,12882,15,0,0,-1.9067082,0.12935111
18,54,0,8948,18,0,0,-2.3416116,0.08773484
138,57,0,9541,138,0,0,-1.660579,0.15968429
102,36,0,6055,102,0,0,-2.025279,0.11657423
60,143,1,23667,60,0,0,-1.2516279,0.22241847
101,204,0,33766,101,0,0,-1.7445908,0.14873075
42,12,0,2020,42,0,0,-0.90472245,0.288081
31,143,1,23614,31,0,0,-0.99200684,0.27051586
124,128,0,21242,124,0,0,-1.1613178,0.2384279
76,59,0,9799,76,0,0,-2.7206328,0.061766785
112,17,0,2913,112,0,0,-2.8482425,0.054772235
109,166,0,27502,109,0,0,-0.80533713,0.308885
137,211,1,34952,137,0,0,-1.537565,0.17688954
150,81,0,13521,150,0,0,-2.4803119,0.07724997
86,210,0,34732,86,0,0,-1.0528624,0.2586758
150,11,0,1971,150,0,0,-1.2521443,0.22232917
23,217,0,35810,23,0,0,-0.969526,0.274975
39,24,0,3974,39,0,0,-2.985764,0.048073165
93,101,0,16760,93,0,0,-1.8776479,0.13265927
116,69,0,11487,116,0,0,-1.7256992,0.15113853
110,81,0,13484,110,0,0,-2.196311,0.100082256
9,51,0,8439,9,0,0,-1.5995514,0.16804431
76,162,0,26794,76,0,0,-1.2575772,0.22139125
70,155,0,25645,70,0,0,-1.5831118,0.17035523
47,78,0,12919,47,0,0,-2.0595171,0.113094255
101,157,0,26011,101,0,0,-1.286264,0.21648584
92,66,1,10982,92,0,0,-1.1597555,0.23871171
139,96,0,15978,139,0,0,-1.0624883,0.2568342
60,194,0,32082,60,0,0,-1.0232124,0.26440212
122,185,1,30648,122,0,0,-1.6753271,0.15771523
106,11,0,1918,106,0,0,-1.2081764,0.23002388
66,83,0,13750,66,0,0,-3.8501296,0.0208337
29,74,0,12225,29,0,0,-1.5483084,0.17533073
121,193,1,31965,121,0,0,-1.5532591,0.17461605
24,177,0,29242,24,0,0,-1.4761088,0.18601589
133,82,0,13669,133,0,0,-1.343807,0.2068847
6,106,1,17506,6,0,0,-1.0195992,0.2651055
108,54,0,9020,108,0,0,-2.2864962,0.09224754
86,206,0,34072,86,0,0,-2.404024,0.08286637
158,90,1,15008,158,0,0,-2.021805,0.116932474
43,50,1,8298,43,0,0,-1.0421779,0.26072997
3,184,1,30370,3,0,0,-0.8310364,0.30342597
156,23,0,3948,156,0,0,-1.2816193,0.21727471
3,38,0,6280,3,0,0,-0.9975341,0.26942652
129,59,0,9863,129,0,0,-3.0334926,0.04593552
80,125,1,20705,80,0,0,-0.9713572,0.27461007
59,18,0,3026,59,0,0,-2.7320566,0.06110806
52,166,0,27441,52,0,0,-0.91387296,0.28620797
91,204,0,33751,91,0,0,-1.3669798,0.20310824
29,187,0,30870,29,0,0,-1.252579,0.22225402
79,130,0,21529,79,0,0,-1.0017796,0.26859167
152,204,0,33810,152,0,0,-2.064726,0.11257283
100,211,0,34926,100,0,0,-1.0395055,0.26124543
57,146,0,24164,57,0,0,-1.0876613,0.25205892
130,195,0,32305,130,0,0,-0.93968976,0.280963
149,14,0,2457,149,0,0,-1.7504432,0.1479913
67,62,0,10289,67,0,0,-1.7795393,0.14436002
117,175,0,28996,117,0,0,-3.0436306,0.045493256
35,117,1,19330,35,0,0,-4.546068,0.0104974685
13,178,0,29409,13,0,0,-1.4782145,0.18569726
13,96,0,15879,13,0,0,-1.2256904,0.22693661
142,158,0,26210,142,0,0,-1.1640847,0.23792587
124,107,0,17777,124,0,0,-1.7670357,0.14591135
134,123,0,20429,134,0,0,-1.0208118,0.2648693
59,46,0,7646,59,0,0,-1.365562,0.20333782
93,92,0,15275,93,0,0,-0.93624896,0.28165865
72,93,0,15410,72,0,0,-1.7841418,0.14379247
164,49,0,8246,164,0,0,-1.6101105,0.16657327
55,114,0,18886,55,0,0,-2.0042808,0.1187542
155,206,0,34141,155,0,0,-2.5294685,0.073817976
120,40,1,6718,120,0,0,-1.8184426,0.13962086
49,8,0,1361,49,0,0,-1.4160132,0.19528735
155,200,0,33151,155,0,0,-2.228221,0.09724471
29,54,0,8925,29,0,0,-2.8150482,0.056516394
26,151,0,24924,26,0,0,-1.9376781,0.12590316
97,82,0,13626,97,0,0,-1.4912429,0.18373525
93,81,0,13460,93,0,0,-2.38584,0.08425886
41,108,0,17866,41,0,0,-2.1594508,0.10345138
61,161,0,26626,61,0,0,-1.2315068,0.2259178
85,133,0,22033,85,0,0,-1.402241,0.19746074
144,206,0,34135,144,0,0,-2.6480672,0.066108234
17,111,0,18333,17,0,0,-1.9654031,0.1228835
61,122,1,20191,61,0,0,-2.1498184,0.10434819
65,28,0,4686,65,0,0,-5.5441713,0.0038949521
141,177,0,29347,141,0,0,-1.4366269,0.19206823
51,79,0,13085,51,0,0,-0.9858299,0.27173653
2,151,0,24921,2,0,0,-1.1726136,0.23638289
154,139,0,23095,154,0,0,-2.4601343,0.0787006
29,62,1,10245,29,0,0,-2.0485659,0.11419737
51,101,1,16715,51,0,0,-1.9227808,0.1275518
71,173,0,28602,71,0,0,-1.3619139,0.20392941
57,30,0,5024,57,0,0,-1.4200528,0.19465332
75,138,0,22837,75,0,0,-2.6476257,0.0661355
145,33,0,5591,145,0,0,-1.2279711,0.22653674
70,192,0,31750,70,0,0,-1.258292,0.22126806
46,18,0,3013,46,0,0,-2.8044648,0.057083383
126,171,0,28344,126,0,0,-2.6145723,0.068206444
89,35,1,5864,89,0,0,-1.1424998,0.24186169
157,21,0,3620,157,0,0,-2.183479,0.10124391
127,153,0,25370,127,0,0,-1.3121488,0.21212749
15,197,0,32517,15,0,0,-1.4182887,0.19493
81,74,0,12293,81,0,0,-1.5699334,0.17222588
91,177,0,29296,91,0,0,-1.49581,0.18305127
29,132,0,21795,29,0,0,-1.3094106,0.2125855
67,191,0,31574,67,0,0,-1.2202661,0.22788963
56,196,1,32400,56,0,0,-2.8010182,0.05726918
109,195,0,32287,109,0,0,-1.3309064,0.20900948
114,77,0,12812,114,0,0,-1.7277336,0.1508777
61,96,0,15901,61,0,0,-1.0652413,0.2563091
147,44,0,7408,147,0,0,-1.2316346,0.22589546
42,149,0,24625,42,0,0,-0.97462463,0.27395967
162,89,0,14848,162,0,0,-1.2953703,0.21494521
128,93,0,15471,128,0,0,-1.9760284,0.121742845
125,62,0,10357,125,0,0,-1.8378718,0.13730319
130,7,0,1285,130,0,0,-2.1374104,0.10551355
65,136,0,22506,65,0,0,-0.82204396,0.30532995
68,78,0,12938,68,0,0,-1.4960351,0.18301763
89,19,1,3224,89,0,0,-2.1105037,0.108080104
86,29,1,4867,86,0,0,-1.5881302,0.16964713
82,175,0,28959,82,0,0,-4.2414465,0.014182723
102,195,0,32290,102,0,0,-1.0314789,0.2627975
153,164,0,27212,153,0,0,-2.6478055,0.066124395
100,15,0,2586,100,0,0,-1.2208023,0.22779529
132,154,1,25545,132,0,0,-1.2269073,0.2267232
73,139,0,23004,73,0,0,-2.2470794,0.09560169
19,81,0,13398,19,0,0,-2.936436,0.050381515
8,160,0,26404,8,0,0,-1.2515235,0.22243653
126,86,0,14319,126,0,0,-2.3067148,0.09056837
112,121,0,20073,112,0,0,-1.3685114,0.20286046
135,180,0,29833,135,0,0,-2.0021424,0.118978165
84,55,0,9161,84,0,0,-1.7879052,0.14332974
150,105,0,17481,150,0,0,-1.5508237,0.17496733
147,87,0,14503,147,0,0,-2.5143833,0.07485599
137,134,0,22247,137,0,0,-1.5182257,0.17972295
99,141,0,23363,99,0,0,-2.2933102,0.09167853
93,22,0,3725,93,0,0,-2.0920198,0.109874874
99,137,1,22703,99,0,0,-1.5268004,0.17846231
54,211,1,34868,54,0,0,-1.3152769,0.21160518
112,80,0,13308,112,0,0,-1.639221,0.1625711
152,104,0,17310,152,0,0,-2.687692,0.063703544
149,133,0,22092,149,0,0,-1.3301761,0.20913024
38,162,0,26759,38,0,0,-1.2850544,0.21669108
87,4,1,747,87,0,0,-1.306689,0.21304142
34,29,0,4798,34,0,0,-1.0970626,0.2502907
160,190,1,31514,160,0,0,-4.9213057,0.0072368532
61,156,0,25801,61,0,0,-1.4059212,0.19687818
75,164,0,27127,75,0,0,-2.7228246,0.06163989
164,43,0,7256,164,0,0,-3.059173,0.04482309
132,10,0,1785,132,0,0,-1.6369853,0.1628757
21,185,0,30545,21,0,0,-1.6304765,0.1637651
164,182,1,30191,164,0,0,-1.1196864,0.24606946
13,94,0,15549,13,0,0,-2.6829402,0.06398755
55,44,0,7336,55,0,0,-1.2549794,0.22183938
33,122,1,20156,33,0,0,-1.6942103,0.15522295
58,153,0,25316,58,0,0,-1.2767804,0.21809877
160,47,1,7919,160,0,0,-1.2058196,0.23044156
103,123,0,20412,103,0,0,-0.9451948,0.2798522
70,14,0,2380,70,0,0,-1.7549882,0.14741914
30,102,0,16857,30,0,0,-1.1528733,0.23996466
101,152,0,25186,101,0,0,-3.853411,0.020766867
118,87,0,14468,118,0,0,-3.3331769,0.0344504
11,124,0,20491,11,0,0,-1.1650026,0.23775947
13,186,0,30729,13,0,0,-1.5462737,0.17562512
73,61,0,10134,73,0,0,-1.2110713,0.22951156
19,210,0,34683,19,0,0,-1.699714,0.15450263
127,182,0,30155,127,0,0,-1.7863629,0.14351922
93,215,0,35570,93,0,0,-0.94359875,0.280174
121,158,0,26190,121,0,0,-1.2552469,0.2217932
48,135,0,22322,48,0,0,-1.0496333,0.25929552
11,110,0,18181,11,0,0,-1.4783783,0.18567249
70,64,0,10630,70,0,0,-1.9170234,0.12819386
19,1,0,198,19,0,0,-1.0222929,0.26458102
152,137,0,22755,152,0,0,-1.0832207,0.25289702
17,191,0,31533,17,0,0,-3.0092912,0.04700789
34,47,0,7768,34,0,0,-1.1667626,0.23744066
54,107,1,17708,54,0,0,-1.4234354,0.19412358
141,105,0,17467,141,0,0,-1.2117567,0.22939037
81,116,0,19223,81,0,0,-1.6494055,0.16118932
67,161,0,26624,67,0,0,-1.2513316,0.22246972
145,49,0,8231,145,0,0,-4.2488956,0.014078948
123,30,0,5074,123,0,0,-1.5567887,0.17410794
14,44,0,7262,14,0,0,-1.2906063,0.21575022
157,104,0,17315,157,0,0,-2.4678712,0.07814144
125,209,0,34612,125,0,0,-1.333878,0.20851861
128,134,0,22236,128,0,0,-1.6208467,0.16508813
58,62,0,10301,58,0,0,-1.7897921,0.14309822
59,148,0,24476,59,0,0,-1.1239543,0.24527854
155,214,0,35461,155,0,0,-0.8634512,0.2966188
70,119,0,19705,70,0,0,-3.4482253,0.03082183
163,83,0,13857,163,0,0,-3.219401,0.038442124
17,201,0,33183,17,0,0,-1.8174822,0.13973626
41,150,0,24796,41,0,0,-2.1054103,0.10857207
146,20,0,3444,146,0,0,-1.0076182,0.26744622
11,8,0,1351,11,0,0,-1.4084921,0.196472
134,134,1,22244,134,0,0,-2.7864044,0.058063295
63,158,0,26145,63,0,0,-1.169199,0.2369998
20,43,0,7102,20,0,0,-5.86598,0.0028262334
108,146,1,24200,108,0,0,-1.0378511,0.26156485
63,84,0,13935,63,0,0,-1.2499754,0.2227044
144,117,0,19450,144,0,0,-4.7334013,0.008719797
43,76,0,12588,43,0,0,-1.0677185,0.2558372
114,189,0,31292,114,0,0,-3.7988253,0.021906428
145,91,0,15161,145,0,0,-3.3601215,0.033565283
141,195,0,32317,141,0,0,-1.3402259,0.2074729
61,36,0,6001,61,0,0,-2.107957,0.108325854
38,116,0,19169,38,0,0,-1.5329428,0.17756353
28,122,1,20164,28,0,0,-1.9651406,0.122911796
115,214,0,35414,115,0,0,-0.8917635,0.29074603
28,197,0,32539,28,0,0,-1.440212,0.19151253
87,191,0,31602,87,0,0,-1.4163673,0.1952317
29,70,0,11565,29,0,0,-2.2021098,0.099561185
29,60,0,9915,29,0,0,-2.1527884,0.10407095
143,59,0,9878,143,0,0,-4.4325423,0.011744661
34,37,0,6118,34,0,0,-3.060979,0.044745844
160,139,0,23099,160,0,0,-2.6613698,0.06529169
139,168,0,27858,139,0,0,-1.2926877,0.21539825
148,166,0,27539,148,0,0,-0.92353314,0.28423855
81,141,0,23348,81,0,0,-1.752635,0.14771515
52,110,0,18201,52,0,0,-2.111838,0.10795154
83,67,0,11136,83,0,0,-1.7010775,0.15432459
49,98,0,16211,49,0,0,-1.7131388,0.15275703
5,30,0,4978,5,0,0,-1.5116789,0.18069011
145,171,0,28361,145,0,0,-2.5307434,0.07373086
61,45,0,7486,61,0,0,-1.7975223,0.14215294
78,68,0,11298,78,0,0,-2.1762443,0.10190414
29,177,0,29220,29,0,0,-1.1861756,0.23394363
70,33,0,5515,70,0,0,-1.4353313,0.19226936
90,206,0,34080,90,0,0,-2.8405294,0.05517293
30,205,0,33852,30,0,0,-1.9452038,0.12507728
146,138,0,22914,146,0,0,-2.8796358,0.053169467
116,42,0,7032,116,0,0,-1.7062612,0.15364929
3,111,0,18325,3,0,0,-1.4794219,0.18551476
95,67,0,11149,95,0,0,-1.3988879,0.19799265
58,2,0,401,58,0,0,-2.3704615,0.08545307
95,2,0,424,95,0,0,-2.7138472,0.062161196
135,15,0,2608,135,0,0,-1.371505,0.2023768
31,209,0,34504,31,0,0,-1.5519753,0.17480117
63,186,0,30765,63,0,0,-1.5865731,0.16986658
108,49,0,8195,108,0,0,-1.7805419,0.14423624
111,47,1,7869,111,0,0,-1.2340741,0.22546916
112,206,0,34098,112,0,0,-2.1952062,0.1001818
57,130,0,21524,57,0,0,-1.4272189,0.19353238
48,200,0,33047,48,0,0,-1.9650137,0.12292547
15,175,1,28887,15,0,0,-3.2110896,0.038750526
13,217,0,35844,13,0,0,-2.0081277,0.118352205
151,47,0,7909,151,0,0,-1.6071138,0.1669897
71,206,0,34047,71,0,0,-2.8098152,0.05679608
106,27,0,4558,106,0,0,-3.0988421,0.04315504
16,120,0,19822,16,0,0,-1.1590385,0.23884203
66,10,0,1705,66,0,0,-1.9465208,0.12493323
21,89,0,14705,21,0,0,-2.1789205,0.10165947
150,32,0,5436,150,0,0,-1.6756492,0.15767245
47,11,0,1864,47,0,0,-1.3735166,0.20205228
129,85,1,14153,129,0,0,-1.220998,0.22776087
9,53,0,8769,9,0,0,-1.169817,0.23688807
158,196,1,32498,158,0,0,-1.5066943,0.1814292
40,196,0,32385,40,0,0,-3.0601225,0.044782463
152,87,0,14505,152,0,0,-2.2473884,0.095574975
46,137,0,22648,46,0,0,-1.4388483,0.19172376
24,1,0,202,24,0,0,-0.8656525,0.29615974
127,4,0,785,127,0,0,-1.0711987,0.2551752
156,18,0,3123,156,0,0,-2.4181833,0.081796594
160,74,0,12374,160,0,0,-1.665463,0.15903002
32,7,0,1187,32,0,0,-2.2150226,0.09840955
129,148,0,24548,129,0,0,-1.0244329,0.26416484
96,24,0,4059,96,0,0,-1.9703431,0.12235204
152,103,0,17145,152,0,0,-1.632452,0.16349474
85,53,0,8833,85,0,0,-1.9755678,0.12179211
158,34,0,5768,158,0,0,-1.8519828,0.13564026
56,72,0,11940,56,0,0,-2.3591428,0.08634179
46,211,1,34858,46,0,0,-2.0010235,0.1190955
117,93,0,15466,117,0,0,-1.7058179,0.15370694
53,207,0,34207,53,0,0,-1.2897472,0.2158956
131,82,1,13661,131,0,0,-1.4357648,0.19220205
17,36,1,5958,17,0,0,-2.2225125,0.097747
23,12,0,1985,23,0,0,-0.9722781,0.27442667
51,80,0,13250,51,0,0,-1.788269,0.14328508
33,142,0,23456,33,0,0,-1.3282917,0.20944208
105,3,1,611,105,0,0,-1.204787,0.23062472
8,77,0,12709,8,0,0,-1.8625548,0.13440555
90,66,1,10980,90,0,0,-1.2485116,0.22295791
162,4,0,823,162,0,0,-1.2930748,0.21533282
61,31,1,5176,61,0,0,-1.1327436,0.24365513
76,43,0,7159,76,0,0,-2.9195619,0.051194977
22,134,1,22113,22,0,0,-1.8092613,0.14072743
164,187,1,31016,164,0,0,-1.1572995,0.23915832
21,51,1,8435,21,0,0,-2.1621025,0.103205696
75,143,0,23662,75,0,0,-1.2372649,0.22491243
15,162,1,26742,15,0,0,-1.5624981,0.17328848
41,50,0,8296,41,0,0,-1.5915346,0.1691681
151,176,0,29194,151,0,0,-1.9174683,0.12814415
40,60,1,9945,40,0,0,-2.5775342,0.07059835
147,126,0,20938,147,0,0,-1.358923,0.20441541
110,70,0,11669,110,0,0,-2.6114411,0.06840571
154,78,0,13030,154,0,0,-1.5218837,0.1791843
74,114,1,18887,74,0,0,-2.4758904,0.07756573
153,134,0,22262,153,0,0,-1.7564728,0.14723264
41,57,1,9451,41,0,0,-1.7866232,0.14348723
77,97,0,16059,77,0,0,-2.5422492,0.07294892
74,203,1,33572,74,0,0,-1.4322,0.19275613
144,28,0,4765,144,0,0,-5.895294,0.0027448118
143,100,0,16643,143,0,0,-4.8618083,0.0076770876
13,80,0,13239,13,0,0,-1.5314422,0.17778277
127,138,0,22895,127,0,0,-3.3167245,0.035001874
157,201,0,33320,157,0,0,-1.8520339,0.13563427
36,167,0,27578,36,0,0,-1.3290536,0.20931594
113,41,0,6866,113,0,0,-1.3402998,0.20746075
24,59,0,9772,24,0,0,-2.9112835,0.05159859
28,199,1,32869,28,0,0,-1.5675733,0.17256261
140,147,0,24396,140,0,0,-1.3977559,0.19817246
155,14,0,2461,155,0,0,-1.8229079,0.13908531
63,122,0,20205,63,0,0,-1.9594951,0.1235217
30,203,0,33522,30,0,0,-1.1041828,0.24895698
159,38,0,6429,159,0,0,-1.1804156,0.23497747
102,207,0,34270,102,0,0,-1.3502579,0.20582822
150,14,1,2466,150,0,0,-1.1618941,0.23832329
127,49,0,8210,127,0,0,-2.8259962,0.055935454
129,104,1,17288,129,0,0,-1.7891669,0.14317489
95,116,0,19234,95,0,0,-1.5614455,0.17343932
26,187,0,30864,26,0,0,-1.0867455,0.25223163
29,148,0,24435,29,0,0,-1.1325655,0.24368796
56,145,0,23985,56,0,0,-2.1203597,0.107133664
92,192,0,31772,92,0,0,-1.2798805,0.21757056
144,173,0,28690,144,0,0,-1.396251,0.1984117
41,14,1,2356,41,0,0,-1.2816448,0.21727037
91,52,0,8671,91,0,0,-1.5384991,0.17675357
11,165,0,27256,11,0,0,-2.439383,0.08021842
155,172,0,28531,155,0,0,-2.6790042,0.0642237
163,64,0,10722,163,0,0,-2.2947245,0.091560826
111,132,0,21894,111,0,0,-1.0289073,0.263296
57,29,0,4859,57,0,0,-1.5335526,0.17747448
61,111,0,18376,61,0,0,-2.1153767,0.10761125
3,142,0,23440,3,0,0,-1.065119,0.25633243
39,192,0,31694,39,0,0,-1.2123027,0.22929387
122,132,0,21903,122,0,0,-1.7235429,0.15141538
146,172,0,28524,146,0,0,-2.0830379,0.11075642
6,119,0,19651,6,0,0,-1.0460713,0.25998023
76,201,0,33229,76,0,0,-1.9268789,0.12709644
83,212,0,35061,83,0,0,-1.2982247,0.21446395
129,136,1,22568,129,0,0,-1.4695654,0.18700868
163,178,0,29532,163,0,0,-1.347965,0.20620327
162,23,0,3958,162,0,0,-1.0328851,0.26252514
161,95,0,15832,161,0,0,-1.7864151,0.1435128
107,181,0,29974,107,0,0,-0.8830477,0.29254663
87,5,0,912,87,0,0,-1.9698479,0.12240522
31,180,0,29719,31,0,0,-1.9230144,0.12752579
9,143,0,23619,9,0,0,-1.9327474,0.1264468
124,122,1,20252,124,0,0,-2.292383,0.09175577
95,107,0,17749,95,0,0,-1.8664513,0.13395287
88,26,0,4375,88,0,0,-1.6416335,0.16224292
64,175,1,28938,64,0,0,-3.2372582,0.037787456
136,60,1,10032,136,0,0,-1.8932595,0.13087326
24,57,0,9442,24,0,0,-2.2305794,0.09703787
82,149,0,24669,82,0,0,-1.0428011,0.26060987
26,176,0,29049,26,0,0,-1.8607881,0.13461122
4,44,0,7268,4,0,0,-1.0238433,0.26427945
62,100,1,16573,62,0,0,-3.762687,0.022694273
44,104,0,17204,44,0,0,-2.2705922,0.093587965
60,18,0,3042,60,0,0,-2.367952,0.08564938
145,165,0,27371,145,0,0,-3.0157983,0.046717238
1,12,0,1991,1,0,0,-0.8411139,0.30130023
146,37,0,6249,146,0,0,-2.5049891,0.07550916
121,119,0,19755,121,0,0,-1.1827006,0.23456696
140,150,0,24891,140,0,0,-1.6565402,0.16022699
116,188,0,31122,116,0,0,-2.1717122,0.102319665
8,108,0,17824,8,0,0,-1.3275793,0.20956007
2,93,0,15351,2,0,0,-2.003659,0.11881928
125,51,0,8542,125,0,0,-1.8017251,0.1416412
119,46,0,7695,119,0,0,-1.8011658,0.14170921
22,28,0,4623,22,0,0,-5.9206686,0.002676224
45,207,0,34197,45,0,0,-1.3893905,0.19950508
28,180,0,29734,28,0,0,-2.550451,0.07239619
17,109,0,18003,17,0,0,-0.9657493,0.27572855
9,128,0,21144,9,0,0,-1.1674161,0.23732236
137,213,0,35282,137,0,0,-1.4603438,0.18841474
35,102,0,16855,35,0,0,-1.5734718,0.17172202
138,129,0,21421,138,0,0,-0.9952245,0.26988137
73,204,0,33729,73,0,0,-1.1181228,0.24635965
27,45,0,7460,27,0,0,-1.9857948,0.12070247
116,43,0,7197,116,0,0,-2.8725283,0.053528413
139,74,0,12348,139,0,0,-1.6183088,0.16543823
101,101,0,16771,101,0,0,-2.0034442,0.118841775
159,45,0,7584,159,0,0,-1.0229723,0.26444882
69,144,0,23822,69,0,0,-1.0274806,0.26357284
35,188,0,31045,35,0,0,-1.9033828,0.12972608
131,134,0,22241,131,0,0,-1.9732571,0.122039475
48,70,0,11597,48,0,0,-2.5105658,0.07512079
13,24,0,3999,13,0,0,-2.4643736,0.07839377
76,164,0,27124,76,0,0,-2.7103877,0.062363178
27,90,0,14885,27,0,0,-1.7032404,0.15404253
126,64,0,10689,126,0,0,-2.9372425,0.05034294
56,149,0,24645,56,0,0,-1.5045743,0.18174428
49,146,1,24131,49,0,0,-1.8507886,0.13578033
124,148,0,24542,124,0,0,-1.0393538,0.2612747
33,58,0,9596,33,0,0,-1.3997881,0.19784974
32,18,0,3002,32,0,0,-2.5767784,0.070647955
153,89,0,14837,153,0,0,-1.4026406,0.19739743
6,133,0,21961,6,0,0,-1.3088422,0.21268065
162,106,1,17653,162,0,0,-1.4161744,0.19526201
25,157,0,25941,25,0,0,-1.4160669,0.19527891
112,164,0,27168,112,0,0,-2.2209115,0.09788828
156,47,1,7908,156,0,0,-1.6355281,0.16307448
146,44,0,7404,146,0,0,-1.2810729,0.21736765
115,81,0,13469,115,0,0,-2.7920585,0.057754833
7,40,0,6600,7,0,0,-0.9324723,0.2824234
132,2,0,465,132,0,0,-2.6274364,0.0673934
55,99,0,16411,55,0,0,-1.2559462,0.22167253
57,110,0,18224,57,0,0,-1.7602713,0.14675637
94,98,0,16263,94,0,0,-2.6478486,0.066121735
118,76,0,12653,118,0,0,-1.0277462,0.26352128
140,77,0,12846,140,0,0,-1.3925178,0.19900611
44,155,0,25619,44,0,0,-1.5222371,0.17913234
11,118,0,19501,11,0,0,-1.2507274,0.22257425
74,66,1,10967,74,0,0,-1.078223,0.25384244
64,193,1,31908,64,0,0,-1.3579597,0.2045721
32,193,1,31877,32,0,0,-1.5407627,0.17642443
63,173,0,28620,63,0,0,-1.3091431,0.21263027
53,87,0,14407,53,0,0,-2.858876,0.054224316
53,41,0,6817,53,0,0,-1.1506099,0.24037771
122,176,0,29163,122,0,0,-1.651406,0.16091901
154,17,0,2965,154,0,0,-2.6869729,0.063746445
56,70,0,11610,56,0,0,-2.2616847,0.09434632
71,135,1,22332,71,0,0,-1.6466024,0.16156867
8,17,0,2809,8,0,0,-1.7508745,0.14793693
150,168,1,27876,150,0,0,-1.5609367,0.17351228
93,185,0,30620,93,0,0,-1.390861,0.19927034
95,152,0,25174,95,0,0,-2.8572545,0.05430753
1,188,0,31031,1,0,0,-1.7931073,0.14269218
73,71,1,11784,73,0,0,-1.3300877,0.20914486
44,99,0,16379,44,0,0,-1.3831353,0.20050593
109,62,0,10342,109,0,0,-1.9642167,0.123011425
40,217,0,35850,40,0,0,-1.0687449,0.25564185
142,148,1,24560,142,0,0,-1.0773609,0.25400576
74,33,0,5522,74,0,0,-1.5075223,0.18130627
41,36,0,5986,41,0,0,-2.02111,0.11700426
116,130,0,21552,116,0,0,-1.3937054,0.19881688
122,17,0,2928,122,0,0,-3.656911,0.025162626
144,1,0,310,144,0,0,-1.1566343,0.23927939
88,207,0,34240,88,0,0,-1.1139214,0.24714054
134,54,0,9044,134,0,0,-2.2037423,0.09941494
119,136,0,22545,119,0,0,-0.95293564,0.27829483
78,38,0,6348,78,0,0,-1.3742232,0.20193838
74,106,1,17567,74,0,0,-1.4717624,0.18667488
20,47,0,7762,20,0,0,-1.4058273,0.19689304
81,210,0,34733,81,0,0,-1.269635,0.21931975
163,103,0,17157,163,0,0,-1.1643714,0.2378739
137,119,0,19772,137,0,0,-4.7694464,0.0084136855
10,215,1,35505,10,0,0,-0.9009866,0.2888478
150,65,1,10881,150,0,0,-1.391746,0.19912916
97,9,0,1581,97,0,0,-1.935169,0.12617956
102,184,1,30475,102,0,0,-0.70818263,0.33000055
1,172,0,28391,1,0,0,-1.4156051,0.1953515
51,176,0,29090,51,0,0,-1.7307513,0.1504915
79,138,0,22849,79,0,0,-2.8701944,0.05364678
86,115,0,19057,86,0,0,-1.3292406,0.209285
101,215,0,35581,101,0,0,-0.9462648,0.27963662
92,198,0,32762,92,0,0,-2.4130926,0.082179755
92,164,1,27152,92,0,0,-2.7575643,0.059660867
78,118,0,19548,78,0,0,-1.9935277,0.119884156
45,73,0,12087,45,0,0,-2.1680965,0.10265224
100,88,0,14631,100,0,0,-1.5596418,0.17369805
122,82,0,13653,122,0,0,-1.352689,0.2054311
96,115,0,19074,96,0,0,-1.6958902,0.15500279
21,90,1,14870,21,0,0,-3.0834236,0.043796215
5,47,1,7783,5,0,0,-1.7938242,0.1426045
138,49,0,8221,138,0,0,-1.9804809,0.12126758
155,76,0,12691,155,0,0,-1.0903959,0.25154373
20,1,0,172,20,0,0,-1.0470817,0.2597859
38,113,0,18674,38,0,0,-1.9134374,0.12859517
122,67,0,11178,122,0,0,-1.5046031,0.18173999
120,204,0,33778,120,0,0,-1.6042488,0.16738863
43,81,0,13413,43,0,0,-2.4342723,0.08059632
4,83,0,13703,4,0,0,-3.4618306,0.030417997
86,125,1,20707,86,0,0,-1.1526587,0.2400038
0,173,0,28562,0,0,0,-2.4743216,0.077678055
119,45,0,7530,119,0,0,-1.320859,0.21067542
157,215,0,35630,157,0,0,-0.96788657,0.27530196
111,73,0,12159,111,0,0,-2.4518008,0.07930696
42,189,0,31225,42,0,0,-2.8880627,0.05274683
36,196,0,32363,36,0,0,-2.1449535,0.10480374
59,23,0,3851,59,0,0,-1.0119803,0.26659247
20,79,0,13042,20,0,0,-1.207866,0.23007886
93,146,0,24185,93,0,0,-1.0258628,0.26388696
124,24,0,4082,124,0,0,-2.1587613,0.10351535
63,63,0,10470,63,0,0,-1.0927643,0.2510981
7,87,0,14355,7,0,0,-3.0541344,0.045039315
120,194,0,32128,120,0,0,-2.2674477,0.09385505
74,19,0,3212,74,0,0,-2.1763728,0.10189238
76,147,0,24319,76,0,0,-1.5985959,0.16817795
136,52,0,8712,136,0,0,-1.4600494,0.18845977
35,157,0,25930,35,0,0,-1.4465272,0.1905366
73,42,0,6999,73,0,0,-1.9868553,0.12058996
43,134,0,22158,43,0,0,-1.527983,0.178289
142,196,0,32480,142,0,0,-3.0291355,0.04612685
12,182,0,30031,12,0,0,-1.8556302,0.13521321
40,132,0,21825,40,0,0,-0.79363656,0.31138837
37,33,0,5466,37,0,0,-1.3265398,0.20973231
77,37,0,6159,77,0,0,-2.8196125,0.05627351
20,208,0,34327,20,0,0,-3.544747,0.028065506
141,114,0,18952,141,0,0,-2.1679666,0.10266421
31,13,0,2164,31,0,0,-1.6471748,0.16149114
50,98,0,16228,50,0,0,-2.4785814,0.07737341
16,157,1,25927,16,0,0,-1.479948,0.18543527
86,82,0,13612,86,0,0,-1.3701217,0.20260018
54,180,0,29753,54,0,0,-2.1386104,0.105400346
160,181,0,30029,160,0,0,-0.904289,0.2881699
36,212,0,35003,36,0,0,-1.3958023,0.19848308
147,137,0,22753,147,0,0,-0.97885126,0.27311978
138,65,1,10861,138,0,0,-1.7021766,0.15418121
35,56,1,9265,35,0,0,-1.2908466,0.21570955
47,110,1,18199,47,0,0,-1.7352798,0.14991347
85,34,0,5698,85,0,0,-1.836247,0.13749576
79,158,0,26149,79,0,0,-1.1343036,0.24336776
5,98,0,16198,5,0,0,-1.4890027,0.18407147
126,164,0,27189,126,0,0,-2.773343,0.05878178
72,189,0,31250,72,0,0,-4.373949,0.01244456
30,151,0,24942,30,0,0,-1.7224052,0.15156162
159,105,0,17484,159,0,0,-1.2337587,0.22552425
10,89,0,14715,10,0,0,-1.6431692,0.16203429
38,170,0,28079,38,0,0,-1.9297659,0.12677649
80,46,0,7670,80,0,0,-1.1241224,0.24524742
144,166,0,27535,144,0,0,-0.89178485,0.29074162
102,142,1,23545,102,0,0,-2.5377963,0.07325064
84,1,0,251,84,0,0,-1.0468397,0.2598324
74,98,0,16247,74,0,0,-2.41878,0.081751786
124,143,1,23717,124,0,0,-1.4689012,0.1871097
11,50,0,8281,11,0,0,-0.8541549,0.298562
17,202,0,33348,17,0,0,-1.4800746,0.18541615
63,127,0,21030,63,0,0,-1.8435426,0.13663286
122,34,0,5733,122,0,0,-1.6427021,0.16209772
16,135,0,22297,16,0,0,-1.5145054,0.18027206
27,68,1,11255,27,0,0,-2.4489636,0.07951437
2,71,0,11721,2,0,0,-1.8229301,0.13908266
121,147,0,24375,121,0,0,-1.7160692,0.15237817
85,123,0,20383,85,0,0,-0.99932915,0.26907334
61,66,0,10951,61,0,0,-1.134239,0.24337967
95,17,0,2899,95,0,0,-3.5397885,0.028201085
56,166,0,27450,56,0,0,-0.79669696,0.3107325
115,37,0,6209,115,0,0,-2.8264723,0.055910315
126,178,0,29499,126,0,0,-1.3676801,0.20299493
161,194,1,32167,161,0,0,-1.4113898,0.19601494
23,161,0,26570,23,0,0,-1.1850517,0.2341451
128,8,0,1446,128,0,0,-0.95574105,0.27773172
54,111,0,18368,54,0,0,-2.0018635,0.11900741
146,146,0,24234,146,0,0,-0.92029107,0.28489858
95,173,0,28639,95,0,0,-1.3144269,0.211747
107,50,0,8359,107,0,0,-1.402492,0.19742095
123,84,0,13984,123,0,0,-1.3470173,0.20635843
84,141,1,23351,84,0,0,-1.6434181,0.1620005
117,45,0,7546,117,0,0,-2.0306227,0.11602504
91,105,1,17416,91,0,0,-0.9356837,0.28177303
164,113,0,18806,164,0,0,-1.613564,0.16609438
66,164,0,27115,66,0,0,-2.7018056,0.0628669
76,1,0,229,76,0,0,-1.180099,0.23503439
154,22,0,3790,154,0,0,-2.1313486,0.10608703
37,72,0,11901,37,0,0,-2.2169113,0.0982421
127,116,0,19265,127,0,0,-1.7143028,0.15260646
68,198,0,32738,68,0,0,-2.492531,0.07638344
34,115,0,18988,34,0,0,-1.5242066,0.1788429
120,74,0,12328,120,0,0,-1.5307422,0.17788513
14,93,0,15347,14,0,0,-1.6911407,0.1556259
82,108,0,17904,82,0,0,-2.936556,0.050375767
14,82,0,13532,14,0,0,-1.3965735,0.1983604
90,117,0,19395,90,0,0,-4.1028557,0.016256766
119,12,0,2085,119,0,0,-1.0579841,0.25769487
104,72,0,11980,104,0,0,-1.8908255,0.13115038
3,6,0,1000,3,0,0,-2.134806,0.10575961
145,23,0,3941,145,0,0,-0.9196783,0.28502345
130,41,0,6895,130,0,0,-1.0272865,0.2636105
62,95,0,15748,62,0,0,-2.0067966,0.118491165
74,108,0,17897,74,0,0,-1.4955733,0.18308668
114,113,0,18752,114,0,0,-1.539701,0.17657875
43,77,0,12753,43,0,0,-1.5534635,0.1745866
17,214,0,35328,17,0,0,-0.6472491,0.34360972
160,77,0,12869,160,0,0,-1.2007773,0.23133697
138,166,0,27526,138,0,0,-0.8715536,0.29493114
5,177,0,29233,5,0,0,-1.6378114,0.16276309
82,104,0,17244,82,0,0,-1.9684172,0.122559
121,170,1,28170,121,0,0,-3.077896,0.044028282
53,86,0,14242,53,0,0,-2.6121612,0.06835984
43,164,0,27108,43,0,0,-2.3393152,0.08791882
87,139,0,23022,87,0,0,-2.183522,0.10124001
89,100,0,16589,89,0,0,-3.7790573,0.022334015
121,182,1,30150,121,0,0,-2.0486479,0.11418907
37,176,0,29061,37,0,0,-1.61274,0.16620854
5,137,0,22633,5,0,0,-0.78230757,0.31382278
11,173,0,28576,11,0,0,-0.8808199,0.2930079
23,102,0,16835,23,0,0,-1.585444,0.17002587
16,166,1,27412,16,0,0,-2.0978284,0.10930807
145,175,0,29021,145,0,0,-4.5432673,0.010526602
59,102,0,16886,59,0,0,-1.516701,0.17994782
31,57,1,9424,31,0,0,-1.8271153,0.13858229
131,5,0,956,131,0,0,-1.9810703,0.12120479
44,16,0,2684,44,0,0,-1.0598137,0.25734505
150,73,0,12201,150,0,0,-2.4247546,0.08130441
13,3,0,534,13,0,0,-0.9463442,0.27962062
43,209,0,34533,43,0,0,-1.2097929,0.2297377
33,108,0,17846,33,0,0,-2.75088,0.06003697
149,40,0,6747,149,0,0,-1.345047,0.20668131
0,45,0,7442,0,0,0,-1.5996807,0.16802625
77,112,0,18534,77,0,0,-1.3579423,0.20457493
32,44,0,7292,32,0,0,-1.3765271,0.20156735
61,14,1,2371,61,0,0,-1.5443192,0.17590827
14,7,0,1157,14,0,0,-1.943949,0.12521467
68,159,0,26303,68,0,0,-1.3610752,0.20406562
159,127,0,21114,159,0,0,-1.4389191,0.1917128
82,130,0,21534,82,0,0,-1.0989499,0.2499367
94,182,1,30123,94,0,0,-1.679791,0.15712315
129,61,0,10193,129,0,0,-0.89964694,0.28912306
25,180,0,29736,25,0,0,-2.2971768,0.091357045
43,120,0,19848,43,0,0,-1.0938258,0.25089854
105,129,1,21401,105,0,0,-1.7633877,0.14636657
79,205,0,33904,79,0,0,-2.6333644,0.067021765
11,57,0,9436,11,0,0,-1.5491154,0.17521407
108,77,0,12815,108,0,0,-1.846561,0.13627718
104,139,0,23035,104,0,0,-2.285011,0.09237197
46,32,0,5323,46,0,0,-2.160024,0.10339823
54,1,0,218,54,0,0,-1.2511728,0.2224972
1,142,0,23441,1,0,0,-1.4269459,0.193575
107,107,0,17764,107,0,0,-2.77947,0.058443714
29,188,0,31035,29,0,0,-1.4697142,0.18698606
118,98,1,16283,118,0,0,-2.6108508,0.068443336
91,68,0,11311,91,0,0,-2.436717,0.080415346
39,188,0,31034,39,0,0,-2.0578036,0.11326624
84,46,0,7676,84,0,0,-2.2010858,0.09965303
60,99,0,16407,60,0,0,-1.3992364,0.19793731
68,119,0,19703,68,0,0,-3.467338,0.030255986
83,193,1,31926,83,0,0,-1.5708661,0.17209296
151,158,0,26224,151,0,0,-1.1179621,0.24638948
67,26,0,4349,67,0,0,-1.4454606,0.19070117
81,119,0,19718,81,0,0,-4.232481,0.014308622
8,166,0,27394,8,0,0,-1.1630812,0.23810787
90,90,0,14940,90,0,0,-1.6643944,0.15917298
13,39,0,6474,13,0,0,-1.6579328,0.1600397
82,170,0,28134,82,0,0,-2.7505379,0.06005628
93,6,0,1085,93,0,0,-1.8655374,0.13405892
44,141,0,23309,44,0,0,-1.8298085,0.1382611
113,112,0,18581,113,0,0,-1.6427264,0.16209441
140,10,0,1791,140,0,0,-1.9285703,0.12690891
156,216,1,35793,156,0,0,-1.3835914,0.20043282
35,68,0,11245,35,0,0,-2.6651144,0.06506353
57,105,0,17399,57,0,0,-1.3378193,0.20786889
154,128,1,21280,154,0,0,-1.0367053,0.26178622
79,31,0,5194,79,0,0,-1.0673859,0.25590053
77,102,0,16884,77,0,0,-1.559329,0.17374295
42,148,0,24460,42,0,0,-1.230006,0.22618037
143,73,0,12188,143,0,0,-2.354853,0.08668081
108,108,0,17930,108,0,0,-1.4315281,0.19286071
65,71,0,11781,65,0,0,-1.712662,0.15281877
32,162,0,26762,32,0,0,-1.5965486,0.16846456
137,130,0,21587,137,0,0,-0.97314066,0.27425495
53,123,0,20347,53,0,0,-0.86690885,0.2958979
10,39,0,6465,10,0,0,-1.6037066,0.1674642
51,182,1,30080,51,0,0,-1.2959294,0.21485089
133,162,0,26869,133,0,0,-1.15859,0.2389236
60,164,0,27132,60,0,0,-2.3522513,0.086886995
18,66,0,10928,18,0,0,-1.2487719,0.2229128
52,192,0,31731,52,0,0,-1.3544486,0.20514403
87,177,1,29292,87,0,0,-1.5276432,0.17833878
62,125,1,20698,62,0,0,-1.3277509,0.20953164
83,178,0,29451,83,0,0,-1.1395335,0.24240601
33,37,0,6131,33,0,0,-2.9741693,0.048606556
100,134,0,22221,100,0,0,-2.0730643,0.11174253
117,92,0,15301,117,0,0,-0.8606191,0.29721
160,177,0,29369,160,0,0,-1.7815938,0.14410645
8,68,0,11224,8,0,0,-1.9225435,0.1275782
27,79,0,13070,27,0,0,-1.2297661,0.22622237
147,198,0,32818,147,0,0,-2.504294,0.07555771
100,66,0,11001,100,0,0,-1.1509979,0.24030687
124,105,0,17447,124,0,0,-1.3045037,0.21340804
95,80,0,13294,95,0,0,-1.328645,0.20938359
71,130,0,21507,71,0,0,-1.0812404,0.25327134
124,66,1,11012,124,0,0,-1.1251582,0.24505575
59,199,0,32891,59,0,0,-1.2633827,0.22039214
129,109,0,18113,129,0,0,-0.9536677,0.27814782
150,17,0,2961,150,0,0,-2.5515974,0.07231925
53,53,1,8797,53,0,0,-1.7677324,0.14582455
24,98,0,16207,24,0,0,-1.9368832,0.12599067
22,102,0,16833,22,0,0,-1.5489035,0.1752447
140,114,0,18951,140,0,0,-2.1066914,0.108448155
130,163,0,27025,130,0,0,-1.5867777,0.16983774
142,170,0,28190,142,0,0,-2.99539,0.047634576
33,163,0,26921,33,0,0,-1.5960948,0.16852812
18,43,0,7133,18,0,0,-3.701639,0.024088463
77,104,0,17214,77,0,0,-1.9013867,0.1299516
57,193,1,31919,57,0,0,-1.5187547,0.17964497
76,136,0,22504,76,0,0,-0.89935994,0.28918204
44,100,0,16544,44,0,0,-4.5201607,0.010770018
122,84,1,13983,122,0,0,-1.2666214,0.21983618
36,0,0,23,36,0,0,-1.4280388,0.19340444
71,131,0,21672,71,0,0,-1.4882121,0.18419023
89,99,0,16424,89,0,0,-1.5278914,0.1783024
94,32,0,5373,94,0,0,-1.8246706,0.13887438
15,9,0,1497,15,0,0,-1.3214881,0.21057081
84,63,0,10481,84,0,0,-1.5656533,0.17283693
126,40,0,6729,126,0,0,-1.8292809,0.13832396
155,59,0,9886,155,0,0,-2.7768083,0.058590356
98,101,1,16762,98,0,0,-1.9886539,0.12039935
114,39,0,6542,114,0,0,-1.298378,0.21443813
31,49,0,8104,31,0,0,-2.1351917,0.105723135
78,188,0,31098,78,0,0,-1.7792537,0.1443953
89,90,0,14939,89,0,0,-1.5311589,0.17782418
88,191,0,31600,88,0,0,-1.2877219,0.21623866
150,90,0,15006,150,0,0,-1.5563171,0.17417575
34,153,0,25258,34,0,0,-1.5264926,0.17850745
5,173,0,28573,5,0,0,-1.4017928,0.19753177
4,133,0,21953,4,0,0,-1.0761895,0.2542278
128,100,0,16626,128,0,0,-3.6153944,0.026201332
80,107,0,17735,80,0,0,-1.2840676,0.21685863
8,28,0,4624,8,0,0,-5.984952,0.0025100184
159,94,1,15669,159,0,0,-3.4875152,0.029669557
131,143,1,23726,131,0,0,-1.1084989,0.24815084
56,142,0,23490,56,0,0,-2.6657495,0.065024905
37,8,0,1341,37,0,0,-1.0553572,0.2581977
12,133,0,21946,12,0,0,-1.3994012,0.19791116
102,67,0,11170,102,0,0,-1.651598,0.1608931
118,136,1,22553,118,0,0,-0.90680176,0.28765473
115,84,0,13964,115,0,0,-1.1963148,0.23213144
62,135,0,22348,62,0,0,-0.9633065,0.27621666
45,127,0,20997,45,0,0,-1.2535937,0.22207868
114,36,0,6047,114,0,0,-1.8929234,0.13091151
70,22,0,3700,70,0,0,-2.0890887,0.11016188
4,123,0,20303,4,0,0,-1.2941246,0.2151555
63,10,0,1725,63,0,0,-1.9014616,0.12994313
67,174,1,28769,67,0,0,-1.0049481,0.26796967
102,117,0,19420,102,0,0,-4.7357316,0.008699677
109,107,0,17767,109,0,0,-1.4808915,0.18529281
65,126,0,20856,65,0,0,-1.1767054,0.2356451
74,144,0,23837,74,0,0,-0.9116356,0.28666526
110,178,0,29489,110,0,0,-1.7504673,0.14798827
42,100,0,16540,42,0,0,-2.8473067,0.0548207
148,217,0,35954,148,0,0,-1.2002733,0.23142661
49,216,0,35681,49,0,0,-1.0021014,0.26852846
32,51,0,8447,32,0,0,-1.5453451,0.1757596
162,115,0,19138,162,0,0,-1.3315725,0.20889936
26,175,0,28884,26,0,0,-2.9793997,0.04836525
26,134,0,22119,26,0,0,-1.6070385,0.16700019
53,20,0,3352,53,0,0,-0.9069725,0.28761974
89,185,0,30614,89,0,0,-1.3628285,0.20378098
91,198,0,32761,91,0,0,-2.3970215,0.0834001
7,199,1,32835,7,0,0,-1.3125789,0.21205562
137,71,0,11852,137,0,0,-1.5010304,0.18227188
65,199,1,32901,65,0,0,-1.335927,0.20818065
70,195,0,32245,70,0,0,-1.0122132,0.26654693
137,217,0,35942,137,0,0,-1.1198809,0.24603337
46,2,0,373,46,0,0,-1.4415228,0.19130965
95,74,0,12304,95,0,0,-1.540401,0.17647699
59,156,0,25796,59,0,0,-1.2684748,0.21951845
161,52,0,8737,161,0,0,-1.5960824,0.16852985
10,166,0,27420,10,0,0,-1.4459758,0.19062167
36,10,0,1673,36,0,0,-2.2935715,0.09165677
62,85,1,14098,62,0,0,-1.029454,0.26318997
98,127,0,21052,98,0,0,-2.1694307,0.10252941
105,105,1,17441,105,0,0,-0.92544484,0.28384978
142,199,1,32975,142,0,0,-0.88678366,0.291774
140,122,0,20271,140,0,0,-1.3391323,0.20765279
164,204,0,33821,164,0,0,-1.4384632,0.19178344
31,6,0,1009,31,0,0,-1.9839306,0.12090046
122,206,0,34113,122,0,0,-2.5687644,0.07117594
148,214,0,35459,148,0,0,-1.4341421,0.19245411
150,100,0,16656,150,0,0,-4.152498,0.01548164
108,92,0,15290,108,0,0,-0.84316105,0.30086944
57,133,0,22019,57,0,0,-1.2716753,0.2189706
19,77,0,12738,19,0,0,-1.2644868,0.22020249
28,124,1,20494,28,0,0,-1.2366638,0.22501723
48,62,0,10277,48,0,0,-1.4999139,0.18243836
109,187,1,30967,109,0,0,-0.75180024,0.32042918
100,139,0,23046,100,0,0,-2.1925719,0.10041952
155,115,0,19126,155,0,0,-1.5905623,0.16930479
46,42,0,6973,46,0,0,-2.8680668,0.0537549
115,138,0,22874,115,0,0,-3.1456006,0.041264977
11,167,0,27586,11,0,0,-1.2614555,0.22072344
111,143,1,23709,111,0,0,-1.8603113,0.13466677
72,77,0,12770,72,0,0,-1.4471154,0.1904459
54,95,1,15728,54,0,0,-2.1937792,0.10031051
20,189,0,31192,20,0,0,-2.666432,0.064983435
74,12,0,2057,74,0,0,-1.0208995,0.26485223
43,207,0,34203,43,0,0,-1.2344995,0.22539489
75,147,0,24322,75,0,0,-1.6026194,0.16761583
6,207,0,34171,6,0,0,-1.3883605,0.19966963
90,3,1,585,90,0,0,-0.8834228,0.292469
43,20,0,3348,43,0,0,-1.034853,0.26214433
56,134,0,22170,56,0,0,-2.0686321,0.112183206
129,102,0,16958,129,0,0,-1.6117432,0.16634673
132,160,1,26535,132,0,0,-1.7233286,0.15144292
21,99,1,16355,21,0,0,-1.4182417,0.19493738
46,180,0,29743,46,0,0,-2.17055,0.10242645
154,68,0,11380,154,0,0,-2.2599342,0.094496
149,5,0,972,149,0,0,-1.8632784,0.13432139
15,179,0,29547,15,0,0,-1.579345,0.17088827
66,121,1,20020,66,0,0,-1.0346808,0.26217765
44,156,1,25784,44,0,0,-1.2175503,0.22836785
140,68,0,11361,140,0,0,-1.6976624,0.15477082
164,136,1,22601,164,0,0,-0.977513,0.27338552
75,159,0,26302,75,0,0,-1.3769419,0.2015006
135,124,0,20593,135,0,0,-1.5385101,0.17675197
94,33,0,5538,94,0,0,-1.5286529,0.17819087
97,89,1,14781,97,0,0,-1.9518273,0.12435425
93,205,0,33920,93,0,0,-2.9483452,0.04981478
56,61,0,10125,56,0,0,-1.0985361,0.25001428
87,207,0,34242,87,0,0,-1.3854415,0.20013648
32,127,0,20987,32,0,0,-1.4336741,0.19252686
107,212,0,35089,107,0,0,-1.116805,0.24660441
13,149,0,24624,13,0,0,-1.3522656,0.20550022
68,107,0,17723,68,0,0,-1.9518178,0.12435529
158,213,0,35303,158,0,0,-1.5727854,0.17181967
55,41,0,6841,55,0,0,-1.0609014,0.25713724
102,9,0,1600,102,0,0,-2.2694135,0.093688
123,176,0,29164,123,0,0,-1.8297324,0.13827015
98,119,0,19732,98,0,0,-3.4949462,0.029456368
12,169,0,27886,12,0,0,-1.1451976,0.24136735
79,111,0,18394,79,0,0,-1.9730237,0.122064486
89,128,0,21209,89,0,0,-0.85962176,0.2974184
30,156,0,25767,30,0,0,-1.2931364,0.21532242
134,195,0,32309,134,0,0,-1.2192738,0.22806427
30,121,0,19992,30,0,0,-1.241921,0.2241018
70,198,0,32740,70,0,0,-2.723478,0.0616021
37,189,0,31206,37,0,0,-3.9500844,0.018889397
102,94,0,15625,102,0,0,-1.6563518,0.16025233
147,108,0,17968,147,0,0,-1.1266394,0.24478182
48,8,0,1367,48,0,0,-1.6521096,0.16082403
71,7,0,1212,71,0,0,-1.923317,0.12749214
87,166,0,27477,87,0,0,-1.2545578,0.22191215
49,160,1,26441,49,0,0,-1.6084654,0.16680178
122,187,1,30978,122,0,0,-0.852178,0.29897618
112,157,1,26013,112,0,0,-1.27845,0.21781418
136,72,0,12012,136,0,0,-2.3448925,0.0874726
31,148,0,24439,31,0,0,-1.1211064,0.24580611
98,0,0,97,98,0,0,-1.302197,0.2137955
82,18,0,3054,82,0,0,-1.9634569,0.12309342
100,36,0,6051,100,0,0,-2.400945,0.08310067
12,108,0,17821,12,0,0,-2.4706295,0.07794298
163,134,0,22272,163,0,0,-1.7340231,0.1500737
20,209,0,34492,20,0,0,-1.1618812,0.23832563
117,109,0,18106,117,0,0,-0.8434587,0.30080685
116,26,0,4392,116,0,0,-1.4541869,0.18935803
161,73,0,12202,161,0,0,-2.2629166,0.09424112
104,8,0,1420,104,0,0,-1.0569638,0.2578901
124,73,0,12167,124,0,0,-2.2254558,0.09748773
110,29,0,4904,110,0,0,-1.5947938,0.16871051
115,167,0,27659,115,0,0,-1.3198376,0.21084532
105,131,0,21731,105,0,0,-1.3537285,0.20526147
105,53,0,8861,105,0,0,-1.0576885,0.25775144
116,8,0,1422,116,0,0,-1.0104027,0.26690105
150,23,0,3951,150,0,0,-1.0871725,0.2521511
87,200,0,33087,87,0,0,-2.353578,0.086781785
35,181,0,29890,35,0,0,-0.6285194,0.34784633
136,127,0,21087,136,0,0,-1.8939209,0.13079806
18,213,0,35183,18,0,0,-1.2620707,0.22061765
108,138,0,22880,108,0,0,-3.630157,0.025827289
114,164,0,27167,114,0,0,-2.1980348,0.099927105
146,144,0,23904,146,0,0,-0.9948835,0.26994857
62,102,0,16903,62,0,0,-1.5152576,0.18016092
35,187,1,30880,35,0,0,-1.2007997,0.23133299
24,135,1,22312,24,0,0,-1.0418808,0.26078725
11,89,0,14716,11,0,0,-1.4035678,0.19725056
155,22,0,3781,155,0,0,-2.6402478,0.066592626
81,102,1,16913,81,0,0,-1.5526991,0.17469677
106,33,0,5548,106,0,0,-1.1363455,0.24299197
43,156,0,25788,43,0,0,-1.3049858,0.21332712
94,141,0,23358,94,0,0,-1.592385,0.1690486
60,87,1,14427,60,0,0,-3.0530212,0.04508722
80,200,0,33080,80,0,0,-0.6840745,0.3353525
120,164,1,27178,120,0,0,-2.5146065,0.07484053
138,157,0,26041,138,0,0,-1.226702,0.22675918
139,51,0,8553,139,0,0,-2.1727774,0.10222186
163,147,0,24417,163,0,0,-1.3100746,0.21247436
162,125,0,20788,162,0,0,-1.0225765,0.26452583
53,118,0,19522,53,0,0,-1.770761,0.14544772
47,123,0,20344,47,0,0,-0.82797784,0.30407283
18,149,0,24623,18,0,0,-1.1988356,0.23168242
0,215,0,35492,0,0,0,-1.1191554,0.24616799
36,131,0,21638,36,0,0,-1.4489989,0.19015568
10,47,1,7785,10,0,0,-1.2637534,0.22032844
112,40,0,6708,112,0,0,-1.5890033,0.16952416
74,176,0,29117,74,0,0,-1.5388222,0.17670657
155,67,0,11206,155,0,0,-1.0541147,0.25843576
80,196,0,32420,80,0,0,-2.593563,0.06955384
19,119,0,19668,19,0,0,-1.0202138,0.26498574
30,187,0,30882,30,0,0,-0.0644643,0.4838895
92,102,0,16922,92,0,0,-1.4755468,0.18610099
155,126,0,20941,155,0,0,-1.4776542,0.185782
23,135,0,22280,23,0,0,-2.1489515,0.10442924
75,12,0,2047,75,0,0,-1.2403543,0.22437432
58,192,0,31751,58,0,0,-1.2242734,0.22718528
105,110,1,18266,105,0,0,-2.030634,0.11602389
11,190,0,31381,11,0,0,-4.3836336,0.0123261
30,146,0,24117,30,0,0,-1.1253743,0.24501577
66,70,0,11605,66,0,0,-2.6381717,0.0667218
143,127,0,21098,143,0,0,-1.2376242,0.2248498
88,182,0,30115,88,0,0,-1.2114515,0.22944432
66,76,0,12595,66,0,0,-1.0511048,0.259013
20,109,0,17992,20,0,0,-0.973952,0.27409348
88,114,0,18895,88,0,0,-1.7564216,0.14723907
92,212,1,35072,92,0,0,-1.1203499,0.24594639
111,108,0,17934,111,0,0,-1.8424759,0.13675873
136,80,0,13332,136,0,0,-2.8658528,0.053867627
64,129,1,21348,64,0,0,-1.470998,0.18679096
139,185,0,30663,139,0,0,-1.3979094,0.19814807
21,121,1,19985,21,0,0,-1.4588678,0.18864055
62,25,1,4198,62,0,0,-2.8317597,0.055631876
125,0,0,127,125,0,0,-1.5781536,0.17105713
10,82,0,13560,10,0,0,-1.5755892,0.17142107
156,70,0,11703,156,0,0,-2.7971098,0.057480555
20,71,0,11722,20,0,0,-1.9239292,0.12742405
135,156,1,25873,135,0,0,-1.2386351,0.22467366
130,213,1,35275,130,0,0,-0.9114802,0.28669703
11,88,0,14551,11,0,0,-1.9658589,0.12283438
100,95,0,15786,100,0,0,-1.6823769,0.15678099
101,59,0,9841,101,0,0,-3.9931567,0.018107481
108,37,0,6215,108,0,0,-2.897685,0.052268118
31,94,0,15529,31,0,0,-1.5242879,0.17883097
131,165,1,27356,131,0,0,-3.2304041,0.038037457
15,97,0,16017,15,0,0,-1.854207,0.1353797
145,25,1,4271,145,0,0,-3.480083,0.029884273
74,194,0,32087,74,0,0,-1.1034777,0.24908884
2,58,0,9576,2,0,0,-1.4615207,0.18823485
52,207,0,34206,52,0,0,-1.3789601,0.20117606
24,17,0,2842,24,0,0,-2.7042022,0.06272585
33,183,1,30221,33,0,0,-1.4080431,0.19654289
40,120,0,19845,40,0,0,-0.9049612,0.28803203
110,1,0,284,110,0,0,-1.2491109,0.22285408
61,152,0,25141,61,0,0,-3.0602446,0.04477724
40,97,0,16050,40,0,0,-2.4144223,0.082079515
73,20,0,3369,73,0,0,-0.96310836,0.2762563
94,187,0,30948,94,0,0,-0.7940298,0.31130406
128,97,0,16131,128,0,0,-2.5457826,0.07271033
124,202,0,33452,124,0,0,-1.3030448,0.21365303
14,34,0,5612,14,0,0,-1.7071145,0.15353836
52,81,0,13416,52,0,0,-2.530953,0.07371655
129,203,0,33623,129,0,0,-1.3470552,0.20635223
147,4,0,808,147,0,0,-1.2256739,0.22693948
122,75,0,12498,122,0,0,-1.8145196,0.14009278
82,60,0,9984,82,0,0,-1.1823921,0.23462236
133,105,0,17464,133,0,0,-1.0516806,0.25890252
78,103,0,17073,78,0,0,-1.1541064,0.23973984
3,18,0,2980,3,0,0,-2.3177352,0.08966475
32,49,0,8117,32,0,0,-1.6472809,0.16147678
99,113,0,18743,99,0,0,-1.3365998,0.20806977
73,37,0,6174,73,0,0,-2.748149,0.060191277
6,19,0,3151,6,0,0,-1.6390514,0.16259417
151,211,1,34969,151,0,0,-1.7219067,0.15162574
108,214,1,35420,108,0,0,-0.82291454,0.30514532
37,10,1,1671,37,0,0,-2.2473457,0.09557866
153,103,0,17147,153,0,0,-1.6573601,0.16011669
99,63,0,10493,99,0,0,-1.2044542,0.23068379
72,149,0,24650,72,0,0,-1.5345407,0.1773303
20,153,1,25252,20,0,0,-1.5388932,0.17669623
20,147,0,24262,20,0,0,-1.4919481,0.1836295
151,100,0,16654,151,0,0,-3.2957947,0.035715736
83,158,0,26151,83,0,0,-1.2895727,0.21592514
63,140,0,23175,63,0,0,-1.7074053,0.15350056
96,139,0,23034,96,0,0,-2.0361738,0.11545691
149,25,0,4272,149,0,0,-1.9255631,0.12724249
79,149,0,24664,79,0,0,-1.4042401,0.19714414
43,61,0,10113,43,0,0,-1.1291296,0.24432176
23,196,0,32345,23,0,0,-3.2038426,0.039021373
109,196,0,32452,109,0,0,-1.9959316,0.11963074
85,134,0,22198,85,0,0,-1.7393253,0.14939865
104,39,0,6535,104,0,0,-1.2320645,0.2258203
114,5,0,932,114,0,0,-2.2514412,0.09522522
51,76,0,12590,51,0,0,-1.0863059,0.25231454
160,84,0,14024,160,0,0,-1.4644766,0.1877836
146,201,0,33309,146,0,0,-1.8238409,0.13897364
46,178,0,29413,46,0,0,-1.3831518,0.20050329
21,152,0,25100,21,0,0,-2.2139971,0.098500565
125,94,0,15637,125,0,0,-3.0285249,0.046153724
163,87,0,14517,163,0,0,-2.196955,0.10002427
11,38,0,6301,11,0,0,-1.2615902,0.22070026
7,149,0,24585,7,0,0,-2.2566543,0.094777025
111,202,0,33444,111,0,0,-1.5574212,0.174017
76,17,0,2869,76,0,0,-2.6242516,0.06759384
135,27,0,4588,135,0,0,-1.6058683,0.16716303
17,17,0,2823,17,0,0,-4.592221,0.010028741
137,69,1,11522,137,0,0,-1.3659358,0.20327727
32,33,0,5477,32,0,0,-1.0660574,0.25615358
78,140,0,23178,78,0,0,-1.6372008,0.16284631
145,176,0,29186,145,0,0,-1.6556573,0.16034582
122,168,0,27843,122,0,0,-1.4332335,0.19259536
45,121,0,20007,45,0,0,-1.2356262,0.22519822
134,121,1,20099,134,0,0,-1.1249609,0.24509224
5,21,0,3493,5,0,0,-1.5391145,0.17666404
101,180,0,29806,101,0,0,-2.1665976,0.10279039
67,34,0,5669,67,0,0,-1.935061,0.12619147
98,86,0,14287,98,0,0,-2.5939355,0.06952974
67,0,0,59,67,0,0,-1.517158,0.1798804
162,28,0,4783,162,0,0,-4.0933385,0.016409673
126,16,0,2769,126,0,0,-1.1410704,0.2421239
73,201,1,33234,73,0,0,-1.7499835,0.14804928
5,69,1,11413,5,0,0,-1.8943939,0.1307443
123,6,0,1114,123,0,0,-2.028276,0.116265945
74,95,0,15752,74,0,0,-1.792079,0.14281802
39,148,0,24434,39,0,0,-1.4298866,0.19311635
12,68,0,11221,12,0,0,-2.7102225,0.062372837
95,64,0,10654,95,0,0,-2.387089,0.08416253
143,141,0,23408,143,0,0,-1.302397,0.21376188
80,53,0,8825,80,0,0,-1.2746217,0.21846712
79,184,0,30439,79,0,0,-0.5464834,0.36668068
94,62,0,10323,94,0,0,-1.9857571,0.12070646
29,127,1,20970,29,0,0,-1.2085819,0.22995205
124,102,0,16952,124,0,0,-1.678019,0.15735796
148,130,0,21599,148,0,0,-0.9562219,0.27763528
83,21,0,3546,83,0,0,-2.1088774,0.108236976
123,2,0,454,123,0,0,-2.811172,0.05672344
118,194,0,32123,118,0,0,-1.9507291,0.12447388
53,211,1,34867,53,0,0,-2.6864257,0.063779116
112,74,0,12318,112,0,0,-1.5649259,0.17294094
133,27,0,4594,133,0,0,-1.4552038,0.189202
124,32,0,5402,124,0,0,-1.6951144,0.15510443
17,20,0,3318,17,0,0,-2.1829855,0.10128883
122,56,0,9363,122,0,0,-1.1805782,0.23494825
157,136,0,22595,157,0,0,-0.90982884,0.28703487
59,52,0,8636,59,0,0,-1.2493916,0.22280549
122,27,0,4578,122,0,0,-1.9197509,0.12788935
121,110,0,18270,121,0,0,-1.7372885,0.14965768
70,39,0,6505,70,0,0,-1.4538889,0.18940379
77,70,0,11604,77,0,0,-2.3799846,0.08471176
110,127,0,21074,110,0,0,-1.791194,0.14292641
145,84,1,14006,145,0,0,-1.109343,0.24799338
55,25,0,4201,55,0,0,-2.349593,0.08709814
27,119,0,19670,27,0,0,-0.9702831,0.27482408
41,30,0,4996,41,0,0,-1.4549987,0.18923345
74,124,1,20537,74,0,0,-1.6762466,0.15759312
87,71,0,11802,87,0,0,-1.5020223,0.18212411
25,95,0,15711,25,0,0,-1.861685,0.13450676
29,202,0,33345,29,0,0,-1.4116166,0.19597921
156,19,1,3288,156,0,0,-2.35359,0.08678084
55,69,0,11461,55,0,0,-1.5389707,0.17668495
60,203,0,33567,60,0,0,-1.4985404,0.18264332
31,97,0,16024,31,0,0,-2.475808,0.07757163
164,87,1,14516,164,0,0,-2.860091,0.05416204
90,122,0,20220,90,0,0,-2.1888952,0.100752145
143,2,0,473,143,0,0,-2.0398793,0.11507902
61,59,0,9796,61,0,0,-2.3247104,0.08909703
85,47,1,7843,85,0,0,-1.3607917,0.20411167
123,41,0,6889,123,0,0,-1.1434858,0.24168094
5,125,1,20653,5,0,0,-1.2658865,0.21996222
19,127,0,20988,19,0,0,-1.2230151,0.2274063
15,211,1,34827,15,0,0,-1.1176019,0.24645638
110,201,0,33284,110,0,0,-2.0727305,0.11177566
95,129,0,21379,95,0,0,-0.9641842,0.27604124
132,178,0,29505,132,0,0,-1.115575,0.24683301
55,62,0,10306,55,0,0,-1.9752259,0.121828675
121,148,0,24540,121,0,0,-1.0867398,0.2522327
1,178,0,29381,1,0,0,-1.344665,0.20674394
157,48,0,8075,157,0,0,-2.1176343,0.107394636
117,94,0,15631,117,0,0,-1.5579064,0.17394727
72,217,0,35870,72,0,0,-1.0606403,0.2571871
55,212,0,35056,55,0,0,-1.2918422,0.21554115
55,10,0,1726,55,0,0,-2.0109487,0.11805817
32,24,0,3992,32,0,0,-1.9405859,0.12558351
18,190,0,31388,18,0,0,-3.836473,0.021114122
16,138,0,22792,16,0,0,-3.0097165,0.046988837
10,4,0,690,10,0,0,-1.5995731,0.16804129
22,51,0,8418,22,0,0,-1.5549526,0.1743721
79,44,0,7339,79,0,0,-1.3022141,0.21379262
113,89,1,14786,113,0,0,-1.5565412,0.17414352
138,77,0,12841,138,0,0,-1.5049367,0.18169038
97,127,0,21051,97,0,0,-1.9800711,0.12131126
7,103,0,16995,7,0,0,-2.2987359,0.09122771
13,134,0,22149,13,0,0,-1.6118042,0.16633826
73,15,0,2544,73,0,0,-1.2067506,0.2302765
158,217,0,35963,158,0,0,-1.2344267,0.22540759
55,167,0,27631,55,0,0,-1.8376348,0.13733126
4,101,0,16673,4,0,0,-1.9465704,0.124927804
164,53,0,8906,164,0,0,-1.7010062,0.1543339
3,12,0,1990,3,0,0,-1.2640898,0.22027065
55,207,0,34231,55,0,0,-1.4205265,0.19457906
118,67,0,11168,118,0,0,-1.0206244,0.26490578
61,188,0,31081,61,0,0,-1.5031674,0.1819536
153,172,0,28532,153,0,0,-2.0909607,0.1099785
92,155,0,25667,92,0,0,-1.4047217,0.19706792
96,49,0,8184,96,0,0,-2.6657596,0.065024294
115,98,0,16274,115,0,0,-2.3364742,0.088146895
32,122,1,20162,32,0,0,-1.5519903,0.174799
1,77,0,12716,1,0,0,-1.369664,0.20267415
22,131,0,21618,22,0,0,-1.3417244,0.20722662
148,96,0,15989,148,0,0,-1.2364151,0.2250606
120,87,0,14473,120,0,0,-1.9284241,0.12692511
117,203,0,33616,117,0,0,-1.4180081,0.19497404
78,176,0,29118,78,0,0,-1.867059,0.13388239
18,55,0,9113,18,0,0,-2.2758904,0.09313949
122,189,0,31308,122,0,0,-4.142618,0.015632946
57,118,0,19544,57,0,0,-1.1748307,0.23598292
78,173,0,28623,78,0,0,-1.3814399,0.20077784
80,121,0,20045,80,0,0,-1.1659727,0.23758371
8,122,0,20134,8,0,0,-1.1733658,0.23624714
12,202,0,33331,12,0,0,-1.749882,0.14806208
162,133,0,22108,162,0,0,-1.2562876,0.22161363
94,156,0,25833,94,0,0,-1.268192,0.2195669
25,137,0,22641,25,0,0,-0.8367537,0.3022189
39,126,0,20804,39,0,0,-1.4763148,0.1859847
75,202,0,33397,75,0,0,-1.6710825,0.15827991
48,38,0,6317,48,0,0,-1.3503981,0.2058053
45,32,0,5322,45,0,0,-1.6162221,0.16572654
133,192,0,31819,133,0,0,-1.0555859,0.25815392
96,94,0,15609,96,0,0,-2.2966042,0.091404594
81,184,0,30443,81,0,0,-0.8728496,0.2946617
21,150,0,24770,21,0,0,-1.8488436,0.13600872
143,93,0,15488,143,0,0,-2.7726722,0.05881891
76,214,0,35374,76,0,0,-1.0302029,0.26304477
150,140,1,23256,150,0,0,-1.6238081,0.16468035
73,12,1,2049,73,0,0,-1.145151,0.24137588
29,206,0,34005,29,0,0,-2.7874403,0.058006663
60,26,0,4362,60,0,0,-1.5737226,0.17168635
45,215,0,35517,45,0,0,-0.74287856,0.322375
46,206,1,34033,46,0,0,-2.4911509,0.07648087
155,151,0,25066,155,0,0,-1.3846326,0.20026602
45,198,0,32712,45,0,0,-2.779193,0.05845896
18,156,0,25778,18,0,0,-1.437074,0.19199887
161,116,0,19297,161,0,0,-1.8155456,0.13996923
71,150,0,24807,71,0,0,-1.9297323,0.12678021
164,5,0,986,164,0,0,-2.0852635,0.1105374
46,162,0,26773,46,0,0,-1.0070245,0.26756257
142,111,0,18455,142,0,0,-2.4793582,0.077317975
144,169,0,28030,144,0,0,-1.3767726,0.20152783
60,176,0,29112,60,0,0,-1.6188724,0.16536044
99,150,0,24848,99,0,0,-2.1998682,0.09976233
104,89,1,14785,104,0,0,-1.983772,0.12091731
143,79,0,13178,143,0,0,-1.3630674,0.20374222
45,128,1,21162,45,0,0,-1.3073089,0.2129375
79,152,0,25159,79,0,0,-1.7171516,0.15223841
11,181,0,29896,11,0,0,-2.452682,0.07924264
96,181,0,29964,96,0,0,-0.8974435,0.28957614
94,44,0,7353,94,0,0,-1.2918656,0.2155372
86,177,0,29287,86,0,0,-1.3617663,0.20395337
128,205,0,33951,128,0,0,-2.9758863,0.048527215
115,10,0,1754,115,0,0,-2.0429032,0.11477144
74,58,1,9647,74,0,0,-1.4226575,0.19424531
33,217,0,35831,33,0,0,-0.8633128,0.29664767
76,215,1,35539,76,0,0,-1.0350275,0.2621106
104,140,0,23200,104,0,0,-1.5607495,0.17353912
164,29,0,4946,164,0,0,-1.3363359,0.20811327
32,3,1,527,32,0,0,-0.932528,0.2824121
64,165,1,27288,64,0,0,-2.8158188,0.05647532
9,87,0,14379,9,0,0,-2.2694895,0.093681544
93,213,0,35240,93,0,0,-1.3255346,0.20989896
151,40,0,6754,151,0,0,-1.1379008,0.24270599
55,141,0,23341,55,0,0,-1.5990705,0.16811156
103,100,0,16617,103,0,0,-3.595451,0.026715016
86,187,0,30937,86,0,0,-0.97490424,0.27390406
73,198,1,32739,73,0,0,-2.6816328,0.0640659
12,156,0,25741,12,0,0,-1.3909521,0.1992558
161,110,1,18307,161,0,0,-1.8435452,0.13663255
37,99,0,16356,37,0,0,-1.6776817,0.1574027
43,210,0,34698,43,0,0,-1.0528533,0.25867754
94,188,0,31113,94,0,0,-2.0652444,0.11252105
80,32,0,5360,80,0,0,-1.8972542,0.13041955
8,192,0,31684,8,0,0,-1.0841856,0.25271475
0,65,0,10742,0,0,0,-1.7016716,0.15424708
11,45,0,7456,11,0,0,-1.4007366,0.19769925
27,170,0,28085,27,0,0,-1.5822132,0.17048228
60,133,0,22017,60,0,0,-1.5514474,0.17487732
28,100,0,16534,28,0,0,-2.0110936,0.11804307
4,187,0,30863,4,0,0,-0.7913482,0.31187925
46,27,1,4498,46,0,0,-2.1112678,0.10800646
54,48,0,7973,54,0,0,-1.6648653,0.15910998
100,123,0,20406,100,0,0,-0.8950865,0.29006127
100,130,0,21561,100,0,0,-1.0723271,0.25496078
56,155,0,25635,56,0,0,-1.5573568,0.17402625
75,70,0,11617,75,0,0,-2.2651515,0.09405052
56,128,1,21180,56,0,0,-1.0253913,0.26397857
9,34,0,5634,9,0,0,-1.7217035,0.15165187
38,7,0,1184,38,0,0,-1.5712128,0.17204358
88,130,0,21535,88,0,0,-1.1306298,0.2440449
16,84,0,13882,16,0,0,-2.2354121,0.09661523
85,13,0,2233,85,0,0,-1.4724677,0.18656783
54,153,0,25298,54,0,0,-1.3179755,0.21115531
11,73,0,12076,11,0,0,-1.7454278,0.14862481
111,135,0,22389,111,0,0,-1.0318916,0.26271755
133,202,0,33469,133,0,0,-1.6020598,0.16769393
112,162,0,26838,112,0,0,-1.1277931,0.24456862
48,37,0,6152,48,0,0,-2.079823,0.11107344
53,128,1,21172,53,0,0,-1.1047103,0.24885836
111,94,0,15624,111,0,0,-3.1414428,0.041429784
143,197,0,32648,143,0,0,-2.086652,0.11040096
128,107,0,17781,128,0,0,-2.0878227,0.11028604
157,157,0,26060,157,0,0,-1.1511412,0.2402807
136,162,0,26862,136,0,0,-1.10987,0.24789514
112,166,0,27498,112,0,0,-0.91269666,0.28644833
130,79,0,13165,130,0,0,-1.2454054,0.2234965
142,194,0,32150,142,0,0,-1.7645915,0.14621623
30,127,0,20982,30,0,0,-1.4694958,0.18701926
139,105,1,17463,139,0,0,-1.4972937,0.1828295
56,207,0,34215,56,0,0,-1.2845705,0.21677324
125,190,0,31477,125,0,0,-3.5970068,0.026674597
55,55,1,9151,55,0,0,-2.4720182,0.077843234
149,173,0,28692,149,0,0,-1.3341408,0.20847526
137,209,0,34622,137,0,0,-1.8963172,0.13052586
1,177,0,29216,1,0,0,-1.2924323,0.2154414
9,20,0,3324,9,0,0,-1.0103238,0.26691648
74,199,1,32912,74,0,0,-1.3023493,0.2137699
8,147,0,24259,8,0,0,-1.5572371,0.17404346
111,81,0,13479,111,0,0,-2.0402298,0.115043335
127,192,0,31805,127,0,0,-1.1808715,0.23489554
9,140,0,23124,9,0,0,-1.4998643,0.18244576
142,81,0,13505,142,0,0,-2.4152343,0.08201835
16,179,0,29557,16,0,0,-1.0613894,0.25704402
95,92,0,15274,95,0,0,-1.4529841,0.18954274
138,45,0,7561,138,0,0,-2.1383212,0.10542762
30,86,0,14217,30,0,0,-1.9604008,0.12342367
162,158,0,26233,162,0,0,-1.1604002,0.23859458
54,141,0,23318,54,0,0,-1.5205238,0.1793844
64,20,1,3363,64,0,0,-1.0321171,0.26267385
1,115,0,18986,1,0,0,-1.3819804,0.20069112
81,37,0,6188,81,0,0,-2.95506,0.049497906
146,195,0,32319,146,0,0,-1.0654566,0.25626805
129,167,1,27683,129,0,0,-1.5725484,0.17185341
97,145,1,24021,97,0,0,-1.1769559,0.23559996
48,56,1,9287,48,0,0,-1.4294162,0.19318967
31,184,1,30379,31,0,0,-1.0291679,0.26324546
22,114,0,18813,22,0,0,-1.8601131,0.13468987
47,149,0,24634,47,0,0,-1.6842649,0.15653156
63,103,0,17070,63,0,0,-1.3863881,0.19998501
2,119,0,19641,2,0,0,-3.9003499,0.019833503
32,210,0,34682,32,0,0,-1.2077765,0.2300947
76,70,0,11614,76,0,0,-2.784708,0.05815614
141,119,0,19777,141,0,0,-1.1564298,0.23931663
89,188,0,31109,89,0,0,-1.529047,0.17813316
37,141,1,23286,37,0,0,-2.3253553,0.089044705
99,86,0,14288,99,0,0,-2.1622033,0.10319636
11,201,0,33196,11,0,0,-0.44617656,0.3902702
104,104,0,17260,104,0,0,-1.9033818,0.1297262
94,36,0,6033,94,0,0,-2.3763213,0.08499623
157,33,0,5600,157,0,0,-1.1940739,0.23253112
134,32,0,5414,134,0,0,-1.8241892,0.13893196
58,212,0,35051,58,0,0,-1.2897456,0.21589588
157,101,0,16820,157,0,0,-1.8261187,0.13870129
16,36,0,5962,16,0,0,-2.123029,0.10687859
50,88,0,14578,50,0,0,-1.4561274,0.18906035
60,95,0,15747,60,0,0,-1.8101561,0.14061926
113,9,0,1586,113,0,0,-1.488018,0.18421939
67,75,0,12434,67,0,0,-1.7181005,0.15211599
66,113,0,18700,66,0,0,-1.3892374,0.19952953
84,187,1,30941,84,0,0,-0.7331386,0.32450634
121,188,0,31140,121,0,0,-1.5708592,0.17209394
31,86,0,14209,31,0,0,-2.8482013,0.05477437
43,55,1,9123,43,0,0,-3.1121812,0.04260758
5,75,0,12403,5,0,0,-1.6492238,0.16121387
32,90,1,14882,32,0,0,-1.8385873,0.13721846
42,188,0,31060,42,0,0,-2.0505135,0.11400051
84,135,0,22361,84,0,0,-1.3749135,0.20182717
0,162,0,26747,0,0,0,-1.5763621,0.1713113
130,192,0,31810,130,0,0,-1.3818731,0.20070833
47,81,0,13414,47,0,0,-2.0046551,0.11871503
57,213,0,35219,57,0,0,-0.8494452,0.29954925
111,125,1,20739,111,0,0,-1.5695965,0.17227392
35,148,0,24445,35,0,0,-1.3682926,0.20289585
66,167,0,27610,66,0,0,-1.4600096,0.18846586
75,50,0,8317,75,0,0,-1.1854048,0.23408179
121,135,0,22395,121,0,0,-1.118286,0.24632935
138,26,0,4426,138,0,0,-1.8762338,0.13282207
47,45,0,7474,47,0,0,-1.3186328,0.21104585
78,63,0,10473,78,0,0,-1.205617,0.2304775
138,191,0,31651,138,0,0,-1.8032155,0.14146009
162,24,0,4123,162,0,0,-2.3638272,0.085972965
78,65,0,10803,78,0,0,-1.5303695,0.17793962
49,35,1,5816,49,0,0,-1.2620189,0.22062655
0,198,0,32687,0,0,0,-2.6272566,0.067404695
37,35,0,5796,37,0,0,-1.1909351,0.23309173
132,129,0,21420,132,0,0,-0.9713108,0.2746193
80,202,0,33410,80,0,0,-1.6917973,0.15553963
31,205,1,33844,31,0,0,-2.4406407,0.080125675
49,100,1,16541,49,0,0,-3.730041,0.023429729
150,75,0,12531,150,0,0,-1.7002892,0.1544275
153,182,1,30182,153,0,0,-2.1778078,0.10176113
128,184,0,30486,128,0,0,-0.63920605,0.34542602
162,149,0,24748,162,0,0,-1.1018269,0.24939774
59,41,0,6821,59,0,0,-1.0213268,0.26476905
67,102,0,16889,67,0,0,-1.5066354,0.18143795
27,93,0,15380,27,0,0,-1.2839806,0.21687339
64,191,0,31578,64,0,0,-1.4500163,0.18999906
58,145,0,23996,58,0,0,-2.3818831,0.08456467
149,27,0,4602,149,0,0,-1.6736059,0.15794401
4,116,0,19148,4,0,0,-1.5505328,0.17500933
16,208,1,34342,16,0,0,-2.5216148,0.07435673
116,57,1,9507,116,0,0,-1.5016584,0.1821783
105,22,0,3746,105,0,0,-2.1726284,0.10223554
66,148,0,24475,66,0,0,-1.1231632,0.24542502
20,55,0,9082,20,0,0,-2.5785606,0.07053103
57,37,0,6179,57,0,0,-2.7162693,0.06202014
83,99,0,16416,83,0,0,-1.4451532,0.1907486
121,56,1,9360,121,0,0,-1.4062521,0.19682586
154,27,0,4615,154,0,0,-1.7994742,0.14191508
21,95,0,15695,21,0,0,-1.944906,0.12510987
94,57,1,9498,94,0,0,-1.3725352,0.20221055
27,8,0,1355,27,0,0,-1.3277857,0.20952587
99,144,0,23858,99,0,0,-0.923887,0.28416654
19,137,1,22638,19,0,0,-1.0167665,0.26565772
7,164,0,27060,7,0,0,-2.7903256,0.057849206
145,81,0,13511,145,0,0,-2.564565,0.07145407
121,161,0,26685,121,0,0,-1.2836373,0.21693172
12,2,0,331,12,0,0,-2.7013884,0.06289148
25,63,0,10431,25,0,0,-1.090792,0.2514692
141,189,0,31327,141,0,0,-2.4052904,0.08277017
69,199,1,32897,69,0,0,-1.2852321,0.21666093
70,90,0,14920,70,0,0,-1.3749566,0.20182021
155,197,0,32656,155,0,0,-2.491322,0.07646878
115,131,0,21719,115,0,0,-1.3744743,0.20189792
119,191,0,31620,119,0,0,-1.8718934,0.13332279
65,41,0,6831,65,0,0,-1.1283145,0.2444723
162,160,0,26563,162,0,0,-1.148891,0.2406917
134,116,0,19274,134,0,0,-1.277951,0.2178992
60,169,0,27957,60,0,0,-1.5554824,0.17429586
6,69,1,11401,6,0,0,-1.5690393,0.17235339
5,16,1,2668,5,0,0,-1.3536131,0.20528029
60,36,0,6012,60,0,0,-1.8910654,0.13112305
129,205,1,33953,129,0,0,-1.6841168,0.15655111
91,54,0,9001,91,0,0,-4.9852667,0.0067915143
132,199,1,32970,132,0,0,-1.0831685,0.2529069
60,177,0,29277,60,0,0,-1.2049742,0.23059152
67,166,0,27449,67,0,0,-0.99306977,0.27030617
115,140,1,23204,115,0,0,-1.3981054,0.19811693
94,194,0,32103,94,0,0,-1.0484848,0.25951618
0,2,0,347,0,0,0,-1.7719142,0.14530444
29,38,0,6285,29,0,0,-1.1402825,0.2422685
99,6,0,1088,99,0,0,-1.9546201,0.12405045
71,166,0,27447,71,0,0,-1.0196633,0.265093
129,162,0,26858,129,0,0,-1.1963315,0.23212847
89,157,0,25994,89,0,0,-1.1987307,0.23170109
59,211,0,34871,59,0,0,-1.5617833,0.1733909
26,5,0,834,26,0,0,-1.7614734,0.1466059
24,29,0,4822,24,0,0,-1.2285733,0.22643122
11,187,0,30886,11,0,0,-0.019638628,0.4950905
85,55,0,9163,85,0,0,-2.587719,0.069933005
59,126,0,20846,59,0,0,-1.2810004,0.21737999
61,91,0,15076,61,0,0,-2.271029,0.09355092
19,71,0,11748,19,0,0,-1.8582993,0.1349014
143,8,0,1463,143,0,0,-1.2030709,0.23092937
120,184,1,30478,120,0,0,-0.5641138,0.36259615
150,66,0,11046,150,0,0,-1.0893734,0.2517363
139,46,0,7728,139,0,0,-1.8170137,0.13979259
122,134,0,22233,122,0,0,-1.7343626,0.1500304
134,86,0,14324,134,0,0,-2.5725608,0.07092538
133,74,0,12349,133,0,0,-1.702049,0.15419784
140,151,0,25056,140,0,0,-1.7460115,0.14855097
67,194,0,32069,67,0,0,-1.4280517,0.19340242
163,189,0,31347,163,0,0,-3.130269,0.04187581
139,208,0,34458,139,0,0,-2.1263208,0.106564775
79,116,0,19219,79,0,0,-1.4518418,0.18971826
77,154,0,25464,77,0,0,-1.6797433,0.15712947
74,62,0,10307,74,0,0,-1.911741,0.12878539
114,83,0,13802,114,0,0,-3.50583,0.029146804
27,152,1,25115,27,0,0,-2.93601,0.050401904
82,41,0,6849,82,0,0,-1.1855938,0.2340479
137,112,0,18617,137,0,0,-1.4058709,0.19688614
107,205,0,33934,107,0,0,-2.2756305,0.09316145
85,40,0,6688,85,0,0,-1.8642297,0.13421081
149,128,0,21267,149,0,0,-1.1163971,0.24668019
160,91,1,15179,160,0,0,-3.6605456,0.025073621
136,131,0,21747,136,0,0,-1.2462447,0.22335088
155,177,0,29356,155,0,0,-1.3227253,0.21036524
23,14,0,2315,23,0,0,-1.7643623,0.14624482
72,16,0,2705,72,0,0,-1.4151165,0.1954283
44,127,0,20999,44,0,0,-1.8350265,0.13764057
67,183,1,30254,67,0,0,-1.4818547,0.18514745
51,98,0,16220,51,0,0,-2.3949652,0.083557434
151,18,0,3124,151,0,0,-1.8060837,0.14111212
123,157,0,26029,123,0,0,-1.3400815,0.20749666
131,199,1,32966,131,0,0,-1.4126639,0.19581422
2,11,0,1821,2,0,0,-1.2319078,0.22584768
67,149,0,24644,67,0,0,-1.881043,0.13226913
77,117,0,19359,77,0,0,-3.809343,0.021682195
84,52,0,8666,84,0,0,-1.3201768,0.21078888
15,24,0,3972,15,0,0,-2.4512877,0.07934443
146,23,0,3939,146,0,0,-0.9831235,0.27227247
103,7,0,1272,103,0,0,-1.9884582,0.120420076
108,2,0,440,108,0,0,-2.7435596,0.06045141
12,105,1,17326,12,0,0,-1.1988075,0.23168743
54,136,0,22493,54,0,0,-0.9369516,0.28151652
134,193,1,31979,134,0,0,-0.88353336,0.2924461
35,18,0,2995,35,0,0,-2.626349,0.067461774
150,91,0,15171,150,0,0,-2.8209178,0.056204226
96,14,1,2409,96,0,0,-1.2214966,0.22767319
59,85,0,14081,59,0,0,-1.6182418,0.16544749
75,55,0,9142,75,0,0,-2.5621285,0.07161589
50,176,0,29098,50,0,0,-2.0633278,0.11271259
40,160,0,26445,40,0,0,-0.90395296,0.28823885
2,183,0,30201,2,0,0,-1.5089226,0.18109852
86,11,0,1897,86,0,0,-1.438915,0.19171342
115,108,0,17924,115,0,0,-4.780064,0.008325564
159,192,0,31839,159,0,0,-1.2511268,0.22250515
162,2,0,493,162,0,0,-2.2839503,0.09246094
70,122,0,20200,70,0,0,-1.8330681,0.13787317
27,120,0,19835,27,0,0,-1.522706,0.1790634
142,198,0,32810,142,0,0,-2.5813508,0.07034834
158,87,0,14513,158,0,0,-2.406262,0.08269644
55,7,1,1231,55,0,0,-2.1557891,0.10379149
93,82,0,13625,93,0,0,-1.3493445,0.20597756
130,184,1,30490,130,0,0,-0.56120616,0.36326844
64,78,0,12933,64,0,0,-1.6844466,0.15650757
125,158,0,26197,125,0,0,-1.032288,0.26264077
93,33,0,5540,93,0,0,-1.5220437,0.17916077
149,205,0,33972,149,0,0,-2.7179132,0.06192458
134,95,0,15809,134,0,0,-1.5552449,0.17433003
1,2,0,341,1,0,0,-2.2552283,0.09489944
110,192,0,31799,110,0,0,-1.2803574,0.21748939
32,45,0,7457,32,0,0,-0.91883785,0.28519475
122,130,0,21573,122,0,0,-1.0238522,0.26427773
99,167,0,27653,99,0,0,-1.6295891,0.16388667
30,39,0,6462,30,0,0,-1.6660652,0.1589495
40,204,0,33705,40,0,0,-1.1464531,0.24113753
130,122,1,20260,130,0,0,-2.028449,0.11624816
97,74,0,12306,97,0,0,-1.5552416,0.1743305
87,114,0,18897,87,0,0,-2.1107233,0.10805894
110,88,0,14639,110,0,0,-1.7413325,0.14914376
154,75,1,12535,154,0,0,-1.5344365,0.1773455
87,135,0,22362,87,0,0,-1.0706966,0.25527063
89,0,0,89,89,0,0,-1.5426068,0.17615664
104,128,0,21220,104,0,0,-1.2069774,0.2302363
69,22,0,3692,69,0,0,-2.2140253,0.09849807
2,4,0,666,2,0,0,-1.5845733,0.17014877
27,161,0,26600,27,0,0,-1.6028183,0.1675881
142,146,0,24230,142,0,0,-1.0306363,0.26296076
5,97,0,16033,5,0,0,-1.5364418,0.17705312
146,108,0,17964,146,0,0,-1.1602507,0.23862174
82,91,0,15099,82,0,0,-3.4994888,0.029326778
78,179,0,29613,78,0,0,-1.3780665,0.2013197
156,111,0,18468,156,0,0,-2.016534,0.11747785
27,105,0,17360,27,0,0,-1.5374477,0.17690662
54,162,0,26783,54,0,0,-1.1973002,0.23195584
70,163,0,26965,70,0,0,-1.458982,0.18862307
55,46,0,7666,55,0,0,-2.4234252,0.08140376
15,29,1,4797,15,0,0,-1.6714568,0.15823005
158,193,1,32003,158,0,0,-1.5287948,0.1781701
137,64,0,10697,137,0,0,-3.125479,0.04206842
74,187,1,30932,74,0,0,-0.79503673,0.3110882
86,42,0,7012,86,0,0,-1.9434228,0.1252723
129,133,1,22073,129,0,0,-1.396987,0.19829467
128,0,0,126,128,0,0,-1.3663046,0.20321755
2,112,0,18486,2,0,0,-3.0673118,0.04447593
21,62,0,10250,21,0,0,-2.28327,0.092518054
94,54,0,9003,94,0,0,-3.785596,0.022191687
130,150,0,24880,130,0,0,-2.0690804,0.11213857
103,6,0,1107,103,0,0,-1.9572794,0.12376177
6,189,0,31201,6,0,0,-1.7860079,0.14356287
162,53,0,8908,162,0,0,-1.3487098,0.20608138
18,90,0,14888,18,0,0,-1.7843211,0.14377038
26,54,0,8919,26,0,0,-1.7583299,0.14699964
144,190,0,31495,144,0,0,-4.3731585,0.01245428
34,160,1,26413,34,0,0,-2.0283444,0.11625892
63,89,0,14760,63,0,0,-1.6076219,0.16691904
146,54,0,9054,146,0,0,-3.7274823,0.023488346
38,92,0,15209,38,0,0,-1.2716181,0.21898039
151,139,0,23089,151,0,0,-2.2778397,0.092974976
51,41,0,6815,51,0,0,-1.0826192,0.2530107
26,11,0,1824,26,0,0,-1.5463021,0.175621
85,83,0,13783,85,0,0,-4.2787914,0.013669944
92,79,0,13127,92,0,0,-1.3862374,0.20000912
143,72,0,12023,143,0,0,-2.196791,0.100039035
163,148,0,24582,163,0,0,-0.936349,0.2816384
70,141,1,23335,70,0,0,-2.3117993,0.09015045
114,82,0,13637,114,0,0,-1.2767177,0.21810947
49,133,0,21986,49,0,0,-1.6923931,0.15546139
103,24,0,4077,103,0,0,-1.7870879,0.14343013
164,163,0,27056,164,0,0,-1.761848,0.14655904
77,185,0,30579,77,0,0,-1.3094826,0.21257344
88,117,0,19390,88,0,0,-4.822325,0.007983798
4,147,0,24263,4,0,0,-1.8902631,0.13121447
144,188,0,31165,144,0,0,-2.0698867,0.11205831
16,201,0,33187,16,0,0,-1.4114821,0.1960004
101,161,0,26671,101,0,0,-1.2051244,0.23056488
105,87,1,14471,105,0,0,-3.0218163,0.046449963
38,18,0,2999,38,0,0,-2.1153803,0.1076109
33,60,0,9926,33,0,0,-2.2209384,0.09788591
44,69,1,11429,44,0,0,-1.620667,0.16511291
92,151,0,25007,92,0,0,-1.5952272,0.16864973
125,214,1,35437,125,0,0,-0.75725263,0.31924304
158,100,1,16658,158,0,0,-3.5866103,0.026945854
14,144,0,23762,14,0,0,-1.4527781,0.18957438
107,17,0,2914,107,0,0,-2.47923,0.077327125
68,56,0,9308,68,0,0,-1.1565056,0.23930281
18,134,0,22148,18,0,0,-1.5869117,0.16981885
146,214,1,35454,146,0,0,-2.029744,0.116115205
145,41,0,6911,145,0,0,-1.0222949,0.26458064
108,79,0,13145,108,0,0,-1.3414156,0.20727736
154,83,0,13855,154,0,0,-3.487492,0.029670222
21,173,0,28565,21,0,0,-1.2592142,0.2211092
65,183,0,30261,65,0,0,-1.3674378,0.20303412
4,128,0,21128,4,0,0,-1.42349,0.19411504
147,30,0,5098,147,0,0,-1.350718,0.20575301
54,21,0,3518,54,0,0,-1.9331813,0.12639888
101,109,0,18091,101,0,0,-0.8730761,0.29461464
142,83,0,13835,142,0,0,-3.5929763,0.02677944
20,151,0,24922,20,0,0,-1.6190062,0.16534197
50,188,0,31078,50,0,0,-2.111633,0.10797128
32,13,0,2177,32,0,0,-1.0870023,0.2521832
115,49,0,8189,115,0,0,-2.0355105,0.115524665
31,65,0,10744,31,0,0,-1.7888978,0.14320792
34,77,0,12718,34,0,0,-2.1794195,0.10161391
121,7,0,1275,121,0,0,-2.1808975,0.10147907
10,75,1,12405,10,0,0,-1.8480859,0.13609779
30,212,0,35007,30,0,0,-1.1914189,0.23300527
56,162,0,26790,56,0,0,-1.1365631,0.24295194
43,69,0,11433,43,0,0,-1.8977444,0.13036397
161,193,1,32002,161,0,0,-1.7638557,0.1463081
136,207,0,34287,136,0,0,-1.33269,0.20871475
156,95,0,15828,156,0,0,-1.4738677,0.18635546
139,65,0,10863,139,0,0,-1.5932412,0.16892837
116,89,1,14787,116,0,0,-1.3976555,0.19818841
143,152,0,25223,143,0,0,-2.5945306,0.06949125
116,97,0,16107,116,0,0,-2.5598025,0.0717707
13,30,0,4989,13,0,0,-1.711292,0.15299621
111,6,0,1104,111,0,0,-2.256257,0.09481111
55,60,0,9976,55,0,0,-1.9384947,0.12581332
24,83,0,13732,24,0,0,-3.6255386,0.025943743
92,107,1,17747,92,0,0,-1.7347996,0.14997469
46,43,0,7138,46,0,0,-2.798626,0.057398472
17,178,0,29388,17,0,0,-1.4053617,0.19696668
23,22,0,3635,23,0,0,-2.3796191,0.0847401
114,6,0,1097,114,0,0,-1.9152324,0.12839416
67,181,0,29924,67,0,0,-0.68620825,0.3348771
164,39,0,6596,164,0,0,-1.4254732,0.193805
69,36,0,6002,69,0,0,-1.9982116,0.119390815
78,153,0,25323,78,0,0,-1.2799942,0.2175512
164,61,0,10226,164,0,0,-0.93863803,0.28117552
108,4,1,770,108,0,0,-1.2392998,0.22455789
22,41,0,6768,22,0,0,-1.2256064,0.22695133
127,147,0,24380,127,0,0,-1.5749323,0.17151439
159,122,0,20289,159,0,0,-1.6655982,0.15901195
1,98,0,16181,1,0,0,-1.7486689,0.14821516
142,71,0,11855,142,0,0,-1.0909269,0.25144377
24,133,0,21982,24,0,0,-1.3354211,0.20826407
75,40,0,6667,75,0,0,-2.4232645,0.08141578
111,211,0,34929,111,0,0,-1.160871,0.23850904
119,68,0,11325,119,0,0,-1.9963853,0.11958296
129,113,0,18773,129,0,0,-1.4544237,0.1893217
146,137,1,22749,146,0,0,-1.5344038,0.17735027
122,179,0,29658,122,0,0,-0.22913522,0.4429655
59,155,0,25631,59,0,0,-0.9863917,0.27162537
88,149,0,24670,88,0,0,-2.0271997,0.11637657
148,11,0,1964,148,0,0,-1.40534,0.1969701
1,14,0,2321,1,0,0,-1.9270608,0.12707625
77,22,0,3684,77,0,0,-1.8757136,0.132882
63,180,1,29775,63,0,0,-2.4884706,0.0766704
104,1,0,265,104,0,0,-1.1721854,0.23646018
58,93,0,15416,58,0,0,-1.4888711,0.18409123
149,148,0,24567,149,0,0,-1.2121854,0.2293146
52,40,0,6651,52,0,0,-2.031651,0.11591961
39,30,0,4964,39,0,0,-1.5598083,0.17367417
133,186,0,30829,133,0,0,-2.0922878,0.10984867
120,129,1,21403,120,0,0,-1.3730938,0.20212045
14,58,0,9572,14,0,0,-1.3081553,0.21279569
122,117,0,19428,122,0,0,-4.255429,0.013988551
114,57,1,9512,114,0,0,-1.3777823,0.2013654
10,147,0,24285,10,0,0,-1.7517424,0.14782757
127,23,0,3920,127,0,0,-0.9286577,0.2831971
156,161,0,26718,156,0,0,-1.2669878,0.21977332
107,14,0,2419,107,0,0,-1.7371163,0.14967959
58,151,0,24986,58,0,0,-1.5048037,0.18171017
77,152,0,25134,77,0,0,-2.9179497,0.051273346
81,1,0,248,81,0,0,-1.2678266,0.21962954
103,145,1,24042,103,0,0,-2.2462945,0.095669575
78,56,1,9318,78,0,0,-1.6359069,0.16302277
143,55,0,9218,143,0,0,-3.447723,0.03083684
68,202,0,33398,68,0,0,-1.7984729,0.14203706
145,133,0,22091,145,0,0,-1.0570858,0.25786677
97,138,0,22866,97,0,0,-3.1708288,0.040278364
47,67,0,11104,47,0,0,-1.2691195,0.21940802
102,217,0,35920,102,0,0,-1.0031652,0.26831955
43,84,0,13908,43,0,0,-1.0891101,0.25178587
123,71,0,11839,123,0,0,-1.2670231,0.21976727
11,42,0,6961,11,0,0,-0.96303135,0.27627167
129,8,0,1448,129,0,0,-1.1280805,0.24451551
69,58,1,9632,69,0,0,-1.2828975,0.2170574
67,20,0,3359,67,0,0,-1.3263397,0.20976546
48,138,0,22817,48,0,0,-3.1561337,0.040850274
163,153,1,25407,163,0,0,-1.2102346,0.22965954
68,121,0,20033,68,0,0,-1.4212637,0.19446355
105,194,0,32126,105,0,0,-1.2314091,0.2259349
44,115,0,19019,44,0,0,-1.349241,0.20599449
140,134,1,22251,140,0,0,-1.5427413,0.17613712
37,12,0,2001,37,0,0,-1.502332,0.18207797
151,197,0,32659,151,0,0,-1.3965247,0.19836818
143,12,0,2123,143,0,0,-1.2156045,0.22871089
143,78,0,13013,143,0,0,-1.366322,0.20321472
143,129,0,21428,143,0,0,-2.88196,0.05305259
156,21,1,3618,156,0,0,-1.9139636,0.12853622
65,61,0,10131,65,0,0,-1.1672887,0.23734543
15,181,0,29877,15,0,0,-0.64384997,0.34437677
29,109,1,18000,29,0,0,-0.984883,0.27192396
127,90,0,14975,127,0,0,-2.1727746,0.10222212
51,74,0,12260,51,0,0,-1.4707475,0.18682903
120,169,0,28003,120,0,0,-1.4137256,0.19564709
86,112,0,18562,86,0,0,-1.0939713,0.2508712
64,161,0,26628,64,0,0,-1.158371,0.23896341
92,145,0,24017,92,0,0,-1.7167141,0.15229489
108,200,1,33110,108,0,0,-2.8419237,0.055100296
100,212,0,35091,100,0,0,-1.1708852,0.23669502
59,132,0,21836,59,0,0,-1.1432076,0.24173194
108,74,0,12320,108,0,0,-1.6407585,0.16236188
57,140,0,23174,57,0,0,-1.4341631,0.19245085
42,85,0,14065,42,0,0,-1.0885439,0.25189257
162,58,0,9733,162,0,0,-1.2458668,0.22341643
47,198,1,32719,47,0,0,-2.2485385,0.09547561
61,169,0,27946,61,0,0,-1.1604152,0.23859185
154,89,0,14845,154,0,0,-1.330193,0.20912744
65,179,0,29601,65,0,0,-2.080209,0.11103533
99,151,0,25013,99,0,0,-1.557076,0.17406663
139,140,0,23238,139,0,0,-1.3510435,0.20569983
82,1,0,249,82,0,0,-1.0665584,0.25605813
101,77,0,12811,101,0,0,-1.2896883,0.21590556
137,188,0,31157,137,0,0,-2.1994214,0.09980246
155,36,0,6091,155,0,0,-2.475019,0.077628106
5,8,0,1348,5,0,0,-1.3570416,0.20472154
56,63,0,10455,56,0,0,-1.1906419,0.23314415
107,96,0,15949,107,0,0,-1.2099574,0.2297086
162,157,0,26068,162,0,0,-1.1092064,0.24801886
160,114,0,18974,160,0,0,-2.1773338,0.101804465
58,120,0,19871,58,0,0,-1.0278821,0.2634949
53,134,0,22162,53,0,0,-1.7630608,0.14640741
143,124,0,20603,143,0,0,-0.94021934,0.28085604
60,2,0,402,60,0,0,-2.678712,0.06424127
125,113,0,18772,125,0,0,-2.212246,0.09865618
38,200,0,33029,38,0,0,-0.920834,0.28478798
149,200,0,33147,149,0,0,-2.0637503,0.11267035
152,25,0,4275,152,0,0,-2.6447906,0.066310816
100,38,0,6381,100,0,0,-1.4167426,0.19517276
42,122,0,20170,42,0,0,-1.4780462,0.18572271
1,40,0,6611,1,0,0,-2.380073,0.0847049
0,103,0,17012,0,0,0,-0.74751127,0.32136384
49,135,0,22316,49,0,0,-1.3575606,0.20463705
58,156,0,25811,58,0,0,-1.3266618,0.20971207
16,174,1,28732,16,0,0,-1.0566211,0.2579557
20,36,0,5947,20,0,0,-2.3596559,0.08630133
149,33,0,5592,149,0,0,-1.4695563,0.18701006
95,197,0,32599,95,0,0,-1.1917672,0.23294301
60,201,0,33237,60,0,0,-1.7717607,0.1453235
61,127,0,21016,61,0,0,-1.9825532,0.12104692
73,78,0,12939,73,0,0,-1.9454262,0.12505294
89,192,0,31769,89,0,0,-1.1777351,0.23545967
1,128,1,21131,1,0,0,-1.1917162,0.23295213
2,164,0,27066,2,0,0,-2.7371051,0.06081905
114,7,0,1262,114,0,0,-1.9602332,0.12344181
112,26,0,4398,112,0,0,-1.5414579,0.17632344
118,157,1,26018,118,0,0,-1.2124498,0.22926788
104,153,0,25345,104,0,0,-1.4316173,0.19284682
73,100,1,16569,73,0,0,-3.3770456,0.033020597
107,45,0,7534,107,0,0,-1.0794678,0.25360674
51,105,0,17375,51,0,0,-1.4221127,0.19433059
78,109,0,18063,78,0,0,-0.883315,0.2924913
77,103,0,17049,77,0,0,-1.230802,0.22604108
76,120,0,19864,76,0,0,-0.9129935,0.28638768
99,188,0,31118,99,0,0,-1.673249,0.15799148
8,4,0,664,8,0,0,-1.0872355,0.2521392
33,77,0,12731,33,0,0,-2.1406991,0.105203554
118,172,0,28493,118,0,0,-1.8660412,0.13400045
24,195,0,32212,24,0,0,-1.4119174,0.1959318
128,143,0,23721,128,0,0,-1.3225067,0.21040155
88,175,1,28960,88,0,0,-1.2265382,0.2267879
47,91,0,15064,47,0,0,-2.630651,0.06719164
10,49,0,8115,10,0,0,-1.7586756,0.1469563
125,74,0,12337,125,0,0,-1.6363378,0.162964
25,140,0,23136,25,0,0,-1.5934975,0.16889238
44,125,1,20669,44,0,0,-1.1995995,0.23154648
18,86,0,14228,18,0,0,-2.7593398,0.059561335
15,156,1,25752,15,0,0,-1.4039316,0.19719297
26,87,0,14364,26,0,0,-2.6629696,0.06519412
92,115,0,19067,92,0,0,-1.5393333,0.17663221
7,111,0,18315,7,0,0,-2.0067186,0.11849931
84,215,1,35561,84,0,0,-1.0915213,0.25133193
86,198,0,32752,86,0,0,-2.2666183,0.09392562
120,195,0,32293,120,0,0,-0.9853012,0.27184117
15,121,1,19977,15,0,0,-2.1503394,0.104299515
105,121,0,20081,105,0,0,-1.1707551,0.23671852
73,183,1,30264,73,0,0,-1.389574,0.19947577
141,150,0,24892,141,0,0,-1.485394,0.18461406
33,173,0,28571,33,0,0,-1.2146013,0.22888792
160,207,0,34319,160,0,0,-1.3491719,0.2060058
163,20,0,3462,163,0,0,-0.7771494,0.31493458
130,33,0,5575,130,0,0,-1.7988124,0.1419957
6,158,0,26086,6,0,0,-1.091423,0.2513504
97,105,1,17421,97,0,0,-1.7070508,0.15354663
153,154,0,25562,153,0,0,-1.6207075,0.16510732
17,100,0,16518,17,0,0,-4.8518167,0.0077535813
44,48,1,7964,44,0,0,-2.3686094,0.08559792
93,207,0,34250,93,0,0,-1.2344201,0.22540875
96,105,0,17424,96,0,0,-1.4742334,0.18630001
112,212,1,35088,112,0,0,-1.1616917,0.23836003
89,92,0,15269,89,0,0,-0.9156306,0.28584903
23,180,0,29705,23,0,0,-2.411552,0.082296036
101,174,1,28816,101,0,0,-1.3489096,0.2060487
22,155,0,25578,22,0,0,-1.2537763,0.22204712
113,199,0,32936,113,0,0,-1.2766738,0.21811695
160,61,0,10229,160,0,0,-0.3946848,0.40259004
67,164,1,27119,67,0,0,-2.5234103,0.07423324
46,170,0,28093,46,0,0,-2.8803144,0.053135317
17,189,0,31203,17,0,0,-4.1361947,0.015732104
26,177,0,29214,26,0,0,-1.1985471,0.23173377
26,106,1,17499,26,0,0,-1.3053067,0.21327327
149,104,0,17307,149,0,0,-1.824902,0.13884671
43,173,0,28593,43,0,0,-1.4270825,0.19355367
115,166,0,27494,115,0,0,-0.93758655,0.2813881
120,9,0,1603,120,0,0,-1.9615085,0.12330388
155,55,0,9226,155,0,0,-1.9550145,0.12400761
15,149,0,24597,15,0,0,-1.5887098,0.1695655
151,129,0,21439,151,0,0,-1.0431428,0.26054403
71,30,0,5007,71,0,0,-1.5773456,0.17117174
107,83,0,13804,107,0,0,-3.7959723,0.021967638
113,168,0,27821,113,0,0,-1.3231373,0.21029681
161,211,0,34972,161,0,0,-1.419658,0.19471522
57,167,0,27629,57,0,0,-1.3644865,0.2035121
133,125,0,20764,133,0,0,-0.9515368,0.27857587
90,166,0,27480,90,0,0,-0.84332293,0.3008354
96,4,0,759,96,0,0,-1.1090224,0.2480532
95,130,0,21544,95,0,0,-1.0379,0.2615554
80,159,0,26315,80,0,0,-1.3003879,0.21409975
24,26,0,4327,24,0,0,-1.1121991,0.24746114
15,189,0,31197,15,0,0,-3.409078,0.032012958
84,70,0,11636,84,0,0,-2.636416,0.06683121
42,38,0,6310,42,0,0,-1.580797,0.17068264
1,202,1,33341,1,0,0,-1.6726174,0.15807551
95,12,0,2074,95,0,0,-1.1012731,0.24950144
49,183,1,30236,49,0,0,-1.7559233,0.14730166
15,184,1,30372,15,0,0,-1.4896369,0.18397623
2,155,0,25581,2,0,0,-1.7358649,0.14983894
52,6,0,1041,52,0,0,-2.2214634,0.09783956
2,104,0,17166,2,0,0,-2.1484015,0.10448069
7,132,0,21780,7,0,0,-1.3460381,0.20651884
19,62,0,10263,19,0,0,-1.7917056,0.14286374
38,128,0,21149,38,0,0,-1.426687,0.1936154
10,20,0,3330,10,0,0,-1.0789702,0.25370094
9,195,0,32199,9,0,0,-1.0845678,0.25264257
29,123,0,20310,29,0,0,-0.93107826,0.28270602
24,170,0,28087,24,0,0,-1.7729609,0.1451745
75,86,0,14257,75,0,0,-2.467227,0.07818787
142,4,1,800,142,0,0,-1.1183853,0.24631092
39,210,0,34664,39,0,0,-1.7491891,0.1481495
26,3,0,504,26,0,0,-0.9521273,0.27845722
23,146,0,24095,23,0,0,-1.3031406,0.21363692
38,54,0,8939,38,0,0,-2.5406308,0.07305844
134,24,0,4094,134,0,0,-3.2788234,0.03630486
74,208,0,34397,74,0,0,-2.2683902,0.09377493
82,96,0,15924,82,0,0,-0.9828753,0.27232164
87,102,0,16917,87,0,0,-1.7668862,0.14592998
41,86,0,14236,41,0,0,-2.4604104,0.07868058
100,34,0,5721,100,0,0,-1.6260421,0.16437328
121,43,0,7215,121,0,0,-2.9193497,0.05120529
93,50,0,8345,93,0,0,-1.4663727,0.18749456
143,33,0,5588,143,0,0,-1.4127312,0.19580364
106,155,0,25678,106,0,0,-1.4426413,0.19113667
68,32,0,5348,68,0,0,-1.8959994,0.13056193
117,200,0,33121,117,0,0,-2.3639421,0.085963935
77,20,0,3354,77,0,0,-0.9226608,0.28441605
25,183,1,30231,25,0,0,-1.7739239,0.14505504
40,82,0,13575,40,0,0,-1.6210706,0.16505727
136,119,0,19767,136,0,0,-1.2626026,0.2205262
127,172,0,28505,127,0,0,-1.9715455,0.12222299
39,113,0,18659,39,0,0,-2.0546486,0.113583505
102,213,0,35260,102,0,0,-1.0988235,0.2499604
45,15,0,2517,45,0,0,-1.5442691,0.17591554
121,120,0,19920,121,0,0,-0.99013704,0.27088502
107,87,0,14464,107,0,0,-2.653194,0.06579243
72,81,0,13430,72,0,0,-2.3461802,0.08736987
34,71,0,11728,34,0,0,-2.153988,0.10395916
138,167,0,27691,138,0,0,-2.039137,0.11515465
84,188,0,31106,84,0,0,-1.7228103,0.15150954
66,85,0,14080,66,0,0,-0.7434599,0.32224804
148,113,0,18794,148,0,0,-1.642077,0.16218264
108,55,0,9185,108,0,0,-2.5614665,0.07165992
123,136,0,22564,123,0,0,-1.2729237,0.21875717
155,171,0,28366,155,0,0,-1.8240323,0.13895074
100,6,0,1101,100,0,0,-1.8973331,0.13041061
112,46,0,7698,112,0,0,-2.0170505,0.11742432
53,74,0,12262,53,0,0,-1.5272498,0.17839643
30,217,0,35832,30,0,0,-1.4211903,0.19447505
113,179,0,29636,113,0,0,-1.4319339,0.19279754
12,216,0,35641,12,0,0,-1.3619676,0.2039207
61,28,0,4681,61,0,0,-5.733079,0.00322665
101,160,0,26506,101,0,0,-1.8370831,0.13739663
34,136,1,22453,34,0,0,-0.94803464,0.27928025
68,22,0,3698,68,0,0,-1.9985795,0.11935215
91,19,1,3226,91,0,0,-2.2482939,0.09549674
124,169,0,28007,124,0,0,-2.2491786,0.09542034
36,30,0,4973,36,0,0,-1.5158691,0.18007061
60,65,1,10797,60,0,0,-1.6309383,0.16370186
34,215,0,35488,34,0,0,-1.940284,0.12561665
39,108,0,17834,39,0,0,-2.0549805,0.1135501
152,107,0,17805,152,0,0,-1.6711202,0.15827489
132,211,1,34950,132,0,0,-2.7643752,0.059279907
156,103,0,17148,156,0,0,-1.3596013,0.20430511
89,215,1,35564,89,0,0,-0.924712,0.28399876
74,71,0,11792,74,0,0,-1.3166049,0.21138372
74,134,0,22187,74,0,0,-1.8370411,0.13740161
88,82,0,13615,88,0,0,-1.1809635,0.234879
7,95,0,15675,7,0,0,-1.8652363,0.13409388
136,201,1,33297,136,0,0,-1.8468349,0.13624494
100,104,0,17271,100,0,0,-2.3876495,0.08411934
140,40,0,6741,140,0,0,-1.135915,0.24307115
85,202,0,33418,85,0,0,-1.759548,0.14684696
83,183,0,30276,83,0,0,-0.99773216,0.26938754
73,32,1,5349,73,0,0,-1.6930056,0.155381
80,19,0,3215,80,0,0,-1.7239542,0.15136254
140,31,0,5256,140,0,0,-0.7510372,0.32059535
24,18,0,3007,24,0,0,-2.2245429,0.09756808
34,10,0,1663,34,0,0,-2.322583,0.08926984
44,108,0,17864,44,0,0,-1.929544,0.12680106
140,217,0,35946,140,0,0,-1.241945,0.22409761
36,11,0,1838,36,0,0,-1.215714,0.2286916
90,186,0,30780,90,0,0,-1.9587178,0.12360588
143,41,0,6908,143,0,0,-1.6362257,0.16297929
29,119,0,19650,29,0,0,-2.7273479,0.06137878
129,83,0,13823,129,0,0,-2.550055,0.07242279
33,107,0,17681,33,0,0,-1.4477181,0.19035299
139,187,1,30993,139,0,0,-0.8362148,0.30233258
46,163,0,26938,46,0,0,-1.387341,0.19983259
80,171,0,28295,80,0,0,-1.2639275,0.22029854
88,185,0,30610,88,0,0,-1.6332633,0.16338381
160,202,1,33494,160,0,0,-1.9752822,0.121822655
87,39,0,6522,87,0,0,-1.5489316,0.17524064
97,108,0,17916,97,0,0,-1.8097324,0.14067046
75,121,0,20032,75,0,0,-1.0088025,0.26721427
41,25,1,4171,41,0,0,-2.3093581,0.09035089
33,150,0,24776,33,0,0,-1.3118134,0.21218356
24,161,0,26602,24,0,0,-1.1890061,0.23343675
159,66,0,11049,159,0,0,-0.8731598,0.29459724
21,7,0,1175,21,0,0,-2.3873734,0.08414061
48,46,0,7637,48,0,0,-2.5979517,0.069270365
12,56,0,9241,12,0,0,-1.4937172,0.18336445
21,98,0,16190,21,0,0,-2.5448685,0.07277198
68,164,0,27128,68,0,0,-2.1923435,0.10044016
112,112,0,18588,112,0,0,-1.4984372,0.18265873
116,58,0,9672,116,0,0,-1.233042,0.22564945
57,200,0,33074,57,0,0,-2.5928574,0.069599524
2,92,0,15186,2,0,0,-1.014302,0.2661388
99,25,0,4223,99,0,0,-2.1199102,0.10717666
82,32,0,5364,82,0,0,-1.5899768,0.16938716
154,100,0,16660,154,0,0,-3.2920995,0.03584322
8,136,0,22444,8,0,0,-0.92130256,0.28469256
129,84,1,13988,129,0,0,-1.6759658,0.1576304
155,109,0,18136,155,0,0,-0.8620345,0.29691446
17,122,0,20148,17,0,0,-2.3842876,0.08437872
155,180,0,29851,155,0,0,-2.4771812,0.077473424
72,69,0,11450,72,0,0,-1.696682,0.15489912
146,194,0,32154,146,0,0,-2.3523147,0.086881965
51,189,0,31235,51,0,0,-3.3833358,0.03282034
28,45,0,7459,28,0,0,-0.90184015,0.2886725
70,94,0,15580,70,0,0,-1.3720741,0.20228495
147,179,0,29683,147,0,0,-1.9378295,0.1258865
98,71,0,11812,98,0,0,-1.3299446,0.20916852
107,68,0,11329,107,0,0,-2.3913114,0.08383765
125,124,0,20587,125,0,0,-2.117844,0.10737453
43,162,0,26778,43,0,0,-1.1901326,0.23323523
119,204,0,33765,119,0,0,-2.9207344,0.051138055
90,192,0,31770,90,0,0,-1.3033903,0.21359499
44,80,0,13244,44,0,0,-1.81551,0.1399735
60,158,0,26142,60,0,0,-1.0477755,0.2596525
44,82,0,13574,44,0,0,-1.5938587,0.16884169
149,187,1,31002,149,0,0,-0.68315697,0.33555707
38,30,0,4979,38,0,0,-1.5311213,0.1778297
90,112,1,18570,90,0,0,-1.158655,0.23891176
80,63,0,10475,80,0,0,-0.9861973,0.27166384
137,68,0,11357,137,0,0,-1.8224573,0.13913928
158,96,0,15998,158,0,0,-1.2595239,0.22105587
158,145,1,24083,158,0,0,-2.4038477,0.08287976
64,211,1,34878,64,0,0,-2.3426807,0.08764931
22,34,0,5613,22,0,0,-2.408186,0.0825506
17,68,1,11238,17,0,0,-2.480793,0.07721568
16,103,1,17017,16,0,0,-1.3459432,0.2065344
8,56,0,9244,8,0,0,-1.0966911,0.2503604
28,181,0,29899,28,0,0,-0.4257354,0.39514515
72,187,1,30920,72,0,0,-0.7353536,0.324021
118,190,0,31463,118,0,0,-4.6782317,0.009209827
78,170,0,28128,78,0,0,-2.5730739,0.070891574
90,10,0,1740,90,0,0,-2.0307243,0.11601462
160,110,0,18314,160,0,0,-1.0719854,0.2550257
59,55,0,9131,59,0,0,-1.4027479,0.19738042
149,201,0,33312,149,0,0,-1.8262031,0.13869122
10,162,1,26760,10,0,0,-1.423805,0.19406578
97,93,0,15441,97,0,0,-1.6264377,0.16431895
44,149,0,24629,44,0,0,-1.4632468,0.18797123
145,190,1,31496,145,0,0,-4.006962,0.017863657
116,34,0,5712,116,0,0,-1.6030378,0.16755746
42,114,0,18850,42,0,0,-2.3009424,0.09104494
82,189,0,31269,82,0,0,-2.822014,0.056146104
152,117,0,19455,152,0,0,-4.7795343,0.008329939
28,15,0,2509,28,0,0,-1.5060894,0.18151906
5,20,0,3328,5,0,0,-0.76072973,0.31848785
99,96,0,15938,99,0,0,-1.4899938,0.18392266
60,77,0,12777,60,0,0,-1.527605,0.17834437
135,149,0,24718,135,0,0,-1.5085502,0.18115376
91,196,1,32431,91,0,0,-3.055977,0.044960126
93,158,0,26165,93,0,0,-1.2512581,0.22248243
154,197,0,32665,154,0,0,-2.3308067,0.0886035
83,73,0,12126,83,0,0,-2.284358,0.09242673
68,34,0,5678,68,0,0,-1.6999929,0.1544662
110,194,0,32129,110,0,0,-2.3769212,0.08494959
114,199,1,32942,114,0,0,-1.2886477,0.2160818
27,135,1,22310,27,0,0,-1.3310926,0.2089787
11,74,0,12241,11,0,0,-1.3720312,0.20229188
55,90,0,14926,55,0,0,-1.6473787,0.16146354
160,65,1,10889,160,0,0,-1.6614928,0.15956171
87,174,1,28797,87,0,0,-0.90753174,0.28750518
95,207,0,34249,95,0,0,-1.2915134,0.21559675
124,89,1,14807,124,0,0,-2.1739714,0.10211234
58,213,0,35216,58,0,0,-1.2506237,0.22259219
109,202,0,33442,109,0,0,-1.5449564,0.17581591
13,196,0,32379,13,0,0,-1.9572792,0.1237618
113,33,0,5546,113,0,0,-1.4568164,0.18895473
26,200,0,33009,26,0,0,-1.4044869,0.19710508
114,191,0,31622,114,0,0,-1.6785414,0.1572887
94,39,0,6528,94,0,0,-1.2823279,0.21715422
84,101,1,16751,84,0,0,-2.2640014,0.09414856
34,57,0,9418,34,0,0,-2.5863883,0.070019595
69,129,0,21347,69,0,0,-1.370924,0.2024706
32,198,0,32702,32,0,0,-3.0833957,0.043797385
10,180,0,29730,10,0,0,-2.5536957,0.072178595
146,134,0,22254,146,0,0,-1.7641003,0.14627755
129,126,0,20918,129,0,0,-1.1881521,0.2335896
22,173,0,28548,22,0,0,-1.2037616,0.23080672
59,42,0,6986,59,0,0,-1.8809397,0.13228098
8,214,0,35314,8,0,0,-0.8790058,0.29338384
61,57,0,9466,61,0,0,-2.7215488,0.06171372
52,195,0,32226,52,0,0,-1.0241604,0.2642178
143,23,0,3938,143,0,0,-1.090462,0.2515313
50,204,0,33718,50,0,0,-1.6364908,0.16294312
23,52,0,8585,23,0,0,-1.31796,0.21115789
101,91,0,15121,101,0,0,-2.1433835,0.10495113
66,132,0,21835,66,0,0,-1.1717632,0.23653643
48,143,0,23642,48,0,0,-1.0669731,0.25597915
130,2,0,460,130,0,0,-2.5760808,0.070693776
69,84,0,13922,69,0,0,-1.2473028,0.22316739
113,201,0,33266,113,0,0,-1.8441327,0.13656326
88,137,0,22690,88,0,0,-1.4128876,0.19577901
67,12,0,2039,67,0,0,-1.0314553,0.26280206
109,214,1,35422,109,0,0,-0.9691052,0.2750589
56,164,1,27120,56,0,0,-2.5908122,0.06973208
138,196,0,32476,138,0,0,-2.5314713,0.07368117
15,216,0,35652,15,0,0,-1.2713394,0.21902806
115,106,1,17594,115,0,0,-2.3631823,0.08602366
112,73,0,12153,112,0,0,-2.3304386,0.088633224
126,201,0,33294,126,0,0,-2.1499112,0.104339525
116,99,0,16437,116,0,0,-1.4980345,0.18271886
81,173,1,28628,81,0,0,-1.3097959,0.212521
19,52,0,8613,19,0,0,-1.2845178,0.21678218
86,117,0,19387,86,0,0,-4.539229,0.010568748
121,67,0,11175,121,0,0,-1.091567,0.2513233
60,153,1,25317,60,0,0,-1.2976141,0.21456683
83,11,0,1896,83,0,0,-1.3996162,0.19787702
93,23,0,3890,93,0,0,-1.0593064,0.25744203
57,66,0,10964,57,0,0,-1.0766655,0.25413755
82,161,0,26649,82,0,0,-1.3993096,0.19792569
148,10,0,1799,148,0,0,-1.8898728,0.13125898
18,205,0,33863,18,0,0,-2.5209887,0.07439983
131,88,0,14651,131,0,0,-1.588505,0.16959433
30,174,0,28737,30,0,0,-1.2451935,0.22353327
157,23,0,3950,157,0,0,-0.8328053,0.30305225
129,20,0,3428,129,0,0,-1.1105983,0.24775936
117,69,0,11506,117,0,0,-1.8677859,0.13379812
119,29,0,4890,119,0,0,-1.3845773,0.20027487
56,107,0,17715,56,0,0,-1.916642,0.1282365
77,187,1,30909,77,0,0,-0.96492904,0.2758924
42,59,0,9775,42,0,0,-2.6354027,0.06689443
18,1,0,203,18,0,0,-1.478266,0.18568948
27,56,0,9275,27,0,0,-1.6757741,0.15765586
125,55,0,9202,125,0,0,-2.6240196,0.06760847
140,175,0,29016,140,0,0,-2.277144,0.093033664
2,3,0,501,2,0,0,-0.9749302,0.2738989
71,111,0,18372,71,0,0,-1.9369209,0.12598652
53,59,0,9787,53,0,0,-2.702764,0.06281045
36,107,1,17678,36,0,0,-2.2258089,0.097456664
74,17,0,2882,74,0,0,-3.1513362,0.041038662
86,46,0,7672,86,0,0,-1.8752654,0.13293365
107,90,0,14959,107,0,0,-1.5561767,0.17419596
97,113,0,18741,97,0,0,-1.375469,0.20173769
96,209,0,34584,96,0,0,-1.6479514,0.16138603
93,128,0,21215,93,0,0,-1.2348862,0.22532737
76,189,0,31249,76,0,0,-3.1450481,0.04128684
149,22,0,3777,149,0,0,-2.2407005,0.096154645
46,101,0,16708,46,0,0,-2.1975482,0.099970885
103,203,0,33612,103,0,0,-1.4065399,0.19678037
66,89,1,14740,66,0,0,-2.1513069,0.10420916
140,50,0,8391,140,0,0,-1.8467896,0.13625027
155,188,0,31171,155,0,0,-2.1615493,0.1032569
82,214,1,35394,82,0,0,-0.91992235,0.2849737
163,80,0,13362,163,0,0,-2.156326,0.10374156
159,138,0,22929,159,0,0,-3.2942557,0.035768777
50,206,0,34048,50,0,0,-2.5823398,0.07028369
138,96,0,15976,138,0,0,-1.0513,0.25897554
72,90,0,14915,72,0,0,-1.9392734,0.12572771
12,112,0,18481,12,0,0,-3.1059644,0.042861897
110,181,0,29984,110,0,0,-1.1961019,0.23216939
77,137,0,22659,77,0,0,-1.6740985,0.1578785
77,127,0,21009,77,0,0,-1.4233222,0.1941413
101,154,0,25516,101,0,0,-1.6826472,0.15674525
76,22,0,3694,76,0,0,-2.1174886,0.107408606
54,24,0,4013,54,0,0,-1.4974525,0.18280578
27,53,1,8780,27,0,0,-1.328552,0.20939898
123,40,0,6724,123,0,0,-1.8009243,0.1417386
109,199,1,32947,109,0,0,-1.3548949,0.20507127
62,11,0,1888,62,0,0,-1.6193459,0.1652951
50,21,0,3523,50,0,0,-1.8721046,0.13329838
102,146,0,24205,102,0,0,-1.0255437,0.26394898
154,180,0,29860,154,0,0,-2.0878756,0.11028085
14,191,0,31517,14,0,0,-1.0192755,0.26516855
101,151,0,25021,101,0,0,-1.4176815,0.19502531
158,147,0,24413,158,0,0,-2.0199718,0.117121905
78,36,0,6018,78,0,0,-1.8726835,0.13323152
6,45,0,7441,6,0,0,-1.1641338,0.23791696
51,217,0,35855,51,0,0,-1.1857522,0.23401952
133,185,0,30664,133,0,0,-1.3626463,0.20381054
27,193,1,31880,27,0,0,-1.454915,0.18924628
51,127,0,21005,51,0,0,-2.1424592,0.105037995
4,113,0,18653,4,0,0,-1.7037663,0.153974
106,122,0,20233,106,0,0,-1.7564335,0.14723758
77,188,1,31074,77,0,0,-1.6893442,0.15586211
31,120,0,19819,31,0,0,-1.1074934,0.24833849
114,141,1,23372,114,0,0,-1.4297087,0.19314407
104,55,0,9175,104,0,0,-1.9770539,0.12163325
89,84,1,13949,89,0,0,-1.2394843,0.22452576
158,177,0,29363,158,0,0,-1.6057184,0.1671839
54,99,0,16388,54,0,0,-1.902277,0.12985098
132,136,0,22575,132,0,0,-1.0480773,0.25959447
151,69,0,11539,151,0,0,-1.8883619,0.13143136
75,165,0,27292,75,0,0,-2.6175783,0.06801564
119,199,1,32940,119,0,0,-1.4278948,0.1934269
104,49,1,8185,104,0,0,-2.1863108,0.10098654
19,109,0,18018,19,0,0,-1.0814724,0.25322747
38,210,0,34679,38,0,0,-1.4983199,0.18267624
141,156,0,25882,141,0,0,-1.2811537,0.21735391
47,177,0,29254,47,0,0,-1.3681545,0.20291817
99,99,0,16433,99,0,0,-1.462071,0.18815078
90,75,1,12465,90,0,0,-2.0986686,0.109226294
93,69,0,11480,93,0,0,-1.2861872,0.21649887
90,95,0,15765,90,0,0,-1.9098964,0.1289925
34,16,1,2653,34,0,0,-1.1561645,0.2393649
152,29,0,4935,152,0,0,-1.3513124,0.20565589
66,34,0,5665,66,0,0,-2.1398163,0.105286695
126,0,0,129,126,0,0,-1.6199248,0.16521524
29,27,0,4470,29,0,0,-1.8149185,0.14004473
55,35,0,5851,55,0,0,-1.0370026,0.26172876
55,152,0,25156,55,0,0,-3.1164885,0.042432223
37,59,0,9756,37,0,0,-3.8737097,0.02035807
39,134,0,22124,39,0,0,-2.0960462,0.1094817
125,68,1,11347,125,0,0,-1.9970756,0.119510315
106,63,0,10498,106,0,0,-1.1142788,0.24707405
59,164,0,27116,59,0,0,-2.2483382,0.0954929
90,151,0,25005,90,0,0,-1.6982014,0.15470031
12,167,0,27556,12,0,0,-1.436209,0.1921331
88,201,0,33250,88,0,0,-1.6389077,0.16261375
68,145,0,23993,68,0,0,-2.0407915,0.11498616
0,83,0,13712,0,0,0,-4.3381443,0.012892359
3,100,1,16510,3,0,0,-3.673278,0.024764251
21,104,0,17180,21,0,0,-3.4248562,0.031527612
157,89,0,14840,157,0,0,-1.5533631,0.17460106
98,38,0,6367,98,0,0,-1.2408042,0.22429603
22,147,0,24258,22,0,0,-1.2526586,0.22224025
25,113,0,18681,25,0,0,-1.9573665,0.12375234
39,123,0,20309,39,0,0,-1.5329361,0.1775645
35,96,0,15865,35,0,0,-1.5319653,0.17770633
123,159,0,26359,123,0,0,-1.4983544,0.18267109
55,29,0,4861,55,0,0,-1.4978185,0.18275112
21,172,0,28400,21,0,0,-1.9837055,0.12092438
43,35,0,5823,43,0,0,-1.1032375,0.24913378
133,22,0,3769,133,0,0,-2.7186933,0.06187928
156,138,0,22923,156,0,0,-3.168775,0.04035783
117,128,0,21241,117,0,0,-1.2358682,0.225156
145,216,1,35786,145,0,0,-1.2259674,0.226888
120,132,0,21898,120,0,0,-0.71517134,0.32845718
32,204,0,33692,32,0,0,-1.0830146,0.25293595
11,11,0,1846,11,0,0,-1.1154108,0.24686353
42,113,0,18685,42,0,0,-1.4003265,0.1977643
7,165,1,27225,7,0,0,-3.176291,0.040067747
76,102,0,16894,76,0,0,-1.5128663,0.1805144
15,52,0,8592,15,0,0,-1.9639645,0.12303864
99,205,1,33923,99,0,0,-2.6024206,0.0689828
66,174,1,28765,66,0,0,-1.6303322,0.16378485
158,94,1,15668,158,0,0,-2.5823073,0.070285805
118,21,1,3578,118,0,0,-1.7264078,0.15104765
6,61,0,10081,6,0,0,-1.033424,0.26242083
122,97,1,16128,122,0,0,-2.4033566,0.0829171
103,215,1,35592,103,0,0,-1.1110003,0.24768445
90,183,1,30285,90,0,0,-1.3732948,0.20208804
2,107,0,17661,2,0,0,-1.7692618,0.14563414
114,80,0,13307,114,0,0,-2.469547,0.07802081
24,124,0,20497,24,0,0,-1.2266355,0.22677085
20,61,0,10072,20,0,0,-0.21334112,0.4468661
120,145,1,24043,120,0,0,-2.4770045,0.07748605
73,152,0,25149,73,0,0,-1.8108547,0.14053486
70,59,0,9805,70,0,0,-4.1845784,0.015000192
2,36,0,5946,2,0,0,-1.4168689,0.19515291
5,112,0,18508,5,0,0,-4.206948,0.014673241
123,92,0,15304,123,0,0,-1.1199756,0.24601582
78,122,0,20208,78,0,0,-2.1057296,0.10854118
111,65,1,10839,111,0,0,-0.88302606,0.2925511
92,141,1,23357,92,0,0,-2.4125242,0.08222263
139,12,0,2118,139,0,0,-1.2158465,0.22866821
116,93,0,15447,116,0,0,-1.8921268,0.13100216
47,144,0,23809,47,0,0,-0.95913976,0.27705047
21,72,0,11900,21,0,0,-2.5998752,0.069146454
115,50,0,8354,115,0,0,-1.2859244,0.21654344
17,170,0,28068,17,0,0,-3.1803641,0.03991138
95,46,0,7684,95,0,0,-2.4377933,0.0803358
69,83,0,13757,69,0,0,-2.379331,0.08476244
117,70,0,11671,117,0,0,-1.6351686,0.16312355
64,105,1,17388,64,0,0,-0.9482382,0.27923927
90,169,0,27975,90,0,0,-1.4110496,0.19606856
80,179,0,29615,80,0,0,-2.1437175,0.104919754
127,155,0,25700,127,0,0,-1.4938004,0.183352
137,145,1,24062,137,0,0,-1.011792,0.2666293
118,212,0,35093,118,0,0,-1.4715524,0.18670678
103,192,0,31797,103,0,0,-1.1046468,0.24887024
71,15,0,2532,71,0,0,-1.2851815,0.2166695
152,166,0,27540,152,0,0,-0.85038817,0.29935142
118,41,0,6878,118,0,0,-1.2893326,0.21596579
19,115,0,19008,19,0,0,-1.3735063,0.20205393
131,185,0,30656,131,0,0,-1.5125103,0.18056707
2,8,0,1326,2,0,0,-1.3692553,0.20274019
130,20,0,3430,130,0,0,-1.1064945,0.248525
93,70,0,11645,93,0,0,-2.9288244,0.050746925
54,41,0,6818,54,0,0,-1.2186744,0.22816981
142,117,0,19445,142,0,0,-4.975546,0.0068574003
37,34,0,5631,37,0,0,-2.0570054,0.113346435
70,118,0,19540,70,0,0,-2.1647298,0.10296278
128,86,0,14316,128,0,0,-2.6855764,0.06382984
15,170,0,28062,15,0,0,-2.055112,0.11353687
117,136,1,22561,117,0,0,-0.85669297,0.29803073
141,91,0,15157,141,0,0,-3.0982666,0.04317881
51,72,0,11930,51,0,0,-1.9655244,0.12287042
75,77,0,12772,75,0,0,-1.5590413,0.17378426
31,20,0,3319,31,0,0,-1.2260439,0.22687458
45,83,0,13737,45,0,0,-3.224415,0.038257208
31,216,0,35659,31,0,0,-1.4765825,0.18594417
153,215,0,35627,153,0,0,-0.90566516,0.2878877
47,150,0,24799,47,0,0,-1.8050642,0.14123572
141,130,0,21592,141,0,0,-0.9947797,0.26996902
38,47,0,7784,38,0,0,-0.96518266,0.27584174
39,77,0,12719,39,0,0,-2.617237,0.06803728
32,116,0,19172,32,0,0,-1.7324402,0.1502757
152,215,0,35625,152,0,0,-0.8713089,0.29498202
147,98,0,16318,147,0,0,-2.245797,0.09571263
151,215,0,35629,151,0,0,-1.025342,0.26398817
161,188,0,31177,161,0,0,-1.6168416,0.16564092
124,7,0,1277,124,0,0,-1.8451126,0.13644776
31,203,0,33514,31,0,0,-1.389657,0.19946252
82,136,0,22524,82,0,0,-0.94193566,0.2805095
147,213,1,35293,147,0,0,-0.89708287,0.28965035
43,180,0,29748,43,0,0,-2.4834335,0.077027746
6,95,0,15691,6,0,0,-1.3953099,0.19856142
72,68,0,11285,72,0,0,-2.1893287,0.10071288
109,197,0,32617,109,0,0,-1.5578866,0.17395012
39,115,0,18989,39,0,0,-1.9522233,0.124311134
93,90,0,14945,93,0,0,-1.8696904,0.13357754
32,192,0,31712,32,0,0,-1.1425648,0.24184978
113,28,0,4721,113,0,0,-4.7405553,0.008658176
17,47,0,7773,17,0,0,-0.9829216,0.27231246
36,31,0,5138,36,0,0,-1.1775701,0.23548938
143,194,0,32153,143,0,0,-1.1793299,0.2351727
136,171,0,28347,136,0,0,-2.7086682,0.062463798
89,124,0,20549,89,0,0,-1.7603922,0.14674123
32,16,0,2672,32,0,0,-0.9033119,0.28837037
135,197,0,32638,135,0,0,-1.124038,0.24526305
6,89,0,14701,6,0,0,-1.4327476,0.19267094
35,150,0,24775,35,0,0,-1.8037033,0.14140086
54,71,0,11768,54,0,0,-1.5945086,0.16875051
44,201,0,33209,44,0,0,-1.7554028,0.14736705
163,158,0,26232,163,0,0,-1.0638665,0.25657126
150,188,0,31176,150,0,0,-1.7890296,0.14319174
161,64,0,10717,161,0,0,-2.102809,0.108824104
122,28,0,4743,122,0,0,-6.030887,0.0023975987
97,72,0,11976,97,0,0,-2.2805896,0.09274333
8,174,1,28714,8,0,0,-1.0971684,0.2502708
39,141,0,23279,39,0,0,-1.6680682,0.15868191
52,3,0,546,52,0,0,-0.83227426,0.3031644
30,115,0,19002,30,0,0,-1.1347203,0.24329104
60,89,1,14757,60,0,0,-2.104757,0.10863532
114,32,0,5387,114,0,0,-1.8151884,0.14001223
92,87,1,14447,92,0,0,-2.996979,0.04756254
44,217,0,35849,44,0,0,-1.0543965,0.25838175
76,187,1,30919,76,0,0,-0.7883444,0.31252426
19,148,0,24453,19,0,0,-1.1113985,0.24761027
25,120,0,19836,25,0,0,-1.4689186,0.18710704
75,192,0,31747,75,0,0,-1.6475058,0.16144633
58,32,0,5351,58,0,0,-1.8515723,0.1356884
116,36,0,6042,116,0,0,-1.9020336,0.12987849
17,140,0,23118,17,0,0,-1.574786,0.1715352
151,115,0,19129,151,0,0,-1.6044152,0.16736543
85,176,0,29128,85,0,0,-1.5223379,0.1791175
77,201,0,33219,77,0,0,-1.877368,0.13269149
72,181,0,29930,72,0,0,-0.8640322,0.29649758
24,174,1,28747,24,0,0,-0.6681905,0.33890215
93,114,0,18905,93,0,0,-2.0567749,0.11336961
122,47,1,7878,122,0,0,-1.4402118,0.19151255
113,26,0,4391,113,0,0,-1.7894099,0.14314508
56,67,0,11115,56,0,0,-1.0214517,0.26474473
42,164,0,27100,42,0,0,-2.0684187,0.112204455
123,15,0,2599,123,0,0,-1.2067091,0.23028384
160,119,0,19799,160,0,0,-1.1326659,0.24366947
120,214,1,35428,120,0,0,-1.6579599,0.16003604
99,128,0,21218,99,0,0,-1.1863315,0.23391569
60,48,0,7992,60,0,0,-2.7996445,0.05734339
150,52,0,8736,150,0,0,-1.5254812,0.1786558
124,111,1,18437,124,0,0,-1.3782105,0.20129655
55,9,0,1561,55,0,0,-2.451703,0.0793141
70,32,0,5350,70,0,0,-1.8694592,0.13360432
99,74,0,12308,99,0,0,-1.5470076,0.17551889
145,3,0,641,145,0,0,-0.96987075,0.27490628
87,196,1,32427,87,0,0,-4.410762,0.012000169
120,172,0,28498,120,0,0,-2.1823359,0.10134799
38,64,0,10589,38,0,0,-1.5239847,0.1788755
90,177,1,29295,90,0,0,-1.4177215,0.19501902
57,216,0,35714,57,0,0,-1.3333375,0.20860784
116,0,0,102,116,0,0,-1.3794503,0.2010973
125,199,1,32962,125,0,0,-1.2255743,0.22695698
131,53,0,8876,131,0,0,-1.3339024,0.2085146
78,158,0,26148,78,0,0,-1.2546191,0.22190157
125,61,0,10192,125,0,0,-1.0435929,0.26045734
74,79,0,13112,74,0,0,-1.0821598,0.25309753
115,9,0,1589,115,0,0,-1.3175466,0.21122676
14,31,0,5117,14,0,0,-0.61111337,0.35180527
60,34,0,5682,60,0,0,-1.9526253,0.124267384
51,186,0,30740,51,0,0,-2.7546177,0.05982639
79,88,0,14599,79,0,0,-1.3269281,0.20966794
35,79,0,13060,35,0,0,-0.96015483,0.27684718
18,167,0,27593,18,0,0,-1.5996253,0.16803399
44,30,0,4994,44,0,0,-1.513861,0.1803673
64,33,0,5508,64,0,0,-1.3130753,0.21197268
92,45,0,7517,92,0,0,-1.6706264,0.15834068
52,19,0,3186,52,0,0,-1.9893484,0.12032581
125,153,0,25372,125,0,0,-1.4646511,0.18775699
77,131,0,21669,77,0,0,-2.0764036,0.111411504
9,213,0,35169,9,0,0,-0.9942115,0.27008104
4,30,0,4958,4,0,0,-1.5518341,0.17482153
43,12,0,2028,43,0,0,-1.1047668,0.2488478
20,13,0,2152,20,0,0,-1.2471089,0.22320099
108,208,0,34430,108,0,0,-1.9080033,0.12920533
85,125,1,20713,85,0,0,-1.2234914,0.22732261
128,49,1,8211,128,0,0,-3.0111332,0.04692544
18,155,0,25613,18,0,0,-2.0126138,0.117884904
24,81,0,13402,24,0,0,-3.453634,0.03066067
28,18,0,3004,28,0,0,-2.5826833,0.07026124
18,127,0,20993,18,0,0,-1.5040534,0.18182176
63,22,0,3705,63,0,0,-2.1106758,0.10806351
50,31,0,5173,50,0,0,-1.236959,0.22496577
63,104,0,17235,63,0,0,-2.7033505,0.06277594
50,82,0,13588,50,0,0,-1.4006565,0.19771196
155,207,0,34306,155,0,0,-1.3178263,0.21118017
54,85,1,14078,54,0,0,-1.547677,0.17542203
152,152,0,25230,152,0,0,-2.0341656,0.115662165
66,122,0,20185,66,0,0,-2.3207412,0.08941969
71,169,0,27942,71,0,0,-1.2334676,0.22557509
35,130,0,21475,35,0,0,-1.2237122,0.22728384
36,192,0,31703,36,0,0,-0.94890636,0.27910483
134,214,0,35444,134,0,0,-0.9271868,0.2834958
77,181,0,29919,77,0,0,-0.88421845,0.29230437
59,170,0,28106,59,0,0,-1.5428917,0.17611529
2,60,0,9906,2,0,0,-1.3253045,0.20993711
111,166,0,27504,111,0,0,-1.0749514,0.2544626
12,12,0,1981,12,0,0,-1.3313546,0.20893538
50,137,0,22663,50,0,0,-1.7778153,0.1445731
33,156,0,25766,33,0,0,-1.3025591,0.21373463
63,201,0,33240,63,0,0,-1.6607978,0.15965493
50,181,0,29923,50,0,0,-1.3439112,0.2068676
144,194,1,32155,144,0,0,-1.1503073,0.24043296
163,155,0,25737,163,0,0,-1.8143182,0.14011705
75,212,0,35047,75,0,0,-1.1701705,0.23682415
14,104,0,17162,14,0,0,-2.0097947,0.11817837
60,188,0,31092,60,0,0,-1.8543787,0.1353596
136,120,0,19932,136,0,0,-0.97011673,0.27485722
130,94,1,15640,130,0,0,-1.4741666,0.18631013
117,73,0,12166,117,0,0,-2.287503,0.09216326
78,123,0,20373,78,0,0,-0.838815,0.30178443
69,87,0,14417,69,0,0,-2.9850583,0.04810547
92,131,0,21707,92,0,0,-1.443018,0.19107844
140,117,0,19446,140,0,0,-2.8561604,0.05436375
34,7,0,1168,34,0,0,-2.138262,0.105433196
144,2,0,475,144,0,0,-2.7297444,0.061240856
41,204,0,33706,41,0,0,-1.3627741,0.2037898
89,106,1,17579,89,0,0,-1.8642824,0.13420469
50,184,1,30418,50,0,0,-0.615715,0.35075662
64,126,0,20853,64,0,0,-1.0558066,0.25811163
1,105,0,17336,1,0,0,-1.2414417,0.22418514
9,26,0,4314,9,0,0,-1.1523752,0.2400555
98,142,0,23527,98,0,0,-2.1244485,0.106743164
151,52,0,8734,151,0,0,-1.5879469,0.16967295
5,111,0,18343,5,0,0,-1.6144567,0.16597079
94,173,0,28638,94,0,0,-1.4110541,0.19606784
64,50,0,8313,64,0,0,-2.0278895,0.116305664
19,43,0,7128,19,0,0,-3.7224154,0.023604844
10,93,0,15375,10,0,0,-1.9044862,0.12960157
68,2,0,398,68,0,0,-2.7954552,0.057570264
39,201,0,33179,39,0,0,-0.86282754,0.29674894
98,156,1,25837,98,0,0,-1.2420518,0.22407904
47,39,0,6484,47,0,0,-1.6158705,0.16577516
29,130,0,21465,29,0,0,-0.83248955,0.3031189
137,206,0,34127,137,0,0,-3.0384223,0.045719955
111,174,1,28824,111,0,0,-1.111187,0.24764967
64,28,0,4683,64,0,0,-5.6985507,0.0033396278
10,117,1,19335,10,0,0,-4.5407147,0.010553222
106,9,0,1588,106,0,0,-1.157363,0.23914675
93,45,0,7520,93,0,0,-1.3164043,0.21141714
60,110,0,18222,60,0,0,-1.024539,0.2641442
40,87,0,14400,40,0,0,-3.3173652,0.03498024
54,60,0,9953,54,0,0,-1.7815509,0.14411174
149,18,0,3117,149,0,0,-1.735002,0.14994888
135,90,0,14983,135,0,0,-2.0283408,0.116259284
60,129,0,21357,60,0,0,-1.1910677,0.23306803
131,26,0,4421,131,0,0,-2.0951211,0.10957193
18,187,0,30893,18,0,0,-0.90745395,0.28752112
36,18,0,2993,36,0,0,-2.2865446,0.092243485
21,88,0,14540,21,0,0,-2.0790918,0.11114566
1,30,0,4961,1,0,0,-1.3118603,0.21217571
34,200,0,33013,34,0,0,-1.3897097,0.1994541
39,193,1,31859,39,0,0,-1.622483,0.16486272
81,47,1,7838,81,0,0,-1.2408664,0.22428522
109,79,0,13147,109,0,0,-1.2290525,0.2263473
36,13,0,2168,36,0,0,-1.5313165,0.17780115
28,186,0,30724,28,0,0,-1.3126922,0.2120367
50,49,0,8143,50,0,0,-1.6981077,0.15471257
117,201,0,33286,117,0,0,-1.843617,0.13662408
133,134,0,22249,133,0,0,-1.6254964,0.16444825
21,10,0,1670,21,0,0,-2.1189756,0.10726612
13,171,0,28254,13,0,0,-1.5236247,0.17892839
30,109,0,18012,30,0,0,-0.9937343,0.27017513
19,117,0,19338,19,0,0,-4.1755323,0.015134438
70,5,1,895,70,0,0,-1.7348878,0.14996344
129,98,0,16298,129,0,0,-2.5567384,0.0719751
147,73,0,12193,147,0,0,-2.5010166,0.07578694
80,69,1,11465,80,0,0,-2.2174182,0.0981972
14,110,1,18152,14,0,0,-1.450073,0.18999033
9,82,0,13554,9,0,0,-1.755369,0.14737129
5,172,0,28408,5,0,0,-1.6274571,0.16417901
144,91,0,15160,144,0,0,-3.4635494,0.030367346
154,43,0,7255,154,0,0,-3.9072845,0.019699141
117,182,1,30151,117,0,0,-1.757932,0.14704953
144,34,0,5755,144,0,0,-2.8059425,0.057003897
0,81,0,13382,0,0,0,-6.5373554,0.001446219
32,101,1,16697,32,0,0,-2.0365298,0.115420565
19,126,0,20823,19,0,0,-1.0083206,0.26730865
161,199,1,32992,161,0,0,-1.4607797,0.1883481
105,195,0,32291,105,0,0,-0.94529146,0.27983272
41,44,0,7306,41,0,0,-1.178123,0.23538986
119,14,1,2415,119,0,0,-1.282254,0.2171668
114,45,0,7532,114,0,0,-1.5994914,0.16805272
3,1,0,175,3,0,0,-1.3327897,0.2086983
137,204,0,33797,137,0,0,-1.7826006,0.1439823
122,12,1,2103,122,0,0,-1.0998062,0.24977621
45,209,0,34527,45,0,0,-1.251883,0.22237435
69,15,0,2537,69,0,0,-1.2222853,0.22753453
134,67,0,11189,134,0,0,-1.8012044,0.14170451
0,99,0,16352,0,0,0,-1.1237953,0.24530798
124,171,1,28337,124,0,0,-2.241656,0.09607163
28,49,1,8119,28,0,0,-1.8259962,0.13871594
147,62,0,10378,147,0,0,-1.2781212,0.2178702
21,105,0,17345,21,0,0,-1.6111696,0.1664263
1,112,0,18491,1,0,0,-2.3418083,0.0877191
160,60,0,10064,160,0,0,-2.4800227,0.07727058
118,27,0,4568,118,0,0,-1.8723631,0.13326854
41,175,0,28921,41,0,0,-2.673987,0.064525895
129,211,1,34943,129,0,0,-2.4715915,0.07787388
79,188,0,31099,79,0,0,-2.232417,0.09687696
161,68,1,11377,161,0,0,-2.1204283,0.10712709
157,8,0,1475,157,0,0,-1.3244581,0.21007754
90,64,0,10650,90,0,0,-2.0919409,0.10988259
142,212,1,35120,142,0,0,-1.277787,0.21792717
47,70,0,11599,47,0,0,-2.391505,0.08382278
17,141,0,23283,17,0,0,-2.5379202,0.07324222
121,85,0,14145,121,0,0,-1.6046433,0.16733365
38,187,0,30884,38,0,0,-0.08091164,0.47978312
61,102,0,16891,61,0,0,-1.5100055,0.18093798
148,110,0,18299,148,0,0,-1.7836547,0.14385244
9,160,1,26424,9,0,0,-1.6605613,0.15968665
164,213,0,35306,164,0,0,-1.3106189,0.2123833
149,126,0,20937,149,0,0,-1.3442152,0.20681773
67,210,0,34709,67,0,0,-1.0950987,0.25065938
56,66,1,10950,56,0,0,-1.1078868,0.24826507
140,58,0,9711,140,0,0,-1.0844302,0.25266856
47,100,0,16549,47,0,0,-4.329651,0.013000895
31,24,0,3979,31,0,0,-1.9746943,0.12188557
16,212,0,35002,16,0,0,-1.5600896,0.1736338
133,169,0,28024,133,0,0,-1.1776736,0.23547076
91,184,1,30451,91,0,0,-0.61267626,0.35144895
144,17,0,2950,144,0,0,-2.329833,0.08868216
103,115,0,19092,103,0,0,-1.5775342,0.17114498
54,4,0,713,54,0,0,-1.1241205,0.24524778
130,105,1,17455,130,0,0,-0.9913547,0.27064458
129,187,0,30983,129,0,0,-0.8382402,0.30190554
159,175,0,29034,159,0,0,-2.2030606,0.09947598
86,92,0,15262,86,0,0,-0.79766226,0.3105258
52,65,1,10776,52,0,0,-1.6282957,0.16406398
60,66,1,10962,60,0,0,-1.0920742,0.25122792
59,179,0,29591,59,0,0,-1.7449186,0.14868926
115,47,0,7859,115,0,0,-1.6281242,0.16408749
7,127,0,20955,7,0,0,-1.3282757,0.20944473
97,77,0,12801,97,0,0,-1.4707065,0.18683526
159,113,0,18804,159,0,0,-1.5196013,0.17952023
47,127,0,21004,47,0,0,-1.3100758,0.21247417
2,98,0,16176,2,0,0,-1.4300501,0.19309087
90,123,0,20385,90,0,0,-0.8915519,0.29078966
79,61,0,10144,79,0,0,-1.1930082,0.23272136
127,175,0,29000,127,0,0,-4.5953827,0.009997399
106,57,1,9508,106,0,0,-1.8703549,0.13350067
41,169,0,27931,41,0,0,-1.4595156,0.18854143
7,211,0,34815,7,0,0,-1.9245467,0.12735541
113,124,0,20561,113,0,0,-1.3886242,0.19962749
151,104,0,17314,151,0,0,-2.5343919,0.073482074
32,36,0,5972,32,0,0,-2.4715874,0.07787417
71,52,0,8637,71,0,0,-1.897954,0.13034022
164,40,1,6761,164,0,0,-1.1692617,0.23698846
118,65,1,10838,118,0,0,-1.986057,0.12067463
64,17,0,2868,64,0,0,-4.199368,0.014783233
124,79,0,13157,124,0,0,-1.3216522,0.21054354
49,193,1,31886,49,0,0,-1.7242832,0.15132028
79,200,0,33079,79,0,0,-1.9584739,0.1236323
17,48,0,7938,17,0,0,-2.5784836,0.070536084
4,208,0,34328,4,0,0,-2.7916775,0.05777557
137,56,0,9377,137,0,0,-1.0597072,0.2573654
119,79,0,13140,119,0,0,-1.4052346,0.19698678
116,147,0,24357,116,0,0,-1.6059473,0.16715205
159,162,0,26889,159,0,0,-1.379008,0.20116836
115,59,0,9839,115,0,0,-2.627152,0.06741128
135,28,0,4753,135,0,0,-5.9672966,0.0025546132
28,33,0,5479,28,0,0,-1.3775189,0.20140778
71,43,0,7152,71,0,0,-2.84328,0.05502972
140,136,0,22581,140,0,0,-0.9936084,0.27019992
37,207,0,34176,37,0,0,-1.4095037,0.19631235
136,185,0,30657,136,0,0,-1.2349682,0.22531307
122,161,0,26688,122,0,0,-1.1794825,0.23514527
124,184,1,30482,124,0,0,-0.6512655,0.34270442
119,185,0,30630,119,0,0,-1.426347,0.1936685
8,140,0,23104,8,0,0,-1.3366678,0.20805858
119,168,1,27825,119,0,0,-1.5055318,0.18160193
121,177,0,29325,121,0,0,-1.3106441,0.21237907
156,24,0,4113,156,0,0,-2.3404279,0.08782963
65,143,0,23661,65,0,0,-1.2638359,0.22031426
8,94,0,15514,8,0,0,-1.9871643,0.1205572
23,84,0,13865,23,0,0,-1.069152,0.2555644
72,142,0,23495,72,0,0,-2.5593624,0.07180002
2,148,0,24426,2,0,0,-0.71603775,0.32826608
104,172,0,28480,104,0,0,-2.237049,0.09647245
154,152,0,25240,154,0,0,-1.8094957,0.14069909
144,11,0,1960,144,0,0,-1.5591483,0.1737689
164,217,0,35966,164,0,0,-1.0020981,0.26852912
48,50,0,8297,48,0,0,-1.1896844,0.2333154
80,24,0,4040,80,0,0,-2.1733656,0.1021679
40,123,0,20340,40,0,0,-0.7955219,0.31098422
103,128,0,21237,103,0,0,-0.8661998,0.29604566
76,141,0,23329,76,0,0,-2.3319187,0.08851374
118,24,0,4073,118,0,0,-2.113367,0.10780439
160,120,0,19964,160,0,0,-1.0885946,0.25188303
115,29,0,4889,115,0,0,-1.6965744,0.15491319
71,78,0,12927,71,0,0,-1.444952,0.19077967
152,88,0,14670,152,0,0,-1.4277613,0.19344774
97,197,0,32601,97,0,0,-1.3135073,0.21190053
13,35,1,5814,13,0,0,-1.347635,0.20625728
50,96,0,15898,50,0,0,-1.3373675,0.2079433
111,146,1,24204,111,0,0,-1.0962166,0.25044948
51,10,0,1700,51,0,0,-1.9989591,0.11931226
159,151,0,25074,159,0,0,-1.8676412,0.13381489
9,103,0,17019,9,0,0,-1.0573857,0.25780937
123,141,0,23389,123,0,0,-1.6964059,0.15493526
136,86,0,14322,136,0,0,-2.201137,0.09964842
12,186,0,30691,12,0,0,-2.5368469,0.07331511
139,215,0,35613,139,0,0,-1.868088,0.1337631
11,207,0,34186,11,0,0,-1.3392422,0.2076347
4,80,0,13208,4,0,0,-1.486939,0.18438162
47,114,0,18859,47,0,0,-2.100723,0.109026566
1,101,0,16676,1,0,0,-1.3813784,0.20078771
129,163,0,27023,129,0,0,-1.4821892,0.18509698
50,101,0,16723,50,0,0,-1.8969193,0.13045755
75,199,1,32902,75,0,0,-1.3776722,0.20138311
127,22,0,3755,127,0,0,-2.2812438,0.0926883
21,167,0,27575,21,0,0,-1.338007,0.207838
154,49,0,8245,154,0,0,-1.9086783,0.12912941
77,105,1,17379,77,0,0,-0.97271955,0.27433878
8,198,0,32674,8,0,0,-1.8827748,0.13207048
74,22,0,3707,74,0,0,-1.9917712,0.1200696
32,163,0,26927,32,0,0,-1.7326176,0.15025306
151,51,0,8569,151,0,0,-2.3213258,0.089372106
50,127,0,21013,50,0,0,-2.1854715,0.10106276
42,62,0,10270,42,0,0,-1.5772941,0.17117904
29,204,0,33675,29,0,0,-3.2450976,0.037503447
1,29,0,4796,1,0,0,-1.2796557,0.21760884
14,207,0,34157,14,0,0,-1.3846476,0.2002636
82,76,0,12624,82,0,0,-1.1124532,0.24741381
142,214,0,35450,142,0,0,-1.9517448,0.12436323
155,201,0,33316,155,0,0,-1.7582719,0.1470069
59,93,0,15401,59,0,0,-2.7420406,0.06053774
23,187,0,30860,23,0,0,-0.76432824,0.3177073
51,52,0,8630,51,0,0,-1.3296938,0.20921002
13,7,0,1194,13,0,0,-1.7274377,0.15091561
130,140,1,23230,130,0,0,-1.5133195,0.18044737
109,80,1,13312,109,0,0,-1.5657852,0.17281808
131,16,0,2771,131,0,0,-1.3102098,0.21245174
161,109,1,18142,161,0,0,-1.2123377,0.22928768
86,59,0,9817,86,0,0,-2.5118628,0.07503073
50,141,0,23323,50,0,0,-1.6571407,0.16014619
92,78,0,12962,92,0,0,-2.1515427,0.10418715
57,181,0,29939,57,0,0,-1.0053015,0.26790038
50,94,0,15568,50,0,0,-2.174907,0.10202659
159,160,0,26559,159,0,0,-1.318377,0.21108845
149,26,0,4437,149,0,0,-1.418472,0.19490123
123,64,1,10684,123,0,0,-2.915425,0.05139629
3,155,0,25585,3,0,0,-0.91463125,0.2860531
156,190,1,31503,156,0,0,-4.783946,0.008293575
3,43,0,7105,3,0,0,-4.4437265,0.011615556
157,210,0,34805,157,0,0,-1.0934558,0.2509681
21,181,0,29885,21,0,0,-0.9029198,0.28845084
28,217,0,35839,28,0,0,-1.3053896,0.21325934
149,83,0,13842,149,0,0,-3.5712218,0.027352287
17,87,0,14373,17,0,0,-3.2295194,0.038069844
136,175,0,29007,136,0,0,-4.5774364,0.010176592
3,82,0,13540,3,0,0,-1.4316099,0.19284797
15,50,1,8262,15,0,0,-1.914859,0.12843594
85,4,0,748,85,0,0,-1.0178939,0.26543784
123,102,0,16954,123,0,0,-1.6190014,0.16534264
53,56,0,9292,53,0,0,-1.364825,0.20345724
115,42,0,7034,115,0,0,-1.2513223,0.22247133
122,50,0,8373,122,0,0,-1.3999636,0.19782189
162,57,0,9568,162,0,0,-2.75819,0.05962578
45,112,0,18522,45,0,0,-1.7927606,0.1427346
151,55,0,9229,151,0,0,-2.2941482,0.09160876
94,58,0,9663,94,0,0,-1.2371688,0.22492918
8,181,0,29869,8,0,0,-2.5893457,0.069827266
73,86,0,14259,73,0,0,-2.4913259,0.07646851
132,91,0,15150,132,0,0,-3.2299922,0.038052533
136,44,0,7392,136,0,0,-1.1994715,0.23156925
150,3,0,651,150,0,0,-1.0831449,0.25291133
17,153,0,25263,17,0,0,-1.5827501,0.17040636
161,20,0,3457,161,0,0,-0.9801465,0.2728627
120,0,0,118,120,0,0,-1.359236,0.2043645
60,80,0,13272,60,0,0,-2.3002677,0.09110079
48,156,1,25787,48,0,0,-1.3794818,0.20109224
6,139,0,22951,6,0,0,-2.0111566,0.11803652
109,16,0,2752,109,0,0,-1.1652429,0.23771593
22,149,1,24588,22,0,0,-1.7883384,0.14327656
9,12,0,2004,9,0,0,-1.1719415,0.23650423
101,67,0,11161,101,0,0,-0.9731973,0.27424368
105,11,0,1931,105,0,0,-1.2286246,0.22642225
120,45,0,7543,120,0,0,-1.4152727,0.19540374
78,147,0,24333,78,0,0,-1.6173856,0.16556574
157,175,1,29030,157,0,0,-2.0562139,0.11342601
136,169,0,28017,136,0,0,-1.2335122,0.22556731
12,102,0,16831,12,0,0,-1.575259,0.17146797
61,101,0,16726,61,0,0,-1.7010102,0.15433337
35,92,0,15205,35,0,0,-0.8799834,0.2931812
58,139,0,23006,58,0,0,-2.0573115,0.11331567
153,187,0,31007,153,0,0,-0.7990094,0.31023747
95,75,0,12469,95,0,0,-1.6811209,0.1569471
126,144,0,23889,126,0,0,-0.9471782,0.27945265
67,169,0,27944,67,0,0,-1.153153,0.23991366
130,4,0,790,130,0,0,-0.99547744,0.26983154
117,75,0,12496,117,0,0,-1.5245497,0.17879252
124,67,0,11177,124,0,0,-1.1058815,0.24863951
136,56,0,9372,136,0,0,-1.3259628,0.20982796
60,163,0,26967,60,0,0,-1.5646653,0.17297822
24,27,0,4492,24,0,0,-1.4651008,0.18768841
5,106,0,17518,5,0,0,-1.5683229,0.17245561
41,170,0,28096,41,0,0,-2.1808233,0.101485826
88,180,0,29785,88,0,0,-2.170634,0.102418736
11,2,0,361,11,0,0,-2.5679631,0.07122894
126,65,0,10854,126,0,0,-1.6163266,0.1657121
58,30,0,5021,58,0,0,-1.5087612,0.18112247
151,160,0,26554,151,0,0,-1.8499453,0.13587932
6,25,0,4141,6,0,0,-1.095151,0.25064957
54,139,0,22988,54,0,0,-2.3833501,0.084451176
8,168,0,27724,8,0,0,-2.0052662,0.118651114
27,92,0,15215,27,0,0,-1.1031103,0.24915756
25,158,0,26106,25,0,0,-1.0566897,0.25794256
77,163,0,26949,77,0,0,-1.3462045,0.20649157
79,144,0,23839,79,0,0,-1.0444055,0.26030084
70,12,1,2050,70,0,0,-1.097604,0.2501891
21,58,0,9590,21,0,0,-1.6018434,0.16772413
61,50,0,8311,61,0,0,-1.3623617,0.20385674
48,22,0,3677,48,0,0,-2.0828636,0.110773586
25,175,0,28911,25,0,0,-2.1163404,0.10751873
147,25,0,4273,147,0,0,-2.6581798,0.06548664
144,61,0,10210,144,0,0,-1.0377891,0.2615768
23,130,0,21455,23,0,0,-0.86106074,0.29711777
141,61,0,10207,141,0,0,-0.97317123,0.27424887
81,16,1,2723,81,0,0,-1.0476062,0.25968504
78,177,1,29283,78,0,0,-1.2431512,0.22388795
50,40,0,6658,50,0,0,-1.6829183,0.15670942
11,54,0,8941,11,0,0,-2.8231852,0.056084074
77,141,0,23319,77,0,0,-2.578247,0.07055159
48,102,0,16877,48,0,0,-1.5762277,0.1713304
19,106,1,17523,19,0,0,-1.3221259,0.21046482
43,27,1,4503,43,0,0,-1.2233639,0.22734502
17,18,0,2988,17,0,0,-3.121516,0.042228416
147,178,0,29518,147,0,0,-1.1509182,0.2403214
2,105,0,17331,2,0,0,-1.6702254,0.15839413
126,185,0,30654,126,0,0,-1.3091629,0.21262696
70,130,0,21520,70,0,0,-1.0202184,0.26498488
45,204,0,33702,45,0,0,-1.6201599,0.16518283
63,36,1,6015,63,0,0,-1.8317099,0.1380347
144,162,0,26875,144,0,0,-1.1827574,0.23455678
6,33,0,5461,6,0,0,-1.1980131,0.23182887
34,54,0,8923,34,0,0,-2.7283983,0.06131829
93,186,0,30785,93,0,0,-2.5922189,0.06964088
114,108,0,17927,114,0,0,-3.065682,0.04454525
156,134,0,22263,156,0,0,-1.9565988,0.12383561
130,132,0,21910,130,0,0,-1.7572441,0.14713584
136,167,0,27687,136,0,0,-1.4583261,0.18872347
141,179,0,29677,141,0,0,-1.9504511,0.12450417
161,54,1,9067,161,0,0,-3.1193318,0.042316843
63,166,0,27465,63,0,0,-0.8305447,0.30352992
129,178,0,29498,129,0,0,-1.2018714,0.23114248
19,88,0,14553,19,0,0,-1.5966885,0.16844495
69,95,0,15737,69,0,0,-1.869786,0.13356648
147,203,0,33643,147,0,0,-1.4662235,0.1875173
161,49,0,8242,161,0,0,-2.2526278,0.09512303
95,111,0,18409,95,0,0,-2.2273788,0.097318664
89,166,0,27479,89,0,0,-0.8356114,0.30245987
85,113,0,18733,85,0,0,-1.5456667,0.17571302
35,154,0,25435,35,0,0,-1.8636339,0.13428006
143,67,0,11198,143,0,0,-1.0716698,0.25508565
72,139,0,23000,72,0,0,-2.2668104,0.09390926
103,99,0,16452,103,0,0,-1.1842713,0.23428507
136,174,1,28842,136,0,0,-1.7478151,0.14832298
102,205,1,33940,102,0,0,-2.5470297,0.072626285
81,152,0,25163,81,0,0,-3.5331461,0.028383695
162,136,0,22603,162,0,0,-0.8662482,0.2960356
121,212,0,35100,121,0,0,-1.1207306,0.24587578
31,114,0,18829,31,0,0,-2.1853063,0.10107777
34,35,0,5788,34,0,0,-1.2348669,0.22533074
19,132,1,21813,19,0,0,-1.0874438,0.25209993
117,156,1,25861,117,0,0,-1.3067262,0.21303518
164,71,0,11876,164,0,0,-1.8290868,0.1383471
129,57,1,9533,129,0,0,-1.1592574,0.23880224
146,59,0,9879,146,0,0,-2.6376822,0.066752285
53,116,0,19192,53,0,0,-1.7079115,0.1534348
31,41,0,6784,31,0,0,-1.1866331,0.23386164
89,102,0,16919,89,0,0,-1.5249765,0.17872988
78,131,0,21693,78,0,0,-1.3949745,0.19861479
0,148,0,24437,0,0,0,-0.7090315,0.32981288
88,150,0,24835,88,0,0,-1.9212632,0.12772077
16,102,0,16852,16,0,0,-2.4679775,0.078133784
31,8,0,1339,31,0,0,-1.5127294,0.18053465
109,93,0,15457,109,0,0,-1.5886443,0.16957472
143,22,0,3773,143,0,0,-3.3523703,0.033817634
98,9,0,1582,98,0,0,-1.3221047,0.21046834
44,75,0,12419,44,0,0,-1.9165998,0.12824121
67,95,0,15734,67,0,0,-1.8212695,0.13928162
83,59,0,9816,83,0,0,-4.1426935,0.015631787
144,167,0,27700,144,0,0,-1.3394198,0.20760548
117,84,1,13981,117,0,0,-1.288836,0.2160499
55,102,0,16906,55,0,0,-1.4561808,0.18905215
150,82,0,13686,150,0,0,-1.1152146,0.2469
54,116,0,19193,54,0,0,-1.4353099,0.1922727
23,112,0,18485,23,0,0,-1.5634034,0.17315882
50,175,0,28933,50,0,0,-1.4330828,0.1926188
164,58,0,9731,164,0,0,-1.4016662,0.19755185
23,70,0,11555,23,0,0,-2.9733114,0.04864624
107,84,0,13969,107,0,0,-1.1228182,0.24548891
97,121,1,20061,97,0,0,-1.5140977,0.1803323
19,73,0,12078,19,0,0,-1.8298414,0.13825718
136,126,0,20922,136,0,0,-1.3384876,0.20775887
129,16,0,2768,129,0,0,-1.1405998,0.24221024
24,36,0,5977,24,0,0,-2.0840802,0.110653795
36,27,0,4478,36,0,0,-1.8474324,0.13617465
12,171,0,28216,12,0,0,-1.6723154,0.15811573
45,131,0,21657,45,0,0,-1.1710775,0.23666027
128,175,0,29001,128,0,0,-4.3620057,0.012592198
64,49,1,8148,64,0,0,-2.8434827,0.05501918
72,58,1,9635,72,0,0,-1.2560649,0.22165205
149,59,0,9882,149,0,0,-2.3166776,0.08975112
36,94,0,15533,36,0,0,-2.327436,0.08887607
91,66,1,10981,91,0,0,-1.246021,0.22338967
112,196,1,32448,112,0,0,-2.7580323,0.059634615
53,89,0,14737,53,0,0,-1.8010898,0.14171846
5,178,0,29398,5,0,0,-1.2146587,0.22887778
128,135,0,22401,128,0,0,-1.2244053,0.22716214
114,110,0,18257,114,0,0,-2.039544,0.11511316
103,14,1,2427,103,0,0,-1.5270839,0.17842075
41,135,1,22321,41,0,0,-1.8953893,0.13063121
73,51,0,8484,73,0,0,-1.6949985,0.15511961
36,156,0,25763,36,0,0,-1.3659492,0.20327511
56,200,0,33060,56,0,0,-2.391788,0.083801046
59,84,0,13916,59,0,0,-1.1812689,0.23482412
114,122,0,20237,114,0,0,-2.1545424,0.10390751
59,88,0,14576,59,0,0,-2.2300181,0.09708705
123,5,0,949,123,0,0,-1.9607482,0.1233861
64,148,0,24483,64,0,0,-1.0499113,0.25924215
66,54,0,8965,66,0,0,-1.8979619,0.13033932
17,27,0,4473,17,0,0,-2.995128,0.047646463
151,92,0,15334,151,0,0,-1.1358728,0.24307892
112,12,1,2088,112,0,0,-1.1532004,0.239905
38,184,0,30389,38,0,0,-0.7703848,0.31639588
30,207,0,34182,30,0,0,-1.3319349,0.20883949
20,126,0,20797,20,0,0,-1.5391388,0.17666051
97,184,1,30456,97,0,0,-0.6156783,0.350765
29,35,0,5790,29,0,0,-0.924287,0.28408518
140,96,0,15981,140,0,0,-1.1862946,0.2339223
32,94,1,15542,32,0,0,-2.8909645,0.05260203
100,5,0,936,100,0,0,-1.7586701,0.14695698
11,149,0,24616,11,0,0,-1.3783884,0.20126796
21,13,0,2165,21,0,0,-1.2378025,0.22481872
154,19,0,3295,154,0,0,-1.2517331,0.22240028
136,87,0,14487,136,0,0,-3.101707,0.043036897
1,186,0,30701,1,0,0,-1.7719452,0.14530058
25,139,0,22971,25,0,0,-2.39058,0.08389385
11,119,0,19666,11,0,0,-1.1640048,0.23794036
77,68,0,11274,77,0,0,-2.5997672,0.069153406
153,169,0,28037,153,0,0,-1.1835754,0.23440994
49,178,0,29411,49,0,0,-1.4826145,0.18503283
103,31,1,5232,103,0,0,-1.3538697,0.20523845
60,191,0,31587,60,0,0,-1.3878725,0.19974762
49,121,1,20006,49,0,0,-1.8839018,0.13194135
27,164,0,27095,27,0,0,-2.127572,0.10644571
126,140,0,23229,126,0,0,-1.444499,0.19084962
46,124,0,20503,46,0,0,-2.1085093,0.10827251
85,37,0,6193,85,0,0,-2.3801374,0.08469991
152,71,0,11865,152,0,0,-1.5247664,0.1787607
63,146,0,24165,63,0,0,-1.3973079,0.19824366
73,205,1,33894,73,0,0,-2.4981837,0.0759856
153,204,0,33812,153,0,0,-1.7220368,0.15160899
141,215,0,35617,141,0,0,-1.1264617,0.24481466
46,208,0,34363,46,0,0,-2.1778545,0.10175686
35,48,0,7945,35,0,0,-1.6924694,0.15545137
81,97,0,16088,81,0,0,-2.4148393,0.0820481
106,138,0,22873,106,0,0,-3.1383157,0.04155415
75,197,0,32572,75,0,0,-1.9142587,0.12850316
83,35,0,5856,83,0,0,-1.4206164,0.19456497
111,103,1,17109,111,0,0,-3.0221455,0.046435382
4,127,0,20963,4,0,0,-1.9866202,0.12061489
36,126,0,20813,36,0,0,-1.5255527,0.1786453
120,66,1,11008,120,0,0,-1.2744799,0.21849133
121,38,1,6390,121,0,0,-1.1351984,0.24320304
135,53,0,8878,135,0,0,-1.2037871,0.2308022
163,4,0,822,163,0,0,-1.3259797,0.20982514
82,75,1,12459,82,0,0,-2.1715167,0.10233762
52,14,0,2361,52,0,0,-1.0761955,0.25422665
157,46,0,7745,157,0,0,-1.5628588,0.1732368
31,12,0,1999,31,0,0,-1.2931647,0.21531762
124,84,1,13982,124,0,0,-1.176068,0.23575993
68,147,0,24323,68,0,0,-1.554712,0.17440674
7,60,0,9900,7,0,0,-1.6520479,0.16083236
159,108,0,17979,159,0,0,-1.2314951,0.22591984
148,156,0,25889,148,0,0,-1.3901415,0.19938517
84,26,0,4376,84,0,0,-2.2545934,0.094953984
45,149,0,24627,45,0,0,-1.4624286,0.18809617
47,93,0,15394,47,0,0,-1.4827738,0.18500882
115,85,0,14129,115,0,0,-1.5371802,0.17694557
13,211,0,34854,13,0,0,-1.685652,0.1563485
98,146,0,24187,98,0,0,-0.9579279,0.27729326
65,119,0,19701,65,0,0,-1.1909416,0.23309058
59,167,0,27611,59,0,0,-1.5976765,0.1683066
34,15,0,2488,34,0,0,-1.4012215,0.19762234
35,121,0,19990,35,0,0,-1.6792963,0.15718868
14,208,0,34322,14,0,0,-2.4056258,0.0827447
127,118,0,19595,127,0,0,-2.1304083,0.106176235
64,90,0,14913,64,0,0,-1.7332397,0.15017366
105,164,1,27176,105,0,0,-2.630161,0.06722235
50,136,0,22498,50,0,0,-0.9713291,0.27461568
101,80,0,13306,101,0,0,-2.467731,0.07815155
30,71,0,11742,30,0,0,-1.295464,0.2149294
127,11,0,1940,127,0,0,-1.2430055,0.22391327
69,211,1,34877,69,0,0,-3.0921254,0.043433245
104,81,0,13465,104,0,0,-2.5410595,0.073029414
147,82,0,13678,147,0,0,-1.251122,0.22250597
0,19,0,3152,0,0,0,-3.5065744,0.029125746
5,163,0,26923,5,0,0,-1.4804585,0.18535818
101,194,0,32116,101,0,0,-2.0157747,0.1175566
49,206,1,34031,49,0,0,-2.043518,0.11470898
89,210,0,34739,89,0,0,-1.1511843,0.24027283
140,161,0,26706,140,0,0,-1.29093,0.21569544
130,208,0,34450,130,0,0,-1.6908174,0.15566838
113,155,0,25676,113,0,0,-1.1807659,0.23491453
69,81,0,13427,69,0,0,-2.022621,0.11684825
164,51,0,8576,164,0,0,-1.710763,0.15306479
55,103,0,17071,55,0,0,-1.6265588,0.16430232
37,16,0,2661,37,0,0,-1.3055236,0.21323687
117,135,1,22396,117,0,0,-0.9711462,0.2746521
90,154,0,25500,90,0,0,-1.6016865,0.16774604
6,205,0,33841,6,0,0,-1.6530972,0.1606908
28,73,0,12079,28,0,0,-2.3447032,0.08748771
1,166,0,27401,1,0,0,-1.2126806,0.2292271
162,128,0,21283,162,0,0,-1.057651,0.2577586
133,66,0,11029,133,0,0,-1.149405,0.24059778
36,105,0,17348,36,0,0,-1.5722764,0.17189212
126,52,0,8709,126,0,0,-1.776855,0.14469191
53,31,1,5167,53,0,0,-1.1937349,0.23259161
48,92,0,15227,48,0,0,-1.0019989,0.2685486
43,3,0,543,43,0,0,-1.1241295,0.2452461
103,35,1,5892,103,0,0,-1.4675107,0.18732128
98,46,0,7687,98,0,0,-0.96063095,0.27675188
27,136,0,22475,27,0,0,-1.0423024,0.260706
12,189,0,31186,12,0,0,-3.73846,0.023237865
101,166,0,27496,101,0,0,-0.91563743,0.28584763
91,41,0,6856,91,0,0,-0.9996267,0.26901484
2,159,0,26241,2,0,0,-1.5048308,0.18170613
48,7,0,1202,48,0,0,-1.9975288,0.119462624
38,108,0,17849,38,0,0,-2.7102337,0.062372185
9,45,0,7449,9,0,0,-1.4355462,0.192236
159,104,0,17319,159,0,0,-1.5142989,0.18030256
31,17,0,2824,31,0,0,-2.788534,0.057946935
99,158,0,26168,99,0,0,-1.1572306,0.23917086
65,29,0,4851,65,0,0,-1.3754876,0.20173469
97,106,1,17586,97,0,0,-1.5825827,0.17043002
80,184,0,30440,80,0,0,-0.9702374,0.2748332
15,17,0,2817,15,0,0,-3.7824168,0.022260776
34,165,0,27238,34,0,0,-2.6040242,0.06887988
2,141,0,23271,2,0,0,-2.2008224,0.09967667
21,4,1,680,21,0,0,-1.0931253,0.2510302
8,162,0,26734,8,0,0,-1.2627532,0.2205003
132,195,0,32310,132,0,0,-1.0040779,0.2681404
79,210,0,34729,79,0,0,-1.1797643,0.23509458
46,120,0,19843,46,0,0,-0.94141155,0.2806153
160,212,0,35144,160,0,0,-1.2370026,0.22495815
140,49,0,8226,140,0,0,-1.6124167,0.16625336
48,194,0,32057,48,0,0,-1.0627198,0.25679004
66,188,0,31075,66,0,0,-1.7576363,0.14708662
141,25,1,4267,141,0,0,-0.9268912,0.28355584
59,77,0,12761,59,0,0,-1.3502607,0.20582774
150,192,0,31836,150,0,0,-1.134726,0.24328998
35,2,0,355,35,0,0,-2.5906856,0.06974029
89,70,0,11639,89,0,0,-2.7843368,0.058176477
157,7,0,1310,157,0,0,-2.0019622,0.11899706
110,108,0,17939,110,0,0,-3.3075101,0.035314444
145,76,0,12686,145,0,0,-1.0963304,0.2504281
112,52,0,8688,112,0,0,-1.4325078,0.19270825
20,159,0,26242,20,0,0,-1.5067105,0.18142681
97,189,0,31281,97,0,0,-3.6759996,0.024698608
110,132,0,21899,110,0,0,-1.6475766,0.16143675
95,187,0,30949,95,0,0,-0.7269299,0.32586882
13,45,0,7464,13,0,0,-0.8943261,0.29021788
114,66,1,10997,114,0,0,-1.237071,0.22494623
41,110,0,18196,41,0,0,-1.8633263,0.13431582
85,38,0,6358,85,0,0,-1.1682992,0.23716255
22,169,0,27888,22,0,0,-1.5036228,0.18188582
17,23,0,3813,17,0,0,-1.002696,0.26841167
74,6,0,1067,74,0,0,-1.9343021,0.12627517
145,152,0,25226,145,0,0,-3.641702,0.0255384
143,13,0,2288,143,0,0,-1.35414,0.20519435
46,80,1,13243,46,0,0,-1.5618198,0.17338568
123,116,0,19264,123,0,0,-1.6337116,0.16332255
98,96,0,15937,98,0,0,-1.4803138,0.18538003
124,161,0,26687,124,0,0,-1.0712168,0.25517175
43,67,0,11103,43,0,0,-1.8329544,0.13788669
26,60,0,9909,26,0,0,-1.6716292,0.15820709
86,205,1,33907,86,0,0,-2.4818888,0.07713764
32,89,0,14717,32,0,0,-1.468993,0.18709573
65,89,0,14751,65,0,0,-1.4248419,0.19390365
33,197,0,32531,33,0,0,-2.2524388,0.09513931
113,208,0,34421,113,0,0,-1.6073241,0.16696045
106,188,0,31123,106,0,0,-1.6820316,0.15682663
37,69,1,11406,37,0,0,-1.8732567,0.13316534
142,122,1,20270,142,0,0,-1.6402345,0.16243316
148,109,0,18134,148,0,0,-0.9201555,0.2849262
100,199,1,32946,100,0,0,-1.327966,0.20949602
85,121,0,20053,85,0,0,-1.4959855,0.18302503
56,153,1,25305,56,0,0,-1.2801194,0.2175299
97,47,1,7851,97,0,0,-1.2745962,0.21847147
130,47,0,7885,130,0,0,-1.5245402,0.17879392
104,189,0,31285,104,0,0,-3.5085967,0.029068617
114,154,0,25517,114,0,0,-1.7299907,0.15058877
84,124,0,20546,84,0,0,-1.2634094,0.22038755
33,1,0,191,33,0,0,-1.0689027,0.2556118
152,43,0,7245,152,0,0,-2.7451015,0.0603639
80,211,1,34895,80,0,0,-0.95661294,0.27755687
22,64,0,10563,22,0,0,-2.1182635,0.10733434
81,201,0,33248,81,0,0,-1.9327092,0.12645102
70,97,0,16075,70,0,0,-2.3312829,0.08856505
161,65,1,10882,161,0,0,-1.8043578,0.14132142
163,166,0,27552,163,0,0,-0.9534703,0.27818745
104,14,1,2410,104,0,0,-1.3783667,0.20127144
110,77,0,12824,110,0,0,-1.4525723,0.189606
139,207,1,34293,139,0,0,-1.2533386,0.22212274
75,85,0,14092,75,0,0,-1.6916072,0.15556459
109,205,1,33937,109,0,0,-2.931982,0.050595034
147,121,0,20113,147,0,0,-1.1931515,0.23269577
137,166,0,27527,137,0,0,-1.1484798,0.24076685
44,83,0,13739,44,0,0,-4.2822976,0.013622751
107,125,0,20734,107,0,0,-0.9212443,0.28470442
104,125,1,20725,104,0,0,-1.8925035,0.13095929
9,173,0,28569,9,0,0,-1.1564502,0.2393129
25,1,0,201,25,0,0,-1.4151626,0.19542105
27,61,0,10100,27,0,0,-0.8047283,0.309015
66,8,0,1375,66,0,0,-1.3410559,0.20733647
23,60,0,9905,23,0,0,-2.6201947,0.06784998
106,74,0,12313,106,0,0,-1.6276124,0.1641577
105,26,0,4406,105,0,0,-1.8694394,0.13360661
49,14,0,2351,49,0,0,-1.5465233,0.17558898
11,177,0,29236,11,0,0,-1.3702836,0.20257403
92,21,0,3557,92,0,0,-1.8365643,0.13745813
155,143,0,23746,155,0,0,-1.2036538,0.23082586
39,116,0,19154,39,0,0,-2.049786,0.114074
142,156,0,25880,142,0,0,-1.2312376,0.22596487
2,35,0,5781,2,0,0,-1.2326808,0.22571257
97,115,1,19071,97,0,0,-1.7270706,0.15096267
112,64,0,10668,112,0,0,-2.238884,0.096312635
76,83,0,13759,76,0,0,-3.8021548,0.0218352
16,215,1,35497,16,0,0,-1.0114355,0.26669902
98,169,0,27982,98,0,0,-1.1574545,0.23913012
21,125,0,20645,21,0,0,-1.2650478,0.22010617
155,88,0,14671,155,0,0,-1.9489975,0.12466271
117,163,0,27016,117,0,0,-1.8897438,0.13127369
96,89,1,14784,96,0,0,-2.1179538,0.107364014
138,84,0,13996,138,0,0,-0.9428426,0.28032652
114,127,0,21062,114,0,0,-2.094803,0.10960296
64,122,1,20193,64,0,0,-1.9673111,0.12267799
119,16,0,2745,119,0,0,-1.2520361,0.22234789
30,78,0,12897,30,0,0,-1.3841138,0.20034912
55,163,0,26971,55,0,0,-2.0959451,0.10949156
92,43,0,7187,92,0,0,-2.8926406,0.052518565
150,62,1,10386,150,0,0,-1.6606257,0.15967803
137,25,1,4262,137,0,0,-4.0212874,0.017614048
51,18,0,3020,51,0,0,-2.3963022,0.08345511
90,179,0,29625,90,0,0,-1.3775218,0.20140731
15,148,1,24432,15,0,0,-1.1736469,0.23619641
105,99,0,16451,105,0,0,-1.310792,0.21235435
87,56,1,9327,87,0,0,-1.2235405,0.22731398
36,188,0,31043,36,0,0,-2.0435948,0.11470119
119,58,0,9675,119,0,0,-1.5173147,0.17985728
95,142,0,23524,95,0,0,-2.4601974,0.07869602
125,134,0,22237,125,0,0,-2.1856136,0.10104985
23,15,0,2480,23,0,0,-1.2619698,0.22063498
137,125,1,20762,137,0,0,-1.7288034,0.1507407
13,140,1,23139,13,0,0,-1.4982862,0.18268126
137,79,0,13172,137,0,0,-1.2432816,0.22386529
134,107,0,17789,134,0,0,-1.6630526,0.15935265
138,110,1,18286,138,0,0,-1.0873294,0.2521215
154,181,0,30025,154,0,0,-3.3625135,0.033487774
154,73,0,12205,154,0,0,-2.2622666,0.09429661
50,183,0,30253,50,0,0,-1.4202926,0.19461572
5,117,1,19333,5,0,0,-4.624159,0.009716567
147,176,0,29188,147,0,0,-2.0806732,0.110989526
34,148,0,24433,34,0,0,-1.0969148,0.2503184
52,169,0,27936,52,0,0,-1.4109142,0.19608991
111,98,1,16284,111,0,0,-2.3712811,0.08538903
107,114,0,18919,107,0,0,-2.0119417,0.11795481
87,72,1,11967,87,0,0,-2.4714084,0.07788703
138,210,0,34786,138,0,0,-0.9229767,0.28435177
93,132,0,21875,93,0,0,-1.7795849,0.1443544
162,112,0,18643,162,0,0,-1.7664037,0.14599013
34,97,0,16018,34,0,0,-1.5404136,0.17647515
33,114,0,18836,33,0,0,-2.1638403,0.103044964
93,134,0,22205,93,0,0,-1.9745877,0.121896975
16,86,0,14212,16,0,0,-3.0702493,0.044351257
101,38,0,6376,101,0,0,-1.370666,0.20251226
31,150,0,24769,31,0,0,-1.9994569,0.11925996
92,25,0,4217,92,0,0,-3.057188,0.04490816
55,147,0,24331,55,0,0,-1.6725762,0.15808101
20,6,0,997,20,0,0,-2.370763,0.085429505
148,59,0,9884,148,0,0,-2.5176105,0.0746328
66,155,0,25630,66,0,0,-1.4573798,0.1888684
36,84,0,13883,36,0,0,-1.2767856,0.21809788
74,116,1,19217,74,0,0,-1.5608442,0.17352554
74,85,1,14102,74,0,0,-1.0177557,0.26546478
88,39,0,6520,88,0,0,-1.1142946,0.2470711
151,56,0,9394,151,0,0,-1.4277537,0.19344893
143,70,0,11693,143,0,0,-2.4719894,0.077845305
163,62,0,10392,163,0,0,-1.8421922,0.13679223
110,161,0,26684,110,0,0,-1.1487365,0.24071994
25,187,0,30891,25,0,0,-1.1600964,0.23864977
156,39,1,6588,156,0,0,-1.2971435,0.21464616
145,149,0,24731,145,0,0,-2.0006196,0.119137876
7,159,0,26235,7,0,0,-1.5254967,0.17865352
85,209,1,34573,85,0,0,-1.3691874,0.20275117
112,124,0,20568,112,0,0,-1.3466043,0.20642607
13,100,0,16539,13,0,0,-3.294341,0.035765834
147,28,0,4768,147,0,0,-5.5604086,0.00383246
96,98,1,16269,96,0,0,-2.6018064,0.06902225
103,198,0,32787,103,0,0,-2.3778348,0.08487859
27,21,1,3500,27,0,0,-1.9409094,0.12554799
129,128,0,21248,129,0,0,-1.1062751,0.24856599
139,111,0,18453,139,0,0,-1.8856039,0.13174652
2,52,0,8586,2,0,0,-1.4700878,0.18692927
127,150,0,24875,127,0,0,-2.0648139,0.11256406
128,44,0,7386,128,0,0,-1.3028998,0.21367738
21,24,0,3980,21,0,0,-1.7355366,0.14988077
122,214,1,35433,122,0,0,-0.8034514,0.3092877
140,213,0,35286,140,0,0,-1.1401844,0.2422865
119,133,0,22050,119,0,0,-1.4934814,0.18339977
73,88,0,14589,73,0,0,-1.4786053,0.18563817
163,135,1,22437,163,0,0,-1.9647803,0.122950636
9,144,0,23784,9,0,0,-2.681006,0.0641035
108,149,0,24695,108,0,0,-2.2951858,0.091522455
43,96,0,15888,43,0,0,-1.3853998,0.20014316
93,72,0,11975,93,0,0,-2.0111704,0.118035085
129,194,0,32138,129,0,0,-2.2935603,0.091657706
140,98,0,16311,140,0,0,-1.8155818,0.13996486
46,161,0,26608,46,0,0,-1.1129686,0.24731787
15,201,1,33177,15,0,0,-1.428369,0.19335294
151,200,0,33154,151,0,0,-2.45229,0.07927124
131,144,0,23891,131,0,0,-1.124048,0.24526119
62,217,0,35878,62,0,0,-1.8815973,0.13220552
101,16,0,2746,101,0,0,-1.6524968,0.16077179
159,14,0,2469,159,0,0,-1.950855,0.12446016
88,9,0,1570,88,0,0,-1.9849372,0.120793514
70,46,0,7660,70,0,0,-1.7594173,0.14686334
47,92,0,15229,47,0,0,-1.3670964,0.20308937
12,79,0,13036,12,0,0,-1.1169207,0.24658291
128,103,0,17121,128,0,0,-1.0870953,0.25216565
18,172,0,28418,18,0,0,-1.6383824,0.16268529
3,66,0,10900,3,0,0,-0.77293104,0.3158454
95,150,0,24844,95,0,0,-1.9190409,0.12796855
91,79,0,13126,91,0,0,-1.2487876,0.22291008
16,26,0,4312,16,0,0,-1.8516219,0.13568258
26,148,0,24429,26,0,0,-1.0490358,0.2594103
70,40,0,6670,70,0,0,-1.806385,0.1410756
86,14,0,2392,86,0,0,-1.6860139,0.15630077
116,155,0,25677,116,0,0,-1.2253153,0.2270024
5,208,0,34348,5,0,0,-3.7408085,0.023184622
44,24,0,4004,44,0,0,-1.9573846,0.12375037
147,122,0,20278,147,0,0,-1.7027893,0.15410131
112,49,0,8193,112,0,0,-2.5241876,0.07417984
125,90,1,14977,125,0,0,-2.774678,0.058707967
132,176,1,29175,132,0,0,-1.3757396,0.20169412
110,4,0,779,110,0,0,-0.97502846,0.27387935
136,206,0,34122,136,0,0,-2.8960366,0.052349836
158,80,1,13358,158,0,0,-2.8516078,0.054598268
9,65,0,10749,9,0,0,-1.1833012,0.23445915
139,32,0,5418,139,0,0,-1.9867206,0.12060425
122,88,0,14643,122,0,0,-1.75689,0.14718026
159,131,0,21774,159,0,0,-1.1006625,0.24961579
102,161,0,26680,102,0,0,-1.3109102,0.21233457
97,27,0,4551,97,0,0,-1.4638419,0.18788041
6,15,0,2491,6,0,0,-1.2553997,0.22176683
84,164,0,27146,84,0,0,-2.4822316,0.07711323
80,186,0,30770,80,0,0,-1.9673235,0.122676656
156,67,0,11208,156,0,0,-1.1098211,0.24790424
73,132,0,21849,73,0,0,-1.0708101,0.25524905
98,90,0,14947,98,0,0,-1.5685787,0.1724191
105,155,0,25691,105,0,0,-1.0577279,0.2577439
1,210,0,34661,1,0,0,-1.9066737,0.12935501
139,152,0,25218,139,0,0,-2.3404756,0.08782581
41,134,1,22156,41,0,0,-1.7403653,0.14926654
123,67,0,11179,123,0,0,-0.96619135,0.2756403
141,193,1,31987,141,0,0,-1.5197263,0.17950183
107,171,0,28324,107,0,0,-1.9211957,0.12772828
109,39,1,6547,109,0,0,-1.6573477,0.16011836
2,162,0,26736,2,0,0,-1.1460499,0.24121132
6,118,0,19486,6,0,0,-1.3238201,0.21018343
160,150,0,24914,160,0,0,-1.5322504,0.17766467
137,196,0,32477,137,0,0,-3.2969873,0.035674687
141,164,0,27202,141,0,0,-2.451199,0.07935091
12,151,0,24916,12,0,0,-1.6237135,0.16469337
127,79,0,13160,127,0,0,-1.2007868,0.23133527
136,97,1,16137,136,0,0,-2.5367022,0.07332494
132,0,0,135,132,0,0,-1.5722382,0.17189755
79,119,0,19714,79,0,0,-4.013165,0.01775515
46,169,0,27928,46,0,0,-2.4716647,0.07786862
142,3,0,635,142,0,0,-1.3155899,0.21155295
131,111,1,18446,131,0,0,-2.131539,0.10606897
2,127,0,20961,2,0,0,-1.2692518,0.21938536
35,55,0,9100,35,0,0,-1.8585608,0.13487089
18,46,0,7628,18,0,0,-1.7495399,0.14810525
146,151,0,25059,146,0,0,-1.583827,0.17025417
85,138,0,22858,85,0,0,-2.8534038,0.054505635
77,74,0,12264,77,0,0,-1.5415196,0.17631447
69,86,0,14252,69,0,0,-2.1291456,0.10629613
80,216,0,35720,80,0,0,-1.0854185,0.252482
152,8,0,1470,152,0,0,-1.2904253,0.21578084
95,24,0,4054,95,0,0,-2.7295885,0.06124982
102,138,0,22885,102,0,0,-3.1424417,0.04139013
26,186,0,30699,26,0,0,-2.183182,0.10127095
15,198,0,32682,15,0,0,-2.883278,0.052986413
26,18,0,2979,26,0,0,-1.6685073,0.1586233
49,202,1,33371,49,0,0,-1.4867342,0.18441242
84,118,1,19556,84,0,0,-1.9423773,0.12538691
65,67,0,11121,65,0,0,-2.538486,0.073203824
138,184,0,30496,138,0,0,-0.76071864,0.31849027
15,70,0,11562,15,0,0,-2.493685,0.076302074
5,24,0,3988,5,0,0,-2.6952546,0.063253954
16,39,0,6457,16,0,0,-1.343548,0.20692718
161,212,0,35137,161,0,0,-1.2086794,0.2299348
5,93,0,15373,5,0,0,-1.5973413,0.16835353
28,70,0,11584,28,0,0,-2.2279396,0.09726941
22,46,0,7593,22,0,0,-2.0765908,0.11139298
1,190,0,31361,1,0,0,-4.5905538,0.010045306
120,137,1,22723,120,0,0,-1.3063886,0.21309179
91,152,0,25171,91,0,0,-3.667472,0.024904864
118,130,0,21563,118,0,0,-1.0154254,0.26591942
158,149,0,24743,158,0,0,-1.147256,0.24099064
145,69,0,11531,145,0,0,-1.5273185,0.17838636
134,100,0,16634,134,0,0,-3.3359802,0.034357272
102,64,1,10675,102,0,0,-2.540437,0.07307157
27,25,0,4160,27,0,0,-0.9801025,0.27287146
24,89,0,14722,24,0,0,-1.5215306,0.17923623
140,90,0,14991,140,0,0,-1.8712094,0.13340186
140,112,0,18621,140,0,0,-3.1550145,0.040894147
49,129,0,21326,49,0,0,-0.8970189,0.2896635
94,111,0,18408,94,0,0,-2.0510814,0.11394315
141,62,0,10372,141,0,0,-1.7415638,0.14911442
52,135,1,22326,52,0,0,-1.2143197,0.22893763
55,67,0,11131,55,0,0,-1.7624438,0.14648454
31,28,0,4639,31,0,0,-5.7841463,0.0030665027
121,54,0,9030,121,0,0,-2.6531835,0.06579307
38,65,0,10754,38,0,0,-1.679369,0.15717904
22,29,0,4788,22,0,0,-1.3317842,0.20886438
26,71,0,11724,26,0,0,-1.5199156,0.17947395
118,38,0,6383,118,0,0,-1.7902765,0.14303882
158,28,0,4778,158,0,0,-7.174435,0.0007653321
95,78,0,12964,95,0,0,-1.8749926,0.13296509
73,38,0,6339,73,0,0,-1.725914,0.15111098
53,158,0,26122,53,0,0,-1.0605257,0.257209
15,62,0,10242,15,0,0,-1.9571426,0.123776615
87,89,1,14772,87,0,0,-1.328912,0.20933938
16,76,0,12562,16,0,0,-1.4250612,0.19386937
12,211,0,34816,12,0,0,-0.8680569,0.2956588
29,78,0,12885,29,0,0,-1.8637257,0.13426939
95,124,0,20554,95,0,0,-1.3973227,0.19824131
120,114,0,18928,120,0,0,-1.9396586,0.12568536
42,170,0,28090,42,0,0,-1.9729493,0.12207246
27,4,1,695,27,0,0,-1.1297448,0.2442082
14,193,0,31847,14,0,0,-1.5786536,0.17098625
147,186,0,30838,147,0,0,-1.5516245,0.17485176
95,215,0,35569,95,0,0,-0.927706,0.28339034
148,124,1,20609,148,0,0,-1.4031878,0.19731075
56,160,0,26460,56,0,0,-1.7734494,0.14511389
159,166,0,27549,159,0,0,-1.2358453,0.22515999
33,98,0,16196,33,0,0,-1.8271105,0.13858286
120,189,0,31303,120,0,0,-3.7366138,0.02327981
140,186,0,30831,140,0,0,-1.3418019,0.2072139
128,203,0,33621,128,0,0,-1.255291,0.22178559
133,16,0,2779,133,0,0,-1.044986,0.2601891
120,135,1,22393,120,0,0,-1.271179,0.2190555
64,109,0,18048,64,0,0,-0.91971904,0.28501514
81,29,0,4868,81,0,0,-1.6873381,0.15612623
117,9,0,1606,117,0,0,-1.2828503,0.21706544
104,98,0,16270,104,0,0,-2.4773688,0.07746001
145,29,0,4931,145,0,0,-1.6405888,0.16238497
155,202,0,33481,155,0,0,-1.627331,0.16419631
159,110,0,18309,159,0,0,-1.1427222,0.2418209
23,0,0,5,23,0,0,-1.5169027,0.17991807
39,43,0,7109,39,0,0,-5.329143,0.004824831
64,117,0,19368,64,0,0,-3.8697062,0.02043807
105,69,1,11501,105,0,0,-1.5843229,0.17018412
71,4,0,717,71,0,0,-0.98889995,0.2711294
13,81,0,13404,13,0,0,-3.210365,0.038777526
46,193,1,31888,46,0,0,-1.827168,0.13857599
146,62,0,10374,146,0,0,-1.5217178,0.17920871
0,167,0,27572,0,0,0,-1.8351812,0.13762219
31,217,0,35824,31,0,0,-1.3896146,0.1994693
107,103,0,17104,107,0,0,-1.1126337,0.24738021
69,78,0,12932,69,0,0,-1.9511192,0.12443137
149,116,0,19287,149,0,0,-1.622086,0.16491738
5,32,0,5308,5,0,0,-2.1778738,0.1017551
148,207,0,34304,148,0,0,-1.2663682,0.2198796
5,115,0,19003,5,0,0,-1.9616635,0.123287134
84,10,1,1736,84,0,0,-1.6711202,0.15827489
54,14,0,2363,54,0,0,-1.4491642,0.19013023
53,11,0,1867,53,0,0,-1.3665261,0.20318168
84,97,0,16091,84,0,0,-2.488405,0.07667504
16,107,0,17677,16,0,0,-2.1870794,0.10091677
85,10,0,1738,85,0,0,-1.5385964,0.17673941
12,190,0,31351,12,0,0,-3.8151321,0.021559738
81,3,0,578,81,0,0,-0.95147854,0.27858758
147,129,0,21433,147,0,0,-1.3789833,0.20117234
46,102,0,16873,46,0,0,-1.7359588,0.14982697
41,212,1,35026,41,0,0,-1.1703495,0.23679182
77,84,0,13914,77,0,0,-1.1831255,0.2344907
109,207,0,34267,109,0,0,-1.3681741,0.20291501
69,101,0,16727,69,0,0,-1.9824271,0.12106034
11,215,0,35506,11,0,0,-1.101064,0.2495406
163,107,0,17817,163,0,0,-1.3732765,0.202091
67,114,0,18869,67,0,0,-1.9651327,0.122912645
84,4,0,746,84,0,0,-1.1168525,0.24659558
28,102,0,16864,28,0,0,-1.5845435,0.17015298
43,202,1,33378,43,0,0,-1.4587605,0.18865697
141,9,0,1627,141,0,0,-1.0119822,0.26659212
123,135,0,22399,123,0,0,-1.7137866,0.15267321
65,56,0,9306,65,0,0,-1.4650283,0.18769947
154,70,0,11710,154,0,0,-2.101767,0.10892519
86,118,0,19552,86,0,0,-2.0969555,0.10939308
34,182,0,30043,34,0,0,-1.8900459,0.13123924
54,170,0,28103,54,0,0,-1.4030182,0.1973376
9,7,0,1179,9,0,0,-1.6200173,0.16520248
96,131,0,21714,96,0,0,-1.4093773,0.19633229
161,30,0,5107,161,0,0,-1.6359358,0.16301884
116,132,0,21882,116,0,0,-1.0989571,0.24993536
93,211,0,34910,93,0,0,-2.3619318,0.08612203
93,167,0,27650,93,0,0,-1.4517684,0.18972956
13,2,0,369,13,0,0,-1.7602007,0.1467652
125,57,1,9532,125,0,0,-1.2546275,0.22190014
37,7,0,1176,37,0,0,-1.8536141,0.13544913
94,158,0,26163,94,0,0,-1.1405201,0.24222489
142,2,0,470,142,0,0,-2.3433032,0.087599546
96,20,0,3399,96,0,0,-1.2531595,0.2221537
68,40,0,6668,68,0,0,-1.0886457,0.25187337
140,73,0,12186,140,0,0,-2.1674995,0.102707244
52,208,0,34371,52,0,0,-1.8616345,0.13451265
87,140,1,23187,87,0,0,-1.6156869,0.16580056
130,160,1,26530,130,0,0,-2.0775495,0.11129812
134,80,0,13334,134,0,0,-1.3769188,0.2015043
90,136,0,22530,90,0,0,-0.95945907,0.2769865
64,213,1,35208,64,0,0,-0.8784192,0.29350546
36,67,0,11078,36,0,0,-2.2911246,0.09186069
125,191,0,31642,125,0,0,-2.55969,0.07177819
81,157,0,25988,81,0,0,-1.3060961,0.21314085
138,0,0,136,138,0,0,-1.6374731,0.1628092
39,180,0,29714,39,0,0,-1.9067264,0.12934908
14,143,0,23597,14,0,0,-1.3123627,0.21209176
25,211,1,34851,25,0,0,-1.6466863,0.1615573
52,21,0,3516,52,0,0,-1.848506,0.1360484
6,217,0,35821,6,0,0,-1.620193,0.16517825
101,117,0,19411,101,0,0,-4.3770084,0.012407017
98,163,0,26992,98,0,0,-1.5521076,0.17478208
130,39,1,6565,130,0,0,-1.3020005,0.21382852
131,93,0,15476,131,0,0,-1.5345962,0.1773222
163,96,0,16002,163,0,0,-0.82972956,0.30370227
123,155,0,25699,123,0,0,-1.5156617,0.18010125
128,47,0,7881,128,0,0,-1.332391,0.20876414
106,199,1,32938,106,0,0,-1.1136173,0.24719712
143,0,0,143,143,0,0,-1.4647601,0.18774037
127,18,0,3095,127,0,0,-1.9950032,0.11972855
42,64,0,10600,42,0,0,-1.5458655,0.17568421
63,134,0,22185,63,0,0,-1.6856241,0.15635218
0,164,0,27077,0,0,0,-4.2625895,0.013890128
157,117,0,19460,157,0,0,-4.1734242,0.015165892
155,30,0,5101,155,0,0,-1.5369151,0.17698418
69,97,0,16067,69,0,0,-2.6126416,0.068329245
138,162,0,26866,138,0,0,-1.2899067,0.21586859
100,67,0,11166,100,0,0,-1.28788,0.21621187
31,172,0,28399,31,0,0,-2.0936368,0.10971683
142,21,0,3605,142,0,0,-1.8479567,0.13611299
18,27,0,4493,18,0,0,-2.4264412,0.081178516
104,52,0,8680,104,0,0,-1.3001621,0.21413775
67,187,1,30914,67,0,0,-0.7523516,0.32030913
77,76,0,12594,77,0,0,-1.0185108,0.2653176
68,160,0,26468,68,0,0,-2.293499,0.0916628
45,109,0,18027,45,0,0,-1.0134478,0.26630566
63,11,0,1890,63,0,0,-1.8903863,0.13120042
52,20,0,3351,52,0,0,-1.150914,0.24032219
160,28,0,4784,160,0,0,-7.034568,0.00088012347
117,189,0,31306,117,0,0,-4.069046,0.016806405
10,83,0,13725,10,0,0,-3.4930475,0.0295107
78,19,0,3213,78,0,0,-1.6368742,0.16289084
131,43,0,7226,131,0,0,-5.2393427,0.005275761
7,53,1,8745,7,0,0,-1.2584958,0.22123294
20,119,0,19642,20,0,0,-1.2899215,0.21586609
22,133,0,21948,22,0,0,-1.2715781,0.21898723
137,36,0,6077,137,0,0,-2.0120137,0.117947325
116,201,0,33267,116,0,0,-1.3583124,0.20451473
7,22,0,3630,7,0,0,-2.5768728,0.070641756
33,186,0,30716,33,0,0,-1.179003,0.2352315
104,161,0,26665,104,0,0,-1.2113628,0.22946
130,92,0,15310,130,0,0,-1.0583029,0.25763392
60,56,0,9312,60,0,0,-1.3273234,0.20960245
129,23,0,3923,129,0,0,-1.0139053,0.26621628
144,178,0,29515,144,0,0,-1.3235686,0.21022518
22,77,0,12708,22,0,0,-1.8858218,0.1317216
127,194,0,32135,127,0,0,-1.8974342,0.13039914
36,159,0,26258,36,0,0,-1.3265941,0.2097233
36,197,0,32528,36,0,0,-1.2918909,0.21553293
39,75,0,12389,39,0,0,-1.844837,0.13648024
110,35,1,5894,110,0,0,-1.2667477,0.2198145
32,57,1,9437,32,0,0,-1.7553918,0.14736842
163,204,0,33822,163,0,0,-1.4297068,0.19314437
114,65,0,10832,114,0,0,-1.4284906,0.19333397
89,74,0,12299,89,0,0,-1.6343868,0.1632303
24,147,0,24292,24,0,0,-1.218771,0.22815281
12,82,0,13531,12,0,0,-1.4166048,0.19519441
124,175,1,28997,124,0,0,-2.1141691,0.10772727
56,16,0,2700,56,0,0,-1.1325982,0.24368194
80,51,0,8495,80,0,0,-1.6448672,0.16180387
72,215,1,35540,72,0,0,-0.89397234,0.29029074
91,217,0,35896,91,0,0,-1.1604786,0.23858033
103,54,0,9027,103,0,0,-2.277052,0.09304143
100,146,0,24201,100,0,0,-1.0106835,0.2668461
148,75,0,12524,148,0,0,-1.956141,0.12388529
48,181,0,29912,48,0,0,-0.9205212,0.2848517
44,164,0,27104,44,0,0,-2.408271,0.082544155
21,153,0,25265,21,0,0,-1.2181194,0.22826758
29,194,0,32025,29,0,0,-1.0307037,0.2629477
74,137,1,22682,74,0,0,-1.673058,0.15801689
116,199,1,32937,116,0,0,-1.4536884,0.18943457
149,56,0,9387,149,0,0,-1.1624082,0.23822998
18,148,0,24458,18,0,0,-0.82583284,0.30452693
14,192,0,31682,14,0,0,-1.2208557,0.2277859
147,128,0,21268,147,0,0,-1.002053,0.26853797
42,39,0,6475,42,0,0,-1.5958061,0.16856858
17,145,1,23943,17,0,0,-1.4354081,0.19225743
74,4,0,737,74,0,0,-1.1979516,0.23183982
35,64,0,10585,35,0,0,-1.5135095,0.18041927
103,92,0,15297,103,0,0,-1.0616957,0.25698555
13,161,0,26604,13,0,0,-1.3257697,0.20985997
51,25,1,4175,51,0,0,-2.4838786,0.0769961
56,3,1,555,56,0,0,-0.9387154,0.2811599
130,113,0,18775,130,0,0,-1.6113269,0.16640447
87,209,0,34572,87,0,0,-1.563684,0.17311865
20,183,1,30202,20,0,0,-1.6225288,0.16485642
37,113,0,18666,37,0,0,-1.7293706,0.1506681
133,13,0,2284,133,0,0,-1.1025866,0.24925555
98,16,0,2737,98,0,0,-1.0531857,0.25861382
14,100,0,16502,14,0,0,-2.304415,0.09075797
98,91,0,15112,98,0,0,-3.4798193,0.02989192
55,91,0,15091,55,0,0,-2.775309,0.058673102
117,56,0,9361,117,0,0,-1.2818909,0.21722853
31,0,0,19,31,0,0,-1.5064762,0.18146162
3,196,1,32350,3,0,0,-2.209346,0.09891435
33,170,0,28076,33,0,0,-1.8400383,0.13704677
122,174,1,28833,122,0,0,-1.3505659,0.20577787
21,86,1,14210,21,0,0,-2.5498095,0.07243929
117,58,0,9691,117,0,0,-1.2084448,0.22997634
93,141,0,23360,93,0,0,-2.3203344,0.08945282
154,24,0,4120,154,0,0,-1.9399352,0.12565498
113,97,0,16106,113,0,0,-2.0835462,0.11070637
83,10,1,1731,83,0,0,-1.9992704,0.11927954
51,143,1,23645,51,0,0,-1.0105876,0.26686487
107,148,0,24529,107,0,0,-1.1042765,0.24893945
97,36,0,6036,97,0,0,-1.9973702,0.119479306
71,133,0,22002,71,0,0,-1.2848353,0.21672827
91,139,0,23026,91,0,0,-2.3657186,0.08582446
36,163,0,26918,36,0,0,-1.9384406,0.12581928
141,106,0,17632,141,0,0,-1.3244894,0.21007235
69,19,0,3197,69,0,0,-2.127248,0.10647653
49,132,0,21821,49,0,0,-0.45986953,0.38701677
99,50,0,8348,99,0,0,-1.068042,0.2557756
74,138,0,22847,74,0,0,-3.1498942,0.041095447
74,167,1,27632,74,0,0,-1.6037385,0.16745976
145,70,0,11696,145,0,0,-2.3448057,0.08747953
80,31,1,5195,80,0,0,-0.8392257,0.30169788
35,112,0,18505,35,0,0,-3.1463115,0.041236863
77,191,0,31569,77,0,0,-1.6440914,0.16190912
98,151,0,25012,98,0,0,-1.3091693,0.21262589
90,69,0,11475,90,0,0,-1.5688424,0.17238148
108,161,0,26675,108,0,0,-1.2096021,0.22977147
9,175,1,28899,9,0,0,-1.7980354,0.14209038
143,102,0,16973,143,0,0,-1.412431,0.19585091
143,132,0,21923,143,0,0,-1.121952,0.24564938
0,129,0,21302,0,0,0,-1.1478689,0.24087855
82,29,0,4869,82,0,0,-1.5875089,0.16973466
156,154,0,25563,156,0,0,-0.97651464,0.2735839
108,181,0,29975,108,0,0,-0.98963237,0.2709847
42,16,0,2680,42,0,0,-1.2282777,0.22648302
48,36,0,5987,48,0,0,-2.0036147,0.11882393
87,10,1,1737,87,0,0,-2.0257983,0.11652076
87,201,1,33252,87,0,0,-1.5923121,0.16905884
100,188,0,31131,100,0,0,-2.027027,0.11639435
98,128,0,21217,98,0,0,-1.1376076,0.24275988
118,131,0,21728,118,0,0,-1.5002899,0.18238229
133,77,0,12844,133,0,0,-1.876615,0.13277815
19,209,0,34518,19,0,0,-1.1425188,0.24185821
81,111,1,18398,81,0,0,-2.085579,0.11050639
51,86,0,14240,51,0,0,-2.2711496,0.09354069
89,164,0,27149,89,0,0,-2.0837374,0.11068754
104,58,0,9670,104,0,0,-1.5557735,0.17425396
35,209,0,34510,35,0,0,-1.2926714,0.21540098
125,145,1,24052,125,0,0,-1.2255616,0.22695918
61,51,0,8476,61,0,0,-1.5043473,0.18177803
111,195,0,32289,111,0,0,-1.1651863,0.23772618
98,4,0,757,98,0,0,-0.9841423,0.27207065
106,137,1,22708,106,0,0,-0.98245203,0.2724055
38,0,0,29,38,0,0,-1.2118063,0.2293816
43,31,1,5163,43,0,0,-1.0237718,0.26429337
9,89,0,14709,9,0,0,-1.3261132,0.20980301
102,163,0,27010,102,0,0,-2.1783864,0.101708256
76,188,0,31084,76,0,0,-1.5674047,0.17258668
38,80,0,13229,38,0,0,-1.5051637,0.18165664
134,155,0,25709,134,0,0,-0.9554397,0.2777922
31,119,0,19654,31,0,0,-2.9168835,0.051325236
40,107,0,17700,40,0,0,-2.2727802,0.09340253
140,204,0,33801,140,0,0,-1.0575812,0.25777197
110,213,0,35264,110,0,0,-1.1280973,0.24451241
15,191,0,31527,15,0,0,-1.8143723,0.14011052
126,107,0,17784,126,0,0,-3.109949,0.042698726
15,63,0,10407,15,0,0,-1.1068127,0.24846557
135,157,1,26038,135,0,0,-1.234695,0.22536075
143,112,1,18623,143,0,0,-2.3193119,0.08953614
35,38,0,6295,35,0,0,-1.1539247,0.23977295
75,6,0,1057,75,0,0,-2.0375535,0.11531608
149,44,0,7407,149,0,0,-1.3303137,0.20910749
109,85,0,14137,109,0,0,-1.8886147,0.1314025
1,35,0,5786,1,0,0,-0.9877293,0.2713608
28,107,0,17689,28,0,0,-1.69483,0.15514171
105,192,0,31796,105,0,0,-1.2177992,0.22832398
131,174,1,28841,131,0,0,-0.8763405,0.2939367
121,16,0,2760,121,0,0,-1.1414471,0.24205478
22,167,0,27558,22,0,0,-1.3036215,0.21355616
40,189,0,31230,40,0,0,-3.5567293,0.027740499
93,99,0,16430,93,0,0,-1.402957,0.1973473
118,123,0,20408,118,0,0,-0.89940083,0.28917363
11,58,0,9601,11,0,0,-1.6382775,0.16269958
129,80,0,13328,129,0,0,-1.4263124,0.1936739
1,121,0,19976,1,0,0,-1.2092125,0.22984041
102,144,0,23875,102,0,0,-0.85161567,0.29909405
114,4,0,767,114,0,0,-1.1003726,0.24967009
125,215,1,35602,125,0,0,-0.82730496,0.30421522
145,215,1,35621,145,0,0,-0.9306409,0.2827947
25,33,0,5481,25,0,0,-1.3004994,0.21408097
46,140,1,23143,46,0,0,-1.5081861,0.18120776
4,193,1,31853,4,0,0,-1.5042317,0.18179522
106,35,1,5878,106,0,0,-1.1694076,0.23696208
156,187,0,31008,156,0,0,-0.700552,0.33168986
54,57,1,9458,54,0,0,-1.1855395,0.23405765
121,53,0,8865,121,0,0,-2.144149,0.10487924
137,30,0,5087,137,0,0,-1.5750208,0.17150182
74,205,1,33902,74,0,0,-2.993589,0.047716346
51,124,0,20510,51,0,0,-1.2013276,0.23123914
74,90,0,14927,74,0,0,-1.2849741,0.21670471
53,75,0,12427,53,0,0,-1.7027044,0.15411238
56,24,0,4020,56,0,0,-1.854042,0.13539901
28,29,1,4819,28,0,0,-1.0761997,0.25422588
23,191,0,31520,23,0,0,-1.744901,0.14869149
126,33,0,5574,126,0,0,-1.5419176,0.17625669
97,161,0,26661,97,0,0,-1.0823443,0.25306264
55,110,0,18226,55,0,0,-1.7292585,0.15068245
6,60,1,9916,6,0,0,-1.9335461,0.1263586
90,138,0,22860,90,0,0,-3.1412053,0.041439217
154,115,0,19135,154,0,0,-1.416076,0.19527748
82,117,0,19389,82,0,0,-3.7989898,0.021902902
158,215,1,35633,158,0,0,-1.1229167,0.24547067
0,68,0,11237,0,0,0,-1.9164567,0.12825722
105,187,1,30971,105,0,0,-0.7444462,0.32203263
63,55,0,9150,63,0,0,-2.3421564,0.08769125
137,53,0,8882,137,0,0,-1.4571261,0.18890727
108,165,0,27335,108,0,0,-2.8519506,0.054580573
140,167,0,27696,140,0,0,-1.2988255,0.21436276
6,7,0,1171,6,0,0,-1.9596741,0.12350232
78,105,0,17403,78,0,0,-1.4145222,0.19552177
58,134,0,22181,58,0,0,-1.9071698,0.12929915
56,96,1,15900,56,0,0,-1.0443418,0.26031312
143,202,0,33473,143,0,0,-1.3656716,0.20332006
46,132,0,21823,46,0,0,-1.5480764,0.17536427
111,203,0,33609,111,0,0,-1.6389179,0.16261235
3,46,0,7600,3,0,0,-1.1837139,0.23438509
82,146,1,24174,82,0,0,-0.99998754,0.26894388
58,166,0,27461,58,0,0,-0.84581536,0.30031142
17,193,0,31863,17,0,0,-1.9679687,0.12260724
137,24,0,4097,137,0,0,-2.0807323,0.110983685
27,209,1,34520,27,0,0,-1.2186196,0.22817947
59,53,0,8801,59,0,0,-1.1750344,0.2359462
144,15,0,2620,144,0,0,-1.3189166,0.21099861
0,194,0,32027,0,0,0,-1.1857646,0.2340173
74,206,0,34067,74,0,0,-1.9198449,0.12787886
120,94,0,15628,120,0,0,-1.4039958,0.1971828
159,98,0,16329,159,0,0,-1.9419794,0.12543055
155,209,0,34636,155,0,0,-1.2466497,0.22328062
163,130,0,21612,163,0,0,-1.5134065,0.1804345
99,118,0,19568,99,0,0,-1.7656796,0.14608043
136,39,0,6567,136,0,0,-1.3433068,0.20696679
24,187,1,30892,24,0,0,-1.2186017,0.22818261
30,163,0,26922,30,0,0,-1.5399339,0.17654487
108,56,0,9350,108,0,0,-1.3348348,0.20836076
100,168,0,27831,100,0,0,-1.5012457,0.1822398
77,10,0,1704,77,0,0,-1.4840448,0.18481725
146,143,0,23739,146,0,0,-0.96498793,0.27588063
126,198,0,32799,126,0,0,-2.0161307,0.11751968
17,181,0,29883,17,0,0,-1.3972008,0.19826068
49,96,0,15881,49,0,0,-1.1931462,0.23269671
51,63,0,10445,51,0,0,-1.2188828,0.22813311
143,106,0,17633,143,0,0,-2.2259908,0.09744067
128,115,0,19101,128,0,0,-1.5946751,0.16872716
163,39,0,6597,163,0,0,-1.365057,0.20341964
141,12,0,2122,141,0,0,-1.0422932,0.26070777
149,139,0,23082,149,0,0,-2.1009142,0.10900799
14,98,0,16172,14,0,0,-2.1380835,0.10545004
155,145,0,24076,155,0,0,-1.02408,0.2642334
61,155,0,25636,61,0,0,-0.93297744,0.28232104
161,154,0,25567,161,0,0,-1.360074,0.20422827
22,202,1,33333,22,0,0,-1.4682784,0.18720444
139,165,0,27363,139,0,0,-2.4151063,0.082027994
62,201,1,33238,62,0,0,-1.7999451,0.14185774
61,133,0,22006,61,0,0,-1.5223067,0.1791221
103,36,1,6057,103,0,0,-1.8557725,0.13519657
112,5,0,933,112,0,0,-1.6517291,0.1608754
87,137,1,22692,87,0,0,-1.5633385,0.17316811
46,86,0,14233,46,0,0,-2.6205673,0.06782641
124,77,0,12827,124,0,0,-1.6940887,0.1552389
51,9,0,1535,51,0,0,-1.6347532,0.16318026
0,216,0,35657,0,0,0,-1.1497921,0.24052706
15,159,0,26247,15,0,0,-1.3873165,0.1998365
20,73,0,12052,20,0,0,-1.6486278,0.1612945
131,121,0,20096,131,0,0,-1.6428401,0.16207898
143,148,0,24563,143,0,0,-1.1863742,0.23390804
77,169,0,27939,77,0,0,-1.2903993,0.21578524
56,106,1,17550,56,0,0,-1.480176,0.18540084
85,203,0,33583,85,0,0,-1.1004008,0.2496648
82,181,0,29949,82,0,0,-0.76008654,0.31862748
76,63,0,10459,76,0,0,-1.1849945,0.23415537
40,114,0,18855,40,0,0,-2.0399864,0.11506812
77,89,0,14739,77,0,0,-2.2175863,0.09818231
122,119,0,19758,122,0,0,-1.2401404,0.22441155
152,190,0,31500,152,0,0,-5.2007647,0.0054821284
46,127,0,20998,46,0,0,-1.2574859,0.221407
103,110,1,18267,103,0,0,-1.5352542,0.17722623
16,133,0,21967,16,0,0,-1.8972282,0.1304225
8,128,0,21124,8,0,0,-1.0665787,0.25605425
155,212,0,35131,155,0,0,-1.2141974,0.22895922
127,17,0,2930,127,0,0,-4.033273,0.017407844
88,190,0,31435,88,0,0,-3.9899247,0.018165035
21,211,0,34835,21,0,0,-2.8927536,0.052512944
146,27,0,4599,146,0,0,-1.6156325,0.16580808
136,89,1,14817,136,0,0,-1.8621871,0.13444832
122,125,1,20748,122,0,0,-1.2795968,0.21761887
94,135,1,22368,94,0,0,-1.0799184,0.25352147
51,177,0,29255,51,0,0,-1.2186,0.22818291
27,178,0,29405,27,0,0,-1.0830275,0.25293353
153,203,0,33647,153,0,0,-1.361891,0.20393313
156,116,0,19293,156,0,0,-1.4177322,0.19501734
37,15,0,2496,37,0,0,-1.5822599,0.17047566
34,142,0,23443,34,0,0,-1.3040473,0.21348464
32,152,0,25112,32,0,0,-1.8342025,0.13773839
119,20,0,3405,119,0,0,-1.6278431,0.16412604
11,147,0,24286,11,0,0,-1.3647556,0.20346847
55,42,0,7006,55,0,0,-1.7371659,0.14967327
104,31,0,5215,104,0,0,-0.9256328,0.28381157
96,108,0,17919,96,0,0,-3.3908272,0.03258337
37,120,0,19821,37,0,0,-1.5275717,0.17834926
155,184,0,30511,155,0,0,-0.6250766,0.34862775
32,203,0,33527,32,0,0,-1.5032809,0.1819367
122,0,0,123,122,0,0,-1.5829327,0.17038053
4,141,0,23273,4,0,0,-1.9020936,0.1298717
44,52,0,8624,44,0,0,-1.5611334,0.17348407
126,95,0,15804,126,0,0,-1.8866763,0.1316239
13,102,0,16869,13,0,0,-1.3821054,0.20067108
5,66,1,10918,5,0,0,-0.69904846,0.33202323
84,90,0,14936,84,0,0,-1.9970186,0.119516306
138,193,1,31981,138,0,0,-1.4073315,0.19665529
67,45,0,7484,67,0,0,-1.7114463,0.15297621
149,110,0,18297,149,0,0,-1.7842739,0.1437762
146,182,1,30174,146,0,0,-1.716789,0.15228522
143,38,0,6413,143,0,0,-1.4145894,0.19551119
77,178,0,29424,77,0,0,-1.3980384,0.19812757
33,207,0,34181,33,0,0,-1.3904438,0.19933692
31,26,0,4309,31,0,0,-1.4342723,0.19243388
97,28,0,4716,97,0,0,-6.200256,0.0020248033
114,131,0,21722,114,0,0,-1.6092768,0.16668905
29,25,0,4140,29,0,0,-1.0752577,0.25440452
94,214,0,35403,94,0,0,-0.8337255,0.3028579
160,19,0,3299,160,0,0,-1.6893806,0.15585731
97,69,1,11481,97,0,0,-1.7815902,0.14410688
14,113,0,18647,14,0,0,-1.7388453,0.14945966
62,117,0,19378,62,0,0,-4.1272674,0.015870938
55,79,0,13111,55,0,0,-1.3772941,0.20144394
44,78,0,12914,44,0,0,-1.9689922,0.12249717
10,66,1,10920,10,0,0,-0.8623249,0.29685384
77,208,0,34374,77,0,0,-2.4948678,0.07621875
27,205,0,33860,27,0,0,-2.119589,0.107207395
109,127,0,21067,109,0,0,-1.9668391,0.12272881
91,84,1,13951,91,0,0,-2.119414,0.107224144
154,114,0,18970,154,0,0,-2.2824428,0.092587516
136,45,0,7557,136,0,0,-1.5687606,0.17239314
46,175,1,28918,46,0,0,-1.2768278,0.21809068
111,15,0,2589,111,0,0,-1.2614493,0.2207245
153,109,0,18137,153,0,0,-0.8821292,0.29273674
45,173,0,28587,45,0,0,-1.4434214,0.1910161
142,142,0,23570,142,0,0,-1.4586446,0.18867472
64,204,0,33723,64,0,0,-1.3390844,0.20766068
130,96,0,15970,130,0,0,-1.5662856,0.17274655
124,64,0,10682,124,0,0,-2.8193898,0.056285337
154,46,0,7750,154,0,0,-1.5999274,0.16799176
30,0,0,27,30,0,0,-1.6028304,0.1675864
113,150,0,24851,113,0,0,-1.9997547,0.11922868
74,155,0,25652,74,0,0,-1.0451264,0.26016206
75,103,0,17062,75,0,0,-1.4813278,0.18522695
92,20,0,3392,92,0,0,-1.5908372,0.16926613
27,129,0,21320,27,0,0,-0.79290754,0.31154472
108,166,0,27500,108,0,0,-0.9006801,0.28891075
162,45,0,7588,162,0,0,-1.1545534,0.23965837
26,217,0,35814,26,0,0,-1.5724459,0.171868
49,73,0,12086,49,0,0,-1.9903309,0.12022185
86,212,0,35062,86,0,0,-1.1969247,0.23202275
30,92,0,15207,30,0,0,-0.8721421,0.29480878
156,58,0,9723,156,0,0,-1.3920064,0.19908763
92,171,1,28307,92,0,0,-2.5326567,0.0736003
124,164,0,27182,124,0,0,-2.2695646,0.09367517
27,195,0,32210,27,0,0,-1.0134059,0.26631385
35,143,0,23620,35,0,0,-1.2767293,0.21810748
7,204,0,33660,7,0,0,-3.3098502,0.03523481
104,217,0,35905,104,0,0,-1.0075097,0.2674675
27,207,0,34190,27,0,0,-1.5472367,0.17548573
89,20,0,3389,89,0,0,-1.6393583,0.1625524
72,143,0,23660,72,0,0,-1.2094653,0.22979568
19,93,0,15378,19,0,0,-2.0064597,0.11852636
2,62,0,10236,2,0,0,-2.4183912,0.081780985
89,148,0,24509,89,0,0,-1.0114976,0.26668686
105,118,1,19586,105,0,0,-2.020676,0.11704912
82,2,0,414,82,0,0,-2.7382624,0.060752977
93,71,0,11810,93,0,0,-1.3829503,0.20053558
37,86,0,14211,37,0,0,-2.4875863,0.07673302
47,136,1,22489,47,0,0,-1.3325121,0.20874414
149,131,0,21762,149,0,0,-1.2978923,0.21451995
145,52,0,8726,145,0,0,-1.5075555,0.18130136
142,16,0,2780,142,0,0,-1.1419003,0.24197163
57,144,0,23834,57,0,0,-1.0320771,0.2626816
117,209,1,34606,117,0,0,-1.5287259,0.17818019
129,3,1,623,129,0,0,-1.1141491,0.24709818
135,49,0,8218,135,0,0,-3.0178037,0.046628013
85,142,0,23518,85,0,0,-2.4714503,0.07788401
143,118,0,19613,143,0,0,-2.2048886,0.09931235
113,108,0,17921,113,0,0,-2.3410416,0.087780476
68,208,0,34388,68,0,0,-1.8034532,0.14143123
71,61,0,10122,71,0,0,-1.2457197,0.22344196
120,36,1,6058,120,0,0,-2.1228914,0.10689172
111,173,1,28659,111,0,0,-1.4291699,0.19322805
117,12,1,2101,117,0,0,-1.2572014,0.22145602
88,61,0,10150,88,0,0,-1.135371,0.24317127
35,14,0,2335,35,0,0,-1.7026439,0.15412028
29,180,0,29715,29,0,0,-2.1809187,0.10147713
67,78,0,12929,67,0,0,-1.8262079,0.13869065
44,121,1,20009,44,0,0,-1.1764725,0.23568703
112,214,1,35418,112,0,0,-0.90562147,0.28789666
103,58,0,9687,103,0,0,-1.3466272,0.20642233
30,94,0,15537,30,0,0,-1.9675374,0.12265364
106,30,0,5053,106,0,0,-1.5029528,0.18198554
117,97,0,16126,117,0,0,-2.4360719,0.080463074
114,74,0,12317,114,0,0,-1.6920936,0.15550071
13,113,0,18684,13,0,0,-2.0084612,0.1183174
136,146,0,24222,136,0,0,-0.91894984,0.28517193
63,178,0,29445,63,0,0,-1.1364533,0.24297214
164,60,0,10061,164,0,0,-1.818223,0.13964723
136,105,0,17457,136,0,0,-1.0598676,0.25733474
80,67,0,11135,80,0,0,-0.8425996,0.30098757
22,65,1,10728,22,0,0,-0.9826883,0.2723587
31,109,0,18004,31,0,0,-0.8357087,0.30243936
47,156,1,25789,47,0,0,-1.3891306,0.19954659
126,153,0,25374,126,0,0,-1.2381499,0.2247582
83,138,0,22851,83,0,0,-3.289567,0.035930842
5,31,0,5143,5,0,0,-1.429323,0.1932042
73,209,0,34554,73,0,0,-1.3295858,0.20922789
161,27,1,4612,161,0,0,-2.7721188,0.05884955
74,210,1,34727,74,0,0,-1.0855005,0.2524665
81,171,0,28298,81,0,0,-2.2160544,0.09831803
140,70,0,11691,140,0,0,-2.2098303,0.098871194
128,60,0,10026,128,0,0,-2.320085,0.08947313
145,14,1,2456,145,0,0,-1.4607728,0.18834916
77,216,0,35694,77,0,0,-1.4444735,0.19085355
25,167,0,27591,25,0,0,-1.5562041,0.17419201
102,188,0,31135,102,0,0,-2.0127661,0.117869064
21,45,0,7445,21,0,0,-1.016582,0.26569372
135,102,0,16963,135,0,0,-1.4764726,0.1859608
10,37,1,6135,10,0,0,-2.9480405,0.049829204
98,139,0,23032,98,0,0,-2.0780714,0.11124651
75,215,0,35542,75,0,0,-0.9023362,0.28857064
55,184,0,30436,55,0,0,-0.69174796,0.33364433
77,205,0,33879,77,0,0,-2.2812715,0.092685975
43,26,0,4338,43,0,0,-1.5236783,0.1789205
62,115,0,19048,62,0,0,-1.4883382,0.18417127
33,33,0,5471,33,0,0,-1.549499,0.17515863
18,204,0,33698,18,0,0,-1.1155608,0.24683565
58,5,0,896,58,0,0,-1.798393,0.1420468
82,54,0,8994,82,0,0,-4.1850586,0.0149930995
129,43,0,7223,129,0,0,-2.9556656,0.049469423
130,203,0,33625,130,0,0,-1.1529742,0.23994625
79,42,0,7009,79,0,0,-2.3684251,0.08561234
111,63,0,10509,111,0,0,-1.2102678,0.22965367
73,189,0,31254,73,0,0,-3.8116686,0.021632921
57,178,0,29444,57,0,0,-1.653744,0.16060358
122,89,1,14808,122,0,0,-1.9775553,0.12157969
142,179,0,29675,142,0,0,-2.1483548,0.104485065
3,143,0,23605,3,0,0,-1.2334847,0.2255721
75,62,0,10297,75,0,0,-1.6491232,0.1612275
107,40,0,6709,107,0,0,-1.8177238,0.13970722
106,31,0,5218,106,0,0,-1.1366445,0.24293697
89,89,1,14774,89,0,0,-1.9075131,0.1292605
24,38,0,6307,24,0,0,-1.219342,0.22805227
148,160,0,26549,148,0,0,-1.958097,0.12367315
115,117,0,19409,115,0,0,-3.4608078,0.030448178
74,166,0,27467,74,0,0,-0.75812894,0.31905264
76,0,0,64,76,0,0,-1.5486836,0.17527647
133,118,0,19609,133,0,0,-2.1191015,0.10725407
98,106,1,17587,98,0,0,-1.8242133,0.13892908
121,101,1,16785,121,0,0,-2.1917205,0.10049646
72,203,0,33560,72,0,0,-1.5273457,0.17838238
158,207,0,34313,158,0,0,-1.4442925,0.1908815
154,66,0,11050,154,0,0,-0.911848,0.28662184
59,212,0,35036,59,0,0,-1.4851177,0.18465567
133,146,0,24229,133,0,0,-1.5752423,0.17147034
86,162,0,26812,86,0,0,-1.3987241,0.19801866
124,88,0,14642,124,0,0,-1.3754094,0.20174728
75,209,0,34552,75,0,0,-1.5826032,0.17042711
6,31,0,5131,6,0,0,-0.9057564,0.28786898
134,14,0,2444,134,0,0,-1.7384238,0.14951324
115,54,0,9014,115,0,0,-4.3825893,0.01233882
89,158,0,26159,89,0,0,-1.2693226,0.21937323
85,108,0,17908,85,0,0,-1.3302851,0.20911221
66,177,1,29260,66,0,0,-1.8789718,0.13250701
148,50,0,8399,148,0,0,-1.4718347,0.18666391
1,38,0,6281,1,0,0,-1.1091843,0.248023
96,159,0,26334,96,0,0,-1.6344752,0.16321822
85,159,0,26323,85,0,0,-1.4910643,0.18376203
82,93,0,15429,82,0,0,-1.3427341,0.2070608
105,172,0,28496,105,0,0,-2.0782619,0.111227676
88,159,1,26320,88,0,0,-1.5918453,0.16912444
145,202,0,33476,145,0,0,-1.7880967,0.14330624
132,112,0,18615,132,0,0,-3.0757265,0.04411969
56,88,0,14580,56,0,0,-2.0445645,0.11460276
71,105,0,17382,71,0,0,-1.8591905,0.13479744
10,195,0,32205,10,0,0,-1.2371459,0.22493318
49,92,0,15221,49,0,0,-0.87622535,0.2939606
25,191,0,31551,25,0,0,-1.7211452,0.15172371
120,152,0,25198,120,0,0,-3.7109575,0.023870368
137,5,0,962,137,0,0,-1.8544636,0.13534968
20,192,0,31687,20,0,0,-1.3057554,0.21319799
113,176,0,29141,113,0,0,-1.6878886,0.1560537
103,48,0,8037,103,0,0,-2.684395,0.06390047
148,88,0,14669,148,0,0,-1.3418732,0.20720218
82,137,1,22689,82,0,0,-1.2244389,0.22715622
85,191,0,31603,85,0,0,-2.0927753,0.109801
149,149,0,24732,149,0,0,-1.4975739,0.18278766
49,99,0,16376,49,0,0,-1.6230874,0.16477951
115,27,0,4559,115,0,0,-1.007455,0.2674782
89,8,0,1409,89,0,0,-1.1989136,0.23166855
133,165,1,27364,133,0,0,-2.2059245,0.099219725
28,166,0,27424,28,0,0,-1.1834035,0.23444079
78,211,1,34893,78,0,0,-2.538238,0.07322065
151,68,0,11374,151,0,0,-2.8225925,0.05611546
96,104,0,17259,96,0,0,-2.1370478,0.10554778
87,110,1,18237,87,0,0,-1.8211484,0.13929613
61,69,0,11446,61,0,0,-1.824204,0.1389302
89,14,1,2399,89,0,0,-1.818677,0.1395927
53,172,0,28432,53,0,0,-2.2691643,0.09370916
24,75,1,12412,24,0,0,-1.4333732,0.19257364
36,181,0,29888,36,0,0,-1.1558294,0.23942593
39,93,0,15359,39,0,0,-1.6878018,0.15606514
44,23,0,3839,44,0,0,-0.9469425,0.27950013
11,97,0,16036,11,0,0,-2.0728986,0.11175897
73,148,0,24489,73,0,0,-1.1725113,0.23640135
78,148,0,24498,78,0,0,-1.0677905,0.2558235
25,52,0,8616,25,0,0,-1.7050011,0.15381321
130,198,1,32800,130,0,0,-2.4871225,0.07676588
25,106,1,17526,25,0,0,-1.3371108,0.2079856
10,150,0,24780,10,0,0,-3.3552346,0.033724166
80,62,0,10310,80,0,0,-1.6770465,0.15748695
54,207,0,34208,54,0,0,-1.209681,0.22975749
24,200,0,33037,24,0,0,-1.0810697,0.25330365
63,109,0,18060,63,0,0,-0.87144834,0.29495302
89,209,0,34574,89,0,0,-1.5844615,0.17016456
1,191,0,31526,1,0,0,-0.7057046,0.33054864
103,15,0,2592,103,0,0,-1.3219714,0.2104905
135,30,0,5083,135,0,0,-1.4923885,0.1835635
42,123,0,20335,42,0,0,-0.9559335,0.27769312
151,38,0,6424,151,0,0,-1.2093143,0.2298224
31,118,1,19489,31,0,0,-1.8655045,0.13406275
77,85,0,14079,77,0,0,-1.536675,0.17701915
84,88,0,14606,84,0,0,-1.4981508,0.18270148
150,88,1,14676,150,0,0,-1.5191395,0.17958826
81,122,0,20213,81,0,0,-2.0293205,0.116158664
97,46,0,7686,97,0,0,-2.1347973,0.105760425
48,40,0,6647,48,0,0,-1.9320393,0.12652503
161,166,0,27547,161,0,0,-2.3508778,0.08699603
22,143,1,23598,22,0,0,-1.0950394,0.25067052
22,81,0,13368,22,0,0,-2.0149941,0.1176376
12,28,0,4621,12,0,0,-6.512347,0.0014827881
73,116,0,19209,73,0,0,-1.5651968,0.17290221
86,176,0,29122,86,0,0,-1.7436681,0.14884762
159,210,0,34809,159,0,0,-1.7430072,0.14893137
120,95,0,15793,120,0,0,-1.9716799,0.12220856
31,66,1,10909,31,0,0,-1.097271,0.2502516
50,123,0,20353,50,0,0,-0.8691682,0.2954274
135,26,0,4423,135,0,0,-1.4654636,0.1876331
36,177,1,29228,36,0,0,-1.2025583,0.23102042
40,66,1,10935,40,0,0,-1.080889,0.25333783
66,5,0,880,66,0,0,-1.9577172,0.12371431
24,164,0,27097,24,0,0,-2.4031556,0.08293238
99,21,1,3563,99,0,0,-1.9526496,0.12426473
109,131,0,21727,109,0,0,-1.3778911,0.20134792
119,76,0,12645,119,0,0,-1.0536759,0.25851986
136,61,0,10197,136,0,0,-1.2045145,0.23067309
82,38,0,6354,82,0,0,-1.7405398,0.14924438
131,175,0,29006,131,0,0,-2.229134,0.09716458
53,110,0,18202,53,0,0,-1.050849,0.2590621
63,24,0,4035,63,0,0,-2.1676388,0.102694415
114,46,0,7697,114,0,0,-2.3134112,0.090018325
16,53,0,8767,16,0,0,-1.6598086,0.15978768
93,98,0,16265,93,0,0,-1.2540202,0.222005
13,64,0,10599,13,0,0,-1.6390703,0.1625916
91,133,0,22036,91,0,0,-1.3604789,0.20416248
100,9,0,1596,100,0,0,-2.3923833,0.08375535
102,49,0,8200,102,0,0,-2.1073992,0.10837974
122,60,1,10023,122,0,0,-2.1339417,0.105841376
39,100,0,16514,39,0,0,-3.0586708,0.044844605
107,101,0,16774,107,0,0,-1.9634366,0.12309561
102,15,0,2590,102,0,0,-1.1878943,0.23363574
4,74,0,12218,4,0,0,-1.6667356,0.1588599
136,50,0,8382,136,0,0,-1.0383234,0.26147363
3,200,0,33010,3,0,0,-2.2339606,0.096742
12,30,0,4951,12,0,0,-1.6001184,0.16796507
5,206,1,34018,5,0,0,-2.6486025,0.0660752
45,102,0,16872,45,0,0,-1.3976195,0.19819413
104,195,0,32275,104,0,0,-1.184303,0.23427938
25,182,1,30066,25,0,0,-1.7604861,0.14672947
77,48,0,7974,77,0,0,-2.4419532,0.080028996
161,92,0,15337,161,0,0,-1.2247186,0.22710714
33,216,0,35666,33,0,0,-1.275362,0.21834074
48,81,0,13412,48,0,0,-2.5048416,0.075519465
16,171,0,28237,16,0,0,-1.425616,0.19378267
99,180,0,29798,99,0,0,-1.9712441,0.12225532
97,18,0,3066,97,0,0,-2.7837918,0.05820635
72,125,1,20690,72,0,0,-1.2299917,0.22618288
144,68,0,11365,144,0,0,-2.7182322,0.06190605
30,177,0,29232,30,0,0,-1.1950548,0.23235612
134,174,1,28844,134,0,0,-1.3278003,0.20952345
138,53,1,8881,138,0,0,-1.07776,0.25393015
117,65,0,10846,117,0,0,-1.8277819,0.13850272
2,84,0,13866,2,0,0,-1.0691397,0.25556672
4,82,0,13538,4,0,0,-1.3332705,0.2086189
158,50,0,8408,158,0,0,-1.0548284,0.258299
153,20,0,3452,153,0,0,-0.8976835,0.28952676
81,121,0,20048,81,0,0,-1.5122914,0.18059945
104,34,0,5710,104,0,0,-2.6094062,0.0685355
45,67,0,11097,45,0,0,-1.6447575,0.16181874
70,88,0,14590,70,0,0,-1.9495921,0.12459784
109,163,0,27007,109,0,0,-1.7349038,0.1499614
154,186,0,30850,154,0,0,-2.100944,0.1090051
14,206,0,33992,14,0,0,-2.425683,0.08123509
161,172,0,28537,161,0,0,-1.5872648,0.16976908
65,209,0,34551,65,0,0,-1.2979453,0.21451102
69,43,0,7157,69,0,0,-2.8975766,0.052273493
117,81,0,13486,117,0,0,-2.6078482,0.06863503
43,149,0,24633,43,0,0,-1.4880784,0.18421033
109,46,0,7702,109,0,0,-1.6942282,0.1552206
82,66,0,10974,82,0,0,-1.210402,0.22962993
88,188,0,31105,88,0,0,-1.906507,0.12937377
81,209,0,34568,81,0,0,-1.3083398,0.21276478
65,86,0,14256,65,0,0,-2.151815,0.10416175
7,133,0,21945,7,0,0,-1.4670517,0.18739115
107,164,0,27169,107,0,0,-2.390243,0.08391974
94,100,0,16593,94,0,0,-4.1756334,0.015132931
64,76,0,12603,64,0,0,-1.1056881,0.24867563
1,141,0,23276,1,0,0,-1.9210579,0.12774363
46,195,0,32218,46,0,0,-0.91744787,0.2854782
13,148,0,24459,13,0,0,-0.81504774,0.3068159
151,6,0,1144,151,0,0,-2.0565417,0.113393046
122,71,0,11838,122,0,0,-1.3589854,0.20440525
3,29,0,4795,3,0,0,-1.4653711,0.1876472
161,200,0,33157,161,0,0,-1.6171317,0.16560082
159,194,0,32169,159,0,0,-1.2498202,0.22273126
94,97,0,16098,94,0,0,-2.4555707,0.07903213
3,131,0,21625,3,0,0,-1.3854036,0.20014255
56,97,0,16065,56,0,0,-2.370246,0.08546992
79,100,0,16579,79,0,0,-4.4567704,0.011466754
145,1,0,311,145,0,0,-1.1819112,0.23470873
80,131,0,21695,80,0,0,-1.1369619,0.24287859
143,143,0,23738,143,0,0,-1.5039406,0.18183854
139,83,0,13833,139,0,0,-3.7989419,0.02190393
82,195,0,32259,82,0,0,-1.2705162,0.2191689
105,68,0,11336,105,0,0,-2.4528193,0.07923262
78,1,0,243,78,0,0,-1.1700294,0.23684967
113,22,0,3731,113,0,0,-1.9654293,0.122880675
40,118,1,19515,40,0,0,-2.2251797,0.09751202
33,125,0,20651,33,0,0,-1.1260493,0.24489093
142,101,0,16805,142,0,0,-1.5449975,0.17580996
109,183,1,30307,109,0,0,-1.3454521,0.2066149
35,186,0,30715,35,0,0,-1.6123357,0.1662646
95,161,0,26659,95,0,0,-1.3327374,0.20870692
111,105,0,17439,111,0,0,-1.6001599,0.16795927
70,207,0,34225,70,0,0,-1.2726939,0.21879645
120,8,0,1438,120,0,0,-1.3353701,0.20827249
153,35,0,5927,153,0,0,-1.2172649,0.22841814
77,212,0,35034,77,0,0,-1.3096666,0.21254264
106,41,0,6868,106,0,0,-1.1364622,0.2429705
48,54,0,8957,48,0,0,-2.911995,0.051563784
33,145,0,23951,33,0,0,-1.9187438,0.1280017
21,1,1,185,21,0,0,-1.4803069,0.18538107
130,117,0,19435,130,0,0,-4.3569465,0.012655258
151,187,1,31009,151,0,0,-0.9702204,0.27483657
32,154,0,25442,32,0,0,-1.117362,0.24650092
57,136,0,22514,57,0,0,-0.8878836,0.29154676
101,211,0,34921,101,0,0,-2.6852689,0.06384822
26,129,0,21294,26,0,0,-0.84679615,0.30010536
1,25,0,4136,1,0,0,-1.5384028,0.17676759
77,109,0,18039,77,0,0,-0.87318724,0.29459155
91,60,1,9991,91,0,0,-1.6008725,0.1678597
124,14,1,2432,124,0,0,-1.7175169,0.15219128
78,0,0,78,78,0,0,-1.3461757,0.20649631
16,209,0,34507,16,0,0,-1.6073666,0.16695455
91,150,0,24841,91,0,0,-2.1537359,0.103982635
50,199,1,32893,50,0,0,-1.3843837,0.20030588
70,215,1,35545,70,0,0,-1.0078709,0.26739672
131,60,1,10031,131,0,0,-3.131503,0.041826326
33,93,0,15371,33,0,0,-1.5797136,0.17083605
31,53,0,8764,31,0,0,-1.4093654,0.19633417
87,116,1,19227,87,0,0,-1.8792851,0.13247101
138,39,0,6571,138,0,0,-1.3265715,0.20972705
76,12,0,2044,76,0,0,-1.2261546,0.22685517
36,68,0,11243,36,0,0,-2.0834174,0.11071904
112,68,0,11328,112,0,0,-2.4176705,0.08183512
27,128,1,21155,27,0,0,-1.2475545,0.22312374
147,75,0,12523,147,0,0,-1.6542847,0.1605307
69,200,0,33062,69,0,0,-2.3319492,0.08851128
8,111,0,18319,8,0,0,-1.2415705,0.22416274
121,131,0,21735,121,0,0,-1.4681892,0.187218
106,209,0,34588,106,0,0,-1.7552569,0.14738537
144,35,1,5920,144,0,0,-1.4579859,0.18877557
6,176,0,29056,6,0,0,-1.5584807,0.17386475
70,149,0,24655,70,0,0,-1.3712332,0.20242067
105,10,0,1766,105,0,0,-1.5583229,0.17388743
65,125,0,20691,65,0,0,-1.1254146,0.2450083
42,32,0,5320,42,0,0,-1.8435316,0.13663416
135,148,0,24553,135,0,0,-1.0649643,0.2563619
97,156,1,25836,97,0,0,-1.3528717,0.20540129
84,165,0,27311,84,0,0,-2.9882448,0.04795977
148,136,0,22589,148,0,0,-0.84120256,0.30128157
135,147,0,24388,135,0,0,-1.7432826,0.14889647
137,118,1,19607,137,0,0,-2.020784,0.11703796
129,25,1,4253,129,0,0,-3.4441614,0.030943457
155,104,0,17311,155,0,0,-2.3309374,0.08859295
104,73,0,12145,104,0,0,-2.3936698,0.083656676
82,114,0,18894,82,0,0,-2.0251892,0.11658349
115,14,0,2414,115,0,0,-1.952007,0.12433467
113,184,0,30461,113,0,0,-0.69735605,0.33239868
76,18,0,3034,76,0,0,-2.5510604,0.07235528
85,192,0,31768,85,0,0,-1.0653613,0.25628623
44,152,0,25124,44,0,0,-3.1697958,0.040318318
90,153,0,25335,90,0,0,-1.3472743,0.20631635
52,86,0,14241,52,0,0,-2.2183924,0.09811097
8,115,0,18979,8,0,0,-1.052629,0.25872058
71,44,0,7317,71,0,0,-1.2795479,0.21762718
155,159,0,26386,155,0,0,-1.5142481,0.18031007
153,216,0,35792,153,0,0,-1.2381742,0.22475395
83,20,0,3381,83,0,0,-1.1038861,0.24901246
8,141,0,23269,8,0,0,-1.4877133,0.1842652
63,174,0,28785,63,0,0,-1.2637999,0.22032045
57,180,0,29774,57,0,0,-2.567964,0.07122888
136,135,0,22407,136,0,0,-1.2991447,0.21430899
28,103,0,17029,28,0,0,-1.5283828,0.17823043
33,159,0,26261,33,0,0,-1.3779626,0.20133641
77,43,0,7149,77,0,0,-3.6140046,0.026236814
144,22,0,3775,144,0,0,-1.5647249,0.1729697
36,137,0,22628,36,0,0,-0.90821016,0.28736624
44,77,0,12749,44,0,0,-1.3358021,0.20820126
47,193,1,31894,47,0,0,-1.278405,0.21782185
11,69,0,11416,11,0,0,-1.45369,0.18943432
23,17,0,2810,23,0,0,-3.9082835,0.01967986
9,23,0,3819,9,0,0,-0.9436105,0.2801716
79,122,0,20209,79,0,0,-2.0313754,0.115947865
1,46,0,7601,1,0,0,-1.1981509,0.23180433
109,186,0,30802,109,0,0,-2.5032895,0.0756279
113,139,0,23036,113,0,0,-2.3923094,0.08376102
16,73,0,12067,16,0,0,-2.6199296,0.06786675
128,66,0,11016,128,0,0,-1.3476102,0.20626134
58,125,0,20696,58,0,0,-0.9597601,0.27692622
133,99,0,16474,133,0,0,-1.4861755,0.18449645
119,21,1,3570,119,0,0,-1.8743348,0.13304095
36,76,0,12563,36,0,0,-1.0532763,0.25859645
90,89,1,14775,90,0,0,-1.9536128,0.124159954
137,82,0,13667,137,0,0,-1.3155832,0.21155407
61,191,0,31576,61,0,0,-1.5660319,0.17278281
61,47,0,7816,61,0,0,-1.1937706,0.23258524
138,50,0,8386,138,0,0,-1.2296271,0.2262467
132,81,0,13500,132,0,0,-2.8667378,0.05382254
66,134,0,22165,66,0,0,-1.874763,0.13299157
78,180,0,29778,78,0,0,-1.9267662,0.12710895
4,76,0,12548,4,0,0,-1.2289658,0.2263625
153,7,0,1307,153,0,0,-1.9068449,0.12933573
127,102,0,16955,127,0,0,-1.8136528,0.14019723
130,97,0,16135,130,0,0,-2.5636764,0.07151305
33,138,0,22796,33,0,0,-3.303536,0.035450086
112,105,1,17433,112,0,0,-1.18859,0.2335112
87,100,0,16587,87,0,0,-4.1626873,0.015327095
108,62,0,10340,108,0,0,-2.2084844,0.09899117
143,144,0,23903,143,0,0,-1.2251687,0.22702813
24,198,0,32707,24,0,0,-2.102459,0.10885806
97,188,1,31116,97,0,0,-1.6292174,0.1639376
162,110,0,18313,162,0,0,-1.2707849,0.21912293
73,190,0,31419,73,0,0,-4.6702976,0.009282508
133,116,0,19279,133,0,0,-1.2543588,0.22194652
58,146,0,24161,58,0,0,-0.9452699,0.27983707
130,56,1,9370,130,0,0,-1.1282451,0.24448511
55,13,1,2221,55,0,0,-1.4418845,0.19125369
148,32,0,5429,148,0,0,-1.9298067,0.12677197
119,6,0,1095,119,0,0,-1.9543326,0.1240817
99,89,1,14783,99,0,0,-1.8715796,0.13335904
143,61,0,10208,143,0,0,-1.0437524,0.2604266
164,208,0,34481,164,0,0,-2.6774042,0.06431992
59,44,0,7316,59,0,0,-1.2921264,0.21549311
95,128,0,21214,95,0,0,-1.080679,0.25337753
129,82,0,13658,129,0,0,-1.3140984,0.21180184
120,39,1,6553,120,0,0,-1.3986452,0.19803119
29,168,1,27735,29,0,0,-1.253437,0.22210574
77,147,0,24309,77,0,0,-1.5330629,0.17754598
153,122,0,20282,153,0,0,-1.9837048,0.12092446
48,189,0,31232,48,0,0,-2.3684614,0.08560951
24,180,0,29737,24,0,0,-2.0349054,0.11558651
149,34,0,5757,149,0,0,-1.6580014,0.16003047
90,145,1,24015,90,0,0,-0.960414,0.27679533
161,8,0,1477,161,0,0,-1.626416,0.16432193
62,182,0,30103,62,0,0,-1.9752321,0.12182801
124,90,1,14972,124,0,0,-2.6035943,0.068907455
97,83,0,13791,97,0,0,-2.650364,0.065966584
26,16,0,2649,26,0,0,-1.0343885,0.26223418
18,58,0,9608,18,0,0,-1.5334096,0.17749538
17,171,0,28233,17,0,0,-3.3589194,0.033604298
101,8,0,1426,101,0,0,-1.2420084,0.22408658
19,22,0,3663,19,0,0,-2.5186505,0.07456101
103,12,0,2097,103,0,0,-1.1180096,0.24638067
121,23,0,3915,121,0,0,-0.99656373,0.26961756
107,86,0,14299,107,0,0,-2.255045,0.09491519
5,95,0,15703,5,0,0,-2.1164663,0.107506655
164,20,0,3461,164,0,0,-0.76803577,0.31690416
43,177,0,29253,43,0,0,-1.2494893,0.22278856
85,8,0,1408,85,0,0,-1.2836254,0.21693374
99,213,0,35243,99,0,0,-1.2268472,0.22673371
143,39,0,6578,143,0,0,-1.0527127,0.25870454
52,122,0,20181,52,0,0,-2.1235867,0.106825374
133,50,0,8389,133,0,0,-1.115195,0.24690364
9,21,0,3489,9,0,0,-1.8447826,0.13648665
112,23,0,3903,112,0,0,-1.0589039,0.25751898
62,136,0,22513,62,0,0,-1.178716,0.23528315
35,73,0,12070,35,0,0,-2.1000924,0.10908784
16,22,0,3652,16,0,0,-3.2670598,0.03671868
41,42,0,6976,41,0,0,-1.9956231,0.11966323
4,182,0,30038,4,0,0,-2.1587148,0.10351966
64,108,0,17883,64,0,0,-3.7355227,0.02330463
58,142,0,23501,58,0,0,-1.7494504,0.14811653
45,162,0,26772,45,0,0,-1.5424669,0.17617695
102,3,1,610,102,0,0,-0.92966896,0.2829919
15,111,0,18327,15,0,0,-1.9320731,0.12652129
66,40,1,6655,66,0,0,-2.0110564,0.11804695
71,87,0,14412,71,0,0,-2.5615554,0.07165401
162,96,0,16003,162,0,0,-1.1020696,0.2493523
55,194,1,32086,55,0,0,-1.0593414,0.25743532
136,36,0,6072,136,0,0,-2.3338714,0.08835633
133,34,0,5749,133,0,0,-1.7727878,0.14519598
131,186,0,30821,131,0,0,-2.968816,0.04885471
138,11,0,1951,138,0,0,-1.4858515,0.1845452
36,44,0,7283,36,0,0,-1.3232095,0.21028481
146,33,0,5589,146,0,0,-1.3374662,0.20792705
24,34,0,5647,24,0,0,-1.8697658,0.13356882
91,78,0,12961,91,0,0,-1.7857475,0.14359488
33,12,0,2006,33,0,0,-1.1299688,0.24416687
110,148,1,24539,110,0,0,-1.0949067,0.25069544
93,53,0,8840,93,0,0,-1.2583177,0.22126363
79,197,0,32584,79,0,0,-2.7086997,0.062461954
124,91,0,15137,124,0,0,-4.6756687,0.009233244
69,28,0,4682,69,0,0,-5.9125485,0.0026979847
132,102,0,16965,132,0,0,-1.3721795,0.20226794
150,125,0,20781,150,0,0,-1.2166831,0.22852068
20,158,0,26077,20,0,0,-1.3008001,0.2140304
67,168,0,27779,67,0,0,-1.2228,0.22744408
109,189,0,31297,109,0,0,-2.3518105,0.086921975
14,42,0,6932,14,0,0,-0.84018725,0.30149534
139,84,0,13998,139,0,0,-1.1111848,0.24765007
106,23,0,3898,106,0,0,-1.0605409,0.2572061
117,138,0,22891,117,0,0,-3.5615706,0.027610222
101,68,0,11326,101,0,0,-2.439213,0.080230966
14,80,0,13202,14,0,0,-1.6041939,0.16739628
30,87,0,14382,30,0,0,-2.4835975,0.077016085
11,153,0,25276,11,0,0,-1.1136718,0.24718699
69,7,0,1217,69,0,0,-2.2635438,0.09418759
107,165,0,27334,107,0,0,-2.78862,0.057942238
51,110,0,18200,51,0,0,-1.8321967,0.1379768
159,54,0,9069,159,0,0,-2.7270088,0.061398312
36,110,1,18173,36,0,0,-1.8421574,0.13679634
137,164,0,27197,137,0,0,-2.819249,0.05629282
60,124,0,20532,60,0,0,-1.4748514,0.18620636
72,180,0,29765,72,0,0,-1.935633,0.1261284
127,93,0,15470,127,0,0,-1.6520083,0.16083771
119,189,0,31290,119,0,0,-4.187916,0.014950962
125,159,0,26362,125,0,0,-1.3815303,0.20076334
161,185,0,30682,161,0,0,-1.3580201,0.20456228
31,74,0,12229,31,0,0,-1.7235463,0.15141495
151,33,0,5599,151,0,0,-1.45737,0.1888699
98,44,0,7357,98,0,0,-1.271003,0.2190856
11,195,0,32206,11,0,0,-1.2006712,0.23135583
19,206,0,34023,19,0,0,-2.445191,0.07979094
112,201,0,33273,112,0,0,-2.4087934,0.08250461
94,3,0,588,94,0,0,-1.2383406,0.22472496
49,67,0,11096,49,0,0,-1.9196649,0.12789895
127,145,0,24050,127,0,0,-1.8583121,0.13489991
6,203,0,33511,6,0,0,-1.2086201,0.2299453
124,145,1,24047,124,0,0,-1.0219789,0.26464212
120,14,1,2428,120,0,0,-1.4817848,0.18515798
69,184,1,30422,69,0,0,-0.60744643,0.3526419
53,30,0,5002,53,0,0,-1.345238,0.20664999
27,27,1,4490,27,0,0,-1.2405956,0.22433233
129,206,0,34118,129,0,0,-2.754624,0.059826043
137,210,0,34787,137,0,0,-1.621366,0.16501656
40,98,0,16215,40,0,0,-2.3318217,0.08852157
116,85,0,14127,116,0,0,-0.8834254,0.29246846
115,51,0,8519,115,0,0,-1.6358123,0.16303569
114,168,1,27827,114,0,0,-1.2833252,0.21698473
75,105,0,17392,75,0,0,-1.1172006,0.2465309
160,27,0,4619,160,0,0,-2.766319,0.059171602
45,119,0,19677,45,0,0,-0.92667276,0.28360024
117,106,0,17611,117,0,0,-1.429744,0.19313857
95,162,0,26824,95,0,0,-1.104687,0.24886273
49,19,0,3176,49,0,0,-3.0492392,0.045250334
71,16,0,2697,71,0,0,-1.1554911,0.23948754
70,63,0,10465,70,0,0,-1.1652395,0.23771656
20,194,0,32017,20,0,0,-1.6555343,0.16036238
59,131,0,21671,59,0,0,-1.3784244,0.20126216
143,20,0,3443,143,0,0,-1.4369009,0.19202572
97,12,1,2076,97,0,0,-1.1866801,0.23385322
151,210,0,34804,151,0,0,-0.9223187,0.28448567
158,88,0,14678,158,0,0,-1.7077069,0.15346137
28,23,0,3829,28,0,0,-0.8088067,0.30814484
2,39,0,6441,2,0,0,-1.3181665,0.2111235
133,67,0,11194,133,0,0,-0.76973623,0.31653616
86,9,0,1567,86,0,0,-1.1911278,0.23305729
111,131,0,21729,111,0,0,-1.5334249,0.17749314
34,179,0,29548,34,0,0,-2.0684397,0.11220237
72,175,0,28940,72,0,0,-1.86987,0.13355677
121,83,0,13815,121,0,0,-3.919877,0.01945743
25,203,0,33531,25,0,0,-1.6448257,0.1618095
124,194,0,32132,124,0,0,-0.92446655,0.28404868
60,47,0,7827,60,0,0,-1.418385,0.19491489
26,102,0,16839,26,0,0,-1.1808791,0.23489417
136,93,0,15477,136,0,0,-1.6978531,0.15474588
152,76,0,12690,152,0,0,-1.1289406,0.24435666
61,203,1,33556,61,0,0,-1.3124399,0.21207884
162,56,0,9403,162,0,0,-1.4953454,0.18312077
99,114,0,18908,99,0,0,-2.150775,0.10425883
91,107,0,17746,91,0,0,-1.4602168,0.18843417
109,64,1,10672,109,0,0,-2.6163745,0.06809199
7,208,0,34320,7,0,0,-1.6075003,0.16693595
74,121,1,20042,74,0,0,-1.3738406,0.20200005
96,7,0,1254,96,0,0,-2.0910676,0.109968044
42,51,0,8455,42,0,0,-1.453121,0.18952172
20,146,0,24097,20,0,0,-1.6209548,0.16507325
48,122,0,20177,48,0,0,-2.0577416,0.113272466
81,13,0,2228,81,0,0,-1.2801833,0.21751902
141,11,0,1957,141,0,0,-1.3076124,0.21288665
155,118,0,19621,155,0,0,-1.221802,0.22761948
60,88,0,14592,60,0,0,-2.0149388,0.11764334
84,199,1,32921,84,0,0,-1.4488525,0.19017823
137,33,0,5582,137,0,0,-1.4861894,0.18449438
27,156,0,25775,27,0,0,-1.3313918,0.20892924
152,40,0,6750,152,0,0,-2.7165728,0.062002487
82,50,0,8334,82,0,0,-1.6274078,0.16418578
28,129,0,21319,28,0,0,-0.9450306,0.2798853
76,119,0,19699,76,0,0,-3.4618473,0.030417506
43,89,0,14733,43,0,0,-1.6517227,0.16087626
107,211,0,34924,107,0,0,-2.5983617,0.06924393
70,99,0,16405,70,0,0,-1.3607628,0.20411634
45,216,0,35682,45,0,0,-0.875382,0.29413566
65,160,0,26466,65,0,0,-2.053004,0.11374919
72,138,0,22835,72,0,0,-3.291734,0.035855852
50,168,1,27778,50,0,0,-1.3661785,0.20323797
49,115,0,19016,49,0,0,-1.7968006,0.14224097
5,12,0,2008,5,0,0,-1.4627304,0.18805008
106,62,0,10333,106,0,0,-1.5684266,0.17244081
134,168,0,27854,134,0,0,-1.4859779,0.18452619
4,205,0,33833,4,0,0,-2.1805918,0.10150694
40,81,0,13410,40,0,0,-2.140765,0.10519736
101,54,0,9016,101,0,0,-4.3288336,0.013011388
52,100,0,16551,52,0,0,-4.1351695,0.015747985
78,157,0,25983,78,0,0,-1.3017118,0.21387707
137,1,0,302,137,0,0,-1.3698604,0.2026424
129,174,1,28838,129,0,0,-1.0189123,0.26523933
101,213,0,35251,101,0,0,-1.1846659,0.23421429
3,194,0,32020,3,0,0,-1.4390919,0.191686
57,46,0,7664,57,0,0,-2.6235096,0.06764062
147,156,1,25888,147,0,0,-1.2608478,0.22082798
24,87,0,14392,24,0,0,-2.8238149,0.05605075
129,94,1,15638,129,0,0,-1.8267999,0.13861994
104,117,0,19405,104,0,0,-4.419529,0.011896667
79,196,0,32419,79,0,0,-2.5225954,0.07428926
27,182,1,30065,27,0,0,-1.6182244,0.1654499
9,31,0,5139,9,0,0,-0.97958094,0.27297494
19,102,0,16863,19,0,0,-1.328897,0.20934187
50,55,0,9133,50,0,0,-2.6121082,0.06836321
36,166,1,27413,36,0,0,-1.0092711,0.2671225
116,65,1,10827,116,0,0,-1.813266,0.14024386
121,204,0,33780,121,0,0,-1.512615,0.18055157
16,121,0,19987,16,0,0,-2.6640716,0.06512699
130,197,0,32635,130,0,0,-1.3828073,0.20055851
149,75,1,12522,149,0,0,-1.6957891,0.15501603
25,20,0,3336,25,0,0,-0.812745,0.30730587
146,148,0,24564,146,0,0,-1.1626568,0.23818487
120,76,0,12658,120,0,0,-1.0670846,0.25595793
100,208,0,34431,100,0,0,-1.6181045,0.16546646
121,95,0,15795,121,0,0,-1.7868524,0.14345907
60,106,0,17562,60,0,0,-1.4786289,0.18563461
29,37,0,6120,29,0,0,-2.9344583,0.05047622
66,68,0,11275,66,0,0,-2.446104,0.07972392
158,104,0,17318,158,0,0,-1.9836991,0.12092507
115,149,0,24689,115,0,0,-1.4944308,0.18325762
25,84,1,13896,25,0,0,-1.3805981,0.20091297
115,199,1,32939,115,0,0,-1.5076785,0.18128309
92,172,0,28472,92,0,0,-2.1177537,0.10738319
99,100,0,16598,99,0,0,-3.8539426,0.020756058
51,173,1,28595,51,0,0,-1.3043792,0.21342893
152,54,0,9060,152,0,0,-4.752439,0.008556769
157,20,0,3455,157,0,0,-0.8151534,0.30679342
80,191,0,31595,80,0,0,-0.89791363,0.28947943
118,150,0,24863,118,0,0,-2.0243816,0.11666668
151,77,0,12859,151,0,0,-1.6313708,0.16364266
144,148,0,24565,144,0,0,-1.1157438,0.24680163
142,166,0,27530,142,0,0,-0.67189205,0.3380733
158,131,0,21773,158,0,0,-2.8707871,0.053616695
46,77,0,12748,46,0,0,-2.089658,0.11010608
63,60,0,9975,63,0,0,-0.9382476,0.28125444
157,113,0,18800,157,0,0,-1.2363651,0.22506933
57,156,1,25814,57,0,0,-1.2520227,0.2223502
56,112,1,18540,56,0,0,-1.0997999,0.24977739
142,36,0,6080,142,0,0,-2.0086424,0.1182985
135,16,0,2773,135,0,0,-1.5120149,0.18064038
112,35,1,5883,112,0,0,-0.9688157,0.27511662
20,84,1,13867,20,0,0,-1.3940604,0.19876033
91,213,0,35236,91,0,0,-1.0717728,0.2550661
49,25,1,4166,49,0,0,-1.3783381,0.20127603
21,34,0,5630,21,0,0,-2.136699,0.10558071
78,21,0,3543,78,0,0,-1.9742653,0.121931486
45,99,0,16377,45,0,0,-1.3797896,0.2010428
32,40,1,6632,32,0,0,-1.0900905,0.25160125
85,27,0,4543,85,0,0,-1.8593187,0.13478248
105,167,1,27671,105,0,0,-1.7118282,0.15292674
93,68,0,11315,93,0,0,-2.2965894,0.091405824
47,43,0,7144,47,0,0,-3.0516467,0.04514643
23,32,0,5285,23,0,0,-1.9619279,0.12325855
120,130,1,21568,120,0,0,-1.0402036,0.26111072
37,0,0,21,37,0,0,-1.2737019,0.2186242
72,73,0,12110,72,0,0,-2.3621118,0.086107865
79,14,0,2389,79,0,0,-1.6054223,0.16722514
131,129,1,21416,131,0,0,-1.1117265,0.24754915
65,31,0,5181,65,0,0,-1.3363183,0.20811617
128,202,0,33456,128,0,0,-1.7307658,0.15048964
17,163,0,26913,17,0,0,-1.5295482,0.1780598
145,27,0,4601,145,0,0,-1.8759644,0.1328531
88,12,0,2065,88,0,0,-0.9980273,0.26932946
121,97,0,16125,121,0,0,-2.4151106,0.08202767
27,102,0,16865,27,0,0,-1.5955923,0.16859856
105,203,0,33611,105,0,0,-1.4704394,0.18687584
112,75,0,12483,112,0,0,-1.591598,0.16915919
78,136,0,22518,78,0,0,-1.1745765,0.23602875
157,138,0,22925,157,0,0,-3.3337681,0.03443074
13,107,0,17694,13,0,0,-1.3634799,0.20367531
131,161,0,26696,131,0,0,-1.2551122,0.22181645
83,102,0,16911,83,0,0,-1.6560316,0.16029543
146,133,0,22089,146,0,0,-1.3701015,0.20260346
127,40,0,6725,127,0,0,-1.7513344,0.14787896
97,49,0,8181,97,0,0,-1.8735607,0.13313027
132,113,1,18780,132,0,0,-1.259084,0.22113162
70,205,1,33895,70,0,0,-2.3773496,0.084916286
75,203,0,33562,75,0,0,-1.428318,0.1933609
120,64,1,10678,120,0,0,-1.971973,0.12217713
116,154,0,25512,116,0,0,-1.6014192,0.16778335
124,54,0,9032,124,0,0,-4.219445,0.014493646
93,120,0,19895,93,0,0,-0.9635754,0.2761629
158,73,0,12203,158,0,0,-2.6891944,0.06361399
52,77,0,12756,52,0,0,-1.5251389,0.17870605
84,180,0,29786,84,0,0,-2.2702494,0.09361705
1,86,0,14201,1,0,0,-1.6296875,0.16387317
81,52,0,8663,81,0,0,-1.6905887,0.15569843
3,20,0,3310,3,0,0,-0.9612141,0.27663517
71,152,0,25137,71,0,0,-3.1889362,0.0395842
81,190,0,31433,81,0,0,-3.6121798,0.026283477
126,28,0,4749,126,0,0,-5.859845,0.0028435763
50,63,0,10453,50,0,0,-1.2335825,0.22555502
25,105,0,17361,25,0,0,-1.3047724,0.21336293
23,68,1,11225,23,0,0,-2.8193119,0.056289475
155,111,0,18466,155,0,0,-1.5028825,0.181996
136,99,0,16467,136,0,0,-1.2718947,0.21893309
136,18,0,3102,136,0,0,-2.8624234,0.054042675
107,186,0,30799,107,0,0,-1.8258193,0.13873707
95,136,0,22534,95,0,0,-1.0496268,0.25929677
81,205,0,33908,81,0,0,-2.3831143,0.08446941
93,151,0,25010,93,0,0,-1.4664996,0.18747525
69,125,1,20687,69,0,0,-1.4829452,0.18498297
3,123,0,20305,3,0,0,-1.5110991,0.18077597
30,189,0,31212,30,0,0,-2.401784,0.083036765
94,23,0,3888,94,0,0,-1.4367068,0.19205584
91,38,0,6361,91,0,0,-1.6668022,0.158851
20,45,0,7432,20,0,0,-0.89534783,0.29000744
132,88,0,14655,132,0,0,-1.6594107,0.15984112
93,162,0,26825,93,0,0,-1.4375865,0.19191936
44,148,0,24464,44,0,0,-1.0930254,0.25104898
23,141,0,23270,23,0,0,-1.3664412,0.20319542
29,195,0,32190,29,0,0,-0.8692272,0.29541513
54,82,0,13583,54,0,0,-1.2621651,0.22060141
31,70,0,11569,31,0,0,-2.1630545,0.103117615
119,152,0,25185,119,0,0,-3.0530415,0.045086347
92,44,0,7352,92,0,0,-1.2167001,0.2285177
25,168,0,27756,25,0,0,-2.007052,0.1184645
55,161,0,26641,55,0,0,-1.2189202,0.22812653
30,214,0,35337,30,0,0,-1.4715779,0.1867029
35,177,0,29230,35,0,0,-1.741931,0.14906783
13,85,0,14064,13,0,0,-1.9363842,0.12604563
5,56,1,9268,5,0,0,-1.3595788,0.20430876
14,78,0,12872,14,0,0,-2.274786,0.09323281
44,207,0,34199,44,0,0,-1.2622933,0.22057936
163,52,0,8742,163,0,0,-1.6357887,0.16303891
112,110,0,18258,112,0,0,-1.1164956,0.24666189
111,93,0,15459,111,0,0,-1.9014192,0.12994793
154,91,0,15175,154,0,0,-3.9647892,0.0186188
124,50,0,8372,124,0,0,-0.8604768,0.29723975
135,66,1,11023,135,0,0,-1.1420397,0.24194607
108,206,0,34100,108,0,0,-2.5305872,0.073741525
93,107,0,17750,93,0,0,-1.4916968,0.18366718
74,5,0,902,74,0,0,-1.8942211,0.13076393
147,196,0,32488,147,0,0,-2.713738,0.062167563
133,63,0,10534,133,0,0,-1.0835986,0.25282562
53,163,0,26947,53,0,0,-2.7706409,0.058931462
133,44,0,7399,133,0,0,-1.6154828,0.1658288
156,159,0,26388,156,0,0,-1.4401107,0.19152822
136,199,1,32967,136,0,0,-1.4083829,0.19648924
52,179,0,29586,52,0,0,-2.3470712,0.087298855
109,126,0,20902,109,0,0,-1.2476485,0.22310746
86,142,0,23512,86,0,0,-2.190203,0.100633726
22,148,1,24423,22,0,0,-1.164509,0.23784894
134,6,1,1124,134,0,0,-1.9140537,0.12852612
16,7,0,1177,16,0,0,-1.8310101,0.13811798
161,62,0,10387,161,0,0,-1.8798325,0.13240811
95,97,0,16099,95,0,0,-2.226481,0.097397566
7,85,0,14025,7,0,0,-1.1101825,0.24783686
160,199,1,32999,160,0,0,-1.3950331,0.19860546
141,165,0,27367,141,0,0,-2.1668708,0.102765195
0,165,0,27242,0,0,0,-4.0221653,0.017598866
130,155,0,25705,130,0,0,-1.8473248,0.1361873
128,7,0,1281,128,0,0,-2.0146549,0.11767282
55,187,0,30931,55,0,0,-0.81876594,0.30602568
21,164,0,27080,21,0,0,-2.5581908,0.07187814
5,51,0,8443,5,0,0,-1.649514,0.16117465
1,119,0,19646,1,0,0,-1.1054814,0.24871425
89,195,0,32264,89,0,0,-1.0327792,0.26254565
95,71,0,11809,95,0,0,-1.754137,0.14752616
100,205,0,33936,100,0,0,-2.5511394,0.07234998
10,186,0,30720,10,0,0,-1.531363,0.17779435
88,148,0,24505,88,0,0,-1.0480738,0.25959516
110,152,0,25199,110,0,0,-3.6863194,0.024451237
98,143,0,23692,98,0,0,-1.4721498,0.18661606
127,94,0,15635,127,0,0,-1.729692,0.15062699
78,30,0,5028,78,0,0,-1.4788682,0.18559842
105,145,1,24041,105,0,0,-0.91347355,0.28628957
152,129,0,21435,152,0,0,-1.1670096,0.23739594
97,125,1,20721,97,0,0,-1.8059347,0.14113018
78,85,0,14103,78,0,0,-1.4577849,0.18880635
55,76,0,12616,55,0,0,-1.0496972,0.25928324
130,109,0,18115,130,0,0,-0.86743635,0.29578802
33,118,0,19496,33,0,0,-1.1816955,0.23474748
3,217,0,35815,3,0,0,-1.0557208,0.25812808
19,201,0,33198,19,0,0,-1.0686748,0.25565517
151,198,0,32824,151,0,0,-2.7828765,0.058256544
124,71,0,11837,124,0,0,-1.5020523,0.18211962
18,174,1,28748,18,0,0,-0.5141419,0.37422305
6,90,0,14866,6,0,0,-1.7908084,0.14297363
106,95,0,15778,106,0,0,-1.5902438,0.1693496
95,212,0,35074,95,0,0,-1.3034999,0.21357657
47,155,0,25624,47,0,0,-1.1595211,0.23875432
108,160,0,26510,108,0,0,-0.9767954,0.2735281
19,48,0,7953,19,0,0,-2.1480231,0.1045161
29,117,0,19320,29,0,0,-3.6764078,0.024688778
130,77,0,12835,130,0,0,-1.7743983,0.14499621
132,18,0,3105,132,0,0,-1.3221269,0.21046466
134,138,0,22904,134,0,0,-3.0380394,0.045736663
47,44,0,7309,47,0,0,-1.3664665,0.20319134
127,41,0,6890,127,0,0,-1.2868743,0.21638234
129,135,1,22403,129,0,0,-1.2475288,0.22312821
150,212,1,35136,150,0,0,-1.2984693,0.21442275
76,79,0,13099,76,0,0,-1.2309165,0.22602105
45,189,0,31227,45,0,0,-2.3368554,0.08811626
97,180,0,29796,97,0,0,-2.480582,0.077230714
163,206,0,34152,163,0,0,-2.272967,0.093386695
72,140,0,23165,72,0,0,-1.3038025,0.21352576
68,90,0,14918,68,0,0,-1.7974482,0.14216198
42,133,0,21985,42,0,0,-1.577965,0.17108388
85,151,0,25003,85,0,0,-1.3603148,0.20418914
115,110,0,18254,115,0,0,-0.9465191,0.2795854
123,103,0,17119,123,0,0,-1.747153,0.14840664
105,201,0,33281,105,0,0,-1.6809053,0.15697563
141,204,0,33802,141,0,0,-0.989093,0.27109125
24,119,0,19672,24,0,0,-1.279697,0.21760182
96,38,0,6369,96,0,0,-1.6911411,0.15562584
89,165,0,27314,89,0,0,-3.0449266,0.045437012
69,139,0,22997,69,0,0,-2.3117056,0.090158135
70,4,0,730,70,0,0,-0.9922865,0.2704607
34,63,0,10408,34,0,0,-1.0600157,0.25730646
117,71,0,11836,117,0,0,-1.8476684,0.13614689
125,174,1,28837,125,0,0,-1.570025,0.17221284
14,41,0,6767,14,0,0,-1.0363116,0.2618623
19,9,0,1518,19,0,0,-0.9411814,0.28066176
0,43,0,7112,0,0,0,-4.946299,0.007059482
102,129,1,21400,102,0,0,-1.3883471,0.19967176
82,197,0,32589,82,0,0,-2.586545,0.070009395
95,182,0,30124,95,0,0,-1.6041448,0.16740312
91,62,0,10321,91,0,0,-1.9349332,0.12620555
100,81,0,13476,100,0,0,-2.6242964,0.06759102
14,102,0,16832,14,0,0,-1.4538405,0.18941121
5,0,0,28,5,0,0,-1.4275639,0.19347854
125,147,0,24382,125,0,0,-1.8031642,0.14146632
112,149,0,24693,112,0,0,-1.5057414,0.18157078
75,156,0,25807,75,0,0,-1.3646996,0.20347756
122,121,0,20088,122,0,0,-1.6076686,0.16691254
158,35,1,5933,158,0,0,-1.1782053,0.23537505
159,147,0,24414,159,0,0,-1.7918837,0.14284194
110,177,0,29324,110,0,0,-1.886064,0.1316939
138,73,0,12181,138,0,0,-2.29873,0.0912282
26,39,0,6444,26,0,0,-1.5588775,0.17380778
21,195,0,32195,21,0,0,-0.900572,0.28893298
53,186,0,30742,53,0,0,-2.7078562,0.06251137
22,40,1,6603,22,0,0,-0.95323616,0.27823448
0,59,0,9752,0,0,0,-4.0020375,0.017950257
149,9,0,1632,149,0,0,-1.2848053,0.21673337
135,139,0,23068,135,0,0,-2.556442,0.07199489
120,57,1,9523,120,0,0,-3.1740808,0.04015284
26,95,0,15684,26,0,0,-1.2704854,0.21917418
34,83,0,13708,34,0,0,-2.8796897,0.053166755
112,66,1,10998,112,0,0,-1.2287245,0.22640476
95,86,0,14284,95,0,0,-2.4256046,0.081240945
5,3,0,523,5,0,0,-0.7961965,0.3108397
8,0,0,4,8,0,0,-1.8272586,0.13856518
136,67,0,11187,136,0,0,-1.1385174,0.24259268
33,97,0,16031,33,0,0,-1.7384398,0.14951122
93,47,0,7850,93,0,0,-1.3443472,0.20679606
30,193,0,31872,30,0,0,-1.1956382,0.23225206
112,189,0,31293,112,0,0,-3.3765056,0.033037845
157,189,0,31340,157,0,0,-3.2871964,0.03601305
58,28,0,4691,58,0,0,-5.478649,0.004157608
74,41,0,6842,74,0,0,-1.17135,0.23661105
81,103,0,17078,81,0,0,-1.128505,0.2444371
57,121,0,20039,57,0,0,-1.0320579,0.26268533
121,191,0,31635,121,0,0,-1.5639577,0.17307948
45,24,0,4002,45,0,0,-1.7614102,0.1466138
144,55,0,9220,144,0,0,-2.0847678,0.110586144
10,120,0,19830,10,0,0,-1.3850698,0.200196
0,180,0,29717,0,0,0,-2.7101378,0.062377788
143,162,0,26873,143,0,0,-1.1397598,0.24236447
94,0,0,93,94,0,0,-1.359539,0.20431523
130,61,0,10195,130,0,0,-1.1868391,0.23382473
111,208,0,34434,111,0,0,-2.3276231,0.08886092
87,142,1,23517,87,0,0,-2.5016298,0.075744
45,40,0,6642,45,0,0,-2.169515,0.10252166
85,179,0,29623,85,0,0,-2.1665916,0.102790944
85,72,0,11968,85,0,0,-2.0390778,0.115160674
46,90,0,14893,46,0,0,-1.7355366,0.14988077
77,168,0,27774,77,0,0,-1.5010707,0.18226588
65,7,0,1221,65,0,0,-1.9152508,0.1283921
82,167,1,27639,82,0,0,-1.8965569,0.13049866
39,71,0,11729,39,0,0,-1.6790535,0.15722084
3,72,1,11890,3,0,0,-2.0393596,0.11513196
38,178,0,29399,38,0,0,-1.232965,0.2256629
99,19,0,3233,99,0,0,-1.7208688,0.15175928
123,36,0,6064,123,0,0,-2.0181873,0.11730656
135,192,0,31813,135,0,0,-1.1421897,0.24191855
128,114,0,18936,128,0,0,-2.6000075,0.06913794
151,82,0,13684,151,0,0,-1.378339,0.20127589
88,146,0,24175,88,0,0,-1.1922705,0.2328531
142,135,1,22415,142,0,0,-1.1414331,0.24205734
17,179,0,29553,17,0,0,-1.702101,0.15419106
2,94,1,15516,2,0,0,-2.1904922,0.10060755
37,81,0,13386,37,0,0,-2.7825735,0.05827317
154,172,0,28540,154,0,0,-1.7068012,0.15357907
79,189,0,31264,79,0,0,-2.1286314,0.10634499
86,195,0,32257,86,0,0,-1.0306542,0.2629573
5,71,0,11743,5,0,0,-1.7289903,0.15071678
84,11,0,1901,84,0,0,-1.3106859,0.2123721
36,145,0,23948,36,0,0,-1.0428176,0.2606067
154,208,0,34480,154,0,0,-2.2133918,0.098554336
51,94,0,15560,51,0,0,-1.958961,0.12357953
82,49,0,8169,82,0,0,-2.6922982,0.063429356
42,125,0,20665,42,0,0,-0.91365117,0.28625327
131,171,1,28346,131,0,0,-2.0302646,0.11606177
2,73,0,12051,2,0,0,-2.6145687,0.06820667
113,91,0,15116,113,0,0,-3.5266442,0.028563555
130,82,0,13660,130,0,0,-1.3230367,0.21031351
100,50,0,8361,100,0,0,-1.1243466,0.24520592
13,159,0,26274,13,0,0,-0.96752685,0.27537373
120,106,1,17608,120,0,0,-1.6021299,0.16768414
102,51,0,8530,102,0,0,-1.650234,0.16107734
31,34,0,5629,31,0,0,-2.3888688,0.08402545
49,46,0,7631,49,0,0,-1.0302067,0.26304403
1,204,0,33671,1,0,0,-1.6154068,0.16583931
21,202,0,33350,21,0,0,-1.4754703,0.18611258
122,200,0,33123,122,0,0,-2.1865327,0.10096639
24,160,0,26437,24,0,0,-1.1192949,0.2461421
132,20,0,3435,132,0,0,-0.848679,0.29971004
64,64,0,10623,64,0,0,-2.2055159,0.099256255
29,208,0,34335,29,0,0,-2.3979015,0.08333285
36,169,0,27908,36,0,0,-1.4200993,0.19464603
128,200,0,33126,128,0,0,-2.458466,0.078821644
16,64,0,10582,16,0,0,-2.1443913,0.1048565
1,26,0,4301,1,0,0,-1.1762623,0.23572491
54,65,1,10778,54,0,0,-0.92601466,0.28373396
0,187,0,30872,0,0,0,-1.3480961,0.20618181
158,170,0,28208,158,0,0,-1.0634832,0.25664437
105,107,1,17771,105,0,0,-2.3224332,0.08928201
120,67,0,11173,120,0,0,-1.9222527,0.12761058
9,119,0,19659,9,0,0,-1.2393281,0.22455296
60,61,0,10137,60,0,0,-1.0793712,0.25362504
2,123,0,20301,2,0,0,-0.8923112,0.2906331
50,200,0,33058,50,0,0,-2.1967192,0.100045495
14,142,0,23432,14,0,0,-0.9906388,0.27078593
156,36,0,6093,156,0,0,-2.0134664,0.11779627
141,94,0,15652,141,0,0,-1.4958057,0.18305191
149,6,0,1137,149,0,0,-1.7562494,0.1472607
121,108,0,17940,121,0,0,-2.9881442,0.047964364
0,70,0,11567,0,0,0,-2.6546326,0.065704055
160,31,1,5279,160,0,0,-1.2042174,0.23072581
17,134,0,22128,17,0,0,-1.6606889,0.15966955
78,76,0,12618,78,0,0,-1.1094289,0.24797738
85,32,0,5368,85,0,0,-1.8016667,0.14164829
19,130,0,21483,19,0,0,-1.241687,0.22414246
82,211,1,34899,82,0,0,-2.939173,0.050250728
118,162,0,26843,118,0,0,-1.0061858,0.26772696
44,145,0,23969,44,0,0,-1.1865244,0.23388112
144,176,0,29185,144,0,0,-1.8894188,0.13131075
118,173,1,28658,118,0,0,-1.4730904,0.18647334
123,90,0,14974,123,0,0,-2.1557822,0.10379213
129,64,0,10688,129,0,0,-2.1184123,0.107320085
129,192,0,31808,129,0,0,-1.7662234,0.1460126
29,1,0,180,29,0,0,-1.6169984,0.16561924
141,126,0,20932,141,0,0,-1.0648234,0.25638878
44,87,0,14399,44,0,0,-1.8016069,0.14165556
70,60,1,9970,70,0,0,-1.5945401,0.1687461
49,56,1,9281,49,0,0,-1.8861125,0.13168836
85,174,1,28798,85,0,0,-1.2997935,0.21419978
94,115,0,19068,94,0,0,-1.365994,0.20326786
74,63,0,10472,74,0,0,-1.1719894,0.23649557
36,138,0,22793,36,0,0,-3.4130745,0.031889345
97,75,1,12471,97,0,0,-1.9284961,0.12691712
160,33,0,5609,160,0,0,-1.2194738,0.22802906
147,112,0,18628,147,0,0,-1.3730261,0.20213138
60,32,0,5352,60,0,0,-1.6892338,0.15587664
93,115,0,19070,93,0,0,-1.5900385,0.16937847
106,113,0,18748,106,0,0,-1.2722988,0.218864
46,172,0,28423,46,0,0,-1.6408701,0.1623467
66,170,1,28105,66,0,0,-2.3792462,0.084769025
64,152,0,25143,64,0,0,-3.4960194,0.029425705
88,153,0,25330,88,0,0,-1.50314,0.18195768
159,190,0,31509,159,0,0,-3.0940547,0.04335316
35,212,0,35005,35,0,0,-1.3681724,0.20291528
137,39,0,6572,137,0,0,-1.4201472,0.1946385
17,138,0,22788,17,0,0,-3.5017052,0.029263752
89,133,0,22034,89,0,0,-1.3295646,0.2092314
90,48,1,8010,90,0,0,-1.8413773,0.13688849
69,175,0,28937,69,0,0,-1.2241795,0.22720177
101,7,0,1261,101,0,0,-2.0877595,0.11029224
106,195,0,32278,106,0,0,-1.0686896,0.25565237
116,212,0,35082,116,0,0,-1.1235676,0.24535014
42,204,0,33700,42,0,0,-1.5858691,0.16996588
134,105,0,17459,134,0,0,-1.0060432,0.2677549
161,108,1,17977,161,0,0,-3.530286,0.028462676
106,45,0,7528,106,0,0,-0.83795637,0.3019654
3,157,0,25915,3,0,0,-1.429353,0.19319952
128,122,0,20256,128,0,0,-2.1222408,0.10695385
28,198,0,32704,28,0,0,-3.0119948,0.046886917
132,152,0,25215,132,0,0,-2.4167945,0.08190096
131,135,1,22406,131,0,0,-1.9133906,0.1286004
124,97,1,16127,124,0,0,-2.5753865,0.070739396
163,173,0,28707,163,0,0,-1.4122581,0.19587813
35,17,1,2830,35,0,0,-2.89044,0.05262818
151,162,0,26884,151,0,0,-1.0444934,0.26028392
66,42,0,6985,66,0,0,-1.5014608,0.18220775
151,190,0,31504,151,0,0,-4.9975805,0.006708955
54,195,0,32228,54,0,0,-0.94996625,0.27889162
106,167,0,27658,106,0,0,-1.2968001,0.21470404
8,22,0,3634,8,0,0,-2.7833383,0.058231212
21,183,0,30215,21,0,0,-1.6281524,0.16408363
41,67,0,11101,41,0,0,-0.9386503,0.28117305
128,59,0,9861,128,0,0,-3.7902467,0.022090992
128,193,1,31971,128,0,0,-1.3775351,0.20140517
115,34,0,5714,115,0,0,-1.4171236,0.19511291
1,155,0,25586,1,0,0,-1.0304626,0.26299444
13,163,0,26934,13,0,0,-1.8047495,0.1412739
51,119,0,19685,51,0,0,-3.6514628,0.02529661
104,35,1,5875,104,0,0,-1.2511137,0.22250742
81,137,1,22688,81,0,0,-0.8376785,0.30202395
92,85,0,14117,92,0,0,-1.58147,0.17058739
87,202,0,33417,87,0,0,-1.6381304,0.16271962
140,12,0,2121,140,0,0,-1.1353137,0.2431818
91,141,1,23356,91,0,0,-3.1599636,0.040700473
76,168,0,27784,76,0,0,-3.4092612,0.032007277
43,194,1,32058,43,0,0,-1.6588523,0.15991612
147,162,0,26878,147,0,0,-1.179956,0.23506011
57,141,0,23339,57,0,0,-1.7189076,0.15201193
25,17,0,2841,25,0,0,-2.9655104,0.04900855
122,203,0,33618,122,0,0,-1.259958,0.22098112
109,67,0,11167,109,0,0,-1.9319623,0.12653355
76,174,1,28774,76,0,0,-1.1553447,0.2395142
22,49,1,8088,22,0,0,-4.8395834,0.0078482665
126,80,0,13329,126,0,0,-1.7803571,0.14425904
123,74,0,12334,123,0,0,-1.541661,0.17629394
156,194,0,32163,156,0,0,-1.2275219,0.22661544
120,202,0,33448,120,0,0,-1.4301856,0.19306977
163,208,0,34482,163,0,0,-1.7805159,0.14423944
48,184,1,30407,48,0,0,-1.1754615,0.2358692
106,132,0,21883,106,0,0,-1.418051,0.1949673
86,179,0,29617,86,0,0,-2.0684102,0.11220531
153,27,0,4607,153,0,0,-1.5832357,0.1703377
31,98,0,16189,31,0,0,-2.4368546,0.080405176
1,134,0,22121,1,0,0,-1.6244671,0.16458972
42,126,0,20830,42,0,0,-1.0620537,0.25691718
62,92,0,15253,62,0,0,-1.0527818,0.25869128
92,200,0,33092,92,0,0,-2.5099006,0.07516702
101,64,0,10666,101,0,0,-2.430729,0.08085927
145,68,0,11366,145,0,0,-2.5213935,0.07437196
95,59,0,9829,95,0,0,-3.6057417,0.026448745
129,166,0,27518,129,0,0,-1.0282121,0.26343086
95,211,0,34909,95,0,0,-2.406653,0.082666785
41,165,1,27271,41,0,0,-2.6658213,0.06502054
60,86,0,14262,60,0,0,-2.3395345,0.08790123
67,135,0,22334,67,0,0,-1.7564554,0.14723483
46,22,0,3673,46,0,0,-2.4538646,0.0791564
87,154,0,25497,87,0,0,-1.607094,0.16699246
84,71,0,11801,84,0,0,-1.587518,0.16973339
8,123,0,20299,8,0,0,-1.1981931,0.23179682
160,147,0,24419,160,0,0,-1.5791056,0.17092219
63,5,1,900,63,0,0,-2.0780919,0.111244485
42,209,0,34525,42,0,0,-0.93888587,0.28112546
75,180,0,29767,75,0,0,-2.0668163,0.11236418
32,26,0,4322,32,0,0,-1.2973721,0.21460763
86,69,0,11467,86,0,0,-1.783989,0.14381127
126,101,0,16794,126,0,0,-1.9348512,0.1262146
100,178,0,29481,100,0,0,-1.5749707,0.17150892
15,48,0,7932,15,0,0,-2.154961,0.10386854
6,36,0,5956,6,0,0,-1.2408988,0.22427957
107,216,0,35749,107,0,0,-1.2568305,0.22151999
52,76,0,12591,52,0,0,-1.131402,0.24390246
15,8,0,1332,15,0,0,-1.0344665,0.2622191
48,127,0,21002,48,0,0,-2.0905857,0.11001521
132,116,1,19275,132,0,0,-1.2456555,0.22345309
66,149,0,24640,66,0,0,-1.3359013,0.2081849
129,127,0,21083,129,0,0,-1.8820963,0.13214828
164,34,0,5771,164,0,0,-1.4854093,0.18461177
10,12,0,2010,10,0,0,-1.3439832,0.20685579
104,174,1,28810,104,0,0,-1.5050731,0.18167011
7,50,0,8250,7,0,0,-0.95914257,0.2770499
30,160,0,26427,30,0,0,-1.1660717,0.23756579
15,2,0,342,15,0,0,-2.5161984,0.07473039
2,29,0,4791,2,0,0,-1.8875871,0.13151984
38,34,0,5639,38,0,0,-1.4539578,0.1893932
106,92,0,15283,106,0,0,-0.77896935,0.31454206
121,189,0,31305,121,0,0,-3.152795,0.040981285
105,30,0,5066,105,0,0,-1.5356624,0.17716672
50,130,0,21508,50,0,0,-1.059613,0.2573834
16,216,0,35662,16,0,0,-1.5046647,0.18173084
77,206,0,34044,77,0,0,-2.7275717,0.061365884
25,45,0,7461,25,0,0,-0.6920156,0.33358485
161,114,0,18967,161,0,0,-1.8077691,0.14090797
45,41,0,6807,45,0,0,-1.1245116,0.24517539
128,182,0,30156,128,0,0,-1.8406928,0.13696939
162,187,0,31018,162,0,0,0.15605325,0.53893435
140,187,0,30996,140,0,0,-1.1839209,0.23434795
156,144,0,23913,156,0,0,-0.9831235,0.27227247
35,180,0,29725,35,0,0,-2.4016786,0.08304479
41,61,0,10111,41,0,0,-0.9758782,0.2737104
78,127,0,21033,78,0,0,-1.9499509,0.12455871
17,65,1,10743,17,0,0,-1.6378882,0.16275263
110,158,0,26189,110,0,0,-1.2894278,0.21594968
59,125,0,20681,59,0,0,-1.8392315,0.13714221
105,12,1,2096,105,0,0,-1.0441799,0.2603443
111,85,0,14139,111,0,0,-1.9841955,0.12087231
78,156,0,25818,78,0,0,-1.3783958,0.20126677
44,73,0,12089,44,0,0,-2.2078047,0.09905181
61,1,0,226,61,0,0,-1.1640413,0.23793374
52,157,0,25956,52,0,0,-1.3175683,0.21122316
129,188,1,31148,129,0,0,-1.6364331,0.162951
87,163,0,26982,87,0,0,-1.7782159,0.14452358
75,43,0,7162,75,0,0,-2.718144,0.061911177
93,121,0,20060,93,0,0,-1.5871265,0.16978857
82,67,0,11139,82,0,0,-0.9006725,0.28891233
60,25,0,4197,60,0,0,-3.3494987,0.033911582
127,204,0,33785,127,0,0,-1.1088352,0.2480881
39,68,0,11234,39,0,0,-2.463191,0.07847925
89,151,0,25004,89,0,0,-1.5929816,0.16896482
41,15,0,2521,41,0,0,-1.3160868,0.2114701
127,134,0,22235,127,0,0,-2.1049812,0.10861362
51,158,0,26120,51,0,0,-1.1603696,0.23860012
123,61,0,10189,123,0,0,-0.8538732,0.298621
13,135,0,22314,13,0,0,-1.1553131,0.23951995
131,137,1,22736,131,0,0,-1.4154458,0.19537653
25,92,0,15216,25,0,0,-1.1322272,0.24375032
83,171,0,28296,83,0,0,-1.4483202,0.19026023
137,159,0,26372,137,0,0,-1.3846567,0.20026216
31,200,0,33019,31,0,0,-2.2070396,0.09912011
107,62,0,10339,107,0,0,-2.0285666,0.11623609
18,129,0,21323,18,0,0,-1.0127752,0.26643708
102,10,1,1765,102,0,0,-1.7869377,0.14344858
145,147,0,24401,145,0,0,-1.5900757,0.16937324
39,22,0,3644,39,0,0,-3.2971935,0.035667595
142,72,0,12020,142,0,0,-1.736887,0.14970878
46,10,0,1693,46,0,0,-2.2108378,0.09878146
162,52,0,8743,162,0,0,-1.6156809,0.16580139
111,182,0,30144,111,0,0,-1.3233173,0.21026692
110,119,0,19754,110,0,0,-3.0955255,0.043292202
120,53,0,8863,120,0,0,-1.3818512,0.20071186
120,89,1,14803,120,0,0,-2.2306037,0.097035736
133,154,0,25549,133,0,0,-1.3966615,0.1983464
102,96,0,15955,102,0,0,-1.4461603,0.1905932
62,193,1,31918,62,0,0,-1.715414,0.15246281
132,77,1,12840,132,0,0,-1.6625597,0.15941869
150,85,1,14181,150,0,0,-1.4635634,0.18792291
13,44,0,7299,13,0,0,-1.3496146,0.20593338
93,59,0,9830,93,0,0,-4.2704396,0.013783012
66,157,0,25960,66,0,0,-1.3474782,0.20628297
151,164,0,27214,151,0,0,-2.1450393,0.10479569
158,64,0,10718,158,0,0,-1.871011,0.13342479
120,77,0,12823,120,0,0,-2.3200166,0.0894787
99,160,0,26498,99,0,0,-1.5523882,0.17474161
119,161,0,26670,119,0,0,-1.2345572,0.22538482
119,123,0,20400,119,0,0,-0.8618848,0.29694572
92,176,0,29132,92,0,0,-1.9511585,0.12442709
124,4,0,782,124,0,0,-1.12414,0.24524416
130,118,1,19600,130,0,0,-1.9696765,0.12242364
76,89,0,14749,76,0,0,-2.0824795,0.11081142
12,91,0,15016,12,0,0,-3.4005766,0.03227745
64,137,1,22668,64,0,0,-1.5967555,0.16843557
140,103,0,17136,140,0,0,-1.7074549,0.15349412
162,184,0,30523,162,0,0,-1.2613549,0.22074074
131,84,1,13991,131,0,0,-1.3263197,0.20976879
1,120,0,19811,1,0,0,-1.8111405,0.14050034
7,192,0,31680,7,0,0,-1.4853039,0.18462764
69,161,0,26627,69,0,0,-1.2088273,0.22990862
93,136,0,22535,93,0,0,-0.889358,0.29124233
111,89,1,14799,111,0,0,-1.5978765,0.1682786
97,4,0,756,97,0,0,-1.5381308,0.17680717
98,172,0,28477,98,0,0,-1.9746134,0.121894225
157,125,0,20780,157,0,0,-0.9646328,0.2759516
22,54,0,8913,22,0,0,-1.5975285,0.16832733
128,111,0,18441,128,0,0,-2.1487374,0.104449265
137,105,1,17462,137,0,0,-1.5536015,0.1745667
144,42,0,7075,144,0,0,-2.0673752,0.11230846
25,71,0,11751,25,0,0,-1.8463681,0.1362999
139,210,0,34788,139,0,0,-1.3790982,0.20115387
138,200,0,33136,138,0,0,-2.30964,0.090327725
60,68,0,11292,60,0,0,-2.5140343,0.07488016
99,41,0,6863,99,0,0,-1.182986,0.23451573
164,9,0,1646,164,0,0,-0.7950601,0.3110832
32,54,0,8942,32,0,0,-2.906201,0.051847883
8,169,0,27889,8,0,0,-1.0361094,0.26190138
129,191,0,31643,129,0,0,-2.3421655,0.08769052
77,217,0,35859,77,0,0,-1.0661631,0.25613344
79,154,0,25489,79,0,0,-1.4844756,0.18475236
92,93,0,15437,92,0,0,-2.0947802,0.10960519
67,150,0,24809,67,0,0,-1.9449537,0.12510465
156,101,0,16818,156,0,0,-2.1042535,0.108684085
111,16,0,2754,111,0,0,-1.055969,0.25808054
27,6,0,1025,27,0,0,-2.1221638,0.10696121
98,155,0,25672,98,0,0,-1.3437166,0.20689952
132,31,1,5250,132,0,0,-1.150308,0.24043283
109,116,0,19252,109,0,0,-1.5173719,0.17984885
119,102,0,16935,119,0,0,-1.7389965,0.14944044
12,184,0,30361,12,0,0,-0.6887218,0.33431748
4,93,0,15353,4,0,0,-1.7961175,0.14232433
138,112,0,18616,138,0,0,-1.4009662,0.19766285
126,181,0,29994,126,0,0,-0.87424225,0.29437235
57,73,0,12119,57,0,0,-2.467356,0.07817857
117,202,0,33451,117,0,0,-1.9054737,0.12949021
108,68,0,11330,108,0,0,-1.4463708,0.19056073
120,110,0,18268,120,0,0,-1.7526238,0.14771657
42,201,0,33205,42,0,0,-0.7360632,0.32386562
3,79,0,13045,3,0,0,-1.3315015,0.2089111
96,214,1,35409,96,0,0,-1.0127532,0.26644138
22,144,0,23763,22,0,0,-1.054317,0.25839698
62,86,0,14263,62,0,0,-2.051359,0.11391514
4,114,0,18818,4,0,0,-2.470034,0.0779858
100,43,0,7206,100,0,0,-2.960696,0.049233418
12,123,0,20296,12,0,0,-1.6957614,0.15501966
159,46,0,7749,159,0,0,-1.7615511,0.14659618
118,74,0,12323,118,0,0,-1.5887465,0.16956033
59,13,0,2201,59,0,0,-1.5157185,0.18009286
114,88,0,14627,114,0,0,-1.4922743,0.18358062
118,86,0,14303,118,0,0,-2.540167,0.07308985
150,51,0,8571,150,0,0,-1.5113504,0.18073875
22,37,0,6108,22,0,0,-2.6420918,0.0664781
13,28,0,4659,13,0,0,-7.87025,0.00038179295
135,36,0,6073,135,0,0,-2.3807547,0.084652066
155,122,0,20281,155,0,0,-2.0824697,0.11081239
60,52,0,8652,60,0,0,-1.571094,0.17206049
123,43,0,7219,123,0,0,-2.781868,0.0583119
25,69,1,11421,25,0,0,-1.7306018,0.15051062
19,213,0,35178,19,0,0,-0.8791397,0.2933561
45,186,0,30732,45,0,0,-1.5674398,0.17258167
147,52,0,8728,147,0,0,-1.9127455,0.12867272
0,52,0,8597,0,0,0,-2.307057,0.09054019
84,147,0,24341,84,0,0,-1.4855752,0.1845868
37,123,0,20316,37,0,0,-1.06586,0.2561912
105,70,0,11666,105,0,0,-3.0281906,0.046168443
83,98,1,16251,83,0,0,-2.025633,0.11653777
107,64,1,10669,107,0,0,-2.5042908,0.075557925
54,81,0,13418,54,0,0,-2.534011,0.07350802
17,115,0,18993,17,0,0,-1.7665215,0.14597546
128,71,0,11841,128,0,0,-1.3747594,0.20185198
121,57,1,9525,121,0,0,-3.3633976,0.03345917
31,104,0,17179,31,0,0,-1.6548994,0.16044788
7,213,0,35145,7,0,0,-0.86420214,0.29646215
91,189,0,31276,91,0,0,-4.2358656,0.0142609645
24,167,0,27592,24,0,0,-1.4132237,0.19572608
93,89,1,14780,93,0,0,-1.737989,0.14956856
61,58,1,9631,61,0,0,-1.2021527,0.23109248
137,12,1,2117,137,0,0,-1.0345252,0.26220775
21,11,0,1835,21,0,0,-1.3180413,0.21114436
5,52,0,8608,5,0,0,-1.7947283,0.142494
116,115,0,19077,116,0,0,-1.6241839,0.16462867
108,169,0,27995,108,0,0,-1.8744626,0.13302621
109,34,0,5722,109,0,0,-1.5109518,0.18079779
47,53,1,8794,47,0,0,-1.375612,0.20171465
28,57,1,9439,28,0,0,-2.2039394,0.09939729
25,43,0,7131,25,0,0,-5.3085423,0.0049247625
45,146,0,24132,45,0,0,-1.2048466,0.23061416
157,214,0,35465,157,0,0,-1.0402143,0.26110864
130,102,0,16960,130,0,0,-1.5525916,0.17471229
51,180,0,29750,51,0,0,-1.9078901,0.12921807
141,155,0,25717,141,0,0,-0.93836087,0.28123155
50,205,0,33883,50,0,0,-2.5945513,0.06948991
141,72,0,12022,141,0,0,-2.0821497,0.11084392
14,13,0,2147,14,0,0,-0.9580038,0.27727804
35,37,1,6130,35,0,0,-3.4335713,0.03126259
147,47,0,7903,147,0,0,-1.2706449,0.21914688
53,178,0,29422,53,0,0,-1.4684346,0.18718067
47,22,0,3679,47,0,0,-2.38325,0.08445892
92,97,0,16097,92,0,0,-2.5667837,0.071307
25,42,0,6966,25,0,0,-1.1003034,0.24968305
26,191,0,31524,26,0,0,-0.91482615,0.28601328
52,150,0,24801,52,0,0,-2.1232553,0.106856994
38,98,0,16199,38,0,0,-2.1633723,0.10308823
154,127,0,21115,154,0,0,-1.4019399,0.19750847
160,160,1,26564,160,0,0,-1.515034,0.18019396
0,179,0,29552,0,0,0,-2.0429988,0.114761725
144,129,0,21430,144,0,0,-1.167479,0.23731096
95,164,0,27154,95,0,0,-2.628655,0.06731685
86,141,0,23347,86,0,0,-1.7150025,0.15251599
5,192,0,31708,5,0,0,-1.3500285,0.20586571
113,39,0,6536,113,0,0,-1.4158583,0.1953117
44,177,0,29249,44,0,0,-1.1795831,0.23512717
85,107,0,17743,85,0,0,-2.56675,0.07130923
101,27,0,4561,101,0,0,-1.6817496,0.15686393
94,56,0,9333,94,0,0,-1.2385736,0.22468437
114,94,0,15617,114,0,0,-1.6992149,0.15456782
22,190,1,31353,22,0,0,-2.2761798,0.09311505
8,31,0,5119,8,0,0,-0.47026986,0.38455236
135,210,0,34783,135,0,0,-1.1728501,0.2363402
22,128,1,21123,22,0,0,-0.9047994,0.28806522
122,86,0,14313,122,0,0,-2.1893473,0.1007112
72,111,0,18380,72,0,0,-2.1826816,0.101316504
161,61,0,10222,161,0,0,-0.57364583,0.360396
52,118,0,19521,52,0,0,-1.8533349,0.13548182
83,53,1,8826,83,0,0,-1.8482616,0.13607714
118,174,1,28823,118,0,0,-1.7649086,0.14617664
65,94,0,15576,65,0,0,-2.2103038,0.098829016
31,106,0,17509,31,0,0,-1.4848666,0.18469347
114,54,0,9017,114,0,0,-4.2345734,0.014279142
80,15,0,2555,80,0,0,-1.4708529,0.18681303
111,175,1,28989,111,0,0,-1.2250113,0.22705574
37,178,0,29391,37,0,0,-1.3005836,0.21406682
77,160,0,26454,77,0,0,-1.9235029,0.12747145
121,93,0,15465,121,0,0,-1.7731259,0.14515403
164,93,1,15506,164,0,0,-1.3347585,0.20837334
149,57,1,9552,149,0,0,-1.310585,0.21238896
149,217,0,35952,149,0,0,-2.3118734,0.09014437
34,191,0,31528,34,0,0,-0.8994424,0.2891651
84,54,0,8996,84,0,0,-3.9650364,0.018614283
95,18,0,3064,95,0,0,-1.8515229,0.13569419
113,147,0,24356,113,0,0,-1.2192845,0.22806238
68,18,0,3038,68,0,0,-1.9728265,0.122085616
149,87,0,14502,149,0,0,-2.3289437,0.08875405
34,103,0,17008,34,0,0,-1.2437904,0.2237769
