Substrate Index,Enzyme Index,Label,Dock Index,positive_reactions,dataset_id,tag,logit,prob
143,113,0,18788,143,0,0,-5.1857347,0.0055646845
94,191,0,31608,94,0,0,-2.6779957,0.06428433
161,16,0,2797,161,0,0,-4.138851,0.015691021
89,173,1,28634,89,0,0,1.9442699,0.8748205
157,85,0,14180,157,0,0,-2.0955112,0.109533876
26,141,0,23274,26,0,0,-0.2774784,0.4310721
48,83,0,13742,48,0,0,-6.587822,0.0013751424
24,71,0,11752,24,0,0,-4.073789,0.01672821
65,189,0,31251,65,0,0,-1.60725,0.16697077
19,204,0,33693,19,0,0,-1.6822908,0.15679237
29,28,0,4635,29,0,0,-7.1452184,0.00078800455
152,10,0,1800,152,0,0,-1.8813355,0.13223556
68,112,0,18548,68,0,0,-0.9828283,0.27233094
139,44,0,7398,139,0,0,-1.8017745,0.1416352
20,16,1,2647,20,0,0,-5.1157923,0.0059654214
102,176,0,29155,102,0,0,-2.6253462,0.06752489
162,134,0,22273,162,0,0,-0.7283341,0.3255604
76,190,0,31414,76,0,0,0.36609203,0.59051436
13,160,0,26439,13,0,0,-0.21958423,0.44532347
30,58,0,9597,30,0,0,-0.22872359,0.4430671
100,179,0,29646,100,0,0,-3.5657642,0.027497858
29,112,0,18495,29,0,0,-1.4584866,0.18869892
95,41,0,6859,95,0,0,0.48641038,0.61926043
25,125,0,20661,25,0,0,3.149838,0.95890236
72,43,0,7160,72,0,0,-7.228159,0.0007253295
135,47,0,7888,135,0,0,2.6177146,0.931993
41,83,0,13741,41,0,0,-6.9932775,0.0009171907
155,43,0,7246,155,0,0,-7.588,0.00050623674
26,144,0,23769,26,0,0,-5.54546,0.0038899546
67,154,0,25469,67,0,0,-2.019474,0.11717339
111,163,0,27009,111,0,0,-2.262887,0.09424364
22,205,0,33828,22,0,0,3.9149184,0.9804477
77,96,0,15894,77,0,0,-3.7293139,0.023446374
107,0,0,109,107,0,0,-4.921973,0.0072320583
119,162,0,26835,119,0,0,-1.7925036,0.14276604
113,1,0,266,113,0,0,-2.1978178,0.099946626
81,98,0,16253,81,0,0,-1.1490667,0.2406596
27,5,1,860,27,0,0,-5.606787,0.0036594102
164,41,0,6926,164,0,0,0.37865645,0.593549
74,7,0,1232,74,0,0,-4.972,0.0068815905
20,107,0,17662,20,0,0,-2.958688,0.049327493
31,19,0,3154,31,0,0,-0.035267323,0.4911841
103,73,0,12162,103,0,0,-5.38285,0.0045736926
49,212,0,35021,49,0,0,-0.43594247,0.3927082
30,44,0,7287,30,0,0,-2.4235628,0.08139347
161,202,1,33487,161,0,0,-4.0600204,0.016956195
48,23,0,3842,48,0,0,0.0759778,0.51898533
65,68,0,11286,65,0,0,-3.1902761,0.03953329
56,69,0,11445,56,0,0,1.6306868,0.8362637
64,198,0,32733,64,0,0,-1.3887827,0.19960216
31,42,0,6949,31,0,0,0.2499857,0.562173
136,145,0,24057,136,0,0,2.3125463,0.9099108
3,108,0,17830,3,0,0,-5.8303404,0.0029284758
50,215,1,35533,50,0,0,3.9845333,0.98173857
136,38,1,6402,136,0,0,-4.4245386,0.011837922
61,176,0,29101,61,0,0,-2.4926357,0.07637606
83,140,0,23181,83,0,0,-3.997005,0.018039186
96,135,0,22374,96,0,0,0.036939353,0.5092338
38,26,0,4319,38,0,0,-1.099318,0.2498677
146,16,0,2784,146,0,0,-2.8240955,0.056035906
34,216,0,35653,34,0,0,1.3941891,0.8012602
114,30,0,5057,114,0,0,-2.360951,0.08619926
66,13,0,2200,66,0,0,-5.350007,0.0047256793
100,196,0,32451,100,0,0,4.551306,0.9895568
146,53,0,8889,146,0,0,-1.7216663,0.15165666
131,115,0,19106,131,0,0,-1.7224212,0.15155956
24,128,1,21157,24,0,0,-3.667025,0.024915718
106,159,0,26338,106,0,0,-3.6908617,0.02434312
109,208,0,34432,109,0,0,-4.6518364,0.009453831
114,146,0,24197,114,0,0,-0.10824853,0.47296426
78,162,0,26808,78,0,0,-1.504771,0.18171503
89,169,1,27974,89,0,0,1.1821082,0.7653266
112,190,1,31458,112,0,0,-0.6181232,0.35020843
15,171,0,28227,15,0,0,0.31215304,0.5774107
80,151,0,24995,80,0,0,-5.7411175,0.003200899
120,82,1,13648,120,0,0,-2.1824937,0.10133361
120,136,1,22558,120,0,0,-0.20535165,0.44884175
39,97,0,16019,39,0,0,-2.26711,0.09388377
81,196,0,32423,81,0,0,4.157698,0.98459744
87,121,1,20052,87,0,0,-3.7572162,0.022815926
29,179,0,29550,29,0,0,-4.324469,0.013067556
147,37,0,6253,147,0,0,-3.8686903,0.020458419
19,147,0,24288,19,0,0,-0.021343648,0.49466428
24,212,0,35017,24,0,0,0.060952365,0.5152334
37,124,0,20481,37,0,0,0.32670313,0.580957
14,63,0,10397,14,0,0,-4.3522367,0.012714242
56,131,0,21675,56,0,0,-3.9317684,0.019231848
69,150,0,24812,69,0,0,0.054703504,0.5136725
112,7,0,1263,112,0,0,-4.580886,0.010141904
96,1,0,264,96,0,0,-2.4421036,0.08001792
160,108,0,17984,160,0,0,-6.7465115,0.0011735925
110,205,1,33944,110,0,0,2.067855,0.88773936
39,82,0,13544,39,0,0,-2.909362,0.0516927
65,96,0,15906,65,0,0,-3.4573839,0.030549418
97,13,0,2241,97,0,0,-5.558489,0.003839796
71,33,0,5502,71,0,0,-3.4989736,0.029341448
61,179,0,29596,61,0,0,-5.316026,0.004888223
109,108,0,17932,109,0,0,-5.850232,0.0028709646
83,105,1,17406,83,0,0,-1.3337429,0.20854093
96,172,0,28479,96,0,0,-5.615011,0.0036295473
42,99,0,16375,42,0,0,-0.77821136,0.31470552
104,24,0,4060,104,0,0,-2.627834,0.06736841
48,76,0,12587,48,0,0,0.84921724,0.7004029
45,176,0,29082,45,0,0,-2.3820202,0.08455406
116,79,0,13137,116,0,0,-2.240796,0.09614634
105,204,0,33776,105,0,0,-3.267406,0.03670644
157,43,0,7250,157,0,0,-7.5582266,0.00052152766
28,39,0,6469,28,0,0,0.3169678,0.5785851
1,175,0,28886,1,0,0,-0.73594946,0.3238905
71,156,1,25797,71,0,0,2.2126503,0.90137976
42,76,0,12580,42,0,0,0.58832544,0.6429808
13,206,1,34029,13,0,0,1.096343,0.7495743
12,52,0,8581,12,0,0,-5.8426256,0.0028928225
63,153,0,25320,63,0,0,0.871404,0.7050378
24,193,1,31882,24,0,0,2.155298,0.8961628
43,71,0,11763,43,0,0,-2.570334,0.07107225
23,48,0,7925,23,0,0,-1.081593,0.25320467
56,53,1,8805,56,0,0,-2.212148,0.09866489
56,146,0,24150,56,0,0,-0.0139580965,0.49651054
103,64,0,10677,103,0,0,-2.9465315,0.049900696
122,178,0,29493,122,0,0,-5.1859646,0.005563413
58,23,0,3866,58,0,0,0.10603386,0.52648365
119,202,0,33435,119,0,0,-6.259694,0.0019081824
96,113,0,18744,96,0,0,-8.04946,0.00031917225
64,212,1,35043,64,0,0,0.026083797,0.50652057
15,19,0,3147,15,0,0,-0.832793,0.30305484
62,197,0,32578,62,0,0,-3.3397295,0.034233097
108,84,1,13970,108,0,0,4.0134645,0.9822501
118,19,0,3248,118,0,0,-0.28095978,0.4302185
140,191,0,31656,140,0,0,-2.1226413,0.1069156
145,58,0,9716,145,0,0,-0.88159865,0.29284662
48,68,0,11267,48,0,0,-3.1722968,0.040221658
133,215,1,35614,133,0,0,2.895751,0.947636
77,41,0,6819,77,0,0,0.57793677,0.6405925
70,169,0,27955,70,0,0,1.7719684,0.8547023
157,52,0,8735,157,0,0,-7.1215057,0.0008068983
142,147,0,24395,142,0,0,-0.46571463,0.38563102
106,0,0,103,106,0,0,-4.7336063,0.008718025
24,73,0,12082,24,0,0,-5.1079035,0.0060123834
52,95,0,15726,52,0,0,-3.3779993,0.03299016
135,103,0,17128,135,0,0,-0.6598559,0.34077197
164,50,0,8411,164,0,0,-1.0250854,0.264038
18,67,0,11093,18,0,0,0.15725416,0.53923273
76,62,0,10294,76,0,0,-3.302945,0.0354703
50,15,0,2533,50,0,0,-1.0205052,0.264929
2,165,0,27231,2,0,0,1.1120393,0.7525091
116,10,0,1752,116,0,0,-2.0847225,0.11059061
24,137,0,22642,24,0,0,0.06453878,0.5161291
62,32,0,5353,62,0,0,-3.1619172,0.04062427
66,52,0,8635,66,0,0,-6.619458,0.001332376
50,155,0,25633,50,0,0,-2.990265,0.047867615
6,50,0,8266,6,0,0,-0.87003326,0.29524738
38,208,0,34349,38,0,0,-6.4497843,0.001578368
120,96,0,15958,120,0,0,-2.054587,0.11358972
7,179,0,29535,7,0,0,-2.7481246,0.060192652
100,150,0,24861,100,0,0,-0.14630601,0.4634886
33,182,0,30056,33,0,0,4.7648516,0.9915479
62,19,0,3208,62,0,0,-0.5604445,0.36344463
22,30,0,4953,22,0,0,-1.9255533,0.12724358
110,62,0,10349,110,0,0,-3.4005625,0.03227789
66,205,1,33880,66,0,0,2.487733,0.9232774
16,112,0,18502,16,0,0,-3.2288132,0.038095713
56,206,0,34050,56,0,0,0.35225993,0.5871655
70,186,0,30760,70,0,0,-5.2292886,0.005328787
122,142,0,23553,122,0,0,-2.621726,0.06775319
90,124,0,20550,90,0,0,0.3980509,0.5982193
95,169,0,27979,95,0,0,1.6026416,0.83238727
133,35,0,5914,133,0,0,5.496832,0.995917
28,13,0,2179,28,0,0,-3.8680964,0.020470323
59,127,0,21011,59,0,0,-3.3381789,0.0342844
49,122,0,20171,49,0,0,-0.21800762,0.44571292
104,167,0,27655,104,0,0,-4.9328575,0.0071543297
28,69,1,11419,28,0,0,1.6037836,0.83254653
115,28,0,4724,115,0,0,-6.746684,0.0011733902
83,82,0,13611,83,0,0,-0.88496387,0.2921502
66,71,0,11770,66,0,0,-3.7399306,0.023204511
161,175,1,29032,161,0,0,-0.5030998,0.3768125
159,68,0,11379,159,0,0,-2.896058,0.05234877
10,36,1,5970,10,0,0,-7.5352325,0.00053365214
59,19,0,3191,59,0,0,-0.19252881,0.45201594
138,192,1,31816,138,0,0,-0.9209518,0.284764
36,162,0,26753,36,0,0,-2.354716,0.08669164
141,2,0,472,141,0,0,-4.540099,0.010559652
108,43,0,7205,108,0,0,-7.3861485,0.0006193946
78,34,0,5688,78,0,0,-1.1582532,0.23898484
153,212,0,35132,153,0,0,0.2539941,0.56315935
71,93,0,15402,71,0,0,0.94309455,0.7197243
77,132,0,21834,77,0,0,-2.1882224,0.10081312
131,107,1,17786,131,0,0,-1.4049664,0.1970292
149,97,0,16152,149,0,0,-1.7394254,0.14938593
100,25,0,4236,100,0,0,-0.21125966,0.44738063
46,201,0,33208,46,0,0,0.46573502,0.6143738
77,203,0,33549,77,0,0,-5.590152,0.0037205666
17,21,0,3483,17,0,0,-0.34356743,0.41494316
153,73,0,12197,153,0,0,-5.4577837,0.0042448975
12,126,0,20791,12,0,0,-3.016291,0.046695307
31,183,1,30214,31,0,0,-1.452302,0.18964754
0,69,0,11402,0,0,0,3.3213348,0.9651535
135,98,1,16303,135,0,0,-0.9959381,0.2697408
113,0,0,101,113,0,0,-4.6483274,0.009486748
90,52,0,8670,90,0,0,-6.030177,0.0023992974
57,80,0,13274,57,0,0,-1.6234183,0.16473398
11,78,0,12901,11,0,0,-4.471865,0.0112969065
150,217,0,35961,150,0,0,-3.711412,0.023859782
49,154,0,25451,49,0,0,-1.9623458,0.123213395
103,72,0,11997,103,0,0,0.0064222217,0.5016056
76,69,0,11449,76,0,0,0.8372504,0.6978858
130,154,0,25540,130,0,0,-2.3653774,0.08585123
140,48,0,8061,140,0,0,-0.61022705,0.35200742
47,41,0,6814,47,0,0,0.31872883,0.5790144
154,215,0,35635,154,0,0,3.1916876,0.96052027
160,194,0,32174,160,0,0,-2.9414442,0.050142445
120,32,0,5398,120,0,0,-3.2744093,0.03645961
67,178,0,29429,67,0,0,-4.955242,0.00699707
46,196,1,32383,46,0,0,4.5561657,0.9896069
104,56,1,9340,104,0,0,0.9912397,0.72933275
85,62,0,10318,85,0,0,-3.3499346,0.033897307
137,14,0,2447,137,0,0,1.1864991,0.76611435
25,47,1,7791,25,0,0,3.453977,0.9693495
41,215,1,35521,41,0,0,3.5782244,0.9728334
109,133,0,22057,109,0,0,-5.5131774,0.00401707
113,210,0,34751,113,0,0,-1.1867652,0.23383798
144,63,0,10540,144,0,0,-3.5140688,0.028914569
109,42,1,7042,109,0,0,0.47734576,0.6171209
134,145,0,24059,134,0,0,1.1518755,0.7598533
95,139,0,23029,95,0,0,-1.5243838,0.17881688
158,210,0,34808,158,0,0,-2.792512,0.05773016
126,93,0,15474,126,0,0,1.4075308,0.8033762
110,59,0,9854,110,0,0,-3.0229108,0.046401504
67,27,0,4514,67,0,0,-0.015922934,0.49601936
72,115,0,19040,72,0,0,-1.3504155,0.20580246
95,194,0,32104,95,0,0,-3.0368495,0.045788627
7,144,0,23760,7,0,0,-3.4045868,0.03215242
99,13,0,2243,99,0,0,-3.7085776,0.023925884
127,62,0,10355,127,0,0,-3.2634132,0.036847882
140,206,0,34131,140,0,0,0.40073144,0.59886336
51,133,0,21995,51,0,0,-5.13881,0.00583047
148,151,0,25064,148,0,0,-4.7897434,0.008246028
136,151,0,25047,136,0,0,-4.9750338,0.0068608886
11,55,0,9106,11,0,0,-3.7702377,0.022527406
73,90,0,14919,73,0,0,2.1100307,0.8918743
29,34,0,5625,29,0,0,0.2818293,0.5699946
145,94,0,15656,145,0,0,0.8337005,0.6971368
92,163,0,26987,92,0,0,-2.4714658,0.0778829
46,39,0,6478,46,0,0,0.14510572,0.5362129
103,136,0,22557,103,0,0,-0.14072308,0.46487716
160,201,1,33329,160,0,0,0.34261626,0.58482593
12,41,0,6766,12,0,0,0.32046258,0.57943696
117,122,0,20251,117,0,0,0.42129648,0.60379344
5,37,0,6133,5,0,0,-3.2621698,0.036892034
147,165,0,27373,147,0,0,1.3691838,0.79724824
92,46,0,7682,92,0,0,-3.7215984,0.023623683
63,28,0,4695,63,0,0,-6.642427,0.0013021611
61,189,0,31246,61,0,0,-2.3394516,0.08790788
143,76,0,12683,143,0,0,1.4787276,0.8143803
6,10,0,1666,6,0,0,-2.6235774,0.06763635
151,209,0,34639,151,0,0,-2.0486226,0.11419164
144,152,0,25225,144,0,0,-1.7322998,0.15029365
155,160,0,26551,155,0,0,1.9104104,0.87106526
75,194,0,32077,75,0,0,-2.636538,0.066823594
54,172,0,28433,54,0,0,-5.0901394,0.006119483
45,152,0,25122,45,0,0,-0.7486514,0.32111523
66,135,0,22330,66,0,0,0.6502207,0.6570602
117,53,0,8866,117,0,0,-2.593144,0.06958097
19,25,0,4158,19,0,0,2.1369631,0.8944442
94,34,0,5703,94,0,0,-0.4391907,0.39193383
110,136,0,22559,110,0,0,-0.16656551,0.45845464
84,84,1,13946,84,0,0,3.189713,0.96044534
90,160,1,26490,90,0,0,2.3890538,0.9159888
147,18,0,3118,147,0,0,-3.3339245,0.034425538
151,79,0,13189,151,0,0,-2.0481663,0.1142378
65,216,0,35706,65,0,0,1.7326405,0.84974986
150,203,0,33651,150,0,0,-5.194679,0.005515409
101,112,0,18586,101,0,0,-1.2428479,0.22394066
134,48,0,8054,134,0,0,-0.5815787,0.3585694
65,101,0,16731,65,0,0,-1.0933762,0.25098306
149,41,0,6912,149,0,0,0.42562753,0.6048291
146,186,0,30834,146,0,0,-4.8129635,0.008058286
85,128,0,21208,85,0,0,-4.342415,0.012838124
63,23,0,3870,63,0,0,0.18539459,0.54621637
14,171,0,28217,14,0,0,0.34900922,0.5863773
96,114,0,18909,96,0,0,0.7149498,0.67149395
76,156,0,25804,76,0,0,2.5628397,0.9284314
131,1,0,296,131,0,0,-3.008363,0.04704949
121,104,1,17280,121,0,0,0.9158934,0.7142046
134,45,0,7559,134,0,0,-3.6591964,0.025106624
124,113,0,18767,124,0,0,-6.9270678,0.0009799117
24,141,1,23302,24,0,0,2.160641,0.89665896
14,74,0,12212,14,0,0,-3.9699802,0.018524185
111,154,0,25524,111,0,0,-2.4432502,0.079933554
131,11,0,1946,131,0,0,-3.3025675,0.035483215
136,109,0,18117,136,0,0,0.11574513,0.528904
24,12,0,2017,24,0,0,-1.2065604,0.23031022
81,68,0,11303,81,0,0,-2.8928246,0.05250941
150,205,0,33981,150,0,0,3.1773844,0.9599743
88,23,0,3880,88,0,0,-0.29566726,0.426617
22,162,0,26733,22,0,0,-1.6761415,0.15760708
136,136,1,22572,136,0,0,-0.2177906,0.44576654
10,213,0,35175,10,0,0,1.2495177,0.7772164
14,21,0,3467,14,0,0,-0.47235802,0.3840583
74,153,1,25322,74,0,0,0.7201938,0.6726497
16,11,0,1837,16,0,0,-5.3882074,0.004549367
25,72,1,11916,25,0,0,0.6491179,0.65681165
28,22,0,3664,28,0,0,-6.816021,0.0010948735
10,43,0,7125,10,0,0,-9.02929,0.00011983317
2,172,0,28386,2,0,0,-5.21949,0.0053809755
136,130,0,21582,136,0,0,-4.50677,0.01091362
120,153,0,25363,120,0,0,0.23169523,0.55766606
38,44,0,7289,38,0,0,-2.2080984,0.0990256
145,214,0,35456,145,0,0,4.0388823,0.98268783
46,174,1,28753,46,0,0,2.7686827,0.9409599
78,114,0,18888,78,0,0,0.84743446,0.70002866
24,201,0,33202,24,0,0,0.07100707,0.5177443
85,84,1,13948,85,0,0,4.0714016,0.9832325
133,198,0,32809,133,0,0,-1.5415227,0.17631403
94,136,0,22533,94,0,0,-0.31537992,0.4218021
151,172,0,28534,151,0,0,-5.316235,0.0048872074
36,176,0,29063,36,0,0,-2.776893,0.05858569
81,27,0,4538,81,0,0,-0.014329344,0.49641773
70,79,0,13105,70,0,0,-1.8130183,0.14027373
84,163,0,26981,84,0,0,-2.7666955,0.059150647
79,101,0,16744,79,0,0,-0.9031737,0.28839874
110,126,0,20909,110,0,0,-2.7768426,0.058588464
45,65,1,10767,45,0,0,-2.5427647,0.07291407
67,69,1,11444,67,0,0,1.2492037,0.77716196
91,99,0,16426,91,0,0,-0.473553,0.38377565
118,71,0,11828,118,0,0,-3.686628,0.024443872
158,200,0,33158,158,0,0,-0.47127718,0.384314
111,145,1,24039,111,0,0,2.356618,0.9134588
97,21,1,3561,97,0,0,-0.46609133,0.3855418
15,28,0,4632,15,0,0,-6.9064474,0.0010003072
83,166,1,27471,83,0,0,1.2556658,0.77827907
85,17,0,2893,85,0,0,-3.0688043,0.044412546
106,103,0,17098,106,0,0,-0.2981611,0.4260071
8,171,0,28219,8,0,0,0.41918367,0.6032879
52,187,0,30906,52,0,0,2.2550101,0.9050818
48,209,1,34532,48,0,0,-2.2297692,0.09710887
117,91,0,15136,117,0,0,-1.7025611,0.15413105
93,119,0,19730,93,0,0,-4.185529,0.01498615
0,13,0,2162,0,0,0,-6.5172906,0.001475487
98,135,0,22372,98,0,0,0.28128967,0.56986237
153,16,0,2792,153,0,0,-5.3443823,0.0047522085
9,86,0,14214,9,0,0,-7.7869625,0.00041493963
158,29,0,4943,158,0,0,-4.289104,0.013531595
28,9,0,1519,28,0,0,-1.8029966,0.14148667
157,51,0,8570,157,0,0,-2.6715333,0.064674154
46,29,0,4828,46,0,0,-2.7141626,0.062142808
27,200,0,33035,27,0,0,0.24153513,0.5600919
33,140,0,23126,33,0,0,-5.2522316,0.00520855
62,23,0,3868,62,0,0,-0.0019915104,0.49950212
76,82,0,13594,76,0,0,-2.5428355,0.07290928
132,59,0,9870,132,0,0,-3.0297172,0.04610126
55,195,0,32251,55,0,0,-0.7949994,0.3110962
144,172,0,28525,144,0,0,-5.1385956,0.005831714
99,110,0,18248,99,0,0,-2.419711,0.08168192
100,138,1,22881,100,0,0,-7.474296,0.0005671632
57,8,0,1394,57,0,0,-2.7734675,0.058774892
110,110,0,18269,110,0,0,-2.5923119,0.069634855
148,90,0,14999,148,0,0,0.30735338,0.5762391
62,2,0,403,62,0,0,-4.6247554,0.009710829
124,47,1,7877,124,0,0,3.120538,0.957732
68,125,0,20693,68,0,0,3.4035728,0.967816
84,144,0,23846,84,0,0,-3.99499,0.018074913
164,198,0,32831,164,0,0,-1.3549845,0.20505665
74,147,0,24332,74,0,0,-1.1610899,0.2384693
97,81,0,13461,97,0,0,-2.008365,0.118327454
136,179,0,29667,136,0,0,-3.2411299,0.037646934
151,23,0,3949,151,0,0,-0.06041503,0.48490083
115,90,0,14954,115,0,0,-0.13188434,0.46707663
154,155,0,25735,154,0,0,-2.733379,0.06103224
113,72,0,11981,113,0,0,-0.7756564,0.31525677
144,144,0,23905,144,0,0,-3.7292476,0.02344789
94,123,0,20388,94,0,0,0.12565023,0.5313713
86,116,0,19222,86,0,0,-1.3033719,0.21359807
66,64,0,10615,66,0,0,-3.6121013,0.026285484
136,12,0,2112,136,0,0,-0.08509189,0.47873986
164,206,1,34151,164,0,0,0.30656773,0.57604724
46,23,0,3838,46,0,0,-0.20090517,0.44994196
112,37,0,6213,112,0,0,-3.4161673,0.031794
78,104,0,17238,78,0,0,0.8741872,0.70561624
129,78,0,12998,129,0,0,-4.5397034,0.010563788
124,0,0,122,124,0,0,-4.7480817,0.008593814
79,167,0,27634,79,0,0,-4.412696,0.01197726
88,174,1,28795,88,0,0,2.3129659,0.9099452
155,107,0,17806,155,0,0,-1.1336648,0.2434854
157,160,0,26555,157,0,0,-0.17407101,0.45659178
158,126,0,20948,158,0,0,-3.968308,0.018554613
3,91,1,15025,3,0,0,-3.9220104,0.01941677
55,58,0,9646,55,0,0,-1.3611088,0.20406015
28,4,0,694,28,0,0,-1.743685,0.14884548
97,207,0,34251,97,0,0,-0.61311007,0.35135007
115,180,0,29804,115,0,0,-1.3394299,0.20760383
157,40,0,6755,157,0,0,1.2577326,0.77863556
43,213,0,35193,43,0,0,1.7279582,0.8491511
2,20,0,3306,2,0,0,-1.5014198,0.18221386
64,63,0,10458,64,0,0,-3.9880266,0.018198917
88,143,1,23680,88,0,0,-2.3026829,0.09090101
17,10,0,1668,17,0,0,-1.7552536,0.14738579
148,201,0,33314,148,0,0,-0.5917527,0.3562328
19,67,0,11088,19,0,0,0.34688228,0.5858613
43,45,0,7473,43,0,0,-4.382603,0.012338651
136,129,1,21417,136,0,0,0.6209802,0.65044147
135,119,0,19768,135,0,0,-4.213018,0.014585738
153,46,0,7742,153,0,0,-3.9498115,0.018894456
25,2,0,366,25,0,0,-5.4559927,0.0042524743
61,138,0,22831,61,0,0,-6.613768,0.0013399688
5,169,0,27913,5,0,0,1.1932254,0.7673174
84,3,1,581,84,0,0,-0.06775355,0.48306808
54,20,0,3353,54,0,0,-2.3322923,0.0884836
33,75,1,12401,33,0,0,-0.2377041,0.44085222
113,38,0,6371,113,0,0,-4.6375046,0.0095889885
13,110,0,18189,13,0,0,-1.9942853,0.11980423
36,51,0,8438,36,0,0,-2.7138596,0.062160473
163,48,0,8082,163,0,0,-0.66897196,0.3387271
114,49,1,8192,114,0,0,-3.4425178,0.030992782
139,164,0,27198,139,0,0,0.9336838,0.7178221
89,40,1,6689,89,0,0,1.049645,0.74070674
39,157,0,25919,39,0,0,1.0314953,0.7372057
91,148,0,24511,91,0,0,-1.5523655,0.17474487
89,129,1,21374,89,0,0,0.4617077,0.61341923
14,68,0,11222,14,0,0,-3.4358726,0.031192975
130,86,0,14320,130,0,0,-7.657112,0.00047244714
160,126,0,20954,160,0,0,-3.638773,0.025611391
55,115,0,19051,55,0,0,-1.6022463,0.1676679
101,175,0,28981,101,0,0,-0.20719683,0.44838533
141,99,0,16477,141,0,0,-0.84506375,0.30046937
82,208,0,34404,82,0,0,-6.570083,0.0013997189
38,127,0,20984,38,0,0,-4.654867,0.009425492
57,132,0,21854,57,0,0,-1.3214724,0.21057343
144,64,0,10705,144,0,0,-3.107502,0.042798866
106,179,0,29638,106,0,0,-5.5408487,0.0039078644
117,215,1,35596,117,0,0,3.804698,0.97821903
149,132,0,21927,149,0,0,-1.2525885,0.22225238
66,169,0,27940,66,0,0,1.5182273,0.8202773
104,142,0,23530,104,0,0,-3.2143767,0.038628273
119,67,0,11160,119,0,0,-0.17439646,0.45651105
88,57,1,9490,88,0,0,4.148879,0.9844631
139,175,0,29013,139,0,0,-0.24388164,0.43933
59,174,0,28766,59,0,0,3.7282257,0.9765287
157,153,0,25400,157,0,0,1.2539773,0.7779876
75,137,0,22672,75,0,0,0.3654731,0.5903647
31,51,0,8434,31,0,0,-2.2768154,0.09306139
75,32,0,5347,75,0,0,-3.060408,0.04477025
143,155,0,25718,143,0,0,-3.1546664,0.0409078
123,165,0,27349,123,0,0,0.5743398,0.63976395
104,203,0,33595,104,0,0,-5.463163,0.0042222207
88,30,0,5035,88,0,0,-2.2349772,0.0966532
43,214,0,35358,43,0,0,3.7256613,0.9764699
129,170,0,28178,129,0,0,0.49890524,0.62220204
16,77,0,12727,16,0,0,-6.161107,0.0021054738
118,121,1,20078,118,0,0,-3.31697,0.03499358
4,140,0,23108,4,0,0,-5.1741533,0.0056291413
4,177,0,29213,4,0,0,1.2762017,0.78180254
34,76,0,12553,34,0,0,0.44973963,0.61057734
97,80,0,13296,97,0,0,-1.5203416,0.17941122
14,134,0,22112,14,0,0,-0.6409434,0.34503332
114,180,0,29807,114,0,0,-1.0930343,0.25104734
107,217,0,35914,107,0,0,-3.5730805,0.02730288
109,24,0,4072,109,0,0,-3.026263,0.0462534
26,156,0,25749,26,0,0,2.2188203,0.9019269
147,158,0,26218,147,0,0,-2.7628398,0.05936559
13,1,0,204,13,0,0,-2.9558835,0.049459178
52,203,0,33546,52,0,0,-5.7508583,0.0031699694
50,133,1,22003,50,0,0,-5.0483484,0.006378975
107,167,0,27664,107,0,0,-4.4570174,0.011463954
33,105,0,17351,33,0,0,-1.5244865,0.1788018
81,60,0,9983,81,0,0,2.4124966,0.9177753
91,34,0,5701,91,0,0,-0.30160952,0.42516407
24,154,0,25447,24,0,0,-2.2743576,0.09326904
131,46,0,7721,131,0,0,-3.4185364,0.031721152
44,158,0,26114,44,0,0,-3.0031862,0.047282137
131,206,0,34121,131,0,0,0.4091571,0.60088575
100,162,0,26841,100,0,0,-1.6969471,0.15486442
58,48,0,7991,58,0,0,-0.5565382,0.36434883
129,151,0,25043,129,0,0,-5.20448,0.0054619084
44,169,0,27929,44,0,0,1.7657785,0.8539319
4,159,0,26243,4,0,0,-5.462714,0.0042241076
31,188,0,31039,31,0,0,0.43840718,0.6078794
147,34,0,5758,147,0,0,0.004313946,0.5010785
91,31,1,5206,91,0,0,0.2841822,0.57057124
129,37,0,6233,129,0,0,-3.6193092,0.02610163
49,76,0,12581,49,0,0,-0.3530525,0.4126424
131,29,0,4916,131,0,0,-3.0403366,0.04563651
92,89,1,14777,92,0,0,-0.3301918,0.41819397
147,36,0,6088,147,0,0,-5.531287,0.003945261
36,48,0,7943,36,0,0,-0.49741316,0.37814876
25,27,0,4491,25,0,0,-1.0861869,0.25233698
103,176,0,29157,103,0,0,-2.695455,0.06324208
159,139,0,23094,159,0,0,-1.3918135,0.19911839
21,31,0,5135,21,0,0,0.059792638,0.5149437
128,27,1,4581,128,0,0,-0.28562546,0.42907515
18,111,0,18353,18,0,0,0.6344896,0.65350676
97,85,0,14121,97,0,0,-1.7538888,0.14755738
4,94,0,15518,4,0,0,-0.68779594,0.33452356
14,77,0,12707,14,0,0,-5.2241144,0.0053562825
45,104,0,17202,45,0,0,0.58499247,0.6422154
74,82,0,13607,74,0,0,-2.5341213,0.0735005
65,117,0,19371,65,0,0,-4.8966866,0.0074158916
24,169,0,27922,24,0,0,1.4439001,0.8090579
106,145,0,24028,106,0,0,1.1034226,0.75090086
156,191,0,31668,156,0,0,-3.1377485,0.041576747
8,113,0,18649,8,0,0,-8.509203,0.00020156382
78,214,0,35388,78,0,0,4.0013666,0.9820379
92,199,1,32927,92,0,0,2.8301573,0.9442839
24,65,1,10762,24,0,0,-2.4475622,0.079617
13,166,0,27429,13,0,0,0.8199748,0.694231
132,162,0,26865,132,0,0,-1.5241327,0.17885377
126,29,0,4914,126,0,0,-3.1891823,0.039574847
33,179,0,29561,33,0,0,-5.2758794,0.0050874436
115,92,0,15284,115,0,0,-1.433505,0.19255315
6,52,0,8596,6,0,0,-6.609844,0.0013452299
113,185,0,30626,113,0,0,0.17870528,0.5445578
38,212,0,35009,38,0,0,0.10832018,0.5270536
68,124,0,20528,68,0,0,0.16686004,0.54161847
4,165,0,27233,4,0,0,1.3164556,0.7885914
51,35,1,5825,51,0,0,5.8485246,0.99712414
130,129,0,21415,130,0,0,0.59999,0.645654
103,139,0,23052,103,0,0,-1.5196841,0.17950805
102,123,0,20410,102,0,0,0.07040399,0.51759374
92,134,1,22202,92,0,0,-0.71567607,0.32834587
85,70,0,11638,85,0,0,-5.948016,0.0026042156
18,182,1,30068,18,0,0,4.6782985,0.9907908
56,84,0,13920,56,0,0,4.033345,0.9825934
59,5,0,881,59,0,0,-2.8384366,0.05528213
45,122,1,20172,45,0,0,0.35306495,0.5873606
121,92,0,15300,121,0,0,-1.6940675,0.15524168
48,154,0,25457,48,0,0,-2.4448283,0.07981757
29,143,0,23610,29,0,0,-3.6014132,0.02656043
37,92,0,15201,37,0,0,-2.775961,0.058637112
83,95,0,15756,83,0,0,-3.6011047,0.026568407
39,96,0,15854,39,0,0,-2.1399384,0.1052752
149,113,0,18792,149,0,0,-7.51132,0.0005465598
154,171,0,28375,154,0,0,0.69959956,0.668099
114,153,0,25352,114,0,0,0.8846994,0.7077951
117,133,0,22066,117,0,0,-5.2016664,0.005477214
80,155,0,25655,80,0,0,-3.7304893,0.023419475
138,205,1,33961,138,0,0,1.4774857,0.8141925
150,123,0,20451,150,0,0,0.08919892,0.522285
61,164,0,27121,61,0,0,0.7829295,0.6863111
136,24,0,4092,136,0,0,-2.6419241,0.06648851
73,136,0,22509,73,0,0,-0.36403352,0.40998352
69,41,0,6827,69,0,0,0.74938864,0.6790455
11,43,0,7126,11,0,0,-8.4289465,0.0002184038
29,79,0,13050,29,0,0,-2.07182,0.11186609
109,118,1,19582,109,0,0,-0.2999001,0.4255819
120,166,1,27508,120,0,0,1.401547,0.80242926
141,172,0,28522,141,0,0,-5.3506413,0.0047226977
115,171,0,28319,115,0,0,-0.014928043,0.49626806
114,190,1,31457,114,0,0,0.7710597,0.6837501
28,28,0,4654,28,0,0,-6.954362,0.00095355266
133,25,0,4264,133,0,0,3.3060992,0.96463746
143,90,0,14993,143,0,0,0.2376562,0.559136
17,101,0,16683,17,0,0,-1.0112317,0.2667389
118,92,0,15293,118,0,0,-1.7099156,0.15317465
76,217,1,35869,76,0,0,-3.4293296,0.031391308
111,75,0,12489,111,0,0,-0.41792235,0.39701402
87,131,0,21702,87,0,0,-3.4111977,0.031947337
138,186,0,30826,138,0,0,-5.123905,0.005917506
125,42,0,7057,125,0,0,0.32237828,0.5799037
45,6,0,1032,45,0,0,-5.541694,0.0039045748
77,125,1,20679,77,0,0,2.8152823,0.9434961
73,133,0,22014,73,0,0,-5.2148724,0.0054057464
108,73,0,12155,108,0,0,-5.4235916,0.0043919007
29,7,0,1170,29,0,0,-4.087753,0.016500073
121,121,0,20085,121,0,0,-3.5316358,0.028425377
39,135,0,22289,39,0,0,-0.06351838,0.48412573
25,16,0,2676,25,0,0,-3.7396064,0.023211861
42,55,0,9115,42,0,0,-3.9882495,0.018194934
66,165,0,27280,66,0,0,1.0273733,0.7364063
29,121,0,19980,29,0,0,-2.163933,0.103036396
4,164,0,27068,4,0,0,0.48318893,0.6185006
53,55,0,9127,53,0,0,-3.9649277,0.018616268
104,48,1,8020,104,0,0,-0.56507975,0.36237293
66,119,0,19690,66,0,0,-4.1817384,0.015042213
73,216,0,35709,73,0,0,1.8203053,0.86060274
58,76,0,12611,58,0,0,0.6060331,0.64703536
1,32,0,5291,1,0,0,-3.0434508,0.045501065
75,49,0,8152,75,0,0,-1.9725878,0.1221112
113,36,0,6041,113,0,0,-5.974808,0.0025355443
106,143,0,23698,106,0,0,-2.4203322,0.08163535
90,83,0,13785,90,0,0,-6.8598986,0.001047921
131,94,0,15641,131,0,0,1.8283017,0.8615593
144,185,0,30670,144,0,0,0.12703288,0.5317156
105,50,0,8366,105,0,0,-0.33523116,0.41696835
91,192,0,31771,91,0,0,-1.2267432,0.22675195
158,216,0,35798,158,0,0,1.4278333,0.8065635
62,145,0,23998,62,0,0,3.2528563,0.9627756
46,5,0,868,46,0,0,-5.2022305,0.0054741427
96,138,0,22869,96,0,0,-6.828002,0.0010818482
74,179,0,29612,74,0,0,-3.0531855,0.045080148
39,170,0,28064,39,0,0,0.28178066,0.5699827
65,170,0,28116,65,0,0,0.69694847,0.66751087
41,114,0,18856,41,0,0,0.80603397,0.69126374
138,194,0,32146,138,0,0,-2.3919907,0.08378549
21,22,0,3650,21,0,0,-7.7255926,0.00044119047
147,14,0,2458,147,0,0,0.82428926,0.6951461
73,164,1,27129,73,0,0,0.5217762,0.627563
15,108,0,17832,15,0,0,-7.4677124,0.00057090743
94,24,0,4053,94,0,0,-2.7962513,0.057527084
83,12,0,2061,83,0,0,-0.05426365,0.4864374
53,58,1,9622,53,0,0,-0.8492128,0.299598
88,115,0,19060,88,0,0,-1.3939376,0.19877988
20,148,1,24427,20,0,0,-2.8030062,0.057161946
81,113,0,18728,81,0,0,-7.9560366,0.00035041687
145,143,1,23741,145,0,0,-2.6880906,0.06367977
65,49,0,8151,65,0,0,-2.2770643,0.093040384
52,137,0,22656,52,0,0,0.35809577,0.5885794
96,199,1,32934,96,0,0,3.100222,0.9569019
7,161,0,26565,7,0,0,-1.2712352,0.21904588
151,126,0,20944,151,0,0,-4.059753,0.016960654
153,133,0,22097,153,0,0,-5.320963,0.004864268
88,31,0,5200,88,0,0,-0.028239787,0.49294052
108,11,0,1925,108,0,0,-3.3095791,0.035244025
159,84,0,14019,159,0,0,3.9036741,0.98023105
40,71,0,11760,40,0,0,-3.9822214,0.018302934
71,104,0,17217,71,0,0,0.8805724,0.7069408
117,60,0,10021,117,0,0,3.191925,0.96052927
72,126,0,20855,72,0,0,-3.2497358,0.03733638
112,98,0,16278,112,0,0,-0.87426454,0.29436773
40,32,1,5325,40,0,0,-2.9271955,0.050825447
106,4,0,763,106,0,0,-0.37554568,0.40720168
105,160,1,26516,105,0,0,2.3021767,0.90905714
78,88,0,14598,78,0,0,-3.8815243,0.0202028
28,98,0,16204,28,0,0,-1.9077597,0.12923275
160,191,0,31679,160,0,0,-2.728064,0.06133753
51,148,0,24470,51,0,0,-1.4350102,0.19231924
50,18,0,3028,50,0,0,-5.5800123,0.0037583406
66,137,1,22660,66,0,0,0.35497463,0.5878234
63,94,0,15585,63,0,0,1.4644797,0.8122169
127,42,0,7055,127,0,0,0.58557063,0.6423482
158,8,0,1478,158,0,0,-3.064719,0.044586252
152,179,0,29685,152,0,0,-3.1838055,0.03977972
136,132,0,21912,136,0,0,-1.2134564,0.22909005
73,161,0,26634,73,0,0,-1.3364134,0.2081005
70,166,0,27460,70,0,0,1.2085643,0.7700448
103,93,0,15462,103,0,0,0.9081622,0.71262395
125,178,0,29497,125,0,0,-5.3593593,0.004681896
13,101,1,16704,13,0,0,-1.7197227,0.15190688
7,99,0,16335,7,0,0,-0.07902658,0.48025364
109,95,0,15787,109,0,0,-3.8848667,0.020136746
156,16,0,2793,156,0,0,-4.634081,0.009621559
146,149,1,24729,146,0,0,-5.3102646,0.0049163294
134,171,0,28349,134,0,0,0.5008413,0.622657
160,168,0,27884,160,0,0,-0.9279968,0.2833313
55,17,0,2881,55,0,0,-2.3985178,0.083285786
135,146,0,24223,135,0,0,-0.43839914,0.39212248
125,88,0,14647,125,0,0,-2.1743405,0.102078505
155,91,0,15166,155,0,0,-2.2602835,0.09446612
96,196,1,32439,96,0,0,3.925819,0.9806556
21,57,0,9425,21,0,0,4.802223,0.9918554
6,146,0,24106,6,0,0,-0.24555928,0.4389168
96,166,0,27489,96,0,0,1.397192,0.8017379
3,193,1,31855,3,0,0,0.96165293,0.7234526
89,82,0,13619,89,0,0,-2.67321,0.06457281
59,198,0,32726,59,0,0,-2.0465415,0.11440232
25,155,0,25611,25,0,0,-4.682037,0.009175169
158,77,0,12863,158,0,0,-6.270963,0.00188684
0,184,0,30377,0,0,0,4.0351458,0.9826242
17,142,1,23448,17,0,0,-2.0569897,0.113348015
134,112,1,18614,134,0,0,-2.3089776,0.090382166
137,6,0,1127,137,0,0,-4.6737223,0.0092510665
19,215,0,35508,19,0,0,3.123201,0.95783967
28,32,0,5314,28,0,0,-2.7674336,0.059109583
32,161,0,26597,32,0,0,-2.1373405,0.105520144
142,152,0,25220,142,0,0,-1.0969396,0.25031376
162,31,0,5278,162,0,0,-0.052944183,0.48676705
132,206,0,34125,132,0,0,0.4668684,0.61464226
51,188,0,31070,51,0,0,0.12825337,0.53201944
64,134,0,22173,64,0,0,-0.60289174,0.3536824
13,202,0,33369,13,0,0,-5.8579473,0.0028489626
16,61,0,10087,16,0,0,-3.2732267,0.036501177
101,203,0,33601,101,0,0,-5.544364,0.0038942047
60,117,0,19377,60,0,0,-4.522057,0.010749833
69,55,0,9137,69,0,0,-2.6721714,0.06463557
75,65,0,10792,75,0,0,-2.39193,0.08379014
55,19,0,3211,55,0,0,-0.3452136,0.4145436
152,157,0,26055,152,0,0,1.5746872,0.8284508
151,107,1,17809,151,0,0,-1.1124756,0.24740964
143,62,0,10373,143,0,0,-3.2526689,0.037231103
145,161,0,26711,145,0,0,-1.4130702,0.19575025
45,93,0,15387,45,0,0,0.37002546,0.5914651
58,14,0,2381,58,0,0,1.0525703,0.74126816
104,214,1,35410,104,0,0,2.8538651,0.94551814
128,123,0,20421,128,0,0,0.19363534,0.5482581
101,21,0,3571,101,0,0,-0.5327902,0.36986637
104,152,0,25180,104,0,0,-0.87685937,0.29382902
58,41,0,6836,58,0,0,0.3365634,0.5833555
52,139,0,22986,52,0,0,-1.7447217,0.14871418
48,98,0,16217,48,0,0,-0.8555016,0.29828006
158,150,0,24908,158,0,0,-1.1884646,0.23353365
29,169,0,27900,29,0,0,1.5586796,0.8261638
81,208,0,34403,81,0,0,-7.1803885,0.00076079275
15,42,0,6942,15,0,0,0.7076071,0.6698722
123,187,0,30979,123,0,0,2.151689,0.8958265
141,51,0,8557,141,0,0,-3.4173226,0.031758454
101,85,0,14131,101,0,0,-1.7556179,0.14734003
48,96,0,15887,48,0,0,-4.1428084,0.01563002
107,192,0,31789,107,0,0,-1.1559167,0.23941003
1,67,0,11066,1,0,0,0.59405464,0.6442949
154,199,1,32995,154,0,0,3.231718,0.96201056
36,172,0,28403,36,0,0,-5.373679,0.0046156365
152,67,0,11205,152,0,0,-0.054815948,0.48629946
93,96,0,15935,93,0,0,-4.5175686,0.010797669
86,175,0,28957,86,0,0,-1.5189047,0.17962287
158,119,0,19793,158,0,0,-2.99222,0.04777859
14,47,0,7757,14,0,0,2.2357812,0.903417
21,36,1,5960,21,0,0,-6.232952,0.0019597982
119,214,0,35415,119,0,0,3.989972,0.9818358
121,142,1,23550,121,0,0,-1.9765079,0.12169159
74,141,0,23342,74,0,0,1.1593912,0.76122206
61,37,0,6166,61,0,0,-3.377252,0.033014007
115,66,0,10994,115,0,0,0.666858,0.66079926
30,42,0,6957,30,0,0,0.29298696,0.5727272
131,211,1,34946,131,0,0,1.3410013,0.7926546
69,9,0,1547,69,0,0,-0.8640827,0.29648706
23,122,0,20135,23,0,0,0.6362274,0.65390015
111,31,0,5229,111,0,0,0.039717615,0.5099281
76,90,0,14914,76,0,0,1.3233464,0.78973794
158,65,0,10883,158,0,0,-2.84163,0.05511559
81,180,0,29783,81,0,0,-1.0596519,0.257376
154,21,0,3625,154,0,0,-0.29988047,0.4255867
92,209,0,34577,92,0,0,-2.1526542,0.10408346
134,68,1,11354,134,0,0,-2.0160728,0.11752569
150,120,0,19956,150,0,0,-0.026821911,0.49329492
88,176,0,29125,88,0,0,-2.2720892,0.09346105
14,92,0,15182,14,0,0,-1.5483074,0.17533086
24,157,0,25942,24,0,0,1.3084149,0.7872478
113,49,0,8186,113,0,0,-2.5906591,0.06974201
77,197,0,32559,77,0,0,-3.5573177,0.027724633
22,216,0,35643,22,0,0,3.054223,0.9549645
74,64,0,10637,74,0,0,-2.419635,0.08168763
155,2,0,481,155,0,0,-4.5290966,0.010675229
127,68,0,11345,127,0,0,-3.0001254,0.047420207
37,31,0,5136,37,0,0,0.0099259615,0.50248146
153,96,0,15992,153,0,0,-3.4591908,0.030495947
27,41,0,6800,27,0,0,0.26449868,0.56574184
77,60,1,9954,77,0,0,3.7823436,0.9777376
12,144,0,23761,12,0,0,-3.1868296,0.03966437
45,3,0,537,45,0,0,1.3575585,0.7953626
42,75,1,12415,42,0,0,-0.59344304,0.35584524
130,58,0,9700,130,0,0,-1.6758769,0.15764222
53,198,0,32722,53,0,0,-1.303973,0.21349713
45,126,0,20832,45,0,0,-3.266373,0.036742985
151,152,0,25234,151,0,0,-1.1165404,0.24665356
104,23,0,3895,104,0,0,-0.10173288,0.4745887
90,2,0,420,90,0,0,-4.959125,0.0069701425
84,143,0,23681,84,0,0,-2.4368064,0.08040874
122,183,1,30318,122,0,0,0.1454851,0.5363073
113,16,0,2741,113,0,0,-3.3021278,0.035498265
67,188,0,31079,67,0,0,0.3644644,0.59012073
148,41,0,6914,148,0,0,0.55689585,0.635734
82,25,1,4209,82,0,0,-0.15726715,0.46076405
58,197,0,32576,58,0,0,-3.8666024,0.0205003
11,214,0,35341,11,0,0,3.6401598,0.97442317
58,80,0,13271,58,0,0,-1.5367372,0.17701009
83,153,0,25326,83,0,0,-0.012823522,0.49679416
30,21,0,3492,30,0,0,-0.8950765,0.29006332
74,148,0,24497,74,0,0,-1.3267686,0.20969437
52,145,0,23976,52,0,0,2.743763,0.9395601
68,122,0,20198,68,0,0,0.6772893,0.66313344
82,100,0,16584,82,0,0,-0.54670227,0.36662984
143,168,0,27863,143,0,0,-1.6487238,0.1612815
162,151,0,25078,162,0,0,-5.974667,0.0025359013
82,186,0,30774,82,0,0,-4.670558,0.009280114
27,108,0,17855,27,0,0,-4.813151,0.008056788
122,44,0,7383,122,0,0,-2.1398692,0.10528171
58,182,0,30101,58,0,0,4.8624735,0.992328
106,42,0,7033,106,0,0,0.6354544,0.6537252
51,190,1,31400,51,0,0,0.29500055,0.5732199
37,118,0,19491,37,0,0,0.11650458,0.52909327
129,73,0,12173,129,0,0,-5.2617097,0.0051596696
62,190,1,31423,62,0,0,-0.044486523,0.48888022
35,16,0,2665,35,0,0,-5.7670636,0.003119172
137,191,0,31652,137,0,0,-2.879457,0.05317847
113,34,0,5711,113,0,0,-0.21782821,0.44575727
51,47,1,7805,51,0,0,2.7621822,0.94059765
103,0,0,117,103,0,0,-4.415166,0.011948065
97,34,0,5706,97,0,0,-1.06247,0.25683773
3,80,1,13210,3,0,0,-0.49120468,0.37960982
163,102,0,16992,163,0,0,-4.37047,0.012487388
119,65,1,10830,119,0,0,-1.7202885,0.15183401
1,185,0,30536,1,0,0,0.33662468,0.5833704
20,34,0,5617,20,0,0,-0.091037095,0.47725642
141,20,0,3442,141,0,0,-1.373605,0.20203802
57,28,0,4694,57,0,0,-6.7296734,0.001193497
135,202,0,33463,135,0,0,-6.5671053,0.0014038874
121,17,1,2925,121,0,0,-3.119175,0.0423232
55,37,0,6181,55,0,0,-3.4636276,0.030365044
142,60,0,10040,142,0,0,2.6264338,0.9325436
141,161,0,26707,141,0,0,-1.5169358,0.17991318
115,88,1,14624,115,0,0,-3.800105,0.021879021
23,87,0,14360,23,0,0,-0.22258162,0.4445832
102,12,1,2095,102,0,0,-0.28096473,0.43021727
8,118,0,19474,8,0,0,-0.6604445,0.34063977
121,201,0,33285,121,0,0,0.1286605,0.5321208
129,199,1,32963,129,0,0,2.8575482,0.94570756
24,113,0,18682,24,0,0,-8.585495,0.00018676082
126,152,0,25209,126,0,0,-1.0455246,0.26008543
161,130,1,21607,161,0,0,-3.9282055,0.019299168
83,43,0,7176,83,0,0,-8.547922,0.00019391008
18,115,0,19013,18,0,0,-2.9762383,0.04851097
10,168,0,27750,10,0,0,-0.86600214,0.29608685
138,19,0,3271,138,0,0,0.032547787,0.5081362
32,6,0,1022,32,0,0,-6.034379,0.002389261
127,7,0,1280,127,0,0,-5.243709,0.0052528954
152,55,0,9225,152,0,0,-2.7525632,0.05994205
4,26,0,4298,4,0,0,-3.1804771,0.03990705
66,179,0,29590,66,0,0,-3.171726,0.040243696
12,118,0,19471,12,0,0,-0.38828263,0.4041308
33,95,0,15701,33,0,0,-4.651832,0.009453871
102,197,0,32620,102,0,0,-3.687714,0.024417989
82,24,0,4044,82,0,0,-2.5220885,0.07432412
3,89,0,14695,3,0,0,0.56600225,0.6378402
158,62,0,10388,158,0,0,-3.4900737,0.029595988
107,100,0,16609,107,0,0,-0.5113872,0.3748684
108,40,0,6710,108,0,0,1.400923,0.8023303
149,111,0,18462,149,0,0,0.69644386,0.66739887
71,20,0,3357,71,0,0,-1.4804044,0.18536635
116,46,0,7692,116,0,0,-3.5626812,0.027580421
143,81,0,13508,143,0,0,-2.4396937,0.0801955
24,209,0,34522,24,0,0,-2.631786,0.06712053
155,50,0,8401,155,0,0,-0.6298957,0.34753418
29,10,0,1665,29,0,0,-1.7099555,0.1531695
150,174,1,28866,150,0,0,3.1968422,0.9607153
122,171,1,28338,122,0,0,0.5400728,0.6318294
37,217,0,35826,37,0,0,-4.5221014,0.0107493615
21,200,1,33020,21,0,0,-0.022289485,0.49442786
105,109,0,18101,105,0,0,-0.065497376,0.48363152
147,86,0,14338,147,0,0,-7.7526526,0.00042941698
101,104,0,17266,101,0,0,0.57462895,0.6398306
163,21,0,3627,163,0,0,-0.23050264,0.44262815
164,17,1,2966,164,0,0,-2.260548,0.094443485
100,206,0,34101,100,0,0,0.68279296,0.6643618
156,166,0,27543,156,0,0,1.386409,0.80001837
137,52,0,8717,137,0,0,-6.445305,0.0015854428
147,153,0,25393,147,0,0,0.9880337,0.7286994
104,168,0,27820,104,0,0,-1.6423872,0.1621405
56,36,0,6000,56,0,0,-5.7509756,0.0031695988
1,199,1,32846,1,0,0,2.8079789,0.94310546
129,68,1,11348,129,0,0,-2.9274673,0.050812338
115,128,0,21224,115,0,0,-2.531018,0.07371211
40,54,0,8955,40,0,0,-3.6666775,0.024924165
159,61,0,10224,159,0,0,-2.9107835,0.05162306
69,204,0,33722,69,0,0,-2.9372709,0.050341584
66,45,0,7480,66,0,0,-3.9255934,0.019348668
142,11,0,1955,142,0,0,-2.9686062,0.04886446
45,120,0,19842,45,0,0,-0.037762046,0.49056062
142,131,0,21755,142,0,0,-3.15342,0.040956732
64,57,1,9468,64,0,0,4.6777697,0.99078596
152,116,0,19290,152,0,0,-1.449296,0.19010994
72,167,0,27620,72,0,0,-4.082688,0.016582467
47,23,0,3844,47,0,0,-0.45245373,0.38877752
85,0,0,88,85,0,0,-4.5678773,0.010273333
8,59,0,9739,8,0,0,-2.892692,0.052516002
17,177,1,29223,17,0,0,1.3964055,0.80161285
43,187,0,30903,43,0,0,2.5888338,0.9301395
164,183,1,30356,164,0,0,-0.89557403,0.2899609
125,84,1,13987,125,0,0,3.5758133,0.9727696
65,158,0,26136,65,0,0,-2.750441,0.060061745
0,161,0,26582,0,0,0,-1.5220132,0.17916526
29,171,0,28230,29,0,0,0.5687889,0.63848364
82,139,0,23019,82,0,0,-1.3491876,0.20600322
18,137,0,22643,18,0,0,0.07159656,0.5178915
2,160,1,26406,2,0,0,0.5479757,0.6336658
81,159,0,26318,81,0,0,-4.370794,0.012483397
133,20,0,3439,133,0,0,-1.4243581,0.19397928
21,115,0,18995,21,0,0,-1.6819131,0.1568423
25,116,0,19176,25,0,0,-1.7054279,0.15375768
43,36,0,5988,43,0,0,-6.3969326,0.0016638886
14,150,0,24752,14,0,0,0.33745748,0.5835728
67,152,0,25139,67,0,0,-1.7124393,0.15284759
102,31,1,5230,102,0,0,0.045065522,0.5112645
117,68,0,11341,117,0,0,-3.3690054,0.03327829
73,53,1,8814,73,0,0,-1.9988041,0.11932854
153,13,0,2297,153,0,0,-4.126465,0.015883477
108,131,0,21725,108,0,0,-3.9769664,0.018397596
105,49,0,8201,105,0,0,-2.5095334,0.07519255
47,182,1,30079,47,0,0,5.6526284,0.996504
62,20,0,3373,62,0,0,-2.5981414,0.06925813
67,212,0,35039,67,0,0,0.3761552,0.59294546
78,206,0,34068,78,0,0,0.41878885,0.6031934
18,108,0,17858,18,0,0,-7.458989,0.00057590654
80,91,1,15095,80,0,0,-3.5641491,0.027541079
88,141,0,23350,88,0,0,1.4305036,0.8069798
39,199,1,32849,39,0,0,3.3063679,0.96464664
26,127,0,20964,26,0,0,-4.0336385,0.017401598
112,58,0,9678,112,0,0,-1.4037185,0.1972267
156,147,0,24408,156,0,0,-0.92439115,0.28406402
145,31,0,5261,145,0,0,0.18790594,0.54683876
135,126,0,20923,135,0,0,-3.5226777,0.028673824
121,117,0,19425,121,0,0,-4.6699967,0.009285276
86,15,0,2557,86,0,0,-1.0252056,0.26401466
22,166,1,27393,22,0,0,1.4367776,0.80795515
35,69,1,11410,35,0,0,2.758055,0.9403667
120,192,0,31798,120,0,0,-1.2058375,0.23043838
8,47,0,7759,8,0,0,3.111135,0.9573497
124,46,0,7712,124,0,0,-3.145827,0.041256018
3,116,0,19150,3,0,0,-2.326971,0.088913724
24,16,0,2677,24,0,0,-3.58586,0.026965532
146,114,0,18954,146,0,0,1.2867713,0.7836002
18,121,1,20003,18,0,0,-4.119845,0.015987288
87,75,1,12462,87,0,0,-0.45374033,0.38847184
80,36,0,6020,80,0,0,-6.2029657,0.0020193348
110,41,0,6884,110,0,0,0.24288327,0.5604241
156,183,0,30348,156,0,0,-0.7675084,0.31701833
117,217,0,35926,117,0,0,-3.6038976,0.026496273
72,185,0,30590,72,0,0,0.19500223,0.5485967
46,35,1,5818,46,0,0,5.868335,0.9971804
43,1,0,213,43,0,0,-2.6748528,0.064473644
86,45,1,7507,86,0,0,-3.7074707,0.02395175
16,207,0,34177,16,0,0,-0.690187,0.33399147
109,112,0,18592,109,0,0,-2.2282348,0.097243495
120,70,0,11668,120,0,0,-4.1572537,0.015409316
130,206,0,34120,130,0,0,0.82829577,0.69599444
93,54,0,9005,93,0,0,-2.026831,0.1164145
92,104,0,17252,92,0,0,0.8220177,0.6946645
39,212,0,34994,39,0,0,-0.18568723,0.45371112
160,25,1,4289,160,0,0,2.9862509,0.9519491
58,73,0,12116,58,0,0,-5.173605,0.0056322115
55,56,0,9316,55,0,0,1.4950607,0.81683666
154,109,0,18145,154,0,0,0.35775918,0.5884979
19,179,0,29568,19,0,0,-5.3603244,0.0046774005
28,192,0,31714,28,0,0,-1.2894738,0.21594189
39,182,0,30044,39,0,0,5.23411,0.99469674
36,174,0,28733,36,0,0,2.8941367,0.94755584
61,197,0,32566,61,0,0,-4.8011136,0.008153561
135,133,0,22078,135,0,0,-5.6921587,0.003360971
1,15,0,2486,1,0,0,-1.6335135,0.16334963
114,132,0,21887,114,0,0,-1.6205854,0.16512415
103,5,0,942,103,0,0,-5.026705,0.0065176347
42,49,0,8125,42,0,0,-2.7462754,0.060297344
128,4,0,786,128,0,0,-1.3098915,0.21250501
11,62,0,10261,11,0,0,-3.0433376,0.045505982
139,129,0,21423,139,0,0,0.60840386,0.64757663
76,67,0,11119,76,0,0,-0.111159265,0.47223875
83,159,1,26316,83,0,0,-6.2027392,0.0020197914
9,174,0,28734,9,0,0,2.8887525,0.9472876
45,53,1,8787,45,0,0,-2.7911382,0.057804935
10,148,0,24450,10,0,0,-2.467039,0.078201406
3,61,0,10075,3,0,0,-2.936724,0.05036774
156,104,0,17313,156,0,0,0.7864448,0.68706745
140,43,0,7236,140,0,0,-8.324197,0.00024251685
143,169,0,28028,143,0,0,1.681052,0.8430438
81,202,0,33413,81,0,0,-6.182823,0.0020603372
116,192,0,31782,116,0,0,-0.6686606,0.33879682
134,169,0,28019,134,0,0,1.3579788,0.795431
82,132,0,21864,82,0,0,-1.4321954,0.19275685
161,168,0,27877,161,0,0,-0.6957312,0.33275935
38,199,1,32864,38,0,0,3.2297478,0.9619385
118,169,0,27998,118,0,0,1.5102868,0.8191037
163,92,0,15342,163,0,0,-1.8037872,0.14139067
80,156,0,25820,80,0,0,1.5211487,0.82070756
10,153,0,25275,10,0,0,-0.6279389,0.34797803
93,191,0,31610,93,0,0,-2.991878,0.04779415
79,13,0,2224,79,0,0,-4.5072513,0.010908428
142,59,0,9875,142,0,0,-3.0270689,0.046217866
130,75,0,12505,130,0,0,-0.54523087,0.36697158
53,193,1,31897,53,0,0,1.5845597,0.8298493
149,216,0,35787,149,0,0,1.7314296,0.8495952
64,15,0,2538,64,0,0,-1.2130895,0.22915486
9,42,0,6954,9,0,0,0.39502382,0.5974915
17,192,0,31698,17,0,0,-1.3694441,0.20270967
4,24,0,3968,4,0,0,-3.797389,0.021937221
1,37,0,6116,1,0,0,-3.4088194,0.03202097
106,129,0,21388,106,0,0,0.479051,0.6175237
53,88,0,14572,53,0,0,-3.5378904,0.028253147
155,93,0,15496,155,0,0,1.1261044,0.75511926
126,177,0,29334,126,0,0,1.4342446,0.8075618
23,212,0,34985,23,0,0,0.19939089,0.5496832
13,89,0,14724,13,0,0,0.66737354,0.6609148
60,193,1,31917,60,0,0,2.592088,0.93035066
59,108,0,17876,59,0,0,-3.4155397,0.031813323
121,179,0,29655,121,0,0,-5.547427,0.0038823406
62,9,0,1558,62,0,0,-0.66418314,0.33980057
35,140,0,23125,35,0,0,-6.05394,0.0023430877
83,184,1,30441,83,0,0,5.135897,0.9941526
70,206,0,34060,70,0,0,0.215994,0.55378956
138,214,1,35446,138,0,0,4.050061,0.982877
116,50,0,8352,116,0,0,-0.5991294,0.3545429
142,203,0,33635,142,0,0,-4.9784102,0.0068379203
28,151,0,24949,28,0,0,-6.2975955,0.0018373434
76,149,0,24649,76,0,0,-5.573368,0.0037833003
103,117,0,19422,103,0,0,-4.5759625,0.010191449
150,74,0,12366,150,0,0,-3.510309,0.029020328
52,181,0,29916,52,0,0,-2.0076017,0.11840709
63,32,0,5355,63,0,0,-3.3125103,0.0351445
95,133,0,22039,95,0,0,-5.066628,0.0062641534
110,198,0,32789,110,0,0,-1.5043211,0.18178193
67,160,0,26459,67,0,0,0.13678521,0.5341431
47,10,0,1699,47,0,0,-2.5018115,0.075731285
106,177,0,29308,106,0,0,1.7624822,0.8535203
149,63,0,10542,149,0,0,-3.642856,0.025509698
92,9,0,1577,92,0,0,-0.8971352,0.28963956
112,10,0,1758,112,0,0,-1.7890337,0.14319125
47,71,0,11764,47,0,0,-2.4150724,0.08203054
80,39,0,6515,80,0,0,-0.39765266,0.40187645
3,36,0,5950,3,0,0,-7.8599563,0.0003857419
50,16,0,2698,50,0,0,-2.4058952,0.08272426
31,202,0,33349,31,0,0,-5.1109858,0.005993991
58,98,0,16241,58,0,0,-0.89665455,0.28973848
22,140,1,23103,22,0,0,-3.579806,0.027124833
1,200,0,33011,1,0,0,0.044701546,0.51117355
79,155,0,25654,79,0,0,-5.018356,0.0065719187
110,149,0,24704,110,0,0,-5.0604534,0.006302707
123,62,0,10354,123,0,0,-3.1262856,0.04203593
138,211,1,34951,138,0,0,4.879445,0.99245614
9,30,0,4974,9,0,0,-2.501533,0.075750776
58,79,0,13106,58,0,0,-1.3344204,0.20842911
160,96,0,16004,160,0,0,-2.260028,0.09448798
80,212,0,35060,80,0,0,0.4303252,0.6059513
116,96,0,15942,116,0,0,-2.1921506,0.10045759
28,0,0,34,28,0,0,-5.5109434,0.0040260176
126,115,0,19104,126,0,0,-1.6054425,0.16722232
163,197,0,32667,163,0,0,-5.1035113,0.006038689
87,79,0,13122,87,0,0,-1.8709145,0.13343595
32,181,0,29897,32,0,0,-1.929096,0.12685068
1,160,0,26411,1,0,0,0.6855482,0.6649759
54,49,1,8138,54,0,0,-2.161644,0.10324814
40,17,0,2850,40,0,0,-3.0406575,0.04562253
79,157,0,25984,79,0,0,1.7046697,0.84614366
131,201,0,33296,131,0,0,0.53634685,0.6309622
86,191,0,31597,86,0,0,-2.8044407,0.05708468
91,167,0,27646,91,0,0,-3.963717,0.0186384
124,94,0,15632,124,0,0,1.3573277,0.79532504
12,21,0,3466,12,0,0,-0.2515638,0.43743864
17,113,0,18663,17,0,0,-7.6385875,0.00048127637
130,18,0,3100,130,0,0,-5.7843413,0.0030659067
141,69,0,11527,141,0,0,1.5134461,0.8195714
77,14,0,2364,77,0,0,0.9306204,0.7172011
164,147,0,24416,164,0,0,-0.6461676,0.34385368
137,54,0,9047,137,0,0,-4.583188,0.010118818
100,198,0,32781,100,0,0,-1.5134413,0.18042935
160,115,0,19139,160,0,0,-2.7039297,0.062741876
13,43,0,7134,13,0,0,-9.570639,6.974196e-05
8,44,0,7264,8,0,0,-2.5326385,0.07360154
44,4,0,704,44,0,0,-1.1624863,0.2382158
95,25,0,4219,95,0,0,0.5509797,0.6343629
7,41,0,6765,7,0,0,0.63614124,0.65388066
2,109,0,17991,2,0,0,-0.10447902,0.47390398
29,120,0,19815,29,0,0,0.14339262,0.53578687
56,183,0,30255,56,0,0,0.39218432,0.59680843
62,18,0,3043,62,0,0,-4.3625216,0.012585784
85,112,0,18568,85,0,0,-1.1617802,0.23834395
41,68,0,11266,41,0,0,-3.3450282,0.03405835
118,198,1,32783,118,0,0,-1.2813025,0.2173286
65,149,0,24651,65,0,0,-4.821091,0.007993577
72,41,0,6830,72,0,0,0.97846955,0.72680444
52,212,1,35031,52,0,0,-0.059479512,0.4851345
54,80,0,13253,54,0,0,-1.8758388,0.13286757
67,83,0,13754,67,0,0,-7.1208334,0.00080744055
90,62,0,10320,90,0,0,-3.2341778,0.037899617
100,149,0,24696,100,0,0,-5.9283323,0.0026558468
12,23,0,3796,12,0,0,-0.055270165,0.48618597
46,110,0,18193,46,0,0,-2.1130583,0.107834086
124,151,0,25037,124,0,0,-5.0603685,0.0063032387
116,5,0,927,116,0,0,-6.1299486,0.002171965
82,215,1,35559,82,0,0,4.887871,0.99251896
0,105,0,17342,0,0,0,-0.99376065,0.2701699
55,104,0,17236,55,0,0,0.67700976,0.663071
148,49,0,8234,148,0,0,-2.463371,0.07846624
14,176,0,29042,14,0,0,-2.2069988,0.09912375
81,104,0,17243,81,0,0,0.80071074,0.6901265
51,16,0,2690,51,0,0,-4.5698924,0.010252864
7,184,0,30360,7,0,0,4.684475,0.990847
98,25,1,4222,98,0,0,0.39429015,0.597315
57,117,0,19379,57,0,0,-3.7625227,0.022697916
23,41,0,6770,23,0,0,0.6515226,0.65735346
55,53,1,8821,55,0,0,-2.493556,0.07631116
61,46,0,7651,61,0,0,-3.6193447,0.026100727
155,83,0,13846,155,0,0,-7.074634,0.00084558653
145,179,0,29681,145,0,0,-3.7308114,0.02341211
113,136,0,22541,113,0,0,-0.036087632,0.49097908
127,142,0,23555,127,0,0,-1.8768873,0.13274682
160,42,0,7094,160,0,0,0.4519239,0.61109656
158,102,0,16988,158,0,0,-4.1661077,0.01527556
3,45,0,7435,3,0,0,-3.814436,0.021574428
122,29,0,4908,122,0,0,-2.7861254,0.058078554
29,30,0,4965,29,0,0,-1.4236996,0.19408226
125,107,0,17782,125,0,0,-1.1093502,0.24799205
72,60,1,9965,72,0,0,3.2577815,0.9629517
135,3,0,628,135,0,0,0.21608227,0.5538114
101,142,0,23536,101,0,0,-1.9352505,0.12617056
112,95,0,15783,112,0,0,-4.241267,0.01418523
47,108,0,17869,47,0,0,-5.5575957,0.0038432137
23,26,0,4295,23,0,0,-3.6227877,0.02601335
28,34,0,5644,28,0,0,-0.44594145,0.39032614
34,86,0,14203,34,0,0,-8.743146,0.0001595257
42,37,0,6145,42,0,0,-3.7553153,0.022858346
73,184,1,30429,73,0,0,4.4712715,0.98869646
70,51,0,8485,70,0,0,-2.4740822,0.077695206
23,197,0,32510,23,0,0,-4.7432804,0.008634817
150,210,0,34806,150,0,0,-0.87590694,0.29402667
145,196,0,32486,145,0,0,3.6838686,0.9754902
39,87,0,14369,39,0,0,0.63410324,0.65341926
13,127,0,20994,13,0,0,-5.276232,0.00508566
105,6,0,1106,105,0,0,-4.4143496,0.011957706
8,92,0,15184,8,0,0,-1.6949351,0.15512793
125,206,0,34117,125,0,0,0.90413564,0.7117986
4,13,1,2153,4,0,0,-3.2614608,0.036917236
39,104,0,17174,39,0,0,0.45027214,0.61070395
31,87,1,14374,31,0,0,-0.83412224,0.30277416
40,165,0,27270,40,0,0,1.2864587,0.78354716
86,153,1,25327,86,0,0,0.36656046,0.5906276
130,153,0,25375,130,0,0,0.83277625,0.6969416
91,156,1,25831,91,0,0,2.3678017,0.9143388
21,84,0,13880,21,0,0,3.3668742,0.96665305
80,7,0,1235,80,0,0,-4.7218733,0.0088200085
35,45,0,7450,35,0,0,-3.3116546,0.035173524
162,11,0,1978,162,0,0,-3.21044,0.038774736
54,75,1,12428,54,0,0,-0.4752131,0.38338313
106,64,0,10663,106,0,0,-2.985269,0.048095822
133,204,0,33799,133,0,0,-2.8550806,0.054419287
104,209,0,34585,104,0,0,-2.2471056,0.09559942
53,47,0,7807,53,0,0,3.041462,0.95441246
133,158,0,26209,133,0,0,-2.9470367,0.04987675
153,91,0,15167,153,0,0,-2.608412,0.06859899
8,78,0,12874,8,0,0,-3.9137113,0.019575415
108,24,0,4070,108,0,0,-3.0590677,0.044827603
156,176,0,29193,156,0,0,-2.5392382,0.07315281
59,11,0,1871,59,0,0,-2.9795885,0.048356563
56,118,0,19530,56,0,0,-0.3881986,0.40415102
63,95,0,15750,63,0,0,-3.4970334,0.02939676
102,69,1,11500,102,0,0,1.1047707,0.75115293
31,99,0,16354,31,0,0,-1.0234911,0.26434794
148,191,0,31664,148,0,0,-3.1212468,0.042239305
135,34,0,5743,135,0,0,-1.2103906,0.22963195
40,20,1,3345,40,0,0,-2.0007417,0.11912507
51,145,1,23975,51,0,0,1.8670828,0.8661204
118,113,0,18758,118,0,0,-6.6482196,0.0012946498
24,205,0,33862,24,0,0,3.278716,0.9636914
15,72,1,11892,15,0,0,-0.2518826,0.43736017
23,67,0,11060,23,0,0,0.51068723,0.6249676
20,150,0,24757,20,0,0,0.61170524,0.6483297
55,131,0,21691,55,0,0,-3.9525976,0.018842878
36,3,1,518,36,0,0,0.07537401,0.5188346
161,4,0,817,161,0,0,-0.7078119,0.3300825
49,54,0,8951,49,0,0,-2.0849695,0.11056631
149,76,0,12687,149,0,0,0.9942675,0.72993004
149,150,0,24897,149,0,0,-0.87812155,0.29356718
132,181,1,30000,132,0,0,-1.4505427,0.18991806
44,25,1,4169,44,0,0,1.2195315,0.7719811
22,186,0,30693,22,0,0,-2.8539004,0.05448005
70,137,0,22675,70,0,0,0.3360011,0.5832188
22,130,1,21453,22,0,0,-3.5857596,0.026968166
110,46,0,7709,110,0,0,-3.7558832,0.022845665
96,68,1,11319,96,0,0,-2.7648115,0.05925558
58,157,0,25976,58,0,0,1.5341537,0.82261324
124,177,0,29327,124,0,0,1.5859852,0.83005047
12,174,1,28711,12,0,0,3.5317748,0.9715785
75,104,0,17227,75,0,0,0.71836513,0.67224693
111,58,0,9684,111,0,0,-2.1651008,0.10292852
24,78,0,12907,24,0,0,-4.2101574,0.014626909
130,135,0,22405,130,0,0,0.21292156,0.5530302
32,62,0,10262,32,0,0,-3.4147787,0.031836774
119,9,0,1590,119,0,0,-0.871401,0.29496285
48,177,0,29252,48,0,0,1.5026975,0.8179765
66,90,0,14905,66,0,0,0.06662005,0.5166488
22,75,0,12378,22,0,0,-0.63447285,0.34649703
119,157,0,26010,119,0,0,1.3815,0.7992318
57,157,0,25979,57,0,0,1.4920433,0.81638473
62,147,0,24328,62,0,0,-1.2840996,0.21685319
91,188,0,31111,91,0,0,0.42721552,0.6052086
99,182,1,30128,99,0,0,5.5426474,0.9960991
88,208,0,34405,88,0,0,-5.6336746,0.0035626749
45,190,0,31392,45,0,0,0.44181377,0.60869116
92,73,0,12137,92,0,0,-5.193078,0.005524196
163,174,0,28872,163,0,0,2.8312075,0.9443391
146,215,1,35619,146,0,0,4.203087,0.98527086
19,133,0,21978,19,0,0,-6.311904,0.0018112884
62,141,0,23338,62,0,0,1.2395003,0.775477
43,37,0,6153,43,0,0,-3.4180853,0.03173501
16,54,0,8932,16,0,0,-5.7234945,0.0032576232
17,139,0,22953,17,0,0,-1.7781227,0.1445351
124,156,1,25862,124,0,0,2.043261,0.88526493
88,210,0,34735,88,0,0,-0.9857423,0.27175388
73,6,0,1059,73,0,0,-4.9679337,0.0069094375
75,23,0,3862,75,0,0,0.070420265,0.5175978
161,147,0,24412,161,0,0,-2.1175818,0.107399665
87,129,1,21372,87,0,0,0.46821988,0.61496234
71,119,0,19692,71,0,0,-4.778648,0.008337265
27,190,1,31385,27,0,0,0.13708287,0.5342172
38,88,0,14549,38,0,0,-4.442301,0.011631936
63,100,0,16575,63,0,0,-0.49437004,0.37886465
127,168,0,27845,127,0,0,-0.58625335,0.35749498
108,110,0,18260,108,0,0,-1.61864,0.16539252
54,109,1,18038,54,0,0,0.19480819,0.5485486
14,55,0,9077,14,0,0,-4.438804,0.011672203
94,76,0,12633,94,0,0,0.68710154,0.6653218
58,39,0,6506,58,0,0,0.29421452,0.5730276
109,56,0,9352,109,0,0,1.0435941,0.7395429
86,111,0,18397,86,0,0,0.26537633,0.5659574
101,120,0,19906,101,0,0,0.0423308,0.51058114
94,140,0,23193,94,0,0,-3.9980297,0.018021043
21,203,0,33515,21,0,0,-5.883666,0.002776826
158,182,1,30188,158,0,0,4.879734,0.9924583
19,79,0,13068,19,0,0,-2.546258,0.07267828
2,214,0,35316,2,0,0,4.2353463,0.9857317
128,177,0,29331,128,0,0,1.8086464,0.8591982
125,154,0,25537,125,0,0,-2.0739121,0.1116584
114,202,0,33437,114,0,0,-5.8753014,0.0028000853
117,212,0,35101,117,0,0,-0.012231976,0.49694204
55,179,0,29611,55,0,0,-3.495837,0.029430915
94,197,0,32598,94,0,0,-3.6038165,0.026498364
43,15,0,2523,43,0,0,-1.2291689,0.22632693
21,56,1,9260,21,0,0,0.97058886,0.72523683
12,158,0,26071,12,0,0,-3.1892996,0.03957039
100,74,0,12321,100,0,0,-3.5108411,0.029005338
127,20,0,3425,127,0,0,-1.4962015,0.18299274
5,28,0,4648,5,0,0,-7.3025,0.00067339843
48,136,0,22487,48,0,0,-0.4579537,0.38747138
138,120,0,19936,138,0,0,-0.10259521,0.47437367
125,135,0,22402,125,0,0,-0.9269062,0.2835528
68,179,0,29603,68,0,0,-5.0923295,0.006106177
113,207,0,34256,113,0,0,-1.0095782,0.2670624
145,174,0,28856,145,0,0,3.2271562,0.9618435
130,123,0,20425,130,0,0,0.4295513,0.60576653
132,201,1,33300,132,0,0,-1.4163558,0.19523351
52,119,0,19686,52,0,0,-5.663031,0.0034599642
23,182,1,30035,23,0,0,5.3031363,0.9950487
56,0,0,60,56,0,0,-4.340253,0.012865553
79,201,0,33244,79,0,0,-0.6641417,0.33980983
161,118,1,19627,161,0,0,-0.24652824,0.4386782
9,11,0,1839,9,0,0,-3.1383295,0.041553598
41,34,0,5656,41,0,0,-0.44631833,0.39023647
65,192,0,31746,65,0,0,-0.86955076,0.29534778
48,26,0,4337,48,0,0,-4.3663716,0.012538029
75,51,0,8482,75,0,0,-2.4746668,0.07765332
29,197,0,32520,29,0,0,-3.197052,0.039276812
16,132,0,21802,16,0,0,-2.189762,0.10067363
25,117,0,19341,25,0,0,-4.066236,0.0168529
146,73,0,12189,146,0,0,-5.3233414,0.0048527685
80,44,0,7340,80,0,0,-2.2522497,0.09515558
96,82,0,13629,96,0,0,-2.9555223,0.04947616
74,44,0,7337,74,0,0,-2.2375324,0.09643034
145,53,0,8891,145,0,0,-2.441037,0.080096476
139,41,0,6903,139,0,0,0.71237874,0.6709266
138,139,0,23071,138,0,0,-1.6288478,0.16398826
0,172,0,28397,0,0,0,-5.605777,0.0036630959
73,0,0,69,73,0,0,-4.608409,0.009869291
95,27,0,4549,95,0,0,0.15514997,0.5387099
117,160,0,26521,117,0,0,0.8659939,0.7039114
123,113,0,18769,123,0,0,-6.7812557,0.0011335625
93,79,0,13130,93,0,0,-2.220619,0.09791412
115,15,0,2579,115,0,0,-1.0939579,0.2508737
73,81,0,13434,73,0,0,-2.3116808,0.09016017
104,137,1,22705,104,0,0,0.28566152,0.5709337
8,88,0,14524,8,0,0,-4.4161787,0.011936115
163,216,0,35802,163,0,0,1.8506997,0.86420923
108,153,1,25355,108,0,0,0.5946051,0.64442104
144,37,0,6250,144,0,0,-3.5990427,0.02662179
60,20,0,3372,60,0,0,-2.216105,0.09831355
112,59,0,9843,112,0,0,-3.4088304,0.03202063
102,215,1,35590,102,0,0,4.0346966,0.9826165
132,189,0,31320,132,0,0,-1.4683537,0.18719296
12,58,0,9571,12,0,0,-1.3589284,0.20441452
54,168,1,27773,54,0,0,-0.7741336,0.3155856
114,87,1,14462,114,0,0,-0.7370676,0.3236457
49,117,1,19346,49,0,0,-4.635911,0.009604135
1,135,1,22286,1,0,0,0.49436766,0.6211348
140,162,0,26871,140,0,0,-1.7632058,0.14638929
17,131,1,21633,17,0,0,-3.8516312,0.020803092
53,21,0,3517,53,0,0,-0.43623647,0.39263812
152,86,0,14340,152,0,0,-7.4823666,0.00056260696
59,177,1,29261,59,0,0,1.3892934,0.8004794
140,189,0,31326,140,0,0,-1.4323506,0.19273269
116,78,0,12972,116,0,0,-4.945871,0.007062484
162,33,0,5608,162,0,0,-3.3658862,0.033378784
103,189,0,31302,103,0,0,-2.2642064,0.094131075
131,132,0,21911,131,0,0,-1.177237,0.23554935
118,93,0,15458,118,0,0,0.4509771,0.6108715
36,91,0,15038,36,0,0,-5.655194,0.0034870924
143,95,0,15818,143,0,0,-2.5270665,0.073982365
27,215,0,35510,27,0,0,3.6208243,0.97393686
80,153,0,25325,80,0,0,0.21312708,0.553081
7,157,0,25905,7,0,0,1.2155545,0.7712803
43,93,0,15393,43,0,0,0.70998555,0.670398
111,188,0,31134,111,0,0,0.56180114,0.6368692
41,81,0,13411,41,0,0,-1.4391642,0.19167481
7,69,0,11385,7,0,0,0.2771054,0.56883645
76,128,1,21184,76,0,0,-2.9883533,0.047954816
32,87,0,14387,32,0,0,-1.385395,0.20014393
62,33,0,5518,62,0,0,-3.6004276,0.026585925
140,178,1,29511,140,0,0,-3.8183568,0.02149182
13,51,0,8454,13,0,0,-5.5703382,0.003794737
91,108,0,17911,91,0,0,-7.3288193,0.00065591757
36,214,0,35333,36,0,0,4.008589,0.98216486
3,41,0,6775,3,0,0,0.30736572,0.57624215
41,103,0,17041,41,0,0,0.17030719,0.5424742
65,205,0,33891,65,0,0,1.9363418,0.8739497
153,151,0,25067,153,0,0,-5.001292,0.0066842656
4,88,0,14528,4,0,0,-3.988647,0.018187836
61,72,0,11941,61,0,0,0.12284994,0.5306739
95,118,0,19564,95,0,0,-0.37389255,0.4076008
49,151,0,24956,49,0,0,-7.132218,0.00079830765
108,42,0,7040,108,0,0,0.5370781,0.6311324
28,106,0,17524,28,0,0,-0.73041713,0.3251032
141,39,0,6577,141,0,0,0.3223038,0.5798856
41,95,0,15721,41,0,0,-3.4553735,0.030609014
54,206,0,34043,54,0,0,0.46474034,0.6141381
52,57,0,9456,52,0,0,4.73222,0.99127
70,80,0,13270,70,0,0,-1.4826636,0.18502542
142,178,0,29510,142,0,0,-4.082005,0.016593605
103,157,1,26022,103,0,0,1.0128663,0.7335807
111,110,0,18264,111,0,0,-2.1738274,0.10212554
27,188,1,31055,27,0,0,-0.13547283,0.46618348
33,171,0,28241,33,0,0,0.34652942,0.58577573
0,11,0,1832,0,0,0,-4.3944244,0.0121954195
67,59,0,9794,67,0,0,-3.7536287,0.022896048
125,59,0,9862,125,0,0,-3.7545276,0.022875948
51,208,0,34370,51,0,0,-6.3635244,0.0017203178
144,5,1,970,144,0,0,-6.5001507,0.0015009564
53,183,1,30247,53,0,0,-0.21088344,0.44747365
90,27,0,4545,90,0,0,0.120914996,0.53019196
124,170,1,28172,124,0,0,0.6364255,0.65394497
2,206,0,33996,2,0,0,0.7038791,0.66904724
53,101,1,16717,53,0,0,-1.2368574,0.22498347
116,1,0,267,116,0,0,-2.6515079,0.06589613
92,197,0,32597,92,0,0,-3.7845812,0.022213716
133,203,0,33634,133,0,0,-5.161907,0.0056981053
147,65,0,10873,147,0,0,-1.8584199,0.13488734
62,149,0,24658,62,0,0,-5.6127367,0.003637782
147,157,0,26053,147,0,0,1.6117802,0.8336584
116,53,0,8847,116,0,0,-2.0067515,0.118495874
64,163,0,26958,64,0,0,-2.4749067,0.077636145
78,53,1,8823,78,0,0,-1.7855146,0.14362353
49,105,1,17366,49,0,0,-1.4404418,0.19147694
80,55,0,9155,80,0,0,-3.8702407,0.02042737
145,57,1,9551,145,0,0,4.7197824,0.9911617
101,18,0,3076,101,0,0,-5.0802402,0.006179985
63,205,0,33900,63,0,0,2.7611644,0.9405408
85,171,0,28303,85,0,0,0.36199194,0.58952254
84,134,1,22196,84,0,0,-0.3197009,0.42074865
155,154,0,25561,155,0,0,-2.716123,0.062028646
131,17,0,2936,131,0,0,-1.8979053,0.13034573
127,171,0,28340,127,0,0,0.32105583,0.57958156
76,2,0,394,76,0,0,-5.0036736,0.006668473
47,82,0,13579,47,0,0,-2.3072033,0.090528145
98,134,0,22207,98,0,0,-0.44753295,0.38994747
46,151,0,24958,46,0,0,-5.374978,0.004609673
100,108,0,17931,100,0,0,-4.2351065,0.01427164
39,155,0,25589,39,0,0,-4.560115,0.01035256
89,135,1,22364,89,0,0,-0.5776447,0.35947472
91,158,0,26161,91,0,0,-2.7269711,0.061400484
102,91,0,15130,102,0,0,-2.5012422,0.075771146
118,106,1,17603,118,0,0,-1.3337531,0.20853923
0,42,0,6947,0,0,0,0.5543464,0.6351434
106,28,0,4723,106,0,0,-6.779278,0.0011358043
99,95,0,15773,99,0,0,-3.967942,0.018561278
76,15,0,2539,76,0,0,-1.1238304,0.24530147
87,144,0,23847,87,0,0,-4.2859097,0.0135743
161,157,0,26062,161,0,0,0.9351508,0.7181191
103,42,1,7047,103,0,0,0.8203518,0.694311
161,78,0,13027,161,0,0,-3.1431556,0.041361816
0,189,0,31202,0,0,0,-2.7227812,0.0616424
69,29,0,4847,69,0,0,-3.5422988,0.028132368
47,179,0,29584,47,0,0,-5.495968,0.004086515
145,125,1,20771,145,0,0,0.8973231,0.7103991
100,29,0,4896,100,0,0,-2.8804169,0.05313016
28,84,1,13894,28,0,0,4.0818114,0.9834032
106,151,0,25018,106,0,0,-4.8587656,0.007700302
151,130,0,21604,151,0,0,-5.7277474,0.0032438429
61,2,0,391,61,0,0,-4.33325,0.012954793
154,136,0,22600,154,0,0,-0.115359545,0.47119206
108,204,0,33770,108,0,0,-0.50904566,0.37541726
151,63,0,10549,151,0,0,-3.5799856,0.027120097
56,208,0,34380,56,0,0,-7.60194,0.0004992321
29,16,1,2655,29,0,0,-2.6681828,0.06487712
120,186,0,30808,120,0,0,-4.5707083,0.010244588
63,87,0,14430,63,0,0,-0.34396797,0.41484594
108,190,0,31460,108,0,0,0.31643933,0.5784562
14,95,0,15677,14,0,0,-3.6857152,0.024465652
14,48,0,7922,14,0,0,-0.5658467,0.36219573
47,152,0,25129,47,0,0,-2.5380068,0.073236346
65,213,0,35211,65,0,0,2.1424313,0.8949594
124,191,0,31637,124,0,0,-3.4343047,0.031240389
52,26,0,4341,52,0,0,-3.6930857,0.024290355
132,177,1,29340,132,0,0,1.9896591,0.87970704
91,98,0,16261,91,0,0,-0.9945845,0.2700075
31,173,1,28564,31,0,0,1.5987303,0.8318409
6,167,0,27571,6,0,0,-4.119375,0.01599468
140,29,0,4926,140,0,0,-3.0236597,0.04636838
3,188,0,31030,3,0,0,0.4520958,0.6111374
28,85,1,14059,28,0,0,-2.7174025,0.061954252
6,215,0,35491,6,0,0,2.157942,0.8964086
52,90,1,14901,52,0,0,1.5081143,0.81878155
69,100,0,16562,69,0,0,-1.1081836,0.24820967
0,39,0,6452,0,0,0,-0.5598577,0.36358038
140,142,0,23571,140,0,0,-2.5914288,0.06969209
99,106,1,17588,99,0,0,-1.167628,0.23728399
89,194,0,32099,89,0,0,-5.505191,0.0040491503
16,191,1,31537,16,0,0,-1.4969475,0.18288124
107,55,0,9184,107,0,0,-4.0283036,0.017493052
163,98,0,16332,163,0,0,-0.40362048,0.40044278
104,166,0,27490,104,0,0,1.2015092,0.76879317
10,104,0,17190,10,0,0,0.37036216,0.5915465
37,54,0,8931,37,0,0,-4.1098766,0.016144864
2,78,0,12876,2,0,0,-3.1263578,0.04203302
19,188,1,31053,19,0,0,0.43383938,0.6067901
76,199,1,32899,76,0,0,2.8489218,0.9452629
97,19,1,3231,97,0,0,-0.104156196,0.47398448
70,87,0,14425,70,0,0,-0.856062,0.29816276
107,3,0,604,107,0,0,0.9095332,0.71290463
69,54,0,8972,69,0,0,-4.000309,0.017980753
154,2,0,490,154,0,0,-4.7976,0.008182026
73,5,0,894,73,0,0,-5.6943707,0.0033535697
33,123,0,20321,33,0,0,0.41503304,0.6022941
127,198,0,32795,127,0,0,-1.3989599,0.19798121
90,194,0,32100,90,0,0,-3.403619,0.032182552
33,141,0,23291,33,0,0,1.0611913,0.74291813
64,140,0,23163,64,0,0,-4.5530777,0.010424908
6,85,0,14041,6,0,0,-2.8420033,0.05509615
92,108,0,17912,92,0,0,-6.2921314,0.0018473917
76,11,0,1879,76,0,0,-3.1191952,0.04232238
107,6,0,1099,107,0,0,-5.1894283,0.0055442825
59,147,0,24311,59,0,0,0.1294241,0.53231096
161,7,0,1312,161,0,0,-5.4371653,0.0043329457
124,72,0,12002,124,0,0,-0.92842716,0.28324392
141,96,0,15982,141,0,0,-2.3847888,0.084340006
8,119,0,19639,8,0,0,-2.8344445,0.055490993
135,143,1,23728,135,0,0,-2.5106893,0.07511221
135,18,0,3103,135,0,0,-5.821809,0.0029534933
64,101,1,16728,64,0,0,-0.8163759,0.3065335
100,120,0,19911,100,0,0,0.10969511,0.5273963
21,197,0,32525,21,0,0,-4.2339764,0.014287547
97,186,0,30786,97,0,0,-4.690742,0.009096368
23,128,0,21125,23,0,0,-3.5154943,0.02887457
58,173,0,28616,58,0,0,2.0377495,0.88470393
54,8,0,1373,54,0,0,-2.4906552,0.07651589
17,160,0,26418,17,0,0,0.1984474,0.5494497
91,178,0,29461,91,0,0,-4.033625,0.017401826
64,5,0,888,64,0,0,-6.033033,0.0023924718
83,168,0,27801,83,0,0,-0.42900473,0.39436403
75,122,0,20197,75,0,0,0.51055044,0.6249355
164,48,0,8081,164,0,0,-0.8361704,0.30234197
112,48,0,8028,112,0,0,-0.495089,0.37869546
20,215,1,35482,20,0,0,3.7572303,0.9771844
34,189,0,31198,34,0,0,-1.5406871,0.17643541
109,180,0,29812,109,0,0,-1.1914778,0.23299474
157,211,0,34970,157,0,0,2.0915558,0.89007974
60,130,0,21522,60,0,0,-5.7346525,0.003221593
31,141,1,23284,31,0,0,0.5902892,0.6434315
57,214,0,35384,57,0,0,4.473892,0.9887257
11,106,1,17521,11,0,0,-3.0092635,0.04700913
34,184,0,30373,34,0,0,5.0615106,0.9937039
136,155,0,25707,136,0,0,-4.64145,0.009551592
12,110,0,18151,12,0,0,-2.2544005,0.09497056
115,158,0,26174,115,0,0,-2.9678288,0.048900608
38,124,0,20489,38,0,0,0.39490908,0.5974639
23,148,0,24425,23,0,0,-1.6409698,0.16233315
67,131,0,21674,67,0,0,-3.5840087,0.027014151
159,115,0,19134,159,0,0,-2.289231,0.092018776
103,82,0,13647,103,0,0,-2.6232433,0.06765742
155,7,0,1306,155,0,0,-5.1745834,0.0056267343
152,146,0,24240,152,0,0,0.04802549,0.5120041
33,38,0,6296,33,0,0,-4.300869,0.013375445
29,52,0,8595,29,0,0,-5.8672643,0.0028226168
93,75,0,12470,93,0,0,-0.4013676,0.4009838
70,162,0,26800,70,0,0,-1.4739888,0.1863371
124,53,0,8867,124,0,0,-2.4566033,0.078957
5,81,0,13393,5,0,0,-3.1297607,0.04189621
27,15,0,2510,27,0,0,-1.630517,0.16375954
136,71,0,11847,136,0,0,-3.848082,0.02087551
52,188,0,31071,52,0,0,0.40148276,0.59904385
81,100,0,16583,81,0,0,-0.57520384,0.36003694
122,55,0,9198,122,0,0,-3.2005792,0.039143935
164,74,0,12371,164,0,0,-3.781508,0.022280565
85,186,0,30778,85,0,0,-5.089881,0.006121055
33,79,0,13061,33,0,0,-2.4932628,0.07633184
162,165,0,27388,162,0,0,1.6698585,0.84155697
15,78,0,12882,15,0,0,-4.045201,0.017204994
18,54,0,8948,18,0,0,-2.6304667,0.06720319
138,57,0,9541,138,0,0,3.5931113,0.9732241
102,36,0,6055,102,0,0,-7.0212264,0.00089193374
60,143,1,23667,60,0,0,-2.5293279,0.073827595
101,204,0,33766,101,0,0,-3.277399,0.036354724
42,12,0,2020,42,0,0,-0.5037634,0.37665668
31,143,1,23614,31,0,0,-1.9214146,0.1277039
124,128,0,21242,124,0,0,-2.7422862,0.06052378
76,59,0,9799,76,0,0,-3.1827855,0.039818697
112,17,0,2913,112,0,0,-2.17622,0.10190637
109,166,0,27502,109,0,0,1.0551913,0.7417705
137,211,1,34952,137,0,0,2.2158337,0.9016624
150,81,0,13521,150,0,0,-1.2701323,0.2192346
86,210,0,34732,86,0,0,-0.7996676,0.31009662
150,11,0,1971,150,0,0,-3.1309803,0.041847285
23,217,0,35810,23,0,0,-3.3140123,0.0350936
39,24,0,3974,39,0,0,-3.7718716,0.022491455
93,101,0,16760,93,0,0,-1.1952629,0.232319
116,69,0,11487,116,0,0,1.2870789,0.78365237
110,81,0,13484,110,0,0,-1.2370317,0.22495309
9,51,0,8439,9,0,0,-2.695043,0.063266486
76,162,0,26794,76,0,0,-1.0684817,0.25569195
70,155,0,25645,70,0,0,-5.0623646,0.0062907487
47,78,0,12919,47,0,0,-4.6474457,0.009495037
101,157,0,26011,101,0,0,1.703937,0.84604824
92,66,1,10982,92,0,0,0.93614656,0.7183206
139,96,0,15978,139,0,0,-2.4316177,0.08079325
60,194,0,32082,60,0,0,-2.9548736,0.04950668
122,185,1,30648,122,0,0,0.4483388,0.6102442
106,11,0,1918,106,0,0,-3.010222,0.04696621
66,83,0,13750,66,0,0,-7.071225,0.00084847154
29,74,0,12225,29,0,0,-3.6168256,0.026164839
121,193,1,31965,121,0,0,1.8787279,0.86746496
24,177,0,29242,24,0,0,1.4900467,0.8160853
133,82,0,13669,133,0,0,-2.8587599,0.05423027
6,106,1,17506,6,0,0,-1.3668299,0.20313251
108,54,0,9020,108,0,0,-2.6449997,0.06629787
86,206,0,34072,86,0,0,0.49366564,0.6209696
158,90,1,15008,158,0,0,0.9315948,0.7173987
43,50,1,8298,43,0,0,-0.53226316,0.3699892
3,184,1,30370,3,0,0,5.7850585,0.99693626
156,23,0,3948,156,0,0,-0.2553405,0.43650946
3,38,0,6280,3,0,0,-5.2508125,0.005215908
129,59,0,9863,129,0,0,-3.1192698,0.042319354
80,125,1,20705,80,0,0,4.4651423,0.98862773
59,18,0,3026,59,0,0,-2.7639825,0.05930181
52,166,0,27441,52,0,0,1.1476433,0.7590802
91,204,0,33751,91,0,0,-3.0590296,0.04482924
29,187,0,30870,29,0,0,2.8390436,0.94474953
79,130,0,21529,79,0,0,-4.2334375,0.0142951375
152,204,0,33810,152,0,0,-2.9096906,0.051676594
100,211,0,34926,100,0,0,5.631172,0.99642843
57,146,0,24164,57,0,0,-0.029860735,0.49253538
130,195,0,32305,130,0,0,-0.4639711,0.3860442
149,14,0,2457,149,0,0,0.8131139,0.6927727
67,62,0,10289,67,0,0,-3.3641167,0.033435926
117,175,0,28996,117,0,0,-1.2442303,0.22370051
35,117,1,19330,35,0,0,-5.1053395,0.006027726
13,178,0,29409,13,0,0,-5.609546,0.0036493645
13,96,0,15879,13,0,0,-2.865263,0.053897694
142,158,0,26210,142,0,0,-2.5672622,0.07127532
124,107,0,17777,124,0,0,-1.2255454,0.22696203
134,123,0,20429,134,0,0,0.2866018,0.571164
59,46,0,7646,59,0,0,-3.2654874,0.036774337
93,92,0,15275,93,0,0,-2.1759953,0.10192692
72,93,0,15410,72,0,0,0.5393461,0.6316603
164,49,0,8246,164,0,0,-2.4573174,0.07890509
55,114,0,18886,55,0,0,0.55566514,0.63544893
155,206,0,34141,155,0,0,0.70242155,0.6687244
120,40,1,6718,120,0,0,1.3943245,0.80128175
49,8,0,1361,49,0,0,-2.7044065,0.06271384
155,200,0,33151,155,0,0,-0.25982514,0.43540668
29,54,0,8925,29,0,0,-2.2979999,0.091288745
26,151,0,24924,26,0,0,-5.3935647,0.00452517
97,82,0,13626,97,0,0,-2.301943,0.090962164
93,81,0,13460,93,0,0,-2.0302124,0.11606713
41,108,0,17866,41,0,0,-6.2960753,0.0018401335
61,161,0,26626,61,0,0,-0.7353812,0.32401496
85,133,0,22033,85,0,0,-5.616081,0.0036256798
144,206,0,34135,144,0,0,0.59560066,0.64464915
17,111,0,18333,17,0,0,0.42817748,0.6054384
61,122,1,20191,61,0,0,0.68346167,0.66451085
65,28,0,4686,65,0,0,-6.7170897,0.0012085923
141,177,0,29347,141,0,0,1.3522782,0.79450184
51,79,0,13085,51,0,0,-2.1812947,0.10144285
2,151,0,24921,2,0,0,-5.0858145,0.0061458433
154,139,0,23095,154,0,0,-1.2731655,0.21871586
29,62,1,10245,29,0,0,-3.4396894,0.031077836
51,101,1,16715,51,0,0,-1.1980834,0.23181635
71,173,0,28602,71,0,0,1.8949986,0.8693244
57,30,0,5024,57,0,0,-2.076749,0.111377314
75,138,0,22837,75,0,0,-6.6690965,0.0012679356
145,33,0,5591,145,0,0,-3.8879755,0.020075498
70,192,0,31750,70,0,0,-1.0767841,0.25411507
46,18,0,3013,46,0,0,-3.6994197,0.024140688
126,171,0,28344,126,0,0,0.56456506,0.63750815
89,35,1,5864,89,0,0,5.9331245,0.99735683
157,21,0,3620,157,0,0,-0.5455308,0.3669019
127,153,0,25370,127,0,0,0.6859755,0.66507107
15,197,0,32517,15,0,0,-4.7965393,0.0081906365
81,74,0,12293,81,0,0,-3.506639,0.029123921
91,177,0,29296,91,0,0,2.1096394,0.8918365
29,132,0,21795,29,0,0,-1.1269113,0.24473156
67,191,0,31574,67,0,0,-3.4087834,0.032022085
56,196,1,32400,56,0,0,4.3352904,0.9870713
109,195,0,32287,109,0,0,-1.4410019,0.19139025
114,77,0,12812,114,0,0,-5.137333,0.005839039
61,96,0,15901,61,0,0,-1.9809167,0.12122115
147,44,0,7408,147,0,0,-1.8950686,0.13066763
42,149,0,24625,42,0,0,-6.4269447,0.0016147732
162,89,0,14848,162,0,0,0.7060785,0.6695341
128,93,0,15471,128,0,0,0.8012634,0.6902447
125,62,0,10357,125,0,0,-3.4261067,0.031489454
130,7,0,1285,130,0,0,-5.1641765,0.005685263
65,136,0,22506,65,0,0,-0.24632874,0.43872732
68,78,0,12938,68,0,0,-4.216655,0.014533558
89,19,1,3224,89,0,0,-0.20396782,0.4491841
86,29,1,4867,86,0,0,-2.89085,0.052607734
82,175,0,28959,82,0,0,-1.590697,0.16928585
102,195,0,32290,102,0,0,-0.46321976,0.38622227
153,164,0,27212,153,0,0,0.53835726,0.6314302
100,15,0,2586,100,0,0,-1.3340349,0.20849273
132,154,1,25545,132,0,0,-2.268582,0.09375862
73,139,0,23004,73,0,0,-1.4612272,0.1882797
19,81,0,13398,19,0,0,-2.573686,0.070851274
8,160,0,26404,8,0,0,0.6722106,0.661998
126,86,0,14319,126,0,0,-7.4810905,0.0005633249
112,121,0,20073,112,0,0,-3.442873,0.030982114
135,180,0,29833,135,0,0,-1.4004347,0.19774714
84,55,0,9161,84,0,0,-3.2596233,0.036982622
150,105,0,17481,150,0,0,-1.0138956,0.26621816
147,87,0,14503,147,0,0,-1.2871826,0.21633007
137,134,0,22247,137,0,0,-0.79317945,0.3114864
99,141,0,23363,99,0,0,1.6661658,0.841064
93,22,0,3725,93,0,0,-6.6579146,0.0012821747
99,137,1,22703,99,0,0,0.34265488,0.5848353
54,211,1,34868,54,0,0,4.755031,0.9914652
112,80,0,13308,112,0,0,-1.8140249,0.14015238
152,104,0,17310,152,0,0,0.7623585,0.6818656
149,133,0,22092,149,0,0,-5.294607,0.004993525
38,162,0,26759,38,0,0,-0.8431775,0.30086598
87,4,1,747,87,0,0,-1.0906744,0.2514913
34,29,0,4798,34,0,0,-3.1132374,0.042564515
160,190,1,31514,160,0,0,-0.6047544,0.35325673
61,156,0,25801,61,0,0,2.4520507,0.9207113
75,164,0,27127,75,0,0,0.6974775,0.6676283
164,43,0,7256,164,0,0,-8.632593,0.00017817019
132,10,0,1785,132,0,0,-0.80815583,0.30828363
21,185,0,30545,21,0,0,0.606012,0.64703053
164,182,1,30191,164,0,0,5.961172,0.9974297
13,94,0,15549,13,0,0,0.27464566,0.5682331
55,44,0,7336,55,0,0,-2.2585306,0.09461617
33,122,1,20156,33,0,0,0.564815,0.6375659
58,153,0,25316,58,0,0,0.79938704,0.68984336
160,47,1,7919,160,0,0,2.4830585,0.92294556
103,123,0,20412,103,0,0,-0.13142422,0.46719116
70,14,0,2380,70,0,0,1.2815855,0.78271955
30,102,0,16857,30,0,0,-4.1532927,0.015469529
101,152,0,25186,101,0,0,-1.597332,0.16835484
118,87,0,14468,118,0,0,-2.1212065,0.107052684
11,124,0,20491,11,0,0,0.44570178,0.6096168
13,186,0,30729,13,0,0,-3.7988493,0.021905912
73,61,0,10134,73,0,0,-2.7450538,0.060366604
19,210,0,34683,19,0,0,-0.81980485,0.3058051
127,182,0,30155,127,0,0,5.8878117,0.99723464
93,215,0,35570,93,0,0,3.7140164,0.9762008
121,158,0,26190,121,0,0,-2.7399673,0.060655765
48,135,0,22322,48,0,0,0.10302603,0.52573377
11,110,0,18181,11,0,0,-1.7072735,0.1535177
70,64,0,10630,70,0,0,-2.341484,0.08774505
19,1,0,198,19,0,0,-2.0593588,0.11311013
152,137,0,22755,152,0,0,0.28772897,0.57144004
17,191,0,31533,17,0,0,-0.76959616,0.31656647
34,47,0,7768,34,0,0,1.6382542,0.83729726
54,107,1,17708,54,0,0,-1.3713055,0.20240901
141,105,0,17467,141,0,0,-0.85873526,0.29760367
81,116,0,19223,81,0,0,-1.5153286,0.18015043
67,161,0,26624,67,0,0,-1.3099747,0.21249108
145,49,0,8231,145,0,0,-3.8744545,0.020343222
123,30,0,5074,123,0,0,-2.4936707,0.07630308
14,44,0,7262,14,0,0,-1.9181182,0.12807156
157,104,0,17315,157,0,0,1.0673406,0.74409086
125,209,0,34612,125,0,0,-1.8856504,0.13174121
128,134,0,22236,128,0,0,-0.90566236,0.28788826
58,62,0,10301,58,0,0,-3.3982358,0.032350644
59,148,0,24476,59,0,0,-0.7770567,0.31495458
155,214,0,35461,155,0,0,3.7248888,0.9764521
70,119,0,19705,70,0,0,-3.8139856,0.021583937
163,83,0,13857,163,0,0,-6.384305,0.0016849971
17,201,0,33183,17,0,0,0.6399564,0.6547436
41,150,0,24796,41,0,0,0.41958398,0.6033837
146,20,0,3444,146,0,0,-1.4946139,0.18323022
11,8,0,1351,11,0,0,-2.3265529,0.08894761
134,134,1,22244,134,0,0,-1.0854726,0.25247177
63,158,0,26145,63,0,0,-2.6920657,0.06344317
20,43,0,7102,20,0,0,-10.617624,2.448013e-05
108,146,1,24200,108,0,0,-0.06003636,0.48499542
63,84,0,13935,63,0,0,3.7850266,0.97779596
144,117,0,19450,144,0,0,-5.156459,0.005729057
43,76,0,12588,43,0,0,0.88470024,0.70779526
114,189,0,31292,114,0,0,-2.0189824,0.11722425
145,91,0,15161,145,0,0,-4.0465255,0.01718261
141,195,0,32317,141,0,0,-1.5377469,0.17686304
61,36,0,6001,61,0,0,-6.6659865,0.0012718799
38,116,0,19169,38,0,0,-2.1632562,0.103098966
28,122,1,20164,28,0,0,0.3087803,0.5765875
115,214,0,35414,115,0,0,3.7117853,0.9761489
28,197,0,32539,28,0,0,-4.2768373,0.013696317
87,191,0,31602,87,0,0,-3.1994402,0.039186794
29,70,0,11565,29,0,0,-4.002601,0.017940324
29,60,0,9915,29,0,0,2.716498,0.93799317
143,59,0,9878,143,0,0,-3.6722515,0.024789058
34,37,0,6118,34,0,0,-3.259767,0.036977503
160,139,0,23099,160,0,0,-1.6406496,0.1623767
139,168,0,27858,139,0,0,-0.7682002,0.31686857
148,166,0,27539,148,0,0,1.6382232,0.837293
81,141,0,23348,81,0,0,2.1032958,0.8912231
52,110,0,18201,52,0,0,-2.744207,0.060414657
83,67,0,11136,83,0,0,-0.16748476,0.4582264
49,98,0,16211,49,0,0,-1.4825099,0.18504862
5,30,0,4978,5,0,0,-3.3871517,0.03269943
145,171,0,28361,145,0,0,0.4160484,0.6025373
61,45,0,7486,61,0,0,-4.8468947,0.0077915397
78,68,0,11298,78,0,0,-3.0962315,0.04326297
29,177,0,29220,29,0,0,2.0278904,0.8836944
70,33,0,5515,70,0,0,-3.4955907,0.02943795
90,206,0,34080,90,0,0,0.62632746,0.65165627
30,205,0,33852,30,0,0,2.8134577,0.9433987
146,138,0,22914,146,0,0,-7.2382817,0.00071802945
116,42,0,7032,116,0,0,0.4040535,0.5996612
3,111,0,18325,3,0,0,0.5271199,0.6288111
95,67,0,11149,95,0,0,0.10441196,0.5260793
58,2,0,401,58,0,0,-4.05593,0.01702451
95,2,0,424,95,0,0,-5.1508245,0.0057612406
135,15,0,2608,135,0,0,-1.0635338,0.2566347
31,209,0,34504,31,0,0,-2.3285599,0.088785104
63,186,0,30765,63,0,0,-4.7773314,0.008348157
108,49,0,8195,108,0,0,-2.0490046,0.114153005
111,47,1,7869,111,0,0,1.6405983,0.8376163
112,206,0,34098,112,0,0,0.57849586,0.6407212
57,130,0,21524,57,0,0,-3.5356746,0.028314048
48,200,0,33047,48,0,0,-0.23750794,0.44090056
15,175,1,28887,15,0,0,-1.1414919,0.24204655
13,217,0,35844,13,0,0,-5.7847085,0.0030647847
151,47,0,7909,151,0,0,3.35563,0.9662887
71,206,0,34047,71,0,0,0.8090206,0.69190073
106,27,0,4558,106,0,0,-1.0207019,0.2648907
16,120,0,19822,16,0,0,-0.26143116,0.43501192
66,10,0,1705,66,0,0,-2.3824983,0.08451706
21,89,0,14705,21,0,0,-0.11169994,0.472104
150,32,0,5436,150,0,0,-3.325965,0.034691103
47,11,0,1864,47,0,0,-3.2961562,0.03570329
129,85,1,14153,129,0,0,-1.8783436,0.13257925
9,53,0,8769,9,0,0,-2.6178215,0.068000235
158,196,1,32498,158,0,0,4.5586634,0.98963255
40,196,0,32385,40,0,0,3.431321,0.9686692
152,87,0,14505,152,0,0,-0.95669985,0.27753943
46,137,0,22648,46,0,0,0.34938014,0.58646727
24,1,0,202,24,0,0,-2.867186,0.053799715
127,4,0,785,127,0,0,-1.2635131,0.22036973
156,18,0,3123,156,0,0,-5.163163,0.0056909937
160,74,0,12374,160,0,0,-3.9201527,0.019452173
32,7,0,1187,32,0,0,-6.9259577,0.000980999
129,148,0,24548,129,0,0,-1.4751773,0.18615697
96,24,0,4059,96,0,0,-2.5730367,0.070894025
152,103,0,17145,152,0,0,-0.6527958,0.34235978
85,53,0,8833,85,0,0,-1.7613432,0.14662218
158,34,0,5768,158,0,0,-0.8383433,0.30188382
56,72,0,11940,56,0,0,-0.65579814,0.34168413
46,211,1,34858,46,0,0,2.983118,0.9518056
117,93,0,15466,117,0,0,0.7936315,0.68861055
53,207,0,34207,53,0,0,-0.9538965,0.27810186
131,82,1,13661,131,0,0,-2.5175898,0.07463423
17,36,1,5958,17,0,0,-7.064684,0.0008540351
23,12,0,1985,23,0,0,-0.39413905,0.40272132
51,80,0,13250,51,0,0,-1.3845999,0.20027125
33,142,0,23456,33,0,0,-2.7309055,0.061174136
105,3,1,611,105,0,0,-0.018873662,0.49528173
8,77,0,12709,8,0,0,-6.0552406,0.002340049
90,66,1,10980,90,0,0,0.91501945,0.7140262
162,4,0,823,162,0,0,-0.4765017,0.38307855
61,31,1,5176,61,0,0,0.20565182,0.5512325
76,43,0,7159,76,0,0,-7.5465555,0.00052764686
22,134,1,22113,22,0,0,-0.79954237,0.3101234
164,187,1,31016,164,0,0,2.6516008,0.93410957
21,51,1,8435,21,0,0,-3.0520988,0.045126952
75,143,0,23662,75,0,0,-2.2854457,0.09233554
15,162,1,26742,15,0,0,-2.3235257,0.089193225
41,50,0,8296,41,0,0,-0.31552726,0.42176616
151,176,0,29194,151,0,0,-2.31929,0.089537926
40,60,1,9945,40,0,0,2.8393967,0.944768
147,126,0,20938,147,0,0,-3.4686108,0.030218666
110,70,0,11669,110,0,0,-5.272231,0.005105943
154,78,0,13030,154,0,0,-3.4853058,0.02973323
74,114,1,18887,74,0,0,-0.081490695,0.4796386
153,134,0,22262,153,0,0,-0.73004067,0.3251858
41,57,1,9451,41,0,0,4.4145403,0.98804456
77,97,0,16059,77,0,0,-1.5730965,0.1717754
74,203,1,33572,74,0,0,-5.4715986,0.0041869017
144,28,0,4765,144,0,0,-6.7772355,0.0011381237
143,100,0,16643,143,0,0,-1.1791065,0.23521289
13,80,0,13239,13,0,0,-0.4616068,0.38660473
127,138,0,22895,127,0,0,-7.122342,0.00080622424
157,201,0,33320,157,0,0,0.48437232,0.6187798
36,167,0,27578,36,0,0,-4.364503,0.012561186
113,41,0,6866,113,0,0,0.8619928,0.70307684
24,59,0,9772,24,0,0,-2.4256485,0.08123767
28,199,1,32869,28,0,0,2.618867,0.932066
140,147,0,24396,140,0,0,-0.77768064,0.31482
155,14,0,2461,155,0,0,0.9587559,0.7228727
63,122,0,20205,63,0,0,0.5889253,0.6431185
30,203,0,33522,30,0,0,-4.622724,0.009730382
159,38,0,6429,159,0,0,-5.150398,0.005763686
102,207,0,34270,102,0,0,-0.9729819,0.27428654
150,14,1,2466,150,0,0,1.4735246,0.8135925
127,49,0,8210,127,0,0,-2.649438,0.06602366
129,104,1,17288,129,0,0,1.3630869,0.79626095
95,116,0,19234,95,0,0,-1.4625916,0.18807127
26,187,0,30864,26,0,0,2.8533168,0.9454899
29,148,0,24435,29,0,0,-1.1215872,0.245717
56,145,0,23985,56,0,0,2.257349,0.90528256
92,192,0,31772,92,0,0,-0.534441,0.36948168
144,173,0,28690,144,0,0,1.9909496,0.8798436
41,14,1,2356,41,0,0,1.6662462,0.8410747
91,52,0,8671,91,0,0,-6.9336295,0.000973509
11,165,0,27256,11,0,0,1.3665273,0.7968185
155,172,0,28531,155,0,0,-4.6597652,0.00937987
163,64,0,10722,163,0,0,-2.582324,0.07028472
111,132,0,21894,111,0,0,-1.4295325,0.19317153
57,29,0,4859,57,0,0,-2.7364135,0.060858566
61,111,0,18376,61,0,0,0.114828825,0.5286757
3,142,0,23440,3,0,0,-1.9472661,0.12485177
39,192,0,31694,39,0,0,-1.3917146,0.19913417
122,132,0,21903,122,0,0,-1.2312598,0.225961
146,172,0,28524,146,0,0,-5.4014378,0.0044898423
6,119,0,19651,6,0,0,-2.342123,0.087693915
76,201,0,33229,76,0,0,-0.06389159,0.48403254
83,212,0,35061,83,0,0,0.11503899,0.52872807
129,136,1,22568,129,0,0,0.18662378,0.546521
163,178,0,29532,163,0,0,-3.7858639,0.022185873
162,23,0,3958,162,0,0,-0.021938175,0.4945157
161,95,0,15832,161,0,0,-4.4063954,0.012052048
107,181,0,29974,107,0,0,-1.8875172,0.13152781
87,5,0,912,87,0,0,-6.1927524,0.0020400225
31,180,0,29719,31,0,0,-1.1354873,0.24314986
9,143,0,23619,9,0,0,-1.6852188,0.15640564
124,122,1,20252,124,0,0,0.55192,0.6345809
95,107,0,17749,95,0,0,-1.0659378,0.25617638
88,26,0,4375,88,0,0,-3.719333,0.023675993
64,175,1,28938,64,0,0,-1.1842337,0.23429182
136,60,1,10032,136,0,0,2.997166,0.9524459
24,57,0,9442,24,0,0,4.4569016,0.98853475
82,149,0,24669,82,0,0,-6.885912,0.00102104
26,176,0,29049,26,0,0,-2.388054,0.08408819
4,44,0,7268,4,0,0,-2.1259522,0.106599875
62,100,1,16573,62,0,0,-0.5130197,0.3744859
44,104,0,17204,44,0,0,0.9849319,0.7280857
60,18,0,3042,60,0,0,-4.8246274,0.007965585
145,165,0,27371,145,0,0,0.863372,0.7033647
1,12,0,1991,1,0,0,-0.35575223,0.41198823
146,37,0,6249,146,0,0,-3.2064111,0.03892517
121,119,0,19755,121,0,0,-3.0583394,0.044858802
140,150,0,24891,140,0,0,0.23861113,0.55937135
116,188,0,31122,116,0,0,0.028514743,0.5071282
8,108,0,17824,8,0,0,-6.430353,0.0016092875
2,93,0,15351,2,0,0,1.0802846,0.7465478
125,51,0,8542,125,0,0,-3.1103497,0.042682353
119,46,0,7695,119,0,0,-3.4084907,0.032031164
22,28,0,4623,22,0,0,-6.9588966,0.00094924244
45,207,0,34197,45,0,0,-0.81080776,0.3077184
28,180,0,29734,28,0,0,-3.0496979,0.04523052
17,109,0,18003,17,0,0,0.005822867,0.5014557
9,128,0,21144,9,0,0,-3.1533163,0.040960807
137,213,0,35282,137,0,0,2.2241025,0.90239316
35,102,0,16855,35,0,0,-4.2617364,0.013901817
138,129,0,21421,138,0,0,0.5918231,0.64378333
73,204,0,33729,73,0,0,-2.913487,0.051490866
27,45,0,7460,27,0,0,-4.1711097,0.015200501
116,43,0,7197,116,0,0,-7.8198366,0.00040152602
139,74,0,12348,139,0,0,-3.4429386,0.030980146
101,101,0,16771,101,0,0,-1.2055421,0.23049077
159,45,0,7584,159,0,0,-3.5058727,0.029145595
69,144,0,23822,69,0,0,-3.840569,0.021029629
35,188,0,31045,35,0,0,0.36580867,0.5904458
131,134,0,22241,131,0,0,-0.7017429,0.33142594
48,70,0,11597,48,0,0,-4.198959,0.014789194
13,24,0,3999,13,0,0,-2.4594533,0.078749985
76,164,0,27124,76,0,0,0.3229492,0.58004284
27,90,0,14885,27,0,0,2.0311365,0.88402766
126,64,0,10689,126,0,0,-3.203596,0.03903062
56,149,0,24645,56,0,0,-4.622609,0.00973149
49,146,1,24131,49,0,0,-0.061394155,0.48465627
124,148,0,24542,124,0,0,-1.4870646,0.18436272
33,58,0,9596,33,0,0,-1.1067793,0.24847181
32,18,0,3002,32,0,0,-5.4403124,0.00431939
153,89,0,14837,153,0,0,1.2443068,0.77631277
6,133,0,21961,6,0,0,-6.7412844,0.0011797358
162,106,1,17653,162,0,0,-0.98154616,0.2725851
25,157,0,25941,25,0,0,1.2743628,0.78148866
112,164,0,27168,112,0,0,0.8135163,0.6928583
156,47,1,7908,156,0,0,3.02881,0.95385885
146,44,0,7404,146,0,0,-2.100921,0.10900734
115,81,0,13469,115,0,0,-2.4382563,0.0803016
7,40,0,6600,7,0,0,1.3096504,0.78745466
132,2,0,465,132,0,0,-4.1355124,0.015742673
55,99,0,16411,55,0,0,-0.95407397,0.27806625
57,110,0,18224,57,0,0,-2.308157,0.09044965
94,98,0,16263,94,0,0,-0.9559567,0.27768847
118,76,0,12653,118,0,0,0.65254277,0.65758324
140,77,0,12846,140,0,0,-4.7329545,0.008723659
44,155,0,25619,44,0,0,-2.096796,0.10940862
11,118,0,19501,11,0,0,-0.65893775,0.34097826
74,66,1,10967,74,0,0,0.8141977,0.6930033
64,193,1,31908,64,0,0,1.4789362,0.8144118
32,193,1,31877,32,0,0,1.3627336,0.7962036
63,173,0,28620,63,0,0,1.8481236,0.8639066
53,87,0,14407,53,0,0,-0.26069582,0.43519267
53,41,0,6817,53,0,0,0.5094543,0.62467855
122,176,0,29163,122,0,0,-2.3680012,0.085645534
154,17,0,2965,154,0,0,-1.8406284,0.13697699
56,70,0,11610,56,0,0,-4.2450767,0.014132057
71,135,1,22332,71,0,0,-0.0074241906,0.49814397
8,17,0,2809,8,0,0,-1.2605081,0.22088644
150,168,1,27876,150,0,0,-0.45160443,0.38897938
93,185,0,30620,93,0,0,-0.17494893,0.456374
95,152,0,25174,95,0,0,-1.6357458,0.16304477
1,188,0,31031,1,0,0,0.3304391,0.5818662
73,71,1,11784,73,0,0,-3.5673828,0.027454605
44,99,0,16379,44,0,0,-1.0739179,0.25465873
109,62,0,10342,109,0,0,-3.5325797,0.02839932
40,217,0,35850,40,0,0,-3.5464568,0.028018907
142,148,1,24560,142,0,0,-0.8437322,0.30074933
74,33,0,5522,74,0,0,-3.6825073,0.024542332
41,36,0,5986,41,0,0,-6.8367977,0.0010723844
116,130,0,21552,116,0,0,-3.7733731,0.022458466
122,17,0,2928,122,0,0,-3.3333912,0.03444327
144,1,0,310,144,0,0,-3.0446253,0.045450084
88,207,0,34240,88,0,0,-0.6477514,0.34349644
134,54,0,9044,134,0,0,-2.3328342,0.088439904
119,136,0,22545,119,0,0,-0.11314711,0.47174338
78,38,0,6348,78,0,0,-4.4409256,0.011647756
74,106,1,17567,74,0,0,-1.2456458,0.22345479
20,47,0,7762,20,0,0,2.9351792,0.9495583
81,210,0,34733,81,0,0,-1.3588846,0.20442165
163,103,0,17157,163,0,0,0.108070195,0.5269913
137,119,0,19772,137,0,0,-6.0409975,0.0023735373
10,215,1,35505,10,0,0,2.9007077,0.9478814
150,65,1,10881,150,0,0,-2.160569,0.10334772
97,9,0,1581,97,0,0,-1.0990984,0.24990885
102,184,1,30475,102,0,0,4.950538,0.99297017
1,172,0,28391,1,0,0,-5.861902,0.0028377494
51,176,0,29090,51,0,0,-2.1374729,0.10550765
79,138,0,22849,79,0,0,-6.899291,0.0010074842
86,115,0,19057,86,0,0,-1.1747501,0.23599745
101,215,0,35581,101,0,0,3.987269,0.98178756
92,198,0,32762,92,0,0,-1.4344437,0.19240725
92,164,1,27152,92,0,0,0.59583026,0.6447018
78,118,0,19548,78,0,0,-0.20367032,0.4492577
45,73,0,12087,45,0,0,-5.2990565,0.0049714665
100,88,0,14631,100,0,0,-3.868578,0.020460669
122,82,0,13653,122,0,0,-2.699159,0.06302301
96,115,0,19074,96,0,0,-1.704026,0.15394019
21,90,1,14870,21,0,0,-0.59304094,0.35593742
5,47,1,7783,5,0,0,3.210723,0.9612358
138,49,0,8221,138,0,0,-2.672965,0.0645876
155,76,0,12691,155,0,0,1.0248549,0.7359172
20,1,0,172,20,0,0,-3.4270504,0.031460688
38,113,0,18674,38,0,0,-8.658439,0.00017362507
122,67,0,11178,122,0,0,-1.2092347,0.2298365
120,204,0,33778,120,0,0,-3.0270455,0.046218894
43,81,0,13413,43,0,0,-2.0710409,0.11194352
4,83,0,13703,4,0,0,-6.995384,0.00091526227
86,125,1,20707,86,0,0,5.4888325,0.99588436
0,173,0,28562,0,0,0,1.1999795,0.76852113
119,45,0,7530,119,0,0,-4.490285,0.011093012
157,215,0,35630,157,0,0,4.234828,0.98572445
111,73,0,12159,111,0,0,-5.604578,0.0036674736
42,189,0,31225,42,0,0,-1.2623224,0.22057436
36,196,0,32363,36,0,0,4.0599365,0.9830424
59,23,0,3851,59,0,0,-0.025311783,0.4936724
20,79,0,13042,20,0,0,-3.246547,0.037451167
93,146,0,24185,93,0,0,-0.24144238,0.43993092
124,24,0,4082,124,0,0,-2.4929404,0.07635456
63,63,0,10470,63,0,0,-4.2701154,0.01378742
7,87,0,14355,7,0,0,-2.7127442,0.062225524
120,194,0,32128,120,0,0,-6.8980346,0.0010087495
74,19,0,3212,74,0,0,-0.32836363,0.41863883
76,147,0,24319,76,0,0,-0.95106035,0.27867162
136,52,0,8712,136,0,0,-5.7253933,0.0032514636
35,157,0,25930,35,0,0,1.1497979,0.759474
73,42,0,6999,73,0,0,0.78074765,0.6858412
43,134,0,22158,43,0,0,-0.96253675,0.27637058
142,196,0,32480,142,0,0,1.877918,0.8673718
12,182,0,30031,12,0,0,5.7689757,0.9968868
40,132,0,21825,40,0,0,-1.3405061,0.20742685
37,33,0,5466,37,0,0,-4.028599,0.01748798
77,37,0,6159,77,0,0,-3.3414454,0.034176413
20,208,0,34327,20,0,0,-7.2427607,0.0007148229
141,114,0,18952,141,0,0,0.90889186,0.7127733
31,13,0,2164,31,0,0,-4.4776573,0.011232395
50,98,0,16228,50,0,0,-0.7554196,0.31964153
16,157,1,25927,16,0,0,0.7540147,0.6800528
86,82,0,13612,86,0,0,-2.7290459,0.061281025
54,180,0,29753,54,0,0,-0.8112831,0.30761713
160,181,0,30029,160,0,0,-2.2262084,0.09742153
36,212,0,35003,36,0,0,0.8251204,0.69532216
147,137,0,22753,147,0,0,0.4030375,0.5994172
138,65,1,10861,138,0,0,-2.2940001,0.091621086
35,56,1,9265,35,0,0,-0.48727173,0.3805365
47,110,1,18199,47,0,0,-2.2794137,0.09284232
85,34,0,5698,85,0,0,-0.14849997,0.46294308
79,158,0,26149,79,0,0,-2.8955433,0.05237431
5,98,0,16198,5,0,0,-0.9880801,0.27129146
126,164,0,27189,126,0,0,0.6533815,0.65777206
72,189,0,31250,72,0,0,-2.5394464,0.0731387
30,151,0,24942,30,0,0,-6.357093,0.0017313986
159,105,0,17484,159,0,0,-1.626847,0.16426274
10,89,0,14715,10,0,0,1.064697,0.74358714
38,170,0,28079,38,0,0,0.33047408,0.5818747
80,46,0,7670,80,0,0,-3.3576577,0.0336453
144,166,0,27535,144,0,0,1.1918144,0.7670654
102,142,1,23545,102,0,0,-3.5091898,0.02905188
84,1,0,251,84,0,0,-2.636888,0.06680177
74,98,0,16247,74,0,0,-0.692669,0.33343962
124,143,1,23717,124,0,0,-2.7382402,0.060754243
11,50,0,8281,11,0,0,-1.0960722,0.25047657
17,202,0,33348,17,0,0,-6.3522253,0.0017398321
63,127,0,21030,63,0,0,-3.6089332,0.026366692
122,34,0,5733,122,0,0,-0.3011272,0.42528194
16,135,0,22297,16,0,0,-0.28187105,0.42999512
27,68,1,11255,27,0,0,-3.4084692,0.032031827
2,71,0,11721,2,0,0,-3.7032523,0.024050564
121,147,0,24375,121,0,0,-1.3730888,0.20212126
85,123,0,20383,85,0,0,0.35561627,0.58797884
61,66,0,10951,61,0,0,0.8091874,0.6919363
95,17,0,2899,95,0,0,-2.3920014,0.08378467
56,166,0,27450,56,0,0,1.3530953,0.79463524
115,37,0,6209,115,0,0,-2.8726768,0.05352089
126,178,0,29499,126,0,0,-5.3282228,0.004829252
161,194,1,32167,161,0,0,-4.7932596,0.008217323
23,161,0,26570,23,0,0,-1.6217103,0.16496913
128,8,0,1446,128,0,0,-2.880271,0.053137504
54,111,0,18368,54,0,0,-0.3409938,0.41556808
146,146,0,24234,146,0,0,-0.43433923,0.39309064
95,173,0,28639,95,0,0,1.8083403,0.85916114
107,50,0,8359,107,0,0,-0.432693,0.39348346
123,84,0,13984,123,0,0,3.4877982,0.9703386
84,141,1,23351,84,0,0,1.2037392,0.7691893
117,45,0,7546,117,0,0,-3.4589357,0.030503491
91,105,1,17416,91,0,0,-0.6685122,0.33883005
164,113,0,18806,164,0,0,-7.7471952,0.00043176586
66,164,0,27115,66,0,0,0.69866925,0.66789263
76,1,0,229,76,0,0,-2.9170659,0.051316354
154,22,0,3790,154,0,0,-6.8218718,0.0010884933
37,72,0,11901,37,0,0,0.06379765,0.515944
127,116,0,19265,127,0,0,-1.6001658,0.16795844
68,198,0,32738,68,0,0,-1.8828218,0.13206509
34,115,0,18988,34,0,0,-2.1151543,0.10763261
120,74,0,12328,120,0,0,-3.5930748,0.026776873
14,93,0,15347,14,0,0,-0.19205678,0.45213285
82,108,0,17904,82,0,0,-6.629056,0.0013196662
14,82,0,13532,14,0,0,-2.6574855,0.065529145
90,117,0,19395,90,0,0,-4.379099,0.012381429
119,12,0,2085,119,0,0,-0.057872653,0.48553586
104,72,0,11980,104,0,0,-0.30211955,0.4250394
3,6,0,1000,3,0,0,-5.5514846,0.003866681
145,23,0,3941,145,0,0,0.03696665,0.5092406
130,41,0,6895,130,0,0,0.25222138,0.56272316
62,95,0,15748,62,0,0,-3.857986,0.020674035
74,108,0,17897,74,0,0,-5.7638025,0.0031293288
114,113,0,18752,114,0,0,-7.432172,0.0005915505
43,77,0,12753,43,0,0,-4.9961357,0.00671859
17,214,0,35328,17,0,0,4.8760767,0.99243087
160,77,0,12869,160,0,0,-5.2697287,0.005118671
138,166,0,27526,138,0,0,1.4618218,0.81181115
5,177,0,29233,5,0,0,1.0933301,0.7490083
82,104,0,17244,82,0,0,0.9282817,0.71672654
121,170,1,28170,121,0,0,0.19789702,0.5493134
53,86,0,14242,53,0,0,-7.538218,0.00053206214
43,164,0,27108,43,0,0,0.20826167,0.55187804
87,139,0,23022,87,0,0,-1.4930754,0.18346058
89,100,0,16589,89,0,0,-0.67679864,0.3369762
121,182,1,30150,121,0,0,5.6324415,0.99643296
37,176,0,29061,37,0,0,-2.1523957,0.104107566
5,137,0,22633,5,0,0,0.03778267,0.50944453
11,173,0,28576,11,0,0,1.6001561,0.8320402
23,102,0,16835,23,0,0,-4.177188,0.01510978
16,166,1,27412,16,0,0,0.8594598,0.7025478
145,175,0,29021,145,0,0,-1.808548,0.14081371
59,102,0,16886,59,0,0,-4.0386014,0.017316941
31,57,1,9424,31,0,0,4.3834944,0.9876722
131,5,0,956,131,0,0,-5.4219794,0.004398956
44,16,0,2684,44,0,0,-2.8269958,0.055882685
150,73,0,12201,150,0,0,-5.3100653,0.004917305
13,3,0,534,13,0,0,0.06298697,0.5157415
43,209,0,34533,43,0,0,-2.5405164,0.07306619
33,108,0,17846,33,0,0,-6.6974764,0.0012325012
149,40,0,6747,149,0,0,1.2203438,0.77212405
0,45,0,7442,0,0,0,-5.7638736,0.0031291072
77,112,0,18534,77,0,0,-1.1248693,0.24510919
32,44,0,7292,32,0,0,-2.8367095,0.0553724
61,14,1,2371,61,0,0,1.2792494,0.782322
14,7,0,1157,14,0,0,-5.446588,0.004292484
68,159,0,26303,68,0,0,-4.893424,0.0074399454
159,127,0,21114,159,0,0,-4.9945087,0.006729456
82,130,0,21534,82,0,0,-4.0107355,0.017797569
94,182,1,30123,94,0,0,5.976857,0.9974696
129,61,0,10193,129,0,0,-2.778081,0.058520198
25,180,0,29736,25,0,0,-2.4001007,0.08316502
43,120,0,19848,43,0,0,0.110434204,0.5275805
105,129,1,21401,105,0,0,0.52885604,0.62921625
79,205,0,33904,79,0,0,1.9734533,0.87798154
11,57,0,9436,11,0,0,4.3574123,0.9873506
108,77,0,12815,108,0,0,-4.3468847,0.0127816
104,139,0,23035,104,0,0,-1.4933586,0.18341815
46,32,0,5323,46,0,0,-3.3862696,0.032727342
54,1,0,218,54,0,0,-2.7957363,0.057555012
1,142,0,23441,1,0,0,-2.4298396,0.0809254
107,107,0,17764,107,0,0,-1.2570963,0.22147416
29,188,0,31035,29,0,0,0.68530667,0.66492206
118,98,1,16283,118,0,0,-0.85521376,0.2983403
91,68,0,11311,91,0,0,-3.613195,0.026257508
39,188,0,31034,39,0,0,-0.114166945,0.47148922
84,46,0,7676,84,0,0,-4.3401337,0.012867066
60,99,0,16407,60,0,0,-0.38125682,0.4058238
68,119,0,19703,68,0,0,-4.386906,0.012286323
83,193,1,31926,83,0,0,2.703981,0.93726116
151,158,0,26224,151,0,0,-2.5954256,0.0694334
67,26,0,4349,67,0,0,-3.544145,0.028081933
81,119,0,19718,81,0,0,-5.6081996,0.0036542641
8,166,0,27394,8,0,0,1.0272417,0.7363808
90,90,0,14940,90,0,0,1.4045503,0.80290496
13,39,0,6474,13,0,0,0.37561238,0.59281445
82,170,0,28134,82,0,0,0.3459602,0.58563757
93,6,0,1085,93,0,0,-4.8934274,0.0074399207
44,141,0,23309,44,0,0,2.1328564,0.89405584
113,112,0,18581,113,0,0,-1.4276264,0.1934688
140,10,0,1791,140,0,0,-2.1891565,0.100728475
156,216,1,35793,156,0,0,1.3261528,0.7902036
35,68,0,11245,35,0,0,-3.4912004,0.029563645
57,105,0,17399,57,0,0,-1.0089114,0.26719296
154,128,1,21280,154,0,0,-2.8449798,0.0549414
79,31,0,5194,79,0,0,0.2604199,0.5647395
77,102,0,16884,77,0,0,-4.474246,0.011270345
42,148,0,24460,42,0,0,-1.7488191,0.1481962
143,73,0,12188,143,0,0,-5.9460883,0.0026092278
108,108,0,17930,108,0,0,-4.5359683,0.010602899
65,71,0,11781,65,0,0,-2.1879814,0.10083497
32,162,0,26762,32,0,0,-2.6324763,0.067077324
137,130,0,21587,137,0,0,-5.526856,0.0039627124
53,123,0,20347,53,0,0,0.21639812,0.5538894
10,39,0,6465,10,0,0,0.20299959,0.5505763
51,182,1,30080,51,0,0,5.3197236,0.9951297
133,162,0,26869,133,0,0,-1.3011856,0.21396555
60,164,0,27132,60,0,0,0.2652517,0.56592685
18,66,0,10928,18,0,0,1.969351,0.87754136
52,192,0,31731,52,0,0,-1.0459156,0.26001018
87,177,1,29292,87,0,0,1.7388091,0.85053575
62,125,1,20698,62,0,0,3.342114,0.96584564
83,178,0,29451,83,0,0,-4.694234,0.009064948
33,37,0,6131,33,0,0,-3.5749729,0.02725267
100,134,0,22221,100,0,0,-0.75996304,0.3186543
117,92,0,15301,117,0,0,-1.7714839,0.14535789
160,177,0,29369,160,0,0,0.7832845,0.68638754
8,68,0,11224,8,0,0,-4.9210987,0.00723834
27,79,0,13070,27,0,0,-3.680514,0.024590094
147,198,0,32818,147,0,0,-1.5614338,0.17344101
100,66,0,11001,100,0,0,0.7354479,0.67599964
124,105,0,17447,124,0,0,-0.7572133,0.3192516
95,80,0,13294,95,0,0,-1.0340524,0.2622992
71,130,0,21507,71,0,0,-4.1094027,0.016152395
124,66,1,11012,124,0,0,0.6261287,0.65161115
59,199,0,32891,59,0,0,3.2341566,0.9620996
129,109,0,18113,129,0,0,-0.09343962,0.47665706
150,17,0,2961,150,0,0,-2.22124,0.09785928
53,53,1,8797,53,0,0,-1.9800048,0.121318325
24,98,0,16207,24,0,0,-0.58266413,0.35831982
22,102,0,16833,22,0,0,-4.368819,0.012507762
140,114,0,18951,140,0,0,0.65903556,0.6590437
130,163,0,27025,130,0,0,-2.5641623,0.071480796
142,170,0,28190,142,0,0,0.37196553,0.59193385
33,163,0,26921,33,0,0,-2.5518203,0.07230429
18,43,0,7133,18,0,0,-9.350162,8.694381e-05
77,104,0,17214,77,0,0,0.9528846,0.72169495
57,193,1,31919,57,0,0,1.6915908,0.84443325
76,136,0,22504,76,0,0,-0.074528635,0.48137647
44,100,0,16544,44,0,0,-0.9977723,0.26937965
122,84,1,13983,122,0,0,3.2718034,0.9634487
36,0,0,23,36,0,0,-4.883701,0.007512092
71,131,0,21672,71,0,0,-3.213629,0.03865605
89,99,0,16424,89,0,0,-0.43351132,0.39328817
94,32,0,5373,94,0,0,-3.0382817,0.04572609
15,9,0,1497,15,0,0,-1.1565708,0.23929095
84,63,0,10481,84,0,0,-3.8110838,0.021645304
126,40,0,6729,126,0,0,0.9736684,0.7258501
155,59,0,9886,155,0,0,-3.6333575,0.025746884
98,101,1,16762,98,0,0,-1.2704184,0.21918564
114,39,0,6542,114,0,0,-0.14913592,0.46278498
31,49,0,8104,31,0,0,-2.0679612,0.112250045
78,188,0,31098,78,0,0,0.43686557,0.6075119
89,90,0,14939,89,0,0,1.5703864,0.82783866
88,191,0,31600,88,0,0,-2.9117296,0.051576763
150,90,0,15006,150,0,0,1.7116122,0.8470453
34,153,0,25258,34,0,0,-0.26513797,0.4341011
5,173,0,28573,5,0,0,1.380033,0.7989963
4,133,0,21953,4,0,0,-5.4377446,0.0043304474
128,100,0,16626,128,0,0,0.0012778044,0.5003194
80,107,0,17735,80,0,0,-1.6178265,0.16550484
8,28,0,4624,8,0,0,-7.302374,0.0006734831
159,94,1,15669,159,0,0,-0.17341977,0.45675337
131,143,1,23726,131,0,0,-2.2019415,0.09957628
56,142,0,23490,56,0,0,-4.1161847,0.01604497
37,8,0,1341,37,0,0,-2.6005473,0.0691032
12,133,0,21946,12,0,0,-5.644912,0.003523005
102,67,0,11170,102,0,0,0.59709215,0.64499074
118,136,1,22553,118,0,0,-0.31934,0.4208366
115,84,0,13964,115,0,0,3.6534796,0.9747531
62,135,0,22348,62,0,0,0.21199965,0.5528023
45,127,0,20997,45,0,0,-4.703082,0.008985811
114,36,0,6047,114,0,0,-6.275895,0.0018775746
70,22,0,3700,70,0,0,-6.904793,0.001001962
4,123,0,20303,4,0,0,0.4474507,0.6100329
63,10,0,1725,63,0,0,-1.6300118,0.16382875
67,174,1,28769,67,0,0,3.3318908,0.9655068
102,117,0,19420,102,0,0,-5.3424597,0.0047613103
109,107,0,17767,109,0,0,-1.3348234,0.20836264
65,126,0,20856,65,0,0,-3.744496,0.023101253
74,144,0,23837,74,0,0,-3.0900555,0.043519326
110,178,0,29489,110,0,0,-3.9902108,0.018159933
42,100,0,16540,42,0,0,-0.3264883,0.4190953
148,217,0,35954,148,0,0,-4.4285345,0.01179127
49,216,0,35681,49,0,0,1.4654105,0.8123588
32,51,0,8447,32,0,0,-3.630238,0.025825249
162,115,0,19138,162,0,0,-1.3850403,0.20020072
26,175,0,28884,26,0,0,-1.136641,0.24293761
26,134,0,22119,26,0,0,-0.67701787,0.3369272
53,20,0,3352,53,0,0,-1.6020644,0.16769329
89,185,0,30614,89,0,0,-0.038771212,0.4903084
91,198,0,32761,91,0,0,-1.4136724,0.19565547
7,199,1,32835,7,0,0,3.1761181,0.9599256
137,71,0,11852,137,0,0,-3.6449673,0.025457263
65,199,1,32901,65,0,0,3.0426621,0.9544647
70,195,0,32245,70,0,0,-1.402164,0.19747294
137,217,0,35942,137,0,0,-3.409761,0.0319918
46,2,0,373,46,0,0,-6.106799,0.0022227184
95,74,0,12304,95,0,0,-3.5976455,0.026658017
59,156,0,25796,59,0,0,2.4011815,0.9169173
161,52,0,8737,161,0,0,-6.1222835,0.0021886409
10,166,0,27420,10,0,0,1.0714159,0.7448661
36,10,0,1673,36,0,0,-2.2731051,0.09337501
62,85,1,14098,62,0,0,-1.377538,0.2014047
98,127,0,21052,98,0,0,-4.0969005,0.016352281
105,105,1,17441,105,0,0,-0.7481781,0.3212184
142,199,1,32975,142,0,0,3.1422973,0.95860416
140,122,0,20271,140,0,0,0.17786759,0.54435
164,204,0,33821,164,0,0,-2.4374876,0.080358386
31,6,0,1009,31,0,0,-5.3930044,0.0045276945
122,206,0,34113,122,0,0,-0.24401963,0.439296
148,214,0,35459,148,0,0,2.5933607,0.93043303
150,100,0,16656,150,0,0,-0.7911301,0.31192607
108,92,0,15290,108,0,0,-1.9787309,0.12145419
57,133,0,22019,57,0,0,-5.304076,0.004946697
19,77,0,12738,19,0,0,-4.548316,0.010474145
28,124,1,20494,28,0,0,0.22587278,0.55622935
48,62,0,10277,48,0,0,-3.2889762,0.035951313
109,187,1,30967,109,0,0,2.2814436,0.9073285
100,139,0,23046,100,0,0,-1.4295764,0.19316469
155,115,0,19126,155,0,0,-1.5622964,0.17331737
46,42,0,6973,46,0,0,0.5118568,0.62524164
115,138,0,22874,115,0,0,-7.6929827,0.00045580813
11,167,0,27586,11,0,0,-2.7556233,0.05976985
111,143,1,23709,111,0,0,-2.108945,0.10823046
72,77,0,12770,72,0,0,-4.405513,0.012062562
54,95,1,15728,54,0,0,-3.668487,0.024880223
20,189,0,31192,20,0,0,-1.29795,0.21451023
74,12,0,2057,74,0,0,-0.0405432,0.4898656
43,207,0,34203,43,0,0,-0.9451325,0.27986476
75,147,0,24322,75,0,0,-0.70624673,0.33042872
6,207,0,34171,6,0,0,-0.5249461,0.3716964
90,3,1,585,90,0,0,0.56718415,0.6381132
43,20,0,3348,43,0,0,-1.8680758,0.13376452
56,134,0,22170,56,0,0,-0.82531965,0.3046356
129,102,0,16958,129,0,0,-4.1948595,0.0148490425
132,160,1,26535,132,0,0,0.84933466,0.70042753
21,99,1,16355,21,0,0,-0.9356459,0.2817807
46,180,0,29743,46,0,0,-0.97988945,0.27291372
154,68,0,11380,154,0,0,-2.9024842,0.0520309
149,5,0,972,149,0,0,-4.925704,0.0072053215
15,179,0,29547,15,0,0,-4.174866,0.0151443705
66,121,1,20020,66,0,0,-3.5661185,0.027488384
44,156,1,25784,44,0,0,2.0488167,0.885828
140,68,0,11361,140,0,0,-3.2647648,0.036799945
164,136,1,22601,164,0,0,-0.45169568,0.38895768
75,159,0,26302,75,0,0,-4.411175,0.011995274
135,124,0,20593,135,0,0,0.64055,0.6548778
94,33,0,5538,94,0,0,-3.8897245,0.02004112
97,89,1,14781,97,0,0,0.04231918,0.5105782
93,205,0,33920,93,0,0,3.248529,0.9626202
56,61,0,10125,56,0,0,-2.7721853,0.058845866
87,207,0,34242,87,0,0,-0.8261005,0.3044702
32,127,0,20987,32,0,0,-5.493107,0.0040981756
107,212,0,35089,107,0,0,-0.017653927,0.49558663
13,149,0,24624,13,0,0,-6.0842457,0.0022733028
68,107,0,17723,68,0,0,-1.3361845,0.20813821
158,213,0,35303,158,0,0,1.499459,0.8174938
55,41,0,6841,55,0,0,1.8021896,0.85841525
102,9,0,1600,102,0,0,-1.324316,0.21010111
123,176,0,29164,123,0,0,-2.678461,0.06425635
98,119,0,19732,98,0,0,-3.3598754,0.033573266
12,169,0,27886,12,0,0,1.5217638,0.82079804
79,111,0,18394,79,0,0,0.49847192,0.6221002
89,128,0,21209,89,0,0,-3.9656172,0.018603677
30,156,0,25767,30,0,0,2.103102,0.8912043
134,195,0,32309,134,0,0,-1.0627248,0.2567891
30,121,0,19992,30,0,0,-3.536389,0.028294396
70,198,0,32740,70,0,0,-1.8978631,0.13035052
37,189,0,31206,37,0,0,-2.3936036,0.08366176
102,94,0,15625,102,0,0,2.3570042,0.91348934
147,108,0,17968,147,0,0,-4.9071903,0.007338973
48,8,0,1367,48,0,0,-2.868464,0.0537347
71,7,0,1212,71,0,0,-4.9715567,0.006884622
87,166,0,27477,87,0,0,1.2982385,0.7855384
49,160,1,26441,49,0,0,-0.077352345,0.48067155
122,187,1,30978,122,0,0,2.134627,0.89422345
112,157,1,26013,112,0,0,1.3836687,0.79957956
136,72,0,12012,136,0,0,-0.96665925,0.27554688
31,148,0,24439,31,0,0,-1.7751191,0.14490688
98,0,0,97,98,0,0,-4.5631757,0.010321248
82,18,0,3054,82,0,0,-5.365541,0.004653177
100,36,0,6051,100,0,0,-6.499729,0.0015015883
12,108,0,17821,12,0,0,-6.8479533,0.0010605004
163,134,0,22272,163,0,0,-0.58896786,0.35687172
20,209,0,34492,20,0,0,-3.0240984,0.046348985
117,109,0,18106,117,0,0,-0.08316259,0.4792213
116,26,0,4392,116,0,0,-3.088253,0.043594416
161,73,0,12202,161,0,0,-5.4534874,0.004263096
104,8,0,1420,104,0,0,-2.870146,0.053649236
124,73,0,12167,124,0,0,-5.1818943,0.005585977
110,29,0,4904,110,0,0,-2.7677865,0.05908996
115,167,0,27659,115,0,0,-3.526917,0.028555987
105,131,0,21731,105,0,0,-3.9784288,0.018371204
105,53,0,8861,105,0,0,-2.6197937,0.06787535
116,8,0,1422,116,0,0,-3.0465295,0.04536754
150,23,0,3951,150,0,0,-0.03775236,0.49056304
87,200,0,33087,87,0,0,0.44063634,0.60841066
35,181,0,29890,35,0,0,-2.226581,0.09738877
136,127,0,21087,136,0,0,-3.8266044,0.021319056
18,213,0,35183,18,0,0,1.6500466,0.83889735
108,138,0,22880,108,0,0,-7.688729,0.0004577503
114,164,0,27167,114,0,0,0.85413855,0.70143455
146,144,0,23904,146,0,0,-3.9393258,0.019089818
62,102,0,16903,62,0,0,-4.6270285,0.009688994
35,187,1,30880,35,0,0,3.055885,0.9550359
24,135,1,22312,24,0,0,-0.16072841,0.45990416
11,89,0,14716,11,0,0,1.1438103,0.7583785
155,22,0,3781,155,0,0,-5.1505423,0.005762858
81,102,1,16913,81,0,0,-4.7818594,0.008310755
106,33,0,5548,106,0,0,-3.3865108,0.032719705
43,156,0,25788,43,0,0,2.449889,0.9205533
94,141,0,23358,94,0,0,0.95092505,0.7213012
60,87,1,14427,60,0,0,-0.48067588,0.38209254
80,200,0,33080,80,0,0,-0.13379157,0.4666019
120,164,1,27178,120,0,0,0.76370984,0.68215865
138,157,0,26041,138,0,0,1.51284,0.81948173
139,51,0,8553,139,0,0,-2.6770282,0.06434256
163,147,0,24417,163,0,0,0.06848246,0.5171139
162,125,0,20788,162,0,0,4.868742,0.99237555
53,118,0,19522,53,0,0,0.017516866,0.5043791
47,123,0,20344,47,0,0,0.120355725,0.53005266
18,149,0,24623,18,0,0,-6.8713374,0.0010360146
0,215,0,35492,0,0,0,3.7701802,0.97747135
36,131,0,21638,36,0,0,-4.0007486,0.017972993
10,47,1,7785,10,0,0,1.8394046,0.86287826
112,40,0,6708,112,0,0,1.4109101,0.8039095
74,176,0,29117,74,0,0,-2.1710925,0.102376595
155,67,0,11206,155,0,0,0.4211632,0.60376155
80,196,0,32420,80,0,0,4.684054,0.9908432
19,119,0,19668,19,0,0,-2.3921075,0.083776526
30,187,0,30882,30,0,0,2.210874,0.90122175
92,102,0,16922,92,0,0,-4.3922825,0.01222125
155,126,0,20941,155,0,0,-4.038516,0.017318394
23,135,0,22280,23,0,0,-0.0968474,0.47580707
75,12,0,2047,75,0,0,-0.044700027,0.48882684
58,192,0,31751,58,0,0,-0.6970903,0.33245766
105,110,1,18266,105,0,0,-2.687882,0.06369221
11,190,0,31381,11,0,0,0.34213096,0.5847081
30,146,0,24117,30,0,0,0.05346644,0.5133634
66,70,0,11605,66,0,0,-5.2346525,0.0053004315
143,127,0,21098,143,0,0,-2.6736798,0.06454443
88,182,0,30115,88,0,0,5.455309,0.99574465
66,76,0,12595,66,0,0,0.7252975,0.6737725
20,109,0,17992,20,0,0,0.0022113323,0.50055283
88,114,0,18895,88,0,0,1.1116495,0.7524365
92,212,1,35072,92,0,0,-0.030202478,0.49244997
111,108,0,17934,111,0,0,-3.7661686,0.02261718
136,80,0,13332,136,0,0,-3.3957996,0.032426994
64,129,1,21348,64,0,0,0.5112286,0.6250945
139,185,0,30663,139,0,0,0.01979521,0.5049486
21,121,1,19985,21,0,0,-2.9511325,0.049683012
62,25,1,4198,62,0,0,0.07190484,0.5179685
125,0,0,127,125,0,0,-4.7598724,0.008493938
10,82,0,13560,10,0,0,-2.1034577,0.108761206
156,70,0,11703,156,0,0,-5.3433986,0.004756863
20,71,0,11722,20,0,0,-5.6753607,0.003417711
135,156,1,25873,135,0,0,2.0658627,0.88754064
130,213,1,35275,130,0,0,1.8828924,0.867943
11,88,0,14551,11,0,0,-4.42437,0.011839896
100,95,0,15786,100,0,0,-3.1274328,0.041989755
101,59,0,9841,101,0,0,-3.4581017,0.030528164
108,37,0,6215,108,0,0,-3.6849988,0.024482757
31,94,0,15529,31,0,0,0.83665544,0.69776034
131,165,1,27356,131,0,0,0.865199,0.7037457
15,97,0,16017,15,0,0,-1.4474955,0.19038732
145,25,1,4271,145,0,0,-0.6929173,0.33338442
74,194,0,32087,74,0,0,-3.1318705,0.041811604
2,58,0,9576,2,0,0,-2.291341,0.09184264
52,207,0,34206,52,0,0,-0.88630205,0.29187354
24,17,0,2842,24,0,0,-1.4695799,0.18700647
33,183,1,30221,33,0,0,-0.9710265,0.27467594
40,120,0,19845,40,0,0,-0.039641112,0.49009103
110,1,0,284,110,0,0,-2.9163914,0.0513492
61,152,0,25141,61,0,0,-1.192543,0.23280443
40,97,0,16050,40,0,0,-1.2859819,0.21653369
73,20,0,3369,73,0,0,-1.881758,0.13218708
94,187,0,30948,94,0,0,2.0825803,0.88919854
128,97,0,16131,128,0,0,-1.4415064,0.19131218
124,202,0,33452,124,0,0,-4.3633976,0.012574904
14,34,0,5612,14,0,0,-0.123111844,0.46926084
52,81,0,13416,52,0,0,-2.0096343,0.118195094
129,203,0,33623,129,0,0,-5.532636,0.003939963
147,4,0,808,147,0,0,-0.47699988,0.3829608
122,75,0,12498,122,0,0,-0.40353543,0.40046322
82,60,0,9984,82,0,0,1.8562613,0.8648606
133,105,0,17464,133,0,0,-1.0090377,0.26716822
78,103,0,17073,78,0,0,-0.1155141,0.47115356
3,18,0,2980,3,0,0,-4.3269796,0.013035217
32,49,0,8117,32,0,0,-3.5173168,0.02882351
99,113,0,18743,99,0,0,-6.8839855,0.0010230069
73,37,0,6174,73,0,0,-3.7333694,0.023353696
6,19,0,3151,6,0,0,0.10684082,0.5266848
151,211,1,34969,151,0,0,2.480928,0.9227939
108,214,1,35420,108,0,0,4.473347,0.98871964
37,10,1,1671,37,0,0,-2.549079,0.07248839
153,103,0,17147,153,0,0,-0.53788227,0.36868036
99,63,0,10493,99,0,0,-4.1483226,0.015545406
72,149,0,24650,72,0,0,-5.0575943,0.0063206386
20,153,1,25252,20,0,0,-0.730148,0.32516226
20,147,0,24262,20,0,0,-0.19583705,0.4511966
151,100,0,16654,151,0,0,-0.23399806,0.44176596
83,158,0,26151,83,0,0,-2.7375884,0.060791448
63,140,0,23175,63,0,0,-3.7132933,0.023816004
96,139,0,23034,96,0,0,-1.253902,0.22202542
149,25,0,4272,149,0,0,1.395957,0.80154157
79,149,0,24664,79,0,0,-4.9335775,0.007149217
43,61,0,10113,43,0,0,-2.8036606,0.057126682
23,196,0,32345,23,0,0,1.6612687,0.84040827
109,196,0,32452,109,0,0,4.026449,0.98247504
85,134,0,22198,85,0,0,-0.78448695,0.31335366
104,39,0,6535,104,0,0,-0.14243299,0.46445182
114,5,0,932,114,0,0,-6.914582,0.0009922113
51,76,0,12590,51,0,0,0.77807856,0.68526584
160,84,0,14024,160,0,0,4.1126356,0.9838989
146,201,0,33309,146,0,0,0.48889452,0.619846
46,178,0,29413,46,0,0,-4.216356,0.01453784
21,152,0,25100,21,0,0,-1.9622335,0.12322553
125,94,0,15637,125,0,0,0.8165837,0.69351065
163,87,0,14517,163,0,0,0.08626324,0.52155244
11,38,0,6301,11,0,0,-4.356026,0.012666763
7,149,0,24585,7,0,0,-5.5645027,0.0038168612
111,202,0,33444,111,0,0,-6.630523,0.0013177338
76,17,0,2869,76,0,0,-1.8614597,0.134533
135,27,0,4588,135,0,0,-0.14838919,0.4629706
17,17,0,2823,17,0,0,-3.0524807,0.045110494
137,69,1,11522,137,0,0,1.4969332,0.8171166
32,33,0,5477,32,0,0,-3.9928446,0.01811303
78,140,0,23178,78,0,0,-2.8178318,0.056368154
145,176,0,29186,145,0,0,-2.4849715,0.07691847
122,168,0,27843,122,0,0,-0.99989253,0.26896256
45,121,0,20007,45,0,0,-3.8883474,0.020068184
134,121,1,20099,134,0,0,-1.7759097,0.14480895
5,21,0,3493,5,0,0,-1.1313682,0.2439087
101,180,0,29806,101,0,0,-1.1875315,0.23370072
67,34,0,5669,67,0,0,-0.035621107,0.49109566
98,86,0,14287,98,0,0,-7.610279,0.00049508834
67,0,0,59,67,0,0,-4.70777,0.008944162
162,28,0,4783,162,0,0,-6.0956526,0.0022475766
126,16,0,2769,126,0,0,-2.592503,0.06962247
73,201,1,33234,73,0,0,0.16561478,0.5413093
5,69,1,11413,5,0,0,1.3760605,0.79835755
123,6,0,1114,123,0,0,-5.0628643,0.0062876255
74,95,0,15752,74,0,0,-3.1613014,0.040648274
39,148,0,24434,39,0,0,-2.6099267,0.06850228
12,68,0,11221,12,0,0,-3.3136983,0.035104234
95,64,0,10654,95,0,0,-2.7243955,0.06154909
143,141,0,23408,143,0,0,-2.4319572,0.080768034
80,53,0,8825,80,0,0,-3.5319934,0.028415503
79,184,0,30439,79,0,0,4.8651257,0.99234813
94,62,0,10323,94,0,0,-3.5086098,0.029068246
29,127,1,20970,29,0,0,-3.3216166,0.03483701
124,102,0,16952,124,0,0,-4.291154,0.013504258
148,130,0,21599,148,0,0,-4.4259477,0.011821451
83,21,0,3546,83,0,0,-0.63172865,0.34711868
123,2,0,454,123,0,0,-4.4822493,0.01118151
118,194,0,32123,118,0,0,-4.8623114,0.007673256
53,211,1,34867,53,0,0,1.8879912,0.86852634
112,74,0,12318,112,0,0,-3.7546377,0.022873485
133,27,0,4594,133,0,0,-0.01220715,0.49694824
124,32,0,5402,124,0,0,-3.0338612,0.04591937
17,20,0,3318,17,0,0,-2.4062808,0.08269501
122,56,0,9363,122,0,0,0.87935096,0.7066877
157,136,0,22595,157,0,0,-0.15251437,0.46194515
59,52,0,8636,59,0,0,-7.675285,0.00046394297
122,27,0,4578,122,0,0,-0.4133244,0.39811528
121,110,0,18270,121,0,0,-2.2699933,0.09363878
70,39,0,6505,70,0,0,0.07911834,0.51976925
77,70,0,11604,77,0,0,-4.19622,0.014829155
110,127,0,21074,110,0,0,-3.679603,0.024611956
145,84,1,14006,145,0,0,3.8452191,0.9790659
55,25,0,4201,55,0,0,0.92449445,0.715957
27,119,0,19670,27,0,0,-3.3672307,0.033335432
41,30,0,4996,41,0,0,-2.0913932,0.10993617
74,124,1,20537,74,0,0,0.4566862,0.61222774
87,71,0,11802,87,0,0,-4.176741,0.015116431
25,95,0,15711,25,0,0,-5.0919995,0.0061081797
29,202,0,33345,29,0,0,-3.5296538,0.028480165
156,19,1,3288,156,0,0,-0.38728583,0.40437084
55,69,0,11461,55,0,0,0.9455525,0.72021985
60,203,0,33567,60,0,0,-5.332746,0.004807562
31,97,0,16024,31,0,0,-1.6143267,0.16598877
164,87,1,14516,164,0,0,0.3290136,0.58151937
90,122,0,20220,90,0,0,0.44903326,0.6104094
143,2,0,473,143,0,0,-3.7786336,0.022343267
61,59,0,9796,61,0,0,-3.0642896,0.044604547
85,47,1,7843,85,0,0,3.2551827,0.9628589
123,41,0,6889,123,0,0,0.36338937,0.5898607
5,125,1,20653,5,0,0,3.6558375,0.974811
19,127,0,20988,19,0,0,-4.2620344,0.013897732
15,211,1,34827,15,0,0,5.594698,0.9962962
110,201,0,33284,110,0,0,0.056808054,0.5141982
95,129,0,21379,95,0,0,0.51406026,0.6257578
132,178,0,29505,132,0,0,-4.6434546,0.009532646
55,62,0,10306,55,0,0,-3.3809433,0.03289637
121,148,0,24540,121,0,0,-1.4742014,0.18630485
1,178,0,29381,1,0,0,-3.5542681,0.027806958
157,48,0,8075,157,0,0,-0.5853366,0.35770556
117,94,0,15631,117,0,0,0.8446035,0.69943386
72,217,0,35870,72,0,0,-3.5868306,0.026940078
55,212,0,35056,55,0,0,0.638876,0.65449935
55,10,0,1726,55,0,0,-2.444802,0.0798195
32,24,0,3992,32,0,0,-2.147881,0.104529396
18,190,0,31388,18,0,0,0.5597468,0.63639396
16,138,0,22792,16,0,0,-6.878475,0.0010286537
10,4,0,690,10,0,0,-1.3687232,0.20282622
22,51,0,8418,22,0,0,-2.2637305,0.09417166
79,44,0,7339,79,0,0,-2.1812105,0.101450525
113,89,1,14786,113,0,0,1.1803966,0.7650191
138,77,0,12841,138,0,0,-4.250527,0.014056323
97,127,0,21051,97,0,0,-4.3691835,0.012503263
7,103,0,16995,7,0,0,-1.0802853,0.25345203
13,134,0,22149,13,0,0,0.3239271,0.580281
73,15,0,2544,73,0,0,-1.0254519,0.2639668
158,217,0,35963,158,0,0,-4.5108,0.010870206
55,167,0,27631,55,0,0,-4.926756,0.007197801
4,101,0,16673,4,0,0,-1.4888294,0.1840975
164,53,0,8906,164,0,0,-3.006446,0.047135517
3,12,0,1990,3,0,0,-1.016799,0.2656514
55,207,0,34231,55,0,0,-0.6339299,0.34661996
118,67,0,11168,118,0,0,-0.3241201,0.41967198
61,188,0,31081,61,0,0,0.4736359,0.61624396
153,172,0,28532,153,0,0,-5.412728,0.0044396603
92,155,0,25667,92,0,0,-2.174931,0.102024384
96,49,0,8184,96,0,0,-2.3358128,0.08820007
115,98,0,16274,115,0,0,-0.90694827,0.28762472
32,122,1,20162,32,0,0,-0.2864359,0.42887664
1,77,0,12716,1,0,0,-4.440533,0.011652275
22,131,0,21618,22,0,0,-3.0837054,0.043784417
148,96,0,15989,148,0,0,-2.1529365,0.10405714
120,87,0,14473,120,0,0,-0.5733848,0.36045617
117,203,0,33616,117,0,0,-5.4604015,0.0042338464
78,176,0,29118,78,0,0,-2.6354651,0.06689053
18,55,0,9113,18,0,0,-5.4713297,0.004188023
122,189,0,31308,122,0,0,-2.3954108,0.08352332
57,118,0,19544,57,0,0,-0.091748536,0.47707894
78,173,0,28623,78,0,0,1.8226049,0.8608784
80,121,0,20045,80,0,0,-3.2843447,0.03611218
8,122,0,20134,8,0,0,-0.19818145,0.45061615
12,202,0,33331,12,0,0,-5.7828517,0.0030704632
162,133,0,22108,162,0,0,-5.711687,0.0032961876
94,156,0,25833,94,0,0,2.2492685,0.90458745
25,137,0,22641,25,0,0,0.16298836,0.5406571
39,126,0,20804,39,0,0,-3.7171664,0.023726124
75,202,0,33397,75,0,0,-5.1495094,0.0057687787
48,38,0,6317,48,0,0,-4.574205,0.010209194
45,32,0,5322,45,0,0,-2.6156876,0.06813559
133,192,0,31819,133,0,0,-0.80779606,0.30836034
96,94,0,15609,96,0,0,0.9356751,0.71822524
81,184,0,30443,81,0,0,5.110341,0.99400216
21,150,0,24770,21,0,0,0.057388812,0.51434326
143,93,0,15488,143,0,0,0.26047543,0.5647532
76,214,0,35374,76,0,0,3.8293695,0.97873855
150,140,1,23256,150,0,0,-3.4214392,0.031632114
73,12,1,2049,73,0,0,0.2656828,0.5660327
29,206,0,34005,29,0,0,0.20122463,0.5501371
60,26,0,4362,60,0,0,-3.3630857,0.03346926
45,215,0,35517,45,0,0,3.5959477,0.9732979
46,206,1,34033,46,0,0,0.99038357,0.7291637
155,151,0,25066,155,0,0,-4.8318443,0.007908758
45,198,0,32712,45,0,0,-2.1308558,0.106133774
18,156,0,25778,18,0,0,1.7220175,0.84838855
161,116,0,19297,161,0,0,-2.7851777,0.05813042
71,150,0,24807,71,0,0,0.28234223,0.57012033
164,5,0,986,164,0,0,-6.0408735,0.0023738309
46,162,0,26773,46,0,0,-1.9884038,0.120425835
142,111,0,18455,142,0,0,-0.8714277,0.2949573
144,169,0,28030,144,0,0,1.7024205,0.8458506
60,176,0,29112,60,0,0,-2.309597,0.09033126
99,150,0,24848,99,0,0,0.24792814,0.5616665
104,89,1,14785,104,0,0,-0.054317296,0.486424
143,79,0,13178,143,0,0,-1.2344477,0.22540392
45,128,1,21162,45,0,0,-3.8305483,0.021236923
79,152,0,25159,79,0,0,-1.5550544,0.17435744
11,181,0,29896,11,0,0,-1.9374433,0.12592901
96,181,0,29964,96,0,0,-2.0997465,0.109121464
94,44,0,7353,94,0,0,-2.165392,0.10290164
86,177,0,29287,86,0,0,1.8692474,0.86637115
128,205,0,33951,128,0,0,1.5821388,0.82950723
115,10,0,1754,115,0,0,-2.121501,0.107024536
74,58,1,9647,74,0,0,-0.85920554,0.29750535
33,217,0,35831,33,0,0,-3.5027685,0.02923356
76,215,1,35539,76,0,0,5.146038,0.99421126
104,140,0,23200,104,0,0,-4.6776094,0.009215507
164,29,0,4946,164,0,0,-3.1437974,0.041336376
32,3,1,527,32,0,0,0.19632751,0.5489248
64,165,1,27288,64,0,0,0.59011656,0.6433919
9,87,0,14379,9,0,0,-0.16825098,0.4580362
93,213,0,35240,93,0,0,2.4984205,0.924031
151,40,0,6754,151,0,0,1.194721,0.7675843
55,141,0,23341,55,0,0,0.5736558,0.6396063
103,100,0,16617,103,0,0,-0.6467153,0.34373012
86,187,0,30937,86,0,0,2.7261372,0.9385514
73,198,1,32739,73,0,0,-1.5198534,0.17948312
12,156,0,25741,12,0,0,2.1153564,0.8923868
161,110,1,18307,161,0,0,-1.8227613,0.13910288
37,99,0,16356,37,0,0,-1.0243406,0.26418275
43,210,0,34698,43,0,0,-1.6470218,0.16151187
94,188,0,31113,94,0,0,0.16862679,0.5420571
80,32,0,5360,80,0,0,-3.0551834,0.044994216
8,192,0,31684,8,0,0,-0.68801576,0.33447462
0,65,0,10742,0,0,0,-4.2514944,0.01404292
11,45,0,7456,11,0,0,-3.3542118,0.033757515
27,170,0,28085,27,0,0,0.3707065,0.5916297
60,133,0,22017,60,0,0,-5.5316877,0.003943687
28,100,0,16534,28,0,0,-0.5892849,0.35679895
4,187,0,30863,4,0,0,2.5844808,0.92985606
46,27,1,4498,46,0,0,-0.57099813,0.36100653
54,48,0,7973,54,0,0,-0.6907678,0.33386227
100,123,0,20406,100,0,0,0.3169949,0.5785917
100,130,0,21561,100,0,0,-5.872466,0.0028080132
56,155,0,25635,56,0,0,-4.981997,0.006813605
75,70,0,11617,75,0,0,-4.403767,0.012083383
56,128,1,21180,56,0,0,-3.2575793,0.03705549
9,34,0,5634,9,0,0,-0.25874138,0.43567312
38,7,0,1184,38,0,0,-5.866626,0.0028244145
88,130,0,21535,88,0,0,-2.4157813,0.08197719
16,84,0,13882,16,0,0,2.89545,0.94762105
85,13,0,2233,85,0,0,-5.428705,0.0043695974
54,153,0,25298,54,0,0,0.6674947,0.66094196
11,73,0,12076,11,0,0,-5.0454106,0.0063976226
111,135,0,22389,111,0,0,0.10584739,0.52643716
133,202,0,33469,133,0,0,-4.7698336,0.008410456
112,162,0,26838,112,0,0,-1.8832595,0.13201493
48,37,0,6152,48,0,0,-2.851132,0.054622836
53,128,1,21172,53,0,0,-3.9180136,0.019493015
111,94,0,15624,111,0,0,0.5583856,0.6360789
143,197,0,32648,143,0,0,-5.2768354,0.005082607
128,107,0,17781,128,0,0,-1.3445776,0.20675829
157,157,0,26060,157,0,0,1.2509217,0.7774594
136,162,0,26862,136,0,0,-1.7695539,0.14559782
112,166,0,27498,112,0,0,1.415458,0.8046254
130,79,0,13165,130,0,0,-1.8198731,0.1394491
142,194,0,32150,142,0,0,-4.002692,0.01793872
30,127,0,20982,30,0,0,-3.7123542,0.023837848
139,105,1,17463,139,0,0,-1.140301,0.2422651
56,207,0,34215,56,0,0,-0.8285963,0.30394197
125,190,0,31477,125,0,0,1.138452,0.7573953
55,55,1,9151,55,0,0,-3.332523,0.034472153
149,173,0,28692,149,0,0,2.0037513,0.88119036
137,209,0,34622,137,0,0,-2.0458298,0.11447444
1,177,0,29216,1,0,0,1.6329513,0.83657354
9,20,0,3324,9,0,0,-1.4586406,0.18867533
74,199,1,32912,74,0,0,2.767383,0.94088763
8,147,0,24259,8,0,0,-1.0501254,0.25920102
111,81,0,13479,111,0,0,-1.8168116,0.1398169
127,192,0,31805,127,0,0,-0.4576341,0.38754722
9,140,0,23124,9,0,0,-4.563266,0.010320328
142,81,0,13505,142,0,0,-3.3133867,0.03511479
16,179,0,29557,16,0,0,-3.3160086,0.035026066
95,92,0,15274,95,0,0,-1.104444,0.24890815
138,45,0,7561,138,0,0,-3.8800194,0.020232612
30,86,0,14217,30,0,0,-7.7742834,0.00042023195
162,158,0,26233,162,0,0,-3.5053077,0.029161587
54,141,0,23318,54,0,0,0.15646547,0.53903675
64,20,1,3363,64,0,0,-1.1622269,0.23826288
1,115,0,18986,1,0,0,-1.737891,0.14958102
81,37,0,6188,81,0,0,-3.3532467,0.03378901
146,195,0,32319,146,0,0,-1.0208704,0.2648579
129,167,1,27683,129,0,0,-4.6598377,0.009379197
97,145,1,24021,97,0,0,3.7014303,0.9759066
48,56,1,9287,48,0,0,1.3175368,0.7887716
31,184,1,30379,31,0,0,5.5774403,0.99623203
22,114,0,18813,22,0,0,1.4197319,0.80529636
47,149,0,24634,47,0,0,-6.7677274,0.0011489842
63,103,0,17070,63,0,0,-0.342884,0.4151091
2,119,0,19641,2,0,0,-4.8862734,0.007492936
32,210,0,34682,32,0,0,-1.8075414,0.14093554
76,70,0,11614,76,0,0,-5.4887986,0.0041157966
141,119,0,19777,141,0,0,-2.4274666,0.081102066
89,188,0,31109,89,0,0,0.47369653,0.6162583
37,141,1,23286,37,0,0,2.3516705,0.9130669
99,86,0,14288,99,0,0,-7.6068373,0.00049679447
11,201,0,33196,11,0,0,0.39785844,0.598173
104,104,0,17260,104,0,0,0.934457,0.71797866
94,36,0,6033,94,0,0,-6.8169703,0.0010938357
157,33,0,5600,157,0,0,-3.6066542,0.026425261
134,32,0,5414,134,0,0,-3.3481712,0.0339551
58,212,0,35051,58,0,0,0.1931032,0.54812634
157,101,0,16820,157,0,0,-1.0541238,0.258434
16,36,0,5962,16,0,0,-8.494186,0.00020461282
50,88,0,14578,50,0,0,-3.7160087,0.023752956
60,95,0,15747,60,0,0,-4.2517343,0.0140396
113,9,0,1586,113,0,0,-0.6298212,0.34755108
67,75,0,12434,67,0,0,-0.441476,0.39138934
66,113,0,18700,66,0,0,-7.428367,0.00059380406
84,187,1,30941,84,0,0,2.208631,0.9010219
121,188,0,31140,121,0,0,0.39403468,0.59725356
31,86,0,14209,31,0,0,-8.115458,0.00029879395
43,55,1,9123,43,0,0,-2.724511,0.06154242
5,75,0,12403,5,0,0,-1.1955767,0.23226304
32,90,1,14882,32,0,0,0.7456539,0.678231
42,188,0,31060,42,0,0,0.0684222,0.5170989
84,135,0,22361,84,0,0,0.34881717,0.5863307
0,162,0,26747,0,0,0,-3.2721558,0.03653886
130,192,0,31810,130,0,0,-0.8003977,0.30994046
47,81,0,13414,47,0,0,-1.3460016,0.20652482
57,213,0,35219,57,0,0,2.1056623,0.8914523
111,125,1,20739,111,0,0,5.8006287,0.99698347
35,148,0,24445,35,0,0,-2.3897407,0.08395837
66,167,0,27610,66,0,0,-3.3938353,0.03248868
75,50,0,8317,75,0,0,-0.5292058,0.37070215
121,135,0,22395,121,0,0,0.29728618,0.573779
138,26,0,4426,138,0,0,-4.2448826,0.014134761
47,45,0,7474,47,0,0,-4.468916,0.011329895
78,63,0,10473,78,0,0,-4.1596966,0.015372298
138,191,0,31651,138,0,0,-2.5842857,0.070156634
162,24,0,4123,162,0,0,-1.7601392,0.1467729
78,65,0,10803,78,0,0,-2.5620046,0.07162414
49,35,1,5816,49,0,0,4.9117346,0.9926941
0,198,0,32687,0,0,0,-2.9845445,0.048129003
37,35,0,5796,37,0,0,4.6061697,0.9901088
132,129,0,21420,132,0,0,0.4415744,0.6086341
80,202,0,33410,80,0,0,-5.232131,0.0053137424
31,205,1,33844,31,0,0,4.4275136,0.98819685
49,100,1,16541,49,0,0,-0.0019398034,0.49951506
150,75,0,12531,150,0,0,-0.37290806,0.40783852
153,182,1,30182,153,0,0,4.5818996,0.9898683
128,184,0,30486,128,0,0,4.9783235,0.9931615
162,149,0,24748,162,0,0,-6.6750464,0.0012604233
59,41,0,6821,59,0,0,1.2699952,0.78074193
67,102,0,16889,67,0,0,-4.2930856,0.013478549
27,93,0,15380,27,0,0,0.86966413,0.7046758
64,191,0,31578,64,0,0,-3.3776546,0.033001162
58,145,0,23996,58,0,0,1.9044592,0.87039536
149,27,0,4602,149,0,0,-0.15271932,0.4618942
4,116,0,19148,4,0,0,-2.053177,0.11373174
16,208,1,34342,16,0,0,-6.478257,0.001534129
116,57,1,9507,116,0,0,4.744921,0.9913792
105,22,0,3746,105,0,0,-6.320215,0.0017963236
66,148,0,24475,66,0,0,-1.438098,0.19184007
20,55,0,9082,20,0,0,-5.329491,0.00482316
57,37,0,6179,57,0,0,-3.254449,0.03716735
83,99,0,16416,83,0,0,-0.40863365,0.39923978
121,56,1,9360,121,0,0,1.403338,0.80271304
154,27,0,4615,154,0,0,-0.6312444,0.3472284
21,95,0,15695,21,0,0,-4.4038873,0.012081948
94,57,1,9498,94,0,0,5.412885,0.99556106
27,8,0,1355,27,0,0,-2.59906,0.069198936
99,144,0,23858,99,0,0,-3.242628,0.03759269
19,137,1,22638,19,0,0,-0.17239374,0.45700797
7,164,0,27060,7,0,0,0.6412345,0.65503246
145,81,0,13511,145,0,0,-1.8986435,0.13026208
121,161,0,26685,121,0,0,-0.62888676,0.347763
12,2,0,331,12,0,0,-5.5092077,0.0040329834
25,63,0,10431,25,0,0,-4.1916285,0.014896383
141,189,0,31327,141,0,0,-1.2345097,0.2253931
69,199,1,32897,69,0,0,2.687109,0.93626165
70,90,0,14920,70,0,0,1.899502,0.86983514
155,197,0,32656,155,0,0,-4.9757996,0.0068556727
115,131,0,21719,115,0,0,-3.0780504,0.04402179
119,191,0,31620,119,0,0,-3.5128036,0.028950118
65,41,0,6831,65,0,0,0.57982635,0.64102745
162,160,0,26563,162,0,0,0.5452059,0.6330226
134,116,0,19274,134,0,0,-1.0240966,0.2642302
60,169,0,27957,60,0,0,1.4383454,0.8081983
6,69,1,11401,6,0,0,0.9221218,0.71547425
5,16,1,2668,5,0,0,-5.067609,0.0062580504
60,36,0,6012,60,0,0,-5.761499,0.003136523
129,205,1,33953,129,0,0,2.412322,0.9177621
91,54,0,9001,91,0,0,-4.461315,0.011415352
132,199,1,32970,132,0,0,3.097803,0.956802
60,177,0,29277,60,0,0,1.6930013,0.84461844
67,166,0,27449,67,0,0,1.3853605,0.7998505
115,140,1,23204,115,0,0,-3.9177294,0.019498447
94,194,0,32103,94,0,0,-2.0303686,0.11605111
0,2,0,347,0,0,0,-6.589548,0.0013727739
29,38,0,6285,29,0,0,-3.9036577,0.019769302
99,6,0,1088,99,0,0,-5.1694098,0.0056557558
71,166,0,27447,71,0,0,1.4250352,0.8061266
129,162,0,26858,129,0,0,-1.3476279,0.20625846
89,157,0,25994,89,0,0,1.4655864,0.8123856
59,211,0,34871,59,0,0,4.3441887,0.98718435
26,5,0,834,26,0,0,-5.683166,0.0033912286
24,29,0,4822,24,0,0,-3.0304048,0.046071034
11,187,0,30886,11,0,0,2.1561098,0.8962383
85,55,0,9163,85,0,0,-3.150988,0.04105236
59,126,0,20846,59,0,0,-4.840796,0.007838829
61,91,0,15076,61,0,0,-3.3669665,0.03334395
19,71,0,11748,19,0,0,-3.6167758,0.026166108
143,8,0,1463,143,0,0,-2.541733,0.07298384
120,184,1,30478,120,0,0,5.1594906,0.9942882
150,66,0,11046,150,0,0,0.54863113,0.633818
139,46,0,7728,139,0,0,-3.3620708,0.033502106
122,134,0,22233,122,0,0,-0.79531235,0.31102914
134,86,0,14324,134,0,0,-7.969099,0.0003458709
133,74,0,12349,133,0,0,-3.5662134,0.027485847
140,151,0,25056,140,0,0,-5.095212,0.0060887085
67,194,0,32069,67,0,0,-3.4944239,0.029471306
163,189,0,31347,163,0,0,-1.4996052,0.18248442
139,208,0,34458,139,0,0,-5.7528915,0.0031635512
79,116,0,19219,79,0,0,-1.3074286,0.21291745
77,154,0,25464,77,0,0,-2.2491016,0.095426984
74,62,0,10307,74,0,0,-3.3400278,0.03422324
114,83,0,13802,114,0,0,-7.463334,0.0005734111
27,152,1,25115,27,0,0,-1.2255082,0.22696856
82,41,0,6849,82,0,0,0.5907974,0.6435481
137,112,0,18617,137,0,0,-0.7413093,0.3227179
107,205,0,33934,107,0,0,3.7028031,0.9759389
85,40,0,6688,85,0,0,0.8983118,0.71060246
149,128,0,21267,149,0,0,-2.7872264,0.05801835
160,91,1,15179,160,0,0,-3.539979,0.028195864
136,131,0,21747,136,0,0,-3.8889406,0.020056522
155,177,0,29356,155,0,0,1.891962,0.8689791
23,14,0,2315,23,0,0,1.2259398,0.7731072
72,16,0,2705,72,0,0,-4.4715533,0.01130039
44,127,0,20999,44,0,0,-3.986683,0.018222943
67,183,1,30254,67,0,0,-0.39467186,0.40259317
51,98,0,16220,51,0,0,-1.0730462,0.25482422
151,18,0,3124,151,0,0,-5.6303983,0.0035743248
123,157,0,26029,123,0,0,1.4677081,0.8127088
131,199,1,32966,131,0,0,3.211392,0.96126074
2,11,0,1821,2,0,0,-3.726931,0.023500992
67,149,0,24644,67,0,0,-5.193588,0.0055213966
77,117,0,19359,77,0,0,-4.163814,0.015310099
84,52,0,8666,84,0,0,-5.8643174,0.0028309233
15,24,0,3972,15,0,0,-2.8965597,0.052323893
146,23,0,3939,146,0,0,0.08553648,0.52137107
103,7,0,1272,103,0,0,-5.54188,0.0039038516
108,2,0,440,108,0,0,-4.5739245,0.0102120275
12,105,1,17326,12,0,0,-1.074866,0.25447878
54,136,0,22493,54,0,0,-0.061428994,0.48464757
134,193,1,31979,134,0,0,1.4849384,0.81531733
35,18,0,2995,35,0,0,-5.2365694,0.0052903346
150,91,0,15171,150,0,0,-3.4806662,0.029867372
96,14,1,2409,96,0,0,1.5450037,0.8241909
59,85,0,14081,59,0,0,-1.368737,0.20282398
75,55,0,9142,75,0,0,-3.2341046,0.037902284
50,176,0,29098,50,0,0,-2.6218915,0.06774274
40,160,0,26445,40,0,0,0.9671628,0.72455364
2,183,0,30201,2,0,0,-0.4103021,0.39883968
86,11,0,1897,86,0,0,-3.1301575,0.041880287
115,108,0,17924,115,0,0,-8.951625,0.00012950975
159,192,0,31839,159,0,0,-0.90051365,0.28894496
162,2,0,493,162,0,0,-4.4811563,0.0111936005
70,122,0,20200,70,0,0,0.5711767,0.6390346
27,120,0,19835,27,0,0,0.13728952,0.53426856
142,198,0,32810,142,0,0,-1.611505,0.16637976
158,87,0,14513,158,0,0,-0.7801446,0.31428874
55,7,1,1231,55,0,0,-4.8160443,0.008033697
93,82,0,13625,93,0,0,-2.477624,0.07744179
130,184,1,30490,130,0,0,4.8158913,0.99196506
64,78,0,12933,64,0,0,-4.1538982,0.015460308
125,158,0,26197,125,0,0,-2.984134,0.048147816
93,33,0,5540,93,0,0,-3.9140177,0.019569535
149,205,0,33972,149,0,0,3.7352667,0.9766895
134,95,0,15809,134,0,0,-3.4403443,0.03105812
1,2,0,341,1,0,0,-4.943596,0.0070784558
110,192,0,31799,110,0,0,-0.5328492,0.3698526
32,45,0,7457,32,0,0,-3.3590114,0.03360131
122,130,0,21573,122,0,0,-5.530096,0.0039499444
99,167,0,27653,99,0,0,-4.7125235,0.008902123
30,39,0,6462,30,0,0,0.3216762,0.5797327
40,204,0,33705,40,0,0,-3.0127783,0.04685192
130,122,1,20260,130,0,0,0.44864005,0.61031586
97,74,0,12306,97,0,0,-3.6020336,0.026544394
87,114,0,18897,87,0,0,0.7327733,0.67541355
110,88,0,14639,110,0,0,-3.023219,0.046387866
154,75,1,12535,154,0,0,-0.23595025,0.4412846
87,135,0,22362,87,0,0,0.2858099,0.57097
89,0,0,89,89,0,0,-4.7128286,0.008899432
104,128,0,21220,104,0,0,-2.477753,0.07743257
69,22,0,3692,69,0,0,-6.9631147,0.0009452506
2,4,0,666,2,0,0,-1.0071497,0.26753804
27,161,0,26600,27,0,0,-1.3916495,0.19914456
142,146,0,24230,142,0,0,0.09199023,0.52298135
5,97,0,16033,5,0,0,-1.7088952,0.15330707
146,108,0,17964,146,0,0,-3.3866353,0.032715764
82,91,0,15099,82,0,0,-4.3729753,0.012456533
78,179,0,29613,78,0,0,-3.7282758,0.023470154
156,111,0,18468,156,0,0,0.028985322,0.50724584
27,105,0,17360,27,0,0,-0.8288001,0.30389884
54,162,0,26783,54,0,0,-1.7386081,0.14948982
70,163,0,26965,70,0,0,-2.7434864,0.060455568
55,46,0,7666,55,0,0,-3.5570602,0.027731575
15,29,1,4797,15,0,0,-4.4743624,0.011269048
158,193,1,32003,158,0,0,2.7887964,0.9420674
137,64,0,10697,137,0,0,-3.374054,0.03311626
74,187,1,30932,74,0,0,2.0817053,0.8891123
86,42,0,7012,86,0,0,0.3940645,0.5972608
129,133,1,22073,129,0,0,-5.238523,0.005280064
128,0,0,126,128,0,0,-4.454549,0.011491964
2,112,0,18486,2,0,0,-2.7057123,0.06263713
21,62,0,10250,21,0,0,-3.3980117,0.032357663
94,54,0,9003,94,0,0,-3.8198752,0.02145991
130,150,0,24880,130,0,0,-0.31128854,0.42280024
103,6,0,1107,103,0,0,-5.3852415,0.0045628184
6,189,0,31201,6,0,0,-0.49658522,0.3783435
162,53,0,8908,162,0,0,-2.6995854,0.062997825
18,90,0,14888,18,0,0,0.92541486,0.71614414
26,54,0,8919,26,0,0,-3.3429508,0.03412676
144,190,0,31495,144,0,0,0.42768568,0.6053209
34,160,1,26413,34,0,0,1.7675536,0.85415316
63,89,0,14760,63,0,0,-0.029453218,0.49263722
146,54,0,9054,146,0,0,-3.599676,0.026605386
38,92,0,15209,38,0,0,-3.330113,0.034552462
151,139,0,23089,151,0,0,-1.7264674,0.15104
51,41,0,6815,51,0,0,0.13853404,0.5345782
26,11,0,1824,26,0,0,-3.0183437,0.04660401
85,83,0,13783,85,0,0,-7.192537,0.0007516132
92,79,0,13127,92,0,0,-1.5714812,0.17200534
143,72,0,12023,143,0,0,-0.939171,0.28106782
163,148,0,24582,163,0,0,-2.1253014,0.10666188
70,141,1,23335,70,0,0,1.3243811,0.78990966
114,82,0,13637,114,0,0,-2.9652004,0.049022995
49,133,0,21986,49,0,0,-7.2751884,0.00069203036
103,24,0,4077,103,0,0,-2.3709614,0.08541401
164,163,0,27056,164,0,0,-2.7612796,0.059452772
77,185,0,30579,77,0,0,0.3348682,0.5829434
88,117,0,19390,88,0,0,-5.840514,0.0028989192
4,147,0,24263,4,0,0,-1.3627329,0.20379649
144,188,0,31165,144,0,0,0.29296803,0.5727226
16,201,0,33187,16,0,0,1.4463866,0.8094417
101,161,0,26671,101,0,0,-1.0885825,0.2518853
105,87,1,14471,105,0,0,-0.62514424,0.34861237
38,18,0,2999,38,0,0,-5.82092,0.0029561117
33,60,0,9926,33,0,0,2.7309928,0.93883085
44,69,1,11429,44,0,0,1.9031041,0.8702424
92,151,0,25007,92,0,0,-5.182481,0.00558272
125,214,1,35437,125,0,0,4.4753556,0.988742
158,100,1,16658,158,0,0,-0.229197,0.44295028
14,144,0,23762,14,0,0,-4.4182606,0.011911587
107,17,0,2914,107,0,0,-1.6757784,0.15765528
68,56,0,9308,68,0,0,1.3476839,0.7937507
18,134,0,22148,18,0,0,-0.5797031,0.35900092
146,214,1,35454,146,0,0,2.4990206,0.92407316
145,41,0,6911,145,0,0,0.23729551,0.55904704
108,79,0,13145,108,0,0,-2.1887486,0.10076543
154,83,0,13855,154,0,0,-6.2496314,0.0019274437
21,173,0,28565,21,0,0,2.0402977,0.8849636
65,183,0,30261,65,0,0,0.07895154,0.51972765
4,128,0,21128,4,0,0,-3.551951,0.027869668
147,30,0,5098,147,0,0,-1.7846107,0.14373474
54,21,0,3518,54,0,0,-0.40530145,0.4000393
101,109,0,18091,101,0,0,0.053497076,0.5133711
142,83,0,13835,142,0,0,-6.7517223,0.0011675
20,151,0,24922,20,0,0,-5.754889,0.0031572583
50,188,0,31078,50,0,0,0.42538393,0.60477084
32,13,0,2177,32,0,0,-4.7199035,0.008837246
115,49,0,8189,115,0,0,-2.29511,0.09152876
31,65,0,10744,31,0,0,-3.8852305,0.020129569
34,77,0,12718,34,0,0,-5.9935036,0.0024886986
121,7,0,1275,121,0,0,-5.292339,0.005004808
10,75,1,12405,10,0,0,-0.16226763,0.45952186
30,212,0,35007,30,0,0,0.03461729,0.50865346
56,162,0,26790,56,0,0,-1.584203,0.17020106
43,69,0,11433,43,0,0,1.1598561,0.7613066
161,193,1,32002,161,0,0,0.92482036,0.71602327
136,207,0,34287,136,0,0,-0.8301693,0.30360928
156,95,0,15828,156,0,0,-3.1174195,0.04239441
139,65,0,10863,139,0,0,-3.3751187,0.03308218
116,89,1,14787,116,0,0,1.0385478,0.7385697
143,152,0,25223,143,0,0,-1.5987775,0.16815254
116,97,0,16107,116,0,0,-1.5495353,0.1751534
13,30,0,4989,13,0,0,-2.2318861,0.096923426
111,6,0,1104,111,0,0,-4.9533086,0.007010517
55,60,0,9976,55,0,0,3.3194532,0.96509016
24,83,0,13732,24,0,0,-6.431286,0.0016077897
92,107,1,17747,92,0,0,-1.0851374,0.25253505
46,43,0,7138,46,0,0,-7.6455727,0.00047792788
17,178,0,29388,17,0,0,-5.6707826,0.0034333398
23,22,0,3635,23,0,0,-6.796198,0.0011167694
114,6,0,1097,114,0,0,-4.9036083,0.0073651145
67,181,0,29924,67,0,0,-1.9448729,0.1251135
164,39,0,6596,164,0,0,0.27188855,0.5675565
69,36,0,6002,69,0,0,-6.1044693,0.0022278915
78,153,0,25323,78,0,0,0.44243735,0.60883963
164,61,0,10226,164,0,0,-2.9895575,0.047899865
108,4,1,770,108,0,0,-0.8356349,0.30245492
22,41,0,6768,22,0,0,1.000835,0.7312227
127,147,0,24380,127,0,0,-1.002481,0.2684539
159,122,0,20289,159,0,0,0.31006783,0.5769018
1,98,0,16181,1,0,0,-0.637842,0.3457345
142,71,0,11855,142,0,0,-2.0650082,0.11254465
24,133,0,21982,24,0,0,-5.8290286,0.0029323087
75,40,0,6667,75,0,0,0.060497314,0.51511973
111,211,0,34929,111,0,0,5.6647615,0.996546
119,68,0,11325,119,0,0,-2.5360703,0.073367886
129,113,0,18773,129,0,0,-7.237358,0.00071869243
146,137,1,22749,146,0,0,0.5012104,0.6227437
122,179,0,29658,122,0,0,-3.0885627,0.043581504
59,155,0,25631,59,0,0,-3.1566434,0.040830307
88,149,0,24670,88,0,0,-5.644739,0.003523611
148,11,0,1964,148,0,0,-3.208322,0.038853746
1,14,0,2321,1,0,0,-0.7194689,0.32750994
77,22,0,3684,77,0,0,-5.740135,0.0032040349
63,180,1,29775,63,0,0,-1.2468956,0.22323799
104,1,0,265,104,0,0,-2.666678,0.06496848
58,93,0,15416,58,0,0,0.614431,0.64895093
149,148,0,24567,149,0,0,-1.4468038,0.19049396
52,40,0,6651,52,0,0,0.80096096,0.69018
39,30,0,4964,39,0,0,-2.4766812,0.077509165
133,186,0,30829,133,0,0,-5.3984494,0.004503219
120,129,1,21403,120,0,0,0.6125369,0.6485193
14,58,0,9572,14,0,0,-0.5704423,0.36113477
122,117,0,19428,122,0,0,-4.563964,0.0103132
114,57,1,9512,114,0,0,4.419582,0.9881039
10,147,0,24285,10,0,0,-1.4280536,0.19340214
127,23,0,3920,127,0,0,-0.069296,0.48268294
156,161,0,26718,156,0,0,-1.0186149,0.2652973
107,14,0,2419,107,0,0,1.6606243,0.8403218
58,151,0,24986,58,0,0,-4.960529,0.006960433
77,152,0,25134,77,0,0,-1.5180602,0.17974734
81,1,0,248,81,0,0,-2.315147,0.08987624
103,145,1,24042,103,0,0,2.0155668,0.88242185
78,56,1,9318,78,0,0,1.7532532,0.85236263
143,55,0,9218,143,0,0,-3.899167,0.01985651
68,202,0,33398,68,0,0,-5.6982784,0.0033405342
145,133,0,22091,145,0,0,-5.1247673,0.005912436
97,138,0,22866,97,0,0,-6.3440533,0.0017540833
47,67,0,11104,47,0,0,-0.24793011,0.43833303
102,217,0,35920,102,0,0,-3.701775,0.024085263
43,84,0,13908,43,0,0,3.6129434,0.97373605
123,71,0,11839,123,0,0,-3.9339192,0.019191323
11,42,0,6961,11,0,0,0.5747835,0.63986623
129,8,0,1448,129,0,0,-2.5530524,0.07222169
69,58,1,9632,69,0,0,-1.1452575,0.24135639
67,20,0,3359,67,0,0,-2.7235613,0.06159729
48,138,0,22817,48,0,0,-7.0086,0.0009032566
163,153,1,25407,163,0,0,0.3781063,0.5934163
68,121,0,20033,68,0,0,-2.8427749,0.055056
105,194,0,32126,105,0,0,-2.0829842,0.1107617
44,115,0,19019,44,0,0,-1.3187604,0.21102461
140,134,1,22251,140,0,0,-0.6258542,0.34845117
37,12,0,2001,37,0,0,-0.749726,0.320881
151,197,0,32659,151,0,0,-3.5284631,0.028513128
143,12,0,2123,143,0,0,1.249368,0.77719045
143,78,0,13013,143,0,0,-4.0180945,0.017669383
143,129,0,21428,143,0,0,0.16942513,0.5422553
156,21,1,3618,156,0,0,-0.3462788,0.4142851
65,61,0,10131,65,0,0,-2.7027287,0.06281253
15,181,0,29877,15,0,0,-2.0391037,0.11515803
29,109,1,18000,29,0,0,0.18363112,0.5457792
127,90,0,14975,127,0,0,-0.22253513,0.44459468
51,74,0,12260,51,0,0,-3.3707206,0.033223156
120,169,0,28003,120,0,0,1.5472488,0.824516
86,112,0,18562,86,0,0,-0.64129794,0.3449532
64,161,0,26628,64,0,0,-0.9317619,0.28256738
92,145,0,24017,92,0,0,2.9464746,0.9500966
108,200,1,33110,108,0,0,-0.15115535,0.46228296
100,212,0,35091,100,0,0,-0.0116164535,0.4970959
59,132,0,21836,59,0,0,-1.085547,0.25245774
108,74,0,12320,108,0,0,-3.730826,0.023411777
57,140,0,23174,57,0,0,-4.2292814,0.014353819
42,85,0,14065,42,0,0,-1.6878018,0.15606514
162,58,0,9733,162,0,0,-0.75153303,0.32048735
47,198,1,32719,47,0,0,-1.8925457,0.13095449
61,169,0,27946,61,0,0,1.7949073,0.85752785
154,89,0,14845,154,0,0,0.8016946,0.6903368
65,179,0,29601,65,0,0,-5.314153,0.0048973425
99,151,0,25013,99,0,0,-5.1160173,0.005964087
139,140,0,23238,139,0,0,-3.8891242,0.020052914
82,1,0,249,82,0,0,-2.7898924,0.05787282
101,77,0,12811,101,0,0,-4.5665097,0.010287248
137,188,0,31157,137,0,0,0.31025404,0.5769473
155,36,0,6091,155,0,0,-7.3150806,0.00066498516
5,8,0,1348,5,0,0,-2.5466251,0.07265354
56,63,0,10455,56,0,0,-3.2784042,0.036319528
107,96,0,15949,107,0,0,-1.9333801,0.12637693
162,157,0,26068,162,0,0,2.1236763,0.8931832
160,114,0,18974,160,0,0,0.27756816,0.56894994
58,120,0,19871,58,0,0,0.0754852,0.51886237
53,134,0,22162,53,0,0,-0.65146476,0.34265953
143,124,0,20603,143,0,0,0.047700346,0.51192284
60,2,0,402,60,0,0,-4.970865,0.006889354
125,113,0,18772,125,0,0,-7.355975,0.0006383565
38,200,0,33029,38,0,0,-0.16537398,0.4587505
149,200,0,33147,149,0,0,0.071998626,0.5179919
152,25,0,4275,152,0,0,0.15843683,0.5395266
100,38,0,6381,100,0,0,-4.5043926,0.010939314
42,122,0,20170,42,0,0,0.14740187,0.5367839
1,40,0,6611,1,0,0,0.7795066,0.68557376
0,103,0,17012,0,0,0,-0.44458562,0.39064884
49,135,0,22316,49,0,0,-1.2609854,0.22080432
58,156,0,25811,58,0,0,2.3167791,0.91025716
16,174,1,28732,16,0,0,2.3744223,0.91485596
20,36,0,5947,20,0,0,-7.7660484,0.00042370538
149,33,0,5592,149,0,0,-3.749061,0.022998458
95,197,0,32599,95,0,0,-3.628853,0.025860116
60,201,0,33237,60,0,0,0.05573064,0.51392907
61,127,0,21016,61,0,0,-4.0393677,0.017303906
73,78,0,12939,73,0,0,-5.3502054,0.0047247466
89,192,0,31769,89,0,0,-1.0337136,0.26236477
1,128,1,21131,1,0,0,-3.2790449,0.036297113
2,164,0,27066,2,0,0,0.28074574,0.56972903
114,7,0,1262,114,0,0,-5.121771,0.005930074
112,26,0,4398,112,0,0,-3.6336503,0.025739541
118,157,1,26018,118,0,0,1.3866856,0.8000626
104,153,0,25345,104,0,0,0.09964931,0.52489173
73,100,1,16569,73,0,0,-0.07766181,0.4805943
107,45,0,7534,107,0,0,-4.4078074,0.012035248
51,105,0,17375,51,0,0,-0.7167817,0.32810208
78,109,0,18063,78,0,0,0.160438,0.5400237
77,103,0,17049,77,0,0,0.056507677,0.51412314
76,120,0,19864,76,0,0,0.003250748,0.5008127
99,188,0,31118,99,0,0,0.38706076,0.5955749
8,4,0,664,8,0,0,-1.9162793,0.12827705
33,77,0,12731,33,0,0,-4.8674636,0.0076341247
118,172,0,28493,118,0,0,-5.330542,0.004818118
24,195,0,32212,24,0,0,-2.0270443,0.11639256
128,143,0,23721,128,0,0,-2.0611587,0.11292971
88,175,1,28960,88,0,0,-0.20437413,0.44908357
47,91,0,15064,47,0,0,-1.3695846,0.20268698
10,49,0,8115,10,0,0,-2.5552053,0.072077565
125,74,0,12337,125,0,0,-3.786908,0.022163235
25,140,0,23136,25,0,0,-5.6142316,0.0036323678
44,125,1,20669,44,0,0,5.828865,0.9970672
18,86,0,14228,18,0,0,-7.5997763,0.00050031295
15,156,1,25752,15,0,0,2.1070597,0.89158744
26,87,0,14364,26,0,0,-0.9752914,0.27382708
92,115,0,19067,92,0,0,-1.8128352,0.14029582
7,111,0,18315,7,0,0,-0.09620148,0.47596815
84,215,1,35561,84,0,0,3.6195507,0.9739045
86,198,0,32752,86,0,0,-1.8375261,0.13734414
120,195,0,32293,120,0,0,-0.50881577,0.37547117
15,121,1,19977,15,0,0,-4.233884,0.01428885
105,121,0,20081,105,0,0,-3.2634687,0.03684591
73,183,1,30264,73,0,0,0.18101984,0.5451318
141,150,0,24892,141,0,0,1.0802994,0.7465506
33,173,0,28571,33,0,0,1.7392211,0.8505881
160,207,0,34319,160,0,0,-1.0531123,0.25862792
163,20,0,3462,163,0,0,-1.7446492,0.14872336
130,33,0,5575,130,0,0,-3.9037466,0.019767577
6,158,0,26086,6,0,0,-3.513239,0.028937882
97,105,1,17421,97,0,0,-1.8331053,0.13786876
153,154,0,25562,153,0,0,-2.276831,0.093060076
17,100,0,16518,17,0,0,-1.4813838,0.1852185
44,48,1,7964,44,0,0,-0.63094944,0.34729528
93,207,0,34250,93,0,0,-1.1593311,0.23878886
96,105,0,17424,96,0,0,-1.7953691,0.14241572
112,212,1,35088,112,0,0,0.02760692,0.50690126
89,92,0,15269,89,0,0,-1.1549872,0.23957932
23,180,0,29705,23,0,0,-1.6609225,0.1596382
101,174,1,28816,101,0,0,3.170412,0.95970553
22,155,0,25578,22,0,0,-2.8146327,0.05653856
113,199,0,32936,113,0,0,2.8170822,0.94359195
160,61,0,10229,160,0,0,-3.3283281,0.034612052
67,164,1,27119,67,0,0,0.6448548,0.65585005
46,170,0,28093,46,0,0,0.26331025,0.56544983
17,189,0,31203,17,0,0,-2.5175767,0.07463514
26,177,0,29214,26,0,0,1.5674098,0.82741404
26,106,1,17499,26,0,0,-1.1013649,0.24948426
149,104,0,17307,149,0,0,1.0136971,0.7337431
43,173,0,28593,43,0,0,1.7985411,0.85797125
115,166,0,27494,115,0,0,1.5684199,0.8275582
120,9,0,1603,120,0,0,-1.1808205,0.2349047
155,55,0,9226,155,0,0,-4.476275,0.011247758
15,149,0,24597,15,0,0,-4.5926557,0.010024425
151,129,0,21439,151,0,0,0.24325913,0.56051666
71,30,0,5007,71,0,0,-2.5279653,0.073920816
107,83,0,13804,107,0,0,-6.8321056,0.0010774225
113,168,0,27821,113,0,0,-0.5979095,0.3548221
161,211,0,34972,161,0,0,2.252645,0.90487844
57,167,0,27629,57,0,0,-4.2223234,0.0144525925
133,125,0,20764,133,0,0,3.426363,0.9685184
90,166,0,27480,90,0,0,1.2029486,0.7690489
96,4,0,759,96,0,0,-0.92768174,0.28339526
95,130,0,21544,95,0,0,-4.1496572,0.015524995
80,159,0,26315,80,0,0,-5.451044,0.0042734803
24,26,0,4327,24,0,0,-2.2545028,0.09496177
15,189,0,31197,15,0,0,-1.8767979,0.1327571
84,70,0,11636,84,0,0,-5.2590747,0.005173213
42,38,0,6310,42,0,0,-5.1942844,0.0055175726
1,202,1,33341,1,0,0,-4.781741,0.008311729
95,12,0,2074,95,0,0,-0.3386588,0.4161353
49,183,1,30236,49,0,0,-3.2434382,0.03756339
15,184,1,30372,15,0,0,3.5524833,0.9721447
2,155,0,25581,2,0,0,-3.500423,0.029300198
52,6,0,1041,52,0,0,-5.371514,0.0046255956
2,104,0,17166,2,0,0,0.9089057,0.7127762
7,132,0,21780,7,0,0,-1.05251,0.2587434
19,62,0,10263,19,0,0,-3.2689757,0.036650974
38,128,0,21149,38,0,0,-3.236974,0.03779779
10,20,0,3330,10,0,0,-1.6475601,0.16143897
9,195,0,32199,9,0,0,-1.4862368,0.18448724
29,123,0,20310,29,0,0,0.4273659,0.6052445
24,170,0,28087,24,0,0,-0.07665992,0.4808444
75,86,0,14257,75,0,0,-7.7737722,0.00042044674
142,4,1,800,142,0,0,-0.47347558,0.38379395
39,210,0,34664,39,0,0,-1.2225432,0.2274892
26,3,0,504,26,0,0,1.5949748,0.83131486
23,146,0,24095,23,0,0,-0.16100568,0.45983532
38,54,0,8939,38,0,0,-2.7740383,0.058743328
134,24,0,4094,134,0,0,-2.954321,0.04953269
74,208,0,34397,74,0,0,-5.5457096,0.0038889884
82,96,0,15924,82,0,0,-2.0720677,0.11184148
87,102,0,16917,87,0,0,-4.693361,0.009072794
41,86,0,14236,41,0,0,-7.436429,0.00058903894
100,34,0,5721,100,0,0,-0.762227,0.31816295
121,43,0,7215,121,0,0,-7.5661917,0.0005173923
93,50,0,8345,93,0,0,-0.49295437,0.37919784
143,33,0,5588,143,0,0,-3.9347715,0.019175285
106,155,0,25678,106,0,0,-2.5500653,0.0724221
68,32,0,5348,68,0,0,-3.3156502,0.03503818
117,200,0,33121,117,0,0,0.5703904,0.63885325
77,20,0,3354,77,0,0,-1.4070888,0.19669364
25,183,1,30231,25,0,0,-2.0566688,0.113380276
40,82,0,13575,40,0,0,-3.2586246,0.03701821
136,119,0,19767,136,0,0,-3.720985,0.023637837
127,172,0,28505,127,0,0,-5.4700785,0.0041932445
39,113,0,18659,39,0,0,-9.668533,6.323854e-05
102,213,0,35260,102,0,0,2.2287073,0.902798
45,15,0,2517,45,0,0,-1.937643,0.12590702
121,120,0,19920,121,0,0,0.0071581006,0.5017895
107,87,0,14464,107,0,0,-0.48422176,0.38125572
72,81,0,13430,72,0,0,-1.976557,0.12168634
34,71,0,11728,34,0,0,-4.6005173,0.009946707
138,167,0,27691,138,0,0,-5.793362,0.0030384578
84,188,0,31106,84,0,0,0.40108126,0.5989474
66,85,0,14080,66,0,0,-2.0456316,0.114494525
148,113,0,18794,148,0,0,-8.249968,0.0002611988
108,55,0,9185,108,0,0,-2.9877944,0.04798034
123,136,0,22564,123,0,0,0.08665645,0.52165055
155,171,0,28366,155,0,0,0.13919008,0.53474146
100,6,0,1101,100,0,0,-4.5416794,0.010543155
112,46,0,7698,112,0,0,-4.145896,0.015582587
53,74,0,12262,53,0,0,-3.590708,0.026838621
30,217,0,35832,30,0,0,-3.9085145,0.019675402
113,179,0,29636,113,0,0,-3.8849425,0.02013525
12,216,0,35641,12,0,0,1.2734709,0.7813363
61,28,0,4681,61,0,0,-6.911751,0.0009950214
101,160,0,26506,101,0,0,1.017488,0.734483
34,136,1,22453,34,0,0,-0.56411004,0.36259702
68,22,0,3698,68,0,0,-6.4951067,0.0015085349
91,19,1,3226,91,0,0,-0.31961042,0.4207707
124,169,0,28007,124,0,0,1.1284702,0.75555646
36,30,0,4973,36,0,0,-2.5234842,0.07422816
60,65,1,10797,60,0,0,-3.790298,0.022089884
34,215,0,35488,34,0,0,2.3987901,0.916735
39,108,0,17834,39,0,0,-6.557147,0.0014179177
152,107,0,17805,152,0,0,-0.91594636,0.28578457
132,211,1,34950,132,0,0,1.3367469,0.79195446
156,103,0,17148,156,0,0,-0.32622635,0.41915908
89,215,1,35564,89,0,0,3.791289,0.9779315
74,71,0,11792,74,0,0,-3.5230608,0.028663155
74,134,0,22187,74,0,0,-0.7193564,0.3275347
88,82,0,13615,88,0,0,-1.4870327,0.18436752
7,95,0,15675,7,0,0,-3.4148319,0.031835135
136,201,1,33297,136,0,0,0.93519634,0.7181283
100,104,0,17271,100,0,0,0.93467945,0.71802366
140,40,0,6741,140,0,0,1.2001977,0.76855993
85,202,0,33418,85,0,0,-6.520752,0.0014703962
83,183,0,30276,83,0,0,0.15778309,0.53936416
73,32,1,5349,73,0,0,-3.0971954,0.04322309
80,19,0,3215,80,0,0,-0.22278184,0.44453377
140,31,0,5256,140,0,0,0.095558435,0.5238714
24,18,0,3007,24,0,0,-5.3775444,0.0045979125
34,10,0,1663,34,0,0,-2.751688,0.05999139
44,108,0,17864,44,0,0,-5.6794977,0.003403649
140,217,0,35946,140,0,0,-3.9335287,0.019198675
36,11,0,1838,36,0,0,-3.265687,0.03676727
90,186,0,30780,90,0,0,-5.0353613,0.006461821
143,41,0,6908,143,0,0,2.1380434,0.89454615
29,119,0,19650,29,0,0,-2.8536153,0.05449474
129,83,0,13823,129,0,0,-6.960593,0.00094763486
33,107,0,17681,33,0,0,-1.138562,0.24258448
139,187,1,30993,139,0,0,2.3259752,0.91100556
46,163,0,26938,46,0,0,-2.2563179,0.09480589
80,171,0,28295,80,0,0,0.4766171,0.6169487
88,185,0,30610,88,0,0,0.4293571,0.60572016
160,202,1,33494,160,0,0,-5.414565,0.004431547
87,39,0,6522,87,0,0,0.12090865,0.5301904
97,108,0,17916,97,0,0,-5.7194824,0.0032706764
75,121,0,20032,75,0,0,-1.9840357,0.12088928
41,25,1,4171,41,0,0,0.7930431,0.6884844
33,150,0,24776,33,0,0,0.724977,0.67370206
24,161,0,26602,24,0,0,-1.5656662,0.17283508
159,66,0,11049,159,0,0,1.8893805,0.8686849
21,7,0,1175,21,0,0,-5.443679,0.0043049357
48,46,0,7637,48,0,0,-3.5500946,0.027920006
12,56,0,9241,12,0,0,1.0088193,0.73278904
21,98,0,16190,21,0,0,-0.9210382,0.2847464
68,164,0,27128,68,0,0,0.5041251,0.6234283
112,112,0,18588,112,0,0,-1.1495714,0.24056737
116,58,0,9672,116,0,0,-0.6649741,0.33962312
57,200,0,33074,57,0,0,-0.148646,0.46290678
2,92,0,15186,2,0,0,-2.6059506,0.06875643
99,25,0,4223,99,0,0,1.3428521,0.79295856
82,32,0,5364,82,0,0,-3.3168538,0.03499751
154,100,0,16660,154,0,0,-0.66603136,0.33938605
8,136,0,22444,8,0,0,-0.27560553,0.43153146
129,84,1,13988,129,0,0,3.5325294,0.9715993
155,109,0,18136,155,0,0,-0.073722005,0.48157784
17,122,0,20148,17,0,0,0.38465518,0.5949954
155,180,0,29851,155,0,0,-1.3356187,0.20823148
72,69,0,11450,72,0,0,1.3452768,0.79335636
146,194,0,32154,146,0,0,-6.355196,0.0017346803
51,189,0,31235,51,0,0,-1.9343743,0.1262672
28,45,0,7459,28,0,0,-3.8047051,0.021780796
70,94,0,15580,70,0,0,1.7226045,0.848464
147,179,0,29683,147,0,0,-5.210629,0.005428609
98,71,0,11812,98,0,0,-4.0587683,0.01697708
107,68,0,11329,107,0,0,-3.610156,0.026335318
125,124,0,20587,125,0,0,0.65135,0.6573146
43,162,0,26778,43,0,0,-1.9009187,0.13000453
119,204,0,33765,119,0,0,-0.7541154,0.31992525
90,192,0,31770,90,0,0,-0.6029732,0.35366377
44,80,0,13244,44,0,0,-1.2697005,0.21930853
60,158,0,26142,60,0,0,-2.5473738,0.072603114
44,82,0,13574,44,0,0,-2.3782363,0.08484741
149,187,1,31002,149,0,0,2.3392422,0.91207534
38,30,0,4979,38,0,0,-2.7826455,0.058269218
90,112,1,18570,90,0,0,-0.7451298,0.3218834
80,63,0,10475,80,0,0,-3.3482985,0.033950925
137,68,0,11357,137,0,0,-3.009997,0.046976283
158,96,0,15998,158,0,0,-3.408749,0.03202315
158,145,1,24083,158,0,0,1.7020683,0.8458047
64,211,1,34878,64,0,0,1.641598,0.8377523
22,34,0,5613,22,0,0,0.70091325,0.6683902
17,68,1,11238,17,0,0,-3.1811433,0.039881535
16,103,1,17017,16,0,0,-0.48296732,0.38155168
8,56,0,9244,8,0,0,-0.7297443,0.32525083
28,181,0,29899,28,0,0,-2.2121563,0.09866415
72,187,1,30920,72,0,0,2.2210479,0.90212375
118,190,0,31463,118,0,0,-0.1532352,0.46176597
78,170,0,28128,78,0,0,0.5583704,0.6360754
90,10,0,1740,90,0,0,-2.2009404,0.099666074
160,110,0,18314,160,0,0,-2.3219318,0.08932279
59,55,0,9131,59,0,0,-3.198975,0.03920431
149,201,0,33312,149,0,0,0.24090856,0.55993754
10,162,1,26760,10,0,0,-2.3199327,0.08948554
97,93,0,15441,97,0,0,0.40171796,0.59910035
44,149,0,24629,44,0,0,-4.7140365,0.008888784
145,190,1,31496,145,0,0,0.55205333,0.63461185
116,34,0,5712,116,0,0,-0.3329354,0.41752657
42,114,0,18850,42,0,0,1.6951096,0.84489495
82,189,0,31269,82,0,0,-1.0365913,0.26180825
152,117,0,19455,152,0,0,-5.515272,0.0040086973
28,15,0,2509,28,0,0,-2.9512951,0.049675334
5,20,0,3328,5,0,0,-1.5716586,0.17198007
99,96,0,15938,99,0,0,-3.71532,0.023768928
60,77,0,12777,60,0,0,-4.5333037,0.010630888
135,149,0,24718,135,0,0,-5.005739,0.006654804
91,196,1,32431,91,0,0,2.959883,0.95072854
93,158,0,26165,93,0,0,-2.9359803,0.05040332
154,197,0,32665,154,0,0,-5.0503764,0.006366134
83,73,0,12126,83,0,0,-5.3687143,0.004638503
68,34,0,5678,68,0,0,0.05507785,0.513766
110,194,0,32129,110,0,0,-6.206462,0.0020123015
114,199,1,32942,114,0,0,2.9641724,0.95092905
27,135,1,22310,27,0,0,0.42339504,0.6042954
11,74,0,12241,11,0,0,-3.6782289,0.024644967
55,90,0,14926,55,0,0,1.936127,0.87392604
160,65,1,10889,160,0,0,-2.3951478,0.08354345
87,174,1,28797,87,0,0,3.3505163,0.96612173
95,207,0,34249,95,0,0,-1.0962827,0.25043705
124,89,1,14807,124,0,0,0.043626964,0.510905
58,213,0,35216,58,0,0,1.6453457,0.838261
109,202,0,33442,109,0,0,-5.0602274,0.0063041225
13,196,0,32379,13,0,0,4.6100698,0.99014693
113,33,0,5546,113,0,0,-3.2145603,0.038621455
26,200,0,33009,26,0,0,0.61908716,0.6500109
114,191,0,31622,114,0,0,-3.256727,0.037085913
94,39,0,6528,94,0,0,-0.12462023,0.4688852
84,101,1,16751,84,0,0,-1.3604867,0.20416121
34,57,0,9418,34,0,0,4.358703,0.9873667
69,129,0,21347,69,0,0,0.55103785,0.63437635
32,198,0,32702,32,0,0,-1.522311,0.17912146
10,180,0,29730,10,0,0,-3.0555036,0.044980463
146,134,0,22254,146,0,0,-0.81933105,0.30590567
129,126,0,20918,129,0,0,-3.0879717,0.043606147
22,173,0,28548,22,0,0,2.1289845,0.89368856
59,42,0,6986,59,0,0,0.29636383,0.5735534
8,214,0,35314,8,0,0,3.215818,0.9614252
61,57,0,9466,61,0,0,2.9302504,0.94932175
52,195,0,32226,52,0,0,-1.152672,0.24000137
143,23,0,3938,143,0,0,-0.13080585,0.4673451
50,204,0,33718,50,0,0,-3.063853,0.04462315
23,52,0,8585,23,0,0,-5.7984324,0.0030231376
101,91,0,15121,101,0,0,-1.1976709,0.2318898
66,132,0,21835,66,0,0,-1.2859147,0.2165451
48,143,0,23642,48,0,0,-1.9658182,0.122838765
130,2,0,460,130,0,0,-4.8469825,0.007790861
69,84,0,13922,69,0,0,3.2633958,0.9631515
113,201,0,33266,113,0,0,-0.37674457,0.4069123
88,137,0,22690,88,0,0,0.32704616,0.5810405
67,12,0,2039,67,0,0,0.17746079,0.5442491
109,214,1,35422,109,0,0,3.6748295,0.9752732
56,164,1,27120,56,0,0,0.5758026,0.640101
138,196,0,32476,138,0,0,3.263003,0.96313757
15,216,0,35652,15,0,0,2.0746875,0.8884185
115,106,1,17594,115,0,0,-2.0461252,0.114444494
112,73,0,12153,112,0,0,-5.3474894,0.004737536
126,201,0,33294,126,0,0,-0.19230837,0.45207053
116,99,0,16437,116,0,0,-0.6420667,0.3447795
81,173,1,28628,81,0,0,2.0608783,0.8870422
19,52,0,8613,19,0,0,-5.930641,0.0026497382
86,117,0,19387,86,0,0,-4.9762425,0.006852657
121,67,0,11175,121,0,0,0.7761207,0.6848434
60,153,1,25317,60,0,0,0.48143494,0.61808664
83,11,0,1896,83,0,0,-3.2225049,0.038327552
93,23,0,3890,93,0,0,0.119252,0.5297777
57,66,0,10964,57,0,0,0.7375173,0.6764527
82,161,0,26649,82,0,0,-1.6476226,0.16143052
148,10,0,1799,148,0,0,-2.89642,0.052330818
18,205,0,33863,18,0,0,3.8421164,0.9790022
131,88,0,14651,131,0,0,-3.81837,0.021491539
30,174,0,28737,30,0,0,2.556804,0.9280293
157,23,0,3950,157,0,0,0.066044,0.516505
129,20,0,3428,129,0,0,-1.2633617,0.22039574
117,69,0,11506,117,0,0,1.9455376,0.87495923
119,29,0,4890,119,0,0,-3.621257,0.02605216
56,107,0,17715,56,0,0,-1.2920759,0.21550165
77,187,1,30909,77,0,0,2.6853752,0.9361581
42,59,0,9775,42,0,0,-2.3875406,0.08412774
18,1,0,203,18,0,0,-3.5416913,0.028148983
27,56,0,9275,27,0,0,0.6400003,0.6547535
125,55,0,9202,125,0,0,-3.0778303,0.044031054
140,175,0,29016,140,0,0,-0.66811556,0.33891892
2,3,0,501,2,0,0,-0.6689168,0.33873942
71,111,0,18372,71,0,0,0.39993328,0.5986716
53,59,0,9787,53,0,0,-3.0162323,0.04669792
36,107,1,17678,36,0,0,-1.0824099,0.25305024
74,17,0,2882,74,0,0,-2.0597765,0.11306824
86,46,0,7672,86,0,0,-2.949913,0.049740624
107,90,0,14959,107,0,0,2.0613892,0.88709337
97,113,0,18741,97,0,0,-7.5273094,0.00053789484
96,209,0,34584,96,0,0,-2.3117058,0.09015812
93,128,0,21215,93,0,0,-3.7987142,0.021908808
76,189,0,31249,76,0,0,-1.9934914,0.11988798
149,22,0,3777,149,0,0,-6.5945644,0.0013659142
46,101,0,16708,46,0,0,-0.89441574,0.29019943
103,203,0,33612,103,0,0,-5.7085304,0.0033065747
66,89,1,14740,66,0,0,-0.11582214,0.4710768
140,50,0,8391,140,0,0,-0.4381402,0.3921842
155,188,0,31171,155,0,0,0.10579455,0.526424
82,214,1,35394,82,0,0,4.301262,0.9866297
163,80,0,13362,163,0,0,-1.1963418,0.23212664
159,138,0,22929,159,0,0,-7.7784634,0.00041847982
50,206,0,34048,50,0,0,0.8011532,0.69022113
138,96,0,15976,138,0,0,-2.365603,0.08583353
72,90,0,14915,72,0,0,-0.42701685,0.3948389
12,112,0,18481,12,0,0,-2.1556535,0.103804104
110,181,0,29984,110,0,0,-2.1867495,0.10094672
77,137,0,22659,77,0,0,0.3809734,0.59410787
77,127,0,21009,77,0,0,-3.5046911,0.029179048
101,154,0,25516,101,0,0,-1.9064641,0.12937862
76,22,0,3694,76,0,0,-6.5500455,0.0014280084
54,24,0,4013,54,0,0,-1.5321286,0.17768246
27,53,1,8780,27,0,0,-3.3194895,0.034908604
123,40,0,6724,123,0,0,0.9421523,0.7195342
109,199,1,32947,109,0,0,3.1093051,0.957275
62,11,0,1888,62,0,0,-2.8529484,0.054529108
50,21,0,3523,50,0,0,-0.16156814,0.4596956
102,146,0,24205,102,0,0,-0.28047115,0.43033826
154,180,0,29860,154,0,0,-1.4984715,0.1826536
14,191,0,31517,14,0,0,-2.5552082,0.07207737
101,151,0,25021,101,0,0,-5.1153183,0.0059682326
158,147,0,24413,158,0,0,-1.2245543,0.22713597
78,36,0,6018,78,0,0,-5.9608135,0.002571186
6,45,0,7441,6,0,0,-3.8349059,0.021146536
51,217,0,35855,51,0,0,-4.171659,0.0151922805
133,185,0,30664,133,0,0,0.22746438,0.55662215
27,193,1,31880,27,0,0,2.7569666,0.9403056
51,127,0,21005,51,0,0,-4.1052155,0.01621907
4,113,0,18653,4,0,0,-7.6961727,0.00045435707
106,122,0,20233,106,0,0,0.46401387,0.6139659
77,188,1,31074,77,0,0,0.43629986,0.607377
31,120,0,19819,31,0,0,-0.10801807,0.47302172
114,141,1,23372,114,0,0,0.68914837,0.66577744
104,55,0,9175,104,0,0,-3.3445244,0.03407493
89,84,1,13949,89,0,0,3.6875274,0.9755776
158,177,0,29363,158,0,0,0.888457,0.7085717
54,99,0,16388,54,0,0,-0.31148547,0.4227522
132,136,0,22575,132,0,0,0.02712962,0.506782
151,69,0,11539,151,0,0,1.2358179,0.7748352
75,165,0,27292,75,0,0,1.0754981,0.7456411
119,199,1,32940,119,0,0,3.1978226,0.96075225
104,49,1,8185,104,0,0,-1.9187062,0.1280059
19,109,0,18018,19,0,0,-0.16498001,0.4588483
38,210,0,34679,38,0,0,-1.2694678,0.21934837
141,156,0,25882,141,0,0,1.9133353,0.8713934
47,177,0,29254,47,0,0,1.7488501,0.8518077
99,99,0,16433,99,0,0,-0.39433366,0.4026745
90,75,1,12465,90,0,0,-0.4727038,0.3839765
93,69,0,11480,93,0,0,1.2362912,0.7749178
90,95,0,15765,90,0,0,-4.1050696,0.016221398
34,16,1,2653,34,0,0,-4.959637,0.006966599
152,29,0,4935,152,0,0,-3.1272569,0.041996833
66,34,0,5665,66,0,0,-1.0053563,0.26788962
126,0,0,129,126,0,0,-4.847434,0.0077873715
29,27,0,4470,29,0,0,-0.33846292,0.4161829
55,35,0,5851,55,0,0,6.791802,0.9988783
55,152,0,25156,55,0,0,-2.4710586,0.07791215
37,59,0,9756,37,0,0,-3.0799117,0.043943524
39,134,0,22124,39,0,0,0.03631109,0.5090768
125,68,1,11347,125,0,0,-2.1677232,0.102686636
106,63,0,10498,106,0,0,-3.520183,0.028743384
59,164,0,27116,59,0,0,-0.0847069,0.47883594
90,151,0,25005,90,0,0,-5.2031307,0.0054692435
12,167,0,27556,12,0,0,-4.5527525,0.010428264
88,201,0,33250,88,0,0,0.35028678,0.58668715
68,145,0,23993,68,0,0,2.750716,0.93995374
0,83,0,13712,0,0,0,-7.2867494,0.0006840814
3,100,1,16510,3,0,0,0.047868967,0.511965
21,104,0,17180,21,0,0,0.29182136,0.572442
157,89,0,14840,157,0,0,1.36761,0.79699373
98,38,0,6367,98,0,0,-4.5316596,0.010648195
22,147,0,24258,22,0,0,-0.0065514445,0.49836215
25,113,0,18681,25,0,0,-8.362437,0.00023342011
39,123,0,20309,39,0,0,-0.53479314,0.36939967
35,96,0,15865,35,0,0,-2.8528173,0.05453587
123,159,0,26359,123,0,0,-4.6037564,0.009914858
55,29,0,4861,55,0,0,-3.7072673,0.023956504
21,172,0,28400,21,0,0,-5.242345,0.005260029
43,35,0,5823,43,0,0,6.944551,0.999037
133,22,0,3769,133,0,0,-7.5797415,0.0005104326
156,138,0,22923,156,0,0,-7.5368834,0.0005327724
117,128,0,21241,117,0,0,-4.070115,0.016788749
145,216,1,35786,145,0,0,2.2379143,0.90360296
120,132,0,21898,120,0,0,-1.4836643,0.1848746
32,204,0,33692,32,0,0,-2.2735498,0.09333737
11,11,0,1846,11,0,0,-3.2294533,0.038072262
42,113,0,18685,42,0,0,-7.5609035,0.0005201341
7,165,1,27225,7,0,0,0.8131277,0.6927756
76,102,0,16894,76,0,0,-4.5065346,0.010916163
15,52,0,8592,15,0,0,-6.586714,0.001376665
99,205,1,33923,99,0,0,2.5040612,0.924426
66,174,1,28765,66,0,0,2.7886066,0.942057
158,94,1,15668,158,0,0,1.1499925,0.75950956
118,21,1,3578,118,0,0,-0.157516,0.4607022
6,61,0,10081,6,0,0,-3.1189313,0.042333078
122,97,1,16128,122,0,0,-1.8348005,0.13766739
103,215,1,35592,103,0,0,4.5019875,0.98903465
90,183,1,30285,90,0,0,-0.36507863,0.40973073
2,107,0,17661,2,0,0,-1.2949004,0.21502452
114,80,0,13307,114,0,0,-1.9980769,0.11940498
24,124,0,20497,24,0,0,0.34817916,0.586176
20,61,0,10072,20,0,0,-3.0142794,0.046784934
120,145,1,24043,120,0,0,3.052604,0.95489484
73,152,0,25149,73,0,0,-1.3444188,0.20678434
70,59,0,9805,70,0,0,-3.6395876,0.02559107
2,36,0,5946,2,0,0,-6.722912,0.0012015846
5,112,0,18508,5,0,0,-3.3745632,0.033099953
123,92,0,15304,123,0,0,-1.0558395,0.25810534
78,122,0,20208,78,0,0,0.6246509,0.6512756
111,65,1,10839,111,0,0,-2.0620086,0.11284459
92,141,1,23357,92,0,0,1.4706211,0.8131518
139,12,0,2118,139,0,0,0.07765418,0.5194038
116,93,0,15447,116,0,0,0.019391447,0.5048477
47,144,0,23809,47,0,0,-3.252956,0.037220817
21,72,0,11900,21,0,0,-0.12460953,0.46888787
115,50,0,8354,115,0,0,-0.6100241,0.3520537
17,170,0,28068,17,0,0,0.20185089,0.5502921
95,46,0,7684,95,0,0,-3.2000248,0.03916479
69,83,0,13757,69,0,0,-7.311925,0.0006670856
117,70,0,11671,117,0,0,-4.1771274,0.015110682
64,105,1,17388,64,0,0,-0.8928606,0.29051986
90,169,0,27975,90,0,0,1.4284596,0.8066612
80,179,0,29615,80,0,0,-5.1122446,0.0059864954
127,155,0,25700,127,0,0,-1.8073123,0.14096327
137,145,1,24062,137,0,0,3.2344627,0.96211076
118,212,0,35093,118,0,0,0.117518306,0.5293458
103,192,0,31797,103,0,0,-0.64132136,0.3449479
71,15,0,2532,71,0,0,-1.3973985,0.19822925
152,166,0,27540,152,0,0,1.2739007,0.78140974
118,41,0,6878,118,0,0,1.0453699,0.7398848
19,115,0,19008,19,0,0,-1.8634989,0.13429575
131,185,0,30656,131,0,0,0.26289847,0.5653487
2,8,0,1326,2,0,0,-2.9592242,0.049302354
130,20,0,3430,130,0,0,-1.3002286,0.21412654
93,70,0,11645,93,0,0,-5.475901,0.004169001
54,41,0,6818,54,0,0,0.97111243,0.7253412
142,117,0,19445,142,0,0,-5.1205606,0.005937212
37,34,0,5631,37,0,0,-0.23275131,0.44207343
70,118,0,19540,70,0,0,-0.497459,0.378138
128,86,0,14316,128,0,0,-8.008307,0.0003325767
15,170,0,28062,15,0,0,0.438699,0.60794896
117,136,1,22561,117,0,0,-0.14663486,0.46340683
141,91,0,15157,141,0,0,-4.00339,0.017926434
51,72,0,11930,51,0,0,-0.39586133,0.4023071
75,77,0,12772,75,0,0,-4.6138372,0.009816387
31,20,0,3319,31,0,0,-1.9919934,0.120046124
45,83,0,13737,45,0,0,-5.7917604,0.0030433135
31,216,0,35659,31,0,0,2.6515749,0.934108
153,215,0,35627,153,0,0,3.9769187,0.98160154
47,150,0,24799,47,0,0,-0.56511426,0.36236495
141,130,0,21592,141,0,0,-6.0844107,0.0022729286
38,47,0,7784,38,0,0,2.4701738,0.92202425
39,77,0,12719,39,0,0,-7.3726707,0.0006277939
32,116,0,19172,32,0,0,-2.4080038,0.0825644
152,215,0,35625,152,0,0,4.0361423,0.98264116
147,98,0,16318,147,0,0,-0.9744746,0.27398953
151,215,0,35629,151,0,0,4.5370636,0.9894086
161,188,0,31177,161,0,0,0.38917726,0.59608465
124,7,0,1277,124,0,0,-4.572418,0.010227265
31,203,0,33514,31,0,0,-5.5499105,0.0038727485
82,136,0,22524,82,0,0,-0.16599458,0.45859638
147,213,1,35293,147,0,0,2.3956747,0.9164969
43,180,0,29748,43,0,0,-1.4294181,0.19318937
6,95,0,15691,6,0,0,-4.10362,0.016244547
72,68,0,11285,72,0,0,-3.2888362,0.035956163
109,197,0,32617,109,0,0,-3.2023687,0.03907668
39,115,0,18989,39,0,0,-3.5111735,0.028995978
93,90,0,14945,93,0,0,1.237423,0.77511513
32,192,0,31712,32,0,0,-0.88930255,0.29125378
113,28,0,4721,113,0,0,-6.328293,0.0017818977
17,47,0,7773,17,0,0,2.61542,0.9318474
36,31,0,5138,36,0,0,-0.06838602,0.48291016
143,194,0,32153,143,0,0,-2.304711,0.09073354
136,171,0,28347,136,0,0,0.41725498,0.6028262
89,124,0,20549,89,0,0,0.5347752,0.63059616
32,16,0,2672,32,0,0,-4.617138,0.009784357
135,197,0,32638,135,0,0,-4.4025707,0.012097673
6,89,0,14701,6,0,0,0.7218512,0.6730145
35,150,0,24775,35,0,0,-0.9630499,0.27626798
54,71,0,11768,54,0,0,-2.899923,0.052157365
44,201,0,33209,44,0,0,0.805661,0.6911841
163,158,0,26232,163,0,0,-2.8554833,0.05439857
150,188,0,31176,150,0,0,0.39982373,0.5986453
161,64,0,10717,161,0,0,-2.1725693,0.102240965
122,28,0,4743,122,0,0,-6.8299665,0.0010797272
97,72,0,11976,97,0,0,-0.6314742,0.34717634
8,174,1,28714,8,0,0,2.3064194,0.9094073
39,141,0,23279,39,0,0,1.6771021,0.8425204
52,3,0,546,52,0,0,0.25943223,0.5644967
30,115,0,19002,30,0,0,-1.7305238,0.1505206
60,89,1,14757,60,0,0,0.038024217,0.5095049
114,32,0,5387,114,0,0,-2.9964688,0.04758566
92,87,1,14447,92,0,0,-0.23338431,0.44191733
44,217,0,35849,44,0,0,-3.7076125,0.023948433
76,187,1,30919,76,0,0,2.0591264,0.88686657
19,148,0,24453,19,0,0,-1.9763253,0.12171111
25,120,0,19836,25,0,0,-0.103600204,0.4741231
75,192,0,31747,75,0,0,-1.0399559,0.26115853
58,32,0,5351,58,0,0,-3.1126654,0.04258783
116,36,0,6042,116,0,0,-6.4174128,0.0016302135
17,140,0,23118,17,0,0,-4.5451746,0.010506755
151,115,0,19129,151,0,0,-1.5537834,0.17454049
85,176,0,29128,85,0,0,-2.6707933,0.06471893
77,201,0,33219,77,0,0,0.40242583,0.59927034
72,181,0,29930,72,0,0,-1.9704368,0.122341976
24,174,1,28747,24,0,0,3.3596816,0.9664205
93,114,0,18905,93,0,0,0.7020664,0.66864574
122,47,1,7878,122,0,0,3.2680626,0.9633168
113,26,0,4391,113,0,0,-4.0951576,0.016380338
56,67,0,11115,56,0,0,0.06164342,0.51540595
42,164,0,27100,42,0,0,0.49050593,0.6202256
123,15,0,2599,123,0,0,-0.8431842,0.30086458
160,119,0,19799,160,0,0,-2.929596,0.050709773
120,214,1,35428,120,0,0,2.648009,0.9338882
99,128,0,21218,99,0,0,-2.8241773,0.05603158
60,48,0,7992,60,0,0,-0.51477396,0.37407506
150,52,0,8736,150,0,0,-6.1976495,0.002030077
124,111,1,18437,124,0,0,0.012243867,0.50306094
55,9,0,1561,55,0,0,-1.3997333,0.19785844
70,32,0,5350,70,0,0,-3.242432,0.037599783
99,74,0,12308,99,0,0,-3.4685407,0.03022072
145,3,0,641,145,0,0,0.22730112,0.55658185
87,196,1,32427,87,0,0,-0.49901956,0.3777711
120,172,0,28498,120,0,0,-5.516428,0.0040040854
38,64,0,10589,38,0,0,-1.7030106,0.15407248
90,177,1,29295,90,0,0,1.7704661,0.8545156
57,216,0,35714,57,0,0,1.6620295,0.84051025
116,0,0,102,116,0,0,-4.6529675,0.009443246
125,199,1,32962,125,0,0,3.3341546,0.96558213
131,53,0,8876,131,0,0,-2.4464428,0.07969907
78,158,0,26148,78,0,0,-3.0529175,0.045091685
125,61,0,10192,125,0,0,-2.7336962,0.061014056
74,79,0,13112,74,0,0,-2.2229238,0.097710736
115,9,0,1589,115,0,0,-0.9280253,0.28332552
14,31,0,5117,14,0,0,0.029823363,0.5074553
60,34,0,5682,60,0,0,0.0880965,0.5220099
51,186,0,30740,51,0,0,-4.728987,0.008758034
79,88,0,14599,79,0,0,-4.0490317,0.017140338
35,79,0,13060,35,0,0,-2.3117962,0.09015071
18,167,0,27593,18,0,0,-4.7501163,0.0085764965
44,30,0,4994,44,0,0,-2.5256953,0.07407636
64,33,0,5508,64,0,0,-3.6205864,0.026069183
92,45,0,7517,92,0,0,-4.873745,0.0075866845
52,19,0,3186,52,0,0,0.21931297,0.55460954
125,153,0,25372,125,0,0,0.41941255,0.60334265
77,131,0,21669,77,0,0,-3.7270768,0.023497649
9,213,0,35169,9,0,0,2.6283653,0.93266493
4,30,0,4958,4,0,0,-2.374237,0.08515847
43,12,0,2028,43,0,0,-0.23166013,0.44234258
20,13,0,2152,20,0,0,-4.9202952,0.007244116
108,208,0,34430,108,0,0,-5.0213795,0.0065522077
85,125,1,20713,85,0,0,5.822658,0.99704903
128,49,1,8211,128,0,0,-3.4739385,0.030062927
18,155,0,25613,18,0,0,-3.0069513,0.047112823
24,81,0,13402,24,0,0,-3.0231738,0.04638987
28,18,0,3004,28,0,0,-5.193075,0.0055242116
18,127,0,20993,18,0,0,-5.4575605,0.004245841
63,22,0,3705,63,0,0,-5.4623528,0.0042256285
50,31,0,5173,50,0,0,0.19522113,0.54865086
63,104,0,17235,63,0,0,0.7144964,0.67139393
50,82,0,13588,50,0,0,-1.7407591,0.14921653
155,207,0,34306,155,0,0,-0.84873444,0.2996984
54,85,1,14078,54,0,0,-1.3828845,0.20054613
152,152,0,25230,152,0,0,-1.2806356,0.21744205
66,122,0,20185,66,0,0,0.5893792,0.6432227
71,169,0,27942,71,0,0,1.5838823,0.82975364
35,130,0,21475,35,0,0,-6.3154774,0.0018048391
36,192,0,31703,36,0,0,-1.0176053,0.2654941
134,214,0,35444,134,0,0,3.3792782,0.9670506
77,181,0,29919,77,0,0,-1.9843135,0.120859765
59,170,0,28106,59,0,0,0.4483971,0.61025804
2,60,0,9906,2,0,0,2.8516335,0.94540304
111,166,0,27504,111,0,0,1.1797106,0.7648958
12,12,0,1981,12,0,0,-1.0240495,0.26423934
50,137,0,22663,50,0,0,0.33979756,0.5841414
33,156,0,25766,33,0,0,2.1936116,0.89967436
63,201,0,33240,63,0,0,0.42236727,0.60404956
50,181,0,29923,50,0,0,-1.5730083,0.17178796
144,194,1,32155,144,0,0,-2.1685255,0.102612734
163,155,0,25737,163,0,0,-2.1823113,0.101350226
75,212,0,35047,75,0,0,0.19001627,0.5473617
14,104,0,17162,14,0,0,0.7297042,0.6747404
60,188,0,31092,60,0,0,0.39406008,0.5972597
136,120,0,19932,136,0,0,0.14827332,0.53700054
130,94,1,15640,130,0,0,1.8662851,0.86602783
117,73,0,12166,117,0,0,-5.1696362,0.005654482
78,123,0,20373,78,0,0,0.10423657,0.52603555
69,87,0,14417,69,0,0,-0.9047483,0.2880757
92,131,0,21707,92,0,0,-3.1837435,0.03978209
140,117,0,19446,140,0,0,-2.222894,0.09771336
34,7,0,1168,34,0,0,-6.567325,0.0014035793
144,2,0,475,144,0,0,-5.3399467,0.004773233
41,204,0,33706,41,0,0,-3.175712,0.04009002
89,106,1,17579,89,0,0,-1.1117358,0.24754742
50,184,1,30418,50,0,0,4.7601852,0.9915087
64,126,0,20853,64,0,0,-2.971986,0.048707616
1,105,0,17336,1,0,0,-0.8056596,0.3088162
9,26,0,4314,9,0,0,-1.5003469,0.18237379
98,142,0,23527,98,0,0,-3.5459676,0.028032234
151,52,0,8734,151,0,0,-5.895744,0.0027435813
5,111,0,18343,5,0,0,0.5876257,0.6428202
94,173,0,28638,94,0,0,1.7956941,0.857624
64,50,0,8313,64,0,0,-0.6847499,0.335202
19,43,0,7128,19,0,0,-8.863552,0.00014143171
10,93,0,15375,10,0,0,1.1042843,0.751062
68,2,0,398,68,0,0,-4.8084664,0.008094312
39,201,0,33179,39,0,0,-1.7691865,0.14564353
98,156,1,25837,98,0,0,2.0575948,0.8867128
47,39,0,6484,47,0,0,0.5760059,0.64014786
29,130,0,21465,29,0,0,-2.8459513,0.054890975
137,206,0,34127,137,0,0,0.6635447,0.66005623
111,174,1,28824,111,0,0,3.3541565,0.9662407
64,28,0,4683,64,0,0,-6.83619,0.0010730354
10,117,1,19335,10,0,0,-4.5567803,0.01038678
106,9,0,1588,106,0,0,-0.6434244,0.34447286
93,45,0,7520,93,0,0,-4.55101,0.010446259
60,110,0,18222,60,0,0,-2.076,0.11145148
40,87,0,14400,40,0,0,-2.1453056,0.10477071
54,60,0,9953,54,0,0,2.7134328,0.93781465
149,18,0,3117,149,0,0,-5.916067,0.0026885339
135,90,0,14983,135,0,0,-0.008379638,0.4979051
60,129,0,21357,60,0,0,0.67218894,0.66199315
131,26,0,4421,131,0,0,-4.7652407,0.008448846
18,187,0,30893,18,0,0,2.980377,0.9516797
36,18,0,2993,36,0,0,-5.689743,0.0033690725
21,88,0,14540,21,0,0,-2.6590576,0.065432936
1,30,0,4961,1,0,0,-1.9288721,0.12687548
34,200,0,33013,34,0,0,-0.20045328,0.4500538
39,193,1,31859,39,0,0,2.1327713,0.8940478
81,47,1,7838,81,0,0,1.5847635,0.8298781
109,79,0,13147,109,0,0,-2.02845,0.116248064
36,13,0,2168,36,0,0,-4.283513,0.013606428
28,186,0,30724,28,0,0,-3.9476736,0.018934129
50,49,0,8143,50,0,0,-2.1785092,0.101697035
117,201,0,33286,117,0,0,0.43819946,0.6078299
133,134,0,22249,133,0,0,-0.9944824,0.27002764
21,10,0,1670,21,0,0,-2.2347167,0.096675955
13,171,0,28254,13,0,0,0.32454592,0.5804317
30,109,0,18012,30,0,0,0.09041759,0.522589
19,117,0,19338,19,0,0,-4.0851483,0.01654239
70,5,1,895,70,0,0,-4.4447317,0.011604021
129,98,0,16298,129,0,0,-0.9787547,0.27313894
147,73,0,12193,147,0,0,-5.4601297,0.0042349924
80,69,1,11465,80,0,0,0.66431636,0.6602293
14,110,1,18152,14,0,0,-1.8546107,0.13533247
9,82,0,13554,9,0,0,-2.4005547,0.08313041
5,172,0,28408,5,0,0,-5.372393,0.0046215486
144,91,0,15160,144,0,0,-4.034542,0.017386153
154,43,0,7255,154,0,0,-9.01816,0.00012117424
117,182,1,30151,117,0,0,5.6683793,0.9965584
144,34,0,5755,144,0,0,0.11145818,0.5278357
0,81,0,13382,0,0,0,-5.6170416,0.003622212
32,101,1,16697,32,0,0,-1.378186,0.2013005
19,126,0,20823,19,0,0,-3.0198395,0.046537593
161,199,1,32992,161,0,0,3.063015,0.9553411
105,195,0,32291,105,0,0,-1.1276362,0.2445976
41,44,0,7306,41,0,0,-2.083071,0.11075315
119,14,1,2415,119,0,0,1.2168796,0.77151394
114,45,0,7532,114,0,0,-4.7387524,0.008673665
3,1,0,175,3,0,0,-4.081772,0.01659741
137,204,0,33797,137,0,0,-3.1841505,0.039766546
122,12,1,2103,122,0,0,-0.13194478,0.46706158
45,209,0,34527,45,0,0,-2.6997547,0.062987834
69,15,0,2537,69,0,0,-1.1961982,0.23215222
134,67,0,11189,134,0,0,-0.05580175,0.48605317
0,99,0,16352,0,0,0,-0.6479659,0.34344807
124,171,1,28337,124,0,0,0.12389958,0.53093535
28,49,1,8119,28,0,0,-3.7227247,0.023597717
147,62,0,10378,147,0,0,-2.8529992,0.054526493
21,105,0,17345,21,0,0,-0.662884,0.34009206
1,112,0,18491,1,0,0,-1.4577491,0.18881184
160,60,0,10064,160,0,0,2.8146653,0.9434632
118,27,0,4568,118,0,0,-0.4210853,0.39625707
41,175,0,28921,41,0,0,-0.80888104,0.30812898
129,211,1,34943,129,0,0,1.6302695,0.83620656
79,188,0,31099,79,0,0,-0.024329841,0.49391785
161,68,1,11377,161,0,0,-3.4096382,0.031995602
157,8,0,1475,157,0,0,-2.276149,0.09311765
90,64,0,10650,90,0,0,-3.0019817,0.047336426
142,212,1,35120,142,0,0,0.38411117,0.5948643
47,70,0,11599,47,0,0,-4.6064415,0.009888535
17,141,0,23283,17,0,0,1.7601898,0.8532334
121,85,0,14145,121,0,0,-1.7168686,0.15227494
38,187,0,30884,38,0,0,2.285161,0.9076406
61,102,0,16891,61,0,0,-4.6003222,0.009948627
148,110,0,18299,148,0,0,-2.3654752,0.085843556
9,160,1,26424,9,0,0,0.4999882,0.62245655
164,213,0,35306,164,0,0,1.1019146,0.7506187
149,126,0,20937,149,0,0,-3.622119,0.0260303
67,210,0,34709,67,0,0,-0.9777053,0.27334735
56,66,1,10950,56,0,0,0.87921137,0.7066588
140,58,0,9711,140,0,0,-0.72804075,0.32562482
47,100,0,16549,47,0,0,-0.55797964,0.36401507
31,24,0,3979,31,0,0,-2.1204922,0.10712098
16,212,0,35002,16,0,0,-0.16585048,0.45863217
133,169,0,28024,133,0,0,1.7853813,0.8563601
91,184,1,30451,91,0,0,4.90064,0.99261314
144,17,0,2950,144,0,0,-1.5123286,0.18059395
103,115,0,19092,103,0,0,-1.6302047,0.16380233
54,4,0,713,54,0,0,-0.50225145,0.37701172
130,105,1,17455,130,0,0,-0.7693642,0.31661665
129,187,0,30983,129,0,0,2.1241064,0.89322424
159,175,0,29034,159,0,0,-0.8996678,0.28911877
86,92,0,15262,86,0,0,-2.1391678,0.1053478
52,65,1,10776,52,0,0,-2.9294324,0.050717644
60,66,1,10962,60,0,0,0.6643892,0.66024566
59,179,0,29591,59,0,0,-4.1921616,0.014888561
115,47,0,7859,115,0,0,2.614822,0.9318094
7,127,0,20955,7,0,0,-3.2006307,0.039141998
97,77,0,12801,97,0,0,-4.7373238,0.008685958
159,113,0,18804,159,0,0,-8.473059,0.0002089809
47,127,0,21004,47,0,0,-3.8099937,0.021668399
2,98,0,16176,2,0,0,-0.5147037,0.3740915
90,123,0,20385,90,0,0,0.32259077,0.5799555
79,61,0,10144,79,0,0,-2.847227,0.05482483
127,175,0,29000,127,0,0,-1.9088142,0.12911414
106,57,1,9508,106,0,0,2.9148412,0.94857526
41,169,0,27931,41,0,0,1.4562471,0.810958
7,211,0,34815,7,0,0,2.8002172,0.9426876
113,124,0,20561,113,0,0,0.47259575,0.61599797
151,104,0,17314,151,0,0,0.69181603,0.6663708
32,36,0,5972,32,0,0,-8.10234,0.00030273807
71,52,0,8637,71,0,0,-6.514725,0.0014792715
164,40,1,6761,164,0,0,1.5933709,0.83108985
118,65,1,10838,118,0,0,-3.3062048,0.03535894
64,17,0,2868,64,0,0,-2.708518,0.062472593
124,79,0,13157,124,0,0,-2.2171276,0.09822294
49,193,1,31886,49,0,0,1.9775121,0.8784157
79,200,0,33079,79,0,0,0.8872356,0.70831937
17,48,0,7938,17,0,0,-0.98371685,0.2721549
4,208,0,34328,4,0,0,-5.8408847,0.0028978484
137,56,0,9377,137,0,0,0.66630095,0.6606744
119,79,0,13140,119,0,0,-1.87503,0.13296078
116,147,0,24357,116,0,0,-0.8856395,0.29201052
159,162,0,26889,159,0,0,-1.2995725,0.21423697
115,59,0,9839,115,0,0,-3.2376466,0.037773337
135,28,0,4753,135,0,0,-6.810752,0.0011006513
28,33,0,5479,28,0,0,-4.125397,0.015900176
71,43,0,7152,71,0,0,-7.4976106,0.0005541003
140,136,0,22581,140,0,0,-0.046203956,0.48845106
37,207,0,34176,37,0,0,-1.1655004,0.23766927
136,185,0,30657,136,0,0,0.11853868,0.5296
122,161,0,26688,122,0,0,-1.1537874,0.23979798
124,184,1,30482,124,0,0,5.1400995,0.994177
119,185,0,30630,119,0,0,0.1595552,0.5398044
8,140,0,23104,8,0,0,-6.594986,0.0013653394
119,168,1,27825,119,0,0,-0.68999904,0.33403328
121,177,0,29325,121,0,0,1.7939088,0.85740584
156,24,0,4113,156,0,0,-2.552022,0.07229076
65,143,0,23661,65,0,0,-2.1462648,0.104680784
8,94,0,15514,8,0,0,0.8169081,0.6935796
23,84,0,13865,23,0,0,4.294911,0.9865457
72,142,0,23495,72,0,0,-3.5724876,0.027318632
2,148,0,24426,2,0,0,-2.5692346,0.071144864
104,172,0,28480,104,0,0,-5.4194736,0.0044099437
154,152,0,25240,154,0,0,-0.8288423,0.30388993
144,11,0,1960,144,0,0,-3.2205205,0.03840076
164,217,0,35966,164,0,0,-4.0082455,0.01784115
48,50,0,8297,48,0,0,-0.71646315,0.3281723
80,24,0,4040,80,0,0,-2.2744398,0.093262084
40,123,0,20340,40,0,0,0.064498425,0.516119
103,128,0,21237,103,0,0,-3.0482194,0.045294408
76,141,0,23329,76,0,0,1.1366401,0.7570622
118,24,0,4073,118,0,0,-2.5408022,0.07304683
160,120,0,19964,160,0,0,-0.046202898,0.48845133
115,29,0,4889,115,0,0,-4.1309977,0.01581278
71,78,0,12927,71,0,0,-3.9047701,0.019747755
152,88,0,14670,152,0,0,-3.8597949,0.020637443
97,197,0,32601,97,0,0,-4.021891,0.017603606
13,35,1,5814,13,0,0,4.7103925,0.99107903
50,96,0,15898,50,0,0,-3.870751,0.020417163
111,146,1,24204,111,0,0,-0.11461806,0.4713768
51,10,0,1700,51,0,0,-2.7903478,0.057847995
159,151,0,25074,159,0,0,-6.325271,0.0017872807
9,103,0,17019,9,0,0,0.23583075,0.55868596
123,141,0,23389,123,0,0,1.0891545,0.7482225
136,86,0,14322,136,0,0,-7.3828616,0.0006214325
12,186,0,30691,12,0,0,-4.803459,0.008134614
139,215,0,35613,139,0,0,2.792985,0.94229555
11,207,0,34186,11,0,0,-0.6101929,0.3520152
4,80,0,13208,4,0,0,-0.9094553,0.2871113
47,114,0,18859,47,0,0,0.87908643,0.70663285
1,101,0,16676,1,0,0,-0.27845317,0.43083304
129,163,0,27023,129,0,0,-2.4469433,0.07966237
50,101,0,16723,50,0,0,-0.9786175,0.27316618
75,199,1,32902,75,0,0,3.270978,0.9634197
127,22,0,3755,127,0,0,-7.1194077,0.0008085916
21,167,0,27575,21,0,0,-3.8430867,0.020977858
154,49,0,8245,154,0,0,-2.7857492,0.05809914
77,105,1,17379,77,0,0,-0.83139366,0.30335048
8,198,0,32674,8,0,0,-2.2340837,0.096731246
74,22,0,3707,74,0,0,-6.287643,0.0018556869
32,163,0,26927,32,0,0,-3.1615925,0.040636923
151,51,0,8569,151,0,0,-3.1003232,0.043093923
50,127,0,21013,50,0,0,-3.946137,0.018962692
42,62,0,10270,42,0,0,-3.3563733,0.03368708
29,204,0,33675,29,0,0,-0.6699669,0.33850425
1,29,0,4796,1,0,0,-2.65699,0.065559484
14,207,0,34157,14,0,0,-1.044934,0.2601991
82,76,0,12624,82,0,0,0.82103634,0.6944563
142,214,0,35450,142,0,0,3.1028855,0.95701164
155,201,0,33316,155,0,0,0.26873368,0.566782
59,93,0,15401,59,0,0,0.48656517,0.61929697
23,187,0,30860,23,0,0,1.9943018,0.8801975
51,52,0,8630,51,0,0,-5.8851004,0.002772857
13,7,0,1194,13,0,0,-6.4412775,0.0015918306
130,140,1,23230,130,0,0,-3.6294236,0.025845747
109,80,1,13312,109,0,0,-1.5420885,0.17623188
131,16,0,2771,131,0,0,-4.086932,0.016513394
161,109,1,18142,161,0,0,-0.2471757,0.4385188
86,59,0,9817,86,0,0,-2.9226072,0.051047258
50,141,0,23323,50,0,0,1.2230382,0.7725978
92,78,0,12962,92,0,0,-4.1798186,0.015070681
57,181,0,29939,57,0,0,-1.802136,0.14159125
50,94,0,15568,50,0,0,0.8654768,0.70380366
159,160,0,26559,159,0,0,0.93282145,0.7176474
149,26,0,4437,149,0,0,-3.2890778,0.035947792
123,64,1,10684,123,0,0,-3.2170825,0.038527913
3,155,0,25585,3,0,0,-4.0321684,0.017426752
156,190,1,31503,156,0,0,-0.30291665,0.42484465
3,43,0,7105,3,0,0,-9.771936,5.702656e-05
157,210,0,34805,157,0,0,-0.85929054,0.2974876
21,181,0,29885,21,0,0,-2.1571414,0.10366576
28,217,0,35839,28,0,0,-4.388345,0.012268878
149,83,0,13842,149,0,0,-6.8453026,0.0010633123
17,87,0,14373,17,0,0,-2.3997872,0.08318893
136,175,0,29007,136,0,0,-1.861814,0.13449176
3,82,0,13540,3,0,0,-2.7320607,0.06110783
15,50,1,8262,15,0,0,-0.49222142,0.3793704
85,4,0,748,85,0,0,-1.3257742,0.20985922
123,102,0,16954,123,0,0,-4.798968,0.008170932
53,56,0,9292,53,0,0,1.018897,0.7347577
115,42,0,7034,115,0,0,0.32204986,0.57982373
122,50,0,8373,122,0,0,-0.54929966,0.3660269
162,57,0,9568,162,0,0,2.8747263,0.94658285
45,112,0,18522,45,0,0,-1.2525079,0.2222663
151,55,0,9229,151,0,0,-3.127702,0.04197893
94,58,0,9663,94,0,0,-0.65076876,0.34281632
8,181,0,29869,8,0,0,-1.3360069,0.2081675
73,86,0,14259,73,0,0,-7.7266927,0.0004407056
132,91,0,15150,132,0,0,-2.4111538,0.08232611
136,44,0,7392,136,0,0,-2.1175034,0.10740719
150,3,0,651,150,0,0,0.32740128,0.5811269
17,153,0,25263,17,0,0,-0.015952855,0.49601188
161,20,0,3457,161,0,0,-1.4806728,0.18532582
120,0,0,118,120,0,0,-4.872656,0.007594889
60,80,0,13272,60,0,0,-1.4865093,0.18444623
48,156,1,25787,48,0,0,2.3208477,0.910589
6,139,0,22951,6,0,0,-1.0573472,0.25781673
109,16,0,2752,109,0,0,-2.7898695,0.05787407
22,149,1,24588,22,0,0,-4.785779,0.008278512
9,12,0,2004,9,0,0,-0.69007283,0.33401686
101,67,0,11161,101,0,0,-0.16094017,0.4598516
105,11,0,1931,105,0,0,-3.346405,0.034013085
120,45,0,7543,120,0,0,-4.5471096,0.010486657
78,147,0,24333,78,0,0,-1.4131882,0.19573168
157,175,1,29030,157,0,0,-0.10279071,0.4743249
136,169,0,28017,136,0,0,1.670398,0.84162885
12,102,0,16831,12,0,0,-5.377835,0.0045965835
61,101,0,16726,61,0,0,-0.9057063,0.28787926
35,92,0,15205,35,0,0,-3.888483,0.020065514
58,139,0,23006,58,0,0,-1.7417321,0.14909306
153,187,0,31007,153,0,0,2.2040925,0.9006164
95,75,0,12469,95,0,0,-0.5010346,0.37729755
126,144,0,23889,126,0,0,-3.1350365,0.041684948
67,169,0,27944,67,0,0,1.7444332,0.8512493
130,4,0,790,130,0,0,-1.3884072,0.19966215
117,75,0,12496,117,0,0,-0.28478047,0.42928216
124,67,0,11177,124,0,0,0.13344204,0.53331107
136,56,0,9372,136,0,0,1.3611734,0.79595035
60,163,0,26967,60,0,0,-2.3645186,0.08591865
24,27,0,4492,24,0,0,0.001872927,0.50046825
5,106,0,17518,5,0,0,-2.0503945,0.114012524
41,170,0,28096,41,0,0,0.22243065,0.5553795
88,180,0,29785,88,0,0,-1.0626283,0.2568075
11,2,0,361,11,0,0,-5.3850007,0.0045639123
126,65,0,10854,126,0,0,-3.22932,0.038077146
58,30,0,5021,58,0,0,-2.3744903,0.08513874
151,160,0,26554,151,0,0,1.3788376,0.7988042
6,25,0,4141,6,0,0,1.9470439,0.875124
54,139,0,22988,54,0,0,-1.4973521,0.18282078
8,168,0,27724,8,0,0,-0.8449289,0.3004977
27,92,0,15215,27,0,0,-1.7015803,0.15425898
25,158,0,26106,25,0,0,-3.1577215,0.040788103
77,163,0,26949,77,0,0,-2.4227166,0.081456766
79,144,0,23839,79,0,0,-4.504489,0.010938272
70,12,1,2050,70,0,0,0.017219365,0.5043047
21,58,0,9590,21,0,0,-1.8295174,0.13829578
61,50,0,8311,61,0,0,-0.64996815,0.34299672
48,22,0,3677,48,0,0,-5.9358234,0.0026360783
25,175,0,28911,25,0,0,-0.64803046,0.3434335
147,25,0,4273,147,0,0,0.31454378,0.5779939
144,61,0,10210,144,0,0,-2.7270186,0.06139775
23,130,0,21455,23,0,0,-3.7904334,0.02208696
141,61,0,10207,141,0,0,-2.9183183,0.05125542
81,16,1,2723,81,0,0,-3.463368,0.03037269
78,177,1,29283,78,0,0,1.8574436,0.8649987
50,40,0,6658,50,0,0,0.90265566,0.7114949
11,54,0,8941,11,0,0,-3.3452625,0.034050643
77,141,0,23319,77,0,0,1.2431207,0.7761067
48,102,0,16877,48,0,0,-4.531341,0.010651551
19,106,1,17523,19,0,0,-1.1219273,0.24565397
43,27,1,4503,43,0,0,0.013874829,0.50346863
17,18,0,2988,17,0,0,-3.0734086,0.04421755
147,178,0,29518,147,0,0,-4.9650555,0.0069292146
2,105,0,17331,2,0,0,-0.8158199,0.30665168
126,185,0,30654,126,0,0,0.20230898,0.55040544
70,130,0,21520,70,0,0,-2.7791443,0.05846164
45,204,0,33702,45,0,0,-2.6138237,0.06825404
63,36,1,6015,63,0,0,-6.286847,0.0018571615
144,162,0,26875,144,0,0,-1.5501883,0.17505908
6,33,0,5461,6,0,0,-4.3995523,0.0121337995
34,54,0,8923,34,0,0,-4.543396,0.010525262
93,186,0,30785,93,0,0,-5.108746,0.00600735
114,108,0,17927,114,0,0,-6.6534863,0.001287858
156,134,0,22263,156,0,0,-0.6805563,0.33613715
130,132,0,21910,130,0,0,-1.1609125,0.23850152
136,167,0,27687,136,0,0,-4.372737,0.012459465
141,179,0,29677,141,0,0,-5.5132847,0.0040166406
161,54,1,9067,161,0,0,-3.210688,0.038765486
63,166,0,27465,63,0,0,1.1086648,0.7518801
129,178,0,29498,129,0,0,-5.3012185,0.0049607833
19,88,0,14553,19,0,0,-4.5606833,0.010346739
69,95,0,15737,69,0,0,-4.0277762,0.017502118
147,203,0,33643,147,0,0,-5.5758295,0.0037740346
161,49,0,8242,161,0,0,-2.3248277,0.08908751
95,111,0,18409,95,0,0,-0.16700414,0.45834574
89,166,0,27479,89,0,0,1.1402102,0.7577182
85,113,0,18733,85,0,0,-7.5637994,0.0005186309
35,154,0,25435,35,0,0,-2.028496,0.11624334
143,67,0,11198,143,0,0,0.89436764,0.70979065
72,139,0,23000,72,0,0,-1.5318584,0.17772193
103,99,0,16452,103,0,0,-0.8285236,0.30395734
136,174,1,28842,136,0,0,2.6488452,0.93393975
102,205,1,33940,102,0,0,2.1834526,0.8987537
81,152,0,25163,81,0,0,-2.401893,0.083028466
162,136,0,22603,162,0,0,-0.33121565,0.41794488
121,212,0,35100,121,0,0,0.050551772,0.51263523
31,114,0,18829,31,0,0,0.74382585,0.6778319
34,35,0,5788,34,0,0,5.3482122,0.9952659
19,132,1,21813,19,0,0,-2.2462113,0.09567677
117,156,1,25861,117,0,0,2.2467928,0.9043735
164,71,0,11876,164,0,0,-3.8702378,0.020427428
129,57,1,9533,129,0,0,4.4514856,0.9884732
146,59,0,9879,146,0,0,-2.9937234,0.047710236
53,116,0,19192,53,0,0,-1.4020264,0.19749475
31,41,0,6784,31,0,0,0.81722116,0.69364613
89,102,0,16919,89,0,0,-4.100364,0.01629666
78,131,0,21693,78,0,0,-3.7779086,0.02235911
0,148,0,24437,0,0,0,-3.1274848,0.041987665
88,150,0,24835,88,0,0,-0.015293509,0.4961767
16,102,0,16852,16,0,0,-5.4013877,0.004490066
31,8,0,1339,31,0,0,-2.2618468,0.09433247
109,93,0,15457,109,0,0,0.3207278,0.5795016
143,22,0,3773,143,0,0,-8.974152,0.0001266253
98,9,0,1582,98,0,0,-1.3614631,0.20400262
44,75,0,12419,44,0,0,-0.48987517,0.379923
67,95,0,15734,67,0,0,-4.066698,0.016845245
83,59,0,9816,83,0,0,-3.2031488,0.039047398
144,167,0,27700,144,0,0,-4.366435,0.012537244
117,84,1,13981,117,0,0,3.7613308,0.9772756
55,102,0,16906,55,0,0,-4.5958376,0.009992897
150,82,0,13686,150,0,0,-1.1764493,0.23569122
54,116,0,19193,54,0,0,-1.0659242,0.25617898
23,112,0,18485,23,0,0,-1.225107,0.22703896
50,175,0,28933,50,0,0,-0.24772978,0.43838236
164,58,0,9731,164,0,0,-0.3902642,0.4036537
23,70,0,11555,23,0,0,-5.536727,0.0039239414
107,84,0,13969,107,0,0,3.6916208,0.9756749
97,121,1,20061,97,0,0,-3.6554275,0.025199039
19,73,0,12078,19,0,0,-5.1295843,0.005884192
136,126,0,20922,136,0,0,-3.4566655,0.0305707
129,16,0,2768,129,0,0,-3.0575294,0.044893518
24,36,0,5977,24,0,0,-7.869238,0.0003821795
36,27,0,4478,36,0,0,-0.4907078,0.37972683
12,171,0,28216,12,0,0,0.63106805,0.6527316
45,131,0,21657,45,0,0,-3.9209747,0.0194365
128,175,0,29001,128,0,0,-1.4638097,0.18788533
64,49,1,8148,64,0,0,-2.3481617,0.087212004
72,58,1,9635,72,0,0,-0.8383356,0.30188546
149,59,0,9882,149,0,0,-3.2483659,0.03738565
36,94,0,15533,36,0,0,1.1166568,0.7533681
91,66,1,10981,91,0,0,0.8778663,0.7063799
112,196,1,32448,112,0,0,4.042101,0.9827425
53,89,0,14737,53,0,0,0.014427453,0.5036068
5,178,0,29398,5,0,0,-4.5155163,0.010819612
128,135,0,22401,128,0,0,-0.022493944,0.49437675
114,110,0,18257,114,0,0,-2.6334686,0.06701525
103,14,1,2427,103,0,0,1.4708338,0.8131841
41,135,1,22321,41,0,0,-0.03548336,0.49113008
73,51,0,8484,73,0,0,-2.9462914,0.04991208
36,156,0,25763,36,0,0,2.0437338,0.8853129
56,200,0,33060,56,0,0,0.60498565,0.6467961
59,84,0,13916,59,0,0,4.0810385,0.9833906
114,122,0,20237,114,0,0,0.545271,0.63303775
59,88,0,14576,59,0,0,-1.8992398,0.13019454
123,5,0,949,123,0,0,-5.450725,0.004274838
64,148,0,24483,64,0,0,-1.4401646,0.19151987
66,54,0,8965,66,0,0,-1.8274965,0.13853678
17,27,0,4473,17,0,0,-1.1229625,0.2454622
151,92,0,15334,151,0,0,-1.6689599,0.15856291
112,12,1,2088,112,0,0,0.25873405,0.5643251
38,184,0,30389,38,0,0,4.506139,0.98907954
30,207,0,34182,30,0,0,-0.5500786,0.3658462
20,126,0,20797,20,0,0,-3.957641,0.018749865
97,184,1,30456,97,0,0,5.420619,0.9955951
29,35,0,5790,29,0,0,6.3241625,0.9982107
140,96,0,15981,140,0,0,-2.52688,0.07399514
32,94,1,15542,32,0,0,0.65990543,0.6592392
100,5,0,936,100,0,0,-6.143651,0.0021424703
11,149,0,24616,11,0,0,-5.154277,0.0057414994
21,13,0,2165,21,0,0,-3.5479898,0.027977187
154,19,0,3295,154,0,0,0.028406635,0.5071012
136,87,0,14487,136,0,0,-0.120161,0.46999586
1,186,0,30701,1,0,0,-3.7780714,0.02235555
25,139,0,22971,25,0,0,-1.4639025,0.18787117
11,119,0,19666,11,0,0,-2.8798695,0.053157706
77,68,0,11274,77,0,0,-3.592233,0.02679882
153,169,0,28037,153,0,0,0.863604,0.70341307
49,178,0,29411,49,0,0,-5.9516716,0.002594738
103,31,1,5232,103,0,0,0.0957973,0.523931
60,191,0,31587,60,0,0,-3.0219412,0.046444427
49,121,1,20006,49,0,0,-4.3499174,0.012743388
27,164,0,27095,27,0,0,0.31020373,0.576935
126,140,0,23229,126,0,0,-4.6430535,0.009536433
46,124,0,20503,46,0,0,0.7120761,0.67085975
85,37,0,6193,85,0,0,-3.826694,0.021317186
152,71,0,11865,152,0,0,-3.5388603,0.028226532
63,146,0,24165,63,0,0,0.068541944,0.51712877
73,205,1,33894,73,0,0,4.1563926,0.9845776
153,204,0,33812,153,0,0,-3.3002396,0.035562973
141,215,0,35617,141,0,0,3.0902653,0.9564894
46,208,0,34363,46,0,0,-5.1614366,0.005700772
35,48,0,7945,35,0,0,-0.9409312,0.28071228
81,97,0,16088,81,0,0,-1.3541732,0.20518894
106,138,0,22873,106,0,0,-6.9100103,0.000996753
75,197,0,32572,75,0,0,-4.7071033,0.008950072
83,35,0,5856,83,0,0,4.4438686,0.9883861
111,103,1,17109,111,0,0,-1.2477562,0.22308879
4,127,0,20963,4,0,0,-4.4490566,0.0115545215
36,126,0,20813,36,0,0,-4.188494,0.014942446
120,66,1,11008,120,0,0,1.0258064,0.7361021
121,38,1,6390,121,0,0,-4.5905604,0.010045239
135,53,0,8878,135,0,0,-2.5198636,0.074477345
163,4,0,822,163,0,0,-0.37598306,0.4070961
82,75,1,12459,82,0,0,-0.5241709,0.37187746
52,14,0,2361,52,0,0,1.6390393,0.8374042
157,46,0,7745,157,0,0,-3.57496,0.027253011
31,12,0,1999,31,0,0,-0.3538844,0.41244078
124,84,1,13982,124,0,0,3.702477,0.9759312
68,147,0,24323,68,0,0,-0.66220284,0.34024495
7,60,0,9900,7,0,0,3.3053265,0.9646111
159,108,0,17979,159,0,0,-4.8222685,0.007984247
148,156,0,25889,148,0,0,2.2630353,0.905769
84,26,0,4376,84,0,0,-4.2540483,0.014007604
45,149,0,24627,45,0,0,-4.2718325,0.013764091
47,93,0,15394,47,0,0,0.28989738,0.571971
115,85,0,14129,115,0,0,-1.8614633,0.13453259
13,211,0,34854,13,0,0,2.0266426,0.88356614
98,146,0,24187,98,0,0,-0.3551249,0.4121402
65,119,0,19701,65,0,0,-3.050052,0.04521523
59,167,0,27611,59,0,0,-3.512798,0.028950272
34,15,0,2488,34,0,0,-1.5597053,0.17368895
35,121,0,19990,35,0,0,-4.2478404,0.014093603
14,208,0,34322,14,0,0,-5.852231,0.002865248
127,118,0,19595,127,0,0,-0.21663797,0.44605133
64,90,0,14913,64,0,0,0.17835969,0.5444721
105,164,1,27176,105,0,0,0.19426772,0.54841477
50,136,0,22498,50,0,0,-0.065508276,0.48362878
101,80,0,13306,101,0,0,-2.354287,0.08672563
30,71,0,11742,30,0,0,-3.417938,0.031739537
127,11,0,1940,127,0,0,-3.2177854,0.03850189
69,211,1,34877,69,0,0,1.1493464,0.7593915
104,81,0,13465,104,0,0,-2.2159796,0.098324664
147,82,0,13678,147,0,0,-2.4557939,0.07901589
0,19,0,3152,0,0,0,-1.4205878,0.19456945
5,163,0,26923,5,0,0,-2.8876035,0.05276978
101,194,0,32116,101,0,0,-6.2791333,0.0018715158
49,206,1,34031,49,0,0,0.5459862,0.63320386
89,210,0,34739,89,0,0,-1.0396721,0.26121327
140,161,0,26706,140,0,0,-1.2434742,0.22383182
130,208,0,34450,130,0,0,-4.9000325,0.007391303
113,155,0,25676,113,0,0,-2.2496257,0.09538176
69,81,0,13427,69,0,0,-1.4468827,0.19048178
164,51,0,8576,164,0,0,-2.5554368,0.07206208
55,103,0,17071,55,0,0,-0.60001826,0.3543395
37,16,0,2661,37,0,0,-6.0605316,0.0023277292
117,135,1,22396,117,0,0,-0.48195776,0.38178992
90,154,0,25500,90,0,0,-2.3401527,0.08785167
6,205,0,33841,6,0,0,5.8580747,0.9971514
28,73,0,12079,28,0,0,-5.031824,0.00648457
1,166,0,27401,1,0,0,1.1034765,0.75091094
162,128,0,21283,162,0,0,-2.2260983,0.09743121
133,66,0,11029,133,0,0,0.5005218,0.62258196
36,105,0,17348,36,0,0,-1.0229924,0.26444495
126,52,0,8709,126,0,0,-6.2530613,0.0019208567
53,31,1,5167,53,0,0,0.15102074,0.5376836
48,92,0,15227,48,0,0,-1.5240717,0.17886272
43,3,0,543,43,0,0,0.49306875,0.6208291
103,35,1,5892,103,0,0,5.513325,0.99598354
98,46,0,7687,98,0,0,-3.8064518,0.021743612
27,136,0,22475,27,0,0,-0.33299962,0.41751096
12,189,0,31186,12,0,0,-1.8952065,0.13065197
101,166,0,27496,101,0,0,1.1980937,0.7681855
91,41,0,6856,91,0,0,0.5923633,0.6439072
2,159,0,26241,2,0,0,-5.192435,0.005527731
48,7,0,1202,48,0,0,-5.51734,0.004000449
38,108,0,17849,38,0,0,-7.158983,0.0007772405
9,45,0,7449,9,0,0,-3.639886,0.025583632
159,104,0,17319,159,0,0,0.5452583,0.63303477
31,17,0,2824,31,0,0,-2.3459535,0.08738795
99,158,0,26168,99,0,0,-2.2082644,0.099010795
65,29,0,4851,65,0,0,-3.6486378,0.02536636
97,106,1,17586,97,0,0,-1.2868369,0.21638869
80,184,0,30440,80,0,0,4.8938775,0.9925634
15,17,0,2817,15,0,0,-2.7843866,0.058173746
34,165,0,27238,34,0,0,0.35970068,0.588968
2,141,0,23271,2,0,0,0.6650614,0.66039646
21,4,1,680,21,0,0,-1.2115886,0.22942008
8,162,0,26734,8,0,0,-1.5837462,0.17026559
132,195,0,32310,132,0,0,-1.7336619,0.15011978
79,210,0,34729,79,0,0,-1.3872161,0.19985257
46,120,0,19843,46,0,0,0.07030749,0.51756966
160,212,0,35144,160,0,0,-0.42033055,0.39643764
140,49,0,8226,140,0,0,-2.5427191,0.07291715
48,194,0,32057,48,0,0,-2.7069428,0.06256492
66,188,0,31075,66,0,0,0.52979,0.6294341
141,25,1,4267,141,0,0,2.6852574,0.9361511
59,77,0,12761,59,0,0,-3.9149299,0.01955204
150,192,0,31836,150,0,0,-0.80670893,0.30859226
35,2,0,355,35,0,0,-5.766597,0.003120624
89,70,0,11639,89,0,0,-5.222125,0.0053668916
157,7,0,1310,157,0,0,-5.30719,0.004931394
110,108,0,17939,110,0,0,-6.987999,0.0009220405
145,76,0,12686,145,0,0,0.40381843,0.5996047
112,52,0,8688,112,0,0,-6.066125,0.002314776
20,159,0,26242,20,0,0,-6.483033,0.0015268306
97,189,0,31281,97,0,0,-2.1731303,0.10218948
110,132,0,21899,110,0,0,-1.5884202,0.16960628
95,187,0,30949,95,0,0,2.282154,0.9073882
13,45,0,7464,13,0,0,-3.7945166,0.021998938
114,66,1,10997,114,0,0,0.88517064,0.70789254
41,110,0,18196,41,0,0,-2.5524,0.07226541
85,38,0,6358,85,0,0,-4.47705,0.011239144
22,169,0,27888,22,0,0,1.5046883,0.81827265
17,23,0,3813,17,0,0,-0.19603357,0.45114794
74,6,0,1067,74,0,0,-4.78747,0.008264642
145,152,0,25226,145,0,0,-1.5006385,0.18233031
143,13,0,2288,143,0,0,-3.5069342,0.029115576
46,80,1,13243,46,0,0,-1.1900811,0.23324443
123,116,0,19264,123,0,0,-1.6087704,0.1667594
98,96,0,15937,98,0,0,-2.5655694,0.071387455
124,161,0,26687,124,0,0,-1.30935,0.21259563
43,67,0,11103,43,0,0,-1.0101134,0.26695767
26,60,0,9909,26,0,0,2.5345635,0.9265296
86,205,1,33907,86,0,0,1.842813,0.8632811
32,89,0,14717,32,0,0,0.75030947,0.6792461
65,89,0,14751,65,0,0,1.272538,0.78117687
33,197,0,32531,33,0,0,-4.9055114,0.0073512145
113,208,0,34421,113,0,0,-4.8453465,0.0078035183
106,188,0,31123,106,0,0,0.4012652,0.5989916
37,69,1,11406,37,0,0,1.6485069,0.83868915
142,122,1,20270,142,0,0,0.28737825,0.57135415
148,109,0,18134,148,0,0,0.052310422,0.51307464
100,199,1,32946,100,0,0,3.449842,0.9692264
85,121,0,20053,85,0,0,-3.443199,0.03097233
56,153,1,25305,56,0,0,0.56761646,0.638213
97,47,1,7851,97,0,0,2.957387,0.9506115
130,47,0,7885,130,0,0,3.625354,0.9740516
104,189,0,31285,104,0,0,-1.8187962,0.13957839
114,154,0,25517,114,0,0,-2.1181884,0.107341535
84,124,0,20546,84,0,0,0.31833595,0.57891864
33,1,0,191,33,0,0,-2.9649737,0.049033567
152,43,0,7245,152,0,0,-7.4316177,0.00059187814
80,211,1,34895,80,0,0,4.7909813,0.99176407
22,64,0,10563,22,0,0,-2.226611,0.097386144
81,201,0,33248,81,0,0,0.43710285,0.6075685
70,97,0,16075,70,0,0,-1.0522288,0.25879735
161,65,1,10882,161,0,0,-2.7852817,0.05812473
163,166,0,27552,163,0,0,0.9269076,0.7164475
104,14,1,2410,104,0,0,1.0821929,0.7469087
110,77,0,12824,110,0,0,-4.448602,0.011559713
139,207,1,34293,139,0,0,-0.6657256,0.33945462
75,85,0,14092,75,0,0,-1.7205567,0.15179947
109,205,1,33937,109,0,0,2.5793967,0.92952377
147,121,0,20113,147,0,0,-1.3330519,0.20865498
137,166,0,27527,137,0,0,1.437464,0.80806166
44,83,0,13739,44,0,0,-7.445446,0.00058375456
107,125,0,20734,107,0,0,3.154689,0.9590931
104,125,1,20725,104,0,0,4.0525846,0.9829194
9,173,0,28569,9,0,0,1.481844,0.8148509
25,1,0,201,25,0,0,-3.2179618,0.038495354
27,61,0,10100,27,0,0,-2.7493546,0.060123112
66,8,0,1375,66,0,0,-2.687188,0.063733615
23,60,0,9905,23,0,0,3.3499706,0.96610385
106,74,0,12313,106,0,0,-3.427993,0.031431973
105,26,0,4406,105,0,0,-3.9907784,0.018149814
49,14,0,2351,49,0,0,0.9471409,0.7205398
11,177,0,29236,11,0,0,1.3505583,0.79422086
92,21,0,3557,92,0,0,-0.36931956,0.40870544
155,143,0,23746,155,0,0,-2.2051268,0.09929105
39,116,0,19154,39,0,0,-3.338664,0.034268342
142,156,0,25880,142,0,0,2.2216523,0.9021771
2,35,0,5781,2,0,0,5.2253876,0.9946505
97,115,1,19071,97,0,0,-1.5052519,0.18164353
112,64,0,10668,112,0,0,-3.3263166,0.034679327
76,83,0,13759,76,0,0,-7.1536274,0.00078141113
16,215,1,35497,16,0,0,3.9052567,0.9802617
98,169,0,27982,98,0,0,1.7809632,0.85581577
21,125,0,20645,21,0,0,5.904249,0.9972796
155,88,0,14671,155,0,0,-3.0660186,0.04453092
117,163,0,27016,117,0,0,-2.507802,0.07531304
96,89,1,14784,96,0,0,-0.20073569,0.44998392
138,84,0,13996,138,0,0,3.4361124,0.96881425
114,127,0,21062,114,0,0,-4.1024604,0.01626309
64,122,1,20193,64,0,0,0.6991598,0.6680015
119,16,0,2745,119,0,0,-3.1127305,0.04258518
30,78,0,12897,30,0,0,-3.7334242,0.023352444
55,163,0,26971,55,0,0,-2.5378308,0.07324829
92,43,0,7187,92,0,0,-7.808984,0.00040590565
150,62,1,10386,150,0,0,-3.1766849,0.0400526
137,25,1,4262,137,0,0,-0.84840566,0.2997674
51,18,0,3020,51,0,0,-4.5856733,0.010093954
90,179,0,29625,90,0,0,-3.740416,0.02319351
15,148,1,24432,15,0,0,-2.4343414,0.080591194
105,99,0,16451,105,0,0,-0.08859807,0.47786495
87,56,1,9327,87,0,0,0.8663772,0.7039913
36,188,0,31043,36,0,0,0.14655909,0.5365743
119,58,0,9675,119,0,0,-2.596381,0.0693717
95,142,0,23524,95,0,0,-3.6577947,0.025140954
125,134,0,22237,125,0,0,-0.43848222,0.3921027
23,15,0,2480,23,0,0,-1.3698707,0.20264074
137,125,1,20762,137,0,0,1.0060852,0.7322533
13,140,1,23139,13,0,0,-8.081104,0.0003092336
137,79,0,13172,137,0,0,-2.2513368,0.095234215
134,107,0,17789,134,0,0,-1.3357463,0.20821045
138,110,1,18286,138,0,0,-1.7369761,0.14969742
154,181,0,30025,154,0,0,-1.0821728,0.25309506
154,73,0,12205,154,0,0,-5.129234,0.0058862423
50,183,0,30253,50,0,0,0.039025366,0.5097551
5,117,1,19333,5,0,0,-4.7316628,0.008734837
147,176,0,29188,147,0,0,-2.4876509,0.07672845
34,148,0,24433,34,0,0,-2.9728448,0.04866784
52,169,0,27936,52,0,0,1.7590358,0.85308886
111,98,1,16284,111,0,0,-0.7462296,0.3216434
107,114,0,18919,107,0,0,0.7656987,0.6825897
87,72,1,11967,87,0,0,-0.6313368,0.3472075
138,210,0,34786,138,0,0,-0.6373792,0.3458392
93,132,0,21875,93,0,0,-1.1943142,0.23248823
162,112,0,18643,162,0,0,-1.2420561,0.22407828
34,97,0,16018,34,0,0,-1.6593184,0.1598535
33,114,0,18836,33,0,0,1.1633158,0.7619347
93,134,0,22205,93,0,0,-0.58301646,0.35823882
16,86,0,14212,16,0,0,-8.211311,0.00027149066
101,38,0,6376,101,0,0,-4.763009,0.008467562
31,150,0,24769,31,0,0,0.4792363,0.61756754
92,25,0,4217,92,0,0,-0.22417003,0.444191
55,147,0,24331,55,0,0,-1.3904083,0.19934258
20,6,0,997,20,0,0,-6.2259903,0.0019734625
148,59,0,9884,148,0,0,-3.2913232,0.035870057
66,155,0,25630,66,0,0,-2.1070104,0.10841732
36,84,0,13883,36,0,0,4.572428,0.98977286
74,116,1,19217,74,0,0,-1.2864563,0.21645321
74,85,1,14102,74,0,0,-1.6454241,0.16172835
88,39,0,6520,88,0,0,-0.13674876,0.465866
151,56,0,9394,151,0,0,1.743047,0.8510737
143,70,0,11693,143,0,0,-5.8850904,0.0027728847
163,62,0,10392,163,0,0,-3.4973483,0.029387774
110,161,0,26684,110,0,0,-1.3126521,0.21204339
25,187,0,30891,25,0,0,3.1205578,0.9577328
156,39,1,6588,156,0,0,-0.27688274,0.43121818
145,149,0,24731,145,0,0,-5.813903,0.0029768662
7,159,0,26235,7,0,0,-5.206797,0.005449337
85,209,1,34573,85,0,0,-2.1315925,0.1060639
112,124,0,20568,112,0,0,0.34813643,0.5861656
13,100,0,16539,13,0,0,-0.35875726,0.41126043
147,28,0,4768,147,0,0,-6.706689,0.0012212128
96,98,1,16269,96,0,0,-1.21208,0.22933322
103,198,0,32787,103,0,0,-1.3294983,0.20924236
27,21,1,3500,27,0,0,-0.73971415,0.32306665
129,128,0,21248,129,0,0,-3.6483529,0.025373405
139,111,0,18453,139,0,0,-0.0064667463,0.4983833
2,52,0,8586,2,0,0,-6.673986,0.001261759
127,150,0,24875,127,0,0,-0.22956222,0.44286016
128,44,0,7386,128,0,0,-2.1706061,0.1024213
21,24,0,3980,21,0,0,-1.3779562,0.20133746
122,214,1,35433,122,0,0,4.709092,0.9910675
140,213,0,35286,140,0,0,1.6761742,0.8423973
119,133,0,22050,119,0,0,-5.8135986,0.0029777691
73,88,0,14589,73,0,0,-3.7657146,0.022627218
163,135,1,22437,163,0,0,-0.8059575,0.3087526
9,144,0,23784,9,0,0,-5.042267,0.0064176377
108,149,0,24695,108,0,0,-5.8228464,0.0029504392
43,96,0,15888,43,0,0,-3.6557832,0.025190303
93,72,0,11975,93,0,0,-0.21770793,0.44578698
129,194,0,32138,129,0,0,-6.2287464,0.0019680415
140,98,0,16311,140,0,0,-0.71760106,0.32792145
46,161,0,26608,46,0,0,-1.3127902,0.21202032
15,201,1,33177,15,0,0,1.179682,0.7648906
151,200,0,33154,151,0,0,0.4014424,0.5990342
131,144,0,23891,131,0,0,-3.7777805,0.022361908
62,217,0,35878,62,0,0,-4.7951307,0.008202087
101,16,0,2746,101,0,0,-4.795888,0.008195929
159,14,0,2469,159,0,0,-0.5192523,0.3730271
88,9,0,1570,88,0,0,-0.9278389,0.28336334
70,46,0,7660,70,0,0,-3.6526694,0.025266876
47,92,0,15229,47,0,0,-1.4161243,0.19526988
12,79,0,13036,12,0,0,-2.2564702,0.09479282
128,103,0,17121,128,0,0,0.047198027,0.5117973
18,172,0,28418,18,0,0,-6.260988,0.0019057193
3,66,0,10900,3,0,0,2.1848557,0.89888126
95,150,0,24844,95,0,0,-0.70736855,0.33018056
91,79,0,13126,91,0,0,-1.7466943,0.14846462
16,26,0,4312,16,0,0,-3.7424257,0.023148024
26,148,0,24429,26,0,0,-1.6420844,0.16218165
70,40,0,6670,70,0,0,1.0411456,0.739071
86,14,0,2392,86,0,0,1.0901453,0.7484091
116,155,0,25677,116,0,0,-3.2475147,0.037416294
5,208,0,34348,5,0,0,-8.007081,0.0003329847
44,24,0,4004,44,0,0,-2.9094188,0.051689915
147,122,0,20278,147,0,0,0.41385156,0.602011
112,49,0,8193,112,0,0,-2.8494604,0.05470922
125,90,1,14977,125,0,0,0.15058857,0.53757614
132,176,1,29175,132,0,0,-2.2944493,0.09158371
110,4,0,779,110,0,0,-1.2477298,0.22309338
136,206,0,34122,136,0,0,0.5205037,0.6272655
158,80,1,13358,158,0,0,-2.2727773,0.093402766
9,65,0,10749,9,0,0,-1.9306636,0.12667716
139,32,0,5418,139,0,0,-3.0001445,0.047419347
122,88,0,14643,122,0,0,-2.8420234,0.055095106
159,131,0,21774,159,0,0,-3.735695,0.023300713
102,161,0,26680,102,0,0,-1.3337038,0.20854738
97,27,0,4551,97,0,0,-0.16106856,0.4598197
6,15,0,2491,6,0,0,-1.4735522,0.18640329
84,164,0,27146,84,0,0,0.68765426,0.6654449
80,186,0,30770,80,0,0,-3.290081,0.03591304
156,67,0,11208,156,0,0,0.44326943,0.6090378
73,132,0,21849,73,0,0,-1.5127208,0.18053591
98,90,0,14947,98,0,0,1.2791538,0.7823057
105,155,0,25691,105,0,0,-3.7837737,0.022231262
1,210,0,34661,1,0,0,-1.1147146,0.24699298
139,152,0,25218,139,0,0,-1.5733337,0.17174166
41,134,1,22156,41,0,0,-0.78040963,0.3142316
123,67,0,11179,123,0,0,0.26425695,0.5656825
141,193,1,31987,141,0,0,1.3693845,0.79728067
107,171,0,28324,107,0,0,0.8868012,0.7082296
109,39,1,6547,109,0,0,0.16508508,0.5411778
2,162,0,26736,2,0,0,-2.0726116,0.11178747
6,118,0,19486,6,0,0,-0.24676523,0.43861985
160,150,0,24914,160,0,0,-0.49912596,0.3777461
137,196,0,32477,137,0,0,3.920117,0.98054713
141,164,0,27202,141,0,0,0.40412742,0.59967893
12,151,0,24916,12,0,0,-5.212554,0.005418225
127,79,0,13160,127,0,0,-1.8803105,0.1323532
136,97,1,16137,136,0,0,-1.3662217,0.20323098
132,0,0,135,132,0,0,-4.630064,0.009659911
79,119,0,19714,79,0,0,-5.7246265,0.0032539496
46,169,0,27928,46,0,0,1.1971502,0.7680174
142,3,0,635,142,0,0,1.6016164,0.83224416
131,111,1,18446,131,0,0,-0.5591563,0.3637427
2,127,0,20961,2,0,0,-4.5771985,0.010178988
35,55,0,9100,35,0,0,-3.7990224,0.021902204
18,46,0,7628,18,0,0,-3.7431254,0.023132207
146,151,0,25059,146,0,0,-4.871332,0.007604873
85,138,0,22858,85,0,0,-6.8254056,0.0010846577
77,74,0,12264,77,0,0,-3.4972448,0.029390724
69,86,0,14252,69,0,0,-7.520619,0.0005415038
80,216,0,35720,80,0,0,1.5163748,0.82000405
152,8,0,1470,152,0,0,-2.497875,0.076007284
95,24,0,4054,95,0,0,-2.676448,0.06437749
102,138,0,22885,102,0,0,-6.5473804,0.0014318137
26,186,0,30699,26,0,0,-4.552111,0.010434884
15,198,0,32682,15,0,0,-1.4157891,0.19532256
26,18,0,2979,26,0,0,-4.2744784,0.013728219
49,202,1,33371,49,0,0,-6.2356024,0.0019546212
84,118,1,19556,84,0,0,-0.45082694,0.38916418
65,67,0,11121,65,0,0,-2.2610166,0.09440342
138,184,0,30496,138,0,0,4.828431,0.9920644
15,70,0,11562,15,0,0,-4.229181,0.014355242
5,24,0,3988,5,0,0,-2.5967813,0.06934586
16,39,0,6457,16,0,0,0.026943028,0.5067353
161,212,0,35137,161,0,0,0.8662426,0.7039633
5,93,0,15373,5,0,0,1.2390254,0.7753943
28,70,0,11584,28,0,0,-4.3160586,0.013176469
22,46,0,7593,22,0,0,-3.4108646,0.031957638
1,190,0,31361,1,0,0,0.17945898,0.54474473
120,137,1,22723,120,0,0,0.42578834,0.6048675
91,152,0,25171,91,0,0,-1.6285615,0.16402751
118,130,0,21563,118,0,0,-3.9484196,0.018920276
158,149,0,24743,158,0,0,-6.770375,0.0011459499
145,69,0,11531,145,0,0,1.0094557,0.7329136
134,100,0,16634,134,0,0,-0.3380584,0.4162812
102,64,1,10675,102,0,0,-2.1821914,0.10136115
27,25,0,4160,27,0,0,1.9386747,0.8742065
24,89,0,14722,24,0,0,0.7147366,0.6714469
140,90,0,14991,140,0,0,0.28755683,0.5713979
140,112,0,18621,140,0,0,-2.8947945,0.052411493
49,129,0,21326,49,0,0,-0.20008498,0.45014498
94,111,0,18408,94,0,0,0.040640414,0.5101587
141,62,0,10372,141,0,0,-3.305678,0.035376918
52,135,1,22326,52,0,0,0.11323112,0.5282776
55,67,0,11131,55,0,0,-0.34178656,0.41537556
31,28,0,4639,31,0,0,-6.51418,0.0014800767
121,54,0,9030,121,0,0,-3.1107183,0.042667296
38,65,0,10754,38,0,0,-3.3484316,0.033946563
22,29,0,4788,22,0,0,-3.2402635,0.037678335
26,71,0,11724,26,0,0,-2.630969,0.06717171
118,38,0,6383,118,0,0,-4.948596,0.0070434
158,28,0,4778,158,0,0,-6.9470696,0.0009605249
95,78,0,12964,95,0,0,-4.7328424,0.008724629
73,38,0,6339,73,0,0,-4.650238,0.009468811
53,158,0,26122,53,0,0,-2.797956,0.05743473
15,62,0,10242,15,0,0,-3.1070435,0.042817652
87,89,1,14772,87,0,0,1.0649886,0.74364275
16,76,0,12562,16,0,0,-0.6487404,0.34327343
12,211,0,34816,12,0,0,5.4736733,0.9958217
29,78,0,12885,29,0,0,-4.306962,0.013295276
95,124,0,20554,95,0,0,0.22343779,0.5556282
120,114,0,18928,120,0,0,0.8875689,0.7083882
42,170,0,28090,42,0,0,0.39597416,0.59772
27,4,1,695,27,0,0,-0.9520621,0.2784703
14,193,0,31847,14,0,0,2.7120676,0.93773496
147,186,0,30838,147,0,0,-5.383479,0.00457083
95,215,0,35569,95,0,0,3.8138044,0.9784122
148,124,1,20609,148,0,0,0.34585685,0.58561254
56,160,0,26460,56,0,0,0.79584885,0.6890858
159,166,0,27549,159,0,0,0.76778126,0.68304074
33,98,0,16196,33,0,0,-1.0313427,0.26282388
120,189,0,31303,120,0,0,-1.7672827,0.14588058
140,186,0,30831,140,0,0,-4.697393,0.009036615
128,203,0,33621,128,0,0,-5.417014,0.0044207554
133,16,0,2779,133,0,0,-2.5106876,0.07511233
120,135,1,22393,120,0,0,0.25868842,0.5643138
64,109,0,18048,64,0,0,0.1516535,0.5378409
81,29,0,4868,81,0,0,-3.5278454,0.028530246
117,9,0,1606,117,0,0,-1.5742924,0.17160533
104,98,0,16270,104,0,0,-1.0775065,0.25397816
145,29,0,4931,145,0,0,-3.9429882,0.01902136
155,202,0,33481,155,0,0,-4.631218,0.009648877
159,110,0,18309,159,0,0,-2.1525059,0.10409729
23,0,0,5,23,0,0,-4.8220606,0.007985894
39,43,0,7109,39,0,0,-10.726625,2.1952108e-05
64,117,0,19368,64,0,0,-4.133105,0.01578002
105,69,1,11501,105,0,0,1.3615332,0.79600877
71,4,0,717,71,0,0,-1.4261122,0.19370517
13,81,0,13404,13,0,0,-2.7213013,0.061728053
46,193,1,31888,46,0,0,1.8906503,0.86882967
146,62,0,10374,146,0,0,-2.960153,0.049258836
0,167,0,27572,0,0,0,-4.8908725,0.007458811
31,217,0,35824,31,0,0,-4.1152773,0.016059304
107,103,0,17104,107,0,0,0.13573262,0.5338811
69,78,0,12932,69,0,0,-4.235427,0.014267133
149,116,0,19287,149,0,0,-1.5283139,0.17824052
5,32,0,5308,5,0,0,-2.7424674,0.060513474
148,207,0,34304,148,0,0,-1.0363586,0.26185322
5,115,0,19003,5,0,0,-2.48099,0.07720165
84,10,1,1736,84,0,0,-3.0604825,0.044767067
54,14,0,2363,54,0,0,0.8361009,0.6976434
53,11,0,1867,53,0,0,-3.2768219,0.036374953
84,97,0,16091,84,0,0,-1.6274099,0.16418548
16,107,0,17677,16,0,0,-1.3786035,0.20123339
85,10,0,1738,85,0,0,-2.2083914,0.09899946
12,190,0,31351,12,0,0,0.77941424,0.68555385
81,3,0,578,81,0,0,0.014123589,0.50353086
147,129,0,21433,147,0,0,0.6779775,0.66328716
46,102,0,16873,46,0,0,-4.295677,0.013444132
41,212,1,35026,41,0,0,0.03647369,0.5091174
77,84,0,13914,77,0,0,3.7048628,0.9759872
109,207,0,34267,109,0,0,-0.8358857,0.30240202
69,101,0,16727,69,0,0,-0.85661495,0.29804707
11,215,0,35506,11,0,0,3.5108864,0.97099596
163,107,0,17817,163,0,0,-1.2961266,0.21481763
67,114,0,18869,67,0,0,0.675937,0.66283125
84,4,0,746,84,0,0,-1.1941953,0.23250945
28,102,0,16864,28,0,0,-4.887766,0.007481845
43,202,1,33378,43,0,0,-5.6296687,0.003576924
141,9,0,1627,141,0,0,-1.2570193,0.22148743
123,135,0,22399,123,0,0,-0.26575395,0.4339498
65,56,0,9306,65,0,0,2.1383681,0.8945768
154,70,0,11710,154,0,0,-4.188356,0.014944482
86,118,0,19552,86,0,0,-0.6006961,0.35418445
34,182,0,30043,34,0,0,5.2404184,0.9947299
54,170,0,28103,54,0,0,0.4608398,0.61321336
9,7,0,1179,9,0,0,-5.581055,0.003754438
96,131,0,21714,96,0,0,-3.4661076,0.03029211
161,30,0,5107,161,0,0,-3.0929344,0.043399647
116,132,0,21882,116,0,0,-1.2842627,0.2168255
93,211,0,34910,93,0,0,2.0047398,0.88129383
93,167,0,27650,93,0,0,-5.054805,0.006338183
13,2,0,369,13,0,0,-5.624288,0.0035961526
125,57,1,9532,125,0,0,5.065235,0.99372715
37,7,0,1176,37,0,0,-6.085123,0.0022713135
94,158,0,26163,94,0,0,-2.808399,0.056871995
142,2,0,470,142,0,0,-3.7072453,0.023957018
96,20,0,3399,96,0,0,-1.445529,0.1906906
68,40,0,6668,68,0,0,0.8594646,0.7025488
140,73,0,12186,140,0,0,-5.162038,0.005697365
52,208,0,34371,52,0,0,-4.9431906,0.007081305
87,140,1,23187,87,0,0,-4.8063245,0.008111527
130,160,1,26530,130,0,0,1.848752,0.86398053
134,80,0,13334,134,0,0,-1.5101135,0.18092197
90,136,0,22530,90,0,0,-0.19375515,0.4517122
64,213,1,35208,64,0,0,2.704118,0.9372692
36,67,0,11078,36,0,0,-0.54713184,0.3665301
125,191,0,31642,125,0,0,-0.6717749,0.3380995
81,157,0,25988,81,0,0,1.6257641,0.8355885
138,0,0,136,138,0,0,-4.6892476,0.009109848
39,180,0,29714,39,0,0,-3.4720879,0.030116936
14,143,0,23597,14,0,0,-2.2226942,0.09773098
25,211,1,34851,25,0,0,4.1807814,0.9849436
52,21,0,3516,52,0,0,-0.21282147,0.44699454
6,217,0,35821,6,0,0,-4.9862485,0.0067848945
101,117,0,19411,101,0,0,-4.576784,0.010183164
98,163,0,26992,98,0,0,-2.4914427,0.076460265
130,39,1,6565,130,0,0,-0.11527136,0.47121403
131,93,0,15476,131,0,0,0.20620364,0.551369
163,96,0,16002,163,0,0,-1.9814558,0.12116373
123,155,0,25699,123,0,0,-4.521803,0.010752535
128,47,0,7881,128,0,0,2.8972173,0.9477087
106,199,1,32938,106,0,0,3.747991,0.97697747
143,0,0,143,143,0,0,-4.4093733,0.012016643
127,18,0,3095,127,0,0,-5.722969,0.0032593298
42,64,0,10600,42,0,0,-1.7236085,0.15140694
63,134,0,22185,63,0,0,-1.1725193,0.2363999
0,164,0,27077,0,0,0,-1.3880434,0.1997203
157,117,0,19460,157,0,0,-4.6828995,0.009167331
155,30,0,5101,155,0,0,-2.961814,0.049181115
69,97,0,16067,69,0,0,-1.2385061,0.22469613
138,162,0,26866,138,0,0,-0.907273,0.2875582
100,67,0,11166,100,0,0,0.18795526,0.546851
31,172,0,28399,31,0,0,-5.5564566,0.0038475774
142,21,0,3605,142,0,0,-0.40714043,0.399598
18,27,0,4493,18,0,0,-0.7413593,0.32270697
104,52,0,8680,104,0,0,-5.6747007,0.0034199595
67,187,1,30914,67,0,0,1.9784815,0.8785192
77,76,0,12594,77,0,0,0.7913533,0.68812186
68,160,0,26468,68,0,0,1.6602418,0.84027046
45,109,0,18027,45,0,0,-0.09160784,0.47711405
63,11,0,1890,63,0,0,-2.7927995,0.057714522
52,20,0,3351,52,0,0,-2.1050944,0.10860266
160,28,0,4784,160,0,0,-7.06588,0.00085301517
117,189,0,31306,117,0,0,-2.50639,0.075411424
10,83,0,13725,10,0,0,-6.4334545,0.0016043122
78,19,0,3213,78,0,0,0.31880486,0.57903296
131,43,0,7226,131,0,0,-9.503237,7.460438e-05
7,53,1,8745,7,0,0,-2.557762,0.07190676
20,119,0,19642,20,0,0,-2.9252858,0.050917655
22,133,0,21948,22,0,0,-5.0439043,0.006407205
137,36,0,6077,137,0,0,-6.4160686,0.0016324028
116,201,0,33267,116,0,0,0.8586779,0.70238435
7,22,0,3630,7,0,0,-7.3205256,0.0006613765
33,186,0,30716,33,0,0,-3.8931623,0.019973714
104,161,0,26665,104,0,0,-1.0339096,0.26232687
130,92,0,15310,130,0,0,-1.7658682,0.14605692
60,56,0,9312,60,0,0,1.850095,0.86413825
129,23,0,3923,129,0,0,-0.0050034374,0.49874914
144,178,0,29515,144,0,0,-5.2257576,0.0053475355
22,77,0,12708,22,0,0,-4.077328,0.016670097
127,194,0,32135,127,0,0,-5.3158326,0.004889165
36,159,0,26258,36,0,0,-5.1541433,0.0057422617
36,197,0,32528,36,0,0,-4.231493,0.014322563
39,75,0,12389,39,0,0,-0.5688108,0.36151126
110,35,1,5894,110,0,0,5.192471,0.99447244
32,57,1,9437,32,0,0,5.408601,0.99554205
163,204,0,33822,163,0,0,-2.3217103,0.089340806
114,65,0,10832,114,0,0,-2.586478,0.07001376
89,74,0,12299,89,0,0,-3.7167168,0.023736542
24,147,0,24292,24,0,0,-1.0597432,0.25735855
12,82,0,13531,12,0,0,-2.7477083,0.060216207
124,175,1,28997,124,0,0,-0.6831854,0.33555073
56,16,0,2700,56,0,0,-2.6702287,0.064753115
80,51,0,8495,80,0,0,-1.6464207,0.16159329
72,215,1,35540,72,0,0,5.166134,0.9943258
91,217,0,35896,91,0,0,-3.7813501,0.022284003
103,54,0,9027,103,0,0,-3.6570537,0.025159122
100,146,0,24201,100,0,0,-0.2775901,0.4310447
148,75,0,12524,148,0,0,-0.7002507,0.33175665
48,181,0,29912,48,0,0,-1.745435,0.1486239
44,164,0,27104,44,0,0,0.8473107,0.70000273
21,153,0,25265,21,0,0,0.52047014,0.6272577
29,194,0,32025,29,0,0,-2.4593122,0.07876023
74,137,1,22682,74,0,0,0.3090555,0.57665473
116,199,1,32937,116,0,0,3.2626302,0.96312433
149,56,0,9387,149,0,0,1.3067129,0.78696257
18,148,0,24458,18,0,0,-3.2191224,0.03845242
14,192,0,31682,14,0,0,-0.6690502,0.33870953
147,128,0,21268,147,0,0,-2.294809,0.091553785
42,39,0,6475,42,0,0,0.45190048,0.611091
17,145,1,23943,17,0,0,2.7590063,0.94042
74,4,0,737,74,0,0,-0.6869134,0.33472008
35,64,0,10585,35,0,0,-2.9179842,0.051271666
103,92,0,15297,103,0,0,-1.3849764,0.20021096
13,161,0,26604,13,0,0,-1.4172943,0.1950861
51,25,1,4175,51,0,0,0.86359376,0.7034109
56,3,1,555,56,0,0,0.65658337,0.65849245
130,113,0,18775,130,0,0,-8.2041855,0.00027343162
87,209,0,34572,87,0,0,-2.2502248,0.095330074
20,183,1,30202,20,0,0,-2.3671267,0.08571404
37,113,0,18666,37,0,0,-8.957948,0.00012869357
133,13,0,2284,133,0,0,-2.7276406,0.061361913
98,16,0,2737,98,0,0,-3.4044156,0.03215775
14,100,0,16502,14,0,0,-0.71903354,0.32760584
98,91,0,15112,98,0,0,-1.8587937,0.1348437
55,91,0,15091,55,0,0,-2.1356459,0.1056802
117,56,0,9361,117,0,0,1.2177017,0.77165884
31,0,0,19,31,0,0,-4.4951663,0.011039591
3,196,1,32350,3,0,0,3.5384717,0.9717628
33,170,0,28076,33,0,0,0.33277702,0.5824349
122,174,1,28833,122,0,0,3.2228563,0.9616854
21,86,1,14210,21,0,0,-7.183429,0.000758485
117,58,0,9691,117,0,0,-1.0738071,0.25467974
93,141,0,23360,93,0,0,1.9864385,0.87936586
154,24,0,4120,154,0,0,-1.954154,0.12410111
113,97,0,16106,113,0,0,-1.3871863,0.19985732
83,10,1,1731,83,0,0,-1.9382682,0.12583824
51,143,1,23645,51,0,0,-2.059876,0.11305827
107,148,0,24529,107,0,0,-1.4782975,0.18568471
97,36,0,6036,97,0,0,-6.806059,0.0011058231
71,133,0,22002,71,0,0,-5.196235,0.0055068787
91,139,0,23026,91,0,0,-1.6309006,0.16370702
36,163,0,26918,36,0,0,-2.7442856,0.06041019
141,106,0,17632,141,0,0,-0.9358721,0.2817349
69,19,0,3197,69,0,0,-0.28633428,0.42890152
49,132,0,21821,49,0,0,-3.0675063,0.044467665
99,50,0,8348,99,0,0,-0.9528902,0.27830395
74,138,0,22847,74,0,0,-6.945487,0.0009620448
74,167,1,27632,74,0,0,-4.40805,0.012032363
145,70,0,11696,145,0,0,-4.7651935,0.0084492415
80,31,1,5195,80,0,0,0.025981307,0.50649494
35,112,0,18505,35,0,0,-2.5646272,0.07144994
77,191,0,31569,77,0,0,-3.1898649,0.03954891
98,151,0,25012,98,0,0,-4.988051,0.006772759
90,69,0,11475,90,0,0,1.6238701,0.83532816
108,161,0,26675,108,0,0,-1.4288905,0.19327162
9,175,1,28899,9,0,0,-0.6207669,0.34960705
143,102,0,16973,143,0,0,-3.8296745,0.021255093
143,132,0,21923,143,0,0,-1.0060828,0.26774716
0,129,0,21302,0,0,0,0.4640662,0.6139783
82,29,0,4869,82,0,0,-2.6531863,0.065792896
156,154,0,25563,156,0,0,-2.0184922,0.117274985
108,181,0,29975,108,0,0,-2.325766,0.089011386
42,16,0,2680,42,0,0,-4.688669,0.009115071
48,36,0,5987,48,0,0,-6.1074643,0.0022212437
87,10,1,1737,87,0,0,-2.903174,0.051996887
87,201,1,33252,87,0,0,1.3829515,0.7994646
100,188,0,31131,100,0,0,0.26782373,0.56655854
98,128,0,21217,98,0,0,-2.7297668,0.061239567
118,131,0,21728,118,0,0,-4.1104536,0.016135702
133,77,0,12844,133,0,0,-4.4597845,0.011432638
19,209,0,34518,19,0,0,-2.1250014,0.10669046
81,111,1,18398,81,0,0,0.32540828,0.58064175
51,86,0,14240,51,0,0,-7.106535,0.0008190591
89,164,0,27149,89,0,0,0.4721505,0.61589265
104,58,0,9670,104,0,0,-1.2965806,0.21474107
35,209,0,34510,35,0,0,-2.3145251,0.08992712
125,145,1,24052,125,0,0,3.7477212,0.9769714
61,51,0,8476,61,0,0,-2.0207098,0.11704562
111,195,0,32289,111,0,0,-1.1811078,0.23485307
98,4,0,757,98,0,0,-1.2852743,0.21665376
106,137,1,22708,106,0,0,0.29771549,0.57388395
38,0,0,29,38,0,0,-5.0549035,0.006337561
43,31,1,5163,43,0,0,0.18060124,0.545028
9,89,0,14709,9,0,0,0.7062072,0.6695626
102,163,0,27010,102,0,0,-2.657882,0.065504864
76,188,0,31084,76,0,0,0.44334078,0.6090548
38,80,0,13229,38,0,0,-1.3172047,0.21128373
134,155,0,25709,134,0,0,-1.963516,0.12308704
31,119,0,19654,31,0,0,-2.8984413,0.052230667
40,107,0,17700,40,0,0,-1.3947911,0.19864398
140,204,0,33801,140,0,0,-2.6442661,0.06634329
110,213,0,35264,110,0,0,2.3630557,0.91396636
15,191,0,31527,15,0,0,-1.2247617,0.22709957
126,107,0,17784,126,0,0,-1.2757661,0.21827178
15,63,0,10407,15,0,0,-4.1646123,0.01529807
135,157,1,26038,135,0,0,1.6106529,0.833502
143,112,1,18623,143,0,0,-1.4271529,0.19354269
35,38,0,6295,35,0,0,-4.524176,0.010727322
75,6,0,1057,75,0,0,-5.3782783,0.0045945547
149,44,0,7407,149,0,0,-2.0635464,0.11269073
109,85,0,14137,109,0,0,-1.4910135,0.18376966
1,35,0,5786,1,0,0,5.2886853,0.99497694
28,107,0,17689,28,0,0,-0.73155326,0.32485396
105,192,0,31796,105,0,0,-0.58153754,0.3585789
131,174,1,28841,131,0,0,3.1695175,0.9596709
121,16,0,2760,121,0,0,-2.5723624,0.070938446
22,167,0,27558,22,0,0,-3.1754708,0.040099304
40,189,0,31230,40,0,0,-1.8012817,0.14169511
93,99,0,16430,93,0,0,-0.35051477,0.4132576
118,123,0,20408,118,0,0,0.31613052,0.57838094
11,58,0,9601,11,0,0,-1.5458319,0.17568909
129,80,0,13328,129,0,0,-1.2532682,0.2221349
1,121,0,19976,1,0,0,-3.3935707,0.032497004
102,144,0,23875,102,0,0,-2.815341,0.056500785
114,4,0,767,114,0,0,-1.1243341,0.24520823
125,215,1,35602,125,0,0,4.649095,0.9905205
145,215,1,35621,145,0,0,4.2395372,0.98579055
25,33,0,5481,25,0,0,-3.9411,0.019056626
46,140,1,23143,46,0,0,-4.443138,0.0116223125
4,193,1,31853,4,0,0,1.9976172,0.8805467
106,35,1,5878,106,0,0,6.2631063,0.9980983
156,187,0,31008,156,0,0,2.363335,0.91398835
54,57,1,9458,54,0,0,4.590994,0.98995906
121,53,0,8865,121,0,0,-5.180751,0.005592332
137,30,0,5087,137,0,0,-2.2802422,0.092772566
74,205,1,33902,74,0,0,1.2822609,0.7828344
51,124,0,20510,51,0,0,0.4534586,0.6114612
74,90,0,14927,74,0,0,1.7638793,0.85369486
53,75,0,12427,53,0,0,-0.54045355,0.36808208
56,24,0,4020,56,0,0,-2.4200418,0.08165712
28,29,1,4819,28,0,0,-3.2073245,0.038891017
23,191,0,31520,23,0,0,-3.0378323,0.045745704
126,33,0,5574,126,0,0,-3.6929688,0.024293125
97,161,0,26661,97,0,0,-1.6802926,0.15705673
55,110,0,18226,55,0,0,-2.3224058,0.08928424
6,60,1,9916,6,0,0,3.0063412,0.95285976
90,138,0,22860,90,0,0,-6.6844463,0.0012486457
154,115,0,19135,154,0,0,-2.1394253,0.10532353
82,117,0,19389,82,0,0,-3.9751909,0.018429687
158,215,1,35633,158,0,0,2.99046,0.9521413
0,68,0,11237,0,0,0,-5.0352263,0.0064626876
105,187,1,30971,105,0,0,2.165738,0.8971303
63,55,0,9150,63,0,0,-4.023271,0.017579757
137,53,0,8882,137,0,0,-2.1705315,0.10242816
108,165,0,27335,108,0,0,0.8258559,0.69547796
140,167,0,27696,140,0,0,-3.9139445,0.01957094
6,7,0,1171,6,0,0,-6.5554757,0.001420286
78,105,0,17403,78,0,0,-1.0656424,0.25623268
58,134,0,22181,58,0,0,-0.8408435,0.30135715
56,96,1,15900,56,0,0,-2.1697502,0.10250001
143,202,0,33473,143,0,0,-3.9716744,0.018493406
46,132,0,21823,46,0,0,-1.5892527,0.16948906
111,203,0,33609,111,0,0,-5.950062,0.0025989076
3,46,0,7600,3,0,0,-3.714657,0.023784319
82,146,1,24174,82,0,0,-0.2487126,0.4381404
58,166,0,27461,58,0,0,1.2764993,0.78185326
17,193,0,31863,17,0,0,2.4087796,0.91749436
137,24,0,4097,137,0,0,-2.7226367,0.061650757
27,209,1,34520,27,0,0,-2.4879937,0.07670416
59,53,0,8801,59,0,0,-2.2941124,0.09161174
144,15,0,2620,144,0,0,-1.1398969,0.2423393
0,194,0,32027,0,0,0,-3.7446275,0.02309829
74,206,0,34067,74,0,0,1.1504302,0.7595895
120,94,0,15628,120,0,0,0.9752763,0.72616994
159,98,0,16329,159,0,0,-1.2382023,0.22474904
155,209,0,34636,155,0,0,-2.1650999,0.10292861
163,130,0,21612,163,0,0,-4.7889028,0.008252906
99,118,0,19568,99,0,0,-0.18568811,0.4537109
136,39,0,6567,136,0,0,-0.2692635,0.43308792
24,187,1,30892,24,0,0,2.9923477,0.95222723
30,163,0,26922,30,0,0,-2.15032,0.10430132
108,56,0,9350,108,0,0,1.6226025,0.8351537
100,168,0,27831,100,0,0,-0.45507377,0.3881551
77,10,0,1704,77,0,0,-2.3693516,0.08553984
146,143,0,23739,146,0,0,-1.8536849,0.13544083
126,198,0,32799,126,0,0,-1.4721415,0.18661733
17,181,0,29883,17,0,0,-2.0377948,0.11529147
49,96,0,15881,49,0,0,-2.7941847,0.057639234
51,63,0,10445,51,0,0,-3.7859783,0.02218339
143,106,0,17633,143,0,0,-2.5407357,0.07305134
128,115,0,19101,128,0,0,-1.6599307,0.1597713
163,39,0,6597,163,0,0,0.09771779,0.52441
141,12,0,2122,141,0,0,-0.51421255,0.3742065
149,139,0,23082,149,0,0,-1.668571,0.1586148
14,98,0,16172,14,0,0,-1.1298747,0.24418423
155,145,0,24076,155,0,0,3.4932897,0.97049624
61,155,0,25636,61,0,0,-2.63064,0.06719232
161,154,0,25567,161,0,0,-2.1626863,0.10315167
22,202,1,33333,22,0,0,-5.818056,0.0029645646
139,165,0,27363,139,0,0,1.5744336,0.82841474
62,201,1,33238,62,0,0,0.15161091,0.5378303
61,133,0,22006,61,0,0,-5.0287695,0.006504279
103,36,1,6057,103,0,0,-6.2516317,0.0019235994
112,5,0,933,112,0,0,-4.6900687,0.0091024395
87,137,1,22692,87,0,0,0.3471853,0.5859349
46,86,0,14233,46,0,0,-7.105937,0.00081954856
124,77,0,12827,124,0,0,-4.733206,0.008721487
51,9,0,1535,51,0,0,-1.4091957,0.19636095
0,216,0,35657,0,0,0,0.7600002,0.6813538
15,159,0,26247,15,0,0,-7.706248,0.0004498044
20,73,0,12052,20,0,0,-4.400092,0.012127331
131,121,0,20096,131,0,0,-3.2236104,0.038286824
143,148,0,24563,143,0,0,-0.6514278,0.34266785
77,169,0,27939,77,0,0,1.6270714,0.83576804
56,106,1,17550,56,0,0,-1.1017262,0.2494166
85,203,0,33583,85,0,0,-5.302622,0.004953861
82,181,0,29949,82,0,0,-1.9745834,0.12189744
76,63,0,10459,76,0,0,-3.7643392,0.022657655
40,114,0,18855,40,0,0,0.8671463,0.7041516
77,89,0,14739,77,0,0,-0.13465887,0.46638605
122,119,0,19758,122,0,0,-3.6351166,0.025702797
152,190,0,31500,152,0,0,-0.70127916,0.3315287
46,127,0,20998,46,0,0,-3.9037125,0.019768238
103,110,1,18267,103,0,0,-2.005081,0.118670486
16,133,0,21967,16,0,0,-7.443896,0.0005846597
8,128,0,21124,8,0,0,-3.7415497,0.02316784
155,212,0,35131,155,0,0,0.1277231,0.5318874
127,17,0,2930,127,0,0,-2.744236,0.060413007
88,190,0,31435,88,0,0,1.4222553,0.8056917
21,211,0,34835,21,0,0,1.1815295,0.7652227
146,27,0,4599,146,0,0,-0.34017992,0.41576576
136,89,1,14817,136,0,0,0.05662644,0.5141528
122,125,1,20748,122,0,0,5.9426966,0.9973819
94,135,1,22368,94,0,0,-0.08735195,0.47817588
51,177,0,29255,51,0,0,1.6030452,0.8324436
27,178,0,29405,27,0,0,-4.810183,0.008080541
153,203,0,33647,153,0,0,-5.4237957,0.0043910085
156,116,0,19293,156,0,0,-1.089761,0.2516633
37,15,0,2496,37,0,0,-2.2858396,0.09230253
34,142,0,23443,34,0,0,-2.2783713,0.092930146
32,152,0,25112,32,0,0,-0.997681,0.26939762
119,20,0,3405,119,0,0,-2.4874535,0.07674243
11,147,0,24286,11,0,0,-0.2439968,0.43930164
55,42,0,7006,55,0,0,0.33242851,0.58235013
104,31,0,5215,104,0,0,0.14506847,0.5362036
96,108,0,17919,96,0,0,-7.0115356,0.00090061146
37,120,0,19821,37,0,0,-0.11416043,0.47149086
155,184,0,30511,155,0,0,4.638919,0.99042445
32,203,0,33527,32,0,0,-6.2869997,0.0018568787
122,0,0,123,122,0,0,-4.8373485,0.007865688
4,141,0,23273,4,0,0,1.50788,0.8187468
44,52,0,8624,44,0,0,-6.417915,0.0016293965
126,95,0,15804,126,0,0,-4.010296,0.017805256
13,102,0,16869,13,0,0,-4.5903683,0.010047151
5,66,1,10918,5,0,0,2.3911552,0.91615033
84,90,0,14936,84,0,0,0.09571153,0.5239096
138,193,1,31981,138,0,0,2.333425,0.91160774
67,45,0,7484,67,0,0,-4.70544,0.0089648375
149,110,0,18297,149,0,0,-2.357314,0.08648616
146,182,1,30174,146,0,0,5.611967,0.9963594
143,38,0,6413,143,0,0,-3.4620628,0.030411148
77,178,0,29424,77,0,0,-5.360949,0.0046744933
33,207,0,34181,33,0,0,-0.7223872,0.32686752
31,26,0,4309,31,0,0,-4.0066957,0.017868325
97,28,0,4716,97,0,0,-6.814988,0.0010960037
114,131,0,21722,114,0,0,-4.0974145,0.016344015
29,25,0,4140,29,0,0,4.1200438,0.9840158
94,214,0,35403,94,0,0,4.3938437,0.98779756
160,19,0,3299,160,0,0,0.018033057,0.50450814
97,69,1,11481,97,0,0,2.0375974,0.8846884
14,113,0,18647,14,0,0,-8.194804,0.00027600813
62,117,0,19378,62,0,0,-4.3394766,0.012875414
55,79,0,13111,55,0,0,-1.8723252,0.13327292
44,78,0,12914,44,0,0,-4.7617087,0.008478486
10,66,1,10920,10,0,0,2.1167233,0.892518
77,208,0,34374,77,0,0,-6.356271,0.0017328201
27,205,0,33860,27,0,0,3.5394876,0.9717907
109,127,0,21067,109,0,0,-3.9311705,0.01924313
91,84,1,13951,91,0,0,3.620007,0.9739161
154,114,0,18970,154,0,0,0.60226053,0.6461733
136,45,0,7557,136,0,0,-4.8792887,0.007545059
46,175,1,28918,46,0,0,-0.3676952,0.40909806
111,15,0,2589,111,0,0,-1.1912475,0.2330359
153,109,0,18137,153,0,0,0.013191149,0.50329775
45,173,0,28587,45,0,0,1.4809577,0.8147172
142,142,0,23570,142,0,0,-2.6069245,0.0686941
64,204,0,33723,64,0,0,-3.206629,0.03891702
130,96,0,15970,130,0,0,-3.87323,0.020367641
124,64,0,10682,124,0,0,-3.1709602,0.040273286
154,46,0,7750,154,0,0,-3.5686598,0.02742053
30,0,0,27,30,0,0,-4.887829,0.0074813776
113,150,0,24851,113,0,0,0.511543,0.6251681
74,155,0,25652,74,0,0,-2.0979886,0.10929247
75,103,0,17062,75,0,0,-0.32334673,0.41986033
92,20,0,3392,92,0,0,-2.1305645,0.106161416
27,129,0,21320,27,0,0,0.46243376,0.6135914
108,166,0,27500,108,0,0,0.90748876,0.712486
162,45,0,7588,162,0,0,-3.954993,0.018798644
26,217,0,35814,26,0,0,-4.691802,0.009086819
49,73,0,12086,49,0,0,-4.5868773,0.010081931
86,212,0,35062,86,0,0,0.16424942,0.54097027
30,92,0,15207,30,0,0,-1.0083407,0.2673047
156,58,0,9723,156,0,0,-0.8824858,0.29266292
92,171,1,28307,92,0,0,0.26587737,0.5660805
124,164,0,27182,124,0,0,-0.006453097,0.49838674
27,195,0,32210,27,0,0,-1.273675,0.21862881
35,143,0,23620,35,0,0,-1.8963354,0.1305238
7,204,0,33660,7,0,0,-0.63586223,0.3461825
104,217,0,35905,104,0,0,-3.438709,0.03110737
27,207,0,34190,27,0,0,-0.55332124,0.36509418
89,20,0,3389,89,0,0,-2.3131847,0.09003688
72,143,0,23660,72,0,0,-1.8397527,0.13708055
19,93,0,15378,19,0,0,0.6601033,0.6592836
2,62,0,10236,2,0,0,-3.2123828,0.038702387
89,148,0,24509,89,0,0,-1.4059174,0.19687879
105,118,1,19586,105,0,0,-0.40716738,0.39959154
82,2,0,414,82,0,0,-5.0904903,0.006117349
93,71,0,11810,93,0,0,-3.6716309,0.024804065
37,86,0,14211,37,0,0,-7.269559,0.00069593446
47,136,1,22489,47,0,0,0.12156001,0.53035265
149,131,0,21762,149,0,0,-3.8214016,0.021427881
145,52,0,8726,145,0,0,-6.56077,0.001412797
142,16,0,2780,142,0,0,-3.1962245,0.039308053
57,144,0,23834,57,0,0,-3.5622518,0.02759194
117,209,1,34606,117,0,0,-2.2350433,0.096647434
129,3,1,623,129,0,0,0.06654158,0.5166293
135,49,0,8218,135,0,0,-3.29219,0.03584009
85,142,0,23518,85,0,0,-3.7587793,0.022781104
143,118,0,19613,143,0,0,-0.7292099,0.32536814
113,108,0,17921,113,0,0,-6.359538,0.0017271774
68,208,0,34388,68,0,0,-5.589486,0.0037230349
71,61,0,10122,71,0,0,-2.9650488,0.049030066
120,36,1,6058,120,0,0,-6.557563,0.001417329
111,173,1,28659,111,0,0,2.1432133,0.8950329
117,12,1,2101,117,0,0,0.06450343,0.51612025
88,61,0,10150,88,0,0,-2.6983328,0.06307181
35,14,0,2335,35,0,0,0.9279184,0.71665275
29,180,0,29715,29,0,0,-0.67351675,0.33770984
67,78,0,12929,67,0,0,-4.7149825,0.008880454
44,121,1,20009,44,0,0,-2.7259684,0.0614583
112,214,1,35418,112,0,0,4.6482286,0.9905123
103,58,0,9687,103,0,0,-2.0505323,0.1139986
30,94,0,15537,30,0,0,1.175667,0.76416785
106,30,0,5053,106,0,0,-2.2732997,0.09335854
117,97,0,16126,117,0,0,-1.505166,0.18165629
114,74,0,12317,114,0,0,-3.7814088,0.022282725
13,113,0,18684,13,0,0,-8.849295,0.00014346233
136,146,0,24222,136,0,0,-0.3821591,0.40560624
63,178,0,29445,63,0,0,-5.51099,0.0040258304
164,60,0,10061,164,0,0,3.9120488,0.98039263
136,105,0,17457,136,0,0,-0.9375277,0.2814
80,67,0,11135,80,0,0,0.25941524,0.5644925
22,65,1,10728,22,0,0,-3.2791033,0.036295068
31,109,0,18004,31,0,0,0.10354656,0.5258635
47,156,1,25789,47,0,0,2.206222,0.90080684
126,153,0,25374,126,0,0,0.4609744,0.6132453
83,138,0,22851,83,0,0,-7.0275536,0.0008863131
5,31,0,5143,5,0,0,-0.23027039,0.44268543
73,209,0,34554,73,0,0,-2.0759008,0.1114613
161,27,1,4612,161,0,0,-0.6876647,0.33455276
74,210,1,34727,74,0,0,-1.282043,0.21720266
81,171,0,28298,81,0,0,0.6321639,0.65297997
140,70,0,11691,140,0,0,-4.4359846,0.011704775
128,60,0,10026,128,0,0,3.2826505,0.9638288
145,14,1,2456,145,0,0,0.8621685,0.7031135
77,216,0,35694,77,0,0,2.7915812,0.9422192
25,167,0,27591,25,0,0,-4.577283,0.010178138
102,188,0,31135,102,0,0,0.33662874,0.58337134
21,45,0,7445,21,0,0,-4.146041,0.015580364
135,102,0,16963,135,0,0,-4.309218,0.013265715
10,37,1,6135,10,0,0,-3.3098679,0.03523421
98,139,0,23032,98,0,0,-1.5897207,0.1694232
75,215,0,35542,75,0,0,4.064578,0.9831196
55,184,0,30436,55,0,0,4.543259,0.9894733
77,205,0,33879,77,0,0,3.3898177,0.9673848
43,26,0,4338,43,0,0,-3.328538,0.03460504
62,115,0,19048,62,0,0,-1.3400102,0.20750839
33,33,0,5471,33,0,0,-3.7143707,0.023790969
18,204,0,33698,18,0,0,-2.580485,0.07040498
58,5,0,896,58,0,0,-5.83192,0.0029238667
82,54,0,8994,82,0,0,-4.4666452,0.011355358
129,43,0,7223,129,0,0,-7.611518,0.0004944757
130,203,0,33625,130,0,0,-5.473962,0.00417706
79,42,0,7009,79,0,0,0.3939337,0.5972293
111,63,0,10509,111,0,0,-3.951579,0.018861717
73,189,0,31254,73,0,0,-2.0384262,0.11522709
57,178,0,29444,57,0,0,-4.5714517,0.010237053
122,89,1,14808,122,0,0,0.16143641,0.5402717
142,179,0,29675,142,0,0,-5.155161,0.005736455
3,143,0,23605,3,0,0,-1.7675469,0.14584766
75,62,0,10297,75,0,0,-3.1098526,0.04270267
107,40,0,6709,107,0,0,1.0668142,0.7439906
106,31,0,5218,106,0,0,0.17372528,0.54332244
89,89,1,14774,89,0,0,0.06300181,0.5157452
24,38,0,6307,24,0,0,-5.3321795,0.004810273
148,160,0,26549,148,0,0,1.6341755,0.83674085
115,117,0,19409,115,0,0,-4.036488,0.01735294
74,166,0,27467,74,0,0,1.0446446,0.7397452
76,0,0,64,76,0,0,-4.5038247,0.01094546
133,118,0,19609,133,0,0,-0.6958399,0.3327352
98,106,1,17587,98,0,0,-1.0279224,0.2634871
121,101,1,16785,121,0,0,-1.1092124,0.24801776
72,203,0,33560,72,0,0,-5.2317047,0.0053159962
158,207,0,34313,158,0,0,-0.58041745,0.35883653
154,66,0,11050,154,0,0,1.6008008,0.83213025
59,212,0,35036,59,0,0,1.0872505,0.7478636
133,146,0,24229,133,0,0,0.3012219,0.5747412
86,162,0,26812,86,0,0,-1.2021637,0.23109053
124,88,0,14642,124,0,0,-3.7752519,0.022417257
75,209,0,34552,75,0,0,-2.252142,0.095164865
6,31,0,5131,6,0,0,0.064190984,0.51604223
134,14,0,2444,134,0,0,1.0772877,0.7459804
115,54,0,9014,115,0,0,-4.178981,0.015083123
89,158,0,26159,89,0,0,-2.858035,0.054267455
85,108,0,17908,85,0,0,-4.0579767,0.016990295
66,177,1,29260,66,0,0,1.2375474,0.7751368
148,50,0,8399,148,0,0,-0.15365171,0.46166247
1,38,0,6281,1,0,0,-4.4626975,0.011399763
96,159,0,26334,96,0,0,-6.4705176,0.00154603
85,159,0,26323,85,0,0,-5.4271865,0.00437621
82,93,0,15429,82,0,0,1.4804883,0.8146463
105,172,0,28496,105,0,0,-5.105521,0.0060266373
88,159,1,26320,88,0,0,-5.0335894,0.006473207
145,202,0,33476,145,0,0,-6.5914555,0.0013701617
132,112,0,18615,132,0,0,-2.2532465,0.095069796
56,88,0,14580,56,0,0,-3.1246898,0.042100236
71,105,0,17382,71,0,0,-1.3280275,0.20948583
10,195,0,32205,10,0,0,-2.2767878,0.09306372
49,92,0,15221,49,0,0,-3.1216052,0.04222481
25,191,0,31551,25,0,0,-1.8115273,0.14045365
120,152,0,25198,120,0,0,-1.4802296,0.18539274
137,5,0,962,137,0,0,-5.188139,0.005551396
20,192,0,31687,20,0,0,-1.1694374,0.23695669
113,176,0,29141,113,0,0,-2.490734,0.07651031
103,48,0,8037,103,0,0,-0.59433484,0.35564086
148,88,0,14669,148,0,0,-3.9454002,0.018976403
82,137,1,22689,82,0,0,0.4443826,0.6093028
85,191,0,31603,85,0,0,-3.4106102,0.03196551
149,149,0,24732,149,0,0,-5.152245,0.0057531097
49,99,0,16376,49,0,0,-1.1148369,0.24697024
115,27,0,4559,115,0,0,0.026190758,0.50654733
89,8,0,1409,89,0,0,-2.8895261,0.05267376
133,165,1,27364,133,0,0,1.8089797,0.8592385
28,166,0,27424,28,0,0,1.0282066,0.73656803
78,211,1,34893,78,0,0,1.8363452,0.86251587
151,68,0,11374,151,0,0,-3.2628117,0.03686924
96,104,0,17259,96,0,0,0.96750706,0.7246223
87,110,1,18237,87,0,0,-2.3953717,0.08352631
61,69,0,11446,61,0,0,1.1034427,0.7509046
89,14,1,2399,89,0,0,0.87620395,0.70603496
53,172,0,28432,53,0,0,-5.959077,0.0025756436
24,75,1,12412,24,0,0,0.24033442,0.55979604
36,181,0,29888,36,0,0,-2.0790663,0.11114818
39,93,0,15359,39,0,0,0.56536543,0.6376931
44,23,0,3839,44,0,0,-0.20944741,0.44782874
11,97,0,16036,11,0,0,-1.463151,0.18798587
73,148,0,24489,73,0,0,-1.6217737,0.1649604
78,148,0,24498,78,0,0,-1.329947,0.20916814
25,52,0,8616,25,0,0,-6.7146206,0.0012115765
130,198,1,32800,130,0,0,-1.4486308,0.19021237
25,106,1,17526,25,0,0,-0.9105797,0.28688124
10,150,0,24780,10,0,0,-1.9288692,0.12687579
80,62,0,10310,80,0,0,-3.3615806,0.033517983
54,207,0,34208,54,0,0,-0.53605974,0.36910465
24,200,0,33037,24,0,0,-0.28289253,0.42974478
63,109,0,18060,63,0,0,0.044839725,0.51120806
89,209,0,34574,89,0,0,-2.1640635,0.10302434
1,191,0,31526,1,0,0,-2.2429585,0.095958576
103,15,0,2592,103,0,0,-1.2517872,0.22239092
135,30,0,5083,135,0,0,-2.3921027,0.08377689
42,123,0,20335,42,0,0,0.10089186,0.5252016
151,38,0,6424,151,0,0,-4.3823466,0.012341778
31,118,1,19489,31,0,0,-0.07304478,0.4817469
77,85,0,14079,77,0,0,-1.8659196,0.13401456
84,88,0,14606,84,0,0,-3.2983718,0.03562709
150,88,1,14676,150,0,0,-3.8185472,0.021487813
81,122,0,20213,81,0,0,0.4569549,0.6122916
97,46,0,7686,97,0,0,-4.062825,0.016909506
48,40,0,6647,48,0,0,1.2958581,0.7851371
161,166,0,27547,161,0,0,0.7354836,0.67600745
22,143,1,23598,22,0,0,-1.8073056,0.14096409
22,81,0,13368,22,0,0,-1.2475181,0.22313008
12,28,0,4621,12,0,0,-7.014942,0.0008975514
73,116,0,19209,73,0,0,-1.5210819,0.17930226
86,176,0,29122,86,0,0,-2.4378433,0.0803321
159,210,0,34809,159,0,0,-1.1540723,0.23974605
120,95,0,15793,120,0,0,-3.736425,0.023284104
31,66,1,10909,31,0,0,1.0800884,0.7465107
50,123,0,20353,50,0,0,0.33803946,0.5837142
135,26,0,4423,135,0,0,-3.4571695,0.030555766
36,177,1,29228,36,0,0,1.6936009,0.8446971
40,66,1,10935,40,0,0,0.6999705,0.66818124
66,5,0,880,66,0,0,-6.1275296,0.002177214
24,164,0,27097,24,0,0,0.12463933,0.5311196
99,21,1,3563,99,0,0,-0.43637687,0.39260462
109,131,0,21727,109,0,0,-3.8221881,0.021411393
119,76,0,12645,119,0,0,0.61387205,0.64882356
136,61,0,10197,136,0,0,-2.7071695,0.062551625
82,38,0,6354,82,0,0,-4.474984,0.011262123
131,175,0,29006,131,0,0,-0.3247499,0.4195186
53,110,0,18202,53,0,0,-1.6230628,0.1647829
63,24,0,4035,63,0,0,-2.5170877,0.074668914
114,46,0,7697,114,0,0,-3.5509067,0.027897974
16,53,0,8767,16,0,0,-4.873567,0.007588024
93,98,0,16265,93,0,0,-0.8381689,0.30192056
13,64,0,10599,13,0,0,-2.288232,0.092102274
91,133,0,22036,91,0,0,-5.249179,0.0052243914
100,9,0,1596,100,0,0,-1.3221195,0.21046588
102,49,0,8200,102,0,0,-2.457069,0.07892314
122,60,1,10023,122,0,0,3.5960126,0.97329956
39,100,0,16514,39,0,0,-0.71620524,0.32822916
107,101,0,16774,107,0,0,-1.3510554,0.20569788
102,15,0,2590,102,0,0,-1.2319684,0.2258371
4,74,0,12218,4,0,0,-3.7653725,0.022634786
136,50,0,8382,136,0,0,-0.7612937,0.31836545
3,200,0,33010,3,0,0,-0.45081472,0.38916707
12,30,0,4951,12,0,0,-2.5442746,0.072812065
5,206,1,34018,5,0,0,0.88549787,0.7079602
45,102,0,16872,45,0,0,-4.029668,0.01746962
104,195,0,32275,104,0,0,-1.5745876,0.17156337
25,182,1,30066,25,0,0,5.477558,0.99583787
77,48,0,7974,77,0,0,-0.5097382,0.3752549
161,92,0,15337,161,0,0,-2.123467,0.10683679
33,216,0,35666,33,0,0,2.0492268,0.88586944
48,81,0,13412,48,0,0,-2.5465684,0.07265736
16,171,0,28237,16,0,0,0.2562213,0.5637072
99,180,0,29798,99,0,0,-1.2017608,0.23116213
97,18,0,3066,97,0,0,-4.678103,0.009211002
72,125,1,20690,72,0,0,3.293758,0.964214
144,68,0,11365,144,0,0,-3.2765286,0.036385234
30,177,0,29232,30,0,0,1.5651,0.82708395
134,174,1,28844,134,0,0,2.439138,0.9197635
138,53,1,8881,138,0,0,-1.7562566,0.1472598
117,65,0,10846,117,0,0,-3.927345,0.01931546
2,84,0,13866,2,0,0,4.2385015,0.98577607
4,82,0,13538,4,0,0,-2.4212787,0.08156441
158,50,0,8408,158,0,0,-1.2021158,0.23109904
153,20,0,3452,153,0,0,-2.1440873,0.104885034
81,121,0,20048,81,0,0,-3.2556796,0.037123334
104,34,0,5710,104,0,0,-0.16386253,0.4591258
45,67,0,11097,45,0,0,0.18927416,0.5471778
70,88,0,14590,70,0,0,-2.9658074,0.0489947
109,163,0,27007,109,0,0,-2.4118352,0.082274646
154,186,0,30850,154,0,0,-3.820696,0.021442678
14,206,0,33992,14,0,0,0.7216428,0.6729687
161,172,0,28537,161,0,0,-5.9141154,0.002693772
65,209,0,34551,65,0,0,-2.0057437,0.11860118
69,43,0,7157,69,0,0,-7.4676504,0.0005709428
117,81,0,13486,117,0,0,-2.201547,0.09961166
43,149,0,24633,43,0,0,-5.537641,0.0039203702
109,46,0,7702,109,0,0,-3.07716,0.04405928
82,66,0,10974,82,0,0,1.0233018,0.73561525
88,188,0,31105,88,0,0,0.578867,0.6408067
81,209,0,34568,81,0,0,-2.3768625,0.08495414
65,86,0,14256,65,0,0,-7.3543005,0.0006394257
7,133,0,21945,7,0,0,-4.933079,0.007152758
107,164,0,27169,107,0,0,0.7550824,0.6802851
94,100,0,16593,94,0,0,-1.0654907,0.25626156
64,76,0,12603,64,0,0,0.8630627,0.7033001
1,141,0,23276,1,0,0,0.65136105,0.6573171
46,195,0,32218,46,0,0,-0.11695182,0.47079533
13,148,0,24459,13,0,0,-3.2570636,0.037073895
151,6,0,1144,151,0,0,-4.997118,0.006712038
122,71,0,11838,122,0,0,-3.7017734,0.024085302
3,29,0,4795,3,0,0,-3.544548,0.028070938
161,200,0,33157,161,0,0,-0.14150941,0.46468157
159,194,0,32169,159,0,0,-3.2239108,0.038275767
94,97,0,16098,94,0,0,-1.4263985,0.19366045
3,131,0,21625,3,0,0,-3.3561306,0.033694983
56,97,0,16065,56,0,0,-1.240006,0.22443494
79,100,0,16579,79,0,0,-1.2476163,0.22311305
145,1,0,311,145,0,0,-2.9754202,0.04854874
80,131,0,21695,80,0,0,-3.9761267,0.018412765
143,143,0,23738,143,0,0,-2.3357315,0.08820661
139,83,0,13833,139,0,0,-7.2455993,0.0007127981
82,195,0,32259,82,0,0,-1.4726362,0.18654226
105,68,0,11336,105,0,0,-3.3631825,0.033466127
78,1,0,243,78,0,0,-2.948153,0.049823876
113,22,0,3731,113,0,0,-6.3758526,0.0016992755
40,118,1,19515,40,0,0,-0.25455165,0.4367035
33,125,0,20651,33,0,0,4.883669,0.99248767
142,101,0,16805,142,0,0,-0.4672259,0.38527304
109,183,1,30307,109,0,0,-0.055207312,0.48620167
35,186,0,30715,35,0,0,-3.5921183,0.026801812
95,161,0,26659,95,0,0,-1.6784761,0.15729736
111,105,0,17439,111,0,0,-0.80370486,0.30923358
70,207,0,34225,70,0,0,-0.7805378,0.314204
120,8,0,1438,120,0,0,-2.7174132,0.06195363
153,35,0,5927,153,0,0,5.4874644,0.99587876
77,212,0,35034,77,0,0,0.19770882,0.5492668
106,41,0,6868,106,0,0,0.7671801,0.68291056
48,54,0,8957,48,0,0,-3.548119,0.027973672
33,145,0,23951,33,0,0,1.9946985,0.8802393
21,1,1,185,21,0,0,-3.2804475,0.03624808
130,117,0,19435,130,0,0,-4.761546,0.008479853
151,187,1,31009,151,0,0,2.5886304,0.93012625
32,154,0,25442,32,0,0,-1.9847596,0.12081238
57,136,0,22514,57,0,0,-0.18247044,0.45450854
101,211,0,34921,101,0,0,1.433058,0.80737734
26,129,0,21294,26,0,0,0.5884386,0.6430068
1,25,0,4136,1,0,0,1.9434745,0.8747334
77,109,0,18039,77,0,0,-0.03948337,0.49013045
91,60,1,9991,91,0,0,2.8179011,0.9436355
124,14,1,2432,124,0,0,1.0647285,0.74359316
78,0,0,78,78,0,0,-4.247934,0.014092305
16,209,0,34507,16,0,0,-3.415091,0.031827148
91,150,0,24841,91,0,0,0.3360805,0.5832381
50,199,1,32893,50,0,0,3.3972323,0.9676179
70,215,1,35545,70,0,0,4.0478253,0.98283935
131,60,1,10031,131,0,0,2.6208875,0.9321938
33,93,0,15371,33,0,0,0.19067737,0.54752547
31,53,0,8764,31,0,0,-1.7601507,0.14677148
87,116,1,19227,87,0,0,-1.7885811,0.14324677
138,39,0,6571,138,0,0,-0.1896176,0.45273712
76,12,0,2044,76,0,0,0.42647356,0.60503125
36,68,0,11243,36,0,0,-3.1702797,0.040299594
112,68,0,11328,112,0,0,-3.5430775,0.028111087
27,128,1,21155,27,0,0,-3.7179744,0.023707416
147,75,0,12523,147,0,0,-0.5612814,0.36325103
69,200,0,33062,69,0,0,0.15965968,0.5398303
8,111,0,18319,8,0,0,0.5971518,0.6450044
121,131,0,21735,121,0,0,-3.997102,0.018037468
106,209,0,34588,106,0,0,-1.8813951,0.13222872
144,35,1,5920,144,0,0,5.2384124,0.9947193
6,176,0,29056,6,0,0,-2.6772788,0.06432747
70,149,0,24655,70,0,0,-4.9662085,0.0069212853
105,10,0,1766,105,0,0,-2.3144815,0.08993069
65,125,0,20691,65,0,0,3.2257712,0.96179265
42,32,0,5320,42,0,0,-2.3083868,0.090430744
135,148,0,24553,135,0,0,-1.4811127,0.1852594
97,156,1,25836,97,0,0,1.8496718,0.8640886
84,165,0,27311,84,0,0,0.21116668,0.5525964
148,136,0,22589,148,0,0,-0.13547553,0.46618283
135,147,0,24388,135,0,0,-1.504631,0.18173583
137,118,1,19607,137,0,0,-0.19027448,0.45257437
129,25,1,4253,129,0,0,-0.7433104,0.32228068
155,104,0,17311,155,0,0,0.7379984,0.676558
104,73,0,12145,104,0,0,-5.285511,0.005038924
82,114,0,18894,82,0,0,0.58363676,0.6419038
115,14,0,2414,115,0,0,0.5993173,0.6455001
113,184,0,30461,113,0,0,4.6166363,0.9902108
76,18,0,3034,76,0,0,-4.717752,0.008856111
85,192,0,31768,85,0,0,-0.7566487,0.3193743
44,152,0,25124,44,0,0,-2.121768,0.10699902
90,153,0,25335,90,0,0,0.02397579,0.50599366
52,86,0,14241,52,0,0,-7.115915,0.0008114185
8,115,0,18979,8,0,0,-1.3737323,0.2020175
71,44,0,7317,71,0,0,-2.0843692,0.110625364
155,159,0,26386,155,0,0,-4.407315,0.012041106
153,216,0,35792,153,0,0,1.5335941,0.8225316
83,20,0,3381,83,0,0,-1.3698664,0.20264144
8,141,0,23269,8,0,0,1.5624523,0.826705
63,174,0,28785,63,0,0,2.6872644,0.93627095
57,180,0,29774,57,0,0,-1.3563721,0.20483056
136,135,0,22407,136,0,0,0.14164865,0.53535306
28,103,0,17029,28,0,0,-0.5750922,0.36006266
33,159,0,26261,33,0,0,-4.8826365,0.007520031
77,43,0,7149,77,0,0,-8.015171,0.00033030257
144,22,0,3775,144,0,0,-6.7622085,0.0011553356
36,137,0,22628,36,0,0,0.35864866,0.5887133
44,77,0,12749,44,0,0,-4.838148,0.00785945
47,193,1,31894,47,0,0,1.538806,0.82329106
11,69,0,11416,11,0,0,0.9906022,0.72920686
23,17,0,2810,23,0,0,-2.2174144,0.098197535
9,23,0,3819,9,0,0,-0.13665566,0.46588916
79,122,0,20209,79,0,0,0.6270579,0.65182203
1,46,0,7601,1,0,0,-2.769199,0.05901148
109,186,0,30802,109,0,0,-4.87303,0.0075920685
113,139,0,23036,113,0,0,-1.4128883,0.19577889
16,73,0,12067,16,0,0,-5.2591906,0.005172617
128,66,0,11016,128,0,0,0.38937128,0.5961313
58,125,0,20696,58,0,0,3.3378317,0.9657041
133,99,0,16474,133,0,0,0.45356888,0.61148745
119,21,1,3570,119,0,0,-0.5169382,0.37356848
36,76,0,12563,36,0,0,0.55189234,0.63457453
90,89,1,14775,90,0,0,0.009386897,0.5023467
137,82,0,13667,137,0,0,-2.3504577,0.087029405
61,191,0,31576,61,0,0,-3.1671538,0.040420666
61,47,0,7816,61,0,0,2.0516534,0.8861146
138,50,0,8386,138,0,0,-0.49270993,0.37925538
132,81,0,13500,132,0,0,-2.524096,0.07418613
66,134,0,22165,66,0,0,-0.56785953,0.36173087
78,180,0,29778,78,0,0,-0.8211561,0.3055183
4,76,0,12548,4,0,0,0.1708231,0.54260224
153,7,0,1307,153,0,0,-4.867996,0.0076300907
127,102,0,16955,127,0,0,-4.37196,0.012469026
130,97,0,16135,130,0,0,-1.300786,0.21403275
33,138,0,22796,33,0,0,-8.573936,0.00018893162
112,105,1,17433,112,0,0,-0.8565444,0.29806182
87,100,0,16587,87,0,0,-0.9086236,0.28728157
108,62,0,10340,108,0,0,-3.421137,0.031641368
143,144,0,23903,143,0,0,-3.830583,0.0212362
24,198,0,32707,24,0,0,-2.9459338,0.04992904
97,188,1,31116,97,0,0,0.4118244,0.60152525
162,110,0,18313,162,0,0,-1.6180913,0.16546826
73,190,0,31419,73,0,0,0.047082484,0.51176846
133,116,0,19279,133,0,0,-0.7212054,0.3271276
58,146,0,24161,58,0,0,-0.22036266,0.44513118
130,56,1,9370,130,0,0,1.1994581,0.7684284
55,13,1,2221,55,0,0,-5.9253516,0.002663754
148,32,0,5429,148,0,0,-3.101094,0.04306215
119,6,0,1095,119,0,0,-4.5380616,0.010580962
99,89,1,14783,99,0,0,-0.018042952,0.4954894
143,61,0,10208,143,0,0,-1.7300124,0.150586
164,208,0,34481,164,0,0,-6.3906097,0.0016744249
59,44,0,7316,59,0,0,-2.0197392,0.11714596
95,128,0,21214,95,0,0,-2.5559301,0.0720291
129,82,0,13658,129,0,0,-1.8520262,0.13563517
120,39,1,6553,120,0,0,-0.46390867,0.386059
29,168,1,27735,29,0,0,-0.67952186,0.33636802
77,147,0,24309,77,0,0,-1.0388296,0.2613759
153,122,0,20282,153,0,0,0.17741704,0.54423827
48,189,0,31232,48,0,0,-0.6706964,0.33834094
24,180,0,29737,24,0,0,-1.895412,0.13062863
149,34,0,5757,149,0,0,-0.18821478,0.4530847
90,145,1,24015,90,0,0,3.184323,0.96024007
161,8,0,1477,161,0,0,-2.6170993,0.06804601
62,182,0,30103,62,0,0,4.891676,0.99254715
124,90,1,14972,124,0,0,0.32379788,0.58024955
97,83,0,13791,97,0,0,-7.088422,0.00083401747
26,16,0,2649,26,0,0,-3.254827,0.03715382
18,58,0,9608,18,0,0,-0.65281,0.3423566
17,171,0,28233,17,0,0,-0.20697337,0.44844058
101,8,0,1426,101,0,0,-2.0508225,0.113969296
19,22,0,3663,19,0,0,-5.8941913,0.0027478323
103,12,0,2097,103,0,0,-0.2994138,0.42570078
121,23,0,3915,121,0,0,0.06283747,0.5157042
107,86,0,14299,107,0,0,-7.3201847,0.0006616019
5,95,0,15703,5,0,0,-4.7121606,0.008905326
164,20,0,3461,164,0,0,-1.623105,0.16477709
43,177,0,29253,43,0,0,1.5124433,0.819423
85,8,0,1408,85,0,0,-2.7545667,0.05982926
99,213,0,35243,99,0,0,2.136739,0.89442307
143,39,0,6578,143,0,0,0.06885746,0.51720756
52,122,0,20181,52,0,0,0.71417814,0.6713237
133,50,0,8389,133,0,0,-0.5761812,0.35981178
9,21,0,3489,9,0,0,-0.800261,0.3099697
112,23,0,3903,112,0,0,-0.0019634664,0.49950913
62,136,0,22513,62,0,0,0.0617989,0.5154448
35,73,0,12070,35,0,0,-5.1698265,0.0056534125
16,22,0,3652,16,0,0,-8.115576,0.00029875862
41,42,0,6976,41,0,0,0.603536,0.6464649
4,182,0,30038,4,0,0,4.9774675,0.99315566
64,108,0,17883,64,0,0,-7.894968,0.000372475
58,142,0,23501,58,0,0,-2.38979,0.08395457
45,162,0,26772,45,0,0,-2.2357643,0.09658451
102,3,1,610,102,0,0,-0.10098633,0.47477484
15,111,0,18327,15,0,0,0.102217495,0.5255321
66,40,1,6655,66,0,0,1.1552277,0.7604645
71,87,0,14412,71,0,0,-0.5035954,0.3766961
162,96,0,16003,162,0,0,-2.159139,0.10348031
55,194,1,32086,55,0,0,-2.9424675,0.05009373
136,36,0,6072,136,0,0,-7.3755264,0.0006260047
133,34,0,5749,133,0,0,0.34500122,0.5854049
131,186,0,30821,131,0,0,-5.0835495,0.0061596935
138,11,0,1951,138,0,0,-2.9712234,0.04874297
36,44,0,7283,36,0,0,-2.325327,0.08904701
146,33,0,5589,146,0,0,-3.943469,0.019012388
24,34,0,5647,24,0,0,-0.056337595,0.48591933
91,78,0,12961,91,0,0,-4.010468,0.017802246
33,12,0,2006,33,0,0,-0.46934706,0.3847708
110,148,1,24539,110,0,0,-1.5111957,0.18076167
93,53,0,8840,93,0,0,-2.3027549,0.09089506
79,197,0,32584,79,0,0,-4.723163,0.0088087395
124,91,0,15137,124,0,0,-5.894721,0.002746381
69,28,0,4682,69,0,0,-6.8519173,0.0010563094
132,102,0,16965,132,0,0,-4.31213,0.013227651
150,125,0,20781,150,0,0,5.8210816,0.9970444
20,158,0,26077,20,0,0,-3.255937,0.037114132
67,168,0,27779,67,0,0,-0.5536781,0.36501148
109,189,0,31297,109,0,0,-0.9551844,0.2778434
14,42,0,6932,14,0,0,0.45254242,0.61124355
139,84,0,13998,139,0,0,3.6161323,0.97381747
106,23,0,3898,106,0,0,-0.027734697,0.49306676
117,138,0,22891,117,0,0,-7.5419874,0.0005300614
101,68,0,11326,101,0,0,-3.577482,0.027186232
14,80,0,13202,14,0,0,-1.3546822,0.20510595
30,87,0,14382,30,0,0,-0.71631867,0.32820415
11,153,0,25276,11,0,0,0.23725057,0.55903596
69,7,0,1217,69,0,0,-4.890194,0.007463836
107,165,0,27334,107,0,0,0.77644,0.6849123
51,110,0,18200,51,0,0,-2.4600494,0.078706756
159,54,0,9069,159,0,0,-2.8004792,0.057298288
36,110,1,18173,36,0,0,-2.0052936,0.118648246
137,164,0,27197,137,0,0,0.6589503,0.65902454
60,124,0,20532,60,0,0,0.022476017,0.50561875
72,180,0,29765,72,0,0,-1.0496254,0.25929704
127,93,0,15470,127,0,0,0.5133764,0.62559766
119,189,0,31290,119,0,0,-2.0791192,0.11114295
125,159,0,26362,125,0,0,-5.22174,0.0053689484
161,185,0,30682,161,0,0,0.12085983,0.53017825
31,74,0,12229,31,0,0,-3.6562912,0.025177829
151,33,0,5599,151,0,0,-3.4886937,0.029635647
98,44,0,7357,98,0,0,-2.1897123,0.10067814
11,195,0,32206,11,0,0,-1.4384553,0.19178466
19,206,0,34023,19,0,0,0.6482684,0.65662014
112,201,0,33273,112,0,0,-0.8553968,0.298302
94,3,0,588,94,0,0,1.2704847,0.78082573
49,67,0,11096,49,0,0,0.08669418,0.52166
127,145,0,24050,127,0,0,2.598014,0.9307337
6,203,0,33511,6,0,0,-5.774723,0.003095446
124,145,1,24047,124,0,0,3.4949558,0.9705439
120,14,1,2428,120,0,0,0.9095854,0.7129153
69,184,1,30422,69,0,0,4.790511,0.99176025
53,30,0,5002,53,0,0,-1.9768655,0.12165337
27,27,1,4490,27,0,0,-0.025757194,0.49356106
129,206,0,34118,129,0,0,0.6624931,0.6598202
137,210,0,34787,137,0,0,-1.8893008,0.13132422
40,98,0,16215,40,0,0,-0.66159064,0.3403824
116,85,0,14127,116,0,0,-1.6088889,0.16674294
115,51,0,8519,115,0,0,-2.73282,0.061064273
114,168,1,27827,114,0,0,-0.674287,0.33753756
75,105,0,17392,75,0,0,-0.75354636,0.32004905
160,27,0,4619,160,0,0,-0.84783196,0.29988784
45,119,0,19677,45,0,0,-1.9626791,0.123177394
117,106,0,17611,117,0,0,-1.1657844,0.23761782
95,162,0,26824,95,0,0,-1.8169963,0.13979468
49,19,0,3176,49,0,0,-1.285784,0.21656726
71,16,0,2697,71,0,0,-2.7723894,0.058834564
70,63,0,10465,70,0,0,-3.8780382,0.020271925
20,194,0,32017,20,0,0,-4.302782,0.013350223
59,131,0,21671,59,0,0,-3.4464374,0.030875282
143,20,0,3443,143,0,0,-1.7462816,0.1485168
97,12,1,2076,97,0,0,0.022542357,0.5056353
151,210,0,34804,151,0,0,-1.3575959,0.2046313
158,88,0,14678,158,0,0,-4.117228,0.016028509
28,23,0,3829,28,0,0,0.05694358,0.51423204
2,39,0,6441,2,0,0,0.33782405,0.58366185
133,67,0,11194,133,0,0,0.3843792,0.59492886
86,9,0,1567,86,0,0,-1.0533679,0.2585789
111,131,0,21729,111,0,0,-3.9055986,0.019731723
34,179,0,29548,34,0,0,-5.2908006,0.005012474
72,175,0,28940,72,0,0,-0.17080021,0.45740345
121,83,0,13815,121,0,0,-7.701767,0.00045182352
25,203,0,33531,25,0,0,-5.5288515,0.0039548436
124,194,0,32132,124,0,0,-2.8164363,0.056442425
60,47,0,7827,60,0,0,3.36733,0.9666678
26,102,0,16839,26,0,0,-4.135292,0.015746087
136,93,0,15477,136,0,0,0.72261214,0.67318195
152,76,0,12690,152,0,0,1.0535424,0.74145454
61,203,1,33556,61,0,0,-5.6846905,0.0033860803
162,56,0,9403,162,0,0,1.2799044,0.7824335
99,114,0,18908,99,0,0,0.8772202,0.70624584
91,107,0,17746,91,0,0,-1.08092,0.25333196
109,64,1,10672,109,0,0,-2.886139,0.052843034
7,208,0,34320,7,0,0,-4.760682,0.008487121
74,121,1,20042,74,0,0,-2.90125,0.05209181
96,7,0,1254,96,0,0,-5.4957504,0.0040874
42,51,0,8455,42,0,0,-1.7252097,0.15120134
20,146,0,24097,20,0,0,-0.4102003,0.3988641
48,122,0,20177,48,0,0,0.5115022,0.62515855
81,13,0,2228,81,0,0,-3.344984,0.034059804
141,11,0,1957,141,0,0,-3.1013494,0.04305163
155,118,0,19621,155,0,0,-0.0942498,0.47645497
60,88,0,14592,60,0,0,-2.7103322,0.062366426
84,199,1,32921,84,0,0,3.2549539,0.9628507
137,33,0,5582,137,0,0,-3.8720517,0.020391162
27,156,0,25775,27,0,0,2.0431697,0.88525563
152,40,0,6750,152,0,0,-0.030711114,0.49232283
82,50,0,8334,82,0,0,-0.19977087,0.45022273
28,129,0,21319,28,0,0,0.29086965,0.572209
76,119,0,19699,76,0,0,-3.6705582,0.024830025
43,89,0,14733,43,0,0,1.2541971,0.77802557
107,211,0,34924,107,0,0,1.2697523,0.7807003
70,99,0,16405,70,0,0,-0.54994357,0.3658775
45,216,0,35682,45,0,0,1.3922071,0.8009444
65,160,0,26466,65,0,0,0.26856327,0.56674016
72,138,0,22835,72,0,0,-7.0753813,0.0008449555
50,168,1,27778,50,0,0,-0.667126,0.33914068
49,115,0,19016,49,0,0,-2.7671566,0.05912499
5,12,0,2008,5,0,0,-0.99568164,0.2697913
106,62,0,10333,106,0,0,-3.1329756,0.041767355
134,168,0,27854,134,0,0,-0.83985525,0.30156526
4,205,0,33833,4,0,0,2.6104753,0.93153274
40,81,0,13410,40,0,0,-1.3913488,0.19919251
101,54,0,9016,101,0,0,-4.296748,0.013429935
52,100,0,16551,52,0,0,-0.75393826,0.31996378
78,157,0,25983,78,0,0,1.7077262,0.8465411
137,1,0,302,137,0,0,-2.0392694,0.115141146
129,174,1,28838,129,0,0,3.377264,0.96698636
101,213,0,35251,101,0,0,2.1350482,0.89426327
3,194,0,32020,3,0,0,-3.2998438,0.03557655
57,46,0,7664,57,0,0,-3.3610024,0.033536717
147,156,1,25888,147,0,0,2.4401274,0.91983646
24,87,0,14392,24,0,0,-1.4002979,0.19776885
129,94,1,15638,129,0,0,1.2606533,0.77913857
104,117,0,19405,104,0,0,-4.530337,0.010662138
79,196,0,32419,79,0,0,3.977754,0.9816166
27,182,1,30065,27,0,0,4.9466953,0.9929433
9,31,0,5139,9,0,0,0.06729263,0.5168168
19,102,0,16863,19,0,0,-4.298321,0.013409114
50,55,0,9133,50,0,0,-3.0807056,0.043910183
36,166,1,27413,36,0,0,1.259424,0.7789269
116,65,1,10827,116,0,0,-2.9251847,0.050922543
121,204,0,33780,121,0,0,-2.8034887,0.057135943
16,121,0,19987,16,0,0,-5.4694595,0.00419583
130,197,0,32635,130,0,0,-3.2700353,0.036613584
149,75,1,12522,149,0,0,-0.7687555,0.31674838
25,20,0,3336,25,0,0,-1.6227953,0.16481972
146,148,0,24564,146,0,0,-1.4103656,0.1961764
120,76,0,12658,120,0,0,0.52686584,0.6287518
100,208,0,34431,100,0,0,-5.304772,0.004943274
121,95,0,15795,121,0,0,-4.3463,0.0127889775
60,106,0,17562,60,0,0,-1.1433306,0.24170938
29,37,0,6120,29,0,0,-3.9768362,0.018399946
66,68,0,11275,66,0,0,-3.3968663,0.032393545
158,104,0,17318,158,0,0,0.6567064,0.65852016
115,149,0,24689,115,0,0,-5.121214,0.005933358
25,84,1,13896,25,0,0,3.8834963,0.9798362
115,199,1,32939,115,0,0,3.3998117,0.96769863
92,172,0,28472,92,0,0,-5.5358014,0.003927561
99,100,0,16598,99,0,0,-0.4956251,0.37856933
51,173,1,28595,51,0,0,1.853127,0.86449385
152,54,0,9060,152,0,0,-4.394672,0.012192438
157,20,0,3455,157,0,0,-1.9616537,0.12328819
80,191,0,31595,80,0,0,-1.8802078,0.132365
118,150,0,24863,118,0,0,-0.21367347,0.44678396
151,77,0,12859,151,0,0,-4.35132,0.012725757
144,148,0,24565,144,0,0,-1.452904,0.18955505
142,166,0,27530,142,0,0,1.6004,0.8320743
158,131,0,21773,158,0,0,-5.8996105,0.0027330222
46,77,0,12748,46,0,0,-5.022466,0.0065451376
63,60,0,9975,63,0,0,1.0647166,0.74359083
157,113,0,18800,157,0,0,-7.101352,0.00082331157
57,156,1,25814,57,0,0,2.1261053,0.8934147
56,112,1,18540,56,0,0,-0.67611504,0.33712894
142,36,0,6080,142,0,0,-5.472744,0.0041821287
135,16,0,2773,135,0,0,-4.5893917,0.010056868
112,35,1,5883,112,0,0,6.8315067,0.99892193
20,84,1,13867,20,0,0,4.0123425,0.9822305
91,213,0,35236,91,0,0,2.1287975,0.8936708
49,25,1,4166,49,0,0,2.2276254,0.902703
21,34,0,5630,21,0,0,-0.0047202706,0.49881995
78,21,0,3543,78,0,0,-0.11304657,0.4717684
45,99,0,16377,45,0,0,-0.28768522,0.42857066
32,40,1,6632,32,0,0,2.3992789,0.9167723
85,27,0,4543,85,0,0,-0.39071742,0.4035446
105,167,1,27671,105,0,0,-4.9876995,0.0067751235
93,68,0,11315,93,0,0,-3.4582253,0.030524509
47,43,0,7144,47,0,0,-7.452066,0.0005799051
23,32,0,5285,23,0,0,-3.3016348,0.03551515
120,130,1,21568,120,0,0,-4.3268013,0.013037512
37,0,0,21,37,0,0,-4.533225,0.010631716
72,73,0,12110,72,0,0,-5.3358583,0.004792694
79,14,0,2389,79,0,0,1.492013,0.8163802
131,129,1,21416,131,0,0,0.551205,0.6344151
65,31,0,5181,65,0,0,0.09748101,0.524351
128,202,0,33456,128,0,0,-6.9341154,0.0009730366
17,163,0,26913,17,0,0,-2.7032862,0.062779725
145,27,0,4601,145,0,0,-0.43321598,0.39335865
88,12,0,2065,88,0,0,0.045648813,0.51141024
121,97,0,16125,121,0,0,-1.4604704,0.18839538
27,102,0,16865,27,0,0,-4.2861533,0.013571039
105,203,0,33611,105,0,0,-5.8458056,0.0028836643
112,75,0,12483,112,0,0,-0.4425475,0.3911341
78,136,0,22518,78,0,0,0.061211526,0.5152981
157,138,0,22925,157,0,0,-7.05591,0.0008615547
13,107,0,17694,13,0,0,-1.1456494,0.24128462
131,161,0,26696,131,0,0,-0.8547092,0.29844594
83,102,0,16911,83,0,0,-3.8925476,0.01998575
146,133,0,22089,146,0,0,-5.717985,0.0032755611
127,40,0,6725,127,0,0,0.9329143,0.71766615
97,49,0,8181,97,0,0,-2.2416866,0.09606898
132,113,1,18780,132,0,0,-6.2477174,0.0019311291
70,205,1,33895,70,0,0,3.126812,0.9579853
75,203,0,33562,75,0,0,-5.398395,0.0045034625
120,64,1,10678,120,0,0,-2.7646487,0.05926466
116,154,0,25512,116,0,0,-2.1232948,0.10685322
124,54,0,9032,124,0,0,-4.165829,0.015279749
93,120,0,19895,93,0,0,-0.016460508,0.49588495
158,73,0,12203,158,0,0,-5.313776,0.004899181
52,77,0,12756,52,0,0,-4.8551064,0.007728313
84,180,0,29786,84,0,0,-1.4195571,0.19473103
1,86,0,14201,1,0,0,-7.6937556,0.00045545612
81,52,0,8663,81,0,0,-6.0734825,0.0022978464
3,20,0,3310,3,0,0,-1.2499735,0.22270472
71,152,0,25137,71,0,0,-2.1955578,0.10015011
81,190,0,31433,81,0,0,0.9734022,0.7257971
126,28,0,4749,126,0,0,-6.7444773,0.0011759794
50,63,0,10453,50,0,0,-4.6317687,0.009643616
25,105,0,17361,25,0,0,-1.3015931,0.21389703
23,68,1,11225,23,0,0,-2.818428,0.056336444
155,111,0,18466,155,0,0,0.65556854,0.6582642
136,99,0,16467,136,0,0,-0.93781465,0.28134197
136,18,0,3102,136,0,0,-4.0053825,0.017891387
107,186,0,30799,107,0,0,-5.100693,0.0060556275
95,136,0,22534,95,0,0,-0.23486018,0.44155335
81,205,0,33908,81,0,0,2.715789,0.9379519
93,151,0,25010,93,0,0,-4.9077682,0.007334764
69,125,1,20687,69,0,0,1.8871188,0.8684267
3,123,0,20305,3,0,0,0.5064825,0.62398154
30,189,0,31212,30,0,0,-1.0824525,0.2530422
94,23,0,3888,94,0,0,-0.2588908,0.4356364
91,38,0,6361,91,0,0,-4.178669,0.015087756
20,45,0,7432,20,0,0,-3.8324904,0.02119659
132,88,0,14655,132,0,0,-3.5095704,0.029041149
93,162,0,26825,93,0,0,-2.1363668,0.10561208
44,148,0,24464,44,0,0,-1.520288,0.17941912
23,141,0,23270,23,0,0,1.3415213,0.79274
29,195,0,32190,29,0,0,-0.7213733,0.32709065
54,82,0,13583,54,0,0,-2.5323026,0.07362445
31,70,0,11569,31,0,0,-4.1654506,0.015285447
119,152,0,25185,119,0,0,-2.7474594,0.060230292
92,44,0,7352,92,0,0,-1.8765423,0.13278653
25,168,0,27756,25,0,0,-0.6048723,0.3532298
55,161,0,26641,55,0,0,-1.13275,0.24365395
30,214,0,35337,30,0,0,3.731493,0.97660345
35,177,0,29230,35,0,0,0.805558,0.69116217
13,85,0,14064,13,0,0,-3.108815,0.042745106
5,56,1,9268,5,0,0,-0.61126107,0.3517716
14,78,0,12872,14,0,0,-4.793869,0.008212357
44,207,0,34199,44,0,0,-0.90111,0.28882244
163,52,0,8742,163,0,0,-7.2225947,0.00072937366
112,110,0,18258,112,0,0,-2.1930232,0.10037876
111,93,0,15459,111,0,0,0.68350774,0.66452116
154,91,0,15175,154,0,0,-3.9929185,0.018111717
124,50,0,8372,124,0,0,-0.52239823,0.37229162
135,66,1,11023,135,0,0,0.85146874,0.70087516
108,206,0,34100,108,0,0,1.0161197,0.7342161
93,107,0,17750,93,0,0,-1.052459,0.25875318
74,5,0,902,74,0,0,-5.5223856,0.0039803963
147,196,0,32488,147,0,0,2.4784346,0.9226161
133,63,0,10534,133,0,0,-3.4530506,0.030678013
53,163,0,26947,53,0,0,-2.8026466,0.057181325
133,44,0,7399,133,0,0,-2.2212334,0.09785987
156,159,0,26388,156,0,0,-4.2858067,0.01357568
136,199,1,32967,136,0,0,3.5369406,0.97172076
52,179,0,29586,52,0,0,-5.6127043,0.0036378996
109,126,0,20902,109,0,0,-3.2117748,0.03872501
86,142,0,23512,86,0,0,-3.614643,0.026220506
22,148,1,24423,22,0,0,-1.1480488,0.24084567
134,6,1,1124,134,0,0,-4.463195,0.011394159
16,7,0,1177,16,0,0,-6.3505793,0.0017426934
161,62,0,10387,161,0,0,-2.9958668,0.047612946
95,97,0,16099,95,0,0,-1.5806441,0.17070428
7,85,0,14025,7,0,0,-1.5228758,0.17903844
160,199,1,32999,160,0,0,3.0155492,0.9532717
141,165,0,27367,141,0,0,1.0032763,0.73170227
0,165,0,27242,0,0,0,-0.1258513,0.46857864
130,155,0,25705,130,0,0,-2.1417985,0.10510011
128,7,0,1281,128,0,0,-5.3597064,0.0046802782
55,187,0,30931,55,0,0,2.0625439,0.887209
21,164,0,27080,21,0,0,0.6792279,0.66356635
5,51,0,8443,5,0,0,-2.746042,0.060310572
1,119,0,19646,1,0,0,-3.3258986,0.034693323
89,195,0,32264,89,0,0,-1.3061507,0.21313168
95,71,0,11809,95,0,0,-2.8764856,0.05332828
100,205,0,33936,100,0,0,2.445636,0.9202417
10,186,0,30720,10,0,0,-3.9793434,0.018354718
88,148,0,24505,88,0,0,-1.4428816,0.19109951
110,152,0,25199,110,0,0,-1.5348351,0.17728736
98,143,0,23692,98,0,0,-2.3939965,0.08363164
127,94,0,15635,127,0,0,1.3879461,0.8002642
78,30,0,5028,78,0,0,-2.4366956,0.08041693
105,145,1,24041,105,0,0,3.0742233,0.95581686
152,129,0,21435,152,0,0,0.61646944,0.64941514
97,125,1,20721,97,0,0,2.9316416,0.9493886
78,85,0,14103,78,0,0,-1.6159737,0.16576089
55,76,0,12616,55,0,0,0.91839784,0.71471554
130,109,0,18115,130,0,0,0.10276669,0.5256691
33,118,0,19496,33,0,0,-0.3436075,0.41493344
3,217,0,35815,3,0,0,-4.435646,0.011708692
19,201,0,33198,19,0,0,0.04897827,0.51224214
151,198,0,32824,151,0,0,-1.6851153,0.1564193
124,71,0,11837,124,0,0,-3.9358845,0.019154364
18,174,1,28748,18,0,0,1.2010379,0.76870936
6,90,0,14866,6,0,0,0.26938248,0.5669413
106,95,0,15778,106,0,0,-3.4608173,0.030447895
95,212,0,35074,95,0,0,0.24797577,0.56167823
47,155,0,25624,47,0,0,-3.7184434,0.023696564
108,160,0,26510,108,0,0,0.30110636,0.57471293
19,48,0,7953,19,0,0,-0.4802254,0.3821989
29,117,0,19320,29,0,0,-4.256343,0.013975948
130,77,0,12835,130,0,0,-4.568174,0.010270318
132,18,0,3105,132,0,0,-4.837502,0.00786449
134,138,0,22904,134,0,0,-6.594322,0.0013662447
47,44,0,7309,47,0,0,-2.2352576,0.09662872
127,41,0,6890,127,0,0,1.1476965,0.75908995
129,135,1,22403,129,0,0,-0.011391237,0.4971522
150,212,1,35136,150,0,0,0.12802732,0.53196317
76,79,0,13099,76,0,0,-1.6639304,0.15923509
45,189,0,31227,45,0,0,-1.0775509,0.25396976
97,180,0,29796,97,0,0,-1.988622,0.12040273
163,206,0,34152,163,0,0,0.41157997,0.60146666
72,140,0,23165,72,0,0,-4.2821555,0.013624661
68,90,0,14918,68,0,0,0.39996785,0.59867996
42,133,0,21985,42,0,0,-6.8150496,0.0010959363
85,151,0,25003,85,0,0,-5.039136,0.0064376327
115,110,0,18254,115,0,0,-2.2047124,0.099328116
123,103,0,17119,123,0,0,-0.60580516,0.3530167
105,201,0,33281,105,0,0,0.2597304,0.56457
141,204,0,33802,141,0,0,-2.6336434,0.06700432
24,119,0,19672,24,0,0,-3.6609669,0.025063325
96,38,0,6369,96,0,0,-4.4161887,0.011935997
89,165,0,27314,89,0,0,0.9459968,0.7203094
69,139,0,22997,69,0,0,-1.4154332,0.19537851
70,4,0,730,70,0,0,-0.98667705,0.27156892
34,63,0,10408,34,0,0,-4.340694,0.012859952
117,71,0,11836,117,0,0,-2.9506042,0.049707964
125,174,1,28837,125,0,0,2.9655209,0.9509919
14,41,0,6767,14,0,0,0.3867936,0.5955106
19,9,0,1518,19,0,0,-1.736042,0.14981636
0,43,0,7112,0,0,0,-10.085402,4.1681917e-05
102,129,1,21400,102,0,0,0.5748217,0.639875
82,197,0,32589,82,0,0,-4.5681233,0.010270831
95,182,0,30124,95,0,0,5.4633822,0.9957787
91,62,0,10321,91,0,0,-3.5250697,0.028607277
100,81,0,13476,100,0,0,-2.2028592,0.09949403
14,102,0,16832,14,0,0,-4.7262025,0.008782242
5,0,0,28,5,0,0,-5.2923737,0.0050046346
125,147,0,24382,125,0,0,-1.5059509,0.18153964
112,149,0,24693,112,0,0,-5.2160416,0.0053994637
75,156,0,25807,75,0,0,2.441327,0.9199249
122,121,0,20088,122,0,0,-3.3747709,0.033093307
158,35,1,5933,158,0,0,5.81917,0.9970387
159,147,0,24414,159,0,0,-1.1038632,0.24901675
110,177,0,29324,110,0,0,1.1086602,0.7518793
138,73,0,12181,138,0,0,-5.203943,0.005464828
26,39,0,6444,26,0,0,0.47210312,0.61588144
21,195,0,32195,21,0,0,0.09883347,0.5246883
53,186,0,30742,53,0,0,-5.192603,0.0055268058
22,40,1,6603,22,0,0,1.1522052,0.7599135
0,59,0,9752,0,0,0,-5.0392513,0.0064368946
149,9,0,1632,149,0,0,-0.83126193,0.3033783
135,139,0,23068,135,0,0,-1.2833412,0.21698202
120,57,1,9523,120,0,0,3.2046888,0.96101034
26,95,0,15684,26,0,0,-2.9570055,0.049406454
34,83,0,13708,34,0,0,-5.9633427,0.002564708
112,66,1,10998,112,0,0,0.9412752,0.7193572
95,86,0,14284,95,0,0,-7.3249974,0.00065842754
5,3,0,523,5,0,0,-0.02654481,0.49336419
8,0,0,4,8,0,0,-5.250817,0.0052158856
136,67,0,11187,136,0,0,0.07926524,0.51980597
33,97,0,16031,33,0,0,-1.5490477,0.17522386
93,47,0,7850,93,0,0,2.8868885,0.94719446
30,193,0,31872,30,0,0,2.7990105,0.9426223
112,189,0,31293,112,0,0,-1.9540002,0.12411783
157,189,0,31340,157,0,0,-1.5934706,0.16889617
58,28,0,4691,58,0,0,-6.703002,0.0012257181
74,41,0,6842,74,0,0,0.44162464,0.6086461
81,103,0,17078,81,0,0,0.016583085,0.5041457
57,121,0,20039,57,0,0,-1.918437,0.12803596
121,191,0,31635,121,0,0,-3.3127158,0.03513753
45,24,0,4002,45,0,0,-1.8488503,0.13600795
144,55,0,9220,144,0,0,-4.3373423,0.01290257
10,120,0,19830,10,0,0,-0.31289786,0.42240757
0,180,0,29717,0,0,0,-3.0837998,0.043780465
143,162,0,26873,143,0,0,-1.330416,0.20909058
94,0,0,93,94,0,0,-4.613874,0.00981603
130,61,0,10195,130,0,0,-2.7766428,0.058599483
111,208,0,34434,111,0,0,-5.3336477,0.0048032496
87,142,1,23517,87,0,0,-3.7715416,0.02249871
45,40,0,6642,45,0,0,0.63825977,0.65436
85,179,0,29623,85,0,0,-5.417755,0.0044174953
85,72,0,11968,85,0,0,-0.670496,0.3383858
46,90,0,14893,46,0,0,-0.29495776,0.42679057
77,168,0,27774,77,0,0,-0.44722563,0.3900206
65,7,0,1221,65,0,0,-4.4827147,0.011176365
82,167,1,27639,82,0,0,-4.9104576,0.0073152087
39,71,0,11729,39,0,0,-5.426351,0.0043798513
3,72,1,11890,3,0,0,0.06927079,0.5173108
38,178,0,29399,38,0,0,-4.2588997,0.013940757
99,19,0,3233,99,0,0,0.15388241,0.53839487
123,36,0,6064,123,0,0,-6.498971,0.0015027254
135,192,0,31813,135,0,0,-0.68443125,0.335273
128,114,0,18936,128,0,0,0.14947468,0.5372993
151,82,0,13684,151,0,0,-2.341885,0.08771295
88,146,0,24175,88,0,0,-0.008977592,0.49775562
142,135,1,22415,142,0,0,-0.02196844,0.49450812
17,179,0,29553,17,0,0,-4.140241,0.015669568
2,94,1,15516,2,0,0,1.9596977,0.87650025
37,81,0,13386,37,0,0,-2.7641742,0.059291117
154,172,0,28540,154,0,0,-5.202059,0.0054750773
79,189,0,31264,79,0,0,-1.2632179,0.22042044
86,195,0,32257,86,0,0,-1.5442774,0.17591432
5,71,0,11743,5,0,0,-4.8840322,0.0075096213
84,11,0,1901,84,0,0,-3.6437788,0.025486765
36,145,0,23948,36,0,0,3.5587587,0.9723142
154,208,0,34480,154,0,0,-5.0947504,0.0060915025
51,94,0,15560,51,0,0,0.97148687,0.72541577
82,49,0,8169,82,0,0,-2.7623487,0.059393022
42,125,0,20665,42,0,0,3.775719,0.977593
131,171,1,28346,131,0,0,0.9693633,0.7249926
2,73,0,12051,2,0,0,-5.3790326,0.004591106
113,91,0,15116,113,0,0,-4.9326425,0.0071558575
130,82,0,13660,130,0,0,-1.9112096,0.12884502
100,50,0,8361,100,0,0,-0.96614814,0.27564892
13,159,0,26274,13,0,0,-7.2739506,0.00069288694
120,106,1,17608,120,0,0,-0.7991894,0.31019893
102,51,0,8530,102,0,0,-2.9106336,0.051630404
31,34,0,5629,31,0,0,-0.2005223,0.45003673
49,46,0,7631,49,0,0,-3.7328029,0.023366619
1,204,0,33671,1,0,0,-2.6285272,0.06732488
21,202,0,33350,21,0,0,-5.986743,0.0025055383
122,200,0,33123,122,0,0,0.5130728,0.62552655
24,160,0,26437,24,0,0,0.31809855,0.57886076
132,20,0,3435,132,0,0,-1.2418792,0.22410905
64,64,0,10623,64,0,0,-3.0154755,0.046731617
29,208,0,34335,29,0,0,-5.67223,0.0034283916
36,169,0,27908,36,0,0,1.614598,0.8340488
128,200,0,33126,128,0,0,0.36671793,0.5906657
16,64,0,10582,16,0,0,-3.1956925,0.039328143
1,26,0,4301,1,0,0,-0.9290594,0.2831156
54,65,1,10778,54,0,0,-3.0368886,0.045786917
0,187,0,30872,0,0,0,3.0625746,0.9553223
158,170,0,28208,158,0,0,0.16928864,0.54222137
105,107,1,17771,105,0,0,-1.3082075,0.21278694
120,67,0,11173,120,0,0,-0.5532339,0.36511445
9,119,0,19659,9,0,0,-2.2278888,0.09727387
60,61,0,10137,60,0,0,-2.8392231,0.055241067
2,123,0,20301,2,0,0,0.19739446,0.549189
50,200,0,33058,50,0,0,0.7042219,0.6691232
14,142,0,23432,14,0,0,-2.128492,0.10635822
156,36,0,6093,156,0,0,-7.3053975,0.0006714512
141,94,0,15652,141,0,0,0.8549538,0.70160526
149,6,0,1137,149,0,0,-4.546118,0.0104969535
121,108,0,17940,121,0,0,-7.1513305,0.00078320666
0,70,0,11567,0,0,0,-4.375917,0.012420398
160,31,1,5279,160,0,0,-0.04901111,0.48774967
17,134,0,22128,17,0,0,-0.2335965,0.441865
78,76,0,12618,78,0,0,0.70075953,0.6683561
85,32,0,5368,85,0,0,-3.3046024,0.035413638
19,130,0,21483,19,0,0,-3.1674783,0.040408082
82,211,1,34899,82,0,0,1.2235746,0.772692
118,162,0,26843,118,0,0,-2.0335803,0.115722045
44,145,0,23969,44,0,0,3.2016392,0.9608959
144,176,0,29185,144,0,0,-2.5229526,0.074264705
118,173,1,28658,118,0,0,1.9586103,0.87638247
123,90,0,14974,123,0,0,-0.06226659,0.4844384
129,64,0,10688,129,0,0,-2.5557427,0.07204163
129,192,0,31808,129,0,0,-0.6916494,0.33366627
29,1,0,180,29,0,0,-2.233456,0.09678611
141,126,0,20932,141,0,0,-3.09456,0.04333221
44,87,0,14399,44,0,0,0.8290418,0.69615227
70,60,1,9970,70,0,0,3.2026443,0.9609337
49,56,1,9281,49,0,0,-1.6302724,0.16379306
85,174,1,28798,85,0,0,3.1461167,0.95875543
94,115,0,19068,94,0,0,-1.491651,0.18367404
74,63,0,10472,74,0,0,-3.1357076,0.041658144
36,138,0,22793,36,0,0,-6.9987617,0.00091217906
97,75,1,12471,97,0,0,-0.65087867,0.34279156
160,33,0,5609,160,0,0,-4.0159097,0.017707346
147,112,0,18628,147,0,0,-0.7867946,0.31285733
60,32,0,5352,60,0,0,-3.1441464,0.041322544
93,115,0,19070,93,0,0,-1.6101224,0.16657162
106,113,0,18748,106,0,0,-6.4578557,0.0015656995
46,172,0,28423,46,0,0,-5.4150996,0.0044291895
66,170,1,28105,66,0,0,0.09572679,0.52391344
64,152,0,25143,64,0,0,-1.3809183,0.20086156
88,153,0,25330,88,0,0,0.78700227,0.6871873
159,190,0,31509,159,0,0,1.0609527,0.74287254
35,212,0,35005,35,0,0,-0.090856746,0.47730142
137,39,0,6572,137,0,0,-0.2736985,0.43199936
17,138,0,22788,17,0,0,-7.5098963,0.00054733816
89,133,0,22034,89,0,0,-5.620338,0.0036103346
90,48,1,8010,90,0,0,-0.5455512,0.3668972
69,175,0,28937,69,0,0,-0.3435207,0.4149545
101,7,0,1261,101,0,0,-5.2726197,0.005103969
106,195,0,32278,106,0,0,-1.4411545,0.19136663
116,212,0,35082,116,0,0,0.21058235,0.5524519
42,204,0,33700,42,0,0,-2.0419135,0.11487203
134,105,0,17459,134,0,0,-0.97272426,0.27433783
161,108,1,17977,161,0,0,-7.7008896,0.00045221995
106,45,0,7528,106,0,0,-3.8017757,0.0218433
3,157,0,25915,3,0,0,1.5173101,0.82014203
128,122,0,20256,128,0,0,0.669339,0.66135514
28,198,0,32704,28,0,0,-1.4446309,0.19082926
132,152,0,25215,132,0,0,-1.8758476,0.13286656
131,135,1,22406,131,0,0,-0.115446374,0.47117043
124,97,1,16127,124,0,0,-1.3854349,0.20013756
163,173,0,28707,163,0,0,1.712367,0.84714305
35,17,1,2830,35,0,0,-1.8945968,0.13072123
151,162,0,26884,151,0,0,-1.5133355,0.180445
66,42,0,6985,66,0,0,0.2842331,0.5705837
151,190,0,31504,151,0,0,-0.53777796,0.36870465
54,195,0,32228,54,0,0,-0.25794578,0.43586874
106,167,0,27658,106,0,0,-3.5204086,0.028737089
8,22,0,3634,8,0,0,-7.3041887,0.0006722628
21,183,0,30215,21,0,0,-0.900719,0.28890276
41,67,0,11101,41,0,0,0.56253844,0.63703966
128,59,0,9861,128,0,0,-2.763286,0.05934067
128,193,1,31971,128,0,0,1.6407566,0.83763784
115,34,0,5714,115,0,0,-1.4125385,0.19583397
1,155,0,25586,1,0,0,-3.432657,0.031290296
13,163,0,26934,13,0,0,-2.959076,0.049309306
51,119,0,19685,51,0,0,-5.330136,0.0048200665
104,35,1,5875,104,0,0,5.793482,0.9969619
81,137,1,22688,81,0,0,0.38468033,0.59500146
92,85,0,14117,92,0,0,-1.1311092,0.24395645
87,202,0,33417,87,0,0,-6.3181934,0.0017999525
140,12,0,2121,140,0,0,-0.90229625,0.28857884
91,141,1,23356,91,0,0,0.712262,0.67090076
76,168,0,27784,76,0,0,-1.2446027,0.22363584
43,194,1,32058,43,0,0,-5.219084,0.0053831507
147,162,0,26878,147,0,0,-1.5755017,0.1714335
57,141,0,23339,57,0,0,0.19368035,0.5482693
25,17,0,2841,25,0,0,-1.9587667,0.12360058
122,203,0,33618,122,0,0,-5.5594068,0.0038362865
109,67,0,11167,109,0,0,-1.000139,0.2689141
76,174,1,28774,76,0,0,2.9940953,0.9523067
22,49,1,8088,22,0,0,-4.4831676,0.0111713605
126,80,0,13329,126,0,0,-1.7455859,0.14860481
123,74,0,12334,123,0,0,-3.4919581,0.029541913
156,194,0,32163,156,0,0,-2.5860314,0.07004284
120,202,0,33448,120,0,0,-5.12913,0.0058868504
163,208,0,34482,163,0,0,-5.8212276,0.0029552053
48,184,1,30407,48,0,0,5.2107053,0.9945718
106,132,0,21883,106,0,0,-1.4187293,0.19486086
86,179,0,29617,86,0,0,-5.300294,0.004965349
153,27,0,4607,153,0,0,-0.2586975,0.4356839
31,98,0,16189,31,0,0,-1.1736858,0.23618941
1,134,0,22121,1,0,0,-0.40105194,0.40105963
42,126,0,20830,42,0,0,-3.220024,0.038419094
62,92,0,15253,62,0,0,-2.0437946,0.1146809
92,200,0,33092,92,0,0,0.57185453,0.639191
101,64,0,10666,101,0,0,-3.0915227,0.043458294
145,68,0,11366,145,0,0,-2.9218633,0.051083304
95,59,0,9829,95,0,0,-3.3857255,0.032744568
129,166,0,27518,129,0,0,1.523468,0.8210486
95,211,0,34909,95,0,0,1.8641872,0.8657843
41,165,1,27271,41,0,0,1.2075913,0.7698725
60,86,0,14262,60,0,0,-7.135872,0.00079539826
67,135,0,22334,67,0,0,-0.032882944,0.49178
46,22,0,3673,46,0,0,-6.832418,0.0010770864
87,154,0,25497,87,0,0,-2.1441307,0.10488096
84,71,0,11801,84,0,0,-4.169943,0.015217978
8,123,0,20299,8,0,0,0.20148456,0.5502014
160,147,0,24419,160,0,0,-1.5471842,0.17549333
63,5,1,900,63,0,0,-6.067644,0.0023112702
42,209,0,34525,42,0,0,-2.5891247,0.06984162
75,180,0,29767,75,0,0,-1.1025429,0.24926373
32,26,0,4322,32,0,0,-3.483046,0.02979849
86,69,0,11467,86,0,0,2.0366387,0.88459057
126,101,0,16794,126,0,0,-1.2564831,0.22157991
100,178,0,29481,100,0,0,-5.14627,0.0057873894
15,48,0,7932,15,0,0,-0.6949751,0.33292726
6,36,0,5956,6,0,0,-6.0206375,0.0024222396
107,216,0,35749,107,0,0,1.2321596,0.7741963
52,76,0,12591,52,0,0,0.86824924,0.7043813
15,8,0,1332,15,0,0,-2.5784717,0.07053687
48,127,0,21002,48,0,0,-4.135254,0.015746677
132,116,1,19275,132,0,0,-1.0689635,0.25560024
66,149,0,24640,66,0,0,-4.4165454,0.011931791
129,127,0,21083,129,0,0,-3.7433076,0.02312809
164,34,0,5771,164,0,0,-0.046429098,0.4883948
10,12,0,2010,10,0,0,-1.8363657,0.13748169
104,174,1,28810,104,0,0,2.7282515,0.93867326
7,50,0,8250,7,0,0,-0.7321112,0.32473162
30,160,0,26427,30,0,0,-0.15918022,0.46028876
15,2,0,342,15,0,0,-5.6688585,0.003439929
2,29,0,4791,2,0,0,-4.6694727,0.009290097
38,34,0,5639,38,0,0,-0.17869252,0.45544535
106,92,0,15283,106,0,0,-1.5469186,0.17553176
121,189,0,31305,121,0,0,-1.7435682,0.14886028
105,30,0,5066,105,0,0,-2.544621,0.072788686
50,130,0,21508,50,0,0,-3.0949473,0.043316156
16,216,0,35662,16,0,0,1.0287807,0.73667943
77,206,0,34044,77,0,0,0.9657983,0.72428125
25,45,0,7461,25,0,0,-3.8046188,0.021782635
161,114,0,18967,161,0,0,0.51915824,0.6269509
45,41,0,6807,45,0,0,0.49448687,0.62116283
128,182,0,30156,128,0,0,5.4246044,0.9956125
162,187,0,31018,162,0,0,2.4345634,0.91942525
140,187,0,30996,140,0,0,2.8686855,0.94627655
156,144,0,23913,156,0,0,-3.8755584,0.020321233
35,180,0,29725,35,0,0,-2.5920258,0.0696534
41,61,0,10111,41,0,0,-2.6791584,0.06421443
78,127,0,21033,78,0,0,-4.2302275,0.014340441
17,65,1,10743,17,0,0,-4.2165637,0.014534862
110,158,0,26189,110,0,0,-2.9674084,0.048920162
59,125,0,20681,59,0,0,4.6128044,0.9901736
105,12,1,2096,105,0,0,-0.16895217,0.45786214
111,85,0,14139,111,0,0,-1.8921752,0.13099666
78,156,0,25818,78,0,0,2.406118,0.91729265
44,73,0,12089,44,0,0,-5.373521,0.004616364
61,1,0,226,61,0,0,-2.2835746,0.092492476
52,157,0,25956,52,0,0,1.529496,0.82193255
129,188,1,31148,129,0,0,0.46285474,0.6136912
87,163,0,26982,87,0,0,-2.402195,0.08300547
75,43,0,7162,75,0,0,-7.3247786,0.0006585716
93,121,0,20060,93,0,0,-3.0493617,0.04524504
82,67,0,11139,82,0,0,0.15017033,0.5374722
60,25,0,4197,60,0,0,-0.30250233,0.4249459
127,204,0,33785,127,0,0,-2.8784058,0.05323142
39,68,0,11234,39,0,0,-4.551211,0.010444184
89,151,0,25004,89,0,0,-5.0648518,0.00627522
41,15,0,2521,41,0,0,-1.2921853,0.21548316
127,134,0,22235,127,0,0,-0.4210239,0.39627177
51,158,0,26120,51,0,0,-2.5958056,0.06940885
123,61,0,10189,123,0,0,-2.7193296,0.06184235
13,135,0,22314,13,0,0,-1.1046557,0.24886857
131,137,1,22736,131,0,0,0.3518216,0.58705926
25,92,0,15216,25,0,0,-2.4783154,0.07739241
83,171,0,28296,83,0,0,0.39198703,0.5967609
137,159,0,26372,137,0,0,-4.7624836,0.008471975
31,200,0,33019,31,0,0,0.28517735,0.5708151
107,62,0,10339,107,0,0,-3.4926121,0.029523171
18,129,0,21323,18,0,0,-0.0007864237,0.4998034
102,10,1,1765,102,0,0,-3.3415143,0.03417414
145,147,0,24401,145,0,0,-0.9873721,0.27143145
39,22,0,3644,39,0,0,-9.282536,9.3026276e-05
142,72,0,12020,142,0,0,-0.47382158,0.3837121
46,10,0,1693,46,0,0,-2.7236602,0.061591573
162,52,0,8743,162,0,0,-6.6380806,0.0013078257
111,182,0,30144,111,0,0,4.7533064,0.9914506
110,119,0,19754,110,0,0,-3.068218,0.044437435
120,53,0,8863,120,0,0,-2.4748511,0.07764012
120,89,1,14803,120,0,0,-0.16551602,0.4587152
133,154,0,25549,133,0,0,-2.3878865,0.08410109
102,96,0,15955,102,0,0,-4.1237717,0.01592563
62,193,1,31918,62,0,0,1.8428202,0.8632819
132,77,1,12840,132,0,0,-4.0752363,0.016704421
150,85,1,14181,150,0,0,-1.5014131,0.18221486
13,44,0,7299,13,0,0,-2.7675939,0.059100673
93,59,0,9830,93,0,0,-3.8298132,0.021252207
66,157,0,25960,66,0,0,1.4972639,0.81716603
151,164,0,27214,151,0,0,0.3717183,0.5918741
158,64,0,10718,158,0,0,-2.6872265,0.06373131
120,77,0,12823,120,0,0,-5.795249,0.0030327474
99,160,0,26498,99,0,0,0.7717387,0.6838969
119,161,0,26670,119,0,0,-1.1948378,0.23239481
119,123,0,20400,119,0,0,0.27645776,0.5686776
92,176,0,29132,92,0,0,-2.6755185,0.0644335
124,4,0,782,124,0,0,-0.9056532,0.28789017
130,118,1,19600,130,0,0,-0.38359296,0.40526062
76,89,0,14749,76,0,0,-0.14415538,0.46402344
12,91,0,15016,12,0,0,-3.0770898,0.044062234
64,137,1,22668,64,0,0,0.4008938,0.5989024
140,103,0,17136,140,0,0,-0.42040965,0.39641872
162,184,0,30523,162,0,0,4.8846292,0.9924948
131,84,1,13991,131,0,0,3.3078902,0.9646985
1,120,0,19811,1,0,0,0.19091693,0.5475848
7,192,0,31680,7,0,0,-1.2641716,0.22025661
69,161,0,26627,69,0,0,-1.2048509,0.2306134
93,136,0,22535,93,0,0,-0.30973753,0.4231788
111,89,1,14799,111,0,0,1.0706782,0.7447259
97,4,0,756,97,0,0,-0.64972264,0.34305203
98,172,0,28477,98,0,0,-5.4521317,0.0042688544
157,125,0,20780,157,0,0,3.3651204,0.9665965
22,54,0,8913,22,0,0,-3.0001297,0.047420014
128,111,0,18441,128,0,0,0.1148352,0.5286773
137,105,1,17462,137,0,0,-1.0008936,0.26876578
144,42,0,7075,144,0,0,0.45619887,0.61211205
25,71,0,11751,25,0,0,-3.7392871,0.023219101
139,210,0,34788,139,0,0,-1.3227656,0.21035855
138,200,0,33136,138,0,0,0.5636312,0.6372923
60,68,0,11292,60,0,0,-3.057846,0.044879943
99,41,0,6863,99,0,0,0.28246212,0.5701497
164,9,0,1646,164,0,0,-1.95765,0.1237216
32,54,0,8942,32,0,0,-2.5769463,0.070636936
8,169,0,27889,8,0,0,0.54293853,0.6324957
129,191,0,31643,129,0,0,-3.5767426,0.027205793
77,217,0,35859,77,0,0,-3.1842027,0.03976455
79,154,0,25489,79,0,0,-2.4759245,0.07756329
92,93,0,15437,92,0,0,0.35176146,0.58704466
67,150,0,24809,67,0,0,-0.07786724,0.48054302
156,101,0,16818,156,0,0,-1.3247654,0.21002655
111,16,0,2754,111,0,0,-2.8603196,0.054150328
27,6,0,1025,27,0,0,-6.904269,0.0010024862
98,155,0,25672,98,0,0,-4.5463037,0.010495022
132,31,1,5250,132,0,0,0.12684512,0.53166884
109,116,0,19252,109,0,0,-1.4738443,0.186359
119,102,0,16935,119,0,0,-4.5928955,0.010022045
12,184,0,30361,12,0,0,5.1422105,0.9941892
4,93,0,15353,4,0,0,0.5051903,0.62367827
138,112,0,18616,138,0,0,-0.88020056,0.2931362
126,181,0,29994,126,0,0,-1.8796964,0.13242376
57,73,0,12119,57,0,0,-5.2968388,0.0049824496
117,202,0,33451,117,0,0,-6.2457247,0.0019349738
108,68,0,11330,108,0,0,-2.4053836,0.08276309
120,110,0,18268,120,0,0,-2.4675422,0.07816515
42,201,0,33205,42,0,0,0.43561333,0.60721326
3,79,0,13045,3,0,0,-2.7862997,0.05806902
96,214,1,35409,96,0,0,3.9362555,0.9808526
22,144,0,23763,22,0,0,-3.6632257,0.02500819
62,86,0,14263,62,0,0,-7.4111404,0.0006041158
4,114,0,18818,4,0,0,0.2955575,0.57335615
100,43,0,7206,100,0,0,-7.9011507,0.0003701801
12,123,0,20296,12,0,0,-0.6552348,0.34181085
159,46,0,7749,159,0,0,-4.0352635,0.017373832
118,74,0,12323,118,0,0,-3.765014,0.022642719
59,13,0,2201,59,0,0,-5.472183,0.004184465
114,88,0,14627,114,0,0,-3.5705032,0.02737141
118,86,0,14303,118,0,0,-7.2523623,0.0007079971
150,51,0,8571,150,0,0,-2.3957982,0.083493665
22,37,0,6108,22,0,0,-3.7335973,0.023348497
13,28,0,4659,13,0,0,-7.0822525,0.0008391744
135,36,0,6073,135,0,0,-6.7254715,0.0011985165
155,122,0,20281,155,0,0,0.4817781,0.61816764
60,52,0,8652,60,0,0,-5.9478745,0.0026045835
123,43,0,7219,123,0,0,-7.3584185,0.00063679967
25,69,1,11421,25,0,0,1.6944525,0.8448088
19,213,0,35178,19,0,0,1.0025916,0.7315678
45,186,0,30732,45,0,0,-3.6229088,0.026010282
147,52,0,8728,147,0,0,-6.203445,0.0020183693
0,52,0,8597,0,0,0,-6.356765,0.0017319657
84,147,0,24341,84,0,0,-0.89531165,0.2900149
37,123,0,20316,37,0,0,0.19707167,0.5491091
105,70,0,11666,105,0,0,-5.4061284,0.0044689253
83,98,1,16251,83,0,0,-0.8396011,0.3016188
107,64,1,10669,107,0,0,-2.7615972,0.059435017
54,81,0,13418,54,0,0,-2.098709,0.10922235
17,115,0,18993,17,0,0,-1.6124616,0.16624714
128,71,0,11841,128,0,0,-3.6983213,0.024166577
121,57,1,9525,121,0,0,2.0463498,0.8855783
31,104,0,17179,31,0,0,0.8000803,0.68999165
7,213,0,35145,7,0,0,1.4635384,0.8120733
91,189,0,31276,91,0,0,-2.4350514,0.0805386
24,167,0,27592,24,0,0,-4.120009,0.015984708
93,89,1,14780,93,0,0,-0.048105657,0.4879759
61,58,1,9631,61,0,0,-1.818021,0.1396715
137,12,1,2117,137,0,0,-0.30848348,0.42348495
21,11,0,1835,21,0,0,-3.245326,0.037495203
5,52,0,8608,5,0,0,-5.9849205,0.0025100973
116,115,0,19077,116,0,0,-1.7256997,0.15113847
108,169,0,27995,108,0,0,1.3649242,0.79655886
109,34,0,5722,109,0,0,-0.297956,0.42605722
47,53,1,8794,47,0,0,-2.7407918,0.060608808
28,57,1,9439,28,0,0,5.8188653,0.9970378
25,43,0,7131,25,0,0,-10.523527,2.6895434e-05
45,146,0,24132,45,0,0,0.067374766,0.5168373
157,214,0,35465,157,0,0,4.375967,0.98758024
130,102,0,16960,130,0,0,-4.0192003,0.0176502
51,180,0,29750,51,0,0,-1.2139828,0.2289971
141,155,0,25717,141,0,0,-2.1187303,0.10728962
50,205,0,33883,50,0,0,2.6976948,0.9368905
141,72,0,12022,141,0,0,1.570288,0.82782465
14,13,0,2147,14,0,0,-3.01569,0.04672206
35,37,1,6130,35,0,0,-3.864771,0.02053711
147,47,0,7903,147,0,0,1.9751096,0.87815887
53,178,0,29422,53,0,0,-4.5649137,0.010303509
47,22,0,3679,47,0,0,-6.323473,0.0017904916
92,97,0,16097,92,0,0,-1.484936,0.18468302
25,42,0,6966,25,0,0,0.40605503,0.6001416
26,191,0,31524,26,0,0,-1.7051661,0.15379174
52,150,0,24801,52,0,0,-0.18031704,0.45504248
38,98,0,16199,38,0,0,-1.3671343,0.20308323
154,127,0,21115,154,0,0,-4.6997595,0.009015447
160,160,1,26564,160,0,0,1.2809074,0.7826042
0,179,0,29552,0,0,0,-5.1808634,0.0055917064
144,129,0,21430,144,0,0,0.30197412,0.57492507
95,164,0,27154,95,0,0,0.4735369,0.61622053
86,141,0,23347,86,0,0,0.71876866,0.6723358
5,192,0,31708,5,0,0,-1.01206,0.2665769
113,39,0,6536,113,0,0,0.18171647,0.54530454
44,177,0,29249,44,0,0,1.6425347,0.83787954
85,107,0,17743,85,0,0,-1.6114371,0.16638918
101,27,0,4561,101,0,0,-0.22050253,0.44509664
94,56,0,9333,94,0,0,1.730535,0.84948087
114,94,0,15617,114,0,0,1.7149899,0.8474824
22,190,1,31353,22,0,0,1.8347638,0.86232823
8,31,0,5119,8,0,0,-0.60024065,0.35428864
135,210,0,34783,135,0,0,-1.4225397,0.19426374
22,128,1,21123,22,0,0,-4.257953,0.013953775
122,86,0,14313,122,0,0,-7.0410223,0.000874466
72,111,0,18380,72,0,0,-0.09295887,0.47677702
161,61,0,10222,161,0,0,-3.211888,0.038720798
52,118,0,19521,52,0,0,-0.14988953,0.4625976
83,53,1,8826,83,0,0,-2.0838509,0.11067637
118,174,1,28823,118,0,0,2.7559483,0.9402484
65,94,0,15576,65,0,0,0.96612626,0.7243467
31,106,0,17509,31,0,0,-1.0334868,0.26240867
114,54,0,9017,114,0,0,-4.2677584,0.013819505
80,15,0,2555,80,0,0,-1.703845,0.15396374
111,175,1,28989,111,0,0,-0.27668047,0.4312678
37,178,0,29391,37,0,0,-4.0003376,0.017980248
77,160,0,26454,77,0,0,0.41916674,0.6032838
121,93,0,15465,121,0,0,0.7227122,0.673204
164,93,1,15506,164,0,0,0.39678133,0.5979141
149,57,1,9552,149,0,0,4.617137,0.99021566
149,217,0,35952,149,0,0,-5.6831865,0.0033911592
34,191,0,31528,34,0,0,-2.4592495,0.078764774
84,54,0,8996,84,0,0,-4.22085,0.014473595
95,18,0,3064,95,0,0,-5.981689,0.0025182015
113,147,0,24356,113,0,0,-0.8372987,0.30210403
68,18,0,3038,68,0,0,-5.142856,0.0058070645
149,87,0,14502,149,0,0,-0.01983565,0.49504125
34,103,0,17008,34,0,0,-0.06396562,0.48401403
