global_interaction_id,global_enzyme_id,global_compound_id,label,sources,supporting_source_count,evidence_count,best_quality_tier,has_pmid_any,has_products_any,has_pdb_any,max_num_reactions,conflicting_labels
INT_G000001,ENZ_G000001,CMP_G000961,1,S9_PCPD,1,1,B,0,0,0,1,0
INT_G000002,ENZ_G000001,CMP_G000962,1,S3_P450Rdb,1,1,B,1,1,0,1,0
INT_G000003,ENZ_G000002,CMP_G000823,1,S8_PlantP450DB,1,1,B,1,0,0,1,0
INT_G000004,ENZ_G000002,CMP_G001551,1,S8_PlantP450DB,1,1,B,1,0,0,1,0
INT_G000005,ENZ_G000002,CMP_G001887,1,S8_PlantP450DB,1,1,B,1,0,0,1,0
INT_G000006,ENZ_G000003,CMP_G000823,1,S8_PlantP450DB,1,1,B,1,0,0,1,0
INT_G000007,ENZ_G000003,CMP_G001551,1,S8_PlantP450DB,1,1,B,1,0,0,1,0
INT_G000008,ENZ_G000003,CMP_G001887,1,S8_PlantP450DB,1,1,B,1,0,0,1,0
INT_G000009,ENZ_G000004,CMP_G000624,1,S2_ESIBank|S8_PlantP450DB,2,2,B,1,0,0,1,0
INT_G000010,ENZ_G000004,CMP_G001889,1,S8_PlantP450DB,1,1,B,1,0,0,1,0
INT_G000011,ENZ_G000005,CMP_G000099,1,S3_P450Rdb,1,1,B,1,1,0,1,0
INT_G000012,ENZ_G000006,CMP_G001852,1,S3_P450Rdb,1,1,B,1,1,0,1,0
INT_G000013,ENZ_G000007,CMP_G000274,1,S3_P450Rdb,1,1,B,1,1,0,1,0
INT_G000014,ENZ_G000008,CMP_G000747,1,S3_P450Rdb,1,1,B,1,1,0,1,0
INT_G000015,ENZ_G000009,CMP_G000303,1,S8_PlantP450DB,1,1,B,1,0,0,1,0
INT_G000016,ENZ_G000009,CMP_G001618,1,S3_P450Rdb,1,1,B,1,1,0,1,0
INT_G000017,ENZ_G000010,CMP_G000303,1,S8_PlantP450DB,1,1,B,1,0,0,1,0
INT_G000018,ENZ_G000010,CMP_G000304,1,S3_P450Rdb,1,1,B,1,1,0,1,0
INT_G000019,ENZ_G000011,CMP_G002069,1,S8_PlantP450DB|S9_PCPD,2,2,B,1,0,0,1,0
INT_G000020,ENZ_G000012,CMP_G002069,1,S8_PlantP450DB|S9_PCPD,2,2,B,1,0,0,1,0
INT_G000021,ENZ_G000013,CMP_G002069,1,S3_P450Rdb|S8_PlantP450DB|S9_PCPD,3,3,B,1,0,0,1,0
INT_G000022,ENZ_G000014,CMP_G000300,1,S3_P450Rdb,1,1,B,1,1,0,1,0
INT_G000023,ENZ_G000014,CMP_G000330,1,S3_P450Rdb,1,1,B,1,1,0,1,0
INT_G000024,ENZ_G000014,CMP_G000356,1,S3_P450Rdb,1,1,B,1,1,0,1,0
INT_G000025,ENZ_G000014,CMP_G000639,1,S3_P450Rdb,1,1,B,1,1,0,1,0
INT_G000026,ENZ_G000014,CMP_G001065,1,S3_P450Rdb,1,1,B,1,1,0,1,0
INT_G000027,ENZ_G000014,CMP_G001113,1,S3_P450Rdb,1,1,B,1,1,0,1,0
INT_G000028,ENZ_G000014,CMP_G001214,1,S3_P450Rdb,1,1,B,1,1,0,1,0
INT_G000029,ENZ_G000014,CMP_G001297,1,S3_P450Rdb,1,1,B,1,1,0,1,0
INT_G000030,ENZ_G000014,CMP_G001316,1,S3_P450Rdb,1,1,B,1,1,0,1,0
INT_G000031,ENZ_G000014,CMP_G001583,1,S3_P450Rdb,1,1,B,1,1,0,1,0
INT_G000032,ENZ_G000014,CMP_G001629,1,S3_P450Rdb,1,1,B,1,1,0,1,0
INT_G000033,ENZ_G000014,CMP_G001690,1,S3_P450Rdb,1,1,B,1,1,0,1,0
INT_G000034,ENZ_G000014,CMP_G001736,1,S3_P450Rdb,1,1,B,1,1,0,1,0
INT_G000035,ENZ_G000014,CMP_G001860,1,S3_P450Rdb,1,1,B,1,1,0,1,0
INT_G000036,ENZ_G000014,CMP_G001932,1,S3_P450Rdb,1,1,B,1,1,0,1,0
INT_G000037,ENZ_G000014,CMP_G002052,1,S3_P450Rdb,1,1,B,1,1,0,1,0
INT_G000038,ENZ_G000015,CMP_G001315,1,S3_P450Rdb|S9_PCPD,2,2,B,1,1,0,1,0
INT_G000039,ENZ_G000016,CMP_G000091,1,S2_ESIBank,1,1,B,0,0,0,1,0
INT_G000040,ENZ_G000016,CMP_G000254,1,S2_ESIBank,1,1,B,0,0,0,1,0
INT_G000041,ENZ_G000016,CMP_G000255,1,S8_PlantP450DB|S9_PCPD,2,2,B,1,0,0,1,0
INT_G000042,ENZ_G000016,CMP_G000256,1,S2_ESIBank|S3_P450Rdb,2,2,B,1,1,0,1,0
INT_G000043,ENZ_G000016,CMP_G000318,1,S2_ESIBank,1,1,B,0,0,0,1,0
INT_G000044,ENZ_G000016,CMP_G001542,1,S3_P450Rdb,1,1,B,1,1,0,1,0
INT_G000045,ENZ_G000016,CMP_G001564,1,S2_ESIBank,1,1,B,0,0,0,1,0
INT_G000046,ENZ_G000016,CMP_G002076,1,S2_ESIBank,1,1,B,0,0,0,1,0
INT_G000047,ENZ_G000017,CMP_G000228,1,S3_P450Rdb|S8_PlantP450DB,2,2,B,1,1,0,1,0
INT_G000048,ENZ_G000018,CMP_G000447,1,S2_ESIBank,1,1,B,0,0,0,1,0
INT_G000049,ENZ_G000019,CMP_G000980,1,S3_P450Rdb,1,1,B,1,1,0,1,0
INT_G000050,ENZ_G000019,CMP_G000996,1,S3_P450Rdb|S9_PCPD,2,2,B,1,1,0,1,0
INT_G000051,ENZ_G000019,CMP_G001226,1,S3_P450Rdb|S9_PCPD,2,2,B,1,1,0,1,0
INT_G000052,ENZ_G000019,CMP_G001446,1,S3_P450Rdb|S9_PCPD,2,2,B,1,1,0,1,0
INT_G000053,ENZ_G000020,CMP_G001153,1,S3_P450Rdb|S9_PCPD,2,2,B,1,1,0,1,0
INT_G000054,ENZ_G000021,CMP_G001412,1,S3_P450Rdb|S9_PCPD,2,2,B,1,1,0,1,0
INT_G000055,ENZ_G000022,CMP_G000839,1,S1_RCSB,1,1,A,0,0,1,1,0
INT_G000056,ENZ_G000022,CMP_G000913,1,S1_RCSB,1,1,A,0,0,1,1,0
INT_G000057,ENZ_G000022,CMP_G001012,1,S1_RCSB,1,1,A,0,0,1,1,0
INT_G000058,ENZ_G000022,CMP_G001030,1,S1_RCSB,1,1,A,0,0,1,1,0
INT_G000059,ENZ_G000023,CMP_G001842,1,S3_P450Rdb,1,1,B,1,1,0,1,0
INT_G000060,ENZ_G000024,CMP_G000834,1,S1_RCSB,1,1,A,0,0,1,1,0
INT_G000061,ENZ_G000024,CMP_G001174,1,S1_RCSB|S3_P450Rdb,2,2,A,1,1,1,1,0
INT_G000062,ENZ_G000025,CMP_G000009,1,S3_P450Rdb,1,1,B,1,1,0,1,0
INT_G000063,ENZ_G000026,CMP_G000627,1,S1_RCSB,1,1,A,0,0,1,1,0
INT_G000064,ENZ_G000026,CMP_G001085,1,S1_RCSB,1,1,A,0,0,1,1,0
INT_G000065,ENZ_G000026,CMP_G001183,1,S1_RCSB,1,1,A,0,0,1,1,0
INT_G000066,ENZ_G000026,CMP_G002019,1,S1_RCSB|S9_PCPD,2,2,A,0,0,1,1,0
INT_G000067,ENZ_G000026,CMP_G002033,1,S1_RCSB,1,1,A,0,0,1,1,0
INT_G000068,ENZ_G000027,CMP_G000738,1,S3_P450Rdb|S8_PlantP450DB|S9_PCPD,3,3,B,1,1,0,1,0
INT_G000069,ENZ_G000027,CMP_G001106,1,S3_P450Rdb|S9_PCPD,2,2,B,1,0,0,1,0
INT_G000070,ENZ_G000028,CMP_G000738,1,S3_P450Rdb|S8_PlantP450DB|S9_PCPD,3,3,B,1,1,0,1,0
INT_G000071,ENZ_G000028,CMP_G001106,1,S3_P450Rdb|S9_PCPD,2,2,B,1,0,0,1,0
INT_G000072,ENZ_G000029,CMP_G000738,1,S3_P450Rdb|S8_PlantP450DB|S9_PCPD,3,3,B,1,1,0,1,0
INT_G000073,ENZ_G000030,CMP_G000738,1,S3_P450Rdb|S8_PlantP450DB|S9_PCPD,3,3,B,1,1,0,1,0
INT_G000074,ENZ_G000030,CMP_G001106,1,S3_P450Rdb|S9_PCPD,2,2,B,1,0,0,1,0
INT_G000075,ENZ_G000031,CMP_G000738,1,S3_P450Rdb|S8_PlantP450DB|S9_PCPD,3,3,B,1,1,0,1,0
INT_G000076,ENZ_G000031,CMP_G001106,1,S3_P450Rdb|S9_PCPD,2,2,B,1,0,0,1,0
INT_G000077,ENZ_G000032,CMP_G000738,1,S3_P450Rdb|S8_PlantP450DB|S9_PCPD,3,3,B,1,1,0,1,0
INT_G000078,ENZ_G000032,CMP_G001106,1,S3_P450Rdb|S9_PCPD,2,2,B,1,0,0,1,0
INT_G000079,ENZ_G000033,CMP_G000436,1,S8_PlantP450DB,1,1,B,1,0,0,1,0
INT_G000080,ENZ_G000033,CMP_G000738,1,S8_PlantP450DB,1,1,B,1,0,0,1,0
INT_G000081,ENZ_G000033,CMP_G001017,1,S8_PlantP450DB,1,1,B,1,0,0,1,0
INT_G000082,ENZ_G000034,CMP_G000210,1,S3_P450Rdb,1,1,B,0,1,0,1,0
INT_G000083,ENZ_G000034,CMP_G001250,1,S3_P450Rdb,1,1,B,0,1,0,1,0
INT_G000084,ENZ_G000035,CMP_G000788,1,S2_ESIBank,1,1,B,0,0,0,1,0
INT_G000085,ENZ_G000036,CMP_G000254,1,S3_P450Rdb,1,1,B,1,1,0,1,0
INT_G000086,ENZ_G000036,CMP_G000255,1,S8_PlantP450DB|S9_PCPD,2,2,B,1,0,0,1,0
INT_G000087,ENZ_G000037,CMP_G000254,1,S3_P450Rdb,1,1,B,1,1,0,1,0
INT_G000088,ENZ_G000038,CMP_G001007,1,S9_PCPD,1,1,B,0,0,0,1,0
INT_G000089,ENZ_G000038,CMP_G001008,1,S3_P450Rdb,1,1,B,1,1,0,1,0
INT_G000090,ENZ_G000039,CMP_G002049,1,S3_P450Rdb|S9_PCPD,2,2,B,1,1,0,1,0
INT_G000091,ENZ_G000040,CMP_G000727,1,S2_ESIBank,1,1,B,0,0,0,1,0
INT_G000092,ENZ_G000040,CMP_G000743,1,S2_ESIBank,1,1,B,0,0,0,1,0
INT_G000093,ENZ_G000040,CMP_G001444,1,S2_ESIBank,1,1,B,0,0,0,1,0
INT_G000094,ENZ_G000040,CMP_G001654,1,S2_ESIBank,1,1,B,0,0,0,1,0
INT_G000095,ENZ_G000041,CMP_G001818,1,S3_P450Rdb,1,1,B,1,0,0,1,0
INT_G000096,ENZ_G000042,CMP_G000575,1,S1_RCSB,1,1,A,0,0,1,1,0
INT_G000097,ENZ_G000043,CMP_G000009,1,S3_P450Rdb,1,1,B,1,1,0,1,0
INT_G000098,ENZ_G000043,CMP_G000474,1,S3_P450Rdb,1,1,B,1,1,0,1,0
INT_G000099,ENZ_G000043,CMP_G000939,1,S3_P450Rdb,1,1,B,1,1,0,3,0
INT_G000100,ENZ_G000043,CMP_G001249,1,S3_P450Rdb,1,1,B,1,1,0,1,0
INT_G000101,ENZ_G000043,CMP_G001250,1,S9_PCPD,1,1,B,0,0,0,1,0
INT_G000102,ENZ_G000043,CMP_G001559,1,S3_P450Rdb,1,1,B,1,1,0,1,0
INT_G000103,ENZ_G000044,CMP_G002110,1,S9_PCPD,1,1,B,0,0,0,1,0
INT_G000104,ENZ_G000045,CMP_G000236,1,S2_ESIBank,1,1,B,0,0,0,1,0
INT_G000105,ENZ_G000045,CMP_G000237,1,S8_PlantP450DB,1,1,B,1,0,0,1,0
INT_G000106,ENZ_G000045,CMP_G000497,1,S2_ESIBank|S8_PlantP450DB|S9_PCPD,3,3,B,1,0,0,1,0
INT_G000107,ENZ_G000045,CMP_G001149,1,S2_ESIBank,1,1,B,0,0,0,1,0
INT_G000108,ENZ_G000046,CMP_G001149,1,S8_PlantP450DB|S9_PCPD,2,2,B,1,0,0,1,0
INT_G000109,ENZ_G000047,CMP_G001560,1,S1_RCSB,1,1,A,0,0,1,1,0
INT_G000110,ENZ_G000048,CMP_G000738,1,S2_ESIBank|S3_P450Rdb|S8_PlantP450DB|S9_PCPD,4,4,B,1,1,0,1,0
INT_G000111,ENZ_G000048,CMP_G000996,1,S3_P450Rdb,1,1,B,1,0,0,1,0
INT_G000112,ENZ_G000048,CMP_G001266,1,S3_P450Rdb,1,1,B,1,0,0,1,0
INT_G000113,ENZ_G000048,CMP_G001539,1,S3_P450Rdb,1,1,B,1,0,0,1,0
INT_G000114,ENZ_G000049,CMP_G000436,1,S3_P450Rdb|S8_PlantP450DB,2,2,B,1,1,0,1,0
INT_G000115,ENZ_G000049,CMP_G000738,1,S3_P450Rdb|S8_PlantP450DB|S9_PCPD,3,3,B,1,1,0,1,0
INT_G000116,ENZ_G000049,CMP_G000761,1,S8_PlantP450DB,1,1,B,1,0,0,1,0
INT_G000117,ENZ_G000049,CMP_G001017,1,S3_P450Rdb,1,1,B,1,1,0,1,0
INT_G000118,ENZ_G000050,CMP_G000738,1,S3_P450Rdb|S8_PlantP450DB|S9_PCPD,3,3,B,1,1,0,1,0
INT_G000119,ENZ_G000050,CMP_G001266,1,S3_P450Rdb,1,1,B,1,1,0,2,0
INT_G000120,ENZ_G000050,CMP_G001539,1,S3_P450Rdb,1,1,B,1,1,0,1,0
INT_G000121,ENZ_G000050,CMP_G001706,1,S3_P450Rdb,1,1,B,1,0,0,1,0
INT_G000122,ENZ_G000051,CMP_G000480,1,S1_RCSB,1,1,A,0,0,1,1,0
INT_G000123,ENZ_G000051,CMP_G000539,1,S1_RCSB,1,1,A,0,0,1,1,0
INT_G000124,ENZ_G000051,CMP_G001145,1,S1_RCSB,1,1,A,0,0,1,1,0
INT_G000125,ENZ_G000052,CMP_G000418,1,S3_P450Rdb,1,1,B,1,1,0,1,0
INT_G000126,ENZ_G000052,CMP_G000482,1,S3_P450Rdb,1,1,B,1,1,0,1,0
INT_G000127,ENZ_G000053,CMP_G001100,1,S9_PCPD,1,1,B,0,0,0,1,0
INT_G000128,ENZ_G000054,CMP_G000009,1,S3_P450Rdb,1,1,B,1,1,0,1,0
INT_G000129,ENZ_G000054,CMP_G000474,1,S3_P450Rdb,1,1,B,1,1,0,1,0
INT_G000130,ENZ_G000054,CMP_G001249,1,S3_P450Rdb,1,1,B,1,1,0,1,0
INT_G000131,ENZ_G000054,CMP_G001250,1,S9_PCPD,1,1,B,0,0,0,1,0
INT_G000132,ENZ_G000054,CMP_G001559,1,S3_P450Rdb,1,1,B,1,1,0,1,0
INT_G000133,ENZ_G000055,CMP_G000125,1,S8_PlantP450DB|S9_PCPD,2,3,B,1,0,0,1,0
INT_G000134,ENZ_G000055,CMP_G000710,1,S3_P450Rdb,1,1,B,1,1,0,1,0
INT_G000135,ENZ_G000055,CMP_G001360,1,S3_P450Rdb|S8_PlantP450DB|S9_PCPD,3,4,B,1,1,0,1,0
INT_G000136,ENZ_G000055,CMP_G001370,1,S3_P450Rdb,1,1,B,1,1,0,1,0
INT_G000137,ENZ_G000056,CMP_G000125,1,S8_PlantP450DB,1,1,B,1,0,0,1,0
INT_G000138,ENZ_G000056,CMP_G001360,1,S8_PlantP450DB,1,1,B,1,0,0,1,0
INT_G000139,ENZ_G000057,CMP_G000125,1,S9_PCPD,1,1,B,0,0,0,1,0
INT_G000140,ENZ_G000057,CMP_G001360,1,S2_ESIBank|S3_P450Rdb|S9_PCPD,3,3,B,1,1,0,1,0
INT_G000141,ENZ_G000057,CMP_G001370,1,S2_ESIBank|S3_P450Rdb,2,2,B,1,1,0,1,0
INT_G000142,ENZ_G000058,CMP_G000133,1,S3_P450Rdb,1,1,B,1,1,0,2,0
INT_G000143,ENZ_G000058,CMP_G000134,1,S9_PCPD,1,1,B,0,0,0,1,0
INT_G000144,ENZ_G000059,CMP_G000682,1,S9_PCPD,1,1,B,0,0,0,1,0
INT_G000145,ENZ_G000060,CMP_G001589,1,S9_PCPD,1,1,B,0,0,0,1,0
INT_G000146,ENZ_G000061,CMP_G000654,1,S3_P450Rdb|S9_PCPD,2,2,B,1,1,0,1,0
INT_G000147,ENZ_G000061,CMP_G001804,1,S3_P450Rdb|S9_PCPD,2,2,B,1,1,0,1,0
INT_G000148,ENZ_G000061,CMP_G001864,1,S3_P450Rdb|S9_PCPD,2,2,B,1,1,0,1,0
INT_G000149,ENZ_G000062,CMP_G000479,1,S3_P450Rdb|S9_PCPD,2,2,B,1,1,0,1,0
INT_G000150,ENZ_G000062,CMP_G001250,1,S3_P450Rdb|S9_PCPD,2,2,B,1,1,0,1,0
INT_G000151,ENZ_G000062,CMP_G001830,1,S3_P450Rdb|S9_PCPD,2,2,B,1,1,0,1,0
INT_G000152,ENZ_G000063,CMP_G000725,1,S8_PlantP450DB,1,1,B,1,0,0,1,0
INT_G000153,ENZ_G000063,CMP_G001657,1,S8_PlantP450DB,1,1,B,1,0,0,1,0
INT_G000154,ENZ_G000064,CMP_G000984,1,S8_PlantP450DB|S9_PCPD,2,2,B,1,0,0,1,0
INT_G000155,ENZ_G000065,CMP_G001005,1,S3_P450Rdb|S9_PCPD,2,2,B,1,0,0,1,0
INT_G000156,ENZ_G000066,CMP_G001058,1,S1_RCSB,1,1,A,0,0,1,1,0
INT_G000157,ENZ_G000067,CMP_G000607,1,S3_P450Rdb,1,1,B,1,1,0,1,0
INT_G000158,ENZ_G000068,CMP_G001463,1,S3_P450Rdb,1,1,B,1,0,0,1,0
INT_G000159,ENZ_G000069,CMP_G001463,1,S3_P450Rdb,1,1,B,1,1,0,1,0
INT_G000160,ENZ_G000070,CMP_G000607,1,S3_P450Rdb|S8_PlantP450DB|S9_PCPD,3,3,B,1,1,0,1,0
INT_G000161,ENZ_G000070,CMP_G001463,1,S3_P450Rdb,1,1,B,1,1,0,1,0
INT_G000162,ENZ_G000071,CMP_G000607,1,S8_PlantP450DB,1,1,B,1,0,0,1,0
INT_G000163,ENZ_G000071,CMP_G001463,1,S3_P450Rdb,1,1,B,1,1,0,2,0
INT_G000164,ENZ_G000071,CMP_G001464,1,S9_PCPD,1,1,B,0,0,0,1,0
INT_G000165,ENZ_G000072,CMP_G000285,1,S8_PlantP450DB|S9_PCPD,2,2,B,1,0,0,1,0
INT_G000166,ENZ_G000072,CMP_G001463,1,S3_P450Rdb,1,1,B,1,1,0,2,0
INT_G000167,ENZ_G000072,CMP_G001952,1,S3_P450Rdb,1,1,B,1,1,0,1,0
INT_G000168,ENZ_G000073,CMP_G001463,1,S3_P450Rdb,1,1,B,1,0,0,1,0
INT_G000169,ENZ_G000074,CMP_G001048,1,S3_P450Rdb,1,1,B,1,0,0,1,0
INT_G000170,ENZ_G000074,CMP_G001049,1,S9_PCPD,1,1,B,0,0,0,1,0
INT_G000171,ENZ_G000075,CMP_G001048,1,S8_PlantP450DB,1,1,B,1,0,0,1,0
INT_G000172,ENZ_G000076,CMP_G000253,1,S8_PlantP450DB,1,1,B,1,0,0,1,0
INT_G000173,ENZ_G000076,CMP_G001048,1,S8_PlantP450DB,1,1,B,1,0,0,1,0
INT_G000174,ENZ_G000076,CMP_G001049,1,S3_P450Rdb|S9_PCPD,2,2,B,1,1,0,1,0
INT_G000175,ENZ_G000076,CMP_G001273,1,S8_PlantP450DB,1,1,B,1,0,0,1,0
INT_G000176,ENZ_G000077,CMP_G000720,1,S2_ESIBank,1,1,B,0,0,0,1,0
INT_G000177,ENZ_G000077,CMP_G000916,1,S2_ESIBank,1,1,B,0,0,0,1,0
INT_G000178,ENZ_G000077,CMP_G000975,1,S2_ESIBank,1,1,B,0,0,0,1,0
INT_G000179,ENZ_G000077,CMP_G001198,1,S2_ESIBank,1,1,B,0,0,0,1,0
INT_G000180,ENZ_G000077,CMP_G002027,1,S2_ESIBank,1,1,B,0,0,0,1,0
INT_G000181,ENZ_G000078,CMP_G000401,1,S2_ESIBank,1,1,B,0,0,0,1,0
INT_G000182,ENZ_G000078,CMP_G002051,1,S2_ESIBank,1,1,B,0,0,0,1,0
INT_G000183,ENZ_G000079,CMP_G000722,1,S2_ESIBank,1,1,B,0,0,0,1,0
INT_G000184,ENZ_G000079,CMP_G001164,1,S2_ESIBank,1,1,B,0,0,0,1,0
INT_G000185,ENZ_G000079,CMP_G001165,1,S3_P450Rdb|S8_PlantP450DB|S9_PCPD,3,3,B,1,1,0,1,0
INT_G000186,ENZ_G000079,CMP_G001557,1,S2_ESIBank,1,1,B,0,0,0,1,0
INT_G000187,ENZ_G000080,CMP_G000319,1,S3_P450Rdb|S9_PCPD,2,2,B,1,1,0,1,0
INT_G000188,ENZ_G000080,CMP_G001397,1,S3_P450Rdb|S9_PCPD,2,2,B,1,1,0,1,0
INT_G000189,ENZ_G000080,CMP_G001780,1,S3_P450Rdb|S9_PCPD,2,2,B,1,1,0,1,0
INT_G000190,ENZ_G000080,CMP_G001844,1,S3_P450Rdb|S9_PCPD,2,2,B,1,1,0,1,0
INT_G000191,ENZ_G000081,CMP_G000228,1,S8_PlantP450DB|S9_PCPD,2,2,B,1,0,0,1,0
INT_G000192,ENZ_G000081,CMP_G001315,1,S8_PlantP450DB,1,1,B,1,0,0,1,0
INT_G000193,ENZ_G000082,CMP_G001656,1,S3_P450Rdb,1,1,B,1,1,0,2,0
INT_G000194,ENZ_G000083,CMP_G000009,1,S3_P450Rdb,1,1,B,1,1,0,1,0
INT_G000195,ENZ_G000083,CMP_G000474,1,S3_P450Rdb,1,1,B,1,1,0,1,0
INT_G000196,ENZ_G000083,CMP_G000939,1,S3_P450Rdb,1,1,B,1,1,0,3,0
INT_G000197,ENZ_G000083,CMP_G001249,1,S3_P450Rdb,1,1,B,1,1,0,2,0
INT_G000198,ENZ_G000084,CMP_G001127,1,S9_PCPD,1,1,B,0,0,0,1,0
INT_G000199,ENZ_G000084,CMP_G001128,1,S1_RCSB,1,1,A,0,0,1,1,0
INT_G000200,ENZ_G000085,CMP_G000479,1,S3_P450Rdb|S9_PCPD,2,2,B,1,0,0,1,0
INT_G000201,ENZ_G000086,CMP_G001068,1,S1_RCSB,1,1,A,0,0,1,1,0
INT_G000202,ENZ_G000087,CMP_G000315,1,S8_PlantP450DB,1,1,B,1,0,0,1,0
INT_G000203,ENZ_G000088,CMP_G000767,1,S3_P450Rdb|S8_PlantP450DB|S9_PCPD,3,3,B,1,0,0,1,0
INT_G000204,ENZ_G000089,CMP_G001373,1,S8_PlantP450DB,1,1,B,1,0,0,1,0
INT_G000205,ENZ_G000090,CMP_G001373,1,S8_PlantP450DB,1,1,B,1,0,0,1,0
INT_G000206,ENZ_G000091,CMP_G001390,1,S2_ESIBank|S3_P450Rdb,2,2,B,1,1,0,1,0
INT_G000207,ENZ_G000091,CMP_G002009,1,S9_PCPD,1,1,B,0,0,0,1,0
INT_G000208,ENZ_G000091,CMP_G002058,1,S8_PlantP450DB,1,1,B,1,0,0,1,0
INT_G000209,ENZ_G000092,CMP_G000722,1,S2_ESIBank,1,1,B,0,0,0,1,0
INT_G000210,ENZ_G000092,CMP_G001164,1,S2_ESIBank,1,1,B,0,0,0,1,0
INT_G000211,ENZ_G000092,CMP_G001557,1,S2_ESIBank,1,1,B,0,0,0,1,0
INT_G000212,ENZ_G000093,CMP_G001616,1,S3_P450Rdb|S9_PCPD,2,2,B,1,1,0,1,0
INT_G000213,ENZ_G000094,CMP_G002058,1,S3_P450Rdb|S8_PlantP450DB|S9_PCPD,3,3,B,1,1,0,1,0
INT_G000214,ENZ_G000095,CMP_G000709,1,S2_ESIBank|S3_P450Rdb|S9_PCPD,3,3,B,1,1,0,1,0
INT_G000215,ENZ_G000096,CMP_G000528,1,S3_P450Rdb,1,1,B,1,1,0,1,0
INT_G000216,ENZ_G000097,CMP_G000442,1,S2_ESIBank,1,1,B,0,0,0,1,0
INT_G000217,ENZ_G000097,CMP_G000713,1,S2_ESIBank,1,1,B,0,0,0,1,0
INT_G000218,ENZ_G000097,CMP_G000890,1,S2_ESIBank,1,1,B,0,0,0,1,0
INT_G000219,ENZ_G000097,CMP_G001205,1,S2_ESIBank,1,1,B,0,0,0,1,0
INT_G000220,ENZ_G000098,CMP_G000435,1,S9_PCPD,1,1,B,0,0,0,1,0
INT_G000221,ENZ_G000098,CMP_G000736,1,S3_P450Rdb,1,1,B,1,1,0,1,0
INT_G000222,ENZ_G000099,CMP_G001991,1,S8_PlantP450DB,1,1,B,1,0,0,1,0
INT_G000223,ENZ_G000100,CMP_G000125,1,S2_ESIBank|S3_P450Rdb|S9_PCPD,3,3,B,1,1,0,1,0
INT_G000224,ENZ_G000100,CMP_G001360,1,S2_ESIBank|S3_P450Rdb|S9_PCPD,3,3,B,1,1,0,1,0
INT_G000225,ENZ_G000100,CMP_G001370,1,S2_ESIBank,1,1,B,0,0,0,1,0
INT_G000226,ENZ_G000101,CMP_G001027,1,S3_P450Rdb,1,1,B,1,1,0,1,0
INT_G000227,ENZ_G000101,CMP_G001352,1,S9_PCPD,1,1,B,0,0,0,1,0
INT_G000228,ENZ_G000102,CMP_G001036,1,S3_P450Rdb,1,1,B,1,1,0,1,0
INT_G000229,ENZ_G000102,CMP_G001258,1,S9_PCPD,1,1,B,0,0,0,1,0
INT_G000230,ENZ_G000102,CMP_G001370,1,S3_P450Rdb,1,1,B,1,1,0,1,0
INT_G000231,ENZ_G000102,CMP_G001431,1,S3_P450Rdb,1,1,B,1,1,0,1,0
INT_G000232,ENZ_G000103,CMP_G000995,1,S3_P450Rdb,1,1,B,1,1,0,1,0
INT_G000233,ENZ_G000103,CMP_G000996,1,S8_PlantP450DB|S9_PCPD,2,2,B,1,0,0,1,0
INT_G000234,ENZ_G000104,CMP_G000738,1,S3_P450Rdb|S8_PlantP450DB|S9_PCPD,3,3,B,1,1,0,1,0
INT_G000235,ENZ_G000105,CMP_G000442,1,S2_ESIBank,1,1,B,0,0,0,1,0
INT_G000236,ENZ_G000105,CMP_G000713,1,S2_ESIBank,1,1,B,0,0,0,1,0
INT_G000237,ENZ_G000105,CMP_G001205,1,S2_ESIBank,1,1,B,0,0,0,1,0
INT_G000238,ENZ_G000106,CMP_G001058,1,S2_ESIBank,1,1,B,0,0,0,1,0
INT_G000239,ENZ_G000107,CMP_G001189,1,S3_P450Rdb|S8_PlantP450DB|S9_PCPD,3,3,B,1,1,0,1,0
INT_G000240,ENZ_G000108,CMP_G001189,1,S8_PlantP450DB,1,1,B,1,0,0,1,0
INT_G000241,ENZ_G000109,CMP_G000436,1,S8_PlantP450DB,1,1,B,1,0,0,1,0
INT_G000242,ENZ_G000109,CMP_G000453,1,S3_P450Rdb|S9_PCPD,2,2,B,1,1,0,1,0
INT_G000243,ENZ_G000109,CMP_G000738,1,S3_P450Rdb|S8_PlantP450DB|S9_PCPD,3,3,B,1,1,0,1,0
INT_G000244,ENZ_G000109,CMP_G001017,1,S3_P450Rdb|S8_PlantP450DB|S9_PCPD,3,3,B,1,1,0,1,0
INT_G000245,ENZ_G000109,CMP_G001266,1,S3_P450Rdb|S9_PCPD,2,2,B,1,1,0,1,0
INT_G000246,ENZ_G000110,CMP_G000436,1,S8_PlantP450DB,1,1,B,1,0,0,1,0
INT_G000247,ENZ_G000110,CMP_G000453,1,S3_P450Rdb|S9_PCPD,2,2,B,1,1,0,1,0
INT_G000248,ENZ_G000110,CMP_G000738,1,S3_P450Rdb|S8_PlantP450DB|S9_PCPD,3,3,B,1,1,0,2,0
INT_G000249,ENZ_G000110,CMP_G001017,1,S3_P450Rdb|S8_PlantP450DB|S9_PCPD,3,3,B,1,1,0,1,0
INT_G000250,ENZ_G000110,CMP_G001266,1,S3_P450Rdb|S9_PCPD,2,2,B,1,1,0,1,0
INT_G000251,ENZ_G000111,CMP_G000955,1,S9_PCPD,1,1,B,0,0,0,1,0
INT_G000252,ENZ_G000112,CMP_G000584,1,S9_PCPD,1,1,B,0,0,0,1,0
INT_G000253,ENZ_G000113,CMP_G001027,1,S2_ESIBank|S3_P450Rdb,2,2,B,1,1,0,1,0
INT_G000254,ENZ_G000113,CMP_G001370,1,S2_ESIBank|S3_P450Rdb|S8_PlantP450DB,3,3,B,1,1,0,2,0
INT_G000255,ENZ_G000114,CMP_G000009,1,S3_P450Rdb,1,1,B,1,1,0,1,0
INT_G000256,ENZ_G000114,CMP_G000474,1,S3_P450Rdb,1,1,B,1,1,0,1,0
INT_G000257,ENZ_G000114,CMP_G000939,1,S3_P450Rdb,1,1,B,1,1,0,3,0
INT_G000258,ENZ_G000114,CMP_G001249,1,S3_P450Rdb,1,1,B,1,1,0,1,0
INT_G000259,ENZ_G000114,CMP_G001250,1,S9_PCPD,1,1,B,0,0,0,1,0
INT_G000260,ENZ_G000114,CMP_G001559,1,S3_P450Rdb,1,1,B,1,1,0,1,0
INT_G000261,ENZ_G000114,CMP_G001822,1,S9_PCPD,1,1,B,0,0,0,1,0
INT_G000262,ENZ_G000115,CMP_G000009,1,S3_P450Rdb,1,1,B,1,1,0,1,0
INT_G000263,ENZ_G000115,CMP_G000474,1,S3_P450Rdb,1,1,B,1,1,0,1,0
INT_G000264,ENZ_G000115,CMP_G000939,1,S3_P450Rdb,1,1,B,1,1,0,3,0
INT_G000265,ENZ_G000115,CMP_G001249,1,S3_P450Rdb,1,1,B,1,1,0,1,0
INT_G000266,ENZ_G000115,CMP_G001559,1,S3_P450Rdb,1,1,B,1,1,0,1,0
INT_G000267,ENZ_G000116,CMP_G000467,1,S2_ESIBank|S3_P450Rdb|S8_PlantP450DB|S9_PCPD,4,4,B,1,1,0,1,0
INT_G000268,ENZ_G000116,CMP_G001027,1,S2_ESIBank|S3_P450Rdb|S8_PlantP450DB,3,3,B,1,1,0,1,0
INT_G000269,ENZ_G000117,CMP_G001475,1,S3_P450Rdb|S8_PlantP450DB,2,2,B,1,1,0,2,0
INT_G000270,ENZ_G000117,CMP_G001677,1,S9_PCPD,1,1,B,0,0,0,1,0
INT_G000271,ENZ_G000118,CMP_G000391,1,S2_ESIBank,1,1,B,0,0,0,1,0
INT_G000272,ENZ_G000118,CMP_G000963,1,S2_ESIBank,1,1,B,0,0,0,1,0
INT_G000273,ENZ_G000118,CMP_G000964,1,S2_ESIBank,1,1,B,0,0,0,1,0
INT_G000274,ENZ_G000118,CMP_G001475,1,S2_ESIBank,1,1,B,0,0,0,1,0
INT_G000275,ENZ_G000119,CMP_G000254,1,S3_P450Rdb,1,1,B,1,1,0,1,0
INT_G000276,ENZ_G000119,CMP_G000255,1,S8_PlantP450DB|S9_PCPD,2,2,B,1,0,0,1,0
INT_G000277,ENZ_G000119,CMP_G001564,1,S8_PlantP450DB,1,1,B,1,0,0,1,0
INT_G000278,ENZ_G000119,CMP_G002076,1,S8_PlantP450DB,1,1,B,1,0,0,1,0
INT_G000279,ENZ_G000120,CMP_G000436,1,S3_P450Rdb|S8_PlantP450DB|S9_PCPD,3,3,B,1,1,0,2,0
INT_G000280,ENZ_G000120,CMP_G000738,1,S3_P450Rdb|S9_PCPD,2,2,B,1,1,0,3,0
INT_G000281,ENZ_G000120,CMP_G001017,1,S3_P450Rdb,1,1,B,1,1,0,1,0
INT_G000282,ENZ_G000121,CMP_G000544,1,S9_PCPD,1,1,B,0,0,0,1,0
INT_G000283,ENZ_G000122,CMP_G001784,1,S9_PCPD,1,1,B,0,0,0,1,0
INT_G000284,ENZ_G000123,CMP_G002025,1,S9_PCPD,1,1,B,0,0,0,1,0
INT_G000285,ENZ_G000124,CMP_G000238,1,S9_PCPD,1,1,B,0,0,0,1,0
INT_G000286,ENZ_G000125,CMP_G001901,1,S9_PCPD,1,1,B,0,0,0,1,0
INT_G000287,ENZ_G000126,CMP_G000442,1,S8_PlantP450DB,1,1,B,1,0,0,1,0
INT_G000288,ENZ_G000126,CMP_G000447,1,S8_PlantP450DB,1,1,B,1,0,0,1,0
INT_G000289,ENZ_G000126,CMP_G001469,1,S8_PlantP450DB,1,1,B,1,0,0,1,0
INT_G000290,ENZ_G000127,CMP_G000442,1,S8_PlantP450DB,1,1,B,1,0,0,1,0
INT_G000291,ENZ_G000127,CMP_G000447,1,S8_PlantP450DB,1,1,B,1,0,0,1,0
INT_G000292,ENZ_G000127,CMP_G001469,1,S8_PlantP450DB,1,1,B,1,0,0,1,0
INT_G000293,ENZ_G000128,CMP_G000442,1,S8_PlantP450DB,1,1,B,1,0,0,1,0
INT_G000294,ENZ_G000128,CMP_G000447,1,S8_PlantP450DB,1,1,B,1,0,0,1,0
INT_G000295,ENZ_G000128,CMP_G001469,1,S8_PlantP450DB,1,1,B,1,0,0,1,0
INT_G000296,ENZ_G000129,CMP_G000880,1,S8_PlantP450DB,1,1,B,1,0,0,1,0
INT_G000297,ENZ_G000129,CMP_G000881,1,S3_P450Rdb,1,1,B,1,1,0,1,0
INT_G000298,ENZ_G000129,CMP_G001220,1,S3_P450Rdb|S8_PlantP450DB,2,2,B,1,1,0,1,0
INT_G000299,ENZ_G000129,CMP_G001221,1,S3_P450Rdb,1,1,B,1,0,0,1,0
INT_G000300,ENZ_G000129,CMP_G001222,1,S8_PlantP450DB,1,1,B,1,0,0,1,0
INT_G000301,ENZ_G000129,CMP_G001976,1,S3_P450Rdb|S8_PlantP450DB,2,2,B,1,0,0,1,0
INT_G000302,ENZ_G000130,CMP_G001766,1,S3_P450Rdb,1,1,B,1,1,0,1,0
INT_G000303,ENZ_G000131,CMP_G001632,1,S8_PlantP450DB,1,1,B,1,0,0,1,0
INT_G000304,ENZ_G000132,CMP_G001969,1,S8_PlantP450DB,1,1,B,1,0,0,1,0
INT_G000305,ENZ_G000133,CMP_G001907,1,S1_RCSB,1,1,A,0,0,1,1,0
INT_G000306,ENZ_G000133,CMP_G002083,1,S3_P450Rdb,1,1,B,1,1,0,1,0
INT_G000307,ENZ_G000134,CMP_G000436,1,S3_P450Rdb|S8_PlantP450DB|S9_PCPD,3,3,B,1,1,0,2,0
INT_G000308,ENZ_G000134,CMP_G000738,1,S2_ESIBank|S3_P450Rdb|S8_PlantP450DB|S9_PCPD,4,4,B,1,1,0,2,0
INT_G000309,ENZ_G000134,CMP_G001266,1,S3_P450Rdb|S9_PCPD,2,2,B,1,1,0,1,0
INT_G000310,ENZ_G000134,CMP_G001267,1,S2_ESIBank,1,1,B,0,0,0,1,0
INT_G000311,ENZ_G000134,CMP_G001923,1,S3_P450Rdb|S9_PCPD,2,2,B,1,1,0,1,0
INT_G000312,ENZ_G000135,CMP_G000436,1,S3_P450Rdb|S8_PlantP450DB|S9_PCPD,3,3,B,1,1,0,2,0
INT_G000313,ENZ_G000135,CMP_G000738,1,S3_P450Rdb|S8_PlantP450DB|S9_PCPD,3,3,B,1,1,0,2,0
INT_G000314,ENZ_G000135,CMP_G001266,1,S3_P450Rdb|S9_PCPD,2,2,B,1,1,0,1,0
INT_G000315,ENZ_G000135,CMP_G001923,1,S3_P450Rdb|S9_PCPD,2,2,B,1,1,0,1,0
INT_G000316,ENZ_G000136,CMP_G000487,1,S3_P450Rdb,1,1,B,1,1,0,1,0
INT_G000317,ENZ_G000136,CMP_G001807,1,S3_P450Rdb,1,1,B,1,1,0,1,0
INT_G000318,ENZ_G000136,CMP_G002069,1,S8_PlantP450DB|S9_PCPD,2,2,B,1,0,0,1,0
INT_G000319,ENZ_G000136,CMP_G002070,1,S3_P450Rdb,1,1,B,1,1,0,1,0
INT_G000320,ENZ_G000137,CMP_G000230,1,S8_PlantP450DB,1,1,B,1,0,0,1,0
INT_G000321,ENZ_G000137,CMP_G001367,1,S3_P450Rdb|S8_PlantP450DB,2,2,B,1,1,0,1,0
INT_G000322,ENZ_G000137,CMP_G001849,1,S9_PCPD,1,1,B,0,0,0,1,0
INT_G000323,ENZ_G000138,CMP_G001899,1,S8_PlantP450DB|S9_PCPD,2,2,B,1,0,0,1,0
INT_G000324,ENZ_G000139,CMP_G000487,1,S3_P450Rdb,1,1,B,1,1,0,1,0
INT_G000325,ENZ_G000139,CMP_G001793,1,S3_P450Rdb,1,1,B,1,1,0,1,0
INT_G000326,ENZ_G000139,CMP_G002069,1,S8_PlantP450DB|S9_PCPD,2,2,B,1,0,0,1,0
INT_G000327,ENZ_G000139,CMP_G002070,1,S3_P450Rdb,1,1,B,1,1,0,1,0
INT_G000328,ENZ_G000140,CMP_G000230,1,S8_PlantP450DB,1,1,B,1,0,0,1,0
INT_G000329,ENZ_G000140,CMP_G000746,1,S9_PCPD,1,1,B,0,0,0,1,0
INT_G000330,ENZ_G000140,CMP_G001367,1,S8_PlantP450DB,1,1,B,1,0,0,1,0
INT_G000331,ENZ_G000141,CMP_G001367,1,S3_P450Rdb|S9_PCPD,2,2,B,1,1,0,1,0
INT_G000332,ENZ_G000142,CMP_G000914,1,S2_ESIBank,1,1,B,0,0,0,1,0
INT_G000333,ENZ_G000143,CMP_G000607,1,S3_P450Rdb,1,1,B,1,0,0,1,0
INT_G000334,ENZ_G000144,CMP_G000646,1,S8_PlantP450DB|S9_PCPD,2,2,B,1,0,0,1,0
INT_G000335,ENZ_G000144,CMP_G000647,1,S3_P450Rdb,1,1,B,1,1,0,1,0
INT_G000336,ENZ_G000145,CMP_G000647,1,S3_P450Rdb,1,1,B,1,1,0,2,0
INT_G000337,ENZ_G000146,CMP_G000647,1,S3_P450Rdb,1,1,B,1,1,0,2,0
INT_G000338,ENZ_G000147,CMP_G000646,1,S3_P450Rdb|S8_PlantP450DB|S9_PCPD,3,3,B,1,0,0,2,0
INT_G000339,ENZ_G000147,CMP_G000647,1,S3_P450Rdb,1,1,B,1,1,0,1,0
INT_G000340,ENZ_G000148,CMP_G000646,1,S8_PlantP450DB|S9_PCPD,2,2,B,1,0,0,1,0
INT_G000341,ENZ_G000148,CMP_G000647,1,S3_P450Rdb,1,1,B,1,1,0,1,0
INT_G000342,ENZ_G000149,CMP_G000738,1,S3_P450Rdb|S8_PlantP450DB|S9_PCPD,3,3,B,1,1,0,1,0
INT_G000343,ENZ_G000149,CMP_G001266,1,S3_P450Rdb|S9_PCPD,2,2,B,1,1,0,1,0
INT_G000344,ENZ_G000150,CMP_G000738,1,S3_P450Rdb|S8_PlantP450DB|S9_PCPD,3,3,B,1,1,0,1,0
INT_G000345,ENZ_G000150,CMP_G001266,1,S3_P450Rdb|S9_PCPD,2,2,B,1,1,0,1,0
INT_G000346,ENZ_G000151,CMP_G000194,1,S8_PlantP450DB|S9_PCPD,2,2,B,1,0,0,1,0
INT_G000347,ENZ_G000152,CMP_G001423,1,S9_PCPD,1,1,B,0,0,0,1,0
INT_G000348,ENZ_G000153,CMP_G000430,1,S2_ESIBank,1,1,B,0,0,0,1,0
INT_G000349,ENZ_G000153,CMP_G000685,1,S2_ESIBank|S3_P450Rdb,2,2,B,1,1,0,1,0
INT_G000350,ENZ_G000153,CMP_G000686,1,S2_ESIBank,1,1,B,0,0,0,1,0
INT_G000351,ENZ_G000154,CMP_G000141,1,S9_PCPD,1,1,B,0,0,0,1,0
INT_G000352,ENZ_G000154,CMP_G000481,1,S2_ESIBank|S3_P450Rdb|S8_PlantP450DB,3,3,B,1,1,0,1,0
INT_G000353,ENZ_G000154,CMP_G000979,1,S2_ESIBank|S3_P450Rdb,2,2,B,1,1,0,1,0
INT_G000354,ENZ_G000154,CMP_G001942,1,S9_PCPD,1,1,B,0,0,0,1,0
INT_G000355,ENZ_G000155,CMP_G000430,1,S2_ESIBank|S3_P450Rdb,2,2,B,1,1,0,1,0
INT_G000356,ENZ_G000155,CMP_G000685,1,S3_P450Rdb,1,1,B,1,1,0,1,0
INT_G000357,ENZ_G000156,CMP_G001185,1,S8_PlantP450DB,1,1,B,1,0,0,1,0
INT_G000358,ENZ_G000156,CMP_G001371,1,S8_PlantP450DB,1,1,B,1,0,0,1,0
INT_G000359,ENZ_G000157,CMP_G000125,1,S3_P450Rdb|S8_PlantP450DB,2,2,B,1,1,0,1,0
INT_G000360,ENZ_G000157,CMP_G001027,1,S8_PlantP450DB,1,2,B,1,0,0,1,0
INT_G000361,ENZ_G000157,CMP_G001370,1,S8_PlantP450DB,1,1,B,1,0,0,1,0
INT_G000362,ENZ_G000158,CMP_G000125,1,S3_P450Rdb|S8_PlantP450DB|S9_PCPD,3,3,B,1,1,0,1,0
INT_G000363,ENZ_G000158,CMP_G001027,1,S8_PlantP450DB|S9_PCPD,2,2,B,1,0,0,1,0
INT_G000364,ENZ_G000159,CMP_G000125,1,S3_P450Rdb|S8_PlantP450DB|S9_PCPD,3,3,B,1,1,0,1,0
INT_G000365,ENZ_G000159,CMP_G001027,1,S3_P450Rdb|S8_PlantP450DB|S9_PCPD,3,3,B,1,1,0,1,0
INT_G000366,ENZ_G000159,CMP_G001370,1,S3_P450Rdb|S8_PlantP450DB,2,2,B,1,1,0,1,0
INT_G000367,ENZ_G000160,CMP_G000039,1,S8_PlantP450DB,1,1,B,1,0,0,1,0
INT_G000368,ENZ_G000160,CMP_G000228,1,S8_PlantP450DB,1,1,B,1,0,0,1,0
INT_G000369,ENZ_G000160,CMP_G001189,1,S8_PlantP450DB,1,1,B,1,0,0,1,0
INT_G000370,ENZ_G000160,CMP_G001315,1,S8_PlantP450DB,1,1,B,1,0,0,1,0
INT_G000371,ENZ_G000160,CMP_G001417,1,S8_PlantP450DB,1,1,B,1,0,0,1,0
INT_G000372,ENZ_G000161,CMP_G000039,1,S8_PlantP450DB,1,1,B,1,0,0,1,0
INT_G000373,ENZ_G000161,CMP_G000228,1,S8_PlantP450DB,1,1,B,1,0,0,1,0
INT_G000374,ENZ_G000161,CMP_G001189,1,S8_PlantP450DB,1,1,B,1,0,0,1,0
INT_G000375,ENZ_G000161,CMP_G001315,1,S8_PlantP450DB,1,1,B,1,0,0,1,0
INT_G000376,ENZ_G000161,CMP_G001417,1,S8_PlantP450DB,1,1,B,1,0,0,1,0
INT_G000377,ENZ_G000162,CMP_G001315,1,S8_PlantP450DB,1,1,B,1,0,0,1,0
INT_G000378,ENZ_G000163,CMP_G000039,1,S8_PlantP450DB,1,1,B,1,0,0,1,0
INT_G000379,ENZ_G000163,CMP_G000228,1,S8_PlantP450DB,1,1,B,1,0,0,1,0
INT_G000380,ENZ_G000163,CMP_G001189,1,S8_PlantP450DB,1,1,B,1,0,0,1,0
INT_G000381,ENZ_G000163,CMP_G001315,1,S8_PlantP450DB,1,1,B,1,0,0,1,0
INT_G000382,ENZ_G000163,CMP_G001417,1,S8_PlantP450DB,1,1,B,1,0,0,1,0
INT_G000383,ENZ_G000164,CMP_G000436,1,S3_P450Rdb|S8_PlantP450DB,2,2,B,1,1,0,1,0
INT_G000384,ENZ_G000164,CMP_G000738,1,S3_P450Rdb|S8_PlantP450DB|S9_PCPD,3,3,B,1,1,0,1,0
INT_G000385,ENZ_G000164,CMP_G001266,1,S3_P450Rdb,1,1,B,1,1,0,1,0
INT_G000386,ENZ_G000164,CMP_G001923,1,S3_P450Rdb,1,1,B,1,1,0,1,0
INT_G000387,ENZ_G000165,CMP_G000436,1,S3_P450Rdb|S8_PlantP450DB,2,2,B,1,1,0,1,0
INT_G000388,ENZ_G000165,CMP_G000738,1,S3_P450Rdb|S8_PlantP450DB|S9_PCPD,3,3,B,1,1,0,2,0
INT_G000389,ENZ_G000165,CMP_G001266,1,S3_P450Rdb,1,1,B,1,1,0,1,0
INT_G000390,ENZ_G000165,CMP_G001923,1,S3_P450Rdb,1,1,B,1,1,0,1,0
INT_G000391,ENZ_G000166,CMP_G000794,1,S8_PlantP450DB,1,1,B,1,0,0,1,0
INT_G000392,ENZ_G000166,CMP_G000981,1,S3_P450Rdb|S8_PlantP450DB,2,2,B,1,0,0,1,0
INT_G000393,ENZ_G000166,CMP_G000996,1,S3_P450Rdb|S8_PlantP450DB|S9_PCPD,3,3,B,1,1,0,1,0
INT_G000394,ENZ_G000166,CMP_G001755,1,S3_P450Rdb|S8_PlantP450DB,2,2,B,1,1,0,1,0
INT_G000395,ENZ_G000167,CMP_G000838,1,S3_P450Rdb,1,1,B,1,0,0,1,0
INT_G000396,ENZ_G000167,CMP_G000996,1,S3_P450Rdb|S8_PlantP450DB|S9_PCPD,3,3,B,1,1,0,1,0
INT_G000397,ENZ_G000167,CMP_G001755,1,S3_P450Rdb|S8_PlantP450DB,2,2,B,1,1,0,1,0
INT_G000398,ENZ_G000168,CMP_G000738,1,S3_P450Rdb|S8_PlantP450DB|S9_PCPD,3,4,B,1,1,0,1,0
INT_G000399,ENZ_G000168,CMP_G001266,1,S3_P450Rdb,1,1,B,1,1,0,1,0
INT_G000400,ENZ_G000168,CMP_G001707,1,S3_P450Rdb,1,1,B,1,0,0,1,0
INT_G000401,ENZ_G000169,CMP_G000738,1,S2_ESIBank|S3_P450Rdb|S8_PlantP450DB|S9_PCPD,4,4,B,1,1,0,4,0
INT_G000402,ENZ_G000169,CMP_G000995,1,S3_P450Rdb,1,1,B,1,1,0,1,0
INT_G000403,ENZ_G000169,CMP_G000996,1,S3_P450Rdb,1,1,B,1,1,0,2,0
INT_G000404,ENZ_G000169,CMP_G001266,1,S3_P450Rdb,1,1,B,1,1,0,1,0
INT_G000405,ENZ_G000169,CMP_G001707,1,S2_ESIBank|S3_P450Rdb,2,2,B,1,1,0,1,0
INT_G000406,ENZ_G000170,CMP_G000738,1,S3_P450Rdb|S8_PlantP450DB|S9_PCPD,3,3,B,1,0,0,1,0
INT_G000407,ENZ_G000170,CMP_G000996,1,S3_P450Rdb|S8_PlantP450DB,2,2,B,1,0,0,1,0
INT_G000408,ENZ_G000171,CMP_G000738,1,S3_P450Rdb|S8_PlantP450DB|S9_PCPD,3,3,B,1,1,0,1,0
INT_G000409,ENZ_G000171,CMP_G001266,1,S3_P450Rdb|S9_PCPD,2,2,B,1,1,0,1,0
INT_G000410,ENZ_G000172,CMP_G001163,1,S3_P450Rdb|S9_PCPD,2,2,B,1,0,0,1,0
INT_G000411,ENZ_G000173,CMP_G000091,1,S2_ESIBank,1,1,B,0,0,0,1,0
INT_G000412,ENZ_G000173,CMP_G001791,1,S2_ESIBank,1,1,B,0,0,0,1,0
INT_G000413,ENZ_G000173,CMP_G001798,1,S2_ESIBank,1,1,B,0,0,0,1,0
INT_G000414,ENZ_G000174,CMP_G000632,1,S2_ESIBank,1,1,B,0,0,0,1,0
INT_G000415,ENZ_G000175,CMP_G001047,1,S9_PCPD,1,1,B,0,0,0,1,0
INT_G000416,ENZ_G000175,CMP_G001439,1,S9_PCPD,1,1,B,0,0,0,1,0
INT_G000417,ENZ_G000176,CMP_G000738,1,S3_P450Rdb|S8_PlantP450DB|S9_PCPD,3,3,B,1,1,0,1,0
INT_G000418,ENZ_G000177,CMP_G000729,1,S3_P450Rdb,1,1,B,1,1,0,1,0
INT_G000419,ENZ_G000177,CMP_G000741,1,S3_P450Rdb,1,1,B,1,1,0,1,0
INT_G000420,ENZ_G000178,CMP_G001037,1,S9_PCPD,1,1,B,0,0,0,1,0
INT_G000421,ENZ_G000179,CMP_G001042,1,S8_PlantP450DB,1,1,B,1,0,0,1,0
INT_G000422,ENZ_G000180,CMP_G000384,1,S2_ESIBank,1,1,B,0,0,0,1,0
INT_G000423,ENZ_G000180,CMP_G000436,1,S2_ESIBank|S3_P450Rdb|S8_PlantP450DB|S9_PCPD,4,4,B,1,1,0,2,0
INT_G000424,ENZ_G000180,CMP_G000453,1,S2_ESIBank|S3_P450Rdb|S9_PCPD,3,3,B,1,1,0,1,0
INT_G000425,ENZ_G000180,CMP_G000738,1,S2_ESIBank|S3_P450Rdb|S8_PlantP450DB|S9_PCPD,4,4,B,1,1,0,1,0
INT_G000426,ENZ_G000180,CMP_G001017,1,S3_P450Rdb|S8_PlantP450DB|S9_PCPD,3,3,B,1,1,0,1,0
INT_G000427,ENZ_G000180,CMP_G001266,1,S3_P450Rdb|S9_PCPD,2,2,B,1,1,0,1,0
INT_G000428,ENZ_G000180,CMP_G001267,1,S2_ESIBank,1,1,B,0,0,0,1,0
INT_G000429,ENZ_G000180,CMP_G001923,1,S3_P450Rdb|S9_PCPD,2,2,B,1,1,0,1,0
INT_G000430,ENZ_G000181,CMP_G000562,1,S3_P450Rdb|S9_PCPD,2,2,B,1,1,0,1,0
INT_G000431,ENZ_G000181,CMP_G002119,1,S3_P450Rdb|S9_PCPD,2,2,B,1,1,0,1,0
INT_G000432,ENZ_G000182,CMP_G001604,1,S9_PCPD,1,1,B,0,0,0,1,0
INT_G000433,ENZ_G000182,CMP_G001605,1,S9_PCPD,1,1,B,0,0,0,1,0
INT_G000434,ENZ_G000183,CMP_G001412,1,S3_P450Rdb|S9_PCPD,2,2,B,1,1,0,1,0
INT_G000435,ENZ_G000184,CMP_G001153,1,S3_P450Rdb|S9_PCPD,2,2,B,1,1,0,1,0
INT_G000436,ENZ_G000185,CMP_G000870,1,S3_P450Rdb,1,1,B,1,1,0,2,0
INT_G000437,ENZ_G000186,CMP_G000813,1,S3_P450Rdb|S9_PCPD,2,2,B,1,1,0,1,0
INT_G000438,ENZ_G000187,CMP_G001485,1,S3_P450Rdb|S9_PCPD,2,2,B,1,1,0,1,0
INT_G000439,ENZ_G000187,CMP_G001578,1,S3_P450Rdb|S9_PCPD,2,2,B,1,1,0,2,0
INT_G000440,ENZ_G000188,CMP_G000129,1,S3_P450Rdb|S9_PCPD,2,2,B,1,1,0,1,0
INT_G000441,ENZ_G000189,CMP_G000782,1,S1_RCSB,1,1,A,0,0,1,1,0
INT_G000442,ENZ_G000189,CMP_G000883,1,S1_RCSB,1,1,A,0,0,1,1,0
INT_G000443,ENZ_G000189,CMP_G001174,1,S3_P450Rdb,1,1,B,1,1,0,1,0
INT_G000444,ENZ_G000190,CMP_G001697,1,S1_RCSB,1,1,A,0,0,1,1,0
INT_G000445,ENZ_G000191,CMP_G001250,1,S2_ESIBank,1,1,B,0,0,0,1,0
INT_G000446,ENZ_G000191,CMP_G002027,1,S2_ESIBank,1,1,B,0,0,0,1,0
INT_G000447,ENZ_G000192,CMP_G000738,1,S2_ESIBank|S3_P450Rdb|S8_PlantP450DB|S9_PCPD,4,4,B,1,1,0,1,0
INT_G000448,ENZ_G000192,CMP_G001266,1,S3_P450Rdb|S9_PCPD,2,2,B,1,1,0,1,0
INT_G000449,ENZ_G000192,CMP_G001267,1,S2_ESIBank,1,1,B,0,0,0,1,0
INT_G000450,ENZ_G000193,CMP_G001521,1,S3_P450Rdb,1,1,B,1,1,0,1,0
INT_G000451,ENZ_G000194,CMP_G001818,1,S3_P450Rdb,1,1,B,1,0,0,1,0
INT_G000452,ENZ_G000195,CMP_G001527,1,S8_PlantP450DB,1,1,B,1,0,0,1,0
INT_G000453,ENZ_G000196,CMP_G000259,1,S2_ESIBank,1,1,B,0,0,0,1,0
INT_G000454,ENZ_G000196,CMP_G001205,1,S2_ESIBank,1,1,B,0,0,0,1,0
INT_G000455,ENZ_G000197,CMP_G000607,1,S2_ESIBank,1,1,B,0,0,0,1,0
INT_G000456,ENZ_G000198,CMP_G000151,1,S2_ESIBank,1,1,B,0,0,0,1,0
INT_G000457,ENZ_G000199,CMP_G000431,1,S8_PlantP450DB|S9_PCPD,2,2,B,1,0,0,1,0
INT_G000458,ENZ_G000199,CMP_G000685,1,S8_PlantP450DB,1,1,B,1,0,0,1,0
INT_G000459,ENZ_G000200,CMP_G001280,1,S8_PlantP450DB,1,1,B,1,0,0,1,0
INT_G000460,ENZ_G000201,CMP_G002105,1,S9_PCPD,1,1,B,0,0,0,1,0
INT_G000461,ENZ_G000201,CMP_G002106,1,S3_P450Rdb,1,1,B,1,1,0,1,0
INT_G000462,ENZ_G000202,CMP_G000069,1,S3_P450Rdb,1,1,B,1,1,0,1,0
INT_G000463,ENZ_G000203,CMP_G000615,1,S9_PCPD,1,1,B,0,0,0,1,0
INT_G000464,ENZ_G000203,CMP_G000616,1,S3_P450Rdb,1,1,B,1,1,0,1,0
INT_G000465,ENZ_G000204,CMP_G001024,1,S1_RCSB,1,1,A,0,0,1,1,0
INT_G000466,ENZ_G000205,CMP_G000738,1,S2_ESIBank|S3_P450Rdb,2,2,B,1,1,0,2,0
INT_G000467,ENZ_G000205,CMP_G001266,1,S3_P450Rdb,1,1,B,1,1,0,1,0
INT_G000468,ENZ_G000205,CMP_G001267,1,S2_ESIBank,1,1,B,0,0,0,1,0
INT_G000469,ENZ_G000205,CMP_G001539,1,S3_P450Rdb,1,1,B,1,1,0,1,0
INT_G000470,ENZ_G000205,CMP_G001707,1,S2_ESIBank|S3_P450Rdb,2,2,B,1,1,0,1,0
INT_G000471,ENZ_G000206,CMP_G000759,1,S9_PCPD,1,1,B,0,0,0,1,0
INT_G000472,ENZ_G000206,CMP_G000760,1,S3_P450Rdb,1,1,B,1,1,0,1,0
INT_G000473,ENZ_G000207,CMP_G002049,1,S9_PCPD,1,1,B,0,0,0,1,0
INT_G000474,ENZ_G000208,CMP_G001454,1,S9_PCPD,1,1,B,0,0,0,1,0
INT_G000475,ENZ_G000209,CMP_G001079,1,S9_PCPD,1,1,B,0,0,0,1,0
INT_G000476,ENZ_G000210,CMP_G000889,1,S9_PCPD,1,1,B,0,0,0,1,0
INT_G000477,ENZ_G000211,CMP_G000889,1,S9_PCPD,1,1,B,0,0,0,1,0
INT_G000478,ENZ_G000212,CMP_G000892,1,S3_P450Rdb,1,1,B,1,1,0,1,0
INT_G000479,ENZ_G000212,CMP_G001936,1,S9_PCPD,1,1,B,0,0,0,1,0
INT_G000480,ENZ_G000213,CMP_G000682,1,S1_RCSB,1,1,A,0,0,1,1,0
INT_G000481,ENZ_G000214,CMP_G000792,1,S3_P450Rdb,1,1,B,1,1,0,3,0
INT_G000482,ENZ_G000214,CMP_G000856,1,S3_P450Rdb,1,1,B,1,1,0,2,0
INT_G000483,ENZ_G000214,CMP_G001123,1,S3_P450Rdb,1,1,B,1,1,0,2,0
INT_G000484,ENZ_G000215,CMP_G000792,1,S3_P450Rdb,1,1,B,1,1,0,3,0
INT_G000485,ENZ_G000215,CMP_G000856,1,S3_P450Rdb,1,1,B,1,1,0,2,0
INT_G000486,ENZ_G000215,CMP_G001123,1,S3_P450Rdb,1,1,B,1,1,0,2,0
INT_G000487,ENZ_G000216,CMP_G001753,1,S8_PlantP450DB,1,1,B,1,0,0,1,0
INT_G000488,ENZ_G000217,CMP_G000835,1,S2_ESIBank,1,1,B,0,0,0,1,0
INT_G000489,ENZ_G000217,CMP_G001753,1,S8_PlantP450DB,1,1,B,1,0,0,1,0
INT_G000490,ENZ_G000218,CMP_G000835,1,S2_ESIBank,1,1,B,0,0,0,1,0
INT_G000491,ENZ_G000218,CMP_G001753,1,S8_PlantP450DB,1,1,B,1,0,0,1,0
INT_G000492,ENZ_G000219,CMP_G001360,1,S3_P450Rdb|S9_PCPD,2,2,B,1,1,0,1,0
INT_G000493,ENZ_G000220,CMP_G000412,1,S3_P450Rdb,1,1,B,1,1,0,1,0
INT_G000494,ENZ_G000221,CMP_G000216,1,S3_P450Rdb|S9_PCPD,2,2,B,1,1,0,1,0
INT_G000495,ENZ_G000222,CMP_G001401,1,S1_RCSB,1,1,A,0,0,1,1,0
INT_G000496,ENZ_G000223,CMP_G000853,1,S2_ESIBank,1,1,B,0,0,0,1,0
INT_G000497,ENZ_G000223,CMP_G000854,1,S8_PlantP450DB,1,1,B,1,0,0,1,0
INT_G000498,ENZ_G000224,CMP_G000455,1,S2_ESIBank|S8_PlantP450DB,2,2,B,1,0,0,1,0
INT_G000499,ENZ_G000224,CMP_G000853,1,S2_ESIBank|S8_PlantP450DB,2,2,B,1,0,0,1,0
INT_G000500,ENZ_G000225,CMP_G002110,1,S9_PCPD,1,1,B,0,0,0,1,0
INT_G000501,ENZ_G000226,CMP_G001110,1,S2_ESIBank,1,1,B,0,0,0,1,0
INT_G000502,ENZ_G000227,CMP_G001753,1,S8_PlantP450DB,1,1,B,1,0,0,1,0
INT_G000503,ENZ_G000228,CMP_G001753,1,S8_PlantP450DB,1,1,B,1,0,0,1,0
INT_G000504,ENZ_G000229,CMP_G000442,1,S8_PlantP450DB,1,1,B,1,0,0,1,0
INT_G000505,ENZ_G000229,CMP_G000713,1,S8_PlantP450DB,1,1,B,1,0,0,1,0
INT_G000506,ENZ_G000229,CMP_G001204,1,S8_PlantP450DB,1,1,B,1,0,0,1,0
INT_G000507,ENZ_G000230,CMP_G000431,1,S8_PlantP450DB,1,1,B,1,0,0,1,0
INT_G000508,ENZ_G000230,CMP_G000685,1,S8_PlantP450DB,1,1,B,1,0,0,1,0
INT_G000509,ENZ_G000231,CMP_G001433,1,S3_P450Rdb,1,1,B,0,1,0,1,0
INT_G000510,ENZ_G000232,CMP_G000890,1,S8_PlantP450DB,1,1,B,1,0,0,1,0
INT_G000511,ENZ_G000232,CMP_G001433,1,S3_P450Rdb|S8_PlantP450DB,2,2,B,1,1,0,1,0
INT_G000512,ENZ_G000233,CMP_G001433,1,S3_P450Rdb|S8_PlantP450DB|S9_PCPD,3,3,B,1,1,0,1,0
INT_G000513,ENZ_G000234,CMP_G000875,1,S1_RCSB,1,1,A,0,0,1,1,0
INT_G000514,ENZ_G000235,CMP_G000228,1,S8_PlantP450DB|S9_PCPD,2,2,B,1,0,0,1,0
INT_G000515,ENZ_G000235,CMP_G001189,1,S3_P450Rdb|S8_PlantP450DB|S9_PCPD,3,3,B,1,1,0,1,0
INT_G000516,ENZ_G000235,CMP_G001315,1,S8_PlantP450DB,1,1,B,1,0,0,1,0
INT_G000517,ENZ_G000236,CMP_G002059,1,S1_RCSB,1,1,A,0,0,1,1,0
INT_G000518,ENZ_G000237,CMP_G000313,1,S9_PCPD,1,1,B,0,0,0,1,0
INT_G000519,ENZ_G000238,CMP_G001466,1,S3_P450Rdb,1,1,B,1,1,0,1,0
INT_G000520,ENZ_G000238,CMP_G002044,1,S3_P450Rdb,1,1,B,1,1,0,1,0
INT_G000521,ENZ_G000239,CMP_G001466,1,S3_P450Rdb,1,1,B,1,1,0,1,0
INT_G000522,ENZ_G000239,CMP_G001905,1,S3_P450Rdb,1,1,B,1,1,0,1,0
INT_G000523,ENZ_G000240,CMP_G001705,1,S3_P450Rdb,1,1,B,1,1,0,1,0
INT_G000524,ENZ_G000241,CMP_G001110,1,S2_ESIBank,1,1,B,0,0,0,1,0
INT_G000525,ENZ_G000242,CMP_G000175,1,S3_P450Rdb,1,1,B,1,1,0,1,0
INT_G000526,ENZ_G000243,CMP_G000751,1,S8_PlantP450DB,1,2,B,1,0,0,1,0
INT_G000527,ENZ_G000244,CMP_G000373,1,S9_PCPD,1,1,B,0,0,0,1,0
INT_G000528,ENZ_G000245,CMP_G000373,1,S9_PCPD,1,1,B,0,0,0,1,0
INT_G000529,ENZ_G000246,CMP_G000373,1,S9_PCPD,1,1,B,0,0,0,1,0
INT_G000530,ENZ_G000247,CMP_G000623,1,S3_P450Rdb|S9_PCPD,2,2,B,1,1,0,3,0
INT_G000531,ENZ_G000247,CMP_G000624,1,S2_ESIBank|S8_PlantP450DB,2,2,B,1,0,0,1,0
INT_G000532,ENZ_G000248,CMP_G000030,1,S3_P450Rdb|S9_PCPD,2,2,B,1,1,0,1,0
INT_G000533,ENZ_G000248,CMP_G000031,1,S3_P450Rdb,1,1,B,0,1,0,1,0
INT_G000534,ENZ_G000248,CMP_G001024,1,S3_P450Rdb|S9_PCPD,2,2,B,1,1,0,1,0
INT_G000535,ENZ_G000248,CMP_G001405,1,S3_P450Rdb|S9_PCPD,2,2,B,1,1,0,1,0
INT_G000536,ENZ_G000248,CMP_G001406,1,S3_P450Rdb,1,1,B,0,1,0,1,0
INT_G000537,ENZ_G000249,CMP_G001511,1,S3_P450Rdb|S9_PCPD,2,2,B,1,1,0,1,0
INT_G000538,ENZ_G000249,CMP_G001605,1,S9_PCPD,1,1,B,0,0,0,1,0
INT_G000539,ENZ_G000250,CMP_G000784,1,S3_P450Rdb,1,1,B,1,1,0,1,0
INT_G000540,ENZ_G000250,CMP_G001124,1,S3_P450Rdb,1,1,B,1,1,0,2,0
INT_G000541,ENZ_G000251,CMP_G001468,1,S3_P450Rdb,1,1,B,1,1,0,1,0
INT_G000542,ENZ_G000252,CMP_G001902,1,S9_PCPD,1,1,B,0,0,0,1,0
INT_G000543,ENZ_G000253,CMP_G000508,1,S3_P450Rdb,1,1,B,0,1,0,1,0
INT_G000544,ENZ_G000253,CMP_G000573,1,S3_P450Rdb,1,1,B,0,1,0,1,0
INT_G000545,ENZ_G000253,CMP_G000771,1,S3_P450Rdb,1,1,B,0,1,0,1,0
INT_G000546,ENZ_G000253,CMP_G000783,1,S3_P450Rdb,1,1,B,0,1,0,1,0
INT_G000547,ENZ_G000253,CMP_G000848,1,S3_P450Rdb,1,1,B,0,1,0,1,0
INT_G000548,ENZ_G000253,CMP_G000937,1,S3_P450Rdb,1,1,B,0,1,0,1,0
INT_G000549,ENZ_G000253,CMP_G001009,1,S3_P450Rdb,1,1,B,0,1,0,1,0
INT_G000550,ENZ_G000253,CMP_G001114,1,S3_P450Rdb,1,1,B,0,1,0,1,0
INT_G000551,ENZ_G000253,CMP_G001243,1,S3_P450Rdb,1,1,B,0,1,0,1,0
INT_G000552,ENZ_G000253,CMP_G001271,1,S3_P450Rdb,1,1,B,0,1,0,1,0
INT_G000553,ENZ_G000253,CMP_G001541,1,S3_P450Rdb,1,1,B,0,1,0,1,0
INT_G000554,ENZ_G000253,CMP_G001545,1,S3_P450Rdb,1,1,B,0,1,0,1,0
INT_G000555,ENZ_G000253,CMP_G001749,1,S3_P450Rdb,1,1,B,0,1,0,1,0
INT_G000556,ENZ_G000253,CMP_G001769,1,S3_P450Rdb,1,1,B,0,1,0,1,0
INT_G000557,ENZ_G000253,CMP_G001985,1,S3_P450Rdb,1,1,B,0,1,0,1,0
INT_G000558,ENZ_G000253,CMP_G002043,1,S3_P450Rdb,1,1,B,0,1,0,1,0
INT_G000559,ENZ_G000253,CMP_G002074,1,S3_P450Rdb,1,1,B,0,1,0,1,0
INT_G000560,ENZ_G000253,CMP_G002096,1,S3_P450Rdb,1,1,B,0,1,0,1,0
INT_G000561,ENZ_G000254,CMP_G001851,1,S3_P450Rdb|S8_PlantP450DB,2,2,B,1,1,0,1,0
INT_G000562,ENZ_G000255,CMP_G000179,1,S3_P450Rdb,1,1,B,1,1,0,1,0
INT_G000563,ENZ_G000255,CMP_G000317,1,S3_P450Rdb,1,1,B,1,1,0,1,0
INT_G000564,ENZ_G000255,CMP_G002010,1,S3_P450Rdb,1,1,B,1,1,0,1,0
INT_G000565,ENZ_G000256,CMP_G000474,1,S3_P450Rdb,1,1,B,1,1,0,1,0
INT_G000566,ENZ_G000257,CMP_G001889,1,S3_P450Rdb,1,1,B,1,0,0,1,0
INT_G000567,ENZ_G000258,CMP_G000595,1,S3_P450Rdb|S9_PCPD,2,2,B,1,0,0,1,0
INT_G000568,ENZ_G000259,CMP_G000022,1,S3_P450Rdb,1,1,B,0,1,0,1,0
INT_G000569,ENZ_G000259,CMP_G000044,1,S3_P450Rdb,1,1,B,0,1,0,1,0
INT_G000570,ENZ_G000259,CMP_G000092,1,S3_P450Rdb,1,1,B,0,1,0,2,0
INT_G000571,ENZ_G000259,CMP_G000112,1,S3_P450Rdb,1,1,B,0,1,0,1,0
INT_G000572,ENZ_G000259,CMP_G000131,1,S3_P450Rdb,1,1,B,0,1,0,1,0
INT_G000573,ENZ_G000259,CMP_G000135,1,S3_P450Rdb,1,1,B,0,1,0,1,0
INT_G000574,ENZ_G000259,CMP_G000154,1,S3_P450Rdb,1,1,B,0,1,0,1,0
INT_G000575,ENZ_G000259,CMP_G000158,1,S3_P450Rdb,1,1,B,0,1,0,1,0
INT_G000576,ENZ_G000259,CMP_G000159,1,S3_P450Rdb,1,1,B,0,1,0,1,0
INT_G000577,ENZ_G000259,CMP_G000166,1,S3_P450Rdb,1,1,B,0,1,0,1,0
INT_G000578,ENZ_G000259,CMP_G000177,1,S3_P450Rdb,1,1,B,0,1,0,1,0
INT_G000579,ENZ_G000259,CMP_G000188,1,S3_P450Rdb,1,1,B,0,1,0,1,0
INT_G000580,ENZ_G000259,CMP_G000191,1,S3_P450Rdb,1,1,B,0,1,0,1,0
INT_G000581,ENZ_G000259,CMP_G000199,1,S3_P450Rdb,1,1,B,0,1,0,1,0
INT_G000582,ENZ_G000259,CMP_G000205,1,S3_P450Rdb,1,1,B,0,1,0,2,0
INT_G000583,ENZ_G000259,CMP_G000232,1,S3_P450Rdb,1,1,B,0,1,0,1,0
INT_G000584,ENZ_G000259,CMP_G000243,1,S3_P450Rdb,1,1,B,0,1,0,1,0
INT_G000585,ENZ_G000259,CMP_G000283,1,S3_P450Rdb,1,1,B,0,1,0,1,0
INT_G000586,ENZ_G000259,CMP_G000288,1,S3_P450Rdb,1,1,B,0,1,0,1,0
INT_G000587,ENZ_G000259,CMP_G000292,1,S3_P450Rdb,1,1,B,0,1,0,1,0
INT_G000588,ENZ_G000259,CMP_G000299,1,S3_P450Rdb,1,1,B,0,1,0,1,0
INT_G000589,ENZ_G000259,CMP_G000301,1,S3_P450Rdb,1,1,B,0,1,0,1,0
INT_G000590,ENZ_G000259,CMP_G000307,1,S3_P450Rdb,1,1,B,0,1,0,1,0
INT_G000591,ENZ_G000259,CMP_G000314,1,S3_P450Rdb,1,1,B,0,1,0,2,0
INT_G000592,ENZ_G000259,CMP_G000342,1,S3_P450Rdb,1,1,B,0,1,0,1,0
INT_G000593,ENZ_G000259,CMP_G000353,1,S3_P450Rdb,1,1,B,0,1,0,1,0
INT_G000594,ENZ_G000259,CMP_G000359,1,S3_P450Rdb,1,1,B,0,1,0,1,0
INT_G000595,ENZ_G000259,CMP_G000360,1,S3_P450Rdb,1,1,B,0,1,0,1,0
INT_G000596,ENZ_G000259,CMP_G000370,1,S3_P450Rdb,1,1,B,0,1,0,1,0
INT_G000597,ENZ_G000259,CMP_G000372,1,S3_P450Rdb,1,1,B,0,1,0,1,0
INT_G000598,ENZ_G000259,CMP_G000400,1,S3_P450Rdb,1,1,B,0,1,0,1,0
INT_G000599,ENZ_G000259,CMP_G000407,1,S3_P450Rdb,1,1,B,0,1,0,1,0
INT_G000600,ENZ_G000259,CMP_G000410,1,S3_P450Rdb,1,1,B,0,1,0,1,0
INT_G000601,ENZ_G000259,CMP_G000417,1,S3_P450Rdb,1,1,B,0,1,0,1,0
INT_G000602,ENZ_G000259,CMP_G000426,1,S3_P450Rdb,1,1,B,0,1,0,1,0
INT_G000603,ENZ_G000259,CMP_G000492,1,S3_P450Rdb,1,1,B,0,1,0,1,0
INT_G000604,ENZ_G000259,CMP_G000500,1,S3_P450Rdb,1,1,B,0,1,0,1,0
INT_G000605,ENZ_G000259,CMP_G000501,1,S3_P450Rdb,1,1,B,0,1,0,2,0
INT_G000606,ENZ_G000259,CMP_G000506,1,S3_P450Rdb,1,1,B,0,1,0,1,0
INT_G000607,ENZ_G000259,CMP_G000527,1,S3_P450Rdb,1,1,B,0,1,0,1,0
INT_G000608,ENZ_G000259,CMP_G000568,1,S3_P450Rdb,1,1,B,0,1,0,1,0
INT_G000609,ENZ_G000259,CMP_G000589,1,S3_P450Rdb,1,1,B,0,1,0,1,0
INT_G000610,ENZ_G000259,CMP_G000594,1,S3_P450Rdb,1,1,B,0,1,0,2,0
INT_G000611,ENZ_G000259,CMP_G000602,1,S3_P450Rdb,1,1,B,0,1,0,1,0
INT_G000612,ENZ_G000259,CMP_G000609,1,S3_P450Rdb,1,1,B,0,1,0,2,0
INT_G000613,ENZ_G000259,CMP_G000626,1,S3_P450Rdb,1,1,B,0,1,0,2,0
INT_G000614,ENZ_G000259,CMP_G000638,1,S3_P450Rdb,1,1,B,0,1,0,1,0
INT_G000615,ENZ_G000259,CMP_G000641,1,S3_P450Rdb,1,1,B,0,1,0,2,0
INT_G000616,ENZ_G000259,CMP_G000648,1,S3_P450Rdb,1,1,B,0,1,0,1,0
INT_G000617,ENZ_G000259,CMP_G000670,1,S3_P450Rdb,1,1,B,0,1,0,1,0
INT_G000618,ENZ_G000259,CMP_G000695,1,S3_P450Rdb,1,1,B,0,1,0,1,0
INT_G000619,ENZ_G000259,CMP_G000696,1,S3_P450Rdb,1,1,B,0,1,0,1,0
INT_G000620,ENZ_G000259,CMP_G000705,1,S3_P450Rdb,1,1,B,0,1,0,1,0
INT_G000621,ENZ_G000259,CMP_G000717,1,S3_P450Rdb,1,1,B,0,1,0,1,0
INT_G000622,ENZ_G000259,CMP_G000723,1,S3_P450Rdb,1,1,B,0,1,0,2,0
INT_G000623,ENZ_G000259,CMP_G000765,1,S3_P450Rdb,1,1,B,0,1,0,1,0
INT_G000624,ENZ_G000259,CMP_G000775,1,S3_P450Rdb,1,1,B,0,1,0,1,0
INT_G000625,ENZ_G000259,CMP_G000777,1,S3_P450Rdb,1,1,B,0,1,0,1,0
INT_G000626,ENZ_G000259,CMP_G000780,1,S3_P450Rdb,1,1,B,0,1,0,1,0
INT_G000627,ENZ_G000259,CMP_G000814,1,S3_P450Rdb,1,1,B,0,1,0,1,0
INT_G000628,ENZ_G000259,CMP_G000815,1,S3_P450Rdb,1,1,B,0,1,0,1,0
INT_G000629,ENZ_G000259,CMP_G000830,1,S3_P450Rdb,1,1,B,0,1,0,1,0
INT_G000630,ENZ_G000259,CMP_G000895,1,S3_P450Rdb,1,1,B,0,1,0,1,0
INT_G000631,ENZ_G000259,CMP_G000902,1,S3_P450Rdb,1,1,B,0,1,0,1,0
INT_G000632,ENZ_G000259,CMP_G000919,1,S3_P450Rdb,1,1,B,0,1,0,1,0
INT_G000633,ENZ_G000259,CMP_G000924,1,S3_P450Rdb,1,1,B,0,1,0,1,0
INT_G000634,ENZ_G000259,CMP_G000928,1,S3_P450Rdb,1,1,B,0,1,0,2,0
INT_G000635,ENZ_G000259,CMP_G000930,1,S3_P450Rdb,1,1,B,0,1,0,1,0
INT_G000636,ENZ_G000259,CMP_G000936,1,S3_P450Rdb,1,1,B,0,1,0,1,0
INT_G000637,ENZ_G000259,CMP_G000945,1,S3_P450Rdb,1,1,B,0,1,0,2,0
INT_G000638,ENZ_G000259,CMP_G000947,1,S3_P450Rdb,1,1,B,0,1,0,1,0
INT_G000639,ENZ_G000259,CMP_G000998,1,S3_P450Rdb,1,1,B,0,1,0,1,0
INT_G000640,ENZ_G000259,CMP_G001001,1,S3_P450Rdb,1,1,B,0,1,0,1,0
INT_G000641,ENZ_G000259,CMP_G001003,1,S3_P450Rdb,1,1,B,0,1,0,1,0
INT_G000642,ENZ_G000259,CMP_G001015,1,S3_P450Rdb,1,1,B,0,1,0,1,0
INT_G000643,ENZ_G000259,CMP_G001016,1,S3_P450Rdb,1,1,B,0,1,0,1,0
INT_G000644,ENZ_G000259,CMP_G001026,1,S3_P450Rdb,1,1,B,0,1,0,1,0
INT_G000645,ENZ_G000259,CMP_G001043,1,S3_P450Rdb,1,1,B,0,1,0,2,0
INT_G000646,ENZ_G000259,CMP_G001046,1,S3_P450Rdb,1,1,B,0,1,0,2,0
INT_G000647,ENZ_G000259,CMP_G001060,1,S3_P450Rdb,1,1,B,0,1,0,2,0
INT_G000648,ENZ_G000259,CMP_G001062,1,S3_P450Rdb,1,1,B,0,1,0,1,0
INT_G000649,ENZ_G000259,CMP_G001077,1,S3_P450Rdb,1,1,B,0,1,0,1,0
INT_G000650,ENZ_G000259,CMP_G001102,1,S3_P450Rdb,1,1,B,0,1,0,1,0
INT_G000651,ENZ_G000259,CMP_G001103,1,S3_P450Rdb,1,1,B,0,1,0,2,0
INT_G000652,ENZ_G000259,CMP_G001135,1,S3_P450Rdb,1,1,B,0,1,0,1,0
INT_G000653,ENZ_G000259,CMP_G001151,1,S3_P450Rdb,1,1,B,0,1,0,1,0
INT_G000654,ENZ_G000259,CMP_G001158,1,S3_P450Rdb,1,1,B,0,1,0,1,0
INT_G000655,ENZ_G000259,CMP_G001162,1,S3_P450Rdb,1,1,B,0,1,0,1,0
INT_G000656,ENZ_G000259,CMP_G001171,1,S3_P450Rdb,1,1,B,0,1,0,1,0
INT_G000657,ENZ_G000259,CMP_G001202,1,S3_P450Rdb,1,1,B,0,1,0,1,0
INT_G000658,ENZ_G000259,CMP_G001219,1,S3_P450Rdb,1,1,B,0,1,0,1,0
INT_G000659,ENZ_G000259,CMP_G001225,1,S3_P450Rdb,1,1,B,0,1,0,1,0
INT_G000660,ENZ_G000259,CMP_G001228,1,S3_P450Rdb,1,1,B,0,1,0,1,0
INT_G000661,ENZ_G000259,CMP_G001233,1,S3_P450Rdb,1,1,B,0,1,0,1,0
INT_G000662,ENZ_G000259,CMP_G001235,1,S3_P450Rdb,1,1,B,0,1,0,2,0
INT_G000663,ENZ_G000259,CMP_G001259,1,S3_P450Rdb,1,1,B,0,1,0,1,0
INT_G000664,ENZ_G000259,CMP_G001277,1,S3_P450Rdb,1,1,B,0,1,0,1,0
INT_G000665,ENZ_G000259,CMP_G001289,1,S3_P450Rdb,1,1,B,0,1,0,1,0
INT_G000666,ENZ_G000259,CMP_G001291,1,S3_P450Rdb,1,1,B,0,1,0,1,0
INT_G000667,ENZ_G000259,CMP_G001295,1,S3_P450Rdb,1,1,B,0,1,0,1,0
INT_G000668,ENZ_G000259,CMP_G001299,1,S3_P450Rdb,1,1,B,0,1,0,1,0
INT_G000669,ENZ_G000259,CMP_G001321,1,S3_P450Rdb,1,1,B,0,1,0,1,0
INT_G000670,ENZ_G000259,CMP_G001334,1,S3_P450Rdb,1,1,B,0,1,0,1,0
INT_G000671,ENZ_G000259,CMP_G001339,1,S3_P450Rdb,1,1,B,0,1,0,1,0
INT_G000672,ENZ_G000259,CMP_G001350,1,S3_P450Rdb,1,1,B,0,1,0,1,0
INT_G000673,ENZ_G000259,CMP_G001359,1,S3_P450Rdb,1,1,B,0,1,0,1,0
INT_G000674,ENZ_G000259,CMP_G001380,1,S3_P450Rdb,1,1,B,0,1,0,1,0
INT_G000675,ENZ_G000259,CMP_G001384,1,S3_P450Rdb,1,1,B,0,1,0,1,0
INT_G000676,ENZ_G000259,CMP_G001400,1,S3_P450Rdb,1,1,B,0,1,0,1,0
INT_G000677,ENZ_G000259,CMP_G001435,1,S3_P450Rdb,1,1,B,0,1,0,1,0
INT_G000678,ENZ_G000259,CMP_G001452,1,S3_P450Rdb,1,1,B,0,1,0,1,0
INT_G000679,ENZ_G000259,CMP_G001487,1,S3_P450Rdb,1,1,B,0,1,0,1,0
INT_G000680,ENZ_G000259,CMP_G001516,1,S3_P450Rdb,1,1,B,0,1,0,1,0
INT_G000681,ENZ_G000259,CMP_G001520,1,S3_P450Rdb,1,1,B,0,1,0,2,0
INT_G000682,ENZ_G000259,CMP_G001554,1,S3_P450Rdb,1,1,B,0,1,0,2,0
INT_G000683,ENZ_G000259,CMP_G001563,1,S3_P450Rdb,1,1,B,0,1,0,1,0
INT_G000684,ENZ_G000259,CMP_G001570,1,S3_P450Rdb,1,1,B,0,1,0,1,0
INT_G000685,ENZ_G000259,CMP_G001580,1,S3_P450Rdb,1,1,B,0,1,0,1,0
INT_G000686,ENZ_G000259,CMP_G001593,1,S3_P450Rdb,1,1,B,0,1,0,1,0
INT_G000687,ENZ_G000259,CMP_G001611,1,S3_P450Rdb,1,1,B,0,1,0,1,0
INT_G000688,ENZ_G000259,CMP_G001638,1,S3_P450Rdb,1,1,B,0,1,0,1,0
INT_G000689,ENZ_G000259,CMP_G001673,1,S3_P450Rdb,1,1,B,0,1,0,1,0
INT_G000690,ENZ_G000259,CMP_G001718,1,S3_P450Rdb,1,1,B,0,1,0,1,0
INT_G000691,ENZ_G000259,CMP_G001725,1,S3_P450Rdb,1,1,B,0,1,0,1,0
INT_G000692,ENZ_G000259,CMP_G001751,1,S3_P450Rdb,1,1,B,0,1,0,1,0
INT_G000693,ENZ_G000259,CMP_G001760,1,S3_P450Rdb,1,1,B,0,1,0,1,0
INT_G000694,ENZ_G000259,CMP_G001779,1,S3_P450Rdb,1,1,B,0,1,0,1,0
INT_G000695,ENZ_G000259,CMP_G001789,1,S3_P450Rdb,1,1,B,0,1,0,1,0
INT_G000696,ENZ_G000259,CMP_G001794,1,S3_P450Rdb,1,1,B,0,1,0,1,0
INT_G000697,ENZ_G000259,CMP_G001796,1,S3_P450Rdb,1,1,B,0,1,0,1,0
INT_G000698,ENZ_G000259,CMP_G001808,1,S3_P450Rdb,1,1,B,0,1,0,2,0
INT_G000699,ENZ_G000259,CMP_G001816,1,S3_P450Rdb,1,1,B,0,1,0,1,0
INT_G000700,ENZ_G000259,CMP_G001827,1,S3_P450Rdb,1,1,B,0,1,0,2,0
INT_G000701,ENZ_G000259,CMP_G001839,1,S3_P450Rdb,1,1,B,0,1,0,1,0
INT_G000702,ENZ_G000259,CMP_G001846,1,S3_P450Rdb,1,1,B,0,1,0,1,0
INT_G000703,ENZ_G000259,CMP_G001866,1,S3_P450Rdb,1,1,B,0,1,0,1,0
INT_G000704,ENZ_G000259,CMP_G001867,1,S3_P450Rdb,1,1,B,0,1,0,1,0
INT_G000705,ENZ_G000259,CMP_G001877,1,S3_P450Rdb,1,1,B,0,1,0,1,0
INT_G000706,ENZ_G000259,CMP_G001904,1,S3_P450Rdb,1,1,B,0,1,0,1,0
INT_G000707,ENZ_G000259,CMP_G001912,1,S3_P450Rdb,1,1,B,0,1,0,1,0
INT_G000708,ENZ_G000259,CMP_G001922,1,S3_P450Rdb,1,1,B,0,1,0,1,0
INT_G000709,ENZ_G000259,CMP_G001950,1,S3_P450Rdb,1,1,B,0,1,0,1,0
INT_G000710,ENZ_G000259,CMP_G001981,1,S3_P450Rdb,1,1,B,0,1,0,1,0
INT_G000711,ENZ_G000259,CMP_G001992,1,S3_P450Rdb,1,1,B,0,1,0,1,0
INT_G000712,ENZ_G000259,CMP_G002000,1,S3_P450Rdb,1,1,B,0,1,0,1,0
INT_G000713,ENZ_G000259,CMP_G002005,1,S3_P450Rdb,1,1,B,0,1,0,1,0
INT_G000714,ENZ_G000259,CMP_G002012,1,S3_P450Rdb,1,1,B,0,1,0,1,0
INT_G000715,ENZ_G000259,CMP_G002016,1,S3_P450Rdb,1,1,B,0,1,0,1,0
INT_G000716,ENZ_G000259,CMP_G002017,1,S3_P450Rdb,1,1,B,0,1,0,1,0
INT_G000717,ENZ_G000259,CMP_G002031,1,S3_P450Rdb,1,1,B,0,1,0,1,0
INT_G000718,ENZ_G000259,CMP_G002045,1,S3_P450Rdb,1,1,B,0,1,0,1,0
INT_G000719,ENZ_G000259,CMP_G002046,1,S3_P450Rdb,1,1,B,0,1,0,1,0
INT_G000720,ENZ_G000259,CMP_G002073,1,S3_P450Rdb,1,1,B,0,1,0,1,0
INT_G000721,ENZ_G000259,CMP_G002079,1,S3_P450Rdb,1,1,B,0,1,0,1,0
INT_G000722,ENZ_G000259,CMP_G002082,1,S3_P450Rdb,1,1,B,0,1,0,1,0
INT_G000723,ENZ_G000260,CMP_G000658,1,S8_PlantP450DB,1,1,B,1,0,0,1,0
INT_G000724,ENZ_G000261,CMP_G001369,1,S3_P450Rdb,1,1,B,1,1,0,1,0
INT_G000725,ENZ_G000261,CMP_G002035,1,S8_PlantP450DB,1,1,B,1,0,0,1,0
INT_G000726,ENZ_G000261,CMP_G002118,1,S8_PlantP450DB,1,1,B,1,0,0,1,0
INT_G000727,ENZ_G000262,CMP_G000790,1,S9_PCPD,1,1,B,0,0,0,1,0
INT_G000728,ENZ_G000262,CMP_G001699,1,S3_P450Rdb,1,1,B,1,1,0,1,0
INT_G000729,ENZ_G000262,CMP_G002035,1,S3_P450Rdb|S8_PlantP450DB,2,2,B,1,1,0,1,0
INT_G000730,ENZ_G000262,CMP_G002118,1,S8_PlantP450DB,1,1,B,1,0,0,1,0
INT_G000731,ENZ_G000263,CMP_G000941,1,S8_PlantP450DB,1,1,B,1,0,0,1,0
INT_G000732,ENZ_G000264,CMP_G000843,1,S3_P450Rdb,1,1,B,1,1,0,1,0
INT_G000733,ENZ_G000265,CMP_G000862,1,S9_PCPD,1,1,B,0,0,0,1,0
INT_G000734,ENZ_G000265,CMP_G001215,1,S3_P450Rdb|S8_PlantP450DB,2,2,B,1,1,0,2,0
INT_G000735,ENZ_G000265,CMP_G002125,1,S9_PCPD,1,1,B,0,0,0,1,0
INT_G000736,ENZ_G000266,CMP_G002014,1,S3_P450Rdb,1,1,B,1,1,0,1,0
INT_G000737,ENZ_G000267,CMP_G000535,1,S3_P450Rdb,1,1,B,1,1,0,1,0
INT_G000738,ENZ_G000268,CMP_G001344,1,S3_P450Rdb,1,1,B,1,1,0,1,0
INT_G000739,ENZ_G000268,CMP_G002084,1,S3_P450Rdb,1,1,B,1,1,0,1,0
INT_G000740,ENZ_G000269,CMP_G000207,1,S3_P450Rdb,1,1,B,1,1,0,1,0
INT_G000741,ENZ_G000270,CMP_G000053,1,S3_P450Rdb,1,1,B,1,0,0,1,0
INT_G000742,ENZ_G000270,CMP_G000207,1,S3_P450Rdb|S8_PlantP450DB|S9_PCPD,3,3,B,1,1,0,1,0
INT_G000743,ENZ_G000271,CMP_G000415,1,S9_PCPD,1,1,B,0,0,0,1,0
INT_G000744,ENZ_G000271,CMP_G000416,1,S3_P450Rdb,1,1,B,1,1,0,1,0
INT_G000745,ENZ_G000272,CMP_G000415,1,S9_PCPD,1,1,B,0,0,0,1,0
INT_G000746,ENZ_G000272,CMP_G000416,1,S3_P450Rdb,1,1,B,1,1,0,1,0
INT_G000747,ENZ_G000273,CMP_G001408,1,S3_P450Rdb,1,1,B,1,1,0,1,0
INT_G000748,ENZ_G000273,CMP_G001532,1,S3_P450Rdb,1,1,B,1,1,0,1,0
INT_G000749,ENZ_G000273,CMP_G001533,1,S9_PCPD,1,1,B,0,0,0,1,0
INT_G000750,ENZ_G000273,CMP_G002109,1,S9_PCPD,1,1,B,0,0,0,1,0
INT_G000751,ENZ_G000274,CMP_G001886,1,S8_PlantP450DB,1,1,B,1,0,0,1,0
INT_G000752,ENZ_G000275,CMP_G001250,1,S1_RCSB,1,1,A,0,0,1,1,0
INT_G000753,ENZ_G000276,CMP_G001935,1,S1_RCSB,1,1,A,0,0,1,1,0
INT_G000754,ENZ_G000277,CMP_G001176,1,S9_PCPD,1,1,B,0,0,0,1,0
INT_G000755,ENZ_G000278,CMP_G000595,1,S8_PlantP450DB,1,1,B,1,0,0,1,0
INT_G000756,ENZ_G000279,CMP_G001753,1,S8_PlantP450DB,1,1,B,1,0,0,1,0
INT_G000757,ENZ_G000280,CMP_G001753,1,S8_PlantP450DB,1,1,B,1,0,0,1,0
INT_G000758,ENZ_G000281,CMP_G000305,1,S3_P450Rdb,1,1,B,1,1,0,1,0
INT_G000759,ENZ_G000281,CMP_G000893,1,S3_P450Rdb,1,1,B,1,1,0,1,0
INT_G000760,ENZ_G000281,CMP_G001810,1,S9_PCPD,1,1,B,0,0,0,1,0
INT_G000761,ENZ_G000281,CMP_G001811,1,S3_P450Rdb,1,1,B,1,1,0,1,0
INT_G000762,ENZ_G000282,CMP_G000858,1,S2_ESIBank,1,1,B,0,0,0,1,0
INT_G000763,ENZ_G000283,CMP_G000727,1,S2_ESIBank,1,1,B,0,0,0,1,0
INT_G000764,ENZ_G000283,CMP_G000743,1,S2_ESIBank,1,1,B,0,0,0,1,0
INT_G000765,ENZ_G000283,CMP_G001444,1,S2_ESIBank,1,1,B,0,0,0,1,0
INT_G000766,ENZ_G000283,CMP_G001654,1,S2_ESIBank,1,1,B,0,0,0,1,0
INT_G000767,ENZ_G000284,CMP_G001678,1,S3_P450Rdb,1,1,B,1,1,0,1,0
INT_G000768,ENZ_G000285,CMP_G000244,1,S3_P450Rdb,1,1,B,1,1,0,1,0
INT_G000769,ENZ_G000285,CMP_G001223,1,S3_P450Rdb,1,1,B,1,1,0,1,0
INT_G000770,ENZ_G000285,CMP_G001456,1,S3_P450Rdb,1,1,B,1,1,0,4,0
INT_G000771,ENZ_G000285,CMP_G001457,1,S3_P450Rdb,1,1,B,1,1,0,1,0
INT_G000772,ENZ_G000285,CMP_G001458,1,S3_P450Rdb,1,1,B,1,1,0,1,0
INT_G000773,ENZ_G000285,CMP_G001672,1,S3_P450Rdb,1,1,B,1,1,0,2,0
INT_G000774,ENZ_G000285,CMP_G001797,1,S3_P450Rdb,1,1,B,1,1,0,2,0
INT_G000775,ENZ_G000285,CMP_G002047,1,S3_P450Rdb,1,1,B,1,1,0,1,0
INT_G000776,ENZ_G000285,CMP_G002081,1,S3_P450Rdb,1,1,B,1,1,0,1,0
INT_G000777,ENZ_G000286,CMP_G000228,1,S8_PlantP450DB,1,1,B,1,0,0,1,0
INT_G000778,ENZ_G000287,CMP_G000255,1,S3_P450Rdb|S8_PlantP450DB|S9_PCPD,3,3,B,1,1,0,1,0
INT_G000779,ENZ_G000288,CMP_G001542,1,S8_PlantP450DB|S9_PCPD,2,2,B,1,0,0,1,0
INT_G000780,ENZ_G000289,CMP_G000228,1,S8_PlantP450DB,1,1,B,1,0,0,1,0
INT_G000781,ENZ_G000290,CMP_G000255,1,S8_PlantP450DB,1,1,B,1,0,0,1,0
INT_G000782,ENZ_G000291,CMP_G000263,1,S8_PlantP450DB,1,1,B,1,0,0,1,0
INT_G000783,ENZ_G000292,CMP_G001348,1,S9_PCPD,1,1,B,0,0,0,1,0
INT_G000784,ENZ_G000292,CMP_G001758,1,S3_P450Rdb|S8_PlantP450DB,2,2,B,1,1,0,1,0
INT_G000785,ENZ_G000293,CMP_G000203,1,S3_P450Rdb|S9_PCPD,2,2,B,1,1,0,1,0
INT_G000786,ENZ_G000293,CMP_G000869,1,S3_P450Rdb|S9_PCPD,2,2,B,1,1,0,1,0
INT_G000787,ENZ_G000293,CMP_G000949,1,S3_P450Rdb|S9_PCPD,2,2,B,1,1,0,1,0
INT_G000788,ENZ_G000293,CMP_G002088,1,S3_P450Rdb|S9_PCPD,2,2,B,1,1,0,1,0
INT_G000789,ENZ_G000294,CMP_G001005,1,S8_PlantP450DB,1,1,B,1,0,0,1,0
INT_G000790,ENZ_G000295,CMP_G001185,1,S8_PlantP450DB,1,1,B,1,0,0,1,0
INT_G000791,ENZ_G000296,CMP_G001098,1,S2_ESIBank,1,1,B,0,0,0,1,0
INT_G000792,ENZ_G000296,CMP_G001276,1,S2_ESIBank,1,1,B,0,0,0,1,0
INT_G000793,ENZ_G000296,CMP_G001996,1,S2_ESIBank,1,1,B,0,0,0,1,0
INT_G000794,ENZ_G000297,CMP_G000600,1,S3_P450Rdb,1,1,B,1,1,0,1,0
INT_G000795,ENZ_G000297,CMP_G000916,1,S3_P450Rdb,1,1,B,1,1,0,2,0
INT_G000796,ENZ_G000297,CMP_G000951,1,S3_P450Rdb,1,1,B,1,1,0,1,0
INT_G000797,ENZ_G000297,CMP_G001681,1,S3_P450Rdb,1,1,B,1,1,0,1,0
INT_G000798,ENZ_G000298,CMP_G000436,1,S3_P450Rdb|S8_PlantP450DB|S9_PCPD,3,3,B,1,1,0,1,0
INT_G000799,ENZ_G000298,CMP_G000738,1,S2_ESIBank|S3_P450Rdb|S8_PlantP450DB|S9_PCPD,4,4,B,1,1,0,2,0
INT_G000800,ENZ_G000298,CMP_G001266,1,S3_P450Rdb|S9_PCPD,2,2,B,1,1,0,1,0
INT_G000801,ENZ_G000298,CMP_G001539,1,S3_P450Rdb|S9_PCPD,2,2,B,1,1,0,1,0
INT_G000802,ENZ_G000298,CMP_G001923,1,S3_P450Rdb|S9_PCPD,2,2,B,1,1,0,1,0
INT_G000803,ENZ_G000299,CMP_G000436,1,S3_P450Rdb,1,1,B,1,0,0,1,0
INT_G000804,ENZ_G000299,CMP_G000738,1,S2_ESIBank|S3_P450Rdb|S8_PlantP450DB|S9_PCPD,4,4,B,1,1,0,1,0
INT_G000805,ENZ_G000300,CMP_G000061,1,S8_PlantP450DB,1,1,B,1,0,0,1,0
INT_G000806,ENZ_G000300,CMP_G001042,1,S8_PlantP450DB,1,1,B,1,0,0,1,0
INT_G000807,ENZ_G000301,CMP_G001170,1,S2_ESIBank,1,1,B,0,0,0,1,0
INT_G000808,ENZ_G000301,CMP_G001888,1,S2_ESIBank,1,1,B,0,0,0,1,0
INT_G000809,ENZ_G000302,CMP_G000624,1,S2_ESIBank,1,1,B,0,0,0,1,0
INT_G000810,ENZ_G000303,CMP_G001280,1,S8_PlantP450DB,1,1,B,1,0,0,1,0
INT_G000811,ENZ_G000304,CMP_G000699,1,S9_PCPD,1,1,B,0,0,0,1,0
INT_G000812,ENZ_G000304,CMP_G000700,1,S3_P450Rdb,1,1,B,1,1,0,1,0
INT_G000813,ENZ_G000305,CMP_G000228,1,S8_PlantP450DB,1,1,B,1,0,0,1,0
INT_G000814,ENZ_G000306,CMP_G002100,1,S2_ESIBank|S3_P450Rdb|S8_PlantP450DB|S9_PCPD,4,4,B,1,1,0,1,0
INT_G000815,ENZ_G000307,CMP_G000436,1,S8_PlantP450DB,1,1,B,1,0,0,1,0
INT_G000816,ENZ_G000307,CMP_G000738,1,S8_PlantP450DB,1,1,B,1,0,0,1,0
INT_G000817,ENZ_G000307,CMP_G001017,1,S8_PlantP450DB,1,1,B,1,0,0,1,0
INT_G000818,ENZ_G000307,CMP_G001934,1,S8_PlantP450DB,1,1,B,1,0,0,1,0
INT_G000819,ENZ_G000308,CMP_G000700,1,S3_P450Rdb,1,1,B,1,1,0,1,0
INT_G000820,ENZ_G000308,CMP_G000920,1,S9_PCPD,1,1,B,0,0,0,1,0
INT_G000821,ENZ_G000308,CMP_G000921,1,S3_P450Rdb,1,1,B,1,1,0,1,0
INT_G000822,ENZ_G000309,CMP_G000436,1,S8_PlantP450DB,1,1,B,1,0,0,1,0
INT_G000823,ENZ_G000309,CMP_G000738,1,S8_PlantP450DB,1,1,B,1,0,0,1,0
INT_G000824,ENZ_G000309,CMP_G001017,1,S8_PlantP450DB,1,1,B,1,0,0,1,0
INT_G000825,ENZ_G000310,CMP_G000436,1,S8_PlantP450DB,1,1,B,1,0,0,1,0
INT_G000826,ENZ_G000310,CMP_G000738,1,S8_PlantP450DB,1,1,B,1,0,0,1,0
INT_G000827,ENZ_G000310,CMP_G001017,1,S8_PlantP450DB,1,1,B,1,0,0,1,0
INT_G000828,ENZ_G000311,CMP_G000996,1,S8_PlantP450DB|S9_PCPD,2,2,B,1,0,0,1,0
INT_G000829,ENZ_G000311,CMP_G001755,1,S8_PlantP450DB,1,1,B,1,0,0,1,0
INT_G000830,ENZ_G000312,CMP_G001260,1,S9_PCPD,1,1,B,0,0,0,1,0
INT_G000831,ENZ_G000313,CMP_G001260,1,S9_PCPD,1,1,B,0,0,0,1,0
INT_G000832,ENZ_G000314,CMP_G000653,1,S3_P450Rdb|S9_PCPD,2,2,B,1,1,0,1,0
INT_G000833,ENZ_G000315,CMP_G000993,1,S3_P450Rdb|S9_PCPD,2,2,B,1,1,0,1,0
INT_G000834,ENZ_G000316,CMP_G000927,1,S3_P450Rdb,1,1,B,1,1,0,1,0
INT_G000835,ENZ_G000316,CMP_G000993,1,S9_PCPD,1,1,B,0,0,0,1,0
INT_G000836,ENZ_G000317,CMP_G000995,1,S3_P450Rdb,1,1,B,1,1,0,1,0
INT_G000837,ENZ_G000317,CMP_G000996,1,S8_PlantP450DB,1,1,B,1,0,0,1,0
INT_G000838,ENZ_G000318,CMP_G002002,1,S3_P450Rdb,1,1,B,1,1,0,1,0
INT_G000839,ENZ_G000319,CMP_G000436,1,S3_P450Rdb|S9_PCPD,2,2,B,1,1,0,1,0
INT_G000840,ENZ_G000319,CMP_G000738,1,S3_P450Rdb|S9_PCPD,2,2,B,1,1,0,1,0
INT_G000841,ENZ_G000319,CMP_G001017,1,S3_P450Rdb|S9_PCPD,2,2,B,1,1,0,1,0
INT_G000842,ENZ_G000320,CMP_G000150,1,S8_PlantP450DB,1,1,B,1,0,0,1,0
INT_G000843,ENZ_G000321,CMP_G000012,1,S3_P450Rdb,1,1,B,1,1,0,1,0
INT_G000844,ENZ_G000321,CMP_G000258,1,S8_PlantP450DB,1,1,B,1,0,0,1,0
INT_G000845,ENZ_G000321,CMP_G000442,1,S3_P450Rdb|S8_PlantP450DB|S9_PCPD,3,3,B,1,1,0,1,0
INT_G000846,ENZ_G000321,CMP_G000713,1,S3_P450Rdb,1,1,B,1,1,0,1,0
INT_G000847,ENZ_G000321,CMP_G001204,1,S3_P450Rdb|S8_PlantP450DB,2,2,B,1,1,0,1,0
INT_G000848,ENZ_G000321,CMP_G001469,1,S8_PlantP450DB,1,1,B,1,0,0,1,0
INT_G000849,ENZ_G000322,CMP_G000011,1,S3_P450Rdb,1,1,B,1,1,0,1,0
INT_G000850,ENZ_G000322,CMP_G000258,1,S8_PlantP450DB,1,1,B,1,0,0,1,0
INT_G000851,ENZ_G000322,CMP_G000442,1,S3_P450Rdb|S8_PlantP450DB|S9_PCPD,3,3,B,1,1,0,1,0
INT_G000852,ENZ_G000322,CMP_G000713,1,S3_P450Rdb,1,1,B,1,1,0,1,0
INT_G000853,ENZ_G000322,CMP_G001204,1,S3_P450Rdb|S8_PlantP450DB|S9_PCPD,3,3,B,1,1,0,1,0
INT_G000854,ENZ_G000322,CMP_G001469,1,S8_PlantP450DB,1,1,B,1,0,0,1,0
INT_G000855,ENZ_G000323,CMP_G000996,1,S3_P450Rdb|S9_PCPD,2,2,B,1,1,0,1,0
INT_G000856,ENZ_G000324,CMP_G000725,1,S8_PlantP450DB|S9_PCPD,2,2,B,1,0,0,1,0
INT_G000857,ENZ_G000324,CMP_G000740,1,S8_PlantP450DB,1,1,B,1,0,0,1,0
INT_G000858,ENZ_G000325,CMP_G001276,1,S2_ESIBank,1,1,B,0,0,0,1,0
INT_G000859,ENZ_G000325,CMP_G001495,1,S2_ESIBank,1,1,B,0,0,0,1,0
INT_G000860,ENZ_G000325,CMP_G001996,1,S2_ESIBank,1,1,B,0,0,0,1,0
INT_G000861,ENZ_G000326,CMP_G000055,1,S3_P450Rdb|S8_PlantP450DB,2,2,B,1,1,0,1,0
INT_G000862,ENZ_G000326,CMP_G000241,1,S9_PCPD,1,1,B,0,0,0,1,0
INT_G000863,ENZ_G000326,CMP_G000311,1,S3_P450Rdb,1,1,B,1,1,0,1,0
INT_G000864,ENZ_G000326,CMP_G000339,1,S8_PlantP450DB,1,1,B,1,0,0,1,0
INT_G000865,ENZ_G000326,CMP_G000755,1,S3_P450Rdb|S8_PlantP450DB,2,2,B,1,1,0,1,0
INT_G000866,ENZ_G000326,CMP_G000898,1,S9_PCPD,1,1,B,0,0,0,1,0
INT_G000867,ENZ_G000327,CMP_G000055,1,S3_P450Rdb,1,1,B,1,1,0,1,0
INT_G000868,ENZ_G000327,CMP_G000311,1,S3_P450Rdb,1,1,B,1,1,0,1,0
INT_G000869,ENZ_G000327,CMP_G000339,1,S8_PlantP450DB|S9_PCPD,2,2,B,1,0,0,1,0
INT_G000870,ENZ_G000327,CMP_G000755,1,S3_P450Rdb,1,1,B,1,1,0,1,0
INT_G000871,ENZ_G000328,CMP_G002022,1,S3_P450Rdb,1,1,B,1,1,0,1,0
INT_G000872,ENZ_G000329,CMP_G000607,1,S8_PlantP450DB|S9_PCPD,2,2,B,1,0,0,1,0
INT_G000873,ENZ_G000329,CMP_G000608,1,S3_P450Rdb,1,1,B,1,1,0,1,0
INT_G000874,ENZ_G000330,CMP_G000607,1,S8_PlantP450DB,1,1,B,1,0,0,1,0
INT_G000875,ENZ_G000330,CMP_G001464,1,S9_PCPD,1,1,B,0,0,0,1,0
INT_G000876,ENZ_G000331,CMP_G000607,1,S3_P450Rdb|S8_PlantP450DB|S9_PCPD,3,3,B,1,1,0,1,0
INT_G000877,ENZ_G000332,CMP_G000607,1,S8_PlantP450DB|S9_PCPD,2,2,B,1,0,0,1,0
INT_G000878,ENZ_G000332,CMP_G000608,1,S3_P450Rdb,1,1,B,1,1,0,1,0
INT_G000879,ENZ_G000333,CMP_G000607,1,S8_PlantP450DB,1,1,B,1,0,0,1,0
INT_G000880,ENZ_G000333,CMP_G001463,1,S3_P450Rdb,1,1,B,1,1,0,1,0
INT_G000881,ENZ_G000333,CMP_G001464,1,S9_PCPD,1,1,B,0,0,0,1,0
INT_G000882,ENZ_G000334,CMP_G000607,1,S8_PlantP450DB,1,1,B,1,0,0,1,0
INT_G000883,ENZ_G000335,CMP_G000607,1,S8_PlantP450DB,1,1,B,1,0,0,1,0
INT_G000884,ENZ_G000335,CMP_G001463,1,S3_P450Rdb,1,1,B,1,1,0,1,0
INT_G000885,ENZ_G000335,CMP_G001464,1,S9_PCPD,1,1,B,0,0,0,1,0
INT_G000886,ENZ_G000336,CMP_G000607,1,S8_PlantP450DB,1,1,B,1,0,0,1,0
INT_G000887,ENZ_G000337,CMP_G000607,1,S3_P450Rdb|S8_PlantP450DB,2,2,B,1,0,0,2,0
INT_G000888,ENZ_G000338,CMP_G000607,1,S3_P450Rdb|S9_PCPD,2,2,B,1,1,0,1,0
INT_G000889,ENZ_G000339,CMP_G001185,1,S8_PlantP450DB,1,1,B,1,0,0,1,0
INT_G000890,ENZ_G000340,CMP_G001142,1,S8_PlantP450DB|S9_PCPD,2,2,B,1,0,0,1,0
INT_G000891,ENZ_G000341,CMP_G000303,1,S8_PlantP450DB,1,1,B,1,0,0,1,0
INT_G000892,ENZ_G000341,CMP_G000304,1,S3_P450Rdb,1,1,B,1,1,0,1,0
INT_G000893,ENZ_G000342,CMP_G000273,1,S3_P450Rdb,1,1,B,1,1,0,1,0
INT_G000894,ENZ_G000342,CMP_G001396,1,S3_P450Rdb,1,1,B,1,1,0,1,0
INT_G000895,ENZ_G000342,CMP_G001821,1,S3_P450Rdb,1,1,B,1,1,0,1,0
INT_G000896,ENZ_G000343,CMP_G000304,1,S3_P450Rdb,1,1,B,1,1,0,1,0
INT_G000897,ENZ_G000344,CMP_G000303,1,S8_PlantP450DB,1,1,B,1,0,0,1,0
INT_G000898,ENZ_G000344,CMP_G001618,1,S3_P450Rdb,1,1,B,1,1,0,1,0
INT_G000899,ENZ_G000345,CMP_G000621,1,S9_PCPD,1,1,B,0,0,0,1,0
INT_G000900,ENZ_G000346,CMP_G001830,1,S1_RCSB,1,1,A,0,0,1,1,0
INT_G000901,ENZ_G000347,CMP_G000738,1,S8_PlantP450DB,1,1,B,1,0,0,1,0
INT_G000902,ENZ_G000348,CMP_G000738,1,S8_PlantP450DB,1,1,B,1,0,0,1,0
INT_G000903,ENZ_G000349,CMP_G000738,1,S8_PlantP450DB,1,1,B,1,0,0,1,0
INT_G000904,ENZ_G000350,CMP_G000738,1,S8_PlantP450DB,1,1,B,1,0,0,1,0
INT_G000905,ENZ_G000351,CMP_G000738,1,S8_PlantP450DB,1,1,B,1,0,0,1,0
INT_G000906,ENZ_G000352,CMP_G000738,1,S8_PlantP450DB,1,1,B,1,0,0,1,0
INT_G000907,ENZ_G000353,CMP_G000738,1,S8_PlantP450DB,1,1,B,1,0,0,1,0
INT_G000908,ENZ_G000354,CMP_G000738,1,S9_PCPD,1,1,B,0,0,0,1,0
INT_G000909,ENZ_G000355,CMP_G000738,1,S8_PlantP450DB,1,1,B,1,0,0,1,0
INT_G000910,ENZ_G000356,CMP_G000179,1,S2_ESIBank,1,1,B,0,0,0,1,0
INT_G000911,ENZ_G000356,CMP_G000977,1,S2_ESIBank,1,1,B,0,0,0,1,0
INT_G000912,ENZ_G000356,CMP_G001257,1,S2_ESIBank,1,1,B,0,0,0,1,0
INT_G000913,ENZ_G000357,CMP_G002092,1,S1_RCSB,1,1,A,0,0,1,1,0
INT_G000914,ENZ_G000358,CMP_G000179,1,S2_ESIBank,1,1,B,0,0,0,1,0
INT_G000915,ENZ_G000358,CMP_G000977,1,S2_ESIBank,1,1,B,0,0,0,1,0
INT_G000916,ENZ_G000359,CMP_G001142,1,S8_PlantP450DB,1,1,B,1,0,0,1,0
INT_G000917,ENZ_G000360,CMP_G001142,1,S8_PlantP450DB,1,1,B,1,0,0,1,0
INT_G000918,ENZ_G000361,CMP_G001142,1,S8_PlantP450DB,1,1,B,1,0,0,1,0
INT_G000919,ENZ_G000362,CMP_G000607,1,S3_P450Rdb,1,1,B,1,1,0,1,0
INT_G000920,ENZ_G000363,CMP_G000809,1,S8_PlantP450DB|S9_PCPD,2,2,B,1,0,0,1,0
INT_G000921,ENZ_G000364,CMP_G001017,1,S8_PlantP450DB,1,1,B,1,0,0,1,0
INT_G000922,ENZ_G000365,CMP_G000436,1,S3_P450Rdb,1,1,B,1,1,0,1,0
INT_G000923,ENZ_G000365,CMP_G000453,1,S3_P450Rdb,1,1,B,1,1,0,1,0
INT_G000924,ENZ_G000365,CMP_G000738,1,S3_P450Rdb,1,1,B,1,1,0,1,0
INT_G000925,ENZ_G000365,CMP_G001017,1,S3_P450Rdb,1,1,B,1,1,0,1,0
INT_G000926,ENZ_G000366,CMP_G000719,1,S8_PlantP450DB,1,1,B,1,0,0,1,0
INT_G000927,ENZ_G000366,CMP_G001552,1,S8_PlantP450DB|S9_PCPD,2,2,B,1,0,0,1,0
INT_G000928,ENZ_G000367,CMP_G000039,1,S8_PlantP450DB,1,1,B,1,0,0,1,0
INT_G000929,ENZ_G000367,CMP_G000891,1,S8_PlantP450DB,1,1,B,1,0,0,1,0
INT_G000930,ENZ_G000368,CMP_G000719,1,S8_PlantP450DB,1,1,B,1,0,0,1,0
INT_G000931,ENZ_G000368,CMP_G001552,1,S8_PlantP450DB|S9_PCPD,2,2,B,1,0,0,1,0
INT_G000932,ENZ_G000369,CMP_G001417,1,S8_PlantP450DB,1,1,B,1,0,0,1,0
INT_G000933,ENZ_G000370,CMP_G000861,1,S3_P450Rdb,1,1,B,1,1,0,1,0
INT_G000934,ENZ_G000371,CMP_G002100,1,S2_ESIBank|S9_PCPD,2,2,B,0,0,0,1,0
INT_G000935,ENZ_G000372,CMP_G000897,1,S9_PCPD,1,1,B,0,0,0,1,0
INT_G000936,ENZ_G000373,CMP_G000147,1,S8_PlantP450DB,1,1,B,1,0,0,1,0
INT_G000937,ENZ_G000373,CMP_G000530,1,S8_PlantP450DB,1,1,B,1,0,0,1,0
INT_G000938,ENZ_G000374,CMP_G000497,1,S2_ESIBank,1,1,B,0,0,0,1,0
INT_G000939,ENZ_G000374,CMP_G000499,1,S2_ESIBank,1,1,B,0,0,0,1,0
INT_G000940,ENZ_G000374,CMP_G001330,1,S2_ESIBank,1,1,B,0,0,0,1,0
INT_G000941,ENZ_G000375,CMP_G000093,1,S3_P450Rdb|S8_PlantP450DB,2,2,B,1,1,0,1,0
INT_G000942,ENZ_G000376,CMP_G000548,1,S8_PlantP450DB,1,1,B,1,0,0,1,0
INT_G000943,ENZ_G000377,CMP_G000151,1,S8_PlantP450DB,1,1,B,1,0,0,1,0
INT_G000944,ENZ_G000378,CMP_G000055,1,S8_PlantP450DB,1,1,B,1,0,0,1,0
INT_G000945,ENZ_G000378,CMP_G000241,1,S9_PCPD,1,1,B,0,0,0,1,0
INT_G000946,ENZ_G000378,CMP_G000755,1,S8_PlantP450DB,1,1,B,1,0,0,1,0
INT_G000947,ENZ_G000378,CMP_G000898,1,S9_PCPD,1,1,B,0,0,0,1,0
INT_G000948,ENZ_G000379,CMP_G000950,1,S3_P450Rdb,1,1,B,1,1,0,1,0
INT_G000949,ENZ_G000379,CMP_G001282,1,S3_P450Rdb,1,1,B,1,1,0,1,0
INT_G000950,ENZ_G000380,CMP_G000054,1,S8_PlantP450DB,1,1,B,1,0,0,1,0
INT_G000951,ENZ_G000380,CMP_G001915,1,S9_PCPD,1,1,B,0,0,0,1,0
INT_G000952,ENZ_G000381,CMP_G000054,1,S8_PlantP450DB,1,1,B,1,0,0,1,0
INT_G000953,ENZ_G000381,CMP_G001013,1,S9_PCPD,1,1,B,0,0,0,1,0
INT_G000954,ENZ_G000382,CMP_G000030,1,S3_P450Rdb|S9_PCPD,2,2,B,1,1,0,1,0
INT_G000955,ENZ_G000382,CMP_G000412,1,S3_P450Rdb|S9_PCPD,2,2,B,1,1,0,1,0
INT_G000956,ENZ_G000382,CMP_G001024,1,S3_P450Rdb|S9_PCPD,2,2,B,1,1,0,1,0
INT_G000957,ENZ_G000382,CMP_G001177,1,S3_P450Rdb|S9_PCPD,2,2,B,1,1,0,1,0
INT_G000958,ENZ_G000382,CMP_G001405,1,S3_P450Rdb|S9_PCPD,2,2,B,1,1,0,1,0
INT_G000959,ENZ_G000383,CMP_G000751,1,S8_PlantP450DB,1,1,B,1,0,0,1,0
INT_G000960,ENZ_G000384,CMP_G000751,1,S8_PlantP450DB,1,1,B,1,0,0,1,0
INT_G000961,ENZ_G000385,CMP_G000221,1,S3_P450Rdb,1,1,B,1,1,0,1,0
INT_G000962,ENZ_G000386,CMP_G000868,1,S8_PlantP450DB,1,1,B,1,0,0,1,0
INT_G000963,ENZ_G000386,CMP_G001288,1,S3_P450Rdb,1,1,B,1,1,0,1,0
INT_G000964,ENZ_G000386,CMP_G001399,1,S9_PCPD,1,1,B,0,0,0,1,0
INT_G000965,ENZ_G000387,CMP_G000178,1,S3_P450Rdb,1,1,B,1,1,0,1,0
INT_G000966,ENZ_G000387,CMP_G000244,1,S3_P450Rdb,1,1,B,1,1,0,1,0
INT_G000967,ENZ_G000387,CMP_G001672,1,S3_P450Rdb,1,1,B,1,1,0,1,0
INT_G000968,ENZ_G000387,CMP_G001797,1,S3_P450Rdb,1,1,B,1,1,0,1,0
INT_G000969,ENZ_G000388,CMP_G000698,1,S3_P450Rdb,1,1,B,1,1,0,1,0
INT_G000970,ENZ_G000389,CMP_G001717,1,S8_PlantP450DB,1,1,B,1,0,0,1,0
INT_G000971,ENZ_G000390,CMP_G001717,1,S8_PlantP450DB,1,1,B,1,0,0,1,0
INT_G000972,ENZ_G000391,CMP_G001717,1,S8_PlantP450DB,1,1,B,1,0,0,1,0
INT_G000973,ENZ_G000392,CMP_G001717,1,S3_P450Rdb|S8_PlantP450DB,2,2,B,1,1,0,1,0
INT_G000974,ENZ_G000393,CMP_G001717,1,S8_PlantP450DB,1,1,B,1,0,0,1,0
INT_G000975,ENZ_G000394,CMP_G001717,1,S3_P450Rdb|S8_PlantP450DB,2,2,B,1,1,0,1,0
INT_G000976,ENZ_G000395,CMP_G000745,1,S2_ESIBank,1,1,B,0,0,0,1,0
INT_G000977,ENZ_G000396,CMP_G000279,1,S2_ESIBank,1,1,B,0,0,0,1,0
INT_G000978,ENZ_G000397,CMP_G001256,1,S8_PlantP450DB,1,1,B,1,0,0,1,0
INT_G000979,ENZ_G000398,CMP_G000395,1,S3_P450Rdb|S8_PlantP450DB,2,2,B,1,1,0,1,0
INT_G000980,ENZ_G000398,CMP_G000457,1,S9_PCPD,1,1,B,0,0,0,1,0
INT_G000981,ENZ_G000399,CMP_G000229,1,S3_P450Rdb|S9_PCPD,2,2,B,1,1,0,1,0
INT_G000982,ENZ_G000399,CMP_G001131,1,S3_P450Rdb,1,1,B,1,1,0,1,0
INT_G000983,ENZ_G000399,CMP_G001192,1,S3_P450Rdb,1,1,B,1,1,0,1,0
INT_G000984,ENZ_G000399,CMP_G001773,1,S3_P450Rdb,1,1,B,1,1,0,1,0
INT_G000985,ENZ_G000400,CMP_G000295,1,S3_P450Rdb,1,1,B,0,1,0,1,0
INT_G000986,ENZ_G000400,CMP_G000462,1,S3_P450Rdb,1,1,B,0,1,0,1,0
INT_G000987,ENZ_G000400,CMP_G000468,1,S3_P450Rdb,1,1,B,0,1,0,1,0
INT_G000988,ENZ_G000400,CMP_G000876,1,S3_P450Rdb,1,1,B,0,1,0,1,0
INT_G000989,ENZ_G000400,CMP_G001315,1,S3_P450Rdb,1,1,B,0,1,0,1,0
INT_G000990,ENZ_G000401,CMP_G000109,1,S1_RCSB,1,1,A,0,0,1,1,0
INT_G000991,ENZ_G000401,CMP_G000246,1,S1_RCSB,1,1,A,0,0,1,1,0
INT_G000992,ENZ_G000401,CMP_G001308,1,S1_RCSB,1,1,A,0,0,1,1,0
INT_G000993,ENZ_G000401,CMP_G001456,1,S1_RCSB,1,1,A,0,0,1,1,0
INT_G000994,ENZ_G000402,CMP_G000142,1,S1_RCSB,1,1,A,0,0,1,1,0
INT_G000995,ENZ_G000402,CMP_G000324,1,S1_RCSB,1,1,A,0,0,1,1,0
INT_G000996,ENZ_G000402,CMP_G001456,1,S1_RCSB|S3_P450Rdb,2,2,A,1,1,1,1,0
INT_G000997,ENZ_G000402,CMP_G001797,1,S1_RCSB,1,1,A,0,0,1,1,0
INT_G000998,ENZ_G000403,CMP_G000339,1,S3_P450Rdb,1,1,B,1,1,0,1,0
INT_G000999,ENZ_G000404,CMP_G000516,1,S3_P450Rdb,1,1,B,1,1,0,1,0
INT_G001000,ENZ_G000405,CMP_G001783,1,S3_P450Rdb,1,1,B,1,1,0,2,0
INT_G001001,ENZ_G000406,CMP_G001783,1,S3_P450Rdb,1,1,B,1,1,0,1,0
INT_G001002,ENZ_G000407,CMP_G001274,1,S8_PlantP450DB,1,1,B,1,0,0,1,0
INT_G001003,ENZ_G000408,CMP_G001504,1,S8_PlantP450DB,1,1,B,1,0,0,1,0
INT_G001004,ENZ_G000409,CMP_G001710,1,S8_PlantP450DB,1,1,B,1,0,0,1,0
INT_G001005,ENZ_G000410,CMP_G001710,1,S8_PlantP450DB,1,1,B,1,0,0,1,0
INT_G001006,ENZ_G000411,CMP_G000049,1,S8_PlantP450DB,1,1,B,1,0,0,1,0
INT_G001007,ENZ_G000412,CMP_G001504,1,S8_PlantP450DB,1,1,B,1,0,0,1,0
INT_G001008,ENZ_G000413,CMP_G001504,1,S8_PlantP450DB,1,1,B,1,0,0,1,0
INT_G001009,ENZ_G000414,CMP_G001758,1,S3_P450Rdb,1,1,B,1,1,0,1,0
INT_G001010,ENZ_G000415,CMP_G000274,1,S3_P450Rdb,1,1,B,1,1,0,1,0
INT_G001011,ENZ_G000416,CMP_G001190,1,S3_P450Rdb,1,1,B,1,1,0,1,0
INT_G001012,ENZ_G000417,CMP_G000480,1,S1_RCSB,1,1,A,0,0,1,1,0
INT_G001013,ENZ_G000417,CMP_G001621,1,S1_RCSB,1,1,A,0,0,1,1,0
INT_G001014,ENZ_G000418,CMP_G000739,1,S3_P450Rdb,1,1,B,1,1,0,1,0
INT_G001015,ENZ_G000419,CMP_G000739,1,S3_P450Rdb,1,1,B,1,1,0,1,0
INT_G001016,ENZ_G000420,CMP_G000839,1,S1_RCSB,1,1,A,0,0,1,1,0
INT_G001017,ENZ_G000420,CMP_G002055,1,S1_RCSB,1,1,A,0,0,1,1,0
INT_G001018,ENZ_G000421,CMP_G000725,1,S8_PlantP450DB,1,1,B,1,0,0,1,0
INT_G001019,ENZ_G000421,CMP_G001657,1,S8_PlantP450DB,1,1,B,1,0,0,1,0
INT_G001020,ENZ_G000422,CMP_G000725,1,S8_PlantP450DB,1,1,B,1,0,0,1,0
INT_G001021,ENZ_G000422,CMP_G001657,1,S8_PlantP450DB,1,1,B,1,0,0,1,0
INT_G001022,ENZ_G000423,CMP_G001117,1,S1_RCSB,1,1,A,0,0,1,1,0
INT_G001023,ENZ_G000424,CMP_G000132,1,S1_RCSB,1,1,A,0,0,1,1,0
INT_G001024,ENZ_G000424,CMP_G000607,1,S9_PCPD,1,1,B,0,0,0,1,0
INT_G001025,ENZ_G000424,CMP_G001117,1,S1_RCSB|S3_P450Rdb,2,2,A,1,1,1,1,0
INT_G001026,ENZ_G000425,CMP_G001117,1,S3_P450Rdb,1,1,B,1,1,0,1,0
INT_G001027,ENZ_G000426,CMP_G000607,1,S8_PlantP450DB,1,1,B,1,0,0,1,0
INT_G001028,ENZ_G000426,CMP_G000887,1,S8_PlantP450DB,1,1,B,1,0,0,1,0
INT_G001029,ENZ_G000426,CMP_G001340,1,S8_PlantP450DB,1,1,B,1,0,0,1,0
INT_G001030,ENZ_G000426,CMP_G001490,1,S8_PlantP450DB,1,1,B,1,0,0,1,0
INT_G001031,ENZ_G000427,CMP_G000071,1,S8_PlantP450DB,1,1,B,1,0,0,1,0
INT_G001032,ENZ_G000427,CMP_G000291,1,S8_PlantP450DB,1,1,B,1,0,0,1,0
INT_G001033,ENZ_G000427,CMP_G000607,1,S8_PlantP450DB,1,1,B,1,0,0,1,0
INT_G001034,ENZ_G000427,CMP_G000887,1,S8_PlantP450DB,1,1,B,1,0,0,1,0
INT_G001035,ENZ_G000427,CMP_G001340,1,S8_PlantP450DB,1,1,B,1,0,0,1,0
INT_G001036,ENZ_G000427,CMP_G001490,1,S8_PlantP450DB,1,1,B,1,0,0,1,0
INT_G001037,ENZ_G000428,CMP_G000738,1,S3_P450Rdb|S8_PlantP450DB,2,2,B,1,1,0,1,0
INT_G001038,ENZ_G000428,CMP_G001707,1,S3_P450Rdb,1,1,B,1,0,0,1,0
INT_G001039,ENZ_G000429,CMP_G001412,1,S3_P450Rdb|S9_PCPD,2,2,B,1,1,0,1,0
INT_G001040,ENZ_G000430,CMP_G001153,1,S3_P450Rdb|S9_PCPD,2,2,B,1,1,0,1,0
INT_G001041,ENZ_G000431,CMP_G001515,1,S9_PCPD,1,1,B,0,0,0,1,0
INT_G001042,ENZ_G000431,CMP_G001722,1,S3_P450Rdb,1,1,B,1,1,0,1,0
INT_G001043,ENZ_G000432,CMP_G000607,1,S2_ESIBank,1,1,B,0,0,0,1,0
INT_G001044,ENZ_G000433,CMP_G000442,1,S2_ESIBank,1,1,B,0,0,0,1,0
INT_G001045,ENZ_G000433,CMP_G001205,1,S2_ESIBank,1,1,B,0,0,0,1,0
INT_G001046,ENZ_G000434,CMP_G001301,1,S8_PlantP450DB|S9_PCPD,2,2,B,1,0,0,1,0
INT_G001047,ENZ_G000435,CMP_G001529,1,S3_P450Rdb,1,1,B,1,1,0,1,0
INT_G001048,ENZ_G000436,CMP_G001527,1,S2_ESIBank,1,1,B,0,0,0,1,0
INT_G001049,ENZ_G000436,CMP_G001529,1,S3_P450Rdb,1,1,B,1,1,0,1,0
INT_G001050,ENZ_G000437,CMP_G000009,1,S3_P450Rdb,1,1,B,1,1,0,1,0
INT_G001051,ENZ_G000437,CMP_G000720,1,S3_P450Rdb,1,1,B,1,1,0,4,0
INT_G001052,ENZ_G000437,CMP_G001249,1,S3_P450Rdb,1,1,B,1,1,0,2,0
INT_G001053,ENZ_G000437,CMP_G002026,1,S3_P450Rdb,1,1,B,1,1,0,3,0
INT_G001054,ENZ_G000438,CMP_G000562,1,S3_P450Rdb|S9_PCPD,2,2,B,1,1,0,1,0
INT_G001055,ENZ_G000438,CMP_G002119,1,S3_P450Rdb|S9_PCPD,2,2,B,1,1,0,1,0
INT_G001056,ENZ_G000439,CMP_G001616,1,S3_P450Rdb|S9_PCPD,2,2,B,1,1,0,1,0
INT_G001057,ENZ_G000440,CMP_G000939,1,S3_P450Rdb,1,1,B,1,1,0,3,0
INT_G001058,ENZ_G000440,CMP_G001249,1,S3_P450Rdb,1,1,B,1,1,0,1,0
INT_G001059,ENZ_G000440,CMP_G001250,1,S9_PCPD,1,1,B,0,0,0,1,0
INT_G001060,ENZ_G000440,CMP_G001559,1,S3_P450Rdb,1,1,B,1,1,0,1,0
INT_G001061,ENZ_G000441,CMP_G001803,1,S3_P450Rdb,1,1,B,1,1,0,1,0
INT_G001062,ENZ_G000442,CMP_G001521,1,S3_P450Rdb|S9_PCPD,2,2,B,1,1,0,1,0
INT_G001063,ENZ_G000443,CMP_G001250,1,S2_ESIBank,1,1,B,0,0,0,1,0
INT_G001064,ENZ_G000443,CMP_G001560,1,S2_ESIBank,1,1,B,0,0,0,1,0
INT_G001065,ENZ_G000443,CMP_G002027,1,S2_ESIBank,1,1,B,0,0,0,1,0
INT_G001066,ENZ_G000444,CMP_G000179,1,S2_ESIBank,1,1,B,0,0,0,1,0
INT_G001067,ENZ_G000445,CMP_G000446,1,S8_PlantP450DB,1,1,B,1,0,0,1,0
INT_G001068,ENZ_G000445,CMP_G001887,1,S8_PlantP450DB,1,1,B,1,0,0,1,0
INT_G001069,ENZ_G000446,CMP_G000751,1,S9_PCPD,1,1,B,0,0,0,1,0
INT_G001070,ENZ_G000447,CMP_G000332,1,S3_P450Rdb|S8_PlantP450DB|S9_PCPD,3,3,B,1,1,0,1,0
INT_G001071,ENZ_G000448,CMP_G000259,1,S2_ESIBank,1,1,B,0,0,0,1,0
INT_G001072,ENZ_G000448,CMP_G001205,1,S2_ESIBank,1,1,B,0,0,0,1,0
INT_G001073,ENZ_G000449,CMP_G000436,1,S8_PlantP450DB,1,1,B,1,0,0,1,0
INT_G001074,ENZ_G000449,CMP_G000738,1,S3_P450Rdb|S8_PlantP450DB|S9_PCPD,3,3,B,1,1,0,2,0
INT_G001075,ENZ_G000449,CMP_G001017,1,S8_PlantP450DB,1,1,B,1,0,0,1,0
INT_G001076,ENZ_G000449,CMP_G001266,1,S3_P450Rdb|S9_PCPD,2,2,B,1,1,0,1,0
INT_G001077,ENZ_G000450,CMP_G000447,1,S2_ESIBank,1,1,B,0,0,0,1,0
INT_G001078,ENZ_G000451,CMP_G000692,1,S2_ESIBank,1,1,B,0,0,0,1,0
INT_G001079,ENZ_G000451,CMP_G001301,1,S2_ESIBank,1,1,B,0,0,0,1,0
INT_G001080,ENZ_G000451,CMP_G001302,1,S2_ESIBank,1,1,B,0,0,0,1,0
INT_G001081,ENZ_G000451,CMP_G001763,1,S2_ESIBank,1,1,B,0,0,0,1,0
INT_G001082,ENZ_G000451,CMP_G001764,1,S3_P450Rdb|S8_PlantP450DB,2,2,B,1,1,0,1,0
INT_G001083,ENZ_G000451,CMP_G001989,1,S8_PlantP450DB,1,1,B,1,0,0,1,0
INT_G001084,ENZ_G000452,CMP_G000406,1,S3_P450Rdb,1,1,B,0,1,0,1,0
INT_G001085,ENZ_G000452,CMP_G000622,1,S3_P450Rdb,1,1,B,0,1,0,1,0
INT_G001086,ENZ_G000452,CMP_G000937,1,S3_P450Rdb,1,1,B,0,1,0,1,0
INT_G001087,ENZ_G000452,CMP_G001009,1,S3_P450Rdb,1,1,B,0,1,0,2,0
INT_G001088,ENZ_G000452,CMP_G001271,1,S3_P450Rdb,1,1,B,0,1,0,1,0
INT_G001089,ENZ_G000452,CMP_G001541,1,S3_P450Rdb,1,1,B,0,1,0,1,0
INT_G001090,ENZ_G000452,CMP_G001567,1,S3_P450Rdb,1,1,B,0,1,0,1,0
INT_G001091,ENZ_G000452,CMP_G001769,1,S3_P450Rdb,1,1,B,0,1,0,1,0
INT_G001092,ENZ_G000452,CMP_G001792,1,S3_P450Rdb,1,1,B,0,1,0,1,0
INT_G001093,ENZ_G000452,CMP_G001944,1,S3_P450Rdb,1,1,B,0,1,0,1,0
INT_G001094,ENZ_G000452,CMP_G002043,1,S3_P450Rdb,1,1,B,0,1,0,1,0
INT_G001095,ENZ_G000453,CMP_G001527,1,S2_ESIBank,1,1,B,0,0,0,1,0
INT_G001096,ENZ_G000454,CMP_G001405,1,S1_RCSB,1,1,A,0,0,1,1,0
INT_G001097,ENZ_G000455,CMP_G000727,1,S2_ESIBank,1,1,B,0,0,0,1,0
INT_G001098,ENZ_G000456,CMP_G001873,1,S9_PCPD,1,1,B,0,0,0,1,0
INT_G001099,ENZ_G000457,CMP_G000538,1,S2_ESIBank,1,1,B,0,0,0,1,0
INT_G001100,ENZ_G000458,CMP_G000126,1,S2_ESIBank|S3_P450Rdb|S8_PlantP450DB,3,3,B,1,1,0,1,0
INT_G001101,ENZ_G000458,CMP_G000151,1,S2_ESIBank,1,1,B,0,0,0,1,0
INT_G001102,ENZ_G000458,CMP_G000450,1,S2_ESIBank,1,1,B,0,0,0,1,0
INT_G001103,ENZ_G000458,CMP_G001152,1,S2_ESIBank,1,1,B,0,0,0,1,0
INT_G001104,ENZ_G000458,CMP_G001440,1,S2_ESIBank,1,1,B,0,0,0,1,0
INT_G001105,ENZ_G000458,CMP_G001774,1,S9_PCPD,1,1,B,0,0,0,1,0
INT_G001106,ENZ_G000459,CMP_G000179,1,S2_ESIBank,1,1,B,0,0,0,1,0
INT_G001107,ENZ_G000460,CMP_G000358,1,S9_PCPD,1,1,B,0,0,0,1,0
INT_G001108,ENZ_G000461,CMP_G000358,1,S9_PCPD,1,1,B,0,0,0,1,0
INT_G001109,ENZ_G000462,CMP_G000425,1,S3_P450Rdb|S9_PCPD,2,2,B,1,1,0,1,0
INT_G001110,ENZ_G000463,CMP_G000479,1,S9_PCPD,1,1,B,0,0,0,1,0
INT_G001111,ENZ_G000463,CMP_G001560,1,S1_RCSB,1,1,A,0,0,1,1,0
INT_G001112,ENZ_G000464,CMP_G001263,1,S3_P450Rdb,1,1,B,1,1,0,1,0
INT_G001113,ENZ_G000464,CMP_G001659,1,S3_P450Rdb,1,1,B,1,1,0,1,0
INT_G001114,ENZ_G000465,CMP_G000030,1,S3_P450Rdb,1,1,B,1,1,0,1,0
INT_G001115,ENZ_G000465,CMP_G001024,1,S3_P450Rdb,1,1,B,1,1,0,1,0
INT_G001116,ENZ_G000465,CMP_G001405,1,S1_RCSB,1,1,A,0,0,1,1,0
INT_G001117,ENZ_G000466,CMP_G001263,1,S3_P450Rdb,1,1,B,1,1,0,2,0
INT_G001118,ENZ_G000466,CMP_G001659,1,S3_P450Rdb,1,1,B,1,1,0,2,0
INT_G001119,ENZ_G000466,CMP_G001820,1,S3_P450Rdb,1,1,B,1,1,0,1,0
INT_G001120,ENZ_G000467,CMP_G001734,1,S3_P450Rdb,1,1,B,1,1,0,1,0
INT_G001121,ENZ_G000468,CMP_G000544,1,S9_PCPD,1,1,B,0,0,0,1,0
INT_G001122,ENZ_G000469,CMP_G001527,1,S2_ESIBank,1,1,B,0,0,0,1,0
INT_G001123,ENZ_G000469,CMP_G001528,1,S2_ESIBank,1,1,B,0,0,0,1,0
INT_G001124,ENZ_G000470,CMP_G001655,1,S2_ESIBank,1,1,B,0,0,0,1,0
INT_G001125,ENZ_G000471,CMP_G000751,1,S8_PlantP450DB,1,1,B,1,0,0,1,0
INT_G001126,ENZ_G000472,CMP_G001674,1,S3_P450Rdb,1,1,B,1,1,0,1,0
INT_G001127,ENZ_G000473,CMP_G000127,1,S2_ESIBank|S3_P450Rdb|S8_PlantP450DB,3,3,B,1,1,0,1,0
INT_G001128,ENZ_G000473,CMP_G000449,1,S2_ESIBank|S8_PlantP450DB,2,2,B,1,0,0,1,0
INT_G001129,ENZ_G000473,CMP_G000534,1,S9_PCPD,1,1,B,0,0,0,1,0
INT_G001130,ENZ_G000474,CMP_G000171,1,S2_ESIBank,1,1,B,0,0,0,1,0
INT_G001131,ENZ_G000474,CMP_G000455,1,S2_ESIBank|S3_P450Rdb|S8_PlantP450DB,3,3,B,1,1,0,1,0
INT_G001132,ENZ_G000474,CMP_G000805,1,S2_ESIBank|S3_P450Rdb|S8_PlantP450DB,3,3,B,1,1,0,1,0
INT_G001133,ENZ_G000474,CMP_G000853,1,S3_P450Rdb|S8_PlantP450DB,2,2,B,1,1,0,1,0
INT_G001134,ENZ_G000474,CMP_G001652,1,S9_PCPD,1,1,B,0,0,0,1,0
INT_G001135,ENZ_G000475,CMP_G000455,1,S9_PCPD,1,1,B,0,0,0,1,0
INT_G001136,ENZ_G000475,CMP_G000853,1,S3_P450Rdb|S8_PlantP450DB,2,2,B,1,1,0,1,0
INT_G001137,ENZ_G000476,CMP_G000151,1,S2_ESIBank,1,1,B,0,0,0,1,0
INT_G001138,ENZ_G000477,CMP_G000225,1,S9_PCPD,1,1,B,0,0,0,1,0
INT_G001139,ENZ_G000478,CMP_G000139,1,S3_P450Rdb|S9_PCPD,2,2,B,1,1,0,1,0
INT_G001140,ENZ_G000478,CMP_G000306,1,S3_P450Rdb|S9_PCPD,2,2,B,1,1,0,1,0
INT_G001141,ENZ_G000478,CMP_G000660,1,S3_P450Rdb|S9_PCPD,2,2,B,1,1,0,1,0
INT_G001142,ENZ_G000478,CMP_G001137,1,S3_P450Rdb|S9_PCPD,2,2,B,1,1,0,1,0
INT_G001143,ENZ_G000478,CMP_G001562,1,S3_P450Rdb|S9_PCPD,2,2,B,1,1,0,1,0
INT_G001144,ENZ_G000478,CMP_G001703,1,S3_P450Rdb|S9_PCPD,2,2,B,1,1,0,1,0
INT_G001145,ENZ_G000479,CMP_G000237,1,S1_RCSB,1,1,A,0,0,1,1,0
INT_G001146,ENZ_G000479,CMP_G000607,1,S3_P450Rdb|S9_PCPD,2,2,B,1,1,0,1,0
INT_G001147,ENZ_G000479,CMP_G001967,1,S1_RCSB,1,1,A,0,0,1,1,0
INT_G001148,ENZ_G000479,CMP_G002056,1,S1_RCSB,1,1,A,0,0,1,1,0
INT_G001149,ENZ_G000480,CMP_G001117,1,S1_RCSB,1,1,A,0,0,1,1,0
INT_G001150,ENZ_G000481,CMP_G000570,1,S9_PCPD,1,1,B,0,0,0,1,0
INT_G001151,ENZ_G000481,CMP_G000793,1,S1_RCSB,1,1,A,0,0,1,1,0
INT_G001152,ENZ_G000482,CMP_G002037,1,S9_PCPD,1,1,B,0,0,0,1,0
INT_G001153,ENZ_G000483,CMP_G000009,1,S3_P450Rdb,1,1,B,1,1,0,1,0
INT_G001154,ENZ_G000483,CMP_G000819,1,S3_P450Rdb,1,1,B,1,1,0,1,0
INT_G001155,ENZ_G000483,CMP_G001498,1,S3_P450Rdb,1,1,B,1,1,0,1,0
INT_G001156,ENZ_G000483,CMP_G001921,1,S3_P450Rdb,1,1,B,1,1,0,1,0
INT_G001157,ENZ_G000483,CMP_G002071,1,S3_P450Rdb,1,1,B,1,1,0,1,0
INT_G001158,ENZ_G000484,CMP_G000315,1,S8_PlantP450DB,1,1,B,1,0,0,1,0
INT_G001159,ENZ_G000484,CMP_G000752,1,S8_PlantP450DB,1,1,B,1,0,0,1,0
INT_G001160,ENZ_G000484,CMP_G000868,1,S8_PlantP450DB,1,1,B,1,0,0,1,0
INT_G001161,ENZ_G000485,CMP_G000727,1,S2_ESIBank,1,1,B,0,0,0,1,0
INT_G001162,ENZ_G000485,CMP_G000728,1,S2_ESIBank,1,1,B,0,0,0,1,0
INT_G001163,ENZ_G000485,CMP_G001654,1,S2_ESIBank,1,1,B,0,0,0,1,0
INT_G001164,ENZ_G000486,CMP_G001845,1,S3_P450Rdb,1,1,B,1,1,0,1,0
INT_G001165,ENZ_G000486,CMP_G001954,1,S3_P450Rdb,1,1,B,1,1,0,1,0
INT_G001166,ENZ_G000487,CMP_G001476,1,S3_P450Rdb,1,1,B,1,1,0,1,0
INT_G001167,ENZ_G000488,CMP_G000607,1,S2_ESIBank,1,1,B,0,0,0,1,0
INT_G001168,ENZ_G000489,CMP_G000141,1,S2_ESIBank|S3_P450Rdb|S8_PlantP450DB|S9_PCPD,4,4,B,1,1,0,1,0
INT_G001169,ENZ_G000489,CMP_G000398,1,S2_ESIBank,1,1,B,0,0,0,1,0
INT_G001170,ENZ_G000489,CMP_G001942,1,S9_PCPD,1,1,B,0,0,0,1,0
INT_G001171,ENZ_G000490,CMP_G001165,1,S9_PCPD,1,1,B,0,0,0,1,0
INT_G001172,ENZ_G000491,CMP_G001700,1,S3_P450Rdb|S9_PCPD,2,2,B,1,1,0,1,0
INT_G001173,ENZ_G000491,CMP_G001701,1,S2_ESIBank|S3_P450Rdb,2,2,B,1,1,0,1,0
INT_G001174,ENZ_G000492,CMP_G000738,1,S2_ESIBank|S3_P450Rdb|S8_PlantP450DB|S9_PCPD,4,5,B,1,1,0,2,0
INT_G001175,ENZ_G000492,CMP_G001200,1,S2_ESIBank|S3_P450Rdb,2,2,B,1,1,0,2,0
INT_G001176,ENZ_G000492,CMP_G001579,1,S3_P450Rdb,1,1,B,1,1,0,1,0
INT_G001177,ENZ_G000493,CMP_G000738,1,S3_P450Rdb|S9_PCPD,2,2,B,1,1,0,2,0
INT_G001178,ENZ_G000493,CMP_G001105,1,S3_P450Rdb|S9_PCPD,2,2,B,1,0,0,1,0
INT_G001179,ENZ_G000493,CMP_G001106,1,S3_P450Rdb|S9_PCPD,2,2,B,1,0,0,1,0
INT_G001180,ENZ_G000494,CMP_G001165,1,S8_PlantP450DB,1,1,B,1,0,0,1,0
INT_G001181,ENZ_G000495,CMP_G001165,1,S8_PlantP450DB,1,1,B,1,0,0,1,0
INT_G001182,ENZ_G000496,CMP_G001068,1,S8_PlantP450DB,1,1,B,1,0,0,1,0
INT_G001183,ENZ_G000497,CMP_G000853,1,S2_ESIBank|S3_P450Rdb|S8_PlantP450DB|S9_PCPD,4,4,B,1,1,0,1,0
INT_G001184,ENZ_G000498,CMP_G000126,1,S8_PlantP450DB,1,1,B,1,0,0,1,0
INT_G001185,ENZ_G000499,CMP_G001089,1,S9_PCPD,1,1,B,0,0,0,1,0
INT_G001186,ENZ_G000500,CMP_G000688,1,S9_PCPD,1,1,B,0,0,0,1,0
INT_G001187,ENZ_G000501,CMP_G001534,1,S9_PCPD,1,1,B,0,0,0,1,0
INT_G001188,ENZ_G000502,CMP_G000087,1,S9_PCPD,1,1,B,0,0,0,1,0
INT_G001189,ENZ_G000503,CMP_G001432,1,S8_PlantP450DB,1,1,B,1,0,0,1,0
INT_G001190,ENZ_G000504,CMP_G001090,1,S9_PCPD,1,1,B,0,0,0,1,0
INT_G001191,ENZ_G000505,CMP_G001616,1,S9_PCPD,1,1,B,0,0,0,1,0
INT_G001192,ENZ_G000506,CMP_G001974,1,S3_P450Rdb|S9_PCPD,2,2,B,1,1,0,1,0
INT_G001193,ENZ_G000507,CMP_G000349,1,S3_P450Rdb,1,1,B,1,1,0,1,0
INT_G001194,ENZ_G000508,CMP_G001835,1,S9_PCPD,1,1,B,0,0,0,1,0
INT_G001195,ENZ_G000509,CMP_G000014,1,S3_P450Rdb,1,1,B,1,1,0,1,0
INT_G001196,ENZ_G000509,CMP_G000015,1,S3_P450Rdb,1,1,B,1,1,0,1,0
INT_G001197,ENZ_G000509,CMP_G000681,1,S3_P450Rdb,1,1,B,1,1,0,1,0
INT_G001198,ENZ_G000509,CMP_G001197,1,S3_P450Rdb,1,1,B,1,1,0,2,0
INT_G001199,ENZ_G000509,CMP_G001312,1,S3_P450Rdb,1,1,B,1,1,0,1,0
INT_G001200,ENZ_G000509,CMP_G001478,1,S3_P450Rdb,1,1,B,1,1,0,1,0
INT_G001201,ENZ_G000509,CMP_G002090,1,S3_P450Rdb,1,1,B,1,1,0,2,0
INT_G001202,ENZ_G000510,CMP_G000014,1,S3_P450Rdb,1,1,B,1,1,0,1,0
INT_G001203,ENZ_G000510,CMP_G000681,1,S3_P450Rdb|S9_PCPD,2,2,B,1,1,0,1,0
INT_G001204,ENZ_G000510,CMP_G001478,1,S3_P450Rdb|S9_PCPD,2,2,B,1,1,0,1,0
INT_G001205,ENZ_G000510,CMP_G002090,1,S3_P450Rdb|S9_PCPD,2,2,B,1,1,0,1,0
INT_G001206,ENZ_G000511,CMP_G000014,1,S3_P450Rdb,1,1,B,1,1,0,1,0
INT_G001207,ENZ_G000511,CMP_G000343,1,S2_ESIBank,1,1,B,0,0,0,1,0
INT_G001208,ENZ_G000511,CMP_G000666,1,S2_ESIBank,1,1,B,0,0,0,1,0
INT_G001209,ENZ_G000511,CMP_G000681,1,S3_P450Rdb|S9_PCPD,2,2,B,1,1,0,1,0
INT_G001210,ENZ_G000511,CMP_G001197,1,S3_P450Rdb|S9_PCPD,2,2,B,1,1,0,1,0
INT_G001211,ENZ_G000511,CMP_G001198,1,S2_ESIBank,1,1,B,0,0,0,1,0
INT_G001212,ENZ_G000511,CMP_G001312,1,S3_P450Rdb|S9_PCPD,2,2,B,1,1,0,1,0
INT_G001213,ENZ_G000511,CMP_G001478,1,S3_P450Rdb|S9_PCPD,2,2,B,1,1,0,1,0
INT_G001214,ENZ_G000511,CMP_G001560,1,S2_ESIBank,1,1,B,0,0,0,1,0
INT_G001215,ENZ_G000511,CMP_G002027,1,S2_ESIBank,1,1,B,0,0,0,1,0
INT_G001216,ENZ_G000511,CMP_G002090,1,S3_P450Rdb|S9_PCPD,2,2,B,1,1,0,1,0
INT_G001217,ENZ_G000512,CMP_G001803,1,S3_P450Rdb|S9_PCPD,2,2,B,1,1,0,1,0
INT_G001218,ENZ_G000513,CMP_G001417,1,S8_PlantP450DB|S9_PCPD,2,2,B,1,0,0,1,0
INT_G001219,ENZ_G000514,CMP_G000909,1,S3_P450Rdb,1,1,B,1,1,0,1,0
INT_G001220,ENZ_G000514,CMP_G001185,1,S8_PlantP450DB,1,1,B,1,0,0,1,0
INT_G001221,ENZ_G000514,CMP_G001186,1,S3_P450Rdb,1,1,B,1,1,0,1,0
INT_G001222,ENZ_G000514,CMP_G001337,1,S3_P450Rdb,1,1,B,1,1,0,1,0
INT_G001223,ENZ_G000515,CMP_G002069,1,S8_PlantP450DB|S9_PCPD,2,2,B,1,0,0,1,0
INT_G001224,ENZ_G000516,CMP_G001737,1,S8_PlantP450DB|S9_PCPD,2,2,B,1,0,0,1,0
INT_G001225,ENZ_G000517,CMP_G002069,1,S8_PlantP450DB|S9_PCPD,2,2,B,1,0,0,1,0
INT_G001226,ENZ_G000518,CMP_G002069,1,S8_PlantP450DB|S9_PCPD,2,2,B,1,0,0,1,0
INT_G001227,ENZ_G000519,CMP_G001417,1,S8_PlantP450DB|S9_PCPD,2,2,B,1,0,0,1,0
INT_G001228,ENZ_G000520,CMP_G000495,1,S3_P450Rdb|S9_PCPD,2,2,B,1,1,0,1,0
INT_G001229,ENZ_G000521,CMP_G001897,1,S3_P450Rdb|S9_PCPD,2,2,B,1,1,0,1,0
INT_G001230,ENZ_G000522,CMP_G000277,1,S3_P450Rdb|S9_PCPD,2,2,B,1,1,0,1,0
INT_G001231,ENZ_G000523,CMP_G000442,1,S8_PlantP450DB,1,1,B,1,0,0,1,0
INT_G001232,ENZ_G000523,CMP_G001204,1,S8_PlantP450DB,1,1,B,1,0,0,1,0
INT_G001233,ENZ_G000524,CMP_G000442,1,S8_PlantP450DB,1,1,B,1,0,0,1,0
INT_G001234,ENZ_G000524,CMP_G001204,1,S8_PlantP450DB,1,1,B,1,0,0,1,0
INT_G001235,ENZ_G000525,CMP_G000442,1,S8_PlantP450DB,1,1,B,1,0,0,1,0
INT_G001236,ENZ_G000525,CMP_G001204,1,S8_PlantP450DB,1,1,B,1,0,0,1,0
INT_G001237,ENZ_G000526,CMP_G000457,1,S2_ESIBank|S3_P450Rdb|S8_PlantP450DB|S9_PCPD,4,4,B,1,1,0,1,0
INT_G001238,ENZ_G000526,CMP_G001754,1,S2_ESIBank,1,1,B,0,0,0,1,0
INT_G001239,ENZ_G000527,CMP_G001994,1,S3_P450Rdb|S8_PlantP450DB|S9_PCPD,3,3,B,1,1,0,1,0
INT_G001240,ENZ_G000527,CMP_G001995,1,S2_ESIBank,1,1,B,0,0,0,1,0
INT_G001241,ENZ_G000528,CMP_G000457,1,S2_ESIBank|S3_P450Rdb|S8_PlantP450DB|S9_PCPD,4,4,B,1,1,0,1,0
INT_G001242,ENZ_G000528,CMP_G001754,1,S2_ESIBank,1,1,B,0,0,0,1,0
INT_G001243,ENZ_G000529,CMP_G001777,1,S3_P450Rdb,1,1,B,1,1,0,1,0
INT_G001244,ENZ_G000529,CMP_G001778,1,S2_ESIBank,1,1,B,0,0,0,1,0
INT_G001245,ENZ_G000530,CMP_G000479,1,S3_P450Rdb,1,1,B,1,1,0,3,0
INT_G001246,ENZ_G000530,CMP_G000682,1,S1_RCSB|S3_P450Rdb,2,2,A,1,1,1,3,0
INT_G001247,ENZ_G000530,CMP_G001250,1,S3_P450Rdb,1,1,B,1,1,0,3,0
INT_G001248,ENZ_G000530,CMP_G001313,1,S3_P450Rdb,1,1,B,1,1,0,3,0
INT_G001249,ENZ_G000530,CMP_G001560,1,S3_P450Rdb,1,1,B,1,1,0,3,0
INT_G001250,ENZ_G000530,CMP_G001697,1,S3_P450Rdb,1,1,B,1,1,0,3,0
INT_G001251,ENZ_G000530,CMP_G002091,1,S1_RCSB|S3_P450Rdb,2,2,A,1,1,1,2,0
INT_G001252,ENZ_G000531,CMP_G000438,1,S2_ESIBank,1,1,B,0,0,0,1,0
INT_G001253,ENZ_G000531,CMP_G000442,1,S2_ESIBank,1,1,B,0,0,0,1,0
INT_G001254,ENZ_G000531,CMP_G000713,1,S2_ESIBank,1,1,B,0,0,0,1,0
INT_G001255,ENZ_G000531,CMP_G000890,1,S2_ESIBank,1,1,B,0,0,0,1,0
INT_G001256,ENZ_G000531,CMP_G001101,1,S2_ESIBank,1,1,B,0,0,0,1,0
INT_G001257,ENZ_G000531,CMP_G001205,1,S2_ESIBank,1,1,B,0,0,0,1,0
INT_G001258,ENZ_G000532,CMP_G001376,1,S3_P450Rdb,1,1,B,1,1,0,2,0
INT_G001259,ENZ_G000532,CMP_G001404,1,S3_P450Rdb,1,1,B,1,1,0,1,0
INT_G001260,ENZ_G000533,CMP_G000108,1,S3_P450Rdb,1,1,B,0,1,0,1,0
INT_G001261,ENZ_G000533,CMP_G000257,1,S3_P450Rdb,1,1,B,0,1,0,2,0
INT_G001262,ENZ_G000533,CMP_G000448,1,S3_P450Rdb,1,1,B,0,1,0,1,0
INT_G001263,ENZ_G000533,CMP_G000479,1,S3_P450Rdb,1,1,B,0,1,0,1,0
INT_G001264,ENZ_G000533,CMP_G001560,1,S1_RCSB,1,1,A,0,0,1,1,0
INT_G001265,ENZ_G000533,CMP_G001830,1,S3_P450Rdb,1,1,B,0,1,0,1,0
INT_G001266,ENZ_G000533,CMP_G001872,1,S3_P450Rdb,1,1,B,0,1,0,1,0
INT_G001267,ENZ_G000534,CMP_G000258,1,S8_PlantP450DB,1,1,B,1,0,0,1,0
INT_G001268,ENZ_G000534,CMP_G000442,1,S8_PlantP450DB,1,1,B,1,0,0,1,0
INT_G001269,ENZ_G000534,CMP_G001204,1,S8_PlantP450DB,1,1,B,1,0,0,1,0
INT_G001270,ENZ_G000534,CMP_G001469,1,S8_PlantP450DB,1,1,B,1,0,0,1,0
INT_G001271,ENZ_G000535,CMP_G000258,1,S8_PlantP450DB,1,1,B,1,0,0,1,0
INT_G001272,ENZ_G000535,CMP_G000442,1,S2_ESIBank|S8_PlantP450DB,2,2,B,1,0,0,1,0
INT_G001273,ENZ_G000535,CMP_G000713,1,S2_ESIBank,1,1,B,0,0,0,1,0
INT_G001274,ENZ_G000535,CMP_G001204,1,S8_PlantP450DB,1,1,B,1,0,0,1,0
INT_G001275,ENZ_G000535,CMP_G001205,1,S2_ESIBank,1,1,B,0,0,0,1,0
INT_G001276,ENZ_G000535,CMP_G001469,1,S8_PlantP450DB,1,1,B,1,0,0,1,0
INT_G001277,ENZ_G000536,CMP_G000442,1,S2_ESIBank,1,1,B,0,0,0,1,0
INT_G001278,ENZ_G000536,CMP_G001469,1,S2_ESIBank,1,1,B,0,0,0,1,0
INT_G001279,ENZ_G000537,CMP_G000442,1,S2_ESIBank,1,1,B,0,0,0,1,0
INT_G001280,ENZ_G000537,CMP_G001205,1,S2_ESIBank,1,1,B,0,0,0,1,0
INT_G001281,ENZ_G000538,CMP_G000491,1,S8_PlantP450DB|S9_PCPD,2,2,B,1,0,0,1,0
INT_G001282,ENZ_G000539,CMP_G000474,1,S3_P450Rdb,1,1,B,1,1,0,1,0
INT_G001283,ENZ_G000540,CMP_G000121,1,S3_P450Rdb,1,1,B,1,1,0,1,0
INT_G001284,ENZ_G000540,CMP_G001531,1,S3_P450Rdb,1,1,B,1,1,0,2,0
INT_G001285,ENZ_G000541,CMP_G000029,1,S3_P450Rdb,1,1,B,1,1,0,1,0
INT_G001286,ENZ_G000541,CMP_G000331,1,S3_P450Rdb,1,1,B,1,1,0,1,0
INT_G001287,ENZ_G000541,CMP_G000586,1,S3_P450Rdb,1,1,B,1,1,0,1,0
INT_G001288,ENZ_G000541,CMP_G000825,1,S3_P450Rdb,1,1,B,1,1,0,1,0
INT_G001289,ENZ_G000541,CMP_G000916,1,S3_P450Rdb,1,1,B,1,1,0,1,0
INT_G001290,ENZ_G000541,CMP_G001686,1,S3_P450Rdb,1,1,B,1,1,0,1,0
INT_G001291,ENZ_G000541,CMP_G001854,1,S3_P450Rdb,1,1,B,1,1,0,1,0
INT_G001292,ENZ_G000542,CMP_G001068,1,S2_ESIBank,1,1,B,0,0,0,1,0
INT_G001293,ENZ_G000543,CMP_G001068,1,S2_ESIBank,1,1,B,0,0,0,1,0
INT_G001294,ENZ_G000544,CMP_G001068,1,S2_ESIBank,1,1,B,0,0,0,1,0
INT_G001295,ENZ_G000545,CMP_G001687,1,S9_PCPD,1,1,B,0,0,0,1,0
INT_G001296,ENZ_G000546,CMP_G000364,1,S9_PCPD,1,1,B,0,0,0,1,0
INT_G001297,ENZ_G000547,CMP_G000530,1,S8_PlantP450DB,1,1,B,1,0,0,1,0
INT_G001298,ENZ_G000548,CMP_G000674,1,S3_P450Rdb,1,1,B,1,1,0,1,0
INT_G001299,ENZ_G000549,CMP_G000730,1,S2_ESIBank,1,1,B,0,0,0,1,0
INT_G001300,ENZ_G000549,CMP_G000731,1,S9_PCPD,1,1,B,0,0,0,1,0
INT_G001301,ENZ_G000549,CMP_G000732,1,S3_P450Rdb,1,1,B,1,1,0,1,0
INT_G001302,ENZ_G000550,CMP_G001207,1,S9_PCPD,1,1,B,0,0,0,1,0
INT_G001303,ENZ_G000550,CMP_G001208,1,S2_ESIBank,1,1,B,0,0,0,1,0
INT_G001304,ENZ_G000550,CMP_G001209,1,S3_P450Rdb,1,1,B,1,1,0,1,0
INT_G001305,ENZ_G000551,CMP_G001556,1,S9_PCPD,1,1,B,0,0,0,1,0
INT_G001306,ENZ_G000552,CMP_G001315,1,S1_RCSB|S3_P450Rdb,2,2,A,1,0,1,1,0
INT_G001307,ENZ_G000553,CMP_G001830,1,S1_RCSB,1,1,A,0,0,1,1,0
INT_G001308,ENZ_G000554,CMP_G000497,1,S2_ESIBank|S3_P450Rdb|S8_PlantP450DB|S9_PCPD,4,4,B,1,1,0,1,0
INT_G001309,ENZ_G000555,CMP_G001369,1,S3_P450Rdb,1,1,B,1,1,0,1,0
INT_G001310,ENZ_G000555,CMP_G002035,1,S8_PlantP450DB,1,1,B,1,0,0,1,0
INT_G001311,ENZ_G000555,CMP_G002118,1,S8_PlantP450DB,1,1,B,1,0,0,1,0
INT_G001312,ENZ_G000556,CMP_G001042,1,S3_P450Rdb,1,1,B,1,1,0,1,0
INT_G001313,ENZ_G000557,CMP_G000061,1,S3_P450Rdb|S8_PlantP450DB,2,2,B,1,1,0,1,0
INT_G001314,ENZ_G000558,CMP_G000039,1,S3_P450Rdb|S9_PCPD,2,2,B,1,1,0,1,0
INT_G001315,ENZ_G000558,CMP_G000891,1,S3_P450Rdb|S9_PCPD,2,2,B,1,1,0,1,0
INT_G001316,ENZ_G000559,CMP_G000858,1,S2_ESIBank,1,1,B,0,0,0,1,0
INT_G001317,ENZ_G000560,CMP_G000745,1,S2_ESIBank,1,1,B,0,0,0,1,0
INT_G001318,ENZ_G000561,CMP_G000442,1,S8_PlantP450DB,1,1,B,1,0,0,1,0
INT_G001319,ENZ_G000561,CMP_G000606,1,S8_PlantP450DB,1,1,B,1,0,0,1,0
INT_G001320,ENZ_G000561,CMP_G000890,1,S8_PlantP450DB,1,1,B,1,0,0,1,0
INT_G001321,ENZ_G000561,CMP_G001955,1,S8_PlantP450DB,1,1,B,1,0,0,1,0
INT_G001322,ENZ_G000562,CMP_G000991,1,S1_RCSB,1,1,A,0,0,1,1,0
INT_G001323,ENZ_G000563,CMP_G001144,1,S3_P450Rdb,1,1,B,1,1,0,1,0
INT_G001324,ENZ_G000563,CMP_G001631,1,S3_P450Rdb,1,1,B,1,1,0,1,0
INT_G001325,ENZ_G000563,CMP_G001815,1,S3_P450Rdb,1,1,B,1,1,0,1,0
INT_G001326,ENZ_G000563,CMP_G001968,1,S3_P450Rdb,1,1,B,1,1,0,1,0
INT_G001327,ENZ_G000564,CMP_G000448,1,S1_RCSB,1,1,A,0,0,1,1,0
INT_G001328,ENZ_G000564,CMP_G000925,1,S1_RCSB,1,1,A,0,0,1,1,0
INT_G001329,ENZ_G000564,CMP_G001024,1,S1_RCSB,1,1,A,0,0,1,1,0
INT_G001330,ENZ_G000565,CMP_G001024,1,S1_RCSB|S3_P450Rdb|S9_PCPD,3,3,A,1,1,1,1,0
INT_G001331,ENZ_G000566,CMP_G000047,1,S3_P450Rdb,1,1,B,1,1,0,1,0
INT_G001332,ENZ_G000567,CMP_G000583,1,S8_PlantP450DB,1,1,B,1,0,0,1,0
INT_G001333,ENZ_G000567,CMP_G001888,1,S2_ESIBank|S3_P450Rdb,2,2,B,1,1,0,1,0
INT_G001334,ENZ_G000567,CMP_G001889,1,S8_PlantP450DB|S9_PCPD,2,2,B,1,0,0,1,0
INT_G001335,ENZ_G000568,CMP_G000583,1,S8_PlantP450DB,1,1,B,1,0,0,1,0
INT_G001336,ENZ_G000568,CMP_G001888,1,S3_P450Rdb|S9_PCPD,2,2,B,1,1,0,1,0
INT_G001337,ENZ_G000568,CMP_G001889,1,S8_PlantP450DB,1,1,B,1,0,0,1,0
INT_G001338,ENZ_G000569,CMP_G000583,1,S8_PlantP450DB,1,1,B,1,0,0,1,0
INT_G001339,ENZ_G000569,CMP_G001888,1,S2_ESIBank|S3_P450Rdb|S9_PCPD,3,3,B,1,1,0,1,0
INT_G001340,ENZ_G000569,CMP_G001889,1,S8_PlantP450DB,1,1,B,1,0,0,1,0
INT_G001341,ENZ_G000570,CMP_G000583,1,S8_PlantP450DB,1,1,B,1,0,0,1,0
INT_G001342,ENZ_G000570,CMP_G001888,1,S2_ESIBank,1,1,B,0,0,0,1,0
INT_G001343,ENZ_G000570,CMP_G001889,1,S8_PlantP450DB,1,1,B,1,0,0,1,0
INT_G001344,ENZ_G000570,CMP_G001890,1,S3_P450Rdb,1,1,B,1,1,0,1,0
INT_G001345,ENZ_G000571,CMP_G000583,1,S8_PlantP450DB,1,1,B,1,0,0,1,0
INT_G001346,ENZ_G000571,CMP_G001888,1,S2_ESIBank|S3_P450Rdb|S9_PCPD,3,3,B,1,1,0,1,0
INT_G001347,ENZ_G000571,CMP_G001889,1,S8_PlantP450DB,1,1,B,1,0,0,1,0
INT_G001348,ENZ_G000572,CMP_G000009,1,S3_P450Rdb,1,1,B,1,1,0,1,0
INT_G001349,ENZ_G000572,CMP_G000056,1,S3_P450Rdb|S9_PCPD,2,2,B,1,1,0,1,0
INT_G001350,ENZ_G000572,CMP_G001482,1,S3_P450Rdb|S9_PCPD,2,2,B,1,1,0,1,0
INT_G001351,ENZ_G000573,CMP_G000147,1,S8_PlantP450DB,1,1,B,1,0,0,1,0
INT_G001352,ENZ_G000573,CMP_G000530,1,S8_PlantP450DB,1,1,B,1,0,0,1,0
INT_G001353,ENZ_G000574,CMP_G001110,1,S2_ESIBank,1,1,B,0,0,0,1,0
INT_G001354,ENZ_G000575,CMP_G000567,1,S8_PlantP450DB,1,1,B,1,0,0,1,0
INT_G001355,ENZ_G000576,CMP_G001110,1,S2_ESIBank,1,1,B,0,0,0,1,0
INT_G001356,ENZ_G000576,CMP_G001778,1,S2_ESIBank,1,1,B,0,0,0,1,0
INT_G001357,ENZ_G000577,CMP_G000038,1,S9_PCPD,1,1,B,0,0,0,1,0
INT_G001358,ENZ_G000578,CMP_G000335,1,S3_P450Rdb,1,1,B,1,1,0,1,0
INT_G001359,ENZ_G000579,CMP_G000816,1,S3_P450Rdb,1,1,B,1,1,0,1,0
INT_G001360,ENZ_G000579,CMP_G001293,1,S3_P450Rdb,1,1,B,1,1,0,1,0
INT_G001361,ENZ_G000579,CMP_G001303,1,S3_P450Rdb,1,1,B,1,1,0,1,0
INT_G001362,ENZ_G000580,CMP_G000428,1,S3_P450Rdb,1,1,B,1,1,0,4,0
INT_G001363,ENZ_G000580,CMP_G001656,1,S3_P450Rdb,1,1,B,1,1,0,3,0
INT_G001364,ENZ_G000581,CMP_G000725,1,S8_PlantP450DB,1,1,B,1,0,0,1,0
INT_G001365,ENZ_G000581,CMP_G000727,1,S2_ESIBank,1,1,B,0,0,0,1,0
INT_G001366,ENZ_G000581,CMP_G000729,1,S3_P450Rdb,1,1,B,1,1,0,1,0
INT_G001367,ENZ_G000581,CMP_G001654,1,S2_ESIBank,1,1,B,0,0,0,1,0
INT_G001368,ENZ_G000581,CMP_G001656,1,S3_P450Rdb,1,1,B,1,1,0,1,0
INT_G001369,ENZ_G000581,CMP_G001657,1,S8_PlantP450DB,1,1,B,1,0,0,1,0
INT_G001370,ENZ_G000582,CMP_G000725,1,S8_PlantP450DB,1,1,B,1,0,0,1,0
INT_G001371,ENZ_G000582,CMP_G000990,1,S9_PCPD,1,1,B,0,0,0,1,0
INT_G001372,ENZ_G000582,CMP_G001657,1,S8_PlantP450DB,1,1,B,1,0,0,1,0
INT_G001373,ENZ_G000582,CMP_G001809,1,S8_PlantP450DB,1,1,B,1,0,0,1,0
INT_G001374,ENZ_G000583,CMP_G001185,1,S8_PlantP450DB,1,2,B,1,0,0,1,0
INT_G001375,ENZ_G000584,CMP_G000725,1,S8_PlantP450DB,1,1,B,1,0,0,1,0
INT_G001376,ENZ_G000584,CMP_G000727,1,S2_ESIBank,1,1,B,0,0,0,1,0
INT_G001377,ENZ_G000584,CMP_G000729,1,S3_P450Rdb,1,1,B,1,1,0,1,0
INT_G001378,ENZ_G000584,CMP_G001654,1,S2_ESIBank,1,1,B,0,0,0,1,0
INT_G001379,ENZ_G000584,CMP_G001656,1,S3_P450Rdb,1,1,B,1,1,0,1,0
INT_G001380,ENZ_G000584,CMP_G001657,1,S8_PlantP450DB,1,1,B,1,0,0,1,0
INT_G001381,ENZ_G000585,CMP_G000259,1,S2_ESIBank,1,1,B,0,0,0,1,0
INT_G001382,ENZ_G000586,CMP_G001205,1,S2_ESIBank,1,1,B,0,0,0,1,0
INT_G001383,ENZ_G000587,CMP_G000583,1,S3_P450Rdb|S8_PlantP450DB,2,2,B,1,1,0,1,0
INT_G001384,ENZ_G000587,CMP_G001301,1,S8_PlantP450DB,1,1,B,1,0,0,1,0
INT_G001385,ENZ_G000587,CMP_G001889,1,S8_PlantP450DB,1,1,B,1,0,0,1,0
INT_G001386,ENZ_G000587,CMP_G001891,1,S3_P450Rdb,1,1,B,1,1,0,1,0
INT_G001387,ENZ_G000588,CMP_G000751,1,S2_ESIBank,1,1,B,0,0,0,1,0
INT_G001388,ENZ_G000589,CMP_G001657,1,S8_PlantP450DB,1,1,B,1,0,0,1,0
INT_G001389,ENZ_G000590,CMP_G001640,1,S3_P450Rdb,1,1,B,1,1,0,1,0
INT_G001390,ENZ_G000590,CMP_G001641,1,S3_P450Rdb,1,1,B,1,1,0,1,0
INT_G001391,ENZ_G000591,CMP_G001640,1,S3_P450Rdb|S9_PCPD,2,2,B,1,1,0,1,0
INT_G001392,ENZ_G000592,CMP_G000369,1,S2_ESIBank|S3_P450Rdb|S8_PlantP450DB|S9_PCPD,4,4,B,1,1,0,1,0
INT_G001393,ENZ_G000593,CMP_G001176,1,S9_PCPD,1,1,B,0,0,0,1,0
INT_G001394,ENZ_G000594,CMP_G000075,1,S3_P450Rdb,1,1,B,1,1,0,1,0
INT_G001395,ENZ_G000594,CMP_G000103,1,S3_P450Rdb,1,1,B,1,1,0,1,0
INT_G001396,ENZ_G000594,CMP_G000125,1,S3_P450Rdb,1,1,B,1,1,0,1,0
INT_G001397,ENZ_G000594,CMP_G000266,1,S8_PlantP450DB,1,1,B,1,0,0,1,0
INT_G001398,ENZ_G000594,CMP_G000345,1,S8_PlantP450DB,1,1,B,1,0,0,1,0
INT_G001399,ENZ_G000594,CMP_G000514,1,S8_PlantP450DB,1,1,B,1,0,0,1,0
INT_G001400,ENZ_G000594,CMP_G000587,1,S8_PlantP450DB,1,1,B,1,0,0,1,0
INT_G001401,ENZ_G000594,CMP_G000710,1,S3_P450Rdb,1,1,B,1,1,0,1,0
INT_G001402,ENZ_G000594,CMP_G000810,1,S3_P450Rdb,1,1,B,1,1,0,1,0
INT_G001403,ENZ_G000594,CMP_G001021,1,S3_P450Rdb,1,1,B,1,1,0,1,0
INT_G001404,ENZ_G000594,CMP_G001074,1,S8_PlantP450DB,1,1,B,1,0,0,1,0
INT_G001405,ENZ_G000594,CMP_G001360,1,S3_P450Rdb,1,1,B,1,1,0,1,0
INT_G001406,ENZ_G000594,CMP_G001671,1,S3_P450Rdb,1,1,B,1,1,0,1,0
INT_G001407,ENZ_G000594,CMP_G001694,1,S3_P450Rdb,1,1,B,1,1,0,1,0
INT_G001408,ENZ_G000594,CMP_G001817,1,S8_PlantP450DB,1,1,B,1,0,0,1,0
INT_G001409,ENZ_G000594,CMP_G001842,1,S3_P450Rdb,1,1,B,1,1,0,1,0
INT_G001410,ENZ_G000594,CMP_G001843,1,S3_P450Rdb,1,1,B,1,1,0,1,0
INT_G001411,ENZ_G000594,CMP_G001949,1,S8_PlantP450DB,1,1,B,1,0,0,1,0
INT_G001412,ENZ_G000595,CMP_G001527,1,S8_PlantP450DB,1,1,B,1,0,0,1,0
INT_G001413,ENZ_G000596,CMP_G000010,1,S3_P450Rdb,1,1,B,1,1,0,1,0
INT_G001414,ENZ_G000596,CMP_G000442,1,S2_ESIBank|S8_PlantP450DB,2,2,B,1,0,0,1,0
INT_G001415,ENZ_G000596,CMP_G000447,1,S2_ESIBank|S8_PlantP450DB,2,2,B,1,0,0,1,0
INT_G001416,ENZ_G000596,CMP_G001469,1,S2_ESIBank|S8_PlantP450DB,2,2,B,1,0,0,1,0
INT_G001417,ENZ_G000597,CMP_G000088,1,S3_P450Rdb,1,1,B,0,1,0,1,0
INT_G001418,ENZ_G000597,CMP_G000108,1,S3_P450Rdb,1,1,B,0,1,0,1,0
INT_G001419,ENZ_G000597,CMP_G000180,1,S3_P450Rdb,1,1,B,0,1,0,1,0
INT_G001420,ENZ_G000597,CMP_G000257,1,S3_P450Rdb,1,1,B,0,1,0,1,0
INT_G001421,ENZ_G000597,CMP_G000434,1,S3_P450Rdb,1,1,B,0,1,0,1,0
INT_G001422,ENZ_G000597,CMP_G000550,1,S3_P450Rdb,1,1,B,0,1,0,1,0
INT_G001423,ENZ_G000597,CMP_G000720,1,S1_RCSB,1,1,A,0,0,1,1,0
INT_G001424,ENZ_G000597,CMP_G000822,1,S3_P450Rdb,1,1,B,0,1,0,1,0
INT_G001425,ENZ_G000597,CMP_G000847,1,S3_P450Rdb,1,1,B,0,1,0,1,0
INT_G001426,ENZ_G000597,CMP_G000990,1,S3_P450Rdb,1,1,B,1,1,0,1,0
INT_G001427,ENZ_G000597,CMP_G001203,1,S3_P450Rdb,1,1,B,0,1,0,1,0
INT_G001428,ENZ_G000597,CMP_G001211,1,S3_P450Rdb,1,1,B,0,1,0,1,0
INT_G001429,ENZ_G000597,CMP_G001447,1,S3_P450Rdb,1,1,B,0,1,0,1,0
INT_G001430,ENZ_G000597,CMP_G001560,1,S3_P450Rdb,1,1,B,0,1,0,1,0
INT_G001431,ENZ_G000597,CMP_G001571,1,S3_P450Rdb,1,1,B,0,1,0,1,0
INT_G001432,ENZ_G000597,CMP_G001697,1,S1_RCSB,1,1,A,0,0,1,1,0
INT_G001433,ENZ_G000597,CMP_G001785,1,S3_P450Rdb,1,1,B,0,1,0,1,0
INT_G001434,ENZ_G000597,CMP_G001925,1,S3_P450Rdb,1,1,B,0,1,0,1,0
INT_G001435,ENZ_G000598,CMP_G002026,1,S3_P450Rdb|S9_PCPD,2,2,B,1,1,0,3,0
INT_G001436,ENZ_G000599,CMP_G000002,1,S3_P450Rdb,1,1,B,1,1,0,2,0
INT_G001437,ENZ_G000599,CMP_G000003,1,S3_P450Rdb,1,1,B,1,1,0,1,0
INT_G001438,ENZ_G000599,CMP_G000004,1,S3_P450Rdb,1,1,B,1,1,0,1,0
INT_G001439,ENZ_G000599,CMP_G000354,1,S3_P450Rdb,1,1,B,1,1,0,1,0
INT_G001440,ENZ_G000599,CMP_G000408,1,S3_P450Rdb,1,1,B,1,1,0,1,0
INT_G001441,ENZ_G000599,CMP_G001224,1,S3_P450Rdb,1,1,B,1,1,0,1,0
INT_G001442,ENZ_G000599,CMP_G001537,1,S3_P450Rdb,1,1,B,1,1,0,1,0
INT_G001443,ENZ_G000599,CMP_G001870,1,S3_P450Rdb,1,1,B,1,1,0,2,0
INT_G001444,ENZ_G000599,CMP_G001939,1,S3_P450Rdb,1,1,B,1,1,0,2,0
INT_G001445,ENZ_G000600,CMP_G000798,1,S9_PCPD,1,1,B,0,0,0,1,0
INT_G001446,ENZ_G000600,CMP_G001964,1,S3_P450Rdb|S9_PCPD,2,2,B,1,1,0,1,0
INT_G001447,ENZ_G000601,CMP_G000220,1,S3_P450Rdb|S9_PCPD,2,2,B,1,1,0,1,0
INT_G001448,ENZ_G000602,CMP_G001230,1,S9_PCPD,1,1,B,0,0,0,1,0
INT_G001449,ENZ_G000603,CMP_G000373,1,S9_PCPD,1,1,B,0,0,0,1,0
INT_G001450,ENZ_G000604,CMP_G001502,1,S9_PCPD,1,1,B,0,0,0,1,0
INT_G001451,ENZ_G000605,CMP_G001502,1,S9_PCPD,1,1,B,0,0,0,1,0
INT_G001452,ENZ_G000606,CMP_G001056,1,S9_PCPD,1,1,B,0,0,0,1,0
INT_G001453,ENZ_G000607,CMP_G000136,1,S9_PCPD,1,1,B,0,0,0,1,0
INT_G001454,ENZ_G000608,CMP_G001056,1,S9_PCPD,1,1,B,0,0,0,1,0
INT_G001455,ENZ_G000609,CMP_G001056,1,S9_PCPD,1,1,B,0,0,0,1,0
INT_G001456,ENZ_G000610,CMP_G000220,1,S3_P450Rdb|S9_PCPD,2,2,B,1,1,0,1,0
INT_G001457,ENZ_G000611,CMP_G001056,1,S9_PCPD,1,1,B,0,0,0,1,0
INT_G001458,ENZ_G000612,CMP_G000136,1,S9_PCPD,1,1,B,0,0,0,1,0
INT_G001459,ENZ_G000613,CMP_G001024,1,S9_PCPD,1,1,B,0,0,0,1,0
INT_G001460,ENZ_G000614,CMP_G001502,1,S9_PCPD,1,1,B,0,0,0,1,0
INT_G001461,ENZ_G000615,CMP_G001230,1,S9_PCPD,1,1,B,0,0,0,1,0
INT_G001462,ENZ_G000616,CMP_G000373,1,S9_PCPD,1,1,B,0,0,0,1,0
INT_G001463,ENZ_G000617,CMP_G001056,1,S9_PCPD,1,1,B,0,0,0,1,0
INT_G001464,ENZ_G000618,CMP_G000916,1,S9_PCPD,1,1,B,0,0,0,1,0
INT_G001465,ENZ_G000618,CMP_G001230,1,S9_PCPD,1,1,B,0,0,0,1,0
INT_G001466,ENZ_G000618,CMP_G001606,1,S9_PCPD,1,1,B,0,0,0,1,0
INT_G001467,ENZ_G000618,CMP_G001984,1,S9_PCPD,1,1,B,0,0,0,1,0
INT_G001468,ENZ_G000619,CMP_G000373,1,S9_PCPD,1,1,B,0,0,0,1,0
INT_G001469,ENZ_G000620,CMP_G001606,1,S9_PCPD,1,1,B,0,0,0,1,0
INT_G001470,ENZ_G000621,CMP_G000100,1,S9_PCPD,1,1,B,0,0,0,1,0
INT_G001471,ENZ_G000621,CMP_G001031,1,S9_PCPD,1,1,B,0,0,0,1,0
INT_G001472,ENZ_G000622,CMP_G000751,1,S2_ESIBank,1,1,B,0,0,0,1,0
INT_G001473,ENZ_G000623,CMP_G000719,1,S8_PlantP450DB,1,1,B,1,0,0,1,0
INT_G001474,ENZ_G000624,CMP_G000511,1,S3_P450Rdb|S8_PlantP450DB|S9_PCPD,3,3,B,1,1,0,1,0
INT_G001475,ENZ_G000624,CMP_G000614,1,S2_ESIBank|S8_PlantP450DB,2,2,B,1,0,0,1,0
INT_G001476,ENZ_G000624,CMP_G001799,1,S2_ESIBank,1,1,B,0,0,0,1,0
INT_G001477,ENZ_G000625,CMP_G000722,1,S2_ESIBank,1,1,B,0,0,0,1,0
INT_G001478,ENZ_G000625,CMP_G001164,1,S2_ESIBank,1,1,B,0,0,0,1,0
INT_G001479,ENZ_G000625,CMP_G001165,1,S2_ESIBank|S8_PlantP450DB|S9_PCPD,3,3,B,1,0,0,1,0
INT_G001480,ENZ_G000625,CMP_G001557,1,S2_ESIBank,1,1,B,0,0,0,1,0
INT_G001481,ENZ_G000626,CMP_G000039,1,S8_PlantP450DB,1,1,B,1,0,0,1,0
INT_G001482,ENZ_G000626,CMP_G000228,1,S8_PlantP450DB|S9_PCPD,2,2,B,1,0,0,1,0
INT_G001483,ENZ_G000626,CMP_G000377,1,S8_PlantP450DB,1,1,B,1,0,0,1,0
INT_G001484,ENZ_G000626,CMP_G000558,1,S8_PlantP450DB,1,1,B,1,0,0,1,0
INT_G001485,ENZ_G000626,CMP_G000891,1,S8_PlantP450DB,1,1,B,1,0,0,1,0
INT_G001486,ENZ_G000626,CMP_G001417,1,S8_PlantP450DB,1,1,B,1,0,0,1,0
INT_G001487,ENZ_G000627,CMP_G000707,1,S9_PCPD,1,1,B,0,0,0,1,0
INT_G001488,ENZ_G000627,CMP_G000992,1,S8_PlantP450DB,1,1,B,1,0,0,1,0
INT_G001489,ENZ_G000627,CMP_G001426,1,S8_PlantP450DB,1,1,B,1,0,0,1,0
INT_G001490,ENZ_G000627,CMP_G001602,1,S8_PlantP450DB,1,1,B,1,0,0,1,0
INT_G001491,ENZ_G000628,CMP_G000211,1,S8_PlantP450DB|S9_PCPD,2,2,B,1,0,0,1,0
INT_G001492,ENZ_G000629,CMP_G000082,1,S3_P450Rdb|S8_PlantP450DB,2,2,B,1,1,0,1,0
INT_G001493,ENZ_G000629,CMP_G000415,1,S8_PlantP450DB,1,1,B,1,0,0,1,0
INT_G001494,ENZ_G000629,CMP_G000416,1,S3_P450Rdb,1,1,B,1,1,0,1,0
INT_G001495,ENZ_G000629,CMP_G000485,1,S3_P450Rdb,1,1,B,1,1,0,1,0
INT_G001496,ENZ_G000630,CMP_G000436,1,S2_ESIBank|S3_P450Rdb|S8_PlantP450DB|S9_PCPD,4,4,B,1,1,0,1,0
INT_G001497,ENZ_G000630,CMP_G000453,1,S3_P450Rdb|S9_PCPD,2,2,B,1,1,0,1,0
INT_G001498,ENZ_G000630,CMP_G000738,1,S2_ESIBank|S3_P450Rdb|S8_PlantP450DB|S9_PCPD,4,4,B,1,1,0,2,0
INT_G001499,ENZ_G000630,CMP_G001017,1,S2_ESIBank|S3_P450Rdb|S8_PlantP450DB|S9_PCPD,4,4,B,1,1,0,1,0
INT_G001500,ENZ_G000630,CMP_G001266,1,S3_P450Rdb|S9_PCPD,2,2,B,1,1,0,1,0
INT_G001501,ENZ_G000630,CMP_G001267,1,S2_ESIBank,1,1,B,0,0,0,1,0
INT_G001502,ENZ_G000630,CMP_G001923,1,S3_P450Rdb|S9_PCPD,2,2,B,1,1,0,1,0
INT_G001503,ENZ_G000631,CMP_G000026,1,S8_PlantP450DB,1,1,B,1,0,0,1,0
INT_G001504,ENZ_G000631,CMP_G001301,1,S8_PlantP450DB,1,1,B,1,0,0,1,0
INT_G001505,ENZ_G000632,CMP_G000442,1,S2_ESIBank,1,1,B,0,0,0,1,0
INT_G001506,ENZ_G000632,CMP_G000713,1,S2_ESIBank,1,1,B,0,0,0,1,0
INT_G001507,ENZ_G000632,CMP_G000890,1,S2_ESIBank,1,1,B,0,0,0,1,0
INT_G001508,ENZ_G000632,CMP_G001205,1,S2_ESIBank,1,1,B,0,0,0,1,0
INT_G001509,ENZ_G000632,CMP_G001421,1,S2_ESIBank,1,1,B,0,0,0,1,0
INT_G001510,ENZ_G000633,CMP_G000607,1,S2_ESIBank,1,1,B,0,0,0,1,0
INT_G001511,ENZ_G000634,CMP_G001443,1,S3_P450Rdb|S9_PCPD,2,2,B,1,0,0,1,0
INT_G001512,ENZ_G000634,CMP_G001504,1,S3_P450Rdb|S9_PCPD,2,2,B,1,1,0,1,0
INT_G001513,ENZ_G000634,CMP_G001684,1,S3_P450Rdb|S9_PCPD,2,2,B,1,0,0,1,0
INT_G001514,ENZ_G000635,CMP_G000623,1,S3_P450Rdb,1,1,B,1,1,0,1,0
INT_G001515,ENZ_G000635,CMP_G000624,1,S2_ESIBank|S8_PlantP450DB|S9_PCPD,3,3,B,1,0,0,1,0
INT_G001516,ENZ_G000636,CMP_G001428,1,S3_P450Rdb,1,1,B,1,1,0,1,0
INT_G001517,ENZ_G000636,CMP_G001429,1,S2_ESIBank,1,1,B,0,0,0,1,0
INT_G001518,ENZ_G000637,CMP_G000623,1,S3_P450Rdb|S9_PCPD,2,2,B,1,1,0,1,0
INT_G001519,ENZ_G000637,CMP_G000624,1,S2_ESIBank|S8_PlantP450DB,2,2,B,1,0,0,1,0
INT_G001520,ENZ_G000638,CMP_G001199,1,S3_P450Rdb,1,1,B,1,1,0,1,0
INT_G001521,ENZ_G000638,CMP_G001990,1,S3_P450Rdb,1,1,B,1,1,0,1,0
INT_G001522,ENZ_G000638,CMP_G002093,1,S3_P450Rdb,1,1,B,1,1,0,1,0
INT_G001523,ENZ_G000639,CMP_G001959,1,S9_PCPD,1,1,B,0,0,0,1,0
INT_G001524,ENZ_G000640,CMP_G000471,1,S9_PCPD,1,1,B,0,0,0,1,0
INT_G001525,ENZ_G000640,CMP_G001366,1,S1_RCSB,1,1,A,0,0,1,1,0
INT_G001526,ENZ_G000641,CMP_G002002,1,S3_P450Rdb,1,1,B,1,1,0,1,0
INT_G001527,ENZ_G000642,CMP_G001958,1,S1_RCSB,1,1,A,0,0,1,1,0
INT_G001528,ENZ_G000643,CMP_G001412,1,S9_PCPD,1,1,B,0,0,0,1,0
INT_G001529,ENZ_G000644,CMP_G001250,1,S1_RCSB,1,1,A,0,0,1,1,0
INT_G001530,ENZ_G000645,CMP_G000623,1,S3_P450Rdb|S9_PCPD,2,2,B,1,1,0,1,0
INT_G001531,ENZ_G000645,CMP_G000624,1,S8_PlantP450DB,1,1,B,1,0,0,1,0
INT_G001532,ENZ_G000646,CMP_G000811,1,S9_PCPD,1,1,B,0,0,0,1,0
INT_G001533,ENZ_G000646,CMP_G000812,1,S3_P450Rdb,1,1,B,1,1,0,1,0
INT_G001534,ENZ_G000647,CMP_G000562,1,S3_P450Rdb|S9_PCPD,2,2,B,1,1,0,1,0
INT_G001535,ENZ_G000647,CMP_G002119,1,S3_P450Rdb|S9_PCPD,2,2,B,1,1,0,1,0
INT_G001536,ENZ_G000648,CMP_G001412,1,S9_PCPD,1,1,B,0,0,0,1,0
INT_G001537,ENZ_G000649,CMP_G001176,1,S9_PCPD,1,1,B,0,0,0,1,0
INT_G001538,ENZ_G000650,CMP_G000041,1,S3_P450Rdb,1,1,B,1,1,0,1,0
INT_G001539,ENZ_G000650,CMP_G000186,1,S3_P450Rdb,1,1,B,1,1,0,1,0
INT_G001540,ENZ_G000650,CMP_G000344,1,S3_P450Rdb,1,1,B,1,1,0,2,0
INT_G001541,ENZ_G000650,CMP_G000529,1,S3_P450Rdb,1,1,B,1,1,0,2,0
INT_G001542,ENZ_G000650,CMP_G000729,1,S3_P450Rdb,1,1,B,1,1,0,2,0
INT_G001543,ENZ_G000650,CMP_G001199,1,S3_P450Rdb,1,1,B,1,1,0,1,0
INT_G001544,ENZ_G000650,CMP_G001272,1,S3_P450Rdb,1,1,B,1,1,0,1,0
INT_G001545,ENZ_G000650,CMP_G001416,1,S3_P450Rdb,1,1,B,1,1,0,2,0
INT_G001546,ENZ_G000650,CMP_G001920,1,S3_P450Rdb,1,1,B,1,1,0,1,0
INT_G001547,ENZ_G000650,CMP_G001990,1,S3_P450Rdb,1,1,B,1,1,0,1,0
INT_G001548,ENZ_G000650,CMP_G002093,1,S3_P450Rdb,1,1,B,1,1,0,2,0
INT_G001549,ENZ_G000651,CMP_G000727,1,S2_ESIBank,1,1,B,0,0,0,1,0
INT_G001550,ENZ_G000651,CMP_G001654,1,S2_ESIBank,1,1,B,0,0,0,1,0
INT_G001551,ENZ_G000652,CMP_G000009,1,S3_P450Rdb,1,1,B,1,1,0,1,0
INT_G001552,ENZ_G000652,CMP_G000474,1,S3_P450Rdb,1,1,B,1,1,0,1,0
INT_G001553,ENZ_G000652,CMP_G000939,1,S3_P450Rdb,1,1,B,1,1,0,2,0
INT_G001554,ENZ_G000652,CMP_G001250,1,S9_PCPD,1,1,B,0,0,0,1,0
INT_G001555,ENZ_G000653,CMP_G000633,1,S8_PlantP450DB|S9_PCPD,2,2,B,1,0,0,1,0
INT_G001556,ENZ_G000654,CMP_G000009,1,S3_P450Rdb,1,1,B,1,1,0,1,0
INT_G001557,ENZ_G000654,CMP_G000474,1,S3_P450Rdb,1,1,B,1,1,0,1,0
INT_G001558,ENZ_G000654,CMP_G000939,1,S3_P450Rdb,1,1,B,1,1,0,3,0
INT_G001559,ENZ_G000654,CMP_G001249,1,S3_P450Rdb,1,1,B,1,1,0,1,0
INT_G001560,ENZ_G000654,CMP_G001559,1,S3_P450Rdb,1,1,B,1,1,0,1,0
INT_G001561,ENZ_G000655,CMP_G000727,1,S2_ESIBank,1,1,B,0,0,0,1,0
INT_G001562,ENZ_G000655,CMP_G001654,1,S2_ESIBank,1,1,B,0,0,0,1,0
INT_G001563,ENZ_G000656,CMP_G000906,1,S3_P450Rdb,1,1,B,1,0,0,1,0
INT_G001564,ENZ_G000657,CMP_G000009,1,S3_P450Rdb,1,1,B,1,1,0,1,0
INT_G001565,ENZ_G000657,CMP_G000474,1,S3_P450Rdb,1,1,B,1,1,0,1,0
INT_G001566,ENZ_G000657,CMP_G000939,1,S3_P450Rdb,1,1,B,1,1,0,2,0
INT_G001567,ENZ_G000657,CMP_G001249,1,S3_P450Rdb,1,1,B,1,1,0,1,0
INT_G001568,ENZ_G000657,CMP_G001250,1,S9_PCPD,1,1,B,0,0,0,1,0
INT_G001569,ENZ_G000657,CMP_G001559,1,S3_P450Rdb,1,1,B,1,1,0,1,0
INT_G001570,ENZ_G000658,CMP_G001592,1,S9_PCPD,1,1,B,0,0,0,1,0
INT_G001571,ENZ_G000659,CMP_G001106,1,S3_P450Rdb|S9_PCPD,2,2,B,1,1,0,1,0
INT_G001572,ENZ_G000660,CMP_G000738,1,S3_P450Rdb|S8_PlantP450DB|S9_PCPD,3,3,B,1,1,0,1,0
INT_G001573,ENZ_G000660,CMP_G001200,1,S3_P450Rdb,1,1,B,1,1,0,1,0
INT_G001574,ENZ_G000660,CMP_G001607,1,S3_P450Rdb|S8_PlantP450DB,2,2,B,1,1,0,1,0
INT_G001575,ENZ_G000661,CMP_G000738,1,S9_PCPD,1,1,B,0,0,0,1,0
INT_G001576,ENZ_G000662,CMP_G000738,1,S9_PCPD,1,1,B,0,0,0,1,0
INT_G001577,ENZ_G000663,CMP_G000980,1,S3_P450Rdb,1,1,B,1,1,0,1,0
INT_G001578,ENZ_G000663,CMP_G000996,1,S3_P450Rdb,1,1,B,1,1,0,1,0
INT_G001579,ENZ_G000663,CMP_G001106,1,S3_P450Rdb,1,1,B,1,1,0,1,0
INT_G001580,ENZ_G000663,CMP_G001226,1,S3_P450Rdb,1,1,B,1,1,0,1,0
INT_G001581,ENZ_G000663,CMP_G001446,1,S3_P450Rdb,1,1,B,1,1,0,1,0
INT_G001582,ENZ_G000664,CMP_G000724,1,S2_ESIBank|S3_P450Rdb,2,2,B,1,1,0,1,0
INT_G001583,ENZ_G000664,CMP_G000738,1,S3_P450Rdb,1,1,B,1,1,0,1,0
INT_G001584,ENZ_G000664,CMP_G001187,1,S2_ESIBank|S3_P450Rdb,2,2,B,1,1,0,1,0
INT_G001585,ENZ_G000664,CMP_G001607,1,S2_ESIBank|S3_P450Rdb|S8_PlantP450DB|S9_PCPD,4,4,B,1,1,0,3,0
INT_G001586,ENZ_G000665,CMP_G000768,1,S3_P450Rdb,1,1,B,1,1,0,1,0
INT_G001587,ENZ_G000665,CMP_G001072,1,S9_PCPD,1,1,B,0,0,0,1,0
INT_G001588,ENZ_G000665,CMP_G001073,1,S2_ESIBank|S3_P450Rdb|S8_PlantP450DB,3,3,B,1,1,0,2,0
INT_G001589,ENZ_G000666,CMP_G000405,1,S3_P450Rdb,1,1,B,1,1,0,1,0
INT_G001590,ENZ_G000666,CMP_G001117,1,S3_P450Rdb,1,1,B,1,1,0,1,0
INT_G001591,ENZ_G000666,CMP_G001404,1,S3_P450Rdb,1,1,B,1,1,0,1,0
INT_G001592,ENZ_G000667,CMP_G000148,1,S3_P450Rdb,1,1,B,1,1,0,1,0
INT_G001593,ENZ_G000667,CMP_G000858,1,S2_ESIBank,1,1,B,0,0,0,1,0
INT_G001594,ENZ_G000667,CMP_G000922,1,S3_P450Rdb,1,1,B,1,1,0,1,0
INT_G001595,ENZ_G000668,CMP_G001626,1,S2_ESIBank,1,1,B,0,0,0,1,0
INT_G001596,ENZ_G000668,CMP_G001627,1,S2_ESIBank,1,1,B,0,0,0,1,0
INT_G001597,ENZ_G000669,CMP_G000248,1,S3_P450Rdb,1,1,B,1,1,0,1,0
INT_G001598,ENZ_G000669,CMP_G001342,1,S3_P450Rdb,1,1,B,1,1,0,2,0
INT_G001599,ENZ_G000669,CMP_G001634,1,S3_P450Rdb,1,1,B,1,1,0,2,0
INT_G001600,ENZ_G000669,CMP_G001691,1,S3_P450Rdb,1,1,B,1,1,0,1,0
INT_G001601,ENZ_G000669,CMP_G001739,1,S3_P450Rdb,1,1,B,1,1,0,2,0
INT_G001602,ENZ_G000669,CMP_G001802,1,S3_P450Rdb,1,1,B,1,1,0,4,0
INT_G001603,ENZ_G000670,CMP_G000072,1,S3_P450Rdb,1,1,B,1,1,0,1,0
INT_G001604,ENZ_G000670,CMP_G001492,1,S3_P450Rdb,1,1,B,1,1,0,1,0
INT_G001605,ENZ_G000670,CMP_G001748,1,S3_P450Rdb,1,1,B,1,1,0,1,0
INT_G001606,ENZ_G000670,CMP_G001865,1,S3_P450Rdb,1,1,B,1,1,0,1,0
INT_G001607,ENZ_G000671,CMP_G001857,1,S3_P450Rdb,1,1,B,1,1,0,1,0
INT_G001608,ENZ_G000671,CMP_G002061,1,S9_PCPD,1,1,B,0,0,0,1,0
INT_G001609,ENZ_G000671,CMP_G002062,1,S3_P450Rdb,1,1,B,1,1,0,2,0
INT_G001610,ENZ_G000672,CMP_G000944,1,S3_P450Rdb,1,1,B,1,1,0,1,0
INT_G001611,ENZ_G000672,CMP_G001802,1,S3_P450Rdb,1,1,B,1,1,0,1,0
INT_G001612,ENZ_G000673,CMP_G001607,1,S9_PCPD,1,1,B,0,0,0,1,0
INT_G001613,ENZ_G000673,CMP_G001991,1,S3_P450Rdb,1,1,B,1,1,0,1,0
INT_G001614,ENZ_G000674,CMP_G000002,1,S3_P450Rdb,1,1,B,1,1,0,2,0
INT_G001615,ENZ_G000674,CMP_G000003,1,S3_P450Rdb,1,1,B,1,1,0,1,0
INT_G001616,ENZ_G000674,CMP_G000004,1,S3_P450Rdb,1,1,B,1,1,0,1,0
INT_G001617,ENZ_G000674,CMP_G000354,1,S3_P450Rdb,1,1,B,1,1,0,1,0
INT_G001618,ENZ_G000674,CMP_G000408,1,S3_P450Rdb,1,1,B,1,1,0,1,0
INT_G001619,ENZ_G000674,CMP_G001224,1,S3_P450Rdb,1,1,B,1,1,0,1,0
INT_G001620,ENZ_G000674,CMP_G001537,1,S3_P450Rdb,1,1,B,1,1,0,1,0
INT_G001621,ENZ_G000674,CMP_G001870,1,S3_P450Rdb,1,1,B,1,1,0,2,0
INT_G001622,ENZ_G000674,CMP_G001939,1,S3_P450Rdb,1,1,B,1,1,0,2,0
INT_G001623,ENZ_G000675,CMP_G002049,1,S3_P450Rdb,1,1,B,1,1,0,1,0
INT_G001624,ENZ_G000676,CMP_G000002,1,S3_P450Rdb,1,1,B,1,1,0,2,0
INT_G001625,ENZ_G000676,CMP_G000003,1,S3_P450Rdb,1,1,B,1,1,0,1,0
INT_G001626,ENZ_G000676,CMP_G000004,1,S3_P450Rdb,1,1,B,1,1,0,1,0
INT_G001627,ENZ_G000676,CMP_G000354,1,S3_P450Rdb,1,1,B,1,1,0,1,0
INT_G001628,ENZ_G000676,CMP_G000408,1,S3_P450Rdb,1,1,B,1,1,0,1,0
INT_G001629,ENZ_G000676,CMP_G001224,1,S3_P450Rdb,1,1,B,1,1,0,1,0
INT_G001630,ENZ_G000676,CMP_G001537,1,S3_P450Rdb,1,1,B,1,1,0,1,0
INT_G001631,ENZ_G000676,CMP_G001870,1,S3_P450Rdb,1,1,B,1,1,0,2,0
INT_G001632,ENZ_G000676,CMP_G001939,1,S3_P450Rdb,1,1,B,1,1,0,2,0
INT_G001633,ENZ_G000677,CMP_G000080,1,S9_PCPD,1,1,B,0,0,0,1,0
INT_G001634,ENZ_G000677,CMP_G001782,1,S3_P450Rdb,1,1,B,1,1,0,2,0
INT_G001635,ENZ_G000678,CMP_G000033,1,S2_ESIBank|S3_P450Rdb|S8_PlantP450DB|S9_PCPD,4,4,B,1,1,0,1,0
INT_G001636,ENZ_G000678,CMP_G000080,1,S8_PlantP450DB,1,1,B,1,0,0,1,0
INT_G001637,ENZ_G000678,CMP_G000416,1,S3_P450Rdb,1,1,B,1,1,0,1,0
INT_G001638,ENZ_G000679,CMP_G000436,1,S3_P450Rdb|S8_PlantP450DB,2,2,B,1,1,0,1,0
INT_G001639,ENZ_G000679,CMP_G000453,1,S3_P450Rdb,1,1,B,1,1,0,2,0
INT_G001640,ENZ_G000679,CMP_G000738,1,S3_P450Rdb|S8_PlantP450DB,2,2,B,1,1,0,1,0
INT_G001641,ENZ_G000679,CMP_G001017,1,S3_P450Rdb|S8_PlantP450DB|S9_PCPD,3,3,B,1,1,0,1,0
INT_G001642,ENZ_G000679,CMP_G001266,1,S3_P450Rdb,1,1,B,1,1,0,1,0
INT_G001643,ENZ_G000679,CMP_G001923,1,S3_P450Rdb,1,1,B,1,1,0,1,0
INT_G001644,ENZ_G000680,CMP_G000005,1,S3_P450Rdb,1,1,B,1,1,0,1,0
INT_G001645,ENZ_G000680,CMP_G000006,1,S3_P450Rdb,1,1,B,1,1,0,1,0
INT_G001646,ENZ_G000680,CMP_G001249,1,S3_P450Rdb,1,1,B,1,1,0,1,0
INT_G001647,ENZ_G000680,CMP_G001560,1,S1_RCSB|S9_PCPD,2,2,A,0,0,1,1,0
INT_G001648,ENZ_G000680,CMP_G001953,1,S3_P450Rdb,1,1,B,1,1,0,1,0
INT_G001649,ENZ_G000681,CMP_G001189,1,S8_PlantP450DB|S9_PCPD,2,2,B,1,0,0,1,0
INT_G001650,ENZ_G000681,CMP_G001819,1,S8_PlantP450DB,1,1,B,1,0,0,1,0
INT_G001651,ENZ_G000682,CMP_G001819,1,S8_PlantP450DB,1,1,B,1,0,0,1,0
INT_G001652,ENZ_G000683,CMP_G000402,1,S2_ESIBank|S3_P450Rdb,2,2,B,1,1,0,1,0
INT_G001653,ENZ_G000684,CMP_G000678,1,S3_P450Rdb,1,1,B,1,1,0,1,0
INT_G001654,ENZ_G000684,CMP_G000679,1,S2_ESIBank|S8_PlantP450DB|S9_PCPD,3,3,B,1,0,0,1,0
INT_G001655,ENZ_G000685,CMP_G000805,1,S2_ESIBank|S3_P450Rdb|S8_PlantP450DB|S9_PCPD,4,4,B,1,1,0,1,0
INT_G001656,ENZ_G000686,CMP_G001620,1,S2_ESIBank|S3_P450Rdb|S9_PCPD,3,3,B,1,1,0,1,0
INT_G001657,ENZ_G000687,CMP_G000442,1,S8_PlantP450DB,1,1,B,1,0,0,1,0
INT_G001658,ENZ_G000688,CMP_G000738,1,S2_ESIBank|S3_P450Rdb|S8_PlantP450DB|S9_PCPD,4,4,B,1,1,0,2,0
INT_G001659,ENZ_G000688,CMP_G001073,1,S3_P450Rdb,1,1,B,1,1,0,1,0
INT_G001660,ENZ_G000688,CMP_G001266,1,S3_P450Rdb|S9_PCPD,2,2,B,1,1,0,1,0
INT_G001661,ENZ_G000689,CMP_G001284,1,S3_P450Rdb,1,1,B,1,1,0,1,0
INT_G001662,ENZ_G000689,CMP_G001285,1,S3_P450Rdb|S8_PlantP450DB|S9_PCPD,3,3,B,1,1,0,1,0
INT_G001663,ENZ_G000690,CMP_G000418,1,S3_P450Rdb,1,1,B,1,1,0,1,0
INT_G001664,ENZ_G000690,CMP_G000482,1,S3_P450Rdb,1,1,B,1,1,0,1,0
INT_G001665,ENZ_G000691,CMP_G000009,1,S3_P450Rdb,1,1,B,1,1,0,1,0
INT_G001666,ENZ_G000691,CMP_G000474,1,S3_P450Rdb,1,1,B,1,1,0,1,0
INT_G001667,ENZ_G000691,CMP_G001249,1,S3_P450Rdb,1,1,B,1,1,0,1,0
INT_G001668,ENZ_G000691,CMP_G001250,1,S9_PCPD,1,1,B,0,0,0,1,0
INT_G001669,ENZ_G000691,CMP_G001559,1,S3_P450Rdb,1,1,B,1,1,0,1,0
INT_G001670,ENZ_G000692,CMP_G001462,1,S9_PCPD,1,1,B,0,0,0,1,0
INT_G001671,ENZ_G000693,CMP_G001591,1,S9_PCPD,1,1,B,0,0,0,1,0
INT_G001672,ENZ_G000694,CMP_G001784,1,S9_PCPD,1,1,B,0,0,0,1,0
INT_G001673,ENZ_G000695,CMP_G000544,1,S9_PCPD,1,1,B,0,0,0,1,0
INT_G001674,ENZ_G000696,CMP_G001527,1,S2_ESIBank,1,1,B,0,0,0,1,0
INT_G001675,ENZ_G000697,CMP_G001527,1,S2_ESIBank,1,1,B,0,0,0,1,0
INT_G001676,ENZ_G000698,CMP_G000018,1,S9_PCPD,1,1,B,0,0,0,1,0
INT_G001677,ENZ_G000698,CMP_G000729,1,S3_P450Rdb,1,1,B,1,1,0,1,0
INT_G001678,ENZ_G000698,CMP_G001656,1,S3_P450Rdb,1,1,B,1,1,0,1,0
INT_G001679,ENZ_G000699,CMP_G000436,1,S3_P450Rdb|S8_PlantP450DB|S9_PCPD,3,3,B,1,1,0,1,0
INT_G001680,ENZ_G000699,CMP_G000738,1,S3_P450Rdb|S8_PlantP450DB|S9_PCPD,3,3,B,1,1,0,2,0
INT_G001681,ENZ_G000699,CMP_G001266,1,S3_P450Rdb|S9_PCPD,2,2,B,1,1,0,1,0
INT_G001682,ENZ_G000699,CMP_G001539,1,S3_P450Rdb|S9_PCPD,2,2,B,1,1,0,1,0
INT_G001683,ENZ_G000699,CMP_G001923,1,S3_P450Rdb|S9_PCPD,2,2,B,1,1,0,1,0
INT_G001684,ENZ_G000700,CMP_G001654,1,S8_PlantP450DB,1,1,B,1,0,0,1,0
INT_G001685,ENZ_G000701,CMP_G000751,1,S2_ESIBank|S9_PCPD,2,2,B,0,0,0,1,0
INT_G001686,ENZ_G000702,CMP_G001173,1,S3_P450Rdb,1,1,B,1,1,0,1,0
INT_G001687,ENZ_G000702,CMP_G001448,1,S3_P450Rdb|S9_PCPD,2,2,B,1,1,0,1,0
INT_G001688,ENZ_G000703,CMP_G001073,1,S2_ESIBank,1,1,B,0,0,0,1,0
INT_G001689,ENZ_G000704,CMP_G000173,1,S2_ESIBank,1,1,B,0,0,0,1,0
INT_G001690,ENZ_G000704,CMP_G000174,1,S3_P450Rdb,1,1,B,1,1,0,1,0
INT_G001691,ENZ_G000704,CMP_G001818,1,S2_ESIBank|S3_P450Rdb,2,2,B,1,1,0,2,0
INT_G001692,ENZ_G000705,CMP_G000174,1,S3_P450Rdb,1,1,B,1,1,0,1,0
INT_G001693,ENZ_G000705,CMP_G001818,1,S3_P450Rdb,1,1,B,1,1,0,1,0
INT_G001694,ENZ_G000706,CMP_G000347,1,S9_PCPD,1,1,B,0,0,0,1,0
INT_G001695,ENZ_G000706,CMP_G000849,1,S9_PCPD,1,1,B,0,0,0,1,0
INT_G001696,ENZ_G000707,CMP_G000643,1,S9_PCPD,1,1,B,0,0,0,1,0
INT_G001697,ENZ_G000708,CMP_G000973,1,S8_PlantP450DB,1,1,B,1,0,0,1,0
INT_G001698,ENZ_G000709,CMP_G000973,1,S2_ESIBank|S3_P450Rdb|S8_PlantP450DB|S9_PCPD,4,4,B,1,1,0,1,0
INT_G001699,ENZ_G000710,CMP_G000973,1,S2_ESIBank|S3_P450Rdb|S8_PlantP450DB|S9_PCPD,4,4,B,1,1,0,1,0
INT_G001700,ENZ_G000711,CMP_G000973,1,S8_PlantP450DB,1,1,B,1,0,0,1,0
INT_G001701,ENZ_G000712,CMP_G000511,1,S3_P450Rdb|S9_PCPD,2,2,B,1,1,0,1,0
INT_G001702,ENZ_G000713,CMP_G000146,1,S3_P450Rdb,1,1,B,1,1,0,1,0
INT_G001703,ENZ_G000713,CMP_G000466,1,S3_P450Rdb|S8_PlantP450DB,2,2,B,1,1,0,1,0
INT_G001704,ENZ_G000713,CMP_G000678,1,S3_P450Rdb,1,1,B,1,1,0,1,0
INT_G001705,ENZ_G000713,CMP_G000679,1,S8_PlantP450DB,1,1,B,1,0,0,1,0
INT_G001706,ENZ_G000713,CMP_G001639,1,S3_P450Rdb,1,1,B,1,1,0,1,0
INT_G001707,ENZ_G000714,CMP_G000607,1,S3_P450Rdb,1,1,B,1,0,0,1,0
INT_G001708,ENZ_G000715,CMP_G000740,1,S8_PlantP450DB,1,1,B,1,0,0,1,0
INT_G001709,ENZ_G000716,CMP_G001240,1,S9_PCPD,1,1,B,0,0,0,1,0
INT_G001710,ENZ_G000716,CMP_G001241,1,S3_P450Rdb,1,1,B,0,1,0,1,0
INT_G001711,ENZ_G000717,CMP_G000179,1,S2_ESIBank,1,1,B,0,0,0,1,0
INT_G001712,ENZ_G000717,CMP_G001870,1,S2_ESIBank,1,1,B,0,0,0,1,0
INT_G001713,ENZ_G000718,CMP_G000213,1,S3_P450Rdb,1,1,B,1,1,0,1,0
INT_G001714,ENZ_G000718,CMP_G000309,1,S3_P450Rdb,1,1,B,1,1,0,1,0
INT_G001715,ENZ_G000718,CMP_G000764,1,S3_P450Rdb,1,1,B,1,1,0,1,0
INT_G001716,ENZ_G000718,CMP_G000968,1,S3_P450Rdb,1,1,B,1,1,0,1,0
INT_G001717,ENZ_G000719,CMP_G000212,1,S3_P450Rdb,1,1,B,1,1,0,1,0
INT_G001718,ENZ_G000719,CMP_G000308,1,S3_P450Rdb,1,1,B,1,1,0,1,0
INT_G001719,ENZ_G000719,CMP_G000764,1,S3_P450Rdb|S8_PlantP450DB,2,2,B,1,1,0,1,0
INT_G001720,ENZ_G000719,CMP_G000968,1,S3_P450Rdb,1,1,B,1,1,0,1,0
INT_G001721,ENZ_G000719,CMP_G001684,1,S9_PCPD,1,1,B,0,0,0,1,0
INT_G001722,ENZ_G000720,CMP_G000987,1,S9_PCPD,1,1,B,0,0,0,1,0
INT_G001723,ENZ_G000721,CMP_G000760,1,S3_P450Rdb,1,1,B,1,1,0,1,0
INT_G001724,ENZ_G000722,CMP_G000727,1,S2_ESIBank,1,1,B,0,0,0,1,0
INT_G001725,ENZ_G000722,CMP_G000743,1,S2_ESIBank,1,1,B,0,0,0,1,0
INT_G001726,ENZ_G000722,CMP_G001444,1,S2_ESIBank,1,1,B,0,0,0,1,0
INT_G001727,ENZ_G000722,CMP_G001654,1,S2_ESIBank,1,1,B,0,0,0,1,0
INT_G001728,ENZ_G000723,CMP_G001024,1,S1_RCSB,1,1,A,0,0,1,1,0
INT_G001729,ENZ_G000724,CMP_G000156,1,S3_P450Rdb,1,1,B,1,1,0,1,0
INT_G001730,ENZ_G000724,CMP_G000222,1,S3_P450Rdb,1,1,B,1,1,0,1,0
INT_G001731,ENZ_G000724,CMP_G000873,1,S3_P450Rdb,1,1,B,1,1,0,2,0
INT_G001732,ENZ_G000724,CMP_G000904,1,S3_P450Rdb,1,1,B,1,1,0,1,0
INT_G001733,ENZ_G000724,CMP_G001024,1,S3_P450Rdb,1,1,B,1,1,0,1,0
INT_G001734,ENZ_G000724,CMP_G001082,1,S3_P450Rdb,1,1,B,1,1,0,3,0
INT_G001735,ENZ_G000724,CMP_G001507,1,S3_P450Rdb,1,1,B,1,1,0,1,0
INT_G001736,ENZ_G000724,CMP_G001573,1,S3_P450Rdb,1,1,B,1,1,0,1,0
INT_G001737,ENZ_G000724,CMP_G001648,1,S3_P450Rdb,1,1,B,1,1,0,1,0
INT_G001738,ENZ_G000724,CMP_G001795,1,S3_P450Rdb,1,1,B,1,1,0,1,0
INT_G001739,ENZ_G000724,CMP_G001951,1,S3_P450Rdb,1,1,B,1,1,0,1,0
INT_G001740,ENZ_G000724,CMP_G001998,1,S3_P450Rdb,1,1,B,1,1,0,1,0
INT_G001741,ENZ_G000724,CMP_G002011,1,S3_P450Rdb,1,1,B,1,1,0,7,0
INT_G001742,ENZ_G000724,CMP_G002087,1,S3_P450Rdb,1,1,B,1,1,0,1,0
INT_G001743,ENZ_G000725,CMP_G000066,1,S2_ESIBank,1,1,B,0,0,0,1,0
INT_G001744,ENZ_G000725,CMP_G000067,1,S2_ESIBank|S3_P450Rdb|S9_PCPD,3,3,B,1,1,0,1,0
INT_G001745,ENZ_G000725,CMP_G000674,1,S2_ESIBank|S3_P450Rdb|S9_PCPD,3,3,B,1,1,0,1,0
INT_G001746,ENZ_G000725,CMP_G001436,1,S9_PCPD,1,1,B,0,0,0,1,0
INT_G001747,ENZ_G000725,CMP_G001437,1,S3_P450Rdb,1,1,B,1,1,0,1,0
INT_G001748,ENZ_G000726,CMP_G000012,1,S3_P450Rdb,1,1,B,1,1,0,1,0
INT_G001749,ENZ_G000727,CMP_G000009,1,S3_P450Rdb,1,1,B,1,1,0,1,0
INT_G001750,ENZ_G000727,CMP_G000474,1,S3_P450Rdb,1,1,B,1,1,0,1,0
INT_G001751,ENZ_G000728,CMP_G000009,1,S3_P450Rdb,1,1,B,1,1,0,1,0
INT_G001752,ENZ_G000728,CMP_G000474,1,S3_P450Rdb,1,1,B,1,1,0,1,0
INT_G001753,ENZ_G000729,CMP_G000720,1,S2_ESIBank,1,1,B,0,0,0,1,0
INT_G001754,ENZ_G000729,CMP_G000975,1,S2_ESIBank,1,1,B,0,0,0,1,0
INT_G001755,ENZ_G000729,CMP_G001198,1,S2_ESIBank,1,1,B,0,0,0,1,0
INT_G001756,ENZ_G000730,CMP_G000748,1,S3_P450Rdb|S9_PCPD,2,2,B,1,1,0,1,0
INT_G001757,ENZ_G000730,CMP_G001814,1,S3_P450Rdb|S9_PCPD,2,2,B,1,1,0,1,0
INT_G001758,ENZ_G000731,CMP_G002049,1,S3_P450Rdb|S9_PCPD,2,2,B,1,1,0,1,0
INT_G001759,ENZ_G000732,CMP_G000294,1,S3_P450Rdb,1,1,B,1,1,0,1,0
INT_G001760,ENZ_G000732,CMP_G000378,1,S2_ESIBank,1,1,B,0,0,0,1,0
INT_G001761,ENZ_G000732,CMP_G000379,1,S3_P450Rdb,1,1,B,1,1,0,1,0
INT_G001762,ENZ_G000732,CMP_G000788,1,S2_ESIBank|S3_P450Rdb,2,2,B,1,1,0,1,0
INT_G001763,ENZ_G000732,CMP_G000789,1,S2_ESIBank,1,1,B,0,0,0,1,0
INT_G001764,ENZ_G000732,CMP_G000827,1,S3_P450Rdb,1,1,B,1,1,0,1,0
INT_G001765,ENZ_G000733,CMP_G000147,1,S8_PlantP450DB,1,1,B,1,0,0,1,0
INT_G001766,ENZ_G000733,CMP_G000530,1,S8_PlantP450DB|S9_PCPD,2,2,B,1,0,0,1,0
INT_G001767,ENZ_G000734,CMP_G000707,1,S9_PCPD,1,1,B,0,0,0,1,0
INT_G001768,ENZ_G000734,CMP_G000846,1,S2_ESIBank,1,1,B,0,0,0,1,0
INT_G001769,ENZ_G000734,CMP_G001067,1,S3_P450Rdb,1,1,B,1,1,0,1,0
INT_G001770,ENZ_G000734,CMP_G001068,1,S2_ESIBank|S8_PlantP450DB,2,2,B,1,0,0,1,0
INT_G001771,ENZ_G000734,CMP_G002038,1,S2_ESIBank,1,1,B,0,0,0,1,0
INT_G001772,ENZ_G000735,CMP_G000343,1,S2_ESIBank,1,1,B,0,0,0,1,0
INT_G001773,ENZ_G000735,CMP_G000668,1,S2_ESIBank,1,1,B,0,0,0,1,0
INT_G001774,ENZ_G000735,CMP_G001198,1,S2_ESIBank,1,1,B,0,0,0,1,0
INT_G001775,ENZ_G000735,CMP_G001250,1,S2_ESIBank|S8_PlantP450DB,2,2,B,1,0,0,1,0
INT_G001776,ENZ_G000735,CMP_G001560,1,S2_ESIBank,1,1,B,0,0,0,1,0
INT_G001777,ENZ_G000735,CMP_G002091,1,S8_PlantP450DB,1,1,B,1,0,0,1,0
INT_G001778,ENZ_G000736,CMP_G000061,1,S8_PlantP450DB,1,1,B,1,0,0,1,0
INT_G001779,ENZ_G000736,CMP_G001136,1,S8_PlantP450DB,1,1,B,1,0,0,1,0
INT_G001780,ENZ_G000737,CMP_G000235,1,S3_P450Rdb|S8_PlantP450DB,2,2,B,1,1,0,1,0
INT_G001781,ENZ_G000737,CMP_G000791,1,S8_PlantP450DB,1,1,B,1,0,0,1,0
INT_G001782,ENZ_G000737,CMP_G000855,1,S3_P450Rdb,1,1,B,1,1,0,1,0
INT_G001783,ENZ_G000737,CMP_G000916,1,S3_P450Rdb|S8_PlantP450DB|S9_PCPD,3,3,B,1,1,0,1,0
INT_G001784,ENZ_G000737,CMP_G000917,1,S3_P450Rdb,1,1,B,1,1,0,1,0
INT_G001785,ENZ_G000737,CMP_G000948,1,S8_PlantP450DB,1,1,B,1,0,0,1,0
INT_G001786,ENZ_G000737,CMP_G001273,1,S8_PlantP450DB,1,1,B,1,0,0,1,0
INT_G001787,ENZ_G000737,CMP_G001878,1,S8_PlantP450DB,1,1,B,1,0,0,1,0
INT_G001788,ENZ_G000738,CMP_G001753,1,S8_PlantP450DB,1,1,B,1,0,0,1,0
INT_G001789,ENZ_G000739,CMP_G000108,1,S3_P450Rdb,1,1,B,0,1,0,1,0
INT_G001790,ENZ_G000739,CMP_G000257,1,S3_P450Rdb,1,1,B,0,1,0,2,0
INT_G001791,ENZ_G000739,CMP_G000448,1,S3_P450Rdb,1,1,B,0,1,0,1,0
INT_G001792,ENZ_G000739,CMP_G000479,1,S3_P450Rdb,1,1,B,0,1,0,1,0
INT_G001793,ENZ_G000739,CMP_G001088,1,S3_P450Rdb,1,1,B,1,1,0,1,0
INT_G001794,ENZ_G000739,CMP_G001252,1,S3_P450Rdb,1,1,B,1,1,0,2,0
INT_G001795,ENZ_G000739,CMP_G001830,1,S3_P450Rdb,1,1,B,0,1,0,1,0
INT_G001796,ENZ_G000739,CMP_G001872,1,S3_P450Rdb,1,1,B,0,1,0,1,0
INT_G001797,ENZ_G000740,CMP_G000005,1,S3_P450Rdb,1,1,B,1,1,0,1,0
INT_G001798,ENZ_G000740,CMP_G000006,1,S3_P450Rdb,1,1,B,1,1,0,1,0
INT_G001799,ENZ_G000740,CMP_G000083,1,S3_P450Rdb,1,1,B,1,1,0,1,0
INT_G001800,ENZ_G000740,CMP_G000123,1,S3_P450Rdb,1,1,B,1,1,0,1,0
INT_G001801,ENZ_G000740,CMP_G000172,1,S3_P450Rdb,1,1,B,1,1,0,1,0
INT_G001802,ENZ_G000740,CMP_G000375,1,S3_P450Rdb,1,1,B,1,1,0,1,0
INT_G001803,ENZ_G000740,CMP_G000434,1,S3_P450Rdb,1,1,B,1,1,0,1,0
INT_G001804,ENZ_G000740,CMP_G000448,1,S3_P450Rdb,1,1,B,1,1,0,1,0
INT_G001805,ENZ_G000740,CMP_G000479,1,S3_P450Rdb,1,1,B,1,1,0,1,0
INT_G001806,ENZ_G000740,CMP_G000586,1,S3_P450Rdb,1,1,B,0,1,0,2,0
INT_G001807,ENZ_G000740,CMP_G000682,1,S1_RCSB|S3_P450Rdb,2,2,A,1,1,1,1,0
INT_G001808,ENZ_G000740,CMP_G000697,1,S3_P450Rdb,1,1,B,1,1,0,1,0
INT_G001809,ENZ_G000740,CMP_G000776,1,S3_P450Rdb,1,1,B,1,1,0,1,0
INT_G001810,ENZ_G000740,CMP_G000857,1,S3_P450Rdb,1,1,B,1,1,0,1,0
INT_G001811,ENZ_G000740,CMP_G001010,1,S3_P450Rdb,1,1,B,1,1,0,1,0
INT_G001812,ENZ_G000740,CMP_G001083,1,S3_P450Rdb,1,1,B,1,1,0,1,0
INT_G001813,ENZ_G000740,CMP_G001121,1,S3_P450Rdb,1,1,B,1,1,0,1,0
INT_G001814,ENZ_G000740,CMP_G001198,1,S3_P450Rdb,1,1,B,1,1,0,1,0
INT_G001815,ENZ_G000740,CMP_G001250,1,S3_P450Rdb,1,1,B,1,1,0,1,0
INT_G001816,ENZ_G000740,CMP_G001313,1,S3_P450Rdb,1,1,B,1,1,0,1,0
INT_G001817,ENZ_G000740,CMP_G001382,1,S3_P450Rdb,1,1,B,1,1,0,1,0
INT_G001818,ENZ_G000740,CMP_G001398,1,S3_P450Rdb,1,1,B,1,1,0,1,0
INT_G001819,ENZ_G000740,CMP_G001449,1,S3_P450Rdb,1,1,B,1,1,0,1,0
INT_G001820,ENZ_G000740,CMP_G001479,1,S1_RCSB,1,1,A,0,0,1,1,0
INT_G001821,ENZ_G000740,CMP_G001559,1,S3_P450Rdb,1,1,B,1,1,0,3,0
INT_G001822,ENZ_G000740,CMP_G001560,1,S3_P450Rdb,1,1,B,1,1,0,1,0
INT_G001823,ENZ_G000740,CMP_G001658,1,S3_P450Rdb,1,1,B,1,1,0,1,0
INT_G001824,ENZ_G000740,CMP_G001680,1,S3_P450Rdb,1,1,B,1,1,0,1,0
INT_G001825,ENZ_G000740,CMP_G001697,1,S3_P450Rdb,1,1,B,1,1,0,1,0
INT_G001826,ENZ_G000740,CMP_G001830,1,S3_P450Rdb,1,1,B,1,1,0,1,0
INT_G001827,ENZ_G000740,CMP_G001831,1,S3_P450Rdb,1,1,B,1,1,0,1,0
INT_G001828,ENZ_G000740,CMP_G001970,1,S3_P450Rdb,1,1,B,1,1,0,1,0
INT_G001829,ENZ_G000740,CMP_G002040,1,S3_P450Rdb,1,1,B,1,1,0,1,0
INT_G001830,ENZ_G000740,CMP_G002042,1,S3_P450Rdb,1,1,B,1,1,0,1,0
INT_G001831,ENZ_G000740,CMP_G002091,1,S3_P450Rdb,1,1,B,1,1,0,1,0
INT_G001832,ENZ_G000740,CMP_G002097,1,S3_P450Rdb,1,1,B,1,1,0,1,0
INT_G001833,ENZ_G000741,CMP_G001335,1,S3_P450Rdb,1,1,B,1,1,0,1,0
INT_G001834,ENZ_G000741,CMP_G001728,1,S3_P450Rdb,1,1,B,1,1,0,1,0
INT_G001835,ENZ_G000741,CMP_G001935,1,S3_P450Rdb,1,1,B,1,1,0,1,0
INT_G001836,ENZ_G000742,CMP_G000378,1,S2_ESIBank,1,1,B,0,0,0,1,0
INT_G001837,ENZ_G000742,CMP_G000379,1,S2_ESIBank|S3_P450Rdb|S9_PCPD,3,3,B,1,1,0,1,0
INT_G001838,ENZ_G000742,CMP_G000687,1,S2_ESIBank,1,1,B,0,0,0,1,0
INT_G001839,ENZ_G000742,CMP_G000788,1,S2_ESIBank|S3_P450Rdb|S9_PCPD,3,3,B,1,1,0,1,0
INT_G001840,ENZ_G000742,CMP_G000789,1,S2_ESIBank,1,1,B,0,0,0,1,0
INT_G001841,ENZ_G000742,CMP_G000827,1,S2_ESIBank,1,1,B,0,0,0,1,0
INT_G001842,ENZ_G000742,CMP_G001139,1,S2_ESIBank,1,1,B,0,0,0,1,0
INT_G001843,ENZ_G000743,CMP_G000788,1,S2_ESIBank,1,1,B,0,0,0,1,0
INT_G001844,ENZ_G000743,CMP_G000789,1,S2_ESIBank,1,1,B,0,0,0,1,0
INT_G001845,ENZ_G000744,CMP_G001249,1,S3_P450Rdb|S9_PCPD,2,2,B,1,1,0,2,0
INT_G001846,ENZ_G000744,CMP_G002026,1,S3_P450Rdb|S9_PCPD,2,2,B,1,1,0,1,0
INT_G001847,ENZ_G000745,CMP_G000818,1,S3_P450Rdb|S9_PCPD,2,2,B,1,1,0,1,0
INT_G001848,ENZ_G000745,CMP_G001498,1,S3_P450Rdb|S9_PCPD,2,2,B,1,1,0,2,0
INT_G001849,ENZ_G000746,CMP_G000068,1,S3_P450Rdb,1,1,B,1,1,0,1,0
INT_G001850,ENZ_G000746,CMP_G001140,1,S3_P450Rdb,1,1,B,1,1,0,1,0
INT_G001851,ENZ_G000746,CMP_G001249,1,S3_P450Rdb,1,1,B,1,1,0,2,0
INT_G001852,ENZ_G000746,CMP_G001375,1,S3_P450Rdb,1,1,B,1,1,0,1,0
INT_G001853,ENZ_G000746,CMP_G001403,1,S3_P450Rdb,1,1,B,1,1,0,1,0
INT_G001854,ENZ_G000746,CMP_G001538,1,S2_ESIBank,1,1,B,0,0,0,1,0
INT_G001855,ENZ_G000747,CMP_G000708,1,S3_P450Rdb|S8_PlantP450DB,2,2,B,1,1,0,1,0
INT_G001856,ENZ_G000747,CMP_G001744,1,S3_P450Rdb|S8_PlantP450DB,2,2,B,1,1,0,1,0
INT_G001857,ENZ_G000748,CMP_G000442,1,S8_PlantP450DB,1,2,B,1,0,0,1,0
INT_G001858,ENZ_G000748,CMP_G000447,1,S8_PlantP450DB,1,1,B,1,0,0,1,0
INT_G001859,ENZ_G000748,CMP_G001576,1,S8_PlantP450DB,1,1,B,1,0,0,1,0
INT_G001860,ENZ_G000749,CMP_G000091,1,S2_ESIBank|S3_P450Rdb,2,2,B,1,1,0,1,0
INT_G001861,ENZ_G000749,CMP_G000256,1,S2_ESIBank,1,1,B,0,0,0,1,0
INT_G001862,ENZ_G000749,CMP_G001564,1,S2_ESIBank|S3_P450Rdb|S9_PCPD,3,3,B,1,1,0,2,0
INT_G001863,ENZ_G000749,CMP_G001565,1,S2_ESIBank|S3_P450Rdb|S8_PlantP450DB,3,3,B,1,1,0,1,0
INT_G001864,ENZ_G000749,CMP_G001683,1,S2_ESIBank,1,1,B,0,0,0,1,0
INT_G001865,ENZ_G000750,CMP_G000526,1,S8_PlantP450DB,1,1,B,1,0,0,1,0
INT_G001866,ENZ_G000751,CMP_G002076,1,S3_P450Rdb|S8_PlantP450DB,2,2,B,1,1,0,1,0
INT_G001867,ENZ_G000752,CMP_G001369,1,S2_ESIBank|S3_P450Rdb|S8_PlantP450DB,3,3,B,1,1,0,1,0
INT_G001868,ENZ_G000752,CMP_G002013,1,S2_ESIBank|S3_P450Rdb|S9_PCPD,3,3,B,1,1,0,1,0
INT_G001869,ENZ_G000753,CMP_G001498,1,S3_P450Rdb|S9_PCPD,2,2,B,1,1,0,2,0
INT_G001870,ENZ_G000754,CMP_G000194,1,S8_PlantP450DB,1,1,B,1,0,0,1,0
INT_G001871,ENZ_G000754,CMP_G000497,1,S8_PlantP450DB,1,1,B,1,0,0,1,0
INT_G001872,ENZ_G000754,CMP_G001330,1,S9_PCPD,1,1,B,0,0,0,1,0
INT_G001873,ENZ_G000755,CMP_G000193,1,S3_P450Rdb,1,1,B,1,0,0,1,0
INT_G001874,ENZ_G000755,CMP_G000194,1,S8_PlantP450DB|S9_PCPD,2,2,B,1,0,0,1,0
INT_G001875,ENZ_G000756,CMP_G000194,1,S8_PlantP450DB,1,1,B,1,0,0,1,0
INT_G001876,ENZ_G000756,CMP_G001330,1,S9_PCPD,1,1,B,0,0,0,1,0
INT_G001877,ENZ_G000757,CMP_G000192,1,S8_PlantP450DB,1,1,B,1,0,0,1,0
INT_G001878,ENZ_G000757,CMP_G000193,1,S8_PlantP450DB,1,1,B,1,0,0,1,0
INT_G001879,ENZ_G000757,CMP_G000194,1,S9_PCPD,1,1,B,0,0,0,1,0
INT_G001880,ENZ_G000758,CMP_G000887,1,S3_P450Rdb|S8_PlantP450DB|S9_PCPD,3,3,B,1,1,0,1,0
INT_G001881,ENZ_G000758,CMP_G002049,1,S3_P450Rdb,1,1,B,1,1,0,1,0
INT_G001882,ENZ_G000759,CMP_G000887,1,S2_ESIBank|S3_P450Rdb|S8_PlantP450DB,3,3,B,1,1,0,1,0
INT_G001883,ENZ_G000759,CMP_G001491,1,S2_ESIBank,1,1,B,0,0,0,1,0
INT_G001884,ENZ_G000759,CMP_G001493,1,S8_PlantP450DB|S9_PCPD,2,2,B,1,0,0,1,0
INT_G001885,ENZ_G000759,CMP_G001494,1,S2_ESIBank|S3_P450Rdb,2,2,B,1,1,0,1,0
INT_G001886,ENZ_G000759,CMP_G002049,1,S2_ESIBank|S3_P450Rdb,2,2,B,1,1,0,1,0
INT_G001887,ENZ_G000760,CMP_G000151,1,S3_P450Rdb|S8_PlantP450DB,2,2,B,1,1,0,1,0
INT_G001888,ENZ_G000761,CMP_G000151,1,S2_ESIBank|S8_PlantP450DB,2,2,B,1,0,0,1,0
INT_G001889,ENZ_G000762,CMP_G000071,1,S3_P450Rdb|S8_PlantP450DB,2,2,B,1,1,0,1,0
INT_G001890,ENZ_G000762,CMP_G000490,1,S3_P450Rdb,1,1,B,1,1,0,1,0
INT_G001891,ENZ_G000762,CMP_G000607,1,S1_RCSB|S3_P450Rdb|S8_PlantP450DB,3,3,A,1,1,1,1,0
INT_G001892,ENZ_G000762,CMP_G000887,1,S3_P450Rdb|S8_PlantP450DB,2,2,B,1,1,0,1,0
INT_G001893,ENZ_G000762,CMP_G001040,1,S3_P450Rdb,1,1,B,1,1,0,1,0
INT_G001894,ENZ_G000762,CMP_G001340,1,S8_PlantP450DB,1,1,B,1,0,0,1,0
INT_G001895,ENZ_G000762,CMP_G001372,1,S3_P450Rdb,1,1,B,1,1,0,1,0
INT_G001896,ENZ_G000762,CMP_G001490,1,S3_P450Rdb|S8_PlantP450DB|S9_PCPD,3,3,B,1,1,0,1,0
INT_G001897,ENZ_G000762,CMP_G001748,1,S3_P450Rdb,1,1,B,1,1,0,1,0
INT_G001898,ENZ_G000762,CMP_G001865,1,S3_P450Rdb,1,1,B,1,1,0,1,0
INT_G001899,ENZ_G000763,CMP_G000255,1,S3_P450Rdb,1,1,B,1,1,0,1,0
INT_G001900,ENZ_G000763,CMP_G000256,1,S2_ESIBank,1,1,B,0,0,0,1,0
INT_G001901,ENZ_G000763,CMP_G001278,1,S2_ESIBank,1,1,B,0,0,0,1,0
INT_G001902,ENZ_G000763,CMP_G001450,1,S2_ESIBank,1,1,B,0,0,0,1,0
INT_G001903,ENZ_G000763,CMP_G001564,1,S2_ESIBank,1,1,B,0,0,0,1,0
INT_G001904,ENZ_G000763,CMP_G001927,1,S2_ESIBank,1,1,B,0,0,0,1,0
INT_G001905,ENZ_G000763,CMP_G001966,1,S2_ESIBank,1,1,B,0,0,0,1,0
INT_G001906,ENZ_G000763,CMP_G002075,1,S3_P450Rdb,1,1,B,1,1,0,1,0
INT_G001907,ENZ_G000763,CMP_G002076,1,S2_ESIBank|S8_PlantP450DB,2,2,B,1,0,0,1,0
INT_G001908,ENZ_G000764,CMP_G000181,1,S2_ESIBank,1,1,B,0,0,0,1,0
INT_G001909,ENZ_G000764,CMP_G000182,1,S3_P450Rdb,1,1,B,1,1,0,1,0
INT_G001910,ENZ_G000764,CMP_G000412,1,S2_ESIBank|S3_P450Rdb,2,2,B,1,1,0,1,0
INT_G001911,ENZ_G000764,CMP_G000460,1,S2_ESIBank,1,1,B,0,0,0,1,0
INT_G001912,ENZ_G000764,CMP_G000461,1,S3_P450Rdb,1,1,B,1,1,0,1,0
INT_G001913,ENZ_G000764,CMP_G000669,1,S2_ESIBank|S3_P450Rdb|S9_PCPD,3,3,B,1,1,0,1,0
INT_G001914,ENZ_G000764,CMP_G000676,1,S2_ESIBank,1,1,B,0,0,0,1,0
INT_G001915,ENZ_G000764,CMP_G001177,1,S3_P450Rdb,1,1,B,1,1,0,1,0
INT_G001916,ENZ_G000764,CMP_G001290,1,S3_P450Rdb,1,1,B,1,1,0,1,0
INT_G001917,ENZ_G000764,CMP_G001304,1,S3_P450Rdb,1,1,B,1,1,0,1,0
INT_G001918,ENZ_G000765,CMP_G000237,1,S3_P450Rdb|S9_PCPD,2,2,B,1,1,0,1,0
INT_G001919,ENZ_G000766,CMP_G000682,1,S8_PlantP450DB,1,1,B,1,0,0,1,0
INT_G001920,ENZ_G000766,CMP_G001250,1,S8_PlantP450DB,1,1,B,1,0,0,1,0
INT_G001921,ENZ_G000766,CMP_G002091,1,S8_PlantP450DB,1,1,B,1,0,0,1,0
INT_G001922,ENZ_G000767,CMP_G000751,1,S8_PlantP450DB|S9_PCPD,2,2,B,1,0,0,1,0
INT_G001923,ENZ_G000768,CMP_G000343,1,S8_PlantP450DB,1,1,B,1,0,0,1,0
INT_G001924,ENZ_G000768,CMP_G000668,1,S8_PlantP450DB,1,1,B,1,0,0,1,0
INT_G001925,ENZ_G000768,CMP_G000682,1,S8_PlantP450DB,1,1,B,1,0,0,1,0
INT_G001926,ENZ_G000768,CMP_G001198,1,S8_PlantP450DB,1,1,B,1,0,0,1,0
INT_G001927,ENZ_G000768,CMP_G001250,1,S8_PlantP450DB,1,1,B,1,0,0,1,0
INT_G001928,ENZ_G000768,CMP_G001560,1,S8_PlantP450DB,1,1,B,1,0,0,1,0
INT_G001929,ENZ_G000768,CMP_G001662,1,S8_PlantP450DB,1,1,B,1,0,0,1,0
INT_G001930,ENZ_G000768,CMP_G002091,1,S8_PlantP450DB,1,1,B,1,0,0,1,0
INT_G001931,ENZ_G000769,CMP_G001315,1,S8_PlantP450DB,1,1,B,1,0,0,1,0
INT_G001932,ENZ_G000770,CMP_G001315,1,S3_P450Rdb|S8_PlantP450DB,2,2,B,1,1,0,1,0
INT_G001933,ENZ_G000771,CMP_G001753,1,S8_PlantP450DB,1,1,B,1,0,0,1,0
INT_G001934,ENZ_G000772,CMP_G000442,1,S8_PlantP450DB,1,1,B,1,0,0,1,0
INT_G001935,ENZ_G000772,CMP_G000447,1,S3_P450Rdb,1,1,B,1,1,0,1,0
INT_G001936,ENZ_G000772,CMP_G000890,1,S8_PlantP450DB,1,1,B,1,0,0,1,0
INT_G001937,ENZ_G000773,CMP_G000070,1,S1_RCSB,1,1,A,0,0,1,1,0
INT_G001938,ENZ_G000773,CMP_G000190,1,S3_P450Rdb,1,1,B,1,1,0,2,0
INT_G001939,ENZ_G000773,CMP_G000204,1,S3_P450Rdb,1,1,B,1,1,0,1,0
INT_G001940,ENZ_G000773,CMP_G000362,1,S3_P450Rdb,1,1,B,1,1,0,4,0
INT_G001941,ENZ_G000773,CMP_G000363,1,S1_RCSB,1,1,A,0,0,1,1,0
INT_G001942,ENZ_G000773,CMP_G000572,1,S3_P450Rdb,1,1,B,1,1,0,2,0
INT_G001943,ENZ_G000773,CMP_G000597,1,S3_P450Rdb,1,1,B,1,1,0,1,0
INT_G001944,ENZ_G000773,CMP_G000659,1,S3_P450Rdb,1,1,B,1,1,0,2,0
INT_G001945,ENZ_G000773,CMP_G000703,1,S1_RCSB,1,1,A,0,0,1,1,0
INT_G001946,ENZ_G000773,CMP_G000888,1,S1_RCSB,1,1,A,0,0,1,1,0
INT_G001947,ENZ_G000773,CMP_G000965,1,S1_RCSB,1,1,A,0,0,1,1,0
INT_G001948,ENZ_G000773,CMP_G000966,1,S3_P450Rdb,1,1,B,1,0,0,1,0
INT_G001949,ENZ_G000773,CMP_G001011,1,S1_RCSB,1,1,A,0,0,1,1,0
INT_G001950,ENZ_G000773,CMP_G001053,1,S3_P450Rdb,1,1,B,1,1,0,2,0
INT_G001951,ENZ_G000773,CMP_G001193,1,S3_P450Rdb,1,1,B,1,1,0,3,0
INT_G001952,ENZ_G000773,CMP_G001194,1,S3_P450Rdb,1,1,B,1,1,0,2,0
INT_G001953,ENZ_G000773,CMP_G001195,1,S1_RCSB,1,1,A,0,0,1,1,0
INT_G001954,ENZ_G000773,CMP_G001325,1,S3_P450Rdb,1,1,B,1,0,0,1,0
INT_G001955,ENZ_G000773,CMP_G001546,1,S3_P450Rdb,1,1,B,1,0,0,1,0
INT_G001956,ENZ_G000773,CMP_G001647,1,S3_P450Rdb,1,1,B,1,1,0,1,0
INT_G001957,ENZ_G000773,CMP_G001757,1,S3_P450Rdb,1,1,B,1,1,0,1,0
INT_G001958,ENZ_G000773,CMP_G001940,1,S3_P450Rdb,1,1,B,1,1,0,1,0
INT_G001959,ENZ_G000773,CMP_G002103,1,S1_RCSB,1,1,A,0,0,1,1,0
INT_G001960,ENZ_G000774,CMP_G001249,1,S3_P450Rdb|S9_PCPD,2,2,B,1,1,0,2,0
INT_G001961,ENZ_G000775,CMP_G000066,1,S2_ESIBank,1,1,B,0,0,0,1,0
INT_G001962,ENZ_G000775,CMP_G000607,1,S2_ESIBank,1,1,B,0,0,0,1,0
INT_G001963,ENZ_G000775,CMP_G000674,1,S2_ESIBank,1,1,B,0,0,0,1,0
INT_G001964,ENZ_G000776,CMP_G001569,1,S3_P450Rdb,1,1,B,1,1,0,1,0
INT_G001965,ENZ_G000777,CMP_G000023,1,S3_P450Rdb,1,1,B,0,1,0,1,0
INT_G001966,ENZ_G000777,CMP_G000214,1,S3_P450Rdb,1,1,B,1,1,0,1,0
INT_G001967,ENZ_G000777,CMP_G000361,1,S3_P450Rdb,1,1,B,1,1,0,1,0
INT_G001968,ENZ_G000777,CMP_G000656,1,S3_P450Rdb,1,1,B,1,1,0,1,0
INT_G001969,ENZ_G000777,CMP_G000673,1,S3_P450Rdb,1,1,B,0,1,0,1,0
INT_G001970,ENZ_G000777,CMP_G001091,1,S3_P450Rdb,1,1,B,1,1,0,1,0
INT_G001971,ENZ_G000777,CMP_G001265,1,S3_P450Rdb,1,1,B,0,1,0,1,0
INT_G001972,ENZ_G000777,CMP_G001765,1,S3_P450Rdb,1,1,B,1,1,0,1,0
INT_G001973,ENZ_G000777,CMP_G002102,1,S3_P450Rdb,1,1,B,0,1,0,1,0
INT_G001974,ENZ_G000778,CMP_G000493,1,S1_RCSB,1,1,A,0,0,1,1,0
INT_G001975,ENZ_G000778,CMP_G000601,1,S1_RCSB,1,1,A,0,0,1,1,0
INT_G001976,ENZ_G000778,CMP_G001196,1,S3_P450Rdb,1,1,B,0,1,0,1,0
INT_G001977,ENZ_G000778,CMP_G001212,1,S3_P450Rdb,1,1,B,0,1,0,1,0
INT_G001978,ENZ_G000778,CMP_G001229,1,S1_RCSB,1,1,A,0,0,1,1,0
INT_G001979,ENZ_G000778,CMP_G001326,1,S3_P450Rdb,1,1,B,0,1,0,1,0
INT_G001980,ENZ_G000779,CMP_G000287,1,S1_RCSB,1,1,A,0,0,1,1,0
INT_G001981,ENZ_G000779,CMP_G000865,1,S1_RCSB,1,1,A,0,0,1,1,0
INT_G001982,ENZ_G000780,CMP_G000016,1,S3_P450Rdb,1,1,B,1,1,0,1,0
INT_G001983,ENZ_G000780,CMP_G000017,1,S1_RCSB|S3_P450Rdb,2,2,A,1,1,1,1,0
INT_G001984,ENZ_G000780,CMP_G000113,1,S1_RCSB|S3_P450Rdb,2,2,A,1,1,1,1,0
INT_G001985,ENZ_G000780,CMP_G000196,1,S3_P450Rdb,1,1,B,1,1,0,1,0
INT_G001986,ENZ_G000780,CMP_G000223,1,S3_P450Rdb,1,1,B,0,1,0,2,0
INT_G001987,ENZ_G000780,CMP_G000336,1,S3_P450Rdb|S9_PCPD,2,2,B,0,1,0,2,0
INT_G001988,ENZ_G000780,CMP_G000337,1,S1_RCSB|S3_P450Rdb,2,2,A,0,1,1,1,0
INT_G001989,ENZ_G000780,CMP_G000519,1,S1_RCSB,1,1,A,0,0,1,1,0
INT_G001990,ENZ_G000780,CMP_G000712,1,S1_RCSB,1,1,A,0,0,1,1,0
INT_G001991,ENZ_G000780,CMP_G000762,1,S3_P450Rdb,1,1,B,1,1,0,1,0
INT_G001992,ENZ_G000780,CMP_G000851,1,S3_P450Rdb,1,1,B,0,1,0,1,0
INT_G001993,ENZ_G000780,CMP_G000859,1,S1_RCSB,1,1,A,0,0,1,1,0
INT_G001994,ENZ_G000780,CMP_G000860,1,S3_P450Rdb,1,1,B,0,1,0,1,0
INT_G001995,ENZ_G000780,CMP_G000934,1,S3_P450Rdb,1,1,B,0,1,0,1,0
INT_G001996,ENZ_G000780,CMP_G001175,1,S1_RCSB|S3_P450Rdb,2,2,A,1,1,1,1,0
INT_G001997,ENZ_G000780,CMP_G001351,1,S3_P450Rdb,1,1,B,0,1,0,1,0
INT_G001998,ENZ_G000780,CMP_G001365,1,S3_P450Rdb,1,1,B,1,1,0,1,0
INT_G001999,ENZ_G000780,CMP_G001391,1,S3_P450Rdb,1,1,B,1,1,0,1,0
INT_G002000,ENZ_G000780,CMP_G001619,1,S3_P450Rdb,1,1,B,1,1,0,1,0
INT_G002001,ENZ_G000780,CMP_G001668,1,S3_P450Rdb,1,1,B,1,1,0,1,0
INT_G002002,ENZ_G000780,CMP_G001685,1,S3_P450Rdb,1,1,B,1,1,0,1,0
INT_G002003,ENZ_G000780,CMP_G001790,1,S3_P450Rdb,1,1,B,1,1,0,1,0
INT_G002004,ENZ_G000780,CMP_G001875,1,S3_P450Rdb,1,1,B,1,1,0,1,0
INT_G002005,ENZ_G000780,CMP_G001914,1,S3_P450Rdb,1,1,B,1,1,0,1,0
INT_G002006,ENZ_G000780,CMP_G002120,1,S3_P450Rdb,1,1,B,0,1,0,1,0
INT_G002007,ENZ_G000781,CMP_G000046,1,S3_P450Rdb,1,1,B,1,1,0,1,0
INT_G002008,ENZ_G000781,CMP_G000427,1,S3_P450Rdb,1,1,B,1,1,0,1,0
INT_G002009,ENZ_G000781,CMP_G000441,1,S3_P450Rdb,1,1,B,1,1,0,1,0
INT_G002010,ENZ_G000781,CMP_G000713,1,S3_P450Rdb,1,1,B,1,1,0,1,0
INT_G002011,ENZ_G000781,CMP_G000890,1,S3_P450Rdb,1,1,B,1,1,0,1,0
INT_G002012,ENZ_G000781,CMP_G001433,1,S3_P450Rdb,1,1,B,1,1,0,1,0
INT_G002013,ENZ_G000781,CMP_G001615,1,S3_P450Rdb,1,1,B,1,1,0,2,0
INT_G002014,ENZ_G000781,CMP_G001667,1,S3_P450Rdb,1,1,B,1,1,0,1,0
INT_G002015,ENZ_G000781,CMP_G002026,1,S3_P450Rdb|S9_PCPD,2,2,B,1,1,0,4,0
INT_G002016,ENZ_G000782,CMP_G000607,1,S2_ESIBank|S3_P450Rdb,2,2,B,1,1,0,2,0
INT_G002017,ENZ_G000782,CMP_G000694,1,S3_P450Rdb,1,1,B,1,1,0,1,0
INT_G002018,ENZ_G000782,CMP_G001463,1,S3_P450Rdb,1,1,B,1,1,0,1,0
INT_G002019,ENZ_G000783,CMP_G000024,1,S2_ESIBank,1,1,B,0,0,0,1,0
INT_G002020,ENZ_G000783,CMP_G000117,1,S2_ESIBank,1,1,B,0,0,0,1,0
INT_G002021,ENZ_G000783,CMP_G000153,1,S2_ESIBank,1,1,B,0,0,0,1,0
INT_G002022,ENZ_G000783,CMP_G000279,1,S2_ESIBank|S3_P450Rdb,2,2,B,1,1,0,1,0
INT_G002023,ENZ_G000783,CMP_G000899,1,S2_ESIBank,1,1,B,0,0,0,1,0
INT_G002024,ENZ_G000783,CMP_G001177,1,S2_ESIBank,1,1,B,0,0,0,1,0
INT_G002025,ENZ_G000783,CMP_G001405,1,S3_P450Rdb,1,1,B,1,1,0,1,0
INT_G002026,ENZ_G000783,CMP_G001832,1,S2_ESIBank,1,1,B,0,0,0,1,0
INT_G002027,ENZ_G000784,CMP_G000573,1,S3_P450Rdb,1,1,B,0,1,0,2,0
INT_G002028,ENZ_G000784,CMP_G001140,1,S3_P450Rdb,1,1,B,1,1,0,1,0
INT_G002029,ENZ_G000784,CMP_G001252,1,S3_P450Rdb,1,1,B,0,1,0,1,0
INT_G002030,ENZ_G000784,CMP_G001351,1,S3_P450Rdb,1,1,B,0,1,0,4,0
INT_G002031,ENZ_G000784,CMP_G001985,1,S3_P450Rdb,1,2,B,1,1,0,3,0
INT_G002032,ENZ_G000785,CMP_G000009,1,S3_P450Rdb,1,1,B,1,1,0,1,0
INT_G002033,ENZ_G000785,CMP_G000019,1,S1_RCSB,1,1,A,0,0,1,1,0
INT_G002034,ENZ_G000785,CMP_G000115,1,S3_P450Rdb,1,1,B,1,1,0,1,0
INT_G002035,ENZ_G000785,CMP_G000325,1,S3_P450Rdb,1,1,B,1,1,0,5,0
INT_G002036,ENZ_G000785,CMP_G000425,1,S3_P450Rdb,1,1,B,1,1,0,1,0
INT_G002037,ENZ_G000785,CMP_G000720,1,S3_P450Rdb,1,1,B,1,1,0,2,0
INT_G002038,ENZ_G000785,CMP_G000726,1,S3_P450Rdb,1,1,B,1,1,0,1,0
INT_G002039,ENZ_G000785,CMP_G000757,1,S3_P450Rdb,1,1,B,1,1,0,1,0
INT_G002040,ENZ_G000785,CMP_G000974,1,S3_P450Rdb,1,1,B,1,1,0,2,0
INT_G002041,ENZ_G000785,CMP_G001045,1,S3_P450Rdb,1,1,B,1,1,0,1,0
INT_G002042,ENZ_G000785,CMP_G001622,1,S3_P450Rdb,1,1,B,1,1,0,1,0
INT_G002043,ENZ_G000785,CMP_G001719,1,S3_P450Rdb,1,1,B,1,1,0,5,0
INT_G002044,ENZ_G000785,CMP_G002026,1,S3_P450Rdb,1,1,B,1,1,0,8,0
INT_G002045,ENZ_G000785,CMP_G002027,1,S3_P450Rdb,1,1,B,1,1,0,3,0
INT_G002046,ENZ_G000785,CMP_G002060,1,S1_RCSB,1,1,A,0,0,1,1,0
INT_G002047,ENZ_G000785,CMP_G002065,1,S3_P450Rdb,1,1,B,1,1,0,1,0
INT_G002048,ENZ_G000786,CMP_G000463,1,S3_P450Rdb,1,1,B,1,1,0,1,0
INT_G002049,ENZ_G000787,CMP_G000030,1,S3_P450Rdb,1,1,B,1,1,0,1,0
INT_G002050,ENZ_G000787,CMP_G000081,1,S2_ESIBank,1,1,B,0,0,0,1,0
INT_G002051,ENZ_G000787,CMP_G000252,1,S3_P450Rdb,1,1,B,1,1,0,1,0
INT_G002052,ENZ_G000787,CMP_G000279,1,S2_ESIBank|S3_P450Rdb,2,2,B,1,1,0,2,0
INT_G002053,ENZ_G000787,CMP_G000352,1,S2_ESIBank,1,1,B,0,0,0,1,0
INT_G002054,ENZ_G000787,CMP_G000412,1,S3_P450Rdb,1,1,B,1,1,0,1,0
INT_G002055,ENZ_G000787,CMP_G000476,1,S2_ESIBank,1,1,B,0,0,0,1,0
INT_G002056,ENZ_G000787,CMP_G000733,1,S2_ESIBank|S3_P450Rdb,2,2,B,1,1,0,1,0
INT_G002057,ENZ_G000787,CMP_G000781,1,S3_P450Rdb,1,1,B,1,1,0,1,0
INT_G002058,ENZ_G000787,CMP_G000787,1,S3_P450Rdb,1,1,B,1,1,0,1,0
INT_G002059,ENZ_G000787,CMP_G000923,1,S2_ESIBank,1,1,B,0,0,0,1,0
INT_G002060,ENZ_G000787,CMP_G001172,1,S2_ESIBank,1,1,B,0,0,0,1,0
INT_G002061,ENZ_G000787,CMP_G001177,1,S3_P450Rdb,1,1,B,1,1,0,1,0
INT_G002062,ENZ_G000787,CMP_G001357,1,S2_ESIBank,1,1,B,0,0,0,1,0
INT_G002063,ENZ_G000787,CMP_G001405,1,S3_P450Rdb,1,1,B,1,1,0,1,0
INT_G002064,ENZ_G000787,CMP_G001586,1,S2_ESIBank,1,1,B,0,0,0,1,0
INT_G002065,ENZ_G000787,CMP_G001643,1,S2_ESIBank,1,1,B,0,0,0,1,0
INT_G002066,ENZ_G000787,CMP_G001726,1,S2_ESIBank,1,1,B,0,0,0,1,0
INT_G002067,ENZ_G000787,CMP_G001892,1,S2_ESIBank,1,1,B,0,0,0,1,0
INT_G002068,ENZ_G000787,CMP_G001973,1,S2_ESIBank,1,1,B,0,0,0,1,0
INT_G002069,ENZ_G000788,CMP_G000607,1,S1_RCSB|S3_P450Rdb|S9_PCPD,3,3,A,1,1,1,2,0
INT_G002070,ENZ_G000788,CMP_G000694,1,S1_RCSB|S3_P450Rdb,2,2,A,1,1,1,1,0
INT_G002071,ENZ_G000788,CMP_G000978,1,S1_RCSB,1,1,A,0,0,1,1,0
INT_G002072,ENZ_G000788,CMP_G001463,1,S3_P450Rdb,1,1,B,1,1,0,1,0
INT_G002073,ENZ_G000789,CMP_G000009,1,S3_P450Rdb,1,1,B,1,1,0,1,0
INT_G002074,ENZ_G000789,CMP_G000115,1,S3_P450Rdb,1,1,B,1,1,0,1,0
INT_G002075,ENZ_G000789,CMP_G000325,1,S3_P450Rdb,1,1,B,1,1,0,2,0
INT_G002076,ENZ_G000789,CMP_G000350,1,S3_P450Rdb,1,1,B,1,0,0,4,0
INT_G002077,ENZ_G000789,CMP_G000425,1,S3_P450Rdb,1,1,B,1,1,0,1,0
INT_G002078,ENZ_G000789,CMP_G000607,1,S3_P450Rdb,1,1,B,1,1,0,1,0
INT_G002079,ENZ_G000789,CMP_G000611,1,S3_P450Rdb,1,1,B,1,0,0,2,0
INT_G002080,ENZ_G000789,CMP_G000720,1,S3_P450Rdb,1,1,B,1,1,0,1,0
INT_G002081,ENZ_G000789,CMP_G000726,1,S3_P450Rdb,1,1,B,1,1,0,1,0
INT_G002082,ENZ_G000789,CMP_G000757,1,S3_P450Rdb,1,1,B,1,1,0,1,0
INT_G002083,ENZ_G000789,CMP_G000974,1,S3_P450Rdb,1,1,B,1,1,0,1,0
INT_G002084,ENZ_G000789,CMP_G001045,1,S3_P450Rdb,1,1,B,1,1,0,1,0
INT_G002085,ENZ_G000789,CMP_G001197,1,S3_P450Rdb,1,1,B,1,1,0,1,0
INT_G002086,ENZ_G000789,CMP_G001719,1,S3_P450Rdb,1,1,B,1,1,0,2,0
INT_G002087,ENZ_G000789,CMP_G001776,1,S3_P450Rdb,1,1,B,1,1,0,1,0
INT_G002088,ENZ_G000789,CMP_G002026,1,S3_P450Rdb,1,1,B,1,1,0,4,0
INT_G002089,ENZ_G000789,CMP_G002065,1,S3_P450Rdb,1,1,B,1,1,0,1,0
INT_G002090,ENZ_G000790,CMP_G000009,1,S3_P450Rdb,1,1,B,1,1,0,1,0
INT_G002091,ENZ_G000790,CMP_G000164,1,S3_P450Rdb,1,1,B,1,1,0,1,0
INT_G002092,ENZ_G000790,CMP_G000720,1,S3_P450Rdb,1,1,B,1,1,0,1,0
INT_G002093,ENZ_G000790,CMP_G000974,1,S3_P450Rdb,1,1,B,1,1,0,1,0
INT_G002094,ENZ_G000790,CMP_G001212,1,S9_PCPD,1,1,B,0,0,0,1,0
INT_G002095,ENZ_G000790,CMP_G001249,1,S3_P450Rdb,1,1,B,1,1,0,1,0
INT_G002096,ENZ_G000790,CMP_G001559,1,S3_P450Rdb,1,1,B,1,1,0,1,0
INT_G002097,ENZ_G000790,CMP_G001622,1,S3_P450Rdb,1,1,B,1,1,0,1,0
INT_G002098,ENZ_G000791,CMP_G001535,1,S3_P450Rdb,1,1,B,1,1,0,1,0
INT_G002099,ENZ_G000792,CMP_G001025,1,S3_P450Rdb,1,1,B,1,1,0,1,0
INT_G002100,ENZ_G000792,CMP_G001250,1,S3_P450Rdb,1,1,B,1,1,0,1,0
INT_G002101,ENZ_G000792,CMP_G001357,1,S2_ESIBank,1,1,B,0,0,0,1,0
INT_G002102,ENZ_G000792,CMP_G001406,1,S3_P450Rdb,1,1,B,1,1,0,1,0
INT_G002103,ENZ_G000793,CMP_G000014,1,S3_P450Rdb,1,1,B,1,1,0,1,0
INT_G002104,ENZ_G000793,CMP_G000281,1,S3_P450Rdb|S9_PCPD,2,2,B,1,1,0,1,0
INT_G002105,ENZ_G000793,CMP_G000681,1,S3_P450Rdb|S9_PCPD,2,2,B,1,1,0,1,0
INT_G002106,ENZ_G000793,CMP_G001197,1,S3_P450Rdb|S9_PCPD,2,2,B,1,1,0,2,0
INT_G002107,ENZ_G000793,CMP_G001249,1,S3_P450Rdb|S9_PCPD,2,2,B,1,1,0,1,0
INT_G002108,ENZ_G000793,CMP_G001559,1,S3_P450Rdb|S9_PCPD,2,2,B,1,1,0,1,0
INT_G002109,ENZ_G000793,CMP_G002026,1,S3_P450Rdb|S9_PCPD,2,2,B,1,1,0,1,0
INT_G002110,ENZ_G000793,CMP_G002090,1,S3_P450Rdb|S9_PCPD,2,2,B,1,1,0,1,0
INT_G002111,ENZ_G000794,CMP_G000009,1,S3_P450Rdb,1,1,B,1,1,0,1,0
INT_G002112,ENZ_G000794,CMP_G000502,1,S2_ESIBank,1,1,B,0,0,0,1,0
INT_G002113,ENZ_G000794,CMP_G000576,1,S2_ESIBank,1,1,B,0,0,0,1,0
INT_G002114,ENZ_G000794,CMP_G000720,1,S3_P450Rdb|S9_PCPD,2,2,B,1,1,0,5,0
INT_G002115,ENZ_G000794,CMP_G001000,1,S2_ESIBank,1,1,B,0,0,0,1,0
INT_G002116,ENZ_G000794,CMP_G001024,1,S3_P450Rdb|S9_PCPD,2,2,B,1,1,0,2,0
INT_G002117,ENZ_G000794,CMP_G001138,1,S2_ESIBank,1,1,B,0,0,0,1,0
INT_G002118,ENZ_G000794,CMP_G001376,1,S2_ESIBank,1,1,B,0,0,0,1,0
INT_G002119,ENZ_G000794,CMP_G002026,1,S3_P450Rdb|S9_PCPD,2,2,B,1,1,0,6,0
INT_G002120,ENZ_G000794,CMP_G002057,1,S2_ESIBank,1,1,B,0,0,0,1,0
INT_G002121,ENZ_G000795,CMP_G000009,1,S3_P450Rdb,1,1,B,1,1,0,1,0
INT_G002122,ENZ_G000795,CMP_G000024,1,S2_ESIBank,1,1,B,0,0,0,1,0
INT_G002123,ENZ_G000795,CMP_G000030,1,S3_P450Rdb|S9_PCPD,2,2,B,1,1,0,1,0
INT_G002124,ENZ_G000795,CMP_G000161,1,S3_P450Rdb,1,1,B,0,1,0,1,0
INT_G002125,ENZ_G000795,CMP_G000289,1,S3_P450Rdb,1,1,B,1,1,0,2,0
INT_G002126,ENZ_G000795,CMP_G000325,1,S3_P450Rdb|S9_PCPD,2,2,B,1,1,0,3,0
INT_G002127,ENZ_G000795,CMP_G000396,1,S3_P450Rdb,1,1,B,0,1,0,1,0
INT_G002128,ENZ_G000795,CMP_G000425,1,S3_P450Rdb|S9_PCPD,2,2,B,1,1,0,1,0
INT_G002129,ENZ_G000795,CMP_G000557,1,S3_P450Rdb|S9_PCPD,2,2,B,1,1,0,1,0
INT_G002130,ENZ_G000795,CMP_G000607,1,S3_P450Rdb|S9_PCPD,2,2,B,1,1,0,5,0
INT_G002131,ENZ_G000795,CMP_G000612,1,S3_P450Rdb|S9_PCPD,2,2,B,1,1,0,1,0
INT_G002132,ENZ_G000795,CMP_G000720,1,S3_P450Rdb|S9_PCPD,2,2,B,1,1,0,1,0
INT_G002133,ENZ_G000795,CMP_G000796,1,S3_P450Rdb|S9_PCPD,2,2,B,1,1,0,1,0
INT_G002134,ENZ_G000795,CMP_G000912,1,S3_P450Rdb|S9_PCPD,2,2,B,1,1,0,3,0
INT_G002135,ENZ_G000795,CMP_G000931,1,S3_P450Rdb|S9_PCPD,2,2,B,1,1,0,1,0
INT_G002136,ENZ_G000795,CMP_G000974,1,S3_P450Rdb|S9_PCPD,2,2,B,1,1,0,2,0
INT_G002137,ENZ_G000795,CMP_G000985,1,S3_P450Rdb|S9_PCPD,2,2,B,1,1,0,1,0
INT_G002138,ENZ_G000795,CMP_G001024,1,S3_P450Rdb|S9_PCPD,2,2,B,1,1,0,4,0
INT_G002139,ENZ_G000795,CMP_G001057,1,S3_P450Rdb,1,1,B,1,1,0,1,0
INT_G002140,ENZ_G000795,CMP_G001108,1,S3_P450Rdb|S9_PCPD,2,2,B,1,1,0,2,0
INT_G002141,ENZ_G000795,CMP_G001197,1,S3_P450Rdb|S9_PCPD,2,2,B,1,1,0,1,0
INT_G002142,ENZ_G000795,CMP_G001386,1,S3_P450Rdb,1,1,B,1,1,0,1,0
INT_G002143,ENZ_G000795,CMP_G001392,1,S2_ESIBank|S3_P450Rdb|S9_PCPD,3,3,B,1,1,0,1,0
INT_G002144,ENZ_G000795,CMP_G001405,1,S3_P450Rdb|S9_PCPD,2,2,B,1,1,0,2,0
INT_G002145,ENZ_G000795,CMP_G001498,1,S3_P450Rdb|S9_PCPD,2,2,B,1,1,0,1,0
INT_G002146,ENZ_G000795,CMP_G001503,1,S3_P450Rdb,1,1,B,1,1,0,1,0
INT_G002147,ENZ_G000795,CMP_G001523,1,S2_ESIBank,1,1,B,0,0,0,1,0
INT_G002148,ENZ_G000795,CMP_G001693,1,S2_ESIBank,1,1,B,0,0,0,1,0
INT_G002149,ENZ_G000795,CMP_G001719,1,S3_P450Rdb|S9_PCPD,2,2,B,1,1,0,4,0
INT_G002150,ENZ_G000795,CMP_G001762,1,S2_ESIBank|S3_P450Rdb|S9_PCPD,3,3,B,1,1,0,1,0
INT_G002151,ENZ_G000795,CMP_G001776,1,S3_P450Rdb,1,1,B,1,1,0,1,0
INT_G002152,ENZ_G000795,CMP_G001913,1,S3_P450Rdb,1,1,B,1,1,0,2,0
INT_G002153,ENZ_G000795,CMP_G002026,1,S3_P450Rdb|S9_PCPD,2,2,B,1,1,0,5,0
INT_G002154,ENZ_G000796,CMP_G000279,1,S3_P450Rdb,1,1,B,1,1,0,1,0
INT_G002155,ENZ_G000796,CMP_G001405,1,S1_RCSB|S3_P450Rdb,2,2,A,1,1,1,1,0
INT_G002156,ENZ_G000797,CMP_G000748,1,S2_ESIBank,1,1,B,0,0,0,1,0
INT_G002157,ENZ_G000797,CMP_G001814,1,S2_ESIBank,1,1,B,0,0,0,1,0
INT_G002158,ENZ_G000798,CMP_G001206,1,S9_PCPD,1,1,B,0,0,0,1,0
INT_G002159,ENZ_G000799,CMP_G001787,1,S3_P450Rdb|S9_PCPD,2,2,B,1,1,0,1,0
INT_G002160,ENZ_G000800,CMP_G000126,1,S3_P450Rdb|S8_PlantP450DB|S9_PCPD,3,3,B,1,1,0,1,0
INT_G002161,ENZ_G000800,CMP_G000127,1,S3_P450Rdb|S9_PCPD,2,2,B,1,1,0,1,0
INT_G002162,ENZ_G000800,CMP_G002030,1,S2_ESIBank,1,1,B,0,0,0,1,0
INT_G002163,ENZ_G000801,CMP_G000080,1,S8_PlantP450DB|S9_PCPD,2,2,B,1,0,0,1,0
INT_G002164,ENZ_G000801,CMP_G000515,1,S3_P450Rdb,1,1,B,1,1,0,1,0
INT_G002165,ENZ_G000801,CMP_G000517,1,S3_P450Rdb,1,1,B,1,1,0,1,0
INT_G002166,ENZ_G000801,CMP_G001782,1,S3_P450Rdb,1,1,B,1,1,0,1,0
INT_G002167,ENZ_G000802,CMP_G000080,1,S8_PlantP450DB,1,1,B,1,0,0,1,0
INT_G002168,ENZ_G000802,CMP_G000515,1,S3_P450Rdb,1,1,B,1,1,0,1,0
INT_G002169,ENZ_G000802,CMP_G000517,1,S3_P450Rdb,1,1,B,1,1,0,1,0
INT_G002170,ENZ_G000802,CMP_G001782,1,S3_P450Rdb,1,1,B,1,1,0,1,0
INT_G002171,ENZ_G000803,CMP_G000484,1,S3_P450Rdb|S9_PCPD,2,2,B,1,1,0,1,0
INT_G002172,ENZ_G000804,CMP_G002001,1,S3_P450Rdb,1,1,B,1,1,0,1,0
INT_G002173,ENZ_G000805,CMP_G001969,1,S8_PlantP450DB,1,1,B,1,0,0,1,0
INT_G002174,ENZ_G000806,CMP_G001969,1,S8_PlantP450DB,1,1,B,1,0,0,1,0
INT_G002175,ENZ_G000807,CMP_G001883,1,S9_PCPD,1,1,B,0,0,0,1,0
INT_G002176,ENZ_G000807,CMP_G001969,1,S8_PlantP450DB,1,1,B,1,0,0,1,0
INT_G002177,ENZ_G000808,CMP_G001969,1,S8_PlantP450DB,1,1,B,1,0,0,1,0
INT_G002178,ENZ_G000809,CMP_G000080,1,S8_PlantP450DB,1,1,B,1,0,0,1,0
INT_G002179,ENZ_G000809,CMP_G001368,1,S3_P450Rdb,1,1,B,1,1,0,1,0
INT_G002180,ENZ_G000809,CMP_G001783,1,S3_P450Rdb,1,1,B,1,1,0,2,0
INT_G002181,ENZ_G000810,CMP_G001679,1,S3_P450Rdb,1,1,B,1,1,0,1,0
INT_G002182,ENZ_G000811,CMP_G001328,1,S3_P450Rdb,1,1,B,1,1,0,1,0
INT_G002183,ENZ_G000812,CMP_G001327,1,S8_PlantP450DB,1,1,B,1,0,0,1,0
INT_G002184,ENZ_G000812,CMP_G002107,1,S8_PlantP450DB,1,1,B,1,0,0,1,0
INT_G002185,ENZ_G000812,CMP_G002108,1,S3_P450Rdb,1,1,B,1,1,0,1,0
INT_G002186,ENZ_G000813,CMP_G001368,1,S3_P450Rdb,1,1,B,1,1,0,1,0
INT_G002187,ENZ_G000813,CMP_G001783,1,S3_P450Rdb,1,1,B,1,1,0,2,0
INT_G002188,ENZ_G000814,CMP_G001679,1,S3_P450Rdb,1,1,B,1,1,0,1,0
INT_G002189,ENZ_G000815,CMP_G000425,1,S9_PCPD,1,1,B,0,0,0,1,0
INT_G002190,ENZ_G000816,CMP_G000617,1,S9_PCPD,1,1,B,0,0,0,1,0
INT_G002191,ENZ_G000817,CMP_G000065,1,S3_P450Rdb,1,1,B,1,1,0,1,0
INT_G002192,ENZ_G000817,CMP_G000322,1,S2_ESIBank,1,1,B,0,0,0,1,0
INT_G002193,ENZ_G000818,CMP_G000340,1,S3_P450Rdb,1,1,B,1,1,0,1,0
INT_G002194,ENZ_G000818,CMP_G000839,1,S1_RCSB,1,1,A,0,0,1,1,0
INT_G002195,ENZ_G000818,CMP_G000913,1,S1_RCSB|S3_P450Rdb,2,2,A,1,1,1,1,0
INT_G002196,ENZ_G000818,CMP_G000938,1,S3_P450Rdb,1,1,B,1,1,0,1,0
INT_G002197,ENZ_G000818,CMP_G001012,1,S3_P450Rdb,1,1,B,1,1,0,1,0
INT_G002198,ENZ_G000818,CMP_G001030,1,S1_RCSB,1,1,A,0,0,1,1,0
INT_G002199,ENZ_G000818,CMP_G001184,1,S1_RCSB,1,1,A,0,0,1,1,0
INT_G002200,ENZ_G000818,CMP_G001388,1,S3_P450Rdb,1,1,B,1,1,0,1,0
INT_G002201,ENZ_G000819,CMP_G000629,1,S9_PCPD,1,1,B,0,0,0,1,0
INT_G002202,ENZ_G000819,CMP_G000630,1,S3_P450Rdb,1,1,B,1,1,0,1,0
INT_G002203,ENZ_G000820,CMP_G000770,1,S3_P450Rdb,1,1,B,1,1,0,1,0
INT_G002204,ENZ_G000820,CMP_G001160,1,S3_P450Rdb,1,1,B,1,1,0,1,0
INT_G002205,ENZ_G000820,CMP_G001917,1,S9_PCPD,1,1,B,0,0,0,1,0
INT_G002206,ENZ_G000820,CMP_G001918,1,S3_P450Rdb,1,1,B,1,1,0,1,0
INT_G002207,ENZ_G000821,CMP_G000747,1,S3_P450Rdb,1,1,B,1,1,0,1,0
INT_G002208,ENZ_G000821,CMP_G001396,1,S3_P450Rdb,1,1,B,1,1,0,1,0
INT_G002209,ENZ_G000821,CMP_G001821,1,S3_P450Rdb,1,1,B,1,1,0,1,0
INT_G002210,ENZ_G000822,CMP_G001828,1,S3_P450Rdb,1,1,B,1,1,0,1,0
INT_G002211,ENZ_G000823,CMP_G000304,1,S3_P450Rdb,1,1,B,1,1,0,1,0
INT_G002212,ENZ_G000824,CMP_G001618,1,S3_P450Rdb,1,1,B,1,1,0,1,0
INT_G002213,ENZ_G000825,CMP_G000607,1,S3_P450Rdb|S9_PCPD,2,2,B,1,1,0,1,0
INT_G002214,ENZ_G000826,CMP_G000002,1,S3_P450Rdb,1,1,B,1,1,0,1,0
INT_G002215,ENZ_G000826,CMP_G001939,1,S3_P450Rdb,1,1,B,1,1,0,1,0
INT_G002216,ENZ_G000827,CMP_G000002,1,S3_P450Rdb,1,1,B,1,1,0,2,0
INT_G002217,ENZ_G000827,CMP_G000003,1,S3_P450Rdb,1,1,B,1,1,0,1,0
INT_G002218,ENZ_G000827,CMP_G000004,1,S3_P450Rdb,1,1,B,1,1,0,1,0
INT_G002219,ENZ_G000827,CMP_G000179,1,S1_RCSB,1,1,A,0,0,1,1,0
INT_G002220,ENZ_G000827,CMP_G000354,1,S3_P450Rdb,1,1,B,1,1,0,1,0
INT_G002221,ENZ_G000827,CMP_G001224,1,S3_P450Rdb,1,1,B,1,1,0,1,0
INT_G002222,ENZ_G000827,CMP_G001939,1,S3_P450Rdb,1,1,B,1,1,0,2,0
INT_G002223,ENZ_G000828,CMP_G000009,1,S3_P450Rdb,1,1,B,1,1,0,1,0
INT_G002224,ENZ_G000828,CMP_G000161,1,S3_P450Rdb,1,1,B,0,1,0,1,0
INT_G002225,ENZ_G000828,CMP_G000325,1,S3_P450Rdb,1,1,B,1,1,0,1,0
INT_G002226,ENZ_G000828,CMP_G000396,1,S3_P450Rdb,1,1,B,0,1,0,1,0
INT_G002227,ENZ_G000828,CMP_G000541,1,S1_RCSB,1,1,A,0,0,1,1,0
INT_G002228,ENZ_G000828,CMP_G000720,1,S3_P450Rdb|S9_PCPD,2,2,B,1,1,0,4,0
INT_G002229,ENZ_G000828,CMP_G000974,1,S3_P450Rdb|S9_PCPD,2,2,B,1,1,0,2,0
INT_G002230,ENZ_G000828,CMP_G001386,1,S3_P450Rdb,1,1,B,1,1,0,1,0
INT_G002231,ENZ_G000828,CMP_G001465,1,S1_RCSB,1,1,A,0,0,1,1,0
INT_G002232,ENZ_G000828,CMP_G001498,1,S3_P450Rdb|S9_PCPD,2,2,B,1,1,0,1,0
INT_G002233,ENZ_G000828,CMP_G001501,1,S1_RCSB,1,1,A,0,0,1,1,0
INT_G002234,ENZ_G000828,CMP_G001582,1,S1_RCSB,1,1,A,0,0,1,1,0
INT_G002235,ENZ_G000828,CMP_G001719,1,S3_P450Rdb|S9_PCPD,2,2,B,1,1,0,1,0
INT_G002236,ENZ_G000828,CMP_G002026,1,S3_P450Rdb|S9_PCPD,2,2,B,1,1,0,4,0
INT_G002237,ENZ_G000829,CMP_G000161,1,S3_P450Rdb,1,1,B,0,1,0,1,0
INT_G002238,ENZ_G000829,CMP_G000289,1,S3_P450Rdb,1,1,B,1,1,0,2,0
INT_G002239,ENZ_G000829,CMP_G000396,1,S3_P450Rdb,1,1,B,0,1,0,1,0
INT_G002240,ENZ_G000829,CMP_G000425,1,S3_P450Rdb,1,1,B,1,1,0,1,0
INT_G002241,ENZ_G000829,CMP_G000517,1,S1_RCSB,1,1,A,0,0,1,1,0
INT_G002242,ENZ_G000829,CMP_G000607,1,S3_P450Rdb,1,1,B,1,1,0,1,0
INT_G002243,ENZ_G000829,CMP_G000720,1,S3_P450Rdb,1,1,B,1,1,0,1,0
INT_G002244,ENZ_G000829,CMP_G000837,1,S1_RCSB,1,1,A,0,0,1,1,0
INT_G002245,ENZ_G000829,CMP_G000912,1,S3_P450Rdb,1,1,B,1,1,0,4,0
INT_G002246,ENZ_G000829,CMP_G000931,1,S1_RCSB,1,1,A,0,0,1,1,0
INT_G002247,ENZ_G000829,CMP_G000974,1,S3_P450Rdb,1,1,B,1,1,0,2,0
INT_G002248,ENZ_G000829,CMP_G001742,1,S9_PCPD,1,1,B,0,0,0,1,0
INT_G002249,ENZ_G000829,CMP_G001972,1,S1_RCSB,1,1,A,0,0,1,1,0
INT_G002250,ENZ_G000829,CMP_G002026,1,S3_P450Rdb,1,1,B,1,1,0,3,0
INT_G002251,ENZ_G000830,CMP_G000235,1,S2_ESIBank,1,1,B,0,0,0,1,0
INT_G002252,ENZ_G000830,CMP_G001154,1,S2_ESIBank,1,1,B,0,0,0,1,0
INT_G002253,ENZ_G000831,CMP_G000231,1,S1_RCSB,1,1,A,0,0,1,1,0
INT_G002254,ENZ_G000831,CMP_G001232,1,S1_RCSB,1,1,A,0,0,1,1,0
INT_G002255,ENZ_G000831,CMP_G001296,1,S1_RCSB,1,1,A,0,0,1,1,0
INT_G002256,ENZ_G000831,CMP_G001392,1,S3_P450Rdb,1,1,B,1,1,0,1,0
INT_G002257,ENZ_G000831,CMP_G001527,1,S1_RCSB|S9_PCPD,2,2,A,0,0,1,1,0
INT_G002258,ENZ_G000831,CMP_G001590,1,S1_RCSB,1,1,A,0,0,1,1,0
INT_G002259,ENZ_G000831,CMP_G001599,1,S9_PCPD,1,1,B,0,0,0,1,0
INT_G002260,ENZ_G000831,CMP_G002118,1,S1_RCSB,1,1,A,0,0,1,1,0
INT_G002261,ENZ_G000832,CMP_G000030,1,S3_P450Rdb,1,1,B,1,1,0,2,0
INT_G002262,ENZ_G000832,CMP_G000036,1,S3_P450Rdb,1,1,B,1,1,0,1,0
INT_G002263,ENZ_G000832,CMP_G000161,1,S3_P450Rdb,1,1,B,0,1,0,1,0
INT_G002264,ENZ_G000832,CMP_G000325,1,S3_P450Rdb,1,1,B,1,1,0,1,0
INT_G002265,ENZ_G000832,CMP_G000396,1,S3_P450Rdb,1,1,B,0,1,0,1,0
INT_G002266,ENZ_G000832,CMP_G000553,1,S2_ESIBank,1,1,B,0,0,0,1,0
INT_G002267,ENZ_G000832,CMP_G001024,1,S3_P450Rdb,1,1,B,1,1,0,1,0
INT_G002268,ENZ_G000832,CMP_G001108,1,S3_P450Rdb,1,1,B,1,1,0,1,0
INT_G002269,ENZ_G000832,CMP_G001859,1,S3_P450Rdb,1,1,B,1,1,0,1,0
INT_G002270,ENZ_G000832,CMP_G001908,1,S3_P450Rdb,1,1,B,1,1,0,1,0
INT_G002271,ENZ_G000832,CMP_G002039,1,S3_P450Rdb,1,1,B,1,1,0,1,0
INT_G002272,ENZ_G000833,CMP_G000009,1,S3_P450Rdb,1,1,B,1,1,0,1,0
INT_G002273,ENZ_G000833,CMP_G000287,1,S3_P450Rdb,1,1,B,0,1,0,1,0
INT_G002274,ENZ_G000833,CMP_G000325,1,S3_P450Rdb|S9_PCPD,2,2,B,1,1,0,1,0
INT_G002275,ENZ_G000833,CMP_G000607,1,S3_P450Rdb|S9_PCPD,2,2,B,1,1,0,1,0
INT_G002276,ENZ_G000833,CMP_G000720,1,S3_P450Rdb|S9_PCPD,2,2,B,1,1,0,4,0
INT_G002277,ENZ_G000833,CMP_G001084,1,S1_RCSB,1,1,A,0,0,1,1,0
INT_G002278,ENZ_G000833,CMP_G001197,1,S3_P450Rdb|S9_PCPD,2,2,B,1,1,0,2,0
INT_G002279,ENZ_G000833,CMP_G001234,1,S1_RCSB,1,1,A,0,0,1,1,0
INT_G002280,ENZ_G000833,CMP_G001262,1,S1_RCSB,1,1,A,0,0,1,1,0
INT_G002281,ENZ_G000833,CMP_G001555,1,S1_RCSB,1,1,A,0,0,1,1,0
INT_G002282,ENZ_G000833,CMP_G001719,1,S3_P450Rdb|S9_PCPD,2,2,B,1,1,0,1,0
INT_G002283,ENZ_G000833,CMP_G001881,1,S3_P450Rdb|S9_PCPD,2,2,B,1,1,0,1,0
INT_G002284,ENZ_G000833,CMP_G001882,1,S3_P450Rdb|S9_PCPD,2,2,B,1,1,0,2,0
INT_G002285,ENZ_G000833,CMP_G002026,1,S3_P450Rdb|S9_PCPD,2,2,B,1,1,0,15,0
INT_G002286,ENZ_G000834,CMP_G000279,1,S2_ESIBank,1,1,B,0,0,0,1,0
INT_G002287,ENZ_G000834,CMP_G000613,1,S2_ESIBank,1,1,B,0,0,0,1,0
INT_G002288,ENZ_G000834,CMP_G000733,1,S2_ESIBank,1,1,B,0,0,0,1,0
INT_G002289,ENZ_G000834,CMP_G001061,1,S2_ESIBank,1,1,B,0,0,0,1,0
INT_G002290,ENZ_G000835,CMP_G002019,1,S3_P450Rdb,1,1,B,0,1,0,1,0
INT_G002291,ENZ_G000836,CMP_G000009,1,S3_P450Rdb,1,1,B,1,1,0,1,0
INT_G002292,ENZ_G000837,CMP_G000179,1,S2_ESIBank,1,1,B,0,0,0,1,0
INT_G002293,ENZ_G000837,CMP_G000977,1,S2_ESIBank,1,1,B,0,0,0,1,0
INT_G002294,ENZ_G000838,CMP_G000030,1,S3_P450Rdb|S9_PCPD,2,2,B,1,1,0,1,0
INT_G002295,ENZ_G000838,CMP_G000796,1,S3_P450Rdb|S9_PCPD,2,2,B,1,1,0,1,0
INT_G002296,ENZ_G000838,CMP_G001159,1,S3_P450Rdb|S9_PCPD,2,2,B,1,1,0,1,0
INT_G002297,ENZ_G000839,CMP_G000009,1,S3_P450Rdb,1,1,B,1,1,0,1,0
INT_G002298,ENZ_G000839,CMP_G000025,1,S3_P450Rdb,1,1,B,0,1,0,1,0
INT_G002299,ENZ_G000839,CMP_G000027,1,S3_P450Rdb,1,1,B,0,1,0,1,0
INT_G002300,ENZ_G000839,CMP_G000028,1,S3_P450Rdb,1,1,B,0,1,0,1,0
INT_G002301,ENZ_G000839,CMP_G000032,1,S3_P450Rdb,1,1,B,1,1,0,3,0
INT_G002302,ENZ_G000839,CMP_G000037,1,S3_P450Rdb,1,1,B,0,1,0,1,0
INT_G002303,ENZ_G000839,CMP_G000043,1,S3_P450Rdb,1,1,B,1,1,0,1,0
INT_G002304,ENZ_G000839,CMP_G000044,1,S3_P450Rdb,1,1,B,0,1,0,1,0
INT_G002305,ENZ_G000839,CMP_G000048,1,S3_P450Rdb,1,1,B,1,1,0,1,0
INT_G002306,ENZ_G000839,CMP_G000050,1,S3_P450Rdb,1,1,B,0,1,0,1,0
INT_G002307,ENZ_G000839,CMP_G000058,1,S3_P450Rdb,1,1,B,0,1,0,1,0
INT_G002308,ENZ_G000839,CMP_G000065,1,S3_P450Rdb,1,1,B,0,1,0,1,0
INT_G002309,ENZ_G000839,CMP_G000073,1,S3_P450Rdb,1,1,B,0,1,0,1,0
INT_G002310,ENZ_G000839,CMP_G000074,1,S3_P450Rdb,1,1,B,0,1,0,1,0
INT_G002311,ENZ_G000839,CMP_G000078,1,S3_P450Rdb,1,1,B,0,1,0,1,0
INT_G002312,ENZ_G000839,CMP_G000092,1,S3_P450Rdb,1,1,B,0,1,0,2,0
INT_G002313,ENZ_G000839,CMP_G000095,1,S3_P450Rdb,1,1,B,0,1,0,1,0
INT_G002314,ENZ_G000839,CMP_G000096,1,S1_RCSB,1,1,A,0,0,1,1,0
INT_G002315,ENZ_G000839,CMP_G000098,1,S3_P450Rdb,1,1,B,1,1,0,1,0
INT_G002316,ENZ_G000839,CMP_G000102,1,S3_P450Rdb,1,1,B,0,1,0,1,0
INT_G002317,ENZ_G000839,CMP_G000107,1,S3_P450Rdb,1,1,B,0,1,0,1,0
INT_G002318,ENZ_G000839,CMP_G000112,1,S3_P450Rdb,1,1,B,0,1,0,1,0
INT_G002319,ENZ_G000839,CMP_G000114,1,S3_P450Rdb,1,1,B,0,1,0,1,0
INT_G002320,ENZ_G000839,CMP_G000128,1,S3_P450Rdb,1,1,B,0,1,0,1,0
INT_G002321,ENZ_G000839,CMP_G000135,1,S3_P450Rdb,1,1,B,0,1,0,1,0
INT_G002322,ENZ_G000839,CMP_G000139,1,S3_P450Rdb,1,1,B,1,1,0,2,0
INT_G002323,ENZ_G000839,CMP_G000149,1,S3_P450Rdb,1,1,B,0,1,0,1,0
INT_G002324,ENZ_G000839,CMP_G000154,1,S3_P450Rdb,1,1,B,0,1,0,1,0
INT_G002325,ENZ_G000839,CMP_G000158,1,S3_P450Rdb,1,1,B,0,1,0,1,0
INT_G002326,ENZ_G000839,CMP_G000159,1,S3_P450Rdb,1,1,B,0,1,0,1,0
INT_G002327,ENZ_G000839,CMP_G000162,1,S3_P450Rdb,1,1,B,0,1,0,1,0
INT_G002328,ENZ_G000839,CMP_G000163,1,S3_P450Rdb,1,1,B,1,1,0,1,0
INT_G002329,ENZ_G000839,CMP_G000166,1,S3_P450Rdb,1,1,B,0,1,0,1,0
INT_G002330,ENZ_G000839,CMP_G000187,1,S3_P450Rdb,1,1,B,0,1,0,1,0
INT_G002331,ENZ_G000839,CMP_G000188,1,S3_P450Rdb,1,1,B,0,1,0,1,0
INT_G002332,ENZ_G000839,CMP_G000194,1,S3_P450Rdb,1,1,B,1,1,0,1,0
INT_G002333,ENZ_G000839,CMP_G000198,1,S3_P450Rdb,1,1,B,0,1,0,1,0
INT_G002334,ENZ_G000839,CMP_G000199,1,S3_P450Rdb,1,1,B,0,1,0,1,0
INT_G002335,ENZ_G000839,CMP_G000202,1,S3_P450Rdb,1,1,B,0,1,0,1,0
INT_G002336,ENZ_G000839,CMP_G000205,1,S3_P450Rdb,1,1,B,0,1,0,2,0
INT_G002337,ENZ_G000839,CMP_G000210,1,S3_P450Rdb,1,1,B,1,1,0,1,0
INT_G002338,ENZ_G000839,CMP_G000223,1,S3_P450Rdb,1,1,B,0,1,0,2,0
INT_G002339,ENZ_G000839,CMP_G000232,1,S3_P450Rdb,1,1,B,0,1,0,1,0
INT_G002340,ENZ_G000839,CMP_G000239,1,S3_P450Rdb,1,1,B,1,1,0,2,0
INT_G002341,ENZ_G000839,CMP_G000242,1,S3_P450Rdb,1,1,B,0,1,0,1,0
INT_G002342,ENZ_G000839,CMP_G000243,1,S3_P450Rdb,1,1,B,0,1,0,1,0
INT_G002343,ENZ_G000839,CMP_G000286,1,S3_P450Rdb,1,1,B,0,1,0,1,0
INT_G002344,ENZ_G000839,CMP_G000288,1,S3_P450Rdb,1,1,B,0,1,0,1,0
INT_G002345,ENZ_G000839,CMP_G000292,1,S3_P450Rdb,1,1,B,0,1,0,1,0
INT_G002346,ENZ_G000839,CMP_G000295,1,S3_P450Rdb,1,1,B,0,1,0,1,0
INT_G002347,ENZ_G000839,CMP_G000296,1,S3_P450Rdb,1,1,B,0,1,0,1,0
INT_G002348,ENZ_G000839,CMP_G000306,1,S3_P450Rdb,1,1,B,1,1,0,2,0
INT_G002349,ENZ_G000839,CMP_G000307,1,S3_P450Rdb,1,1,B,0,1,0,1,0
INT_G002350,ENZ_G000839,CMP_G000314,1,S3_P450Rdb,1,1,B,0,1,0,2,0
INT_G002351,ENZ_G000839,CMP_G000316,1,S1_RCSB,1,1,A,0,0,1,1,0
INT_G002352,ENZ_G000839,CMP_G000320,1,S3_P450Rdb,1,2,B,0,1,0,1,0
INT_G002353,ENZ_G000839,CMP_G000321,1,S3_P450Rdb,1,1,B,0,1,0,1,0
INT_G002354,ENZ_G000839,CMP_G000342,1,S3_P450Rdb,1,1,B,0,1,0,1,0
INT_G002355,ENZ_G000839,CMP_G000346,1,S3_P450Rdb,1,1,B,1,1,0,2,0
INT_G002356,ENZ_G000839,CMP_G000359,1,S3_P450Rdb,1,1,B,0,1,0,1,0
INT_G002357,ENZ_G000839,CMP_G000360,1,S3_P450Rdb,1,1,B,0,1,0,1,0
INT_G002358,ENZ_G000839,CMP_G000372,1,S3_P450Rdb,1,1,B,0,1,0,1,0
INT_G002359,ENZ_G000839,CMP_G000381,1,S1_RCSB,1,1,A,0,0,1,1,0
INT_G002360,ENZ_G000839,CMP_G000394,1,S3_P450Rdb,1,2,B,0,1,0,1,0
INT_G002361,ENZ_G000839,CMP_G000404,1,S3_P450Rdb,1,2,B,0,1,0,1,0
INT_G002362,ENZ_G000839,CMP_G000407,1,S3_P450Rdb,1,1,B,0,1,0,1,0
INT_G002363,ENZ_G000839,CMP_G000410,1,S3_P450Rdb,1,1,B,0,1,0,1,0
INT_G002364,ENZ_G000839,CMP_G000417,1,S3_P450Rdb,1,1,B,0,1,0,1,0
INT_G002365,ENZ_G000839,CMP_G000426,1,S3_P450Rdb,1,2,B,0,1,0,1,0
INT_G002366,ENZ_G000839,CMP_G000437,1,S3_P450Rdb,1,1,B,1,1,0,1,0
INT_G002367,ENZ_G000839,CMP_G000440,1,S3_P450Rdb,1,1,B,1,1,0,1,0
INT_G002368,ENZ_G000839,CMP_G000454,1,S3_P450Rdb,1,1,B,0,1,0,1,0
INT_G002369,ENZ_G000839,CMP_G000458,1,S3_P450Rdb,1,1,B,0,1,0,1,0
INT_G002370,ENZ_G000839,CMP_G000459,1,S3_P450Rdb,1,1,B,1,1,0,1,0
INT_G002371,ENZ_G000839,CMP_G000469,1,S3_P450Rdb,1,1,B,0,1,0,2,0
INT_G002372,ENZ_G000839,CMP_G000470,1,S3_P450Rdb,1,1,B,0,1,0,1,0
INT_G002373,ENZ_G000839,CMP_G000474,1,S3_P450Rdb,1,1,B,1,1,0,1,0
INT_G002374,ENZ_G000839,CMP_G000497,1,S3_P450Rdb,1,1,B,1,1,0,1,0
INT_G002375,ENZ_G000839,CMP_G000500,1,S3_P450Rdb,1,1,B,0,1,0,1,0
INT_G002376,ENZ_G000839,CMP_G000501,1,S3_P450Rdb,1,1,B,0,1,0,2,0
INT_G002377,ENZ_G000839,CMP_G000505,1,S3_P450Rdb,1,1,B,0,1,0,1,0
INT_G002378,ENZ_G000839,CMP_G000518,1,S3_P450Rdb,1,1,B,0,1,0,1,0
INT_G002379,ENZ_G000839,CMP_G000520,1,S3_P450Rdb,1,1,B,1,1,0,1,0
INT_G002380,ENZ_G000839,CMP_G000523,1,S3_P450Rdb,1,1,B,1,1,0,1,0
INT_G002381,ENZ_G000839,CMP_G000527,1,S3_P450Rdb,1,1,B,0,1,0,1,0
INT_G002382,ENZ_G000839,CMP_G000536,1,S3_P450Rdb,1,1,B,0,1,0,1,0
INT_G002383,ENZ_G000839,CMP_G000537,1,S3_P450Rdb,1,1,B,0,1,0,1,0
INT_G002384,ENZ_G000839,CMP_G000541,1,S1_RCSB,1,1,A,0,0,1,1,0
INT_G002385,ENZ_G000839,CMP_G000542,1,S3_P450Rdb,1,1,B,1,1,0,1,0
INT_G002386,ENZ_G000839,CMP_G000543,1,S1_RCSB,1,1,A,0,0,1,1,0
INT_G002387,ENZ_G000839,CMP_G000549,1,S3_P450Rdb,1,1,B,1,1,0,1,0
INT_G002388,ENZ_G000839,CMP_G000554,1,S3_P450Rdb,1,1,B,0,1,0,1,0
INT_G002389,ENZ_G000839,CMP_G000556,1,S3_P450Rdb,1,1,B,0,1,0,1,0
INT_G002390,ENZ_G000839,CMP_G000580,1,S3_P450Rdb,1,1,B,0,1,0,1,0
INT_G002391,ENZ_G000839,CMP_G000586,1,S3_P450Rdb,1,1,B,0,1,0,1,0
INT_G002392,ENZ_G000839,CMP_G000588,1,S3_P450Rdb,1,1,B,0,1,0,1,0
INT_G002393,ENZ_G000839,CMP_G000589,1,S3_P450Rdb,1,1,B,0,1,0,1,0
INT_G002394,ENZ_G000839,CMP_G000590,1,S3_P450Rdb,1,1,B,0,1,0,1,0
INT_G002395,ENZ_G000839,CMP_G000591,1,S1_RCSB,1,1,A,0,0,1,1,0
INT_G002396,ENZ_G000839,CMP_G000592,1,S3_P450Rdb,1,1,B,0,1,0,1,0
INT_G002397,ENZ_G000839,CMP_G000594,1,S3_P450Rdb,1,1,B,0,1,0,2,0
INT_G002398,ENZ_G000839,CMP_G000599,1,S3_P450Rdb,1,1,B,1,1,0,1,0
INT_G002399,ENZ_G000839,CMP_G000602,1,S3_P450Rdb,1,1,B,0,1,0,1,0
INT_G002400,ENZ_G000839,CMP_G000604,1,S3_P450Rdb,1,1,B,0,1,0,1,0
INT_G002401,ENZ_G000839,CMP_G000605,1,S3_P450Rdb,1,1,B,0,1,0,1,0
INT_G002402,ENZ_G000839,CMP_G000609,1,S3_P450Rdb,1,1,B,0,1,0,2,0
INT_G002403,ENZ_G000839,CMP_G000626,1,S3_P450Rdb,1,1,B,0,1,0,2,0
INT_G002404,ENZ_G000839,CMP_G000638,1,S3_P450Rdb,1,1,B,0,1,0,1,0
INT_G002405,ENZ_G000839,CMP_G000641,1,S3_P450Rdb,1,1,B,0,1,0,2,0
INT_G002406,ENZ_G000839,CMP_G000644,1,S3_P450Rdb,1,1,B,1,1,0,1,0
INT_G002407,ENZ_G000839,CMP_G000652,1,S3_P450Rdb,1,1,B,1,1,0,1,0
INT_G002408,ENZ_G000839,CMP_G000660,1,S3_P450Rdb,1,1,B,1,1,0,1,0
INT_G002409,ENZ_G000839,CMP_G000670,1,S3_P450Rdb,1,1,B,0,1,0,1,0
INT_G002410,ENZ_G000839,CMP_G000671,1,S3_P450Rdb,1,1,B,0,1,0,1,0
INT_G002411,ENZ_G000839,CMP_G000672,1,S3_P450Rdb,1,1,B,1,1,0,1,0
INT_G002412,ENZ_G000839,CMP_G000680,1,S3_P450Rdb,1,1,B,0,1,0,1,0
INT_G002413,ENZ_G000839,CMP_G000682,1,S1_RCSB|S3_P450Rdb,2,2,A,1,1,1,3,0
INT_G002414,ENZ_G000839,CMP_G000684,1,S3_P450Rdb,1,1,B,0,1,0,1,0
INT_G002415,ENZ_G000839,CMP_G000691,1,S3_P450Rdb,1,1,B,0,1,0,1,0
INT_G002416,ENZ_G000839,CMP_G000696,1,S3_P450Rdb,1,1,B,0,1,0,1,0
INT_G002417,ENZ_G000839,CMP_G000702,1,S1_RCSB,1,1,A,0,0,1,1,0
INT_G002418,ENZ_G000839,CMP_G000705,1,S3_P450Rdb,1,1,B,0,1,0,1,0
INT_G002419,ENZ_G000839,CMP_G000717,1,S3_P450Rdb,1,1,B,0,1,0,1,0
INT_G002420,ENZ_G000839,CMP_G000723,1,S3_P450Rdb,1,1,B,0,1,0,2,0
INT_G002421,ENZ_G000839,CMP_G000749,1,S3_P450Rdb,1,1,B,0,1,0,1,0
INT_G002422,ENZ_G000839,CMP_G000766,1,S3_P450Rdb,1,1,B,0,1,0,1,0
INT_G002423,ENZ_G000839,CMP_G000775,1,S3_P450Rdb,1,1,B,0,1,0,1,0
INT_G002424,ENZ_G000839,CMP_G000777,1,S3_P450Rdb,1,1,B,0,1,0,2,0
INT_G002425,ENZ_G000839,CMP_G000780,1,S3_P450Rdb,1,1,B,0,1,0,1,0
INT_G002426,ENZ_G000839,CMP_G000786,1,S3_P450Rdb,1,1,B,0,1,0,1,0
INT_G002427,ENZ_G000839,CMP_G000802,1,S3_P450Rdb,1,1,B,0,1,0,1,0
INT_G002428,ENZ_G000839,CMP_G000814,1,S3_P450Rdb,1,1,B,0,1,0,1,0
INT_G002429,ENZ_G000839,CMP_G000815,1,S3_P450Rdb,1,1,B,0,1,0,1,0
INT_G002430,ENZ_G000839,CMP_G000821,1,S3_P450Rdb,1,1,B,0,1,0,1,0
INT_G002431,ENZ_G000839,CMP_G000828,1,S3_P450Rdb,1,1,B,1,1,0,1,0
INT_G002432,ENZ_G000839,CMP_G000830,1,S3_P450Rdb,1,1,B,0,1,0,1,0
INT_G002433,ENZ_G000839,CMP_G000842,1,S3_P450Rdb,1,1,B,0,1,0,1,0
INT_G002434,ENZ_G000839,CMP_G000850,1,S3_P450Rdb,1,1,B,0,1,0,1,0
INT_G002435,ENZ_G000839,CMP_G000851,1,S3_P450Rdb,1,1,B,0,1,0,1,0
INT_G002436,ENZ_G000839,CMP_G000863,1,S3_P450Rdb,1,1,B,0,1,0,1,0
INT_G002437,ENZ_G000839,CMP_G000866,1,S3_P450Rdb,1,1,B,1,1,0,1,0
INT_G002438,ENZ_G000839,CMP_G000874,1,S3_P450Rdb,1,1,B,0,1,0,1,0
INT_G002439,ENZ_G000839,CMP_G000877,1,S3_P450Rdb,1,1,B,0,1,0,2,0
INT_G002440,ENZ_G000839,CMP_G000878,1,S1_RCSB,1,1,A,0,0,1,1,0
INT_G002441,ENZ_G000839,CMP_G000886,1,S3_P450Rdb,1,1,B,0,1,0,2,0
INT_G002442,ENZ_G000839,CMP_G000894,1,S3_P450Rdb,1,1,B,0,1,0,1,0
INT_G002443,ENZ_G000839,CMP_G000895,1,S3_P450Rdb,1,1,B,0,1,0,1,0
INT_G002444,ENZ_G000839,CMP_G000901,1,S3_P450Rdb,1,1,B,0,1,0,2,0
INT_G002445,ENZ_G000839,CMP_G000902,1,S3_P450Rdb,1,1,B,0,1,0,1,0
INT_G002446,ENZ_G000839,CMP_G000903,1,S3_P450Rdb,1,1,B,1,1,0,1,0
INT_G002447,ENZ_G000839,CMP_G000907,1,S3_P450Rdb,1,1,B,0,1,0,1,0
INT_G002448,ENZ_G000839,CMP_G000919,1,S3_P450Rdb,1,1,B,0,1,0,1,0
INT_G002449,ENZ_G000839,CMP_G000924,1,S3_P450Rdb,1,1,B,0,1,0,1,0
INT_G002450,ENZ_G000839,CMP_G000928,1,S3_P450Rdb,1,1,B,0,1,0,2,0
INT_G002451,ENZ_G000839,CMP_G000929,1,S3_P450Rdb,1,1,B,0,1,0,1,0
INT_G002452,ENZ_G000839,CMP_G000930,1,S3_P450Rdb,1,1,B,0,1,0,1,0
INT_G002453,ENZ_G000839,CMP_G000932,1,S3_P450Rdb,1,1,B,1,1,0,1,0
INT_G002454,ENZ_G000839,CMP_G000936,1,S3_P450Rdb,1,1,B,0,1,0,1,0
INT_G002455,ENZ_G000839,CMP_G000945,1,S3_P450Rdb,1,1,B,0,1,0,2,0
INT_G002456,ENZ_G000839,CMP_G000956,1,S3_P450Rdb,1,1,B,1,1,0,1,0
INT_G002457,ENZ_G000839,CMP_G000998,1,S3_P450Rdb,1,1,B,0,1,0,1,0
INT_G002458,ENZ_G000839,CMP_G001003,1,S3_P450Rdb,1,1,B,0,1,0,1,0
INT_G002459,ENZ_G000839,CMP_G001014,1,S3_P450Rdb,1,1,B,0,1,0,1,0
INT_G002460,ENZ_G000839,CMP_G001022,1,S3_P450Rdb,1,1,B,1,1,0,1,0
INT_G002461,ENZ_G000839,CMP_G001023,1,S3_P450Rdb,1,1,B,0,1,0,1,0
INT_G002462,ENZ_G000839,CMP_G001024,1,S1_RCSB,1,1,A,0,0,1,1,0
INT_G002463,ENZ_G000839,CMP_G001026,1,S3_P450Rdb,1,1,B,0,1,0,1,0
INT_G002464,ENZ_G000839,CMP_G001028,1,S3_P450Rdb,1,2,B,0,1,0,1,0
INT_G002465,ENZ_G000839,CMP_G001029,1,S3_P450Rdb,1,1,B,0,1,0,1,0
INT_G002466,ENZ_G000839,CMP_G001032,1,S3_P450Rdb,1,1,B,0,1,0,1,0
INT_G002467,ENZ_G000839,CMP_G001035,1,S3_P450Rdb,1,1,B,1,1,0,1,0
INT_G002468,ENZ_G000839,CMP_G001038,1,S3_P450Rdb,1,1,B,1,1,0,1,0
INT_G002469,ENZ_G000839,CMP_G001039,1,S3_P450Rdb,1,1,B,0,1,0,1,0
INT_G002470,ENZ_G000839,CMP_G001043,1,S3_P450Rdb,1,1,B,0,1,0,2,0
INT_G002471,ENZ_G000839,CMP_G001046,1,S3_P450Rdb,1,1,B,0,1,0,2,0
INT_G002472,ENZ_G000839,CMP_G001047,1,S3_P450Rdb,1,1,B,1,1,0,1,0
INT_G002473,ENZ_G000839,CMP_G001052,1,S3_P450Rdb,1,1,B,1,1,0,1,0
INT_G002474,ENZ_G000839,CMP_G001060,1,S3_P450Rdb,1,1,B,0,1,0,2,0
INT_G002475,ENZ_G000839,CMP_G001078,1,S3_P450Rdb,1,1,B,0,1,0,1,0
INT_G002476,ENZ_G000839,CMP_G001093,1,S3_P450Rdb,1,2,B,0,1,0,1,0
INT_G002477,ENZ_G000839,CMP_G001102,1,S3_P450Rdb,1,1,B,0,1,0,1,0
INT_G002478,ENZ_G000839,CMP_G001103,1,S3_P450Rdb,1,1,B,0,1,0,2,0
INT_G002479,ENZ_G000839,CMP_G001109,1,S3_P450Rdb,1,1,B,1,1,0,1,0
INT_G002480,ENZ_G000839,CMP_G001111,1,S3_P450Rdb,1,1,B,0,1,0,1,0
INT_G002481,ENZ_G000839,CMP_G001112,1,S3_P450Rdb,1,1,B,0,1,0,1,0
INT_G002482,ENZ_G000839,CMP_G001120,1,S3_P450Rdb,1,1,B,0,1,0,2,0
INT_G002483,ENZ_G000839,CMP_G001129,1,S1_RCSB,1,1,A,0,0,1,1,0
INT_G002484,ENZ_G000839,CMP_G001134,1,S3_P450Rdb,1,1,B,0,1,0,2,0
INT_G002485,ENZ_G000839,CMP_G001135,1,S3_P450Rdb,1,1,B,0,1,0,1,0
INT_G002486,ENZ_G000839,CMP_G001141,1,S3_P450Rdb,1,1,B,0,1,0,2,0
INT_G002487,ENZ_G000839,CMP_G001143,1,S3_P450Rdb,1,1,B,0,1,0,1,0
INT_G002488,ENZ_G000839,CMP_G001151,1,S3_P450Rdb,1,1,B,0,1,0,1,0
INT_G002489,ENZ_G000839,CMP_G001158,1,S3_P450Rdb,1,1,B,0,1,0,1,0
INT_G002490,ENZ_G000839,CMP_G001161,1,S3_P450Rdb,1,1,B,0,1,0,1,0
INT_G002491,ENZ_G000839,CMP_G001162,1,S3_P450Rdb,1,1,B,0,1,0,1,0
INT_G002492,ENZ_G000839,CMP_G001181,1,S3_P450Rdb,1,1,B,0,1,0,1,0
INT_G002493,ENZ_G000839,CMP_G001191,1,S3_P450Rdb,1,1,B,1,1,0,1,0
INT_G002494,ENZ_G000839,CMP_G001202,1,S3_P450Rdb,1,1,B,0,1,0,1,0
INT_G002495,ENZ_G000839,CMP_G001219,1,S3_P450Rdb,1,1,B,0,1,0,1,0
INT_G002496,ENZ_G000839,CMP_G001233,1,S3_P450Rdb,1,1,B,0,1,0,1,0
INT_G002497,ENZ_G000839,CMP_G001235,1,S3_P450Rdb,1,1,B,0,1,0,2,0
INT_G002498,ENZ_G000839,CMP_G001236,1,S3_P450Rdb,1,1,B,1,1,0,1,0
INT_G002499,ENZ_G000839,CMP_G001237,1,S3_P450Rdb,1,1,B,0,1,0,1,0
INT_G002500,ENZ_G000839,CMP_G001238,1,S3_P450Rdb,1,1,B,0,1,0,1,0
INT_G002501,ENZ_G000839,CMP_G001239,1,S3_P450Rdb,1,1,B,0,1,0,1,0
INT_G002502,ENZ_G000839,CMP_G001245,1,S3_P450Rdb,1,1,B,0,1,0,1,0
INT_G002503,ENZ_G000839,CMP_G001250,1,S3_P450Rdb,1,1,B,1,1,0,2,0
INT_G002504,ENZ_G000839,CMP_G001252,1,S1_RCSB|S3_P450Rdb,2,2,A,1,1,1,3,0
INT_G002505,ENZ_G000839,CMP_G001253,1,S1_RCSB,1,1,A,0,0,1,1,0
INT_G002506,ENZ_G000839,CMP_G001254,1,S3_P450Rdb,1,1,B,0,1,0,1,0
INT_G002507,ENZ_G000839,CMP_G001259,1,S3_P450Rdb,1,1,B,0,1,0,1,0
INT_G002508,ENZ_G000839,CMP_G001261,1,S3_P450Rdb,1,1,B,0,1,0,1,0
INT_G002509,ENZ_G000839,CMP_G001264,1,S3_P450Rdb,1,1,B,1,1,0,1,0
INT_G002510,ENZ_G000839,CMP_G001275,1,S3_P450Rdb,1,1,B,0,1,0,1,0
INT_G002511,ENZ_G000839,CMP_G001281,1,S3_P450Rdb,1,1,B,1,1,0,1,0
INT_G002512,ENZ_G000839,CMP_G001287,1,S3_P450Rdb,1,1,B,0,1,0,1,0
INT_G002513,ENZ_G000839,CMP_G001289,1,S3_P450Rdb,1,1,B,0,1,0,1,0
INT_G002514,ENZ_G000839,CMP_G001291,1,S3_P450Rdb,1,1,B,0,1,0,1,0
INT_G002515,ENZ_G000839,CMP_G001295,1,S3_P450Rdb,1,1,B,0,1,0,1,0
INT_G002516,ENZ_G000839,CMP_G001299,1,S3_P450Rdb,1,1,B,0,1,0,1,0
INT_G002517,ENZ_G000839,CMP_G001300,1,S3_P450Rdb,1,1,B,0,1,0,1,0
INT_G002518,ENZ_G000839,CMP_G001321,1,S3_P450Rdb,1,1,B,0,1,0,1,0
INT_G002519,ENZ_G000839,CMP_G001323,1,S3_P450Rdb,1,1,B,0,1,0,1,0
INT_G002520,ENZ_G000839,CMP_G001334,1,S3_P450Rdb,1,1,B,0,1,0,1,0
INT_G002521,ENZ_G000839,CMP_G001339,1,S3_P450Rdb,1,1,B,0,1,0,1,0
INT_G002522,ENZ_G000839,CMP_G001341,1,S3_P450Rdb,1,1,B,0,1,0,1,0
INT_G002523,ENZ_G000839,CMP_G001347,1,S3_P450Rdb,1,1,B,0,1,0,1,0
INT_G002524,ENZ_G000839,CMP_G001354,1,S3_P450Rdb,1,2,B,0,1,0,1,0
INT_G002525,ENZ_G000839,CMP_G001359,1,S3_P450Rdb,1,1,B,0,1,0,1,0
INT_G002526,ENZ_G000839,CMP_G001363,1,S3_P450Rdb,1,1,B,1,1,0,1,0
INT_G002527,ENZ_G000839,CMP_G001364,1,S3_P450Rdb,1,1,B,0,1,0,1,0
INT_G002528,ENZ_G000839,CMP_G001375,1,S3_P450Rdb,1,1,B,1,1,0,1,0
INT_G002529,ENZ_G000839,CMP_G001377,1,S3_P450Rdb,1,1,B,0,1,0,1,0
INT_G002530,ENZ_G000839,CMP_G001379,1,S3_P450Rdb,1,1,B,0,1,0,1,0
INT_G002531,ENZ_G000839,CMP_G001380,1,S3_P450Rdb,1,1,B,0,1,0,1,0
INT_G002532,ENZ_G000839,CMP_G001383,1,S3_P450Rdb,1,1,B,1,1,0,1,0
INT_G002533,ENZ_G000839,CMP_G001384,1,S3_P450Rdb,1,1,B,0,1,0,1,0
INT_G002534,ENZ_G000839,CMP_G001387,1,S3_P450Rdb,1,1,B,1,1,0,1,0
INT_G002535,ENZ_G000839,CMP_G001400,1,S3_P450Rdb,1,1,B,0,1,0,1,0
INT_G002536,ENZ_G000839,CMP_G001413,1,S3_P450Rdb,1,1,B,0,1,0,1,0
INT_G002537,ENZ_G000839,CMP_G001415,1,S3_P450Rdb,1,1,B,0,1,0,1,0
INT_G002538,ENZ_G000839,CMP_G001427,1,S3_P450Rdb,1,1,B,0,1,0,1,0
INT_G002539,ENZ_G000839,CMP_G001435,1,S3_P450Rdb,1,1,B,0,1,0,1,0
INT_G002540,ENZ_G000839,CMP_G001452,1,S3_P450Rdb,1,1,B,0,1,0,1,0
INT_G002541,ENZ_G000839,CMP_G001472,1,S3_P450Rdb,1,1,B,0,1,0,1,0
INT_G002542,ENZ_G000839,CMP_G001479,1,S1_RCSB,1,1,A,0,0,1,1,0
INT_G002543,ENZ_G000839,CMP_G001480,1,S3_P450Rdb,1,1,B,0,1,0,1,0
INT_G002544,ENZ_G000839,CMP_G001486,1,S3_P450Rdb,1,1,B,0,1,0,1,0
INT_G002545,ENZ_G000839,CMP_G001487,1,S3_P450Rdb,1,1,B,0,1,0,1,0
INT_G002546,ENZ_G000839,CMP_G001504,1,S3_P450Rdb,1,1,B,1,1,0,2,0
INT_G002547,ENZ_G000839,CMP_G001516,1,S3_P450Rdb,1,1,B,0,1,0,1,0
INT_G002548,ENZ_G000839,CMP_G001517,1,S3_P450Rdb,1,1,B,1,1,0,1,0
INT_G002549,ENZ_G000839,CMP_G001518,1,S3_P450Rdb,1,1,B,1,1,0,1,0
INT_G002550,ENZ_G000839,CMP_G001520,1,S3_P450Rdb,1,1,B,0,1,0,2,0
INT_G002551,ENZ_G000839,CMP_G001523,1,S3_P450Rdb,1,1,B,1,1,0,1,0
INT_G002552,ENZ_G000839,CMP_G001530,1,S3_P450Rdb,1,1,B,0,1,0,1,0
INT_G002553,ENZ_G000839,CMP_G001543,1,S3_P450Rdb,1,1,B,1,1,0,1,0
INT_G002554,ENZ_G000839,CMP_G001554,1,S3_P450Rdb,1,1,B,0,1,0,2,0
INT_G002555,ENZ_G000839,CMP_G001558,1,S3_P450Rdb,1,2,B,0,1,0,1,0
INT_G002556,ENZ_G000839,CMP_G001561,1,S3_P450Rdb,1,1,B,0,1,0,1,0
INT_G002557,ENZ_G000839,CMP_G001563,1,S3_P450Rdb,1,1,B,0,1,0,1,0
INT_G002558,ENZ_G000839,CMP_G001574,1,S3_P450Rdb,1,1,B,0,1,0,1,0
INT_G002559,ENZ_G000839,CMP_G001575,1,S1_RCSB,1,1,A,0,0,1,1,0
INT_G002560,ENZ_G000839,CMP_G001580,1,S3_P450Rdb,1,1,B,0,1,0,1,0
INT_G002561,ENZ_G000839,CMP_G001585,1,S3_P450Rdb,1,1,B,0,1,0,1,0
INT_G002562,ENZ_G000839,CMP_G001593,1,S3_P450Rdb,1,1,B,0,1,0,1,0
INT_G002563,ENZ_G000839,CMP_G001598,1,S3_P450Rdb,1,2,B,0,1,0,1,0
INT_G002564,ENZ_G000839,CMP_G001601,1,S1_RCSB,1,1,A,0,0,1,1,0
INT_G002565,ENZ_G000839,CMP_G001611,1,S3_P450Rdb,1,1,B,0,1,0,1,0
INT_G002566,ENZ_G000839,CMP_G001617,1,S3_P450Rdb,1,1,B,0,1,0,1,0
INT_G002567,ENZ_G000839,CMP_G001624,1,S3_P450Rdb,1,1,B,0,1,0,1,0
INT_G002568,ENZ_G000839,CMP_G001630,1,S3_P450Rdb,1,1,B,0,1,0,2,0
INT_G002569,ENZ_G000839,CMP_G001633,1,S3_P450Rdb,1,1,B,0,1,0,1,0
INT_G002570,ENZ_G000839,CMP_G001638,1,S3_P450Rdb,1,1,B,0,1,0,1,0
INT_G002571,ENZ_G000839,CMP_G001661,1,S3_P450Rdb,1,1,B,1,1,0,2,0
INT_G002572,ENZ_G000839,CMP_G001681,1,S3_P450Rdb,1,1,B,0,1,0,1,0
INT_G002573,ENZ_G000839,CMP_G001698,1,S3_P450Rdb,1,1,B,0,1,0,1,0
INT_G002574,ENZ_G000839,CMP_G001703,1,S3_P450Rdb,1,1,B,1,1,0,1,0
INT_G002575,ENZ_G000839,CMP_G001708,1,S3_P450Rdb,1,1,B,0,1,0,2,0
INT_G002576,ENZ_G000839,CMP_G001712,1,S3_P450Rdb,1,1,B,1,1,0,2,0
INT_G002577,ENZ_G000839,CMP_G001718,1,S3_P450Rdb,1,1,B,0,1,0,1,0
INT_G002578,ENZ_G000839,CMP_G001720,1,S3_P450Rdb,1,1,B,1,1,0,1,0
INT_G002579,ENZ_G000839,CMP_G001721,1,S3_P450Rdb,1,1,B,0,1,0,1,0
INT_G002580,ENZ_G000839,CMP_G001723,1,S3_P450Rdb,1,1,B,0,1,0,2,0
INT_G002581,ENZ_G000839,CMP_G001725,1,S3_P450Rdb,1,1,B,0,1,0,1,0
INT_G002582,ENZ_G000839,CMP_G001733,1,S3_P450Rdb,1,1,B,0,1,0,1,0
INT_G002583,ENZ_G000839,CMP_G001745,1,S3_P450Rdb,1,1,B,0,1,0,2,0
INT_G002584,ENZ_G000839,CMP_G001751,1,S3_P450Rdb,1,1,B,0,1,0,1,0
INT_G002585,ENZ_G000839,CMP_G001759,1,S3_P450Rdb,1,1,B,0,1,0,1,0
INT_G002586,ENZ_G000839,CMP_G001760,1,S3_P450Rdb,1,1,B,0,1,0,1,0
INT_G002587,ENZ_G000839,CMP_G001775,1,S1_RCSB,1,1,A,0,0,1,1,0
INT_G002588,ENZ_G000839,CMP_G001779,1,S3_P450Rdb,1,1,B,0,1,0,1,0
INT_G002589,ENZ_G000839,CMP_G001788,1,S3_P450Rdb,1,1,B,0,1,0,1,0
INT_G002590,ENZ_G000839,CMP_G001789,1,S3_P450Rdb,1,1,B,0,1,0,1,0
INT_G002591,ENZ_G000839,CMP_G001796,1,S3_P450Rdb,1,1,B,0,1,0,2,0
INT_G002592,ENZ_G000839,CMP_G001805,1,S3_P450Rdb,1,1,B,0,1,0,1,0
INT_G002593,ENZ_G000839,CMP_G001806,1,S3_P450Rdb,1,1,B,0,1,0,1,0
INT_G002594,ENZ_G000839,CMP_G001808,1,S3_P450Rdb,1,1,B,0,1,0,2,0
INT_G002595,ENZ_G000839,CMP_G001813,1,S3_P450Rdb,1,1,B,1,1,0,1,0
INT_G002596,ENZ_G000839,CMP_G001816,1,S3_P450Rdb,1,1,B,0,1,0,1,0
INT_G002597,ENZ_G000839,CMP_G001827,1,S3_P450Rdb,1,1,B,0,1,0,2,0
INT_G002598,ENZ_G000839,CMP_G001834,1,S3_P450Rdb,1,1,B,1,1,0,3,0
INT_G002599,ENZ_G000839,CMP_G001837,1,S3_P450Rdb,1,1,B,0,1,0,1,0
INT_G002600,ENZ_G000839,CMP_G001840,1,S3_P450Rdb,1,1,B,0,1,0,1,0
INT_G002601,ENZ_G000839,CMP_G001846,1,S3_P450Rdb,1,1,B,0,1,0,1,0
INT_G002602,ENZ_G000839,CMP_G001847,1,S3_P450Rdb,1,1,B,0,1,0,1,0
INT_G002603,ENZ_G000839,CMP_G001855,1,S3_P450Rdb,1,1,B,0,1,0,1,0
INT_G002604,ENZ_G000839,CMP_G001862,1,S3_P450Rdb,1,1,B,0,1,0,1,0
INT_G002605,ENZ_G000839,CMP_G001868,1,S3_P450Rdb,1,1,B,0,1,0,1,0
INT_G002606,ENZ_G000839,CMP_G001869,1,S3_P450Rdb,1,1,B,0,1,0,1,0
INT_G002607,ENZ_G000839,CMP_G001877,1,S3_P450Rdb,1,1,B,0,1,0,1,0
INT_G002608,ENZ_G000839,CMP_G001879,1,S3_P450Rdb,1,1,B,1,1,0,1,0
INT_G002609,ENZ_G000839,CMP_G001885,1,S3_P450Rdb,1,1,B,0,1,0,1,0
INT_G002610,ENZ_G000839,CMP_G001895,1,S3_P450Rdb,1,1,B,0,1,0,1,0
INT_G002611,ENZ_G000839,CMP_G001922,1,S3_P450Rdb,1,1,B,0,1,0,1,0
INT_G002612,ENZ_G000839,CMP_G001928,1,S1_RCSB,1,1,A,0,0,1,1,0
INT_G002613,ENZ_G000839,CMP_G001930,1,S3_P450Rdb,1,1,B,1,1,0,1,0
INT_G002614,ENZ_G000839,CMP_G001931,1,S3_P450Rdb,1,1,B,0,1,0,1,0
INT_G002615,ENZ_G000839,CMP_G001948,1,S3_P450Rdb,1,1,B,1,1,0,2,0
INT_G002616,ENZ_G000839,CMP_G001977,1,S3_P450Rdb,1,1,B,0,1,0,1,0
INT_G002617,ENZ_G000839,CMP_G001978,1,S3_P450Rdb,1,1,B,0,1,0,1,0
INT_G002618,ENZ_G000839,CMP_G001979,1,S3_P450Rdb,1,1,B,0,1,0,1,0
INT_G002619,ENZ_G000839,CMP_G001980,1,S3_P450Rdb,1,1,B,0,1,0,1,0
INT_G002620,ENZ_G000839,CMP_G001981,1,S3_P450Rdb,1,1,B,0,1,0,1,0
INT_G002621,ENZ_G000839,CMP_G001983,1,S3_P450Rdb,1,1,B,0,1,0,2,0
INT_G002622,ENZ_G000839,CMP_G001985,1,S1_RCSB,1,1,A,0,0,1,1,0
INT_G002623,ENZ_G000839,CMP_G001987,1,S3_P450Rdb,1,1,B,1,1,0,2,0
INT_G002624,ENZ_G000839,CMP_G001992,1,S3_P450Rdb,1,1,B,0,1,0,1,0
INT_G002625,ENZ_G000839,CMP_G002000,1,S3_P450Rdb,1,1,B,0,1,0,1,0
INT_G002626,ENZ_G000839,CMP_G002004,1,S3_P450Rdb,1,1,B,1,1,0,1,0
INT_G002627,ENZ_G000839,CMP_G002012,1,S3_P450Rdb,1,1,B,0,1,0,1,0
INT_G002628,ENZ_G000839,CMP_G002017,1,S3_P450Rdb,1,1,B,0,1,0,1,0
INT_G002629,ENZ_G000839,CMP_G002019,1,S1_RCSB,1,1,A,0,0,1,1,0
INT_G002630,ENZ_G000839,CMP_G002021,1,S3_P450Rdb,1,1,B,0,1,0,1,0
INT_G002631,ENZ_G000839,CMP_G002028,1,S3_P450Rdb,1,1,B,0,1,0,1,0
INT_G002632,ENZ_G000839,CMP_G002029,1,S3_P450Rdb,1,1,B,0,1,0,1,0
INT_G002633,ENZ_G000839,CMP_G002031,1,S3_P450Rdb,1,1,B,0,1,0,1,0
INT_G002634,ENZ_G000839,CMP_G002045,1,S3_P450Rdb,1,1,B,0,1,0,1,0
INT_G002635,ENZ_G000839,CMP_G002046,1,S3_P450Rdb,1,1,B,0,1,0,1,0
INT_G002636,ENZ_G000839,CMP_G002072,1,S3_P450Rdb,1,1,B,0,1,0,1,0
INT_G002637,ENZ_G000839,CMP_G002073,1,S3_P450Rdb,1,1,B,0,1,0,1,0
INT_G002638,ENZ_G000839,CMP_G002080,1,S3_P450Rdb,1,1,B,1,1,0,1,0
INT_G002639,ENZ_G000839,CMP_G002082,1,S3_P450Rdb,1,1,B,0,1,0,1,0
INT_G002640,ENZ_G000839,CMP_G002086,1,S3_P450Rdb,1,1,B,1,1,0,1,0
INT_G002641,ENZ_G000839,CMP_G002089,1,S3_P450Rdb,1,1,B,0,1,0,1,0
INT_G002642,ENZ_G000839,CMP_G002101,1,S3_P450Rdb,1,1,B,0,1,0,1,0
INT_G002643,ENZ_G000839,CMP_G002111,1,S3_P450Rdb,1,1,B,0,1,0,1,0
INT_G002644,ENZ_G000839,CMP_G002117,1,S3_P450Rdb,1,1,B,0,1,0,1,0
INT_G002645,ENZ_G000840,CMP_G000009,1,S3_P450Rdb,1,1,B,1,1,0,1,0
INT_G002646,ENZ_G000841,CMP_G000009,1,S3_P450Rdb,1,1,B,1,1,0,1,0
INT_G002647,ENZ_G000842,CMP_G000001,1,S3_P450Rdb,1,1,B,1,1,0,1,0
INT_G002648,ENZ_G000842,CMP_G000030,1,S2_ESIBank,1,1,B,0,0,0,1,0
INT_G002649,ENZ_G000842,CMP_G000521,1,S2_ESIBank,1,1,B,0,0,0,1,0
INT_G002650,ENZ_G000842,CMP_G000564,1,S2_ESIBank|S3_P450Rdb,2,2,B,1,1,0,1,0
INT_G002651,ENZ_G000842,CMP_G000796,1,S2_ESIBank,1,1,B,0,0,0,1,0
INT_G002652,ENZ_G000842,CMP_G000908,1,S3_P450Rdb,1,1,B,1,1,0,1,0
INT_G002653,ENZ_G000842,CMP_G001159,1,S2_ESIBank|S3_P450Rdb,2,2,B,1,1,0,1,0
INT_G002654,ENZ_G000842,CMP_G001353,1,S2_ESIBank,1,1,B,0,0,0,1,0
INT_G002655,ENZ_G000842,CMP_G001771,1,S2_ESIBank,1,1,B,0,0,0,1,0
INT_G002656,ENZ_G000842,CMP_G002051,1,S2_ESIBank|S3_P450Rdb,2,2,B,1,1,0,2,0
INT_G002657,ENZ_G000843,CMP_G000001,1,S3_P450Rdb,1,1,B,1,1,0,1,0
INT_G002658,ENZ_G000843,CMP_G000796,1,S3_P450Rdb,1,1,B,1,1,0,1,0
INT_G002659,ENZ_G000843,CMP_G001771,1,S3_P450Rdb,1,1,B,1,1,0,2,0
INT_G002660,ENZ_G000843,CMP_G002051,1,S3_P450Rdb,1,1,B,1,1,0,3,0
INT_G002661,ENZ_G000844,CMP_G000001,1,S3_P450Rdb,1,1,B,1,1,0,1,0
INT_G002662,ENZ_G000844,CMP_G001771,1,S3_P450Rdb,1,1,B,1,1,0,1,0
INT_G002663,ENZ_G000844,CMP_G002051,1,S3_P450Rdb,1,1,B,1,1,0,1,0
INT_G002664,ENZ_G000845,CMP_G000153,1,S2_ESIBank,1,1,B,0,0,0,1,0
INT_G002665,ENZ_G000845,CMP_G000279,1,S2_ESIBank,1,1,B,0,0,0,1,0
INT_G002666,ENZ_G000846,CMP_G001531,1,S3_P450Rdb|S9_PCPD,2,2,B,1,1,0,1,0
INT_G002667,ENZ_G000847,CMP_G001531,1,S3_P450Rdb|S9_PCPD,2,2,B,1,1,0,1,0
INT_G002668,ENZ_G000848,CMP_G000474,1,S3_P450Rdb,1,1,B,1,1,0,1,0
INT_G002669,ENZ_G000849,CMP_G001404,1,S3_P450Rdb|S9_PCPD,2,2,B,1,1,0,1,0
INT_G002670,ENZ_G000849,CMP_G001636,1,S3_P450Rdb|S9_PCPD,2,2,B,1,1,0,1,0
INT_G002671,ENZ_G000849,CMP_G001874,1,S3_P450Rdb|S9_PCPD,2,2,B,1,1,0,1,0
INT_G002672,ENZ_G000850,CMP_G000607,1,S3_P450Rdb|S9_PCPD,2,2,B,1,1,0,1,0
INT_G002673,ENZ_G000850,CMP_G001376,1,S3_P450Rdb|S9_PCPD,2,2,B,1,1,0,1,0
INT_G002674,ENZ_G000851,CMP_G000509,1,S2_ESIBank,1,1,B,0,0,0,1,0
INT_G002675,ENZ_G000851,CMP_G000654,1,S2_ESIBank,1,1,B,0,0,0,1,0
INT_G002676,ENZ_G000851,CMP_G000655,1,S2_ESIBank,1,1,B,0,0,0,1,0
INT_G002677,ENZ_G000851,CMP_G000952,1,S2_ESIBank,1,1,B,0,0,0,1,0
INT_G002678,ENZ_G000851,CMP_G001034,1,S2_ESIBank,1,1,B,0,0,0,1,0
INT_G002679,ENZ_G000851,CMP_G001097,1,S2_ESIBank,1,1,B,0,0,0,1,0
INT_G002680,ENZ_G000851,CMP_G001803,1,S3_P450Rdb|S9_PCPD,2,2,B,1,1,0,1,0
INT_G002681,ENZ_G000851,CMP_G001804,1,S2_ESIBank,1,1,B,0,0,0,1,0
INT_G002682,ENZ_G000851,CMP_G001863,1,S2_ESIBank,1,1,B,0,0,0,1,0
INT_G002683,ENZ_G000851,CMP_G001961,1,S2_ESIBank,1,1,B,0,0,0,1,0
INT_G002684,ENZ_G000851,CMP_G002116,1,S2_ESIBank,1,1,B,0,0,0,1,0
INT_G002685,ENZ_G000852,CMP_G000607,1,S2_ESIBank|S3_P450Rdb|S9_PCPD,3,3,B,1,1,0,1,0
INT_G002686,ENZ_G000852,CMP_G001372,1,S2_ESIBank,1,1,B,0,0,0,1,0
INT_G002687,ENZ_G000853,CMP_G000155,1,S1_RCSB,1,1,A,0,0,1,1,0
INT_G002688,ENZ_G000853,CMP_G000287,1,S1_RCSB,1,1,A,0,0,1,1,0
INT_G002689,ENZ_G000853,CMP_G000788,1,S3_P450Rdb,1,1,B,1,1,0,1,0
INT_G002690,ENZ_G000853,CMP_G000933,1,S1_RCSB,1,1,A,0,0,1,1,0
INT_G002691,ENZ_G000853,CMP_G001036,1,S3_P450Rdb,1,1,B,1,1,0,1,0
INT_G002692,ENZ_G000853,CMP_G001056,1,S3_P450Rdb,1,1,B,1,1,0,1,0
INT_G002693,ENZ_G000853,CMP_G001264,1,S3_P450Rdb,1,1,B,1,1,0,1,0
INT_G002694,ENZ_G000853,CMP_G001376,1,S3_P450Rdb,1,2,B,1,1,0,1,0
INT_G002695,ENZ_G000853,CMP_G001431,1,S3_P450Rdb,1,1,B,1,1,0,1,0
INT_G002696,ENZ_G000853,CMP_G001660,1,S3_P450Rdb,1,1,B,1,1,0,1,0
INT_G002697,ENZ_G000853,CMP_G001933,1,S1_RCSB,1,1,A,0,0,1,1,0
INT_G002698,ENZ_G000854,CMP_G001264,1,S3_P450Rdb,1,1,B,1,1,0,1,0
INT_G002699,ENZ_G000854,CMP_G001660,1,S3_P450Rdb,1,1,B,1,1,0,1,0
INT_G002700,ENZ_G000855,CMP_G000001,1,S3_P450Rdb,1,1,B,1,1,0,1,0
INT_G002701,ENZ_G000855,CMP_G000561,1,S3_P450Rdb,1,1,B,1,1,0,1,0
INT_G002702,ENZ_G000855,CMP_G000564,1,S3_P450Rdb,1,1,B,1,1,0,1,0
INT_G002703,ENZ_G000855,CMP_G000796,1,S3_P450Rdb,1,1,B,1,1,0,1,0
INT_G002704,ENZ_G000855,CMP_G001159,1,S3_P450Rdb,1,1,B,1,1,0,1,0
INT_G002705,ENZ_G000855,CMP_G001255,1,S9_PCPD,1,1,B,0,0,0,1,0
INT_G002706,ENZ_G000855,CMP_G001771,1,S2_ESIBank|S3_P450Rdb,2,2,B,1,1,0,1,0
INT_G002707,ENZ_G000855,CMP_G002051,1,S2_ESIBank|S3_P450Rdb,2,2,B,1,1,0,1,0
INT_G002708,ENZ_G000856,CMP_G000476,1,S2_ESIBank,1,1,B,0,0,0,1,0
INT_G002709,ENZ_G000857,CMP_G000113,1,S1_RCSB,1,1,A,0,0,1,1,0
INT_G002710,ENZ_G000857,CMP_G000157,1,S1_RCSB,1,1,A,0,0,1,1,0
INT_G002711,ENZ_G000857,CMP_G000325,1,S3_P450Rdb|S9_PCPD,2,2,B,1,1,0,1,0
INT_G002712,ENZ_G000857,CMP_G000519,1,S1_RCSB,1,1,A,0,0,1,1,0
INT_G002713,ENZ_G000857,CMP_G000661,1,S1_RCSB,1,1,A,0,0,1,1,0
INT_G002714,ENZ_G000857,CMP_G000912,1,S3_P450Rdb|S9_PCPD,2,2,B,1,1,0,3,0
INT_G002715,ENZ_G000857,CMP_G001024,1,S3_P450Rdb|S9_PCPD,2,2,B,1,1,0,2,0
INT_G002716,ENZ_G000857,CMP_G001050,1,S1_RCSB,1,1,A,0,0,1,1,0
INT_G002717,ENZ_G000857,CMP_G001188,1,S1_RCSB,1,1,A,0,0,1,1,0
INT_G002718,ENZ_G000857,CMP_G001392,1,S3_P450Rdb|S9_PCPD,2,2,B,1,1,0,1,0
INT_G002719,ENZ_G000857,CMP_G001526,1,S1_RCSB,1,1,A,0,0,1,1,0
INT_G002720,ENZ_G000857,CMP_G001719,1,S3_P450Rdb|S9_PCPD,2,2,B,1,1,0,1,0
INT_G002721,ENZ_G000858,CMP_G000009,1,S3_P450Rdb,1,1,B,1,1,0,1,0
INT_G002722,ENZ_G000858,CMP_G000030,1,S3_P450Rdb|S9_PCPD,2,2,B,1,1,0,1,0
INT_G002723,ENZ_G000858,CMP_G000325,1,S3_P450Rdb|S9_PCPD,2,2,B,1,1,0,2,0
INT_G002724,ENZ_G000858,CMP_G000425,1,S3_P450Rdb|S9_PCPD,2,2,B,1,1,0,1,0
INT_G002725,ENZ_G000858,CMP_G001024,1,S3_P450Rdb|S9_PCPD,2,2,B,1,1,0,1,0
INT_G002726,ENZ_G000858,CMP_G001405,1,S3_P450Rdb|S9_PCPD,2,2,B,1,1,0,1,0
INT_G002727,ENZ_G000858,CMP_G001498,1,S3_P450Rdb|S9_PCPD,2,2,B,1,1,0,1,0
INT_G002728,ENZ_G000858,CMP_G001719,1,S3_P450Rdb|S9_PCPD,2,2,B,1,1,0,2,0
INT_G002729,ENZ_G000859,CMP_G000014,1,S3_P450Rdb,1,1,B,1,1,0,1,0
INT_G002730,ENZ_G000859,CMP_G000681,1,S3_P450Rdb|S9_PCPD,2,2,B,1,1,0,1,0
INT_G002731,ENZ_G000859,CMP_G001249,1,S3_P450Rdb|S9_PCPD,2,2,B,1,1,0,2,0
INT_G002732,ENZ_G000859,CMP_G001559,1,S3_P450Rdb|S9_PCPD,2,2,B,1,1,0,1,0
INT_G002733,ENZ_G000860,CMP_G000014,1,S3_P450Rdb,1,1,B,1,1,0,1,0
INT_G002734,ENZ_G000860,CMP_G001249,1,S3_P450Rdb|S9_PCPD,2,2,B,1,1,0,2,0
INT_G002735,ENZ_G000860,CMP_G001559,1,S3_P450Rdb|S9_PCPD,2,2,B,1,1,0,1,0
INT_G002736,ENZ_G000861,CMP_G000267,1,S3_P450Rdb,1,1,B,1,1,0,1,0
INT_G002737,ENZ_G000861,CMP_G000607,1,S2_ESIBank|S3_P450Rdb,2,2,B,1,1,0,1,0
INT_G002738,ENZ_G000861,CMP_G000676,1,S3_P450Rdb,1,1,B,1,1,0,1,0
INT_G002739,ENZ_G000861,CMP_G000677,1,S3_P450Rdb,1,1,B,1,1,0,1,0
INT_G002740,ENZ_G000861,CMP_G000715,1,S3_P450Rdb,1,1,B,1,1,0,2,0
INT_G002741,ENZ_G000861,CMP_G001584,1,S2_ESIBank|S3_P450Rdb,2,2,B,1,1,0,1,0
INT_G002742,ENZ_G000862,CMP_G000153,1,S2_ESIBank,1,1,B,0,0,0,1,0
INT_G002743,ENZ_G000862,CMP_G000513,1,S3_P450Rdb,1,1,B,1,1,0,2,0
INT_G002744,ENZ_G000862,CMP_G001051,1,S2_ESIBank,1,1,B,0,0,0,1,0
INT_G002745,ENZ_G000862,CMP_G001306,1,S2_ESIBank,1,1,B,0,0,0,1,0
INT_G002746,ENZ_G000863,CMP_G000009,1,S3_P450Rdb,1,1,B,1,1,0,1,0
INT_G002747,ENZ_G000863,CMP_G000270,1,S3_P450Rdb|S9_PCPD,2,2,B,1,1,0,1,0
INT_G002748,ENZ_G000863,CMP_G000271,1,S1_RCSB,1,1,A,0,0,1,1,0
INT_G002749,ENZ_G000863,CMP_G000325,1,S3_P450Rdb|S9_PCPD,2,2,B,1,1,0,3,0
INT_G002750,ENZ_G000863,CMP_G000412,1,S3_P450Rdb,1,1,B,1,1,0,1,0
INT_G002751,ENZ_G000863,CMP_G001024,1,S3_P450Rdb|S9_PCPD,2,2,B,1,1,0,1,0
INT_G002752,ENZ_G000863,CMP_G001498,1,S3_P450Rdb|S9_PCPD,2,2,B,1,1,0,2,0
INT_G002753,ENZ_G000863,CMP_G001719,1,S3_P450Rdb|S9_PCPD,2,2,B,1,1,0,2,0
INT_G002754,ENZ_G000864,CMP_G000009,1,S3_P450Rdb,1,1,B,1,1,0,1,0
INT_G002755,ENZ_G000864,CMP_G000122,1,S3_P450Rdb|S9_PCPD,2,2,B,1,1,0,1,0
INT_G002756,ENZ_G000864,CMP_G001249,1,S3_P450Rdb|S9_PCPD,2,2,B,1,1,0,2,0
INT_G002757,ENZ_G000864,CMP_G002026,1,S3_P450Rdb|S9_PCPD,2,2,B,1,1,0,1,0
INT_G002758,ENZ_G000865,CMP_G000497,1,S8_PlantP450DB,1,1,B,1,0,0,1,0
INT_G002759,ENZ_G000865,CMP_G000499,1,S8_PlantP450DB,1,1,B,1,0,0,1,0
INT_G002760,ENZ_G000866,CMP_G000720,1,S3_P450Rdb|S9_PCPD,2,2,B,1,1,0,5,0
INT_G002761,ENZ_G000866,CMP_G001080,1,S3_P450Rdb|S9_PCPD,2,2,B,1,1,0,1,0
INT_G002762,ENZ_G000866,CMP_G002026,1,S3_P450Rdb|S9_PCPD,2,2,B,1,1,0,5,0
INT_G002763,ENZ_G000867,CMP_G000115,1,S3_P450Rdb,1,1,B,1,1,0,2,0
INT_G002764,ENZ_G000867,CMP_G000116,1,S2_ESIBank,1,1,B,0,0,0,1,0
INT_G002765,ENZ_G000867,CMP_G000522,1,S2_ESIBank,1,1,B,0,0,0,1,0
INT_G002766,ENZ_G000867,CMP_G000758,1,S2_ESIBank,1,1,B,0,0,0,1,0
INT_G002767,ENZ_G000867,CMP_G001098,1,S2_ESIBank,1,1,B,0,0,0,1,0
INT_G002768,ENZ_G000867,CMP_G001838,1,S2_ESIBank,1,1,B,0,0,0,1,0
INT_G002769,ENZ_G000867,CMP_G001850,1,S2_ESIBank,1,1,B,0,0,0,1,0
INT_G002770,ENZ_G000867,CMP_G001963,1,S2_ESIBank,1,1,B,0,0,0,1,0
INT_G002771,ENZ_G000867,CMP_G001964,1,S2_ESIBank|S3_P450Rdb,2,2,B,1,1,0,2,0
INT_G002772,ENZ_G000867,CMP_G002027,1,S2_ESIBank,1,1,B,0,0,0,1,0
INT_G002773,ENZ_G000867,CMP_G002066,1,S2_ESIBank,1,1,B,0,0,0,1,0
INT_G002774,ENZ_G000867,CMP_G002067,1,S2_ESIBank,1,1,B,0,0,0,1,0
INT_G002775,ENZ_G000868,CMP_G000009,1,S3_P450Rdb,1,1,B,1,1,0,1,0
INT_G002776,ENZ_G000869,CMP_G001264,1,S3_P450Rdb,1,1,B,1,1,0,1,0
INT_G002777,ENZ_G000869,CMP_G001660,1,S3_P450Rdb,1,1,B,1,1,0,1,0
INT_G002778,ENZ_G000869,CMP_G001907,1,S3_P450Rdb,1,1,B,0,1,0,1,0
INT_G002779,ENZ_G000870,CMP_G000279,1,S2_ESIBank|S3_P450Rdb,2,2,B,1,1,0,1,0
INT_G002780,ENZ_G000870,CMP_G000733,1,S2_ESIBank|S3_P450Rdb,2,2,B,1,1,0,1,0
INT_G002781,ENZ_G000870,CMP_G001177,1,S3_P450Rdb,1,1,B,1,1,0,1,0
INT_G002782,ENZ_G000870,CMP_G001405,1,S3_P450Rdb,1,1,B,1,1,0,1,0
INT_G002783,ENZ_G000871,CMP_G000001,1,S3_P450Rdb,1,1,B,1,1,0,1,0
INT_G002784,ENZ_G000871,CMP_G000564,1,S3_P450Rdb,1,1,B,1,1,0,1,0
INT_G002785,ENZ_G000871,CMP_G000796,1,S3_P450Rdb,1,1,B,1,1,0,1,0
INT_G002786,ENZ_G000871,CMP_G001159,1,S3_P450Rdb,1,1,B,1,1,0,1,0
INT_G002787,ENZ_G000871,CMP_G001771,1,S3_P450Rdb,1,1,B,1,1,0,1,0
INT_G002788,ENZ_G000871,CMP_G002051,1,S3_P450Rdb,1,1,B,1,1,0,2,0
INT_G002789,ENZ_G000872,CMP_G000001,1,S3_P450Rdb,1,1,B,1,1,0,1,0
INT_G002790,ENZ_G000872,CMP_G002051,1,S3_P450Rdb,1,1,B,1,1,0,3,0
INT_G002791,ENZ_G000873,CMP_G000279,1,S2_ESIBank,1,1,B,0,0,0,1,0
INT_G002792,ENZ_G000874,CMP_G001826,1,S1_RCSB,1,1,A,0,0,1,1,0
INT_G002793,ENZ_G000875,CMP_G000009,1,S3_P450Rdb,1,1,B,1,1,0,1,0
INT_G002794,ENZ_G000875,CMP_G000161,1,S3_P450Rdb,1,1,B,0,1,0,1,0
INT_G002795,ENZ_G000875,CMP_G000396,1,S3_P450Rdb,1,1,B,0,1,0,1,0
INT_G002796,ENZ_G000875,CMP_G001498,1,S3_P450Rdb|S9_PCPD,2,2,B,1,1,0,1,0
INT_G002797,ENZ_G000876,CMP_G000009,1,S3_P450Rdb,1,1,B,1,1,0,1,0
INT_G002798,ENZ_G000876,CMP_G000161,1,S3_P450Rdb,1,1,B,0,1,0,1,0
INT_G002799,ENZ_G000876,CMP_G000396,1,S3_P450Rdb,1,1,B,0,1,0,1,0
INT_G002800,ENZ_G000876,CMP_G000557,1,S3_P450Rdb|S9_PCPD,2,2,B,1,1,0,1,0
INT_G002801,ENZ_G000876,CMP_G000720,1,S3_P450Rdb|S9_PCPD,2,2,B,1,1,0,2,0
INT_G002802,ENZ_G000876,CMP_G000974,1,S3_P450Rdb|S9_PCPD,2,2,B,1,1,0,3,0
INT_G002803,ENZ_G000876,CMP_G001622,1,S3_P450Rdb|S9_PCPD,2,2,B,1,1,0,1,0
INT_G002804,ENZ_G000876,CMP_G001881,1,S3_P450Rdb|S9_PCPD,2,2,B,1,1,0,1,0
INT_G002805,ENZ_G000876,CMP_G001882,1,S2_ESIBank|S3_P450Rdb|S9_PCPD,3,3,B,1,1,0,2,0
INT_G002806,ENZ_G000876,CMP_G002026,1,S3_P450Rdb|S9_PCPD,2,2,B,1,1,0,5,0
INT_G002807,ENZ_G000877,CMP_G000706,1,S3_P450Rdb|S9_PCPD,2,2,B,1,1,0,1,0
INT_G002808,ENZ_G000877,CMP_G000817,1,S3_P450Rdb|S9_PCPD,2,2,B,1,1,0,1,0
INT_G002809,ENZ_G000877,CMP_G001076,1,S3_P450Rdb|S9_PCPD,2,2,B,1,1,0,1,0
INT_G002810,ENZ_G000877,CMP_G001714,1,S3_P450Rdb|S9_PCPD,2,2,B,1,1,0,1,0
INT_G002811,ENZ_G000877,CMP_G001716,1,S3_P450Rdb|S9_PCPD,2,2,B,1,1,0,1,0
INT_G002812,ENZ_G000877,CMP_G002026,1,S3_P450Rdb|S9_PCPD,2,2,B,1,1,0,1,0
INT_G002813,ENZ_G000878,CMP_G001964,1,S3_P450Rdb|S9_PCPD,2,2,B,1,1,0,1,0
INT_G002814,ENZ_G000879,CMP_G001753,1,S8_PlantP450DB,1,1,B,1,0,0,1,0
INT_G002815,ENZ_G000880,CMP_G000890,1,S2_ESIBank,1,1,B,0,0,0,1,0
INT_G002816,ENZ_G000881,CMP_G000197,1,S8_PlantP450DB,1,1,B,1,0,0,1,0
INT_G002817,ENZ_G000881,CMP_G000388,1,S8_PlantP450DB,1,1,B,1,0,0,1,0
INT_G002818,ENZ_G000881,CMP_G001916,1,S8_PlantP450DB,1,1,B,1,0,0,1,0
INT_G002819,ENZ_G000881,CMP_G001965,1,S8_PlantP450DB,1,1,B,1,0,0,1,0
INT_G002820,ENZ_G000882,CMP_G000607,1,S2_ESIBank,1,1,B,0,0,0,1,0
INT_G002821,ENZ_G000883,CMP_G000151,1,S8_PlantP450DB,1,1,B,1,0,0,1,0
INT_G002822,ENZ_G000883,CMP_G000152,1,S2_ESIBank|S3_P450Rdb|S8_PlantP450DB,3,3,B,1,1,0,1,0
INT_G002823,ENZ_G000883,CMP_G000382,1,S9_PCPD,1,1,B,0,0,0,1,0
INT_G002824,ENZ_G000884,CMP_G001964,1,S3_P450Rdb|S9_PCPD,2,2,B,1,1,0,1,0
INT_G002825,ENZ_G000885,CMP_G000018,1,S9_PCPD,1,1,B,0,0,0,1,0
INT_G002826,ENZ_G000885,CMP_G000165,1,S2_ESIBank,1,1,B,0,0,0,1,0
INT_G002827,ENZ_G000885,CMP_G001362,1,S2_ESIBank,1,1,B,0,0,0,1,0
INT_G002828,ENZ_G000886,CMP_G000012,1,S3_P450Rdb,1,1,B,1,1,0,1,0
INT_G002829,ENZ_G000887,CMP_G001250,1,S8_PlantP450DB|S9_PCPD,2,2,B,1,0,0,1,0
INT_G002830,ENZ_G000888,CMP_G000255,1,S8_PlantP450DB,1,1,B,1,0,0,1,0
INT_G002831,ENZ_G000888,CMP_G000326,1,S3_P450Rdb,1,1,B,1,1,0,1,0
INT_G002832,ENZ_G000888,CMP_G001355,1,S9_PCPD,1,1,B,0,0,0,1,0
INT_G002833,ENZ_G000888,CMP_G001450,1,S2_ESIBank,1,1,B,0,0,0,1,0
INT_G002834,ENZ_G000888,CMP_G001564,1,S2_ESIBank|S8_PlantP450DB,2,2,B,1,0,0,1,0
INT_G002835,ENZ_G000888,CMP_G001966,1,S2_ESIBank,1,1,B,0,0,0,1,0
INT_G002836,ENZ_G000889,CMP_G000014,1,S3_P450Rdb,1,1,B,1,1,0,1,0
INT_G002837,ENZ_G000889,CMP_G000682,1,S8_PlantP450DB,1,1,B,1,0,0,1,0
INT_G002838,ENZ_G000889,CMP_G001250,1,S8_PlantP450DB,1,1,B,1,0,0,1,0
INT_G002839,ENZ_G000889,CMP_G001313,1,S2_ESIBank|S8_PlantP450DB,2,2,B,1,0,0,1,0
INT_G002840,ENZ_G000889,CMP_G001560,1,S8_PlantP450DB,1,1,B,1,0,0,1,0
INT_G002841,ENZ_G000889,CMP_G002091,1,S8_PlantP450DB,1,1,B,1,0,0,1,0
INT_G002842,ENZ_G000890,CMP_G001753,1,S8_PlantP450DB,1,1,B,1,0,0,1,0
INT_G002843,ENZ_G000891,CMP_G000218,1,S1_RCSB|S3_P450Rdb,2,2,A,1,1,1,1,0
INT_G002844,ENZ_G000891,CMP_G000636,1,S1_RCSB,1,1,A,0,0,1,1,0
INT_G002845,ENZ_G000892,CMP_G001964,1,S2_ESIBank,1,1,B,0,0,0,1,0
INT_G002846,ENZ_G000893,CMP_G000607,1,S2_ESIBank|S3_P450Rdb|S9_PCPD,3,3,B,1,1,0,1,0
INT_G002847,ENZ_G000894,CMP_G000115,1,S3_P450Rdb|S9_PCPD,2,2,B,1,1,0,2,0
INT_G002848,ENZ_G000894,CMP_G000116,1,S2_ESIBank,1,1,B,0,0,0,1,0
INT_G002849,ENZ_G000894,CMP_G000538,1,S2_ESIBank,1,1,B,0,0,0,1,0
INT_G002850,ENZ_G000894,CMP_G000557,1,S2_ESIBank|S3_P450Rdb|S9_PCPD,3,3,B,1,1,0,1,0
INT_G002851,ENZ_G000894,CMP_G000612,1,S2_ESIBank|S3_P450Rdb|S9_PCPD,3,3,B,1,1,0,2,0
INT_G002852,ENZ_G000894,CMP_G000711,1,S2_ESIBank,1,1,B,0,0,0,1,0
INT_G002853,ENZ_G000894,CMP_G000720,1,S3_P450Rdb|S9_PCPD,2,2,B,1,1,0,2,0
INT_G002854,ENZ_G000894,CMP_G000758,1,S2_ESIBank,1,1,B,0,0,0,1,0
INT_G002855,ENZ_G000894,CMP_G000974,1,S3_P450Rdb|S9_PCPD,2,2,B,1,1,0,2,0
INT_G002856,ENZ_G000894,CMP_G001000,1,S2_ESIBank,1,1,B,0,0,0,1,0
INT_G002857,ENZ_G000894,CMP_G001242,1,S2_ESIBank,1,1,B,0,0,0,1,0
INT_G002858,ENZ_G000894,CMP_G001251,1,S2_ESIBank,1,1,B,0,0,0,1,0
INT_G002859,ENZ_G000894,CMP_G001345,1,S2_ESIBank,1,1,B,0,0,0,1,0
INT_G002860,ENZ_G000894,CMP_G001346,1,S2_ESIBank,1,1,B,0,0,0,1,0
INT_G002861,ENZ_G000894,CMP_G001519,1,S2_ESIBank,1,1,B,0,0,0,1,0
INT_G002862,ENZ_G000894,CMP_G002026,1,S3_P450Rdb|S9_PCPD,2,2,B,1,1,0,7,0
INT_G002863,ENZ_G000894,CMP_G002066,1,S2_ESIBank,1,1,B,0,0,0,1,0
INT_G002864,ENZ_G000894,CMP_G002067,1,S2_ESIBank,1,1,B,0,0,0,1,0
INT_G002865,ENZ_G000895,CMP_G000564,1,S2_ESIBank,1,1,B,0,0,0,1,0
INT_G002866,ENZ_G000895,CMP_G001159,1,S2_ESIBank,1,1,B,0,0,0,1,0
INT_G002867,ENZ_G000895,CMP_G002051,1,S2_ESIBank,1,1,B,0,0,0,1,0
INT_G002868,ENZ_G000896,CMP_G000122,1,S3_P450Rdb|S9_PCPD,2,2,B,1,1,0,1,0
INT_G002869,ENZ_G000896,CMP_G000504,1,S3_P450Rdb|S9_PCPD,2,2,B,1,1,0,1,0
INT_G002870,ENZ_G000896,CMP_G001714,1,S3_P450Rdb|S9_PCPD,2,2,B,1,1,0,1,0
INT_G002871,ENZ_G000896,CMP_G001715,1,S2_ESIBank,1,1,B,0,0,0,1,0
INT_G002872,ENZ_G000896,CMP_G001716,1,S3_P450Rdb|S9_PCPD,2,2,B,1,1,0,1,0
INT_G002873,ENZ_G000896,CMP_G002026,1,S3_P450Rdb|S9_PCPD,2,2,B,1,1,0,1,0
INT_G002874,ENZ_G000897,CMP_G000045,1,S1_RCSB,1,1,A,0,0,1,1,0
INT_G002875,ENZ_G000897,CMP_G000560,1,S1_RCSB,1,1,A,0,0,1,1,0
INT_G002876,ENZ_G000897,CMP_G000657,1,S1_RCSB,1,1,A,0,0,1,1,0
INT_G002877,ENZ_G000898,CMP_G002049,1,S3_P450Rdb|S9_PCPD,2,2,B,1,1,0,1,0
INT_G002878,ENZ_G000899,CMP_G000009,1,S3_P450Rdb,1,1,B,1,1,0,1,0
INT_G002879,ENZ_G000899,CMP_G002026,1,S3_P450Rdb|S9_PCPD,2,2,B,1,1,0,1,0
INT_G002880,ENZ_G000900,CMP_G000009,1,S3_P450Rdb,1,1,B,1,1,0,1,0
INT_G002881,ENZ_G000900,CMP_G002026,1,S3_P450Rdb,1,1,B,1,1,0,1,0
INT_G002882,ENZ_G000901,CMP_G000009,1,S3_P450Rdb,1,1,B,1,1,0,1,0
INT_G002883,ENZ_G000901,CMP_G002026,1,S3_P450Rdb,1,1,B,1,1,0,2,0
INT_G002884,ENZ_G000902,CMP_G002026,1,S3_P450Rdb|S9_PCPD,2,2,B,1,1,0,4,0
INT_G002885,ENZ_G000903,CMP_G001117,1,S3_P450Rdb,1,1,B,1,1,0,1,0
INT_G002886,ENZ_G000904,CMP_G000279,1,S2_ESIBank,1,1,B,0,0,0,1,0
INT_G002887,ENZ_G000905,CMP_G000009,1,S3_P450Rdb,1,1,B,1,1,0,1,0
INT_G002888,ENZ_G000905,CMP_G000183,1,S3_P450Rdb|S9_PCPD,2,2,B,1,1,0,1,0
INT_G002889,ENZ_G000905,CMP_G000184,1,S2_ESIBank,1,1,B,0,0,0,1,0
INT_G002890,ENZ_G000905,CMP_G000185,1,S3_P450Rdb|S9_PCPD,2,2,B,1,1,0,1,0
INT_G002891,ENZ_G000905,CMP_G000281,1,S3_P450Rdb|S9_PCPD,2,2,B,1,1,0,1,0
INT_G002892,ENZ_G000905,CMP_G000312,1,S2_ESIBank|S3_P450Rdb|S9_PCPD,3,3,B,1,1,0,1,0
INT_G002893,ENZ_G000905,CMP_G000374,1,S3_P450Rdb|S9_PCPD,2,2,B,1,1,0,1,0
INT_G002894,ENZ_G000905,CMP_G000473,1,S3_P450Rdb|S9_PCPD,2,2,B,1,1,0,1,0
INT_G002895,ENZ_G000905,CMP_G000531,1,S3_P450Rdb|S9_PCPD,2,2,B,1,1,0,1,0
INT_G002896,ENZ_G000905,CMP_G000625,1,S3_P450Rdb|S9_PCPD,2,2,B,1,1,0,1,0
INT_G002897,ENZ_G000905,CMP_G000664,1,S3_P450Rdb|S9_PCPD,2,2,B,1,1,0,1,0
INT_G002898,ENZ_G000905,CMP_G000665,1,S3_P450Rdb|S9_PCPD,2,2,B,1,1,0,1,0
INT_G002899,ENZ_G000905,CMP_G000706,1,S3_P450Rdb|S9_PCPD,2,2,B,1,1,0,1,0
INT_G002900,ENZ_G000905,CMP_G000720,1,S3_P450Rdb|S9_PCPD,2,2,B,1,1,0,1,0
INT_G002901,ENZ_G000905,CMP_G000974,1,S3_P450Rdb|S9_PCPD,2,2,B,1,1,0,1,0
INT_G002902,ENZ_G000905,CMP_G000976,1,S3_P450Rdb|S9_PCPD,2,2,B,1,1,0,1,0
INT_G002903,ENZ_G000905,CMP_G001076,1,S3_P450Rdb|S9_PCPD,2,2,B,1,1,0,1,0
INT_G002904,ENZ_G000905,CMP_G001247,1,S3_P450Rdb|S9_PCPD,2,2,B,1,1,0,1,0
INT_G002905,ENZ_G000905,CMP_G001248,1,S2_ESIBank,1,1,B,0,0,0,1,0
INT_G002906,ENZ_G000905,CMP_G001283,1,S3_P450Rdb|S9_PCPD,2,2,B,1,1,0,1,0
INT_G002907,ENZ_G000905,CMP_G001358,1,S3_P450Rdb|S9_PCPD,2,2,B,1,1,0,1,0
INT_G002908,ENZ_G000905,CMP_G001378,1,S3_P450Rdb|S9_PCPD,2,2,B,1,1,0,1,0
INT_G002909,ENZ_G000905,CMP_G001610,1,S3_P450Rdb|S9_PCPD,2,2,B,1,1,0,1,0
INT_G002910,ENZ_G000905,CMP_G001612,1,S3_P450Rdb|S9_PCPD,2,2,B,1,1,0,1,0
INT_G002911,ENZ_G000905,CMP_G001622,1,S3_P450Rdb|S9_PCPD,2,2,B,1,1,0,1,0
INT_G002912,ENZ_G000905,CMP_G001646,1,S3_P450Rdb|S9_PCPD,2,2,B,1,1,0,1,0
INT_G002913,ENZ_G000905,CMP_G001714,1,S3_P450Rdb|S9_PCPD,2,2,B,1,1,0,1,0
INT_G002914,ENZ_G000905,CMP_G001715,1,S2_ESIBank,1,1,B,0,0,0,1,0
INT_G002915,ENZ_G000905,CMP_G001716,1,S3_P450Rdb|S9_PCPD,2,2,B,1,1,0,1,0
INT_G002916,ENZ_G000905,CMP_G001884,1,S3_P450Rdb|S9_PCPD,2,2,B,1,1,0,1,0
INT_G002917,ENZ_G000905,CMP_G002026,1,S3_P450Rdb|S9_PCPD,2,2,B,1,1,0,1,0
INT_G002918,ENZ_G000905,CMP_G002027,1,S2_ESIBank,1,1,B,0,0,0,1,0
INT_G002919,ENZ_G000905,CMP_G002078,1,S3_P450Rdb|S9_PCPD,2,2,B,1,1,0,1,0
INT_G002920,ENZ_G000906,CMP_G001498,1,S3_P450Rdb|S9_PCPD,2,2,B,1,1,0,1,0
INT_G002921,ENZ_G000907,CMP_G000013,1,S3_P450Rdb,1,1,B,1,1,0,1,0
INT_G002922,ENZ_G000907,CMP_G000574,1,S2_ESIBank|S8_PlantP450DB,2,2,B,1,0,0,1,0
INT_G002923,ENZ_G000907,CMP_G001572,1,S2_ESIBank|S8_PlantP450DB,2,2,B,1,0,0,1,0
INT_G002924,ENZ_G000907,CMP_G002094,1,S2_ESIBank|S8_PlantP450DB,2,2,B,1,0,0,1,0
INT_G002925,ENZ_G000908,CMP_G000010,1,S3_P450Rdb,1,1,B,1,1,0,1,0
INT_G002926,ENZ_G000908,CMP_G000442,1,S2_ESIBank|S3_P450Rdb|S8_PlantP450DB,3,3,B,1,1,0,1,0
INT_G002927,ENZ_G000908,CMP_G000447,1,S2_ESIBank|S3_P450Rdb|S8_PlantP450DB,3,3,B,1,1,0,1,0
INT_G002928,ENZ_G000908,CMP_G001310,1,S9_PCPD,1,1,B,0,0,0,1,0
INT_G002929,ENZ_G000908,CMP_G001469,1,S2_ESIBank|S8_PlantP450DB,2,2,B,1,0,0,1,0
INT_G002930,ENZ_G000909,CMP_G001005,1,S3_P450Rdb|S9_PCPD,2,2,B,1,0,0,1,0
INT_G002931,ENZ_G000910,CMP_G001710,1,S8_PlantP450DB,1,1,B,1,0,0,1,0
INT_G002932,ENZ_G000910,CMP_G002003,1,S9_PCPD,1,1,B,0,0,0,1,0
INT_G002933,ENZ_G000911,CMP_G001005,1,S3_P450Rdb|S9_PCPD,2,2,B,1,0,0,1,0
INT_G002934,ENZ_G000912,CMP_G000415,1,S8_PlantP450DB|S9_PCPD,2,2,B,1,0,0,1,0
INT_G002935,ENZ_G000912,CMP_G000416,1,S3_P450Rdb,1,1,B,1,1,0,1,0
INT_G002936,ENZ_G000912,CMP_G000486,1,S2_ESIBank,1,1,B,0,0,0,1,0
INT_G002937,ENZ_G000912,CMP_G000840,1,S2_ESIBank,1,1,B,0,0,0,1,0
INT_G002938,ENZ_G000913,CMP_G000009,1,S3_P450Rdb,1,1,B,1,1,0,1,0
INT_G002939,ENZ_G000913,CMP_G000084,1,S3_P450Rdb|S9_PCPD,2,2,B,1,1,0,1,0
INT_G002940,ENZ_G000913,CMP_G000085,1,S2_ESIBank,1,1,B,0,0,0,1,0
INT_G002941,ENZ_G000913,CMP_G000798,1,S3_P450Rdb|S9_PCPD,2,2,B,1,1,0,1,0
INT_G002942,ENZ_G000913,CMP_G000974,1,S3_P450Rdb|S9_PCPD,2,2,B,1,1,0,4,0
INT_G002943,ENZ_G000913,CMP_G000975,1,S2_ESIBank,1,1,B,0,0,0,1,0
INT_G002944,ENZ_G000913,CMP_G001099,1,S3_P450Rdb|S9_PCPD,2,2,B,1,1,0,1,0
INT_G002945,ENZ_G000913,CMP_G001964,1,S3_P450Rdb|S9_PCPD,2,2,B,1,1,0,1,0
INT_G002946,ENZ_G000913,CMP_G002006,1,S3_P450Rdb|S9_PCPD,2,2,B,1,1,0,4,0
INT_G002947,ENZ_G000913,CMP_G002007,1,S2_ESIBank,1,1,B,0,0,0,1,0
INT_G002948,ENZ_G000913,CMP_G002026,1,S3_P450Rdb|S9_PCPD,2,2,B,1,1,0,1,0
INT_G002949,ENZ_G000913,CMP_G002027,1,S2_ESIBank,1,1,B,0,0,0,1,0
INT_G002950,ENZ_G000914,CMP_G000682,1,S8_PlantP450DB,1,1,B,1,0,0,1,0
INT_G002951,ENZ_G000914,CMP_G001250,1,S8_PlantP450DB,1,1,B,1,0,0,1,0
INT_G002952,ENZ_G000914,CMP_G001560,1,S8_PlantP450DB,1,1,B,1,0,0,1,0
INT_G002953,ENZ_G000915,CMP_G000351,1,S3_P450Rdb,1,1,B,1,1,0,1,0
INT_G002954,ENZ_G000915,CMP_G000744,1,S3_P450Rdb,1,1,B,1,1,0,1,0
INT_G002955,ENZ_G000915,CMP_G000864,1,S3_P450Rdb,1,1,B,1,1,0,1,0
INT_G002956,ENZ_G000915,CMP_G000954,1,S3_P450Rdb,1,1,B,1,1,0,1,0
INT_G002957,ENZ_G000915,CMP_G000957,1,S3_P450Rdb,1,1,B,1,1,0,1,0
INT_G002958,ENZ_G000915,CMP_G000967,1,S3_P450Rdb,1,1,B,1,1,0,1,0
INT_G002959,ENZ_G000915,CMP_G001988,1,S3_P450Rdb,1,1,B,1,1,0,1,0
INT_G002960,ENZ_G000916,CMP_G000954,1,S3_P450Rdb,1,1,B,1,1,0,1,0
INT_G002961,ENZ_G000917,CMP_G000800,1,S3_P450Rdb,1,1,B,1,1,0,1,0
INT_G002962,ENZ_G000917,CMP_G001577,1,S3_P450Rdb,1,1,B,1,1,0,1,0
INT_G002963,ENZ_G000917,CMP_G002100,1,S3_P450Rdb,1,1,B,1,1,0,1,0
INT_G002964,ENZ_G000918,CMP_G002100,1,S3_P450Rdb,1,1,B,1,1,0,1,0
INT_G002965,ENZ_G000919,CMP_G001477,1,S9_PCPD,1,1,B,0,0,0,1,0
INT_G002966,ENZ_G000920,CMP_G000806,1,S9_PCPD,1,1,B,0,0,0,1,0
INT_G002967,ENZ_G000921,CMP_G002104,1,S9_PCPD,1,1,B,0,0,0,1,0
INT_G002968,ENZ_G000922,CMP_G000618,1,S3_P450Rdb,1,1,B,1,1,0,1,0
INT_G002969,ENZ_G000922,CMP_G000619,1,S9_PCPD,1,1,B,0,0,0,1,0
INT_G002970,ENZ_G000923,CMP_G001094,1,S3_P450Rdb,1,1,B,1,1,0,1,0
INT_G002971,ENZ_G000923,CMP_G001095,1,S9_PCPD,1,1,B,0,0,0,1,0
INT_G002972,ENZ_G000924,CMP_G000119,1,S3_P450Rdb,1,1,B,1,1,0,1,0
INT_G002973,ENZ_G000924,CMP_G000120,1,S3_P450Rdb,1,1,B,1,1,0,1,0
INT_G002974,ENZ_G000924,CMP_G000260,1,S3_P450Rdb,1,1,B,1,1,0,1,0
INT_G002975,ENZ_G000924,CMP_G000261,1,S3_P450Rdb,1,1,B,1,1,0,1,0
INT_G002976,ENZ_G000924,CMP_G000460,1,S3_P450Rdb,1,1,B,1,1,0,1,0
INT_G002977,ENZ_G000924,CMP_G000607,1,S3_P450Rdb,1,1,B,1,1,0,1,0
INT_G002978,ENZ_G000924,CMP_G000778,1,S3_P450Rdb,1,1,B,1,1,0,1,0
INT_G002979,ENZ_G000924,CMP_G001117,1,S1_RCSB|S3_P450Rdb,2,2,A,1,1,1,2,0
INT_G002980,ENZ_G000925,CMP_G001004,1,S3_P450Rdb,1,1,B,1,1,0,1,0
INT_G002981,ENZ_G000926,CMP_G001508,1,S9_PCPD,1,1,B,0,0,0,1,0
INT_G002982,ENZ_G000926,CMP_G001509,1,S3_P450Rdb,1,1,B,1,1,0,1,0
INT_G002983,ENZ_G000927,CMP_G001117,1,S3_P450Rdb,1,1,B,1,1,0,1,0
INT_G002984,ENZ_G000928,CMP_G000030,1,S1_RCSB,1,1,A,0,0,1,1,0
INT_G002985,ENZ_G000928,CMP_G000119,1,S3_P450Rdb,1,1,B,1,1,0,1,0
INT_G002986,ENZ_G000928,CMP_G000120,1,S3_P450Rdb,1,1,B,1,1,0,1,0
INT_G002987,ENZ_G000928,CMP_G000260,1,S3_P450Rdb,1,1,B,1,1,0,1,0
INT_G002988,ENZ_G000928,CMP_G000261,1,S3_P450Rdb,1,1,B,1,1,0,1,0
INT_G002989,ENZ_G000928,CMP_G001117,1,S1_RCSB|S3_P450Rdb,2,2,A,1,1,1,2,0
INT_G002990,ENZ_G000929,CMP_G000119,1,S3_P450Rdb,1,1,B,1,1,0,1,0
INT_G002991,ENZ_G000929,CMP_G000120,1,S3_P450Rdb,1,1,B,1,1,0,1,0
INT_G002992,ENZ_G000929,CMP_G000217,1,S3_P450Rdb,1,1,B,1,1,0,2,0
INT_G002993,ENZ_G000929,CMP_G000237,1,S3_P450Rdb,1,1,B,1,1,0,1,0
INT_G002994,ENZ_G000929,CMP_G000260,1,S3_P450Rdb,1,1,B,1,1,0,1,0
INT_G002995,ENZ_G000929,CMP_G000261,1,S3_P450Rdb,1,1,B,1,1,0,1,0
INT_G002996,ENZ_G000929,CMP_G000460,1,S3_P450Rdb,1,1,B,1,1,0,1,0
INT_G002997,ENZ_G000929,CMP_G000607,1,S3_P450Rdb,1,1,B,1,1,0,1,0
INT_G002998,ENZ_G000929,CMP_G000650,1,S3_P450Rdb,1,1,B,1,1,0,1,0
INT_G002999,ENZ_G000929,CMP_G000734,1,S1_RCSB,1,1,A,0,0,1,1,0
INT_G003000,ENZ_G000929,CMP_G000778,1,S3_P450Rdb,1,1,B,1,1,0,1,0
INT_G003001,ENZ_G000929,CMP_G001117,1,S1_RCSB|S3_P450Rdb,2,2,A,1,1,1,2,0
INT_G003002,ENZ_G000929,CMP_G001138,1,S1_RCSB,1,1,A,0,0,1,1,0
INT_G003003,ENZ_G000929,CMP_G001374,1,S1_RCSB,1,1,A,0,0,1,1,0
INT_G003004,ENZ_G000929,CMP_G001409,1,S1_RCSB,1,1,A,0,0,1,1,0
INT_G003005,ENZ_G000929,CMP_G001410,1,S3_P450Rdb,1,1,B,1,1,0,1,0
INT_G003006,ENZ_G000929,CMP_G001411,1,S3_P450Rdb,1,1,B,1,0,0,1,0
INT_G003007,ENZ_G000929,CMP_G001734,1,S3_P450Rdb,1,1,B,1,1,0,1,0
INT_G003008,ENZ_G000930,CMP_G000170,1,S1_RCSB,1,1,A,0,0,1,1,0
INT_G003009,ENZ_G000930,CMP_G000328,1,S1_RCSB,1,1,A,0,0,1,1,0
INT_G003010,ENZ_G000930,CMP_G000718,1,S3_P450Rdb,1,1,B,1,1,0,2,0
INT_G003011,ENZ_G000930,CMP_G000918,1,S1_RCSB,1,1,A,0,0,1,1,0
INT_G003012,ENZ_G000930,CMP_G001058,1,S1_RCSB|S3_P450Rdb,2,2,A,1,1,1,1,0
INT_G003013,ENZ_G000930,CMP_G001087,1,S1_RCSB,1,1,A,0,0,1,1,0
INT_G003014,ENZ_G000930,CMP_G001155,1,S1_RCSB,1,1,A,0,0,1,1,0
INT_G003015,ENZ_G000930,CMP_G001324,1,S1_RCSB,1,1,A,0,0,1,1,0
INT_G003016,ENZ_G000930,CMP_G001548,1,S1_RCSB,1,1,A,0,0,1,1,0
INT_G003017,ENZ_G000930,CMP_G001581,1,S1_RCSB,1,1,A,0,0,1,1,0
INT_G003018,ENZ_G000930,CMP_G001597,1,S1_RCSB,1,1,A,0,0,1,1,0
INT_G003019,ENZ_G000930,CMP_G001833,1,S1_RCSB,1,1,A,0,0,1,1,0
INT_G003020,ENZ_G000930,CMP_G001941,1,S1_RCSB,1,1,A,0,0,1,1,0
INT_G003021,ENZ_G000930,CMP_G001946,1,S1_RCSB,1,1,A,0,0,1,1,0
INT_G003022,ENZ_G000931,CMP_G000002,1,S3_P450Rdb,1,1,B,1,1,0,1,0
INT_G003023,ENZ_G000931,CMP_G000179,1,S3_P450Rdb,1,1,B,1,1,0,1,0
INT_G003024,ENZ_G000931,CMP_G000977,1,S3_P450Rdb,1,1,B,1,1,0,1,0
INT_G003025,ENZ_G000931,CMP_G001005,1,S3_P450Rdb,1,1,B,1,1,0,1,0
INT_G003026,ENZ_G000932,CMP_G000474,1,S3_P450Rdb,1,1,B,1,1,0,1,0
INT_G003027,ENZ_G000933,CMP_G000030,1,S1_RCSB,1,1,A,0,0,1,1,0
INT_G003028,ENZ_G000933,CMP_G000593,1,S1_RCSB|S3_P450Rdb,2,2,A,1,1,1,1,0
INT_G003029,ENZ_G000934,CMP_G000094,1,S3_P450Rdb|S9_PCPD,2,2,B,1,1,0,1,0
INT_G003030,ENZ_G000935,CMP_G000519,1,S2_ESIBank,1,1,B,0,0,0,1,0
INT_G003031,ENZ_G000935,CMP_G000520,1,S2_ESIBank,1,1,B,0,0,0,1,0
INT_G003032,ENZ_G000936,CMP_G000267,1,S3_P450Rdb|S9_PCPD,2,2,B,1,1,0,1,0
INT_G003033,ENZ_G000936,CMP_G000461,1,S3_P450Rdb|S9_PCPD,2,2,B,1,1,0,1,0
INT_G003034,ENZ_G000936,CMP_G000607,1,S3_P450Rdb|S9_PCPD,2,2,B,1,1,0,1,0
INT_G003035,ENZ_G000936,CMP_G000634,1,S3_P450Rdb|S9_PCPD,2,2,B,1,1,0,1,0
INT_G003036,ENZ_G000936,CMP_G000779,1,S3_P450Rdb|S9_PCPD,2,2,B,1,1,0,1,0
INT_G003037,ENZ_G000936,CMP_G000910,1,S3_P450Rdb|S9_PCPD,2,2,B,1,1,0,1,0
INT_G003038,ENZ_G000936,CMP_G000989,1,S3_P450Rdb|S9_PCPD,2,2,B,1,1,0,1,0
INT_G003039,ENZ_G000936,CMP_G001309,1,S3_P450Rdb|S9_PCPD,2,2,B,1,1,0,1,0
INT_G003040,ENZ_G000936,CMP_G001372,1,S3_P450Rdb|S9_PCPD,2,2,B,1,1,0,1,0
INT_G003041,ENZ_G000936,CMP_G001376,1,S3_P450Rdb|S9_PCPD,2,2,B,1,1,0,1,0
INT_G003042,ENZ_G000936,CMP_G001404,1,S3_P450Rdb|S9_PCPD,2,2,B,1,1,0,2,0
INT_G003043,ENZ_G000936,CMP_G001636,1,S3_P450Rdb|S9_PCPD,2,2,B,1,1,0,1,0
INT_G003044,ENZ_G000936,CMP_G001874,1,S3_P450Rdb|S9_PCPD,2,2,B,1,1,0,1,0
INT_G003045,ENZ_G000936,CMP_G001967,1,S3_P450Rdb|S9_PCPD,2,2,B,1,1,0,1,0
INT_G003046,ENZ_G000937,CMP_G000009,1,S3_P450Rdb,1,1,B,1,1,0,1,0
INT_G003047,ENZ_G000937,CMP_G000014,1,S3_P450Rdb,1,1,B,1,1,0,1,0
INT_G003048,ENZ_G000937,CMP_G000183,1,S3_P450Rdb|S9_PCPD,2,2,B,1,1,0,1,0
INT_G003049,ENZ_G000937,CMP_G000625,1,S3_P450Rdb|S9_PCPD,2,2,B,1,1,0,1,0
INT_G003050,ENZ_G000937,CMP_G000664,1,S3_P450Rdb|S9_PCPD,2,2,B,1,1,0,1,0
INT_G003051,ENZ_G000937,CMP_G000681,1,S3_P450Rdb|S9_PCPD,2,2,B,1,1,0,1,0
INT_G003052,ENZ_G000937,CMP_G001249,1,S3_P450Rdb|S9_PCPD,2,2,B,1,1,0,1,0
INT_G003053,ENZ_G000937,CMP_G001250,1,S2_ESIBank,1,1,B,0,0,0,1,0
INT_G003054,ENZ_G000937,CMP_G001283,1,S3_P450Rdb|S9_PCPD,2,2,B,1,1,0,1,0
INT_G003055,ENZ_G000937,CMP_G001320,1,S2_ESIBank,1,1,B,0,0,0,1,0
INT_G003056,ENZ_G000937,CMP_G001559,1,S3_P450Rdb|S9_PCPD,2,2,B,1,1,0,1,0
INT_G003057,ENZ_G000937,CMP_G001560,1,S2_ESIBank,1,1,B,0,0,0,1,0
INT_G003058,ENZ_G000937,CMP_G002023,1,S2_ESIBank,1,1,B,0,0,0,1,0
INT_G003059,ENZ_G000937,CMP_G002026,1,S3_P450Rdb|S9_PCPD,2,2,B,1,1,0,1,0
INT_G003060,ENZ_G000937,CMP_G002027,1,S2_ESIBank,1,1,B,0,0,0,1,0
INT_G003061,ENZ_G000937,CMP_G002090,1,S3_P450Rdb|S9_PCPD,2,2,B,1,1,0,1,0
INT_G003062,ENZ_G000938,CMP_G000917,1,S2_ESIBank,1,1,B,0,0,0,1,0
INT_G003063,ENZ_G000938,CMP_G001752,1,S9_PCPD,1,1,B,0,0,0,1,0
INT_G003064,ENZ_G000938,CMP_G001753,1,S3_P450Rdb|S8_PlantP450DB,2,2,B,1,1,0,1,0
INT_G003065,ENZ_G000939,CMP_G000118,1,S2_ESIBank,1,1,B,0,0,0,1,0
INT_G003066,ENZ_G000939,CMP_G000297,1,S2_ESIBank,1,1,B,0,0,0,1,0
INT_G003067,ENZ_G000939,CMP_G002118,1,S2_ESIBank,1,1,B,0,0,0,1,0
INT_G003068,ENZ_G000940,CMP_G000603,1,S3_P450Rdb,1,1,B,1,1,0,1,0
INT_G003069,ENZ_G000941,CMP_G000055,1,S3_P450Rdb|S8_PlantP450DB,2,2,B,1,1,0,1,0
INT_G003070,ENZ_G000941,CMP_G000241,1,S3_P450Rdb|S9_PCPD,2,2,B,1,1,0,1,0
INT_G003071,ENZ_G000942,CMP_G000751,1,S9_PCPD,1,1,B,0,0,0,1,0
INT_G003072,ENZ_G000943,CMP_G000024,1,S2_ESIBank,1,1,B,0,0,0,1,0
INT_G003073,ENZ_G000943,CMP_G000106,1,S3_P450Rdb,1,1,B,1,1,0,1,0
INT_G003074,ENZ_G000943,CMP_G000512,1,S3_P450Rdb,1,1,B,0,1,0,1,0
INT_G003075,ENZ_G000943,CMP_G000896,1,S3_P450Rdb,1,1,B,0,1,0,1,0
INT_G003076,ENZ_G000943,CMP_G001025,1,S3_P450Rdb,1,1,B,1,1,0,1,0
INT_G003077,ENZ_G000943,CMP_G001107,1,S3_P450Rdb,1,1,B,0,1,0,1,0
INT_G003078,ENZ_G000943,CMP_G001405,1,S3_P450Rdb,1,1,B,1,1,0,1,0
INT_G003079,ENZ_G000943,CMP_G001406,1,S3_P450Rdb,1,1,B,1,1,0,1,0
INT_G003080,ENZ_G000943,CMP_G001414,1,S2_ESIBank,1,1,B,0,0,0,1,0
INT_G003081,ENZ_G000943,CMP_G001431,1,S3_P450Rdb,1,1,B,1,1,0,1,0
INT_G003082,ENZ_G000943,CMP_G001645,1,S3_P450Rdb,1,1,B,1,1,0,1,0
INT_G003083,ENZ_G000943,CMP_G001675,1,S3_P450Rdb,1,1,B,0,1,0,1,0
INT_G003084,ENZ_G000943,CMP_G001968,1,S2_ESIBank,1,1,B,0,0,0,1,0
INT_G003085,ENZ_G000943,CMP_G002051,1,S2_ESIBank|S3_P450Rdb,2,2,B,1,1,0,1,0
INT_G003086,ENZ_G000944,CMP_G001375,1,S3_P450Rdb,1,1,B,1,1,0,1,0
INT_G003087,ENZ_G000945,CMP_G000462,1,S3_P450Rdb,1,1,B,0,1,0,1,0
INT_G003088,ENZ_G000946,CMP_G000200,1,S9_PCPD,1,1,B,0,0,0,1,0
INT_G003089,ENZ_G000946,CMP_G000201,1,S3_P450Rdb,1,1,B,1,1,0,2,0
INT_G003090,ENZ_G000946,CMP_G000451,1,S3_P450Rdb|S9_PCPD,2,2,B,1,1,0,2,0
INT_G003091,ENZ_G000947,CMP_G000062,1,S3_P450Rdb|S9_PCPD,2,2,B,1,1,0,1,0
INT_G003092,ENZ_G000947,CMP_G000169,1,S3_P450Rdb|S9_PCPD,2,2,B,1,1,0,1,0
INT_G003093,ENZ_G000947,CMP_G000294,1,S3_P450Rdb|S9_PCPD,2,2,B,1,1,0,1,0
INT_G003094,ENZ_G000947,CMP_G000379,1,S3_P450Rdb|S9_PCPD,2,2,B,1,1,0,1,0
INT_G003095,ENZ_G000947,CMP_G000502,1,S2_ESIBank|S3_P450Rdb,2,2,B,1,1,0,2,0
INT_G003096,ENZ_G000947,CMP_G000503,1,S2_ESIBank,1,1,B,0,0,0,1,0
INT_G003097,ENZ_G000947,CMP_G000576,1,S2_ESIBank,1,1,B,0,0,0,1,0
INT_G003098,ENZ_G000947,CMP_G000687,1,S3_P450Rdb|S9_PCPD,2,2,B,1,1,0,2,0
INT_G003099,ENZ_G000947,CMP_G000788,1,S2_ESIBank|S3_P450Rdb,2,2,B,1,1,0,2,0
INT_G003100,ENZ_G000947,CMP_G001064,1,S2_ESIBank,1,1,B,0,0,0,1,0
INT_G003101,ENZ_G000947,CMP_G001217,1,S3_P450Rdb|S9_PCPD,2,2,B,1,1,0,1,0
INT_G003102,ENZ_G000947,CMP_G001322,1,S3_P450Rdb|S9_PCPD,2,2,B,1,1,0,1,0
INT_G003103,ENZ_G000947,CMP_G001376,1,S9_PCPD,1,1,B,0,0,0,1,0
INT_G003104,ENZ_G000947,CMP_G001594,1,S2_ESIBank,1,1,B,0,0,0,1,0
INT_G003105,ENZ_G000947,CMP_G001595,1,S2_ESIBank,1,1,B,0,0,0,1,0
INT_G003106,ENZ_G000947,CMP_G001767,1,S3_P450Rdb,1,1,B,1,1,0,1,0
INT_G003107,ENZ_G000947,CMP_G001768,1,S2_ESIBank|S9_PCPD,2,2,B,0,0,0,1,0
INT_G003108,ENZ_G000948,CMP_G000009,1,S3_P450Rdb,1,1,B,1,1,0,1,0
INT_G003109,ENZ_G000948,CMP_G000183,1,S3_P450Rdb|S9_PCPD,2,2,B,1,1,0,1,0
INT_G003110,ENZ_G000948,CMP_G000185,1,S3_P450Rdb|S9_PCPD,2,2,B,1,1,0,1,0
INT_G003111,ENZ_G000948,CMP_G000281,1,S3_P450Rdb|S9_PCPD,2,2,B,1,1,0,1,0
INT_G003112,ENZ_G000948,CMP_G000357,1,S3_P450Rdb|S9_PCPD,2,2,B,1,1,0,1,0
INT_G003113,ENZ_G000948,CMP_G000374,1,S3_P450Rdb|S9_PCPD,2,2,B,1,1,0,1,0
INT_G003114,ENZ_G000948,CMP_G000439,1,S3_P450Rdb|S9_PCPD,2,2,B,1,1,0,1,0
INT_G003115,ENZ_G000948,CMP_G000473,1,S3_P450Rdb|S9_PCPD,2,2,B,1,1,0,1,0
INT_G003116,ENZ_G000948,CMP_G000531,1,S2_ESIBank,1,1,B,0,0,0,1,0
INT_G003117,ENZ_G000948,CMP_G000547,1,S2_ESIBank,1,1,B,0,0,0,1,0
INT_G003118,ENZ_G000948,CMP_G000625,1,S3_P450Rdb|S9_PCPD,2,2,B,1,1,0,1,0
INT_G003119,ENZ_G000948,CMP_G000667,1,S3_P450Rdb|S9_PCPD,2,2,B,1,1,0,1,0
INT_G003120,ENZ_G000948,CMP_G000706,1,S3_P450Rdb|S9_PCPD,2,2,B,1,1,0,1,0
INT_G003121,ENZ_G000948,CMP_G000720,1,S3_P450Rdb|S9_PCPD,2,2,B,1,1,0,2,0
INT_G003122,ENZ_G000948,CMP_G000721,1,S3_P450Rdb|S9_PCPD,2,2,B,1,1,0,1,0
INT_G003123,ENZ_G000948,CMP_G000817,1,S3_P450Rdb|S9_PCPD,2,2,B,1,1,0,1,0
INT_G003124,ENZ_G000948,CMP_G000959,1,S3_P450Rdb|S9_PCPD,2,2,B,1,1,0,1,0
INT_G003125,ENZ_G000948,CMP_G000974,1,S3_P450Rdb|S9_PCPD,2,2,B,1,1,0,2,0
INT_G003126,ENZ_G000948,CMP_G001076,1,S3_P450Rdb|S9_PCPD,2,2,B,1,1,0,1,0
INT_G003127,ENZ_G000948,CMP_G001247,1,S3_P450Rdb|S9_PCPD,2,2,B,1,1,0,1,0
INT_G003128,ENZ_G000948,CMP_G001268,1,S2_ESIBank,1,1,B,0,0,0,1,0
INT_G003129,ENZ_G000948,CMP_G001269,1,S3_P450Rdb|S9_PCPD,2,2,B,1,1,0,1,0
INT_G003130,ENZ_G000948,CMP_G001283,1,S3_P450Rdb|S9_PCPD,2,2,B,1,1,0,1,0
INT_G003131,ENZ_G000948,CMP_G001358,1,S2_ESIBank,1,1,B,0,0,0,1,0
INT_G003132,ENZ_G000948,CMP_G001378,1,S3_P450Rdb|S9_PCPD,2,2,B,1,1,0,1,0
INT_G003133,ENZ_G000948,CMP_G001610,1,S3_P450Rdb|S9_PCPD,2,2,B,1,1,0,1,0
INT_G003134,ENZ_G000948,CMP_G001612,1,S3_P450Rdb|S9_PCPD,2,2,B,1,1,0,1,0
INT_G003135,ENZ_G000948,CMP_G001622,1,S3_P450Rdb|S9_PCPD,2,2,B,1,1,0,1,0
INT_G003136,ENZ_G000948,CMP_G001646,1,S3_P450Rdb|S9_PCPD,2,2,B,1,1,0,1,0
INT_G003137,ENZ_G000948,CMP_G001650,1,S3_P450Rdb|S9_PCPD,2,2,B,1,1,0,1,0
INT_G003138,ENZ_G000948,CMP_G001714,1,S3_P450Rdb|S9_PCPD,2,2,B,1,1,0,1,0
INT_G003139,ENZ_G000948,CMP_G001715,1,S2_ESIBank,1,1,B,0,0,0,1,0
INT_G003140,ENZ_G000948,CMP_G001750,1,S3_P450Rdb|S9_PCPD,2,2,B,1,1,0,1,0
INT_G003141,ENZ_G000948,CMP_G001884,1,S3_P450Rdb|S9_PCPD,2,2,B,1,1,0,1,0
INT_G003142,ENZ_G000948,CMP_G002026,1,S3_P450Rdb|S9_PCPD,2,2,B,1,1,0,1,0
INT_G003143,ENZ_G000948,CMP_G002027,1,S2_ESIBank,1,1,B,0,0,0,1,0
INT_G003144,ENZ_G000948,CMP_G002078,1,S3_P450Rdb|S9_PCPD,2,2,B,1,1,0,1,0
INT_G003145,ENZ_G000949,CMP_G000062,1,S3_P450Rdb,1,1,B,1,1,0,1,0
INT_G003146,ENZ_G000949,CMP_G000169,1,S3_P450Rdb,1,1,B,1,1,0,1,0
INT_G003147,ENZ_G000949,CMP_G000294,1,S3_P450Rdb,1,1,B,1,1,0,1,0
INT_G003148,ENZ_G000949,CMP_G000379,1,S3_P450Rdb,1,1,B,1,1,0,1,0
INT_G003149,ENZ_G000949,CMP_G000502,1,S2_ESIBank|S3_P450Rdb,2,2,B,1,1,0,1,0
INT_G003150,ENZ_G000949,CMP_G000503,1,S2_ESIBank,1,1,B,0,0,0,1,0
INT_G003151,ENZ_G000949,CMP_G000687,1,S3_P450Rdb,1,1,B,1,1,0,3,0
INT_G003152,ENZ_G000949,CMP_G000788,1,S2_ESIBank|S3_P450Rdb,2,2,B,1,1,0,1,0
INT_G003153,ENZ_G000949,CMP_G001217,1,S3_P450Rdb,1,1,B,1,1,0,2,0
INT_G003154,ENZ_G000949,CMP_G001322,1,S3_P450Rdb,1,1,B,1,1,0,1,0
INT_G003155,ENZ_G000949,CMP_G001767,1,S3_P450Rdb,1,1,B,1,1,0,1,0
INT_G003156,ENZ_G000950,CMP_G000002,1,S3_P450Rdb,1,1,B,1,1,0,1,0
INT_G003157,ENZ_G000951,CMP_G000751,1,S8_PlantP450DB,1,1,B,1,0,0,1,0
INT_G003158,ENZ_G000952,CMP_G001115,1,S3_P450Rdb,1,1,B,1,1,0,1,0
INT_G003159,ENZ_G000952,CMP_G001418,1,S3_P450Rdb,1,1,B,1,1,0,1,0
INT_G003160,ENZ_G000953,CMP_G001227,1,S3_P450Rdb,1,1,B,1,1,0,1,0
INT_G003161,ENZ_G000954,CMP_G001094,1,S3_P450Rdb,1,1,B,1,1,0,1,0
INT_G003162,ENZ_G000955,CMP_G000009,1,S3_P450Rdb,1,1,B,1,1,0,1,0
INT_G003163,ENZ_G000955,CMP_G000121,1,S3_P450Rdb,1,1,B,1,1,0,1,0
INT_G003164,ENZ_G000955,CMP_G000282,1,S3_P450Rdb,1,1,B,1,1,0,1,0
INT_G003165,ENZ_G000955,CMP_G000306,1,S3_P450Rdb,1,1,B,1,1,0,1,0
INT_G003166,ENZ_G000955,CMP_G000474,1,S3_P450Rdb,1,1,B,1,1,0,1,0
INT_G003167,ENZ_G000955,CMP_G000681,1,S3_P450Rdb,1,1,B,1,1,0,1,0
INT_G003168,ENZ_G000955,CMP_G000939,1,S3_P450Rdb,1,1,B,1,1,0,3,0
INT_G003169,ENZ_G000955,CMP_G001029,1,S3_P450Rdb,1,1,B,1,1,0,2,0
INT_G003170,ENZ_G000955,CMP_G001249,1,S3_P450Rdb,1,1,B,1,1,0,1,0
INT_G003171,ENZ_G000955,CMP_G001250,1,S9_PCPD,1,1,B,0,0,0,1,0
INT_G003172,ENZ_G000955,CMP_G001531,1,S3_P450Rdb,1,1,B,1,1,0,1,0
INT_G003173,ENZ_G000955,CMP_G001559,1,S3_P450Rdb,1,1,B,1,1,0,1,0
INT_G003174,ENZ_G000956,CMP_G000769,1,S8_PlantP450DB,1,1,B,1,0,0,1,0
INT_G003175,ENZ_G000956,CMP_G001669,1,S8_PlantP450DB,1,1,B,1,0,0,1,0
INT_G003176,ENZ_G000956,CMP_G001670,1,S3_P450Rdb,1,1,B,1,1,0,1,0
INT_G003177,ENZ_G000956,CMP_G001841,1,S3_P450Rdb|S8_PlantP450DB,2,2,B,1,1,0,1,0
INT_G003178,ENZ_G000957,CMP_G001602,1,S8_PlantP450DB,1,1,B,1,0,0,1,0
INT_G003179,ENZ_G000958,CMP_G000727,1,S2_ESIBank,1,1,B,0,0,0,1,0
INT_G003180,ENZ_G000958,CMP_G000743,1,S2_ESIBank,1,1,B,0,0,0,1,0
INT_G003181,ENZ_G000958,CMP_G001444,1,S2_ESIBank,1,1,B,0,0,0,1,0
INT_G003182,ENZ_G000959,CMP_G000474,1,S3_P450Rdb,1,1,B,1,1,0,1,0
INT_G003183,ENZ_G000960,CMP_G001670,1,S3_P450Rdb|S8_PlantP450DB|S9_PCPD,3,3,B,1,1,0,1,0
INT_G003184,ENZ_G000961,CMP_G000010,1,S3_P450Rdb,1,1,B,1,1,0,1,0
INT_G003185,ENZ_G000961,CMP_G000442,1,S8_PlantP450DB,1,1,B,1,0,0,1,0
INT_G003186,ENZ_G000961,CMP_G001469,1,S8_PlantP450DB,1,1,B,1,0,0,1,0
INT_G003187,ENZ_G000962,CMP_G000249,1,S3_P450Rdb,1,1,B,0,1,0,1,0
INT_G003188,ENZ_G000962,CMP_G000916,1,S3_P450Rdb,1,1,B,0,1,0,1,0
INT_G003189,ENZ_G000962,CMP_G001066,1,S3_P450Rdb,1,1,B,0,1,0,1,0
INT_G003190,ENZ_G000962,CMP_G001587,1,S3_P450Rdb,1,1,B,0,1,0,1,0
INT_G003191,ENZ_G000962,CMP_G002019,1,S3_P450Rdb,1,1,B,0,1,0,1,0
INT_G003192,ENZ_G000963,CMP_G001471,1,S3_P450Rdb,1,1,B,1,1,0,1,0
INT_G003193,ENZ_G000964,CMP_G001753,1,S8_PlantP450DB,1,1,B,1,0,0,1,0
INT_G003194,ENZ_G000965,CMP_G001753,1,S8_PlantP450DB,1,1,B,1,0,0,1,0
INT_G003195,ENZ_G000966,CMP_G000442,1,S2_ESIBank|S8_PlantP450DB,2,2,B,1,0,0,1,0
INT_G003196,ENZ_G000966,CMP_G001204,1,S8_PlantP450DB,1,1,B,1,0,0,1,0
INT_G003197,ENZ_G000966,CMP_G001205,1,S2_ESIBank,1,1,B,0,0,0,1,0
INT_G003198,ENZ_G000967,CMP_G001117,1,S3_P450Rdb|S9_PCPD,2,2,B,1,1,0,1,0
INT_G003199,ENZ_G000968,CMP_G000275,1,S1_RCSB,1,1,A,0,0,1,1,0
INT_G003200,ENZ_G000968,CMP_G002054,1,S1_RCSB,1,1,A,0,0,1,1,0
INT_G003201,ENZ_G000968,CMP_G002095,1,S1_RCSB,1,1,A,0,0,1,1,0
INT_G003202,ENZ_G000969,CMP_G000133,1,S3_P450Rdb,1,1,B,1,1,0,2,0
INT_G003203,ENZ_G000969,CMP_G000134,1,S9_PCPD,1,1,B,0,0,0,1,0
INT_G003204,ENZ_G000969,CMP_G000251,1,S3_P450Rdb|S9_PCPD,2,2,B,1,1,0,1,0
INT_G003205,ENZ_G000970,CMP_G000389,1,S3_P450Rdb,1,1,B,1,1,0,1,0
INT_G003206,ENZ_G000970,CMP_G000390,1,S9_PCPD,1,1,B,0,0,0,1,0
INT_G003207,ENZ_G000970,CMP_G001999,1,S3_P450Rdb|S9_PCPD,2,2,B,1,1,0,1,0
INT_G003208,ENZ_G000971,CMP_G001727,1,S3_P450Rdb,1,1,B,1,1,0,1,0
INT_G003209,ENZ_G000972,CMP_G000804,1,S3_P450Rdb|S8_PlantP450DB|S9_PCPD,3,3,B,1,1,0,2,0
INT_G003210,ENZ_G000973,CMP_G000708,1,S3_P450Rdb|S8_PlantP450DB|S9_PCPD,3,3,B,1,1,0,1,0
INT_G003211,ENZ_G000973,CMP_G001738,1,S8_PlantP450DB,1,1,B,1,0,0,1,0
INT_G003212,ENZ_G000973,CMP_G001744,1,S3_P450Rdb|S8_PlantP450DB|S9_PCPD,3,3,B,1,1,0,1,0
INT_G003213,ENZ_G000973,CMP_G001986,1,S3_P450Rdb|S8_PlantP450DB|S9_PCPD,3,3,B,1,0,0,1,0
INT_G003214,ENZ_G000974,CMP_G001531,1,S3_P450Rdb|S9_PCPD,2,2,B,1,1,0,1,0
INT_G003215,ENZ_G000975,CMP_G001250,1,S9_PCPD,1,1,B,0,0,0,1,0
INT_G003216,ENZ_G000975,CMP_G001531,1,S3_P450Rdb,1,1,B,1,1,0,1,0
INT_G003217,ENZ_G000976,CMP_G001871,1,S2_ESIBank,1,1,B,0,0,0,1,0
INT_G003218,ENZ_G000977,CMP_G001770,1,S3_P450Rdb|S9_PCPD,2,2,B,1,1,0,2,0
INT_G003219,ENZ_G000978,CMP_G000478,1,S3_P450Rdb,1,1,B,1,1,0,1,0
INT_G003220,ENZ_G000978,CMP_G001249,1,S3_P450Rdb,1,1,B,1,1,0,1,0
INT_G003221,ENZ_G000978,CMP_G001250,1,S9_PCPD,1,1,B,0,0,0,1,0
INT_G003222,ENZ_G000978,CMP_G001997,1,S3_P450Rdb,1,1,B,1,1,0,1,0
INT_G003223,ENZ_G000979,CMP_G000544,1,S9_PCPD,1,1,B,0,0,0,1,0
INT_G003224,ENZ_G000980,CMP_G001784,1,S9_PCPD,1,1,B,0,0,0,1,0
INT_G003225,ENZ_G000981,CMP_G000494,1,S9_PCPD,1,1,B,0,0,0,1,0
INT_G003226,ENZ_G000982,CMP_G000115,1,S3_P450Rdb,1,1,B,1,1,0,2,0
INT_G003227,ENZ_G000982,CMP_G001964,1,S3_P450Rdb,1,1,B,1,1,0,1,0
INT_G003228,ENZ_G000983,CMP_G000009,1,S3_P450Rdb,1,1,B,1,1,0,1,0
INT_G003229,ENZ_G000983,CMP_G000115,1,S3_P450Rdb,1,1,B,1,1,0,1,0
INT_G003230,ENZ_G000983,CMP_G000325,1,S3_P450Rdb,1,1,B,1,1,0,2,0
INT_G003231,ENZ_G000983,CMP_G000425,1,S3_P450Rdb,1,1,B,1,1,0,1,0
INT_G003232,ENZ_G000983,CMP_G000726,1,S3_P450Rdb,1,1,B,1,1,0,1,0
INT_G003233,ENZ_G000983,CMP_G000757,1,S3_P450Rdb,1,1,B,1,1,0,1,0
INT_G003234,ENZ_G000983,CMP_G001024,1,S3_P450Rdb,1,1,B,1,1,0,1,0
INT_G003235,ENZ_G000983,CMP_G001045,1,S3_P450Rdb,1,1,B,1,1,0,1,0
INT_G003236,ENZ_G000983,CMP_G001405,1,S3_P450Rdb,1,1,B,1,1,0,2,0
INT_G003237,ENZ_G000983,CMP_G001719,1,S3_P450Rdb,1,1,B,1,1,0,2,0
INT_G003238,ENZ_G000983,CMP_G002026,1,S3_P450Rdb,1,1,B,1,1,0,4,0
INT_G003239,ENZ_G000983,CMP_G002065,1,S3_P450Rdb,1,1,B,1,1,0,1,0
INT_G003240,ENZ_G000984,CMP_G000403,1,S1_RCSB|S9_PCPD,2,2,A,0,0,1,1,0
INT_G003241,ENZ_G000984,CMP_G001504,1,S1_RCSB,1,1,A,0,0,1,1,0
INT_G003242,ENZ_G000984,CMP_G001527,1,S1_RCSB,1,1,A,0,0,1,1,0
INT_G003243,ENZ_G000985,CMP_G000002,1,S3_P450Rdb,1,1,B,1,1,0,1,0
INT_G003244,ENZ_G000985,CMP_G000179,1,S2_ESIBank|S3_P450Rdb,2,2,B,1,1,0,1,0
INT_G003245,ENZ_G000985,CMP_G000977,1,S2_ESIBank|S3_P450Rdb|S9_PCPD,3,3,B,1,1,0,1,0
INT_G003246,ENZ_G000986,CMP_G000419,1,S3_P450Rdb,1,1,B,1,1,0,1,0
INT_G003247,ENZ_G000986,CMP_G000420,1,S8_PlantP450DB|S9_PCPD,2,2,B,1,0,0,1,0
INT_G003248,ENZ_G000987,CMP_G000002,1,S3_P450Rdb,1,1,B,1,1,0,2,0
INT_G003249,ENZ_G000987,CMP_G000003,1,S3_P450Rdb,1,1,B,1,1,0,1,0
INT_G003250,ENZ_G000987,CMP_G000004,1,S3_P450Rdb,1,1,B,1,1,0,1,0
INT_G003251,ENZ_G000987,CMP_G000179,1,S3_P450Rdb,1,1,B,1,1,0,1,0
INT_G003252,ENZ_G000987,CMP_G000354,1,S3_P450Rdb,1,1,B,1,1,0,1,0
INT_G003253,ENZ_G000987,CMP_G001224,1,S3_P450Rdb,1,1,B,1,1,0,1,0
INT_G003254,ENZ_G000987,CMP_G001939,1,S3_P450Rdb,1,1,B,1,1,0,1,0
INT_G003255,ENZ_G000988,CMP_G000268,1,S8_PlantP450DB,1,1,B,1,0,0,1,0
INT_G003256,ENZ_G000988,CMP_G000583,1,S3_P450Rdb|S8_PlantP450DB,2,2,B,1,1,0,1,0
INT_G003257,ENZ_G000988,CMP_G001544,1,S8_PlantP450DB,1,1,B,1,0,0,1,0
INT_G003258,ENZ_G000989,CMP_G000887,1,S2_ESIBank|S3_P450Rdb|S8_PlantP450DB,3,3,B,1,1,0,1,0
INT_G003259,ENZ_G000989,CMP_G001490,1,S9_PCPD,1,1,B,0,0,0,1,0
INT_G003260,ENZ_G000989,CMP_G002049,1,S3_P450Rdb,1,1,B,1,1,0,1,0
INT_G003261,ENZ_G000990,CMP_G000808,1,S3_P450Rdb,1,1,B,1,1,0,1,0
INT_G003262,ENZ_G000991,CMP_G001357,1,S2_ESIBank,1,1,B,0,0,0,1,0
INT_G003263,ENZ_G000992,CMP_G001964,1,S3_P450Rdb|S9_PCPD,2,2,B,1,1,0,1,0
INT_G003264,ENZ_G000993,CMP_G001626,1,S2_ESIBank,1,1,B,0,0,0,1,0
INT_G003265,ENZ_G000993,CMP_G001627,1,S2_ESIBank,1,1,B,0,0,0,1,0
INT_G003266,ENZ_G000994,CMP_G000574,1,S2_ESIBank,1,1,B,0,0,0,1,0
INT_G003267,ENZ_G000995,CMP_G000097,1,S3_P450Rdb,1,1,B,0,1,0,2,0
INT_G003268,ENZ_G000995,CMP_G000124,1,S9_PCPD,1,1,B,0,0,0,1,0
INT_G003269,ENZ_G000995,CMP_G000293,1,S3_P450Rdb,1,1,B,0,1,0,1,0
INT_G003270,ENZ_G000995,CMP_G000663,1,S3_P450Rdb,1,1,B,0,1,0,1,0
INT_G003271,ENZ_G000995,CMP_G000714,1,S3_P450Rdb,1,1,B,0,1,0,1,0
INT_G003272,ENZ_G000995,CMP_G000763,1,S3_P450Rdb,1,1,B,0,1,0,1,0
INT_G003273,ENZ_G000995,CMP_G000885,1,S3_P450Rdb,1,1,B,0,1,0,1,0
INT_G003274,ENZ_G000995,CMP_G000926,1,S3_P450Rdb,1,1,B,0,1,0,1,0
INT_G003275,ENZ_G000995,CMP_G001055,1,S3_P450Rdb,1,1,B,0,1,0,1,0
INT_G003276,ENZ_G000995,CMP_G001182,1,S3_P450Rdb,1,1,B,0,1,0,1,0
INT_G003277,ENZ_G000995,CMP_G001263,1,S1_RCSB|S9_PCPD,2,2,A,0,0,1,1,0
INT_G003278,ENZ_G000995,CMP_G001489,1,S3_P450Rdb,1,1,B,0,1,0,1,0
INT_G003279,ENZ_G000995,CMP_G001549,1,S3_P450Rdb,1,1,B,0,1,0,2,0
INT_G003280,ENZ_G000995,CMP_G001550,1,S3_P450Rdb,1,1,B,0,1,0,1,0
INT_G003281,ENZ_G000995,CMP_G001628,1,S3_P450Rdb,1,1,B,0,1,0,1,0
INT_G003282,ENZ_G000995,CMP_G001666,1,S3_P450Rdb,1,1,B,0,1,0,1,0
INT_G003283,ENZ_G000995,CMP_G001695,1,S3_P450Rdb,1,1,B,0,1,0,1,0
INT_G003284,ENZ_G000995,CMP_G001746,1,S3_P450Rdb,1,1,B,0,1,0,1,0
INT_G003285,ENZ_G000995,CMP_G001780,1,S3_P450Rdb,1,1,B,0,1,0,1,0
INT_G003286,ENZ_G000995,CMP_G001844,1,S3_P450Rdb,1,1,B,0,1,0,1,0
INT_G003287,ENZ_G000995,CMP_G002032,1,S3_P450Rdb,1,1,B,0,1,0,1,0
INT_G003288,ENZ_G000996,CMP_G000034,1,S3_P450Rdb,1,1,B,1,1,0,1,0
INT_G003289,ENZ_G000996,CMP_G000336,1,S3_P450Rdb|S9_PCPD,2,2,B,1,1,0,1,0
INT_G003290,ENZ_G000996,CMP_G000337,1,S1_RCSB,1,1,A,0,0,1,1,0
INT_G003291,ENZ_G000996,CMP_G001175,1,S3_P450Rdb,1,1,B,1,1,0,1,0
INT_G003292,ENZ_G000996,CMP_G001703,1,S3_P450Rdb,1,1,B,1,0,0,1,0
INT_G003293,ENZ_G000996,CMP_G001780,1,S3_P450Rdb,1,1,B,1,1,0,1,0
INT_G003294,ENZ_G000997,CMP_G000337,1,S1_RCSB,1,1,A,0,0,1,1,0
INT_G003295,ENZ_G000998,CMP_G001206,1,S9_PCPD,1,1,B,0,0,0,1,0
INT_G003296,ENZ_G000998,CMP_G001761,1,S9_PCPD,1,1,B,0,0,0,1,0
INT_G003297,ENZ_G000999,CMP_G000035,1,S1_RCSB,1,1,A,0,0,1,1,0
INT_G003298,ENZ_G000999,CMP_G000079,1,S1_RCSB,1,1,A,0,0,1,1,0
INT_G003299,ENZ_G000999,CMP_G000105,1,S1_RCSB,1,1,A,0,0,1,1,0
INT_G003300,ENZ_G000999,CMP_G000140,1,S1_RCSB,1,1,A,0,0,1,1,0
INT_G003301,ENZ_G000999,CMP_G000215,1,S1_RCSB|S3_P450Rdb,2,2,A,1,1,1,1,0
INT_G003302,ENZ_G000999,CMP_G000245,1,S1_RCSB,1,1,A,0,0,1,1,0
INT_G003303,ENZ_G000999,CMP_G000275,1,S1_RCSB|S3_P450Rdb,2,2,A,1,1,1,1,0
INT_G003304,ENZ_G000999,CMP_G000290,1,S3_P450Rdb,1,1,B,1,1,0,1,0
INT_G003305,ENZ_G000999,CMP_G000341,1,S1_RCSB,1,1,A,0,0,1,1,0
INT_G003306,ENZ_G000999,CMP_G000397,1,S1_RCSB,1,1,A,0,0,1,1,0
INT_G003307,ENZ_G000999,CMP_G000409,1,S1_RCSB,1,1,A,0,0,1,1,0
INT_G003308,ENZ_G000999,CMP_G000422,1,S1_RCSB,1,1,A,0,0,1,1,0
INT_G003309,ENZ_G000999,CMP_G000423,1,S1_RCSB,1,1,A,0,0,1,1,0
INT_G003310,ENZ_G000999,CMP_G000475,1,S1_RCSB,1,1,A,0,0,1,1,0
INT_G003311,ENZ_G000999,CMP_G000477,1,S1_RCSB|S3_P450Rdb,2,2,A,1,1,1,1,0
INT_G003312,ENZ_G000999,CMP_G000488,1,S1_RCSB,1,1,A,0,0,1,1,0
INT_G003313,ENZ_G000999,CMP_G000510,1,S1_RCSB,1,1,A,0,0,1,1,0
INT_G003314,ENZ_G000999,CMP_G000693,1,S1_RCSB,1,1,A,0,0,1,1,0
INT_G003315,ENZ_G000999,CMP_G000704,1,S3_P450Rdb,1,1,B,0,1,0,1,0
INT_G003316,ENZ_G000999,CMP_G000735,1,S1_RCSB,1,1,A,0,0,1,1,0
INT_G003317,ENZ_G000999,CMP_G000807,1,S1_RCSB,1,1,A,0,0,1,1,0
INT_G003318,ENZ_G000999,CMP_G000882,1,S1_RCSB,1,1,A,0,0,1,1,0
INT_G003319,ENZ_G000999,CMP_G000905,1,S1_RCSB,1,1,A,0,0,1,1,0
INT_G003320,ENZ_G000999,CMP_G000935,1,S1_RCSB|S3_P450Rdb,2,2,A,1,1,1,1,0
INT_G003321,ENZ_G000999,CMP_G001018,1,S1_RCSB,1,1,A,0,0,1,1,0
INT_G003322,ENZ_G000999,CMP_G001019,1,S3_P450Rdb,1,1,B,0,1,0,1,0
INT_G003323,ENZ_G000999,CMP_G001081,1,S1_RCSB,1,1,A,0,0,1,1,0
INT_G003324,ENZ_G000999,CMP_G001119,1,S1_RCSB,1,1,A,0,0,1,1,0
INT_G003325,ENZ_G000999,CMP_G001146,1,S1_RCSB,1,1,A,0,0,1,1,0
INT_G003326,ENZ_G000999,CMP_G001166,1,S1_RCSB,1,1,A,0,0,1,1,0
INT_G003327,ENZ_G000999,CMP_G001286,1,S1_RCSB,1,1,A,0,0,1,1,0
INT_G003328,ENZ_G000999,CMP_G001298,1,S1_RCSB,1,1,A,0,0,1,1,0
INT_G003329,ENZ_G000999,CMP_G001356,1,S3_P450Rdb,1,1,B,1,1,0,1,0
INT_G003330,ENZ_G000999,CMP_G001381,1,S1_RCSB,1,1,A,0,0,1,1,0
INT_G003331,ENZ_G000999,CMP_G001453,1,S1_RCSB,1,1,A,0,0,1,1,0
INT_G003332,ENZ_G000999,CMP_G001502,1,S1_RCSB,1,1,A,0,0,1,1,0
INT_G003333,ENZ_G000999,CMP_G001623,1,S1_RCSB|S3_P450Rdb,2,2,A,1,1,1,1,0
INT_G003334,ENZ_G000999,CMP_G001729,1,S1_RCSB,1,1,A,0,0,1,1,0
INT_G003335,ENZ_G000999,CMP_G001730,1,S1_RCSB,1,1,A,0,0,1,1,0
INT_G003336,ENZ_G000999,CMP_G001864,1,S1_RCSB,1,1,A,0,0,1,1,0
INT_G003337,ENZ_G000999,CMP_G001909,1,S1_RCSB,1,1,A,0,0,1,1,0
INT_G003338,ENZ_G000999,CMP_G002034,1,S1_RCSB,1,1,A,0,0,1,1,0
INT_G003339,ENZ_G000999,CMP_G002054,1,S1_RCSB|S3_P450Rdb|S9_PCPD,3,3,A,1,1,1,1,0
INT_G003340,ENZ_G000999,CMP_G002095,1,S1_RCSB|S3_P450Rdb,2,2,A,1,1,1,1,0
INT_G003341,ENZ_G000999,CMP_G002114,1,S1_RCSB,1,1,A,0,0,1,1,0
INT_G003342,ENZ_G001000,CMP_G001098,1,S2_ESIBank,1,1,B,0,0,0,1,0
INT_G003343,ENZ_G001001,CMP_G000997,1,S3_P450Rdb,1,1,B,1,1,0,1,0
INT_G003344,ENZ_G001002,CMP_G001887,1,S8_PlantP450DB,1,1,B,1,0,0,1,0
INT_G003345,ENZ_G001003,CMP_G001572,1,S2_ESIBank,1,1,B,0,0,0,1,0
INT_G003346,ENZ_G001003,CMP_G002094,1,S2_ESIBank,1,1,B,0,0,0,1,0
INT_G003347,ENZ_G001004,CMP_G000102,1,S3_P450Rdb,1,1,B,1,1,0,1,0
INT_G003348,ENZ_G001004,CMP_G000121,1,S3_P450Rdb,1,1,B,1,1,0,2,0
INT_G003349,ENZ_G001004,CMP_G000578,1,S3_P450Rdb,1,1,B,1,1,0,1,0
INT_G003350,ENZ_G001004,CMP_G000651,1,S3_P450Rdb,1,1,B,1,1,0,1,0
INT_G003351,ENZ_G001004,CMP_G000660,1,S3_P450Rdb,1,1,B,1,1,0,1,0
INT_G003352,ENZ_G001004,CMP_G000803,1,S3_P450Rdb,1,1,B,1,1,0,1,0
INT_G003353,ENZ_G001004,CMP_G001333,1,S3_P450Rdb,1,1,B,1,1,0,1,0
INT_G003354,ENZ_G001004,CMP_G001512,1,S3_P450Rdb,1,1,B,1,1,0,1,0
INT_G003355,ENZ_G001004,CMP_G001562,1,S3_P450Rdb,1,1,B,1,1,0,1,0
INT_G003356,ENZ_G001004,CMP_G001919,1,S3_P450Rdb,1,1,B,1,1,0,1,0
INT_G003357,ENZ_G001004,CMP_G002101,1,S3_P450Rdb,1,1,B,1,1,0,1,0
INT_G003358,ENZ_G001005,CMP_G000738,1,S8_PlantP450DB,1,1,B,1,0,0,1,0
INT_G003359,ENZ_G001006,CMP_G001106,1,S8_PlantP450DB,1,1,B,1,0,0,1,0
INT_G003360,ENZ_G001007,CMP_G000738,1,S3_P450Rdb|S8_PlantP450DB|S9_PCPD,3,3,B,1,1,0,1,0
INT_G003361,ENZ_G001008,CMP_G000738,1,S8_PlantP450DB,1,1,B,1,0,0,1,0
INT_G003362,ENZ_G001009,CMP_G000995,1,S3_P450Rdb,1,1,B,1,1,0,1,0
INT_G003363,ENZ_G001009,CMP_G000996,1,S8_PlantP450DB,1,1,B,1,0,0,1,0
INT_G003364,ENZ_G001009,CMP_G001226,1,S8_PlantP450DB,1,1,B,1,0,0,1,0
INT_G003365,ENZ_G001010,CMP_G000436,1,S2_ESIBank|S3_P450Rdb|S8_PlantP450DB,3,3,B,1,1,0,1,0
INT_G003366,ENZ_G001010,CMP_G000453,1,S3_P450Rdb,1,1,B,1,1,0,1,0
INT_G003367,ENZ_G001010,CMP_G000738,1,S2_ESIBank|S3_P450Rdb|S8_PlantP450DB,3,3,B,1,1,0,2,0
INT_G003368,ENZ_G001010,CMP_G001017,1,S2_ESIBank|S3_P450Rdb|S8_PlantP450DB,3,3,B,1,1,0,1,0
INT_G003369,ENZ_G001010,CMP_G001266,1,S3_P450Rdb|S8_PlantP450DB,2,2,B,1,1,0,1,0
INT_G003370,ENZ_G001010,CMP_G001267,1,S2_ESIBank,1,1,B,0,0,0,1,0
INT_G003371,ENZ_G001010,CMP_G001539,1,S3_P450Rdb,1,1,B,1,1,0,1,0
INT_G003372,ENZ_G001010,CMP_G001702,1,S3_P450Rdb,1,1,B,1,1,0,1,0
INT_G003373,ENZ_G001010,CMP_G001923,1,S3_P450Rdb,1,1,B,1,1,0,1,0
INT_G003374,ENZ_G001011,CMP_G000365,1,S3_P450Rdb,1,1,B,1,0,0,1,0
INT_G003375,ENZ_G001011,CMP_G000996,1,S3_P450Rdb|S8_PlantP450DB|S9_PCPD,3,3,B,1,1,0,1,0
INT_G003376,ENZ_G001011,CMP_G001210,1,S3_P450Rdb,1,1,B,1,1,0,1,0
INT_G003377,ENZ_G001011,CMP_G001226,1,S3_P450Rdb|S8_PlantP450DB,2,2,B,1,1,0,1,0
INT_G003378,ENZ_G001011,CMP_G001329,1,S3_P450Rdb,1,1,B,1,0,0,1,0
INT_G003379,ENZ_G001011,CMP_G001971,1,S3_P450Rdb,1,1,B,1,0,0,1,0
INT_G003380,ENZ_G001012,CMP_G000276,1,S3_P450Rdb,1,1,B,1,1,0,1,0
INT_G003381,ENZ_G001012,CMP_G001872,1,S3_P450Rdb,1,1,B,1,1,0,1,0
INT_G003382,ENZ_G001013,CMP_G000115,1,S3_P450Rdb|S9_PCPD,2,2,B,1,1,0,2,0
INT_G003383,ENZ_G001013,CMP_G001964,1,S3_P450Rdb|S9_PCPD,2,2,B,1,1,0,2,0
INT_G003384,ENZ_G001013,CMP_G002066,1,S9_PCPD,1,1,B,0,0,0,1,0
INT_G003385,ENZ_G001014,CMP_G000530,1,S8_PlantP450DB,1,1,B,1,0,0,1,0
INT_G003386,ENZ_G001015,CMP_G000147,1,S8_PlantP450DB,1,1,B,1,0,0,1,0
INT_G003387,ENZ_G001015,CMP_G000530,1,S8_PlantP450DB,1,1,B,1,0,0,1,0
INT_G003388,ENZ_G001016,CMP_G000065,1,S3_P450Rdb|S8_PlantP450DB,2,2,B,1,1,0,1,0
INT_G003389,ENZ_G001017,CMP_G002050,1,S9_PCPD,1,1,B,0,0,0,1,0
INT_G003390,ENZ_G001018,CMP_G002050,1,S9_PCPD,1,1,B,0,0,0,1,0
INT_G003391,ENZ_G001019,CMP_G000259,1,S2_ESIBank,1,1,B,0,0,0,1,0
INT_G003392,ENZ_G001019,CMP_G000442,1,S2_ESIBank,1,1,B,0,0,0,1,0
INT_G003393,ENZ_G001020,CMP_G000727,1,S2_ESIBank,1,1,B,0,0,0,1,0
INT_G003394,ENZ_G001020,CMP_G000729,1,S3_P450Rdb,1,1,B,1,1,0,1,0
INT_G003395,ENZ_G001020,CMP_G000740,1,S8_PlantP450DB,1,1,B,1,0,0,1,0
INT_G003396,ENZ_G001020,CMP_G000741,1,S3_P450Rdb,1,1,B,1,1,0,1,0
INT_G003397,ENZ_G001020,CMP_G000743,1,S2_ESIBank,1,1,B,0,0,0,1,0
INT_G003398,ENZ_G001020,CMP_G001444,1,S2_ESIBank,1,1,B,0,0,0,1,0
INT_G003399,ENZ_G001020,CMP_G001445,1,S3_P450Rdb,1,1,B,1,1,0,1,0
INT_G003400,ENZ_G001020,CMP_G001654,1,S2_ESIBank,1,1,B,0,0,0,1,0
INT_G003401,ENZ_G001020,CMP_G001656,1,S3_P450Rdb,1,1,B,1,1,0,1,0
INT_G003402,ENZ_G001020,CMP_G001657,1,S8_PlantP450DB,1,1,B,1,0,0,1,0
INT_G003403,ENZ_G001021,CMP_G000279,1,S2_ESIBank,1,1,B,0,0,0,1,0
INT_G003404,ENZ_G001022,CMP_G000442,1,S2_ESIBank|S8_PlantP450DB,2,2,B,1,0,0,1,0
INT_G003405,ENZ_G001022,CMP_G000890,1,S2_ESIBank,1,1,B,0,0,0,1,0
INT_G003406,ENZ_G001022,CMP_G001204,1,S8_PlantP450DB,1,1,B,1,0,0,1,0
INT_G003407,ENZ_G001023,CMP_G000442,1,S8_PlantP450DB,1,1,B,1,0,0,1,0
INT_G003408,ENZ_G001023,CMP_G000890,1,S2_ESIBank,1,1,B,0,0,0,1,0
INT_G003409,ENZ_G001023,CMP_G001204,1,S8_PlantP450DB,1,1,B,1,0,0,1,0
INT_G003410,ENZ_G001024,CMP_G000442,1,S2_ESIBank|S8_PlantP450DB,2,2,B,1,0,0,1,0
INT_G003411,ENZ_G001024,CMP_G001204,1,S8_PlantP450DB,1,1,B,1,0,0,1,0
INT_G003412,ENZ_G001024,CMP_G001205,1,S2_ESIBank,1,1,B,0,0,0,1,0
INT_G003413,ENZ_G001025,CMP_G000061,1,S8_PlantP450DB,1,1,B,1,0,0,1,0
INT_G003414,ENZ_G001025,CMP_G001042,1,S8_PlantP450DB,1,1,B,1,0,0,1,0
INT_G003415,ENZ_G001026,CMP_G000565,1,S2_ESIBank,1,1,B,0,0,0,1,0
INT_G003416,ENZ_G001026,CMP_G000566,1,S3_P450Rdb,1,1,B,1,1,0,1,0
INT_G003417,ENZ_G001026,CMP_G001663,1,S2_ESIBank|S8_PlantP450DB,2,2,B,1,0,0,1,0
INT_G003418,ENZ_G001026,CMP_G001664,1,S3_P450Rdb,1,1,B,1,1,0,1,0
INT_G003419,ENZ_G001027,CMP_G000565,1,S2_ESIBank|S3_P450Rdb|S8_PlantP450DB,3,3,B,1,1,0,1,0
INT_G003420,ENZ_G001027,CMP_G001663,1,S2_ESIBank|S3_P450Rdb|S9_PCPD,3,3,B,1,1,0,1,0
INT_G003421,ENZ_G001028,CMP_G000753,1,S1_RCSB,1,1,A,0,0,1,1,0
INT_G003422,ENZ_G001029,CMP_G000442,1,S8_PlantP450DB,1,1,B,1,0,0,1,0
INT_G003423,ENZ_G001029,CMP_G001204,1,S8_PlantP450DB,1,1,B,1,0,0,1,0
INT_G003424,ENZ_G001030,CMP_G001527,1,S3_P450Rdb|S8_PlantP450DB|S9_PCPD,3,3,B,1,1,0,1,0
INT_G003425,ENZ_G001031,CMP_G000727,1,S2_ESIBank,1,1,B,0,0,0,1,0
INT_G003426,ENZ_G001032,CMP_G000442,1,S2_ESIBank,1,1,B,0,0,0,1,0
INT_G003427,ENZ_G001032,CMP_G001205,1,S2_ESIBank,1,1,B,0,0,0,1,0
INT_G003428,ENZ_G001033,CMP_G001753,1,S8_PlantP450DB,1,1,B,1,0,0,1,0
INT_G003429,ENZ_G001034,CMP_G001626,1,S2_ESIBank,1,1,B,0,0,0,1,0
INT_G003430,ENZ_G001034,CMP_G001627,1,S2_ESIBank,1,1,B,0,0,0,1,0
INT_G003431,ENZ_G001035,CMP_G000585,1,S1_RCSB,1,1,A,0,0,1,1,0
INT_G003432,ENZ_G001035,CMP_G000729,1,S3_P450Rdb,1,1,B,1,1,0,1,0
INT_G003433,ENZ_G001035,CMP_G001656,1,S3_P450Rdb,1,1,B,1,1,0,1,0
INT_G003434,ENZ_G001036,CMP_G000943,1,S3_P450Rdb|S8_PlantP450DB,2,2,B,1,1,0,1,0
INT_G003435,ENZ_G001036,CMP_G001603,1,S3_P450Rdb|S8_PlantP450DB,2,2,B,1,1,0,1,0
INT_G003436,ENZ_G001036,CMP_G001801,1,S3_P450Rdb|S8_PlantP450DB,2,2,B,1,1,0,1,0
INT_G003437,ENZ_G001036,CMP_G002063,1,S3_P450Rdb|S8_PlantP450DB,2,2,B,1,1,0,1,0
INT_G003438,ENZ_G001037,CMP_G000315,1,S2_ESIBank|S8_PlantP450DB,2,2,B,1,0,0,1,0
INT_G003439,ENZ_G001037,CMP_G000752,1,S2_ESIBank|S8_PlantP450DB,2,2,B,1,0,0,1,0
INT_G003440,ENZ_G001037,CMP_G000867,1,S9_PCPD,1,1,B,0,0,0,1,0
INT_G003441,ENZ_G001037,CMP_G000868,1,S2_ESIBank|S8_PlantP450DB,2,2,B,1,0,0,1,0
INT_G003442,ENZ_G001038,CMP_G001753,1,S8_PlantP450DB,1,1,B,1,0,0,1,0
INT_G003443,ENZ_G001039,CMP_G001130,1,S2_ESIBank|S3_P450Rdb|S8_PlantP450DB|S9_PCPD,4,4,B,1,1,0,1,0
INT_G003444,ENZ_G001040,CMP_G000224,1,S2_ESIBank|S3_P450Rdb,2,2,B,1,1,0,1,0
INT_G003445,ENZ_G001040,CMP_G001189,1,S2_ESIBank|S3_P450Rdb|S8_PlantP450DB|S9_PCPD,4,4,B,1,1,0,2,0
INT_G003446,ENZ_G001040,CMP_G001190,1,S3_P450Rdb,1,1,B,1,1,0,1,0
INT_G003447,ENZ_G001040,CMP_G001336,1,S2_ESIBank|S3_P450Rdb,2,2,B,1,1,0,1,0
INT_G003448,ENZ_G001040,CMP_G001731,1,S2_ESIBank,1,1,B,0,0,0,1,0
INT_G003449,ENZ_G001041,CMP_G000247,1,S3_P450Rdb|S9_PCPD,2,2,B,1,1,0,1,0
INT_G003450,ENZ_G001041,CMP_G001635,1,S3_P450Rdb|S8_PlantP450DB|S9_PCPD,3,3,B,1,1,0,1,0
INT_G003451,ENZ_G001041,CMP_G001738,1,S3_P450Rdb|S8_PlantP450DB,2,2,B,1,1,0,2,0
INT_G003452,ENZ_G001041,CMP_G001800,1,S3_P450Rdb|S8_PlantP450DB|S9_PCPD,3,3,B,1,1,0,1,0
INT_G003453,ENZ_G001041,CMP_G001801,1,S3_P450Rdb|S8_PlantP450DB|S9_PCPD,3,3,B,1,1,0,1,0
INT_G003454,ENZ_G001042,CMP_G000137,1,S9_PCPD,1,1,B,0,0,0,1,0
INT_G003455,ENZ_G001042,CMP_G001496,1,S2_ESIBank|S3_P450Rdb|S8_PlantP450DB,3,3,B,1,1,0,1,0
INT_G003456,ENZ_G001043,CMP_G000464,1,S9_PCPD,1,1,B,0,0,0,1,0
INT_G003457,ENZ_G001043,CMP_G000795,1,S2_ESIBank|S3_P450Rdb|S8_PlantP450DB,3,3,B,1,1,0,1,0
INT_G003458,ENZ_G001043,CMP_G001349,1,S2_ESIBank|S8_PlantP450DB,2,2,B,1,0,0,1,0
INT_G003459,ENZ_G001044,CMP_G001504,1,S2_ESIBank|S3_P450Rdb|S8_PlantP450DB|S9_PCPD,4,4,B,1,1,0,1,0
INT_G003460,ENZ_G001045,CMP_G000076,1,S3_P450Rdb,1,1,B,1,1,0,1,0
INT_G003461,ENZ_G001046,CMP_G000425,1,S3_P450Rdb|S9_PCPD,2,2,B,1,1,0,3,0
INT_G003462,ENZ_G001047,CMP_G000179,1,S2_ESIBank,1,1,B,0,0,0,1,0
INT_G003463,ENZ_G001048,CMP_G000413,1,S3_P450Rdb,1,1,B,1,1,0,1,0
INT_G003464,ENZ_G001049,CMP_G000496,1,S3_P450Rdb,1,1,B,1,1,0,1,0
INT_G003465,ENZ_G001050,CMP_G001898,1,S3_P450Rdb,1,1,B,1,1,0,1,0
INT_G003466,ENZ_G001051,CMP_G000278,1,S3_P450Rdb,1,1,B,1,1,0,1,0
INT_G003467,ENZ_G001052,CMP_G000302,1,S3_P450Rdb|S9_PCPD,2,3,B,1,1,0,1,0
INT_G003468,ENZ_G001052,CMP_G001071,1,S3_P450Rdb,1,1,B,1,1,0,1,0
INT_G003469,ENZ_G001053,CMP_G000474,1,S3_P450Rdb,1,1,B,1,1,0,1,0
INT_G003470,ENZ_G001054,CMP_G000002,1,S3_P450Rdb,1,1,B,1,1,0,1,0
INT_G003471,ENZ_G001054,CMP_G000179,1,S3_P450Rdb,1,1,B,1,1,0,1,0
INT_G003472,ENZ_G001055,CMP_G001704,1,S9_PCPD,1,1,B,0,0,0,1,0
INT_G003473,ENZ_G001056,CMP_G001315,1,S3_P450Rdb|S8_PlantP450DB|S9_PCPD,3,3,B,1,1,0,1,0
INT_G003474,ENZ_G001057,CMP_G000266,1,S2_ESIBank|S8_PlantP450DB,2,2,B,1,0,0,1,0
INT_G003475,ENZ_G001057,CMP_G000345,1,S2_ESIBank|S8_PlantP450DB,2,2,B,1,0,0,1,0
INT_G003476,ENZ_G001057,CMP_G000514,1,S2_ESIBank|S3_P450Rdb|S8_PlantP450DB,3,3,B,1,1,0,1,0
INT_G003477,ENZ_G001057,CMP_G000587,1,S2_ESIBank|S8_PlantP450DB,2,2,B,1,0,0,1,0
INT_G003478,ENZ_G001057,CMP_G001074,1,S2_ESIBank|S8_PlantP450DB,2,2,B,1,0,0,1,0
INT_G003479,ENZ_G001057,CMP_G001817,1,S2_ESIBank|S8_PlantP450DB,2,2,B,1,0,0,1,0
INT_G003480,ENZ_G001057,CMP_G001949,1,S2_ESIBank|S8_PlantP450DB,2,2,B,1,0,0,1,0
INT_G003481,ENZ_G001058,CMP_G000248,1,S3_P450Rdb,1,1,B,1,1,0,1,0
INT_G003482,ENZ_G001058,CMP_G001738,1,S8_PlantP450DB|S9_PCPD,2,2,B,1,0,0,1,0
INT_G003483,ENZ_G001058,CMP_G001739,1,S3_P450Rdb,1,1,B,1,1,0,2,0
INT_G003484,ENZ_G001058,CMP_G001743,1,S3_P450Rdb,1,1,B,1,1,0,1,0
INT_G003485,ENZ_G001058,CMP_G001744,1,S8_PlantP450DB,1,1,B,1,0,0,1,0
INT_G003486,ENZ_G001059,CMP_G000455,1,S3_P450Rdb|S8_PlantP450DB,2,2,B,1,1,0,1,0
INT_G003487,ENZ_G001059,CMP_G001652,1,S9_PCPD,1,1,B,0,0,0,1,0
INT_G003488,ENZ_G001060,CMP_G000455,1,S2_ESIBank|S3_P450Rdb|S8_PlantP450DB|S9_PCPD,4,4,B,1,1,0,1,0
INT_G003489,ENZ_G001060,CMP_G000456,1,S2_ESIBank,1,1,B,0,0,0,1,0
INT_G003490,ENZ_G001060,CMP_G000805,1,S2_ESIBank|S3_P450Rdb|S8_PlantP450DB|S9_PCPD,4,4,B,1,1,0,1,0
INT_G003491,ENZ_G001060,CMP_G000853,1,S2_ESIBank|S3_P450Rdb|S8_PlantP450DB|S9_PCPD,4,4,B,1,1,0,1,0
INT_G003492,ENZ_G001060,CMP_G000854,1,S2_ESIBank,1,1,B,0,0,0,1,0
INT_G003493,ENZ_G001061,CMP_G000249,1,S2_ESIBank,1,1,B,0,0,0,1,0
INT_G003494,ENZ_G001061,CMP_G000701,1,S2_ESIBank|S3_P450Rdb,2,2,B,1,1,0,1,0
INT_G003495,ENZ_G001061,CMP_G000916,1,S2_ESIBank|S3_P450Rdb,2,2,B,1,1,0,1,0
INT_G003496,ENZ_G001061,CMP_G000917,1,S2_ESIBank,1,1,B,0,0,0,1,0
INT_G003497,ENZ_G001061,CMP_G001066,1,S2_ESIBank,1,1,B,0,0,0,1,0
INT_G003498,ENZ_G001061,CMP_G001587,1,S2_ESIBank,1,1,B,0,0,0,1,0
INT_G003499,ENZ_G001061,CMP_G001947,1,S2_ESIBank|S3_P450Rdb,2,2,B,1,1,0,1,0
INT_G003500,ENZ_G001061,CMP_G001985,1,S2_ESIBank|S3_P450Rdb,2,2,B,1,1,0,1,0
INT_G003501,ENZ_G001062,CMP_G000890,1,S2_ESIBank,1,1,B,0,0,0,1,0
INT_G003502,ENZ_G001063,CMP_G001848,1,S9_PCPD,1,1,B,0,0,0,1,0
INT_G003503,ENZ_G001064,CMP_G000090,1,S3_P450Rdb|S9_PCPD,2,2,B,1,0,0,1,0
INT_G003504,ENZ_G001064,CMP_G000100,1,S3_P450Rdb|S9_PCPD,2,2,B,1,1,0,1,0
INT_G003505,ENZ_G001065,CMP_G000983,1,S3_P450Rdb,1,1,B,1,1,0,1,0
INT_G003506,ENZ_G001066,CMP_G001710,1,S3_P450Rdb|S8_PlantP450DB|S9_PCPD,3,3,B,1,1,0,1,0
INT_G003507,ENZ_G001067,CMP_G001496,1,S8_PlantP450DB,1,1,B,1,0,0,1,0
INT_G003508,ENZ_G001068,CMP_G001496,1,S8_PlantP450DB,1,1,B,1,0,0,1,0
INT_G003509,ENZ_G001069,CMP_G000795,1,S8_PlantP450DB,1,1,B,1,0,0,1,0
INT_G003510,ENZ_G001070,CMP_G000795,1,S3_P450Rdb|S8_PlantP450DB|S9_PCPD,3,3,B,1,1,0,1,0
INT_G003511,ENZ_G001070,CMP_G001349,1,S8_PlantP450DB,1,1,B,1,0,0,1,0
INT_G003512,ENZ_G001071,CMP_G001376,1,S3_P450Rdb|S9_PCPD,2,2,B,1,1,0,1,0
INT_G003513,ENZ_G001072,CMP_G000280,1,S1_RCSB|S3_P450Rdb,2,2,A,1,1,1,2,0
INT_G003514,ENZ_G001072,CMP_G000424,1,S1_RCSB,1,1,A,0,0,1,1,0
INT_G003515,ENZ_G001073,CMP_G000194,1,S2_ESIBank|S3_P450Rdb|S9_PCPD,3,3,B,1,1,0,1,0
INT_G003516,ENZ_G001073,CMP_G000640,1,S2_ESIBank,1,1,B,0,0,0,1,0
INT_G003517,ENZ_G001073,CMP_G001096,1,S2_ESIBank,1,1,B,0,0,0,1,0
INT_G003518,ENZ_G001074,CMP_G000593,1,S1_RCSB,1,1,A,0,0,1,1,0
INT_G003519,ENZ_G001074,CMP_G001024,1,S1_RCSB,1,1,A,0,0,1,1,0
INT_G003520,ENZ_G001074,CMP_G001157,1,S1_RCSB,1,1,A,0,0,1,1,0
INT_G003521,ENZ_G001074,CMP_G001523,1,S1_RCSB,1,1,A,0,0,1,1,0
INT_G003522,ENZ_G001074,CMP_G001524,1,S3_P450Rdb,1,1,B,0,1,0,1,0
INT_G003523,ENZ_G001075,CMP_G000047,1,S3_P450Rdb,1,1,B,1,1,0,1,0
INT_G003524,ENZ_G001075,CMP_G000598,1,S3_P450Rdb,1,1,B,1,1,0,1,0
INT_G003525,ENZ_G001076,CMP_G000571,1,S3_P450Rdb|S9_PCPD,2,2,B,1,1,0,1,0
INT_G003526,ENZ_G001076,CMP_G001596,1,S3_P450Rdb|S9_PCPD,2,2,B,1,1,0,1,0
INT_G003527,ENZ_G001076,CMP_G001836,1,S3_P450Rdb|S9_PCPD,2,2,B,1,1,0,1,0
INT_G003528,ENZ_G001076,CMP_G002018,1,S3_P450Rdb|S9_PCPD,2,2,B,1,1,0,1,0
INT_G003529,ENZ_G001077,CMP_G001263,1,S9_PCPD,1,1,B,0,0,0,1,0
INT_G003530,ENZ_G001077,CMP_G001499,1,S1_RCSB,1,1,A,0,0,1,1,0
INT_G003531,ENZ_G001078,CMP_G001906,1,S3_P450Rdb,1,1,B,1,1,0,1,0
INT_G003532,ENZ_G001079,CMP_G000442,1,S2_ESIBank,1,1,B,0,0,0,1,0
INT_G003533,ENZ_G001079,CMP_G001205,1,S2_ESIBank,1,1,B,0,0,0,1,0
INT_G003534,ENZ_G001080,CMP_G001250,1,S9_PCPD,1,1,B,0,0,0,1,0
INT_G003535,ENZ_G001080,CMP_G001830,1,S9_PCPD,1,1,B,0,0,0,1,0
INT_G003536,ENZ_G001081,CMP_G000071,1,S3_P450Rdb,1,1,B,1,1,0,1,0
INT_G003537,ENZ_G001081,CMP_G000607,1,S3_P450Rdb,1,1,B,1,1,0,1,0
INT_G003538,ENZ_G001081,CMP_G001490,1,S3_P450Rdb|S8_PlantP450DB|S9_PCPD,3,3,B,1,1,0,1,0
INT_G003539,ENZ_G001081,CMP_G001748,1,S3_P450Rdb,1,1,B,1,1,0,1,0
INT_G003540,ENZ_G001082,CMP_G000890,1,S2_ESIBank,1,1,B,0,0,0,1,0
INT_G003541,ENZ_G001083,CMP_G001129,1,S3_P450Rdb,1,1,B,1,1,0,2,0
INT_G003542,ENZ_G001083,CMP_G001562,1,S3_P450Rdb,1,1,B,1,1,0,2,0
INT_G003543,ENZ_G001084,CMP_G000607,1,S2_ESIBank,1,1,B,0,0,0,1,0
INT_G003544,ENZ_G001085,CMP_G000250,1,S3_P450Rdb|S9_PCPD,2,2,B,1,1,0,1,0
INT_G003545,ENZ_G001086,CMP_G001426,1,S8_PlantP450DB,1,1,B,1,0,0,1,0
INT_G003546,ENZ_G001086,CMP_G001602,1,S3_P450Rdb,1,1,B,1,0,0,1,0
INT_G003547,ENZ_G001087,CMP_G001167,1,S3_P450Rdb,1,1,B,1,1,0,1,0
INT_G003548,ENZ_G001087,CMP_G001615,1,S3_P450Rdb,1,1,B,1,1,0,1,0
INT_G003549,ENZ_G001088,CMP_G000399,1,S9_PCPD,1,1,B,0,0,0,1,0
INT_G003550,ENZ_G001089,CMP_G000740,1,S8_PlantP450DB,1,1,B,1,0,0,1,0
INT_G003551,ENZ_G001089,CMP_G001361,1,S8_PlantP450DB,1,1,B,1,0,0,1,0
INT_G003552,ENZ_G001090,CMP_G001710,1,S8_PlantP450DB,1,1,B,1,0,0,1,0
INT_G003553,ENZ_G001091,CMP_G001496,1,S8_PlantP450DB,1,1,B,1,0,0,1,0
INT_G003554,ENZ_G001092,CMP_G001504,1,S8_PlantP450DB,1,1,B,1,0,0,1,0
INT_G003555,ENZ_G001093,CMP_G000161,1,S3_P450Rdb,1,1,B,0,1,0,1,0
INT_G003556,ENZ_G001093,CMP_G000396,1,S3_P450Rdb,1,1,B,0,1,0,1,0
INT_G003557,ENZ_G001094,CMP_G000014,1,S3_P450Rdb,1,1,B,1,1,0,1,0
INT_G003558,ENZ_G001095,CMP_G000078,1,S3_P450Rdb|S9_PCPD,2,2,B,1,1,0,1,0
INT_G003559,ENZ_G001096,CMP_G000010,1,S3_P450Rdb,1,1,B,1,1,0,1,0
INT_G003560,ENZ_G001096,CMP_G000442,1,S3_P450Rdb|S8_PlantP450DB,2,2,B,1,1,0,1,0
INT_G003561,ENZ_G001096,CMP_G001469,1,S3_P450Rdb|S8_PlantP450DB,2,2,B,1,1,0,1,0
INT_G003562,ENZ_G001096,CMP_G002085,1,S9_PCPD,1,1,B,0,0,0,1,0
INT_G003563,ENZ_G001097,CMP_G002015,1,S9_PCPD,1,1,B,0,0,0,1,0
INT_G003564,ENZ_G001098,CMP_G000030,1,S1_RCSB|S3_P450Rdb,2,2,A,1,1,1,1,0
INT_G003565,ENZ_G001098,CMP_G000282,1,S3_P450Rdb,1,1,B,1,1,0,1,0
INT_G003566,ENZ_G001098,CMP_G000412,1,S3_P450Rdb,1,1,B,1,1,0,1,0
INT_G003567,ENZ_G001098,CMP_G001024,1,S1_RCSB|S3_P450Rdb,2,2,A,1,1,1,1,0
INT_G003568,ENZ_G001098,CMP_G001177,1,S1_RCSB|S3_P450Rdb,2,2,A,1,1,1,1,0
INT_G003569,ENZ_G001098,CMP_G001405,1,S1_RCSB|S3_P450Rdb,2,2,A,1,1,1,1,0
INT_G003570,ENZ_G001098,CMP_G001709,1,S1_RCSB,1,1,A,0,0,1,1,0
INT_G003571,ENZ_G001099,CMP_G000139,1,S3_P450Rdb|S9_PCPD,2,2,B,1,1,0,1,0
INT_G003572,ENZ_G001099,CMP_G000306,1,S3_P450Rdb|S9_PCPD,2,2,B,1,1,0,1,0
INT_G003573,ENZ_G001099,CMP_G000660,1,S3_P450Rdb|S9_PCPD,2,2,B,1,1,0,1,0
INT_G003574,ENZ_G001099,CMP_G001562,1,S3_P450Rdb|S9_PCPD,2,2,B,1,1,0,1,0
INT_G003575,ENZ_G001100,CMP_G001165,1,S3_P450Rdb|S8_PlantP450DB|S9_PCPD,3,3,B,1,1,0,1,0
INT_G003576,ENZ_G001101,CMP_G001185,1,S8_PlantP450DB,1,1,B,1,0,0,1,0
INT_G003577,ENZ_G001101,CMP_G001825,1,S8_PlantP450DB,1,1,B,1,0,0,1,0
INT_G003578,ENZ_G001102,CMP_G000179,1,S1_RCSB,1,1,A,0,0,1,1,0
INT_G003579,ENZ_G001102,CMP_G000429,1,S9_PCPD,1,1,B,0,0,0,1,0
INT_G003580,ENZ_G001103,CMP_G000181,1,S2_ESIBank,1,1,B,0,0,0,1,0
INT_G003581,ENZ_G001103,CMP_G000412,1,S2_ESIBank|S3_P450Rdb|S9_PCPD,3,3,B,1,1,0,1,0
INT_G003582,ENZ_G001103,CMP_G000460,1,S2_ESIBank,1,1,B,0,0,0,1,0
INT_G003583,ENZ_G001103,CMP_G000461,1,S3_P450Rdb|S9_PCPD,2,2,B,1,1,0,1,0
INT_G003584,ENZ_G001103,CMP_G000669,1,S2_ESIBank|S3_P450Rdb|S9_PCPD,3,3,B,1,1,0,1,0
INT_G003585,ENZ_G001103,CMP_G000677,1,S2_ESIBank|S3_P450Rdb,2,2,B,1,1,0,1,0
INT_G003586,ENZ_G001103,CMP_G001177,1,S3_P450Rdb|S9_PCPD,2,2,B,1,1,0,1,0
INT_G003587,ENZ_G001103,CMP_G001178,1,S3_P450Rdb,1,1,B,1,1,0,1,0
INT_G003588,ENZ_G001103,CMP_G001179,1,S2_ESIBank,1,1,B,0,0,0,1,0
INT_G003589,ENZ_G001103,CMP_G001180,1,S3_P450Rdb|S9_PCPD,2,2,B,1,1,0,1,0
INT_G003590,ENZ_G001103,CMP_G001463,1,S3_P450Rdb|S9_PCPD,2,2,B,1,1,0,1,0
INT_G003591,ENZ_G001103,CMP_G001464,1,S2_ESIBank,1,1,B,0,0,0,1,0
INT_G003592,ENZ_G001104,CMP_G001964,1,S2_ESIBank,1,1,B,0,0,0,1,0
INT_G003593,ENZ_G001105,CMP_G000030,1,S2_ESIBank,1,1,B,0,0,0,1,0
INT_G003594,ENZ_G001105,CMP_G000182,1,S2_ESIBank,1,1,B,0,0,0,1,0
INT_G003595,ENZ_G001105,CMP_G000412,1,S2_ESIBank,1,1,B,0,0,0,1,0
INT_G003596,ENZ_G001105,CMP_G000461,1,S3_P450Rdb,1,1,B,1,1,0,1,0
INT_G003597,ENZ_G001105,CMP_G000669,1,S2_ESIBank|S3_P450Rdb,2,2,B,1,1,0,1,0
INT_G003598,ENZ_G001105,CMP_G001719,1,S2_ESIBank,1,1,B,0,0,0,1,0
INT_G003599,ENZ_G001106,CMP_G001522,1,S9_PCPD,1,1,B,0,0,0,1,0
INT_G003600,ENZ_G001106,CMP_G001523,1,S2_ESIBank|S3_P450Rdb,2,2,B,1,1,0,1,0
INT_G003601,ENZ_G001107,CMP_G000279,1,S2_ESIBank,1,1,B,0,0,0,1,0
INT_G003602,ENZ_G001107,CMP_G000733,1,S2_ESIBank,1,1,B,0,0,0,1,0
INT_G003603,ENZ_G001108,CMP_G000009,1,S3_P450Rdb,1,1,B,1,1,0,1,0
INT_G003604,ENZ_G001108,CMP_G000425,1,S3_P450Rdb|S9_PCPD,2,2,B,1,1,0,1,0
INT_G003605,ENZ_G001108,CMP_G000758,1,S2_ESIBank,1,1,B,0,0,0,1,0
INT_G003606,ENZ_G001108,CMP_G001045,1,S3_P450Rdb|S9_PCPD,2,2,B,1,1,0,1,0
INT_G003607,ENZ_G001108,CMP_G001346,1,S2_ESIBank,1,1,B,0,0,0,1,0
INT_G003608,ENZ_G001108,CMP_G001719,1,S3_P450Rdb|S9_PCPD,2,2,B,1,1,0,2,0
INT_G003609,ENZ_G001109,CMP_G000502,1,S2_ESIBank,1,1,B,0,0,0,1,0
INT_G003610,ENZ_G001109,CMP_G000576,1,S2_ESIBank,1,1,B,0,0,0,1,0
INT_G003611,ENZ_G001109,CMP_G000788,1,S2_ESIBank,1,1,B,0,0,0,1,0
INT_G003612,ENZ_G001109,CMP_G001064,1,S2_ESIBank,1,1,B,0,0,0,1,0
INT_G003613,ENZ_G001109,CMP_G001768,1,S2_ESIBank,1,1,B,0,0,0,1,0
INT_G003614,ENZ_G001110,CMP_G000009,1,S3_P450Rdb,1,1,B,1,1,0,1,0
INT_G003615,ENZ_G001110,CMP_G001772,1,S3_P450Rdb,1,1,B,1,1,0,1,0
INT_G003616,ENZ_G001110,CMP_G002026,1,S3_P450Rdb|S9_PCPD,2,2,B,1,1,0,1,0
INT_G003617,ENZ_G001111,CMP_G000009,1,S3_P450Rdb,1,1,B,1,1,0,1,0
INT_G003618,ENZ_G001112,CMP_G000081,1,S2_ESIBank,1,1,B,0,0,0,1,0
INT_G003619,ENZ_G001112,CMP_G000153,1,S2_ESIBank,1,1,B,0,0,0,1,0
INT_G003620,ENZ_G001112,CMP_G000279,1,S2_ESIBank,1,1,B,0,0,0,1,0
INT_G003621,ENZ_G001112,CMP_G001405,1,S3_P450Rdb|S9_PCPD,2,2,B,1,1,0,1,0
INT_G003622,ENZ_G001113,CMP_G000002,1,S3_P450Rdb,1,1,B,1,1,0,2,0
INT_G003623,ENZ_G001113,CMP_G000003,1,S3_P450Rdb,1,1,B,1,1,0,1,0
INT_G003624,ENZ_G001113,CMP_G000004,1,S3_P450Rdb,1,1,B,1,1,0,1,0
INT_G003625,ENZ_G001113,CMP_G000179,1,S2_ESIBank|S3_P450Rdb,2,2,B,1,1,0,1,0
INT_G003626,ENZ_G001113,CMP_G000354,1,S3_P450Rdb,1,1,B,1,1,0,1,0
INT_G003627,ENZ_G001113,CMP_G000977,1,S2_ESIBank|S3_P450Rdb|S9_PCPD,3,3,B,1,1,0,2,0
INT_G003628,ENZ_G001113,CMP_G001002,1,S3_P450Rdb,1,1,B,1,1,0,1,0
INT_G003629,ENZ_G001113,CMP_G001224,1,S3_P450Rdb,1,1,B,1,1,0,1,0
INT_G003630,ENZ_G001113,CMP_G001510,1,S3_P450Rdb,1,1,B,1,1,0,1,0
INT_G003631,ENZ_G001113,CMP_G001870,1,S2_ESIBank,1,1,B,0,0,0,1,0
INT_G003632,ENZ_G001113,CMP_G001939,1,S3_P450Rdb,1,1,B,1,1,0,1,0
INT_G003633,ENZ_G001114,CMP_G000009,1,S3_P450Rdb,1,1,B,1,1,0,1,0
INT_G003634,ENZ_G001114,CMP_G001719,1,S3_P450Rdb|S9_PCPD,2,2,B,1,1,0,2,0
INT_G003635,ENZ_G001114,CMP_G002026,1,S3_P450Rdb|S9_PCPD,2,2,B,1,1,0,5,0
INT_G003636,ENZ_G001115,CMP_G000474,1,S3_P450Rdb,1,1,B,1,1,0,1,0
INT_G003637,ENZ_G001116,CMP_G000139,1,S3_P450Rdb|S9_PCPD,2,2,B,1,1,0,1,0
INT_G003638,ENZ_G001116,CMP_G000306,1,S3_P450Rdb|S9_PCPD,2,2,B,1,1,0,1,0
INT_G003639,ENZ_G001116,CMP_G000563,1,S3_P450Rdb|S9_PCPD,2,2,B,1,1,0,1,0
INT_G003640,ENZ_G001116,CMP_G000660,1,S3_P450Rdb|S9_PCPD,2,2,B,1,1,0,1,0
INT_G003641,ENZ_G001116,CMP_G001425,1,S3_P450Rdb|S9_PCPD,2,2,B,1,1,0,1,0
INT_G003642,ENZ_G001116,CMP_G001562,1,S3_P450Rdb|S9_PCPD,2,2,B,1,1,0,1,0
INT_G003643,ENZ_G001116,CMP_G001703,1,S3_P450Rdb|S9_PCPD,2,2,B,1,1,0,1,0
INT_G003644,ENZ_G001116,CMP_G001883,1,S3_P450Rdb|S9_PCPD,2,2,B,1,1,0,1,0
INT_G003645,ENZ_G001116,CMP_G002112,1,S3_P450Rdb|S9_PCPD,2,2,B,1,1,0,1,0
INT_G003646,ENZ_G001117,CMP_G000179,1,S2_ESIBank|S3_P450Rdb|S8_PlantP450DB|S9_PCPD,4,4,B,1,0,0,1,0
INT_G003647,ENZ_G001117,CMP_G001005,1,S3_P450Rdb|S8_PlantP450DB|S9_PCPD,3,3,B,1,0,0,1,0
INT_G003648,ENZ_G001118,CMP_G000769,1,S3_P450Rdb|S8_PlantP450DB|S9_PCPD,3,3,B,1,1,0,1,0
INT_G003649,ENZ_G001119,CMP_G000668,1,S8_PlantP450DB,1,1,B,1,0,0,1,0
INT_G003650,ENZ_G001120,CMP_G001490,1,S3_P450Rdb|S8_PlantP450DB|S9_PCPD,3,3,B,1,1,0,1,0
INT_G003651,ENZ_G001121,CMP_G001689,1,S9_PCPD,1,1,B,0,0,0,1,0
INT_G003652,ENZ_G001122,CMP_G001882,1,S2_ESIBank|S3_P450Rdb|S9_PCPD,3,3,B,1,1,0,1,0
INT_G003653,ENZ_G001123,CMP_G001753,1,S8_PlantP450DB,1,1,B,1,0,0,1,0
INT_G003654,ENZ_G001124,CMP_G000039,1,S3_P450Rdb|S8_PlantP450DB|S9_PCPD,3,3,B,1,1,0,2,0
INT_G003655,ENZ_G001124,CMP_G000891,1,S3_P450Rdb|S8_PlantP450DB,2,2,B,1,1,0,2,0
INT_G003656,ENZ_G001124,CMP_G001279,1,S3_P450Rdb,1,1,B,1,1,0,1,0
INT_G003657,ENZ_G001124,CMP_G001956,1,S3_P450Rdb,1,1,B,1,1,0,1,0
INT_G003658,ENZ_G001125,CMP_G000039,1,S3_P450Rdb|S8_PlantP450DB,2,2,B,1,1,0,2,0
INT_G003659,ENZ_G001125,CMP_G000891,1,S3_P450Rdb|S8_PlantP450DB,2,2,B,1,1,0,2,0
INT_G003660,ENZ_G001125,CMP_G001279,1,S3_P450Rdb,1,1,B,1,1,0,1,0
INT_G003661,ENZ_G001125,CMP_G001956,1,S3_P450Rdb,1,1,B,1,1,0,1,0
INT_G003662,ENZ_G001126,CMP_G000227,1,S3_P450Rdb,1,1,B,1,1,0,1,0
INT_G003663,ENZ_G001126,CMP_G001513,1,S8_PlantP450DB,1,1,B,1,0,0,1,0
INT_G003664,ENZ_G001126,CMP_G001514,1,S3_P450Rdb,1,1,B,1,1,0,1,0
INT_G003665,ENZ_G001127,CMP_G000226,1,S3_P450Rdb,1,1,B,1,1,0,1,0
INT_G003666,ENZ_G001127,CMP_G001473,1,S3_P450Rdb,1,1,B,1,1,0,1,0
INT_G003667,ENZ_G001127,CMP_G001513,1,S3_P450Rdb|S8_PlantP450DB,2,2,B,1,1,0,1,0
INT_G003668,ENZ_G001128,CMP_G000116,1,S2_ESIBank,1,1,B,0,0,0,1,0
INT_G003669,ENZ_G001128,CMP_G001098,1,S2_ESIBank,1,1,B,0,0,0,1,0
INT_G003670,ENZ_G001128,CMP_G001964,1,S2_ESIBank,1,1,B,0,0,0,1,0
INT_G003671,ENZ_G001129,CMP_G000051,1,S3_P450Rdb,1,1,B,1,1,0,1,0
INT_G003672,ENZ_G001129,CMP_G000275,1,S3_P450Rdb,1,1,B,1,1,0,1,0
INT_G003673,ENZ_G001129,CMP_G000477,1,S3_P450Rdb,1,1,B,1,1,0,1,0
INT_G003674,ENZ_G001129,CMP_G000555,1,S3_P450Rdb,1,1,B,1,1,0,1,0
INT_G003675,ENZ_G001129,CMP_G000799,1,S3_P450Rdb,1,1,B,1,1,0,1,0
INT_G003676,ENZ_G001129,CMP_G000835,1,S3_P450Rdb,1,1,B,1,1,0,1,0
INT_G003677,ENZ_G001129,CMP_G001059,1,S3_P450Rdb,1,2,B,1,1,0,1,0
INT_G003678,ENZ_G001129,CMP_G001505,1,S3_P450Rdb,1,1,B,1,1,0,1,0
INT_G003679,ENZ_G001129,CMP_G001623,1,S3_P450Rdb,1,1,B,1,1,0,3,0
INT_G003680,ENZ_G001129,CMP_G001740,1,S3_P450Rdb,1,1,B,1,1,0,1,0
INT_G003681,ENZ_G001129,CMP_G001753,1,S3_P450Rdb,1,1,B,1,1,0,1,0
INT_G003682,ENZ_G001129,CMP_G002053,1,S3_P450Rdb,1,1,B,1,1,0,1,0
INT_G003683,ENZ_G001129,CMP_G002054,1,S1_RCSB|S9_PCPD,2,2,A,0,0,1,1,0
INT_G003684,ENZ_G001129,CMP_G002095,1,S3_P450Rdb,1,1,B,1,0,0,1,0
INT_G003685,ENZ_G001130,CMP_G001068,1,S8_PlantP450DB,1,1,B,1,0,0,1,0
INT_G003686,ENZ_G001130,CMP_G001602,1,S3_P450Rdb|S8_PlantP450DB,2,2,B,1,0,0,1,0
INT_G003687,ENZ_G001131,CMP_G000014,1,S3_P450Rdb,1,1,B,1,1,0,1,0
INT_G003688,ENZ_G001131,CMP_G001688,1,S3_P450Rdb|S9_PCPD,2,2,B,1,1,0,1,0
INT_G003689,ENZ_G001132,CMP_G000442,1,S2_ESIBank,1,1,B,0,0,0,1,0
INT_G003690,ENZ_G001132,CMP_G001205,1,S2_ESIBank,1,1,B,0,0,0,1,0
INT_G003691,ENZ_G001133,CMP_G000457,1,S2_ESIBank|S3_P450Rdb|S8_PlantP450DB,3,3,B,1,1,0,1,0
INT_G003692,ENZ_G001133,CMP_G001754,1,S2_ESIBank,1,1,B,0,0,0,1,0
INT_G003693,ENZ_G001133,CMP_G002035,1,S9_PCPD,1,1,B,0,0,0,1,0
INT_G003694,ENZ_G001134,CMP_G001110,1,S2_ESIBank|S3_P450Rdb|S9_PCPD,3,3,B,1,1,0,1,0
INT_G003695,ENZ_G001135,CMP_G001199,1,S3_P450Rdb,1,1,B,1,1,0,1,0
INT_G003696,ENZ_G001135,CMP_G001393,1,S3_P450Rdb,1,1,B,1,1,0,1,0
INT_G003697,ENZ_G001136,CMP_G000970,1,S9_PCPD,1,1,B,0,0,0,1,0
INT_G003698,ENZ_G001137,CMP_G000060,1,S2_ESIBank,1,1,B,0,0,0,1,0
INT_G003699,ENZ_G001137,CMP_G000061,1,S8_PlantP450DB,1,1,B,1,0,0,1,0
INT_G003700,ENZ_G001137,CMP_G001042,1,S8_PlantP450DB,1,1,B,1,0,0,1,0
INT_G003701,ENZ_G001138,CMP_G001814,1,S9_PCPD,1,1,B,0,0,0,1,0
INT_G003702,ENZ_G001139,CMP_G001165,1,S8_PlantP450DB,1,1,B,1,0,0,1,0
INT_G003703,ENZ_G001140,CMP_G000009,1,S3_P450Rdb,1,1,B,1,1,0,1,0
INT_G003704,ENZ_G001140,CMP_G000819,1,S3_P450Rdb,1,1,B,1,1,0,1,0
INT_G003705,ENZ_G001140,CMP_G000820,1,S3_P450Rdb,1,1,B,1,1,0,1,0
INT_G003706,ENZ_G001140,CMP_G001498,1,S3_P450Rdb|S9_PCPD,2,2,B,1,1,0,1,0
INT_G003707,ENZ_G001140,CMP_G001500,1,S3_P450Rdb,1,1,B,1,1,0,1,0
INT_G003708,ENZ_G001140,CMP_G001921,1,S3_P450Rdb,1,1,B,1,1,0,1,0
INT_G003709,ENZ_G001140,CMP_G002071,1,S3_P450Rdb,1,1,B,1,1,0,1,0
INT_G003710,ENZ_G001141,CMP_G001376,1,S2_ESIBank|S3_P450Rdb|S9_PCPD,3,3,B,1,1,0,1,0
INT_G003711,ENZ_G001142,CMP_G000208,1,S9_PCPD,1,1,B,0,0,0,1,0
INT_G003712,ENZ_G001142,CMP_G000576,1,S2_ESIBank|S3_P450Rdb,2,2,B,1,1,0,1,0
INT_G003713,ENZ_G001142,CMP_G000788,1,S2_ESIBank,1,1,B,0,0,0,1,0
INT_G003714,ENZ_G001142,CMP_G000982,1,S2_ESIBank|S3_P450Rdb,2,2,B,1,1,0,1,0
INT_G003715,ENZ_G001142,CMP_G001138,1,S3_P450Rdb,1,1,B,1,1,0,1,0
INT_G003716,ENZ_G001142,CMP_G001376,1,S2_ESIBank|S3_P450Rdb,2,2,B,1,1,0,1,0
INT_G003717,ENZ_G001143,CMP_G000432,1,S3_P450Rdb|S8_PlantP450DB|S9_PCPD,3,3,B,1,1,0,2,0
INT_G003718,ENZ_G001144,CMP_G001882,1,S3_P450Rdb|S8_PlantP450DB|S9_PCPD,3,3,B,1,1,0,1,0
INT_G003719,ENZ_G001145,CMP_G001882,1,S3_P450Rdb,1,1,B,1,1,0,1,0
INT_G003720,ENZ_G001146,CMP_G000574,1,S2_ESIBank|S3_P450Rdb|S8_PlantP450DB,3,3,B,1,1,0,1,0
INT_G003721,ENZ_G001146,CMP_G001572,1,S8_PlantP450DB,1,1,B,1,0,0,1,0
INT_G003722,ENZ_G001146,CMP_G001823,1,S8_PlantP450DB,1,1,B,1,0,0,1,0
INT_G003723,ENZ_G001146,CMP_G001876,1,S2_ESIBank|S8_PlantP450DB,2,2,B,1,0,0,1,0
INT_G003724,ENZ_G001146,CMP_G002094,1,S8_PlantP450DB,1,1,B,1,0,0,1,0
INT_G003725,ENZ_G001147,CMP_G000574,1,S2_ESIBank|S3_P450Rdb|S8_PlantP450DB,3,3,B,1,1,0,1,0
INT_G003726,ENZ_G001147,CMP_G000852,1,S8_PlantP450DB,1,1,B,1,0,0,1,0
INT_G003727,ENZ_G001147,CMP_G001572,1,S2_ESIBank|S8_PlantP450DB,2,2,B,1,0,0,1,0
INT_G003728,ENZ_G001147,CMP_G001823,1,S2_ESIBank|S8_PlantP450DB,2,2,B,1,0,0,1,0
INT_G003729,ENZ_G001147,CMP_G002094,1,S2_ESIBank|S8_PlantP450DB,2,2,B,1,0,0,1,0
INT_G003730,ENZ_G001147,CMP_G002121,1,S2_ESIBank,1,1,B,0,0,0,1,0
INT_G003731,ENZ_G001148,CMP_G001937,1,S9_PCPD,1,1,B,0,0,0,1,0
INT_G003732,ENZ_G001149,CMP_G001164,1,S2_ESIBank,1,1,B,0,0,0,1,0
INT_G003733,ENZ_G001149,CMP_G001165,1,S8_PlantP450DB,1,1,B,1,0,0,1,0
INT_G003734,ENZ_G001150,CMP_G000254,1,S2_ESIBank,1,1,B,0,0,0,1,0
INT_G003735,ENZ_G001150,CMP_G000940,1,S2_ESIBank,1,1,B,0,0,0,1,0
INT_G003736,ENZ_G001150,CMP_G001385,1,S2_ESIBank,1,1,B,0,0,0,1,0
INT_G003737,ENZ_G001150,CMP_G001481,1,S2_ESIBank,1,1,B,0,0,0,1,0
INT_G003738,ENZ_G001150,CMP_G001482,1,S8_PlantP450DB|S9_PCPD,2,2,B,1,0,0,1,0
INT_G003739,ENZ_G001150,CMP_G001483,1,S3_P450Rdb,1,1,B,1,1,0,1,0
INT_G003740,ENZ_G001150,CMP_G001484,1,S2_ESIBank,1,1,B,0,0,0,1,0
INT_G003741,ENZ_G001150,CMP_G001552,1,S2_ESIBank|S8_PlantP450DB,2,2,B,1,0,0,1,0
INT_G003742,ENZ_G001150,CMP_G001553,1,S2_ESIBank|S3_P450Rdb,2,2,B,1,1,0,1,0
INT_G003743,ENZ_G001150,CMP_G001565,1,S2_ESIBank,1,1,B,0,0,0,1,0
INT_G003744,ENZ_G001151,CMP_G000009,1,S3_P450Rdb,1,1,B,1,1,0,1,0
INT_G003745,ENZ_G001152,CMP_G000890,1,S2_ESIBank,1,1,B,0,0,0,1,0
INT_G003746,ENZ_G001153,CMP_G000077,1,S3_P450Rdb|S8_PlantP450DB,2,2,B,1,1,0,1,0
INT_G003747,ENZ_G001153,CMP_G000754,1,S3_P450Rdb,1,1,B,1,1,0,1,0
INT_G003748,ENZ_G001153,CMP_G000769,1,S3_P450Rdb,1,1,B,1,1,0,1,0
INT_G003749,ENZ_G001153,CMP_G001036,1,S3_P450Rdb,1,1,B,1,1,0,1,0
INT_G003750,ENZ_G001153,CMP_G001056,1,S3_P450Rdb,1,1,B,1,1,0,2,0
INT_G003751,ENZ_G001153,CMP_G001231,1,S3_P450Rdb,1,1,B,1,1,0,2,0
INT_G003752,ENZ_G001153,CMP_G001360,1,S3_P450Rdb,1,1,B,1,1,0,1,0
INT_G003753,ENZ_G001153,CMP_G001694,1,S3_P450Rdb,1,1,B,1,1,0,2,0
INT_G003754,ENZ_G001153,CMP_G001841,1,S8_PlantP450DB,1,1,B,1,0,0,1,0
INT_G003755,ENZ_G001154,CMP_G000077,1,S3_P450Rdb|S9_PCPD,2,2,B,1,1,0,1,0
INT_G003756,ENZ_G001154,CMP_G001841,1,S8_PlantP450DB,1,1,B,1,0,0,1,0
INT_G003757,ENZ_G001155,CMP_G000769,1,S3_P450Rdb|S8_PlantP450DB,2,2,B,1,1,0,1,0
INT_G003758,ENZ_G001156,CMP_G000077,1,S3_P450Rdb|S8_PlantP450DB,2,2,B,1,1,0,1,0
INT_G003759,ENZ_G001156,CMP_G001394,1,S9_PCPD,1,1,B,0,0,0,1,0
INT_G003760,ENZ_G001156,CMP_G001841,1,S8_PlantP450DB,1,1,B,1,0,0,1,0
INT_G003761,ENZ_G001157,CMP_G000751,1,S9_PCPD,1,1,B,0,0,0,1,0
INT_G003762,ENZ_G001158,CMP_G000040,1,S2_ESIBank,1,1,B,0,0,0,1,0
INT_G003763,ENZ_G001158,CMP_G000668,1,S2_ESIBank,1,1,B,0,0,0,1,0
INT_G003764,ENZ_G001158,CMP_G000681,1,S3_P450Rdb|S9_PCPD,2,2,B,1,1,0,1,0
INT_G003765,ENZ_G001158,CMP_G000720,1,S2_ESIBank|S3_P450Rdb|S9_PCPD,3,3,B,1,1,0,1,0
INT_G003766,ENZ_G001158,CMP_G000974,1,S3_P450Rdb|S9_PCPD,2,2,B,1,1,0,1,0
INT_G003767,ENZ_G001158,CMP_G000975,1,S2_ESIBank,1,1,B,0,0,0,1,0
INT_G003768,ENZ_G001158,CMP_G001249,1,S3_P450Rdb|S9_PCPD,2,2,B,1,1,0,1,0
INT_G003769,ENZ_G001158,CMP_G001559,1,S3_P450Rdb|S9_PCPD,2,2,B,1,1,0,1,0
INT_G003770,ENZ_G001158,CMP_G002007,1,S2_ESIBank,1,1,B,0,0,0,1,0
INT_G003771,ENZ_G001158,CMP_G002027,1,S2_ESIBank,1,1,B,0,0,0,1,0
INT_G003772,ENZ_G001159,CMP_G000530,1,S8_PlantP450DB,1,1,B,1,0,0,1,0
INT_G003773,ENZ_G001159,CMP_G001451,1,S8_PlantP450DB,1,1,B,1,0,0,1,0
INT_G003774,ENZ_G001160,CMP_G000530,1,S8_PlantP450DB,1,1,B,1,0,0,1,0
INT_G003775,ENZ_G001160,CMP_G001451,1,S8_PlantP450DB,1,1,B,1,0,0,1,0
INT_G003776,ENZ_G001161,CMP_G000021,1,S3_P450Rdb,1,1,B,1,1,0,1,0
INT_G003777,ENZ_G001161,CMP_G000264,1,S3_P450Rdb,1,1,B,1,1,0,1,0
INT_G003778,ENZ_G001161,CMP_G000387,1,S3_P450Rdb,1,1,B,1,1,0,1,0
INT_G003779,ENZ_G001161,CMP_G000581,1,S3_P450Rdb,1,1,B,1,1,0,1,0
INT_G003780,ENZ_G001161,CMP_G000953,1,S3_P450Rdb,1,1,B,1,1,0,1,0
INT_G003781,ENZ_G001161,CMP_G000994,1,S3_P450Rdb,1,1,B,1,1,0,1,0
INT_G003782,ENZ_G001161,CMP_G001006,1,S3_P450Rdb,1,1,B,1,1,0,1,0
INT_G003783,ENZ_G001161,CMP_G001317,1,S3_P450Rdb,1,1,B,1,1,0,1,0
INT_G003784,ENZ_G001161,CMP_G001318,1,S3_P450Rdb,1,1,B,1,1,0,1,0
INT_G003785,ENZ_G001161,CMP_G001459,1,S3_P450Rdb,1,1,B,1,1,0,1,0
INT_G003786,ENZ_G001161,CMP_G001696,1,S3_P450Rdb,1,1,B,1,1,0,1,0
INT_G003787,ENZ_G001162,CMP_G000442,1,S2_ESIBank,1,1,B,0,0,0,1,0
INT_G003788,ENZ_G001162,CMP_G001205,1,S2_ESIBank,1,1,B,0,0,0,1,0
INT_G003789,ENZ_G001163,CMP_G000890,1,S2_ESIBank,1,1,B,0,0,0,1,0
INT_G003790,ENZ_G001164,CMP_G001249,1,S3_P450Rdb|S9_PCPD,2,2,B,1,1,0,1,0
INT_G003791,ENZ_G001165,CMP_G000479,1,S8_PlantP450DB,1,1,B,1,0,0,1,0
INT_G003792,ENZ_G001165,CMP_G001250,1,S8_PlantP450DB,1,1,B,1,0,0,1,0
INT_G003793,ENZ_G001165,CMP_G001560,1,S8_PlantP450DB,1,1,B,1,0,0,1,0
INT_G003794,ENZ_G001166,CMP_G000011,1,S3_P450Rdb,1,1,B,1,1,0,1,0
INT_G003795,ENZ_G001166,CMP_G000442,1,S8_PlantP450DB,1,1,B,1,0,0,1,0
INT_G003796,ENZ_G001167,CMP_G001092,1,S3_P450Rdb,1,1,B,1,1,0,2,0
INT_G003797,ENZ_G001168,CMP_G000474,1,S3_P450Rdb,1,1,B,1,1,0,1,0
INT_G003798,ENZ_G001169,CMP_G001669,1,S8_PlantP450DB|S9_PCPD,2,2,B,1,0,0,1,0
INT_G003799,ENZ_G001170,CMP_G000442,1,S2_ESIBank,1,1,B,0,0,0,1,0
INT_G003800,ENZ_G001170,CMP_G000447,1,S2_ESIBank,1,1,B,0,0,0,1,0
INT_G003801,ENZ_G001171,CMP_G000743,1,S9_PCPD,1,1,B,0,0,0,1,0
INT_G003802,ENZ_G001172,CMP_G000707,1,S9_PCPD,1,1,B,0,0,0,1,0
INT_G003803,ENZ_G001172,CMP_G001602,1,S3_P450Rdb|S8_PlantP450DB,2,2,B,1,1,0,1,0
INT_G003804,ENZ_G001173,CMP_G001656,1,S3_P450Rdb,1,1,B,1,1,0,1,0
INT_G003805,ENZ_G001174,CMP_G000066,1,S2_ESIBank,1,1,B,0,0,0,1,0
INT_G003806,ENZ_G001174,CMP_G000067,1,S3_P450Rdb|S9_PCPD,2,2,B,1,1,0,1,0
INT_G003807,ENZ_G001174,CMP_G000674,1,S3_P450Rdb|S9_PCPD,2,2,B,1,1,0,1,0
INT_G003808,ENZ_G001174,CMP_G001436,1,S9_PCPD,1,1,B,0,0,0,1,0
INT_G003809,ENZ_G001174,CMP_G001437,1,S3_P450Rdb,1,1,B,1,1,0,1,0
INT_G003810,ENZ_G001175,CMP_G000002,1,S3_P450Rdb,1,1,B,1,1,0,1,0
INT_G003811,ENZ_G001176,CMP_G000014,1,S3_P450Rdb,1,1,B,1,1,0,1,0
INT_G003812,ENZ_G001176,CMP_G001319,1,S3_P450Rdb,1,1,B,1,1,0,1,0
INT_G003813,ENZ_G001176,CMP_G002026,1,S3_P450Rdb|S9_PCPD,2,2,B,1,1,0,2,0
INT_G003814,ENZ_G001177,CMP_G001497,1,S3_P450Rdb,1,1,B,1,1,0,2,0
INT_G003815,ENZ_G001178,CMP_G000009,1,S3_P450Rdb,1,1,B,1,1,0,1,0
INT_G003816,ENZ_G001178,CMP_G000474,1,S3_P450Rdb,1,1,B,1,1,0,1,0
INT_G003817,ENZ_G001179,CMP_G000284,1,S3_P450Rdb,1,1,B,1,1,0,1,0
INT_G003818,ENZ_G001179,CMP_G000287,1,S1_RCSB,1,1,A,0,0,1,1,0
INT_G003819,ENZ_G001179,CMP_G001572,1,S3_P450Rdb,1,1,B,1,1,0,1,0
INT_G003820,ENZ_G001179,CMP_G002094,1,S3_P450Rdb,1,2,B,1,1,0,1,0
INT_G003821,ENZ_G001180,CMP_G002091,1,S1_RCSB,1,1,A,0,0,1,1,0
INT_G003822,ENZ_G001181,CMP_G000030,1,S1_RCSB,1,1,A,0,0,1,1,0
INT_G003823,ENZ_G001181,CMP_G001024,1,S1_RCSB|S9_PCPD,2,2,A,0,0,1,1,0
INT_G003824,ENZ_G001182,CMP_G001960,1,S3_P450Rdb|S9_PCPD,2,2,B,1,1,0,1,0
INT_G003825,ENZ_G001183,CMP_G002115,1,S1_RCSB,1,1,A,0,0,1,1,0
INT_G003826,ENZ_G001184,CMP_G000831,1,S3_P450Rdb|S9_PCPD,2,2,B,1,1,0,1,0
INT_G003827,ENZ_G001185,CMP_G000063,1,S2_ESIBank,1,1,B,0,0,0,1,0
INT_G003828,ENZ_G001185,CMP_G000144,1,S3_P450Rdb,1,1,B,1,1,0,1,0
INT_G003829,ENZ_G001185,CMP_G000145,1,S2_ESIBank,1,1,B,0,0,0,1,0
INT_G003830,ENZ_G001185,CMP_G000313,1,S9_PCPD,1,1,B,0,0,0,1,0
INT_G003831,ENZ_G001185,CMP_G000915,1,S8_PlantP450DB,1,1,B,1,0,0,1,0
INT_G003832,ENZ_G001186,CMP_G000890,1,S2_ESIBank,1,1,B,0,0,0,1,0
INT_G003833,ENZ_G001187,CMP_G000442,1,S2_ESIBank,1,1,B,0,0,0,1,0
INT_G003834,ENZ_G001188,CMP_G001753,1,S8_PlantP450DB,1,1,B,1,0,0,1,0
INT_G003835,ENZ_G001189,CMP_G000824,1,S8_PlantP450DB,1,1,B,1,0,0,1,0
INT_G003836,ENZ_G001189,CMP_G002068,1,S8_PlantP450DB,1,1,B,1,0,0,1,0
INT_G003837,ENZ_G001190,CMP_G000009,1,S3_P450Rdb,1,1,B,1,1,0,1,0
INT_G003838,ENZ_G001190,CMP_G001249,1,S3_P450Rdb|S9_PCPD,2,2,B,1,1,0,5,0
INT_G003839,ENZ_G001190,CMP_G001559,1,S3_P450Rdb|S9_PCPD,2,2,B,1,1,0,4,0
INT_G003840,ENZ_G001190,CMP_G002026,1,S3_P450Rdb|S9_PCPD,2,2,B,1,1,0,1,0
INT_G003841,ENZ_G001191,CMP_G001461,1,S3_P450Rdb|S9_PCPD,2,2,B,1,0,0,1,0
INT_G003842,ENZ_G001192,CMP_G001461,1,S3_P450Rdb|S9_PCPD,2,2,B,1,0,0,1,0
INT_G003843,ENZ_G001193,CMP_G001461,1,S3_P450Rdb|S9_PCPD,2,2,B,1,0,0,1,0
INT_G003844,ENZ_G001194,CMP_G001250,1,S9_PCPD,1,1,B,0,0,0,1,0
INT_G003845,ENZ_G001194,CMP_G001461,1,S3_P450Rdb,1,1,B,1,0,0,1,0
INT_G003846,ENZ_G001195,CMP_G001461,1,S3_P450Rdb|S9_PCPD,2,2,B,1,0,0,1,0
INT_G003847,ENZ_G001195,CMP_G001531,1,S3_P450Rdb,1,1,B,0,1,0,1,0
INT_G003848,ENZ_G001196,CMP_G001342,1,S3_P450Rdb,1,1,B,1,1,0,2,0
INT_G003849,ENZ_G001196,CMP_G001634,1,S3_P450Rdb,1,1,B,1,1,0,2,0
INT_G003850,ENZ_G001196,CMP_G001691,1,S3_P450Rdb,1,1,B,1,1,0,1,0
INT_G003851,ENZ_G001196,CMP_G001802,1,S3_P450Rdb,1,1,B,1,1,0,4,0
INT_G003852,ENZ_G001197,CMP_G000327,1,S8_PlantP450DB,1,1,B,1,0,0,1,0
INT_G003853,ENZ_G001197,CMP_G000960,1,S3_P450Rdb,1,1,B,1,0,0,1,0
INT_G003854,ENZ_G001198,CMP_G001005,1,S8_PlantP450DB,1,1,B,1,0,0,1,0
INT_G003855,ENZ_G001199,CMP_G000725,1,S8_PlantP450DB,1,1,B,1,0,0,1,0
INT_G003856,ENZ_G001199,CMP_G000740,1,S8_PlantP450DB,1,2,B,1,0,0,1,0
INT_G003857,ENZ_G001199,CMP_G001361,1,S8_PlantP450DB,1,1,B,1,0,0,1,0
INT_G003858,ENZ_G001199,CMP_G001653,1,S3_P450Rdb|S9_PCPD,2,2,B,1,1,0,1,0
INT_G003859,ENZ_G001199,CMP_G001657,1,S8_PlantP450DB,1,1,B,1,0,0,1,0
INT_G003860,ENZ_G001199,CMP_G002024,1,S3_P450Rdb|S9_PCPD,2,2,B,1,1,0,1,0
INT_G003861,ENZ_G001200,CMP_G001005,1,S3_P450Rdb|S8_PlantP450DB|S9_PCPD,3,3,B,1,0,0,1,0
INT_G003862,ENZ_G001201,CMP_G001753,1,S8_PlantP450DB,1,1,B,1,0,0,1,0
INT_G003863,ENZ_G001202,CMP_G000733,1,S2_ESIBank,1,1,B,0,0,0,1,0
INT_G003864,ENZ_G001203,CMP_G000002,1,S3_P450Rdb,1,1,B,1,1,0,1,0
INT_G003865,ENZ_G001203,CMP_G000179,1,S2_ESIBank,1,1,B,0,0,0,1,0
INT_G003866,ENZ_G001203,CMP_G000977,1,S3_P450Rdb,1,1,B,1,1,0,1,0
INT_G003867,ENZ_G001203,CMP_G001939,1,S3_P450Rdb,1,1,B,1,1,0,1,0
INT_G003868,ENZ_G001204,CMP_G000331,1,S3_P450Rdb,1,1,B,0,1,0,1,0
INT_G003869,ENZ_G001204,CMP_G000336,1,S3_P450Rdb,1,1,B,1,1,0,1,0
INT_G003870,ENZ_G001204,CMP_G000586,1,S3_P450Rdb,1,1,B,0,1,0,1,0
INT_G003871,ENZ_G001204,CMP_G000801,1,S3_P450Rdb,1,1,B,0,1,0,1,0
INT_G003872,ENZ_G001204,CMP_G001104,1,S3_P450Rdb,1,1,B,0,1,0,1,0
INT_G003873,ENZ_G001204,CMP_G001422,1,S3_P450Rdb,1,1,B,0,1,0,1,0
INT_G003874,ENZ_G001204,CMP_G001441,1,S3_P450Rdb,1,1,B,0,1,0,1,0
INT_G003875,ENZ_G001204,CMP_G001600,1,S3_P450Rdb,1,1,B,0,1,0,1,0
INT_G003876,ENZ_G001204,CMP_G001665,1,S3_P450Rdb,1,1,B,0,1,0,1,0
INT_G003877,ENZ_G001204,CMP_G001686,1,S3_P450Rdb,1,1,B,0,1,0,1,0
INT_G003878,ENZ_G001204,CMP_G001724,1,S3_P450Rdb,1,1,B,0,1,0,1,0
INT_G003879,ENZ_G001204,CMP_G001854,1,S3_P450Rdb,1,1,B,0,1,0,1,0
INT_G003880,ENZ_G001204,CMP_G001957,1,S3_P450Rdb,1,1,B,0,1,0,1,0
INT_G003881,ENZ_G001205,CMP_G000530,1,S8_PlantP450DB,1,1,B,1,0,0,1,0
INT_G003882,ENZ_G001206,CMP_G000530,1,S8_PlantP450DB,1,1,B,1,0,0,1,0
INT_G003883,ENZ_G001207,CMP_G000298,1,S3_P450Rdb|S8_PlantP450DB|S9_PCPD,3,3,B,1,1,0,1,0
INT_G003884,ENZ_G001208,CMP_G000011,1,S3_P450Rdb,1,1,B,1,1,0,1,0
INT_G003885,ENZ_G001208,CMP_G000258,1,S8_PlantP450DB,1,1,B,1,0,0,1,0
INT_G003886,ENZ_G001208,CMP_G000442,1,S8_PlantP450DB,1,1,B,1,0,0,1,0
INT_G003887,ENZ_G001208,CMP_G000690,1,S8_PlantP450DB,1,1,B,1,0,0,1,0
INT_G003888,ENZ_G001208,CMP_G000890,1,S8_PlantP450DB,1,1,B,1,0,0,1,0
INT_G003889,ENZ_G001208,CMP_G001204,1,S8_PlantP450DB,1,1,B,1,0,0,1,0
INT_G003890,ENZ_G001208,CMP_G001469,1,S8_PlantP450DB,1,1,B,1,0,0,1,0
INT_G003891,ENZ_G001208,CMP_G001474,1,S8_PlantP450DB|S9_PCPD,2,2,B,1,0,0,1,0
INT_G003892,ENZ_G001209,CMP_G000912,1,S3_P450Rdb,1,1,B,1,1,0,1,0
INT_G003893,ENZ_G001210,CMP_G000024,1,S2_ESIBank,1,1,B,0,0,0,1,0
INT_G003894,ENZ_G001210,CMP_G000153,1,S2_ESIBank,1,1,B,0,0,0,1,0
INT_G003895,ENZ_G001211,CMP_G000262,1,S1_RCSB,1,1,A,0,0,1,1,0
INT_G003896,ENZ_G001211,CMP_G000444,1,S3_P450Rdb,1,1,B,1,1,0,1,0
INT_G003897,ENZ_G001211,CMP_G000582,1,S3_P450Rdb,1,1,B,1,1,0,1,0
INT_G003898,ENZ_G001211,CMP_G000610,1,S3_P450Rdb,1,1,B,1,1,0,1,0
INT_G003899,ENZ_G001211,CMP_G000637,1,S1_RCSB,1,1,A,0,0,1,1,0
INT_G003900,ENZ_G001211,CMP_G000756,1,S1_RCSB,1,1,A,0,0,1,1,0
INT_G003901,ENZ_G001211,CMP_G000841,1,S3_P450Rdb,1,1,B,1,1,0,1,0
INT_G003902,ENZ_G001211,CMP_G001412,1,S3_P450Rdb,1,1,B,1,1,0,1,0
INT_G003903,ENZ_G001211,CMP_G001993,1,S3_P450Rdb,1,1,B,1,1,0,1,0
INT_G003904,ENZ_G001212,CMP_G000160,1,S3_P450Rdb,1,1,B,0,1,0,1,0
INT_G003905,ENZ_G001212,CMP_G001982,1,S3_P450Rdb,1,1,B,0,1,0,1,0
INT_G003906,ENZ_G001213,CMP_G000740,1,S8_PlantP450DB,1,1,B,1,0,0,1,0
INT_G003907,ENZ_G001213,CMP_G001361,1,S8_PlantP450DB,1,1,B,1,0,0,1,0
INT_G003908,ENZ_G001214,CMP_G000442,1,S2_ESIBank,1,1,B,0,0,0,1,0
INT_G003909,ENZ_G001214,CMP_G001205,1,S2_ESIBank,1,1,B,0,0,0,1,0
INT_G003910,ENZ_G001215,CMP_G001504,1,S3_P450Rdb|S9_PCPD,2,2,B,1,1,0,1,0
INT_G003911,ENZ_G001216,CMP_G000795,1,S8_PlantP450DB,1,1,B,1,0,0,1,0
INT_G003912,ENZ_G001217,CMP_G001496,1,S3_P450Rdb|S8_PlantP450DB|S9_PCPD,3,3,B,1,1,0,1,0
INT_G003913,ENZ_G001218,CMP_G001498,1,S3_P450Rdb|S9_PCPD,2,2,B,1,1,0,1,0
INT_G003914,ENZ_G001218,CMP_G001945,1,S3_P450Rdb|S9_PCPD,2,2,B,1,1,0,4,0
INT_G003915,ENZ_G001219,CMP_G000017,1,S3_P450Rdb,1,1,B,1,1,0,1,0
INT_G003916,ENZ_G001219,CMP_G000113,1,S2_ESIBank|S3_P450Rdb,2,2,B,1,1,0,1,0
INT_G003917,ENZ_G001219,CMP_G000958,1,S2_ESIBank,1,1,B,0,0,0,1,0
INT_G003918,ENZ_G001219,CMP_G001642,1,S3_P450Rdb,1,1,B,1,1,0,1,0
INT_G003919,ENZ_G001219,CMP_G001762,1,S2_ESIBank|S3_P450Rdb,2,3,B,1,1,0,3,0
INT_G003920,ENZ_G001220,CMP_G000296,1,S3_P450Rdb,1,1,B,1,1,0,1,0
INT_G003921,ENZ_G001220,CMP_G000426,1,S3_P450Rdb,1,1,B,1,1,0,1,0
INT_G003922,ENZ_G001220,CMP_G000489,1,S1_RCSB|S9_PCPD,2,2,A,0,0,1,1,0
INT_G003923,ENZ_G001220,CMP_G000832,1,S3_P450Rdb,1,1,B,1,1,0,1,0
INT_G003924,ENZ_G001220,CMP_G001093,1,S3_P450Rdb,1,1,B,1,1,0,1,0
INT_G003925,ENZ_G001220,CMP_G001141,1,S3_P450Rdb,1,1,B,1,1,0,1,0
INT_G003926,ENZ_G001220,CMP_G001213,1,S1_RCSB,1,1,A,0,0,1,1,0
INT_G003927,ENZ_G001220,CMP_G001314,1,S3_P450Rdb,1,1,B,1,1,0,1,0
INT_G003928,ENZ_G001221,CMP_G000497,1,S2_ESIBank|S3_P450Rdb|S8_PlantP450DB,3,3,B,1,1,0,1,0
INT_G003929,ENZ_G001221,CMP_G000499,1,S2_ESIBank,1,1,B,0,0,0,1,0
INT_G003930,ENZ_G001221,CMP_G001330,1,S2_ESIBank,1,1,B,0,0,0,1,0
INT_G003931,ENZ_G001222,CMP_G000530,1,S8_PlantP450DB,1,1,B,1,0,0,1,0
INT_G003932,ENZ_G001223,CMP_G000343,1,S8_PlantP450DB,1,1,B,1,0,0,1,0
INT_G003933,ENZ_G001223,CMP_G001198,1,S8_PlantP450DB,1,1,B,1,0,0,1,0
INT_G003934,ENZ_G001224,CMP_G000668,1,S3_P450Rdb,1,1,B,1,1,0,1,0
INT_G003935,ENZ_G001225,CMP_G000742,1,S3_P450Rdb|S9_PCPD,2,2,B,1,1,0,1,0
INT_G003936,ENZ_G001225,CMP_G000743,1,S2_ESIBank,1,1,B,0,0,0,1,0
INT_G003937,ENZ_G001225,CMP_G001444,1,S2_ESIBank,1,1,B,0,0,0,1,0
INT_G003938,ENZ_G001226,CMP_G000442,1,S2_ESIBank,1,1,B,0,0,0,1,0
INT_G003939,ENZ_G001226,CMP_G000713,1,S2_ESIBank,1,1,B,0,0,0,1,0
INT_G003940,ENZ_G001226,CMP_G000890,1,S2_ESIBank,1,1,B,0,0,0,1,0
INT_G003941,ENZ_G001226,CMP_G001205,1,S2_ESIBank,1,1,B,0,0,0,1,0
INT_G003942,ENZ_G001227,CMP_G000064,1,S8_PlantP450DB,1,1,B,1,0,0,1,0
INT_G003943,ENZ_G001227,CMP_G000313,1,S9_PCPD,1,1,B,0,0,0,1,0
INT_G003944,ENZ_G001227,CMP_G001307,1,S3_P450Rdb|S8_PlantP450DB,2,2,B,1,1,0,1,0
INT_G003945,ENZ_G001228,CMP_G000521,1,S2_ESIBank,1,1,B,0,0,0,1,0
INT_G003946,ENZ_G001228,CMP_G001771,1,S2_ESIBank,1,1,B,0,0,0,1,0
INT_G003947,ENZ_G001229,CMP_G001024,1,S3_P450Rdb,1,1,B,0,1,0,1,0
INT_G003948,ENZ_G001230,CMP_G001436,1,S9_PCPD,1,1,B,0,0,0,1,0
INT_G003949,ENZ_G001230,CMP_G001437,1,S3_P450Rdb,1,1,B,1,1,0,1,0
INT_G003950,ENZ_G001230,CMP_G001438,1,S3_P450Rdb|S9_PCPD,2,2,B,1,1,0,1,0
INT_G003951,ENZ_G001231,CMP_G000009,1,S3_P450Rdb,1,1,B,1,1,0,1,0
INT_G003952,ENZ_G001231,CMP_G000635,1,S3_P450Rdb|S9_PCPD,2,2,B,1,1,0,1,0
INT_G003953,ENZ_G001231,CMP_G000720,1,S3_P450Rdb|S9_PCPD,2,2,B,1,1,0,4,0
INT_G003954,ENZ_G001231,CMP_G001080,1,S3_P450Rdb|S9_PCPD,2,2,B,1,1,0,1,0
INT_G003955,ENZ_G001231,CMP_G001249,1,S3_P450Rdb|S9_PCPD,2,2,B,1,1,0,2,0
INT_G003956,ENZ_G001231,CMP_G002026,1,S3_P450Rdb|S9_PCPD,2,2,B,1,1,0,2,0
INT_G003957,ENZ_G001232,CMP_G000009,1,S3_P450Rdb,1,1,B,1,1,0,1,0
INT_G003958,ENZ_G001233,CMP_G000421,1,S1_RCSB,1,1,A,0,0,1,1,0
INT_G003959,ENZ_G001233,CMP_G000662,1,S9_PCPD,1,1,B,0,0,0,1,0
INT_G003960,ENZ_G001234,CMP_G000571,1,S3_P450Rdb|S9_PCPD,2,2,B,1,1,0,1,0
INT_G003961,ENZ_G001234,CMP_G001540,1,S3_P450Rdb|S9_PCPD,2,2,B,1,1,0,1,0
INT_G003962,ENZ_G001234,CMP_G001596,1,S3_P450Rdb|S9_PCPD,2,2,B,1,1,0,1,0
INT_G003963,ENZ_G001234,CMP_G001836,1,S3_P450Rdb|S9_PCPD,2,2,B,1,1,0,1,0
INT_G003964,ENZ_G001234,CMP_G002018,1,S3_P450Rdb|S9_PCPD,2,2,B,1,1,0,1,0
INT_G003965,ENZ_G001235,CMP_G000061,1,S8_PlantP450DB,1,1,B,1,0,0,1,0
INT_G003966,ENZ_G001235,CMP_G001045,1,S1_RCSB,1,1,A,0,0,1,1,0
INT_G003967,ENZ_G001235,CMP_G001136,1,S8_PlantP450DB,1,1,B,1,0,0,1,0
INT_G003968,ENZ_G001236,CMP_G000442,1,S8_PlantP450DB,1,1,B,1,0,0,1,0
INT_G003969,ENZ_G001237,CMP_G000442,1,S8_PlantP450DB,1,1,B,1,0,0,1,0
INT_G003970,ENZ_G001238,CMP_G000727,1,S2_ESIBank,1,1,B,0,0,0,1,0
INT_G003971,ENZ_G001238,CMP_G000743,1,S2_ESIBank,1,1,B,0,0,0,1,0
INT_G003972,ENZ_G001238,CMP_G001444,1,S2_ESIBank,1,1,B,0,0,0,1,0
INT_G003973,ENZ_G001238,CMP_G001654,1,S2_ESIBank,1,1,B,0,0,0,1,0
INT_G003974,ENZ_G001239,CMP_G001602,1,S3_P450Rdb|S8_PlantP450DB|S9_PCPD,3,3,B,1,0,0,1,0
INT_G003975,ENZ_G001240,CMP_G000333,1,S2_ESIBank,1,1,B,0,0,0,1,0
INT_G003976,ENZ_G001240,CMP_G000722,1,S2_ESIBank,1,1,B,0,0,0,1,0
INT_G003977,ENZ_G001240,CMP_G001164,1,S2_ESIBank,1,1,B,0,0,0,1,0
INT_G003978,ENZ_G001240,CMP_G001165,1,S3_P450Rdb|S8_PlantP450DB|S9_PCPD,3,3,B,1,1,0,1,0
INT_G003979,ENZ_G001240,CMP_G001557,1,S2_ESIBank,1,1,B,0,0,0,1,0
INT_G003980,ENZ_G001241,CMP_G000247,1,S3_P450Rdb,1,1,B,1,1,0,1,0
INT_G003981,ENZ_G001241,CMP_G000392,1,S3_P450Rdb,1,1,B,1,1,0,2,0
INT_G003982,ENZ_G001241,CMP_G000393,1,S3_P450Rdb,1,1,B,1,1,0,2,0
INT_G003983,ENZ_G001241,CMP_G000900,1,S3_P450Rdb,1,1,B,1,1,0,2,0
INT_G003984,ENZ_G001241,CMP_G001122,1,S3_P450Rdb,1,1,B,1,1,0,1,0
INT_G003985,ENZ_G001241,CMP_G001150,1,S3_P450Rdb,1,1,B,1,1,0,1,0
INT_G003986,ENZ_G001241,CMP_G001343,1,S3_P450Rdb,1,1,B,1,1,0,2,0
INT_G003987,ENZ_G001241,CMP_G001470,1,S3_P450Rdb,1,1,B,1,1,0,1,0
INT_G003988,ENZ_G001241,CMP_G001471,1,S3_P450Rdb,1,1,B,1,1,0,1,0
INT_G003989,ENZ_G001241,CMP_G001635,1,S3_P450Rdb|S8_PlantP450DB,2,2,B,1,1,0,2,0
INT_G003990,ENZ_G001241,CMP_G001692,1,S3_P450Rdb,1,1,B,1,1,0,1,0
INT_G003991,ENZ_G001241,CMP_G001713,1,S3_P450Rdb,1,1,B,1,1,0,2,0
INT_G003992,ENZ_G001241,CMP_G001738,1,S3_P450Rdb|S8_PlantP450DB,2,2,B,1,1,0,2,0
INT_G003993,ENZ_G001241,CMP_G001744,1,S3_P450Rdb|S8_PlantP450DB,2,2,B,1,1,0,1,0
INT_G003994,ENZ_G001241,CMP_G001800,1,S3_P450Rdb|S8_PlantP450DB,2,2,B,1,1,0,2,0
INT_G003995,ENZ_G001241,CMP_G001801,1,S3_P450Rdb|S8_PlantP450DB,2,2,B,1,1,0,2,0
INT_G003996,ENZ_G001241,CMP_G002122,1,S3_P450Rdb,1,1,B,1,1,0,1,0
INT_G003997,ENZ_G001241,CMP_G002123,1,S3_P450Rdb,1,1,B,1,1,0,1,0
INT_G003998,ENZ_G001242,CMP_G001118,1,S3_P450Rdb|S8_PlantP450DB,2,2,B,1,1,0,1,0
INT_G003999,ENZ_G001242,CMP_G001962,1,S9_PCPD,1,1,B,0,0,0,1,0
INT_G004000,ENZ_G001243,CMP_G000443,1,S3_P450Rdb|S8_PlantP450DB,2,3,B,1,1,0,2,0
INT_G004001,ENZ_G001244,CMP_G001753,1,S8_PlantP450DB,1,1,B,1,0,0,1,0
INT_G004002,ENZ_G001245,CMP_G001753,1,S8_PlantP450DB,1,1,B,1,0,0,1,0
INT_G004003,ENZ_G001246,CMP_G000805,1,S3_P450Rdb|S8_PlantP450DB,2,2,B,1,1,0,1,0
INT_G004004,ENZ_G001246,CMP_G001747,1,S9_PCPD,1,1,B,0,0,0,1,0
INT_G004005,ENZ_G001247,CMP_G000750,1,S3_P450Rdb,1,1,B,1,1,0,1,0
INT_G004006,ENZ_G001247,CMP_G000751,1,S8_PlantP450DB|S9_PCPD,2,2,B,1,0,0,1,0
INT_G004007,ENZ_G001248,CMP_G000376,1,S3_P450Rdb,1,1,B,1,1,0,1,0
INT_G004008,ENZ_G001248,CMP_G000377,1,S8_PlantP450DB,1,1,B,1,0,0,1,0
INT_G004009,ENZ_G001248,CMP_G000545,1,S8_PlantP450DB,1,1,B,1,0,0,1,0
INT_G004010,ENZ_G001248,CMP_G001041,1,S8_PlantP450DB,1,1,B,1,0,0,1,0
INT_G004011,ENZ_G001248,CMP_G001488,1,S3_P450Rdb|S8_PlantP450DB|S9_PCPD,3,3,B,1,1,0,1,0
INT_G004012,ENZ_G001248,CMP_G001608,1,S8_PlantP450DB,1,1,B,1,0,0,1,0
INT_G004013,ENZ_G001248,CMP_G001609,1,S3_P450Rdb,1,1,B,1,1,0,1,0
INT_G004014,ENZ_G001248,CMP_G001929,1,S8_PlantP450DB,1,1,B,1,0,0,1,0
INT_G004015,ENZ_G001249,CMP_G001070,1,S2_ESIBank,1,1,B,0,0,0,1,0
INT_G004016,ENZ_G001249,CMP_G001566,1,S2_ESIBank|S8_PlantP450DB,2,2,B,1,0,0,1,0
INT_G004017,ENZ_G001249,CMP_G001989,1,S2_ESIBank|S3_P450Rdb|S8_PlantP450DB|S9_PCPD,4,4,B,1,1,0,1,0
INT_G004018,ENZ_G001250,CMP_G000411,1,S2_ESIBank|S3_P450Rdb|S8_PlantP450DB,3,3,B,1,1,0,1,0
INT_G004019,ENZ_G001250,CMP_G000774,1,S3_P450Rdb,1,1,B,1,1,0,1,0
INT_G004020,ENZ_G001250,CMP_G000943,1,S2_ESIBank|S3_P450Rdb,2,2,B,1,1,0,1,0
INT_G004021,ENZ_G001250,CMP_G001856,1,S2_ESIBank,1,1,B,0,0,0,1,0
INT_G004022,ENZ_G001250,CMP_G001858,1,S3_P450Rdb|S8_PlantP450DB,2,2,B,1,1,0,1,0
INT_G004023,ENZ_G001250,CMP_G002061,1,S2_ESIBank|S3_P450Rdb|S8_PlantP450DB|S9_PCPD,4,4,B,1,1,0,1,0
INT_G004024,ENZ_G001250,CMP_G002063,1,S2_ESIBank|S3_P450Rdb|S8_PlantP450DB,3,3,B,1,1,0,1,0
INT_G004025,ENZ_G001251,CMP_G001753,1,S3_P450Rdb|S8_PlantP450DB,2,2,B,1,1,0,1,0
INT_G004026,ENZ_G001252,CMP_G000411,1,S3_P450Rdb,1,1,B,1,1,0,1,0
INT_G004027,ENZ_G001252,CMP_G000943,1,S3_P450Rdb,1,1,B,1,1,0,1,0
INT_G004028,ENZ_G001252,CMP_G001801,1,S3_P450Rdb,1,1,B,1,1,0,1,0
INT_G004029,ENZ_G001252,CMP_G001858,1,S3_P450Rdb,1,1,B,1,1,0,1,0
INT_G004030,ENZ_G001252,CMP_G002061,1,S3_P450Rdb,1,1,B,1,1,0,1,0
INT_G004031,ENZ_G001252,CMP_G002063,1,S3_P450Rdb,1,1,B,1,1,0,1,0
INT_G004032,ENZ_G001253,CMP_G000546,1,S9_PCPD,1,1,B,0,0,0,1,0
INT_G004033,ENZ_G001253,CMP_G000726,1,S3_P450Rdb,1,1,B,1,1,0,1,0
INT_G004034,ENZ_G001253,CMP_G001653,1,S3_P450Rdb,1,1,B,1,1,0,1,0
INT_G004035,ENZ_G001254,CMP_G000258,1,S8_PlantP450DB,1,1,B,1,0,0,1,0
INT_G004036,ENZ_G001254,CMP_G000442,1,S8_PlantP450DB,1,1,B,1,0,0,1,0
INT_G004037,ENZ_G001254,CMP_G000890,1,S8_PlantP450DB,1,1,B,1,0,0,1,0
INT_G004038,ENZ_G001254,CMP_G001204,1,S8_PlantP450DB,1,1,B,1,0,0,1,0
INT_G004039,ENZ_G001254,CMP_G001469,1,S8_PlantP450DB,1,1,B,1,0,0,1,0
INT_G004040,ENZ_G001255,CMP_G000115,1,S3_P450Rdb|S9_PCPD,2,2,B,1,1,0,1,0
INT_G004041,ENZ_G001255,CMP_G000726,1,S3_P450Rdb|S9_PCPD,2,2,B,1,1,0,1,0
INT_G004042,ENZ_G001255,CMP_G000757,1,S3_P450Rdb|S9_PCPD,2,2,B,1,1,0,1,0
INT_G004043,ENZ_G001255,CMP_G001498,1,S3_P450Rdb|S9_PCPD,2,2,B,1,1,0,2,0
INT_G004044,ENZ_G001255,CMP_G001964,1,S3_P450Rdb|S9_PCPD,2,2,B,1,1,0,2,0
INT_G004045,ENZ_G001255,CMP_G002065,1,S3_P450Rdb|S9_PCPD,2,2,B,1,1,0,1,0
INT_G004046,ENZ_G001256,CMP_G001252,1,S9_PCPD,1,1,B,0,0,0,1,0
INT_G004047,ENZ_G001257,CMP_G001830,1,S3_P450Rdb,1,1,B,1,1,0,2,0
INT_G004048,ENZ_G001258,CMP_G001714,1,S3_P450Rdb|S9_PCPD,2,2,B,1,1,0,2,0
INT_G004049,ENZ_G001259,CMP_G000727,1,S8_PlantP450DB,1,1,B,1,0,0,1,0
INT_G004050,ENZ_G001259,CMP_G001654,1,S8_PlantP450DB,1,1,B,1,0,0,1,0
INT_G004051,ENZ_G001260,CMP_G000742,1,S3_P450Rdb|S9_PCPD,2,2,B,1,1,0,1,0
INT_G004052,ENZ_G001260,CMP_G000743,1,S2_ESIBank,1,1,B,0,0,0,1,0
INT_G004053,ENZ_G001260,CMP_G001444,1,S2_ESIBank,1,1,B,0,0,0,1,0
INT_G004054,ENZ_G001261,CMP_G001301,1,S9_PCPD,1,1,B,0,0,0,1,0
INT_G004055,ENZ_G001262,CMP_G000846,1,S2_ESIBank,1,1,B,0,0,0,1,0
INT_G004056,ENZ_G001262,CMP_G001067,1,S3_P450Rdb,1,1,B,1,1,0,1,0
INT_G004057,ENZ_G001262,CMP_G001068,1,S2_ESIBank|S8_PlantP450DB|S9_PCPD,3,3,B,1,0,0,1,0
INT_G004058,ENZ_G001262,CMP_G002038,1,S2_ESIBank,1,1,B,0,0,0,1,0
INT_G004059,ENZ_G001263,CMP_G000064,1,S3_P450Rdb,1,1,B,1,1,0,1,0
INT_G004060,ENZ_G001263,CMP_G000313,1,S9_PCPD,1,1,B,0,0,0,1,0
INT_G004061,ENZ_G001264,CMP_G001753,1,S8_PlantP450DB,1,1,B,1,0,0,1,0
INT_G004062,ENZ_G001265,CMP_G000645,1,S9_PCPD,1,1,B,0,0,0,1,0
INT_G004063,ENZ_G001266,CMP_G001784,1,S9_PCPD,1,1,B,0,0,0,1,0
INT_G004064,ENZ_G001267,CMP_G001067,1,S3_P450Rdb|S9_PCPD,2,2,B,1,1,0,1,0
INT_G004065,ENZ_G001267,CMP_G001068,1,S8_PlantP450DB,1,1,B,1,0,0,1,0
INT_G004066,ENZ_G001268,CMP_G000014,1,S3_P450Rdb,1,1,B,1,1,0,1,0
INT_G004067,ENZ_G001269,CMP_G000059,1,S8_PlantP450DB,1,1,B,1,0,0,1,0
INT_G004068,ENZ_G001269,CMP_G000845,1,S8_PlantP450DB,1,1,B,1,0,0,1,0
INT_G004069,ENZ_G001270,CMP_G000059,1,S8_PlantP450DB,1,1,B,1,0,0,1,0
INT_G004070,ENZ_G001270,CMP_G000845,1,S8_PlantP450DB,1,1,B,1,0,0,1,0
INT_G004071,ENZ_G001270,CMP_G001216,1,S3_P450Rdb|S9_PCPD,2,2,B,1,1,0,1,0
INT_G004072,ENZ_G001271,CMP_G001250,1,S8_PlantP450DB,1,1,B,1,0,0,1,0
INT_G004073,ENZ_G001271,CMP_G002091,1,S8_PlantP450DB,1,1,B,1,0,0,1,0
INT_G004074,ENZ_G001272,CMP_G000009,1,S3_P450Rdb,1,1,B,1,1,0,1,0
INT_G004075,ENZ_G001273,CMP_G001964,1,S2_ESIBank,1,1,B,0,0,0,1,0
INT_G004076,ENZ_G001274,CMP_G001715,1,S2_ESIBank,1,1,B,0,0,0,1,0
INT_G004077,ENZ_G001275,CMP_G001536,1,S1_RCSB,1,1,A,0,0,1,1,0
INT_G004078,ENZ_G001276,CMP_G000240,1,S1_RCSB,1,1,A,0,0,1,1,0
INT_G004079,ENZ_G001276,CMP_G001424,1,S1_RCSB,1,1,A,0,0,1,1,0
INT_G004080,ENZ_G001276,CMP_G001896,1,S3_P450Rdb,1,1,B,1,1,0,2,0
INT_G004081,ENZ_G001277,CMP_G001637,1,S8_PlantP450DB,1,1,B,1,0,0,1,0
INT_G004082,ENZ_G001278,CMP_G000020,1,S3_P450Rdb|S8_PlantP450DB,2,2,B,1,1,0,1,0
INT_G004083,ENZ_G001278,CMP_G001711,1,S3_P450Rdb|S8_PlantP450DB|S9_PCPD,3,3,B,1,1,0,1,0
INT_G004084,ENZ_G001279,CMP_G000101,1,S2_ESIBank,1,1,B,0,0,0,1,0
INT_G004085,ENZ_G001279,CMP_G000380,1,S2_ESIBank,1,1,B,0,0,0,1,0
INT_G004086,ENZ_G001279,CMP_G000414,1,S2_ESIBank,1,1,B,0,0,0,1,0
INT_G004087,ENZ_G001279,CMP_G000540,1,S2_ESIBank,1,1,B,0,0,0,1,0
INT_G004088,ENZ_G001279,CMP_G000751,1,S2_ESIBank|S8_PlantP450DB,2,2,B,1,0,0,1,0
INT_G004089,ENZ_G001279,CMP_G000879,1,S2_ESIBank,1,1,B,0,0,0,1,0
INT_G004090,ENZ_G001279,CMP_G000946,1,S2_ESIBank,1,1,B,0,0,0,1,0
INT_G004091,ENZ_G001279,CMP_G000986,1,S2_ESIBank,1,1,B,0,0,0,1,0
INT_G004092,ENZ_G001279,CMP_G001168,1,S2_ESIBank,1,1,B,0,0,0,1,0
INT_G004093,ENZ_G001279,CMP_G001169,1,S2_ESIBank,1,1,B,0,0,0,1,0
INT_G004094,ENZ_G001279,CMP_G001246,1,S2_ESIBank,1,1,B,0,0,0,1,0
INT_G004095,ENZ_G001279,CMP_G001676,1,S2_ESIBank,1,1,B,0,0,0,1,0
INT_G004096,ENZ_G001279,CMP_G001735,1,S2_ESIBank,1,1,B,0,0,0,1,0
INT_G004097,ENZ_G001279,CMP_G001756,1,S2_ESIBank,1,1,B,0,0,0,1,0
INT_G004098,ENZ_G001279,CMP_G001910,1,S2_ESIBank,1,1,B,0,0,0,1,0
INT_G004099,ENZ_G001279,CMP_G001911,1,S2_ESIBank,1,1,B,0,0,0,1,0
INT_G004100,ENZ_G001279,CMP_G001926,1,S2_ESIBank,1,1,B,0,0,0,1,0
INT_G004101,ENZ_G001279,CMP_G001943,1,S2_ESIBank,1,1,B,0,0,0,1,0
INT_G004102,ENZ_G001279,CMP_G002064,1,S2_ESIBank,1,1,B,0,0,0,1,0
INT_G004103,ENZ_G001280,CMP_G000298,1,S8_PlantP450DB,1,1,B,1,0,0,1,0
INT_G004104,ENZ_G001280,CMP_G001938,1,S3_P450Rdb,1,1,B,1,0,0,1,0
INT_G004105,ENZ_G001281,CMP_G000228,1,S3_P450Rdb|S8_PlantP450DB|S9_PCPD,3,3,B,1,1,0,1,0
INT_G004106,ENZ_G001282,CMP_G000247,1,S3_P450Rdb,1,1,B,1,1,0,1,0
INT_G004107,ENZ_G001282,CMP_G000900,1,S3_P450Rdb|S8_PlantP450DB,2,2,B,1,1,0,1,0
INT_G004108,ENZ_G001282,CMP_G001343,1,S3_P450Rdb,1,1,B,1,1,0,2,0
INT_G004109,ENZ_G001282,CMP_G001635,1,S3_P450Rdb|S8_PlantP450DB,2,2,B,1,1,0,2,0
INT_G004110,ENZ_G001282,CMP_G001692,1,S3_P450Rdb,1,1,B,1,1,0,1,0
INT_G004111,ENZ_G001282,CMP_G001738,1,S3_P450Rdb|S8_PlantP450DB,2,2,B,1,1,0,2,0
INT_G004112,ENZ_G001282,CMP_G001800,1,S3_P450Rdb|S8_PlantP450DB,2,2,B,1,1,0,2,0
INT_G004113,ENZ_G001282,CMP_G001801,1,S3_P450Rdb|S8_PlantP450DB,2,2,B,1,1,0,2,0
INT_G004114,ENZ_G001283,CMP_G000007,1,S3_P450Rdb,1,1,B,1,1,0,1,0
INT_G004115,ENZ_G001283,CMP_G000110,1,S2_ESIBank,1,1,B,0,0,0,1,0
INT_G004116,ENZ_G001283,CMP_G000176,1,S2_ESIBank|S8_PlantP450DB,2,2,B,1,0,0,1,0
INT_G004117,ENZ_G001283,CMP_G000632,1,S2_ESIBank|S9_PCPD,2,2,B,0,0,0,1,0
INT_G004118,ENZ_G001283,CMP_G000971,1,S2_ESIBank,1,1,B,0,0,0,1,0
INT_G004119,ENZ_G001284,CMP_G000569,1,S9_PCPD,1,1,B,0,0,0,1,0
INT_G004120,ENZ_G001284,CMP_G000742,1,S3_P450Rdb,1,1,B,1,1,0,1,0
INT_G004121,ENZ_G001284,CMP_G000743,1,S2_ESIBank,1,1,B,0,0,0,1,0
INT_G004122,ENZ_G001284,CMP_G001444,1,S2_ESIBank,1,1,B,0,0,0,1,0
INT_G004123,ENZ_G001285,CMP_G000442,1,S2_ESIBank,1,1,B,0,0,0,1,0
INT_G004124,ENZ_G001285,CMP_G001205,1,S2_ESIBank,1,1,B,0,0,0,1,0
INT_G004125,ENZ_G001286,CMP_G000442,1,S8_PlantP450DB,1,1,B,1,0,0,1,0
INT_G004126,ENZ_G001286,CMP_G000890,1,S2_ESIBank,1,1,B,0,0,0,1,0
INT_G004127,ENZ_G001286,CMP_G001204,1,S8_PlantP450DB,1,1,B,1,0,0,1,0
INT_G004128,ENZ_G001287,CMP_G000442,1,S2_ESIBank|S8_PlantP450DB,2,2,B,1,0,0,1,0
INT_G004129,ENZ_G001287,CMP_G001204,1,S8_PlantP450DB,1,1,B,1,0,0,1,0
INT_G004130,ENZ_G001287,CMP_G001205,1,S2_ESIBank,1,1,B,0,0,0,1,0
INT_G004131,ENZ_G001288,CMP_G001165,1,S8_PlantP450DB,1,1,B,1,0,0,1,0
INT_G004132,ENZ_G001289,CMP_G000890,1,S2_ESIBank,1,1,B,0,0,0,1,0
INT_G004133,ENZ_G001290,CMP_G000545,1,S8_PlantP450DB,1,1,B,1,0,0,1,0
INT_G004134,ENZ_G001290,CMP_G001929,1,S8_PlantP450DB|S9_PCPD,2,2,B,1,0,0,1,0
INT_G004135,ENZ_G001291,CMP_G001753,1,S8_PlantP450DB,1,1,B,1,0,0,1,0
INT_G004136,ENZ_G001292,CMP_G000151,1,S9_PCPD,1,1,B,0,0,0,1,0
INT_G004137,ENZ_G001293,CMP_G000130,1,S3_P450Rdb|S9_PCPD,2,2,B,1,1,0,1,0
INT_G004138,ENZ_G001293,CMP_G001437,1,S2_ESIBank,1,1,B,0,0,0,1,0
INT_G004139,ENZ_G001293,CMP_G001522,1,S9_PCPD,1,1,B,0,0,0,1,0
INT_G004140,ENZ_G001293,CMP_G001523,1,S2_ESIBank|S3_P450Rdb,2,2,B,1,1,0,1,0
INT_G004141,ENZ_G001294,CMP_G001850,1,S3_P450Rdb|S9_PCPD,2,2,B,1,1,0,1,0
INT_G004142,ENZ_G001295,CMP_G000733,1,S2_ESIBank,1,1,B,0,0,0,1,0
INT_G004143,ENZ_G001296,CMP_G000733,1,S2_ESIBank,1,1,B,0,0,0,1,0
INT_G004144,ENZ_G001297,CMP_G000009,1,S3_P450Rdb,1,1,B,1,1,0,1,0
INT_G004145,ENZ_G001297,CMP_G000014,1,S3_P450Rdb,1,1,B,1,1,0,1,0
INT_G004146,ENZ_G001297,CMP_G000183,1,S3_P450Rdb|S9_PCPD,2,2,B,1,1,0,1,0
INT_G004147,ENZ_G001297,CMP_G000312,1,S3_P450Rdb|S9_PCPD,2,2,B,1,1,0,1,0
INT_G004148,ENZ_G001297,CMP_G000465,1,S3_P450Rdb,1,1,B,1,1,0,1,0
INT_G004149,ENZ_G001297,CMP_G000681,1,S3_P450Rdb|S9_PCPD,2,2,B,1,1,0,1,0
INT_G004150,ENZ_G001297,CMP_G000772,1,S3_P450Rdb,1,1,B,1,1,0,1,0
INT_G004151,ENZ_G001297,CMP_G000836,1,S3_P450Rdb,1,1,B,1,1,0,1,0
INT_G004152,ENZ_G001297,CMP_G000974,1,S3_P450Rdb|S9_PCPD,2,2,B,1,1,0,1,0
INT_G004153,ENZ_G001297,CMP_G000976,1,S3_P450Rdb|S9_PCPD,2,2,B,1,1,0,1,0
INT_G004154,ENZ_G001297,CMP_G001076,1,S3_P450Rdb|S9_PCPD,2,2,B,1,1,0,1,0
INT_G004155,ENZ_G001297,CMP_G001247,1,S3_P450Rdb|S9_PCPD,2,2,B,1,1,0,1,0
INT_G004156,ENZ_G001297,CMP_G001249,1,S3_P450Rdb|S9_PCPD,2,2,B,1,1,0,1,0
INT_G004157,ENZ_G001297,CMP_G002026,1,S3_P450Rdb|S9_PCPD,2,2,B,1,1,0,1,0
INT_G004158,ENZ_G001297,CMP_G002078,1,S3_P450Rdb,1,1,B,1,1,0,1,0
INT_G004159,ENZ_G001297,CMP_G002090,1,S3_P450Rdb|S9_PCPD,2,2,B,1,1,0,1,0
INT_G004160,ENZ_G001298,CMP_G000009,1,S3_P450Rdb,1,1,B,1,1,0,1,0
INT_G004161,ENZ_G001298,CMP_G000974,1,S3_P450Rdb|S9_PCPD,2,2,B,1,1,0,4,0
INT_G004162,ENZ_G001298,CMP_G002006,1,S3_P450Rdb|S9_PCPD,2,2,B,1,1,0,4,0
INT_G004163,ENZ_G001298,CMP_G002026,1,S3_P450Rdb|S9_PCPD,2,2,B,1,1,0,1,0
INT_G004164,ENZ_G001299,CMP_G000676,1,S2_ESIBank,1,1,B,0,0,0,1,0
INT_G004165,ENZ_G001299,CMP_G000677,1,S3_P450Rdb,1,1,B,1,1,0,1,0
INT_G004166,ENZ_G001300,CMP_G000265,1,S3_P450Rdb,1,1,B,1,1,0,3,0
INT_G004167,ENZ_G001300,CMP_G001734,1,S3_P450Rdb,1,1,B,1,1,0,1,0
INT_G004168,ENZ_G001300,CMP_G002098,1,S3_P450Rdb,1,1,B,1,1,0,1,0
INT_G004169,ENZ_G001300,CMP_G002099,1,S3_P450Rdb,1,1,B,1,1,0,1,0
INT_G004170,ENZ_G001301,CMP_G000111,1,S3_P450Rdb,1,1,B,1,1,0,1,0
INT_G004171,ENZ_G001301,CMP_G001903,1,S1_RCSB|S3_P450Rdb,2,2,A,1,1,1,1,0
INT_G004172,ENZ_G001302,CMP_G000649,1,S1_RCSB,1,1,A,0,0,1,1,0
INT_G004173,ENZ_G001302,CMP_G001896,1,S3_P450Rdb,1,1,B,1,1,0,2,0
INT_G004174,ENZ_G001303,CMP_G000442,1,S8_PlantP450DB,1,1,B,1,0,0,1,0
INT_G004175,ENZ_G001304,CMP_G000751,1,S8_PlantP450DB|S9_PCPD,2,2,B,1,0,0,1,0
INT_G004176,ENZ_G001305,CMP_G000727,1,S2_ESIBank,1,1,B,0,0,0,1,0
INT_G004177,ENZ_G001305,CMP_G001653,1,S3_P450Rdb|S9_PCPD,2,2,B,1,1,0,1,0
INT_G004178,ENZ_G001305,CMP_G001654,1,S2_ESIBank,1,1,B,0,0,0,1,0
INT_G004179,ENZ_G001306,CMP_G001250,1,S8_PlantP450DB,1,1,B,1,0,0,1,0
INT_G004180,ENZ_G001306,CMP_G002091,1,S8_PlantP450DB,1,1,B,1,0,0,1,0
INT_G004181,ENZ_G001307,CMP_G001249,1,S3_P450Rdb|S9_PCPD,2,2,B,1,1,0,1,0
INT_G004182,ENZ_G001307,CMP_G001250,1,S2_ESIBank|S8_PlantP450DB,2,2,B,1,0,0,1,0
INT_G004183,ENZ_G001308,CMP_G000039,1,S8_PlantP450DB,1,1,B,1,0,0,1,0
INT_G004184,ENZ_G001308,CMP_G000228,1,S8_PlantP450DB|S9_PCPD,2,2,B,1,0,0,1,0
INT_G004185,ENZ_G001308,CMP_G001189,1,S8_PlantP450DB,1,1,B,1,0,0,1,0
INT_G004186,ENZ_G001308,CMP_G001315,1,S8_PlantP450DB,1,1,B,1,0,0,1,0
INT_G004187,ENZ_G001308,CMP_G001417,1,S8_PlantP450DB|S9_PCPD,2,2,B,1,0,0,1,0
INT_G004188,ENZ_G001309,CMP_G000430,1,S2_ESIBank|S3_P450Rdb,2,2,B,1,1,0,1,0
INT_G004189,ENZ_G001309,CMP_G000431,1,S8_PlantP450DB,1,1,B,1,0,0,1,0
INT_G004190,ENZ_G001309,CMP_G000685,1,S2_ESIBank|S3_P450Rdb|S8_PlantP450DB,3,3,B,1,1,0,1,0
INT_G004191,ENZ_G001309,CMP_G000686,1,S2_ESIBank,1,1,B,0,0,0,1,0
INT_G004192,ENZ_G001309,CMP_G000804,1,S2_ESIBank,1,1,B,0,0,0,1,0
INT_G004193,ENZ_G001310,CMP_G000992,1,S8_PlantP450DB,1,1,B,1,0,0,1,0
INT_G004194,ENZ_G001310,CMP_G001068,1,S8_PlantP450DB,1,1,B,1,0,0,1,0
INT_G004195,ENZ_G001310,CMP_G001426,1,S8_PlantP450DB,1,1,B,1,0,0,1,0
INT_G004196,ENZ_G001310,CMP_G001602,1,S8_PlantP450DB,1,1,B,1,0,0,1,0
INT_G004197,ENZ_G001311,CMP_G000992,1,S8_PlantP450DB,1,1,B,1,0,0,1,0
INT_G004198,ENZ_G001311,CMP_G001068,1,S8_PlantP450DB,1,1,B,1,0,0,1,0
INT_G004199,ENZ_G001311,CMP_G001602,1,S8_PlantP450DB,1,1,B,1,0,0,1,0
INT_G004200,ENZ_G001312,CMP_G000992,1,S8_PlantP450DB,1,1,B,1,0,0,1,0
INT_G004201,ENZ_G001312,CMP_G001068,1,S8_PlantP450DB|S9_PCPD,2,2,B,1,0,0,1,0
INT_G004202,ENZ_G001312,CMP_G001602,1,S8_PlantP450DB,1,1,B,1,0,0,1,0
INT_G004203,ENZ_G001313,CMP_G000323,1,S3_P450Rdb,1,1,B,1,0,0,1,0
INT_G004204,ENZ_G001313,CMP_G001812,1,S8_PlantP450DB,1,1,B,1,0,0,1,0
INT_G004205,ENZ_G001314,CMP_G000303,1,S3_P450Rdb,1,1,B,1,0,0,1,0
INT_G004206,ENZ_G001314,CMP_G000436,1,S3_P450Rdb|S8_PlantP450DB|S9_PCPD,3,3,B,1,1,0,1,0
INT_G004207,ENZ_G001314,CMP_G000738,1,S3_P450Rdb|S8_PlantP450DB,2,2,B,1,1,0,1,0
INT_G004208,ENZ_G001314,CMP_G001017,1,S3_P450Rdb|S8_PlantP450DB,2,2,B,1,1,0,1,0
INT_G004209,ENZ_G001314,CMP_G001266,1,S3_P450Rdb,1,1,B,1,1,0,1,0
INT_G004210,ENZ_G001314,CMP_G001923,1,S3_P450Rdb,1,1,B,1,1,0,1,0
INT_G004211,ENZ_G001315,CMP_G000525,1,S3_P450Rdb,1,1,B,1,1,0,1,0
INT_G004212,ENZ_G001315,CMP_G000526,1,S3_P450Rdb|S8_PlantP450DB,2,2,B,1,1,0,2,0
INT_G004213,ENZ_G001315,CMP_G001894,1,S2_ESIBank|S3_P450Rdb,2,2,B,1,1,0,2,0
INT_G004214,ENZ_G001316,CMP_G000193,1,S3_P450Rdb,1,1,B,1,0,0,1,0
INT_G004215,ENZ_G001317,CMP_G000343,1,S8_PlantP450DB,1,1,B,1,0,0,1,0
INT_G004216,ENZ_G001317,CMP_G001198,1,S8_PlantP450DB,1,1,B,1,0,0,1,0
INT_G004217,ENZ_G001317,CMP_G001250,1,S8_PlantP450DB,1,1,B,1,0,0,1,0
INT_G004218,ENZ_G001317,CMP_G002091,1,S8_PlantP450DB,1,1,B,1,0,0,1,0
INT_G004219,ENZ_G001318,CMP_G000411,1,S3_P450Rdb|S8_PlantP450DB,2,2,B,1,1,0,1,0
INT_G004220,ENZ_G001318,CMP_G000774,1,S3_P450Rdb,1,1,B,1,1,0,1,0
INT_G004221,ENZ_G001318,CMP_G000943,1,S3_P450Rdb,1,1,B,1,1,0,1,0
INT_G004222,ENZ_G001318,CMP_G001858,1,S3_P450Rdb|S8_PlantP450DB,2,2,B,1,1,0,1,0
INT_G004223,ENZ_G001318,CMP_G002061,1,S3_P450Rdb|S8_PlantP450DB|S9_PCPD,3,3,B,1,1,0,1,0
INT_G004224,ENZ_G001318,CMP_G002063,1,S3_P450Rdb|S8_PlantP450DB,2,2,B,1,1,0,1,0
INT_G004225,ENZ_G001319,CMP_G000725,1,S8_PlantP450DB,1,1,B,1,0,0,1,0
INT_G004226,ENZ_G001319,CMP_G001657,1,S8_PlantP450DB,1,1,B,1,0,0,1,0
INT_G004227,ENZ_G001320,CMP_G000442,1,S8_PlantP450DB,1,1,B,1,0,0,1,0
INT_G004228,ENZ_G001321,CMP_G000442,1,S8_PlantP450DB,1,1,B,1,0,0,1,0
INT_G004229,ENZ_G001322,CMP_G000039,1,S3_P450Rdb|S8_PlantP450DB,2,2,B,1,1,0,2,0
INT_G004230,ENZ_G001322,CMP_G000891,1,S3_P450Rdb|S8_PlantP450DB|S9_PCPD,3,3,B,1,1,0,2,0
INT_G004231,ENZ_G001322,CMP_G001279,1,S3_P450Rdb,1,1,B,1,1,0,1,0
INT_G004232,ENZ_G001322,CMP_G001956,1,S3_P450Rdb,1,1,B,1,1,0,1,0
INT_G004233,ENZ_G001323,CMP_G000039,1,S3_P450Rdb|S8_PlantP450DB,2,2,B,1,1,0,2,0
INT_G004234,ENZ_G001323,CMP_G000891,1,S3_P450Rdb|S8_PlantP450DB|S9_PCPD,3,3,B,1,1,0,2,0
INT_G004235,ENZ_G001323,CMP_G001279,1,S3_P450Rdb,1,1,B,1,1,0,1,0
INT_G004236,ENZ_G001323,CMP_G001956,1,S3_P450Rdb,1,1,B,1,1,0,1,0
INT_G004237,ENZ_G001324,CMP_G001189,1,S8_PlantP450DB|S9_PCPD,2,2,B,1,0,0,1,0
INT_G004238,ENZ_G001325,CMP_G001189,1,S3_P450Rdb|S8_PlantP450DB|S9_PCPD,3,3,B,1,1,0,1,0
INT_G004239,ENZ_G001326,CMP_G000574,1,S8_PlantP450DB,1,1,B,1,0,0,1,0
INT_G004240,ENZ_G001326,CMP_G001823,1,S8_PlantP450DB,1,1,B,1,0,0,1,0
INT_G004241,ENZ_G001327,CMP_G001250,1,S8_PlantP450DB,1,1,B,1,0,0,1,0
INT_G004242,ENZ_G001328,CMP_G001357,1,S2_ESIBank,1,1,B,0,0,0,1,0
INT_G004243,ENZ_G001329,CMP_G000234,1,S3_P450Rdb,1,1,B,1,1,0,1,0
INT_G004244,ENZ_G001330,CMP_G001498,1,S3_P450Rdb|S9_PCPD,2,2,B,1,1,0,1,0
INT_G004245,ENZ_G001331,CMP_G000677,1,S3_P450Rdb|S9_PCPD,2,2,B,1,1,0,1,0
INT_G004246,ENZ_G001332,CMP_G001498,1,S3_P450Rdb|S9_PCPD,2,2,B,1,1,0,1,0
INT_G004247,ENZ_G001333,CMP_G000009,1,S3_P450Rdb,1,1,B,1,1,0,1,0
INT_G004248,ENZ_G001333,CMP_G001044,1,S3_P450Rdb|S9_PCPD,2,2,B,1,1,0,1,0
INT_G004249,ENZ_G001333,CMP_G001045,1,S3_P450Rdb|S9_PCPD,2,2,B,1,1,0,1,0
INT_G004250,ENZ_G001333,CMP_G002026,1,S3_P450Rdb|S9_PCPD,2,2,B,1,1,0,1,0
INT_G004251,ENZ_G001334,CMP_G000002,1,S3_P450Rdb,1,1,B,1,1,0,1,0
INT_G004252,ENZ_G001334,CMP_G001005,1,S3_P450Rdb|S8_PlantP450DB|S9_PCPD,3,3,B,1,0,0,1,0
INT_G004253,ENZ_G001335,CMP_G000104,1,S2_ESIBank,1,1,B,0,0,0,1,0
INT_G004254,ENZ_G001335,CMP_G000383,1,S2_ESIBank,1,1,B,0,0,0,1,0
INT_G004255,ENZ_G001335,CMP_G000386,1,S2_ESIBank,1,1,B,0,0,0,1,0
INT_G004256,ENZ_G001335,CMP_G000675,1,S2_ESIBank,1,1,B,0,0,0,1,0
INT_G004257,ENZ_G001335,CMP_G000797,1,S2_ESIBank,1,1,B,0,0,0,1,0
INT_G004258,ENZ_G001335,CMP_G000829,1,S2_ESIBank,1,1,B,0,0,0,1,0
INT_G004259,ENZ_G001335,CMP_G000835,1,S2_ESIBank,1,1,B,0,0,0,1,0
INT_G004260,ENZ_G001335,CMP_G000972,1,S2_ESIBank,1,1,B,0,0,0,1,0
INT_G004261,ENZ_G001335,CMP_G001244,1,S2_ESIBank,1,1,B,0,0,0,1,0
INT_G004262,ENZ_G001335,CMP_G001294,1,S2_ESIBank,1,1,B,0,0,0,1,0
INT_G004263,ENZ_G001335,CMP_G001430,1,S2_ESIBank,1,1,B,0,0,0,1,0
INT_G004264,ENZ_G001335,CMP_G001434,1,S2_ESIBank,1,1,B,0,0,0,1,0
INT_G004265,ENZ_G001335,CMP_G001649,1,S2_ESIBank,1,1,B,0,0,0,1,0
INT_G004266,ENZ_G001335,CMP_G001829,1,S2_ESIBank,1,1,B,0,0,0,1,0
INT_G004267,ENZ_G001336,CMP_G001753,1,S8_PlantP450DB,1,1,B,1,0,0,1,0
INT_G004268,ENZ_G001337,CMP_G000315,1,S8_PlantP450DB,1,1,B,1,0,0,1,0
INT_G004269,ENZ_G001337,CMP_G000752,1,S8_PlantP450DB,1,1,B,1,0,0,1,0
INT_G004270,ENZ_G001337,CMP_G000867,1,S9_PCPD,1,1,B,0,0,0,1,0
INT_G004271,ENZ_G001337,CMP_G000868,1,S8_PlantP450DB,1,1,B,1,0,0,1,0
INT_G004272,ENZ_G001338,CMP_G000442,1,S8_PlantP450DB,1,1,B,1,0,0,1,0
INT_G004273,ENZ_G001338,CMP_G001204,1,S8_PlantP450DB,1,1,B,1,0,0,1,0
INT_G004274,ENZ_G001339,CMP_G000192,1,S8_PlantP450DB,1,1,B,1,0,0,1,0
INT_G004275,ENZ_G001339,CMP_G000193,1,S8_PlantP450DB,1,1,B,1,0,0,1,0
INT_G004276,ENZ_G001339,CMP_G000194,1,S9_PCPD,1,1,B,0,0,0,1,0
INT_G004277,ENZ_G001340,CMP_G000438,1,S2_ESIBank,1,1,B,0,0,0,1,0
INT_G004278,ENZ_G001340,CMP_G000442,1,S2_ESIBank|S8_PlantP450DB,2,2,B,1,0,0,1,0
INT_G004279,ENZ_G001340,CMP_G000713,1,S2_ESIBank,1,1,B,0,0,0,1,0
INT_G004280,ENZ_G001340,CMP_G000890,1,S2_ESIBank,1,1,B,0,0,0,1,0
INT_G004281,ENZ_G001340,CMP_G001101,1,S2_ESIBank,1,1,B,0,0,0,1,0
INT_G004282,ENZ_G001340,CMP_G001204,1,S8_PlantP450DB,1,1,B,1,0,0,1,0
INT_G004283,ENZ_G001340,CMP_G001205,1,S2_ESIBank,1,1,B,0,0,0,1,0
INT_G004284,ENZ_G001341,CMP_G000708,1,S8_PlantP450DB,1,1,B,1,0,0,1,0
INT_G004285,ENZ_G001341,CMP_G001738,1,S8_PlantP450DB,1,1,B,1,0,0,1,0
INT_G004286,ENZ_G001341,CMP_G001744,1,S8_PlantP450DB,1,1,B,1,0,0,1,0
INT_G004287,ENZ_G001342,CMP_G000176,1,S8_PlantP450DB,1,1,B,1,0,0,1,0
INT_G004288,ENZ_G001342,CMP_G000631,1,S3_P450Rdb,1,1,B,1,1,0,1,0
INT_G004289,ENZ_G001342,CMP_G000632,1,S8_PlantP450DB,1,1,B,1,0,0,1,0
INT_G004290,ENZ_G001343,CMP_G000151,1,S2_ESIBank,1,1,B,0,0,0,1,0
INT_G004291,ENZ_G001344,CMP_G001588,1,S3_P450Rdb,1,1,B,1,0,0,1,0
INT_G004292,ENZ_G001345,CMP_G001613,1,S3_P450Rdb,1,1,B,1,1,0,1,0
INT_G004293,ENZ_G001345,CMP_G001614,1,S9_PCPD,1,1,B,0,0,0,1,0
INT_G004294,ENZ_G001346,CMP_G000442,1,S8_PlantP450DB,1,1,B,1,0,0,1,0
INT_G004295,ENZ_G001347,CMP_G000442,1,S2_ESIBank,1,1,B,0,0,0,1,0
INT_G004296,ENZ_G001347,CMP_G000447,1,S2_ESIBank,1,1,B,0,0,0,1,0
INT_G004297,ENZ_G001347,CMP_G001469,1,S2_ESIBank,1,1,B,0,0,0,1,0
INT_G004298,ENZ_G001348,CMP_G001402,1,S8_PlantP450DB,1,1,B,1,0,0,1,0
INT_G004299,ENZ_G001349,CMP_G000315,1,S8_PlantP450DB|S9_PCPD,2,2,B,1,0,0,1,0
INT_G004300,ENZ_G001350,CMP_G000442,1,S2_ESIBank,1,1,B,0,0,0,1,0
INT_G004301,ENZ_G001350,CMP_G000447,1,S2_ESIBank,1,1,B,0,0,0,1,0
INT_G004302,ENZ_G001351,CMP_G000442,1,S3_P450Rdb|S8_PlantP450DB|S9_PCPD,3,3,B,1,1,0,1,0
INT_G004303,ENZ_G001351,CMP_G000447,1,S2_ESIBank|S3_P450Rdb|S8_PlantP450DB|S9_PCPD,4,4,B,1,1,0,1,0
INT_G004304,ENZ_G001352,CMP_G000552,1,S2_ESIBank|S3_P450Rdb|S9_PCPD,3,3,B,1,1,0,1,0
INT_G004305,ENZ_G001352,CMP_G001369,1,S2_ESIBank|S3_P450Rdb|S8_PlantP450DB,3,3,B,1,1,0,1,0
INT_G004306,ENZ_G001353,CMP_G000323,1,S3_P450Rdb,1,1,B,1,0,0,1,0
INT_G004307,ENZ_G001354,CMP_G000066,1,S2_ESIBank,1,1,B,0,0,0,1,0
INT_G004308,ENZ_G001354,CMP_G000067,1,S3_P450Rdb|S9_PCPD,2,2,B,1,1,0,1,0
INT_G004309,ENZ_G001354,CMP_G000607,1,S2_ESIBank,1,1,B,0,0,0,1,0
INT_G004310,ENZ_G001354,CMP_G000674,1,S3_P450Rdb|S9_PCPD,2,2,B,1,1,0,1,0
INT_G004311,ENZ_G001354,CMP_G001436,1,S9_PCPD,1,1,B,0,0,0,1,0
INT_G004312,ENZ_G001354,CMP_G001437,1,S3_P450Rdb,1,1,B,1,1,0,1,0
INT_G004313,ENZ_G001355,CMP_G001199,1,S3_P450Rdb,1,1,B,1,1,0,1,0
INT_G004314,ENZ_G001355,CMP_G001393,1,S3_P450Rdb,1,1,B,1,1,0,1,0
INT_G004315,ENZ_G001356,CMP_G000094,1,S3_P450Rdb|S9_PCPD,2,2,B,1,1,0,1,0
INT_G004316,ENZ_G001357,CMP_G000233,1,S3_P450Rdb,1,1,B,1,1,0,1,0
INT_G004317,ENZ_G001357,CMP_G000234,1,S3_P450Rdb,1,1,B,1,1,0,1,0
INT_G004318,ENZ_G001358,CMP_G001625,1,S3_P450Rdb|S9_PCPD,2,2,B,1,1,0,1,0
INT_G004319,ENZ_G001358,CMP_G001626,1,S2_ESIBank,1,1,B,0,0,0,1,0
INT_G004320,ENZ_G001358,CMP_G001627,1,S2_ESIBank,1,1,B,0,0,0,1,0
INT_G004321,ENZ_G001359,CMP_G000366,1,S3_P450Rdb,1,1,B,1,1,0,1,0
INT_G004322,ENZ_G001360,CMP_G000607,1,S2_ESIBank|S3_P450Rdb|S9_PCPD,3,3,B,1,1,0,1,0
INT_G004323,ENZ_G001361,CMP_G000010,1,S3_P450Rdb,1,1,B,1,1,0,1,0
INT_G004324,ENZ_G001361,CMP_G000442,1,S8_PlantP450DB,1,1,B,1,0,0,1,0
INT_G004325,ENZ_G001361,CMP_G000447,1,S9_PCPD,1,1,B,0,0,0,1,0
INT_G004326,ENZ_G001361,CMP_G001469,1,S9_PCPD,1,1,B,0,0,0,1,0
INT_G004327,ENZ_G001362,CMP_G000738,1,S2_ESIBank|S3_P450Rdb|S8_PlantP450DB,3,3,B,1,1,0,1,0
INT_G004328,ENZ_G001362,CMP_G001106,1,S3_P450Rdb,1,1,B,1,0,0,1,0
INT_G004329,ENZ_G001362,CMP_G002048,1,S3_P450Rdb|S8_PlantP450DB,2,2,B,1,1,0,1,0
INT_G004330,ENZ_G001363,CMP_G001882,1,S3_P450Rdb|S9_PCPD,2,2,B,1,1,0,1,0
INT_G004331,ENZ_G001363,CMP_G001883,1,S8_PlantP450DB,1,1,B,1,0,0,1,0
INT_G004332,ENZ_G001364,CMP_G001882,1,S3_P450Rdb,1,1,B,1,1,0,1,0
INT_G004333,ENZ_G001364,CMP_G001883,1,S8_PlantP450DB,1,1,B,1,0,0,1,0
INT_G004334,ENZ_G001365,CMP_G000367,1,S2_ESIBank,1,1,B,0,0,0,1,0
INT_G004335,ENZ_G001365,CMP_G000368,1,S2_ESIBank,1,1,B,0,0,0,1,0
INT_G004336,ENZ_G001365,CMP_G001881,1,S2_ESIBank,1,1,B,0,0,0,1,0
INT_G004337,ENZ_G001365,CMP_G001882,1,S2_ESIBank|S3_P450Rdb,2,2,B,1,1,0,1,0
INT_G004338,ENZ_G001365,CMP_G001883,1,S8_PlantP450DB,1,1,B,1,0,0,1,0
INT_G004339,ENZ_G001366,CMP_G000788,1,S2_ESIBank,1,1,B,0,0,0,1,0
INT_G004340,ENZ_G001366,CMP_G000789,1,S2_ESIBank,1,1,B,0,0,0,1,0
INT_G004341,ENZ_G001367,CMP_G000086,1,S3_P450Rdb,1,1,B,1,1,0,2,0
INT_G004342,ENZ_G001367,CMP_G000267,1,S3_P450Rdb,1,1,B,1,1,0,1,0
INT_G004343,ENZ_G001367,CMP_G000483,1,S2_ESIBank,1,1,B,0,0,0,1,0
INT_G004344,ENZ_G001367,CMP_G000607,1,S2_ESIBank|S3_P450Rdb|S9_PCPD,3,3,B,1,1,0,1,0
INT_G004345,ENZ_G001367,CMP_G000677,1,S2_ESIBank|S3_P450Rdb,2,2,B,1,1,0,2,0
INT_G004346,ENZ_G001367,CMP_G001024,1,S3_P450Rdb,1,1,B,1,1,0,3,0
INT_G004347,ENZ_G001367,CMP_G001201,1,S3_P450Rdb,1,1,B,1,1,0,1,0
INT_G004348,ENZ_G001367,CMP_G001372,1,S3_P450Rdb,1,1,B,1,1,0,1,0
INT_G004349,ENZ_G001367,CMP_G001405,1,S3_P450Rdb,1,1,B,1,1,0,1,0
INT_G004350,ENZ_G001367,CMP_G001584,1,S3_P450Rdb,1,1,B,1,1,0,2,0
INT_G004351,ENZ_G001368,CMP_G001250,1,S9_PCPD,1,1,B,0,0,0,1,0
INT_G004352,ENZ_G001369,CMP_G001250,1,S9_PCPD,1,1,B,0,0,0,1,0
INT_G004353,ENZ_G001370,CMP_G001020,1,S2_ESIBank,1,1,B,0,0,0,1,0
INT_G004354,ENZ_G001370,CMP_G001115,1,S3_P450Rdb,1,1,B,1,1,0,1,0
INT_G004355,ENZ_G001370,CMP_G001116,1,S2_ESIBank,1,1,B,0,0,0,1,0
INT_G004356,ENZ_G001370,CMP_G001418,1,S3_P450Rdb,1,1,B,1,1,0,1,0
INT_G004357,ENZ_G001370,CMP_G001419,1,S2_ESIBank,1,1,B,0,0,0,1,0
INT_G004358,ENZ_G001371,CMP_G001786,1,S3_P450Rdb|S9_PCPD,2,2,B,1,1,0,1,0
INT_G004359,ENZ_G001372,CMP_G000009,1,S3_P450Rdb,1,1,B,1,1,0,1,0
INT_G004360,ENZ_G001372,CMP_G000474,1,S3_P450Rdb,1,1,B,1,1,0,1,0
INT_G004361,ENZ_G001373,CMP_G000571,1,S3_P450Rdb,1,1,B,1,1,0,1,0
INT_G004362,ENZ_G001373,CMP_G001540,1,S2_ESIBank,1,1,B,0,0,0,1,0
INT_G004363,ENZ_G001373,CMP_G001596,1,S3_P450Rdb,1,1,B,1,1,0,1,0
INT_G004364,ENZ_G001373,CMP_G001836,1,S3_P450Rdb,1,1,B,1,1,0,1,0
INT_G004365,ENZ_G001373,CMP_G002018,1,S3_P450Rdb,1,1,B,1,1,0,1,0
INT_G004366,ENZ_G001374,CMP_G000385,1,S1_RCSB|S3_P450Rdb,2,2,A,1,1,1,1,0
INT_G004367,ENZ_G001375,CMP_G000442,1,S8_PlantP450DB,1,1,B,1,0,0,1,0
INT_G004368,ENZ_G001375,CMP_G000606,1,S8_PlantP450DB,1,1,B,1,0,0,1,0
INT_G004369,ENZ_G001375,CMP_G000890,1,S8_PlantP450DB,1,1,B,1,0,0,1,0
INT_G004370,ENZ_G001375,CMP_G001955,1,S8_PlantP450DB,1,1,B,1,0,0,1,0
INT_G004371,ENZ_G001376,CMP_G000725,1,S8_PlantP450DB,1,1,B,1,0,0,1,0
INT_G004372,ENZ_G001376,CMP_G001654,1,S8_PlantP450DB,1,1,B,1,0,0,1,0
INT_G004373,ENZ_G001377,CMP_G000008,1,S3_P450Rdb,1,1,B,1,1,0,1,0
INT_G004374,ENZ_G001377,CMP_G000176,1,S8_PlantP450DB,1,1,B,1,0,0,1,0
INT_G004375,ENZ_G001377,CMP_G000632,1,S2_ESIBank|S8_PlantP450DB,2,2,B,1,0,0,1,0
INT_G004376,ENZ_G001377,CMP_G001250,1,S8_PlantP450DB,1,1,B,1,0,0,1,0
INT_G004377,ENZ_G001377,CMP_G001568,1,S2_ESIBank,1,1,B,0,0,0,1,0
INT_G004378,ENZ_G001378,CMP_G000887,1,S9_PCPD,1,1,B,0,0,0,1,0
INT_G004379,ENZ_G001379,CMP_G001292,1,S9_PCPD,1,1,B,0,0,0,1,0
INT_G004380,ENZ_G001379,CMP_G001637,1,S8_PlantP450DB,1,1,B,1,0,0,1,0
INT_G004381,ENZ_G001380,CMP_G001527,1,S9_PCPD,1,1,B,0,0,0,1,0
INT_G004382,ENZ_G001381,CMP_G000009,1,S3_P450Rdb,1,1,B,1,1,0,1,0
INT_G004383,ENZ_G001381,CMP_G000474,1,S3_P450Rdb,1,1,B,1,1,0,1,0
INT_G004384,ENZ_G001381,CMP_G000939,1,S3_P450Rdb,1,1,B,1,1,0,2,0
INT_G004385,ENZ_G001381,CMP_G001249,1,S3_P450Rdb,1,1,B,1,1,0,2,0
INT_G004386,ENZ_G001381,CMP_G001250,1,S9_PCPD,1,1,B,0,0,0,1,0
INT_G004387,ENZ_G001382,CMP_G000823,1,S8_PlantP450DB,1,1,B,1,0,0,1,0
INT_G004388,ENZ_G001383,CMP_G000751,1,S2_ESIBank,1,1,B,0,0,0,1,0
INT_G004389,ENZ_G001384,CMP_G001467,1,S3_P450Rdb,1,1,B,1,1,0,1,0
INT_G004390,ENZ_G001385,CMP_G000624,1,S8_PlantP450DB,1,1,B,1,0,0,1,0
INT_G004391,ENZ_G001386,CMP_G001547,1,S8_PlantP450DB,1,1,B,1,0,0,1,0
INT_G004392,ENZ_G001387,CMP_G001830,1,S9_PCPD,1,1,B,0,0,0,1,0
INT_G004393,ENZ_G001388,CMP_G000707,1,S9_PCPD,1,1,B,0,0,0,1,0
INT_G004394,ENZ_G001389,CMP_G001165,1,S3_P450Rdb,1,1,B,1,1,0,1,0
INT_G004395,ENZ_G001390,CMP_G001069,1,S9_PCPD,1,1,B,0,0,0,1,0
INT_G004396,ENZ_G001390,CMP_G001602,1,S9_PCPD,1,1,B,0,0,0,1,0
INT_G004397,ENZ_G001391,CMP_G000042,1,S9_PCPD,1,1,B,0,0,0,1,0
INT_G004398,ENZ_G001392,CMP_G000125,1,S8_PlantP450DB,1,1,B,1,0,0,1,0
INT_G004399,ENZ_G001392,CMP_G001360,1,S2_ESIBank|S3_P450Rdb|S8_PlantP450DB,3,3,B,1,1,0,1,0
INT_G004400,ENZ_G001393,CMP_G001132,1,S3_P450Rdb,1,1,B,1,1,0,1,0
INT_G004401,ENZ_G001393,CMP_G001133,1,S1_RCSB,1,1,A,0,0,1,1,0
INT_G004402,ENZ_G001393,CMP_G001305,1,S9_PCPD,1,1,B,0,0,0,1,0
INT_G004403,ENZ_G001394,CMP_G000996,1,S3_P450Rdb,1,1,B,1,1,0,1,0
INT_G004404,ENZ_G001394,CMP_G001226,1,S3_P450Rdb,1,1,B,1,1,0,1,0
INT_G004405,ENZ_G001395,CMP_G000607,1,S3_P450Rdb,1,1,B,1,1,0,1,0
INT_G004406,ENZ_G001395,CMP_G001491,1,S3_P450Rdb,1,1,B,1,1,0,1,0
INT_G004407,ENZ_G001396,CMP_G000911,1,S3_P450Rdb,1,1,B,0,1,0,2,0
INT_G004408,ENZ_G001396,CMP_G001033,1,S3_P450Rdb,1,1,B,0,1,0,1,0
INT_G004409,ENZ_G001396,CMP_G001880,1,S3_P450Rdb,1,1,B,0,1,0,1,0
INT_G004410,ENZ_G001397,CMP_G000189,1,S3_P450Rdb,1,1,B,1,1,0,1,0
INT_G004411,ENZ_G001397,CMP_G000209,1,S3_P450Rdb,1,1,B,1,1,0,1,0
INT_G004412,ENZ_G001398,CMP_G000206,1,S3_P450Rdb,1,1,B,1,1,0,1,0
INT_G004413,ENZ_G001398,CMP_G000310,1,S3_P450Rdb,1,1,B,1,1,0,1,0
INT_G004414,ENZ_G001398,CMP_G001420,1,S3_P450Rdb,1,1,B,1,1,0,1,0
INT_G004415,ENZ_G001399,CMP_G000737,1,S3_P450Rdb,1,1,B,1,1,0,1,0
INT_G004416,ENZ_G001400,CMP_G000507,1,S3_P450Rdb,1,1,B,1,1,0,5,0
INT_G004417,ENZ_G001400,CMP_G001126,1,S3_P450Rdb,1,1,B,1,1,0,3,0
INT_G004418,ENZ_G001400,CMP_G001331,1,S3_P450Rdb,1,1,B,1,1,0,2,0
INT_G004419,ENZ_G001401,CMP_G000607,1,S3_P450Rdb,1,1,B,1,1,0,1,0
INT_G004420,ENZ_G001401,CMP_G001491,1,S3_P450Rdb,1,1,B,1,1,0,1,0
INT_G004421,ENZ_G001402,CMP_G000737,1,S3_P450Rdb,1,1,B,1,1,0,1,0
INT_G004422,ENZ_G001403,CMP_G001226,1,S3_P450Rdb,1,1,B,1,1,0,1,0
INT_G004423,ENZ_G001404,CMP_G000452,1,S3_P450Rdb,1,1,B,1,1,0,1,0
INT_G004424,ENZ_G001405,CMP_G000355,1,S3_P450Rdb,1,1,B,1,1,0,1,0
INT_G004425,ENZ_G001405,CMP_G000445,1,S3_P450Rdb,1,1,B,1,1,0,1,0
INT_G004426,ENZ_G001405,CMP_G000620,1,S3_P450Rdb,1,1,B,1,1,0,1,0
INT_G004427,ENZ_G001405,CMP_G000999,1,S3_P450Rdb,1,1,B,1,1,0,1,0
INT_G004428,ENZ_G001405,CMP_G001054,1,S3_P450Rdb,1,1,B,1,1,0,3,0
INT_G004429,ENZ_G001405,CMP_G001861,1,S3_P450Rdb,1,1,B,1,1,0,1,0
INT_G004430,ENZ_G001406,CMP_G000911,1,S3_P450Rdb,1,1,B,0,1,0,2,0
INT_G004431,ENZ_G001406,CMP_G001033,1,S3_P450Rdb,1,1,B,0,1,0,1,0
INT_G004432,ENZ_G001406,CMP_G001880,1,S3_P450Rdb,1,1,B,0,1,0,1,0
INT_G004433,ENZ_G001407,CMP_G000533,1,S3_P450Rdb,1,1,B,1,1,0,1,0
INT_G004434,ENZ_G001407,CMP_G001781,1,S3_P450Rdb,1,1,B,1,1,0,1,0
INT_G004435,ENZ_G001408,CMP_G000996,1,S3_P450Rdb,1,1,B,1,1,0,1,0
INT_G004436,ENZ_G001409,CMP_G001075,1,S3_P450Rdb,1,1,B,0,1,0,1,0
INT_G004437,ENZ_G001409,CMP_G002041,1,S3_P450Rdb,1,1,B,0,0,0,1,0
INT_G004438,ENZ_G001410,CMP_G001075,1,S3_P450Rdb,1,1,B,0,1,0,1,0
INT_G004439,ENZ_G001410,CMP_G002041,1,S3_P450Rdb,1,1,B,0,0,0,1,0
INT_G004440,ENZ_G001411,CMP_G000348,1,S3_P450Rdb,1,1,B,1,1,0,1,0
INT_G004441,ENZ_G001411,CMP_G002020,1,S3_P450Rdb,1,1,B,1,1,0,1,0
INT_G004442,ENZ_G001412,CMP_G000052,1,S3_P450Rdb,1,1,B,0,1,0,1,0
INT_G004443,ENZ_G001412,CMP_G000089,1,S3_P450Rdb,1,1,B,0,1,0,1,0
INT_G004444,ENZ_G001412,CMP_G000272,1,S3_P450Rdb,1,1,B,0,1,0,1,0
INT_G004445,ENZ_G001412,CMP_G000287,1,S3_P450Rdb,1,1,B,0,1,0,1,0
INT_G004446,ENZ_G001412,CMP_G000559,1,S3_P450Rdb,1,1,B,0,1,0,1,0
INT_G004447,ENZ_G001412,CMP_G000563,1,S3_P450Rdb,1,1,B,0,1,0,1,0
INT_G004448,ENZ_G001412,CMP_G000642,1,S3_P450Rdb,1,1,B,0,1,0,1,0
INT_G004449,ENZ_G001412,CMP_G000785,1,S3_P450Rdb,1,1,B,0,1,0,1,0
INT_G004450,ENZ_G001412,CMP_G000826,1,S3_P450Rdb,1,1,B,0,1,0,1,0
INT_G004451,ENZ_G001412,CMP_G000942,1,S3_P450Rdb,1,1,B,0,1,0,1,0
INT_G004452,ENZ_G001412,CMP_G001086,1,S3_P450Rdb,1,1,B,0,1,0,1,0
INT_G004453,ENZ_G001412,CMP_G001311,1,S3_P450Rdb,1,1,B,0,1,0,1,0
INT_G004454,ENZ_G001412,CMP_G001338,1,S3_P450Rdb,1,1,B,0,1,0,1,0
INT_G004455,ENZ_G001412,CMP_G001407,1,S3_P450Rdb,1,1,B,0,1,0,1,0
INT_G004456,ENZ_G001412,CMP_G002077,1,S3_P450Rdb,1,1,B,0,1,0,1,0
INT_G004457,ENZ_G001412,CMP_G002113,1,S3_P450Rdb,1,1,B,0,1,0,1,0
INT_G004458,ENZ_G001412,CMP_G002124,1,S3_P450Rdb,1,1,B,0,1,0,1,0
INT_G004459,ENZ_G001413,CMP_G000752,1,S3_P450Rdb,1,1,B,1,1,0,1,0
INT_G004460,ENZ_G001413,CMP_G000969,1,S3_P450Rdb,1,1,B,1,1,0,1,0
INT_G004461,ENZ_G001413,CMP_G001270,1,S3_P450Rdb,1,1,B,1,1,0,1,0
INT_G004462,ENZ_G001414,CMP_G000996,1,S3_P450Rdb,1,1,B,1,1,0,1,0
INT_G004463,ENZ_G001414,CMP_G001226,1,S3_P450Rdb,1,1,B,1,1,0,1,0
INT_G004464,ENZ_G001415,CMP_G001781,1,S3_P450Rdb,1,1,B,1,1,0,1,0
INT_G004465,ENZ_G001415,CMP_G002036,1,S3_P450Rdb,1,1,B,1,1,0,1,0
INT_G004466,ENZ_G001416,CMP_G001818,1,S3_P450Rdb|S9_PCPD,2,2,B,1,0,0,1,0
INT_G004467,ENZ_G001417,CMP_G000442,1,S2_ESIBank,1,1,B,0,0,0,1,0
INT_G004468,ENZ_G001417,CMP_G000713,1,S2_ESIBank,1,1,B,0,0,0,1,0
INT_G004469,ENZ_G001417,CMP_G000890,1,S2_ESIBank,1,1,B,0,0,0,1,0
INT_G004470,ENZ_G001417,CMP_G001205,1,S2_ESIBank,1,1,B,0,0,0,1,0
INT_G004471,ENZ_G001418,CMP_G000258,1,S8_PlantP450DB,1,1,B,1,0,0,1,0
INT_G004472,ENZ_G001418,CMP_G000442,1,S2_ESIBank|S8_PlantP450DB,2,2,B,1,0,0,1,0
INT_G004473,ENZ_G001418,CMP_G000713,1,S2_ESIBank,1,1,B,0,0,0,1,0
INT_G004474,ENZ_G001418,CMP_G000890,1,S2_ESIBank,1,1,B,0,0,0,1,0
INT_G004475,ENZ_G001418,CMP_G001101,1,S2_ESIBank,1,1,B,0,0,0,1,0
INT_G004476,ENZ_G001418,CMP_G001205,1,S2_ESIBank,1,1,B,0,0,0,1,0
INT_G004477,ENZ_G001418,CMP_G001469,1,S8_PlantP450DB,1,1,B,1,0,0,1,0
INT_G004478,ENZ_G001419,CMP_G000258,1,S8_PlantP450DB,1,1,B,1,0,0,1,0
INT_G004479,ENZ_G001419,CMP_G000442,1,S8_PlantP450DB,1,1,B,1,0,0,1,0
INT_G004480,ENZ_G001419,CMP_G001204,1,S8_PlantP450DB,1,1,B,1,0,0,1,0
INT_G004481,ENZ_G001419,CMP_G001469,1,S8_PlantP450DB,1,1,B,1,0,0,1,0
INT_G004482,ENZ_G001420,CMP_G000258,1,S8_PlantP450DB,1,1,B,1,0,0,1,0
INT_G004483,ENZ_G001420,CMP_G000442,1,S8_PlantP450DB,1,1,B,1,0,0,1,0
INT_G004484,ENZ_G001420,CMP_G001204,1,S8_PlantP450DB,1,1,B,1,0,0,1,0
INT_G004485,ENZ_G001420,CMP_G001469,1,S8_PlantP450DB,1,1,B,1,0,0,1,0
INT_G004486,ENZ_G001421,CMP_G000415,1,S8_PlantP450DB|S9_PCPD,2,2,B,1,0,0,1,0
INT_G004487,ENZ_G001421,CMP_G000416,1,S3_P450Rdb,1,1,B,1,1,0,1,0
INT_G004488,ENZ_G001422,CMP_G000055,1,S2_ESIBank|S3_P450Rdb,2,2,B,1,1,0,1,0
INT_G004489,ENZ_G001422,CMP_G000241,1,S3_P450Rdb,1,1,B,1,1,0,1,0
INT_G004490,ENZ_G001423,CMP_G000338,1,S3_P450Rdb,1,1,B,1,1,0,1,0
INT_G004491,ENZ_G001423,CMP_G000339,1,S8_PlantP450DB,1,1,B,1,0,0,1,0
INT_G004492,ENZ_G001423,CMP_G000844,1,S2_ESIBank,1,1,B,0,0,0,1,0
INT_G004493,ENZ_G001424,CMP_G001301,1,S3_P450Rdb|S9_PCPD,2,2,B,1,1,0,2,0
INT_G004494,ENZ_G001425,CMP_G001068,1,S2_ESIBank,1,1,B,0,0,0,1,0
INT_G004495,ENZ_G001426,CMP_G000371,1,S3_P450Rdb|S9_PCPD,2,2,B,1,1,0,5,0
INT_G004496,ENZ_G001427,CMP_G000751,1,S2_ESIBank,1,1,B,0,0,0,1,0
INT_G004497,ENZ_G001428,CMP_G000881,1,S8_PlantP450DB,1,1,B,1,0,0,1,0
INT_G004498,ENZ_G001428,CMP_G001220,1,S8_PlantP450DB,1,1,B,1,0,0,1,0
INT_G004499,ENZ_G001428,CMP_G001221,1,S8_PlantP450DB,1,1,B,1,0,0,1,0
INT_G004500,ENZ_G001428,CMP_G001975,1,S8_PlantP450DB,1,1,B,1,0,0,1,0
INT_G004501,ENZ_G001429,CMP_G001975,1,S8_PlantP450DB,1,1,B,1,0,0,1,0
INT_G004502,ENZ_G001430,CMP_G000881,1,S8_PlantP450DB,1,1,B,1,0,0,1,0
INT_G004503,ENZ_G001430,CMP_G001220,1,S8_PlantP450DB,1,1,B,1,0,0,1,0
INT_G004504,ENZ_G001430,CMP_G001221,1,S8_PlantP450DB,1,1,B,1,0,0,1,0
INT_G004505,ENZ_G001430,CMP_G001975,1,S8_PlantP450DB,1,1,B,1,0,0,1,0
INT_G004506,ENZ_G001431,CMP_G001975,1,S8_PlantP450DB,1,1,B,1,0,0,1,0
INT_G004507,ENZ_G001432,CMP_G001975,1,S8_PlantP450DB,1,1,B,1,0,0,1,0
INT_G004508,ENZ_G001433,CMP_G000881,1,S8_PlantP450DB,1,1,B,1,0,0,1,0
INT_G004509,ENZ_G001433,CMP_G001220,1,S8_PlantP450DB,1,1,B,1,0,0,1,0
INT_G004510,ENZ_G001433,CMP_G001221,1,S8_PlantP450DB,1,1,B,1,0,0,1,0
INT_G004511,ENZ_G001433,CMP_G001975,1,S8_PlantP450DB,1,1,B,1,0,0,1,0
INT_G004512,ENZ_G001434,CMP_G000881,1,S8_PlantP450DB,1,1,B,1,0,0,1,0
INT_G004513,ENZ_G001434,CMP_G001220,1,S8_PlantP450DB,1,1,B,1,0,0,1,0
INT_G004514,ENZ_G001434,CMP_G001221,1,S8_PlantP450DB,1,1,B,1,0,0,1,0
INT_G004515,ENZ_G001434,CMP_G001975,1,S8_PlantP450DB,1,1,B,1,0,0,1,0
INT_G004516,ENZ_G001435,CMP_G000881,1,S3_P450Rdb|S8_PlantP450DB,2,2,B,1,1,0,1,0
INT_G004517,ENZ_G001435,CMP_G001220,1,S8_PlantP450DB,1,1,B,1,0,0,1,0
INT_G004518,ENZ_G001435,CMP_G001221,1,S8_PlantP450DB,1,1,B,1,0,0,1,0
INT_G004519,ENZ_G001435,CMP_G001975,1,S8_PlantP450DB,1,1,B,1,0,0,1,0
INT_G004520,ENZ_G001435,CMP_G001976,1,S3_P450Rdb,1,1,B,1,1,0,1,0
INT_G004521,ENZ_G001436,CMP_G000881,1,S8_PlantP450DB,1,1,B,1,0,0,1,0
INT_G004522,ENZ_G001436,CMP_G001220,1,S8_PlantP450DB,1,1,B,1,0,0,1,0
INT_G004523,ENZ_G001436,CMP_G001221,1,S8_PlantP450DB,1,1,B,1,0,0,1,0
INT_G004524,ENZ_G001436,CMP_G001975,1,S8_PlantP450DB,1,1,B,1,0,0,1,0
INT_G004525,ENZ_G001437,CMP_G000738,1,S8_PlantP450DB,1,1,B,1,0,0,1,0
INT_G004526,ENZ_G001438,CMP_G000472,1,S3_P450Rdb,1,1,B,1,1,0,1,0
INT_G004527,ENZ_G001438,CMP_G001301,1,S3_P450Rdb|S8_PlantP450DB|S9_PCPD,3,3,B,1,1,0,1,0
INT_G004528,ENZ_G001439,CMP_G000039,1,S8_PlantP450DB,1,2,B,1,0,0,1,0
INT_G004529,ENZ_G001439,CMP_G000228,1,S3_P450Rdb|S8_PlantP450DB|S9_PCPD,3,4,B,1,1,0,1,0
INT_G004530,ENZ_G001439,CMP_G000891,1,S8_PlantP450DB,1,2,B,1,0,0,1,0
INT_G004531,ENZ_G001439,CMP_G001417,1,S8_PlantP450DB,1,2,B,1,0,0,1,0
INT_G004532,ENZ_G001440,CMP_G000584,1,S2_ESIBank|S3_P450Rdb|S9_PCPD,3,3,B,1,1,0,1,0
INT_G004533,ENZ_G001441,CMP_G000436,1,S3_P450Rdb,1,1,B,1,0,0,1,0
INT_G004534,ENZ_G001441,CMP_G000738,1,S3_P450Rdb|S9_PCPD,2,2,B,1,1,0,1,0
INT_G004535,ENZ_G001442,CMP_G001332,1,S1_RCSB,1,1,A,0,0,1,1,0
INT_G004536,ENZ_G001443,CMP_G000047,1,S1_RCSB|S3_P450Rdb|S9_PCPD,3,3,A,1,1,1,1,0
INT_G004537,ENZ_G001444,CMP_G000228,1,S8_PlantP450DB,1,1,B,1,0,0,1,0
INT_G004538,ENZ_G001445,CMP_G001741,1,S9_PCPD,1,1,B,0,0,0,1,0
INT_G004539,ENZ_G001446,CMP_G000168,1,S3_P450Rdb|S9_PCPD,2,2,B,1,1,0,1,0
INT_G004540,ENZ_G001447,CMP_G000418,1,S3_P450Rdb,1,1,B,1,1,0,1,0
INT_G004541,ENZ_G001447,CMP_G000482,1,S3_P450Rdb|S9_PCPD,2,2,B,1,1,0,1,0
INT_G004542,ENZ_G001448,CMP_G000858,1,S2_ESIBank,1,1,B,0,0,0,1,0
INT_G004543,ENZ_G001449,CMP_G001644,1,S9_PCPD,1,1,B,0,0,0,1,0
INT_G004544,ENZ_G001450,CMP_G000080,1,S8_PlantP450DB,1,1,B,1,0,0,1,0
INT_G004545,ENZ_G001450,CMP_G000515,1,S3_P450Rdb|S8_PlantP450DB|S9_PCPD,3,3,B,1,1,0,1,0
INT_G004546,ENZ_G001450,CMP_G000517,1,S3_P450Rdb,1,1,B,1,1,0,1,0
INT_G004547,ENZ_G001451,CMP_G000194,1,S8_PlantP450DB,1,1,B,1,0,0,1,0
INT_G004548,ENZ_G001451,CMP_G000269,1,S8_PlantP450DB,1,1,B,1,0,0,1,0
INT_G004549,ENZ_G001451,CMP_G000433,1,S8_PlantP450DB,1,1,B,1,0,0,1,0
INT_G004550,ENZ_G001451,CMP_G000499,1,S8_PlantP450DB,1,1,B,1,0,0,1,0
INT_G004551,ENZ_G001451,CMP_G000579,1,S8_PlantP450DB,1,1,B,1,0,0,1,0
INT_G004552,ENZ_G001451,CMP_G001147,1,S8_PlantP450DB,1,1,B,1,0,0,1,0
INT_G004553,ENZ_G001451,CMP_G001148,1,S3_P450Rdb,1,1,B,1,1,0,1,0
INT_G004554,ENZ_G001451,CMP_G001218,1,S2_ESIBank|S8_PlantP450DB,2,2,B,1,0,0,1,0
INT_G004555,ENZ_G001451,CMP_G001330,1,S8_PlantP450DB,1,1,B,1,0,0,1,0
INT_G004556,ENZ_G001451,CMP_G001853,1,S9_PCPD,1,1,B,0,0,0,1,0
INT_G004557,ENZ_G001452,CMP_G000498,1,S3_P450Rdb,1,1,B,0,1,0,2,0
INT_G004558,ENZ_G001453,CMP_G000751,1,S2_ESIBank,1,1,B,0,0,0,1,0
INT_G004559,ENZ_G001454,CMP_G000595,1,S3_P450Rdb|S8_PlantP450DB,2,2,B,1,1,0,1,0
INT_G004560,ENZ_G001454,CMP_G000596,1,S3_P450Rdb,1,1,B,1,1,0,1,0
INT_G004561,ENZ_G001454,CMP_G000872,1,S9_PCPD,1,1,B,0,0,0,1,0
INT_G004562,ENZ_G001455,CMP_G000595,1,S3_P450Rdb|S8_PlantP450DB|S9_PCPD,3,3,B,1,1,0,1,0
INT_G004563,ENZ_G001455,CMP_G000871,1,S3_P450Rdb,1,1,B,1,1,0,1,0
INT_G004564,ENZ_G001455,CMP_G000872,1,S8_PlantP450DB|S9_PCPD,2,2,B,1,0,0,1,0
INT_G004565,ENZ_G001456,CMP_G000595,1,S9_PCPD,1,1,B,0,0,0,1,0
INT_G004566,ENZ_G001456,CMP_G000623,1,S3_P450Rdb,1,1,B,1,1,0,1,0
INT_G004567,ENZ_G001456,CMP_G000624,1,S2_ESIBank,1,1,B,0,0,0,1,0
INT_G004568,ENZ_G001457,CMP_G001888,1,S3_P450Rdb,1,1,B,1,1,0,1,0
INT_G004569,ENZ_G001457,CMP_G001889,1,S9_PCPD,1,1,B,0,0,0,1,0
INT_G004570,ENZ_G001458,CMP_G002051,1,S9_PCPD,1,1,B,0,0,0,1,0
INT_G004571,ENZ_G001459,CMP_G001825,1,S9_PCPD,1,1,B,0,0,0,1,0
INT_G004572,ENZ_G001460,CMP_G000125,1,S9_PCPD,1,1,B,0,0,0,1,0
INT_G004573,ENZ_G001461,CMP_G001762,1,S9_PCPD,1,1,B,0,0,0,1,0
INT_G004574,ENZ_G001462,CMP_G001784,1,S9_PCPD,1,1,B,0,0,0,1,0
INT_G004575,ENZ_G001463,CMP_G001870,1,S9_PCPD,1,1,B,0,0,0,1,0
INT_G004576,ENZ_G001464,CMP_G000683,1,S9_PCPD,1,1,B,0,0,0,1,0
INT_G004577,ENZ_G001465,CMP_G000125,1,S9_PCPD,1,1,B,0,0,0,1,0
INT_G004578,ENZ_G001466,CMP_G001250,1,S9_PCPD,1,1,B,0,0,0,1,0
INT_G004579,ENZ_G001467,CMP_G000607,1,S9_PCPD,1,1,B,0,0,0,1,0
INT_G004580,ENZ_G001468,CMP_G001818,1,S9_PCPD,1,1,B,0,0,0,1,0
INT_G004581,ENZ_G001469,CMP_G001625,1,S9_PCPD,1,1,B,0,0,0,1,0
INT_G004582,ENZ_G001470,CMP_G000607,1,S9_PCPD,1,1,B,0,0,0,1,0
INT_G004583,ENZ_G001471,CMP_G001250,1,S9_PCPD,1,1,B,0,0,0,1,0
INT_G004584,ENZ_G001472,CMP_G000833,1,S9_PCPD,1,1,B,0,0,0,1,0
INT_G004585,ENZ_G001473,CMP_G000151,1,S9_PCPD,1,1,B,0,0,0,1,0
INT_G004586,ENZ_G001474,CMP_G000443,1,S9_PCPD,1,1,B,0,0,0,1,0
INT_G004587,ENZ_G001475,CMP_G001024,1,S9_PCPD,1,1,B,0,0,0,1,0
INT_G004588,ENZ_G001476,CMP_G000593,1,S9_PCPD,1,1,B,0,0,0,1,0
INT_G004589,ENZ_G001477,CMP_G000689,1,S9_PCPD,1,1,B,0,0,0,1,0
INT_G004590,ENZ_G001478,CMP_G002015,1,S9_PCPD,1,1,B,0,0,0,1,0
INT_G004591,ENZ_G001479,CMP_G001587,1,S9_PCPD,1,1,B,0,0,0,1,0
INT_G004592,ENZ_G001480,CMP_G002085,1,S9_PCPD,1,1,B,0,0,0,1,0
INT_G004593,ENZ_G001481,CMP_G001818,1,S9_PCPD,1,1,B,0,0,0,1,0
INT_G004594,ENZ_G001482,CMP_G001056,1,S9_PCPD,1,1,B,0,0,0,1,0
INT_G004595,ENZ_G001483,CMP_G001786,1,S9_PCPD,1,1,B,0,0,0,1,0
INT_G004596,ENZ_G001484,CMP_G001369,1,S9_PCPD,1,1,B,0,0,0,1,0
INT_G004597,ENZ_G001485,CMP_G000425,1,S9_PCPD,1,1,B,0,0,0,1,0
INT_G004598,ENZ_G001486,CMP_G000279,1,S9_PCPD,1,1,B,0,0,0,1,0
INT_G004599,ENZ_G001486,CMP_G001405,1,S9_PCPD,1,1,B,0,0,0,1,0
INT_G004600,ENZ_G001487,CMP_G000497,1,S9_PCPD,1,1,B,0,0,0,1,0
INT_G004601,ENZ_G001487,CMP_G000499,1,S9_PCPD,1,1,B,0,0,0,1,0
INT_G004602,ENZ_G001488,CMP_G001464,1,S9_PCPD,1,1,B,0,0,0,1,0
INT_G004603,ENZ_G001489,CMP_G000436,1,S9_PCPD,1,1,B,0,0,0,1,0
INT_G004604,ENZ_G001489,CMP_G000738,1,S9_PCPD,1,1,B,0,0,0,1,0
INT_G004605,ENZ_G001490,CMP_G001455,1,S9_PCPD,1,1,B,0,0,0,1,0
INT_G004606,ENZ_G001491,CMP_G001250,1,S9_PCPD,1,1,B,0,0,0,1,0
INT_G004607,ENZ_G001492,CMP_G000607,1,S9_PCPD,1,1,B,0,0,0,1,0
INT_G004608,ENZ_G001493,CMP_G002100,1,S9_PCPD,1,1,B,0,0,0,1,0
INT_G004609,ENZ_G001494,CMP_G002076,1,S9_PCPD,1,1,B,0,0,0,1,0
INT_G004610,ENZ_G001495,CMP_G001024,1,S9_PCPD,1,1,B,0,0,0,1,0
INT_G004611,ENZ_G001496,CMP_G001825,1,S9_PCPD,1,1,B,0,0,0,1,0
INT_G004612,ENZ_G001497,CMP_G001068,1,S9_PCPD,1,1,B,0,0,0,1,0
INT_G004613,ENZ_G001498,CMP_G000685,1,S9_PCPD,1,1,B,0,0,0,1,0
INT_G004614,ENZ_G001499,CMP_G000628,1,S9_PCPD,1,1,B,0,0,0,1,0
INT_G004615,ENZ_G001500,CMP_G000080,1,S9_PCPD,1,1,B,0,0,0,1,0
INT_G004616,ENZ_G001501,CMP_G001924,1,S9_PCPD,1,1,B,0,0,0,1,0
INT_G004617,ENZ_G001502,CMP_G000194,1,S9_PCPD,1,1,B,0,0,0,1,0
INT_G004618,ENZ_G001503,CMP_G000970,1,S9_PCPD,1,1,B,0,0,0,1,0
INT_G004619,ENZ_G001504,CMP_G000277,1,S9_PCPD,1,1,B,0,0,0,1,0
INT_G004620,ENZ_G001505,CMP_G000996,1,S9_PCPD,1,1,B,0,0,0,1,0
INT_G004621,ENZ_G001506,CMP_G001024,1,S9_PCPD,1,1,B,0,0,0,1,0
INT_G004622,ENZ_G001507,CMP_G000497,1,S9_PCPD,1,1,B,0,0,0,1,0
INT_G004623,ENZ_G001508,CMP_G001024,1,S9_PCPD,1,1,B,0,0,0,1,0
INT_G004624,ENZ_G001509,CMP_G002051,1,S9_PCPD,1,1,B,0,0,0,1,0
INT_G004625,ENZ_G001510,CMP_G000461,1,S9_PCPD,1,1,B,0,0,0,1,0
INT_G004626,ENZ_G001510,CMP_G000669,1,S9_PCPD,1,1,B,0,0,0,1,0
INT_G004627,ENZ_G001511,CMP_G000685,1,S9_PCPD,1,1,B,0,0,0,1,0
INT_G004628,ENZ_G001512,CMP_G000884,1,S9_PCPD,1,1,B,0,0,0,1,0
INT_G004629,ENZ_G001513,CMP_G001395,1,S9_PCPD,1,1,B,0,0,0,1,0
INT_G004630,ENZ_G001514,CMP_G001250,1,S9_PCPD,1,1,B,0,0,0,1,0
INT_G004631,ENZ_G001515,CMP_G002076,1,S9_PCPD,1,1,B,0,0,0,1,0
INT_G004632,ENZ_G001516,CMP_G000336,1,S9_PCPD,1,1,B,0,0,0,1,0
INT_G004633,ENZ_G001517,CMP_G001762,1,S9_PCPD,1,1,B,0,0,0,1,0
INT_G004634,ENZ_G001518,CMP_G001117,1,S9_PCPD,1,1,B,0,0,0,1,0
INT_G004635,ENZ_G001519,CMP_G000462,1,S9_PCPD,1,1,B,0,0,0,1,0
INT_G004636,ENZ_G001520,CMP_G000988,1,S9_PCPD,1,1,B,0,0,0,1,0
INT_G004637,ENZ_G001520,CMP_G001389,1,S9_PCPD,1,1,B,0,0,0,1,0
INT_G004638,ENZ_G001521,CMP_G001250,1,S9_PCPD,1,1,B,0,0,0,1,0
INT_G004639,ENZ_G001522,CMP_G002113,1,S9_PCPD,1,1,B,0,0,0,1,0
INT_G004640,ENZ_G001523,CMP_G000791,1,S9_PCPD,1,1,B,0,0,0,1,0
INT_G004641,ENZ_G001523,CMP_G001460,1,S9_PCPD,1,1,B,0,0,0,1,0
INT_G004642,ENZ_G001523,CMP_G001878,1,S9_PCPD,1,1,B,0,0,0,1,0
INT_G004643,ENZ_G001523,CMP_G001893,1,S9_PCPD,1,1,B,0,0,0,1,0
INT_G004644,ENZ_G001524,CMP_G000471,1,S9_PCPD,1,1,B,0,0,0,1,0
INT_G004645,ENZ_G001525,CMP_G000141,1,S9_PCPD,1,1,B,0,0,0,1,0
INT_G004646,ENZ_G001525,CMP_G001942,1,S9_PCPD,1,1,B,0,0,0,1,0
INT_G004647,ENZ_G001526,CMP_G000164,1,S9_PCPD,1,1,B,0,0,0,1,0
INT_G004648,ENZ_G001527,CMP_G000607,1,S9_PCPD,1,1,B,0,0,0,1,0
INT_G004649,ENZ_G001528,CMP_G001525,1,S9_PCPD,1,1,B,0,0,0,1,0
INT_G004650,ENZ_G001529,CMP_G000607,1,S9_PCPD,1,1,B,0,0,0,1,0
INT_G004651,ENZ_G001530,CMP_G000798,1,S9_PCPD,1,1,B,0,0,0,1,0
INT_G004652,ENZ_G001531,CMP_G001464,1,S9_PCPD,1,1,B,0,0,0,1,0
INT_G004653,ENZ_G001532,CMP_G001024,1,S9_PCPD,1,1,B,0,0,0,1,0
INT_G004654,ENZ_G001533,CMP_G000143,1,S9_PCPD,1,1,B,0,0,0,1,0
INT_G004655,ENZ_G001534,CMP_G001125,1,S9_PCPD,1,1,B,0,0,0,1,0
INT_G004656,ENZ_G001535,CMP_G000607,1,S9_PCPD,1,1,B,0,0,0,1,0
INT_G004657,ENZ_G001536,CMP_G001250,1,S9_PCPD,1,1,B,0,0,0,1,0
INT_G004658,ENZ_G001537,CMP_G000195,1,S9_PCPD,1,1,B,0,0,0,1,0
INT_G004659,ENZ_G001538,CMP_G000607,1,S9_PCPD,1,1,B,0,0,0,1,0
INT_G004660,ENZ_G001539,CMP_G000607,1,S9_PCPD,1,1,B,0,0,0,1,0
INT_G004661,ENZ_G001540,CMP_G001250,1,S9_PCPD,1,1,B,0,0,0,1,0
INT_G004662,ENZ_G001541,CMP_G000429,1,S9_PCPD,1,1,B,0,0,0,1,0
INT_G004663,ENZ_G001542,CMP_G001068,1,S9_PCPD,1,1,B,0,0,0,1,0
INT_G004664,ENZ_G001543,CMP_G000208,1,S9_PCPD,1,1,B,0,0,0,1,0
INT_G004665,ENZ_G001544,CMP_G001165,1,S9_PCPD,1,1,B,0,0,0,1,0
INT_G004666,ENZ_G001545,CMP_G000502,1,S9_PCPD,1,1,B,0,0,0,1,0
INT_G004667,ENZ_G001546,CMP_G001117,1,S9_PCPD,1,1,B,0,0,0,1,0
INT_G004668,ENZ_G001547,CMP_G000219,1,S9_PCPD,1,1,B,0,0,0,1,0
INT_G004669,ENZ_G001548,CMP_G001490,1,S9_PCPD,1,1,B,0,0,0,1,0
INT_G004670,ENZ_G001549,CMP_G000773,1,S9_PCPD,1,1,B,0,0,0,1,0
INT_G004671,ENZ_G001550,CMP_G000988,1,S9_PCPD,1,1,B,0,0,0,1,0
INT_G004672,ENZ_G001550,CMP_G001389,1,S9_PCPD,1,1,B,0,0,0,1,0
INT_G004673,ENZ_G001551,CMP_G000336,1,S9_PCPD,1,1,B,0,0,0,1,0
INT_G004674,ENZ_G001552,CMP_G001882,1,S9_PCPD,1,1,B,0,0,0,1,0
INT_G004675,ENZ_G001553,CMP_G001165,1,S9_PCPD,1,1,B,0,0,0,1,0
INT_G004676,ENZ_G001554,CMP_G001824,1,S9_PCPD,1,1,B,0,0,0,1,0
INT_G004677,ENZ_G001555,CMP_G000738,1,S9_PCPD,1,1,B,0,0,0,1,0
INT_G004678,ENZ_G001555,CMP_G002048,1,S9_PCPD,1,1,B,0,0,0,1,0
INT_G004679,ENZ_G001556,CMP_G000057,1,S9_PCPD,1,1,B,0,0,0,1,0
INT_G004680,ENZ_G001557,CMP_G000551,1,S9_PCPD,1,1,B,0,0,0,1,0
INT_G004681,ENZ_G001558,CMP_G000329,1,S9_PCPD,1,1,B,0,0,0,1,0
INT_G004682,ENZ_G001559,CMP_G001960,1,S9_PCPD,1,1,B,0,0,0,1,0
INT_G004683,ENZ_G001560,CMP_G001719,1,S9_PCPD,1,1,B,0,0,0,1,0
INT_G004684,ENZ_G001561,CMP_G000662,1,S9_PCPD,1,1,B,0,0,0,1,0
INT_G004685,ENZ_G001562,CMP_G001154,1,S9_PCPD,1,1,B,0,0,0,1,0
INT_G004686,ENZ_G001562,CMP_G001900,1,S9_PCPD,1,1,B,0,0,0,1,0
INT_G004687,ENZ_G001563,CMP_G001165,1,S9_PCPD,1,1,B,0,0,0,1,0
INT_G004688,ENZ_G001564,CMP_G001250,1,S9_PCPD,1,1,B,0,0,0,1,0
INT_G004689,ENZ_G001565,CMP_G000018,1,S9_PCPD,1,1,B,0,0,0,1,0
INT_G004690,ENZ_G001566,CMP_G001250,1,S9_PCPD,1,1,B,0,0,0,1,0
INT_G004691,ENZ_G001567,CMP_G001063,1,S9_PCPD,1,1,B,0,0,0,1,0
INT_G004692,ENZ_G001568,CMP_G000495,1,S9_PCPD,1,1,B,0,0,0,1,0
INT_G004693,ENZ_G001569,CMP_G000194,1,S9_PCPD,1,1,B,0,0,0,1,0
INT_G004694,ENZ_G001570,CMP_G000228,1,S9_PCPD,1,1,B,0,0,0,1,0
INT_G004695,ENZ_G001571,CMP_G001405,1,S9_PCPD,1,1,B,0,0,0,1,0
INT_G004696,ENZ_G001572,CMP_G002008,1,S9_PCPD,1,1,B,0,0,0,1,0
INT_G004697,ENZ_G001573,CMP_G001684,1,S9_PCPD,1,1,B,0,0,0,1,0
INT_G004698,ENZ_G001574,CMP_G001682,1,S9_PCPD,1,1,B,0,0,0,1,0
INT_G004699,ENZ_G001575,CMP_G001250,1,S9_PCPD,1,1,B,0,0,0,1,0
INT_G004700,ENZ_G001576,CMP_G001024,1,S9_PCPD,1,1,B,0,0,0,1,0
INT_G004701,ENZ_G001577,CMP_G001883,1,S9_PCPD,1,1,B,0,0,0,1,0
INT_G004702,ENZ_G001578,CMP_G001165,1,S9_PCPD,1,1,B,0,0,0,1,0
INT_G004703,ENZ_G001579,CMP_G001651,1,S9_PCPD,1,1,B,0,0,0,1,0
INT_G004704,ENZ_G001580,CMP_G001684,1,S9_PCPD,1,1,B,0,0,0,1,0
INT_G004705,ENZ_G001581,CMP_G001263,1,S9_PCPD,1,1,B,0,0,0,1,0
INT_G004706,ENZ_G001582,CMP_G000334,1,S9_PCPD,1,1,B,0,0,0,1,0
INT_G004707,ENZ_G001583,CMP_G001009,1,S9_PCPD,1,1,B,0,0,0,1,0
INT_G004708,ENZ_G001584,CMP_G001803,1,S9_PCPD,1,1,B,0,0,0,1,0
INT_G004709,ENZ_G001585,CMP_G000577,1,S9_PCPD,1,1,B,0,0,0,1,0
INT_G004710,ENZ_G001586,CMP_G000451,1,S9_PCPD,1,1,B,0,0,0,1,0
INT_G004711,ENZ_G001587,CMP_G000992,1,S9_PCPD,1,1,B,0,0,0,1,0
INT_G004712,ENZ_G001588,CMP_G001770,1,S9_PCPD,1,1,B,0,0,0,1,0
INT_G004713,ENZ_G001589,CMP_G000277,1,S9_PCPD,1,1,B,0,0,0,1,0
INT_G004714,ENZ_G001590,CMP_G001552,1,S9_PCPD,1,1,B,0,0,0,1,0
INT_G004715,ENZ_G001591,CMP_G000194,1,S9_PCPD,1,1,B,0,0,0,1,0
INT_G004716,ENZ_G001592,CMP_G000532,1,S9_PCPD,1,1,B,0,0,0,1,0
INT_G004717,ENZ_G001592,CMP_G000551,1,S9_PCPD,1,1,B,0,0,0,1,0
INT_G004718,ENZ_G001593,CMP_G001499,1,S9_PCPD,1,1,B,0,0,0,1,0
INT_G004719,ENZ_G001593,CMP_G001587,1,S9_PCPD,1,1,B,0,0,0,1,0
INT_G004720,ENZ_G001594,CMP_G001836,1,S9_PCPD,1,1,B,0,0,0,1,0
INT_G004721,ENZ_G001595,CMP_G002051,1,S9_PCPD,1,1,B,0,0,0,1,0
INT_G004722,ENZ_G001596,CMP_G000524,1,S9_PCPD,1,1,B,0,0,0,1,0
INT_G004723,ENZ_G001597,CMP_G001506,1,S9_PCPD,1,1,B,0,0,0,1,0
INT_G004724,ENZ_G001598,CMP_G000748,1,S9_PCPD,1,1,B,0,0,0,1,0
INT_G004725,ENZ_G001599,CMP_G000138,1,S9_PCPD,1,1,B,0,0,0,1,0
INT_G004726,ENZ_G001600,CMP_G001818,1,S9_PCPD,1,1,B,0,0,0,1,0
INT_G004727,ENZ_G001601,CMP_G000607,1,S9_PCPD,1,1,B,0,0,0,1,0
INT_G004728,ENZ_G001602,CMP_G000429,1,S9_PCPD,1,1,B,0,0,0,1,0
INT_G004729,ENZ_G001603,CMP_G000677,1,S9_PCPD,1,1,B,0,0,0,1,0
INT_G004730,ENZ_G001604,CMP_G000118,1,S9_PCPD,1,1,B,0,0,0,1,0
INT_G004731,ENZ_G001604,CMP_G000297,1,S9_PCPD,1,1,B,0,0,0,1,0
INT_G004732,ENZ_G001604,CMP_G001156,1,S9_PCPD,1,1,B,0,0,0,1,0
INT_G004733,ENZ_G001605,CMP_G001252,1,S9_PCPD,1,1,B,0,0,0,1,0
INT_G004734,ENZ_G001606,CMP_G001623,1,S9_PCPD,1,1,B,0,0,0,1,0
INT_G004735,ENZ_G001607,CMP_G001770,1,S9_PCPD,1,1,B,0,0,0,1,0
INT_G004736,ENZ_G001608,CMP_G001732,1,S9_PCPD,1,1,B,0,0,0,1,0
INT_G004737,ENZ_G001609,CMP_G001684,1,S9_PCPD,1,1,B,0,0,0,1,0
INT_G004738,ENZ_G001610,CMP_G001456,1,S9_PCPD,1,1,B,0,0,0,1,0
INT_G004739,ENZ_G001611,CMP_G000716,1,S9_PCPD,1,1,B,0,0,0,1,0
INT_G004740,ENZ_G001612,CMP_G001189,1,S9_PCPD,1,1,B,0,0,0,1,0
INT_G004741,ENZ_G001613,CMP_G000429,1,S9_PCPD,1,1,B,0,0,0,1,0
INT_G004742,ENZ_G001614,CMP_G001565,1,S9_PCPD,1,1,B,0,0,0,1,0
INT_G004743,ENZ_G001615,CMP_G000167,1,S9_PCPD,1,1,B,0,0,0,1,0
INT_G004744,ENZ_G001616,CMP_G001442,1,S9_PCPD,1,1,B,0,0,0,1,0
INT_G004745,ENZ_G001617,CMP_G001752,1,S9_PCPD,1,1,B,0,0,0,1,0
INT_G004746,ENZ_G001618,CMP_G000429,1,S9_PCPD,1,1,B,0,0,0,1,0
INT_G004747,ENZ_G001619,CMP_G001067,1,S9_PCPD,1,1,B,0,0,0,1,0
INT_G004748,ENZ_G001620,CMP_G000751,1,S9_PCPD,1,1,B,0,0,0,1,0
INT_G004749,ENZ_G001621,CMP_G000607,1,S9_PCPD,1,1,B,0,0,0,1,0
INT_G004750,ENZ_G001621,CMP_G001117,1,S9_PCPD,1,1,B,0,0,0,1,0
INT_G004751,ENZ_G001622,CMP_G001882,1,S9_PCPD,1,1,B,0,0,0,1,0
