global_enzyme_id,canonical_uniprot_id,source_category,structure_source,status,has_heme,alphafill_id,template_pdb,sequence_identity,global_rmsd,local_rmsd,clash_score,alphafill_json_path,alphafill_cif_path,existing_pdb_path,needs_colabfold,notes,alphafold_pdb_path,heme_transplant_pdb_path,heme_fe_x,heme_fe_y,heme_fe_z
ENZ_G000001,A0A017SR40,alphafill_candidate,alphafill,downloaded_with_heme,1,A0A017SR40-F1,7X2Q,0.277778,1.91973,0.40359,0.763691,data\structures\alphafill\json\A0A017SR40-F1.json,data\structures\alphafill\cif\A0A017SR40-F1.cif,,0,,,,,,
ENZ_G000002,A0A024FAV2,alphafill_candidate,alphafold_heme_transplant,heme_transplanted,1,A0A024FAV2-F1,ENZ_G000503,0.587,5.29,,,,,,0,"qc=bad, n_ca=521, template=B6ST45",data\structures\alphafold\pdb\AF-A0A024FAV2-F1.pdb,data\structures\heme_transplant\pdb\ENZ_G000002_heme.pdb,5.417,-1.315,-4.623
ENZ_G000003,A0A024FAY2,alphafill_candidate,alphafold_heme_transplant,heme_transplanted,1,A0A024FAY2-F1,ENZ_G000503,0.594,5.16,,,,,,0,"qc=bad, n_ca=518, template=B6ST45",data\structures\alphafold\pdb\AF-A0A024FAY2-F1.pdb,data\structures\heme_transplant\pdb\ENZ_G000003_heme.pdb,5.082,-1.543,-3.508
ENZ_G000004,A0A059WMF6,alphafill_candidate,alphafold_heme_transplant,heme_transplanted,1,A0A059WMF6-F1,ENZ_G000637,0.761,3.93,,,,,,0,"qc=warn, n_ca=490, template=F8S1I0",data\structures\alphafold\pdb\AF-A0A059WMF6-F1.pdb,data\structures\heme_transplant\pdb\ENZ_G000004_heme.pdb,1.263,-4.557,1.027
ENZ_G000005,A0A067DE75,alphafill_candidate,alphafill,downloaded_with_heme,1,A0A067DE75-F1,8X1W,0.368421,2.44856,3.3719,0.469863,data\structures\alphafill\json\A0A067DE75-F1.json,data\structures\alphafill\cif\A0A067DE75-F1.cif,,0,,,,,,
ENZ_G000006,A0A067DT54,alphafill_candidate,alphafill,downloaded_with_heme,1,A0A067DT54-F1,6A17,0.283784,3.21976,0.907996,0.508816,data\structures\alphafill\json\A0A067DT54-F1.json,data\structures\alphafill\cif\A0A067DT54-F1.cif,,0,,,,,,
ENZ_G000007,A0A067E1K2,alphafill_candidate,alphafill,downloaded_with_heme,1,A0A067E1K2-F1,1PQ2,0.318584,3.69178,0.258356,0.689733,data\structures\alphafill\json\A0A067E1K2-F1.json,data\structures\alphafill\cif\A0A067E1K2-F1.cif,,0,,,,,,
ENZ_G000008,A0A067ELB0,alphafill_candidate,alphafold_heme_transplant,heme_transplanted,1,A0A067ELB0-F1,ENZ_G000104,0.212,10.52,,,,,,0,"qc=bad, n_ca=440, template=A0A0S2II38",data\structures\alphafold\pdb\AF-A0A067ELB0-F1.pdb,data\structures\heme_transplant\pdb\ENZ_G000008_heme.pdb,0.640,-6.470,1.586
ENZ_G000009,A0A067F4I6,alphafill_candidate,alphafold_heme_transplant,heme_transplanted,1,A0A067F4I6-F1,ENZ_G001592,0.242,14.34,,,,,,0,"qc=bad, n_ca=469, template=",data\structures\alphafold\pdb\AF-A0A067F4I6-F1.pdb,data\structures\heme_transplant\pdb\ENZ_G000009_heme.pdb,3.645,-4.976,0.689
ENZ_G000010,A0A067GFT7,alphafill_candidate,alphafold_heme_transplant,heme_transplanted,1,A0A067GFT7-F1,ENZ_G000803,0.231,7.04,,,,,,0,"qc=bad, n_ca=472, template=P0DO22",data\structures\alphafold\pdb\AF-A0A067GFT7-F1.pdb,data\structures\heme_transplant\pdb\ENZ_G000010_heme.pdb,3.512,-3.523,0.285
ENZ_G000011,A0A067L1K9,alphafill_candidate,alphafold_heme_transplant,heme_transplanted,1,A0A067L1K9-F1,ENZ_G000516,0.357,27.43,,,,,,0,"qc=bad, n_ca=467, template=B9RHW6",data\structures\alphafold\pdb\AF-A0A067L1K9-F1.pdb,data\structures\heme_transplant\pdb\ENZ_G000011_heme.pdb,6.749,2.619,-6.907
ENZ_G000012,A0A067L546,pcpd_predicted,pcpd_predicted,pcpd_predicted,1,,,,,,,,,pcpd/CYP71D495.pdb,0,,,,,,
ENZ_G000013,A0A067LCX8,pcpd_predicted,pcpd_predicted,pcpd_predicted,1,,,,,,,,,pcpd/CYP726A20.pdb,0,,,,,,
ENZ_G000014,A0A067ZUX1,alphafill_candidate,alphafold_heme_transplant,heme_transplanted,1,A0A067ZUX1-F1,ENZ_G000155,0.149,45.22,,,,,,0,"qc=bad, n_ca=531, template=A0A1D6HSP4",data\structures\alphafold\pdb\AF-A0A067ZUX1-F1.pdb,data\structures\heme_transplant\pdb\ENZ_G000014_heme.pdb,4.063,5.705,-6.218
ENZ_G000015,A0A068Q605,alphafill_candidate,alphafill,downloaded_with_heme,1,A0A068Q605-F1,5YLW,0.290023,3.23487,1.43091,0.394649,data\structures\alphafill\json\A0A068Q605-F1.json,data\structures\alphafill\cif\A0A068Q605-F1.cif,,0,,,,,,
ENZ_G000016,A0A068Q609,pcpd_predicted,pcpd_predicted,pcpd_predicted,1,,,,,,,,,pcpd/CYP71AN24.pdb,0,,,,,,
ENZ_G000017,A0A068Q7V0,alphafill_candidate,alphafill,downloaded_with_heme,1,A0A068Q7V0-F1,8E83,0.266807,6.3818,4.71277,0.468489,data\structures\alphafill\json\A0A068Q7V0-F1.json,data\structures\alphafill\cif\A0A068Q7V0-F1.cif,,0,,,,,,
ENZ_G000018,A0A072UPL5,alphafill_candidate,alphafold_heme_transplant,heme_transplanted,1,A0A072UPL5-F1,ENZ_G001351,0.643,4.35,,,,,,0,"qc=warn, n_ca=490, template=Q9SXS3",data\structures\alphafold\pdb\AF-A0A072UPL5-F1.pdb,data\structures\heme_transplant\pdb\ENZ_G000018_heme.pdb,3.604,-1.043,2.929
ENZ_G000019,A0A072V9E9,alphafill_candidate,alphafold_heme_transplant,heme_transplanted,1,A0A072V9E9-F1,ENZ_G001009,0.857,1.13,,,,,,0,"qc=good, n_ca=520, template=Q2MJ19",data\structures\alphafold\pdb\AF-A0A072V9E9-F1.pdb,data\structures\heme_transplant\pdb\ENZ_G000019_heme.pdb,4.870,5.566,12.951
ENZ_G000020,A0A075TMP8,alphafill_candidate,alphafill,downloaded_with_heme,1,A0A075TMP8-F1,1PQ2,0.303279,3.61936,0.677483,0.802877,data\structures\alphafill\json\A0A075TMP8-F1.json,data\structures\alphafill\cif\A0A075TMP8-F1.cif,,0,,,,,,
ENZ_G000021,A0A075TRL5,alphafill_candidate,alphafill,downloaded_with_heme,1,A0A075TRL5-F1,4GQS,0.333333,2.31318,2.16473,0.79197,data\structures\alphafill\json\A0A075TRL5-F1.json,data\structures\alphafill\cif\A0A075TRL5-F1.cif,,0,,,,,,
ENZ_G000022,A0A076MY51,experimental_pdb,experimental_pdb,experimental_pdb,1,,,,,,,,,s1_rcsb/5NCB,0,,,,,,
ENZ_G000023,A0A076U5L2,alphafill_candidate,alphafold_heme_transplant,heme_transplanted,1,A0A076U5L2-F1,ENZ_G001057,0.987,2.17,,,,,,0,"qc=good, n_ca=481, template=Q50EK6",data\structures\alphafold\pdb\AF-A0A076U5L2-F1.pdb,data\structures\heme_transplant\pdb\ENZ_G000023_heme.pdb,3.719,-3.370,-3.663
ENZ_G000024,A0A077KEB8,experimental_pdb,experimental_pdb,experimental_pdb,1,,,,,,,,,s1_rcsb/6J83,0,,,,,,
ENZ_G000025,A0A087X1C5,alphafill_candidate,alphafill,downloaded_with_heme,1,A0A087X1C5-F1,3QM4,0.882479,1.40752,0.508334,0.128942,data\structures\alphafill\json\A0A087X1C5-F1.json,data\structures\alphafill\cif\A0A087X1C5-F1.cif,,0,,,,,,
ENZ_G000026,A0A088FL33,experimental_pdb,experimental_pdb,experimental_pdb,1,,,,,,,,,s1_rcsb/7V43,0,,,,,,
ENZ_G000027,A0A088LHH3,alphafill_candidate,alphafold_heme_transplant,heme_transplanted,1,A0A088LHH3-F1,ENZ_G001362,0.641,6.97,,,,,,0,"qc=bad, n_ca=510, template=Q9XHC6",data\structures\alphafold\pdb\AF-A0A088LHH3-F1.pdb,data\structures\heme_transplant\pdb\ENZ_G000027_heme.pdb,6.492,0.622,2.731
ENZ_G000028,A0A088LHH7,alphafill_candidate,alphafold_heme_transplant,heme_transplanted,1,A0A088LHH7-F1,ENZ_G001362,0.709,4.13,,,,,,0,"qc=warn, n_ca=512, template=Q9XHC6",data\structures\alphafold\pdb\AF-A0A088LHH7-F1.pdb,data\structures\heme_transplant\pdb\ENZ_G000028_heme.pdb,6.580,-2.722,2.669
ENZ_G000029,A0A088LHV2,alphafill_candidate,alphafold_heme_transplant,heme_transplanted,1,A0A088LHV2-F1,ENZ_G001007,0.742,17.39,,,,,,0,"qc=bad, n_ca=482, template=Q2MJ11",data\structures\alphafold\pdb\AF-A0A088LHV2-F1.pdb,data\structures\heme_transplant\pdb\ENZ_G000029_heme.pdb,6.011,-2.530,0.024
ENZ_G000030,A0A088LIS6,alphafill_candidate,alphafold_heme_transplant,heme_transplanted,1,A0A088LIS6-F1,ENZ_G001007,0.707,5.93,,,,,,0,"qc=bad, n_ca=478, template=Q2MJ11",data\structures\alphafold\pdb\AF-A0A088LIS6-F1.pdb,data\structures\heme_transplant\pdb\ENZ_G000030_heme.pdb,4.580,-1.120,1.479
ENZ_G000031,A0A088LM09,alphafill_candidate,alphafold_heme_transplant,heme_transplanted,1,A0A088LM09-F1,ENZ_G001007,0.734,17.44,,,,,,0,"qc=bad, n_ca=482, template=Q2MJ11",data\structures\alphafold\pdb\AF-A0A088LM09-F1.pdb,data\structures\heme_transplant\pdb\ENZ_G000031_heme.pdb,5.932,-2.138,-0.008
ENZ_G000032,A0A088LUP1,alphafill_candidate,alphafold_heme_transplant,heme_transplanted,1,A0A088LUP1-F1,ENZ_G001007,0.711,5.93,,,,,,0,"qc=bad, n_ca=478, template=Q2MJ11",data\structures\alphafold\pdb\AF-A0A088LUP1-F1.pdb,data\structures\heme_transplant\pdb\ENZ_G000032_heme.pdb,4.603,-0.328,1.637
ENZ_G000033,A0A090ATL9,alphafill_candidate,alphafold_heme_transplant,heme_transplanted,1,A0A090ATL9-F1,ENZ_G000180,0.575,3.15,,,,,,0,"qc=warn, n_ca=445, template=A0A1L7NXK5",data\structures\alphafold\pdb\AF-A0A090ATL9-F1.pdb,data\structures\heme_transplant\pdb\ENZ_G000033_heme.pdb,3.722,0.499,2.546
ENZ_G000034,A0A090YLD3,alphafill_candidate,alphafold_heme_transplant,heme_transplanted,1,A0A090YLD3-F1,ENZ_G000727,0.398,29.39,,,,,,0,"qc=bad, n_ca=1049, template=O08336",data\structures\alphafold\pdb\AF-A0A090YLD3-F1.pdb,data\structures\heme_transplant\pdb\ENZ_G000034_heme.pdb,16.251,-16.260,11.969
ENZ_G000035,A0A097HUX0,alphafill_candidate,alphafill,downloaded_with_heme,1,A0A097HUX0-F1,3K9V,0.357294,2.67076,0.625661,0.37133,data\structures\alphafill\json\A0A097HUX0-F1.json,data\structures\alphafill\cif\A0A097HUX0-F1.cif,,0,,,,,,
ENZ_G000036,A0A097PUC0,alphafill_candidate,alphafold_heme_transplant,heme_transplanted,1,A0A097PUC0-F1,ENZ_G000288,0.252,3.71,,,,,,0,"qc=warn, n_ca=473, template=A0A3G2LJ67",data\structures\alphafold\pdb\AF-A0A097PUC0-F1.pdb,data\structures\heme_transplant\pdb\ENZ_G000036_heme.pdb,-1.752,5.753,-0.183
ENZ_G000037,A0A097PUC4,alphafill_candidate,alphafold_heme_transplant,heme_transplanted,1,A0A097PUC4-F1,ENZ_G000288,0.249,3.65,,,,,,0,"qc=warn, n_ca=473, template=A0A3G2LJ67",data\structures\alphafold\pdb\AF-A0A097PUC4-F1.pdb,data\structures\heme_transplant\pdb\ENZ_G000037_heme.pdb,-2.145,5.421,0.017
ENZ_G000038,A0A098D1J7,alphafill_candidate,alphafill,downloaded_with_heme,1,A0A098D1J7-F1,4NKZ,0.280757,6.24409,0.676123,0.18117,data\structures\alphafill\json\A0A098D1J7-F1.json,data\structures\alphafill\cif\A0A098D1J7-F1.cif,,0,,,,,,
ENZ_G000039,A0A098DJ84,alphafill_candidate,alphafold_heme_transplant,heme_transplanted,1,A0A098DJ84-F1,ENZ_G000207,0.481,10.40,,,,,,0,"qc=bad, n_ca=529, template=A0A1V1FNZ5",data\structures\alphafold\pdb\AF-A0A098DJ84-F1.pdb,data\structures\heme_transplant\pdb\ENZ_G000039_heme.pdb,4.884,3.013,1.463
ENZ_G000040,A0A0A0K2U8,alphafill_candidate,alphafold_heme_transplant,heme_transplanted,1,A0A0A0K2U8-F1,ENZ_G001599,0.316,3.81,,,,,,0,"qc=warn, n_ca=462, template=",data\structures\alphafold\pdb\AF-A0A0A0K2U8-F1.pdb,data\structures\heme_transplant\pdb\ENZ_G000040_heme.pdb,4.544,-2.393,5.000
ENZ_G000041,A0A0A0LHC2,alphafill_candidate,alphafold_heme_transplant,heme_transplanted,1,A0A0A0LHC2-F1,ENZ_G001267,0.164,10.73,,,,,,0,"qc=bad, n_ca=422, template=Q9C5Y2",data\structures\alphafold\pdb\AF-A0A0A0LHC2-F1.pdb,data\structures\heme_transplant\pdb\ENZ_G000041_heme.pdb,-0.035,-1.801,3.351
ENZ_G000042,A0A0A0NSZ7,experimental_pdb,experimental_pdb,experimental_pdb,1,,,,,,,,,s1_rcsb/6L3A,0,,,,,,
ENZ_G000043,A0A0A2J1Z6,alphafill_candidate,alphafold_heme_transplant,heme_transplanted,1,A0A0A2J1Z6-F1,ENZ_G000955,0.524,6.76,,,,,,0,"qc=bad, n_ca=1048, template=Q0D1W9",data\structures\alphafold\pdb\AF-A0A0A2J1Z6-F1.pdb,data\structures\heme_transplant\pdb\ENZ_G000043_heme.pdb,-18.000,0.060,8.502
ENZ_G000044,A0A0A2JY25,alphafill_candidate,alphafill,downloaded_with_heme,1,A0A0A2JY25-F1,8EOH,0.275229,8.12886,7.61911,0.488793,data\structures\alphafill\json\A0A0A2JY25-F1.json,data\structures\alphafill\cif\A0A0A2JY25-F1.cif,,0,,,,,,
ENZ_G000045,A0A0A7DLM4,pcpd_predicted,pcpd_predicted,pcpd_predicted,1,,,,,,,,,pcpd/CYP76F45.pdb,0,,,,,,
ENZ_G000046,A0A0A8KYF2,pcpd_predicted,pcpd_predicted,pcpd_predicted,1,,,,,,,,,pcpd/CYP97C27.pdb,0,,,,,,
ENZ_G000047,A0A0B0D9P4,experimental_pdb,experimental_pdb,experimental_pdb,1,,,,,,,,,s1_rcsb/8VWK,0,,,,,,
ENZ_G000048,A0A0B4KZX8,pcpd_predicted,pcpd_predicted,pcpd_predicted,1,,,,,,,,,pcpd/CYP87D16.pdb,0,,,,,,
ENZ_G000049,A0A0B4L1W4,pcpd_predicted,pcpd_predicted,pcpd_predicted,1,,,,,,,,,pcpd/CYP716A14.pdb,0,,,,,,
ENZ_G000050,A0A0B4L1W8,pcpd_predicted,pcpd_predicted,pcpd_predicted,1,,,,,,,,,pcpd/CYP716A75.pdb,0,,,,,,
ENZ_G000051,A0A0B4ZV78,experimental_pdb,experimental_pdb,experimental_pdb,1,,,,,,,,,s1_rcsb/8JNC,0,,,,,,
ENZ_G000052,A0A0B5KYT4,alphafill_candidate,alphafill,downloaded_with_heme,1,A0A0B5KYT4-F1,1U13,0.282353,4.50678,1.20365,0.174432,data\structures\alphafill\json\A0A0B5KYT4-F1.json,data\structures\alphafill\cif\A0A0B5KYT4-F1.cif,,0,,,,,,
ENZ_G000053,A0A0C2W6G6,alphafill_candidate,alphafold_heme_transplant,heme_transplanted,1,A0A0C2W6G6-F1,ENZ_G000246,0.185,13.35,,,,,,0,"qc=bad, n_ca=521, template=A0A2H3CZX2",data\structures\alphafold\pdb\AF-A0A0C2W6G6-F1.pdb,data\structures\heme_transplant\pdb\ENZ_G000053_heme.pdb,1.648,15.751,5.339
ENZ_G000054,A0A0C3HJL3,alphafill_candidate,alphafold_heme_transplant,heme_transplanted,1,A0A0C3HJL3-F1,ENZ_G000315,0.301,9.78,,,,,,0,"qc=bad, n_ca=1064, template=A0A455R5H4",data\structures\alphafold\pdb\AF-A0A0C3HJL3-F1.pdb,data\structures\heme_transplant\pdb\ENZ_G000054_heme.pdb,12.653,-0.213,-10.254
ENZ_G000055,A0A0C5Q4Y6,pcpd_predicted,pcpd_predicted,pcpd_predicted,1,,,,,,,,,pcpd/CYP76AH22.pdb,0,,,,,,
ENZ_G000056,A0A0C5QEW3,alphafill_candidate,alphafold_heme_transplant,heme_transplanted,1,A0A0C5QEW3-F1,ENZ_G000055,0.867,4.17,,,,,,0,"qc=warn, n_ca=469, template=A0A0C5Q4Y6",data\structures\alphafold\pdb\AF-A0A0C5QEW3-F1.pdb,data\structures\heme_transplant\pdb\ENZ_G000056_heme.pdb,3.048,-0.741,1.831
ENZ_G000057,A0A0C5QRZ2,pcpd_predicted,pcpd_predicted,pcpd_predicted,1,,,,,,,,,pcpd/CYP76AH24Sf.pdb,0,,,,,,
ENZ_G000058,A0A0C6DUU3,alphafill_candidate,alphafill,downloaded_with_heme,1,A0A0C6DUU3-F1,7KVK,0.267442,4.5351,1.45962,0.361665,data\structures\alphafill\json\A0A0C6DUU3-F1.json,data\structures\alphafill\cif\A0A0C6DUU3-F1.cif,,0,,,,,,
ENZ_G000059,A0A0D1DMJ7,alphafill_candidate,alphafill,downloaded_with_heme,1,A0A0D1DMJ7-F1,7WZL,0.269397,5.6125,1.87142,0.277061,data\structures\alphafill\json\A0A0D1DMJ7-F1.json,data\structures\alphafill\cif\A0A0D1DMJ7-F1.cif,,0,,,,,,
ENZ_G000060,A0A0D1DT62,alphafill_candidate,alphafill,downloaded_with_heme,1,A0A0D1DT62-F1,7SV2,0.299578,4.57524,1.33471,0.234436,data\structures\alphafill\json\A0A0D1DT62-F1.json,data\structures\alphafill\cif\A0A0D1DT62-F1.cif,,0,,,,,,
ENZ_G000061,A0A0D2XLX8,alphafill_candidate,alphafold_heme_transplant,heme_transplanted,1,A0A0D2XLX8-F1,ENZ_G000441,0.356,8.48,,,,,,0,"qc=bad, n_ca=513, template=A2QTW5",data\structures\alphafold\pdb\AF-A0A0D2XLX8-F1.pdb,data\structures\heme_transplant\pdb\ENZ_G000061_heme.pdb,5.070,-3.005,3.083
ENZ_G000062,A0A0D2YE57,alphafill_candidate,alphafold_heme_transplant,heme_transplanted,1,A0A0D2YE57-F1,ENZ_G000318,0.325,14.22,,,,,,0,"qc=bad, n_ca=504, template=A0A482NAF7",data\structures\alphafold\pdb\AF-A0A0D2YE57-F1.pdb,data\structures\heme_transplant\pdb\ENZ_G000062_heme.pdb,2.995,0.633,3.412
ENZ_G000063,A0A0D4L589,alphafill_candidate,alphafold_heme_transplant,heme_transplanted,1,A0A0D4L589-F1,ENZ_G001253,0.217,24.63,,,,,,0,"qc=bad, n_ca=428, template=Q96242",data\structures\alphafold\pdb\AF-A0A0D4L589-F1.pdb,data\structures\heme_transplant\pdb\ENZ_G000063_heme.pdb,-7.818,0.127,3.690
ENZ_G000064,A0A0E3SY51,pcpd_predicted,pcpd_predicted,pcpd_predicted,1,,,,,,,,,pcpd/CYP736A163.pdb,0,,,,,,
ENZ_G000065,A0A0E3VN01,alphafill_candidate,alphafold_heme_transplant,heme_transplanted,1,A0A0E3VN01-F1,ENZ_G001334,0.628,6.07,,,,,,0,"qc=bad, n_ca=450, template=Q9SAA9",data\structures\alphafold\pdb\AF-A0A0E3VN01-F1.pdb,data\structures\heme_transplant\pdb\ENZ_G000065_heme.pdb,3.630,0.978,1.573
ENZ_G000066,A0A0F4JF04,experimental_pdb,experimental_pdb,experimental_pdb,1,,,,,,,,,s1_rcsb/8Q6Y,0,,,,,,
ENZ_G000067,A0A0F6PLP0,alphafill_candidate,alphafold_heme_transplant,heme_transplanted,1,A0A0F6PLP0-F1,ENZ_G000338,0.646,3.49,,,,,,0,"qc=warn, n_ca=484, template=A0A5A4DV62",data\structures\alphafold\pdb\AF-A0A0F6PLP0-F1.pdb,data\structures\heme_transplant\pdb\ENZ_G000067_heme.pdb,12.296,2.369,10.600
ENZ_G000068,A0A0F6PLP5,alphafill_candidate,alphafold_heme_transplant,heme_transplanted,1,A0A0F6PLP5-F1,ENZ_G000331,0.433,5.61,,,,,,0,"qc=bad, n_ca=485, template=A0A517FNC5",data\structures\alphafold\pdb\AF-A0A0F6PLP5-F1.pdb,data\structures\heme_transplant\pdb\ENZ_G000068_heme.pdb,3.033,2.031,0.754
ENZ_G000069,A0A0F6PMK0,alphafill_candidate,alphafold_heme_transplant,heme_transplanted,1,A0A0F6PMK0-F1,ENZ_G000071,0.976,2.41,,,,,,0,"qc=good, n_ca=477, template=A0A0F6PMN1",data\structures\alphafold\pdb\AF-A0A0F6PMK0-F1.pdb,data\structures\heme_transplant\pdb\ENZ_G000069_heme.pdb,4.928,3.113,1.323
ENZ_G000070,A0A0F6PML0,alphafill_candidate,alphafold_heme_transplant,heme_transplanted,1,A0A0F6PML0-F1,ENZ_G000338,0.646,3.51,,,,,,0,"qc=warn, n_ca=484, template=A0A5A4DV62",data\structures\alphafold\pdb\AF-A0A0F6PML0-F1.pdb,data\structures\heme_transplant\pdb\ENZ_G000070_heme.pdb,12.139,0.644,11.024
ENZ_G000071,A0A0F6PMN1,pcpd_predicted,pcpd_predicted,pcpd_predicted,1,,,,,,,,,pcpd/CYP94N1.pdb,0,,,,,,
ENZ_G000072,A0A0F6PMN4,alphafill_candidate,alphafold_heme_transplant,heme_transplanted,1,A0A0F6PMN4-F1,ENZ_G000331,0.430,4.28,,,,,,0,"qc=warn, n_ca=485, template=A0A517FNC5",data\structures\alphafold\pdb\AF-A0A0F6PMN4-F1.pdb,data\structures\heme_transplant\pdb\ENZ_G000072_heme.pdb,3.037,1.894,0.409
ENZ_G000073,A0A0F6PMS4,alphafill_candidate,alphafold_heme_transplant,heme_transplanted,1,A0A0F6PMS4-F1,ENZ_G000331,0.426,4.08,,,,,,0,"qc=warn, n_ca=485, template=A0A517FNC5",data\structures\alphafold\pdb\AF-A0A0F6PMS4-F1.pdb,data\structures\heme_transplant\pdb\ENZ_G000073_heme.pdb,3.139,2.189,0.360
ENZ_G000074,A0A0F7KN88,pcpd_predicted,pcpd_predicted,pcpd_predicted,1,,,,,,,,,pcpd/CYP750B1.pdb,0,,,,,,
ENZ_G000075,A0A0F7KQD3,alphafill_candidate,alphafold_heme_transplant,heme_transplanted,1,A0A0F7KQD3-F1,ENZ_G000076,0.272,4.84,,,,,,0,"qc=warn, n_ca=472, template=A0A0F7KQD6",data\structures\alphafold\pdb\AF-A0A0F7KQD3-F1.pdb,data\structures\heme_transplant\pdb\ENZ_G000075_heme.pdb,3.116,-4.059,2.163
ENZ_G000076,A0A0F7KQD6,pcpd_predicted,pcpd_predicted,pcpd_predicted,1,,,,,,,,,pcpd/CYP76AA25.pdb,0,,,,,,
ENZ_G000077,A0A0G2JXU4,alphafill_candidate,alphafold_heme_transplant,heme_transplanted,1,A0A0G2JXU4-F1,ENZ_G000777,0.249,6.99,,,,,,0,"qc=bad, n_ca=491, template=P00176",data\structures\alphafold\pdb\AF-A0A0G2JXU4-F1.pdb,data\structures\heme_transplant\pdb\ENZ_G000077_heme.pdb,1.811,0.531,1.739
ENZ_G000078,A0A0G2K9N5,alphafill_candidate,alphafold_heme_transplant,heme_transplanted,1,A0A0G2K9N5-F1,ENZ_G000843,0.994,4.07,,,,,,0,"qc=warn, n_ca=499, template=P15393",data\structures\alphafold\pdb\AF-A0A0G2K9N5-F1.pdb,data\structures\heme_transplant\pdb\ENZ_G000078_heme.pdb,5.723,-4.847,3.991
ENZ_G000079,A0A0G2RKY1,pcpd_predicted,pcpd_predicted,pcpd_predicted,1,,,,,,,,,pcpd/CYP701A40.pdb,0,,,,,,
ENZ_G000080,A0A0G3FKE8,alphafill_candidate,alphafold_heme_transplant,heme_transplanted,1,A0A0G3FKE8-F1,ENZ_G001073,0.150,15.95,,,,,,0,"qc=bad, n_ca=406, template=Q59723",data\structures\alphafold\pdb\AF-A0A0G3FKE8-F1.pdb,data\structures\heme_transplant\pdb\ENZ_G000080_heme.pdb,18.864,8.397,0.448
ENZ_G000081,A0A0G3FKN9,pcpd_predicted,pcpd_predicted,pcpd_predicted,1,,,,,,,,,pcpd/CYP79A61.pdb,0,,,,,,
ENZ_G000082,A0A0G4IRM5,alphafill_candidate,alphafold_heme_transplant,heme_transplanted,1,A0A0G4IRM5-F1,ENZ_G001101,0.152,28.00,,,,,,0,"qc=bad, n_ca=540, template=Q5Z6A5",data\structures\alphafold\pdb\AF-A0A0G4IRM5-F1.pdb,data\structures\heme_transplant\pdb\ENZ_G000082_heme.pdb,5.118,15.106,4.112
ENZ_G000083,A0A0G4P2K0,alphafill_candidate,alphafold_heme_transplant,heme_transplanted,1,A0A0G4P2K0-F1,ENZ_G000955,0.559,7.38,,,,,,0,"qc=bad, n_ca=1049, template=Q0D1W9",data\structures\alphafold\pdb\AF-A0A0G4P2K0-F1.pdb,data\structures\heme_transplant\pdb\ENZ_G000083_heme.pdb,-18.169,-0.480,6.096
ENZ_G000084,A0A0H3CVZ6,experimental_pdb,experimental_pdb,experimental_pdb,1,,,,,,,,,s1_rcsb/5YSW,0,,,,,,
ENZ_G000085,A0A0K6ITW2,alphafill_candidate,alphafill,downloaded_with_heme,1,A0A0K6ITW2-F1,6LAA,0.960159,1.8026,0.554619,0.127085,data\structures\alphafill\json\A0A0K6ITW2-F1.json,data\structures\alphafill\cif\A0A0K6ITW2-F1.cif,,0,,,,,,
ENZ_G000086,A0A0M2KDV0,experimental_pdb,experimental_pdb,experimental_pdb,1,,,,,,,,,s1_rcsb/8FIC,0,,,,,,
ENZ_G000087,A0A0M3R7J8,alphafill_candidate,alphafold_heme_transplant,heme_transplanted,1,A0A0M3R7J8-F1,ENZ_G001349,0.575,8.55,,,,,,0,"qc=bad, n_ca=469, template=Q9SWR1",data\structures\alphafold\pdb\AF-A0A0M3R7J8-F1.pdb,data\structures\heme_transplant\pdb\ENZ_G000087_heme.pdb,4.554,-1.972,2.389
ENZ_G000088,A0A0M4U0E0,pcpd_predicted,pcpd_predicted,pcpd_predicted,1,,,,,,,,,pcpd/CYP71D443.pdb,0,,,,,,
ENZ_G000089,A0A0M7RFK7,alphafill_candidate,alphafold_heme_transplant,heme_transplanted,1,A0A0M7RFK7-F1,ENZ_G001557,0.205,16.22,,,,,,0,"qc=bad, n_ca=453, template=",data\structures\alphafold\pdb\AF-A0A0M7RFK7-F1.pdb,data\structures\heme_transplant\pdb\ENZ_G000089_heme.pdb,4.190,-2.688,0.893
ENZ_G000090,A0A0M7RFL6,alphafill_candidate,alphafold_heme_transplant,heme_transplanted,1,A0A0M7RFL6-F1,ENZ_G001557,0.197,14.67,,,,,,0,"qc=bad, n_ca=462, template=",data\structures\alphafold\pdb\AF-A0A0M7RFL6-F1.pdb,data\structures\heme_transplant\pdb\ENZ_G000090_heme.pdb,3.571,-2.950,0.812
ENZ_G000091,A0A0N7F297,alphafill_candidate,alphafill,downloaded_with_heme,1,A0A0N7F297-F1,8E83,0.29932,5.79966,0.0472369,0.832433,data\structures\alphafill\json\A0A0N7F297-F1.json,data\structures\alphafill\cif\A0A0N7F297-F1.cif,,0,,,,,,
ENZ_G000092,A0A0N7H9X2,alphafill_candidate,alphafold_heme_transplant,heme_transplanted,1,A0A0N7H9X2-F1,ENZ_G000079,0.498,3.83,,,,,,0,"qc=warn, n_ca=475, template=A0A0G2RKY1",data\structures\alphafold\pdb\AF-A0A0N7H9X2-F1.pdb,data\structures\heme_transplant\pdb\ENZ_G000092_heme.pdb,2.692,-3.110,2.310
ENZ_G000093,A0A0N9HKQ7,alphafill_candidate,alphafill,downloaded_with_heme,1,A0A0N9HKQ7-F1,6MCW,0.27907,4.17631,4.22342,0.604326,data\structures\alphafill\json\A0A0N9HKQ7-F1.json,data\structures\alphafill\cif\A0A0N9HKQ7-F1.cif,,0,,,,,,
ENZ_G000094,A0A0N9HT29,alphafill_candidate,alphafill,downloaded_with_heme,1,A0A0N9HT29-F1,5YLW,0.336,2.33163,0.742107,0.253096,data\structures\alphafill\json\A0A0N9HT29-F1.json,data\structures\alphafill\cif\A0A0N9HT29-F1.cif,,0,,,,,,
ENZ_G000095,A0A0N9HTU1,pcpd_predicted,pcpd_predicted,pcpd_predicted,1,,,,,,,,,pcpd/CYP71CU1.pdb,0,,,,,,
ENZ_G000096,A0A0P0FVK8,alphafill_candidate,alphafold_heme_transplant,heme_transplanted,1,A0A0P0FVK8-F1,ENZ_G000869,0.202,27.02,,,,,,0,"qc=bad, n_ca=329, template=P26911",data\structures\alphafold\pdb\AF-A0A0P0FVK8-F1.pdb,data\structures\heme_transplant\pdb\ENZ_G000096_heme.pdb,-1.757,-6.136,-2.292
ENZ_G000097,A0A0P0YJU0,alphafill_candidate,alphafold_heme_transplant,heme_transplanted,1,A0A0P0YJU0-F1,ENZ_G001338,0.427,7.72,,,,,,0,"qc=bad, n_ca=512, template=Q9SBQ9",data\structures\alphafold\pdb\AF-A0A0P0YJU0-F1.pdb,data\structures\heme_transplant\pdb\ENZ_G000097_heme.pdb,4.306,-2.002,2.452
ENZ_G000098,A0A0P0ZEA9,alphafill_candidate,alphafill,downloaded_with_heme,1,A0A0P0ZEA9-F1,4NKV,0.285714,7.96041,0.161522,0.346711,data\structures\alphafill\json\A0A0P0ZEA9-F1.json,data\structures\alphafill\cif\A0A0P0ZEA9-F1.cif,,0,,,,,,
ENZ_G000099,A0A0R0GF97,alphafill_candidate,alphafill,downloaded_with_heme,1,A0A0R0GF97-F1,4HGG,0.272981,3.86306,1.93366,0.197219,data\structures\alphafill\json\A0A0R0GF97-F1.json,data\structures\alphafill\cif\A0A0R0GF97-F1.cif,,0,,,,,,
ENZ_G000100,A0A0S1TP26,alphafill_candidate,alphafill,downloaded_with_heme,1,A0A0S1TP26-F1,7X2Q,0.854305,0.707414,0.417744,0.120184,data\structures\alphafill\json\A0A0S1TP26-F1.json,data\structures\alphafill\cif\A0A0S1TP26-F1.cif,,0,,,,,,
ENZ_G000101,A0A0S1TPC7,pcpd_predicted,pcpd_predicted,pcpd_predicted,1,,,,,,,,,pcpd/CYP76AK6.pdb,0,,,,,,
ENZ_G000102,A0A0S1TQ04,alphafill_candidate,alphafill,downloaded_with_heme,1,A0A0S1TQ04-F1,5YLW,0.411765,1.70016,0.861975,0.275436,data\structures\alphafill\json\A0A0S1TQ04-F1.json,data\structures\alphafill\cif\A0A0S1TQ04-F1.cif,,0,,,,,,
ENZ_G000103,A0A0S2IHL2,pcpd_predicted,pcpd_predicted,pcpd_predicted,1,,,,,,,,,pcpd/CYP72A397.pdb,0,,,,,,
ENZ_G000104,A0A0S2II38,pcpd_predicted,pcpd_predicted,pcpd_predicted,1,,,,,,,,,pcpd/CYP716A94.pdb,0,,,,,,
ENZ_G000105,A0A0S2LLA9,alphafill_candidate,alphafill,alphafill_not_found,0,A0A0S2LLA9-F1,,,,,,,,,0,AlphaFold download: alphafold_not_found,,,,,
ENZ_G000106,A0A0T9WNE5,alphafill_candidate,alphafill,alphafill_not_found,0,A0A0T9WNE5-F1,,,,,,,,,0,All 5 templates failed,data\structures\alphafold\pdb\AF-A0A0T9WNE5-F1.pdb,,,,
ENZ_G000107,A0A0U1YJA0,pcpd_predicted,pcpd_predicted,pcpd_predicted,1,,,,,,,,,pcpd/CYP76AD6.pdb,0,,,,,,
ENZ_G000108,A0A0U1YLX5,alphafill_candidate,alphafold_heme_transplant,heme_transplanted,1,A0A0U1YLX5-F1,ENZ_G000107,0.682,5.25,,,,,,0,"qc=bad, n_ca=468, template=A0A0U1YJA0",data\structures\alphafold\pdb\AF-A0A0U1YLX5-F1.pdb,data\structures\heme_transplant\pdb\ENZ_G000108_heme.pdb,3.603,-1.139,2.410
ENZ_G000109,A0A0U2TQ31,alphafill_candidate,alphafold_heme_transplant,heme_transplanted,1,A0A0U2TQ31-F1,ENZ_G000110,0.866,1.33,,,,,,0,"qc=good, n_ca=475, template=A0A0U2U8U5",data\structures\alphafold\pdb\AF-A0A0U2TQ31-F1.pdb,data\structures\heme_transplant\pdb\ENZ_G000109_heme.pdb,2.880,-3.560,2.225
ENZ_G000110,A0A0U2U8U5,alphafill_candidate,alphafill,downloaded_with_heme,1,A0A0U2U8U5-F1,2VE3,0.320088,2.75036,0.883295,0.35349,data\structures\alphafill\json\A0A0U2U8U5-F1.json,data\structures\alphafill\cif\A0A0U2U8U5-F1.cif,,0,,,,,,
ENZ_G000111,A0A0U2V7I8,alphafill_candidate,alphafill,downloaded_with_heme,1,A0A0U2V7I8-F1,3PM0,0.34,2.27483,1.53049,0.814675,data\structures\alphafill\json\A0A0U2V7I8-F1.json,data\structures\alphafill\cif\A0A0U2V7I8-F1.cif,,0,,,,,,
ENZ_G000112,A0A0U5GRB4,alphafill_candidate,alphafold_heme_transplant,heme_transplanted,1,A0A0U5GRB4-F1,ENZ_G001017,0.170,19.07,,,,,,0,"qc=bad, n_ca=521, template=Q2UEK7",data\structures\alphafold\pdb\AF-A0A0U5GRB4-F1.pdb,data\structures\heme_transplant\pdb\ENZ_G000112_heme.pdb,1.481,1.161,4.709
ENZ_G000113,A0A0Y0GRS3,alphafill_candidate,alphafill,downloaded_with_heme,1,A0A0Y0GRS3-F1,7X2Q,0.95279,0.722287,0.408013,0.114799,data\structures\alphafill\json\A0A0Y0GRS3-F1.json,data\structures\alphafill\cif\A0A0Y0GRS3-F1.cif,,0,,,,,,
ENZ_G000114,A0A100IM63,alphafill_candidate,alphafold_heme_transplant,heme_transplanted,1,A0A100IM63-F1,ENZ_G000955,0.574,5.78,,,,,,0,"qc=bad, n_ca=1050, template=Q0D1W9",data\structures\alphafold\pdb\AF-A0A100IM63-F1.pdb,data\structures\heme_transplant\pdb\ENZ_G000114_heme.pdb,15.729,2.895,-10.318
ENZ_G000115,A0A101MN42,alphafill_candidate,alphafold_heme_transplant,heme_transplanted,1,A0A101MN42-F1,ENZ_G000955,0.534,8.60,,,,,,0,"qc=bad, n_ca=1049, template=Q0D1W9",data\structures\alphafold\pdb\AF-A0A101MN42-F1.pdb,data\structures\heme_transplant\pdb\ENZ_G000115_heme.pdb,-6.155,9.184,17.401
ENZ_G000116,A0A125QZE2,pcpd_predicted,pcpd_predicted,pcpd_predicted,1,,,,,,,,,pcpd/CYP76AK1.pdb,0,,,,,,
ENZ_G000117,A0A140IL90,alphafill_candidate,alphafill,downloaded_with_heme,1,A0A140IL90-F1,6J94,0.26087,4.67368,1.07468,0.216714,data\structures\alphafill\json\A0A140IL90-F1.json,data\structures\alphafill\cif\A0A140IL90-F1.cif,,0,,,,,,
ENZ_G000118,A0A140IL92,alphafill_candidate,alphafill,downloaded_with_heme,1,A0A140IL92-F1,6J94,0.258581,4.68463,1.04748,0.22808,data\structures\alphafill\json\A0A140IL92-F1.json,data\structures\alphafill\cif\A0A140IL92-F1.cif,,0,,,,,,
ENZ_G000119,A0A140JTH9,alphafill_candidate,alphafold_heme_transplant,heme_transplanted,1,A0A140JTH9-F1,ENZ_G000261,0.216,7.54,,,,,,0,"qc=bad, n_ca=506, template=A0A2Z5D852",data\structures\alphafold\pdb\AF-A0A140JTH9-F1.pdb,data\structures\heme_transplant\pdb\ENZ_G000119_heme.pdb,-2.551,12.574,1.801
ENZ_G000120,A0A140JWM8,pcpd_predicted,pcpd_predicted,pcpd_predicted,1,,,,,,,,,pcpd/CYP716A2.pdb,0,,,,,,
ENZ_G000121,A0A140JWT0,alphafill_candidate,alphafill,downloaded_with_heme,1,A0A140JWT0-F1,7SNM,0.258065,5.74706,1.86637,0.278858,data\structures\alphafill\json\A0A140JWT0-F1.json,data\structures\alphafill\cif\A0A140JWT0-F1.cif,,0,,,,,,
ENZ_G000122,A0A140JWT4,alphafill_candidate,alphafill,downloaded_with_heme,1,A0A140JWT4-F1,5VCD,0.275862,3.70369,1.8854,0.181326,data\structures\alphafill\json\A0A140JWT4-F1.json,data\structures\alphafill\cif\A0A140JWT4-F1.cif,,0,,,,,,
ENZ_G000123,A0A140JWT6,alphafill_candidate,alphafill,downloaded_with_heme,1,A0A140JWT6-F1,7KS8,0.25463,5.72987,2.40789,0.1676,data\structures\alphafill\json\A0A140JWT6-F1.json,data\structures\alphafill\cif\A0A140JWT6-F1.cif,,0,,,,,,
ENZ_G000124,A0A140JWT8,alphafill_candidate,alphafill,downloaded_with_heme,1,A0A140JWT8-F1,3QZ1,0.265957,4.30705,2.58526,0.298489,data\structures\alphafill\json\A0A140JWT8-F1.json,data\structures\alphafill\cif\A0A140JWT8-F1.cif,,0,,,,,,
ENZ_G000125,A0A140JWU1,alphafill_candidate,alphafill,downloaded_with_heme,1,A0A140JWU1-F1,7WZL,0.306452,4.76725,1.91078,0.690274,data\structures\alphafill\json\A0A140JWU1-F1.json,data\structures\alphafill\cif\A0A140JWU1-F1.cif,,0,,,,,,
ENZ_G000126,A0A142FX91,alphafill_candidate,alphafold_heme_transplant,heme_transplanted,1,A0A142FX91-F1,ENZ_G001361,0.355,15.18,,,,,,0,"qc=bad, n_ca=511, template=Q9XGT9",data\structures\alphafold\pdb\AF-A0A142FX91-F1.pdb,data\structures\heme_transplant\pdb\ENZ_G000126_heme.pdb,-6.503,1.392,10.623
ENZ_G000127,A0A142FX93,alphafill_candidate,alphafold_heme_transplant,heme_transplanted,1,A0A142FX93-F1,ENZ_G001361,0.355,14.95,,,,,,0,"qc=bad, n_ca=511, template=Q9XGT9",data\structures\alphafold\pdb\AF-A0A142FX93-F1.pdb,data\structures\heme_transplant\pdb\ENZ_G000127_heme.pdb,-6.411,2.095,10.523
ENZ_G000128,A0A142FX95,alphafill_candidate,alphafold_heme_transplant,heme_transplanted,1,A0A142FX95-F1,ENZ_G001361,0.357,13.77,,,,,,0,"qc=bad, n_ca=511, template=Q9XGT9",data\structures\alphafold\pdb\AF-A0A142FX95-F1.pdb,data\structures\heme_transplant\pdb\ENZ_G000128_heme.pdb,-6.067,1.885,10.296
ENZ_G000129,A0A142I6X1,alphafill_candidate,alphafill,downloaded_with_heme,1,A0A142I6X1-F1,7X2Q,0.345055,2.47027,0.605415,0.108404,data\structures\alphafill\json\A0A142I6X1-F1.json,data\structures\alphafill\cif\A0A142I6X1-F1.cif,,0,,,,,,
ENZ_G000130,A0A145YFZ5,alphafill_candidate,alphafold_heme_transplant,heme_transplanted,1,A0A145YFZ5-F1,ENZ_G001075,0.179,18.74,,,,,,0,"qc=bad, n_ca=398, template=Q59831",data\structures\alphafold\pdb\AF-A0A145YFZ5-F1.pdb,data\structures\heme_transplant\pdb\ENZ_G000130_heme.pdb,6.194,-15.808,-15.220
ENZ_G000131,A0A146AUJ9,alphafill_candidate,alphafold_heme_transplant,heme_transplanted,1,A0A146AUJ9-F1,ENZ_G001361,0.244,10.66,,,,,,0,"qc=bad, n_ca=505, template=Q9XGT9",data\structures\alphafold\pdb\AF-A0A146AUJ9-F1.pdb,data\structures\heme_transplant\pdb\ENZ_G000131_heme.pdb,8.784,3.121,-5.096
ENZ_G000132,A0A159AKG3,alphafill_candidate,alphafold_heme_transplant,heme_transplanted,1,A0A159AKG3-F1,ENZ_G001577,0.923,4.46,,,,,,0,"qc=warn, n_ca=464, template=",data\structures\alphafold\pdb\AF-A0A159AKG3-F1.pdb,data\structures\heme_transplant\pdb\ENZ_G000132_heme.pdb,2.652,4.520,3.259
ENZ_G000133,A0A160P685,experimental_pdb,experimental_pdb,experimental_pdb,1,,,,,,,,,s1_rcsb/7DLS,0,,,,,,
ENZ_G000134,A0A161ABB0,alphafill_candidate,alphafold_heme_transplant,heme_transplanted,1,A0A161ABB0-F1,ENZ_G000164,0.633,10.45,,,,,,0,"qc=bad, n_ca=441, template=A0A1I9Q5Y3",data\structures\alphafold\pdb\AF-A0A161ABB0-F1.pdb,data\structures\heme_transplant\pdb\ENZ_G000134_heme.pdb,2.011,3.653,1.957
ENZ_G000135,A0A161ABI1,alphafill_candidate,alphafold_heme_transplant,heme_transplanted,1,A0A161ABI1-F1,ENZ_G000164,0.608,8.77,,,,,,0,"qc=bad, n_ca=442, template=A0A1I9Q5Y3",data\structures\alphafold\pdb\AF-A0A161ABI1-F1.pdb,data\structures\heme_transplant\pdb\ENZ_G000135_heme.pdb,3.226,2.904,1.871
ENZ_G000136,A0A161GJD5,pcpd_predicted,pcpd_predicted,pcpd_predicted,1,,,,,,,,,pcpd/CYP726A27.pdb,0,,,,,,
ENZ_G000137,A0A161I263,alphafill_candidate,alphafold_heme_transplant,heme_transplanted,1,A0A161I263-F1,ENZ_G000138,0.394,8.28,,,,,,0,"qc=bad, n_ca=482, template=A0A161IM14",data\structures\alphafold\pdb\AF-A0A161I263-F1.pdb,data\structures\heme_transplant\pdb\ENZ_G000137_heme.pdb,3.570,-3.721,1.154
ENZ_G000138,A0A161IM14,pcpd_predicted,pcpd_predicted,pcpd_predicted,1,,,,,,,,,pcpd/CYP81AA3.pdb,0,,,,,,
ENZ_G000139,A0A165U5Z9,pcpd_predicted,pcpd_predicted,pcpd_predicted,1,,,,,,,,,pcpd/CYP71D445.pdb,0,,,,,,
ENZ_G000140,A0A168GPD0,alphafill_candidate,alphafold_heme_transplant,heme_transplanted,1,A0A168GPD0-F1,ENZ_G000138,0.373,5.22,,,,,,0,"qc=bad, n_ca=482, template=A0A161IM14",data\structures\alphafold\pdb\AF-A0A168GPD0-F1.pdb,data\structures\heme_transplant\pdb\ENZ_G000140_heme.pdb,-4.529,4.543,-1.067
ENZ_G000141,A0A168GPG9,alphafill_candidate,alphafold_heme_transplant,heme_transplanted,1,A0A168GPG9-F1,ENZ_G000138,0.380,5.03,,,,,,0,"qc=bad, n_ca=482, template=A0A161IM14",data\structures\alphafold\pdb\AF-A0A168GPG9-F1.pdb,data\structures\heme_transplant\pdb\ENZ_G000141_heme.pdb,-6.310,-0.575,-0.492
ENZ_G000142,A0A173GQ95,alphafill_candidate,alphafold_heme_transplant,heme_transplanted,1,A0A173GQ95-F1,ENZ_G000474,0.131,21.82,,,,,,0,"qc=bad, n_ca=504, template=B1NF19",data\structures\alphafold\pdb\AF-A0A173GQ95-F1.pdb,data\structures\heme_transplant\pdb\ENZ_G000142_heme.pdb,1.233,4.079,6.477
ENZ_G000143,A0A193PE91,alphafill_candidate,alphafold_heme_transplant,heme_transplanted,1,A0A193PE91-F1,ENZ_G000103,0.202,18.94,,,,,,0,"qc=bad, n_ca=457, template=A0A0S2IHL2",data\structures\alphafold\pdb\AF-A0A193PE91-F1.pdb,data\structures\heme_transplant\pdb\ENZ_G000143_heme.pdb,1.928,-2.217,4.326
ENZ_G000144,A0A1B0VRN6,alphafill_candidate,alphafold_heme_transplant,heme_transplanted,1,A0A1B0VRN6-F1,ENZ_G000148,0.517,8.60,,,,,,0,"qc=bad, n_ca=465, template=A0A1B0VRQ2",data\structures\alphafold\pdb\AF-A0A1B0VRN6-F1.pdb,data\structures\heme_transplant\pdb\ENZ_G000144_heme.pdb,3.480,-1.463,1.800
ENZ_G000145,A0A1B0VRP1,alphafill_candidate,alphafold_heme_transplant,heme_transplanted,1,A0A1B0VRP1-F1,ENZ_G000219,0.747,1.48,,,,,,0,"qc=good, n_ca=492, template=A0A1Z3GBS4",data\structures\alphafold\pdb\AF-A0A1B0VRP1-F1.pdb,data\structures\heme_transplant\pdb\ENZ_G000145_heme.pdb,1.392,1.561,-2.406
ENZ_G000146,A0A1B0VRP5,alphafill_candidate,alphafold_heme_transplant,heme_transplanted,1,A0A1B0VRP5-F1,ENZ_G000219,0.681,3.97,,,,,,0,"qc=warn, n_ca=492, template=A0A1Z3GBS4",data\structures\alphafold\pdb\AF-A0A1B0VRP5-F1.pdb,data\structures\heme_transplant\pdb\ENZ_G000146_heme.pdb,1.451,1.980,-2.423
ENZ_G000147,A0A1B0VRQ0,pcpd_predicted,pcpd_predicted,pcpd_predicted,1,,,,,,,,,pcpd/CYP76AH15.pdb,0,,,,,,
ENZ_G000148,A0A1B0VRQ2,pcpd_predicted,pcpd_predicted,pcpd_predicted,1,,,,,,,,,pcpd/CYP76AH16.pdb,0,,,,,,
ENZ_G000149,A0A1B2AS12,pcpd_predicted,pcpd_predicted,pcpd_predicted,1,,,,,,,,,pcpd/CYP716A78.pdb,0,,,,,,
ENZ_G000150,A0A1B2AS18,alphafill_candidate,alphafold_heme_transplant,heme_transplanted,1,A0A1B2AS18-F1,ENZ_G000149,0.924,1.86,,,,,,0,"qc=good, n_ca=451, template=A0A1B2AS12",data\structures\alphafold\pdb\AF-A0A1B2AS18-F1.pdb,data\structures\heme_transplant\pdb\ENZ_G000150_heme.pdb,3.151,3.637,0.561
ENZ_G000151,A0A1B2ZBX8,pcpd_predicted,pcpd_predicted,pcpd_predicted,1,,,,,,,,,pcpd/CYP76F14.pdb,0,,,,,,
ENZ_G000152,A0A1B4XBJ9,alphafill_candidate,alphafill,downloaded_with_heme,1,A0A1B4XBJ9-F1,5VCD,0.285714,3.3824,1.74878,0.469218,data\structures\alphafill\json\A0A1B4XBJ9-F1.json,data\structures\alphafill\cif\A0A1B4XBJ9-F1.cif,,0,,,,,,
ENZ_G000153,A0A1D6F9Y9,alphafill_candidate,alphafill,downloaded_with_heme,1,A0A1D6F9Y9-F1,7X2Q,0.45283,1.99452,0.821477,0.17508,data\structures\alphafill\json\A0A1D6F9Y9-F1.json,data\structures\alphafill\cif\A0A1D6F9Y9-F1.cif,,0,,,,,,
ENZ_G000154,A0A1D6GQ67,pcpd_predicted,pcpd_predicted,pcpd_predicted,1,,,,,,,,,pcpd/CYP71Z16.pdb,0,,,,,,
ENZ_G000155,A0A1D6HSP4,alphafill_candidate,alphafill,downloaded_with_heme,1,A0A1D6HSP4-F1,7X2Q,0.473934,2.2726,0.84329,0.187217,data\structures\alphafill\json\A0A1D6HSP4-F1.json,data\structures\alphafill\cif\A0A1D6HSP4-F1.cif,,0,,,,,,
ENZ_G000156,A0A1D6MKN2,alphafill_candidate,alphafold_heme_transplant,heme_transplanted,1,A0A1D6MKN2-F1,ENZ_G001101,0.359,11.33,,,,,,0,"qc=bad, n_ca=540, template=Q5Z6A5",data\structures\alphafold\pdb\AF-A0A1D6MKN2-F1.pdb,data\structures\heme_transplant\pdb\ENZ_G000156_heme.pdb,-0.253,3.866,12.265
ENZ_G000157,A0A1D8QMD1,alphafill_candidate,alphafill,downloaded_with_heme,1,A0A1D8QMD1-F1,5YLW,0.458515,1.83803,0.671745,0.192887,data\structures\alphafill\json\A0A1D8QMD1-F1.json,data\structures\alphafill\cif\A0A1D8QMD1-F1.cif,,0,,,,,,
ENZ_G000158,A0A1D8QMD2,pcpd_predicted,pcpd_predicted,pcpd_predicted,1,,,,,,,,,pcpd/CYP76AK7.pdb,0,,,,,,
ENZ_G000159,A0A1D8QMG4,pcpd_predicted,pcpd_predicted,pcpd_predicted,1,,,,,,,,,pcpd/CYP76AK8.pdb,0,,,,,,
ENZ_G000160,A0A1D8QQP1,alphafill_candidate,alphafold_heme_transplant,heme_transplanted,1,A0A1D8QQP1-F1,ENZ_G001439,0.393,6.00,,,,,,0,"qc=bad, n_ca=488, template=W0FG45",data\structures\alphafold\pdb\AF-A0A1D8QQP1-F1.pdb,data\structures\heme_transplant\pdb\ENZ_G000160_heme.pdb,4.821,-3.101,2.617
ENZ_G000161,A0A1D8QQQ4,alphafill_candidate,alphafold_heme_transplant,heme_transplanted,1,A0A1D8QQQ4-F1,ENZ_G001439,0.389,5.66,,,,,,0,"qc=bad, n_ca=488, template=W0FG45",data\structures\alphafold\pdb\AF-A0A1D8QQQ4-F1.pdb,data\structures\heme_transplant\pdb\ENZ_G000161_heme.pdb,3.093,-4.880,2.811
ENZ_G000162,A0A1D8QQQ7,alphafill_candidate,alphafold_heme_transplant,heme_transplanted,1,A0A1D8QQQ7-F1,ENZ_G001439,0.363,6.00,,,,,,0,"qc=bad, n_ca=488, template=W0FG45",data\structures\alphafold\pdb\AF-A0A1D8QQQ7-F1.pdb,data\structures\heme_transplant\pdb\ENZ_G000162_heme.pdb,4.903,-4.510,1.555
ENZ_G000163,A0A1D8QQR3,alphafill_candidate,alphafold_heme_transplant,heme_transplanted,1,A0A1D8QQR3-F1,ENZ_G001439,0.408,12.76,,,,,,0,"qc=bad, n_ca=488, template=W0FG45",data\structures\alphafold\pdb\AF-A0A1D8QQR3-F1.pdb,data\structures\heme_transplant\pdb\ENZ_G000163_heme.pdb,3.226,-5.434,1.788
ENZ_G000164,A0A1I9Q5Y3,pcpd_predicted,pcpd_predicted,pcpd_predicted,1,,,,,,,,,pcpd/CYP716A86.pdb,0,,,,,,
ENZ_G000165,A0A1I9Q5Y4,alphafill_candidate,alphafold_heme_transplant,heme_transplanted,1,A0A1I9Q5Y4-F1,ENZ_G000104,0.675,2.07,,,,,,0,"qc=good, n_ca=446, template=A0A0S2II38",data\structures\alphafold\pdb\AF-A0A1I9Q5Y4-F1.pdb,data\structures\heme_transplant\pdb\ENZ_G000165_heme.pdb,3.804,-0.528,2.708
ENZ_G000166,A0A1I9Q5Y6,pcpd_predicted,pcpd_predicted,pcpd_predicted,1,,,,,,,,,pcpd/CYP716E41.pdb,0,,,,,,
ENZ_G000167,A0A1I9Q5Y7,pcpd_predicted,pcpd_predicted,pcpd_predicted,1,,,,,,,,,pcpd/CYP716C11.pdb,0,,,,,,
ENZ_G000168,A0A1I9Q5Y8,pcpd_predicted,pcpd_predicted,pcpd_predicted,1,,,,,,,,,pcpd/CYP716A140.pdb,0,,,,,,
ENZ_G000169,A0A1I9Q5Z0,pcpd_predicted,pcpd_predicted,pcpd_predicted,1,,,,,,,,,pcpd/CYP716A141.pdb,0,,,,,,
ENZ_G000170,A0A1I9Q5Z1,alphafill_candidate,alphafold_heme_transplant,heme_transplanted,1,A0A1I9Q5Z1-F1,ENZ_G000689,0.262,14.41,,,,,,0,"qc=bad, n_ca=439, template=I7CT85",data\structures\alphafold\pdb\AF-A0A1I9Q5Z1-F1.pdb,data\structures\heme_transplant\pdb\ENZ_G000170_heme.pdb,6.238,2.407,1.824
ENZ_G000171,A0A1I9Q5Z9,pcpd_predicted,pcpd_predicted,pcpd_predicted,1,,,,,,,,,pcpd/CYP716A110.pdb,0,,,,,,
ENZ_G000172,A0A1I9Q601,alphafill_candidate,alphafold_heme_transplant,heme_transplanted,1,A0A1I9Q601-F1,ENZ_G000171,0.337,10.50,,,,,,0,"qc=bad, n_ca=446, template=A0A1I9Q5Z9",data\structures\alphafold\pdb\AF-A0A1I9Q601-F1.pdb,data\structures\heme_transplant\pdb\ENZ_G000172_heme.pdb,4.281,1.727,0.491
ENZ_G000173,A0A1J1DVP9,alphafill_candidate,alphafill,downloaded_with_heme,1,A0A1J1DVP9-F1,3R1A,0.33557,12.3585,4.46974,0.866863,data\structures\alphafill\json\A0A1J1DVP9-F1.json,data\structures\alphafill\cif\A0A1J1DVP9-F1.cif,,0,,,,,,
ENZ_G000174,A0A1J6JQE7,alphafill_candidate,alphafold_heme_transplant,heme_transplanted,1,A0A1J6JQE7-F1,ENZ_G000768,0.198,27.05,,,,,,0,"qc=bad, n_ca=395, template=O81117",data\structures\alphafold\pdb\AF-A0A1J6JQE7-F1.pdb,data\structures\heme_transplant\pdb\ENZ_G000174_heme.pdb,-6.530,-5.005,1.262
ENZ_G000175,A0A1L2FSA4,pcpd_predicted,pcpd_predicted,pcpd_predicted,1,,,,,,,,,pcpd/CYP71AT146.pdb,0,,,,,,
ENZ_G000176,A0A1L3HEE9,pcpd_predicted,pcpd_predicted,pcpd_predicted,1,,,,,,,,,pcpd/CYP716A111.pdb,0,,,,,,
ENZ_G000177,A0A1L3HS58,alphafill_candidate,alphafold_heme_transplant,heme_transplanted,1,A0A1L3HS58-F1,ENZ_G000554,0.133,22.95,,,,,,0,"qc=bad, n_ca=446, template=D1MI46",data\structures\alphafold\pdb\AF-A0A1L3HS58-F1.pdb,data\structures\heme_transplant\pdb\ENZ_G000177_heme.pdb,0.255,3.881,4.346
ENZ_G000178,A0A1L7NQ47,alphafill_candidate,alphafold_heme_transplant,heme_transplanted,1,A0A1L7NQ47-F1,ENZ_G000502,0.194,6.06,,,,,,0,"qc=bad, n_ca=512, template=B6HUQ4",data\structures\alphafold\pdb\AF-A0A1L7NQ47-F1.pdb,data\structures\heme_transplant\pdb\ENZ_G000178_heme.pdb,2.969,7.284,6.076
ENZ_G000179,A0A1L7NT18,alphafill_candidate,alphafold_heme_transplant,heme_transplanted,1,A0A1L7NT18-F1,ENZ_G000046,0.674,28.26,,,,,,0,"qc=bad, n_ca=471, template=A0A0A8KYF2",data\structures\alphafold\pdb\AF-A0A1L7NT18-F1.pdb,data\structures\heme_transplant\pdb\ENZ_G000179_heme.pdb,0.030,3.407,-7.238
ENZ_G000180,A0A1L7NXK5,pcpd_predicted,pcpd_predicted,pcpd_predicted,1,,,,,,,,,pcpd/CYP716A179.pdb,0,,,,,,
ENZ_G000181,A0A1L9URA0,alphafill_candidate,alphafill,downloaded_with_heme,1,A0A1L9URA0-F1,7KVN,0.251397,2.18581,1.74642,0.454585,data\structures\alphafill\json\A0A1L9URA0-F1.json,data\structures\alphafill\cif\A0A1L9URA0-F1.cif,,0,,,,,,
ENZ_G000182,A0A1L9WLE2,alphafill_candidate,alphafold_heme_transplant,heme_transplanted,1,A0A1L9WLE2-F1,ENZ_G000799,0.145,29.61,,,,,,0,"qc=bad, n_ca=502, template=P0CU70",data\structures\alphafold\pdb\AF-A0A1L9WLE2-F1.pdb,data\structures\heme_transplant\pdb\ENZ_G000182_heme.pdb,3.949,6.708,-0.662
ENZ_G000183,A0A1L9WN31,alphafill_candidate,alphafill,downloaded_with_heme,1,A0A1L9WN31-F1,3E4E,0.326923,3.68462,0.686595,0.760701,data\structures\alphafill\json\A0A1L9WN31-F1.json,data\structures\alphafill\cif\A0A1L9WN31-F1.cif,,0,,,,,,
ENZ_G000184,A0A1L9WN72,alphafill_candidate,alphafill,downloaded_with_heme,1,A0A1L9WN72-F1,1PQ2,0.295918,2.09544,0.683768,0.795958,data\structures\alphafill\json\A0A1L9WN72-F1.json,data\structures\alphafill\cif\A0A1L9WN72-F1.cif,,0,,,,,,
ENZ_G000185,A0A1L9WQK2,alphafill_candidate,alphafold_heme_transplant,heme_transplanted,1,A0A1L9WQK2-F1,ENZ_G000098,0.307,20.09,,,,,,0,"qc=bad, n_ca=522, template=A0A0P0ZEA9",data\structures\alphafold\pdb\AF-A0A1L9WQK2-F1.pdb,data\structures\heme_transplant\pdb\ENZ_G000185_heme.pdb,-3.829,5.148,-0.538
ENZ_G000186,A0A1L9WUS5,alphafill_candidate,alphafill,downloaded_with_heme,1,A0A1L9WUS5-F1,3E4E,0.272727,2.92863,0.675936,0.836379,data\structures\alphafill\json\A0A1L9WUS5-F1.json,data\structures\alphafill\cif\A0A1L9WUS5-F1.cif,,0,,,,,,
ENZ_G000187,A0A1L9WUV2,alphafill_candidate,alphafill,downloaded_with_heme,1,A0A1L9WUV2-F1,7LXL,0.2723,2.71675,1.44407,0.18797,data\structures\alphafill\json\A0A1L9WUV2-F1.json,data\structures\alphafill\cif\A0A1L9WUV2-F1.cif,,0,,,,,,
ENZ_G000188,A0A1L9WVI3,alphafill_candidate,alphafill,downloaded_with_heme,1,A0A1L9WVI3-F1,7LXL,0.268519,5.1398,0.674763,0.753266,data\structures\alphafill\json\A0A1L9WVI3-F1.json,data\structures\alphafill\cif\A0A1L9WVI3-F1.cif,,0,,,,,,
ENZ_G000189,A0A1M4Y7D5,experimental_pdb,experimental_pdb,experimental_pdb,1,,,,,,,,,s1_rcsb/6J87,0,,,,,,
ENZ_G000190,A0A1M7CBV6,experimental_pdb,experimental_pdb,experimental_pdb,1,,,,,,,,,s1_rcsb/9JQM,0,,,,,,
ENZ_G000191,A0A1P8NQJ7,alphafill_candidate,alphafold_heme_transplant,heme_transplanted,1,A0A1P8NQJ7-F1,ENZ_G000937,0.716,1.11,,,,,,0,"qc=good, n_ca=513, template=Q02928",data\structures\alphafold\pdb\AF-A0A1P8NQJ7-F1.pdb,data\structures\heme_transplant\pdb\ENZ_G000191_heme.pdb,1.976,-2.410,4.007
ENZ_G000192,A0A1P8W705,alphafill_candidate,alphafold_heme_transplant,heme_transplanted,1,A0A1P8W705-F1,ENZ_G000104,0.891,2.17,,,,,,0,"qc=good, n_ca=446, template=A0A0S2II38",data\structures\alphafold\pdb\AF-A0A1P8W705-F1.pdb,data\structures\heme_transplant\pdb\ENZ_G000192_heme.pdb,4.073,1.399,2.185
ENZ_G000193,A0A1R3RGJ7,alphafill_candidate,alphafill,downloaded_with_heme,1,A0A1R3RGJ7-F1,7MK8,0.268116,3.4249,2.08795,0.76005,data\structures\alphafill\json\A0A1R3RGJ7-F1.json,data\structures\alphafill\cif\A0A1R3RGJ7-F1.cif,,0,,,,,,
ENZ_G000194,A0A1S3AUF5,alphafill_candidate,alphafold_heme_transplant,heme_transplanted,1,A0A1S3AUF5-F1,ENZ_G000704,0.669,3.07,,,,,,0,"qc=warn, n_ca=473, template=K7NBR2",data\structures\alphafold\pdb\AF-A0A1S3AUF5-F1.pdb,data\structures\heme_transplant\pdb\ENZ_G000194_heme.pdb,6.820,22.803,15.197
ENZ_G000195,A0A1S3YVH1,alphafill_candidate,alphafold_heme_transplant,heme_transplanted,1,A0A1S3YVH1-F1,ENZ_G000292,0.275,8.32,,,,,,0,"qc=bad, n_ca=517, template=A0A3G4RHY7",data\structures\alphafold\pdb\AF-A0A1S3YVH1-F1.pdb,data\structures\heme_transplant\pdb\ENZ_G000195_heme.pdb,7.361,-3.646,-17.418
ENZ_G000196,A0A1S5T865,alphafill_candidate,alphafold_heme_transplant,heme_transplanted,1,A0A1S5T865-F1,ENZ_G000886,0.519,8.86,,,,,,0,"qc=bad, n_ca=506, template=P48418",data\structures\alphafold\pdb\AF-A0A1S5T865-F1.pdb,data\structures\heme_transplant\pdb\ENZ_G000196_heme.pdb,0.615,4.829,15.356
ENZ_G000197,A0A1U7Q986,alphafill_candidate,alphafold_heme_transplant,heme_transplanted,1,A0A1U7Q986-F1,ENZ_G000882,1.000,0.20,,,,,,0,"qc=good, n_ca=504, template=P46634",data\structures\alphafold\pdb\AF-A0A1U7Q986-F1.pdb,data\structures\heme_transplant\pdb\ENZ_G000197_heme.pdb,2.379,3.230,2.012
ENZ_G000198,A0A1U7Z269,alphafill_candidate,alphafold_heme_transplant,heme_transplanted,1,A0A1U7Z269-F1,ENZ_G001292,0.251,13.82,,,,,,0,"qc=bad, n_ca=461, template=Q9FXW4",data\structures\alphafold\pdb\AF-A0A1U7Z269-F1.pdb,data\structures\heme_transplant\pdb\ENZ_G000198_heme.pdb,5.809,-0.512,0.667
ENZ_G000199,A0A1U8P1B7,pcpd_predicted,pcpd_predicted,pcpd_predicted,1,,,,,,,,,pcpd/CYP82L1.pdb,0,,,,,,
ENZ_G000200,A0A1U9X5Z7,alphafill_candidate,alphafold_heme_transplant,heme_transplanted,1,A0A1U9X5Z7-F1,ENZ_G000881,0.241,5.43,,,,,,0,"qc=bad, n_ca=505, template=P37122",data\structures\alphafold\pdb\AF-A0A1U9X5Z7-F1.pdb,data\structures\heme_transplant\pdb\ENZ_G000200_heme.pdb,3.886,1.259,-2.975
ENZ_G000201,A0A1V0QSB7,alphafill_candidate,alphafill,downloaded_with_heme,1,A0A1V0QSB7-F1,3C6G,0.313726,2.41894,1.1434,0.955885,data\structures\alphafill\json\A0A1V0QSB7-F1.json,data\structures\alphafill\cif\A0A1V0QSB7-F1.cif,,0,,,,,,
ENZ_G000202,A0A1V0QSE7,alphafill_candidate,alphafill,downloaded_with_heme,1,A0A1V0QSE7-F1,2F9Q,0.342593,2.59994,2.2793,0.714364,data\structures\alphafill\json\A0A1V0QSE7-F1.json,data\structures\alphafill\cif\A0A1V0QSE7-F1.cif,,0,,,,,,
ENZ_G000203,A0A1V0QSE9,alphafill_candidate,alphafill,downloaded_with_heme,1,A0A1V0QSE9-F1,7KVK,0.280335,6.51868,1.4755,0.482754,data\structures\alphafill\json\A0A1V0QSE9-F1.json,data\structures\alphafill\cif\A0A1V0QSE9-F1.cif,,0,,,,,,
ENZ_G000204,A0A1V0UEC8,experimental_pdb,experimental_pdb,experimental_pdb,1,,,,,,,,,s1_rcsb/6A7J,0,,,,,,
ENZ_G000205,A0A1V1FHP8,alphafill_candidate,alphafold_heme_transplant,heme_transplanted,1,A0A1V1FHP8-F1,ENZ_G000168,0.965,3.46,,,,,,0,"qc=warn, n_ca=444, template=A0A1I9Q5Y8",data\structures\alphafold\pdb\AF-A0A1V1FHP8-F1.pdb,data\structures\heme_transplant\pdb\ENZ_G000205_heme.pdb,3.520,3.220,1.289
ENZ_G000206,A0A1V1FNM9,alphafill_candidate,alphafill,downloaded_with_heme,1,A0A1V1FNM9-F1,4R1Z,0.311688,7.46446,8.78347,0.732365,data\structures\alphafill\json\A0A1V1FNM9-F1.json,data\structures\alphafill\cif\A0A1V1FNM9-F1.cif,,0,,,,,,
ENZ_G000207,A0A1V1FNZ5,alphafill_candidate,alphafill,downloaded_with_heme,1,A0A1V1FNZ5-F1,5TL8,0.304348,2.21899,1.4965,0.251347,data\structures\alphafill\json\A0A1V1FNZ5-F1.json,data\structures\alphafill\cif\A0A1V1FNZ5-F1.cif,,0,,,,,,
ENZ_G000208,A0A1V6PB34,alphafill_candidate,alphafill,downloaded_with_heme,1,A0A1V6PB34-F1,6MCW,0.284519,4.13914,1.32534,0.250844,data\structures\alphafill\json\A0A1V6PB34-F1.json,data\structures\alphafill\cif\A0A1V6PB34-F1.cif,,0,,,,,,
ENZ_G000209,A0A1V6PBE7,alphafill_candidate,alphafill,downloaded_with_heme,1,A0A1V6PBE7-F1,1N97,0.29703,16.4179,12.7508,0.807535,data\structures\alphafill\json\A0A1V6PBE7-F1.json,data\structures\alphafill\cif\A0A1V6PBE7-F1.cif,,0,,,,,,
ENZ_G000210,A0A1W5T1T6,alphafill_candidate,alphafold_heme_transplant,heme_transplanted,1,A0A1W5T1T6-F1,ENZ_G000746,0.144,19.46,,,,,,0,"qc=bad, n_ca=484, template=O46658",data\structures\alphafold\pdb\AF-A0A1W5T1T6-F1.pdb,data\structures\heme_transplant\pdb\ENZ_G000210_heme.pdb,-3.661,0.205,-1.799
ENZ_G000211,A0A1W5T1U4,alphafill_candidate,alphafold_heme_transplant,heme_transplanted,1,A0A1W5T1U4-F1,ENZ_G000593,0.152,25.84,,,,,,0,"qc=bad, n_ca=477, template=E5A7D8",data\structures\alphafold\pdb\AF-A0A1W5T1U4-F1.pdb,data\structures\heme_transplant\pdb\ENZ_G000211_heme.pdb,-6.201,0.409,3.297
ENZ_G000212,A0A1Y1C7S2,alphafill_candidate,alphafill,downloaded_with_heme,1,A0A1Y1C7S2-F1,7M8V,0.272727,4.04331,3.28592,0.586431,data\structures\alphafill\json\A0A1Y1C7S2-F1.json,data\structures\alphafill\cif\A0A1Y1C7S2-F1.cif,,0,,,,,,
ENZ_G000213,A0A1Y1RQ53,experimental_pdb,experimental_pdb,experimental_pdb,1,,,,,,,,,s1_rcsb/8D8P,0,,,,,,
ENZ_G000214,A0A1Z1MZ59,alphafill_candidate,alphafold_heme_transplant,heme_transplanted,1,A0A1Z1MZ59-F1,ENZ_G000590,0.219,10.36,,,,,,0,"qc=bad, n_ca=398, template=E3VWI3",data\structures\alphafold\pdb\AF-A0A1Z1MZ59-F1.pdb,data\structures\heme_transplant\pdb\ENZ_G000214_heme.pdb,4.933,-3.484,-2.049
ENZ_G000215,A0A1Z1MZ61,alphafill_candidate,alphafill,alphafill_not_found,0,A0A1Z1MZ61-F1,,,,,,,,,0,All 5 templates failed,data\structures\alphafold\pdb\AF-A0A1Z1MZ61-F1.pdb,,,,
ENZ_G000216,A0A1Z2R7G7,alphafill_candidate,alphafill,downloaded_with_heme,1,A0A1Z2R7G7-F1,6VBY,0.67462,0.823896,0.277357,0.14356,data\structures\alphafill\json\A0A1Z2R7G7-F1.json,data\structures\alphafill\cif\A0A1Z2R7G7-F1.cif,,0,,,,,,
ENZ_G000217,A0A1Z2R7G8,alphafill_candidate,alphafill,downloaded_with_heme,1,A0A1Z2R7G8-F1,6VBY,0.684435,1.00298,0.279047,0.136786,data\structures\alphafill\json\A0A1Z2R7G8-F1.json,data\structures\alphafill\cif\A0A1Z2R7G8-F1.cif,,0,,,,,,
ENZ_G000218,A0A1Z2R7G9,alphafill_candidate,alphafill,downloaded_with_heme,1,A0A1Z2R7G9-F1,6VBY,0.659574,0.976334,0.27457,0.139116,data\structures\alphafill\json\A0A1Z2R7G9-F1.json,data\structures\alphafill\cif\A0A1Z2R7G9-F1.cif,,0,,,,,,
ENZ_G000219,A0A1Z3GBS4,alphafill_candidate,alphafill,downloaded_with_heme,1,A0A1Z3GBS4-F1,5YLW,0.792035,0.68075,0.253577,0.120974,data\structures\alphafill\json\A0A1Z3GBS4-F1.json,data\structures\alphafill\cif\A0A1Z3GBS4-F1.cif,,0,,,,,,
ENZ_G000220,A0A218N7J9,alphafill_candidate,alphafold_heme_transplant,heme_transplanted,1,A0A218N7J9-F1,ENZ_G000123,0.197,18.58,,,,,,0,"qc=bad, n_ca=507, template=A0A140JWT6",data\structures\alphafold\pdb\AF-A0A218N7J9-F1.pdb,data\structures\heme_transplant\pdb\ENZ_G000220_heme.pdb,0.846,2.836,4.295
ENZ_G000221,A0A218NGS0,pcpd_predicted,pcpd_predicted,pcpd_predicted,1,,,,,,,,,pcpd/CYP82K100.pdb,0,,,,,,
ENZ_G000222,A0A239NBQ6,experimental_pdb,experimental_pdb,experimental_pdb,1,,,,,,,,,s1_rcsb/9KPU,0,,,,,,
ENZ_G000223,A0A240FWB3,alphafill_candidate,alphafold_heme_transplant,heme_transplanted,1,A0A240FWB3-F1,ENZ_G000475,0.597,6.49,,,,,,0,"qc=bad, n_ca=490, template=B1NF20",data\structures\alphafold\pdb\AF-A0A240FWB3-F1.pdb,data\structures\heme_transplant\pdb\ENZ_G000223_heme.pdb,3.088,2.385,-19.262
ENZ_G000224,A0A240FWB4,alphafill_candidate,alphafold_heme_transplant,heme_transplanted,1,A0A240FWB4-F1,ENZ_G001059,0.629,9.55,,,,,,0,"qc=bad, n_ca=489, template=Q50LH3",data\structures\alphafold\pdb\AF-A0A240FWB4-F1.pdb,data\structures\heme_transplant\pdb\ENZ_G000224_heme.pdb,2.331,9.635,3.385
ENZ_G000225,A0A286JZP2,alphafill_candidate,alphafold_heme_transplant,heme_transplanted,1,A0A286JZP2-F1,ENZ_G000044,0.556,27.36,,,,,,0,"qc=bad, n_ca=495, template=A0A0A2JY25",data\structures\alphafold\pdb\AF-A0A286JZP2-F1.pdb,data\structures\heme_transplant\pdb\ENZ_G000225_heme.pdb,-3.495,13.728,-6.097
ENZ_G000226,A0A286LD89,alphafill_candidate,alphafold_heme_transplant,heme_transplanted,1,A0A286LD89-F1,ENZ_G001134,0.131,28.77,,,,,,0,"qc=bad, n_ca=366, template=Q6R7M4",data\structures\alphafold\pdb\AF-A0A286LD89-F1.pdb,data\structures\heme_transplant\pdb\ENZ_G000226_heme.pdb,-10.376,-12.578,-0.272
ENZ_G000227,A0A286QXW8,alphafill_candidate,alphafold_heme_transplant,heme_transplanted,1,A0A286QXW8-F1,ENZ_G000771,0.764,3.49,,,,,,0,"qc=warn, n_ca=505, template=O81928",data\structures\alphafold\pdb\AF-A0A286QXW8-F1.pdb,data\structures\heme_transplant\pdb\ENZ_G000227_heme.pdb,1.372,-1.820,0.430
ENZ_G000228,A0A286QXW9,alphafill_candidate,alphafold_heme_transplant,heme_transplanted,1,A0A286QXW9-F1,ENZ_G000890,0.795,0.85,,,,,,0,"qc=good, n_ca=505, template=P48522",data\structures\alphafold\pdb\AF-A0A286QXW9-F1.pdb,data\structures\heme_transplant\pdb\ENZ_G000228_heme.pdb,1.492,-1.243,1.477
ENZ_G000229,A0A286QXY7,alphafill_candidate,alphafold_heme_transplant,heme_transplanted,1,A0A286QXY7-F1,ENZ_G001338,0.546,9.43,,,,,,0,"qc=bad, n_ca=512, template=Q9SBQ9",data\structures\alphafold\pdb\AF-A0A286QXY7-F1.pdb,data\structures\heme_transplant\pdb\ENZ_G000229_heme.pdb,5.055,-2.084,2.804
ENZ_G000230,A0A286QZ02,alphafill_candidate,alphafold_heme_transplant,heme_transplanted,1,A0A286QZ02-F1,ENZ_G000199,0.881,1.45,,,,,,0,"qc=good, n_ca=484, template=A0A1U8P1B7",data\structures\alphafold\pdb\AF-A0A286QZ02-F1.pdb,data\structures\heme_transplant\pdb\ENZ_G000230_heme.pdb,2.037,-4.318,0.415
ENZ_G000231,A0A286RS89,alphafill_candidate,alphafold_heme_transplant,heme_transplanted,1,A0A286RS89-F1,ENZ_G001573,0.948,22.28,,,,,,0,"qc=bad, n_ca=461, template=",data\structures\alphafold\pdb\AF-A0A286RS89-F1.pdb,data\structures\heme_transplant\pdb\ENZ_G000231_heme.pdb,5.108,-2.203,4.231
ENZ_G000232,A0A286RS91,alphafill_candidate,alphafold_heme_transplant,heme_transplanted,1,A0A286RS91-F1,ENZ_G001573,0.992,1.95,,,,,,0,"qc=good, n_ca=485, template=",data\structures\alphafold\pdb\AF-A0A286RS91-F1.pdb,data\structures\heme_transplant\pdb\ENZ_G000232_heme.pdb,6.449,-3.133,1.641
ENZ_G000233,A0A286RS92,alphafill_candidate,alphafold_heme_transplant,heme_transplanted,1,A0A286RS92-F1,ENZ_G001609,0.760,16.54,,,,,,0,"qc=bad, n_ca=482, template=",data\structures\alphafold\pdb\AF-A0A286RS92-F1.pdb,data\structures\heme_transplant\pdb\ENZ_G000233_heme.pdb,3.737,-3.949,-0.408
ENZ_G000234,A0A286SBY7,experimental_pdb,experimental_pdb,experimental_pdb,1,,,,,,,,,s1_rcsb/6M4P,0,,,,,,
ENZ_G000235,A0A288W866,pcpd_predicted,pcpd_predicted,pcpd_predicted,1,,,,,,,,,pcpd/CYP79A118.pdb,0,,,,,,
ENZ_G000236,A0A290YXM6,experimental_pdb,experimental_pdb,experimental_pdb,1,,,,,,,,,s1_rcsb/6KFW,0,,,,,,
ENZ_G000237,A0A291FB09,alphafill_candidate,alphafold_heme_transplant,heme_transplanted,1,A0A291FB09-F1,ENZ_G000938,0.444,16.35,,,,,,0,"qc=bad, n_ca=505, template=Q04468",data\structures\alphafold\pdb\AF-A0A291FB09-F1.pdb,data\structures\heme_transplant\pdb\ENZ_G000237_heme.pdb,8.266,7.123,-11.659
ENZ_G000238,A0A2B7YD52,alphafill_candidate,alphafold_heme_transplant,heme_transplanted,1,A0A2B7YD52-F1,ENZ_G001108,0.147,21.44,,,,,,0,"qc=bad, n_ca=528, template=Q64429",data\structures\alphafold\pdb\AF-A0A2B7YD52-F1.pdb,data\structures\heme_transplant\pdb\ENZ_G000238_heme.pdb,-11.322,-10.391,-14.044
ENZ_G000239,A0A2B7YEF7,alphafill_candidate,alphafold_heme_transplant,heme_transplanted,1,A0A2B7YEF7-F1,ENZ_G001156,0.156,19.51,,,,,,0,"qc=bad, n_ca=475, template=Q6Z5I7",data\structures\alphafold\pdb\AF-A0A2B7YEF7-F1.pdb,data\structures\heme_transplant\pdb\ENZ_G000239_heme.pdb,-4.288,-1.511,-1.154
ENZ_G000240,A0A2B7YFS5,alphafill_candidate,alphafold_heme_transplant,heme_transplanted,1,A0A2B7YFS5-F1,ENZ_G000125,0.147,8.15,,,,,,0,"qc=bad, n_ca=540, template=A0A140JWU1",data\structures\alphafold\pdb\AF-A0A2B7YFS5-F1.pdb,data\structures\heme_transplant\pdb\ENZ_G000240_heme.pdb,2.104,4.348,-0.540
ENZ_G000241,A0A2C9DK12,alphafill_candidate,alphafold_heme_transplant,heme_transplanted,1,A0A2C9DK12-F1,ENZ_G001134,0.220,5.19,,,,,,0,"qc=bad, n_ca=493, template=Q6R7M4",data\structures\alphafold\pdb\AF-A0A2C9DK12-F1.pdb,data\structures\heme_transplant\pdb\ENZ_G000241_heme.pdb,14.628,-4.702,10.458
ENZ_G000242,A0A2G1XAS5,alphafill_candidate,alphafold_heme_transplant,heme_transplanted,1,A0A2G1XAS5-F1,ENZ_G001255,0.173,21.47,,,,,,0,"qc=bad, n_ca=488, template=Q96SQ9",data\structures\alphafold\pdb\AF-A0A2G1XAS5-F1.pdb,data\structures\heme_transplant\pdb\ENZ_G000242_heme.pdb,-11.536,-5.822,3.785
ENZ_G000243,A0A2G3ANZ9,alphafill_candidate,alphafold_heme_transplant,heme_transplanted,1,A0A2G3ANZ9-F1,ENZ_G000701,0.839,2.53,,,,,,0,"qc=good, n_ca=435, template=K4CI52",data\structures\alphafold\pdb\AF-A0A2G3ANZ9-F1.pdb,data\structures\heme_transplant\pdb\ENZ_G000243_heme.pdb,3.857,-2.366,2.805
ENZ_G000244,A0A2H3CNY6,alphafill_candidate,alphafill,downloaded_with_heme,1,A0A2H3CNY6-F1,3C6G,0.27551,2.53108,1.2914,0.729903,data\structures\alphafill\json\A0A2H3CNY6-F1.json,data\structures\alphafill\cif\A0A2H3CNY6-F1.cif,,0,,,,,,
ENZ_G000245,A0A2H3CSA7,alphafill_candidate,alphafill,downloaded_with_heme,1,A0A2H3CSA7-F1,3R1B,0.384615,4.10219,0.430772,0.791826,data\structures\alphafill\json\A0A2H3CSA7-F1.json,data\structures\alphafill\cif\A0A2H3CSA7-F1.cif,,0,,,,,,
ENZ_G000246,A0A2H3CZX2,alphafill_candidate,alphafill,downloaded_with_heme,1,A0A2H3CZX2-F1,6OYV,0.281046,4.73148,0.875033,0.114852,data\structures\alphafill\json\A0A2H3CZX2-F1.json,data\structures\alphafill\cif\A0A2H3CZX2-F1.cif,,0,,,,,,
ENZ_G000247,A0A2H4DGV8,pcpd_predicted,pcpd_predicted,pcpd_predicted,1,,,,,,,,,pcpd/CYP71BL6.pdb,0,,,,,,
ENZ_G000248,A0A2H4WK62,alphafill_candidate,alphafold_heme_transplant,heme_transplanted,1,A0A2H4WK62-F1,ENZ_G001532,0.293,21.79,,,,,,0,"qc=bad, n_ca=406, template=",data\structures\alphafold\pdb\AF-A0A2H4WK62-F1.pdb,data\structures\heme_transplant\pdb\ENZ_G000248_heme.pdb,-5.074,4.562,2.691
ENZ_G000249,A0A2I1C3T4,alphafill_candidate,alphafold_heme_transplant,heme_transplanted,1,A0A2I1C3T4-F1,ENZ_G000799,0.188,23.82,,,,,,0,"qc=bad, n_ca=515, template=P0CU70",data\structures\alphafold\pdb\AF-A0A2I1C3T4-F1.pdb,data\structures\heme_transplant\pdb\ENZ_G000249_heme.pdb,-4.874,-2.748,-4.593
ENZ_G000250,A0A2I1CSG1,alphafill_candidate,alphafold_heme_transplant,heme_transplanted,1,A0A2I1CSG1-F1,ENZ_G000093,0.154,8.56,,,,,,0,"qc=bad, n_ca=536, template=A0A0N9HKQ7",data\structures\alphafold\pdb\AF-A0A2I1CSG1-F1.pdb,data\structures\heme_transplant\pdb\ENZ_G000250_heme.pdb,0.776,-7.080,3.305
ENZ_G000251,A0A2I1CSH6,alphafill_candidate,alphafold_heme_transplant,heme_transplanted,1,A0A2I1CSH6-F1,ENZ_G000293,0.166,30.42,,,,,,0,"qc=bad, n_ca=441, template=A0A3G9GNK2",data\structures\alphafold\pdb\AF-A0A2I1CSH6-F1.pdb,data\structures\heme_transplant\pdb\ENZ_G000251_heme.pdb,-2.989,3.851,2.912
ENZ_G000252,A0A2I6PJ08,alphafill_candidate,alphafill,downloaded_with_heme,1,A0A2I6PJ08-F1,5VCD,0.306034,3.85647,1.88907,0.218206,data\structures\alphafill\json\A0A2I6PJ08-F1.json,data\structures\alphafill\cif\A0A2I6PJ08-F1.cif,,0,,,,,,
ENZ_G000253,A0A2I9DQ46,alphafill_candidate,alphafill,downloaded_with_heme,1,A0A2I9DQ46-F1,7F3H,0.867965,1.19467,0.499472,0.382555,data\structures\alphafill\json\A0A2I9DQ46-F1.json,data\structures\alphafill\cif\A0A2I9DQ46-F1.cif,,0,,,,,,
ENZ_G000254,A0A2K9RG08,alphafill_candidate,alphafill,downloaded_with_heme,1,A0A2K9RG08-F1,7X2Q,0.462555,2.01661,0.861834,0.178434,data\structures\alphafill\json\A0A2K9RG08-F1.json,data\structures\alphafill\cif\A0A2K9RG08-F1.cif,,0,,,,,,
ENZ_G000255,A0A2R4SBW0,alphafill_candidate,alphafill,downloaded_with_heme,1,A0A2R4SBW0-F1,5VEU,0.324818,4.32341,1.96423,0.329636,data\structures\alphafill\json\A0A2R4SBW0-F1.json,data\structures\alphafill\cif\A0A2R4SBW0-F1.cif,,0,,,,,,
ENZ_G000256,A0A2U1LIM9,alphafill_candidate,alphafold_heme_transplant,heme_transplanted,1,A0A2U1LIM9-F1,ENZ_G000652,0.165,33.01,,,data\structures\alphafill\json\A0A2U1LIM9-F1.json,,,0,"qc=bad, n_ca=704, template=G5EJN7",data\structures\alphafold\pdb\AF-A0A2U1LIM9-F1.pdb,data\structures\heme_transplant\pdb\ENZ_G000256_heme.pdb,-11.328,5.873,-6.206
ENZ_G000257,A0A2U1N1C9,alphafill_candidate,alphafold_heme_transplant,heme_transplanted,1,A0A2U1N1C9-F1,ENZ_G001457,0.462,4.37,,,,,,0,"qc=warn, n_ca=290, template=X2JI34",data\structures\alphafold\pdb\AF-A0A2U1N1C9-F1.pdb,data\structures\heme_transplant\pdb\ENZ_G000257_heme.pdb,-7.725,-6.098,6.270
ENZ_G000258,A0A2U8JPX6,pcpd_predicted,pcpd_predicted,pcpd_predicted,1,,,,,,,,,pcpd/CYP71AX36.pdb,0,,,,,,
ENZ_G000259,A0A2V1NWK9,alphafill_candidate,alphafill,alphafill_not_found,0,A0A2V1NWK9-F1,,,,,,,,,0,All 5 templates failed,data\structures\alphafold\pdb\AF-A0A2V1NWK9-F1.pdb,,,,
ENZ_G000260,A0A2Z5D850,alphafill_candidate,alphafill,downloaded_with_heme,1,A0A2Z5D850-F1,5YLW,0.305046,2.89786,0.770998,0.172015,data\structures\alphafill\json\A0A2Z5D850-F1.json,data\structures\alphafill\cif\A0A2Z5D850-F1.cif,,0,,,,,,
ENZ_G000261,A0A2Z5D852,alphafill_candidate,alphafill,downloaded_with_heme,1,A0A2Z5D852-F1,5YLW,0.286611,3.02006,0.799212,0.155923,data\structures\alphafill\json\A0A2Z5D852-F1.json,data\structures\alphafill\cif\A0A2Z5D852-F1.cif,,0,,,,,,
ENZ_G000262,A0A2Z5D854,alphafill_candidate,alphafill,downloaded_with_heme,1,A0A2Z5D854-F1,5YLW,0.303769,2.68232,0.718328,0.215723,data\structures\alphafill\json\A0A2Z5D854-F1.json,data\structures\alphafill\cif\A0A2Z5D854-F1.cif,,0,,,,,,
ENZ_G000263,A0A2Z5P2H9,alphafill_candidate,alphafold_heme_transplant,heme_transplanted,1,A0A2Z5P2H9-F1,ENZ_G000912,0.304,10.62,,,,,,0,"qc=bad, n_ca=470, template=P98183",data\structures\alphafold\pdb\AF-A0A2Z5P2H9-F1.pdb,data\structures\heme_transplant\pdb\ENZ_G000263_heme.pdb,2.905,-2.344,2.534
ENZ_G000264,A0A2Z5U3C2,alphafill_candidate,alphafold_heme_transplant,heme_transplanted,1,A0A2Z5U3C2-F1,ENZ_G000293,0.158,16.48,,,,,,0,"qc=bad, n_ca=517, template=A0A3G9GNK2",data\structures\alphafold\pdb\AF-A0A2Z5U3C2-F1.pdb,data\structures\heme_transplant\pdb\ENZ_G000264_heme.pdb,0.002,6.512,0.025
ENZ_G000265,A0A2Z5U627,pcpd_predicted,pcpd_predicted,pcpd_predicted,1,,,,,,,,,pcpd/CYP92B14.pdb,0,,,,,,
ENZ_G000266,A0A2Z5U6I9,alphafill_candidate,alphafold_heme_transplant,heme_transplanted,1,A0A2Z5U6I9-F1,ENZ_G000521,0.183,12.33,,,,,,0,"qc=bad, n_ca=526, template=B9WZX4",data\structures\alphafold\pdb\AF-A0A2Z5U6I9-F1.pdb,data\structures\heme_transplant\pdb\ENZ_G000266_heme.pdb,-7.152,-3.541,-23.632
ENZ_G000267,A0A2Z5X6T5,alphafill_candidate,alphafill,alphafill_not_found,0,A0A2Z5X6T5-F1,,,,,,,,,0,All 5 templates failed,data\structures\alphafold\pdb\AF-A0A2Z5X6T5-F1.pdb,,,,
ENZ_G000268,A0A2Z5X755,alphafill_candidate,alphafold_heme_transplant,heme_transplanted,1,A0A2Z5X755-F1,ENZ_G000590,0.215,22.81,,,,,,0,"qc=bad, n_ca=398, template=E3VWI3",data\structures\alphafold\pdb\AF-A0A2Z5X755-F1.pdb,data\structures\heme_transplant\pdb\ENZ_G000268_heme.pdb,6.063,-2.013,-3.654
ENZ_G000269,A0A2Z6BXV9,alphafill_candidate,alphafold_heme_transplant,heme_transplanted,1,A0A2Z6BXV9-F1,ENZ_G000270,0.468,22.82,,,,,,0,"qc=bad, n_ca=489, template=A0A2Z6BXW3",data\structures\alphafold\pdb\AF-A0A2Z6BXV9-F1.pdb,data\structures\heme_transplant\pdb\ENZ_G000269_heme.pdb,-1.717,5.556,-2.319
ENZ_G000270,A0A2Z6BXW3,pcpd_predicted,pcpd_predicted,pcpd_predicted,1,,,,,,,,,pcpd/CYP82P2.pdb,0,,,,,,
ENZ_G000271,A0A343URW6,alphafill_candidate,alphafill,downloaded_with_heme,1,A0A343URW6-F1,8E83,0.326241,6.00961,0.020302,0.833749,data\structures\alphafill\json\A0A343URW6-F1.json,data\structures\alphafill\cif\A0A343URW6-F1.cif,,0,,,,,,
ENZ_G000272,A0A343URW7,alphafill_candidate,alphafill,downloaded_with_heme,1,A0A343URW7-F1,5YLW,0.304069,2.98254,1.5429,0.327245,data\structures\alphafill\json\A0A343URW7-F1.json,data\structures\alphafill\cif\A0A343URW7-F1.cif,,0,,,,,,
ENZ_G000273,A0A346B546,alphafill_candidate,alphafold_heme_transplant,heme_transplanted,1,A0A346B546-F1,ENZ_G000617,0.152,11.17,,,,,,0,"qc=bad, n_ca=497, template=F1SYD1",data\structures\alphafold\pdb\AF-A0A346B546-F1.pdb,data\structures\heme_transplant\pdb\ENZ_G000273_heme.pdb,2.381,5.933,-1.596
ENZ_G000274,A0A346CEA2,alphafill_candidate,alphafold_heme_transplant,heme_transplanted,1,A0A346CEA2-F1,ENZ_G000261,0.239,14.08,,,,,,0,"qc=bad, n_ca=506, template=A0A2Z5D852",data\structures\alphafold\pdb\AF-A0A346CEA2-F1.pdb,data\structures\heme_transplant\pdb\ENZ_G000274_heme.pdb,11.388,-3.423,4.837
ENZ_G000275,A0A368UNN3,experimental_pdb,experimental_pdb,experimental_pdb,1,,,,,,,,,s1_rcsb/9IXL,0,,,,,,
ENZ_G000276,A0A380DQV1,experimental_pdb,experimental_pdb,experimental_pdb,1,,,,,,,,,s1_rcsb/7OW9,0,,,,,,
ENZ_G000277,A0A384JQH2,alphafill_candidate,alphafill,downloaded_with_heme,1,A0A384JQH2-F1,7KVM,0.3,2.77866,1.42337,0.282196,data\structures\alphafill\json\A0A384JQH2-F1.json,data\structures\alphafill\cif\A0A384JQH2-F1.cif,,0,,,,,,
ENZ_G000278,A0A384ZVR0,alphafill_candidate,alphafold_heme_transplant,heme_transplanted,1,A0A384ZVR0-F1,ENZ_G001261,0.238,9.71,,,,,,0,"qc=bad, n_ca=464, template=Q9AVQ2",data\structures\alphafold\pdb\AF-A0A384ZVR0-F1.pdb,data\structures\heme_transplant\pdb\ENZ_G000278_heme.pdb,1.425,-0.480,3.188
ENZ_G000279,A0A385EI30,alphafill_candidate,alphafold_heme_transplant,heme_transplanted,1,A0A385EI30-F1,ENZ_G000890,0.780,0.38,,,,,,0,"qc=good, n_ca=504, template=P48522",data\structures\alphafold\pdb\AF-A0A385EI30-F1.pdb,data\structures\heme_transplant\pdb\ENZ_G000279_heme.pdb,1.471,-1.296,1.421
ENZ_G000280,A0A385EIG2,alphafill_candidate,alphafold_heme_transplant,heme_transplanted,1,A0A385EIG2-F1,ENZ_G000890,0.784,0.59,,,,,,0,"qc=good, n_ca=504, template=P48522",data\structures\alphafold\pdb\AF-A0A385EIG2-F1.pdb,data\structures\heme_transplant\pdb\ENZ_G000280_heme.pdb,1.562,-1.146,1.423
ENZ_G000281,A0A386KZI3,alphafill_candidate,alphafill,downloaded_with_heme,1,A0A386KZI3-F1,5VEU,0.300562,3.88616,1.006,0.223198,data\structures\alphafill\json\A0A386KZI3-F1.json,data\structures\alphafill\cif\A0A386KZI3-F1.cif,,0,,,,,,
ENZ_G000282,A0A396GRS7,alphafill_candidate,alphafold_heme_transplant,heme_transplanted,1,A0A396GRS7-F1,ENZ_G001609,0.050,13.66,,,,,,0,"qc=bad, n_ca=63, template=",data\structures\alphafold\pdb\AF-A0A396GRS7-F1.pdb,data\structures\heme_transplant\pdb\ENZ_G000282_heme.pdb,3.334,28.528,0.597
ENZ_G000283,A0A396JLC3,alphafill_candidate,alphafold_heme_transplant,heme_transplanted,1,A0A396JLC3-F1,ENZ_G001599,0.212,22.48,,,,,,0,"qc=bad, n_ca=229, template=",data\structures\alphafold\pdb\AF-A0A396JLC3-F1.pdb,data\structures\heme_transplant\pdb\ENZ_G000283_heme.pdb,5.821,-6.223,-7.387
ENZ_G000284,A0A397HSG2,alphafill_candidate,alphafold_heme_transplant,heme_transplanted,1,A0A397HSG2-F1,ENZ_G000639,0.163,19.48,,,,,,0,"qc=bad, n_ca=517, template=G0KYB2",data\structures\alphafold\pdb\AF-A0A397HSG2-F1.pdb,data\structures\heme_transplant\pdb\ENZ_G000284_heme.pdb,2.661,5.802,-1.001
ENZ_G000285,A0A3G1Q973,alphafill_candidate,alphafill,alphafill_not_found,0,A0A3G1Q973-F1,,,,,,,,,0,All 5 templates failed,data\structures\alphafold\pdb\AF-A0A3G1Q973-F1.pdb,,,,
ENZ_G000286,A0A3G2LJ60,alphafill_candidate,alphafold_heme_transplant,heme_transplanted,1,A0A3G2LJ60-F1,ENZ_G001040,0.358,25.11,,,,,,0,"qc=bad, n_ca=464, template=Q43135",data\structures\alphafold\pdb\AF-A0A3G2LJ60-F1.pdb,data\structures\heme_transplant\pdb\ENZ_G000286_heme.pdb,-0.805,-6.718,6.226
ENZ_G000287,A0A3G2LJ64,alphafill_candidate,alphafold_heme_transplant,heme_transplanted,1,A0A3G2LJ64-F1,ENZ_G001580,0.231,20.34,,,,,,0,"qc=bad, n_ca=483, template=",data\structures\alphafold\pdb\AF-A0A3G2LJ64-F1.pdb,data\structures\heme_transplant\pdb\ENZ_G000287_heme.pdb,5.083,-1.068,0.768
ENZ_G000288,A0A3G2LJ67,pcpd_predicted,pcpd_predicted,pcpd_predicted,1,,,,,,,,,pcpd/CYP71B103.pdb,0,,,,,,
ENZ_G000289,A0A3G3LXT7,alphafill_candidate,alphafold_heme_transplant,heme_transplanted,1,A0A3G3LXT7-F1,ENZ_G000017,0.963,0.59,,,,,,0,"qc=good, n_ca=534, template=A0A068Q7V0",data\structures\alphafold\pdb\AF-A0A3G3LXT7-F1.pdb,data\structures\heme_transplant\pdb\ENZ_G000289_heme.pdb,11.568,-8.178,12.021
ENZ_G000290,A0A3G3LXV8,alphafill_candidate,alphafold_heme_transplant,heme_transplanted,1,A0A3G3LXV8-F1,ENZ_G000016,0.982,1.40,,,,,,0,"qc=good, n_ca=471, template=A0A068Q609",data\structures\alphafold\pdb\AF-A0A3G3LXV8-F1.pdb,data\structures\heme_transplant\pdb\ENZ_G000290_heme.pdb,-5.009,2.121,-0.359
ENZ_G000291,A0A3G4RHX1,alphafill_candidate,alphafold_heme_transplant,heme_transplanted,1,A0A3G4RHX1-F1,ENZ_G000451,0.256,9.88,,,,,,0,"qc=bad, n_ca=502, template=A6YIH8",data\structures\alphafold\pdb\AF-A0A3G4RHX1-F1.pdb,data\structures\heme_transplant\pdb\ENZ_G000291_heme.pdb,4.269,-6.181,2.157
ENZ_G000292,A0A3G4RHY7,alphafill_candidate,alphafill,downloaded_with_heme,1,A0A3G4RHY7-F1,6WR1,0.318898,22.9995,18.5109,0.702284,data\structures\alphafill\json\A0A3G4RHY7-F1.json,data\structures\alphafill\cif\A0A3G4RHY7-F1.cif,,0,,,,,,
ENZ_G000293,A0A3G9GNK2,alphafill_candidate,alphafill,downloaded_with_heme,1,A0A3G9GNK2-F1,8EOH,0.291262,4.83324,1.12898,0.163786,data\structures\alphafill\json\A0A3G9GNK2-F1.json,data\structures\alphafill\cif\A0A3G9GNK2-F1.cif,,0,,,,,,
ENZ_G000294,A0A3L6DLP3,alphafill_candidate,alphafold_heme_transplant,heme_transplanted,1,A0A3L6DLP3-F1,ENZ_G000911,0.214,14.30,,,,,,0,"qc=bad, n_ca=492, template=P93846",data\structures\alphafold\pdb\AF-A0A3L6DLP3-F1.pdb,data\structures\heme_transplant\pdb\ENZ_G000294_heme.pdb,1.874,1.145,2.939
ENZ_G000295,A0A3L6EYP2,alphafill_candidate,alphafold_heme_transplant,heme_transplanted,1,A0A3L6EYP2-F1,ENZ_G001101,0.304,34.06,,,,,,0,"qc=bad, n_ca=540, template=Q5Z6A5",data\structures\alphafold\pdb\AF-A0A3L6EYP2-F1.pdb,data\structures\heme_transplant\pdb\ENZ_G000295_heme.pdb,2.716,13.648,3.982
ENZ_G000296,A0A3Q1MTF6,alphafill_candidate,alphafold_heme_transplant,heme_transplanted,1,A0A3Q1MTF6-F1,ENZ_G000992,0.931,17.16,,,,,,0,"qc=bad, n_ca=500, template=Q29626",data\structures\alphafold\pdb\AF-A0A3Q1MTF6-F1.pdb,data\structures\heme_transplant\pdb\ENZ_G000296_heme.pdb,4.108,1.117,1.141
ENZ_G000297,A0A3Q7G3P6,alphafill_candidate,alphafold_heme_transplant,heme_transplanted,1,A0A3Q7G3P6-F1,ENZ_G001498,0.328,7.75,,,,,,0,"qc=bad, n_ca=463, template=",data\structures\alphafold\pdb\AF-A0A3Q7G3P6-F1.pdb,data\structures\heme_transplant\pdb\ENZ_G000297_heme.pdb,3.892,-3.631,3.052
ENZ_G000298,A0A3Q7HBJ5,alphafill_candidate,alphafill,downloaded_with_heme,1,A0A3Q7HBJ5-F1,2VE3,0.360987,2.33504,3.1512,0.218537,data\structures\alphafill\json\A0A3Q7HBJ5-F1.json,data\structures\alphafill\cif\A0A3Q7HBJ5-F1.cif,,0,,,,,,
ENZ_G000299,A0A3Q7HS74,pcpd_predicted,pcpd_predicted,pcpd_predicted,1,,,,,,,,,pcpd/CYP716E26.pdb,0,,,,,,
ENZ_G000300,A0A3Q7JG91,alphafill_candidate,alphafold_heme_transplant,heme_transplanted,1,A0A3Q7JG91-F1,ENZ_G000046,0.577,30.00,,,,,,0,"qc=bad, n_ca=471, template=A0A0A8KYF2",data\structures\alphafold\pdb\AF-A0A3Q7JG91-F1.pdb,data\structures\heme_transplant\pdb\ENZ_G000300_heme.pdb,-0.330,4.671,-5.581
ENZ_G000301,A0A3Q8QEF5,alphafill_candidate,alphafold_heme_transplant,heme_transplanted,1,A0A3Q8QEF5-F1,ENZ_G000568,1.000,1.45,,,,,,0,"qc=good, n_ca=488, template=D5JBW8",data\structures\alphafold\pdb\AF-A0A3Q8QEF5-F1.pdb,data\structures\heme_transplant\pdb\ENZ_G000301_heme.pdb,4.464,-3.100,6.431
ENZ_G000302,A0A3Q8QEF7,alphafill_candidate,alphafold_heme_transplant,heme_transplanted,1,A0A3Q8QEF7-F1,ENZ_G000645,0.994,1.03,,,,,,0,"qc=good, n_ca=494, template=G3GBK0",data\structures\alphafold\pdb\AF-A0A3Q8QEF7-F1.pdb,data\structures\heme_transplant\pdb\ENZ_G000302_heme.pdb,1.926,-4.299,1.488
ENZ_G000303,A0A3Q8TIX5,alphafill_candidate,alphafold_heme_transplant,heme_transplanted,1,A0A3Q8TIX5-F1,ENZ_G000881,0.239,5.36,,,,,,0,"qc=bad, n_ca=505, template=P37122",data\structures\alphafold\pdb\AF-A0A3Q8TIX5-F1.pdb,data\structures\heme_transplant\pdb\ENZ_G000303_heme.pdb,4.146,1.299,-2.454
ENZ_G000304,A0A3Q9FEJ4,alphafill_candidate,alphafill,downloaded_with_heme,1,A0A3Q9FEJ4-F1,8GK3,0.289125,7.45765,2.19468,0.227965,data\structures\alphafill\json\A0A3Q9FEJ4-F1.json,data\structures\alphafill\cif\A0A3Q9FEJ4-F1.cif,,0,,,,,,
ENZ_G000305,A0A3Q9NNX0,alphafill_candidate,alphafold_heme_transplant,heme_transplanted,1,A0A3Q9NNX0-F1,ENZ_G001439,0.320,9.49,,,,,,0,"qc=bad, n_ca=485, template=W0FG45",data\structures\alphafold\pdb\AF-A0A3Q9NNX0-F1.pdb,data\structures\heme_transplant\pdb\ENZ_G000305_heme.pdb,-1.366,-4.890,3.462
ENZ_G000306,A0A3Q9R4N5,pcpd_predicted,pcpd_predicted,pcpd_predicted,1,,,,,,,,,pcpd/CYP76B74.pdb,0,,,,,,
ENZ_G000307,A0A3S5GS06,alphafill_candidate,alphafold_heme_transplant,heme_transplanted,1,A0A3S5GS06-F1,ENZ_G000049,0.350,6.37,,,,,,0,"qc=bad, n_ca=436, template=A0A0B4L1W4",data\structures\alphafold\pdb\AF-A0A3S5GS06-F1.pdb,data\structures\heme_transplant\pdb\ENZ_G000307_heme.pdb,3.364,0.580,1.749
ENZ_G000308,A0A3S9NM20,alphafill_candidate,alphafill,downloaded_with_heme,1,A0A3S9NM20-F1,6VBY,0.286585,5.09659,5.37763,0.52951,data\structures\alphafill\json\A0A3S9NM20-F1.json,data\structures\alphafill\cif\A0A3S9NM20-F1.cif,,0,,,,,,
ENZ_G000309,A0A3S9W0N3,alphafill_candidate,alphafold_heme_transplant,heme_transplanted,1,A0A3S9W0N3-F1,ENZ_G000319,0.539,1.47,,,,,,0,"qc=good, n_ca=446, template=A0A498ICX4",data\structures\alphafold\pdb\AF-A0A3S9W0N3-F1.pdb,data\structures\heme_transplant\pdb\ENZ_G000309_heme.pdb,3.329,1.575,2.383
ENZ_G000310,A0A3S9W0N6,alphafill_candidate,alphafold_heme_transplant,heme_transplanted,1,A0A3S9W0N6-F1,ENZ_G000449,0.618,21.63,,,,,,0,"qc=bad, n_ca=480, template=A5BFI4",data\structures\alphafold\pdb\AF-A0A3S9W0N6-F1.pdb,data\structures\heme_transplant\pdb\ENZ_G000310_heme.pdb,5.449,3.465,0.686
ENZ_G000311,A0A3S9W0V9,pcpd_predicted,pcpd_predicted,pcpd_predicted,1,,,,,,,,,pcpd/CYP716C55.pdb,0,,,,,,
ENZ_G000312,A0A3T0ZHK6,alphafill_candidate,alphafold_heme_transplant,heme_transplanted,1,A0A3T0ZHK6-F1,ENZ_G000293,0.207,23.64,,,,,,0,"qc=bad, n_ca=496, template=A0A3G9GNK2",data\structures\alphafold\pdb\AF-A0A3T0ZHK6-F1.pdb,data\structures\heme_transplant\pdb\ENZ_G000312_heme.pdb,0.358,-2.856,-2.614
ENZ_G000313,A0A3T0ZHK9,alphafill_candidate,alphafold_heme_transplant,heme_transplanted,1,A0A3T0ZHK9-F1,ENZ_G000502,0.196,21.50,,,,,,0,"qc=bad, n_ca=512, template=B6HUQ4",data\structures\alphafold\pdb\AF-A0A3T0ZHK9-F1.pdb,data\structures\heme_transplant\pdb\ENZ_G000313_heme.pdb,-9.132,2.381,-2.868
ENZ_G000314,A0A455R4X0,alphafill_candidate,alphafill,downloaded_with_heme,1,A0A455R4X0-F1,7SNM,0.254613,6.22798,1.99466,0.321505,data\structures\alphafill\json\A0A455R4X0-F1.json,data\structures\alphafill\cif\A0A455R4X0-F1.cif,,0,,,,,,
ENZ_G000315,A0A455R5H4,alphafill_candidate,alphafill,downloaded_with_heme,1,A0A455R5H4-F1,7P6L,0.49676,1.66768,2.21644,0.212377,data\structures\alphafill\json\A0A455R5H4-F1.json,data\structures\alphafill\cif\A0A455R5H4-F1.cif,,0,,,,,,
ENZ_G000316,A0A455R624,alphafill_candidate,alphafill,downloaded_with_heme,1,A0A455R624-F1,6MA7,0.290698,4.20794,1.13694,0.236564,data\structures\alphafill\json\A0A455R624-F1.json,data\structures\alphafill\cif\A0A455R624-F1.cif,,0,,,,,,
ENZ_G000317,A0A481NR20,alphafill_candidate,alphafill,downloaded_with_heme,1,A0A481NR20-F1,7WZL,0.295833,2.09043,0.679953,0.221496,data\structures\alphafill\json\A0A481NR20-F1.json,data\structures\alphafill\cif\A0A481NR20-F1.cif,,0,,,,,,
ENZ_G000318,A0A482NAF7,alphafill_candidate,alphafill,downloaded_with_heme,1,A0A482NAF7-F1,6MA6,0.284483,3.84254,1.29614,0.251502,data\structures\alphafill\json\A0A482NAF7-F1.json,data\structures\alphafill\cif\A0A482NAF7-F1.cif,,0,,,,,,
ENZ_G000319,A0A498ICX4,pcpd_predicted,pcpd_predicted,pcpd_predicted,1,,,,,,,,,pcpd/CYP716A175.pdb,0,,,,,,
ENZ_G000320,A0A499VWC0,alphafill_candidate,alphafold_heme_transplant,heme_transplanted,1,A0A499VWC0-F1,ENZ_G000451,0.254,5.64,,,,,,0,"qc=bad, n_ca=502, template=A6YIH8",data\structures\alphafold\pdb\AF-A0A499VWC0-F1.pdb,data\structures\heme_transplant\pdb\ENZ_G000320_heme.pdb,-4.372,6.864,0.067
ENZ_G000321,A0A4D6Q414,alphafill_candidate,alphafill,downloaded_with_heme,1,A0A4D6Q414-F1,5YLW,0.326271,3.50682,1.14971,0.200108,data\structures\alphafill\json\A0A4D6Q414-F1.json,data\structures\alphafill\cif\A0A4D6Q414-F1.cif,,0,,,,,,
ENZ_G000322,A0A4D6Q415,pcpd_predicted,pcpd_predicted,pcpd_predicted,1,,,,,,,,,pcpd/CYP75B137.pdb,0,,,,,,
ENZ_G000323,A0A4P2PRK0,pcpd_predicted,pcpd_predicted,pcpd_predicted,1,,,,,,,,,pcpd/CYP749A63.pdb,0,,,,,,
ENZ_G000324,A0A4P8ULL7,alphafill_candidate,alphafold_heme_transplant,heme_transplanted,1,A0A4P8ULL7-F1,ENZ_G000698,0.380,27.86,,,,,,0,"qc=bad, n_ca=515, template=K4BV52",data\structures\alphafold\pdb\AF-A0A4P8ULL7-F1.pdb,data\structures\heme_transplant\pdb\ENZ_G000324_heme.pdb,6.462,-9.928,-0.041
ENZ_G000325,A0A4X1UJZ0,alphafill_candidate,alphafold_heme_transplant,heme_transplanted,1,A0A4X1UJZ0-F1,ENZ_G000992,0.752,6.47,,,,,,0,"qc=bad, n_ca=500, template=Q29626",data\structures\alphafold\pdb\AF-A0A4X1UJZ0-F1.pdb,data\structures\heme_transplant\pdb\ENZ_G000325_heme.pdb,2.940,-0.342,1.359
ENZ_G000326,A0A4Y5UJ61,pcpd_predicted,pcpd_predicted,pcpd_predicted,1,,,,,,,,,pcpd/CYP72A565.pdb,0,,,,,,
ENZ_G000327,A0A4Y5UJ78,pcpd_predicted,pcpd_predicted,pcpd_predicted,1,,,,,,,,,pcpd/CYP72A610.pdb,0,,,,,,
ENZ_G000328,A0A516F411,alphafill_candidate,alphafold_heme_transplant,heme_transplanted,1,A0A516F411-F1,ENZ_G000186,0.165,25.33,,,,,,0,"qc=bad, n_ca=514, template=A0A1L9WUS5",data\structures\alphafold\pdb\AF-A0A516F411-F1.pdb,data\structures\heme_transplant\pdb\ENZ_G000328_heme.pdb,-11.013,-12.434,3.824
ENZ_G000329,A0A517FNB9,pcpd_predicted,pcpd_predicted,pcpd_predicted,1,,,,,,,,,pcpd/CYP90B52.pdb,0,,,,,,
ENZ_G000330,A0A517FNC4,alphafill_candidate,alphafill,downloaded_with_heme,1,A0A517FNC4-F1,7WZL,0.282222,6.35836,0.72981,0.223128,data\structures\alphafill\json\A0A517FNC4-F1.json,data\structures\alphafill\cif\A0A517FNC4-F1.cif,,0,,,,,,
ENZ_G000331,A0A517FNC5,alphafill_candidate,alphafill,downloaded_with_heme,1,A0A517FNC5-F1,6A15,0.570485,1.53255,0.736994,0.179586,data\structures\alphafill\json\A0A517FNC5-F1.json,data\structures\alphafill\cif\A0A517FNC5-F1.cif,,0,,,,,,
ENZ_G000332,A0A517FNC6,pcpd_predicted,pcpd_predicted,pcpd_predicted,1,,,,,,,,,pcpd/CYP90B51.pdb,0,,,,,,
ENZ_G000333,A0A517FNC7,pcpd_predicted,pcpd_predicted,pcpd_predicted,1,,,,,,,,,pcpd/CYP94D108.pdb,0,,,,,,
ENZ_G000334,A0A517FNC9,alphafill_candidate,alphafill,downloaded_with_heme,1,A0A517FNC9-F1,7LRL,0.2775,5.17482,0.844248,0.185193,data\structures\alphafill\json\A0A517FNC9-F1.json,data\structures\alphafill\cif\A0A517FNC9-F1.cif,,0,,,,,,
ENZ_G000335,A0A517FND0,pcpd_predicted,pcpd_predicted,pcpd_predicted,1,,,,,,,,,pcpd/CYP94D109.pdb,0,,,,,,
ENZ_G000336,A0A517FND1,alphafill_candidate,alphafill,downloaded_with_heme,1,A0A517FND1-F1,8E83,0.321121,6.37446,4.71017,0.637214,data\structures\alphafill\json\A0A517FND1-F1.json,data\structures\alphafill\cif\A0A517FND1-F1.cif,,0,,,,,,
ENZ_G000337,A0A517FND3,alphafill_candidate,alphafill,downloaded_with_heme,1,A0A517FND3-F1,6A15,0.630531,1.20235,0.742422,0.280904,data\structures\alphafill\json\A0A517FND3-F1.json,data\structures\alphafill\cif\A0A517FND3-F1.cif,,0,,,,,,
ENZ_G000338,A0A5A4DV62,alphafill_candidate,alphafill,downloaded_with_heme,1,A0A5A4DV62-F1,6A15,0.622172,1.37461,0.673472,0.222804,data\structures\alphafill\json\A0A5A4DV62-F1.json,data\structures\alphafill\cif\A0A5A4DV62-F1.cif,,0,,,,,,
ENZ_G000339,A0A5A4U5E1,alphafill_candidate,alphafill,downloaded_with_heme,1,A0A5A4U5E1-F1,5VCD,0.35124,2.51154,0.699633,0.174071,data\structures\alphafill\json\A0A5A4U5E1-F1.json,data\structures\alphafill\cif\A0A5A4U5E1-F1.cif,,0,,,,,,
ENZ_G000340,A0A5B8H9L8,pcpd_predicted,pcpd_predicted,pcpd_predicted,1,,,,,,,,,pcpd/CYP712K4.pdb,0,,,,,,
ENZ_G000341,A0A5B8NBK9,alphafill_candidate,alphafold_heme_transplant,heme_transplanted,1,A0A5B8NBK9-F1,ENZ_G000012,0.239,17.83,,,,,,0,"qc=bad, n_ca=477, template=A0A067L546",data\structures\alphafold\pdb\AF-A0A5B8NBK9-F1.pdb,data\structures\heme_transplant\pdb\ENZ_G000341_heme.pdb,3.314,-3.135,-2.314
ENZ_G000342,A0A5B8ND22,alphafill_candidate,alphafold_heme_transplant,heme_transplanted,1,A0A5B8ND22-F1,ENZ_G000653,0.297,6.05,,,,,,0,"qc=bad, n_ca=446, template=G7JZW6",data\structures\alphafold\pdb\AF-A0A5B8ND22-F1.pdb,data\structures\heme_transplant\pdb\ENZ_G000342_heme.pdb,6.030,0.096,4.875
ENZ_G000343,A0A5B8ND26,alphafill_candidate,alphafold_heme_transplant,heme_transplanted,1,A0A5B8ND26-F1,ENZ_G000012,0.249,17.84,,,,,,0,"qc=bad, n_ca=477, template=A0A067L546",data\structures\alphafold\pdb\AF-A0A5B8ND26-F1.pdb,data\structures\heme_transplant\pdb\ENZ_G000343_heme.pdb,-0.381,1.312,6.220
ENZ_G000344,A0A5B8NEF2,alphafill_candidate,alphafold_heme_transplant,heme_transplanted,1,A0A5B8NEF2-F1,ENZ_G001557,0.225,13.96,,,,,,0,"qc=bad, n_ca=466, template=",data\structures\alphafold\pdb\AF-A0A5B8NEF2-F1.pdb,data\structures\heme_transplant\pdb\ENZ_G000344_heme.pdb,1.875,-5.189,0.583
ENZ_G000345,A0A5B8ZRC1,alphafill_candidate,alphafold_heme_transplant,heme_transplanted,1,A0A5B8ZRC1-F1,ENZ_G000308,0.173,20.41,,,,,,0,"qc=bad, n_ca=498, template=A0A3S9NM20",data\structures\alphafold\pdb\AF-A0A5B8ZRC1-F1.pdb,data\structures\heme_transplant\pdb\ENZ_G000345_heme.pdb,4.834,-1.854,1.996
ENZ_G000346,A0A5P2W9N6,experimental_pdb,experimental_pdb,experimental_pdb,1,,,,,,,,,s1_rcsb/8FZ8,0,,,,,,
ENZ_G000347,A0A5P8TXJ3,alphafill_candidate,alphafold_heme_transplant,heme_transplanted,1,A0A5P8TXJ3-F1,ENZ_G000660,0.348,14.36,,,,,,0,"qc=bad, n_ca=481, template=H1A981",data\structures\alphafold\pdb\AF-A0A5P8TXJ3-F1.pdb,data\structures\heme_transplant\pdb\ENZ_G000347_heme.pdb,3.089,-0.619,1.435
ENZ_G000348,A0A5P8TXK0,alphafill_candidate,alphafold_heme_transplant,heme_transplanted,1,A0A5P8TXK0-F1,ENZ_G000354,0.452,9.86,,,,,,0,"qc=bad, n_ca=481, template=A0A5P8TY60",data\structures\alphafold\pdb\AF-A0A5P8TXK0-F1.pdb,data\structures\heme_transplant\pdb\ENZ_G000348_heme.pdb,4.633,-0.963,4.229
ENZ_G000349,A0A5P8TXK3,alphafill_candidate,alphafold_heme_transplant,heme_transplanted,1,A0A5P8TXK3-F1,ENZ_G000660,0.629,3.98,,,,,,0,"qc=warn, n_ca=480, template=H1A981",data\structures\alphafold\pdb\AF-A0A5P8TXK3-F1.pdb,data\structures\heme_transplant\pdb\ENZ_G000349_heme.pdb,2.481,-0.498,1.703
ENZ_G000350,A0A5P8TXS9,alphafill_candidate,alphafold_heme_transplant,heme_transplanted,1,A0A5P8TXS9-F1,ENZ_G000334,0.464,16.50,,,,,,0,"qc=bad, n_ca=510, template=A0A517FNC9",data\structures\alphafold\pdb\AF-A0A5P8TXS9-F1.pdb,data\structures\heme_transplant\pdb\ENZ_G000350_heme.pdb,1.874,-0.531,2.859
ENZ_G000351,A0A5P8TXT7,alphafill_candidate,alphafold_heme_transplant,heme_transplanted,1,A0A5P8TXT7-F1,ENZ_G000334,0.590,18.03,,,,,,0,"qc=bad, n_ca=512, template=A0A517FNC9",data\structures\alphafold\pdb\AF-A0A5P8TXT7-F1.pdb,data\structures\heme_transplant\pdb\ENZ_G000351_heme.pdb,0.460,-1.117,3.365
ENZ_G000352,A0A5P8TXX1,alphafill_candidate,alphafold_heme_transplant,heme_transplanted,1,A0A5P8TXX1-F1,ENZ_G000354,0.431,9.87,,,,,,0,"qc=bad, n_ca=481, template=A0A5P8TY60",data\structures\alphafold\pdb\AF-A0A5P8TXX1-F1.pdb,data\structures\heme_transplant\pdb\ENZ_G000352_heme.pdb,5.086,-0.623,3.774
ENZ_G000353,A0A5P8TXY6,alphafill_candidate,alphafold_heme_transplant,heme_transplanted,1,A0A5P8TXY6-F1,ENZ_G000099,0.471,11.57,,,,,,0,"qc=bad, n_ca=518, template=A0A0R0GF97",data\structures\alphafold\pdb\AF-A0A5P8TXY6-F1.pdb,data\structures\heme_transplant\pdb\ENZ_G000353_heme.pdb,-46.176,-65.737,53.573
ENZ_G000354,A0A5P8TY60,pcpd_predicted,pcpd_predicted,pcpd_predicted,1,,,,,,,,,pcpd/CYP72A66v2.pdb,0,,,,,,
ENZ_G000355,A0A5P8TY68,alphafill_candidate,alphafold_heme_transplant,heme_transplanted,1,A0A5P8TY68-F1,ENZ_G000334,0.396,8.85,,,,,,0,"qc=bad, n_ca=520, template=A0A517FNC9",data\structures\alphafold\pdb\AF-A0A5P8TY68-F1.pdb,data\structures\heme_transplant\pdb\ENZ_G000355_heme.pdb,2.588,0.898,3.110
ENZ_G000356,A0A655A8T0,alphafill_candidate,alphafold_heme_transplant,heme_transplanted,1,A0A655A8T0-F1,ENZ_G000854,0.123,22.54,,,,,,0,"qc=bad, n_ca=269, template=P18327",data\structures\alphafold\pdb\AF-A0A655A8T0-F1.pdb,data\structures\heme_transplant\pdb\ENZ_G000356_heme.pdb,3.682,-1.434,2.645
ENZ_G000357,A0A657XIU7,experimental_pdb,experimental_pdb,experimental_pdb,1,,,,,,,,,s1_rcsb/9RXH,0,,,,,,
ENZ_G000358,A0A6C0G9L7,alphafill_candidate,alphafill,alphafill_not_found,0,A0A6C0G9L7-F1,,,,,,,,,0,AlphaFold download: alphafold_not_found,,,,,
ENZ_G000359,A0A6C0G9N0,alphafill_candidate,alphafold_heme_transplant,heme_transplanted,1,A0A6C0G9N0-F1,ENZ_G000340,0.458,5.59,,,,,,0,"qc=bad, n_ca=472, template=A0A5B8H9L8",data\structures\alphafold\pdb\AF-A0A6C0G9N0-F1.pdb,data\structures\heme_transplant\pdb\ENZ_G000359_heme.pdb,6.032,-2.605,2.168
ENZ_G000360,A0A6C0G9N1,alphafill_candidate,alphafold_heme_transplant,heme_transplanted,1,A0A6C0G9N1-F1,ENZ_G000340,0.462,6.90,,,,,,0,"qc=bad, n_ca=472, template=A0A5B8H9L8",data\structures\alphafold\pdb\AF-A0A6C0G9N1-F1.pdb,data\structures\heme_transplant\pdb\ENZ_G000360_heme.pdb,4.054,-4.995,1.288
ENZ_G000361,A0A6C0G9Q9,alphafill_candidate,alphafold_heme_transplant,heme_transplanted,1,A0A6C0G9Q9-F1,ENZ_G000340,0.789,4.05,,,,,,0,"qc=warn, n_ca=472, template=A0A5B8H9L8",data\structures\alphafold\pdb\AF-A0A6C0G9Q9-F1.pdb,data\structures\heme_transplant\pdb\ENZ_G000361_heme.pdb,4.785,-1.360,2.934
ENZ_G000362,A0A6C0N8B5,alphafill_candidate,alphafold_heme_transplant,heme_transplanted,1,A0A6C0N8B5-F1,ENZ_G000825,0.224,9.29,,,,,,0,"qc=bad, n_ca=517, template=P10612",data\structures\alphafold\pdb\AF-A0A6C0N8B5-F1.pdb,data\structures\heme_transplant\pdb\ENZ_G000362_heme.pdb,-2.230,-4.268,-1.545
ENZ_G000363,A0A6C0PI62,pcpd_predicted,pcpd_predicted,pcpd_predicted,1,,,,,,,,,pcpd/CYP71D349.pdb,0,,,,,,
ENZ_G000364,A0A6G7GFL4,alphafill_candidate,alphafold_heme_transplant,heme_transplanted,1,A0A6G7GFL4-F1,ENZ_G001372,0.166,30.36,,,,,,0,"qc=bad, n_ca=705, template=Q9Y8G7",data\structures\alphafold\pdb\AF-A0A6G7GFL4-F1.pdb,data\structures\heme_transplant\pdb\ENZ_G000364_heme.pdb,15.182,-3.264,8.619
ENZ_G000365,A0A6G7GG58,alphafill_candidate,alphafold_heme_transplant,heme_transplanted,1,A0A6G7GG58-F1,ENZ_G000164,0.604,10.81,,,,,,0,"qc=bad, n_ca=441, template=A0A1I9Q5Y3",data\structures\alphafold\pdb\AF-A0A6G7GG58-F1.pdb,data\structures\heme_transplant\pdb\ENZ_G000365_heme.pdb,1.947,4.061,0.944
ENZ_G000366,A0A6H2TWV5,alphafill_candidate,alphafold_heme_transplant,heme_transplanted,1,A0A6H2TWV5-F1,ENZ_G000555,0.205,10.53,,,,,,0,"qc=bad, n_ca=498, template=D2CGS0",data\structures\alphafold\pdb\AF-A0A6H2TWV5-F1.pdb,data\structures\heme_transplant\pdb\ENZ_G000366_heme.pdb,7.526,4.226,8.966
ENZ_G000367,A0A6H2TX00,alphafill_candidate,alphafold_heme_transplant,heme_transplanted,1,A0A6H2TX00-F1,ENZ_G001125,0.371,11.70,,,,,,0,"qc=bad, n_ca=533, template=Q6J541",data\structures\alphafold\pdb\AF-A0A6H2TX00-F1.pdb,data\structures\heme_transplant\pdb\ENZ_G000367_heme.pdb,-9.915,-3.181,0.210
ENZ_G000368,A0A6H2TXE1,alphafill_candidate,alphafold_heme_transplant,heme_transplanted,1,A0A6H2TXE1-F1,ENZ_G000555,0.243,10.85,,,,,,0,"qc=bad, n_ca=502, template=D2CGS0",data\structures\alphafold\pdb\AF-A0A6H2TXE1-F1.pdb,data\structures\heme_transplant\pdb\ENZ_G000368_heme.pdb,8.299,0.245,9.941
ENZ_G000369,A0A6H2TXG8,alphafill_candidate,alphafold_heme_transplant,heme_transplanted,1,A0A6H2TXG8-F1,ENZ_G001125,0.330,10.79,,,,,,0,"qc=bad, n_ca=535, template=Q6J541",data\structures\alphafold\pdb\AF-A0A6H2TXG8-F1.pdb,data\structures\heme_transplant\pdb\ENZ_G000369_heme.pdb,1.332,-5.734,4.584
ENZ_G000370,A0A6M3FXR1,alphafill_candidate,alphafill,alphafill_not_found,0,A0A6M3FXR1-F1,,,,,,,,,0,All 5 templates failed,data\structures\alphafold\pdb\AF-A0A6M3FXR1-F1.pdb,,,,
ENZ_G000371,A0A6M3TXH1,pcpd_predicted,pcpd_predicted,pcpd_predicted,1,,,,,,,,,pcpd/CYP76B100.pdb,0,,,,,,
ENZ_G000372,A0A6M4EMQ3,alphafill_candidate,alphafold_heme_transplant,heme_transplanted,1,A0A6M4EMQ3-F1,ENZ_G000754,0.141,12.19,,,,,,0,"qc=bad, n_ca=474, template=O64635",data\structures\alphafold\pdb\AF-A0A6M4EMQ3-F1.pdb,data\structures\heme_transplant\pdb\ENZ_G000372_heme.pdb,-0.811,-6.149,-1.677
ENZ_G000373,A0A6S4FT50,alphafill_candidate,alphafill,alphafill_not_found,0,A0A6S4FT50-F1,,,,,,,,,0,AlphaFold download: alphafold_not_found,,,,,
ENZ_G000374,A0A7D3QT71,alphafill_candidate,alphafold_heme_transplant,heme_transplanted,1,A0A7D3QT71-F1,ENZ_G000554,0.404,3.63,,,,,,0,"qc=warn, n_ca=461, template=D1MI46",data\structures\alphafold\pdb\AF-A0A7D3QT71-F1.pdb,data\structures\heme_transplant\pdb\ENZ_G000374_heme.pdb,3.888,-0.554,3.675
ENZ_G000375,A0A7D5Q3W9,alphafill_candidate,alphafold_heme_transplant,heme_transplanted,1,A0A7D5Q3W9-F1,ENZ_G000865,0.220,7.21,,,,,,0,"qc=bad, n_ca=500, template=P24465",data\structures\alphafold\pdb\AF-A0A7D5Q3W9-F1.pdb,data\structures\heme_transplant\pdb\ENZ_G000375_heme.pdb,2.896,-2.736,1.977
ENZ_G000376,A0A7D5QBW0,alphafill_candidate,alphafold_heme_transplant,heme_transplanted,1,A0A7D5QBW0-F1,ENZ_G000726,0.242,17.07,,,,,,0,"qc=bad, n_ca=494, template=O04790",data\structures\alphafold\pdb\AF-A0A7D5QBW0-F1.pdb,data\structures\heme_transplant\pdb\ENZ_G000376_heme.pdb,2.888,-1.221,-2.441
ENZ_G000377,A0A7D5U6L5,alphafill_candidate,alphafold_heme_transplant,heme_transplanted,1,A0A7D5U6L5-F1,ENZ_G000726,0.221,17.10,,,,,,0,"qc=bad, n_ca=494, template=O04790",data\structures\alphafold\pdb\AF-A0A7D5U6L5-F1.pdb,data\structures\heme_transplant\pdb\ENZ_G000377_heme.pdb,2.656,-2.511,-2.037
ENZ_G000378,A0A7G8Z808,pcpd_predicted,pcpd_predicted,pcpd_predicted,1,,,,,,,,,pcpd/CYP72A564.pdb,0,,,,,,
ENZ_G000379,A0A7S5UBC9,alphafill_candidate,alphafold_heme_transplant,heme_transplanted,1,A0A7S5UBC9-F1,ENZ_G000869,0.197,23.62,,,,,,0,"qc=bad, n_ca=375, template=P26911",data\structures\alphafold\pdb\AF-A0A7S5UBC9-F1.pdb,data\structures\heme_transplant\pdb\ENZ_G000379_heme.pdb,4.465,0.576,-3.357
ENZ_G000380,A0A7S6UDI5,pcpd_predicted,pcpd_predicted,pcpd_predicted,1,,,,,,,,,pcpd/CYP72A800.pdb,0,,,,,,
ENZ_G000381,A0A7S6ZR32,alphafill_candidate,alphafold_heme_transplant,heme_transplanted,1,A0A7S6ZR32-F1,ENZ_G000380,0.305,8.73,,,,,,0,"qc=bad, n_ca=474, template=A0A7S6UDI5",data\structures\alphafold\pdb\AF-A0A7S6ZR32-F1.pdb,data\structures\heme_transplant\pdb\ENZ_G000381_heme.pdb,3.825,-0.593,4.779
ENZ_G000382,A0A7S9IUH5,alphafill_candidate,alphafold_heme_transplant,heme_transplanted,1,A0A7S9IUH5-F1,ENZ_G001532,0.282,19.76,,,,,,0,"qc=bad, n_ca=406, template=",data\structures\alphafold\pdb\AF-A0A7S9IUH5-F1.pdb,data\structures\heme_transplant\pdb\ENZ_G000382_heme.pdb,6.124,-4.559,-1.510
ENZ_G000383,A0A7T5Y3G4,alphafill_candidate,alphafold_heme_transplant,heme_transplanted,1,A0A7T5Y3G4-F1,ENZ_G001304,0.463,11.04,,,,,,0,"qc=bad, n_ca=436, template=Q9LJK2",data\structures\alphafold\pdb\AF-A0A7T5Y3G4-F1.pdb,data\structures\heme_transplant\pdb\ENZ_G000383_heme.pdb,-2.336,-2.861,-3.842
ENZ_G000384,A0A7T6C3T7,alphafill_candidate,alphafold_heme_transplant,heme_transplanted,1,A0A7T6C3T7-F1,ENZ_G000701,0.672,17.93,,,,,,0,"qc=bad, n_ca=422, template=K4CI52",data\structures\alphafold\pdb\AF-A0A7T6C3T7-F1.pdb,data\structures\heme_transplant\pdb\ENZ_G000384_heme.pdb,2.549,-3.160,3.391
ENZ_G000385,A0A7T8F1I4,alphafill_candidate,alphafold_heme_transplant,heme_transplanted,1,A0A7T8F1I4-F1,ENZ_G000304,0.151,9.11,,,,,,0,"qc=bad, n_ca=493, template=A0A3Q9FEJ4",data\structures\alphafold\pdb\AF-A0A7T8F1I4-F1.pdb,data\structures\heme_transplant\pdb\ENZ_G000385_heme.pdb,3.130,-5.600,1.056
ENZ_G000386,A0A7T9QPT0,pcpd_predicted,pcpd_predicted,pcpd_predicted,1,,,,,,,,,pcpd/CYP719A37.pdb,0,,,,,,
ENZ_G000387,A0A7U2QZH8,alphafill_candidate,alphafold_heme_transplant,heme_transplanted,1,A0A7U2QZH8-F1,ENZ_G000505,0.161,29.44,,,,,,0,"qc=bad, n_ca=471, template=B8N8R3",data\structures\alphafold\pdb\AF-A0A7U2QZH8-F1.pdb,data\structures\heme_transplant\pdb\ENZ_G000387_heme.pdb,-5.935,-1.114,8.584
ENZ_G000388,A0A861B5L6,alphafill_candidate,alphafold_heme_transplant,heme_transplanted,1,A0A861B5L6-F1,ENZ_G000894,0.160,24.34,,,,,,0,"qc=bad, n_ca=485, template=P51589",data\structures\alphafold\pdb\AF-A0A861B5L6-F1.pdb,data\structures\heme_transplant\pdb\ENZ_G000388_heme.pdb,9.081,-4.440,7.442
ENZ_G000389,A0A8A6L933,alphafill_candidate,alphafold_heme_transplant,heme_transplanted,1,A0A8A6L933-F1,ENZ_G000719,0.187,6.33,,,,,,0,"qc=bad, n_ca=496, template=M1KXD0",data\structures\alphafold\pdb\AF-A0A8A6L933-F1.pdb,data\structures\heme_transplant\pdb\ENZ_G000389_heme.pdb,2.023,-5.984,1.334
ENZ_G000390,A0A8A6L938,alphafill_candidate,alphafold_heme_transplant,heme_transplanted,1,A0A8A6L938-F1,ENZ_G000719,0.211,7.71,,,,,,0,"qc=bad, n_ca=499, template=M1KXD0",data\structures\alphafold\pdb\AF-A0A8A6L938-F1.pdb,data\structures\heme_transplant\pdb\ENZ_G000390_heme.pdb,4.047,-4.659,1.563
ENZ_G000391,A0A8A6LBM9,alphafill_candidate,alphafold_heme_transplant,heme_transplanted,1,A0A8A6LBM9-F1,ENZ_G001573,0.199,10.96,,,,,,0,"qc=bad, n_ca=485, template=",data\structures\alphafold\pdb\AF-A0A8A6LBM9-F1.pdb,data\structures\heme_transplant\pdb\ENZ_G000391_heme.pdb,3.296,-5.867,3.172
ENZ_G000392,A0A8A6LE54,alphafill_candidate,alphafold_heme_transplant,heme_transplanted,1,A0A8A6LE54-F1,ENZ_G000719,0.193,6.94,,,,,,0,"qc=bad, n_ca=497, template=M1KXD0",data\structures\alphafold\pdb\AF-A0A8A6LE54-F1.pdb,data\structures\heme_transplant\pdb\ENZ_G000392_heme.pdb,3.955,-4.686,2.362
ENZ_G000393,A0A8A6LFR9,alphafill_candidate,alphafold_heme_transplant,heme_transplanted,1,A0A8A6LFR9-F1,ENZ_G000719,0.210,7.74,,,,,,0,"qc=bad, n_ca=499, template=M1KXD0",data\structures\alphafold\pdb\AF-A0A8A6LFR9-F1.pdb,data\structures\heme_transplant\pdb\ENZ_G000393_heme.pdb,4.443,-4.297,1.788
ENZ_G000394,A0A8A6LLE0,alphafill_candidate,alphafold_heme_transplant,heme_transplanted,1,A0A8A6LLE0-F1,ENZ_G001573,0.191,12.64,,,,,,0,"qc=bad, n_ca=485, template=",data\structures\alphafold\pdb\AF-A0A8A6LLE0-F1.pdb,data\structures\heme_transplant\pdb\ENZ_G000394_heme.pdb,3.554,-6.451,1.513
ENZ_G000395,A0A8C1NRV4,alphafill_candidate,alphafold_heme_transplant,heme_transplanted,1,A0A8C1NRV4-F1,ENZ_G000781,0.277,5.37,,,,,,0,"qc=bad, n_ca=524, template=P00185",data\structures\alphafold\pdb\AF-A0A8C1NRV4-F1.pdb,data\structures\heme_transplant\pdb\ENZ_G000395_heme.pdb,6.506,11.442,3.525
ENZ_G000396,A0A8C4ECQ9,alphafill_candidate,alphafold_heme_transplant,heme_transplanted,1,A0A8C4ECQ9-F1,ENZ_G000873,0.605,25.48,,,,,,0,"qc=bad, n_ca=489, template=P30437",data\structures\alphafold\pdb\AF-A0A8C4ECQ9-F1.pdb,data\structures\heme_transplant\pdb\ENZ_G000396_heme.pdb,5.662,-4.368,9.316
ENZ_G000397,A0A8E4JDT5,alphafill_candidate,alphafold_heme_transplant,heme_transplanted,1,A0A8E4JDT5-F1,ENZ_G000057,0.527,4.21,,,,,,0,"qc=warn, n_ca=467, template=A0A0C5QRZ2",data\structures\alphafold\pdb\AF-A0A8E4JDT5-F1.pdb,data\structures\heme_transplant\pdb\ENZ_G000397_heme.pdb,3.230,-0.955,3.096
ENZ_G000398,A0A8E6Y5Y9,pcpd_predicted,pcpd_predicted,pcpd_predicted,1,,,,,,,,,pcpd/CYP76F112.pdb,0,,,,,,
ENZ_G000399,A0A8F4SN83,alphafill_candidate,alphafold_heme_transplant,heme_transplanted,1,A0A8F4SN83-F1,ENZ_G000977,0.205,19.57,,,,,,0,"qc=bad, n_ca=495, template=Q12732",data\structures\alphafold\pdb\AF-A0A8F4SN83-F1.pdb,data\structures\heme_transplant\pdb\ENZ_G000399_heme.pdb,4.672,-0.382,0.955
ENZ_G000400,A0A8F5FCX1,alphafill_candidate,alphafold_heme_transplant,heme_transplanted,1,A0A8F5FCX1-F1,ENZ_G000854,0.205,15.76,,,,,,0,"qc=bad, n_ca=403, template=P18327",data\structures\alphafold\pdb\AF-A0A8F5FCX1-F1.pdb,data\structures\heme_transplant\pdb\ENZ_G000400_heme.pdb,6.054,-3.185,-0.809
ENZ_G000401,A0A8I3B027,experimental_pdb,experimental_pdb,experimental_pdb,1,,,,,,,,,s1_rcsb/6VXV,0,,,,,,
ENZ_G000402,A0A8I3B043,experimental_pdb,experimental_pdb,experimental_pdb,1,,,,,,,,,s1_rcsb/6XAL,0,,,,,,
ENZ_G000403,A0A8T9JAX0,alphafill_candidate,alphafold_heme_transplant,heme_transplanted,1,A0A8T9JAX0-F1,ENZ_G001423,0.375,4.79,,,,,,0,"qc=warn, n_ca=519, template=U5NE19",data\structures\alphafold\pdb\AF-A0A8T9JAX0-F1.pdb,data\structures\heme_transplant\pdb\ENZ_G000403_heme.pdb,2.144,-0.216,3.505
ENZ_G000404,A0A9E7LUJ4,alphafill_candidate,alphafold_heme_transplant,heme_transplanted,1,A0A9E7LUJ4-F1,ENZ_G001450,0.324,7.36,,,,,,0,"qc=bad, n_ca=514, template=W8JDE2",data\structures\alphafold\pdb\AF-A0A9E7LUJ4-F1.pdb,data\structures\heme_transplant\pdb\ENZ_G000404_heme.pdb,2.729,-4.952,1.252
ENZ_G000405,A0A9E7S4M3,alphafill_candidate,alphafold_heme_transplant,heme_transplanted,1,A0A9E7S4M3-F1,ENZ_G000677,0.316,5.31,,,,,,0,"qc=bad, n_ca=501, template=I1TEM0",data\structures\alphafold\pdb\AF-A0A9E7S4M3-F1.pdb,data\structures\heme_transplant\pdb\ENZ_G000405_heme.pdb,-1.893,-4.194,-2.754
ENZ_G000406,A0A9E7S4M4,alphafill_candidate,alphafold_heme_transplant,heme_transplanted,1,A0A9E7S4M4-F1,ENZ_G000677,0.769,1.22,,,,,,0,"qc=good, n_ca=501, template=I1TEM0",data\structures\alphafold\pdb\AF-A0A9E7S4M4-F1.pdb,data\structures\heme_transplant\pdb\ENZ_G000406_heme.pdb,5.125,-4.718,1.623
ENZ_G000407,A0A9E9NIU8,alphafill_candidate,alphafill,alphafill_not_found,0,A0A9E9NIU8-F1,,,,,,,,,0,AlphaFold download: alphafold_not_found,,,,,
ENZ_G000408,A0A9R1GVQ2,alphafill_candidate,alphafold_heme_transplant,heme_transplanted,1,A0A9R1GVQ2-F1,ENZ_G001044,0.576,15.74,,,,,,0,"qc=bad, n_ca=461, template=Q43257",data\structures\alphafold\pdb\AF-A0A9R1GVQ2-F1.pdb,data\structures\heme_transplant\pdb\ENZ_G000408_heme.pdb,3.116,2.332,3.730
ENZ_G000409,A0A9R1H164,alphafill_candidate,alphafold_heme_transplant,heme_transplanted,1,A0A9R1H164-F1,ENZ_G001066,0.902,4.05,,,,,,0,"qc=warn, n_ca=474, template=Q58A29",data\structures\alphafold\pdb\AF-A0A9R1H164-F1.pdb,data\structures\heme_transplant\pdb\ENZ_G000409_heme.pdb,4.817,-0.376,1.078
ENZ_G000410,A0A9R1HR40,alphafill_candidate,alphafold_heme_transplant,heme_transplanted,1,A0A9R1HR40-F1,ENZ_G001066,0.895,4.05,,,,,,0,"qc=warn, n_ca=474, template=Q58A29",data\structures\alphafold\pdb\AF-A0A9R1HR40-F1.pdb,data\structures\heme_transplant\pdb\ENZ_G000410_heme.pdb,4.946,-0.576,1.244
ENZ_G000411,A0A9R1JP37,alphafill_candidate,alphafold_heme_transplant,heme_transplanted,1,A0A9R1JP37-F1,ENZ_G000733,0.395,6.48,,,,,,0,"qc=bad, n_ca=480, template=O22203",data\structures\alphafold\pdb\AF-A0A9R1JP37-F1.pdb,data\structures\heme_transplant\pdb\ENZ_G000411_heme.pdb,5.104,-1.609,1.736
ENZ_G000412,A0A9R1K5W7,alphafill_candidate,alphafold_heme_transplant,heme_transplanted,1,A0A9R1K5W7-F1,ENZ_G001044,0.569,15.75,,,,,,0,"qc=bad, n_ca=461, template=Q43257",data\structures\alphafold\pdb\AF-A0A9R1K5W7-F1.pdb,data\structures\heme_transplant\pdb\ENZ_G000412_heme.pdb,3.463,1.719,3.725
ENZ_G000413,A0A9R1KD15,alphafill_candidate,alphafold_heme_transplant,heme_transplanted,1,A0A9R1KD15-F1,ENZ_G001044,0.576,15.76,,,,,,0,"qc=bad, n_ca=461, template=Q43257",data\structures\alphafold\pdb\AF-A0A9R1KD15-F1.pdb,data\structures\heme_transplant\pdb\ENZ_G000413_heme.pdb,2.727,2.887,3.712
ENZ_G000414,A0A9Y1E1K8,alphafill_candidate,alphafold_heme_transplant,heme_transplanted,1,A0A9Y1E1K8-F1,ENZ_G000292,0.723,8.66,,,,,,0,"qc=bad, n_ca=519, template=A0A3G4RHY7",data\structures\alphafold\pdb\AF-A0A9Y1E1K8-F1.pdb,data\structures\heme_transplant\pdb\ENZ_G000414_heme.pdb,9.307,-4.726,-18.491
ENZ_G000415,A0A9Y1LLN2,alphafill_candidate,alphafold_heme_transplant,heme_transplanted,1,A0A9Y1LLN2-F1,ENZ_G000653,0.265,12.10,,,,,,0,"qc=bad, n_ca=447, template=G7JZW6",data\structures\alphafold\pdb\AF-A0A9Y1LLN2-F1.pdb,data\structures\heme_transplant\pdb\ENZ_G000415_heme.pdb,6.888,0.589,3.765
ENZ_G000416,A0AA51VJB7,alphafill_candidate,alphafold_heme_transplant,heme_transplanted,1,A0AA51VJB7-F1,ENZ_G000681,0.532,16.62,,,,,,0,"qc=bad, n_ca=467, template=I3PFJ5",data\structures\alphafold\pdb\AF-A0AA51VJB7-F1.pdb,data\structures\heme_transplant\pdb\ENZ_G000416_heme.pdb,-7.265,5.199,-6.578
ENZ_G000417,A0AAJ6N6I0,experimental_pdb,experimental_pdb,experimental_pdb,1,,,,,,,,,s1_rcsb/8JNQ,0,,,,,,
ENZ_G000418,A0AAW1JA93,alphafill_candidate,alphafold_heme_transplant,heme_transplanted,1,A0AAW1JA93-F1,ENZ_G000630,0.288,17.01,,,,,,0,"qc=bad, n_ca=480, template=F6H9N6",data\structures\alphafold\pdb\AF-A0AAW1JA93-F1.pdb,data\structures\heme_transplant\pdb\ENZ_G000418_heme.pdb,5.373,6.490,1.851
ENZ_G000419,A0AAW1NEA3,alphafill_candidate,alphafold_heme_transplant,heme_transplanted,1,A0AAW1NEA3-F1,ENZ_G000149,0.532,1.80,,,,,,0,"qc=good, n_ca=451, template=A0A1B2AS12",data\structures\alphafold\pdb\AF-A0AAW1NEA3-F1.pdb,data\structures\heme_transplant\pdb\ENZ_G000419_heme.pdb,0.026,0.973,-0.712
ENZ_G000420,A0AAX7FLX8,experimental_pdb,experimental_pdb,experimental_pdb,1,,,,,,,,,s1_rcsb/8U1I,0,,,,,,
ENZ_G000421,A0MAV5,alphafill_candidate,alphafold_heme_transplant,heme_transplanted,1,A0MAV5-F1,ENZ_G000422,0.844,13.94,,,,,,0,"qc=bad, n_ca=519, template=A0MAV6",data\structures\alphafold\pdb\AF-A0MAV5-F1.pdb,data\structures\heme_transplant\pdb\ENZ_G000421_heme.pdb,-6.045,6.946,3.787
ENZ_G000422,A0MAV6,alphafill_candidate,alphafill,downloaded_with_heme,1,A0MAV6-F1,2RCH,0.661885,0.5615,0.227666,0.128913,data\structures\alphafill\json\A0MAV6-F1.json,data\structures\alphafill\cif\A0MAV6-F1.cif,,0,,,,,,
ENZ_G000423,A0PUV7,experimental_pdb,experimental_pdb,experimental_pdb,1,,,,,,,,,s1_rcsb/7SH5,0,,,,,,
ENZ_G000424,A0R4Q6,experimental_pdb,experimental_pdb,experimental_pdb,1,,,,,,,,,s1_rcsb/2YOO,0,,,,,,
ENZ_G000425,A0R4Y3,alphafill_candidate,alphafill,downloaded_with_heme,1,A0R4Y3-F1,4APY,1,1.14345,0.294043,0.148692,data\structures\alphafill\json\A0R4Y3-F1.json,data\structures\alphafill\cif\A0R4Y3-F1.cif,,0,,,,,,
ENZ_G000426,A0ZS62,alphafill_candidate,alphafold_heme_transplant,heme_transplanted,1,A0ZS62-F1,ENZ_G001120,0.379,8.78,,,,,,0,"qc=bad, n_ca=480, template=Q6F4F5",data\structures\alphafold\pdb\AF-A0ZS62-F1.pdb,data\structures\heme_transplant\pdb\ENZ_G000426_heme.pdb,4.191,-0.206,2.285
ENZ_G000427,A0ZS63,alphafill_candidate,alphafold_heme_transplant,heme_transplanted,1,A0ZS63-F1,ENZ_G001548,0.996,3.54,,,,,,0,"qc=warn, n_ca=460, template=",data\structures\alphafold\pdb\AF-A0ZS63-F1.pdb,data\structures\heme_transplant\pdb\ENZ_G000427_heme.pdb,5.140,0.050,2.326
ENZ_G000428,A1BQV1,alphafill_candidate,alphafold_heme_transplant,heme_transplanted,1,A1BQV1-F1,ENZ_G001334,0.219,2.73,,,,,,0,"qc=good, n_ca=450, template=Q9SAA9",data\structures\alphafold\pdb\AF-A1BQV1-F1.pdb,data\structures\heme_transplant\pdb\ENZ_G000428_heme.pdb,3.665,1.164,1.229
ENZ_G000429,A1CFL5,alphafill_candidate,alphafill,downloaded_with_heme,1,A1CFL5-F1,4GQS,0.323232,2.40141,2.17311,0.750573,data\structures\alphafill\json\A1CFL5-F1.json,data\structures\alphafill\cif\A1CFL5-F1.cif,,0,,,,,,
ENZ_G000430,A1CFL6,alphafill_candidate,alphafill,downloaded_with_heme,1,A1CFL6-F1,1PQ2,0.313131,1.94889,0.681963,0.823504,data\structures\alphafill\json\A1CFL6-F1.json,data\structures\alphafill\cif\A1CFL6-F1.cif,,0,,,,,,
ENZ_G000431,A1DN29,alphafill_candidate,alphafold_heme_transplant,heme_transplanted,1,A1DN29-F1,ENZ_G000757,0.147,25.87,,,,,,0,"qc=bad, n_ca=478, template=O64638",data\structures\alphafold\pdb\AF-A1DN29-F1.pdb,data\structures\heme_transplant\pdb\ENZ_G000431_heme.pdb,7.939,4.820,-2.206
ENZ_G000432,A1L3S6,alphafill_candidate,alphafold_heme_transplant,heme_transplanted,1,A1L3S6-F1,ENZ_G000852,0.817,0.85,,,,,,0,"qc=good, n_ca=503, template=P18125",data\structures\alphafold\pdb\AF-A1L3S6-F1.pdb,data\structures\heme_transplant\pdb\ENZ_G000432_heme.pdb,4.756,-2.129,1.021
ENZ_G000433,A1XBC6,alphafill_candidate,alphafold_heme_transplant,heme_transplanted,1,A1XBC6-F1,ENZ_G001340,0.741,7.00,,,,,,0,"qc=bad, n_ca=511, template=Q9SD85",data\structures\alphafold\pdb\AF-A1XBC6-F1.pdb,data\structures\heme_transplant\pdb\ENZ_G000433_heme.pdb,3.246,0.390,3.213
ENZ_G000434,A1XEK4,alphafill_candidate,alphafill,downloaded_with_heme,1,A1XEK4-F1,5YLW,0.317697,2.61832,0.918029,0.154007,data\structures\alphafill\json\A1XEK4-F1.json,data\structures\alphafill\cif\A1XEK4-F1.cif,,0,,,,,,
ENZ_G000435,A1YJE2,alphafill_candidate,alphafold_heme_transplant,heme_transplanted,1,A1YJE2-F1,ENZ_G000292,0.267,8.10,,,,,,0,"qc=bad, n_ca=518, template=A0A3G4RHY7",data\structures\alphafold\pdb\AF-A1YJE2-F1.pdb,data\structures\heme_transplant\pdb\ENZ_G000435_heme.pdb,16.008,0.322,-12.701
ENZ_G000436,A1YJE3,alphafill_candidate,alphafold_heme_transplant,heme_transplanted,1,A1YJE3-F1,ENZ_G000292,0.255,7.82,,,,,,0,"qc=bad, n_ca=517, template=A0A3G4RHY7",data\structures\alphafold\pdb\AF-A1YJE3-F1.pdb,data\structures\heme_transplant\pdb\ENZ_G000436_heme.pdb,14.969,0.546,-13.513
ENZ_G000437,A2A974,alphafill_candidate,alphafill,downloaded_with_heme,1,A2A974-F1,5T6Q,0.498938,1.72517,0.417248,0.199899,data\structures\alphafill\json\A2A974-F1.json,data\structures\alphafill\cif\A2A974-F1.cif,,0,,,,,,
ENZ_G000438,A2QBE8,alphafill_candidate,alphafill,downloaded_with_heme,1,A2QBE8-F1,5YLW,0.294444,8.73665,1.66965,0.531705,data\structures\alphafill\json\A2QBE8-F1.json,data\structures\alphafill\cif\A2QBE8-F1.cif,,0,,,,,,
ENZ_G000439,A2QK67,alphafill_candidate,alphafill,downloaded_with_heme,1,A2QK67-F1,2IAG,0.32,2.68027,1.14405,0.708478,data\structures\alphafill\json\A2QK67-F1.json,data\structures\alphafill\cif\A2QK67-F1.cif,,0,,,,,,
ENZ_G000440,A2QLV1,alphafill_candidate,alphafold_heme_transplant,heme_transplanted,1,A2QLV1-F1,ENZ_G000955,0.526,27.04,,,,,,0,"qc=bad, n_ca=1050, template=Q0D1W9",data\structures\alphafold\pdb\AF-A2QLV1-F1.pdb,data\structures\heme_transplant\pdb\ENZ_G000440_heme.pdb,-17.924,4.371,12.507
ENZ_G000441,A2QTW5,alphafill_candidate,alphafill,downloaded_with_heme,1,A2QTW5-F1,3CBD,0.311787,3.15673,1.7485,0.182107,data\structures\alphafill\json\A2QTW5-F1.json,data\structures\alphafill\cif\A2QTW5-F1.cif,,0,,,,,,
ENZ_G000442,A2R6G9,alphafill_candidate,alphafill,downloaded_with_heme,1,A2R6G9-F1,6MA6,0.259414,5.54899,1.52456,0.22392,data\structures\alphafill\json\A2R6G9-F1.json,data\structures\alphafill\cif\A2R6G9-F1.cif,,0,,,,,,
ENZ_G000443,A2RRT9,alphafill_candidate,alphafill,downloaded_with_heme,1,A2RRT9-F1,5T6Q,0.310204,3.05069,0.438229,0.317762,data\structures\alphafill\json\A2RRT9-F1.json,data\structures\alphafill\cif\A2RRT9-F1.cif,,0,,,,,,
ENZ_G000444,A2TEF2,alphafill_candidate,alphafill,downloaded_with_heme,1,A2TEF2-F1,3L4D,1,0.896515,0.271403,0.132738,data\structures\alphafill\json\A2TEF2-F1.json,data\structures\alphafill\cif\A2TEF2-F1.cif,,0,,,,,,
ENZ_G000445,A2WS96,alphafill_candidate,alphafill,downloaded_with_heme,1,A2WS96-F1,7LXL,0.299492,5.11782,1.62865,0.139305,data\structures\alphafill\json\A2WS96-F1.json,data\structures\alphafill\cif\A2WS96-F1.cif,,0,,,,,,
ENZ_G000446,A2Z212,pcpd_predicted,pcpd_predicted,pcpd_predicted,1,,,,,,,,,pcpd/CYP707A7.pdb,0,,,,,,
ENZ_G000447,A3A871,pcpd_predicted,pcpd_predicted,pcpd_predicted,1,,,,,,,,,pcpd/CYP71Z6.pdb,0,,,,,,
ENZ_G000448,A3KLR7,alphafill_candidate,alphafold_heme_transplant,heme_transplanted,1,A3KLR7-F1,ENZ_G000886,0.519,9.02,,,,,,0,"qc=bad, n_ca=506, template=P48418",data\structures\alphafold\pdb\AF-A3KLR7-F1.pdb,data\structures\heme_transplant\pdb\ENZ_G000448_heme.pdb,9.966,10.759,-4.837
ENZ_G000449,A5BFI4,alphafill_candidate,alphafill,downloaded_with_heme,1,A5BFI4-F1,2VE3,0.355705,2.32014,3.01939,0.493563,data\structures\alphafill\json\A5BFI4-F1.json,data\structures\alphafill\cif\A5BFI4-F1.cif,,0,,,,,,
ENZ_G000450,A5LGW8,alphafill_candidate,alphafold_heme_transplant,heme_transplanted,1,A5LGW8-F1,ENZ_G001351,0.723,2.70,,,,,,0,"qc=good, n_ca=490, template=Q9SXS3",data\structures\alphafold\pdb\AF-A5LGW8-F1.pdb,data\structures\heme_transplant\pdb\ENZ_G000450_heme.pdb,3.946,-0.186,2.383
ENZ_G000451,A6YIH8,alphafill_candidate,alphafill,downloaded_with_heme,1,A6YIH8-F1,8E83,0.305556,6.27494,4.56874,0.587338,data\structures\alphafill\json\A6YIH8-F1.json,data\structures\alphafill\cif\A6YIH8-F1.cif,,0,,,,,,
ENZ_G000452,A7HP72,alphafill_candidate,alphafold_heme_transplant,heme_transplanted,1,A7HP72-F1,ENZ_G000616,0.168,29.28,,,,,,0,"qc=bad, n_ca=470, template=F1SYC2",data\structures\alphafold\pdb\AF-A7HP72-F1.pdb,data\structures\heme_transplant\pdb\ENZ_G000452_heme.pdb,-9.556,8.837,-6.981
ENZ_G000453,A7KMF3,alphafill_candidate,alphafold_heme_transplant,heme_transplanted,1,A7KMF3-F1,ENZ_G000292,0.261,8.12,,,,,,0,"qc=bad, n_ca=517, template=A0A3G4RHY7",data\structures\alphafold\pdb\AF-A7KMF3-F1.pdb,data\structures\heme_transplant\pdb\ENZ_G000453_heme.pdb,6.390,-3.101,-18.056
ENZ_G000454,A7U483,experimental_pdb,experimental_pdb,experimental_pdb,1,,,,,,,,,s1_rcsb/4R21,0,,,,,,
ENZ_G000455,A7XY79,alphafill_candidate,alphafold_heme_transplant,heme_transplanted,1,A7XY79-F1,ENZ_G000422,0.384,29.60,,,,,,0,"qc=bad, n_ca=504, template=A0MAV6",data\structures\alphafold\pdb\AF-A7XY79-F1.pdb,data\structures\heme_transplant\pdb\ENZ_G000455_heme.pdb,-4.384,-8.306,-1.969
ENZ_G000456,A8C7R4,alphafill_candidate,alphafill,downloaded_with_heme,1,A8C7R4-F1,3RUK,0.331126,3.86374,1.54602,0.247417,data\structures\alphafill\json\A8C7R4-F1.json,data\structures\alphafill\cif\A8C7R4-F1.cif,,0,,,,,,
ENZ_G000457,A8CBS0,alphafill_candidate,alphafold_heme_transplant,heme_transplanted,1,A8CBS0-F1,ENZ_G001298,0.800,2.15,,,,,,0,"qc=good, n_ca=524, template=Q9HCS2",data\structures\alphafold\pdb\AF-A8CBS0-F1.pdb,data\structures\heme_transplant\pdb\ENZ_G000457_heme.pdb,3.085,-2.602,2.681
ENZ_G000458,A8CDR5,alphafill_candidate,alphafill,downloaded_with_heme,1,A8CDR5-F1,5YLW,0.358531,2.46585,0.618853,0.122494,data\structures\alphafill\json\A8CDR5-F1.json,data\structures\alphafill\cif\A8CDR5-F1.cif,,0,,,,,,
ENZ_G000459,A8DBU6,alphafill_candidate,alphafold_heme_transplant,heme_transplanted,1,A8DBU6-F1,ENZ_G000950,0.214,26.70,,,,,,0,"qc=bad, n_ca=495, template=Q09736",data\structures\alphafold\pdb\AF-A8DBU6-F1.pdb,data\structures\heme_transplant\pdb\ENZ_G000459_heme.pdb,2.163,-6.916,-2.707
ENZ_G000460,A8NCK4,alphafill_candidate,alphafill,downloaded_with_heme,1,A8NCK4-F1,3PM0,0.256198,5.03361,1.28745,0.193825,data\structures\alphafill\json\A8NCK4-F1.json,data\structures\alphafill\cif\A8NCK4-F1.cif,,0,,,,,,
ENZ_G000461,A8NCK6,alphafill_candidate,alphafill,downloaded_with_heme,1,A8NCK6-F1,3E4E,0.349515,2.51488,1.4168,0.135304,data\structures\alphafill\json\A8NCK6-F1.json,data\structures\alphafill\cif\A8NCK6-F1.cif,,0,,,,,,
ENZ_G000462,A8WGA0,alphafill_candidate,alphafill,downloaded_with_heme,1,A8WGA0-F1,3K9V,0.302521,2.84552,0.576844,0.179468,data\structures\alphafill\json\A8WGA0-F1.json,data\structures\alphafill\cif\A8WGA0-F1.cif,,0,,,,,,
ENZ_G000463,A9ERX9,experimental_pdb,experimental_pdb,experimental_pdb,1,,,,,,,,,s1_rcsb/6GK6,0,,,,,,
ENZ_G000464,A9F9S4,alphafill_candidate,alphafill,alphafill_not_found,0,A9F9S4-F1,,,,,,,,,0,All 5 templates failed,data\structures\alphafold\pdb\AF-A9F9S4-F1.pdb,,,,
ENZ_G000465,A9FDB7,experimental_pdb,experimental_pdb,experimental_pdb,1,,,,,,,,,s1_rcsb/6F88,0,,,,,,
ENZ_G000466,A9FZ85,alphafill_candidate,alphafill,alphafill_not_found,0,A9FZ85-F1,,,,,,,,,0,All 5 templates failed,data\structures\alphafold\pdb\AF-A9FZ85-F1.pdb,,,,
ENZ_G000467,A9FZ87,alphafill_candidate,alphafold_heme_transplant,heme_transplanted,1,A9FZ87-F1,ENZ_G001173,0.115,24.43,,,data\structures\alphafill\json\A9FZ87-F1.json,,,0,"qc=bad, n_ca=329, template=Q7XYS3",data\structures\alphafold\pdb\AF-A9FZ87-F1.pdb,data\structures\heme_transplant\pdb\ENZ_G000467_heme.pdb,-1.313,-21.255,-7.777
ENZ_G000468,A9JPE2,alphafill_candidate,alphafill,downloaded_with_heme,1,A9JPE2-F1,5JLC,0.258687,4.59257,1.59383,0.184365,data\structures\alphafill\json\A9JPE2-F1.json,data\structures\alphafill\cif\A9JPE2-F1.cif,,0,,,,,,
ENZ_G000469,A9QNE6,alphafill_candidate,alphafold_heme_transplant,heme_transplanted,1,A9QNE6-F1,ENZ_G000292,0.273,8.37,,,,,,0,"qc=bad, n_ca=517, template=A0A3G4RHY7",data\structures\alphafold\pdb\AF-A9QNE6-F1.pdb,data\structures\heme_transplant\pdb\ENZ_G000469_heme.pdb,7.672,-3.316,-17.310
ENZ_G000470,A9SNA2,alphafill_candidate,alphafill,downloaded_with_heme,1,A9SNA2-F1,3DBM,0.49789,1.37021,0.284688,0.12291,data\structures\alphafill\json\A9SNA2-F1.json,data\structures\alphafill\cif\A9SNA2-F1.cif,,0,,,,,,
ENZ_G000471,B0L642,alphafill_candidate,alphafold_heme_transplant,heme_transplanted,1,B0L642-F1,ENZ_G000701,0.534,3.90,,,,,,0,"qc=warn, n_ca=434, template=K4CI52",data\structures\alphafold\pdb\AF-B0L642-F1.pdb,data\structures\heme_transplant\pdb\ENZ_G000471_heme.pdb,4.066,-1.555,2.642
ENZ_G000472,B0XZV0,alphafill_candidate,alphafold_heme_transplant,heme_transplanted,1,B0XZV0-F1,ENZ_G001086,0.152,22.13,,,,,,0,"qc=bad, n_ca=543, template=Q5KQH7",data\structures\alphafold\pdb\AF-B0XZV0-F1.pdb,data\structures\heme_transplant\pdb\ENZ_G000472_heme.pdb,1.662,1.271,4.703
ENZ_G000473,B1NF18,alphafill_candidate,alphafill,downloaded_with_heme,1,B1NF18-F1,1PQ2,0.340659,3.39496,0.442804,0.77454,data\structures\alphafill\json\B1NF18-F1.json,data\structures\alphafill\cif\B1NF18-F1.cif,,0,,,,,,
ENZ_G000474,B1NF19,alphafill_candidate,alphafill,downloaded_with_heme,1,B1NF19-F1,4R20,0.283262,3.69079,0.754266,0.223708,data\structures\alphafill\json\B1NF19-F1.json,data\structures\alphafill\cif\B1NF19-F1.cif,,0,,,,,,
ENZ_G000475,B1NF20,alphafill_candidate,alphafill,downloaded_with_heme,1,B1NF20-F1,3E4E,0.333333,2.90376,0.602391,0.837076,data\structures\alphafill\json\B1NF20-F1.json,data\structures\alphafill\cif\B1NF20-F1.cif,,0,,,,,,
ENZ_G000476,B2BF50,alphafill_candidate,alphafold_heme_transplant,heme_transplanted,1,B2BF50-F1,ENZ_G001292,0.886,1.96,,,,,,0,"qc=good, n_ca=461, template=Q9FXW4",data\structures\alphafold\pdb\AF-B2BF50-F1.pdb,data\structures\heme_transplant\pdb\ENZ_G000476_heme.pdb,4.349,-2.058,1.289
ENZ_G000477,B2HG29,alphafill_candidate,alphafill,alphafill_not_found,0,B2HG29-F1,,,,,,,,,0,All 5 templates failed,data\structures\alphafold\pdb\AF-B2HG29-F1.pdb,,,,
ENZ_G000478,B2HGN5,alphafill_candidate,alphafold_heme_transplant,heme_transplanted,1,B2HGN5-F1,ENZ_G001073,0.157,25.90,,,,,,0,"qc=bad, n_ca=406, template=Q59723",data\structures\alphafold\pdb\AF-B2HGN5-F1.pdb,data\structures\heme_transplant\pdb\ENZ_G000478_heme.pdb,4.056,16.441,-12.719
ENZ_G000479,B2HHT9,experimental_pdb,experimental_pdb,experimental_pdb,1,,,,,,,,,s1_rcsb/8FJO,0,,,,,,
ENZ_G000480,B2HI07,experimental_pdb,experimental_pdb,experimental_pdb,1,,,,,,,,,s1_rcsb/7SMZ,0,,,,,,
ENZ_G000481,B2HMF7,experimental_pdb,experimental_pdb,experimental_pdb,1,,,,,,,,,s1_rcsb/6BLD,0,,,,,,
ENZ_G000482,B2RML6,alphafill_candidate,alphafill,downloaded_with_heme,1,B2RML6-F1,7LXL,0.319048,2.47191,1.20878,0.463673,data\structures\alphafill\json\B2RML6-F1.json,data\structures\alphafill\cif\B2RML6-F1.cif,,0,,,,,,
ENZ_G000483,B2RXA7,alphafill_candidate,alphafill,downloaded_with_heme,1,B2RXA7-F1,8E83,0.346535,5.43601,4.36374,0.73523,data\structures\alphafill\json\B2RXA7-F1.json,data\structures\alphafill\cif\B2RXA7-F1.cif,,0,,,,,,
ENZ_G000484,B2XCI4,alphafill_candidate,alphafold_heme_transplant,heme_transplanted,1,B2XCI4-F1,ENZ_G000757,0.200,12.11,,,,,,0,"qc=bad, n_ca=478, template=O64638",data\structures\alphafold\pdb\AF-B2XCI4-F1.pdb,data\structures\heme_transplant\pdb\ENZ_G000484_heme.pdb,4.141,-4.316,-0.401
ENZ_G000485,B3LF83,alphafill_candidate,alphafill,downloaded_with_heme,1,B3LF83-F1,2RCM,0.397878,1.61257,0.447139,0.136843,data\structures\alphafill\json\B3LF83-F1.json,data\structures\alphafill\cif\B3LF83-F1.cif,,0,,,,,,
ENZ_G000486,B3RFJ6,alphafill_candidate,alphafill,downloaded_with_heme,1,B3RFJ6-F1,7SV2,0.269122,4.72789,1.71863,0.451332,data\structures\alphafill\json\B3RFJ6-F1.json,data\structures\alphafill\cif\B3RFJ6-F1.cif,,0,,,,,,
ENZ_G000487,B3XWK3,alphafill_candidate,alphafold_heme_transplant,heme_transplanted,1,B3XWK3-F1,ENZ_G000869,0.455,10.10,,,,,,0,"qc=bad, n_ca=409, template=P26911",data\structures\alphafold\pdb\AF-B3XWK3-F1.pdb,data\structures\heme_transplant\pdb\ENZ_G000487_heme.pdb,-5.469,-0.577,-2.621
ENZ_G000488,B4DDJ0,alphafill_candidate,alphafold_heme_transplant,heme_transplanted,1,B4DDJ0-F1,ENZ_G000825,0.280,23.33,,,,,,0,"qc=bad, n_ca=287, template=P10612",data\structures\alphafold\pdb\AF-B4DDJ0-F1.pdb,data\structures\heme_transplant\pdb\ENZ_G000488_heme.pdb,-0.308,-5.704,-0.213
ENZ_G000489,B4FVP3,pcpd_predicted,pcpd_predicted,pcpd_predicted,1,,,,,,,,,pcpd/CYP71Z18.pdb,0,,,,,,
ENZ_G000490,B4FYL7,pcpd_predicted,pcpd_predicted,pcpd_predicted,1,,,,,,,,,pcpd/CYP701A26.pdb,0,,,,,,
ENZ_G000491,B4XY99,alphafill_candidate,alphafill,downloaded_with_heme,1,B4XY99-F1,2JJN,0.310811,3.67894,3.42629,0.826493,data\structures\alphafill\json\B4XY99-F1.json,data\structures\alphafill\cif\B4XY99-F1.cif,,0,,,,,,
ENZ_G000492,B5BSX1,alphafill_candidate,alphafill,downloaded_with_heme,1,B5BSX1-F1,6A17,0.319444,3.28916,1.00642,0.292994,data\structures\alphafill\json\B5BSX1-F1.json,data\structures\alphafill\cif\B5BSX1-F1.cif,,0,,,,,,
ENZ_G000493,B5BT05,alphafill_candidate,alphafold_heme_transplant,heme_transplanted,1,B5BT05-F1,ENZ_G001007,0.693,3.49,,,,,,0,"qc=warn, n_ca=482, template=Q2MJ11",data\structures\alphafold\pdb\AF-B5BT05-F1.pdb,data\structures\heme_transplant\pdb\ENZ_G000493_heme.pdb,5.129,-2.466,1.554
ENZ_G000494,B5MEX5,alphafill_candidate,alphafold_heme_transplant,heme_transplanted,1,B5MEX5-F1,ENZ_G001139,0.446,6.69,,,,,,0,"qc=bad, n_ca=511, template=Q6UQ67",data\structures\alphafold\pdb\AF-B5MEX5-F1.pdb,data\structures\heme_transplant\pdb\ENZ_G000494_heme.pdb,6.787,5.581,5.302
ENZ_G000495,B5MEX6,alphafill_candidate,alphafold_heme_transplant,heme_transplanted,1,B5MEX6-F1,ENZ_G001139,0.560,3.61,,,,,,0,"qc=warn, n_ca=512, template=Q6UQ67",data\structures\alphafold\pdb\AF-B5MEX6-F1.pdb,data\structures\heme_transplant\pdb\ENZ_G000495_heme.pdb,8.763,4.942,4.815
ENZ_G000496,B5MEX7,alphafill_candidate,alphafold_heme_transplant,heme_transplanted,1,B5MEX7-F1,ENZ_G000734,0.350,5.89,,,,,,0,"qc=bad, n_ca=447, template=O23051",data\structures\alphafold\pdb\AF-B5MEX7-F1.pdb,data\structures\heme_transplant\pdb\ENZ_G000496_heme.pdb,3.597,-2.096,3.970
ENZ_G000497,B5UAQ8,alphafill_candidate,alphafill,downloaded_with_heme,1,B5UAQ8-F1,4GQS,0.30303,2.20813,2.02165,0.749719,data\structures\alphafill\json\B5UAQ8-F1.json,data\structures\alphafill\cif\B5UAQ8-F1.cif,,0,,,,,,
ENZ_G000498,B5UAQ9,alphafill_candidate,alphafold_heme_transplant,heme_transplanted,1,B5UAQ9-F1,ENZ_G001059,0.560,6.29,,,,,,0,"qc=bad, n_ca=495, template=Q50LH3",data\structures\alphafold\pdb\AF-B5UAQ9-F1.pdb,data\structures\heme_transplant\pdb\ENZ_G000498_heme.pdb,9.661,0.658,4.253
ENZ_G000499,B6H066,alphafill_candidate,alphafill,downloaded_with_heme,1,B6H066-F1,5VEU,0.251101,3.89166,2.51809,0.245068,data\structures\alphafill\json\B6H066-F1.json,data\structures\alphafill\cif\B6H066-F1.cif,,0,,,,,,
ENZ_G000500,B6HJU3,alphafill_candidate,alphafill,downloaded_with_heme,1,B6HJU3-F1,7JJ1,0.269504,4.97935,2.17429,0.326708,data\structures\alphafill\json\B6HJU3-F1.json,data\structures\alphafill\cif\B6HJU3-F1.cif,,0,,,,,,
ENZ_G000501,B6HJU5,alphafill_candidate,alphafill,downloaded_with_heme,1,B6HJU5-F1,6C93,0.294444,2.63804,1.3088,0.23025,data\structures\alphafill\json\B6HJU5-F1.json,data\structures\alphafill\cif\B6HJU5-F1.cif,,0,,,,,,
ENZ_G000502,B6HUQ4,alphafill_candidate,alphafill,downloaded_with_heme,1,B6HUQ4-F1,5YLW,0.29148,5.54318,1.62896,0.18733,data\structures\alphafill\json\B6HUQ4-F1.json,data\structures\alphafill\cif\B6HUQ4-F1.cif,,0,,,,,,
ENZ_G000503,B6ST45,alphafill_candidate,alphafill,downloaded_with_heme,1,B6ST45-F1,4I8V,0.35,1.85143,2.30442,0.561733,data\structures\alphafill\json\B6ST45-F1.json,data\structures\alphafill\cif\B6ST45-F1.cif,,0,,,,,,
ENZ_G000504,B8N0E9,alphafill_candidate,alphafill,downloaded_with_heme,1,B8N0E9-F1,4NKW,0.277551,5.1447,1.20002,0.30883,data\structures\alphafill\json\B8N0E9-F1.json,data\structures\alphafill\cif\B8N0E9-F1.cif,,0,,,,,,
ENZ_G000505,B8N8R3,alphafill_candidate,alphafill,downloaded_with_heme,1,B8N8R3-F1,5FSA,0.278351,5.95311,0.675643,0.857819,data\structures\alphafill\json\B8N8R3-F1.json,data\structures\alphafill\cif\B8N8R3-F1.cif,,0,,,,,,
ENZ_G000506,B8NHD8,alphafill_candidate,alphafold_heme_transplant,heme_transplanted,1,B8NHD8-F1,ENZ_G001177,0.147,27.03,,,,,,0,"qc=bad, n_ca=512, template=Q811W2",data\structures\alphafold\pdb\AF-B8NHD8-F1.pdb,data\structures\heme_transplant\pdb\ENZ_G000506_heme.pdb,1.185,-3.465,-9.033
ENZ_G000507,B8NHD9,alphafill_candidate,alphafold_heme_transplant,heme_transplanted,1,B8NHD9-F1,ENZ_G000639,0.239,5.02,,,,,,0,"qc=bad, n_ca=511, template=G0KYB2",data\structures\alphafold\pdb\AF-B8NHD9-F1.pdb,data\structures\heme_transplant\pdb\ENZ_G000507_heme.pdb,4.813,1.918,3.143
ENZ_G000508,B8NM64,alphafill_candidate,alphafill,downloaded_with_heme,1,B8NM64-F1,5YLW,0.275281,11.3997,11.6605,0.832434,data\structures\alphafill\json\B8NM64-F1.json,data\structures\alphafill\cif\B8NM64-F1.cif,,0,,,,,,
ENZ_G000509,B8QHP1,alphafill_candidate,alphafill,downloaded_with_heme,1,B8QHP1-F1,6N6Q,0.29108,5.13878,1.41967,0.295694,data\structures\alphafill\json\B8QHP1-F1.json,data\structures\alphafill\cif\B8QHP1-F1.cif,,0,,,,,,
ENZ_G000510,B8QHP3,alphafill_candidate,alphafill,downloaded_with_heme,1,B8QHP3-F1,5VEU,0.313084,3.05503,1.52501,0.377708,data\structures\alphafill\json\B8QHP3-F1.json,data\structures\alphafill\cif\B8QHP3-F1.cif,,0,,,,,,
ENZ_G000511,B8QHP5,alphafill_candidate,alphafill,downloaded_with_heme,1,B8QHP5-F1,6J94,0.375,2.91512,0.80339,0.198239,data\structures\alphafill\json\B8QHP5-F1.json,data\structures\alphafill\cif\B8QHP5-F1.cif,,0,,,,,,
ENZ_G000512,B8QM33,alphafill_candidate,alphafold_heme_transplant,heme_transplanted,1,B8QM33-F1,ENZ_G000441,0.394,13.48,,,,,,0,"qc=bad, n_ca=501, template=A2QTW5",data\structures\alphafold\pdb\AF-B8QM33-F1.pdb,data\structures\heme_transplant\pdb\ENZ_G000512_heme.pdb,4.824,0.022,3.302
ENZ_G000513,B8XX43,pcpd_predicted,pcpd_predicted,pcpd_predicted,1,,,,,,,,,pcpd/CYP79A8.pdb,0,,,,,,
ENZ_G000514,B9DFU2,alphafill_candidate,alphafill,downloaded_with_heme,1,B9DFU2-F1,6MA7,0.308333,3.27501,0.775999,0.171697,data\structures\alphafill\json\B9DFU2-F1.json,data\structures\alphafill\cif\B9DFU2-F1.cif,,0,,,,,,
ENZ_G000515,B9RHW4,pcpd_predicted,pcpd_predicted,pcpd_predicted,1,,,,,,,,,pcpd/CYP726A14.pdb,0,,,,,,
ENZ_G000516,B9RHW6,pcpd_predicted,pcpd_predicted,pcpd_predicted,1,,,,,,,,,pcpd/CYP726A15.pdb,0,,,,,,
ENZ_G000517,B9RHX0,alphafill_candidate,alphafold_heme_transplant,heme_transplanted,1,B9RHX0-F1,ENZ_G000515,0.421,8.13,,,,,,0,"qc=bad, n_ca=462, template=B9RHW4",data\structures\alphafold\pdb\AF-B9RHX0-F1.pdb,data\structures\heme_transplant\pdb\ENZ_G000517_heme.pdb,3.085,-2.422,3.397
ENZ_G000518,B9RHX3,pcpd_predicted,pcpd_predicted,pcpd_predicted,1,,,,,,,,,pcpd/CYP726A18.pdb,0,,,,,,
ENZ_G000519,B9VQX4,pcpd_predicted,pcpd_predicted,pcpd_predicted,1,,,,,,,,,pcpd/CYP79A12.pdb,0,,,,,,
ENZ_G000520,B9WZX1,alphafill_candidate,alphafill,downloaded_with_heme,1,B9WZX1-F1,5VCD,0.306533,3.28893,1.52645,0.242066,data\structures\alphafill\json\B9WZX1-F1.json,data\structures\alphafill\cif\B9WZX1-F1.cif,,0,,,,,,
ENZ_G000521,B9WZX4,alphafill_candidate,alphafill,downloaded_with_heme,1,B9WZX4-F1,3C6G,0.348624,2.52634,1.43732,0.739918,data\structures\alphafill\json\B9WZX4-F1.json,data\structures\alphafill\cif\B9WZX4-F1.cif,,0,,,,,,
ENZ_G000522,B9WZX6,alphafill_candidate,alphafill,downloaded_with_heme,1,B9WZX6-F1,5VCD,0.251678,5.87835,2.69154,0.284363,data\structures\alphafill\json\B9WZX6-F1.json,data\structures\alphafill\cif\B9WZX6-F1.cif,,0,,,,,,
ENZ_G000523,C0LQP5,alphafill_candidate,alphafold_heme_transplant,heme_transplanted,1,C0LQP5-F1,ENZ_G001558,0.588,1.78,,,,,,0,"qc=good, n_ca=482, template=",data\structures\alphafold\pdb\AF-C0LQP5-F1.pdb,data\structures\heme_transplant\pdb\ENZ_G000523_heme.pdb,3.857,0.338,4.481
ENZ_G000524,C0LQP6,alphafill_candidate,alphafold_heme_transplant,heme_transplanted,1,C0LQP6-F1,ENZ_G001558,0.571,7.67,,,,,,0,"qc=bad, n_ca=479, template=",data\structures\alphafold\pdb\AF-C0LQP6-F1.pdb,data\structures\heme_transplant\pdb\ENZ_G000524_heme.pdb,4.840,-1.853,3.518
ENZ_G000525,C0LQP7,alphafill_candidate,alphafold_heme_transplant,heme_transplanted,1,C0LQP7-F1,ENZ_G001558,0.531,5.26,,,,,,0,"qc=bad, n_ca=483, template=",data\structures\alphafold\pdb\AF-C0LQP7-F1.pdb,data\structures\heme_transplant\pdb\ENZ_G000525_heme.pdb,4.153,0.570,3.750
ENZ_G000526,C0SJS2,alphafill_candidate,alphafill,downloaded_with_heme,1,C0SJS2-F1,5YLW,0.31681,2.45205,0.900644,0.166065,data\structures\alphafill\json\C0SJS2-F1.json,data\structures\alphafill\cif\C0SJS2-F1.cif,,0,,,,,,
ENZ_G000527,C0SJS3,alphafill_candidate,alphafill,downloaded_with_heme,1,C0SJS3-F1,5YLW,0.315193,2.29398,1.03124,0.158584,data\structures\alphafill\json\C0SJS3-F1.json,data\structures\alphafill\cif\C0SJS3-F1.cif,,0,,,,,,
ENZ_G000528,C0SJS4,alphafill_candidate,alphafill,downloaded_with_heme,1,C0SJS4-F1,5YLW,0.312629,2.46897,0.941222,0.239348,data\structures\alphafill\json\C0SJS4-F1.json,data\structures\alphafill\cif\C0SJS4-F1.cif,,0,,,,,,
ENZ_G000529,C0SPF7,alphafill_candidate,alphafill,downloaded_with_heme,1,C0SPF7-F1,6O5Y,0.334783,2.80689,1.77567,0.238877,data\structures\alphafill\json\C0SPF7-F1.json,data\structures\alphafill\cif\C0SPF7-F1.cif,,0,,,,,,
ENZ_G000530,C0XPZ5,experimental_pdb,experimental_pdb,experimental_pdb,1,,,,,,,,,s1_rcsb/8W1K,0,,,,,,
ENZ_G000531,C1J0N9,alphafill_candidate,alphafold_heme_transplant,heme_transplanted,1,C1J0N9-F1,ENZ_G001558,0.648,6.14,,,,,,0,"qc=bad, n_ca=480, template=",data\structures\alphafold\pdb\AF-C1J0N9-F1.pdb,data\structures\heme_transplant\pdb\ENZ_G000531_heme.pdb,4.806,-2.384,3.840
ENZ_G000532,C4B644,alphafill_candidate,alphafill,downloaded_with_heme,1,C4B644-F1,3A4G,0.975186,2.35748,0.516138,0.120817,data\structures\alphafill\json\C4B644-F1.json,data\structures\alphafill\cif\C4B644-F1.cif,,0,,,,,,
ENZ_G000533,C4L2G9,experimental_pdb,experimental_pdb,experimental_pdb,1,,,,,,,,,s1_rcsb/5YHJ,0,,,,,,
ENZ_G000534,C5IGQ3,alphafill_candidate,alphafold_heme_transplant,heme_transplanted,1,C5IGQ3-F1,ENZ_G001226,0.534,6.14,,,,,,0,"qc=bad, n_ca=511, template=Q8W3Y5",data\structures\alphafold\pdb\AF-C5IGQ3-F1.pdb,data\structures\heme_transplant\pdb\ENZ_G000534_heme.pdb,4.150,0.007,2.180
ENZ_G000535,C5IGQ5,alphafill_candidate,alphafold_heme_transplant,heme_transplanted,1,C5IGQ5-F1,ENZ_G001226,0.511,6.22,,,,,,0,"qc=bad, n_ca=511, template=Q8W3Y5",data\structures\alphafold\pdb\AF-C5IGQ5-F1.pdb,data\structures\heme_transplant\pdb\ENZ_G000535_heme.pdb,4.009,0.953,2.153
ENZ_G000536,C5X6I4,alphafill_candidate,alphafold_heme_transplant,heme_transplanted,1,C5X6I4-F1,ENZ_G001096,0.457,17.89,,,,,,0,"qc=bad, n_ca=481, template=Q5VRI5",data\structures\alphafold\pdb\AF-C5X6I4-F1.pdb,data\structures\heme_transplant\pdb\ENZ_G000536_heme.pdb,6.505,-1.859,-0.507
ENZ_G000537,C5XWH8,alphafill_candidate,alphafold_heme_transplant,heme_transplanted,1,C5XWH8-F1,ENZ_G001166,0.610,12.68,,,,,,0,"qc=bad, n_ca=517, template=Q7G602",data\structures\alphafold\pdb\AF-C5XWH8-F1.pdb,data\structures\heme_transplant\pdb\ENZ_G000537_heme.pdb,0.921,0.529,-1.267
ENZ_G000538,C5Y125,alphafill_candidate,alphafold_heme_transplant,heme_transplanted,1,C5Y125-F1,ENZ_G001614,0.224,27.49,,,,,,0,"qc=bad, n_ca=464, template=",data\structures\alphafold\pdb\AF-C5Y125-F1.pdb,data\structures\heme_transplant\pdb\ENZ_G000538_heme.pdb,1.174,-1.402,5.748
ENZ_G000539,C5YJG8,alphafill_candidate,alphafold_heme_transplant,heme_transplanted,1,C5YJG8-F1,ENZ_G000634,0.189,30.02,,,data\structures\alphafill\json\C5YJG8-F1.json,,,0,"qc=bad, n_ca=706, template=F8JYI6",data\structures\alphafold\pdb\AF-C5YJG8-F1.pdb,data\structures\heme_transplant\pdb\ENZ_G000539_heme.pdb,-2.222,23.128,7.600
ENZ_G000540,C7A8S0,alphafill_candidate,alphafold_heme_transplant,heme_transplanted,1,C7A8S0-F1,ENZ_G001073,0.098,24.05,,,,,,0,"qc=bad, n_ca=265, template=Q59723",data\structures\alphafold\pdb\AF-C7A8S0-F1.pdb,data\structures\heme_transplant\pdb\ENZ_G000540_heme.pdb,-5.546,1.795,13.019
ENZ_G000541,C7SFP5,alphafill_candidate,alphafill,downloaded_with_heme,1,C7SFP5-F1,6KBH,0.984314,9.73234,0.663462,0.138676,data\structures\alphafill\json\C7SFP5-F1.json,data\structures\alphafill\cif\C7SFP5-F1.cif,,0,,,,,,
ENZ_G000542,C7T4H2,alphafill_candidate,alphafold_heme_transplant,heme_transplanted,1,C7T4H2-F1,ENZ_G001620,0.055,12.91,,,,,,0,"qc=bad, n_ca=51, template=",data\structures\alphafold\pdb\AF-C7T4H2-F1.pdb,data\structures\heme_transplant\pdb\ENZ_G000542_heme.pdb,-10.900,-21.133,-7.833
ENZ_G000543,C7T4H3,alphafill_candidate,alphafold_heme_transplant,heme_transplanted,1,C7T4H3-F1,ENZ_G001262,0.308,17.05,,,,,,0,"qc=bad, n_ca=108, template=Q9AXH9",data\structures\alphafold\pdb\AF-C7T4H3-F1.pdb,data\structures\heme_transplant\pdb\ENZ_G000543_heme.pdb,-15.663,2.706,-10.912
ENZ_G000544,C7T4H4,alphafill_candidate,alphafold_heme_transplant,heme_transplanted,1,C7T4H4-F1,ENZ_G001262,0.312,17.16,,,,,,0,"qc=bad, n_ca=108, template=Q9AXH9",data\structures\alphafold\pdb\AF-C7T4H4-F1.pdb,data\structures\heme_transplant\pdb\ENZ_G000544_heme.pdb,-16.156,-3.009,-10.135
ENZ_G000545,C8V0D4,alphafill_candidate,alphafill,downloaded_with_heme,1,C8V0D4-F1,7X2Q,0.278431,4.23089,1.63716,0.180549,data\structures\alphafill\json\C8V0D4-F1.json,data\structures\alphafill\cif\C8V0D4-F1.cif,,0,,,,,,
ENZ_G000546,C8V7P3,alphafill_candidate,alphafill,downloaded_with_heme,1,C8V7P3-F1,6M7X,0.309859,4.20787,1.84415,0.237895,data\structures\alphafill\json\C8V7P3-F1.json,data\structures\alphafill\cif\C8V7P3-F1.cif,,0,,,,,,
ENZ_G000547,C9EGT6,alphafill_candidate,alphafold_heme_transplant,heme_transplanted,1,C9EGT6-F1,ENZ_G000733,0.582,6.05,,,,,,0,"qc=bad, n_ca=480, template=O22203",data\structures\alphafold\pdb\AF-C9EGT6-F1.pdb,data\structures\heme_transplant\pdb\ENZ_G000547_heme.pdb,3.874,-3.019,3.191
ENZ_G000548,C9JFR9,alphafill_candidate,alphafold_heme_transplant,heme_transplanted,1,C9JFR9-F1,ENZ_G001354,0.895,7.79,,,,,,0,"qc=bad, n_ca=496, template=Q9UNU6",data\structures\alphafold\pdb\AF-C9JFR9-F1.pdb,data\structures\heme_transplant\pdb\ENZ_G000548_heme.pdb,0.160,-5.362,0.986
ENZ_G000549,C9K1X6,alphafill_candidate,alphafill,downloaded_with_heme,1,C9K1X6-F1,3DBG,0.388764,2.15975,1.25627,0.259897,data\structures\alphafill\json\C9K1X6-F1.json,data\structures\alphafill\cif\C9K1X6-F1.cif,,0,,,,,,
ENZ_G000550,C9K1X7,alphafill_candidate,alphafill,downloaded_with_heme,1,C9K1X7-F1,3DBG,0.361702,1.88972,1.1413,0.285194,data\structures\alphafill\json\C9K1X7-F1.json,data\structures\alphafill\cif\C9K1X7-F1.cif,,0,,,,,,
ENZ_G000551,C9K202,alphafill_candidate,alphafill,downloaded_with_heme,1,C9K202-F1,8EWP,0.306818,2.58611,0.833769,0.596996,data\structures\alphafill\json\C9K202-F1.json,data\structures\alphafill\cif\C9K202-F1.cif,,0,,,,,,
ENZ_G000552,C9ZDC6,experimental_pdb,experimental_pdb,experimental_pdb,1,,,,,,,,,s1_rcsb/4TPO,0,,,,,,
ENZ_G000553,D0Q1H3,experimental_pdb,experimental_pdb,experimental_pdb,1,,,,,,,,,s1_rcsb/8B2P,0,,,,,,
ENZ_G000554,D1MI46,pcpd_predicted,pcpd_predicted,pcpd_predicted,1,,,,,,,,,pcpd/CYP76B10.pdb,0,,,,,,
ENZ_G000555,D2CGS0,alphafill_candidate,alphafill,downloaded_with_heme,1,D2CGS0-F1,5YLW,0.292632,2.61301,0.818423,0.15198,data\structures\alphafill\json\D2CGS0-F1.json,data\structures\alphafill\cif\D2CGS0-F1.cif,,0,,,,,,
ENZ_G000556,D2CV78,alphafill_candidate,alphafold_heme_transplant,heme_transplanted,1,D2CV78-F1,ENZ_G000046,0.580,30.33,,,,,,0,"qc=bad, n_ca=471, template=A0A0A8KYF2",data\structures\alphafold\pdb\AF-D2CV78-F1.pdb,data\structures\heme_transplant\pdb\ENZ_G000556_heme.pdb,-1.382,4.656,-6.080
ENZ_G000557,D2CV80,alphafill_candidate,alphafold_heme_transplant,heme_transplanted,1,D2CV80-F1,ENZ_G000736,0.235,23.66,,,,,,0,"qc=bad, n_ca=580, template=O23365",data\structures\alphafold\pdb\AF-D2CV80-F1.pdb,data\structures\heme_transplant\pdb\ENZ_G000557_heme.pdb,4.590,-2.538,0.118
ENZ_G000558,D2JLJ6,alphafill_candidate,alphafold_heme_transplant,heme_transplanted,1,D2JLJ6-F1,ENZ_G000660,0.154,25.13,,,,,,0,"qc=bad, n_ca=456, template=H1A981",data\structures\alphafold\pdb\AF-D2JLJ6-F1.pdb,data\structures\heme_transplant\pdb\ENZ_G000558_heme.pdb,1.450,-0.243,5.973
ENZ_G000559,D3IWE6,alphafill_candidate,alphafold_heme_transplant,heme_transplanted,1,D3IWE6-F1,ENZ_G001558,0.677,7.17,,,,,,0,"qc=bad, n_ca=479, template=",data\structures\alphafold\pdb\AF-D3IWE6-F1.pdb,data\structures\heme_transplant\pdb\ENZ_G000559_heme.pdb,3.881,-3.689,3.852
ENZ_G000560,D3TJH0,alphafill_candidate,alphafold_heme_transplant,heme_transplanted,1,D3TJH0-F1,ENZ_G000781,0.196,31.64,,,,,,0,"qc=bad, n_ca=300, template=P00185",data\structures\alphafold\pdb\AF-D3TJH0-F1.pdb,data\structures\heme_transplant\pdb\ENZ_G000560_heme.pdb,-6.008,-9.797,7.896
ENZ_G000561,D3W9H7,alphafill_candidate,alphafold_heme_transplant,heme_transplanted,1,D3W9H7-F1,ENZ_G000880,0.758,8.95,,,,,,0,"qc=bad, n_ca=511, template=P37120",data\structures\alphafold\pdb\AF-D3W9H7-F1.pdb,data\structures\heme_transplant\pdb\ENZ_G000561_heme.pdb,7.608,1.339,-17.716
ENZ_G000562,D3Y1J3,experimental_pdb,experimental_pdb,experimental_pdb,1,,,,,,,,,s1_rcsb/6XA2,0,,,,,,
ENZ_G000563,D5DF35,alphafill_candidate,alphafold_heme_transplant,heme_transplanted,1,D5DF35-F1,ENZ_G000838,0.964,0.57,,,,,,0,"qc=good, n_ca=410, template=P14762",data\structures\alphafold\pdb\AF-D5DF35-F1.pdb,data\structures\heme_transplant\pdb\ENZ_G000563_heme.pdb,-3.829,3.812,1.246
ENZ_G000564,D5DF88,experimental_pdb,experimental_pdb,experimental_pdb,1,,,,,,,,,s1_rcsb/8ABS,0,,,,,,
ENZ_G000565,D5DKI8,experimental_pdb,experimental_pdb,experimental_pdb,1,,,,,,,,,s1_rcsb/5L92,0,,,,,,
ENZ_G000566,D5E3H2,alphafill_candidate,alphafill,downloaded_with_heme,1,D5E3H2-F1,6GK5,0.464865,2.68163,0.811453,0.146379,data\structures\alphafill\json\D5E3H2-F1.json,data\structures\alphafill\cif\D5E3H2-F1.cif,,0,,,,,,
ENZ_G000567,D5J9U8,pcpd_predicted,pcpd_predicted,pcpd_predicted,1,,,,,,,,,pcpd/CYP71AV3.pdb,0,,,,,,
ENZ_G000568,D5JBW8,alphafill_candidate,alphafill,downloaded_with_heme,1,D5JBW8-F1,5YLW,0.306584,3.44266,0.945305,0.177115,data\structures\alphafill\json\D5JBW8-F1.json,data\structures\alphafill\cif\D5JBW8-F1.cif,,0,,,,,,
ENZ_G000569,D5JBW9,alphafill_candidate,alphafill,downloaded_with_heme,1,D5JBW9-F1,5YLW,0.330579,3.40706,0.922767,0.178883,data\structures\alphafill\json\D5JBW9-F1.json,data\structures\alphafill\cif\D5JBW9-F1.cif,,0,,,,,,
ENZ_G000570,D5JBX0,alphafill_candidate,alphafill,downloaded_with_heme,1,D5JBX0-F1,5YLW,0.317526,2.83656,0.915683,0.166883,data\structures\alphafill\json\D5JBX0-F1.json,data\structures\alphafill\cif\D5JBX0-F1.cif,,0,,,,,,
ENZ_G000571,D5JBX1,alphafill_candidate,alphafill,downloaded_with_heme,1,D5JBX1-F1,5YLW,0.317623,3.61895,1.48431,0.176581,data\structures\alphafill\json\D5JBX1-F1.json,data\structures\alphafill\cif\D5JBX1-F1.cif,,0,,,,,,
ENZ_G000572,D5L0N3,alphafill_candidate,alphafold_heme_transplant,heme_transplanted,1,D5L0N3-F1,ENZ_G001145,0.141,16.32,,,,,,0,"qc=bad, n_ca=496, template=Q6WKZ1",data\structures\alphafold\pdb\AF-D5L0N3-F1.pdb,data\structures\heme_transplant\pdb\ENZ_G000572_heme.pdb,7.892,11.283,4.329
ENZ_G000573,D6BL34,alphafill_candidate,alphafold_heme_transplant,heme_transplanted,1,D6BL34-F1,ENZ_G000733,0.576,8.16,,,,,,0,"qc=bad, n_ca=478, template=O22203",data\structures\alphafold\pdb\AF-D6BL34-F1.pdb,data\structures\heme_transplant\pdb\ENZ_G000573_heme.pdb,4.676,-1.163,3.098
ENZ_G000574,D6CJJ9,alphafill_candidate,alphafold_heme_transplant,heme_transplanted,1,D6CJJ9-F1,ENZ_G001134,0.273,26.84,,,,,,0,"qc=bad, n_ca=305, template=Q6R7M4",data\structures\alphafold\pdb\AF-D6CJJ9-F1.pdb,data\structures\heme_transplant\pdb\ENZ_G000574_heme.pdb,-10.430,-6.644,13.616
ENZ_G000575,D6RVW1,alphafill_candidate,alphafold_heme_transplant,heme_transplanted,1,D6RVW1-F1,ENZ_G000907,0.265,7.99,,,,,,0,"qc=bad, n_ca=499, template=P93147",data\structures\alphafold\pdb\AF-D6RVW1-F1.pdb,data\structures\heme_transplant\pdb\ENZ_G000575_heme.pdb,4.303,-0.334,-1.360
ENZ_G000576,D6WFY6,alphafill_candidate,alphafold_heme_transplant,heme_transplanted,1,D6WFY6-F1,ENZ_G001134,0.272,5.99,,,,,,0,"qc=bad, n_ca=492, template=Q6R7M4",data\structures\alphafold\pdb\AF-D6WFY6-F1.pdb,data\structures\heme_transplant\pdb\ENZ_G000576_heme.pdb,14.035,-5.939,10.671
ENZ_G000577,D7PHY9,alphafill_candidate,alphafill,downloaded_with_heme,1,D7PHY9-F1,4D6Z,0.266667,3.84759,1.77577,0.293485,data\structures\alphafill\json\D7PHY9-F1.json,data\structures\alphafill\cif\D7PHY9-F1.cif,,0,,,,,,
ENZ_G000578,D7PI20,alphafill_candidate,alphafill,downloaded_with_heme,1,D7PI20-F1,3K9V,0.305389,2.28354,1.17539,0.249074,data\structures\alphafill\json\D7PI20-F1.json,data\structures\alphafill\cif\D7PI20-F1.cif,,0,,,,,,
ENZ_G000579,D8L2V0,alphafill_candidate,alphafold_heme_transplant,heme_transplanted,1,D8L2V0-F1,ENZ_G000854,0.245,26.75,,,,,,0,"qc=bad, n_ca=403, template=P18327",data\structures\alphafold\pdb\AF-D8L2V0-F1.pdb,data\structures\heme_transplant\pdb\ENZ_G000579_heme.pdb,7.733,-4.258,1.792
ENZ_G000580,D8LQS7,alphafill_candidate,alphafold_heme_transplant,heme_transplanted,1,D8LQS7-F1,ENZ_G000749,0.143,28.61,,,,,,0,"qc=bad, n_ca=510, template=O48958",data\structures\alphafold\pdb\AF-D8LQS7-F1.pdb,data\structures\heme_transplant\pdb\ENZ_G000580_heme.pdb,-9.394,10.000,-1.872
ENZ_G000581,D8QZ31,alphafill_candidate,alphafold_heme_transplant,heme_transplanted,1,D8QZ31-F1,ENZ_G000582,0.207,23.87,,,,,,0,"qc=bad, n_ca=477, template=D8RF82",data\structures\alphafold\pdb\AF-D8QZ31-F1.pdb,data\structures\heme_transplant\pdb\ENZ_G000581_heme.pdb,-4.053,-3.630,-8.128
ENZ_G000582,D8RF82,pcpd_predicted,pcpd_predicted,pcpd_predicted,1,,,,,,,,,pcpd/CYP74L1.pdb,0,,,,,,
ENZ_G000583,D8RLS2,alphafill_candidate,alphafold_heme_transplant,heme_transplanted,1,D8RLS2-F1,ENZ_G000339,0.181,24.04,,,,,,0,"qc=bad, n_ca=512, template=A0A5A4U5E1",data\structures\alphafold\pdb\AF-D8RLS2-F1.pdb,data\structures\heme_transplant\pdb\ENZ_G000583_heme.pdb,11.522,3.427,12.451
ENZ_G000584,D8S724,alphafill_candidate,alphafold_heme_transplant,heme_transplanted,1,D8S724-F1,ENZ_G000582,0.236,13.35,,,,,,0,"qc=bad, n_ca=474, template=D8RF82",data\structures\alphafold\pdb\AF-D8S724-F1.pdb,data\structures\heme_transplant\pdb\ENZ_G000584_heme.pdb,4.001,-1.741,6.577
ENZ_G000585,E0D4W1,alphafill_candidate,alphafold_heme_transplant,heme_transplanted,1,E0D4W1-F1,ENZ_G000886,0.518,8.98,,,,,,0,"qc=bad, n_ca=506, template=P48418",data\structures\alphafold\pdb\AF-E0D4W1-F1.pdb,data\structures\heme_transplant\pdb\ENZ_G000585_heme.pdb,6.840,7.426,-11.920
ENZ_G000586,E0D4W2,alphafill_candidate,alphafold_heme_transplant,heme_transplanted,1,E0D4W2-F1,ENZ_G001338,0.487,8.73,,,,,,0,"qc=bad, n_ca=509, template=Q9SBQ9",data\structures\alphafold\pdb\AF-E0D4W2-F1.pdb,data\structures\heme_transplant\pdb\ENZ_G000586_heme.pdb,5.206,-0.558,2.891
ENZ_G000587,E1B2Z9,alphafill_candidate,alphafill,downloaded_with_heme,1,E1B2Z9-F1,5YLW,0.31405,3.41797,0.925715,0.162043,data\structures\alphafill\json\E1B2Z9-F1.json,data\structures\alphafill\cif\E1B2Z9-F1.cif,,0,,,,,,
ENZ_G000588,E3TB05,alphafill_candidate,alphafold_heme_transplant,heme_transplanted,1,E3TB05-F1,ENZ_G001304,0.261,28.06,,,,,,0,"qc=bad, n_ca=281, template=Q9LJK2",data\structures\alphafold\pdb\AF-E3TB05-F1.pdb,data\structures\heme_transplant\pdb\ENZ_G000588_heme.pdb,0.579,-4.427,2.258
ENZ_G000589,E3VWA8,alphafill_candidate,alphafold_heme_transplant,heme_transplanted,1,E3VWA8-F1,ENZ_G001513,0.969,1.56,,,,,,0,"qc=good, n_ca=455, template=",data\structures\alphafold\pdb\AF-E3VWA8-F1.pdb,data\structures\heme_transplant\pdb\ENZ_G000589_heme.pdb,3.404,-2.542,2.747
ENZ_G000590,E3VWI3,alphafill_candidate,alphafill,downloaded_with_heme,1,E3VWI3-F1,5L1O,1,0.177141,0.180869,0.11336,data\structures\alphafill\json\E3VWI3-F1.json,data\structures\alphafill\cif\E3VWI3-F1.cif,,0,,,,,,
ENZ_G000591,E3VWJ9,alphafill_candidate,alphafill,downloaded_with_heme,1,E3VWJ9-F1,5L1O,0.781407,0.5283,0.221451,0.123581,data\structures\alphafill\json\E3VWJ9-F1.json,data\structures\alphafill\cif\E3VWJ9-F1.cif,,0,,,,,,
ENZ_G000592,E3W9C4,pcpd_predicted,pcpd_predicted,pcpd_predicted,1,,,,,,,,,pcpd/CYP71BA1.pdb,0,,,,,,
ENZ_G000593,E5A7D8,alphafill_candidate,alphafill,downloaded_with_heme,1,E5A7D8-F1,4I3Q,0.285141,5.05138,1.48834,0.272051,data\structures\alphafill\json\E5A7D8-F1.json,data\structures\alphafill\cif\E5A7D8-F1.cif,,0,,,,,,
ENZ_G000594,E5FA70,alphafill_candidate,alphafold_heme_transplant,heme_transplanted,1,E5FA70-F1,ENZ_G001057,0.694,4.30,,,,,,0,"qc=warn, n_ca=481, template=Q50EK6",data\structures\alphafold\pdb\AF-E5FA70-F1.pdb,data\structures\heme_transplant\pdb\ENZ_G000594_heme.pdb,3.611,-2.744,-3.130
ENZ_G000595,E5G962,alphafill_candidate,alphafold_heme_transplant,heme_transplanted,1,E5G962-F1,ENZ_G000292,0.263,8.52,,,,,,0,"qc=bad, n_ca=517, template=A0A3G4RHY7",data\structures\alphafold\pdb\AF-E5G962-F1.pdb,data\structures\heme_transplant\pdb\ENZ_G000595_heme.pdb,6.662,-3.277,-17.877
ENZ_G000596,E9KBR8,alphafill_candidate,alphafill,downloaded_with_heme,1,E9KBR8-F1,8E83,0.448065,5.68237,4.69005,0.668446,data\structures\alphafill\json\E9KBR8-F1.json,data\structures\alphafill\cif\E9KBR8-F1.cif,,0,,,,,,
ENZ_G000597,E9NSU2,experimental_pdb,experimental_pdb,experimental_pdb,1,,,,,,,,,s1_rcsb/5M0O,0,,,,,,
ENZ_G000598,E9Q5K4,alphafill_candidate,alphafill,downloaded_with_heme,1,E9Q5K4-F1,4GQS,0.636971,1.49852,0.590168,0.167572,data\structures\alphafill\json\E9Q5K4-F1.json,data\structures\alphafill\cif\E9Q5K4-F1.cif,,0,,,,,,
ENZ_G000599,E9QY26,alphafill_candidate,alphafill,downloaded_with_heme,1,E9QY26-F1,4UYL,1,1.18723,0.242003,0.135642,data\structures\alphafill\json\E9QY26-F1.json,data\structures\alphafill\cif\E9QY26-F1.cif,,0,,,,,,
ENZ_G000600,F1RE08,alphafill_candidate,alphafill,downloaded_with_heme,1,F1RE08-F1,3B98,0.993506,0.365168,0.2302,0.0860388,data\structures\alphafill\json\F1RE08-F1.json,data\structures\alphafill\cif\F1RE08-F1.cif,,0,,,,,,
ENZ_G000601,F1SY49,alphafill_candidate,alphafill,downloaded_with_heme,1,F1SY49-F1,3PSX,0.293878,3.0206,1.15791,0.351619,data\structures\alphafill\json\F1SY49-F1.json,data\structures\alphafill\cif\F1SY49-F1.cif,,0,,,,,,
ENZ_G000602,F1SY52,alphafill_candidate,alphafill,downloaded_with_heme,1,F1SY52-F1,4I8V,0.316406,5.04054,0.829591,0.150392,data\structures\alphafill\json\F1SY52-F1.json,data\structures\alphafill\cif\F1SY52-F1.cif,,0,,,,,,
ENZ_G000603,F1SY62,alphafill_candidate,alphafill,downloaded_with_heme,1,F1SY62-F1,3C6G,0.337079,2.33202,1.14575,0.915406,data\structures\alphafill\json\F1SY62-F1.json,data\structures\alphafill\cif\F1SY62-F1.cif,,0,,,,,,
ENZ_G000604,F1SY66,alphafill_candidate,alphafill,downloaded_with_heme,1,F1SY66-F1,3T3S,0.343137,3.57162,0.562776,0.771631,data\structures\alphafill\json\F1SY66-F1.json,data\structures\alphafill\cif\F1SY66-F1.cif,,0,,,,,,
ENZ_G000605,F1SY70,alphafill_candidate,alphafill,downloaded_with_heme,1,F1SY70-F1,5W0C,0.329897,5.42908,4.41949,0.804154,data\structures\alphafill\json\F1SY70-F1.json,data\structures\alphafill\cif\F1SY70-F1.cif,,0,,,,,,
ENZ_G000606,F1SY71,alphafill_candidate,alphafill,downloaded_with_heme,1,F1SY71-F1,6C93,0.307692,6.18967,1.91192,0.349642,data\structures\alphafill\json\F1SY71-F1.json,data\structures\alphafill\cif\F1SY71-F1.cif,,0,,,,,,
ENZ_G000607,F1SY73,alphafill_candidate,alphafill,downloaded_with_heme,1,F1SY73-F1,4R20,0.289641,3.5964,0.940009,0.229442,data\structures\alphafill\json\F1SY73-F1.json,data\structures\alphafill\cif\F1SY73-F1.cif,,0,,,,,,
ENZ_G000608,F1SY75,alphafill_candidate,alphafill,downloaded_with_heme,1,F1SY75-F1,4I8V,0.3,1.67134,0.303417,0.690311,data\structures\alphafill\json\F1SY75-F1.json,data\structures\alphafill\cif\F1SY75-F1.cif,,0,,,,,,
ENZ_G000609,F1SY77,alphafill_candidate,alphafill,downloaded_with_heme,1,F1SY77-F1,2VE4,0.306452,4.12536,0.285502,0.811915,data\structures\alphafill\json\F1SY77-F1.json,data\structures\alphafill\cif\F1SY77-F1.cif,,0,,,,,,
ENZ_G000610,F1SY83,alphafill_candidate,alphafill,downloaded_with_heme,1,F1SY83-F1,3PSX,0.293878,3.04074,1.18896,0.320657,data\structures\alphafill\json\F1SY83-F1.json,data\structures\alphafill\cif\F1SY83-F1.cif,,0,,,,,,
ENZ_G000611,F1SY85,alphafill_candidate,alphafill,downloaded_with_heme,1,F1SY85-F1,7WDE,0.294643,2.75092,0.242729,0.709868,data\structures\alphafill\json\F1SY85-F1.json,data\structures\alphafill\cif\F1SY85-F1.cif,,0,,,,,,
ENZ_G000612,F1SY91,alphafill_candidate,alphafill,downloaded_with_heme,1,F1SY91-F1,2P85,0.28866,3.43862,2.39523,0.847796,data\structures\alphafill\json\F1SY91-F1.json,data\structures\alphafill\cif\F1SY91-F1.cif,,0,,,,,,
ENZ_G000613,F1SY95,alphafill_candidate,alphafill,downloaded_with_heme,1,F1SY95-F1,6M7X,0.269841,5.43587,3.68632,0.545605,data\structures\alphafill\json\F1SY95-F1.json,data\structures\alphafill\cif\F1SY95-F1.cif,,0,,,,,,
ENZ_G000614,F1SYA2,alphafill_candidate,alphafill,downloaded_with_heme,1,F1SYA2-F1,3T3S,0.343434,2.96646,0.531754,0.79602,data\structures\alphafill\json\F1SYA2-F1.json,data\structures\alphafill\cif\F1SYA2-F1.cif,,0,,,,,,
ENZ_G000615,F1SYB2,alphafill_candidate,alphafill,downloaded_with_heme,1,F1SYB2-F1,7WZL,0.27619,5.55246,0.615399,0.170111,data\structures\alphafill\json\F1SYB2-F1.json,data\structures\alphafill\cif\F1SYB2-F1.cif,,0,,,,,,
ENZ_G000616,F1SYC2,alphafill_candidate,alphafill,downloaded_with_heme,1,F1SYC2-F1,2HI4,0.3,2.47076,0.76781,0.823942,data\structures\alphafill\json\F1SYC2-F1.json,data\structures\alphafill\cif\F1SYC2-F1.cif,,0,,,,,,
ENZ_G000617,F1SYD1,alphafill_candidate,alphafill,downloaded_with_heme,1,F1SYD1-F1,6MCW,0.267782,2.79398,1.86515,0.300403,data\structures\alphafill\json\F1SYD1-F1.json,data\structures\alphafill\cif\F1SYD1-F1.cif,,0,,,,,,
ENZ_G000618,F1SYE5,alphafill_candidate,alphafill,downloaded_with_heme,1,F1SYE5-F1,1ZOA,0.291358,7.02337,3.8201,0.382144,data\structures\alphafill\json\F1SYE5-F1.json,data\structures\alphafill\cif\F1SYE5-F1.cif,,0,,,,,,
ENZ_G000619,F1SYF1,alphafill_candidate,alphafill,downloaded_with_heme,1,F1SYF1-F1,5E0E,0.316832,3.08149,2.3078,0.727999,data\structures\alphafill\json\F1SYF1-F1.json,data\structures\alphafill\cif\F1SYF1-F1.cif,,0,,,,,,
ENZ_G000620,F1SYG6,alphafill_candidate,alphafill,downloaded_with_heme,1,F1SYG6-F1,7SV2,0.307377,3.79458,1.65792,0.410957,data\structures\alphafill\json\F1SYG6-F1.json,data\structures\alphafill\cif\F1SYG6-F1.cif,,0,,,,,,
ENZ_G000621,F1SYH4,alphafill_candidate,alphafill,downloaded_with_heme,1,F1SYH4-F1,7UFE,0.302682,5.66224,1.79359,0.436837,data\structures\alphafill\json\F1SYH4-F1.json,data\structures\alphafill\cif\F1SYH4-F1.cif,,0,,,,,,
ENZ_G000622,F1T0M7,alphafill_candidate,alphafold_heme_transplant,heme_transplanted,1,F1T0M7-F1,ENZ_G000767,0.178,18.35,,,,,,0,"qc=bad, n_ca=154, template=O81077",data\structures\alphafold\pdb\AF-F1T0M7-F1.pdb,data\structures\heme_transplant\pdb\ENZ_G000622_heme.pdb,4.717,6.206,1.243
ENZ_G000623,F2DZ29,alphafill_candidate,alphafold_heme_transplant,heme_transplanted,1,F2DZ29-F1,ENZ_G000447,0.222,25.95,,,,,,0,"qc=bad, n_ca=439, template=A3A871",data\structures\alphafold\pdb\AF-F2DZ29-F1.pdb,data\structures\heme_transplant\pdb\ENZ_G000623_heme.pdb,-1.978,0.672,5.238
ENZ_G000624,F2Z9C1,alphafill_candidate,alphafill,alphafill_not_found,0,F2Z9C1-F1,,,,,,,,,0,AlphaFold download: alphafold_not_found,,,,,
ENZ_G000625,F2ZAE0,pcpd_predicted,pcpd_predicted,pcpd_predicted,1,,,,,,,,,pcpd/CYP701B1.pdb,0,,,,,,
ENZ_G000626,F4IF38,pcpd_predicted,pcpd_predicted,pcpd_predicted,1,,,,,,,,,pcpd/CYP79C1.pdb,0,,,,,,
ENZ_G000627,F4IW82,pcpd_predicted,pcpd_predicted,pcpd_predicted,1,,,,,,,,,pcpd/CYP72A9.pdb,0,,,,,,
ENZ_G000628,F4JW83,pcpd_predicted,pcpd_predicted,pcpd_predicted,1,,,,,,,,,pcpd/CYP84A4.pdb,0,,,,,,
ENZ_G000629,F5BHA2,alphafill_candidate,alphafill,downloaded_with_heme,1,F5BHA2-F1,6DWN,0.313131,1.40229,0.232055,0.811045,data\structures\alphafill\json\F5BHA2-F1.json,data\structures\alphafill\cif\F5BHA2-F1.cif,,0,,,,,,
ENZ_G000630,F6H9N6,alphafill_candidate,alphafill,downloaded_with_heme,1,F6H9N6-F1,2VE3,0.360179,2.28456,3.05065,0.525985,data\structures\alphafill\json\F6H9N6-F1.json,data\structures\alphafill\cif\F6H9N6-F1.cif,,0,,,,,,
ENZ_G000631,F6I534,alphafill_candidate,alphafold_heme_transplant,heme_transplanted,1,F6I534-F1,ENZ_G000094,0.314,10.02,,,,,,0,"qc=bad, n_ca=507, template=A0A0N9HT29",data\structures\alphafold\pdb\AF-F6I534-F1.pdb,data\structures\heme_transplant\pdb\ENZ_G000631_heme.pdb,11.457,-8.745,-8.691
ENZ_G000632,F6KZD5,alphafill_candidate,alphafold_heme_transplant,heme_transplanted,1,F6KZD5-F1,ENZ_G001166,0.593,12.73,,,,,,0,"qc=bad, n_ca=517, template=Q7G602",data\structures\alphafold\pdb\AF-F6KZD5-F1.pdb,data\structures\heme_transplant\pdb\ENZ_G000632_heme.pdb,1.238,0.456,-1.515
ENZ_G000633,F7EN52,alphafill_candidate,alphafill,downloaded_with_heme,1,F7EN52-F1,2Q9F,0.923077,1.1076,0.221599,0.150774,data\structures\alphafill\json\F7EN52-F1.json,data\structures\alphafill\cif\F7EN52-F1.cif,,0,,,,,,
ENZ_G000634,F8JYI6,alphafill_candidate,alphafill,downloaded_with_heme,1,F8JYI6-F1,5DYP,0.486047,1.52199,0.502861,0.126953,data\structures\alphafill\json\F8JYI6-F1.json,data\structures\alphafill\cif\F8JYI6-F1.cif,,0,,,,,,
ENZ_G000635,F8S1H3,pcpd_predicted,pcpd_predicted,pcpd_predicted,1,,,,,,,,,pcpd/CYP71BL1.pdb,0,,,,,,
ENZ_G000636,F8S1H8,alphafill_candidate,alphafill,downloaded_with_heme,1,F8S1H8-F1,5YLW,0.335821,8.78555,0.846981,0.19851,data\structures\alphafill\json\F8S1H8-F1.json,data\structures\alphafill\cif\F8S1H8-F1.cif,,0,,,,,,
ENZ_G000637,F8S1I0,alphafill_candidate,alphafill,downloaded_with_heme,1,F8S1I0-F1,5YLW,0.30531,2.91193,0.725485,0.155919,data\structures\alphafill\json\F8S1I0-F1.json,data\structures\alphafill\cif\F8S1I0-F1.cif,,0,,,,,,
ENZ_G000638,F9FAJ9,alphafill_candidate,alphafold_heme_transplant,heme_transplanted,1,F9FAJ9-F1,ENZ_G001135,0.266,30.88,,,,,,0,"qc=bad, n_ca=1081, template=Q6RET3",data\structures\alphafold\pdb\AF-F9FAJ9-F1.pdb,data\structures\heme_transplant\pdb\ENZ_G000638_heme.pdb,20.607,-12.158,-14.275
ENZ_G000639,G0KYB2,alphafill_candidate,alphafill,downloaded_with_heme,1,G0KYB2-F1,2V0M,0.273684,6.94511,1.61501,0.362623,data\structures\alphafill\json\G0KYB2-F1.json,data\structures\alphafill\cif\G0KYB2-F1.cif,,0,,,,,,
ENZ_G000640,G0L713,experimental_pdb,experimental_pdb,experimental_pdb,1,,,,,,,,,s1_rcsb/6G5Q,0,,,,,,
ENZ_G000641,G0REX9,alphafill_candidate,alphafold_heme_transplant,heme_transplanted,1,G0REX9-F1,ENZ_G000804,0.366,28.29,,,,,,0,"qc=bad, n_ca=449, template=P0DO32",data\structures\alphafold\pdb\AF-G0REX9-F1.pdb,data\structures\heme_transplant\pdb\ENZ_G000641_heme.pdb,0.391,7.806,0.645
ENZ_G000642,G1UDU7,experimental_pdb,experimental_pdb,experimental_pdb,1,,,,,,,,,s1_rcsb/3WVS,0,,,,,,
ENZ_G000643,G1XU03,alphafill_candidate,alphafill,downloaded_with_heme,1,G1XU03-F1,3LC4,0.313726,3.4795,2.44603,0.795591,data\structures\alphafill\json\G1XU03-F1.json,data\structures\alphafill\cif\G1XU03-F1.cif,,0,,,,,,
ENZ_G000644,G2QDZ3,experimental_pdb,experimental_pdb,experimental_pdb,1,,,,,,,,,s1_rcsb/7P6L,0,,,,,,
ENZ_G000645,G3GBK0,alphafill_candidate,alphafill,downloaded_with_heme,1,G3GBK0-F1,5YLW,0.295556,2.87803,0.770395,0.17536,data\structures\alphafill\json\G3GBK0-F1.json,data\structures\alphafill\cif\G3GBK0-F1.cif,,0,,,,,,
ENZ_G000646,G3JUI6,alphafill_candidate,alphafold_heme_transplant,heme_transplanted,1,G3JUI6-F1,ENZ_G001101,0.162,15.90,,,,,,0,"qc=bad, n_ca=526, template=Q5Z6A5",data\structures\alphafold\pdb\AF-G3JUI6-F1.pdb,data\structures\heme_transplant\pdb\ENZ_G000646_heme.pdb,2.729,-7.666,10.292
ENZ_G000647,G3XSI3,alphafill_candidate,alphafill,downloaded_with_heme,1,G3XSI3-F1,5YLW,0.315436,3.41564,1.39275,0.446559,data\structures\alphafill\json\G3XSI3-F1.json,data\structures\alphafill\cif\G3XSI3-F1.cif,,0,,,,,,
ENZ_G000648,G3Y416,alphafill_candidate,alphafill,downloaded_with_heme,1,G3Y416-F1,6B82,0.276498,6.64416,1.06946,0.294673,data\structures\alphafill\json\G3Y416-F1.json,data\structures\alphafill\cif\G3Y416-F1.cif,,0,,,,,,
ENZ_G000649,G4N2X2,alphafill_candidate,alphafill,downloaded_with_heme,1,G4N2X2-F1,2Q9F,0.278571,4.30633,2.18749,0.749335,data\structures\alphafill\json\G4N2X2-F1.json,data\structures\alphafill\cif\G4N2X2-F1.cif,,0,,,,,,
ENZ_G000650,G4N2X9,alphafill_candidate,alphafold_heme_transplant,heme_transplanted,1,G4N2X9-F1,ENZ_G001135,0.295,36.89,,,,,,0,"qc=bad, n_ca=1081, template=Q6RET3",data\structures\alphafold\pdb\AF-G4N2X9-F1.pdb,data\structures\heme_transplant\pdb\ENZ_G000650_heme.pdb,-6.837,-6.669,24.706
ENZ_G000651,G4VV60,alphafill_candidate,alphafold_heme_transplant,heme_transplanted,1,G4VV60-F1,ENZ_G000655,0.430,13.23,,,,,,0,"qc=bad, n_ca=491, template=G8XQN2",data\structures\alphafold\pdb\AF-G4VV60-F1.pdb,data\structures\heme_transplant\pdb\ENZ_G000651_heme.pdb,-3.977,-4.193,3.063
ENZ_G000652,G5EJN7,alphafill_candidate,alphafill,downloaded_with_heme,1,G5EJN7-F1,3PSX,0.410638,1.69461,0.493766,0.202234,data\structures\alphafill\json\G5EJN7-F1.json,data\structures\alphafill\cif\G5EJN7-F1.cif,,0,,,,,,
ENZ_G000653,G7JZW6,pcpd_predicted,pcpd_predicted,pcpd_predicted,1,,,,,,,,,pcpd/CYP88A13.pdb,0,,,,,,
ENZ_G000654,G7XMT1,alphafill_candidate,alphafold_heme_transplant,heme_transplanted,1,G7XMT1-F1,ENZ_G000955,0.573,6.65,,,,,,0,"qc=bad, n_ca=1050, template=Q0D1W9",data\structures\alphafold\pdb\AF-G7XMT1-F1.pdb,data\structures\heme_transplant\pdb\ENZ_G000654_heme.pdb,-12.903,4.905,13.191
ENZ_G000655,G8XQN2,alphafill_candidate,alphafill,downloaded_with_heme,1,G8XQN2-F1,3DAM,0.41886,1.75097,0.543503,0.147946,data\structures\alphafill\json\G8XQN2-F1.json,data\structures\alphafill\cif\G8XQN2-F1.cif,,0,,,,,,
ENZ_G000656,G9BWN9,alphafill_candidate,alphafold_heme_transplant,heme_transplanted,1,G9BWN9-F1,ENZ_G000634,0.151,26.89,,,,,,0,"qc=bad, n_ca=758, template=F8JYI6",data\structures\alphafold\pdb\AF-G9BWN9-F1.pdb,data\structures\heme_transplant\pdb\ENZ_G000656_heme.pdb,3.933,16.439,5.808
ENZ_G000657,G9MLG2,alphafill_candidate,alphafold_heme_transplant,heme_transplanted,1,G9MLG2-F1,ENZ_G001372,0.304,15.79,,,,,,0,"qc=bad, n_ca=1066, template=Q9Y8G7",data\structures\alphafold\pdb\AF-G9MLG2-F1.pdb,data\structures\heme_transplant\pdb\ENZ_G000657_heme.pdb,18.060,5.834,-9.074
ENZ_G000658,G9N4A8,alphafill_candidate,alphafill,downloaded_with_heme,1,G9N4A8-F1,2HI4,0.327434,3.28506,0.802172,0.831785,data\structures\alphafill\json\G9N4A8-F1.json,data\structures\alphafill\cif\G9N4A8-F1.cif,,0,,,,,,
ENZ_G000659,H1A980,alphafill_candidate,alphafold_heme_transplant,heme_transplanted,1,H1A980-F1,ENZ_G001011,0.266,16.58,,,,,,0,"qc=bad, n_ca=481, template=Q2MJ21",data\structures\alphafold\pdb\AF-H1A980-F1.pdb,data\structures\heme_transplant\pdb\ENZ_G000659_heme.pdb,4.770,-2.758,3.249
ENZ_G000660,H1A981,pcpd_predicted,pcpd_predicted,pcpd_predicted,1,,,,,,,,,pcpd/CYP72A63.pdb,0,,,,,,
ENZ_G000661,H1A982,pcpd_predicted,pcpd_predicted,pcpd_predicted,1,,,,,,,,,pcpd/CYP72A62v2.pdb,0,,,,,,
ENZ_G000662,H1A983,pcpd_predicted,pcpd_predicted,pcpd_predicted,1,,,,,,,,,pcpd/CYP72A65v2.pdb,0,,,,,,
ENZ_G000663,H1A985,alphafill_candidate,alphafold_heme_transplant,heme_transplanted,1,H1A985-F1,ENZ_G001009,0.885,0.88,,,,,,0,"qc=good, n_ca=520, template=Q2MJ19",data\structures\alphafold\pdb\AF-H1A985-F1.pdb,data\structures\heme_transplant\pdb\ENZ_G000663_heme.pdb,3.913,8.517,11.237
ENZ_G000664,H1A988,pcpd_predicted,pcpd_predicted,pcpd_predicted,1,,,,,,,,,pcpd/CYP72A154.pdb,0,,,,,,
ENZ_G000665,H2DH16,pcpd_predicted,pcpd_predicted,pcpd_predicted,1,,,,,,,,,pcpd/CYP716U1.pdb,0,,,,,,
ENZ_G000666,H2KYS3,alphafill_candidate,alphafill,downloaded_with_heme,1,H2KYS3-F1,5YLW,0.333333,2.71821,1.4688,0.749104,data\structures\alphafill\json\H2KYS3-F1.json,data\structures\alphafill\cif\H2KYS3-F1.cif,,0,,,,,,
ENZ_G000667,H9LJF9,alphafill_candidate,alphafill,alphafill_not_found,0,H9LJF9-F1,,,,,,,,,0,AlphaFold download: alphafold_not_found,,,,,
ENZ_G000668,H9MFM9,alphafill_candidate,alphafold_heme_transplant,heme_transplanted,1,H9MFM9-F1,ENZ_G001358,0.124,29.45,,,,,,0,"qc=bad, n_ca=224, template=Q9VUF8",data\structures\alphafold\pdb\AF-H9MFM9-F1.pdb,data\structures\heme_transplant\pdb\ENZ_G000668_heme.pdb,-2.517,-9.507,14.467
ENZ_G000669,I1GQE7,alphafill_candidate,alphafold_heme_transplant,heme_transplanted,1,I1GQE7-F1,ENZ_G001196,0.753,5.97,,,,,,0,"qc=bad, n_ca=466, template=Q8GSQ1",data\structures\alphafold\pdb\AF-I1GQE7-F1.pdb,data\structures\heme_transplant\pdb\ENZ_G000669_heme.pdb,-4.825,6.106,15.083
ENZ_G000670,I1H7R8,alphafill_candidate,alphafold_heme_transplant,heme_transplanted,1,I1H7R8-F1,ENZ_G001081,0.771,8.87,,,,,,0,"qc=bad, n_ca=454, template=Q5CCK3",data\structures\alphafold\pdb\AF-I1H7R8-F1.pdb,data\structures\heme_transplant\pdb\ENZ_G000670_heme.pdb,4.866,-3.579,4.308
ENZ_G000671,I1HL09,alphafill_candidate,alphafold_heme_transplant,heme_transplanted,1,I1HL09-F1,ENZ_G001252,0.431,10.18,,,,,,0,"qc=bad, n_ca=490, template=Q94IW5",data\structures\alphafold\pdb\AF-I1HL09-F1.pdb,data\structures\heme_transplant\pdb\ENZ_G000671_heme.pdb,1.294,3.335,-0.072
ENZ_G000672,I1IUJ6,alphafill_candidate,alphafold_heme_transplant,heme_transplanted,1,I1IUJ6-F1,ENZ_G001036,0.372,22.67,,,,,,0,"qc=bad, n_ca=472, template=Q42569",data\structures\alphafold\pdb\AF-I1IUJ6-F1.pdb,data\structures\heme_transplant\pdb\ENZ_G000672_heme.pdb,-6.558,3.047,0.894
ENZ_G000673,I1MIY0,pcpd_predicted,pcpd_predicted,pcpd_predicted,1,,,,,,,,,pcpd/CYP72A69.pdb,0,,,,,,
ENZ_G000674,I1RBR4,alphafill_candidate,alphafill,downloaded_with_heme,1,I1RBR4-F1,4UYL,0.657505,1.95837,0.330647,0.13707,data\structures\alphafill\json\I1RBR4-F1.json,data\structures\alphafill\cif\I1RBR4-F1.cif,,0,,,,,,
ENZ_G000675,I1RE80,alphafill_candidate,alphafold_heme_transplant,heme_transplanted,1,I1RE80-F1,ENZ_G000731,0.265,22.35,,,,,,0,"qc=bad, n_ca=536, template=O13820",data\structures\alphafold\pdb\AF-I1RE80-F1.pdb,data\structures\heme_transplant\pdb\ENZ_G000675_heme.pdb,-4.461,-0.545,-0.145
ENZ_G000676,I1RJR2,alphafill_candidate,alphafill,downloaded_with_heme,1,I1RJR2-F1,4UYL,0.595745,1.36628,0.340925,0.14097,data\structures\alphafill\json\I1RJR2-F1.json,data\structures\alphafill\cif\I1RJR2-F1.cif,,0,,,,,,
ENZ_G000677,I1TEM0,alphafill_candidate,alphafill,downloaded_with_heme,1,I1TEM0-F1,8E83,0.299363,6.02202,1.90698,0.70092,data\structures\alphafill\json\I1TEM0-F1.json,data\structures\alphafill\cif\I1TEM0-F1.cif,,0,,,,,,
ENZ_G000678,I1TEM1,alphafill_candidate,alphafill,downloaded_with_heme,1,I1TEM1-F1,5YLW,0.299595,2.73475,1.30263,0.2691,data\structures\alphafill\json\I1TEM1-F1.json,data\structures\alphafill\cif\I1TEM1-F1.cif,,0,,,,,,
ENZ_G000679,I1TEM3,pcpd_predicted,pcpd_predicted,pcpd_predicted,1,,,,,,,,,pcpd/CYP716AL1.pdb,0,,,,,,
ENZ_G000680,I3DZK9,experimental_pdb,experimental_pdb,experimental_pdb,1,,,,,,,,,s1_rcsb/6FYJ,0,,,,,,
ENZ_G000681,I3PFJ5,pcpd_predicted,pcpd_predicted,pcpd_predicted,1,,,,,,,,,pcpd/CYP76AD1.pdb,0,,,,,,
ENZ_G000682,I3PFJ8,alphafill_candidate,alphafold_heme_transplant,heme_transplanted,1,I3PFJ8-F1,ENZ_G000681,0.567,3.61,,,,,,0,"qc=warn, n_ca=466, template=I3PFJ5",data\structures\alphafold\pdb\AF-I3PFJ8-F1.pdb,data\structures\heme_transplant\pdb\ENZ_G000682_heme.pdb,-5.725,-0.671,0.558
ENZ_G000683,I3PLR0,alphafill_candidate,alphafill,downloaded_with_heme,1,I3PLR0-F1,8E83,0.297101,6.35995,0.0402171,0.817157,data\structures\alphafill\json\I3PLR0-F1.json,data\structures\alphafill\cif\I3PLR0-F1.cif,,0,,,,,,
ENZ_G000684,I3PLR1,alphafill_candidate,alphafill,downloaded_with_heme,1,I3PLR1-F1,8E83,0.328,6.35296,0.0518068,0.821409,data\structures\alphafill\json\I3PLR1-F1.json,data\structures\alphafill\cif\I3PLR1-F1.cif,,0,,,,,,
ENZ_G000685,I3QBP4,alphafill_candidate,alphafill,downloaded_with_heme,1,I3QBP4-F1,2NNH,0.273585,1.83451,1.81298,0.749768,data\structures\alphafill\json\I3QBP4-F1.json,data\structures\alphafill\cif\I3QBP4-F1.cif,,0,,,,,,
ENZ_G000686,I3V6B7,pcpd_predicted,pcpd_predicted,pcpd_predicted,1,,,,,,,,,pcpd/CYP82X1.pdb,0,,,,,,
ENZ_G000687,I6XNK2,alphafill_candidate,alphafold_heme_transplant,heme_transplanted,1,I6XNK2-F1,ENZ_G001351,0.637,2.98,,,,,,0,"qc=good, n_ca=491, template=Q9SXS3",data\structures\alphafold\pdb\AF-I6XNK2-F1.pdb,data\structures\heme_transplant\pdb\ENZ_G000687_heme.pdb,3.360,-0.851,2.111
ENZ_G000688,I7C6E8,alphafill_candidate,alphafill,downloaded_with_heme,1,I7C6E8-F1,2VE3,0.327273,2.67635,3.13442,0.480024,data\structures\alphafill\json\I7C6E8-F1.json,data\structures\alphafill\cif\I7C6E8-F1.cif,,0,,,,,,
ENZ_G000689,I7CT85,pcpd_predicted,pcpd_predicted,pcpd_predicted,1,,,,,,,,,pcpd/CYP716S1.pdb,0,,,,,,
ENZ_G000690,I7LRH3,alphafill_candidate,alphafill,downloaded_with_heme,1,I7LRH3-F1,6Q2C,0.34127,2.25364,1.11117,0.19905,data\structures\alphafill\json\I7LRH3-F1.json,data\structures\alphafill\cif\I7LRH3-F1.cif,,0,,,,,,
ENZ_G000691,I7ZK32,alphafill_candidate,alphafold_heme_transplant,heme_transplanted,1,I7ZK32-F1,ENZ_G000955,0.310,8.63,,,,,,0,"qc=bad, n_ca=1050, template=Q0D1W9",data\structures\alphafold\pdb\AF-I7ZK32-F1.pdb,data\structures\heme_transplant\pdb\ENZ_G000691_heme.pdb,14.842,6.516,-8.786
ENZ_G000692,J4UJ10,alphafill_candidate,alphafold_heme_transplant,heme_transplanted,1,J4UJ10-F1,ENZ_G000522,0.158,23.31,,,,,,0,"qc=bad, n_ca=504, template=B9WZX6",data\structures\alphafold\pdb\AF-J4UJ10-F1.pdb,data\structures\heme_transplant\pdb\ENZ_G000692_heme.pdb,1.578,-2.415,4.507
ENZ_G000693,J5JKC1,alphafill_candidate,alphafold_heme_transplant,heme_transplanted,1,J5JKC1-F1,ENZ_G000318,0.358,15.60,,,,,,0,"qc=bad, n_ca=504, template=A0A482NAF7",data\structures\alphafold\pdb\AF-J5JKC1-F1.pdb,data\structures\heme_transplant\pdb\ENZ_G000693_heme.pdb,4.590,3.040,2.549
ENZ_G000694,J7FIP8,alphafill_candidate,alphafill,downloaded_with_heme,1,J7FIP8-F1,3JUS,0.263941,3.53583,2.04269,0.24189,data\structures\alphafill\json\J7FIP8-F1.json,data\structures\alphafill\cif\J7FIP8-F1.cif,,0,,,,,,
ENZ_G000695,J7FJH1,alphafill_candidate,alphafill,downloaded_with_heme,1,J7FJH1-F1,7SNM,0.291846,4.56921,2.12967,0.269051,data\structures\alphafill\json\J7FJH1-F1.json,data\structures\alphafill\cif\J7FJH1-F1.cif,,0,,,,,,
ENZ_G000696,J7M8Q0,alphafill_candidate,alphafold_heme_transplant,heme_transplanted,1,J7M8Q0-F1,ENZ_G000292,0.261,7.58,,,,,,0,"qc=bad, n_ca=516, template=A0A3G4RHY7",data\structures\alphafold\pdb\AF-J7M8Q0-F1.pdb,data\structures\heme_transplant\pdb\ENZ_G000696_heme.pdb,7.239,-2.945,-17.940
ENZ_G000697,J7MB22,alphafill_candidate,alphafold_heme_transplant,heme_transplanted,1,J7MB22-F1,ENZ_G000292,0.263,8.61,,,,,,0,"qc=bad, n_ca=514, template=A0A3G4RHY7",data\structures\alphafold\pdb\AF-J7MB22-F1.pdb,data\structures\heme_transplant\pdb\ENZ_G000697_heme.pdb,7.491,-3.331,-17.389
ENZ_G000698,K4BV52,alphafill_candidate,alphafill,downloaded_with_heme,1,K4BV52-F1,2RCH,0.674518,0.526811,0.196297,0.135954,data\structures\alphafill\json\K4BV52-F1.json,data\structures\alphafill\cif\K4BV52-F1.cif,,0,,,,,,
ENZ_G000699,K4CEE8,alphafill_candidate,alphafill,downloaded_with_heme,1,K4CEE8-F1,2VE3,0.360802,2.31162,3.21728,0.251339,data\structures\alphafill\json\K4CEE8-F1.json,data\structures\alphafill\cif\K4CEE8-F1.cif,,0,,,,,,
ENZ_G000700,K4CF70,alphafill_candidate,alphafill,downloaded_with_heme,1,K4CF70-F1,2RCM,0.425056,1.6363,0.382724,0.125872,data\structures\alphafill\json\K4CF70-F1.json,data\structures\alphafill\cif\K4CF70-F1.cif,,0,,,,,,
ENZ_G000701,K4CI52,pcpd_predicted,pcpd_predicted,pcpd_predicted,1,,,,,,,,,pcpd/CYP707A2Sl.pdb,0,,,,,,
ENZ_G000702,K4CI56,alphafill_candidate,alphafold_heme_transplant,heme_transplanted,1,K4CI56-F1,ENZ_G000451,0.226,7.50,,,,,,0,"qc=bad, n_ca=502, template=A6YIH8",data\structures\alphafold\pdb\AF-K4CI56-F1.pdb,data\structures\heme_transplant\pdb\ENZ_G000702_heme.pdb,6.491,-4.502,2.121
ENZ_G000703,K4K542,alphafill_candidate,alphafold_heme_transplant,heme_transplanted,1,K4K542-F1,ENZ_G000665,0.978,8.82,,,,,,0,"qc=bad, n_ca=442, template=H2DH16",data\structures\alphafold\pdb\AF-K4K542-F1.pdb,data\structures\heme_transplant\pdb\ENZ_G000703_heme.pdb,2.753,-0.502,2.726
ENZ_G000704,K7NBR2,alphafill_candidate,alphafill,downloaded_with_heme,1,K7NBR2-F1,6A17,0.334895,3.65351,2.53866,0.473102,data\structures\alphafill\json\K7NBR2-F1.json,data\structures\alphafill\cif\K7NBR2-F1.cif,,0,,,,,,
ENZ_G000705,K7NBX0,alphafill_candidate,alphafold_heme_transplant,heme_transplanted,1,K7NBX0-F1,ENZ_G000704,0.986,0.49,,,,,,0,"qc=good, n_ca=473, template=K7NBR2",data\structures\alphafold\pdb\AF-K7NBX0-F1.pdb,data\structures\heme_transplant\pdb\ENZ_G000705_heme.pdb,20.496,16.544,6.582
ENZ_G000706,K7VA31,alphafill_candidate,alphafold_heme_transplant,heme_transplanted,1,K7VA31-F1,ENZ_G000490,0.572,7.27,,,,,,0,"qc=bad, n_ca=466, template=B4FYL7",data\structures\alphafold\pdb\AF-K7VA31-F1.pdb,data\structures\heme_transplant\pdb\ENZ_G000706_heme.pdb,6.804,-1.665,3.839
ENZ_G000707,KAJ5738141,no_source,,needs_colabfold,0,KAJ5738141-F1,,,,,,,,,1,Invalid UniProt ID: KAJ5738141 (was misclassified as alphafill_candidate),,,,,
ENZ_G000708,L7T716,alphafill_candidate,alphafold_heme_transplant,heme_transplanted,1,L7T716-F1,ENZ_G001349,0.456,8.13,,,,,,0,"qc=bad, n_ca=474, template=Q9SWR1",data\structures\alphafold\pdb\AF-L7T716-F1.pdb,data\structures\heme_transplant\pdb\ENZ_G000708_heme.pdb,4.737,-1.603,3.894
ENZ_G000709,L7T720,alphafill_candidate,alphafill,downloaded_with_heme,1,L7T720-F1,4R20,0.339623,4.20499,0.754548,0.145014,data\structures\alphafill\json\L7T720-F1.json,data\structures\alphafill\cif\L7T720-F1.cif,,0,,,,,,
ENZ_G000710,L7T8H2,alphafill_candidate,alphafill,downloaded_with_heme,1,L7T8H2-F1,3C6G,0.306931,2.17255,2.22889,0.585027,data\structures\alphafill\json\L7T8H2-F1.json,data\structures\alphafill\cif\L7T8H2-F1.cif,,0,,,,,,
ENZ_G000711,L7TC64,alphafill_candidate,alphafold_heme_transplant,heme_transplanted,1,L7TC64-F1,ENZ_G000094,0.268,10.57,,,,,,0,"qc=bad, n_ca=498, template=A0A0N9HT29",data\structures\alphafold\pdb\AF-L7TC64-F1.pdb,data\structures\heme_transplant\pdb\ENZ_G000711_heme.pdb,11.313,-9.441,-6.165
ENZ_G000712,L7X0L7,pcpd_predicted,pcpd_predicted,pcpd_predicted,1,,,,,,,,,pcpd/CYP82N3.pdb,0,,,,,,
ENZ_G000713,L7X3S1,alphafill_candidate,alphafill,downloaded_with_heme,1,L7X3S1-F1,8E83,0.38843,4.11294,4.34274,0.693961,data\structures\alphafill\json\L7X3S1-F1.json,data\structures\alphafill\cif\L7X3S1-F1.cif,,0,,,,,,
ENZ_G000714,M1AUM0,alphafill_candidate,alphafold_heme_transplant,heme_transplanted,1,M1AUM0-F1,ENZ_G000330,0.221,5.18,,,,,,0,"qc=bad, n_ca=517, template=A0A517FNC4",data\structures\alphafold\pdb\AF-M1AUM0-F1.pdb,data\structures\heme_transplant\pdb\ENZ_G000714_heme.pdb,2.379,-2.570,5.010
ENZ_G000715,M1CCW2,alphafill_candidate,alphafold_heme_transplant,heme_transplanted,1,M1CCW2-F1,ENZ_G001199,0.227,18.57,,,,,,0,"qc=bad, n_ca=455, template=Q8GZP5",data\structures\alphafold\pdb\AF-M1CCW2-F1.pdb,data\structures\heme_transplant\pdb\ENZ_G000715_heme.pdb,-4.522,1.383,-4.204
ENZ_G000716,M1GMS4,alphafill_candidate,alphafold_heme_transplant,heme_transplanted,1,M1GMS4-F1,ENZ_G000532,0.202,13.89,,,,,,0,"qc=bad, n_ca=403, template=C4B644",data\structures\alphafold\pdb\AF-M1GMS4-F1.pdb,data\structures\heme_transplant\pdb\ENZ_G000716_heme.pdb,0.672,-0.017,-6.658
ENZ_G000717,M1KK91,alphafill_candidate,alphafold_heme_transplant,heme_transplanted,1,M1KK91-F1,ENZ_G001175,0.961,0.43,,,,,,0,"qc=good, n_ca=481, template=Q7Z1V1",data\structures\alphafold\pdb\AF-M1KK91-F1.pdb,data\structures\heme_transplant\pdb\ENZ_G000717_heme.pdb,3.540,-3.401,2.080
ENZ_G000718,M1KVN4,alphafill_candidate,alphafold_heme_transplant,heme_transplanted,1,M1KVN4-F1,ENZ_G000719,0.467,16.55,,,,,,0,"qc=bad, n_ca=482, template=M1KXD0",data\structures\alphafold\pdb\AF-M1KVN4-F1.pdb,data\structures\heme_transplant\pdb\ENZ_G000718_heme.pdb,4.727,-3.777,1.418
ENZ_G000719,M1KXD0,pcpd_predicted,pcpd_predicted,pcpd_predicted,1,,,,,,,,,pcpd/CYP82D33.pdb,0,,,,,,
ENZ_G000720,M2V0Z8,alphafill_candidate,alphafold_heme_transplant,heme_transplanted,1,M2V0Z8-F1,ENZ_G000277,0.158,16.67,,,,,,0,"qc=bad, n_ca=506, template=A0A384JQH2",data\structures\alphafold\pdb\AF-M2V0Z8-F1.pdb,data\structures\heme_transplant\pdb\ENZ_G000720_heme.pdb,-3.613,5.662,-0.120
ENZ_G000721,M2V933,alphafill_candidate,alphafill,downloaded_with_heme,1,M2V933-F1,6MA8,0.299492,4.99343,1.39031,0.302035,data\structures\alphafill\json\M2V933-F1.json,data\structures\alphafill\cif\M2V933-F1.cif,,0,,,,,,
ENZ_G000722,M4WFN0,alphafill_candidate,alphafold_heme_transplant,heme_transplanted,1,M4WFN0-F1,ENZ_G001599,0.475,8.28,,,,,,0,"qc=bad, n_ca=462, template=",data\structures\alphafold\pdb\AF-M4WFN0-F1.pdb,data\structures\heme_transplant\pdb\ENZ_G000722_heme.pdb,4.075,-3.212,4.646
ENZ_G000723,M5PFT9,experimental_pdb,experimental_pdb,experimental_pdb,1,,,,,,,,,s1_rcsb/7Y98,0,,,,,,
ENZ_G000724,M9TKI6,alphafill_candidate,alphafill,downloaded_with_heme,1,M9TKI6-F1,1FAG,0.959514,1.57101,0.740638,0.128794,data\structures\alphafill\json\M9TKI6-F1.json,data\structures\alphafill\cif\M9TKI6-F1.cif,,0,,,,,,
ENZ_G000725,O02766,alphafill_candidate,alphafill,downloaded_with_heme,1,O02766-F1,8EOH,0.781513,1.6901,0.562897,0.180182,data\structures\alphafill\json\O02766-F1.json,data\structures\alphafill\cif\O02766-F1.cif,,0,,,,,,
ENZ_G000726,O04790,alphafill_candidate,alphafill,downloaded_with_heme,1,O04790-F1,4I8V,0.38,1.52149,0.137343,0.631759,data\structures\alphafill\json\O04790-F1.json,data\structures\alphafill\cif\O04790-F1.cif,,0,,,,,,
ENZ_G000727,O08336,alphafill_candidate,alphafill,downloaded_with_heme,1,O08336-F1,8HKJ,0.681319,0.915974,0.472112,0.136017,data\structures\alphafill\json\O08336-F1.json,data\structures\alphafill\cif\O08336-F1.cif,,0,,,,,,
ENZ_G000728,O08394,alphafill_candidate,alphafill,downloaded_with_heme,1,O08394-F1,8HKJ,0.826754,0.805345,0.42794,0.126978,data\structures\alphafill\json\O08394-F1.json,data\structures\alphafill\cif\O08394-F1.cif,,0,,,,,,
ENZ_G000729,O09158,alphafill_candidate,alphafill,downloaded_with_heme,1,O09158-F1,3TJS,0.656965,1.02747,0.474151,0.112728,data\structures\alphafill\json\O09158-F1.json,data\structures\alphafill\cif\O09158-F1.cif,,0,,,,,,
ENZ_G000730,O13345,alphafill_candidate,alphafill,downloaded_with_heme,1,O13345-F1,4Y8W,0.282958,5.4074,0.885427,0.217482,data\structures\alphafill\json\O13345-F1.json,data\structures\alphafill\cif\O13345-F1.cif,,0,,,,,,
ENZ_G000731,O13820,alphafill_candidate,alphafill,downloaded_with_heme,1,O13820-F1,6C93,0.283784,7.67482,0.904325,0.227863,data\structures\alphafill\json\O13820-F1.json,data\structures\alphafill\cif\O13820-F1.cif,,0,,,,,,
ENZ_G000732,O15528,alphafill_candidate,alphafill,downloaded_with_heme,1,O15528-F1,3K9V,0.304167,3.91419,0.722315,0.270661,data\structures\alphafill\json\O15528-F1.json,data\structures\alphafill\cif\O15528-F1.cif,,0,,,,,,
ENZ_G000733,O22203,pcpd_predicted,pcpd_predicted,pcpd_predicted,1,,,,,,,,,pcpd/CYP98A3.pdb,0,,,,,,
ENZ_G000734,O23051,pcpd_predicted,pcpd_predicted,pcpd_predicted,1,,,,,,,,,pcpd/CYP88A3.pdb,0,,,,,,
ENZ_G000735,O23066,alphafill_candidate,alphafill,downloaded_with_heme,1,O23066-F1,6C93,0.315175,3.84087,0.624186,0.222022,data\structures\alphafill\json\O23066-F1.json,data\structures\alphafill\cif\O23066-F1.cif,,0,,,,,,
ENZ_G000736,O23365,alphafill_candidate,alphafill,downloaded_with_heme,1,O23365-F1,6J94,0.466805,4.01834,0.527878,0.204628,data\structures\alphafill\json\O23365-F1.json,data\structures\alphafill\cif\O23365-F1.cif,,0,,,,,,
ENZ_G000737,O23976,alphafill_candidate,alphafill,downloaded_with_heme,1,O23976-F1,5YLW,0.390244,2.43445,0.864666,0.210249,data\structures\alphafill\json\O23976-F1.json,data\structures\alphafill\cif\O23976-F1.cif,,0,,,,,,
ENZ_G000738,O24315,alphafill_candidate,alphafold_heme_transplant,heme_transplanted,1,O24315-F1,ENZ_G000938,0.411,16.34,,,,,,0,"qc=bad, n_ca=505, template=Q04468",data\structures\alphafold\pdb\AF-O24315-F1.pdb,data\structures\heme_transplant\pdb\ENZ_G000738_heme.pdb,4.531,8.590,-12.654
ENZ_G000739,O24782,alphafill_candidate,alphafill,alphafill_not_found,0,O24782-F1,,,,,,,,,0,All 5 templates failed,data\structures\alphafold\pdb\AF-O24782-F1.pdb,,,,
ENZ_G000740,O31440,experimental_pdb,experimental_pdb,experimental_pdb,1,,,,,,,,,s1_rcsb/7WYG,0,,,,,,
ENZ_G000741,O34926,alphafill_candidate,alphafill,downloaded_with_heme,1,O34926-F1,3NC3,0.967901,2.35269,2.69497,0.283994,data\structures\alphafill\json\O34926-F1.json,data\structures\alphafill\cif\O34926-F1.cif,,0,,,,,,
ENZ_G000742,O35084,alphafill_candidate,alphafill,downloaded_with_heme,1,O35084-F1,3MZS,0.342679,3.20976,0.981469,0.188415,data\structures\alphafill\json\O35084-F1.json,data\structures\alphafill\cif\O35084-F1.cif,,0,,,,,,
ENZ_G000743,O35132,alphafill_candidate,alphafill,downloaded_with_heme,1,O35132-F1,3MZS,0.329193,3.11979,1.00787,0.173156,data\structures\alphafill\json\O35132-F1.json,data\structures\alphafill\cif\O35132-F1.cif,,0,,,,,,
ENZ_G000744,O35728,alphafill_candidate,alphafill,downloaded_with_heme,1,O35728-F1,5T6Q,0.535417,1.95425,0.48503,0.215091,data\structures\alphafill\json\O35728-F1.json,data\structures\alphafill\cif\O35728-F1.cif,,0,,,,,,
ENZ_G000745,O43174,alphafill_candidate,alphafill,downloaded_with_heme,1,O43174-F1,2VE3,0.339286,2.48508,0.574335,0.185085,data\structures\alphafill\json\O43174-F1.json,data\structures\alphafill\cif\O43174-F1.cif,,0,,,,,,
ENZ_G000746,O46658,alphafill_candidate,alphafill,downloaded_with_heme,1,O46658-F1,3QM4,0.714922,1.00554,0.332101,0.170363,data\structures\alphafill\json\O46658-F1.json,data\structures\alphafill\cif\O46658-F1.cif,,0,,,,,,
ENZ_G000747,O48786,alphafill_candidate,alphafill,downloaded_with_heme,1,O48786-F1,4DUE,0.32266,3.9571,0.952393,0.146239,data\structures\alphafill\json\O48786-F1.json,data\structures\alphafill\cif\O48786-F1.cif,,0,,,,,,
ENZ_G000748,O48926,alphafill_candidate,alphafold_heme_transplant,heme_transplanted,1,O48926-F1,ENZ_G001350,0.982,1.20,,,,,,0,"qc=good, n_ca=521, template=Q9SWR5",data\structures\alphafold\pdb\AF-O48926-F1.pdb,data\structures\heme_transplant\pdb\ENZ_G000748_heme.pdb,1.688,0.336,2.140
ENZ_G000749,O48958,alphafill_candidate,alphafill,downloaded_with_heme,1,O48958-F1,7X2Q,0.288889,3.15911,0.804618,0.182325,data\structures\alphafill\json\O48958-F1.json,data\structures\alphafill\cif\O48958-F1.cif,,0,,,,,,
ENZ_G000750,O49340,alphafill_candidate,alphafill,downloaded_with_heme,1,O49340-F1,8E83,0.270707,5.97544,4.69667,0.669159,data\structures\alphafill\json\O49340-F1.json,data\structures\alphafill\cif\O49340-F1.cif,,0,,,,,,
ENZ_G000751,O49342,alphafill_candidate,alphafill,downloaded_with_heme,1,O49342-F1,8E83,0.273642,5.75823,4.64074,0.638008,data\structures\alphafill\json\O49342-F1.json,data\structures\alphafill\cif\O49342-F1.cif,,0,,,,,,
ENZ_G000752,O49394,pcpd_predicted,pcpd_predicted,pcpd_predicted,1,,,,,,,,,pcpd/CYP82C2.pdb,0,,,,,,
ENZ_G000753,O55127,alphafill_candidate,alphafill,downloaded_with_heme,1,O55127-F1,2VE3,0.34375,2.67183,0.564784,0.19446,data\structures\alphafill\json\O55127-F1.json,data\structures\alphafill\cif\O55127-F1.cif,,0,,,,,,
ENZ_G000754,O64635,pcpd_predicted,pcpd_predicted,pcpd_predicted,1,,,,,,,,,pcpd/CYP76C4.pdb,0,,,,,,
ENZ_G000755,O64636,pcpd_predicted,pcpd_predicted,pcpd_predicted,1,,,,,,,,,pcpd/CYP76C1.pdb,0,,,,,,
ENZ_G000756,O64637,pcpd_predicted,pcpd_predicted,pcpd_predicted,1,,,,,,,,,pcpd/CYP76C2.pdb,0,,,,,,
ENZ_G000757,O64638,pcpd_predicted,pcpd_predicted,pcpd_predicted,1,,,,,,,,,pcpd/CYP76C3.pdb,0,,,,,,
ENZ_G000758,O64697,pcpd_predicted,pcpd_predicted,pcpd_predicted,1,,,,,,,,,pcpd/CYP710A1.pdb,0,,,,,,
ENZ_G000759,O64698,alphafill_candidate,alphafill,downloaded_with_heme,1,O64698-F1,5TL8,0.350575,2.55516,0.971767,0.229579,data\structures\alphafill\json\O64698-F1.json,data\structures\alphafill\cif\O64698-F1.cif,,0,,,,,,
ENZ_G000760,O64899,alphafill_candidate,alphafill,downloaded_with_heme,1,O64899-F1,5YLW,0.338086,2.05863,0.786041,0.228577,data\structures\alphafill\json\O64899-F1.json,data\structures\alphafill\cif\O64899-F1.cif,,0,,,,,,
ENZ_G000761,O64900,alphafill_candidate,alphafill,alphafill_not_found,0,O64900-F1,,,,,,,,,0,AlphaFold download: alphafold_not_found,,,,,
ENZ_G000762,O64989,experimental_pdb,experimental_pdb,experimental_pdb,1,,,,,,,,,s1_rcsb/6A15,0,,,,,,
ENZ_G000763,O65782,alphafill_candidate,alphafill,downloaded_with_heme,1,O65782-F1,5YLW,0.338061,2.99481,0.985017,0.208855,data\structures\alphafill\json\O65782-F1.json,data\structures\alphafill\cif\O65782-F1.cif,,0,,,,,,
ENZ_G000764,O75881,alphafill_candidate,alphafill,downloaded_with_heme,1,O75881-F1,3SN5,0.372141,2.35674,1.61172,0.264562,data\structures\alphafill\json\O75881-F1.json,data\structures\alphafill\cif\O75881-F1.cif,,0,,,,,,
ENZ_G000765,O76478,alphafill_candidate,alphafold_heme_transplant,heme_transplanted,1,O76478-F1,ENZ_G001158,0.192,25.85,,,,,,0,"qc=bad, n_ca=497, template=Q6ZWL3",data\structures\alphafold\pdb\AF-O76478-F1.pdb,data\structures\heme_transplant\pdb\ENZ_G000765_heme.pdb,1.172,-1.825,5.169
ENZ_G000766,O80823,alphafill_candidate,alphafill,downloaded_with_heme,1,O80823-F1,7SV2,0.285266,4.16811,1.77306,0.458377,data\structures\alphafill\json\O80823-F1.json,data\structures\alphafill\cif\O80823-F1.cif,,0,,,,,,
ENZ_G000767,O81077,pcpd_predicted,pcpd_predicted,pcpd_predicted,1,,,,,,,,,pcpd/CYP707A2.pdb,0,,,,,,
ENZ_G000768,O81117,alphafill_candidate,alphafill,downloaded_with_heme,1,O81117-F1,3CBD,0.28,3.49735,0.953998,0.464891,data\structures\alphafill\json\O81117-F1.json,data\structures\alphafill\cif\O81117-F1.cif,,0,,,,,,
ENZ_G000769,O81345,alphafill_candidate,alphafill,downloaded_with_heme,1,O81345-F1,6DWN,0.311927,2.89176,2.42852,0.713635,data\structures\alphafill\json\O81345-F1.json,data\structures\alphafill\cif\O81345-F1.cif,,0,,,,,,
ENZ_G000770,O81346,alphafill_candidate,alphafill,downloaded_with_heme,1,O81346-F1,6VBY,0.263374,4.45364,1.3603,0.250719,data\structures\alphafill\json\O81346-F1.json,data\structures\alphafill\cif\O81346-F1.cif,,0,,,,,,
ENZ_G000771,O81928,alphafill_candidate,alphafill,downloaded_with_heme,1,O81928-F1,6VBY,0.726115,0.961675,0.263418,0.132194,data\structures\alphafill\json\O81928-F1.json,data\structures\alphafill\cif\O81928-F1.cif,,0,,,,,,
ENZ_G000772,O81971,alphafill_candidate,alphafill,downloaded_with_heme,1,O81971-F1,5YLW,0.301282,2.72869,0.831681,0.181723,data\structures\alphafill\json\O81971-F1.json,data\structures\alphafill\cif\O81971-F1.cif,,0,,,,,,
ENZ_G000773,O87605,experimental_pdb,experimental_pdb,experimental_pdb,1,,,,,,,,,s1_rcsb/2CD8,0,,,,,,
ENZ_G000774,O88833,alphafill_candidate,alphafill,downloaded_with_heme,1,O88833-F1,5T6Q,0.535032,1.62965,0.436125,0.255736,data\structures\alphafill\json\O88833-F1.json,data\structures\alphafill\cif\O88833-F1.cif,,0,,,,,,
ENZ_G000775,O88962,alphafill_candidate,alphafill,downloaded_with_heme,1,O88962-F1,8EOH,0.718487,1.66756,0.584545,0.198599,data\structures\alphafill\json\O88962-F1.json,data\structures\alphafill\cif\O88962-F1.cif,,0,,,,,,
ENZ_G000776,P00173,alphafill_candidate,alphafill,downloaded_with_heme,1,P00173-F1,1CYO,0.913043,0.664448,0.455264,0.143426,data\structures\alphafill\json\P00173-F1.json,data\structures\alphafill\cif\P00173-F1.cif,,0,,,,,,
ENZ_G000777,P00176,alphafill_candidate,alphafill,downloaded_with_heme,1,P00176-F1,5E0E,0.835616,1.50231,0.670974,0.210697,data\structures\alphafill\json\P00176-F1.json,data\structures\alphafill\cif\P00176-F1.cif,,0,,,,,,
ENZ_G000778,P00178,experimental_pdb,experimental_pdb,experimental_pdb,1,,,,,,,,,s1_rcsb/3MVR,0,,,,,,
ENZ_G000779,P00179,experimental_pdb,experimental_pdb,experimental_pdb,1,,,,,,,,,s1_rcsb/1NR6,0,,,,,,
ENZ_G000780,P00183,experimental_pdb,experimental_pdb,experimental_pdb,1,,,,,,,,,s1_rcsb/1J51,0,,,,,,
ENZ_G000781,P00185,alphafill_candidate,alphafill,downloaded_with_heme,1,P00185-F1,4I8V,0.811321,0.670588,0.216372,0.122891,data\structures\alphafill\json\P00185-F1.json,data\structures\alphafill\cif\P00185-F1.cif,,0,,,,,,
ENZ_G000782,P00189,alphafill_candidate,alphafill,downloaded_with_heme,1,P00189-F1,3MZS,1,1.03751,0.442022,0.168152,data\structures\alphafill\json\P00189-F1.json,data\structures\alphafill\cif\P00189-F1.cif,,0,,,,,,
ENZ_G000783,P00191,alphafill_candidate,alphafill,downloaded_with_heme,1,P00191-F1,3QZ1,0.930526,1.80701,0.866526,0.106383,data\structures\alphafill\json\P00191-F1.json,data\structures\alphafill\cif\P00191-F1.cif,,0,,,,,,
ENZ_G000784,P00389,alphafill_candidate,alphafold_heme_transplant,heme_transplanted,1,P00389-F1,ENZ_G000634,0.160,33.54,,,data\structures\alphafill\json\P00389-F1.json,,,0,"qc=bad, n_ca=679, template=F8JYI6",data\structures\alphafold\pdb\AF-P00389-F1.pdb,data\structures\heme_transplant\pdb\ENZ_G000784_heme.pdb,-9.340,3.164,-16.871
ENZ_G000785,P04798,experimental_pdb,experimental_pdb,experimental_pdb,1,,,,,,,,,s1_rcsb/4I8V,0,,,,,,
ENZ_G000786,P04799,alphafill_candidate,alphafill,downloaded_with_heme,1,P04799-F1,2HI4,0.754098,1.26151,0.252219,0.119362,data\structures\alphafill\json\P04799-F1.json,data\structures\alphafill\cif\P04799-F1.cif,,0,,,,,,
ENZ_G000787,P05093,alphafill_candidate,alphafill,downloaded_with_heme,1,P05093-F1,3RUK,0.969072,2.67039,0.500398,0.122792,data\structures\alphafill\json\P05093-F1.json,data\structures\alphafill\cif\P05093-F1.cif,,0,,,,,,
ENZ_G000788,P05108,experimental_pdb,experimental_pdb,experimental_pdb,1,,,,,,,,,s1_rcsb/3N9Y,0,,,,,,
ENZ_G000789,P05177,alphafill_candidate,alphafill,downloaded_with_heme,1,P05177-F1,2HI4,0.922449,0.462321,0.185593,0.133928,data\structures\alphafill\json\P05177-F1.json,data\structures\alphafill\cif\P05177-F1.cif,,0,,,,,,
ENZ_G000790,P05181,alphafill_candidate,alphafill,downloaded_with_heme,1,P05181-F1,3E4E,1,0.24527,0.184149,0.117575,data\structures\alphafill\json\P05181-F1.json,data\structures\alphafill\cif\P05181-F1.cif,,0,,,,,,
ENZ_G000791,P05182,alphafill_candidate,alphafill,downloaded_with_heme,1,P05182-F1,3E4E,0.801339,0.389922,0.200435,0.144771,data\structures\alphafill\json\P05182-F1.json,data\structures\alphafill\cif\P05182-F1.cif,,0,,,,,,
ENZ_G000792,P05185,alphafill_candidate,alphafill,downloaded_with_heme,1,P05185-F1,3RUK,0.657787,2.51376,0.281915,0.103541,data\structures\alphafill\json\P05185-F1.json,data\structures\alphafill\cif\P05185-F1.cif,,0,,,,,,
ENZ_G000793,P08516,alphafill_candidate,alphafill,downloaded_with_heme,1,P08516-F1,5T6Q,0.542373,1.67053,0.422109,0.187797,data\structures\alphafill\json\P08516-F1.json,data\structures\alphafill\cif\P08516-F1.cif,,0,,,,,,
ENZ_G000794,P08683,alphafill_candidate,alphafill,downloaded_with_heme,1,P08683-F1,1R9O,0.702128,2.36046,0.442925,0.144338,data\structures\alphafill\json\P08683-F1.json,data\structures\alphafill\cif\P08683-F1.cif,,0,,,,,,
ENZ_G000795,P08684,pcpd_predicted,pcpd_predicted,pcpd_predicted,1,,,,,,,,,pcpd/CYP3A4.pdb,0,,,,,,
ENZ_G000796,P08686,experimental_pdb,experimental_pdb,experimental_pdb,1,,,,,,,,,s1_rcsb/4Y8W,0,,,,,,
ENZ_G000797,P0CT93,alphafill_candidate,alphafill,downloaded_with_heme,1,P0CT93-F1,3E4E,0.27758,4.95291,1.25231,0.200155,data\structures\alphafill\json\P0CT93-F1.json,data\structures\alphafill\cif\P0CT93-F1.cif,,0,,,,,,
ENZ_G000798,P0CU31,alphafill_candidate,alphafill,downloaded_with_heme,1,P0CU31-F1,6MCW,0.301136,2.99602,1.64169,0.254764,data\structures\alphafill\json\P0CU31-F1.json,data\structures\alphafill\cif\P0CU31-F1.cif,,0,,,,,,
ENZ_G000799,P0CU70,alphafill_candidate,alphafill,downloaded_with_heme,1,P0CU70-F1,5VEU,0.303571,9.19884,1.12881,0.137808,data\structures\alphafill\json\P0CU70-F1.json,data\structures\alphafill\cif\P0CU70-F1.cif,,0,,,,,,
ENZ_G000800,P0DKI7,alphafill_candidate,alphafold_heme_transplant,heme_transplanted,1,P0DKI7-F1,ENZ_G000684,0.246,15.28,,,data\structures\alphafill\json\P0DKI7-F1.json,,,0,"qc=bad, n_ca=556, template=I3PLR1",data\structures\alphafold\pdb\AF-P0DKI7-F1.pdb,data\structures\heme_transplant\pdb\ENZ_G000800_heme.pdb,20.903,0.891,-17.534
ENZ_G000801,P0DO13,pcpd_predicted,pcpd_predicted,pcpd_predicted,1,,,,,,,,,pcpd/CYP71AY4.pdb,0,,,,,,
ENZ_G000802,P0DO14,alphafill_candidate,alphafill,downloaded_with_heme,1,P0DO14-F1,8E83,0.312766,5.41414,4.90897,0.709844,data\structures\alphafill\json\P0DO14-F1.json,data\structures\alphafill\cif\P0DO14-F1.cif,,0,,,,,,
ENZ_G000803,P0DO22,pcpd_predicted,pcpd_predicted,pcpd_predicted,1,,,,,,,,,pcpd/CYP71D800.pdb,0,,,,,,
ENZ_G000804,P0DO32,alphafill_candidate,alphafill,downloaded_with_heme,1,P0DO32-F1,4K9X,0.267857,6.3048,2.06109,0.297327,data\structures\alphafill\json\P0DO32-F1.json,data\structures\alphafill\cif\P0DO32-F1.cif,,0,,,,,,
ENZ_G000805,P0DO35,alphafill_candidate,alphafill,downloaded_with_heme,1,P0DO35-F1,8E83,0.304348,6.06518,4.50091,0.652601,data\structures\alphafill\json\P0DO35-F1.json,data\structures\alphafill\cif\P0DO35-F1.cif,,0,,,,,,
ENZ_G000806,P0DO36,alphafill_candidate,alphafold_heme_transplant,heme_transplanted,1,P0DO36-F1,ENZ_G001577,0.983,4.39,,,,,,0,"qc=warn, n_ca=464, template=",data\structures\alphafold\pdb\AF-P0DO36-F1.pdb,data\structures\heme_transplant\pdb\ENZ_G000806_heme.pdb,5.316,1.974,2.834
ENZ_G000807,P0DO38,pcpd_predicted,pcpd_predicted,pcpd_predicted,1,,,,,,,,,pcpd/CYP71D180.pdb,0,,,,,,
ENZ_G000808,P0DO41,alphafill_candidate,alphafill,downloaded_with_heme,1,P0DO41-F1,8E83,0.318565,6.05753,4.37823,0.661644,data\structures\alphafill\json\P0DO41-F1.json,data\structures\alphafill\cif\P0DO41-F1.cif,,0,,,,,,
ENZ_G000809,P0DO79,alphafill_candidate,alphafold_heme_transplant,heme_transplanted,1,P0DO79-F1,ENZ_G000802,0.270,7.89,,,,,,0,"qc=bad, n_ca=501, template=P0DO14",data\structures\alphafold\pdb\AF-P0DO79-F1.pdb,data\structures\heme_transplant\pdb\ENZ_G000809_heme.pdb,-0.860,1.300,4.693
ENZ_G000810,P0DO82,alphafill_candidate,alphafold_heme_transplant,heme_transplanted,1,P0DO82-F1,ENZ_G000258,0.233,16.10,,,,,,0,"qc=bad, n_ca=463, template=A0A2U8JPX6",data\structures\alphafold\pdb\AF-P0DO82-F1.pdb,data\structures\heme_transplant\pdb\ENZ_G000810_heme.pdb,-3.986,-0.581,-2.519
ENZ_G000811,P0DO85,alphafill_candidate,alphafold_heme_transplant,heme_transplanted,1,P0DO85-F1,ENZ_G001609,0.315,13.32,,,,,,0,"qc=bad, n_ca=482, template=",data\structures\alphafold\pdb\AF-P0DO85-F1.pdb,data\structures\heme_transplant\pdb\ENZ_G000811_heme.pdb,3.902,-1.561,0.982
ENZ_G000812,P0DO87,alphafill_candidate,alphafold_heme_transplant,heme_transplanted,1,P0DO87-F1,ENZ_G000865,0.245,9.80,,,,,,0,"qc=bad, n_ca=502, template=P24465",data\structures\alphafold\pdb\AF-P0DO87-F1.pdb,data\structures\heme_transplant\pdb\ENZ_G000812_heme.pdb,2.116,0.482,4.175
ENZ_G000813,P0DO88,alphafill_candidate,alphafold_heme_transplant,heme_transplanted,1,P0DO88-F1,ENZ_G000802,0.281,7.51,,,,,,0,"qc=bad, n_ca=501, template=P0DO14",data\structures\alphafold\pdb\AF-P0DO88-F1.pdb,data\structures\heme_transplant\pdb\ENZ_G000813_heme.pdb,1.218,0.496,3.965
ENZ_G000814,P0DO91,alphafill_candidate,alphafold_heme_transplant,heme_transplanted,1,P0DO91-F1,ENZ_G000258,0.235,16.19,,,,,,0,"qc=bad, n_ca=463, template=A0A2U8JPX6",data\structures\alphafold\pdb\AF-P0DO91-F1.pdb,data\structures\heme_transplant\pdb\ENZ_G000814_heme.pdb,3.999,-0.303,3.289
ENZ_G000815,P0DOX0,alphafill_candidate,alphafill,downloaded_with_heme,1,P0DOX0-F1,3K9V,0.316456,3.05203,0.66897,0.198612,data\structures\alphafill\json\P0DOX0-F1.json,data\structures\alphafill\cif\P0DOX0-F1.cif,,0,,,,,,
ENZ_G000816,P0DPA4,alphafill_candidate,alphafill,downloaded_with_heme,1,P0DPA4-F1,6UNK,0.265589,4.49446,1.28393,0.303583,data\structures\alphafill\json\P0DPA4-F1.json,data\structures\alphafill\cif\P0DPA4-F1.cif,,0,,,,,,
ENZ_G000817,P0DPA7,alphafill_candidate,alphafill,downloaded_with_heme,1,P0DPA7-F1,2HI4,0.32549,5.67096,1.00469,0.180197,data\structures\alphafill\json\P0DPA7-F1.json,data\structures\alphafill\cif\P0DPA7-F1.cif,,0,,,,,,
ENZ_G000818,P0DPQ7,experimental_pdb,experimental_pdb,experimental_pdb,1,,,,,,,,,s1_rcsb/6HQL,0,,,,,,
ENZ_G000819,P0DUK3,alphafill_candidate,alphafill,downloaded_with_heme,1,P0DUK3-F1,6L8H,0.301653,4.17518,0.790374,0.28414,data\structures\alphafill\json\P0DUK3-F1.json,data\structures\alphafill\cif\P0DUK3-F1.cif,,0,,,,,,
ENZ_G000820,P0DUL3,alphafill_candidate,alphafill,downloaded_with_heme,1,P0DUL3-F1,4I3Q,0.254499,4.14874,1.74326,0.320575,data\structures\alphafill\json\P0DUL3-F1.json,data\structures\alphafill\cif\P0DUL3-F1.cif,,0,,,,,,
ENZ_G000821,P0DXH4,alphafill_candidate,alphafold_heme_transplant,heme_transplanted,1,P0DXH4-F1,ENZ_G000492,0.239,3.61,,,,,,0,"qc=warn, n_ca=490, template=B5BSX1",data\structures\alphafold\pdb\AF-P0DXH4-F1.pdb,data\structures\heme_transplant\pdb\ENZ_G000821_heme.pdb,19.529,-0.359,-4.412
ENZ_G000822,P0DXH8,alphafill_candidate,alphafold_heme_transplant,heme_transplanted,1,P0DXH8-F1,ENZ_G000171,0.216,7.49,,,,,,0,"qc=bad, n_ca=444, template=A0A1I9Q5Z9",data\structures\alphafold\pdb\AF-P0DXH8-F1.pdb,data\structures\heme_transplant\pdb\ENZ_G000822_heme.pdb,-2.216,-5.019,-0.761
ENZ_G000823,P0DXI3,alphafill_candidate,alphafold_heme_transplant,heme_transplanted,1,P0DXI3-F1,ENZ_G000094,0.245,13.75,,,,,,0,"qc=bad, n_ca=507, template=A0A0N9HT29",data\structures\alphafold\pdb\AF-P0DXI3-F1.pdb,data\structures\heme_transplant\pdb\ENZ_G000823_heme.pdb,10.001,-3.377,-14.078
ENZ_G000824,P0DXI4,alphafill_candidate,alphafold_heme_transplant,heme_transplanted,1,P0DXI4-F1,ENZ_G001592,0.238,17.71,,,,,,0,"qc=bad, n_ca=469, template=",data\structures\alphafold\pdb\AF-P0DXI4-F1.pdb,data\structures\heme_transplant\pdb\ENZ_G000824_heme.pdb,0.614,1.033,-5.443
ENZ_G000825,P10612,alphafill_candidate,alphafill,downloaded_with_heme,1,P10612-F1,3MZS,0.852083,1.10927,0.447517,0.153278,data\structures\alphafill\json\P10612-F1.json,data\structures\alphafill\cif\P10612-F1.cif,,0,,,,,,
ENZ_G000826,P10613,alphafill_candidate,alphafill,downloaded_with_heme,1,P10613-F1,5V5Z,1,0.6379,0.35351,0.140578,data\structures\alphafill\json\P10613-F1.json,data\structures\alphafill\cif\P10613-F1.cif,,0,,,,,,
ENZ_G000827,P10614,experimental_pdb,experimental_pdb,experimental_pdb,1,,,,,,,,,s1_rcsb/4LXJ,0,,,,,,
ENZ_G000828,P10632,experimental_pdb,experimental_pdb,experimental_pdb,1,,,,,,,,,s1_rcsb/2NNJ,0,,,,,,
ENZ_G000829,P10635,experimental_pdb,experimental_pdb,experimental_pdb,1,,,,,,,,,s1_rcsb/3TBG,0,,,,,,
ENZ_G000830,P11371,alphafill_candidate,alphafill,downloaded_with_heme,1,P11371-F1,1DT6,0.901499,2.20063,0.760419,0.148393,data\structures\alphafill\json\P11371-F1.json,data\structures\alphafill\cif\P11371-F1.cif,,0,,,,,,
ENZ_G000831,P11509,experimental_pdb,experimental_pdb,experimental_pdb,1,,,,,,,,,s1_rcsb/2FDV,0,,,,,,
ENZ_G000832,P11511,alphafill_candidate,alphafill,downloaded_with_heme,1,P11511-F1,3EQM,0.982107,0.518319,0.417359,0.122615,data\structures\alphafill\json\P11511-F1.json,data\structures\alphafill\cif\P11511-F1.cif,,0,,,,,,
ENZ_G000833,P11712,experimental_pdb,experimental_pdb,experimental_pdb,1,,,,,,,,,s1_rcsb/4NZ2,0,,,,,,
ENZ_G000834,P11715,alphafill_candidate,alphafill,downloaded_with_heme,1,P11715-F1,3RUK,0.674569,1.66618,0.249859,0.0989281,data\structures\alphafill\json\P11715-F1.json,data\structures\alphafill\cif\P11715-F1.cif,,0,,,,,,
ENZ_G000835,P13107,alphafill_candidate,alphafill,downloaded_with_heme,1,P13107-F1,5E58,0.70276,1.26846,0.642011,0.134448,data\structures\alphafill\json\P13107-F1.json,data\structures\alphafill\cif\P13107-F1.cif,,0,,,,,,
ENZ_G000836,P13584,alphafill_candidate,alphafill,downloaded_with_heme,1,P13584-F1,5T6Q,0.862423,0.724067,0.164669,0.203338,data\structures\alphafill\json\P13584-F1.json,data\structures\alphafill\cif\P13584-F1.cif,,0,,,,,,
ENZ_G000837,P14263,alphafill_candidate,alphafill,downloaded_with_heme,1,P14263-F1,5V5Z,0.83112,0.691019,0.364282,0.140928,data\structures\alphafill\json\P14263-F1.json,data\structures\alphafill\cif\P14263-F1.cif,,0,,,,,,
ENZ_G000838,P14762,alphafill_candidate,alphafill,downloaded_with_heme,1,P14762-F1,7Q9E,0.987805,0.877158,0.473997,0.246422,data\structures\alphafill\json\P14762-F1.json,data\structures\alphafill\cif\P14762-F1.cif,,0,,,,,,
ENZ_G000839,P14779,experimental_pdb,experimental_pdb,experimental_pdb,1,,,,,,,,,s1_rcsb/1JPZ,0,,,,,,
ENZ_G000840,P15128,alphafill_candidate,alphafill,downloaded_with_heme,1,P15128-F1,5T6Q,1,0.627749,0.148006,0.192232,data\structures\alphafill\json\P15128-F1.json,data\structures\alphafill\cif\P15128-F1.cif,,0,,,,,,
ENZ_G000841,P15129,alphafill_candidate,alphafill,downloaded_with_heme,1,P15129-F1,5T6Q,0.892784,0.688371,0.168481,0.201834,data\structures\alphafill\json\P15129-F1.json,data\structures\alphafill\cif\P15129-F1.cif,,0,,,,,,
ENZ_G000842,P15150,alphafill_candidate,alphafill,downloaded_with_heme,1,P15150-F1,4ZGX,0.718163,1.20738,0.582231,0.339936,data\structures\alphafill\json\P15150-F1.json,data\structures\alphafill\cif\P15150-F1.cif,,0,,,,,,
ENZ_G000843,P15393,alphafill_candidate,alphafill,downloaded_with_heme,1,P15393-F1,4ZGX,0.620833,1.46603,0.644008,0.334205,data\structures\alphafill\json\P15393-F1.json,data\structures\alphafill\cif\P15393-F1.cif,,0,,,,,,
ENZ_G000844,P15538,alphafill_candidate,alphafill,downloaded_with_heme,1,P15538-F1,7E7F,0.963983,2.36973,0.507924,0.0993419,data\structures\alphafill\json\P15538-F1.json,data\structures\alphafill\cif\P15538-F1.cif,,0,,,,,,
ENZ_G000845,P15540,alphafill_candidate,alphafill,downloaded_with_heme,1,P15540-F1,3QZ1,0.830435,1.71851,0.875638,0.103586,data\structures\alphafill\json\P15540-F1.json,data\structures\alphafill\cif\P15540-F1.cif,,0,,,,,,
ENZ_G000846,P16141,alphafill_candidate,alphafill,downloaded_with_heme,1,P16141-F1,5VCD,0.27381,5.67125,1.13943,0.433779,data\structures\alphafill\json\P16141-F1.json,data\structures\alphafill\cif\P16141-F1.cif,,0,,,,,,
ENZ_G000847,P16496,alphafill_candidate,alphafill,downloaded_with_heme,1,P16496-F1,1ZOA,0.359091,3.45888,0.934217,0.222993,data\structures\alphafill\json\P16496-F1.json,data\structures\alphafill\cif\P16496-F1.cif,,0,,,,,,
ENZ_G000848,P16603,alphafill_candidate,alphafold_heme_transplant,heme_transplanted,1,P16603-F1,ENZ_G000727,0.167,30.47,,,data\structures\alphafill\json\P16603-F1.json,,,0,"qc=bad, n_ca=691, template=O08336",data\structures\alphafold\pdb\AF-P16603-F1.pdb,data\structures\heme_transplant\pdb\ENZ_G000848_heme.pdb,-1.015,-3.604,8.339
ENZ_G000849,P17177,alphafill_candidate,alphafill,downloaded_with_heme,1,P17177-F1,3K9V,0.329718,3.03587,0.711648,0.297475,data\structures\alphafill\json\P17177-F1.json,data\structures\alphafill\cif\P17177-F1.cif,,0,,,,,,
ENZ_G000850,P17178,alphafill_candidate,alphafill,downloaded_with_heme,1,P17178-F1,3K9V,0.334719,3.16543,0.857932,0.378942,data\structures\alphafill\json\P17178-F1.json,data\structures\alphafill\cif\P17178-F1.cif,,0,,,,,,
ENZ_G000851,P17549,alphafill_candidate,alphafill,downloaded_with_heme,1,P17549-F1,3M4V,0.319392,3.74155,2.38128,0.185234,data\structures\alphafill\json\P17549-F1.json,data\structures\alphafill\cif\P17549-F1.cif,,0,,,,,,
ENZ_G000852,P18125,alphafill_candidate,alphafill,downloaded_with_heme,1,P18125-F1,3DAX,0.832985,1.75632,0.354502,0.132925,data\structures\alphafill\json\P18125-F1.json,data\structures\alphafill\cif\P18125-F1.cif,,0,,,,,,
ENZ_G000853,P18326,experimental_pdb,experimental_pdb,experimental_pdb,1,,,,,,,,,s1_rcsb/9JHW,0,,,,,,
ENZ_G000854,P18327,alphafill_candidate,alphafill,downloaded_with_heme,1,P18327-F1,5Y1I,0.460759,2.31126,0.782499,0.131531,data\structures\alphafill\json\P18327-F1.json,data\structures\alphafill\cif\P18327-F1.cif,,0,,,,,,
ENZ_G000855,P19099,pcpd_predicted,pcpd_predicted,pcpd_predicted,1,,,,,,,,,pcpd/CYP11B2.pdb,0,,,,,,
ENZ_G000856,P19100,alphafill_candidate,alphafill,downloaded_with_heme,1,P19100-F1,3RUK,0.663934,2.55652,0.286275,0.101611,data\structures\alphafill\json\P19100-F1.json,data\structures\alphafill\cif\P19100-F1.cif,,0,,,,,,
ENZ_G000857,P20813,experimental_pdb,experimental_pdb,experimental_pdb,1,,,,,,,,,s1_rcsb/5UDA,0,,,,,,
ENZ_G000858,P20815,alphafill_candidate,alphafill,downloaded_with_heme,1,P20815-F1,5VEU,0.940678,0.984876,0.23108,0.144154,data\structures\alphafill\json\P20815-F1.json,data\structures\alphafill\cif\P20815-F1.cif,,0,,,,,,
ENZ_G000859,P20816,alphafill_candidate,alphafill,downloaded_with_heme,1,P20816-F1,5T6Q,0.542798,1.88385,0.424122,0.203884,data\structures\alphafill\json\P20816-F1.json,data\structures\alphafill\cif\P20816-F1.cif,,0,,,,,,
ENZ_G000860,P20817,alphafill_candidate,alphafill,downloaded_with_heme,1,P20817-F1,5T6Q,0.542798,1.9123,0.465575,0.20056,data\structures\alphafill\json\P20817-F1.json,data\structures\alphafill\cif\P20817-F1.cif,,0,,,,,,
ENZ_G000861,P22680,alphafill_candidate,alphafill,downloaded_with_heme,1,P22680-F1,3DAX,1,1.70575,0.362841,0.124385,data\structures\alphafill\json\P22680-F1.json,data\structures\alphafill\cif\P22680-F1.cif,,0,,,,,,
ENZ_G000862,P23295,alphafill_candidate,alphafill,downloaded_with_heme,1,P23295-F1,5Y5F,1,0.616381,0.393375,0.1313,data\structures\alphafill\json\P23295-F1.json,data\structures\alphafill\cif\P23295-F1.cif,,0,,,,,,
ENZ_G000863,P24462,experimental_pdb,experimental_pdb,experimental_pdb,1,,,,,,,,,s1_rcsb/8GK3,0,,,,,,
ENZ_G000864,P24464,alphafill_candidate,alphafill,downloaded_with_heme,1,P24464-F1,5T6Q,0.528184,1.84736,0.426947,0.195494,data\structures\alphafill\json\P24464-F1.json,data\structures\alphafill\cif\P24464-F1.cif,,0,,,,,,
ENZ_G000865,P24465,alphafill_candidate,alphafill,downloaded_with_heme,1,P24465-F1,5YLW,0.312227,2.40945,0.877835,0.244732,data\structures\alphafill\json\P24465-F1.json,data\structures\alphafill\cif\P24465-F1.cif,,0,,,,,,
ENZ_G000866,P24470,alphafill_candidate,alphafill,downloaded_with_heme,1,P24470-F1,4GQS,0.603563,1.759,0.501821,0.167359,data\structures\alphafill\json\P24470-F1.json,data\structures\alphafill\cif\P24470-F1.cif,,0,,,,,,
ENZ_G000867,P24557,alphafill_candidate,alphafill,downloaded_with_heme,1,P24557-F1,2V0M,0.349398,3.62197,3.14506,0.708551,data\structures\alphafill\json\P24557-F1.json,data\structures\alphafill\cif\P24557-F1.cif,,0,,,,,,
ENZ_G000868,P24903,alphafill_candidate,alphafill,downloaded_with_heme,1,P24903-F1,2P85,0.531183,0.918514,0.444838,0.164362,data\structures\alphafill\json\P24903-F1.json,data\structures\alphafill\cif\P24903-F1.cif,,0,,,,,,
ENZ_G000869,P26911,alphafill_candidate,alphafill,downloaded_with_heme,1,P26911-F1,4UBS,0.705128,1.21369,0.455912,0.165271,data\structures\alphafill\json\P26911-F1.json,data\structures\alphafill\cif\P26911-F1.cif,,0,,,,,,
ENZ_G000870,P27786,alphafill_candidate,alphafill,downloaded_with_heme,1,P27786-F1,3RUK,0.660532,2.60808,0.273639,0.0990928,data\structures\alphafill\json\P27786-F1.json,data\structures\alphafill\cif\P27786-F1.cif,,0,,,,,,
ENZ_G000871,P30099,alphafill_candidate,alphafill,downloaded_with_heme,1,P30099-F1,4ZGX,0.686441,1.23006,0.571781,0.317267,data\structures\alphafill\json\P30099-F1.json,data\structures\alphafill\cif\P30099-F1.cif,,0,,,,,,
ENZ_G000872,P30100,alphafill_candidate,alphafill,downloaded_with_heme,1,P30100-F1,4ZGX,0.684322,1.1895,0.566136,0.316015,data\structures\alphafill\json\P30100-F1.json,data\structures\alphafill\cif\P30100-F1.cif,,0,,,,,,
ENZ_G000873,P30437,alphafill_candidate,alphafill,downloaded_with_heme,1,P30437-F1,6B82,0.740586,1.25165,0.45414,0.116697,data\structures\alphafill\json\P30437-F1.json,data\structures\alphafill\cif\P30437-F1.cif,,0,,,,,,
ENZ_G000874,P33006,experimental_pdb,experimental_pdb,experimental_pdb,1,,,,,,,,,s1_rcsb/8EUH,0,,,,,,
ENZ_G000875,P33260,alphafill_candidate,alphafill,downloaded_with_heme,1,P33260-F1,1R9O,0.785106,2.59553,0.55388,0.175119,data\structures\alphafill\json\P33260-F1.json,data\structures\alphafill\cif\P33260-F1.cif,,0,,,,,,
ENZ_G000876,P33261,alphafill_candidate,alphafill,downloaded_with_heme,1,P33261-F1,4GQS,0.967532,1.74401,0.558521,0.179457,data\structures\alphafill\json\P33261-F1.json,data\structures\alphafill\cif\P33261-F1.cif,,0,,,,,,
ENZ_G000877,P33274,alphafill_candidate,alphafill,downloaded_with_heme,1,P33274-F1,5T6Q,0.425101,2.36783,0.346808,0.213941,data\structures\alphafill\json\P33274-F1.json,data\structures\alphafill\cif\P33274-F1.cif,,0,,,,,,
ENZ_G000878,P36423,alphafill_candidate,alphafill,downloaded_with_heme,1,P36423-F1,5VCD,0.338614,4.6519,0.765115,0.171699,data\structures\alphafill\json\P36423-F1.json,data\structures\alphafill\cif\P36423-F1.cif,,0,,,,,,
ENZ_G000879,P37114,alphafill_candidate,alphafill,downloaded_with_heme,1,P37114-F1,6VBY,0.709746,1.09186,0.243416,0.130622,data\structures\alphafill\json\P37114-F1.json,data\structures\alphafill\cif\P37114-F1.cif,,0,,,,,,
ENZ_G000880,P37120,alphafill_candidate,alphafill,downloaded_with_heme,1,P37120-F1,6DWN,0.37,1.52769,0.196078,0.73701,data\structures\alphafill\json\P37120-F1.json,data\structures\alphafill\cif\P37120-F1.cif,,0,,,,,,
ENZ_G000881,P37122,alphafill_candidate,alphafill,downloaded_with_heme,1,P37122-F1,7X2Q,0.332613,2.38717,1.07952,0.235295,data\structures\alphafill\json\P37122-F1.json,data\structures\alphafill\cif\P37122-F1.cif,,0,,,,,,
ENZ_G000882,P46634,alphafill_candidate,alphafill,downloaded_with_heme,1,P46634-F1,3DAX,0.822547,1.71308,0.362738,0.119914,data\structures\alphafill\json\P46634-F1.json,data\structures\alphafill\cif\P46634-F1.cif,,0,,,,,,
ENZ_G000883,P47195,pcpd_predicted,pcpd_predicted,pcpd_predicted,1,,,,,,,,,pcpd/CYP80A1.pdb,0,,,,,,
ENZ_G000884,P47787,alphafill_candidate,alphafill,downloaded_with_heme,1,P47787-F1,4D6Z,0.333992,4.26745,0.83673,0.211781,data\structures\alphafill\json\P47787-F1.json,data\structures\alphafill\cif\P47787-F1.cif,,0,,,,,,
ENZ_G000885,P48417,alphafill_candidate,alphafill,downloaded_with_heme,1,P48417-F1,2RCH,0.66453,0.610436,0.199143,0.134124,data\structures\alphafill\json\P48417-F1.json,data\structures\alphafill\cif\P48417-F1.cif,,0,,,,,,
ENZ_G000886,P48418,alphafill_candidate,alphafill,downloaded_with_heme,1,P48418-F1,6UDM,0.36,1.53166,0.193567,0.665828,data\structures\alphafill\json\P48418-F1.json,data\structures\alphafill\cif\P48418-F1.cif,,0,,,,,,
ENZ_G000887,P48420,pcpd_predicted,pcpd_predicted,pcpd_predicted,1,,,,,,,,,pcpd/CYP78A1.pdb,0,,,,,,
ENZ_G000888,P48421,pcpd_predicted,pcpd_predicted,pcpd_predicted,1,,,,,,,,,pcpd/CYP83A1.pdb,0,,,,,,
ENZ_G000889,P48422,alphafill_candidate,alphafill,downloaded_with_heme,1,P48422-F1,4ENH,0.259594,7.91368,1.09058,0.381782,data\structures\alphafill\json\P48422-F1.json,data\structures\alphafill\cif\P48422-F1.cif,,0,,,,,,
ENZ_G000890,P48522,alphafill_candidate,alphafill,downloaded_with_heme,1,P48522-F1,6VBY,0.723992,1.07158,0.30726,0.124923,data\structures\alphafill\json\P48522-F1.json,data\structures\alphafill\cif\P48522-F1.cif,,0,,,,,,
ENZ_G000891,P48635,experimental_pdb,experimental_pdb,experimental_pdb,1,,,,,,,,,s1_rcsb/2XFH,0,,,,,,
ENZ_G000892,P49430,alphafill_candidate,alphafill,downloaded_with_heme,1,P49430-F1,8GK3,0.329365,3.3603,0.748152,0.210212,data\structures\alphafill\json\P49430-F1.json,data\structures\alphafill\cif\P49430-F1.cif,,0,,,,,,
ENZ_G000893,P51542,alphafill_candidate,alphafill,downloaded_with_heme,1,P51542-F1,3DAX,0.832985,1.70016,0.387419,0.142217,data\structures\alphafill\json\P51542-F1.json,data\structures\alphafill\cif\P51542-F1.cif,,0,,,,,,
ENZ_G000894,P51589,alphafill_candidate,alphafill,downloaded_with_heme,1,P51589-F1,3C6G,0.441114,1.49218,0.636998,0.220227,data\structures\alphafill\json\P51589-F1.json,data\structures\alphafill\cif\P51589-F1.cif,,0,,,,,,
ENZ_G000895,P51663,alphafill_candidate,alphafill,downloaded_with_heme,1,P51663-F1,4ZGX,0.726514,1.28609,0.604462,0.351233,data\structures\alphafill\json\P51663-F1.json,data\structures\alphafill\cif\P51663-F1.cif,,0,,,,,,
ENZ_G000896,P51869,alphafill_candidate,alphafill,downloaded_with_heme,1,P51869-F1,5T6Q,0.447983,2.29938,0.342047,0.197206,data\structures\alphafill\json\P51869-F1.json,data\structures\alphafill\cif\P51869-F1.cif,,0,,,,,,
ENZ_G000897,P53554,experimental_pdb,experimental_pdb,experimental_pdb,1,,,,,,,,,s1_rcsb/3EJB,0,,,,,,
ENZ_G000898,P54781,alphafill_candidate,alphafill,downloaded_with_heme,1,P54781-F1,5VCD,0.268398,3.0121,1.28256,0.100288,data\structures\alphafill\json\P54781-F1.json,data\structures\alphafill\cif\P54781-F1.cif,,0,,,,,,
ENZ_G000899,P56654,alphafill_candidate,alphafill,downloaded_with_heme,1,P56654-F1,4GQS,0.713004,2.18845,0.523964,0.163291,data\structures\alphafill\json\P56654-F1.json,data\structures\alphafill\cif\P56654-F1.cif,,0,,,,,,
ENZ_G000900,P56655,alphafill_candidate,alphafill,downloaded_with_heme,1,P56655-F1,4GQS,0.691974,1.74542,0.593994,0.202334,data\structures\alphafill\json\P56655-F1.json,data\structures\alphafill\cif\P56655-F1.cif,,0,,,,,,
ENZ_G000901,P56656,alphafill_candidate,alphafill,downloaded_with_heme,1,P56656-F1,1R9O,0.714286,2.50805,0.519664,0.186098,data\structures\alphafill\json\P56656-F1.json,data\structures\alphafill\cif\P56656-F1.cif,,0,,,,,,
ENZ_G000902,P56657,alphafill_candidate,alphafill,downloaded_with_heme,1,P56657-F1,4NZ2,0.656951,1.84319,0.503642,0.142737,data\structures\alphafill\json\P56657-F1.json,data\structures\alphafill\cif\P56657-F1.cif,,0,,,,,,
ENZ_G000903,P63710,alphafill_candidate,alphafill,downloaded_with_heme,1,P63710-F1,2X5W,0.949192,1.61523,0.66831,0.145269,data\structures\alphafill\json\P63710-F1.json,data\structures\alphafill\cif\P63710-F1.cif,,0,,,,,,
ENZ_G000904,P70687,alphafill_candidate,alphafill,downloaded_with_heme,1,P70687-F1,3RUK,0.652352,2.51734,0.245091,0.102671,data\structures\alphafill\json\P70687-F1.json,data\structures\alphafill\cif\P70687-F1.cif,,0,,,,,,
ENZ_G000905,P78329,alphafill_candidate,alphafill,downloaded_with_heme,1,P78329-F1,5T6Q,0.457983,2.16158,0.332446,0.234537,data\structures\alphafill\json\P78329-F1.json,data\structures\alphafill\cif\P78329-F1.cif,,0,,,,,,
ENZ_G000906,P79739,alphafill_candidate,alphafill,downloaded_with_heme,1,P79739-F1,2VE3,0.332589,2.60866,0.609418,0.171514,data\structures\alphafill\json\P79739-F1.json,data\structures\alphafill\cif\P79739-F1.cif,,0,,,,,,
ENZ_G000907,P93147,alphafill_candidate,alphafill,downloaded_with_heme,1,P93147-F1,8E83,0.314225,6.76012,4.56073,0.644712,data\structures\alphafill\json\P93147-F1.json,data\structures\alphafill\cif\P93147-F1.cif,,0,,,,,,
ENZ_G000908,P93149,alphafill_candidate,alphafill,downloaded_with_heme,1,P93149-F1,8E83,0.52588,5.59022,4.52328,0.672277,data\structures\alphafill\json\P93149-F1.json,data\structures\alphafill\cif\P93149-F1.cif,,0,,,,,,
ENZ_G000909,P93596,alphafill_candidate,alphafill,downloaded_with_heme,1,P93596-F1,6Q2C,0.45898,4.60091,0.509427,0.253328,data\structures\alphafill\json\P93596-F1.json,data\structures\alphafill\cif\P93596-F1.cif,,0,,,,,,
ENZ_G000910,P93703,pcpd_predicted,pcpd_predicted,pcpd_predicted,1,,,,,,,,,pcpd/CYP71C3.pdb,0,,,,,,
ENZ_G000911,P93846,alphafill_candidate,alphafill,downloaded_with_heme,1,P93846-F1,6Q2C,0.450549,6.02406,0.623526,0.23835,data\structures\alphafill\json\P93846-F1.json,data\structures\alphafill\cif\P93846-F1.cif,,0,,,,,,
ENZ_G000912,P98183,pcpd_predicted,pcpd_predicted,pcpd_predicted,1,,,,,,,,,pcpd/CYP71D12.pdb,0,,,,,,
ENZ_G000913,P98187,alphafill_candidate,alphafill,downloaded_with_heme,1,P98187-F1,6C93,0.45283,2.02224,0.308218,0.103921,data\structures\alphafill\json\P98187-F1.json,data\structures\alphafill\cif\P98187-F1.cif,,0,,,,,,
ENZ_G000914,P98188,alphafill_candidate,alphafill,downloaded_with_heme,1,P98188-F1,3CBD,0.27248,4.0919,1.06219,0.447209,data\structures\alphafill\json\P98188-F1.json,data\structures\alphafill\cif\P98188-F1.cif,,0,,,,,,
ENZ_G000915,P9WEG9,alphafill_candidate,alphafold_heme_transplant,heme_transplanted,1,P9WEG9-F1,ENZ_G000608,0.142,25.82,,,,,,0,"qc=bad, n_ca=567, template=F1SY75",data\structures\alphafold\pdb\AF-P9WEG9-F1.pdb,data\structures\heme_transplant\pdb\ENZ_G000915_heme.pdb,20.226,20.025,9.717
ENZ_G000916,P9WEH0,alphafill_candidate,alphafold_heme_transplant,heme_transplanted,1,P9WEH0-F1,ENZ_G001557,0.153,19.57,,,,,,0,"qc=bad, n_ca=477, template=",data\structures\alphafold\pdb\AF-P9WEH0-F1.pdb,data\structures\heme_transplant\pdb\ENZ_G000916_heme.pdb,8.439,4.829,2.150
ENZ_G000917,P9WEI5,alphafill_candidate,alphafold_heme_transplant,heme_transplanted,1,P9WEI5-F1,ENZ_G000619,0.172,22.73,,,,,,0,"qc=bad, n_ca=496, template=F1SYF1",data\structures\alphafold\pdb\AF-P9WEI5-F1.pdb,data\structures\heme_transplant\pdb\ENZ_G000917_heme.pdb,0.177,-10.279,11.470
ENZ_G000918,P9WEI7,alphafill_candidate,alphafold_heme_transplant,heme_transplanted,1,P9WEI7-F1,ENZ_G000602,0.180,6.50,,,,,,0,"qc=bad, n_ca=529, template=F1SY52",data\structures\alphafold\pdb\AF-P9WEI7-F1.pdb,data\structures\heme_transplant\pdb\ENZ_G000918_heme.pdb,-4.663,2.478,14.433
ENZ_G000919,P9WEQ1,alphafill_candidate,alphafold_heme_transplant,heme_transplanted,1,P9WEQ1-F1,ENZ_G000304,0.161,9.75,,,,,,0,"qc=bad, n_ca=491, template=A0A3Q9FEJ4",data\structures\alphafold\pdb\AF-P9WEQ1-F1.pdb,data\structures\heme_transplant\pdb\ENZ_G000919_heme.pdb,4.669,-2.025,4.706
ENZ_G000920,P9WEQ9,alphafill_candidate,alphafold_heme_transplant,heme_transplanted,1,P9WEQ9-F1,ENZ_G001266,0.180,15.67,,,,,,0,"qc=bad, n_ca=515, template=Q9C449",data\structures\alphafold\pdb\AF-P9WEQ9-F1.pdb,data\structures\heme_transplant\pdb\ENZ_G000920_heme.pdb,2.435,0.169,6.551
ENZ_G000921,P9WER2,alphafill_candidate,alphafold_heme_transplant,heme_transplanted,1,P9WER2-F1,ENZ_G000314,0.154,14.28,,,,,,0,"qc=bad, n_ca=504, template=A0A455R4X0",data\structures\alphafold\pdb\AF-P9WER2-F1.pdb,data\structures\heme_transplant\pdb\ENZ_G000921_heme.pdb,1.839,-3.530,4.785
ENZ_G000922,P9WES3,alphafill_candidate,alphafold_heme_transplant,heme_transplanted,1,P9WES3-F1,ENZ_G000442,0.180,12.19,,,,,,0,"qc=bad, n_ca=509, template=A2R6G9",data\structures\alphafold\pdb\AF-P9WES3-F1.pdb,data\structures\heme_transplant\pdb\ENZ_G000922_heme.pdb,0.479,-5.881,0.494
ENZ_G000923,P9WEV3,alphafill_candidate,alphafill,downloaded_with_heme,1,P9WEV3-F1,6MCW,0.281125,3.80465,1.96833,0.355794,data\structures\alphafill\json\P9WEV3-F1.json,data\structures\alphafill\cif\P9WEV3-F1.cif,,0,,,,,,
ENZ_G000924,P9WPL5,experimental_pdb,experimental_pdb,experimental_pdb,1,,,,,,,,,s1_rcsb/8S53,0,,,,,,
ENZ_G000925,P9WPN5,alphafill_candidate,alphafill,downloaded_with_heme,1,P9WPN5-F1,2UUQ,0.859259,0.290555,0.201414,0.113168,data\structures\alphafill\json\P9WPN5-F1.json,data\structures\alphafill\cif\P9WPN5-F1.cif,,0,,,,,,
ENZ_G000926,P9WPN7,alphafill_candidate,alphafill,downloaded_with_heme,1,P9WPN7-F1,8JNP,0.308901,4.91792,1.18617,0.388995,data\structures\alphafill\json\P9WPN7-F1.json,data\structures\alphafill\cif\P9WPN7-F1.cif,,0,,,,,,
ENZ_G000927,P9WPP0,alphafill_candidate,alphafill,downloaded_with_heme,1,P9WPP0-F1,2X5W,0.949192,1.61999,0.670248,0.143315,data\structures\alphafill\json\P9WPP0-F1.json,data\structures\alphafill\cif\P9WPP0-F1.cif,,0,,,,,,
ENZ_G000928,P9WPP1,experimental_pdb,experimental_pdb,experimental_pdb,1,,,,,,,,,s1_rcsb/2X5W,0,,,,,,
ENZ_G000929,P9WPP3,experimental_pdb,experimental_pdb,experimental_pdb,1,,,,,,,,,s1_rcsb/7ZB9,0,,,,,,
ENZ_G000930,P9WPP7,experimental_pdb,experimental_pdb,experimental_pdb,1,,,,,,,,,s1_rcsb/1N40,0,,,,,,
ENZ_G000931,P9WPP9,alphafill_candidate,alphafill,downloaded_with_heme,1,P9WPP9-F1,1H5Z,1,1.44264,0.410127,0.0905635,data\structures\alphafill\json\P9WPP9-F1.json,data\structures\alphafill\cif\P9WPP9-F1.cif,,0,,,,,,
ENZ_G000932,Q00141,alphafill_candidate,alphafold_heme_transplant,heme_transplanted,1,Q00141-F1,ENZ_G000727,0.185,32.49,,,data\structures\alphafill\json\Q00141-F1.json,,,0,"qc=bad, n_ca=694, template=O08336",data\structures\alphafold\pdb\AF-Q00141-F1.pdb,data\structures\heme_transplant\pdb\ENZ_G000932_heme.pdb,-9.887,-3.049,-0.866
ENZ_G000933,Q00441,experimental_pdb,experimental_pdb,experimental_pdb,1,,,,,,,,,s1_rcsb/1EUP,0,,,,,,
ENZ_G000934,Q00707,alphafill_candidate,alphafill,downloaded_with_heme,1,Q00707-F1,6UNJ,0.393617,3.04461,0.498054,0.84172,data\structures\alphafill\json\Q00707-F1.json,data\structures\alphafill\cif\Q00707-F1.cif,,0,,,,,,
ENZ_G000935,Q00G65,alphafill_candidate,alphafold_heme_transplant,heme_transplanted,1,Q00G65-F1,ENZ_G000795,0.151,19.52,,,,,,0,"qc=bad, n_ca=456, template=P08684",data\structures\alphafold\pdb\AF-Q00G65-F1.pdb,data\structures\heme_transplant\pdb\ENZ_G000935_heme.pdb,5.276,-0.960,3.486
ENZ_G000936,Q02318,alphafill_candidate,alphafill,downloaded_with_heme,1,Q02318-F1,3K9V,0.32,3.56734,0.825803,0.240539,data\structures\alphafill\json\Q02318-F1.json,data\structures\alphafill\cif\Q02318-F1.cif,,0,,,,,,
ENZ_G000937,Q02928,alphafill_candidate,alphafill,downloaded_with_heme,1,Q02928-F1,5T6Q,0.549894,1.77796,0.456172,0.178641,data\structures\alphafill\json\Q02928-F1.json,data\structures\alphafill\cif\Q02928-F1.cif,,0,,,,,,
ENZ_G000938,Q04468,alphafill_candidate,alphafill,downloaded_with_heme,1,Q04468-F1,6VBY,0.707006,1.03124,0.237428,0.124109,data\structures\alphafill\json\Q04468-F1.json,data\structures\alphafill\cif\Q04468-F1.cif,,0,,,,,,
ENZ_G000939,Q04552,alphafill_candidate,alphafill,downloaded_with_heme,1,Q04552-F1,5VCD,0.322718,3.2427,0.737255,0.226845,data\structures\alphafill\json\Q04552-F1.json,data\structures\alphafill\cif\Q04552-F1.cif,,0,,,,,,
ENZ_G000940,Q05001,alphafill_candidate,alphafold_heme_transplant,heme_transplanted,1,Q05001-F1,ENZ_G000727,0.170,32.44,,,data\structures\alphafill\json\Q05001-F1.json,,,0,"qc=bad, n_ca=714, template=O08336",data\structures\alphafold\pdb\AF-Q05001-F1.pdb,data\structures\heme_transplant\pdb\ENZ_G000940_heme.pdb,-12.774,9.834,-2.123
ENZ_G000941,Q05047,alphafill_candidate,alphafill,downloaded_with_heme,1,Q05047-F1,6C93,0.285068,3.29558,0.754603,0.284731,data\structures\alphafill\json\Q05047-F1.json,data\structures\alphafill\cif\Q05047-F1.cif,,0,,,,,,
ENZ_G000942,Q05JG2,pcpd_predicted,pcpd_predicted,pcpd_predicted,1,,,,,,,,,pcpd/CYP707A5.pdb,0,,,,,,
ENZ_G000943,Q06069,alphafill_candidate,alphafill,downloaded_with_heme,1,Q06069-F1,4YT3,1,1.67596,0.568001,0.192108,data\structures\alphafill\json\Q06069-F1.json,data\structures\alphafill\cif\Q06069-F1.cif,,0,,,,,,
ENZ_G000944,Q06539,alphafill_candidate,alphafold_heme_transplant,heme_transplanted,1,Q06539-F1,ENZ_G000943,0.115,24.76,,,data\structures\alphafill\json\Q06539-F1.json,,,0,"qc=bad, n_ca=364, template=Q06069",data\structures\alphafold\pdb\AF-Q06539-F1.pdb,data\structures\heme_transplant\pdb\ENZ_G000944_heme.pdb,4.626,0.296,0.849
ENZ_G000945,Q06IS2,alphafill_candidate,alphafold_heme_transplant,heme_transplanted,1,Q06IS2-F1,ENZ_G000854,0.196,15.78,,,,,,0,"qc=bad, n_ca=403, template=P18327",data\structures\alphafold\pdb\AF-Q06IS2-F1.pdb,data\structures\heme_transplant\pdb\ENZ_G000945_heme.pdb,-4.081,2.665,1.748
ENZ_G000946,Q078T0,alphafill_candidate,alphafill,downloaded_with_heme,1,Q078T0-F1,6UDM,0.315315,2.21713,0.1806,0.530909,data\structures\alphafill\json\Q078T0-F1.json,data\structures\alphafill\cif\Q078T0-F1.cif,,0,,,,,,
ENZ_G000947,Q07973,alphafill_candidate,alphafill,downloaded_with_heme,1,Q07973-F1,3K9V,0.847917,1.15857,0.424371,0.206091,data\structures\alphafill\json\Q07973-F1.json,data\structures\alphafill\cif\Q07973-F1.cif,,0,,,,,,
ENZ_G000948,Q08477,alphafill_candidate,alphafill,downloaded_with_heme,1,Q08477-F1,5T6Q,0.451271,2.47613,0.322997,0.276905,data\structures\alphafill\json\Q08477-F1.json,data\structures\alphafill\cif\Q08477-F1.cif,,0,,,,,,
ENZ_G000949,Q09128,alphafill_candidate,alphafill,downloaded_with_heme,1,Q09128-F1,3K9V,0.997921,0.532054,0.188826,0.128516,data\structures\alphafill\json\Q09128-F1.json,data\structures\alphafill\cif\Q09128-F1.cif,,0,,,,,,
ENZ_G000950,Q09736,alphafill_candidate,alphafill,downloaded_with_heme,1,Q09736-F1,4UYL,0.522293,1.65591,0.366652,0.22443,data\structures\alphafill\json\Q09736-F1.json,data\structures\alphafill\cif\Q09736-F1.cif,,0,,,,,,
ENZ_G000951,Q09J79,alphafill_candidate,alphafill,downloaded_with_heme,1,Q09J79-F1,6A17,0.334081,3.53383,0.81353,0.200877,data\structures\alphafill\json\Q09J79-F1.json,data\structures\alphafill\cif\Q09J79-F1.cif,,0,,,,,,
ENZ_G000952,Q0C8M4,alphafill_candidate,alphafill,downloaded_with_heme,1,Q0C8M4-F1,7X2Q,0.287879,4.75314,5.12786,0.586128,data\structures\alphafill\json\Q0C8M4-F1.json,data\structures\alphafill\cif\Q0C8M4-F1.cif,,0,,,,,,
ENZ_G000953,Q0CJ57,alphafill_candidate,alphafill,downloaded_with_heme,1,Q0CJ57-F1,7X2Q,0.254717,3.77509,2.57031,0.153962,data\structures\alphafill\json\Q0CJ57-F1.json,data\structures\alphafill\cif\Q0CJ57-F1.cif,,0,,,,,,
ENZ_G000954,Q0CRW7,alphafill_candidate,alphafill,downloaded_with_heme,1,Q0CRW7-F1,6MCW,0.289593,4.00078,1.99425,0.373858,data\structures\alphafill\json\Q0CRW7-F1.json,data\structures\alphafill\cif\Q0CRW7-F1.cif,,0,,,,,,
ENZ_G000955,Q0D1W9,alphafill_candidate,alphafill,downloaded_with_heme,1,Q0D1W9-F1,7P6L,0.497817,1.11422,0.392718,0.15755,data\structures\alphafill\json\Q0D1W9-F1.json,data\structures\alphafill\cif\Q0D1W9-F1.cif,,0,,,,,,
ENZ_G000956,Q0DBF4,alphafill_candidate,alphafill,downloaded_with_heme,1,Q0DBF4-F1,8E83,0.292398,6.23645,1.33873,0.844855,data\structures\alphafill\json\Q0DBF4-F1.json,data\structures\alphafill\cif\Q0DBF4-F1.cif,,0,,,,,,
ENZ_G000957,Q0DS59,alphafill_candidate,alphafill,downloaded_with_heme,1,Q0DS59-F1,5VEU,0.263158,7.26349,4.02831,0.31077,data\structures\alphafill\json\Q0DS59-F1.json,data\structures\alphafill\cif\Q0DS59-F1.cif,,0,,,,,,
ENZ_G000958,Q0H7R9,alphafill_candidate,alphafold_heme_transplant,heme_transplanted,1,Q0H7R9-F1,ENZ_G001199,0.861,6.31,,,,,,0,"qc=bad, n_ca=491, template=Q8GZP5",data\structures\alphafold\pdb\AF-Q0H7R9-F1.pdb,data\structures\heme_transplant\pdb\ENZ_G000958_heme.pdb,-1.185,-4.631,1.549
ENZ_G000959,Q0J705,alphafill_candidate,alphafold_heme_transplant,heme_transplanted,1,Q0J705-F1,ENZ_G000253,0.187,29.97,,,data\structures\alphafill\json\Q0J705-F1.json,,,0,"qc=bad, n_ca=719, template=A0A2I9DQ46",data\structures\alphafold\pdb\AF-Q0J705-F1.pdb,data\structures\heme_transplant\pdb\ENZ_G000959_heme.pdb,-3.036,17.624,-7.880
ENZ_G000960,Q0JF01,alphafill_candidate,alphafill,downloaded_with_heme,1,Q0JF01-F1,5YLW,0.274,3.13806,0.988152,0.281672,data\structures\alphafill\json\Q0JF01-F1.json,data\structures\alphafill\cif\Q0JF01-F1.cif,,0,,,,,,
ENZ_G000961,Q0JFI2,alphafill_candidate,alphafill,downloaded_with_heme,1,Q0JFI2-F1,8E83,0.352052,5.92961,5.73804,0.639901,data\structures\alphafill\json\Q0JFI2-F1.json,data\structures\alphafill\cif\Q0JFI2-F1.cif,,0,,,,,,
ENZ_G000962,Q0MT88,alphafill_candidate,alphafold_heme_transplant,heme_transplanted,1,Q0MT88-F1,ENZ_G000926,0.094,24.76,,,,,,0,"qc=bad, n_ca=213, template=P9WPN7",data\structures\alphafold\pdb\AF-Q0MT88-F1.pdb,data\structures\heme_transplant\pdb\ENZ_G000962_heme.pdb,-8.004,10.546,-8.135
ENZ_G000963,Q0PNH1,alphafill_candidate,alphafold_heme_transplant,heme_transplanted,1,Q0PNH1-F1,ENZ_G000265,0.276,10.78,,,,,,0,"qc=bad, n_ca=473, template=A0A2Z5U627",data\structures\alphafold\pdb\AF-Q0PNH1-F1.pdb,data\structures\heme_transplant\pdb\ENZ_G000963_heme.pdb,1.429,-3.439,2.490
ENZ_G000964,Q0Q5Z5,alphafill_candidate,alphafold_heme_transplant,heme_transplanted,1,Q0Q5Z5-F1,ENZ_G000890,0.789,0.48,,,,,,0,"qc=good, n_ca=505, template=P48522",data\structures\alphafold\pdb\AF-Q0Q5Z5-F1.pdb,data\structures\heme_transplant\pdb\ENZ_G000964_heme.pdb,1.840,-0.885,1.506
ENZ_G000965,Q0Q5Z7,alphafill_candidate,alphafold_heme_transplant,heme_transplanted,1,Q0Q5Z7-F1,ENZ_G000890,0.783,0.37,,,,,,0,"qc=good, n_ca=505, template=P48522",data\structures\alphafold\pdb\AF-Q0Q5Z7-F1.pdb,data\structures\heme_transplant\pdb\ENZ_G000965_heme.pdb,1.938,-1.539,1.515
ENZ_G000966,Q0QLB3,alphafill_candidate,alphafold_heme_transplant,heme_transplanted,1,Q0QLB3-F1,ENZ_G001558,0.558,2.04,,,,,,0,"qc=good, n_ca=483, template=",data\structures\alphafold\pdb\AF-Q0QLB3-F1.pdb,data\structures\heme_transplant\pdb\ENZ_G000966_heme.pdb,4.386,-1.300,4.597
ENZ_G000967,Q0S7M1,alphafill_candidate,alphafill,downloaded_with_heme,1,Q0S7M1-F1,2X5W,0.686321,1.45925,0.622145,0.177686,data\structures\alphafill\json\Q0S7M1-F1.json,data\structures\alphafill\cif\Q0S7M1-F1.cif,,0,,,,,,
ENZ_G000968,Q0SCI3,experimental_pdb,experimental_pdb,experimental_pdb,1,,,,,,,,,s1_rcsb/9G9R,0,,,,,,
ENZ_G000969,Q0UK49,alphafill_candidate,alphafill,downloaded_with_heme,1,Q0UK49-F1,4I3Q,0.318841,2.05453,1.0768,0.37141,data\structures\alphafill\json\Q0UK49-F1.json,data\structures\alphafill\cif\Q0UK49-F1.cif,,0,,,,,,
ENZ_G000970,Q0UK51,alphafill_candidate,alphafill,downloaded_with_heme,1,Q0UK51-F1,6VBY,0.27673,4.15976,4.9668,0.428226,data\structures\alphafill\json\Q0UK51-F1.json,data\structures\alphafill\cif\Q0UK51-F1.cif,,0,,,,,,
ENZ_G000971,Q0VHD5,alphafill_candidate,alphafold_heme_transplant,heme_transplanted,1,Q0VHD5-F1,ENZ_G000781,0.517,14.59,,,,,,0,"qc=bad, n_ca=483, template=P00185",data\structures\alphafold\pdb\AF-Q0VHD5-F1.pdb,data\structures\heme_transplant\pdb\ENZ_G000971_heme.pdb,-4.343,11.358,-3.194
ENZ_G000972,Q0WQ07,alphafill_candidate,alphafill,downloaded_with_heme,1,Q0WQ07-F1,8E83,0.340164,5.99653,4.48984,0.656671,data\structures\alphafill\json\Q0WQ07-F1.json,data\structures\alphafill\cif\Q0WQ07-F1.cif,,0,,,,,,
ENZ_G000973,Q0X087,pcpd_predicted,pcpd_predicted,pcpd_predicted,1,,,,,,,,,pcpd/CYP734A7.pdb,0,,,,,,
ENZ_G000974,Q12581,alphafill_candidate,alphafill,downloaded_with_heme,1,Q12581-F1,1ZOA,0.360577,5.60222,1.31747,0.215527,data\structures\alphafill\json\Q12581-F1.json,data\structures\alphafill\cif\Q12581-F1.cif,,0,,,,,,
ENZ_G000975,Q12586,alphafill_candidate,alphafill,downloaded_with_heme,1,Q12586-F1,8EWQ,0.269608,5.31861,1.14277,0.419862,data\structures\alphafill\json\Q12586-F1.json,data\structures\alphafill\cif\Q12586-F1.cif,,0,,,,,,
ENZ_G000976,Q12664,alphafill_candidate,alphafill,downloaded_with_heme,1,Q12664-F1,5FRB,0.631027,1.99903,0.808636,0.143827,data\structures\alphafill\json\Q12664-F1.json,data\structures\alphafill\cif\Q12664-F1.cif,,0,,,,,,
ENZ_G000977,Q12732,alphafill_candidate,alphafill,downloaded_with_heme,1,Q12732-F1,2Q9F,0.308756,3.69442,0.961839,0.188859,data\structures\alphafill\json\Q12732-F1.json,data\structures\alphafill\cif\Q12732-F1.cif,,0,,,,,,
ENZ_G000978,Q14T82,pcpd_predicted,pcpd_predicted,pcpd_predicted,1,,,,,,,,,pcpd/CYP76B9.pdb,0,,,,,,
ENZ_G000979,Q15FB4,alphafill_candidate,alphafill,downloaded_with_heme,1,Q15FB4-F1,7JJ1,0.315315,3.877,1.8419,0.22248,data\structures\alphafill\json\Q15FB4-F1.json,data\structures\alphafill\cif\Q15FB4-F1.cif,,0,,,,,,
ENZ_G000980,Q15FB5,alphafill_candidate,alphafill,downloaded_with_heme,1,Q15FB5-F1,4UHI,0.287879,4.80528,1.99748,0.257099,data\structures\alphafill\json\Q15FB5-F1.json,data\structures\alphafill\cif\Q15FB5-F1.cif,,0,,,,,,
ENZ_G000981,Q15FB6,alphafill_candidate,alphafill,downloaded_with_heme,1,Q15FB6-F1,5YLW,0.258721,5.20757,2.76144,0.331159,data\structures\alphafill\json\Q15FB6-F1.json,data\structures\alphafill\cif\Q15FB6-F1.cif,,0,,,,,,
ENZ_G000982,Q16647,alphafill_candidate,alphafill,downloaded_with_heme,1,Q16647-F1,3B6H,1,0.922381,0.907796,0.275522,data\structures\alphafill\json\Q16647-F1.json,data\structures\alphafill\cif\Q16647-F1.cif,,0,,,,,,
ENZ_G000983,Q16678,alphafill_candidate,alphafill,downloaded_with_heme,1,Q16678-F1,3PM0,0.969574,1.04819,0.488199,0.110422,data\structures\alphafill\json\Q16678-F1.json,data\structures\alphafill\cif\Q16678-F1.cif,,0,,,,,,
ENZ_G000984,Q16696,experimental_pdb,experimental_pdb,experimental_pdb,1,,,,,,,,,s1_rcsb/4EJI,0,,,,,,
ENZ_G000985,Q16850,pcpd_predicted,pcpd_predicted,pcpd_predicted,1,,,,,,,,,pcpd/CYP51A1.pdb,0,,,,,,
ENZ_G000986,Q1A1B0,alphafill_candidate,alphafold_heme_transplant,heme_transplanted,1,Q1A1B0-F1,ENZ_G001292,0.198,21.61,,,,,,0,"qc=bad, n_ca=461, template=Q9FXW4",data\structures\alphafold\pdb\AF-Q1A1B0-F1.pdb,data\structures\heme_transplant\pdb\ENZ_G000986_heme.pdb,3.731,-5.949,-1.294
ENZ_G000987,Q1JPY5,alphafill_candidate,alphafill,downloaded_with_heme,1,Q1JPY5-F1,3JUS,0.779775,0.72891,0.49133,0.181467,data\structures\alphafill\json\Q1JPY5-F1.json,data\structures\alphafill\cif\Q1JPY5-F1.cif,,0,,,,,,
ENZ_G000988,Q1PS23,alphafill_candidate,alphafill,downloaded_with_heme,1,Q1PS23-F1,5YLW,0.314655,3.51279,0.958143,0.185373,data\structures\alphafill\json\Q1PS23-F1.json,data\structures\alphafill\cif\Q1PS23-F1.cif,,0,,,,,,
ENZ_G000989,Q1T7C2,pcpd_predicted,pcpd_predicted,pcpd_predicted,1,,,,,,,,,pcpd/CYP710A11.pdb,0,,,,,,
ENZ_G000990,Q1ZXA1,alphafill_candidate,alphafill,downloaded_with_heme,1,Q1ZXA1-F1,5X24,0.275229,3.32643,0.273376,0.553883,data\structures\alphafill\json\Q1ZXA1-F1.json,data\structures\alphafill\cif\Q1ZXA1-F1.cif,,0,,,,,,
ENZ_G000991,Q29497,alphafill_candidate,alphafill,downloaded_with_heme,1,Q29497-F1,3RUK,0.668033,2.50822,0.262008,0.10541,data\structures\alphafill\json\Q29497-F1.json,data\structures\alphafill\cif\Q29497-F1.cif,,0,,,,,,
ENZ_G000992,Q29626,alphafill_candidate,alphafill,downloaded_with_heme,1,Q29626-F1,2IAG,0.879747,0.727563,0.472724,0.182383,data\structures\alphafill\json\Q29626-F1.json,data\structures\alphafill\cif\Q29626-F1.cif,,0,,,,,,
ENZ_G000993,Q2EMR3,alphafill_candidate,alphafold_heme_transplant,heme_transplanted,1,Q2EMR3-F1,ENZ_G001358,0.211,18.89,,,,,,0,"qc=bad, n_ca=516, template=Q9VUF8",data\structures\alphafold\pdb\AF-Q2EMR3-F1.pdb,data\structures\heme_transplant\pdb\ENZ_G000993_heme.pdb,2.598,2.692,2.550
ENZ_G000994,Q2ENF7,alphafill_candidate,alphafold_heme_transplant,heme_transplanted,1,Q2ENF7-F1,ENZ_G001146,0.338,25.57,,,,,,0,"qc=bad, n_ca=268, template=Q6WNQ9",data\structures\alphafold\pdb\AF-Q2ENF7-F1.pdb,data\structures\heme_transplant\pdb\ENZ_G000994_heme.pdb,4.469,2.296,8.334
ENZ_G000995,Q2G637,experimental_pdb,experimental_pdb,experimental_pdb,1,,,,,,,,,s1_rcsb/3OFT,0,,,,,,
ENZ_G000996,Q2G8A2,experimental_pdb,experimental_pdb,experimental_pdb,1,,,,,,,,,s1_rcsb/3NV6,0,,,,,,
ENZ_G000997,Q2GB12,experimental_pdb,experimental_pdb,experimental_pdb,1,,,,,,,,,s1_rcsb/6WGW,0,,,,,,
ENZ_G000998,Q2HEW1,alphafill_candidate,alphafill,downloaded_with_heme,1,Q2HEW1-F1,6MCW,0.3,3.13858,1.73851,0.218641,data\structures\alphafill\json\Q2HEW1-F1.json,data\structures\alphafill\cif\Q2HEW1-F1.cif,,0,,,,,,
ENZ_G000999,Q2IU02,experimental_pdb,experimental_pdb,experimental_pdb,1,,,,,,,,,s1_rcsb/9DOE,0,,,,,,
ENZ_G001000,Q2KIG5,alphafill_candidate,alphafill,downloaded_with_heme,1,Q2KIG5-F1,4D6Z,0.334653,3.53337,0.781052,0.165426,data\structures\alphafill\json\Q2KIG5-F1.json,data\structures\alphafill\cif\Q2KIG5-F1.cif,,0,,,,,,
ENZ_G001001,Q2L6S8,alphafill_candidate,alphafold_heme_transplant,heme_transplanted,1,Q2L6S8-F1,ENZ_G001075,0.251,9.66,,,,,,0,"qc=bad, n_ca=407, template=Q59831",data\structures\alphafold\pdb\AF-Q2L6S8-F1.pdb,data\structures\heme_transplant\pdb\ENZ_G001001_heme.pdb,-0.814,17.930,9.815
ENZ_G001002,Q2LA61,alphafill_candidate,alphafill,downloaded_with_heme,1,Q2LA61-F1,8E83,0.3,6.55678,0.0379005,0.758903,data\structures\alphafill\json\Q2LA61-F1.json,data\structures\alphafill\cif\Q2LA61-F1.cif,,0,,,,,,
ENZ_G001003,Q2LAL0,alphafill_candidate,alphafill,downloaded_with_heme,1,Q2LAL0-F1,5YLW,0.298578,3.83806,0.771365,0.161758,data\structures\alphafill\json\Q2LAL0-F1.json,data\structures\alphafill\cif\Q2LAL0-F1.cif,,0,,,,,,
ENZ_G001004,Q2MHE2,alphafill_candidate,alphafold_heme_transplant,heme_transplanted,1,Q2MHE2-F1,ENZ_G000592,0.132,25.24,,,,,,0,"qc=bad, n_ca=457, template=E3W9C4",data\structures\alphafold\pdb\AF-Q2MHE2-F1.pdb,data\structures\heme_transplant\pdb\ENZ_G001004_heme.pdb,5.120,-3.214,0.409
ENZ_G001005,Q2MIZ0,alphafill_candidate,alphafold_heme_transplant,heme_transplanted,1,Q2MIZ0-F1,ENZ_G000661,0.715,2.74,,,,,,0,"qc=good, n_ca=386, template=H1A982",data\structures\alphafold\pdb\AF-Q2MIZ0-F1.pdb,data\structures\heme_transplant\pdb\ENZ_G001005_heme.pdb,-1.925,-3.363,2.644
ENZ_G001006,Q2MJ08,alphafill_candidate,alphafold_heme_transplant,heme_transplanted,1,Q2MJ08-F1,ENZ_G000317,0.269,19.03,,,,,,0,"qc=bad, n_ca=513, template=A0A481NR20",data\structures\alphafold\pdb\AF-Q2MJ08-F1.pdb,data\structures\heme_transplant\pdb\ENZ_G001006_heme.pdb,3.369,0.813,1.610
ENZ_G001007,Q2MJ11,pcpd_predicted,pcpd_predicted,pcpd_predicted,1,,,,,,,,,pcpd/CYP93E2.pdb,0,,,,,,
ENZ_G001008,Q2MJ17,alphafill_candidate,alphafold_heme_transplant,heme_transplanted,1,Q2MJ17-F1,ENZ_G000662,0.952,2.27,,,,,,0,"qc=good, n_ca=483, template=H1A983",data\structures\alphafold\pdb\AF-Q2MJ17-F1.pdb,data\structures\heme_transplant\pdb\ENZ_G001008_heme.pdb,3.064,-1.460,2.613
ENZ_G001009,Q2MJ19,alphafill_candidate,alphafill,downloaded_with_heme,1,Q2MJ19-F1,2Q9F,0.289604,4.9521,0.852463,0.171033,data\structures\alphafill\json\Q2MJ19-F1.json,data\structures\alphafill\cif\Q2MJ19-F1.cif,,0,,,,,,
ENZ_G001010,Q2MJ20,alphafill_candidate,alphafill,downloaded_with_heme,1,Q2MJ20-F1,2VE3,0.364035,2.48999,3.43977,0.3867,data\structures\alphafill\json\Q2MJ20-F1.json,data\structures\alphafill\cif\Q2MJ20-F1.cif,,0,,,,,,
ENZ_G001011,Q2MJ21,pcpd_predicted,pcpd_predicted,pcpd_predicted,1,,,,,,,,,pcpd/CYP72A67.pdb,0,,,,,,
ENZ_G001012,Q2PBY6,alphafill_candidate,alphafill,downloaded_with_heme,1,Q2PBY6-F1,4Y8W,0.316092,2.44172,1.49025,0.20375,data\structures\alphafill\json\Q2PBY6-F1.json,data\structures\alphafill\cif\Q2PBY6-F1.cif,,0,,,,,,
ENZ_G001013,Q2PG45,alphafill_candidate,alphafill,downloaded_with_heme,1,Q2PG45-F1,2V0M,0.345382,3.64227,3.1587,0.694887,data\structures\alphafill\json\Q2PG45-F1.json,data\structures\alphafill\cif\Q2PG45-F1.cif,,0,,,,,,
ENZ_G001014,Q2Q093,alphafill_candidate,alphafold_heme_transplant,heme_transplanted,1,Q2Q093-F1,ENZ_G000733,0.582,7.18,,,,,,0,"qc=bad, n_ca=479, template=O22203",data\structures\alphafold\pdb\AF-Q2Q093-F1.pdb,data\structures\heme_transplant\pdb\ENZ_G001014_heme.pdb,3.906,-0.084,3.515
ENZ_G001015,Q2Q094,alphafill_candidate,alphafold_heme_transplant,heme_transplanted,1,Q2Q094-F1,ENZ_G000733,0.469,7.21,,,,,,0,"qc=bad, n_ca=479, template=O22203",data\structures\alphafold\pdb\AF-Q2Q094-F1.pdb,data\structures\heme_transplant\pdb\ENZ_G001015_heme.pdb,4.087,-3.044,2.780
ENZ_G001016,Q2QUC5,alphafill_candidate,alphafill,downloaded_with_heme,1,Q2QUC5-F1,4I8V,0.343137,1.64141,0.197163,0.782922,data\structures\alphafill\json\Q2QUC5-F1.json,data\structures\alphafill\cif\Q2QUC5-F1.cif,,0,,,,,,
ENZ_G001017,Q2UEK7,alphafill_candidate,alphafill,downloaded_with_heme,1,Q2UEK7-F1,3QZ1,0.251716,4.30074,1.3595,0.154197,data\structures\alphafill\json\Q2UEK7-F1.json,data\structures\alphafill\cif\Q2UEK7-F1.cif,,0,,,,,,
ENZ_G001018,Q2UEL1,alphafill_candidate,alphafill,downloaded_with_heme,1,Q2UEL1-F1,7UFE,0.25,3.37674,1.67642,0.36658,data\structures\alphafill\json\Q2UEL1-F1.json,data\structures\alphafill\cif\Q2UEL1-F1.cif,,0,,,,,,
ENZ_G001019,Q2UYU7,alphafill_candidate,alphafold_heme_transplant,heme_transplanted,1,Q2UYU7-F1,ENZ_G000886,0.508,7.36,,,,,,0,"qc=bad, n_ca=506, template=P48418",data\structures\alphafold\pdb\AF-Q2UYU7-F1.pdb,data\structures\heme_transplant\pdb\ENZ_G001019_heme.pdb,2.947,4.051,14.388
ENZ_G001020,Q2WE96,alphafill_candidate,alphafold_heme_transplant,heme_transplanted,1,Q2WE96-F1,ENZ_G001173,0.213,8.42,,,,,,0,"qc=bad, n_ca=472, template=Q7XYS3",data\structures\alphafold\pdb\AF-Q2WE96-F1.pdb,data\structures\heme_transplant\pdb\ENZ_G001020_heme.pdb,-12.023,-5.632,14.417
ENZ_G001021,Q2XVA1,alphafill_candidate,alphafill,downloaded_with_heme,1,Q2XVA1-F1,3RUK,0.91134,2.50959,0.210741,0.0933611,data\structures\alphafill\json\Q2XVA1-F1.json,data\structures\alphafill\cif\Q2XVA1-F1.cif,,0,,,,,,
ENZ_G001022,Q304Q4,alphafill_candidate,alphafold_heme_transplant,heme_transplanted,1,Q304Q4-F1,ENZ_G001558,0.482,5.50,,,,,,0,"qc=bad, n_ca=479, template=",data\structures\alphafold\pdb\AF-Q304Q4-F1.pdb,data\structures\heme_transplant\pdb\ENZ_G001022_heme.pdb,3.825,-2.268,4.396
ENZ_G001023,Q304Q5,alphafill_candidate,alphafold_heme_transplant,heme_transplanted,1,Q304Q5-F1,ENZ_G001558,0.440,11.21,,,,,,0,"qc=bad, n_ca=475, template=",data\structures\alphafold\pdb\AF-Q304Q5-F1.pdb,data\structures\heme_transplant\pdb\ENZ_G001023_heme.pdb,3.741,-1.018,4.378
ENZ_G001024,Q304R0,alphafill_candidate,alphafold_heme_transplant,heme_transplanted,1,Q304R0-F1,ENZ_G001558,0.594,5.07,,,,,,0,"qc=bad, n_ca=483, template=",data\structures\alphafold\pdb\AF-Q304R0-F1.pdb,data\structures\heme_transplant\pdb\ENZ_G001024_heme.pdb,4.920,-0.344,3.807
ENZ_G001025,Q336V3,alphafill_candidate,alphafill,downloaded_with_heme,1,Q336V3-F1,6L8H,0.776824,0.477592,0.185509,0.127636,data\structures\alphafill\json\Q336V3-F1.json,data\structures\alphafill\cif\Q336V3-F1.cif,,0,,,,,,
ENZ_G001026,Q33DX9,alphafill_candidate,alphafold_heme_transplant,heme_transplanted,1,Q33DX9-F1,ENZ_G000907,0.257,7.67,,,,,,0,"qc=bad, n_ca=499, template=P93147",data\structures\alphafold\pdb\AF-Q33DX9-F1.pdb,data\structures\heme_transplant\pdb\ENZ_G001026_heme.pdb,4.190,0.470,-0.161
ENZ_G001027,Q33DY0,alphafill_candidate,alphafill,downloaded_with_heme,1,Q33DY0-F1,8E83,0.306452,6.56164,0.12154,0.960187,data\structures\alphafill\json\Q33DY0-F1.json,data\structures\alphafill\cif\Q33DY0-F1.cif,,0,,,,,,
ENZ_G001028,Q385E8,experimental_pdb,experimental_pdb,experimental_pdb,1,,,,,,,,,s1_rcsb/3P99,0,,,,,,
ENZ_G001029,Q38L00,alphafill_candidate,alphafold_heme_transplant,heme_transplanted,1,Q38L00-F1,ENZ_G001558,0.568,5.45,,,,,,0,"qc=bad, n_ca=483, template=",data\structures\alphafold\pdb\AF-Q38L00-F1.pdb,data\structures\heme_transplant\pdb\ENZ_G001029_heme.pdb,4.446,-1.298,4.229
ENZ_G001030,Q38Q87,alphafill_candidate,alphafold_heme_transplant,heme_transplanted,1,Q38Q87-F1,ENZ_G000292,0.251,7.44,,,,,,0,"qc=bad, n_ca=517, template=A0A3G4RHY7",data\structures\alphafold\pdb\AF-Q38Q87-F1.pdb,data\structures\heme_transplant\pdb\ENZ_G001030_heme.pdb,15.637,0.765,-13.096
ENZ_G001031,Q39443,alphafill_candidate,alphafill,downloaded_with_heme,1,Q39443-F1,2RCM,0.41387,1.57632,0.378142,0.13972,data\structures\alphafill\json\Q39443-F1.json,data\structures\alphafill\cif\Q39443-F1.cif,,0,,,,,,
ENZ_G001032,Q3C211,alphafill_candidate,alphafold_heme_transplant,heme_transplanted,1,Q3C211-F1,ENZ_G001338,0.541,9.24,,,,,,0,"qc=bad, n_ca=509, template=Q9SBQ9",data\structures\alphafold\pdb\AF-Q3C211-F1.pdb,data\structures\heme_transplant\pdb\ENZ_G001032_heme.pdb,4.672,-2.443,3.650
ENZ_G001033,Q3L2Q3,alphafill_candidate,alphafold_heme_transplant,heme_transplanted,1,Q3L2Q3-F1,ENZ_G001038,0.642,2.94,,,,,,0,"qc=good, n_ca=505, template=Q42797",data\structures\alphafold\pdb\AF-Q3L2Q3-F1.pdb,data\structures\heme_transplant\pdb\ENZ_G001033_heme.pdb,9.148,7.492,-2.923
ENZ_G001034,Q3LFR2,alphafill_candidate,alphafold_heme_transplant,heme_transplanted,1,Q3LFR2-F1,ENZ_G001358,0.217,19.20,,,,,,0,"qc=bad, n_ca=516, template=Q9VUF8",data\structures\alphafold\pdb\AF-Q3LFR2-F1.pdb,data\structures\heme_transplant\pdb\ENZ_G001034_heme.pdb,2.025,3.492,3.724
ENZ_G001035,Q40778,experimental_pdb,experimental_pdb,experimental_pdb,1,,,,,,,,,s1_rcsb/3DBM,0,,,,,,
ENZ_G001036,Q42569,alphafill_candidate,alphafill,downloaded_with_heme,1,Q42569-F1,6A17,0.427885,2.60295,0.577067,0.284486,data\structures\alphafill\json\Q42569-F1.json,data\structures\alphafill\cif\Q42569-F1.cif,,0,,,,,,
ENZ_G001037,Q42600,pcpd_predicted,pcpd_predicted,pcpd_predicted,1,,,,,,,,,pcpd/CYP84A1.pdb,0,,,,,,
ENZ_G001038,Q42797,alphafill_candidate,alphafill,downloaded_with_heme,1,Q42797-F1,6VBY,0.730932,1.10911,0.239422,0.127484,data\structures\alphafill\json\Q42797-F1.json,data\structures\alphafill\cif\Q42797-F1.cif,,0,,,,,,
ENZ_G001039,Q42798,pcpd_predicted,pcpd_predicted,pcpd_predicted,1,,,,,,,,,pcpd/CYP93A1.pdb,0,,,,,,
ENZ_G001040,Q43135,pcpd_predicted,pcpd_predicted,pcpd_predicted,1,,,,,,,,,pcpd/CYP79A1.pdb,0,,,,,,
ENZ_G001041,Q43147,alphafill_candidate,alphafill,downloaded_with_heme,1,Q43147-F1,6A17,0.361798,2.59619,0.645647,0.241441,data\structures\alphafill\json\Q43147-F1.json,data\structures\alphafill\cif\Q43147-F1.cif,,0,,,,,,
ENZ_G001042,Q43250,alphafill_candidate,alphafill,downloaded_with_heme,1,Q43250-F1,5YLW,0.301426,3.42776,0.784869,0.191647,data\structures\alphafill\json\Q43250-F1.json,data\structures\alphafill\cif\Q43250-F1.cif,,0,,,,,,
ENZ_G001043,Q43255,pcpd_predicted,pcpd_predicted,pcpd_predicted,1,,,,,,,,,pcpd/CYP71C2.pdb,0,,,,,,
ENZ_G001044,Q43257,pcpd_predicted,pcpd_predicted,pcpd_predicted,1,,,,,,,,,pcpd/CYP71C4.pdb,0,,,,,,
ENZ_G001045,Q47KL3,alphafill_candidate,alphafold_heme_transplant,heme_transplanted,1,Q47KL3-F1,ENZ_G001532,0.172,21.49,,,,,,0,"qc=bad, n_ca=367, template=",data\structures\alphafold\pdb\AF-Q47KL3-F1.pdb,data\structures\heme_transplant\pdb\ENZ_G001045_heme.pdb,-2.618,-1.160,3.330
ENZ_G001046,Q4G0S4,alphafill_candidate,alphafill,downloaded_with_heme,1,Q4G0S4-F1,3K9V,0.319829,2.89412,0.653493,0.114085,data\structures\alphafill\json\Q4G0S4-F1.json,data\structures\alphafill\cif\Q4G0S4-F1.cif,,0,,,,,,
ENZ_G001047,Q4PJW3,alphafill_candidate,alphafill,downloaded_with_heme,1,Q4PJW3-F1,3JUS,0.922049,0.527661,0.296617,0.152261,data\structures\alphafill\json\Q4PJW3-F1.json,data\structures\alphafill\cif\Q4PJW3-F1.cif,,0,,,,,,
ENZ_G001048,Q4TVP4,alphafill_candidate,alphafold_heme_transplant,heme_transplanted,1,Q4TVP4-F1,ENZ_G000304,0.038,10.75,,,,,,0,"qc=bad, n_ca=60, template=A0A3Q9FEJ4",data\structures\alphafold\pdb\AF-Q4TVP4-F1.pdb,data\structures\heme_transplant\pdb\ENZ_G001048_heme.pdb,4.930,23.251,24.264
ENZ_G001049,Q4WAW5,alphafill_candidate,alphafill,downloaded_with_heme,1,Q4WAW5-F1,5VCD,0.306533,3.28473,1.52443,0.255069,data\structures\alphafill\json\Q4WAW5-F1.json,data\structures\alphafill\cif\Q4WAW5-F1.cif,,0,,,,,,
ENZ_G001050,Q4WAW8,alphafill_candidate,alphafill,downloaded_with_heme,1,Q4WAW8-F1,3C6G,0.348624,2.51832,1.44116,0.730353,data\structures\alphafill\json\Q4WAW8-F1.json,data\structures\alphafill\cif\Q4WAW8-F1.cif,,0,,,,,,
ENZ_G001051,Q4WAX0,alphafill_candidate,alphafill,downloaded_with_heme,1,Q4WAX0-F1,3K9V,0.283262,6.06418,2.53557,0.225092,data\structures\alphafill\json\Q4WAX0-F1.json,data\structures\alphafill\cif\Q4WAX0-F1.cif,,0,,,,,,
ENZ_G001052,Q4WAZ6,alphafill_candidate,alphafill,downloaded_with_heme,1,Q4WAZ6-F1,2P85,0.276119,3.9112,1.71877,0.786098,data\structures\alphafill\json\Q4WAZ6-F1.json,data\structures\alphafill\cif\Q4WAZ6-F1.cif,,0,,,,,,
ENZ_G001053,Q4WM67,alphafill_candidate,alphafold_heme_transplant,heme_transplanted,1,Q4WM67-F1,ENZ_G000727,0.171,31.79,,,data\structures\alphafill\json\Q4WM67-F1.json,,,0,"qc=bad, n_ca=695, template=O08336",data\structures\alphafold\pdb\AF-Q4WM67-F1.pdb,data\structures\heme_transplant\pdb\ENZ_G001053_heme.pdb,0.902,-6.201,-7.732
ENZ_G001054,Q4WNT5,alphafill_candidate,alphafill,downloaded_with_heme,1,Q4WNT5-F1,4UYL,0.649049,1.4068,0.368991,0.135047,data\structures\alphafill\json\Q4WNT5-F1.json,data\structures\alphafill\cif\Q4WNT5-F1.cif,,0,,,,,,
ENZ_G001055,Q4WZ65,alphafill_candidate,alphafill,downloaded_with_heme,1,Q4WZ65-F1,5NWS,0.298343,10.1742,7.64701,0.812453,data\structures\alphafill\json\Q4WZ65-F1.json,data\structures\alphafill\cif\Q4WZ65-F1.cif,,0,,,,,,
ENZ_G001056,Q501D8,alphafill_candidate,alphafill,downloaded_with_heme,1,Q501D8-F1,5YLW,0.278867,3.44107,1.40276,0.324039,data\structures\alphafill\json\Q501D8-F1.json,data\structures\alphafill\cif\Q501D8-F1.cif,,0,,,,,,
ENZ_G001057,Q50EK6,alphafill_candidate,alphafill,downloaded_with_heme,1,Q50EK6-F1,6A17,0.380952,2.36065,1.2216,0.224367,data\structures\alphafill\json\Q50EK6-F1.json,data\structures\alphafill\cif\Q50EK6-F1.cif,,0,,,,,,
ENZ_G001058,Q50LE0,pcpd_predicted,pcpd_predicted,pcpd_predicted,1,,,,,,,,,pcpd/CYP85A3.pdb,0,,,,,,
ENZ_G001059,Q50LH3,alphafill_candidate,alphafill,downloaded_with_heme,1,Q50LH3-F1,2NNH,0.327103,1.92433,2.30595,0.675497,data\structures\alphafill\json\Q50LH3-F1.json,data\structures\alphafill\cif\Q50LH3-F1.cif,,0,,,,,,
ENZ_G001060,Q50LH4,alphafill_candidate,alphafill,downloaded_with_heme,1,Q50LH4-F1,4I8V,0.266811,3.88863,0.907597,0.201582,data\structures\alphafill\json\Q50LH4-F1.json,data\structures\alphafill\cif\Q50LH4-F1.cif,,0,,,,,,
ENZ_G001061,Q52TE7,alphafill_candidate,alphafill,downloaded_with_heme,1,Q52TE7-F1,6KBH,0.717647,5.72656,0.414882,0.122518,data\structures\alphafill\json\Q52TE7-F1.json,data\structures\alphafill\cif\Q52TE7-F1.cif,,0,,,,,,
ENZ_G001062,Q52YL8,alphafill_candidate,alphafold_heme_transplant,heme_transplanted,1,Q52YL8-F1,ENZ_G000886,0.432,8.70,,,,,,0,"qc=bad, n_ca=502, template=P48418",data\structures\alphafold\pdb\AF-Q52YL8-F1.pdb,data\structures\heme_transplant\pdb\ENZ_G001062_heme.pdb,-0.174,5.945,13.618
ENZ_G001063,Q56RZ1,alphafill_candidate,alphafill,downloaded_with_heme,1,Q56RZ1-F1,8EOH,0.272727,5.28985,2.2279,0.190416,data\structures\alphafill\json\Q56RZ1-F1.json,data\structures\alphafill\cif\Q56RZ1-F1.cif,,0,,,,,,
ENZ_G001064,Q56VS2,alphafill_candidate,alphafold_heme_transplant,heme_transplanted,1,Q56VS2-F1,ENZ_G000975,0.165,27.95,,,,,,0,"qc=bad, n_ca=521, template=Q12586",data\structures\alphafold\pdb\AF-Q56VS2-F1.pdb,data\structures\heme_transplant\pdb\ENZ_G001064_heme.pdb,8.671,6.596,0.638
ENZ_G001065,Q57ZC7,alphafill_candidate,alphafold_heme_transplant,heme_transplanted,1,Q57ZC7-F1,ENZ_G001088,0.093,23.84,,,data\structures\alphafill\json\Q57ZC7-F1.json,,,0,"qc=bad, n_ca=298, template=Q5MNI1",data\structures\alphafold\pdb\AF-Q57ZC7-F1.pdb,data\structures\heme_transplant\pdb\ENZ_G001065_heme.pdb,-8.295,4.491,-11.364
ENZ_G001066,Q58A29,pcpd_predicted,pcpd_predicted,pcpd_predicted,1,,,,,,,,,pcpd/CYP71C8.pdb,0,,,,,,
ENZ_G001067,Q58A30,alphafill_candidate,alphafold_heme_transplant,heme_transplanted,1,Q58A30-F1,ENZ_G001042,0.576,6.71,,,,,,0,"qc=bad, n_ca=528, template=Q43250",data\structures\alphafold\pdb\AF-Q58A30-F1.pdb,data\structures\heme_transplant\pdb\ENZ_G001067_heme.pdb,-6.540,4.346,-1.372
ENZ_G001068,Q58A31,alphafill_candidate,alphafold_heme_transplant,heme_transplanted,1,Q58A31-F1,ENZ_G001042,0.568,5.98,,,,,,0,"qc=bad, n_ca=528, template=Q43250",data\structures\alphafold\pdb\AF-Q58A31-F1.pdb,data\structures\heme_transplant\pdb\ENZ_G001068_heme.pdb,-6.597,4.876,-1.897
ENZ_G001069,Q58A32,alphafill_candidate,alphafold_heme_transplant,heme_transplanted,1,Q58A32-F1,ENZ_G001070,0.885,2.04,,,,,,0,"qc=good, n_ca=476, template=Q58A33",data\structures\alphafold\pdb\AF-Q58A32-F1.pdb,data\structures\heme_transplant\pdb\ENZ_G001069_heme.pdb,4.961,0.038,2.899
ENZ_G001070,Q58A33,pcpd_predicted,pcpd_predicted,pcpd_predicted,1,,,,,,,,,pcpd/CYP71C7.pdb,0,,,,,,
ENZ_G001071,Q59079,alphafill_candidate,alphafold_heme_transplant,heme_transplanted,1,Q59079-F1,ENZ_G000854,0.390,7.14,,,,,,0,"qc=bad, n_ca=398, template=P18327",data\structures\alphafold\pdb\AF-Q59079-F1.pdb,data\structures\heme_transplant\pdb\ENZ_G001071_heme.pdb,-2.164,1.249,-2.450
ENZ_G001072,Q59523,experimental_pdb,experimental_pdb,experimental_pdb,1,,,,,,,,,s1_rcsb/2Y5N,0,,,,,,
ENZ_G001073,Q59723,alphafill_candidate,alphafill,downloaded_with_heme,1,Q59723-F1,3RWL,0.336761,2.9927,0.589946,0.140885,data\structures\alphafill\json\Q59723-F1.json,data\structures\alphafill\cif\Q59723-F1.cif,,0,,,,,,
ENZ_G001074,Q59819,experimental_pdb,experimental_pdb,experimental_pdb,1,,,,,,,,,s1_rcsb/6ZI3,0,,,,,,
ENZ_G001075,Q59831,alphafill_candidate,alphafill,downloaded_with_heme,1,Q59831-F1,2ZBX,0.769042,1.28738,0.258327,0.155135,data\structures\alphafill\json\Q59831-F1.json,data\structures\alphafill\cif\Q59831-F1.cif,,0,,,,,,
ENZ_G001076,Q59971,alphafill_candidate,alphafill,downloaded_with_heme,1,Q59971-F1,5NWS,0.384615,5.29256,2.77457,0.699435,data\structures\alphafill\json\Q59971-F1.json,data\structures\alphafill\cif\Q59971-F1.cif,,0,,,,,,
ENZ_G001077,Q59990,experimental_pdb,experimental_pdb,experimental_pdb,1,,,,,,,,,s1_rcsb/2VE3,0,,,,,,
ENZ_G001078,Q59HJ0,alphafill_candidate,alphafold_heme_transplant,heme_transplanted,1,Q59HJ0-F1,ENZ_G001075,0.215,12.58,,,,,,0,"qc=bad, n_ca=403, template=Q59831",data\structures\alphafold\pdb\AF-Q59HJ0-F1.pdb,data\structures\heme_transplant\pdb\ENZ_G001078_heme.pdb,16.703,12.449,-5.270
ENZ_G001079,Q59I68,alphafill_candidate,alphafold_heme_transplant,heme_transplanted,1,Q59I68-F1,ENZ_G001338,0.411,15.75,,,,,,0,"qc=bad, n_ca=512, template=Q9SBQ9",data\structures\alphafold\pdb\AF-Q59I68-F1.pdb,data\structures\heme_transplant\pdb\ENZ_G001079_heme.pdb,5.319,0.214,0.453
ENZ_G001080,Q5AUZ9,alphafill_candidate,alphafill,downloaded_with_heme,1,Q5AUZ9-F1,8GK3,0.30303,2.9091,1.76366,0.237976,data\structures\alphafill\json\Q5AUZ9-F1.json,data\structures\alphafill\cif\Q5AUZ9-F1.cif,,0,,,,,,
ENZ_G001081,Q5CCK3,pcpd_predicted,pcpd_predicted,pcpd_predicted,1,,,,,,,,,pcpd/CYP90B2.pdb,0,,,,,,
ENZ_G001082,Q5EWY2,alphafill_candidate,alphafold_heme_transplant,heme_transplanted,1,Q5EWY2-F1,ENZ_G000880,0.743,4.33,,,,,,0,"qc=warn, n_ca=509, template=P37120",data\structures\alphafold\pdb\AF-Q5EWY2-F1.pdb,data\structures\heme_transplant\pdb\ENZ_G001082_heme.pdb,6.543,2.536,-17.397
ENZ_G001083,Q5F4D9,alphafill_candidate,alphafold_heme_transplant,heme_transplanted,1,Q5F4D9-F1,ENZ_G001073,0.141,16.41,,,,,,0,"qc=bad, n_ca=406, template=Q59723",data\structures\alphafold\pdb\AF-Q5F4D9-F1.pdb,data\structures\heme_transplant\pdb\ENZ_G001083_heme.pdb,17.493,7.010,-3.705
ENZ_G001084,Q5ILH2,alphafill_candidate,alphafold_heme_transplant,heme_transplanted,1,Q5ILH2-F1,ENZ_G000882,0.412,12.86,,,,,,0,"qc=bad, n_ca=504, template=P46634",data\structures\alphafold\pdb\AF-Q5ILH2-F1.pdb,data\structures\heme_transplant\pdb\ENZ_G001084_heme.pdb,4.311,1.609,2.100
ENZ_G001085,Q5J1R4,alphafill_candidate,alphafill,alphafill_not_found,0,Q5J1R4-F1,,,,,,,,,0,All 5 templates failed,data\structures\alphafold\pdb\AF-Q5J1R4-F1.pdb,,,,
ENZ_G001086,Q5KQH7,alphafill_candidate,alphafill,downloaded_with_heme,1,Q5KQH7-F1,6C93,0.290043,3.26298,0.689345,0.268796,data\structures\alphafill\json\Q5KQH7-F1.json,data\structures\alphafill\cif\Q5KQH7-F1.cif,,0,,,,,,
ENZ_G001087,Q5KQT6,alphafill_candidate,alphafill,downloaded_with_heme,1,Q5KQT6-F1,2HI4,0.784017,0.705607,0.240525,0.132241,data\structures\alphafill\json\Q5KQT6-F1.json,data\structures\alphafill\cif\Q5KQT6-F1.cif,,0,,,,,,
ENZ_G001088,Q5MNI1,alphafill_candidate,alphafill,downloaded_with_heme,1,Q5MNI1-F1,7X2Q,0.273504,4.99178,3.15071,0.370194,data\structures\alphafill\json\Q5MNI1-F1.json,data\structures\alphafill\cif\Q5MNI1-F1.cif,,0,,,,,,
ENZ_G001089,Q5NDE2,alphafill_candidate,alphafold_heme_transplant,heme_transplanted,1,Q5NDE2-F1,ENZ_G001199,0.852,6.44,,,,,,0,"qc=bad, n_ca=491, template=Q8GZP5",data\structures\alphafold\pdb\AF-Q5NDE2-F1.pdb,data\structures\heme_transplant\pdb\ENZ_G001089_heme.pdb,-1.108,-4.395,1.785
ENZ_G001090,Q5QIS6,alphafill_candidate,alphafold_heme_transplant,heme_transplanted,1,Q5QIS6-F1,ENZ_G001066,0.871,3.99,,,,,,0,"qc=warn, n_ca=475, template=Q58A29",data\structures\alphafold\pdb\AF-Q5QIS6-F1.pdb,data\structures\heme_transplant\pdb\ENZ_G001090_heme.pdb,5.072,0.077,1.027
ENZ_G001091,Q5QIS7,alphafill_candidate,alphafold_heme_transplant,heme_transplanted,1,Q5QIS7-F1,ENZ_G001042,0.554,6.82,,,,,,0,"qc=bad, n_ca=528, template=Q43250",data\structures\alphafold\pdb\AF-Q5QIS7-F1.pdb,data\structures\heme_transplant\pdb\ENZ_G001091_heme.pdb,5.417,-5.183,2.628
ENZ_G001092,Q5QIS9,alphafill_candidate,alphafold_heme_transplant,heme_transplanted,1,Q5QIS9-F1,ENZ_G001044,0.582,16.70,,,,,,0,"qc=bad, n_ca=460, template=Q43257",data\structures\alphafold\pdb\AF-Q5QIS9-F1.pdb,data\structures\heme_transplant\pdb\ENZ_G001092_heme.pdb,3.099,2.703,3.751
ENZ_G001093,Q5RBQ1,alphafill_candidate,alphafill,downloaded_with_heme,1,Q5RBQ1-F1,2HI4,0.936605,0.53429,0.213378,0.140338,data\structures\alphafill\json\Q5RBQ1-F1.json,data\structures\alphafill\cif\Q5RBQ1-F1.cif,,0,,,,,,
ENZ_G001094,Q5TCH4,alphafill_candidate,alphafill,downloaded_with_heme,1,Q5TCH4-F1,5T6Q,0.530271,1.91271,0.406114,0.254229,data\structures\alphafill\json\Q5TCH4-F1.json,data\structures\alphafill\cif\Q5TCH4-F1.cif,,0,,,,,,
ENZ_G001095,Q5VJ86,alphafill_candidate,alphafold_heme_transplant,heme_transplanted,1,Q5VJ86-F1,ENZ_G000975,0.211,7.38,,,,,,0,"qc=bad, n_ca=521, template=Q12586",data\structures\alphafold\pdb\AF-Q5VJ86-F1.pdb,data\structures\heme_transplant\pdb\ENZ_G001095_heme.pdb,-1.538,6.607,-3.139
ENZ_G001096,Q5VRI5,pcpd_predicted,pcpd_predicted,pcpd_predicted,1,,,,,,,,,pcpd/CYP93G2.pdb,0,,,,,,
ENZ_G001097,Q5W1K7,alphafill_candidate,alphafold_heme_transplant,heme_transplanted,1,Q5W1K7-F1,ENZ_G000653,0.143,14.51,,,,,,0,"qc=bad, n_ca=447, template=G7JZW6",data\structures\alphafold\pdb\AF-Q5W1K7-F1.pdb,data\structures\heme_transplant\pdb\ENZ_G001097_heme.pdb,3.856,-3.632,6.584
ENZ_G001098,Q5YNS8,experimental_pdb,experimental_pdb,experimental_pdb,1,,,,,,,,,s1_rcsb/4J6C,0,,,,,,
ENZ_G001099,Q5YXF1,alphafill_candidate,alphafold_heme_transplant,heme_transplanted,1,Q5YXF1-F1,ENZ_G001532,0.206,9.59,,,,,,0,"qc=bad, n_ca=406, template=",data\structures\alphafold\pdb\AF-Q5YXF1-F1.pdb,data\structures\heme_transplant\pdb\ENZ_G001099_heme.pdb,5.943,-3.054,0.264
ENZ_G001100,Q5Z5R4,alphafill_candidate,alphafill,downloaded_with_heme,1,Q5Z5R4-F1,5YLW,0.325,3.84186,0.253402,0.35435,data\structures\alphafill\json\Q5Z5R4-F1.json,data\structures\alphafill\cif\Q5Z5R4-F1.cif,,0,,,,,,
ENZ_G001101,Q5Z6A5,alphafill_candidate,alphafill,downloaded_with_heme,1,Q5Z6A5-F1,7X2Q,0.326316,2.30485,1.18111,0.780623,data\structures\alphafill\json\Q5Z6A5-F1.json,data\structures\alphafill\cif\Q5Z6A5-F1.cif,,0,,,,,,
ENZ_G001102,Q603T8,experimental_pdb,experimental_pdb,experimental_pdb,1,,,,,,,,,s1_rcsb/6MCW,0,,,,,,
ENZ_G001103,Q60991,alphafill_candidate,alphafill,downloaded_with_heme,1,Q60991-F1,3SN5,0.379958,2.00655,0.765445,0.211416,data\structures\alphafill\json\Q60991-F1.json,data\structures\alphafill\cif\Q60991-F1.cif,,0,,,,,,
ENZ_G001104,Q62969,alphafill_candidate,alphafill,downloaded_with_heme,1,Q62969-F1,2IAG,0.839323,0.858984,0.476234,0.183859,data\structures\alphafill\json\Q62969-F1.json,data\structures\alphafill\cif\Q62969-F1.cif,,0,,,,,,
ENZ_G001105,Q63688,alphafill_candidate,alphafill,downloaded_with_heme,1,Q63688-F1,3SN5,0.342043,1.85216,0.740856,0.147234,data\structures\alphafill\json\Q63688-F1.json,data\structures\alphafill\cif\Q63688-F1.cif,,0,,,,,,
ENZ_G001106,Q64148,alphafill_candidate,alphafill,downloaded_with_heme,1,Q64148-F1,3TJS,0.623188,1.27314,0.588014,0.13696,data\structures\alphafill\json\Q64148-F1.json,data\structures\alphafill\cif\Q64148-F1.cif,,0,,,,,,
ENZ_G001107,Q64410,alphafill_candidate,alphafill,downloaded_with_heme,1,Q64410-F1,3RUK,0.686598,2.58864,0.294582,0.10514,data\structures\alphafill\json\Q64410-F1.json,data\structures\alphafill\cif\Q64410-F1.cif,,0,,,,,,
ENZ_G001108,Q64429,alphafill_candidate,alphafill,downloaded_with_heme,1,Q64429-F1,3PM0,0.781443,1.20269,0.49673,0.159643,data\structures\alphafill\json\Q64429-F1.json,data\structures\alphafill\cif\Q64429-F1.cif,,0,,,,,,
ENZ_G001109,Q64441,alphafill_candidate,alphafill,downloaded_with_heme,1,Q64441-F1,3K9V,0.949896,0.618845,0.20927,0.137418,data\structures\alphafill\json\Q64441-F1.json,data\structures\alphafill\cif\Q64441-F1.cif,,0,,,,,,
ENZ_G001110,Q64458,alphafill_candidate,alphafill,downloaded_with_heme,1,Q64458-F1,1R9O,0.702128,2.47393,0.504506,0.116991,data\structures\alphafill\json\Q64458-F1.json,data\structures\alphafill\cif\Q64458-F1.cif,,0,,,,,,
ENZ_G001111,Q64462,alphafill_candidate,alphafill,downloaded_with_heme,1,Q64462-F1,5T6Q,0.889831,1.23402,0.163309,0.19868,data\structures\alphafill\json\Q64462-F1.json,data\structures\alphafill\cif\Q64462-F1.cif,,0,,,,,,
ENZ_G001112,Q64562,alphafill_candidate,alphafill,downloaded_with_heme,1,Q64562-F1,3QZ1,0.716702,1.93615,0.892007,0.122407,data\structures\alphafill\json\Q64562-F1.json,data\structures\alphafill\cif\Q64562-F1.cif,,0,,,,,,
ENZ_G001113,Q64654,alphafill_candidate,alphafill,downloaded_with_heme,1,Q64654-F1,3JUS,0.895323,0.668233,0.496829,0.173348,data\structures\alphafill\json\Q64654-F1.json,data\structures\alphafill\cif\Q64654-F1.cif,,0,,,,,,
ENZ_G001114,Q64678,alphafill_candidate,alphafill,downloaded_with_heme,1,Q64678-F1,3PM0,0.795876,1.33175,0.491386,0.197343,data\structures\alphafill\json\Q64678-F1.json,data\structures\alphafill\cif\Q64678-F1.cif,,0,,,,,,
ENZ_G001115,Q653S9,alphafill_candidate,alphafold_heme_transplant,heme_transplanted,1,Q653S9-F1,ENZ_G000253,0.177,28.88,,,data\structures\alphafill\json\Q653S9-F1.json,,,0,"qc=bad, n_ca=714, template=A0A2I9DQ46",data\structures\alphafold\pdb\AF-Q653S9-F1.pdb,data\structures\heme_transplant\pdb\ENZ_G001115_heme.pdb,-2.094,13.937,-8.789
ENZ_G001116,Q65A64,alphafill_candidate,alphafold_heme_transplant,heme_transplanted,1,Q65A64-F1,ENZ_G000425,0.126,13.04,,,,,,0,"qc=bad, n_ca=420, template=A0R4Y3",data\structures\alphafold\pdb\AF-Q65A64-F1.pdb,data\structures\heme_transplant\pdb\ENZ_G001116_heme.pdb,5.792,-2.687,1.042
ENZ_G001117,Q673E9,alphafill_candidate,alphafold_heme_transplant,heme_transplanted,1,Q673E9-F1,ENZ_G001334,0.623,7.22,,,,,,0,"qc=bad, n_ca=449, template=Q9SAA9",data\structures\alphafold\pdb\AF-Q673E9-F1.pdb,data\structures\heme_transplant\pdb\ENZ_G001117_heme.pdb,2.650,1.098,1.287
ENZ_G001118,Q69X58,alphafill_candidate,alphafill,downloaded_with_heme,1,Q69X58-F1,7X2Q,0.374408,2.09573,0.859591,0.262699,data\structures\alphafill\json\Q69X58-F1.json,data\structures\alphafill\cif\Q69X58-F1.cif,,0,,,,,,
ENZ_G001119,Q6DV71,alphafill_candidate,alphafold_heme_transplant,heme_transplanted,1,Q6DV71-F1,ENZ_G001009,0.177,8.87,,,,,,0,"qc=bad, n_ca=514, template=Q2MJ19",data\structures\alphafold\pdb\AF-Q6DV71-F1.pdb,data\structures\heme_transplant\pdb\ENZ_G001119_heme.pdb,0.766,12.425,8.133
ENZ_G001120,Q6F4F5,alphafill_candidate,alphafill,downloaded_with_heme,1,Q6F4F5-F1,6A17,0.45618,2.25028,0.461986,0.212592,data\structures\alphafill\json\Q6F4F5-F1.json,data\structures\alphafill\cif\Q6F4F5-F1.cif,,0,,,,,,
ENZ_G001121,Q6F5E4,alphafill_candidate,alphafill,downloaded_with_heme,1,Q6F5E4-F1,6UNK,0.27439,3.31577,1.54656,0.303683,data\structures\alphafill\json\Q6F5E4-F1.json,data\structures\alphafill\cif\Q6F5E4-F1.cif,,0,,,,,,
ENZ_G001122,Q6IV13,alphafill_candidate,alphafill,downloaded_with_heme,1,Q6IV13-F1,8E83,0.313853,6.17207,4.3914,0.634358,data\structures\alphafill\json\Q6IV13-F1.json,data\structures\alphafill\cif\Q6IV13-F1.cif,,0,,,,,,
ENZ_G001123,Q6IV46,alphafill_candidate,alphafold_heme_transplant,heme_transplanted,1,Q6IV46-F1,ENZ_G000890,0.782,0.36,,,,,,0,"qc=good, n_ca=505, template=P48522",data\structures\alphafold\pdb\AF-Q6IV46-F1.pdb,data\structures\heme_transplant\pdb\ENZ_G001123_heme.pdb,1.910,-1.766,1.463
ENZ_G001124,Q6J540,alphafill_candidate,alphafill,downloaded_with_heme,1,Q6J540-F1,4JLT,0.320388,2.96675,1.6043,0.851545,data\structures\alphafill\json\Q6J540-F1.json,data\structures\alphafill\cif\Q6J540-F1.cif,,0,,,,,,
ENZ_G001125,Q6J541,alphafill_candidate,alphafill,downloaded_with_heme,1,Q6J541-F1,4JLT,0.320388,2.94032,1.60397,0.874144,data\structures\alphafill\json\Q6J541-F1.json,data\structures\alphafill\cif\Q6J541-F1.cif,,0,,,,,,
ENZ_G001126,Q6JD68,alphafill_candidate,alphafill,downloaded_with_heme,1,Q6JD68-F1,6A17,0.319512,2.65334,0.99345,0.342572,data\structures\alphafill\json\Q6JD68-F1.json,data\structures\alphafill\cif\Q6JD68-F1.cif,,0,,,,,,
ENZ_G001127,Q6JTJ0,alphafill_candidate,alphafill,downloaded_with_heme,1,Q6JTJ0-F1,2VE3,0.310513,2.98079,0.754979,0.275465,data\structures\alphafill\json\Q6JTJ0-F1.json,data\structures\alphafill\cif\Q6JTJ0-F1.cif,,0,,,,,,
ENZ_G001128,Q6LEN2,alphafill_candidate,alphafold_heme_transplant,heme_transplanted,1,Q6LEN2-F1,ENZ_G000982,0.993,0.97,,,,,,0,"qc=good, n_ca=500, template=Q16647",data\structures\alphafold\pdb\AF-Q6LEN2-F1.pdb,data\structures\heme_transplant\pdb\ENZ_G001128_heme.pdb,9.332,-7.944,4.893
ENZ_G001129,Q6N8N2,experimental_pdb,experimental_pdb,experimental_pdb,1,,,,,,,,,s1_rcsb/4DNJ,0,,,,,,
ENZ_G001130,Q6NKZ8,alphafill_candidate,alphafill,downloaded_with_heme,1,Q6NKZ8-F1,6C93,0.278061,4.53253,0.687985,0.236054,data\structures\alphafill\json\Q6NKZ8-F1.json,data\structures\alphafill\cif\Q6NKZ8-F1.cif,,0,,,,,,
ENZ_G001131,Q6NT55,alphafill_candidate,alphafill,downloaded_with_heme,1,Q6NT55-F1,5T6Q,0.413361,2.52264,0.478237,0.232117,data\structures\alphafill\json\Q6NT55-F1.json,data\structures\alphafill\cif\Q6NT55-F1.cif,,0,,,,,,
ENZ_G001132,Q6QHJ9,alphafill_candidate,alphafold_heme_transplant,heme_transplanted,1,Q6QHJ9-F1,ENZ_G000322,0.413,5.92,,,,,,0,"qc=bad, n_ca=477, template=A0A4D6Q415",data\structures\alphafold\pdb\AF-Q6QHJ9-F1.pdb,data\structures\heme_transplant\pdb\ENZ_G001132_heme.pdb,4.726,-2.379,2.188
ENZ_G001133,Q6QNI4,alphafill_candidate,alphafill,downloaded_with_heme,1,Q6QNI4-F1,5YLW,0.325431,2.54173,0.904146,0.18586,data\structures\alphafill\json\Q6QNI4-F1.json,data\structures\alphafill\cif\Q6QNI4-F1.cif,,0,,,,,,
ENZ_G001134,Q6R7M4,alphafill_candidate,alphafill,downloaded_with_heme,1,Q6R7M4-F1,3R1B,0.363095,4.20699,0.497086,0.840408,data\structures\alphafill\json\Q6R7M4-F1.json,data\structures\alphafill\cif\Q6R7M4-F1.cif,,0,,,,,,
ENZ_G001135,Q6RET3,alphafill_candidate,alphafill,downloaded_with_heme,1,Q6RET3-F1,2Z36,0.367188,5.00123,4.55072,0.783036,data\structures\alphafill\json\Q6RET3-F1.json,data\structures\alphafill\cif\Q6RET3-F1.cif,,0,,,,,,
ENZ_G001136,Q6RX91,alphafill_candidate,alphafold_heme_transplant,heme_transplanted,1,Q6RX91-F1,ENZ_G000545,0.151,21.15,,,,,,0,"qc=bad, n_ca=497, template=C8V0D4",data\structures\alphafold\pdb\AF-Q6RX91-F1.pdb,data\structures\heme_transplant\pdb\ENZ_G001136_heme.pdb,4.474,2.614,0.115
ENZ_G001137,Q6TBX7,alphafill_candidate,alphafill,downloaded_with_heme,1,Q6TBX7-F1,6L8H,0.965665,0.329899,0.218836,0.132622,data\structures\alphafill\json\Q6TBX7-F1.json,data\structures\alphafill\cif\Q6TBX7-F1.cif,,0,,,,,,
ENZ_G001138,Q6UEH4,alphafill_candidate,alphafill,downloaded_with_heme,1,Q6UEH4-F1,6C93,0.274194,6.58141,9.56769,0.707524,data\structures\alphafill\json\Q6UEH4-F1.json,data\structures\alphafill\cif\Q6UEH4-F1.cif,,0,,,,,,
ENZ_G001139,Q6UQ67,alphafill_candidate,alphafill,downloaded_with_heme,1,Q6UQ67-F1,5YLW,0.307692,3.64901,1.10802,0.779591,data\structures\alphafill\json\Q6UQ67-F1.json,data\structures\alphafill\cif\Q6UQ67-F1.cif,,0,,,,,,
ENZ_G001140,Q6V0L0,alphafill_candidate,alphafill,downloaded_with_heme,1,Q6V0L0-F1,2VE3,0.316239,3.4027,0.663087,0.165479,data\structures\alphafill\json\Q6V0L0-F1.json,data\structures\alphafill\cif\Q6V0L0-F1.cif,,0,,,,,,
ENZ_G001141,Q6VVW9,alphafill_candidate,alphafill,downloaded_with_heme,1,Q6VVW9-F1,3C6G,0.907285,0.354622,0.21532,0.13882,data\structures\alphafill\json\Q6VVW9-F1.json,data\structures\alphafill\cif\Q6VVW9-F1.cif,,0,,,,,,
ENZ_G001142,Q6VVX0,pcpd_predicted,pcpd_predicted,pcpd_predicted,1,,,,,,,,,pcpd/CYP2R1.pdb,0,,,,,,
ENZ_G001143,Q6WG30,pcpd_predicted,pcpd_predicted,pcpd_predicted,1,,,,,,,,,pcpd/CYP725A4.pdb,0,,,,,,
ENZ_G001144,Q6WKY9,alphafill_candidate,alphafill,downloaded_with_heme,1,Q6WKY9-F1,8E83,0.313853,6.18295,4.38918,0.633794,data\structures\alphafill\json\Q6WKY9-F1.json,data\structures\alphafill\cif\Q6WKY9-F1.cif,,0,,,,,,
ENZ_G001145,Q6WKZ1,alphafill_candidate,alphafill,downloaded_with_heme,1,Q6WKZ1-F1,5YLW,0.327801,3.48221,1.09199,0.233688,data\structures\alphafill\json\Q6WKZ1-F1.json,data\structures\alphafill\cif\Q6WKZ1-F1.cif,,0,,,,,,
ENZ_G001146,Q6WNQ9,alphafill_candidate,alphafill,downloaded_with_heme,1,Q6WNQ9-F1,4R20,0.280899,1.53411,0.314184,0.870072,data\structures\alphafill\json\Q6WNQ9-F1.json,data\structures\alphafill\cif\Q6WNQ9-F1.cif,,0,,,,,,
ENZ_G001147,Q6WNR0,alphafill_candidate,alphafill,downloaded_with_heme,1,Q6WNR0-F1,8E83,0.3107,6.38477,4.70538,0.646148,data\structures\alphafill\json\Q6WNR0-F1.json,data\structures\alphafill\cif\Q6WNR0-F1.cif,,0,,,,,,
ENZ_G001148,Q6WP51,alphafill_candidate,alphafill,downloaded_with_heme,1,Q6WP51-F1,7MK8,0.25,5.87554,1.35775,0.298424,data\structures\alphafill\json\Q6WP51-F1.json,data\structures\alphafill\cif\Q6WP51-F1.cif,,0,,,,,,
ENZ_G001149,Q6XAF4,alphafill_candidate,alphafold_heme_transplant,heme_transplanted,1,Q6XAF4-F1,ENZ_G000079,0.385,20.71,,,,,,0,"qc=bad, n_ca=463, template=A0A0G2RKY1",data\structures\alphafold\pdb\AF-Q6XAF4-F1.pdb,data\structures\heme_transplant\pdb\ENZ_G001149_heme.pdb,0.505,-2.520,2.944
ENZ_G001150,Q6XQ14,pcpd_predicted,pcpd_predicted,pcpd_predicted,1,,,,,,,,,pcpd/CYP71E7.pdb,0,,,,,,
ENZ_G001151,Q6XVG2,alphafill_candidate,alphafill,downloaded_with_heme,1,Q6XVG2-F1,4GQS,0.683856,1.97632,0.613553,0.189766,data\structures\alphafill\json\Q6XVG2-F1.json,data\structures\alphafill\cif\Q6XVG2-F1.cif,,0,,,,,,
ENZ_G001152,Q6YLS3,alphafill_candidate,alphafold_heme_transplant,heme_transplanted,1,Q6YLS3-F1,ENZ_G000886,0.496,6.81,,,,,,0,"qc=bad, n_ca=506, template=P48418",data\structures\alphafold\pdb\AF-Q6YLS3-F1.pdb,data\structures\heme_transplant\pdb\ENZ_G001152_heme.pdb,9.958,8.236,-7.232
ENZ_G001153,Q6YTF1,alphafill_candidate,alphafill,downloaded_with_heme,1,Q6YTF1-F1,7X2Q,0.365517,2.57904,0.867607,0.267284,data\structures\alphafill\json\Q6YTF1-F1.json,data\structures\alphafill\cif\Q6YTF1-F1.cif,,0,,,,,,
ENZ_G001154,Q6YTF5,alphafill_candidate,alphafill,downloaded_with_heme,1,Q6YTF5-F1,5YLW,0.320713,2.30825,0.82373,0.236197,data\structures\alphafill\json\Q6YTF5-F1.json,data\structures\alphafill\cif\Q6YTF5-F1.cif,,0,,,,,,
ENZ_G001155,Q6YV88,alphafill_candidate,alphafill,downloaded_with_heme,1,Q6YV88-F1,5YLW,0.37069,1.6845,0.787745,0.281498,data\structures\alphafill\json\Q6YV88-F1.json,data\structures\alphafill\cif\Q6YV88-F1.cif,,0,,,,,,
ENZ_G001156,Q6Z5I7,pcpd_predicted,pcpd_predicted,pcpd_predicted,1,,,,,,,,,pcpd/CYP76M6.pdb,0,,,,,,
ENZ_G001157,Q6ZDE3,alphafill_candidate,alphafill,downloaded_with_heme,1,Q6ZDE3-F1,6A17,0.281179,4.1757,0.699189,0.210606,data\structures\alphafill\json\Q6ZDE3-F1.json,data\structures\alphafill\cif\Q6ZDE3-F1.cif,,0,,,,,,
ENZ_G001158,Q6ZWL3,alphafill_candidate,alphafill,downloaded_with_heme,1,Q6ZWL3-F1,5T6Q,0.328294,2.94891,0.310621,0.273361,data\structures\alphafill\json\Q6ZWL3-F1.json,data\structures\alphafill\cif\Q6ZWL3-F1.cif,,0,,,,,,
ENZ_G001159,Q70EV9,alphafill_candidate,alphafold_heme_transplant,heme_transplanted,1,Q70EV9-F1,ENZ_G000733,0.432,3.14,,,,,,0,"qc=warn, n_ca=482, template=O22203",data\structures\alphafold\pdb\AF-Q70EV9-F1.pdb,data\structures\heme_transplant\pdb\ENZ_G001159_heme.pdb,4.742,-0.432,1.884
ENZ_G001160,Q70EW0,alphafill_candidate,alphafold_heme_transplant,heme_transplanted,1,Q70EW0-F1,ENZ_G000733,0.420,3.24,,,,,,0,"qc=warn, n_ca=482, template=O22203",data\structures\alphafold\pdb\AF-Q70EW0-F1.pdb,data\structures\heme_transplant\pdb\ENZ_G001160_heme.pdb,5.005,-1.490,1.619
ENZ_G001161,Q70KH6,alphafill_candidate,alphafill,alphafill_not_found,0,Q70KH6-F1,,,,,,,,,0,All 5 templates failed,data\structures\alphafold\pdb\AF-Q70KH6-F1.pdb,,,,
ENZ_G001162,Q767R1,alphafill_candidate,alphafold_heme_transplant,heme_transplanted,1,Q767R1-F1,ENZ_G001338,0.515,8.66,,,,,,0,"qc=bad, n_ca=512, template=Q9SBQ9",data\structures\alphafold\pdb\AF-Q767R1-F1.pdb,data\structures\heme_transplant\pdb\ENZ_G001162_heme.pdb,5.135,-1.300,3.317
ENZ_G001163,Q76LL4,alphafill_candidate,alphafold_heme_transplant,heme_transplanted,1,Q76LL4-F1,ENZ_G000886,0.541,4.72,,,,,,0,"qc=warn, n_ca=505, template=P48418",data\structures\alphafold\pdb\AF-Q76LL4-F1.pdb,data\structures\heme_transplant\pdb\ENZ_G001163_heme.pdb,9.981,9.387,-4.990
ENZ_G001164,Q7EZR4,pcpd_predicted,pcpd_predicted,pcpd_predicted,1,,,,,,,,,pcpd/CYP703A3.pdb,0,,,,,,
ENZ_G001165,Q7FPQ4,alphafill_candidate,alphafold_heme_transplant,heme_transplanted,1,Q7FPQ4-F1,ENZ_G001146,0.251,19.40,,,,,,0,"qc=bad, n_ca=501, template=Q6WNQ9",data\structures\alphafold\pdb\AF-Q7FPQ4-F1.pdb,data\structures\heme_transplant\pdb\ENZ_G001165_heme.pdb,4.829,-0.382,-0.917
ENZ_G001166,Q7G602,alphafill_candidate,alphafill,downloaded_with_heme,1,Q7G602-F1,7X2Q,0.341202,3.60007,0.81428,0.154272,data\structures\alphafill\json\Q7G602-F1.json,data\structures\alphafill\cif\Q7G602-F1.cif,,0,,,,,,
ENZ_G001167,Q7WZ77,alphafill_candidate,alphafold_heme_transplant,heme_transplanted,1,Q7WZ77-F1,ENZ_G000854,0.173,12.35,,,,,,0,"qc=bad, n_ca=393, template=P18327",data\structures\alphafold\pdb\AF-Q7WZ77-F1.pdb,data\structures\heme_transplant\pdb\ENZ_G001167_heme.pdb,-1.548,-5.662,0.404
ENZ_G001168,Q7X7K8,alphafill_candidate,alphafold_heme_transplant,heme_transplanted,1,Q7X7K8-F1,ENZ_G000634,0.175,31.26,,,data\structures\alphafill\json\Q7X7K8-F1.json,,,0,"qc=bad, n_ca=695, template=F8JYI6",data\structures\alphafold\pdb\AF-Q7X7K8-F1.pdb,data\structures\heme_transplant\pdb\ENZ_G001168_heme.pdb,-10.601,-15.907,-10.366
ENZ_G001169,Q7X7X4,pcpd_predicted,pcpd_predicted,pcpd_predicted,1,,,,,,,,,pcpd/CYP99A2.pdb,0,,,,,,
ENZ_G001170,Q7XAU5,alphafill_candidate,alphafold_heme_transplant,heme_transplanted,1,Q7XAU5-F1,ENZ_G001351,0.642,2.70,,,,,,0,"qc=good, n_ca=491, template=Q9SXS3",data\structures\alphafold\pdb\AF-Q7XAU5-F1.pdb,data\structures\heme_transplant\pdb\ENZ_G001170_heme.pdb,3.971,-0.805,2.759
ENZ_G001171,Q7XB42,alphafill_candidate,alphafold_heme_transplant,heme_transplanted,1,Q7XB42-F1,ENZ_G001599,0.306,6.73,,,,,,0,"qc=bad, n_ca=466, template=",data\structures\alphafold\pdb\AF-Q7XB42-F1.pdb,data\structures\heme_transplant\pdb\ENZ_G001171_heme.pdb,4.929,1.831,4.022
ENZ_G001172,Q7XHW5,pcpd_predicted,pcpd_predicted,pcpd_predicted,1,,,,,,,,,pcpd/CYP714B1.pdb,0,,,,,,
ENZ_G001173,Q7XYS3,alphafill_candidate,alphafill,downloaded_with_heme,1,Q7XYS3-F1,2RCH,0.480603,2.4519,0.381684,0.184669,data\structures\alphafill\json\Q7XYS3-F1.json,data\structures\alphafill\cif\Q7XYS3-F1.cif,,0,,,,,,
ENZ_G001174,Q7YRB2,alphafill_candidate,alphafill,downloaded_with_heme,1,Q7YRB2-F1,8EOH,0.792017,1.58235,0.553995,0.183623,data\structures\alphafill\json\Q7YRB2-F1.json,data\structures\alphafill\cif\Q7YRB2-F1.cif,,0,,,,,,
ENZ_G001175,Q7Z1V1,alphafill_candidate,alphafill,downloaded_with_heme,1,Q7Z1V1-F1,6FMO,0.964657,2.24135,0.952122,0.233686,data\structures\alphafill\json\Q7Z1V1-F1.json,data\structures\alphafill\cif\Q7Z1V1-F1.cif,,0,,,,,,
ENZ_G001176,Q7Z449,alphafill_candidate,alphafill,downloaded_with_heme,1,Q7Z449-F1,3C6G,0.396304,2.27787,0.528516,0.152831,data\structures\alphafill\json\Q7Z449-F1.json,data\structures\alphafill\cif\Q7Z449-F1.cif,,0,,,,,,
ENZ_G001177,Q811W2,alphafill_candidate,alphafill,downloaded_with_heme,1,Q811W2-F1,2VE3,0.344519,2.51699,0.757811,0.192284,data\structures\alphafill\json\Q811W2-F1.json,data\structures\alphafill\cif\Q811W2-F1.cif,,0,,,,,,
ENZ_G001178,Q81BF4,alphafill_candidate,alphafill,downloaded_with_heme,1,Q81BF4-F1,8HKJ,1,0.869507,0.415014,0.127254,data\structures\alphafill\json\Q81BF4-F1.json,data\structures\alphafill\cif\Q81BF4-F1.cif,,0,,,,,,
ENZ_G001179,Q825I8,experimental_pdb,experimental_pdb,experimental_pdb,1,,,,,,,,,s1_rcsb/4UBS,0,,,,,,
ENZ_G001180,Q82D73,experimental_pdb,experimental_pdb,experimental_pdb,1,,,,,,,,,s1_rcsb/7WZM,0,,,,,,
ENZ_G001181,Q82GL5,experimental_pdb,experimental_pdb,experimental_pdb,1,,,,,,,,,s1_rcsb/7CL8,0,,,,,,
ENZ_G001182,Q82IY3,alphafill_candidate,alphafill,downloaded_with_heme,1,Q82IY3-F1,3DBG,0.358974,5.70869,1.2965,0.308478,data\structures\alphafill\json\Q82IY3-F1.json,data\structures\alphafill\cif\Q82IY3-F1.cif,,0,,,,,,
ENZ_G001183,Q83WF5,experimental_pdb,experimental_pdb,experimental_pdb,1,,,,,,,,,s1_rcsb/5FOI,0,,,,,,
ENZ_G001184,Q84HB6,alphafill_candidate,alphafill,downloaded_with_heme,1,Q84HB6-F1,1ODO,0.4375,1.5159,0.91354,0.134748,data\structures\alphafill\json\Q84HB6-F1.json,data\structures\alphafill\cif\Q84HB6-F1.cif,,0,,,,,,
ENZ_G001185,Q84KI1,pcpd_predicted,pcpd_predicted,pcpd_predicted,1,,,,,,,,,pcpd/CYP725A3.pdb,0,,,,,,
ENZ_G001186,Q84NG3,alphafill_candidate,alphafold_heme_transplant,heme_transplanted,1,Q84NG3-F1,ENZ_G000886,0.511,9.14,,,,,,0,"qc=bad, n_ca=506, template=P48418",data\structures\alphafold\pdb\AF-Q84NG3-F1.pdb,data\structures\heme_transplant\pdb\ENZ_G001186_heme.pdb,11.315,9.051,-5.501
ENZ_G001187,Q84QI4,alphafill_candidate,alphafold_heme_transplant,heme_transplanted,1,Q84QI4-F1,ENZ_G001350,0.625,4.49,,,,,,0,"qc=warn, n_ca=521, template=Q9SWR5",data\structures\alphafold\pdb\AF-Q84QI4-F1.pdb,data\structures\heme_transplant\pdb\ENZ_G001187_heme.pdb,1.392,-0.582,1.810
ENZ_G001188,Q84TQ4,alphafill_candidate,alphafold_heme_transplant,heme_transplanted,1,Q84TQ4-F1,ENZ_G000890,0.689,3.98,,,,,,0,"qc=warn, n_ca=505, template=P48522",data\structures\alphafold\pdb\AF-Q84TQ4-F1.pdb,data\structures\heme_transplant\pdb\ENZ_G001188_heme.pdb,1.797,-0.855,1.426
ENZ_G001189,Q84VU3,alphafill_candidate,alphafold_heme_transplant,heme_transplanted,1,Q84VU3-F1,ENZ_G000733,0.502,9.49,,,,,,0,"qc=bad, n_ca=478, template=O22203",data\structures\alphafold\pdb\AF-Q84VU3-F1.pdb,data\structures\heme_transplant\pdb\ENZ_G001189_heme.pdb,4.977,-1.704,2.937
ENZ_G001190,Q86W10,alphafill_candidate,alphafill,downloaded_with_heme,1,Q86W10-F1,6C93,0.475891,1.87613,0.367087,0.10445,data\structures\alphafill\json\Q86W10-F1.json,data\structures\alphafill\cif\Q86W10-F1.cif,,0,,,,,,
ENZ_G001191,Q874I8,alphafill_candidate,alphafold_heme_transplant,heme_transplanted,1,Q874I8-F1,ENZ_G000975,0.472,8.48,,,,,,0,"qc=bad, n_ca=517, template=Q12586",data\structures\alphafold\pdb\AF-Q874I8-F1.pdb,data\structures\heme_transplant\pdb\ENZ_G001191_heme.pdb,2.602,-0.993,4.940
ENZ_G001192,Q874I9,alphafill_candidate,alphafold_heme_transplant,heme_transplanted,1,Q874I9-F1,ENZ_G000975,0.479,8.45,,,,,,0,"qc=bad, n_ca=517, template=Q12586",data\structures\alphafold\pdb\AF-Q874I9-F1.pdb,data\structures\heme_transplant\pdb\ENZ_G001192_heme.pdb,-4.056,4.715,-1.208
ENZ_G001193,Q874J3,alphafill_candidate,alphafold_heme_transplant,heme_transplanted,1,Q874J3-F1,ENZ_G000974,0.555,8.37,,,,,,0,"qc=bad, n_ca=522, template=Q12581",data\structures\alphafold\pdb\AF-Q874J3-F1.pdb,data\structures\heme_transplant\pdb\ENZ_G001193_heme.pdb,1.883,-3.689,4.352
ENZ_G001194,Q874J4,alphafill_candidate,alphafold_heme_transplant,heme_transplanted,1,Q874J4-F1,ENZ_G000974,0.540,8.40,,,,,,0,"qc=bad, n_ca=522, template=Q12581",data\structures\alphafold\pdb\AF-Q874J4-F1.pdb,data\structures\heme_transplant\pdb\ENZ_G001194_heme.pdb,2.307,-2.580,4.685
ENZ_G001195,Q874J5,alphafill_candidate,alphafold_heme_transplant,heme_transplanted,1,Q874J5-F1,ENZ_G000847,0.529,1.11,,,,,,0,"qc=good, n_ca=523, template=P16496",data\structures\alphafold\pdb\AF-Q874J5-F1.pdb,data\structures\heme_transplant\pdb\ENZ_G001195_heme.pdb,5.624,-1.935,0.840
ENZ_G001196,Q8GSQ1,alphafill_candidate,alphafill,downloaded_with_heme,1,Q8GSQ1-F1,6A17,0.360544,3.02153,0.671367,0.247001,data\structures\alphafill\json\Q8GSQ1-F1.json,data\structures\alphafill\cif\Q8GSQ1-F1.cif,,0,,,,,,
ENZ_G001197,Q8GSQ6,alphafill_candidate,alphafold_heme_transplant,heme_transplanted,1,Q8GSQ6-F1,ENZ_G000733,0.418,9.69,,,,,,0,"qc=bad, n_ca=477, template=O22203",data\structures\alphafold\pdb\AF-Q8GSQ6-F1.pdb,data\structures\heme_transplant\pdb\ENZ_G001197_heme.pdb,5.172,-2.163,2.096
ENZ_G001198,Q8GVD5,alphafill_candidate,alphafold_heme_transplant,heme_transplanted,1,Q8GVD5-F1,ENZ_G001334,0.583,7.21,,,,,,0,"qc=bad, n_ca=449, template=Q9SAA9",data\structures\alphafold\pdb\AF-Q8GVD5-F1.pdb,data\structures\heme_transplant\pdb\ENZ_G001198_heme.pdb,2.378,1.021,2.091
ENZ_G001199,Q8GZP5,alphafill_candidate,alphafill,downloaded_with_heme,1,Q8GZP5-F1,3DAM,0.493644,1.08714,0.578115,0.223488,data\structures\alphafill\json\Q8GZP5-F1.json,data\structures\alphafill\cif\Q8GZP5-F1.cif,,0,,,,,,
ENZ_G001200,Q8GZV0,alphafill_candidate,alphafold_heme_transplant,heme_transplanted,1,Q8GZV0-F1,ENZ_G001334,0.583,7.21,,,,,,0,"qc=bad, n_ca=449, template=Q9SAA9",data\structures\alphafold\pdb\AF-Q8GZV0-F1.pdb,data\structures\heme_transplant\pdb\ENZ_G001200_heme.pdb,2.758,1.080,1.593
ENZ_G001201,Q8H6A1,alphafill_candidate,alphafold_heme_transplant,heme_transplanted,1,Q8H6A1-F1,ENZ_G000890,0.698,0.80,,,,,,0,"qc=good, n_ca=505, template=P48522",data\structures\alphafold\pdb\AF-Q8H6A1-F1.pdb,data\structures\heme_transplant\pdb\ENZ_G001201_heme.pdb,0.370,-1.964,1.681
ENZ_G001202,Q8HYN1,alphafill_candidate,alphafill,downloaded_with_heme,1,Q8HYN1-F1,3RUK,0.964948,2.01155,0.200236,0.0881506,data\structures\alphafill\json\Q8HYN1-F1.json,data\structures\alphafill\cif\Q8HYN1-F1.cif,,0,,,,,,
ENZ_G001203,Q8K0C4,alphafill_candidate,alphafill,downloaded_with_heme,1,Q8K0C4-F1,3JUS,0.895323,0.688073,0.503134,0.185268,data\structures\alphafill\json\Q8K0C4-F1.json,data\structures\alphafill\cif\Q8K0C4-F1.cif,,0,,,,,,
ENZ_G001204,Q8KU27,alphafill_candidate,alphafold_heme_transplant,heme_transplanted,1,Q8KU27-F1,ENZ_G000634,0.217,26.70,,,,,,0,"qc=bad, n_ca=773, template=F8JYI6",data\structures\alphafold\pdb\AF-Q8KU27-F1.pdb,data\structures\heme_transplant\pdb\ENZ_G001204_heme.pdb,6.492,-18.895,-2.417
ENZ_G001205,Q8L5H7,alphafill_candidate,alphafold_heme_transplant,heme_transplanted,1,Q8L5H7-F1,ENZ_G000733,0.592,6.03,,,,,,0,"qc=bad, n_ca=480, template=O22203",data\structures\alphafold\pdb\AF-Q8L5H7-F1.pdb,data\structures\heme_transplant\pdb\ENZ_G001205_heme.pdb,5.053,-1.046,2.874
ENZ_G001206,Q8L5H8,alphafill_candidate,alphafold_heme_transplant,heme_transplanted,1,Q8L5H8-F1,ENZ_G000733,0.598,4.05,,,,,,0,"qc=warn, n_ca=482, template=O22203",data\structures\alphafold\pdb\AF-Q8L5H8-F1.pdb,data\structures\heme_transplant\pdb\ENZ_G001206_heme.pdb,5.071,-1.321,2.658
ENZ_G001207,Q8L7D5,pcpd_predicted,pcpd_predicted,pcpd_predicted,1,,,,,,,,,pcpd/CYP708A2.pdb,0,,,,,,
ENZ_G001208,Q8LM92,pcpd_predicted,pcpd_predicted,pcpd_predicted,1,,,,,,,,,pcpd/CYP75B11.pdb,0,,,,,,
ENZ_G001209,Q8N118,alphafill_candidate,alphafill,downloaded_with_heme,1,Q8N118-F1,6C93,0.475207,2.31088,0.433859,0.0766095,data\structures\alphafill\json\Q8N118-F1.json,data\structures\alphafill\cif\Q8N118-F1.cif,,0,,,,,,
ENZ_G001210,Q8NKB4,alphafill_candidate,alphafill,downloaded_with_heme,1,Q8NKB4-F1,1ULW,0.593434,0.802822,0.281665,0.128879,data\structures\alphafill\json\Q8NKB4-F1.json,data\structures\alphafill\cif\Q8NKB4-F1.cif,,0,,,,,,
ENZ_G001211,Q8NSW2,experimental_pdb,experimental_pdb,experimental_pdb,1,,,,,,,,,s1_rcsb/5GWE,0,,,,,,
ENZ_G001212,Q8RK85,alphafill_candidate,alphafold_heme_transplant,heme_transplanted,1,Q8RK85-F1,ENZ_G000854,0.164,11.65,,,,,,0,"qc=bad, n_ca=400, template=P18327",data\structures\alphafold\pdb\AF-Q8RK85-F1.pdb,data\structures\heme_transplant\pdb\ENZ_G001212_heme.pdb,-1.970,4.568,-3.160
ENZ_G001213,Q8RW06,alphafill_candidate,alphafold_heme_transplant,heme_transplanted,1,Q8RW06-F1,ENZ_G001305,0.800,4.57,,,,,,0,"qc=warn, n_ca=509, template=Q9LLB0",data\structures\alphafold\pdb\AF-Q8RW06-F1.pdb,data\structures\heme_transplant\pdb\ENZ_G001213_heme.pdb,-7.864,3.313,-5.545
ENZ_G001214,Q8S9C6,alphafill_candidate,alphafold_heme_transplant,heme_transplanted,1,Q8S9C6-F1,ENZ_G001338,0.403,25.06,,,,,,0,"qc=bad, n_ca=457, template=Q9SBQ9",data\structures\alphafold\pdb\AF-Q8S9C6-F1.pdb,data\structures\heme_transplant\pdb\ENZ_G001214_heme.pdb,-3.759,2.347,3.346
ENZ_G001215,Q8S9E6,alphafill_candidate,alphafold_heme_transplant,heme_transplanted,1,Q8S9E6-F1,ENZ_G001044,0.569,15.75,,,,,,0,"qc=bad, n_ca=461, template=Q43257",data\structures\alphafold\pdb\AF-Q8S9E6-F1.pdb,data\structures\heme_transplant\pdb\ENZ_G001215_heme.pdb,3.458,2.088,3.939
ENZ_G001216,Q8S9E8,alphafill_candidate,alphafold_heme_transplant,heme_transplanted,1,Q8S9E8-F1,ENZ_G001070,0.903,1.96,,,,,,0,"qc=good, n_ca=476, template=Q58A33",data\structures\alphafold\pdb\AF-Q8S9E8-F1.pdb,data\structures\heme_transplant\pdb\ENZ_G001216_heme.pdb,5.011,-0.732,2.841
ENZ_G001217,Q8S9E9,alphafill_candidate,alphafold_heme_transplant,heme_transplanted,1,Q8S9E9-F1,ENZ_G001042,0.562,7.43,,,,,,0,"qc=bad, n_ca=528, template=Q43250",data\structures\alphafold\pdb\AF-Q8S9E9-F1.pdb,data\structures\heme_transplant\pdb\ENZ_G001217_heme.pdb,-6.741,3.882,-0.889
ENZ_G001218,Q8TAV3,alphafill_candidate,alphafill,downloaded_with_heme,1,Q8TAV3-F1,1DT6,0.4,2.70957,0.885725,0.362509,data\structures\alphafill\json\Q8TAV3-F1.json,data\structures\alphafill\cif\Q8TAV3-F1.cif,,0,,,,,,
ENZ_G001219,Q8VQF6,alphafill_candidate,alphafill,downloaded_with_heme,1,Q8VQF6-F1,1T2B,0.959698,0.471441,0.54509,0.278812,data\structures\alphafill\json\Q8VQF6-F1.json,data\structures\alphafill\cif\Q8VQF6-F1.cif,,0,,,,,,
ENZ_G001220,Q8VS75,experimental_pdb,experimental_pdb,experimental_pdb,1,,,,,,,,,s1_rcsb/6F0C,0,,,,,,
ENZ_G001221,Q8VWZ7,alphafill_candidate,alphafill,downloaded_with_heme,1,Q8VWZ7-F1,5YLW,0.443038,2.16992,0.906586,0.195845,data\structures\alphafill\json\Q8VWZ7-F1.json,data\structures\alphafill\cif\Q8VWZ7-F1.cif,,0,,,,,,
ENZ_G001222,Q8VZH6,alphafill_candidate,alphafold_heme_transplant,heme_transplanted,1,Q8VZH6-F1,ENZ_G000733,0.510,6.51,,,,,,0,"qc=bad, n_ca=482, template=O22203",data\structures\alphafold\pdb\AF-Q8VZH6-F1.pdb,data\structures\heme_transplant\pdb\ENZ_G001222_heme.pdb,2.868,-1.731,3.360
ENZ_G001223,Q8W1W8,alphafill_candidate,alphafold_heme_transplant,heme_transplanted,1,Q8W1W8-F1,ENZ_G000136,0.298,10.16,,,,,,0,"qc=bad, n_ca=466, template=A0A161GJD5",data\structures\alphafold\pdb\AF-Q8W1W8-F1.pdb,data\structures\heme_transplant\pdb\ENZ_G001223_heme.pdb,2.085,-3.673,3.609
ENZ_G001224,Q8W2N1,alphafill_candidate,alphafold_heme_transplant,heme_transplanted,1,Q8W2N1-F1,ENZ_G000768,0.362,7.14,,,,,,0,"qc=bad, n_ca=511, template=O81117",data\structures\alphafold\pdb\AF-Q8W2N1-F1.pdb,data\structures\heme_transplant\pdb\ENZ_G001224_heme.pdb,4.398,-1.335,3.483
ENZ_G001225,Q8W2N5,alphafill_candidate,alphafill,downloaded_with_heme,1,Q8W2N5-F1,2RCM,0.480932,1.01677,0.474945,0.249143,data\structures\alphafill\json\Q8W2N5-F1.json,data\structures\alphafill\cif\Q8W2N5-F1.cif,,0,,,,,,
ENZ_G001226,Q8W3Y5,alphafill_candidate,alphafill,downloaded_with_heme,1,Q8W3Y5-F1,7X2Q,0.321121,3.17303,0.855712,0.143048,data\structures\alphafill\json\Q8W3Y5-F1.json,data\structures\alphafill\cif\Q8W3Y5-F1.cif,,0,,,,,,
ENZ_G001227,Q8W4T9,pcpd_predicted,pcpd_predicted,pcpd_predicted,1,,,,,,,,,pcpd/CYP725A2.pdb,0,,,,,,
ENZ_G001228,Q8WND8,alphafill_candidate,alphafold_heme_transplant,heme_transplanted,1,Q8WND8-F1,ENZ_G000855,0.156,16.48,,,,,,0,"qc=bad, n_ca=112, template=P19099",data\structures\alphafold\pdb\AF-Q8WND8-F1.pdb,data\structures\heme_transplant\pdb\ENZ_G001228_heme.pdb,2.171,0.471,14.263
ENZ_G001229,Q8YN07,alphafill_candidate,alphafold_heme_transplant,heme_transplanted,1,Q8YN07-F1,ENZ_G000736,0.138,30.61,,,,,,0,"qc=bad, n_ca=453, template=O23365",data\structures\alphafold\pdb\AF-Q8YN07-F1.pdb,data\structures\heme_transplant\pdb\ENZ_G001229_heme.pdb,-4.529,5.080,4.147
ENZ_G001230,Q91W64,alphafill_candidate,alphafill,downloaded_with_heme,1,Q91W64-F1,1R9O,0.628755,2.58843,0.86192,0.132579,data\structures\alphafill\json\Q91W64-F1.json,data\structures\alphafill\cif\Q91W64-F1.cif,,0,,,,,,
ENZ_G001231,Q91WL5,alphafill_candidate,alphafill,downloaded_with_heme,1,Q91WL5-F1,5T6Q,0.501062,1.81961,0.413158,0.204147,data\structures\alphafill\json\Q91WL5-F1.json,data\structures\alphafill\cif\Q91WL5-F1.cif,,0,,,,,,
ENZ_G001232,Q91X77,alphafill_candidate,alphafill,downloaded_with_heme,1,Q91X77-F1,4GQS,0.683856,2.27287,0.525239,0.17755,data\structures\alphafill\json\Q91X77-F1.json,data\structures\alphafill\cif\Q91X77-F1.cif,,0,,,,,,
ENZ_G001233,Q93H81,experimental_pdb,experimental_pdb,experimental_pdb,1,,,,,,,,,s1_rcsb/3ABA,0,,,,,,
ENZ_G001234,Q93MI2,alphafill_candidate,alphafill,downloaded_with_heme,1,Q93MI2-F1,5NWS,0.397351,3.77409,1.78584,0.724062,data\structures\alphafill\json\Q93MI2-F1.json,data\structures\alphafill\cif\Q93MI2-F1.cif,,0,,,,,,
ENZ_G001235,Q93VK5,experimental_pdb,experimental_pdb,experimental_pdb,1,,,,,,,,,s1_rcsb/6J95,0,,,,,,
ENZ_G001236,Q93XJ2,alphafill_candidate,alphafill,downloaded_with_heme,1,Q93XJ2-F1,5YLW,0.331906,3.25976,0.799699,0.162102,data\structures\alphafill\json\Q93XJ2-F1.json,data\structures\alphafill\cif\Q93XJ2-F1.cif,,0,,,,,,
ENZ_G001237,Q93XJ3,alphafill_candidate,alphafold_heme_transplant,heme_transplanted,1,Q93XJ3-F1,ENZ_G001361,0.300,10.75,,,,,,0,"qc=bad, n_ca=506, template=Q9XGT9",data\structures\alphafold\pdb\AF-Q93XJ3-F1.pdb,data\structures\heme_transplant\pdb\ENZ_G001237_heme.pdb,6.740,4.447,-4.777
ENZ_G001238,Q93XR3,alphafill_candidate,alphafold_heme_transplant,heme_transplanted,1,Q93XR3-F1,ENZ_G001599,0.312,5.12,,,,,,0,"qc=bad, n_ca=465, template=",data\structures\alphafold\pdb\AF-Q93XR3-F1.pdb,data\structures\heme_transplant\pdb\ENZ_G001238_heme.pdb,4.523,0.559,4.212
ENZ_G001239,Q93Z79,pcpd_predicted,pcpd_predicted,pcpd_predicted,1,,,,,,,,,pcpd/CYP714A1.pdb,0,,,,,,
ENZ_G001240,Q93ZB2,pcpd_predicted,pcpd_predicted,pcpd_predicted,1,,,,,,,,,pcpd/CYP701A3.pdb,0,,,,,,
ENZ_G001241,Q940V4,alphafill_candidate,alphafill,downloaded_with_heme,1,Q940V4-F1,6A17,0.356659,2.88583,0.683644,0.192402,data\structures\alphafill\json\Q940V4-F1.json,data\structures\alphafill\cif\Q940V4-F1.cif,,0,,,,,,
ENZ_G001242,Q947B7,alphafill_candidate,alphafill,downloaded_with_heme,1,Q947B7-F1,8E83,0.329832,5.84788,4.57096,0.656115,data\structures\alphafill\json\Q947B7-F1.json,data\structures\alphafill\cif\Q947B7-F1.cif,,0,,,,,,
ENZ_G001243,Q947C2,alphafill_candidate,alphafold_heme_transplant,heme_transplanted,1,Q947C2-F1,ENZ_G001474,0.959,2.18,,,,,,0,"qc=good, n_ca=482, template=",data\structures\alphafold\pdb\AF-Q947C2-F1.pdb,data\structures\heme_transplant\pdb\ENZ_G001243_heme.pdb,5.162,-0.161,2.114
ENZ_G001244,Q948S7,alphafill_candidate,alphafold_heme_transplant,heme_transplanted,1,Q948S7-F1,ENZ_G000890,0.755,0.42,,,,,,0,"qc=good, n_ca=505, template=P48522",data\structures\alphafold\pdb\AF-Q948S7-F1.pdb,data\structures\heme_transplant\pdb\ENZ_G001244_heme.pdb,1.326,-1.524,1.566
ENZ_G001245,Q948S8,alphafill_candidate,alphafold_heme_transplant,heme_transplanted,1,Q948S8-F1,ENZ_G001617,0.756,1.71,,,,,,0,"qc=good, n_ca=473, template=",data\structures\alphafold\pdb\AF-Q948S8-F1.pdb,data\structures\heme_transplant\pdb\ENZ_G001245_heme.pdb,2.405,-6.050,1.659
ENZ_G001246,Q948Y1,pcpd_predicted,pcpd_predicted,pcpd_predicted,1,,,,,,,,,pcpd/CYP719A1.pdb,0,,,,,,
ENZ_G001247,Q949P1,pcpd_predicted,pcpd_predicted,pcpd_predicted,1,,,,,,,,,pcpd/CYP707A1.pdb,0,,,,,,
ENZ_G001248,Q949U1,pcpd_predicted,pcpd_predicted,pcpd_predicted,1,,,,,,,,,pcpd/CYP79F1.pdb,0,,,,,,
ENZ_G001249,Q94FM7,pcpd_predicted,pcpd_predicted,pcpd_predicted,1,,,,,,,,,pcpd/CYP71D20.pdb,0,,,,,,
ENZ_G001250,Q94IA6,pcpd_predicted,pcpd_predicted,pcpd_predicted,1,,,,,,,,,pcpd/CYP90D1.pdb,0,,,,,,
ENZ_G001251,Q94IP1,alphafill_candidate,alphafill,downloaded_with_heme,1,Q94IP1-F1,6VBY,0.969365,1.15482,0.503483,0.236695,data\structures\alphafill\json\Q94IP1-F1.json,data\structures\alphafill\cif\Q94IP1-F1.cif,,0,,,,,,
ENZ_G001252,Q94IW5,alphafill_candidate,alphafill,downloaded_with_heme,1,Q94IW5-F1,6A17,0.367347,3.39176,0.849171,0.22893,data\structures\alphafill\json\Q94IW5-F1.json,data\structures\alphafill\cif\Q94IW5-F1.cif,,0,,,,,,
ENZ_G001253,Q96242,pcpd_predicted,pcpd_predicted,pcpd_predicted,1,,,,,,,,,pcpd/CYP74A1.pdb,0,,,,,,
ENZ_G001254,Q96581,alphafill_candidate,alphafill,downloaded_with_heme,1,Q96581-F1,5YLW,0.359081,2.79133,1.01487,0.287067,data\structures\alphafill\json\Q96581-F1.json,data\structures\alphafill\cif\Q96581-F1.cif,,0,,,,,,
ENZ_G001255,Q96SQ9,alphafill_candidate,alphafill,downloaded_with_heme,1,Q96SQ9-F1,1PO5,0.502304,5.66588,0.482336,0.27494,data\structures\alphafill\json\Q96SQ9-F1.json,data\structures\alphafill\cif\Q96SQ9-F1.cif,,0,,,,,,
ENZ_G001256,Q972I2,alphafill_candidate,alphafill,downloaded_with_heme,1,Q972I2-F1,1UE8,1,0.381966,0.301699,0.127107,data\structures\alphafill\json\Q972I2-F1.json,data\structures\alphafill\cif\Q972I2-F1.cif,,0,,,,,,
ENZ_G001257,Q97DZ0,alphafill_candidate,alphafill,alphafill_not_found,0,Q97DZ0-F1,,,,,,,,,0,All 5 templates failed,data\structures\alphafold\pdb\AF-Q97DZ0-F1.pdb,,,,
ENZ_G001258,Q99N16,alphafill_candidate,alphafill,downloaded_with_heme,1,Q99N16-F1,6C93,0.44958,2.02237,0.336636,0.109787,data\structures\alphafill\json\Q99N16-F1.json,data\structures\alphafill\cif\Q99N16-F1.cif,,0,,,,,,
ENZ_G001259,Q9AUD8,alphafill_candidate,alphafold_heme_transplant,heme_transplanted,1,Q9AUD8-F1,ENZ_G000700,0.416,22.78,,,,,,0,"qc=bad, n_ca=476, template=K4CF70",data\structures\alphafold\pdb\AF-Q9AUD8-F1.pdb,data\structures\heme_transplant\pdb\ENZ_G001259_heme.pdb,2.163,-9.444,-6.018
ENZ_G001260,Q9AVQ1,alphafill_candidate,alphafill,downloaded_with_heme,1,Q9AVQ1-F1,2RCM,0.470213,1.01194,0.523097,0.306757,data\structures\alphafill\json\Q9AVQ1-F1.json,data\structures\alphafill\cif\Q9AVQ1-F1.cif,,0,,,,,,
ENZ_G001261,Q9AVQ2,pcpd_predicted,pcpd_predicted,pcpd_predicted,1,,,,,,,,,pcpd/CYP71D4.pdb,0,,,,,,
ENZ_G001262,Q9AXH9,pcpd_predicted,pcpd_predicted,pcpd_predicted,1,,,,,,,,,pcpd/CYP88A15.pdb,0,,,,,,
ENZ_G001263,Q9AXM6,pcpd_predicted,pcpd_predicted,pcpd_predicted,1,,,,,,,,,pcpd/CYP725A1.pdb,0,,,,,,
ENZ_G001264,Q9AXP9,alphafill_candidate,alphafold_heme_transplant,heme_transplanted,1,Q9AXP9-F1,ENZ_G000890,0.791,0.30,,,,,,0,"qc=good, n_ca=505, template=P48522",data\structures\alphafold\pdb\AF-Q9AXP9-F1.pdb,data\structures\heme_transplant\pdb\ENZ_G001264_heme.pdb,1.938,-1.094,1.519
ENZ_G001265,Q9C1I4,alphafill_candidate,alphafill,downloaded_with_heme,1,Q9C1I4-F1,5YLW,0.284404,5.67967,1.29008,0.175972,data\structures\alphafill\json\Q9C1I4-F1.json,data\structures\alphafill\cif\Q9C1I4-F1.cif,,0,,,,,,
ENZ_G001266,Q9C449,alphafill_candidate,alphafill,downloaded_with_heme,1,Q9C449-F1,5YLW,0.278539,3.37991,1.83481,0.211755,data\structures\alphafill\json\Q9C449-F1.json,data\structures\alphafill\cif\Q9C449-F1.cif,,0,,,,,,
ENZ_G001267,Q9C5Y2,pcpd_predicted,pcpd_predicted,pcpd_predicted,1,,,,,,,,,pcpd/CYP88A4.pdb,0,,,,,,
ENZ_G001268,Q9C788,alphafill_candidate,alphafill,downloaded_with_heme,1,Q9C788-F1,5VEU,0.257576,5.37033,1.03844,0.620797,data\structures\alphafill\json\Q9C788-F1.json,data\structures\alphafill\cif\Q9C788-F1.cif,,0,,,,,,
ENZ_G001269,Q9CA60,alphafill_candidate,alphafill,downloaded_with_heme,1,Q9CA60-F1,5YLW,0.452941,1.058,0.829687,0.177644,data\structures\alphafill\json\Q9CA60-F1.json,data\structures\alphafill\cif\Q9CA60-F1.cif,,0,,,,,,
ENZ_G001270,Q9CA61,pcpd_predicted,pcpd_predicted,pcpd_predicted,1,,,,,,,,,pcpd/CYP98A8.pdb,0,,,,,,
ENZ_G001271,Q9CAD6,alphafill_candidate,alphafill,downloaded_with_heme,1,Q9CAD6-F1,6J94,0.254818,5.2475,0.95125,0.331883,data\structures\alphafill\json\Q9CAD6-F1.json,data\structures\alphafill\cif\Q9CAD6-F1.cif,,0,,,,,,
ENZ_G001272,Q9D816,alphafill_candidate,alphafill,downloaded_with_heme,1,Q9D816-F1,1R9O,0.73774,2.61403,0.558905,0.176036,data\structures\alphafill\json\Q9D816-F1.json,data\structures\alphafill\cif\Q9D816-F1.cif,,0,,,,,,
ENZ_G001273,Q9DBX6,alphafill_candidate,alphafill,downloaded_with_heme,1,Q9DBX6-F1,1PO5,0.516129,5.64479,0.468468,0.307057,data\structures\alphafill\json\Q9DBX6-F1.json,data\structures\alphafill\cif\Q9DBX6-F1.cif,,0,,,,,,
ENZ_G001274,Q9EP75,alphafill_candidate,alphafill,downloaded_with_heme,1,Q9EP75-F1,5T6Q,0.420202,2.29506,0.361509,0.191598,data\structures\alphafill\json\Q9EP75-F1.json,data\structures\alphafill\cif\Q9EP75-F1.cif,,0,,,,,,
ENZ_G001275,Q9EW92,experimental_pdb,experimental_pdb,experimental_pdb,1,,,,,,,,,s1_rcsb/2XBK,0,,,,,,
ENZ_G001276,Q9FCA6,experimental_pdb,experimental_pdb,experimental_pdb,1,,,,,,,,,s1_rcsb/1T93,0,,,,,,
ENZ_G001277,Q9FF18,alphafill_candidate,alphafill,downloaded_with_heme,1,Q9FF18-F1,6UNL,0.266958,5.26213,1.05459,0.221557,data\structures\alphafill\json\Q9FF18-F1.json,data\structures\alphafill\cif\Q9FF18-F1.cif,,0,,,,,,
ENZ_G001278,Q9FH66,pcpd_predicted,pcpd_predicted,pcpd_predicted,1,,,,,,,,,pcpd/CYP71A16.pdb,0,,,,,,
ENZ_G001279,Q9FH76,alphafill_candidate,alphafill,downloaded_with_heme,1,Q9FH76-F1,6A17,0.336323,3.09616,0.694689,0.196389,data\structures\alphafill\json\Q9FH76-F1.json,data\structures\alphafill\cif\Q9FH76-F1.cif,,0,,,,,,
ENZ_G001280,Q9FI39,alphafill_candidate,alphafill,downloaded_with_heme,1,Q9FI39-F1,8E83,0.352941,6.30684,4.57219,0.603026,data\structures\alphafill\json\Q9FI39-F1.json,data\structures\alphafill\cif\Q9FI39-F1.cif,,0,,,,,,
ENZ_G001281,Q9FLC8,pcpd_predicted,pcpd_predicted,pcpd_predicted,1,,,,,,,,,pcpd/CYP79A2.pdb,0,,,,,,
ENZ_G001282,Q9FMA5,alphafill_candidate,alphafill,downloaded_with_heme,1,Q9FMA5-F1,6A17,0.345372,2.64062,0.603138,0.224697,data\structures\alphafill\json\Q9FMA5-F1.json,data\structures\alphafill\cif\Q9FMA5-F1.cif,,0,,,,,,
ENZ_G001283,Q9FMV7,pcpd_predicted,pcpd_predicted,pcpd_predicted,1,,,,,,,,,pcpd/CYP94B1.pdb,0,,,,,,
ENZ_G001284,Q9FPM6,pcpd_predicted,pcpd_predicted,pcpd_predicted,1,,,,,,,,,pcpd/CYP74D1.pdb,0,,,,,,
ENZ_G001285,Q9FPN2,alphafill_candidate,alphafold_heme_transplant,heme_transplanted,1,Q9FPN2-F1,ENZ_G001340,0.721,3.02,,,,,,0,"qc=warn, n_ca=513, template=Q9SD85",data\structures\alphafold\pdb\AF-Q9FPN2-F1.pdb,data\structures\heme_transplant\pdb\ENZ_G001285_heme.pdb,3.173,1.679,2.006
ENZ_G001286,Q9FPN4,alphafill_candidate,alphafold_heme_transplant,heme_transplanted,1,Q9FPN4-F1,ENZ_G001558,0.453,5.56,,,,,,0,"qc=bad, n_ca=481, template=",data\structures\alphafold\pdb\AF-Q9FPN4-F1.pdb,data\structures\heme_transplant\pdb\ENZ_G001286_heme.pdb,4.235,-1.360,4.257
ENZ_G001287,Q9FPN5,alphafill_candidate,alphafold_heme_transplant,heme_transplanted,1,Q9FPN5-F1,ENZ_G001558,0.582,8.85,,,,,,0,"qc=bad, n_ca=483, template=",data\structures\alphafold\pdb\AF-Q9FPN5-F1.pdb,data\structures\heme_transplant\pdb\ENZ_G001287_heme.pdb,-2.472,5.602,-1.645
ENZ_G001288,Q9FQY5,alphafill_candidate,alphafold_heme_transplant,heme_transplanted,1,Q9FQY5-F1,ENZ_G000079,0.317,10.03,,,,,,0,"qc=bad, n_ca=481, template=A0A0G2RKY1",data\structures\alphafold\pdb\AF-Q9FQY5-F1.pdb,data\structures\heme_transplant\pdb\ENZ_G001288_heme.pdb,2.741,-2.491,1.107
ENZ_G001289,Q9FS35,alphafill_candidate,alphafold_heme_transplant,heme_transplanted,1,Q9FS35-F1,ENZ_G000886,0.485,12.82,,,,,,0,"qc=bad, n_ca=506, template=P48418",data\structures\alphafold\pdb\AF-Q9FS35-F1.pdb,data\structures\heme_transplant\pdb\ENZ_G001289_heme.pdb,10.192,10.096,-7.071
ENZ_G001290,Q9FUY7,alphafill_candidate,alphafill,downloaded_with_heme,1,Q9FUY7-F1,8E83,0.287179,6.38471,4.25949,0.519953,data\structures\alphafill\json\Q9FUY7-F1.json,data\structures\alphafill\cif\Q9FUY7-F1.cif,,0,,,,,,
ENZ_G001291,Q9FVM9,alphafill_candidate,alphafold_heme_transplant,heme_transplanted,1,Q9FVM9-F1,ENZ_G001251,0.768,1.19,,,,,,0,"qc=good, n_ca=501, template=Q94IP1",data\structures\alphafold\pdb\AF-Q9FVM9-F1.pdb,data\structures\heme_transplant\pdb\ENZ_G001291_heme.pdb,7.183,6.588,-7.665
ENZ_G001292,Q9FXW4,pcpd_predicted,pcpd_predicted,pcpd_predicted,1,,,,,,,,,pcpd/CYP80B2.pdb,0,,,,,,
ENZ_G001293,Q9GJX5,alphafill_candidate,alphafill,downloaded_with_heme,1,Q9GJX5-F1,6C93,0.541226,1.58742,0.415926,0.130794,data\structures\alphafill\json\Q9GJX5-F1.json,data\structures\alphafill\cif\Q9GJX5-F1.cif,,0,,,,,,
ENZ_G001294,Q9GLL1,alphafill_candidate,alphafill,downloaded_with_heme,1,Q9GLL1-F1,5T6Q,0.441667,2.52836,0.333977,0.185874,data\structures\alphafill\json\Q9GLL1-F1.json,data\structures\alphafill\cif\Q9GLL1-F1.cif,,0,,,,,,
ENZ_G001295,Q9GMC7,alphafill_candidate,alphafill,downloaded_with_heme,1,Q9GMC7-F1,3RUK,0.655738,2.52853,0.283233,0.102015,data\structures\alphafill\json\Q9GMC7-F1.json,data\structures\alphafill\cif\Q9GMC7-F1.cif,,0,,,,,,
ENZ_G001296,Q9GMC8,alphafill_candidate,alphafill,downloaded_with_heme,1,Q9GMC8-F1,3RUK,0.758691,2.53449,0.276762,0.103901,data\structures\alphafill\json\Q9GMC8-F1.json,data\structures\alphafill\cif\Q9GMC8-F1.cif,,0,,,,,,
ENZ_G001297,Q9HBI6,alphafill_candidate,alphafill,downloaded_with_heme,1,Q9HBI6-F1,5T6Q,0.430353,2.28263,0.403697,0.247105,data\structures\alphafill\json\Q9HBI6-F1.json,data\structures\alphafill\cif\Q9HBI6-F1.cif,,0,,,,,,
ENZ_G001298,Q9HCS2,alphafill_candidate,alphafill,downloaded_with_heme,1,Q9HCS2-F1,6C93,0.45283,3.01884,0.503435,0.156824,data\structures\alphafill\json\Q9HCS2-F1.json,data\structures\alphafill\cif\Q9HCS2-F1.cif,,0,,,,,,
ENZ_G001299,Q9JKJ9,alphafill_candidate,alphafill,downloaded_with_heme,1,Q9JKJ9-F1,8EOH,0.283582,4.42708,1.16882,0.10288,data\structures\alphafill\json\Q9JKJ9-F1.json,data\structures\alphafill\cif\Q9JKJ9-F1.cif,,0,,,,,,
ENZ_G001300,Q9K498,alphafill_candidate,alphafill,downloaded_with_heme,1,Q9K498-F1,3DBG,0.947939,1.42632,0.7483,0.156211,data\structures\alphafill\json\Q9K498-F1.json,data\structures\alphafill\cif\Q9K498-F1.cif,,0,,,,,,
ENZ_G001301,Q9KIZ4,experimental_pdb,experimental_pdb,experimental_pdb,1,,,,,,,,,s1_rcsb/1PKF,0,,,,,,
ENZ_G001302,Q9KZF5,experimental_pdb,experimental_pdb,experimental_pdb,1,,,,,,,,,s1_rcsb/2NZ5,0,,,,,,
ENZ_G001303,Q9LDT7,alphafill_candidate,alphafold_heme_transplant,heme_transplanted,1,Q9LDT7-F1,ENZ_G001350,0.990,0.90,,,,,,0,"qc=good, n_ca=521, template=Q9SWR5",data\structures\alphafold\pdb\AF-Q9LDT7-F1.pdb,data\structures\heme_transplant\pdb\ENZ_G001303_heme.pdb,1.007,-0.059,1.965
ENZ_G001304,Q9LJK2,pcpd_predicted,pcpd_predicted,pcpd_predicted,1,,,,,,,,,pcpd/CYP707A4.pdb,0,,,,,,
ENZ_G001305,Q9LLB0,alphafill_candidate,alphafill,downloaded_with_heme,1,Q9LLB0-F1,2RCH,0.651613,0.596193,0.199885,0.138879,data\structures\alphafill\json\Q9LLB0-F1.json,data\structures\alphafill\cif\Q9LLB0-F1.cif,,0,,,,,,
ENZ_G001306,Q9LMM1,alphafill_candidate,alphafill,downloaded_with_heme,1,Q9LMM1-F1,6C93,0.315589,3.67165,0.585967,0.275736,data\structures\alphafill\json\Q9LMM1-F1.json,data\structures\alphafill\cif\Q9LMM1-F1.cif,,0,,,,,,
ENZ_G001307,Q9LNJ4,pcpd_predicted,pcpd_predicted,pcpd_predicted,1,,,,,,,,,pcpd/CYP703A2.pdb,0,,,,,,
ENZ_G001308,Q9LQB7,pcpd_predicted,pcpd_predicted,pcpd_predicted,1,,,,,,,,,pcpd/CYP79C2.pdb,0,,,,,,
ENZ_G001309,Q9LSF8,alphafill_candidate,alphafill,downloaded_with_heme,1,Q9LSF8-F1,5YLW,0.272523,3.02808,1.51876,0.208413,data\structures\alphafill\json\Q9LSF8-F1.json,data\structures\alphafill\cif\Q9LSF8-F1.cif,,0,,,,,,
ENZ_G001310,Q9LUC5,alphafill_candidate,alphafill,downloaded_with_heme,1,Q9LUC5-F1,2Q9F,0.273364,4.2971,0.81502,0.185112,data\structures\alphafill\json\Q9LUC5-F1.json,data\structures\alphafill\cif\Q9LUC5-F1.cif,,0,,,,,,
ENZ_G001311,Q9LUC8,alphafill_candidate,alphafill,downloaded_with_heme,1,Q9LUC8-F1,8EWQ,0.267157,4.15496,1.36636,0.246329,data\structures\alphafill\json\Q9LUC8-F1.json,data\structures\alphafill\cif\Q9LUC8-F1.cif,,0,,,,,,
ENZ_G001312,Q9LUD3,pcpd_predicted,pcpd_predicted,pcpd_predicted,1,,,,,,,,,pcpd/CYP72A7.pdb,0,,,,,,
ENZ_G001313,Q9LVD6,alphafill_candidate,alphafill,downloaded_with_heme,1,Q9LVD6-F1,4R20,0.329787,1.84676,0.317479,0.815703,data\structures\alphafill\json\Q9LVD6-F1.json,data\structures\alphafill\cif\Q9LVD6-F1.cif,,0,,,,,,
ENZ_G001314,Q9LVY7,pcpd_predicted,pcpd_predicted,pcpd_predicted,1,,,,,,,,,pcpd/CYP716A1.pdb,0,,,,,,
ENZ_G001315,Q9LW27,alphafill_candidate,alphafill,downloaded_with_heme,1,Q9LW27-F1,5YLW,0.274554,3.206,0.974918,0.157631,data\structures\alphafill\json\Q9LW27-F1.json,data\structures\alphafill\cif\Q9LW27-F1.cif,,0,,,,,,
ENZ_G001316,Q9LXM3,alphafill_candidate,alphafill,downloaded_with_heme,1,Q9LXM3-F1,5YLW,0.296296,2.8394,0.960377,0.184865,data\structures\alphafill\json\Q9LXM3-F1.json,data\structures\alphafill\cif\Q9LXM3-F1.cif,,0,,,,,,
ENZ_G001317,Q9LZ31,alphafill_candidate,alphafill,downloaded_with_heme,1,Q9LZ31-F1,3R1B,0.308411,5.84424,0.491948,0.68989,data\structures\alphafill\json\Q9LZ31-F1.json,data\structures\alphafill\cif\Q9LZ31-F1.cif,,0,,,,,,
ENZ_G001318,Q9M066,pcpd_predicted,pcpd_predicted,pcpd_predicted,1,,,,,,,,,pcpd/CYP90C1.pdb,0,,,,,,
ENZ_G001319,Q9M4C7,alphafill_candidate,alphafold_heme_transplant,heme_transplanted,1,Q9M4C7-F1,ENZ_G001173,0.541,11.93,,,,,,0,"qc=bad, n_ca=478, template=Q7XYS3",data\structures\alphafold\pdb\AF-Q9M4C7-F1.pdb,data\structures\heme_transplant\pdb\ENZ_G001319_heme.pdb,-6.760,-7.183,16.613
ENZ_G001320,Q9M6C5,alphafill_candidate,alphafold_heme_transplant,heme_transplanted,1,Q9M6C5-F1,ENZ_G001350,0.899,1.00,,,,,,0,"qc=good, n_ca=521, template=Q9SWR5",data\structures\alphafold\pdb\AF-Q9M6C5-F1.pdb,data\structures\heme_transplant\pdb\ENZ_G001320_heme.pdb,1.720,-0.508,2.073
ENZ_G001321,Q9M6C8,alphafill_candidate,alphafold_heme_transplant,heme_transplanted,1,Q9M6C8-F1,ENZ_G001350,0.990,2.30,,,,,,0,"qc=good, n_ca=521, template=Q9SWR5",data\structures\alphafold\pdb\AF-Q9M6C8-F1.pdb,data\structures\heme_transplant\pdb\ENZ_G001321_heme.pdb,1.164,-0.099,1.803
ENZ_G001322,Q9M7B7,alphafill_candidate,alphafill,downloaded_with_heme,1,Q9M7B7-F1,8E83,0.361446,4.75386,3.72869,0.572881,data\structures\alphafill\json\Q9M7B7-F1.json,data\structures\alphafill\cif\Q9M7B7-F1.cif,,0,,,,,,
ENZ_G001323,Q9M7B8,pcpd_predicted,pcpd_predicted,pcpd_predicted,1,,,,,,,,,pcpd/CYP79D1.pdb,0,,,,,,
ENZ_G001324,Q9M7B9,alphafill_candidate,alphafold_heme_transplant,heme_transplanted,1,Q9M7B9-F1,ENZ_G001325,0.890,11.27,,,,,,0,"qc=bad, n_ca=481, template=Q9M7C0",data\structures\alphafold\pdb\AF-Q9M7B9-F1.pdb,data\structures\heme_transplant\pdb\ENZ_G001324_heme.pdb,-5.860,-0.716,-0.218
ENZ_G001325,Q9M7C0,pcpd_predicted,pcpd_predicted,pcpd_predicted,1,,,,,,,,,pcpd/CYP79E1.pdb,0,,,,,,
ENZ_G001326,Q9MBE4,alphafill_candidate,alphafold_heme_transplant,heme_transplanted,1,Q9MBE4-F1,ENZ_G000907,0.627,3.16,,,,,,0,"qc=warn, n_ca=499, template=P93147",data\structures\alphafold\pdb\AF-Q9MBE4-F1.pdb,data\structures\heme_transplant\pdb\ENZ_G001326_heme.pdb,2.667,-0.797,0.016
ENZ_G001327,Q9MBF5,alphafill_candidate,alphafold_heme_transplant,heme_transplanted,1,Q9MBF5-F1,ENZ_G001471,0.998,1.52,,,,,,0,"qc=good, n_ca=490, template=",data\structures\alphafold\pdb\AF-Q9MBF5-F1.pdb,data\structures\heme_transplant\pdb\ENZ_G001327_heme.pdb,4.015,0.148,3.137
ENZ_G001328,Q9N0U7,alphafill_candidate,alphafill,downloaded_with_heme,1,Q9N0U7-F1,3RUK,0.67418,2.52041,0.260778,0.105158,data\structures\alphafill\json\Q9N0U7-F1.json,data\structures\alphafill\cif\Q9N0U7-F1.cif,,0,,,,,,
ENZ_G001329,Q9NGX9,alphafill_candidate,alphafill,downloaded_with_heme,1,Q9NGX9-F1,3K9V,0.351955,2.03895,0.87725,0.211339,data\structures\alphafill\json\Q9NGX9-F1.json,data\structures\alphafill\cif\Q9NGX9-F1.cif,,0,,,,,,
ENZ_G001330,Q9NR63,alphafill_candidate,alphafill,downloaded_with_heme,1,Q9NR63-F1,2VE3,0.331096,2.704,0.671569,0.175051,data\structures\alphafill\json\Q9NR63-F1.json,data\structures\alphafill\cif\Q9NR63-F1.cif,,0,,,,,,
ENZ_G001331,Q9NYL5,alphafill_candidate,alphafill,downloaded_with_heme,1,Q9NYL5-F1,8EOH,0.310811,4.10044,1.27265,0.202906,data\structures\alphafill\json\Q9NYL5-F1.json,data\structures\alphafill\cif\Q9NYL5-F1.cif,,0,,,,,,
ENZ_G001332,Q9PUB4,alphafill_candidate,alphafill,downloaded_with_heme,1,Q9PUB4-F1,2VE3,0.359629,2.67977,0.660484,0.20285,data\structures\alphafill\json\Q9PUB4-F1.json,data\structures\alphafill\cif\Q9PUB4-F1.cif,,0,,,,,,
ENZ_G001333,Q9QXF7,alphafill_candidate,alphafill,downloaded_with_heme,1,Q9QXF7-F1,5E0E,0.437229,2.32882,0.767086,0.224795,data\structures\alphafill\json\Q9QXF7-F1.json,data\structures\alphafill\cif\Q9QXF7-F1.cif,,0,,,,,,
ENZ_G001334,Q9SAA9,pcpd_predicted,pcpd_predicted,pcpd_predicted,1,,,,,,,,,pcpd/CYP51G1.pdb,0,,,,,,
ENZ_G001335,Q9SB21,alphafill_candidate,alphafold_heme_transplant,heme_transplanted,1,Q9SB21-F1,ENZ_G001617,0.128,2.20,,,,,,0,"qc=good, n_ca=67, template=",data\structures\alphafold\pdb\AF-Q9SB21-F1.pdb,data\structures\heme_transplant\pdb\ENZ_G001335_heme.pdb,-28.027,-5.244,0.663
ENZ_G001336,Q9SB48,alphafill_candidate,alphafold_heme_transplant,heme_transplanted,1,Q9SB48-F1,ENZ_G000253,0.173,30.23,,,data\structures\alphafill\json\Q9SB48-F1.json,,,0,"qc=bad, n_ca=692, template=A0A2I9DQ46",data\structures\alphafold\pdb\AF-Q9SB48-F1.pdb,data\structures\heme_transplant\pdb\ENZ_G001336_heme.pdb,8.460,12.272,3.016
ENZ_G001337,Q9SBP8,pcpd_predicted,pcpd_predicted,pcpd_predicted,1,,,,,,,,,pcpd/CYP84A500.pdb,0,,,,,,
ENZ_G001338,Q9SBQ9,alphafill_candidate,alphafill,downloaded_with_heme,1,Q9SBQ9-F1,5YLW,0.327586,3.46582,0.846304,0.205622,data\structures\alphafill\json\Q9SBQ9-F1.json,data\structures\alphafill\cif\Q9SBQ9-F1.cif,,0,,,,,,
ENZ_G001339,Q9SCN2,alphafill_candidate,alphafill,downloaded_with_heme,1,Q9SCN2-F1,5YLW,0.298013,3.20873,0.891686,0.166928,data\structures\alphafill\json\Q9SCN2-F1.json,data\structures\alphafill\cif\Q9SCN2-F1.cif,,0,,,,,,
ENZ_G001340,Q9SD85,alphafill_candidate,alphafill,downloaded_with_heme,1,Q9SD85-F1,7X2Q,0.320961,3.13156,0.819534,0.131716,data\structures\alphafill\json\Q9SD85-F1.json,data\structures\alphafill\cif\Q9SD85-F1.cif,,0,,,,,,
ENZ_G001341,Q9SHG5,alphafill_candidate,alphafill,downloaded_with_heme,1,Q9SHG5-F1,6L8H,0.292308,5.42392,1.31169,0.299965,data\structures\alphafill\json\Q9SHG5-F1.json,data\structures\alphafill\cif\Q9SHG5-F1.cif,,0,,,,,,
ENZ_G001342,Q9SMP5,alphafill_candidate,alphafill,downloaded_with_heme,1,Q9SMP5-F1,6L8H,0.267281,5.11461,1.29306,0.39782,data\structures\alphafill\json\Q9SMP5-F1.json,data\structures\alphafill\cif\Q9SMP5-F1.cif,,0,,,,,,
ENZ_G001343,Q9SP06,alphafill_candidate,alphafill,downloaded_with_heme,1,Q9SP06-F1,5YLW,0.375546,1.97774,0.72334,0.164838,data\structures\alphafill\json\Q9SP06-F1.json,data\structures\alphafill\cif\Q9SP06-F1.cif,,0,,,,,,
ENZ_G001344,Q9SQY7,alphafill_candidate,alphafill,downloaded_with_heme,1,Q9SQY7-F1,3R1B,0.277778,6.12229,0.475055,0.730874,data\structures\alphafill\json\Q9SQY7-F1.json,data\structures\alphafill\cif\Q9SQY7-F1.cif,,0,,,,,,
ENZ_G001345,Q9SRQ1,alphafill_candidate,alphafill,downloaded_with_heme,1,Q9SRQ1-F1,6VBY,0.336449,2.33614,0.183836,0.571159,data\structures\alphafill\json\Q9SRQ1-F1.json,data\structures\alphafill\cif\Q9SRQ1-F1.cif,,0,,,,,,
ENZ_G001346,Q9SSX4,alphafill_candidate,alphafold_heme_transplant,heme_transplanted,1,Q9SSX4-F1,ENZ_G001361,0.321,7.50,,,,,,0,"qc=bad, n_ca=511, template=Q9XGT9",data\structures\alphafold\pdb\AF-Q9SSX4-F1.pdb,data\structures\heme_transplant\pdb\ENZ_G001346_heme.pdb,5.987,5.053,-7.327
ENZ_G001347,Q9SSX5,alphafill_candidate,alphafold_heme_transplant,heme_transplanted,1,Q9SSX5-F1,ENZ_G000596,0.334,17.39,,,,,,0,"qc=bad, n_ca=506, template=E9KBR8",data\structures\alphafold\pdb\AF-Q9SSX5-F1.pdb,data\structures\heme_transplant\pdb\ENZ_G001347_heme.pdb,3.991,0.817,2.251
ENZ_G001348,Q9SWE3,alphafill_candidate,alphafold_heme_transplant,heme_transplanted,1,Q9SWE3-F1,ENZ_G001472,0.482,6.43,,,,,,0,"qc=bad, n_ca=466, template=",data\structures\alphafold\pdb\AF-Q9SWE3-F1.pdb,data\structures\heme_transplant\pdb\ENZ_G001348_heme.pdb,-3.149,5.195,-0.225
ENZ_G001349,Q9SWR1,pcpd_predicted,pcpd_predicted,pcpd_predicted,1,,,,,,,,,pcpd/CYP84A3.pdb,0,,,,,,
ENZ_G001350,Q9SWR5,alphafill_candidate,alphafill,downloaded_with_heme,1,Q9SWR5-F1,8E83,0.738494,5.15157,4.4953,0.637763,data\structures\alphafill\json\Q9SWR5-F1.json,data\structures\alphafill\cif\Q9SWR5-F1.cif,,0,,,,,,
ENZ_G001351,Q9SXS3,pcpd_predicted,pcpd_predicted,pcpd_predicted,1,,,,,,,,,pcpd/CYP93C2.pdb,0,,,,,,
ENZ_G001352,Q9SZ46,pcpd_predicted,pcpd_predicted,pcpd_predicted,1,,,,,,,,,pcpd/CYP82C4.pdb,0,,,,,,
ENZ_G001353,Q9SZU1,alphafill_candidate,alphafill,downloaded_with_heme,1,Q9SZU1-F1,5YLW,0.286957,4.57942,0.657049,0.159019,data\structures\alphafill\json\Q9SZU1-F1.json,data\structures\alphafill\cif\Q9SZU1-F1.cif,,0,,,,,,
ENZ_G001354,Q9UNU6,alphafill_candidate,alphafill,downloaded_with_heme,1,Q9UNU6-F1,8EOH,0.972689,1.15409,0.518334,0.168942,data\structures\alphafill\json\Q9UNU6-F1.json,data\structures\alphafill\cif\Q9UNU6-F1.cif,,0,,,,,,
ENZ_G001355,Q9UUS2,alphafill_candidate,alphafill,downloaded_with_heme,1,Q9UUS2-F1,4FXB,0.341176,3.8012,1.07078,0.437628,data\structures\alphafill\json\Q9UUS2-F1.json,data\structures\alphafill\cif\Q9UUS2-F1.cif,,0,,,,,,
ENZ_G001356,Q9UW95,alphafill_candidate,alphafill,downloaded_with_heme,1,Q9UW95-F1,6UNJ,0.344444,2.52462,0.20164,0.744266,data\structures\alphafill\json\Q9UW95-F1.json,data\structures\alphafill\cif\Q9UW95-F1.cif,,0,,,,,,
ENZ_G001357,Q9VGH1,alphafill_candidate,alphafill,downloaded_with_heme,1,Q9VGH1-F1,3K9Y,0.313131,2.13687,0.145095,0.857888,data\structures\alphafill\json\Q9VGH1-F1.json,data\structures\alphafill\cif\Q9VGH1-F1.cif,,0,,,,,,
ENZ_G001358,Q9VUF8,alphafill_candidate,alphafill,downloaded_with_heme,1,Q9VUF8-F1,3K9V,0.255144,4.26206,1.70433,0.458822,data\structures\alphafill\json\Q9VUF8-F1.json,data\structures\alphafill\cif\Q9VUF8-F1.cif,,0,,,,,,
ENZ_G001359,Q9VWR5,alphafill_candidate,alphafill,downloaded_with_heme,1,Q9VWR5-F1,6B82,0.358586,1.78475,0.779118,0.236316,data\structures\alphafill\json\Q9VWR5-F1.json,data\structures\alphafill\cif\Q9VWR5-F1.cif,,0,,,,,,
ENZ_G001360,Q9WVK8,alphafill_candidate,alphafill,downloaded_with_heme,1,Q9WVK8-F1,2Q9F,0.920814,1.09238,0.22068,0.150165,data\structures\alphafill\json\Q9WVK8-F1.json,data\structures\alphafill\cif\Q9WVK8-F1.cif,,0,,,,,,
ENZ_G001361,Q9XGT9,alphafill_candidate,alphafill,downloaded_with_heme,1,Q9XGT9-F1,8E83,0.420949,5.92537,4.78153,0.633096,data\structures\alphafill\json\Q9XGT9-F1.json,data\structures\alphafill\cif\Q9XGT9-F1.cif,,0,,,,,,
ENZ_G001362,Q9XHC6,alphafill_candidate,alphafill,downloaded_with_heme,1,Q9XHC6-F1,8E83,0.388535,5.61949,4.67248,0.667383,data\structures\alphafill\json\Q9XHC6-F1.json,data\structures\alphafill\cif\Q9XHC6-F1.cif,,0,,,,,,
ENZ_G001363,Q9XHE6,pcpd_predicted,pcpd_predicted,pcpd_predicted,1,,,,,,,,,pcpd/CYP71D15.pdb,0,,,,,,
ENZ_G001364,Q9XHE7,alphafill_candidate,alphafill,downloaded_with_heme,1,Q9XHE7-F1,8E83,0.312364,6.15543,4.40357,0.620666,data\structures\alphafill\json\Q9XHE7-F1.json,data\structures\alphafill\cif\Q9XHE7-F1.cif,,0,,,,,,
ENZ_G001365,Q9XHE8,alphafill_candidate,alphafill,downloaded_with_heme,1,Q9XHE8-F1,5YLW,0.327801,3.46382,1.0644,0.123566,data\structures\alphafill\json\Q9XHE8-F1.json,data\structures\alphafill\cif\Q9XHE8-F1.cif,,0,,,,,,
ENZ_G001366,Q9XS57,alphafill_candidate,alphafold_heme_transplant,heme_transplanted,1,Q9XS57-F1,ENZ_G000732,0.742,10.62,,,,,,0,"qc=bad, n_ca=504, template=O15528",data\structures\alphafold\pdb\AF-Q9XS57-F1.pdb,data\structures\heme_transplant\pdb\ENZ_G001366_heme.pdb,2.855,-0.601,1.925
ENZ_G001367,Q9Y6A2,alphafill_candidate,alphafill,downloaded_with_heme,1,Q9Y6A2-F1,2Q9F,1,1.05909,0.20572,0.151911,data\structures\alphafill\json\Q9Y6A2-F1.json,data\structures\alphafill\cif\Q9Y6A2-F1.cif,,0,,,,,,
ENZ_G001368,Q9Y757,alphafill_candidate,alphafill,downloaded_with_heme,1,Q9Y757-F1,7SV2,0.261614,7.10537,1.62722,0.497127,data\structures\alphafill\json\Q9Y757-F1.json,data\structures\alphafill\cif\Q9Y757-F1.cif,,0,,,,,,
ENZ_G001369,Q9Y758,alphafill_candidate,alphafill,downloaded_with_heme,1,Q9Y758-F1,2V0M,0.280488,5.84269,1.29007,0.469724,data\structures\alphafill\json\Q9Y758-F1.json,data\structures\alphafill\cif\Q9Y758-F1.cif,,0,,,,,,
ENZ_G001370,Q9Y7C8,alphafill_candidate,alphafill,downloaded_with_heme,1,Q9Y7C8-F1,7X2Q,0.292929,4.70913,5.10683,0.603432,data\structures\alphafill\json\Q9Y7C8-F1.json,data\structures\alphafill\cif\Q9Y7C8-F1.cif,,0,,,,,,
ENZ_G001371,Q9Y7G5,alphafill_candidate,alphafill,downloaded_with_heme,1,Q9Y7G5-F1,7X2Q,0.296703,4.32872,1.54674,0.832202,data\structures\alphafill\json\Q9Y7G5-F1.json,data\structures\alphafill\cif\Q9Y7G5-F1.cif,,0,,,,,,
ENZ_G001372,Q9Y8G7,alphafill_candidate,alphafill,downloaded_with_heme,1,Q9Y8G7-F1,7P6L,0.59607,0.954579,0.466057,0.168138,data\structures\alphafill\json\Q9Y8G7-F1.json,data\structures\alphafill\cif\Q9Y8G7-F1.cif,,0,,,,,,
ENZ_G001373,Q9ZAU3,alphafill_candidate,alphafill,downloaded_with_heme,1,Q9ZAU3-F1,5CJE,0.374233,5.6759,2.24352,0.619547,data\structures\alphafill\json\Q9ZAU3-F1.json,data\structures\alphafill\cif\Q9ZAU3-F1.cif,,0,,,,,,
ENZ_G001374,Q9ZHQ1,experimental_pdb,experimental_pdb,experimental_pdb,1,,,,,,,,,s1_rcsb/6B11,0,,,,,,
ENZ_G001375,Q9ZRY0,alphafill_candidate,alphafold_heme_transplant,heme_transplanted,1,Q9ZRY0-F1,ENZ_G000886,0.552,10.81,,,,,,0,"qc=bad, n_ca=506, template=P48418",data\structures\alphafold\pdb\AF-Q9ZRY0-F1.pdb,data\structures\heme_transplant\pdb\ENZ_G001375_heme.pdb,8.536,9.681,-9.329
ENZ_G001376,Q9ZSY9,alphafill_candidate,alphafill,downloaded_with_heme,1,Q9ZSY9-F1,2RCM,0.415556,1.58916,0.471119,0.126425,data\structures\alphafill\json\Q9ZSY9-F1.json,data\structures\alphafill\cif\Q9ZSY9-F1.cif,,0,,,,,,
ENZ_G001377,Q9ZUX1,alphafill_candidate,alphafill,downloaded_with_heme,1,Q9ZUX1-F1,6J95,0.277778,3.99025,0.891892,0.450415,data\structures\alphafill\json\Q9ZUX1-F1.json,data\structures\alphafill\cif\Q9ZUX1-F1.cif,,0,,,,,,
ENZ_G001378,Q9ZV28,alphafill_candidate,alphafill,downloaded_with_heme,1,Q9ZV28-F1,5TL8,0.331429,2.66778,0.999754,0.202301,data\structures\alphafill\json\Q9ZV28-F1.json,data\structures\alphafill\cif\Q9ZV28-F1.cif,,0,,,,,,
ENZ_G001379,Q9ZW95,alphafill_candidate,alphafill,downloaded_with_heme,1,Q9ZW95-F1,7WZL,0.278409,2.57653,0.689531,0.18206,data\structures\alphafill\json\Q9ZW95-F1.json,data\structures\alphafill\cif\Q9ZW95-F1.cif,,0,,,,,,
ENZ_G001380,Q9ZWK2,alphafill_candidate,alphafold_heme_transplant,heme_transplanted,1,Q9ZWK2-F1,ENZ_G000336,0.209,9.52,,,,,,0,"qc=bad, n_ca=519, template=A0A517FND1",data\structures\alphafold\pdb\AF-Q9ZWK2-F1.pdb,data\structures\heme_transplant\pdb\ENZ_G001380_heme.pdb,21.401,6.333,4.995
ENZ_G001381,R0IGL9,alphafill_candidate,alphafold_heme_transplant,heme_transplanted,1,R0IGL9-F1,ENZ_G000955,0.324,8.87,,,,,,0,"qc=bad, n_ca=1050, template=Q0D1W9",data\structures\alphafold\pdb\AF-R0IGL9-F1.pdb,data\structures\heme_transplant\pdb\ENZ_G001381_heme.pdb,-3.570,-12.268,17.808
ENZ_G001382,R4WC97,alphafill_candidate,alphafold_heme_transplant,heme_transplanted,1,R4WC97-F1,ENZ_G000503,0.646,9.21,,,,,,0,"qc=bad, n_ca=515, template=B6ST45",data\structures\alphafold\pdb\AF-R4WC97-F1.pdb,data\structures\heme_transplant\pdb\ENZ_G001382_heme.pdb,4.742,-1.640,-3.051
ENZ_G001383,R4X4I5,alphafill_candidate,alphafold_heme_transplant,heme_transplanted,1,R4X4I5-F1,ENZ_G000942,0.759,11.94,,,,,,0,"qc=bad, n_ca=434, template=Q05JG2",data\structures\alphafold\pdb\AF-R4X4I5-F1.pdb,data\structures\heme_transplant\pdb\ENZ_G001383_heme.pdb,6.228,-2.739,-0.159
ENZ_G001384,R9USI6,alphafill_candidate,alphafold_heme_transplant,heme_transplanted,1,R9USI6-F1,ENZ_G001572,0.208,7.77,,,,,,0,"qc=bad, n_ca=395, template=",data\structures\alphafold\pdb\AF-R9USI6-F1.pdb,data\structures\heme_transplant\pdb\ENZ_G001384_heme.pdb,3.265,-3.910,2.571
ENZ_G001385,R9WTS9,alphafill_candidate,alphafold_heme_transplant,heme_transplanted,1,R9WTS9-F1,ENZ_G001456,0.926,2.17,,,,,,0,"qc=good, n_ca=496, template=X2JE85",data\structures\alphafold\pdb\AF-R9WTS9-F1.pdb,data\structures\heme_transplant\pdb\ENZ_G001385_heme.pdb,0.202,-4.551,-0.896
ENZ_G001386,R9WUG5,alphafill_candidate,alphafold_heme_transplant,heme_transplanted,1,R9WUG5-F1,ENZ_G001457,0.987,1.20,,,,,,0,"qc=good, n_ca=488, template=X2JI34",data\structures\alphafold\pdb\AF-R9WUG5-F1.pdb,data\structures\heme_transplant\pdb\ENZ_G001386_heme.pdb,4.516,-2.526,6.383
ENZ_G001387,S0DPM1,alphafill_candidate,alphafill,downloaded_with_heme,1,S0DPM1-F1,3C6G,0.323232,7.95975,7.39439,0.667204,data\structures\alphafill\json\S0DPM1-F1.json,data\structures\alphafill\cif\S0DPM1-F1.cif,,0,,,,,,
ENZ_G001388,S0E2Y2,alphafill_candidate,alphafill,downloaded_with_heme,1,S0E2Y2-F1,6MCW,0.273171,4.3905,2.38844,0.337948,data\structures\alphafill\json\S0E2Y2-F1.json,data\structures\alphafill\cif\S0E2Y2-F1.cif,,0,,,,,,
ENZ_G001389,S0E3D0,alphafill_candidate,alphafill,downloaded_with_heme,1,S0E3D0-F1,7X2Q,0.254826,4.55593,1.66566,0.192772,data\structures\alphafill\json\S0E3D0-F1.json,data\structures\alphafill\cif\S0E3D0-F1.cif,,0,,,,,,
ENZ_G001390,S0E9M0,alphafill_candidate,alphafill,downloaded_with_heme,1,S0E9M0-F1,7JJ1,0.289216,3.40588,2.46212,0.306144,data\structures\alphafill\json\S0E9M0-F1.json,data\structures\alphafill\cif\S0E9M0-F1.cif,,0,,,,,,
ENZ_G001391,S3D775,alphafill_candidate,alphafill,downloaded_with_heme,1,S3D775-F1,4H1N,0.294444,8.58464,9.65594,0.736885,data\structures\alphafill\json\S3D775-F1.json,data\structures\alphafill\cif\S3D775-F1.cif,,0,,,,,,
ENZ_G001392,S4UX02,alphafill_candidate,alphafill,downloaded_with_heme,1,S4UX02-F1,5YLW,0.941414,1.61965,0.548447,0.138141,data\structures\alphafill\json\S4UX02-F1.json,data\structures\alphafill\cif\S4UX02-F1.cif,,0,,,,,,
ENZ_G001393,S6BVH1,experimental_pdb,experimental_pdb,experimental_pdb,1,,,,,,,,,s1_rcsb/3WEC,0,,,,,,
ENZ_G001394,SEQHASH_02AD4E964D8B064D,no_source,,needs_colabfold,0,SEQHASH_02AD4E964D8B064D-F1,,,,,,,,,1,Invalid UniProt ID: SEQHASH_02AD4E964D8B064D (was misclassified as alphafill_candidate),,,,,
ENZ_G001395,SEQHASH_0526AC054D08951C,no_source,,needs_colabfold,0,SEQHASH_0526AC054D08951C-F1,,,,,,,,,1,Invalid UniProt ID: SEQHASH_0526AC054D08951C (was misclassified as alphafill_candidate),,,,,
ENZ_G001396,SEQHASH_1D8876FF5A8E23E6,no_source,,needs_colabfold,0,SEQHASH_1D8876FF5A8E23E6-F1,,,,,,,,,1,Invalid UniProt ID: SEQHASH_1D8876FF5A8E23E6 (was misclassified as alphafill_candidate),,,,,
ENZ_G001397,SEQHASH_33057A559C35A9DA,no_source,,needs_colabfold,0,SEQHASH_33057A559C35A9DA-F1,,,,,,,,,1,Invalid UniProt ID: SEQHASH_33057A559C35A9DA (was misclassified as alphafill_candidate),,,,,
ENZ_G001398,SEQHASH_3CA158A31EE068E6,no_source,,needs_colabfold,0,SEQHASH_3CA158A31EE068E6-F1,,,,,,,,,1,Invalid UniProt ID: SEQHASH_3CA158A31EE068E6 (was misclassified as alphafill_candidate),,,,,
ENZ_G001399,SEQHASH_436DBBD1303F2C63,no_source,,needs_colabfold,0,SEQHASH_436DBBD1303F2C63-F1,,,,,,,,,1,Invalid UniProt ID: SEQHASH_436DBBD1303F2C63 (was misclassified as alphafill_candidate),,,,,
ENZ_G001400,SEQHASH_43DBB2BEAFEA8F19,no_source,,needs_colabfold,0,SEQHASH_43DBB2BEAFEA8F19-F1,,,,,,,,,1,Invalid UniProt ID: SEQHASH_43DBB2BEAFEA8F19 (was misclassified as alphafill_candidate),,,,,
ENZ_G001401,SEQHASH_49304B0062E5791E,no_source,,needs_colabfold,0,SEQHASH_49304B0062E5791E-F1,,,,,,,,,1,Invalid UniProt ID: SEQHASH_49304B0062E5791E (was misclassified as alphafill_candidate),,,,,
ENZ_G001402,SEQHASH_50686C0405A4A494,no_source,,needs_colabfold,0,SEQHASH_50686C0405A4A494-F1,,,,,,,,,1,Invalid UniProt ID: SEQHASH_50686C0405A4A494 (was misclassified as alphafill_candidate),,,,,
ENZ_G001403,SEQHASH_5B105FDDBA9E19C1,no_source,,needs_colabfold,0,SEQHASH_5B105FDDBA9E19C1-F1,,,,,,,,,1,Invalid UniProt ID: SEQHASH_5B105FDDBA9E19C1 (was misclassified as alphafill_candidate),,,,,
ENZ_G001404,SEQHASH_6D8002910F53F8ED,no_source,,needs_colabfold,0,SEQHASH_6D8002910F53F8ED-F1,,,,,,,,,1,Invalid UniProt ID: SEQHASH_6D8002910F53F8ED (was misclassified as alphafill_candidate),,,,,
ENZ_G001405,SEQHASH_7CF4C84B75E5597E,no_source,,needs_colabfold,0,SEQHASH_7CF4C84B75E5597E-F1,,,,,,,,,1,Invalid UniProt ID: SEQHASH_7CF4C84B75E5597E (was misclassified as alphafill_candidate),,,,,
ENZ_G001406,SEQHASH_85E658B8D7174D2D,no_source,,needs_colabfold,0,SEQHASH_85E658B8D7174D2D-F1,,,,,,,,,1,Invalid UniProt ID: SEQHASH_85E658B8D7174D2D (was misclassified as alphafill_candidate),,,,,
ENZ_G001407,SEQHASH_9B8D1CD8177506FD,no_source,,needs_colabfold,0,SEQHASH_9B8D1CD8177506FD-F1,,,,,,,,,1,Invalid UniProt ID: SEQHASH_9B8D1CD8177506FD (was misclassified as alphafill_candidate),,,,,
ENZ_G001408,SEQHASH_9FE63BCF04979786,no_source,,needs_colabfold,0,SEQHASH_9FE63BCF04979786-F1,,,,,,,,,1,Invalid UniProt ID: SEQHASH_9FE63BCF04979786 (was misclassified as alphafill_candidate),,,,,
ENZ_G001409,SEQHASH_B974B9F066177B84,no_source,,needs_colabfold,0,SEQHASH_B974B9F066177B84-F1,,,,,,,,,1,Invalid UniProt ID: SEQHASH_B974B9F066177B84 (was misclassified as alphafill_candidate),,,,,
ENZ_G001410,SEQHASH_CB2C3D1EC523F74C,no_source,,needs_colabfold,0,SEQHASH_CB2C3D1EC523F74C-F1,,,,,,,,,1,Invalid UniProt ID: SEQHASH_CB2C3D1EC523F74C (was misclassified as alphafill_candidate),,,,,
ENZ_G001411,SEQHASH_D41E612394B9ECB7,no_source,,needs_colabfold,0,SEQHASH_D41E612394B9ECB7-F1,,,,,,,,,1,Invalid UniProt ID: SEQHASH_D41E612394B9ECB7 (was misclassified as alphafill_candidate),,,,,
ENZ_G001412,SEQHASH_E80732C2AFF2B401,no_source,,needs_colabfold,0,SEQHASH_E80732C2AFF2B401-F1,,,,,,,,,1,Invalid UniProt ID: SEQHASH_E80732C2AFF2B401 (was misclassified as alphafill_candidate),,,,,
ENZ_G001413,SEQHASH_ED0EBAABF074228C,no_source,,needs_colabfold,0,SEQHASH_ED0EBAABF074228C-F1,,,,,,,,,1,Invalid UniProt ID: SEQHASH_ED0EBAABF074228C (was misclassified as alphafill_candidate),,,,,
ENZ_G001414,SEQHASH_F2AD234002E68D43,no_source,,needs_colabfold,0,SEQHASH_F2AD234002E68D43-F1,,,,,,,,,1,Invalid UniProt ID: SEQHASH_F2AD234002E68D43 (was misclassified as alphafill_candidate),,,,,
ENZ_G001415,SEQHASH_FE59A36E8BA3EC86,no_source,,needs_colabfold,0,SEQHASH_FE59A36E8BA3EC86-F1,,,,,,,,,1,Invalid UniProt ID: SEQHASH_FE59A36E8BA3EC86 (was misclassified as alphafill_candidate),,,,,
ENZ_G001416,SEQHASH_FFA9F1FBFAB19B5C,pcpd_predicted,pcpd_predicted,pcpd_predicted,1,,,,,,,,,pcpd/CYP81Q58.pdb,0,,,,,,
ENZ_G001417,T1NXM5,alphafill_candidate,alphafold_heme_transplant,heme_transplanted,1,T1NXM5-F1,ENZ_G001226,0.460,3.48,,,,,,0,"qc=warn, n_ca=512, template=Q8W3Y5",data\structures\alphafold\pdb\AF-T1NXM5-F1.pdb,data\structures\heme_transplant\pdb\ENZ_G001417_heme.pdb,-3.383,3.921,1.344
ENZ_G001418,U3LXJ8,alphafill_candidate,alphafill,downloaded_with_heme,1,U3LXJ8-F1,7X2Q,0.349036,3.80456,0.73599,0.166246,data\structures\alphafill\json\U3LXJ8-F1.json,data\structures\alphafill\cif\U3LXJ8-F1.cif,,0,,,,,,
ENZ_G001419,U3LXW7,alphafill_candidate,alphafold_heme_transplant,heme_transplanted,1,U3LXW7-F1,ENZ_G001558,0.458,4.69,,,,,,0,"qc=warn, n_ca=483, template=",data\structures\alphafold\pdb\AF-U3LXW7-F1.pdb,data\structures\heme_transplant\pdb\ENZ_G001419_heme.pdb,4.022,-0.585,4.598
ENZ_G001420,U3LYU0,alphafill_candidate,alphafold_heme_transplant,heme_transplanted,1,U3LYU0-F1,ENZ_G001558,0.522,6.06,,,,,,0,"qc=bad, n_ca=481, template=",data\structures\alphafold\pdb\AF-U3LYU0-F1.pdb,data\structures\heme_transplant\pdb\ENZ_G001420_heme.pdb,4.360,-2.578,3.872
ENZ_G001421,U5HKE8,pcpd_predicted,pcpd_predicted,pcpd_predicted,1,,,,,,,,,pcpd/CYP71D351.pdb,0,,,,,,
ENZ_G001422,U5NDT8,alphafill_candidate,alphafill,downloaded_with_heme,1,U5NDT8-F1,6C93,0.281465,3.11093,0.745549,0.158618,data\structures\alphafill\json\U5NDT8-F1.json,data\structures\alphafill\cif\U5NDT8-F1.cif,,0,,,,,,
ENZ_G001423,U5NE19,alphafill_candidate,alphafill,downloaded_with_heme,1,U5NE19-F1,2V0M,0.289926,4.68618,0.987256,0.346503,data\structures\alphafill\json\U5NE19-F1.json,data\structures\alphafill\cif\U5NE19-F1.cif,,0,,,,,,
ENZ_G001424,U5U1Z3,alphafill_candidate,alphafill,downloaded_with_heme,1,U5U1Z3-F1,7Y9O,0.62963,2.20341,0.663233,0.143233,data\structures\alphafill\json\U5U1Z3-F1.json,data\structures\alphafill\cif\U5U1Z3-F1.cif,,0,,,,,,
ENZ_G001425,U5YM12,alphafill_candidate,alphafold_heme_transplant,heme_transplanted,1,U5YM12-F1,ENZ_G000734,0.471,14.47,,,,,,0,"qc=bad, n_ca=447, template=O23051",data\structures\alphafold\pdb\AF-U5YM12-F1.pdb,data\structures\heme_transplant\pdb\ENZ_G001425_heme.pdb,4.589,-1.475,3.093
ENZ_G001426,U6BGC9,alphafill_candidate,alphafold_heme_transplant,heme_transplanted,1,U6BGC9-F1,ENZ_G000515,0.141,14.79,,,,,,0,"qc=bad, n_ca=457, template=B9RHW4",data\structures\alphafold\pdb\AF-U6BGC9-F1.pdb,data\structures\heme_transplant\pdb\ENZ_G001426_heme.pdb,1.714,-5.776,1.793
ENZ_G001427,U6NHS3,alphafill_candidate,alphafold_heme_transplant,heme_transplanted,1,U6NHS3-F1,ENZ_G001247,0.530,14.08,,,,,,0,"qc=bad, n_ca=427, template=Q949P1",data\structures\alphafold\pdb\AF-U6NHS3-F1.pdb,data\structures\heme_transplant\pdb\ENZ_G001427_heme.pdb,3.141,-2.833,2.598
ENZ_G001428,V5REU1,alphafill_candidate,alphafold_heme_transplant,heme_transplanted,1,V5REU1-F1,ENZ_G000151,0.342,9.63,,,,,,0,"qc=bad, n_ca=466, template=A0A1B2ZBX8",data\structures\alphafold\pdb\AF-V5REU1-F1.pdb,data\structures\heme_transplant\pdb\ENZ_G001428_heme.pdb,5.109,-1.800,2.107
ENZ_G001429,V5REU4,alphafill_candidate,alphafold_heme_transplant,heme_transplanted,1,V5REU4-F1,ENZ_G000151,0.349,9.64,,,,,,0,"qc=bad, n_ca=466, template=A0A1B2ZBX8",data\structures\alphafold\pdb\AF-V5REU4-F1.pdb,data\structures\heme_transplant\pdb\ENZ_G001429_heme.pdb,5.419,-1.136,2.330
ENZ_G001430,V5RF50,alphafill_candidate,alphafold_heme_transplant,heme_transplanted,1,V5RF50-F1,ENZ_G000151,0.345,9.63,,,,,,0,"qc=bad, n_ca=466, template=A0A1B2ZBX8",data\structures\alphafold\pdb\AF-V5RF50-F1.pdb,data\structures\heme_transplant\pdb\ENZ_G001430_heme.pdb,5.289,-1.687,2.033
ENZ_G001431,V5RF55,alphafill_candidate,alphafold_heme_transplant,heme_transplanted,1,V5RF55-F1,ENZ_G000151,0.366,9.65,,,,,,0,"qc=bad, n_ca=466, template=A0A1B2ZBX8",data\structures\alphafold\pdb\AF-V5RF55-F1.pdb,data\structures\heme_transplant\pdb\ENZ_G001431_heme.pdb,5.395,-1.583,2.552
ENZ_G001432,V5RFE4,alphafill_candidate,alphafold_heme_transplant,heme_transplanted,1,V5RFE4-F1,ENZ_G000151,0.334,9.65,,,,,,0,"qc=bad, n_ca=466, template=A0A1B2ZBX8",data\structures\alphafold\pdb\AF-V5RFE4-F1.pdb,data\structures\heme_transplant\pdb\ENZ_G001432_heme.pdb,5.308,-1.680,2.333
ENZ_G001433,V5RGC8,alphafill_candidate,alphafold_heme_transplant,heme_transplanted,1,V5RGC8-F1,ENZ_G000151,0.353,9.63,,,,,,0,"qc=bad, n_ca=466, template=A0A1B2ZBX8",data\structures\alphafold\pdb\AF-V5RGC8-F1.pdb,data\structures\heme_transplant\pdb\ENZ_G001433_heme.pdb,5.022,-1.736,2.048
ENZ_G001434,V5RGD0,alphafill_candidate,alphafold_heme_transplant,heme_transplanted,1,V5RGD0-F1,ENZ_G000151,0.359,9.64,,,,,,0,"qc=bad, n_ca=466, template=A0A1B2ZBX8",data\structures\alphafold\pdb\AF-V5RGD0-F1.pdb,data\structures\heme_transplant\pdb\ENZ_G001434_heme.pdb,5.224,-1.548,2.414
ENZ_G001435,V5RH69,alphafill_candidate,alphafold_heme_transplant,heme_transplanted,1,V5RH69-F1,ENZ_G000151,0.357,9.63,,,,,,0,"qc=bad, n_ca=466, template=A0A1B2ZBX8",data\structures\alphafold\pdb\AF-V5RH69-F1.pdb,data\structures\heme_transplant\pdb\ENZ_G001435_heme.pdb,5.386,-1.172,2.510
ENZ_G001436,V5RH74,alphafill_candidate,alphafold_heme_transplant,heme_transplanted,1,V5RH74-F1,ENZ_G000151,0.349,9.62,,,,,,0,"qc=bad, n_ca=466, template=A0A1B2ZBX8",data\structures\alphafold\pdb\AF-V5RH74-F1.pdb,data\structures\heme_transplant\pdb\ENZ_G001436_heme.pdb,5.085,-1.847,2.256
ENZ_G001437,V7AM57,alphafill_candidate,alphafold_heme_transplant,heme_transplanted,1,V7AM57-F1,ENZ_G000664,0.394,9.79,,,,,,0,"qc=bad, n_ca=477, template=H1A988",data\structures\alphafold\pdb\AF-V7AM57-F1.pdb,data\structures\heme_transplant\pdb\ENZ_G001437_heme.pdb,2.257,0.638,4.465
ENZ_G001438,V9N2L5,pcpd_predicted,pcpd_predicted,pcpd_predicted,1,,,,,,,,,pcpd/CYP706M1.pdb,0,,,,,,
ENZ_G001439,W0FG45,pcpd_predicted,pcpd_predicted,pcpd_predicted,1,,,,,,,,,pcpd/CYP79D6.pdb,0,,,,,,
ENZ_G001440,W0FKI0,alphafill_candidate,alphafill,downloaded_with_heme,1,W0FKI0-F1,5YLW,0.435165,2.29363,0.810426,0.196025,data\structures\alphafill\json\W0FKI0-F1.json,data\structures\alphafill\cif\W0FKI0-F1.cif,,0,,,,,,
ENZ_G001441,W0FW87,pcpd_predicted,pcpd_predicted,pcpd_predicted,1,,,,,,,,,pcpd/CYP716Y1.pdb,0,,,,,,
ENZ_G001442,W5R4Y8,experimental_pdb,experimental_pdb,experimental_pdb,1,,,,,,,,,s1_rcsb/8K1X,0,,,,,,
ENZ_G001443,W5VH56,experimental_pdb,experimental_pdb,experimental_pdb,1,,,,,,,,,s1_rcsb/4OQR,0,,,,,,
ENZ_G001444,W6CQ99,alphafill_candidate,alphafold_heme_transplant,heme_transplanted,1,W6CQ99-F1,ENZ_G001439,0.916,1.56,,,,,,0,"qc=good, n_ca=488, template=W0FG45",data\structures\alphafold\pdb\AF-W6CQ99-F1.pdb,data\structures\heme_transplant\pdb\ENZ_G001444_heme.pdb,3.892,-4.344,1.779
ENZ_G001445,W6Q9B3,alphafill_candidate,alphafold_heme_transplant,heme_transplanted,1,W6Q9B3-F1,ENZ_G000193,0.178,23.57,,,,,,0,"qc=bad, n_ca=461, template=A0A1R3RGJ7",data\structures\alphafold\pdb\AF-W6Q9B3-F1.pdb,data\structures\heme_transplant\pdb\ENZ_G001445_heme.pdb,-7.782,-2.592,-1.053
ENZ_G001446,W6QJR1,alphafill_candidate,alphafold_heme_transplant,heme_transplanted,1,W6QJR1-F1,ENZ_G000953,0.189,22.46,,,,,,0,"qc=bad, n_ca=467, template=Q0CJ57",data\structures\alphafold\pdb\AF-W6QJR1-F1.pdb,data\structures\heme_transplant\pdb\ENZ_G001446_heme.pdb,5.928,0.357,-4.449
ENZ_G001447,W6QRN8,alphafill_candidate,alphafill,downloaded_with_heme,1,W6QRN8-F1,3C6G,0.27933,5.6785,7.77191,0.651295,data\structures\alphafill\json\W6QRN8-F1.json,data\structures\alphafill\cif\W6QRN8-F1.cif,,0,,,,,,
ENZ_G001448,W6RGX9,alphafill_candidate,alphafold_heme_transplant,heme_transplanted,1,W6RGX9-F1,ENZ_G001572,0.174,11.24,,,,,,0,"qc=bad, n_ca=402, template=",data\structures\alphafold\pdb\AF-W6RGX9-F1.pdb,data\structures\heme_transplant\pdb\ENZ_G001448_heme.pdb,-6.017,2.666,0.424
ENZ_G001449,W7L9E5,alphafill_candidate,alphafill,downloaded_with_heme,1,W7L9E5-F1,7UFE,0.282353,3.03024,2.21776,0.579477,data\structures\alphafill\json\W7L9E5-F1.json,data\structures\alphafill\cif\W7L9E5-F1.cif,,0,,,,,,
ENZ_G001450,W8JDE2,alphafill_candidate,alphafill,downloaded_with_heme,1,W8JDE2-F1,7X2Q,0.35689,2.15585,0.567107,0.196157,data\structures\alphafill\json\W8JDE2-F1.json,data\structures\alphafill\cif\W8JDE2-F1.cif,,0,,,,,,
ENZ_G001451,W8JIS5,pcpd_predicted,pcpd_predicted,pcpd_predicted,1,,,,,,,,,pcpd/CYP76A26.pdb,0,,,,,,
ENZ_G001452,W8JIT4,alphafill_candidate,alphafill,alphafill_not_found,0,W8JIT4-F1,,,,,,,,,0,AlphaFold download: alphafold_not_found,,,,,
ENZ_G001453,W9SPF5,alphafill_candidate,alphafold_heme_transplant,heme_transplanted,1,W9SPF5-F1,ENZ_G000701,0.156,22.98,,,,,,0,"qc=bad, n_ca=412, template=K4CI52",data\structures\alphafold\pdb\AF-W9SPF5-F1.pdb,data\structures\heme_transplant\pdb\ENZ_G001453_heme.pdb,2.870,-1.968,5.031
ENZ_G001454,X2EVV9,alphafill_candidate,alphafill,downloaded_with_heme,1,X2EVV9-F1,7X2Q,0.303158,3.15861,0.686814,0.0949524,data\structures\alphafill\json\X2EVV9-F1.json,data\structures\alphafill\cif\X2EVV9-F1.cif,,0,,,,,,
ENZ_G001455,X2EW55,pcpd_predicted,pcpd_predicted,pcpd_predicted,1,,,,,,,,,pcpd/CYP71CB1.pdb,0,,,,,,
ENZ_G001456,X2JE85,alphafill_candidate,alphafill,downloaded_with_heme,1,X2JE85-F1,8E83,0.316562,5.8851,4.42278,0.644917,data\structures\alphafill\json\X2JE85-F1.json,data\structures\alphafill\cif\X2JE85-F1.cif,,0,,,,,,
ENZ_G001457,X2JI34,alphafill_candidate,alphafill,downloaded_with_heme,1,X2JI34-F1,5YLW,0.320408,3.46196,0.930562,0.178246,data\structures\alphafill\json\X2JI34-F1.json,data\structures\alphafill\cif\X2JI34-F1.cif,,0,,,,,,
ENZ_G001458,,no_source,,needs_colabfold,0,,,,,,,,,,1,"No UniProt, no existing PDB",,,,,
ENZ_G001459,,no_source,,needs_colabfold,0,,,,,,,,,,1,"No UniProt, no existing PDB",,,,,
ENZ_G001460,,no_source,,needs_colabfold,0,,,,,,,,,,1,"No UniProt, no existing PDB",,,,,
ENZ_G001461,,no_source,,needs_colabfold,0,,,,,,,,,,1,"No UniProt, no existing PDB",,,,,
ENZ_G001462,,no_source,,needs_colabfold,0,,,,,,,,,,1,"No UniProt, no existing PDB",,,,,
ENZ_G001463,,no_source,,needs_colabfold,0,,,,,,,,,,1,"No UniProt, no existing PDB",,,,,
ENZ_G001464,,no_source,,needs_colabfold,0,,,,,,,,,,1,"No UniProt, no existing PDB",,,,,
ENZ_G001465,,pcpd_predicted,pcpd_predicted,pcpd_predicted,1,,,,,,,,,pcpd/CYP728B70.pdb,0,,,,,,
ENZ_G001466,,no_source,,needs_colabfold,0,,,,,,,,,,1,"No UniProt, no existing PDB",,,,,
ENZ_G001467,,no_source,,needs_colabfold,0,,,,,,,,,,1,"No UniProt, no existing PDB",,,,,
ENZ_G001468,,pcpd_predicted,pcpd_predicted,pcpd_predicted,1,,,,,,,,,pcpd/CYP708A15.pdb,0,,,,,,
ENZ_G001469,,no_source,,needs_colabfold,0,,,,,,,,,,1,"No UniProt, no existing PDB",,,,,
ENZ_G001470,,no_source,,needs_colabfold,0,,,,,,,,,,1,"No UniProt, no existing PDB",,,,,
ENZ_G001471,,pcpd_predicted,pcpd_predicted,pcpd_predicted,1,,,,,,,,,pcpd/CYP703A1.pdb,0,,,,,,
ENZ_G001472,,pcpd_predicted,pcpd_predicted,pcpd_predicted,1,,,,,,,,,pcpd/CYP71D184.pdb,0,,,,,,
ENZ_G001473,,pcpd_predicted,pcpd_predicted,pcpd_predicted,1,,,,,,,,,pcpd/CYP80B1.pdb,0,,,,,,
ENZ_G001474,,pcpd_predicted,pcpd_predicted,pcpd_predicted,1,,,,,,,,,pcpd/CYP706B1.pdb,0,,,,,,
ENZ_G001475,,no_source,,needs_colabfold,0,,,,,,,,,,1,"No UniProt, no existing PDB",,,,,
ENZ_G001476,,no_source,,needs_colabfold,0,,,,,,,,,,1,"No UniProt, no existing PDB",,,,,
ENZ_G001477,,pcpd_predicted,pcpd_predicted,pcpd_predicted,1,,,,,,,,,pcpd/CYP81A39.pdb,0,,,,,,
ENZ_G001478,,no_source,,needs_colabfold,0,,,,,,,,,,1,"No UniProt, no existing PDB",,,,,
ENZ_G001479,,no_source,,needs_colabfold,0,,,,,,,,,,1,"No UniProt, no existing PDB",,,,,
ENZ_G001480,,no_source,,needs_colabfold,0,,,,,,,,,,1,"No UniProt, no existing PDB",,,,,
ENZ_G001481,,pcpd_predicted,pcpd_predicted,pcpd_predicted,1,,,,,,,,,pcpd/CYP708A16.pdb,0,,,,,,
ENZ_G001482,,pcpd_predicted,pcpd_predicted,pcpd_predicted,1,,,,,,,,,pcpd/CYP81M1.pdb,0,,,,,,
ENZ_G001483,,no_source,,needs_colabfold,0,,,,,,,,,,1,"No UniProt, no existing PDB",,,,,
ENZ_G001484,,pcpd_predicted,pcpd_predicted,pcpd_predicted,1,,,,,,,,,pcpd/CYP82D64.pdb,0,,,,,,
ENZ_G001485,,no_source,,needs_colabfold,0,,,,,,,,,,1,"No UniProt, no existing PDB",,,,,
ENZ_G001486,,no_source,,needs_colabfold,0,,,,,,,,,,1,"No UniProt, no existing PDB",,,,,
ENZ_G001487,,no_source,,needs_colabfold,0,,,,,,,,,,1,"No UniProt, no existing PDB",,,,,
ENZ_G001488,,pcpd_predicted,pcpd_predicted,pcpd_predicted,1,,,,,,,,,pcpd/CYP82J17.pdb,0,,,,,,
ENZ_G001489,,pcpd_predicted,pcpd_predicted,pcpd_predicted,1,,,,,,,,,pcpd/CYP716A12.pdb,0,,,,,,
ENZ_G001490,,no_source,,needs_colabfold,0,,,,,,,,,,1,"No UniProt, no existing PDB",,,,,
ENZ_G001491,,no_source,,needs_colabfold,0,,,,,,,,,,1,"No UniProt, no existing PDB",,,,,
ENZ_G001492,,no_source,,needs_colabfold,0,,,,,,,,,,1,"No UniProt, no existing PDB",,,,,
ENZ_G001493,,pcpd_predicted,pcpd_predicted,pcpd_predicted,1,,,,,,,,,pcpd/CYP76B101.pdb,0,,,,,,
ENZ_G001494,,no_source,,needs_colabfold,0,,,,,,,,,,1,"No UniProt, no existing PDB",,,,,
ENZ_G001495,,no_source,,needs_colabfold,0,,,,,,,,,,1,"No UniProt, no existing PDB",,,,,
ENZ_G001496,,no_source,,needs_colabfold,0,,,,,,,,,,1,"No UniProt, no existing PDB",,,,,
ENZ_G001497,,pcpd_predicted,pcpd_predicted,pcpd_predicted,1,,,,,,,,,pcpd/CYP72AX1.pdb,0,,,,,,
ENZ_G001498,,pcpd_predicted,pcpd_predicted,pcpd_predicted,1,,,,,,,,,pcpd/CYP736A305.pdb,0,,,,,,
ENZ_G001499,,no_source,,needs_colabfold,0,,,,,,,,,,1,"No UniProt, no existing PDB",,,,,
ENZ_G001500,,pcpd_predicted,pcpd_predicted,pcpd_predicted,1,,,,,,,,,pcpd/CYP71AY5.pdb,0,,,,,,
ENZ_G001501,,no_source,,needs_colabfold,0,,,,,,,,,,1,"No UniProt, no existing PDB",,,,,
ENZ_G001502,,no_source,,needs_colabfold,0,,,,,,,,,,1,"No UniProt, no existing PDB",,,,,
ENZ_G001503,,no_source,,needs_colabfold,0,,,,,,,,,,1,"No UniProt, no existing PDB",,,,,
ENZ_G001504,,no_source,,needs_colabfold,0,,,,,,,,,,1,"No UniProt, no existing PDB",,,,,
ENZ_G001505,,pcpd_predicted,pcpd_predicted,pcpd_predicted,1,,,,,,,,,pcpd/CYP72A567.pdb,0,,,,,,
ENZ_G001506,,no_source,,needs_colabfold,0,,,,,,,,,,1,"No UniProt, no existing PDB",,,,,
ENZ_G001507,,no_source,,needs_colabfold,0,,,,,,,,,,1,"No UniProt, no existing PDB",,,,,
ENZ_G001508,,no_source,,needs_colabfold,0,,,,,,,,,,1,"No UniProt, no existing PDB",,,,,
ENZ_G001509,,no_source,,needs_colabfold,0,,,,,,,,,,1,"No UniProt, no existing PDB",,,,,
ENZ_G001510,,no_source,,needs_colabfold,0,,,,,,,,,,1,"No UniProt, no existing PDB",,,,,
ENZ_G001511,,pcpd_predicted,pcpd_predicted,pcpd_predicted,1,,,,,,,,,pcpd/CYP736A304.pdb,0,,,,,,
ENZ_G001512,,pcpd_predicted,pcpd_predicted,pcpd_predicted,1,,,,,,,,,pcpd/CYP728B35.pdb,0,,,,,,
ENZ_G001513,,pcpd_predicted,pcpd_predicted,pcpd_predicted,1,,,,,,,,,pcpd/CYP74B16.pdb,0,,,,,,
ENZ_G001514,,no_source,,needs_colabfold,0,,,,,,,,,,1,"No UniProt, no existing PDB",,,,,
ENZ_G001515,,pcpd_predicted,pcpd_predicted,pcpd_predicted,1,,,,,,,,,pcpd/CYP71A12.pdb,0,,,,,,
ENZ_G001516,,no_source,,needs_colabfold,0,,,,,,,,,,1,"No UniProt, no existing PDB",,,,,
ENZ_G001517,,pcpd_predicted,pcpd_predicted,pcpd_predicted,1,,,,,,,,,pcpd/CYP176A1.pdb,0,,,,,,
ENZ_G001518,,no_source,,needs_colabfold,0,,,,,,,,,,1,"No UniProt, no existing PDB",,,,,
ENZ_G001519,,no_source,,needs_colabfold,0,,,,,,,,,,1,"No UniProt, no existing PDB",,,,,
ENZ_G001520,,no_source,,needs_colabfold,0,,,,,,,,,,1,"No UniProt, no existing PDB",,,,,
ENZ_G001521,,no_source,,needs_colabfold,0,,,,,,,,,,1,"No UniProt, no existing PDB",,,,,
ENZ_G001522,,pcpd_predicted,pcpd_predicted,pcpd_predicted,1,,,,,,,,,pcpd/CYP736A107.pdb,0,,,,,,
ENZ_G001523,,no_source,,needs_colabfold,0,,,,,,,,,,1,"No UniProt, no existing PDB",,,,,
ENZ_G001524,,no_source,,needs_colabfold,0,,,,,,,,,,1,"No UniProt, no existing PDB",,,,,
ENZ_G001525,,pcpd_predicted,pcpd_predicted,pcpd_predicted,1,,,,,,,,,pcpd/CYP71Z19.pdb,0,,,,,,
ENZ_G001526,,no_source,,needs_colabfold,0,,,,,,,,,,1,"No UniProt, no existing PDB",,,,,
ENZ_G001527,,no_source,,needs_colabfold,0,,,,,,,,,,1,"No UniProt, no existing PDB",,,,,
ENZ_G001528,,pcpd_predicted,pcpd_predicted,pcpd_predicted,1,,,,,,,,,pcpd/CYP71BE79.pdb,0,,,,,,
ENZ_G001529,,pcpd_predicted,pcpd_predicted,pcpd_predicted,1,,,,,,,,,pcpd/CYP90B71.pdb,0,,,,,,
ENZ_G001530,,no_source,,needs_colabfold,0,,,,,,,,,,1,"No UniProt, no existing PDB",,,,,
ENZ_G001531,,pcpd_predicted,pcpd_predicted,pcpd_predicted,1,,,,,,,,,pcpd/CYP72A613.pdb,0,,,,,,
ENZ_G001532,,pcpd_predicted,pcpd_predicted,pcpd_predicted,1,,,,,,,,,pcpd/CYP154C4.pdb,0,,,,,,
ENZ_G001533,,no_source,,needs_colabfold,0,,,,,,,,,,1,"No UniProt, no existing PDB",,,,,
ENZ_G001534,,no_source,,needs_colabfold,0,,,,,,,,,,1,"No UniProt, no existing PDB",,,,,
ENZ_G001535,,pcpd_predicted,pcpd_predicted,pcpd_predicted,1,,,,,,,,,pcpd/CYP7A1.pdb,0,,,,,,
ENZ_G001536,,no_source,,needs_colabfold,0,,,,,,,,,,1,"No UniProt, no existing PDB",,,,,
ENZ_G001537,,no_source,,needs_colabfold,0,,,,,,,,,,1,"No UniProt, no existing PDB",,,,,
ENZ_G001538,,no_source,,needs_colabfold,0,,,,,,,,,,1,"No UniProt, no existing PDB",,,,,
ENZ_G001539,,no_source,,needs_colabfold,0,,,,,,,,,,1,"No UniProt, no existing PDB",,,,,
ENZ_G001540,,no_source,,needs_colabfold,0,,,,,,,,,,1,"No UniProt, no existing PDB",,,,,
ENZ_G001541,,no_source,,needs_colabfold,0,,,,,,,,,,1,"No UniProt, no existing PDB",,,,,
ENZ_G001542,,no_source,,needs_colabfold,0,,,,,,,,,,1,"No UniProt, no existing PDB",,,,,
ENZ_G001543,,no_source,,needs_colabfold,0,,,,,,,,,,1,"No UniProt, no existing PDB",,,,,
ENZ_G001544,,pcpd_predicted,pcpd_predicted,pcpd_predicted,1,,,,,,,,,pcpd/CYP706V6.pdb,0,,,,,,
ENZ_G001545,,no_source,,needs_colabfold,0,,,,,,,,,,1,"No UniProt, no existing PDB",,,,,
ENZ_G001546,,no_source,,needs_colabfold,0,,,,,,,,,,1,"No UniProt, no existing PDB",,,,,
ENZ_G001547,,no_source,,needs_colabfold,0,,,,,,,,,,1,"No UniProt, no existing PDB",,,,,
ENZ_G001548,,pcpd_predicted,pcpd_predicted,pcpd_predicted,1,,,,,,,,,pcpd/CYP90B3.pdb,0,,,,,,
ENZ_G001549,,no_source,,needs_colabfold,0,,,,,,,,,,1,"No UniProt, no existing PDB",,,,,
ENZ_G001550,,pcpd_predicted,pcpd_predicted,pcpd_predicted,1,,,,,,,,,pcpd/CYP76S40.pdb,0,,,,,,
ENZ_G001551,,pcpd_predicted,pcpd_predicted,pcpd_predicted,1,,,,,,,,,pcpd/CYP101D1.pdb,0,,,,,,
ENZ_G001552,,pcpd_predicted,pcpd_predicted,pcpd_predicted,1,,,,,,,,,pcpd/CYP71D174.pdb,0,,,,,,
ENZ_G001553,,pcpd_predicted,pcpd_predicted,pcpd_predicted,1,,,,,,,,,pcpd/CYP706V2.pdb,0,,,,,,
ENZ_G001554,,no_source,,needs_colabfold,0,,,,,,,,,,1,"No UniProt, no existing PDB",,,,,
ENZ_G001555,,pcpd_predicted,pcpd_predicted,pcpd_predicted,1,,,,,,,,,pcpd/CYP93E1.pdb,0,,,,,,
ENZ_G001556,,no_source,,needs_colabfold,0,,,,,,,,,,1,"No UniProt, no existing PDB",,,,,
ENZ_G001557,,pcpd_predicted,pcpd_predicted,pcpd_predicted,1,,,,,,,,,pcpd/CYP71D373.pdb,0,,,,,,
ENZ_G001558,,pcpd_predicted,pcpd_predicted,pcpd_predicted,1,,,,,,,,,pcpd/CYP75B600.pdb,0,,,,,,
ENZ_G001559,,no_source,,needs_colabfold,0,,,,,,,,,,1,"No UniProt, no existing PDB",,,,,
ENZ_G001560,,no_source,,needs_colabfold,0,,,,,,,,,,1,"No UniProt, no existing PDB",,,,,
ENZ_G001561,,no_source,,needs_colabfold,0,,,,,,,,,,1,"No UniProt, no existing PDB",,,,,
ENZ_G001562,,no_source,,needs_colabfold,0,,,,,,,,,,1,"No UniProt, no existing PDB",,,,,
ENZ_G001563,,pcpd_predicted,pcpd_predicted,pcpd_predicted,1,,,,,,,,,pcpd/CYP706V7.pdb,0,,,,,,
ENZ_G001564,,no_source,,needs_colabfold,0,,,,,,,,,,1,"No UniProt, no existing PDB",,,,,
ENZ_G001565,,no_source,,needs_colabfold,0,,,,,,,,,,1,"No UniProt, no existing PDB",,,,,
ENZ_G001566,,no_source,,needs_colabfold,0,,,,,,,,,,1,"No UniProt, no existing PDB",,,,,
ENZ_G001567,,no_source,,needs_colabfold,0,,,,,,,,,,1,"No UniProt, no existing PDB",,,,,
ENZ_G001568,,no_source,,needs_colabfold,0,,,,,,,,,,1,"No UniProt, no existing PDB",,,,,
ENZ_G001569,,pcpd_predicted,pcpd_predicted,pcpd_predicted,1,,,,,,,,,pcpd/CYP76T21.pdb,0,,,,,,
ENZ_G001570,,no_source,,needs_colabfold,0,,,,,,,,,,1,"No UniProt, no existing PDB",,,,,
ENZ_G001571,,no_source,,needs_colabfold,0,,,,,,,,,,1,"No UniProt, no existing PDB",,,,,
ENZ_G001572,,pcpd_predicted,pcpd_predicted,pcpd_predicted,1,,,,,,,,,pcpd/CYP107BR1.pdb,0,,,,,,
ENZ_G001573,,pcpd_predicted,pcpd_predicted,pcpd_predicted,1,,,,,,,,,pcpd/CYP82D1.pdb,0,,,,,,
ENZ_G001574,,no_source,,needs_colabfold,0,,,,,,,,,,1,"No UniProt, no existing PDB",,,,,
ENZ_G001575,,no_source,,needs_colabfold,0,,,,,,,,,,1,"No UniProt, no existing PDB",,,,,
ENZ_G001576,,no_source,,needs_colabfold,0,,,,,,,,,,1,"No UniProt, no existing PDB",,,,,
ENZ_G001577,,pcpd_predicted,pcpd_predicted,pcpd_predicted,1,,,,,,,,,pcpd/CYP71D179.pdb,0,,,,,,
ENZ_G001578,,no_source,,needs_colabfold,0,,,,,,,,,,1,"No UniProt, no existing PDB",,,,,
ENZ_G001579,,no_source,,needs_colabfold,0,,,,,,,,,,1,"No UniProt, no existing PDB",,,,,
ENZ_G001580,,pcpd_predicted,pcpd_predicted,pcpd_predicted,1,,,,,,,,,pcpd/CYP706X1.pdb,0,,,,,,
ENZ_G001581,,no_source,,needs_colabfold,0,,,,,,,,,,1,"No UniProt, no existing PDB",,,,,
ENZ_G001582,,no_source,,needs_colabfold,0,,,,,,,,,,1,"No UniProt, no existing PDB",,,,,
ENZ_G001583,,no_source,,needs_colabfold,0,,,,,,,,,,1,"No UniProt, no existing PDB",,,,,
ENZ_G001584,,no_source,,needs_colabfold,0,,,,,,,,,,1,"No UniProt, no existing PDB",,,,,
ENZ_G001585,,no_source,,needs_colabfold,0,,,,,,,,,,1,"No UniProt, no existing PDB",,,,,
ENZ_G001586,,no_source,,needs_colabfold,0,,,,,,,,,,1,"No UniProt, no existing PDB",,,,,
ENZ_G001587,,no_source,,needs_colabfold,0,,,,,,,,,,1,"No UniProt, no existing PDB",,,,,
ENZ_G001588,,no_source,,needs_colabfold,0,,,,,,,,,,1,"No UniProt, no existing PDB",,,,,
ENZ_G001589,,no_source,,needs_colabfold,0,,,,,,,,,,1,"No UniProt, no existing PDB",,,,,
ENZ_G001590,,pcpd_predicted,pcpd_predicted,pcpd_predicted,1,,,,,,,,,pcpd/CYP736A2.pdb,0,,,,,,
ENZ_G001591,,pcpd_predicted,pcpd_predicted,pcpd_predicted,1,,,,,,,,,pcpd/CYP71B38.pdb,0,,,,,,
ENZ_G001592,,pcpd_predicted,pcpd_predicted,pcpd_predicted,1,,,,,,,,,pcpd/CYP71D375.pdb,0,,,,,,
ENZ_G001593,,no_source,,needs_colabfold,0,,,,,,,,,,1,"No UniProt, no existing PDB",,,,,
ENZ_G001594,,no_source,,needs_colabfold,0,,,,,,,,,,1,"No UniProt, no existing PDB",,,,,
ENZ_G001595,,no_source,,needs_colabfold,0,,,,,,,,,,1,"No UniProt, no existing PDB",,,,,
ENZ_G001596,,pcpd_predicted,pcpd_predicted,pcpd_predicted,1,,,,,,,,,pcpd/CYP719A26.pdb,0,,,,,,
ENZ_G001597,,no_source,,needs_colabfold,0,,,,,,,,,,1,"No UniProt, no existing PDB",,,,,
ENZ_G001598,,no_source,,needs_colabfold,0,,,,,,,,,,1,"No UniProt, no existing PDB",,,,,
ENZ_G001599,,pcpd_predicted,pcpd_predicted,pcpd_predicted,1,,,,,,,,,pcpd/CYP74C13.pdb,0,,,,,,
ENZ_G001600,,pcpd_predicted,pcpd_predicted,pcpd_predicted,1,,,,,,,,,pcpd/CYP81Q59.pdb,0,,,,,,
ENZ_G001601,,no_source,,needs_colabfold,0,,,,,,,,,,1,"No UniProt, no existing PDB",,,,,
ENZ_G001602,,no_source,,needs_colabfold,0,,,,,,,,,,1,"No UniProt, no existing PDB",,,,,
ENZ_G001603,,no_source,,needs_colabfold,0,,,,,,,,,,1,"No UniProt, no existing PDB",,,,,
ENZ_G001604,,no_source,,needs_colabfold,0,,,,,,,,,,1,"No UniProt, no existing PDB",,,,,
ENZ_G001605,,no_source,,needs_colabfold,0,,,,,,,,,,1,"No UniProt, no existing PDB",,,,,
ENZ_G001606,,no_source,,needs_colabfold,0,,,,,,,,,,1,"No UniProt, no existing PDB",,,,,
ENZ_G001607,,no_source,,needs_colabfold,0,,,,,,,,,,1,"No UniProt, no existing PDB",,,,,
ENZ_G001608,,no_source,,needs_colabfold,0,,,,,,,,,,1,"No UniProt, no existing PDB",,,,,
ENZ_G001609,,pcpd_predicted,pcpd_predicted,pcpd_predicted,1,,,,,,,,,pcpd/CYP82D501.pdb,0,,,,,,
ENZ_G001610,,no_source,,needs_colabfold,0,,,,,,,,,,1,"No UniProt, no existing PDB",,,,,
ENZ_G001611,,pcpd_predicted,pcpd_predicted,pcpd_predicted,1,,,,,,,,,pcpd/CYP82D113.pdb,0,,,,,,
ENZ_G001612,,no_source,,needs_colabfold,0,,,,,,,,,,1,"No UniProt, no existing PDB",,,,,
ENZ_G001613,,no_source,,needs_colabfold,0,,,,,,,,,,1,"No UniProt, no existing PDB",,,,,
ENZ_G001614,,pcpd_predicted,pcpd_predicted,pcpd_predicted,1,,,,,,,,,pcpd/CYP71E1.pdb,0,,,,,,
ENZ_G001615,,no_source,,needs_colabfold,0,,,,,,,,,,1,"No UniProt, no existing PDB",,,,,
ENZ_G001616,,no_source,,needs_colabfold,0,,,,,,,,,,1,"No UniProt, no existing PDB",,,,,
ENZ_G001617,,pcpd_predicted,pcpd_predicted,pcpd_predicted,1,,,,,,,,,pcpd/CYP73A500.pdb,0,,,,,,
ENZ_G001618,,no_source,,needs_colabfold,0,,,,,,,,,,1,"No UniProt, no existing PDB",,,,,
ENZ_G001619,,no_source,,needs_colabfold,0,,,,,,,,,,1,"No UniProt, no existing PDB",,,,,
ENZ_G001620,,pcpd_predicted,pcpd_predicted,pcpd_predicted,1,,,,,,,,,pcpd/CYP707A1Sl.pdb,0,,,,,,
ENZ_G001621,,pcpd_predicted,pcpd_predicted,pcpd_predicted,1,,,,,,,,,pcpd/CYP125A1.pdb,0,,,,,,
ENZ_G001622,,pcpd_predicted,pcpd_predicted,pcpd_predicted,1,,,,,,,,,pcpd/CYP71D18.pdb,0,,,,,,
