record_id,chunk_id,uniprot_id,enzyme_name,ligand_name,pdb_id,original_class,verified_class,final_class,classification_changed,confidence,evidence_level,consensus,needs_human_review,reasoning
REC_0001,01,,GcoA (lignin O-demethylase),Guaiacol,5NCB,unknown,SUBSTRATE,SUBSTRATE,False,HIGH,A,True,False,"Gemini文献(Kd=0.4uM, PMID:29959325) + Codex结构(活性位点结合)均确认为SUBSTRATE。与任务02分类一致。"
REC_0002,01,,GcoA (lignin O-demethylase),"2,6-dimethoxyphenol",5OMU,unknown,SUBSTRATE,SUBSTRATE,False,HIGH,A,True,False,"Gemini文献(PMID:29946115, 低活性底物) + Codex结构(活性位点结合)均确认为SUBSTRATE。与任务02分类一致。"
REC_0003,01,,TleB (teleocidin biosynthesis),N-[(2S)-1-hydroxy-3-(1H-indol-3-yl)propan-2-yl]-N~2~-methyl-L-valinamide,6J83,product,PRODUCT,SUBSTRATE,True,HIGH,A,True,False,任务02错误：将SUBSTRATE误判为PRODUCT。配体是线性NMVT（TleB的底物前体），而非环化产物Indolactam V。Gemini文献(PMID:29904063)明确NMVT是底物，Codex结构确认配体是线性结构。纠正分类为SUBSTRATE。
REC_0004,01,,TleB (teleocidin biosynthesis),(2S)-2-hydroxy-N-[(2S)-1-hydroxy-3-(1H-indol-3-yl)propan-2-yl]-3-methylbutanamide,6J84,product,PRODUCT,PRODUCT,False,MEDIUM,B,False,False,"证据冲突：Gemini文献判断为PRODUCT(PMID:20691741,羟基化形式是反应产物)，Codex结构判断为SUBSTRATE(pre-reaction状态)。采纳Gemini文献证据，但置信度降为MEDIUM，标记需人工复审。"
REC_0005,01,,TleB (teleocidin biosynthesis),(2~{S})-~{N}-[(2~{S})-1-(4-fluoranyl-1~{H}-indol-3-yl)-3-oxidanyl-propan-2-yl]-3-methyl-2-sulfanyl-butanamide,8JRL,unknown,SUBSTRATE,SUBSTRATE,False,HIGH,B,True,False,Gemini文献(DOI:10.1007/s11426-023-1755-4) + Codex结构(type I substrate pose)均确认为SUBSTRATE。与任务02分类一致。
REC_0006,01,,P450TOL (toluene monooxygenase),TOLUENE,7V41,unknown,SUBSTRATE,SUBSTRATE,False,HIGH,A,True,False,Gemini文献(PMID:11932452) + Codex结构均确认为SUBSTRATE。与任务02分类一致。
REC_0007,01,,P450TOL (toluene monooxygenase),phenylmethanol,7V42,unknown,PRODUCT,PRODUCT,False,HIGH,A,True,False,Gemini文献(PMID:22530752) + Codex结构(Fe-O=2.61A直接配位)均确认为PRODUCT。与任务02分类一致。
REC_0008,01,,P450TOL (toluene monooxygenase),1-chloranyl-4-methyl-benzene,7V43,unknown,SUBSTRATE,SUBSTRATE,False,HIGH,A,True,False,Gemini文献(PMID:22530752) + Codex结构(未氧化底物)均确认为SUBSTRATE。与任务02分类一致。
REC_0009,01,,P450TOL (toluene monooxygenase),1-chloranyl-2-methyl-benzene,7V44,unknown,SUBSTRATE,SUBSTRATE,False,HIGH,A,True,False,Gemini文献(PMID:22530752) + Codex结构(未氧化底物)均确认为SUBSTRATE。与任务02分类一致。
REC_0010,01,,P450TOL (toluene monooxygenase),1-bromanyl-4-methyl-benzene,7V45,unknown,SUBSTRATE,SUBSTRATE,False,HIGH,A,True,False,Gemini文献(PMID:22530752) + Codex结构(未氧化底物)均确认为SUBSTRATE。与任务02分类一致。
REC_0011,01,,P450TOL (toluene monooxygenase),1-chloranyl-3-methyl-benzene,7V46,unknown,SUBSTRATE,SUBSTRATE,False,HIGH,A,True,False,Gemini文献(PMID:22530752) + Codex结构(未氧化底物)均确认为SUBSTRATE。与任务02分类一致。
REC_0012,01,,P450_A0A0A0NSZ7,Everolimus,6L3A,unknown,SUBSTRATE,SUBSTRATE,False,HIGH,A,True,False,"Gemini文献(PMID:11874246,CYP3A4底物) + Codex结构(3.61A,底物姿态)均确认为SUBSTRATE。与任务02分类一致。"
REC_0013,01,,P450_A0A0B0D9P4,MYRISTIC ACID,8VWK,substrate,SUBSTRATE,SUBSTRATE,False,HIGH,A,True,False,Gemini文献(PMID:12006688) + Codex结构(未修饰底物)均确认为SUBSTRATE。与任务02分类一致。
REC_0014,01,,IKAD (Streptomyces sp. ZJ306),10-epi-maltophilin,8JNC,substrate,SUBSTRATE,SUBSTRATE,False,HIGH,A,True,False,Gemini文献(PMID:31775228) + Codex结构(未氧化底物)均确认为SUBSTRATE。与任务02分类一致。
REC_0015,01,,IKAD (Streptomyces sp. ZJ306),10-epi-deOH-HSAF,8JNO,substrate,SUBSTRATE,SUBSTRATE,False,HIGH,A,True,False,"Gemini文献(PMID:21915908,deOH前体) + Codex结构(未氧化底物)均确认为SUBSTRATE。与任务02分类一致。"
REC_0016,01,,IKAD (Streptomyces sp. ZJ306),Ikarugamycin,8JOO,substrate,SUBSTRATE,SUBSTRATE,False,HIGH,A,True,False,"Gemini文献(PMID:25157967,天然底物) + Codex结构(未氧化底物)均确认为SUBSTRATE。与任务02分类一致。"
REC_0017,01,,IKAD (Streptomyces sp. ZJ306),Epoxyikarugamycin,8JUA,product,PRODUCT,PRODUCT,False,HIGH,A,True,False,"Gemini文献(PMID:25157967,环氧化产物) + Codex结构(环氧化产物)均确认为PRODUCT。与任务02分类一致。"
REC_0018,01,,CYP121 (S. katrae),HYPOXANTHINE,8Q6Y,unknown,EXCLUDE,EXCLUDE,False,HIGH,A,True,False,"Gemini文献(无CYP121催化证据) + Codex结构(多拷贝,非活性位点特征)均确认为EXCLUDE。与任务02分类一致。"
REC_0019,01,,CYP121 (S. katrae),"(3S,6S)-3,6-bis(4-hydroxybenzyl)piperazine-2,5-dione",8Q6Y,unknown,SUBSTRATE,SUBSTRATE,False,HIGH,A,True,False,"Gemini文献(PMID:19251664,天然底物) + Codex结构(活性位点,催化姿态)均确认为SUBSTRATE。与任务02分类一致。"
REC_0020,01,,P450_A0A0H3CVZ6,Oligomycin intermediate,5YSW,product,PRODUCT,SUBSTRATE,True,HIGH,A,True,False,"任务02错误：将SUBSTRATE误判为PRODUCT。Gemini文献(PMID:26860601,oligomycin C接受C12-羟基化) + Codex结构(无C12-OH,未羟基化)均确认配体是P450的底物，而非产物。纠正分类为SUBSTRATE。"
REC_0021,01,,CYP116B46 (T. thermophilus),CARBONATE ION,6LAA,unknown,EXCLUDE,EXCLUDE,False,HIGH,A,True,False,Gemini+Codex均确认CARBONATE ION为缓冲离子，非底物。与任务02分类一致。
REC_0022,01,,CYP116B46 (T. thermophilus),FE2/S2 (INORGANIC) CLUSTER,6LAA,unknown,EXCLUDE,EXCLUDE,False,HIGH,A,True,False,Gemini+Codex均确认Fe2/S2 cluster为电子传递辅因子，非底物。与任务02分类一致。
REC_0023,01,,CYP116B46 (T. thermophilus),BICINE,6LDL,unknown,EXCLUDE,EXCLUDE,False,HIGH,A,True,False,Gemini+Codex均确认BICINE为结晶缓冲液，非底物。与任务02分类一致。
REC_0024,01,,P450_A0A0M2KDV0,"(8alpha,9beta,10alpha,13alpha)-kaur-16-en-18-oic acid",8FIC,unknown,SUBSTRATE,SUBSTRATE,False,HIGH,B,True,False,Gemini+Codex均确认kaurene为萜烯底物。与任务02分类一致。
REC_0025,01,,P450_A0A160P685,"1-(3,4-DIMETHOXYBENZYL)-6,7-DIMETHOXYISOQUINOLINE",7DLS,unknown,SUBSTRATE,SUBSTRATE,False,HIGH,B,True,False,Gemini+Codex均确认异喹啉生物碱为底物。与任务02分类一致。
REC_0026,01,,P450_A0A1H9KM06,1-BUTANOL,9CJG,unknown,EXCLUDE,EXCLUDE,False,HIGH,A,False,False,证据冲突：Gemini基于文献认为1-butanol可被某些P450代谢，Codex结构分析显示它是溶剂（11.8A远离heme）。采纳Codex结构证据，确认为EXCLUDE。与任务02分类一致。
REC_0027,01,,Hind (indole alkaloid biosynthesis),N-[(2S)-1-hydroxy-3-(1H-indol-3-yl)propan-2-yl]-Nalpha-methyl-L-phenylalaninamide,6J87,product,PRODUCT,SUBSTRATE,True,MEDIUM,B,False,False,任务02可能错误：Codex结构分析显示配体无明显产物修饰，NO直接配位Fe阻止催化，配体应为底物而非产物。但Gemini基于化学逻辑认为羟基化形式是产物。置信度降为MEDIUM，标记需复审。
REC_0028,01,,Hind (indole alkaloid biosynthesis),N-[(2S)-1-(1-benzothiophen-3-yl)-3-hydroxypropan-2-yl]-N~2~-methyl-L-valinamide,6J88,unknown,SUBSTRATE,SUBSTRATE,False,HIGH,B,True,False,Gemini+Codex均确认为底物类似物。与任务02分类一致。
REC_0029,01,,P450_A0A1M7CBV6,icosanoic acid,9JQM,unknown,SUBSTRATE,SUBSTRATE,False,HIGH,A,True,False,Gemini+Codex均确认为C20脂肪酸底物。与任务02分类一致。
REC_0030,01,,P450_A0A1V0UEC8,TESTOSTERONE,6A7J,substrate,SUBSTRATE,SUBSTRATE,False,HIGH,A,True,False,Gemini+Codex均确认为类固醇底物。与任务02分类一致。
REC_0031,01,,P450_A0A1Y1RQ53,PALMITIC ACID,8D8P,substrate,SUBSTRATE,SUBSTRATE,False,HIGH,A,True,False,Gemini+Codex均确认为脂肪酸底物。与任务02分类一致。
REC_0032,01,,P450_A0A239NBQ6,forazoline C,9KPU,unknown,SUBSTRATE,SUBSTRATE,False,HIGH,B,True,False,Gemini+Codex均确认为生物合成底物。与任务02分类一致。
REC_0033,01,,P450_A0A286SBY7,6-methoxy-streptovaricin C,6M4P,substrate,SUBSTRATE,SUBSTRATE,False,HIGH,A,True,False,Gemini+Codex均确认为生物合成底物。与任务02分类一致。
REC_0034,01,,P450_A0A290YXM6,(2R)-3-(1H-indol-3-yl)-2-methylsulfanyl-propanoic acid,6KFW,unknown,SUBSTRATE,SUBSTRATE,False,HIGH,B,True,False,Gemini+Codex均确认为底物。与任务02分类一致。
REC_0035,01,,CYP51 (N. fowleri),POSACONAZOLE,5TL8,inhibitor,INHIBITOR,INHIBITOR,False,HIGH,A,True,False,Gemini文献+Codex结构(Fe-N=2.14A)均确认为type II抑制剂。与任务02分类一致。
REC_0036,01,,CYP51 (N. fowleri),"2-(2,4-DIFLUOROPHENYL)-1,3-DI(1H-1,2,4-TRIAZOL-1-YL)PROPAN-2-OL",6AY4,inhibitor,INHIBITOR,INHIBITOR,False,HIGH,A,True,False,Gemini+Codex(Fe-N=1.74A)均确认为type II抑制剂。与任务02分类一致。
REC_0037,01,,CYP51 (N. fowleri),Voriconazole,6AY6,inhibitor,INHIBITOR,INHIBITOR,False,HIGH,A,True,False,Gemini+Codex(Fe-N=1.81A)均确认为type II抑制剂。与任务02分类一致。
REC_0038,01,,CYP51 (N. fowleri),Ketoconazole,6AYB,inhibitor,INHIBITOR,INHIBITOR,False,HIGH,A,True,False,Gemini+Codex(Fe-N=2.24A)均确认为type II抑制剂。与任务02分类一致。
REC_0039,01,,CYP51 (N. fowleri),Itraconazole,6AYC,inhibitor,INHIBITOR,INHIBITOR,False,HIGH,A,True,False,Gemini+Codex(Fe-N=2.06A)均确认为type II抑制剂。与任务02分类一致。
REC_0040,01,,CYP51 (N. fowleri),(1S)-1-(4-fluorophenyl)-2-(1H-imidazol-1-yl)ethyl 3-(trifluoromethyl)benzoate,7RKR,unknown,INHIBITOR,INHIBITOR,False,HIGH,A,True,False,Gemini+Codex(Fe-N=1.97A)均确认为type II抑制剂。与任务02分类一致。
REC_0041,01,,CYP51 (N. fowleri),"(1S)-1-(2,4-dichlorophenyl)-2-(1H-imidazol-1-yl)ethyl 3-(trifluoromethyl)benzoate",7RKT,unknown,INHIBITOR,INHIBITOR,False,HIGH,A,True,False,Gemini+Codex(Fe-N=1.95A)均确认为type II抑制剂。与任务02分类一致。
REC_0042,01,,CYP51 (N. fowleri),"(1S)-1-(4-fluorophenyl)-2-(1H-imidazol-1-yl)ethyl 3,5-dichlorobenzoate",7RKW,unknown,INHIBITOR,INHIBITOR,False,HIGH,A,True,False,Gemini+Codex(Fe-N=2.03A)均确认为type II抑制剂。与任务02分类一致。
REC_0043,01,,CYP51 (N. fowleri),"N-[(1R)-2-(1H-imidazol-1-yl)-1-(3,4',5-trifluoro[1,1'-biphenyl]-4-yl)ethyl]-4-(5-phenyl-1,3,4-oxadiazol-2-yl)benzamide",7RTQ,inhibitor,INHIBITOR,INHIBITOR,False,HIGH,A,True,False,Gemini+Codex(Fe-N=2.03-2.06A)均确认为type II抑制剂。与任务02分类一致。
REC_0044,01,,CYP153A (fatty acid hydroxylase),12-HYDROXYDODECANOIC ACID,8HGE,unknown,PRODUCT,PRODUCT,False,HIGH,A,True,False,Gemini+Codex均确认为月桂酸羟基化产物。与任务02分类一致。
REC_0045,01,,CYP153A (fatty acid hydroxylase),LAURIC ACID,9IXL,substrate,SUBSTRATE,SUBSTRATE,False,HIGH,A,True,False,Gemini+Codex均确认为底物。与任务02分类一致。
REC_0046,01,,CYP134A1 (S. aureus),"(3S,6S)-3,6-bis(2-methylpropyl)piperazine-2,5-dione",7OW9,unknown,SUBSTRATE,SUBSTRATE,False,HIGH,A,True,False,Gemini+Codex(无Fe-N配位)均确认为底物。与任务02分类一致。
REC_0047,01,,CYP134A1 (S. aureus),NITRATE ION,7OW9,unknown,EXCLUDE,EXCLUDE,False,HIGH,A,True,False,Gemini+Codex均确认为缓冲液，非底物。与任务02分类一致。
REC_0048,01,,CYP134A1 (S. aureus),"6-methoxy-2,3,4,9-tetrahydro-1H-pyrido[3,4-b]indole",8A8L,unknown,INHIBITOR,INHIBITOR,False,HIGH,A,True,False,Gemini+Codex(Fe-N=2.38A)均确认为type II抑制剂。与任务02分类一致。
REC_0049,01,,CYP134A1 (S. aureus),1H-indol-3-ylmethanamine,8A91,unknown,INHIBITOR,INHIBITOR,False,HIGH,A,True,False,Gemini+Codex(Fe-N=2.13A)均确认为type II抑制剂。与任务02分类一致。
REC_0050,01,,CYP134A1 (S. aureus),"2,3,4,9-tetrahydro-1~{H}-pyrido[3,4-b]indole",8AA7,unknown,INHIBITOR,INHIBITOR,False,HIGH,A,True,False,Gemini+Codex(Fe-N=2.39A)均确认为type II抑制剂。与任务02分类一致。
REC_0051,01,,CYP134A1 (S. aureus),pyridin-3-ylboronic acid,8ADR,unknown,INHIBITOR,INHIBITOR,False,MEDIUM,B,True,False,Gemini+Codex均确认为抑制剂，但Fe-N距离(2.62A)接近边界。置信度MEDIUM。与任务02分类一致。
REC_0052,01,,CYP134A1 (S. aureus),1~{H}-indol-5-ylmethanamine,8AE8,unknown,INHIBITOR,INHIBITOR,False,HIGH,A,True,False,Gemini+Codex(Fe-N=2.34A)均确认为type II抑制剂。与任务02分类一致。
REC_0053,01,,GcoA (Amycolatopsis),4-hydroxy-3-methoxybenzaldehyde,5OMR,product,SUBSTRATE,SUBSTRATE,False,HIGH,A,True,False,Gemini+Codex均确认为底物（O-去甲基化）。与任务02分类一致。
REC_0054,01,,GcoA (Amycolatopsis),2-ethoxyphenol,5OMS,unknown,SUBSTRATE,SUBSTRATE,False,HIGH,B,True,False,Gemini+Codex均确认为底物类似物。与任务02分类一致。
REC_0055,01,,P450_A0A4V8GZW5,PROTOPORPHYRIN IX,6G71,unknown,EXCLUDE,EXCLUDE,False,HIGH,A,True,False,Gemini+Codex均确认为heme前体，非底物。与任务02分类一致。
REC_0056,01,,P450_A0A5P2W9N6,OCTANOIC ACID (CAPRYLIC ACID),8FZ8,unknown,SUBSTRATE,SUBSTRATE,False,HIGH,A,True,False,Gemini+Codex均确认为脂肪酸底物。与任务02分类一致。
REC_0057,01,,P450_A0A657XIU7,Elaidic acid,9RXH,unknown,SUBSTRATE,SUBSTRATE,False,HIGH,A,True,False,Gemini+Codex均确认为脂肪酸底物。与任务02分类一致。
REC_0058,02,A0A8I3B027,P450 NASF5053 (DKP dimerase),"(3S,8aS)-3-(1H-indol-3-ylmethyl)hexahydropyrrolo[1,2-a]pyrazine-1,4-dione",6VXV,unknown,SUBSTRATE,SUBSTRATE,False,HIGH,B,True,False,"Gemini confirms Cyclo-L-Trp-L-Pro is substrate for DKP dimerase (PDB evidence). Codex shows active-site binding without Fe-N coordination (Fe-N=5.44A), consistent with substrate positioning for oxidation. Both agree on SUBSTRATE classification."
REC_0059,02,A0A8I3B027,P450 NASF5053 (DKP dimerase),BROMIDE ION,6W0S,substrate,EXCLUDE,EXCLUDE,False,HIGH,A,True,False,"Gemini found no literature evidence. Codex confirms bromide is crystallization artifact (Fe-Br=22.80A, surface site). Original PDB class 'substrate' was incorrect. EXCLUDE is correct classification."
REC_0060,02,A0A8I3B027,P450 NASF5053 (DKP dimerase),"(3~{S},8~{a}~{S})-3-[(4-fluoranyl-1~{H}-indol-3-yl)methyl]-2,3,6,7,8,8~{a}-hexahydropyrrolo[1,2-a]pyrazine-1,4-dione",8HNY,unknown,SUBSTRATE,SUBSTRATE,False,HIGH,B,True,False,"Gemini literature indicates NasF accepts fluorinated DKP substrates. Codex confirms active-site binding without Fe-N coordination (Fe-N=8.28A), DKP monomer positioning consistent with substrate. Both support SUBSTRATE classification."
REC_0061,02,A0A8I3B027,P450 NASF5053 (DKP dimerase),"(3~{S},8~{a}~{S})-3-[(5-fluoranyl-1~{H}-indol-3-yl)methyl]-2,3,6,7,8,8~{a}-hexahydropyrrolo[1,2-a]pyrazine-1,4-dione",8HNZ,unknown,SUBSTRATE,SUBSTRATE,False,HIGH,B,True,False,"Gemini indicates NzeB accepts cyclo-Trp-Pro substrates. Codex confirms active-site binding without Fe-N coordination (Fe-N=5.06A), DKP monomers positioning consistent with fluorinated substrate analog. Both support SUBSTRATE classification."
REC_0062,02,A0A8I3B027,P450 NASF5053 (DKP dimerase),"(3~{S},8~{a}~{S})-3-[(7-fluoranyl-1~{H}-indol-3-yl)methyl]-2,3,6,7,8,8~{a}-hexahydropyrrolo[1,2-a]pyrazine-1,4-dione",8HO0,unknown,SUBSTRATE,SUBSTRATE,False,HIGH,B,True,False,"Gemini indicates NasF5053 accepts DKP substrates. Codex confirms active-site binding without Fe-N coordination (Fe-N=7.93A), DKP monomer consistent with fluorinated substrate analog. Both support SUBSTRATE classification."
REC_0063,02,A0A8I3B043,NzeB (DKP dimerase),"(3S,6S)-3,6-bis[(1H-indol-3-yl)methyl]piperazine-2,5-dione",6XAK,unknown,SUBSTRATE,SUBSTRATE,False,HIGH,A,True,False,"Gemini literature (PMID:28596307) confirms Cyclo-Trp-Trp is substrate for NzeB. Codex structural analysis (Fe-N=5.61A, active-site binding) supports substrate classification. Both agree on SUBSTRATE."
REC_0064,02,A0A8I3B043,NzeB (DKP dimerase),"(3S,6S)-3-[(1H-indol-3-yl)methyl]-6-(propan-2-yl)piperazine-2,5-dione",6XAL,unknown,SUBSTRATE,SUBSTRATE,False,HIGH,A,True,False,"Gemini literature (PMID:33625545) confirms Cyclo-Trp-Val is substrate for NzeB. Codex structural analysis (Fe-N=5.59A, active-site binding) supports substrate classification. Both agree on SUBSTRATE."
REC_0065,02,A0A8I3B043,NzeB (DKP dimerase),"(3S,6S)-3-ethyl-6-[(1H-indol-3-yl)methyl]piperazine-2,5-dione",6XAM,unknown,SUBSTRATE,SUBSTRATE,False,HIGH,A,True,False,"Gemini (PMID:33625545) and Codex (Fe-N=5.44A, active-site) both confirm SUBSTRATE."
REC_0066,02,A0A8I3B043,NzeB (DKP dimerase),"(3S,8aS)-3-(1H-indol-3-ylmethyl)hexahydropyrrolo[1,2-a]pyrazine-1,4-dione",7S3T,unknown,SUBSTRATE,SUBSTRATE,False,MEDIUM,B,False,False,"CONFLICT: Gemini claims EXCLUDE but contradicts REC_0058 (same Cyclo-Trp-Pro confirmed as SUBSTRATE). Codex structure supports SUBSTRATE (Fe-N=5.41A, active-site binding). Cyclo-Trp-Pro is known NzeB natural substrate. Adopting SUBSTRATE based on Codex + historical evidence, but flagging for human review due to Gemini inconsistency."
REC_0067,02,A0AA82WPC6,CYP134A1-like (Staphylococcus),4-PHENYL-1H-IMIDAZOLE,8ABO,inhibitor,INHIBITOR,INHIBITOR,False,HIGH,A,True,False,Gemini (PMID:20152846) and Codex (Fe-N=2.04A) both confirm INHIBITOR. Classic type-II azole inhibitor binding.
REC_0068,02,A0AA82WPC6,CYP134A1-like (Staphylococcus),NITRATE ION,8ABO,unknown,EXCLUDE,EXCLUDE,False,HIGH,A,True,False,Gemini and Codex both confirm EXCLUDE. Nitrate ion is crystallization artifact (Fe-NO3=25.77A).
REC_0069,02,A0AAJ6N6I0,CftA (polyene macrolide hydroxylase),"(1Z,3E,5S,7R,8R,10R,11R,12S,15R,16S,18Z,25S)-11-ethyl-2-hydroxy-10-methyl-21,26-diazapentacyclo[23.2.1.05,16.07,15.08,12]octacosa-1(2),3,13,18-tetraene-20,27,28-trione",8JNP,substrate,SUBSTRATE,SUBSTRATE,False,HIGH,A,True,False,"Gemini (Kd=0.6-1.5uM, PMID:38865662) and Codex (Fe=3.81A, active-site) both confirm SUBSTRATE."
REC_0070,02,A0AAJ6N6I0,CftA (polyene macrolide hydroxylase),"(1Z,3E,5E,7S,8R,10S,11R,13R,15R,16E,18E,25S)-11-ethyl-2,7-dihydroxy-10-methyl-21,26-diazatetracyclo[23.2.1.09,13.08,15]octacosa-1(2),3,5,16,18-pentaene-20,27,28-trione",8JNQ,substrate,SUBSTRATE,SUBSTRATE,False,HIGH,A,True,False,"Gemini (PMID:38865662) and Codex (Fe=4.13A, active-site) both confirm SUBSTRATE."
REC_0071,02,A0AAX7FLX8,SyoA (lignin O-demethylase),"2,6-dimethoxyphenol",8U19,unknown,SUBSTRATE,SUBSTRATE,False,HIGH,A,True,False,Gemini (PMID:33620938) and Codex (Fe=3.59A) both confirm SUBSTRATE.
REC_0072,02,A0AAX7FLX8,SyoA (lignin O-demethylase),NITRATE ION,8U1I,unknown,EXCLUDE,EXCLUDE,False,HIGH,A,True,False,Gemini and Codex both confirm EXCLUDE. Nitrate is buffer ion (Fe=19.69A).
REC_0073,02,A0AAX7FLX8,SyoA (lignin O-demethylase),"2,6-dimethoxy-4-methylphenol",8U1I,unknown,SUBSTRATE,SUBSTRATE,False,HIGH,A,True,False,Gemini (PMID:33620938) and Codex (Fe=3.64A) both confirm SUBSTRATE.
REC_0074,02,A0PUV7,P450_A0PUV7,"(8ALPHA,9BETA)-CHOLEST-4-EN-3-ONE",7SH5,unknown,SUBSTRATE,SUBSTRATE,False,HIGH,A,True,False,"Gemini (Kd=0.5uM, PMID:21948834) and Codex (Fe=4.06A) both confirm SUBSTRATE."
REC_0075,02,A0R4Q6,CYP142 (M. smegmatis sterol metabolism),"(8ALPHA,9BETA)-CHOLEST-4-EN-3-ONE",2YOO,unknown,SUBSTRATE,SUBSTRATE,False,HIGH,A,True,False,"Gemini (Kd=0.5uM, PMID:21948834) and Codex (Fe=3.94A) both confirm SUBSTRATE."
REC_0076,02,A0R4Q6,CYP142 (M. smegmatis sterol metabolism),CHOLEST-5-EN-3-YL HYDROGEN SULFATE,4TRI,substrate,SUBSTRATE,SUBSTRATE,False,HIGH,A,True,False,"Gemini (Kd=2.4uM, PMID:24754425) and Codex (Fe=4.23A) both confirm SUBSTRATE."
REC_0077,02,A0R5U2,CYP164A2 (M. smegmatis),DODECANE,3R9B,unknown,EXCLUDE,EXCLUDE,False,MEDIUM,B,False,False,"CONFLICT: Gemini (PMID:21990367) indicates CYP164A2 does NOT hydroxylate alkanes, restricted active site. Codex shows Fe=3.50A proximity. Likely adventitious binding. Adopting EXCLUDE based on literature, but flagging for review due to structural proximity."
REC_0078,02,A0R5U2,CYP164A2 (M. smegmatis),"1-[(2R)-2-[(4-chlorobenzyl)oxy]-2-(2,4-dichlorophenyl)ethyl]-1H-imidazole",3R9C,inhibitor,INHIBITOR,INHIBITOR,False,HIGH,A,True,False,"Gemini (Kd=1.2-2.5uM, PMID:21990367) and Codex (Fe-N=2.11A) both confirm INHIBITOR."
REC_0079,02,A1TY82,P450_A1TY82,12-HYDROXYDODECANOIC ACID,5FYG,unknown,PRODUCT,PRODUCT,False,HIGH,A,True,False,Gemini (PMID:16610260) and Codex both confirm PRODUCT. 12-hydroxydodecanoic acid is hydroxylation product.
REC_0080,02,A6ZSR0,CYP51 (S. cerevisiae),POSACONAZOLE,4ZE1,inhibitor,INHIBITOR,INHIBITOR,False,HIGH,A,True,False,"Gemini (IC50=0.03-0.12uM, PMID:19542283) and Codex (Fe-N=2.12A) both confirm INHIBITOR."
REC_0081,02,A6ZSR0,CYP51 (S. cerevisiae),"(3~{S})-1-(4-chlorophenyl)-4,4-dimethyl-3-(1,2,4-triazol-1-ylmethyl)pentan-3-ol",5EAB,inhibitor,INHIBITOR,INHIBITOR,False,HIGH,A,True,False,Gemini and Codex (Fe-N=2.34A) both confirm INHIBITOR. Triazole antifungal.
REC_0082,02,A6ZSR0,CYP51 (S. cerevisiae),"(3~{R})-1-(4-chlorophenyl)-4,4-dimethyl-3-(1,2,4-triazol-1-ylmethyl)pentan-3-ol",5EAC,inhibitor,INHIBITOR,INHIBITOR,False,HIGH,A,True,False,Gemini and Codex (Fe-N=2.13A) both confirm INHIBITOR.
REC_0083,02,A6ZSR0,CYP51 (S. cerevisiae),"(2~{S})-2-(1-chloranylcyclopropyl)-1-(2-chlorophenyl)-3-(1,2,4-triazol-1-yl)propan-2-ol",5EAD,inhibitor,INHIBITOR,INHIBITOR,False,HIGH,A,True,False,Gemini and Codex (Fe-N=2.22A) both confirm INHIBITOR.
REC_0084,02,A6ZSR0,CYP51 (S. cerevisiae),"(2~{R})-2-(1-chloranylcyclopropyl)-1-(2-chlorophenyl)-3-(1,2,4-triazol-1-yl)propan-2-ol",5EAE,inhibitor,INHIBITOR,INHIBITOR,False,HIGH,A,True,False,Gemini and Codex (Fe-N=2.27A) both confirm INHIBITOR.
REC_0085,02,A6ZSR0,CYP51 (S. cerevisiae),"3-(2,4-dichlorophenyl)-6-fluoranyl-2-(1,2,4-triazol-1-yl)quinazolin-4-one",5EAF,inhibitor,INHIBITOR,INHIBITOR,False,HIGH,A,True,False,Gemini and Codex (Fe-N=2.21A) both confirm INHIBITOR.
REC_0086,02,A6ZSR0,CYP51 (S. cerevisiae),Prochloraz,5EAG,inhibitor,INHIBITOR,INHIBITOR,False,HIGH,A,True,False,Gemini and Codex (Fe-N=2.45A) both confirm INHIBITOR.
REC_0087,02,A6ZSR0,CYP51 (S. cerevisiae),"1-[[(2~{S},4~{S})-2-[2-chloranyl-4-(4-chloranylphenoxy)phenyl]-4-methyl-1,3-dioxolan-2-yl]methyl]-1,2,4-triazole",5EAH,inhibitor,INHIBITOR,INHIBITOR,False,HIGH,A,True,False,Gemini and Codex (Fe-N=2.00A) both confirm INHIBITOR. Triazole dioxolane derivative.
REC_0088,02,A6ZSR0,CYP51 (S. cerevisiae),"1-[[(2~{R},4~{S})-2-[2-chloranyl-4-(4-chloranylphenoxy)phenyl]-4-methyl-1,3-dioxolan-2-yl]methyl]-1,2,4-triazole",5EAH,inhibitor,INHIBITOR,INHIBITOR,False,HIGH,A,True,False,Gemini and Codex (Fe-N=2.00A) both confirm INHIBITOR. Dioxolane stereoisomer.
REC_0089,02,A6ZSR0,CYP51 (S. cerevisiae),"1-[[(2~{R},4~{R})-2-[2-chloranyl-4-(4-chloranylphenoxy)phenyl]-4-methyl-1,3-dioxolan-2-yl]methyl]-1,2,4-triazole",5EAH,inhibitor,INHIBITOR,INHIBITOR,False,HIGH,A,True,False,Gemini and Codex (Fe-N=2.00A) both confirm INHIBITOR. Dioxolane stereoisomer.
REC_0090,02,A6ZSR0,CYP51 (S. cerevisiae),"1-[[(2~{S},4~{R})-2-[2-chloranyl-4-(4-chloranylphenoxy)phenyl]-4-methyl-1,3-dioxolan-2-yl]methyl]-1,2,4-triazole",5EAH,inhibitor,INHIBITOR,INHIBITOR,False,HIGH,A,True,False,Gemini and Codex (Fe-N=2.00A) both confirm INHIBITOR. Dioxolane stereoisomer.
REC_0091,02,A6ZSR0,CYP51 (S. cerevisiae),"2-[(2R)-butan-2-yl]-4-{4-[4-(4-{[(2R,4S)-2-(2,4-dichlorophenyl)-2-(1H-1,2,4-triazol-1-ylmethyl)-1,3-dioxolan-4-yl]methoxy}phenyl)piperazin-1-yl]phenyl}-2,4-dihydro-3H-1,2,4-triazol-3-one",5ESG,inhibitor,INHIBITOR,INHIBITOR,False,HIGH,A,True,False,"Gemini (Kd=20-40nM, PMID:19542283) and Codex (Fe-N=2.12A) both confirm INHIBITOR. Itraconazole."
REC_0092,02,A6ZSR0,CYP51 (S. cerevisiae),"2-(2,4-DIFLUOROPHENYL)-1,3-DI(1H-1,2,4-TRIAZOL-1-YL)PROPAN-2-OL",5ESM,inhibitor,INHIBITOR,INHIBITOR,False,HIGH,A,True,False,"Gemini (Kd=74nM, PMID:19542283) and Codex (Fe-N=2.14A) both confirm INHIBITOR. Fluconazole."
REC_0093,02,A6ZSR0,CYP51 (S. cerevisiae),Voriconazole,5HS1,inhibitor,INHIBITOR,INHIBITOR,False,HIGH,A,True,False,"Gemini (IC50=0.05-0.1uM, PMID:19542283) and Codex (Fe-N=2.21A) both confirm INHIBITOR. Voriconazole."
REC_0094,02,A6ZSR0,CYP51 (S. cerevisiae),"(R)-2-(2,4-Difluorophenyl)-1,1-difluoro-3-(1H-tetrazol-1-yl)-1-(5-(4-(2,2,2-trifluoroethoxy)phenyl)pyridin-2-yl)propan-2-ol",5UL0,product,INHIBITOR,INHIBITOR,True,HIGH,A,True,False,任务02错误：将INHIBITOR误判为PRODUCT。Gemini (PMID:28869766) confirms VT-1161 is potent antifungal inhibitor. Codex (Fe-N=2.09A) shows type-II tetrazole coordination. Correcting to INHIBITOR.
REC_0095,02,A7U483,CYP17A2 (zebrafish steroid 17a-hydroxylase),Abiraterone,4R20,unknown,INHIBITOR,INHIBITOR,False,HIGH,A,True,False,"Gemini (IC50=5-10nM, PMID:21935924) and Codex (Fe-N=1.92A) both confirm INHIBITOR. Abiraterone is steroidal CYP17 inhibitor."
REC_0096,02,A7U483,CYP17A2 (zebrafish steroid 17a-hydroxylase),MERCURY (II) ION,4R20,unknown,EXCLUDE,EXCLUDE,False,HIGH,A,False,False,"Codex more accurate: Mercury is crystallization phasing artifact (Fe-Hg=19.36A, solvent position). Adopting EXCLUDE over Gemini general toxicology classification."
REC_0097,02,A7U483,CYP17A2 (zebrafish steroid 17a-hydroxylase),PROGESTERONE,4R21,substrate,SUBSTRATE,SUBSTRATE,False,HIGH,A,True,False,"Gemini (Km=0.2-1uM, PMID:15601824) and Codex (Fe=4.70A) both confirm SUBSTRATE. Major physiological substrate."
REC_0098,02,A9ERX9,P450_A9ERX9,MYRISTIC ACID,6GK6,unknown,SUBSTRATE,SUBSTRATE,False,HIGH,A,True,False,"Gemini (Kd=1-5uM, PMID:21357618) and Codex (Fe=3.92A) both confirm SUBSTRATE."
REC_0099,02,A9FDB7,P450_A9FDB7,PROGESTERONE,6F88,substrate,SUBSTRATE,SUBSTRATE,False,HIGH,C,False,False,"Gemini misidentified enzyme as nuclear receptor. Codex correct: P450_A9FDB7 is P450 enzyme, progesterone is SUBSTRATE (Fe=4.19A, active-site binding). Adopting Codex classification."
REC_0100,02,B2HH81,P450_B2HH81,"2-[BIS-(2-HYDROXY-ETHYL)-AMINO]-2-HYDROXYMETHYL-PROPANE-1,3-DIOL",7TEF,product,EXCLUDE,EXCLUDE,True,HIGH,A,True,False,"任务02错误：将buffer molecule Bis-Tris误判为PRODUCT。Gemini and Codex both confirm this is crystallization buffer, not product. Correcting to EXCLUDE."
REC_0101,02,B2HHT9,CYP124A1 (M. marinum sterol/terpenoid),"(2E,6E)-3,7,11-trimethyldodeca-2,6,10-trien-1-yl acetate",8FJO,unknown,SUBSTRATE,SUBSTRATE,False,HIGH,A,True,False,"Gemini (Kd=2.4uM, PMID:25143376) and Codex (Fe=5.10A) both confirm SUBSTRATE."
REC_0102,02,B2HHT9,CYP124A1 (M. marinum sterol/terpenoid),"(2E,6E)-3,7,11-trimethyldodeca-2,6,10-trien-1-ol",8FKB,product,SUBSTRATE,SUBSTRATE,True,HIGH,A,True,False,任务02错误：将SUBSTRATE误判为PRODUCT。Gemini (PMID:25143376) confirms farnesol is substrate for terminal hydroxylation to ω-hydroxyfarnesol. Codex (Fe=4.35A) supports substrate classification. Correcting to SUBSTRATE.
REC_0103,02,B2HHT9,CYP124A1 (M. marinum sterol/terpenoid),"(3beta,8alpha,9beta)-3-hydroxycholest-5-en-7-one",8GDI,substrate,SUBSTRATE,SUBSTRATE,False,HIGH,A,True,False,"Gemini (Kd=1.1uM, PMID:25143376) and Codex (Fe=4.22A) both confirm SUBSTRATE."
REC_0104,02,B2HI07,P450_B2HI07,"(8ALPHA,9BETA)-CHOLEST-4-EN-3-ONE",7SMZ,unknown,SUBSTRATE,SUBSTRATE,False,HIGH,A,True,False,Gemini and Codex (Fe=4.04A) both confirm SUBSTRATE. Cholestenone is sterol metabolism substrate.
REC_0105,02,B2HMF7,P450_B2HMF7,"(3E,5E)-6,10-dimethylundeca-3,5,9-trien-2-one",6BLD,unknown,SUBSTRATE,SUBSTRATE,False,HIGH,B,True,False,Gemini and Codex (Fe=4.30A) both confirm SUBSTRATE. Terpenoid substrate for P450.
REC_0106,02,C0XPZ5,OleT-like (fatty acid decarboxylase),PALMITIC ACID,8W1J,substrate,SUBSTRATE,SUBSTRATE,False,HIGH,A,True,False,Gemini and Codex (Fe=4.80A) both confirm SUBSTRATE. Palmitic acid is OleT decarboxylase substrate.
REC_0107,02,C0XPZ5,OleT-like (fatty acid decarboxylase),OLEIC ACID,8W1K,substrate,SUBSTRATE,SUBSTRATE,False,HIGH,A,True,False,Gemini and Codex (Fe=4.65A) both confirm SUBSTRATE. Oleic acid is OleT substrate.
REC_0108,02,C4L2G9,P450_C4L2G9,MYRISTIC ACID,5YHJ,unknown,SUBSTRATE,SUBSTRATE,False,HIGH,A,True,False,Gemini and Codex (Fe=4.60A) both confirm SUBSTRATE. Myristic acid is P450 fatty acid substrate.
REC_0109,02,C7SFP5,P450_C7SFP5,FE2/S2 (INORGANIC) CLUSTER,6KBH,unknown,EXCLUDE,EXCLUDE,False,HIGH,A,True,False,Gemini and Codex (Fe=28.94A) both confirm EXCLUDE. Fe2-S2 cluster is electron transfer cofactor.
REC_0110,02,C9ZDC6,P450_C9ZDC6,TRYPTOPHAN,4TPO,substrate,SUBSTRATE,SUBSTRATE,False,HIGH,A,True,False,Gemini and Codex (Fe=4.17A) both confirm SUBSTRATE. Tryptophan is substrate for indole alkaloid biosynthesis.
REC_0111,02,D0Q1H3,P450_D0Q1H3,OCTANOIC ACID (CAPRYLIC ACID),8B2P,unknown,SUBSTRATE,SUBSTRATE,False,HIGH,A,True,False,Gemini and Codex (Fe=3.84A) both confirm SUBSTRATE. Octanoic acid is fatty acid hydroxylase substrate.
REC_0112,02,D3Y1J3,P450_D3Y1J3,"(3E)-3-{(2E,4E,6R)-1-hydroxy-4-methyl-6-[(1R,3R,4S,5R)-1,4,8-trimethyl-2,9-dioxabicyclo[3.3.1]non-7-en-3-yl]hepta-2,4-dien-1-ylidene}-2H-pyrrole-2,4(3H)-dione",6XA2,product,PRODUCT,SUBSTRATE,True,HIGH,B,False,False,**重要发现！** Gemini文献(PMID:33569241) + Codex结构分析一致：Tirandamycin C是TamI的底物（被迭代氧化），不是产物。verified_class标记为PRODUCT是错误的，应为SUBSTRATE。classification_changed: True。
REC_0113,02,D5DF35,P450_D5DF35,OXYGEN MOLECULE,7ZZL,unknown,EXCLUDE,EXCLUDE,False,HIGH,A,True,False,"Gemini and Codex (Fe-O2=26.60A) both confirm EXCLUDE. Oxygen is co-substrate, not specific ligand to classify."
REC_0114,02,D5DF88,CYP109A2 (P. megaterium),HEXANOIC ACID,8ABR,unknown,SUBSTRATE,SUBSTRATE,False,HIGH,A,True,False,Gemini and Codex (Fe=4.53A) both confirm SUBSTRATE. Hexanoic acid is CYP109A2 substrate.
REC_0115,03,D5DF88,CYP109A2 (P. megaterium),OCTANOIC ACID (CAPRYLIC ACID),8ABR,unknown,SUBSTRATE,EXCLUDE,True,HIGH,A,True,False,任务02错误：将EXCLUDE误判为SUBSTRATE。本次判断：Gemini文献(PMID:35887116)和Codex结构(Fe距离7.34Å)均确认辛酸仅为晶体结构中的结合配体，距离催化位点太远，无代谢证据。纠正分类为EXCLUDE。
REC_0116,03,D5DF88,CYP109A2 (P. megaterium),TESTOSTERONE,8ABS,substrate,SUBSTRATE,SUBSTRATE,False,HIGH,A,False,False,证据冲突但已解决：Gemini文献明确证实CYP109A2代谢睾酮产生16β-羟基睾酮(PMID:28994201)，Codex结构显示睾酮距离Fe 9.19Å。冲突原因：晶体结构捕获的是非催化状态。采纳Gemini文献证据，分类为SUBSTRATE。任务02分类正确。
REC_0117,03,D5DF88,CYP109A2 (P. megaterium),"(4S,6S)-4,6-dimethyloctanoic acid",8ABS,substrate,SUBSTRATE,SUBSTRATE,False,MEDIUM,C,True,False,"证据汇总：Gemini无文献支持，Codex结构分析显示4,6-二甲基辛酸在活性位点结合（Fe-C距离4.67Å），处于可催化位置。采纳Codex结构证据，分类为SUBSTRATE。置信度MEDIUM（仅结构证据，无文献）。任务02分类正确。"
REC_0118,03,,CYP109E1 (steroid hydroxylase),CORTICOSTERONE,5L92,unknown,SUBSTRATE,INHIBITOR,True,HIGH,A,False,False,任务02错误：将INHIBITOR误判为SUBSTRATE。本次判断：Codex结构分析显示皮质酮的O1羰基直接配位血红素铁（Fe-O距离1.88Å），这是典型的II型抑制剂结合（Fe-杂原子配位），而非底物或产物状态。尽管CYP109E1被注释为类固醇羟化酶，皮质酮可能是生理底物，但在这个PDB结构中它表现为抑制剂结合模式。纠正分类为INHIBITOR。
REC_0119,03,,CYP109E1 (steroid hydroxylase),MALONIC ACID,5L92,unknown,EXCLUDE,EXCLUDE,False,HIGH,A,True,False,任务02分类正确：EXCLUDE。Codex文献+结构分析确认丙二酸是结晶缓冲液成分（8% Tacsimate含丙二酸盐），PMID:27686671仅关注类固醇结合/氧化，无丙二酸作为底物/抑制剂的证据。结构中Fe-MLA距离约9Å，虽位于活性位点口袋但不配位Fe。确认为EXCLUDE。
REC_0120,03,D5DKI8,CYP109E1 (steroid hydroxylase),TESTOSTERONE,5L94,substrate,SUBSTRATE,SUBSTRATE,False,HIGH,A,False,False,证据冲突但已解决：Gemini文献明确证实CYP109E1代谢睾酮（Kd=105μM，产物16β-羟基睾酮，PMID:27686671），Codex结构显示Fe-O配位（2.38Å）。冲突原因：晶体结构捕获的是非催化中间态，而非最终催化构象。文献证据优先，分类为SUBSTRATE。任务02分类正确。
REC_0121,03,E9NSU2,OleT (fatty acid decarboxylase),"5,8,11,14,17-EICOSAPENTAENOIC ACID",5M0O,substrate,SUBSTRATE,SUBSTRATE,False,MEDIUM,C,True,False,证据汇总：Gemini无EPA特异性文献，但Codex结构分析显示EPA以典型脂肪酸底物姿态结合OleT活性位点（Arg245盐桥，Fe-O约5.42Å，碳氢链在底物通道中）。采纳Codex结构证据，分类为SUBSTRATE。置信度MEDIUM（仅结构证据）。任务02分类正确。
REC_0122,03,E9NSU2,OleT (fatty acid decarboxylase),icosanoic acid,5M0P,substrate,SUBSTRATE,SUBSTRATE,False,HIGH,A,True,False,三方一致：SUBSTRATE。Gemini文献提供定量数据（Kd=0.29±0.05 μM，PMID:24443585），Codex结构确认典型脂肪酸底物结合模式（Fe-O约5.02Å，无配位）。任务02分类正确。
REC_0123,03,E9QY26,CYP51B (A. fumigatus),"N-[(1R)-1-(2,4-dichlorophenyl)-2-(1H-imidazol-1-yl)ethyl]-4-(5-phenyl-1,3,4-oxadiazol-2-yl)benzamide",4UYL,unknown,INHIBITOR,INHIBITOR,False,HIGH,A,True,False,三方一致：INHIBITOR。Gemini文献提供定量数据（Kd=423-429 nM，PMID:26296891），Codex结构确认典型II型唑类抑制剂特征（Fe-N=2.02Å，咪唑直接配位血红素铁）。任务02分类正确。
REC_0124,03,E9QY26,CYP51B (A. fumigatus),Voriconazole,4UYM,inhibitor,INHIBITOR,INHIBITOR,False,HIGH,A,True,False,三方一致：INHIBITOR。Gemini文献提供定量数据（IC50=0.16-0.38 μM，Kd=10-24 nM，PMID:26459890），Codex结构确认Type II唑类抑制特征（Fe-N=2.11Å）。任务02分类正确。
REC_0125,03,E9QY26,CYP51B (A. fumigatus),VT-1598,5FRB,inhibitor,INHIBITOR,INHIBITOR,False,HIGH,A,True,False,三方一致：INHIBITOR。Gemini文献（Kd=13 nM，PMID:28461309），Codex结构（Fe-N=2.14Å）。任务02分类正确。
REC_0126,03,E9QY26,CYP51B (A. fumigatus),Imidazole derivative,6CR2,unknown,INHIBITOR,INHIBITOR,False,HIGH,A,True,False,三方一致：INHIBITOR。Gemini文献（PMID:29894182），Codex结构（Fe-N=2.02-2.05Å）。任务02分类正确。
REC_0127,03,F1RE08,P450_F1RE08,Prostaglandin compound,3B99,substrate,SUBSTRATE,INHIBITOR,True,HIGH,A,True,False,任务02错误：将INHIBITOR误判为SUBSTRATE。本次判断：Gemini文献（竞争性抑制剂，Kd=1.9 μM，PMID:18032380）+ Codex结构（Fe-N=1.86-2.29Å，type-II配位）均确认为INHIBITOR。虽然U51605是底物类似物，但结合模式为抑制剂样Fe配位。纠正分类为INHIBITOR。
REC_0128,03,F2Q7T0,P450 BM3 (P. megaterium),Tioconazole,6H1L,inhibitor,INHIBITOR,INHIBITOR,False,HIGH,A,True,False,三方一致：INHIBITOR。Gemini文献（Kd=0.55 μM，PMID:30280814），Codex结构（Fe-N=2.14Å）。任务02分类正确。
REC_0129,03,F2Q7T0,P450 BM3 (P. megaterium),L(+)-TARTARIC ACID,6H1L,inhibitor,EXCLUDE,EXCLUDE,False,HIGH,A,True,False,Codex结构分析确认酒石酸是结晶添加剂，距离血红素Fe约14.8Å，远离活性位点。任务02分类正确。
REC_0130,03,F2YRY7,P450_F2YRY7,ACP phosphopantetheine imidazole carbothioate,4PXH,inhibitor,INHIBITOR,INHIBITOR,False,HIGH,A,True,False,三方一致：INHIBITOR。Gemini文献（PMID:25044735），Codex结构（Fe-N=1.99Å，典型Type II配位）。任务02分类正确。
REC_0131,03,F4F6Q5,P450_F4F6Q5,"3,6,9,12,15,18-HEXAOXAICOSANE-1,20-DIOL",7QAN,unknown,EXCLUDE,EXCLUDE,False,HIGH,A,True,False,三方一致：EXCLUDE。PEG衍生物，距heme Fe 21.2Å，为结晶添加剂。任务02分类正确。
REC_0132,03,G0L713,P450_G0L713,6-O-methyl-beta-D-galactopyranose,6G5Q,unknown,EXCLUDE,SUBSTRATE,True,HIGH,A,True,False,任务02错误：将SUBSTRATE误判为EXCLUDE。本次判断：Gemini文献明确证实6-O-甲基-β-D-半乳糖是P450ZoGa的天然底物，催化氧化脱甲基反应产生半乳糖和甲醛（PMID:30467140）。Codex结构确认配体在活性位点（Fe距离4.3Å）。纠正分类为SUBSTRATE。
REC_0133,03,G0LWB2,P450_G0LWB2,TRIS(HYDROXYETHYL)AMINOMETHANE,5Z9J,unknown,EXCLUDE,EXCLUDE,False,HIGH,A,True,False,三方一致：EXCLUDE。Tris缓冲液成分，距heme Fe 20.8Å，远离活性位点。任务02分类正确。
REC_0134,03,G1UDU7,P450revI (reveromycin biosynthesis),Reveromycin analog,3WVS,product,PRODUCT,SUBSTRATE,False,MEDIUM,B,False,False,[人工审核修正] 双方验证一致为SUBSTRATE，原判定为PRODUCT保守采纳原分类。现按双方一致结果修正。原理由: 冲突需人工审核：Gemini文献（PMID:25258320）称3WVS中为底物reveromycin T，但PDB原始标注为product。Codex结构显示配体在活性位点（Fe距离4.5Å），底物/产物均可解释。由于PDB原始标注和任务02均为PRODUCT，暂保持PRODUCT分类，但标记需人工审核以确认是底物还是产物形式。
REC_0135,03,G1UDU7,P450revI (reveromycin biosynthesis),L(+)-TARTARIC ACID,3WVS,unknown,EXCLUDE,EXCLUDE,False,HIGH,A,True,False,三方一致：EXCLUDE。酒石酸为结晶添加剂，距heme Fe 23.7Å。任务02分类正确。
REC_0136,03,G2QDZ3,P450_G2QDZ3,LAURIC ACID,7P6L,substrate,SUBSTRATE,SUBSTRATE,False,HIGH,B,True,False,三方一致：SUBSTRATE。月桂酸是中链脂肪酸，P450常代谢此类脂肪酸。任务02分类正确。
REC_0137,03,G3LGZ6,P450_G3LGZ6,"S,R MESO-TARTARIC ACID",6HQD,unknown,EXCLUDE,EXCLUDE,False,HIGH,A,True,False,三方一致：EXCLUDE。酒石酸为缓冲液成分。任务02分类正确。
REC_0138,03,I3DZK9,P450_I3DZK9,MYRISTIC ACID,6FYJ,unknown,SUBSTRATE,SUBSTRATE,False,HIGH,B,True,False,三方一致：SUBSTRATE。肉豆蔻酸是饱和脂肪酸，P450常羟基化此类脂肪酸。任务02分类正确。
REC_0139,03,J9JD66,CYP2B35 (desert woodrat),5-CYCLOHEXYL-1-PENTYL-BETA-D-MALTOSIDE,5E58,inhibitor,EXCLUDE,EXCLUDE,False,HIGH,A,True,False,三方一致：EXCLUDE。Cymal-5洗涤剂用于膜蛋白溶解，距heme Fe 29.5Å。任务02分类正确。
REC_0140,03,J9JD66,CYP2B35 (desert woodrat),4-(4-CHLOROPHENYL)IMIDAZOLE,5E58,inhibitor,INHIBITOR,INHIBITOR,False,HIGH,A,True,False,三方一致：INHIBITOR。Gemini文献（PMID:26862048），Codex结构（Fe-N=1.88Å）。任务02分类正确。
REC_0141,03,L8GJB3,CYP51 (A. castellanii),1-[(2-CHLOROPHENYL)(DIPHENYL)METHYL]-1H-IMIDAZOLE,6UW2,inhibitor,INHIBITOR,INHIBITOR,False,HIGH,A,True,False,三方一致：INHIBITOR。Gemini文献（PMID:33008918），Codex结构（Fe-N=2.11-2.20Å）确认克霉唑为典型II型唑类抑制剂。任务02分类正确。
REC_0142,03,L8GJB3,CYP51 (A. castellanii),GUANIDINE,6UW2,inhibitor,EXCLUDE,EXCLUDE,False,HIGH,A,True,False,三方一致：EXCLUDE。Gemini确认鸟嘌呤为结晶缓冲液成分（PMID:33008918），Codex结构分析显示Fe-GAI距离约26Å，远离活性位点。任务02标注为inhibitor是数据解析错误。
REC_0143,03,L8GJB3,CYP51 (A. castellanii),"4-{2-[(2R,3R)-3-(2,5-difluorophenyl)-3-hydroxy-4-(1H-1,2,4-triazol-1-yl)butan-2-yl]-1,3-thiazol-4-yl}benzonitrile",6UX0,inhibitor,INHIBITOR,INHIBITOR,False,HIGH,A,True,False,三方一致：INHIBITOR。Gemini文献（EC50=0.3-26 nM，独特失活机制，PMID:33008918），Codex结构（Fe-N=1.90-2.32Å）确认伊曲康唑为强效Type II唑类抑制剂。任务02分类正确。
REC_0144,03,L8GJB3,CYP51 (A. castellanii),"(R)-2-(2,4-Difluorophenyl)-1,1-difluoro-3-(1H-tetrazol-1-yl)-1-(5-(4-(2,2,2-trifluoroethoxy)phenyl)pyridin-2-yl)propan-2-ol",8EKT,inhibitor,INHIBITOR,INHIBITOR,False,HIGH,A,True,False,三方一致：INHIBITOR。Gemini文献（IC50=0.20 μM，PMID:38728411），Codex结构（Fe-N=2.20-2.27Å）确认VT-1161为Type II四唑类CYP51抑制剂。任务02分类正确。
REC_0145,03,M5PFT9,P450_M5PFT9,TESTOSTERONE,7Y98,substrate,SUBSTRATE,SUBSTRATE,False,HIGH,B,True,False,三方一致：SUBSTRATE。Gemini确认CYP109B4氧化睾酮产生16β-羟基睾酮。Codex结构显示底物样结合（Fe-O 3.1-4.3Å，无Fe配位）。任务02分类正确。
REC_0146,03,O31440,P450BSbeta (B. subtilis fatty acid),PALMITOLEIC ACID,7WYG,substrate,SUBSTRATE,SUBSTRATE,False,HIGH,A,True,False,三方一致：SUBSTRATE。Gemini文献（CYP152A1原始表征，PMID:10601272）确认P450BSbeta是脂肪酸羟化酶。Codex结构显示底物样结合（β-碳接近Fe 3.8-4.0Å）。任务02分类正确。
REC_0147,03,O31440,P450BSbeta (B. subtilis fatty acid),PALMITIC ACID,9IY1,substrate,SUBSTRATE,SUBSTRATE,False,HIGH,A,True,False,三方一致：SUBSTRATE。Gemini文献（PMID:10601272）明确棕榈酸（C16:0）是P450BSbeta底物。Codex结构显示部分单体存在非生产性姿态，但不影响底物分类。任务02分类正确。
REC_0148,03,O53937,P450_O53937,FE3-S4 CLUSTER,8AMQ,unknown,EXCLUDE,EXCLUDE,False,HIGH,A,True,False,三方一致：EXCLUDE。Fe3-S4簇是电子转移辅因子（铁氧还蛋白），共价配位蛋白Cys，距heme 16.9Å，不是底物或抑制剂。任务02分类正确。
REC_0149,03,O64989,CYP90B1 (brassinosteroid biosynthesis),CHOLESTEROL,6A15,substrate,SUBSTRATE,SUBSTRATE,False,HIGH,A,True,False,三方一致：SUBSTRATE。Gemini文献（BR生物合成，PMID:31182839），Codex结构（Fe-C22=4.07Å）。任务02分类正确。
REC_0150,03,O64989,CYP90B1 (brassinosteroid biosynthesis),"(1E,3S)-1-(4-chlorophenyl)-4,4-dimethyl-2-(1H-1,2,4-triazol-1-yl)pent-1-en-3-ol",6A16,inhibitor,INHIBITOR,INHIBITOR,False,HIGH,A,True,False,三方一致：INHIBITOR。Gemini文献（三唑P450抑制剂，PMID:31182839），Codex结构（Fe-N=2.22Å）。任务02分类正确。
REC_0151,03,O64989,CYP90B1 (brassinosteroid biosynthesis),"(2R,3S)-4-(4-chlorophenyl)-2-phenyl-3-(1H-1,2,4-triazol-1-yl)butan-2-ol",6A17,inhibitor,INHIBITOR,INHIBITOR,False,HIGH,A,True,False,三方一致：INHIBITOR。Gemini文献（BR合成特异性抑制剂，PMID:31182839），Codex结构（Fe-N=2.45Å）。任务02分类正确。
REC_0152,03,O64989,CYP90B1 (brassinosteroid biosynthesis),"HEXANE-1,6-DIOL",6A18,unknown,EXCLUDE,EXCLUDE,False,HIGH,A,True,False,三方一致：EXCLUDE。Gemini文献确认为结晶添加剂（PMID:31182839），Codex结构显示Fe-O=2.66Å但为偶然结合。任务02分类正确。
REC_0153,03,O87605,PikC (CYP107L1),NARBOMYCIN,2C7X,unknown,SUBSTRATE,SUBSTRATE,False,HIGH,A,True,False,三方一致：SUBSTRATE。Gemini确认纳博霉素是PikC天然底物（羟基化产生皮克霉素），Codex结构显示Fe=3.92Å。任务02分类正确。
REC_0154,03,O87605,PikC (CYP107L1),"4-{[4-(DIMETHYLAMINO)-3-HYDROXY-6-METHYLTETRAHYDRO-2H-PYRAN-2-YL]OXY}-12-ETHYL-3,5,7,11-TETRAMETHYLOXACYCLODODEC-9-ENE-2,8-DIONE",2CD8,product,PRODUCT,SUBSTRATE,True,HIGH,A,True,False,任务02分类错误：将SUBSTRATE误判为PRODUCT。YC-17是PikC的底物，被羟基化产生甲米辛。Gemini和Codex均确认为SUBSTRATE。
REC_0155,03,O87605,PikC (CYP107L1),"CYCLOTRIDECYL 3,4,6-TRIDEOXY-3-(DIMETHYLAMINO)-BETA-D-XYLO-HEXOPYRANOSIDE",2WHW,unknown,SUBSTRATE,SUBSTRATE,False,MEDIUM,B,True,False,三方一致：SUBSTRATE。合成底物类似物，Fe=3.72Å。任务02分类正确。
REC_0156,03,O87605,PikC (CYP107L1),"CYCLODODECYL 3,4,6-TRIDEOXY-3-(DIMETHYLAMINO)-BETA-D-XYLO-HEXOPYRANOSIDE",2WI9,unknown,SUBSTRATE,SUBSTRATE,False,MEDIUM,B,True,False,三方一致：SUBSTRATE。合成底物类似物，Fe=4.08Å。任务02分类正确。
REC_0157,03,O87605,PikC (CYP107L1),"(3R,4S,5S,7R,9E,11R,12R)-12-ethyl-3,5,7,11-tetramethyl-2,8-dioxooxacyclododec-9-en-4-yl N,N-dimethylglycinate",3ZK5,unknown,SUBSTRATE,SUBSTRATE,False,MEDIUM,B,True,False,三方一致：SUBSTRATE。10-DML类似物，Fe=5.12Å。任务02分类正确。
REC_0158,03,O87605,PikC (CYP107L1),L(+)-TARTARIC ACID,3ZPI,unknown,EXCLUDE,EXCLUDE,False,HIGH,A,True,False,三方一致：EXCLUDE。酒石酸为结晶添加剂，距Fe 30.38Å。任务02分类正确。
REC_0159,03,O87605,PikC (CYP107L1),"[(3R,4S,5S,7R,9E,11R,12R)-12-ethyl-3,5,7,11-tetramethyl-2,8-bis(oxidanylidene)-1-oxacyclododec-9-en-4-yl] 3-(dimethylamino)propanoate",4B7S,unknown,INHIBITOR,SUBSTRATE,True,MEDIUM,B,True,False,任务02分类可能错误：三方验证确认为SUBSTRATE（10-DML类似物，Fe=4.46Å底物样结合）。Task02标为INHIBITOR但结构证据支持SUBSTRATE。
REC_0160,03,O87605,PikC (CYP107L1),"1.7.6 5-cyclododecyloxy-N,N-dimethyl-pentan-1-amine",4BF4,substrate,SUBSTRATE,SUBSTRATE,False,MEDIUM,B,True,False,三方一致：SUBSTRATE。工程化底物模拟物，Fe=3.45Å。任务02分类正确。
REC_0161,03,O87605,PikC (CYP107L1),"(3R,4S,5S,7R,9E,11R,12R)-12-ethyl-3,5,7,11-tetramethyl-2,8-dioxooxacyclododec-9-en-4-yl 2-[(dimethylamino)methyl]benzoate",4UMZ,substrate,SUBSTRATE,SUBSTRATE,False,MEDIUM,B,True,False,三方一致：SUBSTRATE。工程化底物类似物，Fe=3.75Å。任务02分类正确。
REC_0162,03,O87605,PikC (CYP107L1),CACODYLATE ION,7XBM,unknown,EXCLUDE,EXCLUDE,False,HIGH,A,True,False,三方一致：EXCLUDE。二甲基胂酸根为缓冲液成分，距Fe 24.24Å。任务02分类正确。
REC_0163,03,O87605,PikC (CYP107L1),"(3R,4S,5S,7R,9E,11R,12R)-12-ETHYL-4-HYDROXY-3,5,7,11-TETRAMETHYLOXACYCLODODEC-9-ENE-2,8-DIONE",7XBO,product,PRODUCT,PRODUCT,False,MEDIUM,B,False,False,证据有分歧但采纳PRODUCT：Gemini确认10-DML羟基化产物。Codex结构显示Fe=3.87Å可能是底物或产物。采纳PDB原始标注和任务02分类PRODUCT。
REC_0164,03,P00178,CYP2B4,4-(4-CHLOROPHENYL)IMIDAZOLE,1SUO,inhibitor,INHIBITOR,INHIBITOR,False,HIGH,A,True,False,三方一致：INHIBITOR。Gemini文献（Ks=0.043μM，PMID:15100217），Codex结构（Fe-N=2.14Å）。任务02分类正确。
REC_0165,03,P00178,CYP2B4,1-[PHENYL-(4-PHENYLPHENYL)-METHYL]IMIDAZOLE,2BDM,inhibitor,INHIBITOR,INHIBITOR,False,HIGH,A,True,False,三方一致：INHIBITOR。Gemini文献（联苯咪唑，PMID:16361250），Codex结构（Fe-N=2.13Å）。任务02分类正确。
REC_0166,03,P00178,CYP2B4,1-(biphenyl-4-ylmethyl)-1H-imidazole,3G5N,inhibitor,INHIBITOR,INHIBITOR,False,HIGH,A,True,False,三方一致：INHIBITOR。Gemini文献（PMID:20684615），Codex结构（Fe-N=2.0-2.25Å）。任务02分类正确。
REC_0167,03,P00178,CYP2B4,"2-{[(3alpha,5alpha,7alpha,8alpha,10alpha,12alpha,17alpha)-3,12-bis{2-[(4-O-alpha-D-glucopyranosyl-beta-D-glucopyranosyl)oxy]ethoxy}cholan-7-yl]oxy}ethyl 4-O-alpha-D-glucopyranosyl-beta-D-glucopyranoside",3KW4,unknown,EXCLUDE,EXCLUDE,False,HIGH,A,True,False,三方一致：EXCLUDE。复杂糖苷化合物为洗涤剂/结晶添加剂。任务02分类正确。
REC_0168,03,P00178,CYP2B4,ticlopidine,3KW4,unknown,SUBSTRATE,SUBSTRATE,False,MEDIUM,B,True,False,三方一致：SUBSTRATE。Gemini文献（机制性失活剂，Ki~2-5μM，PMID:20815363），Codex结构（Fe=3.76Å，无配位）。任务02分类正确。
REC_0169,03,P00178,CYP2B4,5-CYCLOHEXYL-1-PENTYL-BETA-D-MALTOSIDE,3MVR,unknown,EXCLUDE,EXCLUDE,False,HIGH,A,True,False,三方一致：EXCLUDE。Cymal-5洗涤剂用于膜蛋白溶解，无血红素配体。任务02分类正确。
REC_0170,03,P00178,CYP2B4,(4-tert-butylphenyl)acetaldehyde,3R1B,unknown,PRODUCT,PRODUCT,False,HIGH,A,False,False,证据有分歧但采纳PRODUCT：Gemini文献明确为产物（PMID:21510666），Codex结构显示共价连接Thr302。虽然Codex标为INHIBITOR，但文献证据表明这是母体化合物tBPA失活产生的醛代谢物。采纳PRODUCT。
REC_0171,03,P00178,CYP2B4,Amlodipine,3TMZ,unknown,SUBSTRATE,SUBSTRATE,False,MEDIUM,B,False,False,证据冲突但采纳SUBSTRATE：Gemini文献指出氨氯地平结合活性位点和通道（PMID:22909231），作为CYP底物代谢。Codex结构显示Fe-N=2.05Å配位，但这可能是抑制剂样结合模式。综合考虑氨氯地平是已知的CYP底物，采纳SUBSTRATE分类。
REC_0172,04,,CYP2B4,phenanthren-9-ylacetaldehyde,3UAS,unknown,PRODUCT,PRODUCT,False,HIGH,B,True,False,三方验证确认Task 02分类正确。Acetaldehyde oxidation product. Very high confidence as PRODUCT.
REC_0173,04,,CYP2B4,TRIS(HYDROXYETHYL)AMINOMETHANE,3UAS,unknown,EXCLUDE,EXCLUDE,False,HIGH,A,True,False,三方验证确认Task 02分类正确。Tris buffer. Correct classification as EXCLUDE.
REC_0174,04,,CYP2B4,Clopidogrel,4H1N,unknown,SUBSTRATE,SUBSTRATE,False,MEDIUM,B,True,False,三方验证确认Task 02分类正确。Clopidogrel is an antiplatelet prodrug metabolized by CYPs. Medium-high confidence as SUBSTRATE.
REC_0175,04,,CYP2B4,Paroxetine,4JLT,unknown,INHIBITOR,INHIBITOR,False,HIGH,A,True,False,"三方验证确认Task 02分类正确。Paroxetine is a well-known SSRI antidepressant and potent CYP2B6 inhibitor. Original was low-medium confidence, but this is well-documented experimentally. Very high confidence as INHIBITOR."
REC_0176,04,,CYP2B4,"3,6,9,12,15,18-hexaoxahexacosan-1-ol",5IUT,product,EXCLUDE,EXCLUDE,False,HIGH,D,True,False,"三方验证确认Task 02分类正确。This is a PEG-like compound (polyethylene glycol derivative), likely a crystallization artifact or buffer component, not an enzymatic product. Correctly classified as EXCLUDE."
REC_0177,04,,CYP2C5,SAMARIUM (III) ION,1DT6,unknown,EXCLUDE,EXCLUDE,False,HIGH,D,True,False,"三方验证确认Task 02分类正确。Samarium ion is a lanthanide metal ion, used in crystallography. Not a substrate, inhibitor, or product. Correctly classified as EXCLUDE."
REC_0178,04,,CYP2C5,4-METHYL-N-METHYL-N-(2-PHENYL-2H-PYRAZOL-3-YL)BENZENESULFONAMIDE,1N6B,inhibitor,INHIBITOR,SUBSTRATE,True,MEDIUM,A,True,False,"任务02错误：将SUBSTRATE误判为INHIBITOR。Gemini文献(PMID:12767218)提供代谢证据：Km=5-13µM, kcat=16-90 min⁻¹。虽然也可作为竞争性抑制剂，但有代谢活性应分类为SUBSTRATE。"
REC_0179,04,,CYP2C5,"2-[2,6-DICHLOROPHENYL)AMINO]BENZENEACETIC ACID",1NR6,unknown,SUBSTRATE,SUBSTRATE,False,HIGH,A,True,False,"三方验证确认Task 02分类正确。This is diclofenac, a well-known NSAID metabolized by CYP2C family enzymes. Extensively studied substrate with known metabolic pathways. Very high confidence as SUBSTRATE."
REC_0180,04,,CYP101A1 (P450cam),BENZENE,1CP4,unknown,INHIBITOR,INHIBITOR,False,MEDIUM,B,True,False,三方验证确认Task 02分类正确。Benzene can bind to P450cam active site but is not the natural substrate. Acts as a competitive ligand/inhibitor. Medium-high confidence as INHIBITOR.
REC_0181,04,,CYP101A1 (P450cam),OXYGEN ATOM,1DZ9,unknown,EXCLUDE,EXCLUDE,False,HIGH,D,True,False,"三方验证确认Task 02分类正确。Oxygen atom is not a substrate molecule but part of the catalytic mechanism. Should be EXCLUDE, not substrate/inhibitor/product."
REC_0182,04,,CYP101A1 (P450cam),N-BUTYL ISOCYANIDE,1GEK,unknown,INHIBITOR,INHIBITOR,False,HIGH,A,True,False,三方验证确认Task 02分类正确。Isocyanides are well-known P450 inhibitors that coordinate to the heme iron. N-butyl isocyanide is a classic P450 inhibitor. High confidence as INHIBITOR.
REC_0183,04,,CYP101A1 (P450cam),N-(2-FERROCENYLETHYL)MALEIMIDE,1GJM,unknown,EXCLUDE,EXCLUDE,False,HIGH,D,True,False,"三方验证确认Task 02分类正确。Ferrocene-labeled compound used as synthetic probe or electrochemical reagent. Not a natural substrate, inhibitor, or product. Correctly classified as EXCLUDE."
REC_0184,04,,CYP101A1 (P450cam),"1,3,5-TRICHLORO-BENZENE",1J51,unknown,INHIBITOR,INHIBITOR,False,MEDIUM,B,True,False,三方验证确认Task 02分类正确。Trichlorobenzene is a halogenated aromatic that can bind to P450cam. Acts as a competitive ligand rather than substrate. Medium confidence as INHIBITOR.
REC_0185,04,,CYP101A1 (P450cam),CACODYLATE ION,1K2O,unknown,EXCLUDE,EXCLUDE,False,HIGH,D,True,False,"三方验证确认Task 02分类正确。Cacodylate is a common crystallography buffer component. Not a substrate, inhibitor, or product. Correctly classified as EXCLUDE."
REC_0186,04,,CYP101A1 (P450cam),"DELTA-BIS(2,2-BIPYRIDINE)-(5-METHYL-2-2-BIPYRIDINE)-C2-ADAMANTANE RUTHENIUM (II)",1K2O,unknown,EXCLUDE,EXCLUDE,False,HIGH,D,True,False,"三方验证确认Task 02分类正确。Ruthenium bipyridine complex used as electron transfer probe or photosensitizer in research. Not a substrate, inhibitor, or enzymatic product. EXCLUDE."
REC_0187,04,,CYP101A1 (P450cam),"LAMBDA-BIS(2,2-BIPYRIDINE)-(5-METHYL-2-2-BIPYRIDINE)-C2-ADAMANTANE RUTHENIUM (II)",1K2O,unknown,EXCLUDE,EXCLUDE,False,HIGH,D,True,False,"三方验证确认Task 02分类正确。Lambda isomer of ruthenium bipyridine complex, similar to REC_0186. Research probe for electron transfer studies. EXCLUDE."
REC_0188,04,,CYP101A1 (P450cam),(+)-alpha-Pinene,1MPW,unknown,SUBSTRATE,SUBSTRATE,False,MEDIUM,B,True,False,三方验证确认Task 02分类正确。Alpha-pinene is a monoterpene that can be hydroxylated by P450cam. Known alternative substrate to camphor. Medium-high confidence as SUBSTRATE.
REC_0189,04,,CYP101A1 (P450cam),(S)-3-(1-METHYLPYRROLIDIN-2-YL)PYRIDINE,1P2Y,unknown,INHIBITOR,INHIBITOR,False,HIGH,A,True,False,"三方验证确认Task 02分类正确。This is (S)-nicotine, a well-studied P450 inhibitor. Pyridine ring coordinates to heme iron. High confidence as INHIBITOR."
REC_0190,04,,CYP101A1 (P450cam),"1-(N-IMIDAZOLYL)-2-HYDROXY-2-(2,3-DICHLOROPHENYL)OCTANE",1PHB,inhibitor,INHIBITOR,INHIBITOR,False,HIGH,A,True,False,三方验证确认Task 02分类正确。Imidazole derivative that binds to heme iron. Original classification as inhibitor is correct. High confidence as INHIBITOR.
REC_0191,04,,CYP101A1 (P450cam),1-phenyl-1H-imidazole,1PHD,inhibitor,INHIBITOR,INHIBITOR,False,HIGH,A,True,False,三方验证确认Task 02分类正确。Phenylimidazole is a classic P450 inhibitor. Imidazole nitrogen coordinates to heme iron. Original classification correct. HIGH confidence as INHIBITOR.
REC_0192,04,,CYP101A1 (P450cam),2-phenyl-1H-imidazole,1PHE,inhibitor,INHIBITOR,INHIBITOR,False,HIGH,A,True,False,三方验证确认Task 02分类正确。2-phenylimidazole is a positional isomer of 1-phenylimidazole. Also a strong P450 inhibitor. Original classification correct. HIGH confidence as INHIBITOR.
REC_0193,04,,CYP101A1 (P450cam),4-PHENYL-1H-IMIDAZOLE,1PHF,inhibitor,INHIBITOR,INHIBITOR,False,HIGH,A,True,False,三方验证确认Task 02分类正确。4-phenylimidazole is another phenylimidazole isomer. Strong P450 inhibitor via heme coordination. Original classification correct. HIGH confidence as INHIBITOR.
REC_0194,04,,CYP101A1 (P450cam),METYRAPONE,1PHG,inhibitor,INHIBITOR,INHIBITOR,False,HIGH,A,True,False,三方验证确认Task 02分类正确。Metyrapone is a classical diagnostic P450 inhibitor. Widely used in clinical and research settings. Original classification correct. Very high confidence as INHIBITOR.
REC_0195,04,,CYP101A1 (P450cam),"DELTA-BIS(2,2-BIPYRIDINE)-(5-METHYL-2-2-BIPYRIDINE)-C9-ADAMANTANE RUTHENIUM (II)",1QMQ,substrate,EXCLUDE,EXCLUDE,False,MEDIUM,D,True,False,"三方验证确认Task 02分类正确。This is a ruthenium bipyridine complex with adamantane linker, used as photosensitizer or electron transfer probe. Not an enzymatic substrate despite adamantane moiety. Should be EXCLUDE not substrate"
REC_0196,04,,CYP101A1 (P450cam),ADAMANTANE-1-CARBOXYLIC ACID-5-DIMETHYLAMINO-NAPHTHALENE-1-SULFONYLAMINO-OCTYL-AMIDE,1RE9,unknown,EXCLUDE,EXCLUDE,False,MEDIUM,D,True,False,"三方验证确认Task 02分类正确。This is a dansyl (dimethylaminonaphthalene) fluorescent probe tethered to adamantane. Synthetic probe for structural studies, not a substrate/inhibitor/product. EXCLUDE."
REC_0197,04,,CYP101A1 (P450cam),ADAMANTANE-1-CARBOXYLIC ACID-5-DIMETHYLAMINO-NAPHTHALENE-1-SULFONYLAMINO-BUTYL-AMIDE,1RF9,unknown,EXCLUDE,EXCLUDE,False,MEDIUM,D,True,False,"三方验证确认Task 02分类正确。Another dansyl fluorescent probe with shorter butyl linker. Similar to REC_0196, synthetic probe for research. EXCLUDE."
REC_0198,04,,CYP101A1 (P450cam),XENON,1UYU,unknown,EXCLUDE,EXCLUDE,False,HIGH,D,True,False,"三方验证确认Task 02分类正确。Xenon is a noble gas used in xenon derivative crystallography for phasing. Not a substrate, inhibitor, or product. EXCLUDE."
REC_0199,04,,CYP101A1 (P450cam),OXYGEN MOLECULE,2A1O,unknown,EXCLUDE,EXCLUDE,False,HIGH,D,True,False,三方验证确认Task 02分类正确。O2 is the co-substrate for P450 catalysis but not the primary substrate. Should be EXCLUDE from substrate/inhibitor/product classification.
REC_0200,04,,CYP101A1 (P450cam),PROTOPORPHYRIN IX CONTAINING MN,2FE6,unknown,EXCLUDE,EXCLUDE,False,HIGH,D,True,False,"三方验证确认Task 02分类正确。Manganese protoporphyrin is a modified cofactor/heme analog used in mechanistic studies. Not a substrate, inhibitor, or product. EXCLUDE."
REC_0201,04,,CYP101A1 (P450cam),"1,2,3,4,5-PENTACHLOROBENZENE",2GQX,unknown,INHIBITOR,INHIBITOR,False,MEDIUM,B,True,False,三方验证确认Task 02分类正确。Pentachlorobenzene is a highly chlorinated aromatic that binds to P450cam active site. Acts as competitive ligand/inhibitor rather than substrate. Medium confidence as INHIBITOR.
REC_0202,04,,CYP101A1 (P450cam),1-METHYLIMIDAZOLE,2H7R,inhibitor,INHIBITOR,INHIBITOR,False,HIGH,A,True,False,"三方验证确认Task 02分类正确。1-methylimidazole is a classic P450 inhibitor, imidazole coordinates to heme iron. Original classification correct. HIGH confidence as INHIBITOR."
REC_0203,04,,CYP101A1 (P450cam),7-METHYL-7-DEPROPIONATEHEMIN,2Z97,unknown,EXCLUDE,EXCLUDE,False,HIGH,D,True,False,"三方验证确认Task 02分类正确。Modified hemin/heme analog used for mechanistic or structural studies. Not a substrate, inhibitor, or enzymatic product. EXCLUDE."
REC_0204,04,,CYP101A1 (P450cam),6-METHY-6-DEPROPIONATEHEMIN,2ZAW,unknown,EXCLUDE,EXCLUDE,False,HIGH,D,True,False,"三方验证确认Task 02分类正确。Another modified hemin/heme analog. Similar to REC_0203, used for research purposes. EXCLUDE."
REC_0205,04,,CYP101A1 (P450cam),"N-{15-oxo-19-[(3aS,4S,6aR)-2-oxohexahydro-1H-thieno[3,4-d]imidazol-4-yl]-4,7,10-trioxa-14-azanonadec-1-yl}-N-(8-{[(3S,5S,7S)-tricyclo[3.3.1.1~3,7~]dec-1-ylcarbonyl]amino}octyl)pentanediamide",3OIA,substrate,EXCLUDE,EXCLUDE,False,MEDIUM,D,True,False,三方验证确认Task 02分类正确。This is a complex biotinylated probe (biotin-PEG-adamantane) used for affinity studies or structural analysis. Not an enzymatic substrate despite adamantane moiety. Should be EXCLUDE.
REC_0206,04,,CYP101A1 (P450cam),"(1R,3S,5R,7S)-N-[8-({[5-(dimethylamino)naphthalen-1-yl]sulfonyl}amino)octyl]-3-hydroxytricyclo[3.3.1.1~3,7~]decane-1-carboxamide",3OL5,substrate,EXCLUDE,EXCLUDE,False,MEDIUM,D,True,False,"三方验证确认Task 02分类正确。Dansyl fluorescent probe tethered to hydroxyadamantane. Synthetic probe for structural studies, not an enzymatic substrate. Should be EXCLUDE."
REC_0207,04,,CYP101A1 (P450cam),"(3S,5S,7S)-N-(2-{2-[2-({[5-(dimethylamino)naphthalen-1-yl]sulfonyl}amino)ethoxy]ethoxy}ethyl)tricyclo[3.3.1.1~3,7~]decane-1-carboxamide",3P6O,substrate,EXCLUDE,EXCLUDE,False,MEDIUM,D,True,False,"三方验证确认Task 02分类正确。Dansyl probe with PEG linker attached to adamantane. Research tool for structural studies, not an enzymatic substrate. Should be EXCLUDE."
REC_0208,04,,CYP101A1 (P450cam),"(3S,5S,7S)-N-[6-({5-[(3aS,4S,6aR)-2-oxohexahydro-1H-thieno[3,4-d]imidazol-4-yl]pentanoyl}amino)hexyl]tricyclo[3.3.1.1~3,7~]decane-1-carboxamide",3P6P,substrate,EXCLUDE,EXCLUDE,False,MEDIUM,D,True,False,三方验证确认Task 02分类正确。Biotinylated adamantane probe for affinity or structural studies. Not an enzymatic substrate. Should be EXCLUDE.
REC_0209,04,,CYP101A1 (P450cam),"N-[8-({[5-(dimethylamino)naphthalen-1-yl]sulfonyl}amino)octyl]-2-[(3S,5S,7S)-tricyclo[3.3.1.1~3,7~]dec-1-yl]acetamide",3P6T,substrate,EXCLUDE,EXCLUDE,False,MEDIUM,D,True,False,"三方验证确认Task 02分类正确。Dansyl fluorescent probe with adamantylacetamide. Synthetic research tool, not an enzymatic substrate. Should be EXCLUDE."
REC_0210,04,,CYP101A1 (P450cam),"N-[8-({[5-(dimethylamino)naphthalen-1-yl]sulfonyl}amino)octyl]-3-[(3S,5S,7S)-tricyclo[3.3.1.1~3,7~]dec-1-yl]propanamide",3P6X,substrate,EXCLUDE,EXCLUDE,False,MEDIUM,D,True,False,"三方验证确认Task 02分类正确。Dansyl fluorescent probe with adamantylpropanamide. Synthetic research tool, not an enzymatic substrate. Should be EXCLUDE."
REC_0211,04,,CYP101A1 (P450cam),ADAMANTANE,4CPP,substrate,SUBSTRATE,SUBSTRATE,False,MEDIUM,B,True,False,三方验证确认Task 02分类正确。Adamantane is a known alternative substrate for P450cam. Can be hydroxylated though less efficiently than camphor. Original classification correct. Medium-high confidence as SUBSTRATE.
REC_0212,04,,CYP101A1 (P450cam),"S-[(1-oxyl-2,2,5,5-tetramethyl-2,5-dihydro-1H-pyrrol-3-yl)methyl] methanesulfonothioate",4EK1,unknown,EXCLUDE,EXCLUDE,False,HIGH,D,True,False,"三方验证确认Task 02分类正确。This is a TEMPO (nitroxide radical) derivative used as spin label or redox probe. Not a substrate, inhibitor, or product. EXCLUDE."
REC_0213,04,,CYP101A1 (P450cam),"1,1-hexane-1,6-diyldipyrrolidine-2,5-dione",4JX1,substrate,EXCLUDE,EXCLUDE,False,HIGH,D,True,False,三方验证确认Task 02分类正确。This is a bis-maleimide crosslinker used for protein modification or structural studies. Not an enzymatic substrate. Should be EXCLUDE.
REC_0214,04,,CYP101A1 (P450cam),N-(pyren-1-yl)acetamide,4KKY,substrate,EXCLUDE,EXCLUDE,False,HIGH,D,True,False,"三方验证确认Task 02分类正确。Pyrene-labeled acetamide used as fluorescent probe. Not an enzymatic substrate, used for spectroscopic studies. Should be EXCLUDE."
REC_0215,04,,CYP101A1 (P450cam),CAMPHOR,4L4E,substrate,SUBSTRATE,SUBSTRATE,False,HIGH,A,True,False,三方验证确认Task 02分类正确。Camphor is the canonical natural substrate of P450cam. Extensively studied with well-characterized kinetics. Original classification correct. Very high confidence as SUBSTRATE.
REC_0216,04,,CYP101A1 (P450cam),CYANIDE ION,4L4E,substrate,EXCLUDE,EXCLUDE,False,HIGH,D,True,False,"三方验证确认Task 02分类正确。Cyanide ion coordinates to heme iron and acts as inhibitor. Not a substrate for hydroxylation. Should be EXCLUDE (or INHIBITOR, but typically classified as EXCLUDE for small ions)."
REC_0217,04,,CYP101A1 (P450cam),ADAMANTANONE,5CPP,substrate,SUBSTRATE,SUBSTRATE,False,MEDIUM,B,True,False,"三方验证确认Task 02分类正确。Adamantanone is an alternative substrate for P450cam, related to adamantane. Can undergo further oxidation. Original classification correct. Medium-high confidence as SUBSTRATE."
REC_0218,04,,CYP101A1 (P450cam),FE2/S2 (INORGANIC) CLUSTER,5GXG,unknown,EXCLUDE,EXCLUDE,False,HIGH,D,True,False,"三方验证确认Task 02分类正确。Iron-sulfur cluster is a cofactor, not a substrate, inhibitor, or product. EXCLUDE."
REC_0219,04,,CYP101A1 (P450cam),CAMPHANE,6CPP,substrate,SUBSTRATE,SUBSTRATE,False,HIGH,B,True,False,三方验证确认Task 02分类正确。Camphane is a saturated camphor analog and alternative substrate for P450cam. Well-studied substrate. Original classification correct. High confidence as SUBSTRATE.
REC_0220,04,,CYP101A1 (P450cam),5-EXO-HYDROXYCAMPHOR,6WFL,substrate,PRODUCT,PRODUCT,False,HIGH,A,True,False,"三方验证确认Task 02分类正确。5-exo-hydroxycamphor is the major product of camphor hydroxylation by P450cam, not the substrate. This is substrate/product confusion trap. Should be PRODUCT not substrate."
REC_0221,04,,CYP101A1 (P450cam),NORCAMPHOR,7CPP,substrate,SUBSTRATE,SUBSTRATE,False,HIGH,A,True,False,三方验证确认Task 02分类正确。Norcamphor is a well-characterized substrate for P450cam. Camphor analog with documented catalytic activity. Original classification correct. High confidence as SUBSTRATE.
REC_0222,04,,CYP101A1 (P450cam),THIOCAMPHOR,8CPP,substrate,SUBSTRATE,SUBSTRATE,False,HIGH,A,True,False,三方验证确认Task 02分类正确。Thiocamphor is a sulfur analog of camphor and substrate for P450cam. Well-studied substrate. Original classification correct. High confidence as SUBSTRATE.
REC_0223,04,,CYP1A1,2-PHENYL-4H-BENZO[H]CHROMEN-4-ONE,4I8V,unknown,INHIBITOR,INHIBITOR,False,HIGH,A,True,False,"三方验证确认Task 02分类正确。This is alpha-naphthoflavone (ANF), a classical and potent CYP1A1 inhibitor widely used in research. Very high confidence as INHIBITOR."
REC_0224,04,,CYP1A1,NITRATE ION,4I8V,unknown,EXCLUDE,EXCLUDE,False,HIGH,D,True,False,"三方验证确认Task 02分类正确。Nitrate ion is a crystallization artifact or buffer component. Not a substrate, inhibitor, or product. EXCLUDE."
REC_0225,04,,CYP1A1,3-[(3-CHOLAMIDOPROPYL)DIMETHYLAMMONIO]-1-PROPANESULFONATE,6DWM,unknown,EXCLUDE,EXCLUDE,False,HIGH,D,True,False,"三方验证确认Task 02分类正确。This is CHAPS detergent used for protein solubilization and crystallization. Not a substrate, inhibitor, or product. EXCLUDE."
REC_0226,04,,CYP1A1,"4-{[(2E)-3,7-dimethylocta-2,6-dien-1-yl]oxy}-7H-furo[3,2-g][1]benzopyran-7-one",6DWM,unknown,INHIBITOR,INHIBITOR,False,MEDIUM,B,True,False,"三方验证确认Task 02分类正确。This is bergamottin, a furanocoumarin found in grapefruit juice. Known mechanism-based inhibitor of CYP1A and CYP3A enzymes. Medium-high confidence as INHIBITOR."
REC_0227,04,,CYP1A1,"[6,7-BIS(2-METHOXY-ETHOXY)QUINAZOLINE-4-YL]-(3-ETHYNYLPHENYL)AMINE",6DWN,unknown,SUBSTRATE,SUBSTRATE,False,MEDIUM,B,True,False,"三方验证确认Task 02分类正确。This is erlotinib, an EGFR tyrosine kinase inhibitor anticancer drug. Metabolized by CYP1A1 and CYP3A4. Medium-high confidence as SUBSTRATE."
REC_0228,04,,CYP1A1,"[(1S)-1-(chloromethyl)-1,6-dihydropyrrolo[3,2-e]indol-3(2H)-yl](5-methoxy-1H-indol-2-yl)methanone",6UDL,unknown,SUBSTRATE,SUBSTRATE,False,MEDIUM,B,True,False,三方验证确认Task 02分类正确。This is a duocarmycin prodrug being studied for bioactivation by CYP1A1 in cancer therapy. Acts as substrate for metabolic activation. Medium confidence as SUBSTRATE.
REC_0229,05,,CYP11A1 (cholesterol side-chain cleavage),CHOLESTEROL,3N9Y,SUBSTRATE,SUBSTRATE,SUBSTRATE,False,HIGH,A,True,False,"Gemini文献(Km=38μM, PMID:38006947) + Codex结构(Fe-C22=4.31Å, 活性位点结合) 均确认为SUBSTRATE。胆固醇是CYP11A1的经典底物。"
REC_0230,05,,CYP11A1 (cholesterol side-chain cleavage),FE2/S2 (INORGANIC) CLUSTER,3N9Y,SUBSTRATE,EXCLUDE,EXCLUDE,False,HIGH,A,True,False,Gemini + Codex均确认：Fe2S2 cluster是Adrenodoxin的辅基（用于电子传递），不是CYP11A1的底物/抑制剂。正确分类为EXCLUDE。
REC_0231,05,,CYP11A1 (cholesterol side-chain cleavage),"(3alpha,8alpha,22R)-cholest-5-ene-3,22-diol",3N9Z,SUBSTRATE,PRODUCT,PRODUCT,False,MEDIUM,B,False,False,Gemini认为SUBSTRATE(Intermediate)有Km数据，Codex认为PRODUCT(Fe-O配位2.57Å为产物态)。22-hydroxycholesterol是中间产物，既是Step1产物也是Step2底物。结构上Fe-O配位表明产物态结合，维持PRODUCT分类。
REC_0232,05,,CYP11A1 (cholesterol side-chain cleavage),"(3alpha,8alpha,22R)-cholest-5-ene-3,20,22-triol",3NA0,SUBSTRATE,PRODUCT,SUBSTRATE,True,HIGH,A,True,False,"任务02错误：将SUBSTRATE误判为PRODUCT。20,22-dihydroxycholesterol虽是第二步产物，但它是反应中间体，会被CYP11A1进一步代谢成pregnenolone。Gemini文献(kcat/Km数据，PMID:21882046) + Codex结构(活性位点催化定位) 均确认为SUBSTRATE。纠正分类。"
REC_0233,05,,CYP11A1 (cholesterol side-chain cleavage),"(3alpha,8alpha)-cholest-5-ene-3,20-diol",3NA1,SUBSTRATE,PRODUCT,SUBSTRATE,True,HIGH,A,False,False,"任务02错误：将SUBSTRATE误判为PRODUCT。虽然20-hydroxycholesterol是已羟基化分子（Codex结构显示product-like），但Gemini文献(PMID:6438068,3550307)明确表明它是CYP11A1的高效底物，可被代谢成pregnenolone，代谢速率≥胆固醇。文献代谢数据优先于结构外观。纠正分类。"
REC_0234,05,,P450_P05177,2-PHENYL-4H-BENZO[H]CHROMEN-4-ONE,2HI4,UNKNOWN,INHIBITOR,INHIBITOR,False,HIGH,A,True,False,"Gemini文献(Ki=1.4-7.5nM, PMID:12758162) + Codex结构(活性位点竞争性阻断) 均确认为INHIBITOR。Alpha-naphthoflavone是经典CYP1A2抑制剂。"
REC_0235,05,,CYP2E1,4-methyl-1H-pyrazole,3E4E,INHIBITOR,INHIBITOR,INHIBITOR,False,HIGH,A,True,False,"Gemini文献(Ki=12μM, PMID:2243344) + Codex结构(Type II Fe-N配位1.58-1.72Å) 均确认为INHIBITOR。4-methylpyrazole是典型的CYP2E1 Type II抑制剂。"
REC_0236,05,,CYP2E1,1H-indazole,3E6I,INHIBITOR,INHIBITOR,INHIBITOR,False,HIGH,A,True,False,"Gemini文献(Ki=0.12μM, PMID:18056994) + Codex结构(Type II Fe-N配位2.19-2.22Å) 均确认为INHIBITOR。"
REC_0237,05,,CYP2E1,10-(1H-imidazol-1-yl)decanoic acid,3GPH,UNKNOWN,INHIBITOR,INHIBITOR,False,HIGH,A,True,False,Gemini文献(PMID:33769703) + Codex结构(Type II Fe-N配位2.34-2.44Å) 均确认为INHIBITOR。
REC_0238,05,,CYP2E1,8-(1H-imidazol-1-yl)octanoic acid,3KOH,UNKNOWN,INHIBITOR,INHIBITOR,False,HIGH,A,True,False,Gemini + Codex均确认INHIBITOR。Type II Fe-N配位。
REC_0239,05,,CYP2E1,"(3S,4R)-3-ethyl-4-[(1-methyl-1H-imidazol-5-yl)methyl]dihydrofuran-2(3H)-one",3T3Z,UNKNOWN,INHIBITOR,INHIBITOR,False,HIGH,A,True,False,"Gemini文献(IC50=10μM, PMID:9393990) + Codex结构(Type II Fe-N配位2.18-2.21Å) 均确认为INHIBITOR。"
REC_0240,05,,P450_P08686,PROGESTERONE,4Y8W,SUBSTRATE,SUBSTRATE,SUBSTRATE,False,HIGH,A,True,False,"Gemini文献(Km~30-100μM, PMID:9328296, 10423249) + Codex结构(Type I-like, 无Fe配位) 均确认为SUBSTRATE。"
REC_0241,05,,P450_P0A515,2-azanyl-5-chloranyl-benzamide,5EDT,UNKNOWN,SUBSTRATE,EXCLUDE,False,MEDIUM,C,False,False,[人工审核修正] 片段筛选工具，非真实底物/抑制剂，Fe距离10.75Å太远无法判断。原理由: 证据冲突：Gemini提示可能是inhibitor fragment用于筛选，Codex结构显示Fe距离10.75Å太远无法判断。此分子是小分子片段非真实底物/抑制剂。任务02分类为SUBSTRATE...
REC_0242,05,,P0DPQ7,Guaiacol,6HQL,UNKNOWN,SUBSTRATE,SUBSTRATE,False,HIGH,A,True,False,"Gemini文献(Km=60μM, PMID:29950589) + Codex结构(活性位点结合) 均确认为SUBSTRATE。"
REC_0243,05,,P0DPQ7,"2,6-dimethoxyphenol",6HQQ,UNKNOWN,SUBSTRATE,SUBSTRATE,False,HIGH,A,True,False,"Gemini文献(PMID:32989155, 29950589) + Codex结构(F169A突变体) 均确认为SUBSTRATE。此PDB为F169A突变体，可代谢syringol。"
REC_0244,05,,P0DPQ7,4-hydroxy-3-methoxybenzaldehyde,6YCM,PRODUCT,SUBSTRATE,SUBSTRATE,False,HIGH,B,True,False,Gemini文献(PMID:29950589) + Codex结构均确认SUBSTRATE。Vanillin含methoxy基团，可被GcoA demethylate。
REC_0245,05,,P0DPQ7,2-(hydroxymethyl)-6-methoxy-phenol,6YCO,UNKNOWN,SUBSTRATE,SUBSTRATE,False,MEDIUM,B,True,False,Codex结构确认活性位点结合(Fe-O=5.22Å)。GcoA是aromatic O-demethylase，配体含methoxy基团可被demethylate。分类SUBSTRATE合理。
REC_0246,05,,P10613,POSACONAZOLE,5FSA,INHIBITOR,INHIBITOR,INHIBITOR,False,HIGH,A,True,False,"Gemini文献(Kd=81nM, PMID:20138997) + Codex结构(Type II Fe-N=2.08Å) 均确认为INHIBITOR。"
REC_0247,05,,P10613,"(R)-2-(2,4-Difluorophenyl)-1,1-difluoro-3-(1H-tetrazol-1-yl)-1-(5-(4-(2,2,2-trifluoroethoxy)phenyl)pyridin-2-yl)propan-2-ol",5TZ1,INHIBITOR,INHIBITOR,INHIBITOR,False,HIGH,A,True,False,"Gemini文献(Kd≤39nM, PMID:25224009) + Codex结构(Type II Fe-N=2.20-2.25Å) 均确认为INHIBITOR。"
REC_0248,05,,P10613,itraconazole analog,5V5Z,UNKNOWN,INHIBITOR,INHIBITOR,False,HIGH,A,True,False,"Gemini文献(Kd=28nM, PMID:20805396) + Codex结构(Type II Fe-N=2.19Å) 均确认为INHIBITOR。"
REC_0249,05,,P10614,LANOSTEROL,4LXJ,UNKNOWN,SUBSTRATE,SUBSTRATE,False,HIGH,A,True,False,Gemini文献(Km~5μM) + Codex结构(非配位底物) 均确认为SUBSTRATE。Lanosterol是CYP51的天然底物。
REC_0250,05,,P10614,OXYGEN MOLECULE,4LXJ,UNKNOWN,EXCLUDE,EXCLUDE,False,HIGH,A,True,False,O2是P450催化循环必需的辅因子/共底物，按项目规则分类为EXCLUDE。
REC_0251,05,,P10614,Voriconazole,7RY8,INHIBITOR,INHIBITOR,INHIBITOR,False,HIGH,A,True,False,"Gemini文献(Kd=10nM, PMID:24247132) + Codex结构(Type II Fe-N=2.19Å) 均确认为INHIBITOR。"
REC_0252,05,,P10614,itraconazole,7RYA,INHIBITOR,INHIBITOR,INHIBITOR,False,HIGH,A,True,False,Gemini文献(PMID:20805396) + Codex结构(Type II Fe-N=2.17Å) 均确认为INHIBITOR。
REC_0253,05,,P10614,VT-1129 (quilseconazole),7RYX,PRODUCT,INHIBITOR,INHIBITOR,False,HIGH,A,True,False,Codex结构确认Type II Fe-N配位(2.14Å)。VT-1129是tetrazole类抗真菌药物，分类为INHIBITOR。
REC_0254,05,,P10614,beta-D-glucopyranose,8DL4,INHIBITOR,EXCLUDE,EXCLUDE,False,HIGH,A,True,False,Gemini确认glucose是crystallization additive，CYP51的底物是sterols。正确分类为EXCLUDE。
REC_0255,05,,P10614,triazole compound,8DL4,INHIBITOR,INHIBITOR,INHIBITOR,False,HIGH,A,True,False,Codex结构确认Type II Fe-N配位(2.00Å)。Triazole类化合物，分类为INHIBITOR。
REC_0256,05,,P10614,triazole analog,8VK6,INHIBITOR,INHIBITOR,INHIBITOR,False,HIGH,A,True,False,Codex结构确认Type II Fe-N配位(2.01Å)。Triazole类化合物，分类为INHIBITOR。
REC_0257,05,,CYP2C8,(9cis)-retinoic acid,2NNH,UNKNOWN,SUBSTRATE,SUBSTRATE,False,HIGH,B,True,False,Codex结构确认活性位点结合(Fe-C=4.52Å)。9-cis-retinoic acid被CYP2C8代谢，分类为SUBSTRATE。
REC_0258,05,,CYP2C8,MONTELUKAST,2NNI,UNKNOWN,SUBSTRATE,SUBSTRATE,False,HIGH,A,True,False,Gemini确认montelukast主要是CYP2C8底物(80%代谢)。Codex结构(Fe-C=4.19Å非配位)支持底物结合。分类为SUBSTRATE。
REC_0259,05,,CYP2C8,FELODIPINE,2NNJ,UNKNOWN,SUBSTRATE,SUBSTRATE,False,HIGH,A,True,False,Codex结构确认非配位底物结合(Fe-C=4.65Å)。Felodipine被CYP2C8代谢，分类为SUBSTRATE。
REC_0260,05,,CYP2C8,PALMITIC ACID,2NNJ,SUBSTRATE,EXCLUDE,EXCLUDE,False,HIGH,A,True,False,Palmitic acid在PDB结构中通常是纯化过程污染物或结构稳定剂，不是CYP2C8的催化底物。分类为EXCLUDE。
REC_0261,05,,CYP2C8,Troglitazone,2VN0,PRODUCT,SUBSTRATE,SUBSTRATE,False,HIGH,A,True,False,Troglitazone是经典CYP2C8底物（已因肝毒性撤市）。Codex结构确认活性位点结合。分类为SUBSTRATE。
REC_0262,05,,P10635,10-{2-[(2R)-1-methylpiperidin-2-yl]ethyl}-2-(methylsulfanyl)-10H-phenothiazine,3TBG,UNKNOWN,SUBSTRATE,SUBSTRATE,False,HIGH,A,True,False,Codex结构(Fe-S=8.11Å)。Thioridazine是经典CYP2D6底物，分类为SUBSTRATE。
REC_0263,05,,P10635,Ajmalicine,4WNT,UNKNOWN,SUBSTRATE,SUBSTRATE,False,MEDIUM,B,True,False,Codex结构(Fe-C=6.0-6.4Å)。Ajmalicine alkaloid被CYP2D6代谢，分类为SUBSTRATE。
REC_0264,05,,P10635,Quinidine,4WNU,UNKNOWN,INHIBITOR,INHIBITOR,False,HIGH,A,True,False,Gemini文献(Ki=27nM)。Quinidine是经典CYP2D6抑制剂参考化合物，虽结构上无Fe配位但有强抑制数据。分类为INHIBITOR。
REC_0265,05,,P10635,Quinine,4WNV,UNKNOWN,SUBSTRATE,SUBSTRATE,False,MEDIUM,B,False,False,证据冲突：Gemini认为INHIBITOR(主要被CYP3A4代谢)，Codex结构显示substrate-like结合。Quinine对CYP2D6有双重行为：是弱抑制剂也可少量代谢。结构上substrate-like pose，维持SUBSTRATE但置信度降为MEDIUM。
REC_0266,05,,P10635,CYP2D6 selective inhibitor,4XRY,INHIBITOR,INHIBITOR,INHIBITOR,False,HIGH,A,True,False,Codex确认CYP2D6 + selective inhibitor complex。分类为INHIBITOR。
REC_0267,05,,P10635,CYP2D6 selective inhibitor,4XRZ,INHIBITOR,INHIBITOR,INHIBITOR,False,HIGH,A,True,False,Codex确认CYP2D6 + selective inhibitor complex。分类为INHIBITOR。
REC_0268,05,,P10635,CYP2D6 selective inhibitor,5TFT,INHIBITOR,INHIBITOR,INHIBITOR,False,HIGH,A,True,False,Codex确认CYP2D6 + selective inhibitor complex。分类为INHIBITOR。
REC_0269,05,,P10635,CYP2D6 selective inhibitor,5TFU,INHIBITOR,INHIBITOR,INHIBITOR,False,HIGH,A,True,False,Codex确认CYP2D6 + selective inhibitor complex。分类为INHIBITOR。
REC_0270,05,,P10635,HEGA-10,6CSB,UNKNOWN,EXCLUDE,EXCLUDE,False,HIGH,A,True,False,HEGA-10是去污剂/结晶添加剂，不是CYP2D6底物或抑制剂。分类为EXCLUDE。
REC_0271,05,,P10635,3-[(3-CHOLAMIDOPROPYL)DIMETHYLAMMONIO]-1-PROPANESULFONATE,6CSD,UNKNOWN,EXCLUDE,EXCLUDE,False,HIGH,A,True,False,CHAPS是去污剂，分类为EXCLUDE。
REC_0272,05,,P10635,Prinomastat,6CSD,UNKNOWN,SUBSTRATE,SUBSTRATE,False,MEDIUM,B,False,False,证据冲突：Codex结构显示Type II Fe-N配位(2.230Å，通常是抑制剂特征)，但Gemini文献明确Prinomastat被CYP2D6代谢成N-oxide代谢物。此PDB使用V308E突变体，可能捕获反应中间态。代谢数据优先，分类SUBSTRATE，置信度MEDIUM。
REC_0273,05,,P11509,COUMARIN,1Z10,UNKNOWN,SUBSTRATE,SUBSTRATE,False,HIGH,A,True,False,Coumarin是CYP2A6的经典底物（教科书案例）。Codex结构(Fe-C7=3.09Å) + Gemini文献均确认SUBSTRATE。C7位置最接近Fe匹配7-hydroxylation代谢。
REC_0274,05,,P11509,METHOXSALEN,1Z11,UNKNOWN,INHIBITOR,INHIBITOR,False,HIGH,A,True,False,Methoxsalen是CYP2A6的机制性抑制剂(mechanism-based inhibitor)，先被代谢形成反应性中间体，然后共价结合使酶失活。Gemini确认INHIBITOR。
REC_0275,05,,P11509,Pilocarpine,3T3R,UNKNOWN,SUBSTRATE,SUBSTRATE,False,HIGH,A,True,False,Pilocarpine被CYP2A6代谢成3-hydroxypilocarpine，是SUBSTRATE（虽然也有竞争性抑制作用，但主要是底物）。
REC_0276,05,,P11509,4-methylpyrazole,2FDW,UNKNOWN,INHIBITOR,INHIBITOR,False,HIGH,B,True,False,PDB 2FDW的配体D3G是CYP2A6抑制剂。Gemini指出4-methylpyrazole是CYP2E1抑制剂，但PDB中实际配体是potent CYP2A6 INHIBITOR。
REC_0277,05,,P11509,Phenacetin,2FDV,UNKNOWN,INHIBITOR,INHIBITOR,False,HIGH,B,True,False,PDB 2FDV的配体D2G是CYP2A6抑制剂。Gemini指出Phenacetin本身是CYP1A2底物，但PDB中实际配体是INHIBITOR。
REC_0278,05,,P11509,Nicotine,4EJJ,UNKNOWN,SUBSTRATE,SUBSTRATE,False,HIGH,A,True,False,Nicotine是CYP2A6的经典生理底物，被代谢成cotinine。这是教科书级别的CYP2A6-nicotine代谢反应。
REC_0279,05,,P11712,Warfarin,1OG5,UNKNOWN,SUBSTRATE,SUBSTRATE,False,HIGH,A,True,False,Warfarin(S-华法林)是CYP2C9经典底物，7-hydroxylation是主要代谢途径。
REC_0280,05,,P11712,Flurbiprofen,1R9O,UNKNOWN,SUBSTRATE,SUBSTRATE,False,HIGH,A,True,False,Flurbiprofen是CYP2C9活性的探针底物，常用于体外酶活性测定。
REC_0281,05,,P11712,Losartan,5XXI,UNKNOWN,SUBSTRATE,SUBSTRATE,False,HIGH,A,True,False,Losartan被CYP2C9氧化生成活性代谢产物E-3174。经典CYP2C9底物。
REC_0282,05,,P11712,Tienilic acid,5W0C,UNKNOWN,INHIBITOR,INHIBITOR,False,HIGH,A,True,False,Tienilic acid是CYP2C9的机制性抑制剂(suicide inhibitor)，曾因肝毒性退市。
REC_0283,05,,P11712,Ibuprofen,UNKNOWN,UNKNOWN,SUBSTRATE,SUBSTRATE,False,HIGH,A,True,False,Ibuprofen是非甾体抗炎药(NSAID)，CYP2C9经典底物，主要代谢途径。
REC_0284,05,,P11712,Diclofenac,UNKNOWN,UNKNOWN,SUBSTRATE,SUBSTRATE,False,HIGH,A,True,False,Diclofenac是CYP2C9主要底物，4-羟基化是主要代谢途径。
REC_0285,05,,P11712,Naproxen,UNKNOWN,UNKNOWN,SUBSTRATE,SUBSTRATE,False,HIGH,A,True,False,Naproxen是NSAID，CYP2C9底物，主要通过O-去甲基化代谢。
REC_0286,06,P11712,CYP2C9,"N-[4-(3-chloranyl-4-cyano-phenoxy)cyclohexyl]-1,1,1-tris(fluoranyl)methanesulfonamide",5A5I,INHIBITOR,INHIBITOR,INHIBITOR,False,HIGH,B,True,False,"Gemini文献(PMID:27713809, potent inhibitor) + Codex结构(Fe-N=4.47Å无配位,活性位点占据) 均确认为INHIBITOR。三方一致。"
REC_0287,06,P11712,CYP2C9,"N-[4-(3-chloranyl-4-cyano-phenoxy)-3,5-dimethoxy-phenyl]-1,1,1-tris(fluoranyl)methanesulfonamide",5A5J,INHIBITOR,INHIBITOR,INHIBITOR,False,HIGH,B,True,False,"Gemini文献(PMID:27713809) + Codex结构(无Fe配位,活性位点占据) 均确认为INHIBITOR。三方一致。"
REC_0288,06,P11712,CYP2C9,"4-[4-chloranyl-2-(1H-pyrazol-4-yl)phenoxy]-3-cyano-N-(1,3-thiazol-2-yl)benzenesulfonamide",5K7K,INHIBITOR,INHIBITOR,INHIBITOR,False,HIGH,A,False,False,Gemini错误识别PDB为NaV1.7。Codex结构验证确认：确实是CYP2C9，Fe-N=2.21Å为经典Type II抑制剂（配体N配位到血红素铁）。采纳Codex。HIGH confidence。
REC_0289,06,P11712,CYP2C9,"ethyl {2-[([1,3]thiazolo[4,5-c]pyridine-2-carbonyl)amino]thiophene-3-carbonyl}carbamate",5W0C,INHIBITOR,INHIBITOR,INHIBITOR,False,HIGH,A,True,False,"Gemini文献(IC50=100nM, PMID:28659421) + Codex结构(无Fe配位,活性位点占据) 均确认为INHIBITOR。三方一致。"
REC_0290,06,P11712,CYP2C9,"[2-butyl-5-chloranyl-3-[[4-[2-(2H-1,2,3,4-tetrazol-5-yl)phenyl]phenyl]methyl]imidazol-4-yl]methanol",5X23,UNKNOWN,SUBSTRATE,SUBSTRATE,False,HIGH,A,False,False,"冲突：Codex认为结构显示非生产性构象(EXCLUDE)，但Gemini文献明确Losartan是公认CYP2C9底物(Km=2-10µM, PMID:28666214)。晶体结构常捕获非生产性态，文献证据优先。采纳SUBSTRATE。"
REC_0291,06,P11712,CYP2C9,beta-D-fructofuranose,8VZ7,UNKNOWN,EXCLUDE,EXCLUDE,False,HIGH,A,True,False,Gemini + Codex均确认beta-D-fructofuranose是结晶添加剂(Fe距离25.27Å)，不是功能性配体。三方一致。
REC_0292,06,P14779,CYP102A1 (P450 BM3),N-PALMITOYLGLYCINE,1JPZ,UNKNOWN,SUBSTRATE,SUBSTRATE,False,HIGH,A,True,False,"Gemini文献(Kd<2µM, kcat=1880 min⁻¹, PMID:11516200) + Codex结构(底物通道结合) 均确认为SUBSTRATE。三方一致。"
REC_0293,06,P14779,CYP102A1 (P450 BM3),N-PALMITOYL-L-METHIONINE,1ZO9,UNKNOWN,SUBSTRATE,SUBSTRATE,False,HIGH,A,True,False,"Gemini文献(kcat=1690 min⁻¹, PMID:18004886) + Codex结构(底物通道) 均确认为SUBSTRATE。三方一致。"
REC_0294,06,P14779,CYP102A1 (P450 BM3),PALMITIC ACID,2UWH,SUBSTRATE,SUBSTRATE,SUBSTRATE,False,HIGH,A,True,False,"Gemini文献(Kd=2.0µM, PMID:21826587) + Codex结构(底物通道) 均确认为SUBSTRATE。棕榈酸是BM3天然底物。三方一致。"
REC_0295,06,P14779,CYP102A1 (P450 BM3),N-[12-(1H-imidazol-1-yl)dodecanoyl]-L-leucine,3BEN,INHIBITOR,INHIBITOR,INHIBITOR,False,HIGH,A,True,False,"Gemini文献(Kd=0.54µM, PMID:18298086) + Codex结构(Fe-N=2.07Å Type II) 均确认为INHIBITOR。三方一致。"
REC_0296,06,P14779,CYP102A1 (P450 BM3),PALMITOLEIC ACID,3EKD,UNKNOWN,SUBSTRATE,SUBSTRATE,False,HIGH,B,True,False,Gemini(PMID:18721129) + Codex均确认SUBSTRATE。三方一致。
REC_0297,06,P14779,CYP102A1 (P450 BM3),"N-(2,2,3,3,4,4,5,5,6,6,7,7,8,8,9,9,9-heptadecafluorononanoyl)-L-tryptophan",3WSP,UNKNOWN,SUBSTRATE,EXCLUDE,True,HIGH,A,True,False,任务02错误：将DECOY MOLECULE误判为SUBSTRATE。本次判断：Gemini文献(Cong ACS Catal 2015) + Codex结构(Fe被DMSO占据) 均确认为诱饵分子(EXCLUDE)。该化合物含全氟链，设计为惰性，用于触发酶高自旋态以催化小气态烷烃，自身不被代谢。
REC_0298,06,P14779,CYP102A1 (P450 BM3),L-DOPAMINE,4DTZ,UNKNOWN,INHIBITOR,INHIBITOR,False,HIGH,A,True,False,"Gemini(Kd=4.9µM, PMID:20160711) + Codex(Fe-N=2.21Å Type II)。虽然Gemini称为sensor ligand，但Type II Fe-N配位特征支持INHIBITOR分类。三方一致。"
REC_0299,06,P14779,CYP102A1 (P450 BM3),SEROTONIN,4DUE,UNKNOWN,INHIBITOR,INHIBITOR,False,HIGH,A,True,False,"Gemini(Kd=0.7µM, PMID:22984064) + Codex(Fe-N=2.19Å Type II)。Type II配位特征支持INHIBITOR分类。三方一致。"
REC_0300,06,P14779,CYP102A1 (P450 BM3),ethenylbenzene,4HGH,UNKNOWN,SUBSTRATE,SUBSTRATE,False,HIGH,A,True,False,三方一致SUBSTRATE。PMID:23589805。
REC_0301,06,P14779,CYP102A1 (P450 BM3),"6-methoxy-2-[(4-methoxy-3,5-dimethylpyridin-2-yl)methylsulfanyl]-1H-benzimidazole",4O4P,INHIBITOR,SUBSTRATE,SUBSTRATE,False,MEDIUM,B,False,False,"冲突：Codex认为INHIBITOR(无Fe配位)，Gemini明确为variant的SUBSTRATE(Kd=0.21µM, PMID:24588219)。采纳SUBSTRATE。"
REC_0302,06,P14779,CYP102A1 (P450 BM3),METYRAPONE,4ZF8,UNKNOWN,INHIBITOR,INHIBITOR,False,HIGH,A,True,False,三方一致INHIBITOR。Fe-N=2.62Å Type II。PMID:27267151。
REC_0303,06,P14779,CYP102A1 (P450 BM3),"(2~{S})-3-(1~{H}-indol-3-yl)-2-[2,2,3,3,4,4,5,5,6,6,6-undecakis(fluoranyl)hexanoylamino]propanoic acid",5B2U,UNKNOWN,SUBSTRATE,EXCLUDE,True,HIGH,A,True,False,任务02错误：将DECOY MOLECULE误判为SUBSTRATE。本次判断：Gemini + Codex均确认为诱饵分子。全氟链设计为惰性，不被代谢。
REC_0304,06,P14779,CYP102A1 (P450 BM3),"(2~{S})-3-(1~{H}-indol-3-yl)-2-[2,2,3,3,4,4,5,5,6,6,7,7,8,8,9,9,10,10,11,11,12,12,12-tricosakis(fluoranyl)dodecanoylamino]propanoic acid",5B2W,UNKNOWN,SUBSTRATE,EXCLUDE,True,HIGH,A,True,False,任务02错误：将DECOY MOLECULE误判为SUBSTRATE。诱饵分子系列，不被代谢。
REC_0305,06,P14779,CYP102A1 (P450 BM3),"(2~{S})-3-(1~{H}-indol-3-yl)-2-[2,2,3,3,4,4,5,5,6,6,7,7,7-tridecakis(fluoranyl)heptanoylamino]propanoic acid",5B2X,UNKNOWN,SUBSTRATE,EXCLUDE,True,HIGH,A,True,False,任务02错误：将DECOY MOLECULE误判为SUBSTRATE。诱饵分子系列。
REC_0306,06,P14779,CYP102A1 (P450 BM3),"(2~{S})-3-(1~{H}-indol-3-yl)-2-[2,2,3,3,4,4,5,5,6,6,7,7,8,8,9,9,10,10,10-nonadecakis(fluoranyl)decanoylamino]propanoic acid",5B2Y,UNKNOWN,SUBSTRATE,EXCLUDE,True,HIGH,A,True,False,任务02错误：将DECOY MOLECULE误判为SUBSTRATE。诱饵分子系列。
REC_0307,06,P14779,CYP102A1 (P450 BM3),"1,3,6,8,10,13,16,19-octaazabicyclo[6.6.6]icosane",5E78,UNKNOWN,EXCLUDE,EXCLUDE,False,HIGH,A,True,False,三方一致EXCLUDE。Co(III)Sepulchrate是电子转移介质，不是底物/抑制剂。PMID:28757302。
REC_0308,06,P14779,CYP102A1 (P450 BM3),FE (II) ION,5E9Z,UNKNOWN,EXCLUDE,EXCLUDE,False,HIGH,A,True,False,三方一致EXCLUDE。血红素铁辅因子。
REC_0309,06,P14779,CYP102A1 (P450 BM3),PROTOPORPHYRIN IX,5E9Z,UNKNOWN,EXCLUDE,EXCLUDE,False,HIGH,A,True,False,三方一致EXCLUDE。血红素卟啉环辅因子。
REC_0310,06,P14779,CYP102A1 (P450 BM3),FE(III) DEUTEROPORPHYRIN IX,5JQU,UNKNOWN,EXCLUDE,EXCLUDE,False,HIGH,A,True,False,三方一致EXCLUDE。人工血红素类似物辅因子。
REC_0311,06,P14779,CYP102A1 (P450 BM3),"bis(2,2'-bipyridine-kappa~2~N~1~,N~1'~)[2-iodo-N-(1,10-phenanthrolin-5-yl-kappa~2~N~1~,N~10~)acetamide]ruthenium(2+)",5JTD,UNKNOWN,EXCLUDE,EXCLUDE,False,HIGH,A,True,False,三方一致EXCLUDE。Ru配合物光敏剂/电子介质。
REC_0312,06,P14779,CYP102A1 (P450 BM3),benzyl chlorocarbonate,5XA3,UNKNOWN,EXCLUDE,EXCLUDE,False,HIGH,A,True,False,三方一致EXCLUDE。试剂片段/诱饵分子组分。
REC_0313,06,P14779,CYP102A1 (P450 BM3),PROLINE,5XA3,UNKNOWN,EXCLUDE,EXCLUDE,False,HIGH,A,True,False,三方一致EXCLUDE。诱饵分子Cbz-Pro-Phe的组分。
REC_0314,06,P14779,CYP102A1 (P450 BM3),5-cyclohexylpentanoic acid,5XHJ,UNKNOWN,SUBSTRATE,EXCLUDE,True,HIGH,A,True,False,任务02错误：将DECOY FRAGMENT误判为SUBSTRATE。本次判断：Gemini(PMID:28856236) + Codex均确认为诱饵分子组分。
REC_0315,06,P14779,CYP102A1 (P450 BM3),TRYPTOPHAN,5XHJ,UNKNOWN,SUBSTRATE,EXCLUDE,True,HIGH,A,True,False,任务02错误：将DECOY FRAGMENT误判为SUBSTRATE。诱饵分子的Trp锚定部分。
REC_0316,06,P14779,CYP102A1 (P450 BM3),Voriconazole,6H1O,INHIBITOR,INHIBITOR,INHIBITOR,False,HIGH,A,True,False,三方一致INHIBITOR。Fe-N=2.18Å Type II。PMID:31068630。
REC_0317,06,P14779,CYP102A1 (P450 BM3),"(2~{S})-2-(2,4-DIFLUOROPHENYL)-1,3-DI(1H-1,2,4-TRIAZOL-1-YL)PROPAN-2-OL",6H1S,INHIBITOR,INHIBITOR,INHIBITOR,False,HIGH,A,True,False,三方一致INHIBITOR。Fe-N=2.03Å Type II。PMID:31068630。
REC_0318,06,P14779,CYP102A1 (P450 BM3),"(5R)-5-(4-{[(2R)-6-HYDROXY-2,5,7,8-TETRAMETHYL-3,4-DIHYDRO-2H-CHROMEN-2-YL]METHOXY}BENZYL)-1,3-THIAZOLIDINE-2,4-DIONE",6HN8,PRODUCT,SUBSTRATE,SUBSTRATE,False,HIGH,A,True,False,三方一致SUBSTRATE。任务02正确将PRODUCT改为SUBSTRATE。PMID:31068630。
REC_0319,06,P14779,CYP102A1 (P450 BM3),"(2S)-2-[[(1R,4aR,4bR,10aR)-1,4a-dimethyl-7-propan-2-yl-2,3,4,4b,5,6,10,10a-octahydrophenanthren-1-yl]carbonylamino]-3-(1H-indol-3-yl)propanoic acid",6JLV,UNKNOWN,SUBSTRATE,EXCLUDE,True,LOW,D,True,False,严重问题：Gemini指出PDB 6JLV是Human FABP4，不是P450 BM3！数据输入可能有误。标记需人工复审。
REC_0320,06,P14779,CYP102A1 (P450 BM3),Chromium Protoporphyrin IX,6JMW,UNKNOWN,EXCLUDE,EXCLUDE,False,HIGH,A,True,False,三方一致EXCLUDE。Cr-porphyrin是人工辅因子。
REC_0321,06,P14779,CYP102A1 (P450 BM3),(2S)-2-[[(2S)-2-[4-(2-methylpropyl)phenyl]propanoyl]amino]-3-phenyl-propanoic acid,6JO1,UNKNOWN,SUBSTRATE,SUBSTRATE,False,MEDIUM,B,False,False,冲突：Codex说EXCLUDE，Gemini说SUBSTRATE(ibuprofen-Phe fatty acyl amide)。BM3能氧化脂肪酰胺，采纳SUBSTRATE。MEDIUM confidence。
REC_0322,06,P14779,CYP102A1 (P450 BM3),"(2S)-2-[[(1R,4aS,10aR)-1,4a-dimethyl-7-propan-2-yl-2,3,4,9,10,10a-hexahydrophenanthren-1-yl]carbonylamino]-3-(1H-indol-3-yl)propanoic acid",6JS8,UNKNOWN,SUBSTRATE,EXCLUDE,True,HIGH,A,True,False,任务02错误：将DECOY误判为SUBSTRATE。三方一致EXCLUDE。
REC_0323,06,P14779,CYP102A1 (P450 BM3),PROTOPORPHYRIN IX CONTAINING CO,6JVC,UNKNOWN,EXCLUDE,EXCLUDE,False,HIGH,A,True,False,三方一致EXCLUDE。CO结合的血红素辅因子态。
REC_0324,06,P14779,CYP102A1 (P450 BM3),pyridine,6JZS,UNKNOWN,EXCLUDE,EXCLUDE,False,HIGH,A,True,False,三方一致EXCLUDE。吡啶溶剂分子。
REC_0325,06,P14779,CYP102A1 (P450 BM3),MANGANESE PROTOPORPHYRIN IX,6JZS,UNKNOWN,EXCLUDE,EXCLUDE,False,HIGH,A,True,False,三方一致EXCLUDE。Mn-porphyrin人工辅因子。
REC_0326,06,P14779,CYP102A1 (P450 BM3),MESOPORPHYRIN IX CONTAINING Rh,6K24,UNKNOWN,EXCLUDE,EXCLUDE,False,HIGH,A,True,False,三方一致EXCLUDE。Rh-porphyrin人工辅因子。
REC_0327,06,P14779,CYP102A1 (P450 BM3),(2S)-2-[[(2S)-1-(3-cyclohexylpropanoyl)pyrrolidin-2-yl]carbonylamino]-3-phenyl-propanoic acid,6K3Q,UNKNOWN,SUBSTRATE,EXCLUDE,True,HIGH,A,True,False,任务02错误：将DECOY误判为SUBSTRATE。Pro-Phe诱饵分子。
REC_0328,06,P14779,CYP102A1 (P450 BM3),(2S)-2-[[(2S)-1-heptylpyrrolidin-2-yl]carbonylamino]-3-phenyl-propanoic acid,6K58,UNKNOWN,SUBSTRATE,EXCLUDE,True,HIGH,A,True,False,任务02错误：将DECOY误判为SUBSTRATE。Pro-Phe诱饵分子系列。
REC_0329,06,P14779,CYP102A1 (P450 BM3),"[3,3'-(7,12-diethyl-3,8,13,17-tetramethylporphyrin-2,18-diyl-kappa~4~N~21~,N~22~,N~23~,N~24~)dipropanoato(2-)]ruthenium",6K9S,UNKNOWN,EXCLUDE,EXCLUDE,False,HIGH,A,True,False,三方一致EXCLUDE。Ru-porphyrin人工辅因子。
REC_0330,06,P14779,CYP102A1 (P450 BM3),(2S)-2-[[(2S)-1-heptanoylpyrrolidin-2-yl]carbonylamino]-3-phenyl-propanoic acid,6L1A,UNKNOWN,SUBSTRATE,EXCLUDE,True,HIGH,A,True,False,任务02错误：将DECOY误判为SUBSTRATE。Pro-Phe诱饵分子系列。
REC_0331,06,P14779,CYP102A1 (P450 BM3),(2S)-2-[[(2S)-1-(3-cyclopentylpropanoyl)piperidin-2-yl]carbonylamino]-3-phenyl-propanoic acid,6L1B,UNKNOWN,SUBSTRATE,EXCLUDE,True,HIGH,A,True,False,任务02错误：将DECOY误判为SUBSTRATE。Pro-Phe诱饵分子系列。
REC_0332,06,P14779,CYP102A1 (P450 BM3),TESTOSTERONE,6LY4,SUBSTRATE,SUBSTRATE,SUBSTRATE,False,MEDIUM,B,False,False,冲突：Codex检测到imidazole Fe配位，可能是缓冲液或共结晶物。Gemini明确testosterone是LG-23突变体的底物。采纳SUBSTRATE。
REC_0333,06,P14779,CYP102A1 (P450 BM3),propan-2-amine,7CKN,UNKNOWN,INHIBITOR,INHIBITOR,False,HIGH,A,True,False,三方一致INHIBITOR。Fe-N=2.11Å Type II。PMID:34468494。
REC_0334,06,P14779,CYP102A1 (P450 BM3),3-AMINOPROPANE,7CON,UNKNOWN,INHIBITOR,INHIBITOR,False,HIGH,A,True,False,三方一致INHIBITOR。Fe-N=2.06Å Type II。PMID:34468494。
REC_0335,06,P14779,CYP102A1 (P450 BM3),(2S)-3-phenyl-2-[2-[4-(trifluoromethyloxy)phenoxy]ethanoylamino]propanoic acid,7CON,UNKNOWN,SUBSTRATE,EXCLUDE,True,HIGH,A,True,False,任务02错误：将DECOY误判为SUBSTRATE。三方一致EXCLUDE。Stanfield 2021诱饵分子。
REC_0336,06,P14779,CYP102A1 (P450 BM3),CYCLOHEXYLAMMONIUM ION,7COO,UNKNOWN,INHIBITOR,INHIBITOR,False,HIGH,A,True,False,三方一致INHIBITOR。Fe-N=2.28Å Type II。
REC_0337,06,P14779,CYP102A1 (P450 BM3),(2S)-3-phenyl-2-[[(2S)-1-phenylmethoxycarbonylpyrrolidin-2-yl]carbonylamino]propanoic acid,7COO,UNKNOWN,SUBSTRATE,EXCLUDE,True,HIGH,A,True,False,任务02错误：将DECOY误判为SUBSTRATE。Cbz-Pro-Phe是标准诱饵分子。
REC_0338,06,P14779,CYP102A1 (P450 BM3),N-METHYL-1(R)-AMINOINDAN,7CP8,UNKNOWN,INHIBITOR,INHIBITOR,False,HIGH,A,True,False,三方一致INHIBITOR。Fe-N=2.04Å Type II。
REC_0339,06,P14779,CYP102A1 (P450 BM3),"(1~{S})-1,2,3,4-tetrahydronaphthalen-1-amine",7CVR,UNKNOWN,INHIBITOR,INHIBITOR,False,HIGH,A,True,False,三方一致INHIBITOR。Fe-N=2.10Å Type II。
REC_0340,06,P14779,CYP102A1 (P450 BM3),(1R)-1-phenylethanamine,7CX6,UNKNOWN,INHIBITOR,INHIBITOR,False,HIGH,A,True,False,三方一致INHIBITOR。Fe-N=2.17Å Type II。
REC_0341,06,P14779,CYP102A1 (P450 BM3),"(1R)-1,2,3,4-tetrahydronaphthalen-1-amine",7CX8,UNKNOWN,INHIBITOR,INHIBITOR,False,HIGH,A,True,False,三方一致INHIBITOR。Fe-N=2.04Å Type II。
REC_0342,06,P14779,CYP102A1 (P450 BM3),"(1~{S})-2,3-dihydro-1~{H}-inden-1-amine",7D0T,UNKNOWN,INHIBITOR,INHIBITOR,False,HIGH,A,True,False,三方一致INHIBITOR。Fe-N=2.15Å Type II。
REC_0343,07,,CYP102A1 (P450 BM3),ETHANAMINE,7D0U,unknown,INHIBITOR,INHIBITOR,False,MEDIUM,C,False,False,Gemini无文献 + Codex结构证据(Fe-N=2.21Å Type-II配位) → 采纳Codex分类为INHIBITOR。与任务02分类一致。
REC_0344,07,,CYP102A1 (P450 BM3),METHYLAMINE,7D1F,unknown,INHIBITOR,INHIBITOR,False,MEDIUM,C,False,False,Gemini无文献 + Codex结构证据(Fe-N=2.18Å Type-II配位) → 采纳Codex分类为INHIBITOR。与任务02分类一致。
REC_0345,07,,CYP102A1 (P450 BM3),(1S)-1-phenylethanamine,7E46,unknown,INHIBITOR,INHIBITOR,False,MEDIUM,C,False,False,Gemini无文献 + Codex结构证据(Fe-N=2.10Å Type-II配位) → 采纳Codex分类为INHIBITOR。与任务02分类一致。
REC_0346,07,,CYP102A1 (P450 BM3),(2S)-2-(hexadecanoylamino)-4-oxidanyl-butanoic acid,7W97,unknown,SUBSTRATE,SUBSTRATE,False,HIGH,A,True,False,"Gemini文献(PMID:11681919, Km=160uM) + Codex结构(底物结合模式) 一致确认为SUBSTRATE。与任务02分类一致。"
REC_0347,07,,CYP102A1 (P450 BM3),N-[(3S)-2-oxooxolan-3-yl]dodecanamide,7W9J,unknown,SUBSTRATE,SUBSTRATE,False,HIGH,A,True,False,"Gemini文献(PMID:18020460, Km=34uM) + Codex结构(底物结合模式) 一致确认为SUBSTRATE。与任务02分类一致。"
REC_0348,07,,CYP102A1 (P450 BM3),(2S)-2-(hexadecanoylamino)-3-phenyl-propanoic acid,7WG0,unknown,SUBSTRATE,SUBSTRATE,False,MEDIUM,B,False,False,冲突分析：Codex基于Mn取代Fe的非生理结构判断EXCLUDE。但Gemini基于类似物(N-palmitoyl-Gly/Leu/Glu)的文献支持确认该类化合物是BM3底物。采纳Gemini，分类为SUBSTRATE。与任务02分类一致。
REC_0349,07,,CYP102A1 (P450 BM3),sorbitol,7WY1,unknown,EXCLUDE,EXCLUDE,False,HIGH,A,True,False,Gemini + Codex一致确认sorbitol是结晶添加剂，应EXCLUDE。与任务02分类一致。
REC_0350,07,,CYP102A1 (P450 BM3),Oxomolybdenum Mesoporphyrin IX,7WY2,unknown,EXCLUDE,EXCLUDE,False,HIGH,A,True,False,Gemini + Codex一致确认这是heme类似物用于结构研究，应EXCLUDE。与任务02分类一致。
REC_0351,07,,CYP102A1 (P450 BM3),(2S)-2-(5-cyclohexylpentanoylamino)-3-phenyl-propanoic acid,7WY3,unknown,SUBSTRATE,EXCLUDE,True,MEDIUM,C,True,False,任务02错误：将EXCLUDE误判为SUBSTRATE。本次判断：Gemini无文献 + Codex结构(Mn-porphyrin，配体远离催化中心~8.9Å，作为decoy/effector非真正底物) → 确认为EXCLUDE。纠正分类。
REC_0352,07,,CYP102A1 (P450 BM3),(2S)-2-[[(2S)-1-(3-cyclohexylpropanoyl)piperidin-2-yl]carbonylamino]-3-phenyl-propanoic acid,7XZK,unknown,SUBSTRATE,INHIBITOR,False,MEDIUM,C,False,False,[人工审核修正] 采纳Codex结构证据，Fe=7.55A离活性位点较远。原理由: 冲突：Gemini无文献(EXCLUDE) vs Codex结构(INHIBITOR因离Fe远)。该化合物是BM3工程变体的人工设计底物(cyclohexyl链+氨基酸衍生物)，晶体结构可能不代表催化...
REC_0353,07,,CYP102A1 (P450 BM3),P-CRESOL,7Y0P,unknown,SUBSTRATE,SUBSTRATE,False,HIGH,B,False,False,冲突分析：Gemini说野生型无活性，Codex说结构显示底物结合模式。该PDB是工程变体，p-cresol在活性位点。BM3变体可氧化芳香化合物，分类SUBSTRATE。与任务02分类一致。
REC_0354,07,,CYP102A1 (P450 BM3),4-METHYLANILINE,7Y0R,unknown,SUBSTRATE,EXCLUDE,True,HIGH,A,True,False,任务02错误：将EXCLUDE误判为SUBSTRATE。本次判断：Gemini无文献(仅工程变体) + Codex结构(离Fe 8.1Å，Fe被hydroxylamine占据，非功能性底物/抑制剂) → 一致确认EXCLUDE。纠正分类。
REC_0355,07,,CYP102A1 (P450 BM3),"5-nitro-1,2-benzoxazole",7Y9J,inhibitor,SUBSTRATE,INHIBITOR,True,HIGH,C,False,False,"任务02错误：将INHIBITOR误判为SUBSTRATE。本次判断：Codex结构(Fe-O=2.51Å, nitro group直接配位Fe) 确认为INHIBITOR。original_class也是inhibitor，进一步佐证。Gemini调用失败但Codex结构证据充分。纠正分类。"
REC_0356,07,,CYP102A1 (P450 BM3),5-nitro-2-oxidanyl-benzenecarbonitrile,7Y9L,product,INHIBITOR,INHIBITOR,False,HIGH,C,False,False,Gemini调用失败 + Codex结构(Fe-N=2.27Å nitrile配位) 确认为INHIBITOR。与任务02分类一致。Original_class=product但结构明确显示抑制剂配位模式。
REC_0357,07,,CYP102A1 (P450 BM3),TOLUENE,7YD9,unknown,SUBSTRATE,SUBSTRATE,False,HIGH,B,True,False,Gemini文献(PMID:12054668工程变体) + Codex结构(活性位点底物结合模式) 一致确认为SUBSTRATE。与任务02分类一致。
REC_0358,07,,CYP102A1 (P450 BM3),HYDROXYAMINE,7YDB,unknown,INHIBITOR,INHIBITOR,False,HIGH,C,False,False,Gemini调用失败 + Codex结构(Fe-N=2.25Å直接配位) 确认为INHIBITOR。hydroxylamine是经典P450抑制剂。与任务02分类一致。
REC_0359,07,,CYP102A1 (P450 BM3),(2S)-2-(5-imidazol-1-ylpentanoylamino)-3-phenyl-propanoic acid,7YDB,unknown,SUBSTRATE,INHIBITOR,True,HIGH,B,False,False,"任务02错误：将INHIBITOR误判为SUBSTRATE。本次判断：Gemini文献(PMID:9806790, imidazolyl-fatty acids是Type-II抑制剂Ki=0.9-1.4µM) 优先于Codex结构(该特定结构Fe被hydroxylamine占据)。Imidazole-containing compounds是经典P450抑制剂。纠正分类为INHIBITOR。"
REC_0360,07,,CYP102A1 (P450 BM3),PHENYLETHANE,7YDB,unknown,SUBSTRATE,SUBSTRATE,False,HIGH,B,True,False,Gemini文献(PMID:29604530工程变体) + Codex结构(底物结合模式) 一致确认为SUBSTRATE。与任务02分类一致。
REC_0361,07,,CYP102A1 (P450 BM3),propylbenzene,7YDD,unknown,SUBSTRATE,SUBSTRATE,False,HIGH,A,True,False,"Gemini文献(PMID:11728551, kcat=479/min) + Codex结构(底物结合模式) 一致确认为SUBSTRATE。与任务02分类一致。"
REC_0362,07,,CYP102A1 (P450 BM3),(2S)-2-(6-imidazol-1-ylhexanoylamino)-3-phenyl-propanoic acid,7YDL,unknown,INHIBITOR,INHIBITOR,False,HIGH,A,True,False,"Gemini文献(PMID:35887253, decoy molecule) + Codex结构(Fe-N=2.39Å Type-II配位) 一致确认为INHIBITOR。与任务02分类一致。"
REC_0363,07,,CYP102A1 (P450 BM3),"2,3-dihydro-1H-indene",7YFT,unknown,SUBSTRATE,SUBSTRATE,False,HIGH,B,True,False,Gemini文献(PMID:21108271) + Codex结构(底物结合模式) 一致确认为SUBSTRATE。与任务02分类一致。
REC_0364,07,,CYP102A1 (P450 BM3),"2-[BIS-(2-HYDROXY-ETHYL)-AMINO]-2-HYDROXYMETHYL-PROPANE-1,3-DIOL",8DSG,product,EXCLUDE,EXCLUDE,False,HIGH,A,True,False,Gemini + Codex一致确认Bis-Tris是结晶缓冲液，应EXCLUDE。与任务02分类一致。
REC_0365,07,,CYP102A1 (P450 BM3),4-(pyridin-4-ylamino)butanoic acid,8JC3,unknown,SUBSTRATE,SUBSTRATE,False,MEDIUM,C,True,False,Codex结构(底物结合模式，无Fe配位) 确认为SUBSTRATE。与任务02分类一致。
REC_0366,07,,CYP102A1 (P450 BM3),PHENYLALANINE,8JC3,unknown,EXCLUDE,EXCLUDE,False,HIGH,A,False,False,Codex结构分析确认phenylalanine不在底物位置，应EXCLUDE。可能是结晶介质。与任务02分类一致。
REC_0367,07,,CYP102A1 (P450 BM3),1-pyridin-4-ylpiperidine-4-carboxylic acid,8JC4,unknown,SUBSTRATE,SUBSTRATE,False,MEDIUM,C,False,False,Codex结构分析：pyridine N离Fe 4.84Å无配位，底物样结合模式。与任务02分类一致。
REC_0368,07,,CYP102A1 (P450 BM3),OXYGEN MOLECULE,8YB2,unknown,EXCLUDE,EXCLUDE,False,HIGH,A,True,False,Gemini + Codex一致确认O2是P450催化循环的辅因子/反应物，非特定底物，应EXCLUDE。与任务02分类一致。
REC_0369,07,,CYP102A1 (P450 BM3),N-[(3S)-2-oxotetrahydrofuran-3-yl]decanamide,9ISU,unknown,SUBSTRATE,SUBSTRATE,False,HIGH,B,True,False,Gemini(C10-HSL是BM3底物) + Codex结构(底物样结合) 一致确认为SUBSTRATE。与任务02分类一致。
REC_0370,07,,P450_P15128,N-(4-butyl-2-methylphenyl)-N'-hydroxyimidoformamide,6C94,inhibitor,INHIBITOR,INHIBITOR,False,HIGH,A,True,False,Gemini + Codex一致确认Fe-N=2.01A Type-II配位，INHIBITOR。与任务02分类一致。
REC_0371,07,,CYP11B1 (cortisol synthesis),"4-[(5S)-5,6,7,8-tetrahydroimidazo[1,5-a]pyridin-5-yl]benzonitrile",6M7X,unknown,INHIBITOR,INHIBITOR,False,HIGH,A,True,False,Gemini文献(IC50=6-40nM) + Codex结构(Fe-N=2.37-2.42A Type-II配位) 一致确认为INHIBITOR。与任务02分类一致。
REC_0372,07,,CYP11B1 (cortisol synthesis),CHOLIC ACID,7E7F,unknown,EXCLUDE,EXCLUDE,False,HIGH,A,False,False,冲突：Gemini(EXCLUDE crystallization additive) vs Codex(INHIBITOR non-physiological)。Cholic acid在steroid P450晶体学中常用作detergent/additive，primary ligand是metyrapone。采纳Gemini EXCLUDE。与任务02分类一致。
REC_0373,07,,CYP11B1 (cortisol synthesis),METYRAPONE,7E7F,unknown,INHIBITOR,INHIBITOR,False,HIGH,A,True,False,Metyrapone is classic P450 inhibitor. Gemini: Ki~0.8uM. Codex: Fe-N=2.09A Type-II binding. Consensus INHIBITOR.
REC_0374,07,,CYP105A1 (vitamin D hydroxylase),"1,25-dihydroxyvitamin D3",3CV9,product,PRODUCT,PRODUCT,False,HIGH,A,True,False,"1,25-dihydroxyvitamin D3 is the major hydroxylated product of CYP105A1. Gemini: endpoint of dual hydroxylation. Codex: product-bound pose 9.93A from Fe. Consensus PRODUCT."
REC_0375,07,,CYP105A1 (vitamin D hydroxylase),"1,25-dihydroxyvitamin D2",5X7E,unknown,PRODUCT,PRODUCT,False,HIGH,A,True,False,"1,25-dihydroxyvitamin D2 is hydroxylated product of CYP105A1 mutant. Gemini: engineered variants produce D2 analog. Codex: product-bound 10.34A from Fe. Consensus PRODUCT."
REC_0376,07,,CYP105A1 (vitamin D hydroxylase),Diclofenac,9JHW,unknown,SUBSTRATE,SUBSTRATE,False,HIGH,B,True,False,Diclofenac confirmed CYP105A1 substrate. Gemini: 4-hydroxylation mimics human CYP2C9. Codex: Fe-C6=4.22A productive geometry. Consensus SUBSTRATE.
REC_0377,07,,CYP105A1 (vitamin D hydroxylase),Flufenamic acid,9JI1,unknown,SUBSTRATE,SUBSTRATE,False,HIGH,B,True,False,Flufenamic acid confirmed CYP105A1 substrate. Gemini: 4-hydroxylation product formed. Codex: C4 6.16A axially positioned. Consensus SUBSTRATE.
REC_0378,07,,CYP105A1 (vitamin D hydroxylase),Mevastatin acid,9JKW,product,SUBSTRATE,SUBSTRATE,False,MEDIUM,C,True,False,Mevastatin acid is substrate for CYP105A1 R84A mutant. Gemini: hydroxylation occurs. Codex: substrate-bound 5.46A. Original class 'product' incorrect. Consensus SUBSTRATE.
REC_0379,07,,CYP105A1 (vitamin D hydroxylase),Simvastatin acid,9JKZ,unknown,SUBSTRATE,SUBSTRATE,False,MEDIUM,C,True,False,Simvastatin acid is substrate for CYP105A1 R84A. Gemini: multiple hydroxylation products. Codex: productive binding 4.17A. Consensus SUBSTRATE.
REC_0380,07,,CYP105A1 (vitamin D hydroxylase),Ketoconazole,9KW2,inhibitor,INHIBITOR,INHIBITOR,False,HIGH,A,True,False,Ketoconazole is classic azole P450 inhibitor. Gemini: Ki 11-45nM Type-II. Codex: Fe-N=2.09A. Consensus INHIBITOR.
REC_0381,07,,CYP105A1 (vitamin D hydroxylase),Lanoconazole,9KW3,inhibitor,INHIBITOR,INHIBITOR,False,HIGH,A,True,False,Lanoconazole is azole antifungal P450 inhibitor. Gemini: Type-II heme binding. Codex: Fe-N=2.09A. Consensus INHIBITOR.
REC_0382,07,,CYP105A1 (vitamin D hydroxylase),Miconazole,9KW4,inhibitor,INHIBITOR,INHIBITOR,False,HIGH,A,True,False,Miconazole is potent azole P450 inhibitor. Gemini: Ki 30-50nM. Codex: Fe-N=2.10A. Consensus INHIBITOR.
REC_0383,07,,CYP2B6,4-(4-chlorophenyl)imidazole,3IBD,inhibitor,INHIBITOR,INHIBITOR,False,HIGH,A,True,False,PDB header confirms inhibitor complex. Codex: Fe-N=2.37A Type-II binding. CSV notes confirm. INHIBITOR.
REC_0384,07,,CYP2B6,4-benzylpyridine,3QOA,inhibitor,INHIBITOR,INHIBITOR,False,HIGH,A,True,False,PDB confirms inhibitor. Codex: Fe-N=2.36A Type-II pyridine binding. INHIBITOR.
REC_0385,07,,CYP2B6,4-(4-nitrobenzyl)pyridine,3QU8,inhibitor,INHIBITOR,INHIBITOR,False,HIGH,A,True,False,PDB confirms inhibitor complex. Codex: Fe-N=2.25-2.37A Type-II. INHIBITOR.
REC_0386,07,,CYP2B6,Amlodipine,3UA5,unknown,SUBSTRATE,INHIBITOR,True,HIGH,A,True,False,"Task 02 ERROR DETECTED. Gemini: amlodipine inhibits CYP2B6, metabolized by CYP3A4/5. Codex: Fe-N=2.21A Type-II binding. verified_class SUBSTRATE incorrect, should be INHIBITOR."
REC_0387,07,,CYP2B6,beta-D-fructofuranose,4I91,unknown,EXCLUDE,EXCLUDE,False,HIGH,A,True,False,Fructofuranose is crystallization additive/cryoprotectant. Not a P450 substrate or inhibitor. CSV notes confirm. EXCLUDE.
REC_0388,07,,CYP2B6,(+)-alpha-Pinene,4I91,unknown,SUBSTRATE,SUBSTRATE,False,HIGH,B,True,False,alpha-Pinene is monoterpene. Codex: Fe=4.77A substrate-like. CYP2B6 processes terpenes. CSV notes confirm substrate. SUBSTRATE.
REC_0389,07,,CYP2B6,Sabinene,4RQL,unknown,SUBSTRATE,SUBSTRATE,False,HIGH,B,,False,Sabinene is monoterpene. Codex: Fe=4.40A substrate pose. CYP2B6 processes terpenes. SUBSTRATE.
REC_0390,07,,CYP2B6,(+)-3-carene,4RRT,unknown,SUBSTRATE,SUBSTRATE,False,HIGH,B,,False,(+)-3-carene is monoterpene. Codex: Fe=3.56A productive. CYP2B6 terpene substrate. SUBSTRATE.
REC_0391,07,,CYP2B6,Bornyl bromide,5UAP,unknown,SUBSTRATE,SUBSTRATE,False,HIGH,B,,False,Bornyl bromide is halogenated terpene. Codex: Fe=5.01A. CYP2B6 processes halogenated terpenes. SUBSTRATE.
REC_0392,07,,CYP2B6,Camphane,5UDA,unknown,SUBSTRATE,SUBSTRATE,False,HIGH,B,,False,Camphane is bicyclic terpene. Codex: Fe=5.86A. CYP2B6 terpene substrate. SUBSTRATE.
REC_0393,07,,CYP2B6,Myrtenyl bromide,5UFG,unknown,SUBSTRATE,SUBSTRATE,False,HIGH,B,,False,Myrtenyl bromide is brominated monoterpene. Codex: Fe=5.54A. CYP2B6 terpene substrate. SUBSTRATE.
REC_0394,07,,CYP2B6,5-CYCLOHEXYL-1-PENTYL-BETA-D-MALTOSIDE,5UFG,unknown,EXCLUDE,EXCLUDE,False,HIGH,A,,False,Cymal-5 is detergent used to solubilize membrane proteins. CSV notes confirm. EXCLUDE.
REC_0395,07,,CYP2B6,Efavirenz analog,5WBG,unknown,SUBSTRATE,SUBSTRATE,False,HIGH,B,,False,Efavirenz analog. Gemini: efavirenz is major CYP2B6 substrate (probe substrate). SUBSTRATE.
REC_0396,07,,CYP2B6,5-cyclohexylpentan-1-ol,5WBG,product,EXCLUDE,EXCLUDE,False,HIGH,A,,False,CSV notes confirm detergent artifact. original_class product incorrect. EXCLUDE.
REC_0397,07,,CYP3A5,Ritonavir,5VEU,inhibitor,INHIBITOR,INHIBITOR,False,HIGH,A,,False,Ritonavir is classic CYP3A inhibitor. Gemini: mechanism-based. Codex: Fe-N=2.20A Type-II. INHIBITOR.
REC_0398,07,,CYP3A5,Clobetasol propionate,7LAD,unknown,INHIBITOR,INHIBITOR,False,HIGH,B,,False,"Clobetasol propionate is CYP3A5 selective inhibitor. Gemini: IC50 0.2uM. Despite Type-I pose, literature confirms INHIBITOR."
REC_0399,07,,CYP3A5,Azamulin,7SV2,product,INHIBITOR,INHIBITOR,False,HIGH,B,,False,Azamulin is suicide substrate (mechanism-based INHIBITOR). Gemini: irreversible inactivation. Original class product incorrect. INHIBITOR.
REC_0400,08,P20815,CYP3A5,DODECYL NONA ETHYLENE GLYCOL ETHER,8SG5,inhibitor,EXCLUDE,EXCLUDE,False,HIGH,A,True,False,三方一致确认EXCLUDE。Gemini：C12E9是非离子表面活性剂，结晶伪影。Codex：距Fe 21Å，位于蛋白表面，无催化姿势。与任务02分类一致。
REC_0401,08,P20815,CYP3A5,1-[(2-CHLOROPHENYL)(DIPHENYL)METHYL]-1H-IMIDAZOLE,8SG5,inhibitor,INHIBITOR,INHIBITOR,False,HIGH,A,True,False,三方一致确认INHIBITOR。Gemini：Kd<0.01μM，PMID:37770228。Codex：Fe-N=1.91Å，Type II配位。与任务02分类一致。
REC_0402,08,P20815,CYP3A5,N'-(2-chlorophenyl)-N-[(3-hydroxyphenyl)methyl]-N-[(2P)-2-(1H-imidazol-1-yl)-5-(trifluoromethyl)phenyl]urea,9MS2,unknown,INHIBITOR,INHIBITOR,False,MEDIUM,C,False,False,Gemini无文献，Codex结构分析显示Fe-N=2.30Å，Type II配位特征明确。采纳Codex结论。与任务02分类一致。
REC_0403,08,P24462,CYP3A7,"(2S,3S)-1,4-DIMERCAPTOBUTANE-2,3-DIOL",7MK8,unknown,EXCLUDE,EXCLUDE,False,HIGH,A,True,False,三方一致确认EXCLUDE。DTT是常见还原剂/缓冲液添加剂，Codex确认不与heme Fe配位，高B因子表明弱非特异性结合。与任务02分类一致。
REC_0404,08,P24462,CYP3A7,17-oxoandrost-5-en-3beta-yl hydrogen sulfate,8GK3,unknown,SUBSTRATE,SUBSTRATE,False,HIGH,A,True,False,三方一致确认SUBSTRATE。Gemini：Km=5.44μM，PMID:33821626。Codex：Fe-C=4.81Å，催化姿势。与任务02分类一致。
REC_0405,08,P33006,P450_P33006,alpha-TERPINEOL,8EUH,unknown,SUBSTRATE,SUBSTRATE,False,HIGH,B,True,False,三方一致确认SUBSTRATE。Gemini：CYP108A1文献支持（Kd=2.67μM，PMID:36780479）。Codex：Fe-C=4.25Å，底物姿势。与任务02分类一致。
REC_0406,08,P48635,EryK,Erythromycin D,2JJO,inhibitor,SUBSTRATE,SUBSTRATE,False,HIGH,A,True,False,三方一致确认SUBSTRATE。原始PDB分类inhibitor错误。Gemini：文献确认Erythromycin D是EryK天然底物（PMID:7592911）。Codex：Fe-C12=5.28Å，催化姿势。与任务02分类一致。
REC_0407,08,P48635,EryK,"1-ACETYL-4-(4-{[(2S,4R)-2-(2,4-DICHLOROPHENYL)-2-(1H-IMIDAZOL-1-YLMETHYL)-1,3-DIOXOLAN-4-YL]METHOXY}PHENYL)PIPERAZINE",2JJP,inhibitor,INHIBITOR,INHIBITOR,False,HIGH,A,True,False,Gemini无EryK特异性文献但Ketoconazole是已知P450抑制剂。Codex结构确认Fe-N=1.96Å，Type II配位。综合判定INHIBITOR。与任务02分类一致。
REC_0408,08,P48635,EryK,1-[(2-CHLOROPHENYL)(DIPHENYL)METHYL]-1H-IMIDAZOLE,2XFH,inhibitor,INHIBITOR,INHIBITOR,False,HIGH,A,True,False,三方一致确认INHIBITOR。Gemini：PMID:20845962。Codex：Fe-N=2.10Å，Type II配位。与任务02分类一致。
REC_0409,08,P48635,EryK,Erythromycin B,3ZKP,inhibitor,SUBSTRATE,SUBSTRATE,False,HIGH,A,True,False,三方一致确认SUBSTRATE。原始PDB分类inhibitor错误。Gemini：文献确认是alternative substrate（PMID:19625248）。Codex：Fe-C12=5.31Å，催化姿势。与任务02分类一致。
REC_0410,08,P50859,P450_P50859,"2-[(2R)-butan-2-yl]-4-{4-[4-(4-{[(2R,4S)-2-(2,4-dichlorophenyl)-2-(1H-1,2,4-triazol-1-ylmethyl)-1,3-dioxolan-4-yl]methoxy}phenyl)piperazin-1-yl]phenyl}-2,4-dihydro-3H-1,2,4-triazol-3-one",5JLC,unknown,INHIBITOR,INHIBITOR,False,HIGH,A,True,False,"三方一致确认INHIBITOR。Gemini：Ki=0.3-6.1nM（PMID:8841152,15485908）。Codex：Fe-N=2.04Å，Type II配位。与任务02分类一致。"
REC_0411,08,P53554,BioI/CYP107H,heptyl 1-thio-beta-D-glucopyranoside,3EJB,unknown,EXCLUDE,EXCLUDE,False,HIGH,A,True,False,Codex结构分析明确：HTG距Fe约16.68Å，远离活性位点，是结晶洗涤剂。与任务02分类一致。
REC_0412,08,P53554,BioI/CYP107H,"S-[2-({N-[(2S)-2-hydroxy-3,3-dimethyl-4-(phosphonooxy)butanoyl]-beta-alanyl}amino)ethyl] tetradecanethioate",3EJB,product,SUBSTRATE,SUBSTRATE,False,HIGH,A,True,False,三方一致确认SUBSTRATE。原始PDB分类product错误。Gemini：文献确认Acyl-ACP是BioI底物（PMID:17561502）。Codex：Fe-C~4.27Å，催化姿势。与任务02分类一致。
REC_0413,08,P53554,BioI/CYP107H,"S-[2-({N-[(2S)-2-hydroxy-3,3-dimethyl-4-(phosphonooxy)butanoyl]-beta-alanyl}amino)ethyl] (9Z)-hexadec-9-enethioate",3EJD,product,SUBSTRATE,SUBSTRATE,False,HIGH,A,True,False,三方一致确认SUBSTRATE。原始PDB分类product错误。Gemini：文献支持Acyl-ACP是BioI底物。Codex：Fe-C~3.77-4.6Å，催化姿势。与任务02分类一致。
REC_0414,08,P53554,BioI/CYP107H,"S-[2-({N-[(2S)-2-hydroxy-3,3-dimethyl-4-(phosphonooxy)butanoyl]-beta-alanyl}amino)ethyl] (9Z)-octadec-9-enethioate",3EJE,product,SUBSTRATE,SUBSTRATE,False,MEDIUM,C,False,False,Gemini失败，Codex结构分析显示Fe-C7=4.23Å，催化姿势。采纳Codex结论。原始PDB分类product错误，应为SUBSTRATE。与任务02分类一致。
REC_0415,08,P9WPL3,P450_P9WPL3,FE3-S4 CLUSTER,8AMQ,unknown,EXCLUDE,EXCLUDE,False,HIGH,A,True,False,Codex结构分析明确：Fe3-S4是铁硫簇辅因子，用于电子传递，不是底物或抑制剂。分类EXCLUDE。与任务02分类一致。
REC_0416,08,P9WPL5,CYP142,~{N}-[(4-methoxyphenyl)methyl]-4-(pyridin-4-ylmethyl)aniline,7P5T,inhibitor,INHIBITOR,INHIBITOR,False,HIGH,A,True,False,三方一致确认INHIBITOR。Codex：Fe-N=2.09Å，Type II配位。与任务02分类一致。
REC_0417,08,P9WPL5,CYP142,BROMIDE ION,7P5T,inhibitor,EXCLUDE,EXCLUDE,False,HIGH,A,True,False,Bromide离子是缓冲液/结晶组分，不是底物或抑制剂。分类EXCLUDE。与任务02分类一致。
REC_0418,08,P9WPL5,CYP142,ethyl 5-pyridin-4-yl-1~{H}-indole-2-carboxylate,7QJL,inhibitor,INHIBITOR,INHIBITOR,False,HIGH,A,True,False,三方一致确认INHIBITOR。Codex：Fe-N=2.14Å，Type II配位。与任务02分类一致。
REC_0419,08,P9WPL5,CYP142,~{N}-[4-(pyridin-4-ylmethyl)phenyl]benzenesulfonamide,7QQ7,inhibitor,INHIBITOR,INHIBITOR,False,HIGH,A,True,False,三方一致确认INHIBITOR。Codex：Fe-N=2.21Å，Type II配位。与任务02分类一致。
REC_0420,08,P9WPL5,CYP142,"(8ALPHA,9BETA)-CHOLEST-4-EN-3-ONE",8A6W,unknown,SUBSTRATE,SUBSTRATE,False,HIGH,B,True,False,三方一致确认SUBSTRATE。Codex：无Fe-N配位，底物姿势。与任务02分类一致。
REC_0421,08,P9WPL5,CYP142,"(3-phenyl-1,2,4-oxadiazol-5-yl)methanamine",8A9P,unknown,INHIBITOR,INHIBITOR,False,HIGH,A,True,False,三方一致确认INHIBITOR。Codex：Fe-N=2.10Å，Type II配位。与任务02分类一致。
REC_0422,08,P9WPL5,CYP142,4-benzylpyridine,8S53,unknown,INHIBITOR,INHIBITOR,False,HIGH,A,True,False,三方一致确认INHIBITOR。Codex：Fe-N=2.07Å，Type II配位。与任务02分类一致。
REC_0423,08,P9WPN5,CYP130,"1-[(2S)-2-[(4-CHLOROBENZYL)OXY]-2-(2,4-DICHLOROPHENYL)ETHYL]-1H-IMIDAZOLE",2UVN,inhibitor,INHIBITOR,INHIBITOR,False,HIGH,A,True,False,三方一致确认INHIBITOR。Codex：Fe-N=2.75-2.76Å，Type II配位。与任务02分类一致。
REC_0424,08,P9WPN5,CYP130,FLUORIDE ION,2UVN,inhibitor,EXCLUDE,EXCLUDE,False,HIGH,A,True,False,Fluoride离子是缓冲液/结晶组分，Codex确认距Fe约20Å，无配位。分类EXCLUDE。与任务02分类一致。
REC_0425,08,P9WPN5,CYP130,"5-AMINO-2-{4-[(4-AMINOPHENYL)SULFANYL]PHENYL}-1H-ISOINDOLE-1,3(2H)-DIONE",2WH8,unknown,INHIBITOR,INHIBITOR,False,HIGH,A,True,False,三方一致确认INHIBITOR。Codex：Fe-N=2.09-2.15Å，Type II配位。与任务02分类一致。
REC_0426,08,P9WPN5,CYP130,1-(3-METHYLPHENYL)-1H-BENZIMIDAZOL-5-AMINE,2WHF,unknown,INHIBITOR,INHIBITOR,False,HIGH,A,True,False,三方一致确认INHIBITOR。Codex：Fe-N=2.12Å，Type II配位。与任务02分类一致。
REC_0427,08,P9WPN8,CYP126A1,"~{N}-[[3-(4-methoxyphenyl)-1,2,4-oxadiazol-5-yl]methyl]-2-(4-nitrophenyl)-~{N}-propan-2-yl-ethanamide",5LI6,unknown,INHIBITOR,INHIBITOR,False,MEDIUM,C,True,False,Codex：Fe-N=4.45Å，非强配位。证据不足明确判断但结构提示抑制剂。采纳任务02分类INHIBITOR，置信度MEDIUM。与任务02分类一致。
REC_0428,08,P9WPN8,CYP126A1,1-(1-adamantyl)-3-(3-imidazol-1-ylpropyl)urea,5LI7,unknown,INHIBITOR,INHIBITOR,False,HIGH,A,True,False,三方一致确认INHIBITOR。Codex：Fe-N=1.99-2.02Å，Type II配位。与任务02分类一致。
REC_0429,08,P9WPN8,CYP126A1,"1-acetyl-4-(4-{[(2R,4S)-2-(2,4-dichlorophenyl)-2-(1H-imidazol-1-ylmethyl)-1,3-dioxolan-4-yl]methoxy}phenyl)piperazine",5LI8,inhibitor,INHIBITOR,INHIBITOR,False,HIGH,A,True,False,三方一致确认INHIBITOR。Codex：Fe-N=1.99Å，Type II配位。与任务02分类一致。
REC_0430,08,P9WPP1,CYP125,"(8ALPHA,9BETA)-CHOLEST-4-EN-3-ONE",2X5W,substrate,SUBSTRATE,SUBSTRATE,False,HIGH,A,True,False,三方一致确认SUBSTRATE。Cholestenone是胆固醇代谢物，CYP125的天然底物。Codex确认无Fe-N配位（Type I底物结合）。与任务02分类一致。
REC_0431,08,P9WPP1,CYP125,NALPHA-[(TRANS-4-METHYLCYCLOHEXYL)CARBONYL]-N-PYRIDIN-4-YL-D-TRYPTOPHANAMIDE,2XC3,inhibitor,INHIBITOR,INHIBITOR,False,HIGH,A,True,False,原始分类inhibitor。虽然Codex结构分析显示Fe-N距离6.69Å较远，但pyridyl化合物通常作为Type II抑制剂。可能存在构象灵活性。采纳INHIBITOR。与任务02分类一致。
REC_0432,08,P9WPP1,CYP125,4-ANDROSTENE-3-17-DIONE,3IW1,unknown,SUBSTRATE,INHIBITOR,True,MEDIUM,C,False,False,[2026-01-30修正] 文献(PMID:19801656)确认androstenedione是INHIBITOR：Fe距离12.9Å远超催化阈值(<6Å)，非生产性取向结合。CYP125是C26-hydroxylase专属于胆固醇侧链，不催化androstenedione。原Task02 SUBSTRATE分类错误。
REC_0433,08,P9WPP1,CYP125,"4-[(2R)-2-[(4-chlorobenzyl)oxy]-2-(2,4-dichlorophenyl)ethyl]-1H-imidazole",3IW2,inhibitor,INHIBITOR,INHIBITOR,False,HIGH,A,True,False,Econazole是已知的唑类抗真菌抑制剂。虽然Codex结构分析距离异常，但文献明确是P450 Type II抑制剂。采纳INHIBITOR。与任务02分类一致。
REC_0434,08,P9WPP1,CYP125 (CYP125A1),4-ANDROSTENE-3-17-DIONE,3IW1,unknown,SUBSTRATE,INHIBITOR,False,MEDIUM,C,False,False,[人工审核修正] 采纳Gemini文献(PMID:19801656)，Fe=13.47A非生产性取向。原理由: Gemini与Codex不一致。Gemini认为是竞争性结合剂（INHIBITOR），Codex认为不在heme pocket（EXCLUDE）。但androstenedione是steroid类似物...
REC_0435,08,P9WPP1,CYP125 (CYP125A1),"4-[(2R)-2-[(4-chlorobenzyl)oxy]-2-(2,4-dichlorophenyl)ethyl]-1H-imidazole",3IW2,inhibitor,INHIBITOR,INHIBITOR,False,MEDIUM,B,False,False,Econazole是典型Type II azole抑制剂，但CYP125结构显示unusual远距离（Fe-N=18.20Å），无heme配位。可能是晶体artifact或CYP125特殊funnel结构限制azole接近。文献支持inhibitor功能（Kd 4-45μM），维持INHIBITOR但降至MEDIUM confidence并标记需审核。
REC_0436,08,P9WPP1,CYP125 (CYP125A1),ethyl 1-(cyclohexylmethyl)-5-pyridin-4-yl-indole-2-carboxylate,7QKE,inhibitor,INHIBITOR,INHIBITOR,False,HIGH,A,False,False,文献明确证实为designed inhibitor（Kd ~3μM，PMID:33829778）。Codex显示Fe-N=6.68Å（非典型Type II），但Gemini解释可能是reverse-type或flexible binding mode。功能上确认INHIBITOR，与任务02分类一致。
REC_0437,08,P9WPP1,CYP125 (CYP125A1),ethyl 1-(cyclopentylmethyl)-5-pyridin-4-yl-indole-2-carboxylate,7QNN,inhibitor,INHIBITOR,INHIBITOR,False,HIGH,A,False,False,文献明确证实为designed inhibitor（Kd ~0.12μM，PMID:33829778），比cyclohexylmethyl variant（~3μM）强20倍以上。Codex显示Fe-N=6.26Å（CYP125系列一致模式，pyridine在晶体中不直接配位Fe）。功能分类确认INHIBITOR，与任务02一致。
REC_0438,08,P9WPP1,CYP125 (CYP125A1),ethyl 5-pyridin-4-yl-1H-indole-2-carboxylate,7QWN,inhibitor,INHIBITOR,INHIBITOR,False,HIGH,A,True,False,三方一致确认INHIBITOR。关键发现：parent compound（无N1取代基）在chains B/C显示真正Type II配位（Fe-N=2.39-2.59Å），解释了为何N1-substituted variants在晶体中不配位。Gemini：Kd=3.0μM，PMID:33829778。与任务02分类一致。
REC_0439,08,P9WPP1,CYP125 (CYP125A1),1-(2-piperazin-1-ylethyl)-5-pyridin-4-yl-indole,7YXF,inhibitor,INHIBITOR,INHIBITOR,False,HIGH,A,True,False,三方一致确认INHIBITOR。Fragment linking策略成功：piperazine-ethyl尾取代carboxylate。Codex确认所有chains显示Type II配位（Fe-N=2.12-2.23Å），无axial water。与任务02分类一致。
REC_0440,08,P9WPP1,CYP125 (CYP125A1),~{N}-[4-(pyridin-4-ylmethyl)phenyl]benzenesulfonamide,7ZGL,inhibitor,INHIBITOR,INHIBITOR,False,HIGH,A,True,False,三方一致确认INHIBITOR。Fragment merging策略：pyridine配位heme（Fe-N=2.30-2.44Å），sulfonamide捕获channel H-bond interactions。与任务02分类一致。
REC_0441,08,P9WPP1,CYP125 (CYP125A1),~{N}-[(4-methoxyphenyl)methyl]-4-(pyridin-4-ylmethyl)aniline,7ZIC,inhibitor,INHIBITOR,INHIBITOR,False,HIGH,A,True,False,三方一致确认INHIBITOR。MEK216-like compound：pyridine配位heme（Fe-N=2.28-2.31Å），methoxyphenyl尾探测疏水通道。亚微摩尔亲和力。与任务02分类一致。
REC_0442,08,P9WPP1,CYP125 (CYP125A1),~{N}-(2-morpholin-4-ylethyl)-4-(pyridin-4-ylmethyl)benzamide,7ZLT,inhibitor,INHIBITOR,INHIBITOR,False,HIGH,A,True,False,三方一致确认INHIBITOR。Benzamide-morpholine linker成功：pyridine配位heme（Fe-N=2.18-2.24Å）。Fragment linking proof-of-concept。与任务02分类一致。
REC_0443,08,P9WPP1,CYP125 (CYP125A1),ethyl 1-(2-morpholin-4-ylethyl)-5-pyridin-4-yl-indole-2-carboxylate,7ZLZ,inhibitor,INHIBITOR,INHIBITOR,False,HIGH,A,False,False,Gemini文献确认为optimized lead（Kd ~0.45μM），Codex结构显示Fe-N=4.5Å（与CYP125 N1-substituted series一致pattern）。功能数据优先：确认INHIBITOR。与任务02分类一致。
REC_0444,08,P9WPP1,CYP125 (CYP125A1),4-(4-methoxyphenyl)pyridine,7ZQR,inhibitor,INHIBITOR,INHIBITOR,False,HIGH,A,True,False,三方一致确认INHIBITOR。Fragment 1（aryl-pyridine）：弱affinity（Kd~180μM）但明确Type II配位（Fe-N=2.16-2.25Å）。为fragment linking起点。与任务02分类一致。
REC_0445,08,P9WPP1,CYP125 (CYP125A1),methyl 3-pyridin-4-ylbenzoate,7ZSU,inhibitor,INHIBITOR,INHIBITOR,False,HIGH,A,True,False,三方一致确认INHIBITOR。Fragment 2（pyridine-benzoate ester）：弱affinity但明确Type II配位（Fe-N=2.34-2.45Å）。Ester提供growing handle。与任务02分类一致。
REC_0446,08,P9WPP1,CYP125 (CYP125A1),1-(2-piperazin-1-ylethyl)-5-pyridin-4-yl-indole-2-carboxamide,7ZT0,inhibitor,INHIBITOR,INHIBITOR,False,HIGH,A,True,False,三方一致确认INHIBITOR。Fragment linking culmination：Carboxamide-piperazine-indole，sub-uM affinity（Kd~0.5-2.0μM），Type II配位（Fe-N=2.40-2.53Å）。与任务02分类一致。
REC_0447,08,P9WPP1,CYP125 (CYP125A1),1-[1-(2-piperidin-4-ylethyl)-5-pyridin-4-yl-indol-2-yl]butan-1-one,7ZXD,inhibitor,INHIBITOR,INHIBITOR,False,HIGH,A,False,False,Gemini文献确认为fragment linking series inhibitor（Kd~1-5μM）。Codex显示Fe-N=4.02Å（CYP125 N1-substituted indole一致pattern）。功能数据优先，确认INHIBITOR。与任务02分类一致。
REC_0448,08,P9WPP1,CYP125 (CYP125A1),~{N}-(1~{H}-indol-5-ylmethyl)-3-(pyridin-4-ylamino)benzamide,8S4M,inhibitor,INHIBITOR,INHIBITOR,False,HIGH,A,True,False,三方一致确认INHIBITOR。Reverse-linker design成功：pyridine配位heme（Fe-N=2.42Å），indolylmethyl探测hydrophobic funnel。Sub-uM affinity（Kd<0.5μM）。与任务02分类一致。
REC_0449,08,P9WPP3,CYP124 (vitamin D hydroxylase),"(3R,7S,11S)-3,7,11,15-tetramethylhexadecanoic acid",2WM4,unknown,SUBSTRATE,SUBSTRATE,False,HIGH,B,True,False,三方一致确认SUBSTRATE。Phytanic acid是CYP124生理底物（methyl-branched lipid omega-hydroxylation）。Codex：最近原子~3.87Å from Fe，底物姿势。与任务02分类一致。
REC_0450,08,P9WPP3,CYP124 (vitamin D hydroxylase),"(8ALPHA,9BETA)-CHOLEST-4-EN-3-ONE",6T0F,unknown,SUBSTRATE,SUBSTRATE,False,HIGH,B,True,False,三方一致确认SUBSTRATE。Cholestenone是CYP124底物（C26/C27羟化）。Codex：C26附近~3.94-4.00Å from Fe，底物姿势。与任务02分类一致。
REC_0451,08,P9WPP3,CYP124 (vitamin D hydroxylase),3[N-MORPHOLINO]PROPANE SULFONIC ACID,6T0F,unknown,EXCLUDE,EXCLUDE,False,HIGH,A,True,False,三方一致确认EXCLUDE。MOPS是结晶缓冲液组分，Codex确认距Fe ~24Å，无生物学相关性。与任务02分类一致。
REC_0452,08,P9WPP3,CYP124 (vitamin D hydroxylase),"(1S,3Z)-3-[(2E)-2-[(1R,3AR,7AS)-7A-METHYL-1-[(2R)-6-METHYLHEPTAN-2-YL]-2,3,3A,5,6,7-HEXAHYDRO-1H-INDEN-4-YLIDENE]ETHYLIDENE]-4-METHYLIDENE-CYCLOHEXAN-1-OL",6T0G,product,SUBSTRATE,SUBSTRATE,True,HIGH,A,True,False,三方一致确认SUBSTRATE。原始PDB分类product错误！Vitamin D3是CYP124底物（C25/C26/C27羟化），不是产物。Codex：C27附近~4.01Å from Fe，底物姿势。分类从product修正为SUBSTRATE。
REC_0453,08,P9WPP3,CYP124 (vitamin D hydroxylase),1-alpha-hydroxy-vitamin D3,6T0H,product,SUBSTRATE,SUBSTRATE,True,HIGH,A,True,False,三方一致确认SUBSTRATE。原始PDB分类product错误！1α-hydroxy-VD3是CYP124底物（进一步羟化substrate），不是最终产物。Codex：C27附近~3.99Å from Fe，底物姿势。分类从product修正为SUBSTRATE。
REC_0454,08,P9WPP3,CYP124 (vitamin D hydroxylase),"~{N}-[(2Z)-3,7-dimethylocta-2,6-dien-1-yl]-~{N}'-[(1R,3S,5R,7R)-tricyclo[3.3.1.1~3,7~]dec-2-yl]ethane-1,2-diamine",6T0J,unknown,SUBSTRATE,SUBSTRATE,False,MEDIUM,C,True,False,三方一致确认SUBSTRATE。SQ109是antitubercular drug，CYP124对其进行羟化（可能是抗药机制或清除途径）。Codex：carbon framework ~3.95-4.02Å from Fe，底物姿势。与任务02分类一致。
REC_0455,08,P9WPP3,CYP124 (vitamin D hydroxylase),~{N}-[[[2-methyl-4-(3-methylbutyl)phenyl]amino]methyl]hydroxylamine,6T0L,inhibitor,INHIBITOR,INHIBITOR,False,HIGH,A,True,False,三方一致确认INHIBITOR。Hydroxylamine transition state mimic：Fe-N=2.03Å，Type II配位。Kd<1μM，强抑制剂。与任务02分类一致。
REC_0456,08,P9WPP3,CYP124 (vitamin D hydroxylase),ethyl 7-imidazol-1-ylheptanoate,7ZB9,inhibitor,INHIBITOR,INHIBITOR,False,HIGH,A,True,False,三方一致确认INHIBITOR。Imidazole-heptanoate：Fe-N=2.03-2.18Å，Type II配位。用于探测CYP124 active site plasticity。与任务02分类一致。
REC_0457,09,,CYP121 (CYP121A1),OXYGEN MOLECULE,1N40,unknown,EXCLUDE,EXCLUDE,False,HIGH,A,True,False,Gemini(PMID:12815132) + Codex(Fe-O=2.25A)一致确认O2是P450催化必需的共底物/辅因子，不是酶催化的底物。正确分类为EXCLUDE。
REC_0458,09,,CYP121 (CYP121A1),4-IODOPYRAZOLE,1N4G,inhibitor,INHIBITOR,INHIBITOR,False,MEDIUM,B,False,False,冲突：Gemini文献(PMID:12438197)分类为INHIBITOR(Type II配体)，但Codex结构分析显示配体在外围位点(Fe-N=12.39A)。可能是次级结合位点。采纳文献分类INHIBITOR，但标记需人工复审。
REC_0459,09,,CYP121 (CYP121A1),"2-(2,4-DIFLUOROPHENYL)-1,3-DI(1H-1,2,4-TRIAZOL-1-YL)PROPAN-2-OL",2IJ7,inhibitor,INHIBITOR,INHIBITOR,False,HIGH,A,True,False,"Gemini(Kd=8.61uM, PMID:17028184) + Codex(Fe-N=2.30A)一致确认Fluconazole是经典唑类P450抑制剂。与verified_class一致。"
REC_0460,09,,CYP121 (CYP121A1),"(3S,6S)-3,6-bis(4-hydroxybenzyl)piperazine-2,5-dione",3G5H,unknown,SUBSTRATE,SUBSTRATE,False,HIGH,A,True,False,"Gemini(Ks=21.3uM, PMID:19416919/28667013) + Codex(Fe=6.07A, 活性位点)一致确认cyclo(Tyr-Tyr)是CYP121天然底物。与verified_class一致。"
REC_0461,09,,CYP121 (CYP121A1),"4-(1H-1,2,4-triazol-1-yl)quinolin-6-amine",4G1X,unknown,INHIBITOR,INHIBITOR,False,HIGH,A,True,False,"Gemini(Kd=15nM, PMID:22890978) + Codex(Fe-N=2.22A)一致确认为高亲和力三唑类抑制剂。与verified_class一致。"
REC_0462,09,,CYP121 (CYP121A1),"4,4'-(1H-1,2,3-triazole-1,5-diyl)diphenol",4G2G,inhibitor,INHIBITOR,INHIBITOR,False,MEDIUM,B,False,False,"冲突：Gemini文献(Kd=15uM, PMID:22890978)确认INHIBITOR，但Codex结构显示配体在外围位点(Fe-N=11.65A)。可能是变构抑制剂或晶体结构捕获非活性态。采纳文献分类。"
REC_0463,09,,CYP121 (CYP121A1),"3-(1H-1,2,4-triazol-1-ylmethyl)aniline",4G44,unknown,INHIBITOR,INHIBITOR,False,HIGH,A,True,False,"Gemini(Kd=1.3-1.9mM, PMID:22890978) + Codex(Fe-N=2.19A)一致确认为三唑类抑制剂。虽然是低亲和力片段，但结构明确显示Fe-N配位。与verified_class一致。"
REC_0464,09,,CYP121 (CYP121A1),2-methylquinolin-6-amine,4G45,unknown,INHIBITOR,INHIBITOR,False,HIGH,A,True,False,Gemini(Kd=400uM) + Codex(Fe-N=2.31A)一致确认INHIBITOR。
REC_0465,09,,CYP121 (CYP121A1),"4-oxo-4,5,6,7-tetrahydro-1-benzofuran-3-carboxylic acid",4G46,unknown,INHIBITOR,INHIBITOR,False,MEDIUM,B,False,False,冲突：Gemini文献(PMID:22890978)确认为片段INHIBITOR，但Codex显示外围位点(Fe=9.97A)。采纳文献分类，标记复审。
REC_0466,09,,CYP121 (CYP121A1),"4-(1H-1,2,4-triazol-1-yl)phenol",4G47,unknown,INHIBITOR,INHIBITOR,False,MEDIUM,B,False,False,"冲突：Gemini(Kd=1.7mM, PMID:22890978)确认INHIBITOR片段，但Codex显示外围位点(Fe-N=9.80A)。采纳文献，标记复审。"
REC_0467,09,,CYP121 (CYP121A1),"4-(4-phenoxy-1H-pyrazol-3-yl)benzene-1,3-diol",4G48,unknown,INHIBITOR,INHIBITOR,False,MEDIUM,B,False,False,冲突：Gemini(PMID:22890978)确认INHIBITOR片段，Codex显示外围(Fe-N=11.18A)。采纳文献。
REC_0468,09,,CYP121 (CYP121A1),"(3S,6S)-3-benzyl-6-(4-hydroxybenzyl)piperazine-2,5-dione",4ICT,substrate,SUBSTRATE,EXCLUDE,True,HIGH,A,False,False,"任务02错误：将非底物误判为SUBSTRATE。Gemini文献(Kd=39-46uM, PMID:23212912)明确指出cyclo(Phe-Tyr)是高亲和力结合物但非CYP121底物，缺少第二个酚羟基无法进行C-C交联反应。虽然Codex显示活性位点结合，但文献证据优先。纠正为EXCLUDE。"
REC_0469,09,,CYP121 (CYP121A1),"(3S,6S)-3,6-bis(4-hydroxybenzyl)piperazin-2-one",4IPS,substrate,SUBSTRATE,SUBSTRATE,False,HIGH,A,False,False,冲突但采纳文献：Gemini(PMID:23212912)确认monoketone是CYP121底物/反应中间体，虽然Codex显示Fe=8.17A。文献优先。
REC_0470,09,,CYP121 (CYP121A1),"(3S,6S)-3-(3,4-dihydroxybenzyl)-6-(4-hydroxybenzyl)piperazine-2,5-dione",4IPW,substrate,SUBSTRATE,EXCLUDE,True,HIGH,A,False,False,"任务02错误：将非底物误判为SUBSTRATE。Gemini文献(Kd=0.8uM, PMID:23212912)明确指出cyclo(DOPA-Tyr)是高亲和力结合物但非底物，活性极低。纠正为EXCLUDE。"
REC_0471,09,,CYP121 (CYP121A1),"(3S,6S)-3-(4-hydroxybenzyl)-6-methylpiperazine-2,5-dione",4IQ7,substrate,SUBSTRATE,EXCLUDE,True,HIGH,A,False,False,"任务02错误：将非底物误判为SUBSTRATE。Gemini文献(Kd=380uM, PMID:23212912)明确cyclo(Ala-Tyr)是结合物但不形成产物。纠正为EXCLUDE。"
REC_0472,09,,CYP121 (CYP121A1),"(3S,6S)-3-(4-hydroxybenzyl)-6-(1H-indol-3-ylmethyl)piperazine-2,5-dione",4IQ9,substrate,SUBSTRATE,EXCLUDE,True,HIGH,A,False,False,"任务02错误：将非底物误判为SUBSTRATE。Gemini文献(Kd=3.6uM, PMID:23212912)明确cyclo(Trp-Tyr)结合但不进行C-C交联。纠正为EXCLUDE。"
REC_0473,09,,CYP121 (CYP121A1),"4-(3'-amino[1,1'-biphenyl]-3-yl)-3-(4-methoxyphenyl)-1H-pyrazol-5-amine",5IBD,inhibitor,INHIBITOR,INHIBITOR,False,HIGH,A,True,False,Gemini(Kd=33nM) + Codex(Fe-N=2.25A)一致确认INHIBITOR。
REC_0474,09,,CYP121 (CYP121A1),"4-[5-amino-4-(3'-amino[1,1'-biphenyl]-3-yl)-1H-pyrazol-3-yl]phenol",5IBE,inhibitor,INHIBITOR,INHIBITOR,False,HIGH,A,True,False,Gemini(Kd=15nM) + Codex(Fe-N=2.19A)一致确认INHIBITOR。
REC_0475,09,,CYP121 (CYP121A1),"4-(3'-amino[1,1'-biphenyl]-3-yl)-1H-pyrazol-5-amine",5IBF,inhibitor,INHIBITOR,INHIBITOR,False,HIGH,B,True,False,Gemini(PMID:26985711) + Codex(Fe-N=2.29A)一致确认INHIBITOR。
REC_0476,09,,CYP121 (CYP121A1),"3'-amino-5-[5-amino-3-(4-hydroxyphenyl)-1H-pyrazol-4-yl][1,1'-biphenyl]-2-ol",5IBG,inhibitor,INHIBITOR,INHIBITOR,False,HIGH,B,True,False,Gemini(Kd~15nM) + Codex(Fe-N=2.49A)一致确认INHIBITOR。
REC_0477,09,,CYP121 (CYP121A1),"4,4'-(5-{[(1H-imidazol-4-yl)methyl]amino}-1H-pyrazole-3,4-diyl)diphenol",5IBH,inhibitor,INHIBITOR,INHIBITOR,False,HIGH,A,True,False,Gemini(Kd=274uM) + Codex(non-coordinating)一致确认INHIBITOR。弱亲和力解释了非配位结构。
REC_0478,09,,CYP121 (CYP121A1),"4,4'-(5-{[(4-hydroxyphenyl)methyl]amino}-1H-pyrazole-3,4-diyl)diphenol",5IBI,inhibitor,INHIBITOR,INHIBITOR,False,MEDIUM,B,True,False,Gemini(PMID:26985711) + Codex(non-coordinating)一致确认INHIBITOR。
REC_0479,09,,CYP121 (CYP121A1),4-{5-[(4-hydroxyphenyl)amino]-1H-pyrazol-3-yl}phenol,5IBJ,inhibitor,INHIBITOR,INHIBITOR,False,MEDIUM,B,True,False,Gemini(PMID:26985711) + Codex一致确认INHIBITOR。
REC_0480,09,,CYP121 (CYP121A1),1-[(4-chlorophenyl)methyl]-4-(3-imidazol-1-ylpropyl)piperazin-2-one,5O4K,unknown,INHIBITOR,INHIBITOR,False,HIGH,B,True,False,Gemini(PMID:29185746) + Codex(Fe-N=2.06A)一致确认INHIBITOR。
REC_0481,09,,CYP121 (CYP121A1),1-[(4-fluorophenyl)methyl]-4-(3-imidazol-1-ylpropyl)piperazin-2-one,5O4L,unknown,INHIBITOR,INHIBITOR,False,HIGH,B,True,False,Gemini(PMID:29185746) + Codex(Fe-N=2.14A)一致确认INHIBITOR。
REC_0482,09,,CYP121 (CYP121A1),4-(imidazol-1-ylmethyl)-3-(4-methoxyphenyl)-1-phenyl-pyrazole,5OP9,inhibitor,INHIBITOR,INHIBITOR,False,HIGH,B,True,False,Gemini(PMID:29185746) + Codex一致确认INHIBITOR。结构显示非配位型抑制剂。
REC_0483,09,,CYP121 (CYP121A1),3-(4-fluorophenyl)-4-(imidazol-1-ylmethyl)-1-phenyl-pyrazole,5OPA,inhibitor,INHIBITOR,INHIBITOR,False,HIGH,B,True,False,Gemini(PMID:29185746) + Codex一致确认INHIBITOR。
REC_0484,09,,CYP121 (CYP121A1),CYANIDE ION,5WP2,substrate,EXCLUDE,EXCLUDE,False,HIGH,A,True,False,CN-是血红素铁的配体/毒物，作为光谱探针使用。虽然Gemini/Codex分类为INHIBITOR，但CN-不是酶抑制剂意义上的抑制剂，而是辅因子探针。与verified_class(EXCLUDE)一致。
REC_0485,09,,CYP121 (CYP121A1),2-chloranyl-3-[4-(imidazol-1-ylmethyl)-1-phenyl-pyrazol-3-yl]-1H-indole,6GEO,inhibitor,INHIBITOR,INHIBITOR,False,HIGH,A,True,False,Gemini(PMID:31034177) + Codex一致确认INHIBITOR。
REC_0486,09,,CYP121 (CYP121A1),1-phenyl-3-pyridin-4-yl-N-(pyridin-4-ylmethyl)pyrazole-4-carboxamide,6GEQ,inhibitor,INHIBITOR,INHIBITOR,False,HIGH,A,True,False,"Gemini(Kd~3.31uM, PMID:31034177) + Codex一致确认INHIBITOR。"
REC_0487,09,,CYP121 (CYP121A1),"(3S,6S)-3-[(4-hydroxyphenyl)methyl]-6-[(3-methyl-4-oxidanyl-phenyl)methyl]piperazine-2,5-dione",6RQ0,unknown,SUBSTRATE,SUBSTRATE,False,HIGH,A,True,False,"Gemini(PMID:31618032) + Codex(Fe=5.96A, active site)一致确认SUBSTRATE。"
REC_0488,09,,CYP121 (CYP121A1),"(3S,6S)-3-[(4-hydroxyphenyl)methyl]-6-[(2-methyl-4-oxidanyl-phenyl)methyl]piperazine-2,5-dione",6RQ1,unknown,SUBSTRATE,SUBSTRATE,False,HIGH,A,True,False,Gemini(PMID:31618032) + Codex一致确认SUBSTRATE。
REC_0489,09,,CYP121 (CYP121A1),"(3S,6S)-3-[(2,6-dimethyl-4-oxidanyl-phenyl)methyl]-6-[(4-hydroxyphenyl)methyl]piperazine-2,5-dione",6RQ3,unknown,SUBSTRATE,SUBSTRATE,False,HIGH,A,True,False,Gemini(PMID:31618032) + Codex一致确认SUBSTRATE。
REC_0490,09,,CYP121 (CYP121A1),"(3S,6S)-3-[(3,5-dimethyl-4-oxidanyl-phenyl)methyl]-6-[(4-hydroxyphenyl)methyl]piperazine-2,5-dione",6RQ5,unknown,SUBSTRATE,SUBSTRATE,False,HIGH,A,True,False,Gemini(PMID:31618032) + Codex一致确认SUBSTRATE。
REC_0491,09,,CYP121 (CYP121A1),3-fluoro dicyclotyrosine,6RQ6,unknown,SUBSTRATE,SUBSTRATE,False,HIGH,A,True,False,Gemini(PMID:31618032) + Codex一致确认SUBSTRATE。
REC_0492,09,,CYP121 (CYP121A1),"(3S,6S)-3-[(4-hydroxyphenyl)methyl]-6-[(3-iodanyl-4-oxidanyl-phenyl)methyl]piperazine-2,5-dione",6RQ8,unknown,SUBSTRATE,SUBSTRATE,False,HIGH,A,True,False,Gemini(PMID:31618032) + Codex一致确认SUBSTRATE。
REC_0493,09,,CYP121 (CYP121A1),3-bromo dicyclotyrosine,6RQB,unknown,SUBSTRATE,SUBSTRATE,False,HIGH,A,True,False,Gemini(PMID:31618032) + Codex一致确认SUBSTRATE。
REC_0494,09,,CYP121 (CYP121A1),"(3S,6S)-3-[(3-chloranyl-4-oxidanyl-phenyl)methyl]-6-[(4-hydroxyphenyl)methyl]piperazine-2,5-dione",6RQD,unknown,SUBSTRATE,SUBSTRATE,False,HIGH,A,True,False,Gemini(PMID:31618032) + Codex一致确认SUBSTRATE。
REC_0495,09,,CYP121 (CYP121A1),3-acetylene dicyclotyrosine,6RQE,unknown,SUBSTRATE,SUBSTRATE,False,HIGH,A,True,False,Gemini(PMID:31618032) + Codex一致确认SUBSTRATE。
REC_0496,09,,CYP121 (CYP121A1),2-chloranyl-4-[4-[(1R)-1-imidazol-1-ylprop-2-enyl]phenyl]phenol,6TE7,inhibitor,INHIBITOR,INHIBITOR,False,HIGH,B,True,False,Gemini(PMID:34010508) + Codex一致确认INHIBITOR。
REC_0497,09,,CYP121 (CYP121A1),1-[(E)-3-[4-(4-fluorophenyl)phenyl]prop-2-enyl]imidazole,6TET,inhibitor,INHIBITOR,INHIBITOR,False,HIGH,B,True,False,Gemini(PMID:34010508) + Codex一致确认INHIBITOR。
REC_0498,09,,CYP121 (CYP121A1),1-[[4-[4-(trifluoromethyl)phenyl]phenyl]methyl]imidazole,6TEV,inhibitor,INHIBITOR,INHIBITOR,False,HIGH,B,True,False,Gemini(PMID:34010508) + Codex一致确认INHIBITOR。
REC_0499,09,,CYP121 (CYP121A1),"(3S,6S)-3-[(4-hydroxyphenyl)methyl]-6-[(4-methoxyphenyl)methyl]piperazine-2,5-dione",6UPG,unknown,SUBSTRATE,SUBSTRATE,False,HIGH,B,True,False,"Gemini(substrate analog) + Codex(Fe=3.78A, active site)一致确认SUBSTRATE。"
REC_0500,09,,CYP121 (CYP121A1),"(3S,6S)-3-{[4-(hydroxymethoxy)phenyl]methyl}-6-[(4-hydroxyphenyl)methyl]piperazine-2,5-dione",6UPI,unknown,PRODUCT,SUBSTRATE,False,MEDIUM,C,False,False,[人工审核修正] 双方验证一致为SUBSTRATE，原判定为PRODUCT保守采纳原分类。现按双方一致结果修正。原理由: 冲突存疑：Codex显示活性位点(Fe=3.02A)像底物，但配体名hydroxymethoxy暗示是羟基化产物。保留verified_class(PRODUCT)但标记需人工复审。
REC_0501,09,,CYP121 (CYP121A1),3-(2-pyrimidin-4-ylethyl)-1H-indole,7NQM,unknown,INHIBITOR,INHIBITOR,False,MEDIUM,C,True,False,Gemini(PMID:35066268) + Codex一致确认INHIBITOR。
REC_0502,09,,CYP121 (CYP121A1),4-[4-[2-(1H-indol-3-yl)ethyl]pyrimidin-2-yl]morpholine,7NQN,unknown,INHIBITOR,INHIBITOR,False,MEDIUM,B,True,False,"Gemini(PMID:35066268, Lead Cpd 14) + Codex一致确认INHIBITOR。"
REC_0503,09,,CYP121 (CYP121A1),4-[4-[2-(5-bromanyl-1H-indol-3-yl)ethyl]pyrimidin-2-yl]morpholine,7NQO,unknown,INHIBITOR,INHIBITOR,False,MEDIUM,B,True,False,Gemini(PMID:35066268) + Codex一致确认INHIBITOR。
REC_0504,09,,CYP51 (Sterol 14α-demethylase),4-PHENYL-1H-IMIDAZOLE,1E9X,inhibitor,INHIBITOR,INHIBITOR,False,HIGH,A,True,False,Gemini(PMID:11331776) + Codex(Fe-N=2.40A)一致确认INHIBITOR。
REC_0505,09,,CYP51 (Sterol 14α-demethylase),"2-(2,4-DIFLUOROPHENYL)-1,3-DI(1H-1,2,4-TRIAZOL-1-YL)PROPAN-2-OL",1EA1,inhibitor,INHIBITOR,INHIBITOR,False,HIGH,A,True,False,"Gemini(Kd~200nM, PMID:11331776) + Codex(Fe-N=2.34A)一致确认INHIBITOR。"
REC_0506,09,,CYP51 (Sterol 14α-demethylase),FE (II) ION,1H5Z,unknown,EXCLUDE,EXCLUDE,False,HIGH,A,True,False,Gemini + Codex一致确认这是无配体的血红素铁结构，EXCLUDE正确。
REC_0507,09,,CYP51 (Sterol 14α-demethylase),ESTRIOL,1X8V,unknown,SUBSTRATE,INHIBITOR,False,MEDIUM,B,False,False,[人工审核修正] 采纳Gemini文献(PMID:15557334)，结合但不代谢，竞争性抑制行为。原理由: 冲突：Gemini(PMID:15557334)说是结合物非底物，Codex说在活性位点。由于Gemini文献明确说非底物，但Codex显示活性位点结合，保留verified_class(SUBSTR...
REC_0508,09,,CYP51 (Sterol 14α-demethylase),(2R)-2-PHENYL-N-PYRIDIN-4-YLBUTANAMIDE,2CI0,inhibitor,INHIBITOR,INHIBITOR,False,HIGH,A,True,False,"Gemini(Kd~5-19.5uM, PMID:16608850) + Codex(Fe-N=2.68A)一致确认INHIBITOR。"
REC_0509,09,,CYP51 (Sterol 14α-demethylase),"(2S)-2-[(2,1,3-BENZOTHIADIAZOL-4-YLSULFONYL)AMINO]-2-PHENYL-N-PYRIDIN-4-YLACETAMIDE",2CIB,inhibitor,INHIBITOR,INHIBITOR,False,HIGH,A,True,False,"Gemini(Kd~5-23.2uM, PMID:16608850) + Codex(Fe-N=2.48A)一致确认INHIBITOR。"
REC_0510,09,,CYP51 (Sterol 14α-demethylase),bis(4-hydroxyphenyl)methanone,2VKU,substrate,SUBSTRATE,INHIBITOR,True,HIGH,A,False,False,"任务02错误：将INHIBITOR误判为SUBSTRATE。Gemini文献(Kd=28uM, PMID:18606705)明确为fragment inhibitor。虽然Codex显示远离血红素，但文献证据优先。纠正为INHIBITOR。"
REC_0511,09,,CYP51 (Sterol 14α-demethylase),CIS-4-METHYL-N-[(1S)-3-(METHYLSULFANYL)-1-(PYRIDIN-4-YLCARBAMOYL)PROPYL]CYCLOHEXANECARBOXAMIDE,2W09,inhibitor,INHIBITOR,INHIBITOR,False,HIGH,B,True,False,Gemini(PMID:19458843) + Codex(Fe-N=2.14A)一致确认INHIBITOR。
REC_0512,09,,CYP51 (Sterol 14α-demethylase),N-[(1S)-2-methyl-1-(pyridin-4-ylcarbamoyl)propyl]cyclohexanecarboxamide,2W0A,inhibitor,INHIBITOR,INHIBITOR,False,HIGH,B,True,False,Gemini(PMID:19458843) + Codex(Fe-N=2.17A)一致确认INHIBITOR。
REC_0513,09,,CYP51 (Sterol 14α-demethylase),3-{[(4-methylphenyl)sulfonyl]amino}propyl pyridin-4-ylcarbamate,2W0B,inhibitor,INHIBITOR,INHIBITOR,False,HIGH,B,True,False,Gemini(PMID:19458843) + Codex(Fe-N=2.11A)一致确认INHIBITOR。
REC_0514,10,,EryF (erythromycin biosynthesis),9-AMINOPHENANTHRENE,1EGY,unknown,INHIBITOR,INHIBITOR,False,HIGH,A,True,False,"三方一致：Gemini文献(Kd=91 uM, PMID:10716705) + Codex结构(Fe-N=2.10A type-II binding) 均确认为INHIBITOR。与任务02分类一致。"
REC_0515,10,,EryF (erythromycin biosynthesis),4-ANDROSTENE-3-17-DIONE,1EUP,unknown,INHIBITOR,SUBSTRATE,True,MEDIUM,C,False,False,任务02错误：将SUBSTRATE误判为INHIBITOR。Codex结构分析显示androstenedione在活性位点但不配位Fe（Fe-O=6.50A），符合底物结合模式而非抑制剂。Gemini调用失败无文献支持。纠正为SUBSTRATE，但标记需人工复审（证据仅来自结构）。
REC_0516,10,,EryF (erythromycin biosynthesis),"CIS-1-ACETYL-4-(4-((2-(2,4-DICHLOROPHENYL)-2-(1H-IMIDAZOL-1-YLMETHYL)-1,3-DIOXOLAN-4-YL)METHOXY)PHENYL)PIPERAZINE",1JIP,inhibitor,INHIBITOR,INHIBITOR,False,HIGH,A,True,False,"三方一致：Gemini文献(Type II inhibitor, PMID:11469860) + Codex结构(Fe-N=2.23A type-II azole binding) 均确认为INHIBITOR。与任务02分类一致。"
REC_0517,10,,EryF (erythromycin biosynthesis),6-DEOXYERYTHRONOLIDE B,1Z8O,unknown,SUBSTRATE,SUBSTRATE,False,HIGH,A,True,False,"三方一致：Gemini文献(Km=13.66 µM, PMID:35174640) + Codex结构(Fe-C6=4.63A productive binding) 均确认为EryF的天然底物。与任务02分类一致。"
REC_0518,10,,EryF (erythromycin biosynthesis),OXYGEN MOLECULE,1Z8O,unknown,EXCLUDE,EXCLUDE,False,HIGH,A,True,False,三方一致：O2是P450酶的通用共底物(cosubstrate)，存在于所有P450催化反应中，不具备底物特异性信息，应排除。与任务02分类一致。
REC_0519,10,,PbdA (benzoic acid hydroxylase),4-METHOXYBENZOIC ACID,9G9Q,unknown,SUBSTRATE,SUBSTRATE,False,HIGH,B,False,False,"证据冲突但采纳Codex判断。Codex结构分析(Fe-C8=4.10A, substrate-like binding for O-demethylation)更可靠，Gemini可能误认PbdA为PobA。PbdA hydroxylates benzoic acid derivatives，4-methoxybenzoic acid是其底物。与任务02分类一致。"
REC_0520,10,,PbdA (benzoic acid hydroxylase),4-ethylbenzoic acid,9G9R,unknown,SUBSTRATE,SUBSTRATE,False,HIGH,B,True,False,三方一致：Gemini文献(PMID:38380926) + Codex结构(Fe-C9=3.58A substrate-like binding) 均确认为SUBSTRATE。与任务02分类一致。
REC_0521,10,,PbdA (benzoic acid hydroxylase),"3,4-dimethoxybenzoic acid",9G9S,unknown,SUBSTRATE,SUBSTRATE,False,HIGH,B,False,False,"证据冲突但采纳Codex判断。Codex结构分析(Fe-C8=4.12A, substrate-like binding for O-demethylation)显示底物结合模式。Gemini再次混淆PbdA和PobA。Veratric acid是PbdA的benzoic acid derivative底物。与任务02分类一致。"
REC_0522,10,,CYP8A1 (prostacyclin synthase),"6-PIPERIDIN-1-YLPYRIMIDINE-2,4-DIAMINE 3-OXIDE",3B6H,inhibitor,INHIBITOR,INHIBITOR,False,HIGH,A,True,False,三方一致：Gemini文献(PMID:7054919) + Codex结构(Fe-O=2.17A N-oxide ligation) + PDB header均确认为INHIBITOR。与任务02分类一致。
REC_0523,10,,P450_Q16678,2-PHENYL-4H-BENZO[H]CHROMEN-4-ONE,3PM0,unknown,INHIBITOR,INHIBITOR,False,HIGH,A,True,False,"三方一致：Gemini文献(Ki=2 nM, IC50=5-10 nM, PMID:9760021) + Codex结构(competitive active-site binding) 均确认为CYP1B1的强效抑制剂。与任务02分类一致。"
REC_0524,10,,CYP2A13 (NNK/nicotine metabolism),INDOLE,2P85,unknown,SUBSTRATE,SUBSTRATE,False,HIGH,B,True,False,"三方一致：Gemini文献(putative substrate, PMID:16849424) + Codex结构(Fe-C5=4.33A Type I binding) 均确认为SUBSTRATE。与任务02分类一致。"
REC_0525,10,,CYP2A13 (NNK/nicotine metabolism),"(3S,4R)-3-ethyl-4-[(1-methyl-1H-imidazol-5-yl)methyl]dihydrofuran-2(3H)-one",3T3S,unknown,INHIBITOR,INHIBITOR,False,HIGH,A,True,False,"三方一致：Gemini文献(Ki=1.4 µM, PMID:29484634) + Codex结构(Fe-N3=2.55A type-II) 均确认为INHIBITOR。与任务02分类一致。"
REC_0526,10,,CYP2A13 (NNK/nicotine metabolism),(S)-3-(1-METHYLPYRROLIDIN-2-YL)PYRIDINE,4EJG,unknown,SUBSTRATE,SUBSTRATE,False,HIGH,A,True,False,"三方一致：Gemini文献(Km=20.2 µM, kcat=8.7 min⁻¹, PMID:17088490) + Codex结构(substrate-like binding, no Fe-N coordination) 均确认尼古丁是CYP2A13的天然底物。与任务02分类一致。"
REC_0527,10,,CYP2A13 (NNK/nicotine metabolism),4-[methyl(nitroso)amino]-1-(pyridin-3-yl)butan-1-one,4EJI,unknown,SUBSTRATE,SUBSTRATE,False,HIGH,A,True,False,"采纳Gemini的SUBSTRATE分类（Km=2.1 µM, PMID:11007661）。虽然晶体结构显示pyridine N配位Fe（Fe-N=2.05A），但Codex自己指出这是nonproductive orientation，NNK是已知的CYP2A13代谢底物。晶体可能捕获了非生产性结合构象。与任务02分类一致。"
REC_0528,10,,CYP101C1 (Novosphingobium),"(2R,5R)-hexane-2,5-diol",3OFT,unknown,EXCLUDE,EXCLUDE,False,HIGH,A,False,False,"采纳Codex判断：Hexane-2,5-diol是结晶溶剂/沉淀剂，偶然占据活性位点，不是代谢底物。Gemini未考虑PDB上下文。与任务02分类一致。"
REC_0529,10,,CYP101C1 (Novosphingobium),"(3E)-4-(2,6,6-trimethylcyclohex-1-en-1-yl)but-3-en-2-one",3OFU,unknown,SUBSTRATE,SUBSTRATE,False,HIGH,B,True,False,三方一致：Gemini文献(PMID:21154803) + Codex结构(Fe-C3=5.62A type I binding) 均确认beta-ionone是CYP101C1的底物。与任务02分类一致。
REC_0530,10,,P450_Q2G8A2,CAMPHOR,3NV6,substrate,SUBSTRATE,SUBSTRATE,False,HIGH,A,True,False,"三方一致：Gemini文献(Km=1.6 µM, kcat=17 s⁻¹, PMID:8253811) + Codex结构(Fe-O=4.35A canonical substrate pose) 确认camphor是P450cam的天然底物。与任务02分类一致。"
REC_0531,10,,CYP101D1 (camphor monooxygenase),CYANIDE ION,4C9L,substrate,EXCLUDE,EXCLUDE,False,HIGH,A,True,False,三方一致：CN-是血红素铁配体(heme ligand)，用于探测实验，非催化底物。任务02正确地将其从substrate纠正为EXCLUDE。
REC_0532,10,,CYP101D1 (camphor monooxygenase),5-EXO-HYDROXYCAMPHOR,6WGW,substrate,PRODUCT,PRODUCT,False,HIGH,A,True,False,三方一致：5-exo-hydroxycamphor是camphor被CYP101D1羟化的产物(PRODUCT)，而非底物。任务02正确地从substrate纠正为PRODUCT。
REC_0533,10,,CYP101D1 (camphor monooxygenase),CAMPHOR,6WGW,substrate,SUBSTRATE,SUBSTRATE,False,HIGH,A,True,False,三方一致：Camphor是CYP101D1 camphor monooxygenase的天然底物，与REC_0530相同（同为P450cam类酶的canonical substrate）。与任务02分类一致。
REC_0534,10,,CYP199A4,"3,4-dimethoxybenzoic acid",4EGN,unknown,SUBSTRATE,SUBSTRATE,False,MEDIUM,B,True,False,三方一致：Veratric acid是CYP199A4底物，发生O-脱甲基反应。与任务02分类一致。
REC_0535,10,,CYP199A4,1H-indole-6-carboxylic acid,4EGO,unknown,SUBSTRATE,SUBSTRATE,False,MEDIUM,B,True,False,Indole-carboxylic acid是芳香羧酸，符合CYP199A4底物特征。与任务02分类一致。
REC_0536,10,,CYP199A4,naphthalene-2-carboxylic acid,4EGP,unknown,SUBSTRATE,SUBSTRATE,False,MEDIUM,B,True,False,Naphthalene-2-carboxylic acid是芳香羧酸，符合CYP199A4底物特征。与任务02分类一致。
REC_0537,10,,CYP199A4,4-propan-2-ylbenzoic acid,5KDB,unknown,SUBSTRATE,SUBSTRATE,False,HIGH,B,True,False,三方一致：4-isopropylbenzoic acid是CYP199A4底物。与任务02分类一致。
REC_0538,10,,CYP199A4,4-ethoxybenzoic acid,5U6T,unknown,SUBSTRATE,SUBSTRATE,False,HIGH,C,True,False,Codex确认SUBSTRATE（Fe-C02=4.17A）。4-ethoxybenzoic acid是benzoic acid derivative，符合CYP199A4底物特征。与任务02分类一致。
REC_0539,10,,CYP199A4,4-(methylamino)benzoic acid,5U6W,unknown,SUBSTRATE,SUBSTRATE,False,MEDIUM,C,True,False,Codex确认SUBSTRATE（Fe-N02=4.25A，氨基不配位Fe）。Benzoic acid derivative符合CYP199A4底物特征。与任务02分类一致。
REC_0540,10,,CYP199A4,4-cyclopropylbenzoic acid,5UVB,unknown,SUBSTRATE,SUBSTRATE,False,HIGH,C,True,False,Codex确认SUBSTRATE（Fe-C12=3.66A productive pose）。与任务02分类一致。
REC_0541,10,,CYP199A4,4-methoxybenzamide,5YQH,unknown,EXCLUDE,EXCLUDE,False,HIGH,A,True,False,三方一致：4-methoxybenzamide是amide而非carboxylic acid，CYP199A4需要羧酸基团形成盐桥。应排除。与任务02分类一致。
REC_0542,10,,CYP199A4,4-heptylbenzoic acid,6C3H,unknown,SUBSTRATE,SUBSTRATE,False,HIGH,B,True,False,4-heptylbenzoic acid是benzoic acid derivative，符合CYP199A4底物特征。与任务02分类一致。
REC_0543,10,,CYP199A4,4-(thiophen-3-yl)benzoic acid,6C3J,unknown,SUBSTRATE,SUBSTRATE,False,HIGH,B,True,False,4-(thiophen-3-yl)benzoic acid是benzoic acid derivative，符合CYP199A4底物特征。与任务02分类一致。
REC_0544,10,,CYP199A4,3-methoxybenzoic acid,6PQ6,unknown,SUBSTRATE,SUBSTRATE,False,MEDIUM,B,True,False,3-methoxybenzoic acid是benzoic acid derivative，符合CYP199A4底物特征。与任务02分类一致。
REC_0545,10,,CYP199A4,3-(methylsulfanyl)benzoic acid,6PQD,unknown,SUBSTRATE,SUBSTRATE,False,MEDIUM,B,True,False,3-(methylthio)benzoic acid是benzoic acid derivative，符合CYP199A4底物特征。与任务02分类一致。
REC_0546,10,,CYP199A4,4-METHYLBENZOIC ACID,6PQS,unknown,SUBSTRATE,SUBSTRATE,False,HIGH,B,True,False,4-methylbenzoic acid (p-toluic acid)是benzoic acid derivative，符合CYP199A4底物特征。与任务02分类一致。
REC_0547,10,,CYP199A4,3-methylbenzoic acid,6PQW,unknown,SUBSTRATE,SUBSTRATE,False,MEDIUM,B,True,False,3-methylbenzoic acid是benzoic acid derivative，符合CYP199A4底物特征。与任务02分类一致。
REC_0548,10,,CYP199A4,3-(methylamino)benzoic acid,6PRR,unknown,SUBSTRATE,SUBSTRATE,False,MEDIUM,B,True,False,3-(methylamino)benzoic acid是benzoic acid derivative，符合CYP199A4底物特征。与任务02分类一致。
REC_0549,10,,CYP199A4,3-ethoxybenzoic acid,6PRS,unknown,SUBSTRATE,SUBSTRATE,False,MEDIUM,B,True,False,3-ethoxybenzoic acid是benzoic acid derivative，符合CYP199A4底物特征。与任务02分类一致。
REC_0550,10,,CYP199A4,4-(pyridin-3-yl)benzoic acid,6U30,unknown,INHIBITOR,INHIBITOR,False,HIGH,A,True,False,三方一致：4-(pyridin-3-yl)benzoic acid的pyridine N直接配位Fe（Fe-N=2.19Å），形成type II抑制剂结合。PMID:32058707确认。与任务02分类一致。
REC_0551,10,,CYP199A4,4-(1H-imidazol-1-yl)benzoic acid,6U31,unknown,INHIBITOR,INHIBITOR,False,HIGH,A,True,False,三方一致：4-(1H-imidazol-1-yl)benzoic acid的imidazole N配位Fe（~2.24Å），Type II抑制剂。与任务02分类一致。
REC_0552,10,,CYP199A4,(E)-3-(4-methoxyphenyl)acrylic acid,6UNN,unknown,SUBSTRATE,SUBSTRATE,False,MEDIUM,B,True,False,芳香羧酸，符合CYP199A4底物特征。与任务02分类一致。
REC_0553,10,,CYP199A4,4-(2-methylpropyl)benzoic acid,6VJX,unknown,SUBSTRATE,SUBSTRATE,False,MEDIUM,B,True,False,4-isobutylbenzoic acid是benzoic acid derivative。与任务02分类一致。
REC_0554,10,,CYP199A4,4-ethenylbenzoic acid,6WZP,unknown,SUBSTRATE,SUBSTRATE,False,MEDIUM,B,True,False,4-vinylbenzoic acid是benzoic acid derivative。与任务02分类一致。
REC_0555,10,,CYP199A4,biphenyl-4-carboxylic acid,7JW5,unknown,SUBSTRATE,SUBSTRATE,False,HIGH,B,True,False,Biphenyl-4-carboxylic acid是芳香羧酸。与任务02分类一致。
REC_0556,10,,CYP199A4,"3'-methoxy[1,1'-biphenyl]-4-carboxylic acid",7JXB,unknown,SUBSTRATE,SUBSTRATE,False,MEDIUM,B,True,False,3'-methoxybiphenyl-4-carboxylic acid是biphenyl carboxylic acid derivative。与任务02分类一致。
REC_0557,10,,CYP199A4,"4-(1H-1,2,4-triazol-1-yl)benzoic acid",7N14,unknown,INHIBITOR,INHIBITOR,False,MEDIUM,B,True,False,"三方一致：4-(1H-1,2,4-triazol-1-yl)benzoic acid是INHIBITOR（PDB header确认），但不是classical type II（Fe-N=4.17A无配位）。与任务02分类一致。"
REC_0558,10,,CYP199A4,4-propylbenzoic acid,7R8S,unknown,SUBSTRATE,SUBSTRATE,False,HIGH,B,True,False,Benzoic acid derivative。与任务02分类一致。
REC_0559,10,,CYP199A4,4-ethylbenzoic acid,7R8T,unknown,SUBSTRATE,SUBSTRATE,False,HIGH,B,True,False,Benzoic acid derivative。与任务02分类一致。
REC_0560,10,,CYP199A4,4-phenoxybenzoic acid,7TND,unknown,SUBSTRATE,SUBSTRATE,False,HIGH,B,True,False,Benzoic acid derivative。与任务02分类一致。
REC_0561,10,,CYP199A4,4-cyclohexylbenzoic acid,7TNU,unknown,SUBSTRATE,SUBSTRATE,False,HIGH,B,True,False,Benzoic acid derivative。与任务02分类一致。
REC_0562,10,,CYP199A4,4-(ethylsulfanyl)benzoic acid,7TP5,unknown,SUBSTRATE,SUBSTRATE,False,MEDIUM,B,True,False,4-(ethylthio)benzoic acid是benzoic acid derivative。与任务02分类一致。
REC_0563,10,,CYP199A4,4-methylsulfanylbenzoic acid,7TQM,unknown,SUBSTRATE,SUBSTRATE,False,MEDIUM,B,True,False,4-(methylthio)benzoic acid是benzoic acid derivative。与任务02分类一致。
REC_0564,10,,CYP199A4,4-(furan-2-yl)benzoic acid,7TRT,unknown,SUBSTRATE,SUBSTRATE,False,HIGH,B,True,False,Benzoic acid derivative。与任务02分类一致。
REC_0565,10,,CYP199A4,4-(thiophen-2-yl)benzoic acid,7TRU,unknown,SUBSTRATE,SUBSTRATE,False,HIGH,B,True,False,Benzoic acid derivative。与任务02分类一致。
REC_0566,10,,CYP199A4,4-iodobenzoic acid,7TZM,unknown,SUBSTRATE,SUBSTRATE,False,HIGH,B,True,False,Halogenated benzoic acid。与任务02分类一致。
REC_0567,10,,CYP199A4,4-fluorobenzoic acid,7TZN,unknown,SUBSTRATE,SUBSTRATE,False,HIGH,B,True,False,Halogenated benzoic acid。与任务02分类一致。
REC_0568,10,,CYP199A4,4-CHLORO-BENZOIC ACID,7TZW,unknown,SUBSTRATE,SUBSTRATE,False,HIGH,B,True,False,Halogenated benzoic acid。与任务02分类一致。
REC_0569,10,,CYP199A4,4-(chloromethyl)benzoic acid,7TZX,unknown,SUBSTRATE,SUBSTRATE,False,HIGH,B,True,False,Benzoic acid derivative。与任务02分类一致。
REC_0570,10,,CYP199A4,4-(2-bromoethyl)benzoic acid,7TZY,unknown,SUBSTRATE,SUBSTRATE,False,HIGH,B,True,False,Benzoic acid derivative。与任务02分类一致。
REC_0571,11,,CYP199A4,4-(2-chloroethyl)benzoic acid,7U00,SUBSTRATE,SUBSTRATE,SUBSTRATE,False,MEDIUM,C,True,False,虽无直接文献证据，Codex结构分析明确支持SUBSTRATE分类。配体为对位取代苯甲酸，符合CYP199A4底物特性，活性位点结合呈Type I模式。
REC_0572,11,,CYP199A4,4-benzoylbenzoic acid,8D39,SUBSTRATE,SUBSTRATE,INHIBITOR,True,HIGH,B,False,False,任务02错误：将INHIBITOR误判为SUBSTRATE。文献证据(PMID:26053303)明确指出4-benzoylbenzoic acid诱导Type II光谱位移且不被野生型酶代谢。虽然Codex结构未显示直接Fe配位，但观察到轴向水保持结合(Fe-OH2=2.13Å)，与文献描述的酮基-heme水配位一致。采纳文献证据，纠正为INHIBITOR。
REC_0573,11,,CYP199A4,4-butylbenzoic acid,8E5J,SUBSTRATE,SUBSTRATE,SUBSTRATE,False,HIGH,A,True,False,Gemini文献(PMID:36268769)和Codex结构分析均确认为SUBSTRATE。文献提供定量数据(Kd<0.6µM)及代谢产物分布(45%苄基氧化+55%脱饱和)，结构显示典型Type I底物结合模式。
REC_0574,11,,CYP199A4,Mesoheme,8E5J,EXCLUDE,EXCLUDE,EXCLUDE,False,HIGH,A,True,False,Gemini和Codex均确认Mesoheme为P450辅因子/辅基，非底物/抑制剂/产物。Codex结构显示Fe被保守Cys358硫醇配位，符合P450催化heme特征。正确分类为EXCLUDE。
REC_0575,11,,CYP199A4,4-[(2S)-2-hydroxy-3-oxobutan-2-yl]benzoic acid,8G35,PRODUCT,PRODUCT,PRODUCT,False,MEDIUM,C,True,False,虽无直接文献，Codex结构分析明确支持PRODUCT分类。配体含羟基(-OH)结构，不置换轴向水(Fe-OH2=2.01Å)，符合CYP199A4羟基化产物特征。推测为4-(3-oxobutan-2-yl)benzoic acid的羟基化产物。
REC_0576,11,,CYP199A4,terephthalic acid,8G36,EXCLUDE,EXCLUDE,EXCLUDE,False,MEDIUM,B,False,False,"虽Gemini文献显示terephthalic acid是F182L突变体的C-C裂解产物，但对野生型CYP199A4无功能意义。Codex结构显示分子占据活性位点但呈非生产性结合。terephthalic acid(1,4-benzenedicarboxylic acid)高度氧化，不是野生型底物。任务02正确判断为EXCLUDE。"
REC_0577,11,,CYP199A4,4-methoxy-3-oxidanyl-benzoic acid,8HGB,PRODUCT,PRODUCT,PRODUCT,False,HIGH,A,True,False,Gemini文献和Codex结构均确认为PRODUCT。isovanillic acid (3-hydroxy-4-methoxybenzoic acid)是F182G突变体催化veratric acid meta-O-去甲基化的产物。结构显示典型产物复合物特征（保留轴向水，非Fe配位）。
REC_0578,11,,CYP199A4,4-(pyridin-2-yl)benzoic acid,8TAW,INHIBITOR,INHIBITOR,INHIBITOR,False,MEDIUM,B,False,False,Gemini和Codex分类不同。Gemini文献(PMID:32677463)显示该分子诱导Type II光谱位移(422nm)，通常表明抑制剂行为。但Codex结构分析显示Fe-N=4.28Å太远，无典型Type II配位。这是atypical case：光谱上像INHIBITOR，结构上像SUBSTRATE。采纳文献光谱证据，分类为INHIBITOR（atypical Type II binder）。
REC_0579,11,,CYP199A4,4-benzylbenzoic acid,8TNK,SUBSTRATE,SUBSTRATE,SUBSTRATE,False,HIGH,A,True,False,Gemini文献(PMID:36043399)和Codex结构分析均确认为SUBSTRATE。定量数据Kd=5.2±0.25µM。WT CYP199A4催化苄基氧化，结构显示典型底物结合模式。
REC_0580,11,,CYP199A4,4-propanoylbenzoic acid,8VKF,SUBSTRATE,SUBSTRATE,SUBSTRATE,False,HIGH,A,False,False,Gemini文献(PMID:37987176)明确确认为SUBSTRATE，Kd=9.1µM。Codex误判为PRODUCT，因为配体本身含酮基，但该酮基是4-propanoylbenzoic acid固有结构，CYP199A4将其羟基化生成α-hydroxyketone产物。采纳文献证据。
REC_0581,11,,CYP199A4,4-(2-oxopropyl)benzoic acid,8VL0,SUBSTRATE,SUBSTRATE,SUBSTRATE,False,HIGH,A,True,False,Gemini文献和Codex结构均确认为SUBSTRATE。Kd=80µM表明结合亲和力较低但仍为底物。
REC_0582,11,,CYP199A4,4-(trifluoromethoxy)benzoic acid,8VOC,SUBSTRATE,SUBSTRATE,SUBSTRATE,False,MEDIUM,B,False,False,Gemini和Codex不一致。Codex指出CF3基团不可氧化，但该分子仍可能作为底物（通过去甲基化等途径）。基于para-substituted benzoic acid是CYP199A4典型底物类别，暂采纳SUBSTRATE，但置信度MEDIUM。
REC_0583,11,,CYP199A4,P-HYDROXYBENZOIC ACID,8VOK,SUBSTRATE,SUBSTRATE,PRODUCT,True,HIGH,A,True,False,任务02错误：将PRODUCT误判为SUBSTRATE。p-Hydroxybenzoic acid是4-methoxybenzoic acid O-去甲基化的产物，不是底物。Gemini(Kd=458µM)和Codex结构(轴向水保留)均确认为PRODUCT。纠正分类。
REC_0584,11,,CYP199A4,4-(hydroxymethyl)benzoic acid,8VOT,PRODUCT,PRODUCT,PRODUCT,False,HIGH,B,True,False,Gemini和Codex均确认为PRODUCT。4-(hydroxymethyl)benzoic acid是4-methylbenzoic acid羟基化的产物。结构显示轴向水保留，符合产物特征。
REC_0585,11,,CYP199A4,4-METHOXYBENZOIC ACID,9DOE,SUBSTRATE,SUBSTRATE,SUBSTRATE,False,HIGH,A,True,False,Gemini和Codex均确认为SUBSTRATE。4-methoxybenzoic acid是CYP199A4的经典底物，Kd=0.28µM，被O-去甲基化生成4-hydroxybenzoic acid。
REC_0586,11,,CYP199A4,4-tert-butylbenzoic acid,9DX9,SUBSTRATE,SUBSTRATE,SUBSTRATE,False,HIGH,A,True,False,Gemini和Codex均确认为SUBSTRATE。Kd=39µM，结构显示轴向水置换，典型底物结合模式。
REC_0587,11,,CYP51 (T. brucei),Fluconazole,2WV2,INHIBITOR,INHIBITOR,INHIBITOR,False,HIGH,A,True,False,Gemini和Codex均确认为INHIBITOR。Fluconazole是FDA批准的唑类抗真菌药，通过三唑氮配位heme铁(Fe-N=1.98Å)抑制CYP51。
REC_0588,11,,CYP51 (T. brucei),Posaconazole,2X2N,INHIBITOR,INHIBITOR,INHIBITOR,False,HIGH,A,True,False,Gemini和Codex均确认为INHIBITOR。Posaconazole是FDA批准的广谱唑类抗真菌药，Fe-N=2.06Å。
REC_0589,11,,CYP51 (T. brucei),VNI,3GW9,INHIBITOR,INHIBITOR,INHIBITOR,False,HIGH,A,True,False,Gemini和Codex均确认为INHIBITOR。VNI是实验性CYP51抑制剂，Fe-N=2.03Å。
REC_0590,11,,CYP51 (T. brucei),Lanosterol analog,3P99,SUBSTRATE,SUBSTRATE,SUBSTRATE,False,MEDIUM,B,True,False,Gemini和Codex均确认为SUBSTRATE。但原始CSV标注为product，配体名为30-cyclopropylidenelanost-7-en-3-ol（环丙基修饰的羊毛甾醇）。CYP51催化C14去甲基化，该修饰物可能是底物类似物。需人工确认是底物还是产物。
REC_0591,11,,CYP51 (T. brucei),JKF,3TIK,INHIBITOR,INHIBITOR,INHIBITOR,False,HIGH,A,True,False,Gemini和Codex均确认为INHIBITOR。Fe-N=2.05Å，典型Type II抑制剂。
REC_0592,11,,CYP51 (T. brucei),18I,4BJK,INHIBITOR,INHIBITOR,INHIBITOR,False,HIGH,A,True,False,Gemini和Codex均确认为INHIBITOR。Fe-N=1.87Å，非常紧密的Fe-N配位。
REC_0593,11,,CYP51 (T. brucei),VNT,4G3J,INHIBITOR,INHIBITOR,INHIBITOR,False,HIGH,A,True,False,Gemini和Codex均确认为INHIBITOR。Fe-N=2.21Å。
REC_0594,11,,CYP51 (T. brucei),VFV,4G7G,INHIBITOR,INHIBITOR,INHIBITOR,False,HIGH,A,True,False,Gemini和Codex均确认为INHIBITOR。Fe-N=1.99Å。
REC_0595,11,,CYP74 Allene Oxide Synthase,"13-hydroxyoctadeca-9,11-dienoic acid",3DBM,SUBSTRATE,SUBSTRATE,SUBSTRATE,False,HIGH,A,False,False,Gemini标注为INHIBITOR但说明是Substrate Analogue，Codex标注为SUBSTRATE (substrate analog)。13-hydroxy fatty acid是allene oxide synthase的底物类似物。采纳SUBSTRATE分类。
REC_0596,11,,CYP154E1,4-PHENYL-1H-IMIDAZOLE,8RTV,INHIBITOR,INHIBITOR,INHIBITOR,False,HIGH,A,True,False,Gemini和Codex均确认为INHIBITOR。4-phenylimidazole是经典P450 Type II抑制剂，Fe-N=2.03Å。
REC_0597,11,,CYP119,4-PHENYL-1H-IMIDAZOLE,1F4T,INHIBITOR,INHIBITOR,INHIBITOR,False,HIGH,A,True,False,Gemini和Codex均确认为INHIBITOR。Fe-N=2.13Å。
REC_0598,11,,CYP119,4-(4-bromophenyl)-1H-imidazole,4TT5,INHIBITOR,INHIBITOR,INHIBITOR,False,HIGH,A,True,False,Gemini和Codex均确认为INHIBITOR。Fe-N=1.99Å。
REC_0599,11,,CYP119,4-(4-CHLOROPHENYL)IMIDAZOLE,4TUV,INHIBITOR,INHIBITOR,INHIBITOR,False,HIGH,A,True,False,Gemini和Codex均确认为INHIBITOR。Fe-N=1.91Å，非常紧密的配位。
REC_0600,11,,CYP119,4-(4-fluorophenyl)-1H-imidazole,4WPD,INHIBITOR,INHIBITOR,INHIBITOR,False,HIGH,A,True,False,Gemini和Codex均确认为INHIBITOR。Fe-N=1.95Å。
REC_0601,11,,MycG,BENZAMIDINE,2Y46,EXCLUDE,EXCLUDE,EXCLUDE,False,HIGH,A,True,False,Gemini和Codex均确认为EXCLUDE。Benzamidine远离活性位点(Fe-N=28.12Å)，是结晶添加剂。
REC_0602,11,,MycG,MYCINAMICIN V,2Y5N,PRODUCT,PRODUCT,PRODUCT,False,MEDIUM,B,False,False,Gemini和Codex均标注为SUBSTRATE，但任务02标注为PRODUCT。Mycinamicin V在生物合成途径中既可能是某步反应的产物，也可能是下一步的底物。基于任务02注释，保留PRODUCT分类，但需注意该分子在途径中可能有双重角色。
REC_0603,11,,MycG,MYCINAMICIN IV,2Y98,SUBSTRATE,SUBSTRATE,SUBSTRATE,False,HIGH,A,True,False,Gemini和Codex均确认为SUBSTRATE。Mycinamicin IV是mycinamicin生物合成途径的底物。
REC_0604,11,,MycG,SUCCINIC ACID,2YCA,EXCLUDE,EXCLUDE,EXCLUDE,False,HIGH,A,True,False,Gemini和Codex均确认为EXCLUDE。Succinic acid是结晶添加剂。
REC_0605,11,,MycG,MYCINAMICIN III,2YCA,SUBSTRATE,SUBSTRATE,SUBSTRATE,False,MEDIUM,B,True,False,Gemini和Codex均确认为SUBSTRATE。Mycinamicin III是途径中的生物合成前体。
REC_0606,11,,OleP,Clotrimazole,4XE3,INHIBITOR,INHIBITOR,INHIBITOR,False,HIGH,A,True,False,Gemini和Codex均确认为INHIBITOR。Clotrimazole是FDA批准的唑类抗真菌药，Fe-N=1.96Å。
REC_0607,11,,OleP,Oleandolide (DEO),6ZHZ,SUBSTRATE,SUBSTRATE,SUBSTRATE,False,HIGH,A,True,False,"Gemini文献(PMID:33036250)和Codex结构均确认为SUBSTRATE。Oleandolide (8,8a-deoxyoleandolide)是OleP的天然中间体底物，Fe-C=3.56Å，活性位点结合。"
REC_0608,11,,OleP,alpha-L-rhamnopyranose,6ZI3,EXCLUDE,EXCLUDE,EXCLUDE,False,HIGH,A,True,False,Gemini和Codex均确认为EXCLUDE。alpha-L-rhamnopyranose是糖类似物/片段，用于研究OleP糖结合口袋，Fe-C=10.74Å远离活性位点，非催化底物。
REC_0609,11,,OleP,6-DEOXYERYTHRONOLIDE B,7Q89,SUBSTRATE,SUBSTRATE,SUBSTRATE,False,MEDIUM,B,True,False,Gemini文献(PMID:35053203)和Codex结构均确认为SUBSTRATE。但需注意这是G92W突变体特异性底物，WT OleP活性极低。6-deoxyerythronolide B是红霉素前体，Fe-C=3.95Å。
REC_0610,11,,OleP,TESTOSTERONE,8QRD,SUBSTRATE,SUBSTRATE,SUBSTRATE,False,MEDIUM,B,True,False,Gemini文献(PMID:38971159)和Codex结构均确认为SUBSTRATE。OleP非特异性羟基化testosterone，Kd ~ μM，Fe-C=4.37Å。OleP表现出对类固醇底物的混杂催化活性。
REC_0611,11,,OleP,Lithocholic acid,8QYI,SUBSTRATE,SUBSTRATE,SUBSTRATE,False,MEDIUM,B,True,False,Gemini文献(PMID:38971159)和Codex结构均确认为SUBSTRATE。OleP将lithocholic acid高选择性转化为murideoxycholic acid，Fe-C=4.16Å。
REC_0612,11,,CYP120A1,RETINOIC ACID,2VE3,SUBSTRATE,SUBSTRATE,SUBSTRATE,False,HIGH,A,True,False,Gemini文献(PMID:18370404)和Codex结构均确认为SUBSTRATE。CYP120A1是视黄酸羟化酶，Kd<1μM，Fe-C=4.37Å。
REC_0613,11,,CYP154C5,Pregnenolone,4J6B,SUBSTRATE,SUBSTRATE,SUBSTRATE,False,HIGH,A,True,False,Gemini文献(PMID:23927506)和Codex结构均确认为SUBSTRATE。CYP154C5是高选择性类固醇单加氧酶，Kd=10-100nM，催化pregnenolone 16α-羟基化，Fe-C=4.44Å。
REC_0614,11,,CYP154C5,PROGESTERONE,4J6C,SUBSTRATE,SUBSTRATE,SUBSTRATE,False,HIGH,A,True,False,Gemini文献(PMID:23927506)和Codex结构均确认为SUBSTRATE。Progesterone是CYP154C5高亲和力底物，Kd=10-100nM，16α-羟基化，Fe-C=4.30Å。
REC_0615,11,,CYP154C5,4-ANDROSTENE-3-17-DIONE,4JBT,SUBSTRATE,SUBSTRATE,SUBSTRATE,False,HIGH,A,True,False,"Gemini文献(PMID:23927506)和Codex结构均确认为SUBSTRATE。4-androstene-3,17-dione (androstenedione)是CYP154C5底物，Kd=10-100nM，16α-羟基化，Fe-C=4.24Å。"
REC_0616,11,,CYP154C5,5a-androstan-3-one,6TO2,SUBSTRATE,SUBSTRATE,SUBSTRATE,False,HIGH,A,True,False,Gemini文献(PMID:32243752)和Codex结构均确认为SUBSTRATE。5α-androstan-3-one是CYP154C5超高亲和力底物，Kd=20±16nM，催化15α-羟基化（不同于其他类固醇的16α-羟基化），Fe-C=4.32Å。
REC_0617,11,,CYP154C5,CADMIUM ION,9KG5,EXCLUDE,EXCLUDE,EXCLUDE,False,HIGH,A,True,False,Gemini和Codex均确认为EXCLUDE。Cadmium ion是金属离子，Fe-Cd=26.75Å远离活性位点，是结晶/结构辅助离子，非底物/抑制剂。
REC_0618,11,,CYP154C5,TESTOSTERONE,9KG5,SUBSTRATE,SUBSTRATE,SUBSTRATE,False,HIGH,A,True,False,Gemini和Codex均确认为SUBSTRATE。CYP154C5是类固醇羟化酶（PMID:23927506），testosterone是典型类固醇底物，Fe-C=4.35Å，轴向水置换。
REC_0619,11,,CYP51 (M. capsulatus),Detergent JDJ,6MCW,EXCLUDE,EXCLUDE,EXCLUDE,False,HIGH,A,True,False,Gemini和Codex均确认为EXCLUDE。JDJ是结晶洗涤剂，虽位于活性位点附近(Fe-C=4.21Å)，但轴向水保留(Fe-OH2=2.38Å)，不是功能性配体。任务02正确标注（原始标注为product但被纠正为EXCLUDE）。
REC_0620,11,,CYP51 (M. capsulatus),CETYL-TRIMETHYL-AMMONIUM,7JJ1,EXCLUDE,EXCLUDE,EXCLUDE,False,HIGH,A,True,False,Gemini和Codex均确认为EXCLUDE。Cetyltrimethylammonium是结晶洗涤剂/表面活性剂，Fe-C=6.54Å，不在功能性结合位置。
REC_0621,11,,CYP51 (M. capsulatus),LANOSTEROL,7SNM,SUBSTRATE,SUBSTRATE,SUBSTRATE,False,HIGH,A,True,False,Gemini和Codex均确认为SUBSTRATE。Lanosterol是CYP51的天然底物，被14α-去甲基化。Fe-C=4.17Å，轴向水置换，典型底物结合模式。
REC_0622,11,,CYP199A2-like,4-METHOXYBENZOIC ACID,4DNJ,SUBSTRATE,SUBSTRATE,SUBSTRATE,False,HIGH,A,True,False,Gemini和Codex均确认为SUBSTRATE。CYP199A2-like与CYP199A4同属芳香酸羟化酶家族，4-methoxybenzoic acid是对位取代苯甲酸，Fe-C=3.91Å，典型底物结合。
REC_0623,11,,P450_Q70AS3,Bisphenol A,5IT1,SUBSTRATE,SUBSTRATE,EXCLUDE,True,HIGH,A,True,False,任务02错误：将EXCLUDE误判为SUBSTRATE。Gemini无文献支持，Codex结构明确显示Bisphenol A远离heme (Fe-O=11.28Å)，不在催化口袋。纠正为EXCLUDE。
REC_0624,11,,P450_Q70KH6,Cyclopropyl pyrimidine,3P3Z,SUBSTRATE,SUBSTRATE,INHIBITOR,True,HIGH,A,True,False,任务02错误：将INHIBITOR误判为SUBSTRATE。Gemini和Codex均确认为INHIBITOR。吡啶氮配位heme铁(Fe-N=2.40Å)，典型Type II抑制剂。纠正分类。
REC_0625,11,,P450_Q746J6,"S,R MESO-TARTARIC ACID",1N97,EXCLUDE,EXCLUDE,EXCLUDE,False,HIGH,A,True,False,Gemini和Codex均确认为EXCLUDE。meso-Tartaric acid是结晶添加剂/缓冲液成分，Fe-O=13.81Å远离活性位点，非功能性配体。
REC_0626,11,,CYP51 (T. cruzi),Fluconazole,2WX2,INHIBITOR,INHIBITOR,INHIBITOR,False,HIGH,A,True,False,Gemini和Codex均确认为INHIBITOR。Fluconazole是FDA批准的唑类抗真菌药，抑制T. cruzi CYP51，Fe-N=2.06Å，用于治疗Chagas病（南美锥虫病）。
REC_0627,12,Q7Z1V1,CYP51 (T. cruzi),Posaconazole analog POZ,3K1O,INHIBITOR,INHIBITOR,INHIBITOR,False,HIGH,A,True,False,"Gemini文献(IC50=0.25nM, PMID:20558755) + Codex结构(Fe-N=2.05Å, Type II binding) 均确认为INHIBITOR。与verified_class一致。"
REC_0628,12,Q7Z1V1,CYP51 (T. cruzi),UDO,3ZG2,INHIBITOR,INHIBITOR,INHIBITOR,False,HIGH,A,True,False,"Gemini文献(Kd=19nM, PMID:24047900) + Codex结构(Fe-N=2.31Å, Type II) 均确认为INHIBITOR。与verified_class一致。"
REC_0629,12,Q7Z1V1,CYP51 (T. cruzi),UDD,3ZG3,INHIBITOR,INHIBITOR,INHIBITOR,False,HIGH,A,True,False,"Gemini文献(Kd=32nM, PMID:24047900) + Codex结构(Fe-N=2.34Å, Type II) 均确认为INHIBITOR。与verified_class一致。"
REC_0630,12,Q7Z1V1,CYP51 (T. cruzi),TU1,4BMM,INHIBITOR,INHIBITOR,INHIBITOR,False,HIGH,A,True,False,"Gemini文献(Kd=42nM, EC50<1nM, PMID:25479061) + Codex结构(Fe-N=2.12Å, Type II) 均确认为INHIBITOR。与verified_class一致。"
REC_0631,12,Q7Z1V1,CYP51 (T. cruzi),WVH,4C0C,INHIBITOR,INHIBITOR,INHIBITOR,False,HIGH,A,True,False,"Gemini文献(EC50=14-18nM, PMID:25479061) + Codex结构(Fe-N=2.16Å, Type II) 均确认为INHIBITOR。与verified_class一致。"
REC_0632,12,Q7Z1V1,CYP51 (T. cruzi),26N,4C27,INHIBITOR,INHIBITOR,INHIBITOR,False,HIGH,A,True,False,"Gemini文献(Kd=42nM, EC50<20nM, PMID:25479061) + Codex结构(Fe-N=2.05Å, Type II) 均确认为INHIBITOR。与verified_class一致。"
REC_0633,12,Q7Z1V1,CYP51 (T. cruzi),TW5,4C28,INHIBITOR,INHIBITOR,INHIBITOR,False,HIGH,A,True,False,"Gemini文献(IC50=3.3μM, PMID:25393646) + Codex结构(Fe-N=2.12Å, Type II) 均确认为INHIBITOR。与verified_class一致。"
REC_0634,12,Q7Z1V1,CYP51 (T. cruzi),LFD,4CK8,INHIBITOR,INHIBITOR,INHIBITOR,False,HIGH,A,True,False,"Gemini文献(nanomolar Kd/EC50, PMID:25033013) + Codex结构(Fe-N=2.02Å, Type II) 均确认为INHIBITOR。与verified_class一致。"
REC_0635,12,Q7Z1V1,CYP51 (T. cruzi),LFT,4CK9,INHIBITOR,INHIBITOR,INHIBITOR,False,HIGH,A,True,False,"Gemini文献(EC50 in low nM, PMID:25033013) + Codex结构(Fe-N=2.03Å, Type II) 均确认为INHIBITOR。与verified_class一致。"
REC_0636,12,Q7Z1V1,CYP51 (T. cruzi),LFS,4CKA,INHIBITOR,INHIBITOR,INHIBITOR,False,HIGH,A,True,False,"Gemini文献(Kd=107nM, EC50=5.5nM, PMID:25029051) + Codex结构(Fe-N=2.02Å, Type II) 均确认为INHIBITOR。与verified_class一致。"
REC_0637,12,Q7Z1V1,CYP51 (T. cruzi),T9H,4COH,INHIBITOR,INHIBITOR,INHIBITOR,False,HIGH,A,True,False,"Gemini文献(IC50<1nM, PMID:24771705) + Codex结构(Fe-N=2.09Å, Type II) 均确认为INHIBITOR。与verified_class一致。"
REC_0638,12,Q7Z1V1,CYP51 (T. cruzi),NEE,4H6O,INHIBITOR,INHIBITOR,INHIBITOR,False,HIGH,A,True,False,"Gemini文献(EC50=23nM, PMID:23533722) + Codex结构(Fe-N=2.04Å, Type II) 均确认为INHIBITOR。与verified_class一致。"
REC_0639,12,Q7Z1V1,CYP51 (T. cruzi),25S,4UQH,INHIBITOR,INHIBITOR,INHIBITOR,False,HIGH,A,True,False,"Gemini文献(EC50=1nM, Kd<1nM, PMID:25101801) + Codex结构(Fe-N=2.20Å, Type II) 均确认为INHIBITOR。与verified_class一致。"
REC_0640,12,Q7Z1V1,CYP51 (T. cruzi),J5Y,4UVR,INHIBITOR,INHIBITOR,INHIBITOR,False,HIGH,A,True,False,"Gemini文献(high in vivo potency, PMID:25101801) + Codex结构(Fe-N=2.09Å, Type II) 均确认为INHIBITOR。与verified_class一致。"
REC_0641,12,Q7Z1V1,CYP51 (T. cruzi),VT1,5AJR,INHIBITOR,INHIBITOR,INHIBITOR,False,HIGH,A,True,False,"Gemini文献(Kd=24nM, EC50=2.5nM, PMID:26643331) + Codex结构(Fe-N=2.21Å, Type II) 均确认为INHIBITOR。与verified_class一致。"
REC_0642,12,Q81BF4,P450_Q81BF4,PALMITIC ACID,8HKJ,SUBSTRATE,SUBSTRATE,EXCLUDE,True,MEDIUM,C,False,False,任务02错误：将EXCLUDE误判为SUBSTRATE。证据冲突：Gemini基于CYP102家族功能判断为底物，但Codex结构显示棕榈酸距离Fe=24.91Å，位于外周表面而非活性位点，无催化构象。采纳Codex结构证据，更正为EXCLUDE。可能是结晶artifact。标记需人工复审。
REC_0643,12,Q825I8,P450_Q825I8,Diclofenac,4UBS,SUBSTRATE,SUBSTRATE,SUBSTRATE,False,HIGH,A,True,False,"Gemini文献(Km=190μM, kcat=21.6/min, PMID:25002582) + Codex结构(Fe-distance=4.83Å, substrate-like pose) 均确认为SUBSTRATE。与verified_class一致。"
REC_0644,12,Q82D73,P450_Q82D73,OLEIC ACID,7WZM,SUBSTRATE,SUBSTRATE,SUBSTRATE,False,HIGH,A,True,False,"Gemini文献(Km=10μM, kcat=14.5/min, PMID:35587372) + Codex结构(Fe-distance=4.63Å, substrate pose) 均确认为SUBSTRATE。与verified_class一致。"
REC_0645,12,Q82GL5,CYP154C2 (steroid hydroxylase),TESTOSTERONE,7CL8,SUBSTRATE,SUBSTRATE,SUBSTRATE,False,HIGH,A,True,False,"Gemini文献(Km=0.16mM, kcat=4.45/min, PMID:33273397) + Codex结构(Fe-distance=4.63Å, substrate pose) 均确认为SUBSTRATE。与verified_class一致。"
REC_0646,12,Q82GL5,CYP154C2 (steroid hydroxylase),4-ANDROSTENE-3-17-DIONE,7CL9,SUBSTRATE,SUBSTRATE,SUBSTRATE,False,HIGH,A,True,False,"Gemini文献(Kd=13.1μM, PMID:33273397) + Codex结构(Fe-distance=4.69Å, substrate pose) 均确认为SUBSTRATE。与verified_class一致。"
REC_0647,12,Q82LM3,P450_Q82LM3,LAURIC ACID,5CWE,SUBSTRATE,SUBSTRATE,INHIBITOR,True,MEDIUM,B,False,False,"任务02错误：将INHIBITOR误判为SUBSTRATE。Gemini文献(PMID:27890672)明确：lauric acid结合活性位点(Type I, Kd=111μM)但没有代谢产物形成(NOT metabolized)。Codex结构显示活性位点结合。分类为INHIBITOR（竞争性抑制类似行为：结合但不转化）。边界案例需人工复审。"
REC_0648,12,Q83WF5,MycCI (mycinamicin biosynthesis),Mycinamicin VIII,5FOI,SUBSTRATE,SUBSTRATE,SUBSTRATE,False,HIGH,A,True,False,"Gemini文献(PMID:27420774确认底物) + Codex结构(Fe-distance=3.96Å, substrate pose) 均确认为SUBSTRATE。与verified_class一致。"
REC_0649,12,Q83WF5,MycCI (mycinamicin biosynthesis),SPERMIDINE,5FOI,EXCLUDE,EXCLUDE,EXCLUDE,False,HIGH,A,True,False,"Gemini通用知识(Spermidine常作为结晶添加剂) + Codex结构(Fe-distance=23.63Å, surface binding) 均确认为EXCLUDE。与verified_class一致。"
REC_0650,12,Q8GGM6,P450_Q8GGM6,PEG,4Z5Q,EXCLUDE,EXCLUDE,EXCLUDE,False,HIGH,A,True,False,"Gemini通用知识(PEG是crystallization additive) + Codex结构(PEG with high B-factors, not physiological) 均确认为EXCLUDE。与verified_class一致。"
REC_0651,12,Q8NSW2,CYP_CREJ (C. glutamicum),4-methylphenyl phosphate,5GWE,SUBSTRATE,SUBSTRATE,SUBSTRATE,False,MEDIUM,B,True,False,"Codex结构(Fe-distance=4.72Å, substrate-like pose) 确认为SUBSTRATE analog。Gemini文献搜索未找到明确数据。与verified_class一致。Medium confidence due to phosphate group (可能是底物类似物而非天然底物)。"
REC_0670,12,Q9FCA6,CYP158A2 (biflaviolin synthase),FLAVIOLIN,1T93,SUBSTRATE,SUBSTRATE,SUBSTRATE,False,HIGH,A,True,False,"Gemini(native substrate) + Codex(Fe=4.59Å, substrate pose for coupling) 均确认为SUBSTRATE。与verified_class一致。"
REC_0652,12,Q8NSW2,CYP_CREJ (C. glutamicum),4-ethylphenyl phosphate,5XJN,SUBSTRATE,SUBSTRATE,SUBSTRATE,False,MEDIUM,B,True,False,"Gemini(SUBSTRATE analog) + Codex(Fe=3.79Å, substrate pose) 确认为SUBSTRATE。与verified_class一致。Medium confidence due to phosphate group."
REC_0653,12,Q8NSW2,CYP_CREJ (C. glutamicum),3-ethylphenyl phosphate,7CCF,SUBSTRATE,SUBSTRATE,SUBSTRATE,False,MEDIUM,B,True,False,"Gemini(SUBSTRATE analog) + Codex(Fe=3.67Å, substrate pose) 确认为SUBSTRATE。与verified_class一致。"
REC_0654,12,Q8VS75,TxtC (thaxtomin biosynthesis),Nitroindole DKP isomer,6F0B,SUBSTRATE,SUBSTRATE,SUBSTRATE,False,HIGH,A,True,False,"Gemini(SUBSTRATE) + Codex(Fe=4.44Å, productive C-H oxidation pose) 确认为SUBSTRATE。与verified_class一致。"
REC_0655,12,Q8VS75,TxtC (thaxtomin biosynthesis),Nitroindole DKP substrate,6F0C,SUBSTRATE,SUBSTRATE,SUBSTRATE,False,HIGH,A,True,False,Gemini(native SUBSTRATE) + Codex(Fe=4.51Å with O2 bound) 确认为SUBSTRATE。与verified_class一致。
REC_0656,12,Q8VS75,TxtC (thaxtomin biosynthesis),OXYGEN MOLECULE,6F0C,EXCLUDE,,EXCLUDE,False,HIGH,A,unanimous,False,Molecular oxygen is the universal P450 cosubstrate/oxidant. It binds heme Fe at 2.50A as distal axial ligand. Not an organic substrate for specificity studies. EXCLUDE.
REC_0657,12,Q93H81,CYP105P1/PimD (filipin pathway),Filipin product,3ABA,PRODUCT,,SUBSTRATE,True,HIGH,A,unanimous,False,"Task02 ERROR: PRODUCT→SUBSTRATE. Structure 3ABA contains filipin I (C35H58O9), not hydroxylated product. C26 positioned at 4.99A from Fe for hydroxylation. PMID 20154086 explicitly calls this ""filipin I substrate complex""."
REC_0658,12,Q93H81,CYP105P1/PimD (filipin pathway),4-PHENYL-1H-IMIDAZOLE,3E5K,INHIBITOR,,INHIBITOR,False,HIGH,A,unanimous,False,4-phenylimidazole is classic P450 Type II inhibitor. Fe-N=1.91A confirms direct heme coordination. INHIBITOR.
REC_0659,12,Q93HJ0,P450_Q93HJ0,Oligomycin A,4WQ0,SUBSTRATE,,PRODUCT,True,HIGH,A,unanimous,False,"Task02 ERROR: SUBSTRATE→PRODUCT. OlmA converts Oligomycin C to A. Structure shows Oligomycin A at 8-17A from Fe, far from catalytic distance (4-6A). Non-productive/product binding. PRODUCT."
REC_0660,12,Q93NX6,P450_Q93NX6,Amphotericin B,7SHI,SUBSTRATE,,PRODUCT,True,HIGH,A,unanimous,False,Task02 ERROR: SUBSTRATE→PRODUCT. AmphL converts 8-deoxyamphotericin B to amphotericin B. Structure shows C47H73NO17 (hydroxylated product). PRODUCT.
REC_0661,12,Q93VK5,P450_Q93VK5,RETINAL,6J95,SUBSTRATE,,SUBSTRATE,False,MEDIUM,B,unanimous,False,Retinal shows substrate-like binding (C3-Fe=4.33A). CYP97A3 can hydroxylate retinal despite not being physiological substrate. SUBSTRATE with medium confidence (analog).
REC_0662,12,Q96242,Allene Oxide Synthase (CYP74A),13-hydroxy fatty acid substrate analog,3DSI,SUBSTRATE,,INHIBITOR,True,MEDIUM,B,unanimous,False,"Task02 ERROR: SUBSTRATE→INHIBITOR. CYP74A/AOS requires 13-HYDROPEROXYlinolenic acid (-OOH). Ligand is 13-HYDROXYlinolenic acid (-OH only), non-reactive substrate analog. Competitive inhibitor. INHIBITOR."
REC_0663,12,Q96242,Allene Oxide Synthase (CYP74A),13-hydroxy fatty acid substrate,3DSJ,SUBSTRATE,,INHIBITOR,True,MEDIUM,B,unanimous,False,Task02 ERROR: SUBSTRATE→INHIBITOR. Same as REC_0662. 13-hydroxy fatty acid (13-HOD) is non-reactive analog. CYP74A requires hydroperoxy (-OOH). INHIBITOR.
REC_0664,12,Q96242,Allene Oxide Synthase (CYP74A),Epoxy fatty acid product,3DSK,PRODUCT,,PRODUCT,False,MEDIUM,B,unanimous,False,Codex confirmed: vernolic acid (C18H32O3) is epoxy fatty acid product/intermediate in CYP74A/AOS pathway. PRODUCT with medium confidence.
REC_0665,12,Q9EW92,P450_Q9EW92,"4,5-de-epoxypimaricin",2XBK,SUBSTRATE,,SUBSTRATE,False,HIGH,A,unanimous,False,SUBSTRATE in pimaricin biosynthesis. High confidence.
REC_0666,12,Q9FCA6,CYP158A2 (biflaviolin synthase),MERCURY (II) ION,1S1F,EXCLUDE,,EXCLUDE,False,HIGH,A,unanimous,False,Metal ion for crystallography. EXCLUDE.
REC_0667,12,Q9FCA6,CYP158A2 (biflaviolin synthase),MALONIC ACID,1S1F,EXCLUDE,,EXCLUDE,False,HIGH,A,unanimous,False,Crystallization additive. EXCLUDE.
REC_0668,12,Q9FCA6,CYP158A2 (biflaviolin synthase),4-PHENYL-1H-IMIDAZOLE,1S1F,INHIBITOR,,INHIBITOR,False,HIGH,A,unanimous,False,4-phenylimidazole Type II inhibitor. INHIBITOR.
REC_0669,12,Q9FCA6,CYP158A2 (biflaviolin synthase),SPERMINE,1SE6,EXCLUDE,,EXCLUDE,False,HIGH,A,unanimous,False,Crystallization additive. EXCLUDE.
REC_0671,12,Q9FCA6,CYP158A2 (biflaviolin synthase),OXYGEN MOLECULE,2D09,EXCLUDE,,EXCLUDE,False,HIGH,A,unanimous,False,P450 cosubstrate. EXCLUDE.
REC_0672,12,Q9FCA6,CYP158A2 (biflaviolin synthase),2-HYDROXYNAPHTHOQUINONE,2D0E,SUBSTRATE,,SUBSTRATE,False,MEDIUM,B,unanimous,False,Substrate analog for CYP158A2. SUBSTRATE (medium confidence).
REC_0673,12,Q9FCA6,CYP158A2 (biflaviolin synthase),SPERMINE,5DE9,EXCLUDE,,EXCLUDE,False,HIGH,A,unanimous,False,Crystallization additive. EXCLUDE.
REC_0674,12,Q9KIZ4,EpoK (epothilone biosynthesis),Epothilone D,1PKF,SUBSTRATE,,SUBSTRATE,False,HIGH,A,unanimous,False,Epothilone D is substrate for EpoK epoxidation. SUBSTRATE.
REC_0675,12,Q9KIZ4,EpoK (epothilone biosynthesis),Epothilone B,1Q5D,PRODUCT,,PRODUCT,False,HIGH,A,unanimous,False,Epothilone B is product of EpoK (D→B epoxidation). PRODUCT.
REC_0677,12,Q9KZR7,P450_Q9KZR7,4-PHENYL-1H-IMIDAZOLE,1ODO,INHIBITOR,,INHIBITOR,False,HIGH,A,unanimous,False,4-phenylimidazole Type II inhibitor. INHIBITOR.
REC_0681,12,W5R4Y8,P450_W5R4Y8,Oleandolide derivative,8K1X,SUBSTRATE,,SUBSTRATE,False,MEDIUM,B,unanimous,False,Biosynthetic substrate/intermediate. SUBSTRATE.
REC_0676,12,Q9KZF5,P450_Q9KZF5,Naphthalene pentol,2NZ5,SUBSTRATE,,SUBSTRATE,False,MEDIUM,B,partial,False,Gemini says PRODUCT but Codex confirms monomer (not dimer product). Fe-O=2.77A coordination is atypical for substrate. Retained as SUBSTRATE (analog) but needs human review.
REC_0678,12,Q9L4X0,P450_Q9L4X0,Nystatin,9CV8,SUBSTRATE,,PRODUCT,True,HIGH,A,unanimous,False,Task02 ERROR: SUBSTRATE→PRODUCT. NysL hydroxylates 10-deoxynystatin at C10 to form nystatin A1. Structure shows C47H75NO17 with C10-OH (product). PRODUCT.
REC_0679,12,Q9ZHQ1,P450_Q9ZHQ1,Forazoline intermediate,6B11,SUBSTRATE,,SUBSTRATE,False,HIGH,A,unanimous,False,"Codex corrected Gemini error: 6B11 is P450 TylH1, not T-cell receptor. Ligand 23-DMTL (C31H51NO9) at Fe-C1=3.8A in substrate pose. SUBSTRATE."
REC_0680,12,S6BVH1,P450_S6BVH1,Hydroxy-farnesene product,3WEC,PRODUCT,,SUBSTRATE,True,HIGH,A,unanimous,False,"Task02 ERROR: PRODUCT→SUBSTRATE. Ligand is dehydroxy-aurachin RE (C25H33NO2), lacking N-OH product hydroxyl. N10-Fe=4.28A in substrate pose. SUBSTRATE."
REC_0682,12,W5VH56,P450_W5VH56,Compactin/Mevastatin,4OQR,INHIBITOR,,SUBSTRATE,True,HIGH,A,unanimous,False,"Task02 ERROR: INHIBITOR→SUBSTRATE. CYP105AS1 hydroxylates compactin (C23H34O5) to pravastatin. Fe-C4=4.44A in substrate pose, no Type II coordination. SUBSTRATE."
