substrate_idx,raw_smiles,rdkit_parse_ok,rdkit_canonical_smiles,rdkit_isomeric_smiles,rdkit_inchikey,cid,cid_status,final_substrate_id,fallback_id,cid_collision_group,pubchem_query_method,pubchem_return_count,notes,in_train,in_val,in_test,in_any_split
0,*C1CCC2C3CCC4CCCCC4(C)C3CCC12C,True,*C1CCC2C3CCC4CCCCC4(C)C3CCC12C,*C1CCC2C3CCC4CCCCC4(C)C3CCC12C,,,wildcard,NO_CID_2bdd5c0fe48e,NO_CID_2bdd5c0fe48e,,wildcard,0,,1,1,1,1
1,*C1CC[C@@]2(C)C3CCC4CCCCC4(C)C3CCC12C,True,*C1CCC2(C)C3CCC4CCCCC4(C)C3CCC12C,*C1CC[C@@]2(C)C3CCC4CCCCC4(C)C3CCC12C,,,wildcard,NO_CID_8852bcfbd9c5,NO_CID_8852bcfbd9c5,,wildcard,0,,1,1,1,1
2,*C1CC[C@@]2(C=O)C3CCC4CCCCC4(C)C3CCC12C,True,*C1CCC2(C=O)C3CCC4CCCCC4(C)C3CCC12C,*C1CC[C@@]2(C=O)C3CCC4CCCCC4(C)C3CCC12C,,,wildcard,NO_CID_5886c001ece7,NO_CID_5886c001ece7,,wildcard,0,,1,1,1,1
3,*C1CC[C@@]2(CO)C3CCC4CCCCC4(C)C3CCC12C,True,*C1CCC2(CO)C3CCC4CCCCC4(C)C3CCC12C,*C1CC[C@@]2(CO)C3CCC4CCCCC4(C)C3CCC12C,,,wildcard,NO_CID_b5d2161d0fdf,NO_CID_b5d2161d0fdf,,wildcard,0,,1,1,1,1
4,*CC(=O)[O-],True,*CC(=O)[O-],*CC(=O)[O-],,,wildcard,NO_CID_7967bae9149f,NO_CID_7967bae9149f,,wildcard,0,,1,1,1,1
5,*CCC(=O)[O-],True,*CCC(=O)[O-],*CCC(=O)[O-],,,wildcard,NO_CID_468def47995c,NO_CID_468def47995c,,wildcard,0,,1,1,1,1
6,*[C@H](NC(=O)CC1CCC(=O)C1C/C=C\CC)C(=O)[O-],True,*C(NC(=O)CC1CCC(=O)C1CC=CCC)C(=O)[O-],*[C@H](NC(=O)CC1CCC(=O)C1C/C=C\CC)C(=O)[O-],,,wildcard,NO_CID_ee99776572a9,NO_CID_ee99776572a9,,wildcard,0,,1,1,1,1
7,*[C@H](NC(=O)CC1CCC(=O)C1C/C=C\CCO)C(=O)[O-],True,*C(NC(=O)CC1CCC(=O)C1CC=CCCO)C(=O)[O-],*[C@H](NC(=O)CC1CCC(=O)C1C/C=C\CCO)C(=O)[O-],,,wildcard,NO_CID_0be8b655514c,NO_CID_0be8b655514c,,wildcard,0,,1,1,1,1
8,*[H],True,*[H],*[H],,,wildcard,NO_CID_712f86146e95,NO_CID_712f86146e95,,wildcard,0,,0,0,0,0
9,*c1c(*)c(*)c(C2Oc3c(*)c(*)c(*)c(*)c3C(=O)C2*)c(*)c1*,True,*c1c(*)c(*)c(C2Oc3c(*)c(*)c(*)c(*)c3C(=O)C2*)c(*)c1*,*c1c(*)c(*)c(C2Oc3c(*)c(*)c(*)c(*)c3C(=O)C2*)c(*)c1*,,,wildcard,NO_CID_9df214582ff8,NO_CID_9df214582ff8,,wildcard,0,,0,0,0,0
10,*c1cc(*)c(-c2oc3c(*)c(*)c(*)c(*)c3c(=O)c2*)c(*)c1*,True,*c1cc(*)c(-c2oc3c(*)c(*)c(*)c(*)c3c(=O)c2*)c(*)c1*,*c1cc(*)c(-c2oc3c(*)c(*)c(*)c(*)c3c(=O)c2*)c(*)c1*,,,wildcard,NO_CID_880924141748,NO_CID_880924141748,,wildcard,0,,0,0,0,0
11,*c1cc(*)c(C2(*)Oc3c(*)c(*)c(*)c(*)c3C(=O)C2(*)*)c(*)c1,True,*c1cc(*)c(C2(*)Oc3c(*)c(*)c(*)c(*)c3C(=O)C2(*)*)c(*)c1,*c1cc(*)c(C2(*)Oc3c(*)c(*)c(*)c(*)c3C(=O)C2(*)*)c(*)c1,,,wildcard,NO_CID_5dc38a2be3cc,NO_CID_5dc38a2be3cc,,wildcard,0,,0,0,0,0
12,*c1cc(-c2c(*)oc3c(*)c(*)c(*)c(*)c3c2=O)c(*)c(*)c1*,True,*c1cc(-c2c(*)oc3c(*)c(*)c(*)c(*)c3c2=O)c(*)c(*)c1*,*c1cc(-c2c(*)oc3c(*)c(*)c(*)c(*)c3c2=O)c(*)c(*)c1*,,,wildcard,NO_CID_028b641650d3,NO_CID_028b641650d3,,wildcard,0,,1,1,1,1
13,C*C(=O)[O-],True,C*C(=O)[O-],C*C(=O)[O-],,,wildcard,NO_CID_9e0c7a2fa261,NO_CID_9e0c7a2fa261,,wildcard,0,,1,1,1,1
14,CC*C(=O)[O-],True,CC*C(=O)[O-],CC*C(=O)[O-],,,wildcard,NO_CID_fa6fb860cfa3,NO_CID_fa6fb860cfa3,,wildcard,0,,0,0,0,0
15,CC12CCC(CC1=S)C2(C)C,True,CC12CCC(CC1=S)C2(C)C,CC12CCC(CC1=S)C2(C)C,AAADKYXUTOBAGS-UHFFFAOYSA-N,5446,hit,CID5446,NO_CID_4f19dd1e022d,,hit,1,,1,1,1,1
16,CC1(C)[C@@H]2CC[C@@]1(C)C(=S)C2,True,CC12CCC(CC1=S)C2(C)C,CC1(C)[C@@H]2CC[C@@]1(C)C(=S)C2,AAADKYXUTOBAGS-XCBNKYQSSA-N,1714210,hit,CID1714210,NO_CID_2011ad8f9ab4,,hit,1,,1,1,1,1
17,C=C1CO1,True,C=C1CO1,C=C1CO1,AAEZMHSWRQVQEK-UHFFFAOYSA-N,3029326,hit,CID3029326,NO_CID_ddb8987250ea,,hit,1,,1,1,1,1
18,C#Cc1cccc(Nc2ncnc3cc(OCCOC)c(OCCOC)cc23)c1,True,C#Cc1cccc(Nc2ncnc3cc(OCCOC)c(OCCOC)cc23)c1,C#Cc1cccc(Nc2ncnc3cc(OCCOC)c(OCCOC)cc23)c1,AAKJLRGGTJKAMG-UHFFFAOYSA-N,176870,hit,CID176870,NO_CID_f99cb62860a4,,hit,1,,1,1,1,1
19,CC(C)=CCC/C(C)=C/CC/C(C)=C/CC[C@]1(C)[C@H](C)CCC(=C(C)C)[C@H]1CCCO,True,CC(C)=CCCC(C)=CCCC(C)=CCCC1(C)C(C)CCC(=C(C)C)C1CCCO,CC(C)=CCC/C(C)=C/CC/C(C)=C/CC[C@]1(C)[C@H](C)CCC(=C(C)C)[C@H]1CCCO,AARUWLXSIZJQDK-OPEBEUCHSA-N,25000661,hit,CID25000661,NO_CID_1bd70315f599,,hit,1,,1,0,1,1
20,COc1oc(CCC(C)=CC(C)=Cc2ccc(I)cc2)c(C)c(=O)c1C,True,COc1oc(CCC(C)=CC(C)=Cc2ccc(I)cc2)c(C)c(=O)c1C,COc1oc(CCC(C)=CC(C)=Cc2ccc(I)cc2)c(C)c(=O)c1C,ABKYWKNIDMAZGJ-UHFFFAOYSA-N,75251260,hit,CID75251260,NO_CID_99c77c084097,,hit,1,,1,1,1,1
21,Cc1c(CC(N)C(=O)O)c2c(F)cccc2n1C,True,Cc1c(CC(N)C(=O)O)c2c(F)cccc2n1C,Cc1c(CC(N)C(=O)O)c2c(F)cccc2n1C,ABVSKMHTJOBIEN-UHFFFAOYSA-N,122499537,hit,CID122499537,NO_CID_47fd213c5928,,hit,1,,1,1,1,1
22,CC(C)C1CC1c1ccccc1,True,CC(C)C1CC1c1ccccc1,CC(C)C1CC1c1ccccc1,ACABZBGQXFLDAB-UHFFFAOYSA-N,12560038,hit,CID12560038,NO_CID_2e17d914e7fe,,hit,1,,1,1,1,1
23,N=C(O)C1=CN([C@@H]2O[C@H](COP(=O)(O)OP(=O)(O)OC[C@H]3O[C@@H](n4cnc5c(N)ncnc54)[C@H](OP(=O)(O)O)[C@@H]3O)[C@@H](O)[C@H]2O)C=CC1,True,N=C(O)C1=CN(C2OC(COP(=O)(O)OP(=O)(O)OCC3OC(n4cnc5c(N)ncnc54)C(OP(=O)(O)O)C3O)C(O)C2O)C=CC1,N=C(O)C1=CN([C@@H]2O[C@H](COP(=O)(O)OP(=O)(O)OC[C@H]3O[C@@H](n4cnc5c(N)ncnc54)[C@H](OP(=O)(O)O)[C@@H]3O)[C@@H](O)[C@H]2O)C=CC1,ACFIXJIJDZMPPO-NNYOXOHSSA-N,5884,hit,CID5884,NO_CID_b52b87c3ac44,,hit,1,,1,1,1,1
24,Cc1[nH]c2ccc(Cl)cc2c1CC(N)C=O,True,Cc1[nH]c2ccc(Cl)cc2c1CC(N)C=O,Cc1[nH]c2ccc(Cl)cc2c1CC(N)C=O,ACYWZZDQWJSAQE-UHFFFAOYSA-N,,cid0_no_match,NO_CID_95c19e6eb849,NO_CID_95c19e6eb849,,cid0_no_match,0,,1,1,1,1
25,C=C(C)[C@@H]1CC[C@H](C)C2=C(C1)[C@@H](C)CC2,True,C=C(C)C1CCC(C)C2=C(C1)C(C)CC2,C=C(C)[C@@H]1CC[C@H](C)C2=C(C1)[C@@H](C)CC2,ADIDQIZBYUABQK-RWMBFGLXSA-N,5317844,hit,CID5317844,NO_CID_5ea3cc64b1f9,,hit,1,,1,1,1,1
26,NC(Cc1c[nH]c2c(F)cccc12)C(=O)O,True,NC(Cc1c[nH]c2c(F)cccc12)C(=O)O,NC(Cc1c[nH]c2c(F)cccc12)C(=O)O,ADMHYWIKJSPIGJ-UHFFFAOYSA-N,9920885,hit,CID9920885,NO_CID_97dd710ca70f,,hit,1,,1,1,1,1
27,N[C@@H](Cc1c[nH]c2c(F)cccc12)C(=O)O,True,NC(Cc1c[nH]c2c(F)cccc12)C(=O)O,N[C@@H](Cc1c[nH]c2c(F)cccc12)C(=O)O,ADMHYWIKJSPIGJ-VIFPVBQESA-N,15930148,hit,CID15930148,NO_CID_54a89ad584d9,,hit,1,,1,1,1,1
28,CCSc1ccccc1,True,CCSc1ccccc1,CCSc1ccccc1,AEHWKBXBXYNPCX-UHFFFAOYSA-N,12144,hit,CID12144,NO_CID_18b3f9ad2665,,hit,1,,1,1,1,1
29,C[C@]12CCC(=O)C=C1CC[C@@H]1[C@@H]2CC[C@]2(C)C(=O)CC[C@@H]12,True,CC12CCC3C(CCC4=CC(=O)CCC43C)C1CCC2=O,C[C@]12CCC(=O)C=C1CC[C@@H]1[C@@H]2CC[C@]2(C)C(=O)CC[C@@H]12,AEMFNILZOJDQLW-QAGGRKNESA-N,6128,hit,CID6128,NO_CID_cd6b61467c1a,,hit,1,,1,1,1,1
30,CC12CCC3C(CCC4=CC(=O)CCC43C)C1CCC2=O,True,CC12CCC3C(CCC4=CC(=O)CCC43C)C1CCC2=O,CC12CCC3C(CCC4=CC(=O)CCC43C)C1CCC2=O,AEMFNILZOJDQLW-UHFFFAOYSA-N,2193,hit,CID2193,NO_CID_8325d34caa49,,hit,1,,1,1,1,1
31,CC(C)=CCC/C(C)=C/COc1c2c(cc3oc(=O)ccc13)OCC2,True,CC(C)=CCCC(C)=CCOc1c2c(cc3oc(=O)ccc13)OCC2,CC(C)=CCC/C(C)=C/COc1c2c(cc3oc(=O)ccc13)OCC2,AESQHTDNFNVECX-OQLLNIDSSA-N,11595293,hit,CID11595293,NO_CID_d43dcb99557a,,hit,1,,1,1,1,1
32,CC[C@]12C=CCN3CC[C@]4(C(=C(C(=O)OC)C1)Nc1cc(OC)ccc14)[C@@H]32,True,CCC12C=CCN3CCC4(C(=C(C(=O)OC)C1)Nc1cc(OC)ccc14)C32,CC[C@]12C=CCN3CC[C@]4(C(=C(C(=O)OC)C1)Nc1cc(OC)ccc14)[C@@H]32,AEXBRBWRPNGGEZ-FKBYEOEOSA-N,443356,hit,CID443356,NO_CID_cfb7a2c7a83c,,hit,1,,1,1,1,1
33,CCCC(C)C,True,CCCC(C)C,CCCC(C)C,AFABGHUZZDYHJO-UHFFFAOYSA-N,7892,hit,CID7892,NO_CID_0d65ca26ef27,,hit,1,,1,1,1,1
34,COc1ccc(/C=C/C(=O)O)cc1,True,COc1ccc(C=CC(=O)O)cc1,COc1ccc(/C=C/C(=O)O)cc1,AFDXODALSZRGIH-QPJJXVBHSA-N,699414,hit,CID699414,NO_CID_a3f4ab0cc95c,,hit,1,,1,1,1,1
35,C[C@]12CC[C@H]3[C@@H](CC[C@H]4CC(=O)CC[C@@]43C=O)[C@@H]1CC[C@@H]2O,True,CC12CCC3C(CCC4CC(=O)CCC43C=O)C1CCC2O,C[C@]12CC[C@H]3[C@@H](CC[C@H]4CC(=O)CC[C@@]43C=O)[C@@H]1CC[C@@H]2O,AFTUEXSGQQDJKS-GLOHGQAKSA-N,129011069,hit,CID129011069,NO_CID_6379f3dba13c,,hit,1,,1,1,1,1
36,Cc1c(CC(N)C=O)c2ccc(Br)cc2n1C,True,Cc1c(CC(N)C=O)c2ccc(Br)cc2n1C,Cc1c(CC(N)C=O)c2ccc(Br)cc2n1C,AGHPKIQRCQNTFY-UHFFFAOYSA-N,,cid0_no_match,NO_CID_af09aca05980,NO_CID_af09aca05980,,cid0_no_match,0,,1,1,1,1
37,COc1cc(O)c2c(O)c3c(c(C/C=C(\C)CCC=C(C)C)c2c1)[C@H](O)[C@@]1(O)CC(=O)C(C(N)=O)=C(O)[C@@]1(O)C3=O,True,COc1cc(O)c2c(O)c3c(c(CC=C(C)CCC=C(C)C)c2c1)C(O)C1(O)CC(=O)C(C(N)=O)=C(O)C1(O)C3=O,COc1cc(O)c2c(O)c3c(c(C/C=C(\C)CCC=C(C)C)c2c1)[C@H](O)[C@@]1(O)CC(=O)C(C(N)=O)=C(O)[C@@]1(O)C3=O,AGMPGRYRWNVPEQ-BJTDMJNKSA-N,60150139,hit,CID60150139,NO_CID_071ba74f8143,,hit,1,,1,1,1,1
38,CC[C@H](C)[C@H](N)C(=O)O,True,CCC(C)C(N)C(=O)O,CC[C@H](C)[C@H](N)C(=O)O,AGPKZVBTJJNPAG-WHFBIAKZSA-N,6306,hit,CID6306,NO_CID_2473e89b5cd0,,hit,1,,1,1,1,1
39,CC/C=C\C/C=C\C/C=C\CCCCCCCCCC(=O)O,True,CCC=CCC=CCC=CCCCCCCCCCC(=O)O,CC/C=C\C/C=C\C/C=C\CCCCCCCCCC(=O)O,AHANXAKGNAKFSK-PDBXOOCHSA-N,5312529,hit,CID5312529,NO_CID_f46cd6c9636d,,hit,1,,1,1,1,1
40,CCC=CCC=CCC=CCCCCCCCCCC(=O)[O-],True,CCC=CCC=CCC=CCCCCCCCCCC(=O)[O-],CCC=CCC=CCC=CCCCCCCCCCC(=O)[O-],AHANXAKGNAKFSK-UHFFFAOYSA-M,73988996,hit,CID73988996,NO_CID_df0db57bbdb4,,hit,1,,1,1,1,1
41,NCCC[C@H](N)C(=O)O,True,NCCCC(N)C(=O)O,NCCC[C@H](N)C(=O)O,AHLPHDHHMVZTML-BYPYZUCNSA-N,6262,hit,CID6262,NO_CID_7d5cb005c4f5,,hit,1,,1,1,1,1
42,CCC(C)CC(C)CC(C)CCC(=O)O,True,CCC(C)CC(C)CC(C)CCC(=O)O,CCC(C)CC(C)CC(C)CCC(=O)O,AIAJTWFRHSKNDS-UHFFFAOYSA-N,85729959,hit,CID85729959,NO_CID_79cdeaa995a5,,hit,1,,1,1,1,1
43,Cn1cc(CC(N)C(=O)O)c2cccc(C3CC3)c21,True,Cn1cc(CC(N)C(=O)O)c2cccc(C3CC3)c21,Cn1cc(CC(N)C(=O)O)c2cccc(C3CC3)c21,AIBJDIHSMRRLHO-UHFFFAOYSA-N,122499652,hit,CID122499652,NO_CID_09a6c9c1e1d9,,hit,1,,1,1,1,1
44,CCCCCCCC/C=C\CCCCCCCC(=O)SCCNC(=O)CCNC(=O)[C@@H](O)C(C)(C)COP(=O)(O)O,True,CCCCCCCCC=CCCCCCCCC(=O)SCCNC(=O)CCNC(=O)C(O)C(C)(C)COP(=O)(O)O,CCCCCCCC/C=C\CCCCCCCC(=O)SCCNC(=O)CCNC(=O)[C@@H](O)C(C)(C)COP(=O)(O)O,AINKKKUPSQZPIP-FRSJXWKWSA-N,137350211,hit,CID137350211,NO_CID_da43618e599f,,hit,1,,1,1,1,1
45,COc1ccc(C2CC(=O)c3c(O)cc(O)cc3O2)cc1O,True,COc1ccc(C2CC(=O)c3c(O)cc(O)cc3O2)cc1O,COc1ccc(C2CC(=O)c3c(O)cc(O)cc3O2)cc1O,AIONOLUJZLIMTK-UHFFFAOYSA-N,3593,hit,CID3593,NO_CID_e471a8c0e4ca,,hit,1,,1,1,1,1
46,CC[C@H](C)C(=O)O[C@H]1CCC=C2C=C[C@H](C)[C@H](CC[C@@H]3C[C@@H](O)CC(=O)O3)[C@H]21,True,CCC(C)C(=O)OC1CCC=C2C=CC(C)C(CCC3CC(O)CC(=O)O3)C21,CC[C@H](C)C(=O)O[C@H]1CCC=C2C=C[C@H](C)[C@H](CC[C@@H]3C[C@@H](O)CC(=O)O3)[C@H]21,AJLFOPYRIVGYMJ-INTXDZFKSA-N,64715,hit,CID64715,NO_CID_767122c324bc,,hit,1,,1,1,1,1
47,COCC1N=C(C)OC1c1ccccc1,True,COCC1N=C(C)OC1c1ccccc1,COCC1N=C(C)OC1c1ccccc1,AKFIXTAIQHJWAU-UHFFFAOYSA-N,103584,hit,CID103584,NO_CID_4de7674100f9,,hit,1,,1,1,1,1
48,NC(N)=NCCCCNC(=O)C=Cc1ccc(O)cc1,True,NC(N)=NCCCCNC(=O)C=Cc1ccc(O)cc1,NC(N)=NCCCCNC(=O)C=Cc1ccc(O)cc1,AKIHYQWCLCDMMI-UHFFFAOYSA-N,440362,hit,CID440362,NO_CID_ef676c4f25c1,,hit,1,,1,1,1,1
49,Cc1c(CC(N)C=O)c2c(F)cccc2n1C,True,Cc1c(CC(N)C=O)c2c(F)cccc2n1C,Cc1c(CC(N)C=O)c2c(F)cccc2n1C,AKSIPZOYAQUSLM-UHFFFAOYSA-N,,cid0_no_match,NO_CID_76b6087a6c8d,NO_CID_76b6087a6c8d,,cid0_no_match,0,,1,1,1,1
50,O=C(O)c1cc2ccccc2cc1O,True,O=C(O)c1cc2ccccc2cc1O,O=C(O)c1cc2ccccc2cc1O,ALKYHXVLJMQRLQ-UHFFFAOYSA-N,7104,hit,CID7104,NO_CID_ed2aa3550ee4,,hit,1,,1,1,1,1
51,Cc1ccccc1-c1ccccc1,True,Cc1ccccc1-c1ccccc1,Cc1ccccc1-c1ccccc1,ALLIZEAXNXSFGD-UHFFFAOYSA-N,12563,hit,CID12563,NO_CID_bbd3741cc030,,hit,1,,1,1,1,1
52,COc1ccc2c(c1OC)CN(C)c1c-2ccc2cc3c(cc12)OCO3,True,COc1ccc2c(c1OC)CN(C)c1c-2ccc2cc3c(cc12)OCO3,COc1ccc2c(c1OC)CN(C)c1c-2ccc2cc3c(cc12)OCO3,ALZAZMCIBRHMFF-UHFFFAOYSA-N,485077,hit,CID485077,NO_CID_192c0ac2a890,,hit,1,,1,1,1,1
53,COC(=O)C1=CO[C@@H](O[C@@H]2O[C@H](CO)[C@@H](O)[C@H](O)[C@H]2O)[C@@H]2[C@H](C)[C@@H](O)C[C@H]12,True,COC(=O)C1=COC(OC2OC(CO)C(O)C(O)C2O)C2C1CC(O)C2C,COC(=O)C1=CO[C@@H](O[C@@H]2O[C@H](CO)[C@@H](O)[C@H](O)[C@H]2O)[C@@H]2[C@H](C)[C@@H](O)C[C@H]12,AMBQHHVBBHTQBF-OZIIXKNCSA-N,10548420,hit,CID10548420,NO_CID_d9e31dcd54c9,,hit,1,,1,1,1,1
54,COC(=O)C1=CO[C@@H](O[C@@H]2O[C@H](CO)[C@@H](O)[C@H](O)[C@H]2O)[C@@H]2[C@@H](C)[C@@H](O)C[C@H]12,True,COC(=O)C1=COC(OC2OC(CO)C(O)C(O)C2O)C2C1CC(O)C2C,COC(=O)C1=CO[C@@H](O[C@@H]2O[C@H](CO)[C@@H](O)[C@H](O)[C@H]2O)[C@@H]2[C@@H](C)[C@@H](O)C[C@H]12,AMBQHHVBBHTQBF-UOUCRYGSSA-N,87691,hit,CID87691,NO_CID_a69e75423b8a,,hit,1,,1,1,1,1
55,CC(C)C=O,True,CC(C)C=O,CC(C)C=O,AMIMRNSIRUDHCM-UHFFFAOYSA-N,6561,hit,CID6561,NO_CID_2d110dfb367a,,hit,1,,1,1,1,1
56,Cc1cc(O)cc(O)c1C(=O)O,True,Cc1cc(O)cc(O)c1C(=O)O,Cc1cc(O)cc(O)c1C(=O)O,AMKYESDOVDKZKV-UHFFFAOYSA-N,68072,hit,CID68072,NO_CID_da1d3d7bc467,,hit,1,,1,1,0,1
57,COc1cccc2c1cc(CC(N)C(=O)O)n2C,True,COc1cccc2c1cc(CC(N)C(=O)O)n2C,COc1cccc2c1cc(CC(N)C(=O)O)n2C,AMPOJHMBNDGPIU-UHFFFAOYSA-N,,cid0_no_match,NO_CID_290db7cc2739,NO_CID_290db7cc2739,,cid0_no_match,0,,1,1,1,1
58,NCCCNCCCC(C(=O)/C=C/c1ccc(O)cc1)N(C(=O)/C=C/c1ccc(O)cc1)C(=O)/C=C/c1ccc(O)cc1,True,NCCCNCCCC(C(=O)C=Cc1ccc(O)cc1)N(C(=O)C=Cc1ccc(O)cc1)C(=O)C=Cc1ccc(O)cc1,NCCCNCCCC(C(=O)/C=C/c1ccc(O)cc1)N(C(=O)/C=C/c1ccc(O)cc1)C(=O)/C=C/c1ccc(O)cc1,ANNWHZVJHRKQKH-AUCPOXKISA-N,129669148,hit,CID129669148,NO_CID_3fbf0f278ce5,,hit,1,,1,1,1,1
59,CC1=CCCC(C)(C)C1/C=C/C(C)=C/C=C/C(C)=C/C=C/C=C(C)/C=C/C=C(C)/C=C/C1=C(C)CCCC1(C)C,True,CC(C=CC=C(C)C=CC1=C(C)CCCC1(C)C)=CC=CC=C(C)C=CC=C(C)C=CC1C(C)=CCCC1(C)C,CC1=CCCC(C)(C)C1/C=C/C(C)=C/C=C/C(C)=C/C=C/C=C(C)/C=C/C=C(C)/C=C/C1=C(C)CCCC1(C)C,ANVAOWXLWRTKGA-JLTXGRSLSA-N,4369188,hit,CID4369188,NO_CID_5dfbabbcbcee,,hit,1,,1,1,0,1
60,CC1=CCCC(C)(C)[C@H]1/C=C/C(C)=C/C=C/C(C)=C/C=C/C=C(C)/C=C/C=C(C)/C=C/C1=C(C)CCCC1(C)C,True,CC(C=CC=C(C)C=CC1=C(C)CCCC1(C)C)=CC=CC=C(C)C=CC=C(C)C=CC1C(C)=CCCC1(C)C,CC1=CCCC(C)(C)[C@H]1/C=C/C(C)=C/C=C/C(C)=C/C=C/C=C(C)/C=C/C=C(C)/C=C/C1=C(C)CCCC1(C)C,ANVAOWXLWRTKGA-NTXLUARGSA-N,6419725,hit,CID6419725,NO_CID_eabe7b2cdf5c,,hit,1,,1,1,1,1
61,C=C1/C(=C\C=C2/CCC[C@]3(C)[C@@H]([C@H](C)CC=O)CC[C@@H]23)C[C@@H](O)C[C@@H]1O,True,C=C1C(=CC=C2CCCC3(C)C2CCC3C(C)CC=O)CC(O)CC1O,C=C1/C(=C\C=C2/CCC[C@]3(C)[C@@H]([C@H](C)CC=O)CC[C@@H]23)C[C@@H](O)C[C@@H]1O,AOVGFTJYESGAEA-NKLFQLIUSA-N,17756746,hit,CID17756746,NO_CID_1c188c5f3833,,hit,1,,1,1,1,1
62,C=C1[C@@H](OC(C)=O)CC[C@@]2(C)CCC3=C(C)CCC(C[C@H]12)C3(C)C,True,C=C1C(OC(C)=O)CCC2(C)CCC3=C(C)CCC(CC12)C3(C)C,C=C1[C@@H](OC(C)=O)CC[C@@]2(C)CCC3=C(C)CCC(C[C@H]12)C3(C)C,APIZAZFFQBVSJA-UXGKSEPASA-N,,cid0_no_match,NO_CID_912c68869f48,NO_CID_912c68869f48,,cid0_no_match,0,,1,1,1,1
63,C=C1[C@@H](OC(C)=O)CC[C@@]2(C)CCC3=C(C)CC[C@@H](C[C@H]12)C3(C)C,True,C=C1C(OC(C)=O)CCC2(C)CCC3=C(C)CCC(CC12)C3(C)C,C=C1[C@@H](OC(C)=O)CC[C@@]2(C)CCC3=C(C)CC[C@@H](C[C@H]12)C3(C)C,APIZAZFFQBVSJA-ZJDLJICXSA-N,443486,hit,CID443486,NO_CID_46a6960e3c98,,hit,1,,1,1,1,1
64,NCCc1c[nH]c2ccccc12,True,NCCc1c[nH]c2ccccc12,NCCc1c[nH]c2ccccc12,APJYDQYYACXCRM-UHFFFAOYSA-N,1150,hit,CID1150,NO_CID_b194f85489b4,,hit,1,,1,1,1,1
65,CC(C)CCC[C@@H](C)[C@H]1CC[C@H]2[C@@H]3C(O)C[C@@H]4CC(O)CC[C@]4(C)[C@H]3CC[C@]12C,True,CC(C)CCCC(C)C1CCC2C3C(O)CC4CC(O)CCC4(C)C3CCC12C,CC(C)CCC[C@@H](C)[C@H]1CC[C@H]2[C@@H]3C(O)C[C@@H]4CC(O)CC[C@]4(C)[C@H]3CC[C@]12C,APYVEUGLZHAHDJ-SQXURCFHSA-N,141180300,hit,CID141180300,NO_CID_31939320234c,,hit,1,,1,1,1,1
66,CC(C)CCC[C@@H](C)[C@H]1CC[C@H]2[C@@H]3[C@H](O)C[C@@H]4C[C@H](O)CC[C@]4(C)[C@H]3CC[C@]12C,True,CC(C)CCCC(C)C1CCC2C3C(O)CC4CC(O)CCC4(C)C3CCC12C,CC(C)CCC[C@@H](C)[C@H]1CC[C@H]2[C@@H]3[C@H](O)C[C@@H]4C[C@H](O)CC[C@]4(C)[C@H]3CC[C@]12C,APYVEUGLZHAHDJ-TVRYRFOISA-N,3080603,hit,CID3080603,NO_CID_bff271a20735,,hit,1,,1,1,1,1
67,CC(C)CCCC(C)C1CCC2C3C(O)CC4CC(O)CCC4(C)C3CCC12C,True,CC(C)CCCC(C)C1CCC2C3C(O)CC4CC(O)CCC4(C)C3CCC12C,CC(C)CCCC(C)C1CCC2C3C(O)CC4CC(O)CCC4(C)C3CCC12C,APYVEUGLZHAHDJ-UHFFFAOYSA-N,5118590,hit,CID5118590,NO_CID_4853f2c6c275,,hit,1,,1,1,1,1
68,CC(C)C1=C2C3CCC(CO)=CC(O)C3(C)CCC2(C)CC1,True,CC(C)C1=C2C3CCC(CO)=CC(O)C3(C)CCC2(C)CC1,CC(C)C1=C2C3CCC(CO)=CC(O)C3(C)CCC2(C)CC1,ARKJITGRSNWNOF-UHFFFAOYSA-N,,cid0_no_match,NO_CID_f7d6cd9b4c43,NO_CID_f7d6cd9b4c43,,cid0_no_match,0,,1,1,1,1
69,CC[C@H]1OC(=O)[C@H](C)[C@@H](OC(=O)CCN(C)C)[C@@H](C)C[C@@H](C)C(=O)/C=C/[C@H]1C,True,CCC1OC(=O)C(C)C(OC(=O)CCN(C)C)C(C)CC(C)C(=O)C=CC1C,CC[C@H]1OC(=O)[C@H](C)[C@@H](OC(=O)CCN(C)C)[C@@H](C)C[C@@H](C)C(=O)/C=C/[C@H]1C,ARTBSYNHBBHIBV-HSYQSNAQSA-N,71664575,hit,CID71664575,NO_CID_7461550f5ead,,hit,1,,1,1,1,1
70,CC(C)[C@H](C)CC[C@@H](C)[C@H]1CC[C@H]2[C@@H]3CC[C@H]4C[C@@H](O)CC[C@]4(C)[C@H]3CC[C@]12C,True,CC(C)C(C)CCC(C)C1CCC2C3CCC4CC(O)CCC4(C)C3CCC12C,CC(C)[C@H](C)CC[C@@H](C)[C@H]1CC[C@H]2[C@@H]3CC[C@H]4C[C@@H](O)CC[C@]4(C)[C@H]3CC[C@]12C,ARYTXMNEANMLMU-ATEDBJNTSA-N,119394,hit,CID119394,NO_CID_6862ef546a4d,,hit,1,,1,1,1,1
71,CC(C)C(C)CCC(C)C1CCC2C3CCC4CC(O)CCC4(C)C3CCC12C,True,CC(C)C(C)CCC(C)C1CCC2C3CCC4CC(O)CCC4(C)C3CCC12C,CC(C)C(C)CCC(C)C1CCC2C3CCC4CC(O)CCC4(C)C3CCC12C,ARYTXMNEANMLMU-UHFFFAOYSA-N,612090,hit,CID612090,NO_CID_5b4e819f04e4,,hit,1,,1,1,1,1
72,COc1ccc2c(C[C@H](N)C(=O)O)c[nH]c2c1,True,COc1ccc2c(CC(N)C(=O)O)c[nH]c2c1,COc1ccc2c(C[C@H](N)C(=O)O)c[nH]c2c1,ASMBUJRMSWTSLE-JTQLQIEISA-N,15408556,hit,CID15408556,NO_CID_e10984c7bff9,,hit,1,,1,1,1,1
73,COc1ccc2c(CC(N)C(=O)O)c[nH]c2c1,True,COc1ccc2c(CC(N)C(=O)O)c[nH]c2c1,COc1ccc2c(CC(N)C(=O)O)c[nH]c2c1,ASMBUJRMSWTSLE-UHFFFAOYSA-N,352941,hit,CID352941,NO_CID_8d7eca724146,,hit,1,,1,1,1,1
74,CC(C)C1=CC[C@H]2C(=C1)CC[C@H]1C(C)(C)CCC[C@]21C,True,CC(C)C1=CCC2C(=C1)CCC1C(C)(C)CCCC21C,CC(C)C1=CC[C@H]2C(=C1)CC[C@H]1C(C)(C)CCC[C@]21C,ASPVQUYRFYUDSC-CMKODMSKSA-N,443471,hit,CID443471,NO_CID_29963284a36e,,hit,1,,1,1,1,1
75,CC(C)CCC[C@@H](C)[C@H]1CC[C@H]2C(=O)CCC[C@]12C,True,CC(C)CCCC(C)C1CCC2C(=O)CCCC21C,CC(C)CCC[C@@H](C)[C@H]1CC[C@H]2C(=O)CCC[C@]12C,ATMUYWZMPLKPEJ-XLMAVXFVSA-N,10587733,hit,CID10587733,NO_CID_5a7ae20e146a,,hit,1,,1,1,1,1
76,C=C[C@@]1(C)C=C2CC[C@@H]3C(C)(C)[C@H](O)CC[C@@]3(C)[C@@H]2CC1,True,C=CC1(C)C=C2CCC3C(C)(C)C(O)CCC3(C)C2CC1,C=C[C@@]1(C)C=C2CC[C@@H]3C(C)(C)[C@H](O)CC[C@@]3(C)[C@@H]2CC1,ATQOOBSXQVRQPY-GNVJSZRZSA-N,86289488,hit,CID86289488,NO_CID_86a30ba56aa4,,hit,1,,1,1,1,1
77,CCC,True,CCC,CCC,ATUOYWHBWRKTHZ-UHFFFAOYSA-N,6334,hit,CID6334,NO_CID_8c55ff95a660,,hit,1,,1,1,1,1
78,CCCc1ccc(C(=O)O)cc1,True,CCCc1ccc(C(=O)O)cc1,CCCc1ccc(C(=O)O)cc1,ATZHGRNFEFVDDJ-UHFFFAOYSA-N,137601,hit,CID137601,NO_CID_b0228affa954,,hit,1,,1,1,1,1
79,C/C=C1/CN2CCc3c([nH]c4ccccc34)[C@@H]2C[C@@H]1C(C=O)C(=O)OC,True,CC=C1CN2CCc3c([nH]c4ccccc34)C2CC1C(C=O)C(=O)OC,C/C=C1/CN2CCc3c([nH]c4ccccc34)[C@@H]2C[C@@H]1C(C=O)C(=O)OC,AUOFTPXWUVYOOQ-VJBMQPMPSA-N,5280491,hit,CID5280491,NO_CID_f45d672a48f4,,hit,1,,1,1,1,1
80,CC(=O)[C@H]1CC[C@H]2[C@@H]3CC[C@H]4C[C@H](O)CC[C@]4(C)[C@H]3CC[C@]12C,True,CC(=O)C1CCC2C3CCC4CC(O)CCC4(C)C3CCC12C,CC(=O)[C@H]1CC[C@H]2[C@@H]3CC[C@H]4C[C@H](O)CC[C@]4(C)[C@H]3CC[C@]12C,AURFZBICLPNKBZ-SYBPFIFISA-N,92786,hit,CID92786,NO_CID_537d537fccd7,,hit,1,,1,1,1,1
81,CC[C@@]12CC(C(=O)OC)=C3Nc4ccccc4[C@@]34CCN(C[C@@H]3O[C@@H]31)[C@@H]24,True,CCC12CC(C(=O)OC)=C3Nc4ccccc4C34CCN(CC3OC31)C42,CC[C@@]12CC(C(=O)OC)=C3Nc4ccccc4[C@@]34CCN(C[C@@H]3O[C@@H]31)[C@@H]24,AUVZFRDLRJQTQF-KXEYLTKFSA-N,11382599,hit,CID11382599,NO_CID_bd1e80156c12,,hit,1,,1,1,1,1
82,O=C(O)CCCCn1cccc1,True,O=C(O)CCCCn1cccc1,O=C(O)CCCCn1cccc1,AVEVRCSCWPFBMP-UHFFFAOYSA-N,10103530,hit,CID10103530,NO_CID_5e7e769338b3,,hit,1,,1,1,0,1
83,CCCCC/C=C\C/C=C\C/C=C\C/C=C\C/C=C\CCC(=O)[O-],True,CCCCCC=CCC=CCC=CCC=CCC=CCCC(=O)[O-],CCCCC/C=C\C/C=C\C/C=C\C/C=C\C/C=C\CCC(=O)[O-],AVKOENOBFIYBSA-WMPRHZDHSA-M,86289177,hit,CID86289177,NO_CID_2585ca35482f,,hit,1,,1,1,1,1
84,CCCCC/C=C\C/C=C\C/C=C\C/C=C\C/C=C\CCC(=O)O,True,CCCCCC=CCC=CCC=CCC=CCC=CCCC(=O)O,CCCCC/C=C\C/C=C\C/C=C\C/C=C\C/C=C\CCC(=O)O,AVKOENOBFIYBSA-WMPRHZDHSA-N,6441454,hit,CID6441454,NO_CID_8104ef6f72c0,,hit,1,,1,1,1,1
85,CC(C)=CCC[C@@H](C)[C@H]1CC[C@H]2[C@@H]3CC=C4C[C@@H](O)CC[C@]4(C)[C@H]3CC[C@]12C,True,CC(C)=CCCC(C)C1CCC2C3CC=C4CC(O)CCC4(C)C3CCC12C,CC(C)=CCC[C@@H](C)[C@H]1CC[C@H]2[C@@H]3CC=C4C[C@@H](O)CC[C@]4(C)[C@H]3CC[C@]12C,AVSXSVCZWQODGV-DPAQBDIFSA-N,439577,hit,CID439577,NO_CID_476856130d7e,,hit,1,,1,1,1,1
86,COC(=O)[C@@]12C(=O)C(C)=C(O)[C@]1(C)C(C)=C[C@H]1[C@]3(C)CC[C@H](OC(C)=O)C(C)(C)[C@H]3CC[C@@]12C,True,COC(=O)C12C(=O)C(C)=C(O)C1(C)C(C)=CC1C3(C)CCC(OC(C)=O)C(C)(C)C3CCC12C,COC(=O)[C@@]12C(=O)C(C)=C(O)[C@]1(C)C(C)=C[C@H]1[C@]3(C)CC[C@H](OC(C)=O)C(C)(C)[C@H]3CC[C@@]12C,AWMJEDMVXAOTQZ-QUQNHZJXSA-N,9982260,hit,CID9982260,NO_CID_83fba5182bb9,,hit,1,,1,1,1,1
87,C=CCCCCCCC(=O)O,True,C=CCCCCCCC(=O)O,C=CCCCCCCC(=O)O,AWQOXJOAQMCOED-UHFFFAOYSA-N,35860,hit,CID35860,NO_CID_d81837c4f50f,,hit,1,,1,1,1,1
88,OCc1ccc(-c2ccccc2)cc1,True,OCc1ccc(-c2ccccc2)cc1,OCc1ccc(-c2ccccc2)cc1,AXCHZLOJGKSWLV-UHFFFAOYSA-N,19186,hit,CID19186,NO_CID_d2a1aa0f7780,,hit,1,,1,1,1,1
89,c1cc2ccc3c4ccc5cc4c(c1)c2c53,True,c1cc2ccc3c4ccc5cc4c(c1)c2c53,c1cc2ccc3c4ccc5cc4c(c1)c2c53,AXFBAIOSECPASO-UHFFFAOYSA-N,90044747,hit,CID90044747,NO_CID_7fca21577c03,,hit,1,,1,1,1,1
90,N#CCc1ccc(O)cc1,True,N#CCc1ccc(O)cc1,N#CCc1ccc(O)cc1,AYKYOOPFBCOXSL-UHFFFAOYSA-N,26548,hit,CID26548,NO_CID_0318bfc7fb0b,,hit,1,,1,1,1,1
91,NC(Cc1c[nH]c2cccc(-c3ccncc3)c12)C(=O)O,True,NC(Cc1c[nH]c2cccc(-c3ccncc3)c12)C(=O)O,NC(Cc1c[nH]c2cccc(-c3ccncc3)c12)C(=O)O,AYMSBKPUYIOUER-UHFFFAOYSA-N,122499609,hit,CID122499609,NO_CID_2acf6a1c6535,,hit,1,,1,1,1,1
92,COC1=C[C@@]23CCN(C)[C@@H](CCc4cc(OC)c(OC)c(OC)c42)C3=CC1=O,True,COC1=CC23CCN(C)C(CCc4cc(OC)c(OC)c(OC)c42)C3=CC1=O,COC1=C[C@@]23CCN(C)[C@@H](CCc4cc(OC)c(OC)c(OC)c42)C3=CC1=O,AYPIIWGCGUQVNZ-OYHNWAKOSA-N,15286666,hit,CID15286666,NO_CID_bad77edf0130,,hit,1,,1,1,1,1
93,O=C1c2cc(O)cc(O)c2C(=O)c2c1cc1c(c2O)[C@@H]2CCO[C@@H]2O1,True,O=C1c2cc(O)cc(O)c2C(=O)c2c1cc1c(c2O)C2CCOC2O1,O=C1c2cc(O)cc(O)c2C(=O)c2c1cc1c(c2O)[C@@H]2CCO[C@@H]2O1,BABJNKGTTYCTOO-ULCDLSAGSA-N,107849,hit,CID107849,NO_CID_3002eec55ab0,,hit,1,,1,1,1,1
94,Cc1c(CC(N)C=O)c2cc(-c3ccncc3)ccc2n1C,True,Cc1c(CC(N)C=O)c2cc(-c3ccncc3)ccc2n1C,Cc1c(CC(N)C=O)c2cc(-c3ccncc3)ccc2n1C,BABVMUKWYHHQCL-UHFFFAOYSA-N,,still_error,NO_CID_3c2bde26e134,NO_CID_3c2bde26e134,,still_error,0,URLError: <urlopen error [SSL: UNEXPECTED_EOF_WHILE_READING] EOF occurred in violation of protocol (_ssl.c:1000)>,1,1,1,1
95,CCCCCCCCCCCCCCCC(=O)N[C@@H](Cc1ccccc1)C(=O)O,True,CCCCCCCCCCCCCCCC(=O)NC(Cc1ccccc1)C(=O)O,CCCCCCCCCCCCCCCC(=O)N[C@@H](Cc1ccccc1)C(=O)O,BAHIJPSQSKWCJX-QHCPKHFHSA-N,181534,hit,CID181534,NO_CID_1dfd69c01db5,,hit,1,,1,0,0,1
96,O=C1CCCCCCCC1,True,O=C1CCCCCCCC1,O=C1CCCCCCCC1,BAUZLFKYYIVGPM-UHFFFAOYSA-N,76877,hit,CID76877,NO_CID_351cbe81cdfe,,hit,1,,1,1,1,1
97,C=C(C)C1CC=C(C)C(O)C1,True,C=C(C)C1CC=C(C)C(O)C1,C=C(C)C1CC=C(C)C(O)C1,BAVONGHXFVOKBV-UHFFFAOYSA-N,7438,hit,CID7438,NO_CID_82e96bbd1e46,,hit,1,,1,1,1,1
98,CC(=O)OC1CC2C(C)(C)OC(=O)CC(OC(C)=O)C2(C)C2CCC3(C)C(=CCC3C(CO)CC(O)C3OC3(C)C)C12C,True,CC(=O)OC1CC2C(C)(C)OC(=O)CC(OC(C)=O)C2(C)C2CCC3(C)C(=CCC3C(CO)CC(O)C3OC3(C)C)C12C,CC(=O)OC1CC2C(C)(C)OC(=O)CC(OC(C)=O)C2(C)C2CCC3(C)C(=CCC3C(CO)CC(O)C3OC3(C)C)C12C,BBCQAEMIGQXEIR-UHFFFAOYSA-N,,cid0_no_match,NO_CID_cee4f5af775e,NO_CID_cee4f5af775e,,cid0_no_match,0,,1,1,1,1
99,c1cc2ccc3cccc4ccc(c1)c2c34,True,c1cc2ccc3cccc4ccc(c1)c2c34,c1cc2ccc3cccc4ccc(c1)c2c34,BBEAQIROQSPTKN-UHFFFAOYSA-N,31423,hit,CID31423,NO_CID_2440abfbb1f9,,hit,1,,1,1,1,1
100,CC1=C(SCCCCS)C(=O)CC(C)(C)C1(O)/C=C/C(C)=C/C(=O)O,True,CC(C=CC1(O)C(C)=C(SCCCCS)C(=O)CC1(C)C)=CC(=O)O,CC1=C(SCCCCS)C(=O)CC(C)(C)C1(O)/C=C/C(C)=C/C(=O)O,BBJQYCGIARABGM-IGOCJVNJSA-N,,cid0_no_match,NO_CID_19f2f9320d64,NO_CID_19f2f9320d64,,cid0_no_match,0,,1,1,1,1
101,CCCCCCCO,True,CCCCCCCO,CCCCCCCO,BBMCTIGTTCKYKF-UHFFFAOYSA-N,8129,hit,CID8129,NO_CID_ca8f78da4d57,,hit,1,,1,1,1,1
102,CC(C)C1=CC2=CC[C@H]3C(C)(C)CCC[C@]3(C)[C@H]2CC1,True,CC(C)C1=CC2=CCC3C(C)(C)CCCC3(C)C2CC1,CC(C)C1=CC2=CC[C@H]3C(C)(C)CCC[C@]3(C)[C@H]2CC1,BBPXZLJCPUPNGH-CMKODMSKSA-N,443470,hit,CID443470,NO_CID_703de6ad1d1f,,hit,1,,1,1,1,1
103,O=C(O)/C=C/c1ccccc1[N+](=O)[O-],True,O=C(O)C=Cc1ccccc1[N+](=O)[O-],O=C(O)/C=C/c1ccccc1[N+](=O)[O-],BBQDLDVSEDAYAA-AATRIKPKSA-N,735923,hit,CID735923,NO_CID_4faa19b4e4af,,hit,1,,1,1,1,1
104,O=C(O)c1ccc(F)cc1,True,O=C(O)c1ccc(F)cc1,O=C(O)c1ccc(F)cc1,BBYDXOIZLAWGSL-UHFFFAOYSA-N,9973,hit,CID9973,NO_CID_c8f2d5a63919,,hit,1,,1,1,1,1
105,CN(C)CCCN1c2ccccc2CCc2ccccc21,True,CN(C)CCCN1c2ccccc2CCc2ccccc21,CN(C)CCCN1c2ccccc2CCc2ccccc21,BCGWQEUPMDMJNV-UHFFFAOYSA-N,3696,hit,CID3696,NO_CID_7b7f78b53f36,,hit,1,,1,1,1,1
106,CCCO,True,CCCO,CCCO,BDERNNFJNOPAEC-UHFFFAOYSA-N,1031,hit,CID1031,NO_CID_462b618a7419,,hit,1,,1,1,1,1
107,O=C(O)CCCCCCCC(=O)O,True,O=C(O)CCCCCCCC(=O)O,O=C(O)CCCCCCCC(=O)O,BDJRBEYXGGNYIS-UHFFFAOYSA-N,2266,hit,CID2266,NO_CID_6bea15c4dcd2,,hit,1,,1,1,1,1
108,O=C1N[C@@H](Cc2c[nH]c3cccc(F)c23)C(=O)N2CCC[C@@H]12,True,O=C1NC(Cc2c[nH]c3cccc(F)c23)C(=O)N2CCCC12,O=C1N[C@@H](Cc2c[nH]c3cccc(F)c23)C(=O)N2CCC[C@@H]12,BDTWCDGKPNOPEO-STQMWFEESA-N,168007541,hit,CID168007541,NO_CID_62d12e15dbdd,,hit,1,,1,1,1,1
109,CC/C=C\C[C@H]1C(=O)CC[C@@H]1CC(O)=N[C@@H](CC(C)C)C(=O)O,True,CCC=CCC1C(=O)CCC1CC(O)=NC(CC(C)C)C(=O)O,CC/C=C\C[C@H]1C(=O)CC[C@@H]1CC(O)=N[C@@H](CC(C)C)C(=O)O,BDUIIOHQSYPXRT-CLDKDVBBSA-N,14455513,hit,CID14455513,NO_CID_5abeb90cf900,,hit,1,,1,1,1,1
110,C/C(=C\c1csc(C)n1)[C@@H]1C/C=C\CCC[C@H](C)[C@H](O)[C@@H](C)C(=O)C(C)(C)[C@@H](O)CC(=O)O1,True,CC(=Cc1csc(C)n1)C1CC=CCCCC(C)C(O)C(C)C(=O)C(C)(C)C(O)CC(=O)O1,C/C(=C\c1csc(C)n1)[C@@H]1C/C=C\CCC[C@H](C)[C@H](O)[C@@H](C)C(=O)C(C)(C)[C@@H](O)CC(=O)O1,BEFZAMRWPCMWFJ-QJKGZULSSA-N,9891226,hit,CID9891226,NO_CID_96157ebeec6d,,hit,1,,1,1,1,1
111,Cc1[nH]c2c(C3CC3)cccc2c1CC(N)C(=O)O,True,Cc1[nH]c2c(C3CC3)cccc2c1CC(N)C(=O)O,Cc1[nH]c2c(C3CC3)cccc2c1CC(N)C(=O)O,BEGKRCKLJNQZDV-UHFFFAOYSA-N,122499616,hit,CID122499616,NO_CID_8ba233629b63,,hit,1,,1,1,1,1
112,CC12CCC(CC1)C2(C)C,True,CC12CCC(CC1)C2(C)C,CC12CCC(CC1)C2(C)C,BEWYHVAWEKZDPP-UHFFFAOYSA-N,92108,hit,CID92108,NO_CID_83d165691ca8,,hit,1,,1,1,1,1
113,Cc1c(CC(N)C=O)c2cc(Br)ccc2n1C,True,Cc1c(CC(N)C=O)c2cc(Br)ccc2n1C,Cc1c(CC(N)C=O)c2cc(Br)ccc2n1C,BFCNVWLYLMVEGK-UHFFFAOYSA-N,,cid0_no_match,NO_CID_ae353a37af88,NO_CID_ae353a37af88,,cid0_no_match,0,,1,1,1,1
114,CCCCC[C@@H](/C=C/C=C\C/C=C\C/C=C\CCCC(=O)[O-])OO,True,CCCCCC(C=CC=CCC=CCC=CCCCC(=O)[O-])OO,CCCCC[C@@H](/C=C/C=C\C/C=C\C/C=C\CCCC(=O)[O-])OO,BFWYTORDSFIVKP-VAEKSGALSA-M,21158477,hit,CID21158477,NO_CID_aea8fc2f80e1,,hit,1,,1,1,1,1
115,CCCCC[C@@H](/C=C/C=C\C/C=C\C/C=C\CCCC(=O)O)OO,True,CCCCCC(C=CC=CCC=CCC=CCCCC(=O)O)OO,CCCCC[C@@H](/C=C/C=C\C/C=C\C/C=C\CCCC(=O)O)OO,BFWYTORDSFIVKP-VAEKSGALSA-N,5280893,hit,CID5280893,NO_CID_daec9e2b9724,,hit,1,,1,1,1,1
116,CC(=O)[C@H]1CC[C@H]2[C@@H]3CCC4=CC(=O)CC[C@]4(C)[C@H]3[C@@H](O)C[C@]12C,True,CC(=O)C1CCC2C3CCC4=CC(=O)CCC4(C)C3C(O)CC12C,CC(=O)[C@H]1CC[C@H]2[C@@H]3CCC4=CC(=O)CC[C@]4(C)[C@H]3[C@@H](O)C[C@]12C,BFZHCUBIASXHPK-ATWVFEABSA-N,101788,hit,CID101788,NO_CID_1d9390073de8,,hit,1,,1,1,1,1
117,COc1c2ccoc2cc2oc(=O)ccc12,True,COc1c2ccoc2cc2oc(=O)ccc12,COc1c2ccoc2cc2oc(=O)ccc12,BGEBZHIAGXMEMV-UHFFFAOYSA-N,2355,hit,CID2355,NO_CID_8668dff2dd77,,hit,1,,1,1,1,1
118,C[C@H](CCC[C@@H](C)C=O)[C@H]1CC[C@H]2[C@@H]3CCC4=CC(=O)CC[C@]4(C)[C@H]3CC[C@]12C,True,CC(C=O)CCCC(C)C1CCC2C3CCC4=CC(=O)CCC4(C)C3CCC12C,C[C@H](CCC[C@@H](C)C=O)[C@H]1CC[C@H]2[C@@H]3CCC4=CC(=O)CC[C@]4(C)[C@H]3CC[C@]12C,BGGFPZPRXRJKGG-LUZKGJLSSA-N,86290155,hit,CID86290155,NO_CID_a631a523415f,,hit,1,,1,1,1,1
119,C[C@H](C=O)CCC[C@@H](C)[C@H]1CC[C@H]2[C@@H]3CCC4=CC(=O)CC[C@]4(C)[C@H]3CC[C@]12C,True,CC(C=O)CCCC(C)C1CCC2C3CCC4=CC(=O)CCC4(C)C3CCC12C,C[C@H](C=O)CCC[C@@H](C)[C@H]1CC[C@H]2[C@@H]3CCC4=CC(=O)CC[C@]4(C)[C@H]3CC[C@]12C,BGGFPZPRXRJKGG-NYJSJAOLSA-N,86290156,hit,CID86290156,NO_CID_e96ba027ac20,,hit,1,,1,1,1,1
120,CCCCCCCCCCCCCC,True,CCCCCCCCCCCCCC,CCCCCCCCCCCCCC,BGHCVCJVXZWKCC-UHFFFAOYSA-N,12389,rescued_retry,CID12389,NO_CID_a6b6ad6ec3ac,,rescued_retry,1,URLError: <urlopen error [SSL: UNEXPECTED_EOF_WHILE_READING] EOF occurred in violation of protocol (_ssl.c:1000)>,1,1,1,1
121,CCCCC[C@H](O)/C=C/[C@H]1C=CC(=O)[C@@H]1CCCCCCC(=O)O,True,CCCCCC(O)C=CC1C=CC(=O)C1CCCCCCC(=O)O,CCCCC[C@H](O)/C=C/[C@H]1C=CC(=O)[C@@H]1CCCCCCC(=O)O,BGKHCLZFGPIKKU-LDDQNKHRSA-N,5281912,hit,CID5281912,NO_CID_2b4ba2acf5d9,,hit,1,,1,1,1,1
122,COc1ccc(CCCCC(=O)O)cc1,True,COc1ccc(CCCCC(=O)O)cc1,COc1ccc(CCCCC(=O)O)cc1,BGPOHJSGSYVQSU-UHFFFAOYSA-N,344501,hit,CID344501,NO_CID_1545f985150e,,hit,1,,1,0,1,1
123,C/C=C/C(=O)C1=C(C)CCCC1(C)C,True,CC=CC(=O)C1=C(C)CCCC1(C)C,C/C=C/C(=O)C1=C(C)CCCC1(C)C,BGTBFNDXYDYBEY-FNORWQNLSA-N,5374527,hit,CID5374527,NO_CID_ac892452b78f,,hit,1,,1,1,1,1
124,CC(C)C1=CCC2=C(CC[C@H]3C(C)(C)CCC[C@]23C)C1,True,CC(C)C1=CCC2=C(CCC3C(C)(C)CCCC23C)C1,CC(C)C1=CCC2=C(CC[C@H]3C(C)(C)CCC[C@]23C)C1,BGVUIJDZTQIJIO-AZUAARDMSA-N,20837867,hit,CID20837867,NO_CID_d1143a77cdee,,hit,1,,1,1,1,1
125,COc1ccc(C[C@H]2c3cc(O)c(OC)cc3CCN2C)cc1O,True,COc1ccc(CC2c3cc(O)c(OC)cc3CCN2C)cc1O,COc1ccc(C[C@H]2c3cc(O)c(OC)cc3CCN2C)cc1O,BHLYRWXGMIUIHG-HNNXBMFYSA-N,439653,hit,CID439653,NO_CID_65b284808d05,,hit,1,,1,1,1,1
126,COc1ccc(C[C@@H]2c3cc(O)c(OC)cc3CCN2C)cc1O,True,COc1ccc(CC2c3cc(O)c(OC)cc3CCN2C)cc1O,COc1ccc(C[C@@H]2c3cc(O)c(OC)cc3CCN2C)cc1O,BHLYRWXGMIUIHG-OAHLLOKOSA-N,440586,hit,CID440586,NO_CID_da8360865d14,,hit,1,,1,1,1,1
127,C[C@H](CCC(=O)O)[C@H]1CC[C@H]2[C@@H]3[C@H](O)C[C@@H]4C[C@H](O)CC[C@]4(C)[C@H]3C[C@H](O)[C@]12C,True,CC(CCC(=O)O)C1CCC2C3C(O)CC4CC(O)CCC4(C)C3CC(O)C12C,C[C@H](CCC(=O)O)[C@H]1CC[C@H]2[C@@H]3[C@H](O)C[C@@H]4C[C@H](O)CC[C@]4(C)[C@H]3C[C@H](O)[C@]12C,BHQCQFFYRZLCQQ-OELDTZBJSA-N,221493,hit,CID221493,NO_CID_f773a2297c91,,hit,1,,1,1,1,1
128,CC1=CC[C@@H]2C(=C(C)C)CC[C@@]2(C)CC1,True,CC1=CCC2C(=C(C)C)CCC2(C)CC1,CC1=CC[C@@H]2C(=C(C)C)CC[C@@]2(C)CC1,BHSLMCXELUOVBY-HUUCEWRRSA-N,146672860,hit,CID146672860,NO_CID_c9e0579cc11a,,hit,1,,1,1,1,1
129,C[C@H](CCC(=O)NCCS(=O)(=O)O)[C@H]1CC[C@H]2[C@@H]3[C@H](O)C[C@@H]4C[C@H](O)CC[C@]4(C)[C@H]3CC[C@]12C,True,CC(CCC(=O)NCCS(=O)(=O)O)C1CCC2C3C(O)CC4CC(O)CCC4(C)C3CCC12C,C[C@H](CCC(=O)NCCS(=O)(=O)O)[C@H]1CC[C@H]2[C@@H]3[C@H](O)C[C@@H]4C[C@H](O)CC[C@]4(C)[C@H]3CC[C@]12C,BHTRKEVKTKCXOH-BJLOMENOSA-N,387316,hit,CID387316,NO_CID_c7275000e10a,,hit,1,,1,1,1,1
130,Cc1c(CC(N)C(=O)O)c2cc(-c3ccncc3)ccc2n1C,True,Cc1c(CC(N)C(=O)O)c2cc(-c3ccncc3)ccc2n1C,Cc1c(CC(N)C(=O)O)c2cc(-c3ccncc3)ccc2n1C,BHWWJQDUYUIRHY-UHFFFAOYSA-N,126584122,hit,CID126584122,NO_CID_1759c739f326,,hit,1,,1,1,1,1
131,CC(C)CCC[C@@H](C)[C@H]1CC[C@H]2[C@@H]3CC=C4C[C@@H](OS(=O)(=O)O)CC[C@]4(C)[C@H]3CC[C@]12C,True,CC(C)CCCC(C)C1CCC2C3CC=C4CC(OS(=O)(=O)O)CCC4(C)C3CCC12C,CC(C)CCC[C@@H](C)[C@H]1CC[C@H]2[C@@H]3CC=C4C[C@@H](OS(=O)(=O)O)CC[C@]4(C)[C@H]3CC[C@]12C,BHYOQNUELFTYRT-DPAQBDIFSA-N,65076,hit,CID65076,NO_CID_b552fa3192a4,,hit,1,,1,1,1,1
132,CC[C@H](C)[C@H]1C(C)=C[C@H]2C[C@@H](C)C[C@@H](C)[C@@H]2[C@@]1(C)C(=O)/C=C\O,True,CCC(C)C1C(C)=CC2CC(C)CC(C)C2C1(C)C(=O)C=CO,CC[C@H](C)[C@H]1C(C)=C[C@H]2C[C@@H](C)C[C@@H](C)[C@@H]2[C@@]1(C)C(=O)/C=C\O,BINVZINZKJFBTL-OJLAHJFYSA-N,122370693,hit,CID122370693,NO_CID_f22c3780e06c,,hit,1,,1,1,1,1
133,CC[C@@H](C)[C@H]1C(C)=C[C@H]2C[C@@H](C)C[C@@H](C)[C@@H]2[C@@]1(C)C(=O)/C=C\O,True,CCC(C)C1C(C)=CC2CC(C)CC(C)C2C1(C)C(=O)C=CO,CC[C@@H](C)[C@H]1C(C)=C[C@H]2C[C@@H](C)C[C@@H](C)[C@@H]2[C@@]1(C)C(=O)/C=C\O,BINVZINZKJFBTL-QQJLSPJJSA-N,139291715,hit,CID139291715,NO_CID_eb68178bc643,,hit,1,,1,1,1,1
134,Cc1cccc2c(CC(N)C(=O)O)c(C)n(C)c12,True,Cc1cccc2c(CC(N)C(=O)O)c(C)n(C)c12,Cc1cccc2c(CC(N)C(=O)O)c(C)n(C)c12,BIWVCJDOKOEKPN-UHFFFAOYSA-N,134259614,hit,CID134259614,NO_CID_6c7044f705d5,,hit,1,,1,1,1,1
135,COc1cc(/C=C/c2ccccc2)cc(OC)c1,True,COc1cc(C=Cc2ccccc2)cc(OC)c1,COc1cc(/C=C/c2ccccc2)cc(OC)c1,BIYGTLDPTJMNET-CMDGGOBGSA-N,5316874,hit,CID5316874,NO_CID_b6d8d1f87077,,hit,1,,1,1,1,1
136,Nc1cccc(-c2ccc(S(N)(=O)=O)cc2)c1,True,Nc1cccc(-c2ccc(S(N)(=O)=O)cc2)c1,Nc1cccc(-c2ccc(S(N)(=O)=O)cc2)c1,BJLAHYUZLVYPAA-UHFFFAOYSA-N,112499923,hit,CID112499923,NO_CID_2f0adbe6f1b8,,hit,1,,1,1,1,1
137,N[C@@H](Cc1c[nH]c2ccc(Cl)cc12)C(=O)NC1CCN(Cc2c[nH]c3ccc(Cl)cc23)CC1,True,NC(Cc1c[nH]c2ccc(Cl)cc12)C(=O)NC1CCN(Cc2c[nH]c3ccc(Cl)cc23)CC1,N[C@@H](Cc1c[nH]c2ccc(Cl)cc12)C(=O)NC1CCN(Cc2c[nH]c3ccc(Cl)cc23)CC1,BJPLGTMYTDRCKD-QFIPXVFZSA-N,134821715,hit,CID134821715,NO_CID_86135c4cee97,,hit,1,,1,1,1,1
138,CCCCCCCCC,True,CCCCCCCCC,CCCCCCCCC,BKIMMITUMNQMOS-UHFFFAOYSA-N,8141,hit,CID8141,NO_CID_108f43e75351,,hit,1,,1,1,1,1
139,O=C(O)c1ccc(CCBr)cc1,True,O=C(O)c1ccc(CCBr)cc1,O=C(O)c1ccc(CCBr)cc1,BKMRWJWLBHHGCF-UHFFFAOYSA-N,104068,hit,CID104068,NO_CID_372daed41eaf,,hit,1,,1,1,1,1
140,CC1=CC[C@@H](C2=CCCC(C)(C)C2)CC1,True,CC1=CCC(C2=CCCC(C)(C)C2)CC1,CC1=CC[C@@H](C2=CCCC(C)(C)C2)CC1,BKRLNEMLMVJATK-CYBMUJFWSA-N,49859620,hit,CID49859620,NO_CID_092fc19cccb8,,hit,1,,1,1,1,1
141,CC[C@@H]1NC(=O)[C@H](Cc2c[nH]c3ccccc23)NC1=O,True,CCC1NC(=O)C(Cc2c[nH]c3ccccc23)NC1=O,CC[C@@H]1NC(=O)[C@H](Cc2c[nH]c3ccccc23)NC1=O,BLROIZPIUOLTDB-AAEUAGOBSA-N,155921268,hit,CID155921268,NO_CID_b6c6f194f5f6,,hit,1,,1,1,1,1
142,CC1=C\[C@@H](C)[C@@H](O)/C=C/CC/C=C/C=C/C[C@@H]([C@@H](C)CCC(O)C(C)C(O)C(C)C(C)O)OC(=O)\C(C)=C\1,True,CC1=CC(C)C(O)C=CCCC=CC=CCC(C(C)CCC(O)C(C)C(O)C(C)C(C)O)OC(=O)C(C)=C1,CC1=C\[C@@H](C)[C@@H](O)/C=C/CC/C=C/C=C/C[C@@H]([C@@H](C)CCC(O)C(C)C(O)C(C)C(C)O)OC(=O)\C(C)=C\1,BLYZUBYBBZIPIQ-XYLUMZEPSA-N,163187517,hit,CID163187517,NO_CID_b1dcd36fe1a5,,hit,1,,1,1,1,1
143,C=C1[C@@H](OC(C)=O)CC[C@@]2(C)C[C@H](O)C3=C(C)CC[C@@H](C[C@H]12)C3(C)C,True,C=C1C(OC(C)=O)CCC2(C)CC(O)C3=C(C)CCC(CC12)C3(C)C,C=C1[C@@H](OC(C)=O)CC[C@@]2(C)C[C@H](O)C3=C(C)CC[C@@H](C[C@H]12)C3(C)C,BMPKIAPYMZISRD-PQTWGXLHSA-N,443488,hit,CID443488,NO_CID_d6947767ab83,,hit,1,,1,1,1,1
144,C=C1[C@@H](OC(C)=O)CC[C@@]2(C)C[C@H](O)C3=C(C)CCC(C[C@H]12)C3(C)C,True,C=C1C(OC(C)=O)CCC2(C)CC(O)C3=C(C)CCC(CC12)C3(C)C,C=C1[C@@H](OC(C)=O)CC[C@@]2(C)C[C@H](O)C3=C(C)CCC(C[C@H]12)C3(C)C,BMPKIAPYMZISRD-UEJCCDMKSA-N,,cid0_no_match,NO_CID_d4cfe9948efe,NO_CID_d4cfe9948efe,,cid0_no_match,0,,1,1,1,1
145,COc1cc2c(cc1OC)[C@@H]1Cc3ccc(OC)c(OC)c3C[N@+]1(C)CC2,True,COc1cc2c(cc1OC)C1Cc3ccc(OC)c(OC)c3C[N+]1(C)CC2,COc1cc2c(cc1OC)[C@@H]1Cc3ccc(OC)c(OC)c3C[N@+]1(C)CC2,BMQBFTBKHPYZFM-MBSDFSHPSA-N,1275593,hit,CID1275593,NO_CID_4c53abc4b049,,hit,1,,1,1,1,1
146,O=C(/C=C/c1ccc(O)cc1)O[C@H]1C[C@@](O)(C(=O)O)C[C@H](O)[C@@H]1O,True,O=C(C=Cc1ccc(O)cc1)OC1CC(O)(C(=O)O)CC(O)C1O,O=C(/C=C/c1ccc(O)cc1)O[C@H]1C[C@@](O)(C(=O)O)C[C@H](O)[C@@H]1O,BMRSEYFENKXDIS-LUTKEZBSSA-N,14158103,hit,CID14158103,NO_CID_89ebc34a0c23,,hit,1,,1,1,1,1
147,O=C(/C=C/c1ccc(O)cc1)O[C@@H]1C[C@](O)(C(=O)O)C[C@@H](O)[C@H]1O,True,O=C(C=Cc1ccc(O)cc1)OC1CC(O)(C(=O)O)CC(O)C1O,O=C(/C=C/c1ccc(O)cc1)O[C@@H]1C[C@](O)(C(=O)O)C[C@@H](O)[C@H]1O,BMRSEYFENKXDIS-OTCYKTEZSA-N,6441280,hit,CID6441280,NO_CID_19ed08e3e454,,hit,1,,1,1,1,1
148,Cc1ccc2c(CC(N)C=O)c(C)n(C)c2c1,True,Cc1ccc2c(CC(N)C=O)c(C)n(C)c2c1,Cc1ccc2c(CC(N)C=O)c(C)n(C)c2c1,BNPUENZGQVCFDD-UHFFFAOYSA-N,,cid0_no_match,NO_CID_f421f0f77eb3,NO_CID_f421f0f77eb3,,cid0_no_match,0,,1,1,1,1
149,C=CCc1cc(OC)c2c(c1)OCO2,True,C=CCc1cc(OC)c2c(c1)OCO2,C=CCc1cc(OC)c2c(c1)OCO2,BNWJOHGLIBDBOB-UHFFFAOYSA-N,4276,hit,CID4276,NO_CID_bfd4b7b4ff06,,hit,1,,1,1,1,1
150,COc1cc2c(cc1O)[C@H](Cc1ccc(O)cc1)N(C)CC2,True,COc1cc2c(cc1O)C(Cc1ccc(O)cc1)N(C)CC2,COc1cc2c(cc1O)[C@H](Cc1ccc(O)cc1)N(C)CC2,BOKVLBSSPUTWLV-INIZCTEOSA-N,440584,hit,CID440584,NO_CID_e2809fee49f3,,hit,1,,1,1,1,1
151,COc1cc2c(cc1O)[C@@H](Cc1ccc(O)cc1)N(C)CC2,True,COc1cc2c(cc1O)C(Cc1ccc(O)cc1)N(C)CC2,COc1cc2c(cc1O)[C@@H](Cc1ccc(O)cc1)N(C)CC2,BOKVLBSSPUTWLV-MRXNPFEDSA-N,440595,hit,CID440595,NO_CID_60926b9429c1,,hit,1,,1,1,1,1
152,N=C(O)C1=CN([C@@H]2O[C@H](COP(=O)(O)OP(=O)(O)OC[C@H]3O[C@@H](n4cnc5c(N)ncnc54)[C@H](O)[C@@H]3O)[C@@H](O)[C@H]2O)C=CC1,True,N=C(O)C1=CN(C2OC(COP(=O)(O)OP(=O)(O)OCC3OC(n4cnc5c(N)ncnc54)C(O)C3O)C(O)C2O)C=CC1,N=C(O)C1=CN([C@@H]2O[C@H](COP(=O)(O)OP(=O)(O)OC[C@H]3O[C@@H](n4cnc5c(N)ncnc54)[C@H](O)[C@@H]3O)[C@@H](O)[C@H]2O)C=CC1,BOPGDPNILDQYTO-NNYOXOHSSA-N,439153,hit,CID439153,NO_CID_6906a7cbcd02,,hit,1,,1,1,1,1
153,Cn1cc(CC(N)C(=O)O)c2ccc(-c3ccccc3)cc21,True,Cn1cc(CC(N)C(=O)O)c2ccc(-c3ccccc3)cc21,Cn1cc(CC(N)C(=O)O)c2ccc(-c3ccccc3)cc21,BOVAAWFVARKTKC-UHFFFAOYSA-N,134259605,rescued_retry,CID134259605,NO_CID_e325845380b0,,rescued_retry,1,URLError: <urlopen error [SSL: UNEXPECTED_EOF_WHILE_READING] EOF occurred in violation of protocol (_ssl.c:1000)>,1,1,1,1
154,CC[C@H](C)C(=O)O[C@H]1CCC=C2C=C[C@H](C)[C@H](CC[C@@H](O)C[C@@H](O)CC(=O)O)[C@H]21,True,CCC(C)C(=O)OC1CCC=C2C=CC(C)C(CCC(O)CC(O)CC(=O)O)C21,CC[C@H](C)C(=O)O[C@H]1CCC=C2C=C[C@H](C)[C@H](CC[C@@H](O)C[C@@H](O)CC(=O)O)[C@H]21,BOZILQFLQYBIIY-INTXDZFKSA-N,446154,hit,CID446154,NO_CID_570de7eaf5d9,,hit,1,,1,1,1,1
155,CCC(C)c1ccc(C(=O)OC)cc1S(=O)(=O)N=[N+]=[N-],True,CCC(C)c1ccc(C(=O)OC)cc1S(=O)(=O)N=[N+]=[N-],CCC(C)c1ccc(C(=O)OC)cc1S(=O)(=O)N=[N+]=[N-],BPFWVPZRQPMHKF-UHFFFAOYSA-N,,cid0_no_match,NO_CID_88488a06a6bd,NO_CID_88488a06a6bd,,cid0_no_match,0,,1,1,1,1
156,CC1=CC[C@H]2[C@@H](C1)C2(C)C,True,CC1=CCC2C(C1)C2(C)C,CC1=CC[C@H]2[C@@H](C1)C2(C)C,BQOFWKZOCNGFEC-DTWKUNHWSA-N,442461,hit,CID442461,NO_CID_9464e4c88819,,hit,1,,1,1,1,1
157,Cn1cc(CC(N)C(=O)O)c2cc(-c3ccccc3)ccc21,True,Cn1cc(CC(N)C(=O)O)c2cc(-c3ccccc3)ccc21,Cn1cc(CC(N)C(=O)O)c2cc(-c3ccccc3)ccc21,BRAFNDLEGMINKC-UHFFFAOYSA-N,122499516,hit,CID122499516,NO_CID_54aaa5d860ab,,hit,1,,1,1,1,1
158,C=Cc1cccc2c(CC(N)C(=O)O)c(C)n(C)c12,True,C=Cc1cccc2c(CC(N)C(=O)O)c(C)n(C)c12,C=Cc1cccc2c(CC(N)C(=O)O)c(C)n(C)c12,BRNJNYMBRODTBE-UHFFFAOYSA-N,122499576,hit,CID122499576,NO_CID_28ada5183215,,hit,1,,1,1,1,1
159,C1CSCCN1,True,C1CSCCN1,C1CSCCN1,BRNULMACUQOKMR-UHFFFAOYSA-N,67164,hit,CID67164,NO_CID_8565a6000ce2,,hit,1,,1,1,0,1
160,CNc1c2ccccc2nc2ccccc12,True,CNc1c2ccccc2nc2ccccc12,CNc1c2ccccc2nc2ccccc12,BSDDSRKVZZVVQX-UHFFFAOYSA-N,31503,hit,CID31503,NO_CID_ab873282f8c7,,hit,1,,1,1,1,1
161,Cc1[nH]c2c(O)cccc2c1CC(N)C(=O)O,True,Cc1[nH]c2c(O)cccc2c1CC(N)C(=O)O,Cc1[nH]c2c(O)cccc2c1CC(N)C(=O)O,BSLGLLAIJMZTRS-UHFFFAOYSA-N,82389796,hit,CID82389796,NO_CID_bc4bcbd4d240,,hit,1,,1,1,1,1
162,CCC(C)CC(C)CC(C)CC(C)=O,True,CCC(C)CC(C)CC(C)CC(C)=O,CCC(C)CC(C)CC(C)CC(C)=O,BTJCLODZUWAGCT-UHFFFAOYSA-N,85373505,hit,CID85373505,NO_CID_ff48582daa8e,,hit,1,,1,1,1,1
163,O=[N+]([O-])c1ccc(O)cc1,True,O=[N+]([O-])c1ccc(O)cc1,O=[N+]([O-])c1ccc(O)cc1,BTJIUGUIPKRLHP-UHFFFAOYSA-N,980,hit,CID980,NO_CID_45b4bf14191c,,hit,1,,1,1,1,1
164,CC/C=C/C/C(=C/C/C=C/CCCCCCCC(=O)O)OO,True,CCC=CCC(=CCC=CCCCCCCCC(=O)O)OO,CC/C=C/C/C(=C/C/C=C/CCCCCCCC(=O)O)OO,BUZKSRWFBUELQO-QNSXOYJESA-N,21902206,hit,CID21902206,NO_CID_5e36f0098f5e,,hit,1,,1,1,1,1
165,COc1ccc2c(CC(N)C(=O)O)c(C)[nH]c2c1,True,COc1ccc2c(CC(N)C(=O)O)c(C)[nH]c2c1,COc1ccc2c(CC(N)C(=O)O)c(C)[nH]c2c1,BVPQDROTRQJVDO-UHFFFAOYSA-N,,cid0_no_match,NO_CID_d35e27e97712,NO_CID_d35e27e97712,,cid0_no_match,0,,1,1,1,1
166,CCC/C=C\c1ccccc1/C=C/C(=O)N[C@@H]1C(=O)N(C)/C(=C/c2ccc(O)cc2)C(=O)N[C@@H](CC(C)C)C(=O)N[C@H](Cc2ccccc2)C(=O)N[C@@H]([C@H](C)O)C(=O)N[C@@H](CC(N)=O)C(=O)N[C@@H](CO)C(=O)O[C@@H]1C,True,CCCC=Cc1ccccc1C=CC(=O)NC1C(=O)N(C)C(=Cc2ccc(O)cc2)C(=O)NC(CC(C)C)C(=O)NC(Cc2ccccc2)C(=O)NC(C(C)O)C(=O)NC(CC(N)=O)C(=O)NC(CO)C(=O)OC1C,CCC/C=C\c1ccccc1/C=C/C(=O)N[C@@H]1C(=O)N(C)/C(=C/c2ccc(O)cc2)C(=O)N[C@@H](CC(C)C)C(=O)N[C@H](Cc2ccccc2)C(=O)N[C@@H]([C@H](C)O)C(=O)N[C@@H](CC(N)=O)C(=O)N[C@@H](CO)C(=O)O[C@@H]1C,BVVWVQZZLUNSNV-QMXPZCTJSA-N,6918144,hit,CID6918144,NO_CID_88c7550ff4a4,,hit,1,,1,1,0,1
167,CCCCCc1cccc(O)c1CO,True,CCCCCc1cccc(O)c1CO,CCCCCc1cccc(O)c1CO,BVZSJLRAINTEAD-UHFFFAOYSA-N,132961839,hit,CID132961839,NO_CID_e910efcbcc2e,,hit,1,,1,1,1,1
168,C=C1/C(=C\C=C2/CCC[C@]3(C)[C@@H]([C@H](C)CCC(=O)C(C)(C)O)CC[C@@H]23)C[C@@H](O)C[C@@H]1O,True,C=C1C(=CC=C2CCCC3(C)C2CCC3C(C)CCC(=O)C(C)(C)O)CC(O)CC1O,C=C1/C(=C\C=C2/CCC[C@]3(C)[C@@H]([C@H](C)CCC(=O)C(C)(C)O)CC[C@@H]23)C[C@@H](O)C[C@@H]1O,BWFQMABKLLTETH-YGQRWWDYSA-N,5283703,hit,CID5283703,NO_CID_1dd3f57ab3c4,,hit,1,,1,1,1,1
169,O=C1N[C@@H](Cc2ccc(O)c(F)c2)C(=O)N[C@H]1Cc1ccc(O)cc1,True,O=C1NC(Cc2ccc(O)c(F)c2)C(=O)NC1Cc1ccc(O)cc1,O=C1N[C@@H](Cc2ccc(O)c(F)c2)C(=O)N[C@H]1Cc1ccc(O)cc1,BWLHGYWAFIMGJI-GJZGRUSLSA-N,146020566,hit,CID146020566,NO_CID_f7a5eb320f7d,,hit,1,,1,1,1,1
170,COc1cc2c(cc1O)C[C@H]1c3cc(O)c(OC)cc3CCN1C2,True,COc1cc2c(cc1O)CC1c3cc(O)c(OC)cc3CCN1C2,COc1cc2c(cc1O)C[C@H]1c3cc(O)c(OC)cc3CCN1C2,BWUQAWCUJMATJS-HNNXBMFYSA-N,7037179,hit,CID7037179,NO_CID_f7a34f11beee,,hit,1,,1,1,1,1
171,O=C(O)CCCCc1ccc(F)cc1,True,O=C(O)CCCCc1ccc(F)cc1,O=C(O)CCCCc1ccc(F)cc1,BXEFPLJKYWEEAN-UHFFFAOYSA-N,2734670,hit,CID2734670,NO_CID_1f4b64a40fae,,hit,1,,1,1,1,1
172,CC(C)=CCC[C@@H](C)[C@H]1CC[C@@]2(C)[C@@H]3CC=C4[C@@H](CC[C@H](O)C4(C)C)[C@]3(C)C(O)C[C@]12C,True,CC(C)=CCCC(C)C1CCC2(C)C3CC=C4C(CCC(O)C4(C)C)C3(C)C(O)CC12C,CC(C)=CCC[C@@H](C)[C@H]1CC[C@@]2(C)[C@@H]3CC=C4[C@@H](CC[C@H](O)C4(C)C)[C@]3(C)C(O)C[C@]12C,BXJMMHFVUAQJBV-MZIJZGQDSA-N,171904453,hit,CID171904453,NO_CID_7784ef799644,,hit,1,,1,1,1,1
173,CC(C)=CCC[C@@H](C)[C@H]1CC[C@@]2(C)[C@@H]3CC=C4[C@@H](CC[C@H](O)C4(C)C)[C@]3(C)[C@H](O)C[C@]12C,True,CC(C)=CCCC(C)C1CCC2(C)C3CC=C4C(CCC(O)C4(C)C)C3(C)C(O)CC12C,CC(C)=CCC[C@@H](C)[C@H]1CC[C@@]2(C)[C@@H]3CC=C4[C@@H](CC[C@H](O)C4(C)C)[C@]3(C)[C@H](O)C[C@]12C,BXJMMHFVUAQJBV-WSZKGZBVSA-N,131801253,hit,CID131801253,NO_CID_1dae9db222f2,,hit,1,,1,1,1,1
174,CC1CCOC2(C(O)C(C)(O)CO)NC(=O)C1NC2=O,True,CC1CCOC2(C(O)C(C)(O)CO)NC(=O)C1NC2=O,CC1CCOC2(C(O)C(C)(O)CO)NC(=O)C1NC2=O,BXNDMHSEWSMSNI-UHFFFAOYSA-N,,cid0_no_match,NO_CID_d2f393f2fa35,NO_CID_d2f393f2fa35,,cid0_no_match,0,,1,1,1,1
175,CC/C=C\C[C@H]1C(=O)CC[C@@H]1CC(O)=N[C@@H](Cc1ccccc1)C(=O)O,True,CCC=CCC1C(=O)CCC1CC(O)=NC(Cc1ccccc1)C(=O)O,CC/C=C\C[C@H]1C(=O)CC[C@@H]1CC(O)=N[C@@H](Cc1ccccc1)C(=O)O,BYYWRCJZFSTRMQ-WSKZCNLGSA-N,14455523,hit,CID14455523,NO_CID_40db7ef2031f,,hit,1,,1,1,1,1
176,Cc1c(CC(N)C(=O)O)c2c(N)cccc2n1C,True,Cc1c(CC(N)C(=O)O)c2c(N)cccc2n1C,Cc1c(CC(N)C(=O)O)c2c(N)cccc2n1C,BZMYKJSEGQVVPK-UHFFFAOYSA-N,134259616,hit,CID134259616,NO_CID_c31eb2705a44,,hit,1,,1,1,1,1
177,CC(C)C[C@@H]1NC(=O)[C@H](Cc2c[nH]c3ccccc23)NC1=O,True,CC(C)CC1NC(=O)C(Cc2c[nH]c3ccccc23)NC1=O,CC(C)C[C@@H]1NC(=O)[C@H](Cc2c[nH]c3ccccc23)NC1=O,BZUNCDPEEKFTCX-GJZGRUSLSA-N,3082081,hit,CID3082081,NO_CID_4f153beecfd0,,hit,1,,1,1,1,1
178,CC(C)=CCC[C@@H](C)[C@H]1CC[C@@]2(C)C3=C(CC[C@]12C)[C@@]1(C)CC[C@H](O)C(C)(C)[C@@H]1CC3,True,CC(C)=CCCC(C)C1CCC2(C)C3=C(CCC12C)C1(C)CCC(O)C(C)(C)C1CC3,CC(C)=CCC[C@@H](C)[C@H]1CC[C@@]2(C)C3=C(CC[C@]12C)[C@@]1(C)CC[C@H](O)C(C)(C)[C@@H]1CC3,CAHGCLMLTWQZNJ-BQNIITSRSA-N,246983,hit,CID246983,NO_CID_5bcb20826360,,hit,1,,1,1,1,1
179,C=CCCCCCCCCCCCCC(=O)O,True,C=CCCCCCCCCCCCCC(=O)O,C=CCCCCCCCCCCCCC(=O)O,CAHZYAQCDBBLER-UHFFFAOYSA-N,543854,hit,CID543854,NO_CID_502b77398120,,hit,1,,1,1,1,1
180,C[C@]12CC[C@@H](O)C[C@@H]1CC[C@@H]1[C@@H]2CC[C@]2(C)[C@@H](O)CC[C@@H]12,True,CC12CCC3C(CCC4CC(O)CCC43C)C1CCC2O,C[C@]12CC[C@@H](O)C[C@@H]1CC[C@@H]1[C@@H]2CC[C@]2(C)[C@@H](O)CC[C@@H]12,CBMYJHIOYJEBSB-KHOSGYARSA-N,15818,hit,CID15818,NO_CID_0b8ab0202f2e,,hit,1,,1,1,1,1
181,C[C@]12CC[C@H](O)C[C@@H]1CC[C@@H]1[C@@H]2CC[C@]2(C)[C@@H](O)CC[C@@H]12,True,CC12CCC3C(CCC4CC(O)CCC43C)C1CCC2O,C[C@]12CC[C@H](O)C[C@@H]1CC[C@@H]1[C@@H]2CC[C@]2(C)[C@@H](O)CC[C@@H]12,CBMYJHIOYJEBSB-YSZCXEEOSA-N,242332,hit,CID242332,NO_CID_14d12f0b42c0,,hit,1,,1,1,1,1
182,CCCCCCCCCCCCCC(O)CC(=O)[O-],True,CCCCCCCCCCCCCC(O)CC(=O)[O-],CCCCCCCCCCCCCC(O)CC(=O)[O-],CBWALJHXHCJYTE-UHFFFAOYSA-M,22183159,hit,CID22183159,NO_CID_cbdf8c8a7591,,hit,1,,1,1,1,1
183,CCCCCCCCCCCCCC(O)CC(=O)O,True,CCCCCCCCCCCCCC(O)CC(=O)O,CCCCCCCCCCCCCC(O)CC(=O)O,CBWALJHXHCJYTE-UHFFFAOYSA-N,301590,hit,CID301590,NO_CID_ad6f8e78c82e,,hit,1,,1,1,1,1
184,CCCCCC1OC1C/C=C\CCCCCCCC(=O)[O-],True,CCCCCC1OC1CC=CCCCCCCCC(=O)[O-],CCCCCC1OC1C/C=C\CCCCCCCC(=O)[O-],CCPPLLJZDQAOHD-FLIBITNWSA-M,25246088,hit,CID25246088,NO_CID_60e51d1bae43,,hit,1,,1,1,1,1
185,CCCCCC1OC1CC=CCCCCCCCC(=O)[O-],True,CCCCCC1OC1CC=CCCCCCCCC(=O)[O-],CCCCCC1OC1CC=CCCCCCCCC(=O)[O-],CCPPLLJZDQAOHD-UHFFFAOYSA-M,25203590,hit,CID25203590,NO_CID_814ffe1695ad,,hit,1,,1,1,1,1
186,C#Cc1cccc2c(C[C@H](N)C(=O)O)c[nH]c12,True,C#Cc1cccc2c(CC(N)C(=O)O)c[nH]c12,C#Cc1cccc2c(C[C@H](N)C(=O)O)c[nH]c12,CCTSBGGERAGBGJ-NSHDSACASA-N,122499597,hit,CID122499597,NO_CID_66709c37cb9a,,hit,1,,1,1,1,1
187,C#Cc1cccc2c(CC(N)C(=O)O)c[nH]c12,True,C#Cc1cccc2c(CC(N)C(=O)O)c[nH]c12,C#Cc1cccc2c(CC(N)C(=O)O)c[nH]c12,CCTSBGGERAGBGJ-UHFFFAOYSA-N,122499614,hit,CID122499614,NO_CID_29a5fcaab9a4,,hit,1,,1,1,1,1
188,O=C(O)Cc1ccccc1O,True,O=C(O)Cc1ccccc1O,O=C(O)Cc1ccccc1O,CCVYRRGZDBSHFU-UHFFFAOYSA-N,11970,hit,CID11970,NO_CID_4f1c24de3886,,hit,1,,1,1,1,1
189,C=C1CCOC(=O)CCCCC(C)C1OC(=O)c1ccccc1-n1cc(CN(C)C)nn1,True,C=C1CCOC(=O)CCCCC(C)C1OC(=O)c1ccccc1-n1cc(CN(C)C)nn1,C=C1CCOC(=O)CCCCC(C)C1OC(=O)c1ccccc1-n1cc(CN(C)C)nn1,CCYHIJJFSXRERC-UHFFFAOYSA-N,,cid0_no_match,NO_CID_88889edc0977,NO_CID_88889edc0977,,cid0_no_match,0,,1,1,1,1
190,Cc1c(CC(N)C(=O)O)c2ccc(O)cc2n1C,True,Cc1c(CC(N)C(=O)O)c2ccc(O)cc2n1C,Cc1c(CC(N)C(=O)O)c2ccc(O)cc2n1C,CDKHXSKPFOOHIB-UHFFFAOYSA-N,122499589,hit,CID122499589,NO_CID_5216acc5f5a0,,hit,1,,1,1,1,1
191,C=C[C@](C)(O)CCC=C(C)C,True,C=CC(C)(O)CCC=C(C)C,C=C[C@](C)(O)CCC=C(C)C,CDOSHBSSFJOMGT-JTQLQIEISA-N,443158,hit,CID443158,NO_CID_510696aec308,,hit,1,,1,1,1,1
192,C=C[C@@](C)(O)CCC=C(C)C,True,C=CC(C)(O)CCC=C(C)C,C=C[C@@](C)(O)CCC=C(C)C,CDOSHBSSFJOMGT-SNVBAGLBSA-N,67179,hit,CID67179,NO_CID_9fe75ce28bc6,,hit,1,,1,1,1,1
193,C=CC(C)(O)CCC=C(C)C,True,C=CC(C)(O)CCC=C(C)C,C=CC(C)(O)CCC=C(C)C,CDOSHBSSFJOMGT-UHFFFAOYSA-N,6549,hit,CID6549,NO_CID_2db8df98067d,,hit,1,,1,1,1,1
194,C=C[C@](C)(O)CC[C@H]1C(=C)CC[C@H]2C(C)(C)CCC[C@]12C,True,C=CC(C)(O)CCC1C(=C)CCC2C(C)(C)CCCC12C,C=C[C@](C)(O)CC[C@H]1C(=C)CC[C@H]2C(C)(C)CCC[C@]12C,CECREIRZLPLYDM-QGZVKYPTSA-N,3034394,hit,CID3034394,NO_CID_8e3540f57f87,,hit,1,,1,1,0,1
195,Clc1cc(Cl)c(Cl)c(Cl)c1Cl,True,Clc1cc(Cl)c(Cl)c(Cl)c1Cl,Clc1cc(Cl)c(Cl)c(Cl)c1Cl,CEOCDNVZRAIOQZ-UHFFFAOYSA-N,11855,hit,CID11855,NO_CID_629c7410c997,,hit,1,,1,1,1,1
196,C=C(C)[C@@H]1CC[C@]2(C1)[C@H](C)C[C@H](O)C[C@@H]2C=O,True,C=C(C)C1CCC2(C1)C(C)CC(O)CC2C=O,C=C(C)[C@@H]1CC[C@]2(C1)[C@H](C)C[C@H](O)C[C@@H]2C=O,CEVNHRPKRNTGKO-ZSAUSMIDSA-N,442383,hit,CID442383,NO_CID_9432ef6cbf9c,,hit,1,,1,1,1,1
197,C=Cc1ccc(C(F)(F)F)cc1,True,C=Cc1ccc(C(F)(F)F)cc1,C=Cc1ccc(C(F)(F)F)cc1,CEWDRCQPGANDRS-UHFFFAOYSA-N,2782798,hit,CID2782798,NO_CID_c705cd67d300,,hit,1,,1,1,1,1
198,CSc1cccc2c(CC(N)C(=O)O)cn(C)c12,True,CSc1cccc2c(CC(N)C(=O)O)cn(C)c12,CSc1cccc2c(CC(N)C(=O)O)cn(C)c12,CFFKUDSQEZKWHJ-UHFFFAOYSA-N,122499662,hit,CID122499662,NO_CID_13df7b05f13b,,hit,1,,1,1,1,1
199,O=C([O-])Cc1ccc(O)c(O)c1,True,O=C([O-])Cc1ccc(O)c(O)c1,O=C([O-])Cc1ccc(O)c(O)c1,CFFZDZCDUFSOFZ-UHFFFAOYSA-M,5460350,hit,CID5460350,NO_CID_b62be82a371d,,hit,1,,1,1,1,1
200,O=C(O)Cc1ccc(O)c(O)c1,True,O=C(O)Cc1ccc(O)c(O)c1,O=C(O)Cc1ccc(O)c(O)c1,CFFZDZCDUFSOFZ-UHFFFAOYSA-N,547,hit,CID547,NO_CID_1c1ef95889fb,,hit,1,,1,1,1,1
201,Cn1cc(CC(N)C(=O)O)c2cc(O)ccc21,True,Cn1cc(CC(N)C(=O)O)c2cc(O)ccc21,Cn1cc(CC(N)C(=O)O)c2cc(O)ccc21,CFQLKSUWOXWKAG-UHFFFAOYSA-N,71058588,hit,CID71058588,NO_CID_732e83ee6776,,hit,1,,1,1,1,1
202,C[C@@H]1Cc2c3c(cc(O)c2C(=O)O1)O[C@@]1(C)CC[C@H]2C(C)(C)C(=O)CC[C@]2(C)[C@@H]1C3,True,CC1Cc2c3c(cc(O)c2C(=O)O1)OC1(C)CCC2C(C)(C)C(=O)CCC2(C)C1C3,C[C@@H]1Cc2c3c(cc(O)c2C(=O)O1)O[C@@]1(C)CC[C@H]2C(C)(C)C(=O)CC[C@]2(C)[C@@H]1C3,CFWQLQINZAVWGP-IZCXAEKASA-N,101565498,hit,CID101565498,NO_CID_c9077dc372ed,,hit,1,,1,1,0,1
203,CCN(CC)Cc1cn(C(C)C(=O)OC2C=CCCOC(=O)CCCCC2C)nn1,True,CCN(CC)Cc1cn(C(C)C(=O)OC2C=CCCOC(=O)CCCCC2C)nn1,CCN(CC)Cc1cn(C(C)C(=O)OC2C=CCCOC(=O)CCCCC2C)nn1,CGNKXWSWLKLFDM-UHFFFAOYSA-N,,cid0_no_match,NO_CID_d1826f61be14,NO_CID_d1826f61be14,,cid0_no_match,0,,1,1,1,1
204,NC(Cc1c[nH]c2ccc(-c3ccncc3)cc12)C(=O)O,True,NC(Cc1c[nH]c2ccc(-c3ccncc3)cc12)C(=O)O,NC(Cc1c[nH]c2ccc(-c3ccncc3)cc12)C(=O)O,CGSIBBBXEBYOCG-UHFFFAOYSA-N,122499592,hit,CID122499592,NO_CID_ceecddd49675,,hit,1,,1,1,1,1
205,CC(C)=C[C@H](O)c1cc(O)ccc1O,True,CC(C)=CC(O)c1cc(O)ccc1O,CC(C)=C[C@H](O)c1cc(O)ccc1O,CHZDTTBNXYFJIX-NSHDSACASA-N,,cid0_no_match,NO_CID_f0b585bc5f58,NO_CID_f0b585bc5f58,,cid0_no_match,0,,1,1,1,1
206,CN1Cc2c(ccc3c2OCO3)-c2ccc3cc4c(cc3c21)OCO4,True,CN1Cc2c(ccc3c2OCO3)-c2ccc3cc4c(cc3c21)OCO4,CN1Cc2c(ccc3c2OCO3)-c2ccc3cc4c(cc3c21)OCO4,CIUHLXZTZWTVFL-UHFFFAOYSA-N,124069,hit,CID124069,NO_CID_599d1265c69a,,hit,1,,1,1,1,1
207,O=C1O[C@H]([C@@H](O)CO)C(O)=C1O,True,O=C1OC(C(O)CO)C(O)=C1O,O=C1O[C@H]([C@@H](O)CO)C(O)=C1O,CIWBSHSKHKDKBQ-JLAZNSOCSA-N,54670067,hit,CID54670067,NO_CID_ba826380b26a,,hit,1,,1,1,1,1
208,O=C(O)CCc1ccccc1O,True,O=C(O)CCc1ccccc1O,O=C(O)CCc1ccccc1O,CJBDUOMQLFKVQC-UHFFFAOYSA-N,873,hit,CID873,NO_CID_475ec154dcb1,,hit,1,,1,1,1,1
209,CCC(C)CC(C)CC(C)CC(C)CO,True,CCC(C)CC(C)CC(C)CC(C)CO,CCC(C)CC(C)CC(C)CC(C)CO,CJSXPAYXWVVXHE-UHFFFAOYSA-N,11665668,hit,CID11665668,NO_CID_955c986ef995,,hit,1,,1,1,1,1
210,O=C/C=C/c1ccc(O)cc1,True,O=CC=Cc1ccc(O)cc1,O=C/C=C/c1ccc(O)cc1,CJXMVKYNVIGQBS-OWOJBTEDSA-N,641301,hit,CID641301,NO_CID_b579220a7b9f,,hit,1,,1,1,1,1
211,COc1ccc([C@@H]2CC(=O)c3c(O)cc(OC)cc3O2)cc1,True,COc1ccc(C2CC(=O)c3c(O)cc(OC)cc3O2)cc1,COc1ccc([C@@H]2CC(=O)c3c(O)cc(OC)cc3O2)cc1,CKEXCBVNKRHAMX-HNNXBMFYSA-N,14057196,hit,CID14057196,NO_CID_82d963dc620e,,hit,1,,1,1,1,1
212,COc1ccc(C2CC(=O)c3c(O)cc(OC)cc3O2)cc1,True,COc1ccc(C2CC(=O)c3c(O)cc(OC)cc3O2)cc1,COc1ccc(C2CC(=O)c3c(O)cc(OC)cc3O2)cc1,CKEXCBVNKRHAMX-UHFFFAOYSA-N,321346,hit,CID321346,NO_CID_33bd0f26982f,,hit,1,,1,1,1,1
213,CC1=CC(C)(OO)C=C(C)C1=O,True,CC1=CC(C)(OO)C=C(C)C1=O,CC1=CC(C)(OO)C=C(C)C1=O,CKLSVNJAXXVWMK-UHFFFAOYSA-N,11332688,hit,CID11332688,NO_CID_62fd42e84fa9,,hit,1,,1,1,1,1
214,CC(C)c1ccc(C(=O)O)cc1,True,CC(C)c1ccc(C(=O)O)cc1,CC(C)c1ccc(C(=O)O)cc1,CKMXAIVXVKGGFM-UHFFFAOYSA-N,10820,hit,CID10820,NO_CID_20fe1ae55cd9,,hit,1,,1,1,1,1
215,C/C=C1/CN2[C@H]3C[C@@H]1C1[C@@H](OC(C)=O)[C@@]4(C[C@@H]12)C3=Nc1ccccc14,True,CC=C1CN2C3CC1C1C2CC2(C3=Nc3ccccc32)C1OC(C)=O,C/C=C1/CN2[C@H]3C[C@@H]1C1[C@@H](OC(C)=O)[C@@]4(C[C@@H]12)C3=Nc1ccccc14,CLDVMRAEPFQOSD-WEOXKLFPSA-N,5281974,hit,CID5281974,NO_CID_1a9ba4d7ad4d,,hit,1,,1,1,1,1
216,C/C(=C\CC/C(C)=C/CC/C(C)=C/CC/C(C)=C/CO)CO,True,CC(=CCCC(C)=CCCC(C)=CCCC(C)=CCO)CO,C/C(=C\CC/C(C)=C/CC/C(C)=C/CC/C(C)=C/CO)CO,CLOPQFCHWDTGFD-BMTMAWCHSA-N,11243710,hit,CID11243710,NO_CID_d0c6bc95838d,,hit,1,,1,1,1,1
217,CC[C@H]1OC(=O)[C@H](C)[C@@H](O[C@H]2C[C@@](C)(O)[C@@H](O)[C@H](C)O2)[C@H](C)[C@@H](O[C@@H]2O[C@H](C)C[C@H](N(C)C)[C@H]2O)[C@](C)(O)C[C@@H](C)C(=O)[C@H](C)[C@@H](O)[C@H]1C,True,CCC1OC(=O)C(C)C(OC2CC(C)(O)C(O)C(C)O2)C(C)C(OC2OC(C)CC(N(C)C)C2O)C(C)(O)CC(C)C(=O)C(C)C(O)C1C,CC[C@H]1OC(=O)[C@H](C)[C@@H](O[C@H]2C[C@@](C)(O)[C@@H](O)[C@H](C)O2)[C@H](C)[C@@H](O[C@@H]2O[C@H](C)C[C@H](N(C)C)[C@H]2O)[C@](C)(O)C[C@@H](C)C(=O)[C@H](C)[C@@H](O)[C@H]1C,CLQUUOKNEOQBSW-KEGKUKQHSA-N,24755489,hit,CID24755489,NO_CID_e76b84c9244a,,hit,1,,1,1,1,1
218,CC[C@H]1/C=C/C=C/C[C@@H](C)[C@H](O)[C@H](C)C(=O)[C@@H](C)[C@H](O)[C@@H](C)C(=O)[C@@H](C)[C@H](O)[C@@H](C)/C=C/C(=O)O[C@@H]2[C@H](C)[C@H](CC1)O[C@]1(CC[C@H](C)[C@H](C[C@@H](C)O)O1)[C@H]2C,True,CCC1C=CC=CCC(C)C(O)C(C)C(=O)C(C)C(O)C(C)C(=O)C(C)C(O)C(C)C=CC(=O)OC2C(C)C(CC1)OC1(CCC(C)C(CC(C)O)O1)C2C,CC[C@H]1/C=C/C=C/C[C@@H](C)[C@H](O)[C@H](C)C(=O)[C@@H](C)[C@H](O)[C@@H](C)C(=O)[C@@H](C)[C@H](O)[C@@H](C)/C=C/C(=O)O[C@@H]2[C@H](C)[C@H](CC1)O[C@]1(CC[C@H](C)[C@H](C[C@@H](C)O)O1)[C@H]2C,CMMLZMMKTYEOKV-RDKHTNMBSA-N,76958644,hit,CID76958644,NO_CID_1e9ae291245f,,hit,1,,1,1,1,1
219,COc1cc(/C=C/c2ccccc2)cc(OC)c1OC,True,COc1cc(C=Cc2ccccc2)cc(OC)c1OC,COc1cc(/C=C/c2ccccc2)cc(OC)c1OC,CMQGCWMEXQRWSS-MDZDMXLPSA-N,5878893,hit,CID5878893,NO_CID_71cce64eb2c9,,hit,1,,1,1,1,1
220,Oc1ccc(CC2C[NH2+]C(Cc3ccc(O)cc3)CN2)cc1,True,Oc1ccc(CC2C[NH2+]C(Cc3ccc(O)cc3)CN2)cc1,Oc1ccc(CC2C[NH2+]C(Cc3ccc(O)cc3)CN2)cc1,CMWOCHXOAOFYCY-UHFFFAOYSA-O,,cid0_no_match,NO_CID_c458058f0d2c,NO_CID_c458058f0d2c,,cid0_no_match,0,,1,1,1,1
221,COC(=O)c1ccc(C2CCCC2)c(S(=O)(=O)N=[N+]=[N-])c1,True,COC(=O)c1ccc(C2CCCC2)c(S(=O)(=O)N=[N+]=[N-])c1,COC(=O)c1ccc(C2CCCC2)c(S(=O)(=O)N=[N+]=[N-])c1,CNBGNBIYRZBYJF-UHFFFAOYSA-N,,cid0_no_match,NO_CID_402c05f4c645,NO_CID_402c05f4c645,,cid0_no_match,0,,1,1,1,1
222,CCC(O)CCCCCCCCCCC(=O)O,True,CCC(O)CCCCCCCCCCC(=O)O,CCC(O)CCCCCCCCCCC(=O)O,CNFJMOLKOFPBNF-UHFFFAOYSA-N,15584317,hit,CID15584317,NO_CID_5a88163d6d01,,hit,1,,1,1,1,1
223,O=C(O)[C@H](Cc1ccc(O)cc1)NO,True,O=C(O)C(Cc1ccc(O)cc1)NO,O=C(O)[C@H](Cc1ccc(O)cc1)NO,CNIUEVQJABPUIJ-QMMMGPOBSA-N,174052,hit,CID174052,NO_CID_3c0e81f7340b,,hit,1,,1,1,1,1
224,CC1=C(/C=C/C(C)O)C(C)(C)CCC1,True,CC1=C(C=CC(C)O)C(C)(C)CCC1,CC1=C(/C=C/C(C)O)C(C)(C)CCC1,CNOPDZWOYFOHGN-BQYQJAHWSA-N,5373729,hit,CID5373729,NO_CID_0aabbc909224,,hit,1,,1,1,1,1
225,C=C1[C@@H](OC(C)=O)C[C@H](O)[C@]2(C)[C@@H]1C[C@@H]1C[C@H](OC(C)=O)C(C)=C([C@@H](OC(C)=O)[C@@H]2OC(C)=O)C1(C)C,True,C=C1C(OC(C)=O)CC(O)C2(C)C1CC1CC(OC(C)=O)C(C)=C(C(OC(C)=O)C2OC(C)=O)C1(C)C,C=C1[C@@H](OC(C)=O)C[C@H](O)[C@]2(C)[C@@H]1C[C@@H]1C[C@H](OC(C)=O)C(C)=C([C@@H](OC(C)=O)[C@@H]2OC(C)=O)C1(C)C,CNURLWAZNDLNMK-CNZAUHOSSA-N,56927995,hit,CID56927995,NO_CID_4effa894f18e,,hit,1,,1,1,1,1
226,C=C1C(OC(C)=O)CC(O)C2(C)C1CC1CC(OC(C)=O)C(C)=C(C(OC(C)=O)C2OC(C)=O)C1(C)C,True,C=C1C(OC(C)=O)CC(O)C2(C)C1CC1CC(OC(C)=O)C(C)=C(C(OC(C)=O)C2OC(C)=O)C1(C)C,C=C1C(OC(C)=O)CC(O)C2(C)C1CC1CC(OC(C)=O)C(C)=C(C(OC(C)=O)C2OC(C)=O)C1(C)C,CNURLWAZNDLNMK-UHFFFAOYSA-N,76460765,hit,CID76460765,NO_CID_13bc14dc6105,,hit,1,,1,1,1,1
227,N[C@@H](Cc1ccccc1)C(=O)O,True,NC(Cc1ccccc1)C(=O)O,N[C@@H](Cc1ccccc1)C(=O)O,COLNVLDHVKWLRT-QMMMGPOBSA-N,6140,hit,CID6140,NO_CID_5a55901f37a4,,hit,1,,1,1,1,1
228,Cc1cc(OC(=O)c2c(C)cc(O)c(C)c2O)c(C)c([O-])c1C(=O)O,True,Cc1cc(OC(=O)c2c(C)cc(O)c(C)c2O)c(C)c([O-])c1C(=O)O,Cc1cc(OC(=O)c2c(C)cc(O)c(C)c2O)c(C)c([O-])c1C(=O)O,COUKTHZXLGYKPK-UHFFFAOYSA-M,164575963,hit,CID164575963,NO_CID_58d7e3a868c0,,hit,1,,1,1,1,1
229,O=C(c1ccccc1)c1c(O)cc(O)cc1O,True,O=C(c1ccccc1)c1c(O)cc(O)cc1O,O=C(c1ccccc1)c1c(O)cc(O)cc1O,CPEXFJVZFNYXGU-UHFFFAOYSA-N,77093,hit,CID77093,NO_CID_8d42ea3cafde,,hit,1,,1,1,1,1
230,CCOc1ccc(NC(C)=O)cc1,True,CCOc1ccc(NC(C)=O)cc1,CCOc1ccc(NC(C)=O)cc1,CPJSUEIXXCENMM-UHFFFAOYSA-N,4754,hit,CID4754,NO_CID_6c1443c8d080,,hit,1,,1,1,1,1
231,C=Cc1cccc2[nH]c(C)c(CC(N)C(=O)O)c12,True,C=Cc1cccc2[nH]c(C)c(CC(N)C(=O)O)c12,C=Cc1cccc2[nH]c(C)c(CC(N)C(=O)O)c12,CPRPUKGUERXREM-UHFFFAOYSA-N,134259611,hit,CID134259611,NO_CID_566f087ab358,,hit,1,,1,1,1,1
232,CC(C(O)CCC(C)(C)O)C1CCC2(O)C3=CC(=O)C4CC(O)CCC4(C)C3CCC12C,True,CC(C(O)CCC(C)(C)O)C1CCC2(O)C3=CC(=O)C4CC(O)CCC4(C)C3CCC12C,CC(C(O)CCC(C)(C)O)C1CCC2(O)C3=CC(=O)C4CC(O)CCC4(C)C3CCC12C,CRAPXAGGASWTPU-UHFFFAOYSA-N,13939870,hit,CID13939870,NO_CID_a2149a0973da,,hit,1,,1,1,1,1
233,CC(CCCC(C)(C)O)C1CCC2(O)C3=CC(=O)C4CC(O)CCC4(C)C3CCC12C,True,CC(CCCC(C)(C)O)C1CCC2(O)C3=CC(=O)C4CC(O)CCC4(C)C3CCC12C,CC(CCCC(C)(C)O)C1CCC2(O)C3=CC(=O)C4CC(O)CCC4(C)C3CCC12C,CRCTVUFFBCIURJ-UHFFFAOYSA-N,14017683,hit,CID14017683,NO_CID_7e7f52dff47f,,hit,1,,1,1,1,1
234,CCOc1ccc2nc3ccc(=O)cc-3oc2c1,True,CCOc1ccc2nc3ccc(=O)cc-3oc2c1,CCOc1ccc2nc3ccc(=O)cc-3oc2c1,CRCWUBLTFGOMDD-UHFFFAOYSA-N,3294,hit,CID3294,NO_CID_fb384a2041c8,,hit,1,,1,1,1,1
235,CC(C)=CCC/C(C)=C/CC/C(C)=C\CO,True,CC(C)=CCCC(C)=CCCC(C)=CCO,CC(C)=CCC/C(C)=C/CC/C(C)=C\CO,CRDAMVZIKSXKFV-PVMFERMNSA-N,1549108,hit,CID1549108,NO_CID_e67e63ec3aab,,hit,1,,1,1,1,1
236,CC(C)=CCC/C(C)=C/CC/C(C)=C/CO,True,CC(C)=CCCC(C)=CCCC(C)=CCO,CC(C)=CCC/C(C)=C/CC/C(C)=C/CO,CRDAMVZIKSXKFV-YFVJMOTDSA-N,445070,hit,CID445070,NO_CID_40a5042641a1,,hit,1,,1,1,1,1
237,C=C1Cc2ccc3[nH]c4c5c3c2[C@H]2[C@@H]1C[C@@H]2C(C)(C)O[C@H]5[C@@H]1CC[C@@]2(O)[C@@]35O[C@@H]3[C@@H](O)[C@@H](C(=C)C)O[C@H]5CC[C@]2(C)[C@@]41C,True,C=C1Cc2ccc3[nH]c4c5c3c2C2C1CC2C(C)(C)OC5C1CCC2(O)C35OC3C(O)C(C(=C)C)OC5CCC2(C)C41C,C=C1Cc2ccc3[nH]c4c5c3c2[C@H]2[C@@H]1C[C@@H]2C(C)(C)O[C@H]5[C@@H]1CC[C@@]2(O)[C@@]35O[C@@H]3[C@@H](O)[C@@H](C(=C)C)O[C@H]5CC[C@]2(C)[C@@]41C,CRPJNVUYZRFGAK-WKAGVDCZSA-N,3084087,hit,CID3084087,NO_CID_8e319fbcfaa7,,hit,1,,1,1,1,1
238,COC(=O)Cc1ccccc1,True,COC(=O)Cc1ccccc1,COC(=O)Cc1ccccc1,CRZQGDNQQAALAY-UHFFFAOYSA-N,7559,hit,CID7559,NO_CID_d5faafe22a9b,,hit,1,,1,1,1,1
239,O=C1C=C(O)C(=O)c2ccccc21,True,O=C1C=C(O)C(=O)c2ccccc21,O=C1C=C(O)C(=O)c2ccccc21,CSFWPUWCSPOLJW-UHFFFAOYSA-N,6755,hit,CID6755,NO_CID_dfad9b45f00c,,hit,1,,1,1,1,1
240,C=C[C@H]1[C@H](O[C@@H]2O[C@H](CO)[C@@H](O)[C@H](O)[C@H]2O)OC=C(C(=O)OC)[C@H]1CC=O,True,C=CC1C(OC2OC(CO)C(O)C(O)C2O)OC=C(C(=O)OC)C1CC=O,C=C[C@H]1[C@H](O[C@@H]2O[C@H](CO)[C@@H](O)[C@H](O)[C@H]2O)OC=C(C(=O)OC)[C@H]1CC=O,CSKKDSFETGLMSB-NRZPKYKESA-N,161276,hit,CID161276,NO_CID_5fbcd1c58020,,hit,1,,1,1,1,1
241,N[C@@H](Cc1c[nH]c2ccc(-c3ccccc3)cc12)C(=O)O,True,NC(Cc1c[nH]c2ccc(-c3ccccc3)cc12)C(=O)O,N[C@@H](Cc1c[nH]c2ccc(-c3ccccc3)cc12)C(=O)O,CTWATGUWCQRCOK-HNNXBMFYSA-N,10880485,hit,CID10880485,NO_CID_507f3d0d5cd5,,hit,1,,1,1,1,1
242,NC(Cc1c[nH]c2ccc(-c3ccccc3)cc12)C(=O)O,True,NC(Cc1c[nH]c2ccc(-c3ccccc3)cc12)C(=O)O,NC(Cc1c[nH]c2ccc(-c3ccccc3)cc12)C(=O)O,CTWATGUWCQRCOK-UHFFFAOYSA-N,85300171,hit,CID85300171,NO_CID_eb2e71c31a7d,,hit,1,,1,1,1,1
243,O=C1N[C@@H](Cc2c[nH]c3ccccc23)C(=O)N[C@H]1Cc1ccccc1,True,O=C1NC(Cc2c[nH]c3ccccc23)C(=O)NC1Cc1ccccc1,O=C1N[C@@H](Cc2c[nH]c3ccccc23)C(=O)N[C@H]1Cc1ccccc1,CUVKAUWOMPJEMI-ROUUACIJSA-N,7408486,hit,CID7408486,NO_CID_cbb26239feb8,,hit,1,,1,1,1,1
244,O=C(O)c1ccc(-c2cccs2)cc1,True,O=C(O)c1ccc(-c2cccs2)cc1,O=C(O)c1ccc(-c2cccs2)cc1,CVDUBQJEQNRCIZ-UHFFFAOYSA-N,736498,hit,CID736498,NO_CID_a2ed9b89dea1,,hit,1,,1,1,1,1
245,O=C1N[C@@H](Cc2c[nH]c3c(F)cccc23)C(=O)N2CCC[C@@H]12,True,O=C1NC(Cc2c[nH]c3c(F)cccc23)C(=O)N2CCCC12,O=C1N[C@@H](Cc2c[nH]c3c(F)cccc23)C(=O)N2CCC[C@@H]12,CVJZENQADBGPGL-STQMWFEESA-N,167714263,hit,CID167714263,NO_CID_f182b71a9829,,hit,1,,1,1,1,1
246,CC(C)[C@H](C)[C@@H](O)[C@H](O)[C@@H](C)[C@H]1CC[C@H]2[C@@H]3C[C@H](O)[C@H]4C[C@H](O)[C@H](O)C[C@]4(C)[C@H]3CC[C@]12C,True,CC(C)C(C)C(O)C(O)C(C)C1CCC2C3CC(O)C4CC(O)C(O)CC4(C)C3CCC12C,CC(C)[C@H](C)[C@@H](O)[C@H](O)[C@@H](C)[C@H]1CC[C@H]2[C@@H]3C[C@H](O)[C@H]4C[C@H](O)[C@H](O)C[C@]4(C)[C@H]3CC[C@]12C,CVXIEYXJQSRIAC-KLUYZAHOSA-N,15542699,hit,CID15542699,NO_CID_7b36c0a23ee8,,hit,1,,1,1,1,1
247,CC(C)C(C)C(O)C(O)C(C)C1CCC2C3CC(O)C4CC(O)C(O)CC4(C)C3CCC12C,True,CC(C)C(C)C(O)C(O)C(C)C1CCC2C3CC(O)C4CC(O)C(O)CC4(C)C3CCC12C,CC(C)C(C)C(O)C(O)C(C)C1CCC2C3CC(O)C4CC(O)C(O)CC4(C)C3CCC12C,CVXIEYXJQSRIAC-UHFFFAOYSA-N,73197911,hit,CID73197911,NO_CID_c20ccca24875,,hit,1,,1,1,1,1
248,c1cc2c3c(cccc3c1)CC2,True,c1cc2c3c(cccc3c1)CC2,c1cc2c3c(cccc3c1)CC2,CWRYPZZKDGJXCA-UHFFFAOYSA-N,6734,hit,CID6734,NO_CID_2ef4c4e022fb,,hit,1,,1,1,1,1
249,NC(CCOc1ccc(C(N)C(=O)NC2CN(C(C(=O)O)c3ccc(O)cc3)C2=O)cc1)C(=O)O,True,NC(CCOc1ccc(C(N)C(=O)NC2CN(C(C(=O)O)c3ccc(O)cc3)C2=O)cc1)C(=O)O,NC(CCOc1ccc(C(N)C(=O)NC2CN(C(C(=O)O)c3ccc(O)cc3)C2=O)cc1)C(=O)O,CWTCWGGPTVMMLT-UHFFFAOYSA-N,3042313,hit,CID3042313,NO_CID_39a6577ce6d9,,hit,1,,1,1,1,1
250,CC[C@@H](C)[C@H]1C(C)=C[C@H]2C[C@@H](C)C[C@@H](C)[C@@H]2[C@@]1(C)C(=O)CCO,True,CCC(C)C1C(C)=CC2CC(C)CC(C)C2C1(C)C(=O)CCO,CC[C@@H](C)[C@H]1C(C)=C[C@H]2C[C@@H](C)C[C@@H](C)[C@@H]2[C@@]1(C)C(=O)CCO,CWVNYXDUEQFYMM-YDGZXZOGSA-N,14078859,hit,CID14078859,NO_CID_3d20012745aa,,hit,1,,1,1,1,1
251,CC(=O)[C@@]1(O)[C@H](O)C[C@H]2[C@@H]3CCC4=CC(=O)CC[C@]4(C)[C@H]3CC[C@@]21C,True,CC(=O)C1(O)C(O)CC2C3CCC4=CC(=O)CCC4(C)C3CCC21C,CC(=O)[C@@]1(O)[C@H](O)C[C@H]2[C@@H]3CCC4=CC(=O)CC[C@]4(C)[C@H]3CC[C@@]21C,CXDWHYOBSJTRJU-SRWWVFQWSA-N,11687,hit,CID11687,NO_CID_543f8541c23a,,hit,1,,1,1,1,1
252,C=C/C(C)=C/C/C=C(\C)CCC=C(C)C,True,C=CC(C)=CCC=C(C)CCC=C(C)C,C=C/C(C)=C/C/C=C(\C)CCC=C(C)C,CXENHBSYCFFKJS-VDQVFBMKSA-N,5281516,hit,CID5281516,NO_CID_e0dc5db705ef,,hit,1,,1,1,1,1
253,O/N=C\Cc1ccccc1,True,ON=CCc1ccccc1,O/N=C\Cc1ccccc1,CXISHLWVCSLKOJ-CLFYSBASSA-N,5939523,hit,CID5939523,NO_CID_b55285269a72,,hit,1,,1,1,1,1
254,ON=CCc1ccccc1,True,ON=CCc1ccccc1,ON=CCc1ccccc1,CXISHLWVCSLKOJ-UHFFFAOYSA-N,99748,hit,CID99748,NO_CID_76b7d01fb0c2,,hit,1,,1,1,1,1
255,O/N=C/Cc1ccccc1,True,ON=CCc1ccccc1,O/N=C/Cc1ccccc1,CXISHLWVCSLKOJ-VQHVLOKHSA-N,9638853,hit,CID9638853,NO_CID_e1ae7d342d3f,,hit,1,,1,1,1,1
256,O=C(O)CCCCCCCCC(=O)O,True,O=C(O)CCCCCCCCC(=O)O,O=C(O)CCCCCCCCC(=O)O,CXMXRPHRNRROMY-UHFFFAOYSA-N,5192,hit,CID5192,NO_CID_8156b20c31aa,,hit,1,,1,1,1,1
257,O=C1c2c(O)cc(O)cc2O[C@H](c2ccc(O)c(O)c2)[C@H]1O,True,O=C1c2c(O)cc(O)cc2OC(c2ccc(O)c(O)c2)C1O,O=C1c2c(O)cc(O)cc2O[C@H](c2ccc(O)c(O)c2)[C@H]1O,CXQWRCVTCMQVQX-LSDHHAIUSA-N,439533,hit,CID439533,NO_CID_6a60f0ea3363,,hit,1,,1,1,1,1
258,O=C1c2c(O)cc(O)cc2OC(c2ccc(O)c(O)c2)C1O,True,O=C1c2c(O)cc(O)cc2OC(c2ccc(O)c(O)c2)C1O,O=C1c2c(O)cc(O)cc2OC(c2ccc(O)c(O)c2)C1O,CXQWRCVTCMQVQX-UHFFFAOYSA-N,471,hit,CID471,NO_CID_d4937f76bb37,,hit,1,,1,1,1,1
259,C[C@@H](CO)CCC[C@@H](C)[C@H]1CC[C@H]2[C@@H]3CCC4=CC(=O)CC[C@]4(C)[C@H]3CC[C@]12C,True,CC(CO)CCCC(C)C1CCC2C3CCC4=CC(=O)CCC4(C)C3CCC12C,C[C@@H](CO)CCC[C@@H](C)[C@H]1CC[C@H]2[C@@H]3CCC4=CC(=O)CC[C@]4(C)[C@H]3CC[C@]12C,CXUORUGFOXGJNY-LUZKGJLSSA-N,66932705,hit,CID66932705,NO_CID_d1c8930ad4ac,,hit,1,,1,1,1,1
260,C[C@H](CO)CCC[C@@H](C)[C@H]1CC[C@H]2[C@@H]3CCC4=CC(=O)CC[C@]4(C)[C@H]3CC[C@]12C,True,CC(CO)CCCC(C)C1CCC2C3CCC4=CC(=O)CCC4(C)C3CCC12C,C[C@H](CO)CCC[C@@H](C)[C@H]1CC[C@H]2[C@@H]3CCC4=CC(=O)CC[C@]4(C)[C@H]3CC[C@]12C,CXUORUGFOXGJNY-NYJSJAOLSA-N,66932809,hit,CID66932809,NO_CID_d2b81c0ce50a,,hit,1,,1,1,1,1
261,CCc1ccc(OP(=O)(O)O)cc1,True,CCc1ccc(OP(=O)(O)O)cc1,CCc1ccc(OP(=O)(O)O)cc1,CXYYVOJURSDSRL-UHFFFAOYSA-N,21989367,hit,CID21989367,NO_CID_abfd2117ef4e,,hit,1,,1,1,1,1
262,CN1[C@@H]2CC[C@H]1CC(O)C2,True,CN1C2CCC1CC(O)C2,CN1[C@@H]2CC[C@H]1CC(O)C2,CYHOMWAPJJPNMW-DHBOJHSNSA-N,449293,hit,CID449293,NO_CID_51ef51d6daa1,,hit,1,,1,1,1,1
263,COc1oc(CCC(C)=CC(C)=Cc2ccc(Cl)cc2)c(C)c(=O)c1C,True,COc1oc(CCC(C)=CC(C)=Cc2ccc(Cl)cc2)c(C)c(=O)c1C,COc1oc(CCC(C)=CC(C)=Cc2ccc(Cl)cc2)c(C)c(=O)c1C,CYIIYNSMUJIKCI-UHFFFAOYSA-N,74974976,hit,CID74974976,NO_CID_d3553fe3a676,,hit,1,,1,1,1,1
264,CC1=C2CC[C@H](C)[C@]23CC[C@@H](C3)C1(C)C,True,CC1=C2CCC(C)C23CCC(C3)C1(C)C,CC1=C2CC[C@H](C)[C@]23CC[C@@H](C3)C1(C)C,CYLSPJUZBPWJGC-ITDIGPHOSA-N,23724686,hit,CID23724686,NO_CID_c6a99f40710a,,hit,1,,1,1,1,1
265,CC(C)C1=CC[C@H]2C(=C1)CC[C@H]1[C@](C)(CO)CCC[C@]21C,True,CC(C)C1=CCC2C(=C1)CCC1C(C)(CO)CCCC21C,CC(C)C1=CC[C@H]2C(=C1)CC[C@H]1[C@](C)(CO)CCC[C@]21C,CYOURYOZWLIJFB-LWYYNNOASA-N,443475,hit,CID443475,NO_CID_6331dcd89a63,,hit,1,,1,1,1,1
266,CC(C)CCC[C@@H](C)[C@H]1CC[C@H]2[C@@H]3CC=C4[C@@H](O)[C@@H](O)CC[C@]4(C)[C@H]3CC[C@]12C,True,CC(C)CCCC(C)C1CCC2C3CC=C4C(O)C(O)CCC4(C)C3CCC12C,CC(C)CCC[C@@H](C)[C@H]1CC[C@H]2[C@@H]3CC=C4[C@@H](O)[C@@H](O)CC[C@]4(C)[C@H]3CC[C@]12C,CZDKQKOAHAICSF-JSAMMMMSSA-N,3247060,hit,CID3247060,NO_CID_3a119e622527,,hit,1,,1,1,1,1
267,C=C(CO)[C@@H]1CC[C@@H](C)[C@@H]2CCC(C)=C[C@@H]21,True,C=C(CO)C1CCC(C)C2CCC(C)=CC12,C=C(CO)[C@@H]1CC[C@@H](C)[C@@H]2CCC(C)=C[C@@H]21,CZSSHKCZSDDOAH-UNQGMJICSA-N,15983960,hit,CID15983960,NO_CID_73c6b9836c3e,,hit,1,,1,1,1,1
268,C=C(C)[C@H](CO)CC=C(C)C,True,C=C(C)C(CO)CC=C(C)C,C=C(C)[C@H](CO)CC=C(C)C,CZVXBFUKBZRMKR-JTQLQIEISA-N,5464156,rescued_retry,CID5464156,NO_CID_c5fc2b2f9639,,rescued_retry,1,URLError: <urlopen error [SSL: UNEXPECTED_EOF_WHILE_READING] EOF occurred in violation of protocol (_ssl.c:1000)>,1,1,1,1
269,C[C@]12CC[C@H](OS(=O)(=O)[O-])CC1=CC[C@@H]1[C@@H]2CC[C@]2(C)C(=O)CC[C@@H]12,True,CC12CCC3C(CC=C4CC(OS(=O)(=O)[O-])CCC43C)C1CCC2=O,C[C@]12CC[C@H](OS(=O)(=O)[O-])CC1=CC[C@@H]1[C@@H]2CC[C@]2(C)C(=O)CC[C@@H]12,CZWCKYRVOZZJNM-USOAJAOKSA-M,20057076,hit,CID20057076,NO_CID_6df061b34363,,hit,1,,1,1,1,1
270,C[C@]12CC[C@H](OS(=O)(=O)O)CC1=CC[C@@H]1[C@@H]2CC[C@]2(C)C(=O)CC[C@@H]12,True,CC12CCC3C(CC=C4CC(OS(=O)(=O)O)CCC43C)C1CCC2=O,C[C@]12CC[C@H](OS(=O)(=O)O)CC1=CC[C@@H]1[C@@H]2CC[C@]2(C)C(=O)CC[C@@H]12,CZWCKYRVOZZJNM-USOAJAOKSA-N,12594,hit,CID12594,NO_CID_d9a84f606efa,,hit,1,,1,1,1,1
271,c1ccc(Cc2ccccc2)cc1,True,c1ccc(Cc2ccccc2)cc1,c1ccc(Cc2ccccc2)cc1,CZZYITDELCSZES-UHFFFAOYSA-N,7580,hit,CID7580,NO_CID_05784e2ddd36,,hit,1,,1,1,1,1
272,CC1(C)O[C@H]1[C@H]1C[C@@H]([C@@H]2CC[C@]3(C)C4=CC[C@H]5C(C)(C)[C@@H](O)CC[C@]5(C)[C@H]4CC[C@@]23C)C(O)O1,True,CC1(C)OC1C1CC(C2CCC3(C)C4=CCC5C(C)(C)C(O)CCC5(C)C4CCC23C)C(O)O1,CC1(C)O[C@H]1[C@H]1C[C@@H]([C@@H]2CC[C@]3(C)C4=CC[C@H]5C(C)(C)[C@@H](O)CC[C@]5(C)[C@H]4CC[C@@]23C)C(O)O1,DABHSVCBZNIZDT-HMNDTQSQSA-N,171392381,hit,CID171392381,NO_CID_b359ec2cf87b,,hit,1,,1,1,1,1
273,CC1(C)OC1C1CC(C2CCC3(C)C4=CCC5C(C)(C)C(O)CCC5(C)C4CCC23C)C(O)O1,True,CC1(C)OC1C1CC(C2CCC3(C)C4=CCC5C(C)(C)C(O)CCC5(C)C4CCC23C)C(O)O1,CC1(C)OC1C1CC(C2CCC3(C)C4=CCC5C(C)(C)C(O)CCC5(C)C4CCC23C)C(O)O1,DABHSVCBZNIZDT-UHFFFAOYSA-N,15560460,hit,CID15560460,NO_CID_588cc01ed387,,hit,1,,1,1,1,1
274,COc1ccc(C(=O)O)cc1OC,True,COc1ccc(C(=O)O)cc1OC,COc1ccc(C(=O)O)cc1OC,DAUAQNGYDSHRET-UHFFFAOYSA-N,7121,hit,CID7121,NO_CID_183673a481a5,,hit,1,,1,1,1,1
275,CN1CC(CO)=CC2c3cccc4[nH]cc(c34)CC21,True,CN1CC(CO)=CC2c3cccc4[nH]cc(c34)CC21,CN1CC(CO)=CC2c3cccc4[nH]cc(c34)CC21,DAVNRFCJMIONPO-UHFFFAOYSA-N,11051,hit,CID11051,NO_CID_629c91f15bf6,,hit,1,,1,1,1,1
276,COc1ccc2c3c([nH]c2c1)[C@H](C=C(C)C)N1C(=O)[C@@H]2CCCN2C(=O)[C@@H]1C3,True,COc1ccc2c3c([nH]c2c1)C(C=C(C)C)N1C(=O)C2CCCN2C(=O)C1C3,COc1ccc2c3c([nH]c2c1)[C@H](C=C(C)C)N1C(=O)[C@@H]2CCCN2C(=O)[C@@H]1C3,DBEYVIGIPJSTOR-FHWLQOOXSA-N,403923,hit,CID403923,NO_CID_b0dabb03ff99,,hit,1,,1,1,1,1
277,COc1ccc2c3c([nH]c2c1)C(C=C(C)C)N1C(=O)C2CCCN2C(=O)C1C3,True,COc1ccc2c3c([nH]c2c1)C(C=C(C)C)N1C(=O)C2CCCN2C(=O)C1C3,COc1ccc2c3c([nH]c2c1)C(C=C(C)C)N1C(=O)C2CCCN2C(=O)C1C3,DBEYVIGIPJSTOR-UHFFFAOYSA-N,14105029,hit,CID14105029,NO_CID_d4e5f2d41e5a,,hit,1,,1,1,1,1
278,CC(=O)[C@@]1(O)CC[C@H]2[C@@H]3CCC4=CC(=O)CC[C@]4(C)[C@H]3CC[C@@]21C,True,CC(=O)C1(O)CCC2C3CCC4=CC(=O)CCC4(C)C3CCC21C,CC(=O)[C@@]1(O)CC[C@H]2[C@@H]3CCC4=CC(=O)CC[C@]4(C)[C@H]3CC[C@@]21C,DBPWSSGDRRHUNT-CEGNMAFCSA-N,6238,hit,CID6238,NO_CID_839f1b1f3129,,hit,1,,1,1,1,1
279,CC[C@H]1OC(=O)/C=C/[C@H](C)[C@@H](O[C@@H]2O[C@H](C)C[C@H](N(C)C)[C@H]2O)[C@@H](C)C[C@@H](C)C(=O)/C=C/C=C/[C@@H]1CO[C@@H]1O[C@H](C)[C@@H](O)[C@@H](OC)[C@H]1OC,True,CCC1OC(=O)C=CC(C)C(OC2OC(C)CC(N(C)C)C2O)C(C)CC(C)C(=O)C=CC=CC1COC1OC(C)C(O)C(OC)C1OC,CC[C@H]1OC(=O)/C=C/[C@H](C)[C@@H](O[C@@H]2O[C@H](C)C[C@H](N(C)C)[C@H]2O)[C@@H](C)C[C@@H](C)C(=O)/C=C/C=C/[C@@H]1CO[C@@H]1O[C@H](C)[C@@H](O)[C@@H](OC)[C@H]1OC,DBTIHDIIXPQOFR-JMHKOBKLSA-N,6447311,hit,CID6447311,NO_CID_c0ba98324519,,hit,1,,1,1,1,1
280,CCCCC/C=C\C/C=C\CC1OC1C/C=C\CCCC(=O)[O-],True,CCCCCC=CCC=CCC1OC1CC=CCCCC(=O)[O-],CCCCC/C=C\C/C=C\CC1OC1C/C=C\CCCC(=O)[O-],DBWQSCSXHFNTMO-TYAUOURKSA-M,86583479,hit,CID86583479,NO_CID_3df4a16f3228,,hit,1,,1,1,1,1
281,CCCCCCCCCCCCCCCC,True,CCCCCCCCCCCCCCCC,CCCCCCCCCCCCCCCC,DCAYPVUWAIABOU-UHFFFAOYSA-N,11006,hit,CID11006,NO_CID_a0105e01d2ac,,hit,1,,1,1,1,1
282,Cc1c(CC(N)C(=O)O)c2cccc(Br)c2n1C,True,Cc1c(CC(N)C(=O)O)c2cccc(Br)c2n1C,Cc1c(CC(N)C(=O)O)c2cccc(Br)c2n1C,DCBQEPJSVUYAFR-UHFFFAOYSA-N,83764107,hit,CID83764107,NO_CID_88b001c139f0,,hit,1,,1,1,1,1
283,C[C@@H]1CC[C@H]2C(C(=O)[O-])=C[C@@H]3CC(C)(C)C[C@@]132,True,CC1CCC2C(C(=O)[O-])=CC3CC(C)(C)CC132,C[C@@H]1CC[C@H]2C(C(=O)[O-])=C[C@@H]3CC(C)(C)C[C@@]132,DCFDRCCHOOORSB-DSKWVYQCSA-M,70678894,hit,CID70678894,NO_CID_e1279303eb2a,,hit,1,,1,1,1,1
284,CC(CN)CCC(O)[C@@H](C)[C@H]1CC[C@H]2[C@@H]3CC=C4C[C@@H](O)CC[C@]4(C)[C@H]3CC[C@]12C,True,CC(CN)CCC(O)C(C)C1CCC2C3CC=C4CC(O)CCC4(C)C3CCC12C,CC(CN)CCC(O)[C@@H](C)[C@H]1CC[C@H]2[C@@H]3CC=C4C[C@@H](O)CC[C@]4(C)[C@H]3CC[C@]12C,DCHNNUWVBYIRLJ-IDNLUMGLSA-N,118609388,hit,CID118609388,NO_CID_85a9bfd29c08,,hit,1,,1,1,1,1
285,Cc1c(CC(N)C=O)c2cccc(Cl)c2n1C,True,Cc1c(CC(N)C=O)c2cccc(Cl)c2n1C,Cc1c(CC(N)C=O)c2cccc(Cl)c2n1C,DCKQLWDFRHIMCU-UHFFFAOYSA-N,,cid0_no_match,NO_CID_98659f21c334,NO_CID_98659f21c334,,cid0_no_match,0,,1,1,1,1
286,O=C(O)Cc1ccccc1Nc1c(Cl)cccc1Cl,True,O=C(O)Cc1ccccc1Nc1c(Cl)cccc1Cl,O=C(O)Cc1ccccc1Nc1c(Cl)cccc1Cl,DCOPUUMXTXDBNB-UHFFFAOYSA-N,3033,hit,CID3033,NO_CID_22b52a4048a4,,hit,1,,1,1,1,1
287,Cc1[nH]c2cc(-c3ccncc3)ccc2c1CC(N)C(=O)O,True,Cc1[nH]c2cc(-c3ccncc3)ccc2c1CC(N)C(=O)O,Cc1[nH]c2cc(-c3ccncc3)ccc2c1CC(N)C(=O)O,DCQBNOPUKYKVKE-UHFFFAOYSA-N,122499637,hit,CID122499637,NO_CID_2854fb0496c6,,hit,1,,1,1,1,1
288,CCCC1(CCc2ccccc2)CC(O)=C(C(c2cccc(NS(=O)(=O)c3cn(C)cn3)c2)C(C)(C)C)C(=O)O1,True,CCCC1(CCc2ccccc2)CC(O)=C(C(c2cccc(NS(=O)(=O)c3cn(C)cn3)c2)C(C)(C)C)C(=O)O1,CCCC1(CCc2ccccc2)CC(O)=C(C(c2cccc(NS(=O)(=O)c3cn(C)cn3)c2)C(C)(C)C)C(=O)O1,DDELSUNXQXSHNC-UHFFFAOYSA-N,54688899,hit,CID54688899,NO_CID_72be4a4b0498,,hit,1,,1,1,1,1
289,COC(=O)c1ccc(OC)cc1,True,COC(=O)c1ccc(OC)cc1,COC(=O)c1ccc(OC)cc1,DDIZAANNODHTRB-UHFFFAOYSA-N,8499,hit,CID8499,NO_CID_20b1f3d018f3,,hit,1,,1,1,1,1
290,CC(C)[C@H](C)CC[C@@H](C)[C@H]1CC[C@H]2[C@@H]3CC[C@H]4CC(=O)CC[C@]4(C)[C@H]3CC[C@]12C,True,CC(C)C(C)CCC(C)C1CCC2C3CCC4CC(=O)CCC4(C)C3CCC12C,CC(C)[C@H](C)CC[C@@H](C)[C@H]1CC[C@H]2[C@@H]3CC[C@H]4CC(=O)CC[C@]4(C)[C@H]3CC[C@]12C,DDJMOMHMVFXEQF-JBQSTXLYSA-N,16061343,hit,CID16061343,NO_CID_39ba36bc669d,,hit,1,,1,1,1,1
291,Cn1cc(CC(N)C(=O)O)c2cc(C3CC3)ccc21,True,Cn1cc(CC(N)C(=O)O)c2cc(C3CC3)ccc21,Cn1cc(CC(N)C(=O)O)c2cc(C3CC3)ccc21,DDJXAUXSOAJSIW-UHFFFAOYSA-N,122499526,hit,CID122499526,NO_CID_8cdb8b7007d5,,hit,1,,1,1,1,1
292,C1CCCCCCCCCCC1,True,C1CCCCCCCCCCC1,C1CCCCCCCCCCC1,DDTBPAQBQHZRDW-UHFFFAOYSA-N,9268,hit,CID9268,NO_CID_900e20274487,,hit,1,,1,1,1,1
293,C=C1CC[C@H](O)C/C1=C/C=C1\CCC[C@]2(C)[C@@H]([C@H](C)CCC(=O)C(C)(C)O)CC[C@@H]12,True,C=C1CCC(O)CC1=CC=C1CCCC2(C)C1CCC2C(C)CCC(=O)C(C)(C)O,C=C1CC[C@H](O)C/C1=C/C=C1\CCC[C@]2(C)[C@@H]([C@H](C)CCC(=O)C(C)(C)O)CC[C@@H]12,DDZHNKIBJQESJA-AHMPPUFCSA-N,5283689,hit,CID5283689,NO_CID_7889eed53715,,hit,1,,1,1,1,1
294,N[C@@H](Cc1c[nH]c2cccc(F)c12)C(=O)O,True,NC(Cc1c[nH]c2cccc(F)c12)C(=O)O,N[C@@H](Cc1c[nH]c2cccc(F)c12)C(=O)O,DEBQMEYEKKWIKC-QMMMGPOBSA-N,688475,hit,CID688475,NO_CID_c5e334b0dd42,,hit,1,,1,1,1,1
295,NC(Cc1c[nH]c2cccc(F)c12)C(=O)O,True,NC(Cc1c[nH]c2cccc(F)c12)C(=O)O,NC(Cc1c[nH]c2cccc(F)c12)C(=O)O,DEBQMEYEKKWIKC-UHFFFAOYSA-N,101198,hit,CID101198,NO_CID_6e38d641fc65,,hit,1,,1,1,1,1
296,COc1c2ccoc2c(OC)c2oc(=O)ccc12,True,COc1c2ccoc2c(OC)c2oc(=O)ccc12,COc1c2ccoc2c(OC)c2oc(=O)ccc12,DFMAXQKDIGCMTL-UHFFFAOYSA-N,68079,hit,CID68079,NO_CID_f97e40081129,,hit,1,,1,1,1,1
297,CC(C)=CCC/C(C)=C/CC[C@@H](C)[C@@]1(C)CCC2=C1CC[C@H]1C(C)(C)[C@@H](O)CC[C@]21C,True,CC(C)=CCCC(C)=CCCC(C)C1(C)CCC2=C1CCC1C2(C)CCC(O)C1(C)C,CC(C)=CCC/C(C)=C/CC[C@@H](C)[C@@]1(C)CCC2=C1CC[C@H]1C(C)(C)[C@@H](O)CC[C@]21C,DGAGPZOBTQYNRE-VMSIWEJCSA-N,25229600,hit,CID25229600,NO_CID_f1d3c5f6625c,,hit,1,,1,1,1,1
298,Cc1c(CC(N)C(=O)O)c2cc(-c3ccccc3)ccc2n1C,True,Cc1c(CC(N)C(=O)O)c2cc(-c3ccccc3)ccc2n1C,Cc1c(CC(N)C(=O)O)c2cc(-c3ccccc3)ccc2n1C,DGBJSMUBJQEFRD-UHFFFAOYSA-N,122499554,hit,CID122499554,NO_CID_76358b7cf674,,hit,1,,1,1,1,1
299,CC(C)(CN)C(=O)O,True,CC(C)(CN)C(=O)O,CC(C)(CN)C(=O)O,DGNHGRLDBKAPEH-UHFFFAOYSA-N,95739,hit,CID95739,NO_CID_975930b12749,,hit,1,,1,1,1,1
300,Cn1cc(CC(N)C(=O)O)c2c(Cl)cccc21,True,Cn1cc(CC(N)C(=O)O)c2c(Cl)cccc21,Cn1cc(CC(N)C(=O)O)c2c(Cl)cccc21,DGQAKNVVBFUCRW-UHFFFAOYSA-N,122499624,hit,CID122499624,NO_CID_9615ffe0a278,,hit,1,,1,1,1,1
301,C=C1CC[C@H]2C[C@@H]1[C@]2(C)CCC=C(C)C,True,C=C1CCC2CC1C2(C)CCC=C(C)C,C=C1CC[C@H]2C[C@@H]1[C@]2(C)CCC=C(C)C,DGZBGCMPRYFWFF-SOUVJXGZSA-N,12300069,hit,CID12300069,NO_CID_4f38221430d4,,hit,1,,1,1,1,1
302,CC(C)=CCC[C@H](C)[C@@H]1CC[C@]2(C)C3=CC[C@H]4C(C)(C)[C@@H](O)CC[C@]4(C)[C@H]3CC[C@@]12C,True,CC(C)=CCCC(C)C1CCC2(C)C3=CCC4C(C)(C)C(O)CCC4(C)C3CCC12C,CC(C)=CCC[C@H](C)[C@@H]1CC[C@]2(C)C3=CC[C@H]4C(C)(C)[C@@H](O)CC[C@]4(C)[C@H]3CC[C@@]12C,DICCPNLDOZNSML-CEEMYSEHSA-N,12302184,hit,CID12302184,NO_CID_7ee10e2d06b5,,hit,1,,1,1,1,1
303,CC(C)=CCCC(C)C1CCC2(C)C3=CCC4C(C)(C)C(O)CCC4(C)C3CCC12C,True,CC(C)=CCCC(C)C1CCC2(C)C3=CCC4C(C)(C)C(O)CCC4(C)C3CCC12C,CC(C)=CCCC(C)C1CCC2(C)C3=CCC4C(C)(C)C(O)CCC4(C)C3CCC12C,DICCPNLDOZNSML-UHFFFAOYSA-N,12302181,hit,CID12302181,NO_CID_107cccc9a9c6,,hit,1,,1,1,1,1
304,CC(=CCCC(C)=CC[NH2+]C(CCC(=O)[O-])C(=O)[O-])CO,True,CC(=CCCC(C)=CC[NH2+]C(CCC(=O)[O-])C(=O)[O-])CO,CC(=CCCC(C)=CC[NH2+]C(CCC(=O)[O-])C(=O)[O-])CO,DIFCQUCKDCMGLZ-UHFFFAOYSA-M,,cid0_no_match,NO_CID_13d8ef7c428a,NO_CID_13d8ef7c428a,,cid0_no_match,0,,1,1,1,1
305,CCCCCCCCCC,True,CCCCCCCCCC,CCCCCCCCCC,DIOQZVSQGTUSAI-UHFFFAOYSA-N,15600,hit,CID15600,NO_CID_add4757fb77d,,hit,1,,1,1,1,1
306,Cc1c(CC(N)C(=O)O)c2cccc(N3CCOCC3)c2n1C,True,Cc1c(CC(N)C(=O)O)c2cccc(N3CCOCC3)c2n1C,Cc1c(CC(N)C(=O)O)c2cccc(N3CCOCC3)c2n1C,DJDVVWAVLJLBNB-UHFFFAOYSA-N,122499631,hit,CID122499631,NO_CID_adbb00d4afa3,,hit,1,,1,1,1,1
307,COc1cc(O)c2c(c1)O[C@H](c1ccc(O)cc1)CC2=O,True,COc1cc(O)c2c(c1)OC(c1ccc(O)cc1)CC2=O,COc1cc(O)c2c(c1)O[C@H](c1ccc(O)cc1)CC2=O,DJOJDHGQRNZXQQ-AWEZNQCLSA-N,73571,hit,CID73571,NO_CID_25b3233059c3,,hit,1,,1,1,1,1
308,COc1cc(O)c2c(c1)OC(c1ccc(O)cc1)CC2=O,True,COc1cc(O)c2c(c1)OC(c1ccc(O)cc1)CC2=O,COc1cc(O)c2c(c1)OC(c1ccc(O)cc1)CC2=O,DJOJDHGQRNZXQQ-UHFFFAOYSA-N,348130,hit,CID348130,NO_CID_8a788a05843e,,hit,1,,1,1,0,1
309,C=C[C@H](O)c1cc(O)ccc1O,True,C=CC(O)c1cc(O)ccc1O,C=C[C@H](O)c1cc(O)ccc1O,DKAXOSAPMWWWNP-QMMMGPOBSA-N,,cid0_no_match,NO_CID_b8b593177e44,NO_CID_b8b593177e44,,cid0_no_match,0,,1,0,1,1
310,C[C@H]1CC[C@@H]2C(C(=O)O)=CO[C@@H](O)[C@@H]21,True,CC1CCC2C(C(=O)O)=COC(O)C12,C[C@H]1CC[C@@H]2C(C(=O)O)=CO[C@@H](O)[C@@H]21,DKGYTSKPMLWLEI-FIZOKRMRSA-N,25203533,hit,CID25203533,NO_CID_13d92debb70b,,hit,1,,1,1,1,1
311,CC(C)=CCC/C(C)=C/CC/C(C)=C/CC/C(C)=C/CC1=C(C)C(=O)c2ccccc2C1=O,True,CC(C)=CCCC(C)=CCCC(C)=CCCC(C)=CCC1=C(C)C(=O)c2ccccc2C1=O,CC(C)=CCC/C(C)=C/CC/C(C)=C/CC/C(C)=C/CC1=C(C)C(=O)c2ccccc2C1=O,DKHGMERMDICWDU-GHDNBGIDSA-N,5282367,hit,CID5282367,NO_CID_99a3ace4bcba,,hit,1,,1,1,1,1
312,C[C@@H]1CCC[C@@]2(C)CC[C@H]3[C@H](C)CC[C@@H](C[C@H]12)C3(C)C,True,CC1CCCC2(C)CCC3C(C)CCC(CC12)C3(C)C,C[C@@H]1CCC[C@@]2(C)CC[C@H]3[C@H](C)CC[C@@H](C[C@H]12)C3(C)C,DKPFODGZWDEEBT-QFIAKTPHSA-N,9548828,hit,CID9548828,NO_CID_232d3dcccb0a,,hit,1,,1,1,1,1
313,C=Cc1cccc2[nH]cc(CC(N)C(=O)O)c12,True,C=Cc1cccc2[nH]cc(CC(N)C(=O)O)c12,C=Cc1cccc2[nH]cc(CC(N)C(=O)O)c12,DKPRZNWEKIHOCJ-UHFFFAOYSA-N,122499649,hit,CID122499649,NO_CID_5fb97f25f475,,hit,1,,1,1,1,1
314,COc1cc(/C=C/C=O)ccc1O,True,COc1cc(C=CC=O)ccc1O,COc1cc(/C=C/C=O)ccc1O,DKZBBWMURDFHNE-NSCUHMNNSA-N,5280536,hit,CID5280536,NO_CID_fc46532119a5,,hit,1,,1,1,1,1
315,CC(C)Cc1ccc([C@H](C)C(=O)N[C@@H](Cc2ccccc2)C(=O)O)cc1,True,CC(C)Cc1ccc(C(C)C(=O)NC(Cc2ccccc2)C(=O)O)cc1,CC(C)Cc1ccc([C@H](C)C(=O)N[C@@H](Cc2ccccc2)C(=O)O)cc1,DLGZLSXGUQFDHQ-JXFKEZNVSA-N,39846955,hit,CID39846955,NO_CID_7c064be6a61b,,hit,1,,1,1,1,1
316,C/C(=C\CC[C@@H](C)[C@H]1CC[C@@]2(C)C3=C(CC[C@]12C)[C@@]1(C)CC[C@H](O)C(C)(C)[C@@H]1CC3)CO,True,CC(=CCCC(C)C1CCC2(C)C3=C(CCC12C)C1(C)CCC(O)C(C)(C)C1CC3)CO,C/C(=C\CC[C@@H](C)[C@H]1CC[C@@]2(C)C3=C(CC[C@]12C)[C@@]1(C)CC[C@H](O)C(C)(C)[C@@H]1CC3)CO,DLYSUCFWWJEGFQ-AZIDVCJLSA-N,69619365,hit,CID69619365,NO_CID_7ced2f507171,,hit,1,,1,1,1,1
317,N#CCc1c[nH]c2ccccc12,True,N#CCc1c[nH]c2ccccc12,N#CCc1c[nH]c2ccccc12,DMCPFOBLJMLSNX-UHFFFAOYSA-N,351795,hit,CID351795,NO_CID_393b57f8d549,,hit,1,,1,1,1,1
318,C1CCCCCC1,True,C1CCCCCC1,C1CCCCCC1,DMEGYFMYUHOHGS-UHFFFAOYSA-N,9265,hit,CID9265,NO_CID_bac22116c6e2,,hit,1,,1,1,1,1
319,NC(Cc1c[nH]c2c(Cl)cccc12)C(=O)O,True,NC(Cc1c[nH]c2c(Cl)cccc12)C(=O)O,NC(Cc1c[nH]c2c(Cl)cccc12)C(=O)O,DMQFGLHRDFQKNR-UHFFFAOYSA-N,643956,hit,CID643956,NO_CID_a9e737be590e,,hit,1,,1,1,1,1
320,Cc1c(CC(N)C=O)c2ccc(F)cc2n1C,True,Cc1c(CC(N)C=O)c2ccc(F)cc2n1C,Cc1c(CC(N)C=O)c2ccc(F)cc2n1C,DMTBWRPJKDYOEZ-UHFFFAOYSA-N,,cid0_no_match,NO_CID_22c1d02c4b13,NO_CID_22c1d02c4b13,,cid0_no_match,0,,1,1,1,1
321,CN(C)CCc1c[nH]c2ccccc12,True,CN(C)CCc1c[nH]c2ccccc12,CN(C)CCc1c[nH]c2ccccc12,DMULVCHRPCFFGV-UHFFFAOYSA-N,6089,hit,CID6089,NO_CID_0e34a1ad074c,,hit,1,,1,1,1,1
322,O=S(=O)(O)ON=C(Cc1c[nH]c2ccccc12)S[C@@H]1O[C@H](CO)[C@@H](O)[C@H](O)[C@H]1O,True,O=S(=O)(O)ON=C(Cc1c[nH]c2ccccc12)SC1OC(CO)C(O)C(O)C1O,O=S(=O)(O)ON=C(Cc1c[nH]c2ccccc12)S[C@@H]1O[C@H](CO)[C@@H](O)[C@H](O)[C@H]1O,DNDNWOWHUWNBCK-JZYAIQKZSA-N,656506,hit,CID656506,NO_CID_c46095155bcd,,hit,1,,1,1,1,1
323,O=C1N[C@@H](Cc2c[nH]c3ccccc23)C(=O)N[C@H]1Cc1c[nH]c2ccccc12,True,O=C1NC(Cc2c[nH]c3ccccc23)C(=O)NC1Cc1c[nH]c2ccccc12,O=C1N[C@@H](Cc2c[nH]c3ccccc23)C(=O)N[C@H]1Cc1c[nH]c2ccccc12,DNHODRZUCGXYKU-PMACEKPBSA-N,7091706,hit,CID7091706,NO_CID_933503c6beab,,hit,1,,1,0,1,1
324,C[C@]12CC[C@@H]3c4ccc(O)cc4CC[C@H]3[C@@H]1CCC2=O,True,CC12CCC3c4ccc(O)cc4CCC3C1CCC2=O,C[C@]12CC[C@@H]3c4ccc(O)cc4CC[C@H]3[C@@H]1CCC2=O,DNXHEGUUPJUMQT-CBZIJGRNSA-N,5870,hit,CID5870,NO_CID_d951825a4641,,hit,1,,1,1,1,1
325,CSCCCC=NO,True,CSCCCC=NO,CSCCCC=NO,DNYWTMVKWUGHCB-UHFFFAOYSA-N,25200725,hit,CID25200725,NO_CID_d1eb05410368,,hit,1,,1,1,1,1
326,O=C(/C=C/c1ccc(O)c(O)c1)O[C@H](Cc1ccc(O)c(O)c1)C(=O)O,True,O=C(C=Cc1ccc(O)c(O)c1)OC(Cc1ccc(O)c(O)c1)C(=O)O,O=C(/C=C/c1ccc(O)c(O)c1)O[C@H](Cc1ccc(O)c(O)c1)C(=O)O,DOUMFZQKYFQNTF-WUTVXBCWSA-N,5281792,hit,CID5281792,NO_CID_8720c42b3282,,hit,1,,1,1,1,1
327,O=C1N[C@@H](Cc2ccc(O)c(Cl)c2)C(=O)N[C@H]1Cc1ccc(O)cc1,True,O=C1NC(Cc2ccc(O)c(Cl)c2)C(=O)NC1Cc1ccc(O)cc1,O=C1N[C@@H](Cc2ccc(O)c(Cl)c2)C(=O)N[C@H]1Cc1ccc(O)cc1,DPXFBAHRLYLKSZ-GJZGRUSLSA-N,146020570,hit,CID146020570,NO_CID_175885303296,,hit,1,,1,1,1,1
328,O=C(/C=C/c1ccccc1)c1ccccc1,True,O=C(C=Cc1ccccc1)c1ccccc1,O=C(/C=C/c1ccccc1)c1ccccc1,DQFBYFPFKXHELB-VAWYXSNFSA-N,637760,hit,CID637760,NO_CID_6cc540561c9d,,hit,1,,1,1,1,1
329,Cc1ccc(CC(N)C(=O)O)cc1,True,Cc1ccc(CC(N)C(=O)O)cc1,Cc1ccc(CC(N)C(=O)O)cc1,DQLHSFUMICQIMB-UHFFFAOYSA-N,409319,hit,CID409319,NO_CID_6ea5f140bc22,,hit,1,,1,1,1,1
330,COc1ccc(SC)cc1,True,COc1ccc(SC)cc1,COc1ccc(SC)cc1,DQNSKXYRRRCKGH-UHFFFAOYSA-N,15885,hit,CID15885,NO_CID_8c69741c251f,,hit,1,,1,1,1,1
331,CC1=C[C@@]23CC[C@@H]4C(C)(C)CCC[C@@]4(C)[C@@H]2CC[C@@H]1C3,True,CC1=CC23CCC4C(C)(C)CCCC4(C)C2CCC1C3,CC1=C[C@@]23CC[C@@H]4C(C)(C)CCC[C@@]4(C)[C@@H]2CC[C@@H]1C3,DQUHDYWUEKWRLN-HPUSYDDDSA-N,12311059,hit,CID12311059,NO_CID_66eb1728ac0d,,hit,1,,1,1,1,1
332,CC1=C[C@]23CC[C@@H]4C(C)(C)CCC[C@@]4(C)[C@@H]2CC[C@H]1C3,True,CC1=CC23CCC4C(C)(C)CCCC4(C)C2CCC1C3,CC1=C[C@]23CC[C@@H]4C(C)(C)CCC[C@@]4(C)[C@@H]2CC[C@H]1C3,DQUHDYWUEKWRLN-NDLGOLERSA-N,,cid0_no_match,NO_CID_5cb3dce63a39,NO_CID_5cb3dce63a39,,cid0_no_match,0,,1,1,1,1
333,COc1ccc2[nH]cc(CCNC(C)=O)c2c1,True,COc1ccc2[nH]cc(CCNC(C)=O)c2c1,COc1ccc2[nH]cc(CCNC(C)=O)c2c1,DRLFMBDRBRZALE-UHFFFAOYSA-N,896,hit,CID896,NO_CID_6a010f61d393,,hit,1,,1,1,1,1
334,COc1cc(O)c(C(=O)c2c(C)cc(O)cc2OC)c(O)c1Cl,True,COc1cc(O)c(C(=O)c2c(C)cc(O)cc2OC)c(O)c1Cl,COc1cc(O)c(C(=O)c2c(C)cc(O)cc2OC)c(O)c1Cl,DSJPUSRRLBBBAS-UHFFFAOYSA-N,23872096,rescued_retry,CID23872096,NO_CID_4c230fe6c783,,rescued_retry,1,RemoteDisconnected: Remote end closed connection without response,1,1,1,1
335,CC12CCC(CC1=O)C2(C)C,True,CC12CCC(CC1=O)C2(C)C,CC12CCC(CC1=O)C2(C)C,DSSYKIVIOFKYAU-UHFFFAOYSA-N,2537,hit,CID2537,NO_CID_e24f935bd21d,,hit,1,,1,1,1,1
336,CC1(C)[C@@H]2CC[C@@]1(C)C(=O)C2,True,CC12CCC(CC1=O)C2(C)C,CC1(C)[C@@H]2CC[C@@]1(C)C(=O)C2,DSSYKIVIOFKYAU-XCBNKYQSSA-N,159055,hit,CID159055,NO_CID_3357f63d7045,,hit,1,,1,1,1,1
337,C[C@H]1CC[C@@H]2C(C(=O)[O-])=CO[C@@H](O[C@@H]3O[C@H](CO)[C@@H](O)[C@H](O)[C@H]3O)[C@@H]21,True,CC1CCC2C(C(=O)[O-])=COC(OC3OC(CO)C(O)C(O)C3O)C12,C[C@H]1CC[C@@H]2C(C(=O)[O-])=CO[C@@H](O[C@@H]3O[C@H](CO)[C@@H](O)[C@H](O)[C@H]3O)[C@@H]21,DSXFHNSGLYXPNG-YDYVGBNJSA-M,51399546,hit,CID51399546,NO_CID_a770b5febfb9,,hit,1,,1,1,1,1
338,C[C@H]1CC[C@@H]2C(C(=O)O)=CO[C@@H](O[C@@H]3O[C@H](CO)[C@@H](O)[C@H](O)[C@H]3O)[C@@H]21,True,CC1CCC2C(C(=O)O)=COC(OC3OC(CO)C(O)C(O)C3O)C12,C[C@H]1CC[C@@H]2C(C(=O)O)=CO[C@@H](O[C@@H]3O[C@H](CO)[C@@H](O)[C@H](O)[C@H]3O)[C@@H]21,DSXFHNSGLYXPNG-YDYVGBNJSA-N,443322,hit,CID443322,NO_CID_68546817c0e8,,hit,1,,1,1,1,1
339,COc1ccccc1C,True,COc1ccccc1C,COc1ccccc1C,DTFKRVXLBCAIOZ-UHFFFAOYSA-N,33637,hit,CID33637,NO_CID_3ee8e371814d,,hit,1,,1,1,1,1
340,CCOc1cccc(C(=O)O)c1,True,CCOc1cccc(C(=O)O)c1,CCOc1cccc(C(=O)O)c1,DTFQMPQJMDEWKJ-UHFFFAOYSA-N,12126,hit,CID12126,NO_CID_b16ff355500d,,hit,1,,1,1,1,1
341,Cc1[nH]c2ccc(C3CC3)cc2c1CC(N)C(=O)O,True,Cc1[nH]c2ccc(C3CC3)cc2c1CC(N)C(=O)O,Cc1[nH]c2ccc(C3CC3)cc2c1CC(N)C(=O)O,DTGWOPDEMQCUJN-UHFFFAOYSA-N,122499529,hit,CID122499529,NO_CID_94b4fc9157e9,,hit,1,,1,1,1,1
342,CC/C=C\C/C=C\C/C=C\CCCCCCCC(=O)O,True,CCC=CCC=CCC=CCCCCCCCC(=O)O,CC/C=C\C/C=C\C/C=C\CCCCCCCC(=O)O,DTOSIQBPPRVQHS-PDBXOOCHSA-N,5280934,hit,CID5280934,NO_CID_afbec095b745,,hit,1,,1,1,1,1
343,CCC=CCC=CCC=CCCCCCCCC(=O)O,True,CCC=CCC=CCC=CCCCCCCCC(=O)O,CCC=CCC=CCC=CCCCCCCCC(=O)O,DTOSIQBPPRVQHS-UHFFFAOYSA-N,860,hit,CID860,NO_CID_f90e7855d52b,,hit,1,,1,1,1,1
344,C=C[C@@]1(C)CC[C@H]2C(=CC[C@H]3[C@](C)(CO)CCC[C@]23C)C1,True,C=CC1(C)CCC2C(=CCC3C(C)(CO)CCCC23C)C1,C=C[C@@]1(C)CC[C@H]2C(=CC[C@H]3[C@](C)(CO)CCC[C@]23C)C1,DUEINKIQNGZKPL-VYJAJWGXSA-N,15586712,rescued_retry,CID15586712,NO_CID_48eabec45455,,rescued_retry,1,URLError: <urlopen error [SSL: UNEXPECTED_EOF_WHILE_READING] EOF occurred in violation of protocol (_ssl.c:1000)>,1,1,1,1
345,CCOC(=O)Cc1ccccc1,True,CCOC(=O)Cc1ccccc1,CCOC(=O)Cc1ccccc1,DULCUDSUACXJJC-UHFFFAOYSA-N,7590,rescued_retry,CID7590,NO_CID_0ddecbd0bfbd,,rescued_retry,1,RemoteDisconnected: Remote end closed connection without response,1,1,1,1
346,CC1(C)CCCC2(C)C1CCC13C=C(C(=O)[O-])C(CCC12)C3,True,CC1(C)CCCC2(C)C1CCC13C=C(C(=O)[O-])C(CCC12)C3,CC1(C)CCCC2(C)C1CCC13C=C(C(=O)[O-])C(CCC12)C3,DULGJEIWRQIEDP-UHFFFAOYSA-M,90658967,hit,CID90658967,NO_CID_62f84b36a16f,,hit,1,,1,1,1,1
347,COc1cc2c3c(c1O)-c1ccccc1C[C@H]3NCC2,True,COc1cc2c3c(c1O)-c1ccccc1CC3NCC2,COc1cc2c3c(c1O)-c1ccccc1C[C@H]3NCC2,DUSFBAYEYGRYOT-CYBMUJFWSA-N,23335,hit,CID23335,NO_CID_a5de97cee91d,,hit,1,,1,1,1,1
348,C=C(C)[C@H]1CC[C@@H](C)[C@]12CC=C(C)CC2,True,C=C(C)C1CCC(C)C12CC=C(C)CC2,C=C(C)[C@H]1CC[C@@H](C)[C@]12CC=C(C)CC2,DVBSKQAFCDJNSL-RBSFLKMASA-N,13743810,hit,CID13743810,NO_CID_571bcc4d0b7b,,hit,1,,1,1,1,1
349,Cc1cnc2ccc3c(nc(N)n3C)c2n1,True,Cc1cnc2ccc3c(nc(N)n3C)c2n1,Cc1cnc2ccc3c(nc(N)n3C)c2n1,DVCCCQNKIYNAKB-UHFFFAOYSA-N,62275,hit,CID62275,NO_CID_bc3945465d44,,hit,1,,1,1,1,1
350,CC(C)C1CCC2C1(C)CCC1(C)C3=C(CCC21C)C1(C)CC(O)C(OC2OC(CO)C(O)C(O)C2O)C(C)(C)C1CC3,True,CC(C)C1CCC2C1(C)CCC1(C)C3=C(CCC21C)C1(C)CC(O)C(OC2OC(CO)C(O)C(O)C2O)C(C)(C)C1CC3,CC(C)C1CCC2C1(C)CCC1(C)C3=C(CCC21C)C1(C)CC(O)C(OC2OC(CO)C(O)C(O)C2O)C(C)(C)C1CC3,DVJFUEIYHZDSLN-UHFFFAOYSA-N,,cid0_no_match,NO_CID_51bfa8909bc7,NO_CID_51bfa8909bc7,,cid0_no_match,0,,1,1,1,1
351,CCC1CCC2C1CCC1C3CCCCC3CCC21,True,CCC1CCC2C1CCC1C3CCCCC3CCC21,CCC1CCC2C1CCC1C3CCCCC3CCC21,DVXFGTKYDHJWLT-UHFFFAOYSA-N,,cid0_no_match,NO_CID_e576d702dd27,NO_CID_e576d702dd27,,cid0_no_match,0,,1,1,1,1
352,Cc1c(CC(N)C(=O)O)c2cccc(O)c2n1C,True,Cc1c(CC(N)C(=O)O)c2cccc(O)c2n1C,Cc1c(CC(N)C(=O)O)c2cccc(O)c2n1C,DWNJWMJYUWZSAA-UHFFFAOYSA-N,126584111,hit,CID126584111,NO_CID_9d2eb04166dc,,hit,1,,1,1,0,1
353,CC(C)=CCC[C@@H](C)[C@H]1CC[C@@]2(CO)C3=C(CC[C@]12C)[C@@]1(C)CC[C@H](O)C(C)(C)[C@@H]1CC3,True,CC(C)=CCCC(C)C1CCC2(CO)C3=C(CCC12C)C1(C)CCC(O)C(C)(C)C1CC3,CC(C)=CCC[C@@H](C)[C@H]1CC[C@@]2(CO)C3=C(CC[C@]12C)[C@@]1(C)CC[C@H](O)C(C)(C)[C@@H]1CC3,DWVYYKFZEDMMPU-PUXRVUTHSA-N,22298935,hit,CID22298935,NO_CID_a53e1d88e48a,,hit,1,,1,1,1,1
354,C=C1CC[C@@H]2C(C)(C)CCC[C@@]2(C)[C@@H]1CCC1=CCOC1=O,True,C=C1CCC2C(C)(C)CCCC2(C)C1CCC1=CCOC1=O,C=C1CC[C@@H]2C(C)(C)CCC[C@@]2(C)[C@@H]1CCC1=CCOC1=O,DXCYGSQDXRDESW-HLIPFELVSA-N,58615747,hit,CID58615747,NO_CID_1f9715941fea,,hit,1,,1,1,1,1
355,COc1ccc(CC(N)C(=O)O)cc1C,True,COc1ccc(CC(N)C(=O)O)cc1C,COc1ccc(CC(N)C(=O)O)cc1C,DXGNDDYTXLSPCE-UHFFFAOYSA-N,417183,hit,CID417183,NO_CID_c7ed2bd8dadc,,hit,1,,1,1,1,1
356,CCCCC/C=C\CC1OC1C/C=C\C/C=C\CCCC(=O)[O-],True,CCCCCC=CCC1OC1CC=CCC=CCCCC(=O)[O-],CCCCC/C=C\CC1OC1C/C=C\C/C=C\CCCC(=O)[O-],DXOYQVHGIODESM-KROJNAHFSA-M,20849233,hit,CID20849233,NO_CID_effbb7445273,,hit,1,,1,1,1,1
357,CC1=CC=C([C@]2(C)CCCC2(C)C)CC1,True,CC1=CC=C(C2(C)CCCC2(C)C)CC1,CC1=CC=C([C@]2(C)CCCC2(C)C)CC1,DYQFFTPJVWEYMH-HNNXBMFYSA-N,71448973,hit,CID71448973,NO_CID_a989e9a9cf03,,hit,1,,1,1,1,1
358,Cn1cc(CC(N)C(=O)O)c2c(C3CC3)cccc21,True,Cn1cc(CC(N)C(=O)O)c2c(C3CC3)cccc21,Cn1cc(CC(N)C(=O)O)c2c(C3CC3)cccc21,DYQTZBWBOLGSHU-UHFFFAOYSA-N,122499619,hit,CID122499619,NO_CID_ba65eb8a50d4,,hit,1,,1,1,1,1
359,Cc1[nH]c2cc(N)ccc2c1CC(N)C(=O)O,True,Cc1[nH]c2cc(N)ccc2c1CC(N)C(=O)O,Cc1[nH]c2cc(N)ccc2c1CC(N)C(=O)O,DYSNCCZUOCWBMA-UHFFFAOYSA-N,126583943,hit,CID126583943,NO_CID_4c06ff25453c,,hit,1,,1,1,1,1
360,CC1(OO)C=CC(=O)C=C1,True,CC1(OO)C=CC(=O)C=C1,CC1(OO)C=CC(=O)C=C1,DZAPYOAIROMSAL-UHFFFAOYSA-N,13461289,hit,CID13461289,NO_CID_e870efbca6e8,,hit,1,,1,1,1,1
361,CC[C@H]1OC(=O)[C@H](C)[C@@H](O[C@@H]2O[C@H](C)C[C@H](N(C)C)[C@H]2O)[C@@H](C)C[C@@H](C)C(=O)/C=C/[C@H]1C,True,CCC1OC(=O)C(C)C(OC2OC(C)CC(N(C)C)C2O)C(C)CC(C)C(=O)C=CC1C,CC[C@H]1OC(=O)[C@H](C)[C@@H](O[C@@H]2O[C@H](C)C[C@H](N(C)C)[C@H]2O)[C@@H](C)C[C@@H](C)C(=O)/C=C/[C@H]1C,DZGHWPQKGWXOHD-NHLONWFASA-N,5282032,hit,CID5282032,NO_CID_5f353425e378,,hit,1,,1,1,1,1
362,CC[C@H]1OC(=O)[C@H](C)[C@@H](O[C@H]2O[C@@H](C)C[C@@H](N(C)C)[C@@H]2O)[C@@H](C)C[C@H](C)C(=O)/C=C/[C@H]1C,True,CCC1OC(=O)C(C)C(OC2OC(C)CC(N(C)C)C2O)C(C)CC(C)C(=O)C=CC1C,CC[C@H]1OC(=O)[C@H](C)[C@@H](O[C@H]2O[C@@H](C)C[C@@H](N(C)C)[C@@H]2O)[C@@H](C)C[C@H](C)C(=O)/C=C/[C@H]1C,DZGHWPQKGWXOHD-OYZFACIPSA-N,10062748,hit,CID10062748,NO_CID_38035a106b5a,,hit,1,,1,1,1,1
363,CC(=O)NC(Cc1c[nH]c2ccccc12)C(=O)O,True,CC(=O)NC(Cc1c[nH]c2ccccc12)C(=O)O,CC(=O)NC(Cc1c[nH]c2ccccc12)C(=O)O,DZTHIGRZJZPRDV-UHFFFAOYSA-N,2002,hit,CID2002,NO_CID_98f7320d090e,,hit,1,,1,1,1,1
364,CC1(C)CC[C@]2(C(=O)O)[C@H](O)C[C@]3(C)C(=CC[C@@H]4[C@@]5(C)CC[C@H](O)[C@@](C)(CO)[C@@H]5CC[C@]43C)[C@@H]2C1,True,CC1(C)CCC2(C(=O)O)C(O)CC3(C)C(=CCC4C5(C)CCC(O)C(C)(CO)C5CCC43C)C2C1,CC1(C)CC[C@]2(C(=O)O)[C@H](O)C[C@]3(C)C(=CC[C@@H]4[C@@]5(C)CC[C@H](O)[C@@](C)(CO)[C@@H]5CC[C@]43C)[C@@H]2C1,FABOBEOYNMHSHB-UAWZMHPWSA-N,104361,hit,CID104361,NO_CID_dafc1622fb75,,hit,1,,1,1,1,1
365,CC(C)CCCC(C)C1CCC2(O)C3=CC(=O)C4CC(O)CCC4(C)C3CCC12C,True,CC(C)CCCC(C)C1CCC2(O)C3=CC(=O)C4CC(O)CCC4(C)C3CCC12C,CC(C)CCCC(C)C1CCC2(O)C3=CC(=O)C4CC(O)CCC4(C)C3CCC12C,FADCOUQPHXGWQS-UHFFFAOYSA-N,14056077,hit,CID14056077,NO_CID_94f3790590c1,,hit,1,,1,1,1,1
366,CC1=CC[C@@H](C(C)C)CC1,True,CC1=CCC(C(C)C)CC1,CC1=CC[C@@H](C(C)C)CC1,FAMJUFMHYAFYNU-SNVBAGLBSA-N,11815433,hit,CID11815433,NO_CID_0d310f9863dc,,hit,1,,1,1,1,1
367,CC1=CCC(C(C)C)CC1,True,CC1=CCC(C(C)C)CC1,CC1=CCC(C(C)C)CC1,FAMJUFMHYAFYNU-UHFFFAOYSA-N,21671,hit,CID21671,NO_CID_b1d2f859c10d,,hit,1,,1,1,1,1
368,C/C1=C\CC/C(C)=C/CC(C)(C)/C=C/C1,True,CC1=CCCC(C)=CCC(C)(C)C=CC1,C/C1=C\CC/C(C)=C/CC(C)(C)/C=C/C1,FAMPSKZZVDUYOS-HRGUGZIWSA-N,5281520,hit,CID5281520,NO_CID_d7c61d049cad,,hit,1,,1,1,1,1
369,Cn1cc(CC(N)C(=O)O)c2ccc(Cl)cc21,True,Cn1cc(CC(N)C(=O)O)c2ccc(Cl)cc21,Cn1cc(CC(N)C(=O)O)c2ccc(Cl)cc21,FARGCFGSMZJAQQ-UHFFFAOYSA-N,82665252,hit,CID82665252,NO_CID_694828177958,,hit,1,,1,1,1,1
370,Oc1ccc(Br)cc1Br,True,Oc1ccc(Br)cc1Br,Oc1ccc(Br)cc1Br,FAXWFCTVSHEODL-UHFFFAOYSA-N,12005,hit,CID12005,NO_CID_456f96dcc1a8,,hit,1,,1,1,1,1
371,Cc1c(CC(N)C(=O)O)c2ccc(N3CCOCC3)cc2n1C,True,Cc1c(CC(N)C(=O)O)c2ccc(N3CCOCC3)cc2n1C,Cc1c(CC(N)C(=O)O)c2ccc(N3CCOCC3)cc2n1C,FBAOCWFKUDSEPU-UHFFFAOYSA-N,122499670,hit,CID122499670,NO_CID_936e1027dfc6,,hit,1,,1,1,1,1
372,CC1=C2CC[C@]2(C)[C@H]2CC(C)(C)C[C@H]2C1,True,CC1=C2CCC2(C)C2CC(C)(C)CC2C1,CC1=C2CC[C@]2(C)[C@H]2CC(C)(C)C[C@H]2C1,FBSBGGJQVUYUDB-ZLDLUXBVSA-N,15939655,hit,CID15939655,NO_CID_1e7c1d0d16cc,,hit,1,,1,1,1,1
373,CCCCC/C=C\CC1OC1CCCCCCCC(=O)[O-],True,CCCCCC=CCC1OC1CCCCCCCC(=O)[O-],CCCCC/C=C\CC1OC1CCCCCCCC(=O)[O-],FBUKMFOXMZRGRB-YFHOEESVSA-M,86583477,hit,CID86583477,NO_CID_a722a97322c9,,hit,1,,1,1,1,1
374,CCCCCCCCC(=O)O,True,CCCCCCCCC(=O)O,CCCCCCCCC(=O)O,FBUKVWPVBMHYJY-UHFFFAOYSA-N,8158,hit,CID8158,NO_CID_43fe0e80bb5f,,hit,1,,1,1,1,1
375,CSCCCC[C@H](N)C(=O)O,True,CSCCCCC(N)C(=O)O,CSCCCC[C@H](N)C(=O)O,FBWIRBFZWNIGJC-LURJTMIESA-N,57370983,hit,CID57370983,NO_CID_73b2283c5d6f,,hit,1,,1,1,1,1
376,CSCCCCC(N)C(=O)O,True,CSCCCCC(N)C(=O)O,CSCCCCC(N)C(=O)O,FBWIRBFZWNIGJC-UHFFFAOYSA-N,228215,hit,CID228215,NO_CID_cd48bbbb5ebb,,hit,1,,1,1,1,1
377,C=C1CCC(O)C/C1=C\C=C1/CCC[C@]2(C)[C@@H]([C@H](C)CC[C@@H](O)C(C)(C)O)CC[C@@H]12,True,C=C1CCC(O)CC1=CC=C1CCCC2(C)C1CCC2C(C)CCC(O)C(C)(C)O,C=C1CCC(O)C/C1=C\C=C1/CCC[C@]2(C)[C@@H]([C@H](C)CC[C@@H](O)C(C)(C)O)CC[C@@H]12,FCKJYANJHNLEEP-WYNZPYBCSA-N,,cid0_no_match,NO_CID_1e1c5841693a,NO_CID_1e1c5841693a,,cid0_no_match,0,,1,1,1,1
378,C=C1CC[C@H](O)C/C1=C/C=C1\CCC[C@]2(C)[C@@H]([C@H](C)CC[C@@H](O)C(C)(C)O)CC[C@@H]12,True,C=C1CCC(O)CC1=CC=C1CCCC2(C)C1CCC2C(C)CCC(O)C(C)(C)O,C=C1CC[C@H](O)C/C1=C/C=C1\CCC[C@]2(C)[C@@H]([C@H](C)CC[C@@H](O)C(C)(C)O)CC[C@@H]12,FCKJYANJHNLEEP-XRWYNYHCSA-N,5283748,hit,CID5283748,NO_CID_128effc83599,,hit,1,,1,1,1,1
379,CC1=CC(=O)CC(C)(C)[C@H]1/C=C/C(C)=C\C(=O)O,True,CC(C=CC1C(C)=CC(=O)CC1(C)C)=CC(=O)O,CC1=CC(=O)CC(C)(C)[C@H]1/C=C/C(C)=C\C(=O)O,FCRACOPGPMPSHN-NTUGQGQXSA-N,10514699,hit,CID10514699,NO_CID_eb7162163954,,hit,1,,1,1,1,1
380,CCCCCCCCCCCCCCCC(=O)N[C@@H](CCSC)C(=O)O,True,CCCCCCCCCCCCCCCC(=O)NC(CCSC)C(=O)O,CCCCCCCCCCCCCCCC(=O)N[C@@H](CCSC)C(=O)O,FCVASHHBGGKTGT-IBGZPJMESA-N,486207,hit,CID486207,NO_CID_ef33cb0fc8bd,,hit,1,,1,1,1,1
381,COc1cc2c(cc1O)[C@@H](Cc1ccc(O)c(Oc3ccc(C[C@H]4c5cc(O)c(OC)cc5CCN4C)cc3)c1)N(C)CC2,True,COc1cc2c(cc1O)C(Cc1ccc(Oc3cc(CC4c5cc(O)c(OC)cc5CCN4C)ccc3O)cc1)N(C)CC2,COc1cc2c(cc1O)[C@@H](Cc1ccc(O)c(Oc3ccc(C[C@H]4c5cc(O)c(OC)cc5CCN4C)cc3)c1)N(C)CC2,FDABVSXGAMFQQH-XZWHSSHBSA-N,440585,hit,CID440585,NO_CID_245d5ebc675b,,hit,1,,1,1,1,1
382,COc1ccccc1/C=C/C(=O)O,True,COc1ccccc1C=CC(=O)O,COc1ccccc1/C=C/C(=O)O,FEGVSPGUHMGGBO-VOTSOKGWSA-N,734154,hit,CID734154,NO_CID_5ef072944765,,hit,1,,1,1,1,1
383,C=C(C)[C@@H]1CC[C@]2(C=O)CC[C@]3(C)[C@H](CC[C@@H]4[C@@]5(C)CC[C@H](O)C(C)(C)[C@@H]5CC[C@]43C)[C@@H]12,True,C=C(C)C1CCC2(C=O)CCC3(C)C(CCC4C5(C)CCC(O)C(C)(C)C5CCC43C)C12,C=C(C)[C@@H]1CC[C@]2(C=O)CC[C@]3(C)[C@H](CC[C@@H]4[C@@]5(C)CC[C@H](O)C(C)(C)[C@@H]5CC[C@]43C)[C@@H]12,FELCJAPFJOPHSD-ROUWMTJPSA-N,99615,hit,CID99615,NO_CID_9c8945b78cf7,,hit,1,,1,1,1,1
384,CC[C@H]1OC(=O)C[C@@H](O)[C@H](C)[C@@H](O[C@@H]2O[C@H](C)[C@@H](O)[C@H](N(C)C)[C@H]2O)[C@@H](CC=O)C[C@@H](C)C(=O)/C=C/C(C)=C/[C@@H]1C,True,CCC1OC(=O)CC(O)C(C)C(OC2OC(C)C(O)C(N(C)C)C2O)C(CC=O)CC(C)C(=O)C=CC(C)=CC1C,CC[C@H]1OC(=O)C[C@@H](O)[C@H](C)[C@@H](O[C@@H]2O[C@H](C)[C@@H](O)[C@H](N(C)C)[C@H]2O)[C@@H](CC=O)C[C@@H](C)C(=O)/C=C/C(C)=C/[C@@H]1C,FERSDKADYZRIAA-CQGKBTLCSA-N,13042283,hit,CID13042283,NO_CID_04aff590b191,,hit,1,,1,1,1,1
385,O=C(O)/C=C/c1cccc(Cl)c1,True,O=C(O)C=Cc1cccc(Cl)c1,O=C(O)/C=C/c1cccc(Cl)c1,FFKGOJWPSXRALK-SNAWJCMRSA-N,735250,hit,CID735250,NO_CID_c03d1ac52abe,,hit,1,,1,1,1,1
386,COc1oc(CCC(C)=CC(C)=Cc2ccc3ccccc3c2)c(C)c(=O)c1C,True,COc1oc(CCC(C)=CC(C)=Cc2ccc3ccccc3c2)c(C)c(=O)c1C,COc1oc(CCC(C)=CC(C)=Cc2ccc3ccccc3c2)c(C)c(=O)c1C,FFZIAIOSZGCLBS-UHFFFAOYSA-N,74975004,hit,CID74975004,NO_CID_90773ecb0e24,,hit,1,,1,1,1,1
387,C=C(C)[C@@H]1CC[C@@]2(C1)C(C)=CC(=O)C[C@H]2C,True,C=C(C)C1CCC2(C1)C(C)=CC(=O)CC2C,C=C(C)[C@@H]1CC[C@@]2(C1)C(C)=CC(=O)C[C@H]2C,FGCUSSRGQNHZRW-UMVBOHGHSA-N,442399,hit,CID442399,NO_CID_6c99f33dfd39,,hit,1,,1,1,1,1
388,CCC(C)C1C2(C)C(=O)/C(=C\O)C(O)(C3CC(C)(O)CC(C)C32)C1(C)O,True,CCC(C)C1C2(C)C(=O)C(=CO)C(O)(C3CC(C)(O)CC(C)C32)C1(C)O,CCC(C)C1C2(C)C(=O)/C(=C\O)C(O)(C3CC(C)(O)CC(C)C32)C1(C)O,FHJXKTOXQHRDTL-GXDHUFHOSA-N,5478031,hit,CID5478031,NO_CID_1482903407db,,hit,1,,1,1,1,1
389,CC[C@@H](C)[C@@H]1[C@]2(C)C(=O)/C(=C\O)[C@@](O)([C@H]3C[C@](C)(O)C[C@@H](C)[C@@H]32)[C@@]1(C)O,True,CCC(C)C1C2(C)C(=O)C(=CO)C(O)(C3CC(C)(O)CC(C)C32)C1(C)O,CC[C@@H](C)[C@@H]1[C@]2(C)C(=O)/C(=C\O)[C@@](O)([C@H]3C[C@](C)(O)C[C@@H](C)[C@@H]32)[C@@]1(C)O,FHJXKTOXQHRDTL-PSWVRJCXSA-N,102093872,hit,CID102093872,NO_CID_22fe2ce03e79,,hit,1,,1,1,1,1
390,COc1ccc(CN(C)CCc2ccc(O)cc2)cc1O,True,COc1ccc(CN(C)CCc2ccc(O)cc2)cc1O,COc1ccc(CN(C)CCc2ccc(O)cc2)cc1O,FHNYYRUKKWUYDN-UHFFFAOYSA-N,280283,hit,CID280283,NO_CID_510100b85d06,,hit,1,,1,1,1,1
391,CC(C)C[C@@H](O)[C@H](O)[C@@H](C)[C@H]1CC[C@H]2[C@@H]3CC[C@H]4C[C@H](O)CC[C@]4(C)[C@H]3CC[C@]12C,True,CC(C)CC(O)C(O)C(C)C1CCC2C3CCC4CC(O)CCC4(C)C3CCC12C,CC(C)C[C@@H](O)[C@H](O)[C@@H](C)[C@H]1CC[C@H]2[C@@H]3CC[C@H]4C[C@H](O)CC[C@]4(C)[C@H]3CC[C@]12C,FHSVMYDBGPVTTJ-RXZLMXHMSA-N,102023289,hit,CID102023289,NO_CID_3add74bb4799,,hit,1,,1,1,1,1
392,CC(C)C[C@@H](O)[C@H](O)[C@@H](C)[C@H]1CC[C@H]2[C@@H]3CC[C@H]4C[C@@H](O)CC[C@]4(C)[C@H]3CC[C@]12C,True,CC(C)CC(O)C(O)C(C)C1CCC2C3CCC4CC(O)CCC4(C)C3CCC12C,CC(C)C[C@@H](O)[C@H](O)[C@@H](C)[C@H]1CC[C@H]2[C@@H]3CC[C@H]4C[C@@H](O)CC[C@]4(C)[C@H]3CC[C@]12C,FHSVMYDBGPVTTJ-ZYHYDSQVSA-N,102023287,rescued_retry,CID102023287,NO_CID_fe33df9ca1f7,,rescued_retry,1,URLError: <urlopen error [SSL: UNEXPECTED_EOF_WHILE_READING] EOF occurred in violation of protocol (_ssl.c:1000)>,1,1,1,1
393,NC(Cc1c[nH]c2cc(Cl)ccc12)C(=O)O,True,NC(Cc1c[nH]c2cc(Cl)ccc12)C(=O)O,NC(Cc1c[nH]c2cc(Cl)ccc12)C(=O)O,FICLVQOYKYBXFN-UHFFFAOYSA-N,65259,hit,CID65259,NO_CID_cbad11ea8207,,hit,1,,1,1,1,1
394,CC(C)=CCc1cc2ccc(=O)oc2cc1O,True,CC(C)=CCc1cc2ccc(=O)oc2cc1O,CC(C)=CCc1cc2ccc(=O)oc2cc1O,FIDUIAPDSKSUGO-UHFFFAOYSA-N,5316525,hit,CID5316525,NO_CID_0be9b8ed94d9,,hit,1,,1,1,1,1
395,CCCNc1c2ccccc2nc2ccccc12,True,CCCNc1c2ccccc2nc2ccccc12,CCCNc1c2ccccc2nc2ccccc12,FIGOELDBJCFALR-UHFFFAOYSA-N,153062,hit,CID153062,NO_CID_2756376dc7b1,,hit,1,,1,1,1,1
396,O=C(O)c1ccc(-c2ccsc2)cc1,True,O=C(O)c1ccc(-c2ccsc2)cc1,O=C(O)c1ccc(-c2ccsc2)cc1,FISAUHGRILVMDP-UHFFFAOYSA-N,736862,hit,CID736862,NO_CID_696cf34a14c4,,hit,1,,1,1,1,1
397,CC1(C)CCC=C([C@@H]2CC=C(C=O)CC2)C1,True,CC1(C)CCC=C(C2CC=C(C=O)CC2)C1,CC1(C)CCC=C([C@@H]2CC=C(C=O)CC2)C1,FITVEUXUZLYLPG-CYBMUJFWSA-N,134716636,hit,CID134716636,NO_CID_8eee3924eeac,,hit,1,,1,1,1,1
398,CN(C)[C@@H]1[C@H]2[C@@H]3CCN2C[C@H]1O3,True,CN(C)C1C2CN3CCC(O2)C13,CN(C)[C@@H]1[C@H]2[C@@H]3CCN2C[C@H]1O3,FIWXXQWEVIQSAB-UYXSQOIJSA-N,168027,hit,CID168027,NO_CID_34caf12050be,,hit,1,,1,1,1,1
399,Cc1c(CC(N)C(=O)O)c2c(O)cccc2n1C,True,Cc1c(CC(N)C(=O)O)c2c(O)cccc2n1C,Cc1c(CC(N)C(=O)O)c2c(O)cccc2n1C,FJGSKMYFKQXYND-UHFFFAOYSA-N,122499540,hit,CID122499540,NO_CID_d8fbbc9b0c14,,hit,1,,1,1,0,1
400,CC(C)(C(=O)c1cccnc1)c1cccnc1,True,CC(C)(C(=O)c1cccnc1)c1cccnc1,CC(C)(C(=O)c1cccnc1)c1cccnc1,FJLBFSROUSIWMA-UHFFFAOYSA-N,4174,hit,CID4174,NO_CID_4d6a1774cd7c,,hit,1,,1,1,1,1
401,COc1ccc2c(c1OC)C[N+]1(C)CCc3cc4c(c(O)c3[C@@H]1C2)OCO4,True,COc1ccc2c(c1OC)C[N+]1(C)CCc3cc4c(c(O)c3C1C2)OCO4,COc1ccc2c(c1OC)C[N+]1(C)CCc3cc4c(c(O)c3[C@@H]1C2)OCO4,FJOUYKHTSXWRMH-UEDXYCIISA-O,129011756,hit,CID129011756,NO_CID_440dcbacce5b,,hit,1,,1,1,1,1
402,CN(CCCC(=O)c1cccnc1)N=O,True,CN(CCCC(=O)c1cccnc1)N=O,CN(CCCC(=O)c1cccnc1)N=O,FLAQQSHRLBFIEZ-UHFFFAOYSA-N,47289,hit,CID47289,NO_CID_1a1f34fb253b,,hit,1,,1,1,1,1
403,C#Cc1ccc2[nH]cc(CC(N)C(=O)O)c2c1,True,C#Cc1ccc2[nH]cc(CC(N)C(=O)O)c2c1,C#Cc1ccc2[nH]cc(CC(N)C(=O)O)c2c1,FLHDTNWRXMTPMP-UHFFFAOYSA-N,74431846,hit,CID74431846,NO_CID_e4bfb5716ca1,,hit,1,,1,1,1,1
404,CC(C)CCC[C@@H](C)[C@H]1CC[C@H]2C3=CC[C@H]4CC(=O)CC[C@]4(C)[C@H]3CC[C@]12C,True,CC(C)CCCC(C)C1CCC2C3=CCC4CC(=O)CCC4(C)C3CCC21C,CC(C)CCC[C@@H](C)[C@H]1CC[C@H]2C3=CC[C@H]4CC(=O)CC[C@]4(C)[C@H]3CC[C@]12C,FLRPNSKUGCVRRB-IINKENNYSA-N,15081535,hit,CID15081535,NO_CID_f1cdd5b54812,,hit,1,,1,1,1,1
405,Fc1ccc(CCBr)cc1,True,Fc1ccc(CCBr)cc1,Fc1ccc(CCBr)cc1,FLRUNCJXOVYWDH-UHFFFAOYSA-N,573153,hit,CID573153,NO_CID_1464cf63b437,,hit,1,,1,1,1,1
406,Cc1[nH]c2cccc(-c3ccncc3)c2c1CC(N)C(=O)O,True,Cc1[nH]c2cccc(-c3ccncc3)c2c1CC(N)C(=O)O,Cc1[nH]c2cccc(-c3ccncc3)c2c1CC(N)C(=O)O,FLTNSCRFKHZCES-UHFFFAOYSA-N,122499621,hit,CID122499621,NO_CID_7d4f93e94d0e,,hit,1,,1,1,1,1
407,C=C(CC[C@@H](C)[C@H]1CC[C@@]2(CO)C3=C(CC[C@]12C)[C@@]1(C)CC[C@H](O)C(C)(C)[C@@H]1CC3)C(C)C,True,C=C(CCC(C)C1CCC2(CO)C3=C(CCC12C)C1(C)CCC(O)C(C)(C)C1CC3)C(C)C,C=C(CC[C@@H](C)[C@H]1CC[C@@]2(CO)C3=C(CC[C@]12C)[C@@]1(C)CC[C@H](O)C(C)(C)[C@@H]1CC3)C(C)C,FLUVBAXFCMTFEM-VAPIERHISA-N,168007609,hit,CID168007609,NO_CID_a18840cbf939,,hit,1,,1,1,1,1
408,CC(=O)Cc1ccc(C(=O)O)cc1,True,CC(=O)Cc1ccc(C(=O)O)cc1,CC(=O)Cc1ccc(C(=O)O)cc1,FLZUYXUBDVKWPO-UHFFFAOYSA-N,576244,hit,CID576244,NO_CID_f6b1c8fa07a9,,hit,1,,1,1,1,1
409,Cn1cc(CC(N)C(=O)O)c2ccc(N3CCOCC3)cc21,True,Cn1cc(CC(N)C(=O)O)c2ccc(N3CCOCC3)cc21,Cn1cc(CC(N)C(=O)O)c2ccc(N3CCOCC3)cc21,FMBGDBPQICJCMI-UHFFFAOYSA-N,122499550,hit,CID122499550,NO_CID_8f1a74a0322c,,hit,1,,1,1,1,1
410,CC(C)[C@H](C)C[C@H](O)[C@@H](C)[C@H]1CC[C@H]2[C@@H]3CCC4=CC(=O)CC[C@]4(C)[C@H]3CC[C@]12C,True,CC(C)C(C)CC(O)C(C)C1CCC2C3CCC4=CC(=O)CCC4(C)C3CCC12C,CC(C)[C@H](C)C[C@H](O)[C@@H](C)[C@H]1CC[C@H]2[C@@H]3CCC4=CC(=O)CC[C@]4(C)[C@H]3CC[C@]12C,FMFAICDKESPFNH-NQMBQAPESA-N,15341631,hit,CID15341631,NO_CID_ad1f92da0ab2,,hit,1,,1,1,1,1
411,C[C@]12CC[C@H](O)CC1=CC[C@@H]1[C@@H]2CC[C@]2(C)C(=O)CC[C@@H]12,True,CC12CCC3C(CC=C4CC(O)CCC43C)C1CCC2=O,C[C@]12CC[C@H](O)CC1=CC[C@@H]1[C@@H]2CC[C@]2(C)C(=O)CC[C@@H]12,FMGSKLZLMKYGDP-USOAJAOKSA-N,5881,hit,CID5881,NO_CID_a37c29e64ee2,,hit,1,,1,1,1,1
412,c1ccc2c(c1)cc1ccc3cccc4ccc2c1c34,True,c1ccc2c(c1)cc1ccc3cccc4ccc2c1c34,c1ccc2c(c1)cc1ccc3cccc4ccc2c1c34,FMMWHPNWAFZXNH-UHFFFAOYSA-N,2336,hit,CID2336,NO_CID_61ea1990969c,,hit,1,,1,1,1,1
413,CC1=CC(=O)C[C@@](C)(C(F)F)[C@@]1(O)/C=C/C(C)=C\C(=O)O,True,CC(C=CC1(O)C(C)=CC(=O)CC1(C)C(F)F)=CC(=O)O,CC1=CC(=O)C[C@@](C)(C(F)F)[C@@]1(O)/C=C/C(C)=C\C(=O)O,FNCUPQSMSDVUPG-HUAFUZOASA-N,,cid0_no_match,NO_CID_6ce3b23f360b,NO_CID_6ce3b23f360b,,cid0_no_match,0,,1,1,1,1
414,CC[C@]12C=CCN3CC[C@]4(C(=C(C(=O)OC)C1)Nc1ccccc14)[C@@H]32,True,CCC12C=CCN3CCC4(C(=C(C(=O)OC)C1)Nc1ccccc14)C32,CC[C@]12C=CCN3CC[C@]4(C(=C(C(=O)OC)C1)Nc1ccccc14)[C@@H]32,FNGGIPWAZSFKCN-ACRUOGEOSA-N,20485,hit,CID20485,NO_CID_6fdfdfadefe3,,hit,1,,1,1,1,1
415,CCC12C=CCN3CCC4(C(=C(C(=O)OC)C1)Nc1ccccc14)C32,True,CCC12C=CCN3CCC4(C(=C(C(=O)OC)C1)Nc1ccccc14)C32,CCC12C=CCN3CCC4(C(=C(C(=O)OC)C1)Nc1ccccc14)C32,FNGGIPWAZSFKCN-UHFFFAOYSA-N,495253,hit,CID495253,NO_CID_f108610bdb04,,hit,1,,1,1,1,1
416,Cn1cc(CC(N)C(=O)O)c2ccc(-c3ccncc3)cc21,True,Cn1cc(CC(N)C(=O)O)c2ccc(-c3ccncc3)cc21,Cn1cc(CC(N)C(=O)O)c2ccc(-c3ccncc3)cc21,FNMCNOHDAXJVBK-UHFFFAOYSA-N,134259607,hit,CID134259607,NO_CID_167c6a4eac91,,hit,1,,1,1,1,1
417,Cc1c([O-])cc(O)c(C(=O)O)c1CO,True,Cc1c([O-])cc(O)c(C(=O)O)c1CO,Cc1c([O-])cc(O)c(C(=O)O)c1CO,FNQLRCIVBGMHTI-UHFFFAOYSA-M,155486812,hit,CID155486812,NO_CID_8f6a92df0415,,hit,1,,1,1,1,1
418,CN1[C@@H]2CC[C@H]1CC(OC(=O)[C@H](O)Cc1ccccc1)C2,True,CN1C2CCC1CC(OC(=O)C(O)Cc1ccccc1)C2,CN1[C@@H]2CC[C@H]1CC(OC(=O)[C@H](O)Cc1ccccc1)C2,FNRXUEYLFZLOEZ-VFSICIBPSA-N,12311316,hit,CID12311316,NO_CID_b4939cb98910,,hit,1,,1,1,1,1
419,C[NH+]1[C@@H]2CC[C@H]1CC(OC(=O)[C@H](O)Cc1ccccc1)C2,True,C[NH+]1C2CCC1CC(OC(=O)C(O)Cc1ccccc1)C2,C[NH+]1[C@@H]2CC[C@H]1CC(OC(=O)[C@H](O)Cc1ccccc1)C2,FNRXUEYLFZLOEZ-VFSICIBPSA-O,91820147,hit,CID91820147,NO_CID_cbbe6f92e209,,hit,1,,1,1,1,1
420,CCCCCC[C@H]1C(=O)O[C@H](C)C/C=C/C=C/C=C/C=C/C=C(\C)[C@@H](O)C[C@H](O)C[C@H](O)C[C@H](O)C[C@H](O)C[C@H](O)C[C@@H]1O,True,CCCCCCC1C(=O)OC(C)CC=CC=CC=CC=CC=C(C)C(O)CC(O)CC(O)CC(O)CC(O)CC(O)CC1O,CCCCCC[C@H]1C(=O)O[C@H](C)C/C=C/C=C/C=C/C=C/C=C(\C)[C@@H](O)C[C@H](O)C[C@H](O)C[C@H](O)C[C@H](O)C[C@H](O)C[C@@H]1O,FODXYXCKUOAJAV-XHDOTJGXSA-N,45100492,hit,CID45100492,NO_CID_dc90bf9f9f3a,,hit,1,,1,1,1,1
421,O=C(O)c1ccc(-c2ccco2)cc1,True,O=C(O)c1ccc(-c2ccco2)cc1,O=C(O)c1ccc(-c2ccco2)cc1,FOJYVBSPOBUCMV-UHFFFAOYSA-N,5138791,hit,CID5138791,NO_CID_290670e24aa1,,hit,1,,1,1,1,1
422,O=C(O)c1ccc(Cc2ccccc2)cc1,True,O=C(O)c1ccc(Cc2ccccc2)cc1,O=C(O)c1ccc(Cc2ccccc2)cc1,FPHVRPCVNPHPBH-UHFFFAOYSA-N,136429,hit,CID136429,NO_CID_a453925ab726,,hit,1,,1,1,1,1
423,CC[C@H]1OC(=O)/C=C/[C@H](C)[C@@H](O[C@@H]2O[C@H](C)C[C@H](N(C)C)[C@H]2O)[C@@H](C)C[C@@H](C)C(=O)/C=C/C=C/[C@@H]1CO[C@@H]1O[C@H](C)[C@@H](O)[C@@H](O)[C@H]1OC,True,CCC1OC(=O)C=CC(C)C(OC2OC(C)CC(N(C)C)C2O)C(C)CC(C)C(=O)C=CC=CC1COC1OC(C)C(O)C(O)C1OC,CC[C@H]1OC(=O)/C=C/[C@H](C)[C@@H](O[C@@H]2O[C@H](C)C[C@H](N(C)C)[C@H]2O)[C@@H](C)C[C@@H](C)C(=O)/C=C/C=C/[C@@H]1CO[C@@H]1O[C@H](C)[C@@H](O)[C@@H](O)[C@H]1OC,FPIDCOOKEJFXFI-WKUFBULYSA-N,23724536,hit,CID23724536,NO_CID_874554330676,,hit,1,,1,1,1,1
424,CC1=C(/C=C/C(C)=C/C=C/C(C)=C/CO)C(C)(C)CCC1,True,CC(C=CC1=C(C)CCCC1(C)C)=CC=CC(C)=CCO,CC1=C(/C=C/C(C)=C/C=C/C(C)=C/CO)C(C)(C)CCC1,FPIPGXGPPPQFEQ-OVSJKPMPSA-N,445354,hit,CID445354,NO_CID_00ffdeb4a5ae,,hit,1,,1,1,1,1
425,Cc1cccc2[nH]cc(CC(N)C(=O)O)c12,True,Cc1cccc2[nH]cc(CC(N)C(=O)O)c12,Cc1cccc2[nH]cc(CC(N)C(=O)O)c12,FPJGLSZLQLNZIW-UHFFFAOYSA-N,96374,hit,CID96374,NO_CID_6800c72503f5,,hit,1,,1,1,1,1
426,COc1ccc(-c2oc3cc(O)cc(O)c3c(=O)c2O)cc1O,True,COc1ccc(-c2oc3cc(O)cc(O)c3c(=O)c2O)cc1O,COc1ccc(-c2oc3cc(O)cc(O)c3c(=O)c2O)cc1O,FPLMIPQZHHQWHN-UHFFFAOYSA-N,5281699,hit,CID5281699,NO_CID_9563125108da,,hit,1,,1,1,1,1
427,CCC=CCC(C=CC=CCC=CCC=CCCCC(=O)[O-])OO,True,CCC=CCC(C=CC=CCC=CCC=CCCCC(=O)[O-])OO,CCC=CCC(C=CC=CCC=CCC=CCCCC(=O)[O-])OO,FPMFSFWYWZLDKP-UHFFFAOYSA-M,,cid0_no_match,NO_CID_f6494ed1827f,NO_CID_f6494ed1827f,,cid0_no_match,0,,1,1,1,1
428,OC1CCC2C(CCC3C4CCCC4CCC23)C1,True,OC1CCC2C(CCC3C4CCCC4CCC23)C1,OC1CCC2C(CCC3C4CCCC4CCC23)C1,FPXSXMFOYWRHDX-UHFFFAOYSA-N,1107,hit,CID1107,NO_CID_5c4b1ba572fe,,hit,1,,1,1,1,1
429,C=C[C@@](C)(O)CC/C=C(\C)CCC=C(C)C,True,C=CC(C)(O)CCC=C(C)CCC=C(C)C,C=C[C@@](C)(O)CC/C=C(\C)CCC=C(C)C,FQTLCLSUCSAZDY-ATGUSINASA-N,5281525,hit,CID5281525,NO_CID_567f09896461,,hit,1,,1,1,1,1
430,C=CC(C)(O)CC/C=C(\C)CCC=C(C)C,True,C=CC(C)(O)CCC=C(C)CCC=C(C)C,C=CC(C)(O)CC/C=C(\C)CCC=C(C)C,FQTLCLSUCSAZDY-SDNWHVSQSA-N,5284507,hit,CID5284507,NO_CID_853d6a84714c,,hit,1,,1,1,1,1
431,CC1=CCC[C@@]2(C)CCC3=C(C)CC[C@@H](C[C@H]12)C3(C)C,True,CC1=CCCC2(C)CCC3=C(C)CCC(CC12)C3(C)C,CC1=CCC[C@@]2(C)CCC3=C(C)CC[C@@H](C[C@H]12)C3(C)C,FRJSECSOXKQMOD-HQRMLTQVSA-N,443484,hit,CID443484,NO_CID_3e29f6dbfb28,,hit,1,,1,1,1,1
432,C/C(C=O)=C\CC/C(C)=C/CO,True,CC(C=O)=CCCC(C)=CCO,C/C(C=O)=C\CC/C(C)=C/CO,FRKZCCBKUZTFCA-TXFIJWAUSA-N,11412603,hit,CID11412603,NO_CID_f213830995a6,,hit,1,,1,1,1,1
433,C=CCCCCCCCCC(=O)O,True,C=CCCCCCCCCC(=O)O,C=CCCCCCCCCC(=O)O,FRPZMMHWLSIFAZ-UHFFFAOYSA-N,5634,hit,CID5634,NO_CID_0eed0fe475f2,,hit,1,,1,1,1,1
434,C=C(C)[C@H]1CC[C@]2(C)[C@@H]1CC[C@]1(C)C/C=C(\C(=O)O)CC/C=C(\C)CC[C@H]12,True,C=C(C)C1CCC2(C)C1CCC1(C)CC=C(C(=O)O)CCC=C(C)CCC12,C=C(C)[C@H]1CC[C@]2(C)[C@@H]1CC[C@]1(C)C/C=C(\C(=O)O)CC/C=C(\C)CC[C@H]12,FSKFLBQJBSQQKA-DMZCBJAKSA-N,102515494,hit,CID102515494,NO_CID_e571faca0400,,hit,1,,1,1,1,1
435,C[C@H]1[C@H](C)CC[C@]2(C)CC[C@]3(C)C(=CC[C@@H]4[C@@]5(C)CC[C@H](O)C(C)(C)[C@@H]5CC[C@]43C)[C@H]12,True,CC1CCC2(C)CCC3(C)C(=CCC4C5(C)CCC(O)C(C)(C)C5CCC43C)C2C1C,C[C@H]1[C@H](C)CC[C@]2(C)CC[C@]3(C)C(=CC[C@@H]4[C@@]5(C)CC[C@H](O)C(C)(C)[C@@H]5CC[C@]43C)[C@H]12,FSLPMRQHCOLESF-SFMCKYFRSA-N,73170,hit,CID73170,NO_CID_6c7087ab1d94,,hit,1,,1,1,1,1
436,CC1=CC[C@H]2[C@@](C)(CC[C@H]3C(C)(C)CCC[C@]23C)[C@@H]1CC(=O)O,True,CC1=CCC2C(C)(CCC3C(C)(C)CCCC32C)C1CC(=O)O,CC1=CC[C@H]2[C@@](C)(CC[C@H]3C(C)(C)CCC[C@]23C)[C@@H]1CC(=O)O,FSSLCLPRTAWDSH-OZMCLOMFSA-N,140229623,hit,CID140229623,NO_CID_f884b93575c7,,hit,1,,1,1,1,1
437,Oc1ccc(C2Oc3cc(O)cc(O)c3C(O)C2O)cc1,True,Oc1ccc(C2Oc3cc(O)cc(O)c3C(O)C2O)cc1,Oc1ccc(C2Oc3cc(O)cc(O)c3C(O)C2O)cc1,FSVMLWOLZHGCQX-UHFFFAOYSA-N,3286789,hit,CID3286789,NO_CID_8a98040e6415,,hit,1,,1,1,1,1
438,CC/C=C\C/C=C\C/C=C\C/C=C\C=C\C(O)CCCC(=O)[O-],True,CCC=CCC=CCC=CCC=CC=CC(O)CCCC(=O)[O-],CC/C=C\C/C=C\C/C=C\C/C=C\C=C\C(O)CCCC(=O)[O-],FTAGQROYQYQRHF-FCWZHQICSA-M,102571795,hit,CID102571795,NO_CID_ecb2f5f805fe,,hit,1,,1,1,1,1
439,C=CCCCCC(=O)OCC,True,C=CCCCCC(=O)OCC,C=CCCCCC(=O)OCC,FTJATNSAFIFEDU-UHFFFAOYSA-N,560341,hit,CID560341,NO_CID_17f4014a5947,,hit,1,,1,1,1,1
440,O=C1CC(c2ccc(O)cc2)Oc2cc(O)cc(O)c21,True,O=C1CC(c2ccc(O)cc2)Oc2cc(O)cc(O)c21,O=C1CC(c2ccc(O)cc2)Oc2cc(O)cc(O)c21,FTVWIRXFELQLPI-UHFFFAOYSA-N,932,hit,CID932,NO_CID_0747a27709cb,,hit,1,,1,1,1,1
441,O=C1C[C@@H](c2ccc(O)cc2)Oc2cc(O)cc(O)c21,True,O=C1CC(c2ccc(O)cc2)Oc2cc(O)cc(O)c21,O=C1C[C@@H](c2ccc(O)cc2)Oc2cc(O)cc(O)c21,FTVWIRXFELQLPI-ZDUSSCGKSA-N,439246,hit,CID439246,NO_CID_fabd129cbbd7,,hit,1,,1,1,1,1
442,CC1=C[C@@H]2C(=C(C)CC[C@H]2C(C)C)CC1,True,CC1=CC2C(=C(C)CCC2C(C)C)CC1,CC1=C[C@@H]2C(=C(C)CC[C@H]2C(C)C)CC1,FUCYIEXQVQJBKY-ZFWWWQNUSA-N,441005,hit,CID441005,NO_CID_b2ebb0c52614,,hit,1,,1,1,1,1
443,C=Cc1ccc(O)cc1,True,C=Cc1ccc(O)cc1,C=Cc1ccc(O)cc1,FUGYGGDSWSUORM-UHFFFAOYSA-N,62453,hit,CID62453,NO_CID_c1bee62404ab,,hit,1,,1,1,1,1
444,C=C1CC[C@@H]2[C@](C)(CO)CCC[C@@]2(C)[C@@H]1CC/C(=C/CO)CO,True,C=C1CCC2C(C)(CO)CCCC2(C)C1CCC(=CCO)CO,C=C1CC[C@@H]2[C@](C)(CO)CCC[C@@]2(C)[C@@H]1CC/C(=C/CO)CO,FUHGIRXMYOFRFO-MBLHVHFBSA-N,44577208,hit,CID44577208,NO_CID_b27608caf1cb,,hit,1,,1,1,1,1
445,COc1cc(OC)nc(Oc2cccc(Oc3nc(OC)cc(OC)n3)c2C(=O)O)n1.[Na+],True,COc1cc(OC)nc(Oc2cccc(Oc3nc(OC)cc(OC)n3)c2C(=O)O)n1.[Na+],COc1cc(OC)nc(Oc2cccc(Oc3nc(OC)cc(OC)n3)c2C(=O)O)n1.[Na+],FUHMZYWBSHTEDZ-UHFFFAOYSA-N,57428585,hit,CID57428585,NO_CID_3f9ce5f4daf9,,hit,1,,1,1,1,1
446,O=C1C[C@@H](c2ccc(O)cc2)Oc2cc(O)ccc21,True,O=C1CC(c2ccc(O)cc2)Oc2cc(O)ccc21,O=C1C[C@@H](c2ccc(O)cc2)Oc2cc(O)ccc21,FURUXTVZLHCCNA-AWEZNQCLSA-N,114829,hit,CID114829,NO_CID_7e49459e797e,,hit,1,,1,1,1,1
447,CCCCCC(=O)O,True,CCCCCC(=O)O,CCCCCC(=O)O,FUZZWVXGSFPDMH-UHFFFAOYSA-N,8892,hit,CID8892,NO_CID_c0d22b5f44c4,,hit,1,,1,1,1,1
448,COc1ccc(C[C@H]2NCCc3cc(OC)c(O)cc32)cc1O,True,COc1ccc(CC2NCCc3cc(OC)c(O)cc32)cc1O,COc1ccc(C[C@H]2NCCc3cc(OC)c(O)cc32)cc1O,FVEMXQCEJGGXJB-CQSZACIVSA-N,441066,hit,CID441066,NO_CID_dee7637d854d,,hit,1,,1,0,1,1
449,COc1ccc(CC2NCCc3cc(OC)c(O)cc32)cc1O,True,COc1ccc(CC2NCCc3cc(OC)c(O)cc32)cc1O,COc1ccc(CC2NCCc3cc(OC)c(O)cc32)cc1O,FVEMXQCEJGGXJB-UHFFFAOYSA-N,443766,hit,CID443766,NO_CID_7205c121c545,,hit,1,,1,1,1,1
450,O=C(O)Cc1cccc(O)c1,True,O=C(O)Cc1cccc(O)c1,O=C(O)Cc1cccc(O)c1,FVMDYYGIDFPZAX-UHFFFAOYSA-N,12122,hit,CID12122,NO_CID_27ef19114d93,,hit,1,,1,1,1,1
451,C/C=C(C)/C=C(\C)C(=O)[C@H](C)C(=O)S,True,CC=C(C)C=C(C)C(=O)C(C)C(=O)S,C/C=C(C)/C=C(\C)C(=O)[C@H](C)C(=O)S,FVVAUYVZIDJZCC-HMNNVMPBSA-N,,cid0_no_match,NO_CID_586f1a653b62,NO_CID_586f1a653b62,,cid0_no_match,0,,1,1,1,1
452,C=C(C)[C@@H]1CC[C@]2(CO)CC[C@]3(C)[C@H](CC[C@@H]4[C@@]5(C)CC[C@H](O)C(C)(C)[C@@H]5CC[C@]43C)[C@@H]12,True,C=C(C)C1CCC2(CO)CCC3(C)C(CCC4C5(C)CCC(O)C(C)(C)C5CCC43C)C12,C=C(C)[C@@H]1CC[C@]2(CO)CC[C@]3(C)[C@H](CC[C@@H]4[C@@]5(C)CC[C@H](O)C(C)(C)[C@@H]5CC[C@]43C)[C@@H]12,FVWJYYTZTCVBKE-ROUWMTJPSA-N,72326,hit,CID72326,NO_CID_e27c21ee0633,,hit,1,,1,1,1,1
453,Cc1c(CC(N)C=O)c2cccc(Br)c2n1C,True,Cc1c(CC(N)C=O)c2cccc(Br)c2n1C,Cc1c(CC(N)C=O)c2cccc(Br)c2n1C,FVWZDKRSCOKBLI-UHFFFAOYSA-N,,cid0_no_match,NO_CID_33d5d418095c,NO_CID_33d5d418095c,,cid0_no_match,0,,1,1,0,1
454,COc1cc2c(cc1O)[C@@H]1Cc3ccc4c(c3CN1CC2)OCO4,True,COc1cc2c(cc1O)C1Cc3ccc4c(c3CN1CC2)OCO4,COc1cc2c(cc1O)[C@@H]1Cc3ccc4c(c3CN1CC2)OCO4,FVXCQULKSPVRPK-HNNXBMFYSA-N,440582,hit,CID440582,NO_CID_b54703d861bc,,hit,1,,1,1,1,1
455,COc1cc2c(cc1O)C1Cc3ccc4c(c3CN1CC2)OCO4,True,COc1cc2c(cc1O)C1Cc3ccc4c(c3CN1CC2)OCO4,COc1cc2c(cc1O)C1Cc3ccc4c(c3CN1CC2)OCO4,FVXCQULKSPVRPK-UHFFFAOYSA-N,5117621,hit,CID5117621,NO_CID_7b9d26edfea0,,hit,1,,1,1,1,1
456,CC(C)(O)[C@@H]1Cc2cc3ccc(=O)oc3cc2O1,True,CC(C)(O)C1Cc2cc3ccc(=O)oc3cc2O1,CC(C)(O)[C@@H]1Cc2cc3ccc(=O)oc3cc2O1,FWYSBEAFFPBAQU-LBPRGKRZSA-N,334704,hit,CID334704,NO_CID_1d7ad0d370d2,,hit,1,,1,1,1,1
457,Cn1cc(CC(N)C(=O)O)c2cccc(N3CCOCC3)c21,True,Cn1cc(CC(N)C(=O)O)c2cccc(N3CCOCC3)c21,Cn1cc(CC(N)C(=O)O)c2cccc(N3CCOCC3)c21,FXDKIVBUAHWOHU-UHFFFAOYSA-N,122499522,hit,CID122499522,NO_CID_64473e3c34f1,,hit,1,,1,1,0,1
458,CCC(C)CC(C)CC(C)CCl,True,CCC(C)CC(C)CC(C)CCl,CCC(C)CC(C)CC(C)CCl,FXTQIZNGOQIHPR-UHFFFAOYSA-N,,cid0_no_match,NO_CID_3e9762679f0c,NO_CID_3e9762679f0c,,cid0_no_match,0,,1,1,1,1
459,CC(CO)CCC[C@@H](C)[C@H]1CC[C@H]2[C@@H]3CC=C4C[C@@H](O)CC[C@]4(C)[C@H]3CC[C@]12C,True,CC(CO)CCCC(C)C1CCC2C3CC=C4CC(O)CCC4(C)C3CCC12C,CC(CO)CCC[C@@H](C)[C@H]1CC[C@H]2[C@@H]3CC=C4C[C@@H](O)CC[C@]4(C)[C@H]3CC[C@]12C,FYHRJWMENCALJY-CCDZVGGQSA-N,99470,hit,CID99470,NO_CID_fa84f1825acb,,hit,1,,1,1,1,1
460,C[C@@H](CO)CCC[C@@H](C)[C@H]1CC[C@H]2[C@@H]3CC=C4C[C@@H](O)CC[C@]4(C)[C@H]3CC[C@]12C,True,CC(CO)CCCC(C)C1CCC2C3CC=C4CC(O)CCC4(C)C3CCC12C,C[C@@H](CO)CCC[C@@H](C)[C@H]1CC[C@H]2[C@@H]3CC=C4C[C@@H](O)CC[C@]4(C)[C@H]3CC[C@]12C,FYHRJWMENCALJY-YSQMORBQSA-N,123976,hit,CID123976,NO_CID_55bffeaa139d,,hit,1,,1,1,1,1
461,O=C(O)c1[nH]c(C(=O)O)c(-c2c[nH]c3ccccc23)c1-c1c[nH]c2ccccc12,True,O=C(O)c1[nH]c(C(=O)O)c(-c2c[nH]c3ccccc23)c1-c1c[nH]c2ccccc12,O=C(O)c1[nH]c(C(=O)O)c(-c2c[nH]c3ccccc23)c1-c1c[nH]c2ccccc12,FZDVNXHYGMEEDT-UHFFFAOYSA-N,11326613,hit,CID11326613,NO_CID_a3afc5ec25fa,,hit,1,,1,1,1,1
462,CC(=O)Nc1ccccc1,True,CC(=O)Nc1ccccc1,CC(=O)Nc1ccccc1,FZERHIULMFGESH-UHFFFAOYSA-N,904,hit,CID904,NO_CID_e9d92b28db6a,,hit,1,,1,1,1,1
463,CC(=N)N1CCC(Oc2ccc([C@H](Cc3ccc4ccc(C(=N)N)cc4c3)C(=O)O)cc2)CC1,True,CC(=N)N1CCC(Oc2ccc(C(Cc3ccc4ccc(C(=N)N)cc4c3)C(=O)O)cc2)CC1,CC(=N)N1CCC(Oc2ccc([C@H](Cc3ccc4ccc(C(=N)N)cc4c3)C(=O)O)cc2)CC1,FZLDAJVXFYWRCX-VWLOTQADSA-N,447216,hit,CID447216,NO_CID_e2862b0d426e,,hit,1,,1,1,1,1
464,CCCCCCc1c(O)cc(CCCCC)cc1O,True,CCCCCCc1c(O)cc(CCCCC)cc1O,CCCCCCc1c(O)cc(CCCCC)cc1O,GAZJVWPMPITOLB-UHFFFAOYSA-N,198749,hit,CID198749,NO_CID_65973c39ad1f,,hit,1,,1,1,1,1
465,C[N@@+]12CCc3cc4c(cc3[C@@H]1Cc1ccc3c(c1C2)OCO3)OCO4,True,C[N+]12CCc3cc4c(cc3C1Cc1ccc3c(c1C2)OCO3)OCO4,C[N@@+]12CCc3cc4c(cc3[C@@H]1Cc1ccc3c(c1C2)OCO3)OCO4,GBUUKFRQPCPYPW-KKSFZXQISA-N,5460426,hit,CID5460426,NO_CID_cf6fd909b7eb,,hit,1,,1,1,1,1
466,CC(C)c1cc2c(c(O)c1O)[C@@]1(C)CCCC(C)(C)[C@@H]1CC2=O,True,CC(C)c1cc2c(c(O)c1O)C1(C)CCCC(C)(C)C1CC2=O,CC(C)c1cc2c(c(O)c1O)[C@@]1(C)CCCC(C)(C)[C@@H]1CC2=O,GDLRDIDXYBIPFY-YWZLYKJASA-N,10403490,hit,CID10403490,NO_CID_4e962c98240c,,hit,1,,1,1,1,1
467,Cc1ccc2c(C[C@H](N)C(=O)O)c[nH]c2c1,True,Cc1ccc2c(CC(N)C(=O)O)c[nH]c2c1,Cc1ccc2c(C[C@H](N)C(=O)O)c[nH]c2c1,GDMRVYIFGPMUCG-JTQLQIEISA-N,164910,hit,CID164910,NO_CID_b9731514bfef,,hit,1,,1,1,1,1
468,Cc1ccc2c(CC(N)C(=O)O)c[nH]c2c1,True,Cc1ccc2c(CC(N)C(=O)O)c[nH]c2c1,Cc1ccc2c(CC(N)C(=O)O)c[nH]c2c1,GDMRVYIFGPMUCG-UHFFFAOYSA-N,95319,hit,CID95319,NO_CID_83d654bd72f0,,hit,1,,1,1,1,1
469,Cn1c(CC(N)C(=O)O)cc2c(Cl)cccc21,True,Cn1c(CC(N)C(=O)O)cc2c(Cl)cccc21,Cn1c(CC(N)C(=O)O)cc2c(Cl)cccc21,GENAWSYFVDKZGM-UHFFFAOYSA-N,,cid0_no_match,NO_CID_4da23e9162e0,NO_CID_4da23e9162e0,,cid0_no_match,0,,1,1,1,1
470,COC[C@@H](O)[C@H](O)[C@H](O)[C@@H](O)C=O,True,COCC(O)C(O)C(O)C(O)C=O,COC[C@@H](O)[C@H](O)[C@H](O)[C@@H](O)C=O,GFHNQKKLOLZRQE-WNJXEPBRSA-N,18604925,hit,CID18604925,NO_CID_2e3994aba902,,hit,1,,1,1,1,1
471,C=C(C)[C@@H]1CCC2=C[C@@H](O)C[C@@H](C)[C@]2(C)C1,True,C=C(C)C1CCC2=CC(O)CC(C)C2(C)C1,C=C(C)[C@@H]1CCC2=C[C@@H](O)C[C@@H](C)[C@]2(C)C1,GFNWRKNVTHDNPV-UXOAXIEHSA-N,182645,hit,CID182645,NO_CID_eefc17b47cc5,,hit,1,,1,1,1,1
472,O=C([O-])CCCCCCCCCCCCCCCCCCCCCCCCCO,True,O=C([O-])CCCCCCCCCCCCCCCCCCCCCCCCCO,O=C([O-])CCCCCCCCCCCCCCCCCCCCCCCCCO,GGDUSUKUCOFETL-UHFFFAOYSA-M,72193725,hit,CID72193725,NO_CID_e2017c3e0f39,,hit,1,,1,1,1,1
473,C=CC1=C(C)C2=Cc3c(C=C)c(C)c4[n]3[Fe-]35[n]6c(c(C)c(CCC(=O)[O-])c6=CC6=[N+]3C(=C4)C(C)=C6CCC(=O)[O-])=CC1=[N+]25,True,C=CC1=C(C)C2=Cc3c(C=C)c(C)c4[n]3[Fe-]35[n]6c(c(C)c(CCC(=O)[O-])c6=CC6=[N+]3C(=C4)C(C)=C6CCC(=O)[O-])=CC1=[N+]25,C=CC1=C(C)C2=Cc3c(C=C)c(C)c4[n]3[Fe-]35[n]6c(c(C)c(CCC(=O)[O-])c6=CC6=[N+]3C(=C4)C(C)=C6CCC(=O)[O-])=CC1=[N+]25,GGIDWJQWCUJYRY-UHFFFAOYSA-J,53356674,hit,CID53356674,NO_CID_7b2673ad9a40,,hit,1,,0,0,0,0
474,O=C(O)c1ccc(I)cc1,True,O=C(O)c1ccc(I)cc1,O=C(O)c1ccc(I)cc1,GHICCUXQJBDNRN-UHFFFAOYSA-N,12085,hit,CID12085,NO_CID_67b5bbd0bb31,,hit,1,,1,1,1,1
475,CC(=O)[C@@]1(O)CC[C@H]2C3=CC=C4C[C@@H](O)CC[C@]4(C)[C@H]3CC[C@@]21C,True,CC(=O)C1(O)CCC2C3=CC=C4CC(O)CCC4(C)C3CCC21C,CC(=O)[C@@]1(O)CC[C@H]2C3=CC=C4C[C@@H](O)CC[C@]4(C)[C@H]3CC[C@@]21C,GHQXOGDXOSLAQM-SFOIOBPVSA-N,23531772,hit,CID23531772,NO_CID_d625ae9b305f,,hit,1,,1,1,1,1
476,O=C(O)c1ccc2cc[nH]c2c1,True,O=C(O)c1ccc2cc[nH]c2c1,O=C(O)c1ccc2cc[nH]c2c1,GHTDODSYDCPOCW-UHFFFAOYSA-N,595230,hit,CID595230,NO_CID_d50b8c4c7967,,hit,1,,1,1,1,1
477,CCCCCCCCCC(=O)[O-],True,CCCCCCCCCC(=O)[O-],CCCCCCCCCC(=O)[O-],GHVNFZFCNZKVNT-UHFFFAOYSA-M,4678093,hit,CID4678093,NO_CID_9b5a3487c9d7,,hit,1,,1,1,1,1
478,CCCCCCCCCC(=O)O,True,CCCCCCCCCC(=O)O,CCCCCCCCCC(=O)O,GHVNFZFCNZKVNT-UHFFFAOYSA-N,2969,hit,CID2969,NO_CID_de76b806fe9e,,hit,1,,1,1,1,1
479,CC[C@H]1[C@@H]2C=C[C@@H]3[C@H]4C/C=C\C(=O)NCCC[C@@H]5NC(=O)/C(=C(O)/C=C/[C@@H]4C[C@@H]3[C@H]2C[C@H]1C)C5=O,True,CCC1C(C)CC2C1C=CC1C3CC=CC(=O)NCCCC4NC(=O)C(=C(O)C=CC3CC12)C4=O,CC[C@H]1[C@@H]2C=C[C@@H]3[C@H]4C/C=C\C(=O)NCCC[C@@H]5NC(=O)/C(=C(O)/C=C/[C@@H]4C[C@@H]3[C@H]2C[C@H]1C)C5=O,GHXZHWYUSAWISC-KZRBWAKNSA-N,54680304,hit,CID54680304,NO_CID_952042d57e43,,hit,1,,1,1,1,1
480,C=C[C@@]1(C)CC[C@]2(C)[C@H](CC[C@]3(C)C(=C)CCC[C@@H]23)C1,True,C=CC1(C)CCC2(C)C(CCC3(C)C(=C)CCCC32)C1,C=C[C@@]1(C)CC[C@]2(C)[C@H](CC[C@]3(C)C(=C)CCC[C@@H]23)C1,GHYZJFFJSPZRIU-OUUBHVDSSA-N,12309316,hit,CID12309316,NO_CID_d97aa3149216,,hit,1,,1,1,1,1
481,Cc1c([O-])cc(O)c(C(=O)O)c1C,True,Cc1c([O-])cc(O)c(C(=O)O)c1C,Cc1c([O-])cc(O)c(C(=O)O)c1C,GIBRZOCMRFRCOQ-UHFFFAOYSA-M,145944461,hit,CID145944461,NO_CID_c895d5c0c168,,hit,1,,1,1,1,1
482,CC(C)CCCC(C)[C@H]1CCC2C3CC=C4C[C@@H](OS(=O)(=O)O)CC[C@]4(C)C3C[C@@H](C)C21,True,CC(C)CCCC(C)C1CCC2C3CC=C4CC(OS(=O)(=O)O)CCC4(C)C3CC(C)C12,CC(C)CCCC(C)[C@H]1CCC2C3CC=C4C[C@@H](OS(=O)(=O)O)CC[C@]4(C)C3C[C@@H](C)C21,GIDHEQISKWNHIO-UOMBLCTASA-N,,cid0_no_match,NO_CID_76f8d93d716b,NO_CID_76f8d93d716b,,cid0_no_match,0,,1,1,1,1
483,CC[C@@]12CCCN3CC[C@@]4(C(=C(C(=O)OC)C1)Nc1ccccc14)[C@H]32,True,CCC12CCCN3CCC4(C(=C(C(=O)OC)C1)Nc1ccccc14)C32,CC[C@@]12CCCN3CC[C@@]4(C(=C(C(=O)OC)C1)Nc1ccccc14)[C@H]32,GIGFIWJRTMBSRP-NJDAHSKKSA-N,811594,hit,CID811594,NO_CID_8f2eb85fc4f9,,hit,1,,1,1,1,1
484,CCC12CCCN3CCC4(C(=C(C(=O)OC)C1)Nc1ccccc14)C32,True,CCC12CCCN3CCC4(C(=C(C(=O)OC)C1)Nc1ccccc14)C32,CCC12CCCN3CCC4(C(=C(C(=O)OC)C1)Nc1ccccc14)C32,GIGFIWJRTMBSRP-UHFFFAOYSA-N,579873,hit,CID579873,NO_CID_33d19552d4cf,,hit,1,,1,1,1,1
485,CC[C@]12C=CCN3CC[C@@]4(c5ccccc5N[C@H]4[C@](O)(C(=O)OC)C1)[C@@H]32,True,CCC12C=CCN3CCC4(c5ccccc5NC4C(O)(C(=O)OC)C1)C32,CC[C@]12C=CCN3CC[C@@]4(c5ccccc5N[C@H]4[C@](O)(C(=O)OC)C1)[C@@H]32,GITWMSHGVHCOTC-DIZVHYTASA-N,,cid0_no_match,NO_CID_4e44397ce9b2,NO_CID_4e44397ce9b2,,cid0_no_match,0,,1,1,1,1
486,C/C1=C\CC(O)/C(C)=C/CC(O)/C(C)=C/[C@@H]2[C@H](CC1)C2(C)C,True,CC1=CCC(O)C(C)=CCC(O)C(C)=CC2C(CC1)C2(C)C,C/C1=C\CC(O)/C(C)=C/CC(O)/C(C)=C/[C@@H]2[C@H](CC1)C2(C)C,GJAXTHSJTDLRTP-YTHUXUQLSA-N,154824255,hit,CID154824255,NO_CID_6cff2cf5b79f,,hit,1,,1,1,1,1
487,O=C(O)c1ccc(C2CC2)cc1,True,O=C(O)c1ccc(C2CC2)cc1,O=C(O)c1ccc(C2CC2)cc1,GJCRWEAWEDESNZ-UHFFFAOYSA-N,282064,hit,CID282064,NO_CID_9e6081e7ad0a,,hit,1,,1,0,1,1
488,CN1C(=O)[C@H](Cc2c[nH]c3cccc([N+](=O)[O-])c23)N(C)C(=O)[C@@H]1Cc1ccccc1,True,CN1C(=O)C(Cc2c[nH]c3cccc([N+](=O)[O-])c23)N(C)C(=O)C1Cc1ccccc1,CN1C(=O)[C@H](Cc2c[nH]c3cccc([N+](=O)[O-])c23)N(C)C(=O)[C@@H]1Cc1ccccc1,GJJXGBLNXDIHIQ-OALUTQOASA-N,101712792,hit,CID101712792,NO_CID_6c5a57b6122f,,hit,1,,1,1,1,1
489,CCC(CCC(C)C1CCC2C3CCC4CCCCC4(C)C3CCC12C)C(C)C,True,CCC(CCC(C)C1CCC2C3CCC4CCCCC4(C)C3CCC12C)C(C)C,CCC(CCC(C)C1CCC2C3CCC4CCCCC4(C)C3CCC12C)C(C)C,GKBHKNPLNHLYHT-UHFFFAOYSA-N,313279,hit,CID313279,NO_CID_91e691bae571,,hit,1,,1,1,1,1
490,C=CC/C=C\C/C=C\CCCCCCCc1cc(O)cc(OC)c1,True,C=CCC=CCC=CCCCCCCCc1cc(O)cc(OC)c1,C=CC/C=C\C/C=C\CCCCCCCc1cc(O)cc(OC)c1,GKGSHNPKQBMHTD-AFJQJTPPSA-N,25244188,hit,CID25244188,NO_CID_2fe6725dafa2,,hit,1,,1,1,1,1
491,Cn1cc(CC(N)C(=O)O)c2ccc(N)cc21,True,Cn1cc(CC(N)C(=O)O)c2ccc(N)cc21,Cn1cc(CC(N)C(=O)O)c2ccc(N)cc21,GKTIQUKUVQNTCD-UHFFFAOYSA-N,122499647,hit,CID122499647,NO_CID_291e82057564,,hit,1,,1,1,1,1
492,COC(=O)[C@H](c1ccccc1Cl)N1CCc2sccc2C1,True,COC(=O)C(c1ccccc1Cl)N1CCc2sccc2C1,COC(=O)[C@H](c1ccccc1Cl)N1CCc2sccc2C1,GKTWGGQPFAXNFI-HNNXBMFYSA-N,60606,hit,CID60606,NO_CID_ed20d22815c0,,hit,1,,1,1,1,1
493,CC(C)=CCOC(C)(C)[C@H]1O[C@H]2CC[C@@]3(C)[C@@](O)(CC[C@H]4Cc5c([nH]c6ccccc56)[C@@]43C)[C@]23O[C@@H]3[C@@H]1O,True,CC(C)=CCOC(C)(C)C1OC2CCC3(C)C4(C)c5[nH]c6ccccc6c5CC4CCC3(O)C23OC3C1O,CC(C)=CCOC(C)(C)[C@H]1O[C@H]2CC[C@@]3(C)[C@@](O)(CC[C@H]4Cc5c([nH]c6ccccc56)[C@@]43C)[C@]23O[C@@H]3[C@@H]1O,GLVMTITYOKYZRQ-JSVBYLJXSA-N,9984208,hit,CID9984208,NO_CID_e1a9d9b57523,,hit,1,,1,1,1,1
494,CC(C)=CCc1[nH]c2ccccc2c1C[C@@H]1NC(=O)[C@@H]2CCCN2C1=O,True,CC(C)=CCc1[nH]c2ccccc2c1CC1NC(=O)C2CCCN2C1=O,CC(C)=CCc1[nH]c2ccccc2c1C[C@@H]1NC(=O)[C@@H]2CCCN2C1=O,GLWYBXPXOSKQAW-OALUTQOASA-N,9863281,hit,CID9863281,NO_CID_8e117092a9f0,,hit,1,,1,1,1,1
495,CC(C)=CCc1[nH]c2ccccc2c1CC1NC(=O)C2CCCN2C1=O,True,CC(C)=CCc1[nH]c2ccccc2c1CC1NC(=O)C2CCCN2C1=O,CC(C)=CCc1[nH]c2ccccc2c1CC1NC(=O)C2CCCN2C1=O,GLWYBXPXOSKQAW-UHFFFAOYSA-N,5598,hit,CID5598,NO_CID_9c4df4aaa935,,hit,1,,1,1,1,1
496,CC(C)=CCC/C(C)=C/CO,True,CC(C)=CCCC(C)=CCO,CC(C)=CCC/C(C)=C/CO,GLZPCOQZEFWAFX-JXMROGBWSA-N,637566,hit,CID637566,NO_CID_b915af549f88,,hit,1,,1,1,1,1
497,CC(C)=CCCC(C)=CCO,True,CC(C)=CCCC(C)=CCO,CC(C)=CCCC(C)=CCO,GLZPCOQZEFWAFX-UHFFFAOYSA-N,4458,hit,CID4458,NO_CID_f4c0d45892f4,,hit,1,,1,1,1,1
498,CC(C)=CCC/C(C)=C\CO,True,CC(C)=CCCC(C)=CCO,CC(C)=CCC/C(C)=C\CO,GLZPCOQZEFWAFX-YFHOEESVSA-N,643820,hit,CID643820,NO_CID_9b851d7a3119,,hit,1,,1,1,1,1
499,Cc1[nH]c2cc(-c3ccccc3)ccc2c1CC(N)C(=O)O,True,Cc1[nH]c2cc(-c3ccccc3)ccc2c1CC(N)C(=O)O,Cc1[nH]c2cc(-c3ccccc3)ccc2c1CC(N)C(=O)O,GMAMTMAUZGULRP-UHFFFAOYSA-N,134259610,hit,CID134259610,NO_CID_4d92e9f6bcb6,,hit,1,,1,1,1,1
500,NC(Cc1c[nH]c2ccc(C3CC3)cc12)C(=O)O,True,NC(Cc1c[nH]c2ccc(C3CC3)cc12)C(=O)O,NC(Cc1c[nH]c2ccc(C3CC3)cc12)C(=O)O,GMDVDXGAXJANQT-UHFFFAOYSA-N,122499511,hit,CID122499511,NO_CID_53fbc5285213,,hit,1,,1,1,1,1
501,C=C1/C(=C\C=C2/CCC[C@]3(C)[C@@H]([C@H](C)CCCC(C)(C)O)CC[C@@H]23)C[C@@H](O)C[C@@H]1O,True,C=C1C(=CC=C2CCCC3(C)C2CCC3C(C)CCCC(C)(C)O)CC(O)CC1O,C=C1/C(=C\C=C2/CCC[C@]3(C)[C@@H]([C@H](C)CCCC(C)(C)O)CC[C@@H]23)C[C@@H](O)C[C@@H]1O,GMRQFYUYWCNGIN-NKMMMXOESA-N,5280453,hit,CID5280453,NO_CID_de3612fc0f96,,hit,1,,1,1,1,1
502,C=C1/C(=C\C=C2/CCC[C@@]3(C)C2CC[C@@H]3[C@H](C)CCCC(C)(C)O)C[C@@H](O)C[C@@H]1O,True,C=C1C(=CC=C2CCCC3(C)C2CCC3C(C)CCCC(C)(C)O)CC(O)CC1O,C=C1/C(=C\C=C2/CCC[C@@]3(C)C2CC[C@@H]3[C@H](C)CCCC(C)(C)O)C[C@@H](O)C[C@@H]1O,GMRQFYUYWCNGIN-QWVHEKJESA-N,9963516,hit,CID9963516,NO_CID_a09cbe1a3a99,,hit,1,,1,1,1,1
503,CCCCC[C@H](O)/C=C/[C@H]1[C@H](O)CC(=O)[C@@H]1CCCCCCC(=O)O,True,CCCCCC(O)C=CC1C(O)CC(=O)C1CCCCCCC(=O)O,CCCCC[C@H](O)/C=C/[C@H]1[C@H](O)CC(=O)[C@@H]1CCCCCCC(=O)O,GMVPRGQOIOIIMI-DWKJAMRDSA-N,5280723,hit,CID5280723,NO_CID_e9158dc964a1,,hit,1,,1,1,1,1
504,Cc1ccc2[nH]c(C)c(CC(N)C(=O)O)c2c1,True,Cc1ccc2[nH]c(C)c(CC(N)C(=O)O)c2c1,Cc1ccc2[nH]c(C)c(CC(N)C(=O)O)c2c1,GONTUMFRHQCIHY-UHFFFAOYSA-N,82390334,hit,CID82390334,NO_CID_a6b3cd00c68e,,hit,1,,1,1,1,1
505,Cc1c(CC(N)C(=O)O)c2c(C3CC3)cccc2n1C,True,Cc1c(CC(N)C(=O)O)c2c(C3CC3)cccc2n1C,Cc1c(CC(N)C(=O)O)c2c(C3CC3)cccc2n1C,GPITXNSSQJVLOQ-UHFFFAOYSA-N,122499552,hit,CID122499552,NO_CID_8034d82c8b64,,hit,1,,1,1,1,1
506,C=C1C2=CC[C@@H](C)[C@@]1(C)CC/C(C)=C/CC[C@@]1(C)O[C@@H]1C2=O,True,C=C1C2=CCC(C)C1(C)CCC(C)=CCCC1(C)OC1C2=O,C=C1C2=CC[C@@H](C)[C@@]1(C)CC/C(C)=C/CC[C@@]1(C)O[C@@H]1C2=O,GPKKQOCGOSXOTO-YKJXLWGOSA-N,163109075,hit,CID163109075,NO_CID_80975e22ab6f,,hit,1,,1,1,1,1
507,CCc1ccc(Cl)cc1,True,CCc1ccc(Cl)cc1,CCc1ccc(Cl)cc1,GPOFSFLJOIAMSA-UHFFFAOYSA-N,69330,hit,CID69330,NO_CID_0140fee30a17,,hit,1,,1,1,0,1
508,Cc1cccc(C(=O)[O-])c1,True,Cc1cccc(C(=O)[O-])c1,Cc1cccc(C(=O)[O-])c1,GPSDUZXPYCFOSQ-UHFFFAOYSA-M,6946312,hit,CID6946312,NO_CID_aa5801043fb0,,hit,1,,1,0,1,1
509,Cc1cccc(C(=O)O)c1,True,Cc1cccc(C(=O)O)c1,Cc1cccc(C(=O)O)c1,GPSDUZXPYCFOSQ-UHFFFAOYSA-N,7418,hit,CID7418,NO_CID_12ff41f3abe2,,hit,1,,1,1,1,1
510,CN1CCc2cc3c(cc2C(=O)Cc2ccc4c(c2C1)OCO4)OCO3,True,CN1CCc2cc3c(cc2C(=O)Cc2ccc4c(c2C1)OCO4)OCO3,CN1CCc2cc3c(cc2C(=O)Cc2ccc4c(c2C1)OCO4)OCO3,GPTFURBXHJWNHR-UHFFFAOYSA-N,4970,hit,CID4970,NO_CID_abc57d089cb0,,hit,1,,1,1,1,1
511,COc1ccc(C(=O)O)c(OC)c1,True,COc1ccc(C(=O)O)c(OC)c1,COc1ccc(C(=O)O)c(OC)c1,GPVDHNVGGIAOQT-UHFFFAOYSA-N,7052,hit,CID7052,NO_CID_0110aa072de1,,hit,1,,1,1,1,1
512,[N-]=[N+]=O,True,[N-]=[N+]=O,[N-]=[N+]=O,GQPLMRYTRLFLPF-UHFFFAOYSA-N,948,hit,CID948,NO_CID_0920bf9ff5a3,,hit,1,,1,1,1,1
513,CC(C)C1=CC2=CC[C@H]3[C@](C)(CO)CCC[C@]3(C)[C@H]2CC1,True,CC(C)C1=CC2=CCC3C(C)(CO)CCCC3(C)C2CC1,CC(C)C1=CC2=CC[C@H]3[C@](C)(CO)CCC[C@]3(C)[C@H]2CC1,GQRUHVMVWNKUFW-LWYYNNOASA-N,443474,hit,CID443474,NO_CID_aeb6dbcbd4a5,,hit,1,,1,1,1,1
514,COC(=O)C1=CO[C@@H](C)[C@@H]2CN3CCc4c([nH]c5ccccc45)[C@@H]3C[C@H]12,True,COC(=O)C1=COC(C)C2CN3CCc4c([nH]c5ccccc45)C3CC12,COC(=O)C1=CO[C@@H](C)[C@@H]2CN3CCc4c([nH]c5ccccc45)[C@@H]3C[C@H]12,GRTOGORTSDXSFK-DLLGKBFGSA-N,72340,hit,CID72340,NO_CID_6cba945c0448,,hit,1,,1,1,1,1
515,COC(=O)C1=COC(C)C2CN3CCc4c([nH]c5ccccc45)C3CC12,True,COC(=O)C1=COC(C)C2CN3CCc4c([nH]c5ccccc45)C3CC12,COC(=O)C1=COC(C)C2CN3CCc4c([nH]c5ccccc45)C3CC12,GRTOGORTSDXSFK-UHFFFAOYSA-N,251561,hit,CID251561,NO_CID_b3bda1c16720,,hit,1,,1,1,1,1
516,COC(=O)C1=CO[C@@H](C)[C@H]2CN3CCc4c([nH]c5ccccc45)[C@@H]3C[C@H]12,True,COC(=O)C1=COC(C)C2CN3CCc4c([nH]c5ccccc45)C3CC12,COC(=O)C1=CO[C@@H](C)[C@H]2CN3CCc4c([nH]c5ccccc45)[C@@H]3C[C@H]12,GRTOGORTSDXSFK-XJTZBENFSA-N,441975,hit,CID441975,NO_CID_bd06f80aa775,,hit,1,,1,1,1,1
517,CC1=CC[C@H]2C[C@@H]1C2(C)C,True,CC1=CCC2CC1C2(C)C,CC1=CC[C@H]2C[C@@H]1C2(C)C,GRWFGVWFFZKLTI-IUCAKERBSA-N,440968,hit,CID440968,NO_CID_76a3b1f992ce,,hit,1,,1,1,1,1
518,CC1=CC[C@@H]2C[C@H]1C2(C)C,True,CC1=CCC2CC1C2(C)C,CC1=CC[C@@H]2C[C@H]1C2(C)C,GRWFGVWFFZKLTI-RKDXNWHRSA-N,82227,hit,CID82227,NO_CID_e1e97b88ebd2,,hit,1,,1,1,1,1
519,CC1=CCC2CC1C2(C)C,True,CC1=CCC2CC1C2(C)C,CC1=CCC2CC1C2(C)C,GRWFGVWFFZKLTI-UHFFFAOYSA-N,6654,hit,CID6654,NO_CID_52efc7a5fff9,,hit,1,,1,1,1,1
520,C[C@]12CCC(=O)C=C1CC[C@H]1[C@@H]3CC[C@H](C(=O)CO)C3CC[C@@H]12,True,CC12CCC(=O)C=C1CCC1C3CCC(C(=O)CO)C3CCC12,C[C@]12CCC(=O)C=C1CC[C@H]1[C@@H]3CC[C@H](C(=O)CO)C3CC[C@@H]12,GRWOYLNBPUGUQV-IAZCVYCWSA-N,,cid0_no_match,NO_CID_d830f5e30202,NO_CID_d830f5e30202,,cid0_no_match,0,,1,1,1,1
521,CCCCC/C=C\C/C=C\C=C\CCCCCCCC(=O)O,True,CCCCCC=CCC=CC=CCCCCCCCC(=O)O,CCCCC/C=C\C/C=C\C=C\CCCCCCCC(=O)O,GSAJQEXPENBTRT-JSHIYTDESA-N,,cid0_no_match,NO_CID_68f71ef3a63e,NO_CID_68f71ef3a63e,,cid0_no_match,0,,1,1,1,1
522,CCCOC(=O)Cc1ccc(C)cc1,True,CCCOC(=O)Cc1ccc(C)cc1,CCCOC(=O)Cc1ccc(C)cc1,GSMRDGFHKLJGHY-UHFFFAOYSA-N,13331671,hit,CID13331671,NO_CID_b7cf14b2700c,,hit,1,,1,1,1,1
523,COC1=CC(=O)O[C@@H](/C=C/c2ccc3c(c2)OCO3)C1,True,COC1=CC(=O)OC(C=Cc2ccc3c(c2)OCO3)C1,COC1=CC(=O)O[C@@H](/C=C/c2ccc3c(c2)OCO3)C1,GTEXBOVBADJOQH-FWEMWIAWSA-N,5281567,hit,CID5281567,NO_CID_ccd82f2763f2,,hit,1,,1,1,1,1
524,O=C([O-])[C@@H]1CSC(c2c[nH]c3ccccc23)=N1,True,O=C([O-])C1CSC(c2c[nH]c3ccccc23)=N1,O=C([O-])[C@@H]1CSC(c2c[nH]c3ccccc23)=N1,GTTVJFCVXYCPHB-JTQLQIEISA-M,86289813,hit,CID86289813,NO_CID_7954129b7023,,hit,1,,1,1,1,1
525,O=C(O)C1CSC(c2c[nH]c3ccccc23)=N1,True,O=C(O)C1CSC(c2c[nH]c3ccccc23)=N1,O=C(O)C1CSC(c2c[nH]c3ccccc23)=N1,GTTVJFCVXYCPHB-UHFFFAOYSA-N,17756752,hit,CID17756752,NO_CID_9955807f114c,,hit,1,,1,1,1,1
526,C=Cc1cccc2c1c(CC(N)C(=O)O)cn2C,True,C=Cc1cccc2c1c(CC(N)C(=O)O)cn2C,C=Cc1cccc2c1c(CC(N)C(=O)O)cn2C,GUXIGAZNZXAAIN-UHFFFAOYSA-N,122499658,hit,CID122499658,NO_CID_a58fec350ca1,,hit,1,,1,1,1,1
527,C=C/C(C)=C/[C@@]1(CC)SC(=O)C(CC)=C1O,True,C=CC(C)=CC1(CC)SC(=O)C(CC)=C1O,C=C/C(C)=C/[C@@]1(CC)SC(=O)C(CC)=C1O,GUYLXXKTXNVUKW-MMQHEFTJSA-N,135754258,hit,CID135754258,NO_CID_6970d8473637,,hit,1,,1,1,1,1
528,CCCCCC=CCC(C=CCCCCCCCCC(=O)[O-])OO,True,CCCCCC=CCC(C=CCCCCCCCCC(=O)[O-])OO,CCCCCC=CCC(C=CCCCCCCCCC(=O)[O-])OO,GVCORSDPHAPZSB-UHFFFAOYSA-M,,cid0_no_match,NO_CID_21ee5d39d5b4,NO_CID_21ee5d39d5b4,,cid0_no_match,0,,1,1,1,1
529,O=C(/C=C/c1ccc(O)cc1)O[C@@H]1CC(C(=O)O)=C[C@@H](O)[C@H]1O,True,O=C(C=Cc1ccc(O)cc1)OC1CC(C(=O)O)=CC(O)C1O,O=C(/C=C/c1ccc(O)cc1)O[C@@H]1CC(C(=O)O)=C[C@@H](O)[C@H]1O,GVECSFFLZYNEBO-PDXJTRCTSA-N,5280555,hit,CID5280555,NO_CID_d5463ebb4616,,hit,1,,1,1,1,1
530,Cc1c(C)c2c(c(C)c1O)CC[C@@](C)(CCC[C@H](C)CCC[C@H](C)CCCC(C)C)O2,True,Cc1c(C)c2c(c(C)c1O)CCC(C)(CCCC(C)CCCC(C)CCCC(C)C)O2,Cc1c(C)c2c(c(C)c1O)CC[C@@](C)(CCC[C@H](C)CCC[C@H](C)CCCC(C)C)O2,GVJHHUAWPYXKBD-IEOSBIPESA-N,14985,hit,CID14985,NO_CID_7f704b7c45ec,,hit,1,,1,1,1,1
531,C[C@H]1COC2=C1C(=O)C(=O)c1c2ccc2c1CCCC2(C)C,True,CC1COC2=C1C(=O)C(=O)c1c2ccc2c1CCCC2(C)C,C[C@H]1COC2=C1C(=O)C(=O)c1c2ccc2c1CCCC2(C)C,GVKKJJOMQCNPGB-JTQLQIEISA-N,160254,hit,CID160254,NO_CID_b1e6d53cf2ef,,hit,1,,1,1,1,1
532,C=C1CC[C@@H]2[C@](C)(CO)[C@H](O)CC[C@@]2(C)[C@@H]1CCC1=CCOC1=O,True,C=C1CCC2C(C)(CO)C(O)CCC2(C)C1CCC1=CCOC1=O,C=C1CC[C@@H]2[C@](C)(CO)[C@H](O)CC[C@@]2(C)[C@@H]1CCC1=CCOC1=O,GVRNTWSGBWPJGS-YSDSKTICSA-N,11624161,hit,CID11624161,NO_CID_5f507a581d5d,,hit,1,,1,1,1,1
533,COC1=C[C@]23CCN(C)[C@H](Cc4ccc(OC)c(O)c42)C3=CC1=O,True,COC1=CC23CCN(C)C(Cc4ccc(OC)c(O)c42)C3=CC1=O,COC1=C[C@]23CCN(C)[C@H](Cc4ccc(OC)c(O)c42)C3=CC1=O,GVTRUVGBZQJVTF-YJYMSZOUSA-N,5408233,hit,CID5408233,NO_CID_3674916ff235,,hit,1,,1,1,1,1
534,CC(C)=CCC/C(C)=C/COP(=O)(O)OP(=O)(O)O,True,CC(C)=CCCC(C)=CCOP(=O)(O)OP(=O)(O)O,CC(C)=CCC/C(C)=C/COP(=O)(O)OP(=O)(O)O,GVVPGTZRZFNKDS-JXMROGBWSA-N,445995,hit,CID445995,NO_CID_920fa2848734,,hit,1,,1,1,1,1
535,Cc1c(CC(N)C=O)c2c(Br)cccc2n1C,True,Cc1c(CC(N)C=O)c2c(Br)cccc2n1C,Cc1c(CC(N)C=O)c2c(Br)cccc2n1C,GWHNFSVDNXHMDJ-UHFFFAOYSA-N,,cid0_no_match,NO_CID_4d73fe19fbc7,NO_CID_4d73fe19fbc7,,cid0_no_match,0,,1,1,1,1
536,COc1ccc2cc(CC(N)C(=O)O)n(C)c2c1,True,COc1ccc2cc(CC(N)C(=O)O)n(C)c2c1,COc1ccc2cc(CC(N)C(=O)O)n(C)c2c1,GWQABVMFIWCSQE-UHFFFAOYSA-N,,cid0_no_match,NO_CID_6e08448e3186,NO_CID_6e08448e3186,,cid0_no_match,0,,1,1,1,1
537,COc1ccc(CCN2CCC(N=c3[nH]c4ccccc4n3Cc3ccc(F)cc3)CC2)cc1,True,COc1ccc(CCN2CCC(N=c3[nH]c4ccccc4n3Cc3ccc(F)cc3)CC2)cc1,COc1ccc(CCN2CCC(N=c3[nH]c4ccccc4n3Cc3ccc(F)cc3)CC2)cc1,GXDALQBWZGODGZ-UHFFFAOYSA-N,2247,hit,CID2247,NO_CID_2293e895995f,,hit,1,,1,1,1,1
538,CC[C@@H]1C[C@@H]2C[C@@H]3[C@H]4C/C=C\C(=O)NCC[C@H](O)[C@@H]5NC(=O)/C(=C(O)/C=C/[C@@H]4CC(=O)[C@H]3[C@@H]2[C@H]1C)C5=O,True,CCC1CC2CC3C4CC=CC(=O)NCCC(O)C5NC(=O)C(=C(O)C=CC4CC(=O)C3C2C1C)C5=O,CC[C@@H]1C[C@@H]2C[C@@H]3[C@H]4C/C=C\C(=O)NCC[C@H](O)[C@@H]5NC(=O)/C(=C(O)/C=C/[C@@H]4CC(=O)[C@H]3[C@@H]2[C@H]1C)C5=O,GXFBXYRIFPTSTH-CDAWCUIISA-N,169409267,hit,CID169409267,NO_CID_8c3385d426b8,,hit,1,,1,1,1,1
539,CC1=C(F)C(=O)CC(C)(C)[C@@]1(O)/C=C/C(C)=C\C(=O)O,True,CC(C=CC1(O)C(C)=C(F)C(=O)CC1(C)C)=CC(=O)O,CC1=C(F)C(=O)CC(C)(C)[C@@]1(O)/C=C/C(C)=C\C(=O)O,GXNCANRRVMZEOB-QMQPWKDKSA-N,10379033,hit,CID10379033,NO_CID_eb0052549d35,,hit,1,,1,1,1,1
540,Cc1c(C)c2c(c(C)c1O)CC[C@](C)(COc1ccc(C[C@H]3SC(=O)NC3=O)cc1)O2,True,Cc1c(C)c2c(c(C)c1O)CCC(C)(COc1ccc(CC3SC(=O)NC3=O)cc1)O2,Cc1c(C)c2c(c(C)c1O)CC[C@](C)(COc1ccc(C[C@H]3SC(=O)NC3=O)cc1)O2,GXPHKUHSUJUWKP-NTKDMRAZSA-N,9824580,hit,CID9824580,NO_CID_df52e7f65ab6,,hit,1,,1,1,1,1
541,CCCOC(=O)Cc1ccccc1,True,CCCOC(=O)Cc1ccccc1,CCCOC(=O)Cc1ccccc1,GXXFZZLGPFNITM-UHFFFAOYSA-N,221641,hit,CID221641,NO_CID_0e9086056562,,hit,1,,1,1,1,1
542,CCCCCCCCCCCCCCCC(=O)N[C@@H](CCO)C(=O)O,True,CCCCCCCCCCCCCCCC(=O)NC(CCO)C(=O)O,CCCCCCCCCCCCCCCC(=O)N[C@@H](CCO)C(=O)O,GYSOJFKWYUVNCE-SFHVURJKSA-N,57494721,hit,CID57494721,NO_CID_0a5760f7afc8,,hit,1,,1,1,1,1
543,CC(C)(O)[C@H]1O[C@H]2CC[C@@]3(C)[C@@H](CC[C@H]4Cc5c([nH]c6ccccc56)[C@@]43C)C2=CC1=O,True,CC(C)(O)C1OC2CCC3(C)C(CCC4Cc5c([nH]c6ccccc56)C43C)C2=CC1=O,CC(C)(O)[C@H]1O[C@H]2CC[C@@]3(C)[C@@H](CC[C@H]4Cc5c([nH]c6ccccc56)[C@@]43C)C2=CC1=O,GYSZYWSJZCKCBD-LXGUAGHKSA-N,14166134,hit,CID14166134,NO_CID_78bf19cbf771,,hit,1,,1,1,1,1
544,CSCCCCCCCC(N)C(=O)O,True,CSCCCCCCCC(N)C(=O)O,CSCCCCCCCC(N)C(=O)O,GYYOKOIBHIWNHE-UHFFFAOYSA-N,25010767,hit,CID25010767,NO_CID_390b53042480,,hit,1,,1,1,1,1
545,O=C[C@H](O)[C@H](O)[C@H](O)[C@H](O)CO,True,O=CC(O)C(O)C(O)C(O)CO,O=C[C@H](O)[C@H](O)[C@H](O)[C@H](O)CO,GZCGUPFRVQAUEE-BGPJRJDNSA-N,102288,hit,CID102288,NO_CID_133baef64ed4,,hit,1,,1,1,1,1
546,Cc1cc(O)cc2c1O[C@](C)(CCC[C@H](C)CCC[C@H](C)CCCC(C)C)CC2,True,Cc1cc(O)cc2c1OC(C)(CCCC(C)CCCC(C)CCCC(C)C)CC2,Cc1cc(O)cc2c1O[C@](C)(CCC[C@H](C)CCC[C@H](C)CCCC(C)C)CC2,GZIFEOYASATJEH-VHFRWLAGSA-N,92094,hit,CID92094,NO_CID_57c7cdda52b9,,hit,1,,1,1,1,1
547,COc1cc2c(cc1O)[C@H](CCc1cc(O)c(OC)c(OC)c1)N(C)CC2,True,COc1cc2c(cc1O)C(CCc1cc(O)c(OC)c(OC)c1)N(C)CC2,COc1cc2c(cc1O)[C@H](CCc1cc(O)c(OC)c(OC)c1)N(C)CC2,GZUNPCNPOLOTLX-INIZCTEOSA-N,13878324,hit,CID13878324,NO_CID_6864bae9d9f0,,hit,1,,1,1,1,1
548,CBr,True,CBr,CBr,GZUXJHMPEANEGY-UHFFFAOYSA-N,6323,hit,CID6323,NO_CID_b8a9229c9f62,,hit,1,,1,1,1,1
549,C=CCCCCCCCCCC(=O)O,True,C=CCCCCCCCCCC(=O)O,C=CCCCCCCCCCC(=O)O,GZZPOFFXKUVNSW-UHFFFAOYSA-N,125207,hit,CID125207,NO_CID_f1b31b47f354,,hit,1,,1,1,1,1
550,Cc1cccc2c3c(ccc12)C1=C(C(=O)C3=O)[C@@H](C)CO1,True,Cc1cccc2c3c(ccc12)C1=C(C(=O)C3=O)C(C)CO1,Cc1cccc2c3c(ccc12)C1=C(C(=O)C3=O)[C@@H](C)CO1,HARGZZNYNSYSGJ-JTQLQIEISA-N,11425923,hit,CID11425923,NO_CID_ac8bfda088cc,,hit,1,,1,1,1,1
551,COc1cc2ccc(=O)oc2c(O)c1O,True,COc1cc2ccc(=O)oc2c(O)c1O,COc1cc2ccc(=O)oc2c(O)c1O,HAVWRBANWNTOJX-UHFFFAOYSA-N,5273569,hit,CID5273569,NO_CID_814fd7f54fcf,,hit,1,,1,1,1,1
552,COc1ccc2c(C(F)(F)F)cc(=O)oc2c1,True,COc1ccc2c(C(F)(F)F)cc(=O)oc2c1,COc1ccc2c(C(F)(F)F)cc(=O)oc2c1,HAZHUELNIGDYQH-UHFFFAOYSA-N,688586,hit,CID688586,NO_CID_199381b09d05,,hit,1,,1,1,1,1
553,Cc1c(CC(N)C=O)c2cc(-c3ccccc3)ccc2n1C,True,Cc1c(CC(N)C=O)c2cc(-c3ccccc3)ccc2n1C,Cc1c(CC(N)C=O)c2cc(-c3ccccc3)ccc2n1C,HBLVDGJDSGTXEO-UHFFFAOYSA-N,,cid0_no_match,NO_CID_a53f6f3b26f5,NO_CID_a53f6f3b26f5,,cid0_no_match,0,,1,1,1,1
554,O=C(O)c1cc2ccccc2[nH]1,True,O=C(O)c1cc2ccccc2[nH]1,O=C(O)c1cc2ccccc2[nH]1,HCUARRIEZVDMPT-UHFFFAOYSA-N,72899,rescued_retry,CID72899,NO_CID_a957122a275c,,rescued_retry,1,URLError: <urlopen error [SSL: UNEXPECTED_EOF_WHILE_READING] EOF occurred in violation of protocol (_ssl.c:1000)>,1,1,1,1
555,Cn1cc(CC(N)C=O)c2ccc(O)cc21,True,Cn1cc(CC(N)C=O)c2ccc(O)cc21,Cn1cc(CC(N)C=O)c2ccc(O)cc21,HCUDSKVYJBBGKM-UHFFFAOYSA-N,,cid0_no_match,NO_CID_f149ac5d2c0c,NO_CID_f149ac5d2c0c,,cid0_no_match,0,,1,1,1,1
556,COC(=O)Nc1nc2ccc(Sc3ccccc3)cc2[nH]1,True,COC(=O)Nc1nc2ccc(Sc3ccccc3)cc2[nH]1,COC(=O)Nc1nc2ccc(Sc3ccccc3)cc2[nH]1,HDDSHPAODJUKPD-UHFFFAOYSA-N,3334,hit,CID3334,NO_CID_c4166ce8948e,,hit,1,,1,1,1,1
557,CC(C)CCCC(N)C(=O)O,True,CC(C)CCCC(N)C(=O)O,CC(C)CCCC(N)C(=O)O,HDIIAKZNFLPDPT-UHFFFAOYSA-N,22326239,hit,CID22326239,NO_CID_dc4d3ac96398,,hit,1,,1,1,1,1
558,Cc1ccc2ccc(CO)cc2c1,True,Cc1ccc2ccc(CO)cc2c1,Cc1ccc2ccc(CO)cc2c1,HDSQQGUHMIZCLC-UHFFFAOYSA-N,23592151,hit,CID23592151,NO_CID_ddec3a883168,,hit,1,,1,1,1,1
559,CCCCCCCCCCCCCC(=O)SCCNC(=O)CCNC(=O)[C@@H](O)C(C)(C)COP(=O)(O)O,True,CCCCCCCCCCCCCC(=O)SCCNC(=O)CCNC(=O)C(O)C(C)(C)COP(=O)(O)O,CCCCCCCCCCCCCC(=O)SCCNC(=O)CCNC(=O)[C@@H](O)C(C)(C)COP(=O)(O)O,HDTINWYIVVMRIN-HSZRJFAPSA-N,24941266,hit,CID24941266,NO_CID_3b119aef3d8b,,hit,1,,1,1,1,1
560,C[C@]12CCC(=O)C=C1CC[C@@H]1[C@@H]2[C@@H](O)C[C@@]2(CO)[C@H]1CC[C@@]2(O)C(=O)CO,True,CC12CCC(=O)C=C1CCC1C2C(O)CC2(CO)C1CCC2(O)C(=O)CO,C[C@]12CCC(=O)C=C1CC[C@@H]1[C@@H]2[C@@H](O)C[C@@]2(CO)[C@H]1CC[C@@]2(O)C(=O)CO,HESFZGWRDUVOMS-FJNAKSJRSA-N,44263343,hit,CID44263343,NO_CID_aae776c12e74,,hit,1,,1,1,0,1
561,COc1cc(OC)c2c(O)c3c(=O)cc(C)oc3cc2c1,True,COc1cc(OC)c2c(O)c3c(=O)cc(C)oc3cc2c1,COc1cc(OC)c2c(O)c3c(=O)cc(C)oc3cc2c1,HFPQKJMLIONCGP-UHFFFAOYSA-N,176918,hit,CID176918,NO_CID_dfd967fce6fc,,hit,1,,1,1,1,1
562,Cc1ccc(C(C)C)cc1,True,Cc1ccc(C(C)C)cc1,Cc1ccc(C(C)C)cc1,HFPZCAJZSCWRBC-UHFFFAOYSA-N,7463,hit,CID7463,NO_CID_bb7748a94b7d,,hit,1,,1,1,1,1
563,C[C@]12CCC(=O)C=C1CC[C@@H]1[C@@H]2[C@@H](O)C[C@]2(CO)[C@@H](C(=O)CO)CC[C@@H]12,True,CC12CCC(=O)C=C1CCC1C2C(O)CC2(CO)C(C(=O)CO)CCC12,C[C@]12CCC(=O)C=C1CC[C@@H]1[C@@H]2[C@@H](O)C[C@]2(CO)[C@@H](C(=O)CO)CC[C@@H]12,HFSXHZZDNDGLQN-ZVIOFETBSA-N,11222,hit,CID11222,NO_CID_e04fa555dd7d,,hit,1,,1,1,1,1
564,COc1cc([C@H]2OC[C@H]3[C@@H]2CO[C@@H]3c2ccc(O)c(OC)c2)ccc1O,True,COc1cc(C2OCC3C(c4ccc(O)c(OC)c4)OCC23)ccc1O,COc1cc([C@H]2OC[C@H]3[C@@H]2CO[C@@H]3c2ccc(O)c(OC)c2)ccc1O,HGXBRUKMWQGOIE-AFHBHXEDSA-N,73399,hit,CID73399,NO_CID_f4bfecd6f04e,,hit,1,,1,1,1,1
565,COc1cc(C2OCC3C(c4ccc(O)c(OC)c4)OCC23)ccc1O,True,COc1cc(C2OCC3C(c4ccc(O)c(OC)c4)OCC23)ccc1O,COc1cc(C2OCC3C(c4ccc(O)c(OC)c4)OCC23)ccc1O,HGXBRUKMWQGOIE-UHFFFAOYSA-N,234817,hit,CID234817,NO_CID_a9d8fc3117af,,hit,1,,1,1,0,1
566,COc1cc([C@H]2OC[C@H]3[C@@H]2CO[C@H]3c2ccc(O)c(OC)c2)ccc1O,True,COc1cc(C2OCC3C(c4ccc(O)c(OC)c4)OCC23)ccc1O,COc1cc([C@H]2OC[C@H]3[C@@H]2CO[C@H]3c2ccc(O)c(OC)c2)ccc1O,HGXBRUKMWQGOIE-WZBLMQSHSA-N,637584,hit,CID637584,NO_CID_377292eb77e8,,hit,1,,1,1,1,1
567,Cc1c(CC(N)C(=O)O)c2ccc(Br)cc2n1C,True,Cc1c(CC(N)C(=O)O)c2ccc(Br)cc2n1C,Cc1c(CC(N)C(=O)O)c2ccc(Br)cc2n1C,HHQVLUOUFIHVSI-UHFFFAOYSA-N,122499666,hit,CID122499666,NO_CID_5f4837e7ccd1,,hit,1,,1,1,0,1
568,CCCCC/C=C\C=C\O/C=C/CCCCCCC(=O)[O-],True,CCCCCC=CC=COC=CCCCCCCC(=O)[O-],CCCCC/C=C\C=C\O/C=C/CCCCCCC(=O)[O-],HHZKKFXQEIBVEV-CXXUKANQSA-M,25245832,hit,CID25245832,NO_CID_c96f005d9a6c,,hit,1,,1,1,1,1
569,CC(=O)OC/C=C(\C)CCC=C(C)C,True,CC(=O)OCC=C(C)CCC=C(C)C,CC(=O)OC/C=C(\C)CCC=C(C)C,HIGQPQRQIQDZMP-DHZHZOJOSA-N,1549026,hit,CID1549026,NO_CID_7bb6d3a246e4,,hit,1,,1,1,1,1
570,COc1cccc2c1C(=O)c1c(O)c3c(c(O)c1C2=O)C[C@@](O)(C(C)O)C[C@@H]3O[C@H]1C[C@H](N)[C@H](O)[C@H](C)O1,True,COc1cccc2c1C(=O)c1c(O)c3c(c(O)c1C2=O)CC(O)(C(C)O)CC3OC1CC(N)C(O)C(C)O1,COc1cccc2c1C(=O)c1c(O)c3c(c(O)c1C2=O)C[C@@](O)(C(C)O)C[C@@H]3O[C@H]1C[C@H](N)[C@H](O)[C@H](C)O1,HJEZFVLKJYFNQW-FKKRWUELSA-N,83845,hit,CID83845,NO_CID_ecdf23ef14be,,hit,1,,1,1,1,1
571,C=C1CCOC(=O)CCCCC(C)C1OC(=O)c1cccc(-n2cc(CN(C)C)nn2)c1,True,C=C1CCOC(=O)CCCCC(C)C1OC(=O)c1cccc(-n2cc(CN(C)C)nn2)c1,C=C1CCOC(=O)CCCCC(C)C1OC(=O)c1cccc(-n2cc(CN(C)C)nn2)c1,HJMDQNSVZQDGOG-UHFFFAOYSA-N,,cid0_no_match,NO_CID_56a728191f53,NO_CID_56a728191f53,,cid0_no_match,0,,1,1,1,1
572,C=CCc1ccccc1,True,C=CCc1ccccc1,C=CCc1ccccc1,HJWLCRVIBGQPNF-UHFFFAOYSA-N,9309,hit,CID9309,NO_CID_423f795f2f19,,hit,1,,1,1,1,1
573,COc1ccc(-c2coc3cc(O)ccc3c2=O)cc1,True,COc1ccc(-c2coc3cc(O)ccc3c2=O)cc1,COc1ccc(-c2coc3cc(O)ccc3c2=O)cc1,HKQYGTCOTHHOMP-UHFFFAOYSA-N,5280378,hit,CID5280378,NO_CID_9661f4a58960,,hit,1,,1,1,1,1
574,CO[C@H]1C[C@H](C[C@H](C)[C@@H]2CC(=O)[C@H](C)/C=C(\C)[C@@H](O)[C@H](OC)C(=O)[C@H](C)C[C@H](C)/C=C\C=C/C=C(/C)[C@H](OC)C[C@H]3CC[C@H](C)[C@](O)(O3)C(=O)C(=O)N3CCCC[C@@H]3C(=O)O2)CC[C@H]1OCCO,True,COC1CC2CCC(C)C(O)(O2)C(=O)C(=O)N2CCCCC2C(=O)OC(C(C)CC2CCC(OCCO)C(OC)C2)CC(=O)C(C)C=C(C)C(O)C(OC)C(=O)C(C)CC(C)C=CC=CC=C1C,CO[C@H]1C[C@H](C[C@H](C)[C@@H]2CC(=O)[C@H](C)/C=C(\C)[C@@H](O)[C@H](OC)C(=O)[C@H](C)C[C@H](C)/C=C\C=C/C=C(/C)[C@H](OC)C[C@H]3CC[C@H](C)[C@](O)(O3)C(=O)C(=O)N3CCCC[C@@H]3C(=O)O2)CC[C@H]1OCCO,HKVAMNSJSFKALM-PGYDAPRHSA-N,154585526,rescued_inchikey,CID154585526,NO_CID_9a65d15fee9a,,rescued_inchikey,1,,1,1,1,1
575,C=C1/C(=C\C=C2/CCC[C@]3(C)[C@@H]([C@H](C)/C=C/[C@H](C)C(C)C)CC[C@@H]23)C[C@@H](O)C[C@@H]1O,True,C=C1C(=CC=C2CCCC3(C)C2CCC3C(C)C=CC(C)C(C)C)CC(O)CC1O,C=C1/C(=C\C=C2/CCC[C@]3(C)[C@@H]([C@H](C)/C=C/[C@H](C)C(C)C)CC[C@@H]23)C[C@@H](O)C[C@@H]1O,HKXBNHCUPKIYDM-CGMHZMFXSA-N,5281107,hit,CID5281107,NO_CID_e01f981a94da,,hit,1,,1,1,1,1
576,O=C1C(=O)c2cc(O)cc(O)c2C(O)=C1C1=C(O)c2c(O)cc(O)cc2C(=O)C1=O,True,O=C1C(=O)c2cc(O)cc(O)c2C(O)=C1C1=C(O)c2c(O)cc(O)cc2C(=O)C1=O,O=C1C(=O)c2cc(O)cc(O)c2C(O)=C1C1=C(O)c2c(O)cc(O)cc2C(=O)C1=O,HLLYQNIOBPIXKP-UHFFFAOYSA-N,135871120,hit,CID135871120,NO_CID_2f4418238f1b,,hit,1,,1,1,1,1
577,CCCCCCCCCCCCCCO,True,CCCCCCCCCCCCCCO,CCCCCCCCCCCCCCO,HLZKNKRTKFSKGZ-UHFFFAOYSA-N,8209,hit,CID8209,NO_CID_2235dfdcf60a,,hit,1,,1,1,1,1
578,C[C@H](C=O)[C@H]1CC[C@H](C)[C@@H]1C=O,True,CC(C=O)C1CCC(C)C1C=O,C[C@H](C=O)[C@H]1CC[C@H](C)[C@@H]1C=O,HMCYXRFNNOPPPR-JLIMGVALSA-N,53297343,hit,CID53297343,NO_CID_8f76b8444adf,,hit,1,,1,1,1,1
579,Cc1c(CC(N)C=O)c2c(N3CCOCC3)cccc2n1C,True,Cc1c(CC(N)C=O)c2c(N3CCOCC3)cccc2n1C,Cc1c(CC(N)C=O)c2c(N3CCOCC3)cccc2n1C,HMDNTIZSVAZZQI-UHFFFAOYSA-N,,cid0_no_match,NO_CID_96e1c72df586,NO_CID_96e1c72df586,,cid0_no_match,0,,1,1,1,1
580,COc1oc(CCC(C)=CC(C)=Cc2ccc(C#N)cc2)c(C)c(=O)c1C,True,COc1oc(CCC(C)=CC(C)=Cc2ccc(C#N)cc2)c(C)c(=O)c1C,COc1oc(CCC(C)=CC(C)=Cc2ccc(C#N)cc2)c(C)c(=O)c1C,HMMLORCBSFAACN-UHFFFAOYSA-N,74975001,hit,CID74975001,NO_CID_5f540fc9c884,,hit,1,,1,1,1,1
581,CCc1cccc(O)c1,True,CCc1cccc(O)c1,CCc1cccc(O)c1,HMNKTRSOROOSPP-UHFFFAOYSA-N,12101,hit,CID12101,NO_CID_40f8d3ff8f57,,hit,1,,1,1,1,1
582,C=C(C)[C@@H]1CC[C@@H](C)[C@@H]2CCC(C)=C[C@@H]21,True,C=C(C)C1CCC(C)C2CCC(C)=CC12,C=C(C)[C@@H]1CC[C@@H](C)[C@@H]2CCC(C)=C[C@@H]21,HMTAHNDPLDKYJT-CBBWQLFWSA-N,11052747,hit,CID11052747,NO_CID_6dc107f0b813,,hit,1,,1,1,1,1
583,CC1=CC[C@H]2C(C)(C)CCC[C@]2(C)[C@H]1CO,True,CC1=CCC2C(C)(C)CCCC2(C)C1CO,CC1=CC[C@H]2C(C)(C)CCC[C@]2(C)[C@H]1CO,HMWSKUKBAWWOJL-KCQAQPDRSA-N,3080551,hit,CID3080551,NO_CID_a36a6cca7b09,,hit,1,,1,1,1,1
584,CCCCC[C@H](O)/C=C/C=C/CCCCCCCC(=O)O,True,CCCCCC(O)C=CC=CCCCCCCCC(=O)O,CCCCC[C@H](O)/C=C/C=C/CCCCCCCC(=O)O,HNICUWMFWZBIFP-WHLLTAFYSA-N,13723971,hit,CID13723971,NO_CID_c49fe9825b8b,,hit,1,,1,1,1,1
585,CSc1ccccc1,True,CSc1ccccc1,CSc1ccccc1,HNKJADCVZUBCPG-UHFFFAOYSA-N,7520,hit,CID7520,NO_CID_92cbfa4bd766,,hit,1,,1,1,1,1
586,CC(C)C1=CC2=CC[C@@H]3[C@](C)(CCC[C@@]3(C)C=O)[C@H]2CC1,True,CC(C)C1=CC2=CCC3C(C)(C=O)CCCC3(C)C2CC1,CC(C)C1=CC2=CC[C@@H]3[C@](C)(CCC[C@@]3(C)C=O)[C@H]2CC1,HOFSYSONRIGEAC-LWYYNNOASA-N,443479,hit,CID443479,NO_CID_1c7194f81c52,,hit,1,,1,1,0,1
587,Cc1c(CC(N)C=O)c2cc(N)ccc2n1C,True,Cc1c(CC(N)C=O)c2cc(N)ccc2n1C,Cc1c(CC(N)C=O)c2cc(N)ccc2n1C,HOHIMNVSDPSVTK-UHFFFAOYSA-N,,cid0_no_match,NO_CID_6b413d673fff,NO_CID_6b413d673fff,,cid0_no_match,0,,1,1,1,1
588,C#Cc1cccc2c(CC(N)C(=O)O)cn(C)c12,True,C#Cc1cccc2c(CC(N)C(=O)O)cn(C)c12,C#Cc1cccc2c(CC(N)C(=O)O)cn(C)c12,HOTKMVZFSFLYOE-UHFFFAOYSA-N,122499531,hit,CID122499531,NO_CID_19459e8a2640,,hit,1,,1,1,1,1
589,Cc1[nH]c2ccc(O)cc2c1CC(N)C(=O)O,True,Cc1[nH]c2ccc(O)cc2c1CC(N)C(=O)O,Cc1[nH]c2ccc(O)cc2c1CC(N)C(=O)O,HPCAYLMUYMPURN-UHFFFAOYSA-N,71058597,hit,CID71058597,NO_CID_f755f33237d2,,hit,1,,1,1,1,1
590,O=C(O)CCCNc1ccncc1,True,O=C(O)CCCNc1ccncc1,O=C(O)CCCNc1ccncc1,HPDCDJWQNLPXFS-UHFFFAOYSA-N,24694495,hit,CID24694495,NO_CID_784c36300a68,,hit,1,,1,1,1,1
591,Cc1c(CC(N)C=O)c2cccc(F)c2n1C,True,Cc1c(CC(N)C=O)c2cccc(F)c2n1C,Cc1c(CC(N)C=O)c2cccc(F)c2n1C,HPPFKFOFTVWYFX-UHFFFAOYSA-N,,cid0_no_match,NO_CID_78cf5262f276,NO_CID_78cf5262f276,,cid0_no_match,0,,1,1,1,1
592,CC[C@H]1OC(=O)[C@H](C)[C@@H](O)[C@H](C)[C@@H](O)[C@@H](C)C[C@@H](C)C(=O)[C@H](C)[C@@H](O)[C@H]1C,True,CCC1OC(=O)C(C)C(O)C(C)C(O)C(C)CC(C)C(=O)C(C)C(O)C1C,CC[C@H]1OC(=O)[C@H](C)[C@@H](O)[C@H](C)[C@@H](O)[C@@H](C)C[C@@H](C)C(=O)[C@H](C)[C@@H](O)[C@H]1C,HQZOLNNEQAKEHT-IBBGRPSASA-N,121904,hit,CID121904,NO_CID_525659c078e6,,hit,1,,1,1,1,1
593,CSc1ccc2c(CC(N)C(=O)O)c[nH]c2c1,True,CSc1ccc2c(CC(N)C(=O)O)c[nH]c2c1,CSc1ccc2c(CC(N)C(=O)O)c[nH]c2c1,HRHIFGOUASGJNT-UHFFFAOYSA-N,122499538,hit,CID122499538,NO_CID_141a6bede991,,hit,1,,1,1,1,1
594,C=C1C(=O)O[C@@H]2/C=C(\C)CC/C=C(\C)CC[C@@H]12,True,C=C1C(=O)OC2C=C(C)CCC=C(C)CCC12,C=C1C(=O)O[C@@H]2/C=C(\C)CC/C=C(\C)CC[C@@H]12,HRYLQFBHBWLLLL-AHNJNIBGSA-N,5281437,hit,CID5281437,NO_CID_e76fe4c37cae,,hit,1,,1,1,1,1
595,C=C1C(=O)O[C@H]2/C=C(\C)CC/C=C(\C)CC[C@@H]12,True,C=C1C(=O)OC2C=C(C)CCC=C(C)CCC12,C=C1C(=O)O[C@H]2/C=C(\C)CC/C=C(\C)CC[C@@H]12,HRYLQFBHBWLLLL-NNHLIDDTSA-N,12304109,hit,CID12304109,NO_CID_6d9d7154acec,,hit,1,,1,1,1,1
596,CC1CCCCC(=O)OCCC=CC1OC(=O)c1ccccc1-n1cc(CN(C)C)nn1,True,CC1CCCCC(=O)OCCC=CC1OC(=O)c1ccccc1-n1cc(CN(C)C)nn1,CC1CCCCC(=O)OCCC=CC1OC(=O)c1ccccc1-n1cc(CN(C)C)nn1,HSHUIJODMFBIDY-UHFFFAOYSA-N,,cid0_no_match,NO_CID_4c65cf8937f7,NO_CID_4c65cf8937f7,,cid0_no_match,0,,1,1,1,1
597,CC[C@H](C)C(=O)O[C@H]1CCC=C2C=C[C@H](C)[C@H](CC[C@@H](O)C[C@@H](O)CC(=O)[O-])[C@H]21.[Na+],True,CCC(C)C(=O)OC1CCC=C2C=CC(C)C(CCC(O)CC(O)CC(=O)[O-])C21.[Na+],CC[C@H](C)C(=O)O[C@H]1CCC=C2C=C[C@H](C)[C@H](CC[C@@H](O)C[C@@H](O)CC(=O)[O-])[C@H]21.[Na+],HSOJKEMXKOVVOH-AGNATJBLSA-M,16760562,hit,CID16760562,NO_CID_852565c9ca5a,,hit,1,,1,1,1,1
598,COCC1C(OC(=O)c2ccc(-c3ccccc3)cc2)CC2OC(=O)CC21,True,COCC1C(OC(=O)c2ccc(-c3ccccc3)cc2)CC2OC(=O)CC21,COCC1C(OC(=O)c2ccc(-c3ccccc3)cc2)CC2OC(=O)CC21,HSSKNUFXSDALJQ-UHFFFAOYSA-N,14214537,hit,CID14214537,NO_CID_45da92499c00,,hit,1,,1,1,1,1
599,OCC1O[C@@H](Oc2cc(O)cc(/C=C/c3ccc(O)cc3)c2)[C@H](O)[C@@H](O)[C@@H]1O,True,OCC1OC(Oc2cc(O)cc(C=Cc3ccc(O)cc3)c2)C(O)C(O)C1O,OCC1O[C@@H](Oc2cc(O)cc(/C=C/c3ccc(O)cc3)c2)[C@H](O)[C@@H](O)[C@@H]1O,HSTZMXCBWJGKHG-AEGFYQLOSA-N,71311798,hit,CID71311798,NO_CID_64ba3cc61d2c,,hit,1,,1,1,1,1
600,CCOC(=O)C1=C(COCCN)NC(C)=C(C(=O)OC)C1c1ccccc1Cl,True,CCOC(=O)C1=C(COCCN)NC(C)=C(C(=O)OC)C1c1ccccc1Cl,CCOC(=O)C1=C(COCCN)NC(C)=C(C(=O)OC)C1c1ccccc1Cl,HTIQEAQVCYTUBX-UHFFFAOYSA-N,2162,hit,CID2162,NO_CID_ce853521df94,,hit,1,,1,1,1,1
601,Cc1[nH]c2cc(Br)ccc2c1CC(N)C(=O)O,True,Cc1[nH]c2cc(Br)ccc2c1CC(N)C(=O)O,Cc1[nH]c2cc(Br)ccc2c1CC(N)C(=O)O,HTLIOVBFEUXFAG-UHFFFAOYSA-N,122499564,hit,CID122499564,NO_CID_1526ae454378,,hit,1,,1,1,1,1
602,Oc1ccc2c(c1)OCC1c3cc4c(cc3OC21)OCO4,True,Oc1ccc2c(c1)OCC1c3cc4c(cc3OC21)OCO4,Oc1ccc2c(c1)OCC1c3cc4c(cc3OC21)OCO4,HUKSJTUUSUGIDC-UHFFFAOYSA-N,363863,rescued_retry,CID363863,NO_CID_2eada0d1c410,,rescued_retry,1,URLError: <urlopen error [SSL: UNEXPECTED_EOF_WHILE_READING] EOF occurred in violation of protocol (_ssl.c:1000)>,1,1,1,1
603,Cc1ccc2[nH]cc(C[C@H](N)C(=O)O)c2c1,True,Cc1ccc2[nH]cc(CC(N)C(=O)O)c2c1,Cc1ccc2[nH]cc(C[C@H](N)C(=O)O)c2c1,HUNCSWANZMJLPM-JTQLQIEISA-N,150990,hit,CID150990,NO_CID_c7063acbf8bf,,hit,1,,1,1,1,1
604,Cc1ccc2[nH]cc(CC(N)C(=O)O)c2c1,True,Cc1ccc2[nH]cc(CC(N)C(=O)O)c2c1,Cc1ccc2[nH]cc(CC(N)C(=O)O)c2c1,HUNCSWANZMJLPM-UHFFFAOYSA-N,92852,hit,CID92852,NO_CID_e9938c8ac396,,hit,1,,1,1,1,1
605,O=c1c(O)c(-c2ccccc2)oc2ccccc12,True,O=c1c(O)c(-c2ccccc2)oc2ccccc12,O=c1c(O)c(-c2ccccc2)oc2ccccc12,HVQAJTFOCKOKIN-UHFFFAOYSA-N,11349,hit,CID11349,NO_CID_efdbf337845d,,hit,1,,1,1,1,1
606,CC(C)CCC[C@@H](C)[C@H]1CC[C@H]2[C@@H]3CC=C4C[C@@H](O)CC[C@]4(C)[C@H]3CC[C@]12C,True,CC(C)CCCC(C)C1CCC2C3CC=C4CC(O)CCC4(C)C3CCC12C,CC(C)CCC[C@@H](C)[C@H]1CC[C@H]2[C@@H]3CC=C4C[C@@H](O)CC[C@]4(C)[C@H]3CC[C@]12C,HVYWMOMLDIMFJA-DPAQBDIFSA-N,5997,hit,CID5997,NO_CID_63c3bb52e4ff,,hit,1,,1,1,1,1
607,CC(C)CCCC(C)C1CCC2C3CC=C4CC(O)CCC4(C)C3CCC12C,True,CC(C)CCCC(C)C1CCC2C3CC=C4CC(O)CCC4(C)C3CCC12C,CC(C)CCCC(C)C1CCC2C3CC=C4CC(O)CCC4(C)C3CCC12C,HVYWMOMLDIMFJA-UHFFFAOYSA-N,304,hit,CID304,NO_CID_03249ea12347,,hit,1,,1,1,1,1
608,NC(Cc1c[nH]c2cccc(C3CC3)c12)C(=O)O,True,NC(Cc1c[nH]c2cccc(C3CC3)c12)C(=O)O,NC(Cc1c[nH]c2cccc(C3CC3)c12)C(=O)O,HWHMZYDONXVTBU-UHFFFAOYSA-N,122499650,hit,CID122499650,NO_CID_6d7db77be17e,,hit,1,,1,1,1,1
609,CCc1ccc(O)cc1,True,CCc1ccc(O)cc1,CCc1ccc(O)cc1,HXDOZKJGKXYMEW-UHFFFAOYSA-N,31242,hit,CID31242,NO_CID_d35cce149b35,,hit,1,,1,1,1,1
610,Cl.Cn1c(N)nc2ncc(-c3ccccc3)cc21,True,Cl.Cn1c(N)nc2ncc(-c3ccccc3)cc21,Cl.Cn1c(N)nc2ncc(-c3ccccc3)cc21,HXHJWFHXXVSWAW-UHFFFAOYSA-N,5284446,hit,CID5284446,NO_CID_863014b55322,,hit,1,,1,1,1,1
611,CCCSc1ccc2nc(NC(=O)OC)[nH]c2c1,True,CCCSc1ccc2nc(NC(=O)OC)[nH]c2c1,CCCSc1ccc2nc(NC(=O)OC)[nH]c2c1,HXHWSAZORRCQMX-UHFFFAOYSA-N,2082,hit,CID2082,NO_CID_d8af0642aa32,,hit,1,,1,1,1,1
612,C[C@]12CC[C@H](O)C=C1CC[C@@H]1[C@@H]2CC[C@@]2(C)[C@H]1CC[C@@]2(O)Cc1ccccn1,True,CC12CCC(O)C=C1CCC1C2CCC2(C)C1CCC2(O)Cc1ccccn1,C[C@]12CC[C@H](O)C=C1CC[C@@H]1[C@@H]2CC[C@@]2(C)[C@H]1CC[C@@]2(O)Cc1ccccn1,HXXJCRDROUMUNY-SWLWOFJYSA-N,66574395,hit,CID66574395,NO_CID_19ac45982752,,hit,1,,1,1,1,1
613,COc1ccc2c(c1OC)CN(C)CCc1cc3c(cc1C(=O)C2)OCO3,True,COc1ccc2c(c1OC)CN(C)CCc1cc3c(cc1C(=O)C2)OCO3,COc1ccc2c(c1OC)CN(C)CCc1cc3c(cc1C(=O)C2)OCO3,HYBRYAPKQCZIAE-UHFFFAOYSA-N,98570,hit,CID98570,NO_CID_7bd423439037,,hit,1,,1,1,1,1
614,CC1=CC[C@]2(C)CC[C@@]3(C)CCC(C(C)C)=C3[C@H]2CC1,True,CC1=CCC2(C)CCC3(C)CCC(C(C)C)=C3C2CC1,CC1=CC[C@]2(C)CC[C@@]3(C)CCC(C(C)C)=C3[C@H]2CC1,HYUVPCPBEOBIGN-MISYRCLQSA-N,15519950,hit,CID15519950,NO_CID_8d2b7a0c4e5f,,hit,1,,1,1,1,1
615,CC1=CCC2(C)CCC3(C)CCC(C(C)C)=C3C2CC1,True,CC1=CCC2(C)CCC3(C)CCC(C(C)C)=C3C2CC1,CC1=CCC2(C)CCC3(C)CCC(C(C)C)=C3C2CC1,HYUVPCPBEOBIGN-UHFFFAOYSA-N,163048450,hit,CID163048450,NO_CID_1274288bc6f9,,hit,1,,1,1,1,1
616,CC(C)=CCNc1ncnc2nc[nH]c12,True,CC(C)=CCNc1ncnc2nc[nH]c12,CC(C)=CCNc1ncnc2nc[nH]c12,HYVABZIGRDEKCD-UHFFFAOYSA-N,92180,hit,CID92180,NO_CID_34fa25b2ca59,,hit,1,,1,1,1,1
617,O=C1C(O)=C(c2ccccc2)C(=O)C([O-])=C1c1ccccc1,True,O=C1C(O)=C(c2ccccc2)C(=O)C([O-])=C1c1ccccc1,O=C1C(O)=C(c2ccccc2)C(=O)C([O-])=C1c1ccccc1,HZKFHDXTSAYOSN-UHFFFAOYSA-M,164575952,hit,CID164575952,NO_CID_cf2c170c8684,,hit,1,,1,1,1,1
618,O=C1C(O)=C(c2ccccc2)C(=O)C(O)=C1c1ccccc1,True,O=C1C(O)=C(c2ccccc2)C(=O)C(O)=C1c1ccccc1,O=C1C(O)=C(c2ccccc2)C(=O)C(O)=C1c1ccccc1,HZKFHDXTSAYOSN-UHFFFAOYSA-N,11056,hit,CID11056,NO_CID_f944a09d1ab6,,hit,1,,1,1,1,1
619,C=C1CC[C@@H]2C(C)(C)CCC[C@@]2(C)[C@@H]1CCC1=CCOC1,True,C=C1CCC2C(C)(C)CCCC2(C)C1CCC1=CCOC1,C=C1CC[C@@H]2C(C)(C)CCC[C@@]2(C)[C@@H]1CCC1=CCOC1,HZSBZMGERCQUOA-GGPKGHCWSA-N,,cid0_no_match,NO_CID_aff170ec80a9,NO_CID_aff170ec80a9,,cid0_no_match,0,,1,1,1,1
620,C/C=C/C=C/C=C/C(=O)O,True,CC=CC=CC=CC(=O)O,C/C=C/C=C/C=C/C(=O)O,IAAPVNQZSBLWKH-ICDJNDDTSA-N,5368831,hit,CID5368831,NO_CID_df13593086ae,,hit,1,,1,1,1,1
621,Cc1ccc(CCBr)cc1,True,Cc1ccc(CCBr)cc1,Cc1ccc(CCBr)cc1,IAZCKSJRRRXZEY-UHFFFAOYSA-N,570680,hit,CID570680,NO_CID_88ba7e0f8ce0,,hit,1,,1,1,1,1
622,C=C(C(=O)[O-])[C@H]1C/C=C(\C)CC/C=C(\C)CC1,True,C=C(C(=O)[O-])C1CC=C(C)CCC=C(C)CC1,C=C(C(=O)[O-])[C@H]1C/C=C(\C)CC/C=C(\C)CC1,IBJVPIJUFFVDBS-JBMXZMKISA-M,25245824,hit,CID25245824,NO_CID_1185b6752916,,hit,1,,1,1,1,1
623,C=C(C(=O)O)[C@H]1C/C=C(\C)CC/C=C(\C)CC1,True,C=C(C(=O)O)C1CC=C(C)CCC=C(C)CC1,C=C(C(=O)O)[C@H]1C/C=C(\C)CC/C=C(\C)CC1,IBJVPIJUFFVDBS-JBMXZMKISA-N,25245825,hit,CID25245825,NO_CID_e4010a0abc74,,hit,1,,1,1,1,1
624,O=C([O-])CCCCCCCCCCCCCCCCCCCCCO,True,O=C([O-])CCCCCCCCCCCCCCCCCCCCCO,O=C([O-])CCCCCCCCCCCCCCCCCCCCCO,IBPVZXPSTLXWCG-UHFFFAOYSA-M,17802799,hit,CID17802799,NO_CID_e6b8dba1bef4,,hit,1,,1,1,1,1
625,NC(Cc1c[nH]c2c(-c3ccncc3)cccc12)C(=O)O,True,NC(Cc1c[nH]c2c(-c3ccncc3)cccc12)C(=O)O,NC(Cc1c[nH]c2c(-c3ccncc3)cccc12)C(=O)O,IBSINMNUKJIBCX-UHFFFAOYSA-N,122499643,hit,CID122499643,NO_CID_dfecb4d61c34,,hit,1,,1,1,1,1
626,Cc1ccccc1Cl,True,Cc1ccccc1Cl,Cc1ccccc1Cl,IBSQPLPBRSHTTG-UHFFFAOYSA-N,7238,hit,CID7238,NO_CID_a7085584e6d9,,hit,1,,1,1,1,1
627,CC[C@H](C)[C@H]1O[C@]2(C=C[C@@H]1C)C[C@@H]1C[C@@H](C/C=C(\C)[C@@H](O[C@H]3C[C@H](OC)[C@@H](O[C@H]4C[C@H](OC)[C@@H](O)[C@H](C)O4)[C@H](C)O3)[C@@H](C)/C=C/C=C3\CO[C@@H]4[C@H](O)C(C)=C[C@@H](C(=O)O1)[C@]34O)O2.CO[C@H]1C[C@H](O[C@H]2[C@H](C)O[C@@H](O[C@@H]3/C(C)=C/C[C@@H]4C[C@@H](C[C@]5(C=C[C@H](C)[C@@H](C(C)C)O5)O4)OC(=O)[C@@H]4C=C(C)[C@@H](O)[C@H]5OC/C(=C\C=C\[C@@H]3C)[C@]54O)C[C@@H]2OC)O[C@@H](C)[C@@H]1O,True,CCC(C)C1OC2(C=CC1C)CC1CC(CC=C(C)C(OC3CC(OC)C(OC4CC(OC)C(O)C(C)O4)C(C)O3)C(C)C=CC=C3COC4C(O)C(C)=CC(C(=O)O1)C34O)O2.COC1CC(OC2C(C)OC(OC3C(C)=CCC4CC(CC5(C=CC(C)C(C(C)C)O5)O4)OC(=O)C4C=C(C)C(O)C5OCC(=CC=CC3C)C45O)CC2OC)OC(C)C1O,CC[C@H](C)[C@H]1O[C@]2(C=C[C@@H]1C)C[C@@H]1C[C@@H](C/C=C(\C)[C@@H](O[C@H]3C[C@H](OC)[C@@H](O[C@H]4C[C@H](OC)[C@@H](O)[C@H](C)O4)[C@H](C)O3)[C@@H](C)/C=C/C=C3\CO[C@@H]4[C@H](O)C(C)=C[C@@H](C(=O)O1)[C@]34O)O2.CO[C@H]1C[C@H](O[C@H]2[C@H](C)O[C@@H](O[C@@H]3/C(C)=C/C[C@@H]4C[C@@H](C[C@]5(C=C[C@H](C)[C@@H](C(C)C)O5)O4)OC(=O)[C@@H]4C=C(C)[C@@H](O)[C@H]5OC/C(=C\C=C\[C@@H]3C)[C@]54O)C[C@@H]2OC)O[C@@H](C)[C@@H]1O,IBSREHMXUMOFBB-JFUDTMANSA-N,9920327,hit,CID9920327,NO_CID_45a53467168a,,hit,1,,1,1,1,1
628,C/C=C(\C)CCCCCCC/C=C\C=C\C=C/Cc1cc(O)cc(O)c1,True,CC=C(C)CCCCCCCC=CC=CC=CCc1cc(O)cc(O)c1,C/C=C(\C)CCCCCCC/C=C\C=C\C=C/Cc1cc(O)cc(O)c1,IBTUEOUYYLIJLK-LOFTVMHWSA-N,146682269,hit,CID146682269,NO_CID_a2f9c2ef397a,,hit,1,,1,1,1,1
629,CC=C(C)CCCCCCCC=CC=CC=CCc1cc(O)cc(O)c1,True,CC=C(C)CCCCCCCC=CC=CC=CCc1cc(O)cc(O)c1,CC=C(C)CCCCCCCC=CC=CC=CCc1cc(O)cc(O)c1,IBTUEOUYYLIJLK-UHFFFAOYSA-N,163136289,hit,CID163136289,NO_CID_3f21afa8e7a0,,hit,1,,1,1,1,1
630,CC/C=C\C[C@@H]1C(=O)CC[C@@H]1CC(=O)N[C@H](C(=O)[O-])[C@@H](C)CC,True,CCC=CCC1C(=O)CCC1CC(=O)NC(C(=O)[O-])C(C)CC,CC/C=C\C[C@@H]1C(=O)CC[C@@H]1CC(=O)N[C@H](C(=O)[O-])[C@@H](C)CC,IBZYPBGPOGJMBF-QPERPISQSA-M,54758681,hit,CID54758681,NO_CID_96d2f9cf2ad0,,hit,1,,1,1,1,1
631,CC/C=C\C[C@H]1C(=O)CC[C@@H]1CC(=O)N[C@H](C(=O)O)[C@@H](C)CC,True,CCC=CCC1C(=O)CCC1CC(=O)NC(C(=O)O)C(C)CC,CC/C=C\C[C@H]1C(=O)CC[C@@H]1CC(=O)N[C@H](C(=O)O)[C@@H](C)CC,IBZYPBGPOGJMBF-QRHMYKSGSA-N,5497150,hit,CID5497150,NO_CID_0ec2d4390f2e,,hit,1,,1,1,1,1
632,CC1(C)CC[C@]2(C(=O)O)CC[C@]3(C)C(=CC[C@@H]4[C@@]5(C)C[C@H](O)[C@H](O)[C@@](C)(C(=O)O)[C@@H]5CC[C@]43C)[C@@H]2C1,True,CC1(C)CCC2(C(=O)O)CCC3(C)C(=CCC4C5(C)CC(O)C(O)C(C)(C(=O)O)C5CCC43C)C2C1,CC1(C)CC[C@]2(C(=O)O)CC[C@]3(C)C(=CC[C@@H]4[C@@]5(C)C[C@H](O)[C@H](O)[C@@](C)(C(=O)O)[C@@H]5CC[C@]43C)[C@@H]2C1,IDGXIXSKISLYAC-WNTKNEGGSA-N,65048,hit,CID65048,NO_CID_375697f54ac2,,hit,1,,1,0,1,1
633,C[C@@H](CO)CCC[C@@H](C)[C@H]1CC[C@H]2[C@@H]3CC=C4[C@@H](O)[C@@H](O)CC[C@]4(C)[C@H]3CC[C@]12C,True,CC(CO)CCCC(C)C1CCC2C3CC=C4C(O)C(O)CCC4(C)C3CCC12C,C[C@@H](CO)CCC[C@@H](C)[C@H]1CC[C@H]2[C@@H]3CC=C4[C@@H](O)[C@@H](O)CC[C@]4(C)[C@H]3CC[C@]12C,IDLRVFXWSUWMHI-KUYJPBLDSA-N,91825745,hit,CID91825745,NO_CID_bbb8022d6732,,hit,1,,1,1,1,1
634,O=CCCCC/C=C\C/C=C\C/C=C\C/C=C\CCCC(=O)[O-],True,O=CCCCCC=CCC=CCC=CCC=CCCCC(=O)[O-],O=CCCCC/C=C\C/C=C\C/C=C\C/C=C\CCCC(=O)[O-],IDPOCGHKMNIWBB-DTLRTWKJSA-M,72551582,hit,CID72551582,NO_CID_0a505978d974,,hit,1,,1,1,1,1
635,CC[C@H]1OC(=O)[C@H](C)[C@@H](O[C@H]2C[C@@](C)(OC)[C@@H](O)[C@H](C)O2)[C@H](C)[C@@H](O[C@@H]2O[C@H](C)C[C@H](N(C)C)[C@H]2O)[C@](C)(O)C[C@@H](C)C(=O)[C@H](C)[C@@H](O)[C@H]1C,True,CCC1OC(=O)C(C)C(OC2CC(C)(OC)C(O)C(C)O2)C(C)C(OC2OC(C)CC(N(C)C)C2O)C(C)(O)CC(C)C(=O)C(C)C(O)C1C,CC[C@H]1OC(=O)[C@H](C)[C@@H](O[C@H]2C[C@@](C)(OC)[C@@H](O)[C@H](C)O2)[C@H](C)[C@@H](O[C@@H]2O[C@H](C)C[C@H](N(C)C)[C@H]2O)[C@](C)(O)C[C@@H](C)C(=O)[C@H](C)[C@@H](O)[C@H]1C,IDRYSCOQVVUBIJ-PPGFLMPOSA-N,9918244,hit,CID9918244,NO_CID_781c0bf499ac,,hit,1,,1,1,1,1
636,CCc1cccc(OP(=O)(O)O)c1,True,CCc1cccc(OP(=O)(O)O)c1,CCc1cccc(OP(=O)(O)O)c1,IEFUTYQGHXXRLJ-UHFFFAOYSA-N,21117911,hit,CID21117911,NO_CID_414053cfb8f9,,hit,1,,1,1,1,1
637,Cc1[nH]c2ccc(-c3ccncc3)cc2c1CC(N)C(=O)O,True,Cc1[nH]c2ccc(-c3ccncc3)cc2c1CC(N)C(=O)O,Cc1[nH]c2ccc(-c3ccncc3)cc2c1CC(N)C(=O)O,IEVXMLSCQHRQMB-UHFFFAOYSA-N,126584280,hit,CID126584280,NO_CID_8071970114af,,hit,1,,1,1,1,1
638,COc1ccc(CC2NC(=O)C=CCC(C(C)C=Cc3ccccc3)OC(=O)C(CC(C)C)OC(=O)C(C)CNC2=O)cc1,True,COc1ccc(CC2NC(=O)C=CCC(C(C)C=Cc3ccccc3)OC(=O)C(CC(C)C)OC(=O)C(C)CNC2=O)cc1,COc1ccc(CC2NC(=O)C=CCC(C(C)C=Cc3ccccc3)OC(=O)C(CC(C)C)OC(=O)C(C)CNC2=O)cc1,IEYSWBYGDJSUEZ-UHFFFAOYSA-N,74984305,hit,CID74984305,NO_CID_9337e62971d7,,hit,1,,1,1,1,1
639,C/C=C/CCC(C)O,True,CC=CCCC(C)O,C/C=C/CCC(C)O,IFSYJVQRVQMRKN-ONEGZZNKSA-N,12277919,hit,CID12277919,NO_CID_769ee2c39fd8,,hit,1,,1,1,1,1
640,NC(Cc1c[nH]c2c(N3CCOCC3)cccc12)C(=O)O,True,NC(Cc1c[nH]c2c(N3CCOCC3)cccc12)C(=O)O,NC(Cc1c[nH]c2c(N3CCOCC3)cccc12)C(=O)O,IFTQAQOFVSXAPC-UHFFFAOYSA-N,122499481,hit,CID122499481,NO_CID_8f86b83766db,,hit,1,,1,1,1,1
641,c1ccc(C2CCCCC2)cc1,True,c1ccc(C2CCCCC2)cc1,c1ccc(C2CCCCC2)cc1,IGARGHRYKHJQSM-UHFFFAOYSA-N,13229,hit,CID13229,NO_CID_a1bbe04ccd19,,hit,1,,1,1,1,1
642,c1ccc(CC(c2ccccc2)N2CCN(C3CCCCC3)CC2)cc1,True,c1ccc(CC(c2ccccc2)N2CCN(C3CCCCC3)CC2)cc1,c1ccc(CC(c2ccccc2)N2CCN(C3CCCCC3)CC2)cc1,IGBRRSIHEGCUEN-UHFFFAOYSA-N,431865,hit,CID431865,NO_CID_d941274cb622,,hit,1,,1,1,1,1
643,CCC(C)CC(C)CC(C)CC(C)C(=O)OC,True,CCC(C)CC(C)CC(C)CC(C)C(=O)OC,CCC(C)CC(C)CC(C)CC(C)C(=O)OC,IGBSZPRCTMBPTC-UHFFFAOYSA-N,560458,hit,CID560458,NO_CID_2e6d8a8b196d,,hit,1,,1,0,1,1
644,CC(=O)OC[C@]12CCC(C)=C[C@H]1O[C@@H]1[C@H](OC(C)=O)C[C@@]2(C)[C@]12CO2,True,CC(=O)OCC12CCC(C)=CC1OC1C(OC(C)=O)CC2(C)C12CO2,CC(=O)OC[C@]12CCC(C)=C[C@H]1O[C@@H]1[C@H](OC(C)=O)C[C@@]2(C)[C@]12CO2,IGDIDZAQDRAJRB-UPGMHYFXSA-N,11473563,hit,CID11473563,NO_CID_0b21bea347f8,,hit,1,,1,1,1,1
645,C=C[C@@]1(C)CC[C@@H]2[C@@]3(C)CCCC(C)(C)[C@@H]3CC[C@@]2(C)O1,True,C=CC1(C)CCC2C(C)(CCC3C(C)(C)CCCC32C)O1,C=C[C@@]1(C)CC[C@@H]2[C@@]3(C)CCCC(C)(C)[C@@H]3CC[C@@]2(C)O1,IGGWKHQYMAJOHK-HHUCQEJWSA-N,6432025,hit,CID6432025,NO_CID_314ec74ac5c0,,hit,1,,1,1,1,1
646,C=C[C@@]1(C)CCC2[C@@]3(C)CCCC(C)(C)C3CC[C@@]2(C)O1,True,C=CC1(C)CCC2C(C)(CCC3C(C)(C)CCCC32C)O1,C=C[C@@]1(C)CCC2[C@@]3(C)CCCC(C)(C)C3CC[C@@]2(C)O1,IGGWKHQYMAJOHK-NKBYQBPKSA-N,10085645,hit,CID10085645,NO_CID_1ccf79b1c026,,hit,1,,1,1,1,1
647,Cc1c(CC(N)C(=O)O)c2cc(Br)ccc2n1C,True,Cc1c(CC(N)C(=O)O)c2cc(Br)ccc2n1C,Cc1c(CC(N)C(=O)O)c2cc(Br)ccc2n1C,IHFWRLIPKGDMJF-UHFFFAOYSA-N,83764106,hit,CID83764106,NO_CID_67f140e3334a,,hit,1,,1,1,0,1
648,Oc1cc(O)c2c(O)cc(O)c(O)c2c1,True,Oc1cc(O)c2c(O)cc(O)c(O)c2c1,Oc1cc(O)c2c(O)cc(O)c(O)c2c1,IISYZEMBGRNYTH-UHFFFAOYSA-N,448669,hit,CID448669,NO_CID_d87bc86f1556,,hit,1,,1,1,1,1
649,CC(C)CCCCCCCCCCCCCC(=O)[O-],True,CC(C)CCCCCCCCCCCCCC(=O)[O-],CC(C)CCCCCCCCCCCCCC(=O)[O-],IIUXHTGBZYEGHI-UHFFFAOYSA-M,17903417,hit,CID17903417,NO_CID_af67afed3854,,hit,1,,1,1,1,1
650,CCCCCCCCCCCCC,True,CCCCCCCCCCCCC,CCCCCCCCCCCCC,IIYFAKIEWZDVMP-UHFFFAOYSA-N,12388,hit,CID12388,NO_CID_35dd06842567,,hit,1,,1,1,1,1
651,CCCC,True,CCCC,CCCC,IJDNQMDRQITEOD-UHFFFAOYSA-N,7843,hit,CID7843,NO_CID_90b4853e06e7,,hit,1,,1,1,0,1
652,C/C(=C\Cc1c(O)c(Cl)c(C)c(C=O)c1O)CC[C@@]1(C)[C@H](C)CCC(=O)[C@@H]1C,True,CC(=CCc1c(O)c(Cl)c(C)c(C=O)c1O)CCC1(C)C(C)CCC(=O)C1C,C/C(=C\Cc1c(O)c(Cl)c(C)c(C=O)c1O)CC[C@@]1(C)[C@H](C)CCC(=O)[C@@H]1C,IJEHYEVNWOYGMS-WGUBEYSISA-N,24094116,hit,CID24094116,NO_CID_b224bd3bb853,,hit,1,,1,1,1,1
653,O=C(O)c1cccc(O)c1,True,O=C(O)c1cccc(O)c1,O=C(O)c1cccc(O)c1,IJFXRHURBJZNAO-UHFFFAOYSA-N,7420,hit,CID7420,NO_CID_8a526f99e224,,hit,1,,1,1,1,1
654,O=C(O)c1ccccc1Cl,True,O=C(O)c1ccccc1Cl,O=C(O)c1ccccc1Cl,IKCLCGXPQILATA-UHFFFAOYSA-N,8374,hit,CID8374,NO_CID_94d8944e047d,,hit,1,,1,1,1,1
655,CC1=CC(C)(OO)C=CC1=O,True,CC1=CC(C)(OO)C=CC1=O,CC1=CC(C)(OO)C=CC1=O,IKKBRQNAJPERIG-UHFFFAOYSA-N,167713494,hit,CID167713494,NO_CID_fef674224c37,,hit,1,,1,1,1,1
656,CCCCCC/C=C\CCCCCCCC(=O)SCCNC(=O)CCNC(=O)[C@@H](O)C(C)(C)COP(=O)(O)O,True,CCCCCCC=CCCCCCCCC(=O)SCCNC(=O)CCNC(=O)C(O)C(C)(C)COP(=O)(O)O,CCCCCC/C=C\CCCCCCCC(=O)SCCNC(=O)CCNC(=O)[C@@H](O)C(C)(C)COP(=O)(O)O,IKLUIZJWBLJHAQ-HAAQQRBASA-N,24941267,hit,CID24941267,NO_CID_961b3e63e020,,hit,1,,1,1,1,1
657,O=c1ccc2cc(O)c(O)cc2o1,True,O=c1ccc2cc(O)c(O)cc2o1,O=c1ccc2cc(O)c(O)cc2o1,ILEDWLMCKZNDJK-UHFFFAOYSA-N,5281416,hit,CID5281416,NO_CID_086b781d100e,,hit,1,,1,1,1,1
658,C=C1CCOC(=O)CCCCC(C)C1OC(=O)C(C)n1cc(CN(C)C)nn1,True,C=C1CCOC(=O)CCCCC(C)C1OC(=O)C(C)n1cc(CN(C)C)nn1,C=C1CCOC(=O)CCCCC(C)C1OC(=O)C(C)n1cc(CN(C)C)nn1,ILURKTSSDWAQKN-UHFFFAOYSA-N,,cid0_no_match,NO_CID_c06507a61edc,NO_CID_c06507a61edc,,cid0_no_match,0,,1,1,1,1
659,CCCCCCC,True,CCCCCCC,CCCCCCC,IMNFDUFMRHMDMM-UHFFFAOYSA-N,8900,hit,CID8900,NO_CID_d1cf7fb693b5,,hit,1,,1,1,1,1
660,C[C@@H]1Nc2ccc(Cl)cc2[C@@](C#CC2CC2)(C(F)(F)F)O1,True,CC1Nc2ccc(Cl)cc2C(C#CC2CC2)(C(F)(F)F)O1,C[C@@H]1Nc2ccc(Cl)cc2[C@@](C#CC2CC2)(C(F)(F)F)O1,IMPMOBJZWFZYGR-OTYXRUKQSA-N,124584023,hit,CID124584023,NO_CID_db7a924baefc,,hit,1,,1,1,1,1
661,CCCCC[C@@H](O)[C@H]1C(=O)O[C@H](C)[C@@H](O)/C=C/C=C/C=C/C=C/C=C(\C)[C@@H](O)C[C@H](O)C[C@H](O)C[C@H](O)C[C@H](O)C[C@H](O)C[C@@H]1O,True,CCCCCC(O)C1C(=O)OC(C)C(O)C=CC=CC=CC=CC=C(C)C(O)CC(O)CC(O)CC(O)CC(O)CC(O)CC1O,CCCCC[C@@H](O)[C@H]1C(=O)O[C@H](C)[C@@H](O)/C=C/C=C/C=C/C=C/C=C(\C)[C@@H](O)C[C@H](O)C[C@H](O)C[C@H](O)C[C@H](O)C[C@H](O)C[C@@H]1O,IMQSIXYSKPIGPD-YQRUMEKGSA-N,6433194,hit,CID6433194,NO_CID_bf4c7adcaa8e,,hit,1,,1,1,1,1
662,COC(=O)CC1CCCCC1,True,COC(=O)CC1CCCCC1,COC(=O)CC1CCCCC1,IMXBRVLCKXGWSS-UHFFFAOYSA-N,139743,hit,CID139743,NO_CID_8095abc5f11b,,hit,1,,1,1,1,1
663,CCCCCCCC[C@@H]1O[C@@H]1CCCCCCCC(=O)[O-],True,CCCCCCCCC1OC1CCCCCCCC(=O)[O-],CCCCCCCC[C@@H]1O[C@@H]1CCCCCCCC(=O)[O-],IMYZYCNQZDBZBQ-DLBZAZTESA-M,25202651,hit,CID25202651,NO_CID_fafa2cf55fdb,,hit,1,,1,1,1,1
664,CCCCCCCC[C@H]1O[C@H]1CCCCCCCC(=O)[O-],True,CCCCCCCCC1OC1CCCCCCCC(=O)[O-],CCCCCCCC[C@H]1O[C@H]1CCCCCCCC(=O)[O-],IMYZYCNQZDBZBQ-SJORKVTESA-M,129626651,hit,CID129626651,NO_CID_09592ce99960,,hit,1,,1,1,1,1
665,CCCCCCCC[C@H]1O[C@H]1CCCCCCCC(=O)O,True,CCCCCCCCC1OC1CCCCCCCC(=O)O,CCCCCCCC[C@H]1O[C@H]1CCCCCCCC(=O)O,IMYZYCNQZDBZBQ-SJORKVTESA-N,119250,hit,CID119250,NO_CID_e8a70cbb6bb4,,hit,1,,1,1,1,1
666,CCCCCCCCC1OC1CCCCCCCC(=O)[O-],True,CCCCCCCCC1OC1CCCCCCCC(=O)[O-],CCCCCCCCC1OC1CCCCCCCC(=O)[O-],IMYZYCNQZDBZBQ-UHFFFAOYSA-M,19746553,hit,CID19746553,NO_CID_c2fb0620bf50,,hit,1,,1,1,1,1
667,CCCCCCCCC1OC1CCCCCCCC(=O)O,True,CCCCCCCCC1OC1CCCCCCCC(=O)O,CCCCCCCCC1OC1CCCCCCCC(=O)O,IMYZYCNQZDBZBQ-UHFFFAOYSA-N,15868,hit,CID15868,NO_CID_52a49c20e0f4,,hit,1,,1,1,1,1
668,C[C@H](CCCC(C)(C)O)[C@H]1CC[C@H]2[C@@H]3CC=C4C[C@@H](O)CC[C@]4(C)[C@H]3CC[C@]12C,True,CC(CCCC(C)(C)O)C1CCC2C3CC=C4CC(O)CCC4(C)C3CCC12C,C[C@H](CCCC(C)(C)O)[C@H]1CC[C@H]2[C@@H]3CC=C4C[C@@H](O)CC[C@]4(C)[C@H]3CC[C@]12C,INBGSXNNRGWLJU-ZHHJOTBYSA-N,65094,hit,CID65094,NO_CID_16513557b180,,hit,1,,1,1,1,1
669,CSc1ccc2c(CC(N)C(=O)O)c(C)n(C)c2c1,True,CSc1ccc2c(CC(N)C(=O)O)c(C)n(C)c2c1,CSc1ccc2c(CC(N)C(=O)O)c(C)n(C)c2c1,INEGGIRNWOHXAU-UHFFFAOYSA-N,122499629,hit,CID122499629,NO_CID_1c357b165f1a,,hit,1,,1,1,1,1
670,N[C@@H](Cc1c[nH]c2ccc(F)cc12)C(=O)O,True,NC(Cc1c[nH]c2ccc(F)cc12)C(=O)O,N[C@@H](Cc1c[nH]c2ccc(F)cc12)C(=O)O,INPQIVHQSQUEAJ-VIFPVBQESA-N,688357,hit,CID688357,NO_CID_7b945a3354d4,,hit,1,,1,1,1,1
671,CI,True,CI,CI,INQOMBQAUSQDDS-UHFFFAOYSA-N,6328,hit,CID6328,NO_CID_fe8ee15bb86d,,hit,1,,1,1,1,1
672,CCC1CC1c1ccccc1,True,CCC1CC1c1ccccc1,CCC1CC1c1ccccc1,IOBXAMISSWEGQH-UHFFFAOYSA-N,12560036,hit,CID12560036,NO_CID_840852f991d2,,hit,1,,1,1,1,1
673,CC(C)CCC[C@@H](C)[C@H]1CC[C@H]2[C@@H]3[C@H](O)CC4=CC(=O)CC[C@]4(C)[C@H]3CC[C@]12C,True,CC(C)CCCC(C)C1CCC2C3C(O)CC4=CC(=O)CCC4(C)C3CCC12C,CC(C)CCC[C@@H](C)[C@H]1CC[C@H]2[C@@H]3[C@H](O)CC4=CC(=O)CC[C@]4(C)[C@H]3CC[C@]12C,IOIZWEJGGCZDOL-RQDYSCIWSA-N,123743,hit,CID123743,NO_CID_19851199a60f,,hit,1,,1,1,1,1
674,O=C(O)/C=C/c1ccccc1F,True,O=C(O)C=Cc1ccccc1F,O=C(O)/C=C/c1ccccc1F,IOUDZAFBPDDAMK-AATRIKPKSA-N,735833,hit,CID735833,NO_CID_75e89ce2ee2a,,hit,1,,1,1,1,1
675,CC(C)[C@H](O)CC[C@@H](C)[C@H]1CC[C@H]2[C@@H]3CC=C4C[C@@H](O)CC[C@]4(C)[C@H]3CC[C@]12C,True,CC(C)C(O)CCC(C)C1CCC2C3CC=C4CC(O)CCC4(C)C3CCC12C,CC(C)[C@H](O)CC[C@@H](C)[C@H]1CC[C@H]2[C@@H]3CC=C4C[C@@H](O)CC[C@]4(C)[C@H]3CC[C@]12C,IOWMKBFJCNLRTC-RNCHBCSGSA-N,10135759,hit,CID10135759,NO_CID_4ecab6ac3c49,,hit,1,,1,1,1,1
676,CC(C)[C@@H](O)CC[C@@H](C)[C@H]1CC[C@H]2[C@@H]3CC=C4C[C@@H](O)CC[C@]4(C)[C@H]3CC[C@]12C,True,CC(C)C(O)CCC(C)C1CCC2C3CC=C4CC(O)CCC4(C)C3CCC12C,CC(C)[C@@H](O)CC[C@@H](C)[C@H]1CC[C@H]2[C@@H]3CC=C4C[C@@H](O)CC[C@]4(C)[C@H]3CC[C@]12C,IOWMKBFJCNLRTC-XWXSNNQWSA-N,121948,hit,CID121948,NO_CID_0b0d4daa203e,,hit,1,,1,1,1,1
677,COc1ccc2c(c1OC)C[N@+]1(C)CCc3cc4c(cc3[C@@H]1C2)OCO4,True,COc1ccc2c(c1OC)C[N+]1(C)CCc3cc4c(cc3C1C2)OCO4,COc1ccc2c(c1OC)C[N@+]1(C)CCc3cc4c(cc3[C@@H]1C2)OCO4,IPABSWBNWMXCHM-JTSKRJEESA-N,5460122,hit,CID5460122,NO_CID_32406147b630,,hit,1,,1,1,1,1
678,COc1ccc2c(c1OC)C[N+]1(C)CCc3cc4c(cc3[C@@H]1C2)OCO4,True,COc1ccc2c(c1OC)C[N+]1(C)CCc3cc4c(cc3C1C2)OCO4,COc1ccc2c(c1OC)C[N+]1(C)CCc3cc4c(cc3[C@@H]1C2)OCO4,IPABSWBNWMXCHM-LBOXEOMUSA-N,439844,hit,CID439844,NO_CID_708ea04d4180,,hit,1,,1,1,1,1
679,Cc1cccc2c1c(CC(N)C=O)c(C)n2C,True,Cc1cccc2c1c(CC(N)C=O)c(C)n2C,Cc1cccc2c1c(CC(N)C=O)c(C)n2C,IPBOMOUHAARMIQ-UHFFFAOYSA-N,,cid0_no_match,NO_CID_50de7ff39a91,NO_CID_50de7ff39a91,,cid0_no_match,0,,1,1,1,1
680,CCCCCCCCCCCCCCCC(=O)[O-],True,CCCCCCCCCCCCCCCC(=O)[O-],CCCCCCCCCCCCCCCC(=O)[O-],IPCSVZSSVZVIGE-UHFFFAOYSA-M,504166,hit,CID504166,NO_CID_38f7df91df2f,,hit,1,,1,1,1,1
681,CCCCCCCCCCCCCCCC(=O)O,True,CCCCCCCCCCCCCCCC(=O)O,CCCCCCCCCCCCCCCC(=O)O,IPCSVZSSVZVIGE-UHFFFAOYSA-N,985,hit,CID985,NO_CID_e2fda730cfbf,,hit,1,,1,1,1,1
682,CC(C)c1cc2c(cc1O)[C@@]1(C)CCCC(C)(C)[C@@H]1CC2=O,True,CC(C)c1cc2c(cc1O)C1(C)CCCC(C)(C)C1CC2=O,CC(C)c1cc2c(cc1O)[C@@]1(C)CCCC(C)(C)[C@@H]1CC2=O,IPEHJNRNYPOFII-AZUAARDMSA-N,94162,hit,CID94162,NO_CID_0218d55548f4,,hit,1,,1,1,1,1
683,Cn1cc(CC(N)C=O)c2ccc(N)cc21,True,Cn1cc(CC(N)C=O)c2ccc(N)cc21,Cn1cc(CC(N)C=O)c2ccc(N)cc21,IPMMMLOKPCDBSK-UHFFFAOYSA-N,,cid0_no_match,NO_CID_6600fe757bed,NO_CID_6600fe757bed,,cid0_no_match,0,,1,1,1,1
684,C=CC(C)(O)CC/C=C(\C)CC/C=C(\C)CCC=C(C)C,True,C=CC(C)(O)CCC=C(C)CCC=C(C)CCC=C(C)C,C=CC(C)(O)CC/C=C(\C)CC/C=C(\C)CCC=C(C)C,IQDXAJNQKSIPGB-HQSZAHFGSA-N,5365872,hit,CID5365872,NO_CID_c002d774469b,,hit,1,,1,1,1,1
685,C=C[C@@](C)(O)CC/C=C(\C)CC/C=C(\C)CCC=C(C)C,True,C=CC(C)(O)CCC=C(C)CCC=C(C)CCC=C(C)C,C=C[C@@](C)(O)CC/C=C(\C)CC/C=C(\C)CCC=C(C)C,IQDXAJNQKSIPGB-WAYIDIRISA-N,13118571,hit,CID13118571,NO_CID_3489e999a855,,hit,1,,1,1,1,1
686,C=C1CC[C@H](O)C/C1=C/C=C1\CCC[C@@]2(C)[C@H]1CC[C@@H]2[C@@](C)(O)CCCC(C)C,True,C=C1CCC(O)CC1=CC=C1CCCC2(C)C1CCC2C(C)(O)CCCC(C)C,C=C1CC[C@H](O)C/C1=C/C=C1\CCC[C@@]2(C)[C@H]1CC[C@@H]2[C@@](C)(O)CCCC(C)C,IQEQEOBGZMEDBQ-LBRHRNEPSA-N,46938678,hit,CID46938678,NO_CID_57f3a9ad7737,,hit,1,,1,1,1,1
687,C=CC(C)(C)C12C=C(O)C(=O)N3/C(=C/c4cnc[nH]4)C(=O)NC31Nc1ccccc12,True,C=CC(C)(C)C12C=C(O)C(=O)N3C(=Cc4cnc[nH]4)C(=O)NC31Nc1ccccc12,C=CC(C)(C)C12C=C(O)C(=O)N3/C(=C/c4cnc[nH]4)C(=O)NC31Nc1ccccc12,IQKCBJLWCVXJOG-CXUHLZMHSA-N,91820007,hit,CID91820007,NO_CID_c7c17c756836,,hit,1,,1,1,1,1
688,CC1(C)CCC=C([C@@H]2CC=C(C(=O)O)CC2)C1,True,CC1(C)CCC=C(C2CC=C(C(=O)O)CC2)C1,CC1(C)CCC=C([C@@H]2CC=C(C(=O)O)CC2)C1,IQKSHFZTCNUYOT-LLVKDONJSA-N,134716638,hit,CID134716638,NO_CID_90d2ec3cf76d,,hit,1,,1,1,1,1
689,O=c1cc(-c2ccc(O)c(O)c2)oc2cc(O)cc(O)c12,True,O=c1cc(-c2ccc(O)c(O)c2)oc2cc(O)cc(O)c12,O=c1cc(-c2ccc(O)c(O)c2)oc2cc(O)cc(O)c12,IQPNAANSBPBGFQ-UHFFFAOYSA-N,5280445,hit,CID5280445,NO_CID_39feb7124d04,,hit,1,,1,1,1,1
690,Cc1c(CC(N)C=O)c2cc(Cl)ccc2n1C,True,Cc1c(CC(N)C=O)c2cc(Cl)ccc2n1C,Cc1c(CC(N)C=O)c2cc(Cl)ccc2n1C,IRAONQCESQFNIK-UHFFFAOYSA-N,,cid0_no_match,NO_CID_548888862954,NO_CID_548888862954,,cid0_no_match,0,,1,1,1,1
691,CC1=CC[C@@]23C[C@@H]1C(C)(C)[C@@H]2CC[C@H]3C,True,CC1=CCC23CC1C(C)(C)C2CCC3C,CC1=CC[C@@]23C[C@@H]1C(C)(C)[C@@H]2CC[C@H]3C,IRAQOCYXUMOFCW-OSFYFWSMSA-N,6431015,hit,CID6431015,NO_CID_7ca4b43984c6,,hit,1,,1,1,1,1
692,C=Cc1ccc(C(=O)O)cc1,True,C=Cc1ccc(C(=O)O)cc1,C=Cc1ccc(C(=O)O)cc1,IRQWEODKXLDORP-UHFFFAOYSA-N,14098,hit,CID14098,NO_CID_49f6e2c81845,,hit,1,,1,0,1,1
693,CC(C)CC[C@@H](O)[C@](C)(O)[C@H]1CC[C@H]2[C@@H]3CC=C4C[C@@H](O)CC[C@]4(C)[C@H]3CC[C@]12C,True,CC(C)CCC(O)C(C)(O)C1CCC2C3CC=C4CC(O)CCC4(C)C3CCC21C,CC(C)CC[C@@H](O)[C@](C)(O)[C@H]1CC[C@H]2[C@@H]3CC=C4C[C@@H](O)CC[C@]4(C)[C@H]3CC[C@]12C,ISBSSBGEYIBVTO-TYKWNDPBSA-N,6453841,hit,CID6453841,NO_CID_49fc2ba6e1fc,,hit,1,,1,1,1,1
694,Cc1c(CC(N)C(=O)O)c2ccc(N)cc2n1C,True,Cc1c(CC(N)C(=O)O)c2ccc(N)cc2n1C,Cc1c(CC(N)C(=O)O)c2ccc(N)cc2n1C,ISWZRKXGTAUNSZ-UHFFFAOYSA-N,134259615,hit,CID134259615,NO_CID_466ae4a0d4fa,,hit,1,,1,1,1,1
695,Cc1[nH]c2cccc(N)c2c1CC(N)C(=O)O,True,Cc1[nH]c2cccc(N)c2c1CC(N)C(=O)O,Cc1[nH]c2cccc(N)c2c1CC(N)C(=O)O,ITODYNIAQJNFBJ-UHFFFAOYSA-N,134259609,hit,CID134259609,NO_CID_8e6f9bf88208,,hit,1,,1,1,1,1
696,O=C(O)CCCCCCCCCCBr,True,O=C(O)CCCCCCCCCCBr,O=C(O)CCCCCCCCCCBr,IUDGNRWYNOEIKF-UHFFFAOYSA-N,17812,hit,CID17812,NO_CID_5ee1e96e7aa0,,hit,1,,1,1,1,1
697,N#Cc1c[nH]c2c(Br)cc(Br)cc12,True,N#Cc1c[nH]c2c(Br)cc(Br)cc12,N#Cc1c[nH]c2c(Br)cc(Br)cc12,IVEGXYGMXKFJDG-UHFFFAOYSA-N,171935627,hit,CID171935627,NO_CID_f22ba69da7d5,,hit,1,,1,1,1,1
698,CC(C)[C@H]1CC[C@@]2(C)CC[C@]3(CO)CC4=C(C(=O)O)CC[C@H]4[C@]4(C)C[C@@H]4[C@H]3[C@H]12,True,CC(C)C1CCC2(C)CCC3(CO)CC4=C(C(=O)O)CCC4C4(C)CC4C3C12,CC(C)[C@H]1CC[C@@]2(C)CC[C@]3(CO)CC4=C(C(=O)O)CC[C@H]4[C@]4(C)C[C@@H]4[C@H]3[C@H]12,IVOQOKYIPJPDKP-LQAIXYHKSA-N,71578630,hit,CID71578630,NO_CID_744a5550f015,,hit,1,,1,1,1,1
699,CC(C)C1CCC2(C)CCC3(CO)CC4=C(C(=O)O)CCC4C4(C)CC4C3C12,True,CC(C)C1CCC2(C)CCC3(CO)CC4=C(C(=O)O)CCC4C4(C)CC4C3C12,CC(C)C1CCC2(C)CCC3(CO)CC4=C(C(=O)O)CCC4C4(C)CC4C3C12,IVOQOKYIPJPDKP-UHFFFAOYSA-N,78119401,hit,CID78119401,NO_CID_32396c30702d,,hit,1,,1,1,1,1
700,Cc1cccc(C)c1,True,Cc1cccc(C)c1,Cc1cccc(C)c1,IVSZLXZYQVIEFR-UHFFFAOYSA-N,7929,hit,CID7929,NO_CID_f666b55c117f,,hit,1,,1,1,1,1
701,Cc1ccc(O)cc1,True,Cc1ccc(O)cc1,Cc1ccc(O)cc1,IWDCLRJOBJJRNH-UHFFFAOYSA-N,2879,hit,CID2879,NO_CID_6f1b3105ba84,,hit,1,,1,1,1,1
702,CN(C)CCCCCOC1CCCCCCCCCCC1,True,CN(C)CCCCCOC1CCCCCCCCCCC1,CN(C)CCCCCOC1CCCCCCCCCCC1,IWMFMRACOCTPPO-UHFFFAOYSA-N,73330329,hit,CID73330329,NO_CID_ffd9b4bfb55d,,hit,1,,1,1,1,1
703,COc1cc(OC)cc(C(=O)O)c1,True,COc1cc(OC)cc(C(=O)O)c1,COc1cc(OC)cc(C(=O)O)c1,IWPZKOJSYQZABD-UHFFFAOYSA-N,14332,hit,CID14332,NO_CID_5309efe7296d,,hit,1,,1,1,1,1
704,Cn1cc(CC(N)C(=O)O)c2c(-c3ccccc3)cccc21,True,Cn1cc(CC(N)C(=O)O)c2c(-c3ccccc3)cccc21,Cn1cc(CC(N)C(=O)O)c2c(-c3ccccc3)cccc21,IWWDUHBNQRMRRB-UHFFFAOYSA-N,122499523,hit,CID122499523,NO_CID_2966cf7a1bba,,hit,1,,1,1,1,1
705,CCCCC[C@H](O)/C=C/C=C\C=C\C=C\[C@@H](O)[C@@H](O)CCCC(=O)O,True,CCCCCC(O)C=CC=CC=CC=CC(O)C(O)CCCC(=O)O,CCCCC[C@H](O)/C=C/C=C\C=C\C=C\[C@@H](O)[C@@H](O)CCCC(=O)O,IXAQOQZEOGMIQS-SSQFXEBMSA-N,5280914,hit,CID5280914,NO_CID_9651ce733b89,,hit,1,,1,1,1,1
706,C=C1CC23CC1(O)CCC2C12C=CC(O)C(C)(C(=O)O1)C2C3C(=O)O,True,C=C1CC23CC1(O)CCC2C12C=CC(O)C(C)(C(=O)O1)C2C3C(=O)O,C=C1CC23CC1(O)CCC2C12C=CC(O)C(C)(C(=O)O1)C2C3C(=O)O,IXORZMNAPKEEDV-UHFFFAOYSA-N,522636,hit,CID522636,NO_CID_b3dfc9fd3a9f,,hit,1,,1,1,1,1
707,CC(C)[C@H](C)[C@@H](O)[C@H](O)[C@@H](C)[C@H]1CC[C@H]2[C@@H]3COC(=O)[C@H]4C[C@H](O)[C@H](O)C[C@]4(C)[C@H]3CC[C@]12C,True,CC(C)C(C)C(O)C(O)C(C)C1CCC2C3COC(=O)C4CC(O)C(O)CC4(C)C3CCC12C,CC(C)[C@H](C)[C@@H](O)[C@H](O)[C@@H](C)[C@H]1CC[C@H]2[C@@H]3COC(=O)[C@H]4C[C@H](O)[C@H](O)C[C@]4(C)[C@H]3CC[C@]12C,IXVMHGVQKLDRKH-KNBKMWSGSA-N,115196,hit,CID115196,NO_CID_c30f34c98c73,,hit,1,,1,1,1,1
708,COc1ccc(C[C@H]2C(=O)OC[C@@H]2Cc2ccc3c(c2)OCO3)cc1OC,True,COc1ccc(CC2C(=O)OCC2Cc2ccc3c(c2)OCO3)cc1OC,COc1ccc(C[C@H]2C(=O)OC[C@@H]2Cc2ccc3c(c2)OCO3)cc1OC,IYBDDRJHJMFFBB-JKSUJKDBSA-N,94504,hit,CID94504,NO_CID_2e909e2290e8,,hit,1,,1,1,1,1
709,C=C[C@@]1(C)CC[C@H]2[C@@](O)(CC[C@H]3C(C)(C)CCC[C@@]32C)C1,True,C=CC1(C)CCC2C(O)(CCC3C(C)(C)CCCC32C)C1,C=C[C@@]1(C)CC[C@H]2[C@@](O)(CC[C@H]3C(C)(C)CCC[C@@]32C)C1,IYDAPILQPCDHTO-HHUCQEJWSA-N,13969544,hit,CID13969544,NO_CID_18f9c6b8f425,,hit,1,,1,1,1,1
710,CCCCc1oc2ccccc2c1C(=O)c1cc(I)c(OCCN(CC)CC)c(I)c1,True,CCCCc1oc2ccccc2c1C(=O)c1cc(I)c(OCCN(CC)CC)c(I)c1,CCCCc1oc2ccccc2c1C(=O)c1cc(I)c(OCCN(CC)CC)c(I)c1,IYIKLHRQXLHMJQ-UHFFFAOYSA-N,2157,hit,CID2157,NO_CID_91fc108bf526,,hit,1,,1,1,1,1
711,O=C1C2CC3CC(C2)CC1C3,True,O=C1C2CC3CC(C2)CC1C3,O=C1C2CC3CC(C2)CC1C3,IYKFYARMMIESOX-UHFFFAOYSA-N,64151,hit,CID64151,NO_CID_03b9b36b4414,,hit,1,,1,1,1,1
712,O=c1c(O)c(-c2ccc(O)cc2)oc2cc(O)cc(O)c12,True,O=c1c(O)c(-c2ccc(O)cc2)oc2cc(O)cc(O)c12,O=c1c(O)c(-c2ccc(O)cc2)oc2cc(O)cc(O)c12,IYRMWMYZSQPJKC-UHFFFAOYSA-N,5280863,hit,CID5280863,NO_CID_3811f42d3c15,,hit,1,,1,1,1,1
713,CC(C)C(=O)OC1CCCCC1,True,CC(C)C(=O)OC1CCCCC1,CC(C)C(=O)OC1CCCCC1,IYYXBWAISHVFEX-UHFFFAOYSA-N,70792,hit,CID70792,NO_CID_abff30d050fb,,hit,1,,1,1,1,1
714,CC(C)CCC[C@@H](C)[C@H]1CC[C@H]2C3=CC[C@H]4C[C@@H](O)CC[C@]4(C)[C@H]3CC[C@]12C,True,CC(C)CCCC(C)C1CCC2C3=CCC4CC(O)CCC4(C)C3CCC21C,CC(C)CCC[C@@H](C)[C@H]1CC[C@H]2C3=CC[C@H]4C[C@@H](O)CC[C@]4(C)[C@H]3CC[C@]12C,IZVFFXVYBHFIHY-SKCNUYALSA-N,65728,hit,CID65728,NO_CID_d173882b7f74,,hit,1,,1,1,1,1
715,CC1=C[C@@H]2C(=C(C)CC[C@H]2C(C)C)CC1=O,True,CC1=CC2C(=C(C)CCC2C(C)C)CC1=O,CC1=C[C@@H]2C(=C(C)CC[C@H]2C(C)C)CC1=O,IZZYGYDERUCSAO-JSGCOSHPSA-N,145714661,hit,CID145714661,NO_CID_53be52172611,,hit,1,,1,1,1,1
716,Cc1[nH]c2cc(C3CC3)ccc2c1CC(N)C(=O)O,True,Cc1[nH]c2cc(C3CC3)ccc2c1CC(N)C(=O)O,Cc1[nH]c2cc(C3CC3)ccc2c1CC(N)C(=O)O,JAGUZXPSNDEKGM-UHFFFAOYSA-N,122499520,hit,CID122499520,NO_CID_538ed956c524,,hit,1,,1,1,1,1
717,N[C@@H](Cc1ccc(O)cc1)C(=O)N[C@@H](Cc1ccc(O)cc1)C(=O)O,True,NC(Cc1ccc(O)cc1)C(=O)NC(Cc1ccc(O)cc1)C(=O)O,N[C@@H](Cc1ccc(O)cc1)C(=O)N[C@@H](Cc1ccc(O)cc1)C(=O)O,JAQGKXUEKGKTKX-HOTGVXAUSA-N,70590,hit,CID70590,NO_CID_008be399c40b,,hit,1,,1,1,0,1
718,CC(C)CC=NO,True,CC(C)CC=NO,CC(C)CC=NO,JAUPRNSQRRCCRR-UHFFFAOYSA-N,96469,hit,CID96469,NO_CID_257be7604d5e,,hit,1,,1,1,1,1
719,CC/C=C\C/C=C\C/C=C\C/C=C\C/C=C\CCCC(=O)O,True,CCC=CCC=CCC=CCC=CCC=CCCCC(=O)O,CC/C=C\C/C=C\C/C=C\C/C=C\C/C=C\CCCC(=O)O,JAZBEHYOTPTENJ-JLNKQSITSA-N,446284,hit,CID446284,NO_CID_e1f7bcdf70e7,,hit,1,,1,1,1,1
720,CCCCCC1OC1C/C=C\C/C=C\C/C=C\CCCC(=O)[O-],True,CCCCCC1OC1CC=CCC=CCC=CCCCC(=O)[O-],CCCCCC1OC1C/C=C\C/C=C\C/C=C\CCCC(=O)[O-],JBSCUHKPLGKXKH-ILYOTBPNSA-M,86583478,hit,CID86583478,NO_CID_39facb13b0e2,,hit,1,,1,1,1,1
721,C=C1C[C@@]23CC[C@H]4[C@@](C)(CCC[C@@]4(C)C=O)[C@@H]2CC[C@@H]1C3,True,C=C1CC23CCC4C(C)(C=O)CCCC4(C)C2CCC1C3,C=C1C[C@@]23CC[C@H]4[C@@](C)(CCC[C@@]4(C)C=O)[C@@H]2CC[C@@H]1C3,JCAVDWHQNFTFBW-XRNRSJMDSA-N,443466,hit,CID443466,NO_CID_717f9609fb58,,hit,1,,1,1,1,1
722,C=Cc1ccc2[nH]cc(CC(N)C(=O)O)c2c1,True,C=Cc1ccc2[nH]cc(CC(N)C(=O)O)c2c1,C=Cc1ccc2[nH]cc(CC(N)C(=O)O)c2c1,JCDRMRKXHCGFQX-UHFFFAOYSA-N,122499603,hit,CID122499603,NO_CID_9d98b3a758da,,hit,1,,1,1,1,1
723,CC1(C)[C@@H](O)CC[C@]2(C)[C@H]3C(=O)C=C4[C@@H]5C[C@@](C)(CO)CC[C@]5(C)CC[C@@]4(C)[C@]3(C)CC[C@@H]12,True,CC1(CO)CCC2(C)CCC3(C)C(=CC(=O)C4C5(C)CCC(O)C(C)(C)C5CCC43C)C2C1,CC1(C)[C@@H](O)CC[C@]2(C)[C@H]3C(=O)C=C4[C@@H]5C[C@@](C)(CO)CC[C@]5(C)CC[C@@]4(C)[C@]3(C)CC[C@@H]12,JCGXIYQLRYPHDG-DQOTWGJISA-N,12310283,hit,CID12310283,NO_CID_82de28c03504,,hit,1,,1,1,1,1
724,CCCCCC(/C=C/C=C\CCCCCCCC(=O)O)OO,True,CCCCCC(C=CC=CCCCCCCCC(=O)O)OO,CCCCCC(/C=C/C=C\CCCCCCCC(=O)O)OO,JDSRHVWSAMTSSN-BSZOFBHHSA-N,6437847,hit,CID6437847,NO_CID_727765fe2e31,,hit,1,,1,1,1,1
725,CCCCC[C@@H](/C=C/C=C\CCCCCCCC(=O)[O-])OO,True,CCCCCC(C=CC=CCCCCCCCC(=O)[O-])OO,CCCCC[C@@H](/C=C/C=C\CCCCCCCC(=O)[O-])OO,JDSRHVWSAMTSSN-IRQZEAMPSA-M,21158461,hit,CID21158461,NO_CID_2657f8f9c0e1,,hit,1,,1,1,1,1
726,CCCCC[C@@H](/C=C/C=C\CCCCCCCC(=O)O)OO,True,CCCCCC(C=CC=CCCCCCCCC(=O)O)OO,CCCCC[C@@H](/C=C/C=C\CCCCCCCC(=O)O)OO,JDSRHVWSAMTSSN-IRQZEAMPSA-N,5280720,hit,CID5280720,NO_CID_1292542a8f66,,hit,1,,1,1,1,1
727,CCCCCC(/C=C/C=C/CCCCCCCC(=O)O)OO,True,CCCCCC(C=CC=CCCCCCCCC(=O)O)OO,CCCCCC(/C=C/C=C/CCCCCCCC(=O)O)OO,JDSRHVWSAMTSSN-KDFHGORWSA-N,5353275,hit,CID5353275,NO_CID_39141bc54fed,,hit,1,,1,1,1,1
728,CCCCCC(C=CC=CCCCCCCCC(=O)[O-])OO,True,CCCCCC(C=CC=CCCCCCCCC(=O)[O-])OO,CCCCCC(C=CC=CCCCCCCCC(=O)[O-])OO,JDSRHVWSAMTSSN-UHFFFAOYSA-M,73746063,hit,CID73746063,NO_CID_17386e0aed4e,,hit,1,,1,1,1,1
729,CC(C)[C@@H]1CC[C@@]2(C)C[C@H]3[C@@H](C)CC[C@@H]3[C@](C)(O)C/C=C/12,True,CC(C)C1CCC2(C)CC3C(C)CCC3C(C)(O)CC=C12,CC(C)[C@@H]1CC[C@@]2(C)C[C@H]3[C@@H](C)CC[C@@H]3[C@](C)(O)C/C=C/12,JEGYHIKVYHOKQY-IWDUGTBHSA-N,163195201,hit,CID163195201,NO_CID_cf233e19f188,,hit,1,,1,1,1,1
730,CC(C)[C@H]1CC[C@]2(C)C[C@@H]3[C@H](C)CC[C@H]3[C@@](C)(O)C/C=C/12,True,CC(C)C1CCC2(C)CC3C(C)CCC3C(C)(O)CC=C12,CC(C)[C@H]1CC[C@]2(C)C[C@@H]3[C@H](C)CC[C@H]3[C@@](C)(O)C/C=C/12,JEGYHIKVYHOKQY-PNDCXJIESA-N,146682186,hit,CID146682186,NO_CID_483637ecf36b,,hit,1,,1,1,1,1
731,CC(C)C1CCC2(C)CC3C(C)CCC3C(C)(O)CC=C12,True,CC(C)C1CCC2(C)CC3C(C)CCC3C(C)(O)CC=C12,CC(C)C1CCC2(C)CC3C(C)CCC3C(C)(O)CC=C12,JEGYHIKVYHOKQY-UHFFFAOYSA-N,163110008,hit,CID163110008,NO_CID_55ee365f5b19,,hit,1,,1,1,1,1
732,CC(=O)[C@@]1(O)CC[C@H]2[C@@H]3CC=C4C[C@@H](O)CC[C@]4(C)[C@H]3CC[C@@]21C,True,CC(=O)C1(O)CCC2C3CC=C4CC(O)CCC4(C)C3CCC21C,CC(=O)[C@@]1(O)CC[C@H]2[C@@H]3CC=C4C[C@@H](O)CC[C@]4(C)[C@H]3CC[C@@]21C,JERGUCIJOXJXHF-TVWVXWENSA-N,91451,rescued_retry,CID91451,NO_CID_41f5c5d38b4e,,rescued_retry,1,URLError: <urlopen error [SSL: UNEXPECTED_EOF_WHILE_READING] EOF occurred in violation of protocol (_ssl.c:1000)>,1,1,1,1
733,CC(C)=CCC/C(C)=C\CNCCNC1C2CC3CC(C2)CC1C3,True,CC(C)=CCCC(C)=CCNCCNC1C2CC3CC(C2)CC1C3,CC(C)=CCC/C(C)=C\CNCCNC1C2CC3CC(C2)CC1C3,JFIBVDBTCDTBRH-IDUWFGFVSA-N,22315759,hit,CID22315759,NO_CID_ded3de8c5985,,hit,1,,1,1,1,1
734,CCCCc1ccc(C(=O)O)cc1,True,CCCCc1ccc(C(=O)O)cc1,CCCCc1ccc(C(=O)O)cc1,JFKUBRAOUZEZSL-UHFFFAOYSA-N,88631,hit,CID88631,NO_CID_754128123e67,,hit,1,,1,1,1,1
735,C=C(C)C1CCC2(C)C1CCC1(C)CC=C(C)CCC=C(C)CCC12,True,C=C(C)C1CCC2(C)C1CCC1(C)CC=C(C)CCC=C(C)CCC12,C=C(C)C1CCC2(C)C1CCC1(C)CC=C(C)CCC=C(C)CCC12,JFQLHYSXZPELNV-UHFFFAOYSA-N,139584369,hit,CID139584369,NO_CID_b43800148ded,,hit,1,,1,1,1,1
736,CC1(C)CC[C@]2(C)CC[C@]3(C)C(=CCC4[C@@]5(C)CC[C@H](O)C(C)(C)C5CC[C@]43C)C2C1,True,CC1(C)CCC2(C)CCC3(C)C(=CCC4C5(C)CCC(O)C(C)(C)C5CCC43C)C2C1,CC1(C)CC[C@]2(C)CC[C@]3(C)C(=CCC4[C@@]5(C)CC[C@H](O)C(C)(C)C5CC[C@]43C)C2C1,JFSHUTJDVKUMTJ-KOMNAURRSA-N,6708529,hit,CID6708529,NO_CID_0b053e75e01b,,hit,1,,1,1,1,1
737,CC1(C)CC[C@]2(C)CC[C@]3(C)C(=CC[C@@H]4[C@@]5(C)CC[C@H](O)C(C)(C)[C@@H]5CC[C@]43C)[C@@H]2C1,True,CC1(C)CCC2(C)CCC3(C)C(=CCC4C5(C)CCC(O)C(C)(C)C5CCC43C)C2C1,CC1(C)CC[C@]2(C)CC[C@]3(C)C(=CC[C@@H]4[C@@]5(C)CC[C@H](O)C(C)(C)[C@@H]5CC[C@]43C)[C@@H]2C1,JFSHUTJDVKUMTJ-QHPUVITPSA-N,73145,hit,CID73145,NO_CID_a37b6ca0a46a,,hit,1,,1,1,1,1
738,CC1(C)CCC2(C)CCC3(C)C(=CCC4C5(C)CCC(O)C(C)(C)C5CCC43C)C2C1,True,CC1(C)CCC2(C)CCC3(C)C(=CCC4C5(C)CCC(O)C(C)(C)C5CCC43C)C2C1,CC1(C)CCC2(C)CCC3(C)C(=CCC4C5(C)CCC(O)C(C)(C)C5CCC43C)C2C1,JFSHUTJDVKUMTJ-UHFFFAOYSA-N,225689,hit,CID225689,NO_CID_6763afa4870e,,hit,1,,1,1,1,1
739,CCCCC/C=C/C=C/C(CCCCCCCC(=O)O)OO,True,CCCCCC=CC=CC(CCCCCCCC(=O)O)OO,CCCCC/C=C/C=C/C(CCCCCCCC(=O)O)OO,JGUNZIWGNMQSBM-SIGMCMEVSA-N,5282856,hit,CID5282856,NO_CID_a126c396af46,,hit,1,,1,1,1,1
740,CCCCCC=CC=CC(CCCCCCCC(=O)[O-])OO,True,CCCCCC=CC=CC(CCCCCCCC(=O)[O-])OO,CCCCCC=CC=CC(CCCCCCCC(=O)[O-])OO,JGUNZIWGNMQSBM-UHFFFAOYSA-M,25201861,hit,CID25201861,NO_CID_7a3ffb24cf47,,hit,1,,1,1,1,1
741,CCCCC/C=C\C=C\[C@H](CCCCCCCC(=O)[O-])OO,True,CCCCCC=CC=CC(CCCCCCCC(=O)[O-])OO,CCCCC/C=C\C=C\[C@H](CCCCCCCC(=O)[O-])OO,JGUNZIWGNMQSBM-UINYOVNOSA-M,49852425,hit,CID49852425,NO_CID_4b06584a315a,,hit,1,,1,1,1,1
742,CCCCC/C=C\C=C\[C@H](CCCCCCCC(=O)O)OO,True,CCCCCC=CC=CC(CCCCCCCC(=O)O)OO,CCCCC/C=C\C=C\[C@H](CCCCCCCC(=O)O)OO,JGUNZIWGNMQSBM-UINYOVNOSA-N,9548877,hit,CID9548877,NO_CID_f20b5fd2bffa,,hit,1,,1,1,1,1
743,CC(=O)OC1CC2(C)C3=C(CCC2C(C)(C)C1OC1OC(CO)C(O)C(O)C1O)C1(C)CCC2(C)C(C(C)C)CCC2C1(C)CC3,True,CC(=O)OC1CC2(C)C3=C(CCC2C(C)(C)C1OC1OC(CO)C(O)C(O)C1O)C1(C)CCC2(C)C(C(C)C)CCC2C1(C)CC3,CC(=O)OC1CC2(C)C3=C(CCC2C(C)(C)C1OC1OC(CO)C(O)C(O)C1O)C1(C)CCC2(C)C(C(C)C)CCC2C1(C)CC3,JHPRINUVFRMYDG-UHFFFAOYSA-N,,cid0_no_match,NO_CID_b5d4c374aabd,NO_CID_b5d4c374aabd,,cid0_no_match,0,,1,1,1,1
744,CNc1c(C)n(C)n(-c2ccccc2)c1=O,True,CNc1c(C)n(C)n(-c2ccccc2)c1=O,CNc1c(C)n(C)n(-c2ccccc2)c1=O,JILCEWWZTBBOFS-UHFFFAOYSA-N,10618,hit,CID10618,NO_CID_9bf96bc8a846,,hit,1,,1,1,1,1
745,O=c1c2cc(O)ccc2oc2cc(O)cc(O)c12,True,O=c1c2cc(O)ccc2oc2cc(O)cc(O)c12,O=c1c2cc(O)ccc2oc2cc(O)cc(O)c12,JJUNZBRHHGLJQW-UHFFFAOYSA-N,5281635,hit,CID5281635,NO_CID_8f01e70d0de6,,hit,1,,1,1,1,1
746,CC(=O)O[C@@H]1O[C@@H]([C@@H]2OC2(C)C)C[C@H]1[C@@H]1CC=C2[C@]3(C)[C@H](O)C[C@H]4C(C)(C)C(=O)CC[C@]4(C)[C@H]3CC[C@]21C,True,CC(=O)OC1OC(C2OC2(C)C)CC1C1CC=C2C1(C)CCC1C3(C)CCC(=O)C(C)(C)C3CC(O)C21C,CC(=O)O[C@@H]1O[C@@H]([C@@H]2OC2(C)C)C[C@H]1[C@@H]1CC=C2[C@]3(C)[C@H](O)C[C@H]4C(C)(C)C(=O)CC[C@]4(C)[C@H]3CC[C@]21C,JJYFVZGESRUJQK-AGQLLGOFSA-N,102117194,hit,CID102117194,NO_CID_1b4d1575b591,,hit,1,,1,1,1,1
747,COc1cccc2oc3c4c(cc(OC)c3c(=O)c12)O[C@H]1OC=C[C@@H]41,True,COc1cccc2oc3c4c(cc(OC)c3c(=O)c12)OC1OC=CC41,COc1cccc2oc3c4c(cc(OC)c3c(=O)c12)O[C@H]1OC=C[C@@H]41,JKUJKKGMOZDDJV-ZRNGKTOUSA-N,104940,hit,CID104940,NO_CID_31b46bc6e7ba,,hit,1,,1,1,1,1
748,C=Cc1ccc(C)cc1,True,C=Cc1ccc(C)cc1,C=Cc1ccc(C)cc1,JLBJTVDPSNHSKJ-UHFFFAOYSA-N,12161,hit,CID12161,NO_CID_397394877579,,hit,1,,1,1,1,1
749,CC1=CC(=O)CC(C)(C)[C@@]1(O)/C=C/C(C)=C\C(=O)[O-],True,CC(C=CC1(O)C(C)=CC(=O)CC1(C)C)=CC(=O)[O-],CC1=CC(=O)CC(C)(C)[C@@]1(O)/C=C/C(C)=C\C(=O)[O-],JLIDBLDQVAYHNE-YKALOCIXSA-M,7251168,hit,CID7251168,NO_CID_cd159f09a540,,hit,1,,1,1,1,1
750,CC1=CC(=O)CC(C)(C)[C@@]1(O)/C=C/C(C)=C\C(=O)O,True,CC(C=CC1(O)C(C)=CC(=O)CC1(C)C)=CC(=O)O,CC1=CC(=O)CC(C)(C)[C@@]1(O)/C=C/C(C)=C\C(=O)O,JLIDBLDQVAYHNE-YKALOCIXSA-N,5280896,hit,CID5280896,NO_CID_de3a54c06e08,,hit,1,,1,1,1,1
751,COc1cc(/C=C/CO)ccc1O,True,COc1cc(C=CCO)ccc1O,COc1cc(/C=C/CO)ccc1O,JMFRWRFFLBVWSI-NSCUHMNNSA-N,1549095,hit,CID1549095,NO_CID_9442c66a4960,,hit,1,,1,1,1,1
752,CC(C)CCC[C@@H](C)[C@H]1CC[C@@]2(C=C3CC3)C3=CC[C@@H]4C(C)(C)[C@@H](O)CC[C@]4(C)[C@@H]3CC[C@]12C,True,CC(C)CCCC(C)C1CCC2(C=C3CC3)C3=CCC4C(C)(C)C(O)CCC4(C)C3CCC12C,CC(C)CCC[C@@H](C)[C@H]1CC[C@@]2(C=C3CC3)C3=CC[C@@H]4C(C)(C)[C@@H](O)CC[C@]4(C)[C@@H]3CC[C@]12C,JMJLBCGVSMHFQK-SIDBGHOXSA-N,53497560,hit,CID53497560,NO_CID_38dbe2ae95e0,,hit,1,,1,1,1,1
753,CC(C)c1ccc2c(c1)[C@@H](O)C[C@H]1C(C)(C)CCC[C@]21C,True,CC(C)c1ccc2c(c1)C(O)CC1C(C)(C)CCCC21C,CC(C)c1ccc2c(c1)[C@@H](O)C[C@H]1C(C)(C)CCC[C@]21C,JMYBTVXXLMTVKS-CMKODMSKSA-N,21632830,hit,CID21632830,NO_CID_a56275c9af99,,hit,1,,1,1,1,1
754,C[C@@H]1[C@H]2[C@H](O[C@@H]3O[C@H](CO)[C@@H](O)[C@H](O)[C@H]3O)OC=C(C(=O)O)[C@H]2C[C@@H]1O,True,CC1C(O)CC2C(C(=O)O)=COC(OC3OC(CO)C(O)C(O)C3O)C21,C[C@@H]1[C@H]2[C@H](O[C@@H]3O[C@H](CO)[C@@H](O)[C@H](O)[C@H]3O)OC=C(C(=O)O)[C@H]2C[C@@H]1O,JNNGEAWILNVFFD-CDJYTOATSA-N,89640,hit,CID89640,NO_CID_b1203a9d7645,,hit,1,,1,1,1,1
755,Cc1ccc(OP(=O)(O)O)cc1,True,Cc1ccc(OP(=O)(O)O)cc1,Cc1ccc(OP(=O)(O)O)cc1,JNUCNIFVQZYOCP-UHFFFAOYSA-N,12241338,hit,CID12241338,NO_CID_9a8f4879e81a,,hit,1,,1,1,1,1
756,CCCCC/C=C\C/C=C\C/C=C\C=C\[C@H](CCCC(=O)[O-])OO,True,CCCCCC=CCC=CCC=CC=CC(CCCC(=O)[O-])OO,CCCCC/C=C\C/C=C\C/C=C\C=C\[C@H](CCCC(=O)[O-])OO,JNUUNUQHXIOFDA-JGKLHWIESA-M,21158466,hit,CID21158466,NO_CID_6ac6937e27cb,,hit,1,,1,1,1,1
757,CCCCC/C=C\C/C=C\C/C=C\C=C\[C@H](CCCC(=O)O)OO,True,CCCCCC=CCC=CCC=CC=CC(CCCC(=O)O)OO,CCCCC/C=C\C/C=C\C/C=C\C=C\[C@H](CCCC(=O)O)OO,JNUUNUQHXIOFDA-JGKLHWIESA-N,5280778,hit,CID5280778,NO_CID_d8666921ee9a,,hit,1,,1,1,1,1
758,CC(C)=CCC[C@H](C)[C@H]1CC[C@]2(C)C[C@H]3[C@H](CC[C@@]3(C)O)/C(C)=C\C[C@@H]12,True,CC(C)=CCCC(C)C1CCC2(C)CC3C(CCC3(C)O)C(C)=CCC12,CC(C)=CCC[C@H](C)[C@H]1CC[C@]2(C)C[C@H]3[C@H](CC[C@@]3(C)O)/C(C)=C\C[C@@H]12,JNYWQVTXIGGOTC-AIKDQUDGSA-N,46173837,hit,CID46173837,NO_CID_dd5ad8a24d02,,hit,1,,1,1,1,1
759,CC(C)=CCCC(C)C1CCC2(C)CC3C(CCC3(C)O)C(C)=CCC12,True,CC(C)=CCCC(C)C1CCC2(C)CC3C(CCC3(C)O)C(C)=CCC12,CC(C)=CCCC(C)C1CCC2(C)CC3C(CCC3(C)O)C(C)=CCC12,JNYWQVTXIGGOTC-UHFFFAOYSA-N,75144748,hit,CID75144748,NO_CID_8a4f31937968,,hit,1,,1,1,1,1
760,CC1(C)CC[C@]2(C)CC[C@]3(C)C(=C2C1)CC[C@@H]1[C@@]2(C)CC[C@H](O)C(C)(C)[C@@H]2CC[C@]13C,True,CC1(C)CCC2(C)CCC3(C)C(=C2C1)CCC1C2(C)CCC(O)C(C)(C)C2CCC13C,CC1(C)CC[C@]2(C)CC[C@]3(C)C(=C2C1)CC[C@@H]1[C@@]2(C)CC[C@H](O)C(C)(C)[C@@H]2CC[C@]13C,JOCIRBSYAYKMEF-YDPPSCFKSA-N,12358447,hit,CID12358447,NO_CID_ea0d3cc2c013,,hit,1,,1,1,1,1
761,[N-]=[N+]=NC12CC3CC(CC(C3)C1)C2,True,[N-]=[N+]=NC12CC3CC(CC(C3)C1)C2,[N-]=[N+]=NC12CC3CC(CC(C3)C1)C2,JOMZSYXWYOVFEE-UHFFFAOYSA-N,357114,hit,CID357114,NO_CID_62434cf93a37,,hit,1,,1,1,1,1
762,CC(=O)OCCC(C)CCC=C(C)C,True,CC(=O)OCCC(C)CCC=C(C)C,CC(=O)OCCC(C)CCC=C(C)C,JOZKFWLRHCDGJA-UHFFFAOYSA-N,9017,hit,CID9017,NO_CID_d72219cddd76,,hit,1,,1,1,1,1
763,COc1cc(O)c2c(=O)cc(-c3ccc(O)cc3)oc2c1,True,COc1cc(O)c2c(=O)cc(-c3ccc(O)cc3)oc2c1,COc1cc(O)c2c(=O)cc(-c3ccc(O)cc3)oc2c1,JPMYFOBNRRGFNO-UHFFFAOYSA-N,5281617,hit,CID5281617,NO_CID_03525ae31e55,,hit,1,,1,1,1,1
764,Cn1cc(CC(N)C(=O)O)c2ccc(O)cc21,True,Cn1cc(CC(N)C(=O)O)c2ccc(O)cc21,Cn1cc(CC(N)C(=O)O)c2ccc(O)cc21,JPPYRRADCUMEQO-UHFFFAOYSA-N,82663458,hit,CID82663458,NO_CID_120e3671e687,,hit,1,,1,1,1,1
765,CSc1cccc2c1c(CC(N)C=O)c(C)n2C,True,CSc1cccc2c1c(CC(N)C=O)c(C)n2C,CSc1cccc2c1c(CC(N)C=O)c(C)n2C,JPSBXESUVCBFEV-UHFFFAOYSA-N,,cid0_no_match,NO_CID_4750a5e5972c,NO_CID_4750a5e5972c,,cid0_no_match,0,,1,1,1,1
766,CC(C)CCC[C@@H](C)[C@H]1CC[C@H]2[C@@H]3CC(=O)[C@@H]4C[C@@H](O)CC[C@]4(C)[C@H]3CC[C@]12C,True,CC(C)CCCC(C)C1CCC2C3CC(=O)C4CC(O)CCC4(C)C3CCC12C,CC(C)CCC[C@@H](C)[C@H]1CC[C@H]2[C@@H]3CC(=O)[C@@H]4C[C@@H](O)CC[C@]4(C)[C@H]3CC[C@]12C,JQMQKOQOLPGBBE-BUYVBUJJSA-N,92278124,hit,CID92278124,NO_CID_99ea9706b740,,hit,1,,1,1,1,1
767,CC(C)=CCC[C@](C)(O[C@@H]1O[C@H](CO)[C@@H](O)[C@H](O)[C@H]1O)[C@H]1CC[C@]2(C)[C@@H]1CC[C@@H]1[C@@]3(C)CC[C@H](O)C(C)(C)[C@@H]3CC[C@]12C,True,CC(C)=CCCC(C)(OC1OC(CO)C(O)C(O)C1O)C1CCC2(C)C1CCC1C3(C)CCC(O)C(C)(C)C3CCC12C,CC(C)=CCC[C@](C)(O[C@@H]1O[C@H](CO)[C@@H](O)[C@H](O)[C@H]1O)[C@H]1CC[C@]2(C)[C@@H]1CC[C@@H]1[C@@]3(C)CC[C@H](O)C(C)(C)[C@@H]3CC[C@]12C,JQOUYGJYNQSCQP-UZTNOJNJSA-N,132574557,hit,CID132574557,NO_CID_95cb7cdb5242,,hit,1,,1,1,1,1
768,C=CC1=CC[C@@H]2[C@H](CC[C@@H]3C(C)(C)CCC[C@@]23C)[C@@H]1C,True,C=CC1=CCC2C(CCC3C(C)(C)CCCC23C)C1C,C=CC1=CC[C@@H]2[C@H](CC[C@@H]3C(C)(C)CCC[C@@]23C)[C@@H]1C,JQPDOKGAOXSRJD-SVEODPQUSA-N,11471283,hit,CID11471283,NO_CID_c8c752dfa566,,hit,1,,1,1,1,1
769,COc1cc(CC2CNC(Cc3ccccc3)CN2C(=O)C=Cc2ccccc2)cc(OC)c1O,True,COc1cc(CC2CNC(Cc3ccccc3)CN2C(=O)C=Cc2ccccc2)cc(OC)c1O,COc1cc(CC2CNC(Cc3ccccc3)CN2C(=O)C=Cc2ccccc2)cc(OC)c1O,JRBUGAHICHRVSG-UHFFFAOYSA-N,,cid0_no_match,NO_CID_990be47679a2,NO_CID_990be47679a2,,cid0_no_match,0,,1,1,1,1
770,CCc1ccc(C)cc1,True,CCc1ccc(C)cc1,CCc1ccc(C)cc1,JRLPEMVDPFPYPJ-UHFFFAOYSA-N,12160,hit,CID12160,NO_CID_fbfaaf816bb7,,hit,1,,1,1,1,1
771,CCCCCC(O)/C=C/C=C\C/C=C\C/C=C\CCCC(=O)[O-],True,CCCCCC(O)C=CC=CCC=CCC=CCCCC(=O)[O-],CCCCCC(O)/C=C/C=C\C/C=C\C/C=C\CCCC(=O)[O-],JSFATNQSLKRBCI-USWFWKISSA-M,86289658,hit,CID86289658,NO_CID_30dce7e108cb,,hit,1,,1,1,1,1
772,C=CC(=C)CC/C=C(\C)CCC=C(C)C,True,C=CC(=C)CCC=C(C)CCC=C(C)C,C=CC(=C)CC/C=C(\C)CCC=C(C)C,JSNRRGGBADWTMC-NTCAYCPXSA-N,5281517,hit,CID5281517,NO_CID_0293e04775c8,,hit,1,,1,1,1,1
773,CC(C)[C@H](C)C[C@H](O)[C@@H](C)[C@H]1CC[C@H]2[C@@H]3CC(=O)[C@H]4C[C@@H](O)CC[C@]4(C)[C@H]3CC[C@]12C,True,CC(C)C(C)CC(O)C(C)C1CCC2C3CC(=O)C4CC(O)CCC4(C)C3CCC12C,CC(C)[C@H](C)C[C@H](O)[C@@H](C)[C@H]1CC[C@H]2[C@@H]3CC(=O)[C@H]4C[C@@H](O)CC[C@]4(C)[C@H]3CC[C@]12C,JSVPGVHCEQDJCZ-VGEHDTSWSA-N,15341086,hit,CID15341086,NO_CID_e45ffdcd24d8,,hit,1,,1,1,1,1
774,Cn1cc(CC(N)C(=O)O)c2c(N)cccc21,True,Cn1cc(CC(N)C(=O)O)c2c(N)cccc21,Cn1cc(CC(N)C(=O)O)c2c(N)cccc21,JTRFRWWPAAJAEI-UHFFFAOYSA-N,122499505,hit,CID122499505,NO_CID_c8d8f3970a83,,hit,1,,1,1,1,1
775,O=C(O)CCCCCc1ccccc1,True,O=C(O)CCCCCc1ccccc1,O=C(O)CCCCCc1ccccc1,JTXZPQIXIXYMDY-UHFFFAOYSA-N,79695,hit,CID79695,NO_CID_8af224a50c83,,hit,1,,1,1,1,1
776,Nc1cccc2[nH]cc(CC(N)C(=O)O)c12,True,Nc1cccc2[nH]cc(CC(N)C(=O)O)c12,Nc1cccc2[nH]cc(CC(N)C(=O)O)c12,JUDQOTGDEFNIKF-UHFFFAOYSA-N,57484488,hit,CID57484488,NO_CID_42410e0704da,,hit,1,,1,1,1,1
777,CC(C=O)CCC[C@@H](C)[C@H]1CC[C@H]2[C@@H]3CC=C4C[C@@H](O)CC[C@]4(C)[C@H]3CC[C@]12C,True,CC(C=O)CCCC(C)C1CCC2C3CC=C4CC(O)CCC4(C)C3CCC12C,CC(C=O)CCC[C@@H](C)[C@H]1CC[C@H]2[C@@H]3CC=C4C[C@@H](O)CC[C@]4(C)[C@H]3CC[C@]12C,JUGXQEJPWDYOJV-CCDZVGGQSA-N,53975001,hit,CID53975001,NO_CID_9407d612e19a,,hit,1,,1,1,1,1
778,C[C@H](CCC[C@@H](C)C=O)[C@H]1CC[C@H]2[C@@H]3CC=C4C[C@@H](O)CC[C@]4(C)[C@H]3CC[C@]12C,True,CC(C=O)CCCC(C)C1CCC2C3CC=C4CC(O)CCC4(C)C3CCC12C,C[C@H](CCC[C@@H](C)C=O)[C@H]1CC[C@H]2[C@@H]3CC=C4C[C@@H](O)CC[C@]4(C)[C@H]3CC[C@]12C,JUGXQEJPWDYOJV-YSQMORBQSA-N,91825744,hit,CID91825744,NO_CID_df7f2b0051a7,,hit,1,,1,1,1,1
779,C=Cc1ccc2c(CC(N)C(=O)O)c(C)n(C)c2c1,True,C=Cc1ccc2c(CC(N)C(=O)O)c(C)n(C)c2c1,C=Cc1ccc2c(CC(N)C(=O)O)c(C)n(C)c2c1,JUKAWSJTGIMDHA-UHFFFAOYSA-N,122499663,hit,CID122499663,NO_CID_d799aaac1f6f,,hit,1,,1,1,1,1
780,CC(=O)[C@@]1(O)[C@H](O)C[C@H]2[C@@H]3CC=C4C[C@@H](O)CC[C@]4(C)[C@H]3CC[C@@]21C,True,CC(=O)C1(O)C(O)CC2C3CC=C4CC(O)CCC4(C)C3CCC21C,CC(=O)[C@@]1(O)[C@H](O)C[C@H]2[C@@H]3CC=C4C[C@@H](O)CC[C@]4(C)[C@H]3CC[C@@]21C,JUTWIBFBXPFWGP-XXHSLLPRSA-N,102041888,hit,CID102041888,NO_CID_51b3f866ac8c,,hit,1,,1,1,1,1
781,CN[C@H](C(=O)N[C@H](CO)Cc1csc2ccccc12)C(C)C,True,CNC(C(=O)NC(CO)Cc1csc2ccccc12)C(C)C,CN[C@H](C(=O)N[C@H](CO)Cc1csc2ccccc12)C(C)C,JVLQZVOPXODEAB-BBRMVZONSA-N,138756789,hit,CID138756789,NO_CID_adaac9d46ce0,,hit,1,,1,1,1,1
782,C=CCc1cccc(C)c1,True,C=CCc1cccc(C)c1,C=CCc1cccc(C)c1,JVQAREFZPKBHPG-UHFFFAOYSA-N,523709,hit,CID523709,NO_CID_f56e72f9c883,,hit,1,,1,1,1,1
783,CC(=O)N1C[C@H](Cc2c[nH]c3ccccc23)[NH2+]C[C@@H]1C(C)C,True,CC(=O)N1CC(Cc2c[nH]c3ccccc23)[NH2+]CC1C(C)C,CC(=O)N1C[C@H](Cc2c[nH]c3ccccc23)[NH2+]C[C@@H]1C(C)C,JVZUCUIAAXEGRI-MAUKXSAKSA-O,172429325,hit,CID172429325,NO_CID_6ae08b1b22e8,,hit,1,,1,1,1,1
784,Oc1ccc2ccccc2c1,True,Oc1ccc2ccccc2c1,Oc1ccc2ccccc2c1,JWAZRIHNYRIHIV-UHFFFAOYSA-N,8663,hit,CID8663,NO_CID_45a524c6b788,,hit,1,,1,1,1,1
785,Cc1[nH]c2cccc(C)c2c1CC(N)C(=O)O,True,Cc1[nH]c2cccc(C)c2c1CC(N)C(=O)O,Cc1[nH]c2cccc(C)c2c1CC(N)C(=O)O,JWFSATGGGOBGTQ-UHFFFAOYSA-N,112483688,hit,CID112483688,NO_CID_c4c83165e9c4,,hit,1,,1,1,1,1
786,CCC1CCC2C3CCC4CCCCC4(C)C3CCC12C,True,CCC1CCC2C3CCC4CCCCC4(C)C3CCC12C,CCC1CCC2C3CCC4CCCCC4(C)C3CCC12C,JWMFYGXQPXQEEM-UHFFFAOYSA-N,12547,hit,CID12547,NO_CID_55efb56b2d69,,hit,1,,1,1,1,1
787,C=C1CC[C@H](O)C/C1=C/C=C1\CCC[C@]2(C)[C@@H]([C@H](C)CCCC(C)(C)O)CC[C@@H]12,True,C=C1CCC(O)CC1=CC=C1CCCC2(C)C1CCC2C(C)CCCC(C)(C)O,C=C1CC[C@H](O)C/C1=C/C=C1\CCC[C@]2(C)[C@@H]([C@H](C)CCCC(C)(C)O)CC[C@@H]12,JWUBBDSIWDLEOM-DTOXIADCSA-N,5283731,hit,CID5283731,NO_CID_728f14646aba,,hit,1,,1,1,1,1
788,C=C1CC[C@H](O)C/C1=C/C=C1/CCC[C@]2(C)[C@@H]([C@H](C)CCCC(C)(C)O)CC[C@@H]12,True,C=C1CCC(O)CC1=CC=C1CCCC2(C)C1CCC2C(C)CCCC(C)(C)O,C=C1CC[C@H](O)C/C1=C/C=C1/CCC[C@]2(C)[C@@H]([C@H](C)CCCC(C)(C)O)CC[C@@H]12,JWUBBDSIWDLEOM-ZZAPQYFZSA-N,10363641,hit,CID10363641,NO_CID_cb43692eb808,,hit,1,,1,1,1,1
789,O=c1ccc2cc3ccoc3c(O)c2o1,True,O=c1ccc2cc3ccoc3c(O)c2o1,O=c1ccc2cc3ccoc3c(O)c2o1,JWVYQQGERKEAHW-UHFFFAOYSA-N,65090,hit,CID65090,NO_CID_1dde8763300b,,hit,1,,1,1,1,1
790,Cc1ccc(NC(=O)N(C)C)cc1Cl,True,Cc1ccc(NC(=O)N(C)C)cc1Cl,Cc1ccc(NC(=O)N(C)C)cc1Cl,JXCGFZXSOMJFOA-UHFFFAOYSA-N,27375,hit,CID27375,NO_CID_c241d2647681,,hit,1,,1,1,1,1
791,CCC1CC(C)C(=O)C=CC(C)=CC(C)C(CC)OC(=O)CC(O)C(C)C1OC1OC(C)CC(N(C)C)C1O,True,CCC1CC(C)C(=O)C=CC(C)=CC(C)C(CC)OC(=O)CC(O)C(C)C1OC1OC(C)CC(N(C)C)C1O,CCC1CC(C)C(=O)C=CC(C)=CC(C)C(CC)OC(=O)CC(O)C(C)C1OC1OC(C)CC(N(C)C)C1O,JXDJMMZRVGWZJB-UHFFFAOYSA-N,73188495,hit,CID73188495,NO_CID_57619f6f3261,,hit,1,,1,1,1,1
792,CC(=O)/C=C/C=C(\C)CCC=C(C)C,True,CC(=O)C=CC=C(C)CCC=C(C)C,CC(=O)/C=C/C=C(\C)CCC=C(C)C,JXJIQCXXJGRKRJ-KOOBJXAQSA-N,1757003,hit,CID1757003,NO_CID_3de8786aaf75,,hit,1,,1,0,1,1
793,C[C@H]1[C@H](C)CC[C@]2(C(=O)O)CC[C@]3(C)C(=CC[C@@H]4[C@@]5(C)C[C@@H](O)[C@H](O)[C@@](C)(CO)[C@@H]5CC[C@]43C)[C@H]12,True,CC1CCC2(C(=O)O)CCC3(C)C(=CCC4C5(C)CC(O)C(O)C(C)(CO)C5CCC43C)C2C1C,C[C@H]1[C@H](C)CC[C@]2(C(=O)O)CC[C@]3(C)C(=CC[C@@H]4[C@@]5(C)C[C@@H](O)[C@H](O)[C@@](C)(CO)[C@@H]5CC[C@]43C)[C@H]12,JXSVIVRDWWRQRT-UYDOISQJSA-N,119034,hit,CID119034,NO_CID_fde8272ff9aa,,hit,1,,1,1,1,1
794,O=C1Cc2ccccc2N1,True,O=C1Cc2ccccc2N1,O=C1Cc2ccccc2N1,JYGFTBXVXVMTGB-UHFFFAOYSA-N,321710,hit,CID321710,NO_CID_e91299b7c228,,hit,1,,1,1,1,1
795,C[C@]12CCC(=O)C=C1CC[C@@H]1[C@@H]2[C@@H](O)C[C@@]2(C)[C@H]1CC[C@]2(O)C(=O)CO,True,CC12CCC(=O)C=C1CCC1C2C(O)CC2(C)C1CCC2(O)C(=O)CO,C[C@]12CCC(=O)C=C1CC[C@@H]1[C@@H]2[C@@H](O)C[C@@]2(C)[C@H]1CC[C@]2(O)C(=O)CO,JYGXADMDTFJGBT-VWUMJDOOSA-N,5754,hit,CID5754,NO_CID_af9481372508,,hit,1,,1,1,1,1
796,Cc1cccc(/C=C/C(=O)O)c1,True,Cc1cccc(C=CC(=O)O)c1,Cc1cccc(/C=C/C(=O)O)c1,JZINNAKNHHQBOS-AATRIKPKSA-N,2063448,hit,CID2063448,NO_CID_fc503b6d8f6c,,hit,1,,1,1,1,1
797,CCCCC[C@H](O)/C=C/[C@@H]1[C@H]2C/C(=C/CCCC(=O)O)O[C@H]2C[C@H]1O,True,CCCCCC(O)C=CC1C(O)CC2OC(=CCCCC(=O)O)CC21,CCCCC[C@H](O)/C=C/[C@@H]1[C@H]2C/C(=C/CCCC(=O)O)O[C@H]2C[C@H]1O,KAQKFAOMNZTLHT-OZUDYXHBSA-N,5282411,hit,CID5282411,NO_CID_46c9bceede28,,hit,1,,1,1,1,1
798,O=C(O)c1ccc2cc(O)ccc2c1,True,O=C(O)c1ccc2cc(O)ccc2c1,O=C(O)c1ccc2cc(O)ccc2c1,KAUQJMHLAFIZDU-UHFFFAOYSA-N,85557,hit,CID85557,NO_CID_d24461ce8d69,,hit,1,,1,1,1,1
799,C/C1=C/CCC2=C[C@H](OC2=O)c2c(O)ccc(O)c2C1,True,CC1=CCCC2=CC(OC2=O)c2c(O)ccc(O)c2C1,C/C1=C/CCC2=C[C@H](OC2=O)c2c(O)ccc(O)c2C1,KAVLMOIIQVZTGI-SILGHJDOSA-N,172429338,hit,CID172429338,NO_CID_95aac1d5efc6,,hit,1,,1,1,1,1
800,CCCc1ccc(OC)cc1,True,CCCc1ccc(OC)cc1,CCCc1ccc(OC)cc1,KBHWKXNXTURZCD-UHFFFAOYSA-N,7702,hit,CID7702,NO_CID_4a290c861aa7,,hit,1,,1,1,1,1
801,Cc1cccc2c(CC(N)C(=O)O)c[nH]c12,True,Cc1cccc2c(CC(N)C(=O)O)c[nH]c12,Cc1cccc2c(CC(N)C(=O)O)c[nH]c12,KBOZNJNHBBROHM-UHFFFAOYSA-N,222688,hit,CID222688,NO_CID_e61e06ab7203,,hit,1,,1,1,1,1
802,CCCCCCCCO,True,CCCCCCCCO,CCCCCCCCO,KBPLFHHGFOOTCA-UHFFFAOYSA-N,957,hit,CID957,NO_CID_6c1788a2fe69,,hit,1,,1,1,1,1
803,CC(C)=CCC/C(C)=C/CC[C@@](C)(O)[C@@H]1CC[C@H]2[C@@]1(C)CC[C@H]1C(C)(C)[C@@H](O)CC[C@]21C,True,CC(C)=CCCC(C)=CCCC(C)(O)C1CCC2C1(C)CCC1C(C)(C)C(O)CCC12C,CC(C)=CCC/C(C)=C/CC[C@@](C)(O)[C@@H]1CC[C@H]2[C@@]1(C)CC[C@H]1C(C)(C)[C@@H](O)CC[C@]21C,KCSCTOANDBOIGV-ZFAZNOKVSA-N,25245907,hit,CID25245907,NO_CID_09631459a475,,hit,1,,1,1,1,1
804,COc1cc2c(cc1O)[C@@H]1Cc3ccc(OC)c(OC)c3CN1CC2,True,COc1cc2c(cc1O)C1Cc3ccc(OC)c(OC)c3CN1CC2,COc1cc2c(cc1O)[C@@H]1Cc3ccc(OC)c(OC)c3CN1CC2,KDFKJOFJHSVROC-INIZCTEOSA-N,440229,hit,CID440229,NO_CID_a137c3a070bb,,hit,1,,1,1,1,1
805,CC1=CC[C@@H]2[C@@]3(C)CC[C@H](O)C(C)(C)[C@@H]3CC[C@@]2(C)[C@]12Cc1c(cc(-c3cccnc3)oc1=O)O2,True,CC1=CCC2C3(C)CCC(O)C(C)(C)C3CCC2(C)C12Cc1c(cc(-c3cccnc3)oc1=O)O2,CC1=CC[C@@H]2[C@@]3(C)CC[C@H](O)C(C)(C)[C@@H]3CC[C@@]2(C)[C@]12Cc1c(cc(-c3cccnc3)oc1=O)O2,KDGKESZIIPJZDE-NJPSTFMDSA-N,132562212,hit,CID132562212,NO_CID_d38c883a16e2,,hit,1,,1,1,1,1
806,CC(C)(C)c1ccc(C(=O)O)cc1,True,CC(C)(C)c1ccc(C(=O)O)cc1,CC(C)(C)c1ccc(C(=O)O)cc1,KDVYCTOWXSLNNI-UHFFFAOYSA-N,7403,hit,CID7403,NO_CID_bba74c38626c,,hit,1,,1,1,1,1
807,CC1CCCC2=CCC(C(C)(C)O)CC21C,True,CC1CCCC2=CCC(C(C)(C)O)CC21C,CC1CCCC2=CCC(C(C)(C)O)CC21C,KEBVXBNFLKYWDP-UHFFFAOYSA-N,14355276,hit,CID14355276,NO_CID_3c2d5039490f,,hit,1,,1,1,1,1
808,C[C@@H]1CCCC2=CC[C@@H](C(C)(C)O)C[C@@]21C,True,CC1CCCC2=CCC(C(C)(C)O)CC21C,C[C@@H]1CCCC2=CC[C@@H](C(C)(C)O)C[C@@]21C,KEBVXBNFLKYWDP-UXIGCNINSA-N,162642166,hit,CID162642166,NO_CID_760dc224880c,,hit,1,,1,1,1,1
809,CC(C)C1=CC2=C(CC1)[C@@]1(C)CCCC(C)(C)[C@@H]1CC2,True,CC(C)C1=CC2=C(CC1)C1(C)CCCC(C)(C)C1CC2,CC(C)C1=CC2=C(CC1)[C@@]1(C)CCCC(C)(C)[C@@H]1CC2,KEQXEEMBFONZBL-AZUAARDMSA-N,443473,hit,CID443473,NO_CID_dca0b5a26ce9,,hit,1,,1,1,1,1
810,C/C=C/C=C/C=C/CCCCCC/C=C/C=C/c1cc(O)cc(=O)o1,True,CC=CC=CC=CCCCCCCC=CC=Cc1cc(O)cc(=O)o1,C/C=C/C=C/C=C/CCCCCC/C=C/C=C/c1cc(O)cc(=O)o1,KEUFXCOYUXJBSZ-FLTLSNBBSA-N,162680203,hit,CID162680203,NO_CID_406efc7caeb8,,hit,1,,1,1,1,1
811,CC=CC=CC=CCCCCCCC=CC=Cc1cc(O)cc(=O)o1,True,CC=CC=CC=CCCCCCCC=CC=Cc1cc(O)cc(=O)o1,CC=CC=CC=CCCCCCCC=CC=Cc1cc(O)cc(=O)o1,KEUFXCOYUXJBSZ-UHFFFAOYSA-N,,cid0_no_match,NO_CID_dc89601c66a4,NO_CID_dc89601c66a4,,cid0_no_match,0,,1,1,1,1
812,CC1=CC[C@@H]2/C(=C(\C)C(=O)[O-])CC[C@@]2(C)CC1,True,CC1=CCC2C(=C(C)C(=O)[O-])CCC2(C)CC1,CC1=CC[C@@H]2/C(=C(\C)C(=O)[O-])CC[C@@]2(C)CC1,KFDDUAXEWGCSIT-QXFGWPSGSA-M,146672906,hit,CID146672906,NO_CID_11f2c57a2c9a,,hit,1,,1,1,1,1
813,C=Cc1ccc2c(CC(N)C(=O)O)c(C)[nH]c2c1,True,C=Cc1ccc2c(CC(N)C(=O)O)c(C)[nH]c2c1,C=Cc1ccc2c(CC(N)C(=O)O)c(C)[nH]c2c1,KFFLBMNELSNKSR-UHFFFAOYSA-N,122499545,hit,CID122499545,NO_CID_a74ec16552d0,,hit,1,,1,1,1,1
814,COc1cccc2[nH]c(C)c(CC(N)C(=O)O)c12,True,COc1cccc2[nH]c(C)c(CC(N)C(=O)O)c12,COc1cccc2[nH]c(C)c(CC(N)C(=O)O)c12,KFLSMVZVLHJHRG-UHFFFAOYSA-N,122499665,hit,CID122499665,NO_CID_b9f31eddbf07,,hit,1,,1,1,1,1
815,C[C@@]12CC[C@@H]3[C@@](CC[C@H]4[C@@]3(C)CCC[C@@]4(C)C(=O)O)(CC1=O)C2,True,CC12CCC3C(CCC4C(C)(C(=O)O)CCCC34C)(CC1=O)C2,C[C@@]12CC[C@@H]3[C@@](CC[C@H]4[C@@]3(C)CCC[C@@]4(C)C(=O)O)(CC1=O)C2,KFVUFODCZDRVSS-XGBBNYNSSA-N,99514,hit,CID99514,NO_CID_cec08ec784a1,,hit,1,,1,1,1,1
816,CCCCC/C=C\C/C=C\C/C=C\C=C\C(O)CCCC(=O)[O-],True,CCCCCC=CCC=CCC=CC=CC(O)CCCC(=O)[O-],CCCCC/C=C\C/C=C\C/C=C\C=C\C(O)CCCC(=O)[O-],KGIJOOYOSFUGPC-XTDASVJISA-M,70678647,hit,CID70678647,NO_CID_6c4bb97ecb5c,,hit,1,,1,1,1,1
817,CC1=C(/C=C/C(C)=C/C=C/C(C)=C/C(=O)[O-])C(C)(C)CC[C@@H]1O,True,CC(C=CC1=C(C)C(O)CCC1(C)C)=CC=CC(C)=CC(=O)[O-],CC1=C(/C=C/C(C)=C/C=C/C(C)=C/C(=O)[O-])C(C)(C)CC[C@@H]1O,KGUMXGDKXYTTEY-CJJLNRCZSA-M,126843444,hit,CID126843444,NO_CID_b2690f15e7d0,,hit,1,,1,1,1,1
818,CC1=C(/C=C/C(C)=C/C=C/C(C)=C/C(=O)[O-])C(C)(C)CCC1O,True,CC(C=CC1=C(C)C(O)CCC1(C)C)=CC=CC(C)=CC(=O)[O-],CC1=C(/C=C/C(C)=C/C=C/C(C)=C/C(=O)[O-])C(C)(C)CCC1O,KGUMXGDKXYTTEY-FRCNGJHJSA-M,123132024,hit,CID123132024,NO_CID_b4a66fcbe045,,hit,1,,1,1,1,1
819,CC1=C(/C=C/C(C)=C\C=C\C(C)=C\C(=O)[O-])C(C)(C)CCC1O,True,CC(C=CC1=C(C)C(O)CCC1(C)C)=CC=CC(C)=CC(=O)[O-],CC1=C(/C=C/C(C)=C\C=C\C(C)=C\C(=O)[O-])C(C)(C)CCC1O,KGUMXGDKXYTTEY-NAXRMXIQSA-M,131953103,hit,CID131953103,NO_CID_302e0dadca1b,,hit,1,,1,1,1,1
820,Cc1c(CC(N)C=O)c2cccc(N)c2n1C,True,Cc1c(CC(N)C=O)c2cccc(N)c2n1C,Cc1c(CC(N)C=O)c2cccc(N)c2n1C,KGYJXDMNWHVWCC-UHFFFAOYSA-N,,cid0_no_match,NO_CID_53b2f1bcec9b,NO_CID_53b2f1bcec9b,,cid0_no_match,0,,1,1,1,1
821,C=CCCCCCCCC(=O)O,True,C=CCCCCCCCC(=O)O,C=CCCCCCCCC(=O)O,KHAVLLBUVKBTBG-UHFFFAOYSA-N,61743,hit,CID61743,NO_CID_923e50610c7b,,hit,1,,1,1,1,1
822,CC1(C)CON(Cc2ccccc2Cl)C1=O,True,CC1(C)CON(Cc2ccccc2Cl)C1=O,CC1(C)CON(Cc2ccccc2Cl)C1=O,KIEDNEWSYUYDSN-UHFFFAOYSA-N,54778,hit,CID54778,NO_CID_6e2aa037f635,,hit,1,,1,1,1,1
823,O=C(/C=C/c1ccc(O)cc1)O[C@H](Cc1ccc(O)c(O)c1)C(=O)O,True,O=C(C=Cc1ccc(O)cc1)OC(Cc1ccc(O)c(O)c1)C(=O)O,O=C(/C=C/c1ccc(O)cc1)O[C@H](Cc1ccc(O)c(O)c1)C(=O)O,KIMHJUCTTIEANQ-KZJSRBBCSA-N,25244691,hit,CID25244691,NO_CID_72f649ee9f1d,,hit,1,,1,1,1,1
824,CSc1ccc(Cl)cc1,True,CSc1ccc(Cl)cc1,CSc1ccc(Cl)cc1,KIQQUVJOLVCZKG-UHFFFAOYSA-N,31243,hit,CID31243,NO_CID_6d7e5e413f75,,hit,1,,1,1,1,1
825,Oc1cccc2ccccc12,True,Oc1cccc2ccccc12,Oc1cccc2ccccc12,KJCVRFUGPWSIIH-UHFFFAOYSA-N,7005,hit,CID7005,NO_CID_f01d5eea6944,,hit,1,,1,1,1,1
826,C=C1CC[C@H](O)C/C1=C/C=C1\CCC[C@]2(C)[C@@H]([C@H](C)/C=C/[C@H](C)C(C)(C)O)CC[C@@H]12,True,C=C1CCC(O)CC1=CC=C1CCCC2(C)C1CCC2C(C)C=CC(C)C(C)(C)O,C=C1CC[C@H](O)C/C1=C/C=C1\CCC[C@]2(C)[C@@H]([C@H](C)/C=C/[C@H](C)C(C)(C)O)CC[C@@H]12,KJKIIUAXZGLUND-ICCVIKJNSA-N,5710148,hit,CID5710148,NO_CID_125b367f72df,,hit,1,,1,1,1,1
827,COC(=O)C(C)c1ccc(CC(C)(C)F)cc1,True,COC(=O)C(C)c1ccc(CC(C)(C)F)cc1,COC(=O)C(C)c1ccc(CC(C)(C)F)cc1,KJPHQKNSSWNFTC-UHFFFAOYSA-N,24821194,hit,CID24821194,NO_CID_df7865a6606d,,hit,1,,1,1,1,1
828,O=C(O)/C=C/c1ccccc1Cl,True,O=C(O)C=Cc1ccccc1Cl,O=C(O)/C=C/c1ccccc1Cl,KJRRTHHNKJBVBO-AATRIKPKSA-N,700642,hit,CID700642,NO_CID_116d4cacd6c1,,hit,1,,1,1,1,1
829,C=Cc1cccc2c(CC(N)C(=O)O)cn(C)c12,True,C=Cc1cccc2c(CC(N)C(=O)O)cn(C)c12,C=Cc1cccc2c(CC(N)C(=O)O)cn(C)c12,KKGHIDQMNOIOFD-UHFFFAOYSA-N,122499524,hit,CID122499524,NO_CID_761c513de56d,,hit,1,,1,1,1,1
830,Cc1cccc2c(C(=O)O)c([O-])ccc12,True,Cc1cccc2c(C(=O)O)c([O-])ccc12,Cc1cccc2c(C(=O)O)c([O-])ccc12,KKMAZNUSFFWQQY-UHFFFAOYSA-M,86289942,hit,CID86289942,NO_CID_286ad4bdec73,,hit,1,,1,1,1,1
831,NC(Cc1c[nH]c2cccc([N+](=O)[O-])c12)C(=O)O,True,NC(Cc1c[nH]c2cccc([N+](=O)[O-])c12)C(=O)O,NC(Cc1c[nH]c2cccc([N+](=O)[O-])c12)C(=O)O,KKODYMFOTNMKRR-UHFFFAOYSA-N,23250605,hit,CID23250605,NO_CID_c22e51d41327,,hit,1,,1,1,1,1
832,CC(C)=CCC[C@@H](C)[C@@H]1C=CC(C)=CC1,True,CC(C)=CCCC(C)C1C=CC(C)=CC1,CC(C)=CCC[C@@H](C)[C@@H]1C=CC(C)=CC1,KKOXKGNSUHTUBV-HUUCEWRRSA-N,21729595,hit,CID21729595,NO_CID_9b14fa9fd422,,hit,1,,1,1,1,1
833,CC(C)[C@H](S)C(=O)N[C@H](CO)Cc1c[nH]c2cccc(F)c12,True,CC(C)C(S)C(=O)NC(CO)Cc1c[nH]c2cccc(F)c12,CC(C)[C@H](S)C(=O)N[C@H](CO)Cc1c[nH]c2cccc(F)c12,KKPTZRIROSBPNX-NHYWBVRUSA-N,168499574,hit,CID168499574,NO_CID_ab0af352dde0,,hit,1,,1,1,1,1
834,O=C(O)/C=C/c1cccc(O)c1,True,O=C(O)C=Cc1cccc(O)c1,O=C(O)/C=C/c1cccc(O)c1,KKSDGJDHHZEWEP-SNAWJCMRSA-N,637541,hit,CID637541,NO_CID_fc0db1ed4ba4,,hit,1,,1,1,1,1
835,CCCCCCCc1cc(O)c(CCCCCC)c(O)c1,True,CCCCCCCc1cc(O)c(CCCCCC)c(O)c1,CCCCCCCc1cc(O)c(CCCCCC)c(O)c1,KLAVUSHQLJDZCS-UHFFFAOYSA-N,129673055,hit,CID129673055,NO_CID_bbb34bd0f16e,,hit,1,,1,1,1,1
836,CSc1ccc2c(c1)N(CC[C@H]1CCCCN1C)c1ccccc1S2,True,CSc1ccc2c(c1)N(CCC1CCCCN1C)c1ccccc1S2,CSc1ccc2c(c1)N(CC[C@H]1CCCCN1C)c1ccccc1S2,KLBQZWRITKRQQV-MRXNPFEDSA-N,6604030,hit,CID6604030,NO_CID_15375f86f6e2,,hit,1,,1,1,1,1
837,CC1(C)CC[C@]2(C(=O)O)CC[C@]3(C)C(=CC[C@@H]4[C@@]5(C)CC[C@H](O)C(C)(C)[C@@H]5[C@H](O)C[C@]43C)[C@@H]2C1,True,CC1(C)CCC2(C(=O)O)CCC3(C)C(=CCC4C5(C)CCC(O)C(C)(C)C5C(O)CC43C)C2C1,CC1(C)CC[C@]2(C(=O)O)CC[C@]3(C)C(=CC[C@@H]4[C@@]5(C)CC[C@H](O)C(C)(C)[C@@H]5[C@H](O)C[C@]43C)[C@@H]2C1,KLHSKTMVSOWVLD-WPDRYGPBSA-N,12443148,hit,CID12443148,NO_CID_730f60273455,,hit,1,,1,1,1,1
838,COc1cccc(OC)c1O,True,COc1cccc(OC)c1O,COc1cccc(OC)c1O,KLIDCXVFHGNTTM-UHFFFAOYSA-N,7041,hit,CID7041,NO_CID_7fa7724b32f4,,hit,1,,1,1,1,1
839,CC[C@]12C=CCN3CC[C@@]4(c5ccccc5N[C@H]4[C@H](C(=O)OC)C1)[C@@H]32,True,CCC12C=CCN3CCC4(c5ccccc5NC4C(C(=O)OC)C1)C32,CC[C@]12C=CCN3CC[C@@]4(c5ccccc5N[C@H]4[C@H](C(=O)OC)C1)[C@@H]32,KLPWBLUBMBDQRI-KUJASMOPSA-N,101281529,hit,CID101281529,NO_CID_f639cf8274e2,,hit,1,,1,1,1,1
840,CCCc1ccc(O)cc1,True,CCCc1ccc(O)cc1,CCCc1ccc(O)cc1,KLSLBUSXWBJMEC-UHFFFAOYSA-N,12580,hit,CID12580,NO_CID_5e2f7496b639,,hit,1,,1,1,1,1
841,O=C(O)c1c[nH]c2ccccc12,True,O=C(O)c1c[nH]c2ccccc12,O=C(O)c1c[nH]c2ccccc12,KMAKOBLIOCQGJP-UHFFFAOYSA-N,69867,hit,CID69867,NO_CID_61b7f6193fd4,,hit,1,,1,1,1,1
842,CC1C(C)(C)N2c3ccccc3C3(O)CC4C(=O)N5C=CC(C)(C)c6[nH]c7ccccc7c6C=C5C(=O)N4C123,True,CC1C(C)(C)N2c3ccccc3C3(O)CC4C(=O)N5C=CC(C)(C)c6[nH]c7ccccc7c6C=C5C(=O)N4C123,CC1C(C)(C)N2c3ccccc3C3(O)CC4C(=O)N5C=CC(C)(C)c6[nH]c7ccccc7c6C=C5C(=O)N4C123,KMFKNAATJIDJKG-UHFFFAOYSA-N,133052567,hit,CID133052567,NO_CID_a07840f20d29,,hit,1,,1,1,1,1
843,COC(=O)C1=CO[C@@H](O[C@@H]2O[C@H](CO)[C@@H](O)[C@H](O)[C@H]2O)[C@H]2[C@@H]1CC[C@@H]2C,True,COC(=O)C1=COC(OC2OC(CO)C(O)C(O)C2O)C2C(C)CCC12,COC(=O)C1=CO[C@@H](O[C@@H]2O[C@H](CO)[C@@H](O)[C@H](O)[C@H]2O)[C@H]2[C@@H]1CC[C@@H]2C,KMHXLGLJTQHEIM-OUEWTLASSA-N,440906,hit,CID440906,NO_CID_45533401aa99,,hit,1,,1,1,0,1
844,COc1cc(/C=C/C(=O)NCCCCN(CCCNC(=O)/C=C/c2ccc(O)c(OC)c2)C(=O)/C=C/c2ccc(O)c(OC)c2)ccc1O,True,COc1cc(C=CC(=O)NCCCCN(CCCNC(=O)C=Cc2ccc(O)c(OC)c2)C(=O)C=Cc2ccc(O)c(OC)c2)ccc1O,COc1cc(/C=C/C(=O)NCCCCN(CCCNC(=O)/C=C/c2ccc(O)c(OC)c2)C(=O)/C=C/c2ccc(O)c(OC)c2)ccc1O,KMJWIBDYGUTEFB-WLJYFSRTSA-N,46173191,hit,CID46173191,NO_CID_ad14969d8acd,,hit,1,,1,1,1,1
845,C=C1C[C@]23C[C@H]1CCC2C1(C)CCC[C@@](C)(C(=O)O)C1CC3O,True,C=C1CC23CC1CCC2C1(C)CCCC(C)(C(=O)O)C1CC3O,C=C1C[C@]23C[C@H]1CCC2C1(C)CCC[C@@](C)(C(=O)O)C1CC3O,KMLXVEXJZSTMBV-JUKGBTOJSA-N,,cid0_no_match,NO_CID_28daa5f6b30c,NO_CID_28daa5f6b30c,,cid0_no_match,0,,1,1,1,1
846,C=CCCCCCCCCCCCCCCC(=O)O,True,C=CCCCCCCCCCCCCCCC(=O)O,C=CCCCCCCCCCCCCCCC(=O)O,KMWWFKLFHOTNEH-UHFFFAOYSA-N,152958,hit,CID152958,NO_CID_2557da805f9d,,hit,1,,1,1,1,1
847,ClCCc1ccc(Cl)cc1,True,ClCCc1ccc(Cl)cc1,ClCCc1ccc(Cl)cc1,KMXUKZCMNKLUTF-UHFFFAOYSA-N,3790359,hit,CID3790359,NO_CID_c6e7699f19f6,,hit,1,,1,1,1,1
848,CC1(C)CCCC2(C)C1CCC13CC(CCC12)C(C(=O)[O-])C3,True,CC1(C)CCCC2(C)C1CCC13CC(CCC12)C(C(=O)[O-])C3,CC1(C)CCCC2(C)C1CCC13CC(CCC12)C(C(=O)[O-])C3,KNCGYSOHQZGPKT-UHFFFAOYSA-M,90657333,hit,CID90657333,NO_CID_2cbbc3674135,,hit,1,,1,1,0,1
849,Cc1c(CC(N)C=O)c2ccc(N)cc2n1C,True,Cc1c(CC(N)C=O)c2ccc(N)cc2n1C,Cc1c(CC(N)C=O)c2ccc(N)cc2n1C,KNFCRJHBMMFYJZ-UHFFFAOYSA-N,,cid0_no_match,NO_CID_64ed08b8f946,NO_CID_64ed08b8f946,,cid0_no_match,0,,1,1,1,1
850,CC(O)CCCCCCCCCCCC(=O)O,True,CC(O)CCCCCCCCCCCC(=O)O,CC(O)CCCCCCCCCCCC(=O)O,KNFJWKJXKURGQU-UHFFFAOYSA-N,13111890,hit,CID13111890,NO_CID_60bd5e831c64,,hit,1,,1,1,1,1
851,O=c1c(-c2ccc3c(c2)OCO3)coc2cc(O)ccc12,True,O=c1c(-c2ccc3c(c2)OCO3)coc2cc(O)ccc12,O=c1c(-c2ccc3c(c2)OCO3)coc2cc(O)ccc12,KNJNBKINYHZUGC-UHFFFAOYSA-N,5281805,hit,CID5281805,NO_CID_9351fdca1ac4,,hit,1,,1,1,1,1
852,COc1cc2c(cc1O)[C@@H]1Cc3ccc(OC)c(O)c3CN1CC2,True,COc1cc2c(cc1O)C1Cc3ccc(OC)c(O)c3CN1CC2,COc1cc2c(cc1O)[C@@H]1Cc3ccc(OC)c(O)c3CN1CC2,KNWVMRVOBAFFMH-HNNXBMFYSA-N,439654,hit,CID439654,NO_CID_d34d5220ed3a,,hit,1,,1,1,1,1
853,COc1cc2c(cc1O)C1Cc3ccc(OC)c(O)c3CN1CC2,True,COc1cc2c(cc1O)C1Cc3ccc(OC)c(O)c3CN1CC2,COc1cc2c(cc1O)C1Cc3ccc(OC)c(O)c3CN1CC2,KNWVMRVOBAFFMH-UHFFFAOYSA-N,22955,hit,CID22955,NO_CID_365226758cb0,,hit,1,,1,1,1,1
854,COc1ccc2nc3ccc(=O)cc-3oc2c1,True,COc1ccc2nc3ccc(=O)cc-3oc2c1,COc1ccc2nc3ccc(=O)cc-3oc2c1,KNYYMGDYROYBRE-UHFFFAOYSA-N,119220,hit,CID119220,NO_CID_b32c4097faed,,hit,1,,1,1,1,1
855,CCC1OC(=O)CC(O)C(C)C(OC2OC(C)CC(N(C)C)C2O)C(CCO)CC(C)C(=O)C=CC(C)=CC1C,True,CCC1OC(=O)CC(O)C(C)C(OC2OC(C)CC(N(C)C)C2O)C(CCO)CC(C)C(=O)C=CC(C)=CC1C,CCC1OC(=O)CC(O)C(C)C(OC2OC(C)CC(N(C)C)C2O)C(CCO)CC(C)C(=O)C=CC(C)=CC1C,KOARRXOZPWLCJM-UHFFFAOYSA-N,3042013,hit,CID3042013,NO_CID_d61a55083ee4,,hit,1,,1,1,1,1
856,COC(=O)CCCCCCC(=O)O,True,COC(=O)CCCCCCC(=O)O,COC(=O)CCCCCCC(=O)O,KOVPXZDUVJGGFU-UHFFFAOYSA-N,554191,hit,CID554191,NO_CID_d984bb6f5c41,,hit,1,,1,1,1,1
857,O=C(O)CCC(=O)C(=O)O,True,O=C(O)CCC(=O)C(=O)O,O=C(O)CCC(=O)C(=O)O,KPGXRSRHYNQIFN-UHFFFAOYSA-N,51,hit,CID51,NO_CID_359db12950fb,,hit,1,,1,1,1,1
858,O=C1C[C@H]2CC[C@@H]1C2,True,O=C1CC2CCC1C2,O=C1C[C@H]2CC[C@@H]1C2,KPMKEVXVVHNIEY-NTSWFWBYSA-N,449588,hit,CID449588,NO_CID_76383d7c7606,,hit,1,,1,1,1,1
859,O=C1CC2CCC1C2,True,O=C1CC2CCC1C2,O=C1CC2CCC1C2,KPMKEVXVVHNIEY-UHFFFAOYSA-N,10345,hit,CID10345,NO_CID_5e320b5c0847,,hit,1,,1,1,1,1
860,CO[C@@]1(C)N(/C=C/c2ccccc2)C(=O)c2cc3c4ccccc4n(C)c3c(=O)n21,True,COC1(C)N(C=Cc2ccccc2)C(=O)c2cc3c4ccccc4n(C)c3c(=O)n21,CO[C@@]1(C)N(/C=C/c2ccccc2)C(=O)c2cc3c4ccccc4n(C)c3c(=O)n21,KQGIOFULIYUITH-XXFRDUSWSA-N,156580848,hit,CID156580848,NO_CID_84a50a68de6d,,hit,1,,1,1,1,1
861,Oc1cc2c(cc1[C@H]1OC[C@H]3[C@@H]1CO[C@@H]3c1ccc3c(c1)OCO3)OCO2,True,Oc1cc2c(cc1C1OCC3C(c4ccc5c(c4)OCO5)OCC13)OCO2,Oc1cc2c(cc1[C@H]1OC[C@H]3[C@@H]1CO[C@@H]3c1ccc3c(c1)OCO3)OCO2,KQRXQIPRDKVZPW-ISZNXKAUSA-N,94672,hit,CID94672,NO_CID_fd43a3a5b98e,,hit,1,,1,1,1,1
862,Cc1c(CC(N)C=O)c2c(-c3ccncc3)cccc2n1C,True,Cc1c(CC(N)C=O)c2c(-c3ccncc3)cccc2n1C,Cc1c(CC(N)C=O)c2c(-c3ccncc3)cccc2n1C,KQVLRXMIDVYODL-UHFFFAOYSA-N,,cid0_no_match,NO_CID_0c9a8296520f,NO_CID_0c9a8296520f,,cid0_no_match,0,,1,1,1,1
863,CC(C)C1CC(O)C2C1(C)CCC1(C)C3=C(CCC21C)C1(C)CC(O)C(O)C(C)(C)C1CC3,True,CC(C)C1CC(O)C2C1(C)CCC1(C)C3=C(CCC21C)C1(C)CC(O)C(O)C(C)(C)C1CC3,CC(C)C1CC(O)C2C1(C)CCC1(C)C3=C(CCC21C)C1(C)CC(O)C(O)C(C)(C)C1CC3,KQVNPYHWPJXAKD-UHFFFAOYSA-N,,cid0_no_match,NO_CID_9adecd33e1a1,NO_CID_9adecd33e1a1,,cid0_no_match,0,,1,1,1,1
864,Cc1ccc(S(=O)(=O)N(C)c2ccnn2-c2ccccc2)cc1,True,Cc1ccc(S(=O)(=O)N(C)c2ccnn2-c2ccccc2)cc1,Cc1ccc(S(=O)(=O)N(C)c2ccnn2-c2ccccc2)cc1,KRHPBWNETCEFGS-UHFFFAOYSA-N,447297,hit,CID447297,NO_CID_0d0d2bd8e922,,hit,1,,1,1,1,1
865,CCC(C)CC(C)CC(C)CO,True,CCC(C)CC(C)CC(C)CO,CCC(C)CC(C)CC(C)CO,KSAQCJQZQISASG-UHFFFAOYSA-N,11593515,hit,CID11593515,NO_CID_b58338bd7063,,hit,1,,1,1,1,1
866,COc1cc(/C=C/C(=O)O)ccc1[O-],True,COc1cc(C=CC(=O)O)ccc1[O-],COc1cc(/C=C/C(=O)O)ccc1[O-],KSEBMYQBYZTDHS-HWKANZROSA-M,54691413,hit,CID54691413,NO_CID_3ef31bf52672,,hit,1,,1,1,1,1
867,COc1cc(/C=C/C(=O)O)ccc1O,True,COc1cc(C=CC(=O)O)ccc1O,COc1cc(/C=C/C(=O)O)ccc1O,KSEBMYQBYZTDHS-HWKANZROSA-N,445858,hit,CID445858,NO_CID_25f8cd05ad25,,hit,1,,1,1,1,1
868,C[C@@H]1Cc2c3c(cc(O)c2C(=O)O1)O[C@@]1(C)CC[C@H]2C(C)(C)C(=O)C=C[C@]2(C)[C@@H]1C3,True,CC1Cc2c3c(cc(O)c2C(=O)O1)OC1(C)CCC2C(C)(C)C(=O)C=CC2(C)C1C3,C[C@@H]1Cc2c3c(cc(O)c2C(=O)O1)O[C@@]1(C)CC[C@H]2C(C)(C)C(=O)C=C[C@]2(C)[C@@H]1C3,KSQRSKKEHRYRCT-IZCXAEKASA-N,122184713,hit,CID122184713,NO_CID_6c2c90944629,,hit,1,,1,1,1,1
869,C=C(C)[C@H]1CC[C@@]2(C)CC[C@]3(C)C[C@H]4[C@@H](C)CC[C@H]4/C(C)=C\C[C@H]3[C@H]12,True,C=C(C)C1CCC2(C)CCC3(C)CC4C(C)CCC4C(C)=CCC3C12,C=C(C)[C@H]1CC[C@@]2(C)CC[C@]3(C)C[C@H]4[C@@H](C)CC[C@H]4/C(C)=C\C[C@H]3[C@H]12,KSXPRRSHHYDZBU-PTQXHSCKSA-N,171364920,hit,CID171364920,NO_CID_3db0c701085b,,hit,1,,1,1,1,1
870,C=C1C(=O)O[C@@H]2[C@H]3O[C@]3(C)CC/C=C(\C)CC[C@@H]12,True,C=C1C(=O)OC2C1CCC(C)=CCCC1(C)OC21,C=C1C(=O)O[C@@H]2[C@H]3O[C@]3(C)CC/C=C(\C)CC[C@@H]12,KTEXNACQROZXEV-PVLRGYAZSA-N,7251185,hit,CID7251185,NO_CID_fe4e95bc91db,,hit,1,,1,1,1,1
871,C=C1C(=O)O[C@H]2[C@H]1CC/C(C)=C/CC[C@@]1(C)O[C@@H]21,True,C=C1C(=O)OC2C1CCC(C)=CCCC1(C)OC21,C=C1C(=O)O[C@H]2[C@H]1CC/C(C)=C/CC[C@@]1(C)O[C@@H]21,KTEXNACQROZXEV-SLXBATTESA-N,6473881,hit,CID6473881,NO_CID_63d54fb6945c,,hit,1,,1,1,1,1
872,C=C1C(=O)O[C@@H]2[C@H]3O[C@]3(C)CC/C=C(/C)CC[C@@H]12,True,C=C1C(=O)OC2C1CCC(C)=CCCC1(C)OC21,C=C1C(=O)O[C@@H]2[C@H]3O[C@]3(C)CC/C=C(/C)CC[C@@H]12,KTEXNACQROZXEV-ZRPLFPEYSA-N,5420804,hit,CID5420804,NO_CID_e77cd5144507,,hit,1,,1,0,1,1
873,C=Cc1ccc(Cl)cc1,True,C=Cc1ccc(Cl)cc1,C=Cc1ccc(Cl)cc1,KTZVZZJJVJQZHV-UHFFFAOYSA-N,14085,hit,CID14085,NO_CID_9f80734b8183,,hit,1,,1,1,1,1
874,COC(=O)[C@@H]1[C@H](O)[C@H](C)[C@H](O)[C@H](C)/C=C\C=C(/C)C(=O)Nc2c(C)c(OC(C)=O)c3c(c(OC)c(C)c(O)c3c2O)C(=O)/C(C)=C/[C@@](C)(O)C(O)[C@@H](C)[C@H]1O,True,COC(=O)C1C(O)C(C)C(O)C(C)C=CC=C(C)C(=O)Nc2c(C)c(OC(C)=O)c3c(c(OC)c(C)c(O)c3c2O)C(=O)C(C)=CC(C)(O)C(O)C(C)C1O,COC(=O)[C@@H]1[C@H](O)[C@H](C)[C@H](O)[C@H](C)/C=C\C=C(/C)C(=O)Nc2c(C)c(OC(C)=O)c3c(c(OC)c(C)c(O)c3c2O)C(=O)/C(C)=C/[C@@](C)(O)C(O)[C@@H](C)[C@H]1O,KVBRXYBSUWPYTK-SLTCXBEJSA-N,,cid0_no_match,NO_CID_2e16a564ca46,NO_CID_2e16a564ca46,,cid0_no_match,0,,1,1,1,1
875,COc1ccc2[nH]cc(C[C@H](N)C(=O)O)c2c1,True,COc1ccc2[nH]cc(CC(N)C(=O)O)c2c1,COc1ccc2[nH]cc(C[C@H](N)C(=O)O)c2c1,KVNPSKDDJARYKK-JTQLQIEISA-N,151018,hit,CID151018,NO_CID_6fce85afd490,,hit,1,,1,1,1,1
876,COc1ccc2[nH]cc(CC(N)C(=O)O)c2c1,True,COc1ccc2[nH]cc(CC(N)C(=O)O)c2c1,COc1ccc2[nH]cc(CC(N)C(=O)O)c2c1,KVNPSKDDJARYKK-UHFFFAOYSA-N,119802,hit,CID119802,NO_CID_955bb4e4952a,,hit,1,,1,1,1,1
877,CCCCCCCCCCCCCCCC(=O)NCC(=O)O,True,CCCCCCCCCCCCCCCC(=O)NCC(=O)O,CCCCCCCCCCCCCCCC(=O)NCC(=O)O,KVTFEOAKFFQCCX-UHFFFAOYSA-N,151008,hit,CID151008,NO_CID_bfd208c4ab0a,,hit,1,,1,1,1,1
878,CC1=CC(=O)CC(C)(C)[C@@]1(O)/C=C/C=C\C(=O)O,True,CC1=CC(=O)CC(C)(C)C1(O)C=CC=CC(=O)O,CC1=CC(=O)CC(C)(C)[C@@]1(O)/C=C/C=C\C(=O)O,KVYJVBGHDYVSMM-QFHJPYSKSA-N,44437755,hit,CID44437755,NO_CID_3dbf6dbee741,,hit,1,,1,1,1,1
879,CC(C)=CCC[C@]1(C)C2C[C@@H]3[C@H](C2)C31C,True,CC(C)=CCCC1(C)C2CC3C(C2)C31C,CC(C)=CCC[C@]1(C)C2C[C@@H]3[C@H](C2)C31C,KWFJIXPIFLVMPM-PEGGXJLSSA-N,12315252,hit,CID12315252,NO_CID_0b46538fc487,,hit,1,,1,1,1,1
880,CC(C)=CCCC1(C)C2CC3C(C2)C31C,True,CC(C)=CCCC1(C)C2CC3C(C2)C31C,CC(C)=CCCC1(C)C2CC3C(C2)C31C,KWFJIXPIFLVMPM-UHFFFAOYSA-N,94164,hit,CID94164,NO_CID_ba0b2a54f0d4,,hit,1,,1,1,1,1
881,CSc1ccc(C(=O)O)cc1,True,CSc1ccc(C(=O)O)cc1,CSc1ccc(C(=O)O)cc1,KWHCPERWLHBLOT-UHFFFAOYSA-N,83230,hit,CID83230,NO_CID_5ba1f8a23771,,hit,1,,1,1,1,1
882,CN[C@@H](Cc1ccccc1)C(=O)N[C@H](CO)Cc1c[nH]c2ccccc12,True,CNC(Cc1ccccc1)C(=O)NC(CO)Cc1c[nH]c2ccccc12,CN[C@@H](Cc1ccccc1)C(=O)N[C@H](CO)Cc1c[nH]c2ccccc12,KYNKFSNOGATNQP-PXNSSMCTSA-N,15689362,hit,CID15689362,NO_CID_9632df8f2819,,hit,1,,1,1,1,1
883,CC1=C[C@H](O/C=C2/C(=O)O[C@@H]3C4=C(CCC[C@@]4(C)CO)C[C@H]23)OC1=O,True,CC1=CC(OC=C2C(=O)OC3C4=C(CCCC4(C)CO)CC23)OC1=O,CC1=C[C@H](O/C=C2/C(=O)O[C@@H]3C4=C(CCC[C@@]4(C)CO)C[C@H]23)OC1=O,KYSWLLSZOWOOGF-ZMJOFITKSA-N,24860211,hit,CID24860211,NO_CID_b8336ddc180d,,hit,1,,1,1,1,1
884,CCCCCCCCCC(C)=O,True,CCCCCCCCCC(C)=O,CCCCCCCCCC(C)=O,KYWIYKKSMDLRDC-UHFFFAOYSA-N,8163,hit,CID8163,NO_CID_61fcff388789,,hit,1,,1,1,1,1
885,NC(Cc1c[nH]c2ccc(Br)cc12)C(=O)O,True,NC(Cc1c[nH]c2ccc(Br)cc12)C(=O)O,NC(Cc1c[nH]c2ccc(Br)cc12)C(=O)O,KZDNJQUJBMDHJW-UHFFFAOYSA-N,96735,hit,CID96735,NO_CID_603a497abfa1,,hit,1,,1,1,1,1
886,CC[C@H](CC[C@@H](C)[C@H]1CC[C@H]2[C@@H]3CC=C4C[C@@H](O)CC[C@]4(C)[C@H]3CC[C@]12C)C(C)C,True,CCC(CCC(C)C1CCC2C3CC=C4CC(O)CCC4(C)C3CCC12C)C(C)C,CC[C@H](CC[C@@H](C)[C@H]1CC[C@H]2[C@@H]3CC=C4C[C@@H](O)CC[C@]4(C)[C@H]3CC[C@]12C)C(C)C,KZJWDPNRJALLNS-VJSFXXLFSA-N,222284,hit,CID222284,NO_CID_624316647633,,hit,1,,1,1,1,1
887,C[C@@H]1C[C@H](N(C)C)[C@@H](O)[C@H](OC2CCCCCCCCCCC2)O1,True,CC1CC(N(C)C)C(O)C(OC2CCCCCCCCCCC2)O1,C[C@@H]1C[C@H](N(C)C)[C@@H](O)[C@H](OC2CCCCCCCCCCC2)O1,KZKWNNFETLOBHX-MDNKFWRPSA-N,44241490,hit,CID44241490,NO_CID_8bbf2875810e,,hit,1,,1,1,1,1
888,O=C1CCC(=O)N1,True,O=C1CCC(=O)N1,O=C1CCC(=O)N1,KZNICNPSHKQLFF-UHFFFAOYSA-N,11439,hit,CID11439,NO_CID_27cbacdafbd5,,hit,1,,1,1,1,1
889,O=c1cc(-c2ccc(O)cc2)oc2cc(O)cc(O)c12,True,O=c1cc(-c2ccc(O)cc2)oc2cc(O)cc(O)c12,O=c1cc(-c2ccc(O)cc2)oc2cc(O)cc(O)c12,KZNIFHPLKGYRTM-UHFFFAOYSA-N,5280443,hit,CID5280443,NO_CID_0dd55e4f4087,,hit,1,,1,1,1,1
890,CC(C)[C@H](N)C(=O)O,True,CC(C)C(N)C(=O)O,CC(C)[C@H](N)C(=O)O,KZSNJWFQEVHDMF-BYPYZUCNSA-N,6287,hit,CID6287,NO_CID_cccbc5e72edf,,hit,1,,1,1,1,1
891,CC1=C2CC3(C)CCC(C(C)C)C3CC2C23CCC(C)C2CCC13C,True,CC1=C2CC3(C)CCC(C(C)C)C3CC2C23CCC(C)C2CCC13C,CC1=C2CC3(C)CCC(C(C)C)C3CC2C23CCC(C)C2CCC13C,KZVSASHATZZHHJ-UHFFFAOYSA-N,,cid0_no_match,NO_CID_e7422cdbfe29,NO_CID_e7422cdbfe29,,cid0_no_match,0,,1,1,1,1
892,CC(C=O)=CCCC(C)=CC[NH2+]C(CCC(=O)[O-])C(=O)[O-],True,CC(C=O)=CCCC(C)=CC[NH2+]C(CCC(=O)[O-])C(=O)[O-],CC(C=O)=CCCC(C)=CC[NH2+]C(CCC(=O)[O-])C(=O)[O-],LASAIISDRHGWAN-UHFFFAOYSA-M,,cid0_no_match,NO_CID_6bcf5a546764,NO_CID_6bcf5a546764,,cid0_no_match,0,,1,1,1,1
893,CC(C)(Br)C(=O)N(CC=CC1CC1)Cc1ccccc1,True,CC(C)(Br)C(=O)N(CC=CC1CC1)Cc1ccccc1,CC(C)(Br)C(=O)N(CC=CC1CC1)Cc1ccccc1,LAWMUCLSGYHECW-UHFFFAOYSA-N,,cid0_no_match,NO_CID_57ec9477c950,NO_CID_57ec9477c950,,cid0_no_match,0,,1,1,1,1
894,Cc1[nH]c2c(N)cccc2c1CC(N)C(=O)O,True,Cc1[nH]c2c(N)cccc2c1CC(N)C(=O)O,Cc1[nH]c2c(N)cccc2c1CC(N)C(=O)O,LAXZLHCTSOPREO-UHFFFAOYSA-N,122499525,hit,CID122499525,NO_CID_0f27c6ff0b27,,hit,1,,1,1,0,1
895,COc1ccc(C(=O)O)cc1O,True,COc1ccc(C(=O)O)cc1O,COc1ccc(C(=O)O)cc1O,LBKFGYZQBSGRHY-UHFFFAOYSA-N,12575,hit,CID12575,NO_CID_143d8bee73d1,,hit,1,,1,1,1,1
896,CC(C)=CCc1cc(C(=O)O)ccc1O,True,CC(C)=CCc1cc(C(=O)O)ccc1O,CC(C)=CCc1cc(C(=O)O)ccc1O,LBSJJNAMGVDGCU-UHFFFAOYSA-N,443852,hit,CID443852,NO_CID_dcd5bb0ab4a2,,hit,1,,1,1,1,1
897,C=C[C@H]1[C@H](O[C@@H]2O[C@H](CO)[C@@H](O)[C@H](O)[C@H]2O)OC=C2C(=O)OC(O)C[C@H]21,True,C=CC1C(OC2OC(CO)C(O)C(O)C2O)OC=C2C(=O)OC(O)CC21,C=C[C@H]1[C@H](O[C@@H]2O[C@H](CO)[C@@H](O)[C@H](O)[C@H]2O)OC=C2C(=O)OC(O)C[C@H]21,LCTYGGXMQYUYHL-UEMOXOMHSA-N,71607801,hit,CID71607801,NO_CID_723b923213d0,,hit,1,,1,1,1,1
898,CC(=O)[C@@]1(O)CC[C@H]2[C@@H]3CCC4=CC(=O)CC[C@]4(C)[C@H]3C(O)C[C@@]21C,True,CC(=O)C1(O)CCC2C3CCC4=CC(=O)CCC4(C)C3C(O)CC21C,CC(=O)[C@@]1(O)CC[C@H]2[C@@H]3CCC4=CC(=O)CC[C@]4(C)[C@H]3C(O)C[C@@]21C,LCZBQMKVFQNSJR-AVOSZYNGSA-N,440709,hit,CID440709,NO_CID_b9d49d9aeea3,,hit,1,,1,1,1,1
899,CC(C)C[C@@H](O)[C@H](O)[C@@H](C)[C@H]1CC[C@H]2[C@@H]3CC[C@H]4C[C@H](O)[C@H](O)C[C@]4(C)[C@H]3CC[C@]12C,True,CC(C)CC(O)C(O)C(C)C1CCC2C3CCC4CC(O)C(O)CC4(C)C3CCC12C,CC(C)C[C@@H](O)[C@H](O)[C@@H](C)[C@H]1CC[C@H]2[C@@H]3CC[C@H]4C[C@H](O)[C@H](O)C[C@]4(C)[C@H]3CC[C@]12C,LCZMVUQKRUXUPG-MFGLZFITSA-N,101682290,hit,CID101682290,NO_CID_f0fc76e81ebe,,hit,1,,1,1,1,1
900,NC(Cc1c[nH]c2ccc(O)cc12)C(=O)O,True,NC(Cc1c[nH]c2ccc(O)cc12)C(=O)O,NC(Cc1c[nH]c2ccc(O)cc12)C(=O)O,LDCYZAJDBXYCGN-UHFFFAOYSA-N,144,hit,CID144,NO_CID_45b44343750a,,hit,1,,1,1,1,1
901,Cn1cc(CC(N)C(=O)O)c2cc(N)ccc21,True,Cn1cc(CC(N)C(=O)O)c2cc(N)ccc21,Cn1cc(CC(N)C(=O)O)c2cc(N)ccc21,LDEKWMVMAOFEIX-UHFFFAOYSA-N,122499559,hit,CID122499559,NO_CID_5127adfb8db8,,hit,1,,1,1,1,1
902,CCCCOC(=O)Cc1ccccc1,True,CCCCOC(=O)Cc1ccccc1,CCCCOC(=O)Cc1ccccc1,LDOXTQYWWYXYSQ-UHFFFAOYSA-N,31210,hit,CID31210,NO_CID_4b4443cb7aae,,hit,1,,1,1,1,1
903,COC(=O)c1ccc(C(C)C)c(S(=O)(=O)N=[N+]=[N-])c1,True,COC(=O)c1ccc(C(C)C)c(S(=O)(=O)N=[N+]=[N-])c1,COC(=O)c1ccc(C(C)C)c(S(=O)(=O)N=[N+]=[N-])c1,LDXMSBGQHGQCTE-UHFFFAOYSA-N,,cid0_no_match,NO_CID_c01bd5c13a0b,NO_CID_c01bd5c13a0b,,cid0_no_match,0,,1,1,1,1
904,CCSc1ccc(C(=O)O)cc1,True,CCSc1ccc(C(=O)O)cc1,CCSc1ccc(C(=O)O)cc1,LDYCQBKCUOVGDA-UHFFFAOYSA-N,83231,hit,CID83231,NO_CID_de79dae4ed69,,hit,1,,1,1,1,1
905,[C]#CC#CC#CC#CC#CC#CC#[C],True,[C]#CC#CC#CC#CC#CC#CC#[C],[C]#CC#CC#CC#CC#CC#CC#[C],LECVOWMYTRNETD-UHFFFAOYSA-N,20590621,hit,CID20590621,NO_CID_e6fc4bd32ead,,hit,1,,1,1,1,1
906,CC=CCN(Cc1ccccc1)C(=O)C(C)(C)Br,True,CC=CCN(Cc1ccccc1)C(=O)C(C)(C)Br,CC=CCN(Cc1ccccc1)C(=O)C(C)(C)Br,LENBAILAFXPBTQ-UHFFFAOYSA-N,,cid0_no_match,NO_CID_f616188cecd0,NO_CID_f616188cecd0,,cid0_no_match,0,,1,1,1,1
907,C[C@]12CC[C@H]3[C@@H](CCC4=CC(=O)CC[C@@]43CO)[C@@H]1CC[C@@H]2C(=O)CO,True,CC12CCC3C(CCC4=CC(=O)CCC43CO)C1CCC2C(=O)CO,C[C@]12CC[C@H]3[C@@H](CCC4=CC(=O)CC[C@@]43CO)[C@@H]1CC[C@@H]2C(=O)CO,LFISWQXWWGJHBL-ZOCXKQACSA-N,164961,hit,CID164961,NO_CID_5022d0cf8176,,hit,1,,1,1,1,1
908,CC1=C[C@H](O/C=C(C=O)\C=C\C2=C(C)CCCC2(C)C)OC1=O,True,CC1=CC(OC=C(C=O)C=CC2=C(C)CCCC2(C)C)OC1=O,CC1=C[C@H](O/C=C(C=O)\C=C\C2=C(C)CCCC2(C)C)OC1=O,LFLCTJPNVBWOOI-TYVCBRTJSA-N,168007644,hit,CID168007644,NO_CID_6008aa3dbbaa,,hit,1,,1,1,1,1
909,C[C@@H](CO)CCC[C@@H](C)[C@H]1CC[C@H]2[C@@H]3C(=O)C=C4C[C@@H](O)CC[C@]4(C)[C@H]3CC[C@]12C,True,CC(CO)CCCC(C)C1CCC2C3C(=O)C=C4CC(O)CCC4(C)C3CCC12C,C[C@@H](CO)CCC[C@@H](C)[C@H]1CC[C@H]2[C@@H]3C(=O)C=C4C[C@@H](O)CC[C@]4(C)[C@H]3CC[C@]12C,LFNAJBFFWWMSEW-HNFKANRHSA-N,52931520,hit,CID52931520,NO_CID_bf849e0b5e9f,,hit,1,,1,1,1,1
910,C=C1C[C@]23CC[C@H]1C[C@H]2[C@]1(C)CCCC(C)(C)[C@H]1CC3,True,C=C1CC23CCC1CC2C1(C)CCCC(C)(C)C1CC3,C=C1C[C@]23CC[C@H]1C[C@H]2[C@]1(C)CCCC(C)(C)[C@H]1CC3,LFRRHLVVLXYROS-YQXATGRUSA-N,101297699,hit,CID101297699,NO_CID_88d3b16d1ad6,,hit,1,,1,1,1,1
911,CCCCC/C=C\C/C=C\C/C=C\C/C=C\CCCC(=O)NCCO,True,CCCCCC=CCC=CCC=CCC=CCCCC(=O)NCCO,CCCCC/C=C\C/C=C\C/C=C\C/C=C\CCCC(=O)NCCO,LGEQQWMQCRIYKG-DOFZRALJSA-N,5281969,hit,CID5281969,NO_CID_f7b7df238d97,,hit,1,,1,1,1,1
912,COc1ccccc1O,True,COc1ccccc1O,COc1ccccc1O,LHGVFZTZFXWLCP-UHFFFAOYSA-N,460,hit,CID460,NO_CID_f3096c440b01,,hit,1,,1,0,1,1
913,CC(=O)[C@@]12OC1C[C@H]1[C@@H]3CCC4=CC(=O)CC[C@]4(C)[C@H]3CC[C@@]12C,True,CC(=O)C12OC1CC1C3CCC4=CC(=O)CCC4(C)C3CCC12C,CC(=O)[C@@]12OC1C[C@H]1[C@@H]3CCC4=CC(=O)CC[C@]4(C)[C@H]3CC[C@@]12C,LHNVKVKZPHUYQO-CWNZLVRBSA-N,3034672,hit,CID3034672,NO_CID_c7c85e2c9c77,,hit,1,,1,1,1,1
914,CC(=O)O[C@@]12CO[C@@H]1C[C@H](O)[C@@]1(C)C(=O)[C@H](O)C3=C(C)[C@@H](O)C[C@@](O)([C@@H](O)[C@H]21)C3(C)C,True,CC(=O)OC12COC1CC(O)C1(C)C(=O)C(O)C3=C(C)C(O)CC(O)(C(O)C21)C3(C)C,CC(=O)O[C@@]12CO[C@@H]1C[C@H](O)[C@@]1(C)C(=O)[C@H](O)C3=C(C)[C@@H](O)C[C@@](O)([C@@H](O)[C@H]21)C3(C)C,LHXBWTCSJBQSGI-QOBCYHTASA-N,443489,hit,CID443489,NO_CID_d1f61297ec04,,hit,1,,1,1,1,1
915,CCOc1ccc2ccc(=O)oc2c1,True,CCOc1ccc2ccc(=O)oc2c1,CCOc1ccc2ccc(=O)oc2c1,LIFAQMGORKPVDH-UHFFFAOYSA-N,35703,hit,CID35703,NO_CID_9428a5883bde,,hit,1,,1,1,1,1
916,COc1ccc2ccc(=O)oc2c1,True,COc1ccc2ccc(=O)oc2c1,COc1ccc2ccc(=O)oc2c1,LIIALPBMIOVAHH-UHFFFAOYSA-N,10748,hit,CID10748,NO_CID_bbff65292696,,hit,1,,1,1,1,1
917,C#Cc1cc(C[C@@H]2NC(=O)[C@H](Cc3ccc(O)cc3)NC2=O)ccc1O,True,C#Cc1cc(CC2NC(=O)C(Cc3ccc(O)cc3)NC2=O)ccc1O,C#Cc1cc(C[C@@H]2NC(=O)[C@H](Cc3ccc(O)cc3)NC2=O)ccc1O,LIUSUWHATTTWPP-IRXDYDNUSA-N,146035900,hit,CID146035900,NO_CID_d09bcd2a46a5,,hit,1,,1,1,1,1
918,Cn1cc(CC(N)C(=O)O)c2cccc(-c3ccncc3)c21,True,Cn1cc(CC(N)C(=O)O)c2cccc(-c3ccncc3)c21,Cn1cc(CC(N)C(=O)O)c2cccc(-c3ccncc3)c21,LJAUZCIFMDBMPC-UHFFFAOYSA-N,122499613,hit,CID122499613,NO_CID_6d9377ec4d8c,,hit,1,,1,1,1,1
919,CC1=C2C[C@@]3(C)CC[C@]4(C)CC[C@H](C(C)C)[C@H]4[C@@H]3[C@H]3C[C@@]3(C)[C@@H]2CC1,True,CC1=C2CC3(C)CCC4(C)CCC(C(C)C)C4C3C3CC3(C)C2CC1,CC1=C2C[C@@]3(C)CC[C@]4(C)CC[C@H](C(C)C)[C@H]4[C@@H]3[C@H]3C[C@@]3(C)[C@@H]2CC1,LJBOQHBHJKFMQV-OMNLMRHKSA-N,155802562,hit,CID155802562,NO_CID_4481b1f3d7f5,,hit,1,,1,1,1,1
920,CC1=C2CC3(C)CCC4(C)CCC(C(C)C)C4C3C3CC3(C)C2CC1,True,CC1=C2CC3(C)CCC4(C)CCC(C(C)C)C4C3C3CC3(C)C2CC1,CC1=C2CC3(C)CCC4(C)CCC(C(C)C)C4C3C3CC3(C)C2CC1,LJBOQHBHJKFMQV-UHFFFAOYSA-N,,cid0_no_match,NO_CID_5bd966f936da,NO_CID_5bd966f936da,,cid0_no_match,0,,1,1,1,1
921,O=C(/C=C/c1ccc(O)cc1)O[C@@H]1C=C(C(=O)O)C[C@@H](O)[C@@H]1O,True,O=C(C=Cc1ccc(O)cc1)OC1C=C(C(=O)O)CC(O)C1O,O=C(/C=C/c1ccc(O)cc1)O[C@@H]1C=C(C(=O)O)C[C@@H](O)[C@@H]1O,LKLFKFQUYFROPV-ADMZAUMBSA-N,71447328,hit,CID71447328,NO_CID_065731a79346,,hit,1,,1,1,1,1
922,CC(=O)[C@@]1(O)CC[C@H]2[C@@H]3CC[C@H]4C[C@H](O)CC[C@]4(C)[C@H]3CC[C@@]21C,True,CC(=O)C1(O)CCC2C3CCC4CC(O)CCC4(C)C3CCC21C,CC(=O)[C@@]1(O)CC[C@H]2[C@@H]3CC[C@H]4C[C@H](O)CC[C@]4(C)[C@H]3CC[C@@]21C,LKQDFQLSEHWIRK-JRRMKBMNSA-N,111243,hit,CID111243,NO_CID_0ede84798e02,,hit,1,,1,1,1,1
923,COc1cccc2c(CC(N)C(=O)O)c(C)[nH]c12,True,COc1cccc2c(CC(N)C(=O)O)c(C)[nH]c12,COc1cccc2c(CC(N)C(=O)O)c(C)[nH]c12,LLOALCBXUKWYGP-UHFFFAOYSA-N,122499565,hit,CID122499565,NO_CID_c835134741e2,,hit,1,,1,1,1,1
924,CC[C@H](C)C[C@@H](C)CCC(=O)O,True,CCC(C)CC(C)CCC(=O)O,CC[C@H](C)C[C@@H](C)CCC(=O)O,LMFRDZYWEWGVPW-IUCAKERBSA-N,168376971,hit,CID168376971,NO_CID_ae13dc903d18,,hit,1,,1,1,1,1
925,C1CCCCCCCCC1,True,C1CCCCCCCCC1,C1CCCCCCCCC1,LMGZGXSXHCMSAA-UHFFFAOYSA-N,9267,hit,CID9267,NO_CID_ea2190566afc,,hit,1,,1,1,1,1
926,C/C(=C\Cc1c([O-])c(Cl)c(C)c(C=O)c1O)CC/C=C(\C)CC[C@@H]1OC1(C)C,True,CC(=CCc1c([O-])c(Cl)c(C)c(C=O)c1O)CCC=C(C)CCC1OC1(C)C,C/C(=C\Cc1c([O-])c(Cl)c(C)c(C=O)c1O)CC/C=C(\C)CC[C@@H]1OC1(C)C,LMVCGMIGVKSDEQ-LHDPSMIPSA-M,145944453,hit,CID145944453,NO_CID_ae1da69b5e6f,,hit,1,,1,1,1,1
927,NC(Cc1c[nH]c2cc(N3CCOCC3)ccc12)C(=O)O,True,NC(Cc1c[nH]c2cc(N3CCOCC3)ccc12)C(=O)O,NC(Cc1c[nH]c2cc(N3CCOCC3)ccc12)C(=O)O,LNGWIJFBIMMDJQ-UHFFFAOYSA-N,134259603,hit,CID134259603,NO_CID_22bb6e719d50,,hit,1,,1,1,1,1
928,Cc1c(CC(N)C=O)c2c(Cl)cccc2n1C,True,Cc1c(CC(N)C=O)c2c(Cl)cccc2n1C,Cc1c(CC(N)C=O)c2c(Cl)cccc2n1C,LNJIJICSHDYXLZ-UHFFFAOYSA-N,,cid0_no_match,NO_CID_8d8b75305be1,NO_CID_8d8b75305be1,,cid0_no_match,0,,1,1,0,1
929,CSc1ccc2c(CC(N)C(=O)O)c(C)[nH]c2c1,True,CSc1ccc2c(CC(N)C(=O)O)c(C)[nH]c2c1,CSc1ccc2c(CC(N)C(=O)O)c(C)[nH]c2c1,LOADUETWPUIQQK-UHFFFAOYSA-N,122499575,hit,CID122499575,NO_CID_b07e9a701723,,hit,1,,1,1,1,1
930,C=C[C@H]1CN2CC[C@H]1C[C@H]2[C@H](O)c1ccnc2ccc(OC)cc12,True,C=CC1CN2CCC1CC2C(O)c1ccnc2ccc(OC)cc12,C=C[C@H]1CN2CC[C@H]1C[C@H]2[C@H](O)c1ccnc2ccc(OC)cc12,LOUPRKONTZGTKE-WZBLMQSHSA-N,3034034,hit,CID3034034,NO_CID_3bb60fce1e05,,hit,1,,1,1,1,1
931,CCCC(C)CC(C)CC(C)CC(C)CO,True,CCCC(C)CC(C)CC(C)CC(C)CO,CCCC(C)CC(C)CC(C)CC(C)CO,LPEAEEKHQAZLTI-UHFFFAOYSA-N,11586658,hit,CID11586658,NO_CID_9e268f0041d8,,hit,1,,1,1,1,1
932,O=C(O)c1ccccc1Nc1cccc(C(F)(F)F)c1,True,O=C(O)c1ccccc1Nc1cccc(C(F)(F)F)c1,O=C(O)c1ccccc1Nc1cccc(C(F)(F)F)c1,LPEPZBJOKDYZAD-UHFFFAOYSA-N,3371,hit,CID3371,NO_CID_424ec3dfed06,,hit,1,,1,1,1,1
933,C=C1CC2(C)C(=O)CC1C2(C)C,True,C=C1CC2(C)C(=O)CC1C2(C)C,C=C1CC2(C)C(=O)CC1C2(C)C,LPKWGQXZFZTOLT-UHFFFAOYSA-N,71400479,hit,CID71400479,NO_CID_1904f7c4751b,,hit,1,,1,1,1,1
934,Cc1ccc(C(=O)O)cc1,True,Cc1ccc(C(=O)O)cc1,Cc1ccc(C(=O)O)cc1,LPNBBFKOUUSUDB-UHFFFAOYSA-N,7470,hit,CID7470,NO_CID_77120d4f215b,,hit,1,,1,1,1,1
935,C#Cc1ccc2c(CC(N)C(=O)O)c(C)[nH]c2c1,True,C#Cc1ccc2c(CC(N)C(=O)O)c(C)[nH]c2c1,C#Cc1ccc2c(CC(N)C(=O)O)c(C)[nH]c2c1,LPSCCYGRNOFXSP-UHFFFAOYSA-N,134259612,hit,CID134259612,NO_CID_0ee557689adf,,hit,1,,1,1,1,1
936,Fc1ccc(CCCl)cc1,True,Fc1ccc(CCCl)cc1,Fc1ccc(CCCl)cc1,LPUURRVXQCVXCX-UHFFFAOYSA-N,67622,hit,CID67622,NO_CID_971e562811b3,,hit,1,,1,1,1,1
937,COc1cccc(O)c1O,True,COc1cccc(O)c1O,COc1cccc(O)c1O,LPYUENQFPVNPHY-UHFFFAOYSA-N,13622,hit,CID13622,NO_CID_42450ec1564b,,hit,1,,1,1,1,1
938,CCCCCCCCCCCCO,True,CCCCCCCCCCCCO,CCCCCCCCCCCCO,LQZZUXJYWNFBMV-UHFFFAOYSA-N,8193,hit,CID8193,NO_CID_644dce7ca85a,,hit,1,,1,1,1,1
939,CC(C)C#N,True,CC(C)C#N,CC(C)C#N,LRDFRRGEGBBSRN-UHFFFAOYSA-N,6559,hit,CID6559,NO_CID_f423187298b9,,hit,1,,1,1,1,1
940,CC[C@H]1C[C@@H]2C[C@H]3c4[nH]c5ccccc5c4CCN(C2)[C@@H]13,True,CCC1CC2CC3c4[nH]c5ccccc5c4CCN(C2)C13,CC[C@H]1C[C@@H]2C[C@H]3c4[nH]c5ccccc5c4CCN(C2)[C@@H]13,LRLCVRYKAFDXKU-YGOSVGOTSA-N,100217,hit,CID100217,NO_CID_c5b481a66d2a,,hit,1,,1,1,1,1
941,Cc1ccc2ccc(C)cc2c1,True,Cc1ccc2ccc(C)cc2c1,Cc1ccc2ccc(C)cc2c1,LRQYSMQNJLZKPS-UHFFFAOYSA-N,11396,hit,CID11396,NO_CID_7d2a6480fde4,,hit,1,,1,1,1,1
942,CC(C)[C@H](C)C[C@H](O)[C@@H](C)[C@H]1CC[C@H]2[C@@H]3CC=C4C[C@@H](O)CC[C@]4(C)[C@H]3CC[C@]12C,True,CC(C)C(C)CC(O)C(C)C1CCC2C3CC=C4CC(O)CCC4(C)C3CCC12C,CC(C)[C@H](C)C[C@H](O)[C@@H](C)[C@H]1CC[C@H]2[C@@H]3CC=C4C[C@@H](O)CC[C@]4(C)[C@H]3CC[C@]12C,LSZJAIFORSLKOY-PACUACIMSA-N,15341628,hit,CID15341628,NO_CID_5e337ba707f8,,hit,1,,1,1,1,1
943,CC(C)C(C)CC(O)C(C)C1CCC2C3CC=C4CC(O)CCC4(C)C3CCC12C,True,CC(C)C(C)CC(O)C(C)C1CCC2C3CC=C4CC(O)CCC4(C)C3CCC12C,CC(C)C(C)CC(O)C(C)C1CCC2C3CC=C4CC(O)CCC4(C)C3CCC12C,LSZJAIFORSLKOY-UHFFFAOYSA-N,73192390,rescued_retry,CID73192390,NO_CID_64a4931de701,,rescued_retry,1,URLError: <urlopen error [SSL: UNEXPECTED_EOF_WHILE_READING] EOF occurred in violation of protocol (_ssl.c:1000)>,1,1,1,1
944,NC(Cc1c[nH]c2cc(-c3ccncc3)ccc12)C(=O)O,True,NC(Cc1c[nH]c2cc(-c3ccncc3)ccc12)C(=O)O,NC(Cc1c[nH]c2cc(-c3ccncc3)ccc12)C(=O)O,LTDLQNPPFGDJBI-UHFFFAOYSA-N,134259604,hit,CID134259604,NO_CID_f7eec7ca64a3,,hit,1,,1,1,1,1
945,CC(=C/C(=O)O)/C=C/[C@]1(O)C(C)(C)CC(=O)[C@H]2O[C@]21C,True,CC(C=CC1(O)C(C)(C)CC(=O)C2OC21C)=CC(=O)O,CC(=C/C(=O)O)/C=C/[C@]1(O)C(C)(C)CC(=O)[C@H]2O[C@]21C,LTFJVAGATJTPPP-ZNDSGQFKSA-N,15275773,hit,CID15275773,NO_CID_7f2a672b9b7e,,hit,1,,1,1,1,1
946,COc1ccc2c(c1)c(CC(N)C(=O)O)c(C)n2C,True,COc1ccc2c(c1)c(CC(N)C(=O)O)c(C)n2C,COc1ccc2c(c1)c(CC(N)C(=O)O)c(C)n2C,LTIPLTMCDIQBGW-UHFFFAOYSA-N,82666345,hit,CID82666345,NO_CID_73853adc9a2e,,hit,1,,1,1,1,1
947,NC(=O)Nc1ccccc1,True,NC(=O)Nc1ccccc1,NC(=O)Nc1ccccc1,LUBJCRLGQSPQNN-UHFFFAOYSA-N,6145,hit,CID6145,NO_CID_e3b45534c00f,,hit,1,,1,1,1,1
948,C[C@@H]1Cc2c3c(cc(O)c2C(=O)O1)O[C@@]1(C)CC[C@H]2C(C)(C)[C@@H](O)CC[C@]2(C)[C@@H]1C3,True,CC1Cc2c3c(cc(O)c2C(=O)O1)OC1(C)CCC2C(C)(C)C(O)CCC2(C)C1C3,C[C@@H]1Cc2c3c(cc(O)c2C(=O)O1)O[C@@]1(C)CC[C@H]2C(C)(C)[C@@H](O)CC[C@]2(C)[C@@H]1C3,LUDRFZYCQUZPEW-VAVZLDKJSA-N,154573703,hit,CID154573703,NO_CID_e585f389d503,,hit,1,,1,1,1,1
949,C/C=C(\C)C(=O)O[C@H]1[C@H](O)[C@@H](C(=O)OC)O[C@@H]2C[C@H]3O[C@@H](n4cnc5c(N)ncnc54)[C@H](O)[C@H]3O[C@]21O,True,CC=C(C)C(=O)OC1C(O)C(C(=O)OC)OC2CC3OC(n4cnc5c(N)ncnc54)C(O)C3OC21O,C/C=C(\C)C(=O)O[C@H]1[C@H](O)[C@@H](C(=O)OC)O[C@@H]2C[C@H]3O[C@@H](n4cnc5c(N)ncnc54)[C@H](O)[C@H]3O[C@]21O,LUHFPLRYWUPHKS-ORBSYVJISA-N,76317500,hit,CID76317500,NO_CID_c8d82b9ec9fa,,hit,1,,1,1,1,1
950,Oc1ccc(/C=C/c2cc(O)cc(O)c2)cc1,True,Oc1ccc(C=Cc2cc(O)cc(O)c2)cc1,Oc1ccc(/C=C/c2cc(O)cc(O)c2)cc1,LUKBXSAWLPMMSZ-OWOJBTEDSA-N,445154,hit,CID445154,NO_CID_fa502864d3f8,,hit,1,,1,1,1,1
951,O=C([O-])c1cccc(Cl)c1,True,O=C([O-])c1cccc(Cl)c1,O=C([O-])c1cccc(Cl)c1,LULAYUGMBFYYEX-UHFFFAOYSA-M,3014955,hit,CID3014955,NO_CID_cd42fff86be0,,hit,1,,1,1,1,1
952,COc1c(C)c(CCC(C)=CC(C)=Cc2ccc([N+](=O)[O-])cc2)oc(=O)c1C,True,COc1c(C)c(CCC(C)=CC(C)=Cc2ccc([N+](=O)[O-])cc2)oc(=O)c1C,COc1c(C)c(CCC(C)=CC(C)=Cc2ccc([N+](=O)[O-])cc2)oc(=O)c1C,LUYFMFZQEXQTOS-UHFFFAOYSA-N,75251308,hit,CID75251308,NO_CID_100e9bc7361d,,hit,1,,1,1,1,1
953,CC(C)C1CCC2C1(C)CCC1(C)C3=C(CCC21C)C1(C)CCC(O)C(C)(C)C1CC3,True,CC(C)C1CCC2C1(C)CCC1(C)C3=C(CCC21C)C1(C)CCC(O)C(C)(C)C1CC3,CC(C)C1CCC2C1(C)CCC1(C)C3=C(CCC21C)C1(C)CCC(O)C(C)(C)C1CC3,LUZUHPHTXSGDDD-UHFFFAOYSA-N,14167343,hit,CID14167343,NO_CID_0d07b6fccc9b,,hit,1,,1,1,1,1
954,C=C(CC(=O)O)C(=O)O,True,C=C(CC(=O)O)C(=O)O,C=C(CC(=O)O)C(=O)O,LVHBHZANLOWSRM-UHFFFAOYSA-N,811,hit,CID811,NO_CID_a9de5eb9f55b,,hit,1,,1,1,1,1
955,CCCOC(=O)Cc1cccc(Cl)c1,True,CCCOC(=O)Cc1cccc(Cl)c1,CCCOC(=O)Cc1cccc(Cl)c1,LVHFIZGOSIRRMO-UHFFFAOYSA-N,25020812,hit,CID25020812,NO_CID_72cd168d9d6d,,hit,1,,1,1,1,1
956,CC(C)C1CCC2C1(C)CCC1(C)C3=C(CCC21C)C1(C)CCC(OC2OC(CO)C(O)C(O)C2O)C(C)(C)C1CC3,True,CC(C)C1CCC2C1(C)CCC1(C)C3=C(CCC21C)C1(C)CCC(OC2OC(CO)C(O)C(O)C2O)C(C)(C)C1CC3,CC(C)C1CCC2C1(C)CCC1(C)C3=C(CCC21C)C1(C)CCC(OC2OC(CO)C(O)C(O)C2O)C(C)(C)C1CC3,LVHPZNOIRZPLHW-UHFFFAOYSA-N,,cid0_no_match,NO_CID_56d550f788d3,NO_CID_56d550f788d3,,cid0_no_match,0,,1,1,1,1
957,CC1(C)CC2CCC1CC2,True,CC1(C)CC2CCC1CC2,CC1(C)CC2CCC1CC2,LVLCIUJKFZLOKS-UHFFFAOYSA-N,20319842,hit,CID20319842,NO_CID_1d8e4a458ca1,,hit,1,,1,1,1,1
958,O=CCCCC/C=C\C[C@@H](O)/C=C/C=C/C=C\[C@@H](O)CCCC(=O)O,True,O=CCCCCC=CCC(O)C=CC=CC=CC(O)CCCC(=O)O,O=CCCCC/C=C\C[C@@H](O)/C=C/C=C/C=C\[C@@H](O)CCCC(=O)O,LVLQYGYNBVIONY-PSPARDEHSA-N,6449839,hit,CID6449839,NO_CID_0a47c06623fb,,hit,1,,1,1,1,1
959,O=C(/C=C/c1ccc(O)cc1)OC(Cc1ccc(O)cc1)C(=O)O,True,O=C(C=Cc1ccc(O)cc1)OC(Cc1ccc(O)cc1)C(=O)O,O=C(/C=C/c1ccc(O)cc1)OC(Cc1ccc(O)cc1)C(=O)O,LVPGCTXCBGXZHO-BJMVGYQFSA-N,11290373,hit,CID11290373,NO_CID_a9d8aefd378e,,hit,1,,1,1,1,1
960,C=CC(C)(C)c1[nH]c2ccccc2c1C[C@@H]1NC(=O)[C@H](C)NC1=O,True,C=CC(C)(C)c1[nH]c2ccccc2c1CC1NC(=O)C(C)NC1=O,C=CC(C)(C)c1[nH]c2ccccc2c1C[C@@H]1NC(=O)[C@H](C)NC1=O,LVPZJIGICMPWFH-NHYWBVRUSA-N,44445554,hit,CID44445554,NO_CID_57781d7c6526,,hit,1,,1,1,1,1
961,C=CC(C)(C)c1[nH]c2ccccc2c1CC1NC(=O)C(C)NC1=O,True,C=CC(C)(C)c1[nH]c2ccccc2c1CC1NC(=O)C(C)NC1=O,C=CC(C)(C)c1[nH]c2ccccc2c1CC1NC(=O)C(C)NC1=O,LVPZJIGICMPWFH-UHFFFAOYSA-N,320912,hit,CID320912,NO_CID_ee496dc7ee8e,,hit,1,,1,1,1,1
962,COc1cc2c(cc1O)[C@H](Cc1ccc(O)cc1)NCC2,True,COc1cc2c(cc1O)C(Cc1ccc(O)cc1)NCC2,COc1cc2c(cc1O)[C@H](Cc1ccc(O)cc1)NCC2,LVVKXRQZSRUVPY-HNNXBMFYSA-N,160487,hit,CID160487,NO_CID_08ff6902d6b3,,hit,1,,1,1,1,1
963,COc1cc2c(cc1O)[C@@H](Cc1ccc(O)cc1)NCC2,True,COc1cc2c(cc1O)C(Cc1ccc(O)cc1)NCC2,COc1cc2c(cc1O)[C@@H](Cc1ccc(O)cc1)NCC2,LVVKXRQZSRUVPY-OAHLLOKOSA-N,440989,hit,CID440989,NO_CID_38731839eb6d,,hit,1,,1,1,1,1
964,C[C@@H]1C[C@H](N(C)C)[C@@H](O)[C@H](OC2CCCCCCCCCCCC2)O1,True,CC1CC(N(C)C)C(O)C(OC2CCCCCCCCCCCC2)O1,C[C@@H]1C[C@H](N(C)C)[C@@H](O)[C@H](OC2CCCCCCCCCCCC2)O1,LWQXCAWVTFBYID-PMXSJFBMSA-N,44241489,hit,CID44241489,NO_CID_faf59f15e760,,hit,1,,1,1,1,1
965,CC1CC(N(C)C)C(O)C(OC2CCCCCCCCCCCC2)O1,True,CC1CC(N(C)C)C(O)C(OC2CCCCCCCCCCCC2)O1,CC1CC(N(C)C)C(O)C(OC2CCCCCCCCCCCC2)O1,LWQXCAWVTFBYID-UHFFFAOYSA-N,67068090,hit,CID67068090,NO_CID_5aed1250df56,,hit,1,,1,1,1,1
966,CC(C)C1CC(=O)C2C1(C)CCC1(C)C3=C(CCC21C)C1(C)CC(O)C(O)C(C)(C)C1CC3,True,CC(C)C1CC(=O)C2C1(C)CCC1(C)C3=C(CCC21C)C1(C)CC(O)C(O)C(C)(C)C1CC3,CC(C)C1CC(=O)C2C1(C)CCC1(C)C3=C(CCC21C)C1(C)CC(O)C(O)C(C)(C)C1CC3,LZDDGYHUNCWDEN-UHFFFAOYSA-N,,still_error,NO_CID_af837c650bd3,NO_CID_af837c650bd3,,still_error,0,URLError: <urlopen error [SSL: UNEXPECTED_EOF_WHILE_READING] EOF occurred in violation of protocol (_ssl.c:1000)>,1,1,1,1
967,COc1ccc(-c2cc(=O)c3c(O)cc(OC)cc3o2)cc1,True,COc1ccc(-c2cc(=O)c3c(O)cc(OC)cc3o2)cc1,COc1ccc(-c2cc(=O)c3c(O)cc(OC)cc3o2)cc1,LZERJKGWTQYMBB-UHFFFAOYSA-N,5281601,hit,CID5281601,NO_CID_d938d5524a0f,,hit,1,,1,1,1,1
968,COc1cc(/C=C/CO)cc(OC)c1O,True,COc1cc(C=CCO)cc(OC)c1O,COc1cc(/C=C/CO)cc(OC)c1O,LZFOPEXOUVTGJS-ONEGZZNKSA-N,5280507,hit,CID5280507,NO_CID_58e7714c14e8,,hit,1,,1,1,1,1
969,COc1ccc2c(c1)OC[C@]1(O)c3cc4c(cc3O[C@H]21)OCO4,True,COc1ccc2c(c1)OCC1(O)c3cc4c(cc3OC21)OCO4,COc1ccc2c(c1)OC[C@]1(O)c3cc4c(cc3O[C@H]21)OCO4,LZMRDTLRSDRUSU-SJORKVTESA-N,101689,hit,CID101689,NO_CID_1a2a846e5e55,,hit,1,,1,1,1,1
970,CC/C=C\C[C@H]1C(=O)CC[C@@H]1CC(O)=N[C@H](C(=O)O)C(C)C,True,CCC=CCC1C(=O)CCC1CC(O)=NC(C(=O)O)C(C)C,CC/C=C\C[C@H]1C(=O)CC[C@@H]1CC(O)=N[C@H](C(=O)O)C(C)C,LZPFFKBGBPBJAW-JSIGFUFCSA-N,14455493,hit,CID14455493,NO_CID_b19f1cfc6f46,,hit,1,,1,1,1,1
971,COc1cccc(/C=C/C(=O)O)c1,True,COc1cccc(C=CC(=O)O)c1,COc1cccc(/C=C/C(=O)O)c1,LZPNXAULYJPXEH-AATRIKPKSA-N,637668,hit,CID637668,NO_CID_396a2c85b68a,,hit,1,,1,1,1,1
972,COc1cc(C[C@H]2COC(=O)[C@@H]2Cc2ccc(O)c(OC)c2)ccc1O,True,COc1cc(CC2COC(=O)C2Cc2ccc(O)c(OC)c2)ccc1O,COc1cc(C[C@H]2COC(=O)[C@@H]2Cc2ccc(O)c(OC)c2)ccc1O,MATGKVZWFZHCLI-LSDHHAIUSA-N,119205,rescued_retry,CID119205,NO_CID_756bc8b89f73,,rescued_retry,1,URLError: <urlopen error [SSL: UNEXPECTED_EOF_WHILE_READING] EOF occurred in violation of protocol (_ssl.c:1000)>,1,1,1,1
973,CC/C=C\C/C=C\C/C=C\C/C=C\C/C=C\C/C=C\CCC(=O)[O-],True,CCC=CCC=CCC=CCC=CCC=CCC=CCCC(=O)[O-],CC/C=C\C/C=C\C/C=C\C/C=C\C/C=C\C/C=C\CCC(=O)[O-],MBMBGCFOFBJSGT-KUBAVDMBSA-M,40486925,hit,CID40486925,NO_CID_c8fea25bca67,,hit,1,,1,1,1,1
974,CC/C=C\C/C=C\C/C=C\C/C=C\C/C=C\C/C=C\CCC(=O)O,True,CCC=CCC=CCC=CCC=CCC=CCC=CCCC(=O)O,CC/C=C\C/C=C\C/C=C\C/C=C\C/C=C\C/C=C\CCC(=O)O,MBMBGCFOFBJSGT-KUBAVDMBSA-N,445580,hit,CID445580,NO_CID_91ab6c3c3e61,,hit,1,,1,1,1,1
975,CC1=C(C/C=C(\C)CCC[C@H](C)CCC[C@H](C)CCCC(C)C)C(=O)c2ccccc2C1=O,True,CC(=CCC1=C(C)C(=O)c2ccccc2C1=O)CCCC(C)CCCC(C)CCCC(C)C,CC1=C(C/C=C(\C)CCC[C@H](C)CCC[C@H](C)CCCC(C)C)C(=O)c2ccccc2C1=O,MBWXNTAXLNYFJB-NKFFZRIASA-N,5284607,hit,CID5284607,NO_CID_e27261bf65cd,,hit,1,,1,1,1,1
976,CC(C)CCC[C@@H](C)[C@H]1CC[C@@]2(C)C3=C(CC[C@]12C)[C@@]1(C)CC[C@H](O)C(C)(C)[C@@H]1CC3,True,CC(C)CCCC(C)C1CCC2(C)C3=C(CCC12C)C1(C)CCC(O)C(C)(C)C1CC3,CC(C)CCC[C@@H](C)[C@H]1CC[C@@]2(C)C3=C(CC[C@]12C)[C@@]1(C)CC[C@H](O)C(C)(C)[C@@H]1CC3,MBZYKEVPFYHDOH-BQNIITSRSA-N,440560,hit,CID440560,NO_CID_109a1bffad05,,hit,1,,1,1,1,1
977,CC(C)CCC[C@](C)(O)[C@H]1CC[C@H]2[C@@H]3CC=C4C[C@@H](O)CC[C@]4(C)[C@H]3CC[C@@]21C,True,CC(C)CCCC(C)(O)C1CCC2C3CC=C4CC(O)CCC4(C)C3CCC21C,CC(C)CCC[C@](C)(O)[C@H]1CC[C@H]2[C@@H]3CC=C4C[C@@H](O)CC[C@]4(C)[C@H]3CC[C@@]21C,MCKLJFJEQRYRQT-APGJSSKUSA-N,121935,hit,CID121935,NO_CID_1687c1e761f5,,hit,1,,1,1,1,1
978,C=C1CCC[C@H]2[C@]3(C)CC[C@](C)(C4CO4)C[C@H]3CC[C@]12C,True,C=C1CCCC2C1(C)CCC1CC(C)(C3CO3)CCC12C,C=C1CCC[C@H]2[C@]3(C)CC[C@](C)(C4CO4)C[C@H]3CC[C@]12C,MDUIQYUVECBDRX-LBNFNQNDSA-N,134814701,hit,CID134814701,NO_CID_69a2f7770abf,,hit,1,,1,1,1,1
979,CC1(C)CC[C@]2(C(=O)O)CC[C@]3(C)C(=CC[C@@H]4[C@@]5(C)C[C@H](O)[C@H](O)C(C)(C)[C@@H]5CC[C@]43C)[C@@H]2C1,True,CC1(C)CCC2(C(=O)O)CCC3(C)C(=CCC4C5(C)CC(O)C(O)C(C)(C)C5CCC43C)C2C1,CC1(C)CC[C@]2(C(=O)O)CC[C@]3(C)C(=CC[C@@H]4[C@@]5(C)C[C@H](O)[C@H](O)C(C)(C)[C@@H]5CC[C@]43C)[C@@H]2C1,MDZKJHQSJHYOHJ-KRGADYIYSA-N,15560128,hit,CID15560128,NO_CID_20cf5905d528,,hit,1,,1,1,1,1
980,CC1(C)CC[C@]2(C(=O)O)CC[C@]3(C)C(=CC[C@@H]4[C@@]5(C)C[C@@H](O)[C@H](O)C(C)(C)[C@@H]5CC[C@]43C)[C@@H]2C1,True,CC1(C)CCC2(C(=O)O)CCC3(C)C(=CCC4C5(C)CC(O)C(O)C(C)(C)C5CCC43C)C2C1,CC1(C)CC[C@]2(C(=O)O)CC[C@]3(C)C(=CC[C@@H]4[C@@]5(C)C[C@@H](O)[C@H](O)C(C)(C)[C@@H]5CC[C@]43C)[C@@H]2C1,MDZKJHQSJHYOHJ-LLICELPBSA-N,73659,hit,CID73659,NO_CID_d785a3ba18f9,,hit,1,,1,1,1,1
981,C=C1CC[C@H](O)C/C1=C/C=C1\CCC[C@]2(C)[C@@H]([C@H](C)/C=C/[C@H](C)C(C)C)CC[C@@H]12,True,C=C1CCC(O)CC1=CC=C1CCCC2(C)C1CCC2C(C)C=CC(C)C(C)C,C=C1CC[C@H](O)C/C1=C/C=C1\CCC[C@]2(C)[C@@H]([C@H](C)/C=C/[C@H](C)C(C)C)CC[C@@H]12,MECHNRXZTMCUDQ-RKHKHRCZSA-N,5280793,hit,CID5280793,NO_CID_242ce752758e,,hit,1,,1,1,1,1
982,C[S+](CCC(N)C(=O)[O-])CC1OC(n2cnc3c(N)ncnc32)C(O)C1O,True,C[S+](CCC(N)C(=O)[O-])CC1OC(n2cnc3c(N)ncnc32)C(O)C1O,C[S+](CCC(N)C(=O)[O-])CC1OC(n2cnc3c(N)ncnc32)C(O)C1O,MEFKEPWMEQBLKI-UHFFFAOYSA-N,5136,hit,CID5136,NO_CID_19fce653ad66,,hit,1,,1,1,1,1
983,COc1cc(O)cc(-c2ccccc2)c1,True,COc1cc(O)cc(-c2ccccc2)c1,COc1cc(O)cc(-c2ccccc2)c1,MFGGGJCBWVBPEO-UHFFFAOYSA-N,12000323,hit,CID12000323,NO_CID_ddca95b694d7,,hit,1,,1,1,1,1
984,C[C@]12CCC(=O)C=C1CC[C@@H]1[C@@H]2C(=O)C[C@@]2(C)[C@H]1CC[C@]2(O)C(=O)CO,True,CC12CCC(=O)C=C1CCC1C2C(=O)CC2(C)C1CCC2(O)C(=O)CO,C[C@]12CCC(=O)C=C1CC[C@@H]1[C@@H]2C(=O)C[C@@]2(C)[C@H]1CC[C@]2(O)C(=O)CO,MFYSYFVPBJMHGN-ZPOLXVRWSA-N,222786,hit,CID222786,NO_CID_8c17896c194d,,hit,1,,1,1,1,1
985,CC1=C(C)C(O)(/C=C/C(C)=C\C(=O)O)C(C)(C)CC1=O,True,CC(C=CC1(O)C(C)=C(C)C(=O)CC1(C)C)=CC(=O)O,CC1=C(C)C(O)(/C=C/C(C)=C\C(=O)O)C(C)(C)CC1=O,MGDYBWYDUYJDLP-QDJLDCPTSA-N,118222079,hit,CID118222079,NO_CID_4ae1165f1a9b,,hit,1,,1,0,1,1
986,C/C1=C\C[C@]2(C)CC[C@@H](C(C)C)[C@H]2C/C=C(\C)[C@@H](O)CC/C(C)=C/CC1,True,CC1=CCC2(C)CCC(C(C)C)C2CC=C(C)C(O)CCC(C)=CCC1,C/C1=C\C[C@]2(C)CC[C@@H](C(C)C)[C@H]2C/C=C(\C)[C@@H](O)CC/C(C)=C/CC1,MGRJONRALKLFBS-YBSCOXHPSA-N,162422380,hit,CID162422380,NO_CID_5d652ac57f3c,,hit,1,,1,1,0,1
987,Cc1ccc(C(C)C)c(O)c1,True,Cc1ccc(C(C)C)c(O)c1,Cc1ccc(C(C)C)c(O)c1,MGSRCZKZVOBKFT-UHFFFAOYSA-N,6989,hit,CID6989,NO_CID_9d24faff45b1,,hit,1,,1,1,1,1
988,C[C@H](CCC[C@@H](C)C=O)[C@H]1CC[C@H]2[C@@H]3CC=C4[C@@H](O)[C@@H](O)CC[C@]4(C)[C@H]3CC[C@]12C,True,CC(C=O)CCCC(C)C1CCC2C3CC=C4C(O)C(O)CCC4(C)C3CCC12C,C[C@H](CCC[C@@H](C)C=O)[C@H]1CC[C@H]2[C@@H]3CC=C4[C@@H](O)[C@@H](O)CC[C@]4(C)[C@H]3CC[C@]12C,MHAIQEGJDLCDNU-KUYJPBLDSA-N,91825746,hit,CID91825746,NO_CID_a82d181af34b,,hit,1,,1,1,1,1
989,OO,True,OO,OO,MHAJPDPJQMAIIY-UHFFFAOYSA-N,784,hit,CID784,NO_CID_8bb7518fd765,,hit,1,,1,1,1,1
990,CC1=CC[C@H]2O[C@]1(C)O[C@H]([C@H](C)/C=C(C)/C=C/C(O)=C1/C(=O)C=NC1=O)[C@H]2C,True,CC(C=CC(O)=C1C(=O)C=NC1=O)=CC(C)C1OC2(C)OC(CC=C2C)C1C,CC1=CC[C@H]2O[C@]1(C)O[C@H]([C@H](C)/C=C(C)/C=C/C(O)=C1/C(=O)C=NC1=O)[C@H]2C,MHIKRZGCDBIVFG-IVGQTCGHSA-N,155923752,hit,CID155923752,NO_CID_0333680a6f79,,hit,1,,1,1,1,1
991,C=C1C[C@]23C[C@H]1CC[C@H]2[C@@]12CCC[C@@](C)(C(=O)O1)[C@H]2[C@@H]3C(=O)O,True,C=C1CC23CC1CCC2C12CCCC(C)(C(=O)O1)C2C3C(=O)O,C=C1C[C@]23C[C@H]1CC[C@H]2[C@@]12CCC[C@@](C)(C(=O)O1)[C@H]2[C@@H]3C(=O)O,MHVYWTXXZIFXDT-YGNOGLJPSA-N,5281984,hit,CID5281984,NO_CID_afdcfa7ec23d,,hit,1,,1,1,1,1
992,CC(C)=CCC/C(C)=C/CC/C(C)=C/Cc1c(O)c(Cl)c(C)c(C=O)c1O,True,CC(C)=CCCC(C)=CCCC(C)=CCc1c(O)c(Cl)c(C)c(C=O)c1O,CC(C)=CCC/C(C)=C/CC/C(C)=C/Cc1c(O)c(Cl)c(C)c(C=O)c1O,MHWOMRMBQGSTFS-JTCWOHKRSA-N,6445117,hit,CID6445117,NO_CID_7dbe451f01fe,,hit,1,,1,1,1,1
993,COc1oc(CCC(C)=CC(C)=Cc2ccc(Br)cc2)c(C)c(=O)c1C,True,COc1oc(CCC(C)=CC(C)=Cc2ccc(Br)cc2)c(C)c(=O)c1C,COc1oc(CCC(C)=CC(C)=Cc2ccc(Br)cc2)c(C)c(=O)c1C,MIGRWDWMBYXJSN-UHFFFAOYSA-N,75231343,hit,CID75231343,NO_CID_f72975e73286,,hit,1,,1,1,1,1
994,CC1(C)CC[C@]2(C(=O)[O-])CC[C@]3(C)C(=CC[C@@H]4[C@@]5(C)CC[C@H](O)C(C)(C)[C@@H]5CC[C@]43C)[C@@H]2C1,True,CC1(C)CCC2(C(=O)[O-])CCC3(C)C(=CCC4C5(C)CCC(O)C(C)(C)C5CCC43C)C2C1,CC1(C)CC[C@]2(C(=O)[O-])CC[C@]3(C)C(=CC[C@@H]4[C@@]5(C)CC[C@H](O)C(C)(C)[C@@H]5CC[C@]43C)[C@@H]2C1,MIJYXULNPSFWEK-GTOFXWBISA-M,11865404,hit,CID11865404,NO_CID_a4163f5d0bea,,hit,1,,1,1,1,1
995,CC1(C)CC[C@]2(C(=O)O)CC[C@]3(C)C(=CC[C@@H]4[C@@]5(C)CC[C@H](O)C(C)(C)[C@@H]5CC[C@]43C)[C@@H]2C1,True,CC1(C)CCC2(C(=O)O)CCC3(C)C(=CCC4C5(C)CCC(O)C(C)(C)C5CCC43C)C2C1,CC1(C)CC[C@]2(C(=O)O)CC[C@]3(C)C(=CC[C@@H]4[C@@]5(C)CC[C@H](O)C(C)(C)[C@@H]5CC[C@]43C)[C@@H]2C1,MIJYXULNPSFWEK-GTOFXWBISA-N,10494,hit,CID10494,NO_CID_677f655b1c4d,,hit,1,,1,1,1,1
996,CC1(C)CCC2(C(=O)O)CCC3(C)C(=CCC4C5(C)CCC(O)C(C)(C)C5CCC43C)C2C1,True,CC1(C)CCC2(C(=O)O)CCC3(C)C(=CCC4C5(C)CCC(O)C(C)(C)C5CCC43C)C2C1,CC1(C)CCC2(C(=O)O)CCC3(C)C(=CCC4C5(C)CCC(O)C(C)(C)C5CCC43C)C2C1,MIJYXULNPSFWEK-UHFFFAOYSA-N,619166,hit,CID619166,NO_CID_146f9042ce70,,hit,1,,1,1,1,1
997,C#Cc1cccc2c1c(CC(N)C(=O)O)c(C)n2C,True,C#Cc1cccc2c1c(CC(N)C(=O)O)c(C)n2C,C#Cc1cccc2c1c(CC(N)C(=O)O)c(C)n2C,MIONDHSXMDTMSI-UHFFFAOYSA-N,122499657,hit,CID122499657,NO_CID_a06e87dd7bf5,,hit,1,,1,1,1,1
998,C=C1CC[C@@H]2[C@](C)(CO)CCC[C@@]2(C)[C@@H]1CC/C(C)=C/CO,True,C=C1CCC2C(C)(CO)CCCC2(C)C1CCC(C)=CCO,C=C1CC[C@@H]2[C@](C)(CO)CCC[C@@]2(C)[C@@H]1CC/C(C)=C/CO,MJHWZTRFACWHTA-KNHVHOQFSA-N,53233895,hit,CID53233895,NO_CID_6683cc2d4dce,,hit,1,,1,1,1,1
999,CC(C)(C)c1ccc(C(=O)CCCN2CCC(OC(c3ccccc3)c3ccccc3)CC2)cc1,True,CC(C)(C)c1ccc(C(=O)CCCN2CCC(OC(c3ccccc3)c3ccccc3)CC2)cc1,CC(C)(C)c1ccc(C(=O)CCCN2CCC(OC(c3ccccc3)c3ccccc3)CC2)cc1,MJJALKDDGIKVBE-UHFFFAOYSA-N,3191,rescued_retry,CID3191,NO_CID_fa0ce889cf95,,rescued_retry,1,URLError: <urlopen error [SSL: UNEXPECTED_EOF_WHILE_READING] EOF occurred in violation of protocol (_ssl.c:1000)>,1,1,1,1
1000,Cc1c(CC(N)C(=O)O)c2ccc(F)cc2n1C,True,Cc1c(CC(N)C(=O)O)c2ccc(F)cc2n1C,Cc1c(CC(N)C(=O)O)c2ccc(F)cc2n1C,MKCLXXBRRKZBEQ-UHFFFAOYSA-N,122499530,hit,CID122499530,NO_CID_682f545883dc,,hit,1,,1,1,1,1
1001,CC(C)CCC[C@@H](C)[C@H]1CC[C@@]2(C=O)C3=C(CC[C@]12C)[C@@]1(C)CC[C@H](O)C(C)(C)[C@@H]1CC3,True,CC(C)CCCC(C)C1CCC2(C=O)C3=C(CCC12C)C1(C)CCC(O)C(C)(C)C1CC3,CC(C)CCC[C@@H](C)[C@H]1CC[C@@]2(C=O)C3=C(CC[C@]12C)[C@@]1(C)CC[C@H](O)C(C)(C)[C@@H]1CC3,MKMLAQLNFVFNRK-PUXRVUTHSA-N,15698824,hit,CID15698824,NO_CID_b2ac418fa05b,,hit,1,,1,1,1,1
1002,Cc1[nH]c2cccc(N3CCOCC3)c2c1CC(N)C(=O)O,True,Cc1[nH]c2cccc(N3CCOCC3)c2c1CC(N)C(=O)O,Cc1[nH]c2cccc(N3CCOCC3)c2c1CC(N)C(=O)O,MKUPOKPEESBDGP-UHFFFAOYSA-N,122499636,hit,CID122499636,NO_CID_670dac4db174,,hit,1,,1,1,1,1
1003,COc1ccc2c(c1)[C@]13CCCC[C@@H]1[C@H](C2)N(C)CC3,True,COc1ccc2c(c1)C13CCCCC1C(C2)N(C)CC3,COc1ccc2c(c1)[C@]13CCCC[C@@H]1[C@H](C2)N(C)CC3,MKXZASYAUGDDCJ-NJAFHUGGSA-N,5360696,hit,CID5360696,NO_CID_a72d8e7482c4,,hit,1,,1,1,1,1
1004,C=C(CC[C@@H](C)[C@H]1CC[C@@]2(C)C3=C(CC[C@]12C)[C@@]1(C)CC[C@H](O)[C@@H](C)[C@@H]1CC3)C(C)C,True,C=C(CCC(C)C1CCC2(C)C3=C(CCC12C)C1(C)CCC(O)C(C)C1CC3)C(C)C,C=C(CC[C@@H](C)[C@H]1CC[C@@]2(C)C3=C(CC[C@]12C)[C@@]1(C)CC[C@H](O)[C@@H](C)[C@@H]1CC3)C(C)C,MMNYKQIDRZNIKT-VSADUBDNSA-N,65252,hit,CID65252,NO_CID_108cb8ce8119,,hit,1,,1,1,1,1
1005,CC(=C\I)/C=C(\C)CCc1oc(=O)c(C)c(O)c1C,True,CC(=CI)C=C(C)CCc1oc(=O)c(C)c(O)c1C,CC(=C\I)/C=C(\C)CCc1oc(=O)c(C)c(O)c1C,MNHCJIMYLFGWPL-FIFLTTCUSA-N,134838055,hit,CID134838055,NO_CID_adb57d103bb6,,hit,1,,1,1,1,1
1006,CC1(C)CCC[C@@]2(C)[C@@H]3CC[C@@]2(C)[C@@H](O)[C@@H]31,True,CC1(C)CCCC2(C)C3CCC2(C)C(O)C31,CC1(C)CCC[C@@]2(C)[C@@H]3CC[C@@]2(C)[C@@H](O)[C@@H]31,MNNFKQAYXGEKFA-MUGBGTHKSA-N,11447401,hit,CID11447401,NO_CID_90fff9fa62f6,,hit,1,,1,1,1,1
1007,CC1(C)CCCC2(C)C3CCC2(C)C(O)C31,True,CC1(C)CCCC2(C)C3CCC2(C)C(O)C31,CC1(C)CCCC2(C)C3CCC2(C)C(O)C31,MNNFKQAYXGEKFA-UHFFFAOYSA-N,521200,hit,CID521200,NO_CID_dc8335d7d371,,hit,1,,1,1,1,1
1008,ClCCc1ccccc1,True,ClCCc1ccccc1,ClCCc1ccccc1,MNNZINNZIQVULG-UHFFFAOYSA-N,231496,hit,CID231496,NO_CID_1a4dde1c1df4,,hit,1,,1,1,1,1
1009,CCCCCCC(=O)O,True,CCCCCCC(=O)O,CCCCCCC(=O)O,MNWFXJYAOYHMED-UHFFFAOYSA-N,8094,hit,CID8094,NO_CID_8f2d1ee68a8f,,hit,1,,1,1,1,1
1010,CC[C@H]1OC(=O)[C@H](C)[C@@H](OC(=O)c2ccccc2CN(C)C)[C@@H](C)C[C@@H](C)C(=O)/C=C/[C@H]1C,True,CCC1OC(=O)C(C)C(OC(=O)c2ccccc2CN(C)C)C(C)CC(C)C(=O)C=CC1C,CC[C@H]1OC(=O)[C@H](C)[C@@H](OC(=O)c2ccccc2CN(C)C)[C@@H](C)C[C@@H](C)C(=O)/C=C/[C@H]1C,MOCRSXQIFXBPAF-JBTKYFGMSA-N,91801124,hit,CID91801124,NO_CID_d8da5f025890,,hit,1,,1,1,0,1
1011,CCOc1ccccc1O,True,CCOc1ccccc1O,CCOc1ccccc1O,MOEFFSWKSMRFRQ-UHFFFAOYSA-N,66755,hit,CID66755,NO_CID_4219c0f58b07,,hit,1,,1,1,1,1
1012,C=C[C@H]1[C@H](O[C@@H]2O[C@H](CO)[C@@H](O)[C@H](O)[C@H]2O)OC=C(C(=O)OC)[C@H]1CC(=O)O,True,C=CC1C(OC2OC(CO)C(O)C(O)C2O)OC=C(C(=O)OC)C1CC(=O)O,C=C[C@H]1[C@H](O[C@@H]2O[C@H](CO)[C@@H](O)[C@H](O)[C@H]2O)OC=C(C(=O)OC)[C@H]1CC(=O)O,MQLSOVRLZHTATK-PEYNGXJCSA-N,162868,hit,CID162868,NO_CID_2e5199f345fb,,hit,1,,1,1,1,1
1013,Cc1[nH]c2cc(O)ccc2c1CC(N)C(=O)O,True,Cc1[nH]c2cc(O)ccc2c1CC(N)C(=O)O,Cc1[nH]c2cc(O)ccc2c1CC(N)C(=O)O,MQSLZWAXNGHHGG-UHFFFAOYSA-N,82620288,hit,CID82620288,NO_CID_144b01766f7b,,hit,1,,1,1,1,1
1014,Cc1ccc2c(CC(N)C(=O)O)c(C)n(C)c2c1,True,Cc1ccc2c(CC(N)C(=O)O)c(C)n(C)c2c1,Cc1ccc2c(CC(N)C(=O)O)c(C)n(C)c2c1,MQUVQWYGWNQFMV-UHFFFAOYSA-N,134259613,hit,CID134259613,NO_CID_37fbfa5cc3e9,,hit,1,,1,1,1,1
1015,Cc1ccc2c(c1)c(CC(N)C(=O)O)c(C)n2C,True,Cc1ccc2c(c1)c(CC(N)C(=O)O)c(C)n2C,Cc1ccc2c(c1)c(CC(N)C(=O)O)c(C)n2C,MQWRUFIAPZVKNI-UHFFFAOYSA-N,122499627,hit,CID122499627,NO_CID_b36b1dccc71d,,hit,1,,1,1,1,1
1016,C=C(C)[C@@H]1CC[C@]2(C)CC[C@]3(C)[C@H](CC[C@@H]4[C@@]5(C)CC[C@H](O)C(C)(C)[C@@H]5CC[C@]43C)[C@@H]12,True,C=C(C)C1CCC2(C)CCC3(C)C(CCC4C5(C)CCC(O)C(C)(C)C5CCC43C)C12,C=C(C)[C@@H]1CC[C@]2(C)CC[C@]3(C)[C@H](CC[C@@H]4[C@@]5(C)CC[C@H](O)C(C)(C)[C@@H]5CC[C@]43C)[C@@H]12,MQYXUWHLBZFQQO-QGTGJCAVSA-N,259846,hit,CID259846,NO_CID_2a2bc4994f3c,,hit,1,,1,1,1,1
1017,CCC(=O)c1ccc(C(=O)O)cc1,True,CCC(=O)c1ccc(C(=O)O)cc1,CCC(=O)c1ccc(C(=O)O)cc1,MQZBJHMHKZVYHB-UHFFFAOYSA-N,20202,hit,CID20202,NO_CID_98c6c0aad67b,,hit,1,,1,1,1,1
1018,COc1ccc(C(=O)O)c(O)c1,True,COc1ccc(C(=O)O)c(O)c1,COc1ccc(C(=O)O)c(O)c1,MRIXVKKOHPQOFK-UHFFFAOYSA-N,75231,rescued_retry,CID75231,NO_CID_5ae278abd603,,rescued_retry,1,RemoteDisconnected: Remote end closed connection without response,1,1,1,1
1019,C[C@@H]1CC[C@H]2C(=C[C@@H](O)[C@H](C)[C@@H]2CC[C@@H](O)C[C@@H](O)CC(=O)O)C1,True,CC1CCC2C(=CC(O)C(C)C2CCC(O)CC(O)CC(=O)O)C1,C[C@@H]1CC[C@H]2C(=C[C@@H](O)[C@H](C)[C@@H]2CC[C@@H](O)C[C@@H](O)CC(=O)O)C1,MRKCPMGQBNMKTA-GBRHIFDWSA-N,195046,hit,CID195046,NO_CID_3b491f58f9b6,,hit,1,,1,1,1,1
1020,CC(C)=C1C=C2CC[C@H]3C(C)(C)CCC[C@]3(C)[C@H]2CC1,True,CC(C)=C1C=C2CCC3C(C)(C)CCCC3(C)C2CC1,CC(C)=C1C=C2CC[C@H]3C(C)(C)CCC[C@]3(C)[C@H]2CC1,MRRHSEMHYVQUFK-CMKODMSKSA-N,443472,hit,CID443472,NO_CID_ce5297133268,,hit,1,,1,1,1,1
1021,COC[C@@H]1[C@H]2CC(=O)O[C@H]2C[C@H]1OC(=O)c1ccccc1,True,COCC1C(OC(=O)c2ccccc2)CC2OC(=O)CC21,COC[C@@H]1[C@H]2CC(=O)O[C@H]2C[C@H]1OC(=O)c1ccccc1,MTNAWKGHHHFPBU-YIYPIFLZSA-N,25020821,hit,CID25020821,NO_CID_4c57a135e680,,hit,1,,1,1,1,1
1022,COc1cccc2c1c(CC(N)C=O)c(C)n2C,True,COc1cccc2c1c(CC(N)C=O)c(C)n2C,COc1cccc2c1c(CC(N)C=O)c(C)n2C,MUDRGPKFOXNQIV-UHFFFAOYSA-N,,cid0_no_match,NO_CID_859532ff510c,NO_CID_859532ff510c,,cid0_no_match,0,,1,1,1,1
1023,C[C@]12CC[C@H]3[C@@H](CCC4=CC(=O)CC[C@@]43C)[C@@H]1CC[C@@H]2O,True,CC12CCC(=O)C=C1CCC1C2CCC2(C)C(O)CCC12,C[C@]12CC[C@H]3[C@@H](CCC4=CC(=O)CC[C@@]43C)[C@@H]1CC[C@@H]2O,MUMGGOZAMZWBJJ-DYKIIFRCSA-N,6013,hit,CID6013,NO_CID_02f6f3bcbff5,,hit,1,,1,1,1,1
1024,CC12CCC(=O)C=C1CCC1C2CCC2(C)C(O)CCC12,True,CC12CCC(=O)C=C1CCC1C2CCC2(C)C(O)CCC12,CC12CCC(=O)C=C1CCC1C2CCC2(C)C(O)CCC12,MUMGGOZAMZWBJJ-UHFFFAOYSA-N,5408,hit,CID5408,NO_CID_23dea99cc7ff,,hit,1,,1,1,1,1
1025,Cn1cc(CC(N)C(=O)O)c2cccc(N)c21,True,Cn1cc(CC(N)C(=O)O)c2cccc(N)c21,Cn1cc(CC(N)C(=O)O)c2cccc(N)c21,MUMUNLQNQDNAFF-UHFFFAOYSA-N,122499517,hit,CID122499517,NO_CID_492d9a7feec6,,hit,1,,1,1,1,1
1026,CC(C)c1cc2c(c(O)c1O)[C@@]1(C)CCCC(C)(C)[C@@H]1CC2,True,CC(C)c1cc2c(c(O)c1O)C1(C)CCCC(C)(C)C1CC2,CC(C)c1cc2c(c(O)c1O)[C@@]1(C)CCCC(C)(C)[C@@H]1CC2,MUVSVZOWXAYLSD-YWZLYKJASA-N,46832173,rescued_retry,CID46832173,NO_CID_5d8aaebfc594,,rescued_retry,1,URLError: <urlopen error [SSL: UNEXPECTED_EOF_WHILE_READING] EOF occurred in violation of protocol (_ssl.c:1000)>,1,1,1,1
1027,COc1cccc2c(CC(N)C(=O)O)c[nH]c12,True,COc1cccc2c(CC(N)C(=O)O)c[nH]c12,COc1cccc2c(CC(N)C(=O)O)c[nH]c12,MUZROTSTMQSBFK-UHFFFAOYSA-N,352939,hit,CID352939,NO_CID_495b43c5e4f5,,hit,1,,1,1,1,1
1028,CCCCCCCCCCO,True,CCCCCCCCCCO,CCCCCCCCCCO,MWKFXSUHUHTGQN-UHFFFAOYSA-N,8174,hit,CID8174,NO_CID_2c0c08c87880,,hit,1,,1,1,1,1
1029,COc1cc(C=O)ccc1O,True,COc1cc(C=O)ccc1O,COc1cc(C=O)ccc1O,MWOOGOJBHIARFG-UHFFFAOYSA-N,1183,hit,CID1183,NO_CID_babad5ffdf21,,hit,1,,1,1,1,1
1030,c1ccc2cc3ccccc3cc2c1,True,c1ccc2cc3ccccc3cc2c1,c1ccc2cc3ccccc3cc2c1,MWPLVEDNUUSJAV-UHFFFAOYSA-N,8418,hit,CID8418,NO_CID_6fb4cbeebf37,,hit,1,,1,1,1,1
1031,Cn1c(CC(N)C(=O)O)cc2ccc(Cl)cc21,True,Cn1c(CC(N)C(=O)O)cc2ccc(Cl)cc21,Cn1c(CC(N)C(=O)O)cc2ccc(Cl)cc21,MXCOBKSUMJMRFA-UHFFFAOYSA-N,,cid0_no_match,NO_CID_fd96be3206d6,NO_CID_fd96be3206d6,,cid0_no_match,0,,1,1,1,1
1032,C=C1C[C@]23CC[C@H]1C[C@H]2[C@]1(C)CCC[C@@](C)(C=O)[C@H]1CC3,True,C=C1CC23CCC1CC2C1(C)CCCC(C)(C=O)C1CC3,C=C1C[C@]23CC[C@H]1C[C@H]2[C@]1(C)CCC[C@@](C)(C=O)[C@H]1CC3,MXHOFDOLOHOLEE-GNVSMLMZSA-N,170780609,hit,CID170780609,NO_CID_9f0a4469d960,,hit,1,,1,1,1,1
1033,O=C([O-])c1cccc(F)c1,True,O=C([O-])c1cccc(F)c1,O=C([O-])c1cccc(F)c1,MXNBDFWNYRNIBH-UHFFFAOYSA-M,3014096,hit,CID3014096,NO_CID_c2b6ae5c5245,,hit,1,,1,1,1,1
1034,O=C(/C=C/C=C/c1ccc2c(c1)OCO2)N1CCCCC1,True,O=C(C=CC=Cc1ccc2c(c1)OCO2)N1CCCCC1,O=C(/C=C/C=C/c1ccc2c(c1)OCO2)N1CCCCC1,MXXWOMGUGJBKIW-YPCIICBESA-N,638024,rescued_retry,CID638024,NO_CID_849cc39b0ac7,,rescued_retry,1,URLError: <urlopen error [SSL: UNEXPECTED_EOF_WHILE_READING] EOF occurred in violation of protocol (_ssl.c:1000)>,1,1,0,1
1035,C=C[C@@]1(C)CC[C@H]2C(=CC[C@@H]3[C@]2(C)CCC[C@@]3(C)C(=O)O)C1,True,C=CC1(C)CCC2C(=CCC3C(C)(C(=O)O)CCCC23C)C1,C=C[C@@]1(C)CC[C@H]2C(=CC[C@@H]3[C@]2(C)CCC[C@@]3(C)C(=O)O)C1,MXYATHGRPJZBNA-KRFUXDQASA-N,442048,hit,CID442048,NO_CID_a967797039db,,hit,1,,1,1,1,1
1036,COC(=O)[C@@]12C(=O)C(C)=C(O)[C@]1(C)C(C)=C[C@@H]1[C@]34CC[C@H](OC(C)=O)C(C)(C)C3[C@H](C[C@@]12C)OC4=O,True,COC(=O)C12C(=O)C(C)=C(O)C1(C)C(C)=CC1C34CCC(OC(C)=O)C(C)(C)C3C(CC12C)OC4=O,COC(=O)[C@@]12C(=O)C(C)=C(O)[C@]1(C)C(C)=C[C@@H]1[C@]34CC[C@H](OC(C)=O)C(C)(C)C3[C@H](C[C@@]12C)OC4=O,MYLOBISKHDRNEW-USNZOBNTSA-N,101252260,hit,CID101252260,NO_CID_4e8b5f4281ed,,hit,1,,1,1,1,1
1037,CCCC(C)CC(C)CC(C)CC(C)=O,True,CCCC(C)CC(C)CC(C)CC(C)=O,CCCC(C)CC(C)CC(C)CC(C)=O,MYSJOKXZNQNFMP-UHFFFAOYSA-N,85397416,hit,CID85397416,NO_CID_c65a27d1d0ab,,hit,1,,1,1,1,1
1038,Cc1c(CC(N)C=O)c2ccc(O)cc2n1C,True,Cc1c(CC(N)C=O)c2ccc(O)cc2n1C,Cc1c(CC(N)C=O)c2ccc(O)cc2n1C,NAUIVZVWDMMZDR-UHFFFAOYSA-N,,cid0_no_match,NO_CID_3907b39930f4,NO_CID_3907b39930f4,,cid0_no_match,0,,1,1,1,1
1039,CC(C)[C@H](C)CC[C@@H](C)[C@H]1CC[C@H]2[C@@H]3CC(=O)[C@H]4C[C@@H](O)CC[C@]4(C)[C@H]3CC[C@]12C,True,CC(C)C(C)CCC(C)C1CCC2C3CC(=O)C4CC(O)CCC4(C)C3CCC12C,CC(C)[C@H](C)CC[C@@H](C)[C@H]1CC[C@H]2[C@@H]3CC(=O)[C@H]4C[C@@H](O)CC[C@]4(C)[C@H]3CC[C@]12C,NBJZGNFIZZWBOJ-JSHJXQBASA-N,16061347,hit,CID16061347,NO_CID_dab27630645b,,hit,1,,1,1,1,1
1040,CSCCCCCCC(N)C(=O)O,True,CSCCCCCCC(N)C(=O)O,CSCCCCCCC(N)C(=O)O,NBXNZQFZGOQQPE-UHFFFAOYSA-N,25010768,hit,CID25010768,NO_CID_b9177d8d768c,,hit,1,,1,1,1,1
1041,CC1=CCCC(C)(C)[C@H]1/C=C/C(C)=C/C=C/C(C)=C/C=C/C=C(C)/C=C/C=C(C)/C=C/C1=C(C)C[C@@H](O)CC1(C)C,True,CC(C=CC=C(C)C=CC1=C(C)CC(O)CC1(C)C)=CC=CC=C(C)C=CC=C(C)C=CC1C(C)=CCCC1(C)C,CC1=CCCC(C)(C)[C@H]1/C=C/C(C)=C/C=C/C(C)=C/C=C/C=C(C)/C=C/C=C(C)/C=C/C1=C(C)C[C@@H](O)CC1(C)C,NBZANZVJRKXVBH-NHWXEJKLSA-N,5281234,hit,CID5281234,NO_CID_d56930daedcb,,hit,1,,1,1,1,1
1042,C#Cc1cccc2[nH]cc(CC(N)C(=O)O)c12,True,C#Cc1cccc2[nH]cc(CC(N)C(=O)O)c12,C#Cc1cccc2[nH]cc(CC(N)C(=O)O)c12,NCCPBIDUCVPASN-UHFFFAOYSA-N,122499648,hit,CID122499648,NO_CID_0b35cabe68aa,,hit,1,,1,1,1,1
1043,CC1=C(/C=C/C(C)=C\C=C\C(C)=C\C=O)C(C)(C)CCC1,True,CC(C=CC=C(C)C=CC1=C(C)CCCC1(C)C)=CC=O,CC1=C(/C=C/C(C)=C\C=C\C(C)=C\C=O)C(C)(C)CCC1,NCYCYZXNIZJOKI-MKOSUFFBSA-N,6436082,hit,CID6436082,NO_CID_0217b8cc85bc,,hit,1,,1,1,1,1
1044,CC1=C(/C=C/C(C)=C/C=C/C(C)=C/C=O)C(C)(C)CCC1,True,CC(C=CC=C(C)C=CC1=C(C)CCCC1(C)C)=CC=O,CC1=C(/C=C/C(C)=C/C=C/C(C)=C/C=O)C(C)(C)CCC1,NCYCYZXNIZJOKI-OVSJKPMPSA-N,638015,hit,CID638015,NO_CID_fd7d50d3e19d,,hit,1,,1,1,1,1
1045,CSc1cccc2[nH]cc(CC(N)C(=O)O)c12,True,CSc1cccc2[nH]cc(CC(N)C(=O)O)c12,CSc1cccc2[nH]cc(CC(N)C(=O)O)c12,NDBWKQQHIDRZSP-UHFFFAOYSA-N,122499492,hit,CID122499492,NO_CID_b75c060d4da7,,hit,1,,1,1,1,1
1046,C=C(C)C1CC=C(CO)CC1,True,C=C(C)C1CC=C(CO)CC1,C=C(C)C1CC=C(CO)CC1,NDTYTMIUWGWIMO-UHFFFAOYSA-N,10819,hit,CID10819,NO_CID_7eef7e5f1cd4,,hit,1,,1,1,1,1
1047,C=C1CC[C@]2(C(C)C)C[C@H]12,True,C=C1CCC2(C(C)C)CC12,C=C1CC[C@]2(C(C)C)C[C@H]12,NDVASEGYNIMXJL-NXEZZACHSA-N,10887971,hit,CID10887971,NO_CID_45cc79962f2b,,hit,1,,1,1,1,1
1048,C=C1CCC2(C(C)C)CC12,True,C=C1CCC2(C(C)C)CC12,C=C1CCC2(C(C)C)CC12,NDVASEGYNIMXJL-UHFFFAOYSA-N,18818,hit,CID18818,NO_CID_334e635e9a6d,,hit,1,,1,1,1,1
1049,C=C1CC[C@@]2(C(C)C)C[C@@H]12,True,C=C1CCC2(C(C)C)CC12,C=C1CC[C@@]2(C(C)C)C[C@@H]12,NDVASEGYNIMXJL-UWVGGRQHSA-N,11051711,hit,CID11051711,NO_CID_a01032de88be,,hit,1,,1,1,1,1
1050,CCC1(c2ccccc2)C(O)=NC(=O)N1C,True,CCC1(c2ccccc2)C(O)=NC(=O)N1C,CCC1(c2ccccc2)C(O)=NC(=O)N1C,NEGMMKYAVYNLCG-UHFFFAOYSA-N,21908,hit,CID21908,NO_CID_96218a613348,,hit,1,,1,1,1,1
1051,CCl,True,CCl,CCl,NEHMKBQYUWJMIP-UHFFFAOYSA-N,6327,hit,CID6327,NO_CID_6626fa114cb4,,hit,1,,1,1,1,1
1052,C=C1CCOC(=O)CCCCC(C)C1OC(=O)c1ccc(-n2cc(CN(C)C)nn2)cc1,True,C=C1CCOC(=O)CCCCC(C)C1OC(=O)c1ccc(-n2cc(CN(C)C)nn2)cc1,C=C1CCOC(=O)CCCCC(C)C1OC(=O)c1ccc(-n2cc(CN(C)C)nn2)cc1,NENOGDAKIGMHRJ-UHFFFAOYSA-N,,cid0_no_match,NO_CID_6c47a1e72b91,NO_CID_6c47a1e72b91,,cid0_no_match,0,,1,1,1,1
1053,C=C1CC[C@@H]2C(C)(C)CCC[C@@]2(C)[C@@H]1CC/C(C)=C/CO,True,C=C1CCC2C(C)(C)CCCC2(C)C1CCC(C)=CCO,C=C1CC[C@@H]2C(C)(C)CCC[C@@]2(C)[C@@H]1CC/C(C)=C/CO,NERNKRPBSOBEHC-PGHZQYBFSA-N,637851,hit,CID637851,NO_CID_947790651b61,,hit,1,,1,1,1,1
1054,CC(C)C(=O)OC1CCCCCCC1,True,CC(C)C(=O)OC1CCCCCCC1,CC(C)C(=O)OC1CCCCCCC1,NFJWHSVZRBSBDU-UHFFFAOYSA-N,13230644,hit,CID13230644,NO_CID_903e8daf606f,,hit,1,,1,1,1,1
1055,CC(C)c1ccc2c(c1)CC[C@H]1[C@](C)(C(=O)O)CCC[C@]21C,True,CC(C)c1ccc2c(c1)CCC1C(C)(C(=O)O)CCCC21C,CC(C)c1ccc2c(c1)CC[C@H]1[C@](C)(C(=O)O)CCC[C@]21C,NFWKVWVWBFBAOV-MISYRCLQSA-N,94391,rescued_retry,CID94391,NO_CID_83a284433cf7,,rescued_retry,1,URLError: <urlopen error [SSL: UNEXPECTED_EOF_WHILE_READING] EOF occurred in violation of protocol (_ssl.c:1000)>,1,1,1,1
1056,Cc1cccc(C)c1NC(=O)CN1CCCC1=O,True,Cc1cccc(C)c1NC(=O)CN1CCCC1=O,Cc1cccc(C)c1NC(=O)CN1CCCC1=O,NGHTXZCKLWZPGK-UHFFFAOYSA-N,71157,hit,CID71157,NO_CID_d92cd1c8285e,,hit,1,,1,1,1,1
1057,O=C1N[C@@H](Cc2ccc(O)cc2)C(=O)N[C@H]1Cc1ccc(O)cc1,True,O=C1NC(Cc2ccc(O)cc2)C(=O)NC1Cc1ccc(O)cc1,O=C1N[C@@H](Cc2ccc(O)cc2)C(=O)N[C@H]1Cc1ccc(O)cc1,NGPCLOGFGKJCBP-HOTGVXAUSA-N,11267350,hit,CID11267350,NO_CID_2e246ba96a62,,hit,1,,1,1,1,1
1058,O=C(O)/C=C/c1ccc(O)cc1,True,O=C(O)C=Cc1ccc(O)cc1,O=C(O)/C=C/c1ccc(O)cc1,NGSWKAQJJWESNS-ZZXKWVIFSA-N,637542,hit,CID637542,NO_CID_e95a09b07f92,,hit,1,,1,1,1,1
1059,Cc1c(CC(N)C(=O)O)c2ccc(C3CC3)cc2n1C,True,Cc1c(CC(N)C(=O)O)c2ccc(C3CC3)cc2n1C,Cc1c(CC(N)C(=O)O)c2ccc(C3CC3)cc2n1C,NGXDYZODKQKTNP-UHFFFAOYSA-N,122499639,hit,CID122499639,NO_CID_9c7f44a4b7ef,,hit,1,,1,1,1,1
1060,Cc1ncccc1[C@]1(O)CC[C@H]2[C@@H]3CCC4=CC(=O)CC[C@]4(C)[C@H]3CC[C@@]21C,True,Cc1ncccc1C1(O)CCC2C3CCC4=CC(=O)CCC4(C)C3CCC21C,Cc1ncccc1[C@]1(O)CC[C@H]2[C@@H]3CCC4=CC(=O)CC[C@]4(C)[C@H]3CC[C@@]21C,NHCJXYVCGFWJKH-WCTPGKCWSA-N,,cid0_no_match,NO_CID_84e538ae8df5,NO_CID_84e538ae8df5,,cid0_no_match,0,,1,1,1,1
1061,Cc1c(CC(N)C(=O)O)c2cc(N)ccc2n1C,True,Cc1c(CC(N)C(=O)O)c2cc(N)ccc2n1C,Cc1c(CC(N)C(=O)O)c2cc(N)ccc2n1C,NHCPNGSSSKDVTF-UHFFFAOYSA-N,122499574,hit,CID122499574,NO_CID_1de5d9b4f3d0,,hit,1,,1,1,1,1
1062,C=CC(=C)C[C@H](O)C=C(C)C,True,C=CC(=C)CC(O)C=C(C)C,C=CC(=C)C[C@H](O)C=C(C)C,NHMKYUHMPXBMFI-SNVBAGLBSA-N,92301,hit,CID92301,NO_CID_be253a457642,,hit,1,,1,1,1,1
1063,C=C1/C(=C\C=C2/CCC[C@]3(C)[C@@H]([C@H](C)CC(O)CC(C)(C)O)CC[C@@H]23)C[C@@H](O)C[C@@H]1O,True,C=C1C(=CC=C2CCCC3(C)C2CCC3C(C)CC(O)CC(C)(C)O)CC(O)CC1O,C=C1/C(=C\C=C2/CCC[C@]3(C)[C@@H]([C@H](C)CC(O)CC(C)(C)O)CC[C@@H]23)C[C@@H](O)C[C@@H]1O,NHRGJVVEKNHIIE-CKQZIKLPSA-N,88423846,hit,CID88423846,NO_CID_097582c64a19,,hit,1,,1,1,1,1
1064,NC(Cc1ccc(Cl)cc1)C(=O)O,True,NC(Cc1ccc(Cl)cc1)C(=O)O,NC(Cc1ccc(Cl)cc1)C(=O)O,NIGWMJHCCYYCSF-UHFFFAOYSA-N,4652,hit,CID4652,NO_CID_8672460823ac,,hit,1,,1,1,1,1
1065,c1ccc2c(c1)Cc1ccccc1-2,True,c1ccc2c(c1)Cc1ccccc1-2,c1ccc2c(c1)Cc1ccccc1-2,NIHNNTQXNPWCJQ-UHFFFAOYSA-N,6853,hit,CID6853,NO_CID_2360397c02f4,,hit,1,,1,1,1,1
1066,C=C1C[C@@]23CC[C@H]4[C@@](C)(CCC[C@@]4(C)C(=O)[O-])[C@@H]2CC[C@@H]1C3,True,C=C1CC23CCC4C(C)(C(=O)[O-])CCCC4(C)C2CCC1C3,C=C1C[C@@]23CC[C@H]4[C@@](C)(CCC[C@@]4(C)C(=O)[O-])[C@@H]2CC[C@@H]1C3,NIKHGUQULKYIGE-OTCXFQBHSA-M,25200785,hit,CID25200785,NO_CID_ee2333b95e95,,hit,1,,1,1,1,1
1067,C=C1C[C@@]23CC[C@H]4[C@@](C)(CCC[C@@]4(C)C(=O)O)[C@@H]2CC[C@@H]1C3,True,C=C1CC23CCC4C(C)(C(=O)O)CCCC4(C)C2CCC1C3,C=C1C[C@@]23CC[C@H]4[C@@](C)(CCC[C@@]4(C)C(=O)O)[C@@H]2CC[C@@H]1C3,NIKHGUQULKYIGE-OTCXFQBHSA-N,73062,hit,CID73062,NO_CID_b6b06e8f5f25,,hit,1,,1,1,1,1
1068,C=C1C[C@]23C[C@H]1CC[C@H]2[C@]1(C)CC[C@H](O)[C@@](C)(C(=O)O)[C@H]1[C@@H]3C(=O)O,True,C=C1CC23CC1CCC2C1(C)CCC(O)C(C)(C(=O)O)C1C3C(=O)O,C=C1C[C@]23C[C@H]1CC[C@H]2[C@]1(C)CC[C@H](O)[C@@](C)(C(=O)O)[C@H]1[C@@H]3C(=O)O,NJEWNTGSXKRWKA-MJPABCAUSA-N,443451,hit,CID443451,NO_CID_f6a839d7a5f0,,hit,1,,1,1,1,1
1069,C=C(C)[C@@H]1CC=C2[C@H](O)CC[C@@H](C)[C@@]2(C)C1,True,C=C(C)C1CC=C2C(O)CCC(C)C2(C)C1,C=C(C)[C@@H]1CC=C2[C@H](O)CC[C@@H](C)[C@@]2(C)C1,NJWPLFBOSCSZFA-QHSBEEBCSA-N,25201856,hit,CID25201856,NO_CID_8f167cca7ae0,,hit,1,,1,0,1,1
1070,C=C1CC[C@@H](O)C[C@@H]1[C@@]1(C)O[C@@H]1CC=C(C)C,True,C=C1CCC(O)CC1C1(C)OC1CC=C(C)C,C=C1CC[C@@H](O)C[C@@H]1[C@@]1(C)O[C@@H]1CC=C(C)C,NKCBUMYAPXFQEQ-LXTVHRRPSA-N,71519647,hit,CID71519647,NO_CID_c2e127ac2911,,hit,1,,1,1,1,1
1071,CC(C)=CCC[C@](C)(O)C1CC[C@]2(C)C1CC[C@@H]1[C@@]3(C)CC[C@H](O)C(C)(C)[C@@H]3CC[C@]12C,True,CC(C)=CCCC(C)(O)C1CCC2(C)C1CCC1C3(C)CCC(O)C(C)(C)C3CCC12C,CC(C)=CCC[C@](C)(O)C1CC[C@]2(C)C1CC[C@@H]1[C@@]3(C)CC[C@H](O)C(C)(C)[C@@H]3CC[C@]12C,NLHQJXWYMZLQJY-AXVVUFHWSA-N,122880,hit,CID122880,NO_CID_a99a6289e368,,hit,1,,1,1,1,1
1072,CC(C)=CCC[C@](C)(O)[C@H]1CC[C@]2(C)[C@@H]1CC[C@@H]1[C@@]3(C)CC[C@H](O)C(C)(C)[C@@H]3CC[C@]12C,True,CC(C)=CCCC(C)(O)C1CCC2(C)C1CCC1C3(C)CCC(O)C(C)(C)C3CCC12C,CC(C)=CCC[C@](C)(O)[C@H]1CC[C@]2(C)[C@@H]1CC[C@@H]1[C@@]3(C)CC[C@H](O)C(C)(C)[C@@H]3CC[C@]12C,NLHQJXWYMZLQJY-TXNIMPHESA-N,10895555,hit,CID10895555,NO_CID_efcbbb05de0c,,hit,1,,1,1,1,1
1073,C=C[C@@]1(C)CC[C@H]2C(=CC[C@@H]3[C@]2(C)CCC[C@@]3(C)C=O)C1,True,C=CC1(C)CCC2C(=CCC3C(C)(C=O)CCCC23C)C1,C=C[C@@]1(C)CC[C@H]2C(=CC[C@@H]3[C@]2(C)CCC[C@@]3(C)C=O)C1,NLLZQKHFTCHPED-VYJAJWGXSA-N,12311183,hit,CID12311183,NO_CID_9f38debf1c1c,,hit,1,,1,1,1,1
1074,C=C1C[C@]23CC[C@H]1C[C@H]2[C@]1(C=O)CCC[C@@](C)(C=O)[C@H]1CC3,True,C=C1CC23CCC1CC2C1(C=O)CCCC(C)(C=O)C1CC3,C=C1C[C@]23CC[C@H]1C[C@H]2[C@]1(C=O)CCC[C@@](C)(C=O)[C@H]1CC3,NLQPUIUTFKBPHQ-BIEDPOGDSA-N,170780622,hit,CID170780622,NO_CID_d36c486c5634,,hit,1,,1,1,1,1
1075,CCCCC/C=C\C/C=C\C=C\C(O)C/C=C\CCCC(=O)[O-],True,CCCCCC=CCC=CC=CC(O)CC=CCCCC(=O)[O-],CCCCC/C=C\C/C=C\C=C\C(O)C/C=C\CCCC(=O)[O-],NLUNAYAEIJYXRB-HEJOTXCHSA-M,102571785,hit,CID102571785,NO_CID_41b48aadd547,,hit,1,,1,1,1,1
1076,Cc1c(CC(N)C(=O)O)c2ccc(Cl)cc2n1C,True,Cc1c(CC(N)C(=O)O)c2ccc(Cl)cc2n1C,Cc1c(CC(N)C(=O)O)c2ccc(Cl)cc2n1C,NMKAIOIZJLIZGA-UHFFFAOYSA-N,83762302,hit,CID83762302,NO_CID_a9fb86244d4b,,hit,1,,1,1,1,1
1077,CCCCCC(O)CC,True,CCCCCC(O)CC,CCCCCC(O)CC,NMRPBPVERJPACX-UHFFFAOYSA-N,11527,hit,CID11527,NO_CID_a3d395af12c4,,hit,1,,1,1,1,1
1078,C1CCC2CCCCC2C1,True,C1CCC2CCCCC2C1,C1CCC2CCCCC2C1,NNBZCPXTIHJBJL-UHFFFAOYSA-N,7044,hit,CID7044,NO_CID_716e53b4a2f4,,hit,1,,1,1,1,1
1079,O=C(O)CCC/C=C\C/C=C\C/C=C\C/C=C\CCCCCO,True,O=C(O)CCCC=CCC=CCC=CCC=CCCCCCO,O=C(O)CCC/C=C\C/C=C\C/C=C\C/C=C\CCCCCO,NNDIXBJHNLFJJP-DTLRTWKJSA-N,5283157,hit,CID5283157,NO_CID_61a43ff752e7,,hit,1,,1,1,1,1
1080,O=C(O)c1ccc(-c2ccccc2)cc1,True,O=C(O)c1ccc(-c2ccccc2)cc1,O=C(O)c1ccc(-c2ccccc2)cc1,NNJMFJSKMRYHSR-UHFFFAOYSA-N,66724,hit,CID66724,NO_CID_b103b3cb3b68,,hit,1,,1,1,1,1
1081,CCN(CC)CC(=O)Nc1c(C)cccc1C,True,CCN(CC)CC(=O)Nc1c(C)cccc1C,CCN(CC)CC(=O)Nc1c(C)cccc1C,NNJVILVZKWQKPM-UHFFFAOYSA-N,3676,hit,CID3676,NO_CID_0ce23c92eaec,,hit,1,,1,1,1,1
1082,CC(C)(C)OC(=O)NCCCCCCCCCCCC(=O)O,True,CC(C)(C)OC(=O)NCCCCCCCCCCCC(=O)O,CC(C)(C)OC(=O)NCCCCCCCCCCCC(=O)O,NNPOZNVKUHYVEJ-UHFFFAOYSA-N,4428132,hit,CID4428132,NO_CID_f394053c262c,,hit,1,,1,1,1,1
1083,C[C@@](O)(C(=O)Nc1ccc(S(=O)(=O)c2cccc(Br)c2)cc1Cl)C(F)(F)F,True,CC(O)(C(=O)Nc1ccc(S(=O)(=O)c2cccc(Br)c2)cc1Cl)C(F)(F)F,C[C@@](O)(C(=O)Nc1ccc(S(=O)(=O)c2cccc(Br)c2)cc1Cl)C(F)(F)F,NPCYFKFOPWAEFV-OAHLLOKOSA-N,76871904,hit,CID76871904,NO_CID_7f52d17d5742,,hit,1,,1,1,1,1
1084,Cc1ccc(Cl)cc1,True,Cc1ccc(Cl)cc1,Cc1ccc(Cl)cc1,NPDACUSDTOMAMK-UHFFFAOYSA-N,7810,hit,CID7810,NO_CID_c87505c7f294,,hit,1,,1,1,1,1
1085,Cc1cccc(-c2ccccc2)c1,True,Cc1cccc(-c2ccccc2)c1,Cc1cccc(-c2ccccc2)c1,NPDIDUXTRAITDE-UHFFFAOYSA-N,12564,hit,CID12564,NO_CID_448d3de162a8,,hit,1,,1,1,1,1
1086,O=C1N[C@@H](Cc2ccc(O)c(I)c2)C(=O)N[C@H]1Cc1ccc(O)cc1,True,O=C1NC(Cc2ccc(O)c(I)c2)C(=O)NC1Cc1ccc(O)cc1,O=C1N[C@@H](Cc2ccc(O)c(I)c2)C(=O)N[C@H]1Cc1ccc(O)cc1,NQIPTQNZLHTHOS-GJZGRUSLSA-N,146020567,hit,CID146020567,NO_CID_1669246cff7c,,hit,1,,1,1,1,1
1087,COc1cccc2ccccc12,True,COc1cccc2ccccc12,COc1cccc2ccccc12,NQMUGNMMFTYOHK-UHFFFAOYSA-N,16668,hit,CID16668,NO_CID_e161d42fe515,,hit,1,,1,1,1,1
1088,CC(=O)O[C@H]1[C@H]2O[C@H]2C2=CC(=O)[C@]3(C[C@]2(C)[C@H]1C)OC3(C)C,True,CC(=O)OC1C2OC2C2=CC(=O)C3(CC2(C)C1C)OC3(C)C,CC(=O)O[C@H]1[C@H]2O[C@H]2C2=CC(=O)[C@]3(C[C@]2(C)[C@H]1C)OC3(C)C,NQRGNSMJSDQOED-FQAGGABLSA-N,101316760,hit,CID101316760,NO_CID_f3724830f1bf,,hit,1,,1,1,1,1
1089,CC[C@H](C)c1cnc(CC(C)C)c(=O)[nH]1,True,CCC(C)c1cnc(CC(C)C)c(=O)[nH]1,CC[C@H](C)c1cnc(CC(C)C)c(=O)[nH]1,NQUCTITVLHEDIU-VIFPVBQESA-N,11805923,hit,CID11805923,NO_CID_26432f3d8bae,,hit,1,,1,1,1,1
1090,COc1cc(CC2C(=O)OCC2Cc2ccc(OC)c(OC)c2)ccc1O,True,COc1cc(CC2C(=O)OCC2Cc2ccc(OC)c(OC)c2)ccc1O,COc1cc(CC2C(=O)OCC2Cc2ccc(OC)c(OC)c2)ccc1O,NQWVSMVXKMHKTF-UHFFFAOYSA-N,230232,hit,CID230232,NO_CID_43dd7b0b039e,,hit,1,,1,1,1,1
1091,CC(C)(COP(=O)(O)OP(=O)(O)OCC1OC(n2cnc3c(N)ncnc32)C(O)C1OP(=O)(O)O)C(O)C(=O)NCCC(=O)NCCSC(=O)C(NC(=O)C1Cc2ccc(c(Cl)c2)Oc2cc(ccc2O)C(NC(=O)C(NC(=O)C(Cc2ccc(O)c(Cl)c2)NC(=O)C(N)c2ccc(O)cc2)c2ccc(O)cc2)C(=O)NC(c2ccc(O)cc2)C(=O)N1)c1ccc(O)cc1,True,CC(C)(COP(=O)(O)OP(=O)(O)OCC1OC(n2cnc3c(N)ncnc32)C(O)C1OP(=O)(O)O)C(O)C(=O)NCCC(=O)NCCSC(=O)C(NC(=O)C1Cc2ccc(c(Cl)c2)Oc2cc(ccc2O)C(NC(=O)C(NC(=O)C(Cc2ccc(O)c(Cl)c2)NC(=O)C(N)c2ccc(O)cc2)c2ccc(O)cc2)C(=O)NC(c2ccc(O)cc2)C(=O)N1)c1ccc(O)cc1,CC(C)(COP(=O)(O)OP(=O)(O)OCC1OC(n2cnc3c(N)ncnc32)C(O)C1OP(=O)(O)O)C(O)C(=O)NCCC(=O)NCCSC(=O)C(NC(=O)C1Cc2ccc(c(Cl)c2)Oc2cc(ccc2O)C(NC(=O)C(NC(=O)C(Cc2ccc(O)c(Cl)c2)NC(=O)C(N)c2ccc(O)cc2)c2ccc(O)cc2)C(=O)NC(c2ccc(O)cc2)C(=O)N1)c1ccc(O)cc1,NRPOOPBWUHIPMB-UHFFFAOYSA-N,,cid0_no_match,NO_CID_2db63d594b5b,NO_CID_2db63d594b5b,,cid0_no_match,0,,0,0,0,0
1092,NC(Cc1c[nH]c2cccc(Cl)c12)C(=O)O,True,NC(Cc1c[nH]c2cccc(Cl)c12)C(=O)O,NC(Cc1c[nH]c2cccc(Cl)c12)C(=O)O,NRTHKYABOMUPSC-UHFFFAOYSA-N,14048817,hit,CID14048817,NO_CID_d566261361e7,,hit,1,,1,1,1,1
1093,CC(C)C1CCC2(C)CC3C(C)CCC45C(C)CCC4C5(C)C3(O)CC12,True,CC(C)C1CCC2(C)CC3C(C)CCC45C(C)CCC4C5(C)C3(O)CC12,CC(C)C1CCC2(C)CC3C(C)CCC45C(C)CCC4C5(C)C3(O)CC12,NSHZOWJAHBYWHH-UHFFFAOYSA-N,,cid0_no_match,NO_CID_a9b08e6a47dd,NO_CID_a9b08e6a47dd,,cid0_no_match,0,,1,1,1,1
1094,CC(C)[C@H]1CC[C@]2(C)C[C@@H]3[C@@H](C)CC[C@@]45[C@@H](CC[C@@H]4C)[C@]5(C)[C@@]3(O)C[C@@H]12,True,CC(C)C1CCC2(C)CC3C(C)CCC45C(C)CCC4C5(C)C3(O)CC12,CC(C)[C@H]1CC[C@]2(C)C[C@@H]3[C@@H](C)CC[C@@]45[C@@H](CC[C@@H]4C)[C@]5(C)[C@@]3(O)C[C@@H]12,NSHZOWJAHBYWHH-ZHJPMIONSA-N,163358938,hit,CID163358938,NO_CID_43ed58e09c81,,hit,1,,1,1,1,1
1095,C=CC(C)(O)CC/C=C(\C)CO,True,C=CC(C)(O)CCC=C(C)CO,C=CC(C)(O)CC/C=C(\C)CO,NSMIMJYEKVSYMT-RMKNXTFCSA-N,5280678,hit,CID5280678,NO_CID_5d997adf8285,,hit,1,,1,1,1,1
1096,O=C([O-])c1ccccc1F,True,O=C([O-])c1ccccc1F,O=C([O-])c1ccccc1F,NSTREUWFTAOOKS-UHFFFAOYSA-M,177745,hit,CID177745,NO_CID_487b27a77814,,hit,1,,1,1,1,1
1097,CCCCC[C@H](O)C=C[C@@H]1[C@@H](CCCCCCC(=O)O)[C@@H]2C[C@H]1OO2,True,CCCCCC(O)C=CC1C2CC(OO2)C1CCCCCCC(=O)O,CCCCC[C@H](O)C=C[C@@H]1[C@@H](CCCCCCC(=O)O)[C@@H]2C[C@H]1OO2,NTAYABHEVAQSJS-BRIYLRKRSA-N,3246811,hit,CID3246811,NO_CID_245b9e338313,,hit,1,,1,1,1,1
1098,CCCCC[C@H](O)/C=C/[C@@H]1[C@@H](CCCCCCC(=O)O)[C@@H]2C[C@H]1OO2,True,CCCCCC(O)C=CC1C2CC(OO2)C1CCCCCCC(=O)O,CCCCC[C@H](O)/C=C/[C@@H]1[C@@H](CCCCCCC(=O)O)[C@@H]2C[C@H]1OO2,NTAYABHEVAQSJS-CDIPTNKSSA-N,5283048,hit,CID5283048,NO_CID_6b091c0ac602,,hit,1,,1,1,1,1
1099,N[C@H](C(=O)O)[C@@H]1CC(=O)NO1,True,NC(C(=O)O)C1CC(=O)NO1,N[C@H](C(=O)O)[C@@H]1CC(=O)NO1,NTHMUJMQOXQYBR-OKKQSCSOSA-N,441456,hit,CID441456,NO_CID_eda528ea95f7,,hit,1,,1,1,1,1
1100,Oc1ccc([C@H]2Oc3cc(O)ccc3[C@H](O)[C@@H]2O)cc1,True,Oc1ccc(C2Oc3cc(O)ccc3C(O)C2O)cc1,Oc1ccc([C@H]2Oc3cc(O)ccc3[C@H](O)[C@@H]2O)cc1,NTLUSUFJOUMRLA-SOUVJXGZSA-N,13886897,hit,CID13886897,NO_CID_1a73c8e85ad1,,hit,1,,1,1,1,1
1101,Cc1[nH]c2cccc(-c3ccccc3)c2c1CC(N)C(=O)O,True,Cc1[nH]c2cccc(-c3ccccc3)c2c1CC(N)C(=O)O,Cc1[nH]c2cccc(-c3ccccc3)c2c1CC(N)C(=O)O,NTLZSFUAXZLIAI-UHFFFAOYSA-N,122499482,hit,CID122499482,NO_CID_ab635a15c5df,,hit,1,,1,1,1,1
1102,NC(Cc1c[nH]c2cc(C3CC3)ccc12)C(=O)O,True,NC(Cc1c[nH]c2cc(C3CC3)ccc12)C(=O)O,NC(Cc1c[nH]c2cc(C3CC3)ccc12)C(=O)O,NTMMPTCLRKQDRB-UHFFFAOYSA-N,122499602,hit,CID122499602,NO_CID_210fa71e74e4,,hit,1,,1,1,1,1
1103,COc1ccc(C(C)=O)cc1,True,COc1ccc(C(C)=O)cc1,COc1ccc(C(C)=O)cc1,NTPLXRHDUXRPNE-UHFFFAOYSA-N,7476,hit,CID7476,NO_CID_4da4578ea77c,,hit,1,,1,1,1,1
1104,CC1(C)CC[C@]2(C)CC[C@]3(C)C(=CC[C@@H]4[C@@]5(C)CCC(O)C(C)(CO)C5CC[C@]43C)[C@H]2C1,True,CC1(C)CCC2(C)CCC3(C)C(=CCC4C5(C)CCC(O)C(C)(CO)C5CCC43C)C2C1,CC1(C)CC[C@]2(C)CC[C@]3(C)C(=CC[C@@H]4[C@@]5(C)CCC(O)C(C)(CO)C5CC[C@]43C)[C@H]2C1,NTWLPZMPTFQYQI-CKRSNBQPSA-N,71307357,hit,CID71307357,NO_CID_ce17bfab5f4f,,hit,1,,1,1,1,1
1105,CC1(C)CC[C@]2(C)CC[C@]3(C)C(=CC[C@@H]4[C@@]5(C)CC[C@H](O)[C@](C)(CO)[C@@H]5CC[C@]43C)[C@@H]2C1,True,CC1(C)CCC2(C)CCC3(C)C(=CCC4C5(C)CCC(O)C(C)(CO)C5CCC43C)C2C1,CC1(C)CC[C@]2(C)CC[C@]3(C)C(=CC[C@@H]4[C@@]5(C)CC[C@H](O)[C@](C)(CO)[C@@H]5CC[C@]43C)[C@@H]2C1,NTWLPZMPTFQYQI-FLZFTVBESA-N,14167253,hit,CID14167253,NO_CID_b6f08853f549,,hit,1,,1,1,1,1
1106,COc1ccc(C(=O)O)cn1,True,COc1ccc(C(=O)O)cn1,COc1ccc(C(=O)O)cn1,NVDJVEQITUWZDT-UHFFFAOYSA-N,592499,hit,CID592499,NO_CID_c9704c9eb92b,,hit,1,,1,0,1,1
1107,C[C@]12CCC(=O)C[C@@H]1CC[C@@H]1[C@@H]2CC[C@]2(C)[C@@H](O)CC[C@@H]12,True,CC12CCC3C(CCC4CC(=O)CCC43C)C1CCC2O,C[C@]12CCC(=O)C[C@@H]1CC[C@@H]1[C@@H]2CC[C@]2(C)[C@@H](O)CC[C@@H]12,NVKAWKQGWWIWPM-ABEVXSGRSA-N,10635,hit,CID10635,NO_CID_a1ec01b3e472,,hit,1,,1,1,1,1
1108,CCC(C)CC(C)CC(C)CC(C)O,True,CCC(C)CC(C)CC(C)CC(C)O,CCC(C)CC(C)CC(C)CC(C)O,NVXWVVCXXXEBED-UHFFFAOYSA-N,85385472,hit,CID85385472,NO_CID_2c72976f272f,,hit,1,,1,1,0,1
1109,COC(=O)/C=C(\C)CC/C=C(\C)CCC=C(C)C,True,COC(=O)C=C(C)CCC=C(C)CCC=C(C)C,COC(=O)/C=C(\C)CC/C=C(\C)CCC=C(C)C,NWKXNIPBVLQYAB-VDQVFBMKSA-N,5275508,hit,CID5275508,NO_CID_049adfb4f192,,hit,1,,1,1,1,1
1110,NC(Cc1c[nH]c2cc(O)ccc12)C(=O)O,True,NC(Cc1c[nH]c2cc(O)ccc12)C(=O)O,NC(Cc1c[nH]c2cc(O)ccc12)C(=O)O,NXANGIZFHQQBCC-UHFFFAOYSA-N,9899317,hit,CID9899317,NO_CID_da8b601dd7ee,,hit,1,,1,1,1,1
1111,N[C@@H](Cc1c[nH]c2cc(O)ccc12)C(=O)O,True,NC(Cc1c[nH]c2cc(O)ccc12)C(=O)O,N[C@@H](Cc1c[nH]c2cc(O)ccc12)C(=O)O,NXANGIZFHQQBCC-VIFPVBQESA-N,49867758,hit,CID49867758,NO_CID_fec0a74be032,,hit,1,,1,1,1,1
1112,NC(Cc1ccccc1F)C(=O)O,True,NC(Cc1ccccc1F)C(=O)O,NC(Cc1ccccc1F)C(=O)O,NYCRCTMDYITATC-UHFFFAOYSA-N,9465,hit,CID9465,NO_CID_3868fe2af323,,hit,1,,1,1,1,1
1113,C=CCc1ccc(F)cc1,True,C=CCc1ccc(F)cc1,C=CCc1ccc(F)cc1,NYFIDHXRJSCAOZ-UHFFFAOYSA-N,11147749,hit,CID11147749,NO_CID_25029cdd6240,,hit,1,,1,1,1,1
1114,C[C@@H]1CC[C@@H]2[C@@H](CC[C@@H](O)C[C@@H](O)CC(=O)[O-])[C@@H](C)C=C[C@H]2C1,True,CC1CCC2C(C=CC(C)C2CCC(O)CC(O)CC(=O)[O-])C1,C[C@@H]1CC[C@@H]2[C@@H](CC[C@@H](O)C[C@@H](O)CC(=O)[O-])[C@@H](C)C=C[C@H]2C1,NYKUCCPVLWRDEZ-VCWNUMGPSA-M,86289732,hit,CID86289732,NO_CID_3f07c05d77a5,,hit,1,,1,1,1,1
1115,C[C@@H]1CC[C@@H]2[C@@H](CC[C@@H](O)C[C@@H](O)CC(=O)O)[C@@H](C)C=C[C@H]2C1,True,CC1CCC2C(C=CC(C)C2CCC(O)CC(O)CC(=O)O)C1,C[C@@H]1CC[C@@H]2[C@@H](CC[C@@H](O)C[C@@H](O)CC(=O)O)[C@@H](C)C=C[C@H]2C1,NYKUCCPVLWRDEZ-VCWNUMGPSA-N,86289733,hit,CID86289733,NO_CID_95c9a5021028,,hit,1,,1,1,1,1
1116,CC(C)CCC[C@@H](C)[C@H]1CC[C@H]2[C@@H]3CCC4=CC(=O)CC[C@]4(C)[C@H]3CC[C@]12C,True,CC(C)CCCC(C)C1CCC2C3CCC4=CC(=O)CCC4(C)C3CCC12C,CC(C)CCC[C@@H](C)[C@H]1CC[C@H]2[C@@H]3CCC4=CC(=O)CC[C@]4(C)[C@H]3CC[C@]12C,NYOXRYYXRWJDKP-GYKMGIIDSA-N,91477,hit,CID91477,NO_CID_9765a55d3600,,hit,1,,1,1,1,1
1117,CC(C)=C1CC[C@@H](C)CC1=O,True,CC(C)=C1CCC(C)CC1=O,CC(C)=C1CC[C@@H](C)CC1=O,NZGWDASTMWDZIW-MRVPVSSYSA-N,442495,hit,CID442495,NO_CID_0e0c00073ee7,,hit,1,,1,1,1,1
1118,COc1cccc(-c2ccc(C(=O)O)cc2)c1,True,COc1cccc(-c2ccc(C(=O)O)cc2)c1,COc1cccc(-c2ccc(C(=O)O)cc2)c1,OAMJQKDGQYAQKD-UHFFFAOYSA-N,2759551,hit,CID2759551,NO_CID_da68100dcfd9,,hit,1,,1,1,1,1
1119,NC(Cc1c[nH]c2cc(Br)ccc12)C(=O)O,True,NC(Cc1c[nH]c2cc(Br)ccc12)C(=O)O,NC(Cc1c[nH]c2cc(Br)ccc12)C(=O)O,OAORYCZPERQARS-UHFFFAOYSA-N,3496442,hit,CID3496442,NO_CID_9cd1f1d6a1f4,,hit,1,,1,1,1,1
1120,C#CCCCCCCCCC(=O)O,True,C#CCCCCCCCCC(=O)O,C#CCCCCCCCCC(=O)O,OAOUTNMJEFWJPO-UHFFFAOYSA-N,31039,hit,CID31039,NO_CID_d326949fdf74,,hit,1,,1,1,1,1
1121,CC(C)C[C@@H](O)[C@H](O)[C@@H](C)[C@H]1CC[C@H]2[C@@H]3C[C@H](O)[C@H]4C[C@H](O)[C@H](O)C[C@]4(C)[C@H]3CC[C@]12C,True,CC(C)CC(O)C(O)C(C)C1CCC2C3CC(O)C4CC(O)C(O)CC4(C)C3CCC12C,CC(C)C[C@@H](O)[C@H](O)[C@@H](C)[C@H]1CC[C@H]2[C@@H]3C[C@H](O)[C@H]4C[C@H](O)[C@H](O)C[C@]4(C)[C@H]3CC[C@]12C,OAYNXMLLFRHUSD-RRLWMNRQSA-N,162422397,hit,CID162422397,NO_CID_4cc9ab9e1779,,hit,1,,1,1,1,1
1122,CCC1OC(=O)CC(O)C(C)C(OC2OC(C)CC(N(C)C)C2O)C(CC=O)CC(C)C(=O)C=CC(C)=CC1C,True,CCC1OC(=O)CC(O)C(C)C(OC2OC(C)CC(N(C)C)C2O)C(CC=O)CC(C)C(=O)C=CC(C)=CC1C,CCC1OC(=O)CC(O)C(C)C(OC2OC(C)CC(N(C)C)C2O)C(CC=O)CC(C)C(=O)C=CC(C)=CC1C,OBUIQEYZGMZXPJ-UHFFFAOYSA-N,41968,hit,CID41968,NO_CID_287f6d518e78,,hit,1,,1,1,1,1
1123,CC(C)[C@H]1CN[C@@H](Cc2c[nH]c3ccccc23)C[NH+]1C,True,CC(C)C1CNC(Cc2c[nH]c3ccccc23)C[NH+]1C,CC(C)[C@H]1CN[C@@H](Cc2c[nH]c3ccccc23)C[NH+]1C,OCCKAKOLIXUXRM-WMLDXEAASA-O,172429323,hit,CID172429323,NO_CID_36ee24d2ec2f,,hit,1,,1,1,1,1
1124,Clc1ccc(Cl)cc1,True,Clc1ccc(Cl)cc1,Clc1ccc(Cl)cc1,OCJBOOLMMGQPQU-UHFFFAOYSA-N,4685,hit,CID4685,NO_CID_c51ef5b002d9,,hit,1,,1,1,1,1
1125,C/C1=C\CC[C@@]2(C)O[C@@H]2C(=O)C2=CC[C@@H](C)[C@@](C)(CC1)[C@@H]2C,True,CC1=CCCC2(C)OC2C(=O)C2=CCC(C)C(C)(CC1)C2C,C/C1=C\CC[C@@]2(C)O[C@@H]2C(=O)C2=CC[C@@H](C)[C@@](C)(CC1)[C@@H]2C,OCJCMHBRLOVEIE-UAZDKMEJSA-N,,cid0_no_match,NO_CID_e8740ddd2591,NO_CID_e8740ddd2591,,cid0_no_match,0,,1,1,1,1
1126,CO[C@H]1/C=C/O[C@@]2(C)Oc3c(C)c(O)c4c(O)c(cc(OC(=O)CO)c4c3C2=O)NC(=O)/C(C)=C\C=C\[C@H](C)[C@H](O)[C@@H](C)[C@@H](O)[C@@H](C)[C@H](OC(C)=O)[C@@H]1C,True,COC1C=COC2(C)Oc3c(C)c(O)c4c(O)c(cc(OC(=O)CO)c4c3C2=O)NC(=O)C(C)=CC=CC(C)C(O)C(C)C(O)C(C)C(OC(C)=O)C1C,CO[C@H]1/C=C/O[C@@]2(C)Oc3c(C)c(O)c4c(O)c(cc(OC(=O)CO)c4c3C2=O)NC(=O)/C(C)=C\C=C\[C@H](C)[C@H](O)[C@@H](C)[C@@H](O)[C@@H](C)[C@H](OC(C)=O)[C@@H]1C,OCUBKDJIPNISSD-KTQDUKAHSA-N,138319298,hit,CID138319298,NO_CID_e2ecdabde12b,,hit,1,,1,1,1,1
1127,CO[C@H]1/C=C/O[C@@]2(C)Oc3c(C)c(O)c4c(O)c(cc(OC(=O)CO)c4c3C2=O)NC(=O)/C(C)=C/C=C/[C@H](C)[C@H](O)[C@@H](C)[C@@H](O)[C@@H](C)[C@H](OC(C)=O)[C@@H]1C,True,COC1C=COC2(C)Oc3c(C)c(O)c4c(O)c(cc(OC(=O)CO)c4c3C2=O)NC(=O)C(C)=CC=CC(C)C(O)C(C)C(O)C(C)C(OC(C)=O)C1C,CO[C@H]1/C=C/O[C@@]2(C)Oc3c(C)c(O)c4c(O)c(cc(OC(=O)CO)c4c3C2=O)NC(=O)/C(C)=C/C=C/[C@H](C)[C@H](O)[C@@H](C)[C@@H](O)[C@@H](C)[C@H](OC(C)=O)[C@@H]1C,OCUBKDJIPNISSD-WPPPCPPGSA-N,134613146,hit,CID134613146,NO_CID_2d3ff15a0658,,hit,1,,1,1,1,1
1128,CCCc1ccccc1,True,CCCc1ccccc1,CCCc1ccccc1,ODLMAHJVESYWTB-UHFFFAOYSA-N,7668,hit,CID7668,NO_CID_d9bcfa2e82a1,,hit,1,,1,1,1,1
1129,Oc1ccc2c(c1)O[C@H]1c3ccc(O)cc3OC[C@@H]21,True,Oc1ccc2c(c1)OC1c3ccc(O)cc3OCC21,Oc1ccc2c(c1)O[C@H]1c3ccc(O)cc3OC[C@@H]21,ODMIEGVTNZNSLD-WFASDCNBSA-N,162933,hit,CID162933,NO_CID_088d4229b560,,hit,1,,1,1,1,1
1130,COC(=O)c1c(C)cc(OC(=O)c2c(C)cc(O)c(C)c2O)c(C)c1O,True,COC(=O)c1c(C)cc(OC(=O)c2c(C)cc(O)c(C)c2O)c(C)c1O,COC(=O)c1c(C)cc(OC(=O)c2c(C)cc(O)c(C)c2O)c(C)c1O,ODMVDRJFBPXTRQ-UHFFFAOYSA-N,10451136,hit,CID10451136,NO_CID_be16a0dba18c,,hit,1,,1,0,1,1
1131,CC(C)=CC(O)C/C(C)=C/CC/C(C)=C/Cc1c(C)[nH]c2ccccc2c1=O,True,CC(C)=CC(O)CC(C)=CCCC(C)=CCc1c(C)[nH]c2ccccc2c1=O,CC(C)=CC(O)C/C(C)=C/CC/C(C)=C/Cc1c(C)[nH]c2ccccc2c1=O,ODRSQPIWTIGZOH-VAKGXLRMSA-N,90658652,hit,CID90658652,NO_CID_b6917680c523,,hit,1,,1,1,1,1
1132,CC(C)=C[C@H](O)C/C(C)=C/CC/C(C)=C/Cc1c(C)[nH]c2ccccc2c1=O,True,CC(C)=CC(O)CC(C)=CCCC(C)=CCc1c(C)[nH]c2ccccc2c1=O,CC(C)=C[C@H](O)C/C(C)=C/CC/C(C)=C/Cc1c(C)[nH]c2ccccc2c1=O,ODRSQPIWTIGZOH-ZDQFAWOQSA-N,72376499,hit,CID72376499,NO_CID_f5ab2b96a500,,hit,1,,1,1,1,1
1133,C=CCN(Cc1ccccc1)C(=O)C(C)(C)Br,True,C=CCN(Cc1ccccc1)C(=O)C(C)(C)Br,C=CCN(Cc1ccccc1)C(=O)C(C)(C)Br,OEEVFZWJDBKJAW-UHFFFAOYSA-N,71490651,hit,CID71490651,NO_CID_2025118d3567,,hit,1,,1,1,1,1
1134,Cn1cc(CC(N)C(=O)O)c2cc(-c3ccncc3)ccc21,True,Cn1cc(CC(N)C(=O)O)c2cc(-c3ccncc3)ccc21,Cn1cc(CC(N)C(=O)O)c2cc(-c3ccncc3)ccc21,OEFRIRUEMADKDK-UHFFFAOYSA-N,122499644,hit,CID122499644,NO_CID_5f06d3110742,,hit,1,,1,1,1,1
1135,CC1=C(/C=C/C(C)=C/C=C/C(C)=C/C=C/C=C(C)/C=C/C=C(C)/C=C/C2=C(C)CCCC2(C)C)C(C)(C)CCC1,True,CC(C=CC=C(C)C=CC1=C(C)CCCC1(C)C)=CC=CC=C(C)C=CC=C(C)C=CC1=C(C)CCCC1(C)C,CC1=C(/C=C/C(C)=C/C=C/C(C)=C/C=C/C=C(C)/C=C/C=C(C)/C=C/C2=C(C)CCCC2(C)C)C(C)(C)CCC1,OENHQHLEOONYIE-JLTXGRSLSA-N,5280489,hit,CID5280489,NO_CID_4211365770e8,,hit,1,,1,1,1,1
1136,CCCCC,True,CCCCC,CCCCC,OFBQJSOFQDEBGM-UHFFFAOYSA-N,8003,hit,CID8003,NO_CID_17b80bc751e1,,hit,1,,1,1,1,1
1137,C=C1/C(=C\C=C2/CCC[C@]3(C)[C@@H]([C@H](C)CCCC(C)C)CC[C@@H]23)C[C@@H](O)C[C@@H]1O,True,C=C1C(=CC=C2CCCC3(C)C2CCC3C(C)CCCC(C)C)CC(O)CC1O,C=C1/C(=C\C=C2/CCC[C@]3(C)[C@@H]([C@H](C)CCCC(C)C)CC[C@@H]23)C[C@@H](O)C[C@@H]1O,OFHCOWSQAMBJIW-AVJTYSNKSA-N,5282181,hit,CID5282181,NO_CID_028c2ad8231c,,hit,1,,1,1,1,1
1138,C=C1/C(=C\C=C2/CCC[C@@]3(C)C2CCC3[C@H](C)CCCC(C)C)C[C@@H](O)C[C@@H]1O,True,C=C1C(=CC=C2CCCC3(C)C2CCC3C(C)CCCC(C)C)CC(O)CC1O,C=C1/C(=C\C=C2/CCC[C@@]3(C)C2CCC3[C@H](C)CCCC(C)C)C[C@@H](O)C[C@@H]1O,OFHCOWSQAMBJIW-FYUZAJCDSA-N,53487908,hit,CID53487908,NO_CID_0e0baa624d95,,hit,1,,1,1,1,1
1139,C=C1C(=CC=C2CCCC3(C)C2CCC3C(C)CCCC(C)C)CC(O)CC1O,True,C=C1C(=CC=C2CCCC3(C)C2CCC3C(C)CCCC(C)C)CC(O)CC1O,C=C1C(=CC=C2CCCC3(C)C2CCC3C(C)CCCC(C)C)CC(O)CC1O,OFHCOWSQAMBJIW-UHFFFAOYSA-N,2091,hit,CID2091,NO_CID_b15e14169e18,,hit,1,,1,1,1,1
1140,NC(Cc1c[nH]c2cccc(Br)c12)C(=O)O,True,NC(Cc1c[nH]c2cccc(Br)c12)C(=O)O,NC(Cc1c[nH]c2cccc(Br)c12)C(=O)O,OFKIVYVSESEHFZ-UHFFFAOYSA-N,11748029,hit,CID11748029,NO_CID_c0e9b82b1f8c,,hit,1,,1,1,1,1
1141,C[C@H]1C(=O)CC[C@@H]2[C@]1(C)CC[C@H]1[C@@]2(C)CC[C@@]2(C)[C@@H]3CC(C)(C)CC[C@]3(C)CC[C@]12C,True,CC1C(=O)CCC2C1(C)CCC1C2(C)CCC2(C)C3CC(C)(C)CCC3(C)CCC12C,C[C@H]1C(=O)CC[C@@H]2[C@]1(C)CC[C@H]1[C@@]2(C)CC[C@@]2(C)[C@@H]3CC(C)(C)CC[C@]3(C)CC[C@]12C,OFMXGFHWLZPCFL-SVRPQWSVSA-N,91472,hit,CID91472,NO_CID_ffe884afca42,,hit,1,,1,1,1,1
1142,Cn1c(CC(N)C(=O)O)cc2cccc(O)c21,True,Cn1c(CC(N)C(=O)O)cc2cccc(O)c21,Cn1c(CC(N)C(=O)O)cc2cccc(O)c21,OGWBINJGJHKBOJ-UHFFFAOYSA-N,,cid0_no_match,NO_CID_7be8582c33ca,NO_CID_7be8582c33ca,,cid0_no_match,0,,1,1,1,1
1143,C[C@]12C=CC(=O)C=C1CC[C@@H]1[C@@H]2[C@@H](O)C[C@@]2(C)[C@H]1CC[C@]2(O)C(=O)CO,True,CC12C=CC(=O)C=C1CCC1C2C(O)CC2(C)C1CCC2(O)C(=O)CO,C[C@]12C=CC(=O)C=C1CC[C@@H]1[C@@H]2[C@@H](O)C[C@@]2(C)[C@H]1CC[C@]2(O)C(=O)CO,OIGNJSKKLXVSLS-VWUMJDOOSA-N,5755,rescued_retry,CID5755,NO_CID_9b975e5e3d42,,rescued_retry,1,RemoteDisconnected: Remote end closed connection without response,1,1,1,1
1144,CC[C@@H]1C[C@@H]2C[C@@H]3[C@H]4C/C=C\C(=O)NCCC[C@@H]5NC(=O)/C(=C(O)/C=C/[C@@H]4C[C@H](O)[C@H]3[C@@H]2[C@H]1C)C5=O,True,CCC1CC2CC3C4CC=CC(=O)NCCCC5NC(=O)C(=C(O)C=CC4CC(O)C3C2C1C)C5=O,CC[C@@H]1C[C@@H]2C[C@@H]3[C@H]4C/C=C\C(=O)NCCC[C@@H]5NC(=O)/C(=C(O)/C=C/[C@@H]4C[C@H](O)[C@H]3[C@@H]2[C@H]1C)C5=O,OISJWCVQNCEVJJ-CRQYIVFNSA-N,169410433,hit,CID169410433,NO_CID_70b83d42427b,,hit,1,,1,1,1,1
1145,O=C(O)c1ccc(CCl)cc1,True,O=C(O)c1ccc(CCl)cc1,O=C(O)c1ccc(CCl)cc1,OITNBJHJJGMFBN-UHFFFAOYSA-N,74234,hit,CID74234,NO_CID_9f492fbd22b9,,hit,1,,1,1,1,1
1146,CC1=COC(O)[C@H]2[C@@H]1CC[C@@H]2C,True,CC1=COC(O)C2C(C)CCC12,CC1=COC(O)[C@H]2[C@@H]1CC[C@@H]2C,OJGPEAXUHQRLNC-CEPLBNANSA-N,11652906,hit,CID11652906,NO_CID_89a157b55a78,,hit,1,,1,1,1,1
1147,CC1=CO[C@@H](O)[C@H]2[C@@H]1CC[C@@H]2C,True,CC1=COC(O)C2C(C)CCC12,CC1=CO[C@@H](O)[C@H]2[C@@H]1CC[C@@H]2C,OJGPEAXUHQRLNC-JZKKDOLYSA-N,442438,hit,CID442438,NO_CID_f651c08feaa1,,hit,1,,1,1,1,1
1148,CC(C)=CCC/C(C)=C/CC/C(C)=C/CC/C(C)=C/CO,True,CC(C)=CCCC(C)=CCCC(C)=CCCC(C)=CCO,CC(C)=CCC/C(C)=C/CC/C(C)=C/CC/C(C)=C/CO,OJISWRZIEWCUBN-QIRCYJPOSA-N,5281365,rescued_retry,CID5281365,NO_CID_95238e89c0fe,,rescued_retry,1,URLError: <urlopen error [SSL: UNEXPECTED_EOF_WHILE_READING] EOF occurred in violation of protocol (_ssl.c:1000)>,1,1,1,1
1149,CC(C)C[C@@H](O)[C@H](O)[C@@H](C)[C@H]1CC[C@H]2[C@@H]3C[C@H](O)[C@H]4CC(=O)CC[C@]4(C)[C@H]3CC[C@]12C,True,CC(C)CC(O)C(O)C(C)C1CCC2C3CC(O)C4CC(=O)CCC4(C)C3CCC12C,CC(C)C[C@@H](O)[C@H](O)[C@@H](C)[C@H]1CC[C@H]2[C@@H]3C[C@H](O)[C@H]4CC(=O)CC[C@]4(C)[C@H]3CC[C@]12C,OJTWEEFPSNPVQC-GFEZGRAESA-N,162422394,hit,CID162422394,NO_CID_21b0e31a80d9,,hit,1,,1,1,1,1
1150,C=Cc1cccc2c1c(CC(N)C(=O)O)c(C)n2C,True,C=Cc1cccc2c1c(CC(N)C(=O)O)c(C)n2C,C=Cc1cccc2c1c(CC(N)C(=O)O)c(C)n2C,OKNAHJIWGICJPS-UHFFFAOYSA-N,134259618,hit,CID134259618,NO_CID_f8710740df42,,hit,1,,1,1,1,1
1151,COc1cc2c(cc1O)C(Cc1ccc(OC)c(OC)c1)N(C)CC2,True,COc1cc2c(cc1O)C(Cc1ccc(OC)c(OC)c1)N(C)CC2,COc1cc2c(cc1O)C(Cc1ccc(OC)c(OC)c1)N(C)CC2,OKORHWXYDBSYNO-UHFFFAOYSA-N,89421,hit,CID89421,NO_CID_e65182e7d324,,hit,1,,1,1,1,1
1152,OCc1cccc(O)c1,True,OCc1cccc(O)c1,OCc1cccc(O)c1,OKVJCVWFVRATSG-UHFFFAOYSA-N,102,hit,CID102,NO_CID_d792616f44b5,,hit,1,,1,1,1,1
1153,CCOc1ccc2c(C(F)(F)F)cc(=O)oc2c1,True,CCOc1ccc2c(C(F)(F)F)cc(=O)oc2c1,CCOc1ccc2c(C(F)(F)F)cc(=O)oc2c1,OLHOIERZAZMHGK-UHFFFAOYSA-N,130779,hit,CID130779,NO_CID_168213b4c09b,,hit,1,,1,1,1,1
1154,Cc1cc(O)ccc1C[C@@H]1NC(=O)[C@H](Cc2ccc(O)cc2)NC1=O,True,Cc1cc(O)ccc1CC1NC(=O)C(Cc2ccc(O)cc2)NC1=O,Cc1cc(O)ccc1C[C@@H]1NC(=O)[C@H](Cc2ccc(O)cc2)NC1=O,OLLRPTQZHVLIEA-IRXDYDNUSA-N,146020563,hit,CID146020563,NO_CID_5fc3231d90a8,,hit,1,,1,1,1,1
1155,CC(C)=CCOc1c2occc2cc2ccc(=O)oc12,True,CC(C)=CCOc1c2occc2cc2ccc(=O)oc12,CC(C)=CCOc1c2occc2cc2ccc(=O)oc12,OLOOJGVNMBJLLR-UHFFFAOYSA-N,10212,hit,CID10212,NO_CID_77308b7fb45f,,hit,1,,1,1,1,1
1156,C[C@@H]1[C@@H](O)[C@@H](C)C[C@H](C)C(=O)[C@H](C)[C@@H](O)[C@@H](C)[C@@H](C)OC(=O)[C@H](C)[C@H]1O,True,CC1CC(C)C(O)C(C)C(O)C(C)C(=O)OC(C)C(C)C(O)C(C)C1=O,C[C@@H]1[C@@H](O)[C@@H](C)C[C@H](C)C(=O)[C@H](C)[C@@H](O)[C@@H](C)[C@@H](C)OC(=O)[C@H](C)[C@H]1O,OLPAVFVRSHWADO-ODNSKKOKSA-N,154702645,hit,CID154702645,NO_CID_8b097888b8d3,,hit,1,,1,1,1,1
1157,Cc1[nH]c2c(N3CCOCC3)cccc2c1CC(N)C(=O)O,True,Cc1[nH]c2c(N3CCOCC3)cccc2c1CC(N)C(=O)O,Cc1[nH]c2c(N3CCOCC3)cccc2c1CC(N)C(=O)O,OLWVBIQXOARKAF-UHFFFAOYSA-N,122499623,hit,CID122499623,NO_CID_466ee87385b6,,hit,1,,1,1,1,1
1158,C[C@]12C[C@H](O)[C@H]3[C@@H](CCC4=CC(=O)CC[C@@]43C)[C@@H]1CC[C@@H]2C(=O)CO,True,CC12CCC(=O)C=C1CCC1C2C(O)CC2(C)C(C(=O)CO)CCC12,C[C@]12C[C@H](O)[C@H]3[C@@H](CCC4=CC(=O)CC[C@@]43C)[C@@H]1CC[C@@H]2C(=O)CO,OMFXVFTZEKFJBZ-HJTSIMOOSA-N,5753,hit,CID5753,NO_CID_47ebcc90c7bf,,hit,1,,1,1,1,1
1159,COc1cc(C[C@H]2CN(C(C)=O)[C@@H](Cc3ccccc3)CN2C(=O)/C=C/c2ccccc2)cc(OC)c1O,True,COc1cc(CC2CN(C(C)=O)C(Cc3ccccc3)CN2C(=O)C=Cc2ccccc2)cc(OC)c1O,COc1cc(C[C@H]2CN(C(C)=O)[C@@H](Cc3ccccc3)CN2C(=O)/C=C/c2ccccc2)cc(OC)c1O,OMTJOJRPQJQFEV-HHJSHYQQSA-N,169492346,hit,CID169492346,NO_CID_d9c7bb5a1dfb,,hit,1,,1,1,1,1
1160,C=Cc1cccc2c(C[C@H](N)C(=O)O)c[nH]c12,True,C=Cc1cccc2c(CC(N)C(=O)O)c[nH]c12,C=Cc1cccc2c(C[C@H](N)C(=O)O)c[nH]c12,ONDBOOLPBFWQNE-NSHDSACASA-N,122499593,hit,CID122499593,NO_CID_f088a96ae2f0,,hit,1,,1,1,1,1
1161,C=Cc1cccc2c(CC(N)C(=O)O)c[nH]c12,True,C=Cc1cccc2c(CC(N)C(=O)O)c[nH]c12,C=Cc1cccc2c(CC(N)C(=O)O)c[nH]c12,ONDBOOLPBFWQNE-UHFFFAOYSA-N,122499654,hit,CID122499654,NO_CID_64bd43d5734f,,hit,1,,1,1,1,1
1162,CC(C)=CCC[C@@H](C)[C@H]1CC[C@@]2(C)[C@@H]3CC[C@H]4C(C)(C)[C@@H](O)CC[C@@]45C[C@@]35CC[C@]12C,True,CC(C)=CCCC(C)C1CCC2(C)C3CCC4C(C)(C)C(O)CCC45CC35CCC12C,CC(C)=CCC[C@@H](C)[C@H]1CC[C@@]2(C)[C@@H]3CC[C@H]4C(C)(C)[C@@H](O)CC[C@@]45C[C@@]35CC[C@]12C,ONQRKEUAIJMULO-YBXTVTTCSA-N,92110,hit,CID92110,NO_CID_f08964892889,,hit,1,,1,1,1,1
1163,C=C1C[C@@]23CCC4C(C)(C)CCC[C@@]4(C)C2CC[C@@H]1C3,True,C=C1CC23CCC4C(C)(C)CCCC4(C)C2CCC1C3,C=C1C[C@@]23CCC4C(C)(C)CCC[C@@]4(C)C2CC[C@@H]1C3,ONVABDHFQKWOSV-DSKYCDPRSA-N,54160126,hit,CID54160126,NO_CID_b1de6e5f31c7,,hit,1,,1,1,1,1
1164,C=C1C[C@@]23CC[C@@H]4C(C)(C)CCC[C@@]4(C)[C@@H]2CC[C@@H]1C3,True,C=C1CC23CCC4C(C)(C)CCCC4(C)C2CCC1C3,C=C1C[C@@]23CC[C@@H]4C(C)(C)CCC[C@@]4(C)[C@@H]2CC[C@@H]1C3,ONVABDHFQKWOSV-HPUSYDDDSA-N,11966109,hit,CID11966109,NO_CID_7384116b2b8c,,hit,1,,1,1,1,1
1165,O=C(O)c1ccc(CCCl)cc1,True,O=C(O)c1ccc(CCCl)cc1,O=C(O)c1ccc(CCCl)cc1,OOAPBGPLZAFZSO-UHFFFAOYSA-N,88712,hit,CID88712,NO_CID_b833d8cdb69b,,hit,1,,1,1,1,1
1166,COc1ccc(-c2oc3c(OC)c(OC)c(OC)c(OC)c3c(=O)c2O)cc1,True,COc1ccc(-c2oc3c(OC)c(OC)c(OC)c(OC)c3c(=O)c2O)cc1,COc1ccc(-c2oc3c(OC)c(OC)c(OC)c(OC)c3c(=O)c2O)cc1,OOAXTXAQDYRKFM-UHFFFAOYSA-N,10715291,hit,CID10715291,NO_CID_dc38ba7f6386,,hit,1,,1,1,1,1
1167,CC1=CC(=O)C[C@@](C)(CF)[C@@]1(O)/C=C/C(C)=C\C(=O)O,True,CC(C=CC1(O)C(C)=CC(=O)CC1(C)CF)=CC(=O)O,CC1=CC(=O)C[C@@](C)(CF)[C@@]1(O)/C=C/C(C)=C\C(=O)O,OOKTZCMLEXZZTR-QOMXHDIWSA-N,10612878,rescued_retry,CID10612878,NO_CID_fbc670672471,,rescued_retry,1,RemoteDisconnected: Remote end closed connection without response,1,1,1,1
1168,CC1=CC(=O)C[C@](C)(CF)[C@@]1(O)/C=C/C(C)=C\C(=O)O,True,CC(C=CC1(O)C(C)=CC(=O)CC1(C)CF)=CC(=O)O,CC1=CC(=O)C[C@](C)(CF)[C@@]1(O)/C=C/C(C)=C\C(=O)O,OOKTZCMLEXZZTR-ZSIFGTMLSA-N,10802831,hit,CID10802831,NO_CID_d74d13cd2ffe,,hit,1,,1,1,1,1
1169,C=C[C@]1(C)CC[C@@H](C(=C)C)C[C@H]1C(=C)C,True,C=CC1(C)CCC(C(=C)C)CC1C(=C)C,C=C[C@]1(C)CC[C@@H](C(=C)C)C[C@H]1C(=C)C,OPFTUNCRGUEPRZ-QLFBSQMISA-N,6918391,hit,CID6918391,NO_CID_569f19c809a7,,hit,1,,1,1,0,1
1170,Cc1c(CC(N)C(=O)O)c2cc(N3CCOCC3)ccc2n1C,True,Cc1c(CC(N)C(=O)O)c2cc(N3CCOCC3)ccc2n1C,Cc1c(CC(N)C(=O)O)c2cc(N3CCOCC3)ccc2n1C,OPXUAOFLOJWDOZ-UHFFFAOYSA-N,122499653,hit,CID122499653,NO_CID_e7f4062604c5,,hit,1,,1,1,1,1
1171,COc1cc2c(c3oc(=O)c4c(c13)CCC4=O)[C@@H]1C=CO[C@@H]1O2,True,COc1cc2c(c3oc(=O)c4c(c13)CCC4=O)C1C=COC1O2,COc1cc2c(c3oc(=O)c4c(c13)CCC4=O)[C@@H]1C=CO[C@@H]1O2,OQIQSTLJSLGHID-WNWIJWBNSA-N,186907,hit,CID186907,NO_CID_b822c777370d,,hit,1,,1,1,1,1
1172,CC(C)=CCCC1(C)OC1CCC1(C)C2CC3C(C2)C31C,True,CC(C)=CCCC1(C)OC1CCC1(C)C2CC3C(C2)C31C,CC(C)=CCCC1(C)OC1CCC1(C)C2CC3C(C2)C31C,OQMFRPMPPVEEMJ-UHFFFAOYSA-N,154586203,hit,CID154586203,NO_CID_9db1a780ac6d,,hit,1,,1,1,1,1
1173,CN[C@H](C(=O)N[C@H](CO)Cc1c[nH]c2ccccc12)C(C)C,True,CNC(C(=O)NC(CO)Cc1c[nH]c2ccccc12)C(C)C,CN[C@H](C(=O)N[C@H](CO)Cc1c[nH]c2ccccc12)C(C)C,OQYFURUBPANIIX-BBRMVZONSA-N,91115345,hit,CID91115345,NO_CID_f0f912442a10,,hit,1,,1,1,1,1
1174,C1C2CC3CC1CC(C2)C3,True,C1C2CC3CC1CC(C2)C3,C1C2CC3CC1CC(C2)C3,ORILYTVJVMAKLC-UHFFFAOYSA-N,9238,hit,CID9238,NO_CID_397fac64c7aa,,hit,1,,1,1,1,1
1175,CC1=CCCC(C)(C)[C@H]1/C=C/C(C)=C\C(=O)[O-],True,CC(C=CC1C(C)=CCCC1(C)C)=CC(=O)[O-],CC1=CCCC(C)(C)[C@H]1/C=C/C(C)=C\C(=O)[O-],ORMSPYIOCROMQP-PNARZHDTSA-M,129320344,hit,CID129320344,NO_CID_434e834d74e0,,hit,1,,1,1,1,1
1176,CC(=O)[C@H]1CC[C@H]2[C@@H]3CC=C4C[C@@H](O)CC[C@]4(C)[C@H]3CC[C@]12C,True,CC(=O)C1CCC2C3CC=C4CC(O)CCC4(C)C3CCC12C,CC(=O)[C@H]1CC[C@H]2[C@@H]3CC=C4C[C@@H](O)CC[C@]4(C)[C@H]3CC[C@]12C,ORNBQBCIOKFOEO-QGVNFLHTSA-N,8955,hit,CID8955,NO_CID_baabef0b99db,,hit,1,,1,1,1,1
1177,CC(=O)C1CCC2C3CC=C4CC(O)CCC4(C)C3CCC12C,True,CC(=O)C1CCC2C3CC=C4CC(O)CCC4(C)C3CCC12C,CC(=O)C1CCC2C3CC=C4CC(O)CCC4(C)C3CCC12C,ORNBQBCIOKFOEO-UHFFFAOYSA-N,1027,hit,CID1027,NO_CID_5c4836b26ab0,,hit,1,,1,1,1,1
1178,C[C@H](CCC1OC1(C)C)[C@H]1CC[C@H]2[C@@H]3CC=C4C[C@@H](O)CC[C@]4(C)[C@H]3CC[C@]12C,True,CC(CCC1OC1(C)C)C1CCC2C3CC=C4CC(O)CCC4(C)C3CCC12C,C[C@H](CCC1OC1(C)C)[C@H]1CC[C@H]2[C@@H]3CC=C4C[C@@H](O)CC[C@]4(C)[C@H]3CC[C@]12C,OSENKJZWYQXHBN-SUSFDCQQSA-N,9887255,hit,CID9887255,NO_CID_08dfd3ea6f2e,,hit,1,,1,1,1,1
1179,C[C@H](CC[C@@H]1OC1(C)C)[C@H]1CC[C@H]2[C@@H]3CC=C4C[C@@H](O)CC[C@]4(C)[C@H]3CC[C@]12C,True,CC(CCC1OC1(C)C)C1CCC2C3CC=C4CC(O)CCC4(C)C3CCC12C,C[C@H](CC[C@@H]1OC1(C)C)[C@H]1CC[C@H]2[C@@H]3CC=C4C[C@@H](O)CC[C@]4(C)[C@H]3CC[C@]12C,OSENKJZWYQXHBN-XVYZBDJZSA-N,3247059,hit,CID3247059,NO_CID_334cb2ca4451,,hit,1,,1,1,1,1
1180,COc1cccc(C)c1,True,COc1cccc(C)c1,COc1cccc(C)c1,OSIGJGFTADMDOB-UHFFFAOYSA-N,7530,hit,CID7530,NO_CID_98f2a304ea88,,hit,1,,1,1,1,1
1181,O=C1CCCCCCCCCCCCCC1,True,O=C1CCCCCCCCCCCCCC1,O=C1CCCCCCCCCCCCCC1,OSOIQJGOYGSIMF-UHFFFAOYSA-N,10409,hit,CID10409,NO_CID_d79e18f34bcd,,hit,1,,1,1,0,1
1182,Cc1cccc(Cl)c1,True,Cc1cccc(Cl)c1,Cc1cccc(Cl)c1,OSOUNOBYRMOXQQ-UHFFFAOYSA-N,7931,hit,CID7931,NO_CID_770493955358,,hit,1,,1,1,1,1
1183,COc1cccc(CO)c1O,True,COc1cccc(CO)c1O,COc1cccc(CO)c1O,OSZHSESNQIMXMZ-UHFFFAOYSA-N,78088,hit,CID78088,NO_CID_3d09421d3cb8,,hit,1,,1,1,1,1
1184,CC1=CC(O/C=C(C)\C=C\C2=C(C)CCCC2(C)C)OC1=O,True,CC(C=CC1=C(C)CCCC1(C)C)=COC1C=C(C)C(=O)O1,CC1=CC(O/C=C(C)\C=C\C2=C(C)CCCC2(C)C)OC1=O,OTIYLZVFQIMLQH-FRGMPSNRSA-N,66559276,hit,CID66559276,NO_CID_6dd5e66f1d8b,,hit,1,,1,1,1,1
1185,CC1=C[C@H](O/C=C(C)\C=C\C2=C(C)CCCC2(C)C)OC1=O,True,CC(C=CC1=C(C)CCCC1(C)C)=COC1C=C(C)C(=O)O1,CC1=C[C@H](O/C=C(C)\C=C\C2=C(C)CCCC2(C)C)OC1=O,OTIYLZVFQIMLQH-UIUAQFKNSA-N,146264972,hit,CID146264972,NO_CID_b8861a0ad6f6,,hit,1,,1,1,1,1
1186,CC1(C)[C@@H](O)CC[C@]2(C)[C@H]3C(=O)C=C4[C@@H]5C[C@@](C)(C=O)CC[C@]5(C)CC[C@@]4(C)[C@]3(C)CC[C@@H]12,True,CC1(C=O)CCC2(C)CCC3(C)C(=CC(=O)C4C5(C)CCC(O)C(C)(C)C5CCC43C)C2C1,CC1(C)[C@@H](O)CC[C@]2(C)[C@H]3C(=O)C=C4[C@@H]5C[C@@](C)(C=O)CC[C@]5(C)CC[C@@]4(C)[C@]3(C)CC[C@@H]12,OTKNPGBTQXVJNH-DQOTWGJISA-N,70698333,hit,CID70698333,NO_CID_77ee0bfbb680,,hit,1,,1,1,1,1
1187,CC1(C)[C@@H]2CC[C@@]1(C)[C@H](Br)C2,True,CC1(C)C2CCC1(C)C(Br)C2,CC1(C)[C@@H]2CC[C@@]1(C)[C@H](Br)C2,OTOQMOVZIUGCQE-MRTMQBJTSA-N,12504266,hit,CID12504266,NO_CID_d46f46d7055a,,hit,1,,1,1,1,1
1188,N[C@@H](Cc1ccc(O)cc1)C(=O)O,True,NC(Cc1ccc(O)cc1)C(=O)O,N[C@@H](Cc1ccc(O)cc1)C(=O)O,OUYCCCASQSFEME-QMMMGPOBSA-N,6057,hit,CID6057,NO_CID_308a7d328dda,,hit,1,,1,1,1,1
1189,NC(Cc1ccc(O)cc1)C(=O)O,True,NC(Cc1ccc(O)cc1)C(=O)O,NC(Cc1ccc(O)cc1)C(=O)O,OUYCCCASQSFEME-UHFFFAOYSA-N,1153,hit,CID1153,NO_CID_3493787b9978,,hit,1,,1,1,1,1
1190,CCC(C)CC(C)CC(C)O,True,CCC(C)CC(C)CC(C)O,CCC(C)CC(C)CC(C)O,OVVDTMHBELPPCQ-UHFFFAOYSA-N,11672707,hit,CID11672707,NO_CID_a99fc3adb214,,hit,1,,1,1,1,1
1191,Cc1cc(OC(=O)c2c(C)cc(O)c(CO)c2O)c(C)c([O-])c1C(=O)O,True,Cc1cc(OC(=O)c2c(C)cc(O)c(CO)c2O)c(C)c([O-])c1C(=O)O,Cc1cc(OC(=O)c2c(C)cc(O)c(CO)c2O)c(C)c([O-])c1C(=O)O,OWDMCBYTWXMTNI-UHFFFAOYSA-M,164575964,hit,CID164575964,NO_CID_b21b4661793e,,hit,1,,1,1,1,1
1192,CC[C@H]1OC(=O)[C@H](C)C(=O)[C@H](C)[C@@H](O[C@@H]2O[C@H](C)C[C@H](N(C)C)[C@H]2O)[C@@H](C)C[C@@H](C)C(=O)/C=C/[C@H]1C,True,CCC1OC(=O)C(C)C(=O)C(C)C(OC2OC(C)CC(N(C)C)C2O)C(C)CC(C)C(=O)C=CC1C,CC[C@H]1OC(=O)[C@H](C)C(=O)[C@H](C)[C@@H](O[C@@H]2O[C@H](C)C[C@H](N(C)C)[C@H]2O)[C@@H](C)C[C@@H](C)C(=O)/C=C/[C@H]1C,OXFYAOOMMKGGAI-JLTOUBQASA-N,5282036,hit,CID5282036,NO_CID_143f5b36ee6f,,hit,1,,1,1,1,1
1193,CCC1OC(=O)C(C)C(=O)C(C)C(OC2OC(C)CC(N(C)C)C2O)C(C)CC(C)C(=O)C=CC1C,True,CCC1OC(=O)C(C)C(=O)C(C)C(OC2OC(C)CC(N(C)C)C2O)C(C)CC(C)C(=O)C=CC1C,CCC1OC(=O)C(C)C(=O)C(C)C(OC2OC(C)CC(N(C)C)C2O)C(C)CC(C)C(=O)C=CC1C,OXFYAOOMMKGGAI-UHFFFAOYSA-N,74340065,hit,CID74340065,NO_CID_e84003f67807,,hit,1,,1,1,1,1
1194,CC[C@H]1OC(=O)[C@H](C)C(=O)[C@@H](C)[C@@H](O[C@H]2O[C@@H](C)C[C@@H](N(C)C)[C@H]2O)[C@@H](C)C[C@@H](C)C(=O)/C=C/[C@H]1C,True,CCC1OC(=O)C(C)C(=O)C(C)C(OC2OC(C)CC(N(C)C)C2O)C(C)CC(C)C(=O)C=CC1C,CC[C@H]1OC(=O)[C@H](C)C(=O)[C@@H](C)[C@@H](O[C@H]2O[C@@H](C)C[C@@H](N(C)C)[C@H]2O)[C@@H](C)C[C@@H](C)C(=O)/C=C/[C@H]1C,OXFYAOOMMKGGAI-ZMIJTAGNSA-N,10062745,hit,CID10062745,NO_CID_14a2f7a84c0b,,hit,1,,1,1,1,1
1195,CC1CC1c1ccccc1,True,CC1CC1c1ccccc1,CC1CC1c1ccccc1,OXZUHSZKOFUBFW-UHFFFAOYSA-N,137839,hit,CID137839,NO_CID_d217262e8a53,,hit,1,,1,1,1,1
1196,CCCCC/C=C\C/C=C\CCCCCCCC(=O)[O-],True,CCCCCC=CCC=CCCCCCCCC(=O)[O-],CCCCC/C=C\C/C=C\CCCCCCCC(=O)[O-],OYHQOLUKZRVURQ-HZJYTTRNSA-M,5460332,hit,CID5460332,NO_CID_316f2d7728cc,,hit,1,,1,1,1,1
1197,CCCCC/C=C\C/C=C\CCCCCCCC(=O)O,True,CCCCCC=CCC=CCCCCCCCC(=O)O,CCCCC/C=C\C/C=C\CCCCCCCC(=O)O,OYHQOLUKZRVURQ-HZJYTTRNSA-N,5280450,hit,CID5280450,NO_CID_6d46181255b0,,hit,1,,1,1,1,1
1198,CCCCCC=CCC=CCCCCCCCC(=O)[O-],True,CCCCCC=CCC=CCCCCCCCC(=O)[O-],CCCCCC=CCC=CCCCCCCCC(=O)[O-],OYHQOLUKZRVURQ-UHFFFAOYSA-M,108228,hit,CID108228,NO_CID_d9c6ddf6e27c,,hit,1,,1,1,1,1
1199,CC1(C)[C@@H](O)CC[C@]2(C)[C@H]3CC=C4[C@@H]5C[C@@](C)(CO)CC[C@]5(C)CC[C@@]4(C)[C@]3(C)CC[C@@H]12,True,CC1(CO)CCC2(C)CCC3(C)C(=CCC4C5(C)CCC(O)C(C)(C)C5CCC43C)C2C1,CC1(C)[C@@H](O)CC[C@]2(C)[C@H]3CC=C4[C@@H]5C[C@@](C)(CO)CC[C@]5(C)CC[C@@]4(C)[C@]3(C)CC[C@@H]12,OYONPFUYHNGECE-UBWAPJCPSA-N,12801541,hit,CID12801541,NO_CID_4641ea819a43,,hit,1,,1,1,1,1
1200,CC(C)CCC[C@@H](C)[C@H]1CC[C@H]2[C@@H]3[C@H](O)C=C4C[C@@H](O)CC[C@]4(C)[C@H]3CC[C@]12C,True,CC(C)CCCC(C)C1CCC2C3C(O)C=C4CC(O)CCC4(C)C3CCC12C,CC(C)CCC[C@@H](C)[C@H]1CC[C@H]2[C@@H]3[C@H](O)C=C4C[C@@H](O)CC[C@]4(C)[C@H]3CC[C@]12C,OYXZMSRRJOYLLO-RVOWOUOISA-N,107722,hit,CID107722,NO_CID_dd2be2b2d7f9,,hit,1,,1,1,1,1
1201,C#Cc1cccc2[nH]c(C)c(CC(N)C(=O)O)c12,True,C#Cc1cccc2[nH]c(C)c(CC(N)C(=O)O)c12,C#Cc1cccc2[nH]c(C)c(CC(N)C(=O)O)c12,OZYWKZZSVNSVCH-UHFFFAOYSA-N,122499547,hit,CID122499547,NO_CID_87833075d7e2,,hit,1,,1,1,1,1
1202,C=CCCCCCC(=O)O,True,C=CCCCCCC(=O)O,C=CCCCCCC(=O)O,OZYYQTRHHXLTKX-UHFFFAOYSA-N,543977,hit,CID543977,NO_CID_3e95ed055e95,,hit,1,,1,1,1,1
1203,O=C1c2c(O)cc(O)cc2O[C@H](c2ccc(O)cc2)[C@H]1O,True,O=C1c2c(O)cc(O)cc2OC(c2ccc(O)cc2)C1O,O=C1c2c(O)cc(O)cc2O[C@H](c2ccc(O)cc2)[C@H]1O,PADQINQHPQKXNL-LSDHHAIUSA-N,122850,hit,CID122850,NO_CID_7b74e490306d,,hit,1,,1,1,1,1
1204,O=C1c2c(O)cc(O)cc2OC(c2ccc(O)cc2)C1O,True,O=C1c2c(O)cc(O)cc2OC(c2ccc(O)cc2)C1O,O=C1c2c(O)cc(O)cc2OC(c2ccc(O)cc2)C1O,PADQINQHPQKXNL-UHFFFAOYSA-N,662,rescued_retry,CID662,NO_CID_30479d144164,,rescued_retry,1,URLError: <urlopen error [SSL: UNEXPECTED_EOF_WHILE_READING] EOF occurred in violation of protocol (_ssl.c:1000)>,1,1,1,1
1205,CC1=C[C@@H]2/C=C/C[C@H](C)/C=C(/C)CC/C=C/C(=O)C23C(=O)N[C@@H](Cc2c[nH]c4ccccc24)[C@@H]3[C@@H]1C,True,CC1=CC(C)CC=CC2C=C(C)C(C)C3C(Cc4c[nH]c5ccccc45)NC(=O)C23C(=O)C=CCC1,CC1=C[C@@H]2/C=C/C[C@H](C)/C=C(/C)CC/C=C/C(=O)C23C(=O)N[C@@H](Cc2c[nH]c4ccccc24)[C@@H]3[C@@H]1C,PAFRQNXHHHYHMF-BMDIVSFWSA-N,6442361,hit,CID6442361,NO_CID_9b70cb98644d,,hit,1,,1,1,1,1
1206,CC(C)[C@@H]1CC[C@@]2(C)C[C@@H]3[C@H]([C@@H](O)C[C@@H]3C)[C@](C)(O)C/C=C/12,True,CC(C)C1CCC2(C)CC3C(C)CC(O)C3C(C)(O)CC=C12,CC(C)[C@@H]1CC[C@@]2(C)C[C@@H]3[C@H]([C@@H](O)C[C@@H]3C)[C@](C)(O)C/C=C/12,PAGWWOOUBKDVRF-KLAOOFIFSA-N,163005863,hit,CID163005863,NO_CID_946eec35196e,,hit,1,,1,1,1,1
1207,CC(C)[C@H]1CC[C@]2(C)C[C@H]3[C@@H]([C@H](O)C[C@H]3C)[C@@](C)(O)C/C=C/12,True,CC(C)C1CCC2(C)CC3C(C)CC(O)C3C(C)(O)CC=C12,CC(C)[C@H]1CC[C@]2(C)C[C@H]3[C@@H]([C@H](O)C[C@H]3C)[C@@](C)(O)C/C=C/12,PAGWWOOUBKDVRF-NNLKJMRESA-N,163191131,hit,CID163191131,NO_CID_5521e57fbf0f,,hit,1,,1,1,1,1
1208,CC(C)C1CCC2(C)CC3C(C)CC(O)C3C(C)(O)CC=C12,True,CC(C)C1CCC2(C)CC3C(C)CC(O)C3C(C)(O)CC=C12,CC(C)C1CCC2(C)CC3C(C)CC(O)C3C(C)(O)CC=C12,PAGWWOOUBKDVRF-UHFFFAOYSA-N,163005862,hit,CID163005862,NO_CID_59f58a63e7fe,,hit,1,,1,1,1,1
1209,CC1(C)CC[C@]2(C(=O)O)CC[C@]3(C)C(=CC[C@@H]4[C@@]5(C)CC[C@H](O)[C@@](C)(C(=O)O)[C@@H]5CC[C@]43C)[C@@H]2C1,True,CC1(C)CCC2(C(=O)O)CCC3(C)C(=CCC4C5(C)CCC(O)C(C)(C(=O)O)C5CCC43C)C2C1,CC1(C)CC[C@]2(C(=O)O)CC[C@]3(C)C(=CC[C@@H]4[C@@]5(C)CC[C@H](O)[C@@](C)(C(=O)O)[C@@H]5CC[C@]43C)[C@@H]2C1,PAIBKVQNJKUVCE-JUENUIDLSA-N,15560324,hit,CID15560324,NO_CID_270eeaedeb06,,hit,1,,1,1,1,1
1210,C=CCCCCCCCCCCC(=O)O,True,C=CCCCCCCCCCCC(=O)O,C=CCCCCCCCCCCC(=O)O,PARCICAYFORNPH-UHFFFAOYSA-N,5282737,hit,CID5282737,NO_CID_ff5ac6adc53b,,hit,1,,1,1,1,1
1211,Nc1ccccc1,True,Nc1ccccc1,Nc1ccccc1,PAYRUJLWNCNPSJ-UHFFFAOYSA-N,6115,hit,CID6115,NO_CID_21e9e6150c40,,hit,1,,1,1,1,1
1212,CN1C(=O)[C@](O)(Cc2ccccc2)N(C)C(=O)[C@@H]1Cc1c[nH]c2cccc([N+](=O)[O-])c12,True,CN1C(=O)C(O)(Cc2ccccc2)N(C)C(=O)C1Cc1c[nH]c2cccc([N+](=O)[O-])c12,CN1C(=O)[C@](O)(Cc2ccccc2)N(C)C(=O)[C@@H]1Cc1c[nH]c2cccc([N+](=O)[O-])c12,PCCPGPMTZJOQFC-PGRDOPGGSA-N,180099,hit,CID180099,NO_CID_12d366632619,,hit,1,,1,1,1,1
1213,NC(Cc1ccc(Br)cc1)C(=O)O,True,NC(Cc1ccc(Br)cc1)C(=O)O,NC(Cc1ccc(Br)cc1)C(=O)O,PEMUHKUIQHFMTH-UHFFFAOYSA-N,85681,hit,CID85681,NO_CID_4a0cd2ca3a7d,,hit,1,,1,1,1,1
1214,c1cc2c(cc1[C@H]1OC[C@H]3[C@@H]1CO[C@@H]3c1ccc3c(c1)OCO3)OCO2,True,c1cc2c(cc1C1OCC3C(c4ccc5c(c4)OCO5)OCC13)OCO2,c1cc2c(cc1[C@H]1OC[C@H]3[C@@H]1CO[C@@H]3c1ccc3c(c1)OCO3)OCO2,PEYUIKBAABKQKQ-AFHBHXEDSA-N,72307,hit,CID72307,NO_CID_eefd0b584383,,hit,1,,1,1,1,1
1215,O=C(/C=C/c1ccc(O)cc1)NCCCCN(CCCNC(=O)/C=C/c1ccc(O)cc1)C(=O)/C=C/c1ccc(O)cc1,True,O=C(C=Cc1ccc(O)cc1)NCCCCN(CCCNC(=O)C=Cc1ccc(O)cc1)C(=O)C=Cc1ccc(O)cc1,O=C(/C=C/c1ccc(O)cc1)NCCCCN(CCCNC(=O)/C=C/c1ccc(O)cc1)C(=O)/C=C/c1ccc(O)cc1,PFDVWJCSCYDRMZ-AUCPOXKISA-N,14777879,hit,CID14777879,NO_CID_58d6db7d179e,,hit,1,,1,1,1,1
1216,C=C1CC[C@H](O)C/C1=C/C=C1\CCC[C@@]2(C)[C@H]1CC[C@@H]2[C@@](C)(O)CC(O)CC(C)C,True,C=C1CCC(O)CC1=CC=C1CCCC2(C)C1CCC2C(C)(O)CC(O)CC(C)C,C=C1CC[C@H](O)C/C1=C/C=C1\CCC[C@@]2(C)[C@H]1CC[C@@H]2[C@@](C)(O)CC(O)CC(C)C,PFGAVEWICNHWDW-OZCLJXQISA-N,44189714,hit,CID44189714,NO_CID_0aff566f1fc6,,hit,1,,1,1,1,1
1217,C[C@H]1CC[C@H](/C(C=O)=C/O)[C@@H]1C=O,True,CC1CCC(C(C=O)=CO)C1C=O,C[C@H]1CC[C@H](/C(C=O)=C/O)[C@@H]1C=O,PFGBAVLSGZLAAY-JYPFKNLRSA-N,53297344,hit,CID53297344,NO_CID_a62aa229fb53,,hit,1,,1,1,1,1
1218,Cc1c(CC(N)C(=O)O)c2cccc(-c3ccccc3)c2n1C,True,Cc1c(CC(N)C(=O)O)c2cccc(-c3ccccc3)c2n1C,Cc1c(CC(N)C(=O)O)c2cccc(-c3ccccc3)c2n1C,PFSLIYCTWKZGMP-UHFFFAOYSA-N,126584119,hit,CID126584119,NO_CID_189520c99e9c,,hit,1,,1,1,1,1
1219,C=C1[C@@H]2CC[C@@H](C2)[C@@]1(C)CCC=C(C)C,True,C=C1C2CCC(C2)C1(C)CCC=C(C)C,C=C1[C@@H]2CC[C@@H](C2)[C@@]1(C)CCC=C(C)C,PGBNIHXXFQBCPU-ILXRZTDVSA-N,10889018,hit,CID10889018,NO_CID_7467ff314a85,,hit,1,,1,1,1,1
1220,C=C1[C@@H]2CC[C@@H](C2)[C@]1(C)CCC=C(C)C,True,C=C1C2CCC(C2)C1(C)CCC=C(C)C,C=C1[C@@H]2CC[C@@H](C2)[C@]1(C)CCC=C(C)C,PGBNIHXXFQBCPU-QLFBSQMISA-N,11106484,hit,CID11106484,NO_CID_86da874cf74c,,hit,1,,1,1,1,1
1221,C=C1C2CCC(C2)C1(C)CCC=C(C)C,True,C=C1C2CCC(C2)C1(C)CCC=C(C)C,C=C1C2CCC(C2)C1(C)CCC=C(C)C,PGBNIHXXFQBCPU-UHFFFAOYSA-N,10534,hit,CID10534,NO_CID_c007593022b5,,hit,1,,1,1,1,1
1222,CC[C@H](C)[C@@H]1NC(=O)[C@H](Cc2c[nH]c3ccccc23)NC1=O,True,CCC(C)C1NC(=O)C(Cc2c[nH]c3ccccc23)NC1=O,CC[C@H](C)[C@@H]1NC(=O)[C@H](Cc2c[nH]c3ccccc23)NC1=O,PGCNHGBQEYFZEX-LKTVYLICSA-N,171116541,hit,CID171116541,NO_CID_0451264a3b4f,,hit,1,,1,1,1,1
1223,CC(C)=CCC[C@@H](C)[C@H]1CC[C@@]2(C=O)C3=C(CC[C@]12C)[C@@]1(C)CC[C@H](O)C(C)(C)[C@@H]1CC3,True,CC(C)=CCCC(C)C1CCC2(C=O)C3=C(CCC12C)C1(C)CCC(O)C(C)(C)C1CC3,CC(C)=CCC[C@@H](C)[C@H]1CC[C@@]2(C=O)C3=C(CC[C@]12C)[C@@]1(C)CC[C@H](O)C(C)(C)[C@@H]1CC3,PGGIMLIQOHYFIS-PUXRVUTHSA-N,21121725,rescued_retry,CID21121725,NO_CID_6e5444f01ce7,,rescued_retry,1,URLError: <urlopen error [SSL: UNEXPECTED_EOF_WHILE_READING] EOF occurred in violation of protocol (_ssl.c:1000)>,1,1,1,1
1224,Cc1c(CC(N)C(=O)O)c2c(Br)cccc2n1C,True,Cc1c(CC(N)C(=O)O)c2c(Br)cccc2n1C,Cc1c(CC(N)C(=O)O)c2c(Br)cccc2n1C,PGNRFPNUPAOJJB-UHFFFAOYSA-N,122499566,hit,CID122499566,NO_CID_0327c43bf1a4,,hit,1,,1,1,1,1
1225,CC1(C)CC[C@]2(C(=O)O)CC[C@]3(C)C(=CC[C@@H]4[C@@]5(C)CC[C@H](O)[C@@](C)(CO)[C@@H]5CC[C@]43C)[C@@H]2C1,True,CC1(C)CCC2(C(=O)O)CCC3(C)C(=CCC4C5(C)CCC(O)C(C)(CO)C5CCC43C)C2C1,CC1(C)CC[C@]2(C(=O)O)CC[C@]3(C)C(=CC[C@@H]4[C@@]5(C)CC[C@H](O)[C@@](C)(CO)[C@@H]5CC[C@]43C)[C@@H]2C1,PGOYMURMZNDHNS-MYPRUECHSA-N,73299,hit,CID73299,NO_CID_bad808e71b99,,hit,1,,1,1,1,1
1226,Cc1cccc(O)c1O,True,Cc1cccc(O)c1O,Cc1cccc(O)c1O,PGSWEKYNAOWQDF-UHFFFAOYSA-N,340,hit,CID340,NO_CID_3e2d0bf883ad,,hit,1,,1,1,1,1
1227,Cc1c(CC(N)C(=O)O)c2cc(Cl)ccc2n1C,True,Cc1c(CC(N)C(=O)O)c2cc(Cl)ccc2n1C,Cc1c(CC(N)C(=O)O)c2cc(Cl)ccc2n1C,PHBHGRWGVIZUHU-UHFFFAOYSA-N,122499642,hit,CID122499642,NO_CID_1a67e027e961,,hit,1,,1,1,1,1
1228,Clc1ccccc1CN1CCc2sccc2C1,True,Clc1ccccc1CN1CCc2sccc2C1,Clc1ccccc1CN1CCc2sccc2C1,PHWBOXQYWZNQIN-UHFFFAOYSA-N,5472,hit,CID5472,NO_CID_b4deb2b1185e,,hit,1,,1,1,1,1
1229,C(=C/c1ccccc1)\c1ccccc1,True,C(=Cc1ccccc1)c1ccccc1,C(=C/c1ccccc1)\c1ccccc1,PJANXHGTPQOBST-VAWYXSNFSA-N,638088,hit,CID638088,NO_CID_76fcb4d76b73,,hit,1,,1,1,1,1
1230,C=C[C@@]1(C)CC[C@H]2[C@@](O)(CC[C@@H]3[C@]2(C)CCC[C@@]3(C)C(=O)O)C1,True,C=CC1(C)CCC2C(O)(CCC3C(C)(C(=O)O)CCCC23C)C1,C=C[C@@]1(C)CC[C@H]2[C@@](O)(CC[C@@H]3[C@]2(C)CCC[C@@]3(C)C(=O)O)C1,PJBQQIKTIGUTST-GVLXGFFOSA-N,,cid0_no_match,NO_CID_500c0d2772ca,NO_CID_500c0d2772ca,,cid0_no_match,0,,1,1,1,1
1231,CN(C)Cc1ccc(-c2cccnc2)o1,True,CN(C)Cc1ccc(-c2cccnc2)o1,CN(C)Cc1ccc(-c2cccnc2)o1,PJHSLLRNPASXIS-UHFFFAOYSA-N,11171679,hit,CID11171679,NO_CID_a06c7c01a58d,,hit,1,,1,1,1,1
1232,C=Cc1ccc2c(CC(N)C(=O)O)cn(C)c2c1,True,C=Cc1ccc2c(CC(N)C(=O)O)cn(C)c2c1,C=Cc1ccc2c(CC(N)C(=O)O)cn(C)c2c1,PJMMQEWTXABDHT-UHFFFAOYSA-N,122499518,hit,CID122499518,NO_CID_e08ffb35ccb8,,hit,1,,1,1,1,1
1233,CC(=O)C[C@@H](c1ccccc1)c1c(O)c2ccccc2oc1=O,True,CC(=O)CC(c1ccccc1)c1c(O)c2ccccc2oc1=O,CC(=O)C[C@@H](c1ccccc1)c1c(O)c2ccccc2oc1=O,PJVWKTKQMONHTI-HNNXBMFYSA-N,54688261,hit,CID54688261,NO_CID_31ba45f36e21,,hit,1,,1,1,1,1
1234,NC(Cc1c[nH]c2ccc(N3CCOCC3)cc12)C(=O)O,True,NC(Cc1c[nH]c2ccc(N3CCOCC3)cc12)C(=O)O,NC(Cc1c[nH]c2ccc(N3CCOCC3)cc12)C(=O)O,PKGSVVPXIUJPKJ-UHFFFAOYSA-N,134259602,hit,CID134259602,NO_CID_e812cc7369ae,,hit,1,,1,1,1,1
1235,CCCOC(=O)Cc1ccccc1C,True,CCCOC(=O)Cc1ccccc1C,CCCOC(=O)Cc1ccccc1C,PKQCEZGGYAYWKR-UHFFFAOYSA-N,25020814,hit,CID25020814,NO_CID_4db19106a55f,,hit,1,,1,1,1,1
1236,Cn1cc(CC(N)C(=O)O)c2ccc(F)cc21,True,Cn1cc(CC(N)C(=O)O)c2ccc(F)cc21,Cn1cc(CC(N)C(=O)O)c2ccc(F)cc21,PLIMIJBINVCUMQ-UHFFFAOYSA-N,82663703,hit,CID82663703,NO_CID_fb257fe4b15a,,hit,1,,1,1,1,1
1237,Cc1c(CC(N)C=O)c2c(C3CC3)cccc2n1C,True,Cc1c(CC(N)C=O)c2c(C3CC3)cccc2n1C,Cc1c(CC(N)C=O)c2c(C3CC3)cccc2n1C,PLOWONZMYCHGPM-UHFFFAOYSA-N,,cid0_no_match,NO_CID_1c3ef40a278a,NO_CID_1c3ef40a278a,,cid0_no_match,0,,1,1,1,1
1238,Cc1[nH]c2c(Cl)cccc2c1CC(N)C(=O)O,True,Cc1[nH]c2c(Cl)cccc2c1CC(N)C(=O)O,Cc1[nH]c2c(Cl)cccc2c1CC(N)C(=O)O,PLQWMMUJOZHEEW-UHFFFAOYSA-N,83760426,hit,CID83760426,NO_CID_f55306319c60,,hit,1,,1,1,1,1
1239,C/C=C/C[C@@H](C)[C@@H](O)[C@H]1C(=O)N[C@@H](CC)C(=O)N(C)CC(=O)N(C)[C@@H](CC(C)C)C(=O)N[C@@H](C(C)C)C(=O)N(C)[C@@H](CC(C)C)C(=O)N[C@@H](C)C(=O)N[C@H](C)C(=O)N(C)[C@@H](CC(C)C)C(=O)N(C)[C@@H](CC(C)C)C(=O)N(C)[C@@H](C(C)C)C(=O)N1C,True,CC=CCC(C)C(O)C1C(=O)NC(CC)C(=O)N(C)CC(=O)N(C)C(CC(C)C)C(=O)NC(C(C)C)C(=O)N(C)C(CC(C)C)C(=O)NC(C)C(=O)NC(C)C(=O)N(C)C(CC(C)C)C(=O)N(C)C(CC(C)C)C(=O)N(C)C(C(C)C)C(=O)N1C,C/C=C/C[C@@H](C)[C@@H](O)[C@H]1C(=O)N[C@@H](CC)C(=O)N(C)CC(=O)N(C)[C@@H](CC(C)C)C(=O)N[C@@H](C(C)C)C(=O)N(C)[C@@H](CC(C)C)C(=O)N[C@@H](C)C(=O)N[C@H](C)C(=O)N(C)[C@@H](CC(C)C)C(=O)N(C)[C@@H](CC(C)C)C(=O)N(C)[C@@H](C(C)C)C(=O)N1C,PMATZTZNYRCHOR-CGLBZJNRSA-N,5284373,hit,CID5284373,NO_CID_8a4809ca73cf,,hit,1,,1,1,1,1
1240,CC=CCC(C)C(O)C1C(=O)NC(CC)C(=O)N(C)CC(=O)N(C)C(CC(C)C)C(=O)NC(C(C)C)C(=O)N(C)C(CC(C)C)C(=O)NC(C)C(=O)NC(C)C(=O)N(C)C(CC(C)C)C(=O)N(C)C(CC(C)C)C(=O)N(C)C(C(C)C)C(=O)N1C,True,CC=CCC(C)C(O)C1C(=O)NC(CC)C(=O)N(C)CC(=O)N(C)C(CC(C)C)C(=O)NC(C(C)C)C(=O)N(C)C(CC(C)C)C(=O)NC(C)C(=O)NC(C)C(=O)N(C)C(CC(C)C)C(=O)N(C)C(CC(C)C)C(=O)N(C)C(C(C)C)C(=O)N1C,CC=CCC(C)C(O)C1C(=O)NC(CC)C(=O)N(C)CC(=O)N(C)C(CC(C)C)C(=O)NC(C(C)C)C(=O)N(C)C(CC(C)C)C(=O)NC(C)C(=O)NC(C)C(=O)N(C)C(CC(C)C)C(=O)N(C)C(CC(C)C)C(=O)N(C)C(C(C)C)C(=O)N1C,PMATZTZNYRCHOR-UHFFFAOYSA-N,2909,hit,CID2909,NO_CID_09ca2087bc3a,,hit,1,,1,1,1,1
1241,C/C=C/C[C@@H](C)[C@@H](O)[C@H]1C(O)=N[C@H](CC)C(=O)N(C)CC(=O)N(C)[C@@H](CC(C)C)C(O)=N[C@@H](C(C)C)C(=O)N(C)[C@H](CC(C)C)C(O)=N[C@@H](C)C(O)=N[C@@H](C)C(=O)N(C)[C@@H](CC(C)C)C(=O)N(C)[C@@H](CC(C)C)C(=O)N(C)[C@H](C(C)C)C(=O)N1C,True,CC=CCC(C)C(O)C1C(O)=NC(CC)C(=O)N(C)CC(=O)N(C)C(CC(C)C)C(O)=NC(C(C)C)C(=O)N(C)C(CC(C)C)C(O)=NC(C)C(O)=NC(C)C(=O)N(C)C(CC(C)C)C(=O)N(C)C(CC(C)C)C(=O)N(C)C(C(C)C)C(=O)N1C,C/C=C/C[C@@H](C)[C@@H](O)[C@H]1C(O)=N[C@H](CC)C(=O)N(C)CC(=O)N(C)[C@@H](CC(C)C)C(O)=N[C@@H](C(C)C)C(=O)N(C)[C@H](CC(C)C)C(O)=N[C@@H](C)C(O)=N[C@@H](C)C(=O)N(C)[C@@H](CC(C)C)C(=O)N(C)[C@@H](CC(C)C)C(=O)N(C)[C@H](C(C)C)C(=O)N1C,PMATZTZNYRCHOR-VJRYSDSKSA-N,24883466,hit,CID24883466,NO_CID_7e8b1b6bcf21,,hit,1,,1,1,1,1
1242,COc1ccc(CCCl)cc1,True,COc1ccc(CCCl)cc1,COc1ccc(CCCl)cc1,PMIAMRAWHYEPNH-UHFFFAOYSA-N,87513,rescued_retry,CID87513,NO_CID_8ba807222fe0,,rescued_retry,1,URLError: <urlopen error [SSL: UNEXPECTED_EOF_WHILE_READING] EOF occurred in violation of protocol (_ssl.c:1000)>,1,1,1,1
1243,O=C(O)/C=C/c1ccccc1O,True,O=C(O)C=Cc1ccccc1O,O=C(O)/C=C/c1ccccc1O,PMOWTIHVNWZYFI-AATRIKPKSA-N,637540,hit,CID637540,NO_CID_f78921c925cc,,hit,1,,1,1,1,1
1244,Cn1cc(CC(N)C(=O)O)c2cc(Cl)ccc21,True,Cn1cc(CC(N)C(=O)O)c2cc(Cl)ccc21,Cn1cc(CC(N)C(=O)O)c2cc(Cl)ccc21,PNIUCOYTSLXOJU-UHFFFAOYSA-N,82665251,hit,CID82665251,NO_CID_3d734b0620e8,,hit,1,,1,1,0,1
1245,CC1=C(Br)C(=O)CC(C)(C)[C@@]1(O)/C=C/C(C)=C\C(=O)O,True,CC(C=CC1(O)C(C)=C(Br)C(=O)CC1(C)C)=CC(=O)O,CC1=C(Br)C(=O)CC(C)(C)[C@@]1(O)/C=C/C(C)=C\C(=O)O,PNXFFKUHKIBRIX-QMQPWKDKSA-N,10497532,hit,CID10497532,NO_CID_4c9f288ded04,,hit,1,,1,1,1,1
1246,CCCCCCCCCCCCCCCC(O)CC(=O)[O-],True,CCCCCCCCCCCCCCCC(O)CC(=O)[O-],CCCCCCCCCCCCCCCC(O)CC(=O)[O-],POMQYTSPMKEQNB-UHFFFAOYSA-M,22183158,hit,CID22183158,NO_CID_df5b771d142b,,hit,1,,1,1,1,1
1247,CCCCCCCCCCCCCCCC(O)CC(=O)O,True,CCCCCCCCCCCCCCCC(O)CC(=O)O,CCCCCCCCCCCCCCCC(O)CC(=O)O,POMQYTSPMKEQNB-UHFFFAOYSA-N,5282907,hit,CID5282907,NO_CID_3d3387b78fc0,,hit,1,,1,1,1,1
1248,CCCCCCCCCCCC(=O)[O-],True,CCCCCCCCCCCC(=O)[O-],CCCCCCCCCCCC(=O)[O-],POULHZVOKOAJMA-UHFFFAOYSA-M,4149208,hit,CID4149208,NO_CID_24d2fa73e74d,,hit,1,,1,1,1,1
1249,CCCCCCCCCCCC(=O)O,True,CCCCCCCCCCCC(=O)O,CCCCCCCCCCCC(=O)O,POULHZVOKOAJMA-UHFFFAOYSA-N,3893,hit,CID3893,NO_CID_19a08fb93a79,,hit,1,,1,1,1,1
1250,C#C[C@]1(O)CC[C@H]2[C@@H]3CCC4=Cc5oncc5C[C@]4(C)[C@H]3CC[C@@]21C,True,C#CC1(O)CCC2C3CCC4=Cc5oncc5CC4(C)C3CCC21C,C#C[C@]1(O)CC[C@H]2[C@@H]3CCC4=Cc5oncc5C[C@]4(C)[C@H]3CC[C@@]21C,POZRVZJJTULAOH-LHZXLZLDSA-N,28417,hit,CID28417,NO_CID_058fcb4401d5,,hit,1,,1,1,1,1
1251,C=Cc1ccccc1,True,C=Cc1ccccc1,C=Cc1ccccc1,PPBRXRYQALVLMV-UHFFFAOYSA-N,7501,hit,CID7501,NO_CID_5bdf773e4226,,hit,1,,1,1,1,1
1252,c1ccc2c(c1)CCC2,True,c1ccc2c(c1)CCC2,c1ccc2c(c1)CCC2,PQNFLJBBNBOBRQ-UHFFFAOYSA-N,10326,hit,CID10326,NO_CID_67b8126d52a6,,hit,1,,1,1,1,1
1253,Cc1c(CC(N)C=O)c2ccc(Cl)cc2n1C,True,Cc1c(CC(N)C=O)c2ccc(Cl)cc2n1C,Cc1c(CC(N)C=O)c2ccc(Cl)cc2n1C,PQSSYAYGBHGHHF-UHFFFAOYSA-N,,cid0_no_match,NO_CID_847a52d81091,NO_CID_847a52d81091,,cid0_no_match,0,,1,1,1,1
1254,C[C@]12CCC(=O)C=C1CC[C@@H]1[C@@H]2[C@@H](O)C[C@]2(C=O)[C@@H](C(=O)CO)CC[C@@H]12,True,CC12CCC(=O)C=C1CCC1C2C(O)CC2(C=O)C(C(=O)CO)CCC12,C[C@]12CCC(=O)C=C1CC[C@@H]1[C@@H]2[C@@H](O)C[C@]2(C=O)[C@@H](C(=O)CO)CC[C@@H]12,PQSUYGKTWSAVDQ-ZVIOFETBSA-N,5839,hit,CID5839,NO_CID_3137c9b1045d,,hit,1,,1,1,1,1
1255,CC1=CCC[C@@H]2[C@@](C)(CC/C(C)=C/CO)[C@H](C)CC[C@@]12C,True,CC(=CCO)CCC1(C)C(C)CCC2(C)C(C)=CCCC21,CC1=CCC[C@@H]2[C@@](C)(CC/C(C)=C/CO)[C@H](C)CC[C@@]12C,PQTMZYKTDFKGKV-UUMJGGROSA-N,6442554,hit,CID6442554,NO_CID_7da082d79919,,hit,1,,1,1,1,1
1256,C[C@]12CC[C@@H]3c4ccc(O)cc4CC[C@H]3[C@@H]1C[C@@H](O)[C@@H]2O,True,CC12CCC3c4ccc(O)cc4CCC3C1CC(O)C2O,C[C@]12CC[C@@H]3c4ccc(O)cc4CC[C@H]3[C@@H]1C[C@@H](O)[C@@H]2O,PROQIPRRNZUXQM-ZXXIGWHRSA-N,5756,rescued_retry,CID5756,NO_CID_84b1ea18c78b,,rescued_retry,1,URLError: <urlopen error [SSL: UNEXPECTED_EOF_WHILE_READING] EOF occurred in violation of protocol (_ssl.c:1000)>,1,1,1,1
1257,CC(C)c1cc2c(cc1O)[C@@]1(C)C[C@@H](O)CC(C)(C)[C@@H]1CC2,True,CC(C)c1cc2c(cc1O)C1(C)CC(O)CC(C)(C)C1CC2,CC(C)c1cc2c(cc1O)[C@@]1(C)C[C@@H](O)CC(C)(C)[C@@H]1CC2,PRYXPGFZVGZNBL-ADLFWFRXSA-N,13966146,hit,CID13966146,NO_CID_9c8e59fa1f5e,,hit,1,,1,1,1,1
1258,C=Cc1ccc2c(c1)c(CC(N)C(=O)O)cn2C,True,C=Cc1ccc2c(c1)c(CC(N)C(=O)O)cn2C,C=Cc1ccc2c(c1)c(CC(N)C(=O)O)cn2C,PSCBHADPJJAAOV-UHFFFAOYSA-N,122499655,hit,CID122499655,NO_CID_8f109221bc9b,,hit,1,,1,1,1,1
1259,Cc1cc(=O)c2c(o1)O[C@@]1(C)CC[C@@H]3[C@@]4(C)CC[C@H](O)C(C)(C)[C@@H]4CC[C@@]3(C)[C@@H]1C2,True,Cc1cc(=O)c2c(o1)OC1(C)CCC3C(C)(CCC4C(C)(C)C(O)CCC43C)C1C2,Cc1cc(=O)c2c(o1)O[C@@]1(C)CC[C@@H]3[C@@]4(C)CC[C@H](O)C(C)(C)[C@@H]4CC[C@@]3(C)[C@@H]1C2,PSHUZQHBLAPAMD-KFCOXGNHSA-N,156580519,hit,CID156580519,NO_CID_185b6753e930,,hit,1,,1,1,1,1
1260,Cc1cccc2c1c(CC(N)C(=O)O)cn2C,True,Cc1cccc2c1c(CC(N)C(=O)O)cn2C,Cc1cccc2c1c(CC(N)C(=O)O)cn2C,PSHVQRAJPMJIFU-UHFFFAOYSA-N,82663200,hit,CID82663200,NO_CID_e9bf2ecaa105,,hit,1,,1,1,1,1
1261,CCCCc1nc(Cl)c(CO)n1Cc1ccc(-c2ccccc2-c2nn[nH]n2)cc1,True,CCCCc1nc(Cl)c(CO)n1Cc1ccc(-c2ccccc2-c2nn[nH]n2)cc1,CCCCc1nc(Cl)c(CO)n1Cc1ccc(-c2ccccc2-c2nn[nH]n2)cc1,PSIFNNKUMBGKDQ-UHFFFAOYSA-N,3961,hit,CID3961,NO_CID_02310298eb4e,,hit,1,,1,1,1,1
1262,CC(=O)/C=C/C1=C(C)CCCC1(C)C,True,CC(=O)C=CC1=C(C)CCCC1(C)C,CC(=O)/C=C/C1=C(C)CCCC1(C)C,PSQYTAPXSHCGMF-BQYQJAHWSA-N,638014,hit,CID638014,NO_CID_1f69a635607d,,hit,1,,1,1,1,1
1263,CC(=O)C=CC1=C(C)CCCC1(C)C,True,CC(=O)C=CC1=C(C)CCCC1(C)C,CC(=O)C=CC1=C(C)CCCC1(C)C,PSQYTAPXSHCGMF-UHFFFAOYSA-N,26955,hit,CID26955,NO_CID_27ed8e9fd9da,,hit,1,,1,1,1,1
1264,CCCC1CC1c1ccccc1,True,CCCC1CC1c1ccccc1,CCCC1CC1c1ccccc1,PSXVDLDCPWZLHQ-UHFFFAOYSA-N,58335290,hit,CID58335290,NO_CID_a7200f9efaef,,hit,1,,1,1,1,1
1265,CC1(C)CC[C@]2(CO)CC[C@]3(C)C(=CC[C@@H]4[C@@]5(C)CC[C@H](O)C(C)(C)[C@@H]5CC[C@]43C)[C@@H]2C1,True,CC1(C)CCC2(CO)CCC3(C)C(=CCC4C5(C)CCC(O)C(C)(C)C5CCC43C)C2C1,CC1(C)CC[C@]2(CO)CC[C@]3(C)C(=CC[C@@H]4[C@@]5(C)CC[C@H](O)C(C)(C)[C@@H]5CC[C@]43C)[C@@H]2C1,PSZDOEIIIJFCFE-OSQDELBUSA-N,101761,hit,CID101761,NO_CID_91067cd0aaff,,hit,1,,1,1,1,1
1266,CC1(C)CC[C@]2(CO)CC[C@]3(C)C(=CCC4[C@@]5(C)CC[C@H](O)C(C)(C)C5CC[C@]43C)C2C1,True,CC1(C)CCC2(CO)CCC3(C)C(=CCC4C5(C)CCC(O)C(C)(C)C5CCC43C)C2C1,CC1(C)CC[C@]2(CO)CC[C@]3(C)C(=CCC4[C@@]5(C)CC[C@H](O)C(C)(C)C5CC[C@]43C)C2C1,PSZDOEIIIJFCFE-QXSRUYARSA-N,470261,hit,CID470261,NO_CID_0fd8aa853652,,hit,1,,1,1,1,1
1267,O=C(O)CCC[C@H](O)/C=C/C=C\C=C\[C@H](O)C/C=C\CCCCCO,True,O=C(O)CCCC(O)C=CC=CC=CC(O)CC=CCCCCCO,O=C(O)CCC[C@H](O)/C=C/C=C\C=C\[C@H](O)C/C=C\CCCCCO,PTJFJXLGRSTECQ-JBFSVTFBSA-N,13798088,hit,CID13798088,NO_CID_d3a5e55dda97,,hit,1,,1,1,1,1
1268,O=C(O)CCC[C@H](O)/C=C\C=C\C=C\[C@H](O)C/C=C\CCCCCO,True,O=C(O)CCCC(O)C=CC=CC=CC(O)CC=CCCCCCO,O=C(O)CCC[C@H](O)/C=C\C=C\C=C\[C@H](O)C/C=C\CCCCCO,PTJFJXLGRSTECQ-PSPARDEHSA-N,5280745,hit,CID5280745,NO_CID_55a49cc91975,,hit,1,,1,1,1,1
1269,OC/C=C/c1ccc(O)cc1,True,OCC=Cc1ccc(O)cc1,OC/C=C/c1ccc(O)cc1,PTNLHDGQWUGONS-OWOJBTEDSA-N,5280535,hit,CID5280535,NO_CID_489c18b48789,,hit,1,,1,1,1,1
1270,Cc1cccc(CCCl)c1,True,Cc1cccc(CCCl)c1,Cc1cccc(CCCl)c1,PTUMKQUZCDYESZ-UHFFFAOYSA-N,21760959,hit,CID21760959,NO_CID_6bf303c7ca99,,hit,1,,1,1,1,1
1271,CCC=CCC=CCC(C=CCCCCCCC(=O)[O-])OO,True,CCC=CCC=CCC(C=CCCCCCCC(=O)[O-])OO,CCC=CCC=CCC(C=CCCCCCCC(=O)[O-])OO,PTYXOLTZOUXIKI-UHFFFAOYSA-M,78161185,hit,CID78161185,NO_CID_fe3da50de9bb,,hit,1,,1,1,1,1
1272,CC(C)c1ccc(NC(=O)N(C)C)cc1,True,CC(C)c1ccc(NC(=O)N(C)C)cc1,CC(C)c1ccc(NC(=O)N(C)C)cc1,PUIYMUZLKQOUOZ-UHFFFAOYSA-N,36679,hit,CID36679,NO_CID_f5c2fd54d00a,,hit,1,,1,1,1,1
1273,O=C(O)c1cccnc1,True,O=C(O)c1cccnc1,O=C(O)c1cccnc1,PVNIIMVLHYAWGP-UHFFFAOYSA-N,938,hit,CID938,NO_CID_8588624d4143,,hit,1,,1,0,1,1
1274,CC(C)(Br)C1N(Cc2ccccc2)C(=O)C1(C)C,True,CC(C)(Br)C1N(Cc2ccccc2)C(=O)C1(C)C,CC(C)(Br)C1N(Cc2ccccc2)C(=O)C1(C)C,PVOJYSFEGXLAHU-UHFFFAOYSA-N,15550917,hit,CID15550917,NO_CID_d79b2c634ce9,,hit,1,,1,1,1,1
1275,CC/C=C\C[C@H](O)/C=C/[C@@H]1[C@@H](C/C=C\CCCC(=O)O)[C@@H]2C[C@H]1OO2,True,CCC=CCC(O)C=CC1C2CC(OO2)C1CC=CCCCC(=O)O,CC/C=C\C[C@H](O)/C=C/[C@@H]1[C@@H](C/C=C\CCCC(=O)O)[C@@H]2C[C@H]1OO2,PVTQTOGPOPGQGE-SAMSIYEGSA-N,101600091,hit,CID101600091,NO_CID_c286806649bb,,hit,1,,1,1,1,1
1276,Cc1cccc2c1c(CC(N)C(=O)O)c(C)n2C,True,Cc1cccc2c1c(CC(N)C(=O)O)c(C)n2C,Cc1cccc2c1c(CC(N)C(=O)O)c(C)n2C,PVTRXKIEZKJJHC-UHFFFAOYSA-N,122499571,hit,CID122499571,NO_CID_a2b293de3b32,,hit,1,,1,1,1,1
1277,CC(O)=N[C@@H](CS)C(=O)O,True,CC(O)=NC(CS)C(=O)O,CC(O)=N[C@@H](CS)C(=O)O,PWKSKIMOESPYIA-BYPYZUCNSA-N,12035,hit,CID12035,NO_CID_8e94ed1731e2,,hit,1,,1,1,1,1
1278,CC(C)[C@H](NO)C(=O)O,True,CC(C)C(NO)C(=O)O,CC(C)[C@H](NO)C(=O)O,PXEKBQAJOBYINU-BYPYZUCNSA-N,22859864,hit,CID22859864,NO_CID_cc0b57c84e74,,hit,1,,1,1,1,1
1279,C/C1=C\[C@H](O)[C@@H](C(C)C)CC/C(C)=C/CC1,True,CC1=CC(O)C(C(C)C)CCC(C)=CCC1,C/C1=C\[C@H](O)[C@@H](C(C)C)CC/C(C)=C/CC1,PXMCURAOQSNMOZ-MDKMTUDGSA-N,71296186,hit,CID71296186,NO_CID_5bd9c2679734,,hit,1,,1,1,1,1
1280,CCC(C)CC(C)CC(C)CC(C)C(=O)O,True,CCC(C)CC(C)CC(C)CC(C)C(=O)O,CCC(C)CC(C)CC(C)CC(C)C(=O)O,PXMIDIKFWCXFNC-UHFFFAOYSA-N,5312348,hit,CID5312348,NO_CID_16eb21a2a4f6,,hit,1,,1,1,1,1
1281,C/C=C(\C)C(=O)O[C@H]1[C@H](O)[C@@H](C(=O)OC)O[C@@H]2C[C@H]3O[C@@H](n4cnc5c(N)ncnc54)[C@H](OC)[C@H]3O[C@]21O,True,CC=C(C)C(=O)OC1C(O)C(C(=O)OC)OC2CC3OC(n4cnc5c(N)ncnc54)C(OC)C3OC21O,C/C=C(\C)C(=O)O[C@H]1[C@H](O)[C@@H](C(=O)OC)O[C@@H]2C[C@H]3O[C@@H](n4cnc5c(N)ncnc54)[C@H](OC)[C@H]3O[C@]21O,PXURTMJWRXVZEJ-SYDSVXEMSA-N,6440493,hit,CID6440493,NO_CID_cbba5ec4d926,,hit,1,,1,1,1,1
1282,O=CCCCCCCCCCCCCCCCCCCCCC(=O)[O-],True,O=CCCCCCCCCCCCCCCCCCCCCC(=O)[O-],O=CCCCCCCCCCCCCCCCCCCCCC(=O)[O-],PYBWSGBQPKXKOQ-UHFFFAOYSA-M,52940144,hit,CID52940144,NO_CID_e614f6ec6a3f,,hit,1,,1,1,1,1
1283,CC(C)=CCC[C@](C)(O)[C@H]1CC[C@]2(C)[C@@H]1[C@H](O)C[C@@H]1[C@@]3(C)CC[C@H](O)C(C)(C)[C@@H]3CC[C@]12C,True,CC(C)=CCCC(C)(O)C1CCC2(C)C1C(O)CC1C3(C)CCC(O)C(C)(C)C3CCC12C,CC(C)=CCC[C@](C)(O)[C@H]1CC[C@]2(C)[C@@H]1[C@H](O)C[C@@H]1[C@@]3(C)CC[C@H](O)C(C)(C)[C@@H]3CC[C@]12C,PYXFVCFISTUSOO-HKUCOEKDSA-N,11213350,hit,CID11213350,NO_CID_5321d3843bfd,,hit,1,,1,1,1,1
1284,CC(C)=CCC[C@@](C)(O)[C@H]1CC[C@]2(C)[C@@H]1[C@H](O)C[C@@H]1[C@@]3(C)CC[C@H](O)C(C)(C)[C@@H]3CC[C@]12C,True,CC(C)=CCCC(C)(O)C1CCC2(C)C1C(O)CC1C3(C)CCC(O)C(C)(C)C3CCC12C,CC(C)=CCC[C@@](C)(O)[C@H]1CC[C@]2(C)[C@@H]1[C@H](O)C[C@@H]1[C@@]3(C)CC[C@H](O)C(C)(C)[C@@H]3CC[C@]12C,PYXFVCFISTUSOO-VUFVRDRTSA-N,9920281,hit,CID9920281,NO_CID_2a0055a7e051,,hit,1,,1,1,1,1
1285,CSc1cccc(C(=O)O)c1,True,CSc1cccc(C(=O)O)c1,CSc1cccc(C(=O)O)c1,PZGADOOBMVLBJE-UHFFFAOYSA-N,220329,hit,CID220329,NO_CID_3785d163153a,,hit,1,,1,1,1,1
1286,Cc1c(CC(N)C=O)c2c(O)cccc2n1C,True,Cc1c(CC(N)C=O)c2c(O)cccc2n1C,Cc1c(CC(N)C=O)c2c(O)cccc2n1C,PZGVRWAUKOYVMT-UHFFFAOYSA-N,,cid0_no_match,NO_CID_a5ccf6571854,NO_CID_a5ccf6571854,,cid0_no_match,0,,1,1,1,1
1287,COc1cc(C=CC=CC(=O)O)ccc1[O-],True,COc1cc(C=CC=CC(=O)O)ccc1[O-],COc1cc(C=CC=CC(=O)O)ccc1[O-],PZTHQMWVDHEWPY-UHFFFAOYSA-M,,cid0_no_match,NO_CID_c8a16afad48f,NO_CID_c8a16afad48f,,cid0_no_match,0,,1,1,1,1
1288,C#Cc1cccc2c(CC(N)C(=O)O)c(C)n(C)c12,True,C#Cc1cccc2c(CC(N)C(=O)O)c(C)n(C)c12,C#Cc1cccc2c(CC(N)C(=O)O)c(C)n(C)c12,PZYMJZRONDOPNT-UHFFFAOYSA-N,122499551,hit,CID122499551,NO_CID_71907b6c941b,,hit,1,,1,1,1,1
1289,C[C@]12CC[C@H]3[C@@H](CC=C4C[C@@H](O)CC[C@@]43C)[C@@H]1CC[C@@H]2O,True,CC12CCC(O)CC1=CCC1C2CCC2(C)C(O)CCC12,C[C@]12CC[C@H]3[C@@H](CC=C4C[C@@H](O)CC[C@@]43C)[C@@H]1CC[C@@H]2O,QADHLRWLCPCEKT-LOVVWNRFSA-N,10634,hit,CID10634,NO_CID_42add7b56324,,hit,1,,1,1,1,1
1290,Cc1[nH]c2c(-c3ccncc3)cccc2c1CC(N)C(=O)O,True,Cc1[nH]c2c(-c3ccncc3)cccc2c1CC(N)C(=O)O,Cc1[nH]c2c(-c3ccncc3)cccc2c1CC(N)C(=O)O,QAMPBSKBMZCILI-UHFFFAOYSA-N,122499635,hit,CID122499635,NO_CID_123fab1b3709,,hit,1,,1,1,1,1
1291,c1coc(CNc2ncnc3nc[nH]c23)c1,True,c1coc(CNc2ncnc3nc[nH]c23)c1,c1coc(CNc2ncnc3nc[nH]c23)c1,QANMHLXAZMSUEX-UHFFFAOYSA-N,3830,hit,CID3830,NO_CID_494b711fad01,,hit,1,,1,1,1,1
1292,C=C1C[C@]23C[C@@]1(O)CC[C@H]2[C@]1(C)CCC[C@@](C)(C(=O)O)[C@H]1CC3=O,True,C=C1CC23CC1(O)CCC2C1(C)CCCC(C)(C(=O)O)C1CC3=O,C=C1C[C@]23C[C@@]1(O)CC[C@H]2[C@]1(C)CCC[C@@](C)(C(=O)O)[C@H]1CC3=O,QAWFXVRKHGTJOX-GTWBZJPCSA-N,102272667,hit,CID102272667,NO_CID_c6dacc857946,,hit,1,,1,1,1,1
1293,COc1cccc(/C=C/C(=O)O)c1OC,True,COc1cccc(C=CC(=O)O)c1OC,COc1cccc(/C=C/C(=O)O)c1OC,QAXPUWGAGVERSJ-VOTSOKGWSA-N,735842,hit,CID735842,NO_CID_7f7beae07963,,hit,1,,1,1,1,1
1294,Cc1c(CC(N)C(=O)O)c2ccc(-c3ccccc3)cc2n1C,True,Cc1c(CC(N)C(=O)O)c2ccc(-c3ccccc3)cc2n1C,Cc1c(CC(N)C(=O)O)c2ccc(-c3ccccc3)cc2n1C,QBJMIRCUPDFQFU-UHFFFAOYSA-N,134259617,hit,CID134259617,NO_CID_98af9663a221,,hit,1,,1,1,1,1
1295,CC[C@@H]1C(=O)OC[C@@H]1Cc1cncn1C,True,CCC1C(=O)OCC1Cc1cncn1C,CC[C@@H]1C(=O)OC[C@@H]1Cc1cncn1C,QCHFTSOMWOSFHM-WPRPVWTQSA-N,5910,hit,CID5910,NO_CID_fac5d8d1f5b7,,hit,1,,1,1,1,1
1296,CC(CN)C(=O)O,True,CC(CN)C(=O)O,CC(CN)C(=O)O,QCHPKSFMDHPSNR-UHFFFAOYSA-N,64956,hit,CID64956,NO_CID_7c62fe9570f1,,hit,1,,1,1,1,1
1297,O=C(O)c1ccc(C2CCCCC2)cc1,True,O=C(O)c1ccc(C2CCCCC2)cc1,O=C(O)c1ccc(C2CCCCC2)cc1,QCIWHVKGVVQHIY-UHFFFAOYSA-N,88337,hit,CID88337,NO_CID_9eb33b81bf14,,hit,1,,1,1,1,1
1298,C#Cc1ccc2c(c1)c(CC(N)C(=O)O)c(C)n2C,True,C#Cc1ccc2c(c1)c(CC(N)C(=O)O)c(C)n2C,C#Cc1ccc2c(c1)c(CC(N)C(=O)O)c(C)n2C,QEAFJJDBOFSOBM-UHFFFAOYSA-N,122499638,hit,CID122499638,NO_CID_a9251bd3da99,,hit,1,,1,1,1,1
1299,Cc1[nH]c2cccc(O)c2c1CC(N)C(=O)O,True,Cc1[nH]c2cccc(O)c2c1CC(N)C(=O)O,Cc1[nH]c2cccc(O)c2c1CC(N)C(=O)O,QEAJMPKQYIGBTJ-UHFFFAOYSA-N,82389803,hit,CID82389803,NO_CID_42c1878ee0eb,,hit,1,,1,1,1,1
1300,C=C(C)[C@@H]1CCC2=CCC[C@@H](C)[C@]2(C)C1,True,C=C(C)C1CCC2=CCCC(C)C2(C)C1,C=C(C)[C@@H]1CCC2=CCC[C@@H](C)[C@]2(C)C1,QEBNYNLSCGVZOH-NFAWXSAZSA-N,9855795,hit,CID9855795,NO_CID_0ac941acfc50,,hit,1,,1,1,1,1
1301,C=C(C)[C@@H]1CCC2=CCC[C@@H](C)[C@@]2(C)C1,True,C=C(C)C1CCC2=CCCC(C)C2(C)C1,C=C(C)[C@@H]1CCC2=CCC[C@@H](C)[C@@]2(C)C1,QEBNYNLSCGVZOH-UMVBOHGHSA-N,11160025,hit,CID11160025,NO_CID_7b5920a9c63f,,hit,1,,1,1,1,1
1302,C=C1C[C@@]23CC[C@H]4[C@@](C)(CCC[C@@]4(C)C(=O)O)[C@@H]2CC[C@]1(O)C3,True,C=C1CC23CCC4C(C)(C(=O)O)CCCC4(C)C2CCC1(O)C3,C=C1C[C@@]23CC[C@H]4[C@@](C)(CCC[C@@]4(C)C(=O)O)[C@@H]2CC[C@]1(O)C3,QFVOYBUQQBFCRH-VQSWZGCSSA-N,452967,hit,CID452967,NO_CID_b99ffc5a63bd,,hit,1,,1,1,1,1
1303,C[C@]12CC[C@H](O)C[C@@H]1CC[C@@H]1[C@@H]2CC[C@]2(C)C(=O)CC[C@@H]12,True,CC12CCC3C(CCC4CC(O)CCC43C)C1CCC2=O,C[C@]12CC[C@H](O)C[C@@H]1CC[C@@H]1[C@@H]2CC[C@]2(C)C(=O)CC[C@@H]12,QGXBDMJGAMFCBF-LUJOEAJASA-N,441302,hit,CID441302,NO_CID_420c91b67ac8,,hit,1,,1,1,1,1
1304,N,True,N,N,QGZKDVFQNNGYKY-UHFFFAOYSA-N,222,hit,CID222,NO_CID_8ce86a6ae65d,,hit,1,,1,1,1,1
1305,[NH4+],True,[NH4+],[NH4+],QGZKDVFQNNGYKY-UHFFFAOYSA-O,223,hit,CID223,NO_CID_b262b2b94c0e,,hit,1,,1,1,1,1
1306,C=C1[C@H]2C[C@@H]3CCC(C)=C(CC[C@]2(C)CC[C@@H]1O)C3(C)C,True,C=C1C(O)CCC2(C)CCC3=C(C)CCC(CC12)C3(C)C,C=C1[C@H]2C[C@@H]3CCC(C)=C(CC[C@]2(C)CC[C@@H]1O)C3(C)C,QHDGSWAXTYWVOP-ZNWBIBPKSA-N,443485,hit,CID443485,NO_CID_efc7c0ac62bc,,hit,1,,1,1,1,1
1307,O=C1N[C@@H](Cc2c[nH]c3ccc(F)cc23)C(=O)N2CCC[C@@H]12,True,O=C1NC(Cc2c[nH]c3ccc(F)cc23)C(=O)N2CCCC12,O=C1N[C@@H](Cc2c[nH]c3ccc(F)cc23)C(=O)N2CCC[C@@H]12,QHFFEBFSFYNLNZ-KBPBESRZSA-N,167714262,hit,CID167714262,NO_CID_d3c7d97cb37b,,hit,1,,1,1,1,1
1308,C[C@H](CCC[C@@H](C)C=O)[C@H]1CC[C@H]2[C@@H]3C(=O)C=C4C[C@@H](O)CC[C@]4(C)[C@H]3CC[C@]12C,True,CC(C=O)CCCC(C)C1CCC2C3C(=O)C=C4CC(O)CCC4(C)C3CCC12C,C[C@H](CCC[C@@H](C)C=O)[C@H]1CC[C@H]2[C@@H]3C(=O)C=C4C[C@@H](O)CC[C@]4(C)[C@H]3CC[C@]12C,QIBLFDGXKLKYFD-HNFKANRHSA-N,91828281,hit,CID91828281,NO_CID_83e0b61fc17b,,hit,1,,1,1,1,1
1309,O=C(CC(=O)c1ccc(O)cc1O)c1ccc(O)cc1,True,O=C(CC(=O)c1ccc(O)cc1O)c1ccc(O)cc1,O=C(CC(=O)c1ccc(O)cc1O)c1ccc(O)cc1,QIEKMEBGIJSGGB-UHFFFAOYSA-N,439528,hit,CID439528,NO_CID_0adc84a89dd2,,hit,1,,1,1,0,1
1310,Cc1ccc2ccccc2c1,True,Cc1ccc2ccccc2c1,Cc1ccc2ccccc2c1,QIMMUPPBPVKWKM-UHFFFAOYSA-N,7055,hit,CID7055,NO_CID_5c4296c9e02f,,hit,1,,1,1,1,1
1311,CCCCCCCCCCCCCCCCCC(=O)[O-],True,CCCCCCCCCCCCCCCCCC(=O)[O-],CCCCCCCCCCCCCCCCCC(=O)[O-],QIQXTHQIDYTFRH-UHFFFAOYSA-M,3033836,hit,CID3033836,NO_CID_1464d54a2d89,,hit,1,,1,1,1,1
1312,CCCCCCCCCCCCCCCCCC(=O)O,True,CCCCCCCCCCCCCCCCCC(=O)O,CCCCCCCCCCCCCCCCCC(=O)O,QIQXTHQIDYTFRH-UHFFFAOYSA-N,5281,hit,CID5281,NO_CID_49fd924b6c4d,,hit,1,,1,1,1,1
1313,NC(Cc1c[nH]c2ccccc12)C(=O)O,True,NC(Cc1c[nH]c2ccccc12)C(=O)O,NC(Cc1c[nH]c2ccccc12)C(=O)O,QIVBCDIJIAJPQS-UHFFFAOYSA-N,1148,hit,CID1148,NO_CID_640e1867764f,,hit,1,,1,1,1,1
1314,N[C@@H](Cc1c[nH]c2ccccc12)C(=O)O,True,NC(Cc1c[nH]c2ccccc12)C(=O)O,N[C@@H](Cc1c[nH]c2ccccc12)C(=O)O,QIVBCDIJIAJPQS-VIFPVBQESA-N,6305,hit,CID6305,NO_CID_041475168980,,hit,1,,1,1,1,1
1315,COc1ccc(CC(NC(=O)C=CCC(O)C(C)C=Cc2ccccc2)C(=O)NCC(C)C(=O)OC(CC(C)C)C(=O)SCCNC(C)=O)cc1,True,COc1ccc(CC(NC(=O)C=CCC(O)C(C)C=Cc2ccccc2)C(=O)NCC(C)C(=O)OC(CC(C)C)C(=O)SCCNC(C)=O)cc1,COc1ccc(CC(NC(=O)C=CCC(O)C(C)C=Cc2ccccc2)C(=O)NCC(C)C(=O)OC(CC(C)C)C(=O)SCCNC(C)=O)cc1,QIWROMHWZUKBSW-UHFFFAOYSA-N,,cid0_no_match,NO_CID_99b825729091,NO_CID_99b825729091,,cid0_no_match,0,,1,1,1,1
1316,COc1oc(CC/C(C)=C/C(C)=C/c2ccc([N+](=O)[O-])cc2)c(C)c(=O)c1C,True,COc1oc(CCC(C)=CC(C)=Cc2ccc([N+](=O)[O-])cc2)c(C)c(=O)c1C,COc1oc(CC/C(C)=C/C(C)=C/c2ccc([N+](=O)[O-])cc2)c(C)c(=O)c1C,QJCZWAGFDPHLHZ-QUMQEAAQSA-N,11246062,hit,CID11246062,NO_CID_d2dacff2fe46,,hit,1,,1,1,1,1
1317,COc1oc(CCC(C)=CC(C)=Cc2ccc([N+](=O)[O-])cc2)c(C)c(=O)c1C,True,COc1oc(CCC(C)=CC(C)=Cc2ccc([N+](=O)[O-])cc2)c(C)c(=O)c1C,COc1oc(CCC(C)=CC(C)=Cc2ccc([N+](=O)[O-])cc2)c(C)c(=O)c1C,QJCZWAGFDPHLHZ-UHFFFAOYSA-N,72767361,hit,CID72767361,NO_CID_7afdf6d6f4d9,,hit,1,,1,1,1,1
1318,CCCCC/C=C\C/C=C\C/C=C\C/C=C\CCCC(=O)NCCc1c[nH]c2ccc(O)cc12,True,CCCCCC=CCC=CCC=CCC=CCCCC(=O)NCCc1c[nH]c2ccc(O)cc12,CCCCC/C=C\C/C=C\C/C=C\C/C=C\CCCC(=O)NCCc1c[nH]c2ccc(O)cc12,QJDNHGXNNRLIGA-DOFZRALJSA-N,10027372,hit,CID10027372,NO_CID_dae94ce4f85b,,hit,1,,1,1,1,1
1319,CC(C)CCCCCCCCC(=O)O,True,CC(C)CCCCCCCCC(=O)O,CC(C)CCCCCCCCC(=O)O,QJRRBVNPIKYRQJ-UHFFFAOYSA-N,75942,hit,CID75942,NO_CID_478df56342d0,,hit,1,,1,1,1,1
1320,Cn1cc(CC(N)C(=O)O)c2c(N3CCOCC3)cccc21,True,Cn1cc(CC(N)C(=O)O)c2c(N3CCOCC3)cccc21,Cn1cc(CC(N)C(=O)O)c2c(N3CCOCC3)cccc21,QKDPUNQOGYAMQA-UHFFFAOYSA-N,122499527,hit,CID122499527,NO_CID_fe3047ad955e,,hit,1,,1,1,1,1
1321,C=C1/C(=C\C=C2/CCC[C@]3(C)[C@@H]([C@H](C)CCO)CC[C@@H]23)C[C@@H](O)C[C@@H]1O,True,C=C1C(=CC=C2CCCC3(C)C2CCC3C(C)CCO)CC(O)CC1O,C=C1/C(=C\C=C2/CCC[C@]3(C)[C@@H]([C@H](C)CCO)CC[C@@H]23)C[C@@H](O)C[C@@H]1O,QKSLGXKBRJBRQD-NKLFQLIUSA-N,9547280,hit,CID9547280,NO_CID_ba395c69ff4d,,hit,1,,1,1,1,1
1322,Cc1c(CC(N)C=O)c2cc(C3CC3)ccc2n1C,True,Cc1c(CC(N)C=O)c2cc(C3CC3)ccc2n1C,Cc1c(CC(N)C=O)c2cc(C3CC3)ccc2n1C,QLOWRIYAPYPVJQ-UHFFFAOYSA-N,,cid0_no_match,NO_CID_6b8ab28cceb5,NO_CID_6b8ab28cceb5,,cid0_no_match,0,,1,1,1,1
1323,Cc1cc(O)cc(C)c1C[C@@H]1NC(=O)[C@H](Cc2ccc(O)cc2)NC1=O,True,Cc1cc(O)cc(C)c1CC1NC(=O)C(Cc2ccc(O)cc2)NC1=O,Cc1cc(O)cc(C)c1C[C@@H]1NC(=O)[C@H](Cc2ccc(O)cc2)NC1=O,QLYLWUHZTOECNX-ROUUACIJSA-N,146020564,hit,CID146020564,NO_CID_e938b6c217b6,,hit,1,,1,1,1,1
1324,CC1CC(N(C)C)C(O)C(OC2CCCCCCCCCCCCCC2)O1,True,CC1CC(N(C)C)C(O)C(OC2CCCCCCCCCCCCCC2)O1,CC1CC(N(C)C)C(O)C(OC2CCCCCCCCCCCCCC2)O1,QMFSCUAGBBNBNR-UHFFFAOYSA-N,67068104,hit,CID67068104,NO_CID_cc7bd8c97c21,,hit,1,,1,1,1,1
1325,CC1CC1c1ccc(C(F)(F)F)cc1,True,CC1CC1c1ccc(C(F)(F)F)cc1,CC1CC1c1ccc(C(F)(F)F)cc1,QMGRIKXSRSSPKW-UHFFFAOYSA-N,13275083,hit,CID13275083,NO_CID_1fcd549c2685,,hit,1,,1,1,1,1
1326,O=C1C[C@@H]2OCC=C3CN4CC[C@]56c7ccccc7N1[C@H]5[C@H]2[C@H]3C[C@H]46,True,O=C1CC2OCC=C3CN4CCC56c7ccccc7N1C5C2C3CC46,O=C1C[C@@H]2OCC=C3CN4CC[C@]56c7ccccc7N1[C@H]5[C@H]2[C@H]3C[C@H]46,QMGVPVSNSZLJIA-FVWCLLPLSA-N,441071,hit,CID441071,NO_CID_38487ce20f2b,,hit,1,,1,1,1,1
1327,O=C1CC2OCC=C3CN4CCC56c7ccccc7N1C5C2C3CC46,True,O=C1CC2OCC=C3CN4CCC56c7ccccc7N1C5C2C3CC46,O=C1CC2OCC=C3CN4CCC56c7ccccc7N1C5C2C3CC46,QMGVPVSNSZLJIA-UHFFFAOYSA-N,5304,hit,CID5304,NO_CID_563aa85b9718,,hit,1,,1,1,1,1
1328,CC1(C)CC[C@]2(C(=O)O)CC[C@]3(C)C(=CC[C@@H]4[C@@]5(C)CC[C@H](O)[C@@](C)(C=O)[C@@H]5CC[C@]43C)[C@@H]2C1,True,CC1(C)CCC2(C(=O)O)CCC3(C)C(=CCC4C5(C)CCC(O)C(C)(C=O)C5CCC43C)C2C1,CC1(C)CC[C@]2(C(=O)O)CC[C@]3(C)C(=CC[C@@H]4[C@@]5(C)CC[C@H](O)[C@@](C)(C=O)[C@@H]5CC[C@]43C)[C@@H]2C1,QMHCWDVPABYZMC-MYPRUECHSA-N,92825,hit,CID92825,NO_CID_934e889b06f3,,hit,1,,1,1,1,1
1329,CC(C)=CCCC(C)CCO,True,CC(C)=CCCC(C)CCO,CC(C)=CCCC(C)CCO,QMVPMAAFGQKVCJ-UHFFFAOYSA-N,8842,hit,CID8842,NO_CID_a1f707f82387,,hit,1,,1,1,1,1
1330,C/C1=C\CC[C@@]2(C)O[C@@H]2CC2=CC[C@@H](C)[C@@](C)(CC1)[C@@H]2C,True,CC1=CCCC2(C)OC2CC2=CCC(C)C(C)(CC1)C2C,C/C1=C\CC[C@@]2(C)O[C@@H]2CC2=CC[C@@H](C)[C@@](C)(CC1)[C@@H]2C,QNIYSYXBLLBBFR-XTQSWASPSA-N,,cid0_no_match,NO_CID_a9e50d84c791,NO_CID_a9e50d84c791,,cid0_no_match,0,,1,1,1,1
1331,C[C@@H]1O[C@@H](n2c3ccccc3c3c4c(c5c6ccccc6[nH]c5c32)CNC4=O)C[C@@H](N)[C@H]1O,True,CC1OC(n2c3ccccc3c3c4c(c5c6ccccc6[nH]c5c32)CNC4=O)CC(N)C1O,C[C@@H]1O[C@@H](n2c3ccccc3c3c4c(c5c6ccccc6[nH]c5c32)CNC4=O)C[C@@H](N)[C@H]1O,QNQXRLNOOGRQEB-FUJFFIKUSA-N,10503251,hit,CID10503251,NO_CID_fc162db8d056,,hit,1,,1,1,1,1
1332,CCCCC(C)O,True,CCCCC(C)O,CCCCC(C)O,QNVRIHYSUZMSGM-UHFFFAOYSA-N,12297,hit,CID12297,NO_CID_0c5b12d98797,,hit,1,,1,1,1,1
1333,Cc1ccc2c(CC(N)C(=O)O)c(C)[nH]c2c1,True,Cc1ccc2c(CC(N)C(=O)O)c(C)[nH]c2c1,Cc1ccc2c(CC(N)C(=O)O)c(C)[nH]c2c1,QNVUDNLVECOKBE-UHFFFAOYSA-N,82390333,hit,CID82390333,NO_CID_98d2743ae501,,hit,1,,1,1,1,1
1334,CC(C)CC1NC(=O)C(Cc2ccccc2)NC1=O,True,CC(C)CC1NC(=O)C(Cc2ccccc2)NC1=O,CC(C)CC1NC(=O)C(Cc2ccccc2)NC1=O,QPDMOMIYLJMOQJ-UHFFFAOYSA-N,562691,hit,CID562691,NO_CID_58601cb07078,,hit,1,,1,1,1,1
1335,O=C(O)[C@H](Cc1ccc(O)cc1)N(O)O,True,O=C(O)C(Cc1ccc(O)cc1)N(O)O,O=C(O)[C@H](Cc1ccc(O)cc1)N(O)O,QPHSFUGCBGILSS-QMMMGPOBSA-N,5461147,hit,CID5461147,NO_CID_116a6721367b,,hit,1,,1,1,1,1
1336,CC1=C[C@H](O/C=C(\C=C\C2=C(C)CCCC2(C)C)CO)OC1=O,True,CC1=CC(OC=C(C=CC2=C(C)CCCC2(C)C)CO)OC1=O,CC1=C[C@H](O/C=C(\C=C\C2=C(C)CCCC2(C)C)CO)OC1=O,QPLXYEHYTUWHNG-TYVCBRTJSA-N,168007568,hit,CID168007568,NO_CID_9a7e19880f87,,hit,1,,1,1,1,1
1337,Cc1cccc2ccccc12,True,Cc1cccc2ccccc12,Cc1cccc2ccccc12,QPUYECUOLPXSFR-UHFFFAOYSA-N,7002,hit,CID7002,NO_CID_3ad78bc6cb29,,hit,1,,1,0,1,1
1338,C=Cc1cccc2c(CC(N)C(=O)O)c(C)[nH]c12,True,C=Cc1cccc2c(CC(N)C(=O)O)c(C)[nH]c12,C=Cc1cccc2c(CC(N)C(=O)O)c(C)[nH]c12,QQBADSPXYKXLGU-UHFFFAOYSA-N,122499572,hit,CID122499572,NO_CID_236846795bb3,,hit,1,,1,1,1,1
1339,CC(C)[C@H](C)CC[C@@H](C)[C@H]1CC[C@H]2[C@@H]3CCC4=CC(=O)CC[C@]4(C)[C@H]3CC[C@]12C,True,CC(C)C(C)CCC(C)C1CCC2C3CCC4=CC(=O)CCC4(C)C3CCC12C,CC(C)[C@H](C)CC[C@@H](C)[C@H]1CC[C@H]2[C@@H]3CCC4=CC(=O)CC[C@]4(C)[C@H]3CC[C@]12C,QQIOPZFVTIHASB-IMUDCKKOSA-N,11988279,hit,CID11988279,NO_CID_a6f3d6753491,,hit,1,,1,1,1,1
1340,Cn1cc(CC(N)C(=O)O)c2cccc(F)c21,True,Cn1cc(CC(N)C(=O)O)c2cccc(F)c21,Cn1cc(CC(N)C(=O)O)c2cccc(F)c21,QQMJBQSKXDMUPD-UHFFFAOYSA-N,82663702,hit,CID82663702,NO_CID_ee376a190454,,hit,1,,1,1,1,1
1341,CC(C)C(C)C(O)C(O)C(C)C1CCC2C3CC(O)C4CC(O)CCC4(C)C3CCC12C,True,CC(C)C(C)C(O)C(O)C(C)C1CCC2C3CC(O)C4CC(O)CCC4(C)C3CCC12C,CC(C)C(C)C(O)C(O)C(C)C1CCC2C3CC(O)C4CC(O)CCC4(C)C3CCC12C,QQPPQQNYVDYNAA-UHFFFAOYSA-N,85660888,hit,CID85660888,NO_CID_20195c263117,,hit,1,,1,1,1,1
1342,CC(C)[C@H](C)[C@@H](O)[C@H](O)[C@@H](C)[C@H]1CC[C@H]2[C@@H]3C[C@H](O)[C@H]4C[C@H](O)CC[C@]4(C)[C@H]3CC[C@]12C,True,CC(C)C(C)C(O)C(O)C(C)C1CCC2C3CC(O)C4CC(O)CCC4(C)C3CCC12C,CC(C)[C@H](C)[C@@H](O)[C@H](O)[C@@H](C)[C@H]1CC[C@H]2[C@@H]3C[C@H](O)[C@H]4C[C@H](O)CC[C@]4(C)[C@H]3CC[C@]12C,QQPPQQNYVDYNAA-VKTWQGKFSA-N,102515372,hit,CID102515372,NO_CID_d11dcdfe0ae1,,hit,1,,1,1,1,1
1343,CC(=O)ONc1ccc(C(=O)O)cc1C/C=C(\CO)CCC(C)=C(C)C,True,CC(=O)ONc1ccc(C(=O)O)cc1CC=C(CO)CCC(C)=C(C)C,CC(=O)ONc1ccc(C(=O)O)cc1C/C=C(\CO)CCC(C)=C(C)C,QQTJJVCEXLHBQA-APSNUPSMSA-N,177555585,hit,CID177555585,NO_CID_d31fc8bb7ae6,,hit,1,,1,1,1,1
1344,CCCCC/C=C\C/C=C\C=C\[C@@H](C/C=C\CCCC(=O)O)OO,True,CCCCCC=CCC=CC=CC(CC=CCCCC(=O)O)OO,CCCCC/C=C\C/C=C\C=C\[C@@H](C/C=C\CCCC(=O)O)OO,QQUFCXFFOZDXLA-GTYUHVKWSA-N,5283170,hit,CID5283170,NO_CID_abf7dd3bb5fd,,hit,1,,1,1,1,1
1345,CCCCC/C=C\C/C=C\C=C\[C@H](C/C=C\CCCC(=O)O)OO,True,CCCCCC=CCC=CC=CC(CC=CCCCC(=O)O)OO,CCCCC/C=C\C/C=C\C=C\[C@H](C/C=C\CCCC(=O)O)OO,QQUFCXFFOZDXLA-VYOQERLCSA-N,9548880,hit,CID9548880,NO_CID_0943065b200b,,hit,1,,1,1,1,1
1346,Cc1c(CC(N)C=O)c2c(-c3ccccc3)cccc2n1C,True,Cc1c(CC(N)C=O)c2c(-c3ccccc3)cccc2n1C,Cc1c(CC(N)C=O)c2c(-c3ccccc3)cccc2n1C,QQVJDYLETFBELB-UHFFFAOYSA-N,,cid0_no_match,NO_CID_f7e8a2393435,NO_CID_f7e8a2393435,,cid0_no_match,0,,1,1,1,1
1347,CN1[C@@H]2CC[C@H]1CC(=O)C2,True,CN1C2CCC1CC(=O)C2,CN1[C@@H]2CC[C@H]1CC(=O)C2,QQXLDOJGLXJCSE-KNVOCYPGSA-N,446337,hit,CID446337,NO_CID_031430d357bb,,hit,1,,1,1,1,1
1348,OC1=Nc2ccccc2OC1,True,OC1=Nc2ccccc2OC1,OC1=Nc2ccccc2OC1,QRCGFTXRXYMJOS-UHFFFAOYSA-N,72757,hit,CID72757,NO_CID_728f5fd15efa,,hit,1,,1,1,1,1
1349,CSc1cccc2c1c(CC(N)C(=O)O)c(C)n2C,True,CSc1cccc2c1c(CC(N)C(=O)O)c(C)n2C,CSc1cccc2c1c(CC(N)C(=O)O)c(C)n2C,QRFMRHGZPITZEO-UHFFFAOYSA-N,122499645,hit,CID122499645,NO_CID_1281a61a87c9,,hit,1,,1,1,1,1
1350,CC=Cc1ccccc1,True,CC=Cc1ccccc1,CC=Cc1ccccc1,QROGIFZRVHSFLM-UHFFFAOYSA-N,12500,hit,CID12500,NO_CID_74f126a827f1,,hit,1,,1,1,1,1
1351,CC(C)c1cc2c(c(O)c1O)[C@@]1(C(=O)O)CCCC(C)(C)[C@@H]1CC2,True,CC(C)c1cc2c(c(O)c1O)C1(C(=O)O)CCCC(C)(C)C1CC2,CC(C)c1cc2c(c(O)c1O)[C@@]1(C(=O)O)CCCC(C)(C)[C@@H]1CC2,QRYRORQUOLYVBU-VBKZILBWSA-N,65126,hit,CID65126,NO_CID_1da2afead927,,hit,1,,1,1,1,1
1352,C[C@]12CC[C@H]3[C@@H](CCC4=CC(=O)CC[C@@]43O)[C@@H]1CC[C@@H]2C(=O)CO,True,CC12CCC3C(CCC4=CC(=O)CCC43O)C1CCC2C(=O)CO,C[C@]12CC[C@H]3[C@@H](CCC4=CC(=O)CC[C@@]43O)[C@@H]1CC[C@@H]2C(=O)CO,QSCKKVZPSMFWPH-WDYSCTGBSA-N,,cid0_no_match,NO_CID_1c0b6cd8fbdf,NO_CID_1c0b6cd8fbdf,,cid0_no_match,0,,1,1,1,1
1353,NC(Cc1c[nH]c2cccc(O)c12)C(=O)O,True,NC(Cc1c[nH]c2cccc(O)c12)C(=O)O,NC(Cc1c[nH]c2cccc(O)c12)C(=O)O,QSHLMQDRPXXYEE-UHFFFAOYSA-N,589768,hit,CID589768,NO_CID_0c01901abac4,,hit,1,,1,1,1,1
1354,C[S],True,C[S],C[S],QSLPNSWXUQHVLP-UHFFFAOYSA-N,878,hit,CID878,NO_CID_c028d261c95e,,hit,1,,1,1,1,1
1355,C[C@H]1CC[C@H](C(=O)O)CC1,True,CC1CCC(C(=O)O)CC1,C[C@H]1CC[C@H](C(=O)O)CC1,QTDXSEZXAPHVBI-LJGSYFOKSA-N,20330,hit,CID20330,NO_CID_4280434927ee,,hit,1,,1,1,1,1
1356,CC(=O)[C@H]1CC[C@H]2C3=CC=C4C[C@@H](O)CC[C@]4(C)[C@H]3CC[C@]12C,True,CC(=O)C1CCC2C3=CC=C4CC(O)CCC4(C)C3CCC12C,CC(=O)[C@H]1CC[C@H]2C3=CC=C4C[C@@H](O)CC[C@]4(C)[C@H]3CC[C@]12C,QTVNPWWLYMFLEI-UIALTGQGSA-N,99475,hit,CID99475,NO_CID_307af5cdf436,,hit,1,,1,1,1,1
1357,Cc1c(O)cc2c(c1C)O[C@](C)(CCC[C@H](C)CCC[C@H](C)CCCC(C)C)CC2,True,Cc1c(O)cc2c(c1C)OC(C)(CCCC(C)CCCC(C)CCCC(C)C)CC2,Cc1c(O)cc2c(c1C)O[C@](C)(CCC[C@H](C)CCC[C@H](C)CCCC(C)C)CC2,QUEDXNHFTDJVIY-DQCZWYHMSA-N,92729,hit,CID92729,NO_CID_74ca984b08e1,,hit,1,,1,1,1,1
1358,C#Cc1ccc2c(CC(N)C(=O)O)cn(C)c2c1,True,C#Cc1ccc2c(CC(N)C(=O)O)cn(C)c2c1,C#Cc1ccc2c(CC(N)C(=O)O)cn(C)c2c1,QUEXETADEQSXQW-UHFFFAOYSA-N,122499659,hit,CID122499659,NO_CID_a1196465236f,,hit,1,,1,1,1,1
1359,CC(C)c1ccc2c(c1)CC[C@H]1C(C)(C)CCC[C@]21C,True,CC(C)c1ccc2c(c1)CCC1C(C)(C)CCCC21C,CC(C)c1ccc2c(c1)CC[C@H]1C(C)(C)CCC[C@]21C,QUUCYKKMFLJLFS-AZUAARDMSA-N,6432211,hit,CID6432211,NO_CID_31452ca3294d,,hit,1,,1,1,1,1
1360,CC/C=C\C/C=C\C/C=C(/CCCCCCCC(=O)O)OO,True,CCC=CCC=CCC=C(CCCCCCCC(=O)O)OO,CC/C=C\C/C=C\C/C=C(/CCCCCCCC(=O)O)OO,QVUYXFFTZMKSBG-CHHXPKDJSA-N,101689778,hit,CID101689778,NO_CID_00e313e9f6cc,,hit,1,,1,1,1,1
1361,CC/C=C\C/C=C\C/C=C(\CCCCCCCC(=O)O)OO,True,CCC=CCC=CCC=C(CCCCCCCC(=O)O)OO,CC/C=C\C/C=C\C/C=C(\CCCCCCCC(=O)O)OO,QVUYXFFTZMKSBG-VHRJKPHESA-N,87347015,hit,CID87347015,NO_CID_e5b07c13cb3f,,hit,1,,1,1,1,1
1362,O=C1CC2(CCCC2)CC(=O)N1CCCCN1CCN(c2ncccn2)CC1,True,O=C1CC2(CCCC2)CC(=O)N1CCCCN1CCN(c2ncccn2)CC1,O=C1CC2(CCCC2)CC(=O)N1CCCCN1CCN(c2ncccn2)CC1,QWCRAEMEVRGPNT-UHFFFAOYSA-N,2477,hit,CID2477,NO_CID_b8f55433bd19,,hit,1,,1,1,1,1
1363,Cn1cc(CC(N)C(=O)O)c2cccc(Br)c21,True,Cn1cc(CC(N)C(=O)O)c2cccc(Br)c21,Cn1cc(CC(N)C(=O)O)c2cccc(Br)c21,QWFFFMCJAHOPIM-UHFFFAOYSA-N,83763814,hit,CID83763814,NO_CID_2ac54c845ba2,,hit,1,,1,1,1,1
1364,O=C(Oc1ccccc1)N1C2CCC1CC2,True,O=C(Oc1ccccc1)N1C2CCC1CC2,O=C(Oc1ccccc1)N1C2CCC1CC2,QWHLJPZBBDRNAT-UHFFFAOYSA-N,85721476,hit,CID85721476,NO_CID_c0368d68f1f0,,hit,1,,1,1,1,1
1365,COC[C@H]1O[C@@H](O)[C@H](O)[C@@H](O)[C@H]1O,True,COCC1OC(O)C(O)C(O)C1O,COC[C@H]1O[C@@H](O)[C@H](O)[C@@H](O)[C@H]1O,QWJKEQVWXSYDJA-VOQCIKJUSA-N,51548332,hit,CID51548332,NO_CID_d9e873f1524a,,hit,1,,1,1,1,1
1366,O=C(c1cccc(O)c1)c1c(O)cc(O)cc1O,True,O=C(c1cccc(O)c1)c1c(O)cc(O)cc1O,O=C(c1cccc(O)c1)c1c(O)cc(O)cc1O,QWRYPHZJTWQLFX-UHFFFAOYSA-N,440991,hit,CID440991,NO_CID_b178c45fd2df,,hit,1,,1,1,1,1
1367,CC=C1C[N+]2=CCC1C(C=O)(C(=O)OC)c1[nH]c3ccccc3c1CC2,True,CC=C1C[N+]2=CCC1C(C=O)(C(=O)OC)c1[nH]c3ccccc3c1CC2,CC=C1C[N+]2=CCC1C(C=O)(C(=O)OC)c1[nH]c3ccccc3c1CC2,QWXYZCJEXYQNEI-UHFFFAOYSA-N,,cid0_no_match,NO_CID_23010e862c50,NO_CID_23010e862c50,,cid0_no_match,0,,1,1,1,1
1368,COc1c2occc2cc2ccc(=O)oc12,True,COc1c2occc2cc2ccc(=O)oc12,COc1c2occc2cc2ccc(=O)oc12,QXKHYNVANLEOEG-UHFFFAOYSA-N,4114,rescued_retry,CID4114,NO_CID_b0ee9477e392,,rescued_retry,1,URLError: <urlopen error [SSL: UNEXPECTED_EOF_WHILE_READING] EOF occurred in violation of protocol (_ssl.c:1000)>,1,1,1,1
1369,CC(C)c1cc2c(cc1O)[C@@]1(C)CCCC(C)(C)[C@@H]1CC2,True,CC(C)c1cc2c(cc1O)C1(C)CCCC(C)(C)C1CC2,CC(C)c1cc2c(cc1O)[C@@]1(C)CCCC(C)(C)[C@@H]1CC2,QXNWVJOHUAQHLM-AZUAARDMSA-N,442027,hit,CID442027,NO_CID_ae038c56aaca,,hit,1,,1,1,1,1
1370,CC1=C[C@H](O/C=C2/C(=O)O[C@@H]3C4=C(CCCC4(C)C)C[C@H]23)OC1=O,True,CC1=CC(OC=C2C(=O)OC3C4=C(CCCC4(C)C)CC23)OC1=O,CC1=C[C@H](O/C=C2/C(=O)O[C@@H]3C4=C(CCCC4(C)C)C[C@H]23)OC1=O,QXTUQXRFEBHUBA-DYLOANJQSA-N,15102684,hit,CID15102684,NO_CID_8c552a636b00,,hit,1,,1,1,1,1
1371,CC(C)CCC[C@@H](C)[C@H]1CC[C@H]2[C@@H]3CC[C@H]4C[C@@H](O)CC[C@]4(C)[C@H]3CC[C@]12C,True,CC(C)CCCC(C)C1CCC2C3CCC4CC(O)CCC4(C)C3CCC12C,CC(C)CCC[C@@H](C)[C@H]1CC[C@H]2[C@@H]3CC[C@H]4C[C@@H](O)CC[C@]4(C)[C@H]3CC[C@]12C,QYIXCDOBOSTCEI-QCYZZNICSA-N,6665,hit,CID6665,NO_CID_ce219fc67458,,hit,1,,1,1,1,1
1372,CSC(=S)NCc1c[nH]c2ccccc12,True,CSC(=S)NCc1c[nH]c2ccccc12,CSC(=S)NCc1c[nH]c2ccccc12,QYKQWFZDEDFELK-UHFFFAOYSA-N,3035211,hit,CID3035211,NO_CID_6cdb43e1ab8b,,hit,1,,1,1,1,1
1373,C=C1CC[C@H](O)CC1=CC=C1CCC[C@]2(C)[C@@H]([C@H](C)CCCC(C)C)CC[C@@H]12,True,C=C1CCC(O)CC1=CC=C1CCCC2(C)C1CCC2C(C)CCCC(C)C,C=C1CC[C@H](O)CC1=CC=C1CCC[C@]2(C)[C@@H]([C@H](C)CCCC(C)C)CC[C@@H]12,QYSXJUFSXHHAJI-RWDMXNMGSA-N,6221,hit,CID6221,NO_CID_cc2327799ac7,,hit,1,,1,1,1,1
1374,C=C1CCC(O)CC1=CC=C1CCCC2(C)C1CCC2C(C)CCCC(C)C,True,C=C1CCC(O)CC1=CC=C1CCCC2(C)C1CCC2C(C)CCCC(C)C,C=C1CCC(O)CC1=CC=C1CCCC2(C)C1CCC2C(C)CCCC(C)C,QYSXJUFSXHHAJI-UHFFFAOYSA-N,2735,rescued_retry,CID2735,NO_CID_d247403cf48d,,rescued_retry,1,URLError: <urlopen error [SSL: UNEXPECTED_EOF_WHILE_READING] EOF occurred in violation of protocol (_ssl.c:1000)>,1,1,1,1
1375,C=C1CC[C@H](O)C/C1=C/C=C1\CCC[C@]2(C)[C@@H]([C@H](C)CCCC(C)C)CC[C@@H]12,True,C=C1CCC(O)CC1=CC=C1CCCC2(C)C1CCC2C(C)CCCC(C)C,C=C1CC[C@H](O)C/C1=C/C=C1\CCC[C@]2(C)[C@@H]([C@H](C)CCCC(C)C)CC[C@@H]12,QYSXJUFSXHHAJI-YRZJJWOYSA-N,5280795,hit,CID5280795,NO_CID_ba88ae3ae197,,hit,1,,1,1,1,1
1376,NCCc1c[nH]c2ccc(O)cc12,True,NCCc1c[nH]c2ccc(O)cc12,NCCc1c[nH]c2ccc(O)cc12,QZAYGJVTTNCVMB-UHFFFAOYSA-N,5202,hit,CID5202,NO_CID_50c092facaed,,hit,1,,1,1,1,1
1377,CCCCCCCCCCCCCCCCCCCCCCCC(=O)[O-],True,CCCCCCCCCCCCCCCCCCCCCCCC(=O)[O-],CCCCCCCCCCCCCCCCCCCCCCCC(=O)[O-],QZZGJDVWLFXDLK-UHFFFAOYSA-M,5461021,hit,CID5461021,NO_CID_b1c97647d8d7,,hit,1,,1,1,1,1
1378,N[C@@H](Cc1c[nH]c2cc(-c3ccccc3)ccc12)C(=O)O,True,NC(Cc1c[nH]c2cc(-c3ccccc3)ccc12)C(=O)O,N[C@@H](Cc1c[nH]c2cc(-c3ccccc3)ccc12)C(=O)O,RAAXSGSFRXZXSO-HNNXBMFYSA-N,122499546,hit,CID122499546,NO_CID_6819432f204a,,hit,1,,1,1,1,1
1379,NC(Cc1c[nH]c2cc(-c3ccccc3)ccc12)C(=O)O,True,NC(Cc1c[nH]c2cc(-c3ccccc3)ccc12)C(=O)O,NC(Cc1c[nH]c2cc(-c3ccccc3)ccc12)C(=O)O,RAAXSGSFRXZXSO-UHFFFAOYSA-N,134259601,hit,CID134259601,NO_CID_c50a85eefd5f,,hit,1,,1,1,1,1
1380,O=C(O)c1ccc(OC(F)(F)F)cc1,True,O=C(O)c1ccc(OC(F)(F)F)cc1,O=C(O)c1ccc(OC(F)(F)F)cc1,RATSANVPHHXDCT-UHFFFAOYSA-N,67613,hit,CID67613,NO_CID_6ca2e61e542f,,hit,1,,1,1,1,1
1381,COC(=O)c1ccc(CCCCCC(=O)O)cc1,True,COC(=O)c1ccc(CCCCCC(=O)O)cc1,COC(=O)c1ccc(CCCCCC(=O)O)cc1,RBEVPSQYXRYXOB-UHFFFAOYSA-N,67163557,hit,CID67163557,NO_CID_eeac098747f0,,hit,1,,1,1,1,1
1382,CCC(C)CC(C)CC(C)C(=O)OC,True,CCC(C)CC(C)CC(C)C(=O)OC,CCC(C)CC(C)CC(C)C(=O)OC,RBRLRKACDFDWRL-UHFFFAOYSA-N,560461,hit,CID560461,NO_CID_6e125792d157,,hit,1,,1,1,1,1
1383,CSc1cccc2c(CC(N)C(=O)O)c(C)[nH]c12,True,CSc1cccc2c(CC(N)C(=O)O)c(C)[nH]c12,CSc1cccc2c(CC(N)C(=O)O)c(C)[nH]c12,RBZZNSAGTRMYOS-UHFFFAOYSA-N,122499664,hit,CID122499664,NO_CID_3abe91294fe3,,hit,1,,1,1,1,1
1384,CCC(C)C#N,True,CCC(C)C#N,CCC(C)C#N,RCEJCSULJQNRQQ-UHFFFAOYSA-N,29339,hit,CID29339,NO_CID_53c7b3921a83,,hit,1,,1,1,1,1
1385,CC(=O)O[C@H]1C(=O)[C@@]2(C)[C@H]([C@H](OC(=O)c3ccccc3)[C@]3(O)C[C@H](OC(=O)[C@H](O)[C@@H](NC(=O)c4ccccc4)c4ccccc4)C(C)=C1C3(C)C)[C@]1(OC(C)=O)CO[C@@H]1C[C@@H]2O,True,CC(=O)OC1C(=O)C2(C)C(O)CC3OCC3(OC(C)=O)C2C(OC(=O)c2ccccc2)C2(O)CC(OC(=O)C(O)C(NC(=O)c3ccccc3)c3ccccc3)C(C)=C1C2(C)C,CC(=O)O[C@H]1C(=O)[C@@]2(C)[C@H]([C@H](OC(=O)c3ccccc3)[C@]3(O)C[C@H](OC(=O)[C@H](O)[C@@H](NC(=O)c4ccccc4)c4ccccc4)C(C)=C1C3(C)C)[C@]1(OC(C)=O)CO[C@@H]1C[C@@H]2O,RCINICONZNJXQF-MZXODVADSA-N,36314,hit,CID36314,NO_CID_6486c8a27d7a,,hit,1,,1,1,1,1
1386,O=C(Cc1ccccc1)OCCCCl,True,O=C(Cc1ccccc1)OCCCCl,O=C(Cc1ccccc1)OCCCCl,RCWBNRFYQJOGPL-UHFFFAOYSA-N,12738459,hit,CID12738459,NO_CID_0c2d71f57e6b,,hit,1,,1,1,1,1
1387,COc1ccccc1,True,COc1ccccc1,COc1ccccc1,RDOXTESZEPMUJZ-UHFFFAOYSA-N,7519,hit,CID7519,NO_CID_d85965b59168,,hit,1,,1,1,1,1
1388,Cc1ccc(C(C)C)cc1O,True,Cc1ccc(C(C)C)cc1O,Cc1ccc(C(C)C)cc1O,RECUKUPTGUEGMW-UHFFFAOYSA-N,10364,hit,CID10364,NO_CID_26c9e2dcf352,,hit,1,,1,1,1,1
1389,COc1cc([C@@H]2c3cc4c(cc3C[C@H]3COC(=O)[C@@H]32)OCO4)cc(OC)c1O,True,COc1cc(C2c3cc4c(cc3CC3COC(=O)C32)OCO4)cc(OC)c1O,COc1cc([C@@H]2c3cc4c(cc3C[C@H]3COC(=O)[C@@H]32)OCO4)cc(OC)c1O,RFDMNXDDRXVJTM-RQUSPXKASA-N,160705,hit,CID160705,NO_CID_dc4cc1f1bf02,,hit,1,,1,1,1,1
1390,Clc1ccccc1Cl,True,Clc1ccccc1Cl,Clc1ccccc1Cl,RFFLAFLAYFXFSW-UHFFFAOYSA-N,7239,hit,CID7239,NO_CID_ea41328694e9,,hit,1,,1,1,1,1
1391,CC(C)C12CCC(C)(CC1)O2,True,CC(C)C12CCC(C)(CC1)O2,CC(C)C12CCC(C)(CC1)O2,RFFOTVCVTJUTAD-UHFFFAOYSA-N,10106,hit,CID10106,NO_CID_e5f2eb6488e1,,hit,1,,1,1,1,1
1392,CCCCCC=CCC=CC(CCCCCCC(=O)O)OO,True,CCCCCC=CCC=CC(CCCCCCC(=O)O)OO,CCCCCC=CCC=CC(CCCCCCC(=O)O)OO,RGJSGXNKRWWCOQ-UHFFFAOYSA-N,53427338,hit,CID53427338,NO_CID_9b363459458f,,hit,1,,1,1,1,1
1393,C=C[C@@]1(C)C=C2CC[C@@H]3C(C)(C)[C@H](O)CC[C@@]3(C)[C@]2(O)CC1,True,C=CC1(C)C=C2CCC3C(C)(C)C(O)CCC3(C)C2(O)CC1,C=C[C@@]1(C)C=C2CC[C@@H]3C(C)(C)[C@H](O)CC[C@@]3(C)[C@]2(O)CC1,RGLTYROISYBKIW-BDUQCRIQSA-N,86289490,hit,CID86289490,NO_CID_ef0c431f3c37,,hit,1,,1,1,1,1
1394,CC/C(=C(/CC)c1ccc(O)cc1)c1ccc(O)cc1,True,CCC(=C(CC)c1ccc(O)cc1)c1ccc(O)cc1,CC/C(=C(/CC)c1ccc(O)cc1)c1ccc(O)cc1,RGLYKWWBQGJZGM-ISLYRVAYSA-N,448537,hit,CID448537,NO_CID_fc4c2ebf3e11,,hit,1,,1,1,1,1
1395,C=C[C@@]1(C)[C@@H](O)CC[C@]2(C)[C@H]3[C@H](O)C=C4[C@@H]5CC(C)(C)CC[C@]5(C)CC[C@@]4(C)[C@]3(C)CC[C@@H]12,True,C=CC1(C)C(O)CCC2(C)C1CCC1(C)C2C(O)C=C2C3CC(C)(C)CCC3(C)CCC21C,C=C[C@@]1(C)[C@@H](O)CC[C@]2(C)[C@H]3[C@H](O)C=C4[C@@H]5CC(C)(C)CC[C@]5(C)CC[C@@]4(C)[C@]3(C)CC[C@@H]12,RGRXMWDNABRQQB-CHRADLCZSA-N,,cid0_no_match,NO_CID_eac93a35d614,NO_CID_eac93a35d614,,cid0_no_match,0,,1,1,1,1
1396,C1CCCC1,True,C1CCCC1,C1CCCC1,RGSFGYAAUTVSQA-UHFFFAOYSA-N,9253,hit,CID9253,NO_CID_8c2e3ed84f92,,hit,1,,1,1,1,1
1397,CCCCCCCCC#CCCCCCCCC(=O)O,True,CCCCCCCCC#CCCCCCCCC(=O)O,CCCCCCCCC#CCCCCCCCC(=O)O,RGTIBVZDHOMOKC-UHFFFAOYSA-N,68167,hit,CID68167,NO_CID_ba35512d915c,,hit,1,,1,1,1,1
1398,O=C(O)/C=C/C=C/c1ccc2c(c1)OCO2,True,O=C(O)C=CC=Cc1ccc2c(c1)OCO2,O=C(O)/C=C/C=C/c1ccc2c(c1)OCO2,RHBGITBPARBDPH-ZPUQHVIOSA-N,5370536,hit,CID5370536,NO_CID_3efac84ab00c,,hit,1,,1,1,1,1
1399,Cc1[nH]c2cccc(Cl)c2c1CC(N)C(=O)O,True,Cc1[nH]c2cccc(Cl)c2c1CC(N)C(=O)O,Cc1[nH]c2cccc(Cl)c2c1CC(N)C(=O)O,RHFFXDXZOGHLSW-UHFFFAOYSA-N,122499563,hit,CID122499563,NO_CID_28b39d26e94b,,hit,1,,1,1,1,1
1400,C/C=C(\C)[C@H]1CC=C/C=C(\C)CC[C@@H](O)[C@@](C)(O)C(=S)/C=C2\N[C@@](C)(C3=N[C@@H](CS3)C(=O)O1)[C@@H](O)S2,True,CC=C(C)C1CC=CC=C(C)CCC(O)C(C)(O)C(=S)C=C2NC(C)(C3=NC(CS3)C(=O)O1)C(O)S2,C/C=C(\C)[C@H]1CC=C/C=C(\C)CC[C@@H](O)[C@@](C)(O)C(=S)/C=C2\N[C@@](C)(C3=N[C@@H](CS3)C(=O)O1)[C@@H](O)S2,RITQYQYLYIIHGJ-CCYKEUNVSA-N,,cid0_no_match,NO_CID_9e3abeeebb07,NO_CID_9e3abeeebb07,,cid0_no_match,0,,1,1,1,1
1401,C/C1=C/[C@H](O)C[C@](C)(O)/C=C\[C@H](C(C)C)CC/C(C)=C\CC1,True,CC1=CC(O)CC(C)(O)C=CC(C(C)C)CCC(C)=CCC1,C/C1=C/[C@H](O)C[C@](C)(O)/C=C\[C@H](C(C)C)CC/C(C)=C\CC1,RIVKDDXPCFBMOV-KPKOZXNESA-N,6438508,hit,CID6438508,NO_CID_1f6ff4be91ac,,hit,1,,1,1,1,1
1402,CC(C)CCCC(C)C1CCC2C3C(O)CC4CC(O)CCC4(C)C3CC(O)C12C,True,CC(C)CCCC(C)C1CCC2C3C(O)CC4CC(O)CCC4(C)C3CC(O)C12C,CC(C)CCCC(C)C1CCC2C3C(O)CC4CC(O)CCC4(C)C3CC(O)C12C,RIVQQZVHIVNQFH-UHFFFAOYSA-N,139,hit,CID139,NO_CID_13bd991dc93c,,hit,1,,1,1,1,1
1403,CC(C)CCC[C@@H](C)[C@H]1CC[C@H]2[C@@H]3[C@H](O)C[C@@H]4C[C@H](O)CC[C@]4(C)[C@H]3C[C@H](O)[C@]12C,True,CC(C)CCCC(C)C1CCC2C3C(O)CC4CC(O)CCC4(C)C3CC(O)C12C,CC(C)CCC[C@@H](C)[C@H]1CC[C@H]2[C@@H]3[C@H](O)C[C@@H]4C[C@H](O)CC[C@]4(C)[C@H]3C[C@H](O)[C@]12C,RIVQQZVHIVNQFH-XJZYBRFWSA-N,160520,hit,CID160520,NO_CID_8833b2fd1eb7,,hit,1,,1,1,1,1
1404,CC(=O)[C@H]1CC[C@H]2[C@@H]3CCC4=CC(=O)CC[C@]4(C)[C@H]3CC[C@]12C,True,CC(=O)C1CCC2C3CCC4=CC(=O)CCC4(C)C3CCC12C,CC(=O)[C@H]1CC[C@H]2[C@@H]3CCC4=CC(=O)CC[C@]4(C)[C@H]3CC[C@]12C,RJKFOVLPORLFTN-LEKSSAKUSA-N,5994,hit,CID5994,NO_CID_16e624e04e78,,hit,1,,1,1,1,1
1405,CC(=O)C1CCC2C3CCC4=CC(=O)CCC4(C)C3CCC12C,True,CC(=O)C1CCC2C3CCC4=CC(=O)CCC4(C)C3CCC12C,CC(=O)C1CCC2C3CCC4=CC(=O)CCC4(C)C3CCC12C,RJKFOVLPORLFTN-UHFFFAOYSA-N,4920,hit,CID4920,NO_CID_7673c06c9f6e,,hit,1,,1,1,1,1
1406,CCc1ccc2ccccc2c1,True,CCc1ccc2ccccc2c1,CCc1ccc2ccccc2c1,RJTJVVYSTUQWNI-UHFFFAOYSA-N,13652,hit,CID13652,NO_CID_af57f85e7127,,hit,1,,1,1,1,1
1407,CC(=CCCC(C)C1CC(O)C2(C)C3=C(CCC12C)C1(C)CCC(=O)C(C)(C)C1CC3=O)C(=O)[O-],True,CC(=CCCC(C)C1CC(O)C2(C)C3=C(CCC12C)C1(C)CCC(=O)C(C)(C)C1CC3=O)C(=O)[O-],CC(=CCCC(C)C1CC(O)C2(C)C3=C(CCC12C)C1(C)CCC(=O)C(C)(C)C1CC3=O)C(=O)[O-],RJXKKKVFIXAMGV-UHFFFAOYSA-M,,cid0_no_match,NO_CID_359385b1684c,NO_CID_359385b1684c,,cid0_no_match,0,,1,1,1,1
1408,CC(C)CCC[C@H](C)CCC[C@H](C)CCC[C@@H](C)CC(=O)O,True,CC(C)CCCC(C)CCCC(C)CCCC(C)CC(=O)O,CC(C)CCC[C@H](C)CCC[C@H](C)CCC[C@@H](C)CC(=O)O,RLCKHJSFHOZMDR-GBESFXJTSA-N,40473138,hit,CID40473138,NO_CID_4a437ce49c67,,hit,1,,1,1,1,1
1409,CC(C)CCCC(C)CCCC(C)CCCC(C)CC(=O)[O-],True,CC(C)CCCC(C)CCCC(C)CCCC(C)CC(=O)[O-],CC(C)CCCC(C)CCCC(C)CCCC(C)CC(=O)[O-],RLCKHJSFHOZMDR-UHFFFAOYSA-M,11966211,hit,CID11966211,NO_CID_215d386e1db4,,hit,1,,1,1,1,1
1410,CC(C)CCCC(C)CCCC(C)CCCC(C)CC(=O)O,True,CC(C)CCCC(C)CCCC(C)CCCC(C)CC(=O)O,CC(C)CCCC(C)CCCC(C)CCCC(C)CC(=O)O,RLCKHJSFHOZMDR-UHFFFAOYSA-N,26840,hit,CID26840,NO_CID_9a5072a5108d,,hit,1,,1,1,1,1
1411,Cc1cccc(O)c1,True,Cc1cccc(O)c1,Cc1cccc(O)c1,RLSSMJSEOOYNOY-UHFFFAOYSA-N,342,hit,CID342,NO_CID_dbb37b9fe114,,hit,1,,1,1,1,1
1412,COc1ccc2[nH]c(C)c(CC(N)C(=O)O)c2c1,True,COc1ccc2[nH]c(C)c(CC(N)C(=O)O)c2c1,COc1ccc2[nH]c(C)c(CC(N)C(=O)O)c2c1,RLVWWNBRWFEDBB-UHFFFAOYSA-N,53441228,hit,CID53441228,NO_CID_c62afd6b9b93,,hit,1,,1,1,1,1
1413,C[C@@H]1C[C@H]2C3C[C@H](F)C4=CC(=O)CCC4(C)[C@H]3CCC2(C)C1C(=O)CO,True,CC1CC2C3CC(F)C4=CC(=O)CCC4(C)C3CCC2(C)C1C(=O)CO,C[C@@H]1C[C@H]2C3C[C@H](F)C4=CC(=O)CCC4(C)[C@H]3CCC2(C)C1C(=O)CO,RMJVMCMOQFLXFN-LPSZBWFLSA-N,,cid0_no_match,NO_CID_48a183634099,NO_CID_48a183634099,,cid0_no_match,0,,1,1,1,1
1414,Cc1ccc2c(c1)c(CC(N)C(=O)O)cn2C,True,Cc1ccc2c(c1)c(CC(N)C(=O)O)cn2C,Cc1ccc2c(c1)c(CC(N)C(=O)O)cn2C,RMLGGDCZADYCMJ-UHFFFAOYSA-N,82663201,hit,CID82663201,NO_CID_69318603a50e,,hit,1,,1,1,1,1
1415,CCC=CCC=CCC(C=CCCCCCCCCC(=O)[O-])OO,True,CCC=CCC=CCC(C=CCCCCCCCCC(=O)[O-])OO,CCC=CCC=CCC(C=CCCCCCCCCC(=O)[O-])OO,RMUNKRUHIXCOKZ-UHFFFAOYSA-M,,cid0_no_match,NO_CID_5d7341313271,NO_CID_5d7341313271,,cid0_no_match,0,,1,1,1,1
1416,CC(C)C[C@H](N)C(=O)O,True,CC(C)CC(N)C(=O)O,CC(C)C[C@H](N)C(=O)O,ROHFNLRQFUQHCH-YFKPBYRVSA-N,6106,hit,CID6106,NO_CID_523006757d5f,,hit,1,,1,1,1,1
1417,C[C@H]1C=C2C=C[C@H](C)[C@H](CC[C@@H](O)C[C@@H](O)CC(=O)[O-])[C@H]2CC1,True,CC1C=C2C=CC(C)C(CCC(O)CC(O)CC(=O)[O-])C2CC1,C[C@H]1C=C2C=C[C@H](C)[C@H](CC[C@@H](O)C[C@@H](O)CC(=O)[O-])[C@H]2CC1,RPDSFBJYUHLDNI-MHMDBQTNSA-M,86289735,hit,CID86289735,NO_CID_c0f34eb5307c,,hit,1,,1,1,1,1
1418,C[C@H]1C=C2C=C[C@H](C)[C@H](CC[C@@H](O)C[C@@H](O)CC(=O)O)[C@H]2CC1,True,CC1C=C2C=CC(C)C(CCC(O)CC(O)CC(=O)O)C2CC1,C[C@H]1C=C2C=C[C@H](C)[C@H](CC[C@@H](O)C[C@@H](O)CC(=O)O)[C@H]2CC1,RPDSFBJYUHLDNI-MHMDBQTNSA-N,86289736,hit,CID86289736,NO_CID_826fb8e392d8,,hit,1,,1,1,1,1
1419,CC(C)=CCc1cc(O)ccc1O,True,CC(C)=CCc1cc(O)ccc1O,CC(C)=CCc1cc(O)ccc1O,RPIWRSVHAHNACM-UHFFFAOYSA-N,100485,hit,CID100485,NO_CID_ad44b64c4431,,hit,1,,1,1,1,1
1420,Oc1ccc([C@@H]2CC(O)c3c(O)cc(O)cc3O2)cc1,True,Oc1ccc(C2CC(O)c3c(O)cc(O)cc3O2)cc1,Oc1ccc([C@@H]2CC(O)c3c(O)cc(O)cc3O2)cc1,RPKUCYSGAXIESU-ABLWVSNPSA-N,443638,hit,CID443638,NO_CID_a327420579fe,,hit,1,,1,1,1,1
1421,CSc1ccc(C#N)cc1,True,CSc1ccc(C#N)cc1,CSc1ccc(C#N)cc1,RPVGEEHGKIFQFO-UHFFFAOYSA-N,590960,hit,CID590960,NO_CID_935ade7fae83,,hit,1,,1,1,1,1
1422,C=C1CCC2=C(C(C)C)CC[C@@]2(C)C[C@@H]2[C@H](C)CC[C@@H]12,True,C=C1CCC2=C(C(C)C)CCC2(C)CC2C(C)CCC12,C=C1CCC2=C(C(C)C)CC[C@@]2(C)C[C@@H]2[C@H](C)CC[C@@H]12,RROMSRXZXPWQPJ-QEEHTWDDSA-N,14165900,hit,CID14165900,NO_CID_b2fe1da81af1,,hit,1,,1,1,1,1
1423,O=C1C(O)=CC(=O)c2c(O)cc(O)cc21,True,O=C1C(O)=CC(=O)c2c(O)cc(O)cc21,O=C1C(O)=CC(=O)c2c(O)cc(O)cc21,RROPNRTUMVVUED-UHFFFAOYSA-N,160478,hit,CID160478_945c3cb7c727,NO_CID_945c3cb7c727,1423;1895,hit_with_collision,1,,1,1,1,1
1424,CCCCCCCCCCC,True,CCCCCCCCCCC,CCCCCCCCCCC,RSJKGSCJYJTIGS-UHFFFAOYSA-N,14257,hit,CID14257,NO_CID_60685b3fce10,,hit,1,,1,1,1,1
1425,C=C1C[C@]23C[C@H]1CC[C@H]2[C@@]12CC[C@H](O)[C@@](C)(C(=O)O1)[C@H]2[C@@H]3C(=O)O,True,C=C1CC23CC1CCC2C12CCC(O)C(C)(C(=O)O1)C2C3C(=O)O,C=C1C[C@]23C[C@H]1CC[C@H]2[C@@]12CC[C@H](O)[C@@](C)(C(=O)O1)[C@H]2[C@@H]3C(=O)O,RSQSQJNRHICNNH-NFMPGMCNSA-N,92109,hit,CID92109,NO_CID_ac7e8ae9ac9e,,hit,1,,1,1,1,1
1426,O=C(O)C(=O)Cc1c[nH]c2ccccc12,True,O=C(O)C(=O)Cc1c[nH]c2ccccc12,O=C(O)C(=O)Cc1c[nH]c2ccccc12,RSTKLPZEZYGQPY-UHFFFAOYSA-N,803,hit,CID803,NO_CID_ddfc85e6d722,,hit,1,,1,1,1,1
1427,C=C(C(=O)[O-])[C@H]1C/C=C(\C)CC/C=C(\C)C[C@H]1O,True,C=C(C(=O)[O-])C1CC=C(C)CCC=C(C)CC1O,C=C(C(=O)[O-])[C@H]1C/C=C(\C)CC/C=C(\C)C[C@H]1O,RSVUVHWOGWOXAY-BQULMBIYSA-M,90657346,hit,CID90657346,NO_CID_dfac66c0cc7c,,hit,1,,1,1,1,1
1428,C=C(C(=O)O)[C@H]1C/C=C(\C)CC/C=C(\C)C[C@H]1O,True,C=C(C(=O)O)C1CC=C(C)CCC=C(C)CC1O,C=C(C(=O)O)[C@H]1C/C=C(\C)CC/C=C(\C)C[C@H]1O,RSVUVHWOGWOXAY-BQULMBIYSA-N,90657347,hit,CID90657347,NO_CID_1b2899f064bc,,hit,1,,1,1,1,1
1429,Cc1ccccc1/C=C/C(=O)O,True,Cc1ccccc1C=CC(=O)O,Cc1ccccc1/C=C/C(=O)O,RSWBWHPZXKLUEX-VOTSOKGWSA-N,819020,hit,CID819020,NO_CID_308c045a36fa,,hit,1,,1,1,1,1
1430,CC(C)C1=CC2=CC[C@@H]3[C@](C)(CCC[C@@]3(C)C(=O)O)[C@H]2CC1,True,CC(C)C1=CC2=CCC3C(C)(C(=O)O)CCCC3(C)C2CC1,CC(C)C1=CC2=CC[C@@H]3[C@](C)(CCC[C@@]3(C)C(=O)O)[C@H]2CC1,RSWGJHLUYNHPMX-ONCXSQPRSA-N,10569,hit,CID10569,NO_CID_236347ba4b33,,hit,1,,1,1,1,1
1431,COc1cc(OC)nc(NC(=O)NS(=O)(=O)c2ncccc2C(=O)N(C)C)n1,True,COc1cc(OC)nc(NC(=O)NS(=O)(=O)c2ncccc2C(=O)N(C)C)n1,COc1cc(OC)nc(NC(=O)NS(=O)(=O)c2ncccc2C(=O)N(C)C)n1,RTCOGUMHFFWOJV-UHFFFAOYSA-N,73281,hit,CID73281,NO_CID_478652805941,,hit,1,,1,1,1,1
1432,O=c1cc(-c2ccccc2)oc2cc(O)cc(O)c12,True,O=c1cc(-c2ccccc2)oc2cc(O)cc(O)c12,O=c1cc(-c2ccccc2)oc2cc(O)cc(O)c12,RTIXKCRFFJGDFG-UHFFFAOYSA-N,5281607,hit,CID5281607,NO_CID_0966702016c5,,hit,1,,1,1,1,1
1433,O=C(O)/C=C/c1cccc(F)c1,True,O=C(O)C=Cc1cccc(F)c1,O=C(O)/C=C/c1cccc(F)c1,RTSIUKMGSDOSTI-SNAWJCMRSA-N,1551219,hit,CID1551219,NO_CID_b3012eb5e9ff,,hit,1,,1,1,1,1
1434,Cc1[nH]c2cccc(Br)c2c1CC(N)C(=O)O,True,Cc1[nH]c2cccc(Br)c2c1CC(N)C(=O)O,Cc1[nH]c2cccc(Br)c2c1CC(N)C(=O)O,RTYBDAQAVXTPDJ-UHFFFAOYSA-N,122499561,hit,CID122499561,NO_CID_0ae742dc8641,,hit,1,,1,1,1,1
1435,C[C@H](CCC(=O)[O-])[C@H]1CC[C@H]2[C@@H]3[C@H](O)C[C@@H]4C[C@H](O)CC[C@]4(C)[C@H]3CC[C@]12C,True,CC(CCC(=O)[O-])C1CCC2C3C(O)CC4CC(O)CCC4(C)C3CCC12C,C[C@H](CCC(=O)[O-])[C@H]1CC[C@H]2[C@@H]3[C@H](O)C[C@@H]4C[C@H](O)CC[C@]4(C)[C@H]3CC[C@]12C,RUDATBOHQWOJDD-BSWAIDMHSA-M,9548590,hit,CID9548590,NO_CID_8627423b3c37,,hit,1,,1,1,1,1
1436,C[C@H](CCC(=O)O)[C@H]1CC[C@H]2[C@@H]3[C@H](O)C[C@@H]4C[C@H](O)CC[C@]4(C)[C@H]3CC[C@]12C,True,CC(CCC(=O)O)C1CCC2C3C(O)CC4CC(O)CCC4(C)C3CCC12C,C[C@H](CCC(=O)O)[C@H]1CC[C@H]2[C@@H]3[C@H](O)C[C@@H]4C[C@H](O)CC[C@]4(C)[C@H]3CC[C@]12C,RUDATBOHQWOJDD-BSWAIDMHSA-N,10133,hit,CID10133,NO_CID_a009a75deca1,,hit,1,,1,1,1,1
1437,C[C@H](CCC(=O)O)[C@H]1CC[C@H]2[C@@H]3[C@@H](O)C[C@@H]4C[C@H](O)CC[C@]4(C)[C@H]3CC[C@]12C,True,CC(CCC(=O)O)C1CCC2C3C(O)CC4CC(O)CCC4(C)C3CCC12C,C[C@H](CCC(=O)O)[C@H]1CC[C@H]2[C@@H]3[C@@H](O)C[C@@H]4C[C@H](O)CC[C@]4(C)[C@H]3CC[C@]12C,RUDATBOHQWOJDD-UZVSRGJWSA-N,31401,hit,CID31401,NO_CID_3c94590640e2,,hit,1,,1,1,1,1
1438,C=C(C)C1CC=C(C=O)CC1,True,C=C(C)C1CC=C(C=O)CC1,C=C(C)C1CC=C(C=O)CC1,RUMOYJJNUMEFDD-UHFFFAOYSA-N,16441,hit,CID16441,NO_CID_1b49688d27d4,,hit,1,,1,1,1,1
1439,COc1cc(C[C@H]2c3cc(O)c(OC)cc3CCN2C)ccc1O,True,COc1cc(CC2c3cc(O)c(OC)cc3CCN2C)ccc1O,COc1cc(C[C@H]2c3cc(O)c(OC)cc3CCN2C)ccc1O,RUPUUZZJJXCDHS-HNNXBMFYSA-N,14357385,hit,CID14357385,NO_CID_f4c04ad4a8da,,hit,1,,1,1,1,1
1440,C/C=C/c1ccc(OC)cc1,True,CC=Cc1ccc(OC)cc1,C/C=C/c1ccc(OC)cc1,RUVINXPYWBROJD-ONEGZZNKSA-N,637563,hit,CID637563,NO_CID_eb66b47afefc,,hit,1,,1,1,1,1
1441,O=C1C=C(O)CN1,True,O=C1C=C(O)CN1,O=C1C=C(O)CN1,RUXHWBMJNBBYNL-UHFFFAOYSA-N,54687243,hit,CID54687243,NO_CID_ef98908c6f56,,hit,1,,1,1,1,1
1442,O=C(c1ccccc1)c1ccccc1,True,O=C(c1ccccc1)c1ccccc1,O=C(c1ccccc1)c1ccccc1,RWCCWEUUXYIKHB-UHFFFAOYSA-N,3102,hit,CID3102,NO_CID_113660f6820a,,hit,1,,1,1,1,1
1443,CC/C=C\C/C=C\C=C\[C@H](CCCCCCCC(=O)O)OO,True,CCC=CCC=CC=CC(CCCCCCCC(=O)O)OO,CC/C=C\C/C=C\C=C\[C@H](CCCCCCCC(=O)O)OO,RWKJTIHNYSIIHW-MEBVTJQTSA-N,6450029,hit,CID6450029,NO_CID_548402c88e69,,hit,1,,1,1,1,1
1444,CCC=CCC=CC=CC(CCCCCCCC(=O)[O-])OO,True,CCC=CCC=CC=CC(CCCCCCCC(=O)[O-])OO,CCC=CCC=CC=CC(CCCCCCCC(=O)[O-])OO,RWKJTIHNYSIIHW-UHFFFAOYSA-M,25200981,hit,CID25200981,NO_CID_3ecde669236c,,hit,1,,1,1,1,1
1445,CC1(C)CC[C@]2(C(=O)O)CC[C@]3(C)C(=CC[C@@H]4[C@@]5(C)C[C@H](O)[C@H](O)[C@@](C)(CO)[C@@H]5CC[C@]43C)[C@@H]2C1,True,CC1(C)CCC2(C(=O)O)CCC3(C)C(=CCC4C5(C)CC(O)C(O)C(C)(CO)C5CCC43C)C2C1,CC1(C)CC[C@]2(C(=O)O)CC[C@]3(C)C(=CC[C@@H]4[C@@]5(C)C[C@H](O)[C@H](O)[C@@](C)(CO)[C@@H]5CC[C@]43C)[C@@H]2C1,RWNHLTKFBKYDOJ-JEERONPWSA-N,12305221,hit,CID12305221,NO_CID_e2fe14f54a47,,hit,1,,1,1,1,1
1446,C=CCCCCC(=O)O,True,C=CCCCCC(=O)O,C=CCCCCC(=O)O,RWNJOXUVHRXHSD-UHFFFAOYSA-N,70705,hit,CID70705,NO_CID_64dfd85b29f9,,hit,1,,1,0,1,1
1447,CC(C)=CCC/C(C)=C\CCC1(C)C2CC3C(C2)C31C,True,CC(C)=CCCC(C)=CCCC1(C)C2CC3C(C2)C31C,CC(C)=CCC/C(C)=C\CCC1(C)C2CC3C(C2)C31C,RWQXKZBEXSHTGG-GDNBJRDFSA-N,154586123,hit,CID154586123,NO_CID_1e98c48bedf4,,hit,1,,1,1,1,1
1448,COc1ccccc1CCCCC(=O)O,True,COc1ccccc1CCCCC(=O)O,COc1ccccc1CCCCC(=O)O,RWRMHXUTXNHHID-UHFFFAOYSA-N,25050817,hit,CID25050817,NO_CID_08cf9055205d,,hit,1,,1,1,1,1
1449,N[C@@H](CCC(O)=N[C@@H](CS)C(O)=NCC(=O)O)C(=O)O,True,NC(CCC(O)=NC(CS)C(O)=NCC(=O)O)C(=O)O,N[C@@H](CCC(O)=N[C@@H](CS)C(O)=NCC(=O)O)C(=O)O,RWSXRVCMGQZWBV-WDSKDSINSA-N,124886,hit,CID124886,NO_CID_bc1bc9832422,,hit,1,,1,1,1,1
1450,O=C(/C=C/c1ccc(O)cc1)NCCc1ccc(O)cc1,True,O=C(C=Cc1ccc(O)cc1)NCCc1ccc(O)cc1,O=C(/C=C/c1ccc(O)cc1)NCCc1ccc(O)cc1,RXGUTQNKCXHALN-BJMVGYQFSA-N,5372945,hit,CID5372945,NO_CID_d73ce09dff49,,hit,1,,1,1,1,1
1451,CSc1ccc2[nH]c(C)c(CC(N)C(=O)O)c2c1,True,CSc1ccc2[nH]c(C)c(CC(N)C(=O)O)c2c1,CSc1ccc2[nH]c(C)c(CC(N)C(=O)O)c2c1,RXJAINXLABJKTR-UHFFFAOYSA-N,122499625,hit,CID122499625,NO_CID_56358dc91475,,hit,1,,1,1,1,1
1452,O=C(O)c1ccc(Oc2ccccc2)cc1,True,O=C(O)c1ccc(Oc2ccccc2)cc1,O=C(O)c1ccc(Oc2ccccc2)cc1,RYAQFHLUEMJOMF-UHFFFAOYSA-N,75182,hit,CID75182,NO_CID_4a1e2ec05ceb,,hit,1,,1,1,1,1
1453,C[C@H]1CC[C@H]2[C@@H](C=C[C@@](C)(O)[C@]2(C)C(=O)CCO)C1,True,CC1CCC2C(C=CC(C)(O)C2(C)C(=O)CCO)C1,C[C@H]1CC[C@H]2[C@@H](C=C[C@@](C)(O)[C@]2(C)C(=O)CCO)C1,RYBXJAJHOPCXHS-RDUHTLEXSA-N,9993091,hit,CID9993091,NO_CID_080f1618e74b,,hit,1,,1,1,1,1
1454,C[C@]12CCC[C@H](O1)c1c(cc3c(c1O)C(=O)c1c(O)cc(O)cc1C3=O)O2,True,CC12CCCC(O1)c1c(cc3c(c1O)C(=O)c1c(O)cc(O)cc1C3=O)O2,C[C@]12CCC[C@H](O1)c1c(cc3c(c1O)C(=O)c1c(O)cc(O)cc1C3=O)O2,RYFFZJHGQCKWMV-YUNKPMOVSA-N,638296,hit,CID638296,NO_CID_9f3088908f8b,,hit,1,,1,1,1,1
1455,O=C1N[C@@H](Cc2c[nH]c3ccccc23)C(=O)N2CCC[C@@H]12,True,O=C1NC(Cc2c[nH]c3ccccc23)C(=O)N2CCCC12,O=C1N[C@@H](Cc2c[nH]c3ccccc23)C(=O)N2CCC[C@@H]12,RYFZBPVMVYTEKZ-KBPBESRZSA-N,181567,hit,CID181567,NO_CID_3ddf2a865ab2,,hit,1,,1,1,1,1
1456,O=C1N[C@H](Cc2c[nH]c3ccccc23)C(=O)N2CCC[C@@H]12,True,O=C1NC(Cc2c[nH]c3ccccc23)C(=O)N2CCCC12,O=C1N[C@H](Cc2c[nH]c3ccccc23)C(=O)N2CCC[C@@H]12,RYFZBPVMVYTEKZ-KGLIPLIRSA-N,11659211,hit,CID11659211,NO_CID_393978c2eaa4,,hit,1,,1,1,1,1
1457,O=C1N[C@H](Cc2c[nH]c3ccccc23)C(=O)N2CCC[C@H]12,True,O=C1NC(Cc2c[nH]c3ccccc23)C(=O)N2CCCC12,O=C1N[C@H](Cc2c[nH]c3ccccc23)C(=O)N2CCC[C@H]12,RYFZBPVMVYTEKZ-ZIAGYGMSSA-N,36688661,hit,CID36688661,NO_CID_8c334ecc67ed,,hit,1,,1,1,1,1
1458,COc1oc(CCC(C)=CC(C)=CI)c(C)c(=O)c1C,True,COc1oc(CCC(C)=CC(C)=CI)c(C)c(=O)c1C,COc1oc(CCC(C)=CC(C)=CI)c(C)c(=O)c1C,RYOFIPODUMTNBL-UHFFFAOYSA-N,,cid0_no_match,NO_CID_4e3a77de9c31,NO_CID_4e3a77de9c31,,cid0_no_match,0,,1,1,1,1
1459,CN(C)C(=O)Nc1cccc(C(F)(F)F)c1,True,CN(C)C(=O)Nc1cccc(C(F)(F)F)c1,CN(C)C(=O)Nc1cccc(C(F)(F)F)c1,RZILCCPWPBTYDO-UHFFFAOYSA-N,16562,hit,CID16562,NO_CID_43e974b8d0c4,,hit,1,,1,1,1,1
1460,CCCCCCCCCCCCCCCCCC,True,CCCCCCCCCCCCCCCCCC,CCCCCCCCCCCCCCCCCC,RZJRJXONCZWCBN-UHFFFAOYSA-N,11635,hit,CID11635,NO_CID_911113546255,,hit,1,,1,1,1,1
1461,CCC(/C=C(C)/C=C/C(=O)c1c(O)c(-c2ccc(O)cc2)c[nH]c1=O)CO,True,CCC(C=C(C)C=CC(=O)c1c(O)c(-c2ccc(O)cc2)c[nH]c1=O)CO,CCC(/C=C(C)/C=C/C(=O)c1c(O)c(-c2ccc(O)cc2)c[nH]c1=O)CO,RZNMCGWGYUMEOL-HTKXOECOSA-N,54697562,hit,CID54697562,NO_CID_6be9e1ddb5d6,,hit,1,,1,1,1,1
1462,CC(C)CC[C@@H](O)[C@@H](C)[C@H]1CC[C@H]2[C@@H]3CC=C4C[C@@H](O)CC[C@]4(C)[C@H]3CC[C@]12C,True,CC(C)CCC(O)C(C)C1CCC2C3CC=C4CC(O)CCC4(C)C3CCC12C,CC(C)CC[C@@H](O)[C@@H](C)[C@H]1CC[C@H]2[C@@H]3CC=C4C[C@@H](O)CC[C@]4(C)[C@H]3CC[C@]12C,RZPAXNJLEKLXNO-GFKLAVDKSA-N,167685,hit,CID167685,NO_CID_8f15e69e7a9e,,hit,1,,1,1,1,1
1463,CC(C)CCC(O)[C@@H](C)[C@H]1CC[C@H]2[C@@H]3CC=C4C[C@@H](O)CC[C@]4(C)[C@H]3CC[C@]12C,True,CC(C)CCC(O)C(C)C1CCC2C3CC=C4CC(O)CCC4(C)C3CCC12C,CC(C)CCC(O)[C@@H](C)[C@H]1CC[C@H]2[C@@H]3CC=C4C[C@@H](O)CC[C@]4(C)[C@H]3CC[C@]12C,RZPAXNJLEKLXNO-UKNNTIGFSA-N,107724,hit,CID107724,NO_CID_7bb8f0f38610,,hit,1,,1,1,1,1
1464,CCOC(=O)C1=C(C)NC(C)=C(C(=O)OC)[C@H]1c1cccc(Cl)c1Cl,True,CCOC(=O)C1=C(C)NC(C)=C(C(=O)OC)C1c1cccc(Cl)c1Cl,CCOC(=O)C1=C(C)NC(C)=C(C(=O)OC)[C@H]1c1cccc(Cl)c1Cl,RZTAMFZIAATZDJ-OAHLLOKOSA-N,636806,hit,CID636806,NO_CID_4a3554fc87bb,,hit,1,,1,1,1,1
1465,CC(C)C1CCC2C1(C)CCC1(C)C3=CCC4C(C)(CCC(O)C4(C)C(=O)[O-])C3CCC21C,True,CC(C)C1CCC2C1(C)CCC1(C)C3=CCC4C(C)(CCC(O)C4(C)C(=O)[O-])C3CCC21C,CC(C)C1CCC2C1(C)CCC1(C)C3=CCC4C(C)(CCC(O)C4(C)C(=O)[O-])C3CCC21C,SAOKDHMYZROAHR-UHFFFAOYSA-M,,cid0_no_match,NO_CID_dc938fde6b79,NO_CID_dc938fde6b79,,cid0_no_match,0,,1,1,1,1
1466,CC1=C\C(O)CC(O)Cc2nc(co2)C(=O)NC(C)C(=O)OC(C(C)C)C(C)/C=C/C(=O)NC\C=C\1,True,CC1=CC(O)CC(O)Cc2nc(co2)C(=O)NC(C)C(=O)OC(C(C)C)C(C)C=CC(=O)NCC=C1,CC1=C\C(O)CC(O)Cc2nc(co2)C(=O)NC(C)C(=O)OC(C(C)C)C(C)/C=C/C(=O)NC\C=C\1,SAQNYTQFLPVTNJ-JYXGQRMOSA-N,168315244,hit,CID168315244,NO_CID_e51efc8adf9e,,hit,1,,1,1,1,1
1467,CC(=O)N1C[C@@H]2CC34c5ccccc5N[C@@H]3N3C[C@H](C(C)C)[NH+](C)CC3CC43c4ccccc4N[C@@H]3N2C[C@@H]1C(C)C,True,CC(=O)N1CC2CC34c5ccccc5NC3N3CC(C(C)C)[NH+](C)CC3CC43c4ccccc4NC3N2CC1C(C)C,CC(=O)N1C[C@@H]2CC34c5ccccc5N[C@@H]3N3C[C@H](C(C)C)[NH+](C)CC3CC43c4ccccc4N[C@@H]3N2C[C@@H]1C(C)C,SBDJLLLZXXCPAH-SPRIUAQDSA-O,172429328,hit,CID172429328,NO_CID_a938c37c16d0,,hit,1,,1,1,1,1
1468,O=C1C[C@@H](c2ccc(O)c(O)c2)Oc2cc(O)cc(O)c21,True,O=C1CC(c2ccc(O)c(O)c2)Oc2cc(O)cc(O)c21,O=C1C[C@@H](c2ccc(O)c(O)c2)Oc2cc(O)cc(O)c21,SBHXYTNGIZCORC-ZDUSSCGKSA-N,440735,hit,CID440735,NO_CID_698aedff5101,,hit,1,,1,1,1,1
1469,CC(C)[C@H](C)[C@@H](O)[C@H](O)[C@@H](C)[C@H]1CC[C@H]2[C@@H]3CC(=O)[C@H]4C[C@@H](O)CC[C@]4(C)[C@H]3CC[C@]12C,True,CC(C)C(C)C(O)C(O)C(C)C1CCC2C3CC(=O)C4CC(O)CCC4(C)C3CCC12C,CC(C)[C@H](C)[C@@H](O)[C@H](O)[C@@H](C)[C@H]1CC[C@H]2[C@@H]3CC(=O)[C@H]4C[C@@H](O)CC[C@]4(C)[C@H]3CC[C@]12C,SBSXXCCMIWEPEE-GZKYLSGOSA-N,13475125,hit,CID13475125,NO_CID_81ae27998395,,hit,1,,1,1,1,1
1470,CC(C)[C@H](C)[C@@H](O)[C@H](O)[C@@H](C)[C@H]1CC[C@H]2[C@@H]3CC(=O)[C@H]4C[C@H](O)CC[C@]4(C)[C@H]3CC[C@]12C,True,CC(C)C(C)C(O)C(O)C(C)C1CCC2C3CC(=O)C4CC(O)CCC4(C)C3CCC12C,CC(C)[C@H](C)[C@@H](O)[C@H](O)[C@@H](C)[C@H]1CC[C@H]2[C@@H]3CC(=O)[C@H]4C[C@H](O)CC[C@]4(C)[C@H]3CC[C@]12C,SBSXXCCMIWEPEE-SELDZKRUSA-N,13475120,hit,CID13475120,NO_CID_8c1d22982d6a,,hit,1,,1,1,1,1
1471,Cc1c(CC(N)C=O)c2cccc(O)c2n1C,True,Cc1c(CC(N)C=O)c2cccc(O)c2n1C,Cc1c(CC(N)C=O)c2cccc(O)c2n1C,SCEUTJUTYORDIL-UHFFFAOYSA-N,,cid0_no_match,NO_CID_4d42acdfc10c,NO_CID_4d42acdfc10c,,cid0_no_match,0,,1,1,1,1
1472,C=C1[C@@H](OC(C)=O)CC[C@@]2(C)[C@@H](OC(C)=O)[C@H](OC(C)=O)C3=C(C)[C@@H](OC(C)=O)C[C@@H]([C@@H](O)[C@H]12)C3(C)C,True,C=C1C(OC(C)=O)CCC2(C)C(OC(C)=O)C(OC(C)=O)C3=C(C)C(OC(C)=O)CC(C(O)C12)C3(C)C,C=C1[C@@H](OC(C)=O)CC[C@@]2(C)[C@@H](OC(C)=O)[C@H](OC(C)=O)C3=C(C)[C@@H](OC(C)=O)C[C@@H]([C@@H](O)[C@H]12)C3(C)C,SCJZVZRWMAAWIK-IMWBZJKQSA-N,163358865,hit,CID163358865,NO_CID_4b0caf643d1c,,hit,1,,1,1,1,1
1473,COc1cc(-c2cc(=O)c3c(O)cc(O)cc3o2)ccc1O,True,COc1cc(-c2cc(=O)c3c(O)cc(O)cc3o2)ccc1O,COc1cc(-c2cc(=O)c3c(O)cc(O)cc3o2)ccc1O,SCZVLDHREVKTSH-UHFFFAOYSA-N,5280666,hit,CID5280666,NO_CID_8007c0606897,,hit,1,,1,1,1,1
1474,COc1ccc(CNCCc2ccc(O)cc2)cc1O,True,COc1ccc(CNCCc2ccc(O)cc2)cc1O,COc1ccc(CNCCc2ccc(O)cc2)cc1O,SDLILULALIDNSO-UHFFFAOYSA-N,253994,hit,CID253994,NO_CID_76b294bdec65,,hit,1,,1,1,0,1
1475,CCC(O)C(C)C1OC1CC(C)C=CC=C(C)C1OC(=O)CC(O)CCC(C)(O)C(OC(C)=O)C=CC1C,True,CCC(O)C(C)C1OC1CC(C)C=CC=C(C)C1OC(=O)CC(O)CCC(C)(O)C(OC(C)=O)C=CC1C,CCC(O)C(C)C1OC1CC(C)C=CC=C(C)C1OC(=O)CC(O)CCC(C)(O)C(OC(C)=O)C=CC1C,SDOUORKJIJYJNW-UHFFFAOYSA-N,90909513,hit,CID90909513,NO_CID_15ca14db2560,,hit,1,,1,1,1,1
1476,CC1=CC[C@@H]2[C@]34CC[C@](O)(OC3)C(C)(C)[C@]4(O)CC[C@@]2(C)[C@]12Cc1c(cc(-c3cccnc3)oc1=O)O2,True,CC1=CCC2C(C)(CCC3(O)C24CCC(O)(OC4)C3(C)C)C12Cc1c(cc(-c3cccnc3)oc1=O)O2,CC1=CC[C@@H]2[C@]34CC[C@](O)(OC3)C(C)(C)[C@]4(O)CC[C@@]2(C)[C@]12Cc1c(cc(-c3cccnc3)oc1=O)O2,SDTZNNOXVFJOFR-YOJVQXBKSA-N,11049418,hit,CID11049418,NO_CID_e78993a47d15,,hit,1,,1,1,1,1
1477,CCCCCC/C=C\CCCCCCCC(=O)[O-],True,CCCCCCC=CCCCCCCCC(=O)[O-],CCCCCC/C=C\CCCCCCCC(=O)[O-],SECPZKHBENQXJG-FPLPWBNLSA-M,5461012,hit,CID5461012,NO_CID_c856dcdb3772,,hit,1,,1,1,1,1
1478,CCCCCC/C=C\CCCCCCCC(=O)O,True,CCCCCCC=CCCCCCCCC(=O)O,CCCCCC/C=C\CCCCCCCC(=O)O,SECPZKHBENQXJG-FPLPWBNLSA-N,445638,hit,CID445638,NO_CID_0cb64334d656,,hit,1,,1,1,1,1
1479,O=C(O)Cc1c[nH]c2ccccc12,True,O=C(O)Cc1c[nH]c2ccccc12,O=C(O)Cc1c[nH]c2ccccc12,SEOVTRFCIGRIMH-UHFFFAOYSA-N,802,hit,CID802,NO_CID_c60a7e4a016e,,hit,1,,1,1,0,1
1480,CCC(C)/C=N/O,True,CCC(C)C=NO,CCC(C)/C=N/O,SEWWFHKIKWFJNV-GQCTYLIASA-N,5362858,hit,CID5362858,NO_CID_4d064bc108d5,,hit,1,,1,1,1,1
1481,CCC(C)C=NO,True,CCC(C)C=NO,CCC(C)C=NO,SEWWFHKIKWFJNV-UHFFFAOYSA-N,170814,hit,CID170814,NO_CID_e54d27552277,,hit,1,,1,1,1,1
1482,CC[C@H](C)/C=N/O,True,CCC(C)C=NO,CC[C@H](C)/C=N/O,SEWWFHKIKWFJNV-WHEKYOLUSA-N,12917320,hit,CID12917320,NO_CID_45f612d863e6,,hit,1,,1,1,1,1
1483,CCC(C)/C=N\O,True,CCC(C)C=NO,CCC(C)/C=N\O,SEWWFHKIKWFJNV-XQRVVYSFSA-N,5362772,hit,CID5362772,NO_CID_b1b5b1ae6fb6,,hit,1,,1,1,1,1
1484,CC1=CC[C@@H]2/C(=C(\C)C(=O)[O-])C[C@@H](O)[C@@]2(C)[C@@H](O)C1,True,CC1=CCC2C(=C(C)C(=O)[O-])CC(O)C2(C)C(O)C1,CC1=CC[C@@H]2/C(=C(\C)C(=O)[O-])C[C@@H](O)[C@@]2(C)[C@@H](O)C1,SFKVYZKKPMSRCR-JBOWGTNDSA-M,146672911,hit,CID146672911,NO_CID_5ce85e8c8641,,hit,1,,1,1,1,1
1485,N[C@@H](Cc1c[nH]c2c(-c3ccccc3)cccc12)C(=O)O,True,NC(Cc1c[nH]c2c(-c3ccccc3)cccc12)C(=O)O,N[C@@H](Cc1c[nH]c2c(-c3ccccc3)cccc12)C(=O)O,SFMXERXHLMKNPQ-HNNXBMFYSA-N,102521331,hit,CID102521331,NO_CID_e54bb616953a,,hit,1,,1,1,1,1
1486,NC(Cc1c[nH]c2c(-c3ccccc3)cccc12)C(=O)O,True,NC(Cc1c[nH]c2c(-c3ccccc3)cccc12)C(=O)O,NC(Cc1c[nH]c2c(-c3ccccc3)cccc12)C(=O)O,SFMXERXHLMKNPQ-UHFFFAOYSA-N,122499549,hit,CID122499549,NO_CID_4077482d0917,,hit,1,,1,1,1,1
1487,CSCCC[C@H](N)C(=O)O,True,CSCCCC(N)C(=O)O,CSCCC[C@H](N)C(=O)O,SFSJZXMDTNDWIX-YFKPBYRVSA-N,10329619,hit,CID10329619,NO_CID_a4516227fcd4,,hit,1,,1,1,1,1
1488,OC1CCCCCCCCCCC1,True,OC1CCCCCCCCCCC1,OC1CCCCCCCCCCC1,SFVWPXMPRCIVOK-UHFFFAOYSA-N,15595,hit,CID15595,NO_CID_6b60f40c7c9a,,hit,1,,1,1,1,1
1489,CC(C)[C@H](C)CC[C@@H](C)[C@H]1CC[C@H]2[C@@H]3CC=C4C[C@@H](O)CC[C@]4(C)[C@H]3CC[C@]12C,True,CC(C)C(C)CCC(C)C1CCC2C3CC=C4CC(O)CCC4(C)C3CCC12C,CC(C)[C@H](C)CC[C@@H](C)[C@H]1CC[C@H]2[C@@H]3CC=C4C[C@@H](O)CC[C@]4(C)[C@H]3CC[C@]12C,SGNBVLSWZMBQTH-PODYLUTMSA-N,173183,hit,CID173183,NO_CID_b0407f74ee4a,,hit,1,,1,1,1,1
1490,CC(C)C(C)CC[C@@H](C)[C@H]1CC[C@H]2[C@@H]3CC=C4C[C@@H](O)CC[C@]4(C)[C@H]3CC[C@]12C,True,CC(C)C(C)CCC(C)C1CCC2C3CC=C4CC(O)CCC4(C)C3CCC12C,CC(C)C(C)CC[C@@H](C)[C@H]1CC[C@H]2[C@@H]3CC=C4C[C@@H](O)CC[C@]4(C)[C@H]3CC[C@]12C,SGNBVLSWZMBQTH-QGOUJLTDSA-N,12358784,hit,CID12358784,NO_CID_9762c9869d70,,hit,1,,1,1,1,1
1491,CC(C)C(C)CCC(C)C1CCC2C3CC=C4CC(O)CCC4(C)C3CCC12C,True,CC(C)C(C)CCC(C)C1CCC2C3CC=C4CC(O)CCC4(C)C3CCC12C,CC(C)C(C)CCC(C)C1CCC2C3CC=C4CC(O)CCC4(C)C3CCC12C,SGNBVLSWZMBQTH-UHFFFAOYSA-N,312822,hit,CID312822,NO_CID_1d2fbf691efa,,hit,1,,1,1,1,1
1492,CC(C)[C@@H](C)CC[C@@H](C)[C@H]1CC[C@H]2C3CC=C4C[C@@H](O)CC[C@]4(C)[C@H]3CC[C@]12C,True,CC(C)C(C)CCC(C)C1CCC2C3CC=C4CC(O)CCC4(C)C3CCC12C,CC(C)[C@@H](C)CC[C@@H](C)[C@H]1CC[C@H]2C3CC=C4C[C@@H](O)CC[C@]4(C)[C@H]3CC[C@]12C,SGNBVLSWZMBQTH-UUANRBEWSA-N,12358800,hit,CID12358800,NO_CID_dee7a2219cc7,,hit,1,,1,1,1,1
1493,CC(C)[C@@H](C)CC[C@@H](C)[C@H]1CC[C@H]2[C@@H]3CC=C4C[C@@H](O)CC[C@]4(C)[C@H]3CC[C@]12C,True,CC(C)C(C)CCC(C)C1CCC2C3CC=C4CC(O)CCC4(C)C3CCC12C,CC(C)[C@@H](C)CC[C@@H](C)[C@H]1CC[C@H]2[C@@H]3CC=C4C[C@@H](O)CC[C@]4(C)[C@H]3CC[C@]12C,SGNBVLSWZMBQTH-ZRUUVFCLSA-N,5283637,hit,CID5283637,NO_CID_0f827a398952,,hit,1,,1,1,1,1
1494,CCCCC[C@@H](/C=C/[C@@H]1[C@@H](C/C=C\CCCC(=O)O)[C@@H]2C[C@H]1OO2)OO,True,CCCCCC(C=CC1C2CC(OO2)C1CC=CCCCC(=O)O)OO,CCCCC[C@@H](/C=C/[C@@H]1[C@@H](C/C=C\CCCC(=O)O)[C@@H]2C[C@H]1OO2)OO,SGUKUZOVHSFKPH-YNNPMVKQSA-N,5280883,hit,CID5280883,NO_CID_c2883bcadb3c,,hit,1,,1,1,1,1
1495,O=C1Nc2ccccc2C1O,True,O=C1Nc2ccccc2C1O,O=C1Nc2ccccc2C1O,SGZFJWQQBHYNNF-UHFFFAOYSA-N,6097,hit,CID6097,NO_CID_6896e3b97a6e,,hit,1,,1,1,1,1
1496,CC(C=CC1=C(C)CCCC1(C)C)=CC=CC(C)=CC(=O)[O-],True,CC(C=CC1=C(C)CCCC1(C)C)=CC=CC(C)=CC(=O)[O-],CC(C=CC1=C(C)CCCC1(C)C)=CC=CC(C)=CC(=O)[O-],SHGAZHPCJJPHSC-UHFFFAOYSA-M,24771817,hit,CID24771817,NO_CID_06009c05c13a,,hit,1,,1,1,1,1
1497,CC1=C(/C=C/C(C)=C/C=C/C(C)=C/C(=O)[O-])C(C)(C)CCC1,True,CC(C=CC1=C(C)CCCC1(C)C)=CC=CC(C)=CC(=O)[O-],CC1=C(/C=C/C(C)=C/C=C/C(C)=C/C(=O)[O-])C(C)(C)CCC1,SHGAZHPCJJPHSC-YCNIQYBTSA-M,6419707,hit,CID6419707,NO_CID_6199401aa863,,hit,1,,1,1,1,1
1498,CC1=C(/C=C/C(C)=C/C=C/C(C)=C/C(=O)O)C(C)(C)CCC1,True,CC(C=CC1=C(C)CCCC1(C)C)=CC=CC(C)=CC(=O)O,CC1=C(/C=C/C(C)=C/C=C/C(C)=C/C(=O)O)C(C)(C)CCC1,SHGAZHPCJJPHSC-YCNIQYBTSA-N,444795,hit,CID444795,NO_CID_3e8da50da7c2,,hit,1,,1,1,1,1
1499,CC1=C(/C=C/C(C)=C\C=C\C(C)=C\C(=O)[O-])C(C)(C)CCC1,True,CC(C=CC1=C(C)CCCC1(C)C)=CC=CC(C)=CC(=O)[O-],CC1=C(/C=C/C(C)=C\C=C\C(C)=C\C(=O)[O-])C(C)(C)CCC1,SHGAZHPCJJPHSC-ZVCIMWCZSA-M,7364357,hit,CID7364357,NO_CID_138daeba34d8,,hit,1,,1,1,1,1
1500,CC1=C(/C=C/C(C)=C\C=C\C(C)=C\C(=O)O)C(C)(C)CCC1,True,CC(C=CC1=C(C)CCCC1(C)C)=CC=CC(C)=CC(=O)O,CC1=C(/C=C/C(C)=C\C=C\C(C)=C\C(=O)O)C(C)(C)CCC1,SHGAZHPCJJPHSC-ZVCIMWCZSA-N,449171,hit,CID449171,NO_CID_0c6ced1854f2,,hit,1,,1,1,1,1
1501,CCOc1ccc(C(=O)O)cc1,True,CCOc1ccc(C(=O)O)cc1,CCOc1ccc(C(=O)O)cc1,SHSGDXCJYVZFTP-UHFFFAOYSA-N,12093,hit,CID12093,NO_CID_55fa4f46a8c5,,hit,1,,1,1,1,1
1502,C#CC1(O)C=CC2C3CCC4=CC(=O)CCC4C3CCC21CC,True,C#CC1(O)C=CC2C3CCC4=CC(=O)CCC4C3CCC21CC,C#CC1(O)C=CC2C3CCC4=CC(=O)CCC4C3CCC21CC,SIGSPDASOTUPFS-UHFFFAOYSA-N,2999,hit,CID2999,NO_CID_90551f57e9b5,,hit,1,,1,1,1,1
1503,c1ccc2[nH]ccc2c1,True,c1ccc2[nH]ccc2c1,c1ccc2[nH]ccc2c1,SIKJAQJRHWYJAI-UHFFFAOYSA-N,798,hit,CID798,NO_CID_e65f5bb7d633,,hit,1,,1,1,1,1
1504,O=C(O)c1ccc2ccccc2c1O,True,O=C(O)c1ccc2ccccc2c1O,O=C(O)c1ccc2ccccc2c1O,SJJCQDRGABAVBB-UHFFFAOYSA-N,6844,hit,CID6844,NO_CID_57d745744ec8,,hit,1,,1,1,1,1
1505,O=C1c2cc(O)cc(O)c2C(=O)c2c1cc1c(c2O)[C@@H]2C=CO[C@@H]2O1,True,O=C1c2cc(O)cc(O)c2C(=O)c2c1cc1c(c2O)C2C=COC2O1,O=C1c2cc(O)cc(O)c2C(=O)c2c1cc1c(c2O)[C@@H]2C=CO[C@@H]2O1,SJNDYXPJRUTLNW-ULCDLSAGSA-N,638297,hit,CID638297,NO_CID_345969ec74ca,,hit,1,,1,1,1,1
1506,CC(C)c1ccc(C(C)C)c(S(=O)(=O)N=[N+]=[N-])c1,True,CC(C)c1ccc(C(C)C)c(S(=O)(=O)N=[N+]=[N-])c1,CC(C)c1ccc(C(C)C)c(S(=O)(=O)N=[N+]=[N-])c1,SJNULRRCQSOYQI-UHFFFAOYSA-N,59235671,hit,CID59235671,NO_CID_e3865603855e,,hit,1,,1,1,1,1
1507,CC(C)=CCC/C(C)=C/CC/C(C)=C/CC/C(C)=C/CC/C(C)=C/CC/C(C)=C/CC/C(C)=C/CCC(C)CCC/C(C)=C/CC1=C(C)C(=O)c2ccccc2C1=O,True,CC(C)=CCCC(C)=CCCC(C)=CCCC(C)=CCCC(C)=CCCC(C)=CCCC(C)=CCCC(C)CCCC(C)=CCC1=C(C)C(=O)c2ccccc2C1=O,CC(C)=CCC/C(C)=C/CC/C(C)=C/CC/C(C)=C/CC/C(C)=C/CC/C(C)=C/CC/C(C)=C/CCC(C)CCC/C(C)=C/CC1=C(C)C(=O)c2ccccc2C1=O,SJOKRFJLUXNKIK-ISIUCFNPSA-N,52929834,hit,CID52929834,NO_CID_db04aeeffb6f,,hit,1,,1,1,1,1
1508,CC(C)=CCCC(C)=CCCC(C)=CCCC(C)=CCCC(C)=CCCC(C)=CCCC(C)=CCCC(C)CCCC(C)=CCC1=C(C)C(=O)c2ccccc2C1=O,True,CC(C)=CCCC(C)=CCCC(C)=CCCC(C)=CCCC(C)=CCCC(C)=CCCC(C)=CCCC(C)CCCC(C)=CCC1=C(C)C(=O)c2ccccc2C1=O,CC(C)=CCCC(C)=CCCC(C)=CCCC(C)=CCCC(C)=CCCC(C)=CCCC(C)=CCCC(C)CCCC(C)=CCC1=C(C)C(=O)c2ccccc2C1=O,SJOKRFJLUXNKIK-UHFFFAOYSA-N,75962669,hit,CID75962669,NO_CID_bd6da0efab65,,hit,1,,1,1,1,1
1509,CC(C)CCC[C@@H](C)[C@H]1CC[C@@]2(CO)C3=C(CC[C@]12C)[C@@]1(C)CC[C@H](O)C(C)(C)C1CC3,True,CC(C)CCCC(C)C1CCC2(CO)C3=C(CCC12C)C1(C)CCC(O)C(C)(C)C1CC3,CC(C)CCC[C@@H](C)[C@H]1CC[C@@]2(CO)C3=C(CC[C@]12C)[C@@]1(C)CC[C@H](O)C(C)(C)C1CC3,SJPDNXKPBQHPMZ-DHVLVQQASA-N,6453777,hit,CID6453777,NO_CID_91be791b1538,,hit,1,,1,1,1,1
1510,COC(=O)[C@@]12Oc3cc(C)cc(O)c3C(O)=C1C(=O)CC[C@@H]2O,True,COC(=O)C12Oc3cc(C)cc(O)c3C(O)=C1C(=O)CCC2O,COC(=O)[C@@]12Oc3cc(C)cc(O)c3C(O)=C1C(=O)CC[C@@H]2O,SJQAGFFWDIYMAI-ZBEGNZNMSA-N,25128423,hit,CID25128423,NO_CID_8ce5df410688,,hit,1,,1,1,1,1
1511,CCCCCCC(C)O,True,CCCCCCC(C)O,CCCCCCC(C)O,SJWFXCIHNDVPSH-UHFFFAOYSA-N,20083,hit,CID20083,NO_CID_05f84c0bbdfc,,hit,1,,1,1,1,1
1512,C=C1[C@@H](OC(C)=O)CC[C@]2(C)[C@@H]1C[C@@H]1C[C@H](OC(C)=O)C(C)=C([C@@H](OC(C)=O)[C@@H]2OC(C)=O)C1(C)C,True,C=C1C(OC(C)=O)CCC2(C)C1CC1CC(OC(C)=O)C(C)=C(C(OC(C)=O)C2OC(C)=O)C1(C)C,C=C1[C@@H](OC(C)=O)CC[C@]2(C)[C@@H]1C[C@@H]1C[C@H](OC(C)=O)C(C)=C([C@@H](OC(C)=O)[C@@H]2OC(C)=O)C1(C)C,SKJSIVQEPKBFTJ-HUWILPJBSA-N,167825,hit,CID167825,NO_CID_2c3b49395146,,hit,1,,1,1,1,1
1513,C=C1C(OC(C)=O)CCC2(C)C1CC1CC(OC(C)=O)C(C)=C(C(OC(C)=O)C2OC(C)=O)C1(C)C,True,C=C1C(OC(C)=O)CCC2(C)C1CC1CC(OC(C)=O)C(C)=C(C(OC(C)=O)C2OC(C)=O)C1(C)C,C=C1C(OC(C)=O)CCC2(C)C1CC1CC(OC(C)=O)C(C)=C(C(OC(C)=O)C2OC(C)=O)C1(C)C,SKJSIVQEPKBFTJ-UHFFFAOYSA-N,12443289,hit,CID12443289,NO_CID_7c153a0fdc8b,,hit,1,,1,1,1,1
1514,C/C1=C2\CC[C@@H](C)[C@@H]2CC[C@H](C)[C@H]2C[C@@]3(C(=O)O)CC[C@H](C(C)C)[C@@H]3C[C@]12O,True,CC1=C2CCC(C)C2CCC(C)C2CC3(C(=O)O)CCC(C(C)C)C3CC12O,C/C1=C2\CC[C@@H](C)[C@@H]2CC[C@H](C)[C@H]2C[C@@]3(C(=O)O)CC[C@H](C(C)C)[C@@H]3C[C@]12O,SLCDJJDPKICHGM-ZIFIXUEUSA-N,122209991,hit,CID122209991,NO_CID_77c2ae33db65,,hit,1,,1,1,1,1
1515,Cn1cc(CC(N)C(=O)O)c2cc(N3CCOCC3)ccc21,True,Cn1cc(CC(N)C(=O)O)c2cc(N3CCOCC3)ccc21,Cn1cc(CC(N)C(=O)O)c2cc(N3CCOCC3)ccc21,SLHYTTDJPIBQDE-UHFFFAOYSA-N,134259606,hit,CID134259606,NO_CID_6d72e5b8a4b4,,hit,1,,1,1,1,1
1516,CCOC(=O)Cc1cccc(Cl)c1,True,CCOC(=O)Cc1cccc(Cl)c1,CCOC(=O)Cc1cccc(Cl)c1,SLNHJHHDMDGTGB-UHFFFAOYSA-N,8063366,hit,CID8063366,NO_CID_e2c21a23ef08,,hit,1,,1,1,1,1
1517,CCCC(C)CC(C)CC(C)CC(C)C(=O)OC,True,CCCC(C)CC(C)CC(C)CC(C)C(=O)OC,CCCC(C)CC(C)CC(C)CC(C)C(=O)OC,SLSKAYPLROWHKH-UHFFFAOYSA-N,11543417,hit,CID11543417,NO_CID_9dabb661f4f8,,hit,1,,1,1,1,1
1518,CN1CCCCC1CCN1c2ccccc2Sc2ccc(S(C)=O)cc21,True,CN1CCCCC1CCN1c2ccccc2Sc2ccc(S(C)=O)cc21,CN1CCCCC1CCN1c2ccccc2Sc2ccc(S(C)=O)cc21,SLVMESMUVMCQIY-UHFFFAOYSA-N,4078,hit,CID4078,NO_CID_5ea95941f3c5,,hit,1,,1,1,1,1
1519,NC(Cc1c[nH]c2c(C3CC3)cccc12)C(=O)O,True,NC(Cc1c[nH]c2c(C3CC3)cccc12)C(=O)O,NC(Cc1c[nH]c2c(C3CC3)cccc12)C(=O)O,SLXSZKUEFUPQPL-UHFFFAOYSA-N,122499506,hit,CID122499506,NO_CID_c772fc765a70,,hit,1,,1,1,1,1
1520,Cc1ccc2c(c1O)C(=O)OC(C)C2,True,Cc1ccc2c(c1O)C(=O)OC(C)C2,Cc1ccc2c(c1O)C(=O)OC(C)C2,SLYRNFYMGDTQEZ-UHFFFAOYSA-N,10035470,hit,CID10035470,NO_CID_339d7a2c5752,,hit,1,,1,1,1,1
1521,C[C@H](CCC(=O)[O-])[C@H]1CC[C@H]2[C@@H]3CC[C@@H]4C[C@H](O)CC[C@]4(C)[C@H]3CC[C@]12C,True,CC(CCC(=O)[O-])C1CCC2C3CCC4CC(O)CCC4(C)C3CCC12C,C[C@H](CCC(=O)[O-])[C@H]1CC[C@H]2[C@@H]3CC[C@@H]4C[C@H](O)CC[C@]4(C)[C@H]3CC[C@]12C,SMEROWZSTRWXGI-HVATVPOCSA-M,5460318,hit,CID5460318,NO_CID_9137e4dcd0a4,,hit,1,,1,1,1,1
1522,C[C@H](CCC(=O)O)[C@H]1CC[C@H]2[C@@H]3CC[C@@H]4C[C@H](O)CC[C@]4(C)[C@H]3CC[C@]12C,True,CC(CCC(=O)O)C1CCC2C3CCC4CC(O)CCC4(C)C3CCC12C,C[C@H](CCC(=O)O)[C@H]1CC[C@H]2[C@@H]3CC[C@@H]4C[C@H](O)CC[C@]4(C)[C@H]3CC[C@]12C,SMEROWZSTRWXGI-HVATVPOCSA-N,9903,hit,CID9903,NO_CID_6110f18f23bc,,hit,1,,1,1,1,1
1523,CC(CCC(=O)O)C1CCC2C3CCC4CC(O)CCC4(C)C3CCC12C,True,CC(CCC(=O)O)C1CCC2C3CCC4CC(O)CCC4(C)C3CCC12C,CC(CCC(=O)O)C1CCC2C3CCC4CC(O)CCC4(C)C3CCC12C,SMEROWZSTRWXGI-UHFFFAOYSA-N,500165,hit,CID500165,NO_CID_8f5b9ecbb2c1,,hit,1,,1,1,1,1
1524,CC1=C[C@@H]2C(=C(C)CC[C@H]2C(C)C)[C@H](O)C1=O,True,CC1=CC2C(=C(C)CCC2C(C)C)C(O)C1=O,CC1=C[C@@H]2C(=C(C)CC[C@H]2C(C)C)[C@H](O)C1=O,SMZAKUAVSGDUGS-HUBLWGQQSA-N,139598322,hit,CID139598322,NO_CID_bbcc05072c15,,hit,1,,1,1,1,1
1525,CC1(C)[C@@H]2CC=C(CBr)[C@H]1C2,True,CC1(C)C2CC=C(CBr)C1C2,CC1(C)[C@@H]2CC=C(CBr)[C@H]1C2,SNAIDRDMHGKCAX-RKDXNWHRSA-N,95565527,hit,CID95565527,NO_CID_268fd27ec5a7,,hit,1,,1,1,1,1
1526,CN1CCC[C@H]1c1cccnc1,True,CN1CCCC1c1cccnc1,CN1CCC[C@H]1c1cccnc1,SNICXCGAKADSCV-JTQLQIEISA-N,89594,hit,CID89594,NO_CID_5066d3f93e7e,,hit,1,,1,1,1,1
1527,CN1CCC[C@@H]1c1cccnc1,True,CN1CCCC1c1cccnc1,CN1CCC[C@@H]1c1cccnc1,SNICXCGAKADSCV-SNVBAGLBSA-N,157672,hit,CID157672,NO_CID_c55cbfa928ff,,hit,1,,1,1,1,1
1528,CN1CCCC1c1cccnc1,True,CN1CCCC1c1cccnc1,CN1CCCC1c1cccnc1,SNICXCGAKADSCV-UHFFFAOYSA-N,942,hit,CID942,NO_CID_5b9b289468be,,hit,1,,1,1,1,1
1529,NC(Cc1c[nH]c2ncccc12)C(=O)O,True,NC(Cc1c[nH]c2ncccc12)C(=O)O,NC(Cc1c[nH]c2ncccc12)C(=O)O,SNLOIIPRZGMRAB-UHFFFAOYSA-N,5354789,hit,CID5354789,NO_CID_612d3545bc10,,hit,1,,1,1,1,1
1530,CCCCCCCCCCCC,True,CCCCCCCCCCCC,CCCCCCCCCCCC,SNRUBQQJIBEYMU-UHFFFAOYSA-N,8182,hit,CID8182,NO_CID_927795ebe616,,hit,1,,1,1,1,1
1531,CC(=CCCC(C)C1CC(O)C2(C)C3=CCC4C(C)(C)C(=O)CCC4(C)C3=CCC12C)C(=O)[O-],True,CC(=CCCC(C)C1CC(O)C2(C)C3=CCC4C(C)(C)C(=O)CCC4(C)C3=CCC12C)C(=O)[O-],CC(=CCCC(C)C1CC(O)C2(C)C3=CCC4C(C)(C)C(=O)CCC4(C)C3=CCC12C)C(=O)[O-],SNZQBBATMLGADX-UHFFFAOYSA-M,,cid0_no_match,NO_CID_955d1a3a6d49,NO_CID_955d1a3a6d49,,cid0_no_match,0,,1,1,1,1
1532,C/C(=C\CC[C@@H](C)[C@H]1C[C@H](O)[C@@]2(C)C3=CC[C@H]4C(C)(C)C(=O)CC[C@]4(C)C3=CC[C@]12C)C(=O)O,True,CC(=CCCC(C)C1CC(O)C2(C)C3=CCC4C(C)(C)C(=O)CCC4(C)C3=CCC12C)C(=O)O,C/C(=C\CC[C@@H](C)[C@H]1C[C@H](O)[C@@]2(C)C3=CC[C@H]4C(C)(C)C(=O)CC[C@]4(C)C3=CC[C@]12C)C(=O)O,SNZQBBATMLGADX-VVUVUVSISA-N,11442745,hit,CID11442745,NO_CID_0360edb986db,,hit,1,,1,1,1,1
1533,C=CC(C)(C)[C@@]12C[C@H]3C(=O)N/C(=C/c4cnc[nH]4)C(=O)N3[C@@H]1Nc1ccccc12,True,C=CC(C)(C)C12CC3C(=O)NC(=Cc4cnc[nH]4)C(=O)N3C1Nc1ccccc12,C=CC(C)(C)[C@@]12C[C@H]3C(=O)N/C(=C/c4cnc[nH]4)C(=O)N3[C@@H]1Nc1ccccc12,SPWSUFUPTSJWNG-JJUKSXGLSA-N,21608802,hit,CID21608802,NO_CID_f6bbc5aa8051,,hit,1,,1,1,1,1
1534,CC1(C)CC[C@]2(C(=O)O)CC[C@]3(C)C(=CC[C@@H]4[C@@]5(C)CC[C@H](OP6(=O)OCC[C@H](c7cccc(Cl)c7)O6)C(C)(C)[C@@H]5CC[C@]43C)[C@@H]2C1,True,CC1(C)CCC2(C(=O)O)CCC3(C)C(=CCC4C5(C)CCC(OP6(=O)OCCC(c7cccc(Cl)c7)O6)C(C)(C)C5CCC43C)C2C1,CC1(C)CC[C@]2(C(=O)O)CC[C@]3(C)C(=CC[C@@H]4[C@@]5(C)CC[C@H](OP6(=O)OCC[C@H](c7cccc(Cl)c7)O6)C(C)(C)[C@@H]5CC[C@]43C)[C@@H]2C1,SQBAJPNXLQIOAU-UTLUVIMJSA-N,,cid0_no_match,NO_CID_712ef5ebac86,NO_CID_712ef5ebac86,,cid0_no_match,0,,1,1,1,1
1535,C[C@@H]1C/C=C/C=C/C=C/C=C/[C@H](O[C@@H]2O[C@H](C)[C@@H](O)[C@H](N)[C@@H]2O)C[C@@H]2O[C@](O)(C[C@@H](O)C/C=C/C=C/C(=O)O1)C[C@H](O)[C@H]2C(=O)O,True,CC1CC=CC=CC=CC=CC(OC2OC(C)C(O)C(N)C2O)CC2OC(O)(CC(O)CC=CC=CC(=O)O1)CC(O)C2C(=O)O,C[C@@H]1C/C=C/C=C/C=C/C=C/[C@H](O[C@@H]2O[C@H](C)[C@@H](O)[C@H](N)[C@@H]2O)C[C@@H]2O[C@](O)(C[C@@H](O)C/C=C/C=C/C(=O)O1)C[C@H](O)[C@H]2C(=O)O,SQKHCBHOKICFHY-FNNGFRNWSA-N,49867845,hit,CID49867845,NO_CID_ba473f386ba3,,hit,1,,1,1,1,1
1536,C=C(CC[C@@H](C)[C@H]1CC[C@@]2(C=O)C3=C(CC[C@]12C)[C@@]1(C)CC[C@H](O)C(C)(C)[C@@H]1CC3)C(C)C,True,C=C(CCC(C)C1CCC2(C=O)C3=C(CCC12C)C1(C)CCC(O)C(C)(C)C1CC3)C(C)C,C=C(CC[C@@H](C)[C@H]1CC[C@@]2(C=O)C3=C(CC[C@]12C)[C@@]1(C)CC[C@H](O)C(C)(C)[C@@H]1CC3)C(C)C,SRGDGDSDQBHQSM-VAPIERHISA-N,168007565,hit,CID168007565,NO_CID_a1d3768025cb,,hit,1,,1,1,1,1
1537,CCc1cccc2cc(C(O)CNC(C)(C)C)oc12,True,CCc1cccc2cc(C(O)CNC(C)(C)C)oc12,CCc1cccc2cc(C(O)CNC(C)(C)C)oc12,SSEBTPPFLLCUMN-UHFFFAOYSA-N,71733,hit,CID71733,NO_CID_89a457909bc9,,hit,1,,1,1,1,1
1538,CC1(C)CC[C@]2(C=O)CC[C@]3(C)C(=CC[C@@H]4[C@@]5(C)CC[C@H](O)C(C)(C)[C@@H]5CC[C@]43C)[C@@H]2C1,True,CC1(C)CCC2(C=O)CCC3(C)C(=CCC4C5(C)CCC(O)C(C)(C)C5CCC43C)C2C1,CC1(C)CC[C@]2(C=O)CC[C@]3(C)C(=CC[C@@H]4[C@@]5(C)CC[C@H](O)C(C)(C)[C@@H]5CC[C@]43C)[C@@H]2C1,STHRNDDZYFUIDO-OSQDELBUSA-N,10321055,hit,CID10321055,NO_CID_7730302739a5,,hit,1,,1,1,1,1
1539,COc1cccc2c1C(=O)c1c(O)c3c(c(O)c1C2=O)C[C@@](O)(C(C)=O)C[C@@H]3O[C@H]1C[C@H](N)[C@H](O)[C@H](C)O1,True,COc1cccc2c1C(=O)c1c(O)c3c(c(O)c1C2=O)CC(O)(C(C)=O)CC3OC1CC(N)C(O)C(C)O1,COc1cccc2c1C(=O)c1c(O)c3c(c(O)c1C2=O)C[C@@](O)(C(C)=O)C[C@@H]3O[C@H]1C[C@H](N)[C@H](O)[C@H](C)O1,STQGQHZAVUOBTE-VGBVRHCVSA-N,30323,hit,CID30323,NO_CID_cc7b2436ffe2,,hit,1,,1,1,1,1
1540,Cc1cccc(CCBr)c1,True,Cc1cccc(CCBr)c1,Cc1cccc(CCBr)c1,STQJFINZGUXVEX-UHFFFAOYSA-N,570684,hit,CID570684,NO_CID_462020498d80,,hit,1,,1,1,1,1
1541,N#CCc1ccccc1,True,N#CCc1ccccc1,N#CCc1ccccc1,SUSQOBVLVYHIEX-UHFFFAOYSA-N,8794,hit,CID8794,NO_CID_335aadd732e1,,hit,1,,1,1,1,1
1542,CCCC(C)CC(C)CC(C)CC(C)C(=O)O,True,CCCC(C)CC(C)CC(C)CC(C)C(=O)O,CCCC(C)CC(C)CC(C)CC(C)C(=O)O,SUSUUYRANZVDHR-UHFFFAOYSA-N,5321893,hit,CID5321893,NO_CID_31f855ae80e4,,hit,1,,1,1,1,1
1543,C=C(C=O)[C@@H]1CC[C@@H](C)[C@@H]2CCC(C)=C[C@@H]21,True,C=C(C=O)C1CCC(C)C2CCC(C)=CC12,C=C(C=O)[C@@H]1CC[C@@H](C)[C@@H]2CCC(C)=C[C@@H]21,SVAPNGMAOHQQFJ-UNQGMJICSA-N,15983961,hit,CID15983961,NO_CID_c39448ade98d,,hit,1,,1,1,1,1
1544,C=CCc1ccccc1C,True,C=CCc1ccccc1C,C=CCc1ccccc1C,SVIHJJUMPAUQNO-UHFFFAOYSA-N,15317,hit,CID15317,NO_CID_7c3cdd891ae2,,hit,1,,1,1,1,1
1545,CC1CC(N(C)C)C(O)C(OC2CCCCCCCCCCCCC2)O1,True,CC1CC(N(C)C)C(O)C(OC2CCCCCCCCCCCCC2)O1,CC1CC(N(C)C)C(O)C(OC2CCCCCCCCCCCCC2)O1,SVIVFSJNDHHGED-UHFFFAOYSA-N,67068119,hit,CID67068119,NO_CID_6a41d59b1958,,hit,1,,1,1,1,1
1546,CC/C=C/CC1=C(C)C(O)CC1=O,True,CCC=CCC1=C(C)C(O)CC1=O,CC/C=C/CC1=C(C)C(O)CC1=O,SVRKACAGHUZSGU-SNAWJCMRSA-N,5374699,hit,CID5374699,NO_CID_10c971840523,,hit,1,,1,1,1,1
1547,COc1ccc(C[C@@H]2NC(=O)[C@H](Cc3ccc(O)cc3)NC2=O)cc1,True,COc1ccc(CC2NC(=O)C(Cc3ccc(O)cc3)NC2=O)cc1,COc1ccc(C[C@@H]2NC(=O)[C@H](Cc3ccc(O)cc3)NC2=O)cc1,SXIBGFQFSYRUSU-IRXDYDNUSA-N,146020568,hit,CID146020568,NO_CID_4b8565a7aae2,,hit,1,,1,1,1,1
1548,O=C1CCCCCCCCC1,True,O=C1CCCCCCCCC1,O=C1CCCCCCCCC1,SXOZDDAFVJANJP-UHFFFAOYSA-N,73918,hit,CID73918,NO_CID_9252d4f29fed,,hit,1,,1,1,1,1
1549,O=C1CCCCCCCCCCC1,True,O=C1CCCCCCCCCCC1,O=C1CCCCCCCCCCC1,SXVPOSFURRDKBO-UHFFFAOYSA-N,13246,hit,CID13246,NO_CID_208c48ab7148,,hit,1,,1,1,1,1
1550,COc1cnc(OC)n2nc(NS(=O)(=O)c3c(OCC(F)F)cccc3C(F)(F)F)nc12,True,COc1cnc(OC)n2nc(NS(=O)(=O)c3c(OCC(F)F)cccc3C(F)(F)F)nc12,COc1cnc(OC)n2nc(NS(=O)(=O)c3c(OCC(F)F)cccc3C(F)(F)F)nc12,SYJGKVOENHZYMQ-UHFFFAOYSA-N,11784975,hit,CID11784975,NO_CID_d30dbd3a7550,,hit,1,,1,1,1,1
1551,CC(C)/C=N/O,True,CC(C)C=NO,CC(C)/C=N/O,SYJPAKDNFZLSMV-HWKANZROSA-N,5324282,hit,CID5324282,NO_CID_d9c90e28f0eb,,hit,1,,1,1,1,1
1552,CC(C)/C=N\O,True,CC(C)C=NO,CC(C)/C=N\O,SYJPAKDNFZLSMV-HYXAFXHYSA-N,5324281,hit,CID5324281,NO_CID_7c9b36d117eb,,hit,1,,1,1,1,1
1553,CSc1cccc2c(CC(N)C(=O)O)c[nH]c12,True,CSc1cccc2c(CC(N)C(=O)O)c[nH]c12,CSc1cccc2c(CC(N)C(=O)O)c[nH]c12,SYPGVLOFENDLPH-UHFFFAOYSA-N,122499480,hit,CID122499480,NO_CID_2adb3018bf3d,,hit,1,,1,1,1,1
1554,C[C@H](C(=O)O)c1ccc(-c2ccccc2)c(F)c1,True,CC(C(=O)O)c1ccc(-c2ccccc2)c(F)c1,C[C@H](C(=O)O)c1ccc(-c2ccccc2)c(F)c1,SYTBZMRGLBWNTM-JTQLQIEISA-N,72099,hit,CID72099,NO_CID_71c3c715e37a,,hit,1,,1,1,1,1
1555,CC(=O)C1=C([O-])[C@@H]2[C@H]3c4c[nH]c5cccc(c45)C[C@H]3C(C)(C)N2C1=O,True,CC(=O)C1=C([O-])C2C3c4c[nH]c5cccc(c45)CC3C(C)(C)N2C1=O,CC(=O)C1=C([O-])[C@@H]2[C@H]3c4c[nH]c5cccc(c45)C[C@H]3C(C)(C)N2C1=O,SZINUGQCTHLQAZ-DQYPLSBCSA-M,25244026,hit,CID25244026,NO_CID_39cef3968e22,,hit,1,,1,1,1,1
1556,C=C1C[C@@]23CC[C@@H]4[C@](C)(CO)CCC[C@@]4(C)[C@@H]2CC[C@@H]1C3,True,C=C1CC23CCC4C(C)(CO)CCCC4(C)C2CCC1C3,C=C1C[C@@]23CC[C@@H]4[C@](C)(CO)CCC[C@@]4(C)[C@@H]2CC[C@@H]1C3,TUJQVRFWMWRMIO-XRNRSJMDSA-N,443465,hit,CID443465,NO_CID_17093e3cc603,,hit,1,,1,1,1,1
1557,NC(Cc1c[nH]c2ccc(Cl)cc12)C(=O)O,True,NC(Cc1c[nH]c2ccc(Cl)cc12)C(=O)O,NC(Cc1c[nH]c2ccc(Cl)cc12)C(=O)O,TUKKZLIDCNWKIN-UHFFFAOYSA-N,596210,hit,CID596210,NO_CID_8c5e091f6a2b,,hit,1,,1,1,1,1
1558,CCCCCCCCCCCCCC(=O)[O-],True,CCCCCCCCCCCCCC(=O)[O-],CCCCCCCCCCCCCC(=O)[O-],TUNFSRHWOTWDNC-UHFFFAOYSA-M,4075158,hit,CID4075158,NO_CID_47c791ff74e2,,hit,1,,1,1,1,1
1559,CCCCCCCCCCCCCC(=O)O,True,CCCCCCCCCCCCCC(=O)O,CCCCCCCCCCCCCC(=O)O,TUNFSRHWOTWDNC-UHFFFAOYSA-N,11005,hit,CID11005,NO_CID_6c71b8e3bdf1,,hit,1,,1,1,1,1
1560,Cc1c(CC(N)C=O)c2c(N)cccc2n1C,True,Cc1c(CC(N)C=O)c2c(N)cccc2n1C,Cc1c(CC(N)C=O)c2c(N)cccc2n1C,TVANLTBYZLPIKH-UHFFFAOYSA-N,,cid0_no_match,NO_CID_adf21de9bccd,NO_CID_adf21de9bccd,,cid0_no_match,0,,1,1,1,1
1561,CCCCCCCC,True,CCCCCCCC,CCCCCCCC,TVMXDCGIABBOFY-UHFFFAOYSA-N,356,hit,CID356,NO_CID_acea9bbeb39f,,hit,1,,1,1,1,1
1562,C#Cc1ccc2[nH]c(C)c(CC(N)C(=O)O)c2c1,True,C#Cc1ccc2[nH]c(C)c(CC(N)C(=O)O)c2c1,C#Cc1ccc2[nH]c(C)c(CC(N)C(=O)O)c2c1,TVVMMDSTZRIHLH-UHFFFAOYSA-N,122499573,hit,CID122499573,NO_CID_3577e2b64548,,hit,1,,1,1,1,1
1563,O/N=C/Cc1ccc(O)cc1,True,ON=CCc1ccc(O)cc1,O/N=C/Cc1ccc(O)cc1,TVXJJNJGTDWFLD-RMKNXTFCSA-N,5460411,hit,CID5460411,NO_CID_58e0fa45cdb7,,hit,1,,1,1,1,1
1564,O/N=C\Cc1ccc(O)cc1,True,ON=CCc1ccc(O)cc1,O/N=C\Cc1ccc(O)cc1,TVXJJNJGTDWFLD-TWGQIWQCSA-N,5459810,hit,CID5459810,NO_CID_a7a14789649b,,hit,1,,1,1,1,1
1565,C=C(C)[C@@H]1CC=C2CC[C@@H](O)[C@@H](C)[C@@]2(C)C1,True,C=C(C)C1CC=C2CCC(O)C(C)C2(C)C1,C=C(C)[C@@H]1CC=C2CC[C@@H](O)[C@@H](C)[C@@]2(C)C1,TWGYXCCDWSORFO-QHSBEEBCSA-N,14486926,hit,CID14486926,NO_CID_be89dfc1ffa2,,hit,1,,1,1,1,1
1566,Cc1ccc(CCCl)cc1,True,Cc1ccc(CCCl)cc1,Cc1ccc(CCCl)cc1,TWIWWNQQAVOIQJ-UHFFFAOYSA-N,271894,hit,CID271894,NO_CID_713c91a3a505,,hit,1,,1,1,1,1
1567,CC[C@H](C)[C@H](N=C(O)C[C@H]1CCC(=O)[C@@H]1C/C=C\CCO)C(=O)O,True,CCC(C)C(N=C(O)CC1CCC(=O)C1CC=CCCO)C(=O)O,CC[C@H](C)[C@H](N=C(O)C[C@H]1CCC(=O)[C@@H]1C/C=C\CCO)C(=O)O,TXHIPUZLOILIIU-HTMKVPHHSA-N,132526895,hit,CID132526895,NO_CID_fe0c347ef7c3,,hit,1,,1,1,1,1
1568,CCSc1ccc(C)cc1,True,CCSc1ccc(C)cc1,CCSc1ccc(C)cc1,TXMFDSUMJLQLGB-UHFFFAOYSA-N,136431,hit,CID136431,NO_CID_166a96045e4a,,hit,1,,1,1,1,1
1569,Cc1c(CC(N)C(=O)O)c2cccc(Cl)c2n1C,True,Cc1c(CC(N)C(=O)O)c2cccc(Cl)c2n1C,Cc1c(CC(N)C(=O)O)c2cccc(Cl)c2n1C,TXYAJMFZMNTLPZ-UHFFFAOYSA-N,83762301,hit,CID83762301,NO_CID_30f8d5537fb5,,hit,1,,1,1,1,1
1570,O=C(O)CCCCCCC(=O)O,True,O=C(O)CCCCCCC(=O)O,O=C(O)CCCCCCC(=O)O,TYFQFVWCELRYAO-UHFFFAOYSA-N,10457,hit,CID10457,NO_CID_af74e5a092a8,,hit,1,,1,1,1,1
1571,O=c1c(-c2ccc(O)cc2)coc2cc(O)cc(O)c12,True,O=c1c(-c2ccc(O)cc2)coc2cc(O)cc(O)c12,O=c1c(-c2ccc(O)cc2)coc2cc(O)cc(O)c12,TZBJGXHYKVUXJN-UHFFFAOYSA-N,5280961,hit,CID5280961,NO_CID_68234627a034,,hit,1,,1,1,1,1
1572,O=c1[nH]c2cc(Cl)ccc2o1,True,O=c1[nH]c2cc(Cl)ccc2o1,O=c1[nH]c2cc(Cl)ccc2o1,TZFWDZFKRBELIQ-UHFFFAOYSA-N,2733,hit,CID2733,NO_CID_bb97203dd723,,hit,1,,1,1,1,1
1573,Cn1cc(CC(N)C(=O)O)c2cc(Br)ccc21,True,Cn1cc(CC(N)C(=O)O)c2cc(Br)ccc21,Cn1cc(CC(N)C(=O)O)c2cc(Br)ccc21,TZHUVVFMIJTMCA-UHFFFAOYSA-N,83763812,hit,CID83763812,NO_CID_a37409740ad4,,hit,1,,1,1,1,1
1574,CCCCCCCCCC(=O)N[C@H]1CCOC1=O,True,CCCCCCCCCC(=O)NC1CCOC1=O,CCCCCCCCCC(=O)N[C@H]1CCOC1=O,TZWZKDULKILUPV-LBPRGKRZSA-N,10131281,hit,CID10131281,NO_CID_842f9ef5aa8d,,hit,1,,1,1,1,1
1575,O=C1CC(c2ccc(O)cc2)Oc2cc(O)c(O)cc21,True,O=C1CC(c2ccc(O)cc2)Oc2cc(O)c(O)cc21,O=C1CC(c2ccc(O)cc2)Oc2cc(O)c(O)cc21,UABMFOBSIHSWFQ-UHFFFAOYSA-N,23724670,hit,CID23724670,NO_CID_c387ef8d22ae,,hit,1,,1,1,1,1
1576,C/C1=C/CC/C(C)=C/Cc2c(O)ccc(O)c2C1,True,CC1=CCc2c(O)ccc(O)c2CC(C)=CCC1,C/C1=C/CC/C(C)=C/Cc2c(O)ccc(O)c2C1,UABYSSHJBWFDJU-CRLRQKJVSA-N,44140145,hit,CID44140145,NO_CID_b430ac1e3401,,hit,1,,1,1,1,1
1577,CC1=CC[C@@H]2/C(=C(\C)C(=O)[O-])CC[C@@]2(C)[C@@H](O)C1,True,CC1=CCC2C(=C(C)C(=O)[O-])CCC2(C)C(O)C1,CC1=CC[C@@H]2/C(=C(\C)C(=O)[O-])CC[C@@]2(C)[C@@H](O)C1,UBTZCHHLMCBTIV-WDHFGGHWSA-M,146672908,hit,CID146672908,NO_CID_2b04a6ead1f7,,hit,1,,1,1,1,1
1578,CC1(C)CC[C@]2(C)CC[C@]3(C)C(=C[C@@H](O)[C@@H]4[C@@]5(C)CC[C@H](O)C(C)(C)[C@@H]5CC[C@]43C)[C@@H]2C1,True,CC1(C)CCC2(C)CCC3(C)C(=CC(O)C4C5(C)CCC(O)C(C)(C)C5CCC43C)C2C1,CC1(C)CC[C@]2(C)CC[C@]3(C)C(=C[C@@H](O)[C@@H]4[C@@]5(C)CC[C@H](O)C(C)(C)[C@@H]5CC[C@]43C)[C@@H]2C1,UBUHIKQRNDOKCZ-JABDUKPASA-N,13918522,hit,CID13918522,NO_CID_afaa836b620b,,hit,1,,1,1,1,1
1579,CSc1ccc2c(CC(N)C(=O)O)cn(C)c2c1,True,CSc1ccc2c(CC(N)C(=O)O)cn(C)c2c1,CSc1ccc2c(CC(N)C(=O)O)cn(C)c2c1,UCAIKGFFILUVTE-UHFFFAOYSA-N,122499532,hit,CID122499532,NO_CID_54601e5dd11c,,hit,1,,1,1,1,1
1580,Cc1cc(C[C@@H]2NC(=O)[C@H](Cc3ccc(O)cc3)NC2=O)cc(C)c1O,True,Cc1cc(CC2NC(=O)C(Cc3ccc(O)cc3)NC2=O)cc(C)c1O,Cc1cc(C[C@@H]2NC(=O)[C@H](Cc3ccc(O)cc3)NC2=O)cc(C)c1O,UCEYENNEMBTPOB-IRXDYDNUSA-N,146035899,hit,CID146035899,NO_CID_06556a604c6f,,hit,1,,1,1,1,1
1581,CC(C)(O)c1ccccc1CC[C@@H](SCC1(CC(=O)O)CC1)c1cccc(/C=C/c2ccc3ccc(Cl)cc3n2)c1,True,CC(C)(O)c1ccccc1CCC(SCC1(CC(=O)O)CC1)c1cccc(C=Cc2ccc3ccc(Cl)cc3n2)c1,CC(C)(O)c1ccccc1CC[C@@H](SCC1(CC(=O)O)CC1)c1cccc(/C=C/c2ccc3ccc(Cl)cc3n2)c1,UCHDWCPVSPXUMX-TZIWLTJVSA-N,5281040,hit,CID5281040,NO_CID_ba3e5efc8a9f,,hit,1,,1,1,1,1
1582,NCCC(=O)O,True,NCCC(=O)O,NCCC(=O)O,UCMIRNVEIXFBKS-UHFFFAOYSA-N,239,hit,CID239,NO_CID_ebfc15aa53f0,,hit,1,,1,1,1,1
1583,CC(C)CCC[C@@H](C)[C@H]1CC[C@H]2C3=CC=C4C[C@@H](O)CC[C@]4(C)[C@H]3CC[C@]12C,True,CC(C)CCCC(C)C1CCC2C3=CC=C4CC(O)CCC4(C)C3CCC21C,CC(C)CCC[C@@H](C)[C@H]1CC[C@H]2C3=CC=C4C[C@@H](O)CC[C@]4(C)[C@H]3CC[C@]12C,UCTLRSWJYQTBFZ-DDPQNLDTSA-N,439423,hit,CID439423,NO_CID_898ac2025727,,hit,1,,1,1,1,1
1584,NC(CO)Cc1c[nH]c2ccccc12,True,NC(CO)Cc1c[nH]c2ccccc12,NC(CO)Cc1c[nH]c2ccccc12,UDQCRUSSQAXPJY-UHFFFAOYSA-N,10684,hit,CID10684,NO_CID_88d1bec46a8c,,hit,1,,1,1,1,1
1585,CC(=O)[C@H]1CC[C@H]2[C@@H]3[C@H](O)C=C4C[C@@H](O)CC[C@]4(C)[C@H]3CC[C@]12C,True,CC(=O)C1CCC2C3C(O)C=C4CC(O)CCC4(C)C3CCC12C,CC(=O)[C@H]1CC[C@H]2[C@@H]3[C@H](O)C=C4C[C@@H](O)CC[C@]4(C)[C@H]3CC[C@]12C,UEWNVBNIVGLQPG-XXHSLLPRSA-N,9967418,hit,CID9967418,NO_CID_fc8c9f10d616,,hit,1,,1,1,1,1
1586,c1ccc2ccccc2c1,True,c1ccc2ccccc2c1,c1ccc2ccccc2c1,UFWIBTONFRDIAS-UHFFFAOYSA-N,931,hit,CID931,NO_CID_a896d495b04a,,hit,1,,1,1,1,1
1587,O=C([O-])CCCCCCCCCCCCCCCO,True,O=C([O-])CCCCCCCCCCCCCCCO,O=C([O-])CCCCCCCCCCCCCCCO,UGAGPNKCDRTDHP-UHFFFAOYSA-M,7058075,hit,CID7058075,NO_CID_fc098ac5b6de,,hit,1,,1,1,1,1
1588,O=C(O)CCCCCCCCCCCCCCCO,True,O=C(O)CCCCCCCCCCCCCCCO,O=C(O)CCCCCCCCCCCCCCCO,UGAGPNKCDRTDHP-UHFFFAOYSA-N,10466,hit,CID10466,NO_CID_bc9589eed80e,,hit,1,,1,1,1,1
1589,c1cc(SSc2ccncc2)ccn1,True,c1cc(SSc2ccncc2)ccn1,c1cc(SSc2ccncc2)ccn1,UHBAPGWWRFVTFS-UHFFFAOYSA-N,75846,hit,CID75846,NO_CID_ddae0b9856c8,,hit,1,,1,1,1,1
1590,CC[C@@H](C)/C=C(C)/C=C/C(O)=C1C(=O)N[C@@H](Cc2ccc(O)cc2)C1=O,True,CCC(C)C=C(C)C=CC(O)=C1C(=O)NC(Cc2ccc(O)cc2)C1=O,CC[C@@H](C)/C=C(C)/C=C/C(O)=C1C(=O)N[C@@H](Cc2ccc(O)cc2)C1=O,UHGQPXFZDZCXRO-WHLPDFMQSA-N,139588359,hit,CID139588359,NO_CID_7344e86a8bc3,,hit,1,,1,1,1,1
1591,CCCCC/C=C/C=C/C=C/c1cccc(O)c1CO,True,CCCCCC=CC=CC=Cc1cccc(O)c1CO,CCCCC/C=C/C=C/C=C/c1cccc(O)c1CO,UHIUUHNZAFMODU-RWAOKGLLSA-N,154700454,hit,CID154700454,NO_CID_81863761dd27,,hit,1,,1,1,1,1
1592,CSc1cccc2[nH]c(C)c(CC(N)C(=O)O)c12,True,CSc1cccc2[nH]c(C)c(CC(N)C(=O)O)c12,CSc1cccc2[nH]c(C)c(CC(N)C(=O)O)c12,UHJVMKZPHHPWQO-UHFFFAOYSA-N,122499535,hit,CID122499535,NO_CID_e696ae1ad0b4,,hit,1,,1,1,1,1
1593,C=C1C(O)C/C(=C\C=C2/CCC[C@@]3(C)C2CC[C@@H]3[C@H](C)CCCC(C)(C)O)C[C@H]1O,True,C=C1C(O)CC(=CC=C2CCCC3(C)C2CCC3C(C)CCCC(C)(C)O)CC1O,C=C1C(O)C/C(=C\C=C2/CCC[C@@]3(C)C2CC[C@@H]3[C@H](C)CCCC(C)(C)O)C[C@H]1O,UHMPCVGLSKFXHR-HAAMZTQKSA-N,134361118,hit,CID134361118,NO_CID_412ac35af7cc,,hit,1,,1,1,1,1
1594,C=C1C(O)C/C(=C\C=C2/CCC[C@@]3(C)C2CC[C@@H]3[C@@H](C)CCCC(C)(C)O)C[C@H]1O,True,C=C1C(O)CC(=CC=C2CCCC3(C)C2CCC3C(C)CCCC(C)(C)O)CC1O,C=C1C(O)C/C(=C\C=C2/CCC[C@@]3(C)C2CC[C@@H]3[C@@H](C)CCCC(C)(C)O)C[C@H]1O,UHMPCVGLSKFXHR-PSFHIAGESA-N,139355338,hit,CID139355338,NO_CID_b8db64063fef,,hit,1,,1,1,1,1
1595,CC[C@]1(O)Cc2c(O)c3c(c(O)c2[C@@H](O[C@H]2C[C@H](N)[C@H](O)[C@H](C)O2)C1)C(=O)c1c(O)cccc1C3=O,True,CCC1(O)Cc2c(O)c3c(c(O)c2C(OC2CC(N)C(O)C(C)O2)C1)C(=O)c1c(O)cccc1C3=O,CC[C@]1(O)Cc2c(O)c3c(c(O)c2[C@@H](O[C@H]2C[C@H](N)[C@H](O)[C@H](C)O2)C1)C(=O)c1c(O)cccc1C3=O,UHYFCDBUKBJSFA-JYFLSIMMSA-N,443829,hit,CID443829,NO_CID_2ba2cef9e47c,,hit,1,,1,1,1,1
1596,O=C1N[C@@H](Cc2ccc(O)c(Br)c2)C(=O)N[C@H]1Cc1ccc(O)cc1,True,O=C1NC(Cc2ccc(O)c(Br)c2)C(=O)NC1Cc1ccc(O)cc1,O=C1N[C@@H](Cc2ccc(O)c(Br)c2)C(=O)N[C@H]1Cc1ccc(O)cc1,UHZMUUVMCUUKRQ-GJZGRUSLSA-N,146020569,hit,CID146020569,NO_CID_1a976a6f35a2,,hit,1,,1,1,1,1
1597,C#Cc1ccc2c(CC(N)C(=O)O)c[nH]c2c1,True,C#Cc1ccc2c(CC(N)C(=O)O)c[nH]c2c1,C#Cc1ccc2c(CC(N)C(=O)O)c[nH]c2c1,UIKHEWRXMDFLKN-UHFFFAOYSA-N,74431845,hit,CID74431845,NO_CID_518ac30eef99,,hit,1,,1,1,1,1
1598,CN1C(=O)CC[C@H]1c1cccnc1,True,CN1C(=O)CCC1c1cccnc1,CN1C(=O)CC[C@H]1c1cccnc1,UIKROCXWUNQSPJ-VIFPVBQESA-N,854019,hit,CID854019,NO_CID_9dbc73876ad8,,hit,1,,1,1,1,1
1599,COc1ccc(C(C)=O)c(O)c1,True,COc1ccc(C(C)=O)c(O)c1,COc1ccc(C(C)=O)c(O)c1,UILPJVPSNHJFIK-UHFFFAOYSA-N,11092,hit,CID11092,NO_CID_d85e77fa1891,,hit,1,,1,1,1,1
1600,O=C(O)C1CCN(c2ccncc2)CC1,True,O=C(O)C1CCN(c2ccncc2)CC1,O=C(O)C1CCN(c2ccncc2)CC1,UISWRUUBFFHGLE-UHFFFAOYSA-N,1268289,hit,CID1268289,NO_CID_fbb80dbf9aa8,,hit,1,,1,1,1,1
1601,C=C1C[C@]23C[C@H]1CC[C@H]2[C@]1(C)CCC[C@@](C)(C(=O)O)[C@H]1[C@@H]3C(=O)O,True,C=C1CC23CC1CCC2C1(C)CCCC(C)(C(=O)O)C1C3C(=O)O,C=C1C[C@]23C[C@H]1CC[C@H]2[C@]1(C)CCC[C@@](C)(C(=O)O)[C@H]1[C@@H]3C(=O)O,UJFQJDAESQJXTG-UFUZVNNQSA-N,443450,hit,CID443450,NO_CID_d3eed6c5d275,,hit,1,,1,1,1,1
1602,CC(C)[C@H](C)[C@@H](O)[C@H](O)[C@@H](C)[C@H]1CC[C@H]2[C@@H]3CC=C4C[C@@H](O)CC[C@]4(C)[C@H]3CC[C@]12C,True,CC(C)C(C)C(O)C(O)C(C)C1CCC2C3CC=C4CC(O)CCC4(C)C3CCC12C,CC(C)[C@H](C)[C@@H](O)[C@H](O)[C@@H](C)[C@H]1CC[C@H]2[C@@H]3CC=C4C[C@@H](O)CC[C@]4(C)[C@H]3CC[C@]12C,UJGZOSZMMQGHPD-GTYSVAQVSA-N,11048310,hit,CID11048310,NO_CID_988337f0a8f7,,hit,1,,1,1,1,1
1603,COC(=O)[C@@]12Oc3cccc(O)c3C(O)=C1C(=O)C[C@H](C)[C@H]2O,True,COC(=O)C12Oc3cccc(O)c3C(O)=C1C(=O)CC(C)C2O,COC(=O)[C@@]12Oc3cccc(O)c3C(O)=C1C(=O)C[C@H](C)[C@H]2O,UJLVPNBSIOYKAF-HXLRMTTFSA-N,24894609,hit,CID24894609,NO_CID_b3f6a5a42773,,hit,1,,1,1,1,1
1604,COC(=O)[C@@]12Oc3cccc(O)c3C(O)=C1C(=O)C[C@H](C)[C@@H]2O,True,COC(=O)C12Oc3cccc(O)c3C(O)=C1C(=O)CC(C)C2O,COC(=O)[C@@]12Oc3cccc(O)c3C(O)=C1C(=O)C[C@H](C)[C@@H]2O,UJLVPNBSIOYKAF-RBSJJVMISA-N,24894608,hit,CID24894608,NO_CID_9e0809d38b28,,hit,1,,1,1,1,1
1605,c1ccc2c(c1)[nH]c1ccccc12,True,c1ccc2c(c1)[nH]c1ccccc12,c1ccc2c(c1)[nH]c1ccccc12,UJOBWOGCFQCDNV-UHFFFAOYSA-N,6854,hit,CID6854,NO_CID_9e96fbc760d5,,hit,1,,1,1,1,1
1606,CC1(C)CC[C@]2(C)CC[C@]3(C)C(=CC(=O)[C@@H]4[C@@]5(C)CC[C@H](O)C(C)(C)[C@@H]5CC[C@]43C)[C@@H]2C1,True,CC1(C)CCC2(C)CCC3(C)C(=CC(=O)C4C5(C)CCC(O)C(C)(C)C5CCC43C)C2C1,CC1(C)CC[C@]2(C)CC[C@]3(C)C(=CC(=O)[C@@H]4[C@@]5(C)CC[C@H](O)C(C)(C)[C@@H]5CC[C@]43C)[C@@H]2C1,UKAIYBGRLWQHDQ-KWRVYEIKSA-N,20055661,hit,CID20055661,NO_CID_a254bf3499aa,,hit,1,,1,1,1,1
1607,CSCCCCCC(N)C(=O)O,True,CSCCCCCC(N)C(=O)O,CSCCCCCC(N)C(=O)O,UKDJCWUSWYBRDM-UHFFFAOYSA-N,22266650,hit,CID22266650,NO_CID_8d30b8a6ca46,,hit,1,,1,1,1,1
1608,CSCCCCC[C@H](N)C(=O)O,True,CSCCCCCC(N)C(=O)O,CSCCCCC[C@H](N)C(=O)O,UKDJCWUSWYBRDM-ZETCQYMHSA-N,101140117,hit,CID101140117,NO_CID_5ea42edb84f6,,hit,1,,1,1,1,1
1609,CCCCCCCCCCCCCCCCCCCCCC(=O)[O-],True,CCCCCCCCCCCCCCCCCCCCCC(=O)[O-],CCCCCCCCCCCCCCCCCCCCCC(=O)[O-],UKMSUNONTOPOIO-UHFFFAOYSA-M,5460660,hit,CID5460660,NO_CID_1862b5012f3c,,hit,1,,1,1,1,1
1610,Cc1[nH]c2c(-c3ccccc3)cccc2c1CC(N)C(=O)O,True,Cc1[nH]c2c(-c3ccccc3)cccc2c1CC(N)C(=O)O,Cc1[nH]c2c(-c3ccccc3)cccc2c1CC(N)C(=O)O,ULNQXUOJGTUBEW-UHFFFAOYSA-N,126584278,hit,CID126584278,NO_CID_c0ba5ea5e9f0,,hit,1,,1,1,1,1
1611,CCCCCCC(O)CCCCCCCCCCC(=O)[O-],True,CCCCCCC(O)CCCCCCCCCCC(=O)[O-],CCCCCCC(O)CCCCCCCCCCC(=O)[O-],ULQISTXYYBZJSJ-UHFFFAOYSA-M,21884720,hit,CID21884720,NO_CID_ca342e044c21,,hit,1,,1,1,1,1
1612,C=CC1=C(C)C(CC2=N/C(=C3\c4[nH]c(Cc5[nH]c(C=O)c(C)c5CC)c(C)c4C(=O)[C@@H]3C(=O)OC)[C@@H](CCC(=O)[O-])[C@@H]2C)NC1=O,True,C=CC1=C(C)C(CC2=NC(=C3c4[nH]c(Cc5[nH]c(C=O)c(C)c5CC)c(C)c4C(=O)C3C(=O)OC)C(CCC(=O)[O-])C2C)NC1=O,C=CC1=C(C)C(CC2=N/C(=C3\c4[nH]c(Cc5[nH]c(C=O)c(C)c5CC)c(C)c4C(=O)[C@@H]3C(=O)OC)[C@@H](CCC(=O)[O-])[C@@H]2C)NC1=O,ULSSSZOYSMVFIJ-NPQUFKRBSA-M,91819909,hit,CID91819909,NO_CID_5d50f902618c,,hit,1,,1,1,1,1
1613,C=CC1=C(C)C(CC2=N/C(=C3\c4[nH]c(Cc5[nH]c(C=O)c(C)c5CC)c(C)c4C(=O)[C@@H]3C(=O)OC)[C@@H](CCC(=O)O)[C@@H]2C)NC1=O,True,C=CC1=C(C)C(CC2=NC(=C3c4[nH]c(Cc5[nH]c(C=O)c(C)c5CC)c(C)c4C(=O)C3C(=O)OC)C(CCC(=O)O)C2C)NC1=O,C=CC1=C(C)C(CC2=N/C(=C3\c4[nH]c(Cc5[nH]c(C=O)c(C)c5CC)c(C)c4C(=O)[C@@H]3C(=O)OC)[C@@H](CCC(=O)O)[C@@H]2C)NC1=O,ULSSSZOYSMVFIJ-NPQUFKRBSA-N,23657843,hit,CID23657843,NO_CID_10ccb8c7c6f2,,hit,1,,1,1,1,1
1614,COc1ccc(-c2cc(=O)c3c(OC)c(OC)c(OC)c(OC)c3o2)cc1,True,COc1ccc(-c2cc(=O)c3c(OC)c(OC)c(OC)c(OC)c3o2)cc1,COc1ccc(-c2cc(=O)c3c(OC)c(OC)c(OC)c(OC)c3o2)cc1,ULSUXBXHSYSGDT-UHFFFAOYSA-N,68077,hit,CID68077,NO_CID_05e39db677f9,,hit,1,,1,1,1,1
1615,COc1cc(=O)oc2cc(O)cc(C)c12,True,COc1cc(=O)oc2cc(O)cc(C)c12,COc1cc(=O)oc2cc(O)cc(C)c12,UMLNUFLSRYJZFA-UHFFFAOYSA-N,5318268,hit,CID5318268,NO_CID_7470465ea9e6,,hit,1,,1,1,1,1
1616,Cc1c(CC(N)C(=O)O)c2cccc(-c3ccncc3)c2n1C,True,Cc1c(CC(N)C(=O)O)c2cccc(-c3ccncc3)c2n1C,Cc1c(CC(N)C(=O)O)c2cccc(-c3ccncc3)c2n1C,UMRJQKFTSAKXOG-UHFFFAOYSA-N,122499633,hit,CID122499633,NO_CID_fa8ccd63f4a0,,hit,1,,1,1,1,1
1617,CC(CC(O)C1OC1(C)C)C1CCC2(C)C3=CCC4C(C)(C)C(O)CCC4(C)C3CCC12C,True,CC(CC(O)C1OC1(C)C)C1CCC2(C)C3=CCC4C(C)(C)C(O)CCC4(C)C3CCC12C,CC(CC(O)C1OC1(C)C)C1CCC2(C)C3=CCC4C(C)(C)C(O)CCC4(C)C3CCC12C,UMTABACRBSGXGK-UHFFFAOYSA-N,3815886,hit,CID3815886,NO_CID_95fd0004035e,,hit,1,,1,1,1,1
1618,CC(C)c1cccc(C(C)C)c1,True,CC(C)c1cccc(C(C)C)c1,CC(C)c1cccc(C(C)C)c1,UNEATYXSUBPPKP-UHFFFAOYSA-N,7450,hit,CID7450,NO_CID_288052159bd6,,hit,1,,1,1,1,1
1619,COc1ccc2c(c1OC)C[N+]1(C)CCc3cc4c(c(O)c3[C@@H]1[C@H]2OC(C)=O)OCO4,True,COc1ccc2c(c1OC)C[N+]1(C)CCc3cc4c(c(O)c3C1C2OC(C)=O)OCO4,COc1ccc2c(c1OC)C[N+]1(C)CCc3cc4c(c(O)c3[C@@H]1[C@H]2OC(C)=O)OCO4,UNFCTLFLKCGAOK-LOMQJKJHSA-O,86278052,hit,CID86278052,NO_CID_d47a9f76c119,,hit,1,,1,1,0,1
1620,CC[C@@H]1C[C@@H]2C[C@@H]3C/C=C/CC(=O)NCCC[C@@H]4NC(=O)/C(=C(O)/C=C/C=C/[C@H](O)[C@H]3[C@@H]2[C@H]1C)C4=O,True,CCC1CC2CC3CC=CCC(=O)NCCCC4NC(=O)C(=C(O)C=CC=CC(O)C3C2C1C)C4=O,CC[C@@H]1C[C@@H]2C[C@@H]3C/C=C/CC(=O)NCCC[C@@H]4NC(=O)/C(=C(O)/C=C/C=C/[C@H](O)[C@H]3[C@@H]2[C@H]1C)C4=O,UNMSMRGQUYVPSQ-MINDFHNRSA-N,169452743,hit,CID169452743,NO_CID_e5da87e988df,,hit,1,,1,1,1,1
1621,CCCCCCCC/C=C\C/C=C\C/C=C\CCCC(=O)O,True,CCCCCCCCC=CCC=CCC=CCCCC(=O)O,CCCCCCCC/C=C\C/C=C\C/C=C\CCCC(=O)O,UNSRRHDPHVZAHH-YOILPLPUSA-N,5312531,hit,CID5312531,NO_CID_5326684a5167,,hit,1,,1,1,1,1
1622,O=C(O)c1ccc2ccccc2c1,True,O=C(O)c1ccc2ccccc2c1,O=C(O)c1ccc2ccccc2c1,UOBYKYZJUGYBDK-UHFFFAOYSA-N,7123,hit,CID7123,NO_CID_da421110642a,,hit,1,,1,1,1,1
1623,Cc1c(CC(N)C=O)c2cc(N3CCOCC3)ccc2n1C,True,Cc1c(CC(N)C=O)c2cc(N3CCOCC3)ccc2n1C,Cc1c(CC(N)C=O)c2cc(N3CCOCC3)ccc2n1C,UOXCFRLWBAAJIA-UHFFFAOYSA-N,,cid0_no_match,NO_CID_ce9d8d2a05ab,NO_CID_ce9d8d2a05ab,,cid0_no_match,0,,1,1,1,1
1624,C[C@H]([C@H](O)CCC(C)(C)O)[C@H]1CC[C@@]2(O)C3=CC(=O)[C@@H]4C[C@@H](O)[C@@H](O)C[C@]4(C)[C@H]3CC[C@]12C,True,CC(C(O)CCC(C)(C)O)C1CCC2(O)C3=CC(=O)C4CC(O)C(O)CC4(C)C3CCC12C,C[C@H]([C@H](O)CCC(C)(C)O)[C@H]1CC[C@@]2(O)C3=CC(=O)[C@@H]4C[C@@H](O)[C@@H](O)C[C@]4(C)[C@H]3CC[C@]12C,UPEZCKBFRMILAV-JMZLNJERSA-N,19212,hit,CID19212,NO_CID_857ad46a6310,,hit,1,,1,1,1,1
1625,C[C@@H](C1CC[C@@]2(O)C3=CC(=O)C4C[C@H](O)[C@@H](O)C[C@]4(C)C3CC[C@]12C)[C@H](O)CCC(C)(C)O,True,CC(C(O)CCC(C)(C)O)C1CCC2(O)C3=CC(=O)C4CC(O)C(O)CC4(C)C3CCC12C,C[C@@H](C1CC[C@@]2(O)C3=CC(=O)C4C[C@H](O)[C@@H](O)C[C@]4(C)C3CC[C@]12C)[C@H](O)CCC(C)(C)O,UPEZCKBFRMILAV-NJQILLSZSA-N,,cid0_no_match,NO_CID_79a35580b238,NO_CID_79a35580b238,,cid0_no_match,0,,1,1,1,1
1626,C[C@@H](C1CC[C@@]2(O)C3=CC(=O)C4C[C@@H](O)[C@@H](O)C[C@]4(C)C3CC[C@]12C)[C@H](O)CCC(C)(C)O,True,CC(C(O)CCC(C)(C)O)C1CCC2(O)C3=CC(=O)C4CC(O)C(O)CC4(C)C3CCC12C,C[C@@H](C1CC[C@@]2(O)C3=CC(=O)C4C[C@@H](O)[C@@H](O)C[C@]4(C)C3CC[C@]12C)[C@H](O)CCC(C)(C)O,UPEZCKBFRMILAV-VANHVKLKSA-N,,cid0_no_match,NO_CID_a6101916f8bd,NO_CID_a6101916f8bd,,cid0_no_match,0,,1,1,1,1
1627,O=C1CCCCCCCCCC1,True,O=C1CCCCCCCCCC1,O=C1CCCCCCCCCC1,UPOSSYJVWXLPTA-UHFFFAOYSA-N,13420,hit,CID13420,NO_CID_e9400a2bde1b,,hit,1,,1,1,0,1
1628,NC(Cc1ccc(O)c(I)c1)C(=O)O,True,NC(Cc1ccc(O)c(I)c1)C(=O)O,NC(Cc1ccc(O)c(I)c1)C(=O)O,UQTZMGFTRHFAAM-UHFFFAOYSA-N,6272,hit,CID6272,NO_CID_d0a9ec3d29e7,,hit,1,,1,1,1,1
1629,Nc1ccc2c(CC(N)C(=O)O)c[nH]c2c1,True,Nc1ccc2c(CC(N)C(=O)O)c[nH]c2c1,Nc1ccc2c(CC(N)C(=O)O)c[nH]c2c1,URBHVZVPIHGYBQ-UHFFFAOYSA-N,249090,hit,CID249090,NO_CID_36005ed07331,,hit,1,,1,1,1,1
1630,C[C@@H]1C[C@H]2[C@@H]3CCC4=CC(=O)C=C[C@]4(C)[C@@]3(F)[C@@H](O)C[C@]2(C)[C@@]1(O)C(=O)CO,True,CC1CC2C3CCC4=CC(=O)C=CC4(C)C3(F)C(O)CC2(C)C1(O)C(=O)CO,C[C@@H]1C[C@H]2[C@@H]3CCC4=CC(=O)C=C[C@]4(C)[C@@]3(F)[C@@H](O)C[C@]2(C)[C@@]1(O)C(=O)CO,UREBDLICKHMUKA-CXSFZGCWSA-N,5743,hit,CID5743,NO_CID_d98fc09cf98f,,hit,1,,1,1,1,1
1631,O=C1C[C@@H](c2ccccc2)Oc2cc(O)cc(O)c21,True,O=C1CC(c2ccccc2)Oc2cc(O)cc(O)c21,O=C1C[C@@H](c2ccccc2)Oc2cc(O)cc(O)c21,URFCJEUYXNAHFI-ZDUSSCGKSA-N,68071,hit,CID68071,NO_CID_8ed00e2f6a11,,hit,1,,1,1,1,1
1632,Cc1[nH]c2c(F)cccc2c1CC(N)C(=O)O,True,Cc1[nH]c2c(F)cccc2c1CC(N)C(=O)O,Cc1[nH]c2c(F)cccc2c1CC(N)C(=O)O,URHTVFRIPLNLMH-UHFFFAOYSA-N,82389274,hit,CID82389274,NO_CID_6f8269014566,,hit,1,,1,1,1,1
1633,CC(C)C(C)C(O)C(O)C(C)C1CCC2C3CCC4CC(=O)CCC4(C)C3CCC12C,True,CC(C)C(C)C(O)C(O)C(C)C1CCC2C3CCC4CC(=O)CCC4(C)C3CCC12C,CC(C)C(C)C(O)C(O)C(C)C1CCC2C3CCC4CC(=O)CCC4(C)C3CCC12C,URNVSZVQLKHKDE-UHFFFAOYSA-N,73229503,hit,CID73229503,NO_CID_86b67c0d1354,,hit,1,,1,1,1,1
1634,CC(C)[C@H](C)[C@@H](O)[C@H](O)[C@@H](C)[C@H]1CC[C@H]2[C@@H]3CC[C@H]4CC(=O)CC[C@]4(C)[C@H]3CC[C@]12C,True,CC(C)C(C)C(O)C(O)C(C)C1CCC2C3CCC4CC(=O)CCC4(C)C3CCC12C,CC(C)[C@H](C)[C@@H](O)[C@H](O)[C@@H](C)[C@H]1CC[C@H]2[C@@H]3CC[C@H]4CC(=O)CC[C@]4(C)[C@H]3CC[C@]12C,URNVSZVQLKHKDE-WAFXAADMSA-N,16061345,hit,CID16061345,NO_CID_a2bbea783871,,hit,1,,1,1,1,1
1635,C[C@H](CCC[C@@H](C)C=O)[C@H]1CC[C@H]2[C@@H]3[C@H](O)C[C@@H]4C[C@H](O)CC[C@]4(C)[C@H]3C[C@H](O)[C@]12C,True,CC(C=O)CCCC(C)C1CCC2C3C(O)CC4CC(O)CCC4(C)C3CC(O)C12C,C[C@H](CCC[C@@H](C)C=O)[C@H]1CC[C@H]2[C@@H]3[C@H](O)C[C@@H]4C[C@H](O)CC[C@]4(C)[C@H]3C[C@H](O)[C@]12C,USFJGINJGUIFSY-IUFSEJPUSA-N,24771792,hit,CID24771792,NO_CID_ce1b3c1f4036,,hit,1,,1,1,1,1
1636,CC(C)=CCNc1ncnc2c1ncn2[C@@H]1O[C@H](CO)[C@@H](O)[C@H]1O,True,CC(C)=CCNc1ncnc2c1ncn2C1OC(CO)C(O)C1O,CC(C)=CCNc1ncnc2c1ncn2[C@@H]1O[C@H](CO)[C@@H](O)[C@H]1O,USVMJSALORZVDV-SDBHATRESA-N,24405,hit,CID24405,NO_CID_5b7b0137932e,,hit,1,,1,1,1,1
1637,Cn1cc(CC(N)C(=O)O)c2cccc(-c3ccccc3)c21,True,Cn1cc(CC(N)C(=O)O)c2cccc(-c3ccccc3)c21,Cn1cc(CC(N)C(=O)O)c2cccc(-c3ccccc3)c21,UTRKSMZRATXDNL-UHFFFAOYSA-N,122499508,hit,CID122499508,NO_CID_a38963771f7c,,hit,1,,1,1,1,1
1638,COc1c(O)ccc2c1C[N@+]1(C)CCc3cc4c(cc3[C@@H]1C2)OCO4,True,COc1c(O)ccc2c1C[N+]1(C)CCc3cc4c(cc3C1C2)OCO4,COc1c(O)ccc2c1C[N@+]1(C)CCc3cc4c(cc3[C@@H]1C2)OCO4,UTUGYZCGZXJEHE-KKSFZXQISA-O,168007643,hit,CID168007643,NO_CID_ec4e681358a3,,hit,1,,1,1,1,1
1639,CC1(C)C[C@H]2C=C(C(=O)O)[C@@H]3COC(=O)[C@]4(CO4)[C@]23C1,True,CC1(C)CC2C=C(C(=O)O)C3COC(=O)C4(CO4)C23C1,CC1(C)C[C@H]2C=C(C(=O)O)[C@@H]3COC(=O)[C@]4(CO4)[C@]23C1,UUDKOVSZNMZKND-BDAURDKOSA-N,11065764,hit,CID11065764,NO_CID_20635932a7d3,,hit,1,,1,1,1,1
1640,CC1(C)CC2C=C(C(=O)O)C3COC(=O)C4(CO4)C23C1,True,CC1(C)CC2C=C(C(=O)O)C3COC(=O)C4(CO4)C23C1,CC1(C)CC2C=C(C(=O)O)C3COC(=O)C4(CO4)C23C1,UUDKOVSZNMZKND-UHFFFAOYSA-N,73097470,hit,CID73097470,NO_CID_3165da2443bd,,hit,1,,1,1,1,1
1641,CC12CCC(CC1)C(C)(C)C2,True,CC12CCC(CC1)C(C)(C)C2,CC12CCC(CC1)C(C)(C)C2,UUELCYRRWZRKFX-UHFFFAOYSA-N,15775266,hit,CID15775266,NO_CID_3840cfa6982f,,hit,1,,1,1,1,1
1642,CC(=O)[C@@]1(O)CC[C@H]2[C@@H]3CC[C@H]4CC(=O)CC[C@]4(C)[C@H]3CC[C@@]21C,True,CC(=O)C1(O)CCC2C3CCC4CC(=O)CCC4(C)C3CCC21C,CC(=O)[C@@]1(O)CC[C@H]2[C@@H]3CC[C@H]4CC(=O)CC[C@]4(C)[C@H]3CC[C@@]21C,UUOHXXXJRQGPLC-JJFNZWTKSA-N,11889565,hit,CID11889565,NO_CID_dca59c5c49e4,,hit,1,,1,1,1,1
1643,CCCC[C@@H](C)[C@@H](OC(=O)C[C@H](CC(=O)O)C(=O)O)[C@H](C[C@@H](C)C[C@H](O)CCCC[C@@H](O)C[C@H](O)[C@H](C)N)OC(=O)C[C@H](CC(=O)O)C(=O)O,True,CCCCC(C)C(OC(=O)CC(CC(=O)O)C(=O)O)C(CC(C)CC(O)CCCCC(O)CC(O)C(C)N)OC(=O)CC(CC(=O)O)C(=O)O,CCCC[C@@H](C)[C@@H](OC(=O)C[C@H](CC(=O)O)C(=O)O)[C@H](C[C@@H](C)C[C@H](O)CCCC[C@@H](O)C[C@H](O)[C@H](C)N)OC(=O)C[C@H](CC(=O)O)C(=O)O,UVBUBMSSQKOIBE-NDFMDLIYSA-N,14077784,hit,CID14077784,NO_CID_d9ceb50d215b,,hit,1,,1,1,1,1
1644,CC(=O)O[C@]1(C(C)=O)CC[C@H]2[C@@H]3C=C(Cl)C4=CC(=O)[C@@H]5C[C@@H]5[C@]4(C)[C@H]3CC[C@@]21C,True,CC(=O)OC1(C(C)=O)CCC2C3C=C(Cl)C4=CC(=O)C5CC5C4(C)C3CCC21C,CC(=O)O[C@]1(C(C)=O)CC[C@H]2[C@@H]3C=C(Cl)C4=CC(=O)[C@@H]5C[C@@H]5[C@]4(C)[C@H]3CC[C@@]21C,UWFYSQMTEOIJJG-FDTZYFLXSA-N,9880,hit,CID9880,NO_CID_37161215e6ec,,hit,1,,1,1,1,1
1645,O=CCCCCCCCCCCCCCCCCCCCCCCCCC(=O)[O-],True,O=CCCCCCCCCCCCCCCCCCCCCCCCCC(=O)[O-],O=CCCCCCCCCCCCCCCCCCCCCCCCCC(=O)[O-],UWQBXHRRMZPENW-UHFFFAOYSA-M,72193721,hit,CID72193721,NO_CID_b7b9071587b5,,hit,1,,1,1,1,1
1646,CC1CCCCC(=O)OCCC=CC1OC(=O)c1ccc(-n2cc(CN(C)C)nn2)cc1,True,CC1CCCCC(=O)OCCC=CC1OC(=O)c1ccc(-n2cc(CN(C)C)nn2)cc1,CC1CCCCC(=O)OCCC=CC1OC(=O)c1ccc(-n2cc(CN(C)C)nn2)cc1,UWYUUYSGPRIPJM-UHFFFAOYSA-N,,cid0_no_match,NO_CID_a2b36311586d,NO_CID_a2b36311586d,,cid0_no_match,0,,1,1,1,1
1647,COC(=O)c1ccc(C2CCCCC2)c(S(=O)(=O)N=[N+]=[N-])c1,True,COC(=O)c1ccc(C2CCCCC2)c(S(=O)(=O)N=[N+]=[N-])c1,COC(=O)c1ccc(C2CCCCC2)c(S(=O)(=O)N=[N+]=[N-])c1,UXIZULZBTPHYAG-UHFFFAOYSA-N,,cid0_no_match,NO_CID_f25c03965797,NO_CID_f25c03965797,,cid0_no_match,0,,1,1,1,1
1648,CCOc1ccccc1/C=C/C(=O)O,True,CCOc1ccccc1C=CC(=O)O,CCOc1ccccc1/C=C/C(=O)O,UXTDCJJEJZCEBF-BQYQJAHWSA-N,736242,hit,CID736242,NO_CID_8b5c9247ac81,,hit,1,,1,1,1,1
1649,CCCCC[C@H](O)[C@H](O)/C=C/C=C/C=C\C=C\[C@@H](O)CCCC(=O)O,True,CCCCCC(O)C(O)C=CC=CC=CC=CC(O)CCCC(=O)O,CCCCC[C@H](O)[C@H](O)/C=C/C=C/C=C\C=C\[C@@H](O)CCCC(=O)O,UXVRTOKOJOMENI-WLPVFMORSA-N,5280915,hit,CID5280915,NO_CID_f3d9c7dcd801,,hit,1,,1,1,1,1
1650,C[C@@H]1C/C=C2\SC[C@@H](NC(=O)c3coc(n3)C[C@H](O)C[C@H](O)/C=C/C=C/CNC2=O)C(=O)O1,True,CC1CC=C2SCC(NC(=O)c3coc(n3)CC(O)CC(O)C=CC=CCNC2=O)C(=O)O1,C[C@@H]1C/C=C2\SC[C@@H](NC(=O)c3coc(n3)C[C@H](O)C[C@H](O)/C=C/C=C/CNC2=O)C(=O)O1,UXWOXTQWVMFRSE-JCSRQJCQSA-N,11225326,hit,CID11225326,NO_CID_abb8c34c82e1,,hit,1,,1,1,1,1
1651,c1cc2c(c3c1C[C@H]1c4cc5c(cc4CCN1C3)OCO5)OCO2,True,c1cc2c(c3c1CC1c4cc5c(cc4CCN1C3)OCO5)OCO2,c1cc2c(c3c1C[C@H]1c4cc5c(cc4CCN1C3)OCO5)OCO2,UXYJCYXWJGAKQY-HNNXBMFYSA-N,440583,hit,CID440583,NO_CID_f2de0d00922e,,hit,1,,1,1,1,1
1652,CC/C=C\C[C@@H](/C=C/C=C\CCCCCCCC(=O)[O-])OO,True,CCC=CCC(C=CC=CCCCCCCCC(=O)[O-])OO,CC/C=C\C[C@@H](/C=C/C=C\CCCCCCCC(=O)[O-])OO,UYQGVDXDXBAABN-FQSPHKRJSA-M,45266757,hit,CID45266757,NO_CID_e6683e1c5842,,hit,1,,1,1,1,1
1653,CC/C=C\C[C@@H](/C=C/C=C\CCCCCCCC(=O)O)OO,True,CCC=CCC(C=CC=CCCCCCCCC(=O)O)OO,CC/C=C\C[C@@H](/C=C/C=C\CCCCCCCC(=O)O)OO,UYQGVDXDXBAABN-FQSPHKRJSA-N,5497123,hit,CID5497123,NO_CID_9d51c2742722,,hit,1,,1,1,1,1
1654,CC/C=C\C[C@@H](/C=C\C=C/CCCCCCCC(=O)O)OO,True,CCC=CCC(C=CC=CCCCCCCCC(=O)O)OO,CC/C=C\C[C@@H](/C=C\C=C/CCCCCCCC(=O)O)OO,UYQGVDXDXBAABN-HZBUXKJMSA-N,,cid0_no_match,NO_CID_d07f0cffbeff,NO_CID_d07f0cffbeff,,cid0_no_match,0,,1,1,1,1
1655,CCC=CCC(C=CC=CCCCCCCCC(=O)[O-])OO,True,CCC=CCC(C=CC=CCCCCCCCC(=O)[O-])OO,CCC=CCC(C=CC=CCCCCCCCC(=O)[O-])OO,UYQGVDXDXBAABN-UHFFFAOYSA-M,25201540,hit,CID25201540,NO_CID_672c69f1e376,,hit,1,,1,1,1,1
1656,CC/C=C/CC(/C=C/C=C/CCCCCCCC(=O)O)OO,True,CCC=CCC(C=CC=CCCCCCCCC(=O)O)OO,CC/C=C/CC(/C=C/C=C/CCCCCCCC(=O)O)OO,UYQGVDXDXBAABN-YPPMWDAJSA-N,6440263,hit,CID6440263,NO_CID_005e58064969,,hit,1,,1,1,1,1
1657,O=C(O)CCCCc1ccc(Cl)cc1,True,O=C(O)CCCCc1ccc(Cl)cc1,O=C(O)CCCCc1ccc(Cl)cc1,UYYNOIVMWZJAJV-UHFFFAOYSA-N,12070839,hit,CID12070839,NO_CID_122d19e67631,,hit,1,,1,1,1,1
1658,CC(=O)/C=C/C1C(C)=CCCC1(C)C,True,CC(=O)C=CC1C(C)=CCCC1(C)C,CC(=O)/C=C/C1C(C)=CCCC1(C)C,UZFLPKAIBPNNCA-BQYQJAHWSA-N,5282108,hit,CID5282108,NO_CID_4fb53c5a6b7f,,hit,1,,1,1,1,1
1659,CC(=O)C=CC1C(C)=CCCC1(C)C,True,CC(=O)C=CC1C(C)=CCCC1(C)C,CC(=O)C=CC1C(C)=CCCC1(C)C,UZFLPKAIBPNNCA-UHFFFAOYSA-N,24680,hit,CID24680,NO_CID_639e80c97ad0,,hit,1,,1,1,1,1
1660,CC1=C(C)C(=O)CC1,True,CC1=C(C)C(=O)CC1,CC1=C(C)C(=O)CC1,UZLQSPYGTUMKGS-UHFFFAOYSA-N,14270,hit,CID14270,NO_CID_d8a88c945108,,hit,1,,1,1,1,1
1661,CCCCCCCCC(O)C(O)CCCCCCCC(=O)O,True,CCCCCCCCC(O)C(O)CCCCCCCC(=O)O,CCCCCCCCC(O)C(O)CCCCCCCC(=O)O,VACHUYIREGFMSP-UHFFFAOYSA-N,89377,hit,CID89377,NO_CID_3076b0cbf4b6,,hit,1,,1,1,1,1
1662,COc1cc([C@H]2OC[C@H]3[C@@H]2CO[C@@H]3c2ccc3c(c2)OCO3)ccc1O,True,COc1cc(C2OCC3C(c4ccc5c(c4)OCO5)OCC23)ccc1O,COc1cc([C@H]2OC[C@H]3[C@@H]2CO[C@@H]3c2ccc3c(c2)OCO3)ccc1O,VBIRCRCPHNUJAS-AFHBHXEDSA-N,10247670,hit,CID10247670,NO_CID_f95578dfc7c1,,hit,1,,1,1,1,1
1663,COc1cc(C2OCC3C(c4ccc5c(c4)OCO5)OCC23)ccc1O,True,COc1cc(C2OCC3C(c4ccc5c(c4)OCO5)OCC23)ccc1O,COc1cc(C2OCC3C(c4ccc5c(c4)OCO5)OCC23)ccc1O,VBIRCRCPHNUJAS-UHFFFAOYSA-N,130679,hit,CID130679,NO_CID_22d70dfdc9d4,,hit,1,,1,1,1,1
1664,CCOc1ccc(C(C)=O)c(O)c1,True,CCOc1ccc(C(C)=O)c(O)c1,CCOc1ccc(C(C)=O)c(O)c1,VBLALYJSGGGWHU-UHFFFAOYSA-N,2775163,hit,CID2775163,NO_CID_301ebda4e4ee,,hit,1,,1,1,1,1
1665,CC(=O)OC1CCCCCCC1,True,CC(=O)OC1CCCCCCC1,CC(=O)OC1CCCCCCC1,VBSHAXJPLHCYTH-UHFFFAOYSA-N,69877,hit,CID69877,NO_CID_082c3cfb18fb,,hit,1,,1,1,1,1
1666,O=c1c(O)c(-c2ccccc2)oc2cc(O)cc(O)c12,True,O=c1c(O)c(-c2ccccc2)oc2cc(O)cc(O)c12,O=c1c(O)c(-c2ccccc2)oc2cc(O)cc(O)c12,VCCRNZQBSJXYJD-UHFFFAOYSA-N,5281616,hit,CID5281616,NO_CID_1fc041b21b5d,,hit,1,,1,1,1,1
1667,O=C(c1ccccc1)N1CCCCCCC1,True,O=C(c1ccccc1)N1CCCCCCC1,O=C(c1ccccc1)N1CCCCCCC1,VCEKELYMIZRCFL-UHFFFAOYSA-N,3275374,hit,CID3275374,NO_CID_a90a4a093cd5,,hit,1,,1,1,1,1
1668,C=C[C@]1(C)CCC2C(=CCC3C(C)(C)CCC[C@]23C)C1,True,C=CC1(C)CCC2C(=CCC3C(C)(C)CCCC23C)C1,C=C[C@]1(C)CCC2C(=CCC3C(C)(C)CCC[C@]23C)C1,VCOVNILQQQZROK-OTGCGEFBSA-N,6432169,hit,CID6432169,NO_CID_ac06b615875f,,hit,1,,1,1,1,1
1669,C=C[C@]1(C)CC[C@@H]2C(=CC[C@H]3C(C)(C)CCC[C@]23C)C1,True,C=CC1(C)CCC2C(=CCC3C(C)(C)CCCC23C)C1,C=C[C@]1(C)CC[C@@H]2C(=CC[C@H]3C(C)(C)CCC[C@]23C)C1,VCOVNILQQQZROK-PIKOESSRSA-N,10355909,hit,CID10355909,NO_CID_bd2d3ce4c8c0,,hit,1,,1,1,1,1
1670,C=C[C@@]1(C)CC[C@H]2C(=CC[C@H]3C(C)(C)CCC[C@]23C)C1,True,C=CC1(C)CCC2C(=CCC3C(C)(C)CCCC23C)C1,C=C[C@@]1(C)CC[C@H]2C(=CC[C@H]3C(C)(C)CCC[C@]23C)C1,VCOVNILQQQZROK-QGZVKYPTSA-N,13969536,hit,CID13969536,NO_CID_7f4f25d03d9f,,hit,1,,1,1,1,1
1671,C[C@@H]1NC(=O)[C@H](Cc2c[nH]c3ccccc23)NC1=O,True,CC1NC(=O)C(Cc2c[nH]c3ccccc23)NC1=O,C[C@@H]1NC(=O)[C@H](Cc2c[nH]c3ccccc23)NC1=O,VDMMFAOUINDEGC-UFBFGSQYSA-N,15563754,hit,CID15563754,NO_CID_ede942a9951a,,hit,1,,1,1,1,1
1672,Cc1c(CC(N)C(=O)O)c2c(N3CCOCC3)cccc2n1C,True,Cc1c(CC(N)C(=O)O)c2c(N3CCOCC3)cccc2n1C,Cc1c(CC(N)C(=O)O)c2c(N3CCOCC3)cccc2n1C,VDPNQQJVFQKYQF-UHFFFAOYSA-N,122499668,hit,CID122499668,NO_CID_fd3a34e35da2,,hit,1,,1,1,1,1
1673,CCCCCCCC=CCCCCC=CC(O)CC(O)C([NH3+])C(=O)[O-],True,CCCCCCCC=CCCCCC=CC(O)CC(O)C([NH3+])C(=O)[O-],CCCCCCCC=CCCCCC=CC(O)CC(O)C([NH3+])C(=O)[O-],VDTWYJUHNMNWJB-UHFFFAOYSA-N,,cid0_no_match,NO_CID_17c6696f00e1,NO_CID_17c6696f00e1,,cid0_no_match,0,,1,1,1,1
1674,O=C(O)c1ccc2c(c1)OCO2,True,O=C(O)c1ccc2c(c1)OCO2,O=C(O)c1ccc2c(c1)OCO2,VDVJGIYXDVPQLP-UHFFFAOYSA-N,7196,hit,CID7196,NO_CID_db191d81c252,,hit,1,,1,1,1,1
1675,CCC1=CC(=O)CC(C)(C)[C@@]1(O)/C=C/C(C)=C\C(=O)O,True,CCC1=CC(=O)CC(C)(C)C1(O)C=CC(C)=CC(=O)O,CCC1=CC(=O)CC(C)(C)[C@@]1(O)/C=C/C(C)=C\C(=O)O,VETISYBLGRLTKW-PBVOKPDPSA-N,44440699,hit,CID44440699,NO_CID_d822be4b078e,,hit,1,,1,1,1,1
1676,COc1cc2c(cc1O)CN1CCC23C=CC(=O)CC13,True,COc1cc2c(cc1O)CN1CCC23C=CC(=O)CC13,COc1cc2c(cc1O)CN1CCC23C=CC(=O)CC13,VEXDOCFQMVMPHJ-UHFFFAOYSA-N,77916059,hit,CID77916059,NO_CID_da290f9a2696,,hit,1,,1,1,1,1
1677,NC(N)=[NH+]CCCC1NC(=O)C(Cc2ccc(O)cc2)NC1=O,True,NC(N)=[NH+]CCCC1NC(=O)C(Cc2ccc(O)cc2)NC1=O,NC(N)=[NH+]CCCC1NC(=O)C(Cc2ccc(O)cc2)NC1=O,VFPZSTOWKCRDSF-UHFFFAOYSA-O,,cid0_no_match,NO_CID_6340d4feb899,NO_CID_6340d4feb899,,cid0_no_match,0,,1,1,1,1
1678,CC=C1CN2CCC34C(=C(C=O)C1CC23)Nc1ccccc14,True,CC=C1CN2CCC34C(=C(C=O)C1CC23)Nc1ccccc14,CC=C1CN2CCC34C(=C(C=O)C1CC23)Nc1ccccc14,VFUITWPFKLGEQA-UHFFFAOYSA-N,3110228,hit,CID3110228,NO_CID_ed4ce0ceb6a0,,hit,1,,1,1,1,1
1679,COc1cccc(CCCCC(=O)O)c1,True,COc1cccc(CCCCC(=O)O)c1,COc1cccc(CCCCC(=O)O)c1,VGEQZPKAGFDVHW-UHFFFAOYSA-N,10584485,hit,CID10584485,NO_CID_8d2077b1aa5f,,hit,1,,1,1,1,1
1680,O=C(CCc1ccc(O)cc1)c1c(O)cc(O)cc1O,True,O=C(CCc1ccc(O)cc1)c1c(O)cc(O)cc1O,O=C(CCc1ccc(O)cc1)c1c(O)cc(O)cc1O,VGEREEWJJVICBM-UHFFFAOYSA-N,4788,hit,CID4788,NO_CID_4b3b7293be66,,hit,1,,1,1,1,1
1681,C/C(=C/C=C/C=C/C(C)C(=O)O)NC(=O)CC(O)/C(C)=C\C=C/C=C(C)/C=C/C=C\CCCNC(=O)C(O)CC(C)C,True,CC(C=CC=CCCCNC(=O)C(O)CC(C)C)=CC=CC=C(C)C(O)CC(=O)NC(C)=CC=CC=CC(C)C(=O)O,C/C(=C/C=C/C=C/C(C)C(=O)O)NC(=O)CC(O)/C(C)=C\C=C/C=C(C)/C=C/C=C\CCCNC(=O)C(O)CC(C)C,VGZNPOHVJNZAOU-OISZERLPSA-N,44227768,hit,CID44227768,NO_CID_0f219c3e9c32,,hit,1,,1,1,1,1
1682,O/N=C\C(O)c1ccc(O)cc1,True,ON=CC(O)c1ccc(O)cc1,O/N=C\C(O)c1ccc(O)cc1,VGZXRQRNMAYDHJ-UITAMQMPSA-N,101715932,hit,CID101715932,NO_CID_3234c4b39887,,hit,1,,1,1,1,1
1683,O=c1cc(-c2ccccc2)oc2ccccc12,True,O=c1cc(-c2ccccc2)oc2ccccc12,O=c1cc(-c2ccccc2)oc2ccccc12,VHBFFQKBGNRLFZ-UHFFFAOYSA-N,10680,hit,CID10680,NO_CID_bf0b7f58151c,,hit,1,,1,1,1,1
1684,CC1CCCCN1C(=O)c1ccccc1,True,CC1CCCCN1C(=O)c1ccccc1,CC1CCCCN1C(=O)c1ccccc1,VHDKHXDKOZGPPK-UHFFFAOYSA-N,275047,hit,CID275047,NO_CID_e6c80ee9745c,,hit,1,,1,1,1,1
1685,CSc1ccc(C)cc1,True,CSc1ccc(C)cc1,CSc1ccc(C)cc1,VHILIAIEEYLJNA-UHFFFAOYSA-N,69334,hit,CID69334,NO_CID_4b30ad3c8caf,,hit,1,,1,1,1,1
1686,Cc1cc(O)c(C)c(O)c1C(=O)O,True,Cc1cc(O)c(C)c(O)c1C(=O)O,Cc1cc(O)c(C)c(O)c1C(=O)O,VHNLJRRECIZZPX-UHFFFAOYSA-N,736228,hit,CID736228,NO_CID_24acc259bf66,,hit,1,,1,1,1,1
1687,CCCCCCCCCCCCCCCCCCCCCCCCCCCCCC(=O)[O-],True,CCCCCCCCCCCCCCCCCCCCCCCCCCCCCC(=O)[O-],CCCCCCCCCCCCCCCCCCCCCCCCCCCCCC(=O)[O-],VHOCUJPBKOZGJD-UHFFFAOYSA-M,5461027,hit,CID5461027,NO_CID_6324a8c6b657,,hit,1,,1,1,1,1
1688,C[C@@]1(CO)CCC[C@@]2(C)[C@H]1CC[C@H]1C[C@@H]3C[C@@]12CC[C@]3(O)CO,True,CC1(CO)CCCC2(C)C1CCC1CC3CC12CCC3(O)CO,C[C@@]1(CO)CCC[C@@]2(C)[C@H]1CC[C@H]1C[C@@H]3C[C@@]12CC[C@]3(O)CO,VHWTVINEPPOCLA-DTMQFJJTSA-N,13671847,hit,CID13671847,NO_CID_04215d4f219e,,hit,1,,1,1,1,1
1689,NC(Cc1ccc(O)c(F)c1)C(=O)O,True,NC(Cc1ccc(O)c(F)c1)C(=O)O,NC(Cc1ccc(O)c(F)c1)C(=O)O,VIIAUOZUUGXERI-UHFFFAOYSA-N,92100,hit,CID92100,NO_CID_fa166e493185,,hit,1,,1,1,1,1
1690,CC(C)C(C)C(O)C(O)C(C)C1CCC2C3CC(O)C4CC(=O)CCC4(C)C3CCC12C,True,CC(C)C(C)C(O)C(O)C(C)C1CCC2C3CC(O)C4CC(=O)CCC4(C)C3CCC12C,CC(C)C(C)C(O)C(O)C(C)C1CCC2C3CC(O)C4CC(=O)CCC4(C)C3CCC12C,VIPVRXUSPSUXNI-UHFFFAOYSA-N,,cid0_no_match,NO_CID_ec6f1d8bf069,NO_CID_ec6f1d8bf069,,cid0_no_match,0,,1,1,1,1
1691,CC(C)[C@H](C)[C@@H](O)[C@H](O)[C@@H](C)[C@H]1CC[C@H]2[C@@H]3C[C@H](O)[C@H]4CC(=O)CC[C@]4(C)[C@H]3CC[C@]12C,True,CC(C)C(C)C(O)C(O)C(C)C1CCC2C3CC(O)C4CC(=O)CCC4(C)C3CCC12C,CC(C)[C@H](C)[C@@H](O)[C@H](O)[C@@H](C)[C@H]1CC[C@H]2[C@@H]3C[C@H](O)[C@H]4CC(=O)CC[C@]4(C)[C@H]3CC[C@]12C,VIPVRXUSPSUXNI-XDMMOTQBSA-N,102515138,hit,CID102515138,NO_CID_22b6d6481ff8,,hit,1,,1,1,1,1
1692,COc1cc([C@@H]2c3cc4c(cc3[C@@H](O[C@@H]3O[C@@H]5CO[C@@H](C)O[C@H]5[C@H](O)[C@H]3O)[C@H]3COC(=O)[C@H]23)OCO4)cc(OC)c1O,True,COc1cc(C2c3cc4c(cc3C(OC3OC5COC(C)OC5C(O)C3O)C3COC(=O)C23)OCO4)cc(OC)c1O,COc1cc([C@@H]2c3cc4c(cc3[C@@H](O[C@@H]3O[C@@H]5CO[C@@H](C)O[C@H]5[C@H](O)[C@H]3O)[C@H]3COC(=O)[C@H]23)OCO4)cc(OC)c1O,VJJPUSNTGOMMGY-MRVIYFEKSA-N,36462,hit,CID36462,NO_CID_650fb57b50f0,,hit,1,,1,1,1,1
1693,C=C/C(C)=C/C[C@H]1C(=C)CC[C@H]2C(C)(C)CCC[C@]12C,True,C=CC(C)=CCC1C(=C)CCC2C(C)(C)CCCC12C,C=C/C(C)=C/C[C@H]1C(=C)CC[C@H]2C(C)(C)CCC[C@]12C,VJVMMXUPZGOBSN-DIUMXTPXSA-N,23252995,hit,CID23252995,NO_CID_e129f77cc095,,hit,1,,1,1,1,1
1694,CCCCCCCC(C)=O,True,CCCCCCCC(C)=O,CCCCCCCC(C)=O,VKCYHJWLYTUGCC-UHFFFAOYSA-N,13187,hit,CID13187,NO_CID_166cf1e433bb,,hit,1,,1,1,1,1
1695,COc1oc(CCC(C)=CC(C)=Cc2ccc(F)cc2)c(C)c(=O)c1C,True,COc1oc(CCC(C)=CC(C)=Cc2ccc(F)cc2)c(C)c(=O)c1C,COc1oc(CCC(C)=CC(C)=Cc2ccc(F)cc2)c(C)c(=O)c1C,VKGHBDXOLJCUNP-UHFFFAOYSA-N,74974971,hit,CID74974971,NO_CID_1bd9f84138a8,,hit,1,,1,1,1,1
1696,CCCCCCCCCCCCCCCCCCCC(=O)O,True,CCCCCCCCCCCCCCCCCCCC(=O)O,CCCCCCCCCCCCCCCCCCCC(=O)O,VKOBVWXKNCXXDE-UHFFFAOYSA-N,10467,hit,CID10467,NO_CID_f0f8865fa261,,hit,1,,1,1,1,1
1697,Cc1ccc2c(c1)c(CC(N)C=O)c(C)n2C,True,Cc1ccc2c(c1)c(CC(N)C=O)c(C)n2C,Cc1ccc2c(c1)c(CC(N)C=O)c(C)n2C,VKOPSQSUWWMZAU-UHFFFAOYSA-N,,cid0_no_match,NO_CID_4552ca5fb7f4,NO_CID_4552ca5fb7f4,,cid0_no_match,0,,1,1,1,1
1698,COc1ccc2oc(=O)ccc2c1,True,COc1ccc2oc(=O)ccc2c1,COc1ccc2oc(=O)ccc2c1,VKVCJIMMVPXDQD-UHFFFAOYSA-N,11240776,hit,CID11240776,NO_CID_ae1ad7a3e6e7,,hit,1,,1,1,0,1
1699,Cc1cccc2c(C(=O)[O-])cccc12,True,Cc1cccc2c(C(=O)[O-])cccc12,Cc1cccc2c(C(=O)[O-])cccc12,VLEZTIKHFUAVRK-UHFFFAOYSA-M,86289484,rescued_retry,CID86289484,NO_CID_e87d1079abe2,,rescued_retry,1,RemoteDisconnected: Remote end closed connection without response,1,1,1,1
1700,Cc1cccc2c(C(=O)O)cccc12,True,Cc1cccc2c(C(=O)O)cccc12,Cc1cccc2c(C(=O)O)cccc12,VLEZTIKHFUAVRK-UHFFFAOYSA-N,13454957,hit,CID13454957,NO_CID_6c4ef0e8da92,,hit,1,,1,1,1,1
1701,C[C@H]1[C@H](C)CC[C@]2(C=O)CC[C@]3(C)C(=CC[C@@H]4[C@@]5(C)CC[C@H](O)C(C)(C)[C@@H]5CC[C@]43C)[C@H]12,True,CC1CCC2(C=O)CCC3(C)C(=CCC4C5(C)CCC(O)C(C)(C)C5CCC43C)C2C1C,C[C@H]1[C@H](C)CC[C@]2(C=O)CC[C@]3(C)C(=CC[C@@H]4[C@@]5(C)CC[C@H](O)C(C)(C)[C@@H]5CC[C@]43C)[C@H]12,VLFUANNVMXKBPF-ZAPOICBTSA-N,14423521,hit,CID14423521,NO_CID_88e9955a4cc2,,hit,1,,1,1,1,1
1702,CCCCCC,True,CCCCCC,CCCCCC,VLKZOEOYAKHREP-UHFFFAOYSA-N,8058,hit,CID8058,NO_CID_ea844d76d333,,hit,1,,1,1,1,1
1703,C[C@@H]1C[C@@H]2c3cccc4[nH]cc(c34)C[C@H]2N(C)C1,True,CC1CC2c3cccc4[nH]cc(c34)CC2N(C)C1,C[C@@H]1C[C@@H]2c3cccc4[nH]cc(c34)C[C@H]2N(C)C1,VLMZMRDOMOGGFA-WDBKCZKBSA-N,332915,hit,CID332915,NO_CID_3e9938607836,,hit,1,,1,1,1,1
1704,CC(C)C1CCC2C1(C)CCC1(C)C3=CCC4C(C)(C)C(O)CCC4(C)C3CCC21C,True,CC(C)C1CCC2C1(C)CCC1(C)C3=CCC4C(C)(C)C(O)CCC4(C)C3CCC21C,CC(C)C1CCC2C1(C)CCC1(C)C3=CCC4C(C)(C)C(O)CCC4(C)C3CCC21C,VLRMAVHXJLVDCY-UHFFFAOYSA-N,74819513,hit,CID74819513,NO_CID_8968f319190f,,hit,1,,1,1,1,1
1705,CC1(C)CC[C@]2(C)[C@H](O)C[C@]3(C)C(=CC[C@@H]4[C@@]5(C)CC[C@H](O)C(C)(C)[C@@H]5CC[C@]43C)[C@@H]2C1,True,CC1(C)CCC2(C)C(O)CC3(C)C(=CCC4C5(C)CCC(O)C(C)(C)C5CCC43C)C2C1,CC1(C)CC[C@]2(C)[C@H](O)C[C@]3(C)C(=CC[C@@H]4[C@@]5(C)CC[C@H](O)C(C)(C)[C@@H]5CC[C@]43C)[C@@H]2C1,VLRYIIPJIVGFIV-PXCMFJNASA-N,131841473,hit,CID131841473,NO_CID_2f01a3fc65ae,,hit,1,,1,1,1,1
1706,CC1(C)CC[C@]2(C)[C@@H](O)C[C@]3(C)C(=CC[C@@H]4[C@@]5(C)CC[C@H](O)C(C)(C)[C@@H]5CC[C@]43C)[C@@H]2C1,True,CC1(C)CCC2(C)C(O)CC3(C)C(=CCC4C5(C)CCC(O)C(C)(C)C5CCC43C)C2C1,CC1(C)CC[C@]2(C)[C@@H](O)C[C@]3(C)C(=CC[C@@H]4[C@@]5(C)CC[C@H](O)C(C)(C)[C@@H]5CC[C@]43C)[C@@H]2C1,VLRYIIPJIVGFIV-QQSFYHFXSA-N,397934,hit,CID397934,NO_CID_3ec3deb7712b,,hit,1,,1,1,1,1
1707,NC(Cc1c[nH]c2c(Br)cccc12)C(=O)O,True,NC(Cc1c[nH]c2c(Br)cccc12)C(=O)O,NC(Cc1c[nH]c2c(Br)cccc12)C(=O)O,VMMOOBBCGTVDGP-UHFFFAOYSA-N,22326367,hit,CID22326367,NO_CID_d0eead28449c,,hit,1,,1,1,1,1
1708,C[C@@]12CCC[C@H]1[C@@H]1CC[C@H]3CC(=O)CC[C@]3(C)[C@H]1CC2,True,CC12CCCC1C1CCC3CC(=O)CCC3(C)C1CC2,C[C@@]12CCC[C@H]1[C@@H]1CC[C@H]3CC(=O)CC[C@]3(C)[C@H]1CC2,VMNRNUNYBVFVQI-QYXZOKGRSA-N,102028,hit,CID102028,NO_CID_848f21a266de,,hit,1,,1,1,1,1
1709,O=C1Nc2ccccc2OC1O,True,O=C1Nc2ccccc2OC1O,O=C1Nc2ccccc2OC1O,VMQBFYRBJKDACN-UHFFFAOYSA-N,322636,hit,CID322636,NO_CID_742cdedc726d,,hit,1,,1,1,1,1
1710,CC(C)=CCC/C(C)=C/CC/C(C)=C/CC[C@]1(C)[C@H](C)CCC(=C(C)C)[C@H]1CCC=O,True,CC(C)=CCCC(C)=CCCC(C)=CCCC1(C)C(C)CCC(=C(C)C)C1CCC=O,CC(C)=CCC/C(C)=C/CC/C(C)=C/CC[C@]1(C)[C@H](C)CCC(=C(C)C)[C@H]1CCC=O,VNBRFEUEYRHQBM-OPEBEUCHSA-N,25001002,hit,CID25001002,NO_CID_be59fc82cf3b,,hit,1,,1,1,1,1
1711,C,True,C,C,VNWKTOKETHGBQD-UHFFFAOYSA-N,297,hit,CID297,NO_CID_6b23c0d5f35d,,hit,1,,1,1,1,1
1712,CC(C)C[C@@H](O)[C@H](O)[C@@H](C)[C@H]1CC[C@H]2[C@@H]3CC[C@H]4CC(=O)CC[C@]4(C)[C@H]3CC[C@]12C,True,CC(C)CC(O)C(O)C(C)C1CCC2C3CCC4CC(=O)CCC4(C)C3CCC12C,CC(C)C[C@@H](O)[C@H](O)[C@@H](C)[C@H]1CC[C@H]2[C@@H]3CC[C@H]4CC(=O)CC[C@]4(C)[C@H]3CC[C@]12C,VNYRYHUSEXFRBX-CAVUVSGNSA-N,102023288,hit,CID102023288,NO_CID_9f7c757a6b7b,,hit,1,,1,1,1,1
1713,CCCCC/C=C\C[C@@H](O)/C=C/C=C/C=C\[C@@H](O)CCCC(=O)O,True,CCCCCC=CCC(O)C=CC=CC=CC(O)CCCC(=O)O,CCCCC/C=C\C[C@@H](O)/C=C/C=C/C=C\[C@@H](O)CCCC(=O)O,VNYSSYRCGWBHLG-AMOLWHMGSA-N,5280492,hit,CID5280492,NO_CID_cca37a6569e9,,hit,1,,1,1,1,1
1714,CCCCC/C=C\C[C@@H](O)/C=C/C=C\C=C\[C@@H](O)CCCC(=O)O,True,CCCCCC=CCC(O)C=CC=CC=CC(O)CCCC(=O)O,CCCCC/C=C\C[C@@H](O)/C=C/C=C\C=C\[C@@H](O)CCCC(=O)O,VNYSSYRCGWBHLG-GEWAPNICSA-N,9949656,hit,CID9949656,NO_CID_71a3e9725338,,hit,1,,1,1,1,1
1715,CCCCC/C=C\C[C@@H](O)/C=C/C=C/C=C/[C@@H](O)CCCC(=O)O,True,CCCCCC=CCC(O)C=CC=CC=CC(O)CCCC(=O)O,CCCCC/C=C\C[C@@H](O)/C=C/C=C/C=C/[C@@H](O)CCCC(=O)O,VNYSSYRCGWBHLG-UKNWISKWSA-N,5283128,hit,CID5283128,NO_CID_214e74b9a6b1,,hit,1,,1,1,1,1
1716,CC(C)=CCCC1=CC(=O)c2c(O)ccc(O)c2C1=O,True,CC(C)=CCCC1=CC(=O)c2c(O)ccc(O)c2C1=O,CC(C)=CCCC1=CC(=O)c2c(O)ccc(O)c2C1=O,VOMDIEGPEURZJO-UHFFFAOYSA-N,98914,hit,CID98914,NO_CID_8ee3f8815cf7,,hit,1,,1,1,1,1
1717,C#Cc1ccc2c(CC(N)C(=O)O)c(C)n(C)c2c1,True,C#Cc1ccc2c(CC(N)C(=O)O)c(C)n(C)c2c1,C#Cc1ccc2c(CC(N)C(=O)O)c(C)n(C)c2c1,VONSZIDWIWIPKH-UHFFFAOYSA-N,134259619,hit,CID134259619,NO_CID_b159f9b60744,,hit,1,,1,1,1,1
1718,C[C@]12CC[C@@H]3c4ccc(O)cc4CC[C@H]3[C@@H]1CC[C@@H]2O,True,CC12CCC3c4ccc(O)cc4CCC3C1CCC2O,C[C@]12CC[C@@H]3c4ccc(O)cc4CC[C@H]3[C@@H]1CC[C@@H]2O,VOXZDWNPVJITMN-ZBRFXRBCSA-N,5757,hit,CID5757,NO_CID_55be8531a4c7,,hit,1,,1,1,1,1
1719,C/C1=C\[C@H]2[C@@H](CC/C(C)=C/CC1)C2(C)C,True,CC1=CC2C(CCC(C)=CCC1)C2(C)C,C/C1=C\[C@H]2[C@@H](CC/C(C)=C/CC1)C2(C)C,VPDZRSSKICPUEY-JEPMYXAXSA-N,13894537,hit,CID13894537,NO_CID_7ea08992f968,,hit,1,,1,1,1,1
1720,Cc1[nH]c2cc(Cl)ccc2c1CC(N)C(=O)O,True,Cc1[nH]c2cc(Cl)ccc2c1CC(N)C(=O)O,Cc1[nH]c2cc(Cl)ccc2c1CC(N)C(=O)O,VQESZFAGCTXAFE-UHFFFAOYSA-N,83760427,hit,CID83760427,NO_CID_e5f70064ba39,,hit,1,,1,1,1,1
1721,CC1=C2CCC(C)C2CCC(C)C2CC3(C)CCC(C(C)C)C3CC12O,True,CC1=C2CCC(C)C2CCC(C)C2CC3(C)CCC(C(C)C)C3CC12O,CC1=C2CCC(C)C2CCC(C)C2CC3(C)CCC(C(C)C)C3CC12O,VQMHZILKNHUAMP-UHFFFAOYSA-N,,cid0_no_match,NO_CID_d7ab82956898,NO_CID_d7ab82956898,,cid0_no_match,0,,1,1,1,1
1722,NC(Cc1c[nH]c2c(O)cccc12)C(=O)O,True,NC(Cc1c[nH]c2c(O)cccc12)C(=O)O,NC(Cc1c[nH]c2c(O)cccc12)C(=O)O,VQSRKJZICBNQJG-UHFFFAOYSA-N,2763071,hit,CID2763071,NO_CID_e97e0d1eb0f5,,hit,1,,1,1,1,1
1723,COc1ccc(C(C)=O)c(OC)c1,True,COc1ccc(C(C)=O)c(OC)c1,COc1ccc(C(C)=O)c(OC)c1,VQTDPCRSXHFMOL-UHFFFAOYSA-N,70016,hit,CID70016,NO_CID_2d0e7750386d,,hit,1,,1,1,1,1
1724,CSc1cccc2c(CC(N)C(=O)O)c(C)n(C)c12,True,CSc1cccc2c(CC(N)C(=O)O)c(C)n(C)c12,CSc1cccc2c(CC(N)C(=O)O)c(C)n(C)c12,VRNOLXIGHXRDGJ-UHFFFAOYSA-N,122499671,hit,CID122499671,NO_CID_82a6c30fa95b,,hit,1,,1,1,1,1
1725,CC(=O)C1=CC[C@H]2[C@@H]3CCC4=CC(=O)CC[C@]4(C)[C@H]3CC[C@]12C,True,CC(=O)C1=CCC2C3CCC4=CC(=O)CCC4(C)C3CCC12C,CC(=O)C1=CC[C@H]2[C@@H]3CCC4=CC(=O)CC[C@]4(C)[C@H]3CC[C@]12C,VRRHHTISESGZFN-RKFFNLMFSA-N,101964,hit,CID101964,NO_CID_be9cbd644117,,hit,1,,1,1,1,1
1726,CCC1(O)C(=O)OCc2c1cc1n(c2=O)Cc2cc3ccccc3nc2-1,True,CCC1(O)C(=O)OCc2c1cc1n(c2=O)Cc2cc3ccccc3nc2-1,CCC1(O)C(=O)OCc2c1cc1n(c2=O)Cc2cc3ccccc3nc2-1,VSJKWCGYPAHWDS-UHFFFAOYSA-N,2538,hit,CID2538,NO_CID_e9469b35d0fa,,hit,1,,1,1,1,1
1727,CSCCC1NC(=O)C(CCSC)NC1=O,True,CSCCC1NC(=O)C(CCSC)NC1=O,CSCCC1NC(=O)C(CCSC)NC1=O,VSOISORJHNBTCV-UHFFFAOYSA-N,169842,hit,CID169842,NO_CID_7af3d4eb7ff9,,hit,1,,1,1,1,1
1728,CCCCCCCc1ccc(C(=O)O)cc1,True,CCCCCCCc1ccc(C(=O)O)cc1,CCCCCCCc1ccc(C(=O)O)cc1,VSUKEWPHURLYTK-UHFFFAOYSA-N,170036,hit,CID170036,NO_CID_f08ebe1d3a17,,hit,1,,1,1,1,1
1729,CC(C)Cc1ccc(C(=O)O)cc1,True,CC(C)Cc1ccc(C(=O)O)cc1,CC(C)Cc1ccc(C(=O)O)cc1,VUBBCFWWSKOHTH-UHFFFAOYSA-N,38111,hit,CID38111,NO_CID_6bb6f33e3edf,,hit,1,,1,1,1,1
1730,O=[N+]([O-])CCc1ccc(O)cc1,True,O=[N+]([O-])CCc1ccc(O)cc1,O=[N+]([O-])CCc1ccc(O)cc1,VUBNQBXWQVHBLU-UHFFFAOYSA-N,3082465,hit,CID3082465,NO_CID_f0de303ecda5,,hit,1,,1,1,1,1
1731,CC1C=CC2CCCCC2C1C(=O)C1C(=O)N2CCC3C(=O)OC1C32O,True,CC1C=CC2CCCCC2C1C(=O)C1C(=O)N2CCC3C(=O)OC1C32O,CC1C=CC2CCCCC2C1C(=O)C1C(=O)N2CCC3C(=O)OC1C32O,VUQSZZXQGQSRJA-UHFFFAOYSA-N,9841766,hit,CID9841766,NO_CID_2bde1dafae76,,hit,1,,1,1,1,1
1732,Cn1cc(CC(N)C(=O)O)c2c(O)cccc21,True,Cn1cc(CC(N)C(=O)O)c2c(O)cccc21,Cn1cc(CC(N)C(=O)O)c2c(O)cccc21,VWBDDNABRZTJLS-UHFFFAOYSA-N,82663459,hit,CID82663459,NO_CID_27e082c04744,,hit,1,,1,1,1,1
1733,CC(C)=CCC/C(C)=C/CC/C(C)=C/COP(=O)(O)OP(=O)(O)O,True,CC(C)=CCCC(C)=CCCC(C)=CCOP(=O)(O)OP(=O)(O)O,CC(C)=CCC/C(C)=C/CC/C(C)=C/COP(=O)(O)OP(=O)(O)O,VWFJDQUYCIWHTN-YFVJMOTDSA-N,445713,hit,CID445713,NO_CID_82822a9e54d4,,hit,1,,1,1,1,1
1734,CC1=CC(=O)CC(C)(C)[C@@]1(F)/C=C/C(C)=C\C(=O)O,True,CC(C=CC1(F)C(C)=CC(=O)CC1(C)C)=CC(=O)O,CC1=CC(=O)CC(C)(C)[C@@]1(F)/C=C/C(C)=C\C(=O)O,VWHRSOLECADIGQ-YKALOCIXSA-N,10849377,hit,CID10849377,NO_CID_79776b31ecf4,,hit,1,,1,1,1,1
1735,NC(Cc1cccc(F)c1)C(=O)O,True,NC(Cc1cccc(F)c1)C(=O)O,NC(Cc1cccc(F)c1)C(=O)O,VWHRYODZTDMVSS-UHFFFAOYSA-N,9976,hit,CID9976,NO_CID_f13e35ca1637,,hit,1,,1,1,1,1
1736,C=C(C)[C@H]1C/C=C(\C)CC/C=C(\C)CC/C=C(\C)CC1,True,C=C(C)C1CC=C(C)CCC=C(C)CCC=C(C)CC1,C=C(C)[C@H]1C/C=C(\C)CC/C=C(\C)CC/C=C(\C)CC1,VWSPQDDPRITBAM-KPGNMOGWSA-N,5281384,hit,CID5281384,NO_CID_40656e2e39c8,,hit,1,,1,1,1,1
1737,CC(C)[C@H](C)[C@@H](O)[C@H](O)[C@@H](C)[C@H]1CC[C@H]2[C@@H]3CC[C@H]4C[C@H](O)[C@H](O)C[C@]4(C)[C@H]3CC[C@]12C,True,CC(C)C(C)C(O)C(O)C(C)C1CCC2C3CCC4CC(O)C(O)CC4(C)C3CCC12C,CC(C)[C@H](C)[C@@H](O)[C@H](O)[C@@H](C)[C@H]1CC[C@H]2[C@@H]3CC[C@H]4C[C@H](O)[C@H](O)C[C@]4(C)[C@H]3CC[C@]12C,VXBLCLVRWCLEOX-BFYSZXNBSA-N,13870433,hit,CID13870433,NO_CID_2a9d9801169e,,hit,1,,1,1,1,1
1738,CC(C)C(C)C(O)C(O)C(C)C1CCC2C3CCC4CC(O)C(O)CC4(C)C3CCC12C,True,CC(C)C(C)C(O)C(O)C(C)C1CCC2C3CCC4CC(O)C(O)CC4(C)C3CCC12C,CC(C)C(C)C(O)C(O)C(C)C1CCC2C3CCC4CC(O)C(O)CC4(C)C3CCC12C,VXBLCLVRWCLEOX-UHFFFAOYSA-N,13870431,hit,CID13870431,NO_CID_eab9cec614c3,,hit,1,,1,1,1,1
1739,O=C(O)c1ccc2ncccc2c1,True,O=C(O)c1ccc2ncccc2c1,O=C(O)c1ccc2ncccc2c1,VXGYRCVTBHVXMZ-UHFFFAOYSA-N,82571,hit,CID82571,NO_CID_a44a09d9b84c,,hit,1,,1,1,1,1
1740,C[C@H]1[C@H](O)CC(=O)[C@]2(C)CC[C@H]3[C@@H]4C(C)(C)CC[C@]4(C)C[C@]132,True,CC1C(O)CC(=O)C2(C)CCC3C4C(C)(C)CCC4(C)CC132,C[C@H]1[C@H](O)CC(=O)[C@]2(C)CC[C@H]3[C@@H]4C(C)(C)CC[C@]4(C)C[C@]132,VXPSMCORCRBNAO-TYVLEIALSA-N,10892066,hit,CID10892066,NO_CID_2c540374a20c,,hit,1,,1,1,1,1
1741,NCCc1ccc(O)c(O)c1,True,NCCc1ccc(O)c(O)c1,NCCc1ccc(O)c(O)c1,VYFYYTLLBUKUHU-UHFFFAOYSA-N,681,hit,CID681,NO_CID_8c989074bc36,,hit,1,,1,1,1,1
1742,CC(C)C(C)C(O)C(O)C(C)C1CCC2C3CC(=O)C4CC(O)C(O)CC4(C)C3CCC12C,True,CC(C)C(C)C(O)C(O)C(C)C1CCC2C3CC(=O)C4CC(O)C(O)CC4(C)C3CCC12C,CC(C)C(C)C(O)C(O)C(C)C1CCC2C3CC(=O)C4CC(O)C(O)CC4(C)C3CCC12C,VYUIKSFYFRVQLF-UHFFFAOYSA-N,13039027,hit,CID13039027,NO_CID_48a689d053aa,,hit,1,,1,1,1,1
1743,CC(C)[C@H](C)[C@@H](O)[C@H](O)[C@@H](C)[C@H]1CC[C@H]2[C@@H]3CC(=O)[C@H]4C[C@H](O)[C@H](O)C[C@]4(C)[C@H]3CC[C@]12C,True,CC(C)C(C)C(O)C(O)C(C)C1CCC2C3CC(=O)C4CC(O)C(O)CC4(C)C3CCC12C,CC(C)[C@H](C)[C@@H](O)[C@H](O)[C@@H](C)[C@H]1CC[C@H]2[C@@H]3CC(=O)[C@H]4C[C@H](O)[C@H](O)C[C@]4(C)[C@H]3CC[C@]12C,VYUIKSFYFRVQLF-YLNAYWRASA-N,133534,hit,CID133534,NO_CID_8f5593931c52,,hit,1,,1,1,1,1
1744,COc1cccc2[nH]cc(CC(N)C(=O)O)c12,True,COc1cccc2[nH]cc(CC(N)C(=O)O)c12,COc1cccc2[nH]cc(CC(N)C(=O)O)c12,VYXPKRIKQJEAOO-UHFFFAOYSA-N,11253302,hit,CID11253302,NO_CID_9ff3673f2f51,,hit,1,,1,1,1,1
1745,CCCC(=O)OC1CCCCC1,True,CCCC(=O)OC1CCCCC1,CCCC(=O)OC1CCCCC1,VZHUBBUZNIULNM-UHFFFAOYSA-N,243783,hit,CID243783,NO_CID_683655efab68,,hit,1,,1,1,1,1
1746,COc1ccc2c(c1OC)CN1CCc3cc4c(cc3[C@@H]1C2)OCO4,True,COc1ccc2c(c1OC)CN1CCc3cc4c(cc3C1C2)OCO4,COc1ccc2c(c1OC)CN1CCc3cc4c(cc3[C@@H]1C2)OCO4,VZTUIEROBZXUFA-INIZCTEOSA-N,21171,hit,CID21171,NO_CID_74cc21152ee6,,hit,1,,1,1,1,1
1747,CC(C)C(C)CCC(C)C1CCC2C3CCC4CCCCC4(C)C3CCC12C,True,CC(C)C(C)CCC(C)C1CCC2C3CCC4CCCCC4(C)C3CCC12C,CC(C)C(C)CCC(C)C1CCC2C3CCC4CCCCC4(C)C3CCC12C,WAAWMJYYKITCGF-UHFFFAOYSA-N,528828,hit,CID528828,NO_CID_786d02ea55c5,,hit,1,,1,1,1,1
1748,C=CCc1ccc(C)cc1,True,C=CCc1ccc(C)cc1,C=CCc1ccc(C)cc1,WAEOXIOXMKNFLQ-UHFFFAOYSA-N,76851,hit,CID76851,NO_CID_3a17a52de31c,,hit,1,,1,1,1,1
1749,CCCCCC[C@@H](O)C/C=C\CCCCCCCC(=O)[O-],True,CCCCCCC(O)CC=CCCCCCCCC(=O)[O-],CCCCCC[C@@H](O)C/C=C\CCCCCCCC(=O)[O-],WBHHMMIMDMUBKC-QJWNTBNXSA-M,25630959,hit,CID25630959,NO_CID_5706f0cf483c,,hit,1,,1,1,1,1
1750,Cc1[nH]c2cccc(C3CC3)c2c1CC(N)C(=O)O,True,Cc1[nH]c2cccc(C3CC3)c2c1CC(N)C(=O)O,Cc1[nH]c2cccc(C3CC3)c2c1CC(N)C(=O)O,WBNXPGPWLUAFNR-UHFFFAOYSA-N,122499539,hit,CID122499539,NO_CID_2ece409dc38e,,hit,1,,1,1,1,1
1751,O=C([O-])/C=C/c1ccccc1,True,O=C([O-])C=Cc1ccccc1,O=C([O-])/C=C/c1ccccc1,WBYWAXJHAXSJNI-VOTSOKGWSA-M,5957728,hit,CID5957728,NO_CID_9f5bd13594b8,,hit,1,,1,1,1,1
1752,O=C(O)/C=C/c1ccccc1,True,O=C(O)C=Cc1ccccc1,O=C(O)/C=C/c1ccccc1,WBYWAXJHAXSJNI-VOTSOKGWSA-N,444539,hit,CID444539,NO_CID_781ff6e00107,,hit,1,,1,1,1,1
1753,CC(C)(O)C1Cc2c(cc3oc(=O)ccc3c2O)O1,True,CC(C)(O)C1Cc2c(cc3oc(=O)ccc3c2O)O1,CC(C)(O)C1Cc2c(cc3oc(=O)ccc3c2O)O1,WCBFKVBQHXJRCX-UHFFFAOYSA-N,5315768,hit,CID5315768,NO_CID_927be55eeb9b,,hit,1,,1,1,1,1
1754,C[C@H]1[C@H](C)CC[C@]2(C(=O)O)CC[C@]3(C)C(=CC[C@@H]4[C@@]5(C)CC[C@H](O)C(C)(C)[C@@H]5CC[C@]43C)[C@H]12,True,CC1CCC2(C(=O)O)CCC3(C)C(=CCC4C5(C)CCC(O)C(C)(C)C5CCC43C)C2C1C,C[C@H]1[C@H](C)CC[C@]2(C(=O)O)CC[C@]3(C)C(=CC[C@@H]4[C@@]5(C)CC[C@H](O)C(C)(C)[C@@H]5CC[C@]43C)[C@H]12,WCGUUGGRBIKTOS-GPOJBZKASA-N,64945,hit,CID64945,NO_CID_a96cc76c1b1a,,hit,1,,1,1,1,1
1755,CC1=C(Cl)C(=O)CC(C)(C)[C@@]1(O)/C=C/C(C)=C\C(=O)O,True,CC(C=CC1(O)C(C)=C(Cl)C(=O)CC1(C)C)=CC(=O)O,CC1=C(Cl)C(=O)CC(C)(C)[C@@]1(O)/C=C/C(C)=C\C(=O)O,WCZPRTYVBYYCOO-QMQPWKDKSA-N,10661840,hit,CID10661840,NO_CID_25d360a8eba3,,hit,1,,1,1,1,1
1756,CC1CC(N(C)C)C(O)C(Oc2ccc3ccc4cccc5ccc2c3c45)O1,True,CC1CC(N(C)C)C(O)C(Oc2ccc3ccc4cccc5ccc2c3c45)O1,CC1CC(N(C)C)C(O)C(Oc2ccc3ccc4cccc5ccc2c3c45)O1,WDCCPTZURRONJO-UHFFFAOYSA-N,86668318,hit,CID86668318,NO_CID_01d231ee3713,,hit,1,,1,1,1,1
1757,CN1CCCC1CC(=O)CC(=O)O,True,CN1CCCC1CC(=O)CC(=O)O,CN1CCCC1CC(=O)CC(=O)O,WDFDPXMELFXBFU-UHFFFAOYSA-N,57417332,hit,CID57417332,NO_CID_86ce60cde50a,,hit,1,,1,1,1,1
1758,CSc1ccc2c(c1)c(CC(N)C=O)c(C)n2C,True,CSc1ccc2c(c1)c(CC(N)C=O)c(C)n2C,CSc1ccc2c(c1)c(CC(N)C=O)c(C)n2C,WDOPQLXUKYKTPX-UHFFFAOYSA-N,,cid0_no_match,NO_CID_aa45dcdabe60,NO_CID_aa45dcdabe60,,cid0_no_match,0,,1,1,1,1
1759,Cn1cc(CC(N)C(=O)O)c2c(Br)cccc21,True,Cn1cc(CC(N)C(=O)O)c2c(Br)cccc21,Cn1cc(CC(N)C(=O)O)c2c(Br)cccc21,WDPFGLPHKXSCDS-UHFFFAOYSA-N,122499512,hit,CID122499512,NO_CID_5fd917bf9d2e,,hit,1,,1,1,1,1
1760,C/C1=C\[C@@H](C)C/C=C/[C@H]2[C@@H]3O[C@]3(C)[C@@H](C)[C@H]3[C@H](Cc4c[nH]c5ccccc45)NC(=O)[C@]32C(=O)/C=C/CC1,True,CC1=CC(C)CC=CC2C3OC3(C)C(C)C3C(Cc4c[nH]c5ccccc45)NC(=O)C23C(=O)C=CCC1,C/C1=C\[C@@H](C)C/C=C/[C@H]2[C@@H]3O[C@]3(C)[C@@H](C)[C@H]3[C@H](Cc4c[nH]c5ccccc45)NC(=O)[C@]32C(=O)/C=C/CC1,WDTVRLZSWNFOOH-CTQYYNJESA-N,91820384,hit,CID91820384,NO_CID_6ae17c9dab2c,,hit,1,,1,1,1,1
1761,CC12CCC(CC1)C(C)(C)O2,True,CC12CCC(CC1)C(C)(C)O2,CC12CCC(CC1)C(C)(C)O2,WEEGYLXZBRQIMU-UHFFFAOYSA-N,2758,hit,CID2758,NO_CID_110f15223a8b,,hit,1,,1,1,1,1
1762,C=C(C)[C@H]1CC[C@@]2(C1)C(C)=CCC[C@H]2C,True,C=C(C)C1CCC2(C1)C(C)=CCCC2C,C=C(C)[C@H]1CC[C@@]2(C1)C(C)=CCC[C@H]2C,WEZDOYDDKIHCLM-QLFBSQMISA-N,443656,hit,CID443656,NO_CID_b3a0fb2e0b61,,hit,1,,1,1,1,1
1763,C=C(C)[C@@H]1CC[C@@]2(C1)C(C)=CCC[C@H]2C,True,C=C(C)C1CCC2(C1)C(C)=CCCC2C,C=C(C)[C@@H]1CC[C@@]2(C1)C(C)=CCC[C@H]2C,WEZDOYDDKIHCLM-RBSFLKMASA-N,14355861,hit,CID14355861,NO_CID_b0d3ff7285d4,,hit,1,,1,1,1,1
1764,CC1(OO)C=CC(=O)C(C(C)(C)C)=C1,True,CC1(OO)C=CC(=O)C(C(C)(C)C)=C1,CC1(OO)C=CC(=O)C(C(C)(C)C)=C1,WFIQERJOVHFKAS-UHFFFAOYSA-N,91081867,hit,CID91081867,NO_CID_79b45e11ec8f,,hit,1,,1,1,1,1
1765,CNC(CC(C)C)C(=O)NC(Cc1ccc(O)cc1)C(=O)NC(CC(N)=O)C(=O)NC(C(=O)NC(C(=O)NC(Cc1ccc(O)cc1)C(=O)S)c1ccc(O)cc1)c1ccc(O)cc1,True,CNC(CC(C)C)C(=O)NC(Cc1ccc(O)cc1)C(=O)NC(CC(N)=O)C(=O)NC(C(=O)NC(C(=O)NC(Cc1ccc(O)cc1)C(=O)S)c1ccc(O)cc1)c1ccc(O)cc1,CNC(CC(C)C)C(=O)NC(Cc1ccc(O)cc1)C(=O)NC(CC(N)=O)C(=O)NC(C(=O)NC(C(=O)NC(Cc1ccc(O)cc1)C(=O)S)c1ccc(O)cc1)c1ccc(O)cc1,WFSPTCGOXNZONN-UHFFFAOYSA-N,,cid0_no_match,NO_CID_11e7db0e14a7,NO_CID_11e7db0e14a7,,cid0_no_match,0,,1,1,1,1
1766,C=C1/C(=C\C=C2/CCC[C@]3(C)[C@@H]([C@H](C)CCC(O)C(C)(C)O)CC[C@@H]23)C[C@@H](O)C[C@@H]1O,True,C=C1C(=CC=C2CCCC3(C)C2CCC3C(C)CCC(O)C(C)(C)O)CC(O)CC1O,C=C1/C(=C\C=C2/CCC[C@]3(C)[C@@H]([C@H](C)CCC(O)C(C)(C)O)CC[C@@H]23)C[C@@H](O)C[C@@H]1O,WFZKUWGUJVKMHC-QPGHTDHKSA-N,9910685,hit,CID9910685,NO_CID_b38d5b6f24aa,,hit,1,,1,1,1,1
1767,C=C1/C(=C\C=C2/CCC[C@]3(C)[C@@H]([C@H](C)CC[C@@H](O)C(C)(C)O)CC[C@@H]23)C[C@@H](O)C[C@@H]1O,True,C=C1C(=CC=C2CCCC3(C)C2CCC3C(C)CCC(O)C(C)(C)O)CC(O)CC1O,C=C1/C(=C\C=C2/CCC[C@]3(C)[C@@H]([C@H](C)CC[C@@H](O)C(C)(C)O)CC[C@@H]23)C[C@@H](O)C[C@@H]1O,WFZKUWGUJVKMHC-UKBUZQLGSA-N,6446280,hit,CID6446280,NO_CID_2c6822bfd382,,hit,1,,1,1,1,1
1768,ClCCc1cccc(Br)c1,True,ClCCc1cccc(Br)c1,ClCCc1cccc(Br)c1,WGJAYACACWILMG-UHFFFAOYSA-N,14361217,hit,CID14361217,NO_CID_260b0abe936d,,hit,1,,1,1,1,1
1769,CCCCC[C@H](O)c1c(O)cc2c(c1O)C(=O)c1c(O)cc(O)cc1C2=O,True,CCCCCC(O)c1c(O)cc2c(c1O)C(=O)c1c(O)cc(O)cc1C2=O,CCCCC[C@H](O)c1c(O)cc2c(c1O)C(=O)c1c(O)cc(O)cc1C2=O,WGPOPPKSQRZUTP-LBPRGKRZSA-N,10044783,hit,CID10044783,NO_CID_3196ee090205,,hit,1,,1,1,1,1
1770,C[C@]12CCC(=O)C=C1CC[C@@H]1[C@@H]2CC[C@@]2(C)[C@H]1CC[C@]2(O)C(=O)CO,True,CC12CCC(=O)C=C1CCC1C2CCC2(C)C1CCC2(O)C(=O)CO,C[C@]12CCC(=O)C=C1CC[C@@H]1[C@@H]2CC[C@@]2(C)[C@H]1CC[C@]2(O)C(=O)CO,WHBHBVVOGNECLV-OBQKJFGGSA-N,440707,hit,CID440707,NO_CID_25cd2d4c2ac5,,hit,1,,1,1,1,1
1771,CC12CCC(=O)C=C1CCC1C2CCC2(C)C1CCC2(O)C(=O)CO,True,CC12CCC(=O)C=C1CCC1C2CCC2(C)C1CCC2(O)C(=O)CO,CC12CCC(=O)C=C1CCC1C2CCC2(C)C1CCC2(O)C(=O)CO,WHBHBVVOGNECLV-UHFFFAOYSA-N,227112,hit,CID227112,NO_CID_30550f96da81,,hit,1,,1,1,1,1
1772,COC(=O)c1c(C)cc(OC(=O)c2c(C)cc(O)c(CO)c2O)c(C)c1O,True,COC(=O)c1c(C)cc(OC(=O)c2c(C)cc(O)c(CO)c2O)c(C)c1O,COC(=O)c1c(C)cc(OC(=O)c2c(C)cc(O)c(CO)c2O)c(C)c1O,WHDBRSOTWRZEGF-UHFFFAOYSA-N,5042858,hit,CID5042858,NO_CID_f501f45ef57c,,hit,1,,1,1,0,1
1773,COc1ccc2c(c1O)-c1c(O)c(OC)cc3c1[C@H](C2)N(C)CC3,True,COc1ccc2c(c1O)-c1c(O)c(OC)cc3c1C(C2)N(C)CC3,COc1ccc2c(c1O)-c1c(O)c(OC)cc3c1[C@H](C2)N(C)CC3,WHFUDAOCYRYAKQ-LBPRGKRZSA-N,160500,hit,CID160500,NO_CID_ee62990ae19c,,hit,1,,1,1,1,1
1774,CCCCCCCCCCCC(=O)N[C@H]1CCOC1=O,True,CCCCCCCCCCCC(=O)NC1CCOC1=O,CCCCCCCCCCCC(=O)N[C@H]1CCOC1=O,WILLZMOKUUPJSL-AWEZNQCLSA-N,10221437,hit,CID10221437,NO_CID_5a69d83a7cb1,,hit,1,,1,1,1,1
1775,CCN(CC)CCNC(=O)c1c(C)[nH]c(/C=C2\C(=O)Nc3ccc(F)cc32)c1C,True,CCN(CC)CCNC(=O)c1c(C)[nH]c(C=C2C(=O)Nc3ccc(F)cc32)c1C,CCN(CC)CCNC(=O)c1c(C)[nH]c(/C=C2\C(=O)Nc3ccc(F)cc32)c1C,WINHZLLDWRZWRT-ATVHPVEESA-N,5329102,hit,CID5329102,NO_CID_7a62945bd2c9,,hit,1,,1,1,1,1
1776,CC(C)=CCC/C(C)=C/CC/C(C)=C/C(=O)[O-],True,CC(C)=CCCC(C)=CCCC(C)=CC(=O)[O-],CC(C)=CCC/C(C)=C/CC/C(C)=C/C(=O)[O-],WJHFZYAELPOJIV-IJFRVEDASA-M,21895630,hit,CID21895630,NO_CID_2f2df6fbd307,,hit,1,,1,1,1,1
1777,CC(C)=CCC/C(C)=C/CC/C(C)=C/C(=O)O,True,CC(C)=CCCC(C)=CCCC(C)=CC(=O)O,CC(C)=CCC/C(C)=C/CC/C(C)=C/C(=O)O,WJHFZYAELPOJIV-IJFRVEDASA-N,5275507,hit,CID5275507,NO_CID_6fa68d26b9bd,,hit,1,,1,1,1,1
1778,Cn1cc(CC(N)C(=O)O)c2c(-c3ccncc3)cccc21,True,Cn1cc(CC(N)C(=O)O)c2c(-c3ccncc3)cccc21,Cn1cc(CC(N)C(=O)O)c2c(-c3ccncc3)cccc21,WJJCCYHWCQROKT-UHFFFAOYSA-N,122499556,hit,CID122499556,NO_CID_df8b8ef898c4,,hit,1,,1,1,1,1
1779,C1CCCCCCC1,True,C1CCCCCCC1,C1CCCCCCC1,WJTCGQSWYFHTAC-UHFFFAOYSA-N,9266,hit,CID9266,NO_CID_168163013013,,hit,1,,1,1,1,1
1780,C=C1CC[C@@H]2[C@](C)(CO)CCC[C@@]2(C)[C@@H]1CCC1=CCOC1=O,True,C=C1CCC2C(C)(CO)CCCC2(C)C1CCC1=CCOC1=O,C=C1CC[C@@H]2[C@](C)(CO)CCC[C@@]2(C)[C@@H]1CCC1=CCOC1=O,WKKBRRFSRMDTJB-JYBIWHBTSA-N,11666871,hit,CID11666871,NO_CID_40f04ca37b10,,hit,1,,1,1,1,1
1781,C/C=C1/CN2CCc3c([nH]c4ccccc34)[C@@H]2C[C@@H]1/C(=C/O)C(=O)OC,True,CC=C1CN2CCc3c([nH]c4ccccc34)C2CC1C(=CO)C(=O)OC,C/C=C1/CN2CCc3c([nH]c4ccccc34)[C@@H]2C[C@@H]1/C(=C/O)C(=O)OC,WKWHYFHGTWZCLM-KGZWXYIYSA-N,10948159,hit,CID10948159,NO_CID_49d0d232da71,,hit,1,,1,1,1,1
1782,CC=C1CN2CCc3c([nH]c4ccccc34)C2CC1C(=CO)C(=O)OC,True,CC=C1CN2CCc3c([nH]c4ccccc34)C2CC1C(=CO)C(=O)OC,CC=C1CN2CCc3c([nH]c4ccccc34)C2CC1C(=CO)C(=O)OC,WKWHYFHGTWZCLM-UHFFFAOYSA-N,73746286,hit,CID73746286,NO_CID_58a667bba04d,,hit,1,,1,1,1,1
1783,CC(C)(O)[C@@H]1CC[C@]2(C)[C@H](CC[C@@]3(C)[C@H]2CC[C@H]2Cc4c([nH]c5ccccc45)[C@@]23C)O1,True,CC(C)(O)C1CCC2(C)C(CCC3(C)C2CCC2Cc4c([nH]c5ccccc45)C23C)O1,CC(C)(O)[C@@H]1CC[C@]2(C)[C@H](CC[C@@]3(C)[C@H]2CC[C@H]2Cc4c([nH]c5ccccc45)[C@@]23C)O1,WLAIEIMDXUAGPY-HSECPPETSA-N,115028,hit,CID115028,NO_CID_0ff7c69c5ede,,hit,1,,1,1,1,1
1784,O=C(O)CCCCCC(=O)O,True,O=C(O)CCCCCC(=O)O,O=C(O)CCCCCC(=O)O,WLJVNTCWHIRURA-UHFFFAOYSA-N,385,hit,CID385,NO_CID_8914e5cd3b3d,,hit,1,,1,1,1,1
1785,O=C([O-])Cc1ccccc1,True,O=C([O-])Cc1ccccc1,O=C([O-])Cc1ccccc1,WLJVXDMOQOGPHL-UHFFFAOYSA-M,4409936,hit,CID4409936,NO_CID_aafe46860079,,hit,1,,1,1,1,1
1786,Cc1cc(O)c2c(c1)C(=O)c1ccc(O)c(O)c1C2=O,True,Cc1cc(O)c2c(c1)C(=O)c1ccc(O)c(O)c1C2=O,Cc1cc(O)c2c(c1)C(=O)c1ccc(O)c(O)c1C2=O,WLOSKKPZIOUGFB-UHFFFAOYSA-N,12313148,hit,CID12313148,NO_CID_fef645f75d81,,hit,1,,1,1,1,1
1787,Cc1c(CC(N)C(=O)O)c2ccc(-c3ccncc3)cc2n1C,True,Cc1c(CC(N)C(=O)O)c2ccc(-c3ccncc3)cc2n1C,Cc1c(CC(N)C(=O)O)c2ccc(-c3ccncc3)cc2n1C,WLXRMEQGNFFXAK-UHFFFAOYSA-N,122499640,hit,CID122499640,NO_CID_a1042c599dcc,,hit,1,,1,1,1,1
1788,C#Cc1ccc2c(c1)c(CC(N)C(=O)O)cn2C,True,C#Cc1ccc2c(c1)c(CC(N)C(=O)O)cn2C,C#Cc1ccc2c(c1)c(CC(N)C(=O)O)cn2C,WLZNSZZIUDMTDP-UHFFFAOYSA-N,122499562,hit,CID122499562,NO_CID_42929bf0ff0a,,hit,1,,1,1,1,1
1789,CC1CCCC(C)N1C(=O)c1ccccc1,True,CC1CCCC(C)N1C(=O)c1ccccc1,CC1CCCC(C)N1C(=O)c1ccccc1,WMDTVTLGXVIKJO-UHFFFAOYSA-N,339088,hit,CID339088,NO_CID_3c883d6ad3aa,,hit,1,,1,1,1,1
1790,Cc1ccccc1CC#N,True,Cc1ccccc1CC#N,Cc1ccccc1CC#N,WMGVPDQNPUQRND-UHFFFAOYSA-N,31155,hit,CID31155,NO_CID_3967b7584350,,hit,1,,1,1,1,1
1791,BrCCc1ccccc1,True,BrCCc1ccccc1,BrCCc1ccccc1,WMPPDTMATNBGJN-UHFFFAOYSA-N,7666,hit,CID7666,NO_CID_67b2f9f0ae69,,hit,1,,1,1,1,1
1792,C/C1=C\CC(O)/C(C)=C/[C@@H]2[C@H](CC/C(C)=C/CC1)C2(C)C,True,CC1=CCC(O)C(C)=CC2C(CCC(C)=CCC1)C2(C)C,C/C1=C\CC(O)/C(C)=C/[C@@H]2[C@H](CC/C(C)=C/CC1)C2(C)C,WMRXBBBPPAWODQ-YOIVSRADSA-N,154824095,hit,CID154824095,NO_CID_aa4584422a7c,,hit,1,,1,1,1,1
1793,COc1cccc2c1c(CC(N)C(=O)O)c(C)n2C,True,COc1cccc2c1c(CC(N)C(=O)O)c(C)n2C,COc1cccc2c1c(CC(N)C(=O)O)c(C)n2C,WNENQRUVRXPXMN-UHFFFAOYSA-N,122499626,hit,CID122499626,NO_CID_e284c4b8a08d,,hit,1,,1,1,1,1
1794,CC(C)c1ccccc1S(=O)(=O)N=[N+]=[N-],True,CC(C)c1ccccc1S(=O)(=O)N=[N+]=[N-],CC(C)c1ccccc1S(=O)(=O)N=[N+]=[N-],WNGPURWZSKTKHK-UHFFFAOYSA-N,88423668,hit,CID88423668,NO_CID_0f36bfa6a3eb,,hit,1,,1,1,1,1
1795,CSc1ccc2[nH]cc(CC(N)C(=O)O)c2c1,True,CSc1ccc2[nH]cc(CC(N)C(=O)O)c2c1,CSc1ccc2[nH]cc(CC(N)C(=O)O)c2c1,WNSDUTHVIROQMB-UHFFFAOYSA-N,86104362,hit,CID86104362,NO_CID_18a96e41eb75,,hit,1,,1,1,1,1
1796,CC(C)[C@@H]1NC(=O)[C@H](Cc2c[nH]c3ccccc23)NC1=O,True,CC(C)C1NC(=O)C(Cc2c[nH]c3ccccc23)NC1=O,CC(C)[C@@H]1NC(=O)[C@H](Cc2c[nH]c3ccccc23)NC1=O,WNWCQIPRIITCPM-KBPBESRZSA-N,92160941,hit,CID92160941,NO_CID_bdbbc4ca4410,,hit,1,,1,1,1,1
1797,Cc1cccc(CC#N)c1,True,Cc1cccc(CC#N)c1,Cc1cccc(CC#N)c1,WOJADIOTNFDWNQ-UHFFFAOYSA-N,76279,hit,CID76279,NO_CID_35b2e95c8409,,hit,1,,1,1,1,1
1798,CC1C(=O)c2cc3c(cc2CCN(C)Cc2c1ccc1c2OCO1)OCO3,True,CC1C(=O)c2cc3c(cc2CCN(C)Cc2c1ccc1c2OCO1)OCO3,CC1C(=O)c2cc3c(cc2CCN(C)Cc2c1ccc1c2OCO1)OCO3,WOLWLEQYUFDNTA-UHFFFAOYSA-N,276145,hit,CID276145,NO_CID_229f79473504,,hit,1,,1,1,1,1
1799,CC(C)[C@H](C)[C@@H](O)[C@H](O)[C@@H](C)[C@H]1CC[C@H]2[C@@H]3CC[C@H]4C[C@H](O)CC[C@]4(C)[C@H]3CC[C@]12C,True,CC(C)C(C)C(O)C(O)C(C)C1CCC2C3CCC4CC(O)CCC4(C)C3CCC12C,CC(C)[C@H](C)[C@@H](O)[C@H](O)[C@@H](C)[C@H]1CC[C@H]2[C@@H]3CC[C@H]4C[C@H](O)CC[C@]4(C)[C@H]3CC[C@]12C,WPHVOXMMNSLJSF-DAWJDVIISA-N,16061346,hit,CID16061346,NO_CID_628b79646760,,hit,1,,1,1,1,1
1800,CC(C)[C@H](C)[C@@H](O)[C@H](O)[C@@H](C)[C@H]1CC[C@H]2[C@@H]3CC[C@H]4C[C@@H](O)CC[C@]4(C)[C@H]3CC[C@]12C,True,CC(C)C(C)C(O)C(O)C(C)C1CCC2C3CCC4CC(O)CCC4(C)C3CCC12C,CC(C)[C@H](C)[C@@H](O)[C@H](O)[C@@H](C)[C@H]1CC[C@H]2[C@@H]3CC[C@H]4C[C@@H](O)CC[C@]4(C)[C@H]3CC[C@]12C,WPHVOXMMNSLJSF-GUOPQYDVSA-N,11144580,hit,CID11144580,NO_CID_9c8e61fed7d3,,hit,1,,1,1,1,1
1801,CC(C)C(C)C(O)C(O)C(C)C1CCC2C3CCC4CC(O)CCC4(C)C3CCC12C,True,CC(C)C(C)C(O)C(O)C(C)C1CCC2C3CCC4CC(O)CCC4(C)C3CCC12C,CC(C)C(C)C(O)C(O)C(C)C1CCC2C3CCC4CC(O)CCC4(C)C3CCC12C,WPHVOXMMNSLJSF-UHFFFAOYSA-N,73229504,hit,CID73229504,NO_CID_6100cb8a5865,,hit,1,,1,1,1,1
1802,O=C([O-])c1ccccc1,True,O=C([O-])c1ccccc1,O=C([O-])c1ccccc1,WPYMKLBDIGXBTP-UHFFFAOYSA-M,242,hit,CID242,NO_CID_a5bbb709ee46,,hit,1,,1,1,1,1
1803,O=C(O)c1ccccc1,True,O=C(O)c1ccccc1,O=C(O)c1ccccc1,WPYMKLBDIGXBTP-UHFFFAOYSA-N,243,hit,CID243,NO_CID_fb7121a40467,,hit,1,,1,1,1,1
1804,CCCCCCCCCCCCCCC(=O)O,True,CCCCCCCCCCCCCCC(=O)O,CCCCCCCCCCCCCCC(=O)O,WQEPLUUGTLDZJY-UHFFFAOYSA-N,13849,hit,CID13849,NO_CID_fd541ab8f396,,hit,1,,1,1,1,1
1805,Cc1ccc2c(CC(N)C(=O)O)cn(C)c2c1,True,Cc1ccc2c(CC(N)C(=O)O)cn(C)c2c1,Cc1ccc2c(CC(N)C(=O)O)cn(C)c2c1,WQLQZUFYJYGCJB-UHFFFAOYSA-N,82663202,hit,CID82663202,NO_CID_5a5125dfdb8b,,hit,1,,1,1,1,1
1806,C/C1=C\[C@@H]2[C@H](CC/C(C)=C/CC(O)/C(C)=C/CC1)C2(C)C,True,CC1=CC2C(CCC(C)=CCC(O)C(C)=CCC1)C2(C)C,C/C1=C\[C@@H]2[C@H](CC/C(C)=C/CC(O)/C(C)=C/CC1)C2(C)C,WQLVGRORJXHSLF-BXZMJSRDSA-N,154824254,hit,CID154824254,NO_CID_939f30d9dcb4,,hit,1,,1,1,1,1
1807,NC(Cc1c[nH]c2cccc(N3CCOCC3)c12)C(=O)O,True,NC(Cc1c[nH]c2cccc(N3CCOCC3)c12)C(=O)O,NC(Cc1c[nH]c2cccc(N3CCOCC3)c12)C(=O)O,WQNXVTQXBKIYAR-UHFFFAOYSA-N,122499598,hit,CID122499598,NO_CID_51602aabc138,,hit,1,,1,1,1,1
1808,OC[C@H]1OC(O)[C@H](O)[C@H](O)[C@@H]1O,True,OCC1OC(O)C(O)C(O)C1O,OC[C@H]1OC(O)[C@H](O)[C@H](O)[C@@H]1O,WQZGKKKJIJFFOK-IVMDWMLBSA-N,439507,hit,CID439507,NO_CID_8332ddc61c57,,hit,1,,1,1,1,1
1809,CC(C)=CCC/C(C)=C/C[NH2+][C@@H](CCC(=O)[O-])C(=O)[O-],True,CC(C)=CCCC(C)=CC[NH2+]C(CCC(=O)[O-])C(=O)[O-],CC(C)=CCC/C(C)=C/C[NH2+][C@@H](CCC(=O)[O-])C(=O)[O-],WRAUYKHQSOIVEN-SRXBQZRASA-M,145864991,hit,CID145864991,NO_CID_42fc0bf212a9,,hit,1,,1,1,1,1
1810,CC(C)=CCCC(C)=CC[NH2+]C(CCC(=O)[O-])C(=O)[O-],True,CC(C)=CCCC(C)=CC[NH2+]C(CCC(=O)[O-])C(=O)[O-],CC(C)=CCCC(C)=CC[NH2+]C(CCC(=O)[O-])C(=O)[O-],WRAUYKHQSOIVEN-UHFFFAOYSA-M,,cid0_no_match,NO_CID_dc33c2514d71,NO_CID_dc33c2514d71,,cid0_no_match,0,,1,1,1,1
1811,I[I-]I,True,I[I-]I,I[I-]I,WRTMQOHKMFDUKX-UHFFFAOYSA-N,105054,hit,CID105054,NO_CID_d0b826859b0f,,hit,1,,1,1,1,1
1812,CC1=CCC(O)(C(C)C)CC1,True,CC1=CCC(O)(C(C)C)CC1,CC1=CCC(O)(C(C)C)CC1,WRYLYDPHFGVWKC-UHFFFAOYSA-N,11230,hit,CID11230,NO_CID_e3d027c2c148,,hit,1,,1,1,1,1
1813,COc1cccc2oc3c4c(cc(OC)c3c(=O)c12)O[C@H]1OCC[C@@H]41,True,COc1cccc2oc3c4c(cc(OC)c3c(=O)c12)OC1OCCC41,COc1cccc2oc3c4c(cc(OC)c3c(=O)c12)O[C@H]1OCC[C@@H]41,WSBZDTWHZJNGKQ-ZRNGKTOUSA-N,14608351,hit,CID14608351,NO_CID_5506c6a42c22,,hit,1,,1,0,1,1
1814,C[C@]12CCC(=O)C=C1CC[C@@H]1[C@@H]2[C@@H](O)C[C@]2(C)C(=O)CC[C@@H]12,True,CC12CC(O)C3C(CCC4=CC(=O)CCC43C)C1CCC2=O,C[C@]12CCC(=O)C=C1CC[C@@H]1[C@@H]2[C@@H](O)C[C@]2(C)C(=O)CC[C@@H]12,WSCUHXPGYUMQEX-KCZNZURUSA-N,94141,hit,CID94141,NO_CID_4b81a0d329e3,,hit,1,,1,1,1,1
1815,CSc1cccc2c1c(CC(N)C(=O)O)cn2C,True,CSc1cccc2c1c(CC(N)C(=O)O)cn2C,CSc1cccc2c1c(CC(N)C(=O)O)cn2C,WSHLADSPNNYGSX-UHFFFAOYSA-N,122499534,hit,CID122499534,NO_CID_3d61f5e2b164,,hit,1,,1,1,1,1
1816,CC(C)c1ccc2c(c1)CC[C@H]1[C@](C)(CO)CCC[C@]21C,True,CC(C)c1ccc2c(c1)CCC1C(C)(CO)CCCC21C,CC(C)c1ccc2c(c1)CC[C@H]1[C@](C)(CO)CCC[C@]21C,WSKGRAGZAQRSED-SLFFLAALSA-N,15586718,hit,CID15586718,NO_CID_39bbbc169f2d,,hit,1,,1,1,1,1
1817,CC(C)=CCC[C@@H](C)[C@H]1CC[C@@]2(C)[C@@H]3CC=C4[C@@H](CC[C@H](O)C4(C)C)[C@]3(C)CC[C@]12C,True,CC(C)=CCCC(C)C1CCC2(C)C3CC=C4C(CCC(O)C4(C)C)C3(C)CCC12C,CC(C)=CCC[C@@H](C)[C@H]1CC[C@@]2(C)[C@@H]3CC=C4[C@@H](CC[C@H](O)C4(C)C)[C@]3(C)CC[C@]12C,WSPRAEIJBDUDRX-FBJXRMALSA-N,14543446,hit,CID14543446,NO_CID_50435a536842,,hit,1,,1,1,1,1
1818,N[C@@H](Cc1ccc(O)c(O)c1)C(=O)O,True,NC(Cc1ccc(O)c(O)c1)C(=O)O,N[C@@H](Cc1ccc(O)c(O)c1)C(=O)O,WTDRDQBEARUVNC-LURJTMIESA-N,6047,hit,CID6047,NO_CID_71b8659fc772,,hit,1,,1,1,1,1
1819,C=C(C)[C@@H]1CCC2=CC(=O)C[C@@H](C)[C@]2(C)C1,True,C=C(C)C1CCC2=CC(=O)CC(C)C2(C)C1,C=C(C)[C@@H]1CCC2=CC(=O)C[C@@H](C)[C@]2(C)C1,WTOYNNBCKUYIKC-JMSVASOKSA-N,1268142,hit,CID1268142,NO_CID_9e83cdffb6b6,,hit,1,,1,1,0,1
1820,C=C[C@@]1(C)[C@@H](O)CC[C@]2(C)[C@H]3CC=C4[C@@H]5CC(C)(C)CC[C@]5(C)CC[C@@]4(C)[C@]3(C)CC[C@@H]12,True,C=CC1(C)C(O)CCC2(C)C1CCC1(C)C2CC=C2C3CC(C)(C)CCC3(C)CCC21C,C=C[C@@]1(C)[C@@H](O)CC[C@]2(C)[C@H]3CC=C4[C@@H]5CC(C)(C)CC[C@]5(C)CC[C@@]4(C)[C@]3(C)CC[C@@H]12,WTXVHAMZAVNGSN-YUNQHRCPSA-N,,cid0_no_match,NO_CID_5c39bf3db737,NO_CID_5c39bf3db737,,cid0_no_match,0,,1,1,1,1
1821,CC(C)CCCCCCCCCC/C=C\C(=O)O,True,CC(C)CCCCCCCCCCC=CC(=O)O,CC(C)CCCCCCCCCC/C=C\C(=O)O,WTXXSZUATXIAJO-OWBHPGMISA-N,92136105,hit,CID92136105,NO_CID_5c64d7cf40f7,,hit,1,,1,1,1,1
1822,COc1ccc(-c2coc3cc(O)cc(O)c3c2=O)cc1,True,COc1ccc(-c2coc3cc(O)cc(O)c3c2=O)cc1,COc1ccc(-c2coc3cc(O)cc(O)c3c2=O)cc1,WUADCCWRTIWANL-UHFFFAOYSA-N,5280373,hit,CID5280373,NO_CID_b9904ac414ca,,hit,1,,1,1,1,1
1823,COc1ccc(CC(=O)O)cc1OC,True,COc1ccc(CC(=O)O)cc1OC,COc1ccc(CC(=O)O)cc1OC,WUAXWQRULBZETB-UHFFFAOYSA-N,7139,hit,CID7139,NO_CID_85b40c2cde52,,hit,1,,1,1,1,1
1824,CC1=C[C@H](O/C=C(\C=C\C2=C(C)CCCC2(C)C)C(=O)O)OC1=O,True,CC1=CC(OC=C(C=CC2=C(C)CCCC2(C)C)C(=O)O)OC1=O,CC1=C[C@H](O/C=C(\C=C\C2=C(C)CCCC2(C)C)C(=O)O)OC1=O,WUBRWXCVIPHXLX-XMAHBSJYSA-N,154726877,hit,CID154726877,NO_CID_67e1a055301e,,hit,1,,1,1,1,1
1825,CC1=CC[C@@H](C(C)(C)O)CC1,True,CC1=CCC(C(C)(C)O)CC1,CC1=CC[C@@H](C(C)(C)O)CC1,WUOACPNHFRMFPN-SECBINFHSA-N,443162,hit,CID443162,NO_CID_18773aedc4cd,,hit,1,,1,1,0,1
1826,NC(Cc1c[nH]c2cccc(-c3ccccc3)c12)C(=O)O,True,NC(Cc1c[nH]c2cccc(-c3ccccc3)c12)C(=O)O,NC(Cc1c[nH]c2cccc(-c3ccccc3)c12)C(=O)O,WVPSILZSHWFVHI-UHFFFAOYSA-N,122499646,hit,CID122499646,NO_CID_16ca408730d4,,hit,1,,1,1,1,1
1827,CC(=O)OC1CC2C(C)(C)C(=O)C=CC2(C)C2CCC3(C)C(=CCC3C(CO)CC(O)C3OC3(C)C)C12C,True,CC(=O)OC1CC2C(C)(C)C(=O)C=CC2(C)C2CCC3(C)C(=CCC3C(CO)CC(O)C3OC3(C)C)C12C,CC(=O)OC1CC2C(C)(C)C(=O)C=CC2(C)C2CCC3(C)C(=CCC3C(CO)CC(O)C3OC3(C)C)C12C,WWUAPUNRXYKGPI-UHFFFAOYSA-N,,cid0_no_match,NO_CID_f5e4ec121b3b,NO_CID_f5e4ec121b3b,,cid0_no_match,0,,1,1,1,1
1828,O=C(O)/C=C/c1cccc([N+](=O)[O-])c1,True,O=C(O)C=Cc1cccc([N+](=O)[O-])c1,O=C(O)/C=C/c1cccc([N+](=O)[O-])c1,WWXMVRYHLZMQIG-SNAWJCMRSA-N,687126,hit,CID687126,NO_CID_69dd9b22a5cb,,hit,1,,1,1,1,1
1829,CCCCCCCC(=O)O,True,CCCCCCCC(=O)O,CCCCCCCC(=O)O,WWZKQHOCKIZLMA-UHFFFAOYSA-N,379,hit,CID379,NO_CID_650a76d64291,,hit,1,,1,1,1,1
1830,O=C(O)CCCCc1ccco1,True,O=C(O)CCCCc1ccco1,O=C(O)CCCCc1ccco1,WXTKIFAAJBAEEH-UHFFFAOYSA-N,12594357,hit,CID12594357,NO_CID_da787cd11313,,hit,1,,1,1,1,1
1831,CC(=O)[C@@]1(O)CC[C@@H]2[C@H]3CC=C4C[C@@H](O)CC[C@@]4(C)[C@@H]3C(=O)C[C@]21C,True,CC(=O)C1(O)CCC2C3CC=C4CC(O)CCC4(C)C3C(=O)CC21C,CC(=O)[C@@]1(O)CC[C@@H]2[C@H]3CC=C4C[C@@H](O)CC[C@@]4(C)[C@@H]3C(=O)C[C@]21C,WZLPMEFLVNRRPZ-JSUYNQPISA-N,,cid0_no_match,NO_CID_46ebaae94afb,NO_CID_46ebaae94afb,,cid0_no_match,0,,1,1,1,1
1832,O=C1N[C@@H](Cc2ccc(O)cc2)CN[C@H]1Cc1ccc(O)cc1,True,O=C1NC(Cc2ccc(O)cc2)CNC1Cc1ccc(O)cc1,O=C1N[C@@H](Cc2ccc(O)cc2)CN[C@H]1Cc1ccc(O)cc1,WZUSPDRVLVOBKD-YOEHRIQHSA-N,71305054,hit,CID71305054,NO_CID_59c3c43e036d,,hit,1,,1,1,1,1
1833,CC1CC(=O)C2=C1CCCC2,True,CC1CC(=O)C2=C1CCCC2,CC1CC(=O)C2=C1CCCC2,XAIDJKMHAGUWQN-UHFFFAOYSA-N,11105531,hit,CID11105531,NO_CID_e66e9bf6f8c3,,hit,1,,1,1,1,1
1834,CC[C@@]1(C)Oc2cc(ccc2O)[C@@H](O)[C@H](NC)C(=O)N[C@@H](C)C(=O)N[C@@H]1C(=O)NCC(=O)O,True,CCC1(C)Oc2cc(ccc2O)C(O)C(NC)C(=O)NC(C)C(=O)NC1C(=O)NCC(=O)O,CC[C@@]1(C)Oc2cc(ccc2O)[C@@H](O)[C@H](NC)C(=O)N[C@@H](C)C(=O)N[C@@H]1C(=O)NCC(=O)O,XAJYTGHEDODUTC-KILRJQPKSA-N,10367264,hit,CID10367264,NO_CID_3e5b0d38e207,,hit,1,,1,1,1,1
1835,CC[C@]1(O)Cc2c(O)c3c(c(O)c2[C@@H](O[C@H]2C[C@H](N)[C@H](O)[C@H](C)O2)C1)C(=O)c1c(OC)cccc1C3=O,True,CCC1(O)Cc2c(O)c3c(c(O)c2C(OC2CC(N)C(O)C(C)O2)C1)C(=O)c1c(OC)cccc1C3=O,CC[C@]1(O)Cc2c(O)c3c(c(O)c2[C@@H](O[C@H]2C[C@H](N)[C@H](O)[C@H](C)O2)C1)C(=O)c1c(OC)cccc1C3=O,XAMIMZAWZUSOPA-JIGXQNLBSA-N,157384,hit,CID157384,NO_CID_d9a2b38b0a46,,hit,1,,1,1,1,1
1836,COc1cccc2c(CC(N)C(=O)O)c(C)n(C)c12,True,COc1cccc2c(CC(N)C(=O)O)c(C)n(C)c12,COc1cccc2c(CC(N)C(=O)O)c(C)n(C)c12,XAWLANPWIIFWTI-UHFFFAOYSA-N,82666344,hit,CID82666344,NO_CID_3c51e76fb723,,hit,1,,1,1,1,1
1837,CCCCC/C=C\C/C=C\C/C=C\C/C=C\CCCC(=O)OCC(O)COP(=O)(O)O,True,CCCCCC=CCC=CCC=CCC=CCCCC(=O)OCC(O)COP(=O)(O)O,CCCCC/C=C\C/C=C\C/C=C\C/C=C\CCCC(=O)OCC(O)COP(=O)(O)O,XBFQFMCUPHZKTI-DOFZRALJSA-N,57616143,hit,CID57616143,NO_CID_1b443e4173ea,,hit,1,,1,1,1,1
1838,CSc1ccc2c(c1)c(CC(N)C(=O)O)c(C)n2C,True,CSc1ccc2c(c1)c(CC(N)C(=O)O)c(C)n2C,CSc1ccc2c(c1)c(CC(N)C(=O)O)c(C)n2C,XBUOWOQWVQWVEG-UHFFFAOYSA-N,122499669,hit,CID122499669,NO_CID_96f06581ed58,,hit,1,,1,1,1,1
1839,Cn1cc(CC(N)C(=O)O)c2cccc(Cl)c21,True,Cn1cc(CC(N)C(=O)O)c2cccc(Cl)c21,Cn1cc(CC(N)C(=O)O)c2cccc(Cl)c21,XCIMVAMRLXNZLU-UHFFFAOYSA-N,82665253,hit,CID82665253,NO_CID_c0ac28e1d910,,hit,1,,1,1,1,1
1840,C=C[C@@]1(C)C=C2CC[C@@H]3C(C)(C)CCC[C@@]3(C)[C@@H]2CC1,True,C=CC1(C)C=C2CCC3C(C)(C)CCCC3(C)C2CC1,C=C[C@@]1(C)C=C2CC[C@@H]3C(C)(C)CCC[C@@]3(C)[C@@H]2CC1,XDSYKASBVOZOAG-LFGUQSLTSA-N,12314278,hit,CID12314278,NO_CID_451d76f3de02,,hit,1,,1,1,1,1
1841,C=C[C@]1(C)C=C2CC[C@H]3C(C)(C)CCC[C@]3(C)[C@H]2CC1,True,C=CC1(C)C=C2CCC3C(C)(C)CCCC3(C)C2CC1,C=C[C@]1(C)C=C2CC[C@H]3C(C)(C)CCC[C@]3(C)[C@H]2CC1,XDSYKASBVOZOAG-QGZVKYPTSA-N,443469,hit,CID443469,NO_CID_04e7e2f7b81e,,hit,1,,1,1,1,1
1842,C=C[C@@]1(C)C=C2CC[C@H]3C(C)(C)CCC[C@]3(C)[C@H]2CC1,True,C=CC1(C)C=C2CCC3C(C)(C)CCCC3(C)C2CC1,C=C[C@@]1(C)C=C2CC[C@H]3C(C)(C)CCC[C@]3(C)[C@H]2CC1,XDSYKASBVOZOAG-RAUXBKROSA-N,440909,hit,CID440909,NO_CID_903cf54b6968,,hit,1,,1,1,1,1
1843,C1CCCCC1,True,C1CCCCC1,C1CCCCC1,XDTMQSROBMDMFD-UHFFFAOYSA-N,8078,hit,CID8078,NO_CID_a21c4f64dcc5,,hit,1,,1,1,1,1
1844,CCCCCCCC/C=C\CCCCCCCC(=O)SCCNC(=O)CCNC(=O)[C@H](O)C(C)(C)COP(=O)(O)OP(=O)(O)OC[C@H]1O[C@@H](n2cnc3c(N)ncnc32)[C@H](O)[C@@H]1OP(=O)(O)O,True,CCCCCCCCC=CCCCCCCCC(=O)SCCNC(=O)CCNC(=O)C(O)C(C)(C)COP(=O)(O)OP(=O)(O)OCC1OC(n2cnc3c(N)ncnc32)C(O)C1OP(=O)(O)O,CCCCCCCC/C=C\CCCCCCCC(=O)SCCNC(=O)CCNC(=O)[C@H](O)C(C)(C)COP(=O)(O)OP(=O)(O)OC[C@H]1O[C@@H](n2cnc3c(N)ncnc32)[C@H](O)[C@@H]1OP(=O)(O)O,XDUHQPOXLUAVEE-BPMMELMSSA-N,5497111,hit,CID5497111,NO_CID_c54134753df4,,hit,1,,1,1,1,1
1845,Cc1[nH]c2cc(N3CCOCC3)ccc2c1CC(N)C(=O)O,True,Cc1[nH]c2cc(N3CCOCC3)ccc2c1CC(N)C(=O)O,Cc1[nH]c2cc(N3CCOCC3)ccc2c1CC(N)C(=O)O,XDULOCWIZKTUTF-UHFFFAOYSA-N,122499656,hit,CID122499656,NO_CID_5b68934118aa,,hit,1,,1,1,1,1
1846,Cn1cc(CC(N)C(=O)O)c2c(F)cccc21,True,Cn1cc(CC(N)C(=O)O)c2c(F)cccc21,Cn1cc(CC(N)C(=O)O)c2c(F)cccc21,XEEVIJGNUUHSHD-UHFFFAOYSA-N,82663705,hit,CID82663705,NO_CID_98fe99254454,,hit,1,,1,1,1,1
1847,CC(C)=CCOC(C)(C)[C@H]1O[C@H]2CC[C@@]3(C)[C@@](O)(CC[C@H]4Cc5c([nH]c6ccc7c(c56)C[C@@H]5[C@@H](C7=O)C(C)(C)OC5(C)C)[C@@]43C)[C@]23O[C@@H]3[C@@H]1O,True,CC(C)=CCOC(C)(C)C1OC2CCC3(C)C4(C)c5[nH]c6ccc7c(c6c5CC4CCC3(O)C23OC3C1O)CC1C(C7=O)C(C)(C)OC1(C)C,CC(C)=CCOC(C)(C)[C@H]1O[C@H]2CC[C@@]3(C)[C@@](O)(CC[C@H]4Cc5c([nH]c6ccc7c(c56)C[C@@H]5[C@@H](C7=O)C(C)(C)OC5(C)C)[C@@]43C)[C@]23O[C@@H]3[C@@H]1O,XERCMAQJPCQQAO-OKQVYEMSSA-N,72734305,hit,CID72734305,NO_CID_f722378f4383,,hit,1,,1,1,1,1
1848,O=c1c2cccc(O)c2oc2cc(O)cc(O)c12,True,O=c1c2cccc(O)c2oc2cc(O)cc(O)c12,O=c1c2cccc(O)c2oc2cc(O)cc(O)c12,XESIWQIMUSNPRO-UHFFFAOYSA-N,5281663,hit,CID5281663,NO_CID_8a45d90a6c30,,hit,1,,1,1,1,1
1849,CCCCC[C@H](O)/C=C/[C@H]1[C@H](O)CC(=O)[C@@H]1C/C=C\CCCC(=O)O,True,CCCCCC(O)C=CC1C(O)CC(=O)C1CC=CCCCC(=O)O,CCCCC[C@H](O)/C=C/[C@H]1[C@H](O)CC(=O)[C@@H]1C/C=C\CCCC(=O)O,XEYBRNLFEZDVAW-ARSRFYASSA-N,5280360,hit,CID5280360,NO_CID_39c48ebeb435,,hit,1,,1,1,1,1
1850,C/C(=C\CO)CC[C@@]1(O)[C@H](C)CC[C@H]2C(C)(C)CCC[C@@]21C,True,CC(=CCO)CCC1(O)C(C)CCC2C(C)(C)CCCC21C,C/C(=C\CO)CC[C@@]1(O)[C@H](C)CC[C@H]2C(C)(C)CCC[C@@]21C,XFADQGUJWIMYJI-UEHSRLBXSA-N,7092583,hit,CID7092583,NO_CID_d6d59dea4cd5,,hit,1,,1,1,1,1
1851,CC(=O)OC1OC(C2OC2(C)C)CC1C1CC=C2C1(C)CCC1C3(C)CCC(=O)OC(C)(C)C3CC(O)C21C,True,CC(=O)OC1OC(C2OC2(C)C)CC1C1CC=C2C1(C)CCC1C3(C)CCC(=O)OC(C)(C)C3CC(O)C21C,CC(=O)OC1OC(C2OC2(C)C)CC1C1CC=C2C1(C)CCC1C3(C)CCC(=O)OC(C)(C)C3CC(O)C21C,XFBKYNDAKVXPHE-UHFFFAOYSA-N,162959999,hit,CID162959999,NO_CID_8f6effb15f22,,hit,1,,1,1,1,1
1852,COC(=O)C1=CO[C@@H](O[C@@H]2O[C@H](CO)[C@@H](O)[C@H](O)[C@H]2O)[C@H]2[C@@H]1C=C[C@@]21C=C(CO)C(=O)O1,True,COC(=O)C1=COC(OC2OC(CO)C(O)C(O)C2O)C2C1C=CC21C=C(CO)C(=O)O1,COC(=O)C1=CO[C@@H](O[C@@H]2O[C@H](CO)[C@@H](O)[C@H](O)[C@H]2O)[C@H]2[C@@H]1C=C[C@@]21C=C(CO)C(=O)O1,XFIOZCMKPNZOII-RJMCEWFISA-N,453214,hit,CID453214,NO_CID_2717d6118d0c,,hit,1,,1,1,1,1
1853,CSc1ccc(F)cc1,True,CSc1ccc(F)cc1,CSc1ccc(F)cc1,XFUMHENRNCUHOH-UHFFFAOYSA-N,3083565,hit,CID3083565,NO_CID_0d0707b8d8dd,,hit,1,,1,1,1,1
1854,O=C(O)C(O)Cc1c[nH]c2ccccc12,True,O=C(O)C(O)Cc1c[nH]c2ccccc12,O=C(O)C(O)Cc1c[nH]c2ccccc12,XGILAAMKEQUXLS-UHFFFAOYSA-N,92904,hit,CID92904,NO_CID_7ac57cf71c61,,hit,1,,1,1,1,1
1855,CC(C)[C@@H](C)C[C@H](O)[C@@H](C)[C@H]1CC[C@H]2[C@@H]3CC[C@H]4CC(=O)CC[C@]4(C)[C@H]3CC[C@]12C,True,CC(C)C(C)CC(O)C(C)C1CCC2C3CCC4CC(=O)CCC4(C)C3CCC12C,CC(C)[C@@H](C)C[C@H](O)[C@@H](C)[C@H]1CC[C@H]2[C@@H]3CC[C@H]4CC(=O)CC[C@]4(C)[C@H]3CC[C@]12C,XGIZPVUTLMXXTK-AGHAXPQUSA-N,,cid0_no_match,NO_CID_33e4f5d4bd0c,NO_CID_33e4f5d4bd0c,,cid0_no_match,0,,1,1,1,1
1856,CC(C)C(C)CC(O)C(C)C1CCC2C3CCC4CC(=O)CCC4(C)C3CCC12C,True,CC(C)C(C)CC(O)C(C)C1CCC2C3CCC4CC(=O)CCC4(C)C3CCC12C,CC(C)C(C)CC(O)C(C)C1CCC2C3CCC4CC(=O)CCC4(C)C3CCC12C,XGIZPVUTLMXXTK-UHFFFAOYSA-N,74089750,hit,CID74089750,NO_CID_7e446705d8d8,,hit,1,,1,1,1,1
1857,CC(C)[C@H](C)C[C@H](O)[C@@H](C)[C@H]1CC[C@H]2[C@@H]3CC[C@H]4CC(=O)CC[C@]4(C)[C@H]3CC[C@]12C,True,CC(C)C(C)CC(O)C(C)C1CCC2C3CCC4CC(=O)CCC4(C)C3CCC12C,CC(C)[C@H](C)C[C@H](O)[C@@H](C)[C@H]1CC[C@H]2[C@@H]3CC[C@H]4CC(=O)CC[C@]4(C)[C@H]3CC[C@]12C,XGIZPVUTLMXXTK-VNSZYHACSA-N,46878488,hit,CID46878488,NO_CID_915d3facfb5b,,hit,1,,1,1,1,1
1858,C[C@]12CC[C@H]3[C@@H](CCC4=CC(=O)CC[C@@]43CO)[C@@H]1CCC2=O,True,CC12CCC3C(CCC4=CC(=O)CCC43CO)C1CCC2=O,C[C@]12CC[C@H]3[C@@H](CCC4=CC(=O)CC[C@@]43CO)[C@@H]1CCC2=O,XGUHPTGEXRHMQQ-BGJMDTOESA-N,252379,hit,CID252379,NO_CID_2daf994bba47,,hit,1,,1,1,1,1
1859,NC(Cc1ccc2c(c1)OCO2)C(=O)O,True,NC(Cc1ccc2c(c1)OCO2)C(=O)O,NC(Cc1ccc2c(c1)OCO2)C(=O)O,XHBLRJRZRFZSGW-UHFFFAOYSA-N,584658,hit,CID584658,NO_CID_1a9e2a697a6a,,hit,1,,1,1,1,1
1860,C=C1CC[C@@H]2[C@](C)(CO)CCC[C@@]2(C)[C@@H]1CC/C(C=O)=C/CO,True,C=C1CCC2C(C)(CO)CCCC2(C)C1CCC(C=O)=CCO,C=C1CC[C@@H]2[C@](C)(CO)CCC[C@@]2(C)[C@@H]1CC/C(C=O)=C/CO,XHEQGRCTVBIKHQ-MBLHVHFBSA-N,,cid0_no_match,NO_CID_f9943e4cf523,NO_CID_f9943e4cf523,,cid0_no_match,0,,1,1,1,1
1861,Cn1cc(CC(N)C(=O)O)c2ccc(Br)cc21,True,Cn1cc(CC(N)C(=O)O)c2ccc(Br)cc21,Cn1cc(CC(N)C(=O)O)c2ccc(Br)cc21,XHKVSCKKCLNCCG-UHFFFAOYSA-N,84644350,hit,CID84644350,NO_CID_274d81a3c49a,,hit,1,,1,1,1,1
1862,COc1cccc(C(=O)[O-])c1,True,COc1cccc(C(=O)[O-])c1,COc1cccc(C(=O)[O-])c1,XHQZJYCNDZAGLW-UHFFFAOYSA-M,3433717,hit,CID3433717,NO_CID_a12b09c4ab1f,,hit,1,,1,1,1,1
1863,COc1cccc(C(=O)O)c1,True,COc1cccc(C(=O)O)c1,COc1cccc(C(=O)O)c1,XHQZJYCNDZAGLW-UHFFFAOYSA-N,11461,hit,CID11461,NO_CID_86fa0fe42e39,,hit,1,,1,1,1,1
1864,CC(C)CCCC(C)C1CCC2C3CCC4CCCCC4(C)C3CCC12C,True,CC(C)CCCC(C)C1CCC2C3CCC4CCCCC4(C)C3CCC12C,CC(C)CCCC(C)C1CCC2C3CCC4CCCCC4(C)C3CCC12C,XIIAYQZJNBULGD-UHFFFAOYSA-N,10202,hit,CID10202,NO_CID_e88699ef5471,,hit,1,,1,1,1,1
1865,Cc1c(CC(N)C(=O)O)c2cccc(F)c2n1C,True,Cc1c(CC(N)C(=O)O)c2cccc(F)c2n1C,Cc1c(CC(N)C(=O)O)c2cccc(F)c2n1C,XIOBWHXFTZVAQD-UHFFFAOYSA-N,122499630,hit,CID122499630,NO_CID_f05561a1f051,,hit,1,,1,1,1,1
1866,Cc1c(CC(N)C(=O)O)c2c(Cl)cccc2n1C,True,Cc1c(CC(N)C(=O)O)c2c(Cl)cccc2n1C,Cc1c(CC(N)C(=O)O)c2c(Cl)cccc2n1C,XIWZYKLIOCPTLC-UHFFFAOYSA-N,122499634,hit,CID122499634,NO_CID_f25fbb9ae2c9,,hit,1,,1,1,1,1
1867,COc1ccc2c(c1)c(CC(N)C=O)c(C)n2C,True,COc1ccc2c(c1)c(CC(N)C=O)c(C)n2C,COc1ccc2c(c1)c(CC(N)C=O)c(C)n2C,XJHFAQFWEIQWES-UHFFFAOYSA-N,,cid0_no_match,NO_CID_c0d5eb44f985,NO_CID_c0d5eb44f985,,cid0_no_match,0,,1,1,1,1
1868,COc1ccc2c(c1)c(CC(N)C(=O)O)cn2C,True,COc1ccc2c(c1)c(CC(N)C(=O)O)cn2C,COc1ccc2c(c1)c(CC(N)C(=O)O)cn2C,XJLAZLPGSYLMBA-UHFFFAOYSA-N,82665111,hit,CID82665111,NO_CID_d1fd6eeb32f9,,hit,1,,1,1,1,1
1869,C=C(CC[C@@H](C)[C@H]1CC[C@@]2(C)C3=C(CC[C@]12C)[C@@]1(C)CC[C@H](O)C(C)(C)[C@@H]1CC3)C(C)C,True,C=C(CCC(C)C1CCC2(C)C3=C(CCC12C)C1(C)CCC(O)C(C)(C)C1CC3)C(C)C,C=C(CC[C@@H](C)[C@H]1CC[C@@]2(C)C3=C(CC[C@]12C)[C@@]1(C)CC[C@H](O)C(C)(C)[C@@H]1CC3)C(C)C,XJLZCPIILZRCPS-ANMPWZFDSA-N,9803310,hit,CID9803310,NO_CID_be5bf98d908a,,hit,1,,1,1,1,1
1870,C=C(CC[C@@H](C)[C@H]1CC[C@]2(C)C3=C(CC[C@]12C)[C@@]1(C)CC[C@H](O)C(C)(C)[C@@H]1CC3)C(C)C,True,C=C(CCC(C)C1CCC2(C)C3=C(CCC12C)C1(C)CCC(O)C(C)(C)C1CC3)C(C)C,C=C(CC[C@@H](C)[C@H]1CC[C@]2(C)C3=C(CC[C@]12C)[C@@]1(C)CC[C@H](O)C(C)(C)[C@@H]1CC3)C(C)C,XJLZCPIILZRCPS-VAPIERHISA-N,163194664,hit,CID163194664,NO_CID_67696cf1f0b0,,hit,1,,1,1,1,1
1871,CC1=CC2c3cccc4[nH]cc(c34)CC2N(C)C1,True,CC1=CC2c3cccc4[nH]cc(c34)CC2N(C)C1,CC1=CC2c3cccc4[nH]cc(c34)CC2N(C)C1,XJOOMMHNYOJWCZ-UHFFFAOYSA-N,287403,hit,CID287403,NO_CID_16d107440eec,,hit,1,,1,1,1,1
1872,CC1=C[C@@H]2c3cccc4[nH]cc(c34)C[C@H]2N(C)C1,True,CC1=CC2c3cccc4[nH]cc(c34)CC2N(C)C1,CC1=C[C@@H]2c3cccc4[nH]cc(c34)C[C@H]2N(C)C1,XJOOMMHNYOJWCZ-UKRRQHHQSA-N,73484,hit,CID73484,NO_CID_25c980bdcd43,,hit,1,,1,1,1,1
1873,C[C@@H](CO)CCC[C@@H](C)[C@H]1CC[C@H]2[C@@H]3[C@H](O)C[C@@H]4C[C@H](O)CC[C@]4(C)[C@H]3C[C@H](O)[C@]12C,True,CC(CO)CCCC(C)C1CCC2C3C(O)CC4CC(O)CCC4(C)C3CC(O)C12C,C[C@@H](CO)CCC[C@@H](C)[C@H]1CC[C@H]2[C@@H]3[C@H](O)C[C@@H]4C[C@H](O)CC[C@]4(C)[C@H]3C[C@H](O)[C@]12C,XJZGNVBLVFOSKJ-IUFSEJPUSA-N,24771793,hit,CID24771793,NO_CID_6a62e44e28b6,,hit,1,,1,1,1,1
1874,Clc1cc(Cl)cc(Cl)c1,True,Clc1cc(Cl)cc(Cl)c1,Clc1cc(Cl)cc(Cl)c1,XKEFYDZQGKAQCN-UHFFFAOYSA-N,7950,hit,CID7950,NO_CID_127e64593acc,,hit,1,,1,1,1,1
1875,COc1ccc(-c2coc3cc(O)ccc3c2=O)c(O)c1,True,COc1ccc(-c2coc3cc(O)ccc3c2=O)c(O)c1,COc1ccc(-c2coc3cc(O)ccc3c2=O)c(O)c1,XKHHKXCBFHUOHM-UHFFFAOYSA-N,5280551,hit,CID5280551,NO_CID_cc60db6fa7c0,,hit,1,,1,1,1,1
1876,Cc1[nH]c2ccc(-c3ccccc3)cc2c1CC(N)C(=O)O,True,Cc1[nH]c2ccc(-c3ccccc3)cc2c1CC(N)C(=O)O,Cc1[nH]c2ccc(-c3ccccc3)cc2c1CC(N)C(=O)O,XKHKOHLLOFXXSB-UHFFFAOYSA-N,122499600,hit,CID122499600,NO_CID_cbafb7579d03,,hit,1,,1,1,1,1
1877,CON(C)C(=O)Nc1ccc(Cl)c(Cl)c1,True,CON(C)C(=O)Nc1ccc(Cl)c(Cl)c1,CON(C)C(=O)Nc1ccc(Cl)c(Cl)c1,XKJMBINCVNINCA-UHFFFAOYSA-N,9502,hit,CID9502,NO_CID_6afcd4aadd71,,hit,1,,1,1,1,1
1878,CCC(C)CCCCCCCCCCC(=O)O,True,CCC(C)CCCCCCCCCCC(=O)O,CCC(C)CCCCCCCCCCC(=O)O,XKLJLHAPJBUBNL-UHFFFAOYSA-N,21672,hit,CID21672,NO_CID_2dcde6e877de,,hit,1,,1,1,1,1
1879,C=C1C[C@]23CC[C@H]1C[C@H]2[C@]1(C=O)CCCC(C)(C)[C@H]1CC3,True,C=C1CC23CCC1CC2C1(C=O)CCCC(C)(C)C1CC3,C=C1C[C@]23CC[C@H]1C[C@H]2[C@]1(C=O)CCCC(C)(C)[C@H]1CC3,XMAJFOROQFKCCD-PNDFQMOFSA-N,170780626,hit,CID170780626,NO_CID_f8c9744cdc95,,hit,1,,1,1,1,1
1880,C=C(C)[C@H]1CC=C(C)CC1,True,C=C(C)C1CC=C(C)CC1,C=C(C)[C@H]1CC=C(C)CC1,XMGQYMWWDOXHJM-JTQLQIEISA-N,440917,hit,CID440917,NO_CID_fee8c90207ae,,hit,1,,1,1,1,1
1881,C=C(C)[C@@H]1CC=C(C)CC1,True,C=C(C)C1CC=C(C)CC1,C=C(C)[C@@H]1CC=C(C)CC1,XMGQYMWWDOXHJM-SNVBAGLBSA-N,439250,hit,CID439250,NO_CID_f5deacbf3335,,hit,1,,1,1,1,1
1882,C=C(C)C1CC=C(C)CC1,True,C=C(C)C1CC=C(C)CC1,C=C(C)C1CC=C(C)CC1,XMGQYMWWDOXHJM-UHFFFAOYSA-N,22311,hit,CID22311,NO_CID_2366461d4b7d,,hit,1,,1,1,1,1
1883,CCCCCCCCCCCCCCCCCCCCCCCCCC(=O)[O-],True,CCCCCCCCCCCCCCCCCCCCCCCCCC(=O)[O-],CCCCCCCCCCCCCCCCCCCCCCCCCC(=O)[O-],XMHIUKTWLZUKEX-UHFFFAOYSA-M,5461023,hit,CID5461023,NO_CID_7e7c81b3384d,,hit,1,,1,1,1,1
1884,COc1cccc2c(CC(N)C(=O)O)cn(C)c12,True,COc1cccc2c(CC(N)C(=O)O)cn(C)c12,COc1cccc2c(CC(N)C(=O)O)cn(C)c12,XMLLUVYFFXKNFO-UHFFFAOYSA-N,82665113,hit,CID82665113,NO_CID_fbf24970cbde,,hit,1,,1,1,1,1
1885,CC/C=C\CC1=C(C)CCC1=O,True,CCC=CCC1=C(C)CCC1=O,CC/C=C\CC1=C(C)CCC1=O,XMLSXPIVAXONDL-PLNGDYQASA-N,1549018,hit,CID1549018,NO_CID_67ae9ce81aa0,,hit,1,,1,1,1,1
1886,COC(=O)c1ccccc1CS(=O)(=O)NC(=O)Nc1nc(OC)cc(OC)n1,True,COC(=O)c1ccccc1CS(=O)(=O)NC(=O)Nc1nc(OC)cc(OC)n1,COC(=O)c1ccccc1CS(=O)(=O)NC(=O)Nc1nc(OC)cc(OC)n1,XMQFTWRPUQYINF-UHFFFAOYSA-N,54960,hit,CID54960,NO_CID_a9bb02a9890a,,hit,1,,1,1,1,1
1887,C=C(C)[C@H]1C/C=C(\C)CC/C=C(\C)CC1,True,C=C(C)C1CC=C(C)CCC=C(C)CC1,C=C(C)[C@H]1C/C=C(\C)CC/C=C(\C)CC1,XMRKUJJDDKYUHV-DFSVIBJJSA-N,9548705,hit,CID9548705,NO_CID_04892d578ed8,,hit,1,,1,1,1,1
1888,C=C(C)C1C/C=C(\C)CC/C=C(\C)CC1,True,C=C(C)C1CC=C(C)CCC=C(C)CC1,C=C(C)C1C/C=C(\C)CC/C=C(\C)CC1,XMRKUJJDDKYUHV-SJRHNVSNSA-N,5835162,hit,CID5835162,NO_CID_b817456db39c,,hit,1,,1,1,1,1
1889,C=C(C)C1CC=C(C)CCC=C(C)CC1,True,C=C(C)C1CC=C(C)CCC=C(C)CC1,C=C(C)C1CC=C(C)CCC=C(C)CC1,XMRKUJJDDKYUHV-UHFFFAOYSA-N,3470,hit,CID3470,NO_CID_73dd453f11ec,,hit,1,,1,1,1,1
1890,C=C(C)[C@@H]1C/C=C(/C)CC/C=C(/C)CC1,True,C=C(C)C1CC=C(C)CCC=C(C)CC1,C=C(C)[C@@H]1C/C=C(/C)CC/C=C(/C)CC1,XMRKUJJDDKYUHV-ZCGSDFCLSA-N,6440527,hit,CID6440527,NO_CID_e85c493f3a71,,hit,1,,1,1,1,1
1891,CC(=O)[C@H]1CC[C@H]2[C@@H]3CC[C@H]4CC(=O)CC[C@]4(C)[C@H]3CC[C@]12C,True,CC(=O)C1CCC2C3CCC4CC(=O)CCC4(C)C3CCC12C,CC(=O)[C@H]1CC[C@H]2[C@@H]3CC[C@H]4CC(=O)CC[C@]4(C)[C@H]3CC[C@]12C,XMRPGKVKISIQBV-BJMCWZGWSA-N,92810,hit,CID92810,NO_CID_be1ea71d63d9,,hit,1,,1,1,1,1
1892,CN(C)C(=O)Nc1ccc(Cl)c(Cl)c1,True,CN(C)C(=O)Nc1ccc(Cl)c(Cl)c1,CN(C)C(=O)Nc1ccc(Cl)c(Cl)c1,XMTQQYYKAHVGBJ-UHFFFAOYSA-N,3120,hit,CID3120,NO_CID_dfe565d8b4d0,,hit,1,,1,1,1,1
1893,N#CC(SC[C@H](N)C(=O)O)c1c[nH]c2ccccc12,True,N#CC(SCC(N)C(=O)O)c1c[nH]c2ccccc12,N#CC(SC[C@H](N)C(=O)O)c1c[nH]c2ccccc12,XNBDZHNCVGUXMR-NUHJPDEHSA-N,86289098,hit,CID86289098,NO_CID_5d7c5e3e5b65,,hit,1,,1,1,1,1
1894,Cc1cccc2c(CC(N)C(=O)O)cn(C)c12,True,Cc1cccc2c(CC(N)C(=O)O)cn(C)c12,Cc1cccc2c(CC(N)C(=O)O)cn(C)c12,XNENPOKDJUEPEV-UHFFFAOYSA-N,82663203,hit,CID82663203,NO_CID_54fce1e89630,,hit,1,,1,0,1,1
1895,O=C1C=C(O)c2c(O)cc(O)cc2C1=O,True,O=C1C=C(O)c2c(O)cc(O)cc2C1=O,O=C1C=C(O)c2c(O)cc(O)cc2C1=O,XNPCAGMCQDGQKK-UHFFFAOYSA-N,160478,hit,CID160478_92703dd1d362,NO_CID_92703dd1d362,1423;1895,hit_with_collision,1,,1,1,1,1
1896,COc1ccc2c(C[C@@H]3NC(=O)[C@@H]4CCCN4C3=O)c(CC=C(C)C)[nH]c2c1,True,COc1ccc2c(CC3NC(=O)C4CCCN4C3=O)c(CC=C(C)C)[nH]c2c1,COc1ccc2c(C[C@@H]3NC(=O)[C@@H]4CCCN4C3=O)c(CC=C(C)C)[nH]c2c1,XNRPVPHNDQHWLJ-PMACEKPBSA-N,9929833,hit,CID9929833,NO_CID_6ff870ee2c60,,hit,1,,1,1,1,1
1897,COc1ccc2c(CC3NC(=O)C4CCCN4C3=O)c(CC=C(C)C)[nH]c2c1,True,COc1ccc2c(CC3NC(=O)C4CCCN4C3=O)c(CC=C(C)C)[nH]c2c1,COc1ccc2c(CC3NC(=O)C4CCCN4C3=O)c(CC=C(C)C)[nH]c2c1,XNRPVPHNDQHWLJ-UHFFFAOYSA-N,45934456,hit,CID45934456,NO_CID_765316370011,,hit,1,,1,1,1,1
1898,O=C(c1ccc(O)c(O)c1)c1c(O)cc(O)cc1O,True,O=C(c1ccc(O)c(O)c1)c1c(O)cc(O)cc1O,O=C(c1ccc(O)c(O)c1)c1c(O)cc(O)cc1O,XNWPXDGRBWJIES-UHFFFAOYSA-N,68213,hit,CID68213,NO_CID_1eeb0e089dbb,,hit,1,,1,1,1,1
1899,O=c1ccc2nc3ccc(OCc4ccccc4)cc3oc-2c1,True,O=c1ccc2nc3ccc(OCc4ccccc4)cc3oc-2c1,O=c1ccc2nc3ccc(OCc4ccccc4)cc3oc-2c1,XNZRYTITWLGTJS-UHFFFAOYSA-N,114982,hit,CID114982,NO_CID_08bc05ed386e,,hit,1,,1,1,1,1
1900,C=C1Cc2ccc3[nH]c4c5c3c2[C@H]2[C@@H]1C[C@@H]2C(C)(C)O[C@H]5[C@@H]1CC[C@@]2(O)C3=C[C@@H](O)[C@@H](C(=C)C)O[C@H]3CC[C@]2(C)[C@@]41C,True,C=C1Cc2ccc3[nH]c4c5c3c2C2C1CC2C(C)(C)OC5C1CCC2(O)C3=CC(O)C(C(=C)C)OC3CCC2(C)C41C,C=C1Cc2ccc3[nH]c4c5c3c2[C@H]2[C@@H]1C[C@@H]2C(C)(C)O[C@H]5[C@@H]1CC[C@@]2(O)C3=C[C@@H](O)[C@@H](C(=C)C)O[C@H]3CC[C@]2(C)[C@@]41C,XOASTWITKYDKAJ-PPQPEBMASA-N,3035208,hit,CID3035208,NO_CID_e2ff20a8807b,,hit,1,,1,1,1,1
1901,CC(C)=CCC[C@]1(C)[C@@H](O)CC[C@@]2(C)[C@H]1CC[C@H]1Cc3c([nH]c4ccccc34)[C@@]12C,True,CC(C)=CCCC1(C)C(O)CCC2(C)C1CCC1Cc3c([nH]c4ccccc34)C12C,CC(C)=CCC[C@]1(C)[C@@H](O)CC[C@@]2(C)[C@H]1CC[C@H]1Cc3c([nH]c4ccccc34)[C@@]12C,XOLHQUYGSUGTQA-DFGZTGKASA-N,9887568,hit,CID9887568,NO_CID_2a4b61db4f18,,hit,1,,1,1,1,1
1902,C/C1=C/C[C@@H](/C(C)=C/c2csc(C)n2)OC(=O)C[C@H](O)C(C)(C)C(=O)[C@H](C)[C@@H](O)[C@@H](C)CCC1,True,CC1=CCC(C(C)=Cc2csc(C)n2)OC(=O)CC(O)C(C)(C)C(=O)C(C)C(O)C(C)CCC1,C/C1=C/C[C@@H](/C(C)=C/c2csc(C)n2)OC(=O)C[C@H](O)C(C)(C)C(=O)[C@H](C)[C@@H](O)[C@@H](C)CCC1,XOZIUKBZLSUILX-GIQCAXHBSA-N,447865,hit,CID447865,NO_CID_63ae4191798e,,hit,1,,1,1,1,1
1903,Cc1c(CC(N)C(=O)O)c2c(-c3ccccc3)cccc2n1C,True,Cc1c(CC(N)C(=O)O)c2c(-c3ccccc3)cccc2n1C,Cc1c(CC(N)C(=O)O)c2c(-c3ccccc3)cccc2n1C,XQDDDYXBDNPEIC-UHFFFAOYSA-N,122499469,hit,CID122499469,NO_CID_c425e9b7b3a4,,hit,1,,1,1,1,1
1904,CC(C)C1CCC2C1(C)CCC1(C)C3=CCC4C(C)(CC(O)C(O)C4(C)C(=O)[O-])C3CCC21C,True,CC(C)C1CCC2C1(C)CCC1(C)C3=CCC4C(C)(CC(O)C(O)C4(C)C(=O)[O-])C3CCC21C,CC(C)C1CCC2C1(C)CCC1(C)C3=CCC4C(C)(CC(O)C(O)C4(C)C(=O)[O-])C3CCC21C,XQMZDRVRGJBBML-UHFFFAOYSA-M,,cid0_no_match,NO_CID_d7858f91e9d2,NO_CID_d7858f91e9d2,,cid0_no_match,0,,1,1,1,1
1905,CC[C@]1(C)NC(=O)[C@H](CCCCCC(=O)[C@@H](C)O)NC(=O)[C@H]2CCCN2C(=O)[C@H](Cc2ccccc2)NC1=O,True,CCC1(C)NC(=O)C(CCCCCC(=O)C(C)O)NC(=O)C2CCCN2C(=O)C(Cc2ccccc2)NC1=O,CC[C@]1(C)NC(=O)[C@H](CCCCCC(=O)[C@@H](C)O)NC(=O)[C@H]2CCCN2C(=O)[C@H](Cc2ccccc2)NC1=O,XQURZRWZWZDDKH-XLSSLVJHSA-N,44563351,hit,CID44563351,NO_CID_28528ed389ac,,hit,1,,1,1,1,1
1906,COc1ccc(Cc2nccc3cc(OC)c(OC)cc23)cc1OC,True,COc1ccc(Cc2nccc3cc(OC)c(OC)cc23)cc1OC,COc1ccc(Cc2nccc3cc(OC)c(OC)cc23)cc1OC,XQYZDYMELSJDRZ-UHFFFAOYSA-N,4680,hit,CID4680,NO_CID_f6ae86bcfbd3,,hit,1,,1,1,1,1
1907,C[C@]12CC[C@H]3[C@@H](CCC4=CC(=O)CC[C@@]43C=O)[C@@H]1CCC2=O,True,CC12CCC3C(CCC4=CC(=O)CCC43C=O)C1CCC2=O,C[C@]12CC[C@H]3[C@@H](CCC4=CC(=O)CC[C@@]43C=O)[C@@H]1CCC2=O,XRCFMDPVHKVRDJ-BGJMDTOESA-N,92854,hit,CID92854,NO_CID_324c1758ab99,,hit,1,,1,1,1,1
1908,O=C(O)c1ccc(Cl)cc1,True,O=C(O)c1ccc(Cl)cc1,O=C(O)c1ccc(Cl)cc1,XRHGYUZYPHTUJZ-UHFFFAOYSA-N,6318,hit,CID6318,NO_CID_ffb8075f0c06,,hit,1,,1,1,1,1
1909,C[C@@H]1CCCC(C)(C)[C@]1(O)/C=C/C=C\C(=O)O,True,CC1CCCC(C)(C)C1(O)C=CC=CC(=O)O,C[C@@H]1CCCC(C)(C)[C@]1(O)/C=C/C=C\C(=O)O,XRNXMVZXLFUIQI-KGVNQSSRSA-N,44437754,hit,CID44437754,NO_CID_1adbe5c3359b,,hit,1,,1,1,1,1
1910,C[C@H]1CCCC(C)(C)[C@@]1(O)/C=C/C=C\C(=O)O,True,CC1CCCC(C)(C)C1(O)C=CC=CC(=O)O,C[C@H]1CCCC(C)(C)[C@@]1(O)/C=C/C=C\C(=O)O,XRNXMVZXLFUIQI-RPMWBOEFSA-N,44405883,hit,CID44405883,NO_CID_587457c16100,,hit,1,,1,1,1,1
1911,Cc1c(CC(N)C(=O)O)c2cc(O)ccc2n1C,True,Cc1c(CC(N)C(=O)O)c2cc(O)ccc2n1C,Cc1c(CC(N)C(=O)O)c2cc(O)ccc2n1C,XRPOWBIIMNMNBB-UHFFFAOYSA-N,122499553,hit,CID122499553,NO_CID_71b4cb74bd82,,hit,1,,1,1,1,1
1912,CCOP(=S)(OCC)SCS(=O)CC,True,CCOP(=S)(OCC)SCS(=O)CC,CCOP(=S)(OCC)SCS(=O)CC,XRQHTUDGPWMPKX-UHFFFAOYSA-N,17424,hit,CID17424,NO_CID_5539e9c22f61,,hit,1,,1,1,1,1
1913,CC(C)(C)OC(=O)N1C2CCC1CC2,True,CC(C)(C)OC(=O)N1C2CCC1CC2,CC(C)(C)OC(=O)N1C2CCC1CC2,XRWOTBAFKAGTRM-UHFFFAOYSA-N,10921489,hit,CID10921489,NO_CID_0e90178243f0,,hit,1,,1,1,1,1
1914,C/C=C1/[C@H](O[C@@H]2O[C@H](CO)[C@@H](O)[C@H](O)[C@H]2O)OC=C(C(=O)OC)[C@H]1CC(=O)O,True,CC=C1C(OC2OC(CO)C(O)C(O)C2O)OC=C(C(=O)OC)C1CC(=O)O,C/C=C1/[C@H](O[C@@H]2O[C@H](CO)[C@@H](O)[C@H](O)[C@H]2O)OC=C(C(=O)OC)[C@H]1CC(=O)O,XSCVKBFEPYGZSL-JYVCFIOWSA-N,10692563,hit,CID10692563,NO_CID_af3b65b46dfe,,hit,1,,1,1,1,1
1915,C=C(C)[C@@H]1CCC2=C(C1)[C@H](C)[C@@H](O)[C@H](O)C2,True,C=C(C)C1CCC2=C(C1)C(C)C(O)C(O)C2,C=C(C)[C@@H]1CCC2=C(C1)[C@H](C)[C@@H](O)[C@H](O)C2,XSCYYIVXGBKTOC-GZZJDILISA-N,108064,hit,CID108064,NO_CID_71d42c53d6a8,,hit,1,,1,1,1,1
1916,COc1cc(C[C@H]2CN[C@@H](Cc3ccccc3)CN2)cc(OC)c1O,True,COc1cc(CC2CNC(Cc3ccccc3)CN2)cc(OC)c1O,COc1cc(C[C@H]2CN[C@@H](Cc3ccccc3)CN2)cc(OC)c1O,XSGLOXNZKHLMNE-IRXDYDNUSA-N,169492347,hit,CID169492347,NO_CID_1e0aa5e5a003,,hit,1,,1,1,1,1
1917,COc1cc(CC2CNC(Cc3ccccc3)CN2)cc(OC)c1O,True,COc1cc(CC2CNC(Cc3ccccc3)CN2)cc(OC)c1O,COc1cc(CC2CNC(Cc3ccccc3)CN2)cc(OC)c1O,XSGLOXNZKHLMNE-UHFFFAOYSA-N,,cid0_no_match,NO_CID_b758ec022f6e,NO_CID_b758ec022f6e,,cid0_no_match,0,,1,1,1,1
1918,CCCCCCCCCCC(C)O,True,CCCCCCCCCCC(C)O,CCCCCCCCCCC(C)O,XSWSEQPWKOWORN-UHFFFAOYSA-N,25045,hit,CID25045,NO_CID_999b88100210,,hit,1,,1,1,1,1
1919,CCCCCC=CCC=CCCCCCCCCCC(=O)[O-],True,CCCCCC=CCC=CCCCCCCCCCC(=O)[O-],CCCCCC=CCC=CCCCCCCCCCC(=O)[O-],XSXIVVZCUAHUJO-UHFFFAOYSA-M,74722182,hit,CID74722182,NO_CID_654f36214139,,hit,1,,1,0,1,1
1920,CC1=C(/C=C/C(C)=C/C=C/C(C)CC(=O)[O-])C(C)(C)CCC1,True,CC(C=CC1=C(C)CCCC1(C)C)=CC=CC(C)CC(=O)[O-],CC1=C(/C=C/C(C)=C/C=C/C(C)CC(=O)[O-])C(C)(C)CCC1,XTOYXKSKSDVOOD-CISKFWAASA-M,166451858,hit,CID166451858,NO_CID_66e36a37f956,,hit,1,,1,1,1,1
1921,C#Cc1cccc2c1c(CC(N)C(=O)O)cn2C,True,C#Cc1cccc2c1c(CC(N)C(=O)O)cn2C,C#Cc1cccc2c1c(CC(N)C(=O)O)cn2C,XTQPCMMYKZYEOR-UHFFFAOYSA-N,122499615,hit,CID122499615,NO_CID_7d166c94746d,,hit,1,,1,1,1,1
1922,C[C@H]1[C@H](C)CC[C@]2(CO)CC[C@]3(C)C(=CC[C@@H]4[C@@]5(C)CC[C@H](O)C(C)(C)[C@@H]5CC[C@]43C)[C@H]12,True,CC1CCC2(CO)CCC3(C)C(=CCC4C5(C)CCC(O)C(C)(C)C5CCC43C)C2C1C,C[C@H]1[C@H](C)CC[C@]2(CO)CC[C@]3(C)C(=CC[C@@H]4[C@@]5(C)CC[C@H](O)C(C)(C)[C@@H]5CC[C@]43C)[C@H]12,XUARCIYIVXVTAE-ZAPOICBTSA-N,92802,hit,CID92802,NO_CID_057ba0cac4f7,,hit,1,,1,1,1,1
1923,CC[C@H]1OC(=O)/C=C/[C@@H](C)[C@H](O[C@H]2O[C@@H](C)C[C@@H](N(C)C)[C@@H]2O)[C@H](C)C[C@@H](C)C(=O)/C=C\C=C\[C@H]1C,True,CCC1OC(=O)C=CC(C)C(OC2OC(C)CC(N(C)C)C2O)C(C)CC(C)C(=O)C=CC=CC1C,CC[C@H]1OC(=O)/C=C/[C@@H](C)[C@H](O[C@H]2O[C@@H](C)C[C@@H](N(C)C)[C@@H]2O)[C@H](C)C[C@@H](C)C(=O)/C=C\C=C\[C@H]1C,XUBWLMQSFCTODE-UEUNIQBOSA-N,139588935,hit,CID139588935,NO_CID_61f348b02d03,,hit,1,,1,1,1,1
1924,C=CCCCC(=O)O,True,C=CCCCC(=O)O,C=CCCCC(=O)O,XUDOZULIAWNMIU-UHFFFAOYSA-N,15308,hit,CID15308,NO_CID_82e4882ab493,,hit,1,,1,0,1,1
1925,C=C[C@@]1(C)CC(=O)C=C(C)[C@]1(O)/C=C/C(C)=C\C(=O)O,True,C=CC1(C)CC(=O)C=C(C)C1(O)C=CC(C)=CC(=O)O,C=C[C@@]1(C)CC(=O)C=C(C)[C@]1(O)/C=C/C(C)=C\C(=O)O,XUFCERPCUJSQOH-VSLCGKFBSA-N,102094723,hit,CID102094723,NO_CID_5c3a14b68400,,hit,1,,1,1,1,1
1926,N[C@@H](CS)C(=O)O,True,NC(CS)C(=O)O,N[C@@H](CS)C(=O)O,XUJNEKJLAYXESH-REOHCLBHSA-N,5862,hit,CID5862,NO_CID_f1ee6155c5b8,,hit,1,,1,1,1,1
1927,COc1ccc2nc(SCc3ncc(C)c(OC)c3C)[nH]c2c1,True,COc1ccc2nc(SCc3ncc(C)c(OC)c3C)[nH]c2c1,COc1ccc2nc(SCc3ncc(C)c(OC)c3C)[nH]c2c1,XURCIPRUUASYLR-UHFFFAOYSA-N,155794,hit,CID155794,NO_CID_81414dea2eb5,,hit,1,,1,1,1,1
1928,CSCCCCCCCCC(N)C(=O)O,True,CSCCCCCCCCC(N)C(=O)O,CSCCCCCCCCC(N)C(=O)O,XVGBKWQWYRNGDG-UHFFFAOYSA-N,25010766,hit,CID25010766,NO_CID_890113fb9cf3,,hit,1,,1,1,1,1
1929,C=C[C@](C)(O)CC[C@@H]1[C@@]2(C)CCCC(C)(C)[C@@H]2CC[C@@]1(C)O,True,C=CC(C)(O)CCC1C(C)(O)CCC2C(C)(C)CCCC21C,C=C[C@](C)(O)CC[C@@H]1[C@@]2(C)CCCC(C)(C)[C@@H]2CC[C@@]1(C)O,XVULBTBTFGYVRC-HHUCQEJWSA-N,163263,hit,CID163263,NO_CID_0f869c5d78c2,,hit,1,,1,1,1,1
1930,Cc1c(CC(N)C=O)c2cc(O)ccc2n1C,True,Cc1c(CC(N)C=O)c2cc(O)ccc2n1C,Cc1c(CC(N)C=O)c2cc(O)ccc2n1C,XVWVPIQYVJXHGD-UHFFFAOYSA-N,,cid0_no_match,NO_CID_d9de5c3e8db4,NO_CID_d9de5c3e8db4,,cid0_no_match,0,,1,1,1,1
1931,NC(Cc1ccc(F)cc1)C(=O)O,True,NC(Cc1ccc(F)cc1)C(=O)O,NC(Cc1ccc(F)cc1)C(=O)O,XWHHYOYVRVGJJY-UHFFFAOYSA-N,4654,hit,CID4654,NO_CID_26d5d10cb2f0,,hit,1,,1,1,1,1
1932,CCC(C)(C)C(=O)O[C@H]1C[C@@H](C)C=C2C=C[C@H](C)[C@H](CC[C@@H](O)C[C@@H](O)CC(=O)O)[C@H]21,True,CCC(C)(C)C(=O)OC1CC(C)C=C2C=CC(C)C(CCC(O)CC(O)CC(=O)O)C21,CCC(C)(C)C(=O)O[C@H]1C[C@@H](C)C=C2C=C[C@H](C)[C@H](CC[C@@H](O)C[C@@H](O)CC(=O)O)[C@H]21,XWLXKKNPFMNSFA-HGQWONQESA-N,64718,hit,CID64718,NO_CID_c1238417e84b,,hit,1,,1,1,1,1
1933,C=C1CC[C@]2(C)CC[C@]3(C)[C@H](CC[C@@H]4[C@@]5(C)CC[C@H](O)C(C)(C)[C@@H]5CC[C@]43C)[C@H]2[C@@H]1C,True,C=C1CCC2(C)CCC3(C)C(CCC4C5(C)CCC(O)C(C)(C)C5CCC43C)C2C1C,C=C1CC[C@]2(C)CC[C@]3(C)[C@H](CC[C@@H]4[C@@]5(C)CC[C@H](O)C(C)(C)[C@@H]5CC[C@]43C)[C@H]2[C@@H]1C,XWMMEBCFHUKHEX-ZJJHUPNDSA-N,115250,hit,CID115250,NO_CID_82c2badaab31,,hit,1,,1,1,1,1
1934,CC(C)C[C@@H]1NC(=O)[C@H](CC(C)C)NC1=O,True,CC(C)CC1NC(=O)C(CC(C)C)NC1=O,CC(C)C[C@@H]1NC(=O)[C@H](CC(C)C)NC1=O,XWYXUMDVQIOAPR-UWVGGRQHSA-N,192731,hit,CID192731,NO_CID_3cb9f7f70f75,,hit,1,,1,1,1,1
1935,CC1=C2C[C@]3(C(=O)O)CC[C@@H](C(C)C)[C@H]3C[C@@H]2[C@@]23CC[C@@H](C)[C@@H]2CC[C@@]13C,True,CC1=C2CC3(C(=O)O)CCC(C(C)C)C3CC2C23CCC(C)C2CCC13C,CC1=C2C[C@]3(C(=O)O)CC[C@@H](C(C)C)[C@H]3C[C@@H]2[C@@]23CC[C@@H](C)[C@@H]2CC[C@@]13C,XXBPHKHKRDOYCF-JSCOTLTNSA-N,139587074,hit,CID139587074,NO_CID_2e13da785a02,,hit,1,,1,1,1,1
1936,CC(=O)O[C@H]1C[C@@H](C)[C@@H]2C[C@H](O)[C@@]3(C)CC(C)(C)[C@H]1[C@]23O,True,CC(=O)OC1CC(C)C2CC(O)C3(C)CC(C)(C)C1C23O,CC(=O)O[C@H]1C[C@@H](C)[C@@H]2C[C@H](O)[C@@]3(C)CC(C)(C)[C@H]1[C@]23O,XXXJKEIUHBHWAC-VXZZJCSESA-N,21588493,hit,CID21588493,NO_CID_744d6e796e6a,,hit,1,,1,1,1,1
1937,CC(C)=CCC/C(C)=C/CC[C@@H](C)[C@@]1(C)CCC2=C1[C@@H](O)C[C@H]1C(C)(C)[C@@H](O)CC[C@]21C,True,CC(C)=CCCC(C)=CCCC(C)C1(C)CCC2=C1C(O)CC1C2(C)CCC(O)C1(C)C,CC(C)=CCC/C(C)=C/CC[C@@H](C)[C@@]1(C)CCC2=C1[C@@H](O)C[C@H]1C(C)(C)[C@@H](O)CC[C@]21C,XXYQDXFKXSZMJO-AVCSPELISA-N,134820132,hit,CID134820132,NO_CID_a7ac9c535526,,hit,1,,1,1,1,1
1938,CC(C)=CCC[C@@H](C)[C@H]1CC[C]2C3=C(CC[C@@]21C)[C@@]1(C)CC[C@H](O)C(C)(C)[C@@H]1CC3,True,CC(C)=CCCC(C)C1CC[C]2C3=C(CCC21C)C1(C)CCC(O)C(C)(C)C1CC3,CC(C)=CCC[C@@H](C)[C@H]1CC[C]2C3=C(CC[C@@]21C)[C@@]1(C)CC[C@H](O)C(C)(C)[C@@H]1CC3,XYFUZFMROHDZBT-PBJLWWPKSA-N,440559,hit,CID440559,NO_CID_253870a17f56,,hit,1,,1,1,1,1
1939,CC1CCCCC(=O)OCCC2(CO2)C1OC(=O)c1ccc(-n2cc(CN(C)C)nn2)cc1,True,CC1CCCCC(=O)OCCC2(CO2)C1OC(=O)c1ccc(-n2cc(CN(C)C)nn2)cc1,CC1CCCCC(=O)OCCC2(CO2)C1OC(=O)c1ccc(-n2cc(CN(C)C)nn2)cc1,XYHFLYWZYNZZST-UHFFFAOYSA-N,,cid0_no_match,NO_CID_1f67198186a9,NO_CID_1f67198186a9,,cid0_no_match,0,,1,1,1,1
1940,O=C1N[C@@H](Cc2ccc(OCO)cc2)C(=O)N[C@H]1Cc1ccc(O)cc1,True,O=C1NC(Cc2ccc(OCO)cc2)C(=O)NC1Cc1ccc(O)cc1,O=C1N[C@@H](Cc2ccc(OCO)cc2)C(=O)N[C@H]1Cc1ccc(O)cc1,XYLVFIWANSQWOX-IRXDYDNUSA-N,146035921,hit,CID146035921,NO_CID_55e0dd888551,,hit,1,,1,1,1,1
1941,C=C(CCC=C(C)C)[C@@H]1CC=C(C)CC1,True,C=C(CCC=C(C)C)C1CC=C(C)CC1,C=C(CCC=C(C)C)[C@@H]1CC=C(C)CC1,XZRVRYFILCSYSP-OAHLLOKOSA-N,10104370,hit,CID10104370,NO_CID_e1b74e4e8afd,,hit,1,,1,1,1,1
1942,CC(=C/C(=O)O)/C=C/[C@@]1(O)C=CC(=O)CC1(C)C,True,CC(C=CC1(O)C=CC(=O)CC1(C)C)=CC(=O)O,CC(=C/C(=O)O)/C=C/[C@@]1(O)C=CC(=O)CC1(C)C,YAFCFUFXKNGXPE-BSNWORKVSA-N,,cid0_no_match,NO_CID_cb02bbae55ce,NO_CID_cb02bbae55ce,,cid0_no_match,0,,1,1,1,1
1943,Clc1ccc(CCBr)cc1,True,Clc1ccc(CCBr)cc1,Clc1ccc(CCBr)cc1,YAFMYKFAUNCQPU-UHFFFAOYSA-N,23029,hit,CID23029,NO_CID_6d7520150c89,,hit,1,,1,1,1,1
1944,CCCCCCCC/C=C\CCCCCCCC(=O)OC[C@@H](O)COP(=O)([O-])OCC[N+](C)(C)C,True,CCCCCCCCC=CCCCCCCCC(=O)OCC(O)COP(=O)([O-])OCC[N+](C)(C)C,CCCCCCCC/C=C\CCCCCCCC(=O)OC[C@@H](O)COP(=O)([O-])OCC[N+](C)(C)C,YAMUFBLWGFFICM-PTGWMXDISA-N,16081932,hit,CID16081932,NO_CID_83fa2ab8682c,,hit,1,,1,1,1,1
1945,Cc1cc(C[C@@H]2NC(=O)[C@H](Cc3ccc(O)cc3)NC2=O)ccc1O,True,Cc1cc(CC2NC(=O)C(Cc3ccc(O)cc3)NC2=O)ccc1O,Cc1cc(C[C@@H]2NC(=O)[C@H](Cc3ccc(O)cc3)NC2=O)ccc1O,YBIHVNADQSTKMY-HOTGVXAUSA-N,146020562,hit,CID146020562,NO_CID_8c117340370a,,hit,1,,1,1,1,1
1946,C1=Cc2ccccc2C1,True,C1=Cc2ccccc2C1,C1=Cc2ccccc2C1,YBYIRNPNPLQARY-UHFFFAOYSA-N,7219,hit,CID7219,NO_CID_710d49df8b51,,hit,1,,1,1,1,1
1947,CCCCCC1=C(C)CCC1=O,True,CCCCCC1=C(C)CCC1=O,CCCCCC1=C(C)CCC1=O,YCIXWYOBMVNGTB-UHFFFAOYSA-N,62378,hit,CID62378,NO_CID_2600314fd754,,hit,1,,1,1,1,1
1948,CC(C)c1ccc2c(c1)CC[C@H]1[C@](C)(C=O)CCC[C@]21C,True,CC(C)c1ccc2c(c1)CCC1C(C)(C=O)CCCC21C,CC(C)c1ccc2c(c1)CC[C@H]1[C@](C)(C=O)CCC[C@]21C,YCLCHPWRGSDZKL-SLFFLAALSA-N,11694869,hit,CID11694869,NO_CID_c22bd8745eed,,hit,1,,1,1,1,1
1949,Cn1cc(CC(N)C(=O)O)c2cccc(O)c21,True,Cn1cc(CC(N)C(=O)O)c2cccc(O)c21,Cn1cc(CC(N)C(=O)O)c2cccc(O)c21,YCRYJGQPKIMJFY-UHFFFAOYSA-N,82663457,hit,CID82663457,NO_CID_b86a579dfdae,,hit,1,,1,1,1,1
1950,CCN(CC)C(=O)C=[N+]=[N-],True,CCN(CC)C(=O)C=[N+]=[N-],CCN(CC)C(=O)C=[N+]=[N-],YDDAGKSURVEMCI-UHFFFAOYSA-N,54502084,hit,CID54502084,NO_CID_194082c0a96b,,hit,1,,1,0,1,1
1951,CC(CO)CC[C@@H](O)[C@@H](C)[C@H]1CC[C@H]2[C@@H]3CC=C4C[C@@H](O)CC[C@]4(C)[C@H]3CC[C@]12C,True,CC(CO)CCC(O)C(C)C1CCC2C3CC=C4CC(O)CCC4(C)C3CCC12C,CC(CO)CC[C@@H](O)[C@@H](C)[C@H]1CC[C@H]2[C@@H]3CC=C4C[C@@H](O)CC[C@]4(C)[C@H]3CC[C@]12C,YDFJGPFMKWECQA-RILARPOQSA-N,122706556,hit,CID122706556,NO_CID_07340f0d25b4,,hit,1,,1,1,1,1
1952,CCCCCCCCCCC(O)C(=O)[O-],True,CCCCCCCCCCC(O)C(=O)[O-],CCCCCCCCCCC(O)C(=O)[O-],YDZIJQXINJLRLL-UHFFFAOYSA-M,21981466,hit,CID21981466,NO_CID_873a4845eece,,hit,1,,1,1,1,1
1953,CCCCC/C=C\C/C=C\CCCCCCCC(=O)SCCNC(=O)CCNC(=O)[C@H](O)C(C)(C)COP(=O)(O)OP(=O)(O)OC[C@H]1O[C@@H](n2cnc3c(N)ncnc32)[C@H](O)[C@@H]1OP(=O)(O)O,True,CCCCCC=CCC=CCCCCCCCC(=O)SCCNC(=O)CCNC(=O)C(O)C(C)(C)COP(=O)(O)OP(=O)(O)OCC1OC(n2cnc3c(N)ncnc32)C(O)C1OP(=O)(O)O,CCCCC/C=C\C/C=C\CCCCCCCC(=O)SCCNC(=O)CCNC(=O)[C@H](O)C(C)(C)COP(=O)(O)OP(=O)(O)OC[C@H]1O[C@@H](n2cnc3c(N)ncnc32)[C@H](O)[C@@H]1OP(=O)(O)O,YECLLIMZHNYFCK-RRNJGNTNSA-N,5497112,hit,CID5497112,NO_CID_0a91b94fdb02,,hit,1,,1,1,1,1
1954,O=C1c2ccccc2OC(c2ccccc2)C1O,True,O=C1c2ccccc2OC(c2ccccc2)C1O,O=C1c2ccccc2OC(c2ccccc2)C1O,YEDFEBOUHSBQBT-UHFFFAOYSA-N,147806,hit,CID147806,NO_CID_e7c060c7f47a,,hit,1,,1,1,1,1
1955,CC[C@H](C)[C@H](NO)C(=O)O,True,CCC(C)C(NO)C(=O)O,CC[C@H](C)[C@H](NO)C(=O)O,YEGAKLYOVHUQIJ-WHFBIAKZSA-N,49852348,hit,CID49852348,NO_CID_67430c26b6f7,,hit,1,,1,1,1,1
1956,CSc1ccc(Br)cc1,True,CSc1ccc(Br)cc1,CSc1ccc(Br)cc1,YEUYZNNBXLMFCW-UHFFFAOYSA-N,66037,hit,CID66037,NO_CID_10c5e89858dd,,hit,1,,1,1,1,1
1957,CCCC[C@H]1CC[C@]2(CC[C@H](C)[C@@H](C/C=C(C)/C=C/[C@H](O)[C@@H](C)/C=C/C(=O)O)O2)O[C@H]1/C=C/C(C)=C/C(=O)O,True,CCCCC1CCC2(CCC(C)C(CC=C(C)C=CC(O)C(C)C=CC(=O)O)O2)OC1C=CC(C)=CC(=O)O,CCCC[C@H]1CC[C@]2(CC[C@H](C)[C@@H](C/C=C(C)/C=C/[C@H](O)[C@@H](C)/C=C/C(=O)O)O2)O[C@H]1/C=C/C(C)=C/C(=O)O,YEZCSKCHOPBNCC-OXNFKLAGSA-N,137349961,hit,CID137349961,NO_CID_f93c92dc3152,,hit,1,,1,1,1,1
1958,C=C1CCC[C@]1(C)[C@]1(C)CC=C(C)CC1,True,C=C1CCCC1(C)C1(C)CC=C(C)CC1,C=C1CCC[C@]1(C)[C@]1(C)CC=C(C)CC1,YFLSTROSSKYYNK-CABCVRRESA-N,114857,hit,CID114857,NO_CID_13708a0b8f13,,hit,1,,1,1,1,1
1959,CC1=C[C@@H]2CC(C)(C)C[C@@]23[C@H](C)CC[C@@H]13,True,CC1=CC2CC(C)(C)CC23C(C)CCC13,CC1=C[C@@H]2CC(C)(C)C[C@@]23[C@H](C)CC[C@@H]13,YGIVIHRLDOVJLL-GUIRCDHDSA-N,11009055,hit,CID11009055,NO_CID_a6362bfa1025,,hit,1,,1,1,1,1
1960,O=C(O)c1ccccc1[O-],True,O=C(O)c1ccccc1[O-],O=C(O)c1ccccc1[O-],YGSDEFSMJLZEOE-UHFFFAOYSA-M,54675850,hit,CID54675850,NO_CID_30cecfb70d92,,hit,1,,1,1,1,1
1961,Cc1coc2c1CCC(C)C2,True,Cc1coc2c1CCC(C)C2,Cc1coc2c1CCC(C)C2,YGWKXXYGDYYFJU-UHFFFAOYSA-N,329983,hit,CID329983,NO_CID_c12d347d6bb1,,hit,1,,1,1,1,1
1962,CCCCC[C@H](O)/C=C/[C@@H]1[C@H](C/C=C\CCCC(=O)O)[C@@H]2C[C@H]1OO2,True,CCCCCC(O)C=CC1C2CC(OO2)C1CC=CCCCC(=O)O,CCCCC[C@H](O)/C=C/[C@@H]1[C@H](C/C=C\CCCC(=O)O)[C@@H]2C[C@H]1OO2,YIBNHAJFJUQSRA-NAPLMKITSA-N,,cid0_no_match,NO_CID_29d719fec79c,NO_CID_29d719fec79c,,cid0_no_match,0,,1,1,1,1
1963,CCCCC[C@H](O)/C=C/[C@@H]1[C@@H](C/C=C\CCCC(=O)O)[C@@H]2C[C@H]1OO2,True,CCCCCC(O)C=CC1C2CC(OO2)C1CC=CCCCC(=O)O,CCCCC[C@H](O)/C=C/[C@@H]1[C@@H](C/C=C\CCCC(=O)O)[C@@H]2C[C@H]1OO2,YIBNHAJFJUQSRA-YNNPMVKQSA-N,445049,hit,CID445049,NO_CID_d13375176cb9,,hit,1,,1,1,1,1
1964,C=C(C)[C@@H]1CC[C@]2(C1)[C@H](C)[C@@H](O)[C@H](O)C[C@@H]2C=O,True,C=C(C)C1CCC2(C1)C(C=O)CC(O)C(O)C2C,C=C(C)[C@@H]1CC[C@]2(C1)[C@H](C)[C@@H](O)[C@H](O)C[C@@H]2C=O,YIGYYGXJIDAEOF-OJVARPOJSA-N,21594964,hit,CID21594964,NO_CID_297b797a378d,,hit,1,,1,1,0,1
1965,[O-][N+](O)=CCc1ccc(O)cc1,True,[O-][N+](O)=CCc1ccc(O)cc1,[O-][N+](O)=CCc1ccc(O)cc1,YIKJHONXDKKKLG-UHFFFAOYSA-N,73745542,hit,CID73745542,NO_CID_58ea3b349cad,,hit,1,,1,1,1,1
1966,CC(C)CCC[C@@H](C)[C@H]1CC[C@H]2[C@@H]3C(=O)C=C4C[C@@H](O)CC[C@]4(C)[C@H]3CC[C@]12C,True,CC(C)CCCC(C)C1CCC2C3C(=O)C=C4CC(O)CCC4(C)C3CCC12C,CC(C)CCC[C@@H](C)[C@H]1CC[C@H]2[C@@H]3C(=O)C=C4C[C@@H](O)CC[C@]4(C)[C@H]3CC[C@]12C,YIKKMWSQVKJCOP-ABXCMAEBSA-N,91474,hit,CID91474,NO_CID_cbcdd4822949,,hit,1,,1,1,1,1
1967,C[C@H]1[C@H](C)CC[C@]2(C)CC[C@]3(C)C(=CC(=O)[C@@H]4[C@@]5(C)CC[C@@H](O)[C@](C)(C(=O)O)[C@@H]5CC[C@]43C)[C@H]12,True,CC1CCC2(C)CCC3(C)C(=CC(=O)C4C5(C)CCC(O)C(C)(C(=O)O)C5CCC43C)C2C1C,C[C@H]1[C@H](C)CC[C@]2(C)CC[C@]3(C)C(=CC(=O)[C@@H]4[C@@]5(C)CC[C@@H](O)[C@](C)(C(=O)O)[C@@H]5CC[C@]43C)[C@H]12,YIMHGPSYDOGBPI-YZCVQEKWSA-N,9847548,hit,CID9847548,NO_CID_8013c8298595,,hit,1,,1,1,1,1
1968,CC1=CCC(C(C)C)=CC1,True,CC1=CCC(C(C)C)=CC1,CC1=CCC(C(C)C)=CC1,YKFLAYDHMOASIY-UHFFFAOYSA-N,7461,hit,CID7461,NO_CID_43a172eb86e1,,hit,1,,1,1,1,1
1969,N#CCCCCCCCCCCC(=O)O,True,N#CCCCCCCCCCCC(=O)O,N#CCCCCCCCCCCC(=O)O,YKHZGLKQBYTRHO-UHFFFAOYSA-N,79879,hit,CID79879,NO_CID_e09008f15de8,,hit,1,,1,1,1,1
1970,CC1(C)CC[C@]2(C(=O)O)[C@H](O)C[C@]3(C)C(=CC[C@@H]4[C@@]5(C)CC[C@H](O)C(C)(C)[C@@H]5CC[C@]43C)[C@@H]2C1,True,CC1(C)CCC2(C(=O)O)C(O)CC3(C)C(=CCC4C5(C)CCC(O)C(C)(C)C5CCC43C)C2C1,CC1(C)CC[C@]2(C(=O)O)[C@H](O)C[C@]3(C)C(=CC[C@@H]4[C@@]5(C)CC[C@H](O)C(C)(C)[C@@H]5CC[C@]43C)[C@@H]2C1,YKOPWPOFWMYZJZ-PRIAQAIDSA-N,73309,hit,CID73309,NO_CID_995b66e2a97e,,hit,1,,1,1,1,1
1971,CC1(C)SCCN(S(=O)(=O)c2ccc(Oc3ccncc3)cc2)[C@H]1C(=O)NO,True,CC1(C)SCCN(S(=O)(=O)c2ccc(Oc3ccncc3)cc2)C1C(=O)NO,CC1(C)SCCN(S(=O)(=O)c2ccc(Oc3ccncc3)cc2)[C@H]1C(=O)NO,YKPYIPVDTNNYCN-INIZCTEOSA-N,466151,hit,CID466151,NO_CID_17c2790b0db2,,hit,1,,1,1,1,1
1972,CC(=O)C1=CC[C@H]2[C@@H]3CC=C4C[C@@H](O)CC[C@]4(C)[C@H]3CC[C@]12C,True,CC(=O)C1=CCC2C3CC=C4CC(O)CCC4(C)C3CCC12C,CC(=O)C1=CC[C@H]2[C@@H]3CC=C4C[C@@H](O)CC[C@]4(C)[C@H]3CC[C@]12C,YLFRRPUBVUAHSR-RRPFGEQOSA-N,92871,hit,CID92871,NO_CID_8ab5fc0124b3,,hit,1,,1,1,1,1
1973,CC1CCC2C13CCC1(C)OC2(C)C([NH2+]CCCCC[NH+](C)C)C1C3,True,CC1CCC2C13CCC1(C)OC2(C)C([NH2+]CCCCC[NH+](C)C)C1C3,CC1CCC2C13CCC1(C)OC2(C)C([NH2+]CCCCC[NH+](C)C)C1C3,YLLLLBHEAHDXCP-UHFFFAOYSA-P,165415545,hit,CID165415545,NO_CID_261a5dc69b50,,hit,1,,1,1,1,1
1974,CC(C)=CCC[C@]1(C)[C@H]2CC=C(C)[C@@H]1C2,True,CC(C)=CCCC1(C)C2CC=C(C)C1C2,CC(C)=CCC[C@]1(C)[C@H]2CC=C(C)[C@@H]1C2,YMBFCQPIMVLNIU-SOUVJXGZSA-N,6429302,hit,CID6429302,NO_CID_00b32606fe0d,,hit,1,,1,1,1,1
1975,CC(C)=CCCC1(C)C2CC=C(C)C1C2,True,CC(C)=CCCC1(C)C2CC=C(C)C1C2,CC(C)=CCCC1(C)C2CC=C(C)C1C2,YMBFCQPIMVLNIU-UHFFFAOYSA-N,86608,hit,CID86608,NO_CID_909d9e35375b,,hit,1,,1,1,1,1
1976,NC(Cc1c[nH]c2cc(F)ccc12)C(=O)O,True,NC(Cc1c[nH]c2cc(F)ccc12)C(=O)O,NC(Cc1c[nH]c2cc(F)ccc12)C(=O)O,YMEXGEAJNZRQEH-UHFFFAOYSA-N,94937,hit,CID94937,NO_CID_f4969c5bf452,,hit,1,,1,1,1,1
1977,N[C@@H](Cc1c[nH]c2cc(F)ccc12)C(=O)O,True,NC(Cc1c[nH]c2cc(F)ccc12)C(=O)O,N[C@@H](Cc1c[nH]c2cc(F)ccc12)C(=O)O,YMEXGEAJNZRQEH-VIFPVBQESA-N,688007,hit,CID688007,NO_CID_eddd294cddd6,,hit,1,,1,1,1,1
1978,Nc1cccc2c(CC(N)C(=O)O)c[nH]c12,True,Nc1cccc2c(CC(N)C(=O)O)c[nH]c12,Nc1cccc2c(CC(N)C(=O)O)c[nH]c12,YMMOJBLXYRDUIR-UHFFFAOYSA-N,22326407,hit,CID22326407,NO_CID_3574b37f5eea,,hit,1,,1,1,0,1
1979,Nc1cccc2c(C[C@H](N)C(=O)O)c[nH]c12,True,Nc1cccc2c(CC(N)C(=O)O)c[nH]c12,Nc1cccc2c(C[C@H](N)C(=O)O)c[nH]c12,YMMOJBLXYRDUIR-VIFPVBQESA-N,96890998,hit,CID96890998,NO_CID_38411fa1b18e,,hit,1,,1,1,1,1
1980,Cn1cc(CC(N)C(=O)O)c2ccc(C3CC3)cc21,True,Cn1cc(CC(N)C(=O)O)c2ccc(C3CC3)cc21,Cn1cc(CC(N)C(=O)O)c2ccc(C3CC3)cc21,YNALEDRPJFXXIK-UHFFFAOYSA-N,122499519,hit,CID122499519,NO_CID_37901ec69308,,hit,1,,1,1,1,1
1981,C1COCCN1,True,C1COCCN1,C1COCCN1,YNAVUWVOSKDBBP-UHFFFAOYSA-N,8083,hit,CID8083,NO_CID_f2e394232156,,hit,1,,1,1,1,1
1982,Nc1ccc2[nH]cc(CC(N)C(=O)O)c2c1,True,Nc1ccc2[nH]cc(CC(N)C(=O)O)c2c1,Nc1ccc2[nH]cc(CC(N)C(=O)O)c2c1,YNJSNEKCXVFDKW-UHFFFAOYSA-N,4018454,hit,CID4018454,NO_CID_31be736c6fdf,,hit,1,,1,1,1,1
1983,c1ccc2c(c1)ccc1ccccc12,True,c1ccc2c(c1)ccc1ccccc12,c1ccc2c(c1)ccc1ccccc12,YNPNZTXNASCQKK-UHFFFAOYSA-N,995,hit,CID995,NO_CID_880b565cf2c0,,hit,1,,1,1,1,1
1984,CCc1ccccc1,True,CCc1ccccc1,CCc1ccccc1,YNQLUTRBYVCPMQ-UHFFFAOYSA-N,7500,hit,CID7500,NO_CID_3ed8c64f28bc,,hit,1,,1,1,1,1
1985,CC(C)C[C@@H](O)[C@H](O)[C@@H](C)[C@H]1CC[C@H]2[C@@H]3CC(=O)[C@H]4C[C@H](O)[C@H](O)C[C@]4(C)[C@H]3CC[C@]12C,True,CC(C)CC(O)C(O)C(C)C1CCC2C3CC(=O)C4CC(O)C(O)CC4(C)C3CCC12C,CC(C)C[C@@H](O)[C@H](O)[C@@H](C)[C@H]1CC[C@H]2[C@@H]3CC(=O)[C@H]4C[C@H](O)[C@H](O)C[C@]4(C)[C@H]3CC[C@]12C,YNZRNENZMVIPBX-SCLBUMFYSA-N,13982110,hit,CID13982110,NO_CID_d3f4ff7024b9,,hit,1,,1,1,1,1
1986,COC(=O)C(C)c1ccc(CC(C)C)cc1,True,COC(=O)C(C)c1ccc(CC(C)C)cc1,COC(=O)C(C)c1ccc(CC(C)C)cc1,YNZYUHPFNYBBFF-UHFFFAOYSA-N,109101,hit,CID109101,NO_CID_802f8b213b90,,hit,1,,1,1,1,1
1987,CC(C)C1CCC2C1(C)CCC1(C)C3=C(CCC21C)C1(C)CC(O)C(O)C(C)(C)C1CC3,True,CC(C)C1CCC2C1(C)CCC1(C)C3=C(CCC21C)C1(C)CC(O)C(O)C(C)(C)C1CC3,CC(C)C1CCC2C1(C)CCC1(C)C3=C(CCC21C)C1(C)CC(O)C(O)C(C)(C)C1CC3,YOKAJJNTGABJER-UHFFFAOYSA-N,,cid0_no_match,NO_CID_72f43f1dcd9b,NO_CID_72f43f1dcd9b,,cid0_no_match,0,,1,1,1,1
1988,C=C(C)[C@@H]1CC=C2CCC[C@@H](C)[C@@]2(C)C1,True,C=C(C)C1CC=C2CCCC(C)C2(C)C1,C=C(C)[C@@H]1CC=C2CCC[C@@H](C)[C@@]2(C)C1,YONHOSLUBQJXPR-UMVBOHGHSA-N,5460659,hit,CID5460659,NO_CID_5bd7f015b1e3,,hit,1,,1,1,1,1
1989,CCCCCC=CCC(C=CCCCCCCC(=O)[O-])OO,True,CCCCCC=CCC(C=CCCCCCCC(=O)[O-])OO,CCCCCC=CCC(C=CCCCCCCC(=O)[O-])OO,YONQBPOWOZLKHS-UHFFFAOYSA-M,76460635,hit,CID76460635,NO_CID_ddf4085dc390,,hit,1,,1,1,1,1
1990,CC1(C)C[C@@H](O)[C@]2(C)CC[C@]3(C)C(=CC[C@@H]4[C@@]5(C)CC[C@H](O)[C@](C)(CO)[C@@H]5CC[C@]43C)[C@@H]2C1,True,CC1(C)CC(O)C2(C)CCC3(C)C(=CCC4C5(C)CCC(O)C(C)(CO)C5CCC43C)C2C1,CC1(C)C[C@@H](O)[C@]2(C)CC[C@]3(C)C(=CC[C@@H]4[C@@]5(C)CC[C@H](O)[C@](C)(CO)[C@@H]5CC[C@]43C)[C@@H]2C1,YOQAQNKGFOLRGT-UXXABWCISA-N,115012,hit,CID115012,NO_CID_2b0cc2acec59,,hit,1,,1,1,1,1
1991,C#Cc1cccc2c(CC(N)C(=O)O)c(C)[nH]c12,True,C#Cc1cccc2c(CC(N)C(=O)O)c(C)[nH]c12,C#Cc1cccc2c(CC(N)C(=O)O)c(C)[nH]c12,YOXMJFLGIOTYKC-UHFFFAOYSA-N,122499543,hit,CID122499543,NO_CID_4103f19724be,,hit,1,,1,1,1,1
1992,CC(C)c1ccc(O)cc1,True,CC(C)c1ccc(O)cc1,CC(C)c1ccc(O)cc1,YQUQWHNMBPIWGK-UHFFFAOYSA-N,7465,hit,CID7465,NO_CID_7958c50895c8,,hit,1,,1,1,1,1
1993,CC(C)(O)[C@@H]1Cc2c(ccc3ccc(=O)oc23)O1,True,CC(C)(O)C1Cc2c(ccc3ccc(=O)oc23)O1,CC(C)(O)[C@@H]1Cc2c(ccc3ccc(=O)oc23)O1,YRAQEMCYCSSHJG-NSHDSACASA-N,92201,hit,CID92201,NO_CID_f8e006f058a7,,hit,1,,1,1,1,1
1994,CC(C)(O)C1Cc2c(ccc3ccc(=O)oc23)O1,True,CC(C)(O)C1Cc2c(ccc3ccc(=O)oc23)O1,CC(C)(O)C1Cc2c(ccc3ccc(=O)oc23)O1,YRAQEMCYCSSHJG-UHFFFAOYSA-N,150888,hit,CID150888,NO_CID_3079084dfc02,,hit,1,,1,1,0,1
1995,CCCCCC(=O)/C=C/[C@@H]1[C@@H](C/C=C\CCCC(=O)O)[C@@H]2C[C@H]1OO2,True,CCCCCC(=O)C=CC1C2CC(OO2)C1CC=CCCCC(=O)O,CCCCCC(=O)/C=C/[C@@H]1[C@@H](C/C=C\CCCC(=O)O)[C@@H]2C[C@H]1OO2,YRIVQVSRRMGLNH-AMFHKTBMSA-N,,cid0_no_match,NO_CID_a42cef982d9c,NO_CID_a42cef982d9c,,cid0_no_match,0,,1,1,0,1
1996,C.O=C[O-],True,C.O=C[O-],C.O=C[O-],YRWZLJIAWSKYAM-UHFFFAOYSA-M,166451895,hit,CID166451895,NO_CID_fe3ea92d1e65,,hit,1,,1,1,1,1
1997,CCOC(=O)C(C)=[N+]=[N-],True,CCOC(=O)C(C)=[N+]=[N-],CCOC(=O)C(C)=[N+]=[N-],YRYGWFQYKCXDNA-UHFFFAOYSA-N,53440922,hit,CID53440922,NO_CID_e304b7cea77d,,hit,1,,1,0,1,1
1998,CC[C@@H](C)[C@@H]1[C@](C)(C(=O)/C=C\O)[C@H]2[C@H](C)C[C@@](C)(O)C[C@@H]2C(=O)[C@@]1(C)O,True,CCC(C)C1C(C)(O)C(=O)C2CC(C)(O)CC(C)C2C1(C)C(=O)C=CO,CC[C@@H](C)[C@@H]1[C@](C)(C(=O)/C=C\O)[C@H]2[C@H](C)C[C@@](C)(O)C[C@@H]2C(=O)[C@@]1(C)O,YRYPVWAJOMXOHH-ITBWMFDCSA-N,23244602,hit,CID23244602,NO_CID_7c1009cf0ace,,hit,1,,1,1,1,1
1999,C=Cc1ccc2c(c1)c(CC(N)C(=O)O)c(C)n2C,True,C=Cc1ccc2c(c1)c(CC(N)C(=O)O)c(C)n2C,C=Cc1ccc2c(c1)c(CC(N)C(=O)O)c(C)n2C,YSMVNIKXULVWDY-UHFFFAOYSA-N,122499515,hit,CID122499515,NO_CID_e137fc94cd56,,hit,1,,1,1,1,1
2000,C/C=C\C=C\C[C@@H](C)CC/C=C(C)/C=C/C([O-])=C1\C(=O)N[C@@H](Cc2ccc(O)cc2)C1=O,True,CC=CC=CCC(C)CCC=C(C)C=CC([O-])=C1C(=O)NC(Cc2ccc(O)cc2)C1=O,C/C=C\C=C\C[C@@H](C)CC/C=C(C)/C=C/C([O-])=C1\C(=O)N[C@@H](Cc2ccc(O)cc2)C1=O,YSSAANFDQOSWCH-KTTQBTPYSA-M,146672904,hit,CID146672904,NO_CID_92aab94f3288,,hit,1,,1,1,1,1
2001,CC=CC=CCC(C)CCC=C(C)C=CC([O-])=C1C(=O)NC(Cc2ccc(O)cc2)C1=O,True,CC=CC=CCC(C)CCC=C(C)C=CC([O-])=C1C(=O)NC(Cc2ccc(O)cc2)C1=O,CC=CC=CCC(C)CCC=C(C)C=CC([O-])=C1C(=O)NC(Cc2ccc(O)cc2)C1=O,YSSAANFDQOSWCH-UHFFFAOYSA-M,,cid0_no_match,NO_CID_6ca1d3fd3781,NO_CID_6ca1d3fd3781,,cid0_no_match,0,,1,1,1,1
2002,[NH3+]NC(=O)CCCc1nn[nH]n1,True,[NH3+]NC(=O)CCCc1nn[nH]n1,[NH3+]NC(=O)CCCc1nn[nH]n1,YTERMGVQHHKOIZ-UHFFFAOYSA-O,137332075,hit,CID137332075,NO_CID_8f945a4ded47,,hit,1,,1,1,1,1
2003,CCCCOC(=O)Cc1cccc(Cl)c1,True,CCCCOC(=O)Cc1cccc(Cl)c1,CCCCOC(=O)Cc1cccc(Cl)c1,YTGJJVYPMXQJLT-UHFFFAOYSA-N,11665765,hit,CID11665765,NO_CID_bdaf92619f9e,,hit,1,,1,1,1,1
2004,Cc1c(CC(N)C(=O)O)c2cccc(N)c2n1C,True,Cc1c(CC(N)C(=O)O)c2cccc(N)c2n1C,Cc1c(CC(N)C(=O)O)c2cccc(N)c2n1C,YTRTUSNNLXOOMX-UHFFFAOYSA-N,122499622,hit,CID122499622,NO_CID_942ded06d85d,,hit,1,,1,0,1,1
2005,CC/C=C\C/C=C\C/C=C\C/C=C\C/C=C\CCCCCC(=O)[O-],True,CCC=CCC=CCC=CCC=CCC=CCCCCCC(=O)[O-],CC/C=C\C/C=C\C/C=C\C/C=C\C/C=C\CCCCCC(=O)[O-],YUFFSWGQGVEMMI-JLNKQSITSA-M,40846589,hit,CID40846589,NO_CID_603df9f9c8fd,,hit,1,,1,1,1,1
2006,CC/C=C\C/C=C\C/C=C\C/C=C\C/C=C\CCCCCC(=O)O,True,CCC=CCC=CCC=CCC=CCC=CCCCCCC(=O)O,CC/C=C\C/C=C\C/C=C\C/C=C\C/C=C\CCCCCC(=O)O,YUFFSWGQGVEMMI-JLNKQSITSA-N,5497182,hit,CID5497182,NO_CID_d1bb4e9625cf,,hit,1,,1,1,1,1
2007,CC1=C(/C=C\C2=CCC[C@]3(C)[C@@H]([C@H](C)CCCC(C)C)CC[C@@H]23)C[C@@H](O)CC1,True,CC1=C(C=CC2=CCCC3(C)C2CCC3C(C)CCCC(C)C)CC(O)CC1,CC1=C(/C=C\C2=CCC[C@]3(C)[C@@H]([C@H](C)CCCC(C)C)CC[C@@H]23)C[C@@H](O)CC1,YUGCAAVRZWBXEQ-WHTXLNIXSA-N,5281058,hit,CID5281058,NO_CID_220b86135bb8,,hit,1,,1,1,1,1
2008,COc1cc([C@@H]2c3cc4c(cc3[C@@H](O)[C@H]3COC(=O)[C@H]23)OCO4)cc(OC)c1O,True,COc1cc(C2c3cc4c(cc3C(O)C3COC(=O)C23)OCO4)cc(OC)c1O,COc1cc([C@@H]2c3cc4c(cc3[C@@H](O)[C@H]3COC(=O)[C@H]23)OCO4)cc(OC)c1O,YVCVYCSAAZQOJI-JHQYFNNDSA-N,122797,hit,CID122797,NO_CID_7d6328592f7d,,hit,1,,1,1,1,1
2009,C/C(C=O)=C\CC[C@@H](C)[C@H]1CC[C@@]2(C)C3=C(CC[C@]12C)[C@@]1(C)CC[C@H](O)C(C)(C)[C@@H]1CC3,True,CC(C=O)=CCCC(C)C1CCC2(C)C3=C(CCC12C)C1(C)CCC(O)C(C)(C)C1CC3,C/C(C=O)=C\CC[C@@H](C)[C@H]1CC[C@@]2(C)C3=C(CC[C@]12C)[C@@]1(C)CC[C@H](O)C(C)(C)[C@@H]1CC3,YVJWSYCNRKXINY-AZIDVCJLSA-N,156587284,hit,CID156587284,NO_CID_5c8d20cbfc3c,,hit,1,,1,1,1,1
2010,CCOC(=O)C=[N+]=[N-],True,CCOC(=O)C=[N+]=[N-],CCOC(=O)C=[N+]=[N-],YVPJCJLMRRTDMQ-UHFFFAOYSA-N,12192,hit,CID12192,NO_CID_bc6fbcfa63cd,,hit,1,,1,1,1,1
2011,C=Cc1ccc2[nH]c(C)c(CC(N)C(=O)O)c2c1,True,C=Cc1ccc2[nH]c(C)c(CC(N)C(=O)O)c2c1,C=Cc1ccc2[nH]c(C)c(CC(N)C(=O)O)c2c1,YWHPEAXVDFHMCC-UHFFFAOYSA-N,122499569,hit,CID122499569,NO_CID_f0666d99a560,,hit,1,,1,1,1,1
2012,N#CC(=O)c1c[nH]c2ccccc12,True,N#CC(=O)c1c[nH]c2ccccc12,N#CC(=O)c1c[nH]c2ccccc12,YWKCWNQLRJKTBZ-UHFFFAOYSA-N,11355722,hit,CID11355722,NO_CID_5ea3b264bcb8,,hit,1,,1,1,1,1
2013,C=CC(C)(C)c1[nH]c2ccccc2c1CC1NC(=O)C2CC3(O)c4ccccc4N(C(C)(C)C=C)C3N2C1=O,True,C=CC(C)(C)c1[nH]c2ccccc2c1CC1NC(=O)C2CC3(O)c4ccccc4N(C(C)(C)C=C)C3N2C1=O,C=CC(C)(C)c1[nH]c2ccccc2c1CC1NC(=O)C2CC3(O)c4ccccc4N(C(C)(C)C=C)C3N2C1=O,YWLAQSLUIQTZON-UHFFFAOYSA-N,72788019,hit,CID72788019,NO_CID_fcaf8cd5d7ce,,hit,1,,1,1,1,1
2014,O=[N+]([O-])/N=C1\NCCN1Cc1ccc(Cl)nc1,True,O=[N+]([O-])N=C1NCCN1Cc1ccc(Cl)nc1,O=[N+]([O-])/N=C1\NCCN1Cc1ccc(Cl)nc1,YWTYJOPNNQFBPC-UHFFFAOYSA-N,86287518,hit,CID86287518,NO_CID_bb7a40b8bd12,,hit,1,,1,1,1,1
2015,Cc1c(CC(N)C(=O)O)c2cc(C3CC3)ccc2n1C,True,Cc1c(CC(N)C(=O)O)c2cc(C3CC3)ccc2n1C,Cc1c(CC(N)C(=O)O)c2cc(C3CC3)ccc2n1C,YWXBWDMZOWCYHY-UHFFFAOYSA-N,122499667,hit,CID122499667,NO_CID_1f3a40a69f73,,hit,1,,1,1,1,1
2016,Cc1[nH]c2c(Br)cccc2c1CC(N)C(=O)O,True,Cc1[nH]c2c(Br)cccc2c1CC(N)C(=O)O,Cc1[nH]c2c(Br)cccc2c1CC(N)C(=O)O,YWXJAJIMPYFULP-UHFFFAOYSA-N,134259608,hit,CID134259608,NO_CID_96ba15db8c54,,hit,1,,1,1,1,1
2017,CC(O)[C@]1(O)Cc2c(O)c3c(c(O)c2[C@@H](O[C@H]2C[C@H](N)[C@H](O)[C@H](C)O2)C1)C(=O)c1c(O)cccc1C3=O,True,CC1OC(OC2CC(O)(C(C)O)Cc3c(O)c4c(c(O)c32)C(=O)c2c(O)cccc2C4=O)CC(N)C1O,CC(O)[C@]1(O)Cc2c(O)c3c(c(O)c2[C@@H](O[C@H]2C[C@H](N)[C@H](O)[C@H](C)O2)C1)C(=O)c1c(O)cccc1C3=O,YXBSCYMMPXQFDS-XELZYMDQSA-N,443830,hit,CID443830,NO_CID_d30aec69d0a3,,hit,1,,1,1,1,1
2018,Cc1ccccc1,True,Cc1ccccc1,Cc1ccccc1,YXFVVABEGXRONW-UHFFFAOYSA-N,1140,hit,CID1140,NO_CID_5da1ba726f54,,hit,1,,1,1,1,1
2019,COc1cc2c3c(c1O)-c1ccccc1C[C@@H]3N(C)CC2,True,COc1cc2c3c(c1O)-c1ccccc1CC3N(C)CC2,COc1cc2c3c(c1O)-c1ccccc1C[C@@H]3N(C)CC2,YXVXMURDCBMPRH-AWEZNQCLSA-N,31069,hit,CID31069,NO_CID_9f6bd2cd9a17,,hit,1,,1,1,1,1
2020,Cc1[nH]c2cccc(F)c2c1CC(N)C(=O)O,True,Cc1[nH]c2cccc(F)c2c1CC(N)C(=O)O,Cc1[nH]c2cccc(F)c2c1CC(N)C(=O)O,YYEZWRBFJCGEPV-UHFFFAOYSA-N,82389276,hit,CID82389276,NO_CID_3a6dfb0b6047,,hit,1,,1,1,1,1
2021,CC1(C)CC2(C)CC=CC23C(C(=O)[O-])CCC13,True,CC1(C)CC2(C)CC=CC23C(C(=O)[O-])CCC13,CC1(C)CC2(C)CC=CC23C(C(=O)[O-])CCC13,YYTIOTLIOKVKTE-UHFFFAOYSA-M,,cid0_no_match,NO_CID_28df707bce7c,NO_CID_28df707bce7c,,cid0_no_match,0,,1,1,1,1
2022,CC(C)CCCCCCCCCCC(=O)O,True,CC(C)CCCCCCCCCCC(=O)O,CC(C)CCCCCCCCCCC(=O)O,YYVJAABUJYRQJO-UHFFFAOYSA-N,520298,hit,CID520298,NO_CID_71218fa1d8f3,,hit,1,,1,1,1,1
2023,CC/C=C\C[C@@H]1OC1=C/C=C\CCCCCCCC(=O)[O-],True,CCC=CCC1OC1=CC=CCCCCCCCC(=O)[O-],CC/C=C\C[C@@H]1OC1=C/C=C\CCCCCCCC(=O)[O-],YZBZORUZOSCZRN-YWHLHSFDSA-M,16069997,hit,CID16069997,NO_CID_ed70f4ba760f,,hit,1,,1,1,1,1
2024,C=C1Cc2ccc3[nH]c4c(c3c2[C@H]2[C@@H]1C[C@@H]2C(C)(C)O)C[C@@H]1CC[C@@]2(O)C3=C[C@@H](O)[C@@H](C(=C)C)O[C@H]3CC[C@]2(C)[C@@]41C,True,C=C1Cc2ccc3[nH]c4c(c3c2C2C1CC2C(C)(C)O)CC1CCC2(O)C3=CC(O)C(C(=C)C)OC3CCC2(C)C41C,C=C1Cc2ccc3[nH]c4c(c3c2[C@H]2[C@@H]1C[C@@H]2C(C)(C)O)C[C@@H]1CC[C@@]2(O)C3=C[C@@H](O)[C@@H](C(=C)C)O[C@H]3CC[C@]2(C)[C@@]41C,YZQRMJFPWMHAJV-ZBPZTRHESA-N,122394031,hit,CID122394031,NO_CID_5eaf360d4fb7,,hit,1,,1,1,1,1
2025,CCCCC/C=C\C/C=C\C/C=C\C/C=C\CCCC(=O)[O-],True,CCCCCC=CCC=CCC=CCC=CCCCC(=O)[O-],CCCCC/C=C\C/C=C\C/C=C\C/C=C\CCCC(=O)[O-],YZXBAPSDXZZRGB-DOFZRALJSA-M,5460265,hit,CID5460265,NO_CID_d5b28f9928c1,,hit,1,,1,1,1,1
2026,CCCCC/C=C\C/C=C\C/C=C\C/C=C\CCCC(=O)O,True,CCCCCC=CCC=CCC=CCC=CCCCC(=O)O,CCCCC/C=C\C/C=C\C/C=C\C/C=C\CCCC(=O)O,YZXBAPSDXZZRGB-DOFZRALJSA-N,444899,hit,CID444899,NO_CID_7a213ae24f1b,,hit,1,,1,1,1,1
2027,Cc1[nH]c2cc(F)ccc2c1CC(N)C(=O)O,True,Cc1[nH]c2cc(F)ccc2c1CC(N)C(=O)O,Cc1[nH]c2cc(F)ccc2c1CC(N)C(=O)O,YZXWZJSKTZZMSZ-UHFFFAOYSA-N,82389272,hit,CID82389272,NO_CID_b64567ad083e,,hit,1,,1,1,1,1
2028,Cc1[nH]c2ccc(Br)cc2c1CC(N)C(=O)O,True,Cc1[nH]c2ccc(Br)cc2c1CC(N)C(=O)O,Cc1[nH]c2ccc(Br)cc2c1CC(N)C(=O)O,ZAFCXSZMKLVMGL-UHFFFAOYSA-N,83763813,hit,CID83763813,NO_CID_420725d82742,,hit,1,,1,1,0,1
2029,COc1ccc(CC2=[N+](C)CCc3cc(OC)c(O)cc32)cc1O,True,COc1ccc(CC2=[N+](C)CCc3cc(OC)c(O)cc32)cc1O,COc1ccc(CC2=[N+](C)CCc3cc(OC)c(O)cc32)cc1O,ZALYXKJOOUDZCC-UHFFFAOYSA-O,440930,hit,CID440930,NO_CID_4a295ea18f01,,hit,1,,1,1,1,1
2030,CSc1ccc2c(c1)c(CC(N)C(=O)O)cn2C,True,CSc1ccc2c(c1)c(CC(N)C(=O)O)cn2C,CSc1ccc2c(c1)c(CC(N)C(=O)O)cn2C,ZARJVHZBRHZGDD-UHFFFAOYSA-N,122499628,hit,CID122499628,NO_CID_6fab988c5e7a,,hit,1,,1,1,1,1
2031,CCOC(=O)CC1CCCCC1,True,CCOC(=O)CC1CCCCC1,CCOC(=O)CC1CCCCC1,ZBDAMDWKXGTKBT-UHFFFAOYSA-N,21595,hit,CID21595,NO_CID_8081384fa8ca,,hit,1,,1,1,1,1
2032,Cc1ccc(Br)cc1,True,Cc1ccc(Br)cc1,Cc1ccc(Br)cc1,ZBTMRBYMKUEVEU-UHFFFAOYSA-N,7805,hit,CID7805,NO_CID_6af69b5f20fc,,hit,1,,1,1,1,1
2033,CNc1cccc(C(=O)O)c1,True,CNc1cccc(C(=O)O)c1,CNc1cccc(C(=O)O)c1,ZCCNWBPFIBQFQX-UHFFFAOYSA-N,283841,hit,CID283841,NO_CID_f107ad55219a,,hit,1,,1,1,1,1
2034,O=c1ccc2cc3ccoc3cc2o1,True,O=c1ccc2cc3ccoc3cc2o1,O=c1ccc2cc3ccoc3cc2o1,ZCCUUQDIBDJBTK-UHFFFAOYSA-N,6199,hit,CID6199,NO_CID_04c1e8b0f5a8,,hit,1,,1,1,1,1
2035,C=C1CC[C@@H]2[C@](C)(CO)CCC[C@@]2(C)[C@@H]1C/C=C1/C(=O)OC[C@H]1O,True,C=C1CCC2C(C)(CO)CCCC2(C)C1CC=C1C(=O)OCC1O,C=C1CC[C@@H]2[C@](C)(CO)CCC[C@@]2(C)[C@@H]1C/C=C1/C(=O)OC[C@H]1O,ZCOZWGVIEXVYFE-PVMPPBPYSA-N,,cid0_no_match,NO_CID_da80e3f05e04,NO_CID_da80e3f05e04,,cid0_no_match,0,,1,1,1,1
2036,C[C@@H]1CC[C@H]2C(C)(C)C[C@]3(C)CC[C@@H]1[C@@]23O,True,CC1CCC2C(C)(C)CC3(C)CCC1C23O,C[C@@H]1CC[C@H]2C(C)(C)C[C@]3(C)CC[C@@H]1[C@@]23O,ZCRYDCBITZERMT-FUQNVFFISA-N,10775424,hit,CID10775424,NO_CID_dc67cfcb6b04,,hit,1,,1,1,1,1
2037,C=C1C[C@]23C[C@H]1CC[C@H]2[C@]1(C)CCC[C@@](C)(C(=O)O)C1[C@@H]3C=O,True,C=C1CC23CC1CCC2C1(C)CCCC(C)(C(=O)O)C1C3C=O,C=C1C[C@]23C[C@H]1CC[C@H]2[C@]1(C)CCC[C@@](C)(C(=O)O)C1[C@@H]3C=O,ZCTUNYRXJKLWPY-YBNSQJHGSA-N,440913,hit,CID440913,NO_CID_a97121355d83,,hit,1,,1,1,1,1
2038,C[C@]12CC[C@H]3[C@@H](CC[C@H]4CC(=O)CC[C@@]43CO)[C@@H]1CC[C@@H]2O,True,CC12CCC3C(CCC4CC(=O)CCC43CO)C1CCC2O,C[C@]12CC[C@H]3[C@@H](CC[C@H]4CC(=O)CC[C@@]43CO)[C@@H]1CC[C@@H]2O,ZCXLTIZTHGOSFH-GLOHGQAKSA-N,257409,hit,CID257409,NO_CID_85db614770e9,,hit,1,,1,1,1,1
2039,O=C(O)CCCCCCCCCCCO,True,O=C(O)CCCCCCCCCCCO,O=C(O)CCCCCCCCCCCO,ZDHCZVWCTKTBRY-UHFFFAOYSA-N,79034,hit,CID79034,NO_CID_ec65892b56c5,,hit,1,,1,1,1,1
2040,C=C1C[C@]23CC[C@@H]4[C@@]5(C)CCCC6([C](CC)C5)[C@@H]5C2[C@@H](O)[C@H]1C[C@H]3[C@]456,True,C=C1CC23CCC4C5(C)CCCC6([C](CC)C5)C5C2C(O)C1CC3C456,C=C1C[C@]23CC[C@@H]4[C@@]5(C)CCCC6([C](CC)C5)[C@@H]5C2[C@@H](O)[C@H]1C[C@H]3[C@]456,ZDOXSXXZELBNPJ-YZBYVXRISA-N,,cid0_no_match,NO_CID_13111bd6b677,NO_CID_13111bd6b677,,cid0_no_match,0,,0,0,0,0
2041,CCCCCCCCCCC(=O)O,True,CCCCCCCCCCC(=O)O,CCCCCCCCCCC(=O)O,ZDPHROOEEOARMN-UHFFFAOYSA-N,8180,hit,CID8180,NO_CID_21c1a14b728b,,hit,1,,1,1,1,1
2042,BrCCc1cccc(Br)c1,True,BrCCc1cccc(Br)c1,BrCCc1cccc(Br)c1,ZDWCLHJHUMKCQS-UHFFFAOYSA-N,14361216,hit,CID14361216,NO_CID_1486ef223f65,,hit,1,,1,1,1,1
2043,CC(C)C1CCC2C1(C)CCC1(C)C3=CCC4C(C)(C(=O)[O-])C(O)CC(O)C4(C(=O)[O-])C3CCC21C,True,CC(C)C1CCC2C1(C)CCC1(C)C3=CCC4C(C)(C(=O)[O-])C(O)CC(O)C4(C(=O)[O-])C3CCC21C,CC(C)C1CCC2C1(C)CCC1(C)C3=CCC4C(C)(C(=O)[O-])C(O)CC(O)C4(C(=O)[O-])C3CCC21C,ZDWFZJWRVJRESV-UHFFFAOYSA-L,,cid0_no_match,NO_CID_e2a90c3e94e3,NO_CID_e2a90c3e94e3,,cid0_no_match,0,,1,1,1,1
2044,Cc1[nH]c2ccc(N3CCOCC3)cc2c1CC(N)C(=O)O,True,Cc1[nH]c2ccc(N3CCOCC3)cc2c1CC(N)C(=O)O,Cc1[nH]c2ccc(N3CCOCC3)cc2c1CC(N)C(=O)O,ZDXLUSMKTQIYEV-UHFFFAOYSA-N,122499570,hit,CID122499570,NO_CID_9349bd350ad6,,hit,1,,1,1,1,1
2045,COc1ccc2c(CC(N)C(=O)O)c(C)n(C)c2c1,True,COc1ccc2c(CC(N)C(=O)O)c(C)n(C)c2c1,COc1ccc2c(CC(N)C(=O)O)c(C)n(C)c2c1,ZEBRIOSQKMZJBQ-UHFFFAOYSA-N,,cid0_no_match,NO_CID_291dd3a0e67b,NO_CID_291dd3a0e67b,,cid0_no_match,0,,1,1,1,1
2046,O=C1N[C@@H](Cc2c[nH]c3cc(Cl)ccc23)C(=O)N2CCC[C@@H]12,True,O=C1NC(Cc2c[nH]c3cc(Cl)ccc23)C(=O)N2CCCC12,O=C1N[C@@H](Cc2c[nH]c3cc(Cl)ccc23)C(=O)N2CCC[C@@H]12,ZEBZSMPJBVWBJI-KBPBESRZSA-N,,cid0_no_match,NO_CID_aee97ed7f94a,NO_CID_aee97ed7f94a,,cid0_no_match,0,,1,1,1,1
2047,CC1(C)C[C@@H](O)[C@]2(C)CC[C@]3(C)C(=CC[C@@H]4[C@@]5(C)CC[C@H](O)C(C)(C)[C@@H]5CC[C@]43C)[C@@H]2C1,True,CC1(C)CC(O)C2(C)CCC3(C)C(=CCC4C5(C)CCC(O)C(C)(C)C5CCC43C)C2C1,CC1(C)C[C@@H](O)[C@]2(C)CC[C@]3(C)C(=CC[C@@H]4[C@@]5(C)CC[C@H](O)C(C)(C)[C@@H]5CC[C@]43C)[C@@H]2C1,ZEGUWBQDYDXBNS-FVFJQADASA-N,9846221,hit,CID9846221,NO_CID_14831b16d7d9,,hit,1,,1,1,1,1
2048,C=C(CC[C@@H](C)[C@H]1CC[C@H]2C3=CC=C4C[C@@H](O)CC[C@]4(C)[C@H]3CC[C@]12C)C(C)C,True,C=C(CCC(C)C1CCC2C3=CC=C4CC(O)CCC4(C)C3CCC21C)C(C)C,C=C(CC[C@@H](C)[C@H]1CC[C@H]2C3=CC=C4C[C@@H](O)CC[C@]4(C)[C@H]3CC[C@]12C)C(C)C,ZEPNVCGPJXYABB-LOIOQLKMSA-N,10894570,hit,CID10894570,NO_CID_f8efaf0fb660,,hit,1,,1,1,1,1
2049,CC1(C)CCC[C@]2(C)C3=C(CC[C@@H]12)C(=O)OC3,True,CC1(C)CCCC2(C)C3=C(CCC12)C(=O)OC3,CC1(C)CCC[C@]2(C)C3=C(CC[C@@H]12)C(=O)OC3,ZERYGJQXPPRRCW-SWLSCSKDSA-N,442187,hit,CID442187,NO_CID_7094b4898404,,hit,1,,1,1,1,1
2050,C[C@]12CC[C@H]3[C@@H](CCC4=CC(=O)CC[C@@]43C)[C@@H]1CC[C@@H]2C(=O)CO,True,CC12CCC(=O)C=C1CCC1C2CCC2(C)C(C(=O)CO)CCC12,C[C@]12CC[C@H]3[C@@H](CCC4=CC(=O)CC[C@@]43C)[C@@H]1CC[C@@H]2C(=O)CO,ZESRJSPZRDMNHY-YFWFAHHUSA-N,6166,hit,CID6166,NO_CID_6b9fd37b4242,,hit,1,,1,1,1,1
2051,COc1ccc(CC(N)C(=O)O)cc1F,True,COc1ccc(CC(N)C(=O)O)cc1F,COc1ccc(CC(N)C(=O)O)cc1F,ZESXBIYTDJAZSP-UHFFFAOYSA-N,4285138,hit,CID4285138,NO_CID_a6264b6ffc51,,hit,1,,1,1,1,1
2052,COc1ccc(C(=O)[O-])cc1,True,COc1ccc(C(=O)[O-])cc1,COc1ccc(C(=O)[O-])cc1,ZEYHEAKUIGZSGI-UHFFFAOYSA-M,3783514,hit,CID3783514,NO_CID_9bd97dfb53c4,,hit,1,,1,1,1,1
2053,COc1ccc(C(=O)O)cc1,True,COc1ccc(C(=O)O)cc1,COc1ccc(C(=O)O)cc1,ZEYHEAKUIGZSGI-UHFFFAOYSA-N,7478,hit,CID7478,NO_CID_cf106e4b235a,,hit,1,,1,1,1,1
2054,COc1cc(C)cc(OC)c1O,True,COc1cc(C)cc(OC)c1O,COc1cc(C)cc(OC)c1O,ZFBNNSOJNZBLLS-UHFFFAOYSA-N,240925,hit,CID240925,NO_CID_125b03ffd6f4,,hit,1,,1,1,1,1
2055,CC(=O)OC/C=C(\C)CC/C=C(\C)CCC=C(C)C,True,CC(=O)OCC=C(C)CCC=C(C)CCC=C(C)C,CC(=O)OC/C=C(\C)CC/C=C(\C)CCC=C(C)C,ZGIGZINMAOQWLX-NCZFFCEISA-N,638500,hit,CID638500,NO_CID_bbd6f0dd128d,,hit,1,,1,1,1,1
2056,C=C1/C(=C\C=C2/CCC[C@]3(C)[C@@H]([C@H](C)/C=C/[C@H](C)C(C)(C)O)CC[C@@H]23)C[C@@H](O)C[C@@H]1O,True,C=C1C(=CC=C2CCCC3(C)C2CCC3C(C)C=CC(C)C(C)(C)O)CC(O)CC1O,C=C1/C(=C\C=C2/CCC[C@]3(C)[C@@H]([C@H](C)/C=C/[C@H](C)C(C)(C)O)CC[C@@H]23)C[C@@H](O)C[C@@H]1O,ZGLHBRQAEXKACO-XJRQOBMKSA-N,9547243,hit,CID9547243,NO_CID_da24acb99635,,hit,1,,1,1,1,1
2057,COc1cc([C@@H]2c3cc4c(cc3C[C@H]3COC(=O)[C@@H]32)OCO4)cc(OC)c1OC,True,COc1cc(C2c3cc4c(cc3CC3COC(=O)C32)OCO4)cc(OC)c1OC,COc1cc([C@@H]2c3cc4c(cc3C[C@H]3COC(=O)[C@@H]32)OCO4)cc(OC)c1OC,ZGLXUQQMLLIKAN-SVIJTADQSA-N,345501,hit,CID345501,NO_CID_f35bdf3d738c,,hit,1,,1,1,1,1
2058,CS[C@H](Cc1c[nH]c2ccccc12)C(=O)O,True,CSC(Cc1c[nH]c2ccccc12)C(=O)O,CS[C@H](Cc1c[nH]c2ccccc12)C(=O)O,ZGMAESWNIVTLJE-LLVKDONJSA-N,146675121,hit,CID146675121,NO_CID_f60a3bd04992,,hit,1,,1,1,1,1
2059,COc1ccc2[nH]c(C(=O)N3C[C@@H](CCl)c4c3ccc3[nH]ccc43)cc2c1,True,COc1ccc2[nH]c(C(=O)N3CC(CCl)c4c3ccc3[nH]ccc43)cc2c1,COc1ccc2[nH]c(C(=O)N3C[C@@H](CCl)c4c3ccc3[nH]ccc43)cc2c1,ZHFAARVXMYJTEZ-CYBMUJFWSA-N,154585737,hit,CID154585737,NO_CID_84be24fe7008,,hit,1,,1,1,1,1
2060,CC(C)[C@H](C)C[C@H](O)[C@@H](C)[C@H]1CC[C@H]2[C@@H]3CC[C@H]4C[C@H](O)CC[C@]4(C)[C@H]3CC[C@]12C,True,CC(C)C(C)CC(O)C(C)C1CCC2C3CCC4CC(O)CCC4(C)C3CCC12C,CC(C)[C@H](C)C[C@H](O)[C@@H](C)[C@H]1CC[C@H]2[C@@H]3CC[C@H]4C[C@H](O)CC[C@]4(C)[C@H]3CC[C@]12C,ZHZKWZJLUNXOSN-LOCIZFEWSA-N,45480560,hit,CID45480560,NO_CID_382045f44d8e,,hit,1,,1,1,1,1
2061,CC(C)C(C)CC(O)C(C)C1CCC2C3CCC4CC(O)CCC4(C)C3CCC12C,True,CC(C)C(C)CC(O)C(C)C1CCC2C3CCC4CC(O)CCC4(C)C3CCC12C,CC(C)C(C)CC(O)C(C)C1CCC2C3CCC4CC(O)CCC4(C)C3CCC12C,ZHZKWZJLUNXOSN-UHFFFAOYSA-N,73229502,hit,CID73229502,NO_CID_0c173c5a883c,,hit,1,,1,1,1,1
2062,CC(C)[C@H](C)C[C@H](O)[C@@H](C)[C@H]1CC[C@H]2[C@@H]3CC[C@H]4C[C@@H](O)CC[C@]4(C)[C@H]3CC[C@]12C,True,CC(C)C(C)CC(O)C(C)C1CCC2C3CCC4CC(O)CCC4(C)C3CCC12C,CC(C)[C@H](C)C[C@H](O)[C@@H](C)[C@H]1CC[C@H]2[C@@H]3CC[C@H]4C[C@@H](O)CC[C@]4(C)[C@H]3CC[C@]12C,ZHZKWZJLUNXOSN-YUZBOUAZSA-N,16061344,hit,CID16061344,NO_CID_55ae04df464b,,hit,1,,1,1,1,1
2063,CC[C@]1(C)CC(=O)C=C(C)[C@]1(O)/C=C/C(C)=C\C(=O)O,True,CCC1(C)CC(=O)C=C(C)C1(O)C=CC(C)=CC(=O)O,CC[C@]1(C)CC(=O)C=C(C)[C@]1(O)/C=C/C(C)=C\C(=O)O,ZIOXWNOXEYMIRH-XXGWSHRFSA-N,177599639,hit,CID177599639,NO_CID_6b3dff509c05,,hit,1,,1,1,1,1
2064,CCCCC/C=C\C[C@@H](/C=C/C=C\C/C=C\CCCC(=O)[O-])OO,True,CCCCCC=CCC(C=CC=CCC=CCCCC(=O)[O-])OO,CCCCC/C=C\C[C@@H](/C=C/C=C\C/C=C\CCCC(=O)[O-])OO,ZIOZYRSDNLNNNJ-LQWMCKPYSA-M,21158474,hit,CID21158474,NO_CID_584a074a6f5f,,hit,1,,1,1,1,1
2065,CCCCC/C=C\C[C@@H](/C=C/C=C\C/C=C\CCCC(=O)O)OO,True,CCCCCC=CCC(C=CC=CCC=CCCCC(=O)O)OO,CCCCC/C=C\C[C@@H](/C=C/C=C\C/C=C\CCCC(=O)O)OO,ZIOZYRSDNLNNNJ-LQWMCKPYSA-N,5280892,hit,CID5280892,NO_CID_d326ea4cba88,,hit,1,,1,1,1,1
2066,CCCCC/C=C\C[C@H](/C=C/C=C\C/C=C\CCCC(=O)O)OO,True,CCCCCC=CCC(C=CC=CCC=CCCCC(=O)O)OO,CCCCC/C=C\C[C@H](/C=C/C=C\C/C=C\CCCC(=O)O)OO,ZIOZYRSDNLNNNJ-ZYBDYUKJSA-N,9548885,hit,CID9548885,NO_CID_68edee28107c,,hit,1,,1,1,1,1
2067,O=C(/C=C/c1ccc(O)c(O)c1)O[C@H](Cc1ccc(O)cc1)C(=O)O,True,O=C(C=Cc1ccc(O)c(O)c1)OC(Cc1ccc(O)cc1)C(=O)O,O=C(/C=C/c1ccc(O)c(O)c1)O[C@H](Cc1ccc(O)cc1)C(=O)O,ZIUGAQNCXNLSFT-KZJSRBBCSA-N,25245063,hit,CID25245063,NO_CID_a8aad243a2fb,,hit,1,,1,1,1,1
2068,C/C1=C\CC/C(C)=C/C2C(CC/C(C)=C/CC1)C2(C)C,True,CC1=CCCC(C)=CC2C(CCC(C)=CCC1)C2(C)C,C/C1=C\CC/C(C)=C/C2C(CC/C(C)=C/CC1)C2(C)C,ZJMVJDFTNPZVMB-QOCMWZQCSA-N,5280437,hit,CID5280437,NO_CID_c8473cd0a66e,,hit,1,,1,1,1,1
2069,CC1=CCCC(C)=CC2C(CCC(C)=CCC1)C2(C)C,True,CC1=CCCC(C)=CC2C(CCC(C)=CCC1)C2(C)C,CC1=CCCC(C)=CC2C(CCC(C)=CCC1)C2(C)C,ZJMVJDFTNPZVMB-UHFFFAOYSA-N,439496,hit,CID439496,NO_CID_a30a8877a806,,hit,1,,1,1,1,1
2070,CC1=C(/C=C/C(C)=C/C=C/C(C)CC(=O)[O-])C(C)(C)CCC1O,True,CC(C=CC1=C(C)C(O)CCC1(C)C)=CC=CC(C)CC(=O)[O-],CC1=C(/C=C/C(C)=C/C=C/C(C)CC(=O)[O-])C(C)(C)CCC1O,ZJWNTFRBIBFJFC-KEUMZJLDSA-M,168007560,hit,CID168007560,NO_CID_bda47fbffb33,,hit,1,,1,1,1,1
2071,C=Cc1ccc2c(C[C@H](N)C(=O)O)c[nH]c2c1,True,C=Cc1ccc2c(CC(N)C(=O)O)c[nH]c2c1,C=Cc1ccc2c(C[C@H](N)C(=O)O)c[nH]c2c1,ZKFWBTBNVFVTFF-NSHDSACASA-N,122499483,hit,CID122499483,NO_CID_77d90161eb49,,hit,1,,1,1,1,1
2072,C=Cc1ccc2c(CC(N)C(=O)O)c[nH]c2c1,True,C=Cc1ccc2c(CC(N)C(=O)O)c[nH]c2c1,C=Cc1ccc2c(CC(N)C(=O)O)c[nH]c2c1,ZKFWBTBNVFVTFF-UHFFFAOYSA-N,122499607,hit,CID122499607,NO_CID_57de9f82c25a,,hit,1,,1,1,1,1
2073,CCc1cccc(C)c1,True,CCc1cccc(C)c1,CCc1cccc(C)c1,ZLCSFXXPPANWQY-UHFFFAOYSA-N,12100,hit,CID12100,NO_CID_ed43a68816a3,,hit,1,,1,1,1,1
2074,ON=CCc1c[nH]c2ccccc12,True,ON=CCc1c[nH]c2ccccc12,ON=CCc1c[nH]c2ccccc12,ZLIGRGHTISHYNH-UHFFFAOYSA-N,439854,hit,CID439854,NO_CID_50e9f5494aaf,,hit,1,,1,1,1,1
2075,O/N=C/Cc1c[nH]c2ccccc12,True,ON=CCc1c[nH]c2ccccc12,O/N=C/Cc1c[nH]c2ccccc12,ZLIGRGHTISHYNH-WUXMJOGZSA-N,5371769,hit,CID5371769,NO_CID_6f5369992c86,,hit,1,,1,1,1,1
2076,CCc1cccc2ccccc12,True,CCc1cccc2ccccc12,CCc1cccc2ccccc12,ZMXIYERNXPIYFR-UHFFFAOYSA-N,14315,hit,CID14315,NO_CID_6afaf00d82cb,,hit,1,,1,1,1,1
2077,CCCCC/C=C\CC(O)/C=C/C=C\C/C=C\CCCC(=O)[O-],True,CCCCCC=CCC(O)C=CC=CCC=CCCCC(=O)[O-],CCCCC/C=C\CC(O)/C=C/C=C\C/C=C\CCCC(=O)[O-],ZNHVWPKMFKADKW-VXBMJZGYSA-M,102571788,hit,CID102571788,NO_CID_5dbfb924a138,,hit,1,,1,1,1,1
2078,COc1ccc2c(CC(N)C(=O)O)cn(C)c2c1,True,COc1ccc2c(CC(N)C(=O)O)cn(C)c2c1,COc1ccc2c(CC(N)C(=O)O)cn(C)c2c1,ZNSDTEVLJBPOCI-UHFFFAOYSA-N,82665112,hit,CID82665112,NO_CID_ea32386f3add,,hit,1,,1,1,1,1
2079,CC(C)CCCCCCCCCCCC(=O)O,True,CC(C)CCCCCCCCCCCC(=O)O,CC(C)CCCCCCCCCCCC(=O)O,ZOCYQVNGROEVLU-UHFFFAOYSA-N,151014,hit,CID151014,NO_CID_6c4488039aef,,hit,1,,1,1,1,1
2080,O=C1N[C@@H](Cc2c[nH]c3cc(F)ccc23)C(=O)N2CCC[C@@H]12,True,O=C1NC(Cc2c[nH]c3cc(F)ccc23)C(=O)N2CCCC12,O=C1N[C@@H](Cc2c[nH]c3cc(F)ccc23)C(=O)N2CCC[C@@H]12,ZODDGFCYQQMYCX-KBPBESRZSA-N,,cid0_no_match,NO_CID_3547c9f215a1,NO_CID_3547c9f215a1,,cid0_no_match,0,,1,1,1,1
2081,Cc1[nH]c2ccc(N)cc2c1CC(N)C(=O)O,True,Cc1[nH]c2ccc(N)cc2c1CC(N)C(=O)O,Cc1[nH]c2ccc(N)cc2c1CC(N)C(=O)O,ZODYMACQCYGRIX-UHFFFAOYSA-N,122499514,hit,CID122499514,NO_CID_b4665ad0f3a5,,hit,1,,1,1,1,1
2082,CC12CC(O)C(=O)C=C1CCC1C2CCC2(C)C(O)CCC12,True,CC12CC(O)C(=O)C=C1CCC1C2CCC2(C)C(O)CCC12,CC12CC(O)C(=O)C=C1CCC1C2CCC2(C)C(O)CCC12,ZOIPFFUVGMVQGE-UHFFFAOYSA-N,5207588,hit,CID5207588,NO_CID_2440613b090f,,hit,1,,1,1,1,1
2083,CC/C(=C\Cc1cc(C(=O)O)ccc1NOC(C)=O)CCC(C)=C(C)C,True,CCC(=CCc1cc(C(=O)O)ccc1NOC(C)=O)CCC(C)=C(C)C,CC/C(=C\Cc1cc(C(=O)O)ccc1NOC(C)=O)CCC(C)=C(C)C,ZOJHNHPYLIFQRL-RQZCQDPDSA-N,,cid0_no_match,NO_CID_a1e49e7acdd2,NO_CID_a1e49e7acdd2,,cid0_no_match,0,,1,1,1,1
2084,O=C1CC(c2ccccc2)Oc2ccccc21,True,O=C1CC(c2ccccc2)Oc2ccccc21,O=C1CC(c2ccccc2)Oc2ccccc21,ZONYXWQDUYMKFB-UHFFFAOYSA-N,10251,hit,CID10251,NO_CID_45fb616e3860,,hit,1,,1,1,1,1
2085,COCC1C(OC)CC2OC(=O)CC21,True,COCC1C(OC)CC2OC(=O)CC21,COCC1C(OC)CC2OC(=O)CC21,ZPFGKIXVBDWICQ-UHFFFAOYSA-N,,cid0_no_match,NO_CID_c17fa8780916,NO_CID_c17fa8780916,,cid0_no_match,0,,1,1,1,1
2086,CC/C=C/CC,True,CCC=CCC,CC/C=C/CC,ZQDPJFUHLCOCRG-AATRIKPKSA-N,638066,hit,CID638066,NO_CID_618399dc503d,,hit,1,,1,1,1,1
2087,C[C@H]1OC(=O)c2c(O)cc3c(c2[C@H]1O)C[C@H]1[C@@]2(C)C=CC(=O)C(C)(C)[C@@H]2CC[C@]1(C)O3,True,CC1OC(=O)c2c(O)cc3c(c2C1O)CC1C(C)(CCC2C(C)(C)C(=O)C=CC12C)O3,C[C@H]1OC(=O)c2c(O)cc3c(c2[C@H]1O)C[C@H]1[C@@]2(C)C=CC(=O)C(C)(C)[C@@H]2CC[C@]1(C)O3,ZQEZDIWZMVYYDQ-FCGGSIJASA-N,154700460,hit,CID154700460,NO_CID_aefed530b51d,,hit,1,,1,1,1,1
2088,Cc1[nH]c2c(C)cccc2c1CC(N)C(=O)O,True,Cc1[nH]c2c(C)cccc2c1CC(N)C(=O)O,Cc1[nH]c2c(C)cccc2c1CC(N)C(=O)O,ZQIJUDXVHUVLIK-UHFFFAOYSA-N,112483689,hit,CID112483689,NO_CID_d9fef85d84ef,,hit,1,,1,1,1,1
2089,CCCCCCCC/C=C\CCCCCCCC(=O)[O-],True,CCCCCCCCC=CCCCCCCCC(=O)[O-],CCCCCCCC/C=C\CCCCCCCC(=O)[O-],ZQPPMHVWECSIRJ-KTKRTIGZSA-M,5460221,hit,CID5460221,NO_CID_9fdc890972c4,,hit,1,,1,1,1,1
2090,CCCCCCCC/C=C\CCCCCCCC(=O)O,True,CCCCCCCCC=CCCCCCCCC(=O)O,CCCCCCCC/C=C\CCCCCCCC(=O)O,ZQPPMHVWECSIRJ-KTKRTIGZSA-N,445639,hit,CID445639,NO_CID_81e6f63820a2,,hit,1,,1,1,1,1
2091,CCCCCCCC/C=C/CCCCCCCC(=O)O,True,CCCCCCCCC=CCCCCCCCC(=O)O,CCCCCCCC/C=C/CCCCCCCC(=O)O,ZQPPMHVWECSIRJ-MDZDMXLPSA-N,637517,hit,CID637517,NO_CID_c088194bb610,,hit,1,,1,1,1,1
2092,CCCCCCCCC=CCCCCCCCC(=O)[O-],True,CCCCCCCCC=CCCCCCCCC(=O)[O-],CCCCCCCCC=CCCCCCCCC(=O)[O-],ZQPPMHVWECSIRJ-UHFFFAOYSA-M,91436,hit,CID91436,NO_CID_7869484b62ef,,hit,1,,1,1,1,1
2093,O=c1c(-c2ccc(O)cc2)coc2cc(O)ccc12,True,O=c1c(-c2ccc(O)cc2)coc2cc(O)ccc12,O=c1c(-c2ccc(O)cc2)coc2cc(O)ccc12,ZQSIJRDFPHDXIC-UHFFFAOYSA-N,5281708,hit,CID5281708,NO_CID_7c29f7774b0d,,hit,1,,1,1,1,1
2094,CCc1ccc(C(=O)O)cc1,True,CCc1ccc(C(=O)O)cc1,CCc1ccc(C(=O)O)cc1,ZQVKTHRQIXSMGY-UHFFFAOYSA-N,12086,hit,CID12086,NO_CID_ddf22f663ab0,,hit,1,,1,1,1,1
2095,CCc1cccc(Br)c1,True,CCc1cccc(Br)c1,CCc1cccc(Br)c1,ZRFJYAZQMFCUIX-UHFFFAOYSA-N,123170,hit,CID123170,NO_CID_6b91083ab666,,hit,1,,1,1,1,1
2096,O=C(O)CCC1CCCC1,True,O=C(O)CCC1CCCC1,O=C(O)CCC1CCCC1,ZRPLANDPDWYOMZ-UHFFFAOYSA-N,8818,hit,CID8818,NO_CID_9fb827ce4e23,,hit,1,,1,1,1,1
2097,CC1=C2[C@H](O)C[C@H](C)[C@]23CC[C@@H](C3)C1(C)C,True,CC1=C2C(O)CC(C)C23CCC(C3)C1(C)C,CC1=C2[C@H](O)C[C@H](C)[C@]23CC[C@@H](C3)C1(C)C,ZRRTYQUKAJCICD-APAOZMKASA-N,25137936,hit,CID25137936,NO_CID_b733dc1a61c3,,hit,1,,1,1,1,1
2098,CC1=C2[C@@H](O)C[C@H](C)[C@]23CC[C@@H](C3)C1(C)C,True,CC1=C2C(O)CC(C)C23CCC(C3)C1(C)C,CC1=C2[C@@H](O)C[C@H](C)[C@]23CC[C@@H](C3)C1(C)C,ZRRTYQUKAJCICD-AVNXNWIJSA-N,25137910,hit,CID25137910,NO_CID_f28c840b6716,,hit,1,,1,1,1,1
2099,CC(C)=CCC/C(C)=C/Cc1cc(O)ccc1O,True,CC(C)=CCCC(C)=CCc1cc(O)ccc1O,CC(C)=CCC/C(C)=C/Cc1cc(O)ccc1O,ZSCRTFONTNMQBL-NTUHNPAUSA-N,5281857,hit,CID5281857,NO_CID_37cefbc8c934,,hit,1,,1,1,1,1
2100,CCCCCCO,True,CCCCCCO,CCCCCCO,ZSIAUFGUXNUGDI-UHFFFAOYSA-N,8103,hit,CID8103,NO_CID_a0ebc1a7eeb1,,hit,1,,1,1,1,1
2101,CCC1CC1c1ccc(C(F)(F)F)cc1,True,CCC1CC1c1ccc(C(F)(F)F)cc1,CCC1CC1c1ccc(C(F)(F)F)cc1,ZSSMIBVPSRIYGX-UHFFFAOYSA-N,90197842,hit,CID90197842,NO_CID_fa7868f3286c,,hit,1,,1,1,1,1
2102,CC[C@H]1OC(=O)[C@H](C)[C@@H](OC(=O)CN(C)C)[C@@H](C)C[C@@H](C)C(=O)/C=C/[C@H]1C,True,CCC1OC(=O)C(C)C(OC(=O)CN(C)C)C(C)CC(C)C(=O)C=CC1C,CC[C@H]1OC(=O)[C@H](C)[C@@H](OC(=O)CN(C)C)[C@@H](C)C[C@@H](C)C(=O)/C=C/[C@H]1C,ZTAVKALHSBCIRD-ABXOMAQFSA-N,72710565,hit,CID72710565,NO_CID_e2db6b6c0bcb,,hit,1,,1,1,1,1
2103,CC(=O)N[C@H]1[C@@H](OC/C(C)=C2\CC(C)(C)CC3C(C)CCC23)O[C@H](CO)[C@@H](O)[C@@H]1O,True,CC(=O)NC1C(OCC(C)=C2CC(C)(C)CC3C(C)CCC23)OC(CO)C(O)C1O,CC(=O)N[C@H]1[C@@H](OC/C(C)=C2\CC(C)(C)CC3C(C)CCC23)O[C@H](CO)[C@@H](O)[C@@H]1O,ZTCHPQNUISFMBP-DYUSRDENSA-N,139583101,hit,CID139583101,NO_CID_60affa46528f,,hit,1,,1,1,1,1
2104,CC1=C[C@H](O)[C@]2(C)CC[C@@]3(C)CCC(C(C)C)=C3[C@H]2CC1,True,CC1=CC(O)C2(C)CCC3(C)CCC(C(C)C)=C3C2CC1,CC1=C[C@H](O)[C@]2(C)CC[C@@]3(C)CCC(C(C)C)=C3[C@H]2CC1,ZTGGPQBJLZKPHO-PIKOESSRSA-N,101348970,hit,CID101348970,NO_CID_c41ecbcdd611,,hit,1,,1,1,1,1
2105,CC1=CC(O)C2(C)CCC3(C)CCC(C(C)C)=C3C2CC1,True,CC1=CC(O)C2(C)CCC3(C)CCC(C(C)C)=C3C2CC1,CC1=CC(O)C2(C)CCC3(C)CCC(C(C)C)=C3C2CC1,ZTGGPQBJLZKPHO-UHFFFAOYSA-N,162923308,hit,CID162923308,NO_CID_f19beb193e1e,,hit,1,,1,1,1,1
2106,COc1ccc2c(c1)[C@@]13CCN4CC5=CCO[C@H]6CC(=O)N2[C@H]1[C@H]6[C@H]5C[C@H]43,True,COc1ccc2c(c1)C13CCN4CC5=CCOC6CC(=O)N2C1C6C5CC43,COc1ccc2c(c1)[C@@]13CCN4CC5=CCO[C@H]6CC(=O)N2[C@H]1[C@H]6[C@H]5C[C@H]43,ZTHVHELPCLGXHF-JPPAUQSISA-N,251890,hit,CID251890,NO_CID_972ec66574e8,,hit,1,,1,1,1,1
2107,COc1ccc2c(c1)C13CCN4CC5=CCOC6CC(=O)N2C1C6C5CC43,True,COc1ccc2c(c1)C13CCN4CC5=CCOC6CC(=O)N2C1C6C5CC43,COc1ccc2c(c1)C13CCN4CC5=CCOC6CC(=O)N2C1C6C5CC43,ZTHVHELPCLGXHF-UHFFFAOYSA-N,10512,hit,CID10512,NO_CID_80bacbc59c24,,hit,1,,1,1,1,1
2108,C/C(=C\CC[C@@H](C)[C@H]1CC[C@@]2(C)C3=C(CC[C@]12C)[C@@]1(C)CCC(=O)C(C)(C)[C@@H]1CC3=O)C(=O)O,True,CC(=CCCC(C)C1CCC2(C)C3=C(CCC12C)C1(C)CCC(=O)C(C)(C)C1CC3=O)C(=O)O,C/C(=C\CC[C@@H](C)[C@H]1CC[C@@]2(C)C3=C(CC[C@]12C)[C@@]1(C)CCC(=O)C(C)(C)[C@@H]1CC3=O)C(=O)O,ZTKZZRIVAYGFSF-PIPDTRPPSA-N,11784642,hit,CID11784642,NO_CID_4d863ccbfa4c,,hit,1,,1,1,1,1
2109,CC(C)=CC1NCCc2c[nH]c3cccc1c23,True,CC(C)=CC1NCCc2c[nH]c3cccc1c23,CC(C)=CC1NCCc2c[nH]c3cccc1c23,ZTSJEOWZNBPNQS-UHFFFAOYSA-N,157605,hit,CID157605,NO_CID_05a367bd2d60,,hit,1,,1,1,1,1
2110,CC(N)(Cc1c[nH]c2ccccc12)C(=O)O,True,CC(N)(Cc1c[nH]c2ccccc12)C(=O)O,CC(N)(Cc1c[nH]c2ccccc12)C(=O)O,ZTTWHZHBPDYSQB-UHFFFAOYSA-N,95438,hit,CID95438,NO_CID_166e490431cf,,hit,1,,1,1,1,1
2111,CCCCCCC(C)C,True,CCCCCCC(C)C,CCCCCCC(C)C,ZUBZATZOEPUUQF-UHFFFAOYSA-N,18591,hit,CID18591,NO_CID_c4041e743a80,,hit,1,,1,1,1,1
2112,c1ccc(-c2ccccc2)cc1,True,c1ccc(-c2ccccc2)cc1,c1ccc(-c2ccccc2)cc1,ZUOUZKKEUPVFJK-UHFFFAOYSA-N,7095,hit,CID7095,NO_CID_27dacb226b18,,hit,1,,1,1,1,1
2113,CNc1ccc(C(=O)O)cc1,True,CNc1ccc(C(=O)O)cc1,CNc1ccc(C(=O)O)cc1,ZVIDMSBTYRSMAR-UHFFFAOYSA-N,66345,hit,CID66345,NO_CID_f4d8bccb4db4,,hit,1,,1,1,1,1
2114,CC[C@H]1OC(=O)/C=C/[C@H](C)[C@@H](O[C@@H]2O[C@H](C)C[C@H](N(C)C)[C@H]2O)[C@@H](C)C[C@@H](C)[C@H](O)/C=C/C=C/[C@@H]1C,True,CCC1OC(=O)C=CC(C)C(OC2OC(C)CC(N(C)C)C2O)C(C)CC(C)C(O)C=CC=CC1C,CC[C@H]1OC(=O)/C=C/[C@H](C)[C@@H](O[C@@H]2O[C@H](C)C[C@H](N(C)C)[C@H]2O)[C@@H](C)C[C@@H](C)[C@H](O)/C=C/C=C/[C@@H]1C,ZWHLYXQJICTUSD-JUFBBUGVSA-N,137349770,hit,CID137349770,NO_CID_871efc20d0e7,,hit,1,,1,1,1,1
2115,Cc1ccccc1C(=O)[O-],True,Cc1ccccc1C(=O)[O-],Cc1ccccc1C(=O)[O-],ZWLPBLYKEWSWPD-UHFFFAOYSA-M,6997338,hit,CID6997338,NO_CID_b1bd48941e17,,hit,1,,1,1,1,1
2116,CCCCCCCCCO,True,CCCCCCCCCO,CCCCCCCCCO,ZWRUINPWMLAQRD-UHFFFAOYSA-N,8914,hit,CID8914,NO_CID_abe6a8eadb8a,,hit,1,,1,1,1,1
2117,O=c1ccc2ccccc2o1,True,O=c1ccc2ccccc2o1,O=c1ccc2ccccc2o1,ZYGHJZDHTFUPRJ-UHFFFAOYSA-N,323,hit,CID323,NO_CID_b66459934f52,,hit,1,,1,1,1,1
2118,COc1cc(OC)c2c(O)c3c(cc2c1)OC(C)(O)CC3=O,True,COc1cc(OC)c2c(O)c3c(cc2c1)OC(C)(O)CC3=O,COc1cc(OC)c2c(O)c3c(cc2c1)OC(C)(O)CC3=O,ZYTKFYQKQVYVMW-UHFFFAOYSA-N,160596,hit,CID160596,NO_CID_69089237096e,,hit,1,,1,1,1,1
2119,CC12CCC(CC1=O)C2,True,CC12CCC(CC1=O)C2,CC12CCC(CC1=O)C2,ZYVCBPCUGIGFJA-UHFFFAOYSA-N,143613,hit,CID143613,NO_CID_076050f0c564,,hit,1,,0,0,0,0
2120,COc1ccc(-c2coc3cc(O)ccc3c2=O)cc1O,True,COc1ccc(-c2coc3cc(O)ccc3c2=O)cc1O,COc1ccc(-c2coc3cc(O)ccc3c2=O)cc1O,ZZAJQOPSWWVMBI-UHFFFAOYSA-N,5280448,hit,CID5280448,NO_CID_30ecb4999b58,,hit,1,,0,0,0,0
2121,CC(C)C[C@@H](O)[C@H](O)[C@@H](C)[C@H]1CC[C@H]2[C@@H]3C[C@H](O)[C@H]4C[C@@H](O)CC[C@]4(C)[C@H]3CC[C@]12C,True,CC(C)CC(O)C(O)C(C)C1CCC2C3CC(O)C4CC(O)CCC4(C)C3CCC12C,CC(C)C[C@@H](O)[C@H](O)[C@@H](C)[C@H]1CC[C@H]2[C@@H]3C[C@H](O)[C@H]4C[C@@H](O)CC[C@]4(C)[C@H]3CC[C@]12C,ZZAPBLBSABULBK-FFMUGVTPSA-N,162422393,hit,CID162422393,NO_CID_08970586f09d,,hit,1,,0,0,0,0
2122,CC(C)C[C@@H](O)[C@H](O)[C@@H](C)[C@H]1CC[C@H]2[C@@H]3C[C@H](O)[C@H]4C[C@H](O)CC[C@]4(C)[C@H]3CC[C@]12C,True,CC(C)CC(O)C(O)C(C)C1CCC2C3CC(O)C4CC(O)CCC4(C)C3CCC12C,CC(C)C[C@@H](O)[C@H](O)[C@@H](C)[C@H]1CC[C@H]2[C@@H]3C[C@H](O)[C@H]4C[C@H](O)CC[C@]4(C)[C@H]3CC[C@]12C,ZZAPBLBSABULBK-TVXOAMHSSA-N,162422396,hit,CID162422396,NO_CID_5a314370dffd,,hit,1,,0,0,0,0
2123,Cc1ccc(-c2ccccc2)cc1,True,Cc1ccc(-c2ccccc2)cc1,Cc1ccc(-c2ccccc2)cc1,ZZLCFHIKESPLTH-UHFFFAOYSA-N,12566,hit,CID12566,NO_CID_da82b0828f9f,,hit,1,,0,0,0,0
2124,c1cc2c(cc1OC1OCC3C(c4ccc5c(c4)OCO5)OCC13)OCO2,True,c1cc2c(cc1OC1OCC3C(c4ccc5c(c4)OCO5)OCC13)OCO2,c1cc2c(cc1OC1OCC3C(c4ccc5c(c4)OCO5)OCC13)OCO2,ZZMNWJVJUKMZJY-UHFFFAOYSA-N,585998,hit,CID585998,NO_CID_5c6ab3c2a6bf,,hit,1,,0,0,0,0
