Substrate Index,Enzyme Index,Label,Dock Index,positive_reactions
91,144,0,13430,91
92,50,1,13482,92
9,21,1,167,9
25,77,0,1245,25
24,65,0,2401,24
20,128,0,5238,20
4,57,0,2101,4
13,95,1,4037,13
44,49,0,6911,44
50,65,0,8679,50
78,53,1,11441,78
39,25,0,2945,39
63,48,0,7348,63
14,78,0,1100,14
53,61,0,10719,53
39,57,0,2977,39
40,145,0,5985,40
19,108,0,3758,19
4,49,0,2093,4
21,30,0,3242,21
40,48,0,5888,40
73,135,0,7727,73
61,115,0,10481,61
20,38,0,5148,20
13,40,0,3982,13
21,48,0,3260,21
59,98,0,7836,59
77,29,0,11563,77
86,138,0,12548,86
19,26,1,3676,19
69,117,0,8293,69
39,61,0,2981,39
64,144,0,10218,64
75,25,0,8347,75
54,40,0,7486,54
68,67,0,11017,68
95,77,1,13801,95
45,112,0,7266,45
87,61,1,13055,87
83,105,0,12953,83
28,135,0,3639,28
63,76,0,7376,63
21,54,0,3266,21
65,138,0,10358,65
68,136,0,11086,68
40,27,1,5867,40
73,104,0,7696,73
79,27,0,11269,79
63,100,0,7400,63
61,55,0,10421,61
78,32,0,11420,78
68,38,1,10988,68
69,47,0,8223,69
20,2,1,5112,20
26,99,0,3457,26
61,106,0,10472,61
12,90,0,3886,12
27,105,0,4777,27
20,129,0,5239,20
44,17,0,6879,44
50,124,0,8738,50
11,142,0,1018,11
83,113,1,12961,83
79,29,1,11271,79
82,1,1,11973,82
56,5,1,10809,56
77,70,0,11604,77
31,69,1,507,31
44,25,0,6887,44
78,67,1,11455,78
15,120,0,3186,15
77,56,0,11590,77
21,107,0,3319,21
2,5,1,1465,2
14,14,1,1036,14
24,112,0,2448,24
2,29,0,1489,2
19,25,1,3675,19
27,124,0,4796,27
44,122,0,6984,44
4,1,1,2045,4
54,22,0,7468,54
28,140,0,3644,28
64,53,0,10127,64
38,122,0,4356,38
89,74,0,12338,89
74,14,0,9066,74
86,26,0,12436,86
87,115,0,13109,87
68,93,0,11043,68
61,27,0,10393,61
17,32,0,2806,17
57,23,0,7907,57
33,86,0,1400,33
19,8,1,3658,19
38,9,1,4243,38
15,15,0,3081,15
54,121,0,7567,54
42,133,0,6703,42
13,116,0,4058,13
4,135,0,2179,4
31,27,1,465,31
87,124,0,13118,87
50,8,0,8622,50
36,136,0,4954,36
50,28,0,8642,50
61,75,0,10441,61
2,45,0,1505,2
38,53,0,4287,38
10,128,0,2756,10
50,53,0,8667,50
36,23,0,4841,36
87,142,0,13136,87
24,53,0,2389,24
31,21,1,459,31
67,5,1,10517,67
56,145,0,10949,56
79,140,0,11382,79
86,52,0,12462,86
59,112,0,7850,59
39,135,0,3055,39
36,60,0,4878,36
50,83,0,8697,50
38,21,0,4255,38
68,1,1,10951,68
71,29,1,11125,71
75,52,0,8374,75
87,108,0,13102,87
54,18,0,7464,54
13,106,0,4048,13
12,123,0,3919,12
93,109,1,13687,93
49,135,0,6413,49
65,145,0,10365,65
83,98,0,12946,83
10,54,0,2682,10
79,21,0,11263,79
79,85,0,11327,79
15,61,0,3127,15
9,14,1,160,9
85,93,0,12795,85
46,105,0,6821,46
34,145,1,145,34
54,70,0,7516,54
11,18,0,894,11
21,141,0,3353,21
39,143,0,3063,39
40,132,0,5972,40
54,38,0,7484,54
36,50,0,4868,36
4,122,0,2166,4
39,9,1,2929,39
86,44,0,12454,86
6,28,0,1780,6
26,49,0,3407,26
2,33,0,1493,2
84,103,0,12221,84
82,144,0,12116,82
53,93,0,10751,53
92,95,1,13527,92
31,2,1,440,31
19,109,1,3759,19
31,92,1,530,31
74,0,1,9052,74
11,1,0,877,11
36,33,0,4851,36
46,25,0,6741,46
61,77,1,10443,61
87,25,1,13019,87
91,124,0,13410,91
54,144,0,7590,54
22,68,0,4448,22
91,117,0,13403,91
28,100,0,3604,28
68,57,0,11007,68
61,26,1,10392,61
75,106,0,8428,75
27,61,0,4733,27
11,49,0,925,11
59,68,0,7806,59
80,20,0,11700,80
49,128,0,6406,49
64,132,0,10206,64
92,52,1,13484,92
31,110,1,548,31
12,9,1,3805,12
20,67,0,5177,20
68,102,0,11052,68
19,116,0,3766,19
17,26,0,2800,17
26,118,0,3476,26
83,144,0,12992,83
8,123,0,853,8
11,8,0,884,11
8,85,0,815,8
38,33,1,4267,38
9,27,1,173,9
81,96,0,11922,81
51,119,0,9317,51
45,59,1,7213,45
61,22,0,10388,61
70,52,1,9834,70
4,86,0,2130,4
54,50,0,7496,54
33,54,0,1368,33
69,142,0,8318,69
84,23,0,12141,84
76,122,0,8590,76
81,124,0,11950,81
73,33,0,7625,73
55,106,0,8866,55
2,129,0,1589,2
63,9,0,7309,63
28,40,0,3544,28
93,80,1,13658,93
50,59,0,8673,50
22,32,0,4412,22
33,75,0,1389,33
93,6,1,13584,93
77,18,0,11552,77
50,91,0,8705,50
44,68,0,6930,44
91,113,0,13399,91
53,86,0,10744,53
61,100,0,10466,61
76,38,0,8506,76
34,102,1,102,34
39,110,0,3030,39
79,113,0,11355,79
89,92,0,12356,89
26,140,0,3498,26
55,48,0,8808,55
91,99,0,13385,91
73,129,0,7721,73
83,5,1,12853,83
81,55,0,11881,81
38,99,0,4333,38
79,60,0,11302,79
68,133,0,11083,68
4,145,0,2189,4
59,119,0,7857,59
34,77,1,77,34
26,116,0,3474,26
19,81,1,3731,19
54,77,0,7523,54
57,109,0,7993,57
93,143,0,13721,93
76,15,1,8483,76
89,56,0,12320,89
70,51,0,9833,70
26,45,0,3403,26
63,133,0,7433,63
68,22,1,10972,68
64,77,0,10151,64
93,28,1,13606,93
76,117,0,8585,76
14,48,0,1070,14
79,57,0,11299,79
95,141,0,13865,95
86,93,0,12503,86
71,13,1,11109,71
87,69,1,13063,87
19,35,1,3685,19
46,144,0,6860,46
79,96,0,11338,79
50,101,0,8715,50
57,117,0,8001,57
93,91,1,13669,93
12,79,0,3875,12
15,24,1,3090,15
91,35,0,13321,91
86,19,0,12429,86
2,40,0,1500,2
44,32,0,6894,44
83,74,1,12922,83
46,115,0,6831,46
67,80,0,10592,67
42,77,0,6647,42
77,20,0,11554,77
91,93,0,13379,91
85,129,0,12831,85
24,27,0,2363,24
10,144,0,2772,10
40,95,0,5935,40
89,129,0,12393,89
71,118,0,11214,71
53,15,1,10673,53
33,139,0,1453,33
95,1,1,13725,95
87,93,0,13087,87
63,120,0,7420,63
67,141,0,10653,67
75,20,0,8342,75
53,28,0,10686,53
10,59,0,2687,10
92,118,0,13550,92
60,26,1,9954,60
15,57,0,3123,15
12,124,0,3920,12
59,80,0,7818,59
26,109,0,3467,26
75,83,0,8405,75
4,54,0,2098,4
63,52,0,7352,63
65,6,1,10226,65
78,50,1,11438,78
91,13,1,13299,91
70,121,0,9903,70
38,126,0,4360,38
60,74,0,10002,60
84,112,0,12230,84
45,138,0,7292,45
40,59,0,5899,40
85,77,0,12779,85
19,19,1,3669,19
2,23,0,1483,2
11,17,0,893,11
15,2,1,3068,15
82,79,0,12051,82
34,70,1,70,34
91,135,0,13421,91
85,99,0,12801,85
50,61,0,8675,50
11,112,0,988,11
39,118,0,3038,39
53,55,0,10713,53
2,133,0,1593,2
73,90,0,7682,73
93,105,1,13683,93
53,123,0,10781,53
76,54,0,8522,76
75,51,0,8373,75
46,78,0,6794,46
70,109,0,9891,70
36,143,0,4961,36
56,120,0,10924,56
27,58,0,4730,27
6,57,0,1809,6
65,123,0,10343,65
57,72,0,7956,57
14,34,0,1056,14
70,61,0,9843,70
49,129,0,6407,49
60,56,0,9984,60
95,95,0,13819,95
39,76,0,2996,39
74,143,0,9195,74
51,138,0,9336,51
25,99,0,1267,25
93,142,0,13720,93
95,76,1,13800,95
21,51,0,3263,21
39,129,0,3049,39
10,25,0,2653,10
86,143,0,12553,86
78,135,0,11523,78
15,108,0,3174,15
20,58,0,5168,20
17,101,0,2875,17
12,132,0,3928,12
21,55,0,3267,21
20,91,0,5201,20
89,40,0,12304,89
85,61,0,12763,85
53,14,1,10672,53
27,13,0,4685,27
87,1,1,12995,87
69,126,0,8302,69
75,103,0,8425,75
63,15,0,7315,63
93,54,1,13632,93
4,35,0,2079,4
87,68,1,13062,87
44,106,0,6968,44
13,70,1,4012,13
89,96,0,12360,89
91,60,0,13346,91
38,0,1,4234,38
87,122,0,13116,87
61,23,1,10389,61
83,129,0,12977,83
6,105,0,1857,6
2,47,0,1507,2
31,24,1,462,31
53,22,0,10680,53
92,51,1,13483,92
38,79,0,4313,38
38,103,0,4337,38
19,120,0,3770,19
26,5,0,3363,26
2,72,0,1532,2
81,21,0,11847,81
87,140,0,13134,87
82,136,0,12108,82
4,76,0,2120,4
65,47,1,10267,65
70,26,1,9808,70
24,29,0,2365,24
53,139,0,10797,53
45,32,0,7186,45
93,5,1,13583,93
10,30,0,2658,10
39,38,0,2958,39
87,60,1,13054,87
69,13,1,8189,69
67,136,0,10648,67
10,85,0,2713,10
64,27,0,10101,64
46,49,0,6765,46
25,5,1,1173,25
61,105,0,10471,61
21,95,0,3307,21
75,100,0,8422,75
25,13,1,1181,25
21,17,0,3229,21
81,139,0,11965,81
61,113,0,10479,61
6,24,1,1776,6
10,107,0,2735,10
26,51,0,3409,26
13,92,1,4034,13
73,55,0,7647,73
20,28,0,5138,20
61,107,0,10473,61
40,81,0,5921,40
46,48,0,6764,46
36,83,0,4901,36
67,61,0,10573,67
65,9,1,10229,65
86,76,0,12486,86
46,38,0,6754,46
13,77,0,4019,13
13,123,0,4065,13
17,98,0,2872,17
93,90,1,13668,93
65,23,0,10243,65
55,142,0,8902,55
21,15,0,3227,21
28,143,0,3647,28
67,126,0,10638,67
86,24,0,12434,86
67,109,0,10621,67
36,138,0,4956,36
34,83,1,83,34
85,115,0,12817,85
79,70,0,11312,79
84,60,0,12178,84
6,132,0,1884,6
81,19,0,11845,81
60,45,1,9973,60
10,77,0,2705,10
64,78,0,10152,64
92,22,1,13454,92
76,141,0,8609,76
85,116,0,12818,85
45,108,0,7262,45
8,101,0,831,8
28,121,0,3625,28
74,18,1,9070,74
50,68,0,8682,50
50,30,0,8644,50
38,93,0,4327,38
39,117,0,3037,39
53,58,0,10716,53
71,32,1,11128,71
2,123,0,1583,2
51,22,0,9220,51
76,113,0,8581,76
65,135,0,10355,65
82,80,0,12052,82
42,123,0,6693,42
36,77,0,4895,36
28,142,0,3646,28
60,110,0,10038,60
84,144,0,12262,84
45,103,0,7257,45
75,67,0,8389,75
85,23,0,12725,85
73,109,0,7701,73
67,75,0,10587,67
50,23,0,8637,50
45,93,0,7247,45
68,24,0,10974,68
64,13,1,10087,64
21,18,0,3230,21
84,133,0,12251,84
91,142,0,13428,91
27,23,0,4695,27
85,54,0,12756,85
14,142,0,1164,14
46,60,0,6776,46
92,18,1,13450,92
16,44,0,5300,16
65,19,0,10239,65
38,110,0,4344,38
54,132,0,7578,54
26,14,0,3372,26
75,128,0,8450,75
20,104,0,5214,20
64,60,0,10134,64
78,21,1,11409,78
80,132,0,11812,80
17,133,0,2907,17
87,50,1,13044,87
93,101,1,13679,93
87,14,1,13008,87
27,25,0,4697,27
61,50,0,10416,61
64,140,0,10214,64
56,117,0,10921,56
84,70,1,12188,84
31,144,0,582,31
67,20,1,10532,67
67,119,0,10631,67
46,13,0,6729,46
93,60,0,13638,93
4,58,0,2102,4
12,95,0,3891,12
85,33,0,12735,85
49,81,0,6359,49
24,78,0,2414,24
68,19,0,10969,68
84,59,0,12177,84
82,17,0,11989,82
42,79,0,6649,42
95,129,0,13853,95
2,60,0,1520,2
69,90,0,8266,69
33,1,1,1315,33
42,23,1,6593,42
70,110,0,9892,70
82,28,0,12000,82
56,75,1,10879,56
26,28,0,3386,26
49,48,0,6326,49
73,113,0,7705,73
67,132,0,10644,67
93,17,1,13595,93
36,135,0,4953,36
74,26,1,9078,74
95,142,0,13866,95
82,19,1,11991,82
8,116,0,846,8
14,60,0,1082,14
92,33,1,13465,92
34,57,1,57,34
39,8,0,2928,39
24,15,1,2351,24
20,21,0,5131,20
25,54,0,1222,25
13,79,0,4021,13
55,65,0,8825,55
78,38,1,11426,78
14,21,1,1043,14
77,0,0,11534,77
84,139,0,12257,84
76,55,0,8523,76
67,86,0,10598,67
13,81,0,4023,13
15,106,0,3172,15
13,105,1,4047,13
10,69,0,2697,10
79,135,0,11377,79
14,35,0,1057,14
69,45,0,8221,69
20,8,1,5118,20
79,75,1,11317,79
70,135,0,9917,70
89,67,0,12331,89
33,143,0,1457,33
38,32,1,4266,38
50,106,0,8720,50
26,76,0,3434,26
38,29,0,4263,38
21,23,0,3235,21
10,104,0,2732,10
61,53,1,10419,61
83,61,1,12909,83
91,27,0,13313,91
74,61,1,9113,74
60,99,0,10027,60
8,15,0,745,8
57,74,0,7958,57
27,109,0,4781,27
84,128,0,12246,84
16,96,0,5352,16
85,112,0,12814,85
59,132,0,7870,59
61,40,1,10406,61
84,54,0,12172,84
31,30,1,468,31
81,14,0,11840,81
78,117,1,11505,78
10,126,0,2754,10
16,90,0,5346,16
9,32,1,178,9
80,18,0,11698,80
14,132,0,1154,14
10,86,0,2714,10
85,141,0,12843,85
31,101,1,539,31
50,78,0,8692,50
14,117,0,1139,14
77,2,0,11536,77
68,34,1,10984,68
16,79,0,5335,16
50,93,0,8707,50
20,112,0,5222,20
74,104,1,9156,74
73,23,1,7615,73
95,44,0,13768,95
31,40,1,478,31
53,108,0,10766,53
28,6,1,3510,28
15,28,0,3094,15
75,22,0,8344,75
87,96,1,13090,87
34,93,1,93,34
39,102,0,3022,39
38,50,1,4284,38
70,83,0,9865,70
45,14,1,7168,45
56,21,1,10825,56
67,124,0,10636,67
65,83,0,10303,65
19,67,1,3717,19
19,118,0,3768,19
45,51,0,7205,45
84,107,0,12225,84
87,22,1,13016,87
14,105,0,1127,14
93,52,1,13630,93
21,6,0,3218,21
55,53,0,8813,55
12,17,1,3813,12
12,144,0,3940,12
45,25,1,7179,45
78,124,0,11512,78
17,45,0,2819,17
2,28,0,1488,2
44,107,0,6969,44
84,126,0,12244,84
16,142,0,5398,16
13,139,0,4081,13
46,9,0,6725,46
19,2,1,3652,19
15,72,0,3138,15
9,69,1,215,9
9,138,1,284,9
59,122,0,7860,59
71,14,1,11110,71
57,27,0,7911,57
74,83,0,9135,74
28,103,0,3607,28
69,29,0,8205,69
33,25,0,1339,33
36,90,0,4908,36
60,48,1,9976,60
21,128,0,3340,21
28,61,1,3565,28
44,81,0,6943,44
51,30,0,9228,51
61,103,0,10469,61
11,126,0,1002,11
51,5,0,9203,51
80,79,0,11759,80
44,103,0,6965,44
92,13,1,13445,92
70,20,0,9802,70
93,96,0,13674,93
80,38,0,11718,80
78,90,0,11478,78
89,102,0,12366,89
68,100,0,11050,68
92,74,0,13506,92
77,118,0,11652,77
92,138,1,13570,92
34,98,1,98,34
15,19,1,3085,15
87,112,1,13106,87
63,55,0,7355,63
68,92,0,11042,68
57,105,0,7989,57
79,52,0,11294,79
27,91,0,4763,27
81,0,0,11826,81
13,113,0,4055,13
86,53,0,12463,86
60,118,0,10046,60
80,83,0,11763,80
54,28,0,7474,54
10,143,0,2771,10
22,144,0,4524,22
40,122,0,5962,40
22,69,0,4449,22
85,79,0,12781,85
71,120,0,11216,71
92,17,1,13449,92
83,109,0,12957,83
74,13,1,9065,74
55,57,0,8817,55
76,35,1,8503,76
34,25,1,25,34
80,92,0,11772,80
45,5,1,7159,45
21,133,0,3345,21
92,107,1,13539,92
68,144,0,11094,68
10,2,0,2630,10
22,75,0,4455,22
57,128,0,8012,57
67,103,0,10615,67
86,6,0,12416,86
92,129,0,13561,92
31,13,1,451,31
63,38,0,7338,63
15,27,0,3093,15
28,2,1,3506,28
61,61,0,10427,61
85,96,0,12798,85
65,91,0,10311,65
27,50,0,4722,27
79,59,0,11301,79
13,126,0,4068,13
71,85,0,11181,71
50,6,0,8620,50
71,51,1,11147,71
8,115,0,845,8
12,45,0,3841,12
68,8,1,10958,68
65,120,0,10340,65
6,80,0,1832,6
24,28,0,2364,24
15,99,0,3165,15
51,72,0,9270,51
17,54,0,2828,17
31,54,1,492,31
81,49,0,11875,81
70,106,0,9888,70
79,0,1,11242,79
20,47,0,5157,20
80,57,0,11737,80
14,86,0,1108,14
38,106,0,4340,38
6,22,0,1774,6
75,40,0,8362,75
28,96,1,3600,28
69,75,0,8251,69
71,38,1,11134,71
2,143,0,1603,2
49,14,1,6292,49
44,119,0,6981,44
45,102,0,7256,45
87,21,0,13015,87
25,81,0,1249,25
6,85,0,1837,6
2,98,0,1558,2
57,53,0,7937,57
8,65,0,795,8
53,106,0,10764,53
56,103,0,10907,56
70,59,0,9841,70
8,51,0,781,8
70,65,0,9847,70
91,75,0,13361,91
92,101,0,13533,92
59,28,0,7766,59
6,142,0,1894,6
82,140,0,12112,82
26,107,0,3465,26
87,72,1,13066,87
67,85,0,10597,67
8,49,0,779,8
71,105,0,11201,71
53,140,0,10798,53
76,140,0,8608,76
89,81,0,12345,89
20,72,0,5182,20
12,38,1,3834,12
4,83,0,2127,4
57,79,0,7963,57
46,76,0,6792,46
84,136,0,12254,84
82,128,0,12100,82
42,119,0,6689,42
83,96,1,12944,83
61,122,0,10488,61
54,99,0,7545,54
82,110,0,12082,82
6,17,1,1769,6
45,120,0,7274,45
85,32,0,12734,85
73,53,0,7645,73
89,120,0,12384,89
14,19,0,1041,14
26,50,0,3408,26
71,44,1,11140,71
46,53,0,6769,46
8,56,0,786,8
26,129,0,3487,26
82,78,0,12050,82
56,27,1,10831,56
46,99,0,6815,46
34,54,1,54,34
93,115,1,13693,93
39,116,0,3036,39
53,13,1,10671,53
87,123,0,13117,87
19,6,1,3656,19
60,27,0,9955,60
17,123,0,2897,17
59,105,0,7843,59
10,18,0,2646,10
17,96,0,2870,17
92,5,1,13437,92
33,144,0,1458,33
84,52,0,12170,84
9,22,1,168,9
76,44,0,8512,76
17,143,0,2917,17
82,85,0,12057,82
86,132,0,12542,86
33,81,0,1395,33
71,5,1,11101,71
16,139,0,5395,16
10,65,0,2693,10
84,138,0,12256,84
9,5,1,151,9
22,109,0,4489,22
77,136,0,11670,77
56,29,0,10833,56
61,30,1,10396,61
42,138,0,6708,42
17,105,0,2879,17
34,110,1,110,34
42,54,0,6624,42
85,67,0,12769,85
12,101,1,3897,12
13,55,0,3997,13
54,6,0,7452,54
67,2,1,10514,67
50,75,0,8689,50
44,48,0,6910,44
55,18,0,8778,55
64,101,0,10175,64
10,93,0,2721,10
67,79,0,10591,67
22,74,1,4454,22
19,144,0,3794,19
83,68,1,12916,83
33,119,0,1433,33
20,76,0,5186,20
33,69,0,1383,33
36,65,0,4883,36
4,60,0,2104,4
80,95,0,11775,80
50,33,0,8647,50
22,122,0,4502,22
20,54,0,5164,20
6,110,0,1862,6
92,70,1,13502,92
60,93,0,10021,60
77,100,0,11634,77
54,83,0,7529,54
19,129,0,3779,19
6,6,1,1758,6
65,81,0,10301,65
61,86,0,10452,61
89,116,0,12380,89
54,55,0,7501,54
17,50,1,2824,17
86,58,0,12468,86
21,101,0,3313,21
74,138,0,9190,74
75,115,0,8437,75
15,119,0,3185,15
81,45,0,11871,81
74,116,0,9168,74
70,58,1,9840,70
27,95,0,4767,27
8,122,0,852,8
84,50,0,12168,84
95,90,0,13814,95
64,25,0,10099,64
91,56,0,13342,91
4,29,1,2073,4
68,145,0,11095,68
89,26,0,12290,89
8,47,0,777,8
77,142,0,11676,77
83,145,0,12993,83
59,123,0,7861,59
75,14,0,8336,75
57,47,0,7931,57
61,60,0,10426,61
60,17,1,9945,60
65,27,0,10247,65
83,27,1,12875,83
63,50,0,7350,63
77,25,0,11559,77
40,91,0,5931,40
63,140,0,7440,63
25,136,0,1304,25
80,14,0,11694,80
86,78,0,12488,86
82,15,1,11987,82
93,113,1,13691,93
25,8,1,1176,25
68,50,1,11000,68
71,102,0,11198,71
17,135,0,2909,17
87,45,1,13039,87
85,113,0,12815,85
67,74,0,10586,67
8,70,0,800,8
71,113,0,11209,71
4,21,1,2065,4
28,105,0,3609,28
64,72,0,10146,64
64,57,0,10131,64
86,14,0,12424,86
64,113,0,10187,64
17,21,1,2795,17
6,23,1,1775,6
16,0,1,5256,16
64,59,0,10133,64
53,69,0,10727,53
91,48,0,13334,91
38,80,0,4314,38
87,129,0,13123,87
40,129,0,5969,40
42,65,0,6635,42
76,128,0,8596,76
40,112,0,5952,40
42,117,0,6687,42
21,136,0,3348,21
55,112,0,8872,55
45,24,0,7178,45
14,45,0,1067,14
81,57,0,11883,81
25,19,0,1187,25
12,30,1,3826,12
80,1,0,11681,80
78,83,1,11471,78
8,121,0,851,8
53,98,0,10756,53
26,65,0,3423,26
40,123,0,5963,40
70,133,0,9915,70
25,74,0,1242,25
13,86,0,4028,13
70,132,0,9914,70
75,65,0,8387,75
45,38,0,7192,45
71,115,0,11211,71
8,54,0,784,8
79,58,0,11300,79
56,138,0,10942,56
89,122,0,12386,89
33,133,0,1447,33
33,117,0,1431,33
89,8,1,12272,89
15,74,0,3140,15
55,139,0,8899,55
39,45,0,2965,39
93,1,1,13579,93
21,103,0,3315,21
33,85,0,1399,33
85,45,0,12747,85
2,144,0,1604,2
10,118,0,2746,10
84,90,0,12208,84
26,2,0,3360,26
71,86,0,11182,71
19,145,0,3795,19
24,92,0,2428,24
6,104,0,1856,6
28,19,1,3523,28
59,1,1,7739,59
49,142,0,6420,49
11,5,0,881,11
68,107,0,11057,68
60,38,1,9966,60
54,60,0,7506,54
64,67,0,10141,64
6,86,0,1838,6
92,48,1,13480,92
15,54,0,3120,15
28,60,1,3564,28
95,104,0,13828,95
87,85,0,13079,87
53,135,0,10793,53
15,81,0,3147,15
67,83,0,10595,67
87,59,0,13053,87
13,142,0,4084,13
59,49,0,7787,59
57,122,0,8006,57
6,76,0,1828,6
27,107,0,4779,27
36,20,0,4838,36
14,145,0,1167,14
6,30,1,1782,6
34,52,1,52,34
31,72,1,510,31
31,20,1,458,31
12,19,1,3815,12
22,26,0,4406,22
87,75,0,13069,87
20,116,0,5226,20
84,108,0,12226,84
55,135,0,8895,55
40,6,1,5846,40
27,67,1,4739,27
11,25,0,901,11
67,78,0,10590,67
67,115,0,10627,67
50,109,0,8723,50
49,47,0,6325,49
78,14,1,11402,78
81,35,0,11861,81
16,49,0,5305,16
85,102,0,12804,85
51,95,1,9293,51
79,124,0,11366,79
73,49,0,7641,73
49,60,0,6338,49
92,145,0,13577,92
39,24,1,2944,39
49,119,0,6397,49
79,44,0,11286,79
91,139,0,13425,91
51,1,0,9199,51
8,38,0,768,8
60,117,0,10045,60
92,56,1,13488,92
8,52,0,782,8
44,145,0,7007,44
65,72,0,10292,65
21,67,0,3279,21
82,5,1,11977,82
53,29,0,10687,53
70,24,0,9806,70
22,135,0,4515,22
77,76,0,11610,77
85,6,0,12708,85
19,57,1,3707,19
16,21,0,5277,16
25,112,0,1280,25
42,0,1,6570,42
80,143,0,11823,80
73,132,0,7724,73
42,104,0,6674,42
26,115,0,3473,26
93,86,1,13664,93
95,35,1,13759,95
12,56,1,3852,12
2,115,0,1575,2
14,81,0,1103,14
17,44,0,2818,17
27,60,1,4732,27
24,139,0,2475,24
22,128,0,4508,22
19,141,0,3791,19
34,76,1,76,34
71,79,0,11175,71
64,100,0,10174,64
10,9,0,2637,10
80,25,0,11705,80
13,48,0,3990,13
11,23,0,899,11
28,9,1,3513,28
38,75,0,4309,38
60,143,0,10071,60
71,119,0,11215,71
54,56,0,7502,54
9,99,1,245,9
68,5,1,10955,68
11,144,0,1020,11
49,75,0,6353,49
83,122,0,12970,83
2,116,0,1576,2
27,117,0,4789,27
36,103,0,4921,36
54,103,0,7549,54
19,55,0,3705,19
91,33,0,13319,91
50,126,0,8740,50
22,103,0,4483,22
21,25,0,3237,21
93,79,1,13657,93
64,32,0,10106,64
75,17,0,8339,75
59,79,0,7817,59
71,103,0,11199,71
46,34,0,6750,46
54,113,0,7559,54
42,5,1,6575,42
25,108,0,1276,25
21,85,0,3297,21
11,24,0,900,11
76,49,0,8517,76
6,77,0,1829,6
55,70,0,8830,55
74,126,0,9178,74
16,78,0,5334,16
40,50,0,5890,40
2,13,0,1473,2
19,139,1,3789,19
50,49,0,8663,50
39,28,0,2948,39
54,102,0,7548,54
39,27,0,2947,39
25,105,0,1273,25
54,27,0,7473,54
40,105,0,5945,40
74,24,1,9076,74
20,95,0,5205,20
91,9,1,13295,91
63,45,0,7345,63
38,123,0,4357,38
68,128,0,11078,68
64,22,0,10096,64
57,80,0,7964,57
83,112,1,12960,83
70,124,0,9906,70
45,78,0,7232,45
28,115,0,3619,28
25,143,0,1311,25
25,35,0,1203,25
42,48,0,6618,42
79,45,0,11287,79
9,23,1,169,9
51,35,0,9233,51
10,60,0,2688,10
84,24,1,12142,84
31,26,1,464,31
8,6,0,736,8
21,2,0,3214,21
21,96,0,3308,21
86,108,0,12518,86
81,59,0,11885,81
54,93,0,7539,54
77,5,0,11539,77
20,142,0,5252,20
40,115,0,5955,40
71,9,1,11105,71
13,136,0,4078,13
95,20,0,13744,95
71,90,0,11186,71
59,21,1,7759,59
11,52,0,928,11
4,0,1,2044,4
80,85,0,11765,80
44,20,0,6882,44
69,25,0,8201,69
93,121,0,13699,93
59,74,0,7812,59
71,117,0,11213,71
70,90,0,9872,70
89,91,0,12355,89
76,18,0,8486,76
31,107,1,545,31
42,102,1,6672,42
25,45,0,1213,25
49,9,0,6287,49
67,121,0,10633,67
20,57,0,5167,20
25,67,0,1235,25
67,57,0,10569,67
75,117,0,8439,75
57,145,0,8029,57
51,90,0,9288,51
64,135,0,10209,64
87,53,1,13047,87
82,65,0,12037,82
11,40,0,916,11
44,142,0,7004,44
4,59,1,2103,4
92,81,1,13513,92
12,136,0,3932,12
69,141,0,8317,69
54,110,0,7556,54
27,141,0,4813,27
9,24,1,170,9
70,100,1,9882,70
26,141,0,3499,26
36,61,0,4879,36
64,45,0,10119,64
89,99,0,12363,89
69,120,0,8296,69
40,33,1,5873,40
17,92,0,2866,17
33,35,0,1349,33
12,104,0,3900,12
17,1,1,2775,17
80,34,0,11714,80
21,83,0,3295,21
77,83,0,11617,77
76,65,0,8533,76
16,126,0,5382,16
4,126,0,2170,4
84,115,0,12233,84
76,29,0,8497,76
33,67,0,1381,33
83,26,0,12874,83
89,49,0,12313,89
12,142,0,3938,12
68,25,1,10975,68
63,20,0,7320,63
76,101,0,8569,76
79,122,0,11364,79
22,45,0,4425,22
74,80,0,9132,74
8,22,1,752,8
12,5,1,3801,12
53,77,0,10735,53
16,76,0,5332,16
81,79,0,11905,81
16,70,0,5326,16
9,55,1,201,9
55,13,1,8773,55
80,44,0,11724,80
82,51,0,12023,82
65,105,0,10325,65
53,99,0,10757,53
4,81,0,2125,4
11,140,0,1016,11
6,90,0,1842,6
74,120,0,9172,74
33,9,1,1323,33
44,96,0,6958,44
16,51,0,5307,16
56,143,0,10947,56
81,52,0,11878,81
19,58,0,3708,19
57,50,0,7934,57
21,40,0,3252,21
31,45,1,483,31
28,129,0,3633,28
50,52,0,8666,50
16,109,0,5365,16
8,105,0,835,8
65,95,0,10315,65
19,23,0,3673,19
42,106,0,6676,42
64,33,1,10107,64
74,139,0,9191,74
20,121,0,5231,20
38,81,0,4315,38
44,105,0,6967,44
83,47,1,12895,83
93,49,1,13627,93
65,28,1,10248,65
85,18,0,12720,85
87,67,1,13061,87
83,99,0,12947,83
73,20,1,7612,73
57,143,0,8027,57
46,52,0,6768,46
64,96,0,10170,64
15,22,0,3088,15
20,20,0,5130,20
12,49,0,3845,12
84,25,1,12143,84
75,142,0,8464,75
81,69,0,11895,81
36,122,0,4940,36
75,92,0,8414,75
10,45,0,2673,10
24,26,0,2362,24
9,105,1,251,9
13,27,1,3969,13
9,122,1,268,9
46,85,0,6801,46
26,74,0,3432,26
25,68,1,1236,25
84,33,0,12151,84
6,35,0,1787,6
80,2,0,11682,80
13,15,1,3957,13
28,78,0,3582,28
75,35,1,8357,75
85,117,0,12819,85
9,25,1,171,9
42,126,0,6696,42
85,128,0,12830,85
78,104,0,11492,78
84,124,0,12242,84
91,81,0,13367,91
25,51,0,1219,25
31,67,1,505,31
78,113,1,11501,78
24,2,0,2338,24
4,24,0,2068,4
55,32,0,8792,55
87,101,0,13095,87
93,2,1,13580,93
25,85,0,1253,25
63,122,0,7422,63
8,132,0,862,8
76,32,0,8500,76
25,142,0,1310,25
81,27,0,11853,81
24,58,0,2394,24
26,124,0,3482,26
60,0,1,9928,60
82,50,0,12022,82
13,57,0,3999,13
49,144,0,6422,49
17,57,0,2831,17
56,113,0,10917,56
57,140,0,8024,57
70,98,0,9880,70
64,110,0,10184,64
31,93,1,531,31
13,45,0,3987,13
57,133,0,8017,57
27,106,0,4778,27
31,142,0,580,31
9,118,0,264,9
12,28,1,3824,12
69,124,0,8300,69
68,70,1,11020,68
49,70,0,6348,49
75,80,0,8402,75
45,52,1,7206,45
93,44,1,13622,93
36,49,0,4867,36
17,86,0,2860,17
34,21,1,21,34
46,118,0,6834,46
89,38,0,12302,89
70,70,1,9852,70
45,21,1,7175,45
57,24,0,7908,57
20,40,0,5150,20
70,1,1,9783,70
78,9,1,11397,78
42,17,1,6587,42
85,108,0,12810,85
63,65,0,7365,63
91,107,0,13393,91
67,95,0,10607,67
89,76,0,12340,89
28,76,1,3580,28
74,54,1,9106,74
36,141,0,4959,36
86,80,0,12490,86
45,34,0,7188,45
27,40,0,4712,27
19,103,0,3753,19
24,49,0,2385,24
51,14,0,9212,51
15,92,0,3158,15
26,128,0,3486,26
13,44,1,3986,13
20,113,0,5223,20
70,104,1,9886,70
79,142,0,11384,79
95,107,0,13831,95
28,90,1,3594,28
93,81,1,13659,93
56,52,0,10856,56
36,47,0,4865,36
34,8,1,8,34
39,113,0,3033,39
64,65,0,10139,64
44,132,0,6994,44
28,101,1,3605,28
8,95,0,825,8
63,96,0,7396,63
40,19,1,5859,40
16,121,0,5377,16
85,34,0,12736,85
4,40,0,2084,4
11,90,0,966,11
70,99,0,9881,70
44,15,0,6877,44
8,141,0,871,8
57,51,0,7935,57
64,23,1,10097,64
70,57,1,9839,70
83,142,0,12990,83
6,128,0,1880,6
49,98,0,6376,49
25,106,0,1274,25
75,118,0,8440,75
44,67,0,6929,44
42,143,0,6713,42
12,106,0,3902,12
28,123,0,3627,28
44,50,0,6912,44
38,76,0,4310,38
51,55,0,9253,51
82,115,0,12087,82
20,70,0,5180,20
93,104,1,13682,93
84,28,1,12146,84
59,47,0,7785,59
70,50,0,9832,70
45,104,0,7258,45
12,68,0,3864,12
13,2,1,3944,13
2,22,0,1482,2
38,8,1,4242,38
63,128,0,7428,63
57,142,0,8026,57
89,106,0,12370,89
42,86,0,6656,42
59,65,0,7803,59
89,9,1,12273,89
71,136,0,11232,71
57,44,1,7928,57
25,26,1,1194,25
95,52,0,13776,95
65,85,0,10305,65
45,142,0,7296,45
39,112,0,3032,39
36,74,0,4892,36
57,18,1,7902,57
80,115,0,11795,80
2,68,0,1528,2
93,106,0,13684,93
17,136,0,2910,17
17,40,0,2814,17
46,142,0,6858,46
78,91,1,11479,78
95,2,1,13726,95
49,40,0,6318,49
81,78,0,11904,81
89,143,0,12407,89
51,34,0,9232,51
53,122,0,10780,53
93,144,0,13722,93
45,77,0,7231,45
95,144,0,13868,95
91,129,0,13415,91
14,55,1,1077,14
59,20,1,7758,59
20,124,0,5234,20
91,126,0,13412,91
53,136,0,10794,53
60,135,0,10063,60
77,65,1,11599,77
42,60,0,6630,42
39,141,0,3061,39
73,47,0,7639,73
68,108,0,11058,68
70,19,1,9801,70
55,24,1,8784,55
4,128,0,2172,4
19,59,1,3709,19
71,20,1,11116,71
95,0,1,13724,95
75,116,0,8438,75
78,128,0,11516,78
91,24,1,13310,91
26,17,0,3375,26
67,21,0,10533,67
26,58,0,3416,26
68,78,0,11028,68
82,33,0,12005,82
19,86,0,3736,19
55,119,0,8879,55
2,57,0,1517,2
73,38,0,7630,73
53,128,0,10786,53
73,77,0,7669,73
87,20,1,13014,87
84,75,0,12193,84
46,107,0,6823,46
71,60,1,11156,71
77,22,0,11556,77
31,22,1,460,31
75,77,0,8399,75
12,139,0,3935,12
70,141,0,9923,70
60,92,0,10020,60
63,135,0,7435,63
61,138,0,10504,61
53,70,0,10728,53
79,74,0,11316,79
63,44,0,7344,63
60,68,0,9996,60
91,59,0,13345,91
79,141,0,11383,79
50,119,0,8733,50
75,9,0,8331,75
92,20,1,13452,92
20,143,0,5253,20
87,6,1,13000,87
36,124,0,4942,36
22,44,0,4424,22
38,14,1,4248,38
77,61,0,11595,77
46,100,0,6816,46
83,115,1,12963,83
10,129,0,2757,10
8,74,0,804,8
25,60,0,1228,25
93,27,1,13605,93
89,110,0,12374,89
91,25,0,13311,91
57,123,0,8007,57
33,28,0,1342,33
8,83,0,813,8
55,21,0,8781,55
46,55,0,6771,46
38,142,0,4376,38
25,34,0,1202,25
87,48,1,13042,87
56,15,1,10819,56
59,81,0,7819,59
67,19,1,10531,67
19,9,1,3659,19
53,103,0,10761,53
69,69,0,8245,69
77,40,0,11574,77
40,144,0,5984,40
69,144,0,8320,69
85,65,0,12767,85
64,145,0,10219,64
83,83,0,12931,83
87,44,1,13038,87
92,44,1,13476,92
25,28,0,1196,25
81,102,0,11928,81
75,108,0,8430,75
83,23,1,12871,83
44,110,0,6972,44
57,58,1,7942,57
56,142,0,10946,56
20,49,0,5159,20
85,28,0,12730,85
25,9,1,1177,25
22,76,0,4456,22
95,51,0,13775,95
57,57,0,7941,57
2,95,0,1555,2
55,77,0,8837,55
51,102,0,9300,51
50,133,0,8747,50
74,77,0,9129,74
85,133,0,12835,85
46,141,0,6857,46
76,110,0,8578,76
74,55,0,9107,74
77,57,0,11591,77
64,5,1,10079,64
70,47,1,9829,70
33,0,0,1314,33
57,118,0,8002,57
44,53,0,6915,44
78,81,1,11469,78
31,109,1,547,31
17,144,0,2918,17
75,48,0,8370,75
46,143,0,6859,46
78,35,0,11423,78
81,34,0,11860,81
49,77,0,6355,49
80,133,0,11813,80
45,2,1,7156,45
14,50,0,1072,14
57,48,0,7932,57
49,132,0,6410,49
79,86,0,11328,79
81,145,0,11971,81
9,129,0,275,9
46,27,1,6743,46
25,6,1,1174,25
12,77,0,3873,12
56,136,0,10940,56
12,115,0,3911,12
78,78,0,11466,78
68,32,1,10982,68
91,57,0,13343,91
16,69,0,5325,16
87,40,1,13034,87
54,30,0,7476,54
60,47,0,9975,60
6,115,0,1867,6
74,9,1,9061,74
92,99,1,13531,92
91,106,0,13392,91
25,21,1,1189,25
6,52,0,1804,6
69,19,0,8195,69
83,86,0,12934,83
93,93,1,13671,93
83,30,1,12878,83
68,52,0,11002,68
92,109,1,13541,92
59,34,0,7772,59
10,55,0,2683,10
69,67,0,8243,69
83,101,0,12949,83
21,143,0,3355,21
69,86,0,8262,69
87,54,1,13048,87
54,49,0,7495,54
71,33,0,11129,71
24,109,0,2445,24
81,120,0,11946,81
81,15,0,11841,81
55,121,0,8881,55
67,59,0,10571,67
53,5,1,10663,53
14,85,0,1107,14
78,5,1,11393,78
64,55,0,10129,64
80,75,0,11755,80
92,122,1,13554,92
10,91,0,2719,10
60,139,0,10067,60
60,76,0,10004,60
31,70,1,508,31
92,27,1,13459,92
78,2,1,11390,78
70,81,1,9863,70
10,8,0,2636,10
74,79,1,9131,74
19,142,0,3792,19
69,56,0,8232,69
73,50,0,7642,73
12,108,0,3904,12
51,76,0,9274,51
78,65,1,11453,78
86,25,0,12435,86
83,139,0,12987,83
69,140,0,8316,69
14,123,0,1145,14
40,51,1,5891,40
12,51,1,3847,12
15,32,0,3098,15
51,129,0,9327,51
74,69,1,9121,74
21,27,0,3239,21
4,103,0,2147,4
53,117,0,10775,53
8,59,1,789,8
14,38,0,1060,14
69,55,0,8231,69
24,17,0,2353,24
9,30,0,176,9
4,90,0,2134,4
67,76,0,10588,67
25,95,0,1263,25
31,75,1,513,31
46,59,0,6775,46
6,56,0,1808,6
71,40,1,11136,71
2,77,0,1537,2
16,1,1,5257,16
74,141,0,9193,74
65,61,1,10281,65
56,8,1,10812,56
95,78,0,13802,95
82,96,0,12068,82
83,19,1,12867,83
57,115,0,7999,57
13,78,0,4020,13
10,52,0,2680,10
14,33,0,1055,14
69,107,0,8283,69
6,95,0,1847,6
17,91,0,2865,17
46,22,1,6738,46
28,93,0,3597,28
16,22,0,5278,16
76,68,0,8536,76
55,14,0,8774,55
57,106,0,7990,57
56,33,1,10837,56
76,52,0,8520,76
34,23,1,23,34
8,68,0,798,8
69,68,0,8244,69
73,67,0,7659,73
45,40,0,7194,45
40,13,0,5853,40
64,93,0,10167,64
11,121,0,997,11
77,48,0,11582,77
95,56,0,13780,95
45,81,0,7235,45
91,143,0,13429,91
2,109,0,1569,2
81,129,0,11955,81
89,2,1,12266,89
9,28,1,174,9
81,26,0,11852,81
83,54,1,12902,83
75,129,0,8451,75
54,67,0,7513,54
17,49,0,2823,17
59,107,0,7845,59
9,92,1,238,9
15,20,0,3086,15
68,83,0,11033,68
57,85,0,7969,57
25,145,0,1313,25
55,30,1,8790,55
82,93,0,12065,82
17,60,0,2834,17
9,74,1,220,9
26,79,0,3437,26
55,81,0,8841,55
53,83,0,10741,53
89,48,0,12312,89
14,2,1,1024,14
71,65,0,11161,71
60,60,0,9988,60
2,80,0,1540,2
51,105,0,9303,51
46,96,0,6812,46
80,96,0,11776,80
4,32,0,2076,4
89,13,1,12277,89
86,2,0,12412,86
27,32,1,4704,27
26,21,0,3379,26
38,109,0,4343,38
10,78,0,2706,10
60,24,1,9952,60
73,22,0,7614,73
17,117,0,2891,17
86,118,0,12528,86
54,105,0,7551,54
86,95,0,12505,86
31,123,0,561,31
93,120,0,13698,93
4,79,0,2123,4
57,75,0,7959,57
39,65,0,2985,39
12,40,0,3836,12
28,5,1,3509,28
51,50,0,9248,51
67,117,0,10629,67
80,69,0,11749,80
65,139,0,10359,65
95,29,0,13753,95
9,110,1,256,9
92,60,0,13492,92
16,80,0,5336,16
64,19,1,10093,64
70,75,1,9857,70
56,76,0,10880,56
2,70,0,1530,2
74,25,0,9077,74
56,101,0,10905,56
34,135,0,135,34
21,139,0,3351,21
10,44,0,2672,10
39,5,1,2925,39
89,141,0,12405,89
74,35,0,9087,74
10,13,0,2641,10
28,26,1,3530,28
53,141,0,10799,53
54,51,0,7497,54
38,34,1,4268,38
40,101,0,5941,40
73,118,0,7710,73
78,115,1,11503,78
86,67,0,12477,86
12,138,0,3934,12
77,35,0,11569,77
31,81,1,519,31
59,15,1,7753,59
60,109,0,10037,60
6,122,0,1874,6
75,99,0,8421,75
64,105,0,10179,64
40,70,0,5910,40
14,25,0,1047,14
24,13,0,2349,24
20,92,0,5202,20
80,74,0,11754,80
73,117,0,7709,73
38,57,0,4291,38
8,5,0,735,8
70,123,0,9905,70
28,141,0,3645,28
31,116,1,554,31
15,50,0,3116,15
49,103,0,6381,49
86,8,0,12418,86
95,124,0,13848,95
68,140,0,11090,68
38,132,0,4366,38
81,141,0,11967,81
77,6,0,11540,77
55,47,0,8807,55
84,47,0,12165,84
4,52,0,2096,4
75,58,0,8380,75
6,14,1,1766,6
56,119,0,10923,56
24,22,0,2358,24
87,139,0,13133,87
38,1,1,4235,38
8,48,0,778,8
57,81,1,7965,57
51,122,0,9320,51
55,98,0,8858,55
51,140,0,9338,51
2,35,0,1495,2
36,70,0,4888,36
55,85,0,8845,55
86,23,0,12433,86
19,102,0,3752,19
4,67,0,2111,4
42,78,0,6648,42
31,17,1,455,31
79,121,0,11363,79
19,93,0,3743,19
74,85,0,9137,74
31,0,1,438,31
40,67,0,5907,40
89,124,0,12388,89
12,54,0,3850,12
24,55,0,2391,24
69,70,0,8246,69
57,20,0,7904,57
78,18,1,11406,78
49,6,0,6284,49
78,101,0,11489,78
86,59,0,12469,86
21,122,0,3334,21
26,33,0,3391,26
80,86,0,11766,80
87,76,0,13070,87
2,86,0,1546,2
38,27,1,4261,38
74,142,0,9194,74
2,106,0,1566,2
74,91,1,9143,74
51,115,0,9313,51
27,90,0,4762,27
81,117,0,11943,81
46,102,0,6818,46
20,100,0,5210,20
17,6,1,2780,17
81,93,0,11919,81
68,86,0,11036,68
81,104,0,11930,81
80,49,0,11729,80
67,13,1,10525,67
59,69,0,7807,59
82,121,0,12093,82
34,28,1,28,34
54,112,0,7558,54
27,112,0,4784,27
45,0,1,7154,45
44,60,0,6922,44
92,90,1,13522,92
8,80,0,810,8
93,108,1,13686,93
34,136,1,136,34
33,115,0,1429,33
60,91,0,10019,60
82,24,0,11996,82
91,50,0,13336,91
92,112,1,13544,92
45,122,0,7276,45
61,121,0,10487,61
82,32,0,12004,82
63,145,0,7445,63
80,81,0,11761,80
74,19,1,9071,74
86,124,0,12534,86
39,48,0,2968,39
92,19,1,13451,92
71,83,0,11179,71
73,83,0,7675,73
95,117,0,13841,95
81,58,0,11884,81
33,45,0,1359,33
38,48,1,4282,38
38,115,0,4349,38
14,133,0,1155,14
20,80,0,5190,20
45,30,0,7184,45
49,52,0,6330,49
95,132,0,13856,95
25,0,1,1168,25
2,99,0,1559,2
69,104,0,8280,69
24,141,0,2477,24
73,61,0,7653,73
77,123,0,11657,77
83,118,0,12966,83
63,69,0,7369,63
39,55,0,2975,39
8,28,0,758,8
20,110,0,5220,20
9,38,1,184,9
92,23,1,13455,92
89,14,1,12278,89
83,52,1,12900,83
4,96,0,2140,4
11,105,0,981,11
12,47,0,3843,12
86,20,0,12430,86
69,128,0,8304,69
17,70,0,2844,17
19,115,0,3765,19
21,1,0,3213,21
63,57,0,7357,63
73,133,0,7725,73
70,22,1,9804,70
71,2,1,11098,71
95,143,0,13867,95
50,18,0,8632,50
34,139,1,139,34
83,143,0,12991,83
21,20,0,3232,21
12,107,0,3903,12
68,55,0,11005,68
76,45,0,8513,76
13,47,0,3989,13
26,60,0,3418,26
53,68,0,10726,53
19,119,0,3769,19
38,6,1,4240,38
45,85,0,7239,45
92,61,1,13493,92
82,123,0,12095,82
89,139,0,12403,89
31,108,1,546,31
92,136,0,13568,92
34,30,1,30,34
33,49,0,1363,33
16,143,0,5399,16
95,47,0,13771,95
80,72,0,11752,80
16,115,0,5371,16
89,23,0,12287,89
83,135,0,12983,83
86,142,0,12552,86
78,68,1,11456,78
9,121,1,267,9
51,99,0,9297,51
20,145,0,5255,20
60,6,1,9934,60
25,93,0,1261,25
64,143,0,10217,64
4,72,0,2116,4
70,23,1,9805,70
57,112,0,7996,57
73,72,0,7664,73
64,99,0,10173,64
77,132,0,11666,77
81,76,0,11902,81
25,79,0,1247,25
61,129,0,10495,61
36,26,0,4844,36
44,19,0,6881,44
71,128,0,11224,71
68,126,0,11076,68
4,9,1,2053,4
42,2,0,6572,42
31,117,1,555,31
31,128,0,566,31
36,69,0,4887,36
15,117,0,3183,15
51,100,0,9298,51
67,106,0,10618,67
69,40,0,8216,69
15,135,0,3201,15
80,58,0,11738,80
51,20,0,9218,51
45,106,0,7260,45
84,30,0,12148,84
33,142,0,1456,33
28,53,0,3557,28
36,86,0,4904,36
21,135,0,3347,21
57,121,0,8005,57
54,54,0,7500,54
34,59,0,59,34
95,27,0,13751,95
22,9,0,4389,22
71,107,0,11203,71
15,101,0,3167,15
17,74,0,2848,17
87,32,1,13026,87
70,0,1,9782,70
89,133,0,12397,89
63,108,0,7408,63
20,51,0,5161,20
80,19,0,11699,80
12,2,1,3798,12
63,67,0,7367,63
10,70,0,2698,10
27,140,0,4812,27
60,115,0,10043,60
68,29,0,10979,68
6,140,0,1892,6
87,49,1,13043,87
65,115,0,10335,65
93,30,1,13608,93
9,67,1,213,9
69,118,0,8294,69
73,122,0,7714,73
60,142,0,10070,60
77,67,0,11601,77
95,25,0,13749,95
85,136,0,12838,85
34,126,1,126,34
54,29,0,7475,54
33,141,0,1455,33
53,78,0,10736,53
11,30,0,906,11
80,124,0,11804,80
56,38,0,10842,56
86,133,0,12543,86
15,122,0,3188,15
14,116,0,1138,14
46,8,1,6724,46
80,105,0,11785,80
44,2,0,6864,44
26,35,0,3393,26
84,118,0,12236,84
82,118,0,12090,82
55,1,1,8761,55
83,32,1,12880,83
78,24,1,11412,78
68,23,1,10973,68
15,79,0,3145,15
55,38,1,8798,55
46,47,0,6763,46
67,140,0,10652,67
25,40,1,1208,25
33,126,0,1440,33
78,72,0,11460,78
74,72,1,9124,74
16,61,0,5317,16
2,14,0,1474,2
22,18,0,4398,22
26,15,0,3373,26
13,23,1,3965,13
56,112,0,10916,56
92,2,1,13434,92
75,143,0,8465,75
31,121,1,559,31
64,68,0,10142,64
87,5,1,12999,87
14,103,0,1125,14
95,93,1,13817,95
39,104,0,3024,39
22,20,1,4400,22
27,52,0,4724,27
2,74,0,1534,2
61,108,0,10474,61
56,32,1,10836,56
81,24,0,11850,81
59,106,0,7844,59
38,85,0,4319,38
27,83,0,4755,27
86,100,0,12510,86
34,140,1,140,34
2,0,0,1460,2
44,124,0,6986,44
61,136,0,10502,61
54,91,0,7537,54
44,140,0,7002,44
67,67,0,10579,67
8,135,0,865,8
10,90,0,2718,10
20,98,0,5208,20
76,70,0,8538,76
74,144,0,9196,74
53,92,0,10750,53
51,118,0,9316,51
83,49,1,12897,83
65,22,1,10242,65
84,67,0,12185,84
12,34,1,3830,12
46,26,0,6742,46
57,65,1,7949,57
39,40,1,2960,39
76,75,0,8543,76
85,138,0,12840,85
61,59,0,10425,61
67,51,1,10563,67
27,55,0,4727,27
91,1,1,13287,91
9,77,1,223,9
27,28,0,4700,27
63,58,0,7358,63
28,144,0,3648,28
17,129,0,2903,17
61,21,1,10387,61
60,129,0,10057,60
55,133,0,8893,55
56,133,0,10937,56
81,101,0,11927,81
25,69,1,1237,25
84,57,0,12175,84
17,142,0,2916,17
64,35,0,10109,64
76,19,0,8487,76
44,51,0,6913,44
16,93,0,5349,16
16,105,0,5361,16
34,122,1,122,34
79,49,0,11291,79
75,34,0,8356,75
69,65,0,8241,69
6,21,0,1773,6
10,33,0,2661,10
17,2,1,2776,17
25,118,0,1286,25
56,68,0,10872,56
60,75,0,10003,60
87,33,1,13027,87
49,99,0,6377,49
17,38,0,2812,17
63,18,0,7318,63
28,98,1,3602,28
15,123,0,3189,15
25,100,0,1268,25
9,108,1,254,9
81,72,0,11898,81
34,45,1,45,34
69,115,0,8291,69
15,140,0,3206,15
51,48,0,9246,51
20,77,0,5187,20
93,50,1,13628,93
75,55,0,8377,75
42,122,0,6692,42
13,56,0,3998,13
71,22,1,11118,71
50,128,0,8742,50
80,135,0,11815,80
63,123,0,7423,63
73,68,0,7660,73
19,122,0,3772,19
39,115,0,3035,39
46,72,0,6788,46
31,34,1,472,31
9,13,1,159,9
61,68,0,10434,61
50,20,0,8634,50
56,54,1,10858,56
38,56,0,4290,38
80,56,0,11736,80
86,115,0,12525,86
14,69,0,1091,14
8,106,0,836,8
8,144,0,874,8
86,30,0,12440,86
81,74,0,11900,81
38,59,0,4293,38
60,61,0,9989,60
74,108,0,9160,74
64,133,0,10207,64
53,143,0,10801,53
74,40,0,9092,74
82,124,0,12096,82
91,22,0,13308,91
73,57,0,7649,73
8,77,0,807,8
79,101,0,11343,79
49,115,0,6393,49
67,65,0,10577,67
56,115,0,10919,56
46,69,0,6785,46
31,139,0,577,31
79,139,0,11381,79
50,108,0,8722,50
11,61,0,937,11
86,140,0,12550,86
44,34,0,6896,44
77,80,0,11614,77
71,35,0,11131,71
24,21,0,2357,24
69,121,0,8297,69
22,90,0,4470,22
45,101,0,7255,45
59,0,1,7738,59
93,19,0,13597,93
65,136,0,10356,65
49,101,0,6379,49
44,100,0,6962,44
84,104,0,12222,84
64,81,0,10155,64
76,8,1,8476,76
16,19,0,5275,16
46,15,0,6731,46
75,60,0,8382,75
6,98,0,1850,6
26,52,0,3410,26
78,40,0,11428,78
31,143,0,581,31
50,58,0,8672,50
65,67,0,10287,65
4,53,0,2097,4
28,72,0,3576,28
75,53,0,8375,75
81,83,0,11909,81
22,54,0,4434,22
65,103,0,10323,65
50,118,0,8732,50
91,128,0,13414,91
64,104,0,10178,64
54,35,0,7481,54
42,124,0,6694,42
92,102,1,13534,92
26,40,0,3398,26
54,45,0,7491,54
57,116,0,8000,57
42,24,0,6594,42
73,8,1,7600,73
24,100,0,2436,24
27,93,0,4765,27
28,75,0,3579,28
39,93,0,3013,39
55,96,0,8856,55
34,85,1,85,34
64,9,1,10083,64
84,117,0,12235,84
85,72,0,12774,85
45,90,1,7244,45
76,83,0,8551,76
56,107,0,10911,56
95,24,1,13748,95
10,145,0,2773,10
91,5,1,13291,91
56,86,0,10890,56
83,29,0,12877,83
65,5,1,10225,65
69,9,1,8185,69
4,121,0,2165,4
73,86,0,7678,73
63,85,0,7385,63
74,23,1,9075,74
71,26,0,11122,71
11,65,0,941,11
42,6,1,6576,42
17,126,0,2900,17
34,74,1,74,34
20,26,0,5136,20
81,28,0,11854,81
80,13,0,11693,80
27,101,0,4773,27
55,120,0,8880,55
14,76,0,1098,14
86,122,0,12532,86
40,103,0,5943,40
67,38,0,10550,67
10,68,0,2696,10
89,68,0,12332,89
14,24,1,1046,14
22,17,1,4397,22
49,24,0,6302,49
36,21,0,4839,36
38,54,1,4288,38
63,86,0,7386,63
21,121,0,3333,21
68,98,0,11048,68
55,128,0,8888,55
46,28,0,6744,46
89,77,0,12341,89
16,83,0,5339,16
14,47,0,1069,14
56,118,0,10922,56
79,143,0,11385,79
87,99,0,13093,87
68,61,0,11011,68
93,78,0,13656,93
69,58,0,8234,69
77,115,0,11649,77
56,102,0,10906,56
14,101,0,1123,14
27,20,1,4692,27
11,77,0,953,11
16,112,0,5368,16
25,70,0,1238,25
95,6,1,13730,95
9,113,1,259,9
49,21,0,6299,49
68,53,0,11003,68
87,38,0,13032,87
92,79,1,13511,92
92,92,1,13524,92
59,40,1,7778,59
78,139,0,11527,78
42,8,1,6578,42
39,50,0,2970,39
69,143,0,8319,69
91,6,1,13292,91
11,133,0,1009,11
79,24,0,11266,79
28,108,0,3612,28
93,92,1,13670,93
27,18,0,4690,27
42,9,1,6579,42
77,101,0,11635,77
64,58,1,10132,64
57,92,0,7976,57
42,139,0,6709,42
92,21,1,13453,92
85,86,0,12788,85
54,78,0,7524,54
33,21,1,1335,33
84,29,0,12147,84
83,45,1,12893,83
17,115,0,2889,17
87,117,1,13111,87
13,65,0,4007,13
63,81,0,7381,63
11,67,0,943,11
80,30,0,11710,80
22,112,0,4492,22
6,101,0,1853,6
53,142,0,10800,53
92,40,1,13472,92
75,26,0,8348,75
42,144,0,6714,42
86,136,0,12546,86
71,99,0,11195,71
31,76,1,514,31
61,58,0,10424,61
61,35,1,10401,61
79,68,0,11310,79
55,93,0,8853,55
20,83,0,5193,20
34,13,1,13,34
78,61,1,11449,78
11,83,0,959,11
16,68,0,5324,16
46,135,0,6851,46
27,133,0,4805,27
44,102,0,6964,44
60,29,1,9957,60
70,95,1,9877,70
50,77,0,8691,50
31,55,1,493,31
80,51,0,11731,80
80,28,0,11708,80
84,99,0,12217,84
27,59,0,4731,27
42,120,0,6690,42
60,83,0,10011,60
68,45,1,10995,68
79,34,0,11276,79
93,118,1,13696,93
77,21,0,11555,77
59,17,0,7755,59
33,92,0,1406,33
83,22,1,12870,83
83,91,0,12939,83
61,143,0,10509,61
36,98,0,4916,36
8,27,0,757,8
63,106,0,7406,63
57,26,1,7910,57
89,52,0,12316,89
46,30,0,6746,46
45,35,0,7189,45
85,22,0,12724,85
87,91,0,13085,87
60,22,1,9950,60
11,33,0,909,11
24,96,0,2432,24
81,17,0,11843,81
45,136,0,7290,45
87,100,0,13094,87
8,55,0,785,8
67,129,0,10641,67
89,135,0,12399,89
16,48,0,5304,16
76,85,0,8553,76
34,58,1,58,34
50,85,0,8699,50
22,100,0,4480,22
59,30,1,7768,59
77,32,0,11566,77
61,6,1,10372,61
38,140,0,4374,38
59,9,1,7747,59
68,106,0,11056,68
2,103,0,1563,2
44,99,0,6961,44
71,21,1,11117,71
80,113,0,11793,80
95,145,0,13869,95
64,8,1,10082,64
61,124,0,10490,61
57,139,0,8023,57
73,27,0,7619,73
85,70,0,12772,85
74,121,0,9173,74
14,90,0,1112,14
83,138,0,12986,83
91,28,1,13314,91
21,99,0,3311,21
14,83,0,1105,14
54,115,0,7561,54
89,112,0,12376,89
70,112,0,9894,70
34,26,1,26,34
14,109,0,1131,14
4,98,0,2142,4
26,133,0,3491,26
13,59,0,4001,13
59,57,0,7795,59
60,28,1,9956,60
70,14,1,9796,70
16,9,0,5265,16
86,119,0,12529,86
64,70,0,10144,64
89,54,0,12318,89
82,67,0,12039,82
10,96,0,2724,10
68,74,0,11024,68
28,57,1,3561,28
95,91,0,13815,95
21,119,0,3331,21
34,121,1,121,34
21,108,0,3320,21
2,61,0,1521,2
28,69,1,3573,28
19,45,1,3695,19
8,19,1,749,8
51,58,0,9256,51
20,108,0,5218,20
39,140,0,3060,39
40,24,0,5864,40
19,27,1,3677,19
85,2,0,12704,85
65,68,1,10288,65
59,77,0,7815,59
50,24,0,8638,50
76,33,0,8501,76
9,86,1,232,9
14,29,0,1051,14
24,86,0,2422,24
51,121,0,9319,51
64,103,0,10177,64
42,55,0,6625,42
49,105,0,6383,49
89,128,0,12392,89
67,122,0,10634,67
93,128,0,13706,93
70,54,1,9836,70
46,54,0,6770,46
83,8,1,12856,83
70,56,1,9838,70
24,116,0,2452,24
44,21,0,6883,44
64,86,0,10160,64
45,115,0,7269,45
77,33,0,11567,77
89,78,0,12342,89
34,112,0,112,34
16,119,0,5375,16
17,77,0,2851,17
57,136,0,8020,57
8,1,1,731,8
87,58,1,13052,87
31,78,1,516,31
25,109,0,1277,25
86,27,0,12437,86
33,33,0,1347,33
82,107,0,12079,82
89,32,0,12296,89
26,68,0,3426,26
33,132,0,1446,33
16,120,0,5376,16
67,128,0,10640,67
25,44,0,1212,25
34,101,1,101,34
51,2,0,9200,51
74,93,0,9145,74
36,117,0,4935,36
95,135,0,13859,95
93,38,0,13616,93
73,142,0,7734,73
34,0,1,0,34
55,86,0,8846,55
83,18,0,12866,83
86,123,0,12533,86
82,112,0,12084,82
33,65,0,1379,33
24,61,0,2397,24
9,119,1,265,9
91,105,0,13391,91
76,51,1,8519,76
89,45,0,12309,89
82,120,0,12092,82
34,99,1,99,34
55,100,0,8860,55
9,141,0,287,9
63,139,0,7439,63
65,121,0,10341,65
38,91,0,4325,38
49,20,0,6298,49
76,24,0,8492,76
56,61,0,10865,56
78,33,1,11421,78
85,0,0,12702,85
86,74,0,12484,86
20,118,0,5228,20
57,0,1,7884,57
17,34,0,2808,17
79,40,0,11282,79
79,8,0,11250,79
95,54,1,13778,95
45,54,0,7208,45
14,28,0,1050,14
24,48,0,2384,24
33,90,0,1404,33
78,13,1,11401,78
46,98,0,6814,46
54,109,0,7555,54
91,85,0,13371,91
15,115,0,3181,15
83,136,0,12984,83
46,67,0,6783,46
63,1,0,7301,63
11,76,0,952,11
21,113,0,3325,21
57,13,1,7897,57
81,143,0,11969,81
59,141,0,7879,59
45,124,0,7278,45
81,85,0,11911,81
53,34,1,10692,53
8,140,0,870,8
27,72,0,4744,27
56,91,0,10895,56
21,145,0,3357,21
76,28,0,8496,76
13,53,0,3995,13
54,95,0,7541,54
25,141,0,1309,25
2,6,0,1466,2
11,104,0,980,11
25,18,1,1186,25
46,45,0,6761,46
80,61,0,11741,80
26,145,0,3503,26
75,0,1,8322,75
22,132,0,4512,22
17,35,0,2809,17
10,140,0,2768,10
36,139,0,4957,36
14,113,0,1135,14
42,57,0,6627,42
73,112,0,7704,73
74,110,0,9162,74
84,72,0,12190,84
73,99,0,7691,73
92,55,1,13487,92
56,67,0,10871,56
95,138,0,13862,95
12,102,0,3898,12
40,47,0,5887,40
33,18,0,1332,33
92,100,1,13532,92
89,29,0,12293,89
4,55,1,2099,4
93,75,1,13653,93
81,132,0,11958,81
42,115,0,6685,42
21,118,0,3330,21
95,72,1,13796,95
9,54,1,200,9
84,49,0,12167,84
84,58,1,12176,84
42,18,0,6588,42
81,40,0,11866,81
42,53,0,6623,42
16,145,0,5401,16
55,103,0,8863,55
16,18,0,5274,16
55,25,0,8785,55
56,70,1,10874,56
39,1,0,2921,39
16,95,0,5351,16
56,79,0,10883,56
46,128,0,6844,46
75,69,0,8391,75
51,53,0,9251,51
73,9,1,7601,73
56,90,0,10894,56
9,57,1,203,9
25,65,0,1233,25
68,79,0,11029,68
79,17,0,11259,79
56,93,0,10897,56
76,119,0,8587,76
25,135,0,1303,25
79,118,0,11360,79
93,57,1,13635,93
15,104,0,3170,15
24,128,0,2464,24
65,8,1,10228,65
22,22,0,4402,22
78,44,1,11432,78
8,92,0,822,8
82,59,0,12031,82
19,75,0,3725,19
70,55,0,9837,70
11,9,0,885,11
59,8,1,7746,59
91,74,0,13360,91
17,8,1,2782,17
91,68,0,13354,91
2,136,0,1596,2
80,48,0,11728,80
14,141,0,1163,14
85,144,0,12846,85
70,85,0,9867,70
19,40,0,3690,19
17,78,0,2852,17
27,5,1,4677,27
86,56,0,12466,86
15,118,0,3184,15
2,120,0,1580,2
85,13,0,12715,85
39,90,0,3010,39
79,78,0,11320,79
42,50,0,6620,42
80,109,0,11789,80
89,70,0,12334,89
6,99,0,1851,6
31,9,1,447,31
26,24,0,3382,26
44,126,0,6988,44
22,139,0,4519,22
77,58,0,11592,77
59,78,0,7816,59
51,65,0,9263,51
15,128,0,3194,15
70,129,0,9911,70
24,23,0,2359,24
24,69,0,2405,24
4,44,0,2088,4
87,9,1,13003,87
34,18,1,18,34
31,141,0,579,31
6,65,0,1817,6
84,14,1,12132,84
57,54,0,7938,57
28,113,0,3617,28
17,67,0,2841,17
60,106,0,10034,60
2,38,0,1498,2
83,93,0,12941,83
31,103,1,541,31
83,104,0,12952,83
79,14,0,11256,79
75,70,0,8392,75
55,9,1,8769,55
78,57,1,11445,78
33,57,0,1371,33
74,53,0,9105,74
53,96,0,10754,53
4,33,0,2077,4
19,1,1,3651,19
49,15,0,6293,49
64,124,0,10198,64
53,54,1,10712,53
71,112,0,11208,71
80,126,0,11806,80
51,124,0,9322,51
14,79,0,1101,14
73,85,0,7677,73
86,38,0,12448,86
55,8,1,8768,55
69,79,0,8255,69
83,28,1,12876,83
93,53,1,13631,93
22,142,0,4522,22
63,129,0,7429,63
69,32,0,8208,69
44,0,0,6862,44
20,140,0,5250,20
44,38,0,6900,44
17,102,0,2876,17
80,139,0,11819,80
63,102,0,7402,63
71,54,1,11150,71
39,128,0,3048,39
95,120,0,13844,95
83,85,0,12933,83
19,65,1,3715,19
16,47,0,5303,16
86,5,0,12415,86
76,129,0,8597,76
65,21,1,10241,65
8,69,0,799,8
67,0,1,10512,67
49,139,0,6417,49
61,5,1,10371,61
24,123,0,2459,24
16,107,0,5363,16
64,38,1,10112,64
15,59,1,3125,15
36,28,0,4846,36
95,9,1,13733,95
81,61,0,11887,81
61,0,1,10366,61
11,15,0,891,11
53,138,0,10796,53
86,70,0,12480,86
78,6,1,11394,78
34,117,0,117,34
44,139,0,7001,44
87,56,1,13050,87
25,1,1,1169,25
92,25,1,13457,92
60,69,0,9997,60
46,14,0,6730,46
69,81,0,8257,69
20,56,0,5166,20
79,18,1,11260,79
9,132,1,278,9
44,9,0,6871,44
26,90,0,3448,26
51,83,0,9281,51
51,143,0,9341,51
67,100,0,10612,67
50,35,1,8649,50
73,19,0,7611,73
78,60,0,11448,78
86,83,0,12493,86
15,133,0,3199,15
81,92,0,11918,81
57,52,0,7936,57
71,76,0,11172,71
9,49,1,195,9
39,51,0,2971,39
78,92,0,11480,78
8,128,0,858,8
78,52,1,11440,78
55,2,1,8762,55
25,92,0,1260,25
50,74,0,8688,50
46,70,0,6786,46
17,20,0,2794,17
8,91,0,821,8
12,117,0,3913,12
2,75,0,1535,2
11,81,0,957,11
11,45,0,921,11
83,123,0,12971,83
39,18,1,2938,39
22,35,1,4415,22
73,40,0,7632,73
83,58,1,12906,83
67,118,0,10630,67
70,80,0,9862,70
39,20,0,2940,39
60,80,0,10008,60
89,126,0,12390,89
6,18,0,1770,6
82,126,0,12098,82
78,105,0,11493,78
4,23,0,2067,4
91,53,1,13339,91
28,132,0,3636,28
31,129,0,567,31
17,145,0,2919,17
6,83,0,1835,6
70,126,0,9908,70
75,86,0,8408,75
54,86,0,7532,54
65,108,0,10328,65
40,85,1,5925,40
27,30,0,4702,27
22,85,0,4465,22
78,98,0,11486,78
60,58,1,9986,60
63,29,0,7329,63
19,100,0,3750,19
38,49,1,4283,38
31,83,1,521,31
75,44,0,8366,75
65,104,0,10324,65
85,118,0,12820,85
14,56,1,1078,14
31,15,1,453,31
51,21,0,9219,51
45,13,0,7167,45
50,99,0,8713,50
79,26,0,11268,79
85,107,0,12809,85
16,144,0,5400,16
10,103,0,2731,10
34,20,1,20,34
56,19,1,10823,56
19,5,1,3655,19
31,95,1,533,31
42,129,0,6699,42
50,76,0,8690,50
65,25,0,10245,65
76,27,1,8495,76
16,129,0,5385,16
42,29,0,6599,42
38,78,1,4312,38
83,76,1,12924,83
26,67,0,3425,26
95,53,1,13777,95
85,140,0,12842,85
56,104,1,10908,56
39,119,0,3039,39
53,95,0,10753,53
73,116,0,7708,73
68,60,1,11010,68
12,59,0,3855,12
39,2,1,2922,39
71,23,1,11119,71
71,98,0,11194,71
70,136,0,9918,70
17,22,0,2796,17
21,65,0,3277,21
84,17,0,12135,84
57,102,0,7986,57
19,60,1,3710,19
13,32,1,3974,13
89,117,0,12381,89
91,45,0,13331,91
9,6,1,152,9
38,25,1,4259,38
40,110,0,5950,40
70,48,1,9830,70
69,105,0,8281,69
77,52,0,11586,77
17,138,0,2912,17
12,29,1,3825,12
4,27,0,2071,4
21,69,0,3281,21
25,2,1,1170,25
69,21,0,8197,69
64,20,0,10094,64
71,108,0,11204,71
64,141,0,10215,64
4,138,0,2182,4
20,102,0,5212,20
73,56,0,7648,73
15,141,0,3207,15
65,55,1,10275,65
26,8,0,3366,26
69,2,1,8178,69
60,20,1,9948,60
80,50,0,11730,80
82,40,0,12012,82
70,138,0,9920,70
64,76,0,10150,64
76,98,0,8566,76
76,123,0,8591,76
49,72,0,6350,49
56,121,0,10925,56
83,35,1,12883,83
34,108,1,108,34
75,90,0,8412,75
38,96,0,4330,38
65,118,0,10338,65
93,99,1,13677,93
36,29,0,4847,36
45,98,0,7252,45
50,81,0,8695,50
10,117,0,2745,10
89,50,0,12314,89
31,106,1,544,31
74,96,0,9148,74
22,93,0,4473,22
55,99,0,8859,55
80,93,0,11773,80
27,24,0,4696,27
95,83,1,13807,95
81,1,0,11827,81
42,99,0,6669,42
20,0,1,5110,20
44,69,0,6931,44
6,67,0,1819,6
53,124,0,10782,53
4,26,0,2070,4
42,142,0,6712,42
83,90,1,12938,83
76,90,0,8558,76
57,22,1,7906,57
22,124,0,4504,22
42,21,0,6591,42
51,142,0,9340,51
61,18,0,10384,61
84,38,0,12156,84
84,123,0,12241,84
20,14,1,5124,20
38,107,0,4341,38
2,76,0,1536,2
71,129,0,11225,71
85,80,0,12782,85
34,119,1,119,34
93,68,1,13646,93
15,113,0,3179,15
74,27,1,9079,74
24,91,0,2427,24
91,96,0,13382,91
64,49,0,10123,64
50,17,0,8631,50
31,23,1,461,31
36,140,0,4958,36
6,100,0,1852,6
91,92,0,13378,91
79,119,0,11361,79
11,6,0,882,11
27,22,0,4694,27
4,70,0,2114,4
63,25,0,7325,63
56,47,1,10851,56
4,69,0,2113,4
40,38,0,5878,40
26,93,0,3451,26
56,34,1,10838,56
50,13,0,8627,50
53,79,0,10737,53
83,44,1,12892,83
51,13,0,9211,51
54,53,0,7499,54
42,109,0,6679,42
31,99,1,537,31
81,6,0,11832,81
79,15,1,11257,79
86,110,0,12520,86
71,72,1,11168,71
27,33,1,4705,27
27,135,0,4807,27
86,29,0,12439,86
71,104,0,11200,71
9,19,0,165,9
55,33,1,8793,55
6,75,0,1827,6
49,140,0,6418,49
15,33,0,3099,15
49,55,0,6333,49
59,139,0,7877,59
69,27,0,8203,69
91,100,0,13386,91
22,13,0,4393,22
85,92,0,12794,85
49,0,1,6278,49
57,67,0,7951,57
19,126,0,3776,19
27,38,0,4710,27
59,25,1,7763,59
15,1,0,3067,15
80,108,0,11788,80
17,106,0,2880,17
33,40,0,1354,33
53,24,0,10682,53
89,142,0,12406,89
59,67,0,7805,59
19,14,0,3664,19
27,78,0,4750,27
24,1,1,2337,24
42,93,0,6663,42
79,33,1,11275,79
61,90,0,10456,61
73,70,0,7662,73
6,45,0,1797,6
73,17,0,7609,73
50,122,0,8736,50
49,51,0,6329,49
12,23,1,3819,12
13,21,1,3963,13
6,2,1,1754,6
45,55,1,7209,45
50,22,0,8636,50
86,13,0,12423,86
9,83,1,229,9
60,113,0,10041,60
77,24,0,11558,77
60,57,0,9985,60
4,19,0,2063,4
61,49,0,10415,61
93,14,1,13592,93
4,8,1,2052,4
27,17,1,4689,27
6,145,0,1897,6
20,117,0,5227,20
74,6,1,9058,74
45,70,0,7224,45
76,133,0,8601,76
95,136,0,13860,95
95,102,1,13826,95
61,13,1,10379,61
42,27,0,6597,42
80,35,0,11715,80
33,135,0,1449,33
24,138,0,2474,24
56,9,1,10813,56
76,132,0,8600,76
49,112,0,6390,49
55,19,1,8779,55
45,128,0,7282,45
33,80,0,1394,33
24,120,0,2456,24
44,118,0,6980,44
39,83,0,3003,39
51,54,0,9252,51
68,103,0,11053,68
16,75,0,5331,16
19,143,0,3793,19
13,122,0,4064,13
49,106,0,6384,49
79,38,0,11280,79
42,52,1,6622,42
74,15,1,9067,74
36,102,0,4920,36
76,142,0,8610,76
86,69,0,12479,86
27,102,0,4774,27
22,15,1,4395,22
45,118,0,7272,45
80,140,0,11820,80
79,80,0,11322,79
71,143,0,11239,71
2,59,0,1519,2
31,140,0,578,31
42,136,0,6706,42
34,115,1,115,34
87,51,0,13045,87
59,92,0,7830,59
89,83,0,12347,89
42,81,0,6651,42
77,68,0,11602,77
14,136,0,1158,14
79,99,0,11341,79
59,86,1,7824,59
19,30,0,3680,19
79,67,0,11309,79
68,13,1,10963,68
6,96,0,1848,6
57,56,0,7940,57
26,44,0,3402,26
50,103,0,8717,50
34,24,1,24,34
26,53,0,3411,26
76,144,0,8612,76
27,119,0,4791,27
74,86,0,9138,74
91,103,0,13389,91
75,113,0,8435,75
36,119,0,4937,36
82,23,0,11995,82
84,145,0,12263,84
49,19,0,6297,49
14,65,0,1087,14
78,25,0,11413,78
15,77,0,3143,15
45,9,0,7163,45
95,15,0,13739,95
79,104,0,11346,79
26,95,0,3453,26
9,126,1,272,9
71,17,1,11113,71
83,56,1,12904,83
95,18,1,13742,95
31,113,1,551,31
44,143,0,7005,44
36,92,0,4910,36
80,129,0,11809,80
95,26,1,13750,95
89,121,0,12385,89
6,53,0,1805,6
10,40,0,2668,10
60,32,1,9960,60
51,19,0,9217,51
85,91,0,12793,85
34,138,0,138,34
14,115,0,1137,14
53,116,0,10774,53
85,68,0,12770,85
49,93,0,6371,49
57,29,1,7913,57
75,141,0,8463,75
71,133,0,11229,71
36,132,0,4950,36
57,120,0,8004,57
44,133,0,6995,44
16,128,0,5384,16
67,105,0,10617,67
16,65,0,5321,16
34,92,1,92,34
31,136,1,574,31
56,96,0,10900,56
17,108,0,2882,17
9,52,1,198,9
63,142,0,7442,63
68,81,0,11031,68
49,120,0,6398,49
27,51,0,4723,27
82,58,0,12030,82
2,140,0,1600,2
68,129,0,11079,68
20,22,0,5132,20
13,108,0,4050,13
39,126,0,3046,39
16,92,0,5348,16
25,72,0,1240,25
80,99,0,11779,80
11,35,0,911,11
16,85,0,5341,16
11,69,0,945,11
79,116,0,11358,79
28,95,0,3599,28
16,28,0,5284,16
75,91,0,8413,75
22,23,0,4403,22
81,80,0,11906,81
55,110,0,8870,55
69,145,0,8321,69
70,69,1,9851,70
71,52,0,11148,71
61,91,0,10457,61
2,18,0,1478,2
77,28,0,11562,77
85,25,0,12727,85
77,110,0,11644,77
77,54,0,11588,77
92,126,0,13558,92
24,124,0,2460,24
9,128,1,274,9
85,1,0,12703,85
42,103,0,6673,42
6,136,0,1888,6
15,34,0,3100,15
33,101,0,1415,33
2,96,0,1556,2
67,47,1,10559,67
40,108,0,5948,40
51,26,0,9224,51
56,132,0,10936,56
26,70,0,3428,26
76,107,0,8575,76
17,52,0,2826,17
55,55,0,8815,55
50,29,0,8643,50
67,40,0,10552,67
73,0,1,7592,73
9,40,1,186,9
14,57,0,1079,14
57,76,0,7960,57
26,72,0,3430,26
42,59,0,6629,42
54,33,0,7479,54
77,145,0,11679,77
73,5,1,7597,73
86,21,0,12431,86
15,48,0,3114,15
28,109,1,3613,28
79,106,0,11348,79
67,1,1,10513,67
85,132,0,12834,85
61,112,0,10478,61
65,106,0,10326,65
49,25,0,6303,49
63,8,0,7308,63
55,145,0,8905,55
27,139,0,4811,27
75,93,0,8415,75
57,45,1,7929,57
65,126,0,10346,65
50,107,0,8721,50
34,118,1,118,34
26,86,0,3444,26
81,108,0,11934,81
86,75,0,12485,86
44,104,0,6966,44
22,96,0,4476,22
19,70,0,3720,19
13,101,1,4043,13
4,51,0,2095,4
15,129,0,3195,15
38,72,0,4306,38
28,30,0,3534,28
95,70,0,13794,95
93,65,1,13643,93
91,26,1,13312,91
54,123,0,7569,54
19,21,1,3671,19
86,9,0,12419,86
28,119,0,3623,28
17,19,0,2793,17
76,100,0,8568,76
64,92,0,10166,64
60,86,0,10014,60
36,123,0,4941,36
46,108,0,6824,46
69,61,0,8237,69
11,13,0,889,11
14,68,1,1090,14
53,91,0,10749,53
64,29,1,10103,64
20,50,0,5160,20
44,115,0,6977,44
8,44,0,774,8
13,8,1,3950,13
84,101,0,12219,84
12,67,1,3863,12
74,48,1,9100,74
9,91,1,237,9
42,90,0,6660,42
4,119,0,2163,4
19,53,0,3703,19
60,96,0,10024,60
74,59,0,9111,74
33,107,0,1421,33
45,83,0,7237,45
34,5,1,5,34
44,29,0,6891,44
49,74,0,6352,49
4,132,0,2176,4
9,2,1,148,9
70,96,0,9878,70
69,59,0,8235,69
78,48,1,11436,78
38,30,1,4264,38
78,112,0,11500,78
14,59,0,1081,14
4,113,0,2157,4
75,47,0,8369,75
55,58,0,8818,55
40,142,0,5982,40
63,144,0,7444,63
86,145,0,12555,86
85,19,0,12721,85
87,135,0,13129,87
39,132,0,3052,39
13,118,0,4060,13
46,77,0,6793,46
34,78,1,78,34
70,117,0,9899,70
4,141,0,2185,4
53,50,1,10708,53
55,6,1,8766,55
86,15,0,12425,86
40,83,0,5923,40
59,120,0,7858,59
26,75,0,3433,26
75,1,1,8323,75
95,67,1,13791,95
34,48,1,48,34
12,116,0,3912,12
82,113,0,12085,82
40,113,0,5953,40
81,116,0,11942,81
59,53,0,7791,59
42,69,0,6639,42
26,121,0,3479,26
49,28,0,6306,49
70,29,1,9811,70
14,138,0,1160,14
44,70,0,6932,44
80,0,0,11680,80
71,28,1,11124,71
15,0,1,3066,15
63,138,0,7438,63
40,86,0,5926,40
16,135,0,5391,16
10,74,0,2702,10
78,20,0,11408,78
15,56,0,3122,15
6,93,0,1845,6
69,15,0,8191,69
73,76,0,7668,73
36,108,0,4926,36
13,54,0,3996,13
54,52,0,7498,54
83,108,0,12956,83
15,76,0,3142,15
57,60,0,7944,57
67,23,0,10535,67
38,104,0,4338,38
19,22,1,3672,19
24,45,0,2381,24
28,52,1,3556,28
89,75,0,12339,89
9,61,1,207,9
57,70,1,7954,57
71,69,0,11165,71
64,30,1,10104,64
92,58,1,13490,92
6,50,0,1802,6
44,90,0,6952,44
42,108,0,6678,42
40,116,0,5956,40
86,141,0,12551,86
82,20,1,11992,82
65,122,0,10342,65
82,35,0,12007,82
2,138,0,1598,2
71,45,0,11141,71
53,72,0,10730,53
19,34,1,3684,19
78,79,1,11467,78
56,109,0,10913,56
27,118,0,4790,27
77,69,0,11603,77
51,78,1,9276,51
70,108,1,9890,70
56,14,1,10818,56
25,138,0,1306,25
25,132,0,1300,25
61,83,0,10449,61
65,50,0,10270,65
51,93,0,9291,51
24,30,0,2366,24
6,54,0,1806,6
55,126,0,8886,55
34,61,1,61,34
60,35,0,9963,60
31,38,1,476,31
33,121,0,1435,33
27,9,1,4681,27
79,5,0,11247,79
95,121,0,13845,95
54,9,0,7455,54
19,112,0,3762,19
77,50,0,11584,77
77,108,0,11642,77
59,61,0,7799,59
19,140,0,3790,19
51,6,0,9204,51
45,6,1,7160,45
12,113,0,3909,12
53,6,1,10664,53
84,80,0,12198,84
55,91,0,8851,55
9,79,1,225,9
93,133,1,13711,93
49,67,0,6345,49
79,132,0,11374,79
83,15,1,12863,83
17,33,0,2807,17
86,105,0,12515,86
25,126,0,1294,25
65,109,0,10329,65
24,80,0,2416,24
86,18,0,12428,86
34,141,1,141,34
83,60,1,12908,83
95,61,1,13785,95
9,35,0,181,9
10,27,0,2655,10
53,40,0,10698,53
33,105,0,1419,33
12,81,0,3877,12
61,120,0,10486,61
27,143,0,4815,27
11,123,0,999,11
69,14,0,8190,69
19,83,1,3733,19
63,141,0,7441,63
87,102,0,13096,87
15,100,0,3166,15
74,107,0,9159,74
95,96,0,13820,95
13,35,1,3977,13
25,14,1,1182,25
2,91,0,1551,2
65,78,0,10298,65
60,1,1,9929,60
70,79,0,9861,70
49,143,0,6421,49
26,9,0,3367,26
75,2,0,8324,75
16,55,0,5311,16
19,61,1,3711,19
85,119,0,12821,85
82,74,0,12046,82
24,24,0,2360,24
21,132,0,3344,21
42,140,0,6710,42
14,144,0,1166,14
6,91,0,1843,6
73,32,1,7624,73
25,15,0,1183,25
78,23,0,11411,78
57,55,0,7939,57
73,6,1,7598,73
78,108,1,11496,78
34,17,1,17,34
11,20,0,896,11
31,53,1,491,31
38,138,0,4372,38
67,142,0,10654,67
71,49,0,11145,71
28,56,1,3560,28
57,129,0,8013,57
63,17,0,7317,63
85,95,0,12797,85
75,98,0,8420,75
63,104,0,7404,63
82,100,0,12072,82
45,29,1,7183,45
49,145,0,6423,49
24,68,0,2404,24
10,34,0,2662,10
28,45,1,3549,28
67,123,0,10635,67
63,40,0,7340,63
57,28,1,7912,57
59,128,0,7866,59
63,99,0,7399,63
63,61,0,7361,63
65,143,0,10363,65
74,74,0,9126,74
46,103,0,6819,46
82,117,0,12089,82
81,67,0,11893,81
20,75,0,5185,20
50,143,0,8757,50
95,123,0,13847,95
38,44,0,4278,38
82,138,0,12110,82
63,49,0,7349,63
80,138,0,11818,80
55,76,0,8836,55
38,52,1,4286,38
53,115,0,10773,53
46,44,0,6760,46
81,2,0,11828,81
19,13,0,3663,19
68,40,0,10990,68
91,14,1,13300,91
95,105,0,13829,95
73,48,0,7640,73
45,44,0,7198,45
19,50,1,3700,19
49,79,0,6357,49
16,106,0,5362,16
34,104,1,104,34
38,70,0,4304,38
22,65,0,4445,22
9,143,0,289,9
13,99,0,4041,13
82,90,0,12062,82
68,0,1,10950,68
17,140,0,2914,17
95,30,0,13754,95
82,75,0,12047,82
6,20,1,1772,6
13,103,0,4045,13
92,133,0,13565,92
20,23,0,5133,20
6,126,0,1878,6
70,44,0,9826,70
53,17,1,10675,53
79,98,0,11340,79
83,133,0,12981,83
13,76,0,4018,13
40,45,0,5885,40
27,136,0,4808,27
87,35,1,13029,87
21,86,0,3298,21
77,144,0,11678,77
53,110,0,10768,53
25,59,0,1227,25
17,25,0,2799,17
31,50,1,488,31
9,1,1,147,9
95,81,0,13805,95
77,96,0,11630,77
61,132,0,10498,61
40,140,0,5980,40
8,35,0,765,8
34,35,0,35,34
13,124,0,4066,13
13,28,1,3970,13
53,80,0,10738,53
93,139,0,13717,93
76,93,0,8561,76
26,102,0,3460,26
46,20,0,6736,46
85,110,0,12812,85
70,91,0,9873,70
6,106,0,1858,6
68,116,0,11066,68
27,120,0,4792,27
13,91,0,4033,13
50,115,0,8729,50
34,22,1,22,34
82,70,0,12042,82
74,57,0,9109,74
10,81,0,2709,10
45,65,0,7219,45
70,49,1,9831,70
10,53,0,2681,10
38,45,1,4279,38
54,74,0,7520,54
17,68,0,2842,17
15,75,0,3141,15
75,79,0,8401,75
15,45,0,3111,15
64,123,0,10197,64
39,139,0,3059,39
39,122,0,3042,39
42,75,0,6645,42
26,54,0,3412,26
39,86,0,3006,39
38,35,1,4269,38
16,117,0,5373,16
84,77,0,12195,84
81,106,0,11932,81
81,48,0,11874,81
71,6,1,11102,71
34,55,1,55,34
82,13,1,11985,82
19,92,1,3742,19
4,48,0,2092,4
74,129,0,9181,74
78,95,0,11483,78
81,32,0,11858,81
60,123,0,10051,60
36,30,0,4848,36
11,99,0,975,11
13,96,1,4038,13
76,139,0,8607,76
79,76,0,11318,79
53,1,1,10659,53
24,108,0,2444,24
42,34,0,6604,42
86,102,0,12512,86
50,47,0,8661,50
93,126,1,13704,93
46,132,0,6848,46
16,58,0,5314,16
34,56,1,56,34
51,49,0,9247,51
75,81,0,8403,75
69,0,1,8176,69
69,51,0,8227,69
67,54,0,10566,67
93,83,1,13661,93
17,95,0,2869,17
15,112,0,3178,15
10,79,0,2707,10
46,117,0,6833,46
61,9,1,10375,61
87,0,1,12994,87
27,56,0,4728,27
89,105,0,12369,89
28,34,1,3538,28
26,13,0,3371,26
13,119,0,4061,13
42,91,0,6661,42
87,105,0,13099,87
20,1,1,5111,20
34,96,1,96,34
91,69,0,13355,91
13,110,0,4052,13
70,116,0,9898,70
84,45,0,12163,84
39,106,0,3026,39
75,96,0,8418,75
21,57,0,3269,21
44,23,0,6885,44
9,51,0,197,9
77,60,0,11594,77
78,55,0,11443,78
49,117,0,6395,49
76,58,0,8526,76
49,50,0,6328,49
81,53,0,11879,81
82,49,0,12021,82
11,91,0,967,11
39,75,0,2995,39
27,45,0,4717,27
85,60,0,12762,85
65,110,0,10330,65
93,122,1,13700,93
25,55,0,1223,25
10,50,0,2678,10
26,143,0,3501,26
24,38,0,2374,24
27,74,1,4746,27
13,29,1,3971,13
95,19,0,13743,95
51,113,0,9311,51
81,107,0,11933,81
34,95,1,95,34
28,136,0,3640,28
63,24,0,7324,63
26,78,0,3436,26
77,98,0,11632,77
92,72,1,13504,92
54,72,0,7518,54
87,145,0,13139,87
73,78,0,7670,73
20,44,0,5154,20
67,60,1,10572,67
61,142,0,10508,61
73,121,0,7713,73
57,32,0,7916,57
50,139,0,8753,50
13,90,0,4032,13
69,30,0,8206,69
73,74,0,7666,73
57,30,0,7914,57
55,0,1,8760,55
46,74,0,6790,46
20,123,0,5233,20
80,90,0,11770,80
36,99,0,4917,36
28,44,0,3548,28
40,25,1,5865,40
49,2,1,6280,49
20,65,0,5175,20
33,145,0,1459,33
95,103,0,13827,95
33,52,0,1366,33
39,13,1,2933,39
53,8,1,10666,53
83,120,0,12968,83
89,51,0,12315,89
8,34,1,764,8
9,93,1,239,9
4,100,0,2144,4
78,58,0,11446,78
53,105,0,10763,53
27,29,1,4701,27
84,110,0,12228,84
14,119,0,1141,14
86,47,0,12457,86
65,29,0,10249,65
77,1,0,11535,77
56,100,0,10904,56
27,77,0,4749,27
73,30,1,7622,73
36,55,0,4873,36
31,19,1,457,31
95,98,0,13822,95
63,110,0,7410,63
84,34,0,12152,84
31,32,1,470,31
91,51,0,13337,91
9,26,1,172,9
15,51,0,3117,15
69,92,0,8268,69
56,55,0,10859,56
46,17,0,6733,46
69,135,0,8311,69
4,116,0,2160,4
33,44,0,1358,33
2,85,0,1545,2
42,135,0,6705,42
24,85,0,2421,24
76,14,0,8482,76
34,116,1,116,34
21,35,0,3247,21
40,44,0,5884,40
93,135,1,13713,93
8,112,0,842,8
11,113,0,989,11
54,81,0,7527,54
36,109,0,4927,36
25,38,0,1206,25
51,104,0,9302,51
60,33,1,9961,60
67,77,0,10589,67
22,40,0,4420,22
10,67,0,2695,10
16,34,0,5290,16
15,58,0,3124,15
33,23,0,1337,33
46,56,0,6772,46
4,34,0,2078,4
40,102,0,5942,40
91,15,1,13301,91
67,56,0,10568,67
78,74,0,11462,78
59,115,0,7853,59
73,98,0,7690,73
46,6,1,6722,46
68,6,1,10956,68
51,144,0,9342,51
21,8,0,3220,21
28,79,1,3583,28
95,65,1,13789,95
68,90,0,11040,68
77,141,0,11675,77
17,103,0,2877,17
61,110,0,10476,61
19,128,0,3778,19
17,128,0,2902,17
55,75,0,8835,55
69,23,0,8199,69
9,142,0,288,9
49,58,0,6336,49
33,26,0,1340,33
26,19,0,3377,26
22,52,0,4432,22
26,56,0,3414,26
87,27,1,13021,87
26,77,0,3435,26
75,59,0,8381,75
83,102,0,12950,83
36,133,0,4951,36
10,100,0,2728,10
19,133,0,3783,19
31,112,1,550,31
91,17,0,13303,91
25,47,1,1215,25
33,27,0,1341,33
10,21,0,2649,10
13,6,1,3948,13
91,104,0,13390,91
92,117,1,13549,92
14,22,0,1044,14
28,128,0,3632,28
75,139,0,8461,75
81,91,0,11917,81
34,143,1,143,34
89,138,0,12402,89
60,30,1,9958,60
22,138,0,4518,22
89,0,1,12264,89
76,72,0,8540,76
93,85,0,13663,93
20,93,0,5203,20
86,101,0,12511,86
8,99,0,829,8
4,99,0,2143,4
63,35,0,7335,63
77,104,0,11638,77
40,133,0,5973,40
12,120,0,3916,12
77,55,0,11589,77
21,140,0,3352,21
15,103,0,3169,15
6,112,0,1864,6
54,133,0,7579,54
84,140,0,12258,84
11,124,0,1000,11
75,18,0,8340,75
27,126,0,4798,27
9,112,0,258,9
14,80,0,1102,14
78,17,1,11405,78
8,24,0,754,8
70,140,0,9922,70
20,96,0,5206,20
55,104,0,8864,55
21,123,0,3335,21
60,79,0,10007,60
4,104,0,2148,4
12,25,1,3821,12
60,55,0,9983,60
44,128,0,6990,44
53,85,0,10743,53
12,57,0,3853,12
79,55,0,11297,79
56,95,0,10899,56
84,61,1,12179,84
15,116,0,3182,15
4,13,0,2057,4
80,27,0,11707,80
78,96,1,11484,78
40,98,0,5938,40
54,2,0,7448,54
28,110,0,3614,28
4,108,0,2152,4
69,129,0,8305,69
14,40,1,1062,14
34,50,1,50,34
50,96,0,8710,50
12,21,1,3817,12
10,58,0,2686,10
17,122,0,2896,17
44,129,0,6991,44
65,140,0,10360,65
84,106,0,12224,84
28,65,1,3569,28
92,135,0,13567,92
50,14,0,8628,50
2,118,0,1578,2
92,78,1,13510,92
20,6,1,5116,20
78,126,0,11514,78
33,112,0,1426,33
13,129,0,4071,13
64,109,0,10183,64
64,51,0,10125,64
24,77,0,2413,24
83,116,0,12964,83
68,139,0,11089,68
27,86,0,4758,27
93,51,0,13629,93
59,29,1,7767,59
46,126,0,6842,46
34,91,1,91,34
59,104,0,7842,59
56,80,0,10884,56
85,105,0,12807,85
82,52,0,12024,82
55,51,0,8811,55
69,109,0,8285,69
8,102,0,832,8
15,68,0,3134,15
16,136,0,5392,16
14,120,0,1142,14
9,18,1,164,9
80,104,0,11784,80
15,144,0,3210,15
24,67,0,2403,24
13,117,0,4059,13
44,54,0,6916,44
31,25,1,463,31
75,124,0,8446,75
19,124,0,3774,19
55,78,0,8838,55
60,121,0,10049,60
79,22,0,11264,79
79,1,1,11243,79
79,144,0,11386,79
51,56,0,9254,51
46,32,0,6748,46
91,77,1,13363,91
42,72,0,6642,42
50,44,0,8658,50
77,38,0,11572,77
95,86,1,13810,95
74,50,0,9102,74
10,108,0,2736,10
15,136,0,3202,15
40,90,0,5930,40
71,101,0,11197,71
76,135,0,8603,76
22,121,0,4501,22
15,47,0,3113,15
81,121,0,11947,81
31,120,1,558,31
33,123,0,1437,33
44,120,0,6982,44
61,65,1,10431,61
61,48,0,10414,61
17,17,0,2791,17
54,141,0,7587,54
79,108,0,11350,79
45,99,0,7253,45
12,86,0,3882,12
6,55,0,1807,6
24,60,0,2396,24
45,117,0,7271,45
80,15,0,11695,80
13,115,0,4057,13
81,44,0,11870,81
8,14,0,744,8
2,56,0,1516,2
92,104,0,13536,92
84,79,0,12197,84
15,107,0,3173,15
11,143,0,1019,11
92,106,1,13538,92
95,50,1,13774,95
22,78,0,4458,22
81,128,0,11954,81
33,102,0,1416,33
67,35,1,10547,67
55,34,1,8794,55
71,78,0,11174,71
25,80,0,1248,25
84,132,0,12250,84
49,32,0,6310,49
20,59,0,5169,20
8,119,0,849,8
17,14,0,2788,17
16,59,0,5315,16
40,15,1,5855,40
87,30,1,13024,87
12,112,0,3908,12
4,118,0,2162,4
80,117,0,11797,80
93,55,1,13633,93
4,15,0,2059,4
81,95,0,11921,81
16,86,0,5342,16
39,54,0,2974,39
44,44,0,6906,44
75,56,0,8378,75
76,17,0,8485,76
24,144,0,2480,24
24,35,0,2371,24
44,33,0,6895,44
95,128,0,13852,95
59,59,0,7797,59
74,28,0,9080,74
44,26,0,6888,44
61,28,0,10394,61
80,101,0,11781,80
16,53,0,5309,16
56,110,0,10914,56
64,136,0,10210,64
12,0,1,3796,12
91,119,0,13405,91
9,120,1,266,9
36,2,1,4820,36
73,24,1,7616,73
73,107,0,7699,73
83,1,1,12849,83
26,59,0,3417,26
54,101,0,7547,54
78,141,0,11529,78
34,68,1,68,34
75,5,0,8327,75
6,69,0,1821,6
50,100,0,8714,50
2,105,0,1565,2
73,59,0,7651,73
70,32,1,9814,70
86,77,0,12487,86
59,23,1,7761,59
92,59,0,13491,92
84,92,0,12210,84
77,78,0,11612,77
28,1,0,3505,28
80,100,0,11780,80
8,107,0,837,8
92,110,1,13542,92
36,79,0,4897,36
87,107,1,13101,87
36,34,0,4852,36
53,132,0,10790,53
14,15,0,1037,14
54,124,0,7570,54
8,133,0,863,8
10,5,0,2633,10
45,68,0,7222,45
39,107,0,3027,39
60,122,0,10050,60
20,109,0,5219,20
83,80,1,12928,83
68,80,0,11030,68
74,47,0,9099,74
78,26,0,11414,78
42,51,0,6621,42
15,38,0,3104,15
10,141,0,2769,10
93,141,0,13719,93
57,9,1,7893,57
14,106,0,1128,14
65,92,0,10312,65
80,141,0,11821,80
74,112,0,9164,74
76,86,0,8554,76
28,17,1,3521,28
83,24,1,12872,83
78,77,1,11465,78
78,103,0,11491,78
63,83,0,7383,63
85,90,0,12792,85
73,145,0,7737,73
22,49,0,4429,22
34,133,1,133,34
4,47,0,2091,4
14,126,0,1148,14
77,72,0,11606,77
56,123,0,10927,56
39,96,0,3016,39
74,102,0,9154,74
21,90,0,3302,21
55,102,0,8862,55
53,51,1,10709,53
82,8,1,11980,82
20,106,0,5216,20
21,120,0,3332,21
53,120,0,10778,53
59,144,0,7882,59
93,98,1,13676,93
54,47,0,7493,54
11,78,0,954,11
10,56,0,2684,10
9,47,1,193,9
86,144,0,12554,86
26,112,0,3470,26
64,18,0,10092,64
11,93,0,969,11
93,24,1,13602,93
51,8,0,9206,51
31,52,1,490,31
40,29,1,5869,40
84,55,0,12173,84
6,32,0,1784,6
64,1,1,10075,64
65,35,1,10255,65
80,123,0,11803,80
68,101,0,11051,68
73,69,0,7661,73
77,47,0,11581,77
40,35,1,5875,40
15,29,0,3095,15
40,22,1,5862,40
11,128,0,1004,11
87,120,0,13114,87
85,24,0,12726,85
9,104,1,250,9
40,124,0,5964,40
89,85,0,12349,89
17,100,0,2874,17
80,8,0,11688,80
15,143,0,3209,15
15,110,0,3176,15
2,53,0,1513,2
22,14,0,4394,22
77,79,0,11613,77
65,33,0,10253,65
12,61,0,3857,12
44,77,0,6939,44
86,65,0,12475,86
69,18,0,8194,69
22,116,0,4496,22
57,103,0,7987,57
44,72,0,6934,44
27,110,0,4782,27
17,124,0,2898,17
69,49,0,8225,69
25,90,0,1258,25
55,27,0,8787,55
59,142,0,7880,59
39,80,0,3000,39
65,13,1,10233,65
22,59,1,4439,22
10,19,0,2647,10
13,13,1,3955,13
8,0,0,730,8
2,19,0,1479,2
20,122,0,5232,20
80,112,0,11792,80
87,110,0,13104,87
60,133,0,10061,60
21,104,0,3316,21
70,74,0,9856,70
70,6,1,9788,70
60,52,0,9980,60
73,58,0,7650,73
28,112,0,3616,28
59,110,0,7848,59
44,93,0,6955,44
31,122,1,560,31
59,2,1,7740,59
76,112,0,8580,76
13,109,0,4051,13
28,81,1,3585,28
44,14,0,6876,44
26,48,0,3406,26
65,48,0,10268,65
71,91,0,11187,71
42,30,1,6600,42
85,85,0,12787,85
36,118,0,4936,36
50,95,0,8709,50
50,145,0,8759,50
59,19,1,7757,59
19,74,0,3724,19
11,122,0,998,11
67,145,0,10657,67
78,121,0,11509,78
54,129,0,7575,54
76,109,0,8577,76
83,140,0,12988,83
61,140,0,10506,61
60,112,0,10040,60
13,128,0,4070,13
71,48,1,11144,71
53,45,1,10703,53
75,45,0,8367,75
42,113,0,6683,42
13,85,1,4027,13
38,22,0,4256,38
54,140,0,7586,54
93,59,0,13637,93
14,122,0,1144,14
68,14,1,10964,68
11,56,0,932,11
14,17,1,1039,14
63,53,0,7353,63
89,5,1,12269,89
16,113,0,5369,16
76,95,0,8563,76
60,15,1,9943,60
91,65,0,13351,91
83,117,1,12965,83
21,5,0,3217,21
54,69,0,7515,54
61,79,0,10445,61
57,68,0,7952,57
28,20,0,3524,28
87,13,1,13007,87
22,53,0,4433,22
8,32,0,762,8
46,121,0,6837,46
80,17,0,11697,80
63,90,0,7390,63
2,69,0,1529,2
25,115,0,1283,25
6,120,0,1872,6
76,80,0,8548,76
45,110,0,7264,45
15,9,1,3075,15
57,108,0,7992,57
82,108,0,12080,82
19,95,0,3745,19
50,116,0,8730,50
26,142,0,3500,26
85,69,0,12771,85
73,81,0,7673,73
10,38,0,2666,10
15,35,0,3101,15
28,8,1,3512,28
31,18,1,456,31
78,51,0,11439,78
26,32,0,3390,26
12,53,0,3849,12
26,119,0,3477,26
82,95,0,12067,82
70,28,1,9810,70
76,116,0,8584,76
54,90,0,7536,54
67,32,1,10544,67
51,60,0,9258,51
67,72,0,10584,67
92,80,1,13512,92
89,17,0,12281,89
11,118,0,994,11
95,112,1,13836,95
95,28,1,13752,95
27,142,0,4814,27
68,28,1,10978,68
13,9,1,3951,13
42,121,0,6691,42
28,68,1,3572,28
49,123,0,6401,49
79,110,0,11352,79
49,136,0,6414,49
36,59,1,4877,36
67,18,0,10530,67
34,90,1,90,34
33,138,0,1452,33
26,106,0,3464,26
55,83,0,8843,55
11,145,0,1021,11
15,90,0,3156,15
13,19,1,3961,13
84,102,0,12220,84
79,69,0,11311,79
75,144,0,8466,75
91,80,0,13366,91
60,25,0,9953,60
74,38,1,9090,74
51,38,0,9236,51
82,14,1,11986,82
59,60,0,7798,59
79,102,0,11344,79
31,98,1,536,31
84,69,0,12187,84
55,69,0,8829,55
39,81,0,3001,39
73,100,0,7692,73
12,76,0,3872,12
46,104,0,6820,46
11,2,0,878,11
73,2,1,7594,73
36,57,0,4875,36
60,49,1,9977,60
40,78,0,5918,40
22,60,1,4440,22
65,59,1,10279,65
39,108,0,3028,39
91,44,1,13330,91
75,38,0,8360,75
69,80,0,8256,69
82,68,0,12040,82
38,15,0,4249,38
36,101,0,4919,36
31,59,1,497,31
77,14,0,11548,77
45,1,1,7155,45
12,96,1,3892,12
14,58,0,1080,14
63,30,0,7330,63
55,92,0,8852,55
49,57,0,6335,49
31,61,1,499,31
75,19,0,8341,75
95,5,1,13729,95
54,23,0,7469,54
95,92,1,13816,95
60,78,0,10006,60
45,119,0,7273,45
36,104,0,4922,36
61,14,1,10380,61
77,91,0,11625,77
2,102,0,1562,2
74,51,0,9103,74
73,102,0,7694,73
55,107,0,8867,55
44,136,0,6998,44
44,138,0,7000,44
24,76,0,2412,24
19,47,1,3697,19
69,17,0,8193,69
81,98,0,11924,81
44,121,0,6983,44
57,95,0,7979,57
75,75,0,8397,75
57,77,0,7961,57
65,124,0,10344,65
69,93,0,8269,69
42,26,0,6596,42
91,108,0,13394,91
27,100,0,4772,27
6,81,0,1833,6
10,26,0,2654,10
76,9,1,8477,76
50,56,0,8670,50
91,70,0,13356,91
27,44,0,4716,27
40,69,0,5909,40
9,33,1,179,9
92,69,1,13501,92
19,104,0,3754,19
69,53,0,8229,69
44,45,0,6907,44
93,110,1,13688,93
61,51,0,10417,61
16,5,0,5261,16
71,93,0,11189,71
74,56,0,9108,74
83,81,0,12929,83
56,126,0,10930,56
2,122,0,1582,2
44,58,0,6920,44
73,13,1,7605,73
21,34,0,3246,21
67,99,0,10611,67
39,34,0,2954,39
89,98,0,12362,89
68,21,0,10971,68
40,52,0,5892,40
68,69,0,11019,68
68,122,0,11072,68
24,145,0,2481,24
10,80,0,2708,10
28,85,1,3589,28
17,30,0,2804,17
10,6,0,2634,10
17,93,0,2867,17
57,8,1,7892,57
12,80,1,3876,12
8,124,0,854,8
75,140,0,8462,75
46,95,0,6811,46
89,108,0,12372,89
59,126,0,7864,59
40,99,0,5939,40
80,118,0,11798,80
24,20,0,2356,24
24,98,0,2434,24
17,104,0,2878,17
67,44,0,10556,67
36,142,0,4960,36
34,27,1,27,34
45,107,0,7261,45
83,9,1,12857,83
91,38,1,13324,91
8,120,0,850,8
20,5,1,5115,20
42,32,0,6602,42
60,108,0,10036,60
40,75,1,5915,40
63,56,0,7356,63
55,61,0,8821,55
87,70,0,13064,87
46,21,0,6737,46
61,139,0,10505,61
46,139,0,6855,46
51,17,0,9215,51
11,110,0,986,11
28,48,0,3552,28
63,112,0,7412,63
81,142,0,11968,81
75,136,0,8458,75
68,99,0,11049,68
92,30,1,13462,92
46,19,0,6735,46
63,21,0,7321,63
39,70,0,2990,39
14,93,0,1115,14
57,124,0,8008,57
74,30,0,9082,74
81,123,0,11949,81
34,29,1,29,34
38,136,0,4370,38
14,53,1,1075,14
20,30,0,5140,20
54,21,0,7467,54
39,91,0,3011,39
53,2,1,10660,53
22,123,0,4503,22
2,1,1,1461,2
79,91,0,11333,79
54,24,0,7470,54
68,26,1,10976,68
60,128,0,10056,60
33,136,0,1450,33
46,40,0,6756,46
28,77,0,3581,28
82,55,0,12027,82
16,116,0,5372,16
70,27,1,9809,70
16,17,0,5273,16
69,112,0,8288,69
71,80,0,11176,71
55,113,0,8873,55
85,47,0,12749,85
74,124,0,9176,74
24,75,0,2411,24
20,139,0,5249,20
54,120,0,7566,54
26,100,0,3458,26
42,92,0,6662,42
80,78,0,11758,80
49,78,0,6356,49
78,109,1,11497,78
45,17,1,7171,45
12,24,0,3820,12
38,61,0,4295,38
86,113,0,12523,86
91,47,0,13333,91
55,44,1,8804,55
53,21,0,10679,53
16,29,0,5285,16
21,92,0,3304,21
63,136,0,7436,63
61,17,0,10383,61
93,112,0,13690,93
92,68,1,13500,92
21,22,0,3234,21
22,51,0,4431,22
8,129,0,859,8
38,90,0,4324,38
42,83,0,6653,42
77,117,0,11651,77
74,98,0,9150,74
57,33,0,7917,57
68,141,0,11091,68
68,17,1,10967,68
93,47,1,13625,93
31,86,1,524,31
6,19,1,1771,6
21,33,0,3245,21
31,6,1,444,31
80,145,0,11825,80
36,100,0,4918,36
49,44,0,6322,49
76,34,0,8502,76
31,65,1,503,31
93,61,1,13639,93
16,124,0,5380,16
6,5,1,1757,6
76,48,0,8516,76
51,59,0,9257,51
13,17,1,3959,13
76,121,0,8589,76
40,9,1,5849,40
11,86,0,962,11
15,52,0,3118,15
28,91,1,3595,28
33,103,0,1417,33
57,38,0,7922,57
95,33,1,13757,95
44,1,0,6863,44
27,48,1,4720,27
71,92,0,11188,71
50,2,1,8616,50
10,139,0,2767,10
40,141,0,5981,40
65,80,0,10300,65
77,17,0,11551,77
64,75,0,10149,64
77,133,0,11667,77
39,58,0,2978,39
87,52,1,13046,87
50,92,0,8706,50
55,115,0,8875,55
42,49,1,6619,42
70,34,0,9816,70
10,122,0,2750,10
15,17,0,3083,15
38,18,1,4252,38
25,86,0,1254,25
44,83,0,6945,44
92,113,1,13545,92
91,23,1,13309,91
50,120,0,8734,50
51,79,0,9277,51
4,61,1,2105,4
70,120,0,9902,70
46,145,0,6861,46
2,110,0,1570,2
38,28,1,4262,38
50,9,0,8623,50
89,61,0,12325,89
81,112,0,11938,81
54,85,0,7531,54
39,120,0,3040,39
36,48,0,4866,36
68,91,0,11041,68
13,120,0,4062,13
20,90,0,5200,20
51,109,0,9307,51
68,95,0,11045,68
40,2,1,5842,40
82,56,0,12028,82
46,61,0,6777,46
38,100,0,4334,38
70,15,1,9797,70
25,121,0,1289,25
85,21,0,12723,85
69,26,0,8202,69
64,21,0,10095,64
74,60,0,9112,74
21,116,0,3328,21
34,40,1,40,34
33,55,0,1369,33
78,28,1,11416,78
26,20,0,3378,26
38,24,1,4258,38
28,50,1,3554,28
14,143,0,1165,14
11,98,0,974,11
68,119,0,11069,68
13,49,0,3991,13
77,135,0,11669,77
63,6,0,7306,63
92,85,0,13517,92
79,35,1,11277,79
16,6,0,5262,16
84,141,0,12259,84
17,132,0,2906,17
49,17,0,6295,49
45,53,1,7207,45
79,100,0,11342,79
27,92,0,4764,27
87,132,0,13126,87
54,139,0,7585,54
59,101,0,7839,59
85,75,0,12777,85
27,99,0,4771,27
11,102,0,978,11
76,1,1,8469,76
70,103,0,9885,70
68,96,0,11046,68
69,116,0,8292,69
83,57,1,12905,83
8,90,0,820,8
56,65,0,10869,56
61,116,0,10482,61
10,49,0,2677,10
95,126,0,13850,95
79,115,0,11357,79
59,18,1,7756,59
75,61,0,8383,75
50,21,0,8635,50
85,51,0,12753,85
91,79,0,13365,91
61,47,1,10413,61
42,107,0,6677,42
91,95,0,13381,91
78,120,0,11508,78
78,69,1,11457,78
89,69,0,12333,89
51,23,0,9221,51
31,35,1,473,31
53,129,0,10787,53
16,99,0,5355,16
36,44,0,4862,36
65,86,0,10306,65
61,93,0,10459,61
39,99,0,3019,39
33,32,0,1346,33
39,29,0,2949,39
4,120,0,2164,4
74,34,1,9086,74
39,47,0,2967,39
56,26,1,10830,56
61,44,1,10410,61
93,22,1,13600,93
44,86,0,6948,44
82,103,0,12075,82
17,51,0,2825,17
71,34,1,11130,71
74,132,0,9184,74
83,70,0,12918,83
24,142,0,2478,24
65,52,0,10272,65
92,75,0,13507,92
83,132,0,12980,83
73,34,0,7626,73
74,118,0,9170,74
74,76,0,9128,74
93,33,0,13611,93
16,20,0,5276,16
71,24,0,11120,71
71,123,0,11219,71
27,128,0,4800,27
42,70,0,6640,42
24,90,0,2426,24
82,133,0,12105,82
74,20,1,9072,74
22,19,1,4399,22
22,27,1,4407,22
26,34,0,3392,26
38,139,0,4373,38
91,141,0,13427,91
83,72,0,12920,83
4,106,0,2150,4
15,67,0,3133,15
11,44,0,920,11
12,133,0,3929,12
9,0,1,146,9
26,108,0,3466,26
26,38,0,3396,26
21,98,0,3310,21
87,57,1,13051,87
22,29,1,4409,22
31,48,1,486,31
61,56,0,10422,61
31,91,1,529,31
51,29,0,9227,51
34,15,1,15,34
17,76,0,2850,17
61,145,0,10511,61
84,18,0,12136,84
53,18,1,10676,53
34,75,1,75,34
95,58,1,13782,95
87,133,0,13127,87
63,101,0,7401,63
31,135,1,573,31
22,118,0,4498,22
39,30,0,2950,39
57,138,0,8022,57
60,2,1,9930,60
28,18,1,3522,28
60,77,0,10005,60
82,104,0,12076,82
68,35,0,10985,68
27,96,0,4768,27
34,100,1,100,34
40,18,1,5858,40
16,72,0,5328,16
49,118,0,6396,49
42,35,0,6605,42
87,119,0,13113,87
13,5,1,3947,13
87,24,1,13018,87
10,51,0,2679,10
38,68,0,4302,38
84,0,1,12118,84
14,121,0,1143,14
2,27,0,1487,2
2,24,0,1484,2
11,109,0,985,11
53,101,0,10759,53
24,54,0,2390,24
11,74,0,950,11
51,117,0,9315,51
6,38,1,1790,6
53,32,1,10690,53
2,65,0,1525,2
81,113,0,11939,81
61,135,0,10501,61
49,68,0,6346,49
77,75,0,11609,77
39,124,0,3044,39
8,79,0,809,8
13,33,1,3975,13
51,135,0,9333,51
53,23,0,10681,53
59,52,0,7790,59
67,24,0,10536,67
89,113,0,12377,89
84,81,0,12199,84
42,95,0,6665,42
54,128,0,7574,54
59,85,0,7823,59
42,145,0,6715,42
20,99,0,5209,20
17,9,1,2783,17
19,136,0,3786,19
76,25,0,8493,76
61,57,0,10423,61
8,113,0,843,8
68,27,0,10977,68
73,105,0,7697,73
65,70,0,10290,65
12,14,1,3810,12
33,110,0,1424,33
19,18,1,3668,19
84,86,0,12204,84
4,139,0,2183,4
20,132,0,5242,20
39,56,0,2976,39
81,86,0,11912,81
45,123,0,7277,45
92,142,0,13574,92
49,27,0,6305,49
4,50,0,2094,4
22,24,0,4404,22
75,119,0,8441,75
51,112,0,9310,51
28,23,0,3527,28
34,9,1,9,34
89,109,0,12373,89
4,5,1,2049,4
55,109,0,8869,55
31,118,1,556,31
67,113,0,10625,67
45,56,0,7210,45
40,20,1,5860,40
53,26,0,10684,53
63,14,0,7314,63
54,14,0,7460,54
56,59,0,10863,56
15,83,0,3149,15
83,21,0,12869,83
34,51,1,51,34
14,52,0,1074,14
19,28,0,3678,19
77,139,0,11673,77
95,139,0,13863,95
19,54,0,3704,19
92,26,1,13458,92
53,57,0,10715,53
17,15,0,2789,17
89,60,0,12324,89
56,44,1,10848,56
83,106,1,12954,83
86,99,0,12509,86
20,17,0,5127,20
42,33,1,6603,42
65,40,1,10260,65
70,53,1,9835,70
63,93,0,7393,63
67,26,0,10538,67
93,116,1,13694,93
85,59,0,12761,85
28,70,0,3574,28
59,140,0,7878,59
92,45,1,13477,92
79,117,0,11359,79
49,110,0,6388,49
12,105,1,3901,12
24,106,0,2442,24
56,60,1,10864,56
26,30,0,3388,26
64,139,0,10213,64
91,2,1,13288,91
67,138,0,10650,67
54,135,0,7581,54
79,109,0,11351,79
83,34,1,12882,83
12,118,0,3914,12
85,123,0,12825,85
21,26,0,3238,21
20,103,0,5213,20
79,47,0,11289,79
12,35,1,3831,12
49,23,0,6301,49
71,124,0,11220,71
31,44,1,482,31
9,124,1,270,9
79,107,0,11349,79
21,93,0,3305,21
74,21,0,9073,74
42,128,0,6698,42
86,103,0,12513,86
67,104,0,10616,67
81,81,0,11907,81
21,45,0,3257,21
28,99,1,3603,28
28,102,0,3606,28
55,74,1,8834,55
13,69,0,4011,13
25,76,0,1244,25
63,27,0,7327,63
40,65,0,5905,40
51,120,0,9318,51
69,119,0,8295,69
71,95,0,11191,71
71,142,0,11238,71
81,8,0,11834,81
89,25,0,12289,89
19,44,0,3694,19
64,85,0,10159,64
11,96,0,972,11
93,119,1,13697,93
82,139,0,12111,82
89,79,0,12343,89
9,9,1,155,9
2,20,0,1480,2
36,14,0,4832,36
38,40,0,4274,38
16,60,0,5316,16
13,83,0,4025,13
14,44,1,1066,14
86,79,0,12489,86
27,75,0,4747,27
24,118,0,2454,24
33,22,0,1336,33
44,98,0,6960,44
11,136,0,1012,11
16,23,0,5279,16
51,80,0,9278,51
24,119,0,2455,24
74,32,0,9084,74
10,135,0,2763,10
80,21,0,11701,80
85,8,0,12710,85
79,93,0,11335,79
68,15,1,10965,68
49,91,0,6369,49
69,106,0,8282,69
69,1,1,8177,69
92,115,1,13547,92
57,98,0,7982,57
34,129,1,129,34
8,29,0,759,8
68,138,0,11088,68
65,116,0,10336,65
77,19,0,11553,77
74,135,0,9187,74
77,112,0,11646,77
34,1,1,1,34
33,99,0,1413,33
17,5,1,2779,17
56,51,1,10855,56
16,77,0,5333,16
9,140,0,286,9
22,102,0,4482,22
55,68,0,8828,55
34,107,1,107,34
44,113,0,6975,44
86,135,0,12545,86
11,29,0,905,11
39,33,0,2953,39
82,48,0,12020,82
74,44,1,9096,74
15,85,0,3151,15
27,121,0,4793,27
75,21,1,8343,75
77,8,0,11542,77
11,100,0,976,11
33,129,0,1443,33
14,124,0,1146,14
84,21,1,12139,84
24,47,0,2383,24
22,95,0,4475,22
80,102,0,11782,80
86,91,0,12501,86
22,1,1,4381,22
67,91,0,10603,67
10,83,0,2711,10
13,138,0,4080,13
34,81,1,81,34
60,100,0,10028,60
70,33,0,9815,70
4,56,0,2100,4
8,23,0,753,8
45,50,0,7204,45
22,48,0,4428,22
50,132,0,8746,50
70,68,0,9850,70
74,117,0,9169,74
9,101,1,247,9
54,0,0,7446,54
56,116,0,10920,56
11,53,0,929,11
51,141,0,9339,51
28,38,1,3542,28
61,67,0,10433,61
54,58,0,7504,54
84,53,0,12171,84
39,98,0,3018,39
39,142,0,3062,39
74,22,1,9074,74
53,0,1,10658,53
22,106,0,4486,22
59,138,0,7876,59
93,102,1,13680,93
84,51,0,12169,84
46,58,0,6774,46
44,92,0,6954,44
44,5,0,6867,44
55,15,1,8775,55
91,118,0,13404,91
40,54,0,5894,40
20,45,0,5155,20
59,95,0,7833,59
60,102,0,10030,60
79,95,0,11337,79
46,119,0,6835,46
36,76,0,4894,36
85,76,0,12778,85
55,129,0,8889,55
87,23,1,13017,87
13,132,0,4074,13
26,144,0,3502,26
8,142,0,872,8
16,98,0,5354,16
74,123,0,9175,74
11,0,0,876,11
79,81,0,11323,79
68,58,1,11008,68
85,14,0,12716,85
64,80,0,10154,64
79,120,0,11362,79
46,75,0,6791,46
33,48,0,1362,33
69,98,0,8274,69
81,135,0,11961,81
75,28,0,8350,75
64,61,0,10135,64
28,25,1,3529,28
27,76,0,4748,27
4,80,0,2124,4
42,20,0,6590,42
76,120,0,8588,76
75,32,0,8354,75
16,15,0,5271,16
70,115,0,9897,70
13,133,0,4075,13
16,101,0,5357,16
46,122,0,6838,46
78,99,0,11487,78
65,45,0,10265,65
8,67,0,797,8
21,100,0,3312,21
68,123,0,11073,68
82,6,1,11978,82
22,47,0,4427,22
49,26,0,6304,49
9,48,1,194,9
11,50,0,926,11
6,29,0,1781,6
22,81,0,4461,22
13,74,1,4016,13
74,133,0,9185,74
77,26,0,11560,77
40,21,0,5861,40
54,48,0,7494,54
24,5,0,2341,24
92,86,1,13518,92
73,139,0,7731,73
15,132,0,3198,15
22,25,0,4405,22
81,13,0,11839,81
59,109,0,7847,59
38,47,0,4281,38
74,122,0,9174,74
80,24,0,11704,80
76,118,0,8586,76
2,26,0,1486,2
6,133,0,1885,6
82,81,0,12053,82
95,79,0,13803,95
54,119,0,7565,54
78,45,0,11433,78
6,26,0,1778,6
42,76,1,6646,42
49,108,0,6386,49
78,129,0,11517,78
21,13,0,3225,21
55,29,1,8789,55
69,28,0,8204,69
89,28,0,12292,89
50,55,0,8669,50
60,13,1,9941,60
81,75,0,11901,81
92,57,1,13489,92
13,38,1,3980,13
76,26,0,8494,76
60,18,0,9946,60
50,50,0,8664,50
44,116,0,6978,44
91,136,0,13422,91
92,67,1,13499,92
64,107,0,10181,64
45,126,0,7280,45
74,52,0,9104,74
84,105,0,12223,84
53,113,0,10771,53
14,32,0,1054,14
83,128,0,12976,83
73,28,0,7620,73
42,96,0,6666,42
56,57,1,10861,56
67,14,0,10526,67
81,50,0,11876,81
84,143,0,12261,84
60,81,0,10009,60
11,79,0,955,11
81,119,0,11945,81
68,76,0,11026,68
77,107,0,11641,77
10,138,0,2766,10
38,23,1,4257,38
46,140,0,6856,46
63,113,0,7413,63
68,47,0,10997,68
84,76,0,12194,84
12,69,0,3865,12
28,120,0,3624,28
85,15,0,12717,85
73,92,0,7684,73
82,143,0,12115,82
77,92,0,11626,77
16,123,0,5379,16
12,6,1,3802,12
54,138,0,7584,54
40,93,0,5933,40
11,32,0,908,11
91,49,0,13335,91
39,78,1,2998,39
34,19,0,19,34
93,69,1,13647,93
20,29,0,5139,20
27,14,0,4686,27
44,80,0,6942,44
78,54,0,11442,78
75,135,0,8457,75
68,44,0,10994,68
40,138,0,5978,40
36,5,1,4823,36
59,91,0,7829,59
65,65,0,10285,65
54,65,0,7511,54
92,116,1,13548,92
57,34,0,7918,57
93,67,1,13645,93
77,53,0,11587,77
64,50,0,10124,64
28,126,0,3630,28
20,85,0,5195,20
45,95,0,7249,45
65,74,0,10294,65
53,35,1,10693,53
73,95,0,7687,73
53,144,0,10802,53
86,57,0,12467,86
76,102,0,8570,76
8,109,0,839,8
42,58,0,6628,42
46,112,0,6828,46
10,102,0,2730,10
92,132,0,13564,92
36,72,0,4890,36
83,124,0,12972,83
85,120,0,12822,85
92,105,1,13537,92
15,95,0,3161,15
78,75,0,11463,78
95,113,0,13837,95
95,34,1,13758,95
70,25,1,9807,70
27,68,0,4740,27
87,98,0,13092,87
60,101,0,10029,60
25,120,0,1288,25
54,13,0,7459,54
93,20,1,13598,93
75,54,0,8376,75
67,17,1,10529,67
79,92,0,11334,79
22,33,1,4413,22
21,72,0,3284,21
70,67,0,9849,70
70,8,1,9790,70
91,34,0,13320,91
9,139,0,285,9
91,0,1,13286,91
49,76,0,6354,49
2,21,0,1481,2
45,19,0,7173,45
78,145,0,11533,78
51,27,0,9225,51
42,47,0,6617,42
22,28,0,4408,22
79,128,0,11370,79
20,69,0,5179,20
44,79,0,6941,44
2,101,0,1561,2
74,140,0,9192,74
50,104,0,8718,50
11,58,0,934,11
78,27,1,11415,78
87,128,0,13122,87
63,92,0,7392,63
80,144,0,11824,80
33,5,1,1319,33
51,18,0,9216,51
83,92,0,12940,83
50,40,0,8654,50
60,136,0,10064,60
15,26,0,3092,15
13,143,0,4085,13
76,56,0,8524,76
63,91,0,7391,63
24,133,0,2469,24
60,5,1,9933,60
93,76,1,13654,93
84,22,0,12140,84
84,116,0,12234,84
61,34,0,10400,61
45,135,0,7289,45
69,100,0,8276,69
33,15,0,1329,33
44,108,0,6970,44
71,58,1,11154,71
22,141,0,4521,22
54,143,0,7589,54
84,74,0,12192,84
69,136,0,8312,69
57,40,1,7924,57
33,58,0,1372,33
38,105,0,4339,38
54,1,0,7447,54
8,118,0,848,8
21,78,0,3290,21
82,77,0,12049,82
11,106,0,982,11
49,95,0,6373,49
76,30,0,8498,76
6,15,1,1767,6
95,40,1,13764,95
26,96,0,3454,26
70,105,0,9887,70
54,79,0,7525,54
12,98,1,3894,12
15,124,0,3190,15
60,51,1,9979,60
19,132,0,3782,19
78,34,1,11422,78
51,70,0,9268,51
81,22,0,11848,81
92,96,0,13528,92
64,34,0,10108,64
68,56,0,11006,68
26,18,0,3376,26
27,6,1,4678,27
46,113,0,6829,46
59,133,0,7871,59
14,61,0,1083,14
10,72,0,2700,10
19,72,1,3722,19
45,109,0,7263,45
20,126,0,5236,20
57,100,0,7984,57
68,132,0,11082,68
17,61,0,2835,17
33,17,0,1331,33
16,30,0,5286,16
8,117,0,847,8
93,136,0,13714,93
8,13,0,743,8
14,30,0,1052,14
51,24,0,9222,51
65,90,0,10310,65
73,106,0,7698,73
67,55,0,10567,67
42,13,0,6583,42
38,143,0,4377,38
24,70,0,2406,24
68,9,1,10959,68
50,80,0,8694,50
82,27,0,11999,82
12,15,1,3811,12
17,79,0,2853,17
80,120,0,11800,80
89,18,0,12282,89
40,119,0,5959,40
24,115,0,2451,24
2,121,0,1581,2
63,132,0,7432,63
50,15,1,8629,50
80,47,0,11727,80
82,109,0,12081,82
57,21,1,7905,57
60,50,0,9978,60
21,60,0,3272,21
51,132,0,9330,51
69,60,0,8236,69
26,91,0,3449,26
65,99,1,10319,65
33,113,0,1427,33
89,123,0,12387,89
89,144,0,12408,89
2,81,0,1541,2
36,51,0,4869,36
6,138,0,1890,6
21,0,0,3212,21
17,28,0,2802,17
63,5,0,7305,63
81,70,0,11896,81
9,117,1,263,9
8,75,0,805,8
22,129,0,4509,22
25,140,0,1308,25
51,81,0,9279,51
57,49,1,7933,57
65,60,0,10280,65
70,5,1,9787,70
74,58,1,9110,74
38,17,1,4251,38
78,118,1,11506,78
31,5,1,443,31
33,118,0,1432,33
16,8,0,5264,16
85,58,0,12760,85
20,61,0,5171,20
92,8,1,13440,92
56,22,1,10826,56
2,112,0,1572,2
87,106,1,13100,87
91,120,0,13406,91
36,121,0,4939,36
85,9,0,12711,85
75,23,0,8345,75
69,34,0,8210,69
85,5,0,12707,85
17,59,0,2833,17
85,78,0,12780,85
36,6,1,4824,36
44,61,0,6923,44
86,90,0,12500,86
21,80,0,3292,21
65,20,0,10240,65
49,49,0,6327,49
17,56,0,2830,17
31,85,1,523,31
70,142,0,9924,70
77,93,0,11627,77
15,98,0,3164,15
6,139,0,1891,6
39,100,0,3020,39
33,20,0,1334,33
11,92,0,968,11
22,120,0,4500,22
80,106,0,11786,80
79,19,0,11261,79
84,20,0,12138,84
33,68,0,1382,33
91,138,0,13424,91
81,126,0,11952,81
86,40,0,12450,86
50,60,0,8674,50
42,101,0,6671,42
73,91,0,7683,73
75,57,0,8379,75
55,132,0,8892,55
95,17,0,13741,95
25,48,0,1216,25
46,91,0,6807,46
34,103,1,103,34
59,118,0,7856,59
80,119,0,11799,80
89,136,0,12400,89
8,81,0,811,8
81,33,0,11859,81
27,49,0,4721,27
11,27,0,903,11
38,108,0,4342,38
4,123,0,2167,4
63,54,0,7354,63
39,138,0,3058,39
31,68,1,506,31
9,65,1,211,9
26,101,0,3459,26
71,81,1,11177,71
64,128,0,10202,64
6,116,0,1868,6
8,30,0,760,8
54,26,0,7472,54
13,52,1,3994,13
39,67,0,2987,39
25,56,0,1224,25
22,101,0,4481,22
11,129,0,1005,11
68,121,0,11071,68
80,70,0,11750,80
73,65,0,7657,73
44,59,0,6921,44
46,23,0,6739,46
45,140,0,7294,45
79,2,1,11244,79
15,6,1,3072,15
61,98,0,10464,61
28,117,0,3621,28
9,95,1,241,9
56,122,0,10926,56
4,101,0,2145,4
19,69,1,3719,19
56,106,0,10910,56
25,23,0,1191,25
65,76,0,10296,65
38,119,0,4353,38
87,77,1,13071,87
95,101,0,13825,95
77,95,0,11629,77
59,121,0,7859,59
65,49,0,10269,65
19,51,1,3701,19
53,118,0,10776,53
16,103,0,5359,16
92,121,0,13553,92
57,132,0,8016,57
4,115,0,2159,4
6,143,0,1895,6
79,54,0,11296,79
26,26,0,3384,26
39,52,0,2972,39
36,96,0,4914,36
28,67,1,3571,28
27,19,1,4691,27
14,0,1,1022,14
22,115,0,4495,22
79,51,0,11293,79
64,116,0,10190,64
44,35,0,6897,44
17,110,0,2884,17
83,126,0,12974,83
57,96,0,7980,57
57,5,1,7889,57
21,53,0,3265,21
4,107,0,2151,4
6,117,0,1869,6
13,104,0,4046,13
68,77,0,11027,68
36,17,0,4835,36
50,5,0,8619,50
21,58,0,3270,21
79,136,0,11378,79
80,122,0,11802,80
80,80,0,11760,80
82,122,0,12094,82
44,78,0,6940,44
6,58,0,1810,6
55,26,0,8786,55
36,58,0,4876,36
79,20,1,11262,79
68,2,1,10952,68
40,109,0,5949,40
28,59,1,3563,28
95,48,1,13772,95
55,49,0,8809,55
56,56,0,10860,56
19,90,1,3740,19
6,124,0,1876,6
89,140,0,12404,89
14,9,1,1031,14
13,107,0,4049,13
4,143,0,2187,4
84,2,1,12120,84
64,44,0,10118,64
51,25,0,9223,51
11,139,0,1015,11
80,54,0,11734,80
10,136,0,2764,10
71,116,0,11212,71
44,28,0,6890,44
55,124,0,8884,55
39,133,0,3053,39
8,9,0,739,8
80,136,0,11816,80
73,14,1,7606,73
53,107,0,10765,53
55,80,0,8840,55
57,15,0,7899,57
81,5,0,11831,81
82,119,0,12091,82
21,19,0,3231,21
39,17,0,2937,39
33,19,0,1333,33
39,60,0,2980,39
76,126,0,8594,76
56,72,1,10876,56
75,145,0,8467,75
68,59,0,11009,68
38,113,0,4347,38
86,128,0,12538,86
27,123,0,4795,27
55,136,0,8896,55
17,83,0,2857,17
84,120,0,12238,84
89,15,0,12279,89
51,92,0,9290,51
42,110,0,6680,42
60,23,1,9951,60
36,56,0,4874,36
78,142,0,11530,78
9,17,1,163,9
10,28,0,2656,10
26,117,0,3475,26
28,74,0,3578,28
54,32,0,7478,54
76,2,1,8470,76
82,92,0,12064,82
12,48,1,3844,12
89,27,0,12291,89
20,18,0,5128,20
57,61,0,7945,57
45,60,0,7214,45
45,69,0,7223,45
27,57,0,4729,27
4,133,0,2177,4
68,51,1,11001,68
54,106,0,7552,54
36,91,0,4909,36
95,55,1,13779,95
79,65,0,11307,79
14,118,0,1140,14
56,45,1,10849,56
17,65,0,2839,17
83,14,1,12862,83
83,25,1,12873,83
21,61,0,3273,21
39,77,0,2997,39
12,93,0,3889,12
27,54,0,4726,27
93,117,0,13695,93
53,119,0,10777,53
83,77,1,12925,83
91,86,0,13372,91
40,23,1,5863,40
50,70,0,8684,50
49,65,0,6343,49
40,96,0,5936,40
59,113,0,7851,59
12,140,0,3936,12
26,103,0,3461,26
76,57,0,8525,76
86,86,0,12496,86
27,115,0,4787,27
55,122,0,8882,55
67,68,0,10580,67
15,102,0,3168,15
15,105,0,3171,15
28,138,0,3642,28
65,51,0,10271,65
60,90,0,10018,60
55,143,0,8903,55
57,141,0,8025,57
73,141,0,7733,73
10,95,0,2723,10
60,67,0,9995,60
46,123,0,6839,46
75,133,0,8455,75
67,133,0,10645,67
93,58,1,13636,93
49,59,0,6337,49
34,144,1,144,34
21,68,0,3280,21
46,51,0,6767,46
13,72,0,4014,13
69,110,0,8286,69
57,101,0,7985,57
85,106,0,12808,85
21,24,0,3236,21
33,29,0,1343,33
9,98,1,244,9
67,52,0,10564,67
84,93,1,12211,84
14,49,1,1071,14
36,115,0,4933,36
59,51,0,7789,59
10,23,0,2651,10
78,122,0,11510,78
75,68,0,8390,75
14,128,0,1150,14
65,2,1,10222,65
93,48,1,13626,93
76,21,1,8489,76
65,18,1,10238,65
2,51,0,1511,2
79,133,0,11375,79
82,38,0,12010,82
59,117,0,7855,59
87,136,0,13130,87
61,128,0,10494,61
65,56,0,10276,65
38,102,0,4336,38
31,104,1,542,31
61,95,0,10461,61
44,141,0,7003,44
69,113,0,8289,69
93,124,1,13702,93
20,115,0,5225,20
24,93,0,2429,24
33,120,0,1434,33
89,115,0,12379,89
59,108,0,7846,59
95,13,1,13737,95
54,96,0,7542,54
20,25,0,5135,20
12,119,0,3915,12
81,23,0,11849,81
87,78,0,13072,87
53,44,0,10702,53
15,139,0,3205,15
51,28,0,9226,51
19,123,0,3773,19
54,117,0,7563,54
15,91,0,3157,15
33,56,0,1370,33
33,34,0,1348,33
82,21,0,11993,82
50,72,0,8686,50
84,121,0,12239,84
74,128,0,9180,74
22,91,0,4471,22
76,115,0,8583,76
26,0,0,3358,26
33,76,0,1390,33
12,122,0,3918,12
60,141,0,10069,60
74,67,0,9119,74
73,136,0,7728,73
55,101,0,8861,55
61,72,0,10438,61
54,75,0,7521,54
25,104,0,1272,25
63,2,0,7302,63
12,129,0,3925,12
9,60,0,206,9
19,107,0,3757,19
45,15,0,7169,45
12,18,1,3814,12
17,69,0,2843,17
93,103,1,13681,93
20,68,0,5178,20
83,78,0,12926,83
92,91,1,13523,92
17,48,0,2822,17
45,100,0,7254,45
85,126,0,12828,85
33,79,0,1393,33
69,103,0,8279,69
82,18,0,11990,82
12,110,0,3906,12
51,47,0,9245,51
25,32,0,1200,25
63,98,0,7398,63
36,93,0,4911,36
80,68,0,11748,80
27,132,0,4804,27
63,77,0,7377,63
14,91,0,1113,14
85,53,0,12755,85
81,20,0,11846,81
91,112,1,13398,91
9,75,1,221,9
77,106,0,11640,77
77,34,0,11568,77
50,90,0,8704,50
22,86,0,4466,22
42,25,0,6595,42
36,45,0,4863,36
40,8,1,5848,40
75,13,0,8335,75
26,55,0,3413,26
65,30,0,10250,65
13,144,0,4086,13
42,38,0,6608,42
12,60,1,3856,12
77,85,0,11619,77
77,120,0,11654,77
46,65,0,6781,46
60,44,0,9972,60
27,116,0,4788,27
20,35,0,5145,20
36,144,0,4962,36
82,2,1,11974,82
67,135,0,10647,67
89,21,0,12285,89
38,19,1,4253,38
39,145,0,3065,39
38,51,0,4285,38
84,13,1,12131,84
89,1,1,12265,89
82,135,0,12107,82
78,70,0,11458,78
21,50,0,3262,21
44,13,0,6875,44
89,47,0,12311,89
49,5,0,6283,49
31,74,1,512,31
45,72,0,7226,45
57,110,0,7994,57
73,140,0,7732,73
25,58,0,1226,25
51,61,0,9259,51
25,53,1,1221,25
51,126,0,9324,51
92,124,1,13556,92
34,142,1,142,34
93,95,0,13673,93
68,120,0,11070,68
46,0,1,6716,46
76,13,0,8481,76
92,24,1,13456,92
68,117,0,11067,68
89,119,0,12383,89
34,38,1,38,34
11,38,0,914,11
61,85,0,10451,61
70,102,0,9884,70
69,78,1,8254,69
59,56,0,7794,59
71,100,0,11196,71
68,109,0,11059,68
60,103,0,10031,60
45,145,0,7299,45
9,145,0,291,9
85,124,0,12826,85
19,56,1,3706,19
53,53,0,10711,53
63,109,0,7409,63
73,1,1,7593,73
91,133,0,13419,91
38,95,0,4329,38
83,65,1,12913,83
19,29,1,3679,19
10,0,0,2628,10
40,118,0,5958,40
25,91,0,1259,25
50,0,1,8614,50
65,93,0,10313,65
22,56,0,4436,22
42,132,0,6702,42
73,103,0,7695,73
84,68,0,12186,84
70,76,1,9858,70
17,24,0,2798,17
10,106,0,2734,10
17,0,1,2774,17
20,101,0,5211,20
33,70,0,1384,33
89,103,0,12367,89
71,121,0,11217,71
16,2,1,5258,16
9,59,0,205,9
54,61,0,7507,54
6,74,0,1826,6
60,105,0,10033,60
86,45,0,12455,86
45,143,0,7297,45
11,19,0,895,11
42,100,0,6670,42
17,112,0,2886,17
74,8,1,9060,74
6,48,0,1800,6
49,45,0,6323,49
80,29,0,11709,80
84,113,0,12231,84
82,102,0,12074,82
49,18,0,6296,49
80,98,0,11778,80
84,9,1,12127,84
39,123,0,3043,39
45,74,0,7228,45
55,23,1,8783,55
82,141,0,12113,82
40,139,0,5979,40
38,135,0,4369,38
19,110,0,3760,19
13,112,0,4054,13
59,93,0,7831,59
69,5,1,8181,69
27,144,0,4816,27
36,81,0,4899,36
69,38,0,8214,69
92,144,0,13576,92
73,123,0,7715,73
51,40,0,9238,51
40,74,0,5914,40
80,59,0,11739,80
65,44,1,10264,65
46,18,0,6734,46
69,54,0,8230,69
2,132,0,1592,2
83,33,1,12881,83
91,83,0,13369,91
89,30,0,12294,89
76,50,0,8518,76
40,32,1,5872,40
39,121,0,3041,39
45,91,0,7245,45
19,17,1,3667,19
86,33,0,12443,86
19,78,0,3728,19
12,1,1,3797,12
93,56,1,13634,93
87,80,1,13074,87
16,67,0,5323,16
36,106,0,4924,36
73,108,0,7700,73
81,110,0,11936,81
8,57,0,787,8
78,22,1,11410,78
93,107,1,13685,93
70,107,0,9889,70
51,77,0,9275,51
67,8,1,10520,67
71,27,1,11123,71
44,85,0,6947,44
64,120,0,10194,64
46,120,0,6836,46
85,52,0,12754,85
53,9,1,10667,53
8,17,0,747,8
26,25,0,3383,26
6,118,0,1870,6
21,110,0,3322,21
24,143,0,2479,24
40,28,1,5868,40
76,74,0,8542,76
49,107,0,6385,49
56,24,0,10828,56
16,56,0,5312,16
81,133,0,11959,81
64,69,0,10143,64
50,19,1,8633,50
49,35,0,6313,49
33,51,0,1365,33
38,65,0,4299,38
45,48,0,7202,45
25,122,0,1290,25
71,1,1,11097,71
27,104,0,4776,27
6,33,1,1785,6
64,112,0,10186,64
61,141,0,10507,61
80,107,0,11787,80
20,13,0,5123,20
95,115,0,13839,95
12,27,1,3823,12
67,116,0,10628,67
68,54,1,11004,68
28,104,0,3608,28
50,136,0,8750,50
55,144,0,8904,55
45,96,0,7250,45
95,116,0,13840,95
54,116,0,7562,54
76,23,0,8491,76
33,95,0,1409,33
36,22,0,4840,36
64,138,0,10212,64
28,28,0,3532,28
17,58,0,2832,17
73,21,1,7613,73
61,117,0,10483,61
57,83,0,7967,57
16,140,0,5396,16
53,60,1,10718,53
9,44,1,190,9
9,76,1,222,9
68,33,0,10983,68
78,80,1,11468,78
79,50,1,11292,79
21,76,0,3288,21
53,47,1,10705,53
76,138,0,8606,76
28,86,0,3590,28
74,103,1,9155,74
49,104,0,6382,49
33,128,0,1442,33
85,35,0,12737,85
67,98,0,10610,67
74,81,1,9133,74
4,77,0,2121,4
54,107,0,7553,54
51,68,0,9266,51
9,107,1,253,9
57,1,1,7885,57
57,126,0,8010,57
34,106,1,106,34
75,112,0,8434,75
12,13,1,3809,12
68,105,0,11055,68
46,109,0,6825,46
73,120,0,7712,73
73,138,0,7730,73
39,74,0,2994,39
10,17,0,2645,10
17,107,0,2881,17
33,59,0,1373,33
84,40,1,12158,84
42,28,0,6598,42
89,20,0,12284,89
71,8,1,11104,71
73,51,0,7643,73
12,99,0,3895,12
26,47,0,3405,26
38,141,0,4375,38
87,8,1,13002,87
10,121,0,2749,10
6,40,1,1792,6
78,116,0,11504,78
91,52,0,13338,91
25,103,0,1271,25
46,92,0,6808,46
86,126,0,12536,86
9,53,1,199,9
28,58,0,3562,28
77,9,0,11543,77
9,144,0,290,9
84,56,0,12174,84
25,49,1,1217,25
57,135,0,8019,57
77,103,0,11637,77
31,60,1,498,31
10,116,0,2744,10
26,105,0,3463,26
26,69,0,3427,26
69,123,0,8299,69
22,143,0,4523,22
20,135,0,5245,20
22,117,0,4497,22
71,53,0,11149,71
34,34,1,34,34
2,113,0,1573,2
89,95,0,12359,89
61,69,0,10435,61
45,75,0,7229,45
24,72,0,2408,24
56,140,0,10944,56
54,5,0,7451,54
21,112,0,3324,21
84,32,1,12150,84
24,19,0,2355,24
46,86,0,6802,46
11,60,0,936,11
84,35,0,12153,84
34,49,1,49,34
21,105,0,3317,21
75,15,0,8337,75
6,25,0,1777,6
78,144,0,11532,78
59,136,0,7874,59
12,22,1,3818,12
38,116,0,4350,38
70,40,1,9822,70
15,121,0,3187,15
6,68,0,1820,6
39,26,1,2946,39
42,45,0,6615,42
11,22,0,898,11
33,104,0,1418,33
40,117,0,5957,40
55,79,0,8839,55
87,18,0,13012,87
34,124,1,124,34
10,1,0,2629,10
45,80,0,7234,45
6,44,1,1796,6
12,121,0,3917,12
2,9,0,1469,2
50,38,0,8652,50
67,90,0,10602,67
14,26,1,1048,14
63,80,0,7380,63
9,56,1,202,9
20,53,0,5163,20
79,32,1,11274,79
36,18,0,4836,36
87,55,1,13049,87
59,38,0,7776,59
89,107,0,12371,89
24,101,0,2437,24
50,117,0,8731,50
76,143,0,8611,76
26,123,0,3481,26
61,81,0,10447,61
44,135,0,6997,44
70,30,0,9812,70
91,121,0,13407,91
50,129,0,8743,50
55,45,0,8805,55
57,86,1,7970,57
74,5,1,9057,74
83,59,0,12907,83
53,27,1,10685,53
26,81,0,3439,26
11,95,0,971,11
49,96,0,6374,49
39,109,0,3029,39
2,83,0,1543,2
63,0,0,7300,63
87,79,1,13073,87
42,19,0,6589,42
54,142,0,7588,54
49,109,0,6387,49
6,51,0,1803,6
92,0,1,13432,92
81,136,0,11962,81
44,117,0,6979,44
55,17,0,8777,55
77,138,0,11672,77
89,22,0,12286,89
93,140,0,13718,93
56,49,1,10853,56
95,68,0,13792,95
49,1,1,6279,49
36,8,0,4826,36
28,118,0,3622,28
77,44,0,11578,77
27,138,0,4810,27
2,55,0,1515,2
57,90,0,7974,57
64,79,0,10153,64
21,79,0,3291,21
83,48,1,12896,83
31,79,1,517,31
11,116,0,992,11
59,135,0,7873,59
57,78,0,7962,57
56,58,1,10862,56
83,17,1,12865,83
38,120,0,4354,38
11,72,0,948,11
77,105,0,11639,77
68,49,0,10999,68
80,142,0,11822,80
13,145,0,4087,13
14,18,1,1040,14
36,107,0,4925,36
64,14,1,10088,64
55,105,0,8865,55
61,8,0,10374,61
39,69,0,2989,39
78,93,0,11481,78
60,120,0,10048,60
42,141,0,6711,42
75,72,0,8394,75
40,126,0,5966,40
26,136,0,3494,26
86,112,0,12522,86
79,105,1,11347,79
50,102,0,8716,50
49,86,0,6364,49
31,80,1,518,31
10,99,0,2727,10
73,126,0,7718,73
63,22,1,7322,63
16,141,0,5397,16
2,30,0,1490,2
44,55,0,6917,44
24,52,0,2388,24
26,80,0,3438,26
74,95,0,9147,74
63,126,0,7426,63
86,1,0,12411,86
51,57,0,9255,51
59,55,0,7793,59
31,56,1,494,31
17,120,0,2894,17
65,57,1,10277,65
59,35,0,7773,59
80,103,0,11783,80
24,95,0,2431,24
22,58,0,4438,22
69,33,0,8209,69
27,65,0,4737,27
83,6,1,12854,83
53,133,0,10791,53
60,21,1,9949,60
2,79,0,1539,2
61,32,0,10398,61
38,129,0,4363,38
59,45,1,7783,59
25,119,0,1287,25
54,145,0,7591,54
40,49,0,5889,40
25,144,0,1312,25
74,90,1,9142,74
22,92,0,4472,22
65,54,0,10274,65
73,29,1,7621,73
12,70,1,3866,12
28,13,0,3517,28
33,24,1,1338,33
50,1,1,8615,50
22,145,0,4525,22
17,47,0,2821,17
82,53,0,12025,82
19,0,1,3650,19
50,86,0,8700,50
19,138,0,3788,19
46,110,0,6826,46
79,123,0,11365,79
28,133,0,3637,28
38,2,1,4236,38
54,68,0,7514,54
74,119,0,9171,74
39,15,0,2935,39
12,44,1,3840,12
71,141,0,11237,71
16,104,0,5360,16
92,76,1,13508,92
71,70,1,11166,71
51,91,0,9289,51
55,28,0,8788,55
77,119,0,11653,77
10,119,0,2747,10
92,123,1,13555,92
82,132,0,12104,82
8,86,0,816,8
38,38,1,4272,38
61,29,0,10395,61
83,50,1,12898,83
93,132,0,13710,93
11,28,0,904,11
71,145,0,11241,71
59,116,0,7854,59
77,140,0,11674,77
76,105,0,8573,76
33,61,0,1375,33
64,52,0,10126,64
13,80,1,4022,13
12,8,1,3804,12
24,59,1,2395,24
73,93,0,7685,73
31,57,1,495,31
77,126,0,11660,77
33,74,0,1388,33
75,123,0,8445,75
46,33,0,6749,46
84,142,0,12260,84
65,141,0,10361,65
4,124,0,2168,4
92,1,1,13433,92
4,91,0,2135,4
6,0,1,1752,6
4,129,0,2173,4
84,1,1,12119,84
89,35,0,12299,89
2,25,0,1485,2
28,27,1,3531,28
79,25,0,11267,79
59,50,0,7788,59
64,2,1,10076,64
78,133,0,11521,78
92,120,0,13552,92
44,52,0,6914,44
15,30,0,3096,15
76,145,0,8613,76
80,128,0,11808,80
75,120,0,8442,75
95,110,0,13834,95
60,124,0,10052,60
61,19,1,10385,61
49,102,0,6380,49
27,1,1,4673,27
19,52,1,3702,19
78,59,0,11447,78
6,1,1,1753,6
51,9,0,9207,51
92,65,1,13497,92
63,121,0,7421,63
22,140,0,4520,22
22,30,0,4410,22
34,33,1,33,34
61,54,0,10420,61
21,70,0,3282,21
24,32,0,2368,24
33,116,0,1430,33
19,105,0,3755,19
38,83,0,4317,38
31,105,1,543,31
91,19,0,13305,91
68,20,1,10970,68
85,56,0,12758,85
46,79,0,6795,46
28,145,0,3649,28
87,144,0,13138,87
54,108,0,7554,54
70,13,1,9795,70
34,44,1,44,34
13,0,1,3942,13
53,59,0,10717,53
56,144,0,10948,56
22,110,0,4490,22
11,48,0,924,11
2,17,0,1477,2
27,80,0,4752,27
92,140,0,13572,92
95,119,0,13843,95
92,38,1,13470,92
6,102,0,1854,6
45,22,1,7176,45
40,68,0,5908,40
51,139,0,9337,51
80,53,0,11733,80
20,78,0,5188,20
69,50,0,8226,69
39,92,0,3012,39
22,113,0,4493,22
34,79,1,79,34
28,124,0,3628,28
40,55,0,5895,40
44,57,0,6919,44
70,139,0,9921,70
24,0,1,2336,24
51,52,0,9250,51
64,115,0,10189,64
33,91,0,1405,33
33,30,0,1344,33
54,44,0,7490,54
92,28,1,13460,92
77,86,0,11620,77
14,8,1,1030,14
31,132,0,570,31
59,54,0,7792,59
14,110,0,1132,14
82,116,0,12088,82
25,102,0,1270,25
46,80,0,6796,46
67,25,1,10537,67
16,45,0,5301,16
22,72,0,4452,22
51,98,0,9296,51
73,45,0,7637,73
91,55,1,13341,91
51,44,0,9242,51
53,81,0,10739,53
17,13,1,2787,17
40,53,0,5893,40
92,141,0,13573,92
4,14,1,2058,4
49,53,0,6331,49
22,108,0,4488,22
95,14,1,13738,95
82,30,0,12002,82
13,140,0,4082,13
93,29,1,13607,93
75,101,0,8423,75
81,100,0,11926,81
75,109,0,8431,75
61,38,1,10404,61
21,106,0,3318,21
95,38,1,13762,95
60,104,0,10032,60
82,60,0,12032,82
81,25,0,11851,81
71,109,0,11205,71
86,55,0,12465,86
75,122,0,8444,75
45,45,0,7199,45
78,29,1,11417,78
68,118,0,11068,68
74,49,0,9101,74
65,24,1,10244,65
84,6,1,12124,84
89,86,0,12350,89
56,25,1,10829,56
61,133,0,10499,61
45,121,0,7275,45
69,96,0,8272,69
50,51,1,8665,50
2,135,0,1595,2
91,18,1,13304,91
40,61,0,5901,40
70,60,0,9842,70
6,121,0,1873,6
8,138,0,868,8
61,2,1,10368,61
76,103,0,8571,76
60,8,1,9936,60
24,126,0,2462,24
63,105,0,7405,63
65,128,0,10348,65
45,58,0,7212,45
64,102,0,10176,64
54,118,0,7564,54
65,113,0,10333,65
19,91,1,3741,19
56,2,1,10806,56
64,95,0,10169,64
57,91,0,7975,57
24,135,0,2471,24
50,67,0,8681,50
2,50,0,1510,2
27,122,0,4794,27
45,116,0,7270,45
65,58,0,10278,65
34,67,1,67,34
82,145,0,12117,82
20,48,0,5158,20
24,122,0,2458,24
33,83,0,1397,33
9,100,1,246,9
92,29,1,13461,92
79,72,0,11314,79
9,85,1,231,9
73,15,1,7607,73
20,119,0,5229,20
40,60,1,5900,40
51,86,0,9284,51
22,2,1,4382,22
8,126,0,856,8
55,123,0,8883,55
42,105,0,6675,42
65,129,0,10349,65
87,109,0,13103,87
86,98,0,12508,86
15,55,0,3121,15
24,107,0,2443,24
40,92,0,5932,40
91,110,0,13396,91
85,142,0,12844,85
57,17,0,7901,57
74,136,0,9188,74
4,136,0,2180,4
45,23,0,7177,45
64,24,1,10098,64
91,76,0,13362,91
82,76,0,12048,82
49,116,0,6394,49
15,53,1,3119,15
56,77,0,10881,56
22,98,0,4478,22
59,145,0,7883,59
45,105,0,7259,45
89,104,0,12368,89
81,103,0,11929,81
27,35,1,4707,27
77,81,0,11615,77
95,57,0,13781,95
65,96,0,10316,65
40,136,0,5976,40
26,113,0,3471,26
77,15,0,11549,77
17,119,0,2893,17
4,22,1,2066,4
74,145,0,9197,74
24,129,0,2465,24
2,107,0,1567,2
92,98,1,13530,92
36,38,0,4856,36
45,79,1,7233,45
79,9,1,11251,79
22,79,0,4459,22
2,15,0,1475,2
68,75,1,11025,68
42,80,0,6650,42
6,47,0,1799,6
77,77,0,11611,77
11,34,0,910,11
54,92,0,7538,54
8,76,1,806,8
56,105,0,10909,56
79,53,0,11295,79
55,22,0,8782,55
77,27,0,11561,77
75,6,0,8328,75
73,44,1,7636,73
16,110,0,5366,16
61,25,1,10391,61
54,136,0,7582,54
27,53,0,4725,27
71,50,1,11146,71
87,74,1,13068,87
14,77,0,1099,14
19,96,1,3746,19
8,145,0,875,8
28,83,1,3587,28
91,29,0,13315,91
69,83,0,8259,69
68,124,0,11074,68
22,80,0,4460,22
40,0,1,5840,40
21,77,0,3289,21
40,76,0,5916,40
21,124,0,3336,21
42,40,0,6610,42
24,14,1,2350,24
55,67,0,8827,55
21,75,0,3287,21
13,135,0,4077,13
11,54,0,930,11
20,74,0,5184,20
71,96,0,11192,71
8,26,0,756,8
24,132,0,2468,24
57,93,0,7977,57
17,113,0,2887,17
71,106,0,11202,71
25,20,0,1188,25
55,108,0,8868,55
73,124,0,7716,73
40,104,0,5944,40
25,113,0,1281,25
65,142,0,10362,65
22,38,0,4418,22
95,60,0,13784,95
84,44,1,12162,84
56,35,1,10839,56
70,101,1,9883,70
85,38,0,12740,85
77,59,0,11593,77
6,109,0,1861,6
34,69,1,69,34
8,21,1,751,8
54,25,0,7471,54
85,145,0,12847,85
57,2,1,7886,57
13,34,1,3976,13
95,108,0,13832,95
11,103,0,979,11
38,133,0,4367,38
87,103,0,13097,87
17,80,0,2854,17
4,20,0,2064,4
81,118,0,11944,81
9,116,1,262,9
56,74,0,10878,56
59,76,0,7814,59
85,57,0,12759,85
55,54,0,8814,55
51,108,0,9306,51
82,91,0,12063,82
91,54,0,13340,91
65,34,1,10254,65
25,57,1,1225,25
69,57,0,8233,69
75,107,0,8429,75
11,132,0,1008,11
46,50,0,6766,46
13,93,0,4035,13
31,126,0,564,31
65,77,1,10297,65
36,113,0,4931,36
19,15,0,3665,19
95,133,0,13857,95
13,51,1,3993,13
36,78,0,4896,36
64,117,0,10191,64
85,30,0,12732,85
49,126,0,6404,49
9,123,0,269,9
55,5,1,8765,55
60,9,1,9937,60
19,106,0,3756,19
28,54,0,3558,28
92,143,0,13575,92
15,65,0,3131,15
42,15,1,6585,42
75,85,0,8407,75
20,33,0,5143,20
27,8,1,4680,27
13,75,1,4017,13
60,95,1,10023,60
39,23,0,2943,39
21,32,0,3244,21
11,85,0,961,11
6,103,0,1855,6
82,34,0,12006,82
95,59,1,13783,95
87,92,0,13086,87
76,60,0,8528,76
54,59,0,7505,54
12,109,0,3905,12
81,9,0,11835,81
38,128,0,4362,38
22,133,0,4513,22
81,109,0,11935,81
33,100,0,1414,33
68,30,1,10980,68
38,69,0,4303,38
87,47,1,13041,87
17,75,0,2849,17
70,145,0,9927,70
49,83,0,6361,49
82,47,0,12019,82
92,93,1,13525,92
2,34,0,1494,2
87,104,0,13098,87
87,141,0,13135,87
91,91,0,13377,91
24,104,0,2440,24
56,85,0,10889,56
60,72,1,10000,60
45,57,1,7211,45
10,98,0,2726,10
44,24,0,6886,44
73,115,0,7707,73
92,9,1,13441,92
73,110,0,7702,73
13,14,1,3956,13
15,8,0,3074,15
71,74,0,11170,71
9,58,1,204,9
16,40,0,5296,16
65,100,0,10320,65
77,121,0,11655,77
45,132,0,7286,45
82,106,0,12078,82
87,65,1,13059,87
14,75,0,1097,14
6,129,0,1881,6
65,79,0,10299,65
26,22,0,3380,26
22,107,0,4487,22
22,119,0,4499,22
31,14,1,452,31
60,138,0,10066,60
21,29,0,3241,21
54,80,0,7526,54
73,101,0,7693,73
55,50,0,8810,55
93,8,1,13586,93
17,29,0,2803,17
25,75,0,1243,25
6,61,0,1813,6
91,20,1,13306,91
6,60,0,1812,6
75,27,0,8349,75
39,21,0,2941,39
10,142,0,2770,10
83,107,1,12955,83
28,14,0,3518,28
65,112,0,10332,65
82,45,0,12017,82
20,86,0,5196,20
64,106,0,10180,64
36,24,1,4842,36
26,104,0,3462,26
31,138,0,576,31
12,145,0,3941,12
12,78,0,3874,12
74,17,1,9069,74
79,83,0,11325,79
33,2,1,1316,33
19,135,0,3785,19
69,35,0,8211,69
22,6,1,4386,22
89,58,0,12322,89
55,90,0,8850,55
8,103,0,833,8
21,49,0,3261,21
75,76,0,8398,75
79,126,0,11368,79
71,25,1,11121,71
79,23,0,11265,79
79,79,0,11321,79
49,8,0,6286,49
53,109,0,10767,53
56,23,1,10827,56
4,142,0,2186,4
91,109,0,13395,91
8,40,0,770,8
12,32,1,3828,12
21,56,0,3268,21
16,14,1,5270,16
74,92,0,9144,74
16,25,0,5281,16
74,70,0,9122,74
39,44,0,2964,39
19,77,0,3727,19
73,25,1,7617,73
89,19,0,12283,89
45,113,0,7267,45
6,79,0,1831,6
81,140,0,11966,81
92,108,1,13540,92
81,29,0,11855,81
39,68,0,2988,39
54,122,0,7568,54
27,145,0,4817,27
28,122,0,3626,28
81,99,0,11925,81
95,122,0,13846,95
69,44,0,8220,69
71,77,1,11173,71
20,107,0,5217,20
36,40,1,4858,36
60,119,0,10047,60
84,8,1,12126,84
46,124,0,6840,46
67,27,1,10539,67
14,102,0,1124,14
51,67,0,9265,51
63,23,0,7323,63
63,143,0,7443,63
74,105,0,9157,74
15,44,0,3110,15
26,138,0,3496,26
28,106,0,3610,28
61,80,0,10446,61
40,100,0,5940,40
26,1,0,3359,26
56,6,1,10810,56
85,122,0,12824,85
51,136,0,9334,51
19,38,1,3688,19
80,76,0,11756,80
25,117,0,1285,25
92,139,0,13571,92
67,92,0,10604,67
86,17,0,12427,86
11,138,0,1014,11
89,34,0,12298,89
56,18,1,10822,56
42,68,0,6638,42
55,52,0,8812,55
50,54,0,8668,50
11,107,0,983,11
9,20,0,166,9
14,70,0,1092,14
15,21,0,3087,15
14,67,0,1089,14
50,113,0,8727,50
33,108,0,1422,33
65,17,1,10237,65
9,103,1,249,9
75,78,0,8400,75
79,28,0,11270,79
59,100,0,7838,59
51,15,0,9213,51
56,83,0,10887,56
17,18,0,2792,17
24,9,0,2345,24
85,81,0,12783,85
78,107,0,11495,78
50,57,0,8671,50
93,25,1,13603,93
76,6,1,8474,76
36,54,0,4872,36
11,51,0,927,11
61,101,0,10467,61
9,133,0,279,9
15,109,0,3175,15
2,48,0,1508,2
81,54,0,11880,81
51,106,0,9304,51
70,2,1,9784,70
70,35,0,9817,70
4,68,0,2112,4
20,144,0,5254,20
40,57,0,5897,40
69,24,0,8200,69
10,133,0,2761,10
10,20,0,2648,10
25,124,0,1292,25
46,35,0,6751,46
67,108,0,10620,67
63,116,0,7416,63
59,124,0,7862,59
4,18,1,2062,4
15,86,0,3152,15
85,103,0,12805,85
14,108,0,1130,14
22,70,0,4450,22
49,33,0,6311,49
11,70,0,946,11
22,55,0,4435,22
64,26,1,10100,64
25,133,0,1301,25
17,141,0,2915,17
65,101,0,10321,65
36,80,0,4898,36
84,119,0,12237,84
4,117,0,2161,4
71,30,1,11126,71
69,8,1,8184,69
6,107,0,1859,6
53,76,0,10734,53
19,101,1,3751,19
39,53,1,2973,39
70,92,0,9874,70
67,112,0,10624,67
44,112,0,6974,44
87,34,1,13028,87
25,30,0,1198,25
33,13,0,1327,33
71,67,0,11163,71
22,21,0,4401,22
2,142,0,1602,2
93,13,1,13591,93
57,144,0,8028,57
36,129,0,4947,36
69,132,0,8308,69
16,122,0,5378,16
10,101,0,2729,10
83,69,1,12917,83
36,95,0,4913,36
76,136,0,8604,76
44,123,0,6985,44
59,48,0,7786,59
10,29,0,2657,10
10,124,0,2752,10
24,51,0,2387,24
67,53,0,10565,67
44,18,0,6880,44
61,20,1,10386,61
86,120,0,12530,86
4,109,0,2153,4
15,60,0,3126,15
34,14,1,14,34
42,1,1,6571,42
8,98,0,828,8
86,22,0,12432,86
89,118,0,12382,89
86,0,0,12410,86
14,100,0,1122,14
49,121,0,6399,49
51,103,0,9301,51
49,124,0,6402,49
93,70,1,13648,93
14,74,0,1096,14
6,8,1,1760,6
13,60,1,4002,13
64,40,0,10114,64
77,128,0,11662,77
84,122,0,12240,84
13,22,1,3964,13
93,21,1,13599,93
92,128,0,13560,92
21,28,0,3240,21
67,96,0,10608,67
78,102,0,11490,78
10,57,0,2685,10
38,144,0,4378,38
49,30,0,6308,49
53,102,0,10760,53
12,33,1,3829,12
56,98,0,10902,56
33,72,0,1386,33
25,50,0,1218,25
15,49,0,3115,15
82,61,0,12033,82
82,25,0,11997,82
95,69,1,13793,95
70,122,0,9904,70
46,93,0,6809,46
50,98,0,8712,50
44,65,0,6927,44
61,96,0,10462,61
54,17,0,7463,54
12,100,0,3896,12
69,20,0,8196,69
59,96,0,7834,59
9,8,1,154,9
46,24,0,6740,46
59,83,0,7821,59
55,72,0,8832,55
85,40,0,12742,85
85,74,0,12776,85
38,118,0,4352,38
93,18,1,13596,93
89,132,0,12396,89
89,55,0,12319,89
74,113,0,9165,74
10,123,0,2751,10
15,25,0,3091,15
19,76,1,3726,19
85,83,0,12785,85
34,2,1,2,34
31,47,1,485,31
44,95,0,6957,44
26,139,0,3497,26
78,132,0,11520,78
22,61,0,4441,22
93,123,1,13701,93
6,92,0,1844,6
85,26,0,12728,85
15,13,1,3079,15
73,26,1,7618,73
65,117,0,10337,65
20,19,0,5129,20
63,59,0,7359,63
24,105,0,2441,24
13,121,0,4063,13
33,77,0,1391,33
53,145,0,10803,53
59,27,0,7765,59
74,101,0,9153,74
36,85,0,4903,36
51,101,0,9299,51
93,9,1,13587,93
14,99,0,1121,14
81,56,0,11882,81
80,52,0,11732,80
25,61,0,1229,25
75,33,0,8355,75
16,108,0,5364,16
57,35,0,7919,57
56,78,0,10882,56
24,81,0,2417,24
79,61,0,11303,79
20,120,0,5230,20
85,20,0,12722,85
4,102,0,2146,4
67,144,0,10656,67
14,72,0,1094,14
50,144,0,8758,50
56,1,1,10805,56
92,6,1,13438,92
65,0,1,10220,65
61,74,1,10440,61
50,135,0,8749,50
87,113,1,13107,87
69,133,0,8309,69
40,58,0,5898,40
42,85,0,6655,42
89,59,0,12323,89
24,18,0,2354,24
34,72,1,72,34
51,32,0,9230,51
11,26,0,902,11
89,145,0,12409,89
51,33,0,9231,51
70,119,0,9901,70
39,0,1,2920,39
34,105,1,105,34
10,14,0,2642,10
91,90,0,13376,91
14,140,0,1162,14
14,135,0,1157,14
70,144,0,9926,70
38,98,0,4332,38
76,59,0,8527,76
75,132,0,8454,75
71,61,0,11157,71
57,14,1,7898,57
4,25,1,2069,4
91,78,0,13364,91
40,128,0,5968,40
46,133,0,6849,46
6,59,0,1811,6
63,68,0,7368,63
79,56,0,11298,79
67,70,0,10582,67
80,65,1,11745,80
80,121,0,11801,80
24,117,0,2453,24
50,45,0,8659,50
61,78,0,10444,61
84,83,0,12201,84
63,103,0,7403,63
56,128,0,10932,56
56,135,0,10939,56
84,26,1,12144,84
28,32,0,3536,28
76,47,0,8515,76
63,74,0,7374,63
11,80,0,956,11
56,141,0,10945,56
63,78,0,7378,63
44,22,0,6884,44
85,48,0,12750,85
78,30,0,11418,78
61,92,0,10458,61
59,26,1,7764,59
76,106,0,8574,76
63,75,0,7375,63
53,112,0,10770,53
25,116,0,1284,25
27,129,0,4801,27
61,109,0,10475,61
55,56,1,8816,55
78,47,1,11435,78
83,2,1,12850,83
67,9,1,10521,67
73,75,0,7667,73
8,18,0,748,8
40,72,1,5912,40
80,116,0,11796,80
82,54,0,12026,82
73,35,0,7627,73
64,54,0,10128,64
82,129,0,12101,82
76,96,0,8564,76
57,99,0,7983,57
9,135,0,281,9
65,32,0,10252,65
39,79,0,2999,39
71,15,1,11111,71
2,58,0,1518,2
82,26,0,11998,82
27,108,0,4780,27
77,30,0,11564,77
50,121,0,8735,50
8,53,0,783,8
28,116,0,3620,28
19,32,0,3682,19
60,132,0,10060,60
16,26,0,5282,16
51,85,0,9283,51
2,104,0,1564,2
6,123,0,1875,6
25,24,1,1192,25
24,113,0,2449,24
21,9,0,3221,21
68,113,0,11063,68
77,109,0,11643,77
4,38,1,2082,4
27,103,0,4775,27
39,101,0,3021,39
54,15,0,7461,54
77,99,0,11633,77
22,0,1,4380,22
77,124,0,11658,77
40,56,0,5896,40
63,28,0,7328,63
86,85,0,12495,86
8,136,0,866,8
67,120,0,10632,67
55,59,0,8819,55
2,119,0,1579,2
33,109,0,1423,33
64,83,0,10157,64
27,47,0,4719,27
83,20,1,12868,83
9,72,1,218,9
85,101,0,12803,85
91,132,0,13418,91
16,118,0,5374,16
63,60,0,7360,63
15,78,0,3144,15
77,23,0,11557,77
64,118,0,10192,64
10,120,0,2748,10
55,40,0,8800,55
77,49,0,11583,77
21,109,0,3321,21
95,109,0,13833,95
12,74,1,3870,12
40,79,0,5919,40
73,119,0,7711,73
22,67,0,4447,22
22,104,0,4484,22
76,91,0,8559,76
64,129,0,10203,64
61,126,0,10492,61
51,96,0,9294,51
39,19,1,2939,39
4,2,1,2046,4
49,90,0,6368,49
59,90,0,7828,59
22,105,0,4485,22
83,103,0,12951,83
36,9,0,4827,36
24,33,0,2369,24
91,116,0,13402,91
4,74,0,2118,4
82,83,0,12055,82
2,52,0,1512,2
16,33,0,5289,16
74,45,1,9097,74
74,106,0,9158,74
40,40,0,5880,40
19,79,1,3729,19
86,61,0,12471,86
46,2,0,6718,46
28,55,0,3559,28
74,99,0,9151,74
67,34,1,10546,67
91,101,0,13387,91
31,28,1,466,31
16,54,0,5310,16
14,20,0,1042,14
85,109,0,12811,85
2,92,0,1552,2
34,60,1,60,34
91,145,0,13431,91
75,102,0,8424,75
74,75,0,9127,74
13,26,1,3968,13
57,19,0,7903,57
64,28,1,10102,64
26,110,0,3468,26
79,138,0,11380,79
9,115,1,261,9
63,33,0,7333,63
46,29,0,6745,46
40,14,0,5854,40
8,2,0,732,8
17,109,0,2883,17
14,23,0,1045,14
11,117,0,993,11
20,32,0,5142,20
65,1,1,10221,65
31,119,1,557,31
75,29,0,8351,75
51,0,1,9198,51
22,99,0,4479,22
44,30,0,6892,44
36,128,0,4946,36
53,30,0,10688,53
12,50,0,3846,12
40,143,0,5983,40
63,34,0,7334,63
67,49,0,10561,67
61,119,0,10485,61
40,107,0,5947,40
31,58,1,496,31
44,47,0,6909,44
11,141,0,1017,11
19,85,1,3735,19
27,34,0,4706,27
19,20,0,3670,19
31,115,1,553,31
28,0,1,3504,28
67,22,0,10534,67
67,30,0,10542,67
92,53,1,13485,92
26,135,0,3493,26
17,85,0,2859,17
19,33,0,3683,19
2,108,0,1568,2
75,104,0,8426,75
68,48,1,10998,68
51,123,0,9321,51
69,85,0,8261,69
63,118,0,7418,63
17,116,0,2890,17
57,6,1,7890,57
81,105,0,11931,81
14,92,0,1114,14
87,29,0,13023,87
63,117,0,7417,63
15,70,0,3136,15
28,107,0,3611,28
51,75,0,9273,51
86,28,0,12438,86
45,61,1,7215,45
28,24,0,3528,28
59,14,1,7752,59
55,20,1,8780,55
68,112,0,11062,68
82,98,0,12070,82
82,105,0,12077,82
4,93,0,2137,4
73,60,0,7652,73
9,80,1,226,9
14,104,0,1126,14
89,101,0,12365,89
40,34,1,5874,40
71,138,0,11234,71
67,93,0,10605,67
19,24,0,3674,19
89,100,0,12364,89
68,135,0,11085,68
20,9,0,5119,20
74,100,1,9152,74
84,78,0,12196,84
64,48,1,10122,64
64,121,0,10195,64
63,95,0,7395,63
92,15,1,13447,92
68,72,0,11022,68
93,145,0,13723,93
15,93,0,3159,15
78,110,0,11498,78
6,135,0,1887,6
16,57,0,5313,16
69,72,0,8248,69
2,90,0,1550,2
55,116,0,8876,55
67,29,0,10541,67
6,141,0,1893,6
61,99,0,10465,61
11,108,0,984,11
24,56,0,2392,24
50,140,0,8754,50
50,123,0,8737,50
36,68,0,4886,36
59,44,1,7782,59
26,122,0,3480,26
93,40,1,13618,93
86,35,0,12445,86
67,81,0,10593,67
87,83,0,13077,87
84,95,0,12213,84
28,49,1,3553,28
26,29,0,3387,26
12,26,1,3822,12
82,101,0,12073,82
28,51,1,3555,28
16,50,0,5306,16
46,90,0,6806,46
65,69,1,10289,65
33,106,0,1420,33
24,121,0,2457,24
93,77,1,13655,93
10,22,0,2650,10
56,129,0,10933,56
83,55,1,12903,83
31,49,1,487,31
83,67,1,12915,83
20,60,0,5170,20
57,107,0,7991,57
12,72,0,3868,12
76,81,0,8549,76
93,15,1,13593,93
20,24,0,5134,20
19,113,0,3763,19
15,138,0,3204,15
44,101,0,6963,44
59,13,1,7751,59
82,72,0,12044,82
60,144,0,10072,60
65,38,0,10258,65
22,126,0,4506,22
45,27,1,7181,45
33,50,0,1364,33
12,83,0,3879,12
31,102,1,540,31
69,48,0,8224,69
10,112,0,2740,10
54,57,0,7503,54
2,44,0,1504,2
34,65,1,65,34
27,26,0,4698,27
53,65,0,10723,53
59,32,0,7770,59
95,99,0,13823,95
71,135,0,11231,71
86,121,0,12531,86
78,100,0,11488,78
8,20,0,750,8
80,110,0,11790,80
21,138,0,3350,21
42,74,0,6644,42
89,72,0,12336,89
16,32,0,5288,16
83,95,0,12943,83
39,85,0,3005,39
39,35,0,2955,39
14,129,0,1151,14
79,77,0,11319,79
20,52,0,5162,20
31,29,1,467,31
76,69,0,8537,76
79,30,0,11272,79
34,113,1,113,34
65,119,0,10339,65
61,123,0,10489,61
91,40,0,13326,91
91,98,0,13384,91
26,92,0,3450,26
91,8,1,13294,91
70,72,1,9854,70
33,47,0,1361,33
16,100,0,5356,16
85,55,0,12757,85
10,15,0,2643,10
57,119,0,8003,57
80,32,0,11712,80
12,141,0,3937,12
21,117,0,3329,21
17,53,0,2827,17
61,104,0,10470,61
61,70,0,10436,61
77,13,0,11547,77
4,110,0,2154,4
80,5,0,11685,80
20,138,0,5248,20
46,68,0,6784,46
54,98,0,7544,54
6,72,0,1824,6
76,20,0,8488,76
20,79,0,5189,20
82,9,1,11981,82
9,109,1,255,9
93,100,1,13678,93
31,100,1,538,31
60,59,0,9987,60
86,54,0,12464,86
77,113,0,11647,77
40,106,0,5946,40
68,85,0,11035,68
40,121,0,5961,40
17,121,0,2895,17
71,55,0,11151,71
11,119,0,995,11
81,144,0,11970,81
59,22,1,7760,59
77,74,0,11608,77
15,145,0,3211,15
92,83,1,13515,92
25,29,0,1197,25
11,68,0,944,11
70,18,1,9800,70
11,14,0,890,11
65,26,1,10246,65
46,129,0,6845,46
15,23,0,3089,15
36,126,0,4944,36
42,14,0,6584,42
77,45,0,11579,77
33,98,0,1412,33
63,72,0,7372,63
68,68,0,11018,68
44,144,0,7006,44
83,79,1,12927,83
65,107,0,10327,65
95,140,0,13864,95
33,38,0,1352,33
92,54,1,13486,92
36,15,0,4833,36
27,98,0,4770,27
95,100,1,13824,95
76,108,0,8576,76
31,133,0,571,31
11,115,0,991,11
25,107,0,1275,25
15,40,1,3106,15
95,22,1,13746,95
93,45,1,13623,93
27,69,0,4741,27
57,25,1,7909,57
22,77,0,4457,22
38,121,0,4355,38
11,21,0,897,11
15,5,1,3071,15
15,126,0,3192,15
28,35,1,3539,28
55,117,0,8877,55
53,49,0,10707,53
50,25,0,8639,50
84,5,1,12123,84
21,14,0,3226,21
49,34,0,6312,49
53,20,1,10678,53
12,91,0,3887,12
67,48,1,10560,67
93,74,0,13652,93
83,110,0,12958,83
80,9,0,11689,80
16,27,0,5283,16
69,52,0,8228,69
46,81,0,6797,46
33,60,0,1374,33
21,115,0,3327,21
75,50,0,8372,75
25,52,0,1220,25
53,52,0,10710,53
70,78,1,9860,70
33,6,0,1320,33
26,57,0,3415,26
75,138,0,8460,75
78,85,0,11473,78
8,93,0,823,8
60,116,0,10044,60
92,77,1,13509,92
31,145,0,583,31
86,81,0,12491,86
80,91,0,11771,80
70,93,1,9875,70
15,96,0,3162,15
49,56,0,6334,49
54,34,0,7480,54
91,72,0,13358,91
8,60,0,790,8
93,129,1,13707,93
80,55,0,11735,80
24,99,0,2435,24
39,95,0,3015,39
26,98,0,3456,26
87,121,0,13115,87
20,81,0,5191,20
12,135,0,3931,12
69,91,0,8267,69
73,144,0,7736,73
21,142,0,3354,21
49,61,0,6339,49
6,70,0,1822,6
6,49,0,1801,6
69,139,0,8315,69
27,85,0,4757,27
59,58,0,7796,59
33,8,1,1322,33
11,55,0,931,11
36,105,0,4923,36
71,47,1,11143,71
79,6,0,11248,79
24,102,0,2438,24
69,101,0,8277,69
81,138,0,11964,81
14,1,1,1023,14
16,102,0,5358,16
56,69,0,10873,56
40,77,0,5917,40
14,51,0,1073,14
50,112,0,8726,50
85,121,0,12823,85
40,26,0,5866,40
10,75,0,2703,10
53,33,0,10691,53
55,60,0,8820,55
77,122,0,11656,77
86,107,0,12517,86
21,47,0,3259,21
64,6,1,10080,64
73,18,0,7610,73
4,6,1,2050,4
78,8,1,11396,78
42,118,0,6688,42
61,118,0,10484,61
16,138,0,5394,16
26,120,0,3478,26
82,99,0,12071,82
71,19,0,11115,71
65,98,0,10318,65
40,5,1,5845,40
92,47,1,13479,92
74,109,0,9161,74
26,61,0,3419,26
49,13,0,6291,49
2,67,0,1527,2
68,104,0,11054,68
75,24,0,8346,75
55,118,0,8878,55
70,38,0,9820,70
86,96,0,12506,86
71,144,0,11240,71
21,129,0,3341,21
8,25,0,755,8
51,128,0,9326,51
16,133,0,5389,16
24,136,0,2472,24
14,13,1,1035,14
81,47,0,11873,81
12,103,0,3899,12
50,27,0,8641,50
13,68,0,4010,13
34,47,1,47,34
20,133,0,5243,20
60,65,0,9993,60
21,44,0,3256,21
69,95,0,8271,69
10,48,0,2676,10
8,139,0,869,8
34,80,1,80,34
89,33,0,12297,89
87,19,1,13013,87
8,58,0,788,8
21,102,0,3314,21
69,122,0,8298,69
93,32,1,13610,93
70,128,1,9910,70
93,23,1,13601,93
50,142,0,8756,50
84,27,0,12145,84
34,86,1,86,34
39,32,0,2952,39
53,121,0,10779,53
14,107,0,1129,14
12,52,1,3848,12
95,80,0,13804,95
33,122,0,1436,33
63,124,0,7424,63
8,45,0,775,8
10,115,0,2743,10
85,50,0,12752,85
67,28,0,10540,67
33,53,0,1367,33
75,95,0,8417,75
8,33,0,763,8
65,102,1,10322,65
78,119,1,11507,78
53,104,0,10762,53
45,141,0,7295,45
70,143,0,9925,70
63,79,0,7379,63
81,65,0,11891,81
75,126,0,8448,75
85,135,0,12837,85
50,141,0,8755,50
95,21,1,13745,95
38,124,0,4358,38
79,13,0,11255,79
86,117,0,12527,86
71,57,1,11153,71
27,15,1,4687,27
28,92,1,3596,28
14,6,1,1028,14
85,139,0,12841,85
25,25,0,1193,25
4,85,0,2129,4
59,5,1,7743,59
20,55,0,5165,20
46,106,0,6822,46
69,6,1,8182,69
80,67,0,11747,80
70,113,0,9895,70
64,126,0,10200,64
19,121,0,3771,19
8,50,0,780,8
60,85,0,10013,60
84,85,0,12203,84
19,99,1,3749,19
64,47,0,10121,64
65,132,0,10352,65
19,117,0,3767,19
42,56,0,6626,42
53,48,1,10706,53
63,119,0,7419,63
55,138,0,8898,55
21,38,0,3250,21
36,32,0,4850,36
19,68,1,3718,19
34,109,1,109,34
49,133,0,6411,49
21,74,0,3286,21
21,59,0,3271,21
46,138,0,6854,46
16,52,0,5308,16
54,76,0,7522,54
19,48,0,3698,19
45,86,0,7240,45
42,112,0,6682,42
27,2,1,4674,27
42,116,0,6686,42
67,101,0,10613,67
51,74,0,9272,51
85,17,0,12719,85
77,102,0,11636,77
50,32,0,8646,50
57,59,0,7943,57
6,113,0,1865,6
85,143,0,12845,85
79,103,0,11345,79
49,100,0,6378,49
57,104,0,7988,57
68,142,0,11092,68
76,77,0,8545,76
4,65,0,2109,4
10,32,0,2660,10
73,143,0,7735,73
76,92,0,8560,76
16,91,0,5347,16
82,0,1,11972,82
49,113,0,6391,49
12,58,0,3854,12
78,140,0,11528,78
86,51,1,12461,86
9,29,1,175,9
2,145,0,1605,2
93,72,1,13650,93
74,29,1,9081,74
76,79,0,8547,76
93,0,1,13578,93
26,126,0,3484,26
59,103,0,7841,59
83,51,0,12899,83
8,96,0,826,8
49,85,0,6363,49
33,96,0,1410,33
56,0,1,10804,56
84,48,0,12166,84
13,67,1,4009,13
64,0,1,10074,64
25,27,0,1195,25
10,76,0,2704,10
42,22,0,6592,42
69,22,0,8198,69
26,83,0,3441,26
70,21,1,9803,70
75,110,0,8432,75
68,143,0,11093,68
71,75,1,11171,71
75,30,0,8352,75
36,145,0,4963,36
6,13,1,1765,6
79,145,0,11387,79
85,29,0,12731,85
53,126,0,10784,53
45,133,0,7287,45
4,140,0,2184,4
60,54,1,9982,60
40,30,1,5870,40
49,138,0,6416,49
17,99,0,2873,17
64,56,0,10130,64
28,29,1,3533,28
86,106,0,12516,86
86,49,0,12459,86
95,23,0,13747,95
87,116,0,13110,87
15,80,0,3146,15
4,45,0,2089,4
13,58,0,4000,13
36,25,0,4843,36
27,70,0,4742,27
27,113,0,4785,27
75,121,0,8443,75
71,18,1,11114,71
6,144,0,1896,6
46,136,0,6852,46
25,83,0,1251,25
83,75,0,12923,83
75,74,0,8396,75
40,135,0,5975,40
87,90,1,13084,87
85,104,0,12806,85
2,78,0,1538,2
38,145,0,4379,38
87,2,1,12996,87
74,115,0,9167,74
11,59,0,935,11
2,32,0,1492,2
9,78,1,224,9
67,45,1,10557,67
87,26,0,13020,87
74,78,1,9130,74
12,65,0,3861,12
44,8,0,6870,44
53,100,0,10758,53
44,40,0,6902,44
84,65,0,12183,84
86,129,0,12539,86
28,21,1,3525,28
95,118,1,13842,95
51,133,0,9331,51
83,0,1,12848,83
49,122,0,6400,49
71,139,0,11235,71
64,74,1,10148,64
25,123,0,1291,25
61,1,1,10367,61
61,102,0,10468,61
16,132,0,5388,16
9,15,0,161,9
83,13,1,12861,83
89,90,0,12354,89
36,75,0,4893,36
85,44,0,12746,85
24,6,1,2342,24
13,61,0,4003,13
76,76,0,8544,76
53,38,1,10696,53
91,102,0,13388,91
56,28,1,10832,56
61,15,1,10381,61
31,1,1,439,31
91,21,0,13307,91
51,45,0,9243,51
11,47,0,923,11
69,138,0,8314,69
36,110,0,4928,36
91,61,1,13347,91
54,8,0,7454,54
10,110,0,2738,10
4,78,1,2122,4
69,108,0,8284,69
27,27,1,4699,27
57,113,0,7997,57
13,1,1,3943,13
39,49,0,2969,39
26,27,0,3385,26
21,21,0,3233,21
67,58,0,10570,67
68,65,0,11015,68
34,32,1,32,34
39,72,0,2992,39
87,81,0,13075,87
24,44,0,2380,24
20,15,1,5125,20
68,18,1,10968,68
91,115,0,13401,91
54,20,0,7466,54
46,5,0,6721,46
27,79,0,4751,27
15,69,0,3135,15
82,57,0,12029,82
22,8,1,4388,22
4,17,1,2061,4
17,81,0,2855,17
84,109,0,12227,84
69,102,0,8278,69
17,90,0,2864,17
59,143,0,7881,59
13,18,1,3960,13
33,124,0,1438,33
19,80,1,3730,19
64,15,1,10089,64
38,13,1,4247,38
9,106,1,252,9
74,33,1,9085,74
45,20,0,7174,45
42,61,0,6631,42
39,59,1,2979,39
34,53,1,53,34
56,92,0,10896,56
28,80,1,3584,28
53,67,0,10725,53
92,49,1,13481,92
63,32,0,7332,63
44,75,0,6937,44
4,105,0,2149,4
53,90,0,10748,53
89,6,1,12270,89
54,104,0,7550,54
38,67,0,4301,38
77,143,0,11677,77
25,110,0,1278,25
70,77,0,9859,70
76,104,0,8572,76
92,35,1,13467,92
67,107,0,10619,67
82,142,0,12114,82
11,101,0,977,11
8,100,0,830,8
33,140,0,1454,33
19,98,1,3748,19
70,86,0,9868,70
60,40,0,9968,60
80,22,0,11702,80
17,55,1,2829,17
64,90,0,10164,64
6,34,0,1786,6
50,110,0,8724,50
38,55,0,4289,38
10,105,0,2733,10
49,80,0,6358,49
83,119,0,12967,83
34,120,1,120,34
31,8,1,446,31
2,139,0,1599,2
87,118,0,13112,87
28,15,0,3519,28
8,61,0,791,8
20,105,0,5215,20
12,143,0,3939,12
60,70,1,9998,60
20,27,0,5137,20
73,80,0,7672,73
2,100,0,1560,2
76,67,0,8535,76
46,101,0,6817,46
87,143,0,13137,87
15,18,1,3084,15
87,95,0,13089,87
78,123,1,11511,78
36,67,0,4885,36
12,126,0,3922,12
61,45,0,10411,61
89,93,0,12357,89
86,116,0,12526,86
50,79,0,8693,50
13,100,0,4042,13
38,77,0,4311,38
86,34,0,12444,86
81,38,0,11864,81
9,45,1,191,9
24,74,0,2410,24
78,1,1,11389,78
22,34,0,4414,22
83,38,0,12886,83
28,33,0,3537,28
31,124,0,562,31
54,126,0,7572,54
78,0,1,11388,78
8,8,1,738,8
46,1,1,6717,46
4,75,0,2119,4
26,85,0,3443,26
73,128,0,7720,73
49,92,0,6370,49
65,133,0,10353,65
13,98,1,4040,13
36,0,0,4818,36
55,140,0,8900,55
24,110,0,2446,24
25,139,0,1307,25
10,113,0,2741,10
36,19,0,4837,36
64,98,0,10172,64
56,17,1,10821,56
39,105,0,3025,39
10,109,0,2737,10
36,120,0,4938,36
51,107,0,9305,51
24,8,1,2344,24
24,34,0,2370,24
63,51,0,7351,63
56,48,0,10852,56
50,69,0,8683,50
81,122,0,11948,81
38,117,0,4351,38
69,74,0,8250,69
31,51,1,489,31
2,124,0,1584,2
45,47,1,7201,45
89,44,0,12308,89
13,141,0,4083,13
8,108,0,838,8
71,56,1,11152,71
86,48,0,12458,86
82,22,0,11994,82
45,33,0,7187,45
20,34,0,5144,20
45,144,0,7298,45
85,49,0,12751,85
64,108,0,10182,64
77,90,0,11624,77
2,141,0,1601,2
9,102,1,248,9
49,29,0,6307,49
38,60,1,4294,38
2,49,0,1509,2
10,47,0,2675,10
76,40,0,8508,76
64,119,0,10193,64
87,138,0,13132,87
59,24,1,7762,59
16,24,0,5280,16
61,52,0,10418,61
53,75,1,10733,53
84,19,0,12137,84
67,110,0,10622,67
86,50,0,12460,86
70,9,1,9791,70
56,108,0,10912,56
53,56,0,10714,53
13,30,1,3972,13
21,91,0,3303,21
46,57,0,6773,46
78,106,1,11494,78
56,99,0,10903,56
60,126,0,10054,60
70,17,1,9799,70
25,128,0,1296,25
15,14,0,3080,15
24,79,0,2415,24
34,123,1,123,34
22,136,0,4516,22
17,27,1,2801,17
56,30,1,10834,56
6,27,0,1779,6
92,119,1,13551,92
56,53,0,10857,56
45,92,0,7246,45
2,54,0,1514,2
60,14,1,9942,60
13,24,0,3966,13
24,50,0,2386,24
9,70,1,216,9
71,59,0,11155,71
19,49,1,3699,19
2,93,0,1553,2
40,1,1,5841,40
68,110,0,11060,68
45,76,0,7230,45
86,109,0,12519,86
36,27,0,4845,36
71,126,0,11222,71
24,103,0,2439,24
69,77,0,8253,69
86,139,0,12549,86
17,72,0,2846,17
10,92,0,2720,10
89,80,0,12344,89
79,48,0,11290,79
26,23,0,3381,26
77,51,0,11585,77
65,14,1,10234,65
27,0,1,4672,27
55,95,1,8855,55
80,23,0,11703,80
82,86,0,12058,82
39,103,0,3023,39
80,40,0,11720,80
44,109,0,6971,44
44,76,0,6938,44
78,136,0,11524,78
8,72,0,802,8
13,102,0,4044,13
44,27,0,6889,44
81,30,0,11856,81
59,6,1,7744,59
25,33,0,1201,25
33,14,1,1328,33
14,139,0,1161,14
45,49,1,7203,45
56,20,1,10824,56
83,100,0,12948,83
89,53,0,12317,89
9,34,1,180,9
50,138,0,8752,50
85,100,0,12802,85
76,0,1,8468,76
76,5,1,8473,76
2,8,0,1468,2
12,92,1,3888,12
9,96,1,242,9
51,116,0,9314,51
12,55,0,3851,12
20,141,0,5251,20
34,6,1,6,34
36,116,0,4934,36
31,90,1,528,31
11,75,0,951,11
14,5,1,1027,14
74,65,1,9117,74
81,51,0,11877,81
83,40,1,12888,83
10,35,0,2663,10
92,103,1,13535,92
56,81,0,10885,56
63,107,0,7407,63
70,118,0,9900,70
68,115,0,11065,68
46,116,0,6832,46
73,54,0,7646,73
51,145,0,9343,51
8,78,0,808,8
16,81,0,5337,16
60,140,0,10068,60
55,35,0,8795,55
24,140,0,2476,24
59,99,0,7837,59
84,91,0,12209,84
25,17,1,1185,25
76,61,0,8529,76
92,34,1,13466,92
17,139,0,2913,17
64,91,0,10165,64
40,17,1,5857,40
39,6,1,2926,39
39,14,0,2934,39
21,144,0,3356,21
93,35,0,13613,93
81,115,0,11941,81
67,15,1,10527,67
25,78,0,1246,25
61,24,1,10390,61
17,23,0,2797,17
87,126,0,13120,87
45,129,0,7283,45
36,52,0,4870,36
95,49,0,13773,95
84,100,0,12218,84
14,27,0,1049,14
2,117,0,1577,2
84,135,0,12253,84
71,140,0,11236,71
39,136,0,3056,39
40,120,0,5960,40
81,18,0,11844,81
49,54,0,6332,49
10,24,0,2652,10
16,38,0,5294,16
8,104,0,834,8
59,70,0,7808,59
92,14,1,13446,92
44,56,0,6918,44
38,86,0,4320,38
92,32,1,13464,92
6,9,1,1761,6
8,143,0,873,8
87,28,1,13022,87
44,74,0,6936,44
65,144,0,10364,65
86,72,0,12482,86
74,68,1,9120,74
46,83,0,6799,46
2,2,0,1462,2
67,6,1,10518,67
95,106,0,13830,95
81,60,0,11886,81
50,34,0,8648,50
78,138,0,11526,78
78,56,1,11444,78
13,25,1,3967,13
76,124,0,8592,76
80,26,0,11706,80
59,33,0,7771,59
45,26,1,7180,45
24,25,0,2361,24
82,44,0,12016,82
45,8,1,7162,45
78,76,1,11464,78
25,22,0,1190,25
4,112,0,2156,4
38,74,1,4308,38
25,101,0,1269,25
15,142,0,3208,15
61,33,1,10399,61
73,96,0,7688,73
28,22,1,3526,28
76,53,0,8521,76
45,67,1,7221,45
4,92,0,2136,4
85,98,0,12800,85
24,40,0,2376,24
60,53,0,9981,60
10,61,0,2689,10
63,70,0,7370,63
63,115,0,7415,63
71,110,0,11206,71
67,102,0,10614,67
70,45,1,9827,70
77,116,0,11650,77
95,85,0,13809,95
12,20,1,3816,12
79,90,0,11332,79
78,19,0,11407,78
14,98,0,1120,14
78,143,0,11531,78
9,90,1,236,9
80,77,0,11757,80
61,76,0,10442,61
54,100,0,7546,54
4,28,1,2072,4
9,68,1,214,9
56,139,0,10943,56
83,53,1,12901,83
11,57,0,933,11
89,57,0,12321,89
12,85,1,3881,12
4,144,0,2188,4
64,122,0,10196,64
16,74,0,5330,16
91,67,0,13353,91
27,21,0,4693,27
38,20,1,4254,38
91,140,0,13426,91
77,129,0,11663,77
45,28,1,7182,45
75,49,0,8371,75
87,17,1,13011,87
31,77,1,515,31
28,139,0,3643,28
4,95,0,2139,4
44,6,0,6868,44
74,2,1,9054,74
33,78,0,1392,33
59,129,0,7867,59
9,81,1,227,9
9,136,0,282,9
69,99,0,8275,69
14,54,0,1076,14
56,50,1,10854,56
59,72,0,7810,59
13,20,1,3962,13
81,90,0,11916,81
67,139,0,10651,67
17,118,0,2892,17
25,96,0,1264,25
22,57,0,4437,22
86,104,0,12514,86
63,13,0,7313,63
45,139,0,7293,45
14,112,0,1134,14
60,19,1,9947,60
2,126,0,1586,2
42,98,0,6668,42
38,5,1,4239,38
34,132,1,132,34
78,86,1,11474,78
84,129,0,12247,84
36,13,1,4831,36
60,34,0,9962,60
67,69,0,10581,67
82,29,0,12001,82
95,45,1,13769,95
91,123,0,13409,91
12,128,0,3924,12
91,122,0,13408,91
76,78,0,8546,76
24,57,0,2393,24
14,96,0,1118,14
93,34,1,13612,93
49,22,0,6300,49
49,141,0,6419,49
38,58,0,4292,38
64,142,0,10216,64
36,35,0,4853,36
56,13,1,10817,56
78,49,0,11437,78
59,75,0,7813,59
95,8,0,13732,95
95,32,1,13756,95
25,129,0,1297,25
64,17,1,10091,64
28,47,1,3551,28
80,6,0,11686,80
71,132,0,11228,71
79,112,0,11354,79
6,108,0,1860,6
65,75,0,10295,65
63,47,0,7347,63
2,128,0,1588,2
78,15,0,11403,78
31,96,1,534,31
76,99,0,8567,76
80,60,0,11740,80
67,50,1,10562,67
36,112,0,4930,36
71,0,1,11096,71
39,22,0,2942,39
75,105,0,8427,75
25,98,0,1266,25
42,44,0,6614,42
59,102,0,7840,59
21,126,0,3338,21
13,50,0,3992,13
86,68,0,12478,86
38,101,0,4335,38
63,26,0,7326,63
39,144,0,3064,39
36,1,0,4819,36
60,145,0,10073,60
93,26,1,13604,93
63,19,0,7319,63
45,18,1,7172,45
89,65,0,12329,89
16,13,0,5269,16
91,58,0,13344,91
6,119,0,1871,6
12,75,1,3871,12
83,121,0,12969,83
21,52,0,3264,21
16,35,0,5291,16
10,132,0,2760,10
51,51,0,9249,51
4,30,0,2074,4
9,50,1,196,9
73,52,0,7644,73
71,68,0,11164,71
44,91,0,6953,44
84,98,0,12216,84
36,53,0,4871,36
93,138,0,13716,93
31,33,1,471,31
21,81,0,3293,21
49,69,0,6347,49
89,24,0,12288,89
67,33,0,10545,67
51,69,0,9267,51
76,22,0,8490,76
33,93,0,1407,33
81,77,0,11903,81
60,98,0,10026,60
53,25,1,10683,53
38,26,0,4260,38
60,107,0,10035,60
22,50,0,4430,22
51,110,0,9308,51
95,75,0,13799,95
80,45,0,11725,80
87,15,1,13009,87
11,135,0,1011,11
27,81,0,4753,27
85,27,0,12729,85
6,78,0,1830,6
74,1,1,9053,74
22,5,1,4385,22
38,112,0,4346,38
65,53,1,10273,65
79,129,0,11371,79
83,141,0,12989,83
86,60,0,12470,86
50,105,0,8719,50
42,67,0,6637,42
20,136,0,5246,20
8,110,0,840,8
73,79,0,7671,73
38,92,0,4326,38
57,69,0,7953,57
81,68,0,11894,81
56,40,1,10844,56
53,74,0,10732,53
14,95,0,1117,14
87,86,0,13080,87
86,92,0,12502,86
24,83,0,2419,24
84,15,0,12133,84
84,96,0,12214,84
65,15,0,10235,65
61,144,0,10510,61
91,32,0,13318,91
86,32,0,12442,86
56,124,0,10928,56
82,69,0,12041,82
80,33,0,11713,80
22,83,0,4463,22
95,74,0,13798,95
69,76,0,8252,69
67,143,0,10655,67
54,19,0,7465,54
26,6,0,3364,26
40,80,0,5920,40
75,8,0,8330,75
55,141,0,8901,55
26,132,0,3490,26
50,48,0,8662,50
53,19,1,10677,53
71,122,0,11218,71
34,128,1,128,34
11,120,0,996,11
91,30,1,13316,91
49,38,0,6316,49
50,26,0,8640,50
