Substrate Index,Enzyme Index,Label,Dock Index,positive_reactions
19,94,0,15543,19
142,161,0,26705,142
10,88,0,14550,10
12,193,0,31846,12
118,163,0,27008,118
15,86,0,14202,15
112,151,0,25023,112
10,26,0,4320,10
117,51,0,8536,117
103,163,0,27012,103
85,149,0,24673,85
52,1,0,216,52
78,186,0,30768,78
53,71,0,11767,53
57,212,0,35054,57
64,173,1,28608,64
157,166,1,27545,157
80,167,0,27635,80
133,184,1,30499,133
91,39,1,6526,91
31,193,0,31864,31
144,20,0,3445,144
152,119,0,19785,152
149,130,0,21597,149
75,36,0,6007,75
136,163,0,27027,136
3,215,1,35485,3
104,19,0,3235,104
36,59,0,9758,36
140,198,0,32811,140
96,97,1,16104,96
84,9,0,1571,84
74,157,0,25982,74
16,200,0,33022,16
159,216,0,35799,159
8,159,0,26239,8
110,156,1,25859,110
129,179,0,29663,129
125,205,1,33952,125
99,98,1,16268,99
28,19,0,3169,28
105,92,0,15296,105
96,36,0,6039,96
22,9,1,1488,22
101,92,0,15286,101
84,19,0,3221,84
115,192,0,31784,115
42,44,0,7300,42
10,177,0,29235,10
162,15,0,2638,162
30,116,0,19167,30
125,172,0,28507,125
6,4,0,676,6
150,137,1,22761,150
19,24,0,3993,19
98,184,1,30457,98
37,108,0,17841,37
75,98,0,16237,75
91,17,0,2896,91
153,159,0,26387,153
131,136,1,22571,131
46,113,0,18688,46
54,198,1,32723,54
49,128,0,21161,49
159,33,0,5604,159
152,52,0,8730,152
10,132,0,21810,10
152,176,0,29190,152
74,202,1,33407,74
63,143,0,23670,63
145,142,0,23576,145
153,33,0,5597,153
52,142,0,23481,52
75,14,0,2377,75
104,159,0,26335,104
77,39,0,6489,77
83,56,1,9321,83
7,70,0,11550,7
7,193,0,31845,7
129,115,0,19103,129
31,124,0,20479,31
80,129,0,21365,80
153,105,0,17477,153
28,48,0,7954,28
101,165,0,27331,101
105,208,0,34436,105
6,137,0,22621,6
139,125,0,20763,139
136,91,0,15147,136
81,146,0,24173,81
4,142,0,23438,4
77,19,0,3189,77
53,7,0,1207,53
4,32,0,5288,4
9,27,0,4479,9
4,202,1,33338,4
124,33,0,5567,124
144,204,0,33805,144
157,191,0,31670,157
115,94,0,15614,115
52,50,0,8301,52
108,102,0,16940,108
130,167,0,27685,130
157,90,0,15005,157
19,120,0,19833,19
24,122,0,20167,24
73,26,1,4359,73
113,43,0,7196,113
63,202,0,33405,63
153,125,0,20777,153
16,136,0,22462,16
31,192,0,31699,31
117,173,0,28666,117
83,207,0,34236,83
21,193,1,31865,21
114,26,0,4397,114
140,63,0,10536,140
164,178,0,29531,164
103,80,0,13317,103
99,11,0,1913,99
131,72,0,12011,131
158,41,0,6923,158
46,181,0,29908,46
38,99,0,16364,38
81,177,0,29288,81
151,193,0,31999,151
46,213,0,35188,46
110,87,0,14474,110
9,162,0,26754,9
40,212,1,35025,40
57,7,0,1229,57
34,161,0,26578,34
3,4,0,670,3
110,51,0,8534,110
149,162,0,26877,149
7,124,0,20460,7
113,17,0,2906,113
14,3,0,497,14
120,37,0,6223,120
52,99,0,16386,52
4,25,0,4133,4
7,3,0,495,7
34,204,0,33673,34
8,7,0,1159,8
144,29,0,4930,144
124,49,0,8207,124
31,4,0,679,31
92,75,0,12467,92
84,174,1,28796,84
52,53,0,8796,52
3,119,0,19645,3
105,43,0,7211,105
44,161,0,26609,44
25,41,0,6801,25
28,177,0,29239,28
85,79,0,13123,85
135,51,0,8548,135
76,54,0,8974,76
17,195,1,32193,17
76,84,1,13924,76
42,20,0,3340,42
57,108,0,17894,57
113,157,0,26006,113
83,28,1,4701,83
105,29,0,4901,105
84,41,0,6851,84
46,154,0,25453,46
110,43,0,7214,110
10,58,0,9600,10
27,80,1,13235,27
27,192,0,31715,27
62,50,0,8323,62
75,125,0,20692,75
36,115,0,18998,36
34,101,0,16678,34
130,46,0,7720,130
138,151,0,25051,138
33,201,0,33191,33
120,19,1,3253,120
84,29,0,4871,84
49,143,0,23636,49
62,161,0,26638,62
84,45,0,7511,84
51,130,0,21500,51
87,59,0,9822,87
153,87,0,14507,153
81,35,1,5858,81
108,176,0,29150,108
68,205,0,33893,68
119,173,0,28650,119
46,116,0,19183,46
29,5,0,840,29
32,41,0,6797,32
97,185,1,30621,97
21,199,1,32855,21
51,14,0,2360,51
105,146,0,24206,105
62,34,0,5683,62
110,118,1,19589,110
125,49,0,8212,125
148,15,0,2624,148
147,201,0,33313,147
31,151,0,24934,31
141,90,0,14992,141
7,42,0,6930,7
103,118,1,19587,103
138,40,1,6736,138
91,94,0,15601,91
31,84,1,13879,31
118,32,0,5393,118
46,15,0,2518,46
53,48,0,7972,53
53,187,1,30907,53
162,201,0,33328,162
37,201,0,33186,37
110,125,1,20744,110
10,80,1,13230,10
21,179,0,29555,21
114,151,0,25022,114
46,122,0,20173,46
128,102,0,16956,128
162,68,0,11383,162
105,128,0,21236,105
84,99,0,16421,84
28,137,0,22639,28
139,25,1,4263,139
141,167,0,27697,141
9,35,0,5799,9
80,42,0,7010,80
139,42,0,7068,139
113,178,0,29471,113
64,3,1,558,64
83,89,0,14766,83
99,201,0,33263,99
141,186,0,30832,141
151,75,1,12529,151
32,145,1,23957,32
31,163,0,26914,31
46,177,0,29248,46
37,174,0,28731,37
14,164,0,27062,14
6,175,1,28891,6
108,126,0,20900,108
3,90,1,14860,3
40,96,0,15885,40
51,115,0,19025,51
136,29,0,4917,136
84,51,0,8501,84
97,142,0,23526,97
88,113,0,18730,88
28,1,1,199,28
118,54,0,9023,118
119,186,0,30795,119
91,85,0,14116,91
141,122,0,20272,141
33,52,0,8606,33
156,167,0,27708,156
141,89,0,14827,141
44,154,0,25454,44
7,105,0,17325,7
78,7,0,1233,78
85,46,0,7678,85
113,161,0,26666,113
87,211,1,34902,87
115,148,0,24524,115
5,143,0,23623,5
142,53,0,8885,142
20,53,1,8752,20
52,176,0,29091,52
133,9,0,1624,133
0,94,0,15527,0
42,18,0,3010,42
131,176,0,29171,131
130,151,0,25045,130
117,159,0,26356,117
84,44,0,7346,84
127,63,0,10520,127
129,4,0,788,129
28,118,0,19504,28
47,204,0,33709,47
84,68,0,11306,84
14,89,0,14687,14
163,94,0,15672,163
142,35,1,5915,142
87,162,0,26817,87
73,79,0,13104,73
91,50,0,8341,91
9,17,0,2829,9
20,128,0,21127,20
119,101,1,16770,119
142,177,0,29345,142
88,173,0,28630,88
137,212,1,35117,137
88,58,0,9655,88
127,130,0,21575,127
103,39,1,6552,103
83,15,0,2556,83
159,13,0,2304,159
141,148,0,24562,141
64,187,1,30918,64
163,24,0,4122,163
157,118,0,19625,157
86,17,0,2887,86
104,29,0,4885,104
152,212,0,35130,152
103,205,1,33942,103
138,68,0,11356,138
123,70,0,11674,123
79,208,0,34399,79
28,176,0,29074,28
98,213,0,35242,98
120,120,0,19918,120
157,147,1,24410,157
0,47,0,7772,0
118,34,0,5723,118
20,74,0,12217,20
9,185,0,30549,9
101,216,0,35746,101
145,178,0,29516,145
151,72,0,12034,151
20,11,0,1822,20
40,28,0,4665,40
98,66,1,10987,98
110,56,0,9359,110
7,35,1,5775,7
162,213,0,35308,162
52,156,0,25791,52
101,72,0,11986,101
47,25,1,4174,47
74,96,0,15917,74
99,197,0,32603,99
25,177,0,29241,25
123,59,0,9859,123
144,115,0,19120,144
57,52,0,8654,57
20,211,1,34822,20
156,165,0,27378,156
51,5,0,875,51
118,170,1,28163,118
78,15,0,2553,78
84,184,1,30446,84
17,35,0,5793,17
156,87,0,14508,156
117,8,0,1441,117
113,119,0,19736,113
33,130,0,21476,33
107,191,0,31624,107
3,39,0,6445,3
26,28,0,4629,26
73,199,0,32904,73
81,91,0,15098,81
106,100,0,16603,106
163,136,0,22602,163
83,156,0,25821,83
28,64,0,10594,28
137,149,0,24722,137
163,40,0,6762,163
83,52,0,8661,83
7,108,0,17820,7
128,22,0,3756,128
87,83,0,13782,87
36,119,0,19658,36
123,26,0,4414,123
107,46,0,7699,107
85,29,0,4873,85
53,85,1,14077,53
30,213,0,35172,30
4,215,1,35483,4
92,68,0,11312,92
164,32,0,5441,164
51,65,0,10775,51
127,103,0,17120,127
151,163,0,27049,151
139,120,0,19938,139
31,189,0,31204,31
148,53,0,8894,148
10,35,1,5805,10
9,172,0,28404,9
113,211,0,34916,113
16,163,0,26917,16
64,174,1,28773,64
20,26,0,4297,20
117,207,0,34276,117
110,84,1,13979,110
17,149,0,24603,17
151,157,0,26059,151
52,49,0,8136,52
163,157,0,26067,163
84,150,0,24836,84
25,186,0,30726,25
80,66,0,10970,80
63,197,0,32580,63
108,35,1,5885,108
157,165,0,27380,157
40,37,0,6150,40
29,85,0,14040,29
6,117,0,19321,6
38,126,0,20819,38
49,9,0,1526,49
105,178,0,29486,105
1,65,1,10736,1
84,129,1,21371,84
22,125,1,20628,22
42,43,0,7135,42
29,176,0,29055,29
36,104,0,17183,36
164,54,0,9071,164
139,98,0,16308,139
117,7,0,1276,117
5,59,0,9763,5
1,62,0,10241,1
80,192,0,31760,80
148,26,0,4439,148
131,118,1,19601,131
80,213,0,35225,80
32,213,0,35177,32
148,91,0,15164,148
73,113,0,18714,73
77,63,0,10449,77
129,124,1,20588,129
78,29,1,4863,78
48,130,0,21497,48
53,1,0,217,53
78,137,1,22683,78
124,205,1,33947,124
68,186,0,30758,68
145,26,0,4436,145
46,66,1,10933,46
13,177,0,29244,13
64,190,0,31413,64
101,143,0,23701,101
8,90,0,14854,8
136,46,0,7722,136
10,149,0,24615,10
36,207,0,34178,36
103,11,0,1932,103
164,79,0,13196,164
87,96,0,15927,87
44,54,0,8954,44
135,161,0,26698,135
162,199,1,32998,162
110,103,1,17114,110
145,132,0,21926,145
33,41,0,6791,33
31,80,0,13219,31
13,201,0,33204,13
162,5,0,988,162
103,96,0,15957,103
84,89,1,14771,84
98,64,0,10657,98
112,195,0,32283,112
37,24,0,3981,37
115,120,0,19904,115
107,39,0,6544,107
86,138,0,22852,86
5,15,0,2503,5
44,71,0,11759,44
5,212,0,35008,5
125,22,0,3757,125
74,184,1,30437,74
57,78,0,12944,57
98,50,0,8347,98
145,184,1,30506,145
1,163,0,26906,1
48,43,0,7142,48
128,118,0,19596,128
162,212,0,35143,162
22,113,1,18648,22
78,27,0,4533,78
91,100,0,16591,91
77,27,0,4509,77
110,52,0,8699,110
7,185,0,30525,7
54,138,0,22823,54
52,91,0,15066,52
57,96,0,15914,57
41,178,0,29416,41
28,167,0,27589,28
123,96,0,15964,123
19,92,0,15213,19
75,83,0,13762,75
106,166,0,27493,106
13,8,0,1359,13
33,157,0,25931,33
1,129,0,21296,1
41,163,0,26941,41
87,117,0,19392,87
147,100,0,16648,147
125,162,0,26857,125
44,1,0,209,44
91,215,1,35566,91
84,86,0,14276,84
118,215,1,35588,118
150,185,0,30681,150
68,163,0,26963,68
57,192,0,31754,57
153,71,0,11867,153
63,181,0,29940,63
62,68,0,11293,62
62,24,0,4033,62
33,154,0,25436,33
164,167,0,27716,164
47,184,1,30409,47
104,170,1,28150,104
1,49,0,8096,1
70,89,1,14755,70
131,15,0,2606,131
110,32,0,5399,110
10,15,0,2505,10
96,147,0,24354,96
3,101,1,16675,3
162,146,0,24253,162
62,156,0,25813,62
73,13,0,2214,73
159,159,0,26394,159
83,9,0,1566,83
57,16,0,2714,57
70,151,0,24985,70
73,137,1,22674,73
137,187,1,30992,137
62,175,0,28948,62
101,81,0,13471,101
75,80,0,13267,75
13,79,0,13074,13
64,216,0,35703,64
119,51,0,8520,119
104,146,0,24190,104
1,108,0,17831,1
88,17,0,2890,88
6,64,0,10576,6
148,213,0,35294,148
159,123,0,20454,159
29,162,0,26745,29
48,159,0,26282,48
137,104,0,17297,137
25,3,0,531,25
76,91,0,15079,76
119,211,1,34920,119
148,115,0,19124,148
13,195,0,32214,13
6,22,0,3646,6
81,138,0,22853,81
73,104,0,17229,73
141,178,0,29512,141
110,202,0,33449,110
44,132,0,21824,44
107,85,0,14134,107
86,86,0,14272,86
120,174,1,28828,120
52,9,0,1536,52
141,163,0,27037,141
5,103,0,17023,5
27,143,0,23630,27
20,58,0,9577,20
110,170,1,28169,110
3,5,0,835,3
54,174,1,28763,54
127,53,0,8870,127
147,39,0,6583,147
135,89,1,14818,135
6,58,0,9586,6
54,216,0,35693,54
49,176,0,29081,49
37,125,0,20646,37
44,137,1,22649,44
34,70,0,11563,34
113,70,0,11651,113
85,24,0,4048,85
101,45,0,7531,101
6,125,0,20641,6
57,104,0,17234,57
53,170,0,28102,53
15,34,0,5622,15
75,167,0,27622,75
136,19,0,3267,136
130,189,0,31315,130
8,101,0,16669,8
14,22,0,3632,14
121,175,1,28995,121
54,149,0,24638,54
101,33,0,5551,101
8,161,0,26569,8
14,94,0,15512,14
110,211,1,34934,110
34,108,0,17833,34
37,4,1,681,37
120,176,0,29158,120
152,115,0,19125,152
0,92,0,15197,0
147,147,0,24403,147
26,82,0,13539,26
73,170,1,28119,73
62,173,0,28618,62
47,16,0,2689,47
147,88,0,14668,147
40,72,0,11925,40
144,78,0,13015,144
148,116,0,19289,148
114,19,0,3242,114
37,1,0,186,37
8,9,0,1489,8
25,124,0,20496,25
148,128,0,21269,148
96,78,0,12969,96
138,105,1,17461,138
145,185,0,30671,145
62,157,0,25978,62
1,118,0,19481,1
97,71,0,11811,97
135,172,0,28513,135
80,161,0,26645,80
48,132,0,21827,48
44,70,0,11594,44
104,75,1,12475,104
29,157,0,25920,29
84,205,1,33911,84
74,94,0,15587,74
128,212,0,35106,128
33,151,0,24941,33
136,189,0,31317,136
28,58,0,9604,28
27,191,0,31550,27
26,45,0,7434,26
44,62,0,10274,44
3,151,0,24925,3
8,82,0,13534,8
164,189,1,31346,164
7,45,0,7425,7
12,100,0,16501,12
97,39,0,6531,97
70,185,0,30595,70
76,130,0,21514,76
138,74,0,12346,138
24,145,0,23962,24
99,56,0,9338,99
54,150,0,24803,54
9,64,0,10584,9
83,174,1,28791,83
163,51,0,8577,163
37,159,1,26256,37
51,174,1,28760,51
5,146,0,24118,5
92,72,0,11972,92
4,200,0,33008,4
88,216,0,35725,88
36,41,0,6788,36
10,68,0,11250,10
127,143,0,23720,127
25,18,0,3006,25
145,79,0,13181,145
52,163,0,26946,52
162,74,0,12373,162
101,34,0,5716,101
49,156,0,25781,49
138,163,0,27031,138
16,42,0,6952,16
26,17,0,2814,26
135,201,1,33298,135
27,198,1,32705,27
79,179,0,29614,79
112,186,0,30798,112
31,36,0,5959,31
125,17,0,2932,125
49,119,0,19676,49
16,62,0,10252,16
115,211,0,34919,115
153,4,0,812,153
163,128,1,21282,163
113,173,0,28646,113
163,184,0,30522,163
113,205,0,33926,113
73,191,0,31584,73
42,48,0,7960,42
46,88,0,14563,46
36,186,0,30713,36
125,81,0,13492,125
133,150,0,24889,133
133,126,0,20929,133
68,80,0,13268,68
57,72,0,11954,57
62,185,1,30598,62
22,170,0,28053,22
83,96,0,15921,83
153,120,0,19952,153
27,14,1,2345,27
158,132,0,21938,158
62,82,0,13603,62
7,123,0,20295,7
28,47,1,7789,28
99,147,0,24353,99
139,81,0,13503,139
124,140,1,23222,124
0,17,0,2822,0
112,143,0,23703,112
27,1,0,200,27
48,1,0,212,48
148,87,0,14504,148
96,150,1,24849,96
76,14,0,2374,76
15,100,0,16512,15
152,24,0,4110,152
36,125,0,20648,36
99,184,0,30458,99
57,35,0,5849,57
74,75,0,12452,74
164,162,0,26891,164
63,145,0,24000,63
140,18,0,3111,140
13,74,0,12249,13
1,165,1,27236,1
113,86,0,14291,113
125,128,1,21247,125
164,165,1,27386,164
78,17,0,2883,78
141,125,0,20767,141
156,100,0,16653,156
83,71,1,11796,83
88,97,0,16090,88
44,32,0,5324,44
1,187,0,30866,1
121,29,0,4905,121
8,32,0,5284,8
92,51,0,8507,92
70,174,1,28780,70
159,165,0,27384,159
114,128,0,21227,114
32,115,0,19007,32
28,54,0,8944,28
3,128,1,21130,3
110,68,0,11339,110
104,212,1,35080,104
159,132,0,21939,159
52,193,1,31896,52
123,42,0,7054,123
30,98,0,16197,30
88,204,0,33745,88
7,5,0,825,7
153,157,0,26057,153
46,44,0,7303,46
150,54,0,9066,150
64,156,1,25803,64
163,5,0,987,163
119,27,0,4560,119
118,14,0,2423,118
91,70,0,11641,91
119,44,0,7365,119
46,205,1,33868,46
42,72,0,11920,42
141,198,0,32812,141
124,117,0,19427,124
83,54,0,8991,83
31,27,1,4474,31
141,42,0,7072,141
75,93,0,15412,75
153,176,0,29192,153
3,173,0,28555,3
115,43,0,7199,115
47,52,0,8629,47
25,78,0,12906,25
142,208,1,34460,142
83,143,0,23676,83
144,85,0,14170,144
63,85,0,14100,63
26,59,0,9744,26
45,213,0,35187,45
68,29,0,4853,68
96,187,0,30954,96
119,39,1,6540,119
131,150,0,24881,131
164,202,0,33491,164
133,43,0,7234,133
148,119,0,19784,148
64,179,0,29598,64
92,7,0,1247,92
46,164,1,27103,46
37,177,0,29226,37
139,156,1,25878,139
108,162,0,26840,108
10,159,0,26265,10
85,78,0,12958,85
84,202,0,33416,84
107,213,0,35254,107
68,154,0,25478,68
49,20,0,3341,49
106,154,0,25513,106
139,13,0,2283,139
87,167,0,27642,87
97,52,0,8676,97
57,198,0,32744,57
152,17,0,2955,152
123,118,0,19594,123
70,143,0,23665,70
162,27,0,4618,162
156,108,0,17973,156
152,48,0,8070,152
0,122,0,20147,0
81,17,0,2888,81
64,22,0,3693,64
112,208,0,34428,112
5,48,0,7948,5
131,126,0,20921,131
118,177,0,29318,118
75,41,0,6832,75
115,213,0,35249,115
162,107,0,17818,162
6,126,0,20806,6
54,27,0,4508,54
9,97,0,16029,9
124,9,0,1607,124
33,65,0,10751,33
79,53,0,8824,79
105,162,0,26846,105
49,63,0,10436,49
41,91,0,15061,41
153,94,0,15662,153
22,157,0,25908,22
32,107,0,17687,32
156,40,0,6753,156
46,75,0,12418,46
77,129,0,21339,77
139,15,0,2613,139
124,120,0,19922,124
135,215,1,35608,135
91,140,0,23191,91
32,102,0,16862,32
142,151,0,25055,142
136,84,1,13992,136
14,49,1,8087,14
163,137,0,22767,163
63,172,0,28455,63
137,132,0,21917,137
76,202,1,33394,76
74,74,0,12287,74
26,123,0,20304,26
47,128,0,21169,47
83,191,0,31596,83
139,145,0,24063,139
107,97,0,16114,107
84,102,0,16916,84
68,192,0,31748,68
29,80,0,13215,29
22,59,0,9738,22
0,108,0,17837,0
40,4,0,705,40
113,212,0,35081,113
118,189,0,31298,118
120,159,0,26353,120
64,18,0,3033,64
49,191,0,31556,49
96,204,0,33759,96
112,178,0,29478,112
27,11,0,1850,27
124,40,0,6722,124
131,162,0,26861,131
151,199,1,32989,151
136,198,0,32802,136
151,177,1,29359,151
4,99,0,16343,4
145,72,0,12026,145
57,88,0,14594,57
40,119,0,19680,40
0,140,1,23117,0
125,200,0,33127,125
76,150,0,24814,76
70,102,0,16900,70
62,97,0,16078,62
147,192,0,31828,147
54,52,0,8633,54
12,54,0,8911,12
33,83,0,13721,33
144,122,0,20275,144
136,11,0,1947,136
125,197,0,32632,125
115,48,0,8024,115
135,14,1,2443,135
137,26,0,4427,137
51,187,1,30905,51
30,122,0,20157,30
8,89,0,14689,8
85,211,1,34903,85
153,132,0,21932,153
31,199,1,32854,31
97,66,1,10986,97
127,126,0,20915,127
142,129,0,21425,142
21,96,0,15860,21
12,72,0,11881,12
123,105,0,17449,123
25,200,0,33036,25
140,208,0,34461,140
25,66,0,10926,25
44,174,1,28754,44
117,184,1,30481,117
157,53,0,8900,157
41,96,0,15886,41
84,186,0,30776,84
142,143,0,23735,142
64,157,0,25968,64
139,166,1,27528,139
164,89,0,14846,164
51,58,0,9620,51
45,211,1,34857,45
148,68,0,11369,148
112,119,0,19743,112
97,5,0,921,97
41,9,0,1531,41
24,146,0,24127,24
4,216,0,35648,4
128,3,0,621,128
47,79,0,13084,47
106,25,0,4228,106
144,105,0,17470,144
9,125,0,20649,9
140,80,0,13341,140
86,74,0,12292,86
32,42,0,6962,32
19,154,0,25443,19
125,195,0,32302,125
80,20,0,3380,80
8,66,0,10894,8
157,149,0,24740,157
19,46,0,7623,19
110,154,0,25529,110
21,8,0,1340,21
28,156,0,25774,28
120,150,0,24868,120
133,216,0,35779,133
40,46,0,7635,40
48,205,1,33872,48
34,140,0,23113,34
115,102,0,16934,115
27,138,0,22805,27
101,140,0,23206,101
64,154,0,25473,64
16,192,0,31702,16
141,81,0,13507,141
147,211,0,34963,147
12,22,0,3631,12
33,192,0,31706,33
99,103,0,17093,99
92,132,0,21872,92
3,117,1,19315,3
46,176,0,29083,46
45,181,0,29907,45
129,138,0,22898,129
64,37,0,6168,64
53,62,0,10282,53
13,42,0,6969,13
92,202,0,33422,92
142,98,1,16310,142
164,18,0,3131,164
12,173,0,28546,12
141,104,0,17302,141
153,83,0,13847,153
42,50,0,8290,42
26,202,0,33339,26
145,119,0,19781,145
81,71,0,11798,81
151,207,0,34309,151
75,187,0,30922,75
152,193,1,31995,152
57,187,0,30929,57
144,140,0,23245,144
115,41,0,6869,115
84,87,1,14441,84
148,190,0,31499,148
27,197,0,32540,27
140,193,0,31986,140
54,160,0,26453,54
76,85,1,14089,76
49,189,1,31226,49
147,199,0,32983,147
24,40,0,6637,24
78,216,0,35718,78
68,54,0,8978,68
53,142,0,23482,53
145,157,1,26051,145
6,1,0,181,6
136,166,0,27522,136
25,24,0,3996,25
119,13,0,2250,119
27,150,0,24785,27
117,96,0,15961,117
139,115,0,19113,139
33,204,0,33686,33
45,78,0,12912,45
40,197,0,32550,40
133,201,1,33304,133
151,64,0,10714,151
77,126,0,20844,77
63,81,0,13440,63
121,113,0,18765,121
6,149,0,24601,6
6,11,0,1831,6
103,216,1,35757,103
124,81,0,13487,124
17,74,0,12228,17
10,140,0,23130,10
104,148,0,24520,104
149,99,0,16482,149
42,93,0,15385,42
36,9,0,1508,36
149,20,0,3447,149
87,53,0,8832,87
12,149,0,24586,12
14,181,0,29867,14
121,195,0,32295,121
91,11,0,1906,91
64,118,0,19533,64
92,215,1,35567,92
80,71,0,11795,80
36,86,0,14213,36
156,27,0,4608,156
142,126,0,20930,142
79,151,0,24994,79
137,156,1,25877,137
73,211,1,34884,73
110,167,0,27674,110
45,177,0,29247,45
32,174,1,28742,32
150,216,1,35796,150
9,184,0,30384,9
5,42,0,6958,5
24,54,0,8947,24
40,122,0,20175,40
128,207,0,34281,128
103,174,1,28827,103
105,9,0,1601,105
128,120,0,19926,128
118,115,0,19088,118
38,42,0,6959,38
76,192,0,31744,76
110,27,0,4574,110
42,29,0,4825,42
158,108,0,17978,158
19,4,0,693,19
148,164,0,27209,148
123,19,0,3259,123
142,18,0,3110,142
28,105,1,17359,28
157,193,1,32000,157
42,108,0,17860,42
29,56,0,9255,29
78,126,0,20868,78
73,119,0,19704,73
29,39,0,6450,29
117,82,0,13651,117
64,40,0,6663,64
159,29,0,4944,159
79,48,0,7999,79
125,103,1,17122,125
147,105,1,17473,147
45,166,0,27432,45
159,198,0,32829,159
47,51,0,8464,47
136,47,1,7887,136
75,82,0,13597,75
20,75,0,12382,20
29,201,0,33180,29
92,81,0,13457,92
164,52,0,8741,164
119,181,0,29970,119
45,178,0,29412,45
124,5,0,947,124
135,68,0,11353,135
110,128,0,21239,110
16,197,0,32527,16
7,107,0,17655,7
16,170,0,28072,16
85,28,0,4708,85
123,164,0,27184,123
6,145,0,23941,6
97,120,0,19896,97
88,116,0,19225,88
15,94,0,15522,15
36,90,0,14873,36
68,93,0,15413,68
22,13,0,2148,22
139,160,0,26538,139
85,94,0,15598,85
81,178,0,29453,81
157,173,0,28700,157
101,201,0,33271,101
31,105,1,17344,31
136,17,0,2937,136
52,177,0,29256,52
158,56,1,9398,158
73,44,0,7329,73
117,118,0,19591,117
119,140,0,23205,119
129,5,0,953,129
63,49,0,8160,63
97,59,0,9831,97
140,156,0,25881,140
106,164,0,27163,106
101,176,0,29146,101
25,100,0,16536,25
26,40,0,6609,26
117,119,0,19756,117
64,172,0,28443,64
34,93,0,15358,34
148,189,0,31334,148
4,199,1,32843,4
19,136,0,22473,19
103,122,1,20247,103
92,113,0,18737,92
20,72,1,11887,20
62,78,0,12943,62
163,126,0,20952,163
63,58,0,9645,63
16,100,0,16522,16
19,78,0,12903,19
98,132,0,21877,98
99,70,0,11648,99
151,83,0,13849,151
1,78,0,12881,1
22,48,0,7923,22
36,99,0,16358,36
121,137,1,22725,121
135,82,0,13663,135
52,146,0,24141,52
159,120,0,19959,159
0,36,1,5957,0
104,26,0,4390,104
1,212,0,34991,1
80,172,0,28460,80
40,138,0,22815,40
51,165,0,27275,51
144,9,0,1630,144
74,15,0,2552,74
33,102,0,16856,33
17,86,0,14208,17
73,70,0,11619,73
133,205,1,33964,133
9,66,0,10914,9
104,70,0,11650,104
62,184,1,30433,62
73,193,1,31914,73
107,98,0,16279,107
47,17,0,2854,47
151,32,0,5434,151
103,52,0,8697,103
144,13,0,2290,144
21,146,0,24110,21
85,204,0,33748,85
107,16,0,2749,107
38,211,1,34844,38
138,104,0,17296,138
140,159,0,26376,140
84,79,0,13121,84
76,118,0,19534,76
0,80,0,13217,0
99,212,1,35078,99
4,161,0,26573,4
98,42,0,7027,98
28,170,0,28084,28
1,94,0,15521,1
0,78,0,12887,0
29,72,0,11895,29
123,48,0,8044,123
83,130,0,21531,83
49,140,1,23141,49
163,119,0,19797,163
130,191,0,31645,130
24,48,0,7957,24
139,176,1,29178,139
84,193,1,31931,84
101,193,0,31951,101
118,156,1,25853,118
42,78,0,12910,42
57,65,1,10799,57
99,177,1,29303,99
150,71,0,11871,150
8,64,0,10564,8
44,211,1,34859,44
74,119,0,19712,74
163,191,0,31677,163
24,24,0,3997,24
78,102,0,16908,78
92,123,1,20387,92
53,137,1,22657,53
164,45,0,7586,164
30,119,0,19662,30
52,164,0,27111,52
96,26,0,4389,96
112,176,0,29148,112
151,149,0,24739,151
80,97,0,16085,80
19,202,1,33363,19
62,195,0,32248,62
73,36,0,6009,73
45,48,0,7962,45
31,48,0,7939,31
17,123,0,20313,17
79,156,0,25819,79
106,213,1,35248,106
62,70,0,11623,62
44,192,0,31724,44
152,16,0,2790,152
13,200,0,33039,13
148,9,0,1634,148
119,192,0,31785,119
124,174,1,28832,124
77,78,0,12924,77
52,104,0,17211,52
108,195,0,32285,108
40,216,0,35685,40
22,1,1,168,22
123,150,0,24874,123
64,215,1,35538,64
34,118,0,19483,34
157,174,1,28865,157
78,11,0,1893,78
156,43,0,7248,156
0,44,0,7277,0
163,122,0,20292,163
70,101,0,16735,70
0,5,0,842,0
163,101,0,16827,163
136,147,0,24387,136
26,173,0,28554,26
54,11,0,1868,54
85,199,1,32923,85
1,154,0,25421,1
104,4,0,760,104
112,138,0,22878,112
151,151,0,25069,151
25,58,0,9606,25
38,85,0,14054,38
41,71,0,11761,41
130,84,1,13990,130
37,49,0,8106,37
32,128,1,21152,32
164,85,0,14186,164
17,213,0,35163,17
33,143,0,23621,33
29,185,0,30540,29
157,75,1,12530,157
10,208,0,34350,10
34,85,1,14038,34
57,175,0,28949,57
81,18,0,3053,81
27,17,1,2840,27
137,78,0,13007,137
85,207,0,34243,85
29,29,0,4800,29
123,137,0,22729,123
64,85,1,14088,64
73,85,0,14094,73
40,33,0,5490,40
151,167,0,27709,151
20,85,1,14032,20
142,44,0,7400,142
151,97,0,16159,151
163,202,1,33492,163
0,86,0,14207,0
123,117,0,19429,123
120,193,1,31963,120
92,150,0,24842,92
118,205,1,33938,118
118,22,0,3743,118
21,53,1,8765,21
137,113,0,18782,137
20,216,0,35647,20
8,99,0,16339,8
114,145,0,24032,114
141,59,0,9877,141
159,149,0,24744,159
117,26,0,4411,117
120,200,0,33118,120
157,82,0,13685,157
117,44,0,7381,117
63,161,0,26640,63
148,186,0,30839,148
163,19,0,3297,163
15,91,0,15027,15
162,132,1,21943,162
159,178,0,29529,159
145,40,1,6746,145
156,172,0,28533,156
151,89,0,14839,151
140,125,0,20766,140
118,104,0,17273,118
38,37,0,6134,38
34,3,0,508,34
3,105,0,17335,3
5,33,0,5473,5
33,124,0,20486,33
124,157,0,26027,124
16,85,1,14047,16
127,137,0,22730,127
37,161,0,26586,37
32,117,1,19337,32
136,88,0,14652,136
45,157,0,25947,45
98,176,0,29137,98
162,25,0,4288,162
36,32,0,5303,36
127,64,0,10685,127
63,101,0,16740,63
3,47,1,7765,3
123,185,0,30649,123
164,172,0,28541,164
24,115,0,19012,24
20,44,0,7267,20
14,90,0,14852,14
9,105,0,17349,9
22,124,0,20463,22
86,84,0,13942,86
113,87,0,14456,113
77,5,0,879,77
42,151,0,24955,42
25,29,0,4821,25
16,56,0,9262,16
149,28,0,4767,149
25,15,0,2511,25
19,156,0,25773,19
70,138,0,22840,70
27,157,0,25940,27
108,58,1,9680,108
57,44,0,7334,57
110,124,0,20579,110
12,7,0,1156,12
64,199,1,32898,64
49,124,0,20501,49
64,46,0,7653,64
127,83,0,13820,127
163,164,0,27222,163
151,65,0,10879,151
37,156,0,25761,37
34,129,0,21298,34
141,113,0,18787,141
120,149,0,24703,120
30,192,0,31707,30
49,142,0,23471,49
38,205,1,33854,38
4,47,0,7763,4
103,186,0,30807,103
80,198,0,32750,80
5,82,0,13558,5
78,46,0,7668,78
1,151,0,24926,1
142,62,0,10370,142
33,15,0,2501,33
104,7,0,1255,104
45,191,0,31557,45
121,33,0,5565,121
123,20,0,3424,123
103,83,0,13812,103
85,156,1,25828,85
124,59,0,9857,124
27,99,0,16370,27
5,204,0,33688,5
6,129,0,21301,6
118,94,0,15623,118
10,142,0,23460,10
76,48,0,7984,76
12,13,0,2146,12
118,204,0,33773,118
127,136,0,22565,127
110,40,1,6719,110
75,154,0,25477,75
164,104,0,17321,164
52,56,0,9291,52
142,68,0,11360,142
114,120,0,19907,114
96,215,1,35574,96
75,120,0,19867,75
99,149,0,24683,99
64,34,0,5673,64
78,178,0,29448,78
49,102,0,16871,49
3,54,0,8920,3
117,176,0,29161,117
117,185,0,30646,117
42,84,0,13900,42
91,20,0,3391,91
85,197,0,32593,85
153,44,0,7412,153
99,122,1,20228,99
118,185,1,30638,118
52,126,0,20841,52
34,34,0,5623,34
157,212,0,35135,157
136,170,0,28182,136
87,92,0,15267,87
112,175,0,28983,112
8,125,0,20629,8
101,39,0,6541,101
53,184,0,30412,53
40,193,1,31890,40
16,5,0,847,16
42,101,0,16705,42
115,200,0,33104,115
105,40,0,6716,105
115,189,0,31289,115
125,211,1,34942,125
63,102,0,16905,63
164,154,0,25571,164
112,202,0,33438,112
118,159,0,26348,118
112,28,0,4728,112
81,80,0,13283,81
129,108,0,17948,129
128,58,0,9696,128
45,9,0,1527,45
79,36,0,6019,79
158,84,1,14018,158
124,3,0,617,124
125,86,0,14317,125
141,137,0,22747,141
48,140,1,23147,48
120,11,0,1933,120
103,154,0,25527,103
103,13,0,2262,103
147,40,0,6748,147
127,146,0,24215,127
113,25,0,4226,113
46,129,0,21328,46
106,24,0,4063,106
22,174,1,28713,22
80,84,0,13940,80
164,7,0,1316,164
17,24,0,3978,17
150,8,0,1476,150
106,116,0,19243,106
84,176,0,29126,84
164,128,0,21281,164
25,85,0,14061,25
68,49,0,8153,68
20,102,0,16837,20
133,197,0,32644,133
115,62,0,10334,115
105,103,1,17111,105
105,190,1,31466,105
53,201,0,33217,53
54,84,0,13913,54
138,195,0,32311,138
24,138,0,22807,24
136,213,1,35277,136
119,128,1,21225,119
163,124,0,20622,163
135,113,0,18778,135
36,43,0,7118,36
157,4,0,815,157
19,176,0,29073,19
113,29,0,4886,113
112,14,1,2418,112
25,195,0,32211,25
4,105,0,17333,4
42,130,0,21490,42
97,50,0,8346,97
49,173,1,28586,49
81,88,0,14603,81
108,132,0,21890,108
117,28,0,4741,117
141,18,0,3112,141
113,130,0,21551,113
144,103,0,17140,144
1,34,0,5621,1
37,137,0,22626,37
7,178,0,29370,7
152,189,0,31335,152
149,47,0,7902,149
10,212,0,35010,10
47,211,1,34864,47
103,89,1,14802,103
49,18,0,3011,49
21,165,0,27245,21
38,120,0,19829,38
142,128,0,21260,142
156,46,0,7743,156
52,213,0,35196,52
12,43,0,7096,12
120,75,1,12493,120
145,89,1,14831,145
28,75,0,12409,28
157,85,0,14180,157
48,83,0,13742,48
24,71,0,11752,24
19,204,0,33693,19
29,28,0,4635,29
139,44,0,7398,139
20,16,1,2647,20
76,190,0,31414,76
13,160,0,26439,13
30,58,0,9597,30
25,125,0,20661,25
135,47,0,7888,135
41,83,0,13741,41
22,205,0,33828,22
77,96,0,15894,77
119,162,0,26835,119
113,1,0,266,113
81,98,0,16253,81
27,5,1,860,27
164,41,0,6926,164
74,7,0,1232,74
20,107,0,17662,20
31,19,0,3154,31
49,212,0,35021,49
30,44,0,7287,30
64,198,0,32733,64
31,42,0,6949,31
136,145,0,24057,136
3,108,0,17830,3
83,140,0,23181,83
38,26,0,4319,38
34,216,0,35653,34
131,115,0,19106,131
24,128,1,21157,24
106,159,0,26338,106
114,146,0,24197,114
78,162,0,26808,78
112,190,1,31458,112
80,151,0,24995,80
120,82,1,13648,120
120,136,1,22558,120
29,179,0,29550,29
147,37,0,6253,147
19,147,0,24288,19
24,212,0,35017,24
37,124,0,20481,37
14,63,0,10397,14
112,7,0,1263,112
96,1,0,264,96
110,205,1,33944,110
97,13,0,2241,97
83,105,1,17406,83
96,172,0,28479,96
42,99,0,16375,42
104,24,0,4060,104
45,176,0,29082,45
105,204,0,33776,105
157,43,0,7250,157
28,39,0,6469,28
1,175,0,28886,1
12,52,0,8581,12
24,193,1,31882,24
103,64,0,10677,103
119,202,0,33435,119
96,113,0,18744,96
64,212,1,35043,64
15,19,0,3147,15
62,197,0,32578,62
108,84,1,13970,108
118,19,0,3248,118
140,191,0,31656,140
145,58,0,9716,145
48,68,0,11267,48
133,215,1,35614,133
77,41,0,6819,77
157,52,0,8735,157
142,147,0,24395,142
135,103,0,17128,135
164,50,0,8411,164
76,62,0,10294,76
24,137,0,22642,24
62,32,0,5353,62
6,50,0,8266,6
38,208,0,34349,38
120,96,0,15958,120
7,179,0,29535,7
62,19,0,3208,62
110,62,0,10349,110
70,186,0,30760,70
133,35,0,5914,133
28,13,0,2179,28
49,122,0,20171,49
104,167,0,27655,104
115,28,0,4724,115
83,82,0,13611,83
159,68,0,11379,159
10,36,1,5970,10
138,192,1,31816,138
36,162,0,26753,36
108,43,0,7205,108
78,34,0,5688,78
153,212,0,35132,153
77,132,0,21834,77
131,107,1,17786,131
149,97,0,16152,149
46,201,0,33208,46
12,126,0,20791,12
135,98,1,16303,135
57,80,0,13274,57
49,154,0,25451,49
103,72,0,11997,103
130,154,0,25540,130
140,48,0,8061,140
47,41,0,6814,47
120,32,0,5398,120
104,56,1,9340,104
85,62,0,10318,85
137,14,0,2447,137
25,47,1,7791,25
41,215,1,35521,41
144,63,0,10540,144
110,59,0,9854,110
99,13,0,2243,99
127,62,0,10355,127
148,151,0,25064,148
136,151,0,25047,136
73,90,0,14919,73
29,34,0,5625,29
145,94,0,15656,145
92,163,0,26987,92
46,39,0,6478,46
103,136,0,22557,103
12,41,0,6766,12
117,122,0,20251,117
5,37,0,6133,5
147,165,0,27373,147
92,46,0,7682,92
63,28,0,4695,63
54,172,0,28433,54
117,53,0,8866,117
19,25,0,4158,19
110,136,0,22559,110
84,84,1,13946,84
147,18,0,3118,147
151,79,0,13189,151
149,41,0,6912,149
85,128,0,21208,85
76,156,0,25804,76
131,1,0,296,131
121,104,1,17280,121
124,113,0,18767,124
14,74,0,12212,14
131,11,0,1946,131
81,68,0,11303,81
150,205,0,33981,150
22,162,0,26733,22
136,136,1,22572,136
10,213,0,35175,10
16,11,0,1837,16
25,72,1,11916,25
28,22,0,3664,28
10,43,0,7125,10
136,130,0,21582,136
38,44,0,7289,38
46,174,1,28753,46
24,201,0,33202,24
85,84,1,13948,85
133,198,0,32809,133
151,172,0,28534,151
36,176,0,29063,36
81,27,0,4538,81
70,79,0,13105,70
84,163,0,26981,84
79,101,0,16744,79
110,126,0,20909,110
45,65,1,10767,45
91,99,0,16426,91
118,71,0,11828,118
158,200,0,33158,158
15,28,0,4632,15
83,166,1,27471,83
85,17,0,2893,85
106,103,0,17098,106
52,187,0,30906,52
117,91,0,15136,117
0,13,0,2162,0
153,16,0,2792,153
9,86,0,14214,9
158,29,0,4943,158
28,9,0,1519,28
157,51,0,8570,157
46,29,0,4828,46
27,200,0,33035,27
33,140,0,23126,33
76,82,0,13594,76
144,172,0,28525,144
57,8,0,1394,57
148,90,0,14999,148
124,47,1,7877,124
68,125,0,20693,68
164,198,0,32831,164
74,147,0,24332,74
97,81,0,13461,97
136,179,0,29667,136
115,90,0,14954,115
113,72,0,11981,113
86,116,0,19222,86
112,37,0,6213,112
78,104,0,17238,78
129,78,0,12998,129
79,167,0,27634,79
88,174,1,28795,88
157,160,0,26555,157
158,126,0,20948,158
3,91,1,15025,3
28,4,0,694,28
97,207,0,34251,97
157,40,0,6755,157
64,63,0,10458,64
88,143,1,23680,88
148,201,0,33314,148
136,129,1,21417,136
135,119,0,19768,135
153,46,0,7742,153
84,3,1,581,84
54,20,0,3353,54
33,75,1,12401,33
36,51,0,8438,36
163,48,0,8082,163
114,49,1,8192,114
139,164,0,27198,139
91,148,0,24511,91
14,68,0,11222,14
130,86,0,14320,130
101,175,0,28981,101
141,99,0,16477,141
57,132,0,21854,57
144,64,0,10705,144
106,179,0,29638,106
117,215,1,35596,117
149,132,0,21927,149
104,142,0,23530,104
139,175,0,29013,139
75,137,0,22672,75
31,51,0,8434,31
75,32,0,5347,75
123,165,0,27349,123
129,170,0,28178,129
4,140,0,23108,4
4,177,0,29213,4
97,80,0,13296,97
26,156,0,25749,26
13,1,0,204,13
107,167,0,27664,107
33,105,0,17351,33
91,34,0,5701,91
24,154,0,25447,24
131,46,0,7721,131
129,151,0,25043,129
4,159,0,26243,4
147,34,0,5758,147
129,37,0,6233,129
131,29,0,4916,131
92,89,1,14777,92
147,36,0,6088,147
36,48,0,7943,36
25,27,0,4491,25
103,176,0,29157,103
128,27,1,4581,128
97,85,0,14121,97
4,94,0,15518,4
45,104,0,17202,45
74,82,0,13607,74
106,145,0,24028,106
156,191,0,31668,156
8,113,0,18649,8
92,199,1,32927,92
24,65,1,10762,24
13,166,0,27429,13
33,179,0,29561,33
115,92,0,15284,115
6,52,0,8596,6
113,185,0,30626,113
38,212,0,35009,38
68,124,0,20528,68
4,165,0,27233,4
51,35,1,5825,51
130,129,0,21415,130
85,70,0,11638,85
45,122,1,20172,45
121,92,0,15300,121
48,154,0,25457,48
29,143,0,23610,29
37,92,0,15201,37
149,113,0,18792,149
138,205,1,33961,138
150,123,0,20451,150
136,24,0,4092,136
73,136,0,22509,73
29,79,0,13050,29
120,166,1,27508,120
141,172,0,28522,141
114,190,1,31457,114
28,28,0,4654,28
133,25,0,4264,133
17,101,0,16683,17
118,92,0,15293,118
138,186,0,30826,138
125,42,0,7057,125
77,125,1,20679,77
29,7,0,1170,29
25,16,0,2676,25
4,164,0,27068,4
104,48,1,8020,104
73,216,0,35709,73
1,32,0,5291,1
75,49,0,8152,75
113,36,0,6041,113
106,143,0,23698,106
131,94,0,15641,131
144,185,0,30670,144
105,50,0,8366,105
91,192,0,31771,91
158,216,0,35798,158
62,145,0,23998,62
46,5,0,868,46
96,138,0,22869,96
74,179,0,29612,74
21,22,0,3650,21
147,14,0,2458,147
73,164,1,27129,73
15,108,0,17832,15
53,58,1,9622,53
88,115,0,19060,88
20,148,1,24427,20
81,113,0,18728,81
145,143,1,23741,145
52,137,0,22656,52
96,199,1,32934,96
7,161,0,26565,7
151,126,0,20944,151
108,11,0,1925,108
159,84,0,14019,159
40,71,0,11760,40
112,98,0,16278,112
40,32,1,5325,40
106,4,0,763,106
105,160,1,26516,105
78,88,0,14598,78
28,98,0,16204,28
51,148,0,24470,51
63,94,0,15585,63
127,42,0,7055,127
158,8,0,1478,158
152,179,0,29685,152
136,132,0,21912,136
73,161,0,26634,73
70,166,0,27460,70
103,93,0,15462,103
125,178,0,29497,125
13,101,1,16704,13
7,99,0,16335,7
156,16,0,2793,156
135,146,0,24223,135
125,88,0,14647,125
6,146,0,24106,6
96,166,0,27489,96
3,193,1,31855,3
0,184,0,30377,0
17,142,1,23448,17
19,215,0,35508,19
28,32,0,5314,28
32,161,0,26597,32
13,202,0,33369,13
75,65,0,10792,75
152,157,0,26055,152
151,107,1,17809,151
145,161,0,26711,145
45,93,0,15387,45
128,123,0,20421,128
48,98,0,16217,48
158,150,0,24908,158
81,208,0,34403,81
15,42,0,6942,15
123,187,0,30979,123
141,51,0,8557,141
101,85,0,14131,101
48,96,0,15887,48
107,192,0,31789,107
36,172,0,28403,36
86,175,0,28957,86
158,119,0,19793,158
14,47,0,7757,14
21,36,1,5960,21
121,142,1,23550,121
115,66,0,10994,115
30,42,0,6957,30
131,211,1,34946,131
76,90,0,14914,76
158,65,0,10883,158
150,120,0,19956,150
88,176,0,29125,88
14,92,0,15182,14
24,157,0,25942,24
113,49,0,8186,113
77,197,0,32559,77
22,216,0,35643,22
74,64,0,10637,74
127,68,0,11345,127
153,96,0,15992,153
27,41,0,6800,27
45,3,0,537,45
42,75,1,12415,42
130,58,0,9700,130
53,198,0,32722,53
45,126,0,20832,45
84,143,0,23681,84
113,16,0,2741,113
148,41,0,6914,148
74,148,0,24497,74
52,145,0,23976,52
68,122,0,20198,68
162,151,0,25078,162
27,108,0,17855,27
106,42,0,7033,106
51,190,1,31400,51
37,118,0,19491,37
62,190,1,31423,62
137,191,0,31652,137
113,34,0,5711,113
51,47,1,7805,51
97,34,0,5706,97
3,80,1,13210,3
163,102,0,16992,163
119,65,1,10830,119
1,185,0,30536,1
20,34,0,5617,20
141,20,0,3442,141
57,28,0,4694,57
135,202,0,33463,135
121,17,1,2925,121
141,161,0,26707,141
115,88,1,14624,115
8,118,0,19474,8
121,201,0,33285,121
129,199,1,32963,129
24,113,0,18682,24
83,43,0,7176,83
138,19,0,3271,138
127,7,0,1280,127
4,26,0,4298,4
12,118,0,19471,12
3,89,0,14695,3
158,62,0,10388,158
107,100,0,16609,107
108,40,0,6710,108
150,174,1,28866,150
21,200,1,33020,21
147,86,0,14338,147
101,104,0,17266,101
164,17,1,2966,164
156,166,0,27543,156
137,52,0,8717,137
1,199,1,32846,1
129,68,1,11348,129
115,128,0,21224,115
40,54,0,8955,40
142,11,0,1955,142
45,120,0,19842,45
152,116,0,19290,152
8,59,0,9739,8
17,177,1,29223,17
125,84,1,13987,125
0,161,0,26582,0
81,159,0,26318,81
133,20,0,3439,133
21,115,0,18995,21
25,116,0,19176,25
14,150,0,24752,14
6,123,0,20311,6
117,68,0,11341,117
73,53,1,8814,73
153,13,0,2297,153
105,49,0,8201,105
62,20,0,3373,62
80,91,1,15095,80
112,58,0,9678,112
156,147,0,24408,156
135,126,0,20923,135
121,117,0,19425,121
86,15,0,2557,86
22,166,1,27393,22
120,192,0,31798,120
8,47,0,7759,8
124,46,0,7712,124
3,116,0,19150,3
24,16,0,2677,24
87,75,1,12462,87
80,36,0,6020,80
110,41,0,6884,110
46,35,1,5818,46
86,45,1,7507,86
16,207,0,34177,16
120,70,0,11668,120
92,104,0,17252,92
19,179,0,29568,19
28,192,0,31714,28
36,174,0,28733,36
1,15,0,2486,1
114,132,0,21887,114
103,5,0,942,103
42,49,0,8125,42
128,4,0,786,128
139,129,0,21423,139
83,159,1,26316,83
9,174,0,28734,9
45,53,1,8787,45
10,148,0,24450,10
156,104,0,17313,156
140,43,0,7236,140
81,202,0,33413,81
38,199,1,32864,38
163,92,0,15342,163
80,156,0,25820,80
79,13,0,2224,79
142,59,0,9875,142
130,75,0,12505,130
53,193,1,31897,53
149,216,0,35787,149
64,15,0,2538,64
9,42,0,6954,9
17,192,0,31698,17
4,24,0,3968,4
1,37,0,6116,1
106,129,0,21388,106
53,88,0,14572,53
13,89,0,14724,13
121,179,0,29655,121
62,9,0,1558,62
83,184,1,30441,83
28,151,0,24949,28
76,149,0,24649,76
103,117,0,19422,103
150,74,0,12366,150
52,181,0,29916,52
63,32,0,5355,63
110,198,0,32789,110
106,177,0,29308,106
149,63,0,10542,149
92,9,0,1577,92
47,71,0,11764,47
80,39,0,6515,80
3,36,0,5950,3
31,202,0,33349,31
22,140,1,23103,22
1,200,0,33011,1
110,149,0,24704,110
123,62,0,10354,123
138,211,1,34951,138
80,212,0,35060,80
163,197,0,32667,163
87,79,0,13122,87
32,181,0,29897,32
1,160,0,26411,1
54,49,1,8138,54
40,17,0,2850,40
79,157,0,25984,79
131,201,0,33296,131
86,191,0,31597,86
91,167,0,27646,91
124,94,0,15632,124
17,113,0,18663,17
130,18,0,3100,130
77,14,0,2364,77
164,147,0,24416,164
137,54,0,9047,137
13,43,0,7134,13
8,44,0,7264,8
44,4,0,704,44
7,41,0,6765,7
29,120,0,19815,29
62,18,0,3043,62
41,68,0,11266,41
118,198,1,32783,118
52,212,1,35031,52
54,80,0,13253,54
124,151,0,25037,124
0,105,0,17342,0
148,49,0,8234,148
14,176,0,29042,14
81,104,0,17243,81
51,16,0,2690,51
7,184,0,30360,7
98,25,1,4222,98
57,117,0,19379,57
145,179,0,29681,145
113,136,0,22541,113
127,142,0,23555,127
158,102,0,16988,158
3,45,0,7435,3
125,107,0,17782,125
135,3,0,628,135
101,142,0,23536,101
47,108,0,17869,47
28,34,0,5644,28
34,86,0,14203,34
42,37,0,6145,42
73,184,1,30429,73
70,51,0,8485,70
8,92,0,15184,8
4,13,1,2153,4
31,87,1,14374,31
40,165,0,27270,40
91,156,1,25831,91
21,84,0,13880,21
80,7,0,1235,80
162,11,0,1978,162
54,75,1,12428,54
106,64,0,10663,106
133,204,0,33799,133
53,47,0,7807,53
153,91,0,15167,153
8,78,0,12874,8
108,24,0,4070,108
156,176,0,29193,156
31,99,0,16354,31
148,191,0,31664,148
135,34,0,5743,135
40,20,1,3345,40
51,145,1,23975,51
118,113,0,18758,118
24,205,0,33862,24
15,72,1,11892,15
20,150,0,24757,20
36,3,1,518,36
49,54,0,8951,49
149,150,0,24897,149
44,25,1,4169,44
22,186,0,30693,22
70,137,0,22675,70
22,130,1,21453,22
110,46,0,7709,110
96,68,1,11319,96
124,177,0,29327,124
12,174,1,28711,12
75,104,0,17227,75
24,78,0,12907,24
32,62,0,10262,32
119,9,0,1590,119
48,177,0,29252,48
22,75,0,12378,22
119,157,0,26010,119
57,157,0,25979,57
62,147,0,24328,62
88,208,0,34405,88
45,190,0,31392,45
163,174,0,28872,163
16,54,0,8932,16
124,156,1,25862,124
87,129,1,21372,87
27,190,1,31385,27
38,88,0,14549,38
63,100,0,16575,63
101,120,0,19906,101
19,79,0,13068,19
128,177,0,29331,128
125,154,0,25537,125
114,202,0,33437,114
117,212,0,35101,117
21,56,1,9260,21
127,20,0,3425,127
5,28,0,4648,5
48,136,0,22487,48
138,120,0,19936,138
68,179,0,29603,68
113,207,0,34256,113
145,174,0,28856,145
130,123,0,20425,130
52,119,0,19686,52
79,201,0,33244,79
9,11,0,1839,9
41,34,0,5656,41
48,26,0,4337,48
75,51,0,8482,75
29,197,0,32520,29
16,132,0,21802,16
25,117,0,19341,25
80,44,0,7340,80
96,82,0,13629,96
74,44,0,7337,74
145,53,0,8891,145
139,41,0,6903,139
0,172,0,28397,0
117,160,0,26521,117
123,113,0,18769,123
115,15,0,2579,115
73,81,0,13434,73
104,137,1,22705,104
8,88,0,14524,8
163,216,0,35802,163
144,37,0,6250,144
112,59,0,9843,112
12,58,0,9571,12
114,87,1,14462,114
49,117,1,19346,49
140,162,0,26871,140
152,86,0,14340,152
140,189,0,31326,140
162,33,0,5608,162
103,189,0,31302,103
131,132,0,21911,131
118,93,0,15458,118
36,91,0,15038,36
27,215,0,35510,27
7,157,0,25905,7
41,81,0,13411,41
76,128,1,21184,76
32,87,0,14387,32
62,33,0,5518,62
140,178,1,29511,140
13,51,0,8454,13
91,108,0,17911,91
3,41,0,6775,3
41,103,0,17041,41
153,151,0,25067,153
4,88,0,14528,4
49,151,0,24956,49
108,42,0,7040,108
141,39,0,6577,141
70,80,0,13270,70
142,178,0,29510,142
103,157,1,26022,103
0,11,0,1832,0
125,59,0,9862,125
51,208,0,34370,51
144,5,1,970,144
124,170,1,28172,124
53,101,1,16717,53
92,197,0,32597,92
147,65,0,10873,147
62,149,0,24658,62
147,157,0,26053,147
64,163,0,26958,64
78,53,1,8823,78
49,105,1,17366,49
101,18,0,3076,101
63,205,0,33900,63
131,17,0,2936,131
47,82,0,13579,47
46,151,0,24958,46
0,42,0,6947,0
106,28,0,4723,106
76,15,0,2539,76
103,42,1,7047,103
0,189,0,31202,0
47,179,0,29584,47
145,125,1,20771,145
28,84,1,13894,28
106,151,0,25018,106
151,130,0,21604,151
108,204,0,33770,108
151,63,0,10549,151
29,16,1,2655,29
120,186,0,30808,120
63,87,0,14430,63
108,190,0,31460,108
14,48,0,7922,14
124,191,0,31637,124
52,26,0,4341,52
91,98,0,16261,91
31,173,1,28564,31
6,167,0,27571,6
140,29,0,4926,140
28,85,1,14059,28
6,215,0,35491,6
52,90,1,14901,52
0,39,0,6452,0
140,142,0,23571,140
16,191,1,31537,16
163,98,0,16332,163
104,166,0,27490,104
10,104,0,17190,10
37,54,0,8931,37
76,199,1,32899,76
97,19,1,3231,97
70,87,0,14425,70
107,3,0,604,107
73,5,0,894,73
33,123,0,20321,33
127,198,0,32795,127
64,140,0,23163,64
6,85,0,14041,6
92,108,0,17912,92
76,11,0,1879,76
124,72,0,12002,124
141,96,0,15982,141
8,119,0,19639,8
135,143,1,23728,135
135,18,0,3103,135
64,101,1,16728,64
21,197,0,32525,21
97,186,0,30786,97
54,8,0,1373,54
17,160,0,26418,17
91,178,0,29461,91
64,5,0,888,64
75,122,0,20197,75
164,48,0,8081,164
112,48,0,8028,112
20,215,1,35482,20
34,189,0,31198,34
157,211,0,34970,157
34,184,0,30373,34
38,124,0,20489,38
159,115,0,19134,159
103,82,0,13647,103
152,146,0,24240,152
29,52,0,8595,29
70,162,0,26800,70
124,53,0,8867,124
5,81,0,13393,5
27,15,0,2510,27
136,71,0,11847,136
81,100,0,16583,81
164,74,0,12371,164
85,186,0,30778,85
33,79,0,13061,33
162,165,0,27388,162
15,78,0,12882,15
101,204,0,33766,101
31,143,1,23614,31
124,128,0,21242,124
76,59,0,9799,76
112,17,0,2913,112
137,211,1,34952,137
150,81,0,13521,150
150,11,0,1971,150
110,81,0,13484,110
9,51,0,8439,9
76,162,0,26794,76
47,78,0,12919,47
101,157,0,26011,101
92,66,1,10982,92
139,96,0,15978,139
106,11,0,1918,106
29,74,0,12225,29
121,193,1,31965,121
24,177,0,29242,24
133,82,0,13669,133
108,54,0,9020,108
158,90,1,15008,158
3,184,1,30370,3
129,59,0,9863,129
80,125,1,20705,80
52,166,0,27441,52
91,204,0,33751,91
29,187,0,30870,29
79,130,0,21529,79
152,204,0,33810,152
57,146,0,24164,57
130,195,0,32305,130
149,14,0,2457,149
117,175,0,28996,117
13,178,0,29409,13
13,96,0,15879,13
124,107,0,17777,124
164,49,0,8246,164
120,40,1,6718,120
49,8,0,1361,49
29,54,0,8925,29
26,151,0,24924,26
97,82,0,13626,97
41,108,0,17866,41
141,177,0,29347,141
51,79,0,13085,51
29,62,1,10245,29
51,101,1,16715,51
75,138,0,22837,75
145,33,0,5591,145
70,192,0,31750,70
46,18,0,3013,46
15,197,0,32517,15
81,74,0,12293,81
91,177,0,29296,91
29,132,0,21795,29
147,44,0,7408,147
42,149,0,24625,42
162,89,0,14848,162
128,93,0,15471,128
125,62,0,10357,125
130,7,0,1285,130
68,78,0,12938,68
86,29,1,4867,86
153,164,0,27212,153
19,81,0,13398,19
8,160,0,26404,8
150,105,0,17481,150
147,87,0,14503,147
99,137,1,22703,99
54,211,1,34868,54
112,80,0,13308,112
152,104,0,17310,152
38,162,0,26759,38
87,4,1,747,87
34,29,0,4798,34
75,164,0,27127,75
164,43,0,7256,164
21,185,0,30545,21
13,94,0,15549,13
33,122,1,20156,33
103,123,0,20412,103
70,14,0,2380,70
30,102,0,16857,30
118,87,0,14468,118
13,186,0,30729,13
70,64,0,10630,70
19,1,0,198,19
152,137,0,22755,152
17,191,0,31533,17
34,47,0,7768,34
54,107,1,17708,54
141,105,0,17467,141
81,116,0,19223,81
145,49,0,8231,145
14,44,0,7262,14
157,104,0,17315,157
70,119,0,19705,70
163,83,0,13857,163
17,201,0,33183,17
41,150,0,24796,41
20,43,0,7102,20
108,146,1,24200,108
63,84,0,13935,63
144,117,0,19450,144
114,189,0,31292,114
145,91,0,15161,145
141,195,0,32317,141
38,116,0,19169,38
28,122,1,20164,28
28,197,0,32539,28
87,191,0,31602,87
29,70,0,11565,29
34,37,0,6118,34
148,166,0,27539,148
49,98,0,16211,49
78,68,0,11298,78
29,177,0,29220,29
70,33,0,5515,70
30,205,0,33852,30
135,15,0,2608,135
63,186,0,30765,63
108,49,0,8195,108
57,130,0,21524,57
48,200,0,33047,48
15,175,1,28887,15
151,47,0,7909,151
106,27,0,4558,106
16,120,0,19822,16
21,89,0,14705,21
150,32,0,5436,150
47,11,0,1864,47
129,85,1,14153,129
9,53,0,8769,9
152,87,0,14505,152
46,137,0,22648,46
24,1,0,202,24
127,4,0,785,127
156,18,0,3123,156
32,7,0,1187,32
129,148,0,24548,129
96,24,0,4059,96
152,103,0,17145,152
85,53,0,8833,85
158,34,0,5768,158
46,211,1,34858,46
117,93,0,15466,117
53,207,0,34207,53
131,82,1,13661,131
17,36,1,5958,17
51,80,0,13250,51
33,142,0,23456,33
105,3,1,611,105
162,4,0,823,162
76,43,0,7159,76
164,187,1,31016,164
21,51,1,8435,21
75,143,0,23662,75
15,162,1,26742,15
41,50,0,8296,41
151,176,0,29194,151
147,126,0,20938,147
110,70,0,11669,110
77,97,0,16059,77
144,28,0,4765,144
13,80,0,13239,13
127,138,0,22895,127
157,201,0,33320,157
36,167,0,27578,36
113,41,0,6866,113
24,59,0,9772,24
28,199,1,32869,28
140,147,0,24396,140
63,122,0,20205,63
150,14,1,2466,150
127,49,0,8210,127
129,104,1,17288,129
26,187,0,30864,26
29,148,0,24435,29
92,192,0,31772,92
144,173,0,28690,144
41,14,1,2356,41
91,52,0,8671,91
163,64,0,10722,163
57,29,0,4859,57
3,142,0,23440,3
6,119,0,19651,6
76,201,0,33229,76
83,212,0,35061,83
129,136,1,22568,129
163,178,0,29532,163
107,181,0,29974,107
87,5,0,912,87
9,143,0,23619,9
124,122,1,20252,124
88,26,0,4375,88
64,175,1,28938,64
26,176,0,29049,26
4,44,0,7268,4
62,100,1,16573,62
44,104,0,17204,44
145,165,0,27371,145
121,119,0,19755,121
140,150,0,24891,140
8,108,0,17824,8
125,51,0,8542,125
119,46,0,7695,119
22,28,0,4623,22
45,207,0,34197,45
9,128,0,21144,9
137,213,0,35282,137
138,129,0,21421,138
73,204,0,33729,73
27,45,0,7460,27
139,74,0,12348,139
101,101,0,16771,101
159,45,0,7584,159
48,70,0,11597,48
13,24,0,3999,13
76,164,0,27124,76
27,90,0,14885,27
49,146,1,24131,49
124,148,0,24542,124
33,58,0,9596,33
32,18,0,3002,32
153,89,0,14837,153
25,157,0,25941,25
112,164,0,27168,112
156,47,1,7908,156
115,81,0,13469,115
7,40,0,6600,7
74,66,1,10967,74
64,193,1,31908,64
32,193,1,31877,32
63,173,0,28620,63
53,87,0,14407,53
53,41,0,6817,53
8,17,0,2809,8
73,71,1,11784,73
44,99,0,16379,44
142,148,1,24560,142
74,33,0,5522,74
41,36,0,5986,41
144,1,0,310,144
88,207,0,34240,88
119,136,0,22545,119
20,47,0,7762,20
163,103,0,17157,163
137,119,0,19772,137
10,215,1,35505,10
150,65,1,10881,150
97,9,0,1581,97
1,172,0,28391,1
51,176,0,29090,51
79,138,0,22849,79
86,115,0,19057,86
101,215,0,35581,101
92,198,0,32762,92
92,164,1,27152,92
78,118,0,19548,78
96,115,0,19074,96
21,90,1,14870,21
5,47,1,7783,5
138,49,0,8221,138
20,1,0,172,20
38,113,0,18674,38
120,204,0,33778,120
4,83,0,13703,4
86,125,1,20707,86
0,173,0,28562,0
119,45,0,7530,119
157,215,0,35630,157
42,189,0,31225,42
20,79,0,13042,20
124,24,0,4082,124
63,63,0,10470,63
7,87,0,14355,7
74,19,0,3212,74
76,147,0,24319,76
136,52,0,8712,136
73,42,0,6999,73
40,132,0,21825,40
37,33,0,5466,37
77,37,0,6159,77
20,208,0,34327,20
31,13,0,2164,31
16,157,1,25927,16
86,82,0,13612,86
36,212,0,35003,36
147,137,0,22753,147
138,65,1,10861,138
85,34,0,5698,85
5,98,0,16198,5
30,151,0,24942,30
159,105,0,17484,159
10,89,0,14715,10
38,170,0,28079,38
80,46,0,7670,80
144,166,0,27535,144
84,1,0,251,84
74,98,0,16247,74
124,143,1,23717,124
17,202,0,33348,17
27,68,1,11255,27
121,147,0,24375,121
85,123,0,20383,85
115,37,0,6209,115
128,8,0,1446,128
107,50,0,8359,107
123,84,0,13984,123
117,45,0,7546,117
91,105,1,17416,91
164,113,0,18806,164
76,1,0,229,76
37,72,0,11901,37
127,116,0,19265,127
68,198,0,32738,68
34,115,0,18988,34
120,74,0,12328,120
14,93,0,15347,14
14,82,0,13532,14
104,72,0,11980,104
130,41,0,6895,130
74,108,0,17897,74
114,113,0,18752,114
138,166,0,27526,138
5,177,0,29233,5
121,170,1,28170,121
53,86,0,14242,53
37,176,0,29061,37
5,137,0,22633,5
16,166,1,27412,16
145,175,0,29021,145
131,5,0,956,131
44,16,0,2684,44
13,3,0,534,13
33,108,0,17846,33
149,40,0,6747,149
0,45,0,7442,0
32,44,0,7292,32
14,7,0,1157,14
68,159,0,26303,68
105,129,1,21401,105
79,205,0,33904,79
46,32,0,5323,46
54,1,0,218,54
1,142,0,23441,1
107,107,0,17764,107
118,98,1,16283,118
91,68,0,11311,91
84,46,0,7676,84
68,119,0,19703,68
83,193,1,31926,83
81,119,0,19718,81
8,166,0,27394,8
13,39,0,6474,13
156,216,1,35793,156
57,105,0,17399,57
77,102,0,16884,77
42,148,0,24460,42
108,108,0,17930,108
32,162,0,26762,32
137,130,0,21587,137
53,123,0,20347,53
10,39,0,6465,10
133,162,0,26869,133
52,192,0,31731,52
87,177,1,29292,87
62,125,1,20698,62
83,178,0,29451,83
33,37,0,6131,33
117,92,0,15301,117
8,68,0,11224,8
27,79,0,13070,27
147,198,0,32818,147
124,105,0,17447,124
124,66,1,11012,124
150,17,0,2961,150
53,53,1,8797,53
24,98,0,16207,24
22,102,0,16833,22
130,163,0,27025,130
142,170,0,28190,142
33,163,0,26921,33
77,104,0,17214,77
57,193,1,31919,57
76,136,0,22504,76
44,100,0,16544,44
15,9,0,1497,15
84,63,0,10481,84
98,101,1,16762,98
114,39,0,6542,114
31,49,0,8104,31
88,191,0,31600,88
150,90,0,15006,150
5,173,0,28573,5
128,100,0,16626,128
80,107,0,17735,80
8,28,0,4624,8
159,94,1,15669,159
131,143,1,23726,131
37,8,0,1341,37
118,136,1,22553,118
115,84,0,13964,115
114,36,0,6047,114
70,22,0,3700,70
4,123,0,20303,4
110,178,0,29489,110
42,100,0,16540,42
49,216,0,35681,49
32,51,0,8447,32
162,115,0,19138,162
26,175,0,28884,26
53,20,0,3352,53
91,198,0,32761,91
7,199,1,32835,7
137,71,0,11852,137
70,195,0,32245,70
10,166,0,27420,10
62,85,1,14098,62
105,105,1,17441,105
142,199,1,32975,142
140,122,0,20271,140
164,204,0,33821,164
150,100,0,16656,150
108,92,0,15290,108
28,124,1,20494,28
48,62,0,10277,48
46,42,0,6973,46
115,138,0,22874,115
20,189,0,31192,20
75,147,0,24322,75
6,207,0,34171,6
129,102,0,16958,129
21,99,1,16355,21
149,5,0,972,149
15,179,0,29547,15
44,156,1,25784,44
140,68,0,11361,140
164,136,1,22601,164
75,159,0,26302,75
135,124,0,20593,135
97,89,1,14781,97
87,207,0,34242,87
107,212,0,35089,107
13,149,0,24624,13
68,107,0,17723,68
158,213,0,35303,158
123,176,0,29164,123
98,119,0,19732,98
30,156,0,25767,30
70,198,0,32740,70
37,189,0,31206,37
147,108,0,17968,147
48,8,0,1367,48
87,166,0,27477,87
49,160,1,26441,49
112,157,1,26013,112
136,72,0,12012,136
31,148,0,24439,31
12,108,0,17821,12
104,8,0,1420,104
110,29,0,4904,110
115,167,0,27659,115
105,53,0,8861,105
87,200,0,33087,87
108,138,0,22880,108
114,164,0,27167,114
62,102,0,16903,62
81,102,1,16913,81
106,33,0,5548,106
80,200,0,33080,80
120,164,1,27178,120
138,157,0,26041,138
139,51,0,8553,139
163,147,0,24417,163
162,125,0,20788,162
53,118,0,19522,53
47,123,0,20344,47
0,215,0,35492,0
10,47,1,7785,10
112,40,0,6708,112
74,176,0,29117,74
19,119,0,19668,19
30,187,0,30882,30
92,102,0,16922,92
30,146,0,24117,30
92,212,1,35072,92
136,80,0,13332,136
64,129,1,21348,64
139,185,0,30663,139
62,25,1,4198,62
10,82,0,13560,10
156,70,0,11703,156
20,71,0,11722,20
135,156,1,25873,135
130,213,1,35275,130
101,59,0,9841,101
108,37,0,6215,108
31,94,0,15529,31
131,165,1,27356,131
15,97,0,16017,15
145,25,1,4271,145
52,207,0,34206,52
24,17,0,2842,24
40,120,0,19845,40
110,1,0,284,110
40,97,0,16050,40
73,20,0,3369,73
128,97,0,16131,128
124,202,0,33452,124
14,34,0,5612,14
52,81,0,13416,52
147,4,0,808,147
133,105,0,17464,133
78,103,0,17073,78
3,18,0,2980,3
32,49,0,8117,32
99,113,0,18743,99
73,37,0,6174,73
6,19,0,3151,6
151,211,1,34969,151
153,103,0,17147,153
99,63,0,10493,99
20,147,0,24262,20
151,100,0,16654,151
63,140,0,23175,63
149,25,0,4272,149
79,149,0,24664,79
104,39,0,6535,104
114,5,0,932,114
46,178,0,29413,46
125,94,0,15637,125
163,87,0,14517,163
7,149,0,24585,7
76,17,0,2869,76
135,27,0,4588,135
17,17,0,2823,17
32,33,0,5477,32
78,140,0,23178,78
145,176,0,29186,145
98,86,0,14287,98
162,28,0,4783,162
73,201,1,33234,73
12,68,0,11221,12
80,53,0,8825,80
79,184,0,30439,79
124,102,0,16952,124
148,130,0,21599,148
53,211,1,34867,53
112,74,0,12318,112
133,27,0,4594,133
124,32,0,5402,124
17,20,0,3318,17
157,136,0,22595,157
70,39,0,6505,70
77,70,0,11604,77
145,84,1,14006,145
27,119,0,19670,27
74,124,1,20537,74
87,71,0,11802,87
29,202,0,33345,29
156,19,1,3288,156
31,97,0,16024,31
164,87,1,14516,164
85,47,1,7843,85
123,41,0,6889,123
5,125,1,20653,5
15,211,1,34827,15
110,201,0,33284,110
121,148,0,24540,121
1,178,0,29381,1
157,48,0,8075,157
117,94,0,15631,117
32,24,0,3992,32
16,138,0,22792,16
10,4,0,690,10
22,51,0,8418,22
79,44,0,7339,79
113,89,1,14786,113
7,103,0,16995,7
73,15,0,2544,73
4,101,0,16673,4
164,53,0,8906,164
153,172,0,28532,153
96,49,0,8184,96
115,98,0,16274,115
32,122,1,20162,32
148,96,0,15989,148
120,87,0,14473,120
78,176,0,29118,78
57,118,0,19544,57
78,173,0,28623,78
8,122,0,20134,8
12,202,0,33331,12
25,137,0,22641,25
75,202,0,33397,75
45,32,0,5322,45
133,192,0,31819,133
96,94,0,15609,96
81,184,0,30443,81
21,150,0,24770,21
150,140,1,23256,150
45,215,0,35517,45
45,198,0,32712,45
164,5,0,986,164
46,162,0,26773,46
99,150,0,24848,99
104,89,1,14785,104
45,128,1,21162,45
96,181,0,29964,96
86,177,0,29287,86
128,205,0,33951,128
74,58,1,9647,74
76,215,1,35539,76
104,140,0,23200,104
164,29,0,4946,164
32,3,1,527,32
64,165,1,27288,64
9,87,0,14379,9
151,40,0,6754,151
103,100,0,16617,103
86,187,0,30937,86
73,198,1,32739,73
12,156,0,25741,12
37,99,0,16356,37
80,32,0,5360,80
8,192,0,31684,8
0,65,0,10742,0
27,170,0,28085,27
28,100,0,16534,28
4,187,0,30863,4
46,27,1,4498,46
54,48,0,7973,54
75,70,0,11617,75
9,34,0,5634,9
38,7,0,1184,38
88,130,0,21535,88
16,84,0,13882,16
85,13,0,2233,85
133,202,0,33469,133
112,162,0,26838,112
48,37,0,6152,48
53,128,1,21172,53
128,107,0,17781,128
157,157,0,26060,157
136,162,0,26862,136
112,166,0,27498,112
130,79,0,13165,130
139,105,1,17463,139
125,190,0,31477,125
149,173,0,28692,149
1,177,0,29216,1
9,20,0,3324,9
74,199,1,32912,74
8,147,0,24259,8
127,192,0,31805,127
9,140,0,23124,9
142,81,0,13505,142
16,179,0,29557,16
138,45,0,7561,138
30,86,0,14217,30
64,20,1,3363,64
1,115,0,18986,1
81,37,0,6188,81
129,167,1,27683,129
97,145,1,24021,97
48,56,1,9287,48
31,184,1,30379,31
47,149,0,24634,47
63,103,0,17070,63
76,70,0,11614,76
141,119,0,19777,141
99,86,0,14288,99
104,104,0,17260,104
157,33,0,5600,157
157,101,0,16820,157
16,36,0,5962,16
113,9,0,1586,113
84,187,1,30941,84
31,86,0,14209,31
5,75,0,12403,5
32,90,1,14882,32
0,162,0,26747,0
130,192,0,31810,130
47,81,0,13414,47
57,213,0,35219,57
75,50,0,8317,75
138,26,0,4426,138
47,45,0,7474,47
78,63,0,10473,78
138,191,0,31651,138
162,24,0,4123,162
78,65,0,10803,78
49,35,1,5816,49
0,198,0,32687,0
37,35,0,5796,37
80,202,0,33410,80
31,205,1,33844,31
49,100,1,16541,49
150,75,0,12531,150
128,184,0,30486,128
162,149,0,24748,162
27,93,0,15380,27
64,191,0,31578,64
149,27,0,4602,149
4,116,0,19148,4
16,208,1,34342,16
105,22,0,3746,105
57,37,0,6179,57
83,99,0,16416,83
121,56,1,9360,121
27,8,0,1355,27
19,137,1,22638,19
7,164,0,27060,7
145,81,0,13511,145
121,161,0,26685,121
25,63,0,10431,25
141,189,0,31327,141
70,90,0,14920,70
119,191,0,31620,119
162,160,0,26563,162
5,16,1,2668,5
129,205,1,33953,129
91,54,0,9001,91
115,140,1,23204,115
129,162,0,26858,129
26,5,0,834,26
24,29,0,4822,24
19,71,0,11748,19
120,184,1,30478,120
150,66,0,11046,150
139,46,0,7728,139
133,74,0,12349,133
140,151,0,25056,140
163,189,0,31347,163
139,208,0,34458,139
79,116,0,19219,79
77,154,0,25464,77
74,62,0,10307,74
114,83,0,13802,114
107,205,0,33934,107
85,40,0,6688,85
149,128,0,21267,149
51,98,0,16220,51
151,18,0,3124,151
123,157,0,26029,123
131,199,1,32966,131
77,117,0,19359,77
84,52,0,8666,84
15,24,0,3972,15
103,7,0,1272,103
12,105,1,17326,12
54,136,0,22493,54
150,91,0,15171,150
96,14,1,2409,96
40,160,0,26445,40
86,11,0,1897,86
115,108,0,17924,115
159,192,0,31839,159
70,122,0,20200,70
27,120,0,19835,27
142,198,0,32810,142
158,87,0,14513,158
130,184,1,30490,130
64,78,0,12933,64
149,205,0,33972,149
110,192,0,31799,110
32,45,0,7457,32
99,167,0,27653,99
30,39,0,6462,30
40,204,0,33705,40
130,122,1,20260,130
97,74,0,12306,97
110,88,0,14639,110
104,128,0,21220,104
27,161,0,26600,27
142,146,0,24230,142
5,97,0,16033,5
78,179,0,29613,78
27,105,0,17360,27
54,162,0,26783,54
70,163,0,26965,70
15,29,1,4797,15
158,193,1,32003,158
137,64,0,10697,137
74,187,1,30932,74
86,42,0,7012,86
21,62,0,10250,21
130,150,0,24880,130
6,189,0,31201,6
162,53,0,8908,162
26,54,0,8919,26
144,190,0,31495,144
34,160,1,26413,34
63,89,0,14760,63
38,92,0,15209,38
51,41,0,6815,51
26,11,0,1824,26
85,83,0,13783,85
92,79,0,13127,92
163,148,0,24582,163
114,82,0,13637,114
103,24,0,4077,103
164,163,0,27056,164
77,185,0,30579,77
88,117,0,19390,88
4,147,0,24263,4
16,201,0,33187,16
101,161,0,26671,101
105,87,1,14471,105
38,18,0,2999,38
92,151,0,25007,92
158,100,1,16658,158
107,17,0,2914,107
68,56,0,9308,68
145,41,0,6911,145
108,79,0,13145,108
21,173,0,28565,21
4,128,0,21128,4
142,83,0,13835,142
20,151,0,24922,20
32,13,0,2177,32
115,49,0,8189,115
31,65,0,10744,31
121,7,0,1275,121
10,75,1,12405,10
30,212,0,35007,30
136,207,0,34287,136
139,65,0,10863,139
24,83,0,13732,24
92,107,1,17747,92
46,43,0,7138,46
17,178,0,29388,17
164,39,0,6596,164
108,4,1,770,108
22,41,0,6768,22
127,147,0,24380,127
159,122,0,20289,159
1,98,0,16181,1
142,71,0,11855,142
75,40,0,6667,75
119,68,0,11325,119
129,113,0,18773,129
88,149,0,24670,88
148,11,0,1964,148
1,14,0,2321,1
77,22,0,3684,77
104,1,0,265,104
149,148,0,24567,149
52,40,0,6651,52
133,186,0,30829,133
120,129,1,21403,120
14,58,0,9572,14
10,147,0,24285,10
156,161,0,26718,156
107,14,0,2419,107
81,1,0,248,81
103,145,1,24042,103
78,56,1,9318,78
68,202,0,33398,68
97,138,0,22866,97
123,71,0,11839,123
129,8,0,1448,129
48,138,0,22817,48
44,115,0,19019,44
151,197,0,32659,151
15,181,0,29877,15
127,90,0,14975,127
51,74,0,12260,51
64,161,0,26628,64
92,145,0,24017,92
108,200,1,33110,108
108,74,0,12320,108
57,140,0,23174,57
42,85,0,14065,42
162,58,0,9733,162
47,198,1,32719,47
99,151,0,25013,99
139,140,0,23238,139
5,8,0,1348,5
107,96,0,15949,107
162,157,0,26068,162
125,113,0,18772,125
38,200,0,33029,38
149,200,0,33147,149
152,25,0,4275,152
42,122,0,20170,42
1,40,0,6611,1
0,103,0,17012,0
16,174,1,28732,16
20,36,0,5947,20
149,33,0,5592,149
73,78,0,12939,73
1,128,1,21131,1
114,7,0,1262,114
112,26,0,4398,112
118,157,1,26018,118
73,100,1,16569,73
107,45,0,7534,107
51,105,0,17375,51
77,103,0,17049,77
76,120,0,19864,76
8,4,0,664,8
118,172,0,28493,118
24,195,0,32212,24
128,143,0,23721,128
88,175,1,28960,88
47,91,0,15064,47
10,49,0,8115,10
125,74,0,12337,125
25,140,0,23136,25
44,125,1,20669,44
15,156,1,25752,15
26,87,0,14364,26
92,115,0,19067,92
84,215,1,35561,84
86,198,0,32752,86
120,195,0,32293,120
141,150,0,24892,141
33,173,0,28571,33
163,20,0,3462,163
130,33,0,5575,130
97,105,1,17421,97
153,154,0,25562,153
17,100,0,16518,17
44,48,1,7964,44
96,105,0,17424,96
112,212,1,35088,112
101,174,1,28816,101
113,199,0,32936,113
46,170,0,28093,46
17,189,0,31203,17
26,177,0,29214,26
149,104,0,17307,149
115,166,0,27494,115
120,9,0,1603,120
15,149,0,24597,15
151,129,0,21439,151
107,83,0,13804,107
57,167,0,27629,57
133,125,0,20764,133
96,4,0,759,96
80,159,0,26315,80
24,26,0,4327,24
15,189,0,31197,15
84,70,0,11636,84
1,202,1,33341,1
15,184,1,30372,15
7,132,0,21780,7
19,62,0,10263,19
38,128,0,21149,38
10,20,0,3330,10
9,195,0,32199,9
29,123,0,20310,29
24,170,0,28087,24
75,86,0,14257,75
142,4,1,800,142
26,3,0,504,26
38,54,0,8939,38
74,208,0,34397,74
87,102,0,16917,87
41,86,0,14236,41
121,43,0,7215,121
68,32,0,5348,68
117,200,0,33121,117
77,20,0,3354,77
40,82,0,13575,40
136,119,0,19767,136
127,172,0,28505,127
45,15,0,2517,45
121,120,0,19920,121
107,87,0,14464,107
34,71,0,11728,34
138,167,0,27691,138
148,113,0,18794,148
123,136,0,22564,123
112,46,0,7698,112
53,74,0,12262,53
113,179,0,29636,113
12,216,0,35641,12
101,160,0,26506,101
34,136,1,22453,34
68,22,0,3698,68
91,19,1,3226,91
34,215,0,35488,34
152,107,0,17805,152
156,103,0,17148,156
74,71,0,11792,74
88,82,0,13615,88
136,201,1,33297,136
140,40,0,6741,140
85,202,0,33418,85
73,32,1,5349,73
80,19,0,3215,80
24,18,0,3007,24
44,108,0,17864,44
36,11,0,1838,36
29,119,0,19650,29
129,83,0,13823,129
33,107,0,17681,33
139,187,1,30993,139
46,163,0,26938,46
88,185,0,30610,88
87,39,0,6522,87
97,108,0,17916,97
41,25,1,4171,41
33,150,0,24776,33
24,161,0,26602,24
159,66,0,11049,159
21,7,0,1175,21
48,46,0,7637,48
12,56,0,9241,12
21,98,0,16190,21
68,164,0,27128,68
57,200,0,33074,57
99,25,0,4223,99
8,136,0,22444,8
129,84,1,13988,129
17,122,0,20148,17
51,189,0,31235,51
28,45,0,7459,28
70,94,0,15580,70
147,179,0,29683,147
98,71,0,11812,98
107,68,0,11329,107
125,124,0,20587,125
119,204,0,33765,119
44,80,0,13244,44
44,82,0,13574,44
149,187,1,31002,149
80,63,0,10475,80
137,68,0,11357,137
158,96,0,15998,158
158,145,1,24083,158
64,211,1,34878,64
22,34,0,5613,22
17,68,1,11238,17
16,103,1,17017,16
8,56,0,9244,8
28,181,0,29899,28
118,190,0,31463,118
78,170,0,28128,78
149,201,0,33312,149
10,162,1,26760,10
97,93,0,15441,97
44,149,0,24629,44
145,190,1,31496,145
152,117,0,19455,152
28,15,0,2509,28
5,20,0,3328,5
99,96,0,15938,99
135,149,0,24718,135
68,34,0,5678,68
114,199,1,32942,114
87,174,1,28797,87
124,89,1,14807,124
113,33,0,5546,113
26,200,0,33009,26
114,191,0,31622,114
84,101,1,16751,84
32,198,0,32702,32
129,126,0,20918,129
22,173,0,28548,22
52,195,0,32226,52
101,91,0,15121,101
48,143,0,23642,48
113,201,0,33266,113
88,137,0,22690,88
15,216,0,35652,15
81,173,1,28628,81
19,52,0,8613,19
86,117,0,19387,86
83,11,0,1896,83
57,66,0,10964,57
131,88,0,14651,131
30,174,0,28737,30
129,20,0,3428,129
119,29,0,4890,119
77,187,1,30909,77
42,59,0,9775,42
27,56,0,9275,27
140,175,0,29016,140
53,59,0,9787,53
36,107,1,17678,36
74,17,0,2882,74
86,46,0,7672,86
107,90,0,14959,107
97,113,0,18741,97
76,189,0,31249,76
149,22,0,3777,149
46,101,0,16708,46
140,50,0,8391,140
163,80,0,13362,163
159,138,0,22929,159
138,96,0,15976,138
110,181,0,29984,110
77,137,0,22659,77
101,154,0,25516,101
76,22,0,3694,76
54,24,0,4013,54
27,53,1,8780,27
123,40,0,6724,123
62,11,0,1888,62
14,191,0,31517,14
101,151,0,25021,101
158,147,0,24413,158
78,36,0,6018,78
6,45,0,7441,6
133,185,0,30664,133
27,193,1,31880,27
4,113,0,18653,4
106,122,0,20233,106
31,120,0,19819,31
158,177,0,29363,158
54,99,0,16388,54
75,165,0,27292,75
119,199,1,32940,119
104,49,1,8185,104
141,156,0,25882,141
47,177,0,29254,47
99,99,0,16433,99
34,16,1,2653,34
152,29,0,4935,152
29,27,0,4470,29
37,59,0,9756,37
125,68,1,11347,125
106,63,0,10498,106
12,167,0,27556,12
88,201,0,33250,88
68,145,0,23993,68
0,83,0,13712,0
3,100,1,16510,3
21,104,0,17180,21
157,89,0,14840,157
22,147,0,24258,22
25,113,0,18681,25
123,159,0,26359,123
21,172,0,28400,21
133,22,0,3769,133
156,138,0,22923,156
117,128,0,21241,117
145,216,1,35786,145
120,132,0,21898,120
32,204,0,33692,32
42,113,0,18685,42
7,165,1,27225,7
76,102,0,16894,76
15,52,0,8592,15
99,205,1,33923,99
158,94,1,15668,158
103,215,1,35592,103
114,80,0,13307,114
24,124,0,20497,24
120,145,1,24043,120
70,59,0,9805,70
123,92,0,15304,123
78,122,0,20208,78
21,72,0,11900,21
115,50,0,8354,115
17,170,0,28068,17
117,70,0,11671,117
64,105,1,17388,64
80,179,0,29615,80
137,145,1,24062,137
118,212,0,35093,118
103,192,0,31797,103
152,166,0,27540,152
118,41,0,6878,118
19,115,0,19008,19
131,185,0,30656,131
130,20,0,3430,130
54,41,0,6818,54
142,117,0,19445,142
37,34,0,5631,37
70,118,0,19540,70
128,86,0,14316,128
15,170,0,28062,15
117,136,1,22561,117
141,91,0,15157,141
51,72,0,11930,51
31,20,0,3319,31
45,83,0,13737,45
31,216,0,35659,31
153,215,0,35627,153
47,150,0,24799,47
141,130,0,21592,141
38,47,0,7784,38
32,116,0,19172,32
152,215,0,35625,152
147,98,0,16318,147
151,215,0,35629,151
124,7,0,1277,124
147,213,1,35293,147
32,192,0,31712,32
113,28,0,4721,113
17,47,0,7773,17
32,16,0,2672,32
135,197,0,32638,135
6,89,0,14701,6
54,71,0,11768,54
44,201,0,33209,44
97,72,0,11976,97
8,174,1,28714,8
52,3,0,546,52
30,115,0,19002,30
114,32,0,5387,114
92,87,1,14447,92
76,187,1,30919,76
19,148,0,24453,19
25,120,0,19836,25
75,192,0,31747,75
17,140,0,23118,17
151,115,0,19129,151
85,176,0,29128,85
77,201,0,33219,77
24,174,1,28747,24
113,26,0,4391,113
42,164,0,27100,42
123,15,0,2599,123
99,128,0,21218,99
150,52,0,8736,150
70,32,0,5350,70
99,74,0,12308,99
145,3,0,641,145
120,172,0,28498,120
38,64,0,10589,38
57,216,0,35714,57
125,199,1,32962,125
131,53,0,8876,131
74,79,0,13112,74
115,9,0,1589,115
51,186,0,30740,51
79,88,0,14599,79
64,33,0,5508,64
92,45,0,7517,92
52,19,0,3186,52
9,213,0,35169,9
20,13,0,2152,20
108,208,0,34430,108
85,125,1,20713,85
128,49,1,8211,128
24,81,0,13402,24
28,18,0,3004,28
63,22,0,3705,63
63,104,0,17235,63
54,85,1,14078,54
36,192,0,31703,36
77,181,0,29919,77
33,156,0,25766,33
63,201,0,33240,63
75,212,0,35047,75
14,104,0,17162,14
136,120,0,19932,136
130,94,1,15640,130
78,123,0,20373,78
140,117,0,19446,140
34,7,0,1168,34
41,204,0,33706,41
64,126,0,20853,64
1,105,0,17336,1
9,26,0,4314,9
98,142,0,23527,98
151,52,0,8734,151
64,50,0,8313,64
19,43,0,7128,19
10,93,0,15375,10
98,156,1,25837,98
47,39,0,6484,47
29,130,0,21465,29
64,28,0,4683,64
10,117,1,19335,10
106,9,0,1588,106
40,87,0,14400,40
149,18,0,3117,149
135,90,0,14983,135
131,26,0,4421,131
36,18,0,2993,36
21,88,0,14540,21
34,200,0,33013,34
81,47,1,7838,81
36,13,0,2168,36
28,186,0,30724,28
117,201,0,33286,117
19,117,0,19338,19
70,5,1,895,70
129,98,0,16298,129
9,82,0,13554,9
5,172,0,28408,5
144,91,0,15160,144
144,34,0,5755,144
0,81,0,13382,0
32,101,1,16697,32
19,126,0,20823,19
105,195,0,32291,105
41,44,0,7306,41
119,14,1,2415,119
114,45,0,7532,114
3,1,0,175,3
137,204,0,33797,137
0,99,0,16352,0
28,49,1,8119,28
147,62,0,10378,147
21,105,0,17345,21
118,27,0,4568,118
41,175,0,28921,41
129,211,1,34943,129
157,8,0,1475,157
142,212,1,35120,142
47,70,0,11599,47
121,85,0,14145,121
38,187,0,30884,38
9,160,1,26424,9
164,213,0,35306,164
149,126,0,20937,149
140,58,0,9711,140
47,100,0,16549,47
31,24,0,3979,31
16,212,0,35002,16
91,184,1,30451,91
144,17,0,2950,144
103,115,0,19092,103
54,4,0,713,54
130,105,1,17455,130
129,187,0,30983,129
159,175,0,29034,159
86,92,0,15262,86
52,65,1,10776,52
115,47,0,7859,115
159,113,0,18804,159
127,175,0,29000,127
7,211,0,34815,7
113,124,0,20561,113
151,104,0,17314,151
32,36,0,5972,32
164,40,1,6761,164
118,65,1,10838,118
64,17,0,2868,64
124,79,0,13157,124
49,193,1,31886,49
79,200,0,33079,79
17,48,0,7938,17
4,208,0,34328,4
137,56,0,9377,137
119,79,0,13140,119
159,162,0,26889,159
115,59,0,9839,115
135,28,0,4753,135
28,33,0,5479,28
140,136,0,22581,140
37,207,0,34176,37
136,185,0,30657,136
124,184,1,30482,124
119,185,0,30630,119
8,140,0,23104,8
121,177,0,29325,121
156,24,0,4113,156
8,94,0,15514,8
104,172,0,28480,104
144,11,0,1960,144
48,50,0,8297,48
80,24,0,4040,80
40,123,0,20340,40
103,128,0,21237,103
118,24,0,4073,118
115,29,0,4889,115
152,88,0,14670,152
97,197,0,32601,97
13,35,1,5814,13
159,151,0,25074,159
9,103,0,17019,9
136,86,0,14322,136
12,186,0,30691,12
139,215,0,35613,139
4,80,0,13208,4
1,101,0,16676,1
129,163,0,27023,129
75,199,1,32902,75
127,22,0,3755,127
21,167,0,27575,21
77,105,1,17379,77
8,198,0,32674,8
74,22,0,3707,74
32,163,0,26927,32
151,51,0,8569,151
42,62,0,10270,42
29,204,0,33675,29
1,29,0,4796,1
14,207,0,34157,14
51,52,0,8630,51
13,7,0,1194,13
130,140,1,23230,130
131,16,0,2771,131
86,59,0,9817,86
92,78,0,12962,92
57,181,0,29939,57
159,160,0,26559,159
149,26,0,4437,149
123,64,1,10684,123
156,190,1,31503,156
3,43,0,7105,3
21,181,0,29885,21
149,83,0,13842,149
17,87,0,14373,17
136,175,0,29007,136
3,82,0,13540,3
15,50,1,8262,15
85,4,0,748,85
123,102,0,16954,123
53,56,0,9292,53
115,42,0,7034,115
8,181,0,29869,8
73,86,0,14259,73
136,44,0,7392,136
150,3,0,651,150
48,156,1,25787,48
22,149,1,24588,22
105,11,0,1931,105
120,45,0,7543,120
78,147,0,24333,78
157,175,1,29030,157
12,102,0,16831,12
153,187,0,31007,153
130,4,0,790,130
117,75,0,12496,117
136,56,0,9372,136
24,27,0,4492,24
41,170,0,28096,41
151,160,0,26554,151
6,25,0,4141,6
27,92,0,15215,27
77,163,0,26949,77
21,58,0,9590,21
48,22,0,3677,48
25,175,0,28911,25
147,25,0,4273,147
81,16,1,2723,81
78,177,1,29283,78
48,102,0,16877,48
17,18,0,2988,17
147,178,0,29518,147
70,130,0,21520,70
45,204,0,33702,45
63,36,1,6015,63
144,162,0,26875,144
6,33,0,5461,6
34,54,0,8923,34
114,108,0,17927,114
130,132,0,21910,130
136,167,0,27687,136
141,179,0,29677,141
63,166,0,27465,63
129,178,0,29498,129
19,88,0,14553,19
85,113,0,18733,85
103,99,0,16452,103
136,174,1,28842,136
162,136,0,22603,162
121,212,0,35100,121
34,35,0,5788,34
19,132,1,21813,19
117,156,1,25861,117
164,71,0,11876,164
53,116,0,19192,53
31,41,0,6784,31
0,148,0,24437,0
88,150,0,24835,88
16,102,0,16852,16
31,8,0,1339,31
98,9,0,1582,98
44,75,0,12419,44
83,59,0,9816,83
144,167,0,27700,144
117,84,1,13981,117
150,82,0,13686,150
54,116,0,19193,54
164,58,0,9731,164
107,84,0,13969,107
136,126,0,20922,136
129,16,0,2768,129
24,36,0,5977,24
36,27,0,4478,36
128,175,0,29001,128
64,49,1,8148,64
149,59,0,9882,149
36,94,0,15533,36
91,66,1,10981,91
53,89,0,14737,53
5,178,0,29398,5
103,14,1,2427,103
73,51,0,8484,73
36,156,0,25763,36
114,122,0,20237,114
123,5,0,949,123
64,148,0,24483,64
17,27,0,4473,17
151,92,0,15334,151
38,184,0,30389,38
30,207,0,34182,30
20,126,0,20797,20
97,184,1,30456,97
29,35,0,5790,29
140,96,0,15981,140
32,94,1,15542,32
21,13,0,2165,21
136,87,0,14487,136
1,186,0,30701,1
77,68,0,11274,77
49,178,0,29411,49
27,164,0,27095,27
46,124,0,20503,46
85,37,0,6193,85
152,71,0,11865,152
63,146,0,24165,63
73,205,1,33894,73
153,204,0,33812,153
141,215,0,35617,141
46,208,0,34363,46
81,97,0,16088,81
106,138,0,22873,106
75,197,0,32572,75
83,35,0,5856,83
36,126,0,20813,36
120,66,1,11008,120
135,53,0,8878,135
163,4,0,822,163
52,14,0,2361,52
157,46,0,7745,157
124,84,1,13982,124
68,147,0,24323,68
159,108,0,17979,159
148,156,0,25889,148
84,26,0,4376,84
45,149,0,24627,45
47,93,0,15394,47
115,85,0,14129,115
13,211,0,34854,13
98,146,0,24187,98
34,15,0,2488,34
14,208,0,34322,14
127,118,0,19595,127
64,90,0,14913,64
105,164,1,27176,105
101,80,0,13306,101
30,71,0,11742,30
127,11,0,1940,127
104,81,0,13465,104
147,82,0,13678,147
0,19,0,3152,0
5,163,0,26923,5
140,161,0,26706,140
130,208,0,34450,130
164,51,0,8576,164
37,16,0,2661,37
6,205,0,33841,6
1,166,0,27401,1
162,128,0,21283,162
133,66,0,11029,133
36,105,0,17348,36
48,92,0,15227,48
103,35,1,5892,103
98,46,0,7687,98
27,136,0,22475,27
12,189,0,31186,12
101,166,0,27496,101
91,41,0,6856,91
48,7,0,1202,48
38,108,0,17849,38
9,45,0,7449,9
159,104,0,17319,159
31,17,0,2824,31
80,184,0,30440,80
15,17,0,2817,15
34,165,0,27238,34
21,4,1,680,21
8,162,0,26734,8
46,120,0,19843,46
140,49,0,8226,140
141,25,1,4267,141
150,192,0,31836,150
157,7,0,1310,157
110,108,0,17939,110
112,52,0,8688,112
20,159,0,26242,20
97,189,0,31281,97
110,132,0,21899,110
13,45,0,7464,13
114,66,1,10997,114
46,80,1,13243,46
123,116,0,19264,123
98,96,0,15937,98
124,161,0,26687,124
86,205,1,33907,86
32,89,0,14717,32
33,197,0,32531,33
113,208,0,34421,113
142,122,1,20270,142
97,47,1,7851,97
130,47,0,7885,130
104,189,0,31285,104
114,154,0,25517,114
84,124,0,20546,84
33,1,0,191,33
152,43,0,7245,152
80,211,1,34895,80
22,64,0,10563,22
81,201,0,33248,81
70,97,0,16075,70
163,166,0,27552,163
104,14,1,2410,104
139,207,1,34293,139
75,85,0,14092,75
137,166,0,27527,137
44,83,0,13739,44
107,125,0,20734,107
104,125,1,20725,104
9,173,0,28569,9
25,1,0,201,25
106,74,0,12313,106
105,26,0,4406,105
49,14,0,2351,49
142,156,0,25880,142
97,115,1,19071,97
112,64,0,10668,112
76,83,0,13759,76
16,215,1,35497,16
21,125,0,20645,21
117,163,0,27016,117
96,89,1,14784,96
138,84,0,13996,138
64,122,1,20193,64
119,16,0,2745,119
30,78,0,12897,30
92,43,0,7187,92
150,62,1,10386,150
137,25,1,4262,137
51,18,0,3020,51
15,148,1,24432,15
105,99,0,16451,105
87,56,1,9327,87
119,58,0,9675,119
137,125,1,20762,137
13,140,1,23139,13
137,79,0,13172,137
5,117,1,19333,5
147,176,0,29188,147
34,148,0,24433,34
87,72,1,11967,87
34,97,0,16018,34
16,86,0,14212,16
31,150,0,24769,31
92,25,0,4217,92
148,59,0,9884,148
36,84,0,13883,36
74,116,1,19217,74
74,85,1,14102,74
88,39,0,6520,88
151,56,0,9394,151
163,62,0,10392,163
110,161,0,26684,110
25,187,0,30891,25
156,39,1,6588,156
145,149,0,24731,145
7,159,0,26235,7
112,124,0,20568,112
13,100,0,16539,13
147,28,0,4768,147
96,98,1,16269,96
103,198,0,32787,103
129,128,0,21248,129
127,150,0,24875,127
128,44,0,7386,128
21,24,0,3980,21
140,213,0,35286,140
73,88,0,14589,73
108,149,0,24695,108
140,98,0,16311,140
46,161,0,26608,46
15,201,1,33177,15
151,200,0,33154,151
101,16,0,2746,101
159,14,0,2469,159
88,9,0,1570,88
70,46,0,7660,70
47,92,0,15229,47
12,79,0,13036,12
128,103,0,17121,128
3,66,0,10900,3
91,79,0,13126,91
16,26,0,4312,16
26,148,0,24429,26
70,40,0,6670,70
86,14,0,2392,86
5,208,0,34348,5
44,24,0,4004,44
147,122,0,20278,147
112,49,0,8193,112
125,90,1,14977,125
110,4,0,779,110
158,80,1,13358,158
9,65,0,10749,9
139,32,0,5418,139
97,27,0,4551,97
6,15,0,2491,6
84,164,0,27146,84
80,186,0,30770,80
73,132,0,21849,73
98,90,0,14947,98
141,193,1,31987,141
6,118,0,19486,6
141,164,0,27202,141
12,151,0,24916,12
127,79,0,13160,127
136,97,1,16137,136
79,119,0,19714,79
142,3,0,635,142
85,138,0,22858,85
77,74,0,12264,77
80,216,0,35720,80
152,8,0,1470,152
26,186,0,30699,26
15,198,0,32682,15
26,18,0,2979,26
49,202,1,33371,49
84,118,1,19556,84
138,184,0,30496,138
15,70,0,11562,15
5,24,0,3988,5
16,39,0,6457,16
5,93,0,15373,5
28,70,0,11584,28
22,46,0,7593,22
1,190,0,31361,1
120,137,1,22723,120
118,130,0,21563,118
158,149,0,24743,158
27,25,0,4160,27
24,89,0,14722,24
140,90,0,14991,140
49,129,0,21326,49
141,62,0,10372,141
31,28,0,4639,31
121,54,0,9030,121
38,65,0,10754,38
22,29,0,4788,22
26,71,0,11724,26
158,28,0,4778,158
15,62,0,10242,15
87,89,1,14772,87
12,211,0,34816,12
29,78,0,12885,29
42,170,0,28090,42
27,4,1,695,27
14,193,0,31847,14
147,186,0,30838,147
148,124,1,20609,148
159,166,0,27549,159
33,98,0,16196,33
120,189,0,31303,120
140,186,0,30831,140
133,16,0,2779,133
81,29,0,4868,81
117,9,0,1606,117
104,98,0,16270,104
145,29,0,4931,145
64,117,0,19368,64
13,81,0,13404,13
46,193,1,31888,46
0,167,0,27572,0
107,103,0,17104,107
149,116,0,19287,149
5,32,0,5308,5
148,207,0,34304,148
5,115,0,19003,5
54,14,0,2363,54
53,11,0,1867,53
84,97,0,16091,84
16,107,0,17677,16
12,190,0,31351,12
81,3,0,578,81
147,129,0,21433,147
46,102,0,16873,46
41,212,1,35026,41
77,84,0,13914,77
163,107,0,17817,163
84,4,0,746,84
28,102,0,16864,28
141,9,0,1627,141
86,118,0,19552,86
54,170,0,28103,54
9,7,0,1179,9
37,7,0,1176,37
96,20,0,3399,96
68,40,0,6668,68
52,208,0,34371,52
87,140,1,23187,87
130,160,1,26530,130
64,213,1,35208,64
125,191,0,31642,125
81,157,0,25988,81
14,143,0,23597,14
25,211,1,34851,25
101,117,0,19411,101
98,163,0,26992,98
130,39,1,6565,130
131,93,0,15476,131
163,96,0,16002,163
128,47,0,7881,128
106,199,1,32938,106
127,18,0,3095,127
42,64,0,10600,42
0,164,0,27077,0
157,117,0,19460,157
138,162,0,26866,138
31,172,0,28399,31
104,52,0,8680,104
68,160,0,26468,68
63,11,0,1890,63
52,20,0,3351,52
117,189,0,31306,117
10,83,0,13725,10
78,19,0,3213,78
131,43,0,7226,131
7,53,1,8745,7
20,119,0,19642,20
137,36,0,6077,137
7,22,0,3630,7
33,186,0,30716,33
104,161,0,26665,104
130,92,0,15310,130
144,178,0,29515,144
36,159,0,26258,36
36,197,0,32528,36
110,35,1,5894,110
163,204,0,33822,163
114,65,0,10832,114
24,147,0,24292,24
12,82,0,13531,12
124,175,1,28997,124
80,51,0,8495,80
103,54,0,9027,103
148,75,0,12524,148
48,181,0,29912,48
44,164,0,27104,44
74,137,1,22682,74
149,56,0,9387,149
14,192,0,31682,14
147,128,0,21268,147
42,39,0,6475,42
17,145,1,23943,17
74,4,0,737,74
103,92,0,15297,103
13,161,0,26604,13
51,25,1,4175,51
130,113,0,18775,130
37,113,0,18666,37
133,13,0,2284,133
98,16,0,2737,98
14,100,0,16502,14
98,91,0,15112,98
117,56,0,9361,117
33,170,0,28076,33
21,86,1,14210,21
117,58,0,9691,117
113,97,0,16106,113
51,143,1,23645,51
107,148,0,24529,107
97,36,0,6036,97
36,163,0,26918,36
49,132,0,21821,49
99,50,0,8348,99
74,138,0,22847,74
74,167,1,27632,74
145,70,0,11696,145
77,191,0,31569,77
98,151,0,25012,98
108,161,0,26675,108
9,175,1,28899,9
0,129,0,21302,0
156,154,0,25563,156
108,181,0,29975,108
42,16,0,2680,42
48,36,0,5987,48
87,201,1,33252,87
98,128,0,21217,98
51,86,0,14240,51
104,58,0,9670,104
125,145,1,24052,125
98,4,0,757,98
106,137,1,22708,106
9,89,0,14709,9
38,80,0,13229,38
31,119,0,19654,31
40,107,0,17700,40
140,204,0,33801,140
110,213,0,35264,110
15,191,0,31527,15
15,63,0,10407,15
135,157,1,26038,135
149,44,0,7407,149
1,35,0,5786,1
28,107,0,17689,28
105,192,0,31796,105
131,174,1,28841,131
121,16,0,2760,121
22,167,0,27558,22
40,189,0,31230,40
118,123,0,20408,118
129,80,0,13328,129
114,4,0,767,114
125,215,1,35602,125
145,215,1,35621,145
25,33,0,5481,25
46,140,1,23143,46
4,193,1,31853,4
106,35,1,5878,106
156,187,0,31008,156
121,53,0,8865,121
74,205,1,33902,74
51,124,0,20510,51
74,90,0,14927,74
53,75,0,12427,53
28,29,1,4819,28
97,161,0,26661,97
158,215,1,35633,158
0,68,0,11237,0
105,187,1,30971,105
137,53,0,8882,137
108,165,0,27335,108
140,167,0,27696,140
6,7,0,1171,6
78,105,0,17403,78
46,132,0,21823,46
3,46,0,7600,3
17,193,0,31863,17
137,24,0,4097,137
144,15,0,2620,144
120,94,0,15628,120
159,98,0,16329,159
163,130,0,21612,163
99,118,0,19568,99
136,39,0,6567,136
24,187,1,30892,24
30,163,0,26922,30
108,56,0,9350,108
17,181,0,29883,17
49,96,0,15881,49
51,63,0,10445,51
128,115,0,19101,128
163,39,0,6597,163
14,98,0,16172,14
22,202,1,33333,22
139,165,0,27363,139
62,201,1,33238,62
103,36,1,6057,103
112,5,0,933,112
87,137,1,22692,87
46,86,0,14233,46
51,9,0,1535,51
0,216,0,35657,0
15,159,0,26247,15
76,63,0,10459,76
77,89,0,14739,77
152,190,0,31500,152
8,128,0,21124,8
127,17,0,2930,127
88,190,0,31435,88
21,211,0,34835,21
136,89,1,14817,136
51,177,0,29255,51
27,178,0,29405,27
156,116,0,19293,156
37,15,0,2496,37
34,142,0,23443,34
119,20,0,3405,119
96,108,0,17919,96
37,120,0,19821,37
44,52,0,8624,44
13,102,0,16869,13
5,66,1,10918,5
84,90,0,14936,84
138,193,1,31981,138
77,178,0,29424,77
33,207,0,34181,33
31,26,0,4309,31
97,28,0,4716,97
29,25,0,4140,29
14,113,0,18647,14
62,117,0,19378,62
44,78,0,12914,44
10,66,1,10920,10
77,208,0,34374,77
27,205,0,33860,27
91,84,1,13951,91
136,45,0,7557,136
46,175,1,28918,46
45,173,0,28587,45
142,142,0,23570,142
64,204,0,33723,64
130,96,0,15970,130
124,64,0,10682,124
113,150,0,24851,113
75,103,0,17062,75
92,20,0,3392,92
27,129,0,21320,27
108,166,0,27500,108
162,45,0,7588,162
86,212,0,35062,86
30,92,0,15207,30
156,58,0,9723,156
124,164,0,27182,124
27,195,0,32210,27
7,204,0,33660,7
27,207,0,34190,27
19,93,0,15378,19
105,118,1,19586,105
37,86,0,14211,37
47,136,1,22489,47
145,52,0,8726,145
142,16,0,2780,142
129,3,1,623,129
135,49,0,8218,135
85,142,0,23518,85
113,108,0,17921,113
68,208,0,34388,68
120,36,1,6058,120
103,58,0,9687,103
30,94,0,15537,30
117,97,0,16126,117
114,74,0,12317,114
13,113,0,18684,13
136,146,0,24222,136
63,178,0,29445,63
136,105,0,17457,136
22,65,1,10728,22
47,156,1,25789,47
83,138,0,22851,83
140,70,0,11691,140
145,14,1,2456,145
77,216,0,35694,77
25,167,0,27591,25
21,45,0,7445,21
135,102,0,16963,135
10,37,1,6135,10
75,215,0,35542,75
77,205,0,33879,77
62,115,0,19048,62
33,33,0,5471,33
129,43,0,7223,129
79,42,0,7009,79
73,189,0,31254,73
57,178,0,29444,57
142,179,0,29675,142
3,143,0,23605,3
75,62,0,10297,75
107,40,0,6709,107
148,160,0,26549,148
115,117,0,19409,115
74,166,0,27467,74
133,118,0,19609,133
121,101,1,16785,121
158,207,0,34313,158
133,146,0,24229,133
86,162,0,26812,86
124,88,0,14642,124
115,54,0,9014,115
85,108,0,17908,85
148,50,0,8399,148
96,159,0,26334,96
85,159,0,26323,85
105,172,0,28496,105
88,159,1,26320,88
145,202,0,33476,145
10,195,0,32205,10
49,92,0,15221,49
25,191,0,31551,25
137,5,0,962,137
20,192,0,31687,20
113,176,0,29141,113
103,48,0,8037,103
148,88,0,14669,148
85,191,0,31603,85
149,149,0,24732,149
49,99,0,16376,49
115,27,0,4559,115
133,165,1,27364,133
28,166,0,27424,28
78,211,1,34893,78
151,68,0,11374,151
96,104,0,17259,96
53,172,0,28432,53
24,75,1,12412,24
36,181,0,29888,36
73,148,0,24489,73
78,148,0,24498,78
25,52,0,8616,25
130,198,1,32800,130
10,150,0,24780,10
80,62,0,10310,80
54,207,0,34208,54
24,200,0,33037,24
1,191,0,31526,1
103,15,0,2592,103
42,123,0,20335,42
31,118,1,19489,31
77,85,0,14079,77
84,88,0,14606,84
150,88,1,14676,150
81,122,0,20213,81
97,46,0,7686,97
48,40,0,6647,48
22,143,1,23598,22
22,81,0,13368,22
12,28,0,4621,12
73,116,0,19209,73
86,176,0,29122,86
31,66,1,10909,31
135,26,0,4423,135
36,177,1,29228,36
40,66,1,10935,40
24,164,0,27097,24
131,175,0,29006,131
63,24,0,4035,63
114,46,0,7697,114
16,53,0,8767,16
13,64,0,10599,13
107,101,0,16774,107
4,74,0,12218,4
136,50,0,8382,136
3,200,0,33010,3
45,102,0,16872,45
104,195,0,32275,104
77,48,0,7974,77
33,216,0,35666,33
48,81,0,13412,48
97,18,0,3066,97
144,68,0,11365,144
30,177,0,29232,30
138,53,1,8881,138
117,65,0,10846,117
4,82,0,13538,4
158,50,0,8408,158
153,20,0,3452,153
104,34,0,5710,104
70,88,0,14590,70
117,81,0,13486,117
107,164,0,27169,107
46,195,0,32218,46
13,148,0,24459,13
3,29,0,4795,3
79,100,0,16579,79
145,1,0,311,145
139,83,0,13833,139
105,68,0,11336,105
78,1,0,243,78
113,22,0,3731,113
40,118,1,19515,40
33,125,0,20651,33
142,101,0,16805,142
70,207,0,34225,70
120,8,0,1438,120
153,35,0,5927,153
77,212,0,35034,77
106,41,0,6868,106
48,54,0,8957,48
33,145,0,23951,33
21,1,1,185,21
130,117,0,19435,130
151,187,1,31009,151
32,154,0,25442,32
57,136,0,22514,57
101,211,0,34921,101
26,129,0,21294,26
1,25,0,4136,1
124,14,1,2432,124
91,150,0,24841,91
70,215,1,35545,70
33,93,0,15371,33
31,53,0,8764,31
87,116,1,19227,87
138,39,0,6571,138
36,68,0,11243,36
112,68,0,11328,112
27,128,1,21155,27
147,75,0,12523,147
144,35,1,5920,144
6,176,0,29056,6
70,149,0,24655,70
42,32,0,5320,42
135,148,0,24553,135
97,156,1,25836,97
84,165,0,27311,84
148,136,0,22589,148
135,147,0,24388,135
137,118,1,19607,137
129,25,1,4253,129
115,14,0,2414,115
113,184,0,30461,113
76,18,0,3034,76
85,192,0,31768,85
52,86,0,14241,52
8,115,0,18979,8
153,216,0,35792,153
83,20,0,3381,83
63,174,0,28785,63
28,103,0,17029,28
33,159,0,26261,33
77,43,0,7149,77
144,22,0,3775,144
36,137,0,22628,36
47,193,1,31894,47
79,122,0,20209,79
1,46,0,7601,1
128,66,0,11016,128
133,99,0,16474,133
137,82,0,13667,137
138,50,0,8386,138
153,7,0,1307,153
127,102,0,16955,127
130,97,0,16135,130
33,138,0,22796,33
112,105,1,17433,112
87,100,0,16587,87
108,62,0,10340,108
24,198,0,32707,24
73,190,0,31419,73
133,116,0,19279,133
130,56,1,9370,130
148,32,0,5429,148
99,89,1,14783,99
164,208,0,34481,164
129,82,0,13658,129
120,39,1,6553,120
77,147,0,24309,77
153,122,0,20282,153
48,189,0,31232,48
149,34,0,5757,149
124,90,1,14972,124
97,83,0,13791,97
26,16,0,2649,26
101,8,0,1426,101
19,22,0,3663,19
107,86,0,14299,107
164,20,0,3461,164
85,8,0,1408,85
99,213,0,35243,99
52,122,0,20181,52
133,50,0,8389,133
62,136,0,22513,62
16,22,0,3652,16
41,42,0,6976,41
64,108,0,17883,64
45,162,0,26772,45
162,96,0,16003,162
136,36,0,6072,136
133,34,0,5749,133
131,186,0,30821,131
138,11,0,1951,138
36,44,0,7283,36
24,34,0,5647,24
91,78,0,12961,91
110,148,1,24539,110
79,197,0,32584,79
124,91,0,15137,124
150,125,0,20781,150
14,42,0,6932,14
139,84,0,13998,139
117,138,0,22891,117
101,68,0,11326,101
14,80,0,13202,14
30,87,0,14382,30
107,165,0,27334,107
159,54,0,9069,159
137,164,0,27197,137
127,93,0,15470,127
119,189,0,31290,119
125,159,0,26362,125
31,74,0,12229,31
151,33,0,5599,151
98,44,0,7357,98
112,201,0,33273,112
127,145,0,24050,127
124,145,1,24047,124
120,14,1,2428,120
27,27,1,4490,27
40,98,0,16215,40
115,51,0,8519,115
75,105,0,17392,75
45,119,0,19677,45
49,19,0,3176,49
70,63,0,10465,70
158,88,0,14678,158
86,9,0,1567,86
34,179,0,29548,34
121,83,0,13815,121
26,102,0,16839,26
136,93,0,15477,136
162,56,0,9403,162
91,107,0,17746,91
7,208,0,34320,7
96,7,0,1254,96
42,51,0,8455,42
20,146,0,24097,20
48,122,0,20177,48
81,13,0,2228,81
141,11,0,1957,141
84,199,1,32921,84
137,33,0,5582,137
27,156,0,25775,27
152,40,0,6750,152
28,129,0,21319,28
76,119,0,19699,76
107,211,0,34924,107
70,99,0,16405,70
45,216,0,35682,45
49,115,0,19016,49
106,62,0,10333,106
4,205,0,33833,4
40,81,0,13410,40
101,54,0,9016,101
52,100,0,16551,52
78,157,0,25983,78
137,1,0,302,137
129,174,1,28838,129
101,213,0,35251,101
57,46,0,7664,57
147,156,1,25888,147
24,87,0,14392,24
129,94,1,15638,129
104,117,0,19405,104
19,102,0,16863,19
36,166,1,27413,36
121,204,0,33780,121
130,197,0,32635,130
149,75,1,12522,149
25,20,0,3336,25
29,37,0,6120,29
158,104,0,17318,158
115,149,0,24689,115
25,84,1,13896,25
115,199,1,32939,115
92,172,0,28472,92
99,100,0,16598,99
51,173,1,28595,51
152,54,0,9060,152
157,20,0,3455,157
80,191,0,31595,80
118,150,0,24863,118
144,148,0,24565,144
142,166,0,27530,142
157,113,0,18800,157
57,156,1,25814,57
142,36,0,6080,142
135,16,0,2773,135
112,35,1,5883,112
20,84,1,13867,20
91,213,0,35236,91
49,25,1,4166,49
21,34,0,5630,21
45,99,0,16377,45
32,40,1,6632,32
85,27,0,4543,85
105,167,1,27671,105
47,43,0,7144,47
120,130,1,21568,120
79,14,0,2389,79
131,129,1,21416,131
128,202,0,33456,128
17,163,0,26913,17
145,27,0,4601,145
121,97,0,16125,121
27,102,0,16865,27
112,75,0,12483,112
78,136,0,22518,78
157,138,0,22925,157
13,107,0,17694,13
131,161,0,26696,131
83,102,0,16911,83
127,40,0,6725,127
97,49,0,8181,97
70,205,1,33895,70
120,64,1,10678,120
124,54,0,9032,124
1,86,0,14201,1
81,52,0,8663,81
3,20,0,3310,3
81,190,0,31433,81
25,105,0,17361,25
136,99,0,16467,136
136,18,0,3102,136
107,186,0,30799,107
81,205,0,33908,81
3,123,0,20305,3
30,189,0,31212,30
20,45,0,7432,20
44,148,0,24464,44
29,195,0,32190,29
54,82,0,13583,54
31,70,0,11569,31
92,44,0,7352,92
13,85,0,14064,13
5,56,1,9268,5
14,78,0,12872,14
44,207,0,34199,44
163,52,0,8742,163
124,50,0,8372,124
135,66,1,11023,135
74,5,0,902,74
133,63,0,10534,133
53,163,0,26947,53
133,44,0,7399,133
156,159,0,26388,156
136,199,1,32967,136
52,179,0,29586,52
86,142,0,23512,86
22,148,1,24423,22
16,7,0,1177,16
7,85,0,14025,7
141,165,0,27367,141
0,165,0,27242,0
128,7,0,1281,128
21,164,0,27080,21
5,51,0,8443,5
1,119,0,19646,1
10,186,0,30720,10
88,148,0,24505,88
98,143,0,23692,98
127,94,0,15635,127
105,145,1,24041,105
152,129,0,21435,152
97,125,1,20721,97
78,85,0,14103,78
33,118,0,19496,33
19,201,0,33198,19
151,198,0,32824,151
124,71,0,11837,124
6,90,0,14866,6
108,160,0,26510,108
19,48,0,7953,19
29,117,0,19320,29
47,44,0,7309,47
127,41,0,6890,127
150,212,1,35136,150
76,79,0,13099,76
45,189,0,31227,45
68,90,0,14918,68
85,151,0,25003,85
123,103,0,17119,123
105,201,0,33281,105
141,204,0,33802,141
24,119,0,19672,24
70,4,0,730,70
34,63,0,10408,34
117,71,0,11836,117
125,174,1,28837,125
14,41,0,6767,14
19,9,0,1518,19
0,43,0,7112,0
91,62,0,10321,91
14,102,0,16832,14
125,147,0,24382,125
112,149,0,24693,112
75,156,0,25807,75
158,35,1,5933,158
159,147,0,24414,159
110,177,0,29324,110
26,39,0,6444,26
21,195,0,32195,21
53,186,0,30742,53
22,40,1,6603,22
0,59,0,9752,0
149,9,0,1632,149
34,83,0,13708,34
112,66,1,10998,112
5,3,0,523,5
33,97,0,16031,33
30,193,0,31872,30
112,189,0,31293,112
157,189,0,31340,157
74,41,0,6842,74
81,103,0,17078,81
121,191,0,31635,121
45,24,0,4002,45
10,120,0,19830,10
87,142,1,23517,87
45,40,0,6642,45
85,179,0,29623,85
85,72,0,11968,85
46,90,0,14893,46
3,72,1,11890,3
38,178,0,29399,38
99,19,0,3233,99
123,36,0,6064,123
135,192,0,31813,135
151,82,0,13684,151
88,146,0,24175,88
17,179,0,29553,17
37,81,0,13386,37
79,189,0,31264,79
86,195,0,32257,86
5,71,0,11743,5
84,11,0,1901,84
36,145,0,23948,36
51,94,0,15560,51
42,125,0,20665,42
113,91,0,15116,113
130,82,0,13660,130
13,159,0,26274,13
31,34,0,5629,31
49,46,0,7631,49
1,204,0,33671,1
21,202,0,33350,21
24,160,0,26437,24
64,64,0,10623,64
29,208,0,34335,29
128,200,0,33126,128
16,64,0,10582,16
1,26,0,4301,1
54,65,1,10778,54
0,187,0,30872,0
158,170,0,28208,158
105,107,1,17771,105
9,119,0,19659,9
14,142,0,23432,14
156,36,0,6093,156
141,94,0,15652,141
121,108,0,17940,121
0,70,0,11567,0
85,32,0,5368,85
19,130,0,21483,19
118,162,0,26843,118
44,145,0,23969,44
144,176,0,29185,144
118,173,1,28658,118
123,90,0,14974,123
129,64,0,10688,129
129,192,0,31808,129
29,1,0,180,29
141,126,0,20932,141
44,87,0,14399,44
49,56,1,9281,49
85,174,1,28798,85
74,63,0,10472,74
36,138,0,22793,36
97,75,1,12471,97
106,113,0,18748,106
46,172,0,28423,46
159,190,0,31509,159
137,39,0,6572,137
17,138,0,22788,17
101,7,0,1261,101
106,195,0,32278,106
42,204,0,33700,42
106,45,0,7528,106
3,157,0,25915,3
128,122,0,20256,128
28,198,0,32704,28
124,97,1,16127,124
163,173,0,28707,163
151,162,0,26884,151
151,190,0,31504,151
54,195,0,32228,54
106,167,0,27658,106
8,22,0,3634,8
128,59,0,9861,128
128,193,1,31971,128
115,34,0,5714,115
13,163,0,26934,13
51,119,0,19685,51
104,35,1,5875,104
81,137,1,22688,81
92,85,0,14117,92
87,202,0,33417,87
147,162,0,26878,147
25,17,0,2841,25
76,174,1,28774,76
22,49,1,8088,22
123,74,0,12334,123
120,202,0,33448,120
163,208,0,34482,163
48,184,1,30407,48
106,132,0,21883,106
86,179,0,29617,86
153,27,0,4607,153
31,98,0,16189,31
42,126,0,20830,42
62,92,0,15253,62
92,200,0,33092,92
101,64,0,10666,101
145,68,0,11366,145
129,166,0,27518,129
41,165,1,27271,41
46,22,0,3673,46
87,154,0,25497,87
84,71,0,11801,84
8,123,0,20299,8
63,5,1,900,63
32,26,0,4322,32
15,48,0,7932,15
6,36,0,5956,6
107,216,0,35749,107
15,8,0,1332,15
164,34,0,5771,164
104,174,1,28810,104
7,50,0,8250,7
30,160,0,26427,30
38,34,0,5639,38
106,92,0,15283,106
121,189,0,31305,121
16,216,0,35662,16
25,45,0,7461,25
45,41,0,6807,45
162,187,0,31018,162
140,187,0,30996,140
17,65,1,10743,17
78,156,0,25818,78
52,157,0,25956,52
87,163,0,26982,87
75,43,0,7162,75
127,204,0,33785,127
41,15,0,2521,41
131,137,1,22736,131
25,92,0,15216,25
137,159,0,26372,137
31,200,0,33019,31
107,62,0,10339,107
145,147,0,24401,145
142,72,0,12020,142
162,52,0,8743,162
110,119,0,19754,110
120,53,0,8863,120
120,89,1,14803,120
133,154,0,25549,133
62,193,1,31918,62
150,85,1,14181,150
13,44,0,7299,13
151,164,0,27214,151
158,64,0,10718,158
99,160,0,26498,99
119,161,0,26670,119
119,123,0,20400,119
92,176,0,29132,92
124,4,0,782,124
130,118,1,19600,130
76,89,0,14749,76
12,91,0,15016,12
64,137,1,22668,64
140,103,0,17136,140
162,184,0,30523,162
131,84,1,13991,131
1,120,0,19811,1
7,192,0,31680,7
97,4,0,756,97
98,172,0,28477,98
157,125,0,20780,157
22,54,0,8913,22
137,105,1,17462,137
144,42,0,7075,144
25,71,0,11751,25
138,200,0,33136,138
99,41,0,6863,99
164,9,0,1646,164
32,54,0,8942,32
129,191,0,31643,129
79,154,0,25489,79
92,93,0,15437,92
156,101,0,16818,156
119,102,0,16935,119
12,184,0,30361,12
4,93,0,15353,4
117,202,0,33451,117
108,68,0,11330,108
42,201,0,33205,42
3,79,0,13045,3
62,86,0,14263,62
12,123,0,20296,12
159,46,0,7749,159
118,74,0,12323,118
114,88,0,14627,114
118,86,0,14303,118
150,51,0,8571,150
22,37,0,6108,22
13,28,0,4659,13
135,36,0,6073,135
123,43,0,7219,123
19,213,0,35178,19
45,186,0,30732,45
147,52,0,8728,147
0,52,0,8597,0
84,147,0,24341,84
37,123,0,20316,37
105,70,0,11666,105
83,98,1,16251,83
107,64,1,10669,107
54,81,0,13418,54
17,115,0,18993,17
128,71,0,11841,128
31,104,0,17179,31
7,213,0,35145,7
91,189,0,31276,91
24,167,0,27592,24
21,11,0,1835,21
5,52,0,8608,5
47,53,1,8794,47
25,43,0,7131,25
45,146,0,24132,45
130,102,0,16960,130
141,72,0,12022,141
14,13,0,2147,14
147,47,0,7903,147
53,178,0,29422,53
47,22,0,3679,47
92,97,0,16097,92
25,42,0,6966,25
26,191,0,31524,26
52,150,0,24801,52
38,98,0,16199,38
0,179,0,29552,0
144,129,0,21430,144
5,192,0,31708,5
113,39,0,6536,113
44,177,0,29249,44
85,107,0,17743,85
101,27,0,4561,101
114,94,0,15617,114
22,190,1,31353,22
22,128,1,21123,22
52,118,0,19521,52
83,53,1,8826,83
118,174,1,28823,118
114,54,0,9017,114
80,15,0,2555,80
37,178,0,29391,37
77,160,0,26454,77
121,93,0,15465,121
164,93,1,15506,164
34,191,0,31528,34
84,54,0,8996,84
113,147,0,24356,113
68,18,0,3038,68
149,87,0,14502,149
34,103,0,17008,34
85,215,1,35563,85
153,138,0,22922,153
138,130,0,21586,138
136,108,0,17952,136
129,45,0,7553,129
32,34,0,5642,32
115,16,0,2744,115
34,41,0,6778,34
114,160,1,26507,114
99,90,0,14948,99
120,44,0,7378,120
141,27,0,4597,141
96,161,0,26664,96
14,156,0,25742,14
33,117,0,19331,33
70,8,0,1390,70
147,83,0,13843,147
1,147,0,24266,1
163,187,0,31017,163
81,124,0,20543,81
77,167,0,27609,77
79,68,0,11299,79
21,116,0,19160,21
115,8,0,1424,115
159,42,0,7089,159
149,91,0,15162,149
110,215,1,35594,110
76,159,0,26299,76
8,120,0,19804,8
83,126,0,20871,83
152,197,0,32655,152
48,28,0,4667,48
98,85,0,14122,98
12,215,1,35476,12
110,71,0,11834,110
135,8,0,1453,135
17,14,0,2328,17
131,45,0,7556,131
6,17,0,2821,6
157,185,0,30680,157
84,16,0,2726,84
112,198,1,32778,112
3,9,0,1495,3
32,173,1,28577,32
149,160,0,26547,149
140,137,0,22746,140
8,177,0,29209,8
0,130,0,21467,0
16,213,0,35167,16
88,170,0,28135,88
70,19,0,3205,70
30,181,0,29892,30
138,172,0,28516,138
145,199,1,32981,145
22,207,0,34158,22
97,88,0,14616,97
80,59,0,9815,80
4,3,0,503,4
16,35,1,5797,16
63,88,0,14595,63
51,1,0,215,51
6,53,0,8761,6
92,129,1,21377,92
14,199,1,32837,14
99,170,0,28148,99
15,81,0,13377,15
142,102,0,16970,142
40,101,0,16710,40
64,65,1,10788,64
140,36,0,6081,140
133,78,0,13009,133
1,42,0,6941,1
131,48,0,8051,131
157,49,1,8240,157
48,124,0,20507,48
24,49,0,8122,24
104,190,1,31450,104
38,156,0,25769,38
33,149,0,24611,33
8,216,0,35644,8
101,149,0,24691,101
88,215,1,35560,88
145,173,0,28691,145
38,45,0,7454,38
15,18,0,2982,15
144,45,0,7570,144
123,51,0,8539,123
150,47,1,7911,150
38,46,0,7619,38
153,56,0,9392,153
44,34,0,5654,44
91,179,0,29626,91
144,193,1,31990,144
123,166,0,27514,123
114,20,0,3407,114
131,97,0,16136,131
10,8,0,1350,10
86,113,0,18727,86
138,58,0,9706,138
135,164,0,27193,135
63,150,0,24825,63
74,25,1,4202,74
16,150,0,24772,16
29,53,1,8760,29
119,126,0,20895,119
75,34,0,5677,75
148,92,0,15329,148
150,58,0,9726,150
48,146,0,24137,48
140,37,0,6246,140
30,204,0,33687,30
53,161,0,26617,53
53,36,0,5992,53
45,13,0,2187,45
1,179,0,29546,1
141,187,0,30997,141
9,156,0,25764,9
36,101,0,16688,36
38,193,0,31874,38
76,28,0,4684,76
79,115,0,19054,79
98,105,0,17422,98
8,13,0,2149,8
114,124,0,20567,114
147,59,0,9883,147
17,92,0,15198,17
79,207,0,34234,79
156,151,0,25068,156
44,159,0,26279,44
153,86,0,14342,153
45,8,0,1362,45
119,142,0,23535,119
36,8,0,1343,36
1,215,0,35486,1
64,35,1,5838,64
129,150,0,24878,129
28,173,1,28579,28
101,26,0,4396,101
156,117,0,19458,156
123,119,0,19759,123
147,78,0,13018,147
118,62,0,10343,118
87,94,0,15597,87
45,212,1,35022,45
137,83,0,13832,137
53,13,1,2197,53
87,20,0,3387,87
97,211,1,34911,97
1,7,0,1166,1
105,66,1,11006,105
5,104,0,17188,5
121,103,1,17115,121
130,130,0,21580,130
118,120,0,19913,118
91,162,0,26821,91
30,167,0,27582,30
163,16,0,2802,163
106,20,0,3403,106
99,32,0,5378,99
5,44,0,7288,5
12,195,0,32176,12
84,167,0,27641,84
150,117,0,19461,150
150,16,1,2796,150
162,26,0,4453,162
27,82,0,13565,27
32,27,0,4487,32
7,20,0,3300,7
63,71,1,11790,63
19,199,1,32868,19
30,63,0,10422,30
8,143,0,23599,8
156,150,0,24903,156
70,85,1,14095,70
98,136,1,22537,98
77,45,0,7479,77
149,49,1,8232,149
150,126,0,20946,150
76,213,1,35209,76
14,16,0,2642,14
81,25,0,4208,81
45,58,0,9612,45
16,122,0,20152,16
98,150,0,24847,98
140,212,1,35121,140
142,85,0,14165,142
54,156,0,25793,54
153,11,0,1967,153
87,62,0,10317,87
10,100,1,16530,10
81,34,0,5693,81
4,51,0,8423,4
108,143,0,23705,108
120,147,0,24373,120
26,52,0,8589,26
131,195,0,32306,131
131,100,0,16631,131
158,7,0,1313,158
10,11,0,1845,10
156,91,0,15168,156
136,115,0,19107,136
119,88,0,14625,119
97,22,0,3726,97
26,46,0,7599,26
79,105,0,17404,79
99,156,0,25838,99
40,201,0,33210,40
144,163,0,27040,144
124,35,1,5897,124
151,103,0,17149,151
128,37,0,6231,128
48,104,0,17207,48
124,75,0,12497,124
80,80,0,13280,80
163,104,0,17322,163
139,82,0,13668,139
110,137,1,22724,110
121,13,0,2265,121
86,167,0,27637,86
128,148,0,24546,128
36,88,1,14543,36
15,160,1,26412,15
47,32,0,5329,47
77,16,0,2694,77
115,177,0,29309,115
135,63,0,10528,135
88,85,0,14110,88
153,104,0,17312,153
144,156,0,25885,144
32,78,0,12902,32
70,172,0,28450,70
113,101,0,16766,113
20,88,1,14527,20
40,159,0,26280,40
145,136,0,22586,145
96,179,0,29634,96
145,167,0,27701,145
80,140,0,23180,80
42,4,0,700,42
84,80,0,13286,84
37,80,0,13221,37
21,138,0,22790,21
130,156,1,25870,130
3,16,1,2650,3
17,199,1,32853,17
84,197,0,32591,84
107,140,0,23209,107
22,33,0,5448,22
113,18,0,3071,113
127,149,0,24710,127
38,149,0,24614,38
127,33,0,5570,127
57,64,0,10634,57
106,150,0,24853,106
117,193,1,31966,117
130,172,0,28510,130
156,7,0,1308,156
148,154,0,25559,148
38,148,0,24449,38
127,9,0,1610,127
85,137,1,22693,85
128,78,0,12996,128
156,92,0,15333,156
13,167,0,27594,13
81,156,0,25823,81
21,129,0,21305,21
128,145,0,24051,128
4,124,0,20468,4
151,96,0,15994,151
108,47,1,7865,108
41,49,1,8131,41
85,36,0,6028,85
152,50,0,8400,152
77,40,0,6654,77
15,142,0,23442,15
37,166,0,27411,37
3,205,1,33835,3
46,50,0,8293,46
104,100,0,16600,104
76,4,1,724,76
114,64,1,10667,114
105,14,1,2426,105
1,189,0,31196,1
19,195,0,32208,19
17,190,0,31368,17
62,151,0,24988,62
46,28,0,4663,46
129,156,1,25868,129
137,93,0,15482,137
81,9,0,1568,81
8,40,0,6604,8
37,36,1,5961,37
110,100,0,16619,110
26,198,0,32679,26
15,195,0,32187,15
105,136,1,22556,105
16,190,0,31372,16
127,58,0,9695,127
19,140,0,23133,19
5,65,0,10753,5
88,20,0,3385,88
7,200,0,33000,7
74,193,1,31922,74
136,34,0,5742,136
42,199,1,32875,42
92,148,0,24512,92
45,165,1,27267,45
40,187,1,30900,40
68,212,0,35048,68
76,53,1,8809,76
105,122,1,20246,105
99,51,0,8513,99
76,39,0,6499,76
157,145,1,24080,157
99,192,0,31778,99
54,94,0,15563,54
137,74,0,12347,137
84,116,0,19226,84
42,65,0,10765,42
107,92,0,15289,107
42,46,0,7630,42
85,143,0,23683,85
158,156,0,25898,158
131,117,0,19436,131
162,13,0,2308,162
162,162,0,26893,162
144,119,0,19780,144
31,208,0,34339,31
128,162,0,26856,128
73,19,1,3204,73
98,94,0,15607,98
145,86,0,14336,145
32,157,0,25937,32
113,64,0,10661,113
135,137,1,22738,135
148,97,0,16154,148
79,94,0,15589,79
117,147,0,24376,117
104,102,0,16930,104
10,96,0,15870,10
25,9,0,1521,25
52,159,0,26286,52
131,125,1,20756,131
159,145,0,24084,159
129,137,1,22733,129
68,150,0,24818,68
28,159,0,26269,28
114,156,1,25847,114
36,118,0,19493,36
19,8,0,1353,19
20,8,0,1327,20
80,185,0,30605,80
127,27,0,4580,127
115,97,0,16109,115
150,26,0,4446,150
77,145,0,23979,77
137,100,0,16637,137
92,59,0,9827,92
156,45,0,7578,156
78,18,0,3048,78
32,98,0,16202,32
44,118,0,19514,44
51,89,1,14735,51
87,86,0,14277,87
127,207,0,34280,127
87,91,0,15102,87
8,52,0,8584,8
28,20,0,3334,28
3,88,0,14530,3
1,195,0,32186,1
114,22,0,3737,114
33,11,0,1841,33
42,142,0,23470,42
34,11,0,1828,34
107,35,0,5884,107
21,59,0,9755,21
131,191,0,31646,131
31,174,1,28729,31
86,54,0,8992,86
140,25,0,4266,140
70,34,0,5680,70
49,85,0,14066,49
108,25,1,4235,108
36,100,0,16523,36
131,148,1,24551,131
28,132,0,21814,28
5,179,0,29563,5
145,116,0,19286,145
162,66,0,11053,162
20,113,0,18652,20
28,113,0,18679,28
159,181,0,30024,159
101,29,0,4891,101
75,25,0,4192,75
103,138,0,22887,103
107,79,0,13144,107
46,34,0,5653,46
118,45,0,7538,118
1,181,0,29876,1
79,85,0,14104,79
22,163,0,26898,22
110,122,0,20249,110
129,13,1,2273,129
15,166,1,27402,15
151,208,0,34474,151
22,68,0,11223,22
92,18,0,3062,92
86,49,0,8167,86
48,216,0,35687,48
133,130,0,21589,133
152,45,0,7575,152
120,122,0,20248,120
8,86,0,14194,8
119,107,1,17760,119
107,24,0,4069,107
57,102,0,16904,57
105,202,0,33446,105
92,136,1,22532,92
81,36,0,6023,81
81,48,0,8003,81
1,80,0,13211,1
75,89,0,14752,75
16,3,0,517,16
119,43,0,7200,119
3,53,0,8755,3
91,90,0,14941,91
73,162,0,26799,73
92,65,1,10817,92
101,202,0,33436,101
40,39,0,6480,40
34,170,0,28063,34
57,56,0,9314,57
45,201,0,33207,45
118,63,0,10508,118
15,150,0,24762,15
79,199,1,32914,79
64,27,0,4518,64
32,120,0,19832,32
125,92,0,15307,125
78,16,0,2718,78
70,123,0,20365,70
133,191,0,31654,133
4,50,0,8258,4
153,178,1,29522,153
153,199,1,32987,153
29,22,0,3645,29
113,44,0,7361,113
38,207,0,34184,38
150,146,0,24246,150
147,159,0,26383,147
20,78,0,12877,20
151,178,0,29524,151
33,166,0,27416,33
133,113,0,18784,133
137,199,1,32972,137
131,25,1,4256,131
86,43,0,7177,86
19,160,0,26433,19
164,37,1,6266,164
112,72,0,11988,112
17,96,0,15858,17
104,119,0,19735,104
14,56,0,9242,14
63,83,0,13770,63
37,44,0,7281,37
87,105,1,17412,87
77,122,0,20184,77
107,54,0,9019,107
114,193,0,31952,114
133,33,0,5584,133
37,56,0,9261,37
31,40,1,6619,31
49,145,1,23966,49
78,82,0,13608,78
87,136,1,22527,87
75,140,0,23167,75
136,125,0,20757,136
80,9,0,1565,80
32,65,1,10757,32
112,99,0,16443,112
159,56,0,9399,159
120,58,0,9688,120
37,70,0,11571,37
96,53,0,8844,96
129,195,0,32303,129
28,72,1,11914,28
136,8,0,1452,136
53,50,0,8302,53
13,13,0,2184,13
136,187,0,30987,136
46,72,0,11923,46
133,177,0,29344,133
12,177,0,29206,12
150,9,1,1641,150
47,146,0,24139,47
108,156,0,25850,108
76,49,1,8149,76
162,104,0,17323,162
33,181,0,29891,33
124,96,0,15962,124
52,216,1,35691,52
91,83,0,13786,91
78,91,0,15093,78
14,70,0,11552,14
62,90,1,14923,62
12,5,0,826,12
70,154,0,25480,70
133,90,0,14989,133
86,164,1,27142,86
117,89,0,14806,117
136,96,0,15972,136
153,198,0,32822,153
48,165,0,27272,48
103,4,0,777,103
106,192,0,31783,106
138,159,0,26371,138
112,192,0,31788,112
105,8,0,1436,105
96,70,0,11649,96
128,198,1,32796,128
130,8,0,1450,130
163,28,0,4782,163
26,24,0,3969,26
73,167,0,27624,73
36,49,1,8108,36
41,28,0,4666,41
131,13,0,2276,131
63,86,0,14265,63
104,17,0,2905,104
16,198,0,32692,16
121,82,0,13650,121
153,99,0,16487,153
53,37,0,6157,53
53,100,0,16552,53
27,39,0,6470,27
77,101,0,16719,77
101,11,0,1921,101
115,143,0,23699,115
34,186,0,30703,34
62,124,0,20533,62
151,14,0,2464,151
125,15,0,2602,125
115,104,0,17264,115
96,59,0,9834,96
20,120,0,19807,20
75,129,0,21352,75
149,215,0,35622,149
112,132,0,21888,112
7,172,0,28380,7
148,129,0,21434,148
84,178,0,29456,84
140,216,0,35781,140
21,19,0,3155,21
144,197,0,32650,144
28,157,0,25939,28
162,34,0,5773,162
151,184,0,30514,151
136,160,0,26532,136
139,122,0,20268,139
76,216,0,35704,76
86,93,0,15427,86
141,79,0,13177,141
7,64,0,10560,7
9,14,0,2334,9
29,47,0,7770,29
10,22,0,3660,10
6,201,0,33181,6
0,40,0,6617,0
10,118,0,19500,10
125,119,1,19762,125
62,35,0,5848,62
101,125,0,20731,101
47,186,0,30739,47
104,187,1,30955,104
34,82,0,13543,34
33,189,0,31211,33
62,28,0,4693,62
76,25,0,4189,76
37,208,0,34341,37
51,164,0,27110,51
124,123,0,20417,124
13,84,0,13899,13
105,170,1,28166,105
49,24,0,4001,49
42,25,0,4165,42
70,104,0,17230,70
104,9,0,1585,104
13,26,0,4329,13
28,46,0,7624,28
6,83,0,13711,6
42,34,0,5650,42
138,113,0,18781,138
128,53,1,8871,128
105,4,1,776,105
22,160,1,26403,22
145,193,1,31991,145
162,14,0,2473,162
6,82,0,13546,6
142,159,0,26375,142
1,148,0,24431,1
137,215,1,35612,137
85,117,0,19393,85
26,160,0,26409,26
128,72,0,12006,128
77,204,0,33714,77
9,207,0,34179,9
104,192,0,31780,104
51,85,0,14075,51
17,49,0,8103,17
77,189,0,31239,77
141,202,0,33472,141
76,129,0,21349,76
78,89,0,14763,78
70,156,1,25810,70
147,205,0,33973,147
92,189,0,31277,92
78,175,0,28953,78
98,7,0,1252,98
114,63,0,10502,114
13,98,0,16209,13
84,107,1,17741,84
12,166,0,27391,12
13,181,0,29904,13
105,47,0,7871,105
150,211,0,34971,150
142,91,0,15155,142
158,181,0,30023,158
20,33,0,5452,20
115,96,0,15944,115
34,150,0,24763,34
144,175,0,29020,144
110,25,0,4244,110
17,175,0,28893,17
150,115,0,19131,150
41,41,0,6811,41
78,24,0,4038,78
42,191,0,31555,42
25,198,0,32706,25
101,200,0,33106,101
83,29,1,4866,83
128,40,0,6726,128
117,64,1,10681,117
128,14,0,2436,128
164,103,0,17156,164
83,150,0,24831,83
103,187,1,30972,103
70,100,0,16570,70
141,146,0,24232,141
75,37,0,6172,75
135,123,0,20428,135
57,82,0,13604,57
36,70,0,11573,36
3,187,0,30865,3
9,165,0,27249,9
42,161,0,26605,42
133,151,0,25054,133
159,80,0,13359,159
112,211,1,34923,112
70,164,1,27130,70
28,148,0,24454,28
159,58,0,9729,159
73,123,0,20364,73
127,85,0,14150,127
76,105,0,17389,76
157,54,0,9065,157
87,157,0,25992,87
52,129,0,21336,52
77,51,0,8469,77
19,47,0,7788,19
29,170,0,28065,29
108,191,0,31625,108
98,149,0,24682,98
99,146,0,24188,99
54,200,0,33053,54
113,19,0,3236,113
26,159,0,26244,26
30,104,0,17187,30
148,4,0,809,148
114,129,1,21392,114
22,87,1,14358,22
16,37,0,6127,16
114,85,0,14132,114
29,147,0,24270,29
84,146,0,24176,84
129,215,1,35603,129
31,165,0,27244,31
119,148,0,24525,119
123,91,0,15139,123
139,4,0,798,139
77,179,0,29589,77
20,54,0,8917,20
32,70,0,11582,32
81,117,0,19388,81
140,59,0,9876,140
41,101,0,16711,41
34,80,0,13213,34
8,204,0,33664,8
6,37,0,6121,6
152,164,0,27210,152
107,157,0,26014,107
153,185,0,30677,153
33,211,0,34841,33
73,59,0,9804,73
151,3,1,649,151
87,34,0,5697,87
34,145,1,23938,34
54,58,1,9623,54
152,178,0,29520,152
115,3,0,599,115
87,28,0,4707,87
32,58,0,9602,32
148,20,0,3449,148
25,26,0,4326,25
119,85,0,14130,119
159,83,0,13854,159
32,92,0,15212,32
106,8,0,1423,106
12,197,0,32506,12
0,204,0,33677,0
145,156,1,25886,145
99,172,0,28478,99
7,43,0,7095,7
88,47,0,7840,88
151,113,0,18799,151
149,136,0,22587,149
34,1,0,178,34
133,101,0,16804,133
106,99,0,16438,106
123,216,1,35764,123
44,29,0,4829,44
164,102,0,16991,164
119,143,1,23700,119
99,148,0,24518,99
119,87,1,14460,119
103,113,0,18762,103
76,198,0,32734,76
52,5,1,876,52
3,3,0,505,3
108,189,0,31295,108
103,22,0,3747,103
70,201,1,33235,70
135,189,0,31318,135
142,82,0,13670,142
79,128,0,21199,79
163,11,0,1977,163
8,27,0,4459,8
110,113,0,18764,110
57,40,0,6674,57
78,87,1,14433,78
83,172,0,28461,83
83,154,1,25491,83
133,18,0,3109,133
29,198,0,32685,29
147,117,0,19453,147
8,178,0,29374,8
107,29,0,4894,107
62,74,0,12283,62
49,64,0,10601,49
108,124,0,20570,108
26,97,0,16014,26
16,160,1,26422,16
86,185,0,30607,86
77,79,0,13089,77
37,129,0,21306,37
83,65,0,10806,83
140,148,0,24561,140
36,198,0,32693,36
88,84,0,13945,88
16,129,0,21307,16
25,89,0,14721,25
38,165,0,27254,38
92,17,0,2897,92
162,19,0,3298,162
40,43,0,7140,40
25,68,1,11256,25
8,39,0,6439,8
42,3,0,535,42
46,25,1,4168,46
34,132,0,21793,34
42,167,0,27595,42
30,199,1,32862,30
84,175,0,28961,84
148,8,0,1469,148
84,130,0,21536,84
36,113,0,18668,36
157,81,0,13520,157
21,212,0,35000,21
147,8,0,1468,147
40,213,0,35190,40
103,190,1,31467,103
144,71,0,11860,144
19,138,0,22803,19
105,184,1,30476,105
14,122,0,20132,14
137,163,0,27032,137
148,72,0,12029,148
13,99,0,16374,13
88,145,0,24010,88
135,173,0,28678,135
118,1,0,278,118
48,24,0,4007,48
79,187,0,30934,79
159,86,0,14349,159
112,94,1,15618,112
85,9,0,1573,85
104,150,0,24850,104
37,157,0,25926,37
129,212,0,35108,129
68,185,0,30593,68
106,181,0,29968,106
28,14,0,2344,28
9,102,0,16854,9
21,94,0,15530,21
51,102,0,16880,51
52,199,0,32886,52
92,143,0,23687,92
125,101,1,16792,125
152,122,0,20280,152
28,11,0,1849,28
157,18,0,3125,157
51,198,0,32720,51
26,124,0,20469,26
86,99,0,16417,86
9,148,0,24444,9
101,122,0,20236,101
64,26,0,4353,64
106,71,0,11818,106
80,166,0,27470,80
96,88,0,14619,96
52,172,0,28431,52
113,85,0,14126,113
142,149,1,24725,142
80,137,0,22685,80
7,92,0,15180,7
33,167,0,27581,33
10,190,1,31380,10
41,78,0,12916,41
7,101,0,16665,7
129,207,0,34283,129
77,11,0,1869,77
0,93,0,15362,0
97,140,0,23196,97
108,198,0,32780,108
9,177,1,29229,9
5,160,0,26428,5
135,115,0,19108,135
149,167,0,27702,149
76,80,1,13264,76
49,49,0,8126,49
81,120,0,19883,81
15,58,0,9582,15
48,108,0,17867,48
57,150,0,24824,57
120,128,0,21238,120
1,43,0,7106,1
24,58,0,9607,24
8,104,0,17164,8
37,130,0,21471,37
53,175,0,28927,53
81,143,0,23678,81
138,115,0,19111,138
26,26,0,4299,26
84,81,0,13451,84
101,207,0,34261,101
123,7,0,1279,123
80,26,0,4370,80
131,164,1,27191,131
3,87,1,14365,3
107,51,0,8524,107
156,80,1,13353,156
27,71,0,11750,27
151,54,0,9064,151
91,125,1,20716,91
5,116,0,19168,5
75,84,0,13927,75
140,146,0,24231,140
144,157,0,26050,144
162,64,0,10723,162
30,26,0,4317,30
164,195,0,32336,164
164,181,0,30026,164
85,51,0,8503,85
157,9,0,1640,157
159,146,0,24249,159
76,75,0,12439,76
64,120,0,19863,64
54,13,1,2198,54
144,98,1,16315,144
108,46,0,7700,108
22,14,1,2313,22
123,72,0,12004,123
45,154,0,25452,45
53,5,0,877,53
5,119,0,19663,5
13,5,0,864,13
81,108,0,17903,81
87,68,0,11307,87
124,17,0,2927,124
133,11,0,1954,133
75,128,0,21187,75
98,74,0,12307,98
144,8,0,1465,144
0,33,0,5462,0
103,160,0,26517,103
47,42,0,6979,47
36,201,0,33188,36
74,215,1,35552,74
76,145,0,23989,76
77,124,0,20514,77
129,72,0,12008,129
124,42,0,7052,124
20,175,1,28882,20
16,93,0,15367,16
22,195,0,32178,22
92,118,0,19562,92
130,115,0,19105,130
158,17,1,2963,158
36,47,0,7778,36
162,84,1,14023,162
0,193,0,31862,0
13,125,0,20664,13
74,50,0,8327,74
136,66,1,11022,136
108,148,0,24530,108
5,167,0,27583,5
12,150,0,24751,12
15,54,0,8922,15
115,107,1,17759,115
127,211,0,34940,127
106,79,1,13138,106
135,78,0,13003,135
153,25,0,4277,153
97,70,0,11646,97
28,65,0,10759,28
97,173,1,28641,97
6,161,0,26581,6
29,100,0,16515,29
42,89,0,14725,42
129,53,1,8873,129
38,132,0,21809,38
137,151,0,25052,137
99,215,0,35573,99
106,193,0,31948,106
138,72,0,12016,138
136,81,0,13497,136
128,88,0,14646,128
25,205,0,33861,25
32,22,0,3662,32
150,187,0,31011,150
133,85,0,14164,133
9,94,0,15534,9
144,120,0,19945,144
21,140,1,23120,21
45,66,0,10932,45
46,216,0,35683,46
36,20,0,3323,36
38,201,0,33194,38
140,201,0,33306,140
1,192,0,31691,1
81,145,0,24008,81
88,161,0,26650,88
52,116,0,19191,52
114,70,0,11657,114
64,58,1,9633,64
13,154,0,25449,13
140,105,0,17466,140
99,207,0,34253,99
68,102,0,16898,68
42,71,0,11755,42
79,124,0,20539,79
22,164,0,27063,22
80,148,0,24500,80
16,142,1,23452,16
125,213,0,35272,125
131,198,1,32801,131
30,53,0,8772,30
137,176,0,29177,137
51,140,0,23150,51
127,115,0,19100,127
77,54,0,8964,77
153,128,0,21272,153
135,162,0,26863,135
92,39,1,6527,92
162,138,0,22933,162
44,150,0,24794,44
83,66,0,10971,83
133,80,0,13339,133
150,72,0,12036,150
153,124,1,20612,153
81,79,0,13118,81
114,137,1,22712,114
131,58,0,9701,131
30,148,0,24447,30
163,116,0,19302,163
145,87,0,14501,145
9,138,0,22794,9
149,64,0,10707,149
145,128,0,21266,145
107,33,0,5554,107
3,175,1,28885,3
3,178,0,29380,3
153,166,0,27542,153
22,176,1,29043,22
104,123,0,20395,104
133,93,0,15484,133
28,53,0,8779,28
40,205,1,33870,40
8,175,0,28879,8
150,204,0,33816,150
83,50,0,8331,83
73,17,0,2874,73
148,70,0,11699,148
115,65,0,10829,115
145,122,0,20276,145
80,177,0,29285,80
47,157,1,25954,47
24,66,0,10927,24
85,170,0,28138,85
136,64,0,10692,136
107,151,0,25024,107
83,80,1,13281,83
76,115,0,19039,76
28,78,0,12904,28
129,86,0,14318,129
153,68,0,11372,153
114,178,0,29477,114
52,97,0,16056,52
97,68,0,11316,97
87,58,0,9657,87
63,97,0,16080,63
158,115,0,19133,158
162,43,0,7258,162
140,126,0,20931,140
47,119,0,19684,47
110,5,0,944,110
51,32,0,5330,51
163,125,0,20787,163
136,117,0,19437,136
107,19,0,3244,107
115,87,0,14459,115
79,162,0,26809,79
164,156,0,25901,164
51,104,0,17210,51
127,185,0,30650,127
103,175,1,28992,103
1,201,0,33176,1
137,103,1,17132,137
20,17,0,2812,20
115,146,0,24194,115
121,99,0,16455,121
108,8,0,1430,108
135,101,0,16798,135
64,125,1,20688,64
13,59,0,9774,13
162,85,0,14188,162
140,86,0,14331,140
16,101,0,16687,16
127,159,0,26360,127
42,81,0,13405,42
45,98,0,16212,45
21,52,0,8600,21
49,165,1,27266,49
104,50,0,8350,104
16,88,0,14542,16
41,37,0,6151,41
158,105,1,17483,158
64,124,0,20523,64
83,34,0,5691,83
145,187,0,31001,145
44,98,1,16214,44
32,82,0,13562,32
15,130,0,21462,15
92,98,1,16262,92
64,100,0,16563,64
32,35,1,5807,32
108,63,0,10505,108
48,85,0,14072,48
33,81,0,13391,33
159,102,0,16989,159
77,47,0,7809,77
25,138,0,22806,25
80,150,0,24830,80
128,80,1,13326,128
124,85,0,14147,124
88,128,1,21205,88
114,123,0,20402,114
139,198,0,32808,139
139,36,1,6078,139
103,50,0,8367,103
8,75,0,12379,8
38,3,0,524,38
119,72,0,11985,119
75,99,0,16402,75
114,101,1,16772,114
128,43,0,7221,128
0,26,0,4307,0
125,40,0,6727,125
119,41,0,6870,119
113,24,0,4061,113
97,143,1,23691,97
135,29,0,4918,135
99,140,0,23198,99
63,45,0,7500,63
97,216,1,35736,97
137,62,0,10367,137
46,20,0,3343,46
70,157,0,25975,70
54,103,0,17048,54
57,4,0,734,57
41,22,0,3676,41
45,125,0,20667,45
140,28,0,4761,140
38,215,1,35504,38
36,179,0,29558,36
29,75,0,12390,29
163,181,0,30027,163
159,124,0,20619,159
125,34,0,5737,125
153,22,0,3782,153
77,26,0,4344,77
110,54,0,9029,110
150,113,0,18801,150
137,49,0,8222,137
4,166,0,27398,4
131,177,1,29336,131
3,104,0,17170,3
137,167,0,27692,137
74,1,0,242,74
140,173,0,28686,140
98,70,0,11647,98
37,145,0,23946,37
104,151,0,25015,104
157,66,0,11045,157
140,16,0,2781,140
156,13,0,2298,156
131,7,0,1286,131
74,200,0,33077,74
85,100,0,16588,85
85,80,0,13288,85
96,46,0,7689,96
20,50,1,8257,20
48,91,0,15062,48
52,62,0,10281,52
76,184,1,30424,76
14,186,0,30692,14
10,56,1,9270,10
51,90,0,14900,51
87,173,1,28632,87
21,78,1,12890,21
74,34,0,5687,74
139,201,1,33303,139
33,91,0,15041,33
138,175,0,29011,138
114,9,0,1592,114
29,181,0,29880,29
27,181,1,29900,27
80,201,0,33245,80
127,205,0,33950,127
77,32,0,5334,77
142,107,0,17795,142
150,92,0,15336,150
152,97,0,16155,152
54,164,0,27113,54
32,164,0,27092,32
156,157,0,26058,156
83,107,0,17736,83
110,166,0,27509,110
62,22,0,3703,62
108,71,0,11825,108
33,51,0,8441,33
7,116,1,19140,7
120,165,1,27343,120
25,51,0,8451,25
27,123,0,20330,27
96,193,1,31944,96
7,63,0,10395,7
24,63,0,10432,24
4,86,0,14198,4
92,191,0,31607,92
103,104,1,17277,103
80,120,0,19880,80
26,64,0,10569,26
105,56,0,9356,105
3,179,0,29545,3
99,124,0,20558,99
26,164,0,27069,26
106,68,0,11323,106
32,5,0,857,32
47,99,0,16384,47
107,126,0,20899,107
98,88,0,14617,98
138,22,0,3766,138
9,59,0,9759,9
85,43,0,7183,85
7,118,0,19470,7
84,192,0,31766,84
15,212,1,34992,15
150,159,0,26391,150
158,202,0,33488,158
41,32,0,5326,41
41,92,0,15226,41
159,118,0,19629,159
127,195,0,32300,127
88,4,0,745,88
74,40,0,6677,74
54,16,0,2693,54
125,70,0,11677,125
17,39,0,6453,17
98,84,1,13957,98
104,184,1,30460,104
133,54,0,9049,133
88,1,0,250,88
127,52,0,8705,127
30,154,0,25437,30
144,143,0,23740,144
162,167,0,27718,162
130,199,1,32965,130
57,42,0,7004,57
150,118,0,19626,150
41,190,1,31396,41
28,175,0,28909,28
139,80,0,13338,139
81,20,0,3383,81
118,200,0,33113,118
105,85,0,14141,105
112,215,1,35583,112
139,53,1,8883,139
77,156,0,25794,77
113,193,0,31946,113
88,22,0,3715,88
48,29,0,4832,48
30,179,0,29562,30
37,46,0,7611,37
14,184,0,30362,14
28,16,0,2674,28
123,86,0,14314,123
34,39,0,6448,34
42,179,0,29575,42
163,34,0,5772,163
141,13,0,2287,141
110,16,0,2759,110
17,117,0,19323,17
149,96,0,15987,149
112,148,0,24528,112
104,165,0,27325,104
41,45,0,7471,41
34,185,0,30538,34
19,129,0,21318,19
51,15,0,2525,51
150,184,0,30516,150
145,35,1,5921,145
41,1,0,211,41
156,160,0,26553,156
135,198,0,32803,135
47,165,0,27274,47
79,45,0,7504,79
158,37,1,6263,158
105,166,1,27506,105
21,207,0,34175,21
16,178,0,29392,16
158,82,0,13688,158
46,136,0,22483,46
34,18,0,2983,34
148,102,0,16979,148
87,132,0,21867,87
142,192,0,31820,142
48,167,0,27602,48
123,192,0,31804,123
42,42,0,6970,42
101,156,0,25846,101
142,88,0,14660,142
148,13,0,2294,148
80,113,0,18725,80
103,208,0,34437,103
150,208,0,34476,150
30,89,1,14712,30
145,90,0,14996,145
157,132,0,21935,157
22,90,0,14853,22
164,118,0,19631,164
46,11,0,1858,46
118,191,0,31628,118
151,66,0,11044,151
26,56,0,9249,26
135,88,0,14653,135
120,35,1,5893,120
46,117,0,19348,46
153,1,0,317,153
92,186,0,30782,92
75,162,0,26797,75
12,25,0,4126,12
78,212,0,35058,78
51,36,0,5990,51
76,101,0,16729,76
138,177,0,29341,138
144,195,0,32320,144
113,187,0,30956,113
24,108,0,17857,24
129,29,0,4913,129
44,22,0,3674,44
21,91,0,15035,21
21,71,0,11735,21
57,34,0,5684,57
46,94,0,15553,46
158,16,0,2798,158
51,149,0,24635,51
38,84,0,13889,38
79,89,0,14764,79
121,172,0,28500,121
87,41,0,6852,87
0,145,0,23942,0
8,142,1,23434,8
86,25,1,4207,86
131,204,0,33791,131
53,91,0,15067,53
142,29,0,4925,142
76,99,0,16399,76
80,74,0,12290,80
163,172,0,28542,163
6,24,0,3976,6
33,56,0,9266,33
97,16,0,2736,97
62,142,0,23503,62
17,107,0,17673,17
152,78,0,13020,152
115,99,0,16439,115
49,201,1,33206,49
48,145,1,23972,48
156,3,0,648,156
127,35,1,5900,127
7,104,0,17160,7
3,63,0,10405,3
118,164,0,27173,118
13,40,0,6639,13
9,149,0,24609,9
144,123,0,20440,144
8,124,0,20464,8
27,199,1,32870,27
141,49,0,8227,141
22,32,0,5283,22
74,45,0,7502,74
49,215,1,35516,49
107,170,0,28159,107
137,192,0,31817,137
79,137,0,22684,79
4,198,0,32678,4
159,49,0,8244,159
27,142,0,23465,27
53,117,0,19357,53
16,47,0,7777,16
3,186,0,30700,3
64,94,0,15573,64
29,17,0,2820,29
129,28,0,4748,129
86,186,0,30772,86
63,50,0,8325,63
105,137,1,22721,105
44,101,0,16709,44
77,118,0,19524,77
41,80,0,13246,41
0,178,0,29387,0
36,189,0,31208,36
84,198,0,32756,84
34,49,0,8098,34
87,46,0,7677,87
44,107,0,17699,44
97,129,1,21381,97
115,26,0,4394,115
78,101,0,16743,78
118,99,0,16448,118
103,49,0,8202,103
20,186,0,30697,20
151,154,0,25564,151
104,91,0,15115,104
91,116,0,19231,91
118,181,0,29978,118
83,202,0,33411,83
91,205,1,33916,91
128,35,0,5901,128
6,166,0,27406,6
139,202,1,33468,139
42,79,0,13075,42
128,179,0,29661,128
52,140,0,23151,52
86,181,0,29947,86
28,174,1,28744,28
131,36,0,6071,131
119,96,0,15945,119
4,16,0,2648,4
41,164,0,27106,41
141,201,0,33307,141
68,197,0,32573,68
3,62,0,10240,3
70,175,0,28945,70
37,103,1,17016,37
104,36,0,6040,104
78,207,0,34233,78
3,126,0,20800,3
105,58,0,9686,105
148,29,0,4934,148
128,15,0,2601,128
150,70,0,11706,150
33,195,0,32201,33
31,154,0,25429,31
36,102,0,16853,36
142,75,0,12515,142
21,157,0,25925,21
63,41,0,6840,63
121,39,0,6555,121
121,100,0,16620,121
129,130,0,21578,129
105,34,0,5726,105
108,75,0,12485,108
38,62,0,10259,38
52,64,0,10611,52
45,92,0,15222,45
16,70,1,11572,16
115,216,0,35744,115
149,50,0,8397,149
3,71,0,11725,3
63,44,0,7335,63
29,173,0,28560,29
140,163,0,27036,140
52,13,0,2196,52
115,208,0,34424,115
105,72,0,11996,105
120,104,1,17278,120
88,71,0,11800,88
57,47,0,7829,57
30,175,0,28902,30
147,90,0,14998,147
29,107,1,17670,29
70,91,0,15085,70
105,140,0,23216,105
44,59,0,9779,44
3,172,0,28390,3
68,104,0,17228,68
33,39,0,6461,33
156,136,0,22593,156
75,54,0,8977,75
1,157,0,25916,1
128,159,0,26361,128
27,9,1,1520,27
98,148,0,24517,98
24,52,0,8617,24
85,124,0,20548,85
123,143,0,23719,123
97,11,0,1911,97
16,159,0,26257,16
118,122,1,20243,118
54,177,0,29258,54
29,66,0,10905,29
63,99,0,16410,63
73,35,1,5844,73
112,1,0,273,112
27,16,0,2675,27
153,202,0,33482,153
54,184,0,30413,54
96,200,0,33099,96
32,125,1,20657,32
40,84,1,13905,40
107,56,0,9349,107
25,4,0,696,25
123,170,0,28174,123
17,8,0,1338,17
28,37,1,6139,28
78,184,1,30438,78
97,45,0,7521,97
118,72,0,11993,118
133,89,0,14824,133
9,13,0,2169,9
41,205,1,33871,41
151,156,0,25894,151
153,92,0,15332,153
92,50,0,8342,92
157,137,0,22760,157
138,124,0,20596,138
129,103,1,17123,129
52,136,0,22491,52
76,74,0,12274,76
54,32,0,5333,54
130,186,0,30820,130
83,78,0,12951,83
120,187,1,30973,120
9,151,0,24939,9
28,83,0,13729,28
98,191,0,31612,98
37,87,1,14376,37
68,87,0,14423,68
86,156,0,25822,86
63,52,0,8655,63
113,59,0,9836,113
17,72,0,11898,17
5,94,0,15538,5
13,173,1,28584,13
88,65,1,10810,88
57,20,0,3374,57
127,213,0,35270,127
108,86,0,14300,108
25,102,0,16866,25
13,29,0,4824,13
106,161,0,26668,106
1,193,0,31856,1
140,52,0,8721,140
68,173,0,28613,68
147,115,0,19123,147
77,25,0,4179,77
163,53,1,8907,163
10,32,0,5310,10
117,99,0,16456,117
108,78,0,12980,108
120,97,0,16123,120
52,52,0,8631,52
91,43,0,7186,91
75,64,0,10627,75
121,140,0,23220,121
80,173,0,28625,80
30,173,0,28572,30
29,108,0,17835,29
36,184,0,30383,36
81,58,0,9653,81
7,96,0,15840,7
4,150,0,24758,4
31,167,0,27574,31
114,97,1,16112,114
125,63,0,10522,125
121,87,0,14475,121
107,161,0,26674,107
87,216,1,35727,87
120,116,0,19258,120
70,179,0,29605,70
130,44,0,7390,130
117,41,0,6886,117
119,11,0,1920,119
147,150,0,24898,147
27,187,1,30890,27
62,37,0,6178,62
53,4,0,712,53
5,17,1,2833,5
81,129,1,21368,81
103,140,1,23217,103
42,213,0,35185,42
64,16,0,2703,64
30,27,0,4482,30
115,64,0,10664,115
6,72,1,11896,6
163,14,0,2472,163
125,48,1,8047,125
125,11,0,1942,125
7,136,0,22440,7
137,15,0,2612,137
157,19,0,3290,157
30,140,0,23127,30
123,160,0,26524,123
19,198,0,32703,19
4,63,0,10403,4
83,115,0,19056,83
9,16,0,2664,9
156,22,0,3783,156
157,126,0,20945,157
63,39,0,6510,63
19,113,0,18678,19
79,136,0,22519,79
32,84,1,13892,32
117,32,0,5401,117
17,56,0,9258,17
10,126,0,20820,10
128,56,0,9366,128
16,63,0,10417,16
37,164,0,27081,37
121,40,0,6720,121
1,96,0,15851,1
113,63,0,10496,113
123,211,0,34939,123
4,34,0,5618,4
5,201,1,33193,5
118,90,1,14963,118
41,202,0,33376,41
120,88,0,14638,120
163,41,0,6927,163
34,98,0,16183,34
26,161,0,26574,26
1,44,0,7271,1
96,124,0,20559,96
106,37,0,6208,106
57,148,0,24494,57
131,193,1,31976,131
96,149,0,24684,96
115,181,0,29969,115
85,65,1,10813,85
85,118,1,19558,85
30,45,0,7452,30
149,164,0,27207,149
113,62,0,10331,113
151,20,0,3454,151
5,165,1,27253,5
5,26,0,4318,5
140,101,0,16806,140
63,90,0,14925,63
118,147,1,24368,118
8,3,0,499,8
44,200,0,33044,44
40,42,0,6975,40
63,7,0,1230,63
36,16,0,2663,36
45,16,0,2682,45
77,15,0,2529,77
141,157,0,26047,141
25,165,0,27261,25
33,126,0,20816,33
9,192,0,31704,9
110,129,0,21404,110
87,176,0,29127,87
162,1,0,328,162
88,172,0,28465,88
150,167,0,27711,150
147,26,0,4438,147
130,25,1,4255,130
106,197,0,32608,106
70,189,0,31255,70
98,59,0,9832,98
81,44,0,7343,81
138,212,0,35116,138
41,211,1,34861,41
31,62,0,10249,31
63,79,0,13110,63
77,165,1,27279,77
136,25,1,4257,136
147,64,0,10708,147
5,166,0,27418,5
114,44,0,7367,114
52,44,0,7311,52
46,52,0,8623,46
131,146,0,24221,131
34,175,0,28888,34
47,189,0,31234,47
42,22,0,3670,42
63,51,0,8490,63
88,16,0,2725,88
79,103,0,17074,79
91,161,0,26656,91
27,174,0,28745,27
121,122,0,20250,121
135,52,0,8713,135
136,202,0,33462,136
83,74,0,12291,83
91,186,0,30781,91
85,66,1,10978,85
147,81,0,13513,147
45,129,0,21327,45
29,159,1,26250,29
105,119,0,19751,105
7,93,0,15345,7
120,72,1,11998,120
164,98,0,16331,164
6,40,0,6616,6
142,157,0,26045,142
49,3,0,536,49
119,207,0,34260,119
133,42,0,7069,133
144,18,0,3115,144
163,7,0,1317,163
163,1,0,327,163
6,100,0,16516,6
124,172,0,28502,124
40,74,0,12255,40
13,4,0,699,13
80,123,0,20375,80
153,177,0,29357,153
47,68,1,11269,47
8,105,0,17329,8
63,132,0,21855,63
9,117,0,19329,9
158,49,0,8243,158
45,79,0,13077,45
86,62,0,10312,86
29,184,0,30375,29
150,102,0,16986,150
4,62,0,10238,4
144,147,0,24400,144
151,42,0,7084,151
159,128,0,21279,159
34,197,0,32518,34
135,154,0,25543,135
151,147,0,24409,151
112,33,0,5553,112
91,163,0,26986,91
20,42,0,6937,20
4,132,0,21788,4
12,36,0,5941,12
115,19,0,3239,115
32,71,0,11747,32
159,36,0,6099,159
46,202,1,33373,46
142,137,0,22745,142
150,48,0,8076,150
108,199,1,32945,108
152,205,0,33975,152
150,128,1,21276,150
21,189,0,31205,21
92,125,1,20717,92
48,162,0,26777,48
57,172,0,28454,57
3,181,0,29875,3
80,4,0,740,80
136,211,1,34947,136
142,33,0,5585,142
12,84,0,13861,12
107,48,0,8029,107
81,46,0,7673,81
133,189,0,31324,133
145,46,0,7736,145
158,124,0,20618,158
121,215,1,35595,121
20,68,0,11227,20
149,186,0,30837,149
120,175,1,28993,120
87,143,1,23682,87
96,72,0,11979,96
92,52,0,8672,92
9,122,0,20154,9
136,142,0,23562,136
139,56,1,9378,139
114,84,1,13967,114
13,216,0,35679,13
53,115,0,19027,53
9,49,0,8109,9
79,186,0,30769,79
76,94,0,15574,76
141,46,0,7732,141
5,80,0,13228,5
153,129,0,21437,153
113,149,0,24686,113
152,49,1,8235,152
121,124,0,20580,121
99,117,0,19403,99
46,79,0,13078,46
6,14,0,2326,6
25,70,0,11586,25
51,54,0,8960,51
57,89,0,14759,57
70,86,0,14260,70
7,48,0,7920,7
1,156,0,25751,1
107,163,0,27004,107
7,163,0,26895,7
138,7,0,1291,138
110,82,0,13649,110
51,7,0,1205,51
48,100,0,16547,48
112,100,0,16608,112
150,89,1,14841,150
151,17,0,2959,151
140,75,1,12516,140
76,65,1,10789,76
75,204,0,33727,75
46,104,0,17203,46
10,72,1,11910,10
10,189,1,31215,10
7,205,0,33825,7
36,62,0,10253,36
104,186,0,30790,104
88,63,0,10480,88
142,15,0,2615,142
62,119,0,19708,62
121,70,0,11670,121
21,118,0,19490,21
52,28,0,4671,52
48,75,0,12422,48
15,128,1,21132,15
129,185,1,30653,129
4,33,0,5453,4
77,116,0,19194,77
131,92,0,15311,131
105,75,1,12491,105
164,62,0,10391,164
32,187,0,30887,32
7,47,0,7755,7
87,198,0,32757,87
136,9,0,1617,136
14,43,0,7097,14
115,176,0,29144,115
15,4,1,672,15
159,100,0,16659,159
44,72,0,11924,44
121,143,1,23715,121
129,22,0,3758,129
41,79,0,13081,41
142,213,0,35285,142
117,213,0,35266,117
8,202,0,33334,8
83,79,0,13116,83
87,33,0,5532,87
152,105,0,17475,152
101,100,0,16606,101
45,156,0,25782,45
80,87,1,14435,80
148,82,0,13679,148
148,3,0,644,148
83,136,0,22521,83
27,154,0,25445,27
13,197,0,32544,13
41,3,1,541,41
121,79,0,13155,121
80,52,0,8660,80
153,201,0,33317,153
17,148,0,24438,17
38,56,0,9269,38
148,94,0,15659,148
4,163,0,26903,4
152,151,0,25065,152
88,51,0,8500,88
37,175,0,28896,37
26,132,0,21789,26
147,140,0,23248,147
10,136,0,22470,10
77,195,0,32229,77
38,154,0,25439,38
128,192,0,31806,128
145,92,0,15326,145
40,27,0,4500,40
12,89,0,14686,12
87,3,1,582,87
17,7,0,1173,17
30,80,0,13227,30
26,143,0,23604,26
75,13,0,2212,75
81,14,0,2393,81
91,13,0,2236,91
16,65,0,10747,16
19,178,0,29403,19
163,65,1,10887,163
74,145,0,24002,74
144,47,0,7900,144
131,9,0,1616,131
26,37,0,6114,26
45,54,0,8952,45
105,89,1,14801,105
115,162,0,26834,115
129,116,0,19268,129
27,167,1,27590,27
144,24,0,4105,144
148,211,0,34964,148
105,193,1,31961,105
114,150,1,24857,114
156,84,1,14013,156
120,22,0,3748,120
130,26,0,4420,130
75,191,0,31582,75
54,126,0,20843,54
129,165,0,27353,129
138,4,0,796,138
25,208,0,34356,25
62,143,0,23668,62
79,65,1,10804,79
144,96,0,15985,144
114,59,0,9842,114
47,98,0,16219,47
105,175,1,28991,105
73,48,1,7989,73
17,146,0,24108,17
44,102,0,16874,44
57,32,0,5354,57
64,51,0,8478,64
91,119,0,19726,91
140,65,0,10866,140
30,138,0,22797,30
3,207,0,34165,3
29,166,0,27405,29
104,97,0,16105,104
88,101,0,16750,88
120,102,0,16948,120
44,13,0,2189,44
114,93,0,15452,114
147,107,0,17803,147
162,72,0,12043,162
81,99,0,16418,81
13,132,0,21819,13
153,9,0,1637,153
57,186,0,30764,57
53,113,0,18697,53
120,27,0,4573,120
96,173,1,28644,96
31,50,1,8269,31
47,166,0,27439,47
48,89,0,14732,48
4,117,0,19313,4
6,42,0,6946,6
24,90,0,14887,24
113,145,0,24026,113
22,85,1,14028,22
77,166,0,27444,77
14,32,0,5282,14
118,80,0,13313,118
84,103,0,17081,84
114,201,1,33272,114
9,137,0,22629,9
137,177,0,29342,137
36,148,0,24443,36
76,29,0,4849,76
3,176,0,29050,3
46,68,1,11263,46
152,125,0,20775,152
24,86,0,14227,24
133,59,0,9874,133
26,146,0,24099,26
48,84,0,13907,48
108,123,0,20405,108
9,46,0,7614,9
21,82,1,13550,21
115,215,0,35579,115
128,29,0,4911,128
150,108,0,17976,150
6,213,0,35161,6
41,52,0,8626,41
70,190,0,31420,70
68,126,0,20858,68
47,170,0,28099,47
140,13,0,2286,140
144,53,0,8890,144
148,52,0,8729,148
123,156,0,25864,123
142,37,0,6245,142
150,119,0,19791,150
120,113,0,18763,120
73,128,0,21189,73
64,123,0,20358,64
86,124,0,20542,86
77,170,0,28104,77
13,129,0,21324,13
1,198,0,32681,1
162,20,0,3463,162
57,39,0,6509,57
47,96,0,15889,47
115,40,0,6704,115
40,198,0,32715,40
141,14,0,2452,141
125,142,0,23557,125
13,128,0,21159,13
157,140,0,23255,157
113,105,0,17426,113
112,24,0,4068,112
99,79,0,13133,99
47,26,0,4339,47
147,74,0,12358,147
14,64,1,10562,14
53,197,0,32557,53
106,136,0,22543,106
36,24,0,3983,36
73,165,1,27294,73
113,122,0,20231,113
147,119,0,19783,147
17,79,0,13053,17
87,48,1,8007,87
22,136,1,22443,22
62,59,0,9808,62
114,17,0,2912,114
32,185,0,30557,32
123,120,0,19924,123
26,66,0,10899,26
158,18,0,3128,158
7,146,0,24090,7
51,167,0,27605,51
88,136,1,22525,88
147,51,0,8563,147
83,190,0,31431,83
106,78,0,12973,106
7,1,0,165,7
87,179,0,29622,87
48,5,0,872,48
118,66,1,11003,118
74,54,0,8987,74
44,195,0,32219,44
87,208,0,34407,87
127,156,0,25865,127
20,99,0,16342,20
40,83,0,13740,40
88,94,0,15595,88
29,41,0,6780,29
151,122,0,20284,151
62,140,0,23173,62
86,81,0,13447,86
136,176,0,29172,136
46,212,0,35023,46
136,65,0,10857,136
47,190,0,31399,47
106,98,0,16273,106
24,165,0,27262,24
26,99,0,16344,26
53,129,0,21337,53
88,100,0,16585,88
156,94,0,15663,156
83,211,1,34896,83
68,137,0,22673,68
33,164,0,27086,33
106,123,0,20398,106
42,140,0,23140,42
74,28,0,4697,74
88,192,0,31765,88
149,175,0,29022,149
48,193,1,31892,48
113,213,0,35246,113
113,45,0,7526,113
114,136,1,22547,114
19,89,0,14718,19
136,190,0,31482,136
0,51,0,8432,0
104,145,1,24025,104
119,86,0,14295,119
158,47,1,7913,158
105,123,0,20411,105
76,96,0,15904,76
85,105,0,17413,85
21,32,0,5300,21
118,193,1,31958,118
78,138,0,22848,78
149,170,0,28197,149
158,86,0,14348,158
24,143,0,23632,24
34,213,0,35158,34
31,11,0,1834,31
57,101,0,16739,57
158,186,0,30848,158
163,84,0,14022,163
98,174,1,28807,98
163,15,0,2637,163
149,62,0,10377,149
96,143,1,23694,96
76,142,0,23494,76
152,91,0,15165,152
151,189,0,31339,151
41,62,0,10276,41
163,9,0,1647,163
142,25,0,4265,142
136,78,0,13002,136
12,71,0,11716,12
144,159,0,26380,144
17,132,0,21798,17
88,195,0,32260,88
85,97,1,16093,85
157,5,0,980,157
113,92,0,15281,113
158,184,1,30518,158
9,101,0,16689,9
57,51,0,8489,57
101,107,0,17761,101
152,65,1,10875,152
118,142,0,23543,118
29,105,0,17340,29
106,46,0,7693,106
8,145,0,23929,8
91,172,0,28471,91
138,147,0,24391,138
139,190,0,31488,139
130,74,0,12340,130
164,78,0,13031,164
106,19,0,3238,106
128,28,0,4746,128
7,166,0,27390,7
115,5,0,929,115
105,138,0,22886,105
32,86,0,14222,32
48,14,0,2357,48
141,47,0,7897,141
104,84,1,13960,104
124,187,0,30977,124
88,24,0,4045,88
38,119,0,19664,38
106,162,0,26833,106
135,128,1,21253,135
150,198,0,32826,150
164,145,1,24086,164
139,48,0,8058,139
42,147,0,24295,42
119,166,1,27495,119
101,94,0,15616,101
64,201,0,33228,64
118,132,0,21893,118
150,96,0,15996,150
130,19,0,3265,130
86,151,1,24997,86
137,28,0,4757,137
3,28,0,4630,3
101,13,0,2251,101
81,172,0,28463,81
78,28,0,4698,78
32,215,1,35507,32
53,119,0,19687,53
22,103,0,16998,22
79,98,0,16249,79
34,181,0,29878,34
3,26,0,4300,3
157,122,0,20285,157
104,160,1,26500,104
47,148,0,24469,47
159,199,1,32994,159
107,138,0,22879,107
42,47,0,7795,42
62,7,0,1228,62
162,154,0,25573,162
128,156,0,25866,128
149,15,0,2622,149
105,165,1,27341,105
13,58,0,9609,13
81,45,0,7508,81
139,191,0,31653,139
26,63,0,10404,26
118,160,0,26513,118
27,78,0,12905,27
26,211,0,34824,26
115,136,0,22544,115
88,25,0,4210,88
91,27,0,4546,91
46,130,0,21493,46
127,81,0,13490,127
153,75,0,12527,153
151,143,0,23749,151
107,176,0,29149,107
142,58,1,9710,142
51,122,1,20180,51
27,20,0,3335,27
145,201,0,33311,145
104,185,0,30625,104
114,162,0,26837,114
137,59,0,9872,137
131,42,1,7061,131
26,1,0,174,26
8,65,1,10729,8
112,205,1,33933,112
24,142,0,23467,24
40,143,1,23640,40
40,56,0,9285,40
103,147,0,24372,103
76,86,0,14254,76
37,115,0,18996,37
51,213,0,35195,51
162,190,0,31513,162
48,41,0,6812,48
46,58,1,9613,46
135,54,0,9043,135
91,146,0,24181,91
106,118,0,19573,106
98,154,0,25507,98
12,103,0,16996,12
15,145,1,23937,15
52,41,0,6816,52
113,160,0,26501,113
162,156,0,25903,162
96,211,1,34914,96
38,49,0,8114,38
87,9,0,1572,87
47,15,0,2524,47
16,123,0,20317,16
0,176,0,29057,0
13,199,1,32874,13
152,181,0,30015,152
45,130,0,21492,45
68,165,0,27293,68
103,120,0,19917,103
74,128,1,21197,74
27,87,1,14390,27
49,82,0,13571,49
24,22,0,3667,24
54,87,0,14408,54
110,185,0,30644,110
22,36,0,5943,22
9,193,0,31869,9
86,160,0,26482,86
106,208,0,34423,106
96,178,0,29469,96
141,35,0,5917,141
37,181,0,29886,37
149,172,0,28527,149
36,164,0,27083,36
64,138,0,22833,64
81,200,0,33083,81
53,159,1,26287,53
81,50,0,8333,81
16,40,0,6622,16
98,122,1,20227,98
151,119,0,19789,151
34,104,0,17173,34
83,51,0,8496,83
133,123,0,20434,133
125,161,0,26692,125
32,9,0,1517,32
0,41,0,6782,0
141,45,0,7567,141
131,90,1,14981,131
7,88,0,14520,7
7,154,0,25410,7
0,202,0,33347,0
9,199,0,32859,9
49,62,0,10271,49
31,125,1,20644,31
38,14,0,2339,38
81,162,0,26813,81
6,18,0,2986,6
162,204,0,33823,162
120,103,0,17113,120
129,81,0,13493,129
48,201,0,33212,48
15,90,1,14862,15
54,130,0,21503,54
45,137,1,22647,45
123,56,0,9364,123
21,40,0,6620,21
45,28,0,4662,45
41,74,0,12256,41
76,26,0,4354,76
141,87,0,14497,141
22,78,0,12873,22
53,190,0,31402,53
38,90,0,14879,38
107,18,0,3079,107
49,179,0,29576,49
157,58,0,9725,157
52,190,0,31401,52
74,207,0,34232,74
107,44,0,7369,107
46,197,0,32548,46
1,19,0,3146,1
144,36,0,6085,144
34,79,0,13048,34
98,193,1,31942,98
135,199,1,32968,135
138,78,0,13006,138
73,80,0,13269,73
75,28,0,4687,75
162,44,0,7423,162
10,33,0,5475,10
29,186,0,30705,29
0,124,0,20477,0
0,62,0,10247,0
28,97,0,16039,28
145,115,0,19121,145
115,202,0,33434,115
3,13,0,2155,3
86,147,0,24337,86
138,46,0,7726,138
81,43,0,7178,81
86,26,0,4372,86
74,11,0,1892,74
91,35,1,5866,91
86,149,0,24667,86
0,201,0,33182,0
70,71,0,11785,70
163,190,0,31512,163
3,24,0,3970,3
17,80,1,13218,17
99,35,1,5873,99
63,179,0,29610,63
96,5,0,924,96
144,104,0,17305,144
6,212,0,34996,6
101,4,0,766,101
101,32,0,5386,101
17,108,0,17838,17
42,154,0,25450,42
26,181,0,29874,26
20,105,1,17332,20
33,215,1,35501,33
27,189,1,31220,27
156,149,0,24738,156
123,13,0,2269,123
16,71,0,11737,16
70,197,0,32575,70
163,207,0,34317,163
119,64,0,10665,119
156,72,0,12033,156
107,128,1,21229,107
117,47,1,7876,117
113,198,0,32771,113
121,145,1,24045,121
86,27,0,4537,86
76,52,0,8644,76
91,115,0,19066,91
62,200,0,33073,62
147,151,0,25063,147
77,94,0,15564,77
97,17,0,2901,97
22,91,0,15018,22
129,132,0,21908,129
17,216,0,35658,17
156,175,0,29028,156
135,93,0,15478,135
29,18,0,2985,29
57,1,0,239,57
22,11,0,1818,22
124,132,0,21902,124
139,126,0,20928,139
99,34,0,5708,99
54,68,0,11273,54
130,181,0,29995,130
159,63,0,10554,159
31,207,0,34174,31
62,65,0,10798,62
74,181,0,29942,74
158,129,0,21443,158
147,195,0,32323,147
45,143,0,23637,45
31,72,0,11899,31
101,49,0,8191,101
78,22,0,3708,78
131,178,1,29501,131
112,113,0,18753,112
15,74,0,12222,15
44,143,1,23639,44
124,118,1,19592,124
38,198,0,32699,38
97,87,1,14451,97
62,179,0,29608,62
153,186,0,30842,153
24,93,0,15382,24
17,33,0,5463,17
8,190,0,31354,8
112,102,0,16938,112
163,146,0,24252,163
157,29,0,4940,157
77,52,0,8634,77
147,148,1,24568,147
76,172,0,28444,76
88,99,0,16420,88
85,56,0,9328,85
148,140,0,23249,148
9,208,0,34344,9
15,93,0,15357,15
91,201,0,33256,91
86,72,1,11962,86
115,160,0,26504,115
97,90,0,14946,97
36,82,0,13553,36
73,202,0,33399,73
57,122,0,20204,57
15,26,0,4302,15
47,49,0,8134,47
83,33,0,5526,83
118,82,0,13643,118
123,14,0,2434,123
129,202,0,33458,129
164,166,0,27551,164
1,58,0,9581,1
148,202,0,33479,148
88,179,0,29620,88
150,4,0,816,150
53,138,0,22822,53
0,185,0,30542,0
136,92,0,15312,136
149,185,0,30672,149
141,185,0,30667,141
40,58,0,9615,40
68,101,0,16733,68
86,189,0,31267,86
30,70,0,11577,30
158,163,0,27053,158
150,213,0,35301,150
40,175,1,28920,40
77,157,0,25959,77
123,97,0,16129,123
152,11,0,1965,152
48,88,0,14567,48
153,15,0,2627,153
112,156,1,25848,112
136,124,0,20592,136
8,154,0,25414,8
29,128,0,21135,29
6,147,0,24271,6
127,74,0,12335,127
47,9,0,1534,47
128,25,0,4251,128
10,59,1,9765,10
145,22,0,3776,145
47,85,0,14074,47
128,157,0,26031,128
77,107,0,17709,77
81,92,0,15263,81
40,142,0,23475,40
97,1,0,261,97
129,89,1,14813,129
64,167,0,27618,64
114,177,0,29312,114
19,108,0,17853,19
54,35,1,5828,54
136,4,0,792,136
48,72,0,11927,48
68,91,0,15083,68
128,83,0,13821,128
37,45,0,7446,37
162,102,0,16993,162
101,159,0,26341,101
83,45,1,7506,83
145,163,0,27041,145
139,9,0,1623,139
51,92,0,15230,51
80,193,1,31925,80
130,43,0,7225,130
130,3,0,625,130
120,49,0,8203,120
19,100,0,16533,19
92,185,0,30617,92
97,178,0,29466,97
15,33,0,5457,15
41,7,0,1201,41
139,50,0,8388,139
104,94,0,15610,104
34,176,0,29053,34
131,83,0,13826,131
101,58,0,9676,101
85,98,1,16258,85
85,164,0,27148,85
41,94,0,15556,41
139,172,0,28518,139
85,145,0,24013,85
85,90,0,14938,85
117,36,0,6061,117
124,37,0,6227,124
20,213,1,35152,20
13,50,0,8289,13
83,22,0,3711,83
28,142,0,23464,28
33,71,0,11741,33
164,63,0,10556,164
51,185,0,30575,51
138,201,0,33301,138
105,216,1,35756,105
101,35,0,5881,101
115,130,0,21554,115
68,94,0,15578,68
92,62,0,10322,92
20,181,0,29872,20
85,87,1,14443,85
153,197,0,32657,153
15,138,0,22782,15
6,20,0,3316,6
121,18,0,3090,121
32,179,0,29567,32
157,179,0,29690,157
107,178,0,29479,107
118,117,0,19418,118
53,40,0,6652,53
47,88,0,14569,47
91,51,0,8506,91
57,201,0,33239,57
112,22,0,3738,112
78,181,0,29943,78
54,163,0,26948,54
9,68,0,11244,9
156,68,0,11373,156
118,49,0,8198,118
124,11,0,1937,124
80,122,1,20210,80
45,47,0,7797,45
158,14,0,2468,158
114,115,0,19082,114
14,9,0,1487,14
156,189,0,31338,156
130,204,0,33790,130
74,150,0,24827,74
129,79,0,13163,129
74,89,0,14762,74
74,132,1,21857,74
79,75,1,12454,79
156,99,0,16488,156
4,59,0,9743,4
73,25,1,4194,73
57,90,0,14924,57
79,37,0,6184,79
63,65,0,10800,63
137,136,1,22577,137
91,29,0,4876,91
163,63,0,10557,163
78,20,0,3378,78
17,41,0,6783,17
121,202,0,33450,121
121,190,1,31470,121
0,8,0,1337,0
104,108,0,17920,104
108,115,0,19085,108
57,75,0,12449,57
57,138,0,22844,57
137,101,1,16802,137
20,162,0,26737,20
92,94,0,15602,92
77,173,0,28599,77
113,113,0,18746,113
51,51,0,8465,51
80,98,0,16250,80
156,74,0,12363,156
117,54,0,9031,117
125,149,0,24712,125
107,207,0,34264,107
88,129,0,21370,88
106,86,0,14293,106
78,32,0,5358,78
77,177,0,29259,77
110,193,1,31964,110
19,187,0,30888,19
63,70,0,11625,63
37,17,0,2826,37
64,91,0,15078,64
8,164,0,27064,8
33,185,0,30551,33
3,195,0,32185,3
98,75,0,12472,98
44,33,0,5489,44
135,129,0,21418,135
38,216,0,35669,38
87,108,0,17907,87
36,173,0,28568,36
1,88,0,14531,1
27,29,0,4820,27
6,187,0,30871,6
21,25,1,4145,21
133,79,1,13174,133
163,176,0,29202,163
48,119,0,19682,48
26,163,0,26904,26
135,130,0,21583,135
130,136,1,22570,130
150,172,0,28536,150
79,181,0,29944,79
124,16,0,2762,124
112,42,0,7038,112
159,119,0,19794,159
75,173,0,28612,75
77,138,0,22824,77
157,63,0,10550,157
129,93,0,15473,129
77,4,0,714,77
145,54,0,9056,145
16,43,0,7117,16
3,150,0,24760,3
41,54,0,8956,41
103,65,0,10842,103
53,3,1,547,53
138,29,0,4921,138
96,174,1,28809,96
4,66,0,10898,4
117,13,0,2266,117
147,17,0,2953,147
16,115,0,18997,16
112,204,0,33768,112
37,29,1,4806,37
22,178,0,29373,22
139,58,0,9708,139
118,216,0,35753,118
78,192,0,31758,78
20,93,0,15352,20
141,200,0,33142,141
125,170,1,28177,125
157,97,0,16160,157
17,66,0,10908,17
120,211,1,34933,120
40,202,0,33375,40
83,25,1,4206,83
40,89,1,14730,40
24,190,0,31387,24
112,96,0,15948,112
52,63,0,10446,52
70,25,1,4195,70
105,181,0,29981,105
108,83,0,13805,108
31,211,1,34834,31
158,103,0,17153,158
150,178,0,29526,150
49,36,0,5981,49
37,37,0,6126,37
103,84,1,13977,103
101,48,0,8026,101
147,84,0,14008,147
15,25,1,4137,15
119,4,0,765,119
68,195,0,32243,68
88,167,0,27640,88
16,199,1,32857,16
74,175,0,28952,74
114,90,0,14957,114
64,4,0,723,64
44,215,1,35519,44
19,125,0,20658,19
16,149,0,24607,16
149,181,0,30012,149
49,39,0,6476,49
137,201,0,33302,137
81,160,0,26483,81
20,87,0,14362,20
110,42,1,7049,110
125,184,1,30487,125
114,175,1,28982,114
12,45,0,7426,12
1,84,1,13871,1
84,159,0,26321,84
54,151,0,24968,54
1,170,0,28061,1
76,117,0,19369,76
32,132,0,21812,32
51,192,0,31730,51
105,5,0,941,105
104,25,1,4225,104
120,115,0,19093,120
54,51,0,8468,54
48,187,1,30902,48
8,137,0,22609,8
37,90,1,14871,37
139,102,0,16968,139
105,179,0,29651,105
30,125,0,20652,30
63,14,0,2385,63
107,7,0,1264,107
149,208,0,34467,149
16,44,0,7282,16
77,65,1,10779,77
101,82,0,13636,101
84,149,0,24671,84
107,11,0,1924,107
34,117,0,19318,34
88,163,0,26980,88
150,107,1,17811,150
53,212,0,35032,53
0,82,0,13547,0
37,22,0,3651,37
163,72,0,12042,163
44,18,0,3014,44
112,163,0,27003,112
153,160,0,26552,153
5,164,0,27088,5
137,65,0,10862,137
68,43,0,7163,68
17,147,0,24273,17
62,1,0,238,62
0,16,0,2657,0
19,151,0,24948,19
9,215,0,35499,9
26,149,0,24594,26
10,29,0,4815,10
128,90,0,14976,128
26,166,0,27399,26
45,88,0,14562,45
86,40,0,6682,86
37,212,0,35001,37
73,103,1,17064,73
141,123,0,20437,141
44,45,0,7469,44
133,212,0,35119,133
44,26,0,4334,44
63,120,0,19875,63
112,32,0,5388,112
6,43,0,7111,6
4,45,0,7433,4
86,22,0,3712,86
52,167,0,27606,52
148,40,0,6749,148
104,78,0,12970,104
135,125,1,20758,135
28,5,0,859,28
75,163,0,26962,75
51,66,1,10940,51
151,191,0,31669,151
16,143,1,23617,16
112,93,0,15453,112
125,105,0,17452,125
138,89,0,14821,138
81,149,0,24668,81
119,7,0,1260,119
79,216,0,35719,79
75,101,0,16732,75
70,208,0,34390,70
106,163,0,26998,106
51,156,1,25790,51
31,59,0,9754,31
81,125,0,20708,81
108,72,0,11990,108
37,215,0,35496,37
22,211,1,34818,22
84,128,0,21206,84
106,186,0,30793,106
38,94,0,15539,38
15,3,0,507,15
20,15,1,2482,20
149,129,0,21432,149
133,138,0,22909,133
31,140,0,23119,31
114,3,1,602,114
74,117,0,19382,74
152,85,0,14175,152
129,18,0,3098,129
26,105,0,17334,26
145,117,0,19451,145
123,16,0,2764,123
123,204,0,33784,123
3,22,0,3640,3
118,47,1,7868,118
22,101,0,16668,22
153,51,0,8567,153
54,161,0,26618,54
106,211,1,34918,106
47,137,1,22654,47
14,116,0,19142,14
0,163,0,26912,0
138,59,0,9871,138
92,24,0,4052,92
112,86,0,14298,112
16,193,0,31867,16
105,215,1,35591,105
12,86,0,14191,12
120,142,1,23548,120
53,49,0,8137,53
145,129,0,21431,145
41,177,0,29251,41
78,25,1,4203,78
104,71,0,11815,104
79,84,0,13939,79
75,178,0,29437,75
7,98,0,16170,7
1,124,0,20471,1
32,37,1,6137,32
80,50,0,8330,80
83,14,0,2391,83
128,128,1,21246,128
40,41,0,6810,40
130,145,0,24055,130
118,175,1,28988,118
145,124,1,20606,145
130,159,0,26365,130
119,91,0,15120,119
33,132,0,21806,33
47,4,0,709,47
15,85,0,14037,15
124,199,1,32957,124
70,120,0,19870,70
15,105,0,17337,15
150,201,0,33321,150
101,46,0,7696,101
37,192,0,31701,37
29,98,0,16185,29
119,147,0,24360,119
115,115,0,19079,115
128,79,0,13161,128
158,178,0,29528,158
46,173,1,28588,46
117,80,0,13321,117
88,98,1,16255,88
64,44,0,7323,64
64,197,0,32568,64
151,116,0,19294,151
108,39,0,6545,108
103,167,0,27672,103
151,216,0,35794,151
20,163,0,26902,20
28,164,0,27094,28
73,8,0,1389,73
110,174,0,28829,110
46,96,0,15883,46
107,88,0,14629,107
1,93,0,15356,1
51,116,0,19190,51
87,37,0,6192,87
48,202,0,33377,48
103,26,0,4407,103
133,75,1,12514,133
45,75,0,12417,45
113,50,0,8351,113
141,33,0,5587,141
124,48,0,8042,124
159,205,0,33984,159
31,85,0,14044,31
157,177,1,29360,157
117,162,0,26851,117
10,137,0,22635,10
150,154,0,25566,150
51,83,0,13745,51
75,56,0,9307,75
48,53,0,8792,48
139,89,1,14823,139
152,1,1,315,152
148,150,0,24899,148
142,32,0,5420,142
63,96,0,15915,63
36,140,0,23123,36
49,148,0,24461,49
68,35,0,5843,68
20,198,0,32677,20
47,154,0,25459,47
38,28,0,4649,38
145,200,0,33146,145
83,195,0,32256,83
24,208,0,34357,24
10,125,1,20655,10
8,96,0,15844,8
123,174,1,28834,123
26,53,0,8754,26
42,173,0,28585,42
142,8,0,1460,142
32,32,0,5312,32
127,176,0,29165,127
28,42,0,6964,28
44,74,0,12254,44
137,89,1,14822,137
4,170,0,28058,4
75,146,0,24157,75
105,100,0,16616,105
137,186,0,30827,137
121,48,0,8040,121
133,120,0,19939,133
19,175,1,28908,19
130,162,0,26860,130
152,138,0,22920,152
123,27,0,4579,123
19,18,0,3003,19
99,154,0,25508,99
153,148,0,24572,153
37,132,0,21801,37
144,107,0,17800,144
6,101,0,16681,6
73,126,0,20859,73
110,74,0,12329,110
12,83,0,13696,12
77,1,0,219,77
119,40,1,6705,119
125,50,0,8377,125
92,41,0,6857,92
115,142,0,23534,115
115,119,0,19739,115
101,167,0,27661,101
96,136,1,22539,96
1,146,0,24101,1
84,157,1,25991,84
163,118,0,19632,163
85,52,0,8668,85
47,187,1,30904,47
48,59,0,9782,48
78,164,1,27138,78
15,27,1,4467,15
112,45,0,7533,112
26,84,0,13869,26
88,72,0,11965,88
5,22,0,3658,5
97,193,1,31941,97
164,11,0,1976,164
83,85,0,14106,83
114,34,0,5717,114
86,172,0,28462,86
129,7,0,1283,129
54,129,0,21338,54
148,200,0,33149,148
119,89,1,14790,119
73,94,1,15579,73
4,129,0,21293,4
77,123,0,20349,77
112,11,0,1923,112
3,59,0,9745,3
150,165,1,27381,150
133,117,0,19444,133
98,1,0,262,98
30,128,0,21147,30
45,138,0,22812,45
70,176,0,29110,70
114,53,0,8852,114
8,129,0,21289,8
87,82,0,13617,87
45,19,0,3177,45
78,185,1,30603,78
152,42,0,7080,152
0,96,0,15857,0
13,71,0,11754,13
153,43,0,7247,153
86,137,0,22687,86
83,27,0,4536,83
133,167,0,27694,133
147,45,0,7573,147
130,80,0,13330,130
63,68,0,11295,63
0,118,0,19487,0
159,27,0,4614,159
25,22,0,3666,25
115,83,0,13799,115
22,191,0,31518,22
3,102,0,16840,3
52,51,0,8466,52
150,1,0,321,150
0,97,0,16022,0
4,104,0,17168,4
7,19,0,3135,7
24,116,0,19177,24
54,191,0,31568,54
54,118,0,19523,54
120,50,0,8368,120
105,18,0,3086,105
8,70,0,11554,8
98,81,0,13462,98
153,100,0,16652,153
140,92,0,15321,140
104,193,1,31945,104
25,146,0,24126,25
8,36,0,5944,8
17,13,0,2163,17
124,52,0,8702,124
149,143,0,23742,149
3,190,1,31360,3
25,159,0,26271,25
64,130,0,21513,64
53,191,0,31567,53
156,126,0,20943,156
163,47,0,7917,163
17,11,0,1833,17
108,197,0,32615,108
148,42,0,7079,148
85,14,1,2398,85
9,84,1,13884,9
12,40,0,6601,12
53,43,0,7147,53
41,53,0,8791,41
5,130,0,21478,5
121,72,0,12000,121
91,63,0,10486,91
106,91,0,15118,106
130,81,0,13495,130
80,187,1,30935,80
98,108,0,17917,98
53,64,0,10612,53
22,27,1,4458,22
97,132,0,21876,97
38,177,0,29234,38
80,163,0,26975,80
125,160,1,26527,125
97,63,0,10491,97
17,52,0,8598,17
84,137,1,22691,84
0,208,0,34337,0
68,81,0,13433,68
145,71,0,11861,145
37,165,0,27246,37
123,34,0,5734,123
38,145,0,23954,38
149,102,0,16977,149
135,136,1,22573,135
163,123,0,20457,163
85,120,0,19888,85
12,16,0,2641,12
16,98,0,16192,16
117,115,0,19096,117
91,87,1,14446,91
110,116,0,19259,110
37,93,0,15366,37
30,18,0,2997,30
118,161,0,26678,118
51,64,0,10610,51
5,40,1,6628,5
28,96,0,15874,28
106,105,0,17428,106
57,128,1,21194,57
57,3,0,569,57
76,56,0,9304,76
142,1,0,305,142
78,41,0,6843,78
120,100,0,16618,120
0,146,0,24107,0
133,3,0,634,133
147,208,0,34468,147
110,24,0,4079,110
136,26,0,4422,136
147,116,0,19288,147
85,3,1,583,85
113,82,0,13631,113
110,15,0,2594,110
64,136,0,22503,64
149,42,0,7077,149
138,190,0,31486,138
5,74,0,12238,5
14,162,0,26732,14
162,195,0,32338,162
9,80,0,13224,9
9,189,0,31209,9
52,197,0,32556,52
130,93,0,15475,130
42,216,0,35680,42
46,64,0,10603,46
44,5,0,869,44
164,119,0,19796,164
141,86,0,14332,141
4,39,0,6443,4
127,128,0,21245,127
3,130,0,21460,3
140,54,0,9051,140
74,212,0,35057,74
63,115,0,19050,63
128,91,0,15141,128
113,54,0,9011,113
16,175,0,28897,16
70,7,0,1225,70
151,212,0,35134,151
157,181,0,30020,157
33,92,0,15206,33
120,123,0,20413,120
10,105,0,17355,10
157,186,0,30845,157
136,102,0,16962,136
84,190,1,31436,84
21,100,0,16520,21
114,42,0,7037,114
73,3,1,564,73
125,83,0,13822,125
142,215,0,35615,142
83,93,0,15426,83
131,47,1,7886,131
159,130,0,21609,159
51,137,1,22655,51
26,70,0,11559,26
25,32,0,5316,25
32,29,0,4817,32
62,146,0,24163,62
119,195,0,32280,119
26,208,0,34329,26
25,178,0,29406,25
48,94,0,15557,48
5,68,0,11248,5
156,137,1,22758,156
117,132,0,21901,117
88,36,0,6025,88
27,32,0,5315,27
32,85,0,14057,32
99,178,0,29468,99
156,124,0,20613,156
137,150,0,24887,137
80,27,0,4535,80
75,151,0,24982,75
34,102,0,16843,34
138,71,0,11851,138
123,173,0,28669,123
7,201,0,33165,7
24,88,0,14557,24
112,167,1,27663,112
12,192,0,31681,12
150,162,0,26886,150
158,93,0,15503,158
68,85,0,14093,68
128,195,0,32301,128
45,11,0,1857,45
152,4,0,810,152
37,11,0,1836,37
41,181,0,29911,41
83,198,1,32751,83
77,164,1,27114,77
133,98,0,16309,133
25,25,1,4161,25
27,96,0,15875,27
85,25,1,4213,85
145,98,0,16316,145
118,70,0,11663,118
156,9,0,1638,156
99,102,0,16928,99
78,9,0,1563,78
123,186,0,30814,123
54,117,0,19358,54
147,207,0,34303,147
119,22,0,3735,119
44,84,1,13904,44
92,90,0,14942,92
51,200,0,33050,51
92,58,0,9662,92
157,202,0,33485,157
42,119,0,19675,42
123,197,0,32629,123
53,176,0,29092,53
152,27,0,4605,152
92,159,0,26327,92
4,122,0,20138,4
4,181,0,29873,4
103,185,1,30642,103
81,7,0,1238,81
33,208,0,34346,33
53,157,0,25957,53
41,186,0,30736,41
78,83,0,13773,78
81,63,0,10478,81
70,81,0,13435,70
33,213,0,35171,33
136,37,0,6237,136
149,53,0,8892,149
110,85,0,14144,110
70,199,1,32905,70
114,50,0,8357,114
40,80,0,13245,40
81,128,0,21203,81
144,177,0,29350,144
29,4,0,675,29
52,98,0,16221,52
64,48,0,7983,64
24,32,0,5317,24
159,170,0,28209,159
149,58,0,9717,149
73,125,1,20694,73
147,46,0,7738,147
22,193,1,31848,22
68,167,0,27623,68
17,150,0,24768,17
30,48,0,7947,30
136,104,0,17292,136
110,117,0,19424,110
91,48,0,8011,91
147,102,0,16978,147
92,161,0,26657,92
87,213,0,35232,87
30,82,0,13557,30
32,159,0,26267,32
47,151,0,24964,47
34,146,0,24103,34
98,185,0,30622,98
98,145,0,24022,98
157,41,0,6920,157
120,84,1,13978,120
101,132,0,21886,101
28,50,0,8284,28
19,143,0,23628,19
24,103,0,17032,24
32,4,0,692,32
125,125,1,20752,125
63,208,0,34395,63
70,126,0,20860,70
91,138,0,22861,91
62,27,0,4528,62
140,197,0,32646,140
157,119,0,19790,157
123,29,0,4909,123
40,51,0,8460,40
49,208,0,34361,49
104,163,0,26995,104
52,75,0,12426,52
10,51,0,8445,10
131,166,1,27521,131
52,94,0,15561,52
42,145,0,23965,42
136,42,0,7062,136
97,15,0,2571,97
105,199,1,32951,105
130,45,0,7555,130
62,14,0,2383,62
68,1,0,233,68
96,74,0,12309,96
136,113,0,18777,136
62,186,0,30763,62
49,71,0,11756,49
103,177,1,29322,103
34,5,0,838,34
121,80,0,13320,121
96,118,1,19569,96
137,92,0,15317,137
110,104,0,17279,110
97,150,0,24846,97
152,96,0,15990,152
118,126,0,20903,118
7,143,0,23595,7
36,15,0,2498,36
25,119,0,19671,25
14,178,0,29372,14
156,54,0,9063,156
48,20,0,3347,48
112,126,0,20898,112
149,52,0,8727,149
44,216,1,35684,44
120,1,0,283,120
121,125,1,20745,121
88,197,1,32590,88
123,49,0,8209,123
27,179,0,29570,27
80,56,0,9320,80
16,189,1,31207,16
153,189,0,31337,153
128,142,0,23556,128
121,216,1,35760,121
4,201,0,33173,4
85,190,0,31438,85
91,24,0,4051,91
45,184,0,30402,45
40,170,0,28095,40
148,205,0,33974,148
51,20,0,3350,51
139,54,0,9048,139
105,24,0,4076,105
149,191,0,31662,149
22,86,1,14193,22
125,93,0,15472,125
44,179,0,29579,44
86,173,0,28627,86
86,18,0,3052,86
17,42,0,6948,17
110,172,0,28499,110
156,207,0,34308,156
54,56,1,9293,54
105,51,0,8531,105
83,160,0,26481,83
30,147,0,24282,30
47,175,1,28924,47
113,175,0,28976,113
88,199,1,32920,88
57,62,0,10304,57
129,161,0,26693,129
75,5,0,892,75
5,142,0,23458,5
73,172,0,28449,73
112,117,0,19413,112
115,179,0,29639,115
117,107,0,17776,117
63,154,0,25485,63
46,19,0,3178,46
159,161,0,26724,159
10,87,1,14385,10
104,59,0,9835,104
75,177,0,29272,75
48,129,0,21332,48
86,39,0,6517,86
76,32,0,5344,76
79,177,0,29284,79
98,48,1,8017,98
73,72,1,11949,73
63,193,0,31920,63
0,102,0,16847,0
107,4,0,769,107
91,175,1,28966,91
141,75,0,12517,141
149,119,0,19782,149
42,63,0,10435,42
14,107,0,17657,14
135,159,0,26368,135
151,117,0,19459,151
99,62,0,10328,99
151,43,0,7249,151
76,211,1,34879,76
62,89,0,14758,62
46,14,0,2353,46
118,26,0,4403,118
125,176,0,29167,125
37,47,0,7776,37
41,124,0,20506,41
38,52,0,8609,38
152,195,0,32325,152
9,9,0,1509,9
26,213,0,35154,26
6,9,0,1501,6
108,27,0,4565,108
99,17,0,2903,99
84,5,0,911,84
27,184,0,30395,27
49,157,0,25946,49
117,66,0,11011,117
114,116,0,19247,114
74,173,0,28622,74
22,99,1,16338,22
47,19,0,3184,47
133,137,0,22744,133
9,33,0,5469,9
97,200,0,33096,97
112,115,0,19083,112
14,86,0,14192,14
19,186,0,30723,19
5,187,1,30883,5
149,35,1,5922,149
45,25,0,4167,45
127,16,0,2765,127
10,91,1,15045,10
138,92,0,15316,138
75,90,0,14917,75
16,80,0,13222,16
108,94,0,15620,108
121,130,1,21570,121
48,125,1,20672,48
41,200,0,33046,41
96,84,1,13959,96
1,92,0,15191,1
17,98,0,16188,17
120,41,0,6883,120
113,132,0,21881,113
133,147,0,24394,133
25,149,0,24621,25
51,96,0,15890,51
83,41,0,6846,83
15,87,0,14367,15
153,136,0,22592,153
20,64,0,10567,20
97,65,1,10821,97
83,165,1,27306,83
6,199,1,32851,6
88,68,1,11305,88
33,66,0,10916,33
42,26,0,4330,42
128,154,0,25536,128
63,207,0,34230,63
152,5,0,975,152
147,35,0,5923,147
99,208,0,34418,99
77,98,0,16224,77
68,178,0,29438,68
4,195,0,32183,4
68,74,0,12278,68
113,174,0,28811,113
107,65,1,10834,107
150,27,1,4611,150
131,187,1,30986,131
54,204,0,33713,54
162,17,0,2968,162
144,192,0,31825,144
78,5,0,903,78
20,160,1,26407,20
45,56,0,9282,45
8,151,0,24919,8
34,154,0,25423,34
22,79,0,13038,22
124,160,1,26522,124
17,173,0,28563,17
129,186,0,30818,129
19,164,0,27093,19
6,120,0,19816,6
7,15,0,2475,7
114,62,0,10337,114
5,128,0,21148,5
159,88,0,14679,159
157,83,0,13850,157
138,17,0,2941,138
21,16,0,2660,21
36,191,0,31538,36
15,47,0,7767,15
97,198,0,32766,97
112,44,0,7368,112
147,49,0,8233,147
99,190,1,31448,99
91,195,0,32266,91
119,5,0,930,119
147,93,0,15493,147
96,102,0,16929,96
33,80,0,13226,33
14,187,0,30857,14
157,100,0,16655,157
33,74,0,12236,33
150,68,0,11376,150
159,40,0,6759,159
41,126,0,20836,41
24,64,0,10597,24
130,116,0,19270,130
40,199,1,32880,40
103,129,1,21402,103
22,3,0,498,22
81,167,0,27638,81
103,146,0,24207,103
139,189,0,31323,139
54,92,0,15233,54
153,90,0,15002,153
26,22,0,3639,26
114,52,0,8687,114
107,71,0,11824,107
147,172,0,28528,147
9,88,0,14544,9
22,138,0,22773,22
0,46,0,7607,0
105,197,0,32621,105
85,200,0,33088,85
19,19,0,3168,19
88,104,0,17245,88
0,54,0,8927,0
114,126,0,20897,114
44,138,0,22814,44
74,143,0,23672,74
27,177,1,29240,27
135,181,0,29998,135
98,199,1,32932,98
107,104,0,17269,107
78,150,0,24828,78
129,147,0,24383,129
110,176,0,29159,110
114,92,0,15287,114
10,98,1,16200,10
64,71,0,11778,64
8,80,0,13204,8
118,124,1,20573,118
96,56,0,9339,96
130,119,0,19765,130
139,68,0,11358,139
112,185,0,30633,112
22,185,0,30528,22
36,87,0,14378,36
107,25,0,4234,107
159,35,0,5934,159
57,161,0,26639,57
29,172,1,28395,29
44,105,0,17369,44
12,107,0,17656,12
123,124,0,20584,123
52,68,0,11271,52
117,16,0,2761,117
57,15,0,2549,57
42,11,0,1855,42
98,186,0,30787,98
112,41,0,6873,112
133,157,0,26044,133
29,20,1,3315,29
163,86,0,14352,163
80,126,0,20870,80
92,173,1,28637,92
129,120,0,19928,129
27,85,1,14060,27
131,207,0,34286,131
53,99,0,16387,53
76,66,1,10954,76
144,199,1,32980,144
158,143,0,23753,158
52,15,0,2526,52
53,65,1,10777,53
28,163,0,26929,28
110,107,1,17774,110
47,125,1,20674,47
101,98,0,16276,101
103,1,0,282,103
19,208,0,34353,19
88,211,0,34900,88
85,193,1,31933,85
98,79,0,13132,98
156,81,0,13518,156
52,170,0,28101,52
45,33,0,5487,45
31,198,0,32689,31
135,204,0,33793,135
113,96,0,15941,113
10,70,0,11580,10
119,34,0,5715,119
13,97,0,16044,13
141,93,0,15487,141
87,70,0,11637,87
142,104,0,17300,142
78,197,0,32583,78
46,65,1,10768,46
149,123,0,20442,149
115,53,0,8849,115
40,13,0,2190,40
121,174,1,28830,121
26,58,0,9579,26
70,96,0,15910,70
19,29,0,4818,19
68,156,0,25808,68
145,44,0,7406,145
4,75,0,12383,4
117,103,0,17116,117
141,64,0,10702,141
137,128,0,21257,137
133,173,0,28684,133
12,185,0,30526,12
17,62,0,10248,17
70,103,0,17065,70
10,119,0,19665,10
7,215,0,35475,7
152,14,0,2460,152
37,42,0,6951,37
149,137,0,22752,149
117,39,1,6556,117
68,118,0,19538,68
98,107,1,17752,98
119,32,0,5385,119
123,129,0,21409,123
70,43,0,7165,70
36,85,0,14048,36
49,53,0,8786,49
44,136,1,22484,44
79,87,0,14434,79
80,143,0,23675,80
40,15,0,2520,40
130,216,1,35770,130
137,84,1,13997,137
121,197,0,32625,121
153,28,0,4772,153
148,142,0,23579,148
73,45,1,7494,73
164,65,1,10886,164
22,47,0,7758,22
49,197,0,32546,49
38,104,0,17189,38
15,116,0,19152,15
139,45,0,7563,139
42,58,0,9610,42
103,16,0,2757,103
62,83,0,13768,62
163,150,0,24912,163
6,181,0,29881,6
46,148,0,24463,46
118,148,0,24533,118
74,204,0,33737,74
104,154,0,25510,104
163,198,0,32832,163
112,50,1,8358,112
57,113,0,18719,57
99,126,0,20888,99
53,25,0,4177,53
131,80,1,13331,131
153,45,0,7577,153
44,35,1,5819,44
12,198,0,32671,12
164,143,0,23756,164
29,136,0,22455,29
138,43,0,7231,138
13,143,1,23634,13
9,142,0,23454,9
24,173,1,28582,24
159,19,0,3294,159
139,27,0,4593,139
9,99,0,16359,9
15,37,0,6117,15
84,123,0,20381,84
141,36,0,6082,141
120,148,1,24538,120
141,132,0,21922,141
133,36,0,6079,133
140,56,0,9381,140
91,142,0,23521,91
51,154,1,25460,51
62,150,0,24823,62
141,128,0,21262,141
148,170,0,28199,148
133,5,0,964,133
0,3,0,512,0
104,213,1,35245,104
21,163,0,26915,21
104,87,1,14455,104
140,192,0,31821,140
150,59,0,9891,150
34,198,0,32683,34
158,113,0,18803,158
9,130,0,21474,9
73,197,0,32574,73
17,84,0,13878,17
63,9,0,1560,63
64,116,0,19203,64
86,165,1,27307,86
5,211,1,34843,5
52,101,0,16716,52
19,41,0,6798,19
118,78,0,12983,118
127,173,0,28670,127
110,145,1,24044,110
129,157,0,26033,129
130,71,0,11845,130
78,159,1,26313,78
103,150,0,24867,103
135,216,0,35773,135
16,51,0,8437,16
108,48,1,8030,108
83,205,1,33906,83
97,117,0,19401,97
34,159,0,26248,34
6,34,0,5626,6
15,65,1,10737,15
86,16,0,2722,86
164,68,0,11381,164
44,184,1,30404,44
120,213,0,35263,120
4,186,0,30698,4
48,103,0,17042,48
98,98,1,16267,98
22,93,0,15348,22
159,116,0,19299,159
31,191,0,31534,31
142,14,1,2450,142
40,192,0,31725,40
88,107,0,17740,88
17,125,0,20643,17
136,186,0,30822,136
7,29,0,4785,7
45,72,0,11922,45
3,162,0,26740,3
137,81,0,13502,137
153,72,0,12032,153
74,126,0,20867,74
150,44,0,7416,150
24,136,0,22477,24
138,136,0,22576,138
38,140,0,23129,38
74,14,0,2387,74
24,107,0,17692,24
30,79,0,13062,30
25,115,0,19011,25
31,89,1,14704,31
77,119,0,19689,77
149,125,0,20772,149
41,59,0,9781,41
99,94,0,15608,99
117,43,0,7216,117
99,59,0,9833,99
41,162,0,26776,41
9,39,0,6459,9
117,35,1,5896,117
73,122,1,20199,73
28,212,0,35014,28
88,165,0,27310,88
21,192,0,31700,21
52,184,0,30411,52
113,189,0,31286,113
81,49,0,8168,81
144,48,0,8065,144
21,160,1,26420,21
31,100,0,16519,31
80,65,0,10805,80
151,124,1,20614,151
19,173,0,28578,19
157,47,0,7910,157
62,163,0,26968,62
29,83,0,13710,29
9,71,0,11739,9
21,5,0,845,21
129,213,1,35273,129
75,18,0,3037,75
13,37,0,6144,13
15,53,1,8757,15
42,92,0,15220,42
73,117,0,19374,73
51,11,0,1865,51
74,80,0,13277,74
156,205,1,33978,156
17,78,1,12888,17
162,70,0,11713,162
124,212,0,35102,124
138,33,0,5581,138
117,192,0,31801,117
115,45,0,7529,115
32,178,0,29402,32
140,164,0,27201,140
32,96,0,15872,32
87,189,0,31272,87
145,113,0,18791,145
104,205,1,33925,104
30,68,0,11247,30
42,128,0,21160,42
22,98,1,16173,22
21,68,1,11240,21
19,84,0,13893,19
21,85,1,14045,21
151,35,1,5929,151
46,128,0,21163,46
3,170,0,28060,3
136,193,1,31977,136
99,200,0,33098,99
9,159,0,26259,9
138,170,0,28186,138
28,138,0,22804,28
30,184,0,30387,30
124,100,0,16622,124
152,101,0,16815,152
138,32,0,5416,138
12,204,0,33661,12
163,185,0,30687,163
88,154,0,25495,88
139,186,0,30828,139
135,174,1,28843,135
32,103,0,17027,32
42,124,0,20500,42
26,145,0,23934,26
26,117,0,19314,26
15,40,1,6612,15
1,8,0,1331,1
127,14,0,2435,127
113,116,0,19241,113
38,33,0,5474,38
1,4,0,671,1
164,148,0,24581,164
84,113,0,18731,84
86,32,0,5362,86
141,174,1,28852,141
157,154,0,25565,157
125,150,0,24877,125
118,3,1,608,118
158,68,0,11378,158
101,186,0,30796,101
17,85,0,14043,17
10,64,0,10590,10
99,142,0,23528,99
139,40,0,6738,139
99,193,0,31943,99
129,14,1,2438,129
4,97,0,16013,4
3,74,0,12220,3
26,147,0,24264,26
105,90,1,14966,105
110,34,0,5729,110
25,161,0,26601,25
103,70,0,11667,103
128,201,0,33291,128
3,201,1,33175,3
37,185,0,30546,37
128,146,0,24216,128
25,50,0,8286,25
44,123,0,20339,44
80,178,0,29450,80
52,16,0,2691,52
32,47,1,7787,32
10,113,0,18675,10
151,84,0,14014,151
99,163,0,26993,99
164,25,1,4286,164
21,97,0,16025,21
137,9,0,1622,137
153,19,0,3287,153
158,175,0,29033,158
144,80,0,13345,144
80,149,0,24665,80
84,132,0,21866,84
76,8,0,1384,76
27,116,0,19175,27
77,100,1,16554,77
79,129,0,21364,79
135,41,0,6898,135
25,192,0,31716,25
22,146,0,24093,22
96,120,0,19899,96
15,200,0,33012,15
31,81,0,13384,31
44,160,1,26444,44
15,173,0,28557,15
117,170,0,28171,117
125,9,0,1612,125
105,173,0,28661,105
142,202,0,33470,142
133,103,0,17134,133
96,91,0,15114,96
158,20,0,3458,158
86,79,0,13117,86
4,71,0,11723,4
75,4,0,727,75
114,200,0,33107,114
77,24,0,4014,77
149,101,0,16812,149
10,86,0,14220,10
127,89,0,14810,127
32,136,0,22472,32
25,96,0,15876,25
86,213,0,35227,86
48,3,0,542,48
45,1,0,207,45
42,165,0,27265,42
84,148,0,24506,84
32,212,0,35012,32
135,11,0,1948,135
34,53,0,8758,34
54,91,0,15068,54
17,154,0,25428,17
6,5,0,841,6
8,71,0,11719,8
107,72,0,11989,107
28,7,0,1189,28
133,48,0,8059,133
138,173,0,28681,138
162,179,0,29698,162
128,181,1,29991,128
120,105,1,17443,120
54,199,1,32888,54
141,15,0,2617,141
32,99,0,16367,32
30,216,0,35667,30
84,117,0,19391,84
96,42,0,7029,96
112,181,0,29973,112
84,208,0,34406,84
103,166,0,27507,103
136,98,1,16302,136
9,32,0,5304,9
28,185,0,30559,28
158,157,0,26063,158
142,86,1,14330,142
1,208,0,34331,1
13,185,0,30564,13
151,39,0,6589,151
40,11,0,1860,40
34,65,1,10738,34
20,51,0,8422,20
158,195,0,32333,158
26,20,0,3309,26
128,16,0,2766,128
142,160,0,26540,142
136,70,0,11682,136
37,154,0,25431,37
3,149,0,24595,3
91,159,0,26326,91
129,154,0,25538,129
74,136,0,22517,74
4,157,0,25913,4
149,157,0,26052,149
84,91,0,15101,84
129,204,0,33788,129
21,113,1,18665,21
20,94,1,15517,20
3,64,0,10570,3
13,88,0,14559,13
135,167,0,27688,135
9,58,0,9594,9
140,157,0,26046,140
31,190,1,31369,31
51,107,0,17705,51
62,41,0,6838,62
163,37,0,6267,163
6,96,0,15856,6
96,34,0,5709,96
120,86,0,14308,120
153,102,0,16982,153
32,74,0,12242,32
135,185,0,30658,135
38,17,0,2834,38
75,161,0,26632,75
40,45,0,7470,40
26,33,0,5454,26
75,175,0,28942,75
4,120,0,19808,4
62,53,1,8818,62
79,185,0,30604,79
62,118,0,19543,62
85,189,0,31273,85
145,37,0,6251,145
103,46,0,7707,103
91,92,0,15271,91
27,50,1,8285,27
15,83,0,13707,15
135,200,0,33133,135
62,4,0,733,62
108,20,0,3410,108
150,122,1,20286,150
148,54,0,9059,148
42,178,0,29410,42
53,70,0,11602,53
13,190,0,31389,13
138,91,0,15151,138
24,156,1,25777,24
137,207,0,34292,137
73,92,0,15249,73
137,48,0,8057,137
148,177,0,29354,148
148,157,0,26054,148
40,52,0,8625,40
99,186,0,30788,99
37,68,0,11241,37
106,201,0,33268,106
20,174,1,28717,20
52,154,0,25461,52
131,56,0,9371,131
98,35,1,5872,98
97,100,0,16596,97
120,81,0,13483,120
5,83,0,13723,5
46,9,0,1528,46
145,66,0,11036,145
114,100,0,16607,114
40,172,0,28425,40
83,37,0,6186,83
120,7,0,1273,120
133,83,0,13834,133
0,91,0,15032,0
25,201,0,33201,25
32,170,0,28082,32
30,1,0,192,30
125,104,0,17287,125
76,72,0,11944,76
164,42,0,7091,164
75,201,0,33232,75
83,7,1,1236,83
68,5,0,893,68
158,59,0,9893,158
16,124,0,20482,16
17,45,0,7443,17
33,18,0,2996,33
52,173,0,28596,52
70,27,0,4525,70
133,156,1,25879,133
25,181,0,29901,25
42,146,0,24130,42
147,124,0,20608,147
163,159,0,26397,163
73,41,0,6834,73
0,87,0,14372,0
22,129,0,21288,22
108,18,0,3080,108
4,175,0,28883,4
127,5,0,950,127
104,176,0,29140,104
106,36,0,6043,106
163,75,1,12537,163
31,186,0,30709,31
117,90,0,14971,117
20,86,0,14197,20
110,187,1,30974,110
68,28,0,4688,68
158,164,0,27218,158
133,163,0,27034,133
151,161,0,26719,151
86,190,0,31432,86
140,14,0,2451,140
85,42,0,7018,85
86,3,0,577,86
152,191,0,31665,152
125,157,0,26032,125
145,189,0,31331,145
63,59,0,9810,63
83,94,1,15591,83
57,207,0,34229,57
10,116,0,19170,10
107,8,0,1429,107
140,26,1,4431,140
10,41,0,6795,10
107,147,0,24364,107
107,175,0,28984,107
1,116,0,19151,1
41,198,0,32716,41
110,94,0,15629,110
118,213,1,35258,118
53,39,0,6487,53
103,148,0,24537,103
10,101,0,16695,10
123,89,1,14809,123
25,179,0,29571,25
117,85,0,14146,117
75,94,0,15577,75
37,104,0,17181,37
118,83,0,13808,118
128,125,0,20751,128
24,186,0,30727,24
70,204,0,33730,70
85,91,0,15103,85
3,211,1,34825,3
21,166,1,27410,21
107,179,0,29644,107
163,97,0,16167,163
138,148,1,24556,138
13,138,0,22809,13
118,138,0,22883,118
119,56,0,9345,119
163,138,0,22932,163
150,40,1,6756,150
97,40,0,6696,97
150,20,0,3456,150
103,27,0,4572,103
153,195,0,32327,153
121,58,0,9690,121
96,167,0,27654,96
85,130,0,21538,85
138,118,0,19606,138
49,187,1,30896,49
45,42,0,6972,45
133,53,1,8884,133
26,62,0,10239,26
164,123,0,20456,164
141,41,0,6907,141
1,174,0,28721,1
21,143,1,23615,21
78,189,0,31263,78
137,41,0,6902,137
96,50,0,8349,96
54,66,1,10943,54
121,94,0,15630,121
15,66,0,10902,15
36,170,0,28073,36
68,207,0,34223,68
29,15,0,2490,29
112,129,1,21393,112
52,80,0,13251,52
44,142,1,23474,44
128,113,1,18771,128
51,46,0,7640,51
31,162,0,26749,31
17,164,0,27078,17
145,36,0,6086,145
98,43,0,7192,98
6,88,0,14536,6
112,101,1,16773,112
19,91,0,15048,19
81,192,0,31763,81
123,101,0,16789,123
150,215,0,35631,150
63,107,1,17730,63
156,8,0,1473,156
83,147,0,24336,83
21,145,1,23945,21
133,65,0,10864,133
118,208,0,34433,118
152,80,0,13350,152
28,99,0,16369,28
98,20,0,3397,98
108,5,0,935,108
77,162,0,26784,77
121,37,0,6225,121
14,195,0,32177,14
150,202,1,33486,150
0,84,0,13877,0
147,161,0,26713,147
37,162,1,26751,37
157,78,0,13025,157
85,26,0,4378,85
112,89,1,14793,112
68,25,0,4193,68
51,34,0,5660,51
64,146,0,24153,64
113,140,0,23201,113
120,198,1,32788,120
70,78,0,12940,70
62,51,0,8488,62
106,96,0,15943,106
4,179,0,29543,4
149,122,0,20277,149
137,172,0,28517,137
157,42,0,7085,157
70,128,0,21190,70
117,172,0,28501,117
3,68,0,11230,3
115,44,0,7364,115
0,136,0,22457,0
147,125,0,20773,147
156,179,0,29688,156
159,97,0,16164,159
128,186,0,30816,128
27,160,1,26435,27
10,157,0,25935,10
120,59,0,9853,120
162,103,0,17158,162
145,39,1,6581,145
77,184,0,30414,77
75,68,0,11287,75
75,100,0,16567,75
73,66,1,10959,73
163,149,0,24747,163
138,9,0,1621,138
42,120,0,19840,42
136,164,0,27192,136
163,117,0,19467,163
10,7,0,1185,10
63,66,0,10965,63
110,37,0,6224,110
0,159,0,26252,0
96,156,1,25839,96
131,102,0,16961,131
51,163,0,26945,51
45,142,0,23472,45
91,40,1,6691,91
17,151,0,24933,17
138,204,0,33796,138
119,25,0,4230,119
57,48,0,7994,57
79,176,0,29119,79
138,202,0,33466,138
98,68,0,11317,98
14,177,0,29207,14
49,120,0,19841,49
83,39,0,6516,83
73,108,0,17889,73
164,149,0,24746,164
6,197,0,32521,6
62,167,0,27628,62
124,103,1,17117,124
121,71,0,11835,121
12,51,0,8416,12
97,177,0,29301,97
44,89,1,14729,44
45,87,0,14397,45
40,47,1,7800,40
156,201,0,33318,156
145,192,0,31826,145
136,184,1,30492,136
81,89,0,14768,81
157,71,0,11870,157
25,54,0,8946,25
118,184,1,30473,118
84,14,1,2396,84
86,97,0,16087,86
52,87,0,14406,52
81,191,0,31598,81
158,190,1,31508,158
19,27,0,4488,19
96,189,0,31284,96
80,105,0,17405,80
163,68,0,11382,163
91,18,0,3061,91
0,120,0,19817,0
13,192,0,31719,13
54,42,0,6983,54
70,173,1,28615,70
77,113,0,18699,77
8,97,0,16009,8
148,137,0,22754,148
75,176,0,29107,75
24,159,0,26272,24
99,187,1,30953,99
105,212,0,35096,105
96,71,0,11814,96
20,190,1,31357,20
19,32,0,5313,19
27,59,0,9770,27
150,94,1,15666,150
86,146,0,24172,86
123,201,0,33289,123
9,63,0,10419,9
101,3,0,601,101
25,164,0,27096,25
46,126,0,20833,46
79,198,0,32749,79
26,75,0,12384,26
92,157,0,25997,92
22,201,0,33168,22
101,51,0,8521,101
68,11,0,1883,68
148,14,0,2459,148
25,142,0,23466,25
114,117,0,19412,114
119,193,1,31950,119
4,29,0,4793,4
103,173,1,28662,103
130,32,0,5410,130
54,108,0,17873,54
125,207,1,34282,125
74,191,0,31592,74
127,97,0,16130,127
142,63,0,10535,142
75,198,0,32737,75
112,125,1,20733,112
127,199,0,32960,127
103,119,0,19752,103
137,86,0,14327,137
34,205,0,33838,34
33,16,0,2666,33
80,94,1,15590,80
83,103,0,17076,83
24,56,0,9277,24
80,205,1,33905,80
9,178,0,29394,9
57,25,0,4199,57
19,74,0,12243,19
52,175,0,28926,52
63,3,0,570,63
113,165,0,27326,113
74,78,0,12947,74
64,104,0,17223,64
12,39,0,6436,12
26,51,0,8424,26
3,166,0,27400,3
15,205,1,33837,15
38,175,0,28904,38
34,26,0,4303,34
41,184,1,30406,41
147,101,0,16813,147
127,202,0,33455,127
85,213,0,35233,85
148,193,0,31994,148
135,85,0,14158,135
131,190,1,31481,131
135,108,0,17953,135
33,212,0,35006,33
63,93,0,15420,63
9,187,1,30879,9
144,86,0,14335,144
128,46,0,7716,128
130,207,0,34285,130
38,105,0,17354,38
151,24,0,4114,151
14,50,0,8252,14
15,164,0,27072,15
136,58,0,9702,136
46,54,0,8953,46
163,140,0,23262,163
17,130,0,21468,17
32,191,0,31547,32
24,104,0,17197,24
36,136,0,22463,36
142,89,0,14825,142
101,63,0,10501,101
16,78,0,12892,16
73,173,1,28614,73
63,25,0,4200,63
135,19,0,3268,135
113,37,0,6206,113
128,178,0,29496,128
136,204,0,33792,136
108,45,0,7535,108
108,151,0,25025,108
31,175,0,28894,31
128,24,0,4086,128
52,102,0,16881,52
92,216,1,35732,92
78,52,0,8658,78
106,200,0,33103,106
117,142,0,23551,117
130,59,0,9865,130
13,103,0,17034,13
20,92,0,15187,20
125,3,1,622,125
76,148,0,24484,76
114,14,1,2417,114
6,211,1,34831,6
120,124,1,20578,120
37,213,0,35166,37
127,157,0,26030,127
92,80,0,13292,92
133,174,1,28849,133
44,113,0,18689,44
164,82,0,13691,164
14,190,0,31352,14
68,99,0,16403,68
101,96,0,15946,101
156,213,0,35298,156
156,163,0,27048,156
101,181,0,29971,101
92,105,0,17417,92
63,200,0,33075,63
73,22,0,3699,73
47,115,0,19024,47
63,105,0,17400,63
70,49,0,8155,70
57,142,0,23504,57
97,151,0,25011,97
120,185,1,30643,120
68,37,0,6173,68
79,29,0,4864,79
127,37,0,6230,127
73,178,0,29439,73
41,119,0,19681,41
164,185,0,30686,164
136,159,0,26367,136
15,15,0,2487,15
96,146,0,24189,96
112,103,0,17103,112
101,17,0,2911,101
118,17,0,2918,118
9,79,0,13059,9
14,159,0,26237,14
130,187,1,30985,130
77,136,0,22494,77
73,84,1,13929,73
124,22,0,3752,124
138,100,0,16636,138
52,143,0,23646,52
48,192,0,31727,48
159,191,0,31674,159
20,138,0,22777,20
7,186,0,30690,7
0,20,0,3317,0
121,15,0,2595,121
29,49,1,8100,29
131,200,0,33131,131
57,124,0,20534,57
144,202,1,33475,144
130,17,0,2935,130
119,100,0,16605,119
156,164,0,27213,156
138,28,0,4756,138
113,5,0,926,113
6,44,0,7276,6
26,35,0,5784,26
42,27,0,4495,42
101,123,0,20401,101
28,35,1,5809,28
63,126,0,20865,63
21,170,0,28070,21
141,211,0,34957,141
8,15,0,2479,8
44,28,0,4664,44
13,65,0,10764,13
41,179,0,29581,41
151,205,0,33979,151
15,137,1,22617,15
49,16,0,2681,49
88,90,0,14935,88
123,32,0,5404,123
48,199,1,32882,48
131,20,0,3431,131
76,138,0,22834,76
110,197,0,32624,110
48,191,0,31562,48
91,32,0,5371,91
96,63,0,10494,96
17,198,0,32688,17
17,172,0,28398,17
123,63,0,10519,123
9,98,0,16194,9
78,201,1,33243,78
51,128,0,21170,51
110,165,0,27344,110
48,161,0,26612,48
7,33,0,5445,7
148,107,0,17804,148
33,19,0,3161,33
163,32,0,5442,163
136,35,1,5907,136
98,211,1,34912,98
0,89,0,14702,0
139,143,0,23733,139
12,97,0,16006,12
14,71,0,11717,14
5,25,1,4153,5
64,52,0,8643,64
1,85,0,14036,1
118,149,0,24698,118
27,54,0,8945,27
75,190,0,31417,75
5,138,0,22798,5
7,191,0,31515,7
31,170,1,28069,31
53,72,1,11932,53
70,72,1,11950,70
22,161,0,26568,22
101,89,0,14791,101
73,174,1,28779,73
24,47,0,7792,24
152,37,0,6255,152
118,51,0,8528,118
139,88,0,14658,139
117,211,0,34936,117
121,151,0,25035,121
24,185,0,30562,24
68,175,0,28943,68
19,11,0,1848,19
87,107,1,17742,87
136,156,1,25872,136
124,154,0,25532,124
54,15,0,2528,54
6,78,0,12886,6
51,49,1,8135,51
12,26,0,4291,12
62,84,0,13933,62
157,213,0,35300,157
79,80,0,13279,79
151,137,0,22759,151
49,15,0,2516,49
22,20,1,3303,22
10,25,1,4155,10
47,124,1,20509,47
64,25,1,4188,64
9,201,0,33189,9
70,216,0,35710,70
103,40,1,6717,103
92,19,1,3227,92
15,172,0,28392,15
57,41,0,6839,57
151,98,0,16324,151
79,1,0,244,79
32,165,0,27257,32
115,125,0,20729,115
131,74,0,12341,131
87,184,1,30447,87
133,87,0,14494,133
91,71,0,11806,91
68,96,1,15908,68
44,11,0,1859,44
38,48,0,7949,38
135,84,1,13993,135
44,130,0,21494,44
149,115,0,19122,149
75,11,0,1882,75
21,48,0,7940,21
120,99,0,16453,120
78,193,1,31923,78
4,37,1,6113,4
77,50,0,8304,77
26,154,0,25419,26
49,213,0,35186,49
127,86,0,14315,127
9,25,0,4149,9
99,7,0,1253,99
22,151,0,24918,22
46,143,1,23638,46
8,43,0,7099,8
106,157,0,26008,106
98,80,0,13297,98
106,56,0,9343,106
21,33,0,5465,21
51,215,1,35525,51
162,16,0,2803,162
57,71,0,11789,57
80,128,0,21200,80
29,102,0,16845,29
54,146,0,24143,54
129,49,1,8213,129
103,130,0,21567,103
44,91,1,15059,44
128,54,0,9036,128
117,113,0,18766,117
5,29,0,4813,5
22,18,0,2973,22
15,174,1,28722,15
119,122,1,20235,119
115,129,0,21389,115
6,81,0,13381,6
92,101,1,16757,92
3,208,0,34330,3
20,123,0,20302,20
158,191,0,31673,158
81,170,0,28133,81
26,137,0,22614,26
68,108,0,17888,68
9,136,0,22464,9
150,97,0,16161,150
30,136,0,22467,30
88,13,0,2230,88
157,88,1,14675,157
17,97,0,16023,17
42,185,0,30565,42
92,126,0,20882,92
14,145,0,23927,14
54,28,0,4673,54
120,18,0,3088,120
75,200,0,33067,75
62,26,1,4363,62
34,22,0,3643,34
75,88,0,14587,75
158,161,0,26723,158
128,98,0,16296,128
47,36,0,5989,47
49,167,0,27596,49
83,216,0,35721,83
37,126,0,20811,37
136,16,0,2772,136
37,119,0,19656,37
38,213,1,35174,38
108,1,0,275,108
164,88,0,14681,164
162,80,0,13363,162
51,43,0,7145,51
158,85,0,14183,158
46,85,1,14068,46
24,39,0,6472,24
148,159,0,26384,148
27,42,1,6965,27
104,37,0,6205,104
80,72,0,11960,80
41,148,0,24466,41
15,89,1,14697,15
164,150,0,24911,164
84,140,1,23186,84
8,138,0,22774,8
119,78,0,12975,119
103,19,0,3252,103
30,90,0,14877,30
136,13,1,2277,136
48,16,0,2687,48
26,98,0,16179,26
104,43,0,7195,104
44,190,1,31394,44
86,90,1,14932,86
148,148,0,24569,148
33,47,0,7781,33
16,58,0,9592,16
64,42,1,6993,64
25,150,0,24786,25
131,123,0,20426,131
108,14,1,2420,108
47,13,1,2194,47
131,86,0,14321,131
112,104,0,17268,112
117,143,0,23716,117
84,104,0,17246,84
21,156,0,25760,21
17,63,0,10413,17
96,28,0,4719,96
0,177,0,29222,0
87,25,1,4212,87
145,159,0,26381,145
57,33,0,5519,57
87,175,1,28962,87
115,191,0,31619,115
87,145,1,24012,87
1,145,0,23936,1
83,3,0,576,83
84,216,1,35726,84
8,25,0,4129,8
15,96,0,15852,15
10,81,0,13395,10
123,58,0,9694,123
16,32,0,5302,16
30,34,0,5637,30
153,36,0,6092,153
75,107,0,17722,75
129,216,0,35768,129
16,156,1,25762,16
7,174,0,28710,7
24,79,0,13072,24
151,48,0,8074,151
10,85,0,14055,10
150,136,0,22596,150
124,36,0,6062,124
28,43,0,7129,28
5,13,0,2173,5
9,124,0,20484,9
107,189,0,31294,107
26,150,0,24759,26
24,42,0,6967,24
121,150,0,24870,121
107,74,0,12319,107
17,9,0,1503,17
62,202,0,33403,62
78,8,0,1398,78
74,88,0,14597,74
88,102,0,16915,88
91,81,0,13456,91
133,129,0,21424,133
26,126,0,20799,26
80,5,0,905,80
156,177,0,29358,156
110,13,0,2264,110
42,9,0,1525,42
121,160,0,26520,121
152,142,0,23580,152
91,7,0,1246,91
54,97,0,16058,54
141,7,0,1297,141
118,29,0,4898,118
77,87,0,14409,77
83,100,0,16581,83
79,7,0,1234,79
92,167,0,27647,92
48,42,0,6977,48
96,27,0,4554,96
14,120,0,19802,14
163,167,0,27717,163
68,116,0,19208,68
140,149,0,24726,140
153,64,0,10712,153
41,13,0,2191,41
0,142,0,23447,0
5,205,1,33853,5
14,189,0,31187,14
6,163,0,26911,6
127,45,0,7550,127
162,191,0,31678,162
80,93,1,15425,80
51,91,0,15065,51
144,138,0,22915,144
142,92,0,15320,142
76,33,0,5509,76
29,71,0,11730,29
64,181,0,29928,64
85,160,0,26488,85
105,186,0,30806,105
121,136,0,22560,121
123,37,0,6229,123
125,179,0,29662,125
75,216,0,35707,75
22,159,1,26238,22
153,47,0,7907,153
81,198,0,32753,81
17,50,0,8268,17
139,20,0,3438,139
14,154,1,25412,14
130,53,0,8875,130
162,148,0,24583,162
85,81,0,13453,85
53,81,0,13417,53
96,48,0,8019,96
106,97,0,16108,106
6,39,1,6451,6
80,146,0,24170,80
157,190,0,31505,157
49,75,0,12416,49
70,83,0,13765,70
101,197,0,32611,101
0,191,0,31532,0
149,66,0,11037,149
21,65,1,10745,21
119,145,1,24030,119
25,36,0,5976,25
139,86,0,14328,139
79,195,0,32254,79
44,56,0,9284,44
130,24,0,4090,130
153,174,0,28862,153
32,167,0,27587,32
12,42,0,6931,12
64,208,0,34383,64
41,100,0,16546,41
30,81,0,13392,30
98,54,0,9007,98
142,108,0,17960,142
12,85,0,14026,12
73,74,0,12279,73
74,51,0,8492,74
163,163,0,27057,163
140,215,1,35616,140
99,3,0,593,99
153,126,0,20942,153
104,143,0,23695,104
118,201,0,33278,118
86,129,0,21367,86
52,47,0,7806,52
159,208,0,34479,159
139,212,0,35118,139
5,100,1,16528,5
79,82,0,13609,79
17,156,1,25758,17
81,195,0,32258,81
127,99,0,16460,127
144,99,0,16480,144
96,11,1,1914,96
53,28,0,4672,53
70,84,1,13930,70
21,122,0,20150,21
151,165,0,27379,151
45,18,0,3012,45
27,97,1,16040,27
47,130,0,21499,47
32,118,0,19502,32
64,151,0,24978,64
40,178,0,29415,40
34,90,0,14863,34
133,15,0,2614,133
163,120,0,19962,163
112,92,0,15288,112
47,172,0,28429,47
129,41,0,6893,129
52,42,0,6981,52
76,154,0,25474,76
125,117,0,19432,125
121,154,0,25530,121
34,164,0,27073,34
112,36,0,6048,112
42,192,0,31720,42
31,92,0,15199,31
117,149,0,24706,117
77,82,0,13584,77
80,48,0,8000,80
0,24,0,3977,0
104,126,0,20890,104
36,92,0,15203,36
152,172,0,28530,152
157,14,0,2465,157
120,62,0,10348,120
24,74,0,12247,24
97,205,1,33921,97
129,92,0,15308,129
63,184,0,30435,63
29,200,0,33015,29
130,126,0,20920,130
21,175,0,28895,21
41,56,1,9286,41
119,163,0,27000,119
48,170,0,28097,48
159,164,0,27219,159
159,207,0,34314,159
159,79,0,13194,159
142,43,0,7235,142
7,28,0,4620,7
120,33,0,5563,120
125,14,1,2437,125
25,151,0,24951,25
68,44,0,7328,68
30,120,0,19827,30
76,175,1,28939,76
137,154,0,25547,137
13,72,1,11919,13
37,50,0,8271,37
41,33,0,5491,41
13,179,0,29574,13
33,137,0,22631,33
74,118,0,19547,74
84,204,0,33746,84
73,151,0,24984,73
106,156,1,25843,106
107,9,0,1594,107
28,205,1,33859,28
137,173,1,28682,137
157,142,0,23585,157
63,189,0,31260,63
127,178,0,29495,127
47,14,1,2359,47
36,54,0,8933,36
26,120,0,19809,26
158,42,0,7088,158
41,58,0,9616,41
81,164,0,27143,81
38,166,0,27419,38
46,150,0,24793,46
115,105,0,17429,115
110,20,0,3419,110
145,120,0,19946,145
15,193,1,31857,15
148,24,0,4109,148
148,65,0,10874,148
130,5,0,955,130
9,85,0,14049,9
159,16,0,2799,159
121,9,0,1605,121
40,65,1,10770,40
129,159,0,26363,129
29,19,0,3150,29
21,205,0,33845,21
54,17,0,2858,54
14,128,1,21122,14
140,9,0,1626,140
125,28,0,4747,125
125,192,0,31807,125
140,138,0,22911,140
5,34,0,5638,5
121,75,0,12495,121
10,198,0,32700,10
12,63,0,10396,12
129,75,0,12503,129
28,80,1,13234,28
38,115,0,19004,38
125,100,0,16627,125
83,142,0,23511,83
148,66,0,11039,148
9,70,0,11574,9
152,145,0,24075,152
145,146,0,24236,145
142,163,0,27035,142
32,172,0,28412,32
4,70,0,11558,4
42,66,0,10930,42
78,120,0,19878,78
68,140,0,23168,68
78,78,0,12948,78
156,29,0,4938,156
85,88,0,14608,85
87,195,0,32262,87
19,87,0,14388,19
54,213,1,35198,54
53,205,1,33877,53
138,128,1,21256,138
96,16,0,2739,96
117,3,0,616,117
51,201,1,33215,51
157,1,0,320,157
29,138,0,22785,29
98,207,0,34252,98
41,43,0,7141,41
33,54,0,8936,33
130,143,1,23725,130
99,138,0,22868,99
38,103,0,17024,38
68,213,0,35213,68
121,66,1,11010,121
70,125,0,20695,70
162,124,0,20623,162
125,39,1,6562,125
52,85,0,14076,52
37,184,1,30381,37
34,72,0,11893,34
115,72,0,11984,115
127,208,0,34445,127
42,156,0,25780,42
63,213,0,35220,63
5,123,0,20323,5
106,198,0,32773,106
130,34,0,5740,130
135,37,0,6238,135
144,100,0,16645,144
148,17,1,2954,148
37,216,0,35661,37
150,186,0,30846,150
101,189,0,31291,101
6,185,0,30541,6
4,1,0,173,4
86,216,0,35722,86
1,130,0,21461,1
24,41,0,6802,24
74,100,0,16577,74
117,190,1,31471,117
149,165,0,27372,149
159,174,0,28869,159
44,212,0,35024,44
106,120,0,19903,106
136,51,0,8547,136
136,82,0,13662,136
49,164,0,27101,49
158,201,1,33323,158
31,44,0,7279,31
51,146,0,24140,51
91,89,1,14776,91
73,185,1,30594,73
108,87,0,14465,108
145,80,0,13346,145
120,118,1,19588,120
96,81,0,13464,96
121,167,1,27675,121
88,96,0,15925,88
32,97,0,16037,32
144,75,0,12520,144
112,63,0,10503,112
28,63,0,10429,28
159,99,0,16494,159
1,126,0,20801,1
98,15,0,2572,98
28,147,0,24289,28
13,63,0,10434,13
38,172,0,28409,38
73,107,0,17724,73
84,201,1,33251,84
101,66,1,10996,101
115,187,0,30959,115
127,98,0,16295,127
30,118,0,19497,30
158,22,0,3788,158
101,130,0,21556,101
8,29,0,4789,8
112,160,1,26508,112
52,160,0,26451,52
52,93,0,15396,52
156,79,0,13188,156
119,36,0,6045,119
7,137,0,22605,7
38,68,0,11249,38
113,74,0,12311,113
151,88,1,14674,151
135,58,0,9703,135
120,47,1,7873,120
156,105,1,17478,156
63,162,0,26805,63
119,175,1,28980,119
144,179,0,29680,144
88,27,0,4540,88
164,193,1,32006,164
98,205,1,33922,98
123,181,0,29989,123
138,88,0,14656,138
41,98,1,16216,41
107,89,1,14794,107
125,164,1,27187,125
16,45,0,7447,16
63,190,0,31425,63
62,81,0,13438,62
101,185,0,30631,101
112,84,1,13968,112
73,9,0,1554,73
149,46,0,7737,149
5,202,0,33358,5
7,44,0,7260,7
7,140,0,23100,7
88,157,0,25990,88
125,33,0,5572,125
96,25,1,4224,96
150,175,0,29031,150
30,190,0,31377,30
150,176,0,29196,150
87,124,0,20547,87
153,42,0,7082,153
33,20,0,3326,33
0,205,0,33842,0
127,96,0,15965,127
53,94,0,15562,53
20,142,1,23437,20
41,90,1,14896,41
101,199,0,32941,101
77,34,0,5664,77
137,161,0,26702,137
128,136,1,22566,128
54,59,0,9788,54
97,86,0,14286,97
12,33,0,5446,12
64,166,0,27453,64
159,47,0,7914,159
156,102,0,16983,156
148,181,0,30014,148
22,142,1,23433,22
29,88,0,14535,29
10,53,0,8775,10
34,123,0,20308,34
37,204,0,33681,37
96,103,1,17094,96
49,162,0,26771,49
28,108,0,17854,28
9,44,0,7284,9
137,147,0,24392,137
152,149,0,24735,152
107,66,0,10999,107
84,151,0,25001,84
127,181,0,29990,127
152,9,0,1635,152
144,3,0,640,144
127,119,0,19760,127
22,44,0,7263,22
106,191,0,31618,106
3,140,0,23110,3
31,213,0,35164,31
92,88,0,14612,92
113,83,0,13796,113
124,149,0,24707,124
74,92,0,15257,74
5,191,0,31543,5
127,122,0,20255,127
164,130,0,21611,164
22,187,1,30858,22
86,1,0,247,86
49,91,0,15056,49
4,156,0,25748,4
147,96,0,15988,147
53,162,0,26782,53
31,156,1,25759,31
87,63,0,10482,87
17,124,0,20478,17
34,27,0,4468,34
110,216,1,35759,110
145,8,0,1466,145
104,115,0,19075,104
108,17,0,2915,108
152,213,0,35295,152
141,85,1,14167,141
5,132,0,21808,5
157,116,0,19295,157
106,22,0,3733,106
75,42,0,6997,75
8,20,0,3304,8
156,193,0,31998,156
5,4,0,688,5
51,108,0,17870,51
108,9,0,1595,108
12,113,0,18646,12
17,211,0,34833,17
15,165,1,27237,15
1,117,0,19316,1
68,58,0,9638,68
139,154,0,25548,139
153,29,0,4937,153
164,186,0,30851,164
127,170,0,28175,127
157,159,0,26390,157
96,170,0,28149,96
119,99,0,16440,119
73,43,0,7164,73
21,42,1,6950,21
153,40,0,6752,153
0,181,0,29882,0
163,18,0,3132,163
3,146,0,24100,3
0,64,0,10577,0
152,41,0,6915,152
13,147,0,24294,13
105,84,1,13976,105
53,90,0,14902,53
85,208,0,34408,85
114,216,0,35747,114
77,146,0,24144,77
17,89,0,14703,17
164,3,0,656,164
70,53,1,8815,70
153,82,0,13682,153
37,94,0,15531,37
150,197,0,32661,150
145,101,0,16811,145
137,18,0,3107,137
121,11,0,1935,121
159,7,0,1314,159
79,102,0,16909,79
118,105,1,17438,118
163,179,0,29697,163
137,72,0,12017,137
153,52,0,8732,153
48,116,0,19187,48
135,166,0,27523,135
38,41,0,6794,38
127,186,0,30815,127
106,88,0,14623,106
87,64,0,10647,87
81,105,0,17408,81
21,39,0,6455,21
30,208,0,34347,30
3,197,0,32515,3
62,15,0,2548,62
117,52,0,8701,117
54,132,1,21833,54
156,178,0,29523,156
138,199,1,32971,138
34,202,0,33343,34
91,65,1,10816,91
88,48,0,8005,88
41,24,0,4006,41
57,53,0,8819,57
147,184,1,30508,147
121,90,1,14970,121
159,90,0,15009,159
88,138,0,22855,88
73,28,0,4689,73
10,62,0,10260,10
79,40,0,6679,79
133,208,0,34459,133
158,63,0,10553,158
159,176,0,29199,159
99,92,0,15278,99
28,36,0,5974,28
24,4,0,697,24
139,124,0,20598,139
30,191,0,31542,30
113,162,0,26831,113
15,136,0,22452,15
135,205,1,33958,135
127,162,0,26855,127
73,40,0,6669,73
29,164,0,27075,29
157,99,0,16490,157
97,149,0,24681,97
49,90,1,14891,49
142,174,1,28850,142
38,129,0,21314,38
87,15,0,2562,87
144,19,0,3280,144
139,75,0,12513,139
32,25,1,4157,32
12,1,0,166,12
128,51,0,8541,128
147,58,0,9718,147
36,45,0,7448,36
64,99,0,16398,64
17,59,0,9753,17
52,88,0,14571,52
103,172,0,28497,103
162,35,0,5938,162
121,86,0,14310,121
16,90,1,14872,16
125,129,0,21412,125
62,99,0,16408,62
57,17,0,2879,57
76,137,1,22669,76
159,213,0,35304,159
81,126,0,20873,81
41,4,0,706,41
68,70,0,11618,68
30,9,0,1512,30
16,99,0,16357,16
12,142,0,23431,12
9,129,0,21309,9
83,175,0,28956,83
163,156,0,25902,163
85,148,0,24508,85
32,66,1,10922,32
44,47,1,7799,44
130,90,0,14980,130
121,36,0,6060,121
96,107,0,17754,96
4,138,0,22778,4
0,143,0,23612,0
83,167,0,27636,83
103,56,0,9357,103
164,122,1,20291,164
51,205,1,33875,51
10,48,0,7950,10
115,20,0,3404,115
64,80,0,13263,64
124,137,0,22727,124
73,24,0,4029,73
40,173,1,28590,40
64,39,0,6498,64
1,150,0,24761,1
42,87,0,14395,42
83,164,0,27141,83
31,149,0,24604,31
9,198,0,32694,9
83,181,1,29946,83
133,119,0,19774,133
141,40,0,6742,141
8,48,0,7924,8
51,138,0,22820,51
96,40,1,6699,96
103,3,0,612,103
156,44,0,7413,156
26,103,0,17004,26
125,45,1,7552,125
10,44,0,7290,10
101,137,0,22711,101
19,49,0,8118,19
45,172,0,28422,45
26,8,0,1329,26
158,97,0,16163,158
144,79,0,13180,144
5,87,0,14383,5
121,157,1,26025,121
87,80,0,13287,87
98,52,0,8677,98
87,17,0,2892,87
63,151,0,24990,63
151,181,0,30019,151
9,115,0,18999,9
74,142,0,23507,74
57,83,0,13769,57
81,66,0,10973,81
125,66,1,11017,125
105,63,0,10511,105
7,117,0,19305,7
1,207,0,34166,1
45,62,0,10272,45
53,189,0,31237,53
15,44,0,7272,15
34,13,0,2158,34
10,161,0,26595,10
104,90,0,14950,104
10,201,1,33195,10
114,79,0,13142,114
159,215,1,35634,159
32,199,1,32867,32
131,138,0,22901,131
113,126,0,20891,113
41,125,1,20671,41
125,7,0,1282,125
92,140,0,23192,92
123,99,0,16459,123
20,82,1,13537,20
153,147,0,24407,153
70,200,0,33070,70
140,46,0,7731,140
141,118,0,19612,141
15,161,0,26577,15
48,150,0,24797,48
152,35,0,5925,152
127,132,0,21905,127
70,56,0,9310,70
1,1,0,176,1
16,59,0,9757,16
10,165,1,27255,10
0,29,0,4802,0
150,149,0,24741,150
163,59,0,9897,163
91,49,0,8176,91
125,71,0,11842,125
10,174,1,28740,10
41,115,0,19021,41
140,116,0,19281,140
16,14,0,2332,16
36,117,0,19328,36
98,45,0,7522,98
6,48,0,7936,6
131,213,0,35276,131
83,19,0,3216,83
107,193,0,31954,107
53,140,0,23152,53
105,176,0,29156,105
42,52,0,8620,42
70,98,0,16240,70
124,101,1,16787,124
73,62,0,10299,73
46,119,1,19678,46
84,98,0,16256,84
129,27,1,4583,129
124,195,0,32297,124
14,125,0,20627,14
144,212,1,35125,144
19,54,0,8943,19
120,79,0,13153,120
74,26,0,4367,74
145,4,0,806,145
96,17,0,2904,96
6,164,0,27076,6
121,26,0,4410,121
85,154,0,25498,85
164,190,1,31511,164
25,202,1,33366,25
7,160,0,26400,7
159,211,0,34974,159
145,151,0,25061,145
14,129,0,21287,14
91,207,0,34246,91
110,63,0,10514,110
77,143,0,23649,77
84,59,0,9821,84
125,91,0,15142,125
156,14,1,2463,156
136,157,0,26037,136
133,128,0,21259,133
133,200,0,33139,133
135,42,0,7063,135
33,96,0,15866,33
14,200,0,33002,14
38,25,0,4154,38
144,87,0,14500,144
106,39,0,6538,106
88,79,1,13120,88
117,40,0,6721,117
40,162,0,26775,40
101,24,0,4066,101
87,165,1,27312,87
7,16,0,2640,7
150,207,0,34311,150
47,28,0,4669,47
15,129,0,21297,15
148,51,0,8564,148
127,104,0,17285,127
63,137,0,22680,63
158,187,1,31013,158
31,1,0,184,31
8,50,0,8254,8
157,15,1,2630,157
15,43,0,7107,15
151,62,0,10384,151
48,86,0,14237,48
114,161,0,26672,114
98,162,0,26827,98
54,215,0,35528,54
99,181,0,29963,99
45,192,0,31722,45
121,186,0,30810,121
79,8,0,1399,79
26,91,0,15024,26
135,1,0,298,135
151,99,0,16489,151
131,96,0,15971,131
52,215,0,35526,52
57,49,0,8159,57
158,140,0,23258,158
30,117,0,19332,30
34,89,0,14698,34
5,216,0,35668,5
44,44,0,7304,44
114,15,0,2582,114
62,39,0,6508,62
34,51,0,8428,34
38,39,0,6464,38
128,81,0,13491,128
29,59,0,9750,29
96,100,0,16599,96
32,149,0,24617,32
157,164,0,27215,157
96,198,0,32769,96
101,187,0,30961,101
138,143,0,23731,138
68,161,0,26633,68
34,43,0,7108,34
33,165,0,27251,33
98,14,1,2407,98
142,119,0,19775,142
103,78,0,12987,103
136,32,0,5412,136
91,102,0,16921,91
125,87,0,14482,125
163,54,0,9072,163
96,92,0,15279,96
31,195,0,32194,31
136,43,0,7227,136
57,205,0,33899,57
6,208,0,34336,6
15,147,0,24267,15
148,43,0,7244,148
45,34,0,5652,45
115,164,0,27164,115
138,215,1,35611,138
4,212,0,34988,4
128,197,0,32631,128
97,32,1,5376,97
99,47,0,7853,99
162,92,0,15343,162
6,41,0,6781,6
88,40,0,6685,88
140,64,0,10701,140
78,113,1,18723,78
114,86,0,14297,114
5,154,0,25438,5
108,3,1,605,108
40,124,1,20505,40
7,97,0,16005,7
108,96,1,15950,108
15,49,0,8097,15
30,56,0,9267,30
68,146,0,24158,68
106,89,1,14788,106
54,64,0,10613,54
149,51,0,8562,149
113,195,0,32276,113
81,28,0,4703,81
48,93,0,15392,48
85,7,0,1243,85
104,162,0,26830,104
112,13,1,2253,112
110,98,0,16289,110
133,132,1,21919,133
16,165,0,27247,16
133,164,0,27199,133
87,149,0,24672,87
121,27,0,4575,121
47,46,0,7639,47
125,65,1,10852,125
156,1,0,318,156
108,81,0,13475,108
24,20,0,3337,24
127,29,0,4910,127
162,120,0,19963,162
98,138,0,22867,98
79,59,0,9814,79
76,36,0,6004,76
88,177,0,29290,88
64,29,0,4848,64
125,75,0,12502,125
24,150,0,24787,24
97,208,0,34416,97
80,197,0,32585,80
42,117,0,19345,42
77,140,0,23154,77
162,177,0,29368,162
36,211,0,34838,36
152,93,0,15495,152
20,63,0,10402,20
26,34,0,5619,26
156,59,0,9888,156
53,104,0,17212,53
81,165,0,27308,81
133,70,0,11689,133
129,58,0,9698,129
152,63,0,10545,152
21,187,1,30875,21
140,24,0,4101,140
30,15,0,2502,30
42,166,0,27430,42
148,163,0,27044,148
96,99,0,16434,96
79,51,0,8494,79
33,205,0,33851,33
127,107,0,17780,127
53,185,0,30577,53
97,162,0,26826,97
8,98,0,16174,8
156,52,0,8733,156
112,120,0,19908,112
45,96,0,15882,45
57,27,0,4529,57
137,122,1,20267,137
88,29,0,4870,88
31,68,0,11239,31
156,17,0,2958,156
87,74,0,12297,87
114,173,1,28652,114
8,199,1,32839,8
144,125,0,20770,144
117,124,1,20581,117
17,88,0,14538,17
124,98,1,16292,124
64,47,1,7818,64
96,125,1,20724,96
44,204,0,33704,44
88,33,1,5530,88
158,51,0,8573,158
46,123,0,20338,46
32,146,0,24122,32
91,123,0,20386,91
88,103,0,17080,88
99,119,0,19733,99
139,87,1,14493,139
145,197,0,32651,145
99,66,1,10988,99
163,212,0,35142,163
159,3,0,654,159
29,142,1,23445,29
147,43,0,7243,147
16,113,0,18667,16
145,123,0,20441,145
44,193,0,31889,44
107,42,0,7039,107
47,101,0,16714,47
75,186,0,30757,75
25,190,0,31386,25
44,213,1,35189,44
26,201,0,33174,26
33,63,0,10421,33
51,212,0,35030,51
120,208,0,34438,120
140,42,1,7071,140
21,44,1,7280,21
33,199,1,32861,33
57,126,0,20864,57
25,39,0,6471,25
73,97,0,16074,73
162,142,0,23593,162
99,189,0,31283,99
92,178,0,29462,92
107,116,0,19249,107
47,113,0,18694,47
158,179,0,29693,158
98,167,0,27652,98
97,201,1,33261,97
33,119,0,19661,33
133,40,0,6739,133
96,22,0,3729,96
156,86,0,14343,156
64,202,1,33393,64
30,172,0,28407,30
106,34,0,5713,106
25,101,0,16701,25
91,97,0,16096,91
9,24,0,3984,9
74,81,1,13442,74
108,28,0,4730,108
120,181,0,29983,120
24,33,0,5482,24
20,202,0,33337,20
120,3,0,613,120
114,197,0,32612,114
133,172,0,28519,133
147,197,0,32653,147
62,63,0,10468,62
151,170,0,28204,151
38,5,0,854,38
10,207,0,34185,10
110,9,0,1604,110
52,82,0,13581,52
36,175,0,28898,36
28,143,0,23629,28
136,137,1,22737,136
114,195,0,32282,114
137,34,0,5747,137
28,26,0,4324,28
150,138,0,22926,150
30,101,0,16692,30
101,25,0,4231,101
125,102,0,16957,125
145,160,0,26546,145
25,82,0,13566,25
27,52,0,8615,27
158,43,0,7253,158
80,47,1,7835,80
157,143,0,23750,157
80,34,0,5690,80
3,75,0,12385,3
149,19,0,3282,149
49,177,0,29246,49
152,167,0,27705,152
92,181,0,29957,92
84,100,0,16586,84
83,186,0,30771,83
28,213,0,35179,28
16,162,0,26752,16
54,47,0,7808,54
144,58,0,9715,144
53,166,0,27442,53
98,159,0,26332,98
106,65,1,10828,106
162,8,0,1483,162
120,42,1,7048,120
54,45,0,7478,54
78,205,1,33903,78
41,199,1,32881,41
40,59,0,9780,40
145,138,0,22916,145
38,146,0,24119,38
163,142,0,23592,163
21,128,0,21140,21
51,26,0,4340,51
92,146,1,24182,92
54,187,0,30908,54
63,74,0,12285,63
32,123,0,20327,32
98,104,0,17257,98
142,42,1,7070,142
26,94,0,15519,26
16,97,0,16027,16
19,20,0,3333,19
77,42,0,6984,77
41,48,1,7966,41
15,213,1,35157,15
12,88,0,14521,12
125,18,0,3097,125
8,91,0,15019,8
103,181,0,29982,103
36,149,0,24608,36
15,36,0,5952,15
7,151,0,24915,7
9,81,0,13389,9
92,32,0,5372,92
38,87,0,14384,38
9,22,0,3654,9
42,157,0,25945,42
8,163,0,26899,8
30,113,0,18672,30
152,3,0,645,152
159,200,0,33159,159
130,101,1,16795,130
49,195,0,32216,49
30,17,0,2832,30
20,81,0,13372,20
75,26,0,4357,75
145,126,0,20936,145
103,179,0,29652,103
12,49,0,8086,12
16,108,0,17842,16
156,33,0,5598,156
110,14,1,2429,110
25,215,1,35511,25
7,177,0,29205,7
14,117,0,19307,14
33,32,0,5306,33
139,147,0,24393,139
103,34,0,5727,103
86,128,0,21202,86
97,97,0,16101,97
21,201,0,33185,21
144,82,0,13675,144
114,1,0,272,114
1,162,0,26741,1
99,130,0,21548,99
141,98,0,16312,141
118,118,1,19583,118
46,199,1,32878,46
110,53,0,8864,110
119,151,0,25020,119
20,9,0,1492,20
86,64,0,10642,86
164,59,0,9896,164
88,5,0,910,88
26,79,0,13044,26
81,26,0,4373,81
147,9,0,1633,147
106,176,0,29143,106
13,189,0,31224,13
145,212,0,35126,145
98,140,0,23197,98
136,215,1,35607,136
156,174,1,28863,156
29,84,0,13875,29
29,96,0,15855,29
128,1,0,291,128
68,211,0,34883,68
149,8,0,1467,149
136,128,0,21252,136
3,85,0,14035,3
78,93,0,15423,78
51,179,0,29585,51
164,33,0,5606,164
75,166,0,27457,75
13,22,0,3669,13
98,215,1,35572,98
142,113,0,18785,142
131,120,0,19931,131
27,26,0,4325,27
119,1,0,270,119
123,213,0,35269,123
25,173,0,28581,25
149,29,0,4932,149
91,59,0,9826,91
29,32,0,5295,29
129,208,0,34448,129
164,75,1,12536,164
62,164,1,27133,62
73,142,0,23499,73
99,16,0,2738,99
148,126,0,20939,148
73,187,1,30924,73
137,44,0,7397,137
153,113,0,18797,153
118,108,0,17933,118
70,187,0,30925,70
12,208,0,34321,12
144,50,1,8395,144
37,195,0,32196,37
16,148,0,24442,16
21,74,1,12230,21
127,161,0,26690,127
87,187,1,30942,87
17,44,0,7278,17
131,208,0,34451,131
24,13,0,2182,24
164,28,0,4781,164
64,14,0,2373,64
5,39,0,6463,5
137,58,0,9707,137
8,126,0,20794,8
107,37,0,6214,107
129,125,1,20753,129
104,156,1,25840,104
164,142,0,23591,164
7,113,0,18645,7
68,26,0,4358,68
83,48,0,8001,83
9,91,0,15039,9
120,216,1,35758,120
31,58,0,9589,31
135,150,0,24883,135
28,25,1,4159,28
92,11,0,1907,92
42,104,0,17200,42
84,15,0,2561,84
105,93,0,15461,105
149,37,0,6252,149
28,62,0,10264,28
158,122,1,20288,158
3,138,0,22780,3
33,172,0,28406,33
83,192,0,31761,83
57,24,0,4034,57
22,119,0,19638,22
139,22,0,3768,139
144,213,0,35290,144
4,89,0,14693,4
105,20,0,3416,105
8,179,0,29539,8
83,68,1,11301,83
27,147,0,24290,27
147,130,0,21598,147
19,34,0,5643,19
31,71,0,11734,31
86,207,0,34237,86
68,9,0,1553,68
88,151,0,25000,88
30,62,0,10257,30
121,146,0,24210,121
77,13,0,2199,77
34,24,0,3973,34
108,113,0,18755,108
96,191,0,31614,96
157,199,1,32990,157
148,47,0,7904,148
124,124,0,20582,124
62,42,0,7003,62
76,71,0,11779,76
150,145,0,24081,150
33,84,0,13886,33
112,65,1,10833,112
105,174,1,28826,105
106,205,0,33928,106
1,104,0,17171,1
105,130,0,21566,105
85,1,0,253,85
121,34,0,5730,121
153,108,0,17972,153
28,216,0,35674,28
34,62,0,10243,34
27,216,1,35675,27
25,128,1,21156,25
150,29,0,4941,150
32,50,0,8282,32
63,130,0,21525,63
31,82,0,13549,31
144,92,0,15325,144
70,52,0,8650,70
88,75,0,12460,88
104,86,0,14290,104
45,5,1,867,45
81,94,0,15593,81
57,85,0,14099,57
156,170,0,28203,156
104,181,0,29965,104
12,18,0,2971,12
104,40,0,6700,104
40,7,0,1200,40
123,145,0,24049,123
123,130,0,21574,123
63,46,0,7665,63
107,58,0,9679,107
46,70,0,11593,46
149,145,0,24072,149
19,68,1,11253,19
22,72,0,11883,22
110,11,0,1934,110
51,19,0,3185,51
153,119,0,19787,153
41,65,0,10771,41
78,74,0,12288,78
105,115,0,19091,105
33,177,0,29231,33
19,82,0,13563,19
63,116,0,19215,63
73,1,0,234,73
37,116,0,19161,37
42,187,0,30895,42
10,200,0,33030,10
76,107,0,17719,76
98,197,0,32602,98
103,47,1,7872,103
73,102,0,16899,73
152,165,0,27375,152
40,174,1,28755,40
77,161,0,26619,77
137,70,0,11687,137
137,202,0,33467,137
17,119,0,19653,17
124,25,1,4247,124
20,170,0,28057,20
49,32,0,5321,49
20,25,1,4132,20
13,16,0,2679,13
164,91,1,15176,164
6,184,0,30376,6
144,174,0,28855,144
46,46,0,7633,46
131,184,1,30491,131
44,124,1,20504,44
26,108,0,17829,26
127,3,0,620,127
3,42,0,6940,3
159,51,0,8574,159
34,20,0,3313,34
0,197,0,32522,0
41,207,0,34201,41
159,117,0,19464,159
151,53,0,8899,151
20,161,0,26572,20
97,118,1,19566,97
152,18,0,3120,152
63,177,0,29280,63
140,107,0,17796,140
14,35,0,5777,14
31,147,0,24274,31
148,117,0,19454,148
17,16,0,2658,17
115,172,0,28484,115
29,33,0,5460,29
87,52,0,8667,87
137,29,0,4922,137
74,125,1,20702,74
42,137,0,22645,42
125,98,1,16297,125
53,105,0,17377,53
73,157,0,25974,73
135,187,0,30988,135
44,151,0,24959,44
118,116,0,19253,118
78,59,0,9813,78
115,201,0,33269,115
45,68,0,11262,45
104,11,0,1915,104
80,165,0,27305,80
47,97,1,16054,47
87,78,0,12957,87
64,160,0,26463,64
151,13,0,2299,151
142,96,0,15980,142
62,94,1,15583,62
57,166,0,27464,57
148,98,0,16319,148
105,42,1,7046,105
5,92,0,15208,5
7,189,0,31185,7
64,75,0,12438,64
68,47,0,7823,68
125,126,0,20917,125
83,201,1,33246,83
3,14,0,2320,3
144,7,0,1300,144
149,100,0,16647,149
159,22,0,3789,159
70,178,0,29440,70
158,176,0,29198,158
138,51,0,8551,138
38,59,0,9764,38
121,105,1,17445,121
118,64,0,10673,118
78,195,0,32253,78
92,53,0,8837,92
48,198,0,32717,48
33,113,0,18671,33
110,123,0,20414,110
68,62,0,10298,68
21,154,0,25430,21
108,175,1,28985,108
86,119,0,19717,86
108,93,0,15455,108
20,66,1,10897,20
135,40,1,6733,135
86,178,0,29452,86
26,138,0,22779,26
162,130,0,21613,162
53,96,0,15892,53
128,48,0,8046,128
6,192,0,31696,6
10,187,1,30885,10
26,14,0,2319,26
76,103,1,17059,76
98,216,0,35737,98
158,117,1,19463,158
147,72,0,12028,147
153,117,0,19457,153
85,126,0,20878,85
10,175,1,28905,10
64,93,0,15408,64
84,53,0,8831,84
114,205,1,33932,114
119,170,0,28155,119
153,190,0,31502,153
17,185,0,30543,17
157,124,0,20615,157
85,136,0,22528,85
21,178,0,29390,21
75,7,0,1222,75
121,165,0,27345,121
117,195,0,32296,117
110,8,0,1439,110
110,92,0,15299,110
117,161,0,26686,117
124,207,0,34277,124
27,88,0,14555,27
142,118,0,19610,142
133,96,0,15979,133
149,82,0,13677,149
26,185,0,30534,26
41,172,0,28426,41
101,177,0,29311,101
76,165,1,27289,76
84,66,1,10976,84
101,172,0,28486,101
20,100,0,16507,20
114,179,0,29642,114
83,90,1,14931,83
153,32,0,5432,153
105,94,0,15626,105
42,215,0,35515,42
136,83,0,13827,136
63,192,0,31755,63
45,91,0,15057,45
86,197,1,32587,86
36,71,0,11738,36
19,157,0,25938,19
21,54,0,8930,21
114,71,0,11822,114
44,96,0,15884,44
9,83,0,13719,9
115,35,0,5879,115
27,202,1,33365,27
64,11,0,1878,64
137,198,0,32807,137
33,9,0,1511,33
164,137,0,22766,164
46,215,1,35518,46
13,32,0,5319,13
152,81,0,13515,152
147,175,0,29023,147
114,174,1,28817,114
73,18,0,3039,73
158,15,0,2633,158
142,100,0,16640,142
42,88,0,14560,42
125,118,1,19597,125
127,25,0,4250,127
53,92,0,15232,53
26,128,0,21129,26
26,89,0,14694,26
14,161,0,26567,14
80,164,0,27140,80
81,84,1,13943,81
115,70,0,11654,115
13,52,0,8619,13
125,202,1,33457,125
48,32,0,5327,48
120,63,0,10513,120
101,40,0,6706,101
57,195,0,32249,57
83,63,0,10476,83
54,147,0,24308,54
74,32,0,5357,74
147,63,0,10543,147
123,8,0,1444,123
158,185,0,30683,158
157,13,0,2300,157
5,43,0,7123,5
138,103,0,17131,138
48,179,0,29582,48
123,140,0,23224,123
33,175,0,28901,33
73,150,0,24819,73
138,101,0,16801,138
6,47,0,7771,6
1,102,0,16841,1
21,63,1,10415,21
158,81,0,13523,158
98,58,0,9667,98
27,13,0,2180,27
26,140,0,23109,26
7,130,0,21450,7
158,99,0,16493,158
19,216,0,35673,19
63,40,0,6675,63
51,56,1,9290,51
16,147,0,24277,16
40,9,0,1530,40
83,104,0,17241,83
27,173,0,28580,27
21,119,1,19655,21
54,185,0,30578,54
76,3,0,559,76
142,120,0,19940,142
80,64,0,10640,80
27,172,0,28415,27
13,187,1,30894,13
101,146,0,24196,101
64,13,1,2208,64
138,189,0,31321,138
162,71,0,11878,162
31,113,0,18664,31
151,136,0,22594,151
144,150,0,24895,144
114,11,0,1922,114
98,125,1,20722,98
145,15,0,2621,145
68,177,0,29273,68
48,4,0,707,48
101,74,0,12316,101
131,216,1,35771,131
27,75,0,12410,27
40,49,0,8130,40
136,172,0,28512,136
136,138,0,22902,136
37,39,0,6456,37
156,98,0,16323,156
91,37,0,6196,91
62,130,0,21523,62
57,120,0,19874,57
48,47,1,7802,48
6,124,0,20476,6
113,52,0,8681,113
38,53,1,8774,38
139,192,0,31818,139
164,173,0,28706,164
45,187,0,30897,45
108,128,1,21230,108
12,205,1,33826,12
40,208,0,34365,40
91,151,0,25006,91
1,173,0,28556,1
30,8,0,1347,30
105,97,1,16121,105
151,138,0,22924,151
5,170,0,28078,5
13,126,0,20829,13
54,154,0,25463,54
97,166,0,27486,97
9,107,0,17679,9
149,85,0,14172,149
140,7,0,1296,140
130,64,0,10690,130
4,79,0,13043,4
1,113,0,18656,1
142,90,0,14990,142
131,157,1,26036,131
73,175,1,28944,73
129,97,0,16133,129
140,154,0,25551,140
48,63,0,10442,48
137,140,1,23237,137
157,128,1,21275,157
120,80,1,13318,120
34,193,1,31858,34
14,211,0,34817,14
148,78,0,13019,148
159,177,0,29364,159
12,161,0,26566,12
45,167,0,27597,45
29,178,0,29385,29
63,165,0,27300,63
138,75,0,12511,138
136,165,0,27357,136
85,216,0,35728,85
14,24,0,3962,14
121,178,0,29490,121
28,200,0,33034,28
4,185,0,30533,4
131,128,0,21251,131
163,162,0,26892,163
3,97,0,16015,3
28,184,1,30394,28
12,154,0,25411,12
29,212,0,34995,29
49,166,0,27431,49
123,79,0,13159,123
15,151,0,24927,15
27,201,0,33200,27
141,17,1,2947,141
91,104,0,17251,91
25,93,0,15381,25
112,70,0,11658,112
142,20,0,3440,142
3,192,0,31690,3
159,125,0,20784,159
138,119,0,19771,138
86,184,1,30442,86
78,124,1,20538,78
25,107,0,17691,25
20,39,1,6442,20
76,167,0,27619,76
63,18,0,3045,63
0,104,0,17177,0
120,138,0,22888,120
0,48,0,7937,0
38,9,0,1514,38
153,26,0,4442,153
14,65,1,10727,14
107,99,0,16444,107
25,216,0,35676,25
130,128,0,21250,130
31,146,0,24109,31
34,128,0,21133,34
156,26,0,4443,156
159,129,0,21444,159
131,212,0,35111,131
57,184,0,30434,57
40,115,0,19020,40
25,11,0,1851,25
42,163,0,26935,42
125,46,0,7717,125
38,102,0,16859,38
81,166,0,27473,81
127,19,0,3260,127
157,65,1,10880,157
63,125,0,20700,63
70,129,0,21355,70
106,178,0,29473,106
75,35,0,5842,75
127,80,0,13325,127
40,8,0,1365,40
85,20,0,3388,85
140,78,0,13011,140
164,94,1,15671,164
47,176,0,29089,47
128,129,0,21411,128
78,49,0,8163,78
8,102,0,16834,8
52,103,0,17046,52
156,122,0,20283,156
124,29,0,4907,124
106,130,0,21553,106
105,101,1,16781,105
68,72,0,11948,68
53,136,0,22492,53
114,102,0,16937,114
79,118,0,19549,79
74,35,1,5852,74
137,96,0,15977,137
99,87,0,14453,99
47,64,0,10609,47
10,19,0,3165,10
141,184,0,30502,141
118,37,0,6218,118
145,118,0,19616,145
130,211,1,34945,130
88,50,0,8335,88
105,81,0,13481,105
118,36,0,6053,118
46,81,0,13408,46
86,120,0,19882,86
20,197,0,32512,20
41,130,0,21496,41
79,172,0,28459,79
78,145,0,24003,78
148,71,0,11864,148
19,190,0,31383,19
29,191,0,31530,29
108,216,0,35750,108
9,118,0,19494,9
136,123,0,20427,136
21,66,0,10910,21
164,207,0,34316,164
107,70,0,11659,107
45,43,0,7137,45
52,124,1,20511,52
137,16,0,2777,137
96,132,0,21879,96
153,143,0,23747,153
31,83,0,13714,31
37,9,0,1506,37
163,192,0,31842,163
147,193,0,31993,147
101,99,0,16441,101
33,35,0,5801,33
70,142,0,23500,70
47,94,0,15559,47
104,132,0,21880,104
70,177,0,29275,70
149,142,0,23577,149
139,33,0,5583,139
138,197,0,32641,138
64,84,1,13923,64
115,1,0,269,115
48,48,0,7967,48
30,72,0,11907,30
107,174,1,28819,107
110,47,0,7874,110
47,34,0,5659,47
118,119,0,19748,118
99,157,0,26003,99
46,167,0,27598,46
49,126,0,20831,49
162,63,0,10558,162
86,199,1,32917,86
101,129,0,21391,101
99,176,0,29138,99
103,85,0,14142,103
40,16,0,2685,40
27,117,0,19340,27
144,51,0,8560,144
104,62,0,10330,104
163,42,0,7092,163
91,208,0,34411,91
10,74,0,12240,10
48,215,1,35522,48
4,107,0,17663,4
96,202,0,33429,96
147,41,0,6913,147
107,143,0,23704,107
119,42,0,7035,119
86,208,0,34402,86
103,33,0,5562,103
20,185,0,30532,20
107,93,0,15454,107
81,54,0,8993,81
101,86,0,14296,101
49,1,0,206,49
32,126,0,20822,32
92,96,0,15932,92
14,15,0,2477,14
13,49,1,8124,13
62,45,0,7498,62
5,5,0,853,5
125,54,0,9037,125
62,189,0,31258,62
140,41,0,6906,140
106,202,0,33433,106
6,26,0,4306,6
5,118,0,19498,5
34,137,0,22618,34
24,102,0,16867,24
121,164,0,27180,121
124,51,0,8537,124
4,54,0,8918,4
22,66,0,10893,22
107,119,0,19744,107
84,83,0,13781,84
38,204,0,33689,38
97,25,1,4221,97
1,11,0,1826,1
141,4,0,802,141
53,199,1,32887,53
75,87,0,14422,75
110,191,0,31634,110
38,192,0,31709,38
41,161,0,26611,41
0,186,0,30707,0
110,66,0,11009,110
113,51,0,8516,113
75,116,0,19207,75
21,87,0,14375,21
5,199,1,32863,5
115,195,0,32279,115
68,176,0,29108,68
88,88,0,14605,88
15,88,1,14532,15
41,116,0,19186,41
8,207,0,34159,8
73,163,0,26964,73
53,179,0,29587,53
12,62,0,10231,12
49,172,0,28421,49
70,181,0,29935,70
24,204,0,33697,24
162,118,0,19633,162
15,56,1,9252,15
51,3,1,545,51
150,143,0,23751,150
62,174,1,28783,62
77,192,0,31734,77
8,81,0,13369,8
98,51,0,8512,98
20,5,0,832,20
25,118,0,19506,25
41,187,1,30901,41
135,74,0,12343,135
92,36,0,6032,92
101,136,0,22546,101
64,205,1,33888,64
37,193,0,31866,37
54,78,0,12923,54
84,22,0,3716,84
129,88,0,14648,129
12,53,0,8746,12
164,179,0,29696,164
27,49,0,8120,27
24,202,1,33367,24
96,32,0,5379,96
106,75,0,12478,106
125,56,1,9367,125
139,216,0,35778,139
73,39,0,6504,73
51,211,1,34865,51
121,74,0,12330,121
28,81,0,13399,28
13,34,0,5649,13
98,40,1,6697,98
142,45,0,7565,142
51,129,1,21335,51
125,181,0,29992,125
76,45,0,7489,76
150,99,0,16491,150
149,198,0,32817,149
54,9,0,1538,54
63,175,0,28950,63
10,199,1,32865,10
103,17,0,2922,103
34,9,0,1498,34
30,24,0,3987,30
53,33,0,5497,53
131,85,0,14156,131
29,149,0,24600,29
27,70,0,11585,27
157,34,0,5765,157
140,177,0,29346,140
52,34,0,5661,52
114,16,0,2747,114
140,118,0,19611,140
26,207,0,34164,26
8,130,0,21454,8
135,17,0,2938,135
130,54,0,9040,130
117,130,0,21571,117
128,96,0,15966,128
49,84,1,13901,49
136,161,0,26697,136
98,36,0,6037,98
42,91,0,15055,42
7,72,0,11880,7
139,170,0,28188,139
92,162,0,26822,92
31,161,0,26584,31
129,181,0,29993,129
105,117,0,19421,105
114,107,1,17762,114
42,207,0,34195,42
10,42,0,6960,10
70,20,0,3370,70
12,201,0,33166,12
124,78,0,12992,124
135,163,0,27028,135
148,58,0,9719,148
96,65,1,10824,96
1,52,0,8591,1
135,5,0,958,135
162,170,0,28213,162
4,14,0,2318,4
151,29,0,4939,151
119,198,0,32775,119
32,189,1,31217,32
38,22,0,3659,38
130,149,0,24715,130
38,13,0,2174,38
137,99,0,16472,137
41,40,1,6646,41
162,108,0,17983,162
87,205,1,33912,87
138,48,0,8056,138
57,87,0,14429,57
63,138,0,22845,63
62,96,0,15913,62
29,51,0,8430,29
123,108,0,17944,123
85,119,0,19723,85
44,202,0,33374,44
106,146,0,24193,106
163,151,0,25077,163
88,80,1,13285,88
75,29,0,4852,75
101,93,0,15451,101
41,87,1,14401,41
62,88,0,14593,62
75,72,0,11947,75
110,102,0,16949,110
47,35,1,5824,47
37,163,0,26916,37
74,140,0,23177,74
22,70,0,11553,22
123,132,0,21904,123
85,104,0,17248,85
32,113,0,18677,32
139,39,0,6573,139
115,116,0,19244,115
57,159,0,26309,57
105,25,1,4241,105
119,24,0,4065,119
96,52,0,8679,96
110,186,0,30809,110
52,123,0,20346,52
44,185,1,30569,44
129,35,1,5903,129
91,128,0,21211,91
97,101,1,16761,97
15,84,1,13872,15
159,201,0,33324,159
140,81,0,13506,140
26,174,0,28719,26
87,103,1,17082,87
34,68,0,11233,34
44,37,0,6149,44
144,33,0,5590,144
138,122,1,20266,138
62,16,0,2713,62
42,15,0,2515,42
52,151,0,24966,52
73,50,0,8319,73
19,116,0,19173,19
32,75,1,12407,32
92,56,0,9332,92
104,13,0,2245,104
99,20,1,3398,99
97,164,1,27156,97
21,3,0,515,21
21,18,0,2990,21
37,89,0,14706,37
101,79,0,13141,101
54,53,1,8798,54
96,33,0,5544,96
123,128,1,21244,123
105,52,0,8696,105
68,92,0,15248,68
84,177,1,29291,84
159,212,0,35139,159
29,145,0,23940,29
123,147,0,24379,123
24,9,0,1522,24
6,136,0,22456,6
125,47,1,7882,125
164,16,0,2801,164
8,53,0,8749,8
91,147,0,24346,91
157,22,0,3785,157
20,27,1,4462,20
147,146,0,24238,147
14,59,0,9737,14
36,34,0,5633,36
113,65,1,10826,113
85,15,0,2563,85
31,178,0,29389,31
129,142,1,23558,129
81,147,0,24338,81
7,216,0,35640,7
4,145,0,23933,4
54,19,0,3188,54
153,146,0,24242,153
113,7,0,1256,113
68,130,0,21518,68
31,166,0,27409,31
107,52,0,8689,107
14,123,0,20297,14
85,132,0,21868,85
9,108,0,17844,9
41,138,0,22816,41
157,216,0,35795,157
106,175,0,28978,106
164,22,0,3791,164
40,100,0,16545,40
157,161,0,26720,157
48,197,0,32552,48
44,88,0,14564,44
105,207,0,34271,105
21,20,0,3320,21
127,140,0,23225,127
34,177,1,29218,34
28,165,1,27259,28
37,107,0,17676,37
54,18,0,3023,54
44,187,0,30899,44
92,34,0,5702,92
129,172,0,28508,129
139,123,0,20433,139
162,81,0,13528,162
62,204,0,33733,62
152,216,0,35790,152
88,125,0,20710,88
15,202,0,33342,15
30,28,0,4647,30
17,3,0,513,17
49,200,0,33041,49
110,115,0,19094,110
88,78,0,12955,88
149,4,0,807,149
113,66,0,10991,113
24,213,0,35182,24
86,103,0,17077,86
158,44,0,7418,158
157,146,0,24245,157
78,44,0,7338,78
78,54,0,8988,78
117,20,0,3421,117
121,116,0,19260,121
83,208,0,34401,83
119,167,0,27660,119
118,207,0,34268,118
3,37,1,6115,3
31,93,0,15364,31
129,48,1,8048,129
0,14,0,2327,0
41,93,0,15391,41
9,200,0,33024,9
124,65,0,10847,124
162,208,0,34483,162
68,215,0,35543,68
123,175,0,28999,123
12,179,0,29536,12
104,46,0,7690,104
148,33,0,5594,148
162,54,0,9073,162
149,32,0,5427,149
151,90,0,15004,151
41,47,1,7801,41
79,159,0,26314,79
20,41,0,6772,20
9,8,0,1344,9
64,119,0,19698,64
51,13,0,2195,51
150,195,0,32331,150
40,78,0,12915,40
150,15,1,2631,150
125,165,1,27352,125
127,65,1,10850,127
34,32,0,5293,34
91,46,0,7681,91
124,166,0,27512,124
3,213,0,35155,3
98,166,0,27487,98
49,79,0,13076,49
123,177,0,29329,123
133,211,0,34954,133
156,123,0,20448,156
10,216,0,35670,10
51,45,0,7475,51
120,56,1,9358,120
127,163,0,27020,127
80,108,0,17900,80
80,1,0,245,80
26,119,0,19644,26
99,65,0,10823,99
36,161,0,26588,36
86,193,1,31927,86
129,9,0,1613,129
33,146,0,24116,33
57,189,0,31259,57
140,83,0,13836,140
28,52,0,8614,28
10,138,0,22800,10
159,18,0,3129,159
53,15,0,2527,53
138,216,0,35776,138
108,13,0,2255,108
75,33,0,5512,75
42,33,0,5485,42
118,88,0,14633,118
119,137,1,22710,119
120,15,0,2593,120
91,216,1,35731,91
119,48,0,8025,119
19,200,0,33033,19
20,149,0,24592,20
86,71,0,11797,86
64,68,0,11283,64
141,151,0,25057,141
41,97,0,16051,41
117,117,0,19426,117
124,192,0,31802,124
121,200,0,33120,121
103,41,0,6882,103
108,179,0,29645,108
63,124,0,20535,63
73,179,0,29604,73
21,41,0,6785,21
76,24,0,4024,76
131,54,0,9041,131
105,102,0,16946,105
40,90,0,14895,40
140,129,0,21426,140
101,192,0,31786,101
136,54,0,9042,136
99,53,0,8843,99
34,187,0,30868,34
128,119,0,19761,128
36,66,0,10913,36
15,5,0,837,15
125,35,1,5902,125
104,41,0,6865,104
44,197,0,32549,44
32,177,0,29237,32
9,166,1,27414,9
85,44,0,7348,85
16,184,1,30382,16
144,90,0,14995,144
16,211,0,34837,16
140,140,0,23241,140
149,84,1,14007,149
53,200,0,33052,53
130,190,1,31480,130
37,149,0,24606,37
41,29,0,4831,41
156,162,0,26883,156
46,147,0,24298,46
12,163,0,26896,12
141,28,0,4762,141
115,103,0,17099,115
44,205,1,33869,44
162,32,0,5443,162
6,87,0,14371,6
3,204,0,33670,3
29,215,0,35490,29
144,113,0,18790,144
157,176,0,29195,157
1,82,0,13541,1
75,149,0,24652,75
34,119,0,19648,34
76,88,0,14584,76
53,177,1,29257,53
26,4,0,669,26
24,70,0,11587,24
91,72,0,11971,91
62,93,0,15418,62
47,202,0,33379,47
79,126,0,20869,79
135,132,0,21913,135
30,93,0,15372,30
73,4,0,729,73
8,107,0,17659,8
98,130,0,21547,98
8,184,0,30364,8
13,82,0,13569,13
96,83,0,13794,96
163,213,0,35307,163
30,52,0,8607,30
79,9,0,1564,79
36,37,0,6128,36
118,43,0,7208,118
153,115,0,19127,153
147,3,0,643,147
138,41,0,6901,138
104,130,0,21550,104
163,56,0,9402,163
114,204,0,33767,114
12,27,0,4456,12
149,178,0,29517,149
138,52,0,8716,138
29,86,0,14205,29
13,104,0,17199,13
27,3,0,530,27
91,33,0,5536,91
7,167,0,27555,7
158,151,0,25073,158
137,120,0,19937,137
139,193,1,31983,139
123,212,0,35104,123
139,181,1,30003,139
115,184,0,30464,115
85,5,0,913,85
107,122,0,20239,107
101,41,0,6871,101
76,13,1,2209,76
47,104,0,17209,47
105,46,0,7706,105
158,174,1,28868,158
51,178,0,29420,51
79,202,0,33409,79
83,13,1,2226,83
92,70,0,11642,92
153,53,0,8897,153
139,213,0,35283,139
1,79,0,13046,1
164,90,1,15011,164
79,117,0,19384,79
81,96,0,15923,81
86,161,0,26647,86
79,4,0,739,79
86,91,0,15097,86
25,129,0,21321,25
17,143,1,23613,17
36,83,0,13718,36
163,193,1,32007,163
63,75,1,12450,63
6,190,1,31366,6
73,54,0,8979,73
137,85,0,14162,137
86,89,0,14767,86
163,44,0,7422,163
117,145,0,24046,117
41,72,0,11926,41
12,9,0,1486,12
105,65,0,10841,105
124,150,0,24872,124
48,25,1,4172,48
87,186,0,30777,87
26,205,0,33834,26
30,166,0,27417,30
86,159,0,26317,86
26,29,0,4794,26
107,75,0,12484,107
112,140,0,23208,112
46,16,0,2683,46
106,115,0,19078,106
15,101,0,16677,15
91,191,0,31606,91
45,4,0,702,45
21,50,0,8270,21
92,100,1,16592,92
99,54,0,9008,99
144,142,0,23575,144
22,74,0,12213,22
149,3,0,642,149
144,88,0,14665,144
98,92,0,15277,98
133,199,1,32974,133
26,165,0,27234,26
131,32,0,5411,131
14,148,0,24422,14
48,39,0,6482,48
147,123,0,20443,147
38,159,0,26264,38
27,74,0,12245,27
142,93,0,15485,142
144,200,0,33145,144
28,126,0,20824,28
68,66,0,10958,68
147,42,0,7078,147
32,48,0,7952,32
83,84,0,13941,83
80,138,0,22850,80
68,64,0,10628,68
24,45,0,7462,24
101,71,0,11821,101
70,145,0,23995,70
92,71,1,11807,92
83,162,1,26811,83
125,120,0,19927,125
103,8,0,1437,103
127,212,0,35105,127
70,108,0,17890,70
24,126,0,20827,24
9,50,0,8274,9
96,216,1,35739,96
20,154,0,25417,20
63,199,1,32910,63
34,94,1,15523,34
80,102,0,16910,80
145,211,1,34961,145
80,104,0,17240,80
104,116,0,19240,104
152,173,0,28695,152
53,164,1,27112,53
141,124,1,20602,141
81,175,0,28958,81
130,124,0,20590,130
156,119,0,19788,156
41,157,0,25951,41
123,107,0,17779,123
162,178,0,29533,162
48,172,0,28427,48
40,161,0,26610,40
10,27,0,4485,10
51,81,0,13415,51
76,64,1,10624,76
21,92,0,15200,21
17,91,1,15033,17
5,156,0,25768,5
158,208,0,34478,158
163,215,1,35637,163
88,42,0,7015,88
141,97,0,16147,141
127,28,0,4745,127
162,126,0,20953,162
6,75,0,12391,6
38,63,0,10424,38
110,160,0,26519,110
117,178,0,29491,117
6,59,0,9751,6
137,181,0,30002,137
113,90,0,14951,113
106,124,0,20563,106
62,56,1,9313,62
6,178,0,29386,6
92,14,1,2402,92
149,78,0,13017,149
21,147,0,24275,21
135,92,0,15313,135
127,51,0,8540,127
44,189,0,31229,44
1,213,0,35156,1
96,126,0,20889,96
42,136,0,22480,42
131,71,1,11846,131
152,159,0,26385,152
52,84,0,13911,52
150,41,0,6921,150
38,142,0,23459,38
138,142,0,23566,138
70,58,1,9640,70
139,29,0,4923,139
27,101,0,16700,27
139,167,0,27693,139
123,191,0,31639,123
46,207,0,34198,46
104,45,0,7525,104
17,161,0,26583,17
105,78,0,12986,105
57,5,0,899,57
8,185,0,30529,8
87,164,0,27147,87
10,108,0,17850,10
29,163,0,26910,29
87,18,0,3057,87
103,28,0,4737,103
162,94,0,15673,162
26,32,0,5289,26
10,84,1,13890,10
63,160,0,26475,63
76,163,0,26959,76
10,45,0,7455,10
137,46,0,7727,137
159,179,0,29694,159
110,97,0,16124,110
20,98,0,16177,20
44,117,0,19349,44
37,150,0,24771,37
115,207,0,34259,115
131,14,1,2441,131
20,118,0,19477,20
139,163,0,27033,139
40,103,1,17040,40
139,14,0,2448,139
37,199,1,32856,37
92,137,1,22697,92
115,173,0,28649,115
1,167,0,27566,1
77,151,0,24969,77
108,122,0,20240,108
52,96,0,15891,52
98,195,0,32272,98
147,189,0,31333,147
70,191,0,31585,70
21,136,0,22460,21
112,170,1,28158,112
73,195,0,32244,73
128,147,1,24381,128
36,199,0,32858,36
156,204,0,33813,156
9,154,0,25434,9
19,172,0,28413,19
40,40,0,6645,40
17,162,0,26748,17
92,54,0,9002,92
36,25,0,4148,36
5,14,0,2338,5
20,191,0,31522,20
80,170,0,28130,80
158,192,0,31838,158
20,212,0,34987,20
142,145,0,24065,142
142,195,0,32315,142
110,212,0,35099,110
140,211,0,34956,140
108,104,0,17270,108
10,167,0,27585,10
129,50,1,8378,129
38,97,0,16034,38
70,29,0,4855,70
7,175,0,28875,7
42,97,0,16045,42
8,100,0,16504,8
153,41,0,6917,153
141,216,0,35782,141
81,118,0,19553,81
6,74,0,12226,6
76,123,0,20359,76
125,201,0,33292,125
98,116,0,19237,98
15,45,0,7437,15
51,136,1,22490,51
114,41,0,6872,114
12,35,0,5776,12
26,100,0,16509,26
83,42,0,7011,83
24,100,0,16537,24
8,172,0,28384,8
17,58,0,9588,17
106,215,1,35578,106
45,85,0,14067,45
97,104,0,17256,97
157,167,0,27710,157
17,83,0,13713,17
77,44,0,7314,77
130,68,1,11350,130
91,187,0,30946,91
138,66,0,11026,138
98,173,1,28642,98
5,148,0,24448,5
81,211,0,34898,81
46,125,1,20668,46
49,65,0,10766,49
9,170,0,28074,9
57,170,0,28124,57
162,119,0,19798,162
153,62,0,10382,153
77,186,0,30744,77
121,42,0,7050,121
137,148,0,24557,137
53,22,0,3682,53
84,58,0,9656,84
115,126,0,20894,115
42,175,0,28915,42
28,140,0,23134,28
54,175,0,28928,54
87,40,0,6687,87
5,149,0,24613,5
0,18,0,2987,0
97,124,0,20556,97
6,108,0,17836,6
76,81,0,13429,76
70,116,0,19210,70
12,159,0,26236,12
131,33,0,5576,131
103,43,0,7212,103
52,32,0,5331,52
14,53,0,8747,14
105,74,0,12326,105
159,5,0,984,159
149,68,0,11367,149
1,72,0,11891,1
19,59,0,9768,19
121,78,0,12990,121
45,108,0,17862,45
107,59,0,9844,107
163,99,0,16497,163
42,143,0,23635,42
91,80,0,13291,91
135,91,0,15148,135
41,160,1,26446,41
28,51,0,8449,28
1,164,0,27071,1
121,91,0,15135,121
120,34,0,5728,120
84,119,0,19721,84
145,65,1,10871,145
83,64,0,10641,83
49,27,1,4496,49
76,42,0,6994,76
142,27,1,4595,142
10,122,0,20160,10
112,15,0,2583,112
129,123,0,20423,129
78,3,0,573,78
80,154,0,25490,80
158,125,1,20783,158
137,124,1,20597,137
41,85,0,14071,41
21,17,0,2825,21
42,83,0,13735,42
36,195,0,32198,36
103,195,0,32292,103
15,125,0,20637,15
162,3,0,658,162
162,22,0,3793,162
157,192,0,31835,157
7,202,1,33330,7
139,199,0,32973,139
135,81,0,13498,135
124,18,0,3092,124
33,198,0,32696,33
22,192,0,31683,22
41,35,1,5821,41
148,74,0,12359,148
129,40,1,6728,129
4,149,0,24593,4
57,11,0,1889,57
98,120,0,19897,98
138,145,0,24061,138
22,15,1,2478,22
3,129,0,21295,3
128,36,0,6066,128
24,176,0,29077,24
138,36,0,6076,138
157,45,0,7580,157
140,181,0,30006,140
64,103,1,17058,64
150,101,0,16821,150
145,99,0,16481,145
9,75,1,12399,9
159,62,0,10389,159
137,165,0,27362,137
1,33,0,5456,1
113,53,1,8846,113
141,24,0,4102,141
101,9,0,1591,101
145,13,0,2291,145
44,49,0,8129,44
73,49,0,8154,73
41,154,0,25456,41
142,50,0,8390,142
24,15,0,2512,24
152,113,0,18795,152
150,36,0,6096,150
119,37,0,6210,119
110,207,0,34274,110
77,172,0,28434,77
148,195,0,32324,148
57,151,0,24989,57
136,192,0,31812,136
159,39,0,6594,159
24,197,0,32542,24
31,56,0,9259,31
38,50,0,8279,38
148,208,0,34469,148
88,45,0,7510,88
47,24,0,4009,47
19,63,0,10428,19
101,184,0,30466,101
140,72,0,12021,140
38,71,0,11744,38
164,8,1,1481,164
121,62,0,10350,121
139,128,0,21258,139
63,176,0,29115,63
104,20,0,3400,104
16,75,0,12397,16
37,62,0,10251,37
147,113,0,18793,147
87,36,0,6027,87
140,132,0,21921,140
158,197,0,32663,158
47,201,1,33214,47
21,46,0,7610,21
20,49,0,8092,20
19,53,1,8778,19
10,14,0,2340,10
20,32,0,5287,20
31,107,0,17674,31
92,119,0,19727,92
32,150,0,24782,32
79,41,0,6844,79
88,212,0,35065,88
108,125,0,20735,108
74,189,0,31262,74
107,130,0,21559,107
142,46,0,7730,142
92,4,0,752,92
140,166,0,27531,140
49,125,1,20666,49
13,191,0,31554,13
97,3,1,591,97
5,213,0,35173,5
38,58,0,9599,38
112,87,1,14463,112
9,211,0,34839,9
20,178,0,29377,20
101,190,0,31456,101
10,181,0,29895,10
107,63,0,10504,107
47,58,0,9619,47
57,119,0,19709,57
54,181,1,29918,54
123,98,0,16294,123
96,64,0,10659,96
33,184,0,30386,33
137,195,0,32312,137
15,80,0,13212,15
38,125,0,20654,38
10,94,1,15540,10
121,159,0,26355,121
73,58,1,9639,73
1,205,0,33836,1
21,159,0,26255,21
24,163,0,26932,24
97,35,0,5871,97
47,33,0,5494,47
97,130,1,21546,97
140,207,0,34296,140
13,124,0,20499,13
38,181,0,29894,38
51,170,1,28100,51
139,104,0,17298,139
86,204,0,33742,86
158,148,0,24578,158
0,166,0,27407,0
87,47,1,7842,87
115,58,0,9674,115
5,70,0,11578,5
144,160,1,26545,144
112,16,0,2748,112
87,118,1,19557,87
46,179,0,29578,46
70,50,0,8320,70
140,170,0,28191,140
26,83,0,13704,26
136,68,0,11352,136
0,174,0,28727,0
4,22,0,3638,4
112,78,0,12978,112
30,130,0,21477,30
20,29,0,4792,20
153,101,0,16817,153
139,72,0,12018,139
84,24,0,4046,84
79,34,0,5689,79
27,86,0,14225,27
32,1,0,197,32
44,81,0,13409,44
79,83,0,13774,79
125,148,0,24547,125
141,208,0,34462,141
62,40,0,6673,62
75,117,0,19372,75
127,72,0,12005,127
137,80,0,13337,137
5,36,0,5968,5
22,198,1,32673,22
96,47,1,7854,96
144,191,0,31660,144
34,96,0,15853,34
129,26,0,4418,129
121,3,1,615,121
15,140,0,23112,15
26,96,0,15849,26
114,215,1,35582,114
22,26,0,4293,22
5,198,0,32698,5
53,63,0,10447,53
113,120,0,19901,113
113,15,0,2576,113
153,208,0,34472,153
13,145,0,23964,13
31,33,0,5464,31
138,44,0,7396,138
80,89,0,14765,80
157,130,0,21605,157
14,52,0,8582,14
54,190,0,31403,54
131,64,1,10691,131
141,63,0,10537,141
68,7,0,1223,68
32,81,0,13397,32
103,44,0,7377,103
7,170,0,28050,7
48,174,1,28757,48
20,115,0,18982,20
41,102,0,16876,41
63,170,0,28125,63
33,25,0,4151,33
98,3,1,592,98
6,71,0,11731,6
81,78,0,12953,81
103,107,1,17772,103
88,126,0,20875,88
37,71,1,11736,37
10,97,1,16035,10
98,24,0,4057,98
133,190,0,31489,133
73,124,0,20529,73
117,123,0,20416,117
38,4,0,689,38
62,170,0,28123,62
17,157,1,25923,17
114,8,0,1427,114
80,25,1,4205,80
151,123,0,20449,151
13,207,1,34194,13
38,51,0,8444,38
123,126,0,20914,123
63,191,0,31590,63
162,98,0,16333,162
97,99,0,16431,97
4,146,0,24098,4
127,56,0,9365,127
141,101,0,16807,141
96,117,0,19404,96
118,154,0,25523,118
1,5,0,836,1
138,20,0,3436,138
32,59,1,9767,32
64,115,0,19038,64
108,7,0,1265,108
44,17,0,2849,44
157,178,0,29525,157
81,204,0,33743,81
4,191,0,31523,4
113,68,0,11321,113
1,56,0,9251,1
6,156,0,25756,6
145,28,0,4766,145
117,197,0,32626,117
158,92,0,15338,158
13,14,0,2349,13
27,83,0,13730,27
158,3,0,653,158
123,25,0,4249,123
107,173,0,28654,107
153,205,0,33977,153
98,201,1,33262,98
76,146,0,24154,76
123,52,0,8704,123
51,118,0,19520,51
46,187,0,30898,46
162,150,0,24913,162
9,191,0,31539,9
139,159,0,26373,139
164,92,0,15341,164
86,87,0,14437,86
63,16,0,2715,63
27,126,0,20825,27
96,35,1,5874,96
129,105,0,17453,129
46,186,0,30733,46
31,14,1,2329,31
17,187,1,30873,17
138,146,0,24226,138
13,48,0,7959,13
113,148,0,24521,113
74,91,0,15092,74
157,105,0,17480,157
9,41,0,6789,9
129,119,0,19763,129
148,18,0,3119,148
4,125,0,20633,4
148,176,0,29189,148
103,178,0,29487,103
119,164,0,27165,119
32,52,0,8612,32
15,120,0,19812,15
8,208,0,34324,8
14,75,0,12377,14
133,1,0,304,133
115,156,0,25844,115
21,9,1,1505,21
152,208,0,34470,152
7,142,0,23430,7
22,215,0,35478,22
106,147,0,24358,106
14,205,1,33827,14
145,64,1,10706,145
13,212,0,35019,13
87,192,0,31767,87
156,140,0,23253,156
15,146,0,24102,15
73,16,0,2709,73
19,165,0,27258,19
121,176,0,29160,121
4,137,0,22613,4
114,166,0,27497,114
29,207,0,34170,29
19,211,1,34848,19
27,28,0,4655,27
162,37,0,6268,162
28,130,0,21484,28
149,65,0,10872,149
96,192,0,31779,96
104,200,0,33100,104
28,17,1,2839,28
104,32,0,5380,104
139,3,0,633,139
74,192,0,31757,74
30,25,0,4152,30
75,205,0,33892,75
157,36,0,6095,157
73,166,0,27459,73
120,140,0,23218,120
120,143,1,23713,120
52,54,0,8961,52
20,172,0,28387,20
118,145,1,24038,118
83,124,1,20541,83
45,51,0,8457,45
110,49,0,8204,110
53,145,0,23977,53
3,115,0,18985,3
68,13,0,2213,68
75,46,0,7657,75
20,101,0,16672,20
29,93,0,15360,29
145,186,0,30836,145
52,108,0,17871,52
105,7,0,1271,105
52,113,1,18696,52
47,27,0,4504,47
3,167,0,27565,3
113,163,0,26996,113
153,192,0,31832,153
3,212,0,34990,3
150,79,0,13191,150
68,16,0,2708,68
136,40,0,6732,136
87,204,0,33747,87
112,200,0,33108,112
28,92,0,15214,28
128,94,0,15636,128
113,80,0,13301,113
163,100,0,16662,163
17,165,1,27243,17
54,37,0,6158,54
128,140,0,23226,128
135,87,0,14488,135
38,19,0,3164,38
64,41,0,6828,64
28,189,1,31219,28
136,41,0,6897,136
127,47,0,7880,127
28,193,1,31879,28
152,44,0,7410,152
140,45,0,7566,140
141,129,0,21427,141
139,91,0,15153,139
68,201,0,33233,68
156,143,0,23748,156
87,27,0,4542,87
24,94,1,15547,24
156,64,1,10713,156
25,99,0,16371,25
150,148,1,24576,150
97,14,1,2406,97
148,212,0,35129,148
25,108,0,17856,25
105,15,0,2591,105
80,199,1,32915,80
57,149,0,24659,57
17,19,0,3153,17
151,5,0,979,151
81,83,0,13778,81
45,164,0,27102,45
106,204,0,33763,106
25,207,0,34191,25
113,78,0,12971,113
49,43,0,7136,49
120,191,0,31633,120
136,181,0,29997,136
84,74,0,12296,84
45,160,0,26442,45
141,16,0,2782,141
41,66,1,10936,41
44,64,0,10604,44
124,45,0,7547,124
80,37,0,6185,80
163,165,0,27387,163
19,42,0,6963,19
14,1,0,167,14
44,175,1,28919,44
28,82,0,13564,28
140,119,0,19776,140
152,39,0,6585,152
25,126,0,20826,25
36,5,0,848,36
29,156,0,25755,29
9,181,0,29889,9
32,19,0,3167,32
76,51,0,8479,76
86,80,0,13282,86
57,50,0,8324,57
62,172,0,28453,62
135,4,0,793,135
150,189,0,31341,150
92,207,0,34247,92
107,27,0,4564,107
140,32,0,5421,140
130,50,1,8380,130
41,11,0,1861,41
28,87,1,14389,28
142,140,1,23240,142
33,22,0,3656,33
51,17,0,2855,51
164,161,0,26726,164
106,187,0,30958,106
98,87,0,14452,98
112,62,0,10338,112
103,29,0,4902,103
162,137,0,22768,162
104,118,1,19570,104
136,118,1,19602,136
147,99,0,16483,147
159,41,0,6924,159
157,84,1,14015,157
113,48,0,8021,113
32,14,0,2342,32
28,89,0,14719,28
15,113,0,18657,15
113,3,0,596,113
137,7,0,1292,137
62,43,0,7168,62
3,52,0,8590,3
87,199,1,32922,87
106,47,0,7858,106
156,56,0,9393,156
48,137,0,22652,48
119,212,1,35085,119
53,52,0,8632,53
124,119,0,19757,124
5,102,0,16858,5
57,208,0,34394,57
31,212,0,34999,31
30,198,1,32697,30
80,79,0,13115,80
164,120,0,19961,164
14,81,0,13367,14
38,82,0,13559,38
81,40,0,6683,81
0,119,0,19652,0
117,186,0,30811,117
9,145,0,23949,9
70,147,0,24325,70
0,107,0,17672,0
158,138,0,22928,158
118,58,0,9683,118
12,199,1,32836,12
80,41,0,6845,80
131,179,0,29666,131
42,107,0,17695,42
104,88,0,14620,104
51,193,1,31895,51
131,44,0,7391,131
106,7,0,1258,106
127,187,0,30980,127
138,99,0,16471,138
31,201,1,33184,31
57,99,0,16409,57
91,132,0,21871,91
24,28,0,4657,24
152,59,0,9885,152
38,43,0,7124,38
140,74,0,12351,140
25,160,0,26436,25
158,123,0,20453,158
112,159,1,26343,112
123,100,0,16624,123
27,65,1,10760,27
3,92,0,15190,3
45,29,0,4827,45
128,124,1,20586,128
152,47,0,7905,152
114,192,0,31787,114
46,3,1,538,46
45,124,0,20502,45
85,166,0,27478,85
32,93,0,15377,32
113,4,0,761,113
62,71,1,11788,62
63,19,0,3210,63
10,102,0,16860,10
87,178,0,29457,87
5,58,0,9598,5
33,48,0,7946,33
81,176,0,29123,81
115,71,0,11819,115
101,65,0,10831,101
22,92,0,15183,22
40,108,0,17865,40
159,70,0,11709,159
140,99,0,16476,140
162,215,0,35638,162
81,82,0,13613,81
62,66,1,10963,62
130,165,0,27355,130
44,58,0,9614,44
6,216,0,35656,6
68,86,0,14258,68
162,78,0,13033,162
125,36,0,6067,125
45,185,0,30567,45
49,41,0,6806,49
10,103,0,17025,10
37,102,0,16851,37
107,43,0,7204,107
15,64,0,10572,15
107,136,0,22549,107
63,33,0,5520,63
105,59,0,9851,105
64,162,0,26793,64
30,157,0,25932,30
135,120,0,19933,135
156,71,0,11868,156
22,175,0,28878,22
45,200,0,33042,45
118,11,0,1928,118
125,193,1,31972,125
118,107,1,17768,118
135,179,0,29668,135
79,49,0,8164,79
147,215,0,35623,147
107,15,0,2584,107
98,161,0,26662,98
46,198,1,32713,46
36,1,0,188,36
137,42,0,7067,137
31,142,0,23449,31
40,18,0,3015,40
105,48,1,8036,105
108,117,0,19415,108
33,68,0,11246,33
144,126,0,20935,144
10,204,0,33690,10
133,115,0,19114,133
24,101,0,16702,24
68,71,0,11783,68
45,50,0,8292,45
46,149,0,24628,46
128,151,0,25041,128
24,118,0,19507,24
159,150,0,24909,159
112,85,0,14133,112
117,216,1,35761,117
117,179,0,29656,117
107,113,0,18754,107
152,136,0,22590,152
157,208,0,34475,157
120,207,0,34273,120
54,5,0,878,54
36,7,0,1178,36
125,32,0,5407,125
34,156,0,25753,34
52,92,0,15231,52
7,27,0,4455,7
117,74,0,12331,117
5,126,0,20818,5
164,66,1,11051,164
34,124,0,20473,34
162,216,0,35803,162
164,146,0,24251,164
164,177,0,29366,164
57,123,0,20369,57
124,68,0,11342,124
29,58,0,9585,29
101,52,0,8686,101
144,97,0,16150,144
104,207,0,34255,104
83,215,0,35556,83
38,107,0,17684,38
12,140,0,23101,12
129,189,0,31313,129
85,185,0,30613,85
45,82,0,13572,45
87,181,0,29952,87
147,120,0,19948,147
162,192,0,31843,162
48,45,0,7472,48
105,41,0,6881,105
46,26,0,4333,46
70,18,0,3040,70
139,173,0,28683,139
12,146,0,24091,12
144,184,0,30505,144
88,91,0,15100,88
51,191,0,31565,51
6,122,0,20146,6
144,16,0,2785,144
128,84,0,13986,128
37,85,0,14046,37
104,66,0,10990,104
158,91,1,15173,158
7,94,0,15510,7
74,201,1,33242,74
45,170,0,28092,45
99,198,0,32768,99
131,19,1,3266,131
151,27,0,4609,151
120,51,0,8533,120
17,64,0,10578,17
91,14,1,2401,91
41,51,0,8461,41
7,13,0,2145,7
25,7,0,1191,25
36,187,1,30878,36
108,137,0,22715,108
123,45,0,7549,123
1,70,0,11561,1
12,124,1,20461,12
152,128,1,21270,152
156,75,0,12528,156
139,118,0,19608,139
133,7,0,1294,133
40,125,1,20670,40
135,72,0,12013,135
87,190,1,31437,87
27,94,1,15545,27
22,115,0,18978,22
152,82,0,13680,152
70,202,0,33400,70
141,80,1,13342,141
125,216,0,35767,125
75,119,0,19702,75
121,123,0,20415,121
46,166,0,27433,46
27,7,0,1190,27
21,213,0,35165,21
130,200,0,33130,130
88,11,0,1900,88
110,163,0,27014,110
48,49,0,8132,48
40,24,0,4005,40
34,211,0,34828,34
9,28,0,4644,9
47,145,1,23974,47
85,68,0,11308,85
62,132,0,21853,62
103,51,0,8532,103
37,43,0,7116,37
38,32,0,5309,38
157,56,0,9395,157
113,204,0,33761,113
133,51,0,8554,133
110,140,0,23219,110
83,157,0,25986,83
8,205,0,33829,8
57,98,0,16244,57
62,103,0,17068,62
44,68,0,11264,44
149,124,0,20607,149
53,19,0,3187,53
28,79,0,13069,28
4,41,0,6773,4
54,124,0,20513,54
17,126,0,20808,17
31,132,0,21799,31
96,164,0,27159,96
114,99,0,16442,114
135,99,0,16468,135
52,138,0,22821,52
83,200,0,33081,83
49,192,0,31721,49
117,120,0,19921,117
74,37,0,6182,74
137,66,1,11027,137
15,126,0,20802,15
141,143,0,23737,141
54,120,0,19853,54
13,119,0,19674,13
115,63,0,10499,115
73,159,0,26304,73
9,157,0,25929,9
85,58,0,9658,85
3,191,0,31525,3
8,74,0,12214,8
62,208,0,34393,62
162,90,0,15013,162
150,35,1,5931,150
62,159,1,26308,62
156,156,1,25893,156
62,215,1,35548,62
83,58,0,9651,83
159,72,0,12039,159
118,75,0,12488,118
13,86,0,14229,13
74,72,0,11957,74
99,48,0,8018,99
112,191,0,31623,112
37,96,0,15861,37
87,88,0,14607,87
96,43,0,7194,96
131,189,0,31316,131
101,75,0,12481,101
99,39,1,6533,99
147,48,0,8068,147
52,18,0,3021,52
49,138,0,22811,49
6,148,0,24436,6
34,52,0,8593,34
96,163,0,26994,96
21,137,0,22625,21
53,79,0,13087,53
140,8,0,1461,140
1,66,0,10901,1
54,105,0,17378,54
127,125,0,20750,127
106,48,0,8023,106
0,15,0,2492,0
139,119,0,19773,139
28,93,0,15379,28
16,202,0,33352,16
117,137,1,22726,117
26,184,0,30369,26
162,200,0,33163,162
152,56,0,9390,152
101,195,0,32281,101
158,205,1,33983,158
68,27,0,4523,68
27,100,0,16535,27
17,137,0,22623,17
26,15,0,2484,26
19,90,0,14883,19
152,140,0,23250,152
157,26,0,4445,157
121,28,0,4740,121
32,205,1,33857,32
74,156,0,25817,74
37,187,1,30876,37
156,11,0,1968,156
139,107,0,17793,139
45,52,0,8622,45
141,54,0,9052,141
68,132,0,21848,68
119,156,0,25845,119
4,190,0,31358,4
152,64,1,10710,152
92,175,0,28967,92
131,173,1,28676,131
53,17,0,2857,53
22,56,0,9243,22
148,172,0,28529,148
7,59,0,9735,7
13,46,0,7629,13
121,47,1,7875,121
105,32,0,5396,105
140,53,0,8886,140
15,99,0,16347,15
38,74,0,12239,38
21,43,0,7115,21
108,91,0,15125,108
10,143,0,23625,10
85,19,0,3223,85
24,44,0,7297,24
144,137,0,22750,144
10,52,0,8610,10
156,148,1,24573,156
148,93,0,15494,148
97,20,1,3396,97
105,191,0,31631,105
37,128,0,21141,37
81,42,0,7013,81
153,14,1,2462,153
150,18,0,3126,150
110,18,0,3089,110
101,138,0,22876,101
27,208,0,34355,27
44,97,1,16049,44
75,19,0,3202,75
14,28,0,4622,14
41,166,0,27436,41
118,137,1,22718,118
158,167,0,27713,158
129,149,0,24713,129
139,211,1,34953,139
37,52,0,8601,37
114,198,0,32777,114
139,66,1,11028,139
3,99,0,16345,3
138,86,0,14326,138
42,211,1,34855,42
37,167,0,27576,37
79,97,0,16084,79
47,174,1,28759,47
162,193,0,32008,162
112,29,0,4893,112
62,29,1,4858,62
51,4,0,710,51
19,86,0,14223,19
31,164,0,27079,31
14,62,0,10232,14
158,146,0,24248,158
98,212,1,35077,98
119,108,0,17925,119
164,105,1,17486,164
86,63,0,10477,86
42,102,0,16870,42
9,176,0,29064,9
104,198,0,32770,104
103,105,1,17442,103
47,142,0,23479,47
156,41,0,6918,156
114,213,0,35252,114
123,202,1,33454,123
40,137,1,22650,40
34,173,0,28558,34
149,90,0,14997,149
81,199,1,32918,81
129,56,0,9368,129
64,74,0,12273,64
147,71,0,11863,147
145,34,0,5756,145
17,75,1,12393,17
153,85,0,14177,153
30,105,0,17352,30
157,162,0,26885,157
7,86,0,14190,7
125,37,0,6232,125
68,142,0,23498,68
129,90,0,14978,129
30,3,0,522,30
3,70,0,11560,3
68,41,0,6833,68
4,130,0,21458,4
142,78,0,13010,142
92,128,0,21212,92
19,97,0,16038,19
96,213,0,35244,96
107,53,0,8854,107
52,46,0,7641,52
96,177,0,29304,96
51,75,1,12425,51
13,150,0,24789,13
110,78,0,12989,110
110,142,0,23549,110
157,123,0,20450,157
110,130,0,21569,110
73,27,0,4524,73
139,34,0,5748,139
47,126,0,20839,47
150,150,0,24906,150
137,160,1,26537,137
86,70,0,11632,86
14,20,0,3302,14
19,80,0,13233,19
103,98,0,16287,103
124,27,0,4577,124
114,105,1,17432,114
47,132,0,21829,47
113,143,0,23696,113
118,50,0,8363,118
8,33,0,5449,8
64,32,0,5343,64
57,84,0,13934,57
75,113,0,18712,75
70,26,0,4360,70
54,157,0,25958,54
88,44,0,7345,88
51,184,0,30410,51
135,117,0,19438,135
147,212,0,35128,147
57,14,0,2384,57
73,33,0,5514,73
91,149,0,24676,91
148,108,0,17969,148
84,40,1,6686,84
4,35,0,5783,4
7,32,0,5280,7
86,107,0,17737,86
70,82,0,13600,70
13,213,0,35184,13
40,5,0,870,40
158,136,0,22598,158
97,202,0,33426,97
130,1,0,295,130
98,83,0,13792,98
77,56,0,9294,77
80,130,0,21530,80
27,103,0,17030,27
15,207,1,34167,15
76,160,0,26464,76
121,213,0,35265,121
130,147,0,24385,130
135,48,0,8053,135
75,132,0,21847,75
117,198,0,32791,117
129,36,1,6068,129
30,32,0,5307,30
47,200,0,33049,47
29,3,0,510,29
112,207,0,34263,112
138,13,0,2281,138
128,75,0,12501,128
115,163,0,26999,115
120,65,0,10843,120
74,36,0,6017,74
145,45,0,7571,145
110,39,1,6554,110
79,190,0,31429,79
34,8,0,1333,34
36,29,0,4808,36
148,184,0,30509,148
15,177,1,29217,15
79,35,0,5854,79
62,178,0,29443,62
148,25,0,4274,148
74,104,0,17237,74
51,82,0,13580,51
32,17,1,2837,32
92,40,1,6692,92
163,81,0,13527,163
27,19,0,3170,27
46,100,0,16543,46
103,25,1,4242,103
54,62,0,10283,54
76,204,0,33724,76
78,129,0,21363,78
153,149,0,24737,153
86,174,1,28792,86
54,40,0,6653,54
29,48,0,7935,29
156,173,0,28698,156
31,130,0,21469,31
133,88,0,14659,133
119,120,0,19905,119
14,85,0,14027,14
91,47,1,7846,91
3,17,1,2815,3
74,46,0,7667,74
150,157,1,26061,150
27,175,1,28910,27
108,66,0,11000,108
24,35,1,5812,24
63,129,0,21360,63
156,198,0,32823,156
13,205,0,33864,13
137,116,0,19277,137
57,103,0,17069,57
17,51,0,8433,17
70,161,0,26635,70
27,146,0,24125,27
0,147,0,24272,0
119,104,0,17265,119
17,103,1,17013,17
108,103,1,17105,108
51,103,1,17045,51
164,124,0,20621,164
28,41,1,6799,28
51,166,0,27440,51
98,177,0,29302,98
33,72,0,11906,33
40,200,0,33045,40
64,128,1,21183,64
83,18,0,3051,83
139,63,0,10533,139
137,157,0,26042,137
115,198,0,32774,115
141,1,0,307,141
105,177,1,29321,105
75,92,0,15247,75
142,190,1,31490,142
85,11,0,1903,85
19,56,0,9273,19
83,128,0,21201,83
64,83,0,13758,64
157,64,0,10715,157
88,108,0,17905,88
137,32,1,5417,137
129,96,0,15968,129
52,211,0,34866,52
4,204,0,33668,4
49,130,0,21491,49
105,37,0,6221,105
162,198,0,32833,162
1,18,0,2981,1
112,128,0,21228,112
49,205,1,33866,49
124,56,0,9362,124
98,175,0,28972,98
129,32,0,5408,129
127,201,0,33290,127
106,66,0,10993,106
118,100,0,16613,118
3,185,0,30535,3
157,102,0,16985,157
20,156,1,25747,20
130,27,1,4585,130
10,71,0,11745,10
120,108,0,17938,120
85,165,0,27313,85
120,5,0,943,120
107,200,0,33109,107
79,62,0,10309,79
98,126,0,20887,98
63,13,0,2220,63
150,142,0,23586,150
27,211,1,34850,27
25,5,0,861,25
130,166,0,27520,130
135,184,1,30493,135
81,70,0,11633,81
152,84,0,14010,152
38,176,0,29069,38
19,96,0,15873,19
80,204,0,33740,80
131,140,0,23231,131
1,50,0,8261,1
83,163,1,26976,83
91,113,0,18736,91
41,117,0,19351,41
124,189,0,31307,124
17,43,0,7113,17
31,63,0,10414,31
99,46,0,7688,99
148,83,0,13844,148
47,162,0,26779,47
64,86,0,14253,64
131,149,0,24716,131
26,197,0,32514,26
1,97,0,16016,1
31,35,1,5794,31
81,174,1,28793,81
37,48,0,7941,37
91,157,0,25996,91
1,125,0,20636,1
141,160,1,26542,141
97,122,0,20226,97
153,80,0,13352,153
96,37,0,6204,96
113,35,0,5876,113
84,85,0,14111,84
6,49,0,8101,6
96,79,0,13134,96
4,167,0,27563,4
74,216,0,35717,74
37,83,0,13716,37
162,65,0,10888,162
62,52,0,8653,62
57,81,0,13439,57
149,151,0,25062,149
124,93,0,15467,124
152,192,0,31830,152
148,187,1,31004,148
147,22,0,3778,147
107,204,0,33769,107
57,26,0,4364,57
5,105,0,17353,5
62,44,0,7333,62
103,165,0,27342,103
86,52,0,8662,86
29,190,0,31365,29
80,83,0,13775,80
8,46,0,7594,8
135,80,0,13333,135
158,1,0,323,158
88,124,0,20545,88
42,118,0,19510,42
32,20,0,3332,32
136,216,0,35772,136
53,24,0,4012,53
25,103,0,17031,25
20,7,0,1162,20
128,173,0,28671,128
147,118,0,19618,147
127,78,0,12995,127
110,190,1,31469,110
17,32,0,5298,17
5,189,1,31213,5
106,126,0,20893,106
115,174,0,28814,115
63,64,0,10635,63
48,123,0,20342,48
37,143,0,23616,37
144,40,0,6745,144
112,146,0,24198,112
1,68,0,11231,1
52,204,0,33711,52
64,176,0,29103,64
4,52,0,8588,4
107,195,0,32284,107
25,46,0,7626,25
7,119,0,19635,7
152,94,0,15660,152
158,211,1,34973,158
47,216,0,35689,47
52,125,0,20676,52
64,147,0,24318,64
9,47,0,7779,9
84,108,0,17906,84
6,159,0,26251,6
144,132,0,21925,144
77,33,0,5499,77
40,150,0,24795,40
47,159,0,26284,47
159,75,1,12534,159
46,156,1,25783,46
3,177,0,29215,3
80,90,0,14930,80
19,15,0,2508,19
79,142,1,23509,79
92,208,0,34412,92
33,87,0,14381,33
157,37,0,6260,157
124,147,0,24377,124
152,207,0,34305,152
110,3,0,614,110
36,185,0,30548,36
34,88,0,14533,34
45,136,0,22482,45
88,132,0,21865,88
162,173,0,28708,162
128,62,0,10356,128
73,138,0,22839,73
19,170,0,28083,19
118,8,0,1433,118
113,117,0,19406,113
38,29,0,4814,38
92,179,0,29627,92
5,35,1,5803,5
142,103,0,17135,142
20,90,1,14857,20
113,42,0,7031,113
147,66,0,11038,147
52,71,0,11766,52
27,165,0,27260,27
131,37,0,6236,131
13,108,0,17859,13
20,122,1,20137,20
97,84,1,13956,97
31,177,1,29224,31
8,11,0,1819,8
104,68,0,11320,104
24,7,0,1192,24
13,68,0,11259,13
47,173,1,28594,47
80,176,0,29120,80
24,51,0,8452,24
68,65,1,10793,68
26,47,0,7764,26
156,93,0,15498,156
103,90,1,14967,103
73,192,0,31749,73
130,202,0,33460,130
153,74,0,12362,153
1,9,0,1496,1
49,116,0,19181,49
150,5,1,981,150
121,81,0,13485,121
33,17,0,2831,33
115,123,0,20399,115
108,97,1,16115,108
36,33,0,5468,36
106,81,0,13468,106
139,148,1,24558,139
108,44,0,7370,108
141,83,0,13837,141
114,184,1,30467,114
73,34,0,5679,73
130,36,0,6070,130
0,90,0,14867,0
29,124,0,20475,29
133,52,0,8719,133
77,150,0,24804,77
106,108,0,17923,106
68,51,0,8483,68
104,129,1,21385,104
151,201,0,33319,151
131,91,0,15146,131
3,93,1,15355,3
113,197,0,32606,113
36,97,0,16028,36
139,35,1,5913,139
112,193,1,31953,112
131,18,0,3101,131
22,137,0,22608,22
20,83,0,13702,20
120,179,0,29653,120
9,161,0,26589,9
25,28,0,4656,25
113,125,0,20726,113
17,208,1,34338,17
32,79,0,13067,32
147,1,0,313,147
145,75,0,12521,145
133,81,0,13504,133
14,39,0,6437,14
21,26,0,4310,21
44,191,0,31559,44
136,75,0,12507,136
5,85,0,14053,5
6,174,1,28726,6
120,48,0,8038,120
26,190,0,31359,26
152,13,0,2295,152
47,191,0,31564,47
87,35,1,5862,87
117,129,1,21406,117
81,101,0,16748,81
147,187,1,31003,147
75,115,0,19042,75
26,204,0,33669,26
25,97,0,16041,25
142,17,0,2945,142
114,140,0,23207,114
80,81,0,13445,80
138,1,0,301,138
74,102,0,16907,74
70,105,0,17395,70
81,107,0,17738,81
13,170,0,28089,13
4,84,0,13868,4
119,54,0,9015,119
152,200,0,33150,152
107,201,0,33274,107
118,178,0,29483,118
21,204,0,33680,21
141,48,0,8062,141
47,138,0,22819,47
6,51,0,8431,6
83,151,1,24996,83
123,66,0,11014,123
22,88,0,14523,22
42,98,0,16210,42
4,162,0,26738,4
52,161,0,26616,52
147,166,0,27538,147
17,70,1,11568,17
153,97,0,16157,153
87,22,0,3717,87
73,46,0,7659,73
106,87,0,14458,106
68,14,0,2378,68
48,190,1,31397,48
49,22,0,3671,49
53,213,1,35197,53
156,65,0,10878,156
52,147,0,24306,52
22,53,0,8748,22
138,126,0,20926,138
1,159,0,26246,1
14,4,0,662,14
99,71,0,11813,99
41,123,0,20341,41
5,140,0,23128,5
13,172,0,28419,13
45,80,0,13242,45
120,26,0,4408,120
147,53,0,8893,147
57,191,0,31589,57
52,24,0,4011,52
156,184,1,30513,156
79,32,0,5359,79
103,79,0,13152,103
164,201,1,33326,164
138,83,0,13831,138
106,49,1,8188,106
12,157,0,25906,12
42,190,0,31390,42
104,164,0,27160,104
49,78,0,12911,49
96,54,0,9009,96
85,103,1,17083,85
12,172,0,28381,12
121,173,1,28665,121
16,181,0,29887,16
147,70,0,11698,147
151,166,1,27544,151
6,63,0,10411,6
33,7,0,1181,33
163,66,0,11052,163
30,186,0,30717,30
157,184,0,30515,157
38,147,0,24284,38
25,81,0,13401,25
29,89,0,14700,29
22,63,0,10398,22
64,66,1,10953,64
113,107,0,17756,113
105,62,0,10346,105
68,113,0,18713,68
53,148,1,24472,53
137,205,1,33962,137
115,212,0,35084,115
40,184,1,30405,40
107,145,0,24034,107
76,212,0,35044,76
135,140,0,23233,135
62,46,0,7663,62
96,44,0,7359,96
115,132,0,21884,115
80,8,1,1400,80
14,51,0,8417,14
47,215,1,35524,47
40,14,1,2355,40
112,116,0,19248,112
34,113,0,18658,34
42,56,0,9280,42
42,116,0,19180,42
51,78,0,12920,51
135,44,0,7393,135
40,22,0,3675,40
142,124,0,20600,142
138,25,0,4261,138
62,104,0,17233,62
33,120,0,19826,33
117,22,0,3751,117
114,25,1,4232,114
86,100,0,16582,86
145,195,0,32321,145
162,62,0,10393,162
12,200,0,33001,12
49,68,1,11261,49
36,19,0,3158,36
140,94,0,15651,140
101,56,0,9346,101
6,99,0,16351,6
52,33,0,5496,52
41,88,0,14566,41
86,98,0,16252,86
104,149,0,24685,104
162,113,0,18808,162
28,145,0,23959,28
120,160,1,26518,120
157,11,0,1970,157
115,137,0,22709,115
153,54,0,9062,153
29,92,0,15195,29
41,20,0,3346,41
130,142,0,23560,130
153,18,0,3122,153
117,157,0,26026,117
133,46,0,7729,133
76,181,0,29929,76
140,143,0,23736,140
115,204,0,33764,115
98,27,0,4552,98
16,161,0,26587,16
48,15,0,2522,48
118,40,0,6713,118
36,215,0,35498,36
145,48,1,8066,145
123,65,1,10849,123
92,103,0,17087,92
86,85,0,14107,86
110,184,1,30479,110
10,156,0,25770,10
92,8,0,1412,92
139,78,0,13008,139
57,174,1,28784,57
16,66,1,10912,16
144,136,0,22585,144
158,48,0,8078,158
19,44,0,7293,19
76,208,0,34384,76
10,17,1,2835,10
84,43,0,7181,84
117,126,0,20911,117
99,166,0,27488,99
87,119,0,19722,87
148,62,0,10379,148
114,58,0,9677,114
31,15,0,2494,31
22,45,0,7428,22
101,97,0,16111,101
142,97,0,16145,142
120,125,1,20743,120
115,22,0,3734,115
19,166,0,27423,19
49,44,0,7301,49
3,25,1,4135,3
40,29,0,4830,40
48,74,0,12257,48
16,172,0,28402,16
78,174,1,28788,78
98,147,0,24352,98
163,36,0,6102,163
6,92,0,15196,6
73,177,0,29274,73
151,50,0,8404,151
120,24,0,4078,120
53,27,0,4507,53
144,41,0,6910,144
24,178,0,29407,24
75,181,0,29932,75
107,146,0,24199,107
144,52,0,8725,144
112,154,0,25518,112
131,65,0,10856,131
137,126,0,20927,137
79,16,0,2719,79
33,50,0,8276,33
25,49,0,8121,25
29,199,0,32850,29
125,64,0,10687,125
37,186,0,30711,37
78,97,0,16083,78
76,46,0,7654,76
76,151,0,24979,76
144,116,0,19285,144
26,50,0,8259,26
22,35,1,5778,22
28,162,0,26764,28
163,175,0,29037,163
57,185,0,30599,57
117,108,0,17941,117
76,97,1,16069,76
162,172,0,28543,162
38,117,0,19334,38
25,14,0,2346,25
148,34,0,5759,148
79,18,0,3049,79
124,201,0,33287,124
85,22,0,3718,85
52,59,0,9786,52
151,179,0,29689,151
130,70,0,11680,130
30,126,0,20817,30
136,94,0,15642,136
78,90,0,14928,78
52,29,0,4836,52
105,80,0,13316,105
75,142,0,23497,75
9,90,0,14874,9
40,19,0,3180,40
42,205,0,33865,42
149,213,1,35292,149
138,37,0,6241,138
84,32,0,5366,84
145,137,1,22751,145
48,142,0,23477,48
16,13,0,2167,16
137,27,1,4592,137
130,62,0,10360,130
77,90,0,14904,77
117,27,0,4576,117
123,53,0,8869,123
76,205,1,33889,76
117,105,1,17446,117
29,97,0,16020,29
78,14,0,2388,78
85,50,0,8338,85
42,186,0,30730,42
79,78,0,12949,79
151,4,1,814,151
110,80,0,13319,110
47,56,0,9289,47
5,186,0,30718,5
91,9,0,1576,91
3,160,1,26410,3
149,94,0,15657,149
26,212,0,34989,26
12,212,0,34981,12
1,17,0,2816,1
125,175,1,29002,125
85,195,0,32263,85
96,186,0,30789,96
31,90,0,14869,31
115,159,0,26339,115
21,29,0,4805,21
15,39,0,6447,15
10,24,0,3990,10
128,52,0,8706,128
148,178,0,29519,148
33,45,0,7451,33
29,193,0,31860,29
139,204,0,33798,139
163,93,0,15507,163
91,120,0,19891,91
129,51,0,8543,129
151,86,0,14344,151
119,26,0,4395,119
25,48,0,7956,25
73,145,0,23994,73
128,126,0,20916,128
16,186,0,30712,16
159,4,0,819,159
64,8,0,1383,64
47,7,0,1204,47
74,162,0,26807,74
150,130,1,21606,150
159,50,0,8409,159
158,54,0,9068,158
145,51,0,8561,145
77,199,1,32889,77
63,204,0,33735,63
34,147,0,24268,34
114,212,0,35087,114
153,59,0,9887,153
52,191,0,31566,52
137,142,0,23567,137
38,143,0,23624,38
34,91,0,15028,34
98,208,0,34417,98
107,1,0,274,107
83,189,0,31266,83
13,151,0,24954,13
80,189,1,31265,80
75,8,0,1387,75
33,202,0,33356,33
135,33,0,5578,135
49,11,0,1856,49
19,181,0,29898,19
138,79,1,13171,138
79,26,0,4369,79
19,142,0,23463,19
110,189,0,31304,110
1,28,0,4631,1
16,204,0,33682,16
103,143,1,23712,103
156,113,0,18798,156
47,118,1,19519,47
29,68,0,11235,29
97,42,0,7026,97
16,128,0,21142,16
22,42,1,6933,22
152,26,0,4440,152
152,162,0,26880,152
31,16,0,2659,31
118,202,0,33443,118
3,40,1,6610,3
54,50,0,8303,54
103,184,1,30477,103
137,115,0,19112,137
137,185,0,30662,137
19,17,0,2838,19
81,123,0,20378,81
104,101,0,16765,104
85,71,0,11803,85
117,154,0,25531,117
113,102,0,16931,113
13,165,0,27264,13
32,108,0,17852,32
96,145,0,24024,96
99,75,0,12473,99
4,207,0,34163,4
10,146,0,24120,10
46,204,0,33703,46
81,130,0,21533,81
106,50,0,8353,106
128,41,0,6891,128
37,151,0,24936,37
135,213,1,35278,135
20,103,0,17002,20
31,91,0,15034,31
29,104,0,17175,29
135,97,1,16138,135
29,116,0,19155,29
64,79,0,13098,64
158,198,0,32828,158
27,24,0,3995,27
24,191,0,31552,24
140,185,0,30666,140
19,193,1,31878,19
48,115,0,19022,48
10,65,0,10755,10
158,118,0,19628,158
6,3,0,511,6
22,107,1,17658,22
99,129,1,21383,99
76,207,0,34219,76
48,149,0,24632,48
77,49,0,8139,77
114,72,0,11987,114
42,200,0,33040,42
133,86,0,14329,133
97,128,0,21216,97
105,156,1,25856,105
21,184,0,30380,21
75,118,0,19537,75
106,94,0,15613,106
140,91,0,15156,140
159,189,0,31344,159
151,94,0,15664,151
164,175,0,29036,164
41,137,1,22651,41
34,92,0,15193,34
124,198,0,32792,124
3,147,0,24265,3
129,190,0,31478,129
129,39,1,6563,129
162,41,0,6928,162
6,116,0,19156,6
137,184,1,30497,137
3,78,0,12880,3
37,146,0,24111,37
164,36,0,6101,164
149,103,0,17142,149
99,175,1,28973,99
32,72,1,11912,32
38,136,0,22469,38
74,115,1,19052,74
17,212,0,34998,17
108,52,0,8690,108
136,178,0,29502,136
114,172,0,28487,114
24,120,0,19837,24
92,86,0,14282,92
36,50,0,8273,36
141,190,0,31492,141
8,49,0,8089,8
15,163,0,26907,15
85,212,0,35068,85
80,162,0,26810,80
85,49,1,8173,85
21,93,0,15365,21
17,81,0,13383,17
63,26,0,4365,63
139,157,0,26043,139
81,8,0,1403,81
107,22,0,3739,107
144,215,0,35620,144
137,45,0,7562,137
49,74,0,12251,49
79,123,0,20374,79
25,156,0,25776,25
1,91,0,15026,1
27,72,0,11915,27
49,161,0,26606,49
158,98,0,16328,158
152,132,0,21930,152
99,5,0,923,99
78,117,0,19383,78
108,116,0,19250,108
0,151,0,24932,0
77,46,0,7644,77
144,56,0,9385,144
99,97,1,16103,99
77,58,0,9624,77
42,5,0,865,42
22,25,0,4128,22
139,85,0,14163,139
44,120,0,19844,44
54,44,0,7313,54
163,205,0,33987,163
138,24,0,4096,138
101,178,0,29476,101
101,37,0,6211,101
149,195,0,32322,149
162,116,0,19303,162
131,142,1,23561,131
135,207,0,34288,135
36,216,0,35663,36
6,56,0,9256,6
110,157,1,26024,110
152,100,0,16650,152
145,43,0,7241,145
47,75,0,12424,47
121,24,0,4080,121
33,174,0,28736,33
74,16,0,2717,74
34,74,0,12223,34
164,96,0,16001,164
9,36,0,5964,9
152,75,0,12525,152
48,65,0,10772,48
79,33,0,5524,79
75,44,0,7327,75
131,104,0,17291,131
36,108,0,17843,36
139,79,0,13173,139
29,213,0,35160,29
80,195,0,32255,80
142,94,1,15650,142
127,216,0,35765,127
30,85,0,14052,30
104,33,0,5545,104
63,198,0,32745,63
49,211,1,34856,49
20,140,0,23107,20
52,120,0,19851,52
158,165,1,27383,158
107,215,0,35584,107
76,122,1,20194,76
131,103,1,17126,131
83,145,0,24006,83
156,32,0,5433,156
12,132,0,21781,12
162,48,0,8083,162
162,29,0,4948,162
142,49,1,8225,142
131,205,1,33956,131
70,193,1,31915,70
79,39,0,6514,79
73,83,0,13764,73
118,84,1,13973,118
73,115,0,19044,73
14,79,0,13037,14
141,120,0,19942,141
33,49,0,8111,33
96,162,0,26829,96
147,91,0,15163,147
130,170,1,28180,130
14,165,0,27227,14
74,161,0,26642,74
110,44,0,7379,110
30,43,0,7122,30
8,117,1,19309,8
80,85,0,14105,80
15,22,0,3642,15
104,53,0,8845,104
105,142,1,23546,105
37,197,0,32526,37
130,22,0,3760,130
51,48,1,7970,51
76,124,1,20524,76
22,43,0,7098,22
7,68,0,11220,7
133,159,0,26374,133
151,132,0,21934,151
151,140,0,23254,151
138,3,0,631,138
34,56,0,9253,34
162,36,0,6103,162
46,103,0,17038,46
6,29,0,4801,6
139,205,1,33963,139
156,35,1,5928,156
34,17,0,2818,34
120,46,0,7708,120
148,143,0,23744,148
7,37,0,6105,7
45,7,0,1197,45
149,54,0,9057,149
10,170,0,28080,10
119,93,0,15450,119
164,160,1,26561,164
52,83,0,13746,52
62,205,1,33898,62
30,185,0,30552,30
21,190,0,31370,21
158,32,0,5438,158
44,173,1,28589,44
79,63,0,10474,79
9,163,0,26919,9
140,124,0,20601,140
68,100,0,16568,68
8,41,0,6769,8
79,19,0,3214,79
133,47,0,7894,133
80,175,1,28955,80
40,148,0,24465,40
30,99,0,16362,30
13,36,0,5979,13
36,103,0,17018,36
147,16,0,2788,147
113,177,0,29306,113
151,22,0,3784,151
158,13,0,2303,158
137,75,0,12512,137
44,116,0,19184,44
8,167,0,27559,8
97,190,0,31446,97
119,81,0,13470,119
27,47,0,7790,27
53,181,0,29917,53
119,205,1,33930,119
99,49,0,8183,99
128,215,0,35601,128
33,62,0,10256,33
86,145,0,24007,86
142,105,0,17465,142
44,79,0,13079,44
32,124,0,20492,32
27,98,1,16205,27
118,128,0,21233,118
1,149,0,24596,1
21,208,1,34340,21
19,37,0,6138,19
96,160,0,26499,96
112,53,0,8853,112
49,33,0,5486,49
57,145,0,23999,57
54,29,0,4838,54
153,8,0,1472,153
144,145,0,24070,144
152,72,0,12030,152
136,22,0,3762,136
157,27,0,4610,157
83,146,0,24171,83
41,122,0,20176,41
24,175,0,28912,24
96,151,0,25014,96
75,184,0,30427,75
25,104,0,17196,25
129,71,0,11843,129
29,216,0,35655,29
29,140,0,23115,29
135,211,1,34948,135
120,154,0,25528,120
79,191,0,31594,79
87,193,1,31932,87
88,52,0,8665,88
31,9,0,1504,31
15,71,0,11727,15
120,85,0,14143,120
84,120,0,19886,84
117,181,0,29986,117
110,208,0,34439,110
77,62,0,10284,77
8,189,0,31189,8
164,170,0,28211,164
0,149,0,24602,0
164,26,0,4451,164
16,176,0,29062,16
14,36,0,5942,14
91,82,0,13621,91
117,15,0,2596,117
19,36,0,5973,19
137,87,1,14492,137
6,66,0,10906,6
158,154,0,25568,158
64,87,1,14418,64
48,64,0,10607,48
62,116,0,19213,62
103,68,0,11337,103
92,187,1,30947,92
107,80,0,13309,107
79,24,0,4039,79
150,163,0,27051,150
135,193,1,31978,135
79,147,0,24334,79
73,140,0,23169,73
12,75,0,12376,12
105,13,0,2261,105
78,187,1,30933,78
21,120,0,19820,21
86,143,0,23677,86
151,34,0,5764,151
19,39,1,6468,19
141,175,1,29017,141
117,140,1,23221,117
26,189,0,31194,26
118,56,0,9353,118
49,107,0,17696,49
30,84,0,13887,30
156,25,0,4278,156
46,40,0,6643,46
151,8,0,1474,151
141,159,0,26377,141
28,187,1,30889,28
51,197,0,32555,51
92,74,0,12302,92
8,193,0,31849,8
1,137,1,22616,1
118,7,0,1268,118
96,185,1,30624,96
124,63,0,10517,124
83,86,0,14271,83
139,7,0,1293,139
68,48,0,7988,68
141,32,0,5422,141
45,39,1,6477,45
46,107,0,17698,46
152,83,0,13845,152
124,104,0,17282,124
51,44,0,7310,51
78,172,0,28458,78
162,140,0,23263,162
105,79,0,13151,105
44,50,0,8294,44
84,142,0,23516,84
63,157,0,25980,63
128,172,0,28506,128
51,150,0,24800,51
117,48,0,8041,117
21,216,0,35660,21
4,174,0,28718,4
91,3,1,586,91
86,157,0,25987,86
163,170,0,28212,163
21,148,0,24440,21
9,1,0,189,9
128,211,0,34941,128
3,35,1,5785,3
113,40,0,6701,113
38,16,0,2669,38
88,193,1,31930,88
144,14,0,2455,144
105,91,0,15131,105
40,70,0,11595,40
51,42,0,6980,51
34,126,0,20803,34
105,36,0,6056,105
36,35,0,5798,36
5,215,1,35503,5
118,5,0,938,118
103,161,0,26682,103
77,176,0,29094,77
117,42,1,7051,117
156,212,0,35133,156
91,166,0,27481,91
88,140,0,23185,88
139,64,0,10698,139
119,215,1,35580,119
117,104,1,17281,117
124,162,1,26852,124
113,11,0,1916,113
88,66,1,10975,88
51,50,0,8300,51
147,145,0,24073,147
118,211,0,34928,118
6,173,0,28561,6
3,51,0,8425,3
137,90,1,14987,137
158,74,0,12368,158
163,113,0,18807,163
110,199,1,32954,110
131,101,0,16796,131
103,63,0,10512,103
15,11,0,1827,15
127,167,0,27680,127
81,85,0,14108,81
78,48,0,7998,78
87,156,1,25827,87
4,100,0,16508,4
83,137,0,22686,83
105,213,1,35261,105
88,181,0,29950,88
85,99,0,16423,85
36,157,0,25928,36
74,84,0,13937,74
129,46,0,7718,129
12,11,0,1816,12
16,1,0,187,16
117,187,0,30976,117
32,91,1,15047,32
44,94,0,15554,44
13,176,0,29079,13
127,174,0,28835,127
20,200,0,33007,20
70,165,1,27295,70
70,48,1,7990,70
53,146,0,24142,53
38,161,0,26594,38
13,174,1,28749,13
19,174,1,28743,19
87,160,1,26487,87
127,190,0,31475,127
92,48,1,8012,92
63,43,0,7170,63
37,211,0,34836,37
25,166,0,27426,25
14,179,0,29537,14
77,213,0,35199,77
103,101,0,16782,103
6,140,0,23116,6
21,108,1,17840,21
91,103,1,17086,91
14,19,0,3137,14
63,167,0,27630,63
5,145,0,23953,5
138,198,0,32806,138
4,90,0,14858,4
101,198,0,32776,101
51,29,0,4835,51
142,150,0,24890,142
24,179,0,29572,24
3,81,0,13375,3
37,142,0,23451,37
17,197,0,32523,17
110,150,0,24869,110
45,14,0,2352,45
147,181,0,30013,147
75,136,0,22507,75
133,8,0,1459,133
13,93,0,15384,13
104,113,0,18745,104
37,65,0,10746,37
84,136,1,22526,84
159,173,0,28704,159
78,84,0,13938,78
117,208,0,34441,117
5,88,0,14548,5
133,122,0,20269,133
129,17,0,2933,129
5,113,0,18673,5
76,161,0,26629,76
88,184,0,30445,88
49,52,0,8621,49
156,90,0,15003,156
97,62,0,10326,97
145,191,0,31661,145
5,99,0,16363,5
85,172,0,28468,85
9,29,0,4809,9
162,123,1,20458,162
83,83,0,13776,83
78,132,0,21858,78
118,129,1,21398,118
127,88,0,14645,127
4,184,0,30368,4
125,52,0,8707,125
144,201,0,33310,144
57,19,0,3209,57
8,165,0,27229,8
26,104,0,17169,26
15,102,0,16842,15
150,98,1,16326,150
54,123,0,20348,54
17,4,1,678,17
157,172,0,28535,157
49,80,1,13241,49
87,122,1,20217,87
48,44,0,7307,48
53,173,0,28597,53
46,51,0,8458,46
5,78,0,12898,5
62,129,0,21358,62
123,200,0,33124,123
26,44,0,7269,26
49,103,0,17036,49
115,147,0,24359,115
131,98,0,16301,131
97,53,0,8841,97
40,129,1,21330,40
85,198,0,32758,85
30,149,0,24612,30
121,46,0,7710,121
8,156,0,25744,8
164,56,1,9401,164
13,91,0,15054,13
91,122,1,20221,91
96,123,0,20394,96
84,42,0,7016,84
87,98,1,16257,87
14,185,0,30527,14
86,88,0,14602,86
129,99,0,16463,129
62,64,0,10633,62
74,68,0,11297,74
91,56,0,9331,91
9,78,0,12894,9
10,172,0,28410,10
7,54,0,8910,7
19,99,0,16368,19
63,48,0,7995,63
157,198,0,32825,157
123,189,0,31309,123
104,122,0,20230,104
148,84,0,14009,148
74,97,0,16082,74
79,70,0,11629,79
150,200,0,33156,150
4,119,0,19643,4
91,124,0,20551,91
92,3,1,587,92
83,44,0,7341,83
108,211,1,34925,108
108,51,0,8525,108
36,147,0,24278,36
45,20,0,3342,45
92,28,0,4712,92
142,164,0,27200,142
117,37,0,6226,117
26,199,1,32844,26
54,208,0,34373,54
140,20,0,3441,140
152,108,0,17970,152
145,11,0,1961,145
3,189,1,31195,3
52,198,0,32721,52
87,1,0,252,87
98,118,1,19567,98
101,28,0,4726,101
21,130,0,21470,21
30,159,0,26262,30
45,81,0,13407,45
86,20,0,3382,86
13,92,0,15219,13
53,107,0,17707,53
5,190,1,31378,5
84,72,0,11966,84
117,62,0,10351,117
97,126,0,20886,97
40,92,0,15225,40
156,97,0,16158,156
150,37,0,6261,150
57,190,0,31424,57
68,53,0,8813,68
6,142,0,23446,6
123,148,0,24544,123
27,91,1,15050,27
136,15,0,2607,136
5,193,1,31873,5
114,89,1,14792,114
77,215,1,35529,77
75,17,0,2872,75
62,75,0,12448,62
51,159,0,26285,51
125,96,1,15967,125
129,54,0,9038,129
97,160,1,26496,97
13,115,0,19014,13
34,178,0,29383,34
121,162,0,26850,121
20,96,0,15847,20
139,177,1,29343,139
117,87,0,14476,117
117,100,0,16621,117
124,82,0,13652,124
115,13,0,2249,115
52,7,0,1206,52
151,9,0,1639,151
145,20,0,3446,145
105,113,0,18761,105
33,100,0,16526,33
27,63,0,10430,27
1,122,1,20141,1
12,3,0,496,12
153,65,0,10877,153
151,28,0,4774,151
113,151,0,25016,113
12,20,0,3301,12
79,58,0,9649,79
70,68,0,11290,70
13,164,0,27099,13
30,66,0,10917,30
150,53,1,8901,150
142,185,0,30665,142
51,88,0,14570,51
41,84,1,13906,41
46,4,0,703,46
130,137,1,22735,130
76,177,1,29269,76
87,43,0,7182,87
4,189,0,31193,4
22,123,0,20298,22
25,204,0,33696,25
20,207,0,34162,20
5,200,0,33028,5
26,170,0,28059,26
6,143,0,23611,6
3,120,0,19810,3
68,172,0,28448,68
108,36,0,6050,108
85,150,0,24838,85
129,193,1,31973,129
80,160,0,26480,80
14,174,1,28712,14
163,17,0,2967,163
37,40,0,6621,37
144,26,0,4435,144
10,151,0,24945,10
83,91,0,15096,83
47,48,0,7969,47
13,198,0,32709,13
22,105,0,17328,22
87,26,0,4377,87
68,15,0,2543,68
123,138,0,22894,123
91,136,1,22531,91
3,50,0,8260,3
15,190,0,31362,15
20,28,0,4627,20
137,162,0,26867,137
108,177,0,29315,108
40,94,0,15555,40
16,34,0,5632,16
115,124,0,20564,115
138,164,0,27196,138
48,101,0,16712,48
29,151,0,24930,29
24,181,0,29902,24
48,105,1,17372,48
139,19,0,3273,139
5,147,0,24283,5
157,87,0,14510,157
110,164,0,27179,110
79,212,0,35059,79
33,27,0,4481,33
79,204,0,33739,79
57,18,0,3044,57
153,17,0,2957,153
13,184,1,30399,13
29,129,0,21300,29
130,148,0,24550,130
7,198,0,32670,7
91,93,0,15436,91
124,125,1,20747,124
17,102,0,16848,17
148,215,0,35624,148
148,5,0,974,148
141,92,0,15322,141
44,41,0,6809,44
8,35,0,5779,8
49,108,0,17861,49
31,176,0,29059,31
7,82,0,13530,7
114,48,1,8027,114
76,176,0,29104,76
83,123,0,20376,83
28,71,0,11749,28
73,156,1,25809,73
164,4,0,821,164
133,4,0,799,133
25,162,0,26766,25
5,174,1,28738,5
138,132,1,21916,138
20,177,1,29212,20
135,160,0,26533,135
78,13,0,2223,78
26,74,0,12219,26
37,13,0,2166,37
0,85,0,14042,0
128,190,0,31476,128
118,167,0,27668,118
20,19,1,3142,20
98,192,0,31777,98
119,84,1,13965,119
125,189,0,31312,125
5,9,1,1513,5
47,47,1,7804,47
45,45,0,7467,45
75,63,0,10462,75
74,149,0,24662,74
133,178,0,29509,133
74,59,0,9812,74
128,208,0,34446,128
4,58,0,9578,4
20,193,0,31852,20
21,161,0,26585,21
54,205,0,33878,54
51,8,0,1370,51
36,36,0,5963,36
1,74,0,12221,1
7,145,0,23925,7
124,142,0,23552,124
9,19,0,3159,9
84,160,1,26486,84
49,40,1,6641,49
41,145,1,23971,41
120,177,1,29323,120
52,205,0,33876,52
44,85,0,14069,44
92,213,0,35237,92
99,15,0,2573,99
125,13,1,2272,125
20,24,0,3967,20
83,101,0,16746,83
8,63,0,10399,8
16,173,0,28567,16
80,17,1,2885,80
80,28,0,4700,80
156,211,0,34968,156
148,149,0,24734,148
157,79,0,13190,157
76,116,0,19204,76
78,45,0,7503,78
144,44,0,7405,144
52,105,0,17376,52
104,22,0,3730,104
84,200,0,33086,84
123,3,0,619,123
83,88,0,14601,83
6,28,0,4636,6
145,78,0,13016,145
107,162,0,26839,107
19,205,0,33858,19
47,86,0,14239,47
130,85,0,14155,130
149,189,0,31332,149
36,150,0,24773,36
79,28,0,4699,79
26,48,0,7929,26
44,14,0,2354,44
62,3,0,568,62
68,39,0,6503,68
142,64,1,10700,142
45,17,0,2847,45
42,8,0,1360,42
162,117,0,19468,162
149,71,0,11862,149
27,118,0,19505,27
4,103,0,17003,4
97,51,0,8511,97
108,90,1,14960,108
53,122,1,20182,53
147,185,0,30673,147
98,198,0,32767,98
123,46,0,7714,123
53,26,0,4342,53
14,132,0,21782,14
88,41,0,6850,88
117,146,0,24211,117
21,186,0,30710,21
96,93,0,15444,96
0,154,0,25427,0
117,88,0,14641,117
20,46,0,7597,20
0,138,1,22787,0
34,66,0,10903,34
128,17,0,2931,128
79,173,0,28624,79
119,176,0,29145,119
99,204,0,33758,99
153,66,0,11042,153
10,28,0,4650,10
19,66,0,10923,19
153,207,0,34307,153
15,7,0,1167,15
141,58,0,9712,141
73,7,0,1224,73
31,78,0,12889,31
22,80,0,13203,22
14,160,0,26402,14
104,47,1,7855,104
77,29,0,4839,77
140,165,0,27366,140
40,104,0,17205,40
25,98,0,16206,25
16,185,0,30547,16
41,149,0,24631,41
8,215,0,35479,8
159,126,0,20949,159
49,51,0,8456,49
19,189,0,31218,19
54,192,0,31733,54
36,40,0,6623,36
88,122,0,20215,88
149,92,0,15327,149
138,47,0,7891,138
140,89,0,14826,140
30,211,0,34842,30
0,63,0,10412,0
64,89,0,14748,64
78,66,1,10968,78
75,48,0,7987,75
115,91,0,15119,115
8,150,0,24754,8
106,53,1,8848,106
92,99,0,16427,92
157,148,0,24575,157
140,102,0,16971,140
17,215,0,35493,17
7,46,0,7590,7
53,132,1,21832,53
128,32,0,5406,128
28,59,1,9769,28
99,145,0,24023,99
151,213,0,35299,151
52,70,0,11601,52
45,147,0,24297,45
110,33,0,5564,110
139,149,0,24723,139
27,64,1,10595,27
163,82,0,13692,163
80,132,0,21860,80
142,87,0,14495,142
145,108,0,17966,145
164,138,0,22931,164
114,142,0,23537,114
159,17,0,2964,159
33,187,1,30881,33
29,175,0,28890,29
103,137,1,22722,103
4,36,0,5948,4
3,11,0,1825,3
9,202,0,33354,9
85,59,0,9823,85
14,172,0,28382,14
29,146,0,24105,29
46,157,0,25948,46
9,205,0,33849,9
79,47,0,7834,79
162,105,0,17488,162
120,54,0,9028,120
0,100,0,16517,0
76,34,0,5674,76
157,59,0,9890,157
78,4,1,738,78
158,33,0,5603,158
6,138,0,22786,6
62,212,0,35053,62
41,128,0,21166,41
0,74,0,12227,0
41,5,0,871,41
159,163,0,27054,159
53,35,0,5827,53
47,199,1,32884,47
139,150,0,24888,139
148,161,0,26714,148
54,39,0,6488,54
148,22,0,3779,148
91,197,0,32596,91
140,113,0,18786,140
6,200,0,33016,6
148,35,1,5924,148
49,42,0,6971,49
145,9,0,1631,145
119,33,0,5550,119
151,101,0,16819,151
86,136,0,22522,86
150,173,0,28701,150
85,163,0,26983,85
97,167,0,27651,97
115,33,0,5549,115
64,7,0,1218,64
113,128,1,21221,113
17,71,0,11733,17
48,90,1,14897,48
14,87,0,14357,14
68,89,0,14753,68
26,162,0,26739,26
52,115,0,19026,52
5,64,0,10588,5
141,115,0,19117,141
41,191,0,31561,41
16,16,0,2662,16
45,100,0,16542,45
85,54,0,8998,85
4,18,0,2978,4
27,176,0,29075,27
115,11,0,1919,115
86,33,0,5527,86
3,56,1,9250,3
145,205,1,33971,145
91,64,0,10651,91
38,150,0,24779,38
38,15,0,2504,38
121,22,0,3750,121
81,56,0,9323,81
118,25,1,4238,118
52,128,1,21171,52
144,74,0,12355,144
46,37,0,6148,46
138,123,0,20431,138
0,156,0,25757,0
128,161,0,26691,128
127,1,0,290,127
117,165,0,27346,117
87,14,1,2397,87
128,174,1,28836,128
78,149,0,24663,78
31,79,0,13054,31
51,24,0,4010,51
88,74,0,12295,88
7,36,0,5940,7
78,62,0,10308,78
5,18,0,2998,5
115,89,0,14789,115
83,116,0,19221,83
130,176,0,29170,130
97,56,1,9336,97
33,3,0,521,33
3,8,1,1330,3
105,149,0,24701,105
105,143,1,23711,105
25,35,1,5811,25
117,98,0,16291,117
129,19,1,3263,129
81,32,0,5363,81
153,130,0,21602,153
64,59,0,9798,64
7,11,0,1815,7
152,199,1,32985,152
118,103,1,17108,118
51,39,0,6485,51
131,163,0,27026,131
162,59,0,9898,162
48,35,1,5822,48
51,22,0,3680,51
117,199,1,32956,117
84,161,0,26651,84
99,85,0,14123,99
76,178,1,29434,76
141,213,0,35287,141
68,148,0,24488,68
142,51,0,8555,142
75,189,0,31252,75
64,102,0,16893,64
105,82,0,13646,105
40,36,0,5985,40
112,172,0,28488,112
139,28,0,4758,139
121,8,0,1440,121
47,213,1,35194,47
36,129,0,21308,36
42,132,1,21820,42
119,3,0,600,119
33,129,0,21311,33
83,185,0,30606,83
19,103,0,17028,19
14,54,0,8912,14
68,59,0,9803,68
12,94,0,15511,12
49,97,0,16046,49
87,170,1,28137,87
91,96,0,15931,91
22,71,0,11718,22
33,90,0,14876,33
114,165,0,27332,114
133,26,0,4429,133
24,192,0,31717,24
135,190,0,31483,135
26,195,0,32184,26
99,104,0,17258,99
140,17,0,2946,140
7,197,0,32505,7
151,74,0,12364,151
44,40,0,6644,44
131,3,1,626,131
103,81,0,13482,103
157,16,0,2795,157
85,129,1,21373,85
119,213,1,35250,119
31,204,0,33679,31
0,195,0,32192,0
136,122,0,20262,136
120,119,0,19753,120
57,91,0,15089,57
149,86,0,14337,149
105,28,0,4736,105
156,185,0,30678,156
138,85,0,14161,138
1,140,0,23111,1
81,75,1,12458,81
48,27,0,4502,48
88,70,0,11635,88
124,129,1,21407,124
142,191,0,31655,142
101,147,0,24361,101
99,84,1,13958,99
68,79,0,13103,68
33,116,0,19166,33
101,118,0,19576,101
51,204,0,33710,51
27,115,0,19010,27
125,143,1,23722,125
45,36,0,5982,45
113,27,0,4556,113
14,26,0,4292,14
136,143,0,23727,136
20,18,0,2977,20
88,18,0,3055,88
142,165,0,27365,142
142,205,1,33965,142
41,70,0,11596,41
36,28,0,4643,36
3,132,0,21790,3
13,120,0,19839,13
141,19,0,3277,141
137,179,0,29672,137
80,82,0,13610,80
158,40,1,6758,158
20,65,0,10732,20
84,47,1,7841,84
16,119,0,19657,16
124,204,0,33782,124
77,193,1,31899,77
81,4,0,743,81
138,178,0,29506,138
150,103,0,17151,150
5,96,0,15868,5
0,75,0,12392,0
99,136,1,22538,99
103,75,1,12492,103
84,115,0,19061,84
19,107,0,17688,19
112,27,0,4563,112
12,178,0,29371,12
47,59,0,9784,47
78,81,0,13443,78
19,123,0,20328,19
130,193,1,31975,130
97,54,0,9006,97
0,207,0,34172,0
32,53,0,8777,32
149,176,0,29187,149
104,16,0,2740,104
139,37,0,6243,139
28,88,0,14554,28
36,208,0,34343,36
46,45,0,7468,46
57,94,0,15584,57
27,40,1,6635,27
112,79,0,13143,112
125,16,0,2767,125
78,35,1,5853,78
37,122,0,20151,37
47,83,0,13744,47
0,190,0,31367,0
3,103,0,17005,3
83,113,0,18726,83
80,92,0,15260,80
40,128,0,21165,40
104,197,0,32605,104
44,9,0,1529,44
73,65,1,10794,73
40,211,1,34860,40
142,47,0,7895,142
32,15,0,2507,32
135,75,0,12508,135
46,13,1,2188,46
77,211,1,34869,77
137,143,1,23732,137
99,202,0,33428,99
79,79,0,13114,79
12,128,0,21121,12
84,213,1,35231,84
107,197,0,32614,107
149,190,0,31497,149
75,207,0,34222,75
136,62,0,10362,136
7,89,0,14685,7
24,125,0,20662,24
29,9,0,1500,29
105,27,0,4571,105
124,39,0,6557,124
96,58,0,9669,96
151,204,0,33814,151
53,93,0,15397,53
52,186,0,30741,52
128,18,0,3096,128
10,178,0,29400,10
139,49,0,8223,139
80,43,0,7175,80
78,39,0,6513,78
142,187,0,30995,142
29,150,1,24765,29
7,100,0,16500,7
152,118,0,19620,152
147,202,0,33478,147
88,8,0,1405,88
17,46,0,7608,17
17,94,0,15528,17
17,129,0,21303,17
77,53,1,8799,77
139,200,0,33138,139
14,105,0,17327,14
57,100,0,16574,57
142,138,0,22910,142
129,107,1,17783,129
105,39,0,6551,105
28,68,0,11254,28
77,28,0,4674,77
13,204,0,33699,13
148,39,0,6584,148
151,36,0,6094,151
164,44,0,7421,164
159,185,0,30684,159
151,80,0,13354,151
16,167,0,27577,16
29,82,0,13545,29
133,181,0,30004,133
3,148,0,24430,3
123,172,0,28504,123
1,20,0,3311,1
137,108,0,17957,137
147,173,0,28693,147
87,29,0,4872,87
54,98,0,16223,54
156,20,0,3453,156
9,48,0,7944,9
86,19,0,3217,86
5,159,0,26263,5
98,11,0,1912,98
138,42,0,7066,138
130,87,1,14485,130
32,201,1,33197,32
76,19,0,3199,76
98,123,0,20392,98
38,86,0,14219,38
15,68,1,11232,15
12,122,0,20131,12
17,166,1,27408,17
79,140,0,23179,79
77,36,0,5994,77
115,80,0,13304,115
149,193,0,31992,149
45,195,0,32217,45
138,80,0,13336,138
80,13,0,2225,80
79,93,0,15424,79
98,49,1,8182,98
54,90,0,14903,54
25,87,0,14391,25
80,88,0,14600,80
26,92,0,15189,26
48,166,0,27437,48
13,83,0,13734,13
21,103,0,17015,21
83,132,1,21861,83
117,205,1,33946,117
114,211,1,34922,114
74,86,0,14267,74
98,165,0,27322,98
0,4,0,677,0
162,18,0,3133,162
85,140,0,23188,85
110,204,0,33779,110
33,59,0,9761,33
57,163,0,26969,57
123,44,0,7384,123
129,1,0,293,129
114,118,1,19577,114
63,159,0,26310,63
53,68,0,11272,53
5,195,0,32203,5
52,78,0,12921,52
32,11,0,1847,32
120,13,0,2263,120
83,47,0,7836,83
68,3,0,563,68
119,184,0,30465,119
49,81,0,13406,49
28,160,1,26434,28
15,154,0,25422,15
20,187,1,30862,20
75,193,0,31912,75
124,136,1,22562,124
44,178,0,29414,44
20,165,1,27232,20
19,161,0,26598,19
163,132,0,21942,163
162,51,0,8578,162
149,70,0,11697,149
91,53,0,8836,91
150,104,0,17316,150
16,146,0,24112,16
3,86,0,14200,3
80,14,0,2390,80
97,107,1,17751,97
101,119,0,19741,101
34,45,0,7438,34
74,43,0,7172,74
85,86,0,14278,85
145,162,0,26876,145
4,40,0,6608,4
22,50,1,8253,22
112,165,0,27333,112
112,136,1,22548,112
145,85,1,14171,145
63,163,0,26970,63
7,147,0,24255,7
159,15,0,2634,159
137,88,0,14657,137
159,142,0,23589,159
45,35,1,5817,45
54,140,0,23153,54
110,64,1,10679,110
74,154,0,25487,74
136,200,0,33132,136
79,143,0,23674,79
64,189,0,31248,64
123,167,0,27679,123
63,27,0,4530,63
125,123,0,20422,125
83,170,0,28131,83
106,185,0,30628,106
104,18,0,3070,104
62,138,0,22843,62
45,97,0,16047,45
139,184,1,30498,139
25,64,0,10596,25
10,211,1,34845,10
25,172,0,28416,25
114,47,1,7862,114
7,75,0,12375,7
131,119,0,19766,131
24,91,0,15052,24
26,81,0,13374,26
106,172,0,28483,106
131,105,1,17456,131
24,123,0,20332,24
118,96,0,15953,118
120,52,0,8698,120
22,97,1,16008,22
10,124,0,20490,10
78,213,1,35223,78
10,176,0,29070,10
27,66,0,10925,27
51,100,0,16550,51
57,202,0,33404,57
27,22,0,3665,27
51,28,0,4670,51
63,35,0,5850,63
19,177,0,29238,19
103,116,0,19257,103
137,137,1,22742,137
147,190,0,31498,147
79,27,0,4534,79
30,46,0,7617,30
153,93,0,15497,153
6,27,0,4471,6
163,49,0,8247,163
96,15,0,2574,96
33,161,0,26591,33
88,54,0,8995,88
78,190,0,31428,78
15,187,1,30867,15
8,103,0,16999,8
45,74,0,12252,45
153,88,0,14672,153
107,28,0,4729,107
74,99,0,16412,74
32,200,0,33032,32
32,197,0,32537,32
87,90,1,14937,87
48,113,0,18692,48
1,100,0,16511,1
117,102,0,16951,117
119,190,1,31455,119
91,164,0,27151,91
149,79,0,13182,149
84,92,0,15266,84
12,176,0,29041,12
108,89,1,14795,108
125,85,1,14152,125
137,97,0,16142,137
20,4,0,667,20
135,13,0,2278,135
38,40,0,6629,38
12,162,0,26731,12
27,107,0,17690,27
10,107,0,17685,10
121,156,1,25860,121
92,201,0,33257,92
34,143,0,23608,34
48,11,0,1862,48
142,48,0,8060,142
4,4,0,668,4
142,24,0,4100,142
140,179,0,29676,140
57,13,0,2219,57
117,101,0,16786,117
20,205,1,33832,20
101,47,0,7861,101
117,18,0,3091,117
136,212,0,35112,136
104,74,0,12310,104
83,120,0,19881,83
138,154,0,25546,138
22,5,1,828,22
88,87,0,14440,88
57,129,0,21359,57
127,32,0,5405,127
40,195,0,32220,40
115,175,0,28979,115
156,82,0,13683,156
101,108,0,17926,101
97,98,0,16266,97
86,5,0,907,86
73,120,0,19869,73
46,189,0,31228,46
64,43,0,7158,64
147,174,1,28858,147
105,54,0,9026,105
13,20,0,3339,13
57,74,0,12284,57
86,8,0,1402,86
106,44,0,7363,106
86,192,0,31762,86
98,56,0,9337,98
70,16,0,2710,70
45,159,0,26277,45
119,50,0,8355,119
37,205,1,33846,37
98,179,0,29632,98
153,58,0,9722,153
141,154,1,25552,141
24,129,0,21322,24
12,136,0,22441,12
64,92,0,15243,64
113,46,0,7691,113
41,208,0,34366,41
114,119,0,19742,114
98,160,0,26497,98
73,149,0,24654,73
151,25,0,4279,151
120,16,0,2758,120
137,20,1,3437,137
5,122,1,20158,5
83,46,0,7671,83
120,29,0,4903,120
28,24,0,3994,28
158,9,0,1643,158
34,174,0,28723,34
79,175,0,28954,79
98,17,0,2902,98
70,13,0,2215,70
124,87,0,14477,124
70,107,0,17725,70
156,132,0,21933,156
49,181,0,29906,49
8,201,0,33169,8
127,39,0,6560,127
97,191,0,31611,97
13,33,0,5484,13
98,26,1,4387,98
25,132,1,21816,25
141,5,0,967,141
17,167,0,27573,17
112,184,0,30468,112
62,105,1,17398,62
163,143,0,23757,163
130,16,0,2770,130
120,83,0,13813,120
131,145,1,24056,131
96,3,1,594,96
86,154,1,25492,86
74,42,1,7007,74
68,143,0,23663,68
98,33,0,5542,98
86,105,1,17407,86
103,53,0,8862,103
130,42,0,7060,130
144,149,0,24730,144
38,191,0,31544,38
120,146,0,24208,120
45,205,0,33867,45
138,93,0,15481,138
150,7,0,1311,150
46,87,1,14398,46
112,213,0,35253,112
128,167,0,27681,128
145,5,0,971,145
83,5,0,906,83
19,58,0,9603,19
131,154,0,25541,131
119,62,0,10335,119
78,42,0,7008,78
78,92,0,15258,78
73,130,1,21519,73
53,215,1,35527,53
118,81,0,13478,118
4,87,0,14363,4
164,35,1,5936,164
87,161,0,26652,87
0,28,0,4637,0
137,50,0,8387,137
19,122,1,20163,19
124,86,0,14312,124
46,91,0,15058,46
48,82,0,13577,48
85,18,0,3058,85
77,200,0,33054,77
41,19,0,3181,41
27,132,1,21815,27
10,179,0,29565,10
103,151,0,25032,103
25,44,0,7296,25
115,52,0,8684,115
54,115,0,19028,54
75,20,0,3367,75
29,81,0,13380,29
92,116,1,19232,92
4,126,0,20798,4
62,120,0,19873,62
139,62,0,10368,139
15,1,0,177,15
4,68,0,11228,4
114,40,0,6707,114
88,156,0,25825,88
85,181,0,29953,85
135,79,0,13168,135
13,56,0,9279,13
85,201,1,33253,85
114,33,0,5552,114
81,72,0,11963,81
52,148,0,24471,52
119,82,0,13635,119
27,44,0,7295,27
14,33,0,5447,14
105,1,0,281,105
133,175,0,29014,133
153,193,0,31997,153
52,162,0,26781,52
106,128,1,21223,106
33,99,0,16361,33
26,142,0,23439,26
148,125,0,20774,148
123,11,0,1939,123
13,105,0,17364,13
150,86,0,14346,150
120,78,0,12988,120
33,160,0,26426,33
41,189,0,31231,41
46,82,0,13573,46
83,87,0,14436,83
49,50,1,8291,49
127,59,0,9860,127
9,204,0,33684,9
114,51,0,8522,114
38,151,0,24944,38
158,70,0,11708,158
6,204,0,33676,6
51,160,1,26450,51
25,148,0,24456,25
62,72,1,11953,62
123,9,0,1609,123
34,33,0,5458,34
83,4,1,741,83
156,215,1,35628,156
157,103,0,17150,157
150,199,1,32991,150
5,136,0,22468,5
84,179,0,29621,84
16,83,0,13717,16
158,66,1,11048,158
42,19,0,3175,42
12,17,0,2806,12
20,48,0,7927,20
84,39,0,6521,84
87,97,0,16092,87
140,35,0,5916,140
76,185,0,30589,76
145,74,0,12356,145
156,42,1,7083,156
1,87,0,14366,1
10,128,0,21150,10
26,215,0,35484,26
70,3,1,565,70
88,187,0,30940,88
14,17,0,2807,14
6,97,0,16021,6
81,187,0,30938,81
110,138,0,22889,110
77,9,0,1539,77
162,145,0,24088,162
137,146,0,24227,137
15,35,1,5787,15
6,128,0,21136,6
87,87,1,14442,87
103,207,1,34272,103
17,22,0,3648,17
92,27,0,4547,92
32,68,0,11252,32
15,132,1,21792,15
75,1,0,232,75
87,81,0,13452,87
40,147,0,24300,40
107,190,0,31459,107
1,59,0,9746,1
101,162,0,26836,101
114,37,0,6212,114
110,143,1,23714,110
128,185,0,30651,128
12,4,0,661,12
20,70,0,11557,20
164,211,1,34976,164
47,3,1,544,47
130,100,0,16630,130
76,126,0,20854,76
106,216,0,35743,106
141,8,0,1462,141
88,200,0,33085,88
73,154,0,25479,73
75,157,0,25972,75
7,150,0,24750,7
76,179,0,29599,76
112,97,0,16113,112
70,28,0,4690,70
138,140,0,23236,138
47,102,0,16879,47
127,46,0,7715,127
164,164,0,27221,164
14,163,0,26897,14
12,14,0,2311,12
131,147,0,24386,131
36,165,0,27248,36
159,34,0,5769,159
158,162,0,26888,158
148,174,0,28859,148
47,65,0,10774,47
159,186,0,30849,159
77,159,0,26289,77
17,120,0,19818,17
14,175,0,28877,14
77,190,0,31404,77
22,17,1,2808,22
97,102,0,16926,97
110,28,0,4739,110
24,149,0,24622,24
32,148,0,24452,32
157,107,1,17810,157
62,213,1,35218,62
19,118,0,19503,19
3,98,0,16180,3
12,125,0,20626,12
29,87,0,14370,29
139,5,1,963,139
114,81,0,13472,114
147,167,0,27703,147
98,137,1,22702,98
34,78,0,12883,34
19,98,0,16203,19
12,115,0,18976,12
47,20,0,3349,47
48,186,0,30737,48
129,44,0,7388,129
34,192,0,31693,34
70,140,0,23170,70
0,199,0,32852,0
135,50,0,8383,135
48,18,0,3017,48
103,162,0,26847,103
152,66,0,11040,152
103,32,0,5397,103
17,176,0,29058,17
164,46,0,7751,164
101,124,0,20566,101
73,56,1,9309,73
29,42,0,6945,29
142,66,0,11030,142
140,22,0,3771,140
145,56,0,9386,145
7,187,1,30855,7
4,5,0,833,4
10,99,0,16365,10
68,189,0,31253,68
16,91,1,15037,16
99,45,0,7523,99
104,173,1,28645,104
129,100,0,16628,129
12,50,0,8251,12
151,59,0,9889,151
27,148,1,24455,27
0,7,0,1172,0
119,18,0,3075,119
110,200,0,33119,110
119,200,0,33105,119
87,8,0,1407,87
114,143,1,23702,114
9,100,0,16524,9
77,3,0,549,77
96,207,0,34254,96
22,213,0,35148,22
6,94,0,15526,6
118,20,0,3413,118
157,92,0,15335,157
78,146,0,24168,78
87,50,0,8337,87
63,216,0,35715,63
38,190,0,31379,38
88,92,0,15265,88
92,91,0,15107,92
124,20,0,3422,124
107,94,0,15619,107
130,49,1,8215,130
73,105,1,17394,73
131,63,0,10526,131
0,72,0,11897,0
49,7,0,1196,49
24,172,0,28417,24
6,157,0,25921,6
118,176,0,29153,118
123,123,0,20419,123
99,179,0,29633,99
149,138,0,22917,149
124,34,0,5732,124
10,54,0,8940,10
62,8,0,1393,62
148,101,0,16814,148
84,25,1,4211,84
75,16,0,2707,75
162,207,0,34318,162
123,179,0,29659,123
101,20,0,3406,101
54,142,0,23483,54
142,184,0,30500,142
140,15,0,2616,140
24,189,0,31222,24
79,91,0,15094,79
152,126,0,20940,152
131,192,0,31811,131
12,80,0,13201,12
110,120,0,19919,110
97,136,0,22536,97
75,15,0,2542,75
147,32,0,5428,147
105,64,1,10676,105
19,26,0,4323,19
147,80,0,13348,147
128,164,0,27186,128
117,14,1,2431,117
29,160,0,26415,29
33,36,0,5966,33
12,213,0,35146,12
107,156,0,25849,107
145,140,0,23246,145
22,189,1,31188,22
41,151,0,24961,41
37,138,0,22791,37
138,156,0,25876,138
80,115,0,19055,80
158,159,0,26393,158
6,113,0,18661,6
53,150,0,24802,53
21,37,0,6125,21
87,185,0,30612,87
48,208,0,34367,48
7,102,0,16830,7
16,89,0,14707,16
110,159,0,26354,110
51,71,0,11765,51
91,126,0,20881,91
45,37,0,6147,45
106,190,0,31453,106
29,11,0,1830,29
164,184,1,30521,164
83,187,1,30936,83
131,181,0,29996,131
38,35,0,5804,38
80,215,0,35555,80
121,185,0,30645,121
77,8,0,1374,77
141,192,0,31822,141
76,9,0,1549,76
30,97,0,16032,30
135,145,0,24058,135
87,113,0,18732,87
75,185,0,30592,75
106,13,1,2248,106
118,186,0,30803,118
62,198,0,32743,62
4,72,0,11888,4
114,18,0,3077,114
127,197,0,32630,127
130,185,0,30655,130
79,5,0,904,79
81,197,0,32588,81
44,42,0,6974,44
38,173,0,28574,38
53,149,0,24637,53
77,66,0,10944,77
54,201,0,33218,54
13,66,0,10929,13
125,108,0,17947,125
76,197,0,32569,76
41,105,1,17371,41
145,145,0,24071,145
145,105,1,17471,145
12,98,0,16171,12
53,130,0,21502,53
99,105,0,17423,99
62,80,1,13273,62
153,142,0,23582,153
64,54,0,8973,64
119,165,0,27330,119
86,148,0,24502,86
81,87,0,14438,81
7,125,0,20625,7
137,19,1,3272,137
4,27,0,4463,4
15,59,0,9747,15
112,118,0,19578,112
107,187,0,30964,107
33,40,0,6626,33
145,97,0,16151,145
157,28,0,4775,157
98,65,1,10822,98
137,138,0,22907,137
164,151,0,25076,164
25,37,0,6141,25
152,15,0,2625,152
127,191,0,31640,127
37,136,0,22461,37
7,4,0,660,7
107,32,0,5389,107
92,120,0,19892,92
164,64,0,10721,164
16,92,0,15202,16
141,140,1,23242,141
107,159,0,26344,107
53,216,0,35692,53
70,66,1,10960,70
48,51,0,8462,48
57,199,1,32909,57
81,33,0,5528,81
86,51,0,8497,86
17,204,0,33678,17
19,5,1,858,19
17,205,1,33843,17
62,5,1,898,62
83,72,1,11961,83
152,147,0,24405,152
124,41,0,6887,124
149,163,0,27042,149
47,29,0,4834,47
7,79,0,13035,7
115,32,0,5384,115
103,199,1,32952,103
41,213,0,35191,41
81,154,0,25493,81
157,39,0,6590,157
15,143,0,23607,15
133,136,0,22579,133
79,72,0,11959,79
127,34,0,5735,127
85,35,1,5863,85
86,37,0,6187,86
70,117,0,19375,70
113,103,0,17096,113
85,93,0,15433,85
41,193,1,31891,41
133,140,0,23239,133
107,91,0,15124,107
14,11,0,1817,14
85,16,0,2728,85
63,20,0,3375,63
104,63,0,10495,104
57,154,0,25484,57
113,56,0,9341,113
33,5,0,851,33
37,173,0,28566,37
139,103,0,17133,139
103,9,0,1602,103
73,52,0,8649,73
130,125,1,20755,130
123,190,0,31474,123
107,102,0,16939,107
27,130,1,21485,27
54,3,0,548,54
78,151,0,24993,78
135,71,0,11848,135
87,128,0,21207,87
125,130,0,21577,125
68,136,0,22508,68
54,93,0,15398,54
133,92,0,15319,133
76,113,0,18709,76
150,166,0,27546,150
96,87,1,14454,96
32,160,1,26432,32
83,62,0,10311,83
1,99,0,16346,1
131,75,0,12506,131
40,48,0,7965,40
47,197,0,32554,47
115,18,0,3074,115
129,118,1,19598,129
80,75,0,12455,80
145,170,1,28196,145
159,89,0,14844,159
26,85,0,14034,26
99,173,0,28643,99
119,35,1,5880,119
152,62,0,10380,152
117,33,0,5566,117
34,100,0,16513,34
73,212,0,35049,73
37,74,0,12231,37
14,91,0,15017,14
136,48,1,8052,136
140,84,0,14001,140
130,63,0,10525,130
12,81,0,13366,12
131,34,0,5741,131
31,115,0,18994,31
70,92,0,15250,70
110,58,0,9689,110
88,147,0,24340,88
131,50,0,8381,131
80,29,0,4865,80
47,87,0,14404,47
53,32,0,5332,53
6,170,0,28066,6
74,186,0,30767,74
8,157,0,25909,8
81,5,0,908,81
151,185,0,30679,151
141,138,0,22912,141
21,124,0,20480,21
117,79,0,13156,117
16,137,0,22627,16
68,33,0,5513,68
131,52,0,8711,131
28,104,0,17194,28
106,85,0,14128,106
141,170,0,28192,141
135,186,0,30823,135
88,164,0,27145,88
53,208,0,34372,53
92,49,1,8177,92
53,66,1,10942,53
159,197,0,32664,159
145,198,0,32816,145
14,157,0,25907,14
135,107,1,17788,135
32,104,0,17192,32
26,116,0,19149,26
17,90,1,14868,17
107,5,0,934,107
12,143,0,23596,12
149,192,0,31827,149
140,19,0,3276,140
153,70,0,11702,153
30,88,0,14547,30
120,117,0,19423,120
131,130,1,21581,131
84,211,1,34901,84
92,211,1,34907,92
28,66,1,10924,28
31,5,0,844,31
57,79,0,13109,57
40,85,0,14070,40
145,96,0,15986,145
42,14,0,2350,42
42,160,0,26440,42
150,25,0,4281,150
32,88,0,14552,32
139,178,0,29508,139
91,42,0,7021,91
164,117,0,19466,164
112,147,0,24363,112
159,53,1,8904,159
73,89,1,14754,73
5,27,0,4483,5
138,187,1,30991,138
48,87,1,14402,48
8,8,0,1324,8
75,172,0,28447,75
125,116,0,19267,125
145,107,1,17801,145
49,28,0,4661,49
130,78,0,13000,130
163,8,0,1482,163
131,22,0,3761,131
48,126,0,20837,48
78,163,0,26973,78
70,150,0,24820,70
137,94,0,15647,137
68,190,0,31418,68
140,97,0,16146,140
99,81,0,13463,99
84,20,1,3386,84
0,79,0,13052,0
78,70,0,11628,78
10,164,0,27090,10
12,116,0,19141,12
159,74,0,12369,159
86,50,0,8332,86
114,186,0,30797,114
112,130,0,21558,112
28,115,0,19009,28
49,72,1,11921,49
135,25,1,4258,135
31,22,0,3649,31
80,208,0,34400,80
77,128,1,21174,77
62,177,1,29278,62
157,156,0,25895,157
103,86,0,14307,103
108,22,0,3740,108
99,33,0,5543,99
114,170,0,28157,114
8,186,0,30694,8
108,34,0,5720,108
79,86,0,14269,79
162,205,0,33988,162
79,213,0,35224,79
19,146,0,24123,19
5,176,0,29068,5
151,41,0,6919,151
37,117,0,19326,37
157,50,0,8405,157
141,149,0,24727,141
148,63,0,10544,148
140,195,0,32316,140
128,85,0,14151,128
29,45,0,7440,29
117,49,0,8206,117
53,82,0,13582,53
62,48,0,7993,62
15,186,0,30702,15
87,24,0,4047,87
27,212,1,35015,27
42,13,0,2185,42
26,19,0,3144,26
53,125,1,20677,53
112,108,0,17928,112
24,80,0,13237,24
31,181,0,29884,31
3,216,0,35650,3
76,140,0,23164,76
150,160,0,26556,150
45,22,0,3672,45
3,145,1,23935,3
25,163,0,26931,25
74,13,1,2222,74
76,125,1,20689,76
101,36,1,6046,101
162,93,0,15508,162
36,178,0,29393,36
47,62,0,10279,47
28,101,1,16699,28
131,160,1,26531,131
14,204,0,33662,14
96,66,1,10989,96
44,170,0,28094,44
99,164,0,27158,99
16,79,0,13057,16
34,208,0,34333,34
52,165,0,27276,52
136,3,1,627,136
113,99,0,16436,113
112,199,1,32943,112
137,189,0,31322,137
138,82,0,13666,138
119,177,0,29310,119
54,88,0,14573,54
32,80,1,13232,32
1,47,0,7766,1
125,163,0,27022,125
62,108,0,17893,62
150,22,0,3786,150
29,64,1,10575,29
144,211,0,34960,144
112,90,0,14958,112
162,7,0,1318,162
78,75,1,12453,78
87,101,1,16752,87
97,147,0,24351,97
127,117,0,19430,127
92,124,0,20552,92
162,164,0,27223,162
75,145,0,23992,75
12,101,0,16666,12
164,159,0,26396,164
32,176,0,29072,32
105,161,0,26681,105
113,192,0,31781,113
87,19,1,3222,87
150,63,0,10551,150
97,163,0,26991,97
138,97,0,16141,138
45,94,1,15552,45
83,179,0,29616,83
48,195,0,32222,48
46,33,0,5488,46
14,140,0,23102,14
28,74,0,12244,28
75,39,0,6502,75
156,37,0,6258,156
75,52,0,8647,75
45,44,0,7302,45
91,170,0,28141,91
130,89,1,14815,130
19,7,0,1188,19
147,56,1,9388,147
29,24,0,3975,29
4,78,0,12878,4
131,122,0,20261,131
40,91,0,15060,40
80,54,0,8990,80
112,4,0,768,112
51,162,0,26780,51
137,102,0,16967,137
77,91,0,15069,77
63,62,0,10305,63
88,118,0,19555,88
129,176,0,29168,129
114,27,0,4562,114
81,142,0,23513,81
91,160,0,26491,91
110,83,0,13814,110
110,179,0,29654,110
36,193,0,31868,36
112,150,0,24858,112
104,120,0,19900,104
127,13,0,2270,127
77,71,0,11769,77
34,166,0,27403,34
157,68,0,11375,157
92,156,1,25832,92
42,45,0,7465,42
128,50,0,8376,128
163,71,0,11877,163
159,64,0,10719,159
12,99,0,16336,12
3,118,0,19480,3
64,36,0,6003,64
135,83,0,13828,135
37,27,0,4476,37
121,20,0,3420,121
112,81,0,13473,112
4,42,0,6938,4
103,202,0,33447,103
153,163,0,27047,153
105,189,0,31301,105
114,185,0,30632,114
120,212,0,35098,120
30,162,0,26757,30
1,22,0,3641,1
145,148,0,24566,145
121,181,0,29985,121
108,19,0,3245,108
140,44,0,7401,140
53,156,0,25792,53
12,92,0,15181,12
91,130,0,21541,91
6,54,0,8926,6
20,184,1,30367,20
112,145,1,24033,112
145,213,0,35291,145
49,37,1,6146,49
153,118,0,19622,153
80,99,0,16415,80
53,78,0,12922,53
135,165,0,27358,135
47,18,0,3019,47
125,43,0,7222,125
103,193,1,31962,103
103,97,0,16122,103
142,175,0,29015,142
33,193,0,31871,33
117,72,0,12001,117
159,184,0,30519,159
16,74,0,12232,16
36,80,0,13223,36
37,78,0,12891,37
3,198,0,32680,3
38,11,0,1844,38
76,7,0,1219,76
57,164,0,27134,57
40,179,0,29580,40
119,90,0,14955,119
4,154,0,25418,4
91,44,0,7351,91
15,122,0,20142,15
81,39,0,6518,81
164,72,1,12041,164
74,120,0,19877,74
120,151,0,25033,120
128,176,0,29166,128
49,29,0,4826,49
96,101,1,16764,96
119,59,0,9840,119
103,212,0,35097,103
127,165,0,27350,127
106,51,0,8518,106
45,208,0,34362,45
121,163,0,27015,121
7,34,0,5610,7
87,125,1,20712,87
159,154,0,25569,159
117,166,0,27511,117
133,124,0,20599,133
118,59,0,9848,118
140,123,0,20436,140
74,160,0,26477,74
91,129,1,21376,91
113,93,0,15446,113
7,181,0,29865,7
0,115,0,18992,0
57,43,0,7169,57
137,98,0,16307,137
34,87,0,14368,34
130,35,1,5905,130
49,186,0,30731,49
149,179,0,29682,149
33,26,0,4316,33
123,104,0,17284,123
139,93,0,15483,139
38,167,0,27584,38
12,130,0,21451,12
152,74,0,12360,152
142,34,0,5750,142
125,122,1,20257,125
47,84,1,13909,47
17,136,0,22458,17
97,48,0,8016,97
149,120,0,19947,149
45,202,1,33372,45
34,195,0,32188,34
130,157,1,26035,130
6,177,0,29221,6
36,53,0,8768,36
38,137,0,22634,38
144,165,0,27370,144
114,104,0,17267,114
156,202,0,33483,156
163,33,0,5607,163
15,157,0,25917,15
136,208,0,34452,136
32,43,0,7127,32
103,20,0,3417,103
26,90,0,14859,26
22,19,0,3138,22
14,72,0,11882,14
30,16,0,2667,30
41,174,1,28756,41
87,16,0,2727,87
40,176,0,29085,40
16,33,0,5467,16
130,120,0,19930,130
157,72,0,12035,157
84,8,0,1406,84
19,159,0,26268,19
162,9,0,1648,162
7,173,0,28545,7
54,96,0,15893,54
133,97,0,16144,133
107,120,0,19909,107
45,71,0,11757,45
7,65,1,10725,7
62,13,0,2218,62
26,9,0,1494,26
83,8,0,1401,83
10,202,0,33360,10
127,75,0,12500,127
112,82,0,13638,112
144,189,1,31330,144
19,85,0,14058,19
41,46,0,7636,41
92,154,0,25502,92
144,128,1,21265,144
7,83,0,13695,7
24,43,0,7132,24
53,192,0,31732,53
53,9,0,1537,53
68,174,0,28778,68
87,99,0,16422,87
152,79,0,13185,152
114,208,0,34427,114
97,215,1,35571,97
32,195,0,32207,32
96,165,0,27324,96
7,128,0,21120,7
16,118,0,19492,16
36,132,0,21803,36
141,116,0,19282,141
37,202,0,33351,37
104,27,0,4555,104
22,62,1,10233,22
131,70,0,11681,131
115,86,0,14294,115
45,84,1,13902,45
28,8,0,1354,28
141,29,0,4927,141
158,75,0,12533,158
135,170,1,28183,135
140,82,0,13671,140
110,146,0,24209,110
45,103,0,17037,45
14,5,0,827,14
17,186,0,30708,17
110,90,0,14969,110
37,58,0,9591,37
106,43,0,7198,106
157,108,0,17975,157
148,7,0,1304,148
79,81,0,13444,79
120,167,1,27673,120
79,166,0,27469,79
10,160,1,26430,10
162,159,0,26398,162
32,130,0,21482,32
133,160,0,26539,133
164,97,0,16166,164
128,166,0,27516,128
75,124,0,20527,75
38,179,0,29564,38
24,85,0,14062,24
62,154,0,25483,62
123,149,0,24709,123
164,176,0,29201,164
138,150,0,24886,138
24,11,0,1852,24
129,117,0,19433,129
5,181,0,29893,5
125,44,0,7387,125
42,181,0,29905,42
108,82,0,13640,108
49,123,0,20336,49
148,120,0,19949,148
68,63,0,10463,68
13,19,0,3174,13
34,4,0,673,34
9,18,0,2994,9
30,75,0,12402,30
98,117,0,19402,98
124,62,0,10352,124
47,181,0,29914,47
123,142,0,23554,123
33,34,0,5636,33
144,49,0,8230,144
51,117,0,19355,51
129,65,0,10853,129
14,216,0,35642,14
98,18,0,3067,98
36,128,0,21143,36
92,190,1,31442,92
112,123,0,20403,112
83,81,0,13446,83
127,123,0,20420,127
77,88,0,14574,77
73,99,0,16404,73
88,178,0,29455,88
85,63,0,10483,85
84,166,1,27476,84
51,37,0,6155,51
38,81,0,13394,38
108,88,0,14630,108
144,32,0,5425,144
12,117,0,19306,12
159,195,0,32334,159
138,149,0,24721,138
144,146,0,24235,144
101,148,0,24526,101
136,100,0,16632,136
158,11,0,1973,158
76,173,0,28609,76
86,96,0,15922,86
31,185,0,30544,31
87,123,0,20382,87
86,201,0,33247,86
127,177,0,29330,127
158,116,0,19298,158
49,175,0,28916,49
79,145,0,24004,79
15,167,1,27567,15
92,1,0,257,92
140,205,0,33966,140
92,122,1,20222,92
81,179,0,29618,81
16,9,0,1507,16
106,59,0,9838,106
14,88,0,14522,14
156,5,0,978,156
106,148,1,24523,106
159,204,0,33819,159
1,123,0,20306,1
0,9,0,1502,0
99,64,0,10658,99
42,129,0,21325,42
20,137,1,22612,20
3,96,0,15850,3
117,151,0,25036,117
0,49,0,8102,0
98,190,0,31447,98
88,123,0,20380,88
115,193,0,31949,115
30,202,0,33357,30
4,46,0,7598,4
20,116,0,19147,20
25,130,0,21486,25
22,184,0,30363,22
127,48,0,8045,127
84,173,1,28631,84
149,156,0,25887,149
140,104,0,17301,140
74,213,0,35222,74
44,46,0,7634,44
138,117,0,19441,138
98,78,0,12967,98
84,170,1,28136,84
8,58,0,9574,8
29,167,0,27570,29
108,119,1,19745,108
97,165,0,27321,97
130,88,0,14650,130
81,215,0,35558,81
96,19,0,3234,96
36,74,0,12233,36
145,104,0,17306,145
117,83,0,13816,117
46,115,0,19018,46
88,119,0,19720,88
37,160,1,26421,37
47,164,0,27109,47
30,137,0,22632,30
128,187,0,30981,128
120,107,1,17773,120
123,162,0,26854,123
79,99,0,16414,79
128,70,0,11676,128
37,190,1,31371,37
81,161,0,26648,81
13,9,0,1524,13
28,215,1,35509,28
88,35,0,5860,88
57,59,0,9809,57
62,199,1,32908,62
74,83,0,13772,74
96,13,0,2244,96
103,125,1,20742,103
15,204,0,33672,15
54,101,0,16718,54
36,123,0,20318,36
24,62,0,10267,24
1,89,0,14696,1
36,130,0,21473,36
28,40,1,6634,28
105,211,1,34931,105
33,70,0,11576,33
78,86,0,14268,78
38,78,0,12899,38
144,154,0,25555,144
123,33,0,5569,123
103,211,1,34932,103
29,126,0,20805,29
141,26,0,4432,141
133,148,1,24559,133
114,130,0,21557,114
108,205,1,33935,108
34,120,0,19813,34
68,45,0,7493,68
139,17,0,2943,139
63,80,0,13275,63
12,148,0,24421,12
16,17,0,2827,16
87,44,0,7347,87
16,117,0,19327,16
113,142,0,23531,113
145,17,0,2951,145
31,145,1,23944,31
156,118,0,19623,156
86,44,0,7342,86
16,25,0,4147,16
139,97,0,16143,139
151,159,0,26389,151
54,137,0,22658,54
78,204,0,33738,78
19,163,0,26928,19
87,120,0,19887,87
159,156,0,25899,159
57,93,0,15419,57
22,150,1,24753,22
41,195,0,32221,41
48,207,0,34202,48
16,81,0,13387,16
99,120,0,19898,99
162,47,0,7918,162
164,116,0,19301,164
1,39,0,6446,1
80,124,1,20540,80
33,28,0,4646,33
73,208,0,34389,73
149,207,0,34302,149
107,172,0,28489,107
157,91,0,15170,157
130,205,1,33955,130
159,187,0,31014,159
123,24,0,4084,123
131,4,1,791,131
141,100,0,16642,141
151,186,0,30844,151
128,216,1,35766,128
144,170,0,28195,144
52,130,0,21501,52
152,32,0,5430,152
19,101,0,16698,19
96,137,1,22704,96
81,189,0,31268,81
150,170,0,28206,150
141,173,0,28687,141
162,91,0,15178,162
6,93,0,15361,6
79,74,0,12289,79
163,70,0,11712,163
6,13,0,2161,6
144,161,0,26710,144
16,28,0,4642,16
34,162,0,26743,34
87,146,1,24177,87
5,72,1,11908,5
104,178,0,29470,104
159,148,0,24579,159
88,93,0,15430,88
151,128,0,21274,151
108,147,0,24365,108
37,79,0,13056,37
115,190,0,31454,115
70,184,1,30430,70
21,142,1,23450,21
44,90,0,14894,44
6,104,0,17176,6
37,5,0,846,37
15,199,1,32847,15
31,29,0,4804,31
140,71,0,11856,140
28,179,0,29569,28
52,107,0,17706,52
164,174,1,28871,164
147,54,0,9058,147
140,115,0,19116,140
51,70,0,11600,51
138,27,0,4591,138
20,132,1,21787,20
148,123,0,20444,148
74,146,0,24167,74
104,202,0,33430,104
38,27,0,4484,38
78,96,0,15918,78
133,145,0,24064,133
124,83,0,13817,124
45,107,0,17697,45
88,28,0,4705,88
44,36,0,5984,44
101,19,0,3241,101
1,143,0,23606,1
42,115,0,19015,42
119,208,0,34425,119
158,173,0,28703,158
153,150,0,24902,153
88,59,0,9820,88
46,92,0,15223,46
75,123,0,20362,75
30,145,0,23952,30
64,143,0,23658,64
138,116,0,19276,138
48,120,0,19847,48
68,19,0,3203,68
73,200,0,33069,73
151,102,0,16984,151
159,137,0,22764,159
53,103,0,17047,53
85,115,0,19063,85
142,197,0,32645,142
76,200,0,33064,76
49,70,0,11591,49
40,136,1,22485,40
62,54,0,8983,62
113,191,0,31616,113
64,149,0,24648,64
136,140,0,23232,136
113,98,0,16271,113
140,130,0,21591,140
162,75,0,12538,162
3,94,1,15520,3
62,87,0,14428,62
1,75,0,12386,1
24,216,0,35677,24
30,178,0,29397,30
137,51,0,8552,137
123,163,0,27019,123
51,181,0,29915,51
142,123,0,20435,142
6,151,0,24931,6
108,186,0,30800,108
47,5,0,874,47
12,19,1,3136,12
8,170,0,28054,8
99,68,0,11318,99
36,142,0,23453,36
107,137,0,22714,107
152,156,0,25890,152
14,170,0,28052,14
34,122,0,20143,34
52,149,0,24636,52
46,62,0,10273,46
135,138,0,22903,135
125,20,0,3427,125
22,7,0,1158,22
52,39,0,6486,52
121,63,0,10515,121
129,198,0,32798,129
32,28,0,4652,32
103,88,0,14637,103
105,83,0,13811,105
140,87,0,14496,140
48,151,0,24962,48
162,174,1,28873,162
13,27,0,4494,13
64,98,0,16233,64
131,167,0,27686,131
28,90,1,14884,28
79,132,0,21859,79
131,28,0,4751,131
141,68,0,11362,141
64,159,0,26298,64
157,151,0,25070,157
36,190,0,31373,36
88,49,1,8170,88
135,22,0,3763,135
49,198,0,32711,49
86,56,1,9322,86
28,56,1,9274,28
30,4,0,687,30
97,26,0,4386,97
52,4,0,711,52
38,79,0,13064,38
141,136,0,22582,141
96,9,0,1584,96
131,66,0,11021,131
136,197,0,32637,136
9,3,0,519,9
64,200,0,33063,64
164,108,0,17981,164
164,192,0,31841,164
99,216,0,35738,99
29,40,0,6615,29
9,96,0,15864,9
152,58,0,9720,152
124,92,0,15302,124
46,48,0,7963,46
86,53,0,8827,86
28,123,0,20329,28
24,215,0,35512,24
148,1,0,314,148
40,156,1,25785,40
147,164,0,27208,147
24,68,0,11257,24
24,117,0,19342,24
27,34,0,5645,27
117,148,1,24541,117
152,150,0,24900,152
21,198,0,32690,21
127,166,0,27515,127
68,166,0,27458,68
40,130,0,21495,40
142,52,0,8720,142
37,41,0,6786,37
79,146,0,24169,79
19,3,0,528,19
29,90,0,14865,29
149,159,0,26382,149
16,4,1,682,16
40,35,1,5820,40
25,174,0,28746,25
8,132,0,21784,8
40,190,0,31395,40
85,161,0,26653,85
84,27,0,4541,84
151,108,0,17974,151
163,29,0,4947,163
96,175,1,28974,96
13,75,1,12414,13
159,172,0,28539,159
51,126,0,20840,51
49,87,0,14396,49
38,195,0,32204,38
86,130,0,21532,86
105,71,0,11831,105
106,174,1,28813,106
163,105,0,17487,163
127,184,0,30485,127
156,142,0,23583,156
92,33,0,5537,92
24,25,0,4162,24
123,22,0,3754,123
27,84,0,13895,27
142,176,0,29180,142
106,17,0,2908,106
156,192,0,31833,156
124,74,0,12332,124
150,191,0,31671,150
81,140,0,23183,81
54,36,0,5993,54
52,202,0,33381,52
96,75,0,12474,96
103,159,0,26352,103
110,89,1,14804,110
156,145,0,24078,156
6,32,0,5296,6
25,213,1,35181,25
121,49,1,8205,121
9,15,0,2499,9
79,211,0,34894,79
128,149,0,24711,128
153,162,0,26882,153
16,24,0,3982,16
106,15,0,2578,106
64,19,0,3198,64
33,14,0,2336,33
5,50,0,8278,5
147,97,0,16153,147
9,40,0,6624,9
142,26,0,4430,142
131,170,1,28181,131
121,59,0,9855,121
151,7,0,1309,151
96,201,0,33264,96
27,18,0,3005,27
36,213,0,35168,36
99,162,0,26828,99
1,136,0,22451,1
87,130,0,21537,87
103,201,0,33282,103
139,71,0,11853,139
64,82,0,13593,64
101,50,0,8356,101
26,115,0,18984,26
147,24,0,4108,147
119,92,0,15285,119
8,45,0,7429,8
32,140,0,23132,32
45,179,0,29577,45
83,213,1,35226,83
103,66,1,11007,103
76,157,0,25969,76
47,90,0,14899,47
159,44,0,7419,159
125,72,0,12007,125
64,184,1,30423,64
96,80,0,13299,96
74,211,1,34892,74
54,70,0,11603,54
86,13,0,2227,86
133,100,0,16639,133
3,27,0,4465,3
149,211,0,34962,149
124,130,0,21572,124
101,1,0,271,101
83,177,1,29286,83
75,102,0,16897,75
110,48,1,8039,110
156,85,0,14178,156
162,143,0,23758,162
163,108,0,17982,163
16,164,0,27082,16
106,72,0,11983,106
133,166,0,27529,133
98,28,0,4717,98
84,78,0,12956,84
63,29,0,4860,63
74,24,0,4037,74
68,46,0,7658,68
75,211,0,34882,75
63,119,0,19710,63
133,56,1,9379,133
44,8,0,1364,44
141,191,0,31657,141
98,202,0,33427,98
76,50,0,8314,76
110,96,0,15959,110
130,104,1,17290,130
78,208,0,34398,78
48,78,0,12917,48
9,113,0,18669,9
156,34,0,5763,156
22,94,0,15513,22
3,48,0,7930,3
7,80,0,13200,7
47,116,0,19189,47
125,82,0,13657,125
157,80,0,13355,157
41,185,0,30571,41
38,101,0,16694,38
156,181,0,30018,156
137,200,0,33137,137
123,82,0,13654,123
63,113,0,18720,63
163,74,0,12372,163
130,13,1,2275,130
40,207,0,34200,40
30,47,0,7782,30
84,28,0,4706,84
113,100,0,16601,113
85,75,1,12463,85
5,197,0,32533,5
149,43,0,7242,149
54,22,0,3683,54
68,184,0,30428,68
123,198,0,32794,123
127,50,0,8375,127
17,128,0,21138,17
54,86,0,14243,54
12,78,0,12871,12
139,137,0,22743,139
20,108,0,17827,20
91,22,0,3721,91
117,164,0,27181,117
85,48,0,8008,85
68,193,1,31913,68
84,145,1,24011,84
123,85,0,14149,123
142,40,1,6740,142
164,83,0,13856,164
118,42,0,7043,118
33,89,0,14711,33
120,92,0,15298,120
87,7,0,1242,87
30,108,0,17847,30
9,179,0,29559,9
128,160,0,26526,128
31,32,0,5299,31
151,58,0,9724,151
117,204,0,33781,117
24,14,0,2347,24
3,65,0,10735,3
120,91,0,15133,120
106,90,0,14953,106
130,179,0,29665,130
121,207,0,34275,121
64,132,1,21843,64
138,185,0,30661,138
7,8,0,1320,7
107,115,0,19084,107
91,28,0,4711,91
108,184,1,30470,108
9,147,0,24279,9
21,27,0,4475,21
45,46,0,7632,45
136,149,0,24717,136
163,161,0,26727,163
64,142,0,23493,64
120,190,1,31468,120
53,147,1,24307,53
21,162,0,26750,21
47,207,0,34204,47
25,83,0,13731,25
135,20,0,3433,135
84,181,0,29951,84
24,37,0,6142,24
24,132,1,21817,24
92,83,0,13787,92
108,201,0,33275,108
81,15,0,2558,81
12,48,0,7921,12
73,47,1,7824,73
30,142,0,23457,30
164,212,0,35141,164
26,122,1,20139,26
14,167,0,27557,14
20,125,0,20632,20
156,28,0,4773,156
133,19,0,3274,133
6,68,0,11236,6
38,93,0,15374,38
8,116,0,19144,8
149,117,0,19452,149
86,24,0,4042,86
118,187,1,30968,118
70,113,0,18715,70
14,173,0,28547,14
28,208,0,34354,28
153,107,0,17807,153
136,49,0,8217,136
32,39,0,6467,32
105,147,0,24371,105
36,46,0,7613,36
127,124,0,20585,127
45,163,0,26937,45
149,89,0,14832,149
80,58,0,9650,80
98,97,1,16102,98
75,81,0,13432,75
88,142,1,23515,88
85,74,0,12298,85
8,14,0,2314,8
30,11,0,1842,30
152,53,0,8895,152
97,58,0,9666,97
99,83,0,13793,99
153,181,0,30017,153
64,192,0,31743,64
16,145,0,23947,16
159,143,0,23754,159
28,202,1,33364,28
113,8,0,1421,113
147,94,0,15658,147
123,1,0,289,123
108,99,0,16445,108
145,50,0,8396,145
97,148,0,24516,97
164,200,0,33161,164
34,107,0,17668,34
37,91,0,15036,37
87,150,0,24837,87
151,78,0,13024,151
139,99,0,16473,139
49,204,0,33701,49
123,215,0,35599,123
152,36,0,6090,152
110,7,0,1274,110
158,72,1,12038,158
148,199,1,32984,148
141,176,0,29182,141
125,1,0,292,125
135,104,0,17293,135
79,15,0,2554,79
144,205,0,33970,144
113,129,0,21386,113
150,93,0,15501,150
13,208,1,34359,13
121,19,1,3255,121
150,50,0,8406,150
83,108,0,17901,83
41,89,1,14731,41
115,82,0,13634,115
22,82,0,13533,22
156,4,0,813,156
153,173,0,28697,153
45,118,0,19512,45
17,105,0,17343,17
4,85,1,14033,4
31,136,0,22459,31
20,14,0,2317,20
86,211,1,34897,86
6,202,0,33346,6
98,164,0,27157,98
31,88,0,14539,31
124,80,0,13322,124
29,174,1,28725,29
27,62,1,10265,27
42,1,0,205,42
97,175,1,28971,97
118,125,1,20738,118
114,35,1,5882,114
152,175,0,29025,152
77,120,0,19854,77
0,192,0,31697,0
25,8,0,1356,25
99,18,0,3068,99
40,154,0,25455,40
107,78,0,12979,107
91,181,0,29956,91
63,136,0,22515,63
16,19,0,3157,16
139,179,0,29673,139
47,212,0,35029,47
114,187,1,30962,114
37,200,0,33021,37
145,59,0,9881,145
48,79,0,13082,48
0,25,0,4142,0
147,19,0,3283,147
118,97,1,16118,118
99,1,0,263,99
130,48,1,8050,130
117,34,0,5731,117
138,208,0,34456,138
8,195,0,32179,8
64,113,0,18708,64
75,79,0,13102,75
106,125,0,20728,106
10,50,0,8280,10
138,176,0,29176,138
138,94,0,15646,138
24,19,0,3172,24
103,197,0,32622,103
14,137,0,22607,14
148,192,0,31829,148
0,35,0,5792,0
87,54,0,8997,87
49,13,0,2186,49
123,193,1,31969,123
16,205,0,33847,16
84,82,0,13616,84
80,45,0,7505,80
156,115,0,19128,156
26,193,1,31854,26
107,199,1,32944,107
28,119,0,19669,28
127,8,0,1445,127
54,145,0,23978,54
162,181,0,30028,162
70,44,0,7330,70
139,47,0,7893,139
45,64,0,10602,45
156,63,0,10548,156
27,104,0,17195,27
5,89,0,14713,5
80,103,0,17075,80
106,32,0,5383,106
142,132,0,21920,142
159,140,0,23259,159
140,174,1,28851,140
33,101,0,16691,33
76,41,0,6829,76
138,8,0,1456,138
121,115,0,19095,121
10,40,1,6630,10
34,99,0,16348,34
106,84,0,13963,106
163,195,0,32337,163
53,97,0,16057,53
158,107,0,17813,158
113,118,0,19571,113
80,142,0,23510,80
27,122,0,20165,27
147,132,1,21928,147
151,150,0,24904,151
12,70,0,11551,12
92,82,0,13622,92
142,7,0,1295,142
63,56,0,9315,63
142,181,0,30005,142
81,19,0,3218,81
106,3,0,598,106
145,103,1,17141,145
17,104,0,17178,17
135,64,0,10693,135
144,72,0,12025,144
63,211,0,34890,63
138,18,0,3106,138
29,26,0,4305,29
6,186,0,30706,6
12,64,0,10561,12
73,14,0,2379,73
159,25,0,4284,159
53,54,0,8962,53
36,89,0,14708,36
46,41,0,6808,46
53,124,0,20512,53
62,101,0,16738,62
141,162,0,26872,141
47,80,0,13249,47
145,42,1,7076,145
42,138,0,22810,42
130,40,1,6730,130
77,142,0,23484,77
115,36,0,6044,115
27,185,0,30560,27
99,28,0,4718,99
77,148,0,24474,77
133,104,0,17299,133
57,215,0,35549,57
79,104,0,17239,79
129,62,0,10358,129
20,199,1,32842,20
51,151,0,24965,51
5,19,0,3163,5
34,75,0,12388,34
1,197,0,32516,1
145,100,0,16646,145
14,115,0,18977,14
36,22,0,3653,36
123,161,0,26689,123
73,68,0,11289,73
19,150,0,24783,19
125,78,0,12997,125
153,175,0,29027,153
80,174,1,28790,80
70,170,0,28120,70
113,154,0,25511,113
34,36,0,5953,34
30,36,0,5967,30
149,147,0,24402,149
1,24,0,3971,1
10,173,1,28575,10
97,137,1,22701,97
110,36,0,6059,110
108,65,1,10835,108
70,124,0,20530,70
130,15,0,2605,130
164,13,0,2306,164
150,49,1,8241,150
133,17,0,2944,133
30,197,0,32532,30
5,53,0,8773,5
162,163,0,27058,162
104,124,0,20560,104
45,161,0,26607,45
7,212,0,34980,7
26,86,0,14199,26
79,170,0,28129,79
91,15,0,2566,91
88,7,0,1240,88
57,179,0,29609,57
3,49,0,8095,3
14,18,0,2972,14
44,165,0,27269,44
0,58,0,9587,0
40,167,0,27600,40
70,148,0,24490,70
104,211,1,34915,104
125,208,0,34447,125
108,16,0,2750,108
118,16,1,2753,118
128,150,0,24876,128
131,215,1,35606,131
140,160,0,26541,140
148,165,0,27374,148
19,197,0,32538,19
6,132,0,21796,6
147,177,0,29353,147
137,4,0,797,137
159,96,0,15999,159
16,27,1,4477,16
84,75,1,12461,84
85,102,0,16918,85
127,105,0,17450,127
8,187,0,30859,8
54,197,0,32558,54
142,204,0,33800,142
52,8,0,1371,52
156,125,0,20778,156
10,78,0,12900,10
112,19,0,3243,112
45,63,0,10437,45
121,88,0,14640,121
41,140,0,23146,41
30,215,0,35502,30
73,98,0,16239,73
103,102,0,16947,103
141,53,0,8887,141
86,41,0,6847,86
83,97,0,16086,83
148,85,0,14174,148
9,72,0,11904,9
145,93,0,15491,145
27,186,0,30725,27
46,71,0,11758,46
33,103,0,17021,33
142,99,1,16475,142
75,130,0,21517,75
46,200,0,33043,46
0,175,0,28892,0
16,48,0,7942,16
13,47,1,7794,13
22,58,1,9573,22
158,128,0,21278,158
49,150,0,24791,49
97,146,1,24186,97
131,24,0,4091,131
48,211,1,34862,48
151,16,0,2794,151
125,186,0,30817,125
118,15,0,2588,118
103,37,0,6222,103
149,204,0,33807,149
86,66,0,10972,86
145,24,0,4106,145
20,124,0,20467,20
163,91,0,15177,163
42,17,0,2845,42
9,186,0,30714,9
152,148,0,24570,152
22,122,1,20133,22
47,147,1,24304,47
34,19,0,3148,34
38,118,0,19499,38
21,177,1,29225,21
22,100,0,16503,22
10,184,1,30390,10
87,197,0,32592,87
114,181,0,29972,114
121,96,0,15960,121
119,28,0,4725,119
4,9,0,1493,4
164,125,1,20786,164
104,191,0,31615,104
17,200,0,33018,17
133,45,0,7564,133
30,200,0,33027,30
133,213,1,35284,133
150,84,1,14016,150
25,193,1,31881,25
138,5,0,961,138
118,79,0,13148,118
153,140,0,23252,153
63,123,0,20370,63
37,19,0,3156,37
14,108,0,17822,14
15,75,0,12387,15
131,79,0,13166,131
51,202,0,33380,51
33,53,1,8771,33
112,51,0,8523,112
158,199,1,32993,158
141,22,0,3772,141
48,173,0,28592,48
34,116,0,19153,34
142,13,0,2285,142
12,74,0,12211,12
27,89,1,14720,27
148,81,0,13514,148
153,79,0,13187,153
105,116,0,19256,105
120,68,0,11338,120
44,51,0,8459,44
85,178,0,29458,85
99,174,1,28808,99
86,47,0,7837,86
133,41,0,6904,133
74,178,0,29447,74
5,207,0,34183,5
68,204,0,33728,68
127,120,0,19925,127
110,151,0,25034,110
108,32,0,5390,108
36,124,0,20483,36
92,174,1,28802,92
26,113,0,18654,26
99,91,0,15113,99
8,197,0,32509,8
7,24,0,3960,7
5,7,0,1183,5
91,143,0,23686,91
103,108,0,17937,103
98,62,0,10327,98
4,176,0,29048,4
45,89,0,14727,45
54,34,0,5663,54
101,113,0,18751,101
0,160,1,26417,0
97,44,0,7356,97
83,197,1,32586,83
78,119,0,19713,78
31,54,0,8929,31
120,126,0,20908,120
17,116,0,19158,17
136,1,0,297,136
135,212,0,35113,135
85,175,1,28963,85
83,117,0,19386,83
76,132,1,21844,76
106,160,0,26503,106
28,211,1,34849,28
74,177,1,29282,74
129,197,0,32633,129
137,22,0,3767,137
149,13,0,2292,149
158,160,1,26558,158
83,32,0,5361,83
38,72,0,11909,38
21,102,0,16850,21
9,52,0,8604,9
15,16,0,2652,15
141,74,0,12352,141
163,199,1,32997,163
33,162,0,26756,33
163,186,0,30852,163
57,137,0,22679,57
51,216,0,35690,51
141,52,0,8722,141
14,14,0,2312,14
158,189,1,31343,158
19,212,0,35013,19
68,97,0,16073,68
96,176,0,29139,96
113,104,0,17261,113
54,119,0,19688,54
142,193,1,31985,142
20,157,1,25912,20
162,42,0,7093,162
31,137,0,22624,31
147,200,0,33148,147
156,200,0,33153,156
136,28,0,4752,136
158,212,0,35138,158
150,19,0,3291,150
24,130,0,21487,24
130,107,1,17785,130
36,93,0,15368,36
153,123,0,20447,153
24,50,0,8287,24
147,163,0,27043,147
139,138,0,22908,139
20,40,1,6607,20
81,181,0,29948,81
49,184,1,30401,49
6,172,0,28396,6
6,103,0,17011,6
156,62,0,10383,156
141,66,0,11032,141
6,154,0,25426,6
127,148,0,24545,127
119,216,1,35745,119
24,96,0,15877,24
48,212,1,35027,48
46,138,0,22813,46
133,207,0,34294,133
159,93,0,15504,159
8,51,0,8419,8
81,24,0,4043,81
131,27,0,4586,131
57,107,0,17729,57
25,34,0,5646,25
103,170,1,28167,103
47,66,1,10939,47
84,56,0,9326,84
113,84,0,13961,113
162,197,0,32668,162
54,104,0,17213,54
113,13,1,2246,113
149,93,0,15492,149
96,90,0,14949,96
6,86,0,14206,6
37,101,0,16686,37
62,49,0,8158,62
3,33,0,5455,3
42,105,0,17365,42
141,166,0,27532,141
68,68,0,11288,68
104,83,0,13795,104
149,7,0,1302,149
74,151,0,24992,74
148,175,0,29024,148
22,181,0,29868,22
40,1,1,210,40
13,70,0,11589,13
118,197,0,32618,118
106,117,0,19408,106
47,120,0,19849,47
98,178,0,29467,98
14,136,0,22442,14
30,64,0,10587,30
63,187,0,30930,63
136,20,0,3432,136
130,66,1,11020,130
140,11,0,1956,140
3,164,0,27070,3
148,162,1,26879,148
119,15,0,2580,119
80,68,0,11300,80
115,150,0,24854,115
7,195,0,32175,7
107,150,0,24859,107
77,35,0,5829,77
104,3,1,595,104
164,191,0,31676,164
77,149,0,24639,77
7,120,0,19800,7
64,164,1,27123,64
13,17,0,2844,13
26,27,0,4464,26
70,37,0,6175,70
118,151,0,25028,118
12,47,1,7756,12
79,3,0,574,79
49,47,1,7796,49
34,46,0,7603,34
115,56,0,9344,115
105,16,0,2756,105
25,154,0,25446,25
115,113,0,18749,115
75,9,0,1552,75
158,53,0,8903,158
42,103,0,17035,42
30,59,0,9762,30
44,172,0,28424,44
133,39,0,6574,133
162,99,0,16498,162
0,113,0,18662,0
13,18,0,3009,13
53,120,0,19852,53
14,29,0,4787,14
10,163,0,26925,10
104,82,0,13630,104
36,204,0,33683,36
38,157,0,25934,38
29,8,0,1335,29
96,41,0,6864,96
70,213,0,35215,70
16,15,0,2497,16
101,78,0,12976,101
25,86,0,14226,25
37,84,0,13881,37
124,58,0,9692,124
75,170,0,28117,75
6,179,0,29551,6
152,174,1,28860,152
110,99,0,16454,110
17,174,1,28728,17
127,200,0,33125,127
10,63,0,10425,10
5,129,0,21313,5
141,82,0,13672,141
81,212,0,35063,81
16,195,1,32197,16
76,16,0,2704,76
6,16,0,2656,6
80,96,0,15920,80
84,7,0,1241,84
149,199,0,32982,149
118,192,0,31793,118
20,91,0,15022,20
15,103,0,17007,15
110,105,1,17444,110
22,200,0,33003,22
31,3,1,514,31
21,174,0,28730,21
14,213,0,35147,14
8,93,0,15349,8
144,54,0,9055,144
74,3,1,572,74
130,98,0,16300,130
54,143,0,23648,54
138,138,0,22906,138
29,125,0,20640,29
9,216,0,35664,9
131,202,0,33461,131
46,17,0,2848,46
144,84,0,14005,144
46,105,0,17368,46
48,9,0,1532,48
4,20,0,3308,4
68,24,0,4028,68
4,211,0,34823,4
47,103,1,17044,47
68,8,0,1388,68
44,126,0,20834,44
114,163,0,27002,114
78,98,0,16248,78
52,37,0,6156,52
163,3,0,657,163
103,204,0,33777,103
142,201,0,33305,142
137,37,0,6242,137
84,93,0,15431,84
119,146,0,24195,119
86,83,0,13777,86
136,14,1,2442,136
26,13,0,2154,26
78,58,0,9648,78
52,11,0,1866,52
48,17,0,2852,48
149,81,0,13512,149
117,150,0,24871,117
107,149,0,24694,107
127,101,0,16790,127
27,145,1,23960,27
108,100,0,16610,108
16,82,1,13552,16
16,72,0,11902,16
151,81,0,13519,151
78,50,0,8328,78
158,39,0,6593,158
57,45,0,7499,57
27,140,1,23135,27
101,150,0,24856,101
64,62,0,10293,64
33,82,0,13556,33
138,179,0,29671,138
49,83,0,13736,49
57,125,0,20699,57
19,207,0,34188,19
162,147,0,24418,162
38,66,0,10919,38
85,89,1,14773,85
12,87,0,14356,12
164,129,0,21446,164
149,24,0,4107,149
19,145,0,23958,19
78,128,0,21198,78
4,11,0,1823,4
158,36,0,6098,158
130,201,1,33295,130
9,120,0,19824,9
36,14,0,2333,36
63,98,0,16245,63
17,34,0,5628,17
51,123,0,20345,51
159,11,0,1974,159
7,49,0,8085,7
75,47,0,7822,75
4,48,0,7928,4
48,147,0,24302,48
44,128,0,21164,44
150,24,0,4116,150
21,28,0,4640,21
41,113,0,18691,41
158,120,0,19958,158
123,17,0,2929,123
37,20,0,3321,37
26,43,0,7104,26
42,212,0,35020,42
124,1,0,287,124
30,29,0,4812,30
92,195,0,32267,92
135,118,1,19603,135
51,97,0,16055,51
19,45,0,7458,19
105,98,1,16286,105
41,27,0,4501,41
91,190,1,31441,91
40,181,0,29910,40
30,65,0,10752,30
92,84,1,13952,92
128,26,0,4416,128
148,132,0,21929,148
79,90,0,14929,79
28,204,0,33694,28
70,115,0,19045,70
91,5,0,916,91
76,27,0,4519,76
53,204,0,33712,53
101,43,0,7201,101
48,148,0,24467,48
163,154,0,25572,163
0,53,0,8762,0
138,107,0,17791,138
5,45,0,7453,5
80,207,0,34235,80
140,184,0,30501,140
40,191,0,31560,40
30,51,0,8442,30
70,132,0,21850,70
10,123,0,20325,10
162,175,0,29038,162
62,162,0,26803,62
28,86,0,14224,28
46,192,0,31723,46
117,1,0,286,117
92,130,0,21542,92
5,150,0,24778,5
164,199,1,32996,164
53,84,1,13912,53
87,45,0,7512,87
144,102,0,16975,144
1,64,0,10571,1
159,28,0,4779,159
14,84,0,13862,14
76,195,0,32239,76
79,108,0,17899,79
22,132,0,21783,22
140,1,0,306,140
79,56,0,9319,79
156,53,0,8898,156
15,79,0,13047,15
157,24,0,4115,157
163,78,0,13032,163
127,164,0,27185,127
97,212,1,35076,97
37,82,0,13551,37
113,88,0,14621,113
80,22,0,3710,80
117,29,0,4906,117
107,208,0,34429,107
32,147,0,24287,32
142,200,0,33140,142
63,118,0,19545,63
40,88,0,14565,40
27,37,0,6140,27
68,129,0,21353,68
130,14,1,2440,130
81,193,0,31928,81
20,89,1,14692,20
156,199,1,32988,156
42,96,0,15880,42
40,186,0,30735,40
5,108,0,17848,5
144,118,0,19615,144
98,5,0,922,98
138,108,0,17956,138
53,8,0,1372,53
15,118,1,19482,15
101,102,0,16936,101
128,138,0,22896,128
88,64,0,10645,88
113,156,0,25841,113
129,175,1,29003,129
149,74,0,12357,149
153,63,0,10547,153
148,173,0,28694,148
115,197,0,32609,115
74,163,0,26972,74
40,79,0,13080,40
19,124,0,20493,19
128,191,0,31641,128
103,164,0,27177,103
29,137,0,22620,29
44,92,0,15224,44
124,179,0,29657,124
142,130,1,21590,142
157,25,0,4280,157
124,116,0,19262,124
75,66,0,10957,75
98,100,0,16597,98
20,130,0,21457,20
78,200,0,33078,78
87,32,0,5367,87
125,41,0,6892,125
79,192,0,31759,79
136,85,0,14157,136
4,160,0,26408,4
79,163,0,26974,79
46,108,0,17863,46
86,28,0,4702,86
85,116,0,19228,85
123,94,0,15634,123
27,213,1,35180,27
131,40,1,6731,131
128,108,0,17946,128
163,200,0,33162,163
119,154,0,25515,119
53,14,0,2362,53
140,33,0,5586,140
101,128,0,21226,101
148,89,0,14834,148
101,22,0,3736,101
131,8,0,1451,131
10,90,1,14880,10
12,34,0,5611,12
106,14,0,2413,106
27,166,1,27425,27
113,58,0,9671,113
91,26,0,4381,91
118,4,0,773,118
158,166,0,27548,158
99,195,0,32273,99
117,46,0,7711,117
125,99,0,16462,125
87,212,0,35067,87
8,200,0,33004,8
80,11,0,1895,80
15,192,0,31692,15
101,105,0,17431,101
7,66,0,10890,7
140,199,0,32976,140
53,18,0,3022,53
64,70,0,11613,64
159,103,0,17154,159
42,198,0,32710,42
14,198,0,32672,14
26,93,0,15354,26
63,17,0,2880,63
129,164,1,27188,129
92,29,0,4877,92
138,62,0,10366,138
5,90,0,14878,5
162,202,0,33493,162
125,19,0,3262,125
128,5,0,951,128
8,83,0,13699,8
81,216,0,35723,81
24,99,0,16372,24
125,212,0,35107,125
7,138,0,22770,7
140,79,0,13176,140
121,149,0,24705,121
81,207,0,34238,81
152,201,0,33315,152
30,143,0,23622,30
159,1,0,324,159
88,105,0,17410,88
44,20,0,3344,44
127,100,0,16625,127
96,122,1,20229,96
108,101,0,16775,108
133,94,0,15649,133
138,15,0,2611,138
104,201,1,33265,104
91,91,0,15106,91
96,140,0,23199,96
151,45,0,7579,151
5,120,0,19828,5
17,15,0,2493,17
98,124,0,20557,98
29,44,0,7275,29
38,36,0,5969,38
121,44,0,7380,121
33,178,0,29396,33
15,185,0,30537,15
105,17,0,2921,105
79,54,0,8989,79
48,19,0,3182,48
79,92,0,15259,79
115,24,0,4064,115
148,36,0,6089,148
5,184,1,30388,5
49,137,0,22646,49
13,15,0,2514,13
133,187,0,30994,133
128,82,0,13656,128
112,18,0,3078,112
113,181,0,29966,113
22,145,0,23928,22
152,92,0,15330,152
115,186,0,30794,115
80,190,1,31430,80
27,48,0,7955,27
7,190,0,31350,7
84,64,0,10646,84
16,126,0,20812,16
142,28,0,4760,142
32,211,1,34847,32
0,71,0,11732,0
33,200,0,33026,33
54,72,0,11933,54
29,46,0,7605,29
135,208,0,34453,135
138,70,0,11686,138
91,173,0,28636,91
33,24,0,3986,33
42,184,0,30400,42
130,164,0,27190,130
37,100,0,16521,37
36,116,0,19163,36
121,89,1,14805,121
29,94,0,15525,29
27,113,1,18680,27
135,9,0,1618,135
45,113,0,18687,45
26,88,0,14529,26
152,34,0,5760,152
107,154,0,25519,107
64,170,0,28113,64
54,122,0,20183,54
16,68,1,11242,16
97,8,0,1416,97
150,39,1,6591,150
7,14,0,2310,7
41,18,0,3016,41
75,96,0,15907,75
127,36,0,6065,127
74,93,0,15422,74
88,202,1,33415,88
1,41,0,6776,1
19,72,0,11913,19
162,49,0,8248,162
103,142,0,23547,103
119,138,0,22875,119
147,92,0,15328,147
13,116,0,19179,13
113,202,1,33431,113
83,36,1,6021,83
105,104,0,17276,105
114,176,0,29147,114
129,42,0,7058,129
131,41,0,6896,131
156,88,0,14673,156
75,108,0,17887,75
28,150,0,24784,28
25,74,0,12246,25
33,88,0,14546,33
163,211,0,34977,163
99,44,0,7358,99
104,64,0,10660,104
101,173,0,28651,101
4,178,0,29378,4
83,16,0,2721,83
110,75,0,12494,110
131,159,0,26366,131
44,7,0,1199,44
108,105,0,17435,108
6,91,0,15031,6
129,24,0,4088,129
152,7,0,1305,152
125,27,0,4582,125
145,18,0,3116,145
124,186,0,30812,124
128,33,0,5571,128
41,75,1,12421,41
79,52,0,8659,79
103,191,0,31632,103
144,83,0,13840,144
140,100,0,16641,140
57,92,0,15254,57
28,128,1,21154,28
124,178,0,29492,124
48,157,0,25952,48
91,193,1,31936,91
114,28,0,4727,114
129,129,1,21413,129
78,154,0,25488,78
77,18,0,3024,77
28,116,0,19174,28
128,199,1,32961,128
37,75,0,12396,37
70,11,0,1885,70
121,211,1,34935,121
15,178,0,29382,15
128,137,0,22731,128
0,137,0,22622,0
1,176,0,29051,1
162,83,0,13858,162
48,185,0,30572,48
45,115,0,19017,45
99,22,0,3728,99
4,64,0,10568,4
6,80,0,13216,6
9,146,0,24114,9
1,184,0,30371,1
52,89,0,14736,52
156,83,0,13848,156
104,204,0,33760,104
76,92,0,15244,76
79,64,0,10639,79
81,86,0,14273,81
150,190,0,31506,150
108,33,0,5555,108
7,18,0,2970,7
148,103,0,17144,148
30,96,0,15867,30
1,51,0,8426,1
99,82,0,13628,99
86,78,0,12952,86
84,212,0,35066,84
38,96,0,15869,38
128,104,0,17286,128
129,101,1,16793,129
108,70,0,11660,108
6,35,1,5791,6
30,35,0,5802,30
47,8,0,1369,47
37,26,1,4311,37
78,43,0,7173,78
37,105,1,17346,37
34,163,0,26908,34
133,107,0,17794,133
92,47,1,7847,92
10,115,0,19005,10
119,80,0,13305,119
44,140,0,23144,44
108,207,1,34265,108
104,175,1,28975,104
41,39,1,6481,41
79,193,0,31924,79
97,43,0,7191,97
41,173,1,28591,41
105,132,0,21896,105
156,48,0,8073,156
44,27,0,4499,44
148,145,0,24074,148
28,172,0,28414,28
62,148,0,24493,62
148,64,0,10709,148
53,42,1,6982,53
103,126,0,20907,103
31,101,0,16684,31
5,86,0,14218,5
120,215,1,35593,120
7,71,0,11715,7
41,118,1,19516,41
19,105,0,17358,19
104,65,1,10825,104
45,26,0,4332,45
141,56,1,9382,141
10,191,0,31545,10
151,11,0,1969,151
86,48,0,8002,86
106,54,0,9013,106
5,101,1,16693,5
119,124,0,20565,119
32,207,0,34187,32
107,81,0,13474,107
92,5,0,917,92
98,47,1,7852,98
6,160,0,26416,6
158,142,0,23588,158
137,117,0,19442,137
1,83,0,13706,1
38,138,0,22799,38
13,117,0,19344,13
91,200,0,33091,91
77,115,0,19029,77
3,159,0,26245,3
144,198,0,32815,144
127,84,0,13985,127
80,119,0,19715,80
153,213,0,35297,153
74,56,1,9317,74
49,59,0,9776,49
14,96,0,15842,14
62,58,0,9643,62
52,66,0,10941,52
118,91,0,15128,118
107,20,0,3409,107
103,71,0,11832,103
148,198,0,32819,148
68,200,0,33068,68
29,99,0,16350,29
125,4,1,787,125
117,191,0,31636,117
104,93,0,15445,104
158,78,0,13028,158
78,72,1,11958,78
101,212,0,35086,101
1,81,0,13376,1
81,185,0,30608,81
162,39,0,6598,162
92,117,0,19397,92
141,78,0,13012,141
51,199,1,32885,51
115,151,0,25019,115
74,185,1,30602,74
144,46,0,7735,144
149,166,0,27537,149
123,54,0,9034,123
105,88,0,14636,105
108,213,0,35255,108
78,116,0,19218,78
106,149,0,24688,106
62,91,0,15088,62
99,40,1,6698,99
99,72,0,11978,99
128,89,1,14811,128
159,92,0,15339,159
46,159,0,26278,46
68,36,0,6008,68
33,136,0,22466,33
21,176,0,29060,21
125,185,0,30652,125
136,90,0,14982,136
123,39,0,6559,123
13,215,0,35514,13
91,8,0,1411,91
73,11,0,1884,73
64,97,0,16068,64
20,179,0,29542,20
44,119,0,19679,44
80,49,0,8165,80
113,81,0,13466,113
112,197,0,32613,112
36,122,0,20153,36
22,172,1,28383,22
140,4,0,801,140
38,8,0,1349,38
80,35,0,5855,80
22,177,1,29208,22
78,108,0,17898,78
117,4,0,781,117
45,90,0,14892,45
120,173,1,28663,120
54,148,0,24473,54
83,70,0,11631,83
38,91,0,15044,38
164,126,0,20951,164
162,50,0,8413,162
127,26,0,4415,127
42,7,0,1195,42
32,56,1,9272,32
110,147,0,24374,110
84,138,0,22856,84
25,80,0,13236,25
157,32,0,5435,157
156,51,0,8568,156
41,197,0,32551,41
119,187,1,30960,119
151,93,0,15499,151
22,212,1,34983,22
114,148,0,24527,114
73,91,0,15084,73
145,19,0,3281,145
47,117,0,19354,47
162,161,0,26728,162
10,1,0,195,10
40,86,0,14235,40
84,33,0,5531,84
68,50,0,8318,68
36,205,0,33848,36
32,138,0,22802,32
77,7,0,1209,77
5,49,1,8113,5
101,163,0,27001,101
129,34,0,5738,129
159,48,0,8079,159
131,51,0,8546,131
68,128,0,21188,68
47,105,0,17374,47
150,80,0,13356,150
150,34,0,5766,150
30,164,0,27087,30
32,83,0,13727,32
0,37,0,6122,0
87,104,0,17247,87
106,207,0,34258,106
36,39,0,6458,36
98,89,1,14782,98
13,193,0,31884,13
162,40,0,6763,162
7,81,0,13365,7
128,163,0,27021,128
128,105,0,17451,128
76,143,0,23659,76
4,91,0,15023,4
53,154,0,25462,53
106,184,0,30463,106
97,174,1,28806,97
48,58,0,9617,48
140,39,0,6576,140
1,90,0,14861,1
31,179,0,29554,31
33,115,0,19001,33
152,120,0,19950,152
138,56,0,9376,138
141,117,0,19447,141
103,132,0,21897,103
12,164,0,27061,12
121,199,1,32955,121
36,78,0,12893,36
107,26,0,4399,107
31,47,1,7774,31
92,142,0,23522,92
3,84,0,13870,3
13,11,0,1854,13
21,191,0,31535,21
25,145,0,23961,25
64,53,1,8808,64
128,204,0,33786,128
37,25,1,4146,37
150,179,0,29691,150
86,4,0,742,86
87,126,0,20877,87
107,160,0,26509,107
104,177,1,29305,104
70,136,0,22510,70
49,101,1,16706,49
16,49,0,8107,16
104,216,0,35740,104
125,132,0,21907,125
40,99,0,16380,40
136,173,0,28677,136
20,143,1,23602,20
81,81,0,13448,81
10,185,0,30555,10
74,190,1,31427,74
78,115,0,19053,78
77,17,0,2859,77
40,25,1,4170,40
4,28,0,4628,4
13,162,0,26769,13
129,122,1,20258,129
5,157,0,25933,5
113,79,0,13136,113
118,195,0,32288,118
123,195,0,32299,123
30,91,0,15042,30
159,107,0,17814,159
5,175,0,28903,5
48,117,0,19352,48
118,85,0,14138,118
130,175,1,29005,130
30,33,0,5472,30
29,13,0,2160,29
139,161,0,26703,139
41,147,0,24301,41
25,62,0,10266,25
159,32,0,5439,159
139,43,0,7233,139
33,78,0,12896,33
163,177,0,29367,163
28,125,1,20659,28
6,165,1,27241,6
99,159,0,26333,99
36,146,0,24113,36
12,170,0,28051,12
85,101,1,16753,85
139,1,0,303,139
140,47,1,7896,140
4,19,0,3143,4
53,80,0,13252,53
135,116,0,19273,135
78,26,0,4368,78
25,197,0,32541,25
40,44,0,7305,40
4,15,0,2483,4
138,54,0,9046,138
44,43,0,7139,44
54,54,0,8963,54
37,170,0,28071,37
127,54,0,9035,127
105,44,0,7376,105
41,8,0,1366,41
26,192,0,31689,26
92,177,0,29297,92
152,160,0,26550,152
98,34,0,5707,98
42,177,0,29245,42
99,115,0,19073,99
131,108,0,17951,131
103,87,0,14472,103
101,62,0,10336,101
84,122,1,20216,84
145,154,0,25556,145
57,70,0,11624,57
22,83,0,13698,22
104,15,0,2575,104
68,82,0,13598,68
135,86,0,14323,135
84,50,1,8336,84
73,181,0,29934,73
114,68,0,11327,114
38,197,0,32534,38
123,93,0,15469,123
120,98,0,16288,120
46,99,0,16378,46
24,82,0,13567,24
75,179,0,29602,75
137,35,1,5912,137
97,204,0,33756,97
148,204,0,33809,148
130,174,1,28840,130
153,191,0,31667,153
81,64,0,10643,81
156,50,0,8403,156
25,184,0,30396,25
76,193,1,31909,76
19,104,0,17193,19
87,172,0,28467,87
42,159,0,26275,42
103,103,0,17112,103
13,53,1,8784,13
46,97,0,16048,46
131,197,0,32636,131
1,3,0,506,1
138,181,1,30001,138
164,107,0,17816,164
151,120,0,19954,151
12,137,1,22606,12
34,201,0,33178,34
52,48,0,7971,52
125,5,0,952,125
142,216,1,35780,142
87,151,0,25002,87
44,129,1,21329,44
150,45,0,7581,150
46,59,0,9778,46
76,5,0,889,76
128,63,0,10521,128
119,119,0,19740,119
106,1,0,268,106
68,199,0,32903,68
47,40,1,6649,47
13,146,0,24129,13
96,8,0,1419,96
0,123,0,20312,0
7,176,0,29040,7
26,49,0,8094,26
127,87,0,14480,127
30,49,0,8112,30
130,51,0,8545,130
10,18,0,3000,10
46,89,1,14728,46
62,79,0,13108,62
16,125,0,20647,16
151,142,0,23584,151
86,215,0,35557,86
33,44,0,7286,33
40,50,0,8295,40
51,207,0,34205,51
84,126,0,20876,84
38,202,1,33359,38
73,87,1,14424,73
124,173,1,28667,124
5,79,0,13063,5
30,132,1,21807,30
15,119,0,19647,15
131,89,1,14816,131
83,176,0,29121,83
52,35,0,5826,52
80,181,0,29945,80
117,24,0,4081,117
5,11,0,1843,5
125,136,0,22567,125
107,82,0,13639,107
121,84,1,13980,121
98,103,1,17092,98
24,148,1,24457,24
158,45,0,7583,158
32,46,0,7622,32
77,108,0,17874,77
79,46,0,7669,79
42,53,0,8785,42
149,212,0,35127,149
16,20,0,3322,16
21,123,0,20315,21
142,65,1,10865,142
159,26,0,4449,159
141,70,0,11692,141
157,205,0,33980,157
159,24,0,4119,159
131,99,0,16466,131
104,215,1,35575,104
141,142,0,23572,141
118,44,0,7373,118
163,201,0,33327,163
32,142,0,23462,32
26,41,0,6774,26
164,19,0,3296,164
78,165,1,27303,78
123,83,0,13819,123
101,88,0,14626,101
24,162,0,26767,24
44,3,1,539,44
99,101,0,16763,99
117,19,0,3256,117
75,213,0,35212,75
81,148,0,24503,81
131,87,0,14486,131
147,29,0,4933,147
13,41,0,6804,13
78,100,0,16578,78
30,201,0,33192,30
139,90,0,14988,139
9,123,0,20319,9
163,35,0,5937,163
63,117,0,19380,63
19,28,0,4653,19
12,138,0,22771,12
96,190,1,31449,96
8,212,0,34984,8
40,149,0,24630,40
156,128,0,21273,156
152,170,0,28200,152
110,22,0,3749,110
127,82,0,13655,127
97,41,0,6861,97
70,9,0,1555,70
123,205,0,33949,123
70,24,0,4030,70
64,56,0,9303,64
13,90,0,14889,13
42,195,0,32215,42
140,202,0,33471,140
85,177,0,29293,85
17,93,0,15363,17
12,96,0,15841,12
113,164,0,27161,113
97,176,0,29136,97
52,25,0,4176,52
75,58,0,9637,75
101,70,0,11656,101
99,29,0,4883,99
149,16,1,2787,149
78,33,0,5523,78
139,136,0,22578,139
127,92,0,15305,127
121,118,1,19590,121
47,163,0,26944,47
130,138,0,22900,130
63,15,0,2550,63
158,58,0,9728,158
156,120,0,19953,156
46,118,1,19513,46
3,83,0,13705,3
63,42,0,7005,63
124,44,0,7382,124
26,68,0,11229,26
151,85,0,14179,151
123,80,0,13324,123
32,63,0,10427,32
137,43,0,7232,137
133,84,0,13999,133
44,181,0,29909,44
12,145,0,23926,12
12,29,0,4786,12
73,29,1,4854,73
86,163,0,26977,86
21,80,1,13220,21
37,191,0,31536,37
36,120,0,19823,36
4,92,0,15188,4
81,151,0,24998,81
57,115,0,19049,57
148,146,0,24239,148
139,195,0,32313,139
164,215,1,35636,164
31,187,1,30874,31
4,81,0,13373,4
75,75,0,12442,75
131,124,0,20591,131
7,162,0,26730,7
37,18,0,2991,37
5,41,0,6793,5
150,56,0,9396,150
137,91,0,15152,137
88,160,1,26485,88
12,104,0,17161,12
159,167,0,27714,159
118,52,0,8693,118
152,98,0,16320,152
149,146,0,24237,149
22,4,1,663,22
47,160,0,26449,47
147,7,0,1303,147
9,197,0,32529,9
25,91,0,15051,25
91,185,1,30616,91
6,115,0,18991,6
97,64,0,10656,97
6,198,0,32686,6
106,165,0,27328,106
121,128,0,21240,121
131,172,0,28511,131
33,128,0,21146,33
150,13,0,2301,150
108,26,0,4400,108
125,79,0,13162,125
121,35,1,5895,121
34,42,0,6943,34
142,154,0,25550,142
135,142,0,23563,135
110,195,0,32294,110
54,202,1,33383,54
148,48,0,8069,148
127,113,0,18770,127
70,211,1,34885,70
105,205,1,33941,105
57,97,0,16079,57
1,107,0,17666,1
46,191,0,31558,46
124,138,0,22892,124
137,8,0,1457,137
96,157,0,26004,96
52,36,0,5991,52
152,70,0,11700,152
119,197,0,32610,119
131,68,0,11351,131
129,15,0,2603,129
97,213,1,35241,97
105,125,1,20741,105
54,100,0,16553,54
76,58,1,9634,76
54,128,1,21173,54
119,125,1,20730,119
121,68,0,11340,121
108,170,0,28160,108
63,1,0,240,63
38,123,0,20324,38
9,5,0,849,9
21,47,0,7775,21
27,51,0,8450,27
125,187,1,30982,125
138,165,0,27361,138
128,39,0,6561,128
105,163,0,27011,105
86,123,0,20377,86
112,187,1,30963,112
37,53,0,8766,37
44,157,0,25949,44
46,47,1,7798,46
84,17,0,2891,84
9,54,0,8934,9
85,184,1,30448,85
32,190,1,31382,32
158,4,0,818,158
124,213,0,35267,124
81,62,0,10313,81
125,198,1,32797,125
118,89,1,14798,118
36,160,0,26423,36
16,41,0,6787,16
48,80,0,13247,48
97,199,1,32931,97
125,53,1,8872,125
107,117,0,19414,107
142,162,0,26870,142
142,84,0,14000,142
121,205,1,33945,121
49,5,0,866,49
99,36,0,6038,99
40,157,0,25950,40
54,178,0,29423,54
21,15,0,2495,21
144,207,0,34300,144
41,159,0,26281,41
54,193,1,31898,54
105,35,1,5891,105
44,162,0,26774,44
104,79,0,13135,104
32,208,0,34352,32
86,35,0,5857,86
3,124,1,20470,3
127,193,1,31970,127
3,34,0,5620,3
92,64,0,10652,92
162,79,0,13198,162
157,163,0,27050,157
25,65,0,10761,25
125,173,1,28672,125
138,213,1,35281,138
27,58,1,9605,27
153,167,0,27707,153
108,107,0,17765,108
121,64,1,10680,121
119,19,0,3240,119
48,160,1,26447,48
33,191,0,31541,33
149,11,0,1962,149
37,51,0,8436,37
142,173,0,28685,142
128,99,0,16461,128
48,213,1,35192,48
78,125,1,20703,78
26,42,0,6939,26
41,120,0,19846,41
0,101,0,16682,0
92,160,1,26492,92
124,163,0,27017,124
153,48,0,8072,153
91,16,0,2731,91
47,122,0,20179,47
133,193,0,31984,133
24,151,0,24952,24
137,170,1,28187,137
149,197,1,32652,149
118,140,0,23213,118
157,98,0,16325,157
79,120,0,19879,79
74,123,0,20372,74
70,93,0,15415,70
108,212,0,35090,108
54,173,0,28598,54
123,50,0,8374,123
123,151,0,25039,123
9,164,0,27084,9
142,80,0,13340,142
164,1,0,326,164
129,146,0,24218,129
40,145,1,23970,40
52,189,0,31236,52
162,176,0,29203,162
125,167,0,27682,125
62,47,0,7828,62
119,71,0,11820,119
62,187,1,30928,62
38,83,0,13724,38
157,93,0,15500,157
159,71,0,11874,159
24,199,1,32872,24
79,107,0,17734,79
25,212,0,35016,25
113,75,0,12476,113
30,14,0,2337,30
77,83,0,13749,77
38,160,0,26429,38
99,123,0,20393,99
105,148,0,24536,105
63,149,0,24660,63
151,105,0,17479,151
99,37,0,6203,99
152,202,0,33480,152
41,176,0,29086,41
53,151,0,24967,53
147,68,0,11368,147
78,202,0,33408,78
98,19,0,3232,98
150,161,0,26721,150
136,154,0,25542,136
152,184,0,30510,152
142,115,0,19115,142
51,62,0,10280,51
133,161,0,26704,133
149,140,0,23247,149
30,5,0,852,30
153,3,0,647,153
16,29,0,4807,16
129,87,0,14483,129
128,13,1,2271,128
162,166,0,27553,162
70,160,0,26470,70
42,28,0,4660,42
144,89,0,14830,144
81,53,0,8828,81
40,75,0,12420,40
110,19,0,3254,110
80,147,0,24335,80
41,146,0,24136,41
68,98,0,16238,68
121,41,0,6885,121
75,91,0,15082,75
49,170,0,28091,49
47,1,0,214,47
79,22,0,3709,79
121,14,1,2430,121
99,42,0,7028,99
125,97,1,16132,125
127,129,0,21410,127
101,5,0,931,101
62,207,0,34228,62
5,107,0,17683,5
114,157,0,26012,114
158,130,0,21608,158
41,192,0,31726,41
108,172,0,28490,108
136,103,1,17127,136
7,9,0,1485,7
108,53,0,8855,108
63,92,0,15255,63
8,146,0,24094,8
115,74,0,12314,115
4,56,0,9248,4
36,56,0,9263,36
36,65,0,10748,36
162,46,0,7753,162
112,47,0,7863,112
70,159,0,26305,70
150,116,0,19296,150
104,208,0,34420,104
64,81,1,13428,64
22,89,0,14688,22
164,70,0,11711,164
14,126,0,20792,14
81,150,0,24833,81
142,207,0,34295,142
28,149,0,24619,28
17,184,0,30378,17
28,120,0,19834,28
25,56,0,9276,25
104,51,0,8515,104
75,208,0,34387,75
31,138,0,22789,31
26,167,0,27564,26
84,185,0,30611,84
120,157,1,26023,120
77,93,0,15399,77
46,184,1,30403,46
34,157,0,25918,34
57,58,0,9644,57
97,33,0,5541,97
98,129,0,21382,98
48,52,0,8627,48
136,101,0,16797,136
123,18,0,3094,123
51,161,0,26615,51
112,216,1,35748,112
33,190,0,31376,33
153,179,0,29687,153
114,159,0,26342,114
64,150,0,24813,64
125,89,1,14812,125
14,66,0,10892,14
31,123,0,20314,31
149,80,0,13347,149
153,156,0,25892,153
17,99,0,16353,17
41,99,0,16381,41
57,162,0,26804,57
118,39,1,6548,118
119,49,1,8190,119
41,129,1,21331,41
54,74,0,12263,54
10,193,1,31875,10
147,138,0,22918,147
78,215,0,35553,78
47,178,0,29419,47
48,107,0,17702,48
92,22,0,3722,92
141,103,0,17137,141
141,84,1,14002,141
20,3,1,502,20
3,202,0,33340,3
57,197,0,32579,57
57,165,0,27299,57
20,129,0,21292,20
113,200,0,33101,113
91,117,0,19396,91
88,81,0,13450,88
121,25,1,4245,121
152,130,0,21600,152
158,79,0,13193,158
34,105,0,17338,34
91,145,0,24016,91
147,13,0,2293,147
64,107,0,17718,64
51,147,0,24305,51
156,146,0,24243,156
151,71,0,11869,151
139,101,0,16803,139
13,54,0,8949,13
15,208,0,34332,15
17,25,0,4143,17
88,19,0,3220,88
34,125,0,20638,34
33,148,0,24446,33
19,191,0,31548,19
106,16,0,2743,106
51,142,0,23480,51
0,212,0,34997,0
74,70,0,11627,74
125,138,0,22897,125
105,150,0,24866,105
133,32,0,5419,133
140,145,0,24066,140
62,181,0,29938,62
41,26,0,4336,41
98,63,0,10492,98
105,19,1,3251,105
24,184,1,30397,24
130,177,0,29335,130
101,170,0,28156,101
145,102,0,16976,145
151,15,1,2629,151
135,39,1,6568,135
33,64,0,10586,33
74,18,0,3047,74
6,162,0,26746,6
105,157,1,26021,105
31,39,0,6454,31
101,44,0,7366,101
120,199,1,32953,120
30,123,0,20322,30
162,82,0,13693,162
77,198,0,32724,77
49,104,0,17201,49
36,17,0,2828,36
83,161,0,26646,83
78,143,0,23673,78
7,115,0,18975,7
70,212,0,35050,70
84,65,0,10811,84
9,93,0,15369,9
24,97,0,16042,24
129,173,1,28673,129
31,64,0,10579,31
123,207,0,34279,123
54,186,0,30743,54
54,26,0,4343,54
97,192,0,31776,97
42,208,0,34360,42
139,132,1,21918,139
53,126,0,20842,53
49,48,0,7961,49
99,211,1,34913,99
64,1,0,228,64
136,59,0,9867,136
84,207,0,34241,84
151,146,0,24244,151
121,32,0,5400,121
10,5,0,855,10
150,87,0,14511,150
153,211,0,34967,153
75,45,0,7492,75
150,46,0,7746,150
20,167,0,27562,20
97,159,0,26331,97
76,166,1,27454,76
106,140,0,23203,106
70,75,0,12445,70
63,91,0,15090,63
53,29,0,4837,53
110,162,0,26849,110
22,108,0,17823,22
3,7,0,1165,3
83,204,0,33741,83
139,108,0,17958,139
164,157,0,26066,164
76,108,0,17884,76
96,96,0,15939,96
30,150,0,24777,30
99,14,1,2408,99
157,94,0,15665,157
157,120,0,19955,157
42,54,0,8950,42
33,46,0,7616,33
157,115,0,19130,157
36,154,0,25433,36
164,81,0,13526,164
34,138,0,22783,34
45,175,0,28917,45
118,166,0,27503,118
41,142,0,23476,41
153,137,0,22757,153
68,170,0,28118,68
24,84,0,13897,24
149,161,0,26712,149
101,145,0,24031,101
37,66,0,10911,37
22,52,0,8583,22
27,33,0,5480,27
113,20,0,3401,113
152,143,0,23745,152
98,8,0,1417,98
140,3,0,636,140
147,103,0,17143,147
91,212,1,35071,91
14,8,0,1322,14
114,147,0,24362,114
119,130,0,21555,119
103,213,0,35262,103
20,164,0,27067,20
28,201,1,33199,28
31,108,1,17839,31
98,41,0,6862,98
144,101,0,16810,144
139,100,0,16638,139
37,198,0,32691,37
36,58,0,9593,36
104,105,1,17425,104
14,166,0,27392,14
86,101,0,16747,86
159,82,0,13689,159
128,11,0,1941,128
31,43,0,7114,31
127,15,0,2600,127
107,184,0,30469,107
0,34,0,5627,0
54,179,0,29588,54
20,201,1,33172,20
49,174,1,28751,49
144,43,0,7240,144
128,101,0,16791,128
74,122,0,20207,74
105,185,1,30641,105
92,193,0,31937,92
144,208,0,34465,144
91,25,1,4216,91
26,118,0,19479,26
86,126,0,20872,86
51,172,0,28430,51
101,15,0,2581,101
5,54,0,8938,5
164,24,0,4121,164
22,24,0,3963,22
10,46,0,7620,10
36,26,0,4313,36
140,85,0,14166,140
17,37,0,6123,17
156,96,0,15993,156
25,170,0,28086,25
98,82,0,13627,98
9,56,0,9264,9
138,207,0,34291,138
129,63,0,10523,129
62,165,1,27298,62
92,149,0,24677,92
133,149,0,24724,133
13,123,0,20334,13
137,17,0,2942,137
74,20,0,3377,74
97,103,1,17091,97
73,64,0,10629,73
141,43,0,7237,141
85,33,0,5533,85
37,63,0,10416,37
145,16,0,2786,145
57,54,0,8984,57
15,41,0,6777,15
112,39,0,6543,112
142,54,0,9050,142
75,71,0,11782,75
117,25,1,4246,117
164,14,0,2471,164
141,88,0,14662,141
135,7,0,1288,135
158,204,0,33818,158
144,216,1,35785,144
119,117,0,19410,119
79,25,0,4204,79
97,119,0,19731,97
24,140,0,23137,24
46,142,0,23473,46
70,36,0,6010,70
164,84,0,14021,164
104,96,0,15940,104
148,105,0,17474,148
49,86,0,14231,49
74,8,0,1397,74
53,108,0,17872,53
30,54,0,8937,30
51,195,0,32225,51
136,63,0,10527,136
12,181,0,29866,12
98,39,0,6532,98
123,178,0,29494,123
10,34,0,5640,10
19,83,0,13728,19
81,59,0,9818,81
78,107,0,17733,78
150,124,0,20616,150
148,197,0,32654,148
127,179,0,29660,127
79,113,0,18724,79
115,46,0,7694,115
140,108,0,17961,140
30,20,0,3327,30
76,100,0,16564,76
26,65,0,10734,26
121,4,0,780,121
78,198,1,32748,78
40,34,0,5655,40
22,39,0,6438,22
159,78,0,13029,159
149,174,0,28857,149
92,26,0,4382,92
85,82,0,13618,85
112,91,0,15123,112
40,68,1,11265,40
153,170,0,28202,153
3,113,0,18655,3
123,47,0,7879,123
92,166,0,27482,92
151,195,0,32329,151
41,216,1,35686,41
133,68,0,11359,133
26,72,0,11889,26
125,26,0,4417,125
119,83,0,13800,119
164,99,0,16496,164
92,170,0,28142,92
105,108,0,17936,105
135,65,1,10858,135
119,116,0,19245,119
29,118,0,19485,29
88,34,0,5695,88
53,167,0,27607,53
19,128,1,21153,19
7,148,0,24420,7
46,24,0,4003,46
130,103,1,17125,130
148,56,0,9389,148
108,193,1,31955,108
99,185,0,30623,99
147,191,0,31663,147
162,87,0,14518,162
78,51,0,8493,78
129,145,0,24053,129
142,211,1,34955,142
38,174,1,28739,38
46,145,0,23968,46
80,116,0,19220,80
103,74,0,12327,103
147,11,0,1963,147
156,89,0,14838,156
79,43,0,7174,79
30,50,0,8277,30
96,45,0,7524,96
96,85,0,14124,96
107,13,1,2254,107
7,52,0,8580,7
86,166,0,27472,86
26,157,0,25914,26
119,113,0,18750,119
152,89,1,14835,152
113,47,0,7856,113
44,146,0,24134,44
153,34,0,5762,153
124,197,0,32627,124
139,113,1,18783,139
119,8,0,1425,119
32,64,0,10592,32
1,63,0,10406,1
156,129,0,21438,156
4,143,0,23603,4
133,24,0,4099,133
54,89,0,14738,54
20,166,1,27397,20
73,215,1,35544,73
52,117,0,19356,52
41,201,1,33211,41
36,75,0,12398,36
153,37,0,6257,153
37,32,0,5301,37
9,150,0,24774,9
45,86,0,14232,45
73,75,0,12444,73
106,119,0,19738,106
3,15,0,2485,3
110,50,0,8369,110
140,120,0,19941,140
34,64,0,10573,34
15,51,0,8427,15
121,52,0,8700,121
141,50,0,8392,141
128,45,0,7551,128
14,101,0,16667,14
136,7,0,1287,136
108,164,0,27170,108
144,81,0,13510,144
124,215,1,35597,124
75,78,0,12937,75
7,39,0,6435,7
152,198,0,32820,152
73,213,0,35214,73
135,70,0,11683,135
40,63,0,10440,40
135,46,0,7723,135
37,97,0,16026,37
150,151,0,25071,150
30,124,1,20487,30
85,157,0,25993,85
135,94,0,15643,135
25,189,1,31221,25
21,117,0,19325,21
84,18,0,3056,84
149,45,0,7572,149
118,68,0,11333,118
17,28,0,4638,17
21,107,0,17675,21
92,165,0,27317,92
106,107,0,17758,106
42,86,0,14230,42
118,9,1,1598,118
162,88,0,14683,162
136,27,0,4587,136
91,211,1,34906,91
81,41,0,6848,81
99,143,0,23693,99
31,122,0,20149,31
79,160,0,26479,79
150,42,1,7086,150
79,125,0,20704,79
32,202,0,33362,32
106,18,0,3073,106
139,117,0,19443,139
119,98,1,16275,119
112,8,0,1428,112
52,79,0,13086,52
42,80,0,13240,42
163,43,0,7257,163
119,118,0,19575,119
57,22,0,3704,57
21,83,0,13715,21
157,96,0,15995,157
81,132,0,21863,81
31,7,0,1174,31
19,70,0,11583,19
51,40,0,6650,51
68,84,0,13928,68
34,28,0,4633,34
76,104,0,17224,76
73,63,0,10464,73
3,154,0,25420,3
4,192,0,31688,4
36,79,0,13058,36
42,162,0,26770,42
139,94,0,15648,139
52,185,0,30576,52
105,126,0,20906,105
107,47,0,7864,107
103,45,0,7542,103
34,14,0,2323,34
130,11,1,1945,130
15,32,0,5292,15
25,88,0,14556,25
15,117,0,19317,15
37,28,0,4641,37
121,65,1,10845,121
145,150,0,24896,145
28,191,0,31549,28
136,191,0,31647,136
127,66,0,11015,127
29,91,0,15030,29
13,62,0,10269,13
88,15,0,2560,88
123,122,0,20254,123
133,91,0,15154,133
105,151,0,25031,105
133,142,0,23569,133
73,147,0,24324,73
37,3,0,516,37
1,103,0,17006,1
10,129,0,21315,10
0,32,0,5297,0
92,35,1,5867,92
49,199,1,32876,49
8,72,1,11884,8
147,104,0,17308,147
1,27,0,4466,1
20,195,0,32182,20
45,101,0,16707,45
84,172,1,28466,84
28,178,0,29404,28
6,98,0,16186,6
12,37,0,6106,12
136,107,1,17787,136
36,143,0,23618,36
4,213,0,35153,4
4,118,0,19478,4
119,159,0,26340,119
104,99,0,16435,104
135,195,0,32308,135
22,208,0,34323,22
142,56,0,9380,142
4,17,0,2813,4
62,126,0,20863,62
121,102,0,16950,121
130,37,0,6235,130
99,132,0,21878,99
145,130,0,21596,145
45,59,0,9777,45
44,122,0,20174,44
107,36,0,6049,107
79,178,0,29449,79
10,205,1,33855,10
124,181,0,29987,124
45,27,1,4497,45
85,85,0,14113,85
138,161,0,26701,138
75,24,0,4027,75
148,45,0,7574,148
54,125,0,20678,54
76,44,0,7324,76
64,207,0,34218,64
32,129,0,21317,32
30,100,0,16527,30
112,9,0,1593,112
152,154,0,25560,152
25,75,1,12411,25
32,137,0,22637,32
106,93,0,15448,106
158,27,0,4613,158
57,9,0,1559,57
44,176,0,29084,44
0,66,0,10907,0
119,97,0,16110,119
5,162,0,26758,5
63,148,0,24495,63
144,186,0,30835,144
107,202,0,33439,107
49,147,0,24296,49
64,186,0,30753,64
118,13,1,2258,118
42,70,0,11590,42
13,175,1,28914,13
9,132,0,21804,9
110,79,0,13154,110
85,173,1,28633,85
70,74,0,12280,70
53,98,0,16222,53
141,34,0,5752,141
121,166,0,27510,121
128,34,0,5736,128
142,167,0,27695,142
125,137,1,22732,125
48,33,0,5492,48
135,122,0,20263,135
46,74,0,12253,46
135,96,0,15973,135
20,37,0,6112,20
108,80,0,13310,108
26,36,0,5949,26
117,125,1,20746,117
97,187,1,30951,97
147,170,0,28198,147
117,116,0,19261,117
33,147,0,24281,33
79,150,0,24829,79
49,58,0,9611,49
114,96,0,15947,114
157,86,0,14345,157
53,195,0,32227,53
105,124,1,20576,105
101,179,0,29641,101
106,101,0,16768,106
15,107,0,17667,15
91,202,0,33421,91
152,102,0,16980,152
98,99,0,16432,98
33,94,0,15536,33
140,5,0,966,140
131,49,0,8216,131
104,80,0,13300,104
135,175,1,29008,135
99,43,0,7193,99
83,122,0,20211,83
57,211,0,34889,57
144,59,0,9880,144
157,195,0,32330,157
28,3,0,529,28
108,173,1,28655,108
20,176,0,29047,20
49,93,0,15386,49
115,101,0,16769,115
46,165,1,27268,46
147,5,0,973,147
88,53,1,8830,88
12,90,0,14851,12
29,36,1,5955,29
123,75,0,12499,123
125,156,1,25867,125
14,147,0,24257,14
123,184,0,30484,123
107,123,0,20404,107
46,185,0,30568,46
12,8,0,1321,12
139,11,0,1953,139
12,147,0,24256,12
150,64,1,10716,150
159,87,0,14514,159
63,147,0,24330,63
98,181,0,29962,98
74,198,0,32747,74
128,74,0,12336,128
114,78,0,12977,114
150,33,0,5601,150
15,98,1,16182,15
87,66,1,10977,87
4,151,0,24923,4
139,16,0,2778,139
84,94,0,15596,84
135,100,0,16633,135
62,107,0,17728,62
79,164,0,27139,79
46,83,0,13738,46
62,216,0,35713,62
153,116,0,19292,153
157,35,1,5930,157
87,93,0,15432,87
87,13,0,2232,87
151,49,1,8239,151
64,195,0,32238,64
16,104,0,17182,16
157,44,0,7415,157
30,195,0,32202,30
107,118,0,19579,107
14,37,0,6107,14
16,187,1,30877,16
19,167,0,27588,19
103,59,0,9852,103
64,177,0,29268,64
124,19,0,3257,124
74,52,0,8657,74
78,161,0,26643,78
49,4,1,701,49
22,120,0,19803,22
27,137,0,22640,27
131,156,1,25871,131
96,148,0,24519,96
64,45,0,7488,64
162,97,0,16168,162
118,46,0,7703,118
34,167,0,27568,34
83,75,0,12456,83
112,173,1,28653,112
104,147,1,24355,104
107,142,0,23539,107
139,142,0,23568,139
115,185,0,30629,115
85,167,0,27643,85
125,166,0,27517,125
98,113,0,18742,98
141,71,0,11857,141
30,176,0,29067,30
28,154,0,25444,28
164,205,1,33986,164
125,151,0,25042,125
74,129,1,21362,74
54,165,0,27278,54
25,79,0,13071,25
99,161,0,26663,99
150,181,0,30021,150
75,148,0,24487,75
91,137,1,22696,91
137,197,0,32642,137
163,88,0,14682,163
119,105,0,17430,119
145,83,0,13841,145
44,186,0,30734,44
24,207,0,34192,24
130,161,0,26695,130
12,187,0,30856,12
20,22,0,3637,20
162,211,0,34978,162
123,154,0,25534,123
147,204,0,33808,147
106,170,0,28153,106
164,100,1,16661,164
88,62,0,10315,88
27,36,1,5975,27
135,105,0,17458,135
78,160,0,26478,78
57,173,0,28619,57
54,33,0,5498,54
19,14,1,2343,19
47,89,1,14734,47
22,199,1,32838,22
115,7,0,1259,115
32,175,0,28907,32
103,124,0,20577,103
151,19,0,3289,151
20,35,1,5782,20
52,22,0,3681,52
127,108,0,17945,127
164,80,1,13361,164
130,52,0,8710,130
150,129,0,21441,150
140,190,0,31491,140
41,156,1,25786,41
130,212,1,35110,130
1,71,0,11726,1
112,3,1,603,112
14,197,1,32507,14
42,36,0,5980,42
46,49,0,8128,46
10,154,0,25440,10
4,173,0,28553,4
114,24,0,4067,114
47,50,0,8299,47
19,35,1,5808,19
8,24,0,3964,8
149,36,0,6087,149
106,29,0,4888,106
117,86,0,14311,117
33,8,0,1346,33
7,90,0,14850,7
139,52,0,8718,139
130,65,1,10855,130
99,78,0,12968,99
30,165,0,27252,30
33,85,1,14051,33
49,136,0,22481,49
15,115,0,18987,15
129,160,1,26528,129
78,167,0,27633,78
26,78,0,12879,26
7,156,0,25740,7
88,198,0,32755,88
46,146,0,24133,46
97,29,0,4881,97
83,173,0,28626,83
131,78,0,13001,131
31,215,1,35494,31
147,149,0,24733,147
96,86,0,14289,96
157,3,1,650,157
40,185,1,30570,40
106,52,0,8683,106
142,9,1,1625,142
103,156,1,25857,103
97,79,0,13131,97
29,101,0,16680,29
79,17,0,2884,79
159,193,1,32004,159
118,179,0,29648,118
144,4,0,805,144
127,215,0,35600,127
101,42,0,7036,101
42,68,0,11260,42
27,124,0,20495,27
144,93,0,15490,144
114,138,0,22877,114
62,62,0,10303,62
145,62,0,10376,145
64,178,0,29433,64
141,65,1,10867,141
3,161,0,26575,3
115,4,0,764,115
147,33,0,5593,147
131,59,0,9866,131
124,190,1,31472,124
19,51,0,8448,19
84,49,0,8171,84
62,122,0,20203,62
96,18,0,3069,96
120,161,0,26683,120
73,129,1,21354,73
42,174,0,28750,42
149,107,0,17802,149
26,107,0,17664,26
144,39,0,6580,144
5,62,0,10258,5
129,74,0,12338,129
120,20,0,3418,120
46,160,1,26443,46
54,79,0,13088,54
99,9,0,1583,99
37,14,0,2331,37
92,42,0,7022,92
42,74,0,12250,42
164,197,0,32666,164
1,45,0,7436,1
6,65,0,10741,6
133,29,0,4924,133
135,43,0,7228,135
7,58,1,9570,7
108,41,0,6875,108
156,49,0,8238,156
37,64,0,10581,37
117,167,0,27676,117
51,27,0,4505,51
29,50,0,8265,29
141,199,1,32977,141
17,1,0,183,17
148,16,0,2789,148
150,164,0,27216,150
22,104,0,17163,22
14,124,0,20462,14
73,101,1,16734,73
162,186,0,30853,162
97,116,0,19236,97
9,190,0,31374,9
54,167,1,27608,54
70,15,0,2545,70
44,53,0,8789,44
38,70,0,11579,38
3,137,0,22615,3
42,35,0,5815,42
78,166,1,27468,78
144,70,0,11695,144
115,170,0,28154,115
48,118,0,19517,48
54,25,1,4178,54
52,200,0,33051,52
125,177,1,29332,125
98,200,0,33097,98
57,116,0,19214,57
4,136,0,22448,4
30,103,0,17022,30
81,11,0,1898,81
88,43,1,7180,88
157,197,0,32660,157
148,86,0,14339,148
148,28,0,4769,148
83,49,0,8166,83
163,25,0,4287,163
40,26,0,4335,40
8,34,0,5614,8
137,174,1,28847,137
83,24,0,4041,83
144,130,1,21595,144
20,97,0,16012,20
142,70,0,11690,142
123,115,0,19099,123
47,167,0,27604,47
103,149,0,24702,103
44,15,0,2519,44
40,3,0,540,40
86,7,0,1237,86
10,16,0,2670,10
79,96,0,15919,79
81,186,0,30773,81
101,115,0,19081,101
142,189,0,31325,142
22,16,1,2643,22
123,125,0,20749,123
63,4,0,735,63
98,157,0,26002,98
110,101,0,16784,110
10,192,0,31710,10
130,83,0,13825,130
36,42,0,6953,36
26,179,0,29544,26
68,151,0,24983,68
34,84,0,13873,34
149,39,0,6582,149
20,62,0,10237,20
128,19,0,3261,128
148,104,0,17309,148
147,216,0,35788,147
1,36,0,5951,1
29,211,0,34830,29
114,75,1,12482,114
42,24,0,4000,42
128,132,1,21906,128
114,29,0,4892,114
45,174,0,28752,45
99,116,0,19238,99
121,51,0,8535,121
34,48,0,7933,34
74,130,0,21527,74
138,81,0,13501,138
119,17,0,2910,119
24,53,1,8782,24
152,28,0,4770,152
76,191,0,31579,76
40,117,0,19350,40
133,28,0,4759,133
75,126,0,20857,75
156,197,0,32658,156
4,98,0,16178,4
77,202,1,33384,77
30,40,0,6627,30
51,113,0,18695,51
114,207,0,34262,114
105,33,0,5561,105
48,178,0,29417,48
63,54,0,8985,63
157,129,0,21440,157
6,70,0,11566,6
159,59,0,9894,159
124,159,1,26357,124
153,98,0,16322,153
86,94,0,15592,86
48,164,0,27107,48
108,154,0,25520,108
135,45,0,7558,135
112,34,0,5718,112
5,63,0,10423,5
38,189,0,31214,38
115,154,0,25514,115
135,178,0,29503,135
101,191,0,31621,101
139,162,0,26868,139
14,103,0,16997,14
73,186,0,30759,73
31,128,0,21139,31
97,24,0,4056,97
138,16,0,2776,138
7,25,0,4125,7
153,161,0,26717,153
62,176,0,29113,62
118,33,0,5558,118
20,117,1,19312,20
74,53,1,8822,74
3,19,0,3145,3
37,140,0,23121,37
24,46,0,7627,24
14,130,0,21452,14
47,74,0,12259,47
21,64,0,10580,21
142,22,0,3770,142
85,122,0,20218,85
81,22,0,3713,81
17,54,0,8928,17
0,88,0,14537,0
68,103,0,17063,68
25,122,0,20166,25
15,123,0,20307,15
141,107,0,17797,141
103,91,0,15132,103
16,96,0,15862,16
57,68,0,11294,57
80,118,0,19550,80
37,147,0,24276,37
123,4,0,784,123
74,164,1,27137,74
53,44,0,7312,53
87,115,0,19062,87
127,70,0,11675,127
41,104,0,17206,41
68,20,0,3368,68
152,185,0,30675,152
144,66,0,11035,144
52,174,0,28761,52
88,213,0,35230,88
124,108,0,17942,124
83,125,1,20706,83
147,160,0,26548,147
112,25,0,4233,112
83,119,0,19716,83
29,192,0,31695,29
147,89,0,14833,147
142,74,0,12350,142
42,41,0,6805,42
108,185,0,30635,108
19,65,1,10758,19
163,27,0,4617,163
57,143,0,23669,57
87,11,0,1902,87
136,150,0,24882,136
62,113,0,18718,62
158,137,0,22763,158
80,33,0,5525,80
44,147,0,24299,44
33,104,0,17186,33
12,15,0,2476,12
48,176,0,29087,48
45,140,0,23142,45
74,39,0,6512,74
77,72,0,11934,77
83,92,0,15261,83
136,33,0,5577,136
84,105,1,17411,84
40,93,0,15390,40
26,130,0,21459,26
103,62,0,10347,103
22,126,0,20793,22
3,163,0,26905,3
22,165,0,27228,22
130,9,0,1615,130
57,176,0,29114,57
16,177,1,29227,16
80,145,1,24005,80
64,88,0,14583,64
13,118,0,19509,13
98,204,0,33757,98
46,36,0,5983,46
77,75,0,12429,77
70,41,0,6835,70
19,162,0,26763,19
51,33,0,5495,51
137,123,0,20432,137
44,63,0,10439,44
115,75,0,12479,115
15,215,1,35487,15
96,130,0,21549,96
91,174,1,28801,91
31,197,0,32524,31
88,37,0,6190,88
133,64,0,10699,133
104,138,0,22870,104
79,71,0,11794,79
27,81,0,13400,27
4,49,0,8093,4
81,93,0,15428,81
157,17,0,2960,157
25,199,1,32871,25
54,83,0,13748,54
145,32,0,5426,145
115,25,0,4229,115
46,190,0,31393,46
119,52,0,8685,119
148,100,0,16649,148
28,146,0,24124,28
137,107,0,17792,137
101,14,0,2416,101
152,187,0,31005,152
129,11,0,1943,129
117,5,0,946,117
64,72,0,11943,64
52,178,0,29421,52
125,140,1,23227,125
29,122,0,20145,29
75,53,0,8812,75
8,37,0,6109,8
125,24,0,4087,125
1,54,0,8921,1
8,84,0,13864,8
106,212,0,35083,106
129,184,1,30488,129
148,27,0,4604,148
114,56,1,9347,114
26,172,0,28389,26
12,191,0,31516,12
83,1,0,246,83
138,102,0,16966,138
6,195,0,32191,6
124,99,0,16457,124
135,32,0,5413,135
124,216,0,35762,124
99,52,0,8678,99
137,13,0,2282,137
17,40,0,6618,17
70,42,0,7000,70
88,56,1,9325,88
162,185,0,30688,162
0,98,0,16187,0
121,5,1,945,121
107,198,0,32779,107
98,37,0,6202,98
75,97,0,16072,75
1,216,0,35651,1
13,136,0,22479,13
105,96,0,15956,105
10,13,1,2175,10
114,103,1,17102,114
99,107,1,17753,99
129,70,0,11678,129
153,145,0,24077,153
106,142,0,23533,106
1,48,0,7931,1
32,156,0,25772,32
107,49,1,8194,107
12,66,0,10891,12
144,25,0,4270,144
57,177,0,29279,57
108,192,0,31790,108
117,177,0,29326,117
124,165,0,27347,124
141,108,0,17962,141
40,113,0,18690,40
17,26,0,4308,17
147,136,0,22588,147
159,136,0,22599,159
141,205,0,33967,141
87,85,0,14112,87
127,154,0,25535,127
85,96,0,15928,85
108,174,1,28820,108
125,204,0,33787,125
76,35,0,5839,76
34,190,0,31363,34
22,179,0,29538,22
24,3,0,532,24
114,167,0,27662,114
118,165,0,27338,118
120,4,0,778,120
123,81,0,13489,123
10,9,0,1515,10
135,24,0,4093,135
108,85,1,14135,108
141,207,0,34297,141
49,207,0,34196,49
28,161,0,26599,28
158,26,0,4448,158
118,146,0,24203,118
73,207,1,34224,73
38,1,0,194,38
16,105,0,17347,16
113,170,0,28151,113
113,166,0,27491,113
84,125,1,20711,84
86,200,0,33082,86
14,83,0,13697,14
24,8,0,1357,24
14,201,0,33167,14
4,53,1,8753,4
106,104,0,17263,106
128,213,1,35271,128
14,215,0,35477,14
96,128,0,21219,96
118,35,0,5888,118
74,170,0,28127,74
97,91,0,15111,97
159,81,0,13524,159
31,103,0,17014,31
96,184,1,30459,96
27,151,0,24950,27
125,58,1,9697,125
138,98,0,16306,138
131,39,1,6566,131
127,151,0,25040,127
57,204,0,33734,57
68,88,0,14588,68
104,103,0,17095,104
62,160,0,26473,62
101,116,0,19246,101
14,212,0,34982,14
140,200,0,33141,140
0,200,0,33017,0
88,32,0,5365,88
7,62,0,10230,7
144,65,1,10870,144
113,137,0,22706,113
7,56,0,9240,7
98,93,0,15442,98
6,8,0,1336,6
12,32,0,5281,12
130,178,0,29500,130
75,195,0,32242,75
5,161,0,26593,5
112,177,0,29313,112
30,37,0,6132,30
141,102,0,16972,141
157,170,0,28205,157
115,178,0,29474,115
51,125,1,20675,51
139,59,0,9873,139
106,40,0,6703,106
119,66,1,10995,119
158,89,0,14843,158
17,82,1,13548,17
22,116,0,19143,22
107,108,0,17929,107
44,199,1,32879,44
40,62,0,10275,40
25,40,1,6636,25
113,190,0,31451,113
73,176,0,29109,73
12,175,0,28876,12
99,80,0,13298,99
8,42,0,6934,8
106,5,0,928,106
159,43,0,7254,159
0,150,0,24767,0
149,17,0,2952,149
163,46,0,7752,163
44,19,0,3179,44
96,205,1,33924,96
14,138,0,22772,14
44,65,1,10769,44
77,81,0,13419,77
77,92,0,15234,77
145,7,0,1301,145
41,64,0,10606,41
16,8,0,1342,16
62,166,0,27463,62
64,9,0,1548,64
36,151,0,24938,36
148,44,0,7409,148
147,27,0,4603,147
16,130,1,21472,16
51,87,1,14405,51
4,115,0,18983,4
13,78,0,12909,13
45,116,0,19182,45
148,185,0,30674,148
47,107,0,17704,47
6,130,0,21466,6
27,162,0,26765,27
36,96,0,15863,36
57,63,0,10469,57
74,165,1,27302,74
36,72,0,11903,36
151,202,0,33484,151
107,177,0,29314,107
27,149,1,24620,27
87,148,0,24507,87
54,189,0,31238,54
88,120,0,19885,88
120,156,1,25858,120
27,35,1,5810,27
78,40,0,6678,78
20,52,0,8587,20
52,45,0,7476,52
119,103,0,17100,119
142,5,1,965,142
148,80,0,13349,148
153,81,0,13517,153
53,34,0,5662,53
38,185,0,30554,38
70,35,1,5845,70
91,4,0,751,91
44,66,1,10934,44
129,47,1,7883,129
33,42,0,6956,33
99,199,1,32933,99
101,164,0,27166,101
10,3,0,525,10
49,45,0,7466,49
157,187,1,31010,157
137,208,0,34457,137
76,87,0,14419,76
33,13,0,2171,33
74,65,1,10802,74
163,90,0,15012,163
0,27,0,4472,0
76,93,0,15409,76
135,59,0,9868,135
85,64,0,10648,85
152,161,0,26715,152
97,154,0,25506,97
130,99,0,16465,130
46,1,0,208,46
92,138,0,22862,92
96,142,1,23529,96
25,185,0,30561,25
47,63,0,10444,47
45,145,0,23967,45
153,39,0,6587,153
84,36,0,6026,84
118,53,1,8858,118
124,167,0,27677,124
96,116,0,19239,96
105,45,0,7541,105
45,132,1,21822,45
149,88,0,14667,149
19,192,0,31713,19
112,122,1,20238,112
99,191,0,31613,99
121,45,0,7545,121
142,41,0,6905,142
86,202,0,33412,86
15,13,0,2157,15
149,105,0,17472,149
104,44,0,7360,104
145,166,0,27536,145
92,147,0,24347,92
135,176,0,29173,135
163,13,0,2307,163
73,160,1,26469,73
158,24,0,4118,158
4,102,0,16838,4
47,37,0,6154,47
73,118,1,19539,73
78,64,0,10638,78
106,189,0,31288,106
80,101,1,16745,80
124,28,0,4742,124
139,26,0,4428,139
47,208,0,34369,47
96,197,0,32604,96
81,136,0,22523,81
99,165,0,27323,99
140,66,0,11031,140
45,70,0,11592,45
19,50,0,8283,19
118,48,1,8033,118
131,62,0,10361,131
38,186,0,30719,38
128,68,1,11346,128
148,19,0,3284,148
38,75,0,12404,38
91,199,0,32926,91
159,85,1,14184,159
51,157,0,25955,51
13,87,0,14394,13
149,48,0,8067,149
162,100,0,16663,162
25,13,0,2181,25
159,8,0,1479,159
45,199,1,32877,45
0,125,0,20642,0
9,167,0,27579,9
162,86,0,14353,162
38,20,0,3329,38
148,37,0,6254,148
150,43,0,7251,150
108,145,1,24035,108
34,25,0,4138,34
80,18,0,3050,80
114,98,1,16277,114
136,116,0,19272,136
28,117,1,19339,28
142,136,0,22580,142
70,45,0,7495,70
91,86,0,14281,91
31,157,1,25924,31
147,154,0,25558,147
98,29,0,4882,98
103,18,0,3087,103
84,34,0,5696,84
79,215,0,35554,79
63,47,0,7830,63
31,96,0,15859,31
30,161,0,26592,30
162,101,0,16828,162
8,19,0,3139,8
40,166,0,27435,40
70,54,0,8980,70
48,99,0,16382,48
24,5,0,862,24
113,71,0,11816,113
119,150,1,24855,119
48,66,1,10937,48
105,120,0,19916,105
19,13,0,2178,19
114,149,0,24692,114
47,205,1,33874,47
92,204,0,33752,92
112,71,0,11823,112
30,13,0,2172,30
112,179,0,29643,112
119,132,0,21885,119
15,82,0,13542,15
110,72,0,11999,110
14,45,0,7427,14
137,40,1,6737,137
128,64,1,10686,128
157,70,0,11705,157
164,15,0,2636,164
127,91,0,15140,127
21,149,1,24605,21
70,70,0,11620,70
12,65,0,10726,12
3,136,1,22450,3
36,81,0,13388,36
74,159,0,26312,74
128,189,0,31311,128
88,86,0,14275,88
25,19,0,3171,25
113,186,0,30791,113
51,175,1,28925,51
164,86,0,14351,164
48,97,0,16052,48
13,25,0,4164,13
16,87,0,14377,16
9,4,0,684,9
136,5,0,957,136
31,116,0,19159,31
22,96,0,15843,22
17,5,0,843,17
7,17,0,2805,7
158,71,0,11873,158
87,147,0,24342,87
41,82,0,13576,41
137,175,1,29012,137
20,20,0,3307,20
21,75,1,12395,21
113,115,0,19076,113
121,208,0,34440,121
7,26,0,4290,7
104,199,1,32935,104
76,37,0,6169,76
19,64,0,10593,19
40,64,0,10605,40
119,179,0,29640,119
124,193,1,31967,124
52,132,0,21831,52
138,35,1,5911,138
29,189,1,31200,29
84,154,0,25496,84
84,62,0,10316,84
81,90,0,14933,81
13,130,0,21489,13
74,195,0,32252,74
98,72,0,11977,98
130,108,0,17950,130
114,13,0,2252,114
79,165,0,27304,79
28,195,0,32209,28
38,122,0,20159,38
157,62,0,10385,157
20,136,0,22447,20
5,151,0,24943,5
112,54,0,9018,112
64,24,0,4023,64
84,48,1,8006,84
96,195,0,32274,96
28,91,0,15049,28
137,178,0,29507,137
44,208,0,34364,44
130,29,0,4915,130
92,37,1,6197,92
149,108,0,17967,149
91,118,1,19561,91
121,98,0,16290,121
136,205,1,33957,136
30,7,0,1182,30
16,50,0,8272,16
84,189,0,31271,84
108,178,0,29480,108
77,130,0,21504,77
108,163,0,27005,108
8,149,0,24589,8
34,44,0,7273,34
10,197,0,32535,10
92,63,0,10487,92
12,44,0,7261,12
12,120,0,19801,12
159,37,0,6264,159
68,149,0,24653,68
128,65,1,10851,128
92,184,0,30452,92
9,92,0,15204,9
106,173,0,28648,106
7,78,0,12870,7
29,65,1,10740,29
120,205,1,33943,120
13,156,0,25779,13
127,160,0,26525,127
36,200,0,33023,36
80,86,0,14270,80
47,143,0,23644,47
31,45,0,7444,31
86,102,0,16912,86
127,189,0,31310,127
4,8,0,1328,4
36,63,0,10418,36
40,140,0,23145,40
70,167,0,27625,70
124,146,0,24212,124
41,167,1,27601,41
42,40,0,6640,42
8,16,0,2644,8
125,8,0,1447,125
137,216,1,35777,137
7,74,0,12210,7
52,201,0,33216,52
117,59,0,9856,117
87,215,1,35562,87
45,150,0,24792,45
124,26,0,4412,124
74,27,0,4532,74
73,146,1,24159,73
120,93,0,15463,120
144,108,0,17965,144
14,149,0,24587,14
108,129,0,21395,108
127,71,0,11840,127
49,185,0,30566,49
144,187,0,31000,144
118,102,0,16943,118
147,20,0,3448,147
51,99,0,16385,51
79,161,0,26644,79
79,148,0,24499,79
123,28,0,4744,123
25,53,1,8781,25
46,78,0,12913,46
85,162,0,26818,85
4,148,0,24428,4
8,18,0,2974,8
7,129,0,21285,7
8,5,0,829,8
31,117,0,19324,31
6,150,0,24766,6
158,25,1,4283,158
104,179,0,29635,104
44,86,0,14234,44
6,62,0,10246,6
140,176,0,29181,140
74,197,0,32582,74
96,208,0,34419,96
141,147,0,24397,141
14,146,0,24092,14
8,54,0,8914,8
26,80,0,13209,26
125,146,0,24217,125
96,154,0,25509,96
140,62,0,10371,140
164,132,0,21941,164
76,68,0,11284,76
104,28,0,4720,104
25,176,0,29076,25
128,130,0,21576,128
119,160,1,26505,119
128,20,0,3426,128
120,162,0,26848,120
53,83,0,13747,53
121,138,0,22890,121
130,72,0,12010,130
49,66,1,10931,49
12,59,0,9736,12
0,116,0,19157,0
140,172,1,28521,140
130,173,0,28675,130
31,37,0,6124,31
128,9,0,1611,128
63,164,0,27135,63
163,50,0,8412,163
49,94,1,15551,49
135,191,0,31648,135
131,151,0,25046,131
152,124,0,20610,152
97,123,0,20391,97
124,126,0,20912,124
8,85,0,14029,8
137,193,1,31982,137
151,91,0,15169,151
141,44,0,7402,141
24,72,1,11917,24
151,145,1,24079,151
74,103,0,17072,74
80,136,0,22520,80
141,212,0,35122,141
152,22,0,3780,152
138,174,1,28846,138
135,56,0,9373,135
144,27,1,4600,144
156,130,0,21603,156
101,84,0,13966,101
21,132,0,21800,21
113,216,0,35741,113
8,176,0,29044,8
113,32,0,5381,113
68,123,0,20363,68
28,190,1,31384,28
37,88,0,14541,37
53,51,0,8467,53
129,143,1,23723,129
51,132,0,21830,51
25,136,0,22476,25
85,146,0,24178,85
83,149,0,24666,83
13,157,0,25944,13
15,92,0,15192,15
150,132,0,21936,150
6,193,0,31861,6
129,177,0,29333,129
83,40,0,6681,83
123,146,0,24214,123
121,107,1,17775,121
30,41,0,6792,30
104,42,0,7030,104
16,18,0,2992,16
63,53,0,8820,63
53,165,1,27277,53
15,176,0,29052,15
152,46,0,7740,152
145,181,0,30011,145
70,1,0,235,70
16,154,1,25432,16
115,165,0,27329,115
164,47,1,7916,164
118,18,0,3083,118
34,149,0,24598,34
68,75,0,12443,68
25,90,0,14886,25
48,128,0,21167,48
128,117,0,19431,128
149,72,0,12027,149
149,154,0,25557,149
140,34,0,5751,140
21,79,0,13055,21
108,159,0,26345,108
149,184,0,30507,149
21,14,0,2330,21
15,20,0,3312,15
92,92,0,15272,92
87,51,0,8502,87
54,46,0,7643,54
113,146,0,24191,113
105,86,0,14306,105
135,177,0,29338,135
42,202,1,33370,42
113,14,0,2411,113
120,43,0,7213,120
142,79,0,13175,142
159,20,0,3459,159
47,185,0,30574,47
107,132,0,21889,107
20,80,1,13207,20
119,174,1,28815,119
115,17,0,2909,115
142,125,1,20765,142
97,78,0,12966,97
68,117,0,19373,68
153,200,0,33152,153
19,16,0,2673,19
1,13,0,2156,1
88,3,0,580,88
101,208,0,34426,101
7,207,0,34155,7
36,4,1,683,36
26,136,0,22449,26
164,140,0,23261,164
129,201,1,33293,129
3,125,1,20635,3
85,45,0,7513,85
9,126,0,20814,9
84,96,0,15926,84
26,101,0,16674,26
40,163,0,26940,40
4,172,0,28388,4
151,118,0,19624,151
86,58,0,9652,86
3,44,0,7270,3
91,58,0,9661,91
145,172,0,28526,145
6,107,0,17671,6
68,191,0,31583,68
14,97,0,16007,14
96,212,0,35079,96
7,91,0,15015,7
137,190,1,31487,137
128,42,0,7056,128
108,187,1,30965,108
22,117,0,19308,22
54,159,0,26288,54
106,82,0,13633,106
133,108,0,17959,133
156,186,0,30843,156
63,195,0,32250,63
164,115,0,19136,164
45,117,0,19347,45
107,129,0,21394,107
120,178,0,29488,120
74,105,1,17402,74
81,213,0,35228,81
151,173,0,28699,151
97,96,0,15936,97
112,56,0,9348,112
8,148,0,24424,8
7,126,0,20790,7
22,118,0,19473,22
78,80,0,13278,78
163,22,0,3792,163
10,130,0,21480,10
51,59,0,9785,51
149,1,0,312,149
42,90,0,14890,42
130,215,1,35605,130
29,165,0,27240,29
22,22,0,3633,22
124,200,0,33122,124
81,115,0,19058,81
148,179,0,29684,148
106,102,0,16933,106
104,92,0,15280,104
153,78,0,13022,153
125,25,1,4252,125
81,163,0,26978,81
32,184,1,30392,32
54,166,0,27443,54
99,108,0,17918,99
4,108,0,17828,4
145,88,0,14666,145
16,116,0,19162,16
104,157,1,26005,104
28,136,1,22474,28
53,174,1,28762,53
77,80,0,13254,77
40,102,0,16875,40
42,176,0,29080,42
12,24,0,3961,12
51,93,0,15395,51
152,51,0,8565,152
48,175,0,28922,48
138,90,0,14986,138
44,103,1,17039,44
31,18,0,2989,31
57,36,0,6014,57
20,59,0,9742,20
139,24,0,4098,139
110,91,0,15134,110
110,65,1,10844,110
79,20,0,3379,79
129,33,0,5573,129
45,151,0,24957,45
120,170,1,28168,120
88,166,0,27475,88
31,102,0,16849,31
9,212,0,35004,9
45,49,0,8127,45
106,80,0,13303,106
142,39,0,6575,142
120,90,1,14968,120
44,166,0,27434,44
151,26,0,4444,151
9,116,0,19164,9
68,162,0,26798,68
68,17,0,2873,68
63,185,0,30600,63
3,107,0,17665,3
49,113,0,18686,49
107,185,0,30634,107
62,36,0,6013,62
14,40,0,6602,14
115,68,0,11324,115
26,216,0,35649,26
138,64,0,10696,138
15,14,1,2322,15
125,29,0,4912,125
96,62,0,10329,96
4,7,0,1163,4
19,149,0,24618,19
91,74,0,12301,91
34,40,0,6613,34
78,94,0,15588,78
97,179,0,29631,97
70,17,0,2875,70
73,82,0,13599,73
118,101,0,16778,118
86,75,0,12457,86
49,190,1,31391,49
148,138,0,22919,148
34,50,0,8263,34
99,26,0,4388,99
77,59,0,9789,77
62,98,0,16243,62
115,118,0,19574,115
101,83,0,13801,101
1,53,0,8756,1
6,46,0,7606,6
30,83,0,13722,30
159,157,0,26064,159
104,85,0,14125,104
138,34,0,5746,138
86,65,0,10807,86
86,36,1,6022,86
151,175,1,29029,151
38,100,0,16529,38
51,68,0,11270,51
139,92,0,15318,139
145,82,0,13676,145
3,32,0,5290,3
152,19,0,3285,152
115,100,0,16604,115
10,145,1,23955,10
110,86,0,14309,110
115,122,0,20234,115
159,9,0,1644,159
115,93,0,15449,115
92,205,1,33917,92
26,178,0,29379,26
32,8,0,1352,32
47,140,0,23149,47
63,78,0,12945,63
145,63,0,10541,145
32,216,0,35672,32
149,177,0,29352,149
4,96,0,15848,4
112,88,0,14628,112
113,172,0,28481,113
119,115,0,19080,119
70,47,1,7825,70
68,83,0,13763,68
22,204,0,33663,22
74,101,0,16742,74
159,91,0,15174,159
108,59,0,9845,108
17,118,0,19488,17
130,91,0,15145,130
158,83,1,13853,158
46,84,1,13903,46
99,93,0,15443,99
117,63,0,10516,117
6,79,0,13051,6
115,161,0,26669,115
54,176,0,29093,54
152,20,0,3450,152
142,116,0,19280,142
53,16,0,2692,53
133,176,0,29179,133
120,201,1,33283,120
152,163,0,27045,152
24,105,0,17362,24
120,28,0,4738,120
81,65,1,10808,81
98,115,0,19072,98
15,124,0,20472,15
49,159,0,26276,49
34,212,0,34993,34
127,24,0,4085,127
87,65,1,10812,87
163,115,0,19137,163
153,5,0,977,153
30,22,0,3657,30
148,216,0,35789,148
120,25,1,4243,120
119,70,0,11655,119
20,204,0,33667,20
8,26,0,4294,8
14,202,1,33332,14
26,125,0,20634,26
34,81,0,13378,34
7,7,0,1155,7
49,26,0,4331,49
138,14,1,2446,138
32,100,1,16532,32
139,130,0,21588,139
119,129,0,21390,119
108,157,0,26015,108
80,70,0,11630,80
98,102,0,16927,98
141,3,0,637,141
37,172,0,28401,37
151,87,0,14509,151
75,174,0,28777,75
124,211,1,34937,124
147,85,0,14173,147
163,160,0,26562,163
7,122,0,20130,7
108,136,0,22550,108
36,52,0,8603,36
141,181,0,30007,141
40,53,1,8790,40
33,43,0,7121,33
152,123,0,20445,152
150,78,0,13026,150
162,189,0,31348,162
21,81,0,13385,21
12,119,0,19636,12
20,56,1,9247,20
42,94,0,15550,42
88,89,0,14770,88
52,74,0,12261,52
112,137,1,22713,112
151,174,1,28864,151
142,19,0,3275,142
15,104,0,17172,15
151,1,0,319,151
5,1,0,193,5
41,132,0,21826,41
136,53,0,8877,136
48,71,0,11762,48
40,126,0,20835,40
29,113,0,18660,29
40,177,0,29250,40
157,204,0,33815,157
80,100,1,16580,80
106,70,0,11653,106
0,50,0,8267,0
6,191,0,31531,6
99,27,0,4553,99
84,191,0,31601,84
123,199,1,32959,123
104,54,0,9010,104
84,156,1,25826,84
4,65,0,10733,4
5,185,0,30553,5
133,58,0,9709,133
98,187,0,30952,98
133,179,0,29674,133
8,1,0,169,8
121,126,0,20910,121
13,122,0,20169,13
135,35,1,5908,135
84,162,0,26816,84
3,58,0,9580,3
99,4,0,758,99
44,198,0,32714,44
68,4,0,728,68
150,147,0,24411,150
152,33,0,5595,152
54,102,0,16883,54
140,128,0,21261,140
133,170,0,28189,133
157,207,0,34310,157
0,126,0,20807,0
63,142,0,23505,63
152,177,0,29355,152
92,15,0,2567,92
0,128,0,21137,0
10,79,0,13065,10
64,185,1,30588,64
12,165,0,27226,12
29,43,0,7110,29
112,83,0,13803,112
21,70,0,11570,21
17,29,0,4803,17
153,24,0,4112,153
145,177,0,29351,145
124,70,0,11672,124
159,65,0,10884,159
101,205,0,33931,101
45,148,0,24462,45
80,40,0,6680,80
53,160,0,26452,53
153,184,0,30512,153
20,104,0,17167,20
37,98,0,16191,37
136,79,0,13167,136
54,43,0,7148,54
124,43,0,7217,124
52,17,0,2856,52
76,170,0,28114,76
108,140,1,23210,108
75,59,0,9802,75
127,44,0,7385,127
128,87,0,14481,128
130,28,0,4750,130
137,11,0,1952,137
27,163,0,26930,27
30,170,0,28077,30
119,63,0,10500,119
24,211,1,34852,24
52,72,0,11931,52
83,199,1,32916,83
139,116,0,19278,139
28,27,0,4489,28
1,161,0,26576,1
87,49,1,8172,87
163,129,0,21447,163
51,84,1,13910,51
135,151,0,25048,135
110,173,0,28664,110
46,7,0,1198,46
9,43,0,7119,9
150,193,1,32001,150
29,63,0,10410,29
68,187,0,30923,68
162,129,0,21448,162
8,87,0,14359,8
10,92,0,15210,10
8,213,0,35149,8
121,129,1,21405,121
128,165,0,27351,128
45,193,1,31887,45
104,107,0,17755,104
47,129,1,21334,47
45,197,0,32547,45
149,202,0,33477,149
25,147,0,24291,25
153,84,0,14012,153
153,165,0,27377,153
12,93,0,15346,12
36,202,0,33353,36
140,51,0,8556,140
27,43,0,7130,27
64,96,0,15903,64
21,126,0,20810,21
75,22,0,3697,75
117,11,0,1936,117
139,70,0,11688,139
119,53,0,8850,119
121,1,0,285,121
124,13,0,2267,124
120,17,0,2923,120
87,138,0,22857,87
41,17,0,2851,41
30,74,0,12237,30
57,147,0,24329,57
131,81,0,13496,131
78,47,0,7833,78
22,8,0,1323,22
96,119,0,19734,96
145,207,0,34301,145
83,129,0,21366,83
98,170,0,28147,98
139,151,0,25053,139
27,204,0,33695,27
26,7,0,1164,26
49,34,0,5651,49
163,145,0,24087,163
150,83,0,13851,150
144,62,0,10375,144
120,197,0,32623,120
62,192,0,31753,62
112,107,1,17763,112
80,16,0,2720,80
78,199,1,32913,78
158,101,1,16823,158
163,89,0,14847,163
79,50,0,8329,79
98,189,0,31282,98
85,147,0,24343,85
53,45,0,7477,53
97,195,0,32271,97
8,62,0,10234,8
41,136,1,22486,41
49,163,0,26936,49
49,17,1,2846,49
20,173,0,28552,20
38,163,0,26924,38
17,159,0,26253,17
84,37,0,6191,84
77,99,0,16389,77
33,29,0,4811,33
158,172,0,28538,158
137,129,1,21422,137
80,78,0,12950,80
98,32,0,5377,98
136,195,0,32307,136
3,156,0,25750,3
157,150,0,24905,157
74,48,0,7997,74
86,34,0,5692,86
14,27,0,4457,14
25,59,0,9771,25
121,187,1,30975,121
152,68,0,11370,152
78,99,0,16413,78
1,211,1,34826,1
48,204,0,33707,48
76,186,0,30754,76
163,26,0,4452,163
124,176,0,29162,124
101,103,0,17101,101
54,212,0,35033,54
77,207,0,34209,77
153,49,0,8237,153
96,129,1,21384,96
24,92,0,15217,24
113,123,0,20396,113
74,174,1,28787,74
128,92,0,15306,128
112,43,0,7203,112
133,102,0,16969,133
91,101,0,16756,91
114,91,0,15122,114
128,170,0,28176,128
74,107,0,17732,74
151,148,0,24574,151
108,142,0,23540,108
31,160,1,26419,31
63,156,0,25815,63
52,27,1,4506,52
77,86,0,14244,77
5,84,1,13888,5
63,72,0,11955,63
115,205,0,33929,115
98,53,0,8842,98
96,39,1,6534,96
31,46,0,7609,31
36,64,0,10583,36
117,17,0,2926,117
9,74,0,12234,9
80,3,0,575,80
152,211,0,34965,152
45,105,0,17367,45
127,43,0,7220,127
3,174,1,28720,3
21,101,0,16685,21
62,137,0,22678,62
19,33,0,5478,19
121,184,1,30480,121
133,49,0,8224,133
5,46,0,7618,5
158,19,0,3293,158
96,29,0,4884,96
31,25,1,4144,31
28,44,0,7294,28
108,98,1,16280,108
99,58,0,9668,99
68,157,0,25973,68
156,208,0,34473,156
68,138,0,22838,68
74,113,0,18722,74
79,11,0,1894,79
63,8,0,1395,63
101,87,0,14461,101
115,39,0,6539,115
9,37,0,6129,9
38,164,0,27089,38
105,154,0,25526,105
131,113,0,18776,131
142,186,0,30830,142
37,179,1,29556,37
78,37,0,6183,78
119,149,0,24690,119
34,207,0,34168,34
119,201,0,33270,119
88,186,0,30775,88
8,191,0,31519,8
98,22,0,3727,98
32,186,0,30722,32
110,45,0,7544,110
150,156,0,25896,150
113,159,0,26336,113
62,123,0,20368,62
164,216,0,35801,164
106,26,0,4393,106
44,167,0,27599,44
107,166,0,27499,107
12,46,0,7591,12
83,118,0,19551,83
22,84,0,13863,22
138,63,0,10531,138
83,148,0,24501,83
34,151,0,24928,34
162,122,1,20293,162
34,199,0,32848,34
163,58,0,9732,163
91,36,1,6031,91
48,34,0,5657,48
47,192,0,31729,47
92,13,0,2237,92
31,75,1,12394,31
7,84,0,13860,7
0,22,0,3647,0
151,70,0,11704,151
152,90,0,15000,152
119,74,0,12315,119
75,27,0,4522,75
86,108,0,17902,86
118,28,0,4733,118
97,7,0,1251,97
124,15,0,2597,124
41,16,0,2686,41
145,208,0,34466,145
30,129,0,21312,30
83,17,0,2886,83
42,82,0,13570,42
87,159,0,26322,87
0,1,0,182,0
1,132,1,21791,1
53,102,0,16882,53
101,53,0,8851,101
105,198,1,32786,105
53,46,0,7642,53
129,52,0,8708,129
123,35,1,5899,123
0,117,0,19322,0
108,150,0,24860,108
46,8,0,1363,46
118,143,1,23708,118
108,64,0,10670,108
76,78,0,12934,76
121,192,0,31800,121
44,39,0,6479,44
148,46,0,7739,148
57,160,0,26474,57
33,4,0,686,33
27,125,1,20660,27
139,197,0,32643,139
135,62,0,10363,135
42,193,0,31885,42
32,119,0,19667,32
112,161,0,26673,112
156,107,0,17808,156
96,51,0,8514,96
86,150,1,24832,86
52,43,0,7146,52
150,28,0,4776,150
27,46,0,7625,27
151,125,0,20779,151
25,143,0,23631,25
144,124,0,20605,144
8,79,0,13039,8
104,5,0,925,104
81,51,0,8498,81
3,165,0,27235,3
46,98,0,16213,46
3,199,1,32845,3
68,105,0,17393,68
3,122,0,20140,3
16,52,0,8602,16
26,25,0,4134,26
164,27,0,4616,164
144,164,0,27205,144
105,159,0,26351,105
120,163,0,27013,120
21,215,0,35495,21
0,213,0,35162,0
74,87,1,14432,74
85,187,0,30943,85
115,79,0,13139,115
99,8,0,1418,99
86,68,0,11302,86
40,105,0,17370,40
148,167,0,27704,148
22,197,0,32508,22
145,47,0,7901,145
33,176,0,29066,33
123,208,0,34444,123
141,145,0,24067,141
110,17,0,2924,110
31,126,0,20809,31
140,93,0,15486,140
119,75,0,12480,119
76,47,0,7819,76
120,71,0,11833,120
51,120,0,19850,51
54,113,0,18698,54
62,128,0,21193,62
27,159,0,26270,27
144,151,0,25060,144
30,107,0,17682,30
41,63,0,10441,41
64,145,0,23988,64
73,96,0,15909,73
159,101,0,16824,159
1,16,0,2651,1
88,46,0,7675,88
133,71,0,11854,133
88,14,0,2395,88
91,154,0,25501,91
14,151,0,24917,14
139,18,0,3108,139
105,200,0,33116,105
63,215,0,35550,63
138,87,0,14491,138
34,130,0,21463,34
151,37,0,6259,151
21,49,0,8105,21
91,75,0,12466,91
84,35,1,5861,84
29,161,0,26580,29
32,105,0,17357,32
68,52,0,8648,68
8,173,0,28549,8
87,84,1,13947,87
17,53,0,8763,17
25,94,0,15546,25
77,64,0,10614,77
133,143,0,23734,133
8,211,0,34819,8
86,132,0,21862,86
70,62,0,10300,70
118,199,1,32948,118
47,195,0,32224,47
152,99,0,16485,152
119,94,0,15615,119
148,122,0,20279,148
141,197,0,32647,141
108,130,0,21560,108
19,40,0,6633,19
12,207,0,34156,12
47,161,0,26614,47
156,78,0,13023,156
133,37,0,6244,133
164,101,1,16826,164
29,115,0,18990,29
97,181,0,29961,97
91,1,0,256,91
97,170,1,28146,97
7,51,0,8415,7
38,130,0,21479,38
45,123,0,20337,45
54,7,0,1208,54
48,163,0,26942,48
6,105,0,17341,6
121,50,0,8370,121
17,207,0,34173,17
91,88,0,14611,91
147,15,0,2623,147
74,29,0,4862,74
31,129,0,21304,31
57,86,0,14264,57
14,25,0,4127,14
108,120,0,19910,108
138,125,0,20761,138
21,35,1,5795,21
114,125,1,20732,114
13,137,0,22644,13
84,13,0,2231,84
114,43,0,7202,114
22,154,0,25413,22
145,204,0,33806,145
16,151,0,24937,16
41,143,0,23641,41
131,35,1,5906,131
119,47,0,7860,119
75,160,0,26467,75
148,99,0,16484,148
44,163,0,26939,44
139,174,1,28848,139
110,93,0,15464,110
120,101,0,16783,120
123,78,0,12994,123
4,197,0,32513,4
75,74,0,12277,75
74,172,0,28457,74
129,140,1,23228,129
124,115,0,19097,124
151,192,0,31834,151
128,116,0,19266,128
19,184,0,30393,19
19,75,1,12408,19
74,9,0,1562,74
49,118,1,19511,49
137,47,0,7892,137
86,122,0,20212,86
107,105,0,17434,107
77,174,1,28764,77
49,89,1,14726,49
16,140,0,23122,16
158,52,0,8738,158
104,136,0,22540,104
123,87,0,14479,123
42,197,0,32545,42
108,118,1,19580,108
0,170,0,28067,0
88,189,0,31270,88
19,185,0,30558,19
80,157,0,25985,80
52,58,0,9621,52
36,98,0,16193,36
157,74,0,12365,157
88,83,0,13780,88
53,202,1,33382,53
75,3,0,562,75
110,175,1,28994,110
115,78,0,12974,115
20,145,1,23932,20
14,119,0,19637,14
40,116,0,19185,40
112,20,0,3408,112
108,50,0,8360,108
86,170,0,28132,86
32,143,0,23627,32
70,65,0,10795,70
87,42,0,7017,87
159,52,0,8739,159
123,88,0,14644,123
40,146,0,24135,40
0,211,0,34832,0
83,26,1,4371,83
47,54,0,8959,47
141,37,0,6247,141
107,41,0,6874,107
133,72,0,12019,133
29,103,0,17010,29
129,91,0,15143,129
0,56,0,9257,0
163,85,0,14187,163
74,49,0,8162,74
63,108,0,17895,63
14,46,0,7592,14
38,89,0,14714,38
113,167,0,27656,113
108,202,1,33440,108
77,175,1,28929,77
42,172,0,28420,42
124,185,1,30647,124
0,157,0,25922,0
47,72,0,11929,47
6,102,0,16846,6
1,138,0,22781,1
78,71,0,11793,78
9,104,0,17184,9
79,66,0,10969,79
46,53,1,8788,46
117,50,0,8371,117
40,164,0,27105,40
101,126,1,20896,101
108,167,0,27665,108
78,79,0,13113,78
138,160,0,26536,138
99,125,1,20723,99
25,123,0,20331,25
33,86,0,14216,33
136,74,0,12342,136
140,88,0,14661,140
80,117,0,19385,80
29,14,0,2325,29
63,212,0,35055,63
97,157,0,26001,97
91,165,0,27316,91
147,143,0,23743,147
16,46,0,7612,16
68,115,0,19043,68
34,59,0,9748,34
129,66,1,11018,129
158,46,0,7748,158
136,177,0,29337,136
106,83,0,13798,106
88,205,0,33910,88
62,211,1,34888,62
163,79,0,13197,163
148,147,0,24404,148
121,198,0,32790,121
98,13,0,2242,98
137,3,1,632,137
153,50,0,8402,153
99,88,0,14618,99
0,132,0,21797,0
112,174,1,28818,112
151,46,0,7744,151
79,174,0,28789,79
78,142,0,23508,78
108,29,0,4895,108
29,154,0,25425,29
107,124,0,20569,107
119,178,0,29475,119
49,88,0,14561,49
73,143,1,23664,73
28,207,0,34189,28
22,156,0,25743,22
147,79,0,13183,147
84,195,0,32261,84
157,200,0,33155,157
40,215,1,35520,40
121,132,0,21900,121
125,80,1,13327,125
115,145,0,24029,115
49,149,0,24626,49
156,195,0,32328,156
53,143,0,23647,53
113,138,0,22871,113
37,148,0,24441,37
76,20,0,3364,76
29,205,0,33840,29
123,68,0,11344,123
46,63,0,10438,46
76,40,0,6664,76
110,26,0,4409,110
136,148,0,24552,136
14,99,0,16337,14
148,79,0,13184,148
15,46,0,7602,15
5,124,0,20488,5
131,116,0,19271,131
30,19,0,3162,30
125,115,0,19102,125
147,50,0,8398,147
68,42,0,6998,68
63,128,0,21195,63
48,13,0,2192,48
133,195,0,32314,133
150,177,0,29361,150
63,82,0,13605,63
32,166,0,27422,32
68,216,0,35708,68
86,104,0,17242,86
88,162,0,26815,88
85,205,1,33913,85
62,191,0,31588,62
129,200,0,33128,129
152,186,0,30840,152
91,45,0,7516,91
73,93,0,15414,73
97,92,0,15276,97
24,166,0,27427,24
117,174,1,28831,117
106,58,0,9673,106
124,208,0,34442,124
142,172,0,28520,142
97,172,0,28476,97
62,17,0,2878,62
158,5,0,983,158
156,15,0,2628,156
163,45,0,7587,163
78,130,0,21528,78
139,146,0,24228,139
108,15,1,2585,108
101,90,0,14956,101
75,150,0,24817,75
31,159,0,26254,31
148,118,0,19619,148
34,58,0,9583,34
63,37,0,6180,63
97,94,1,15606,97
85,41,0,6853,85
92,16,0,2732,92
13,142,0,23469,13
103,94,0,15627,103
99,24,0,4058,99
46,56,0,9283,46
28,94,1,15544,28
133,62,0,10369,133
31,52,0,8599,31
46,93,0,15388,46
144,181,0,30010,144
40,151,0,24960,40
41,107,0,17701,41
16,94,0,15532,16
107,34,0,5719,107
139,8,0,1458,139
97,37,0,6201,97
12,160,0,26401,12
38,24,0,3989,38
138,137,0,22741,138
113,215,0,35576,113
159,202,0,33489,159
51,53,0,8795,51
108,215,1,35585,108
103,200,0,33117,103
156,66,0,11043,156
70,146,0,24160,70
63,34,0,5685,63
115,157,0,26009,115
145,164,0,27206,145
91,176,0,29131,91
4,43,0,7103,4
140,27,0,4596,140
119,172,0,28485,119
124,8,0,1442,124
117,78,0,12991,117
68,181,0,29933,68
5,91,0,15043,5
12,129,0,21286,12
130,146,0,24220,130
151,44,0,7414,151
44,93,0,15389,44
42,150,0,24790,42
76,98,1,16234,76
149,98,0,16317,149
133,14,0,2449,133
147,142,0,23578,147
85,92,0,15268,85
32,151,0,24947,32
144,94,0,15655,144
68,120,0,19868,68
137,63,0,10532,137
9,62,0,10254,9
54,63,0,10448,54
6,84,0,13876,6
74,47,1,7832,74
112,142,0,23538,112
78,191,0,31593,78
14,118,0,19472,14
21,151,1,24935,21
113,94,0,15611,113
86,140,0,23182,86
149,118,0,19617,149
34,172,0,28393,34
85,39,0,6523,85
