Substrate Index,Enzyme Index,Label,Dock Index,positive_reactions,dataset_id,tag,logit,prob
143,113,0,18788,143,0,0,-8.208279,0.00027231502
94,191,0,31608,94,0,0,-1.0265948,0.2637448
161,16,0,2797,161,0,0,-0.33815083,0.41625872
89,173,1,28634,89,0,0,0.9896576,0.7290203
157,85,0,14180,157,0,0,-1.010618,0.26685894
26,141,0,23274,26,0,0,-0.30216512,0.4250283
48,83,0,13742,48,0,0,0.86861223,0.70445687
24,71,0,11752,24,0,0,-4.3468447,0.012782104
65,189,0,31251,65,0,0,0.13692778,0.53417856
19,204,0,33693,19,0,0,-1.7779512,0.1445563
29,28,0,4635,29,0,0,1.5404322,0.8235276
152,10,0,1800,152,0,0,0.89712363,0.710358
68,112,0,18548,68,0,0,-0.83005846,0.3036327
139,44,0,7398,139,0,0,-0.48415,0.38127264
20,16,1,2647,20,0,0,-0.33815083,0.41625872
102,176,0,29155,102,0,0,-3.5805154,0.027106123
162,134,0,22273,162,0,0,1.7873898,0.85660696
76,190,0,31414,76,0,0,-3.7208788,0.023640284
13,160,0,26439,13,0,0,1.1701784,0.7631773
30,58,0,9597,30,0,0,-0.8597182,0.2973982
100,179,0,29646,100,0,0,-4.472768,0.011286829
29,112,0,18495,29,0,0,-0.83005846,0.3036327
95,41,0,6859,95,0,0,4.0977917,0.98366207
25,125,0,20661,25,0,0,-1.9668355,0.12272919
72,43,0,7160,72,0,0,-1.1414603,0.24205235
135,47,0,7888,135,0,0,5.323983,0.9951503
41,83,0,13741,41,0,0,0.86861223,0.70445687
155,43,0,7246,155,0,0,-1.1414603,0.24205235
26,144,0,23769,26,0,0,-0.2694777,0.4330353
67,154,0,25469,67,0,0,-2.4342835,0.08059549
111,163,0,27009,111,0,0,-0.14802814,0.4630604
22,205,0,33828,22,0,0,3.0824637,0.9561636
77,96,0,15894,77,0,0,-0.7005422,0.331692
107,0,0,109,107,0,0,-2.6283884,0.06733359
119,162,0,26835,119,0,0,-1.7663476,0.14599712
113,1,0,266,113,0,0,-2.0700302,0.11204404
81,98,0,16253,81,0,0,-0.6287151,0.34780195
27,5,1,860,27,0,0,-4.3107796,0.013245288
164,41,0,6926,164,0,0,4.0977917,0.98366207
74,7,0,1232,74,0,0,-3.8243132,0.021366913
20,107,0,17662,20,0,0,-2.4728017,0.07778701
31,19,0,3154,31,0,0,-2.4047847,0.08280857
103,73,0,12162,103,0,0,1.9125028,0.87130004
49,212,0,35021,49,0,0,0.8991241,0.7107695
30,44,0,7287,30,0,0,-0.48415,0.38127264
161,202,1,33487,161,0,0,-2.6920795,0.06344234
48,23,0,3842,48,0,0,2.125312,0.89333916
65,68,0,11286,65,0,0,1.2596853,0.7789719
56,69,0,11445,56,0,0,-0.9257092,0.28379604
64,198,0,32733,64,0,0,-0.5406706,0.3680316
31,42,0,6949,31,0,0,-0.4071209,0.39960268
136,145,0,24057,136,0,0,3.5670865,0.97253746
3,108,0,17830,3,0,0,1.1149006,0.7530416
50,215,1,35533,50,0,0,-0.32257694,0.42004785
136,38,1,6402,136,0,0,-2.0364141,0.115432374
61,176,0,29101,61,0,0,-3.5805154,0.027106123
83,140,0,23181,83,0,0,-2.2864366,0.09225252
96,135,0,22374,96,0,0,2.9254026,0.949088
38,26,0,4319,38,0,0,-1.9577229,0.123713695
146,16,0,2784,146,0,0,-0.33815083,0.41625872
34,216,0,35653,34,0,0,2.892348,0.94746685
114,30,0,5057,114,0,0,0.7758248,0.6847796
66,13,0,2200,66,0,0,-1.401005,0.19765668
100,196,0,32451,100,0,0,2.8387551,0.9447345
146,53,0,8889,146,0,0,1.8304937,0.8618205
131,115,0,19106,131,0,0,-0.73210156,0.32473373
24,128,1,21157,24,0,0,-0.8148542,0.30685705
106,159,0,26338,106,0,0,-2.837,0.055357214
109,208,0,34432,109,0,0,1.4279368,0.80657965
114,146,0,24197,114,0,0,0.25773755,0.56408006
78,162,0,26808,78,0,0,-1.7663476,0.14599712
89,169,1,27974,89,0,0,-2.2903948,0.09192159
112,190,1,31458,112,0,0,-3.7208788,0.023640284
15,171,0,28227,15,0,0,-0.72275156,0.32678735
80,151,0,24995,80,0,0,-3.830502,0.021237884
120,82,1,13648,120,0,0,-0.21422713,0.4466471
120,136,1,22558,120,0,0,0.6312155,0.65276504
39,97,0,16019,39,0,0,-1.0007296,0.268798
81,196,0,32423,81,0,0,2.8387551,0.9447345
87,121,1,20052,87,0,0,-5.4067316,0.0044662426
29,179,0,29550,29,0,0,-4.472768,0.011286829
147,37,0,6253,147,0,0,-0.4699734,0.38462254
19,147,0,24288,19,0,0,-3.2721286,0.03653982
24,212,0,35017,24,0,0,0.8991241,0.7107695
37,124,0,20481,37,0,0,-3.1635184,0.040561907
14,63,0,10397,14,0,0,-1.0092146,0.26713356
56,131,0,21675,56,0,0,-3.1999748,0.03916667
69,150,0,24812,69,0,0,0.1452004,0.53623646
112,7,0,1263,112,0,0,-3.8243132,0.021366913
96,1,0,264,96,0,0,-2.0700302,0.11204404
160,108,0,17984,160,0,0,1.1149006,0.7530416
110,205,1,33944,110,0,0,3.0824637,0.9561636
39,82,0,13544,39,0,0,-0.21422713,0.4466471
65,96,0,15906,65,0,0,-0.7005422,0.331692
97,13,0,2241,97,0,0,-1.401005,0.19765668
71,33,0,5502,71,0,0,-0.51278126,0.37454176
61,179,0,29596,61,0,0,-4.472768,0.011286829
109,108,0,17932,109,0,0,1.1149006,0.7530416
83,105,1,17406,83,0,0,2.681119,0.9359033
96,172,0,28479,96,0,0,-1.4617598,0.18819831
42,99,0,16375,42,0,0,-0.77462655,0.31547913
104,24,0,4060,104,0,0,2.4342709,0.91940355
48,76,0,12587,48,0,0,1.5490427,0.8247754
45,176,0,29082,45,0,0,-3.5805154,0.027106123
116,79,0,13137,116,0,0,-3.39921,0.032320164
105,204,0,33776,105,0,0,-1.7779512,0.1445563
157,43,0,7250,157,0,0,-1.1414603,0.24205235
28,39,0,6469,28,0,0,1.7614534,0.8533916
1,175,0,28886,1,0,0,0.3924312,0.5968678
71,156,1,25797,71,0,0,-0.16150811,0.4597105
42,76,0,12580,42,0,0,1.5490427,0.8247754
13,206,1,34029,13,0,0,-0.48542544,0.38097182
12,52,0,8581,12,0,0,-0.6370729,0.34590852
63,153,0,25320,63,0,0,0.12152326,0.5303435
24,193,1,31882,24,0,0,3.8734593,0.9796369
43,71,0,11763,43,0,0,-4.3468447,0.012782104
23,48,0,7925,23,0,0,-2.4969263,0.07607394
56,53,1,8805,56,0,0,1.8304937,0.8618205
56,146,0,24150,56,0,0,0.25773755,0.56408006
103,64,0,10677,103,0,0,0.22370961,0.5556953
122,178,0,29493,122,0,0,-2.9037356,0.051969204
58,23,0,3866,58,0,0,2.125312,0.89333916
119,202,0,33435,119,0,0,-2.6920795,0.06344234
96,113,0,18744,96,0,0,-8.208279,0.00027231502
64,212,1,35043,64,0,0,0.8991241,0.7107695
15,19,0,3147,15,0,0,-2.4047847,0.08280857
62,197,0,32578,62,0,0,-5.133575,0.005860894
108,84,1,13970,108,0,0,1.6638818,0.8407584
118,19,0,3248,118,0,0,-2.4047847,0.08280857
140,191,0,31656,140,0,0,-1.0265948,0.2637448
145,58,0,9716,145,0,0,-0.8597182,0.2973982
48,68,0,11267,48,0,0,1.2596853,0.7789719
133,215,1,35614,133,0,0,-0.32257694,0.42004785
77,41,0,6819,77,0,0,4.0977917,0.98366207
70,169,0,27955,70,0,0,-2.2903948,0.09192159
157,52,0,8735,157,0,0,-0.6370729,0.34590852
142,147,0,24395,142,0,0,-3.2721286,0.03653982
106,0,0,103,106,0,0,-2.6283884,0.06733359
24,73,0,12082,24,0,0,1.9125028,0.87130004
52,95,0,15726,52,0,0,-6.1478186,0.002133579
135,103,0,17128,135,0,0,-0.4217812,0.3960906
164,50,0,8411,164,0,0,-1.8266549,0.13863724
18,67,0,11093,18,0,0,2.2135396,0.9014588
76,62,0,10294,76,0,0,1.1302793,0.7558904
50,15,0,2533,50,0,0,-1.212281,0.22929771
2,165,0,27231,2,0,0,-0.006789565,0.4983026
116,10,0,1752,116,0,0,0.89712363,0.710358
24,137,0,22642,24,0,0,-1.5596728,0.1736936
62,32,0,5353,62,0,0,0.9187327,0.7147838
66,52,0,8635,66,0,0,-0.6370729,0.34590852
50,155,0,25633,50,0,0,-0.32563835,0.41930225
6,50,0,8266,6,0,0,-1.8266549,0.13863724
38,208,0,34349,38,0,0,1.4279368,0.80657965
120,96,0,15958,120,0,0,-0.7005422,0.331692
7,179,0,29535,7,0,0,-4.472768,0.011286829
100,150,0,24861,100,0,0,0.1452004,0.53623646
33,182,0,30056,33,0,0,0.9060196,0.71218497
62,19,0,3208,62,0,0,-2.4047847,0.08280857
22,30,0,4953,22,0,0,0.7758248,0.6847796
110,62,0,10349,110,0,0,1.1302793,0.7558904
66,205,1,33880,66,0,0,3.0824637,0.9561636
16,112,0,18502,16,0,0,-0.83005846,0.3036327
56,206,0,34050,56,0,0,-0.48542544,0.38097182
70,186,0,30760,70,0,0,-1.1687648,0.23707832
122,142,0,23553,122,0,0,-0.42403874,0.39555073
90,124,0,20550,90,0,0,-3.1635184,0.040561907
95,169,0,27979,95,0,0,-2.2903948,0.09192159
133,35,0,5914,133,0,0,2.8851218,0.94710606
28,13,0,2179,28,0,0,-1.401005,0.19765668
59,127,0,21011,59,0,0,0.97098786,0.72531635
49,122,0,20171,49,0,0,-0.67312354,0.3377978
104,167,0,27655,104,0,0,-1.4176092,0.19503665
28,69,1,11419,28,0,0,-0.9257092,0.28379604
115,28,0,4724,115,0,0,1.5404322,0.8235276
83,82,0,13611,83,0,0,-0.21422713,0.4466471
66,71,0,11770,66,0,0,-4.3468447,0.012782104
161,175,1,29032,161,0,0,0.3924312,0.5968678
159,68,0,11379,159,0,0,1.2596853,0.7789719
10,36,1,5970,10,0,0,-7.329728,0.0006553221
59,19,0,3191,59,0,0,-2.4047847,0.08280857
138,192,1,31816,138,0,0,-1.5278697,0.17830558
36,162,0,26753,36,0,0,-1.7663476,0.14599712
141,2,0,472,141,0,0,-1.2846,0.21676822
108,43,0,7205,108,0,0,-1.1414603,0.24205235
78,34,0,5688,78,0,0,-0.89774346,0.28951442
153,212,0,35132,153,0,0,0.8991241,0.7107695
71,93,0,15402,71,0,0,-0.91739774,0.28548843
77,132,0,21834,77,0,0,2.6511521,0.934082
131,107,1,17786,131,0,0,-2.4728017,0.07778701
149,97,0,16152,149,0,0,-1.0007296,0.268798
100,25,0,4236,100,0,0,1.6360474,0.8369964
46,201,0,33208,46,0,0,-3.224447,0.03825603
77,203,0,33549,77,0,0,-2.6337276,0.06699906
17,21,0,3483,17,0,0,0.48414403,0.61872596
153,73,0,12197,153,0,0,1.9125028,0.87130004
12,126,0,20791,12,0,0,-1.7666025,0.14596535
31,183,1,30214,31,0,0,-1.6336029,0.16333741
0,69,0,11402,0,0,0,-0.9257092,0.28379604
135,98,1,16303,135,0,0,-0.6287151,0.34780195
113,0,0,101,113,0,0,-2.6283884,0.06733359
90,52,0,8670,90,0,0,-0.6370729,0.34590852
57,80,0,13274,57,0,0,-0.059322357,0.48517376
11,78,0,12901,11,0,0,-0.025013804,0.49374688
150,217,0,35961,150,0,0,-0.9511688,0.27864984
49,154,0,25451,49,0,0,-2.4342835,0.08059549
103,72,0,11997,103,0,0,0.93011564,0.7170988
76,69,0,11449,76,0,0,-0.9257092,0.28379604
130,154,0,25540,130,0,0,-2.4342835,0.08059549
140,48,0,8061,140,0,0,-2.4969263,0.07607394
47,41,0,6814,47,0,0,4.0977917,0.98366207
154,215,0,35635,154,0,0,-0.32257694,0.42004785
160,194,0,32174,160,0,0,-1.0653789,0.2562829
120,32,0,5398,120,0,0,0.9187327,0.7147838
67,178,0,29429,67,0,0,-2.9037356,0.051969204
46,196,1,32383,46,0,0,2.8387551,0.9447345
104,56,1,9340,104,0,0,0.5575964,0.6358962
85,62,0,10318,85,0,0,1.1302793,0.7558904
137,14,0,2447,137,0,0,2.7703085,0.9410501
25,47,1,7791,25,0,0,5.323983,0.9951503
41,215,1,35521,41,0,0,-0.32257694,0.42004785
109,133,0,22057,109,0,0,-3.5224102,0.028681276
113,210,0,34751,113,0,0,-0.4756602,0.38327742
144,63,0,10540,144,0,0,-1.0092146,0.26713356
109,42,1,7042,109,0,0,-0.4071209,0.39960268
134,145,0,24059,134,0,0,3.5670865,0.97253746
95,139,0,23029,95,0,0,0.74813247,0.6787716
158,210,0,34808,158,0,0,-0.4756602,0.38327742
126,93,0,15474,126,0,0,-0.91739774,0.28548843
110,59,0,9854,110,0,0,1.2554069,0.7782344
67,27,0,4514,67,0,0,3.8139992,0.9784163
72,115,0,19040,72,0,0,-0.73210156,0.32473373
95,194,0,32104,95,0,0,-1.0653789,0.2562829
7,144,0,23760,7,0,0,-0.2694777,0.4330353
99,13,0,2243,99,0,0,-1.401005,0.19765668
127,62,0,10355,127,0,0,1.1302793,0.7558904
140,206,0,34131,140,0,0,-0.48542544,0.38097182
51,133,0,21995,51,0,0,-3.5224102,0.028681276
148,151,0,25064,148,0,0,-3.830502,0.021237884
136,151,0,25047,136,0,0,-3.830502,0.021237884
11,55,0,9106,11,0,0,-2.4251432,0.08127538
73,90,0,14919,73,0,0,-0.5269166,0.37123632
29,34,0,5625,29,0,0,-0.89774346,0.28951442
145,94,0,15656,145,0,0,-0.25244072,0.43722284
92,163,0,26987,92,0,0,-0.14802814,0.4630604
46,39,0,6478,46,0,0,1.7614534,0.8533916
103,136,0,22557,103,0,0,0.6312155,0.65276504
160,201,1,33329,160,0,0,-3.224447,0.03825603
12,41,0,6766,12,0,0,4.0977917,0.98366207
117,122,0,20251,117,0,0,-0.67312354,0.3377978
5,37,0,6133,5,0,0,-0.4699734,0.38462254
147,165,0,27373,147,0,0,-0.006789565,0.4983026
92,46,0,7682,92,0,0,-1.5868907,0.1698218
63,28,0,4695,63,0,0,1.5404322,0.8235276
61,189,0,31246,61,0,0,0.13692778,0.53417856
143,76,0,12683,143,0,0,1.5490427,0.8247754
6,10,0,1666,6,0,0,0.89712363,0.710358
151,209,0,34639,151,0,0,-1.9596634,0.123503484
144,152,0,25225,144,0,0,-1.8155067,0.13997391
155,160,0,26551,155,0,0,1.1701784,0.7631773
75,194,0,32077,75,0,0,-1.0653789,0.2562829
54,172,0,28433,54,0,0,-1.4617598,0.18819831
45,152,0,25122,45,0,0,-1.8155067,0.13997391
66,135,0,22330,66,0,0,2.9254026,0.949088
117,53,0,8866,117,0,0,1.8304937,0.8618205
19,25,0,4158,19,0,0,1.6360474,0.8369964
94,34,0,5703,94,0,0,-0.89774346,0.28951442
110,136,0,22559,110,0,0,0.6312155,0.65276504
84,84,1,13946,84,0,0,1.6638818,0.8407584
90,160,1,26490,90,0,0,1.1701784,0.7631773
147,18,0,3118,147,0,0,-2.078091,0.111244574
151,79,0,13189,151,0,0,-3.39921,0.032320164
65,216,0,35706,65,0,0,2.892348,0.94746685
150,203,0,33651,150,0,0,-2.6337276,0.06699906
101,112,0,18586,101,0,0,-0.83005846,0.3036327
134,48,0,8054,134,0,0,-2.4969263,0.07607394
65,101,0,16731,65,0,0,-2.8819857,0.053051293
149,41,0,6912,149,0,0,4.0977917,0.98366207
146,186,0,30834,146,0,0,-1.1687648,0.23707832
85,128,0,21208,85,0,0,-0.8148542,0.30685705
63,23,0,3870,63,0,0,2.125312,0.89333916
14,171,0,28217,14,0,0,-0.72275156,0.32678735
96,114,0,18909,96,0,0,2.3294578,0.9112875
76,156,0,25804,76,0,0,-0.16150811,0.4597105
131,1,0,296,131,0,0,-2.0700302,0.11204404
121,104,1,17280,121,0,0,0.6592166,0.6590844
134,45,0,7559,134,0,0,1.1304882,0.755929
124,113,0,18767,124,0,0,-8.208279,0.00027231502
24,141,1,23302,24,0,0,-0.30216512,0.4250283
14,74,0,12212,14,0,0,-0.62289315,0.34912375
111,154,0,25524,111,0,0,-2.4342835,0.08059549
131,11,0,1946,131,0,0,-10.404184,3.030449e-05
136,109,0,18117,136,0,0,-1.6453142,0.16174325
24,12,0,2017,24,0,0,1.1768677,0.76438415
81,68,0,11303,81,0,0,1.2596853,0.7789719
150,205,0,33981,150,0,0,3.0824637,0.9561636
88,23,0,3880,88,0,0,2.125312,0.89333916
22,162,0,26733,22,0,0,-1.7663476,0.14599712
136,136,1,22572,136,0,0,0.6312155,0.65276504
10,213,0,35175,10,0,0,-1.093512,0.25095752
14,21,0,3467,14,0,0,0.48414403,0.61872596
74,153,1,25322,74,0,0,0.12152326,0.5303435
16,11,0,1837,16,0,0,-10.404184,3.030449e-05
25,72,1,11916,25,0,0,0.93011564,0.7170988
28,22,0,3664,28,0,0,-2.961879,0.04917807
10,43,0,7125,10,0,0,-1.1414603,0.24205235
2,172,0,28386,2,0,0,-1.4617598,0.18819831
136,130,0,21582,136,0,0,-0.9771749,0.2734527
120,153,0,25363,120,0,0,0.12152326,0.5303435
38,44,0,7289,38,0,0,-0.48415,0.38127264
145,214,0,35456,145,0,0,0.30544943,0.57577413
46,174,1,28753,46,0,0,2.8199017,0.94374186
78,114,0,18888,78,0,0,2.3294578,0.9112875
24,201,0,33202,24,0,0,-3.224447,0.03825603
85,84,1,13948,85,0,0,1.6638818,0.8407584
133,198,0,32809,133,0,0,-0.5406706,0.3680316
94,136,0,22533,94,0,0,0.6312155,0.65276504
151,172,0,28534,151,0,0,-1.4617598,0.18819831
36,176,0,29063,36,0,0,-3.5805154,0.027106123
81,27,0,4538,81,0,0,3.8139992,0.9784163
70,79,0,13105,70,0,0,-3.39921,0.032320164
84,163,0,26981,84,0,0,-0.14802814,0.4630604
79,101,0,16744,79,0,0,-2.8819857,0.053051293
110,126,0,20909,110,0,0,-1.7666025,0.14596535
45,65,1,10767,45,0,0,0.27131093,0.5674147
67,69,1,11444,67,0,0,-0.9257092,0.28379604
91,99,0,16426,91,0,0,-0.77462655,0.31547913
118,71,0,11828,118,0,0,-4.3468447,0.012782104
158,200,0,33158,158,0,0,-0.7016182,0.33145356
111,145,1,24039,111,0,0,3.5670865,0.97253746
97,21,1,3561,97,0,0,0.48414403,0.61872596
15,28,0,4632,15,0,0,1.5404322,0.8235276
83,166,1,27471,83,0,0,2.7208607,0.9382464
85,17,0,2893,85,0,0,-0.029760048,0.49256054
106,103,0,17098,106,0,0,-0.4217812,0.3960906
8,171,0,28219,8,0,0,-0.72275156,0.32678735
52,187,0,30906,52,0,0,0.65044945,0.65711176
48,209,1,34532,48,0,0,-1.9596634,0.123503484
117,91,0,15136,117,0,0,-0.20702364,0.44842815
93,119,0,19730,93,0,0,3.6162086,0.97381943
0,13,0,2162,0,0,0,-1.401005,0.19765668
98,135,0,22372,98,0,0,2.9254026,0.949088
153,16,0,2792,153,0,0,-0.33815083,0.41625872
9,86,0,14214,9,0,0,-4.75553,0.008530587
158,29,0,4943,158,0,0,-0.34640875,0.41425356
28,9,0,1519,28,0,0,-1.5924311,0.16904214
157,51,0,8570,157,0,0,-2.202098,0.09956226
46,29,0,4828,46,0,0,-0.34640875,0.41425356
27,200,0,33035,27,0,0,-0.7016182,0.33145356
33,140,0,23126,33,0,0,-2.2864366,0.09225252
62,23,0,3868,62,0,0,2.125312,0.89333916
76,82,0,13594,76,0,0,-0.21422713,0.4466471
132,59,0,9870,132,0,0,1.2554069,0.7782344
55,195,0,32251,55,0,0,-0.04642749,0.4883952
144,172,0,28525,144,0,0,-1.4617598,0.18819831
99,110,0,18248,99,0,0,0.166287,0.54147625
100,138,1,22881,100,0,0,0.21283814,0.55300957
57,8,0,1394,57,0,0,-3.5291336,0.028494563
110,110,0,18269,110,0,0,0.166287,0.54147625
148,90,0,14999,148,0,0,-0.5269166,0.37123632
62,2,0,403,62,0,0,-1.2846,0.21676822
124,47,1,7877,124,0,0,5.323983,0.9951503
68,125,0,20693,68,0,0,-1.9668355,0.12272919
84,144,0,23846,84,0,0,-0.2694777,0.4330353
164,198,0,32831,164,0,0,-0.5406706,0.3680316
74,147,0,24332,74,0,0,-3.2721286,0.03653982
97,81,0,13461,97,0,0,0.2535166,0.56304187
136,179,0,29667,136,0,0,-4.472768,0.011286829
151,23,0,3949,151,0,0,2.125312,0.89333916
115,90,0,14954,115,0,0,-0.5269166,0.37123632
154,155,0,25735,154,0,0,-0.32563835,0.41930225
113,72,0,11981,113,0,0,0.93011564,0.7170988
144,144,0,23905,144,0,0,-0.2694777,0.4330353
94,123,0,20388,94,0,0,-2.4279943,0.08106276
86,116,0,19222,86,0,0,-1.2288566,0.22638161
66,64,0,10615,66,0,0,0.22370961,0.5556953
136,12,0,2112,136,0,0,1.1768677,0.76438415
164,206,1,34151,164,0,0,-0.48542544,0.38097182
46,23,0,3838,46,0,0,2.125312,0.89333916
112,37,0,6213,112,0,0,-0.4699734,0.38462254
78,104,0,17238,78,0,0,0.6592166,0.6590844
129,78,0,12998,129,0,0,-0.025013804,0.49374688
124,0,0,122,124,0,0,-2.6283884,0.06733359
79,167,0,27634,79,0,0,-1.4176092,0.19503665
88,174,1,28795,88,0,0,2.8199017,0.94374186
155,107,0,17806,155,0,0,-2.4728017,0.07778701
157,160,0,26555,157,0,0,1.1701784,0.7631773
158,126,0,20948,158,0,0,-1.7666025,0.14596535
3,91,1,15025,3,0,0,-0.20702364,0.44842815
55,58,0,9646,55,0,0,-0.8597182,0.2973982
28,4,0,694,28,0,0,-0.69811064,0.33223125
97,207,0,34251,97,0,0,-3.4952805,0.029446814
115,180,0,29804,115,0,0,-1.239552,0.22451398
157,40,0,6755,157,0,0,0.5982514,0.64525616
43,213,0,35193,43,0,0,-1.093512,0.25095752
2,20,0,3306,2,0,0,-0.9151546,0.28594622
64,63,0,10458,64,0,0,-1.0092146,0.26713356
88,143,1,23680,88,0,0,-1.0126758,0.2664565
17,10,0,1668,17,0,0,0.89712363,0.710358
148,201,0,33314,148,0,0,-3.224447,0.03825603
19,67,0,11088,19,0,0,2.2135396,0.9014588
43,45,0,7473,43,0,0,1.1304882,0.755929
136,129,1,21417,136,0,0,-1.8620393,0.13446553
135,119,0,19768,135,0,0,3.6162086,0.97381943
153,46,0,7742,153,0,0,-1.5868907,0.1698218
25,2,0,366,25,0,0,-1.2846,0.21676822
61,138,0,22831,61,0,0,0.21283814,0.55300957
5,169,0,27913,5,0,0,-2.2903948,0.09192159
84,3,1,581,84,0,0,-1.6873546,0.15612406
54,20,0,3353,54,0,0,-0.9151546,0.28594622
33,75,1,12401,33,0,0,3.74163,0.976834
113,38,0,6371,113,0,0,-2.0364141,0.115432374
13,110,0,18189,13,0,0,0.166287,0.54147625
36,51,0,8438,36,0,0,-2.202098,0.09956226
163,48,0,8082,163,0,0,-2.4969263,0.07607394
114,49,1,8192,114,0,0,-2.9024777,0.052031215
139,164,0,27198,139,0,0,0.026692986,0.50667286
89,40,1,6689,89,0,0,0.5982514,0.64525616
39,157,0,25919,39,0,0,-0.5148577,0.37405545
91,148,0,24511,91,0,0,0.6483708,0.6566432
89,129,1,21374,89,0,0,-1.8620393,0.13446553
14,68,0,11222,14,0,0,1.2596853,0.7789719
130,86,0,14320,130,0,0,-4.75553,0.008530587
160,126,0,20954,160,0,0,-1.7666025,0.14596535
55,115,0,19051,55,0,0,-0.73210156,0.32473373
101,175,0,28981,101,0,0,0.3924312,0.5968678
141,99,0,16477,141,0,0,-0.77462655,0.31547913
82,208,0,34404,82,0,0,1.4279368,0.80657965
38,127,0,20984,38,0,0,0.97098786,0.72531635
57,132,0,21854,57,0,0,2.6511521,0.934082
144,64,0,10705,144,0,0,0.22370961,0.5556953
106,179,0,29638,106,0,0,-4.472768,0.011286829
117,215,1,35596,117,0,0,-0.32257694,0.42004785
149,132,0,21927,149,0,0,2.6511521,0.934082
66,169,0,27940,66,0,0,-2.2903948,0.09192159
104,142,0,23530,104,0,0,-0.42403874,0.39555073
119,67,0,11160,119,0,0,2.2135396,0.9014588
88,57,1,9490,88,0,0,4.307292,0.98670906
139,175,0,29013,139,0,0,0.3924312,0.5968678
59,174,0,28766,59,0,0,2.8199017,0.94374186
157,153,0,25400,157,0,0,0.12152326,0.5303435
75,137,0,22672,75,0,0,-1.5596728,0.1736936
31,51,0,8434,31,0,0,-2.202098,0.09956226
75,32,0,5347,75,0,0,0.9187327,0.7147838
143,155,0,25718,143,0,0,-0.32563835,0.41930225
123,165,0,27349,123,0,0,-0.006789565,0.4983026
104,203,0,33595,104,0,0,-2.6337276,0.06699906
88,30,0,5035,88,0,0,0.7758248,0.6847796
43,214,0,35358,43,0,0,0.30544943,0.57577413
129,170,0,28178,129,0,0,-1.2602379,0.22093293
16,77,0,12727,16,0,0,-4.700327,0.009010379
118,121,1,20078,118,0,0,-5.4067316,0.0044662426
4,140,0,23108,4,0,0,-2.2864366,0.09225252
4,177,0,29213,4,0,0,-0.39797235,0.4017996
34,76,0,12553,34,0,0,1.5490427,0.8247754
97,80,0,13296,97,0,0,-0.059322357,0.48517376
14,134,0,22112,14,0,0,1.7873898,0.85660696
114,180,0,29807,114,0,0,-1.239552,0.22451398
107,217,0,35914,107,0,0,-0.9511688,0.27864984
109,24,0,4072,109,0,0,2.4342709,0.91940355
26,156,0,25749,26,0,0,-0.16150811,0.4597105
147,158,0,26218,147,0,0,1.3191829,0.78904575
13,1,0,204,13,0,0,-2.0700302,0.11204404
52,203,0,33546,52,0,0,-2.6337276,0.06699906
50,133,1,22003,50,0,0,-3.5224102,0.028681276
107,167,0,27664,107,0,0,-1.4176092,0.19503665
33,105,0,17351,33,0,0,2.681119,0.9359033
81,60,0,9983,81,0,0,2.3020887,0.90904987
91,34,0,5701,91,0,0,-0.89774346,0.28951442
24,154,0,25447,24,0,0,-2.4342835,0.08059549
131,46,0,7721,131,0,0,-1.5868907,0.1698218
44,158,0,26114,44,0,0,1.3191829,0.78904575
131,206,0,34121,131,0,0,-0.48542544,0.38097182
100,162,0,26841,100,0,0,-1.7663476,0.14599712
58,48,0,7991,58,0,0,-2.4969263,0.07607394
129,151,0,25043,129,0,0,-3.830502,0.021237884
44,169,0,27929,44,0,0,-2.2903948,0.09192159
4,159,0,26243,4,0,0,-2.837,0.055357214
31,188,0,31039,31,0,0,-0.5415916,0.36781743
147,34,0,5758,147,0,0,-0.89774346,0.28951442
91,31,1,5206,91,0,0,-2.0365837,0.11541507
129,37,0,6233,129,0,0,-0.4699734,0.38462254
49,76,0,12581,49,0,0,1.5490427,0.8247754
131,29,0,4916,131,0,0,-0.34640875,0.41425356
92,89,1,14777,92,0,0,-0.22568604,0.44381675
147,36,0,6088,147,0,0,-7.329728,0.0006553221
36,48,0,7943,36,0,0,-2.4969263,0.07607394
25,27,0,4491,25,0,0,3.8139992,0.9784163
103,176,0,29157,103,0,0,-3.5805154,0.027106123
159,139,0,23094,159,0,0,0.74813247,0.6787716
21,31,0,5135,21,0,0,-2.0365837,0.11541507
128,27,1,4581,128,0,0,3.8139992,0.9784163
18,111,0,18353,18,0,0,2.9755948,0.95145935
97,85,0,14121,97,0,0,-1.010618,0.26685894
4,94,0,15518,4,0,0,-0.25244072,0.43722284
14,77,0,12707,14,0,0,-4.700327,0.009010379
45,104,0,17202,45,0,0,0.6592166,0.6590844
74,82,0,13607,74,0,0,-0.21422713,0.4466471
65,117,0,19371,65,0,0,-1.0122952,0.2665309
24,169,0,27922,24,0,0,-2.2903948,0.09192159
106,145,0,24028,106,0,0,3.5670865,0.97253746
156,191,0,31668,156,0,0,-1.0265948,0.2637448
8,113,0,18649,8,0,0,-8.208279,0.00027231502
78,214,0,35388,78,0,0,0.30544943,0.57577413
92,199,1,32927,92,0,0,1.0903363,0.74844503
24,65,1,10762,24,0,0,0.27131093,0.5674147
13,166,0,27429,13,0,0,2.7208607,0.9382464
132,162,0,26865,132,0,0,-1.7663476,0.14599712
126,29,0,4914,126,0,0,-0.34640875,0.41425356
33,179,0,29561,33,0,0,-4.472768,0.011286829
115,92,0,15284,115,0,0,-1.9034204,0.12972184
6,52,0,8596,6,0,0,-0.6370729,0.34590852
113,185,0,30626,113,0,0,0.88764185,0.7084033
38,212,0,35009,38,0,0,0.8991241,0.7107695
68,124,0,20528,68,0,0,-3.1635184,0.040561907
4,165,0,27233,4,0,0,-0.006789565,0.4983026
51,35,1,5825,51,0,0,2.8851218,0.94710606
130,129,0,21415,130,0,0,-1.8620393,0.13446553
103,139,0,23052,103,0,0,0.74813247,0.6787716
102,123,0,20410,102,0,0,-2.4279943,0.08106276
92,134,1,22202,92,0,0,1.7873898,0.85660696
85,70,0,11638,85,0,0,-2.8239853,0.056041732
18,182,1,30068,18,0,0,0.9060196,0.71218497
56,84,0,13920,56,0,0,1.6638818,0.8407584
59,5,0,881,59,0,0,-4.3107796,0.013245288
45,122,1,20172,45,0,0,-0.67312354,0.3377978
121,92,0,15300,121,0,0,-1.9034204,0.12972184
48,154,0,25457,48,0,0,-2.4342835,0.08059549
29,143,0,23610,29,0,0,-1.0126758,0.2664565
37,92,0,15201,37,0,0,-1.9034204,0.12972184
83,95,0,15756,83,0,0,-6.1478186,0.002133579
39,96,0,15854,39,0,0,-0.7005422,0.331692
149,113,0,18792,149,0,0,-8.208279,0.00027231502
154,171,0,28375,154,0,0,-0.72275156,0.32678735
114,153,0,25352,114,0,0,0.12152326,0.5303435
117,133,0,22066,117,0,0,-3.5224102,0.028681276
80,155,0,25655,80,0,0,-0.32563835,0.41930225
138,205,1,33961,138,0,0,3.0824637,0.9561636
150,123,0,20451,150,0,0,-2.4279943,0.08106276
61,164,0,27121,61,0,0,0.026692986,0.50667286
136,24,0,4092,136,0,0,2.4342709,0.91940355
73,136,0,22509,73,0,0,0.6312155,0.65276504
69,41,0,6827,69,0,0,4.0977917,0.98366207
11,43,0,7126,11,0,0,-1.1414603,0.24205235
29,79,0,13050,29,0,0,-3.39921,0.032320164
109,118,1,19582,109,0,0,-1.6515181,0.16090389
120,166,1,27508,120,0,0,2.7208607,0.9382464
141,172,0,28522,141,0,0,-1.4617598,0.18819831
115,171,0,28319,115,0,0,-0.72275156,0.32678735
114,190,1,31457,114,0,0,-3.7208788,0.023640284
28,28,0,4654,28,0,0,1.5404322,0.8235276
133,25,0,4264,133,0,0,1.6360474,0.8369964
143,90,0,14993,143,0,0,-0.5269166,0.37123632
17,101,0,16683,17,0,0,-2.8819857,0.053051293
118,92,0,15293,118,0,0,-1.9034204,0.12972184
76,217,1,35869,76,0,0,-0.9511688,0.27864984
111,75,0,12489,111,0,0,3.74163,0.976834
87,131,0,21702,87,0,0,-3.1999748,0.03916667
138,186,0,30826,138,0,0,-1.1687648,0.23707832
125,42,0,7057,125,0,0,-0.4071209,0.39960268
45,6,0,1032,45,0,0,-3.6607282,0.025069159
77,125,1,20679,77,0,0,-1.9668355,0.12272919
73,133,0,22014,73,0,0,-3.5224102,0.028681276
108,73,0,12155,108,0,0,1.9125028,0.87130004
29,7,0,1170,29,0,0,-3.8243132,0.021366913
121,121,0,20085,121,0,0,-5.4067316,0.0044662426
39,135,0,22289,39,0,0,2.9254026,0.949088
25,16,0,2676,25,0,0,-0.33815083,0.41625872
42,55,0,9115,42,0,0,-2.4251432,0.08127538
66,165,0,27280,66,0,0,-0.006789565,0.4983026
29,121,0,19980,29,0,0,-5.4067316,0.0044662426
4,164,0,27068,4,0,0,0.026692986,0.50667286
53,55,0,9127,53,0,0,-2.4251432,0.08127538
104,48,1,8020,104,0,0,-2.4969263,0.07607394
66,119,0,19690,66,0,0,3.6162086,0.97381943
73,216,0,35709,73,0,0,2.892348,0.94746685
58,76,0,12611,58,0,0,1.5490427,0.8247754
1,32,0,5291,1,0,0,0.9187327,0.7147838
75,49,0,8152,75,0,0,-2.9024777,0.052031215
113,36,0,6041,113,0,0,-7.329728,0.0006553221
106,143,0,23698,106,0,0,-1.0126758,0.2664565
90,83,0,13785,90,0,0,0.86861223,0.70445687
131,94,0,15641,131,0,0,-0.25244072,0.43722284
144,185,0,30670,144,0,0,0.88764185,0.7084033
105,50,0,8366,105,0,0,-1.8266549,0.13863724
91,192,0,31771,91,0,0,-1.5278697,0.17830558
158,216,0,35798,158,0,0,2.892348,0.94746685
62,145,0,23998,62,0,0,3.5670865,0.97253746
46,5,0,868,46,0,0,-4.3107796,0.013245288
96,138,0,22869,96,0,0,0.21283814,0.55300957
74,179,0,29612,74,0,0,-4.472768,0.011286829
39,170,0,28064,39,0,0,-1.2602379,0.22093293
65,170,0,28116,65,0,0,-1.2602379,0.22093293
41,114,0,18856,41,0,0,2.3294578,0.9112875
138,194,0,32146,138,0,0,-1.0653789,0.2562829
21,22,0,3650,21,0,0,-2.961879,0.04917807
147,14,0,2458,147,0,0,2.7703085,0.9410501
73,164,1,27129,73,0,0,0.026692986,0.50667286
15,108,0,17832,15,0,0,1.1149006,0.7530416
94,24,0,4053,94,0,0,2.4342709,0.91940355
83,12,0,2061,83,0,0,1.1768677,0.76438415
53,58,1,9622,53,0,0,-0.8597182,0.2973982
88,115,0,19060,88,0,0,-0.73210156,0.32473373
20,148,1,24427,20,0,0,0.6483708,0.6566432
81,113,0,18728,81,0,0,-8.208279,0.00027231502
145,143,1,23741,145,0,0,-1.0126758,0.2664565
65,49,0,8151,65,0,0,-2.9024777,0.052031215
52,137,0,22656,52,0,0,-1.5596728,0.1736936
96,199,1,32934,96,0,0,1.0903363,0.74844503
7,161,0,26565,7,0,0,-2.3605657,0.086229615
151,126,0,20944,151,0,0,-1.7666025,0.14596535
153,133,0,22097,153,0,0,-3.5224102,0.028681276
88,31,0,5200,88,0,0,-2.0365837,0.11541507
108,11,0,1925,108,0,0,-10.404184,3.030449e-05
159,84,0,14019,159,0,0,1.6638818,0.8407584
40,71,0,11760,40,0,0,-4.3468447,0.012782104
71,104,0,17217,71,0,0,0.6592166,0.6590844
117,60,0,10021,117,0,0,2.3020887,0.90904987
72,126,0,20855,72,0,0,-1.7666025,0.14596535
112,98,0,16278,112,0,0,-0.6287151,0.34780195
40,32,1,5325,40,0,0,0.9187327,0.7147838
106,4,0,763,106,0,0,-0.69811064,0.33223125
105,160,1,26516,105,0,0,1.1701784,0.7631773
78,88,0,14598,78,0,0,-5.5555143,0.0038511904
28,98,0,16204,28,0,0,-0.6287151,0.34780195
160,191,0,31679,160,0,0,-1.0265948,0.2637448
51,148,0,24470,51,0,0,0.6483708,0.6566432
50,18,0,3028,50,0,0,-2.078091,0.111244574
66,137,1,22660,66,0,0,-1.5596728,0.1736936
63,94,0,15585,63,0,0,-0.25244072,0.43722284
127,42,0,7055,127,0,0,-0.4071209,0.39960268
158,8,0,1478,158,0,0,-3.5291336,0.028494563
152,179,0,29685,152,0,0,-4.472768,0.011286829
136,132,0,21912,136,0,0,2.6511521,0.934082
73,161,0,26634,73,0,0,-2.3605657,0.086229615
70,166,0,27460,70,0,0,2.7208607,0.9382464
103,93,0,15462,103,0,0,-0.91739774,0.28548843
125,178,0,29497,125,0,0,-2.9037356,0.051969204
13,101,1,16704,13,0,0,-2.8819857,0.053051293
7,99,0,16335,7,0,0,-0.77462655,0.31547913
109,95,0,15787,109,0,0,-6.1478186,0.002133579
156,16,0,2793,156,0,0,-0.33815083,0.41625872
146,149,1,24729,146,0,0,-8.130502,0.0002943338
134,171,0,28349,134,0,0,-0.72275156,0.32678735
160,168,0,27884,160,0,0,-4.738065,0.008679579
55,17,0,2881,55,0,0,-0.029760048,0.49256054
135,146,0,24223,135,0,0,0.25773755,0.56408006
125,88,0,14647,125,0,0,-5.5555143,0.0038511904
155,91,0,15166,155,0,0,-0.20702364,0.44842815
96,196,1,32439,96,0,0,2.8387551,0.9447345
21,57,0,9425,21,0,0,4.307292,0.98670906
6,146,0,24106,6,0,0,0.25773755,0.56408006
96,166,0,27489,96,0,0,2.7208607,0.9382464
3,193,1,31855,3,0,0,3.8734593,0.9796369
89,82,0,13619,89,0,0,-0.21422713,0.4466471
59,198,0,32726,59,0,0,-0.5406706,0.3680316
25,155,0,25611,25,0,0,-0.32563835,0.41930225
158,77,0,12863,158,0,0,-4.700327,0.009010379
0,184,0,30377,0,0,0,1.0853381,0.74750286
17,142,1,23448,17,0,0,-0.42403874,0.39555073
134,112,1,18614,134,0,0,-0.83005846,0.3036327
137,6,0,1127,137,0,0,-3.6607282,0.025069159
19,215,0,35508,19,0,0,-0.32257694,0.42004785
28,32,0,5314,28,0,0,0.9187327,0.7147838
32,161,0,26597,32,0,0,-2.3605657,0.086229615
142,152,0,25220,142,0,0,-1.8155067,0.13997391
162,31,0,5278,162,0,0,-2.0365837,0.11541507
132,206,0,34125,132,0,0,-0.48542544,0.38097182
51,188,0,31070,51,0,0,-0.5415916,0.36781743
64,134,0,22173,64,0,0,1.7873898,0.85660696
13,202,0,33369,13,0,0,-2.6920795,0.06344234
16,61,0,10087,16,0,0,2.373899,0.9148152
101,203,0,33601,101,0,0,-2.6337276,0.06699906
60,117,0,19377,60,0,0,-1.0122952,0.2665309
69,55,0,9137,69,0,0,-2.4251432,0.08127538
75,65,0,10792,75,0,0,0.27131093,0.5674147
55,19,0,3211,55,0,0,-2.4047847,0.08280857
152,157,0,26055,152,0,0,-0.5148577,0.37405545
151,107,1,17809,151,0,0,-2.4728017,0.07778701
143,62,0,10373,143,0,0,1.1302793,0.7558904
145,161,0,26711,145,0,0,-2.3605657,0.086229615
45,93,0,15387,45,0,0,-0.91739774,0.28548843
58,14,0,2381,58,0,0,2.7703085,0.9410501
104,214,1,35410,104,0,0,0.30544943,0.57577413
128,123,0,20421,128,0,0,-2.4279943,0.08106276
101,21,0,3571,101,0,0,0.48414403,0.61872596
104,152,0,25180,104,0,0,-1.8155067,0.13997391
58,41,0,6836,58,0,0,4.0977917,0.98366207
52,139,0,22986,52,0,0,0.74813247,0.6787716
48,98,0,16217,48,0,0,-0.6287151,0.34780195
158,150,0,24908,158,0,0,0.1452004,0.53623646
29,169,0,27900,29,0,0,-2.2903948,0.09192159
81,208,0,34403,81,0,0,1.4279368,0.80657965
15,42,0,6942,15,0,0,-0.4071209,0.39960268
123,187,0,30979,123,0,0,0.65044945,0.65711176
141,51,0,8557,141,0,0,-2.202098,0.09956226
101,85,0,14131,101,0,0,-1.010618,0.26685894
48,96,0,15887,48,0,0,-0.7005422,0.331692
107,192,0,31789,107,0,0,-1.5278697,0.17830558
1,67,0,11066,1,0,0,2.2135396,0.9014588
154,199,1,32995,154,0,0,1.0903363,0.74844503
36,172,0,28403,36,0,0,-1.4617598,0.18819831
152,67,0,11205,152,0,0,2.2135396,0.9014588
93,96,0,15935,93,0,0,-0.7005422,0.331692
86,175,0,28957,86,0,0,0.3924312,0.5968678
158,119,0,19793,158,0,0,3.6162086,0.97381943
14,47,0,7757,14,0,0,5.323983,0.9951503
21,36,1,5960,21,0,0,-7.329728,0.0006553221
119,214,0,35415,119,0,0,0.30544943,0.57577413
121,142,1,23550,121,0,0,-0.42403874,0.39555073
74,141,0,23342,74,0,0,-0.30216512,0.4250283
61,37,0,6166,61,0,0,-0.4699734,0.38462254
115,66,0,10994,115,0,0,-0.5698795,0.36126465
30,42,0,6957,30,0,0,-0.4071209,0.39960268
131,211,1,34946,131,0,0,2.8431277,0.9449624
69,9,0,1547,69,0,0,-1.5924311,0.16904214
23,122,0,20135,23,0,0,-0.67312354,0.3377978
111,31,0,5229,111,0,0,-2.0365837,0.11541507
76,90,0,14914,76,0,0,-0.5269166,0.37123632
158,65,0,10883,158,0,0,0.27131093,0.5674147
81,180,0,29783,81,0,0,-1.239552,0.22451398
154,21,0,3625,154,0,0,0.48414403,0.61872596
92,209,0,34577,92,0,0,-1.9596634,0.123503484
134,68,1,11354,134,0,0,1.2596853,0.7789719
150,120,0,19956,150,0,0,-4.1045628,0.01622949
88,176,0,29125,88,0,0,-3.5805154,0.027106123
14,92,0,15182,14,0,0,-1.9034204,0.12972184
24,157,0,25942,24,0,0,-0.5148577,0.37405545
113,49,0,8186,113,0,0,-2.9024777,0.052031215
77,197,0,32559,77,0,0,-5.133575,0.005860894
22,216,0,35643,22,0,0,2.892348,0.94746685
74,64,0,10637,74,0,0,0.22370961,0.5556953
155,2,0,481,155,0,0,-1.2846,0.21676822
127,68,0,11345,127,0,0,1.2596853,0.7789719
37,31,0,5136,37,0,0,-2.0365837,0.11541507
153,96,0,15992,153,0,0,-0.7005422,0.331692
27,41,0,6800,27,0,0,4.0977917,0.98366207
77,60,1,9954,77,0,0,2.3020887,0.90904987
12,144,0,23761,12,0,0,-0.2694777,0.4330353
45,3,0,537,45,0,0,-1.6873546,0.15612406
42,75,1,12415,42,0,0,3.74163,0.976834
130,58,0,9700,130,0,0,-0.8597182,0.2973982
53,198,0,32722,53,0,0,-0.5406706,0.3680316
45,126,0,20832,45,0,0,-1.7666025,0.14596535
151,152,0,25234,151,0,0,-1.8155067,0.13997391
104,23,0,3895,104,0,0,2.125312,0.89333916
90,2,0,420,90,0,0,-1.2846,0.21676822
84,143,0,23681,84,0,0,-1.0126758,0.2664565
122,183,1,30318,122,0,0,-1.6336029,0.16333741
113,16,0,2741,113,0,0,-0.33815083,0.41625872
67,188,0,31079,67,0,0,-0.5415916,0.36781743
148,41,0,6914,148,0,0,4.0977917,0.98366207
82,25,1,4209,82,0,0,1.6360474,0.8369964
58,197,0,32576,58,0,0,-5.133575,0.005860894
11,214,0,35341,11,0,0,0.30544943,0.57577413
58,80,0,13271,58,0,0,-0.059322357,0.48517376
83,153,0,25326,83,0,0,0.12152326,0.5303435
30,21,0,3492,30,0,0,0.48414403,0.61872596
74,148,0,24497,74,0,0,0.6483708,0.6566432
52,145,0,23976,52,0,0,3.5670865,0.97253746
68,122,0,20198,68,0,0,-0.67312354,0.3377978
82,100,0,16584,82,0,0,-0.17521295,0.45630848
143,168,0,27863,143,0,0,-4.738065,0.008679579
162,151,0,25078,162,0,0,-3.830502,0.021237884
82,186,0,30774,82,0,0,-1.1687648,0.23707832
27,108,0,17855,27,0,0,1.1149006,0.7530416
122,44,0,7383,122,0,0,-0.48415,0.38127264
58,182,0,30101,58,0,0,0.9060196,0.71218497
106,42,0,7033,106,0,0,-0.4071209,0.39960268
51,190,1,31400,51,0,0,-3.7208788,0.023640284
37,118,0,19491,37,0,0,-1.6515181,0.16090389
129,73,0,12173,129,0,0,1.9125028,0.87130004
62,190,1,31423,62,0,0,-3.7208788,0.023640284
35,16,0,2665,35,0,0,-0.33815083,0.41625872
137,191,0,31652,137,0,0,-1.0265948,0.2637448
113,34,0,5711,113,0,0,-0.89774346,0.28951442
51,47,1,7805,51,0,0,5.323983,0.9951503
103,0,0,117,103,0,0,-2.6283884,0.06733359
97,34,0,5706,97,0,0,-0.89774346,0.28951442
3,80,1,13210,3,0,0,-0.059322357,0.48517376
163,102,0,16992,163,0,0,-3.898174,0.019875845
119,65,1,10830,119,0,0,0.27131093,0.5674147
1,185,0,30536,1,0,0,0.88764185,0.7084033
20,34,0,5617,20,0,0,-0.89774346,0.28951442
141,20,0,3442,141,0,0,-0.9151546,0.28594622
57,28,0,4694,57,0,0,1.5404322,0.8235276
135,202,0,33463,135,0,0,-2.6920795,0.06344234
121,17,1,2925,121,0,0,-0.029760048,0.49256054
55,37,0,6181,55,0,0,-0.4699734,0.38462254
142,60,0,10040,142,0,0,2.3020887,0.90904987
141,161,0,26707,141,0,0,-2.3605657,0.086229615
115,88,1,14624,115,0,0,-5.5555143,0.0038511904
23,87,0,14360,23,0,0,0.66993755,0.6614892
102,12,1,2095,102,0,0,1.1768677,0.76438415
8,118,0,19474,8,0,0,-1.6515181,0.16090389
121,201,0,33285,121,0,0,-3.224447,0.03825603
129,199,1,32963,129,0,0,1.0903363,0.74844503
24,113,0,18682,24,0,0,-8.208279,0.00027231502
126,152,0,25209,126,0,0,-1.8155067,0.13997391
161,130,1,21607,161,0,0,-0.9771749,0.2734527
83,43,0,7176,83,0,0,-1.1414603,0.24205235
18,115,0,19013,18,0,0,-0.73210156,0.32473373
10,168,0,27750,10,0,0,-4.738065,0.008679579
138,19,0,3271,138,0,0,-2.4047847,0.08280857
32,6,0,1022,32,0,0,-3.6607282,0.025069159
127,7,0,1280,127,0,0,-3.8243132,0.021366913
152,55,0,9225,152,0,0,-2.4251432,0.08127538
4,26,0,4298,4,0,0,-1.9577229,0.123713695
66,179,0,29590,66,0,0,-4.472768,0.011286829
12,118,0,19471,12,0,0,-1.6515181,0.16090389
33,95,0,15701,33,0,0,-6.1478186,0.002133579
102,197,0,32620,102,0,0,-5.133575,0.005860894
82,24,0,4044,82,0,0,2.4342709,0.91940355
3,89,0,14695,3,0,0,-0.22568604,0.44381675
158,62,0,10388,158,0,0,1.1302793,0.7558904
107,100,0,16609,107,0,0,-0.17521295,0.45630848
108,40,0,6710,108,0,0,0.5982514,0.64525616
149,111,0,18462,149,0,0,2.9755948,0.95145935
71,20,0,3357,71,0,0,-0.9151546,0.28594622
116,46,0,7692,116,0,0,-1.5868907,0.1698218
143,81,0,13508,143,0,0,0.2535166,0.56304187
24,209,0,34522,24,0,0,-1.9596634,0.123503484
155,50,0,8401,155,0,0,-1.8266549,0.13863724
29,10,0,1665,29,0,0,0.89712363,0.710358
150,174,1,28866,150,0,0,2.8199017,0.94374186
122,171,1,28338,122,0,0,-0.72275156,0.32678735
37,217,0,35826,37,0,0,-0.9511688,0.27864984
21,200,1,33020,21,0,0,-0.7016182,0.33145356
105,109,0,18101,105,0,0,-1.6453142,0.16174325
147,86,0,14338,147,0,0,-4.75553,0.008530587
101,104,0,17266,101,0,0,0.6592166,0.6590844
163,21,0,3627,163,0,0,0.48414403,0.61872596
164,17,1,2966,164,0,0,-0.029760048,0.49256054
100,206,0,34101,100,0,0,-0.48542544,0.38097182
156,166,0,27543,156,0,0,2.7208607,0.9382464
137,52,0,8717,137,0,0,-0.6370729,0.34590852
147,153,0,25393,147,0,0,0.12152326,0.5303435
104,168,0,27820,104,0,0,-4.738065,0.008679579
56,36,0,6000,56,0,0,-7.329728,0.0006553221
1,199,1,32846,1,0,0,1.0903363,0.74844503
129,68,1,11348,129,0,0,1.2596853,0.7789719
115,128,0,21224,115,0,0,-0.8148542,0.30685705
40,54,0,8955,40,0,0,-2.8636465,0.053980183
159,61,0,10224,159,0,0,2.373899,0.9148152
69,204,0,33722,69,0,0,-1.7779512,0.1445563
66,45,0,7480,66,0,0,1.1304882,0.755929
142,11,0,1955,142,0,0,-10.404184,3.030449e-05
45,120,0,19842,45,0,0,-4.1045628,0.01622949
142,131,0,21755,142,0,0,-3.1999748,0.03916667
64,57,1,9468,64,0,0,4.307292,0.98670906
152,116,0,19290,152,0,0,-1.2288566,0.22638161
72,167,0,27620,72,0,0,-1.4176092,0.19503665
47,23,0,3844,47,0,0,2.125312,0.89333916
85,0,0,88,85,0,0,-2.6283884,0.06733359
8,59,0,9739,8,0,0,1.2554069,0.7782344
17,177,1,29223,17,0,0,-0.39797235,0.4017996
43,187,0,30903,43,0,0,0.65044945,0.65711176
164,183,1,30356,164,0,0,-1.6336029,0.16333741
125,84,1,13987,125,0,0,1.6638818,0.8407584
65,158,0,26136,65,0,0,1.3191829,0.78904575
0,161,0,26582,0,0,0,-2.3605657,0.086229615
29,171,0,28230,29,0,0,-0.72275156,0.32678735
82,139,0,23019,82,0,0,0.74813247,0.6787716
18,137,0,22643,18,0,0,-1.5596728,0.1736936
2,160,1,26406,2,0,0,1.1701784,0.7631773
81,159,0,26318,81,0,0,-2.837,0.055357214
133,20,0,3439,133,0,0,-0.9151546,0.28594622
21,115,0,18995,21,0,0,-0.73210156,0.32473373
25,116,0,19176,25,0,0,-1.2288566,0.22638161
43,36,0,5988,43,0,0,-7.329728,0.0006553221
14,150,0,24752,14,0,0,0.1452004,0.53623646
67,152,0,25139,67,0,0,-1.8155067,0.13997391
102,31,1,5230,102,0,0,-2.0365837,0.11541507
117,68,0,11341,117,0,0,1.2596853,0.7789719
73,53,1,8814,73,0,0,1.8304937,0.8618205
153,13,0,2297,153,0,0,-1.401005,0.19765668
108,131,0,21725,108,0,0,-3.1999748,0.03916667
105,49,0,8201,105,0,0,-2.9024777,0.052031215
47,182,1,30079,47,0,0,0.9060196,0.71218497
62,20,0,3373,62,0,0,-0.9151546,0.28594622
67,212,0,35039,67,0,0,0.8991241,0.7107695
78,206,0,34068,78,0,0,-0.48542544,0.38097182
18,108,0,17858,18,0,0,1.1149006,0.7530416
80,91,1,15095,80,0,0,-0.20702364,0.44842815
88,141,0,23350,88,0,0,-0.30216512,0.4250283
39,199,1,32849,39,0,0,1.0903363,0.74844503
26,127,0,20964,26,0,0,0.97098786,0.72531635
112,58,0,9678,112,0,0,-0.8597182,0.2973982
156,147,0,24408,156,0,0,-3.2721286,0.03653982
145,31,0,5261,145,0,0,-2.0365837,0.11541507
135,126,0,20923,135,0,0,-1.7666025,0.14596535
121,117,0,19425,121,0,0,-1.0122952,0.2665309
86,15,0,2557,86,0,0,-1.212281,0.22929771
22,166,1,27393,22,0,0,2.7208607,0.9382464
35,69,1,11410,35,0,0,-0.9257092,0.28379604
120,192,0,31798,120,0,0,-1.5278697,0.17830558
8,47,0,7759,8,0,0,5.323983,0.9951503
124,46,0,7712,124,0,0,-1.5868907,0.1698218
3,116,0,19150,3,0,0,-1.2288566,0.22638161
24,16,0,2677,24,0,0,-0.33815083,0.41625872
146,114,0,18954,146,0,0,2.3294578,0.9112875
18,121,1,20003,18,0,0,-5.4067316,0.0044662426
87,75,1,12462,87,0,0,3.74163,0.976834
80,36,0,6020,80,0,0,-7.329728,0.0006553221
110,41,0,6884,110,0,0,4.0977917,0.98366207
156,183,0,30348,156,0,0,-1.6336029,0.16333741
117,217,0,35926,117,0,0,-0.9511688,0.27864984
72,185,0,30590,72,0,0,0.88764185,0.7084033
46,35,1,5818,46,0,0,2.8851218,0.94710606
43,1,0,213,43,0,0,-2.0700302,0.11204404
86,45,1,7507,86,0,0,1.1304882,0.755929
16,207,0,34177,16,0,0,-3.4952805,0.029446814
109,112,0,18592,109,0,0,-0.83005846,0.3036327
120,70,0,11668,120,0,0,-2.8239853,0.056041732
130,206,0,34120,130,0,0,-0.48542544,0.38097182
93,54,0,9005,93,0,0,-2.8636465,0.053980183
92,104,0,17252,92,0,0,0.6592166,0.6590844
39,212,0,34994,39,0,0,0.8991241,0.7107695
160,25,1,4289,160,0,0,1.6360474,0.8369964
58,73,0,12116,58,0,0,1.9125028,0.87130004
55,56,0,9316,55,0,0,0.5575964,0.6358962
154,109,0,18145,154,0,0,-1.6453142,0.16174325
19,179,0,29568,19,0,0,-4.472768,0.011286829
28,192,0,31714,28,0,0,-1.5278697,0.17830558
39,182,0,30044,39,0,0,0.9060196,0.71218497
36,174,0,28733,36,0,0,2.8199017,0.94374186
61,197,0,32566,61,0,0,-5.133575,0.005860894
135,133,0,22078,135,0,0,-3.5224102,0.028681276
1,15,0,2486,1,0,0,-1.212281,0.22929771
114,132,0,21887,114,0,0,2.6511521,0.934082
103,5,0,942,103,0,0,-4.3107796,0.013245288
42,49,0,8125,42,0,0,-2.9024777,0.052031215
128,4,0,786,128,0,0,-0.69811064,0.33223125
11,62,0,10261,11,0,0,1.1302793,0.7558904
139,129,0,21423,139,0,0,-1.8620393,0.13446553
76,67,0,11119,76,0,0,2.2135396,0.9014588
83,159,1,26316,83,0,0,-2.837,0.055357214
9,174,0,28734,9,0,0,2.8199017,0.94374186
45,53,1,8787,45,0,0,1.8304937,0.8618205
10,148,0,24450,10,0,0,0.6483708,0.6566432
3,61,0,10075,3,0,0,2.373899,0.9148152
156,104,0,17313,156,0,0,0.6592166,0.6590844
140,43,0,7236,140,0,0,-1.1414603,0.24205235
143,169,0,28028,143,0,0,-2.2903948,0.09192159
81,202,0,33413,81,0,0,-2.6920795,0.06344234
116,192,0,31782,116,0,0,-1.5278697,0.17830558
134,169,0,28019,134,0,0,-2.2903948,0.09192159
82,132,0,21864,82,0,0,2.6511521,0.934082
161,168,0,27877,161,0,0,-4.738065,0.008679579
38,199,1,32864,38,0,0,1.0903363,0.74844503
118,169,0,27998,118,0,0,-2.2903948,0.09192159
163,92,0,15342,163,0,0,-1.9034204,0.12972184
80,156,0,25820,80,0,0,-0.16150811,0.4597105
10,153,0,25275,10,0,0,0.12152326,0.5303435
93,191,0,31610,93,0,0,-1.0265948,0.2637448
79,13,0,2224,79,0,0,-1.401005,0.19765668
142,59,0,9875,142,0,0,1.2554069,0.7782344
130,75,0,12505,130,0,0,3.74163,0.976834
53,193,1,31897,53,0,0,3.8734593,0.9796369
149,216,0,35787,149,0,0,2.892348,0.94746685
64,15,0,2538,64,0,0,-1.212281,0.22929771
9,42,0,6954,9,0,0,-0.4071209,0.39960268
17,192,0,31698,17,0,0,-1.5278697,0.17830558
4,24,0,3968,4,0,0,2.4342709,0.91940355
1,37,0,6116,1,0,0,-0.4699734,0.38462254
106,129,0,21388,106,0,0,-1.8620393,0.13446553
53,88,0,14572,53,0,0,-5.5555143,0.0038511904
155,93,0,15496,155,0,0,-0.91739774,0.28548843
126,177,0,29334,126,0,0,-0.39797235,0.4017996
23,212,0,34985,23,0,0,0.8991241,0.7107695
13,89,0,14724,13,0,0,-0.22568604,0.44381675
60,193,1,31917,60,0,0,3.8734593,0.9796369
59,108,0,17876,59,0,0,1.1149006,0.7530416
121,179,0,29655,121,0,0,-4.472768,0.011286829
62,9,0,1558,62,0,0,-1.5924311,0.16904214
35,140,0,23125,35,0,0,-2.2864366,0.09225252
83,184,1,30441,83,0,0,1.0853381,0.74750286
70,206,0,34060,70,0,0,-0.48542544,0.38097182
138,214,1,35446,138,0,0,0.30544943,0.57577413
116,50,0,8352,116,0,0,-1.8266549,0.13863724
142,203,0,33635,142,0,0,-2.6337276,0.06699906
28,151,0,24949,28,0,0,-3.830502,0.021237884
76,149,0,24649,76,0,0,-8.130502,0.0002943338
103,117,0,19422,103,0,0,-1.0122952,0.2665309
150,74,0,12366,150,0,0,-0.62289315,0.34912375
52,181,0,29916,52,0,0,-1.7510238,0.14791812
63,32,0,5355,63,0,0,0.9187327,0.7147838
95,133,0,22039,95,0,0,-3.5224102,0.028681276
110,198,0,32789,110,0,0,-0.5406706,0.3680316
67,160,0,26459,67,0,0,1.1701784,0.7631773
47,10,0,1699,47,0,0,0.89712363,0.710358
106,177,0,29308,106,0,0,-0.39797235,0.4017996
149,63,0,10542,149,0,0,-1.0092146,0.26713356
92,9,0,1577,92,0,0,-1.5924311,0.16904214
112,10,0,1758,112,0,0,0.89712363,0.710358
47,71,0,11764,47,0,0,-4.3468447,0.012782104
80,39,0,6515,80,0,0,1.7614534,0.8533916
3,36,0,5950,3,0,0,-7.329728,0.0006553221
50,16,0,2698,50,0,0,-0.33815083,0.41625872
31,202,0,33349,31,0,0,-2.6920795,0.06344234
58,98,0,16241,58,0,0,-0.6287151,0.34780195
22,140,1,23103,22,0,0,-2.2864366,0.09225252
1,200,0,33011,1,0,0,-0.7016182,0.33145356
79,155,0,25654,79,0,0,-0.32563835,0.41930225
110,149,0,24704,110,0,0,-8.130502,0.0002943338
123,62,0,10354,123,0,0,1.1302793,0.7558904
138,211,1,34951,138,0,0,2.8431277,0.9449624
9,30,0,4974,9,0,0,0.7758248,0.6847796
58,79,0,13106,58,0,0,-3.39921,0.032320164
160,96,0,16004,160,0,0,-0.7005422,0.331692
80,212,0,35060,80,0,0,0.8991241,0.7107695
116,96,0,15942,116,0,0,-0.7005422,0.331692
28,0,0,34,28,0,0,-2.6283884,0.06733359
126,115,0,19104,126,0,0,-0.73210156,0.32473373
163,197,0,32667,163,0,0,-5.133575,0.005860894
87,79,0,13122,87,0,0,-3.39921,0.032320164
32,181,0,29897,32,0,0,-1.7510238,0.14791812
1,160,0,26411,1,0,0,1.1701784,0.7631773
54,49,1,8138,54,0,0,-2.9024777,0.052031215
40,17,0,2850,40,0,0,-0.029760048,0.49256054
79,157,0,25984,79,0,0,-0.5148577,0.37405545
131,201,0,33296,131,0,0,-3.224447,0.03825603
86,191,0,31597,86,0,0,-1.0265948,0.2637448
91,167,0,27646,91,0,0,-1.4176092,0.19503665
124,94,0,15632,124,0,0,-0.25244072,0.43722284
12,21,0,3466,12,0,0,0.48414403,0.61872596
17,113,0,18663,17,0,0,-8.208279,0.00027231502
130,18,0,3100,130,0,0,-2.078091,0.111244574
141,69,0,11527,141,0,0,-0.9257092,0.28379604
77,14,0,2364,77,0,0,2.7703085,0.9410501
164,147,0,24416,164,0,0,-3.2721286,0.03653982
137,54,0,9047,137,0,0,-2.8636465,0.053980183
100,198,0,32781,100,0,0,-0.5406706,0.3680316
160,115,0,19139,160,0,0,-0.73210156,0.32473373
13,43,0,7134,13,0,0,-1.1414603,0.24205235
8,44,0,7264,8,0,0,-0.48415,0.38127264
44,4,0,704,44,0,0,-0.69811064,0.33223125
95,25,0,4219,95,0,0,1.6360474,0.8369964
7,41,0,6765,7,0,0,4.0977917,0.98366207
2,109,0,17991,2,0,0,-1.6453142,0.16174325
29,120,0,19815,29,0,0,-4.1045628,0.01622949
56,183,0,30255,56,0,0,-1.6336029,0.16333741
62,18,0,3043,62,0,0,-2.078091,0.111244574
85,112,0,18568,85,0,0,-0.83005846,0.3036327
41,68,0,11266,41,0,0,1.2596853,0.7789719
118,198,1,32783,118,0,0,-0.5406706,0.3680316
65,149,0,24651,65,0,0,-8.130502,0.0002943338
72,41,0,6830,72,0,0,4.0977917,0.98366207
52,212,1,35031,52,0,0,0.8991241,0.7107695
54,80,0,13253,54,0,0,-0.059322357,0.48517376
67,83,0,13754,67,0,0,0.86861223,0.70445687
90,62,0,10320,90,0,0,1.1302793,0.7558904
100,149,0,24696,100,0,0,-8.130502,0.0002943338
12,23,0,3796,12,0,0,2.125312,0.89333916
46,110,0,18193,46,0,0,0.166287,0.54147625
124,151,0,25037,124,0,0,-3.830502,0.021237884
116,5,0,927,116,0,0,-4.3107796,0.013245288
82,215,1,35559,82,0,0,-0.32257694,0.42004785
0,105,0,17342,0,0,0,2.681119,0.9359033
55,104,0,17236,55,0,0,0.6592166,0.6590844
148,49,0,8234,148,0,0,-2.9024777,0.052031215
14,176,0,29042,14,0,0,-3.5805154,0.027106123
81,104,0,17243,81,0,0,0.6592166,0.6590844
51,16,0,2690,51,0,0,-0.33815083,0.41625872
7,184,0,30360,7,0,0,1.0853381,0.74750286
98,25,1,4222,98,0,0,1.6360474,0.8369964
57,117,0,19379,57,0,0,-1.0122952,0.2665309
23,41,0,6770,23,0,0,4.0977917,0.98366207
55,53,1,8821,55,0,0,1.8304937,0.8618205
61,46,0,7651,61,0,0,-1.5868907,0.1698218
155,83,0,13846,155,0,0,0.86861223,0.70445687
145,179,0,29681,145,0,0,-4.472768,0.011286829
113,136,0,22541,113,0,0,0.6312155,0.65276504
127,142,0,23555,127,0,0,-0.42403874,0.39555073
160,42,0,7094,160,0,0,-0.4071209,0.39960268
158,102,0,16988,158,0,0,-3.898174,0.019875845
3,45,0,7435,3,0,0,1.1304882,0.755929
122,29,0,4908,122,0,0,-0.34640875,0.41425356
29,30,0,4965,29,0,0,0.7758248,0.6847796
125,107,0,17782,125,0,0,-2.4728017,0.07778701
72,60,1,9965,72,0,0,2.3020887,0.90904987
135,3,0,628,135,0,0,-1.6873546,0.15612406
101,142,0,23536,101,0,0,-0.42403874,0.39555073
112,95,0,15783,112,0,0,-6.1478186,0.002133579
47,108,0,17869,47,0,0,1.1149006,0.7530416
23,26,0,4295,23,0,0,-1.9577229,0.123713695
28,34,0,5644,28,0,0,-0.89774346,0.28951442
34,86,0,14203,34,0,0,-4.75553,0.008530587
42,37,0,6145,42,0,0,-0.4699734,0.38462254
73,184,1,30429,73,0,0,1.0853381,0.74750286
70,51,0,8485,70,0,0,-2.202098,0.09956226
23,197,0,32510,23,0,0,-5.133575,0.005860894
150,210,0,34806,150,0,0,-0.4756602,0.38327742
145,196,0,32486,145,0,0,2.8387551,0.9447345
39,87,0,14369,39,0,0,0.66993755,0.6614892
13,127,0,20994,13,0,0,0.97098786,0.72531635
105,6,0,1106,105,0,0,-3.6607282,0.025069159
8,92,0,15184,8,0,0,-1.9034204,0.12972184
125,206,0,34117,125,0,0,-0.48542544,0.38097182
4,13,1,2153,4,0,0,-1.401005,0.19765668
39,104,0,17174,39,0,0,0.6592166,0.6590844
31,87,1,14374,31,0,0,0.66993755,0.6614892
40,165,0,27270,40,0,0,-0.006789565,0.4983026
86,153,1,25327,86,0,0,0.12152326,0.5303435
130,153,0,25375,130,0,0,0.12152326,0.5303435
91,156,1,25831,91,0,0,-0.16150811,0.4597105
21,84,0,13880,21,0,0,1.6638818,0.8407584
80,7,0,1235,80,0,0,-3.8243132,0.021366913
35,45,0,7450,35,0,0,1.1304882,0.755929
162,11,0,1978,162,0,0,-10.404184,3.030449e-05
54,75,1,12428,54,0,0,3.74163,0.976834
106,64,0,10663,106,0,0,0.22370961,0.5556953
133,204,0,33799,133,0,0,-1.7779512,0.1445563
104,209,0,34585,104,0,0,-1.9596634,0.123503484
53,47,0,7807,53,0,0,5.323983,0.9951503
133,158,0,26209,133,0,0,1.3191829,0.78904575
153,91,0,15167,153,0,0,-0.20702364,0.44842815
8,78,0,12874,8,0,0,-0.025013804,0.49374688
108,24,0,4070,108,0,0,2.4342709,0.91940355
156,176,0,29193,156,0,0,-3.5805154,0.027106123
59,11,0,1871,59,0,0,-10.404184,3.030449e-05
56,118,0,19530,56,0,0,-1.6515181,0.16090389
63,95,0,15750,63,0,0,-6.1478186,0.002133579
102,69,1,11500,102,0,0,-0.9257092,0.28379604
31,99,0,16354,31,0,0,-0.77462655,0.31547913
148,191,0,31664,148,0,0,-1.0265948,0.2637448
135,34,0,5743,135,0,0,-0.89774346,0.28951442
40,20,1,3345,40,0,0,-0.9151546,0.28594622
51,145,1,23975,51,0,0,3.5670865,0.97253746
118,113,0,18758,118,0,0,-8.208279,0.00027231502
24,205,0,33862,24,0,0,3.0824637,0.9561636
15,72,1,11892,15,0,0,0.93011564,0.7170988
23,67,0,11060,23,0,0,2.2135396,0.9014588
20,150,0,24757,20,0,0,0.1452004,0.53623646
55,131,0,21691,55,0,0,-3.1999748,0.03916667
36,3,1,518,36,0,0,-1.6873546,0.15612406
161,4,0,817,161,0,0,-0.69811064,0.33223125
49,54,0,8951,49,0,0,-2.8636465,0.053980183
149,76,0,12687,149,0,0,1.5490427,0.8247754
149,150,0,24897,149,0,0,0.1452004,0.53623646
132,181,1,30000,132,0,0,-1.7510238,0.14791812
44,25,1,4169,44,0,0,1.6360474,0.8369964
22,186,0,30693,22,0,0,-1.1687648,0.23707832
70,137,0,22675,70,0,0,-1.5596728,0.1736936
22,130,1,21453,22,0,0,-0.9771749,0.2734527
110,46,0,7709,110,0,0,-1.5868907,0.1698218
96,68,1,11319,96,0,0,1.2596853,0.7789719
58,157,0,25976,58,0,0,-0.5148577,0.37405545
124,177,0,29327,124,0,0,-0.39797235,0.4017996
12,174,1,28711,12,0,0,2.8199017,0.94374186
75,104,0,17227,75,0,0,0.6592166,0.6590844
111,58,0,9684,111,0,0,-0.8597182,0.2973982
24,78,0,12907,24,0,0,-0.025013804,0.49374688
130,135,0,22405,130,0,0,2.9254026,0.949088
32,62,0,10262,32,0,0,1.1302793,0.7558904
119,9,0,1590,119,0,0,-1.5924311,0.16904214
48,177,0,29252,48,0,0,-0.39797235,0.4017996
66,90,0,14905,66,0,0,-0.5269166,0.37123632
22,75,0,12378,22,0,0,3.74163,0.976834
119,157,0,26010,119,0,0,-0.5148577,0.37405545
57,157,0,25979,57,0,0,-0.5148577,0.37405545
62,147,0,24328,62,0,0,-3.2721286,0.03653982
91,188,0,31111,91,0,0,-0.5415916,0.36781743
99,182,1,30128,99,0,0,0.9060196,0.71218497
88,208,0,34405,88,0,0,1.4279368,0.80657965
45,190,0,31392,45,0,0,-3.7208788,0.023640284
92,73,0,12137,92,0,0,1.9125028,0.87130004
163,174,0,28872,163,0,0,2.8199017,0.94374186
146,215,1,35619,146,0,0,-0.32257694,0.42004785
19,133,0,21978,19,0,0,-3.5224102,0.028681276
62,141,0,23338,62,0,0,-0.30216512,0.4250283
43,37,0,6153,43,0,0,-0.4699734,0.38462254
16,54,0,8932,16,0,0,-2.8636465,0.053980183
17,139,0,22953,17,0,0,0.74813247,0.6787716
124,156,1,25862,124,0,0,-0.16150811,0.4597105
88,210,0,34735,88,0,0,-0.4756602,0.38327742
73,6,0,1059,73,0,0,-3.6607282,0.025069159
75,23,0,3862,75,0,0,2.125312,0.89333916
161,147,0,24412,161,0,0,-3.2721286,0.03653982
87,129,1,21372,87,0,0,-1.8620393,0.13446553
71,119,0,19692,71,0,0,3.6162086,0.97381943
27,190,1,31385,27,0,0,-3.7208788,0.023640284
38,88,0,14549,38,0,0,-5.5555143,0.0038511904
63,100,0,16575,63,0,0,-0.17521295,0.45630848
127,168,0,27845,127,0,0,-4.738065,0.008679579
108,110,0,18260,108,0,0,0.166287,0.54147625
54,109,1,18038,54,0,0,-1.6453142,0.16174325
14,55,0,9077,14,0,0,-2.4251432,0.08127538
94,76,0,12633,94,0,0,1.5490427,0.8247754
58,39,0,6506,58,0,0,1.7614534,0.8533916
109,56,0,9352,109,0,0,0.5575964,0.6358962
86,111,0,18397,86,0,0,2.9755948,0.95145935
101,120,0,19906,101,0,0,-4.1045628,0.01622949
94,140,0,23193,94,0,0,-2.2864366,0.09225252
21,203,0,33515,21,0,0,-2.6337276,0.06699906
158,182,1,30188,158,0,0,0.9060196,0.71218497
19,79,0,13068,19,0,0,-3.39921,0.032320164
2,214,0,35316,2,0,0,0.30544943,0.57577413
128,177,0,29331,128,0,0,-0.39797235,0.4017996
125,154,0,25537,125,0,0,-2.4342835,0.08059549
114,202,0,33437,114,0,0,-2.6920795,0.06344234
117,212,0,35101,117,0,0,0.8991241,0.7107695
55,179,0,29611,55,0,0,-4.472768,0.011286829
94,197,0,32598,94,0,0,-5.133575,0.005860894
43,15,0,2523,43,0,0,-1.212281,0.22929771
21,56,1,9260,21,0,0,0.5575964,0.6358962
12,158,0,26071,12,0,0,1.3191829,0.78904575
100,74,0,12321,100,0,0,-0.62289315,0.34912375
127,20,0,3425,127,0,0,-0.9151546,0.28594622
5,28,0,4648,5,0,0,1.5404322,0.8235276
48,136,0,22487,48,0,0,0.6312155,0.65276504
138,120,0,19936,138,0,0,-4.1045628,0.01622949
125,135,0,22402,125,0,0,2.9254026,0.949088
68,179,0,29603,68,0,0,-4.472768,0.011286829
113,207,0,34256,113,0,0,-3.4952805,0.029446814
145,174,0,28856,145,0,0,2.8199017,0.94374186
130,123,0,20425,130,0,0,-2.4279943,0.08106276
132,201,1,33300,132,0,0,-3.224447,0.03825603
52,119,0,19686,52,0,0,3.6162086,0.97381943
23,182,1,30035,23,0,0,0.9060196,0.71218497
56,0,0,60,56,0,0,-2.6283884,0.06733359
79,201,0,33244,79,0,0,-3.224447,0.03825603
161,118,1,19627,161,0,0,-1.6515181,0.16090389
9,11,0,1839,9,0,0,-10.404184,3.030449e-05
41,34,0,5656,41,0,0,-0.89774346,0.28951442
65,192,0,31746,65,0,0,-1.5278697,0.17830558
48,26,0,4337,48,0,0,-1.9577229,0.123713695
75,51,0,8482,75,0,0,-2.202098,0.09956226
29,197,0,32520,29,0,0,-5.133575,0.005860894
16,132,0,21802,16,0,0,2.6511521,0.934082
25,117,0,19341,25,0,0,-1.0122952,0.2665309
146,73,0,12189,146,0,0,1.9125028,0.87130004
80,44,0,7340,80,0,0,-0.48415,0.38127264
96,82,0,13629,96,0,0,-0.21422713,0.4466471
74,44,0,7337,74,0,0,-0.48415,0.38127264
145,53,0,8891,145,0,0,1.8304937,0.8618205
139,41,0,6903,139,0,0,4.0977917,0.98366207
138,139,0,23071,138,0,0,0.74813247,0.6787716
0,172,0,28397,0,0,0,-1.4617598,0.18819831
73,0,0,69,73,0,0,-2.6283884,0.06733359
95,27,0,4549,95,0,0,3.8139992,0.9784163
117,160,0,26521,117,0,0,1.1701784,0.7631773
123,113,0,18769,123,0,0,-8.208279,0.00027231502
93,79,0,13130,93,0,0,-3.39921,0.032320164
115,15,0,2579,115,0,0,-1.212281,0.22929771
73,81,0,13434,73,0,0,0.2535166,0.56304187
104,137,1,22705,104,0,0,-1.5596728,0.1736936
8,88,0,14524,8,0,0,-5.5555143,0.0038511904
163,216,0,35802,163,0,0,2.892348,0.94746685
108,153,1,25355,108,0,0,0.12152326,0.5303435
144,37,0,6250,144,0,0,-0.4699734,0.38462254
60,20,0,3372,60,0,0,-0.9151546,0.28594622
112,59,0,9843,112,0,0,1.2554069,0.7782344
102,215,1,35590,102,0,0,-0.32257694,0.42004785
132,189,0,31320,132,0,0,0.13692778,0.53417856
12,58,0,9571,12,0,0,-0.8597182,0.2973982
54,168,1,27773,54,0,0,-4.738065,0.008679579
114,87,1,14462,114,0,0,0.66993755,0.6614892
49,117,1,19346,49,0,0,-1.0122952,0.2665309
1,135,1,22286,1,0,0,2.9254026,0.949088
140,162,0,26871,140,0,0,-1.7663476,0.14599712
17,131,1,21633,17,0,0,-3.1999748,0.03916667
53,21,0,3517,53,0,0,0.48414403,0.61872596
152,86,0,14340,152,0,0,-4.75553,0.008530587
59,177,1,29261,59,0,0,-0.39797235,0.4017996
140,189,0,31326,140,0,0,0.13692778,0.53417856
116,78,0,12972,116,0,0,-0.025013804,0.49374688
162,33,0,5608,162,0,0,-0.51278126,0.37454176
103,189,0,31302,103,0,0,0.13692778,0.53417856
131,132,0,21911,131,0,0,2.6511521,0.934082
118,93,0,15458,118,0,0,-0.91739774,0.28548843
36,91,0,15038,36,0,0,-0.20702364,0.44842815
143,95,0,15818,143,0,0,-6.1478186,0.002133579
27,215,0,35510,27,0,0,-0.32257694,0.42004785
80,153,0,25325,80,0,0,0.12152326,0.5303435
7,157,0,25905,7,0,0,-0.5148577,0.37405545
43,93,0,15393,43,0,0,-0.91739774,0.28548843
111,188,0,31134,111,0,0,-0.5415916,0.36781743
41,81,0,13411,41,0,0,0.2535166,0.56304187
7,69,0,11385,7,0,0,-0.9257092,0.28379604
76,128,1,21184,76,0,0,-0.8148542,0.30685705
32,87,0,14387,32,0,0,0.66993755,0.6614892
62,33,0,5518,62,0,0,-0.51278126,0.37454176
140,178,1,29511,140,0,0,-2.9037356,0.051969204
13,51,0,8454,13,0,0,-2.202098,0.09956226
91,108,0,17911,91,0,0,1.1149006,0.7530416
36,214,0,35333,36,0,0,0.30544943,0.57577413
3,41,0,6775,3,0,0,4.0977917,0.98366207
41,103,0,17041,41,0,0,-0.4217812,0.3960906
65,205,0,33891,65,0,0,3.0824637,0.9561636
153,151,0,25067,153,0,0,-3.830502,0.021237884
4,88,0,14528,4,0,0,-5.5555143,0.0038511904
61,72,0,11941,61,0,0,0.93011564,0.7170988
95,118,0,19564,95,0,0,-1.6515181,0.16090389
49,151,0,24956,49,0,0,-3.830502,0.021237884
108,42,0,7040,108,0,0,-0.4071209,0.39960268
28,106,0,17524,28,0,0,-1.7601573,0.14677064
141,39,0,6577,141,0,0,1.7614534,0.8533916
41,95,0,15721,41,0,0,-6.1478186,0.002133579
54,206,0,34043,54,0,0,-0.48542544,0.38097182
52,57,0,9456,52,0,0,4.307292,0.98670906
70,80,0,13270,70,0,0,-0.059322357,0.48517376
142,178,0,29510,142,0,0,-2.9037356,0.051969204
103,157,1,26022,103,0,0,-0.5148577,0.37405545
111,110,0,18264,111,0,0,0.166287,0.54147625
27,188,1,31055,27,0,0,-0.5415916,0.36781743
33,171,0,28241,33,0,0,-0.72275156,0.32678735
0,11,0,1832,0,0,0,-10.404184,3.030449e-05
67,59,0,9794,67,0,0,1.2554069,0.7782344
125,59,0,9862,125,0,0,1.2554069,0.7782344
51,208,0,34370,51,0,0,1.4279368,0.80657965
144,5,1,970,144,0,0,-4.3107796,0.013245288
53,183,1,30247,53,0,0,-1.6336029,0.16333741
90,27,0,4545,90,0,0,3.8139992,0.9784163
124,170,1,28172,124,0,0,-1.2602379,0.22093293
2,206,0,33996,2,0,0,-0.48542544,0.38097182
53,101,1,16717,53,0,0,-2.8819857,0.053051293
116,1,0,267,116,0,0,-2.0700302,0.11204404
92,197,0,32597,92,0,0,-5.133575,0.005860894
133,203,0,33634,133,0,0,-2.6337276,0.06699906
147,65,0,10873,147,0,0,0.27131093,0.5674147
62,149,0,24658,62,0,0,-8.130502,0.0002943338
147,157,0,26053,147,0,0,-0.5148577,0.37405545
116,53,0,8847,116,0,0,1.8304937,0.8618205
64,163,0,26958,64,0,0,-0.14802814,0.4630604
78,53,1,8823,78,0,0,1.8304937,0.8618205
49,105,1,17366,49,0,0,2.681119,0.9359033
80,55,0,9155,80,0,0,-2.4251432,0.08127538
145,57,1,9551,145,0,0,4.307292,0.98670906
101,18,0,3076,101,0,0,-2.078091,0.111244574
63,205,0,33900,63,0,0,3.0824637,0.9561636
85,171,0,28303,85,0,0,-0.72275156,0.32678735
84,134,1,22196,84,0,0,1.7873898,0.85660696
155,154,0,25561,155,0,0,-2.4342835,0.08059549
131,17,0,2936,131,0,0,-0.029760048,0.49256054
127,171,0,28340,127,0,0,-0.72275156,0.32678735
76,2,0,394,76,0,0,-1.2846,0.21676822
47,82,0,13579,47,0,0,-0.21422713,0.4466471
98,134,0,22207,98,0,0,1.7873898,0.85660696
46,151,0,24958,46,0,0,-3.830502,0.021237884
100,108,0,17931,100,0,0,1.1149006,0.7530416
39,155,0,25589,39,0,0,-0.32563835,0.41930225
89,135,1,22364,89,0,0,2.9254026,0.949088
91,158,0,26161,91,0,0,1.3191829,0.78904575
102,91,0,15130,102,0,0,-0.20702364,0.44842815
118,106,1,17603,118,0,0,-1.7601573,0.14677064
0,42,0,6947,0,0,0,-0.4071209,0.39960268
106,28,0,4723,106,0,0,1.5404322,0.8235276
99,95,0,15773,99,0,0,-6.1478186,0.002133579
76,15,0,2539,76,0,0,-1.212281,0.22929771
87,144,0,23847,87,0,0,-0.2694777,0.4330353
161,157,0,26062,161,0,0,-0.5148577,0.37405545
103,42,1,7047,103,0,0,-0.4071209,0.39960268
161,78,0,13027,161,0,0,-0.025013804,0.49374688
0,189,0,31202,0,0,0,0.13692778,0.53417856
69,29,0,4847,69,0,0,-0.34640875,0.41425356
47,179,0,29584,47,0,0,-4.472768,0.011286829
145,125,1,20771,145,0,0,-1.9668355,0.12272919
100,29,0,4896,100,0,0,-0.34640875,0.41425356
28,84,1,13894,28,0,0,1.6638818,0.8407584
106,151,0,25018,106,0,0,-3.830502,0.021237884
151,130,0,21604,151,0,0,-0.9771749,0.2734527
61,2,0,391,61,0,0,-1.2846,0.21676822
154,136,0,22600,154,0,0,0.6312155,0.65276504
108,204,0,33770,108,0,0,-1.7779512,0.1445563
151,63,0,10549,151,0,0,-1.0092146,0.26713356
56,208,0,34380,56,0,0,1.4279368,0.80657965
29,16,1,2655,29,0,0,-0.33815083,0.41625872
120,186,0,30808,120,0,0,-1.1687648,0.23707832
63,87,0,14430,63,0,0,0.66993755,0.6614892
108,190,0,31460,108,0,0,-3.7208788,0.023640284
14,95,0,15677,14,0,0,-6.1478186,0.002133579
14,48,0,7922,14,0,0,-2.4969263,0.07607394
47,152,0,25129,47,0,0,-1.8155067,0.13997391
65,213,0,35211,65,0,0,-1.093512,0.25095752
124,191,0,31637,124,0,0,-1.0265948,0.2637448
52,26,0,4341,52,0,0,-1.9577229,0.123713695
132,177,1,29340,132,0,0,-0.39797235,0.4017996
91,98,0,16261,91,0,0,-0.6287151,0.34780195
31,173,1,28564,31,0,0,0.9896576,0.7290203
6,167,0,27571,6,0,0,-1.4176092,0.19503665
140,29,0,4926,140,0,0,-0.34640875,0.41425356
3,188,0,31030,3,0,0,-0.5415916,0.36781743
28,85,1,14059,28,0,0,-1.010618,0.26685894
6,215,0,35491,6,0,0,-0.32257694,0.42004785
52,90,1,14901,52,0,0,-0.5269166,0.37123632
69,100,0,16562,69,0,0,-0.17521295,0.45630848
0,39,0,6452,0,0,0,1.7614534,0.8533916
140,142,0,23571,140,0,0,-0.42403874,0.39555073
99,106,1,17588,99,0,0,-1.7601573,0.14677064
89,194,0,32099,89,0,0,-1.0653789,0.2562829
16,191,1,31537,16,0,0,-1.0265948,0.2637448
107,55,0,9184,107,0,0,-2.4251432,0.08127538
163,98,0,16332,163,0,0,-0.6287151,0.34780195
104,166,0,27490,104,0,0,2.7208607,0.9382464
10,104,0,17190,10,0,0,0.6592166,0.6590844
37,54,0,8931,37,0,0,-2.8636465,0.053980183
2,78,0,12876,2,0,0,-0.025013804,0.49374688
19,188,1,31053,19,0,0,-0.5415916,0.36781743
76,199,1,32899,76,0,0,1.0903363,0.74844503
97,19,1,3231,97,0,0,-2.4047847,0.08280857
70,87,0,14425,70,0,0,0.66993755,0.6614892
107,3,0,604,107,0,0,-1.6873546,0.15612406
69,54,0,8972,69,0,0,-2.8636465,0.053980183
154,2,0,490,154,0,0,-1.2846,0.21676822
73,5,0,894,73,0,0,-4.3107796,0.013245288
33,123,0,20321,33,0,0,-2.4279943,0.08106276
127,198,0,32795,127,0,0,-0.5406706,0.3680316
90,194,0,32100,90,0,0,-1.0653789,0.2562829
33,141,0,23291,33,0,0,-0.30216512,0.4250283
64,140,0,23163,64,0,0,-2.2864366,0.09225252
6,85,0,14041,6,0,0,-1.010618,0.26685894
92,108,0,17912,92,0,0,1.1149006,0.7530416
76,11,0,1879,76,0,0,-10.404184,3.030449e-05
107,6,0,1099,107,0,0,-3.6607282,0.025069159
59,147,0,24311,59,0,0,-3.2721286,0.03653982
161,7,0,1312,161,0,0,-3.8243132,0.021366913
124,72,0,12002,124,0,0,0.93011564,0.7170988
141,96,0,15982,141,0,0,-0.7005422,0.331692
8,119,0,19639,8,0,0,3.6162086,0.97381943
135,143,1,23728,135,0,0,-1.0126758,0.2664565
135,18,0,3103,135,0,0,-2.078091,0.111244574
64,101,1,16728,64,0,0,-2.8819857,0.053051293
100,120,0,19911,100,0,0,-4.1045628,0.01622949
21,197,0,32525,21,0,0,-5.133575,0.005860894
97,186,0,30786,97,0,0,-1.1687648,0.23707832
23,128,0,21125,23,0,0,-0.8148542,0.30685705
58,173,0,28616,58,0,0,0.9896576,0.7290203
54,8,0,1373,54,0,0,-3.5291336,0.028494563
17,160,0,26418,17,0,0,1.1701784,0.7631773
91,178,0,29461,91,0,0,-2.9037356,0.051969204
64,5,0,888,64,0,0,-4.3107796,0.013245288
83,168,0,27801,83,0,0,-4.738065,0.008679579
75,122,0,20197,75,0,0,-0.67312354,0.3377978
164,48,0,8081,164,0,0,-2.4969263,0.07607394
112,48,0,8028,112,0,0,-2.4969263,0.07607394
20,215,1,35482,20,0,0,-0.32257694,0.42004785
34,189,0,31198,34,0,0,0.13692778,0.53417856
109,180,0,29812,109,0,0,-1.239552,0.22451398
157,211,0,34970,157,0,0,2.8431277,0.9449624
60,130,0,21522,60,0,0,-0.9771749,0.2734527
31,141,1,23284,31,0,0,-0.30216512,0.4250283
57,214,0,35384,57,0,0,0.30544943,0.57577413
11,106,1,17521,11,0,0,-1.7601573,0.14677064
34,184,0,30373,34,0,0,1.0853381,0.74750286
136,155,0,25707,136,0,0,-0.32563835,0.41930225
12,110,0,18151,12,0,0,0.166287,0.54147625
115,158,0,26174,115,0,0,1.3191829,0.78904575
38,124,0,20489,38,0,0,-3.1635184,0.040561907
23,148,0,24425,23,0,0,0.6483708,0.6566432
67,131,0,21674,67,0,0,-3.1999748,0.03916667
159,115,0,19134,159,0,0,-0.73210156,0.32473373
103,82,0,13647,103,0,0,-0.21422713,0.4466471
155,7,0,1306,155,0,0,-3.8243132,0.021366913
152,146,0,24240,152,0,0,0.25773755,0.56408006
33,38,0,6296,33,0,0,-2.0364141,0.115432374
29,52,0,8595,29,0,0,-0.6370729,0.34590852
93,75,0,12470,93,0,0,3.74163,0.976834
70,162,0,26800,70,0,0,-1.7663476,0.14599712
124,53,0,8867,124,0,0,1.8304937,0.8618205
5,81,0,13393,5,0,0,0.2535166,0.56304187
27,15,0,2510,27,0,0,-1.212281,0.22929771
136,71,0,11847,136,0,0,-4.3468447,0.012782104
52,188,0,31071,52,0,0,-0.5415916,0.36781743
81,100,0,16583,81,0,0,-0.17521295,0.45630848
122,55,0,9198,122,0,0,-2.4251432,0.08127538
164,74,0,12371,164,0,0,-0.62289315,0.34912375
85,186,0,30778,85,0,0,-1.1687648,0.23707832
33,79,0,13061,33,0,0,-3.39921,0.032320164
162,165,0,27388,162,0,0,-0.006789565,0.4983026
15,78,0,12882,15,0,0,-0.025013804,0.49374688
18,54,0,8948,18,0,0,-2.8636465,0.053980183
138,57,0,9541,138,0,0,4.307292,0.98670906
102,36,0,6055,102,0,0,-7.329728,0.0006553221
60,143,1,23667,60,0,0,-1.0126758,0.2664565
101,204,0,33766,101,0,0,-1.7779512,0.1445563
42,12,0,2020,42,0,0,1.1768677,0.76438415
31,143,1,23614,31,0,0,-1.0126758,0.2664565
124,128,0,21242,124,0,0,-0.8148542,0.30685705
76,59,0,9799,76,0,0,1.2554069,0.7782344
112,17,0,2913,112,0,0,-0.029760048,0.49256054
109,166,0,27502,109,0,0,2.7208607,0.9382464
137,211,1,34952,137,0,0,2.8431277,0.9449624
150,81,0,13521,150,0,0,0.2535166,0.56304187
86,210,0,34732,86,0,0,-0.4756602,0.38327742
150,11,0,1971,150,0,0,-10.404184,3.030449e-05
23,217,0,35810,23,0,0,-0.9511688,0.27864984
39,24,0,3974,39,0,0,2.4342709,0.91940355
93,101,0,16760,93,0,0,-2.8819857,0.053051293
116,69,0,11487,116,0,0,-0.9257092,0.28379604
110,81,0,13484,110,0,0,0.2535166,0.56304187
9,51,0,8439,9,0,0,-2.202098,0.09956226
76,162,0,26794,76,0,0,-1.7663476,0.14599712
70,155,0,25645,70,0,0,-0.32563835,0.41930225
47,78,0,12919,47,0,0,-0.025013804,0.49374688
101,157,0,26011,101,0,0,-0.5148577,0.37405545
92,66,1,10982,92,0,0,-0.5698795,0.36126465
139,96,0,15978,139,0,0,-0.7005422,0.331692
60,194,0,32082,60,0,0,-1.0653789,0.2562829
122,185,1,30648,122,0,0,0.88764185,0.7084033
106,11,0,1918,106,0,0,-10.404184,3.030449e-05
66,83,0,13750,66,0,0,0.86861223,0.70445687
29,74,0,12225,29,0,0,-0.62289315,0.34912375
121,193,1,31965,121,0,0,3.8734593,0.9796369
24,177,0,29242,24,0,0,-0.39797235,0.4017996
133,82,0,13669,133,0,0,-0.21422713,0.4466471
6,106,1,17506,6,0,0,-1.7601573,0.14677064
108,54,0,9020,108,0,0,-2.8636465,0.053980183
86,206,0,34072,86,0,0,-0.48542544,0.38097182
158,90,1,15008,158,0,0,-0.5269166,0.37123632
43,50,1,8298,43,0,0,-1.8266549,0.13863724
3,184,1,30370,3,0,0,1.0853381,0.74750286
156,23,0,3948,156,0,0,2.125312,0.89333916
3,38,0,6280,3,0,0,-2.0364141,0.115432374
129,59,0,9863,129,0,0,1.2554069,0.7782344
80,125,1,20705,80,0,0,-1.9668355,0.12272919
59,18,0,3026,59,0,0,-2.078091,0.111244574
52,166,0,27441,52,0,0,2.7208607,0.9382464
91,204,0,33751,91,0,0,-1.7779512,0.1445563
29,187,0,30870,29,0,0,0.65044945,0.65711176
79,130,0,21529,79,0,0,-0.9771749,0.2734527
152,204,0,33810,152,0,0,-1.7779512,0.1445563
100,211,0,34926,100,0,0,2.8431277,0.9449624
57,146,0,24164,57,0,0,0.25773755,0.56408006
130,195,0,32305,130,0,0,-0.04642749,0.4883952
149,14,0,2457,149,0,0,2.7703085,0.9410501
67,62,0,10289,67,0,0,1.1302793,0.7558904
117,175,0,28996,117,0,0,0.3924312,0.5968678
35,117,1,19330,35,0,0,-1.0122952,0.2665309
13,178,0,29409,13,0,0,-2.9037356,0.051969204
13,96,0,15879,13,0,0,-0.7005422,0.331692
142,158,0,26210,142,0,0,1.3191829,0.78904575
124,107,0,17777,124,0,0,-2.4728017,0.07778701
134,123,0,20429,134,0,0,-2.4279943,0.08106276
59,46,0,7646,59,0,0,-1.5868907,0.1698218
93,92,0,15275,93,0,0,-1.9034204,0.12972184
72,93,0,15410,72,0,0,-0.91739774,0.28548843
164,49,0,8246,164,0,0,-2.9024777,0.052031215
55,114,0,18886,55,0,0,2.3294578,0.9112875
155,206,0,34141,155,0,0,-0.48542544,0.38097182
120,40,1,6718,120,0,0,0.5982514,0.64525616
49,8,0,1361,49,0,0,-3.5291336,0.028494563
155,200,0,33151,155,0,0,-0.7016182,0.33145356
29,54,0,8925,29,0,0,-2.8636465,0.053980183
26,151,0,24924,26,0,0,-3.830502,0.021237884
97,82,0,13626,97,0,0,-0.21422713,0.4466471
93,81,0,13460,93,0,0,0.2535166,0.56304187
41,108,0,17866,41,0,0,1.1149006,0.7530416
61,161,0,26626,61,0,0,-2.3605657,0.086229615
85,133,0,22033,85,0,0,-3.5224102,0.028681276
144,206,0,34135,144,0,0,-0.48542544,0.38097182
17,111,0,18333,17,0,0,2.9755948,0.95145935
61,122,1,20191,61,0,0,-0.67312354,0.3377978
65,28,0,4686,65,0,0,1.5404322,0.8235276
141,177,0,29347,141,0,0,-0.39797235,0.4017996
51,79,0,13085,51,0,0,-3.39921,0.032320164
2,151,0,24921,2,0,0,-3.830502,0.021237884
154,139,0,23095,154,0,0,0.74813247,0.6787716
29,62,1,10245,29,0,0,1.1302793,0.7558904
51,101,1,16715,51,0,0,-2.8819857,0.053051293
71,173,0,28602,71,0,0,0.9896576,0.7290203
57,30,0,5024,57,0,0,0.7758248,0.6847796
75,138,0,22837,75,0,0,0.21283814,0.55300957
145,33,0,5591,145,0,0,-0.51278126,0.37454176
70,192,0,31750,70,0,0,-1.5278697,0.17830558
46,18,0,3013,46,0,0,-2.078091,0.111244574
126,171,0,28344,126,0,0,-0.72275156,0.32678735
89,35,1,5864,89,0,0,2.8851218,0.94710606
157,21,0,3620,157,0,0,0.48414403,0.61872596
127,153,0,25370,127,0,0,0.12152326,0.5303435
15,197,0,32517,15,0,0,-5.133575,0.005860894
81,74,0,12293,81,0,0,-0.62289315,0.34912375
91,177,0,29296,91,0,0,-0.39797235,0.4017996
29,132,0,21795,29,0,0,2.6511521,0.934082
67,191,0,31574,67,0,0,-1.0265948,0.2637448
56,196,1,32400,56,0,0,2.8387551,0.9447345
109,195,0,32287,109,0,0,-0.04642749,0.4883952
114,77,0,12812,114,0,0,-4.700327,0.009010379
61,96,0,15901,61,0,0,-0.7005422,0.331692
147,44,0,7408,147,0,0,-0.48415,0.38127264
42,149,0,24625,42,0,0,-8.130502,0.0002943338
162,89,0,14848,162,0,0,-0.22568604,0.44381675
128,93,0,15471,128,0,0,-0.91739774,0.28548843
125,62,0,10357,125,0,0,1.1302793,0.7558904
130,7,0,1285,130,0,0,-3.8243132,0.021366913
65,136,0,22506,65,0,0,0.6312155,0.65276504
68,78,0,12938,68,0,0,-0.025013804,0.49374688
89,19,1,3224,89,0,0,-2.4047847,0.08280857
86,29,1,4867,86,0,0,-0.34640875,0.41425356
82,175,0,28959,82,0,0,0.3924312,0.5968678
102,195,0,32290,102,0,0,-0.04642749,0.4883952
153,164,0,27212,153,0,0,0.026692986,0.50667286
100,15,0,2586,100,0,0,-1.212281,0.22929771
132,154,1,25545,132,0,0,-2.4342835,0.08059549
73,139,0,23004,73,0,0,0.74813247,0.6787716
19,81,0,13398,19,0,0,0.2535166,0.56304187
8,160,0,26404,8,0,0,1.1701784,0.7631773
126,86,0,14319,126,0,0,-4.75553,0.008530587
112,121,0,20073,112,0,0,-5.4067316,0.0044662426
135,180,0,29833,135,0,0,-1.239552,0.22451398
84,55,0,9161,84,0,0,-2.4251432,0.08127538
150,105,0,17481,150,0,0,2.681119,0.9359033
147,87,0,14503,147,0,0,0.66993755,0.6614892
137,134,0,22247,137,0,0,1.7873898,0.85660696
99,141,0,23363,99,0,0,-0.30216512,0.4250283
93,22,0,3725,93,0,0,-2.961879,0.04917807
99,137,1,22703,99,0,0,-1.5596728,0.1736936
54,211,1,34868,54,0,0,2.8431277,0.9449624
112,80,0,13308,112,0,0,-0.059322357,0.48517376
152,104,0,17310,152,0,0,0.6592166,0.6590844
149,133,0,22092,149,0,0,-3.5224102,0.028681276
38,162,0,26759,38,0,0,-1.7663476,0.14599712
87,4,1,747,87,0,0,-0.69811064,0.33223125
34,29,0,4798,34,0,0,-0.34640875,0.41425356
160,190,1,31514,160,0,0,-3.7208788,0.023640284
61,156,0,25801,61,0,0,-0.16150811,0.4597105
75,164,0,27127,75,0,0,0.026692986,0.50667286
164,43,0,7256,164,0,0,-1.1414603,0.24205235
132,10,0,1785,132,0,0,0.89712363,0.710358
21,185,0,30545,21,0,0,0.88764185,0.7084033
164,182,1,30191,164,0,0,0.9060196,0.71218497
13,94,0,15549,13,0,0,-0.25244072,0.43722284
55,44,0,7336,55,0,0,-0.48415,0.38127264
33,122,1,20156,33,0,0,-0.67312354,0.3377978
58,153,0,25316,58,0,0,0.12152326,0.5303435
160,47,1,7919,160,0,0,5.323983,0.9951503
103,123,0,20412,103,0,0,-2.4279943,0.08106276
70,14,0,2380,70,0,0,2.7703085,0.9410501
30,102,0,16857,30,0,0,-3.898174,0.019875845
101,152,0,25186,101,0,0,-1.8155067,0.13997391
118,87,0,14468,118,0,0,0.66993755,0.6614892
11,124,0,20491,11,0,0,-3.1635184,0.040561907
13,186,0,30729,13,0,0,-1.1687648,0.23707832
73,61,0,10134,73,0,0,2.373899,0.9148152
19,210,0,34683,19,0,0,-0.4756602,0.38327742
127,182,0,30155,127,0,0,0.9060196,0.71218497
93,215,0,35570,93,0,0,-0.32257694,0.42004785
121,158,0,26190,121,0,0,1.3191829,0.78904575
48,135,0,22322,48,0,0,2.9254026,0.949088
11,110,0,18181,11,0,0,0.166287,0.54147625
70,64,0,10630,70,0,0,0.22370961,0.5556953
19,1,0,198,19,0,0,-2.0700302,0.11204404
152,137,0,22755,152,0,0,-1.5596728,0.1736936
17,191,0,31533,17,0,0,-1.0265948,0.2637448
34,47,0,7768,34,0,0,5.323983,0.9951503
54,107,1,17708,54,0,0,-2.4728017,0.07778701
141,105,0,17467,141,0,0,2.681119,0.9359033
81,116,0,19223,81,0,0,-1.2288566,0.22638161
67,161,0,26624,67,0,0,-2.3605657,0.086229615
145,49,0,8231,145,0,0,-2.9024777,0.052031215
123,30,0,5074,123,0,0,0.7758248,0.6847796
14,44,0,7262,14,0,0,-0.48415,0.38127264
157,104,0,17315,157,0,0,0.6592166,0.6590844
125,209,0,34612,125,0,0,-1.9596634,0.123503484
128,134,0,22236,128,0,0,1.7873898,0.85660696
58,62,0,10301,58,0,0,1.1302793,0.7558904
59,148,0,24476,59,0,0,0.6483708,0.6566432
155,214,0,35461,155,0,0,0.30544943,0.57577413
70,119,0,19705,70,0,0,3.6162086,0.97381943
163,83,0,13857,163,0,0,0.86861223,0.70445687
17,201,0,33183,17,0,0,-3.224447,0.03825603
41,150,0,24796,41,0,0,0.1452004,0.53623646
146,20,0,3444,146,0,0,-0.9151546,0.28594622
11,8,0,1351,11,0,0,-3.5291336,0.028494563
134,134,1,22244,134,0,0,1.7873898,0.85660696
63,158,0,26145,63,0,0,1.3191829,0.78904575
20,43,0,7102,20,0,0,-1.1414603,0.24205235
108,146,1,24200,108,0,0,0.25773755,0.56408006
63,84,0,13935,63,0,0,1.6638818,0.8407584
144,117,0,19450,144,0,0,-1.0122952,0.2665309
43,76,0,12588,43,0,0,1.5490427,0.8247754
114,189,0,31292,114,0,0,0.13692778,0.53417856
145,91,0,15161,145,0,0,-0.20702364,0.44842815
141,195,0,32317,141,0,0,-0.04642749,0.4883952
61,36,0,6001,61,0,0,-7.329728,0.0006553221
38,116,0,19169,38,0,0,-1.2288566,0.22638161
28,122,1,20164,28,0,0,-0.67312354,0.3377978
115,214,0,35414,115,0,0,0.30544943,0.57577413
28,197,0,32539,28,0,0,-5.133575,0.005860894
87,191,0,31602,87,0,0,-1.0265948,0.2637448
29,70,0,11565,29,0,0,-2.8239853,0.056041732
29,60,0,9915,29,0,0,2.3020887,0.90904987
143,59,0,9878,143,0,0,1.2554069,0.7782344
34,37,0,6118,34,0,0,-0.4699734,0.38462254
160,139,0,23099,160,0,0,0.74813247,0.6787716
139,168,0,27858,139,0,0,-4.738065,0.008679579
148,166,0,27539,148,0,0,2.7208607,0.9382464
81,141,0,23348,81,0,0,-0.30216512,0.4250283
52,110,0,18201,52,0,0,0.166287,0.54147625
83,67,0,11136,83,0,0,2.2135396,0.9014588
49,98,0,16211,49,0,0,-0.6287151,0.34780195
5,30,0,4978,5,0,0,0.7758248,0.6847796
145,171,0,28361,145,0,0,-0.72275156,0.32678735
61,45,0,7486,61,0,0,1.1304882,0.755929
78,68,0,11298,78,0,0,1.2596853,0.7789719
29,177,0,29220,29,0,0,-0.39797235,0.4017996
70,33,0,5515,70,0,0,-0.51278126,0.37454176
90,206,0,34080,90,0,0,-0.48542544,0.38097182
30,205,0,33852,30,0,0,3.0824637,0.9561636
146,138,0,22914,146,0,0,0.21283814,0.55300957
116,42,0,7032,116,0,0,-0.4071209,0.39960268
3,111,0,18325,3,0,0,2.9755948,0.95145935
95,67,0,11149,95,0,0,2.2135396,0.9014588
58,2,0,401,58,0,0,-1.2846,0.21676822
95,2,0,424,95,0,0,-1.2846,0.21676822
135,15,0,2608,135,0,0,-1.212281,0.22929771
31,209,0,34504,31,0,0,-1.9596634,0.123503484
63,186,0,30765,63,0,0,-1.1687648,0.23707832
108,49,0,8195,108,0,0,-2.9024777,0.052031215
111,47,1,7869,111,0,0,5.323983,0.9951503
112,206,0,34098,112,0,0,-0.48542544,0.38097182
57,130,0,21524,57,0,0,-0.9771749,0.2734527
48,200,0,33047,48,0,0,-0.7016182,0.33145356
15,175,1,28887,15,0,0,0.3924312,0.5968678
13,217,0,35844,13,0,0,-0.9511688,0.27864984
151,47,0,7909,151,0,0,5.323983,0.9951503
71,206,0,34047,71,0,0,-0.48542544,0.38097182
106,27,0,4558,106,0,0,3.8139992,0.9784163
16,120,0,19822,16,0,0,-4.1045628,0.01622949
66,10,0,1705,66,0,0,0.89712363,0.710358
21,89,0,14705,21,0,0,-0.22568604,0.44381675
150,32,0,5436,150,0,0,0.9187327,0.7147838
47,11,0,1864,47,0,0,-10.404184,3.030449e-05
129,85,1,14153,129,0,0,-1.010618,0.26685894
9,53,0,8769,9,0,0,1.8304937,0.8618205
158,196,1,32498,158,0,0,2.8387551,0.9447345
40,196,0,32385,40,0,0,2.8387551,0.9447345
152,87,0,14505,152,0,0,0.66993755,0.6614892
46,137,0,22648,46,0,0,-1.5596728,0.1736936
24,1,0,202,24,0,0,-2.0700302,0.11204404
127,4,0,785,127,0,0,-0.69811064,0.33223125
156,18,0,3123,156,0,0,-2.078091,0.111244574
160,74,0,12374,160,0,0,-0.62289315,0.34912375
32,7,0,1187,32,0,0,-3.8243132,0.021366913
129,148,0,24548,129,0,0,0.6483708,0.6566432
96,24,0,4059,96,0,0,2.4342709,0.91940355
152,103,0,17145,152,0,0,-0.4217812,0.3960906
85,53,0,8833,85,0,0,1.8304937,0.8618205
158,34,0,5768,158,0,0,-0.89774346,0.28951442
56,72,0,11940,56,0,0,0.93011564,0.7170988
46,211,1,34858,46,0,0,2.8431277,0.9449624
117,93,0,15466,117,0,0,-0.91739774,0.28548843
53,207,0,34207,53,0,0,-3.4952805,0.029446814
131,82,1,13661,131,0,0,-0.21422713,0.4466471
17,36,1,5958,17,0,0,-7.329728,0.0006553221
23,12,0,1985,23,0,0,1.1768677,0.76438415
51,80,0,13250,51,0,0,-0.059322357,0.48517376
33,142,0,23456,33,0,0,-0.42403874,0.39555073
105,3,1,611,105,0,0,-1.6873546,0.15612406
8,77,0,12709,8,0,0,-4.700327,0.009010379
90,66,1,10980,90,0,0,-0.5698795,0.36126465
162,4,0,823,162,0,0,-0.69811064,0.33223125
61,31,1,5176,61,0,0,-2.0365837,0.11541507
76,43,0,7159,76,0,0,-1.1414603,0.24205235
22,134,1,22113,22,0,0,1.7873898,0.85660696
164,187,1,31016,164,0,0,0.65044945,0.65711176
21,51,1,8435,21,0,0,-2.202098,0.09956226
75,143,0,23662,75,0,0,-1.0126758,0.2664565
15,162,1,26742,15,0,0,-1.7663476,0.14599712
41,50,0,8296,41,0,0,-1.8266549,0.13863724
151,176,0,29194,151,0,0,-3.5805154,0.027106123
40,60,1,9945,40,0,0,2.3020887,0.90904987
147,126,0,20938,147,0,0,-1.7666025,0.14596535
110,70,0,11669,110,0,0,-2.8239853,0.056041732
154,78,0,13030,154,0,0,-0.025013804,0.49374688
74,114,1,18887,74,0,0,2.3294578,0.9112875
153,134,0,22262,153,0,0,1.7873898,0.85660696
41,57,1,9451,41,0,0,4.307292,0.98670906
77,97,0,16059,77,0,0,-1.0007296,0.268798
74,203,1,33572,74,0,0,-2.6337276,0.06699906
144,28,0,4765,144,0,0,1.5404322,0.8235276
143,100,0,16643,143,0,0,-0.17521295,0.45630848
13,80,0,13239,13,0,0,-0.059322357,0.48517376
127,138,0,22895,127,0,0,0.21283814,0.55300957
157,201,0,33320,157,0,0,-3.224447,0.03825603
36,167,0,27578,36,0,0,-1.4176092,0.19503665
113,41,0,6866,113,0,0,4.0977917,0.98366207
24,59,0,9772,24,0,0,1.2554069,0.7782344
28,199,1,32869,28,0,0,1.0903363,0.74844503
140,147,0,24396,140,0,0,-3.2721286,0.03653982
155,14,0,2461,155,0,0,2.7703085,0.9410501
63,122,0,20205,63,0,0,-0.67312354,0.3377978
30,203,0,33522,30,0,0,-2.6337276,0.06699906
159,38,0,6429,159,0,0,-2.0364141,0.115432374
102,207,0,34270,102,0,0,-3.4952805,0.029446814
150,14,1,2466,150,0,0,2.7703085,0.9410501
127,49,0,8210,127,0,0,-2.9024777,0.052031215
129,104,1,17288,129,0,0,0.6592166,0.6590844
95,116,0,19234,95,0,0,-1.2288566,0.22638161
26,187,0,30864,26,0,0,0.65044945,0.65711176
29,148,0,24435,29,0,0,0.6483708,0.6566432
56,145,0,23985,56,0,0,3.5670865,0.97253746
92,192,0,31772,92,0,0,-1.5278697,0.17830558
144,173,0,28690,144,0,0,0.9896576,0.7290203
41,14,1,2356,41,0,0,2.7703085,0.9410501
91,52,0,8671,91,0,0,-0.6370729,0.34590852
11,165,0,27256,11,0,0,-0.006789565,0.4983026
155,172,0,28531,155,0,0,-1.4617598,0.18819831
163,64,0,10722,163,0,0,0.22370961,0.5556953
111,132,0,21894,111,0,0,2.6511521,0.934082
57,29,0,4859,57,0,0,-0.34640875,0.41425356
61,111,0,18376,61,0,0,2.9755948,0.95145935
3,142,0,23440,3,0,0,-0.42403874,0.39555073
39,192,0,31694,39,0,0,-1.5278697,0.17830558
122,132,0,21903,122,0,0,2.6511521,0.934082
146,172,0,28524,146,0,0,-1.4617598,0.18819831
6,119,0,19651,6,0,0,3.6162086,0.97381943
76,201,0,33229,76,0,0,-3.224447,0.03825603
83,212,0,35061,83,0,0,0.8991241,0.7107695
129,136,1,22568,129,0,0,0.6312155,0.65276504
163,178,0,29532,163,0,0,-2.9037356,0.051969204
162,23,0,3958,162,0,0,2.125312,0.89333916
161,95,0,15832,161,0,0,-6.1478186,0.002133579
107,181,0,29974,107,0,0,-1.7510238,0.14791812
87,5,0,912,87,0,0,-4.3107796,0.013245288
31,180,0,29719,31,0,0,-1.239552,0.22451398
9,143,0,23619,9,0,0,-1.0126758,0.2664565
124,122,1,20252,124,0,0,-0.67312354,0.3377978
95,107,0,17749,95,0,0,-2.4728017,0.07778701
88,26,0,4375,88,0,0,-1.9577229,0.123713695
64,175,1,28938,64,0,0,0.3924312,0.5968678
136,60,1,10032,136,0,0,2.3020887,0.90904987
24,57,0,9442,24,0,0,4.307292,0.98670906
82,149,0,24669,82,0,0,-8.130502,0.0002943338
26,176,0,29049,26,0,0,-3.5805154,0.027106123
4,44,0,7268,4,0,0,-0.48415,0.38127264
62,100,1,16573,62,0,0,-0.17521295,0.45630848
44,104,0,17204,44,0,0,0.6592166,0.6590844
60,18,0,3042,60,0,0,-2.078091,0.111244574
145,165,0,27371,145,0,0,-0.006789565,0.4983026
1,12,0,1991,1,0,0,1.1768677,0.76438415
146,37,0,6249,146,0,0,-0.4699734,0.38462254
121,119,0,19755,121,0,0,3.6162086,0.97381943
140,150,0,24891,140,0,0,0.1452004,0.53623646
116,188,0,31122,116,0,0,-0.5415916,0.36781743
8,108,0,17824,8,0,0,1.1149006,0.7530416
2,93,0,15351,2,0,0,-0.91739774,0.28548843
125,51,0,8542,125,0,0,-2.202098,0.09956226
119,46,0,7695,119,0,0,-1.5868907,0.1698218
22,28,0,4623,22,0,0,1.5404322,0.8235276
45,207,0,34197,45,0,0,-3.4952805,0.029446814
28,180,0,29734,28,0,0,-1.239552,0.22451398
17,109,0,18003,17,0,0,-1.6453142,0.16174325
9,128,0,21144,9,0,0,-0.8148542,0.30685705
137,213,0,35282,137,0,0,-1.093512,0.25095752
35,102,0,16855,35,0,0,-3.898174,0.019875845
138,129,0,21421,138,0,0,-1.8620393,0.13446553
73,204,0,33729,73,0,0,-1.7779512,0.1445563
27,45,0,7460,27,0,0,1.1304882,0.755929
116,43,0,7197,116,0,0,-1.1414603,0.24205235
139,74,0,12348,139,0,0,-0.62289315,0.34912375
101,101,0,16771,101,0,0,-2.8819857,0.053051293
159,45,0,7584,159,0,0,1.1304882,0.755929
69,144,0,23822,69,0,0,-0.2694777,0.4330353
35,188,0,31045,35,0,0,-0.5415916,0.36781743
131,134,0,22241,131,0,0,1.7873898,0.85660696
48,70,0,11597,48,0,0,-2.8239853,0.056041732
13,24,0,3999,13,0,0,2.4342709,0.91940355
76,164,0,27124,76,0,0,0.026692986,0.50667286
27,90,0,14885,27,0,0,-0.5269166,0.37123632
126,64,0,10689,126,0,0,0.22370961,0.5556953
56,149,0,24645,56,0,0,-8.130502,0.0002943338
49,146,1,24131,49,0,0,0.25773755,0.56408006
124,148,0,24542,124,0,0,0.6483708,0.6566432
33,58,0,9596,33,0,0,-0.8597182,0.2973982
32,18,0,3002,32,0,0,-2.078091,0.111244574
153,89,0,14837,153,0,0,-0.22568604,0.44381675
6,133,0,21961,6,0,0,-3.5224102,0.028681276
162,106,1,17653,162,0,0,-1.7601573,0.14677064
25,157,0,25941,25,0,0,-0.5148577,0.37405545
112,164,0,27168,112,0,0,0.026692986,0.50667286
156,47,1,7908,156,0,0,5.323983,0.9951503
146,44,0,7404,146,0,0,-0.48415,0.38127264
115,81,0,13469,115,0,0,0.2535166,0.56304187
7,40,0,6600,7,0,0,0.5982514,0.64525616
132,2,0,465,132,0,0,-1.2846,0.21676822
55,99,0,16411,55,0,0,-0.77462655,0.31547913
57,110,0,18224,57,0,0,0.166287,0.54147625
94,98,0,16263,94,0,0,-0.6287151,0.34780195
118,76,0,12653,118,0,0,1.5490427,0.8247754
140,77,0,12846,140,0,0,-4.700327,0.009010379
44,155,0,25619,44,0,0,-0.32563835,0.41930225
11,118,0,19501,11,0,0,-1.6515181,0.16090389
74,66,1,10967,74,0,0,-0.5698795,0.36126465
64,193,1,31908,64,0,0,3.8734593,0.9796369
32,193,1,31877,32,0,0,3.8734593,0.9796369
63,173,0,28620,63,0,0,0.9896576,0.7290203
53,87,0,14407,53,0,0,0.66993755,0.6614892
53,41,0,6817,53,0,0,4.0977917,0.98366207
122,176,0,29163,122,0,0,-3.5805154,0.027106123
154,17,0,2965,154,0,0,-0.029760048,0.49256054
56,70,0,11610,56,0,0,-2.8239853,0.056041732
71,135,1,22332,71,0,0,2.9254026,0.949088
8,17,0,2809,8,0,0,-0.029760048,0.49256054
150,168,1,27876,150,0,0,-4.738065,0.008679579
93,185,0,30620,93,0,0,0.88764185,0.7084033
95,152,0,25174,95,0,0,-1.8155067,0.13997391
1,188,0,31031,1,0,0,-0.5415916,0.36781743
73,71,1,11784,73,0,0,-4.3468447,0.012782104
44,99,0,16379,44,0,0,-0.77462655,0.31547913
109,62,0,10342,109,0,0,1.1302793,0.7558904
40,217,0,35850,40,0,0,-0.9511688,0.27864984
142,148,1,24560,142,0,0,0.6483708,0.6566432
74,33,0,5522,74,0,0,-0.51278126,0.37454176
41,36,0,5986,41,0,0,-7.329728,0.0006553221
116,130,0,21552,116,0,0,-0.9771749,0.2734527
122,17,0,2928,122,0,0,-0.029760048,0.49256054
144,1,0,310,144,0,0,-2.0700302,0.11204404
88,207,0,34240,88,0,0,-3.4952805,0.029446814
134,54,0,9044,134,0,0,-2.8636465,0.053980183
119,136,0,22545,119,0,0,0.6312155,0.65276504
78,38,0,6348,78,0,0,-2.0364141,0.115432374
74,106,1,17567,74,0,0,-1.7601573,0.14677064
20,47,0,7762,20,0,0,5.323983,0.9951503
81,210,0,34733,81,0,0,-0.4756602,0.38327742
163,103,0,17157,163,0,0,-0.4217812,0.3960906
137,119,0,19772,137,0,0,3.6162086,0.97381943
10,215,1,35505,10,0,0,-0.32257694,0.42004785
150,65,1,10881,150,0,0,0.27131093,0.5674147
97,9,0,1581,97,0,0,-1.5924311,0.16904214
102,184,1,30475,102,0,0,1.0853381,0.74750286
1,172,0,28391,1,0,0,-1.4617598,0.18819831
51,176,0,29090,51,0,0,-3.5805154,0.027106123
79,138,0,22849,79,0,0,0.21283814,0.55300957
86,115,0,19057,86,0,0,-0.73210156,0.32473373
101,215,0,35581,101,0,0,-0.32257694,0.42004785
92,198,0,32762,92,0,0,-0.5406706,0.3680316
92,164,1,27152,92,0,0,0.026692986,0.50667286
78,118,0,19548,78,0,0,-1.6515181,0.16090389
45,73,0,12087,45,0,0,1.9125028,0.87130004
100,88,0,14631,100,0,0,-5.5555143,0.0038511904
122,82,0,13653,122,0,0,-0.21422713,0.4466471
96,115,0,19074,96,0,0,-0.73210156,0.32473373
21,90,1,14870,21,0,0,-0.5269166,0.37123632
5,47,1,7783,5,0,0,5.323983,0.9951503
138,49,0,8221,138,0,0,-2.9024777,0.052031215
155,76,0,12691,155,0,0,1.5490427,0.8247754
20,1,0,172,20,0,0,-2.0700302,0.11204404
38,113,0,18674,38,0,0,-8.208279,0.00027231502
122,67,0,11178,122,0,0,2.2135396,0.9014588
120,204,0,33778,120,0,0,-1.7779512,0.1445563
43,81,0,13413,43,0,0,0.2535166,0.56304187
4,83,0,13703,4,0,0,0.86861223,0.70445687
86,125,1,20707,86,0,0,-1.9668355,0.12272919
0,173,0,28562,0,0,0,0.9896576,0.7290203
119,45,0,7530,119,0,0,1.1304882,0.755929
157,215,0,35630,157,0,0,-0.32257694,0.42004785
111,73,0,12159,111,0,0,1.9125028,0.87130004
42,189,0,31225,42,0,0,0.13692778,0.53417856
36,196,0,32363,36,0,0,2.8387551,0.9447345
59,23,0,3851,59,0,0,2.125312,0.89333916
20,79,0,13042,20,0,0,-3.39921,0.032320164
93,146,0,24185,93,0,0,0.25773755,0.56408006
124,24,0,4082,124,0,0,2.4342709,0.91940355
63,63,0,10470,63,0,0,-1.0092146,0.26713356
7,87,0,14355,7,0,0,0.66993755,0.6614892
120,194,0,32128,120,0,0,-1.0653789,0.2562829
74,19,0,3212,74,0,0,-2.4047847,0.08280857
76,147,0,24319,76,0,0,-3.2721286,0.03653982
136,52,0,8712,136,0,0,-0.6370729,0.34590852
35,157,0,25930,35,0,0,-0.5148577,0.37405545
73,42,0,6999,73,0,0,-0.4071209,0.39960268
43,134,0,22158,43,0,0,1.7873898,0.85660696
142,196,0,32480,142,0,0,2.8387551,0.9447345
12,182,0,30031,12,0,0,0.9060196,0.71218497
40,132,0,21825,40,0,0,2.6511521,0.934082
37,33,0,5466,37,0,0,-0.51278126,0.37454176
77,37,0,6159,77,0,0,-0.4699734,0.38462254
20,208,0,34327,20,0,0,1.4279368,0.80657965
141,114,0,18952,141,0,0,2.3294578,0.9112875
31,13,0,2164,31,0,0,-1.401005,0.19765668
50,98,0,16228,50,0,0,-0.6287151,0.34780195
16,157,1,25927,16,0,0,-0.5148577,0.37405545
86,82,0,13612,86,0,0,-0.21422713,0.4466471
54,180,0,29753,54,0,0,-1.239552,0.22451398
160,181,0,30029,160,0,0,-1.7510238,0.14791812
36,212,0,35003,36,0,0,0.8991241,0.7107695
147,137,0,22753,147,0,0,-1.5596728,0.1736936
138,65,1,10861,138,0,0,0.27131093,0.5674147
35,56,1,9265,35,0,0,0.5575964,0.6358962
47,110,1,18199,47,0,0,0.166287,0.54147625
85,34,0,5698,85,0,0,-0.89774346,0.28951442
79,158,0,26149,79,0,0,1.3191829,0.78904575
5,98,0,16198,5,0,0,-0.6287151,0.34780195
126,164,0,27189,126,0,0,0.026692986,0.50667286
72,189,0,31250,72,0,0,0.13692778,0.53417856
30,151,0,24942,30,0,0,-3.830502,0.021237884
159,105,0,17484,159,0,0,2.681119,0.9359033
10,89,0,14715,10,0,0,-0.22568604,0.44381675
38,170,0,28079,38,0,0,-1.2602379,0.22093293
80,46,0,7670,80,0,0,-1.5868907,0.1698218
144,166,0,27535,144,0,0,2.7208607,0.9382464
102,142,1,23545,102,0,0,-0.42403874,0.39555073
84,1,0,251,84,0,0,-2.0700302,0.11204404
74,98,0,16247,74,0,0,-0.6287151,0.34780195
124,143,1,23717,124,0,0,-1.0126758,0.2664565
11,50,0,8281,11,0,0,-1.8266549,0.13863724
17,202,0,33348,17,0,0,-2.6920795,0.06344234
63,127,0,21030,63,0,0,0.97098786,0.72531635
122,34,0,5733,122,0,0,-0.89774346,0.28951442
16,135,0,22297,16,0,0,2.9254026,0.949088
27,68,1,11255,27,0,0,1.2596853,0.7789719
2,71,0,11721,2,0,0,-4.3468447,0.012782104
121,147,0,24375,121,0,0,-3.2721286,0.03653982
85,123,0,20383,85,0,0,-2.4279943,0.08106276
61,66,0,10951,61,0,0,-0.5698795,0.36126465
95,17,0,2899,95,0,0,-0.029760048,0.49256054
56,166,0,27450,56,0,0,2.7208607,0.9382464
115,37,0,6209,115,0,0,-0.4699734,0.38462254
126,178,0,29499,126,0,0,-2.9037356,0.051969204
161,194,1,32167,161,0,0,-1.0653789,0.2562829
23,161,0,26570,23,0,0,-2.3605657,0.086229615
128,8,0,1446,128,0,0,-3.5291336,0.028494563
54,111,0,18368,54,0,0,2.9755948,0.95145935
146,146,0,24234,146,0,0,0.25773755,0.56408006
95,173,0,28639,95,0,0,0.9896576,0.7290203
107,50,0,8359,107,0,0,-1.8266549,0.13863724
123,84,0,13984,123,0,0,1.6638818,0.8407584
84,141,1,23351,84,0,0,-0.30216512,0.4250283
117,45,0,7546,117,0,0,1.1304882,0.755929
91,105,1,17416,91,0,0,2.681119,0.9359033
164,113,0,18806,164,0,0,-8.208279,0.00027231502
66,164,0,27115,66,0,0,0.026692986,0.50667286
76,1,0,229,76,0,0,-2.0700302,0.11204404
154,22,0,3790,154,0,0,-2.961879,0.04917807
37,72,0,11901,37,0,0,0.93011564,0.7170988
127,116,0,19265,127,0,0,-1.2288566,0.22638161
68,198,0,32738,68,0,0,-0.5406706,0.3680316
34,115,0,18988,34,0,0,-0.73210156,0.32473373
120,74,0,12328,120,0,0,-0.62289315,0.34912375
14,93,0,15347,14,0,0,-0.91739774,0.28548843
82,108,0,17904,82,0,0,1.1149006,0.7530416
14,82,0,13532,14,0,0,-0.21422713,0.4466471
90,117,0,19395,90,0,0,-1.0122952,0.2665309
119,12,0,2085,119,0,0,1.1768677,0.76438415
104,72,0,11980,104,0,0,0.93011564,0.7170988
3,6,0,1000,3,0,0,-3.6607282,0.025069159
145,23,0,3941,145,0,0,2.125312,0.89333916
130,41,0,6895,130,0,0,4.0977917,0.98366207
62,95,0,15748,62,0,0,-6.1478186,0.002133579
74,108,0,17897,74,0,0,1.1149006,0.7530416
114,113,0,18752,114,0,0,-8.208279,0.00027231502
43,77,0,12753,43,0,0,-4.700327,0.009010379
17,214,0,35328,17,0,0,0.30544943,0.57577413
160,77,0,12869,160,0,0,-4.700327,0.009010379
138,166,0,27526,138,0,0,2.7208607,0.9382464
5,177,0,29233,5,0,0,-0.39797235,0.4017996
82,104,0,17244,82,0,0,0.6592166,0.6590844
121,170,1,28170,121,0,0,-1.2602379,0.22093293
53,86,0,14242,53,0,0,-4.75553,0.008530587
43,164,0,27108,43,0,0,0.026692986,0.50667286
87,139,0,23022,87,0,0,0.74813247,0.6787716
89,100,0,16589,89,0,0,-0.17521295,0.45630848
121,182,1,30150,121,0,0,0.9060196,0.71218497
37,176,0,29061,37,0,0,-3.5805154,0.027106123
5,137,0,22633,5,0,0,-1.5596728,0.1736936
11,173,0,28576,11,0,0,0.9896576,0.7290203
23,102,0,16835,23,0,0,-3.898174,0.019875845
16,166,1,27412,16,0,0,2.7208607,0.9382464
145,175,0,29021,145,0,0,0.3924312,0.5968678
59,102,0,16886,59,0,0,-3.898174,0.019875845
31,57,1,9424,31,0,0,4.307292,0.98670906
131,5,0,956,131,0,0,-4.3107796,0.013245288
44,16,0,2684,44,0,0,-0.33815083,0.41625872
150,73,0,12201,150,0,0,1.9125028,0.87130004
13,3,0,534,13,0,0,-1.6873546,0.15612406
43,209,0,34533,43,0,0,-1.9596634,0.123503484
33,108,0,17846,33,0,0,1.1149006,0.7530416
149,40,0,6747,149,0,0,0.5982514,0.64525616
0,45,0,7442,0,0,0,1.1304882,0.755929
77,112,0,18534,77,0,0,-0.83005846,0.3036327
32,44,0,7292,32,0,0,-0.48415,0.38127264
61,14,1,2371,61,0,0,2.7703085,0.9410501
14,7,0,1157,14,0,0,-3.8243132,0.021366913
68,159,0,26303,68,0,0,-2.837,0.055357214
159,127,0,21114,159,0,0,0.97098786,0.72531635
82,130,0,21534,82,0,0,-0.9771749,0.2734527
94,182,1,30123,94,0,0,0.9060196,0.71218497
129,61,0,10193,129,0,0,2.373899,0.9148152
25,180,0,29736,25,0,0,-1.239552,0.22451398
43,120,0,19848,43,0,0,-4.1045628,0.01622949
105,129,1,21401,105,0,0,-1.8620393,0.13446553
79,205,0,33904,79,0,0,3.0824637,0.9561636
11,57,0,9436,11,0,0,4.307292,0.98670906
108,77,0,12815,108,0,0,-4.700327,0.009010379
104,139,0,23035,104,0,0,0.74813247,0.6787716
46,32,0,5323,46,0,0,0.9187327,0.7147838
54,1,0,218,54,0,0,-2.0700302,0.11204404
1,142,0,23441,1,0,0,-0.42403874,0.39555073
107,107,0,17764,107,0,0,-2.4728017,0.07778701
29,188,0,31035,29,0,0,-0.5415916,0.36781743
118,98,1,16283,118,0,0,-0.6287151,0.34780195
91,68,0,11311,91,0,0,1.2596853,0.7789719
39,188,0,31034,39,0,0,-0.5415916,0.36781743
84,46,0,7676,84,0,0,-1.5868907,0.1698218
60,99,0,16407,60,0,0,-0.77462655,0.31547913
68,119,0,19703,68,0,0,3.6162086,0.97381943
83,193,1,31926,83,0,0,3.8734593,0.9796369
151,158,0,26224,151,0,0,1.3191829,0.78904575
67,26,0,4349,67,0,0,-1.9577229,0.123713695
81,119,0,19718,81,0,0,3.6162086,0.97381943
8,166,0,27394,8,0,0,2.7208607,0.9382464
90,90,0,14940,90,0,0,-0.5269166,0.37123632
13,39,0,6474,13,0,0,1.7614534,0.8533916
82,170,0,28134,82,0,0,-1.2602379,0.22093293
93,6,0,1085,93,0,0,-3.6607282,0.025069159
44,141,0,23309,44,0,0,-0.30216512,0.4250283
113,112,0,18581,113,0,0,-0.83005846,0.3036327
140,10,0,1791,140,0,0,0.89712363,0.710358
156,216,1,35793,156,0,0,2.892348,0.94746685
35,68,0,11245,35,0,0,1.2596853,0.7789719
57,105,0,17399,57,0,0,2.681119,0.9359033
154,128,1,21280,154,0,0,-0.8148542,0.30685705
79,31,0,5194,79,0,0,-2.0365837,0.11541507
77,102,0,16884,77,0,0,-3.898174,0.019875845
42,148,0,24460,42,0,0,0.6483708,0.6566432
143,73,0,12188,143,0,0,1.9125028,0.87130004
108,108,0,17930,108,0,0,1.1149006,0.7530416
65,71,0,11781,65,0,0,-4.3468447,0.012782104
32,162,0,26762,32,0,0,-1.7663476,0.14599712
137,130,0,21587,137,0,0,-0.9771749,0.2734527
53,123,0,20347,53,0,0,-2.4279943,0.08106276
10,39,0,6465,10,0,0,1.7614534,0.8533916
51,182,1,30080,51,0,0,0.9060196,0.71218497
133,162,0,26869,133,0,0,-1.7663476,0.14599712
60,164,0,27132,60,0,0,0.026692986,0.50667286
18,66,0,10928,18,0,0,-0.5698795,0.36126465
52,192,0,31731,52,0,0,-1.5278697,0.17830558
87,177,1,29292,87,0,0,-0.39797235,0.4017996
62,125,1,20698,62,0,0,-1.9668355,0.12272919
83,178,0,29451,83,0,0,-2.9037356,0.051969204
33,37,0,6131,33,0,0,-0.4699734,0.38462254
100,134,0,22221,100,0,0,1.7873898,0.85660696
117,92,0,15301,117,0,0,-1.9034204,0.12972184
160,177,0,29369,160,0,0,-0.39797235,0.4017996
8,68,0,11224,8,0,0,1.2596853,0.7789719
27,79,0,13070,27,0,0,-3.39921,0.032320164
147,198,0,32818,147,0,0,-0.5406706,0.3680316
100,66,0,11001,100,0,0,-0.5698795,0.36126465
124,105,0,17447,124,0,0,2.681119,0.9359033
95,80,0,13294,95,0,0,-0.059322357,0.48517376
71,130,0,21507,71,0,0,-0.9771749,0.2734527
124,66,1,11012,124,0,0,-0.5698795,0.36126465
59,199,0,32891,59,0,0,1.0903363,0.74844503
129,109,0,18113,129,0,0,-1.6453142,0.16174325
150,17,0,2961,150,0,0,-0.029760048,0.49256054
53,53,1,8797,53,0,0,1.8304937,0.8618205
24,98,0,16207,24,0,0,-0.6287151,0.34780195
22,102,0,16833,22,0,0,-3.898174,0.019875845
140,114,0,18951,140,0,0,2.3294578,0.9112875
130,163,0,27025,130,0,0,-0.14802814,0.4630604
142,170,0,28190,142,0,0,-1.2602379,0.22093293
33,163,0,26921,33,0,0,-0.14802814,0.4630604
18,43,0,7133,18,0,0,-1.1414603,0.24205235
77,104,0,17214,77,0,0,0.6592166,0.6590844
57,193,1,31919,57,0,0,3.8734593,0.9796369
76,136,0,22504,76,0,0,0.6312155,0.65276504
44,100,0,16544,44,0,0,-0.17521295,0.45630848
122,84,1,13983,122,0,0,1.6638818,0.8407584
36,0,0,23,36,0,0,-2.6283884,0.06733359
71,131,0,21672,71,0,0,-3.1999748,0.03916667
89,99,0,16424,89,0,0,-0.77462655,0.31547913
94,32,0,5373,94,0,0,0.9187327,0.7147838
15,9,0,1497,15,0,0,-1.5924311,0.16904214
84,63,0,10481,84,0,0,-1.0092146,0.26713356
126,40,0,6729,126,0,0,0.5982514,0.64525616
155,59,0,9886,155,0,0,1.2554069,0.7782344
98,101,1,16762,98,0,0,-2.8819857,0.053051293
114,39,0,6542,114,0,0,1.7614534,0.8533916
31,49,0,8104,31,0,0,-2.9024777,0.052031215
78,188,0,31098,78,0,0,-0.5415916,0.36781743
89,90,0,14939,89,0,0,-0.5269166,0.37123632
88,191,0,31600,88,0,0,-1.0265948,0.2637448
150,90,0,15006,150,0,0,-0.5269166,0.37123632
34,153,0,25258,34,0,0,0.12152326,0.5303435
5,173,0,28573,5,0,0,0.9896576,0.7290203
4,133,0,21953,4,0,0,-3.5224102,0.028681276
128,100,0,16626,128,0,0,-0.17521295,0.45630848
80,107,0,17735,80,0,0,-2.4728017,0.07778701
8,28,0,4624,8,0,0,1.5404322,0.8235276
159,94,1,15669,159,0,0,-0.25244072,0.43722284
131,143,1,23726,131,0,0,-1.0126758,0.2664565
56,142,0,23490,56,0,0,-0.42403874,0.39555073
37,8,0,1341,37,0,0,-3.5291336,0.028494563
12,133,0,21946,12,0,0,-3.5224102,0.028681276
102,67,0,11170,102,0,0,2.2135396,0.9014588
118,136,1,22553,118,0,0,0.6312155,0.65276504
115,84,0,13964,115,0,0,1.6638818,0.8407584
62,135,0,22348,62,0,0,2.9254026,0.949088
45,127,0,20997,45,0,0,0.97098786,0.72531635
114,36,0,6047,114,0,0,-7.329728,0.0006553221
70,22,0,3700,70,0,0,-2.961879,0.04917807
4,123,0,20303,4,0,0,-2.4279943,0.08106276
63,10,0,1725,63,0,0,0.89712363,0.710358
67,174,1,28769,67,0,0,2.8199017,0.94374186
102,117,0,19420,102,0,0,-1.0122952,0.2665309
109,107,0,17767,109,0,0,-2.4728017,0.07778701
65,126,0,20856,65,0,0,-1.7666025,0.14596535
74,144,0,23837,74,0,0,-0.2694777,0.4330353
110,178,0,29489,110,0,0,-2.9037356,0.051969204
42,100,0,16540,42,0,0,-0.17521295,0.45630848
148,217,0,35954,148,0,0,-0.9511688,0.27864984
49,216,0,35681,49,0,0,2.892348,0.94746685
32,51,0,8447,32,0,0,-2.202098,0.09956226
162,115,0,19138,162,0,0,-0.73210156,0.32473373
26,175,0,28884,26,0,0,0.3924312,0.5968678
26,134,0,22119,26,0,0,1.7873898,0.85660696
53,20,0,3352,53,0,0,-0.9151546,0.28594622
89,185,0,30614,89,0,0,0.88764185,0.7084033
91,198,0,32761,91,0,0,-0.5406706,0.3680316
7,199,1,32835,7,0,0,1.0903363,0.74844503
137,71,0,11852,137,0,0,-4.3468447,0.012782104
65,199,1,32901,65,0,0,1.0903363,0.74844503
70,195,0,32245,70,0,0,-0.04642749,0.4883952
137,217,0,35942,137,0,0,-0.9511688,0.27864984
46,2,0,373,46,0,0,-1.2846,0.21676822
95,74,0,12304,95,0,0,-0.62289315,0.34912375
59,156,0,25796,59,0,0,-0.16150811,0.4597105
161,52,0,8737,161,0,0,-0.6370729,0.34590852
10,166,0,27420,10,0,0,2.7208607,0.9382464
36,10,0,1673,36,0,0,0.89712363,0.710358
62,85,1,14098,62,0,0,-1.010618,0.26685894
98,127,0,21052,98,0,0,0.97098786,0.72531635
105,105,1,17441,105,0,0,2.681119,0.9359033
142,199,1,32975,142,0,0,1.0903363,0.74844503
140,122,0,20271,140,0,0,-0.67312354,0.3377978
164,204,0,33821,164,0,0,-1.7779512,0.1445563
31,6,0,1009,31,0,0,-3.6607282,0.025069159
122,206,0,34113,122,0,0,-0.48542544,0.38097182
148,214,0,35459,148,0,0,0.30544943,0.57577413
150,100,0,16656,150,0,0,-0.17521295,0.45630848
108,92,0,15290,108,0,0,-1.9034204,0.12972184
57,133,0,22019,57,0,0,-3.5224102,0.028681276
19,77,0,12738,19,0,0,-4.700327,0.009010379
28,124,1,20494,28,0,0,-3.1635184,0.040561907
48,62,0,10277,48,0,0,1.1302793,0.7558904
109,187,1,30967,109,0,0,0.65044945,0.65711176
100,139,0,23046,100,0,0,0.74813247,0.6787716
155,115,0,19126,155,0,0,-0.73210156,0.32473373
46,42,0,6973,46,0,0,-0.4071209,0.39960268
115,138,0,22874,115,0,0,0.21283814,0.55300957
11,167,0,27586,11,0,0,-1.4176092,0.19503665
111,143,1,23709,111,0,0,-1.0126758,0.2664565
72,77,0,12770,72,0,0,-4.700327,0.009010379
54,95,1,15728,54,0,0,-6.1478186,0.002133579
20,189,0,31192,20,0,0,0.13692778,0.53417856
74,12,0,2057,74,0,0,1.1768677,0.76438415
43,207,0,34203,43,0,0,-3.4952805,0.029446814
75,147,0,24322,75,0,0,-3.2721286,0.03653982
6,207,0,34171,6,0,0,-3.4952805,0.029446814
90,3,1,585,90,0,0,-1.6873546,0.15612406
43,20,0,3348,43,0,0,-0.9151546,0.28594622
56,134,0,22170,56,0,0,1.7873898,0.85660696
129,102,0,16958,129,0,0,-3.898174,0.019875845
132,160,1,26535,132,0,0,1.1701784,0.7631773
21,99,1,16355,21,0,0,-0.77462655,0.31547913
46,180,0,29743,46,0,0,-1.239552,0.22451398
154,68,0,11380,154,0,0,1.2596853,0.7789719
149,5,0,972,149,0,0,-4.3107796,0.013245288
15,179,0,29547,15,0,0,-4.472768,0.011286829
66,121,1,20020,66,0,0,-5.4067316,0.0044662426
44,156,1,25784,44,0,0,-0.16150811,0.4597105
140,68,0,11361,140,0,0,1.2596853,0.7789719
164,136,1,22601,164,0,0,0.6312155,0.65276504
75,159,0,26302,75,0,0,-2.837,0.055357214
135,124,0,20593,135,0,0,-3.1635184,0.040561907
94,33,0,5538,94,0,0,-0.51278126,0.37454176
97,89,1,14781,97,0,0,-0.22568604,0.44381675
93,205,0,33920,93,0,0,3.0824637,0.9561636
56,61,0,10125,56,0,0,2.373899,0.9148152
87,207,0,34242,87,0,0,-3.4952805,0.029446814
32,127,0,20987,32,0,0,0.97098786,0.72531635
107,212,0,35089,107,0,0,0.8991241,0.7107695
13,149,0,24624,13,0,0,-8.130502,0.0002943338
68,107,0,17723,68,0,0,-2.4728017,0.07778701
158,213,0,35303,158,0,0,-1.093512,0.25095752
55,41,0,6841,55,0,0,4.0977917,0.98366207
102,9,0,1600,102,0,0,-1.5924311,0.16904214
123,176,0,29164,123,0,0,-3.5805154,0.027106123
98,119,0,19732,98,0,0,3.6162086,0.97381943
12,169,0,27886,12,0,0,-2.2903948,0.09192159
79,111,0,18394,79,0,0,2.9755948,0.95145935
89,128,0,21209,89,0,0,-0.8148542,0.30685705
30,156,0,25767,30,0,0,-0.16150811,0.4597105
134,195,0,32309,134,0,0,-0.04642749,0.4883952
30,121,0,19992,30,0,0,-5.4067316,0.0044662426
70,198,0,32740,70,0,0,-0.5406706,0.3680316
37,189,0,31206,37,0,0,0.13692778,0.53417856
102,94,0,15625,102,0,0,-0.25244072,0.43722284
147,108,0,17968,147,0,0,1.1149006,0.7530416
48,8,0,1367,48,0,0,-3.5291336,0.028494563
71,7,0,1212,71,0,0,-3.8243132,0.021366913
87,166,0,27477,87,0,0,2.7208607,0.9382464
49,160,1,26441,49,0,0,1.1701784,0.7631773
122,187,1,30978,122,0,0,0.65044945,0.65711176
112,157,1,26013,112,0,0,-0.5148577,0.37405545
136,72,0,12012,136,0,0,0.93011564,0.7170988
31,148,0,24439,31,0,0,0.6483708,0.6566432
98,0,0,97,98,0,0,-2.6283884,0.06733359
82,18,0,3054,82,0,0,-2.078091,0.111244574
100,36,0,6051,100,0,0,-7.329728,0.0006553221
12,108,0,17821,12,0,0,1.1149006,0.7530416
163,134,0,22272,163,0,0,1.7873898,0.85660696
20,209,0,34492,20,0,0,-1.9596634,0.123503484
117,109,0,18106,117,0,0,-1.6453142,0.16174325
116,26,0,4392,116,0,0,-1.9577229,0.123713695
161,73,0,12202,161,0,0,1.9125028,0.87130004
104,8,0,1420,104,0,0,-3.5291336,0.028494563
124,73,0,12167,124,0,0,1.9125028,0.87130004
110,29,0,4904,110,0,0,-0.34640875,0.41425356
115,167,0,27659,115,0,0,-1.4176092,0.19503665
105,131,0,21731,105,0,0,-3.1999748,0.03916667
105,53,0,8861,105,0,0,1.8304937,0.8618205
116,8,0,1422,116,0,0,-3.5291336,0.028494563
150,23,0,3951,150,0,0,2.125312,0.89333916
87,200,0,33087,87,0,0,-0.7016182,0.33145356
35,181,0,29890,35,0,0,-1.7510238,0.14791812
136,127,0,21087,136,0,0,0.97098786,0.72531635
18,213,0,35183,18,0,0,-1.093512,0.25095752
108,138,0,22880,108,0,0,0.21283814,0.55300957
114,164,0,27167,114,0,0,0.026692986,0.50667286
146,144,0,23904,146,0,0,-0.2694777,0.4330353
62,102,0,16903,62,0,0,-3.898174,0.019875845
35,187,1,30880,35,0,0,0.65044945,0.65711176
24,135,1,22312,24,0,0,2.9254026,0.949088
11,89,0,14716,11,0,0,-0.22568604,0.44381675
155,22,0,3781,155,0,0,-2.961879,0.04917807
81,102,1,16913,81,0,0,-3.898174,0.019875845
106,33,0,5548,106,0,0,-0.51278126,0.37454176
43,156,0,25788,43,0,0,-0.16150811,0.4597105
94,141,0,23358,94,0,0,-0.30216512,0.4250283
60,87,1,14427,60,0,0,0.66993755,0.6614892
80,200,0,33080,80,0,0,-0.7016182,0.33145356
120,164,1,27178,120,0,0,0.026692986,0.50667286
138,157,0,26041,138,0,0,-0.5148577,0.37405545
139,51,0,8553,139,0,0,-2.202098,0.09956226
163,147,0,24417,163,0,0,-3.2721286,0.03653982
162,125,0,20788,162,0,0,-1.9668355,0.12272919
53,118,0,19522,53,0,0,-1.6515181,0.16090389
47,123,0,20344,47,0,0,-2.4279943,0.08106276
18,149,0,24623,18,0,0,-8.130502,0.0002943338
0,215,0,35492,0,0,0,-0.32257694,0.42004785
36,131,0,21638,36,0,0,-3.1999748,0.03916667
10,47,1,7785,10,0,0,5.323983,0.9951503
112,40,0,6708,112,0,0,0.5982514,0.64525616
74,176,0,29117,74,0,0,-3.5805154,0.027106123
155,67,0,11206,155,0,0,2.2135396,0.9014588
80,196,0,32420,80,0,0,2.8387551,0.9447345
19,119,0,19668,19,0,0,3.6162086,0.97381943
30,187,0,30882,30,0,0,0.65044945,0.65711176
92,102,0,16922,92,0,0,-3.898174,0.019875845
155,126,0,20941,155,0,0,-1.7666025,0.14596535
23,135,0,22280,23,0,0,2.9254026,0.949088
75,12,0,2047,75,0,0,1.1768677,0.76438415
58,192,0,31751,58,0,0,-1.5278697,0.17830558
105,110,1,18266,105,0,0,0.166287,0.54147625
11,190,0,31381,11,0,0,-3.7208788,0.023640284
30,146,0,24117,30,0,0,0.25773755,0.56408006
66,70,0,11605,66,0,0,-2.8239853,0.056041732
143,127,0,21098,143,0,0,0.97098786,0.72531635
88,182,0,30115,88,0,0,0.9060196,0.71218497
66,76,0,12595,66,0,0,1.5490427,0.8247754
20,109,0,17992,20,0,0,-1.6453142,0.16174325
88,114,0,18895,88,0,0,2.3294578,0.9112875
92,212,1,35072,92,0,0,0.8991241,0.7107695
111,108,0,17934,111,0,0,1.1149006,0.7530416
136,80,0,13332,136,0,0,-0.059322357,0.48517376
64,129,1,21348,64,0,0,-1.8620393,0.13446553
139,185,0,30663,139,0,0,0.88764185,0.7084033
21,121,1,19985,21,0,0,-5.4067316,0.0044662426
62,25,1,4198,62,0,0,1.6360474,0.8369964
125,0,0,127,125,0,0,-2.6283884,0.06733359
10,82,0,13560,10,0,0,-0.21422713,0.4466471
156,70,0,11703,156,0,0,-2.8239853,0.056041732
20,71,0,11722,20,0,0,-4.3468447,0.012782104
135,156,1,25873,135,0,0,-0.16150811,0.4597105
130,213,1,35275,130,0,0,-1.093512,0.25095752
11,88,0,14551,11,0,0,-5.5555143,0.0038511904
100,95,0,15786,100,0,0,-6.1478186,0.002133579
101,59,0,9841,101,0,0,1.2554069,0.7782344
108,37,0,6215,108,0,0,-0.4699734,0.38462254
31,94,0,15529,31,0,0,-0.25244072,0.43722284
131,165,1,27356,131,0,0,-0.006789565,0.4983026
15,97,0,16017,15,0,0,-1.0007296,0.268798
145,25,1,4271,145,0,0,1.6360474,0.8369964
74,194,0,32087,74,0,0,-1.0653789,0.2562829
2,58,0,9576,2,0,0,-0.8597182,0.2973982
52,207,0,34206,52,0,0,-3.4952805,0.029446814
24,17,0,2842,24,0,0,-0.029760048,0.49256054
33,183,1,30221,33,0,0,-1.6336029,0.16333741
40,120,0,19845,40,0,0,-4.1045628,0.01622949
110,1,0,284,110,0,0,-2.0700302,0.11204404
61,152,0,25141,61,0,0,-1.8155067,0.13997391
40,97,0,16050,40,0,0,-1.0007296,0.268798
73,20,0,3369,73,0,0,-0.9151546,0.28594622
94,187,0,30948,94,0,0,0.65044945,0.65711176
128,97,0,16131,128,0,0,-1.0007296,0.268798
124,202,0,33452,124,0,0,-2.6920795,0.06344234
14,34,0,5612,14,0,0,-0.89774346,0.28951442
52,81,0,13416,52,0,0,0.2535166,0.56304187
129,203,0,33623,129,0,0,-2.6337276,0.06699906
147,4,0,808,147,0,0,-0.69811064,0.33223125
122,75,0,12498,122,0,0,3.74163,0.976834
82,60,0,9984,82,0,0,2.3020887,0.90904987
133,105,0,17464,133,0,0,2.681119,0.9359033
78,103,0,17073,78,0,0,-0.4217812,0.3960906
3,18,0,2980,3,0,0,-2.078091,0.111244574
32,49,0,8117,32,0,0,-2.9024777,0.052031215
99,113,0,18743,99,0,0,-8.208279,0.00027231502
73,37,0,6174,73,0,0,-0.4699734,0.38462254
6,19,0,3151,6,0,0,-2.4047847,0.08280857
151,211,1,34969,151,0,0,2.8431277,0.9449624
108,214,1,35420,108,0,0,0.30544943,0.57577413
37,10,1,1671,37,0,0,0.89712363,0.710358
153,103,0,17147,153,0,0,-0.4217812,0.3960906
99,63,0,10493,99,0,0,-1.0092146,0.26713356
72,149,0,24650,72,0,0,-8.130502,0.0002943338
20,153,1,25252,20,0,0,0.12152326,0.5303435
20,147,0,24262,20,0,0,-3.2721286,0.03653982
151,100,0,16654,151,0,0,-0.17521295,0.45630848
83,158,0,26151,83,0,0,1.3191829,0.78904575
63,140,0,23175,63,0,0,-2.2864366,0.09225252
96,139,0,23034,96,0,0,0.74813247,0.6787716
149,25,0,4272,149,0,0,1.6360474,0.8369964
79,149,0,24664,79,0,0,-8.130502,0.0002943338
43,61,0,10113,43,0,0,2.373899,0.9148152
23,196,0,32345,23,0,0,2.8387551,0.9447345
109,196,0,32452,109,0,0,2.8387551,0.9447345
85,134,0,22198,85,0,0,1.7873898,0.85660696
104,39,0,6535,104,0,0,1.7614534,0.8533916
114,5,0,932,114,0,0,-4.3107796,0.013245288
51,76,0,12590,51,0,0,1.5490427,0.8247754
160,84,0,14024,160,0,0,1.6638818,0.8407584
146,201,0,33309,146,0,0,-3.224447,0.03825603
46,178,0,29413,46,0,0,-2.9037356,0.051969204
21,152,0,25100,21,0,0,-1.8155067,0.13997391
125,94,0,15637,125,0,0,-0.25244072,0.43722284
163,87,0,14517,163,0,0,0.66993755,0.6614892
11,38,0,6301,11,0,0,-2.0364141,0.115432374
7,149,0,24585,7,0,0,-8.130502,0.0002943338
111,202,0,33444,111,0,0,-2.6920795,0.06344234
76,17,0,2869,76,0,0,-0.029760048,0.49256054
135,27,0,4588,135,0,0,3.8139992,0.9784163
17,17,0,2823,17,0,0,-0.029760048,0.49256054
137,69,1,11522,137,0,0,-0.9257092,0.28379604
32,33,0,5477,32,0,0,-0.51278126,0.37454176
78,140,0,23178,78,0,0,-2.2864366,0.09225252
145,176,0,29186,145,0,0,-3.5805154,0.027106123
122,168,0,27843,122,0,0,-4.738065,0.008679579
45,121,0,20007,45,0,0,-5.4067316,0.0044662426
134,121,1,20099,134,0,0,-5.4067316,0.0044662426
5,21,0,3493,5,0,0,0.48414403,0.61872596
101,180,0,29806,101,0,0,-1.239552,0.22451398
67,34,0,5669,67,0,0,-0.89774346,0.28951442
98,86,0,14287,98,0,0,-4.75553,0.008530587
67,0,0,59,67,0,0,-2.6283884,0.06733359
162,28,0,4783,162,0,0,1.5404322,0.8235276
126,16,0,2769,126,0,0,-0.33815083,0.41625872
73,201,1,33234,73,0,0,-3.224447,0.03825603
5,69,1,11413,5,0,0,-0.9257092,0.28379604
123,6,0,1114,123,0,0,-3.6607282,0.025069159
74,95,0,15752,74,0,0,-6.1478186,0.002133579
39,148,0,24434,39,0,0,0.6483708,0.6566432
12,68,0,11221,12,0,0,1.2596853,0.7789719
95,64,0,10654,95,0,0,0.22370961,0.5556953
143,141,0,23408,143,0,0,-0.30216512,0.4250283
80,53,0,8825,80,0,0,1.8304937,0.8618205
79,184,0,30439,79,0,0,1.0853381,0.74750286
94,62,0,10323,94,0,0,1.1302793,0.7558904
29,127,1,20970,29,0,0,0.97098786,0.72531635
124,102,0,16952,124,0,0,-3.898174,0.019875845
148,130,0,21599,148,0,0,-0.9771749,0.2734527
83,21,0,3546,83,0,0,0.48414403,0.61872596
123,2,0,454,123,0,0,-1.2846,0.21676822
118,194,0,32123,118,0,0,-1.0653789,0.2562829
53,211,1,34867,53,0,0,2.8431277,0.9449624
112,74,0,12318,112,0,0,-0.62289315,0.34912375
133,27,0,4594,133,0,0,3.8139992,0.9784163
124,32,0,5402,124,0,0,0.9187327,0.7147838
17,20,0,3318,17,0,0,-0.9151546,0.28594622
122,56,0,9363,122,0,0,0.5575964,0.6358962
157,136,0,22595,157,0,0,0.6312155,0.65276504
59,52,0,8636,59,0,0,-0.6370729,0.34590852
122,27,0,4578,122,0,0,3.8139992,0.9784163
121,110,0,18270,121,0,0,0.166287,0.54147625
70,39,0,6505,70,0,0,1.7614534,0.8533916
77,70,0,11604,77,0,0,-2.8239853,0.056041732
110,127,0,21074,110,0,0,0.97098786,0.72531635
145,84,1,14006,145,0,0,1.6638818,0.8407584
55,25,0,4201,55,0,0,1.6360474,0.8369964
27,119,0,19670,27,0,0,3.6162086,0.97381943
41,30,0,4996,41,0,0,0.7758248,0.6847796
74,124,1,20537,74,0,0,-3.1635184,0.040561907
87,71,0,11802,87,0,0,-4.3468447,0.012782104
25,95,0,15711,25,0,0,-6.1478186,0.002133579
29,202,0,33345,29,0,0,-2.6920795,0.06344234
156,19,1,3288,156,0,0,-2.4047847,0.08280857
55,69,0,11461,55,0,0,-0.9257092,0.28379604
60,203,0,33567,60,0,0,-2.6337276,0.06699906
31,97,0,16024,31,0,0,-1.0007296,0.268798
164,87,1,14516,164,0,0,0.66993755,0.6614892
90,122,0,20220,90,0,0,-0.67312354,0.3377978
143,2,0,473,143,0,0,-1.2846,0.21676822
61,59,0,9796,61,0,0,1.2554069,0.7782344
85,47,1,7843,85,0,0,5.323983,0.9951503
123,41,0,6889,123,0,0,4.0977917,0.98366207
5,125,1,20653,5,0,0,-1.9668355,0.12272919
19,127,0,20988,19,0,0,0.97098786,0.72531635
15,211,1,34827,15,0,0,2.8431277,0.9449624
110,201,0,33284,110,0,0,-3.224447,0.03825603
95,129,0,21379,95,0,0,-1.8620393,0.13446553
132,178,0,29505,132,0,0,-2.9037356,0.051969204
55,62,0,10306,55,0,0,1.1302793,0.7558904
121,148,0,24540,121,0,0,0.6483708,0.6566432
1,178,0,29381,1,0,0,-2.9037356,0.051969204
157,48,0,8075,157,0,0,-2.4969263,0.07607394
117,94,0,15631,117,0,0,-0.25244072,0.43722284
72,217,0,35870,72,0,0,-0.9511688,0.27864984
55,212,0,35056,55,0,0,0.8991241,0.7107695
55,10,0,1726,55,0,0,0.89712363,0.710358
32,24,0,3992,32,0,0,2.4342709,0.91940355
18,190,0,31388,18,0,0,-3.7208788,0.023640284
16,138,0,22792,16,0,0,0.21283814,0.55300957
10,4,0,690,10,0,0,-0.69811064,0.33223125
22,51,0,8418,22,0,0,-2.202098,0.09956226
79,44,0,7339,79,0,0,-0.48415,0.38127264
113,89,1,14786,113,0,0,-0.22568604,0.44381675
138,77,0,12841,138,0,0,-4.700327,0.009010379
97,127,0,21051,97,0,0,0.97098786,0.72531635
7,103,0,16995,7,0,0,-0.4217812,0.3960906
13,134,0,22149,13,0,0,1.7873898,0.85660696
73,15,0,2544,73,0,0,-1.212281,0.22929771
158,217,0,35963,158,0,0,-0.9511688,0.27864984
55,167,0,27631,55,0,0,-1.4176092,0.19503665
4,101,0,16673,4,0,0,-2.8819857,0.053051293
164,53,0,8906,164,0,0,1.8304937,0.8618205
3,12,0,1990,3,0,0,1.1768677,0.76438415
55,207,0,34231,55,0,0,-3.4952805,0.029446814
118,67,0,11168,118,0,0,2.2135396,0.9014588
61,188,0,31081,61,0,0,-0.5415916,0.36781743
153,172,0,28532,153,0,0,-1.4617598,0.18819831
92,155,0,25667,92,0,0,-0.32563835,0.41930225
96,49,0,8184,96,0,0,-2.9024777,0.052031215
115,98,0,16274,115,0,0,-0.6287151,0.34780195
32,122,1,20162,32,0,0,-0.67312354,0.3377978
1,77,0,12716,1,0,0,-4.700327,0.009010379
22,131,0,21618,22,0,0,-3.1999748,0.03916667
148,96,0,15989,148,0,0,-0.7005422,0.331692
120,87,0,14473,120,0,0,0.66993755,0.6614892
117,203,0,33616,117,0,0,-2.6337276,0.06699906
78,176,0,29118,78,0,0,-3.5805154,0.027106123
18,55,0,9113,18,0,0,-2.4251432,0.08127538
122,189,0,31308,122,0,0,0.13692778,0.53417856
57,118,0,19544,57,0,0,-1.6515181,0.16090389
78,173,0,28623,78,0,0,0.9896576,0.7290203
80,121,0,20045,80,0,0,-5.4067316,0.0044662426
8,122,0,20134,8,0,0,-0.67312354,0.3377978
12,202,0,33331,12,0,0,-2.6920795,0.06344234
162,133,0,22108,162,0,0,-3.5224102,0.028681276
94,156,0,25833,94,0,0,-0.16150811,0.4597105
25,137,0,22641,25,0,0,-1.5596728,0.1736936
39,126,0,20804,39,0,0,-1.7666025,0.14596535
75,202,0,33397,75,0,0,-2.6920795,0.06344234
48,38,0,6317,48,0,0,-2.0364141,0.115432374
45,32,0,5322,45,0,0,0.9187327,0.7147838
133,192,0,31819,133,0,0,-1.5278697,0.17830558
96,94,0,15609,96,0,0,-0.25244072,0.43722284
81,184,0,30443,81,0,0,1.0853381,0.74750286
21,150,0,24770,21,0,0,0.1452004,0.53623646
143,93,0,15488,143,0,0,-0.91739774,0.28548843
76,214,0,35374,76,0,0,0.30544943,0.57577413
150,140,1,23256,150,0,0,-2.2864366,0.09225252
73,12,1,2049,73,0,0,1.1768677,0.76438415
29,206,0,34005,29,0,0,-0.48542544,0.38097182
60,26,0,4362,60,0,0,-1.9577229,0.123713695
45,215,0,35517,45,0,0,-0.32257694,0.42004785
46,206,1,34033,46,0,0,-0.48542544,0.38097182
155,151,0,25066,155,0,0,-3.830502,0.021237884
45,198,0,32712,45,0,0,-0.5406706,0.3680316
18,156,0,25778,18,0,0,-0.16150811,0.4597105
161,116,0,19297,161,0,0,-1.2288566,0.22638161
71,150,0,24807,71,0,0,0.1452004,0.53623646
164,5,0,986,164,0,0,-4.3107796,0.013245288
46,162,0,26773,46,0,0,-1.7663476,0.14599712
142,111,0,18455,142,0,0,2.9755948,0.95145935
144,169,0,28030,144,0,0,-2.2903948,0.09192159
60,176,0,29112,60,0,0,-3.5805154,0.027106123
99,150,0,24848,99,0,0,0.1452004,0.53623646
104,89,1,14785,104,0,0,-0.22568604,0.44381675
143,79,0,13178,143,0,0,-3.39921,0.032320164
45,128,1,21162,45,0,0,-0.8148542,0.30685705
79,152,0,25159,79,0,0,-1.8155067,0.13997391
11,181,0,29896,11,0,0,-1.7510238,0.14791812
96,181,0,29964,96,0,0,-1.7510238,0.14791812
94,44,0,7353,94,0,0,-0.48415,0.38127264
86,177,0,29287,86,0,0,-0.39797235,0.4017996
128,205,0,33951,128,0,0,3.0824637,0.9561636
115,10,0,1754,115,0,0,0.89712363,0.710358
74,58,1,9647,74,0,0,-0.8597182,0.2973982
33,217,0,35831,33,0,0,-0.9511688,0.27864984
76,215,1,35539,76,0,0,-0.32257694,0.42004785
104,140,0,23200,104,0,0,-2.2864366,0.09225252
164,29,0,4946,164,0,0,-0.34640875,0.41425356
32,3,1,527,32,0,0,-1.6873546,0.15612406
64,165,1,27288,64,0,0,-0.006789565,0.4983026
9,87,0,14379,9,0,0,0.66993755,0.6614892
93,213,0,35240,93,0,0,-1.093512,0.25095752
151,40,0,6754,151,0,0,0.5982514,0.64525616
55,141,0,23341,55,0,0,-0.30216512,0.4250283
103,100,0,16617,103,0,0,-0.17521295,0.45630848
86,187,0,30937,86,0,0,0.65044945,0.65711176
73,198,1,32739,73,0,0,-0.5406706,0.3680316
12,156,0,25741,12,0,0,-0.16150811,0.4597105
161,110,1,18307,161,0,0,0.166287,0.54147625
37,99,0,16356,37,0,0,-0.77462655,0.31547913
43,210,0,34698,43,0,0,-0.4756602,0.38327742
94,188,0,31113,94,0,0,-0.5415916,0.36781743
80,32,0,5360,80,0,0,0.9187327,0.7147838
8,192,0,31684,8,0,0,-1.5278697,0.17830558
0,65,0,10742,0,0,0,0.27131093,0.5674147
11,45,0,7456,11,0,0,1.1304882,0.755929
27,170,0,28085,27,0,0,-1.2602379,0.22093293
60,133,0,22017,60,0,0,-3.5224102,0.028681276
28,100,0,16534,28,0,0,-0.17521295,0.45630848
4,187,0,30863,4,0,0,0.65044945,0.65711176
46,27,1,4498,46,0,0,3.8139992,0.9784163
54,48,0,7973,54,0,0,-2.4969263,0.07607394
100,123,0,20406,100,0,0,-2.4279943,0.08106276
100,130,0,21561,100,0,0,-0.9771749,0.2734527
56,155,0,25635,56,0,0,-0.32563835,0.41930225
75,70,0,11617,75,0,0,-2.8239853,0.056041732
56,128,1,21180,56,0,0,-0.8148542,0.30685705
9,34,0,5634,9,0,0,-0.89774346,0.28951442
38,7,0,1184,38,0,0,-3.8243132,0.021366913
88,130,0,21535,88,0,0,-0.9771749,0.2734527
16,84,0,13882,16,0,0,1.6638818,0.8407584
85,13,0,2233,85,0,0,-1.401005,0.19765668
54,153,0,25298,54,0,0,0.12152326,0.5303435
11,73,0,12076,11,0,0,1.9125028,0.87130004
111,135,0,22389,111,0,0,2.9254026,0.949088
133,202,0,33469,133,0,0,-2.6920795,0.06344234
112,162,0,26838,112,0,0,-1.7663476,0.14599712
48,37,0,6152,48,0,0,-0.4699734,0.38462254
53,128,1,21172,53,0,0,-0.8148542,0.30685705
111,94,0,15624,111,0,0,-0.25244072,0.43722284
143,197,0,32648,143,0,0,-5.133575,0.005860894
128,107,0,17781,128,0,0,-2.4728017,0.07778701
157,157,0,26060,157,0,0,-0.5148577,0.37405545
136,162,0,26862,136,0,0,-1.7663476,0.14599712
112,166,0,27498,112,0,0,2.7208607,0.9382464
130,79,0,13165,130,0,0,-3.39921,0.032320164
142,194,0,32150,142,0,0,-1.0653789,0.2562829
30,127,0,20982,30,0,0,0.97098786,0.72531635
139,105,1,17463,139,0,0,2.681119,0.9359033
56,207,0,34215,56,0,0,-3.4952805,0.029446814
125,190,0,31477,125,0,0,-3.7208788,0.023640284
55,55,1,9151,55,0,0,-2.4251432,0.08127538
149,173,0,28692,149,0,0,0.9896576,0.7290203
137,209,0,34622,137,0,0,-1.9596634,0.123503484
1,177,0,29216,1,0,0,-0.39797235,0.4017996
9,20,0,3324,9,0,0,-0.9151546,0.28594622
74,199,1,32912,74,0,0,1.0903363,0.74844503
8,147,0,24259,8,0,0,-3.2721286,0.03653982
111,81,0,13479,111,0,0,0.2535166,0.56304187
127,192,0,31805,127,0,0,-1.5278697,0.17830558
9,140,0,23124,9,0,0,-2.2864366,0.09225252
142,81,0,13505,142,0,0,0.2535166,0.56304187
16,179,0,29557,16,0,0,-4.472768,0.011286829
95,92,0,15274,95,0,0,-1.9034204,0.12972184
138,45,0,7561,138,0,0,1.1304882,0.755929
30,86,0,14217,30,0,0,-4.75553,0.008530587
162,158,0,26233,162,0,0,1.3191829,0.78904575
54,141,0,23318,54,0,0,-0.30216512,0.4250283
64,20,1,3363,64,0,0,-0.9151546,0.28594622
1,115,0,18986,1,0,0,-0.73210156,0.32473373
81,37,0,6188,81,0,0,-0.4699734,0.38462254
146,195,0,32319,146,0,0,-0.04642749,0.4883952
129,167,1,27683,129,0,0,-1.4176092,0.19503665
97,145,1,24021,97,0,0,3.5670865,0.97253746
48,56,1,9287,48,0,0,0.5575964,0.6358962
31,184,1,30379,31,0,0,1.0853381,0.74750286
22,114,0,18813,22,0,0,2.3294578,0.9112875
47,149,0,24634,47,0,0,-8.130502,0.0002943338
63,103,0,17070,63,0,0,-0.4217812,0.3960906
2,119,0,19641,2,0,0,3.6162086,0.97381943
32,210,0,34682,32,0,0,-0.4756602,0.38327742
76,70,0,11614,76,0,0,-2.8239853,0.056041732
141,119,0,19777,141,0,0,3.6162086,0.97381943
89,188,0,31109,89,0,0,-0.5415916,0.36781743
37,141,1,23286,37,0,0,-0.30216512,0.4250283
99,86,0,14288,99,0,0,-4.75553,0.008530587
11,201,0,33196,11,0,0,-3.224447,0.03825603
104,104,0,17260,104,0,0,0.6592166,0.6590844
94,36,0,6033,94,0,0,-7.329728,0.0006553221
157,33,0,5600,157,0,0,-0.51278126,0.37454176
134,32,0,5414,134,0,0,0.9187327,0.7147838
58,212,0,35051,58,0,0,0.8991241,0.7107695
157,101,0,16820,157,0,0,-2.8819857,0.053051293
16,36,0,5962,16,0,0,-7.329728,0.0006553221
50,88,0,14578,50,0,0,-5.5555143,0.0038511904
60,95,0,15747,60,0,0,-6.1478186,0.002133579
113,9,0,1586,113,0,0,-1.5924311,0.16904214
67,75,0,12434,67,0,0,3.74163,0.976834
66,113,0,18700,66,0,0,-8.208279,0.00027231502
84,187,1,30941,84,0,0,0.65044945,0.65711176
121,188,0,31140,121,0,0,-0.5415916,0.36781743
31,86,0,14209,31,0,0,-4.75553,0.008530587
43,55,1,9123,43,0,0,-2.4251432,0.08127538
5,75,0,12403,5,0,0,3.74163,0.976834
32,90,1,14882,32,0,0,-0.5269166,0.37123632
42,188,0,31060,42,0,0,-0.5415916,0.36781743
84,135,0,22361,84,0,0,2.9254026,0.949088
0,162,0,26747,0,0,0,-1.7663476,0.14599712
130,192,0,31810,130,0,0,-1.5278697,0.17830558
47,81,0,13414,47,0,0,0.2535166,0.56304187
57,213,0,35219,57,0,0,-1.093512,0.25095752
111,125,1,20739,111,0,0,-1.9668355,0.12272919
35,148,0,24445,35,0,0,0.6483708,0.6566432
66,167,0,27610,66,0,0,-1.4176092,0.19503665
75,50,0,8317,75,0,0,-1.8266549,0.13863724
121,135,0,22395,121,0,0,2.9254026,0.949088
138,26,0,4426,138,0,0,-1.9577229,0.123713695
47,45,0,7474,47,0,0,1.1304882,0.755929
78,63,0,10473,78,0,0,-1.0092146,0.26713356
138,191,0,31651,138,0,0,-1.0265948,0.2637448
162,24,0,4123,162,0,0,2.4342709,0.91940355
78,65,0,10803,78,0,0,0.27131093,0.5674147
49,35,1,5816,49,0,0,2.8851218,0.94710606
0,198,0,32687,0,0,0,-0.5406706,0.3680316
37,35,0,5796,37,0,0,2.8851218,0.94710606
132,129,0,21420,132,0,0,-1.8620393,0.13446553
80,202,0,33410,80,0,0,-2.6920795,0.06344234
31,205,1,33844,31,0,0,3.0824637,0.9561636
49,100,1,16541,49,0,0,-0.17521295,0.45630848
150,75,0,12531,150,0,0,3.74163,0.976834
153,182,1,30182,153,0,0,0.9060196,0.71218497
128,184,0,30486,128,0,0,1.0853381,0.74750286
162,149,0,24748,162,0,0,-8.130502,0.0002943338
59,41,0,6821,59,0,0,4.0977917,0.98366207
67,102,0,16889,67,0,0,-3.898174,0.019875845
27,93,0,15380,27,0,0,-0.91739774,0.28548843
64,191,0,31578,64,0,0,-1.0265948,0.2637448
58,145,0,23996,58,0,0,3.5670865,0.97253746
149,27,0,4602,149,0,0,3.8139992,0.9784163
4,116,0,19148,4,0,0,-1.2288566,0.22638161
16,208,1,34342,16,0,0,1.4279368,0.80657965
116,57,1,9507,116,0,0,4.307292,0.98670906
105,22,0,3746,105,0,0,-2.961879,0.04917807
66,148,0,24475,66,0,0,0.6483708,0.6566432
20,55,0,9082,20,0,0,-2.4251432,0.08127538
57,37,0,6179,57,0,0,-0.4699734,0.38462254
83,99,0,16416,83,0,0,-0.77462655,0.31547913
121,56,1,9360,121,0,0,0.5575964,0.6358962
154,27,0,4615,154,0,0,3.8139992,0.9784163
21,95,0,15695,21,0,0,-6.1478186,0.002133579
94,57,1,9498,94,0,0,4.307292,0.98670906
27,8,0,1355,27,0,0,-3.5291336,0.028494563
99,144,0,23858,99,0,0,-0.2694777,0.4330353
19,137,1,22638,19,0,0,-1.5596728,0.1736936
7,164,0,27060,7,0,0,0.026692986,0.50667286
145,81,0,13511,145,0,0,0.2535166,0.56304187
121,161,0,26685,121,0,0,-2.3605657,0.086229615
12,2,0,331,12,0,0,-1.2846,0.21676822
25,63,0,10431,25,0,0,-1.0092146,0.26713356
141,189,0,31327,141,0,0,0.13692778,0.53417856
69,199,1,32897,69,0,0,1.0903363,0.74844503
70,90,0,14920,70,0,0,-0.5269166,0.37123632
155,197,0,32656,155,0,0,-5.133575,0.005860894
115,131,0,21719,115,0,0,-3.1999748,0.03916667
119,191,0,31620,119,0,0,-1.0265948,0.2637448
65,41,0,6831,65,0,0,4.0977917,0.98366207
162,160,0,26563,162,0,0,1.1701784,0.7631773
134,116,0,19274,134,0,0,-1.2288566,0.22638161
60,169,0,27957,60,0,0,-2.2903948,0.09192159
6,69,1,11401,6,0,0,-0.9257092,0.28379604
5,16,1,2668,5,0,0,-0.33815083,0.41625872
60,36,0,6012,60,0,0,-7.329728,0.0006553221
129,205,1,33953,129,0,0,3.0824637,0.9561636
91,54,0,9001,91,0,0,-2.8636465,0.053980183
132,199,1,32970,132,0,0,1.0903363,0.74844503
60,177,0,29277,60,0,0,-0.39797235,0.4017996
67,166,0,27449,67,0,0,2.7208607,0.9382464
115,140,1,23204,115,0,0,-2.2864366,0.09225252
94,194,0,32103,94,0,0,-1.0653789,0.2562829
0,2,0,347,0,0,0,-1.2846,0.21676822
29,38,0,6285,29,0,0,-2.0364141,0.115432374
99,6,0,1088,99,0,0,-3.6607282,0.025069159
71,166,0,27447,71,0,0,2.7208607,0.9382464
129,162,0,26858,129,0,0,-1.7663476,0.14599712
89,157,0,25994,89,0,0,-0.5148577,0.37405545
59,211,0,34871,59,0,0,2.8431277,0.9449624
26,5,0,834,26,0,0,-4.3107796,0.013245288
24,29,0,4822,24,0,0,-0.34640875,0.41425356
11,187,0,30886,11,0,0,0.65044945,0.65711176
85,55,0,9163,85,0,0,-2.4251432,0.08127538
59,126,0,20846,59,0,0,-1.7666025,0.14596535
61,91,0,15076,61,0,0,-0.20702364,0.44842815
19,71,0,11748,19,0,0,-4.3468447,0.012782104
143,8,0,1463,143,0,0,-3.5291336,0.028494563
120,184,1,30478,120,0,0,1.0853381,0.74750286
150,66,0,11046,150,0,0,-0.5698795,0.36126465
139,46,0,7728,139,0,0,-1.5868907,0.1698218
122,134,0,22233,122,0,0,1.7873898,0.85660696
134,86,0,14324,134,0,0,-4.75553,0.008530587
133,74,0,12349,133,0,0,-0.62289315,0.34912375
140,151,0,25056,140,0,0,-3.830502,0.021237884
67,194,0,32069,67,0,0,-1.0653789,0.2562829
163,189,0,31347,163,0,0,0.13692778,0.53417856
139,208,0,34458,139,0,0,1.4279368,0.80657965
79,116,0,19219,79,0,0,-1.2288566,0.22638161
77,154,0,25464,77,0,0,-2.4342835,0.08059549
74,62,0,10307,74,0,0,1.1302793,0.7558904
114,83,0,13802,114,0,0,0.86861223,0.70445687
27,152,1,25115,27,0,0,-1.8155067,0.13997391
82,41,0,6849,82,0,0,4.0977917,0.98366207
137,112,0,18617,137,0,0,-0.83005846,0.3036327
107,205,0,33934,107,0,0,3.0824637,0.9561636
85,40,0,6688,85,0,0,0.5982514,0.64525616
149,128,0,21267,149,0,0,-0.8148542,0.30685705
160,91,1,15179,160,0,0,-0.20702364,0.44842815
136,131,0,21747,136,0,0,-3.1999748,0.03916667
155,177,0,29356,155,0,0,-0.39797235,0.4017996
23,14,0,2315,23,0,0,2.7703085,0.9410501
72,16,0,2705,72,0,0,-0.33815083,0.41625872
44,127,0,20999,44,0,0,0.97098786,0.72531635
67,183,1,30254,67,0,0,-1.6336029,0.16333741
51,98,0,16220,51,0,0,-0.6287151,0.34780195
151,18,0,3124,151,0,0,-2.078091,0.111244574
123,157,0,26029,123,0,0,-0.5148577,0.37405545
131,199,1,32966,131,0,0,1.0903363,0.74844503
2,11,0,1821,2,0,0,-10.404184,3.030449e-05
67,149,0,24644,67,0,0,-8.130502,0.0002943338
77,117,0,19359,77,0,0,-1.0122952,0.2665309
84,52,0,8666,84,0,0,-0.6370729,0.34590852
15,24,0,3972,15,0,0,2.4342709,0.91940355
146,23,0,3939,146,0,0,2.125312,0.89333916
103,7,0,1272,103,0,0,-3.8243132,0.021366913
108,2,0,440,108,0,0,-1.2846,0.21676822
12,105,1,17326,12,0,0,2.681119,0.9359033
54,136,0,22493,54,0,0,0.6312155,0.65276504
134,193,1,31979,134,0,0,3.8734593,0.9796369
35,18,0,2995,35,0,0,-2.078091,0.111244574
150,91,0,15171,150,0,0,-0.20702364,0.44842815
96,14,1,2409,96,0,0,2.7703085,0.9410501
59,85,0,14081,59,0,0,-1.010618,0.26685894
75,55,0,9142,75,0,0,-2.4251432,0.08127538
50,176,0,29098,50,0,0,-3.5805154,0.027106123
40,160,0,26445,40,0,0,1.1701784,0.7631773
2,183,0,30201,2,0,0,-1.6336029,0.16333741
86,11,0,1897,86,0,0,-10.404184,3.030449e-05
115,108,0,17924,115,0,0,1.1149006,0.7530416
159,192,0,31839,159,0,0,-1.5278697,0.17830558
162,2,0,493,162,0,0,-1.2846,0.21676822
70,122,0,20200,70,0,0,-0.67312354,0.3377978
27,120,0,19835,27,0,0,-4.1045628,0.01622949
142,198,0,32810,142,0,0,-0.5406706,0.3680316
158,87,0,14513,158,0,0,0.66993755,0.6614892
55,7,1,1231,55,0,0,-3.8243132,0.021366913
93,82,0,13625,93,0,0,-0.21422713,0.4466471
130,184,1,30490,130,0,0,1.0853381,0.74750286
64,78,0,12933,64,0,0,-0.025013804,0.49374688
125,158,0,26197,125,0,0,1.3191829,0.78904575
93,33,0,5540,93,0,0,-0.51278126,0.37454176
149,205,0,33972,149,0,0,3.0824637,0.9561636
134,95,0,15809,134,0,0,-6.1478186,0.002133579
1,2,0,341,1,0,0,-1.2846,0.21676822
110,192,0,31799,110,0,0,-1.5278697,0.17830558
32,45,0,7457,32,0,0,1.1304882,0.755929
122,130,0,21573,122,0,0,-0.9771749,0.2734527
99,167,0,27653,99,0,0,-1.4176092,0.19503665
30,39,0,6462,30,0,0,1.7614534,0.8533916
40,204,0,33705,40,0,0,-1.7779512,0.1445563
130,122,1,20260,130,0,0,-0.67312354,0.3377978
97,74,0,12306,97,0,0,-0.62289315,0.34912375
87,114,0,18897,87,0,0,2.3294578,0.9112875
110,88,0,14639,110,0,0,-5.5555143,0.0038511904
154,75,1,12535,154,0,0,3.74163,0.976834
87,135,0,22362,87,0,0,2.9254026,0.949088
89,0,0,89,89,0,0,-2.6283884,0.06733359
104,128,0,21220,104,0,0,-0.8148542,0.30685705
69,22,0,3692,69,0,0,-2.961879,0.04917807
2,4,0,666,2,0,0,-0.69811064,0.33223125
27,161,0,26600,27,0,0,-2.3605657,0.086229615
142,146,0,24230,142,0,0,0.25773755,0.56408006
5,97,0,16033,5,0,0,-1.0007296,0.268798
146,108,0,17964,146,0,0,1.1149006,0.7530416
82,91,0,15099,82,0,0,-0.20702364,0.44842815
78,179,0,29613,78,0,0,-4.472768,0.011286829
156,111,0,18468,156,0,0,2.9755948,0.95145935
27,105,0,17360,27,0,0,2.681119,0.9359033
54,162,0,26783,54,0,0,-1.7663476,0.14599712
70,163,0,26965,70,0,0,-0.14802814,0.4630604
55,46,0,7666,55,0,0,-1.5868907,0.1698218
15,29,1,4797,15,0,0,-0.34640875,0.41425356
158,193,1,32003,158,0,0,3.8734593,0.9796369
137,64,0,10697,137,0,0,0.22370961,0.5556953
74,187,1,30932,74,0,0,0.65044945,0.65711176
86,42,0,7012,86,0,0,-0.4071209,0.39960268
129,133,1,22073,129,0,0,-3.5224102,0.028681276
128,0,0,126,128,0,0,-2.6283884,0.06733359
2,112,0,18486,2,0,0,-0.83005846,0.3036327
21,62,0,10250,21,0,0,1.1302793,0.7558904
94,54,0,9003,94,0,0,-2.8636465,0.053980183
130,150,0,24880,130,0,0,0.1452004,0.53623646
103,6,0,1107,103,0,0,-3.6607282,0.025069159
6,189,0,31201,6,0,0,0.13692778,0.53417856
162,53,0,8908,162,0,0,1.8304937,0.8618205
18,90,0,14888,18,0,0,-0.5269166,0.37123632
26,54,0,8919,26,0,0,-2.8636465,0.053980183
144,190,0,31495,144,0,0,-3.7208788,0.023640284
34,160,1,26413,34,0,0,1.1701784,0.7631773
63,89,0,14760,63,0,0,-0.22568604,0.44381675
146,54,0,9054,146,0,0,-2.8636465,0.053980183
38,92,0,15209,38,0,0,-1.9034204,0.12972184
151,139,0,23089,151,0,0,0.74813247,0.6787716
51,41,0,6815,51,0,0,4.0977917,0.98366207
26,11,0,1824,26,0,0,-10.404184,3.030449e-05
85,83,0,13783,85,0,0,0.86861223,0.70445687
92,79,0,13127,92,0,0,-3.39921,0.032320164
143,72,0,12023,143,0,0,0.93011564,0.7170988
163,148,0,24582,163,0,0,0.6483708,0.6566432
70,141,1,23335,70,0,0,-0.30216512,0.4250283
114,82,0,13637,114,0,0,-0.21422713,0.4466471
49,133,0,21986,49,0,0,-3.5224102,0.028681276
103,24,0,4077,103,0,0,2.4342709,0.91940355
164,163,0,27056,164,0,0,-0.14802814,0.4630604
77,185,0,30579,77,0,0,0.88764185,0.7084033
88,117,0,19390,88,0,0,-1.0122952,0.2665309
4,147,0,24263,4,0,0,-3.2721286,0.03653982
144,188,0,31165,144,0,0,-0.5415916,0.36781743
16,201,0,33187,16,0,0,-3.224447,0.03825603
101,161,0,26671,101,0,0,-2.3605657,0.086229615
105,87,1,14471,105,0,0,0.66993755,0.6614892
38,18,0,2999,38,0,0,-2.078091,0.111244574
33,60,0,9926,33,0,0,2.3020887,0.90904987
44,69,1,11429,44,0,0,-0.9257092,0.28379604
92,151,0,25007,92,0,0,-3.830502,0.021237884
125,214,1,35437,125,0,0,0.30544943,0.57577413
158,100,1,16658,158,0,0,-0.17521295,0.45630848
14,144,0,23762,14,0,0,-0.2694777,0.4330353
107,17,0,2914,107,0,0,-0.029760048,0.49256054
68,56,0,9308,68,0,0,0.5575964,0.6358962
18,134,0,22148,18,0,0,1.7873898,0.85660696
146,214,1,35454,146,0,0,0.30544943,0.57577413
145,41,0,6911,145,0,0,4.0977917,0.98366207
108,79,0,13145,108,0,0,-3.39921,0.032320164
154,83,0,13855,154,0,0,0.86861223,0.70445687
21,173,0,28565,21,0,0,0.9896576,0.7290203
65,183,0,30261,65,0,0,-1.6336029,0.16333741
4,128,0,21128,4,0,0,-0.8148542,0.30685705
147,30,0,5098,147,0,0,0.7758248,0.6847796
54,21,0,3518,54,0,0,0.48414403,0.61872596
101,109,0,18091,101,0,0,-1.6453142,0.16174325
142,83,0,13835,142,0,0,0.86861223,0.70445687
20,151,0,24922,20,0,0,-3.830502,0.021237884
50,188,0,31078,50,0,0,-0.5415916,0.36781743
32,13,0,2177,32,0,0,-1.401005,0.19765668
115,49,0,8189,115,0,0,-2.9024777,0.052031215
31,65,0,10744,31,0,0,0.27131093,0.5674147
34,77,0,12718,34,0,0,-4.700327,0.009010379
121,7,0,1275,121,0,0,-3.8243132,0.021366913
10,75,1,12405,10,0,0,3.74163,0.976834
30,212,0,35007,30,0,0,0.8991241,0.7107695
56,162,0,26790,56,0,0,-1.7663476,0.14599712
43,69,0,11433,43,0,0,-0.9257092,0.28379604
161,193,1,32002,161,0,0,3.8734593,0.9796369
136,207,0,34287,136,0,0,-3.4952805,0.029446814
156,95,0,15828,156,0,0,-6.1478186,0.002133579
139,65,0,10863,139,0,0,0.27131093,0.5674147
116,89,1,14787,116,0,0,-0.22568604,0.44381675
143,152,0,25223,143,0,0,-1.8155067,0.13997391
116,97,0,16107,116,0,0,-1.0007296,0.268798
13,30,0,4989,13,0,0,0.7758248,0.6847796
111,6,0,1104,111,0,0,-3.6607282,0.025069159
55,60,0,9976,55,0,0,2.3020887,0.90904987
24,83,0,13732,24,0,0,0.86861223,0.70445687
92,107,1,17747,92,0,0,-2.4728017,0.07778701
46,43,0,7138,46,0,0,-1.1414603,0.24205235
17,178,0,29388,17,0,0,-2.9037356,0.051969204
23,22,0,3635,23,0,0,-2.961879,0.04917807
114,6,0,1097,114,0,0,-3.6607282,0.025069159
67,181,0,29924,67,0,0,-1.7510238,0.14791812
164,39,0,6596,164,0,0,1.7614534,0.8533916
69,36,0,6002,69,0,0,-7.329728,0.0006553221
78,153,0,25323,78,0,0,0.12152326,0.5303435
164,61,0,10226,164,0,0,2.373899,0.9148152
108,4,1,770,108,0,0,-0.69811064,0.33223125
22,41,0,6768,22,0,0,4.0977917,0.98366207
127,147,0,24380,127,0,0,-3.2721286,0.03653982
159,122,0,20289,159,0,0,-0.67312354,0.3377978
1,98,0,16181,1,0,0,-0.6287151,0.34780195
142,71,0,11855,142,0,0,-4.3468447,0.012782104
24,133,0,21982,24,0,0,-3.5224102,0.028681276
75,40,0,6667,75,0,0,0.5982514,0.64525616
111,211,0,34929,111,0,0,2.8431277,0.9449624
119,68,0,11325,119,0,0,1.2596853,0.7789719
129,113,0,18773,129,0,0,-8.208279,0.00027231502
146,137,1,22749,146,0,0,-1.5596728,0.1736936
122,179,0,29658,122,0,0,-4.472768,0.011286829
59,155,0,25631,59,0,0,-0.32563835,0.41930225
88,149,0,24670,88,0,0,-8.130502,0.0002943338
148,11,0,1964,148,0,0,-10.404184,3.030449e-05
1,14,0,2321,1,0,0,2.7703085,0.9410501
77,22,0,3684,77,0,0,-2.961879,0.04917807
63,180,1,29775,63,0,0,-1.239552,0.22451398
104,1,0,265,104,0,0,-2.0700302,0.11204404
58,93,0,15416,58,0,0,-0.91739774,0.28548843
149,148,0,24567,149,0,0,0.6483708,0.6566432
52,40,0,6651,52,0,0,0.5982514,0.64525616
39,30,0,4964,39,0,0,0.7758248,0.6847796
133,186,0,30829,133,0,0,-1.1687648,0.23707832
120,129,1,21403,120,0,0,-1.8620393,0.13446553
14,58,0,9572,14,0,0,-0.8597182,0.2973982
122,117,0,19428,122,0,0,-1.0122952,0.2665309
114,57,1,9512,114,0,0,4.307292,0.98670906
10,147,0,24285,10,0,0,-3.2721286,0.03653982
127,23,0,3920,127,0,0,2.125312,0.89333916
156,161,0,26718,156,0,0,-2.3605657,0.086229615
107,14,0,2419,107,0,0,2.7703085,0.9410501
58,151,0,24986,58,0,0,-3.830502,0.021237884
77,152,0,25134,77,0,0,-1.8155067,0.13997391
81,1,0,248,81,0,0,-2.0700302,0.11204404
103,145,1,24042,103,0,0,3.5670865,0.97253746
78,56,1,9318,78,0,0,0.5575964,0.6358962
143,55,0,9218,143,0,0,-2.4251432,0.08127538
68,202,0,33398,68,0,0,-2.6920795,0.06344234
145,133,0,22091,145,0,0,-3.5224102,0.028681276
97,138,0,22866,97,0,0,0.21283814,0.55300957
47,67,0,11104,47,0,0,2.2135396,0.9014588
102,217,0,35920,102,0,0,-0.9511688,0.27864984
43,84,0,13908,43,0,0,1.6638818,0.8407584
123,71,0,11839,123,0,0,-4.3468447,0.012782104
11,42,0,6961,11,0,0,-0.4071209,0.39960268
129,8,0,1448,129,0,0,-3.5291336,0.028494563
69,58,1,9632,69,0,0,-0.8597182,0.2973982
67,20,0,3359,67,0,0,-0.9151546,0.28594622
48,138,0,22817,48,0,0,0.21283814,0.55300957
163,153,1,25407,163,0,0,0.12152326,0.5303435
68,121,0,20033,68,0,0,-5.4067316,0.0044662426
105,194,0,32126,105,0,0,-1.0653789,0.2562829
44,115,0,19019,44,0,0,-0.73210156,0.32473373
140,134,1,22251,140,0,0,1.7873898,0.85660696
37,12,0,2001,37,0,0,1.1768677,0.76438415
151,197,0,32659,151,0,0,-5.133575,0.005860894
143,12,0,2123,143,0,0,1.1768677,0.76438415
143,78,0,13013,143,0,0,-0.025013804,0.49374688
143,129,0,21428,143,0,0,-1.8620393,0.13446553
156,21,1,3618,156,0,0,0.48414403,0.61872596
65,61,0,10131,65,0,0,2.373899,0.9148152
15,181,0,29877,15,0,0,-1.7510238,0.14791812
29,109,1,18000,29,0,0,-1.6453142,0.16174325
127,90,0,14975,127,0,0,-0.5269166,0.37123632
51,74,0,12260,51,0,0,-0.62289315,0.34912375
120,169,0,28003,120,0,0,-2.2903948,0.09192159
86,112,0,18562,86,0,0,-0.83005846,0.3036327
64,161,0,26628,64,0,0,-2.3605657,0.086229615
92,145,0,24017,92,0,0,3.5670865,0.97253746
108,200,1,33110,108,0,0,-0.7016182,0.33145356
100,212,0,35091,100,0,0,0.8991241,0.7107695
59,132,0,21836,59,0,0,2.6511521,0.934082
108,74,0,12320,108,0,0,-0.62289315,0.34912375
57,140,0,23174,57,0,0,-2.2864366,0.09225252
42,85,0,14065,42,0,0,-1.010618,0.26685894
162,58,0,9733,162,0,0,-0.8597182,0.2973982
47,198,1,32719,47,0,0,-0.5406706,0.3680316
61,169,0,27946,61,0,0,-2.2903948,0.09192159
154,89,0,14845,154,0,0,-0.22568604,0.44381675
65,179,0,29601,65,0,0,-4.472768,0.011286829
99,151,0,25013,99,0,0,-3.830502,0.021237884
139,140,0,23238,139,0,0,-2.2864366,0.09225252
82,1,0,249,82,0,0,-2.0700302,0.11204404
101,77,0,12811,101,0,0,-4.700327,0.009010379
137,188,0,31157,137,0,0,-0.5415916,0.36781743
155,36,0,6091,155,0,0,-7.329728,0.0006553221
5,8,0,1348,5,0,0,-3.5291336,0.028494563
56,63,0,10455,56,0,0,-1.0092146,0.26713356
107,96,0,15949,107,0,0,-0.7005422,0.331692
162,157,0,26068,162,0,0,-0.5148577,0.37405545
160,114,0,18974,160,0,0,2.3294578,0.9112875
58,120,0,19871,58,0,0,-4.1045628,0.01622949
53,134,0,22162,53,0,0,1.7873898,0.85660696
143,124,0,20603,143,0,0,-3.1635184,0.040561907
60,2,0,402,60,0,0,-1.2846,0.21676822
125,113,0,18772,125,0,0,-8.208279,0.00027231502
38,200,0,33029,38,0,0,-0.7016182,0.33145356
149,200,0,33147,149,0,0,-0.7016182,0.33145356
152,25,0,4275,152,0,0,1.6360474,0.8369964
100,38,0,6381,100,0,0,-2.0364141,0.115432374
42,122,0,20170,42,0,0,-0.67312354,0.3377978
1,40,0,6611,1,0,0,0.5982514,0.64525616
0,103,0,17012,0,0,0,-0.4217812,0.3960906
49,135,0,22316,49,0,0,2.9254026,0.949088
58,156,0,25811,58,0,0,-0.16150811,0.4597105
16,174,1,28732,16,0,0,2.8199017,0.94374186
20,36,0,5947,20,0,0,-7.329728,0.0006553221
149,33,0,5592,149,0,0,-0.51278126,0.37454176
95,197,0,32599,95,0,0,-5.133575,0.005860894
60,201,0,33237,60,0,0,-3.224447,0.03825603
61,127,0,21016,61,0,0,0.97098786,0.72531635
73,78,0,12939,73,0,0,-0.025013804,0.49374688
89,192,0,31769,89,0,0,-1.5278697,0.17830558
1,128,1,21131,1,0,0,-0.8148542,0.30685705
2,164,0,27066,2,0,0,0.026692986,0.50667286
114,7,0,1262,114,0,0,-3.8243132,0.021366913
112,26,0,4398,112,0,0,-1.9577229,0.123713695
118,157,1,26018,118,0,0,-0.5148577,0.37405545
104,153,0,25345,104,0,0,0.12152326,0.5303435
73,100,1,16569,73,0,0,-0.17521295,0.45630848
107,45,0,7534,107,0,0,1.1304882,0.755929
51,105,0,17375,51,0,0,2.681119,0.9359033
78,109,0,18063,78,0,0,-1.6453142,0.16174325
77,103,0,17049,77,0,0,-0.4217812,0.3960906
76,120,0,19864,76,0,0,-4.1045628,0.01622949
99,188,0,31118,99,0,0,-0.5415916,0.36781743
8,4,0,664,8,0,0,-0.69811064,0.33223125
33,77,0,12731,33,0,0,-4.700327,0.009010379
118,172,0,28493,118,0,0,-1.4617598,0.18819831
24,195,0,32212,24,0,0,-0.04642749,0.4883952
128,143,0,23721,128,0,0,-1.0126758,0.2664565
88,175,1,28960,88,0,0,0.3924312,0.5968678
47,91,0,15064,47,0,0,-0.20702364,0.44842815
10,49,0,8115,10,0,0,-2.9024777,0.052031215
125,74,0,12337,125,0,0,-0.62289315,0.34912375
25,140,0,23136,25,0,0,-2.2864366,0.09225252
44,125,1,20669,44,0,0,-1.9668355,0.12272919
18,86,0,14228,18,0,0,-4.75553,0.008530587
15,156,1,25752,15,0,0,-0.16150811,0.4597105
26,87,0,14364,26,0,0,0.66993755,0.6614892
92,115,0,19067,92,0,0,-0.73210156,0.32473373
7,111,0,18315,7,0,0,2.9755948,0.95145935
84,215,1,35561,84,0,0,-0.32257694,0.42004785
86,198,0,32752,86,0,0,-0.5406706,0.3680316
120,195,0,32293,120,0,0,-0.04642749,0.4883952
15,121,1,19977,15,0,0,-5.4067316,0.0044662426
105,121,0,20081,105,0,0,-5.4067316,0.0044662426
73,183,1,30264,73,0,0,-1.6336029,0.16333741
141,150,0,24892,141,0,0,0.1452004,0.53623646
33,173,0,28571,33,0,0,0.9896576,0.7290203
160,207,0,34319,160,0,0,-3.4952805,0.029446814
163,20,0,3462,163,0,0,-0.9151546,0.28594622
130,33,0,5575,130,0,0,-0.51278126,0.37454176
6,158,0,26086,6,0,0,1.3191829,0.78904575
97,105,1,17421,97,0,0,2.681119,0.9359033
153,154,0,25562,153,0,0,-2.4342835,0.08059549
17,100,0,16518,17,0,0,-0.17521295,0.45630848
44,48,1,7964,44,0,0,-2.4969263,0.07607394
93,207,0,34250,93,0,0,-3.4952805,0.029446814
96,105,0,17424,96,0,0,2.681119,0.9359033
112,212,1,35088,112,0,0,0.8991241,0.7107695
89,92,0,15269,89,0,0,-1.9034204,0.12972184
23,180,0,29705,23,0,0,-1.239552,0.22451398
101,174,1,28816,101,0,0,2.8199017,0.94374186
22,155,0,25578,22,0,0,-0.32563835,0.41930225
113,199,0,32936,113,0,0,1.0903363,0.74844503
160,61,0,10229,160,0,0,2.373899,0.9148152
67,164,1,27119,67,0,0,0.026692986,0.50667286
46,170,0,28093,46,0,0,-1.2602379,0.22093293
17,189,0,31203,17,0,0,0.13692778,0.53417856
26,177,0,29214,26,0,0,-0.39797235,0.4017996
26,106,1,17499,26,0,0,-1.7601573,0.14677064
149,104,0,17307,149,0,0,0.6592166,0.6590844
43,173,0,28593,43,0,0,0.9896576,0.7290203
115,166,0,27494,115,0,0,2.7208607,0.9382464
120,9,0,1603,120,0,0,-1.5924311,0.16904214
155,55,0,9226,155,0,0,-2.4251432,0.08127538
15,149,0,24597,15,0,0,-8.130502,0.0002943338
151,129,0,21439,151,0,0,-1.8620393,0.13446553
71,30,0,5007,71,0,0,0.7758248,0.6847796
107,83,0,13804,107,0,0,0.86861223,0.70445687
113,168,0,27821,113,0,0,-4.738065,0.008679579
161,211,0,34972,161,0,0,2.8431277,0.9449624
57,167,0,27629,57,0,0,-1.4176092,0.19503665
133,125,0,20764,133,0,0,-1.9668355,0.12272919
90,166,0,27480,90,0,0,2.7208607,0.9382464
96,4,0,759,96,0,0,-0.69811064,0.33223125
95,130,0,21544,95,0,0,-0.9771749,0.2734527
80,159,0,26315,80,0,0,-2.837,0.055357214
24,26,0,4327,24,0,0,-1.9577229,0.123713695
15,189,0,31197,15,0,0,0.13692778,0.53417856
84,70,0,11636,84,0,0,-2.8239853,0.056041732
42,38,0,6310,42,0,0,-2.0364141,0.115432374
1,202,1,33341,1,0,0,-2.6920795,0.06344234
95,12,0,2074,95,0,0,1.1768677,0.76438415
49,183,1,30236,49,0,0,-1.6336029,0.16333741
15,184,1,30372,15,0,0,1.0853381,0.74750286
2,155,0,25581,2,0,0,-0.32563835,0.41930225
52,6,0,1041,52,0,0,-3.6607282,0.025069159
2,104,0,17166,2,0,0,0.6592166,0.6590844
7,132,0,21780,7,0,0,2.6511521,0.934082
19,62,0,10263,19,0,0,1.1302793,0.7558904
38,128,0,21149,38,0,0,-0.8148542,0.30685705
10,20,0,3330,10,0,0,-0.9151546,0.28594622
9,195,0,32199,9,0,0,-0.04642749,0.4883952
29,123,0,20310,29,0,0,-2.4279943,0.08106276
24,170,0,28087,24,0,0,-1.2602379,0.22093293
75,86,0,14257,75,0,0,-4.75553,0.008530587
142,4,1,800,142,0,0,-0.69811064,0.33223125
39,210,0,34664,39,0,0,-0.4756602,0.38327742
26,3,0,504,26,0,0,-1.6873546,0.15612406
23,146,0,24095,23,0,0,0.25773755,0.56408006
38,54,0,8939,38,0,0,-2.8636465,0.053980183
134,24,0,4094,134,0,0,2.4342709,0.91940355
74,208,0,34397,74,0,0,1.4279368,0.80657965
82,96,0,15924,82,0,0,-0.7005422,0.331692
87,102,0,16917,87,0,0,-3.898174,0.019875845
41,86,0,14236,41,0,0,-4.75553,0.008530587
100,34,0,5721,100,0,0,-0.89774346,0.28951442
121,43,0,7215,121,0,0,-1.1414603,0.24205235
93,50,0,8345,93,0,0,-1.8266549,0.13863724
143,33,0,5588,143,0,0,-0.51278126,0.37454176
106,155,0,25678,106,0,0,-0.32563835,0.41930225
68,32,0,5348,68,0,0,0.9187327,0.7147838
117,200,0,33121,117,0,0,-0.7016182,0.33145356
77,20,0,3354,77,0,0,-0.9151546,0.28594622
25,183,1,30231,25,0,0,-1.6336029,0.16333741
40,82,0,13575,40,0,0,-0.21422713,0.4466471
136,119,0,19767,136,0,0,3.6162086,0.97381943
127,172,0,28505,127,0,0,-1.4617598,0.18819831
39,113,0,18659,39,0,0,-8.208279,0.00027231502
102,213,0,35260,102,0,0,-1.093512,0.25095752
45,15,0,2517,45,0,0,-1.212281,0.22929771
121,120,0,19920,121,0,0,-4.1045628,0.01622949
107,87,0,14464,107,0,0,0.66993755,0.6614892
72,81,0,13430,72,0,0,0.2535166,0.56304187
34,71,0,11728,34,0,0,-4.3468447,0.012782104
138,167,0,27691,138,0,0,-1.4176092,0.19503665
84,188,0,31106,84,0,0,-0.5415916,0.36781743
66,85,0,14080,66,0,0,-1.010618,0.26685894
148,113,0,18794,148,0,0,-8.208279,0.00027231502
108,55,0,9185,108,0,0,-2.4251432,0.08127538
123,136,0,22564,123,0,0,0.6312155,0.65276504
155,171,0,28366,155,0,0,-0.72275156,0.32678735
100,6,0,1101,100,0,0,-3.6607282,0.025069159
112,46,0,7698,112,0,0,-1.5868907,0.1698218
53,74,0,12262,53,0,0,-0.62289315,0.34912375
30,217,0,35832,30,0,0,-0.9511688,0.27864984
113,179,0,29636,113,0,0,-4.472768,0.011286829
12,216,0,35641,12,0,0,2.892348,0.94746685
61,28,0,4681,61,0,0,1.5404322,0.8235276
101,160,0,26506,101,0,0,1.1701784,0.7631773
34,136,1,22453,34,0,0,0.6312155,0.65276504
68,22,0,3698,68,0,0,-2.961879,0.04917807
91,19,1,3226,91,0,0,-2.4047847,0.08280857
124,169,0,28007,124,0,0,-2.2903948,0.09192159
36,30,0,4973,36,0,0,0.7758248,0.6847796
60,65,1,10797,60,0,0,0.27131093,0.5674147
34,215,0,35488,34,0,0,-0.32257694,0.42004785
39,108,0,17834,39,0,0,1.1149006,0.7530416
152,107,0,17805,152,0,0,-2.4728017,0.07778701
132,211,1,34950,132,0,0,2.8431277,0.9449624
156,103,0,17148,156,0,0,-0.4217812,0.3960906
89,215,1,35564,89,0,0,-0.32257694,0.42004785
74,71,0,11792,74,0,0,-4.3468447,0.012782104
74,134,0,22187,74,0,0,1.7873898,0.85660696
88,82,0,13615,88,0,0,-0.21422713,0.4466471
7,95,0,15675,7,0,0,-6.1478186,0.002133579
136,201,1,33297,136,0,0,-3.224447,0.03825603
100,104,0,17271,100,0,0,0.6592166,0.6590844
140,40,0,6741,140,0,0,0.5982514,0.64525616
85,202,0,33418,85,0,0,-2.6920795,0.06344234
83,183,0,30276,83,0,0,-1.6336029,0.16333741
73,32,1,5349,73,0,0,0.9187327,0.7147838
80,19,0,3215,80,0,0,-2.4047847,0.08280857
140,31,0,5256,140,0,0,-2.0365837,0.11541507
24,18,0,3007,24,0,0,-2.078091,0.111244574
34,10,0,1663,34,0,0,0.89712363,0.710358
44,108,0,17864,44,0,0,1.1149006,0.7530416
140,217,0,35946,140,0,0,-0.9511688,0.27864984
36,11,0,1838,36,0,0,-10.404184,3.030449e-05
90,186,0,30780,90,0,0,-1.1687648,0.23707832
143,41,0,6908,143,0,0,4.0977917,0.98366207
29,119,0,19650,29,0,0,3.6162086,0.97381943
129,83,0,13823,129,0,0,0.86861223,0.70445687
33,107,0,17681,33,0,0,-2.4728017,0.07778701
139,187,1,30993,139,0,0,0.65044945,0.65711176
46,163,0,26938,46,0,0,-0.14802814,0.4630604
80,171,0,28295,80,0,0,-0.72275156,0.32678735
88,185,0,30610,88,0,0,0.88764185,0.7084033
160,202,1,33494,160,0,0,-2.6920795,0.06344234
87,39,0,6522,87,0,0,1.7614534,0.8533916
97,108,0,17916,97,0,0,1.1149006,0.7530416
75,121,0,20032,75,0,0,-5.4067316,0.0044662426
41,25,1,4171,41,0,0,1.6360474,0.8369964
33,150,0,24776,33,0,0,0.1452004,0.53623646
24,161,0,26602,24,0,0,-2.3605657,0.086229615
159,66,0,11049,159,0,0,-0.5698795,0.36126465
21,7,0,1175,21,0,0,-3.8243132,0.021366913
48,46,0,7637,48,0,0,-1.5868907,0.1698218
12,56,0,9241,12,0,0,0.5575964,0.6358962
21,98,0,16190,21,0,0,-0.6287151,0.34780195
68,164,0,27128,68,0,0,0.026692986,0.50667286
112,112,0,18588,112,0,0,-0.83005846,0.3036327
116,58,0,9672,116,0,0,-0.8597182,0.2973982
57,200,0,33074,57,0,0,-0.7016182,0.33145356
2,92,0,15186,2,0,0,-1.9034204,0.12972184
99,25,0,4223,99,0,0,1.6360474,0.8369964
82,32,0,5364,82,0,0,0.9187327,0.7147838
154,100,0,16660,154,0,0,-0.17521295,0.45630848
8,136,0,22444,8,0,0,0.6312155,0.65276504
129,84,1,13988,129,0,0,1.6638818,0.8407584
155,109,0,18136,155,0,0,-1.6453142,0.16174325
17,122,0,20148,17,0,0,-0.67312354,0.3377978
155,180,0,29851,155,0,0,-1.239552,0.22451398
72,69,0,11450,72,0,0,-0.9257092,0.28379604
146,194,0,32154,146,0,0,-1.0653789,0.2562829
51,189,0,31235,51,0,0,0.13692778,0.53417856
28,45,0,7459,28,0,0,1.1304882,0.755929
70,94,0,15580,70,0,0,-0.25244072,0.43722284
147,179,0,29683,147,0,0,-4.472768,0.011286829
98,71,0,11812,98,0,0,-4.3468447,0.012782104
107,68,0,11329,107,0,0,1.2596853,0.7789719
125,124,0,20587,125,0,0,-3.1635184,0.040561907
43,162,0,26778,43,0,0,-1.7663476,0.14599712
119,204,0,33765,119,0,0,-1.7779512,0.1445563
90,192,0,31770,90,0,0,-1.5278697,0.17830558
44,80,0,13244,44,0,0,-0.059322357,0.48517376
60,158,0,26142,60,0,0,1.3191829,0.78904575
44,82,0,13574,44,0,0,-0.21422713,0.4466471
149,187,1,31002,149,0,0,0.65044945,0.65711176
38,30,0,4979,38,0,0,0.7758248,0.6847796
90,112,1,18570,90,0,0,-0.83005846,0.3036327
80,63,0,10475,80,0,0,-1.0092146,0.26713356
137,68,0,11357,137,0,0,1.2596853,0.7789719
158,96,0,15998,158,0,0,-0.7005422,0.331692
158,145,1,24083,158,0,0,3.5670865,0.97253746
64,211,1,34878,64,0,0,2.8431277,0.9449624
22,34,0,5613,22,0,0,-0.89774346,0.28951442
17,68,1,11238,17,0,0,1.2596853,0.7789719
16,103,1,17017,16,0,0,-0.4217812,0.3960906
8,56,0,9244,8,0,0,0.5575964,0.6358962
28,181,0,29899,28,0,0,-1.7510238,0.14791812
72,187,1,30920,72,0,0,0.65044945,0.65711176
118,190,0,31463,118,0,0,-3.7208788,0.023640284
78,170,0,28128,78,0,0,-1.2602379,0.22093293
90,10,0,1740,90,0,0,0.89712363,0.710358
160,110,0,18314,160,0,0,0.166287,0.54147625
59,55,0,9131,59,0,0,-2.4251432,0.08127538
149,201,0,33312,149,0,0,-3.224447,0.03825603
10,162,1,26760,10,0,0,-1.7663476,0.14599712
97,93,0,15441,97,0,0,-0.91739774,0.28548843
44,149,0,24629,44,0,0,-8.130502,0.0002943338
145,190,1,31496,145,0,0,-3.7208788,0.023640284
116,34,0,5712,116,0,0,-0.89774346,0.28951442
42,114,0,18850,42,0,0,2.3294578,0.9112875
82,189,0,31269,82,0,0,0.13692778,0.53417856
152,117,0,19455,152,0,0,-1.0122952,0.2665309
28,15,0,2509,28,0,0,-1.212281,0.22929771
5,20,0,3328,5,0,0,-0.9151546,0.28594622
99,96,0,15938,99,0,0,-0.7005422,0.331692
60,77,0,12777,60,0,0,-4.700327,0.009010379
135,149,0,24718,135,0,0,-8.130502,0.0002943338
91,196,1,32431,91,0,0,2.8387551,0.9447345
93,158,0,26165,93,0,0,1.3191829,0.78904575
154,197,0,32665,154,0,0,-5.133575,0.005860894
83,73,0,12126,83,0,0,1.9125028,0.87130004
68,34,0,5678,68,0,0,-0.89774346,0.28951442
110,194,0,32129,110,0,0,-1.0653789,0.2562829
114,199,1,32942,114,0,0,1.0903363,0.74844503
27,135,1,22310,27,0,0,2.9254026,0.949088
11,74,0,12241,11,0,0,-0.62289315,0.34912375
55,90,0,14926,55,0,0,-0.5269166,0.37123632
160,65,1,10889,160,0,0,0.27131093,0.5674147
87,174,1,28797,87,0,0,2.8199017,0.94374186
95,207,0,34249,95,0,0,-3.4952805,0.029446814
124,89,1,14807,124,0,0,-0.22568604,0.44381675
58,213,0,35216,58,0,0,-1.093512,0.25095752
109,202,0,33442,109,0,0,-2.6920795,0.06344234
13,196,0,32379,13,0,0,2.8387551,0.9447345
113,33,0,5546,113,0,0,-0.51278126,0.37454176
26,200,0,33009,26,0,0,-0.7016182,0.33145356
114,191,0,31622,114,0,0,-1.0265948,0.2637448
94,39,0,6528,94,0,0,1.7614534,0.8533916
84,101,1,16751,84,0,0,-2.8819857,0.053051293
34,57,0,9418,34,0,0,4.307292,0.98670906
69,129,0,21347,69,0,0,-1.8620393,0.13446553
32,198,0,32702,32,0,0,-0.5406706,0.3680316
10,180,0,29730,10,0,0,-1.239552,0.22451398
146,134,0,22254,146,0,0,1.7873898,0.85660696
129,126,0,20918,129,0,0,-1.7666025,0.14596535
22,173,0,28548,22,0,0,0.9896576,0.7290203
59,42,0,6986,59,0,0,-0.4071209,0.39960268
8,214,0,35314,8,0,0,0.30544943,0.57577413
61,57,0,9466,61,0,0,4.307292,0.98670906
52,195,0,32226,52,0,0,-0.04642749,0.4883952
143,23,0,3938,143,0,0,2.125312,0.89333916
50,204,0,33718,50,0,0,-1.7779512,0.1445563
23,52,0,8585,23,0,0,-0.6370729,0.34590852
101,91,0,15121,101,0,0,-0.20702364,0.44842815
66,132,0,21835,66,0,0,2.6511521,0.934082
48,143,0,23642,48,0,0,-1.0126758,0.2664565
130,2,0,460,130,0,0,-1.2846,0.21676822
69,84,0,13922,69,0,0,1.6638818,0.8407584
113,201,0,33266,113,0,0,-3.224447,0.03825603
88,137,0,22690,88,0,0,-1.5596728,0.1736936
67,12,0,2039,67,0,0,1.1768677,0.76438415
109,214,1,35422,109,0,0,0.30544943,0.57577413
56,164,1,27120,56,0,0,0.026692986,0.50667286
138,196,0,32476,138,0,0,2.8387551,0.9447345
15,216,0,35652,15,0,0,2.892348,0.94746685
115,106,1,17594,115,0,0,-1.7601573,0.14677064
112,73,0,12153,112,0,0,1.9125028,0.87130004
126,201,0,33294,126,0,0,-3.224447,0.03825603
116,99,0,16437,116,0,0,-0.77462655,0.31547913
81,173,1,28628,81,0,0,0.9896576,0.7290203
19,52,0,8613,19,0,0,-0.6370729,0.34590852
86,117,0,19387,86,0,0,-1.0122952,0.2665309
121,67,0,11175,121,0,0,2.2135396,0.9014588
60,153,1,25317,60,0,0,0.12152326,0.5303435
83,11,0,1896,83,0,0,-10.404184,3.030449e-05
93,23,0,3890,93,0,0,2.125312,0.89333916
57,66,0,10964,57,0,0,-0.5698795,0.36126465
82,161,0,26649,82,0,0,-2.3605657,0.086229615
148,10,0,1799,148,0,0,0.89712363,0.710358
18,205,0,33863,18,0,0,3.0824637,0.9561636
131,88,0,14651,131,0,0,-5.5555143,0.0038511904
30,174,0,28737,30,0,0,2.8199017,0.94374186
157,23,0,3950,157,0,0,2.125312,0.89333916
129,20,0,3428,129,0,0,-0.9151546,0.28594622
117,69,0,11506,117,0,0,-0.9257092,0.28379604
119,29,0,4890,119,0,0,-0.34640875,0.41425356
56,107,0,17715,56,0,0,-2.4728017,0.07778701
77,187,1,30909,77,0,0,0.65044945,0.65711176
42,59,0,9775,42,0,0,1.2554069,0.7782344
18,1,0,203,18,0,0,-2.0700302,0.11204404
27,56,0,9275,27,0,0,0.5575964,0.6358962
125,55,0,9202,125,0,0,-2.4251432,0.08127538
140,175,0,29016,140,0,0,0.3924312,0.5968678
2,3,0,501,2,0,0,-1.6873546,0.15612406
71,111,0,18372,71,0,0,2.9755948,0.95145935
53,59,0,9787,53,0,0,1.2554069,0.7782344
36,107,1,17678,36,0,0,-2.4728017,0.07778701
74,17,0,2882,74,0,0,-0.029760048,0.49256054
86,46,0,7672,86,0,0,-1.5868907,0.1698218
107,90,0,14959,107,0,0,-0.5269166,0.37123632
97,113,0,18741,97,0,0,-8.208279,0.00027231502
96,209,0,34584,96,0,0,-1.9596634,0.123503484
93,128,0,21215,93,0,0,-0.8148542,0.30685705
76,189,0,31249,76,0,0,0.13692778,0.53417856
149,22,0,3777,149,0,0,-2.961879,0.04917807
46,101,0,16708,46,0,0,-2.8819857,0.053051293
103,203,0,33612,103,0,0,-2.6337276,0.06699906
66,89,1,14740,66,0,0,-0.22568604,0.44381675
140,50,0,8391,140,0,0,-1.8266549,0.13863724
155,188,0,31171,155,0,0,-0.5415916,0.36781743
82,214,1,35394,82,0,0,0.30544943,0.57577413
163,80,0,13362,163,0,0,-0.059322357,0.48517376
159,138,0,22929,159,0,0,0.21283814,0.55300957
50,206,0,34048,50,0,0,-0.48542544,0.38097182
138,96,0,15976,138,0,0,-0.7005422,0.331692
72,90,0,14915,72,0,0,-0.5269166,0.37123632
12,112,0,18481,12,0,0,-0.83005846,0.3036327
110,181,0,29984,110,0,0,-1.7510238,0.14791812
77,137,0,22659,77,0,0,-1.5596728,0.1736936
77,127,0,21009,77,0,0,0.97098786,0.72531635
101,154,0,25516,101,0,0,-2.4342835,0.08059549
76,22,0,3694,76,0,0,-2.961879,0.04917807
54,24,0,4013,54,0,0,2.4342709,0.91940355
27,53,1,8780,27,0,0,1.8304937,0.8618205
123,40,0,6724,123,0,0,0.5982514,0.64525616
109,199,1,32947,109,0,0,1.0903363,0.74844503
62,11,0,1888,62,0,0,-10.404184,3.030449e-05
50,21,0,3523,50,0,0,0.48414403,0.61872596
102,146,0,24205,102,0,0,0.25773755,0.56408006
154,180,0,29860,154,0,0,-1.239552,0.22451398
14,191,0,31517,14,0,0,-1.0265948,0.2637448
101,151,0,25021,101,0,0,-3.830502,0.021237884
158,147,0,24413,158,0,0,-3.2721286,0.03653982
78,36,0,6018,78,0,0,-7.329728,0.0006553221
6,45,0,7441,6,0,0,1.1304882,0.755929
51,217,0,35855,51,0,0,-0.9511688,0.27864984
133,185,0,30664,133,0,0,0.88764185,0.7084033
27,193,1,31880,27,0,0,3.8734593,0.9796369
51,127,0,21005,51,0,0,0.97098786,0.72531635
4,113,0,18653,4,0,0,-8.208279,0.00027231502
106,122,0,20233,106,0,0,-0.67312354,0.3377978
77,188,1,31074,77,0,0,-0.5415916,0.36781743
31,120,0,19819,31,0,0,-4.1045628,0.01622949
114,141,1,23372,114,0,0,-0.30216512,0.4250283
104,55,0,9175,104,0,0,-2.4251432,0.08127538
89,84,1,13949,89,0,0,1.6638818,0.8407584
158,177,0,29363,158,0,0,-0.39797235,0.4017996
54,99,0,16388,54,0,0,-0.77462655,0.31547913
132,136,0,22575,132,0,0,0.6312155,0.65276504
151,69,0,11539,151,0,0,-0.9257092,0.28379604
75,165,0,27292,75,0,0,-0.006789565,0.4983026
119,199,1,32940,119,0,0,1.0903363,0.74844503
104,49,1,8185,104,0,0,-2.9024777,0.052031215
19,109,0,18018,19,0,0,-1.6453142,0.16174325
38,210,0,34679,38,0,0,-0.4756602,0.38327742
141,156,0,25882,141,0,0,-0.16150811,0.4597105
47,177,0,29254,47,0,0,-0.39797235,0.4017996
99,99,0,16433,99,0,0,-0.77462655,0.31547913
90,75,1,12465,90,0,0,3.74163,0.976834
93,69,0,11480,93,0,0,-0.9257092,0.28379604
90,95,0,15765,90,0,0,-6.1478186,0.002133579
34,16,1,2653,34,0,0,-0.33815083,0.41625872
152,29,0,4935,152,0,0,-0.34640875,0.41425356
66,34,0,5665,66,0,0,-0.89774346,0.28951442
126,0,0,129,126,0,0,-2.6283884,0.06733359
29,27,0,4470,29,0,0,3.8139992,0.9784163
55,35,0,5851,55,0,0,2.8851218,0.94710606
55,152,0,25156,55,0,0,-1.8155067,0.13997391
37,59,0,9756,37,0,0,1.2554069,0.7782344
39,134,0,22124,39,0,0,1.7873898,0.85660696
125,68,1,11347,125,0,0,1.2596853,0.7789719
106,63,0,10498,106,0,0,-1.0092146,0.26713356
59,164,0,27116,59,0,0,0.026692986,0.50667286
90,151,0,25005,90,0,0,-3.830502,0.021237884
12,167,0,27556,12,0,0,-1.4176092,0.19503665
88,201,0,33250,88,0,0,-3.224447,0.03825603
68,145,0,23993,68,0,0,3.5670865,0.97253746
0,83,0,13712,0,0,0,0.86861223,0.70445687
3,100,1,16510,3,0,0,-0.17521295,0.45630848
21,104,0,17180,21,0,0,0.6592166,0.6590844
157,89,0,14840,157,0,0,-0.22568604,0.44381675
98,38,0,6367,98,0,0,-2.0364141,0.115432374
22,147,0,24258,22,0,0,-3.2721286,0.03653982
25,113,0,18681,25,0,0,-8.208279,0.00027231502
39,123,0,20309,39,0,0,-2.4279943,0.08106276
35,96,0,15865,35,0,0,-0.7005422,0.331692
123,159,0,26359,123,0,0,-2.837,0.055357214
55,29,0,4861,55,0,0,-0.34640875,0.41425356
21,172,0,28400,21,0,0,-1.4617598,0.18819831
43,35,0,5823,43,0,0,2.8851218,0.94710606
133,22,0,3769,133,0,0,-2.961879,0.04917807
156,138,0,22923,156,0,0,0.21283814,0.55300957
117,128,0,21241,117,0,0,-0.8148542,0.30685705
145,216,1,35786,145,0,0,2.892348,0.94746685
120,132,0,21898,120,0,0,2.6511521,0.934082
32,204,0,33692,32,0,0,-1.7779512,0.1445563
11,11,0,1846,11,0,0,-10.404184,3.030449e-05
42,113,0,18685,42,0,0,-8.208279,0.00027231502
7,165,1,27225,7,0,0,-0.006789565,0.4983026
76,102,0,16894,76,0,0,-3.898174,0.019875845
15,52,0,8592,15,0,0,-0.6370729,0.34590852
99,205,1,33923,99,0,0,3.0824637,0.9561636
66,174,1,28765,66,0,0,2.8199017,0.94374186
158,94,1,15668,158,0,0,-0.25244072,0.43722284
118,21,1,3578,118,0,0,0.48414403,0.61872596
6,61,0,10081,6,0,0,2.373899,0.9148152
122,97,1,16128,122,0,0,-1.0007296,0.268798
103,215,1,35592,103,0,0,-0.32257694,0.42004785
90,183,1,30285,90,0,0,-1.6336029,0.16333741
2,107,0,17661,2,0,0,-2.4728017,0.07778701
114,80,0,13307,114,0,0,-0.059322357,0.48517376
24,124,0,20497,24,0,0,-3.1635184,0.040561907
20,61,0,10072,20,0,0,2.373899,0.9148152
120,145,1,24043,120,0,0,3.5670865,0.97253746
73,152,0,25149,73,0,0,-1.8155067,0.13997391
70,59,0,9805,70,0,0,1.2554069,0.7782344
2,36,0,5946,2,0,0,-7.329728,0.0006553221
5,112,0,18508,5,0,0,-0.83005846,0.3036327
123,92,0,15304,123,0,0,-1.9034204,0.12972184
78,122,0,20208,78,0,0,-0.67312354,0.3377978
111,65,1,10839,111,0,0,0.27131093,0.5674147
92,141,1,23357,92,0,0,-0.30216512,0.4250283
139,12,0,2118,139,0,0,1.1768677,0.76438415
116,93,0,15447,116,0,0,-0.91739774,0.28548843
47,144,0,23809,47,0,0,-0.2694777,0.4330353
21,72,0,11900,21,0,0,0.93011564,0.7170988
115,50,0,8354,115,0,0,-1.8266549,0.13863724
17,170,0,28068,17,0,0,-1.2602379,0.22093293
95,46,0,7684,95,0,0,-1.5868907,0.1698218
69,83,0,13757,69,0,0,0.86861223,0.70445687
117,70,0,11671,117,0,0,-2.8239853,0.056041732
64,105,1,17388,64,0,0,2.681119,0.9359033
90,169,0,27975,90,0,0,-2.2903948,0.09192159
80,179,0,29615,80,0,0,-4.472768,0.011286829
127,155,0,25700,127,0,0,-0.32563835,0.41930225
137,145,1,24062,137,0,0,3.5670865,0.97253746
118,212,0,35093,118,0,0,0.8991241,0.7107695
103,192,0,31797,103,0,0,-1.5278697,0.17830558
71,15,0,2532,71,0,0,-1.212281,0.22929771
152,166,0,27540,152,0,0,2.7208607,0.9382464
118,41,0,6878,118,0,0,4.0977917,0.98366207
19,115,0,19008,19,0,0,-0.73210156,0.32473373
131,185,0,30656,131,0,0,0.88764185,0.7084033
2,8,0,1326,2,0,0,-3.5291336,0.028494563
130,20,0,3430,130,0,0,-0.9151546,0.28594622
93,70,0,11645,93,0,0,-2.8239853,0.056041732
54,41,0,6818,54,0,0,4.0977917,0.98366207
142,117,0,19445,142,0,0,-1.0122952,0.2665309
37,34,0,5631,37,0,0,-0.89774346,0.28951442
70,118,0,19540,70,0,0,-1.6515181,0.16090389
128,86,0,14316,128,0,0,-4.75553,0.008530587
15,170,0,28062,15,0,0,-1.2602379,0.22093293
117,136,1,22561,117,0,0,0.6312155,0.65276504
141,91,0,15157,141,0,0,-0.20702364,0.44842815
51,72,0,11930,51,0,0,0.93011564,0.7170988
75,77,0,12772,75,0,0,-4.700327,0.009010379
31,20,0,3319,31,0,0,-0.9151546,0.28594622
45,83,0,13737,45,0,0,0.86861223,0.70445687
31,216,0,35659,31,0,0,2.892348,0.94746685
153,215,0,35627,153,0,0,-0.32257694,0.42004785
47,150,0,24799,47,0,0,0.1452004,0.53623646
141,130,0,21592,141,0,0,-0.9771749,0.2734527
38,47,0,7784,38,0,0,5.323983,0.9951503
39,77,0,12719,39,0,0,-4.700327,0.009010379
32,116,0,19172,32,0,0,-1.2288566,0.22638161
152,215,0,35625,152,0,0,-0.32257694,0.42004785
147,98,0,16318,147,0,0,-0.6287151,0.34780195
151,215,0,35629,151,0,0,-0.32257694,0.42004785
161,188,0,31177,161,0,0,-0.5415916,0.36781743
124,7,0,1277,124,0,0,-3.8243132,0.021366913
31,203,0,33514,31,0,0,-2.6337276,0.06699906
82,136,0,22524,82,0,0,0.6312155,0.65276504
147,213,1,35293,147,0,0,-1.093512,0.25095752
43,180,0,29748,43,0,0,-1.239552,0.22451398
6,95,0,15691,6,0,0,-6.1478186,0.002133579
72,68,0,11285,72,0,0,1.2596853,0.7789719
109,197,0,32617,109,0,0,-5.133575,0.005860894
39,115,0,18989,39,0,0,-0.73210156,0.32473373
93,90,0,14945,93,0,0,-0.5269166,0.37123632
32,192,0,31712,32,0,0,-1.5278697,0.17830558
113,28,0,4721,113,0,0,1.5404322,0.8235276
17,47,0,7773,17,0,0,5.323983,0.9951503
36,31,0,5138,36,0,0,-2.0365837,0.11541507
143,194,0,32153,143,0,0,-1.0653789,0.2562829
136,171,0,28347,136,0,0,-0.72275156,0.32678735
89,124,0,20549,89,0,0,-3.1635184,0.040561907
32,16,0,2672,32,0,0,-0.33815083,0.41625872
135,197,0,32638,135,0,0,-5.133575,0.005860894
6,89,0,14701,6,0,0,-0.22568604,0.44381675
35,150,0,24775,35,0,0,0.1452004,0.53623646
54,71,0,11768,54,0,0,-4.3468447,0.012782104
44,201,0,33209,44,0,0,-3.224447,0.03825603
163,158,0,26232,163,0,0,1.3191829,0.78904575
150,188,0,31176,150,0,0,-0.5415916,0.36781743
161,64,0,10717,161,0,0,0.22370961,0.5556953
122,28,0,4743,122,0,0,1.5404322,0.8235276
97,72,0,11976,97,0,0,0.93011564,0.7170988
8,174,1,28714,8,0,0,2.8199017,0.94374186
39,141,0,23279,39,0,0,-0.30216512,0.4250283
52,3,0,546,52,0,0,-1.6873546,0.15612406
30,115,0,19002,30,0,0,-0.73210156,0.32473373
60,89,1,14757,60,0,0,-0.22568604,0.44381675
114,32,0,5387,114,0,0,0.9187327,0.7147838
92,87,1,14447,92,0,0,0.66993755,0.6614892
44,217,0,35849,44,0,0,-0.9511688,0.27864984
76,187,1,30919,76,0,0,0.65044945,0.65711176
19,148,0,24453,19,0,0,0.6483708,0.6566432
25,120,0,19836,25,0,0,-4.1045628,0.01622949
75,192,0,31747,75,0,0,-1.5278697,0.17830558
58,32,0,5351,58,0,0,0.9187327,0.7147838
116,36,0,6042,116,0,0,-7.329728,0.0006553221
17,140,0,23118,17,0,0,-2.2864366,0.09225252
151,115,0,19129,151,0,0,-0.73210156,0.32473373
85,176,0,29128,85,0,0,-3.5805154,0.027106123
77,201,0,33219,77,0,0,-3.224447,0.03825603
72,181,0,29930,72,0,0,-1.7510238,0.14791812
24,174,1,28747,24,0,0,2.8199017,0.94374186
93,114,0,18905,93,0,0,2.3294578,0.9112875
122,47,1,7878,122,0,0,5.323983,0.9951503
113,26,0,4391,113,0,0,-1.9577229,0.123713695
56,67,0,11115,56,0,0,2.2135396,0.9014588
42,164,0,27100,42,0,0,0.026692986,0.50667286
123,15,0,2599,123,0,0,-1.212281,0.22929771
160,119,0,19799,160,0,0,3.6162086,0.97381943
120,214,1,35428,120,0,0,0.30544943,0.57577413
99,128,0,21218,99,0,0,-0.8148542,0.30685705
60,48,0,7992,60,0,0,-2.4969263,0.07607394
150,52,0,8736,150,0,0,-0.6370729,0.34590852
124,111,1,18437,124,0,0,2.9755948,0.95145935
55,9,0,1561,55,0,0,-1.5924311,0.16904214
70,32,0,5350,70,0,0,0.9187327,0.7147838
99,74,0,12308,99,0,0,-0.62289315,0.34912375
145,3,0,641,145,0,0,-1.6873546,0.15612406
87,196,1,32427,87,0,0,2.8387551,0.9447345
120,172,0,28498,120,0,0,-1.4617598,0.18819831
38,64,0,10589,38,0,0,0.22370961,0.5556953
90,177,1,29295,90,0,0,-0.39797235,0.4017996
57,216,0,35714,57,0,0,2.892348,0.94746685
116,0,0,102,116,0,0,-2.6283884,0.06733359
125,199,1,32962,125,0,0,1.0903363,0.74844503
131,53,0,8876,131,0,0,1.8304937,0.8618205
78,158,0,26148,78,0,0,1.3191829,0.78904575
125,61,0,10192,125,0,0,2.373899,0.9148152
74,79,0,13112,74,0,0,-3.39921,0.032320164
115,9,0,1589,115,0,0,-1.5924311,0.16904214
14,31,0,5117,14,0,0,-2.0365837,0.11541507
60,34,0,5682,60,0,0,-0.89774346,0.28951442
51,186,0,30740,51,0,0,-1.1687648,0.23707832
79,88,0,14599,79,0,0,-5.5555143,0.0038511904
35,79,0,13060,35,0,0,-3.39921,0.032320164
18,167,0,27593,18,0,0,-1.4176092,0.19503665
44,30,0,4994,44,0,0,0.7758248,0.6847796
64,33,0,5508,64,0,0,-0.51278126,0.37454176
92,45,0,7517,92,0,0,1.1304882,0.755929
52,19,0,3186,52,0,0,-2.4047847,0.08280857
125,153,0,25372,125,0,0,0.12152326,0.5303435
77,131,0,21669,77,0,0,-3.1999748,0.03916667
9,213,0,35169,9,0,0,-1.093512,0.25095752
4,30,0,4958,4,0,0,0.7758248,0.6847796
43,12,0,2028,43,0,0,1.1768677,0.76438415
20,13,0,2152,20,0,0,-1.401005,0.19765668
108,208,0,34430,108,0,0,1.4279368,0.80657965
85,125,1,20713,85,0,0,-1.9668355,0.12272919
128,49,1,8211,128,0,0,-2.9024777,0.052031215
18,155,0,25613,18,0,0,-0.32563835,0.41930225
24,81,0,13402,24,0,0,0.2535166,0.56304187
28,18,0,3004,28,0,0,-2.078091,0.111244574
18,127,0,20993,18,0,0,0.97098786,0.72531635
63,22,0,3705,63,0,0,-2.961879,0.04917807
50,31,0,5173,50,0,0,-2.0365837,0.11541507
63,104,0,17235,63,0,0,0.6592166,0.6590844
50,82,0,13588,50,0,0,-0.21422713,0.4466471
155,207,0,34306,155,0,0,-3.4952805,0.029446814
54,85,1,14078,54,0,0,-1.010618,0.26685894
152,152,0,25230,152,0,0,-1.8155067,0.13997391
66,122,0,20185,66,0,0,-0.67312354,0.3377978
71,169,0,27942,71,0,0,-2.2903948,0.09192159
35,130,0,21475,35,0,0,-0.9771749,0.2734527
36,192,0,31703,36,0,0,-1.5278697,0.17830558
134,214,0,35444,134,0,0,0.30544943,0.57577413
77,181,0,29919,77,0,0,-1.7510238,0.14791812
59,170,0,28106,59,0,0,-1.2602379,0.22093293
2,60,0,9906,2,0,0,2.3020887,0.90904987
111,166,0,27504,111,0,0,2.7208607,0.9382464
12,12,0,1981,12,0,0,1.1768677,0.76438415
50,137,0,22663,50,0,0,-1.5596728,0.1736936
33,156,0,25766,33,0,0,-0.16150811,0.4597105
63,201,0,33240,63,0,0,-3.224447,0.03825603
50,181,0,29923,50,0,0,-1.7510238,0.14791812
144,194,1,32155,144,0,0,-1.0653789,0.2562829
163,155,0,25737,163,0,0,-0.32563835,0.41930225
75,212,0,35047,75,0,0,0.8991241,0.7107695
14,104,0,17162,14,0,0,0.6592166,0.6590844
60,188,0,31092,60,0,0,-0.5415916,0.36781743
136,120,0,19932,136,0,0,-4.1045628,0.01622949
130,94,1,15640,130,0,0,-0.25244072,0.43722284
117,73,0,12166,117,0,0,1.9125028,0.87130004
78,123,0,20373,78,0,0,-2.4279943,0.08106276
69,87,0,14417,69,0,0,0.66993755,0.6614892
92,131,0,21707,92,0,0,-3.1999748,0.03916667
140,117,0,19446,140,0,0,-1.0122952,0.2665309
34,7,0,1168,34,0,0,-3.8243132,0.021366913
144,2,0,475,144,0,0,-1.2846,0.21676822
41,204,0,33706,41,0,0,-1.7779512,0.1445563
89,106,1,17579,89,0,0,-1.7601573,0.14677064
50,184,1,30418,50,0,0,1.0853381,0.74750286
64,126,0,20853,64,0,0,-1.7666025,0.14596535
1,105,0,17336,1,0,0,2.681119,0.9359033
9,26,0,4314,9,0,0,-1.9577229,0.123713695
98,142,0,23527,98,0,0,-0.42403874,0.39555073
151,52,0,8734,151,0,0,-0.6370729,0.34590852
5,111,0,18343,5,0,0,2.9755948,0.95145935
94,173,0,28638,94,0,0,0.9896576,0.7290203
64,50,0,8313,64,0,0,-1.8266549,0.13863724
19,43,0,7128,19,0,0,-1.1414603,0.24205235
10,93,0,15375,10,0,0,-0.91739774,0.28548843
68,2,0,398,68,0,0,-1.2846,0.21676822
39,201,0,33179,39,0,0,-3.224447,0.03825603
98,156,1,25837,98,0,0,-0.16150811,0.4597105
47,39,0,6484,47,0,0,1.7614534,0.8533916
29,130,0,21465,29,0,0,-0.9771749,0.2734527
137,206,0,34127,137,0,0,-0.48542544,0.38097182
111,174,1,28824,111,0,0,2.8199017,0.94374186
64,28,0,4683,64,0,0,1.5404322,0.8235276
10,117,1,19335,10,0,0,-1.0122952,0.2665309
106,9,0,1588,106,0,0,-1.5924311,0.16904214
93,45,0,7520,93,0,0,1.1304882,0.755929
60,110,0,18222,60,0,0,0.166287,0.54147625
40,87,0,14400,40,0,0,0.66993755,0.6614892
54,60,0,9953,54,0,0,2.3020887,0.90904987
149,18,0,3117,149,0,0,-2.078091,0.111244574
135,90,0,14983,135,0,0,-0.5269166,0.37123632
60,129,0,21357,60,0,0,-1.8620393,0.13446553
131,26,0,4421,131,0,0,-1.9577229,0.123713695
18,187,0,30893,18,0,0,0.65044945,0.65711176
36,18,0,2993,36,0,0,-2.078091,0.111244574
21,88,0,14540,21,0,0,-5.5555143,0.0038511904
1,30,0,4961,1,0,0,0.7758248,0.6847796
34,200,0,33013,34,0,0,-0.7016182,0.33145356
39,193,1,31859,39,0,0,3.8734593,0.9796369
81,47,1,7838,81,0,0,5.323983,0.9951503
109,79,0,13147,109,0,0,-3.39921,0.032320164
36,13,0,2168,36,0,0,-1.401005,0.19765668
28,186,0,30724,28,0,0,-1.1687648,0.23707832
50,49,0,8143,50,0,0,-2.9024777,0.052031215
117,201,0,33286,117,0,0,-3.224447,0.03825603
133,134,0,22249,133,0,0,1.7873898,0.85660696
21,10,0,1670,21,0,0,0.89712363,0.710358
13,171,0,28254,13,0,0,-0.72275156,0.32678735
30,109,0,18012,30,0,0,-1.6453142,0.16174325
19,117,0,19338,19,0,0,-1.0122952,0.2665309
70,5,1,895,70,0,0,-4.3107796,0.013245288
129,98,0,16298,129,0,0,-0.6287151,0.34780195
147,73,0,12193,147,0,0,1.9125028,0.87130004
80,69,1,11465,80,0,0,-0.9257092,0.28379604
14,110,1,18152,14,0,0,0.166287,0.54147625
9,82,0,13554,9,0,0,-0.21422713,0.4466471
5,172,0,28408,5,0,0,-1.4617598,0.18819831
144,91,0,15160,144,0,0,-0.20702364,0.44842815
154,43,0,7255,154,0,0,-1.1414603,0.24205235
117,182,1,30151,117,0,0,0.9060196,0.71218497
144,34,0,5755,144,0,0,-0.89774346,0.28951442
0,81,0,13382,0,0,0,0.2535166,0.56304187
32,101,1,16697,32,0,0,-2.8819857,0.053051293
19,126,0,20823,19,0,0,-1.7666025,0.14596535
161,199,1,32992,161,0,0,1.0903363,0.74844503
105,195,0,32291,105,0,0,-0.04642749,0.4883952
41,44,0,7306,41,0,0,-0.48415,0.38127264
119,14,1,2415,119,0,0,2.7703085,0.9410501
114,45,0,7532,114,0,0,1.1304882,0.755929
3,1,0,175,3,0,0,-2.0700302,0.11204404
137,204,0,33797,137,0,0,-1.7779512,0.1445563
122,12,1,2103,122,0,0,1.1768677,0.76438415
45,209,0,34527,45,0,0,-1.9596634,0.123503484
69,15,0,2537,69,0,0,-1.212281,0.22929771
134,67,0,11189,134,0,0,2.2135396,0.9014588
0,99,0,16352,0,0,0,-0.77462655,0.31547913
124,171,1,28337,124,0,0,-0.72275156,0.32678735
28,49,1,8119,28,0,0,-2.9024777,0.052031215
147,62,0,10378,147,0,0,1.1302793,0.7558904
21,105,0,17345,21,0,0,2.681119,0.9359033
1,112,0,18491,1,0,0,-0.83005846,0.3036327
160,60,0,10064,160,0,0,2.3020887,0.90904987
118,27,0,4568,118,0,0,3.8139992,0.9784163
41,175,0,28921,41,0,0,0.3924312,0.5968678
129,211,1,34943,129,0,0,2.8431277,0.9449624
79,188,0,31099,79,0,0,-0.5415916,0.36781743
161,68,1,11377,161,0,0,1.2596853,0.7789719
157,8,0,1475,157,0,0,-3.5291336,0.028494563
90,64,0,10650,90,0,0,0.22370961,0.5556953
142,212,1,35120,142,0,0,0.8991241,0.7107695
47,70,0,11599,47,0,0,-2.8239853,0.056041732
17,141,0,23283,17,0,0,-0.30216512,0.4250283
121,85,0,14145,121,0,0,-1.010618,0.26685894
38,187,0,30884,38,0,0,0.65044945,0.65711176
61,102,0,16891,61,0,0,-3.898174,0.019875845
148,110,0,18299,148,0,0,0.166287,0.54147625
9,160,1,26424,9,0,0,1.1701784,0.7631773
164,213,0,35306,164,0,0,-1.093512,0.25095752
149,126,0,20937,149,0,0,-1.7666025,0.14596535
67,210,0,34709,67,0,0,-0.4756602,0.38327742
56,66,1,10950,56,0,0,-0.5698795,0.36126465
140,58,0,9711,140,0,0,-0.8597182,0.2973982
47,100,0,16549,47,0,0,-0.17521295,0.45630848
31,24,0,3979,31,0,0,2.4342709,0.91940355
16,212,0,35002,16,0,0,0.8991241,0.7107695
133,169,0,28024,133,0,0,-2.2903948,0.09192159
91,184,1,30451,91,0,0,1.0853381,0.74750286
144,17,0,2950,144,0,0,-0.029760048,0.49256054
103,115,0,19092,103,0,0,-0.73210156,0.32473373
54,4,0,713,54,0,0,-0.69811064,0.33223125
130,105,1,17455,130,0,0,2.681119,0.9359033
129,187,0,30983,129,0,0,0.65044945,0.65711176
159,175,0,29034,159,0,0,0.3924312,0.5968678
86,92,0,15262,86,0,0,-1.9034204,0.12972184
52,65,1,10776,52,0,0,0.27131093,0.5674147
60,66,1,10962,60,0,0,-0.5698795,0.36126465
59,179,0,29591,59,0,0,-4.472768,0.011286829
115,47,0,7859,115,0,0,5.323983,0.9951503
7,127,0,20955,7,0,0,0.97098786,0.72531635
97,77,0,12801,97,0,0,-4.700327,0.009010379
159,113,0,18804,159,0,0,-8.208279,0.00027231502
47,127,0,21004,47,0,0,0.97098786,0.72531635
2,98,0,16176,2,0,0,-0.6287151,0.34780195
90,123,0,20385,90,0,0,-2.4279943,0.08106276
79,61,0,10144,79,0,0,2.373899,0.9148152
127,175,0,29000,127,0,0,0.3924312,0.5968678
106,57,1,9508,106,0,0,4.307292,0.98670906
41,169,0,27931,41,0,0,-2.2903948,0.09192159
7,211,0,34815,7,0,0,2.8431277,0.9449624
113,124,0,20561,113,0,0,-3.1635184,0.040561907
151,104,0,17314,151,0,0,0.6592166,0.6590844
32,36,0,5972,32,0,0,-7.329728,0.0006553221
71,52,0,8637,71,0,0,-0.6370729,0.34590852
164,40,1,6761,164,0,0,0.5982514,0.64525616
118,65,1,10838,118,0,0,0.27131093,0.5674147
64,17,0,2868,64,0,0,-0.029760048,0.49256054
124,79,0,13157,124,0,0,-3.39921,0.032320164
49,193,1,31886,49,0,0,3.8734593,0.9796369
79,200,0,33079,79,0,0,-0.7016182,0.33145356
17,48,0,7938,17,0,0,-2.4969263,0.07607394
4,208,0,34328,4,0,0,1.4279368,0.80657965
137,56,0,9377,137,0,0,0.5575964,0.6358962
119,79,0,13140,119,0,0,-3.39921,0.032320164
116,147,0,24357,116,0,0,-3.2721286,0.03653982
159,162,0,26889,159,0,0,-1.7663476,0.14599712
115,59,0,9839,115,0,0,1.2554069,0.7782344
135,28,0,4753,135,0,0,1.5404322,0.8235276
28,33,0,5479,28,0,0,-0.51278126,0.37454176
71,43,0,7152,71,0,0,-1.1414603,0.24205235
140,136,0,22581,140,0,0,0.6312155,0.65276504
37,207,0,34176,37,0,0,-3.4952805,0.029446814
136,185,0,30657,136,0,0,0.88764185,0.7084033
122,161,0,26688,122,0,0,-2.3605657,0.086229615
124,184,1,30482,124,0,0,1.0853381,0.74750286
119,185,0,30630,119,0,0,0.88764185,0.7084033
8,140,0,23104,8,0,0,-2.2864366,0.09225252
119,168,1,27825,119,0,0,-4.738065,0.008679579
121,177,0,29325,121,0,0,-0.39797235,0.4017996
156,24,0,4113,156,0,0,2.4342709,0.91940355
65,143,0,23661,65,0,0,-1.0126758,0.2664565
8,94,0,15514,8,0,0,-0.25244072,0.43722284
23,84,0,13865,23,0,0,1.6638818,0.8407584
72,142,0,23495,72,0,0,-0.42403874,0.39555073
2,148,0,24426,2,0,0,0.6483708,0.6566432
104,172,0,28480,104,0,0,-1.4617598,0.18819831
154,152,0,25240,154,0,0,-1.8155067,0.13997391
144,11,0,1960,144,0,0,-10.404184,3.030449e-05
164,217,0,35966,164,0,0,-0.9511688,0.27864984
48,50,0,8297,48,0,0,-1.8266549,0.13863724
80,24,0,4040,80,0,0,2.4342709,0.91940355
40,123,0,20340,40,0,0,-2.4279943,0.08106276
103,128,0,21237,103,0,0,-0.8148542,0.30685705
76,141,0,23329,76,0,0,-0.30216512,0.4250283
118,24,0,4073,118,0,0,2.4342709,0.91940355
160,120,0,19964,160,0,0,-4.1045628,0.01622949
115,29,0,4889,115,0,0,-0.34640875,0.41425356
71,78,0,12927,71,0,0,-0.025013804,0.49374688
152,88,0,14670,152,0,0,-5.5555143,0.0038511904
97,197,0,32601,97,0,0,-5.133575,0.005860894
13,35,1,5814,13,0,0,2.8851218,0.94710606
50,96,0,15898,50,0,0,-0.7005422,0.331692
111,146,1,24204,111,0,0,0.25773755,0.56408006
51,10,0,1700,51,0,0,0.89712363,0.710358
159,151,0,25074,159,0,0,-3.830502,0.021237884
9,103,0,17019,9,0,0,-0.4217812,0.3960906
123,141,0,23389,123,0,0,-0.30216512,0.4250283
136,86,0,14322,136,0,0,-4.75553,0.008530587
12,186,0,30691,12,0,0,-1.1687648,0.23707832
139,215,0,35613,139,0,0,-0.32257694,0.42004785
11,207,0,34186,11,0,0,-3.4952805,0.029446814
4,80,0,13208,4,0,0,-0.059322357,0.48517376
47,114,0,18859,47,0,0,2.3294578,0.9112875
1,101,0,16676,1,0,0,-2.8819857,0.053051293
129,163,0,27023,129,0,0,-0.14802814,0.4630604
50,101,0,16723,50,0,0,-2.8819857,0.053051293
75,199,1,32902,75,0,0,1.0903363,0.74844503
127,22,0,3755,127,0,0,-2.961879,0.04917807
21,167,0,27575,21,0,0,-1.4176092,0.19503665
154,49,0,8245,154,0,0,-2.9024777,0.052031215
77,105,1,17379,77,0,0,2.681119,0.9359033
8,198,0,32674,8,0,0,-0.5406706,0.3680316
74,22,0,3707,74,0,0,-2.961879,0.04917807
32,163,0,26927,32,0,0,-0.14802814,0.4630604
151,51,0,8569,151,0,0,-2.202098,0.09956226
50,127,0,21013,50,0,0,0.97098786,0.72531635
42,62,0,10270,42,0,0,1.1302793,0.7558904
29,204,0,33675,29,0,0,-1.7779512,0.1445563
1,29,0,4796,1,0,0,-0.34640875,0.41425356
14,207,0,34157,14,0,0,-3.4952805,0.029446814
82,76,0,12624,82,0,0,1.5490427,0.8247754
142,214,0,35450,142,0,0,0.30544943,0.57577413
155,201,0,33316,155,0,0,-3.224447,0.03825603
59,93,0,15401,59,0,0,-0.91739774,0.28548843
23,187,0,30860,23,0,0,0.65044945,0.65711176
51,52,0,8630,51,0,0,-0.6370729,0.34590852
13,7,0,1194,13,0,0,-3.8243132,0.021366913
130,140,1,23230,130,0,0,-2.2864366,0.09225252
109,80,1,13312,109,0,0,-0.059322357,0.48517376
131,16,0,2771,131,0,0,-0.33815083,0.41625872
161,109,1,18142,161,0,0,-1.6453142,0.16174325
86,59,0,9817,86,0,0,1.2554069,0.7782344
50,141,0,23323,50,0,0,-0.30216512,0.4250283
92,78,0,12962,92,0,0,-0.025013804,0.49374688
57,181,0,29939,57,0,0,-1.7510238,0.14791812
50,94,0,15568,50,0,0,-0.25244072,0.43722284
159,160,0,26559,159,0,0,1.1701784,0.7631773
149,26,0,4437,149,0,0,-1.9577229,0.123713695
123,64,1,10684,123,0,0,0.22370961,0.5556953
3,155,0,25585,3,0,0,-0.32563835,0.41930225
156,190,1,31503,156,0,0,-3.7208788,0.023640284
3,43,0,7105,3,0,0,-1.1414603,0.24205235
157,210,0,34805,157,0,0,-0.4756602,0.38327742
21,181,0,29885,21,0,0,-1.7510238,0.14791812
28,217,0,35839,28,0,0,-0.9511688,0.27864984
149,83,0,13842,149,0,0,0.86861223,0.70445687
17,87,0,14373,17,0,0,0.66993755,0.6614892
136,175,0,29007,136,0,0,0.3924312,0.5968678
3,82,0,13540,3,0,0,-0.21422713,0.4466471
15,50,1,8262,15,0,0,-1.8266549,0.13863724
85,4,0,748,85,0,0,-0.69811064,0.33223125
123,102,0,16954,123,0,0,-3.898174,0.019875845
53,56,0,9292,53,0,0,0.5575964,0.6358962
115,42,0,7034,115,0,0,-0.4071209,0.39960268
122,50,0,8373,122,0,0,-1.8266549,0.13863724
162,57,0,9568,162,0,0,4.307292,0.98670906
45,112,0,18522,45,0,0,-0.83005846,0.3036327
151,55,0,9229,151,0,0,-2.4251432,0.08127538
94,58,0,9663,94,0,0,-0.8597182,0.2973982
8,181,0,29869,8,0,0,-1.7510238,0.14791812
73,86,0,14259,73,0,0,-4.75553,0.008530587
132,91,0,15150,132,0,0,-0.20702364,0.44842815
136,44,0,7392,136,0,0,-0.48415,0.38127264
150,3,0,651,150,0,0,-1.6873546,0.15612406
17,153,0,25263,17,0,0,0.12152326,0.5303435
161,20,0,3457,161,0,0,-0.9151546,0.28594622
120,0,0,118,120,0,0,-2.6283884,0.06733359
60,80,0,13272,60,0,0,-0.059322357,0.48517376
48,156,1,25787,48,0,0,-0.16150811,0.4597105
6,139,0,22951,6,0,0,0.74813247,0.6787716
109,16,0,2752,109,0,0,-0.33815083,0.41625872
22,149,1,24588,22,0,0,-8.130502,0.0002943338
9,12,0,2004,9,0,0,1.1768677,0.76438415
101,67,0,11161,101,0,0,2.2135396,0.9014588
105,11,0,1931,105,0,0,-10.404184,3.030449e-05
120,45,0,7543,120,0,0,1.1304882,0.755929
78,147,0,24333,78,0,0,-3.2721286,0.03653982
157,175,1,29030,157,0,0,0.3924312,0.5968678
136,169,0,28017,136,0,0,-2.2903948,0.09192159
12,102,0,16831,12,0,0,-3.898174,0.019875845
61,101,0,16726,61,0,0,-2.8819857,0.053051293
35,92,0,15205,35,0,0,-1.9034204,0.12972184
58,139,0,23006,58,0,0,0.74813247,0.6787716
153,187,0,31007,153,0,0,0.65044945,0.65711176
95,75,0,12469,95,0,0,3.74163,0.976834
126,144,0,23889,126,0,0,-0.2694777,0.4330353
67,169,0,27944,67,0,0,-2.2903948,0.09192159
130,4,0,790,130,0,0,-0.69811064,0.33223125
117,75,0,12496,117,0,0,3.74163,0.976834
124,67,0,11177,124,0,0,2.2135396,0.9014588
136,56,0,9372,136,0,0,0.5575964,0.6358962
60,163,0,26967,60,0,0,-0.14802814,0.4630604
24,27,0,4492,24,0,0,3.8139992,0.9784163
5,106,0,17518,5,0,0,-1.7601573,0.14677064
41,170,0,28096,41,0,0,-1.2602379,0.22093293
88,180,0,29785,88,0,0,-1.239552,0.22451398
11,2,0,361,11,0,0,-1.2846,0.21676822
126,65,0,10854,126,0,0,0.27131093,0.5674147
58,30,0,5021,58,0,0,0.7758248,0.6847796
151,160,0,26554,151,0,0,1.1701784,0.7631773
6,25,0,4141,6,0,0,1.6360474,0.8369964
54,139,0,22988,54,0,0,0.74813247,0.6787716
8,168,0,27724,8,0,0,-4.738065,0.008679579
27,92,0,15215,27,0,0,-1.9034204,0.12972184
25,158,0,26106,25,0,0,1.3191829,0.78904575
77,163,0,26949,77,0,0,-0.14802814,0.4630604
79,144,0,23839,79,0,0,-0.2694777,0.4330353
70,12,1,2050,70,0,0,1.1768677,0.76438415
21,58,0,9590,21,0,0,-0.8597182,0.2973982
61,50,0,8311,61,0,0,-1.8266549,0.13863724
48,22,0,3677,48,0,0,-2.961879,0.04917807
25,175,0,28911,25,0,0,0.3924312,0.5968678
147,25,0,4273,147,0,0,1.6360474,0.8369964
144,61,0,10210,144,0,0,2.373899,0.9148152
23,130,0,21455,23,0,0,-0.9771749,0.2734527
141,61,0,10207,141,0,0,2.373899,0.9148152
81,16,1,2723,81,0,0,-0.33815083,0.41625872
78,177,1,29283,78,0,0,-0.39797235,0.4017996
50,40,0,6658,50,0,0,0.5982514,0.64525616
11,54,0,8941,11,0,0,-2.8636465,0.053980183
77,141,0,23319,77,0,0,-0.30216512,0.4250283
48,102,0,16877,48,0,0,-3.898174,0.019875845
19,106,1,17523,19,0,0,-1.7601573,0.14677064
43,27,1,4503,43,0,0,3.8139992,0.9784163
17,18,0,2988,17,0,0,-2.078091,0.111244574
147,178,0,29518,147,0,0,-2.9037356,0.051969204
2,105,0,17331,2,0,0,2.681119,0.9359033
126,185,0,30654,126,0,0,0.88764185,0.7084033
70,130,0,21520,70,0,0,-0.9771749,0.2734527
45,204,0,33702,45,0,0,-1.7779512,0.1445563
63,36,1,6015,63,0,0,-7.329728,0.0006553221
144,162,0,26875,144,0,0,-1.7663476,0.14599712
6,33,0,5461,6,0,0,-0.51278126,0.37454176
34,54,0,8923,34,0,0,-2.8636465,0.053980183
93,186,0,30785,93,0,0,-1.1687648,0.23707832
114,108,0,17927,114,0,0,1.1149006,0.7530416
156,134,0,22263,156,0,0,1.7873898,0.85660696
130,132,0,21910,130,0,0,2.6511521,0.934082
136,167,0,27687,136,0,0,-1.4176092,0.19503665
141,179,0,29677,141,0,0,-4.472768,0.011286829
161,54,1,9067,161,0,0,-2.8636465,0.053980183
63,166,0,27465,63,0,0,2.7208607,0.9382464
129,178,0,29498,129,0,0,-2.9037356,0.051969204
19,88,0,14553,19,0,0,-5.5555143,0.0038511904
69,95,0,15737,69,0,0,-6.1478186,0.002133579
147,203,0,33643,147,0,0,-2.6337276,0.06699906
161,49,0,8242,161,0,0,-2.9024777,0.052031215
95,111,0,18409,95,0,0,2.9755948,0.95145935
89,166,0,27479,89,0,0,2.7208607,0.9382464
85,113,0,18733,85,0,0,-8.208279,0.00027231502
35,154,0,25435,35,0,0,-2.4342835,0.08059549
143,67,0,11198,143,0,0,2.2135396,0.9014588
72,139,0,23000,72,0,0,0.74813247,0.6787716
103,99,0,16452,103,0,0,-0.77462655,0.31547913
136,174,1,28842,136,0,0,2.8199017,0.94374186
102,205,1,33940,102,0,0,3.0824637,0.9561636
81,152,0,25163,81,0,0,-1.8155067,0.13997391
162,136,0,22603,162,0,0,0.6312155,0.65276504
121,212,0,35100,121,0,0,0.8991241,0.7107695
31,114,0,18829,31,0,0,2.3294578,0.9112875
34,35,0,5788,34,0,0,2.8851218,0.94710606
19,132,1,21813,19,0,0,2.6511521,0.934082
117,156,1,25861,117,0,0,-0.16150811,0.4597105
164,71,0,11876,164,0,0,-4.3468447,0.012782104
129,57,1,9533,129,0,0,4.307292,0.98670906
146,59,0,9879,146,0,0,1.2554069,0.7782344
53,116,0,19192,53,0,0,-1.2288566,0.22638161
31,41,0,6784,31,0,0,4.0977917,0.98366207
89,102,0,16919,89,0,0,-3.898174,0.019875845
78,131,0,21693,78,0,0,-3.1999748,0.03916667
0,148,0,24437,0,0,0,0.6483708,0.6566432
88,150,0,24835,88,0,0,0.1452004,0.53623646
16,102,0,16852,16,0,0,-3.898174,0.019875845
31,8,0,1339,31,0,0,-3.5291336,0.028494563
109,93,0,15457,109,0,0,-0.91739774,0.28548843
143,22,0,3773,143,0,0,-2.961879,0.04917807
98,9,0,1582,98,0,0,-1.5924311,0.16904214
44,75,0,12419,44,0,0,3.74163,0.976834
67,95,0,15734,67,0,0,-6.1478186,0.002133579
83,59,0,9816,83,0,0,1.2554069,0.7782344
144,167,0,27700,144,0,0,-1.4176092,0.19503665
117,84,1,13981,117,0,0,1.6638818,0.8407584
55,102,0,16906,55,0,0,-3.898174,0.019875845
150,82,0,13686,150,0,0,-0.21422713,0.4466471
54,116,0,19193,54,0,0,-1.2288566,0.22638161
23,112,0,18485,23,0,0,-0.83005846,0.3036327
50,175,0,28933,50,0,0,0.3924312,0.5968678
164,58,0,9731,164,0,0,-0.8597182,0.2973982
23,70,0,11555,23,0,0,-2.8239853,0.056041732
107,84,0,13969,107,0,0,1.6638818,0.8407584
97,121,1,20061,97,0,0,-5.4067316,0.0044662426
19,73,0,12078,19,0,0,1.9125028,0.87130004
136,126,0,20922,136,0,0,-1.7666025,0.14596535
129,16,0,2768,129,0,0,-0.33815083,0.41625872
24,36,0,5977,24,0,0,-7.329728,0.0006553221
36,27,0,4478,36,0,0,3.8139992,0.9784163
12,171,0,28216,12,0,0,-0.72275156,0.32678735
45,131,0,21657,45,0,0,-3.1999748,0.03916667
128,175,0,29001,128,0,0,0.3924312,0.5968678
64,49,1,8148,64,0,0,-2.9024777,0.052031215
72,58,1,9635,72,0,0,-0.8597182,0.2973982
149,59,0,9882,149,0,0,1.2554069,0.7782344
36,94,0,15533,36,0,0,-0.25244072,0.43722284
91,66,1,10981,91,0,0,-0.5698795,0.36126465
112,196,1,32448,112,0,0,2.8387551,0.9447345
53,89,0,14737,53,0,0,-0.22568604,0.44381675
5,178,0,29398,5,0,0,-2.9037356,0.051969204
128,135,0,22401,128,0,0,2.9254026,0.949088
114,110,0,18257,114,0,0,0.166287,0.54147625
103,14,1,2427,103,0,0,2.7703085,0.9410501
41,135,1,22321,41,0,0,2.9254026,0.949088
73,51,0,8484,73,0,0,-2.202098,0.09956226
36,156,0,25763,36,0,0,-0.16150811,0.4597105
56,200,0,33060,56,0,0,-0.7016182,0.33145356
59,84,0,13916,59,0,0,1.6638818,0.8407584
114,122,0,20237,114,0,0,-0.67312354,0.3377978
59,88,0,14576,59,0,0,-5.5555143,0.0038511904
123,5,0,949,123,0,0,-4.3107796,0.013245288
64,148,0,24483,64,0,0,0.6483708,0.6566432
66,54,0,8965,66,0,0,-2.8636465,0.053980183
17,27,0,4473,17,0,0,3.8139992,0.9784163
151,92,0,15334,151,0,0,-1.9034204,0.12972184
112,12,1,2088,112,0,0,1.1768677,0.76438415
38,184,0,30389,38,0,0,1.0853381,0.74750286
30,207,0,34182,30,0,0,-3.4952805,0.029446814
20,126,0,20797,20,0,0,-1.7666025,0.14596535
97,184,1,30456,97,0,0,1.0853381,0.74750286
29,35,0,5790,29,0,0,2.8851218,0.94710606
140,96,0,15981,140,0,0,-0.7005422,0.331692
32,94,1,15542,32,0,0,-0.25244072,0.43722284
100,5,0,936,100,0,0,-4.3107796,0.013245288
11,149,0,24616,11,0,0,-8.130502,0.0002943338
21,13,0,2165,21,0,0,-1.401005,0.19765668
154,19,0,3295,154,0,0,-2.4047847,0.08280857
136,87,0,14487,136,0,0,0.66993755,0.6614892
1,186,0,30701,1,0,0,-1.1687648,0.23707832
25,139,0,22971,25,0,0,0.74813247,0.6787716
11,119,0,19666,11,0,0,3.6162086,0.97381943
77,68,0,11274,77,0,0,1.2596853,0.7789719
153,169,0,28037,153,0,0,-2.2903948,0.09192159
49,178,0,29411,49,0,0,-2.9037356,0.051969204
103,31,1,5232,103,0,0,-2.0365837,0.11541507
60,191,0,31587,60,0,0,-1.0265948,0.2637448
49,121,1,20006,49,0,0,-5.4067316,0.0044662426
27,164,0,27095,27,0,0,0.026692986,0.50667286
126,140,0,23229,126,0,0,-2.2864366,0.09225252
46,124,0,20503,46,0,0,-3.1635184,0.040561907
85,37,0,6193,85,0,0,-0.4699734,0.38462254
152,71,0,11865,152,0,0,-4.3468447,0.012782104
63,146,0,24165,63,0,0,0.25773755,0.56408006
73,205,1,33894,73,0,0,3.0824637,0.9561636
153,204,0,33812,153,0,0,-1.7779512,0.1445563
141,215,0,35617,141,0,0,-0.32257694,0.42004785
46,208,0,34363,46,0,0,1.4279368,0.80657965
35,48,0,7945,35,0,0,-2.4969263,0.07607394
81,97,0,16088,81,0,0,-1.0007296,0.268798
106,138,0,22873,106,0,0,0.21283814,0.55300957
75,197,0,32572,75,0,0,-5.133575,0.005860894
83,35,0,5856,83,0,0,2.8851218,0.94710606
111,103,1,17109,111,0,0,-0.4217812,0.3960906
4,127,0,20963,4,0,0,0.97098786,0.72531635
36,126,0,20813,36,0,0,-1.7666025,0.14596535
120,66,1,11008,120,0,0,-0.5698795,0.36126465
121,38,1,6390,121,0,0,-2.0364141,0.115432374
135,53,0,8878,135,0,0,1.8304937,0.8618205
163,4,0,822,163,0,0,-0.69811064,0.33223125
82,75,1,12459,82,0,0,3.74163,0.976834
52,14,0,2361,52,0,0,2.7703085,0.9410501
157,46,0,7745,157,0,0,-1.5868907,0.1698218
31,12,0,1999,31,0,0,1.1768677,0.76438415
124,84,1,13982,124,0,0,1.6638818,0.8407584
68,147,0,24323,68,0,0,-3.2721286,0.03653982
7,60,0,9900,7,0,0,2.3020887,0.90904987
159,108,0,17979,159,0,0,1.1149006,0.7530416
148,156,0,25889,148,0,0,-0.16150811,0.4597105
84,26,0,4376,84,0,0,-1.9577229,0.123713695
45,149,0,24627,45,0,0,-8.130502,0.0002943338
47,93,0,15394,47,0,0,-0.91739774,0.28548843
115,85,0,14129,115,0,0,-1.010618,0.26685894
13,211,0,34854,13,0,0,2.8431277,0.9449624
98,146,0,24187,98,0,0,0.25773755,0.56408006
65,119,0,19701,65,0,0,3.6162086,0.97381943
59,167,0,27611,59,0,0,-1.4176092,0.19503665
34,15,0,2488,34,0,0,-1.212281,0.22929771
35,121,0,19990,35,0,0,-5.4067316,0.0044662426
14,208,0,34322,14,0,0,1.4279368,0.80657965
127,118,0,19595,127,0,0,-1.6515181,0.16090389
64,90,0,14913,64,0,0,-0.5269166,0.37123632
105,164,1,27176,105,0,0,0.026692986,0.50667286
50,136,0,22498,50,0,0,0.6312155,0.65276504
101,80,0,13306,101,0,0,-0.059322357,0.48517376
30,71,0,11742,30,0,0,-4.3468447,0.012782104
127,11,0,1940,127,0,0,-10.404184,3.030449e-05
69,211,1,34877,69,0,0,2.8431277,0.9449624
104,81,0,13465,104,0,0,0.2535166,0.56304187
147,82,0,13678,147,0,0,-0.21422713,0.4466471
0,19,0,3152,0,0,0,-2.4047847,0.08280857
5,163,0,26923,5,0,0,-0.14802814,0.4630604
101,194,0,32116,101,0,0,-1.0653789,0.2562829
49,206,1,34031,49,0,0,-0.48542544,0.38097182
89,210,0,34739,89,0,0,-0.4756602,0.38327742
140,161,0,26706,140,0,0,-2.3605657,0.086229615
130,208,0,34450,130,0,0,1.4279368,0.80657965
113,155,0,25676,113,0,0,-0.32563835,0.41930225
69,81,0,13427,69,0,0,0.2535166,0.56304187
164,51,0,8576,164,0,0,-2.202098,0.09956226
55,103,0,17071,55,0,0,-0.4217812,0.3960906
37,16,0,2661,37,0,0,-0.33815083,0.41625872
117,135,1,22396,117,0,0,2.9254026,0.949088
90,154,0,25500,90,0,0,-2.4342835,0.08059549
6,205,0,33841,6,0,0,3.0824637,0.9561636
28,73,0,12079,28,0,0,1.9125028,0.87130004
1,166,0,27401,1,0,0,2.7208607,0.9382464
162,128,0,21283,162,0,0,-0.8148542,0.30685705
133,66,0,11029,133,0,0,-0.5698795,0.36126465
36,105,0,17348,36,0,0,2.681119,0.9359033
126,52,0,8709,126,0,0,-0.6370729,0.34590852
53,31,1,5167,53,0,0,-2.0365837,0.11541507
48,92,0,15227,48,0,0,-1.9034204,0.12972184
43,3,0,543,43,0,0,-1.6873546,0.15612406
103,35,1,5892,103,0,0,2.8851218,0.94710606
98,46,0,7687,98,0,0,-1.5868907,0.1698218
27,136,0,22475,27,0,0,0.6312155,0.65276504
12,189,0,31186,12,0,0,0.13692778,0.53417856
101,166,0,27496,101,0,0,2.7208607,0.9382464
91,41,0,6856,91,0,0,4.0977917,0.98366207
2,159,0,26241,2,0,0,-2.837,0.055357214
48,7,0,1202,48,0,0,-3.8243132,0.021366913
38,108,0,17849,38,0,0,1.1149006,0.7530416
9,45,0,7449,9,0,0,1.1304882,0.755929
159,104,0,17319,159,0,0,0.6592166,0.6590844
31,17,0,2824,31,0,0,-0.029760048,0.49256054
99,158,0,26168,99,0,0,1.3191829,0.78904575
65,29,0,4851,65,0,0,-0.34640875,0.41425356
97,106,1,17586,97,0,0,-1.7601573,0.14677064
80,184,0,30440,80,0,0,1.0853381,0.74750286
15,17,0,2817,15,0,0,-0.029760048,0.49256054
34,165,0,27238,34,0,0,-0.006789565,0.4983026
2,141,0,23271,2,0,0,-0.30216512,0.4250283
21,4,1,680,21,0,0,-0.69811064,0.33223125
8,162,0,26734,8,0,0,-1.7663476,0.14599712
132,195,0,32310,132,0,0,-0.04642749,0.4883952
79,210,0,34729,79,0,0,-0.4756602,0.38327742
46,120,0,19843,46,0,0,-4.1045628,0.01622949
160,212,0,35144,160,0,0,0.8991241,0.7107695
140,49,0,8226,140,0,0,-2.9024777,0.052031215
48,194,0,32057,48,0,0,-1.0653789,0.2562829
66,188,0,31075,66,0,0,-0.5415916,0.36781743
141,25,1,4267,141,0,0,1.6360474,0.8369964
59,77,0,12761,59,0,0,-4.700327,0.009010379
150,192,0,31836,150,0,0,-1.5278697,0.17830558
35,2,0,355,35,0,0,-1.2846,0.21676822
89,70,0,11639,89,0,0,-2.8239853,0.056041732
157,7,0,1310,157,0,0,-3.8243132,0.021366913
110,108,0,17939,110,0,0,1.1149006,0.7530416
145,76,0,12686,145,0,0,1.5490427,0.8247754
112,52,0,8688,112,0,0,-0.6370729,0.34590852
20,159,0,26242,20,0,0,-2.837,0.055357214
97,189,0,31281,97,0,0,0.13692778,0.53417856
110,132,0,21899,110,0,0,2.6511521,0.934082
95,187,0,30949,95,0,0,0.65044945,0.65711176
13,45,0,7464,13,0,0,1.1304882,0.755929
114,66,1,10997,114,0,0,-0.5698795,0.36126465
41,110,0,18196,41,0,0,0.166287,0.54147625
85,38,0,6358,85,0,0,-2.0364141,0.115432374
22,169,0,27888,22,0,0,-2.2903948,0.09192159
17,23,0,3813,17,0,0,2.125312,0.89333916
74,6,0,1067,74,0,0,-3.6607282,0.025069159
145,152,0,25226,145,0,0,-1.8155067,0.13997391
143,13,0,2288,143,0,0,-1.401005,0.19765668
46,80,1,13243,46,0,0,-0.059322357,0.48517376
123,116,0,19264,123,0,0,-1.2288566,0.22638161
98,96,0,15937,98,0,0,-0.7005422,0.331692
124,161,0,26687,124,0,0,-2.3605657,0.086229615
43,67,0,11103,43,0,0,2.2135396,0.9014588
26,60,0,9909,26,0,0,2.3020887,0.90904987
86,205,1,33907,86,0,0,3.0824637,0.9561636
32,89,0,14717,32,0,0,-0.22568604,0.44381675
65,89,0,14751,65,0,0,-0.22568604,0.44381675
33,197,0,32531,33,0,0,-5.133575,0.005860894
113,208,0,34421,113,0,0,1.4279368,0.80657965
106,188,0,31123,106,0,0,-0.5415916,0.36781743
37,69,1,11406,37,0,0,-0.9257092,0.28379604
142,122,1,20270,142,0,0,-0.67312354,0.3377978
148,109,0,18134,148,0,0,-1.6453142,0.16174325
100,199,1,32946,100,0,0,1.0903363,0.74844503
85,121,0,20053,85,0,0,-5.4067316,0.0044662426
56,153,1,25305,56,0,0,0.12152326,0.5303435
97,47,1,7851,97,0,0,5.323983,0.9951503
130,47,0,7885,130,0,0,5.323983,0.9951503
104,189,0,31285,104,0,0,0.13692778,0.53417856
114,154,0,25517,114,0,0,-2.4342835,0.08059549
84,124,0,20546,84,0,0,-3.1635184,0.040561907
33,1,0,191,33,0,0,-2.0700302,0.11204404
152,43,0,7245,152,0,0,-1.1414603,0.24205235
80,211,1,34895,80,0,0,2.8431277,0.9449624
22,64,0,10563,22,0,0,0.22370961,0.5556953
81,201,0,33248,81,0,0,-3.224447,0.03825603
70,97,0,16075,70,0,0,-1.0007296,0.268798
161,65,1,10882,161,0,0,0.27131093,0.5674147
163,166,0,27552,163,0,0,2.7208607,0.9382464
104,14,1,2410,104,0,0,2.7703085,0.9410501
110,77,0,12824,110,0,0,-4.700327,0.009010379
139,207,1,34293,139,0,0,-3.4952805,0.029446814
75,85,0,14092,75,0,0,-1.010618,0.26685894
109,205,1,33937,109,0,0,3.0824637,0.9561636
147,121,0,20113,147,0,0,-5.4067316,0.0044662426
137,166,0,27527,137,0,0,2.7208607,0.9382464
44,83,0,13739,44,0,0,0.86861223,0.70445687
107,125,0,20734,107,0,0,-1.9668355,0.12272919
104,125,1,20725,104,0,0,-1.9668355,0.12272919
9,173,0,28569,9,0,0,0.9896576,0.7290203
25,1,0,201,25,0,0,-2.0700302,0.11204404
27,61,0,10100,27,0,0,2.373899,0.9148152
66,8,0,1375,66,0,0,-3.5291336,0.028494563
23,60,0,9905,23,0,0,2.3020887,0.90904987
106,74,0,12313,106,0,0,-0.62289315,0.34912375
105,26,0,4406,105,0,0,-1.9577229,0.123713695
49,14,0,2351,49,0,0,2.7703085,0.9410501
11,177,0,29236,11,0,0,-0.39797235,0.4017996
92,21,0,3557,92,0,0,0.48414403,0.61872596
155,143,0,23746,155,0,0,-1.0126758,0.2664565
39,116,0,19154,39,0,0,-1.2288566,0.22638161
142,156,0,25880,142,0,0,-0.16150811,0.4597105
2,35,0,5781,2,0,0,2.8851218,0.94710606
97,115,1,19071,97,0,0,-0.73210156,0.32473373
112,64,0,10668,112,0,0,0.22370961,0.5556953
76,83,0,13759,76,0,0,0.86861223,0.70445687
16,215,1,35497,16,0,0,-0.32257694,0.42004785
98,169,0,27982,98,0,0,-2.2903948,0.09192159
21,125,0,20645,21,0,0,-1.9668355,0.12272919
155,88,0,14671,155,0,0,-5.5555143,0.0038511904
117,163,0,27016,117,0,0,-0.14802814,0.4630604
96,89,1,14784,96,0,0,-0.22568604,0.44381675
138,84,0,13996,138,0,0,1.6638818,0.8407584
114,127,0,21062,114,0,0,0.97098786,0.72531635
64,122,1,20193,64,0,0,-0.67312354,0.3377978
119,16,0,2745,119,0,0,-0.33815083,0.41625872
30,78,0,12897,30,0,0,-0.025013804,0.49374688
55,163,0,26971,55,0,0,-0.14802814,0.4630604
92,43,0,7187,92,0,0,-1.1414603,0.24205235
150,62,1,10386,150,0,0,1.1302793,0.7558904
137,25,1,4262,137,0,0,1.6360474,0.8369964
51,18,0,3020,51,0,0,-2.078091,0.111244574
90,179,0,29625,90,0,0,-4.472768,0.011286829
15,148,1,24432,15,0,0,0.6483708,0.6566432
105,99,0,16451,105,0,0,-0.77462655,0.31547913
87,56,1,9327,87,0,0,0.5575964,0.6358962
36,188,0,31043,36,0,0,-0.5415916,0.36781743
119,58,0,9675,119,0,0,-0.8597182,0.2973982
95,142,0,23524,95,0,0,-0.42403874,0.39555073
125,134,0,22237,125,0,0,1.7873898,0.85660696
23,15,0,2480,23,0,0,-1.212281,0.22929771
137,125,1,20762,137,0,0,-1.9668355,0.12272919
13,140,1,23139,13,0,0,-2.2864366,0.09225252
137,79,0,13172,137,0,0,-3.39921,0.032320164
134,107,0,17789,134,0,0,-2.4728017,0.07778701
138,110,1,18286,138,0,0,0.166287,0.54147625
154,181,0,30025,154,0,0,-1.7510238,0.14791812
154,73,0,12205,154,0,0,1.9125028,0.87130004
50,183,0,30253,50,0,0,-1.6336029,0.16333741
5,117,1,19333,5,0,0,-1.0122952,0.2665309
147,176,0,29188,147,0,0,-3.5805154,0.027106123
34,148,0,24433,34,0,0,0.6483708,0.6566432
52,169,0,27936,52,0,0,-2.2903948,0.09192159
111,98,1,16284,111,0,0,-0.6287151,0.34780195
107,114,0,18919,107,0,0,2.3294578,0.9112875
87,72,1,11967,87,0,0,0.93011564,0.7170988
138,210,0,34786,138,0,0,-0.4756602,0.38327742
93,132,0,21875,93,0,0,2.6511521,0.934082
162,112,0,18643,162,0,0,-0.83005846,0.3036327
34,97,0,16018,34,0,0,-1.0007296,0.268798
33,114,0,18836,33,0,0,2.3294578,0.9112875
93,134,0,22205,93,0,0,1.7873898,0.85660696
16,86,0,14212,16,0,0,-4.75553,0.008530587
101,38,0,6376,101,0,0,-2.0364141,0.115432374
31,150,0,24769,31,0,0,0.1452004,0.53623646
92,25,0,4217,92,0,0,1.6360474,0.8369964
55,147,0,24331,55,0,0,-3.2721286,0.03653982
20,6,0,997,20,0,0,-3.6607282,0.025069159
148,59,0,9884,148,0,0,1.2554069,0.7782344
66,155,0,25630,66,0,0,-0.32563835,0.41930225
36,84,0,13883,36,0,0,1.6638818,0.8407584
74,116,1,19217,74,0,0,-1.2288566,0.22638161
74,85,1,14102,74,0,0,-1.010618,0.26685894
88,39,0,6520,88,0,0,1.7614534,0.8533916
151,56,0,9394,151,0,0,0.5575964,0.6358962
143,70,0,11693,143,0,0,-2.8239853,0.056041732
163,62,0,10392,163,0,0,1.1302793,0.7558904
110,161,0,26684,110,0,0,-2.3605657,0.086229615
25,187,0,30891,25,0,0,0.65044945,0.65711176
156,39,1,6588,156,0,0,1.7614534,0.8533916
145,149,0,24731,145,0,0,-8.130502,0.0002943338
7,159,0,26235,7,0,0,-2.837,0.055357214
85,209,1,34573,85,0,0,-1.9596634,0.123503484
112,124,0,20568,112,0,0,-3.1635184,0.040561907
13,100,0,16539,13,0,0,-0.17521295,0.45630848
147,28,0,4768,147,0,0,1.5404322,0.8235276
96,98,1,16269,96,0,0,-0.6287151,0.34780195
103,198,0,32787,103,0,0,-0.5406706,0.3680316
27,21,1,3500,27,0,0,0.48414403,0.61872596
129,128,0,21248,129,0,0,-0.8148542,0.30685705
139,111,0,18453,139,0,0,2.9755948,0.95145935
2,52,0,8586,2,0,0,-0.6370729,0.34590852
127,150,0,24875,127,0,0,0.1452004,0.53623646
128,44,0,7386,128,0,0,-0.48415,0.38127264
21,24,0,3980,21,0,0,2.4342709,0.91940355
122,214,1,35433,122,0,0,0.30544943,0.57577413
140,213,0,35286,140,0,0,-1.093512,0.25095752
119,133,0,22050,119,0,0,-3.5224102,0.028681276
73,88,0,14589,73,0,0,-5.5555143,0.0038511904
163,135,1,22437,163,0,0,2.9254026,0.949088
9,144,0,23784,9,0,0,-0.2694777,0.4330353
108,149,0,24695,108,0,0,-8.130502,0.0002943338
43,96,0,15888,43,0,0,-0.7005422,0.331692
93,72,0,11975,93,0,0,0.93011564,0.7170988
129,194,0,32138,129,0,0,-1.0653789,0.2562829
140,98,0,16311,140,0,0,-0.6287151,0.34780195
46,161,0,26608,46,0,0,-2.3605657,0.086229615
15,201,1,33177,15,0,0,-3.224447,0.03825603
151,200,0,33154,151,0,0,-0.7016182,0.33145356
131,144,0,23891,131,0,0,-0.2694777,0.4330353
62,217,0,35878,62,0,0,-0.9511688,0.27864984
101,16,0,2746,101,0,0,-0.33815083,0.41625872
159,14,0,2469,159,0,0,2.7703085,0.9410501
88,9,0,1570,88,0,0,-1.5924311,0.16904214
70,46,0,7660,70,0,0,-1.5868907,0.1698218
47,92,0,15229,47,0,0,-1.9034204,0.12972184
12,79,0,13036,12,0,0,-3.39921,0.032320164
128,103,0,17121,128,0,0,-0.4217812,0.3960906
18,172,0,28418,18,0,0,-1.4617598,0.18819831
3,66,0,10900,3,0,0,-0.5698795,0.36126465
95,150,0,24844,95,0,0,0.1452004,0.53623646
91,79,0,13126,91,0,0,-3.39921,0.032320164
16,26,0,4312,16,0,0,-1.9577229,0.123713695
26,148,0,24429,26,0,0,0.6483708,0.6566432
70,40,0,6670,70,0,0,0.5982514,0.64525616
86,14,0,2392,86,0,0,2.7703085,0.9410501
116,155,0,25677,116,0,0,-0.32563835,0.41930225
5,208,0,34348,5,0,0,1.4279368,0.80657965
44,24,0,4004,44,0,0,2.4342709,0.91940355
147,122,0,20278,147,0,0,-0.67312354,0.3377978
112,49,0,8193,112,0,0,-2.9024777,0.052031215
125,90,1,14977,125,0,0,-0.5269166,0.37123632
132,176,1,29175,132,0,0,-3.5805154,0.027106123
110,4,0,779,110,0,0,-0.69811064,0.33223125
136,206,0,34122,136,0,0,-0.48542544,0.38097182
158,80,1,13358,158,0,0,-0.059322357,0.48517376
9,65,0,10749,9,0,0,0.27131093,0.5674147
139,32,0,5418,139,0,0,0.9187327,0.7147838
122,88,0,14643,122,0,0,-5.5555143,0.0038511904
159,131,0,21774,159,0,0,-3.1999748,0.03916667
102,161,0,26680,102,0,0,-2.3605657,0.086229615
97,27,0,4551,97,0,0,3.8139992,0.9784163
6,15,0,2491,6,0,0,-1.212281,0.22929771
84,164,0,27146,84,0,0,0.026692986,0.50667286
80,186,0,30770,80,0,0,-1.1687648,0.23707832
156,67,0,11208,156,0,0,2.2135396,0.9014588
73,132,0,21849,73,0,0,2.6511521,0.934082
98,90,0,14947,98,0,0,-0.5269166,0.37123632
105,155,0,25691,105,0,0,-0.32563835,0.41930225
1,210,0,34661,1,0,0,-0.4756602,0.38327742
139,152,0,25218,139,0,0,-1.8155067,0.13997391
41,134,1,22156,41,0,0,1.7873898,0.85660696
123,67,0,11179,123,0,0,2.2135396,0.9014588
141,193,1,31987,141,0,0,3.8734593,0.9796369
107,171,0,28324,107,0,0,-0.72275156,0.32678735
109,39,1,6547,109,0,0,1.7614534,0.8533916
2,162,0,26736,2,0,0,-1.7663476,0.14599712
6,118,0,19486,6,0,0,-1.6515181,0.16090389
160,150,0,24914,160,0,0,0.1452004,0.53623646
137,196,0,32477,137,0,0,2.8387551,0.9447345
141,164,0,27202,141,0,0,0.026692986,0.50667286
12,151,0,24916,12,0,0,-3.830502,0.021237884
127,79,0,13160,127,0,0,-3.39921,0.032320164
136,97,1,16137,136,0,0,-1.0007296,0.268798
132,0,0,135,132,0,0,-2.6283884,0.06733359
79,119,0,19714,79,0,0,3.6162086,0.97381943
46,169,0,27928,46,0,0,-2.2903948,0.09192159
142,3,0,635,142,0,0,-1.6873546,0.15612406
131,111,1,18446,131,0,0,2.9755948,0.95145935
2,127,0,20961,2,0,0,0.97098786,0.72531635
35,55,0,9100,35,0,0,-2.4251432,0.08127538
18,46,0,7628,18,0,0,-1.5868907,0.1698218
146,151,0,25059,146,0,0,-3.830502,0.021237884
85,138,0,22858,85,0,0,0.21283814,0.55300957
77,74,0,12264,77,0,0,-0.62289315,0.34912375
69,86,0,14252,69,0,0,-4.75553,0.008530587
80,216,0,35720,80,0,0,2.892348,0.94746685
152,8,0,1470,152,0,0,-3.5291336,0.028494563
95,24,0,4054,95,0,0,2.4342709,0.91940355
102,138,0,22885,102,0,0,0.21283814,0.55300957
26,186,0,30699,26,0,0,-1.1687648,0.23707832
15,198,0,32682,15,0,0,-0.5406706,0.3680316
26,18,0,2979,26,0,0,-2.078091,0.111244574
49,202,1,33371,49,0,0,-2.6920795,0.06344234
84,118,1,19556,84,0,0,-1.6515181,0.16090389
65,67,0,11121,65,0,0,2.2135396,0.9014588
138,184,0,30496,138,0,0,1.0853381,0.74750286
15,70,0,11562,15,0,0,-2.8239853,0.056041732
5,24,0,3988,5,0,0,2.4342709,0.91940355
16,39,0,6457,16,0,0,1.7614534,0.8533916
161,212,0,35137,161,0,0,0.8991241,0.7107695
5,93,0,15373,5,0,0,-0.91739774,0.28548843
28,70,0,11584,28,0,0,-2.8239853,0.056041732
22,46,0,7593,22,0,0,-1.5868907,0.1698218
1,190,0,31361,1,0,0,-3.7208788,0.023640284
120,137,1,22723,120,0,0,-1.5596728,0.1736936
91,152,0,25171,91,0,0,-1.8155067,0.13997391
118,130,0,21563,118,0,0,-0.9771749,0.2734527
158,149,0,24743,158,0,0,-8.130502,0.0002943338
145,69,0,11531,145,0,0,-0.9257092,0.28379604
134,100,0,16634,134,0,0,-0.17521295,0.45630848
102,64,1,10675,102,0,0,0.22370961,0.5556953
27,25,0,4160,27,0,0,1.6360474,0.8369964
24,89,0,14722,24,0,0,-0.22568604,0.44381675
140,90,0,14991,140,0,0,-0.5269166,0.37123632
140,112,0,18621,140,0,0,-0.83005846,0.3036327
49,129,0,21326,49,0,0,-1.8620393,0.13446553
94,111,0,18408,94,0,0,2.9755948,0.95145935
141,62,0,10372,141,0,0,1.1302793,0.7558904
52,135,1,22326,52,0,0,2.9254026,0.949088
55,67,0,11131,55,0,0,2.2135396,0.9014588
31,28,0,4639,31,0,0,1.5404322,0.8235276
121,54,0,9030,121,0,0,-2.8636465,0.053980183
38,65,0,10754,38,0,0,0.27131093,0.5674147
22,29,0,4788,22,0,0,-0.34640875,0.41425356
26,71,0,11724,26,0,0,-4.3468447,0.012782104
118,38,0,6383,118,0,0,-2.0364141,0.115432374
158,28,0,4778,158,0,0,1.5404322,0.8235276
95,78,0,12964,95,0,0,-0.025013804,0.49374688
73,38,0,6339,73,0,0,-2.0364141,0.115432374
53,158,0,26122,53,0,0,1.3191829,0.78904575
15,62,0,10242,15,0,0,1.1302793,0.7558904
87,89,1,14772,87,0,0,-0.22568604,0.44381675
16,76,0,12562,16,0,0,1.5490427,0.8247754
12,211,0,34816,12,0,0,2.8431277,0.9449624
29,78,0,12885,29,0,0,-0.025013804,0.49374688
95,124,0,20554,95,0,0,-3.1635184,0.040561907
120,114,0,18928,120,0,0,2.3294578,0.9112875
42,170,0,28090,42,0,0,-1.2602379,0.22093293
27,4,1,695,27,0,0,-0.69811064,0.33223125
14,193,0,31847,14,0,0,3.8734593,0.9796369
147,186,0,30838,147,0,0,-1.1687648,0.23707832
95,215,0,35569,95,0,0,-0.32257694,0.42004785
148,124,1,20609,148,0,0,-3.1635184,0.040561907
56,160,0,26460,56,0,0,1.1701784,0.7631773
159,166,0,27549,159,0,0,2.7208607,0.9382464
33,98,0,16196,33,0,0,-0.6287151,0.34780195
120,189,0,31303,120,0,0,0.13692778,0.53417856
140,186,0,30831,140,0,0,-1.1687648,0.23707832
128,203,0,33621,128,0,0,-2.6337276,0.06699906
133,16,0,2779,133,0,0,-0.33815083,0.41625872
120,135,1,22393,120,0,0,2.9254026,0.949088
64,109,0,18048,64,0,0,-1.6453142,0.16174325
81,29,0,4868,81,0,0,-0.34640875,0.41425356
117,9,0,1606,117,0,0,-1.5924311,0.16904214
104,98,0,16270,104,0,0,-0.6287151,0.34780195
145,29,0,4931,145,0,0,-0.34640875,0.41425356
155,202,0,33481,155,0,0,-2.6920795,0.06344234
159,110,0,18309,159,0,0,0.166287,0.54147625
23,0,0,5,23,0,0,-2.6283884,0.06733359
39,43,0,7109,39,0,0,-1.1414603,0.24205235
64,117,0,19368,64,0,0,-1.0122952,0.2665309
105,69,1,11501,105,0,0,-0.9257092,0.28379604
71,4,0,717,71,0,0,-0.69811064,0.33223125
13,81,0,13404,13,0,0,0.2535166,0.56304187
46,193,1,31888,46,0,0,3.8734593,0.9796369
146,62,0,10374,146,0,0,1.1302793,0.7558904
0,167,0,27572,0,0,0,-1.4176092,0.19503665
31,217,0,35824,31,0,0,-0.9511688,0.27864984
107,103,0,17104,107,0,0,-0.4217812,0.3960906
69,78,0,12932,69,0,0,-0.025013804,0.49374688
149,116,0,19287,149,0,0,-1.2288566,0.22638161
5,32,0,5308,5,0,0,0.9187327,0.7147838
148,207,0,34304,148,0,0,-3.4952805,0.029446814
5,115,0,19003,5,0,0,-0.73210156,0.32473373
84,10,1,1736,84,0,0,0.89712363,0.710358
54,14,0,2363,54,0,0,2.7703085,0.9410501
53,11,0,1867,53,0,0,-10.404184,3.030449e-05
84,97,0,16091,84,0,0,-1.0007296,0.268798
16,107,0,17677,16,0,0,-2.4728017,0.07778701
85,10,0,1738,85,0,0,0.89712363,0.710358
12,190,0,31351,12,0,0,-3.7208788,0.023640284
81,3,0,578,81,0,0,-1.6873546,0.15612406
147,129,0,21433,147,0,0,-1.8620393,0.13446553
46,102,0,16873,46,0,0,-3.898174,0.019875845
41,212,1,35026,41,0,0,0.8991241,0.7107695
77,84,0,13914,77,0,0,1.6638818,0.8407584
109,207,0,34267,109,0,0,-3.4952805,0.029446814
69,101,0,16727,69,0,0,-2.8819857,0.053051293
11,215,0,35506,11,0,0,-0.32257694,0.42004785
163,107,0,17817,163,0,0,-2.4728017,0.07778701
67,114,0,18869,67,0,0,2.3294578,0.9112875
84,4,0,746,84,0,0,-0.69811064,0.33223125
28,102,0,16864,28,0,0,-3.898174,0.019875845
43,202,1,33378,43,0,0,-2.6920795,0.06344234
141,9,0,1627,141,0,0,-1.5924311,0.16904214
123,135,0,22399,123,0,0,2.9254026,0.949088
65,56,0,9306,65,0,0,0.5575964,0.6358962
154,70,0,11710,154,0,0,-2.8239853,0.056041732
86,118,0,19552,86,0,0,-1.6515181,0.16090389
34,182,0,30043,34,0,0,0.9060196,0.71218497
54,170,0,28103,54,0,0,-1.2602379,0.22093293
9,7,0,1179,9,0,0,-3.8243132,0.021366913
96,131,0,21714,96,0,0,-3.1999748,0.03916667
161,30,0,5107,161,0,0,0.7758248,0.6847796
116,132,0,21882,116,0,0,2.6511521,0.934082
93,211,0,34910,93,0,0,2.8431277,0.9449624
93,167,0,27650,93,0,0,-1.4176092,0.19503665
13,2,0,369,13,0,0,-1.2846,0.21676822
125,57,1,9532,125,0,0,4.307292,0.98670906
37,7,0,1176,37,0,0,-3.8243132,0.021366913
94,158,0,26163,94,0,0,1.3191829,0.78904575
142,2,0,470,142,0,0,-1.2846,0.21676822
96,20,0,3399,96,0,0,-0.9151546,0.28594622
68,40,0,6668,68,0,0,0.5982514,0.64525616
140,73,0,12186,140,0,0,1.9125028,0.87130004
52,208,0,34371,52,0,0,1.4279368,0.80657965
87,140,1,23187,87,0,0,-2.2864366,0.09225252
130,160,1,26530,130,0,0,1.1701784,0.7631773
134,80,0,13334,134,0,0,-0.059322357,0.48517376
90,136,0,22530,90,0,0,0.6312155,0.65276504
64,213,1,35208,64,0,0,-1.093512,0.25095752
36,67,0,11078,36,0,0,2.2135396,0.9014588
125,191,0,31642,125,0,0,-1.0265948,0.2637448
81,157,0,25988,81,0,0,-0.5148577,0.37405545
138,0,0,136,138,0,0,-2.6283884,0.06733359
39,180,0,29714,39,0,0,-1.239552,0.22451398
14,143,0,23597,14,0,0,-1.0126758,0.2664565
25,211,1,34851,25,0,0,2.8431277,0.9449624
52,21,0,3516,52,0,0,0.48414403,0.61872596
6,217,0,35821,6,0,0,-0.9511688,0.27864984
101,117,0,19411,101,0,0,-1.0122952,0.2665309
98,163,0,26992,98,0,0,-0.14802814,0.4630604
130,39,1,6565,130,0,0,1.7614534,0.8533916
131,93,0,15476,131,0,0,-0.91739774,0.28548843
163,96,0,16002,163,0,0,-0.7005422,0.331692
123,155,0,25699,123,0,0,-0.32563835,0.41930225
128,47,0,7881,128,0,0,5.323983,0.9951503
106,199,1,32938,106,0,0,1.0903363,0.74844503
143,0,0,143,143,0,0,-2.6283884,0.06733359
127,18,0,3095,127,0,0,-2.078091,0.111244574
42,64,0,10600,42,0,0,0.22370961,0.5556953
63,134,0,22185,63,0,0,1.7873898,0.85660696
0,164,0,27077,0,0,0,0.026692986,0.50667286
157,117,0,19460,157,0,0,-1.0122952,0.2665309
155,30,0,5101,155,0,0,0.7758248,0.6847796
69,97,0,16067,69,0,0,-1.0007296,0.268798
138,162,0,26866,138,0,0,-1.7663476,0.14599712
100,67,0,11166,100,0,0,2.2135396,0.9014588
31,172,0,28399,31,0,0,-1.4617598,0.18819831
142,21,0,3605,142,0,0,0.48414403,0.61872596
18,27,0,4493,18,0,0,3.8139992,0.9784163
104,52,0,8680,104,0,0,-0.6370729,0.34590852
67,187,1,30914,67,0,0,0.65044945,0.65711176
77,76,0,12594,77,0,0,1.5490427,0.8247754
68,160,0,26468,68,0,0,1.1701784,0.7631773
45,109,0,18027,45,0,0,-1.6453142,0.16174325
63,11,0,1890,63,0,0,-10.404184,3.030449e-05
52,20,0,3351,52,0,0,-0.9151546,0.28594622
160,28,0,4784,160,0,0,1.5404322,0.8235276
117,189,0,31306,117,0,0,0.13692778,0.53417856
10,83,0,13725,10,0,0,0.86861223,0.70445687
78,19,0,3213,78,0,0,-2.4047847,0.08280857
131,43,0,7226,131,0,0,-1.1414603,0.24205235
7,53,1,8745,7,0,0,1.8304937,0.8618205
20,119,0,19642,20,0,0,3.6162086,0.97381943
22,133,0,21948,22,0,0,-3.5224102,0.028681276
137,36,0,6077,137,0,0,-7.329728,0.0006553221
116,201,0,33267,116,0,0,-3.224447,0.03825603
7,22,0,3630,7,0,0,-2.961879,0.04917807
33,186,0,30716,33,0,0,-1.1687648,0.23707832
104,161,0,26665,104,0,0,-2.3605657,0.086229615
130,92,0,15310,130,0,0,-1.9034204,0.12972184
60,56,0,9312,60,0,0,0.5575964,0.6358962
129,23,0,3923,129,0,0,2.125312,0.89333916
144,178,0,29515,144,0,0,-2.9037356,0.051969204
22,77,0,12708,22,0,0,-4.700327,0.009010379
127,194,0,32135,127,0,0,-1.0653789,0.2562829
36,159,0,26258,36,0,0,-2.837,0.055357214
36,197,0,32528,36,0,0,-5.133575,0.005860894
39,75,0,12389,39,0,0,3.74163,0.976834
110,35,1,5894,110,0,0,2.8851218,0.94710606
32,57,1,9437,32,0,0,4.307292,0.98670906
163,204,0,33822,163,0,0,-1.7779512,0.1445563
114,65,0,10832,114,0,0,0.27131093,0.5674147
89,74,0,12299,89,0,0,-0.62289315,0.34912375
24,147,0,24292,24,0,0,-3.2721286,0.03653982
12,82,0,13531,12,0,0,-0.21422713,0.4466471
124,175,1,28997,124,0,0,0.3924312,0.5968678
56,16,0,2700,56,0,0,-0.33815083,0.41625872
80,51,0,8495,80,0,0,-2.202098,0.09956226
72,215,1,35540,72,0,0,-0.32257694,0.42004785
91,217,0,35896,91,0,0,-0.9511688,0.27864984
103,54,0,9027,103,0,0,-2.8636465,0.053980183
100,146,0,24201,100,0,0,0.25773755,0.56408006
148,75,0,12524,148,0,0,3.74163,0.976834
48,181,0,29912,48,0,0,-1.7510238,0.14791812
44,164,0,27104,44,0,0,0.026692986,0.50667286
21,153,0,25265,21,0,0,0.12152326,0.5303435
29,194,0,32025,29,0,0,-1.0653789,0.2562829
74,137,1,22682,74,0,0,-1.5596728,0.1736936
116,199,1,32937,116,0,0,1.0903363,0.74844503
149,56,0,9387,149,0,0,0.5575964,0.6358962
18,148,0,24458,18,0,0,0.6483708,0.6566432
14,192,0,31682,14,0,0,-1.5278697,0.17830558
147,128,0,21268,147,0,0,-0.8148542,0.30685705
42,39,0,6475,42,0,0,1.7614534,0.8533916
17,145,1,23943,17,0,0,3.5670865,0.97253746
74,4,0,737,74,0,0,-0.69811064,0.33223125
35,64,0,10585,35,0,0,0.22370961,0.5556953
103,92,0,15297,103,0,0,-1.9034204,0.12972184
13,161,0,26604,13,0,0,-2.3605657,0.086229615
51,25,1,4175,51,0,0,1.6360474,0.8369964
56,3,1,555,56,0,0,-1.6873546,0.15612406
130,113,0,18775,130,0,0,-8.208279,0.00027231502
87,209,0,34572,87,0,0,-1.9596634,0.123503484
20,183,1,30202,20,0,0,-1.6336029,0.16333741
37,113,0,18666,37,0,0,-8.208279,0.00027231502
133,13,0,2284,133,0,0,-1.401005,0.19765668
98,16,0,2737,98,0,0,-0.33815083,0.41625872
14,100,0,16502,14,0,0,-0.17521295,0.45630848
98,91,0,15112,98,0,0,-0.20702364,0.44842815
55,91,0,15091,55,0,0,-0.20702364,0.44842815
117,56,0,9361,117,0,0,0.5575964,0.6358962
31,0,0,19,31,0,0,-2.6283884,0.06733359
3,196,1,32350,3,0,0,2.8387551,0.9447345
33,170,0,28076,33,0,0,-1.2602379,0.22093293
122,174,1,28833,122,0,0,2.8199017,0.94374186
21,86,1,14210,21,0,0,-4.75553,0.008530587
117,58,0,9691,117,0,0,-0.8597182,0.2973982
93,141,0,23360,93,0,0,-0.30216512,0.4250283
154,24,0,4120,154,0,0,2.4342709,0.91940355
113,97,0,16106,113,0,0,-1.0007296,0.268798
83,10,1,1731,83,0,0,0.89712363,0.710358
51,143,1,23645,51,0,0,-1.0126758,0.2664565
107,148,0,24529,107,0,0,0.6483708,0.6566432
97,36,0,6036,97,0,0,-7.329728,0.0006553221
71,133,0,22002,71,0,0,-3.5224102,0.028681276
91,139,0,23026,91,0,0,0.74813247,0.6787716
36,163,0,26918,36,0,0,-0.14802814,0.4630604
141,106,0,17632,141,0,0,-1.7601573,0.14677064
69,19,0,3197,69,0,0,-2.4047847,0.08280857
49,132,0,21821,49,0,0,2.6511521,0.934082
99,50,0,8348,99,0,0,-1.8266549,0.13863724
74,138,0,22847,74,0,0,0.21283814,0.55300957
74,167,1,27632,74,0,0,-1.4176092,0.19503665
145,70,0,11696,145,0,0,-2.8239853,0.056041732
80,31,1,5195,80,0,0,-2.0365837,0.11541507
35,112,0,18505,35,0,0,-0.83005846,0.3036327
77,191,0,31569,77,0,0,-1.0265948,0.2637448
98,151,0,25012,98,0,0,-3.830502,0.021237884
90,69,0,11475,90,0,0,-0.9257092,0.28379604
108,161,0,26675,108,0,0,-2.3605657,0.086229615
9,175,1,28899,9,0,0,0.3924312,0.5968678
143,102,0,16973,143,0,0,-3.898174,0.019875845
143,132,0,21923,143,0,0,2.6511521,0.934082
0,129,0,21302,0,0,0,-1.8620393,0.13446553
82,29,0,4869,82,0,0,-0.34640875,0.41425356
156,154,0,25563,156,0,0,-2.4342835,0.08059549
108,181,0,29975,108,0,0,-1.7510238,0.14791812
42,16,0,2680,42,0,0,-0.33815083,0.41625872
48,36,0,5987,48,0,0,-7.329728,0.0006553221
87,10,1,1737,87,0,0,0.89712363,0.710358
87,201,1,33252,87,0,0,-3.224447,0.03825603
100,188,0,31131,100,0,0,-0.5415916,0.36781743
98,128,0,21217,98,0,0,-0.8148542,0.30685705
118,131,0,21728,118,0,0,-3.1999748,0.03916667
133,77,0,12844,133,0,0,-4.700327,0.009010379
19,209,0,34518,19,0,0,-1.9596634,0.123503484
81,111,1,18398,81,0,0,2.9755948,0.95145935
51,86,0,14240,51,0,0,-4.75553,0.008530587
89,164,0,27149,89,0,0,0.026692986,0.50667286
104,58,0,9670,104,0,0,-0.8597182,0.2973982
35,209,0,34510,35,0,0,-1.9596634,0.123503484
125,145,1,24052,125,0,0,3.5670865,0.97253746
61,51,0,8476,61,0,0,-2.202098,0.09956226
111,195,0,32289,111,0,0,-0.04642749,0.4883952
98,4,0,757,98,0,0,-0.69811064,0.33223125
106,137,1,22708,106,0,0,-1.5596728,0.1736936
38,0,0,29,38,0,0,-2.6283884,0.06733359
43,31,1,5163,43,0,0,-2.0365837,0.11541507
9,89,0,14709,9,0,0,-0.22568604,0.44381675
102,163,0,27010,102,0,0,-0.14802814,0.4630604
76,188,0,31084,76,0,0,-0.5415916,0.36781743
38,80,0,13229,38,0,0,-0.059322357,0.48517376
134,155,0,25709,134,0,0,-0.32563835,0.41930225
31,119,0,19654,31,0,0,3.6162086,0.97381943
40,107,0,17700,40,0,0,-2.4728017,0.07778701
140,204,0,33801,140,0,0,-1.7779512,0.1445563
110,213,0,35264,110,0,0,-1.093512,0.25095752
15,191,0,31527,15,0,0,-1.0265948,0.2637448
126,107,0,17784,126,0,0,-2.4728017,0.07778701
15,63,0,10407,15,0,0,-1.0092146,0.26713356
135,157,1,26038,135,0,0,-0.5148577,0.37405545
143,112,1,18623,143,0,0,-0.83005846,0.3036327
35,38,0,6295,35,0,0,-2.0364141,0.115432374
75,6,0,1057,75,0,0,-3.6607282,0.025069159
149,44,0,7407,149,0,0,-0.48415,0.38127264
109,85,0,14137,109,0,0,-1.010618,0.26685894
1,35,0,5786,1,0,0,2.8851218,0.94710606
28,107,0,17689,28,0,0,-2.4728017,0.07778701
105,192,0,31796,105,0,0,-1.5278697,0.17830558
131,174,1,28841,131,0,0,2.8199017,0.94374186
121,16,0,2760,121,0,0,-0.33815083,0.41625872
22,167,0,27558,22,0,0,-1.4176092,0.19503665
40,189,0,31230,40,0,0,0.13692778,0.53417856
93,99,0,16430,93,0,0,-0.77462655,0.31547913
118,123,0,20408,118,0,0,-2.4279943,0.08106276
11,58,0,9601,11,0,0,-0.8597182,0.2973982
129,80,0,13328,129,0,0,-0.059322357,0.48517376
1,121,0,19976,1,0,0,-5.4067316,0.0044662426
102,144,0,23875,102,0,0,-0.2694777,0.4330353
114,4,0,767,114,0,0,-0.69811064,0.33223125
125,215,1,35602,125,0,0,-0.32257694,0.42004785
145,215,1,35621,145,0,0,-0.32257694,0.42004785
25,33,0,5481,25,0,0,-0.51278126,0.37454176
46,140,1,23143,46,0,0,-2.2864366,0.09225252
4,193,1,31853,4,0,0,3.8734593,0.9796369
106,35,1,5878,106,0,0,2.8851218,0.94710606
156,187,0,31008,156,0,0,0.65044945,0.65711176
54,57,1,9458,54,0,0,4.307292,0.98670906
121,53,0,8865,121,0,0,1.8304937,0.8618205
137,30,0,5087,137,0,0,0.7758248,0.6847796
74,205,1,33902,74,0,0,3.0824637,0.9561636
51,124,0,20510,51,0,0,-3.1635184,0.040561907
74,90,0,14927,74,0,0,-0.5269166,0.37123632
53,75,0,12427,53,0,0,3.74163,0.976834
56,24,0,4020,56,0,0,2.4342709,0.91940355
28,29,1,4819,28,0,0,-0.34640875,0.41425356
23,191,0,31520,23,0,0,-1.0265948,0.2637448
126,33,0,5574,126,0,0,-0.51278126,0.37454176
97,161,0,26661,97,0,0,-2.3605657,0.086229615
55,110,0,18226,55,0,0,0.166287,0.54147625
6,60,1,9916,6,0,0,2.3020887,0.90904987
90,138,0,22860,90,0,0,0.21283814,0.55300957
154,115,0,19135,154,0,0,-0.73210156,0.32473373
82,117,0,19389,82,0,0,-1.0122952,0.2665309
158,215,1,35633,158,0,0,-0.32257694,0.42004785
0,68,0,11237,0,0,0,1.2596853,0.7789719
105,187,1,30971,105,0,0,0.65044945,0.65711176
63,55,0,9150,63,0,0,-2.4251432,0.08127538
137,53,0,8882,137,0,0,1.8304937,0.8618205
108,165,0,27335,108,0,0,-0.006789565,0.4983026
140,167,0,27696,140,0,0,-1.4176092,0.19503665
6,7,0,1171,6,0,0,-3.8243132,0.021366913
78,105,0,17403,78,0,0,2.681119,0.9359033
58,134,0,22181,58,0,0,1.7873898,0.85660696
56,96,1,15900,56,0,0,-0.7005422,0.331692
143,202,0,33473,143,0,0,-2.6920795,0.06344234
46,132,0,21823,46,0,0,2.6511521,0.934082
111,203,0,33609,111,0,0,-2.6337276,0.06699906
3,46,0,7600,3,0,0,-1.5868907,0.1698218
82,146,1,24174,82,0,0,0.25773755,0.56408006
58,166,0,27461,58,0,0,2.7208607,0.9382464
17,193,0,31863,17,0,0,3.8734593,0.9796369
137,24,0,4097,137,0,0,2.4342709,0.91940355
27,209,1,34520,27,0,0,-1.9596634,0.123503484
59,53,0,8801,59,0,0,1.8304937,0.8618205
144,15,0,2620,144,0,0,-1.212281,0.22929771
0,194,0,32027,0,0,0,-1.0653789,0.2562829
74,206,0,34067,74,0,0,-0.48542544,0.38097182
120,94,0,15628,120,0,0,-0.25244072,0.43722284
159,98,0,16329,159,0,0,-0.6287151,0.34780195
155,209,0,34636,155,0,0,-1.9596634,0.123503484
163,130,0,21612,163,0,0,-0.9771749,0.2734527
99,118,0,19568,99,0,0,-1.6515181,0.16090389
136,39,0,6567,136,0,0,1.7614534,0.8533916
24,187,1,30892,24,0,0,0.65044945,0.65711176
30,163,0,26922,30,0,0,-0.14802814,0.4630604
108,56,0,9350,108,0,0,0.5575964,0.6358962
100,168,0,27831,100,0,0,-4.738065,0.008679579
77,10,0,1704,77,0,0,0.89712363,0.710358
146,143,0,23739,146,0,0,-1.0126758,0.2664565
126,198,0,32799,126,0,0,-0.5406706,0.3680316
17,181,0,29883,17,0,0,-1.7510238,0.14791812
49,96,0,15881,49,0,0,-0.7005422,0.331692
51,63,0,10445,51,0,0,-1.0092146,0.26713356
143,106,0,17633,143,0,0,-1.7601573,0.14677064
128,115,0,19101,128,0,0,-0.73210156,0.32473373
163,39,0,6597,163,0,0,1.7614534,0.8533916
141,12,0,2122,141,0,0,1.1768677,0.76438415
149,139,0,23082,149,0,0,0.74813247,0.6787716
14,98,0,16172,14,0,0,-0.6287151,0.34780195
155,145,0,24076,155,0,0,3.5670865,0.97253746
61,155,0,25636,61,0,0,-0.32563835,0.41930225
161,154,0,25567,161,0,0,-2.4342835,0.08059549
22,202,1,33333,22,0,0,-2.6920795,0.06344234
139,165,0,27363,139,0,0,-0.006789565,0.4983026
62,201,1,33238,62,0,0,-3.224447,0.03825603
61,133,0,22006,61,0,0,-3.5224102,0.028681276
103,36,1,6057,103,0,0,-7.329728,0.0006553221
112,5,0,933,112,0,0,-4.3107796,0.013245288
87,137,1,22692,87,0,0,-1.5596728,0.1736936
46,86,0,14233,46,0,0,-4.75553,0.008530587
124,77,0,12827,124,0,0,-4.700327,0.009010379
51,9,0,1535,51,0,0,-1.5924311,0.16904214
0,216,0,35657,0,0,0,2.892348,0.94746685
15,159,0,26247,15,0,0,-2.837,0.055357214
20,73,0,12052,20,0,0,1.9125028,0.87130004
131,121,0,20096,131,0,0,-5.4067316,0.0044662426
143,148,0,24563,143,0,0,0.6483708,0.6566432
77,169,0,27939,77,0,0,-2.2903948,0.09192159
56,106,1,17550,56,0,0,-1.7601573,0.14677064
85,203,0,33583,85,0,0,-2.6337276,0.06699906
82,181,0,29949,82,0,0,-1.7510238,0.14791812
76,63,0,10459,76,0,0,-1.0092146,0.26713356
40,114,0,18855,40,0,0,2.3294578,0.9112875
77,89,0,14739,77,0,0,-0.22568604,0.44381675
122,119,0,19758,122,0,0,3.6162086,0.97381943
152,190,0,31500,152,0,0,-3.7208788,0.023640284
46,127,0,20998,46,0,0,0.97098786,0.72531635
103,110,1,18267,103,0,0,0.166287,0.54147625
16,133,0,21967,16,0,0,-3.5224102,0.028681276
8,128,0,21124,8,0,0,-0.8148542,0.30685705
155,212,0,35131,155,0,0,0.8991241,0.7107695
127,17,0,2930,127,0,0,-0.029760048,0.49256054
88,190,0,31435,88,0,0,-3.7208788,0.023640284
21,211,0,34835,21,0,0,2.8431277,0.9449624
146,27,0,4599,146,0,0,3.8139992,0.9784163
136,89,1,14817,136,0,0,-0.22568604,0.44381675
122,125,1,20748,122,0,0,-1.9668355,0.12272919
94,135,1,22368,94,0,0,2.9254026,0.949088
51,177,0,29255,51,0,0,-0.39797235,0.4017996
27,178,0,29405,27,0,0,-2.9037356,0.051969204
153,203,0,33647,153,0,0,-2.6337276,0.06699906
156,116,0,19293,156,0,0,-1.2288566,0.22638161
37,15,0,2496,37,0,0,-1.212281,0.22929771
34,142,0,23443,34,0,0,-0.42403874,0.39555073
32,152,0,25112,32,0,0,-1.8155067,0.13997391
119,20,0,3405,119,0,0,-0.9151546,0.28594622
11,147,0,24286,11,0,0,-3.2721286,0.03653982
55,42,0,7006,55,0,0,-0.4071209,0.39960268
104,31,0,5215,104,0,0,-2.0365837,0.11541507
96,108,0,17919,96,0,0,1.1149006,0.7530416
37,120,0,19821,37,0,0,-4.1045628,0.01622949
155,184,0,30511,155,0,0,1.0853381,0.74750286
32,203,0,33527,32,0,0,-2.6337276,0.06699906
122,0,0,123,122,0,0,-2.6283884,0.06733359
4,141,0,23273,4,0,0,-0.30216512,0.4250283
44,52,0,8624,44,0,0,-0.6370729,0.34590852
126,95,0,15804,126,0,0,-6.1478186,0.002133579
13,102,0,16869,13,0,0,-3.898174,0.019875845
5,66,1,10918,5,0,0,-0.5698795,0.36126465
84,90,0,14936,84,0,0,-0.5269166,0.37123632
138,193,1,31981,138,0,0,3.8734593,0.9796369
67,45,0,7484,67,0,0,1.1304882,0.755929
149,110,0,18297,149,0,0,0.166287,0.54147625
146,182,1,30174,146,0,0,0.9060196,0.71218497
143,38,0,6413,143,0,0,-2.0364141,0.115432374
77,178,0,29424,77,0,0,-2.9037356,0.051969204
33,207,0,34181,33,0,0,-3.4952805,0.029446814
31,26,0,4309,31,0,0,-1.9577229,0.123713695
97,28,0,4716,97,0,0,1.5404322,0.8235276
114,131,0,21722,114,0,0,-3.1999748,0.03916667
29,25,0,4140,29,0,0,1.6360474,0.8369964
94,214,0,35403,94,0,0,0.30544943,0.57577413
160,19,0,3299,160,0,0,-2.4047847,0.08280857
97,69,1,11481,97,0,0,-0.9257092,0.28379604
14,113,0,18647,14,0,0,-8.208279,0.00027231502
62,117,0,19378,62,0,0,-1.0122952,0.2665309
55,79,0,13111,55,0,0,-3.39921,0.032320164
44,78,0,12914,44,0,0,-0.025013804,0.49374688
10,66,1,10920,10,0,0,-0.5698795,0.36126465
77,208,0,34374,77,0,0,1.4279368,0.80657965
27,205,0,33860,27,0,0,3.0824637,0.9561636
109,127,0,21067,109,0,0,0.97098786,0.72531635
91,84,1,13951,91,0,0,1.6638818,0.8407584
154,114,0,18970,154,0,0,2.3294578,0.9112875
136,45,0,7557,136,0,0,1.1304882,0.755929
46,175,1,28918,46,0,0,0.3924312,0.5968678
111,15,0,2589,111,0,0,-1.212281,0.22929771
153,109,0,18137,153,0,0,-1.6453142,0.16174325
45,173,0,28587,45,0,0,0.9896576,0.7290203
142,142,0,23570,142,0,0,-0.42403874,0.39555073
64,204,0,33723,64,0,0,-1.7779512,0.1445563
130,96,0,15970,130,0,0,-0.7005422,0.331692
124,64,0,10682,124,0,0,0.22370961,0.5556953
154,46,0,7750,154,0,0,-1.5868907,0.1698218
30,0,0,27,30,0,0,-2.6283884,0.06733359
113,150,0,24851,113,0,0,0.1452004,0.53623646
74,155,0,25652,74,0,0,-0.32563835,0.41930225
75,103,0,17062,75,0,0,-0.4217812,0.3960906
92,20,0,3392,92,0,0,-0.9151546,0.28594622
27,129,0,21320,27,0,0,-1.8620393,0.13446553
108,166,0,27500,108,0,0,2.7208607,0.9382464
162,45,0,7588,162,0,0,1.1304882,0.755929
26,217,0,35814,26,0,0,-0.9511688,0.27864984
49,73,0,12086,49,0,0,1.9125028,0.87130004
86,212,0,35062,86,0,0,0.8991241,0.7107695
30,92,0,15207,30,0,0,-1.9034204,0.12972184
156,58,0,9723,156,0,0,-0.8597182,0.2973982
92,171,1,28307,92,0,0,-0.72275156,0.32678735
124,164,0,27182,124,0,0,0.026692986,0.50667286
27,195,0,32210,27,0,0,-0.04642749,0.4883952
35,143,0,23620,35,0,0,-1.0126758,0.2664565
7,204,0,33660,7,0,0,-1.7779512,0.1445563
104,217,0,35905,104,0,0,-0.9511688,0.27864984
27,207,0,34190,27,0,0,-3.4952805,0.029446814
89,20,0,3389,89,0,0,-0.9151546,0.28594622
72,143,0,23660,72,0,0,-1.0126758,0.2664565
19,93,0,15378,19,0,0,-0.91739774,0.28548843
2,62,0,10236,2,0,0,1.1302793,0.7558904
89,148,0,24509,89,0,0,0.6483708,0.6566432
105,118,1,19586,105,0,0,-1.6515181,0.16090389
82,2,0,414,82,0,0,-1.2846,0.21676822
93,71,0,11810,93,0,0,-4.3468447,0.012782104
37,86,0,14211,37,0,0,-4.75553,0.008530587
47,136,1,22489,47,0,0,0.6312155,0.65276504
149,131,0,21762,149,0,0,-3.1999748,0.03916667
145,52,0,8726,145,0,0,-0.6370729,0.34590852
142,16,0,2780,142,0,0,-0.33815083,0.41625872
57,144,0,23834,57,0,0,-0.2694777,0.4330353
117,209,1,34606,117,0,0,-1.9596634,0.123503484
129,3,1,623,129,0,0,-1.6873546,0.15612406
135,49,0,8218,135,0,0,-2.9024777,0.052031215
85,142,0,23518,85,0,0,-0.42403874,0.39555073
143,118,0,19613,143,0,0,-1.6515181,0.16090389
113,108,0,17921,113,0,0,1.1149006,0.7530416
68,208,0,34388,68,0,0,1.4279368,0.80657965
71,61,0,10122,71,0,0,2.373899,0.9148152
120,36,1,6058,120,0,0,-7.329728,0.0006553221
111,173,1,28659,111,0,0,0.9896576,0.7290203
117,12,1,2101,117,0,0,1.1768677,0.76438415
88,61,0,10150,88,0,0,2.373899,0.9148152
35,14,0,2335,35,0,0,2.7703085,0.9410501
29,180,0,29715,29,0,0,-1.239552,0.22451398
67,78,0,12929,67,0,0,-0.025013804,0.49374688
44,121,1,20009,44,0,0,-5.4067316,0.0044662426
112,214,1,35418,112,0,0,0.30544943,0.57577413
103,58,0,9687,103,0,0,-0.8597182,0.2973982
30,94,0,15537,30,0,0,-0.25244072,0.43722284
106,30,0,5053,106,0,0,0.7758248,0.6847796
117,97,0,16126,117,0,0,-1.0007296,0.268798
114,74,0,12317,114,0,0,-0.62289315,0.34912375
13,113,0,18684,13,0,0,-8.208279,0.00027231502
136,146,0,24222,136,0,0,0.25773755,0.56408006
63,178,0,29445,63,0,0,-2.9037356,0.051969204
164,60,0,10061,164,0,0,2.3020887,0.90904987
136,105,0,17457,136,0,0,2.681119,0.9359033
80,67,0,11135,80,0,0,2.2135396,0.9014588
22,65,1,10728,22,0,0,0.27131093,0.5674147
31,109,0,18004,31,0,0,-1.6453142,0.16174325
47,156,1,25789,47,0,0,-0.16150811,0.4597105
126,153,0,25374,126,0,0,0.12152326,0.5303435
83,138,0,22851,83,0,0,0.21283814,0.55300957
5,31,0,5143,5,0,0,-2.0365837,0.11541507
73,209,0,34554,73,0,0,-1.9596634,0.123503484
161,27,1,4612,161,0,0,3.8139992,0.9784163
74,210,1,34727,74,0,0,-0.4756602,0.38327742
81,171,0,28298,81,0,0,-0.72275156,0.32678735
140,70,0,11691,140,0,0,-2.8239853,0.056041732
128,60,0,10026,128,0,0,2.3020887,0.90904987
145,14,1,2456,145,0,0,2.7703085,0.9410501
77,216,0,35694,77,0,0,2.892348,0.94746685
25,167,0,27591,25,0,0,-1.4176092,0.19503665
102,188,0,31135,102,0,0,-0.5415916,0.36781743
21,45,0,7445,21,0,0,1.1304882,0.755929
135,102,0,16963,135,0,0,-3.898174,0.019875845
10,37,1,6135,10,0,0,-0.4699734,0.38462254
98,139,0,23032,98,0,0,0.74813247,0.6787716
75,215,0,35542,75,0,0,-0.32257694,0.42004785
55,184,0,30436,55,0,0,1.0853381,0.74750286
77,205,0,33879,77,0,0,3.0824637,0.9561636
43,26,0,4338,43,0,0,-1.9577229,0.123713695
62,115,0,19048,62,0,0,-0.73210156,0.32473373
33,33,0,5471,33,0,0,-0.51278126,0.37454176
18,204,0,33698,18,0,0,-1.7779512,0.1445563
58,5,0,896,58,0,0,-4.3107796,0.013245288
82,54,0,8994,82,0,0,-2.8636465,0.053980183
129,43,0,7223,129,0,0,-1.1414603,0.24205235
130,203,0,33625,130,0,0,-2.6337276,0.06699906
79,42,0,7009,79,0,0,-0.4071209,0.39960268
111,63,0,10509,111,0,0,-1.0092146,0.26713356
73,189,0,31254,73,0,0,0.13692778,0.53417856
57,178,0,29444,57,0,0,-2.9037356,0.051969204
122,89,1,14808,122,0,0,-0.22568604,0.44381675
142,179,0,29675,142,0,0,-4.472768,0.011286829
3,143,0,23605,3,0,0,-1.0126758,0.2664565
75,62,0,10297,75,0,0,1.1302793,0.7558904
107,40,0,6709,107,0,0,0.5982514,0.64525616
106,31,0,5218,106,0,0,-2.0365837,0.11541507
89,89,1,14774,89,0,0,-0.22568604,0.44381675
24,38,0,6307,24,0,0,-2.0364141,0.115432374
148,160,0,26549,148,0,0,1.1701784,0.7631773
115,117,0,19409,115,0,0,-1.0122952,0.2665309
74,166,0,27467,74,0,0,2.7208607,0.9382464
76,0,0,64,76,0,0,-2.6283884,0.06733359
133,118,0,19609,133,0,0,-1.6515181,0.16090389
98,106,1,17587,98,0,0,-1.7601573,0.14677064
121,101,1,16785,121,0,0,-2.8819857,0.053051293
72,203,0,33560,72,0,0,-2.6337276,0.06699906
158,207,0,34313,158,0,0,-3.4952805,0.029446814
154,66,0,11050,154,0,0,-0.5698795,0.36126465
59,212,0,35036,59,0,0,0.8991241,0.7107695
133,146,0,24229,133,0,0,0.25773755,0.56408006
86,162,0,26812,86,0,0,-1.7663476,0.14599712
124,88,0,14642,124,0,0,-5.5555143,0.0038511904
75,209,0,34552,75,0,0,-1.9596634,0.123503484
6,31,0,5131,6,0,0,-2.0365837,0.11541507
134,14,0,2444,134,0,0,2.7703085,0.9410501
115,54,0,9014,115,0,0,-2.8636465,0.053980183
89,158,0,26159,89,0,0,1.3191829,0.78904575
85,108,0,17908,85,0,0,1.1149006,0.7530416
66,177,1,29260,66,0,0,-0.39797235,0.4017996
148,50,0,8399,148,0,0,-1.8266549,0.13863724
1,38,0,6281,1,0,0,-2.0364141,0.115432374
96,159,0,26334,96,0,0,-2.837,0.055357214
85,159,0,26323,85,0,0,-2.837,0.055357214
82,93,0,15429,82,0,0,-0.91739774,0.28548843
105,172,0,28496,105,0,0,-1.4617598,0.18819831
88,159,1,26320,88,0,0,-2.837,0.055357214
145,202,0,33476,145,0,0,-2.6920795,0.06344234
132,112,0,18615,132,0,0,-0.83005846,0.3036327
56,88,0,14580,56,0,0,-5.5555143,0.0038511904
71,105,0,17382,71,0,0,2.681119,0.9359033
10,195,0,32205,10,0,0,-0.04642749,0.4883952
49,92,0,15221,49,0,0,-1.9034204,0.12972184
25,191,0,31551,25,0,0,-1.0265948,0.2637448
120,152,0,25198,120,0,0,-1.8155067,0.13997391
137,5,0,962,137,0,0,-4.3107796,0.013245288
20,192,0,31687,20,0,0,-1.5278697,0.17830558
113,176,0,29141,113,0,0,-3.5805154,0.027106123
103,48,0,8037,103,0,0,-2.4969263,0.07607394
148,88,0,14669,148,0,0,-5.5555143,0.0038511904
82,137,1,22689,82,0,0,-1.5596728,0.1736936
85,191,0,31603,85,0,0,-1.0265948,0.2637448
149,149,0,24732,149,0,0,-8.130502,0.0002943338
49,99,0,16376,49,0,0,-0.77462655,0.31547913
115,27,0,4559,115,0,0,3.8139992,0.9784163
89,8,0,1409,89,0,0,-3.5291336,0.028494563
133,165,1,27364,133,0,0,-0.006789565,0.4983026
28,166,0,27424,28,0,0,2.7208607,0.9382464
78,211,1,34893,78,0,0,2.8431277,0.9449624
151,68,0,11374,151,0,0,1.2596853,0.7789719
96,104,0,17259,96,0,0,0.6592166,0.6590844
87,110,1,18237,87,0,0,0.166287,0.54147625
61,69,0,11446,61,0,0,-0.9257092,0.28379604
89,14,1,2399,89,0,0,2.7703085,0.9410501
53,172,0,28432,53,0,0,-1.4617598,0.18819831
24,75,1,12412,24,0,0,3.74163,0.976834
36,181,0,29888,36,0,0,-1.7510238,0.14791812
39,93,0,15359,39,0,0,-0.91739774,0.28548843
44,23,0,3839,44,0,0,2.125312,0.89333916
11,97,0,16036,11,0,0,-1.0007296,0.268798
73,148,0,24489,73,0,0,0.6483708,0.6566432
78,148,0,24498,78,0,0,0.6483708,0.6566432
25,52,0,8616,25,0,0,-0.6370729,0.34590852
130,198,1,32800,130,0,0,-0.5406706,0.3680316
25,106,1,17526,25,0,0,-1.7601573,0.14677064
10,150,0,24780,10,0,0,0.1452004,0.53623646
80,62,0,10310,80,0,0,1.1302793,0.7558904
54,207,0,34208,54,0,0,-3.4952805,0.029446814
24,200,0,33037,24,0,0,-0.7016182,0.33145356
63,109,0,18060,63,0,0,-1.6453142,0.16174325
89,209,0,34574,89,0,0,-1.9596634,0.123503484
1,191,0,31526,1,0,0,-1.0265948,0.2637448
103,15,0,2592,103,0,0,-1.212281,0.22929771
135,30,0,5083,135,0,0,0.7758248,0.6847796
42,123,0,20335,42,0,0,-2.4279943,0.08106276
151,38,0,6424,151,0,0,-2.0364141,0.115432374
31,118,1,19489,31,0,0,-1.6515181,0.16090389
77,85,0,14079,77,0,0,-1.010618,0.26685894
84,88,0,14606,84,0,0,-5.5555143,0.0038511904
150,88,1,14676,150,0,0,-5.5555143,0.0038511904
81,122,0,20213,81,0,0,-0.67312354,0.3377978
97,46,0,7686,97,0,0,-1.5868907,0.1698218
48,40,0,6647,48,0,0,0.5982514,0.64525616
161,166,0,27547,161,0,0,2.7208607,0.9382464
22,143,1,23598,22,0,0,-1.0126758,0.2664565
22,81,0,13368,22,0,0,0.2535166,0.56304187
12,28,0,4621,12,0,0,1.5404322,0.8235276
73,116,0,19209,73,0,0,-1.2288566,0.22638161
86,176,0,29122,86,0,0,-3.5805154,0.027106123
159,210,0,34809,159,0,0,-0.4756602,0.38327742
120,95,0,15793,120,0,0,-6.1478186,0.002133579
31,66,1,10909,31,0,0,-0.5698795,0.36126465
50,123,0,20353,50,0,0,-2.4279943,0.08106276
135,26,0,4423,135,0,0,-1.9577229,0.123713695
36,177,1,29228,36,0,0,-0.39797235,0.4017996
40,66,1,10935,40,0,0,-0.5698795,0.36126465
66,5,0,880,66,0,0,-4.3107796,0.013245288
24,164,0,27097,24,0,0,0.026692986,0.50667286
99,21,1,3563,99,0,0,0.48414403,0.61872596
109,131,0,21727,109,0,0,-3.1999748,0.03916667
119,76,0,12645,119,0,0,1.5490427,0.8247754
136,61,0,10197,136,0,0,2.373899,0.9148152
82,38,0,6354,82,0,0,-2.0364141,0.115432374
131,175,0,29006,131,0,0,0.3924312,0.5968678
53,110,0,18202,53,0,0,0.166287,0.54147625
63,24,0,4035,63,0,0,2.4342709,0.91940355
114,46,0,7697,114,0,0,-1.5868907,0.1698218
16,53,0,8767,16,0,0,1.8304937,0.8618205
93,98,0,16265,93,0,0,-0.6287151,0.34780195
13,64,0,10599,13,0,0,0.22370961,0.5556953
91,133,0,22036,91,0,0,-3.5224102,0.028681276
100,9,0,1596,100,0,0,-1.5924311,0.16904214
102,49,0,8200,102,0,0,-2.9024777,0.052031215
122,60,1,10023,122,0,0,2.3020887,0.90904987
39,100,0,16514,39,0,0,-0.17521295,0.45630848
107,101,0,16774,107,0,0,-2.8819857,0.053051293
102,15,0,2590,102,0,0,-1.212281,0.22929771
4,74,0,12218,4,0,0,-0.62289315,0.34912375
136,50,0,8382,136,0,0,-1.8266549,0.13863724
3,200,0,33010,3,0,0,-0.7016182,0.33145356
12,30,0,4951,12,0,0,0.7758248,0.6847796
5,206,1,34018,5,0,0,-0.48542544,0.38097182
45,102,0,16872,45,0,0,-3.898174,0.019875845
104,195,0,32275,104,0,0,-0.04642749,0.4883952
25,182,1,30066,25,0,0,0.9060196,0.71218497
77,48,0,7974,77,0,0,-2.4969263,0.07607394
161,92,0,15337,161,0,0,-1.9034204,0.12972184
33,216,0,35666,33,0,0,2.892348,0.94746685
48,81,0,13412,48,0,0,0.2535166,0.56304187
16,171,0,28237,16,0,0,-0.72275156,0.32678735
99,180,0,29798,99,0,0,-1.239552,0.22451398
97,18,0,3066,97,0,0,-2.078091,0.111244574
72,125,1,20690,72,0,0,-1.9668355,0.12272919
144,68,0,11365,144,0,0,1.2596853,0.7789719
30,177,0,29232,30,0,0,-0.39797235,0.4017996
134,174,1,28844,134,0,0,2.8199017,0.94374186
138,53,1,8881,138,0,0,1.8304937,0.8618205
117,65,0,10846,117,0,0,0.27131093,0.5674147
2,84,0,13866,2,0,0,1.6638818,0.8407584
4,82,0,13538,4,0,0,-0.21422713,0.4466471
158,50,0,8408,158,0,0,-1.8266549,0.13863724
153,20,0,3452,153,0,0,-0.9151546,0.28594622
81,121,0,20048,81,0,0,-5.4067316,0.0044662426
104,34,0,5710,104,0,0,-0.89774346,0.28951442
45,67,0,11097,45,0,0,2.2135396,0.9014588
70,88,0,14590,70,0,0,-5.5555143,0.0038511904
109,163,0,27007,109,0,0,-0.14802814,0.4630604
154,186,0,30850,154,0,0,-1.1687648,0.23707832
14,206,0,33992,14,0,0,-0.48542544,0.38097182
161,172,0,28537,161,0,0,-1.4617598,0.18819831
65,209,0,34551,65,0,0,-1.9596634,0.123503484
69,43,0,7157,69,0,0,-1.1414603,0.24205235
117,81,0,13486,117,0,0,0.2535166,0.56304187
43,149,0,24633,43,0,0,-8.130502,0.0002943338
109,46,0,7702,109,0,0,-1.5868907,0.1698218
82,66,0,10974,82,0,0,-0.5698795,0.36126465
88,188,0,31105,88,0,0,-0.5415916,0.36781743
81,209,0,34568,81,0,0,-1.9596634,0.123503484
65,86,0,14256,65,0,0,-4.75553,0.008530587
7,133,0,21945,7,0,0,-3.5224102,0.028681276
107,164,0,27169,107,0,0,0.026692986,0.50667286
94,100,0,16593,94,0,0,-0.17521295,0.45630848
64,76,0,12603,64,0,0,1.5490427,0.8247754
1,141,0,23276,1,0,0,-0.30216512,0.4250283
46,195,0,32218,46,0,0,-0.04642749,0.4883952
13,148,0,24459,13,0,0,0.6483708,0.6566432
151,6,0,1144,151,0,0,-3.6607282,0.025069159
122,71,0,11838,122,0,0,-4.3468447,0.012782104
3,29,0,4795,3,0,0,-0.34640875,0.41425356
161,200,0,33157,161,0,0,-0.7016182,0.33145356
159,194,0,32169,159,0,0,-1.0653789,0.2562829
94,97,0,16098,94,0,0,-1.0007296,0.268798
3,131,0,21625,3,0,0,-3.1999748,0.03916667
56,97,0,16065,56,0,0,-1.0007296,0.268798
79,100,0,16579,79,0,0,-0.17521295,0.45630848
145,1,0,311,145,0,0,-2.0700302,0.11204404
80,131,0,21695,80,0,0,-3.1999748,0.03916667
143,143,0,23738,143,0,0,-1.0126758,0.2664565
139,83,0,13833,139,0,0,0.86861223,0.70445687
82,195,0,32259,82,0,0,-0.04642749,0.4883952
105,68,0,11336,105,0,0,1.2596853,0.7789719
78,1,0,243,78,0,0,-2.0700302,0.11204404
113,22,0,3731,113,0,0,-2.961879,0.04917807
40,118,1,19515,40,0,0,-1.6515181,0.16090389
33,125,0,20651,33,0,0,-1.9668355,0.12272919
142,101,0,16805,142,0,0,-2.8819857,0.053051293
109,183,1,30307,109,0,0,-1.6336029,0.16333741
35,186,0,30715,35,0,0,-1.1687648,0.23707832
95,161,0,26659,95,0,0,-2.3605657,0.086229615
111,105,0,17439,111,0,0,2.681119,0.9359033
70,207,0,34225,70,0,0,-3.4952805,0.029446814
120,8,0,1438,120,0,0,-3.5291336,0.028494563
153,35,0,5927,153,0,0,2.8851218,0.94710606
77,212,0,35034,77,0,0,0.8991241,0.7107695
106,41,0,6868,106,0,0,4.0977917,0.98366207
48,54,0,8957,48,0,0,-2.8636465,0.053980183
33,145,0,23951,33,0,0,3.5670865,0.97253746
21,1,1,185,21,0,0,-2.0700302,0.11204404
130,117,0,19435,130,0,0,-1.0122952,0.2665309
151,187,1,31009,151,0,0,0.65044945,0.65711176
32,154,0,25442,32,0,0,-2.4342835,0.08059549
57,136,0,22514,57,0,0,0.6312155,0.65276504
101,211,0,34921,101,0,0,2.8431277,0.9449624
26,129,0,21294,26,0,0,-1.8620393,0.13446553
1,25,0,4136,1,0,0,1.6360474,0.8369964
77,109,0,18039,77,0,0,-1.6453142,0.16174325
91,60,1,9991,91,0,0,2.3020887,0.90904987
124,14,1,2432,124,0,0,2.7703085,0.9410501
78,0,0,78,78,0,0,-2.6283884,0.06733359
16,209,0,34507,16,0,0,-1.9596634,0.123503484
91,150,0,24841,91,0,0,0.1452004,0.53623646
50,199,1,32893,50,0,0,1.0903363,0.74844503
70,215,1,35545,70,0,0,-0.32257694,0.42004785
131,60,1,10031,131,0,0,2.3020887,0.90904987
33,93,0,15371,33,0,0,-0.91739774,0.28548843
31,53,0,8764,31,0,0,1.8304937,0.8618205
87,116,1,19227,87,0,0,-1.2288566,0.22638161
138,39,0,6571,138,0,0,1.7614534,0.8533916
76,12,0,2044,76,0,0,1.1768677,0.76438415
36,68,0,11243,36,0,0,1.2596853,0.7789719
112,68,0,11328,112,0,0,1.2596853,0.7789719
27,128,1,21155,27,0,0,-0.8148542,0.30685705
147,75,0,12523,147,0,0,3.74163,0.976834
69,200,0,33062,69,0,0,-0.7016182,0.33145356
8,111,0,18319,8,0,0,2.9755948,0.95145935
121,131,0,21735,121,0,0,-3.1999748,0.03916667
106,209,0,34588,106,0,0,-1.9596634,0.123503484
144,35,1,5920,144,0,0,2.8851218,0.94710606
6,176,0,29056,6,0,0,-3.5805154,0.027106123
70,149,0,24655,70,0,0,-8.130502,0.0002943338
105,10,0,1766,105,0,0,0.89712363,0.710358
65,125,0,20691,65,0,0,-1.9668355,0.12272919
42,32,0,5320,42,0,0,0.9187327,0.7147838
135,148,0,24553,135,0,0,0.6483708,0.6566432
97,156,1,25836,97,0,0,-0.16150811,0.4597105
84,165,0,27311,84,0,0,-0.006789565,0.4983026
148,136,0,22589,148,0,0,0.6312155,0.65276504
135,147,0,24388,135,0,0,-3.2721286,0.03653982
137,118,1,19607,137,0,0,-1.6515181,0.16090389
129,25,1,4253,129,0,0,1.6360474,0.8369964
155,104,0,17311,155,0,0,0.6592166,0.6590844
104,73,0,12145,104,0,0,1.9125028,0.87130004
82,114,0,18894,82,0,0,2.3294578,0.9112875
115,14,0,2414,115,0,0,2.7703085,0.9410501
113,184,0,30461,113,0,0,1.0853381,0.74750286
76,18,0,3034,76,0,0,-2.078091,0.111244574
85,192,0,31768,85,0,0,-1.5278697,0.17830558
44,152,0,25124,44,0,0,-1.8155067,0.13997391
90,153,0,25335,90,0,0,0.12152326,0.5303435
52,86,0,14241,52,0,0,-4.75553,0.008530587
8,115,0,18979,8,0,0,-0.73210156,0.32473373
71,44,0,7317,71,0,0,-0.48415,0.38127264
155,159,0,26386,155,0,0,-2.837,0.055357214
153,216,0,35792,153,0,0,2.892348,0.94746685
83,20,0,3381,83,0,0,-0.9151546,0.28594622
8,141,0,23269,8,0,0,-0.30216512,0.4250283
63,174,0,28785,63,0,0,2.8199017,0.94374186
57,180,0,29774,57,0,0,-1.239552,0.22451398
136,135,0,22407,136,0,0,2.9254026,0.949088
28,103,0,17029,28,0,0,-0.4217812,0.3960906
33,159,0,26261,33,0,0,-2.837,0.055357214
77,43,0,7149,77,0,0,-1.1414603,0.24205235
144,22,0,3775,144,0,0,-2.961879,0.04917807
36,137,0,22628,36,0,0,-1.5596728,0.1736936
44,77,0,12749,44,0,0,-4.700327,0.009010379
47,193,1,31894,47,0,0,3.8734593,0.9796369
11,69,0,11416,11,0,0,-0.9257092,0.28379604
23,17,0,2810,23,0,0,-0.029760048,0.49256054
9,23,0,3819,9,0,0,2.125312,0.89333916
79,122,0,20209,79,0,0,-0.67312354,0.3377978
1,46,0,7601,1,0,0,-1.5868907,0.1698218
109,186,0,30802,109,0,0,-1.1687648,0.23707832
113,139,0,23036,113,0,0,0.74813247,0.6787716
16,73,0,12067,16,0,0,1.9125028,0.87130004
128,66,0,11016,128,0,0,-0.5698795,0.36126465
58,125,0,20696,58,0,0,-1.9668355,0.12272919
133,99,0,16474,133,0,0,-0.77462655,0.31547913
119,21,1,3570,119,0,0,0.48414403,0.61872596
36,76,0,12563,36,0,0,1.5490427,0.8247754
90,89,1,14775,90,0,0,-0.22568604,0.44381675
137,82,0,13667,137,0,0,-0.21422713,0.4466471
61,191,0,31576,61,0,0,-1.0265948,0.2637448
61,47,0,7816,61,0,0,5.323983,0.9951503
138,50,0,8386,138,0,0,-1.8266549,0.13863724
132,81,0,13500,132,0,0,0.2535166,0.56304187
66,134,0,22165,66,0,0,1.7873898,0.85660696
78,180,0,29778,78,0,0,-1.239552,0.22451398
4,76,0,12548,4,0,0,1.5490427,0.8247754
153,7,0,1307,153,0,0,-3.8243132,0.021366913
127,102,0,16955,127,0,0,-3.898174,0.019875845
130,97,0,16135,130,0,0,-1.0007296,0.268798
33,138,0,22796,33,0,0,0.21283814,0.55300957
112,105,1,17433,112,0,0,2.681119,0.9359033
87,100,0,16587,87,0,0,-0.17521295,0.45630848
108,62,0,10340,108,0,0,1.1302793,0.7558904
143,144,0,23903,143,0,0,-0.2694777,0.4330353
24,198,0,32707,24,0,0,-0.5406706,0.3680316
97,188,1,31116,97,0,0,-0.5415916,0.36781743
162,110,0,18313,162,0,0,0.166287,0.54147625
73,190,0,31419,73,0,0,-3.7208788,0.023640284
133,116,0,19279,133,0,0,-1.2288566,0.22638161
58,146,0,24161,58,0,0,0.25773755,0.56408006
130,56,1,9370,130,0,0,0.5575964,0.6358962
55,13,1,2221,55,0,0,-1.401005,0.19765668
148,32,0,5429,148,0,0,0.9187327,0.7147838
119,6,0,1095,119,0,0,-3.6607282,0.025069159
99,89,1,14783,99,0,0,-0.22568604,0.44381675
143,61,0,10208,143,0,0,2.373899,0.9148152
164,208,0,34481,164,0,0,1.4279368,0.80657965
59,44,0,7316,59,0,0,-0.48415,0.38127264
95,128,0,21214,95,0,0,-0.8148542,0.30685705
129,82,0,13658,129,0,0,-0.21422713,0.4466471
120,39,1,6553,120,0,0,1.7614534,0.8533916
29,168,1,27735,29,0,0,-4.738065,0.008679579
77,147,0,24309,77,0,0,-3.2721286,0.03653982
153,122,0,20282,153,0,0,-0.67312354,0.3377978
48,189,0,31232,48,0,0,0.13692778,0.53417856
24,180,0,29737,24,0,0,-1.239552,0.22451398
149,34,0,5757,149,0,0,-0.89774346,0.28951442
90,145,1,24015,90,0,0,3.5670865,0.97253746
161,8,0,1477,161,0,0,-3.5291336,0.028494563
62,182,0,30103,62,0,0,0.9060196,0.71218497
124,90,1,14972,124,0,0,-0.5269166,0.37123632
97,83,0,13791,97,0,0,0.86861223,0.70445687
26,16,0,2649,26,0,0,-0.33815083,0.41625872
18,58,0,9608,18,0,0,-0.8597182,0.2973982
17,171,0,28233,17,0,0,-0.72275156,0.32678735
101,8,0,1426,101,0,0,-3.5291336,0.028494563
19,22,0,3663,19,0,0,-2.961879,0.04917807
103,12,0,2097,103,0,0,1.1768677,0.76438415
121,23,0,3915,121,0,0,2.125312,0.89333916
107,86,0,14299,107,0,0,-4.75553,0.008530587
5,95,0,15703,5,0,0,-6.1478186,0.002133579
164,20,0,3461,164,0,0,-0.9151546,0.28594622
43,177,0,29253,43,0,0,-0.39797235,0.4017996
85,8,0,1408,85,0,0,-3.5291336,0.028494563
99,213,0,35243,99,0,0,-1.093512,0.25095752
143,39,0,6578,143,0,0,1.7614534,0.8533916
52,122,0,20181,52,0,0,-0.67312354,0.3377978
133,50,0,8389,133,0,0,-1.8266549,0.13863724
9,21,0,3489,9,0,0,0.48414403,0.61872596
112,23,0,3903,112,0,0,2.125312,0.89333916
62,136,0,22513,62,0,0,0.6312155,0.65276504
35,73,0,12070,35,0,0,1.9125028,0.87130004
16,22,0,3652,16,0,0,-2.961879,0.04917807
41,42,0,6976,41,0,0,-0.4071209,0.39960268
4,182,0,30038,4,0,0,0.9060196,0.71218497
64,108,0,17883,64,0,0,1.1149006,0.7530416
58,142,0,23501,58,0,0,-0.42403874,0.39555073
45,162,0,26772,45,0,0,-1.7663476,0.14599712
102,3,1,610,102,0,0,-1.6873546,0.15612406
15,111,0,18327,15,0,0,2.9755948,0.95145935
66,40,1,6655,66,0,0,0.5982514,0.64525616
71,87,0,14412,71,0,0,0.66993755,0.6614892
162,96,0,16003,162,0,0,-0.7005422,0.331692
55,194,1,32086,55,0,0,-1.0653789,0.2562829
136,36,0,6072,136,0,0,-7.329728,0.0006553221
133,34,0,5749,133,0,0,-0.89774346,0.28951442
131,186,0,30821,131,0,0,-1.1687648,0.23707832
138,11,0,1951,138,0,0,-10.404184,3.030449e-05
36,44,0,7283,36,0,0,-0.48415,0.38127264
146,33,0,5589,146,0,0,-0.51278126,0.37454176
24,34,0,5647,24,0,0,-0.89774346,0.28951442
91,78,0,12961,91,0,0,-0.025013804,0.49374688
33,12,0,2006,33,0,0,1.1768677,0.76438415
110,148,1,24539,110,0,0,0.6483708,0.6566432
93,53,0,8840,93,0,0,1.8304937,0.8618205
79,197,0,32584,79,0,0,-5.133575,0.005860894
124,91,0,15137,124,0,0,-0.20702364,0.44842815
69,28,0,4682,69,0,0,1.5404322,0.8235276
132,102,0,16965,132,0,0,-3.898174,0.019875845
150,125,0,20781,150,0,0,-1.9668355,0.12272919
20,158,0,26077,20,0,0,1.3191829,0.78904575
67,168,0,27779,67,0,0,-4.738065,0.008679579
109,189,0,31297,109,0,0,0.13692778,0.53417856
14,42,0,6932,14,0,0,-0.4071209,0.39960268
139,84,0,13998,139,0,0,1.6638818,0.8407584
106,23,0,3898,106,0,0,2.125312,0.89333916
117,138,0,22891,117,0,0,0.21283814,0.55300957
101,68,0,11326,101,0,0,1.2596853,0.7789719
14,80,0,13202,14,0,0,-0.059322357,0.48517376
30,87,0,14382,30,0,0,0.66993755,0.6614892
11,153,0,25276,11,0,0,0.12152326,0.5303435
69,7,0,1217,69,0,0,-3.8243132,0.021366913
107,165,0,27334,107,0,0,-0.006789565,0.4983026
51,110,0,18200,51,0,0,0.166287,0.54147625
159,54,0,9069,159,0,0,-2.8636465,0.053980183
36,110,1,18173,36,0,0,0.166287,0.54147625
137,164,0,27197,137,0,0,0.026692986,0.50667286
60,124,0,20532,60,0,0,-3.1635184,0.040561907
72,180,0,29765,72,0,0,-1.239552,0.22451398
127,93,0,15470,127,0,0,-0.91739774,0.28548843
119,189,0,31290,119,0,0,0.13692778,0.53417856
125,159,0,26362,125,0,0,-2.837,0.055357214
161,185,0,30682,161,0,0,0.88764185,0.7084033
31,74,0,12229,31,0,0,-0.62289315,0.34912375
151,33,0,5599,151,0,0,-0.51278126,0.37454176
98,44,0,7357,98,0,0,-0.48415,0.38127264
11,195,0,32206,11,0,0,-0.04642749,0.4883952
19,206,0,34023,19,0,0,-0.48542544,0.38097182
112,201,0,33273,112,0,0,-3.224447,0.03825603
94,3,0,588,94,0,0,-1.6873546,0.15612406
49,67,0,11096,49,0,0,2.2135396,0.9014588
127,145,0,24050,127,0,0,3.5670865,0.97253746
6,203,0,33511,6,0,0,-2.6337276,0.06699906
124,145,1,24047,124,0,0,3.5670865,0.97253746
120,14,1,2428,120,0,0,2.7703085,0.9410501
69,184,1,30422,69,0,0,1.0853381,0.74750286
53,30,0,5002,53,0,0,0.7758248,0.6847796
27,27,1,4490,27,0,0,3.8139992,0.9784163
129,206,0,34118,129,0,0,-0.48542544,0.38097182
137,210,0,34787,137,0,0,-0.4756602,0.38327742
40,98,0,16215,40,0,0,-0.6287151,0.34780195
116,85,0,14127,116,0,0,-1.010618,0.26685894
115,51,0,8519,115,0,0,-2.202098,0.09956226
114,168,1,27827,114,0,0,-4.738065,0.008679579
75,105,0,17392,75,0,0,2.681119,0.9359033
160,27,0,4619,160,0,0,3.8139992,0.9784163
45,119,0,19677,45,0,0,3.6162086,0.97381943
117,106,0,17611,117,0,0,-1.7601573,0.14677064
95,162,0,26824,95,0,0,-1.7663476,0.14599712
49,19,0,3176,49,0,0,-2.4047847,0.08280857
71,16,0,2697,71,0,0,-0.33815083,0.41625872
70,63,0,10465,70,0,0,-1.0092146,0.26713356
20,194,0,32017,20,0,0,-1.0653789,0.2562829
59,131,0,21671,59,0,0,-3.1999748,0.03916667
143,20,0,3443,143,0,0,-0.9151546,0.28594622
97,12,1,2076,97,0,0,1.1768677,0.76438415
151,210,0,34804,151,0,0,-0.4756602,0.38327742
158,88,0,14678,158,0,0,-5.5555143,0.0038511904
28,23,0,3829,28,0,0,2.125312,0.89333916
2,39,0,6441,2,0,0,1.7614534,0.8533916
133,67,0,11194,133,0,0,2.2135396,0.9014588
86,9,0,1567,86,0,0,-1.5924311,0.16904214
111,131,0,21729,111,0,0,-3.1999748,0.03916667
34,179,0,29548,34,0,0,-4.472768,0.011286829
72,175,0,28940,72,0,0,0.3924312,0.5968678
121,83,0,13815,121,0,0,0.86861223,0.70445687
25,203,0,33531,25,0,0,-2.6337276,0.06699906
124,194,0,32132,124,0,0,-1.0653789,0.2562829
60,47,0,7827,60,0,0,5.323983,0.9951503
26,102,0,16839,26,0,0,-3.898174,0.019875845
136,93,0,15477,136,0,0,-0.91739774,0.28548843
152,76,0,12690,152,0,0,1.5490427,0.8247754
61,203,1,33556,61,0,0,-2.6337276,0.06699906
162,56,0,9403,162,0,0,0.5575964,0.6358962
99,114,0,18908,99,0,0,2.3294578,0.9112875
91,107,0,17746,91,0,0,-2.4728017,0.07778701
109,64,1,10672,109,0,0,0.22370961,0.5556953
7,208,0,34320,7,0,0,1.4279368,0.80657965
74,121,1,20042,74,0,0,-5.4067316,0.0044662426
96,7,0,1254,96,0,0,-3.8243132,0.021366913
42,51,0,8455,42,0,0,-2.202098,0.09956226
20,146,0,24097,20,0,0,0.25773755,0.56408006
48,122,0,20177,48,0,0,-0.67312354,0.3377978
81,13,0,2228,81,0,0,-1.401005,0.19765668
141,11,0,1957,141,0,0,-10.404184,3.030449e-05
155,118,0,19621,155,0,0,-1.6515181,0.16090389
60,88,0,14592,60,0,0,-5.5555143,0.0038511904
84,199,1,32921,84,0,0,1.0903363,0.74844503
137,33,0,5582,137,0,0,-0.51278126,0.37454176
27,156,0,25775,27,0,0,-0.16150811,0.4597105
152,40,0,6750,152,0,0,0.5982514,0.64525616
82,50,0,8334,82,0,0,-1.8266549,0.13863724
28,129,0,21319,28,0,0,-1.8620393,0.13446553
76,119,0,19699,76,0,0,3.6162086,0.97381943
43,89,0,14733,43,0,0,-0.22568604,0.44381675
107,211,0,34924,107,0,0,2.8431277,0.9449624
70,99,0,16405,70,0,0,-0.77462655,0.31547913
45,216,0,35682,45,0,0,2.892348,0.94746685
65,160,0,26466,65,0,0,1.1701784,0.7631773
72,138,0,22835,72,0,0,0.21283814,0.55300957
50,168,1,27778,50,0,0,-4.738065,0.008679579
49,115,0,19016,49,0,0,-0.73210156,0.32473373
5,12,0,2008,5,0,0,1.1768677,0.76438415
106,62,0,10333,106,0,0,1.1302793,0.7558904
134,168,0,27854,134,0,0,-4.738065,0.008679579
4,205,0,33833,4,0,0,3.0824637,0.9561636
40,81,0,13410,40,0,0,0.2535166,0.56304187
101,54,0,9016,101,0,0,-2.8636465,0.053980183
52,100,0,16551,52,0,0,-0.17521295,0.45630848
78,157,0,25983,78,0,0,-0.5148577,0.37405545
137,1,0,302,137,0,0,-2.0700302,0.11204404
129,174,1,28838,129,0,0,2.8199017,0.94374186
101,213,0,35251,101,0,0,-1.093512,0.25095752
3,194,0,32020,3,0,0,-1.0653789,0.2562829
57,46,0,7664,57,0,0,-1.5868907,0.1698218
147,156,1,25888,147,0,0,-0.16150811,0.4597105
24,87,0,14392,24,0,0,0.66993755,0.6614892
129,94,1,15638,129,0,0,-0.25244072,0.43722284
104,117,0,19405,104,0,0,-1.0122952,0.2665309
79,196,0,32419,79,0,0,2.8387551,0.9447345
27,182,1,30065,27,0,0,0.9060196,0.71218497
9,31,0,5139,9,0,0,-2.0365837,0.11541507
19,102,0,16863,19,0,0,-3.898174,0.019875845
50,55,0,9133,50,0,0,-2.4251432,0.08127538
36,166,1,27413,36,0,0,2.7208607,0.9382464
116,65,1,10827,116,0,0,0.27131093,0.5674147
121,204,0,33780,121,0,0,-1.7779512,0.1445563
16,121,0,19987,16,0,0,-5.4067316,0.0044662426
130,197,0,32635,130,0,0,-5.133575,0.005860894
149,75,1,12522,149,0,0,3.74163,0.976834
25,20,0,3336,25,0,0,-0.9151546,0.28594622
146,148,0,24564,146,0,0,0.6483708,0.6566432
120,76,0,12658,120,0,0,1.5490427,0.8247754
100,208,0,34431,100,0,0,1.4279368,0.80657965
121,95,0,15795,121,0,0,-6.1478186,0.002133579
60,106,0,17562,60,0,0,-1.7601573,0.14677064
29,37,0,6120,29,0,0,-0.4699734,0.38462254
66,68,0,11275,66,0,0,1.2596853,0.7789719
158,104,0,17318,158,0,0,0.6592166,0.6590844
115,149,0,24689,115,0,0,-8.130502,0.0002943338
25,84,1,13896,25,0,0,1.6638818,0.8407584
115,199,1,32939,115,0,0,1.0903363,0.74844503
92,172,0,28472,92,0,0,-1.4617598,0.18819831
99,100,0,16598,99,0,0,-0.17521295,0.45630848
51,173,1,28595,51,0,0,0.9896576,0.7290203
152,54,0,9060,152,0,0,-2.8636465,0.053980183
157,20,0,3455,157,0,0,-0.9151546,0.28594622
80,191,0,31595,80,0,0,-1.0265948,0.2637448
118,150,0,24863,118,0,0,0.1452004,0.53623646
151,77,0,12859,151,0,0,-4.700327,0.009010379
144,148,0,24565,144,0,0,0.6483708,0.6566432
142,166,0,27530,142,0,0,2.7208607,0.9382464
158,131,0,21773,158,0,0,-3.1999748,0.03916667
46,77,0,12748,46,0,0,-4.700327,0.009010379
63,60,0,9975,63,0,0,2.3020887,0.90904987
157,113,0,18800,157,0,0,-8.208279,0.00027231502
57,156,1,25814,57,0,0,-0.16150811,0.4597105
56,112,1,18540,56,0,0,-0.83005846,0.3036327
142,36,0,6080,142,0,0,-7.329728,0.0006553221
135,16,0,2773,135,0,0,-0.33815083,0.41625872
112,35,1,5883,112,0,0,2.8851218,0.94710606
20,84,1,13867,20,0,0,1.6638818,0.8407584
91,213,0,35236,91,0,0,-1.093512,0.25095752
49,25,1,4166,49,0,0,1.6360474,0.8369964
21,34,0,5630,21,0,0,-0.89774346,0.28951442
78,21,0,3543,78,0,0,0.48414403,0.61872596
45,99,0,16377,45,0,0,-0.77462655,0.31547913
32,40,1,6632,32,0,0,0.5982514,0.64525616
85,27,0,4543,85,0,0,3.8139992,0.9784163
105,167,1,27671,105,0,0,-1.4176092,0.19503665
93,68,0,11315,93,0,0,1.2596853,0.7789719
47,43,0,7144,47,0,0,-1.1414603,0.24205235
23,32,0,5285,23,0,0,0.9187327,0.7147838
120,130,1,21568,120,0,0,-0.9771749,0.2734527
37,0,0,21,37,0,0,-2.6283884,0.06733359
72,73,0,12110,72,0,0,1.9125028,0.87130004
79,14,0,2389,79,0,0,2.7703085,0.9410501
131,129,1,21416,131,0,0,-1.8620393,0.13446553
65,31,0,5181,65,0,0,-2.0365837,0.11541507
128,202,0,33456,128,0,0,-2.6920795,0.06344234
17,163,0,26913,17,0,0,-0.14802814,0.4630604
145,27,0,4601,145,0,0,3.8139992,0.9784163
88,12,0,2065,88,0,0,1.1768677,0.76438415
121,97,0,16125,121,0,0,-1.0007296,0.268798
27,102,0,16865,27,0,0,-3.898174,0.019875845
105,203,0,33611,105,0,0,-2.6337276,0.06699906
112,75,0,12483,112,0,0,3.74163,0.976834
78,136,0,22518,78,0,0,0.6312155,0.65276504
157,138,0,22925,157,0,0,0.21283814,0.55300957
13,107,0,17694,13,0,0,-2.4728017,0.07778701
131,161,0,26696,131,0,0,-2.3605657,0.086229615
83,102,0,16911,83,0,0,-3.898174,0.019875845
146,133,0,22089,146,0,0,-3.5224102,0.028681276
127,40,0,6725,127,0,0,0.5982514,0.64525616
97,49,0,8181,97,0,0,-2.9024777,0.052031215
132,113,1,18780,132,0,0,-8.208279,0.00027231502
70,205,1,33895,70,0,0,3.0824637,0.9561636
75,203,0,33562,75,0,0,-2.6337276,0.06699906
120,64,1,10678,120,0,0,0.22370961,0.5556953
116,154,0,25512,116,0,0,-2.4342835,0.08059549
124,54,0,9032,124,0,0,-2.8636465,0.053980183
93,120,0,19895,93,0,0,-4.1045628,0.01622949
158,73,0,12203,158,0,0,1.9125028,0.87130004
52,77,0,12756,52,0,0,-4.700327,0.009010379
84,180,0,29786,84,0,0,-1.239552,0.22451398
1,86,0,14201,1,0,0,-4.75553,0.008530587
81,52,0,8663,81,0,0,-0.6370729,0.34590852
3,20,0,3310,3,0,0,-0.9151546,0.28594622
71,152,0,25137,71,0,0,-1.8155067,0.13997391
81,190,0,31433,81,0,0,-3.7208788,0.023640284
126,28,0,4749,126,0,0,1.5404322,0.8235276
50,63,0,10453,50,0,0,-1.0092146,0.26713356
25,105,0,17361,25,0,0,2.681119,0.9359033
23,68,1,11225,23,0,0,1.2596853,0.7789719
155,111,0,18466,155,0,0,2.9755948,0.95145935
136,99,0,16467,136,0,0,-0.77462655,0.31547913
136,18,0,3102,136,0,0,-2.078091,0.111244574
107,186,0,30799,107,0,0,-1.1687648,0.23707832
95,136,0,22534,95,0,0,0.6312155,0.65276504
81,205,0,33908,81,0,0,3.0824637,0.9561636
93,151,0,25010,93,0,0,-3.830502,0.021237884
69,125,1,20687,69,0,0,-1.9668355,0.12272919
3,123,0,20305,3,0,0,-2.4279943,0.08106276
30,189,0,31212,30,0,0,0.13692778,0.53417856
94,23,0,3888,94,0,0,2.125312,0.89333916
91,38,0,6361,91,0,0,-2.0364141,0.115432374
20,45,0,7432,20,0,0,1.1304882,0.755929
132,88,0,14655,132,0,0,-5.5555143,0.0038511904
93,162,0,26825,93,0,0,-1.7663476,0.14599712
44,148,0,24464,44,0,0,0.6483708,0.6566432
23,141,0,23270,23,0,0,-0.30216512,0.4250283
29,195,0,32190,29,0,0,-0.04642749,0.4883952
54,82,0,13583,54,0,0,-0.21422713,0.4466471
31,70,0,11569,31,0,0,-2.8239853,0.056041732
119,152,0,25185,119,0,0,-1.8155067,0.13997391
92,44,0,7352,92,0,0,-0.48415,0.38127264
25,168,0,27756,25,0,0,-4.738065,0.008679579
55,161,0,26641,55,0,0,-2.3605657,0.086229615
30,214,0,35337,30,0,0,0.30544943,0.57577413
35,177,0,29230,35,0,0,-0.39797235,0.4017996
13,85,0,14064,13,0,0,-1.010618,0.26685894
5,56,1,9268,5,0,0,0.5575964,0.6358962
14,78,0,12872,14,0,0,-0.025013804,0.49374688
44,207,0,34199,44,0,0,-3.4952805,0.029446814
163,52,0,8742,163,0,0,-0.6370729,0.34590852
112,110,0,18258,112,0,0,0.166287,0.54147625
111,93,0,15459,111,0,0,-0.91739774,0.28548843
154,91,0,15175,154,0,0,-0.20702364,0.44842815
124,50,0,8372,124,0,0,-1.8266549,0.13863724
135,66,1,11023,135,0,0,-0.5698795,0.36126465
108,206,0,34100,108,0,0,-0.48542544,0.38097182
93,107,0,17750,93,0,0,-2.4728017,0.07778701
74,5,0,902,74,0,0,-4.3107796,0.013245288
147,196,0,32488,147,0,0,2.8387551,0.9447345
133,63,0,10534,133,0,0,-1.0092146,0.26713356
53,163,0,26947,53,0,0,-0.14802814,0.4630604
133,44,0,7399,133,0,0,-0.48415,0.38127264
156,159,0,26388,156,0,0,-2.837,0.055357214
136,199,1,32967,136,0,0,1.0903363,0.74844503
52,179,0,29586,52,0,0,-4.472768,0.011286829
109,126,0,20902,109,0,0,-1.7666025,0.14596535
86,142,0,23512,86,0,0,-0.42403874,0.39555073
22,148,1,24423,22,0,0,0.6483708,0.6566432
134,6,1,1124,134,0,0,-3.6607282,0.025069159
16,7,0,1177,16,0,0,-3.8243132,0.021366913
161,62,0,10387,161,0,0,1.1302793,0.7558904
95,97,0,16099,95,0,0,-1.0007296,0.268798
7,85,0,14025,7,0,0,-1.010618,0.26685894
160,199,1,32999,160,0,0,1.0903363,0.74844503
141,165,0,27367,141,0,0,-0.006789565,0.4983026
0,165,0,27242,0,0,0,-0.006789565,0.4983026
130,155,0,25705,130,0,0,-0.32563835,0.41930225
128,7,0,1281,128,0,0,-3.8243132,0.021366913
55,187,0,30931,55,0,0,0.65044945,0.65711176
21,164,0,27080,21,0,0,0.026692986,0.50667286
5,51,0,8443,5,0,0,-2.202098,0.09956226
1,119,0,19646,1,0,0,3.6162086,0.97381943
89,195,0,32264,89,0,0,-0.04642749,0.4883952
95,71,0,11809,95,0,0,-4.3468447,0.012782104
100,205,0,33936,100,0,0,3.0824637,0.9561636
10,186,0,30720,10,0,0,-1.1687648,0.23707832
88,148,0,24505,88,0,0,0.6483708,0.6566432
110,152,0,25199,110,0,0,-1.8155067,0.13997391
98,143,0,23692,98,0,0,-1.0126758,0.2664565
127,94,0,15635,127,0,0,-0.25244072,0.43722284
78,30,0,5028,78,0,0,0.7758248,0.6847796
105,145,1,24041,105,0,0,3.5670865,0.97253746
152,129,0,21435,152,0,0,-1.8620393,0.13446553
97,125,1,20721,97,0,0,-1.9668355,0.12272919
78,85,0,14103,78,0,0,-1.010618,0.26685894
55,76,0,12616,55,0,0,1.5490427,0.8247754
130,109,0,18115,130,0,0,-1.6453142,0.16174325
33,118,0,19496,33,0,0,-1.6515181,0.16090389
3,217,0,35815,3,0,0,-0.9511688,0.27864984
19,201,0,33198,19,0,0,-3.224447,0.03825603
151,198,0,32824,151,0,0,-0.5406706,0.3680316
124,71,0,11837,124,0,0,-4.3468447,0.012782104
18,174,1,28748,18,0,0,2.8199017,0.94374186
6,90,0,14866,6,0,0,-0.5269166,0.37123632
106,95,0,15778,106,0,0,-6.1478186,0.002133579
95,212,0,35074,95,0,0,0.8991241,0.7107695
47,155,0,25624,47,0,0,-0.32563835,0.41930225
108,160,0,26510,108,0,0,1.1701784,0.7631773
19,48,0,7953,19,0,0,-2.4969263,0.07607394
29,117,0,19320,29,0,0,-1.0122952,0.2665309
130,77,0,12835,130,0,0,-4.700327,0.009010379
132,18,0,3105,132,0,0,-2.078091,0.111244574
134,138,0,22904,134,0,0,0.21283814,0.55300957
47,44,0,7309,47,0,0,-0.48415,0.38127264
127,41,0,6890,127,0,0,4.0977917,0.98366207
129,135,1,22403,129,0,0,2.9254026,0.949088
150,212,1,35136,150,0,0,0.8991241,0.7107695
76,79,0,13099,76,0,0,-3.39921,0.032320164
45,189,0,31227,45,0,0,0.13692778,0.53417856
97,180,0,29796,97,0,0,-1.239552,0.22451398
163,206,0,34152,163,0,0,-0.48542544,0.38097182
72,140,0,23165,72,0,0,-2.2864366,0.09225252
68,90,0,14918,68,0,0,-0.5269166,0.37123632
42,133,0,21985,42,0,0,-3.5224102,0.028681276
85,151,0,25003,85,0,0,-3.830502,0.021237884
115,110,0,18254,115,0,0,0.166287,0.54147625
123,103,0,17119,123,0,0,-0.4217812,0.3960906
105,201,0,33281,105,0,0,-3.224447,0.03825603
141,204,0,33802,141,0,0,-1.7779512,0.1445563
24,119,0,19672,24,0,0,3.6162086,0.97381943
96,38,0,6369,96,0,0,-2.0364141,0.115432374
89,165,0,27314,89,0,0,-0.006789565,0.4983026
69,139,0,22997,69,0,0,0.74813247,0.6787716
70,4,0,730,70,0,0,-0.69811064,0.33223125
34,63,0,10408,34,0,0,-1.0092146,0.26713356
117,71,0,11836,117,0,0,-4.3468447,0.012782104
125,174,1,28837,125,0,0,2.8199017,0.94374186
14,41,0,6767,14,0,0,4.0977917,0.98366207
19,9,0,1518,19,0,0,-1.5924311,0.16904214
0,43,0,7112,0,0,0,-1.1414603,0.24205235
102,129,1,21400,102,0,0,-1.8620393,0.13446553
82,197,0,32589,82,0,0,-5.133575,0.005860894
95,182,0,30124,95,0,0,0.9060196,0.71218497
91,62,0,10321,91,0,0,1.1302793,0.7558904
100,81,0,13476,100,0,0,0.2535166,0.56304187
14,102,0,16832,14,0,0,-3.898174,0.019875845
5,0,0,28,5,0,0,-2.6283884,0.06733359
125,147,0,24382,125,0,0,-3.2721286,0.03653982
112,149,0,24693,112,0,0,-8.130502,0.0002943338
75,156,0,25807,75,0,0,-0.16150811,0.4597105
122,121,0,20088,122,0,0,-5.4067316,0.0044662426
158,35,1,5933,158,0,0,2.8851218,0.94710606
159,147,0,24414,159,0,0,-3.2721286,0.03653982
110,177,0,29324,110,0,0,-0.39797235,0.4017996
138,73,0,12181,138,0,0,1.9125028,0.87130004
26,39,0,6444,26,0,0,1.7614534,0.8533916
21,195,0,32195,21,0,0,-0.04642749,0.4883952
53,186,0,30742,53,0,0,-1.1687648,0.23707832
22,40,1,6603,22,0,0,0.5982514,0.64525616
0,59,0,9752,0,0,0,1.2554069,0.7782344
149,9,0,1632,149,0,0,-1.5924311,0.16904214
135,139,0,23068,135,0,0,0.74813247,0.6787716
120,57,1,9523,120,0,0,4.307292,0.98670906
26,95,0,15684,26,0,0,-6.1478186,0.002133579
34,83,0,13708,34,0,0,0.86861223,0.70445687
112,66,1,10998,112,0,0,-0.5698795,0.36126465
95,86,0,14284,95,0,0,-4.75553,0.008530587
5,3,0,523,5,0,0,-1.6873546,0.15612406
8,0,0,4,8,0,0,-2.6283884,0.06733359
136,67,0,11187,136,0,0,2.2135396,0.9014588
33,97,0,16031,33,0,0,-1.0007296,0.268798
93,47,0,7850,93,0,0,5.323983,0.9951503
30,193,0,31872,30,0,0,3.8734593,0.9796369
112,189,0,31293,112,0,0,0.13692778,0.53417856
157,189,0,31340,157,0,0,0.13692778,0.53417856
58,28,0,4691,58,0,0,1.5404322,0.8235276
74,41,0,6842,74,0,0,4.0977917,0.98366207
81,103,0,17078,81,0,0,-0.4217812,0.3960906
57,121,0,20039,57,0,0,-5.4067316,0.0044662426
121,191,0,31635,121,0,0,-1.0265948,0.2637448
45,24,0,4002,45,0,0,2.4342709,0.91940355
144,55,0,9220,144,0,0,-2.4251432,0.08127538
10,120,0,19830,10,0,0,-4.1045628,0.01622949
0,180,0,29717,0,0,0,-1.239552,0.22451398
143,162,0,26873,143,0,0,-1.7663476,0.14599712
94,0,0,93,94,0,0,-2.6283884,0.06733359
130,61,0,10195,130,0,0,2.373899,0.9148152
111,208,0,34434,111,0,0,1.4279368,0.80657965
87,142,1,23517,87,0,0,-0.42403874,0.39555073
45,40,0,6642,45,0,0,0.5982514,0.64525616
85,179,0,29623,85,0,0,-4.472768,0.011286829
85,72,0,11968,85,0,0,0.93011564,0.7170988
46,90,0,14893,46,0,0,-0.5269166,0.37123632
77,168,0,27774,77,0,0,-4.738065,0.008679579
65,7,0,1221,65,0,0,-3.8243132,0.021366913
82,167,1,27639,82,0,0,-1.4176092,0.19503665
39,71,0,11729,39,0,0,-4.3468447,0.012782104
3,72,1,11890,3,0,0,0.93011564,0.7170988
38,178,0,29399,38,0,0,-2.9037356,0.051969204
99,19,0,3233,99,0,0,-2.4047847,0.08280857
123,36,0,6064,123,0,0,-7.329728,0.0006553221
135,192,0,31813,135,0,0,-1.5278697,0.17830558
128,114,0,18936,128,0,0,2.3294578,0.9112875
151,82,0,13684,151,0,0,-0.21422713,0.4466471
88,146,0,24175,88,0,0,0.25773755,0.56408006
142,135,1,22415,142,0,0,2.9254026,0.949088
17,179,0,29553,17,0,0,-4.472768,0.011286829
2,94,1,15516,2,0,0,-0.25244072,0.43722284
37,81,0,13386,37,0,0,0.2535166,0.56304187
154,172,0,28540,154,0,0,-1.4617598,0.18819831
79,189,0,31264,79,0,0,0.13692778,0.53417856
86,195,0,32257,86,0,0,-0.04642749,0.4883952
5,71,0,11743,5,0,0,-4.3468447,0.012782104
84,11,0,1901,84,0,0,-10.404184,3.030449e-05
36,145,0,23948,36,0,0,3.5670865,0.97253746
154,208,0,34480,154,0,0,1.4279368,0.80657965
51,94,0,15560,51,0,0,-0.25244072,0.43722284
82,49,0,8169,82,0,0,-2.9024777,0.052031215
42,125,0,20665,42,0,0,-1.9668355,0.12272919
131,171,1,28346,131,0,0,-0.72275156,0.32678735
2,73,0,12051,2,0,0,1.9125028,0.87130004
113,91,0,15116,113,0,0,-0.20702364,0.44842815
130,82,0,13660,130,0,0,-0.21422713,0.4466471
100,50,0,8361,100,0,0,-1.8266549,0.13863724
13,159,0,26274,13,0,0,-2.837,0.055357214
120,106,1,17608,120,0,0,-1.7601573,0.14677064
102,51,0,8530,102,0,0,-2.202098,0.09956226
31,34,0,5629,31,0,0,-0.89774346,0.28951442
49,46,0,7631,49,0,0,-1.5868907,0.1698218
1,204,0,33671,1,0,0,-1.7779512,0.1445563
21,202,0,33350,21,0,0,-2.6920795,0.06344234
122,200,0,33123,122,0,0,-0.7016182,0.33145356
24,160,0,26437,24,0,0,1.1701784,0.7631773
132,20,0,3435,132,0,0,-0.9151546,0.28594622
64,64,0,10623,64,0,0,0.22370961,0.5556953
29,208,0,34335,29,0,0,1.4279368,0.80657965
36,169,0,27908,36,0,0,-2.2903948,0.09192159
128,200,0,33126,128,0,0,-0.7016182,0.33145356
16,64,0,10582,16,0,0,0.22370961,0.5556953
1,26,0,4301,1,0,0,-1.9577229,0.123713695
54,65,1,10778,54,0,0,0.27131093,0.5674147
0,187,0,30872,0,0,0,0.65044945,0.65711176
158,170,0,28208,158,0,0,-1.2602379,0.22093293
105,107,1,17771,105,0,0,-2.4728017,0.07778701
120,67,0,11173,120,0,0,2.2135396,0.9014588
9,119,0,19659,9,0,0,3.6162086,0.97381943
60,61,0,10137,60,0,0,2.373899,0.9148152
2,123,0,20301,2,0,0,-2.4279943,0.08106276
50,200,0,33058,50,0,0,-0.7016182,0.33145356
14,142,0,23432,14,0,0,-0.42403874,0.39555073
156,36,0,6093,156,0,0,-7.329728,0.0006553221
141,94,0,15652,141,0,0,-0.25244072,0.43722284
149,6,0,1137,149,0,0,-3.6607282,0.025069159
121,108,0,17940,121,0,0,1.1149006,0.7530416
0,70,0,11567,0,0,0,-2.8239853,0.056041732
160,31,1,5279,160,0,0,-2.0365837,0.11541507
17,134,0,22128,17,0,0,1.7873898,0.85660696
78,76,0,12618,78,0,0,1.5490427,0.8247754
85,32,0,5368,85,0,0,0.9187327,0.7147838
19,130,0,21483,19,0,0,-0.9771749,0.2734527
82,211,1,34899,82,0,0,2.8431277,0.9449624
118,162,0,26843,118,0,0,-1.7663476,0.14599712
44,145,0,23969,44,0,0,3.5670865,0.97253746
144,176,0,29185,144,0,0,-3.5805154,0.027106123
118,173,1,28658,118,0,0,0.9896576,0.7290203
123,90,0,14974,123,0,0,-0.5269166,0.37123632
129,64,0,10688,129,0,0,0.22370961,0.5556953
129,192,0,31808,129,0,0,-1.5278697,0.17830558
29,1,0,180,29,0,0,-2.0700302,0.11204404
141,126,0,20932,141,0,0,-1.7666025,0.14596535
44,87,0,14399,44,0,0,0.66993755,0.6614892
70,60,1,9970,70,0,0,2.3020887,0.90904987
49,56,1,9281,49,0,0,0.5575964,0.6358962
85,174,1,28798,85,0,0,2.8199017,0.94374186
94,115,0,19068,94,0,0,-0.73210156,0.32473373
74,63,0,10472,74,0,0,-1.0092146,0.26713356
36,138,0,22793,36,0,0,0.21283814,0.55300957
97,75,1,12471,97,0,0,3.74163,0.976834
160,33,0,5609,160,0,0,-0.51278126,0.37454176
147,112,0,18628,147,0,0,-0.83005846,0.3036327
60,32,0,5352,60,0,0,0.9187327,0.7147838
93,115,0,19070,93,0,0,-0.73210156,0.32473373
106,113,0,18748,106,0,0,-8.208279,0.00027231502
46,172,0,28423,46,0,0,-1.4617598,0.18819831
66,170,1,28105,66,0,0,-1.2602379,0.22093293
64,152,0,25143,64,0,0,-1.8155067,0.13997391
88,153,0,25330,88,0,0,0.12152326,0.5303435
159,190,0,31509,159,0,0,-3.7208788,0.023640284
35,212,0,35005,35,0,0,0.8991241,0.7107695
137,39,0,6572,137,0,0,1.7614534,0.8533916
17,138,0,22788,17,0,0,0.21283814,0.55300957
89,133,0,22034,89,0,0,-3.5224102,0.028681276
90,48,1,8010,90,0,0,-2.4969263,0.07607394
69,175,0,28937,69,0,0,0.3924312,0.5968678
101,7,0,1261,101,0,0,-3.8243132,0.021366913
106,195,0,32278,106,0,0,-0.04642749,0.4883952
116,212,0,35082,116,0,0,0.8991241,0.7107695
42,204,0,33700,42,0,0,-1.7779512,0.1445563
134,105,0,17459,134,0,0,2.681119,0.9359033
161,108,1,17977,161,0,0,1.1149006,0.7530416
106,45,0,7528,106,0,0,1.1304882,0.755929
3,157,0,25915,3,0,0,-0.5148577,0.37405545
128,122,0,20256,128,0,0,-0.67312354,0.3377978
28,198,0,32704,28,0,0,-0.5406706,0.3680316
132,152,0,25215,132,0,0,-1.8155067,0.13997391
131,135,1,22406,131,0,0,2.9254026,0.949088
124,97,1,16127,124,0,0,-1.0007296,0.268798
163,173,0,28707,163,0,0,0.9896576,0.7290203
35,17,1,2830,35,0,0,-0.029760048,0.49256054
151,162,0,26884,151,0,0,-1.7663476,0.14599712
66,42,0,6985,66,0,0,-0.4071209,0.39960268
151,190,0,31504,151,0,0,-3.7208788,0.023640284
54,195,0,32228,54,0,0,-0.04642749,0.4883952
106,167,0,27658,106,0,0,-1.4176092,0.19503665
8,22,0,3634,8,0,0,-2.961879,0.04917807
21,183,0,30215,21,0,0,-1.6336029,0.16333741
41,67,0,11101,41,0,0,2.2135396,0.9014588
128,59,0,9861,128,0,0,1.2554069,0.7782344
128,193,1,31971,128,0,0,3.8734593,0.9796369
115,34,0,5714,115,0,0,-0.89774346,0.28951442
1,155,0,25586,1,0,0,-0.32563835,0.41930225
13,163,0,26934,13,0,0,-0.14802814,0.4630604
51,119,0,19685,51,0,0,3.6162086,0.97381943
104,35,1,5875,104,0,0,2.8851218,0.94710606
81,137,1,22688,81,0,0,-1.5596728,0.1736936
92,85,0,14117,92,0,0,-1.010618,0.26685894
87,202,0,33417,87,0,0,-2.6920795,0.06344234
140,12,0,2121,140,0,0,1.1768677,0.76438415
91,141,1,23356,91,0,0,-0.30216512,0.4250283
76,168,0,27784,76,0,0,-4.738065,0.008679579
43,194,1,32058,43,0,0,-1.0653789,0.2562829
147,162,0,26878,147,0,0,-1.7663476,0.14599712
57,141,0,23339,57,0,0,-0.30216512,0.4250283
25,17,0,2841,25,0,0,-0.029760048,0.49256054
122,203,0,33618,122,0,0,-2.6337276,0.06699906
109,67,0,11167,109,0,0,2.2135396,0.9014588
76,174,1,28774,76,0,0,2.8199017,0.94374186
22,49,1,8088,22,0,0,-2.9024777,0.052031215
126,80,0,13329,126,0,0,-0.059322357,0.48517376
123,74,0,12334,123,0,0,-0.62289315,0.34912375
156,194,0,32163,156,0,0,-1.0653789,0.2562829
120,202,0,33448,120,0,0,-2.6920795,0.06344234
163,208,0,34482,163,0,0,1.4279368,0.80657965
48,184,1,30407,48,0,0,1.0853381,0.74750286
106,132,0,21883,106,0,0,2.6511521,0.934082
86,179,0,29617,86,0,0,-4.472768,0.011286829
153,27,0,4607,153,0,0,3.8139992,0.9784163
31,98,0,16189,31,0,0,-0.6287151,0.34780195
1,134,0,22121,1,0,0,1.7873898,0.85660696
42,126,0,20830,42,0,0,-1.7666025,0.14596535
62,92,0,15253,62,0,0,-1.9034204,0.12972184
92,200,0,33092,92,0,0,-0.7016182,0.33145356
101,64,0,10666,101,0,0,0.22370961,0.5556953
145,68,0,11366,145,0,0,1.2596853,0.7789719
95,59,0,9829,95,0,0,1.2554069,0.7782344
129,166,0,27518,129,0,0,2.7208607,0.9382464
95,211,0,34909,95,0,0,2.8431277,0.9449624
41,165,1,27271,41,0,0,-0.006789565,0.4983026
60,86,0,14262,60,0,0,-4.75553,0.008530587
67,135,0,22334,67,0,0,2.9254026,0.949088
46,22,0,3673,46,0,0,-2.961879,0.04917807
87,154,0,25497,87,0,0,-2.4342835,0.08059549
84,71,0,11801,84,0,0,-4.3468447,0.012782104
8,123,0,20299,8,0,0,-2.4279943,0.08106276
160,147,0,24419,160,0,0,-3.2721286,0.03653982
63,5,1,900,63,0,0,-4.3107796,0.013245288
42,209,0,34525,42,0,0,-1.9596634,0.123503484
75,180,0,29767,75,0,0,-1.239552,0.22451398
32,26,0,4322,32,0,0,-1.9577229,0.123713695
86,69,0,11467,86,0,0,-0.9257092,0.28379604
126,101,0,16794,126,0,0,-2.8819857,0.053051293
100,178,0,29481,100,0,0,-2.9037356,0.051969204
15,48,0,7932,15,0,0,-2.4969263,0.07607394
6,36,0,5956,6,0,0,-7.329728,0.0006553221
107,216,0,35749,107,0,0,2.892348,0.94746685
52,76,0,12591,52,0,0,1.5490427,0.8247754
15,8,0,1332,15,0,0,-3.5291336,0.028494563
48,127,0,21002,48,0,0,0.97098786,0.72531635
132,116,1,19275,132,0,0,-1.2288566,0.22638161
66,149,0,24640,66,0,0,-8.130502,0.0002943338
129,127,0,21083,129,0,0,0.97098786,0.72531635
164,34,0,5771,164,0,0,-0.89774346,0.28951442
10,12,0,2010,10,0,0,1.1768677,0.76438415
104,174,1,28810,104,0,0,2.8199017,0.94374186
7,50,0,8250,7,0,0,-1.8266549,0.13863724
30,160,0,26427,30,0,0,1.1701784,0.7631773
15,2,0,342,15,0,0,-1.2846,0.21676822
2,29,0,4791,2,0,0,-0.34640875,0.41425356
38,34,0,5639,38,0,0,-0.89774346,0.28951442
106,92,0,15283,106,0,0,-1.9034204,0.12972184
121,189,0,31305,121,0,0,0.13692778,0.53417856
105,30,0,5066,105,0,0,0.7758248,0.6847796
50,130,0,21508,50,0,0,-0.9771749,0.2734527
16,216,0,35662,16,0,0,2.892348,0.94746685
77,206,0,34044,77,0,0,-0.48542544,0.38097182
25,45,0,7461,25,0,0,1.1304882,0.755929
161,114,0,18967,161,0,0,2.3294578,0.9112875
45,41,0,6807,45,0,0,4.0977917,0.98366207
128,182,0,30156,128,0,0,0.9060196,0.71218497
162,187,0,31018,162,0,0,0.65044945,0.65711176
140,187,0,30996,140,0,0,0.65044945,0.65711176
156,144,0,23913,156,0,0,-0.2694777,0.4330353
35,180,0,29725,35,0,0,-1.239552,0.22451398
41,61,0,10111,41,0,0,2.373899,0.9148152
78,127,0,21033,78,0,0,0.97098786,0.72531635
17,65,1,10743,17,0,0,0.27131093,0.5674147
110,158,0,26189,110,0,0,1.3191829,0.78904575
59,125,0,20681,59,0,0,-1.9668355,0.12272919
105,12,1,2096,105,0,0,1.1768677,0.76438415
111,85,0,14139,111,0,0,-1.010618,0.26685894
78,156,0,25818,78,0,0,-0.16150811,0.4597105
44,73,0,12089,44,0,0,1.9125028,0.87130004
61,1,0,226,61,0,0,-2.0700302,0.11204404
52,157,0,25956,52,0,0,-0.5148577,0.37405545
129,188,1,31148,129,0,0,-0.5415916,0.36781743
87,163,0,26982,87,0,0,-0.14802814,0.4630604
75,43,0,7162,75,0,0,-1.1414603,0.24205235
93,121,0,20060,93,0,0,-5.4067316,0.0044662426
82,67,0,11139,82,0,0,2.2135396,0.9014588
60,25,0,4197,60,0,0,1.6360474,0.8369964
127,204,0,33785,127,0,0,-1.7779512,0.1445563
39,68,0,11234,39,0,0,1.2596853,0.7789719
89,151,0,25004,89,0,0,-3.830502,0.021237884
41,15,0,2521,41,0,0,-1.212281,0.22929771
127,134,0,22235,127,0,0,1.7873898,0.85660696
51,158,0,26120,51,0,0,1.3191829,0.78904575
123,61,0,10189,123,0,0,2.373899,0.9148152
13,135,0,22314,13,0,0,2.9254026,0.949088
131,137,1,22736,131,0,0,-1.5596728,0.1736936
25,92,0,15216,25,0,0,-1.9034204,0.12972184
83,171,0,28296,83,0,0,-0.72275156,0.32678735
137,159,0,26372,137,0,0,-2.837,0.055357214
31,200,0,33019,31,0,0,-0.7016182,0.33145356
107,62,0,10339,107,0,0,1.1302793,0.7558904
18,129,0,21323,18,0,0,-1.8620393,0.13446553
102,10,1,1765,102,0,0,0.89712363,0.710358
145,147,0,24401,145,0,0,-3.2721286,0.03653982
39,22,0,3644,39,0,0,-2.961879,0.04917807
142,72,0,12020,142,0,0,0.93011564,0.7170988
46,10,0,1693,46,0,0,0.89712363,0.710358
162,52,0,8743,162,0,0,-0.6370729,0.34590852
111,182,0,30144,111,0,0,0.9060196,0.71218497
110,119,0,19754,110,0,0,3.6162086,0.97381943
120,53,0,8863,120,0,0,1.8304937,0.8618205
120,89,1,14803,120,0,0,-0.22568604,0.44381675
133,154,0,25549,133,0,0,-2.4342835,0.08059549
102,96,0,15955,102,0,0,-0.7005422,0.331692
62,193,1,31918,62,0,0,3.8734593,0.9796369
132,77,1,12840,132,0,0,-4.700327,0.009010379
150,85,1,14181,150,0,0,-1.010618,0.26685894
13,44,0,7299,13,0,0,-0.48415,0.38127264
93,59,0,9830,93,0,0,1.2554069,0.7782344
66,157,0,25960,66,0,0,-0.5148577,0.37405545
151,164,0,27214,151,0,0,0.026692986,0.50667286
158,64,0,10718,158,0,0,0.22370961,0.5556953
120,77,0,12823,120,0,0,-4.700327,0.009010379
99,160,0,26498,99,0,0,1.1701784,0.7631773
119,161,0,26670,119,0,0,-2.3605657,0.086229615
119,123,0,20400,119,0,0,-2.4279943,0.08106276
92,176,0,29132,92,0,0,-3.5805154,0.027106123
124,4,0,782,124,0,0,-0.69811064,0.33223125
130,118,1,19600,130,0,0,-1.6515181,0.16090389
76,89,0,14749,76,0,0,-0.22568604,0.44381675
12,91,0,15016,12,0,0,-0.20702364,0.44842815
64,137,1,22668,64,0,0,-1.5596728,0.1736936
140,103,0,17136,140,0,0,-0.4217812,0.3960906
162,184,0,30523,162,0,0,1.0853381,0.74750286
131,84,1,13991,131,0,0,1.6638818,0.8407584
1,120,0,19811,1,0,0,-4.1045628,0.01622949
7,192,0,31680,7,0,0,-1.5278697,0.17830558
69,161,0,26627,69,0,0,-2.3605657,0.086229615
93,136,0,22535,93,0,0,0.6312155,0.65276504
111,89,1,14799,111,0,0,-0.22568604,0.44381675
97,4,0,756,97,0,0,-0.69811064,0.33223125
98,172,0,28477,98,0,0,-1.4617598,0.18819831
157,125,0,20780,157,0,0,-1.9668355,0.12272919
22,54,0,8913,22,0,0,-2.8636465,0.053980183
128,111,0,18441,128,0,0,2.9755948,0.95145935
137,105,1,17462,137,0,0,2.681119,0.9359033
144,42,0,7075,144,0,0,-0.4071209,0.39960268
25,71,0,11751,25,0,0,-4.3468447,0.012782104
139,210,0,34788,139,0,0,-0.4756602,0.38327742
138,200,0,33136,138,0,0,-0.7016182,0.33145356
60,68,0,11292,60,0,0,1.2596853,0.7789719
99,41,0,6863,99,0,0,4.0977917,0.98366207
164,9,0,1646,164,0,0,-1.5924311,0.16904214
32,54,0,8942,32,0,0,-2.8636465,0.053980183
8,169,0,27889,8,0,0,-2.2903948,0.09192159
129,191,0,31643,129,0,0,-1.0265948,0.2637448
77,217,0,35859,77,0,0,-0.9511688,0.27864984
79,154,0,25489,79,0,0,-2.4342835,0.08059549
92,93,0,15437,92,0,0,-0.91739774,0.28548843
67,150,0,24809,67,0,0,0.1452004,0.53623646
156,101,0,16818,156,0,0,-2.8819857,0.053051293
111,16,0,2754,111,0,0,-0.33815083,0.41625872
27,6,0,1025,27,0,0,-3.6607282,0.025069159
98,155,0,25672,98,0,0,-0.32563835,0.41930225
132,31,1,5250,132,0,0,-2.0365837,0.11541507
109,116,0,19252,109,0,0,-1.2288566,0.22638161
119,102,0,16935,119,0,0,-3.898174,0.019875845
12,184,0,30361,12,0,0,1.0853381,0.74750286
4,93,0,15353,4,0,0,-0.91739774,0.28548843
138,112,0,18616,138,0,0,-0.83005846,0.3036327
126,181,0,29994,126,0,0,-1.7510238,0.14791812
57,73,0,12119,57,0,0,1.9125028,0.87130004
117,202,0,33451,117,0,0,-2.6920795,0.06344234
108,68,0,11330,108,0,0,1.2596853,0.7789719
120,110,0,18268,120,0,0,0.166287,0.54147625
42,201,0,33205,42,0,0,-3.224447,0.03825603
3,79,0,13045,3,0,0,-3.39921,0.032320164
96,214,1,35409,96,0,0,0.30544943,0.57577413
22,144,0,23763,22,0,0,-0.2694777,0.4330353
62,86,0,14263,62,0,0,-4.75553,0.008530587
4,114,0,18818,4,0,0,2.3294578,0.9112875
100,43,0,7206,100,0,0,-1.1414603,0.24205235
12,123,0,20296,12,0,0,-2.4279943,0.08106276
159,46,0,7749,159,0,0,-1.5868907,0.1698218
118,74,0,12323,118,0,0,-0.62289315,0.34912375
59,13,0,2201,59,0,0,-1.401005,0.19765668
114,88,0,14627,114,0,0,-5.5555143,0.0038511904
118,86,0,14303,118,0,0,-4.75553,0.008530587
150,51,0,8571,150,0,0,-2.202098,0.09956226
22,37,0,6108,22,0,0,-0.4699734,0.38462254
13,28,0,4659,13,0,0,1.5404322,0.8235276
135,36,0,6073,135,0,0,-7.329728,0.0006553221
155,122,0,20281,155,0,0,-0.67312354,0.3377978
60,52,0,8652,60,0,0,-0.6370729,0.34590852
123,43,0,7219,123,0,0,-1.1414603,0.24205235
25,69,1,11421,25,0,0,-0.9257092,0.28379604
19,213,0,35178,19,0,0,-1.093512,0.25095752
45,186,0,30732,45,0,0,-1.1687648,0.23707832
147,52,0,8728,147,0,0,-0.6370729,0.34590852
0,52,0,8597,0,0,0,-0.6370729,0.34590852
84,147,0,24341,84,0,0,-3.2721286,0.03653982
37,123,0,20316,37,0,0,-2.4279943,0.08106276
105,70,0,11666,105,0,0,-2.8239853,0.056041732
83,98,1,16251,83,0,0,-0.6287151,0.34780195
107,64,1,10669,107,0,0,0.22370961,0.5556953
54,81,0,13418,54,0,0,0.2535166,0.56304187
17,115,0,18993,17,0,0,-0.73210156,0.32473373
128,71,0,11841,128,0,0,-4.3468447,0.012782104
121,57,1,9525,121,0,0,4.307292,0.98670906
31,104,0,17179,31,0,0,0.6592166,0.6590844
7,213,0,35145,7,0,0,-1.093512,0.25095752
91,189,0,31276,91,0,0,0.13692778,0.53417856
24,167,0,27592,24,0,0,-1.4176092,0.19503665
93,89,1,14780,93,0,0,-0.22568604,0.44381675
61,58,1,9631,61,0,0,-0.8597182,0.2973982
137,12,1,2117,137,0,0,1.1768677,0.76438415
21,11,0,1835,21,0,0,-10.404184,3.030449e-05
5,52,0,8608,5,0,0,-0.6370729,0.34590852
116,115,0,19077,116,0,0,-0.73210156,0.32473373
108,169,0,27995,108,0,0,-2.2903948,0.09192159
109,34,0,5722,109,0,0,-0.89774346,0.28951442
47,53,1,8794,47,0,0,1.8304937,0.8618205
28,57,1,9439,28,0,0,4.307292,0.98670906
25,43,0,7131,25,0,0,-1.1414603,0.24205235
45,146,0,24132,45,0,0,0.25773755,0.56408006
157,214,0,35465,157,0,0,0.30544943,0.57577413
130,102,0,16960,130,0,0,-3.898174,0.019875845
51,180,0,29750,51,0,0,-1.239552,0.22451398
141,155,0,25717,141,0,0,-0.32563835,0.41930225
50,205,0,33883,50,0,0,3.0824637,0.9561636
141,72,0,12022,141,0,0,0.93011564,0.7170988
14,13,0,2147,14,0,0,-1.401005,0.19765668
35,37,1,6130,35,0,0,-0.4699734,0.38462254
147,47,0,7903,147,0,0,5.323983,0.9951503
53,178,0,29422,53,0,0,-2.9037356,0.051969204
47,22,0,3679,47,0,0,-2.961879,0.04917807
92,97,0,16097,92,0,0,-1.0007296,0.268798
25,42,0,6966,25,0,0,-0.4071209,0.39960268
26,191,0,31524,26,0,0,-1.0265948,0.2637448
52,150,0,24801,52,0,0,0.1452004,0.53623646
38,98,0,16199,38,0,0,-0.6287151,0.34780195
154,127,0,21115,154,0,0,0.97098786,0.72531635
160,160,1,26564,160,0,0,1.1701784,0.7631773
0,179,0,29552,0,0,0,-4.472768,0.011286829
144,129,0,21430,144,0,0,-1.8620393,0.13446553
95,164,0,27154,95,0,0,0.026692986,0.50667286
86,141,0,23347,86,0,0,-0.30216512,0.4250283
5,192,0,31708,5,0,0,-1.5278697,0.17830558
113,39,0,6536,113,0,0,1.7614534,0.8533916
44,177,0,29249,44,0,0,-0.39797235,0.4017996
85,107,0,17743,85,0,0,-2.4728017,0.07778701
101,27,0,4561,101,0,0,3.8139992,0.9784163
94,56,0,9333,94,0,0,0.5575964,0.6358962
114,94,0,15617,114,0,0,-0.25244072,0.43722284
22,190,1,31353,22,0,0,-3.7208788,0.023640284
8,31,0,5119,8,0,0,-2.0365837,0.11541507
135,210,0,34783,135,0,0,-0.4756602,0.38327742
22,128,1,21123,22,0,0,-0.8148542,0.30685705
122,86,0,14313,122,0,0,-4.75553,0.008530587
72,111,0,18380,72,0,0,2.9755948,0.95145935
161,61,0,10222,161,0,0,2.373899,0.9148152
52,118,0,19521,52,0,0,-1.6515181,0.16090389
83,53,1,8826,83,0,0,1.8304937,0.8618205
118,174,1,28823,118,0,0,2.8199017,0.94374186
65,94,0,15576,65,0,0,-0.25244072,0.43722284
31,106,0,17509,31,0,0,-1.7601573,0.14677064
114,54,0,9017,114,0,0,-2.8636465,0.053980183
80,15,0,2555,80,0,0,-1.212281,0.22929771
111,175,1,28989,111,0,0,0.3924312,0.5968678
37,178,0,29391,37,0,0,-2.9037356,0.051969204
77,160,0,26454,77,0,0,1.1701784,0.7631773
121,93,0,15465,121,0,0,-0.91739774,0.28548843
164,93,1,15506,164,0,0,-0.91739774,0.28548843
149,57,1,9552,149,0,0,4.307292,0.98670906
149,217,0,35952,149,0,0,-0.9511688,0.27864984
34,191,0,31528,34,0,0,-1.0265948,0.2637448
84,54,0,8996,84,0,0,-2.8636465,0.053980183
95,18,0,3064,95,0,0,-2.078091,0.111244574
113,147,0,24356,113,0,0,-3.2721286,0.03653982
68,18,0,3038,68,0,0,-2.0780911,0.11124455
149,87,0,14502,149,0,0,0.6699376,0.6614892
34,103,0,17008,34,0,0,-0.42178085,0.3960907
