Dock Index,Enzyme Index,Substrate Index,Label,dataset_id,tag,logit,prob
0,19,0,1,0,0,0.85911113,0.7024749
1,19,1,1,0,0,0.080727875,0.520171
2,131,2,1,0,0,-2.0300467,0.11608413
3,131,4,1,0,0,-4.9311457,0.0071664993
4,246,5,1,0,0,0.076159954,0.5190308
5,246,7,1,0,0,1.6521273,0.8391783
6,246,8,1,0,0,1.2966526,0.78527105
7,246,9,1,0,0,2.445292,0.9202165
8,246,10,1,0,0,1.9725451,0.8778842
10,133,12,1,0,0,-5.5505047,0.0038704572
11,181,13,1,0,0,-5.458372,0.004242411
12,181,14,1,0,0,-2.8915265,0.052574035
13,181,15,1,0,0,-3.7714965,0.022499703
14,242,17,1,0,0,-1.2442212,0.22370207
16,47,19,1,0,0,-4.926949,0.007196421
17,209,20,1,0,0,0.6206928,0.6503761
18,143,21,1,0,0,0.24626714,0.5612575
19,143,22,1,0,0,-3.5809255,0.02709531
20,97,23,1,0,0,-2.9756918,0.048536196
21,259,24,1,0,0,-2.2461495,0.095682114
22,175,25,1,0,0,-1.991668,0.12008051
23,36,26,1,0,0,-0.32409322,0.4196785
25,157,28,1,0,0,-3.7967768,0.021950362
35,118,39,1,0,0,-4.677856,0.009213257
36,24,40,1,0,0,-0.72070384,0.32723802
42,19,46,1,0,0,-0.42764387,0.39468908
43,19,47,1,0,0,0.1688878,0.5421219
44,44,48,1,0,0,-3.2088118,0.038835462
45,114,49,1,0,0,-5.399687,0.004497675
46,26,50,1,0,0,-5.3695445,0.0046346714
47,27,51,1,0,0,-9.168391,0.00010427327
48,27,52,1,0,0,-3.7346342,0.023324864
49,27,53,1,0,0,-8.634708,0.00017779379
50,291,54,1,0,0,-0.39843488,0.40168843
51,291,55,1,0,0,-1.1408916,0.24215671
52,291,56,1,0,0,-0.9355295,0.28180426
53,290,50,1,0,0,-5.0731964,0.006223398
55,178,15,1,0,0,-1.7522686,0.1477613
56,178,58,1,0,0,-3.1117826,0.042623844
57,10,1,1,0,0,-0.5649985,0.36239168
58,10,59,1,0,0,0.03442724,0.50860596
59,99,60,1,0,0,-9.834393,5.357403e-05
60,230,60,1,0,0,-7.5680237,0.0005164458
61,230,61,1,0,0,-6.413037,0.0016373511
79,63,75,1,0,0,-2.1550248,0.10386261
80,248,12,1,0,0,-4.904864,0.007355941
81,102,75,1,0,0,-6.4431295,0.0015888899
82,104,76,1,0,0,-3.5505114,0.027908698
83,103,77,1,0,0,-2.099247,0.109170035
84,13,78,1,0,0,-5.3923283,0.004530743
85,225,60,1,0,0,-10.610563,2.4653593e-05
86,203,79,1,0,0,-2.6743872,0.06450173
87,132,25,1,0,0,-2.9382815,0.05029329
88,132,80,1,0,0,-5.0839586,0.0061571896
89,115,12,1,0,0,-4.57502,0.010200962
90,35,81,1,0,0,-0.8074185,0.30844086
91,198,48,1,0,0,-2.918085,0.05126676
92,6,82,1,0,0,-6.843909,0.0010647938
93,177,83,1,0,0,-1.918741,0.12800203
94,177,24,1,0,0,-4.750905,0.008569793
95,177,84,1,0,0,-0.25426126,0.43677494
97,170,24,1,0,0,-2.6205382,0.06782825
98,31,86,1,0,0,-4.034571,0.017385656
99,30,23,1,0,0,-4.3551617,0.012677579
107,168,93,1,0,0,-2.3855205,0.084283516
108,22,94,1,0,0,-2.7929597,0.05770581
109,45,39,1,0,0,-3.714729,0.023782646
110,25,12,1,0,0,-2.6435287,0.06638899
115,14,24,1,0,0,-2.0532706,0.113722324
116,33,98,1,0,0,-9.188349,0.000102213075
117,174,25,1,0,0,-8.282642,0.00025280422
118,92,99,1,0,0,-5.691857,0.0033619823
121,137,102,1,0,0,3.0306199,0.9539384
122,137,103,1,0,0,2.6326046,0.9329307
123,127,104,1,0,0,-3.0276115,0.04619395
124,127,105,1,0,0,-2.7202194,0.061790746
125,139,106,1,0,0,1.0196748,0.73490924
126,139,107,1,0,0,1.9675338,0.877346
127,139,108,1,0,0,-7.989843,0.00033877252
128,139,109,1,0,0,2.524011,0.925808
132,70,113,1,0,0,-6.2350597,0.00195568
133,70,115,1,0,0,-0.98226845,0.2724419
134,69,117,1,0,0,-1.7892601,0.14316346
136,72,119,1,0,0,-11.042004,1.6014441e-05
137,72,120,1,0,0,-3.3098066,0.035236295
141,288,124,1,0,0,-5.2340493,0.005303613
150,285,133,1,0,0,0.8106126,0.69224006
151,235,134,1,0,0,-0.9673647,0.2754061
152,285,135,1,0,0,0.52967197,0.6294066
153,285,136,1,0,0,-3.7274494,0.0234891
154,285,138,1,0,0,1.6827326,0.843266
155,285,139,1,0,0,-2.8370328,0.055355493
158,84,142,1,0,0,-7.3381424,0.00064983475
159,84,143,1,0,0,-7.472893,0.000567959
160,263,99,1,0,0,-1.8624923,0.13441281
161,262,145,1,0,0,-0.9522766,0.2784272
162,263,146,1,0,0,-0.5938975,0.35574108
169,77,75,1,0,0,-2.1013453,0.108966134
170,245,0,1,0,0,0.9311524,0.717309
171,244,1,1,0,0,-1.007426,0.2674839
172,18,46,1,0,0,-0.4859583,0.38084614
173,20,152,1,0,0,-0.34480792,0.41464204
177,189,153,1,0,0,-1.913743,0.12856093
183,76,157,1,0,0,-9.671689,6.303931e-05
184,76,158,1,0,0,-4.017708,0.017676096
185,76,159,1,0,0,-6.414603,0.0016347925
186,76,160,1,0,0,-5.4181786,0.0044156336
187,66,161,1,0,0,-5.9413457,0.0026215992
188,66,162,1,0,0,-4.4715767,0.011300129
195,65,169,1,0,0,-6.626093,0.001323577
196,74,170,1,0,0,-3.448565,0.030811682
198,74,172,1,0,0,-9.418077,8.123546e-05
201,74,175,1,0,0,-6.64283,0.0013016373
202,75,176,1,0,0,-3.3572664,0.03365802
203,75,151,1,0,0,-8.164481,0.0002845033
204,74,125,1,0,0,-4.4670625,0.0113506755
206,85,178,1,0,0,-4.8517675,0.007753959
207,60,179,1,0,0,-4.980535,0.0068235057
208,85,180,1,0,0,-8.891537,0.0001375292
213,59,185,1,0,0,-7.270802,0.0006950705
214,9,186,1,0,0,-2.0047863,0.11870131
215,9,187,1,0,0,0.10925257,0.527286
216,273,25,1,0,0,-2.4517336,0.07931187
218,272,98,1,0,0,-4.249132,0.014075666
221,267,191,1,0,0,-1.0933466,0.2509886
222,274,192,1,0,0,-5.189065,0.0055462862
226,7,160,1,0,0,-5.950591,0.002597536
227,220,193,1,0,0,-1.1502674,0.24044025
228,167,24,1,0,0,-0.33236158,0.41766614
240,220,205,1,0,0,-0.61784387,0.350272
241,220,206,1,0,0,0.034263417,0.508565
244,17,209,1,0,0,-2.2248387,0.09754203
247,120,5,1,0,0,-2.8745255,0.05342732
250,121,214,1,0,0,-2.1630647,0.10311667
251,119,215,1,0,0,-2.2138534,0.098513335
253,122,217,1,0,0,-2.8563862,0.054352146
254,16,218,1,0,0,-2.7305055,0.061197117
255,16,219,1,0,0,-4.66524,0.009329137
256,277,220,1,0,0,-0.60581964,0.3530134
260,207,120,1,0,0,-0.023398936,0.49415052
261,207,225,1,0,0,-1.1073728,0.248361
262,206,226,1,0,0,-0.20534256,0.448844
263,206,227,1,0,0,-1.9570236,0.12378952
271,67,124,1,0,0,-2.6353202,0.066899575
272,67,177,1,0,0,-1.647367,0.16146512
273,67,233,1,0,0,-0.37862924,0.40645754
274,67,234,1,0,0,-2.0644798,0.11259743
275,67,136,1,0,0,-0.11469984,0.47135642
276,68,235,1,0,0,-4.711976,0.008906955
277,67,236,1,0,0,-0.61513555,0.3508886
283,93,241,1,0,0,-0.5145023,0.37413868
284,129,242,1,0,0,-1.2792325,0.2176809
290,265,246,1,0,0,-5.051256,0.0063605714
291,265,247,1,0,0,-7.0187054,0.0008941831
292,265,248,1,0,0,-7.572134,0.0005143285
296,142,60,1,0,0,-9.977498,4.643094e-05
305,154,60,1,0,0,-7.2700934,0.0006955628
307,201,259,1,0,0,-5.853902,0.0028604784
324,151,273,1,0,0,-5.232948,0.0053094267
325,152,60,1,0,0,-11.011678,1.6507525e-05
326,151,274,1,0,0,-8.4443035,0.0002150761
327,151,275,1,0,0,-8.693025,0.00016772373
328,151,276,1,0,0,0.24790192,0.56166005
333,204,17,1,0,0,-0.77799994,0.31475112
341,264,287,1,0,0,-1.533139,0.17753488
355,204,301,1,0,0,-1.0089748,0.26718053
356,204,302,1,0,0,-1.0502727,0.25917274
357,204,303,1,0,0,-0.28523833,0.42917
358,204,304,1,0,0,-0.9477965,0.27932817
359,204,305,1,0,0,-0.9876382,0.27137884
360,204,306,1,0,0,-3.7917724,0.022058057
361,204,307,1,0,0,-1.9940128,0.11983297
362,204,308,1,0,0,-1.4765193,0.18595372
363,204,309,1,0,0,-0.79462343,0.31117678
367,264,313,1,0,0,-0.8282939,0.30400592
368,264,314,1,0,0,-0.15490538,0.46135092
382,5,259,1,0,0,-4.366139,0.01254091
384,247,326,1,0,0,-0.1656735,0.4586761
385,149,327,1,0,0,-2.1727366,0.1022256
386,149,328,1,0,0,-3.0750647,0.04414761
387,149,329,1,0,0,0.8814644,0.7071256
390,73,331,1,0,0,-3.8836865,0.020160045
392,73,125,1,0,0,-3.0478907,0.045308627
393,73,332,1,0,0,-3.6787963,0.02463133
394,160,333,1,0,0,-5.4088745,0.0044567245
395,130,134,1,0,0,-0.6384772,0.34559086
396,135,134,1,0,0,-0.70464283,0.33078367
397,163,329,1,0,0,0.8180058,0.69381285
398,163,334,1,0,0,-2.1466997,0.10464003
399,163,335,1,0,0,-1.8118141,0.14041902
400,279,336,1,0,0,-2.8364224,0.055387415
401,279,337,1,0,0,-1.6177127,0.16552055
402,279,338,1,0,0,0.50711906,0.62413085
403,279,339,1,0,0,-0.54368937,0.36732975
404,279,340,1,0,0,-6.4082413,0.001645209
405,279,341,1,0,0,-2.2030513,0.099476814
406,163,342,1,0,0,0.28401923,0.5705313
407,163,343,1,0,0,-3.8298042,0.021252396
408,163,344,1,0,0,-2.5373173,0.07328316
409,163,345,1,0,0,-1.4076426,0.19660614
410,163,346,1,0,0,-0.82405216,0.30490416
411,163,347,1,0,0,-0.16119802,0.45978755
414,163,350,1,0,0,-0.9387652,0.28114983
415,279,351,1,0,0,-1.7214174,0.15168868
416,278,352,1,0,0,-1.978298,0.121500395
417,163,353,1,0,0,-3.6901565,0.024359876
418,163,354,1,0,0,-4.7610273,0.008484216
420,163,356,1,0,0,-3.886592,0.020102734
421,163,328,1,0,0,-3.7294633,0.02344295
422,163,357,1,0,0,-1.207866,0.23007886
423,164,358,1,0,0,-3.1010582,0.043063626
424,162,359,1,0,0,-3.8539658,0.020755587
425,280,360,1,0,0,-3.79525,0.021983165
426,163,361,1,0,0,-5.2058163,0.0054546553
427,163,362,1,0,0,0.14779335,0.5368812
428,163,363,1,0,0,-3.5205655,0.02873271
429,163,364,1,0,0,-4.610084,0.009852936
430,163,365,1,0,0,-2.8740144,0.053453177
431,163,366,1,0,0,-5.113715,0.005977751
432,163,367,1,0,0,-2.4137297,0.08213171
433,163,368,1,0,0,-3.451888,0.030712603
435,279,370,1,0,0,-4.3489943,0.0127550075
437,162,374,1,0,0,-2.77149,0.058884382
438,163,375,1,0,0,-6.133403,0.002164492
439,163,376,1,0,0,-0.5581011,0.36398694
440,163,377,1,0,0,-5.339863,0.0047736317
441,163,327,1,0,0,-2.6528687,0.06581242
442,161,380,1,0,0,-0.3852058,0.40487194
446,12,381,1,0,0,-6.0263767,0.0024084111
451,105,386,1,0,0,-1.4957294,0.18306333
457,144,390,1,0,0,0.26005834,0.56465065
458,144,391,1,0,0,-1.4163384,0.19523624
460,208,392,1,0,0,-1.6262476,0.16434504
461,34,326,1,0,0,-0.53264576,0.36990002
462,23,24,1,0,0,-4.981394,0.0068176882
463,256,393,1,0,0,-2.5343406,0.07348557
464,166,394,1,0,0,-1.673774,0.15792166
465,172,395,1,0,0,-4.90634,0.0073451693
466,172,75,1,0,0,-4.3838377,0.012323616
467,172,259,1,0,0,-2.491292,0.076470904
468,171,396,1,0,0,-1.7864492,0.14350861
469,134,24,1,0,0,-4.770527,0.008404676
470,196,153,1,0,0,-2.995298,0.04763875
471,234,327,1,0,0,-2.6840298,0.06392232
489,2,120,1,0,0,-0.5552786,0.3646406
490,96,80,1,0,0,-9.316227,8.994457e-05
491,145,24,1,0,0,-2.188516,0.100786515
492,243,259,1,0,0,-1.1361578,0.2430265
494,147,412,1,0,0,-0.52163076,0.37247097
495,281,413,1,0,0,-5.134639,0.005854699
496,156,414,1,0,0,-5.528403,0.0039566117
497,156,415,1,0,0,-3.9655855,0.018604254
498,109,416,1,0,0,-0.05546151,0.48613816
499,109,417,1,0,0,-0.15018576,0.46252397
500,180,418,1,0,0,-3.1546884,0.04090694
502,21,421,1,0,0,-1.5105102,0.18086319
505,183,425,1,0,0,-7.5617123,0.0005197139
507,210,426,1,0,0,-2.2452486,0.09576011
508,214,427,1,0,0,-7.1390347,0.0007928885
509,228,428,1,0,0,-3.805833,0.021756776
510,229,430,1,0,0,-0.82609385,0.30447164
512,141,432,1,0,0,3.2535162,0.96279925
513,217,433,1,0,0,-1.9240208,0.12741387
514,32,434,1,0,0,-6.499525,0.0015018943
515,113,435,1,0,0,3.5453105,0.9719499
1000,1,0,0,0,0,0.2970671,0.5737254
1001,5,0,0,0,0,-0.23504585,0.44150758
1002,42,0,0,0,0,0.45850664,0.6126599
1003,51,0,0,0,0,0.27144474,0.56744754
1004,53,0,0,0,0,-0.019959524,0.4950103
1005,57,0,0,0,0,0.4272673,0.6052209
1006,61,0,0,0,0,-0.29153955,0.427627
1007,109,0,0,0,0,0.7039346,0.6690596
1008,116,0,0,0,0,0.34116638,0.58447385
1009,124,0,0,0,0,-0.6608671,0.34054485
1010,150,0,0,0,0,1.2511873,0.77750534
1011,163,0,0,0,0,0.44252753,0.60886115
1012,166,0,0,0,0,-2.6703732,0.06474437
1013,220,0,0,0,0,-1.7104528,0.15310499
1014,231,0,0,0,0,-1.8975053,0.13039109
1015,236,0,0,0,0,1.3817141,0.79926616
1016,262,0,0,0,0,-1.7168884,0.15227239
1017,268,0,0,0,0,-1.2320952,0.22581492
1018,274,0,0,0,0,-1.248452,0.22296824
1019,13,1,0,0,0,-0.39422727,0.4027001
1020,41,1,0,0,0,-2.8658042,0.053870104
1021,47,1,0,0,0,-0.79714096,0.3106374
1022,48,1,0,0,0,-1.5217357,0.17920607
1023,61,1,0,0,0,-4.016516,0.0176968
1024,74,1,0,0,0,-13.556327,1.2958701e-06
1025,132,1,0,0,0,-2.7968314,0.057495642
1026,151,1,0,0,0,-0.71005714,0.3295862
1027,153,1,0,0,0,-2.3098829,0.090307765
1028,162,1,0,0,0,-0.5781436,0.35935986
1029,178,1,0,0,0,-1.168313,0.23716004
1030,182,1,0,0,0,-1.7619658,0.14654431
1031,186,1,0,0,0,-5.1823044,0.0055836993
1032,190,1,0,0,0,-5.1939845,0.0055192183
1033,192,1,0,0,0,-2.7638085,0.05931152
1034,196,1,0,0,0,-3.0444212,0.04545894
1035,208,1,0,0,0,-0.50789297,0.3756876
1036,209,1,0,0,0,-2.59093,0.06972444
1037,222,1,0,0,0,-3.7087073,0.023922855
1038,224,1,0,0,0,-5.327017,0.004835051
1039,243,1,0,0,0,-1.918251,0.12805672
1040,246,1,0,0,0,-0.93830556,0.28124273
1041,263,1,0,0,0,-6.081929,0.0022785629
1042,267,1,0,0,0,-4.668211,0.009301717
1043,272,1,0,0,0,-5.9095163,0.0027061559
1044,275,1,0,0,0,-4.22986,0.0143456375
1045,281,1,0,0,0,-1.2580535,0.22130914
1046,288,1,0,0,0,-1.1851819,0.23412177
1047,12,2,0,0,0,-2.388902,0.0840229
1048,16,2,0,0,0,-1.3753462,0.20175746
1049,25,2,0,0,0,-3.0048013,0.047209438
1050,66,2,0,0,0,-1.7428248,0.1489545
1051,115,2,0,0,0,-2.739342,0.060691405
1052,135,2,0,0,0,2.1477895,0.89546204
1053,220,2,0,0,0,-1.19062,0.23314808
1054,235,2,0,0,0,-3.853693,0.020761132
1055,254,2,0,0,0,-5.2320375,0.0053142365
1056,273,2,0,0,0,0.039635062,0.5099075
1057,276,2,0,0,0,-1.228369,0.22646701
1058,52,4,0,0,0,-3.4321272,0.031306356
1059,62,4,0,0,0,-3.4546869,0.030629393
1060,72,4,0,0,0,-7.859453,0.0003859359
1061,118,4,0,0,0,-3.8696463,0.020439267
1062,225,4,0,0,0,-3.2290328,0.03808767
1063,241,4,0,0,0,-5.0990114,0.006065759
1064,248,4,0,0,0,-6.447791,0.0015815122
1065,255,4,0,0,0,-3.835568,0.021132834
1066,278,4,0,0,0,-1.205102,0.23056886
1067,4,5,0,0,0,-2.329555,0.08870462
1068,16,5,0,0,0,-2.86687,0.053815812
1069,76,5,0,0,0,-1.2623899,0.22056276
1070,103,5,0,0,0,-1.2097638,0.22974285
1071,104,5,0,0,0,-1.6976869,0.1547676
1072,131,5,0,0,0,-0.18671054,0.4534575
1073,140,5,0,0,0,-2.4498966,0.079446115
1074,153,5,0,0,0,-1.3418131,0.20721206
1075,160,5,0,0,0,-1.6810126,0.15696143
1076,187,5,0,0,0,-4.355527,0.012673007
1077,209,5,0,0,0,-0.34874833,0.41368598
1078,227,5,0,0,0,0.062174678,0.5155387
1079,242,5,0,0,0,-1.8119164,0.14040668
1080,249,5,0,0,0,0.12402791,0.5309673
1081,255,5,0,0,0,-1.1115417,0.24758357
1082,260,5,0,0,0,-0.8702472,0.29520288
1083,267,5,0,0,0,-2.9656076,0.049004015
1084,279,5,0,0,0,-0.5286008,0.3708433
1085,291,5,0,0,0,-0.23737776,0.44093266
1086,17,7,0,0,0,-2.929436,0.050717473
1087,135,7,0,0,0,0.051990688,0.51299477
1088,150,7,0,0,0,-2.1965785,0.10005816
1089,164,7,0,0,0,1.6139848,0.8339639
1090,227,7,0,0,0,-0.06569362,0.4835825
1091,245,7,0,0,0,0.24971068,0.5621053
1092,257,7,0,0,0,-0.48684326,0.3806375
1093,264,7,0,0,0,-3.606678,0.026424648
1094,272,7,0,0,0,-3.9123552,0.019601459
1095,50,8,0,0,0,-2.301468,0.091001466
1096,93,8,0,0,0,-5.780628,0.0030772767
1097,134,8,0,0,0,-0.15292338,0.4618435
1098,158,8,0,0,0,-0.09775096,0.4755817
1099,221,8,0,0,0,-1.7695019,0.14560428
1100,229,8,0,0,0,-0.78852975,0.31248444
1101,236,8,0,0,0,-0.3588199,0.41124526
1102,241,8,0,0,0,-0.94997317,0.27889022
1103,254,8,0,0,0,-0.22106287,0.44495824
1104,274,8,0,0,0,-1.5921977,0.16907492
1105,32,9,0,0,0,0.91048056,0.71309847
1106,49,9,0,0,0,-4.217521,0.014521154
1107,74,9,0,0,0,-6.4260755,0.0016161752
1108,100,9,0,0,0,-0.90123236,0.28879732
1109,138,9,0,0,0,-0.25705194,0.43608853
1110,191,9,0,0,0,-6.3283606,0.0017817774
1111,213,9,0,0,0,-3.1033747,0.042968266
1112,235,9,0,0,0,-1.9842191,0.1208698
1113,265,9,0,0,0,-0.96807915,0.27526355
1114,0,10,0,0,0,-5.6269374,0.003586672
1115,7,10,0,0,0,-4.807843,0.008099318
1116,42,10,0,0,0,-2.5723295,0.070940614
1117,47,10,0,0,0,0.60568655,0.6469562
1118,61,10,0,0,0,-1.1559756,0.23939931
1119,102,10,0,0,0,1.8565605,0.8648955
1120,127,10,0,0,0,0.115878224,0.52893716
1121,217,10,0,0,0,1.5326498,0.82239366
1122,236,10,0,0,0,-1.1636274,0.2380088
1123,290,10,0,0,0,0.6602827,0.6593239
1133,7,12,0,0,0,-2.5043402,0.075554475
1134,13,12,0,0,0,-7.480601,0.0005636007
1135,27,12,0,0,0,-6.095319,0.0022483254
1136,38,12,0,0,0,-5.2074547,0.005445774
1137,44,12,0,0,0,-7.0648346,0.0008539065
1138,55,12,0,0,0,-6.4819927,0.0015284176
1139,63,12,0,0,0,-2.2546606,0.09494821
1140,68,12,0,0,0,-6.02014,0.0024234417
1141,70,12,0,0,0,-6.7839355,0.0011305322
1142,77,12,0,0,0,-1.3426871,0.2070685
1143,79,12,0,0,0,-5.2569222,0.005184302
1144,82,12,0,0,0,-4.1982355,0.014799737
1145,88,12,0,0,0,-2.552164,0.072281234
1146,102,12,0,0,0,-6.105137,0.0022264079
1147,107,12,0,0,0,-4.59944,0.00995732
1148,117,12,0,0,0,-5.5981665,0.0036909764
1149,153,12,0,0,0,-2.9651897,0.049023494
1150,160,12,0,0,0,-8.326218,0.00024202738
1151,161,12,0,0,0,-7.219988,0.0007312761
1152,171,12,0,0,0,-10.966138,1.7276641e-05
1153,172,12,0,0,0,-10.546304,2.6289787e-05
1154,182,12,0,0,0,-6.164932,0.0020974532
1155,185,12,0,0,0,-5.038443,0.006442066
1156,197,12,0,0,0,-5.352801,0.0047125574
1157,205,12,0,0,0,-8.226261,0.00026746318
1158,216,12,0,0,0,-5.0004373,0.006689945
1159,220,12,0,0,0,-2.4462557,0.07971279
1160,230,12,0,0,0,-5.7669654,0.0031194775
1161,240,12,0,0,0,-7.034592,0.0008801021
1162,249,12,0,0,0,-5.006757,0.006648081
1163,254,12,0,0,0,-3.0577707,0.044883173
1164,255,12,0,0,0,-3.4138858,0.031864304
1165,267,12,0,0,0,-1.6451476,0.16176584
1166,272,12,0,0,0,-2.8150187,0.05651797
1167,273,12,0,0,0,-2.6589677,0.065438434
1168,275,12,0,0,0,-2.8812163,0.053089958
1169,280,12,0,0,0,-5.451728,0.0042705717
1170,17,13,0,0,0,-10.414803,2.9984423e-05
1171,35,13,0,0,0,-5.211676,0.005422958
1172,88,13,0,0,0,-16.540888,6.5521476e-08
1173,89,13,0,0,0,-15.383173,2.0853203e-07
1174,101,13,0,0,0,-15.012067,3.0223313e-07
1175,120,13,0,0,0,-10.185602,3.7707938e-05
1176,174,13,0,0,0,-8.271429,0.00025565422
1177,208,13,0,0,0,-2.8513732,0.05461038
1178,239,13,0,0,0,-3.2516634,0.03726716
1179,242,13,0,0,0,-5.4659824,0.0042103827
1180,291,13,0,0,0,-7.3192215,0.00066223904
1181,10,14,0,0,0,-4.8772125,0.0075606215
1182,23,14,0,0,0,-2.1828372,0.10130233
1183,24,14,0,0,0,-8.155931,0.00028694543
1184,66,14,0,0,0,-7.244709,0.0007134325
1185,97,14,0,0,0,-6.990465,0.00091977144
1186,239,14,0,0,0,-1.2291999,0.22632149
1187,256,14,0,0,0,-2.7760768,0.058630716
1188,282,14,0,0,0,-1.5427952,0.17612931
1189,289,14,0,0,0,-4.4628625,0.011397904
1190,40,15,0,0,0,-2.8655849,0.053881284
1191,70,15,0,0,0,-2.1752303,0.10199697
1192,82,15,0,0,0,-4.644571,0.009522112
1193,89,15,0,0,0,-3.6463785,0.025422275
1194,96,15,0,0,0,-5.515952,0.0040059835
1195,112,15,0,0,0,-3.6136792,0.02624513
1196,136,15,0,0,0,-3.8223658,0.021407673
1197,141,15,0,0,0,-4.04763,0.017163971
1198,149,15,0,0,0,-2.154664,0.10389619
1199,158,15,0,0,0,-4.9080186,0.0073329415
1200,179,15,0,0,0,-3.029174,0.04612515
1201,200,15,0,0,0,-2.464047,0.078417376
1202,204,15,0,0,0,-1.6902552,0.15574229
1203,217,15,0,0,0,-6.8491373,0.0010592468
1204,224,15,0,0,0,-3.2880082,0.035984877
1205,246,15,0,0,0,-6.1635513,0.0021003445
1206,265,15,0,0,0,-4.8862867,0.007492837
1207,276,15,0,0,0,-2.6945152,0.06329778
1208,284,15,0,0,0,-4.304902,0.013322327
1209,2,17,0,0,0,-0.8460286,0.3002666
1210,47,17,0,0,0,0.07852331,0.5196208
1211,48,17,0,0,0,-0.60269606,0.35372713
1212,61,17,0,0,0,-0.75038475,0.32073748
1213,90,17,0,0,0,0.22279593,0.55546975
1214,110,17,0,0,0,-2.7650547,0.059242025
1215,119,17,0,0,0,-1.7189441,0.15200722
1216,142,17,0,0,0,-0.8484134,0.2997658
1217,168,17,0,0,0,-1.0555066,0.25816908
1218,171,17,0,0,0,0.32679325,0.58097893
1219,212,17,0,0,0,-0.24812873,0.43828413
1220,233,17,0,0,0,-0.592641,0.35602912
1221,240,17,0,0,0,-0.07141352,0.4821542
1222,248,17,0,0,0,0.10460839,0.5261283
1223,256,17,0,0,0,0.081857085,0.52045286
1224,277,17,0,0,0,0.0385772,0.5096431
1225,280,17,0,0,0,0.09485346,0.5236956
1226,281,17,0,0,0,-0.24412158,0.4392709
1227,291,17,0,0,0,-0.7370861,0.32364166
1228,13,18,0,0,0,-1.42858,0.19332002
1229,56,18,0,0,0,-3.964908,0.01861663
1230,80,18,0,0,0,-4.9223666,0.0072292346
1232,110,18,0,0,0,-9.755189,5.7989597e-05
1233,111,18,0,0,0,-1.8753452,0.13292445
1234,145,18,0,0,0,-0.21443951,0.44659463
1236,286,18,0,0,0,-0.9593366,0.27701104
1237,50,19,0,0,0,-0.70202523,0.33136335
1238,52,19,0,0,0,-1.039643,0.26121888
1239,55,19,0,0,0,1.0499558,0.7407664
1240,68,19,0,0,0,-3.377436,0.03300814
1241,88,19,0,0,0,-12.738318,2.9364141e-06
1242,138,19,0,0,0,-9.2875595,9.256013e-05
1243,140,19,0,0,0,-4.2118716,0.0146022225
1244,153,19,0,0,0,-2.3140762,0.08996387
1245,229,19,0,0,0,-2.491949,0.07642451
1246,30,20,0,0,0,-1.4242141,0.1940018
1247,32,20,0,0,0,0.044164047,0.5110392
1248,54,20,0,0,0,-1.054005,0.25845677
1249,94,20,0,0,0,-5.499445,0.004072388
1250,143,20,0,0,0,-0.23288003,0.4420417
1251,151,20,0,0,0,0.07657769,0.51913506
1252,162,20,0,0,0,-0.7904104,0.31208056
1253,184,20,0,0,0,-1.2337356,0.22552828
1254,270,20,0,0,0,-2.8660274,0.05385873
1255,7,21,0,0,0,0.15615892,0.5389606
1256,29,21,0,0,0,0.7026709,0.6687797
1257,32,21,0,0,0,0.71611416,0.6717508
1258,82,21,0,0,0,-2.231513,0.09695609
1259,133,21,0,0,0,1.2914357,0.7843901
1260,135,21,0,0,0,3.6542244,0.9747714
1261,164,21,0,0,0,3.926804,0.98067427
1262,214,21,0,0,0,0.77552825,0.68471557
1263,216,21,0,0,0,0.6611219,0.65951234
1264,11,22,0,0,0,-2.5950053,0.06946056
1265,48,22,0,0,0,-5.9654713,0.0025592684
1266,49,22,0,0,0,-4.076209,0.016688451
1267,62,22,0,0,0,-1.661063,0.15961936
1268,121,22,0,0,0,-0.5750677,0.3600683
1269,161,22,0,0,0,-5.5420623,0.0039031433
1270,164,22,0,0,0,-5.00565,0.0066553936
1271,182,22,0,0,0,-6.8552165,0.0010528337
1272,241,22,0,0,0,-5.0611587,0.0062982915
1273,12,23,0,0,0,-6.117181,0.0021998128
1274,19,23,0,0,0,-12.723335,2.9807422e-06
1275,29,23,0,0,0,-7.3057814,0.0006711937
1276,62,23,0,0,0,-2.5057745,0.075454354
1277,113,23,0,0,0,-6.3336973,0.0017723105
1278,132,23,0,0,0,-3.2157624,0.038576845
1279,148,23,0,0,0,-12.430086,3.9965057e-06
1280,152,23,0,0,0,-7.9536304,0.00035126074
1281,153,23,0,0,0,-6.5904565,0.0013715292
1282,165,23,0,0,0,-10.65156,2.366334e-05
1283,173,23,0,0,0,-9.656464,6.400639e-05
1284,186,23,0,0,0,-6.7421575,0.0011787073
1285,195,23,0,0,0,-3.7642527,0.022659572
1286,204,23,0,0,0,-4.662986,0.0093499925
1287,211,23,0,0,0,-12.580475,3.4384896e-06
1288,225,23,0,0,0,-6.9720545,0.0009368459
1289,230,23,0,0,0,-12.528096,3.6233926e-06
1290,245,23,0,0,0,-10.662593,2.3403703e-05
1291,267,23,0,0,0,-2.9314387,0.05062114
1292,2,24,0,0,0,-2.265541,0.09401733
1293,4,24,0,0,0,-2.717382,0.061955445
1294,5,24,0,0,0,-5.579766,0.0037592638
1295,7,24,0,0,0,-0.38972902,0.40378255
1296,9,24,0,0,0,-0.43760538,0.3923117
1297,10,24,0,0,0,-3.717004,0.023729885
1298,15,24,0,0,0,-0.3200215,0.4206705
1299,20,24,0,0,0,-7.746516,0.00043205902
1300,24,24,0,0,0,-3.224375,0.038258683
1301,30,24,0,0,0,-3.4957309,0.029433945
1302,34,24,0,0,0,-4.3012633,0.013370242
1303,37,24,0,0,0,-2.9869099,0.048020758
1304,39,24,0,0,0,-0.5966971,0.3550997
1305,47,24,0,0,0,-3.1160846,0.042448636
1306,48,24,0,0,0,-3.2668643,0.0367256
1307,58,24,0,0,0,-0.67154545,0.3381509
1308,59,24,0,0,0,-0.25785223,0.43589175
1309,60,24,0,0,0,-0.22808227,0.44322535
1310,62,24,0,0,0,-0.1192998,0.47021037
1311,63,24,0,0,0,-0.8315441,0.30331868
1312,64,24,0,0,0,-2.0500095,0.114051424
1313,66,24,0,0,0,-0.5215202,0.37249684
1314,67,24,0,0,0,-0.78650826,0.3129189
1315,69,24,0,0,0,-0.2150625,0.44644064
1316,72,24,0,0,0,0.07215433,0.51803076
1317,82,24,0,0,0,-0.40377504,0.40040568
1318,83,24,0,0,0,-0.7836451,0.31353483
1319,85,24,0,0,0,0.13757187,0.53433883
1320,89,24,0,0,0,-0.054363564,0.48641247
1321,93,24,0,0,0,-0.4736718,0.38374755
1322,99,24,0,0,0,-5.4046736,0.004475402
1323,101,24,0,0,0,-1.1388121,0.24253853
1324,104,24,0,0,0,-6.585241,0.0013786914
1325,109,24,0,0,0,-2.8006287,0.057290215
1326,110,24,0,0,0,-6.4008226,0.0016574393
1327,125,24,0,0,0,-0.023388147,0.49415323
1328,136,24,0,0,0,-3.8236816,0.021380125
1329,138,24,0,0,0,-1.6126187,0.16622536
1330,143,24,0,0,0,-2.3551166,0.08665994
1331,147,24,0,0,0,-4.150263,0.015515741
1332,148,24,0,0,0,-5.6066055,0.0036600726
1333,157,24,0,0,0,-3.2738998,0.036477514
1334,158,24,0,0,0,-3.5877187,0.026916806
1335,160,24,0,0,0,-2.8909879,0.052600868
1336,166,24,0,0,0,-0.86096525,0.2971377
1337,169,24,0,0,0,-12.927662,2.4298906e-06
1338,171,24,0,0,0,-3.9854288,0.018245392
1339,174,24,0,0,0,-6.8992805,0.0010074946
1340,176,24,0,0,0,-6.2451315,0.0019361196
1341,178,24,0,0,0,-3.5604746,0.027639663
1342,184,24,0,0,0,-0.23060368,0.4426032
1343,190,24,0,0,0,-0.23000562,0.44275075
1344,192,24,0,0,0,-0.9048907,0.28804648
1345,199,24,0,0,0,-1.7708359,0.1454384
1346,203,24,0,0,0,-6.8303366,0.0010793282
1347,208,24,0,0,0,-4.6169257,0.009786412
1348,211,24,0,0,0,-5.951954,0.0025940076
1349,220,24,0,0,0,-0.31986314,0.4207091
1350,221,24,0,0,0,-0.5742807,0.36024967
1351,225,24,0,0,0,-5.937451,0.0026318028
1352,226,24,0,0,0,-9.247128,9.637883e-05
1353,229,24,0,0,0,-4.872525,0.007595874
1354,232,24,0,0,0,-10.952354,1.7516419e-05
1355,235,24,0,0,0,-5.782016,0.003073023
1356,241,24,0,0,0,-3.0193844,0.046557795
1357,253,24,0,0,0,-7.2204113,0.0007309668
1358,257,24,0,0,0,-3.0730898,0.04423102
1359,264,24,0,0,0,-2.6926668,0.063407466
1360,266,24,0,0,0,-0.39941376,0.4014532
1361,271,24,0,0,0,-0.39562926,0.4023629
1362,275,24,0,0,0,-0.5041939,0.3765556
1363,278,24,0,0,0,-7.0875998,0.0008347028
1364,285,24,0,0,0,-3.7759101,0.022402836
1365,286,24,0,0,0,-6.0033464,0.002464383
1366,291,24,0,0,0,-4.16091,0.01535394
1367,2,25,0,0,0,-9.101961,0.00011143461
1368,9,25,0,0,0,-2.1927457,0.10040382
1369,19,25,0,0,0,-8.259175,0.0002588054
1370,29,25,0,0,0,-5.8788056,0.0027903176
1371,43,25,0,0,0,-5.8327284,0.0029215114
1372,51,25,0,0,0,-3.701178,0.0240993
1373,70,25,0,0,0,-5.934574,0.002639365
1374,77,25,0,0,0,-0.9440681,0.28007933
1375,78,25,0,0,0,-6.3692865,0.0017104506
1376,81,25,0,0,0,-4.016019,0.017705448
1377,88,25,0,0,0,-2.8689108,0.053711988
1378,97,25,0,0,0,-2.968561,0.048866566
1379,103,25,0,0,0,-8.652167,0.00017471718
1380,114,25,0,0,0,-2.7135692,0.062177405
1381,120,25,0,0,0,-2.2379403,0.0963948
1382,125,25,0,0,0,-4.0916038,0.016437696
1383,138,25,0,0,0,-11.045219,1.5963025e-05
1384,144,25,0,0,0,-7.186692,0.0007560156
1385,156,25,0,0,0,-8.31871,0.00024385075
1386,162,25,0,0,0,-8.100404,0.00030332457
1387,180,25,0,0,0,-4.8093624,0.008087122
1388,186,25,0,0,0,-5.6060095,0.0036622467
1389,188,25,0,0,0,-5.2364216,0.0052911127
1390,189,25,0,0,0,-5.6077967,0.0036557314
1391,195,25,0,0,0,-3.2008324,0.039134413
1392,196,25,0,0,0,-1.9780357,0.12152839
1393,210,25,0,0,0,-10.224344,3.6275043e-05
1394,215,25,0,0,0,-9.900885,5.0127805e-05
1395,216,25,0,0,0,-5.9751687,0.0025346326
1396,244,25,0,0,0,-4.8758535,0.0075708255
1397,245,25,0,0,0,-8.382327,0.00022882434
1398,251,25,0,0,0,-5.3616495,0.0046712356
1399,253,25,0,0,0,-3.869165,0.020448908
1400,259,25,0,0,0,-8.220768,0.00026893604
1401,274,25,0,0,0,-2.2281568,0.09725034
1402,281,25,0,0,0,-8.329133,0.00024132297
1403,287,25,0,0,0,-7.3406343,0.0006482185
1404,22,26,0,0,0,0.6046305,0.646715
1405,81,26,0,0,0,-6.6561823,0.001284395
1406,113,26,0,0,0,-1.731566,0.15038739
1407,160,26,0,0,0,0.5133229,0.62558514
1408,197,26,0,0,0,1.0182874,0.73463887
1409,205,26,0,0,0,-0.59014004,0.35660273
1410,271,26,0,0,0,-7.058603,0.0008592399
1411,275,26,0,0,0,-7.355072,0.00063893286
1412,286,26,0,0,0,-1.0870672,0.25217095
1413,21,27,0,0,0,-21.464622,4.764671e-10
1415,53,27,0,0,0,-15.3060255,2.2525658e-07
1416,72,27,0,0,0,-15.901269,1.2421286e-07
1418,160,27,0,0,0,-9.981471,4.6246845e-05
1420,201,27,0,0,0,-10.520252,2.6983656e-05
1422,68,28,0,0,0,-9.635446,6.536583e-05
1423,83,28,0,0,0,-9.4164,8.1371836e-05
1424,98,28,0,0,0,-11.147651,1.4408891e-05
1425,148,28,0,0,0,-4.833727,0.007894001
1426,151,28,0,0,0,-0.07577874,0.48106438
1427,153,28,0,0,0,-2.6115665,0.068397716
1428,185,28,0,0,0,-5.4328,0.00435182
1429,201,28,0,0,0,-1.6176007,0.16553603
1430,288,28,0,0,0,-2.3696225,0.08551866
1431,1,39,0,0,0,-4.4038715,0.012082136
1432,4,39,0,0,0,-1.8498318,0.13589264
1433,14,39,0,0,0,-5.526039,0.0039659375
1434,15,39,0,0,0,-2.307171,0.09053079
1435,60,39,0,0,0,-4.621715,0.00974011
1436,75,39,0,0,0,-4.6727657,0.009259839
1437,84,39,0,0,0,-7.328413,0.0006561839
1438,88,39,0,0,0,-2.4481,0.079577595
1439,92,39,0,0,0,-7.070185,0.0008493537
1440,98,39,0,0,0,-3.4775429,0.029958002
1441,165,39,0,0,0,-4.5656233,0.010296277
1442,186,39,0,0,0,-4.9007106,0.0073863296
1443,195,39,0,0,0,-3.357263,0.03365813
1444,222,39,0,0,0,-1.6143115,0.16599089
1445,255,39,0,0,0,-2.9549985,0.0495008
1446,275,39,0,0,0,-2.69543,0.06324356
1447,276,39,0,0,0,-2.322701,0.08926024
1448,287,39,0,0,0,-6.1288204,0.0021744117
1449,288,39,0,0,0,-3.2118342,0.038722802
1450,33,40,0,0,0,-0.53897834,0.36842528
1451,55,40,0,0,0,-1.354244,0.2051774
1452,65,40,0,0,0,-0.9536028,0.27816084
1453,79,40,0,0,0,-2.5625367,0.07158876
1454,112,40,0,0,0,0.25110614,0.56244874
1455,130,40,0,0,0,-0.21683711,0.44600213
1456,157,40,0,0,0,-0.83937055,0.30166736
1457,191,40,0,0,0,-1.2991476,0.21430852
1458,283,40,0,0,0,-0.8496874,0.29949844
1459,37,46,0,0,0,-0.3774103,0.40675166
1460,39,46,0,0,0,-2.3777928,0.08488186
1461,44,46,0,0,0,-1.0394008,0.26126564
1462,56,46,0,0,0,-0.44332424,0.39094916
1463,62,46,0,0,0,-2.8615432,0.054087695
1464,63,46,0,0,0,-3.466237,0.030288307
1465,87,46,0,0,0,-2.6982932,0.06307414
1466,130,46,0,0,0,-0.4192685,0.3966918
1467,138,46,0,0,0,-0.59731364,0.35495853
1468,158,46,0,0,0,-0.32577047,0.4192701
1469,171,46,0,0,0,-1.160338,0.23860587
1470,180,46,0,0,0,-0.971507,0.2745802
1471,182,46,0,0,0,-1.4088082,0.1964221
1472,187,46,0,0,0,-1.568017,0.17249927
1473,199,46,0,0,0,-0.53481925,0.3693936
1474,242,46,0,0,0,-1.5446002,0.17586753
1475,252,46,0,0,0,-1.4069614,0.19671376
1476,258,46,0,0,0,-1.1071345,0.2484055
1477,266,46,0,0,0,-1.1746509,0.23601533
1478,277,46,0,0,0,-2.040184,0.115048
1479,45,47,0,0,0,-0.39734495,0.40195042
1480,87,47,0,0,0,-0.4247306,0.39538532
1481,117,47,0,0,0,-1.25418,0.22197741
1482,138,47,0,0,0,-0.33690983,0.41656032
1483,162,47,0,0,0,0.2611918,0.56492925
1484,169,47,0,0,0,-0.4760401,0.38318762
1485,181,47,0,0,0,0.14826375,0.5369982
1486,227,47,0,0,0,-0.65763974,0.34127
1487,263,47,0,0,0,-2.5338748,0.07351729
1488,270,47,0,0,0,-2.0262942,0.11646972
1489,66,48,0,0,0,-8.055308,0.0003173118
1490,80,48,0,0,0,-4.804574,0.008125624
1491,91,48,0,0,0,-7.8502903,0.00038948708
1492,102,48,0,0,0,-4.2869234,0.013560733
1493,110,48,0,0,0,-1.3984044,0.19806944
1494,114,48,0,0,0,-1.4889956,0.18407254
1495,140,48,0,0,0,-0.5513938,0.3655411
1496,163,48,0,0,0,-1.1747763,0.23599273
1497,168,48,0,0,0,-1.6257305,0.16441607
1498,172,48,0,0,0,-5.7452235,0.003187825
1499,181,48,0,0,0,-4.003682,0.01792129
1500,182,48,0,0,0,-2.54629,0.07267613
1501,199,48,0,0,0,-3.3776274,0.03300203
1502,211,48,0,0,0,-4.4768257,0.011241634
1503,214,48,0,0,0,-3.9893928,0.018174523
1504,227,48,0,0,0,-2.458033,0.078853086
1505,233,48,0,0,0,-3.5651557,0.027514134
1506,246,48,0,0,0,-1.4289329,0.193265
1507,263,48,0,0,0,-2.1345685,0.10578207
1508,60,49,0,0,0,-3.8206065,0.02144456
1509,74,49,0,0,0,-2.87062,0.053625178
1510,137,49,0,0,0,-11.013036,1.6485123e-05
1511,139,49,0,0,0,-12.890545,2.5217753e-06
1512,140,49,0,0,0,-7.428245,0.0005938765
1513,166,49,0,0,0,-2.1240926,0.10677711
1514,171,49,0,0,0,-13.469933,1.4128043e-06
1515,233,49,0,0,0,-6.5383277,0.0014448157
1516,290,49,0,0,0,-9.024434,0.00012041644
1517,11,50,0,0,0,-5.3520856,0.0047159134
1518,49,50,0,0,0,-1.6451721,0.16176252
1519,64,50,0,0,0,-6.0367265,0.0023836724
1520,74,50,0,0,0,-7.570981,0.0005149215
1521,109,50,0,0,0,-2.6142027,0.06822993
1522,121,50,0,0,0,-4.561061,0.010342873
1523,140,50,0,0,0,-0.92520624,0.28389826
1524,153,50,0,0,0,0.4485764,0.6103007
1525,171,50,0,0,0,-0.50393695,0.3766159
1526,172,50,0,0,0,-0.6333429,0.34675294
1527,175,50,0,0,0,-3.3308792,0.03452691
1528,184,50,0,0,0,-6.714679,0.0012115061
1529,208,50,0,0,0,-0.906714,0.28767273
1530,209,50,0,0,0,-1.0576308,0.25776246
1531,213,50,0,0,0,-1.4792287,0.18554394
1532,222,50,0,0,0,-4.0740776,0.016723465
1533,242,50,0,0,0,-4.5224733,0.010745407
1534,263,50,0,0,0,-10.286409,3.4092147e-05
1535,275,50,0,0,0,-4.1074657,0.016183205
1536,291,50,0,0,0,-2.6547203,0.06569867
1537,5,51,0,0,0,-4.772924,0.008384722
1538,31,51,0,0,0,-4.7002454,0.0090111075
1539,67,51,0,0,0,-6.24175,0.0019426654
1540,89,51,0,0,0,-11.848609,7.148442e-06
1541,132,51,0,0,0,-4.4821134,0.011183012
1542,139,51,0,0,0,-4.6978216,0.009032777
1543,172,51,0,0,0,-4.0314207,0.01743956
1544,183,51,0,0,0,-3.2510877,0.037287824
1545,208,51,0,0,0,-4.2642727,0.01386709
1546,6,52,0,0,0,-2.5551689,0.07208
1547,19,52,0,0,0,-1.9446347,0.12513956
1548,62,52,0,0,0,-4.581204,0.010138711
1549,114,52,0,0,0,-2.4968946,0.076076165
1550,174,52,0,0,0,-2.561471,0.071659625
1551,176,52,0,0,0,-1.7946444,0.14250426
1552,216,52,0,0,0,-1.8872671,0.13155639
1553,252,52,0,0,0,-2.4722195,0.077828795
1554,256,52,0,0,0,-2.145475,0.104754835
1555,9,53,0,0,0,-4.6600604,0.0093771275
1556,41,53,0,0,0,-3.3553293,0.033721082
1557,109,53,0,0,0,-4.0186553,0.017659653
1558,140,53,0,0,0,-4.2537136,0.014012228
1559,144,53,0,0,0,-2.142208,0.1050616
1560,170,53,0,0,0,-2.0613785,0.112907685
1561,192,53,0,0,0,-2.082574,0.11080212
1562,242,53,0,0,0,-4.5657864,0.010294615
1563,274,53,0,0,0,-3.9426343,0.019027963
1564,282,53,0,0,0,-4.3525314,0.012710543
1565,5,54,0,0,0,0.69802445,0.66774964
1566,48,54,0,0,0,-1.3904288,0.19933932
1567,79,54,0,0,0,-2.5926738,0.069611415
1568,97,54,0,0,0,-1.3931623,0.1989034
1569,106,54,0,0,0,-4.3474207,0.012774838
1570,113,54,0,0,0,-0.052125394,0.4869716
1571,170,54,0,0,0,1.7765126,0.85526574
1572,244,54,0,0,0,1.1512549,0.75974005
1573,285,54,0,0,0,0.5624929,0.6370292
1574,14,55,0,0,0,0.7991933,0.6898019
1575,43,55,0,0,0,-2.3673623,0.08569559
1576,55,55,0,0,0,-1.6807783,0.15699244
1577,68,55,0,0,0,-2.9505558,0.049710248
1578,87,55,0,0,0,-2.021133,0.11700189
1579,140,55,0,0,0,0.16094738,0.5401502
1580,160,55,0,0,0,0.79234666,0.688335
1581,216,55,0,0,0,0.7889789,0.68761206
1582,277,55,0,0,0,-1.8577945,0.13496032
1583,22,56,0,0,0,-0.39650676,0.4021519
1584,94,56,0,0,0,-7.280111,0.00068863464
1585,119,56,0,0,0,-3.9428487,0.019023962
1586,176,56,0,0,0,-0.5029424,0.37684944
1587,177,56,0,0,0,-0.5639166,0.36264172
1588,179,56,0,0,0,0.72492725,0.6736911
1589,191,56,0,0,0,-4.855089,0.0077284444
1590,217,56,0,0,0,0.37913388,0.59366417
1591,248,56,0,0,0,0.8852319,0.70790523
1592,272,56,0,0,0,-3.939415,0.019088147
1593,11,58,0,0,0,-6.71885,0.001206469
1594,18,58,0,0,0,-5.5822964,0.0037497983
1595,64,58,0,0,0,-7.77651,0.0004192978
1596,68,58,0,0,0,-7.6122656,0.0004941063
1597,130,58,0,0,0,-5.12772,0.005895108
1598,132,58,0,0,0,-3.9497242,0.018896075
1599,164,58,0,0,0,-6.3690157,0.0017109131
1600,169,58,0,0,0,-6.4934325,0.0015110588
1601,254,58,0,0,0,-5.266165,0.0051368517
1602,259,58,0,0,0,-4.6870766,0.009129467
1603,103,59,0,0,0,-0.9359278,0.28172365
1604,132,59,0,0,0,-2.0021858,0.11897361
1605,143,59,0,0,0,-0.22189558,0.4447526
1606,190,59,0,0,0,-6.298442,0.0018357919
1607,191,59,0,0,0,-6.283173,0.0018639846
1608,208,59,0,0,0,-0.1912725,0.45232713
1609,246,59,0,0,0,-0.52431434,0.37184396
1610,255,59,0,0,0,-1.0957922,0.25052914
1611,273,59,0,0,0,-4.9152575,0.007280436
1612,7,60,0,0,0,-0.5853567,0.35770094
1613,27,60,0,0,0,-5.3867455,0.004555993
1614,32,60,0,0,0,-4.6786094,0.009206382
1615,33,60,0,0,0,-8.55168,0.00019318296
1616,34,60,0,0,0,-7.277116,0.0006906988
1617,39,60,0,0,0,-1.3555241,0.20496872
1618,46,60,0,0,0,-0.27496582,0.4316884
1619,53,60,0,0,0,-1.7615976,0.14659037
1620,54,60,0,0,0,-3.0835755,0.043789856
1621,61,60,0,0,0,-0.5497384,0.3659251
1622,69,60,0,0,0,-2.0003808,0.119162954
1623,83,60,0,0,0,-0.5398525,0.3682219
1624,89,60,0,0,0,0.093381226,0.52332836
1625,92,60,0,0,0,-4.6850033,0.009148241
1626,93,60,0,0,0,-1.1651454,0.2377336
1627,102,60,0,0,0,-9.245893,9.6497926e-05
1628,111,60,0,0,0,-5.6517835,0.0034989633
1629,113,60,0,0,0,-3.9262805,0.019335635
1630,120,60,0,0,0,-0.24203736,0.43978435
1631,127,60,0,0,0,-2.8502517,0.05466831
1632,133,60,0,0,0,-6.3505535,0.0017427381
1633,134,60,0,0,0,-7.2468657,0.0007118966
1634,137,60,0,0,0,-3.605904,0.026444566
1635,139,60,0,0,0,-3.1209183,0.042252596
1636,141,60,0,0,0,-9.570349,6.976218e-05
1637,147,60,0,0,0,-6.622057,0.0013289226
1638,158,60,0,0,0,-5.7469354,0.0031823898
1639,161,60,0,0,0,-9.940872,4.8162958e-05
1640,163,60,0,0,0,-11.182869,1.3910274e-05
1641,168,60,0,0,0,-5.536664,0.0039241877
1642,172,60,0,0,0,-6.7207146,0.0012042244
1643,179,60,0,0,0,-5.931712,0.0026469093
1644,189,60,0,0,0,-0.7064681,0.33037972
1645,190,60,0,0,0,-0.6833377,0.33551678
1646,191,60,0,0,0,-0.59508175,0.3554697
1647,203,60,0,0,0,-5.869089,0.0028174852
1648,205,60,0,0,0,-5.870137,0.002814542
1649,209,60,0,0,0,-4.4457254,0.011592629
1650,217,60,0,0,0,-6.6815033,0.0012523213
1651,224,60,0,0,0,-1.0094638,0.2670848
1652,229,60,0,0,0,-6.574361,0.0013937524
1653,231,60,0,0,0,-12.478633,3.8071232e-06
1654,234,60,0,0,0,-12.410303,4.0763557e-06
1655,249,60,0,0,0,-4.9177957,0.0072621144
1656,258,60,0,0,0,-6.882434,0.0010245938
1657,262,60,0,0,0,-0.41735536,0.39714977
1658,265,60,0,0,0,-6.9704494,0.00093834935
1659,266,60,0,0,0,-0.8931932,0.29045132
1660,271,60,0,0,0,-0.81615555,0.30658033
1661,273,60,0,0,0,-2.0854783,0.11051629
1662,276,60,0,0,0,-0.99891824,0.26915416
1663,278,60,0,0,0,-10.43782,2.9302148e-05
1664,280,60,0,0,0,-9.922506,4.905564e-05
1665,281,60,0,0,0,-10.3338585,3.2512336e-05
1666,286,60,0,0,0,-8.079709,0.00030966522
1667,291,60,0,0,0,-5.332471,0.0048088785
1668,17,61,0,0,0,-1.329104,0.20930763
1669,31,61,0,0,0,-1.3493261,0.20598057
1670,67,61,0,0,0,-1.2020624,0.23110853
1671,73,61,0,0,0,-0.96345556,0.27618685
1672,77,61,0,0,0,-3.2434201,0.037564047
1673,78,61,0,0,0,-1.6902988,0.15573655
1674,97,61,0,0,0,-2.6824484,0.06401701
1675,145,61,0,0,0,-2.6725008,0.06461565
1676,155,61,0,0,0,-5.1299334,0.0058821505
1677,3,75,0,0,0,-5.9335904,0.0026419556
1678,14,75,0,0,0,-4.193718,0.01486575
1679,20,75,0,0,0,-9.159349,0.000105220264
1680,27,75,0,0,0,-5.599405,0.0036864253
1681,29,75,0,0,0,-5.7713714,0.003105806
1682,47,75,0,0,0,-3.6497698,0.025338389
1683,48,75,0,0,0,-3.8637195,0.02055827
1684,66,75,0,0,0,-4.1594067,0.015376686
1685,72,75,0,0,0,-0.98803073,0.2713012
1686,75,75,0,0,0,-0.7821501,0.3138567
1687,80,75,0,0,0,-0.70076376,0.33164293
1688,81,75,0,0,0,-1.0463085,0.2599346
1689,85,75,0,0,0,-0.08352526,0.4791308
1690,88,75,0,0,0,-5.1605215,0.0057059615
1691,93,75,0,0,0,-0.3344868,0.4171493
1692,98,75,0,0,0,-0.21307886,0.44693092
1693,100,75,0,0,0,-5.985401,0.002508894
1694,117,75,0,0,0,-8.868132,0.00014078559
1695,136,75,0,0,0,-4.148575,0.015541547
1696,141,75,0,0,0,-7.7486343,0.00043114522
1697,158,75,0,0,0,-3.925432,0.019351732
1698,171,75,0,0,0,-4.728409,0.008763057
1699,174,75,0,0,0,-10.725803,2.1970161e-05
1700,186,75,0,0,0,-0.059394255,0.4851558
1701,188,75,0,0,0,-0.13068868,0.46737427
1702,192,75,0,0,0,-0.74635464,0.3216161
1703,215,75,0,0,0,-7.8091974,0.00040581898
1704,218,75,0,0,0,-0.6169753,0.35046968
1705,245,75,0,0,0,-7.6292677,0.00048578053
1706,249,75,0,0,0,-4.192176,0.014888352
1707,253,75,0,0,0,-7.5151362,0.0005444792
1708,263,75,0,0,0,-0.28410438,0.42944783
1709,271,75,0,0,0,-0.6032903,0.3535913
1710,274,75,0,0,0,-0.5757791,0.3599044
1711,277,75,0,0,0,-0.4218323,0.39607838
1712,290,75,0,0,0,-5.633657,0.0035627375
1713,291,75,0,0,0,-4.3171754,0.013161956
1714,46,76,0,0,0,-2.7013454,0.06289401
1715,87,76,0,0,0,-3.4489763,0.030799404
1716,103,76,0,0,0,-2.7938912,0.057655178
1717,110,76,0,0,0,-3.0305965,0.04606261
1718,117,76,0,0,0,-5.2185106,0.0053862203
1719,125,76,0,0,0,-6.4385505,0.0015961706
1720,221,76,0,0,0,-2.1115842,0.10797599
1721,227,76,0,0,0,-2.8850288,0.052898623
1722,263,76,0,0,0,-2.9119802,0.051564507
1723,81,77,0,0,0,-1.6687284,0.1585938
1724,109,77,0,0,0,-1.5426381,0.17615211
1725,161,77,0,0,0,-2.8747797,0.053414468
1726,188,77,0,0,0,-0.7932514,0.31147096
1727,193,77,0,0,0,-1.051486,0.25893983
1728,208,77,0,0,0,-8.498791,0.00020367307
1729,221,77,0,0,0,-2.9184613,0.051248465
1730,231,77,0,0,0,-11.063525,1.5673473e-05
1731,243,77,0,0,0,-0.8916306,0.29077345
1732,285,77,0,0,0,-2.0300078,0.116088115
1733,41,78,0,0,0,-0.71923053,0.32756245
1734,47,78,0,0,0,-2.9913962,0.047816083
1735,59,78,0,0,0,-0.9732277,0.27423763
1736,60,78,0,0,0,-0.90558046,0.28790507
1737,81,78,0,0,0,-0.34589672,0.4143778
1738,102,78,0,0,0,-6.7373724,0.0011843544
1739,110,78,0,0,0,-7.699904,0.00045266567
1740,184,78,0,0,0,-0.07166455,0.48209152
1741,255,78,0,0,0,-4.573702,0.0102142785
1742,15,79,0,0,0,-2.1789296,0.10165864
1743,74,79,0,0,0,-1.8452785,0.1364282
1744,88,79,0,0,0,-2.6975846,0.06311603
1745,97,79,0,0,0,-4.441618,0.011639788
1746,105,79,0,0,0,-0.07095149,0.48226956
1747,139,79,0,0,0,-0.24570832,0.43888012
1748,157,79,0,0,0,-1.712265,0.15287016
1749,225,79,0,0,0,-0.79393303,0.3113248
1750,227,79,0,0,0,-2.4959393,0.07614335
1751,291,79,0,0,0,-1.4613109,0.18826692
1752,4,80,0,0,0,-5.0625906,0.006289336
1753,24,80,0,0,0,-7.07342,0.00084661285
1754,55,80,0,0,0,-6.984067,0.00092566974
1755,70,80,0,0,0,-5.5663257,0.003809936
1756,73,80,0,0,0,-2.5928028,0.06960306
1757,115,80,0,0,0,-7.69803,0.00045351437
1758,143,80,0,0,0,-9.704756,6.0989016e-05
1759,151,80,0,0,0,-10.672037,2.3183718e-05
1760,171,80,0,0,0,-13.262055,1.739249e-06
1761,185,80,0,0,0,-6.597515,0.0013618954
1762,187,80,0,0,0,-6.609976,0.0013450531
1763,190,80,0,0,0,-6.820074,0.0010904496
1764,197,80,0,0,0,-7.2862053,0.0006844534
1765,208,80,0,0,0,-12.609894,3.3388064e-06
1766,242,80,0,0,0,-3.4388483,0.031103173
1767,244,80,0,0,0,-10.553206,2.6108946e-05
1768,254,80,0,0,0,-5.5703287,0.003794773
1769,259,80,0,0,0,-9.460142,7.7889454e-05
1770,278,80,0,0,0,-6.69357,0.0012373191
1771,41,81,0,0,0,-2.9292765,0.050725155
1772,51,81,0,0,0,-2.3956234,0.08350704
1773,133,81,0,0,0,-1.4798732,0.18544658
1774,180,81,0,0,0,-2.812668,0.05664344
1775,244,81,0,0,0,-0.3268962,0.418996
1776,247,81,0,0,0,-3.5309448,0.028444465
1777,280,81,0,0,0,-1.3481085,0.20617978
1778,282,81,0,0,0,-4.228138,0.014370005
1779,290,81,0,0,0,-3.8994212,0.019851563
1780,20,82,0,0,0,-5.111446,0.0059912503
1781,22,82,0,0,0,-3.113056,0.04257191
1782,36,82,0,0,0,-6.0735226,0.0022977544
1783,42,82,0,0,0,-11.803264,7.4800496e-06
1784,56,82,0,0,0,-7.9917593,0.00033812414
1785,144,82,0,0,0,-5.469573,0.0041953553
1786,154,82,0,0,0,-8.548943,0.00019371233
1787,239,82,0,0,0,-8.687093,0.00016872144
1788,249,82,0,0,0,-4.130063,0.015827332
1789,281,82,0,0,0,-4.649305,0.009477567
1790,11,83,0,0,0,-2.3029559,0.09087846
1791,13,83,0,0,0,-4.7793636,0.008331349
1792,68,83,0,0,0,-7.785016,0.00041574772
1793,78,83,0,0,0,-1.5499508,0.17509337
1794,165,83,0,0,0,-1.5118785,0.18066056
1795,200,83,0,0,0,-3.6430657,0.025504483
1796,241,83,0,0,0,-4.3950524,0.012187857
1797,254,83,0,0,0,-2.3750014,0.08509894
1798,287,83,0,0,0,-2.8164043,0.056444127
1799,9,84,0,0,0,-1.6953743,0.15507038
1800,23,84,0,0,0,-1.7033772,0.15402469
1801,36,84,0,0,0,-0.34321532,0.41502866
1802,47,84,0,0,0,-0.4906235,0.3797467
1803,53,84,0,0,0,-0.8779486,0.29360306
1804,86,84,0,0,0,-0.9138518,0.2862123
1805,132,84,0,0,0,-0.23065056,0.44259164
1806,204,84,0,0,0,-0.1745942,0.456462
1807,284,84,0,0,0,-0.11571035,0.47110465
1808,62,86,0,0,0,-2.2681959,0.09379144
1809,79,86,0,0,0,-7.0884247,0.0008340151
1810,125,86,0,0,0,-3.2046735,0.03899023
1811,160,86,0,0,0,-8.446938,0.00021451045
1812,167,86,0,0,0,-2.6333983,0.06701965
1813,174,86,0,0,0,-7.4636664,0.00057322066
1814,211,86,0,0,0,-9.581354,6.8998685e-05
1815,247,86,0,0,0,-12.168907,5.1892966e-06
1816,249,86,0,0,0,-6.917681,0.0009891437
1817,277,86,0,0,0,-2.3896933,0.08396202
1818,21,93,0,0,0,-5.690043,0.0033680655
1819,123,93,0,0,0,-4.1218534,0.015955722
1820,125,93,0,0,0,-16.215044,9.076028e-08
1821,129,93,0,0,0,-1.8307033,0.13815452
1822,162,93,0,0,0,-1.0293589,0.26320842
1823,208,93,0,0,0,-3.8578205,0.020677386
1824,218,93,0,0,0,-3.513094,0.028941955
1825,259,93,0,0,0,-1.8892891,0.13132554
1826,274,93,0,0,0,-4.0284657,0.017490266
1827,8,94,0,0,0,1.1813307,0.76518697
1828,59,94,0,0,0,-1.4471679,0.19043781
1829,96,94,0,0,0,-3.2744431,0.03645842
1830,98,94,0,0,0,0.6859429,0.6650638
1831,198,94,0,0,0,-1.9124207,0.12870914
1832,227,94,0,0,0,-0.1878817,0.45316726
1833,230,94,0,0,0,-3.2509725,0.03729196
1834,246,94,0,0,0,-1.6310368,0.16368839
1835,252,94,0,0,0,-0.54072446,0.36801907
1836,256,94,0,0,0,-1.8586199,0.13486399
1837,282,94,0,0,0,-2.1475024,0.104564846
1838,13,98,0,0,0,-8.714686,0.00016413021
1839,17,98,0,0,0,-4.0723057,0.016752627
1840,39,98,0,0,0,-6.4748673,0.0015393302
1841,63,98,0,0,0,-2.7307456,0.061183326
1842,72,98,0,0,0,-2.6880343,0.06368313
1843,86,98,0,0,0,-5.289596,0.005018485
1844,113,98,0,0,0,-6.908494,0.0009982641
1845,125,98,0,0,0,-3.6890216,0.024386862
1846,139,98,0,0,0,-9.4611,7.781491e-05
1847,153,98,0,0,0,-4.5763993,0.010187044
1848,163,98,0,0,0,-6.218258,0.0019887506
1849,183,98,0,0,0,-7.1828337,0.00075893616
1850,191,98,0,0,0,-6.225176,0.0019750672
1851,199,98,0,0,0,-6.232902,0.001959896
1852,227,98,0,0,0,-8.254805,0.00025993874
1853,246,98,0,0,0,-5.470215,0.004192675
1854,265,98,0,0,0,-6.503961,0.0014952566
1855,278,98,0,0,0,-6.049792,0.0023528042
1856,283,98,0,0,0,-8.489168,0.00020564199
1857,2,99,0,0,0,-6.035798,0.002385881
1858,26,99,0,0,0,-6.091776,0.002256287
1859,43,99,0,0,0,-2.8520494,0.05457548
1860,54,99,0,0,0,-4.708463,0.008938018
1861,56,99,0,0,0,-1.7921901,0.14280443
1862,85,99,0,0,0,0.012603253,0.50315076
1863,86,99,0,0,0,-1.8785923,0.13255066
1864,87,99,0,0,0,-1.2191439,0.22808714
1865,102,99,0,0,0,-8.962067,0.00012816464
1866,127,99,0,0,0,-3.9651825,0.018611614
1867,133,99,0,0,0,-6.447521,0.0015819384
1868,137,99,0,0,0,-4.3997293,0.012131679
1869,139,99,0,0,0,-4.3087993,0.013271196
1870,194,99,0,0,0,-2.0798836,0.11106746
1871,209,99,0,0,0,-6.208839,0.0020075333
1872,211,99,0,0,0,-8.921865,0.00013342129
1873,216,99,0,0,0,-5.3598375,0.0046796678
1874,242,99,0,0,0,-3.3786845,0.03296831
1875,280,99,0,0,0,-9.268845,9.430853e-05
1876,17,102,0,0,0,-4.5021825,0.010963253
1877,18,102,0,0,0,0.36399788,0.59000784
1878,59,102,0,0,0,-14.569464,4.7050267e-07
1879,98,102,0,0,0,-14.457157,5.264246e-07
1880,102,102,0,0,0,-0.9081052,0.28738773
1881,112,102,0,0,0,0.27274674,0.5677671
1882,185,102,0,0,0,-4.3902917,0.012245306
1883,234,102,0,0,0,0.5879286,0.64288974
1884,235,102,0,0,0,-1.0087411,0.26722628
1885,247,102,0,0,0,-1.4875367,0.18429175
1886,274,102,0,0,0,-4.193569,0.01486793
1887,3,103,0,0,0,0.4297585,0.605816
1888,24,103,0,0,0,2.2230797,0.90230304
1889,33,103,0,0,0,3.9659882,0.9814031
1890,46,103,0,0,0,-7.207261,0.0007406355
1891,86,103,0,0,0,-3.032572,0.04597588
1892,105,103,0,0,0,-4.247299,0.014101125
1893,145,103,0,0,0,0.85034555,0.7006396
1894,152,103,0,0,0,-0.6104498,0.3519566
1895,255,103,0,0,0,0.67980486,0.66369516
1896,22,104,0,0,0,-2.6518264,0.06587653
1897,36,104,0,0,0,-2.408653,0.08251523
1898,85,104,0,0,0,-7.1099215,0.0008162923
1899,135,104,0,0,0,-2.8073685,0.05692729
1900,149,104,0,0,0,-2.496018,0.07613781
1901,249,104,0,0,0,-3.218881,0.03846135
1902,275,104,0,0,0,-2.9018085,0.052064236
1903,290,104,0,0,0,-3.1029596,0.04298534
1904,291,104,0,0,0,-3.1812654,0.03987686
1905,27,105,0,0,0,-3.0680647,0.044443946
1906,117,105,0,0,0,-1.4882908,0.18417841
1907,122,105,0,0,0,-2.791586,0.057780553
1908,183,105,0,0,0,-2.2886295,0.092069045
1909,205,105,0,0,0,-2.196052,0.100105576
1910,263,105,0,0,0,-5.455126,0.004256147
1911,285,105,0,0,0,-3.2817538,0.036202475
1912,287,105,0,0,0,-2.6697702,0.06478088
1913,288,105,0,0,0,-3.0502932,0.04520482
1914,7,106,0,0,0,-1.3505011,0.20578846
1915,16,106,0,0,0,-0.9481193,0.2792632
1916,44,106,0,0,0,0.14516467,0.5362276
1917,45,106,0,0,0,0.10373461,0.52591044
1918,125,106,0,0,0,-8.618433,0.0001807106
1919,200,106,0,0,0,-0.14128608,0.46473712
1920,215,106,0,0,0,-0.28497493,0.42923453
1921,231,106,0,0,0,-0.9076882,0.28747314
1922,245,106,0,0,0,0.52727574,0.6288475
1923,84,107,0,0,0,0.12614712,0.53149503
1924,87,107,0,0,0,1.497642,0.81722254
1925,91,107,0,0,0,-1.5039468,0.18183762
1926,103,107,0,0,0,-0.13040969,0.4674437
1927,122,107,0,0,0,-1.505388,0.1816233
1928,145,107,0,0,0,0.71290886,0.6710436
1929,175,107,0,0,0,-0.27315435,0.43213287
1930,208,107,0,0,0,-0.03802222,0.4904956
1931,268,107,0,0,0,-1.2056949,0.23046367
1932,9,108,0,0,0,-1.8035254,0.14142245
1933,38,108,0,0,0,-4.400759,0.012119342
1934,47,108,0,0,0,-5.81631,0.0029697304
1935,66,108,0,0,0,-1.5159721,0.18005541
1936,86,108,0,0,0,-3.9616132,0.01867692
1937,125,108,0,0,0,-3.2619243,0.036900762
1938,179,108,0,0,0,-6.7095013,0.0012177873
1939,247,108,0,0,0,-9.301958,9.123707e-05
1940,275,108,0,0,0,-2.6540337,0.06574083
1941,0,109,0,0,0,-0.2369264,0.4410439
1942,59,109,0,0,0,-4.6250734,0.00970777
1943,71,109,0,0,0,-2.7407708,0.06061
1944,76,109,0,0,0,-3.129208,0.0419184
1945,89,109,0,0,0,-5.3349695,0.0047969357
1946,168,109,0,0,0,1.4829805,0.81502235
1947,180,109,0,0,0,0.90233237,0.7114286
1948,197,109,0,0,0,0.46412718,0.6139928
1949,251,109,0,0,0,1.4419582,0.8087577
1950,263,109,0,0,0,-2.368323,0.085620336
1951,10,113,0,0,0,-1.8858261,0.13172111
1952,42,113,0,0,0,-3.5609965,0.02762564
1953,45,113,0,0,0,-2.2308116,0.09701752
1954,132,113,0,0,0,-3.2890148,0.035949975
1955,176,113,0,0,0,-0.68431324,0.3352993
1956,185,113,0,0,0,-4.6026735,0.009925495
1957,218,113,0,0,0,-4.2920446,0.013492398
1958,264,113,0,0,0,-3.0533607,0.045072604
1959,273,113,0,0,0,-4.485508,0.011145538
1960,5,115,0,0,0,-2.695593,0.0632339
1961,59,115,0,0,0,-4.2107897,0.014617799
1962,92,115,0,0,0,-0.5617818,0.36313528
1963,94,115,0,0,0,-4.0559864,0.017023569
1964,123,115,0,0,0,-5.11422,0.0059747514
1965,127,115,0,0,0,-3.4914732,0.02955582
1966,158,115,0,0,0,-2.8293638,0.055757884
1967,160,115,0,0,0,-2.3580332,0.086429365
1968,196,115,0,0,0,-3.6037664,0.026499655
1969,283,115,0,0,0,-3.8246262,0.02136037
1970,14,117,0,0,0,-1.1777029,0.23546547
1971,49,117,0,0,0,-3.4150743,0.031827662
1972,79,117,0,0,0,-4.336897,0.012908243
1973,82,117,0,0,0,-2.1168108,0.107473604
1974,90,117,0,0,0,-4.5570073,0.010384447
1975,126,117,0,0,0,-5.3067427,0.0049335896
1976,178,117,0,0,0,-2.407762,0.08258271
1977,242,117,0,0,0,-4.1354933,0.015742969
1978,249,117,0,0,0,-7.3368053,0.0006507036
1979,267,117,0,0,0,-1.4341722,0.19244945
1980,2,119,0,0,0,-3.7523131,0.022925498
1981,34,119,0,0,0,-5.506688,0.0040431167
1982,57,119,0,0,0,-5.28391,0.005046958
1983,65,119,0,0,0,-4.6344166,0.009618361
1984,76,119,0,0,0,-7.997403,0.00033622183
1985,162,119,0,0,0,-5.5035486,0.0040557785
1986,212,119,0,0,0,-5.105427,0.006027203
1987,253,119,0,0,0,-2.8532379,0.05451419
1988,281,119,0,0,0,-4.3404093,0.012863566
1989,3,120,0,0,0,1.0666301,0.74395555
1990,11,120,0,0,0,-0.3487826,0.41367766
1991,16,120,0,0,0,-1.2999513,0.21417321
1992,35,120,0,0,0,2.9575012,0.95061684
1993,50,120,0,0,0,0.09695202,0.52421904
1994,53,120,0,0,0,-0.57725257,0.35956502
1995,63,120,0,0,0,-2.5505621,0.07238873
1996,79,120,0,0,0,-0.07533604,0.4811749
1997,88,120,0,0,0,-1.9556248,0.123941325
1998,107,120,0,0,0,-2.1752563,0.1019946
1999,112,120,0,0,0,2.9735768,0.95136607
2000,119,120,0,0,0,-1.844876,0.13647564
2001,132,120,0,0,0,-0.8202974,0.30570054
2002,133,120,0,0,0,-1.2385831,0.22468272
2003,144,120,0,0,0,-0.7460917,0.32167348
2004,154,120,0,0,0,0.6794087,0.6636067
2005,155,120,0,0,0,1.7604601,0.85326725
2006,156,120,0,0,0,1.1271169,0.7553064
2007,164,120,0,0,0,3.163549,0.9594393
2008,170,120,0,0,0,-1.6736147,0.15794283
2009,199,120,0,0,0,0.47806156,0.61729
2010,201,120,0,0,0,0.7551252,0.68029445
2011,212,120,0,0,0,1.4126482,0.8041833
2012,216,120,0,0,0,1.4188352,0.80515575
2013,232,120,0,0,0,0.96232766,0.7235876
2014,235,120,0,0,0,0.9383916,0.7187747
2015,236,120,0,0,0,0.93341225,0.71776706
2016,251,120,0,0,0,-3.3146498,0.03507202
2017,51,124,0,0,0,-2.7886171,0.057942394
2018,65,124,0,0,0,-0.5701297,0.3612069
2019,85,124,0,0,0,-4.3114667,0.013236311
2020,86,124,0,0,0,-2.4743242,0.07767786
2021,108,124,0,0,0,-2.7299826,0.06122716
2022,117,124,0,0,0,-4.8285728,0.007934469
2023,119,124,0,0,0,-4.7878523,0.008261508
2024,126,124,0,0,0,-3.5296404,0.028480535
2025,137,124,0,0,0,-0.83405966,0.30278736
2026,158,124,0,0,0,-4.1864853,0.014972044
2027,169,124,0,0,0,-2.249699,0.09537542
2028,174,124,0,0,0,-3.331858,0.0344943
2029,180,124,0,0,0,-3.6432319,0.025500353
2030,196,124,0,0,0,-4.287307,0.013555606
2031,200,124,0,0,0,-3.2924166,0.035832264
2032,206,124,0,0,0,-3.6612628,0.025056098
2033,239,124,0,0,0,-5.3222985,0.004857807
2034,285,124,0,0,0,-5.4641075,0.004218251
2035,286,124,0,0,0,-4.593964,0.0100114485
2036,289,124,0,0,0,-4.4440274,0.011612101
2037,37,125,0,0,0,-6.418223,0.0016288954
2038,47,125,0,0,0,-4.5834975,0.0101157185
2039,56,125,0,0,0,-2.9578073,0.04936881
2040,61,125,0,0,0,-2.2386675,0.09633148
2041,70,125,0,0,0,-5.7695637,0.0031114079
2042,78,125,0,0,0,-4.094965,0.016383441
2043,89,125,0,0,0,-3.5609338,0.027627325
2044,102,125,0,0,0,-7.0069737,0.0009047256
2045,115,125,0,0,0,-3.472601,0.030101951
2046,118,125,0,0,0,-6.6740623,0.0012616628
2047,133,125,0,0,0,-4.731097,0.008739735
2048,135,125,0,0,0,-8.406606,0.00022333692
2049,159,125,0,0,0,-4.0437346,0.017229805
2050,178,125,0,0,0,-5.2011766,0.0054798825
2051,182,125,0,0,0,-5.860046,0.002843007
2052,204,125,0,0,0,-3.6235874,0.025993098
2053,246,125,0,0,0,-5.5240545,0.003973785
2054,287,125,0,0,0,-6.268409,0.0018916568
2055,290,125,0,0,0,-7.607666,0.0004963831
2056,19,133,0,0,0,0.5720598,0.63923836
2057,64,133,0,0,0,-1.1908503,0.2331069
2058,86,133,0,0,0,-0.6805467,0.3361393
2059,89,133,0,0,0,-0.5842502,0.35795522
2060,101,133,0,0,0,0.35289836,0.58732027
2061,147,133,0,0,0,-1.3930883,0.19891518
2062,155,133,0,0,0,-0.47534007,0.3833531
2063,156,133,0,0,0,-7.346429,0.0006444756
2064,225,133,0,0,0,-0.5351349,0.36932003
2065,270,133,0,0,0,-0.5339049,0.36960658
2066,6,134,0,0,0,-1.0073504,0.2674987
2067,14,134,0,0,0,-5.880811,0.0027847425
2068,18,134,0,0,0,-4.050971,0.017107697
2069,30,134,0,0,0,-8.151988,0.0002880789
2070,113,134,0,0,0,-2.060099,0.11303592
2071,116,134,0,0,0,-1.2931683,0.21531703
2072,125,134,0,0,0,-3.7061849,0.023981826
2073,150,134,0,0,0,-1.7128477,0.15279472
2074,156,134,0,0,0,-2.3686173,0.0855973
2075,161,134,0,0,0,-0.66108173,0.34049666
2076,176,134,0,0,0,-8.859984,0.00014193713
2077,183,134,0,0,0,-2.4488149,0.07952526
2078,186,134,0,0,0,-1.0840948,0.2527319
2079,190,134,0,0,0,-1.1834896,0.23442535
2080,196,134,0,0,0,-1.2877624,0.2162318
2081,197,134,0,0,0,-1.4825742,0.18503891
2082,203,134,0,0,0,-1.8818727,0.13217393
2083,204,134,0,0,0,-1.4694352,0.18702847
2084,216,134,0,0,0,-0.2832513,0.42965686
2085,221,134,0,0,0,-3.6879961,0.02441127
2086,226,134,0,0,0,-4.4782248,0.011226094
2087,234,134,0,0,0,-3.2626433,0.036875214
2088,266,134,0,0,0,-1.580925,0.17066452
2089,272,134,0,0,0,-4.01415,0.017737977
2090,274,134,0,0,0,-2.155477,0.103820525
2091,276,134,0,0,0,-1.0705318,0.25530195
2092,282,134,0,0,0,-0.48914027,0.3800961
2093,286,134,0,0,0,-1.5474627,0.17545304
2094,54,135,0,0,0,-1.5678947,0.17251673
2095,80,135,0,0,0,-2.1193042,0.107234664
2096,89,135,0,0,0,-5.0061417,0.0066521442
2097,111,135,0,0,0,0.8105276,0.69222194
2098,121,135,0,0,0,-0.46428895,0.38596886
2099,204,135,0,0,0,-1.4034119,0.19727525
2100,227,135,0,0,0,-0.2354649,0.44140425
2101,249,135,0,0,0,-0.80016446,0.30999035
2102,259,135,0,0,0,0.78066343,0.6858231
2103,15,136,0,0,0,-1.146019,0.24121699
2104,43,136,0,0,0,-1.8674788,0.1338337
2105,50,136,0,0,0,-2.3189387,0.08956656
2106,51,136,0,0,0,-2.1782186,0.10172359
2107,59,136,0,0,0,-1.4199147,0.19467495
2108,63,136,0,0,0,-0.2803047,0.43037906
2109,99,136,0,0,0,-2.4948766,0.07621813
2110,113,136,0,0,0,-2.8620155,0.054063536
2111,122,136,0,0,0,-1.467963,0.18725243
2112,162,136,0,0,0,-0.4445185,0.39066482
2113,167,136,0,0,0,-1.95417,0.124099374
2114,180,136,0,0,0,-2.5055728,0.07546843
2115,194,136,0,0,0,-1.3596191,0.2043022
2116,207,136,0,0,0,-3.2728517,0.036514368
2117,217,136,0,0,0,-2.186361,0.10098197
2118,242,136,0,0,0,-2.9407125,0.050177306
2119,273,136,0,0,0,-0.8027669,0.30943397
2120,275,136,0,0,0,-1.0165963,0.26569092
2121,291,136,0,0,0,-3.1238728,0.042133197
2122,1,138,0,0,0,0.049584806,0.51239365
2123,33,138,0,0,0,-2.5386534,0.07319247
2124,49,138,0,0,0,0.47925872,0.61757284
2125,50,138,0,0,0,0.3298934,0.58173347
2126,54,138,0,0,0,0.3311804,0.58204657
2127,77,138,0,0,0,-3.4352255,0.031212535
2128,176,138,0,0,0,4.103352,0.9837512
2129,214,138,0,0,0,0.92422825,0.71590286
2130,242,138,0,0,0,-1.6415472,0.16225465
2131,44,139,0,0,0,-3.3903847,0.032597322
2132,63,139,0,0,0,-2.1925163,0.10042454
2133,76,139,0,0,0,-1.8789694,0.1325073
2134,92,139,0,0,0,-2.2913814,0.091839276
2135,98,139,0,0,0,-1.9387403,0.12578632
2136,122,139,0,0,0,-2.0459487,0.114462376
2137,176,139,0,0,0,-0.7899669,0.31217578
2138,179,139,0,0,0,-2.4564037,0.07897151
2139,256,139,0,0,0,-1.4243393,0.19398221
2140,10,142,0,0,0,0.25835508,0.5642319
2141,32,142,0,0,0,-1.2203922,0.22786744
2142,46,142,0,0,0,-14.109263,7.4546017e-07
2143,50,142,0,0,0,-3.279478,0.036281962
2144,67,142,0,0,0,-6.330637,0.0017777331
2145,221,142,0,0,0,-6.3448906,0.0017526178
2146,233,142,0,0,0,-2.0884604,0.11022347
2147,245,142,0,0,0,-1.335448,0.20825963
2148,246,142,0,0,0,-0.75364155,0.32002833
2149,24,143,0,0,0,-8.663048,0.0001728268
2150,31,143,0,0,0,-3.853825,0.020758446
2151,50,143,0,0,0,-7.5253725,0.00053893717
2152,182,143,0,0,0,-6.903823,0.0010029332
2153,212,143,0,0,0,-6.134138,0.0021629042
2154,232,143,0,0,0,-7.355812,0.0006384605
2155,235,143,0,0,0,-5.2689238,0.0051227715
2156,252,143,0,0,0,-3.442874,0.030982085
2157,264,143,0,0,0,-6.44296,0.0015891592
2158,35,145,0,0,0,-1.208662,0.22993788
2159,41,145,0,0,0,0.20676333,0.5515075
2160,55,145,0,0,0,-0.095691726,0.47609532
2161,92,145,0,0,0,-0.78936756,0.3123045
2162,119,145,0,0,0,-2.7873735,0.058010314
2163,129,145,0,0,0,-1.78759,0.14336845
2164,132,145,0,0,0,-1.3888919,0.19958471
2165,221,145,0,0,0,-3.1247067,0.042099554
2166,224,145,0,0,0,-1.7319276,0.15034118
2167,279,145,0,0,0,-2.2773511,0.09301618
2168,290,145,0,0,0,-3.2498522,0.0373322
2169,5,146,0,0,0,-4.0141087,0.0177387
2170,52,146,0,0,0,-0.7313891,0.32488996
2171,72,146,0,0,0,-0.6535723,0.34218496
2172,86,146,0,0,0,-0.5419218,0.36774063
2173,116,146,0,0,0,-5.087715,0.006134245
2174,134,146,0,0,0,-2.9484973,0.049807582
2175,159,146,0,0,0,-3.6353645,0.025696589
2176,181,146,0,0,0,-1.6246507,0.16456448
2177,227,146,0,0,0,-2.4203541,0.0816337
2178,5,151,0,0,0,0.6767864,0.6630211
2179,38,151,0,0,0,-3.5977035,0.026656514
2180,39,151,0,0,0,-2.680647,0.064125046
2181,47,151,0,0,0,0.843803,0.69926554
2182,144,151,0,0,0,-0.90651447,0.28771362
2183,187,151,0,0,0,-3.7012172,0.02409838
2184,190,151,0,0,0,-3.6695685,0.024853999
2185,200,151,0,0,0,-2.0009918,0.11909883
2186,204,151,0,0,0,-2.6588154,0.065447755
2187,39,152,0,0,0,-3.5322382,0.028408743
2188,43,152,0,0,0,-3.6566586,0.025168814
2189,121,152,0,0,0,-2.2560108,0.09483225
2190,138,152,0,0,0,-1.0389305,0.2613564
2191,162,152,0,0,0,-0.38802442,0.40419298
2192,166,152,0,0,0,-3.7699687,0.022533327
2193,189,152,0,0,0,-4.7018905,0.008996429
2194,214,152,0,0,0,-0.4461649,0.39027297
2195,224,152,0,0,0,-4.333978,0.012945485
2196,17,153,0,0,0,-1.871027,0.13342294
2197,83,153,0,0,0,-2.3052893,0.09068585
2198,92,153,0,0,0,-0.5114527,0.37485304
2199,107,153,0,0,0,-1.5494618,0.17516401
2200,130,153,0,0,0,-2.1267354,0.1065253
2201,131,153,0,0,0,-2.2431855,0.09593889
2202,135,153,0,0,0,-4.3171935,0.013161721
2203,137,153,0,0,0,-9.037845,0.00011881255
2204,150,153,0,0,0,-2.1384244,0.105417885
2205,160,153,0,0,0,-2.1819592,0.1013823
2206,185,153,0,0,0,-1.8018556,0.14162534
2207,216,153,0,0,0,-2.3521357,0.086896166
2208,220,153,0,0,0,-2.1237526,0.10680954
2209,233,153,0,0,0,-1.3327007,0.20871298
2210,244,153,0,0,0,-5.532752,0.0039395085
2211,272,153,0,0,0,-2.8445745,0.05496245
2212,276,153,0,0,0,-2.2679312,0.09381394
2213,280,153,0,0,0,-6.1974382,0.0020305049
2214,281,153,0,0,0,-3.3275003,0.03463972
2215,282,153,0,0,0,-3.3778658,0.03299442
2216,0,157,0,0,0,-2.5011559,0.07577719
2217,56,157,0,0,0,-4.0653706,0.016867245
2218,62,157,0,0,0,-1.1924632,0.2328187
2219,72,157,0,0,0,-4.602082,0.009931312
2220,103,157,0,0,0,-5.919316,0.0026798372
2221,129,157,0,0,0,-5.551477,0.0038667105
2222,162,157,0,0,0,-2.5218377,0.07434139
2223,165,157,0,0,0,-5.373382,0.0046170014
2224,175,157,0,0,0,-2.5233333,0.07423853
2225,211,157,0,0,0,-4.9638243,0.006937692
2226,54,158,0,0,0,-1.5600774,0.17363554
2227,169,158,0,0,0,-17.678226,2.1010857e-08
2228,193,158,0,0,0,-1.5741851,0.17162059
2229,195,158,0,0,0,-0.9579511,0.2772886
2230,196,158,0,0,0,-1.9056396,0.12947151
2231,222,158,0,0,0,-2.4186397,0.08176233
2232,226,158,0,0,0,-7.7811823,0.000417344
2233,239,158,0,0,0,-1.9206028,0.12779436
2234,244,158,0,0,0,-8.182616,0.00027939174
2235,5,159,0,0,0,-3.308218,0.035290338
2236,7,159,0,0,0,-7.699134,0.00045301425
2237,131,159,0,0,0,-3.5446799,0.028067341
2238,182,159,0,0,0,-8.09035,0.0003063885
2239,185,159,0,0,0,-8.790245,0.0001521875
2240,186,159,0,0,0,-9.36227,8.589747e-05
2241,187,159,0,0,0,-9.152346,0.00010595971
2242,200,159,0,0,0,-3.5217094,0.028700802
2243,254,159,0,0,0,-5.696612,0.0033460874
2244,1,160,0,0,0,-6.259027,0.0019094533
2245,12,160,0,0,0,-5.518014,0.0039977655
2246,23,160,0,0,0,-1.1211758,0.24579325
2247,28,160,0,0,0,-2.6640966,0.06512547
2248,30,160,0,0,0,-6.9736433,0.00093536
2249,60,160,0,0,0,-7.0543194,0.0008629251
2250,108,160,0,0,0,-7.461109,0.00057468755
2251,114,160,0,0,0,-7.265186,0.00069898233
2252,135,160,0,0,0,0.87951905,0.70672256
2253,137,160,0,0,0,-3.5119307,0.028974665
2254,154,160,0,0,0,-2.1123083,0.10790627
2255,157,160,0,0,0,-1.099581,0.24981841
2256,173,160,0,0,0,0.7729108,0.6841502
2257,200,160,0,0,0,-1.9620082,0.12324987
2258,216,160,0,0,0,-0.99329954,0.27026084
2259,228,160,0,0,0,-1.9398844,0.12566055
2260,247,160,0,0,0,0.4003635,0.59877497
2261,288,160,0,0,0,-2.098605,0.10923249
2262,290,160,0,0,0,-3.1089878,0.042738035
2263,25,161,0,0,0,-5.9149933,0.0026914147
2264,39,161,0,0,0,-5.432109,0.0043548145
2265,52,161,0,0,0,-4.5972624,0.009978811
2266,91,161,0,0,0,-7.490765,0.0005579043
2267,119,161,0,0,0,-4.307069,0.013293875
2268,190,161,0,0,0,-4.7617702,0.008477969
2269,241,161,0,0,0,-5.0329604,0.006477253
2270,285,161,0,0,0,-5.446619,0.004292351
2271,287,161,0,0,0,-5.6919384,0.0033617092
2272,27,162,0,0,0,-3.4616168,0.030424304
2273,34,162,0,0,0,-1.3022122,0.21379294
2274,55,162,0,0,0,-2.150241,0.10430872
2275,59,162,0,0,0,-3.8176465,0.021506762
2276,64,162,0,0,0,-4.728809,0.008759582
2277,119,162,0,0,0,-2.350773,0.08700434
2278,151,162,0,0,0,-2.2987754,0.09122443
2279,218,162,0,0,0,-2.680645,0.06412516
2280,275,162,0,0,0,-3.005923,0.047159005
2281,12,169,0,0,0,-4.270492,0.013782298
2282,18,169,0,0,0,-0.4885354,0.38023865
2283,36,169,0,0,0,-0.5598025,0.36359316
2284,53,169,0,0,0,-5.0817685,0.006170606
2285,71,169,0,0,0,-8.344302,0.0002376908
2286,149,169,0,0,0,-0.12245722,0.4694239
2287,201,169,0,0,0,-1.0593188,0.25743967
2288,213,169,0,0,0,0.4837075,0.61862296
2289,231,169,0,0,0,-3.6660457,0.024939524
2290,26,170,0,0,0,0.977094,0.7265312
2291,77,170,0,0,0,-5.997349,0.0024791711
2292,99,170,0,0,0,0.63578004,0.65379894
2293,139,170,0,0,0,-0.28527766,0.42916036
2294,162,170,0,0,0,1.6831326,0.8433189
2295,192,170,0,0,0,0.22862345,0.5569082
2296,216,170,0,0,0,0.3999049,0.5986648
2297,231,170,0,0,0,-1.4776652,0.18578033
2298,285,170,0,0,0,0.70541286,0.6693868
2299,24,172,0,0,0,-3.1908991,0.039509643
2300,35,172,0,0,0,-4.605253,0.009900176
2301,76,172,0,0,0,-6.122846,0.0021874125
2302,85,172,0,0,0,-8.351588,0.00023596566
2303,207,172,0,0,0,-2.5794399,0.07047341
2304,215,172,0,0,0,-2.7925148,0.057730004
2305,231,172,0,0,0,-9.183665,0.00010269286
2306,240,172,0,0,0,-6.4688544,0.0015485996
2307,253,172,0,0,0,-7.8062754,0.00040700607
2308,0,175,0,0,0,-4.488055,0.011117498
2309,48,175,0,0,0,-4.841481,0.007833502
2310,65,175,0,0,0,-5.586691,0.0037334173
2311,100,175,0,0,0,-2.240685,0.09615599
2312,141,175,0,0,0,-4.5471,0.0104867555
2313,150,175,0,0,0,-4.2334156,0.014295447
2314,226,175,0,0,0,-4.532839,0.010635779
2315,244,175,0,0,0,-3.6451018,0.025453927
2316,279,175,0,0,0,-1.7596254,0.14683726
2317,15,176,0,0,0,-2.0959587,0.10949023
2318,52,176,0,0,0,-2.6511831,0.06591613
2319,62,176,0,0,0,3.1789458,0.96003425
2320,78,176,0,0,0,-2.4920301,0.07641879
2321,82,176,0,0,0,-1.3767464,0.20153205
2322,100,176,0,0,0,-1.5739498,0.17165405
2323,107,176,0,0,0,-2.913988,0.051466398
2324,154,176,0,0,0,-1.9977357,0.11944086
2325,167,176,0,0,0,-3.6246831,0.02596537
2326,246,176,0,0,0,0.19027904,0.54742676
2327,9,177,0,0,0,-3.1788917,0.03996784
2328,10,177,0,0,0,0.6480052,0.6565608
2329,26,177,0,0,0,-1.3110042,0.21231887
2330,55,177,0,0,0,1.0347614,0.737838
2331,68,177,0,0,0,-1.5443206,0.17590807
2332,80,177,0,0,0,-0.0825575,0.47937235
2333,103,177,0,0,0,0.17669177,0.5440584
2334,233,177,0,0,0,-0.014801979,0.49629956
2335,259,177,0,0,0,1.2872789,0.7836863
2336,33,178,0,0,0,-7.195336,0.0007495139
2337,92,178,0,0,0,-5.277581,0.005078837
2338,98,178,0,0,0,-4.6570516,0.009405118
2339,99,178,0,0,0,-3.9552076,0.018794686
2340,131,178,0,0,0,-6.2199535,0.001985388
2341,187,178,0,0,0,-1.2580154,0.22131573
2342,188,178,0,0,0,-1.0268593,0.26369345
2343,249,178,0,0,0,-9.1992855,0.000101101396
2344,251,178,0,0,0,-10.572178,2.5618303e-05
2345,17,179,0,0,0,-5.1431313,0.005805476
2346,25,179,0,0,0,-9.373865,8.490734e-05
2347,70,179,0,0,0,-6.025728,0.0024099697
2348,117,179,0,0,0,-5.4197893,0.004408558
2349,144,179,0,0,0,-2.1123397,0.107903235
2350,149,179,0,0,0,-1.4538355,0.18941198
2351,179,179,0,0,0,-1.6985521,0.15465446
2352,251,179,0,0,0,-10.223536,3.630439e-05
2353,284,179,0,0,0,-1.9906139,0.120191924
2354,52,180,0,0,0,-6.6411047,0.0013038819
2355,63,180,0,0,0,-7.0327106,0.00088175817
2356,77,180,0,0,0,-6.0426483,0.0023696315
2357,108,180,0,0,0,-5.919387,0.0026796472
2358,140,180,0,0,0,-8.734635,0.00016088894
2359,154,180,0,0,0,-10.416117,2.9945046e-05
2360,159,180,0,0,0,-10.444322,2.9112272e-05
2361,160,180,0,0,0,-10.34602,3.211935e-05
2362,205,180,0,0,0,-7.789924,0.00041371305
2363,240,180,0,0,0,-8.978907,0.0001260247
2364,24,185,0,0,0,-11.773831,7.703475e-06
2365,36,185,0,0,0,-6.5715585,0.0013976583
2366,68,185,0,0,0,-7.1302013,0.0007999178
2367,135,185,0,0,0,-6.6023927,0.0013552777
2368,148,185,0,0,0,-10.565571,2.578812e-05
2369,155,185,0,0,0,-6.9173393,0.0009894817
2370,164,185,0,0,0,-10.514128,2.714942e-05
2371,216,185,0,0,0,-3.7780094,0.022356905
2372,254,185,0,0,0,-4.3948317,0.012190515
2373,5,186,0,0,0,-3.3489256,0.033930365
2374,16,186,0,0,0,-1.7091606,0.15327263
2375,35,186,0,0,0,-1.2299094,0.22619727
2376,47,186,0,0,0,-1.5929992,0.16896234
2377,105,186,0,0,0,-1.5305746,0.17790964
2378,152,186,0,0,0,-4.999956,0.0066931425
2379,164,186,0,0,0,-2.506414,0.07540976
2380,228,186,0,0,0,-2.9882784,0.047958236
2381,287,186,0,0,0,-3.3440323,0.03409113
2382,15,187,0,0,0,0.05273077,0.51317966
2383,49,187,0,0,0,-5.422309,0.004397513
2384,105,187,0,0,0,-1.3479185,0.20621088
2385,132,187,0,0,0,-1.8020444,0.14160238
2386,166,187,0,0,0,-1.9637876,0.12305773
2387,174,187,0,0,0,-5.856478,0.002853139
2388,214,187,0,0,0,-6.26585,0.001896494
2389,265,187,0,0,0,-3.5960867,0.026698494
2390,277,187,0,0,0,-0.4388337,0.3920189
2391,21,191,0,0,0,-1.7412612,0.1491528
2392,31,191,0,0,0,-1.5637925,0.17310312
2393,47,191,0,0,0,-0.46841925,0.38499045
2394,58,191,0,0,0,-1.3330698,0.20865203
2395,113,191,0,0,0,-0.06742114,0.4831511
2396,177,191,0,0,0,-0.74779403,0.32130215
2397,185,191,0,0,0,-1.0036404,0.26822627
2398,224,191,0,0,0,-0.85494,0.2983976
2399,258,191,0,0,0,-0.57074237,0.36106554
2400,260,191,0,0,0,-1.0511084,0.2590123
2401,287,191,0,0,0,-2.2220569,0.09778719
2402,41,192,0,0,0,-7.761995,0.00042542565
2403,104,192,0,0,0,-12.822265,2.699977e-06
2404,132,192,0,0,0,-7.6031933,0.0004986072
2405,178,192,0,0,0,-10.970485,1.7201706e-05
2406,187,192,0,0,0,-7.5975566,0.0005014242
2407,209,192,0,0,0,-9.895821,5.038228e-05
2408,279,192,0,0,0,-8.713924,0.0001642553
2409,286,192,0,0,0,-10.921877,1.8058483e-05
2410,288,192,0,0,0,-8.26293,0.00025783575
2411,10,193,0,0,0,-2.0112875,0.1180229
2412,20,193,0,0,0,-1.0194192,0.26514056
2413,26,193,0,0,0,-2.4422853,0.08000454
2414,74,193,0,0,0,-2.2786493,0.09290672
2415,209,193,0,0,0,-0.05518824,0.48620644
2416,227,193,0,0,0,-0.3964402,0.40216792
2417,246,193,0,0,0,0.9826748,0.7276386
2418,249,193,0,0,0,-1.0334089,0.26242375
2419,251,193,0,0,0,-4.8545723,0.0077324095
2420,60,205,0,0,0,-2.1732955,0.10217433
2421,61,205,0,0,0,-1.2031412,0.23091689
2422,62,205,0,0,0,-1.300873,0.21401812
2423,107,205,0,0,0,-2.4128613,0.0821972
2424,116,205,0,0,0,-4.6395082,0.009569978
2425,125,205,0,0,0,-1.7726283,0.14521578
2426,137,205,0,0,0,-4.438273,0.011678333
2427,184,205,0,0,0,-1.5998311,0.16800523
2428,221,205,0,0,0,0.08190155,0.52046394
2429,4,206,0,0,0,-1.4239051,0.19405012
2430,19,206,0,0,0,-4.769222,0.008415559
2431,62,206,0,0,0,-0.20643279,0.4485743
2432,110,206,0,0,0,-2.757443,0.059667673
2433,144,206,0,0,0,-1.201446,0.23121807
2434,181,206,0,0,0,-1.25295,0.2221899
2435,243,206,0,0,0,-1.1788502,0.235259
2436,252,206,0,0,0,-3.1545138,0.040913787
2437,281,206,0,0,0,-4.845843,0.007799676
2438,68,209,0,0,0,-3.731853,0.023388306
2439,89,209,0,0,0,-5.4369164,0.00433402
2440,92,209,0,0,0,-1.588803,0.16955237
2441,103,209,0,0,0,-0.48097464,0.382022
2442,149,209,0,0,0,-0.70276684,0.33119908
2443,157,209,0,0,0,-0.050342306,0.48741707
2444,160,209,0,0,0,-0.63080275,0.34732854
2445,205,209,0,0,0,-0.42395744,0.39557016
2446,226,209,0,0,0,-1.1302178,0.24412091
2447,45,214,0,0,0,-1.2293077,0.22630262
2448,73,214,0,0,0,-5.1786947,0.005603778
2449,103,214,0,0,0,-1.7516024,0.1478452
2450,111,214,0,0,0,-0.49566016,0.37856108
2451,191,214,0,0,0,-3.9334612,0.019199945
2452,195,214,0,0,0,-1.1559277,0.23940803
2453,207,214,0,0,0,-0.61427677,0.35108423
2454,221,214,0,0,0,-3.048232,0.04529386
2455,227,214,0,0,0,-0.9666915,0.27554044
2456,229,214,0,0,0,-1.4172406,0.19509453
2457,45,215,0,0,0,0.51010424,0.6248309
2458,100,215,0,0,0,-1.2310672,0.2259947
2459,124,215,0,0,0,-1.0433366,0.2605067
2460,137,215,0,0,0,-0.95182544,0.27851787
2461,140,215,0,0,0,-2.1246886,0.106720276
2462,165,215,0,0,0,0.59125894,0.6436539
2463,172,215,0,0,0,-1.2978852,0.21452115
2464,259,215,0,0,0,0.788586,0.68752766
2465,289,215,0,0,0,-2.2989874,0.091206856
2466,38,217,0,0,0,-2.285656,0.09231792
2467,40,217,0,0,0,-1.8508911,0.13576831
2468,90,217,0,0,0,-6.6916485,0.0012396962
2469,96,217,0,0,0,-2.9882627,0.04795895
2470,113,217,0,0,0,-3.209577,0.038806908
2471,116,217,0,0,0,-2.0269792,0.11639925
2472,161,217,0,0,0,-2.6768184,0.06435519
2473,212,217,0,0,0,-3.770172,0.02252885
2474,243,217,0,0,0,-3.1564245,0.04083888
2475,246,217,0,0,0,-1.4964068,0.18296205
2476,22,218,0,0,0,-1.1266046,0.24478826
2477,24,218,0,0,0,-2.334786,0.08828269
2478,47,218,0,0,0,-1.360945,0.20408677
2479,143,218,0,0,0,-3.5923605,0.026795493
2480,144,218,0,0,0,-2.7689552,0.059025016
2481,151,218,0,0,0,-3.320947,0.034859534
2482,175,218,0,0,0,-2.6722085,0.06463332
2483,240,218,0,0,0,-3.5382872,0.028242258
2484,245,218,0,0,0,-1.4381778,0.19182768
2485,35,219,0,0,0,-2.386596,0.084200546
2486,47,219,0,0,0,-1.9582522,0.123656325
2487,62,219,0,0,0,-3.283524,0.03614076
2488,163,219,0,0,0,-0.6113699,0.35174677
2489,201,219,0,0,0,-1.9910562,0.120145164
2490,218,219,0,0,0,-4.2052813,0.014697355
2491,226,219,0,0,0,-2.382317,0.08453108
2492,272,219,0,0,0,-5.4985085,0.0040761884
2493,279,219,0,0,0,-0.42314553,0.3957643
2494,28,220,0,0,0,-3.983113,0.01828692
2495,61,220,0,0,0,-0.20349735,0.4493005
2496,66,220,0,0,0,-0.06813824,0.48297203
2497,74,220,0,0,0,-0.02036193,0.4949097
2498,116,220,0,0,0,-3.2402809,0.037677705
2499,127,220,0,0,0,-1.0786476,0.25376204
2500,145,220,0,0,0,-0.8915611,0.2907878
2501,164,220,0,0,0,-2.2993455,0.09117718
2502,168,220,0,0,0,-2.935438,0.050429285
2503,278,220,0,0,0,-2.2408712,0.09613981
2504,6,225,0,0,0,-0.6066396,0.35282612
2505,40,225,0,0,0,-4.4140077,0.011961746
2506,87,225,0,0,0,-5.823036,0.0029498811
2507,137,225,0,0,0,-3.5430622,0.028111504
2508,140,225,0,0,0,-1.2234738,0.22732571
2509,142,225,0,0,0,-1.8572247,0.13502686
2510,144,225,0,0,0,-2.8672378,0.05379708
2511,147,225,0,0,0,-2.5976553,0.069289476
2512,203,225,0,0,0,-2.6971622,0.06314102
2513,220,225,0,0,0,-7.517766,0.00054305
2514,243,225,0,0,0,-0.40381896,0.40039513
2515,255,225,0,0,0,-0.24223238,0.43973628
2516,4,226,0,0,0,0.75671643,0.6806404
2517,38,226,0,0,0,-3.5985224,0.026635274
2518,47,226,0,0,0,-1.463489,0.18793426
2519,65,226,0,0,0,-8.349707,0.00023640998
2520,91,226,0,0,0,-4.1931458,0.014874133
2521,138,226,0,0,0,-3.8555388,0.020723639
2522,203,226,0,0,0,-0.48206854,0.3817638
2523,207,226,0,0,0,-0.36540824,0.409651
2524,276,226,0,0,0,-2.033982,0.11568094
2525,0,227,0,0,0,-2.4338717,0.080626
2526,3,227,0,0,0,-2.384654,0.084350415
2527,8,227,0,0,0,-1.7018142,0.15422848
2528,21,227,0,0,0,-6.0103602,0.0024472007
2529,28,227,0,0,0,-1.5285795,0.17820162
2530,35,227,0,0,0,-2.7914622,0.05778729
2531,162,227,0,0,0,-3.3938978,0.03248672
2532,191,227,0,0,0,-4.3392577,0.012878197
2533,210,227,0,0,0,-3.5980835,0.026646657
2534,16,233,0,0,0,-1.7998619,0.14186788
2535,18,233,0,0,0,0.7579988,0.6809191
2536,19,233,0,0,0,1.3701904,0.7974109
2537,104,233,0,0,0,0.09495208,0.5237202
2538,114,233,0,0,0,-2.6935701,0.06335384
2539,162,233,0,0,0,0.61827785,0.64982677
2540,194,233,0,0,0,0.609311,0.64778364
2541,239,233,0,0,0,0.37290162,0.5921599
2542,262,233,0,0,0,-0.7346024,0.32418558
2543,39,234,0,0,0,-4.7075725,0.008945912
2544,49,234,0,0,0,-5.9865704,0.0025059697
2545,180,234,0,0,0,-4.0023313,0.01794508
2546,208,234,0,0,0,-1.7937098,0.14261849
2547,220,234,0,0,0,-6.51933,0.0014724854
2548,235,234,0,0,0,-4.4786143,0.011221771
2549,253,234,0,0,0,-3.7939513,0.022011103
2550,267,234,0,0,0,-7.387909,0.00061830576
2551,279,234,0,0,0,-4.4401627,0.011656542
2552,281,234,0,0,0,-4.414029,0.011961493
2553,2,235,0,0,0,-5.095834,0.006084947
2554,41,235,0,0,0,-5.354558,0.004704323
2555,42,235,0,0,0,-4.7596455,0.008495849
2556,53,235,0,0,0,-5.2914343,0.0050093145
2557,97,235,0,0,0,-6.0000124,0.0024725925
2558,124,235,0,0,0,-3.8531709,0.02077175
2559,159,235,0,0,0,-4.0470376,0.017173965
2560,185,235,0,0,0,-7.073559,0.0008464955
2561,209,235,0,0,0,-5.631804,0.0035693217
2562,2,236,0,0,0,-0.04682301,0.4882964
2563,14,236,0,0,0,-4.3106546,0.013246922
2564,19,236,0,0,0,-1.8300629,0.13823079
2565,25,236,0,0,0,-7.930929,0.0003593231
2566,104,236,0,0,0,-1.0520597,0.2588298
2567,107,236,0,0,0,-2.0889647,0.11017403
2568,125,236,0,0,0,-1.9238997,0.12742734
2569,127,236,0,0,0,-1.7600257,0.14678712
2570,159,236,0,0,0,-0.48761842,0.38045478
2571,272,236,0,0,0,-5.1419296,0.005812416
2572,1,241,0,0,0,-1.0508806,0.25905606
2573,3,241,0,0,0,-1.3007948,0.21403128
2574,44,241,0,0,0,-1.501857,0.18214871
2575,85,241,0,0,0,-0.04825756,0.48793796
2576,102,241,0,0,0,-1.7730691,0.14516106
2577,161,241,0,0,0,-1.7168906,0.1522721
2578,203,241,0,0,0,-2.1907053,0.10058827
2579,226,241,0,0,0,-2.8261163,0.055929106
2580,232,241,0,0,0,-3.7783358,0.022349773
2581,22,242,0,0,0,-0.054738484,0.4863188
2582,41,242,0,0,0,-2.1812778,0.10144439
2583,50,242,0,0,0,-2.3269684,0.08891394
2584,70,242,0,0,0,-4.1952667,0.014843087
2585,91,242,0,0,0,-4.4834642,0.011168085
2586,126,242,0,0,0,-0.9227895,0.28438985
2587,175,242,0,0,0,-1.2294772,0.22627294
2588,182,242,0,0,0,-2.2875023,0.09216332
2589,262,242,0,0,0,-3.786337,0.022175614
2590,10,243,0,0,0,-2.3334856,0.08838741
2591,21,243,0,0,0,-13.175073,1.8973079e-06
2594,218,243,0,0,0,-7.6378565,0.00048162814
2595,231,243,0,0,0,-1.1486859,0.24072918
2596,236,243,0,0,0,-4.180782,0.015056391
2597,251,243,0,0,0,-0.10928851,0.47270504
2598,272,243,0,0,0,-8.24601,0.00026223433
2603,101,245,0,0,0,-18.278318,1.1529943e-08
2606,265,245,0,0,0,-1.9687209,0.12252634
2608,31,246,0,0,0,-6.6978254,0.0012320717
2609,51,246,0,0,0,-3.5398965,0.028198125
2610,62,246,0,0,0,-2.88706,0.052796956
2611,65,246,0,0,0,-2.6940315,0.06332646
2612,190,246,0,0,0,-4.870967,0.0076076295
2613,217,246,0,0,0,-6.4984674,0.0015034812
2614,257,246,0,0,0,-6.1129026,0.002209223
2615,259,246,0,0,0,-7.6307063,0.00048508254
2616,273,246,0,0,0,-5.3877773,0.004551315
2617,11,247,0,0,0,-6.5491605,0.001429271
2618,54,247,0,0,0,-7.525524,0.0005388555
2619,61,247,0,0,0,-4.444138,0.011610832
2620,69,247,0,0,0,-4.9479113,0.00704819
2621,151,247,0,0,0,-12.164287,5.2133296e-06
2622,176,247,0,0,0,-5.007477,0.0066433274
2623,209,247,0,0,0,-9.650857,6.4366235e-05
2624,248,247,0,0,0,-10.022725,4.4377877e-05
2625,258,247,0,0,0,-8.627825,0.00017902165
2626,28,248,0,0,0,-11.698267,8.308136e-06
2627,49,248,0,0,0,-10.298874,3.3669858e-05
2628,118,248,0,0,0,-11.780392,7.653103e-06
2629,135,248,0,0,0,-9.92246,4.9057933e-05
2630,162,248,0,0,0,-9.41971,8.1102946e-05
2631,170,248,0,0,0,-4.256895,0.013968341
2632,205,248,0,0,0,-9.57591,6.9375346e-05
2633,220,248,0,0,0,-3.8350227,0.021144118
2634,289,248,0,0,0,-9.261444,9.500898e-05
2635,8,259,0,0,0,-0.3805987,0.4059825
2636,13,259,0,0,0,-3.0591955,0.044822134
2637,14,259,0,0,0,-2.222694,0.097730994
2638,47,259,0,0,0,-1.854634,0.13532972
2639,61,259,0,0,0,-0.83699185,0.30216873
2640,69,259,0,0,0,-2.1784005,0.10170697
2641,70,259,0,0,0,0.08037576,0.5200831
2642,71,259,0,0,0,0.017517075,0.50437915
2643,76,259,0,0,0,-0.7657116,0.3174075
2644,78,259,0,0,0,-0.1313543,0.46720856
2645,80,259,0,0,0,-0.30868554,0.42343563
2646,83,259,0,0,0,-0.71665174,0.32813072
2647,84,259,0,0,0,-0.36153552,0.4105879
2648,88,259,0,0,0,-3.0194592,0.046554472
2649,90,259,0,0,0,-1.1526682,0.24000205
2650,102,259,0,0,0,-5.0720577,0.006230444
2651,116,259,0,0,0,-4.9029384,0.007370014
2652,133,259,0,0,0,-2.757233,0.05967946
2653,138,259,0,0,0,-1.9997196,0.119232364
2654,139,259,0,0,0,-1.2792821,0.21767245
2655,153,259,0,0,0,-5.9100037,0.0027048409
2656,161,259,0,0,0,-4.3365726,0.012912375
2657,165,259,0,0,0,-4.9605713,0.0069601396
2658,190,259,0,0,0,-0.08247314,0.4793934
2659,196,259,0,0,0,-0.3045178,0.42445344
2660,208,259,0,0,0,-3.55638,0.027749922
2661,212,259,0,0,0,-5.3255973,0.004841886
2662,214,259,0,0,0,-4.2239456,0.014429505
2663,218,259,0,0,0,-0.30843568,0.4234966
2664,244,259,0,0,0,-7.0548825,0.0008624397
2665,248,259,0,0,0,-1.687418,0.1561157
2666,251,259,0,0,0,-10.1157875,4.043447e-05
2667,268,259,0,0,0,-0.39754993,0.40190113
2668,278,259,0,0,0,-7.3819695,0.0006219868
2669,279,259,0,0,0,-6.0395117,0.0023770584
2670,281,259,0,0,0,-5.859512,0.0028445215
2671,284,259,0,0,0,-1.7355652,0.14987712
2672,5,273,0,0,0,-5.714343,0.0032874735
2673,22,273,0,0,0,-4.6911507,0.009092686
2674,30,273,0,0,0,-1.1240025,0.24526963
2675,61,273,0,0,0,0.0847601,0.52117735
2676,114,273,0,0,0,-0.9915794,0.27060023
2677,155,273,0,0,0,-5.628873,0.0035797616
2678,198,273,0,0,0,-3.0835986,0.043788888
2679,236,273,0,0,0,-3.9630966,0.018649751
2680,277,273,0,0,0,-0.68005615,0.33624876
2681,288,273,0,0,0,-4.7868767,0.008269506
2682,27,274,0,0,0,-9.709656,6.069092e-05
2683,53,274,0,0,0,-3.59061,0.02684118
2684,61,274,0,0,0,-2.1146863,0.10767757
2685,62,274,0,0,0,-2.105342,0.1085787
2686,119,274,0,0,0,-3.5201051,0.02874556
2687,120,274,0,0,0,-3.430883,0.031344116
2688,163,274,0,0,0,-10.471562,2.8329958e-05
2689,244,274,0,0,0,-10.975062,1.7123146e-05
2690,285,274,0,0,0,-7.6755586,0.00046381608
2691,73,275,0,0,0,-3.3479652,0.03396186
2692,91,275,0,0,0,-7.3575745,0.000637337
2693,100,275,0,0,0,-5.5244527,0.0039722095
2694,178,275,0,0,0,-4.448506,0.0115608135
2695,189,275,0,0,0,-3.2872832,0.036010038
2696,199,275,0,0,0,-5.456703,0.004249467
2697,229,275,0,0,0,-6.1033764,0.0022303222
2698,248,275,0,0,0,-5.8260193,0.0029411202
2699,280,275,0,0,0,-8.667088,0.00017213015
2700,16,276,0,0,0,-1.6029222,0.16757359
2701,48,276,0,0,0,-0.05788757,0.48553213
2702,55,276,0,0,0,-1.328471,0.2094124
2703,68,276,0,0,0,-2.769889,0.058973167
2704,71,276,0,0,0,-2.8388643,0.055259798
2705,203,276,0,0,0,0.03638673,0.50909567
2706,206,276,0,0,0,-0.8240003,0.30491516
2707,210,276,0,0,0,-0.75288117,0.32019383
2708,247,276,0,0,0,-1.3445134,0.20676881
2709,272,276,0,0,0,-2.4806504,0.07722584
2710,21,287,0,0,0,-2.9796813,0.048352294
2711,31,287,0,0,0,-0.26138312,0.43502373
2712,48,287,0,0,0,1.6609557,0.84036624
2713,89,287,0,0,0,-8.547634,0.00019396591
2714,98,287,0,0,0,-8.194824,0.0002760026
2715,126,287,0,0,0,0.18697679,0.5466085
2716,178,287,0,0,0,1.0385303,0.73856634
2717,208,287,0,0,0,3.4335644,0.9687372
2718,240,287,0,0,0,1.1296866,0.75578105
2719,281,287,0,0,0,0.58172196,0.6414635
2720,10,301,0,0,0,-1.1721733,0.23646238
2721,44,301,0,0,0,-1.0837429,0.25279838
2722,65,301,0,0,0,-2.742892,0.060489338
2723,85,301,0,0,0,-2.801896,0.0572218
2724,105,301,0,0,0,-4.16292,0.015323584
2725,110,301,0,0,0,-4.208498,0.014650846
2726,173,301,0,0,0,0.024564445,0.5061408
2727,205,301,0,0,0,0.07167661,0.5179115
2728,211,301,0,0,0,-0.62315977,0.34906316
2729,289,301,0,0,0,-0.18466571,0.45396432
2730,17,302,0,0,0,-1.6603777,0.1597113
2731,64,302,0,0,0,-2.6860886,0.06379925
2732,114,302,0,0,0,-1.6042411,0.16738969
2733,135,302,0,0,0,0.31061447,0.57703525
2734,153,302,0,0,0,-0.6065305,0.35285103
2735,165,302,0,0,0,0.4073245,0.60044616
2736,166,302,0,0,0,-0.8416466,0.3011881
2737,206,302,0,0,0,0.07029173,0.5175657
2738,260,302,0,0,0,0.613352,0.64870507
2739,26,303,0,0,0,-0.44927529,0.38953307
2740,27,303,0,0,0,-0.5486504,0.3661776
2741,33,303,0,0,0,-1.1486042,0.24074413
2742,61,303,0,0,0,-1.3293281,0.20927054
2743,100,303,0,0,0,-0.40361786,0.40044343
2744,104,303,0,0,0,-0.22577202,0.44379553
2745,187,303,0,0,0,-2.0781515,0.11123859
2746,229,303,0,0,0,-0.5677889,0.36174718
2747,257,303,0,0,0,0.039290473,0.50982136
2748,280,303,0,0,0,0.14695218,0.53667206
2749,36,304,0,0,0,-0.6493149,0.34314394
2750,37,304,0,0,0,0.45276654,0.6112968
2751,63,304,0,0,0,-1.4358943,0.19218196
2752,86,304,0,0,0,-1.2354813,0.22522351
2753,116,304,0,0,0,-0.05039099,0.4874049
2754,121,304,0,0,0,-2.1062067,0.10849503
2755,140,304,0,0,0,-0.35180062,0.41294584
2756,189,304,0,0,0,-0.090561986,0.47737497
2757,251,304,0,0,0,-4.60671,0.009885907
2758,8,305,0,0,0,-2.198261,0.09990676
2759,18,305,0,0,0,-0.6891828,0.3342149
2760,37,305,0,0,0,0.82462615,0.69521743
2761,53,305,0,0,0,-1.261138,0.22077806
2762,175,305,0,0,0,-2.6843975,0.06390033
2763,189,305,0,0,0,-2.3846798,0.084348425
2764,212,305,0,0,0,-0.59569734,0.35532868
2765,217,305,0,0,0,-1.1709546,0.23668247
2766,290,305,0,0,0,-2.2673306,0.09386501
2767,12,306,0,0,0,-3.3825407,0.03284559
2768,21,306,0,0,0,-6.963038,0.00094532315
2769,39,306,0,0,0,-3.3918848,0.032550048
2770,55,306,0,0,0,-2.1422353,0.10505904
2771,100,306,0,0,0,-2.842749,0.055057336
2772,112,306,0,0,0,-3.9113858,0.019620096
2773,131,306,0,0,0,-3.100563,0.043084037
2774,168,306,0,0,0,-3.1950712,0.039351624
2775,200,306,0,0,0,-2.5207403,0.07441694
2776,256,306,0,0,0,-4.5970793,0.00998062
2777,0,307,0,0,0,-3.5215492,0.02870527
2778,55,307,0,0,0,-1.4035273,0.19725698
2779,74,307,0,0,0,-5.725407,0.0032514187
2780,80,307,0,0,0,-2.1684332,0.102621235
2781,81,307,0,0,0,-2.5561643,0.07201345
2782,90,307,0,0,0,-0.93678206,0.2815508
2783,181,307,0,0,0,-0.86868435,0.29552814
2784,183,307,0,0,0,-0.26661336,0.4337387
2785,190,307,0,0,0,-4.1930394,0.014875691
2786,43,308,0,0,0,-1.2389824,0.22461316
2787,59,308,0,0,0,-3.1560235,0.040854592
2788,60,308,0,0,0,-2.9755504,0.048542727
2789,70,308,0,0,0,-2.4720078,0.07784399
2790,109,308,0,0,0,-0.75339895,0.32008114
2791,130,308,0,0,0,0.14121813,0.53524595
2792,141,308,0,0,0,-1.8377402,0.13731878
2793,272,308,0,0,0,-3.3088987,0.03526717
2794,283,308,0,0,0,-0.90804017,0.28740105
2795,9,309,0,0,0,-2.377129,0.08493343
2796,33,309,0,0,0,-2.2823706,0.09259359
2797,59,309,0,0,0,-4.412328,0.011981617
2798,68,309,0,0,0,-1.4671302,0.18737921
2799,110,309,0,0,0,-4.339159,0.012879452
2800,149,309,0,0,0,-0.61951077,0.34989274
2801,210,309,0,0,0,-0.42505664,0.39530736
2802,271,309,0,0,0,-2.3247197,0.08909628
2803,281,309,0,0,0,0.10046643,0.5250955
2804,58,313,0,0,0,-4.933223,0.0071517355
2805,66,313,0,0,0,-4.5274134,0.010693021
2806,67,313,0,0,0,-2.3158624,0.08981773
2807,89,313,0,0,0,-8.391287,0.00022678374
2808,94,313,0,0,0,-5.9814024,0.0025189214
2809,111,313,0,0,0,0.53029585,0.6295521
2810,117,313,0,0,0,-1.100625,0.24962279
2811,193,313,0,0,0,0.52227134,0.62767875
2812,278,313,0,0,0,0.013089046,0.50327224
2813,23,314,0,0,0,0.22614881,0.5562975
2814,105,314,0,0,0,-0.9541356,0.27805388
2815,150,314,0,0,0,0.21994501,0.55476564
2816,195,314,0,0,0,-0.4424371,0.3911604
2817,205,314,0,0,0,0.269685,0.5670156
2818,244,314,0,0,0,-0.057723552,0.4855731
2819,256,314,0,0,0,0.53578275,0.6308308
2820,258,314,0,0,0,-0.10333132,0.47419015
2821,283,314,0,0,0,-0.65961224,0.34082672
2822,6,326,0,0,0,-0.53056586,0.37038493
2823,37,326,0,0,0,0.022631869,0.50565773
2824,72,326,0,0,0,-9.347978,8.713388e-05
2825,78,326,0,0,0,-3.7563984,0.022834167
2826,81,326,0,0,0,-4.1414905,0.01565031
2827,88,326,0,0,0,-1.828476,0.13841993
2828,133,326,0,0,0,-0.24720001,0.4385128
2829,134,326,0,0,0,-0.4407794,0.39155528
2830,140,326,0,0,0,-1.3056259,0.2132197
2831,149,326,0,0,0,0.6844019,0.6647205
2832,159,326,0,0,0,-0.6241419,0.34884003
2833,161,326,0,0,0,-0.47477028,0.38348782
2834,169,326,0,0,0,-1.0247585,0.26410154
2835,187,326,0,0,0,-1.6416516,0.16224045
2836,201,326,0,0,0,-0.17883807,0.45540926
2837,226,326,0,0,0,-2.095706,0.10951488
2838,234,326,0,0,0,0.34577656,0.58559304
2839,260,326,0,0,0,0.4158644,0.6024932
2840,278,326,0,0,0,-0.020721614,0.4948198
2841,5,327,0,0,0,-3.7018003,0.024084669
2842,10,327,0,0,0,-0.95379084,0.27812308
2843,20,327,0,0,0,-0.48471206,0.38114005
2844,24,327,0,0,0,-1.2896183,0.21591744
2845,26,327,0,0,0,-1.075146,0.2544257
2846,45,327,0,0,0,-1.1433198,0.24171135
2847,105,327,0,0,0,-2.9095325,0.051684342
2848,113,327,0,0,0,-1.1322739,0.2437417
2849,115,327,0,0,0,-0.9089931,0.2872059
2850,117,327,0,0,0,-1.4010551,0.19764873
2851,137,327,0,0,0,-2.6848812,0.0638714
2852,143,327,0,0,0,-0.9455392,0.2797828
2853,147,327,0,0,0,-2.988145,0.04796432
2854,176,327,0,0,0,-1.6162901,0.16571715
2855,178,327,0,0,0,-1.6297565,0.16386373
2856,189,327,0,0,0,-4.0285835,0.017488243
2857,190,327,0,0,0,-3.916833,0.019515594
2858,205,327,0,0,0,-2.12669,0.10652964
2859,206,327,0,0,0,-2.8931308,0.05249418
2860,210,327,0,0,0,-2.3567474,0.086530946
2861,211,327,0,0,0,-2.79307,0.057699807
2862,216,327,0,0,0,-1.38221,0.2006543
2863,225,327,0,0,0,-1.8168476,0.13981257
2864,235,327,0,0,0,-2.4803886,0.0772445
2865,242,327,0,0,0,-1.7115934,0.15295716
2866,248,327,0,0,0,-1.0621586,0.25689715
2867,249,327,0,0,0,-3.568174,0.02743349
2868,273,327,0,0,0,-2.5647664,0.071440704
2869,5,328,0,0,0,-4.5620995,0.010332247
2870,13,328,0,0,0,-3.275745,0.03641272
2871,22,328,0,0,0,-2.773992,0.058745883
2872,55,328,0,0,0,-1.9049895,0.12954481
2873,85,328,0,0,0,-2.2035751,0.0994299
2874,91,328,0,0,0,-3.6157224,0.026192961
2875,125,328,0,0,0,-1.6817551,0.15686321
2876,132,328,0,0,0,-0.5032731,0.37677178
2877,146,328,0,0,0,-3.4675894,0.030248614
2878,148,328,0,0,0,-2.7725432,0.05882605
2879,159,328,0,0,0,-3.9875803,0.018206894
2880,164,328,0,0,0,-3.8741727,0.02034884
2881,204,328,0,0,0,-1.8849621,0.13181996
2882,209,328,0,0,0,-2.9449883,0.049973916
2883,210,328,0,0,0,-4.7553844,0.008531817
2884,244,328,0,0,0,-0.9214586,0.2846608
2885,246,328,0,0,0,-2.3653846,0.08585067
2886,257,328,0,0,0,-2.6738927,0.06453158
2887,290,328,0,0,0,-2.368084,0.08563906
2888,2,329,0,0,0,0.18250018,0.54549885
2889,29,329,0,0,0,0.10552019,0.5263556
2890,40,329,0,0,0,-1.6761501,0.15760593
2891,65,329,0,0,0,-4.0922103,0.016427893
2892,126,329,0,0,0,0.10136008,0.5253183
2893,157,329,0,0,0,-2.9680274,0.048891373
2894,177,329,0,0,0,0.6020983,0.6461362
2895,185,329,0,0,0,-3.6966856,0.024205184
2896,199,329,0,0,0,-0.5820376,0.35846388
2897,204,329,0,0,0,0.8396688,0.69839543
2898,214,329,0,0,0,0.07960898,0.51989174
2899,218,329,0,0,0,-3.060342,0.044773072
2900,221,329,0,0,0,-2.5836103,0.07020071
2901,254,329,0,0,0,0.54998285,0.6341316
2902,266,329,0,0,0,-1.9466996,0.12491368
2903,268,329,0,0,0,-2.9584973,0.04933644
2904,280,329,0,0,0,1.2827737,0.78292155
2905,288,329,0,0,0,0.7665341,0.68277067
2906,291,329,0,0,0,-0.13387518,0.4665811
2907,17,331,0,0,0,-1.5781393,0.17105916
2908,22,331,0,0,0,-0.60134816,0.35403532
2909,88,331,0,0,0,-2.1283367,0.106373
2910,90,331,0,0,0,-1.3871484,0.19986339
2911,93,331,0,0,0,-3.5675178,0.027451003
2912,130,331,0,0,0,0.24286407,0.5604193
2913,226,331,0,0,0,-1.6963689,0.1549401
2914,232,331,0,0,0,-5.815243,0.002972892
2915,283,331,0,0,0,0.14330062,0.535764
2916,3,332,0,0,0,-5.439554,0.004322652
2917,13,332,0,0,0,-6.265308,0.0018975205
2918,45,332,0,0,0,-4.626124,0.009697677
2919,57,332,0,0,0,-3.8431485,0.02097659
2920,130,332,0,0,0,-6.019741,0.0024244068
2921,173,332,0,0,0,-7.141907,0.00079061603
2922,213,332,0,0,0,-8.298675,0.00024878452
2923,264,332,0,0,0,-5.8811846,0.002783706
2924,276,332,0,0,0,-1.7536614,0.14758599
2925,6,333,0,0,0,-5.2044783,0.0054619187
2926,11,333,0,0,0,-2.9324098,0.05057449
2927,15,333,0,0,0,-0.5827599,0.3582978
2928,65,333,0,0,0,-1.0250564,0.26404366
2929,85,333,0,0,0,-3.8002748,0.021875389
2930,90,333,0,0,0,-6.7049866,0.0012232909
2931,212,333,0,0,0,-3.2944279,0.035762843
2932,265,333,0,0,0,-2.1898658,0.10066424
2933,271,333,0,0,0,-0.72616905,0.32603598
2934,8,334,0,0,0,-5.4175205,0.0044185272
2935,44,334,0,0,0,-2.0702348,0.11202368
2936,74,334,0,0,0,-7.8361225,0.00039504233
2937,96,334,0,0,0,-1.7326365,0.15025066
2938,135,334,0,0,0,-3.1619122,0.040624462
2939,161,334,0,0,0,-3.0688603,0.04441017
2940,222,334,0,0,0,-1.9827726,0.12102359
2941,262,334,0,0,0,-4.5585093,0.010369022
2942,277,334,0,0,0,-4.331953,0.012971387
2943,16,335,0,0,0,-0.31770858,0.42123428
2944,26,335,0,0,0,-0.2245608,0.44409454
2945,73,335,0,0,0,-2.4572196,0.07891219
2946,78,335,0,0,0,-0.34933516,0.41354364
2947,112,335,0,0,0,-0.13795519,0.4655658
2948,138,335,0,0,0,-0.98344165,0.2722094
2949,143,335,0,0,0,-1.3636789,0.20364302
2950,197,335,0,0,0,-0.95557606,0.27776483
2951,265,335,0,0,0,-0.9119995,0.28659084
2952,275,335,0,0,0,-0.012356818,0.49691084
2953,32,336,0,0,0,-0.5418819,0.3677499
2954,84,336,0,0,0,-1.6631308,0.15934217
2955,108,336,0,0,0,-3.4429705,0.030979186
2956,140,336,0,0,0,-3.3782568,0.032981947
2957,141,336,0,0,0,-4.478062,0.011227899
2958,199,336,0,0,0,-2.6941817,0.06331756
2959,221,336,0,0,0,-2.0264857,0.11645002
2960,229,336,0,0,0,-4.140496,0.015665641
2961,246,336,0,0,0,0.16885036,0.5421126
2962,43,337,0,0,0,-2.4538848,0.07915492
2963,57,337,0,0,0,-1.3385606,0.20774686
2964,81,337,0,0,0,-1.7683234,0.14575095
2965,107,337,0,0,0,-4.46206,0.01140695
2966,148,337,0,0,0,-2.1039855,0.10871005
2967,170,337,0,0,0,-0.1422764,0.46449077
2968,226,337,0,0,0,-2.0894845,0.11012308
2969,230,337,0,0,0,-0.17690855,0.45588785
2970,234,337,0,0,0,-1.9027963,0.12979232
2971,249,337,0,0,0,-1.4877374,0.18426158
2972,46,338,0,0,0,-2.63072,0.06718732
2973,68,338,0,0,0,-2.09322,0.10975755
2974,111,338,0,0,0,0.12373793,0.53089505
2975,150,338,0,0,0,-1.39745,0.19822107
2976,155,338,0,0,0,-0.34870872,0.41369557
2977,192,338,0,0,0,-0.35174042,0.41296044
2978,204,338,0,0,0,-1.7942269,0.14255528
2979,229,338,0,0,0,-0.47107807,0.38436112
2980,231,338,0,0,0,-2.5346904,0.073461756
2981,18,339,0,0,0,-0.8724907,0.2947363
2982,32,339,0,0,0,-0.90601367,0.28781626
2983,37,339,0,0,0,-0.1555767,0.46118408
2984,86,339,0,0,0,-0.27226767,0.43235046
2985,88,339,0,0,0,-5.664892,0.003453553
2986,108,339,0,0,0,-2.7331028,0.061048064
2987,111,339,0,0,0,-1.0702057,0.25536397
2988,181,339,0,0,0,-2.052175,0.11383279
2989,283,339,0,0,0,-0.19513638,0.45137012
2990,45,340,0,0,0,-2.813692,0.05658875
2991,65,340,0,0,0,0.0099186,0.5024796
2992,80,340,0,0,0,-3.3493178,0.033917513
2993,85,340,0,0,0,-1.7749658,0.14492588
2994,205,340,0,0,0,-6.384729,0.0016842842
2995,216,340,0,0,0,-6.3086934,0.0018171023
2996,226,340,0,0,0,-8.610708,0.00018211169
2997,245,340,0,0,0,-6.7335668,0.0011888648
2998,271,340,0,0,0,-1.2264552,0.22680245
2999,46,341,0,0,0,-6.4364653,0.001599497
3000,60,341,0,0,0,-4.151705,0.015493731
3001,88,341,0,0,0,-6.6058145,0.0013506544
3002,97,341,0,0,0,-6.5221453,0.0014683518
3003,113,341,0,0,0,-4.259001,0.013939368
3004,118,341,0,0,0,-7.0263023,0.0008874218
3005,141,341,0,0,0,-3.5507784,0.027901454
3006,192,341,0,0,0,-3.4971588,0.029393181
3007,258,341,0,0,0,-4.1764402,0.015120911
3008,280,341,0,0,0,-2.3374069,0.08807196
3009,14,342,0,0,0,-0.11529505,0.47120813
3010,28,342,0,0,0,-0.15641744,0.46097517
3011,65,342,0,0,0,-2.7195666,0.061828602
3012,76,342,0,0,0,-5.1787786,0.00560331
3013,87,342,0,0,0,-3.3236287,0.034769423
3014,92,342,0,0,0,-3.9410686,0.01905721
3015,152,342,0,0,0,-0.8918367,0.29073095
3016,194,342,0,0,0,-1.1764284,0.23569497
3017,260,342,0,0,0,-0.9629367,0.2762906
3018,49,343,0,0,0,-3.5707345,0.027365254
3019,97,343,0,0,0,-2.249196,0.09541883
3020,167,343,0,0,0,-3.7251163,0.023542676
3021,175,343,0,0,0,-1.8493457,0.13594975
3022,200,343,0,0,0,-3.1804292,0.039908886
3023,248,343,0,0,0,-3.7024162,0.024070198
3024,258,343,0,0,0,-2.9936955,0.047711503
3025,263,343,0,0,0,-4.718376,0.008850634
3026,266,343,0,0,0,-3.3920302,0.03254547
3027,17,344,0,0,0,-3.4264662,0.03147849
3028,77,344,0,0,0,-5.6792545,0.0034044741
3029,112,344,0,0,0,-1.3658683,0.2032882
3030,134,344,0,0,0,-2.915727,0.05138158
3031,153,344,0,0,0,-1.5172858,0.17986155
3032,170,344,0,0,0,-2.0446386,0.11459524
3033,210,344,0,0,0,-4.1843796,0.015003131
3034,224,344,0,0,0,-3.11129,0.04264395
3035,226,344,0,0,0,-2.4980912,0.0759921
3036,1,345,0,0,0,-4.2796535,0.013658325
3037,16,345,0,0,0,-6.291451,0.0018486469
3038,36,345,0,0,0,-1.582886,0.17038715
3039,39,345,0,0,0,-3.990247,0.018159287
3040,148,345,0,0,0,-2.0910678,0.10996802
3041,151,345,0,0,0,-1.2596977,0.22102594
3042,164,345,0,0,0,-1.3869231,0.19989942
3043,194,345,0,0,0,-2.1709502,0.10238967
3044,214,345,0,0,0,-2.50213,0.07570899
3045,14,346,0,0,0,-0.13625571,0.46598867
3046,23,346,0,0,0,-1.9783816,0.12149146
3047,129,346,0,0,0,-1.9195833,0.12790804
3048,139,346,0,0,0,-0.59846526,0.3546949
3049,147,346,0,0,0,-3.5159674,0.028861308
3050,171,346,0,0,0,-2.4151642,0.082023636
3051,187,346,0,0,0,-3.1393678,0.041512266
3052,226,346,0,0,0,-3.0565395,0.044935983
3053,242,346,0,0,0,-1.1675069,0.23730591
3054,283,346,0,0,0,-3.1416738,0.04142061
3055,0,347,0,0,0,-3.4100695,0.031982247
3056,57,347,0,0,0,-2.1230075,0.10688064
3057,59,347,0,0,0,-3.8691154,0.020449901
3058,107,347,0,0,0,-5.5577374,0.0038426716
3059,122,347,0,0,0,-3.475717,0.030011106
3060,147,347,0,0,0,-1.8392785,0.13713665
3061,168,347,0,0,0,-0.14564759,0.46365234
3062,277,347,0,0,0,-3.609844,0.026343321
3063,289,347,0,0,0,-1.0295708,0.26316732
3064,14,350,0,0,0,-4.0120482,0.017774636
3065,21,350,0,0,0,-8.196635,0.00027550335
3066,32,350,0,0,0,-4.262996,0.013884557
3067,102,350,0,0,0,-2.3116663,0.09016137
3068,134,350,0,0,0,-3.630293,0.025823869
3069,156,350,0,0,0,-2.4077678,0.08258228
3070,193,350,0,0,0,-2.713652,0.06217258
3071,225,350,0,0,0,-2.7886574,0.057940193
3072,245,350,0,0,0,-2.5114195,0.07506149
3073,272,350,0,0,0,-7.28957,0.00068215595
3074,7,351,0,0,0,-0.84601223,0.30027005
3075,31,351,0,0,0,-0.74586546,0.32172287
3076,33,351,0,0,0,-2.1157992,0.10757068
3077,36,351,0,0,0,-2.1053998,0.108573094
3078,58,351,0,0,0,-0.75396913,0.31995705
3079,148,351,0,0,0,-2.3076925,0.09048787
3080,171,351,0,0,0,-1.7671807,0.14589329
3081,174,351,0,0,0,-2.261271,0.094381675
3082,218,351,0,0,0,-0.9932806,0.2702646
3083,33,352,0,0,0,-1.6948707,0.15513636
3084,52,352,0,0,0,-1.8068781,0.14101586
3085,136,352,0,0,0,-2.621694,0.06775521
3086,160,352,0,0,0,-2.7699955,0.058967266
3087,180,352,0,0,0,-2.006988,0.118471175
3088,183,352,0,0,0,-2.4244633,0.08132617
3089,189,352,0,0,0,-2.1309352,0.10612624
3090,195,352,0,0,0,-0.89948237,0.28915688
3091,257,352,0,0,0,-1.776506,0.14473511
3092,19,353,0,0,0,-2.1643057,0.10300196
3093,25,353,0,0,0,-4.2954464,0.013447194
3094,35,353,0,0,0,-0.9178321,0.28539982
3095,68,353,0,0,0,-2.1072352,0.108395584
3096,84,353,0,0,0,-2.1897614,0.10067369
3097,87,353,0,0,0,-2.8998554,0.052160714
3098,127,353,0,0,0,-1.5718789,0.1719487
3099,150,353,0,0,0,-1.8308182,0.13814083
3100,182,353,0,0,0,-2.3053455,0.09068121
3101,30,354,0,0,0,-2.477698,0.07743649
3102,33,354,0,0,0,-3.53446,0.028347481
3103,38,354,0,0,0,-2.1844006,0.101160094
3104,91,354,0,0,0,-4.7551656,0.008533669
3105,129,354,0,0,0,-3.7261872,0.023518069
3106,147,354,0,0,0,-4.718638,0.008848337
3107,155,354,0,0,0,-4.124148,0.015919736
3108,172,354,0,0,0,-2.8123662,0.056659576
3109,268,354,0,0,0,-1.2850432,0.21669297
3110,49,356,0,0,0,-3.8606138,0.020620897
3111,70,356,0,0,0,-2.8262162,0.05592383
3112,111,356,0,0,0,-2.049652,0.11408754
3113,114,356,0,0,0,-0.9600584,0.2768665
3114,118,356,0,0,0,-1.7055902,0.15373656
3115,166,356,0,0,0,-0.56055295,0.36341953
3116,198,356,0,0,0,-2.2908864,0.09188056
3117,217,356,0,0,0,-1.3625326,0.20382899
3118,233,356,0,0,0,-1.0429983,0.26057187
3119,257,356,0,0,0,-1.8883507,0.13143264
3120,72,357,0,0,0,-3.4697733,0.030184617
3121,137,357,0,0,0,-0.38111293,0.4058585
3122,139,357,0,0,0,-0.15789086,0.46060908
3123,149,357,0,0,0,-1.009691,0.2670403
3124,157,357,0,0,0,-0.8428263,0.30093986
3125,170,357,0,0,0,0.558917,0.6362019
3126,244,357,0,0,0,-0.035965532,0.4910096
3127,271,357,0,0,0,-0.53668684,0.36895865
3128,279,357,0,0,0,-1.0008051,0.26878315
3129,5,358,0,0,0,-3.1804404,0.039908454
3130,23,358,0,0,0,-3.7302985,0.023423837
3131,138,358,0,0,0,-1.3553011,0.20500505
3132,173,358,0,0,0,-4.38846,0.012267479
3133,190,358,0,0,0,-1.8211982,0.13929015
3134,192,358,0,0,0,-1.4845691,0.18473828
3135,196,358,0,0,0,-2.5952306,0.069446005
3136,266,358,0,0,0,-1.1601627,0.23863773
3137,278,358,0,0,0,-3.023931,0.046356384
3138,70,359,0,0,0,-5.1913967,0.0055334405
3139,92,359,0,0,0,-5.842227,0.0028939724
3140,141,359,0,0,0,-3.2566867,0.03708735
3141,168,359,0,0,0,-1.445318,0.19072318
3142,170,359,0,0,0,-2.1483073,0.104489505
3143,184,359,0,0,0,-4.1737113,0.015161606
3144,228,359,0,0,0,-2.4834027,0.07702993
3145,229,359,0,0,0,-3.7343676,0.023330938
3146,284,359,0,0,0,-3.8048267,0.021778205
3147,14,360,0,0,0,-1.8569484,0.13505913
3148,38,360,0,0,0,-3.7146754,0.023783892
3149,41,360,0,0,0,-3.617787,0.026140355
3150,79,360,0,0,0,-2.7410843,0.060592152
3151,110,360,0,0,0,-3.9830012,0.018288927
3152,135,360,0,0,0,-4.2539754,0.014008611
3153,178,360,0,0,0,-2.7578177,0.059646647
3154,207,360,0,0,0,-2.2637107,0.09417335
3155,218,360,0,0,0,-1.8696694,0.13357997
3156,276,360,0,0,0,-2.2876008,0.092155084
3157,11,361,0,0,0,-3.671654,0.024803506
3158,80,361,0,0,0,-3.6389742,0.02560637
3159,111,361,0,0,0,-4.635787,0.009605315
3160,148,361,0,0,0,-5.590568,0.003719024
3161,188,361,0,0,0,-4.7471294,0.008601931
3162,193,361,0,0,0,-1.8650262,0.13411827
3163,214,361,0,0,0,-5.1131644,0.0059810244
3164,216,361,0,0,0,-4.6338673,0.009623595
3165,263,361,0,0,0,-5.0069714,0.006646664
3166,38,362,0,0,0,-3.5897079,0.026864756
3167,41,362,0,0,0,-3.3029776,0.03546918
3168,61,362,0,0,0,-2.3914046,0.08383049
3169,108,362,0,0,0,-5.635908,0.0035547547
3170,127,362,0,0,0,-2.8700376,0.053654745
3171,159,362,0,0,0,-0.71370703,0.32878023
3172,200,362,0,0,0,-1.0143003,0.26613912
3173,246,362,0,0,0,-0.8959478,0.28988394
3174,265,362,0,0,0,-4.7442603,0.008626433
3175,287,362,0,0,0,-0.9941513,0.2700929
3176,14,363,0,0,0,-1.3463988,0.20645975
3177,114,363,0,0,0,-2.597285,0.069313355
3178,141,363,0,0,0,-5.123264,0.0059212795
3179,142,363,0,0,0,-4.194801,0.0148499
3180,200,363,0,0,0,-2.4190898,0.08172854
3181,233,363,0,0,0,-3.1256082,0.042063214
3182,236,363,0,0,0,-4.846665,0.0077933166
3183,243,363,0,0,0,-3.832123,0.021204215
3184,260,363,0,0,0,-4.562049,0.010332764
3185,5,364,0,0,0,-5.426266,0.0043802215
3186,37,364,0,0,0,-2.9395237,0.050233994
3187,38,364,0,0,0,-5.3780136,0.0045957654
3188,100,364,0,0,0,-1.4790356,0.18557313
3189,141,364,0,0,0,-4.5053716,0.010928727
3190,159,364,0,0,0,-4.308552,0.013274437
3191,210,364,0,0,0,-6.131851,0.0021678456
3192,276,364,0,0,0,-3.6200752,0.026082164
3193,286,364,0,0,0,-3.6763377,0.024690466
3194,23,365,0,0,0,-2.5578399,0.07190156
3195,34,365,0,0,0,-0.5222149,0.37233445
3196,119,365,0,0,0,-1.7266719,0.15101378
3197,131,365,0,0,0,-2.01109,0.118043445
3198,142,365,0,0,0,-1.4686043,0.18715484
3199,162,365,0,0,0,-2.7991405,0.05737064
3200,221,365,0,0,0,-1.4214559,0.19443345
3201,224,365,0,0,0,-1.1385291,0.24259053
3202,226,365,0,0,0,-1.7835832,0.14386125
3203,277,365,0,0,0,-1.5206406,0.1793672
3204,53,366,0,0,0,-2.094857,0.109597705
3205,56,366,0,0,0,-4.627942,0.009680231
3206,97,366,0,0,0,-0.7528905,0.3201918
3207,117,366,0,0,0,-1.6568935,0.16017945
3208,140,366,0,0,0,-3.5559983,0.027760223
3209,143,366,0,0,0,-3.3889208,0.03264352
3210,187,366,0,0,0,-4.096251,0.01636273
3211,210,366,0,0,0,-8.041544,0.00032170818
3212,272,366,0,0,0,-1.6085937,0.16678394
3213,30,367,0,0,0,-2.7020092,0.0628549
3214,57,367,0,0,0,-2.3472319,0.08728605
3215,74,367,0,0,0,-1.8360577,0.13751821
3216,182,367,0,0,0,-0.3029067,0.42484707
3217,198,367,0,0,0,-1.1565541,0.23929399
3218,230,367,0,0,0,-0.7104668,0.3294957
3219,234,367,0,0,0,-2.4087396,0.08250868
3220,263,367,0,0,0,-3.346818,0.033999518
3221,283,367,0,0,0,-2.0288365,0.11620837
3222,6,368,0,0,0,-2.6404939,0.06657734
3223,39,368,0,0,0,-2.7398589,0.060661945
3224,75,368,0,0,0,-3.809171,0.021685848
3225,87,368,0,0,0,-3.9365132,0.019142557
3226,94,368,0,0,0,-7.9966497,0.00033647515
3227,145,368,0,0,0,-2.4640322,0.07841844
3228,153,368,0,0,0,-4.071363,0.016768161
3229,201,368,0,0,0,-4.4336557,0.011731746
3230,208,368,0,0,0,-3.4007783,0.03227115
3231,11,370,0,0,0,-2.1943004,0.100263484
3232,65,370,0,0,0,0.08943176,0.52234304
3233,80,370,0,0,0,-2.8376672,0.055322327
3234,139,370,0,0,0,-2.7440023,0.06042627
3235,172,370,0,0,0,-4.3582344,0.012639175
3236,174,370,0,0,0,-4.383293,0.012330245
3237,190,370,0,0,0,-2.1833336,0.10125715
3238,265,370,0,0,0,-1.934123,0.12629493
3239,291,370,0,0,0,-2.7710633,0.058908038
3240,32,374,0,0,0,0.033550292,0.5083868
3241,196,374,0,0,0,-0.61933464,0.3499328
3242,233,374,0,0,0,0.42343426,0.60430473
3243,246,374,0,0,0,-2.7233424,0.061609942
3244,257,374,0,0,0,0.49123734,0.62039787
3245,262,374,0,0,0,-1.9812937,0.121181
3246,273,374,0,0,0,-0.25781357,0.43590125
3247,275,374,0,0,0,-0.16910017,0.45782542
3248,284,374,0,0,0,-2.3490348,0.08714252
3249,61,375,0,0,0,-5.173129,0.0056348774
3250,131,375,0,0,0,-8.05576,0.00031716842
3251,138,375,0,0,0,-6.387802,0.0016791247
3252,165,375,0,0,0,-6.286642,0.0018575417
3253,179,375,0,0,0,-8.672327,0.00017123079
3254,210,375,0,0,0,-7.161551,0.0007752488
3255,211,375,0,0,0,-7.0204754,0.00089260325
3256,242,375,0,0,0,-6.2234583,0.0019784556
3257,259,375,0,0,0,-8.57893,0.00018799074
3258,272,375,0,0,0,-5.628931,0.0035795541
3259,287,375,0,0,0,-9.520061,7.335984e-05
3260,5,376,0,0,0,-2.226849,0.09736521
3261,151,376,0,0,0,-1.0203488,0.26495945
3262,176,376,0,0,0,0.3284076,0.58137184
3263,187,376,0,0,0,-1.2217596,0.22762695
3264,193,376,0,0,0,-0.8009105,0.30983078
3265,214,376,0,0,0,-2.4978943,0.07600593
3266,225,376,0,0,0,-0.54830843,0.36625695
3267,260,376,0,0,0,-0.89277625,0.29053724
3268,281,376,0,0,0,-1.735657,0.14986542
3269,30,377,0,0,0,-2.8043485,0.057089645
3270,98,377,0,0,0,-5.459835,0.0042362353
3271,176,377,0,0,0,-0.75208,0.32036823
3272,214,377,0,0,0,-7.7840962,0.00041613015
3273,259,377,0,0,0,-3.4293141,0.03139178
3274,262,377,0,0,0,-5.9494886,0.0026003937
3275,267,377,0,0,0,-1.9367816,0.12600185
3276,287,377,0,0,0,-4.1414304,0.015651235
3277,290,377,0,0,0,-3.4397495,0.031076027
3278,34,380,0,0,0,-1.9647734,0.12295138
3279,35,380,0,0,0,0.6296825,0.6524175
3280,96,380,0,0,0,-0.40945512,0.3990428
3281,97,380,0,0,0,-2.9147372,0.051429838
3282,135,380,0,0,0,-0.15802056,0.46057686
3283,157,380,0,0,0,-0.9811612,0.27266145
3284,204,380,0,0,0,-2.1338847,0.10584677
3285,241,380,0,0,0,-1.6409891,0.16233052
3286,276,380,0,0,0,-4.046575,0.017181773
3287,22,381,0,0,0,-8.582621,0.00018729831
3288,72,381,0,0,0,-3.6654253,0.024954613
3289,104,381,0,0,0,-12.51716,3.6632343e-06
3290,136,381,0,0,0,-8.370722,0.00023149475
3291,145,381,0,0,0,-6.919835,0.0009870176
3292,212,381,0,0,0,-12.002401,6.129438e-06
3293,239,381,0,0,0,-9.038553,0.00011872841
3294,259,381,0,0,0,-7.8831086,0.00037691699
3295,277,381,0,0,0,-3.9640262,0.018632745
3296,6,386,0,0,0,-7.4106936,0.00060438557
3297,27,386,0,0,0,-5.779967,0.0030793063
3298,36,386,0,0,0,-6.1636353,0.0021001687
3299,44,386,0,0,0,-6.780324,0.001134618
3300,70,386,0,0,0,-4.014564,0.017730767
3301,87,386,0,0,0,-2.9704552,0.0487786
3302,106,386,0,0,0,-3.551642,0.02787804
3303,170,386,0,0,0,-7.6272745,0.00048674928
3304,232,386,0,0,0,-8.402881,0.00022417023
3305,16,390,0,0,0,-0.6198851,0.3498076
3306,21,390,0,0,0,-8.98038,0.00012583917
3307,40,390,0,0,0,-7.2636175,0.0007000787
3308,163,390,0,0,0,-2.1763356,0.10189578
3309,177,390,0,0,0,1.2186644,0.7718284
3310,241,390,0,0,0,-1.1793194,0.2351746
3311,247,390,0,0,0,-2.8976107,0.052271802
3312,252,390,0,0,0,-1.8910816,0.1311212
3313,260,390,0,0,0,-0.29102695,0.42775247
3314,282,390,0,0,0,-1.0266339,0.26373723
3315,15,391,0,0,0,-4.6552534,0.009421886
3316,44,391,0,0,0,-4.6204495,0.009752323
3317,56,391,0,0,0,-5.1902704,0.0055396417
3318,157,391,0,0,0,-2.8012917,0.057254415
3319,175,391,0,0,0,-3.0639067,0.044620864
3320,183,391,0,0,0,-2.858928,0.05422165
3322,242,391,0,0,0,-0.39026928,0.4036525
3323,252,391,0,0,0,-4.2733603,0.013743367
3324,270,391,0,0,0,-4.733077,0.0087226
3325,45,392,0,0,0,-1.1958148,0.23222058
3326,71,392,0,0,0,-5.775837,0.0030920105
3327,91,392,0,0,0,-0.7806348,0.3141831
3328,98,392,0,0,0,-9.724049,5.9823713e-05
3329,109,392,0,0,0,-1.6876295,0.15608785
3330,110,392,0,0,0,-1.7085366,0.15335362
3331,145,392,0,0,0,-1.0617418,0.25697672
3332,234,392,0,0,0,-0.6504809,0.34288117
3333,255,392,0,0,0,-3.2032619,0.03904316
3334,282,392,0,0,0,-2.1667717,0.102774344
3335,291,392,0,0,0,-1.3425937,0.20708385
3336,60,393,0,0,0,-0.2858999,0.42900795
3337,61,393,0,0,0,0.3536269,0.5874968
3338,63,393,0,0,0,-1.5240977,0.1788589
3339,107,393,0,0,0,-0.86574584,0.29614028
3340,109,393,0,0,0,-1.2117946,0.22938366
3341,142,393,0,0,0,-4.0061274,0.017878303
3342,162,393,0,0,0,-3.676804,0.024679238
3343,165,393,0,0,0,-3.9138103,0.019573515
3344,168,393,0,0,0,-0.6699671,0.3385042
3345,97,394,0,0,0,-3.2834535,0.036143217
3346,158,394,0,0,0,-5.845841,0.0028835628
3347,210,394,0,0,0,-7.014975,0.0008975219
3348,211,394,0,0,0,-7.7141337,0.0004462728
3349,239,394,0,0,0,-5.0431275,0.006412152
3350,255,394,0,0,0,-5.61998,0.003611623
3351,256,394,0,0,0,-9.781347,5.6492438e-05
3352,265,394,0,0,0,-4.5543933,0.0104113445
3353,274,394,0,0,0,-1.8346782,0.13768192
3354,38,395,0,0,0,-0.10840319,0.47292572
3355,46,395,0,0,0,-0.33298075,0.41751555
3356,70,395,0,0,0,-1.9915342,0.12009464
3357,84,395,0,0,0,-1.7221785,0.15159078
3358,101,395,0,0,0,-2.0714753,0.111900344
3359,115,395,0,0,0,-6.985757,0.0009241082
3360,140,395,0,0,0,-7.1824484,0.0007592284
3361,159,395,0,0,0,-5.389724,0.004542505
3362,194,395,0,0,0,-0.38002706,0.40612036
3363,247,395,0,0,0,-5.258484,0.0051762545
3364,58,396,0,0,0,-0.3802172,0.40607452
3365,69,396,0,0,0,-1.2444732,0.22365832
3366,88,396,0,0,0,-5.0442147,0.006405229
3367,116,396,0,0,0,-2.1764843,0.10188217
3368,140,396,0,0,0,-6.847622,0.0010608516
3369,192,396,0,0,0,-0.011823624,0.49704412
3370,235,396,0,0,0,-4.2391634,0.01421468
3371,254,396,0,0,0,-3.0660262,0.044530597
3372,258,396,0,0,0,-5.121377,0.0059323963
3373,6,412,0,0,0,0.21846557,0.5544002
3374,20,412,0,0,0,-0.94097,0.28070444
3375,88,412,0,0,0,-1.282229,0.21717104
3376,115,412,0,0,0,0.3414641,0.58454615
3377,130,412,0,0,0,0.15303746,0.5381849
3378,144,412,0,0,0,-0.5803142,0.35886028
3379,154,412,0,0,0,-0.31895977,0.42092928
3380,216,412,0,0,0,-0.25834662,0.43577018
3381,277,412,0,0,0,0.5736062,0.63959485
3382,47,413,0,0,0,-3.9875646,0.018207176
3383,62,413,0,0,0,-2.793139,0.05769606
3384,81,413,0,0,0,-4.7485304,0.008589992
3385,101,413,0,0,0,-5.077158,0.0061989445
3386,106,413,0,0,0,-8.031813,0.00032485306
3387,109,413,0,0,0,-8.307821,0.0002465199
3388,155,413,0,0,0,-5.051917,0.006356396
3389,160,413,0,0,0,-5.5476265,0.0038815697
3390,174,413,0,0,0,-4.2140074,0.014571523
3391,51,414,0,0,0,-6.620017,0.0013316326
3392,106,414,0,0,0,-8.927676,0.00013264836
3393,146,414,0,0,0,-8.581711,0.00018746877
3394,150,414,0,0,0,-8.014292,0.00033059306
3395,151,414,0,0,0,-8.351958,0.0002358784
3396,173,414,0,0,0,-7.44558,0.0005836764
3397,251,414,0,0,0,-4.2922883,0.013489155
3398,271,414,0,0,0,-5.2666264,0.0051344936
3399,273,414,0,0,0,-5.4024343,0.00448539
3400,37,415,0,0,0,-4.5731263,0.010220099
3401,38,415,0,0,0,-6.502535,0.0014973874
3402,69,415,0,0,0,-10.757444,2.12859e-05
3403,86,415,0,0,0,-6.1027403,0.0022317383
3404,170,415,0,0,0,-2.2638602,0.094160594
3405,198,415,0,0,0,-4.4619927,0.011407708
3406,206,415,0,0,0,-7.720013,0.00044365786
3407,249,415,0,0,0,-4.5600615,0.010353108
3408,285,415,0,0,0,-7.5791283,0.0005107455
3409,12,416,0,0,0,-1.606086,0.16713274
3410,35,416,0,0,0,-2.1082327,0.10829921
3411,40,416,0,0,0,-1.7050488,0.15380701
3412,73,416,0,0,0,-8.436914,0.00021667086
3413,76,416,0,0,0,-4.337943,0.01289492
3414,155,416,0,0,0,-0.5675484,0.36180273
3415,189,416,0,0,0,-3.1119576,0.042616703
3416,191,416,0,0,0,-2.9379144,0.05031083
3417,206,416,0,0,0,-0.21967258,0.44530165
3418,30,417,0,0,0,-0.3817478,0.40570542
3419,90,417,0,0,0,-0.49707592,0.3782281
3420,92,417,0,0,0,-0.22494732,0.4439991
3421,122,417,0,0,0,-1.6603518,0.15971479
3422,176,417,0,0,0,-0.110744,0.47234225
3423,186,417,0,0,0,-2.1399252,0.10527643
3424,201,417,0,0,0,2.5142665,0.9251359
3425,205,417,0,0,0,-0.37519896,0.40728536
3426,288,417,0,0,0,-0.87609047,0.2939886
3427,24,418,0,0,0,-3.0636055,0.044633705
3429,74,418,0,0,0,-0.55388737,0.364963
3430,158,418,0,0,0,-4.760648,0.00848741
3431,184,418,0,0,0,-0.40945345,0.39904317
3432,187,418,0,0,0,-0.28104597,0.43019736
3433,207,418,0,0,0,-2.3269992,0.08891145
3434,249,418,0,0,0,-2.7729332,0.05880446
3435,287,418,0,0,0,-2.494743,0.07622753
3436,9,421,0,0,0,-1.1137751,0.24716775
3437,10,421,0,0,0,-3.9443498,0.018995969
3438,27,421,0,0,0,-5.1850524,0.005568462
3439,48,421,0,0,0,-5.57269,0.0037858568
3440,115,421,0,0,0,-3.3836722,0.032809664
3441,168,421,0,0,0,-2.1613781,0.10327276
3442,180,421,0,0,0,-3.7895966,0.022105042
3443,225,421,0,0,0,-2.774408,0.058722883
3444,272,421,0,0,0,-0.941273,0.28064328
3445,18,425,0,0,0,-6.9046907,0.0010020641
3446,34,425,0,0,0,-10.550136,2.6189244e-05
3447,133,425,0,0,0,-5.3443265,0.0047524725
3448,161,425,0,0,0,-7.36786,0.0006308195
3449,169,425,0,0,0,-7.8710036,0.00038150552
3450,170,425,0,0,0,-10.246706,3.54729e-05
3451,189,425,0,0,0,-11.14755,1.4410348e-05
3452,200,425,0,0,0,-10.212393,3.6711168e-05
3453,236,425,0,0,0,-6.73201,0.001190715
3454,239,425,0,0,0,-6.7378435,0.0011837973
3455,24,426,0,0,0,-2.1612175,0.10328764
3456,86,426,0,0,0,-2.0564141,0.11340587
3457,87,426,0,0,0,1.0708132,0.7447515
3458,91,426,0,0,0,-1.4153278,0.19539508
3459,106,426,0,0,0,-1.1199057,0.24602878
3460,119,426,0,0,0,-0.9321066,0.28249753
3461,138,426,0,0,0,-0.20203485,0.4496624
3462,278,426,0,0,0,-1.6968927,0.15487152
3463,285,426,0,0,0,-2.0057154,0.118604146
3464,17,427,0,0,0,-0.74246806,0.32246467
3465,76,427,0,0,0,-4.0240245,0.01756675
3466,87,427,0,0,0,-3.947631,0.018934922
3467,113,427,0,0,0,-2.2018623,0.09958337
3468,133,427,0,0,0,-2.0820992,0.110848896
3469,177,427,0,0,0,-5.3076015,0.0049293754
3470,207,427,0,0,0,-3.0284948,0.046155047
3471,276,427,0,0,0,-0.42034584,0.396434
3472,278,427,0,0,0,-8.0298605,0.00032548766
3473,0,428,0,0,0,-1.5913618,0.16919239
3474,1,428,0,0,0,-3.7875261,0.02214984
3475,58,428,0,0,0,-2.6138446,0.0682527
3476,107,428,0,0,0,-1.8966253,0.1304909
3477,121,428,0,0,0,-1.5563426,0.17417209
3478,138,428,0,0,0,0.79440117,0.68877554
3479,176,428,0,0,0,-4.848183,0.0077815857
3480,221,428,0,0,0,-1.8961344,0.13054661
3481,267,428,0,0,0,-2.0724561,0.111802906
3482,65,430,0,0,0,-3.596303,0.026692875
3483,73,430,0,0,0,-5.0034485,0.006669964
3484,120,430,0,0,0,-1.6884184,0.15598395
3485,123,430,0,0,0,-1.8187759,0.13958082
3486,161,430,0,0,0,-1.6235485,0.16471606
3487,168,430,0,0,0,-1.730783,0.15048745
3488,170,430,0,0,0,-2.2255905,0.09747588
3489,191,430,0,0,0,-2.8110793,0.0567284
3490,231,430,0,0,0,-1.3624399,0.20384404
3491,40,432,0,0,0,1.2852442,0.7833411
3492,136,432,0,0,0,0.53952616,0.6317022
3493,139,432,0,0,0,4.7044992,0.9910268
3494,148,432,0,0,0,2.5803084,0.9295835
3495,160,432,0,0,0,4.424159,0.98815763
3496,166,432,0,0,0,3.3342113,0.965584
3497,182,432,0,0,0,2.1647832,0.89704216
3498,187,432,0,0,0,1.2470553,0.7767897
3499,265,432,0,0,0,2.4903753,0.92346436
3500,23,433,0,0,0,-5.759787,0.00314188
3501,44,433,0,0,0,-5.426609,0.0043787262
3502,46,433,0,0,0,-1.2156057,0.22871068
3503,84,433,0,0,0,-1.2345629,0.22538382
3504,98,433,0,0,0,-2.1814237,0.101431094
3505,100,433,0,0,0,-2.5185575,0.07456742
3506,211,433,0,0,0,-4.5965033,0.009986314
3507,245,433,0,0,0,-5.0121737,0.006612404
3508,287,433,0,0,0,-5.4702725,0.0041924343
3509,5,434,0,0,0,-9.958775,4.730844e-05
3510,74,434,0,0,0,-6.2697663,0.0018890954
3511,99,434,0,0,0,-4.8043776,0.008127207
3512,110,434,0,0,0,-5.0404925,0.0064289616
3513,129,434,0,0,0,-7.566986,0.00051698164
3514,189,434,0,0,0,-8.508636,0.000201678
3515,215,434,0,0,0,-8.558638,0.00019184372
3516,232,434,0,0,0,-10.453986,2.8832279e-05
3517,235,434,0,0,0,-7.6594086,0.00047136395
3518,3,435,0,0,0,1.4863174,0.8155249
3519,26,435,0,0,0,-0.6088818,0.35231432
3520,58,435,0,0,0,-3.8547106,0.020740455
3521,164,435,0,0,0,0.22704947,0.55651975
3522,170,435,0,0,0,-9.205371,0.00010048808
3523,212,435,0,0,0,0.32631528,0.5808626
3524,262,435,0,0,0,-6.1900826,0.002045465
3525,272,435,0,0,0,-7.152608,0.0007822076
3526,278,435,0,0,0,0.96511096,0.7241439
