Dock Index,Enzyme Index,Substrate Index,Label,dataset_id,tag,logit,prob
0,19,0,1,0,0,-0.8671517,0.29584733
1,19,1,1,0,0,-1.4427216,0.19112425
2,131,2,1,0,0,-1.0354266,0.2620334
3,131,4,1,0,0,-0.8205528,0.30564633
4,246,5,1,0,0,-1.2778463,0.21791705
5,246,7,1,0,0,-1.3445551,0.20676197
6,246,8,1,0,0,-1.6527722,0.16073464
7,246,9,1,0,0,-1.2426994,0.22396646
8,246,10,1,0,0,-1.3352592,0.20829076
10,133,12,1,0,0,-1.2948711,0.21502946
11,181,13,1,0,0,-1.0114187,0.2667023
12,181,14,1,0,0,-0.7261935,0.32603058
13,181,15,1,0,0,-0.7845121,0.31334823
14,242,17,1,0,0,-0.95395964,0.2780892
16,47,19,1,0,0,-0.8970925,0.28964835
17,209,20,1,0,0,-1.0183353,0.26535177
18,143,21,1,0,0,-1.0169597,0.26562005
19,143,22,1,0,0,-0.92149967,0.2846524
20,97,23,1,0,0,-1.178823,0.23526388
21,259,24,1,0,0,-0.543472,0.3673803
22,175,25,1,0,0,-1.2912378,0.21564338
23,36,26,1,0,0,-1.5286696,0.17818843
25,157,28,1,0,0,-0.8795789,0.29326504
35,118,39,1,0,0,-1.2090666,0.22986624
36,24,40,1,0,0,-1.3803012,0.20096062
42,19,46,1,0,0,-0.86404806,0.29649428
43,19,47,1,0,0,-0.93923926,0.28105402
44,44,48,1,0,0,-1.2724743,0.21883398
45,114,49,1,0,0,-1.1682644,0.23716885
46,26,50,1,0,0,-1.0132163,0.2663509
47,27,51,1,0,0,-1.0551142,0.25824425
48,27,52,1,0,0,-1.0208089,0.26486987
49,27,53,1,0,0,-1.0523812,0.2587681
50,291,54,1,0,0,-0.8625478,0.29680732
51,291,55,1,0,0,-0.88136894,0.29289418
52,291,56,1,0,0,-0.94291145,0.28031263
53,290,50,1,0,0,-0.962383,0.27640134
55,178,15,1,0,0,-0.56965685,0.361316
56,178,58,1,0,0,-0.6398339,0.34528407
57,10,1,1,0,0,-0.5181581,0.37328303
58,10,59,1,0,0,-0.5049241,0.37638417
59,99,60,1,0,0,-1.4492862,0.19011144
60,230,60,1,0,0,-1.5240176,0.17887068
61,230,61,1,0,0,-1.9497166,0.124584265
79,63,75,1,0,0,-1.1736696,0.23619233
80,248,12,1,0,0,-0.86757725,0.29575866
81,102,75,1,0,0,-0.36188322,0.41050377
82,104,76,1,0,0,-0.29852432,0.42591825
83,103,77,1,0,0,-0.9878222,0.27134246
84,13,78,1,0,0,-0.57854086,0.3592684
85,225,60,1,0,0,-2.600253,0.069122136
86,203,79,1,0,0,-0.8017992,0.3096408
87,132,25,1,0,0,-1.1167452,0.24661551
88,132,80,1,0,0,-0.9429744,0.28029993
89,115,12,1,0,0,-1.4271426,0.19354428
90,35,81,1,0,0,-1.7375317,0.14962673
91,198,48,1,0,0,-1.1042852,0.24893783
92,6,82,1,0,0,-0.69362736,0.33322662
93,177,83,1,0,0,-1.4356606,0.19221823
94,177,24,1,0,0,-1.3345771,0.20840327
95,177,84,1,0,0,-1.2086761,0.22993538
97,170,24,1,0,0,-0.9388153,0.2811397
98,31,86,1,0,0,-1.291502,0.21559869
99,30,23,1,0,0,-1.3116198,0.21221593
107,168,93,1,0,0,-1.4768803,0.1858991
108,22,94,1,0,0,-1.4358613,0.19218706
109,45,39,1,0,0,-0.90964365,0.28707278
110,25,12,1,0,0,-1.2247751,0.22709721
115,14,24,1,0,0,-0.7293914,0.3253283
116,33,98,1,0,0,-1.2301676,0.22615209
117,174,25,1,0,0,-1.2402141,0.22439872
118,92,99,1,0,0,-1.5230277,0.17901611
121,137,102,1,0,0,-0.7780916,0.31473133
122,137,103,1,0,0,-0.751492,0.3204963
123,127,104,1,0,0,-0.6330044,0.3468296
124,127,105,1,0,0,-0.45931306,0.3871488
125,139,106,1,0,0,-0.8600605,0.2973267
126,139,107,1,0,0,-0.5871329,0.35729298
127,139,108,1,0,0,-0.5994557,0.35446823
128,139,109,1,0,0,-0.7856253,0.31310877
132,70,113,1,0,0,-1.3381045,0.20782195
133,70,115,1,0,0,-0.881432,0.29288113
134,69,117,1,0,0,-0.7315704,0.3248502
136,72,119,1,0,0,-0.7591656,0.31882745
137,72,120,1,0,0,-0.6890446,0.33424565
141,288,124,1,0,0,-1.2040331,0.23075852
150,285,133,1,0,0,-1.0262418,0.26381338
151,235,134,1,0,0,-1.1110803,0.24766955
152,285,135,1,0,0,-0.8585684,0.29763854
153,285,136,1,0,0,-0.8949707,0.2900851
154,285,138,1,0,0,-0.86720556,0.2958361
155,285,139,1,0,0,-0.9647358,0.275931
158,84,142,1,0,0,-0.87324995,0.2945785
159,84,143,1,0,0,-0.9388545,0.28113177
160,263,99,1,0,0,-1.5350244,0.17725974
161,262,145,1,0,0,-1.8328931,0.13789397
162,263,146,1,0,0,-1.7630391,0.14641012
169,77,75,1,0,0,-1.5265193,0.17850353
170,245,0,1,0,0,-0.72045296,0.32729325
171,244,1,1,0,0,-0.9888743,0.27113447
172,18,46,1,0,0,-0.483445,0.38143897
173,20,152,1,0,0,-0.8710951,0.29502648
177,189,153,1,0,0,-0.77379376,0.31565902
183,76,157,1,0,0,-1.2473016,0.2231676
184,76,158,1,0,0,-1.0211401,0.26480538
185,76,159,1,0,0,-0.9901705,0.2708784
186,76,160,1,0,0,-1.2391152,0.22459003
187,66,161,1,0,0,-1.0429823,0.26057497
188,66,162,1,0,0,-1.2931125,0.21532646
195,65,169,1,0,0,-1.240027,0.22443129
196,74,170,1,0,0,-0.28142244,0.4301051
198,74,172,1,0,0,-0.41701764,0.39723063
201,74,175,1,0,0,-0.50766194,0.37574178
202,75,176,1,0,0,-0.6168319,0.35050234
203,75,151,1,0,0,-0.48151574,0.38189426
204,74,125,1,0,0,-0.28516498,0.42918798
206,85,178,1,0,0,-0.81667924,0.30646902
207,60,179,1,0,0,-1.2744164,0.21850216
208,85,180,1,0,0,-0.8904003,0.29102722
213,59,185,1,0,0,-1.003108,0.26833078
214,9,186,1,0,0,-1.190938,0.23309122
215,9,187,1,0,0,-1.283256,0.21699648
216,273,25,1,0,0,-1.3022258,0.21379066
218,272,98,1,0,0,-1.6482222,0.16134937
221,267,191,1,0,0,-1.0159144,0.265824
222,274,192,1,0,0,-1.4990313,0.18257004
226,7,160,1,0,0,-0.6466001,0.3437561
227,220,193,1,0,0,-0.9763537,0.2736159
228,167,24,1,0,0,-1.5565226,0.17414619
240,220,205,1,0,0,-1.7074077,0.15350024
241,220,206,1,0,0,-1.1169505,0.24657737
244,17,209,1,0,0,-0.64470637,0.34418344
247,120,5,1,0,0,-1.1055707,0.24869758
250,121,214,1,0,0,-0.76712364,0.31710166
251,119,215,1,0,0,-1.0402193,0.26110768
253,122,217,1,0,0,-0.7697765,0.31652746
254,16,218,1,0,0,-1.6325371,0.1634831
255,16,219,1,0,0,-1.5031304,0.1819591
256,277,220,1,0,0,-1.6783938,0.15730827
260,207,120,1,0,0,-1.2693832,0.21936285
261,207,225,1,0,0,-1.2311575,0.2259789
262,206,226,1,0,0,-1.1821542,0.2346651
263,206,227,1,0,0,-1.2014518,0.23121706
271,67,124,1,0,0,-0.46315187,0.38623837
272,67,177,1,0,0,-0.4953718,0.37862894
273,67,233,1,0,0,-0.44419533,0.39074177
274,67,234,1,0,0,-0.836959,0.30217564
275,67,136,1,0,0,-0.59520984,0.35544038
276,68,235,1,0,0,-0.47494084,0.38344747
277,67,236,1,0,0,-0.7375517,0.32353976
283,93,241,1,0,0,-1.1202631,0.24596249
284,129,242,1,0,0,-0.8106142,0.3077596
290,265,246,1,0,0,-0.9026945,0.2884971
291,265,247,1,0,0,-1.2250171,0.22705474
292,265,248,1,0,0,-1.2248194,0.22708943
296,142,60,1,0,0,-1.9710398,0.12227725
305,154,60,1,0,0,-1.3639534,0.20359853
307,201,259,1,0,0,-1.1853588,0.23409005
324,151,273,1,0,0,-0.67956275,0.3363589
325,152,60,1,0,0,-0.64986086,0.3430209
326,151,274,1,0,0,-0.3245275,0.41957277
327,151,275,1,0,0,-0.506858,0.37593037
328,151,276,1,0,0,0.002671957,0.500668
333,204,17,1,0,0,-1.3195822,0.2108878
341,264,287,1,0,0,-0.95695037,0.2774892
355,204,301,1,0,0,-1.1202209,0.24597031
356,204,302,1,0,0,-1.400095,0.19780104
357,204,303,1,0,0,-1.016016,0.26580417
358,204,304,1,0,0,-1.3586822,0.20445457
359,204,305,1,0,0,-1.0156617,0.2658733
360,204,306,1,0,0,-1.2051983,0.23055176
361,204,307,1,0,0,-1.1996167,0.23154342
362,204,308,1,0,0,-1.3658698,0.20328797
363,204,309,1,0,0,-1.1481276,0.24083126
367,264,313,1,0,0,-1.0760257,0.25425884
368,264,314,1,0,0,-0.8206672,0.30562204
382,5,259,1,0,0,-0.6974485,0.33237818
384,247,326,1,0,0,-1.1106627,0.24774736
385,149,327,1,0,0,-1.3673089,0.203055
386,149,328,1,0,0,-1.3371425,0.20798036
387,149,329,1,0,0,-1.3329277,0.2086755
390,73,331,1,0,0,-1.412092,0.19590431
392,73,125,1,0,0,0.007052213,0.50176305
393,73,332,1,0,0,-0.27152285,0.43253326
394,160,333,1,0,0,-0.854857,0.29841498
395,130,134,1,0,0,-1.2986565,0.21439122
396,135,134,1,0,0,-1.3275149,0.20957074
397,163,329,1,0,0,-1.1970181,0.2320061
398,163,334,1,0,0,-1.3106501,0.21237808
399,163,335,1,0,0,-1.2982752,0.21445544
400,279,336,1,0,0,-1.219557,0.22801441
401,279,337,1,0,0,-1.2061465,0.23038359
402,279,338,1,0,0,-1.2452273,0.2235274
403,279,339,1,0,0,-1.1650689,0.23774746
404,279,340,1,0,0,-0.9170524,0.28555888
405,279,341,1,0,0,-1.2566025,0.2215593
406,163,342,1,0,0,-1.3496325,0.20593046
407,163,343,1,0,0,-1.2911718,0.21565454
408,163,344,1,0,0,-1.3288465,0.20935024
409,163,345,1,0,0,-1.4135435,0.19567576
410,163,346,1,0,0,-1.3287449,0.20936705
411,163,347,1,0,0,-1.1658111,0.23761299
414,163,350,1,0,0,-1.3215404,0.21056214
415,279,351,1,0,0,-1.0996497,0.24980554
416,278,352,1,0,0,-1.3141437,0.21179429
417,163,353,1,0,0,-1.098774,0.24996969
418,163,354,1,0,0,-1.1299353,0.24417305
420,163,356,1,0,0,-1.1521959,0.24008821
421,163,328,1,0,0,-1.2679968,0.21960036
422,163,357,1,0,0,-1.0305746,0.26297274
423,164,358,1,0,0,-1.148781,0.24071182
424,162,359,1,0,0,-1.3841963,0.2003359
425,280,360,1,0,0,-1.1314206,0.24389903
426,163,361,1,0,0,-0.990854,0.27074343
427,163,362,1,0,0,-0.9731196,0.27425912
428,163,363,1,0,0,-1.5107665,0.18082522
429,163,364,1,0,0,-1.3249114,0.21000233
430,163,365,1,0,0,-1.3545411,0.20512895
431,163,366,1,0,0,-1.2217863,0.22762226
432,163,367,1,0,0,-1.0885968,0.2518826
433,163,368,1,0,0,-1.1224407,0.24555884
435,279,370,1,0,0,-1.0113688,0.26671207
437,162,374,1,0,0,-1.2284777,0.22644797
438,163,375,1,0,0,-1.1628283,0.23815374
439,163,376,1,0,0,-1.1012657,0.24950282
440,163,377,1,0,0,-1.2344999,0.2253948
441,163,327,1,0,0,-1.3212566,0.2106093
442,161,380,1,0,0,-1.3140943,0.21180253
446,12,381,1,0,0,-1.0307331,0.262942
451,105,386,1,0,0,-1.9839237,0.12090119
457,144,390,1,0,0,-1.0436907,0.2604385
458,144,391,1,0,0,-0.9698803,0.27490437
460,208,392,1,0,0,-0.93353623,0.28220785
461,34,326,1,0,0,-0.51052916,0.3750695
462,23,24,1,0,0,-1.0290802,0.26326248
463,256,393,1,0,0,-0.8441163,0.30066857
464,166,394,1,0,0,-1.0941308,0.25084123
465,172,395,1,0,0,-0.8279323,0.30408245
466,172,75,1,0,0,-0.7988887,0.31026328
467,172,259,1,0,0,-0.9244949,0.2840429
468,171,396,1,0,0,-0.92952085,0.28302193
469,134,24,1,0,0,-0.926202,0.28369588
470,196,153,1,0,0,-1.5415597,0.17630866
471,234,327,1,0,0,-1.2081892,0.2300216
489,2,120,1,0,0,-1.279773,0.21758887
490,96,80,1,0,0,-0.8289199,0.3038735
491,145,24,1,0,0,-0.6481336,0.34341025
492,243,259,1,0,0,-0.9829859,0.2722997
494,147,412,1,0,0,-1.6237359,0.16469029
495,281,413,1,0,0,-1.9862237,0.12065695
496,156,414,1,0,0,-2.3404863,0.08782495
497,156,415,1,0,0,-2.6432083,0.06640885
498,109,416,1,0,0,-1.3057334,0.21320167
499,109,417,1,0,0,-1.1425667,0.24184942
500,180,418,1,0,0,-1.0661159,0.25614244
502,21,421,1,0,0,-2.2503252,0.09532142
505,183,425,1,0,0,-1.3479891,0.20619933
507,210,426,1,0,0,-1.3834832,0.20045017
508,214,427,1,0,0,-1.3295062,0.20924106
509,228,428,1,0,0,-1.5278983,0.1783014
510,229,430,1,0,0,-1.0211146,0.26481035
512,141,432,1,0,0,-1.8187068,0.13958913
513,217,433,1,0,0,-0.9668637,0.27550608
514,32,434,1,0,0,-0.24374536,0.43936357
515,113,435,1,0,0,-0.8471562,0.30002975
1000,1,0,0,0,0,-0.8140381,0.30703068
1001,5,0,0,0,0,-1.430757,0.19298075
1002,42,0,0,0,0,-0.7264599,0.32597205
1003,51,0,0,0,0,-0.75800264,0.31908008
1004,53,0,0,0,0,-0.76993954,0.31649217
1005,57,0,0,0,0,-1.0894821,0.2517158
1006,61,0,0,0,0,-1.7894332,0.14314222
1007,109,0,0,0,0,-1.3634546,0.20367941
1008,116,0,0,0,0,-0.52907884,0.37073177
1009,124,0,0,0,0,-1.9324386,0.1264809
1010,150,0,0,0,0,-1.0215199,0.26473144
1011,163,0,0,0,0,-1.350915,0.20572083
1012,166,0,0,0,0,-1.9390488,0.12575239
1013,220,0,0,0,0,-1.3208382,0.21067888
1014,231,0,0,0,0,-2.7803571,0.058394916
1015,236,0,0,0,0,-0.9112169,0.28675088
1016,262,0,0,0,0,-1.7824941,0.14399543
1017,268,0,0,0,0,-0.9792993,0.27303085
1018,274,0,0,0,0,-0.9841861,0.27206194
1019,13,1,0,0,0,-0.08013143,0.47997785
1020,41,1,0,0,0,-0.728134,0.32560435
1021,47,1,0,0,0,-0.73993635,0.32301807
1022,48,1,0,0,0,-0.820867,0.30557966
1023,61,1,0,0,0,-2.2417169,0.09606635
1024,74,1,0,0,0,-0.29943848,0.42569476
1025,132,1,0,0,0,-1.0438683,0.2604043
1026,151,1,0,0,0,-0.37016353,0.4085015
1027,153,1,0,0,0,-1.6098118,0.16661474
1028,162,1,0,0,0,-1.5013058,0.18223085
1029,178,1,0,0,0,-0.8142834,0.3069785
1030,182,1,0,0,0,-1.3051395,0.21330132
1031,186,1,0,0,0,-0.7037453,0.33098236
1032,190,1,0,0,0,-0.60658085,0.35283956
1033,192,1,0,0,0,-0.9562444,0.27763075
1034,196,1,0,0,0,-0.94258857,0.28037778
1035,208,1,0,0,0,-1.0308985,0.26290995
1036,209,1,0,0,0,-0.8117208,0.30752394
1037,222,1,0,0,0,-0.93894774,0.28111294
1038,224,1,0,0,0,-1.7524834,0.14773424
1039,243,1,0,0,0,-0.8397545,0.30158648
1040,246,1,0,0,0,-1.5255609,0.17864412
1041,263,1,0,0,0,-1.5749698,0.17150907
1042,267,1,0,0,0,-1.176019,0.23576875
1043,272,1,0,0,0,-1.7305262,0.15052028
1044,275,1,0,0,0,-0.8925834,0.290577
1045,281,1,0,0,0,-3.160477,0.04068044
1046,288,1,0,0,0,-1.158833,0.2388794
1047,12,2,0,0,0,-0.91530293,0.2859159
1048,16,2,0,0,0,-1.0088794,0.26719922
1049,25,2,0,0,0,-1.2187984,0.22814798
1050,66,2,0,0,0,-0.93225336,0.28246778
1051,115,2,0,0,0,-1.480264,0.18538755
1052,135,2,0,0,0,-1.7623835,0.14649208
1053,220,2,0,0,0,-0.8938573,0.29031447
1054,235,2,0,0,0,-1.1779368,0.23542337
1055,254,2,0,0,0,-0.9992201,0.2690948
1056,273,2,0,0,0,-1.4017715,0.19753514
1057,276,2,0,0,0,-1.846257,0.13631298
1058,52,4,0,0,0,-1.0194924,0.2651263
1059,62,4,0,0,0,-1.3280258,0.20948611
1060,72,4,0,0,0,-0.77281255,0.315871
1061,118,4,0,0,0,-1.3243444,0.2100964
1062,225,4,0,0,0,-1.6840074,0.15656555
1063,241,4,0,0,0,-1.1402326,0.24227767
1064,248,4,0,0,0,-1.2850716,0.21668816
1065,255,4,0,0,0,-2.8526464,0.054544684
1066,278,4,0,0,0,-0.8892476,0.29126513
1067,4,5,0,0,0,-1.2789073,0.21773629
1068,16,5,0,0,0,-1.2915785,0.21558575
1069,76,5,0,0,0,-1.5491824,0.17520438
1070,103,5,0,0,0,-1.3015096,0.21391106
1071,104,5,0,0,0,-1.3242257,0.21011612
1072,131,5,0,0,0,-1.1024251,0.24928577
1073,140,5,0,0,0,-1.6105766,0.16650857
1074,153,5,0,0,0,-0.9327368,0.2823698
1075,160,5,0,0,0,-1.4129848,0.19576369
1076,187,5,0,0,0,-0.88173765,0.29281783
1077,209,5,0,0,0,-1.055378,0.25819373
1078,227,5,0,0,0,-1.0527374,0.2586998
1079,242,5,0,0,0,-0.6710429,0.33826336
1080,249,5,0,0,0,-1.4668384,0.18742365
1081,255,5,0,0,0,-0.6990489,0.33202314
1082,260,5,0,0,0,-0.93642443,0.28162315
1083,267,5,0,0,0,-1.3673046,0.20305568
1084,279,5,0,0,0,-1.3601916,0.20420916
1085,291,5,0,0,0,-1.058728,0.25755262
1086,17,7,0,0,0,-0.9315464,0.2826111
1087,135,7,0,0,0,-1.1272864,0.24466223
1088,150,7,0,0,0,-1.1999316,0.23148738
1089,164,7,0,0,0,-0.9433183,0.28023055
1090,227,7,0,0,0,-0.97685206,0.27351686
1091,245,7,0,0,0,-0.71301395,0.3289332
1092,257,7,0,0,0,-0.91410196,0.28616118
1093,264,7,0,0,0,-0.9253682,0.28386536
1094,272,7,0,0,0,-1.11148,0.24759507
1095,50,8,0,0,0,-1.203465,0.23085938
1096,93,8,0,0,0,-1.0430517,0.2605616
1097,134,8,0,0,0,-1.190788,0.23311803
1098,158,8,0,0,0,-1.4324744,0.19271344
1099,221,8,0,0,0,-1.1420696,0.24194059
1100,229,8,0,0,0,-1.0504441,0.25913984
1101,236,8,0,0,0,-0.9781745,0.27325416
1102,241,8,0,0,0,-1.0161614,0.26577577
1103,254,8,0,0,0,-0.9758249,0.273721
1104,274,8,0,0,0,-1.3075769,0.2128926
1105,32,9,0,0,0,-1.5888216,0.16954975
1106,49,9,0,0,0,-1.2174726,0.22838154
1107,74,9,0,0,0,-0.59087443,0.35643426
1108,100,9,0,0,0,-2.029194,0.11617164
1109,138,9,0,0,0,-1.0705289,0.25530252
1110,191,9,0,0,0,-1.0602067,0.25726998
1111,213,9,0,0,0,-1.1993954,0.23158279
1112,235,9,0,0,0,-1.1021197,0.24934293
1113,265,9,0,0,0,-1.1621643,0.23827423
1114,0,10,0,0,0,-1.3847084,0.20025387
1115,7,10,0,0,0,-1.4019139,0.19751258
1116,42,10,0,0,0,-0.9842686,0.2720456
1117,47,10,0,0,0,-1.0885944,0.25188306
1118,61,10,0,0,0,-1.9360459,0.1260829
1119,102,10,0,0,0,-0.6905988,0.3338999
1120,127,10,0,0,0,-0.8387231,0.30180377
1121,217,10,0,0,0,-1.3447893,0.20672357
1122,236,10,0,0,0,-1.0287824,0.26332024
1123,290,10,0,0,0,-1.0166757,0.26567543
1133,7,12,0,0,0,-1.143022,0.24176596
1134,13,12,0,0,0,-0.3660346,0.40949956
1135,27,12,0,0,0,-0.92396027,0.28415164
1136,38,12,0,0,0,-0.43256855,0.39351314
1137,44,12,0,0,0,-1.2457318,0.22343986
1138,55,12,0,0,0,-0.3443376,0.4147562
1139,63,12,0,0,0,-1.2773535,0.21800105
1140,68,12,0,0,0,-0.7164495,0.3281753
1141,70,12,0,0,0,-1.2493725,0.22280878
1142,77,12,0,0,0,-1.4623115,0.18811405
1143,79,12,0,0,0,-0.79764384,0.31052974
1144,82,12,0,0,0,-0.6068945,0.35276794
1145,88,12,0,0,0,-2.7918715,0.057765007
1146,102,12,0,0,0,-0.56810224,0.36167485
1147,107,12,0,0,0,-1.1192472,0.24615094
1148,117,12,0,0,0,-1.5174356,0.17983946
1149,153,12,0,0,0,-1.1126935,0.24736907
1150,160,12,0,0,0,-1.2842886,0.21682109
1151,161,12,0,0,0,-0.873464,0.29453403
1152,171,12,0,0,0,-0.7246993,0.326359
1153,172,12,0,0,0,-0.6584742,0.34108245
1154,182,12,0,0,0,-1.5780127,0.17107712
1155,185,12,0,0,0,-0.7176061,0.32792035
1156,197,12,0,0,0,-0.7527403,0.3202245
1157,205,12,0,0,0,-1.387464,0.19981292
1158,216,12,0,0,0,-0.63092935,0.34729984
1159,220,12,0,0,0,-1.7882624,0.1432859
1160,230,12,0,0,0,-1.3706625,0.20251285
1161,240,12,0,0,0,-0.94960696,0.27896386
1162,249,12,0,0,0,-1.4182868,0.1949303
1163,254,12,0,0,0,-1.1011086,0.24953224
1164,255,12,0,0,0,-1.2482338,0.22300602
1165,267,12,0,0,0,-1.4480114,0.1903078
1166,272,12,0,0,0,-1.4247179,0.19392303
1167,273,12,0,0,0,-1.373594,0.2020398
1168,275,12,0,0,0,-0.74659914,0.3215628
1169,280,12,0,0,0,-0.9814907,0.2725961
1170,17,13,0,0,0,-1.2089047,0.2298949
1171,35,13,0,0,0,-0.91074246,0.28684792
1172,88,13,0,0,0,-1.6271656,0.16421902
1173,89,13,0,0,0,-1.4007034,0.19770451
1174,101,13,0,0,0,-0.7203383,0.3273185
1175,120,13,0,0,0,-0.8232064,0.30508345
1176,174,13,0,0,0,-1.473731,0.18637617
1177,208,13,0,0,0,-1.0755014,0.25435826
1178,239,13,0,0,0,-1.2023888,0.23105054
1179,242,13,0,0,0,-1.1521776,0.24009156
1180,291,13,0,0,0,-0.841671,0.301183
1181,10,14,0,0,0,-1.119112,0.24617603
1182,23,14,0,0,0,-0.88056976,0.29305974
1183,24,14,0,0,0,-1.2582021,0.22128356
1184,66,14,0,0,0,-0.66749674,0.3390576
1185,97,14,0,0,0,-1.2844598,0.21679202
1186,239,14,0,0,0,-1.3054819,0.21324387
1187,256,14,0,0,0,-1.0287759,0.2633215
1188,282,14,0,0,0,-1.2418785,0.22410917
1189,289,14,0,0,0,-1.0849977,0.25256142
1190,40,15,0,0,0,-0.84236574,0.30103678
1191,70,15,0,0,0,-1.1260278,0.24489489
1192,82,15,0,0,0,-0.7708651,0.316292
1193,89,15,0,0,0,-1.2804716,0.21746996
1194,96,15,0,0,0,-0.812208,0.3074202
1195,112,15,0,0,0,-0.57938534,0.35907403
1196,136,15,0,0,0,-1.0112445,0.26673636
1197,141,15,0,0,0,-1.6556065,0.16035265
1198,149,15,0,0,0,-1.0443988,0.26030213
1199,158,15,0,0,0,-0.315212,0.42184305
1200,179,15,0,0,0,-0.6890655,0.33424097
1201,200,15,0,0,0,-0.9831551,0.2722662
1202,204,15,0,0,0,-0.9712345,0.2746345
1203,217,15,0,0,0,-1.1028898,0.24919882
1204,224,15,0,0,0,-0.89276254,0.29054007
1205,246,15,0,0,0,-4.1090045,0.016158724
1206,265,15,0,0,0,-0.9958173,0.26976457
1207,276,15,0,0,0,-0.6198868,0.3498072
1208,284,15,0,0,0,-1.2340353,0.22547594
1209,2,17,0,0,0,-1.422853,0.19421472
1210,47,17,0,0,0,-0.64364207,0.3444237
1211,48,17,0,0,0,-1.2053821,0.23051916
1212,61,17,0,0,0,-1.0801985,0.25346845
1213,90,17,0,0,0,-1.1339533,0.24343227
1214,110,17,0,0,0,-1.0715178,0.25511456
1215,119,17,0,0,0,-1.0861635,0.2523414
1216,142,17,0,0,0,-1.6362877,0.16297083
1217,168,17,0,0,0,-1.5997105,0.16802208
1218,171,17,0,0,0,-0.80388373,0.30919537
1219,212,17,0,0,0,-0.8490355,0.29963523
1220,233,17,0,0,0,-0.8665197,0.295979
1221,240,17,0,0,0,-0.9865805,0.27158803
1222,248,17,0,0,0,-0.8438286,0.30072904
1223,256,17,0,0,0,-1.0308144,0.26292625
1224,277,17,0,0,0,-0.46714902,0.38529125
1225,280,17,0,0,0,-0.47333327,0.3838276
1226,281,17,0,0,0,-1.5747409,0.17154159
1227,291,17,0,0,0,-0.8193192,0.3059082
1228,13,18,0,0,0,-0.6169139,0.35048366
1229,56,18,0,0,0,-0.83502334,0.30258396
1230,80,18,0,0,0,-0.9893279,0.27104485
1232,110,18,0,0,0,-1.2369833,0.22496152
1233,111,18,0,0,0,-0.72871995,0.3254757
1234,145,18,0,0,0,-0.7588305,0.31890023
1236,286,18,0,0,0,-1.0556059,0.25815007
1237,50,19,0,0,0,-0.74956894,0.32091522
1238,52,19,0,0,0,-0.78410393,0.31343606
1239,55,19,0,0,0,-0.7174522,0.32795426
1240,68,19,0,0,0,-0.80803174,0.3083101
1241,88,19,0,0,0,-2.6471195,0.066166766
1242,138,19,0,0,0,-0.7154862,0.3283877
1243,140,19,0,0,0,-2.5378566,0.07324654
1244,153,19,0,0,0,-1.4944844,0.1832496
1245,229,19,0,0,0,-0.9566196,0.27755553
1246,30,20,0,0,0,-1.3331885,0.20863244
1247,32,20,0,0,0,-1.2688012,0.21946253
1248,54,20,0,0,0,-0.9008083,0.28888443
1249,94,20,0,0,0,-1.6016283,0.16775416
1250,143,20,0,0,0,-0.94416684,0.28005943
1251,151,20,0,0,0,-0.69991314,0.33183149
1252,162,20,0,0,0,-0.31724814,0.42134655
1253,184,20,0,0,0,-0.8074319,0.308438
1254,270,20,0,0,0,-2.0114548,0.11800548
1255,7,21,0,0,0,-1.1313183,0.24391788
1256,29,21,0,0,0,-1.2281175,0.22651108
1257,32,21,0,0,0,-1.222132,0.22756149
1258,82,21,0,0,0,-0.71850914,0.32772136
1259,133,21,0,0,0,-1.2340269,0.2254774
1260,135,21,0,0,0,-1.9588804,0.123588264
1261,164,21,0,0,0,-1.7482109,0.14827299
1262,214,21,0,0,0,-1.2150946,0.22880086
1263,216,21,0,0,0,-0.7074086,0.3301717
1264,11,22,0,0,0,-0.9425242,0.28039074
1265,48,22,0,0,0,-0.9720704,0.27446803
1266,49,22,0,0,0,-1.4882984,0.18417726
1267,62,22,0,0,0,-1.4404769,0.1914715
1268,121,22,0,0,0,-0.9423061,0.28043476
1269,161,22,0,0,0,-1.1484978,0.24076357
1270,164,22,0,0,0,-1.1943445,0.23248282
1271,182,22,0,0,0,-1.549937,0.17509536
1272,241,22,0,0,0,-1.1712505,0.23662904
1273,12,23,0,0,0,-0.9717892,0.27452403
1274,19,23,0,0,0,-0.881314,0.29290557
1275,29,23,0,0,0,-1.7578702,0.14705728
1276,62,23,0,0,0,-1.8863475,0.13166149
1277,113,23,0,0,0,-0.5718878,0.36080134
1278,132,23,0,0,0,-1.0668447,0.2560036
1279,148,23,0,0,0,-1.1851435,0.23412865
1280,152,23,0,0,0,-1.3477788,0.20623375
1281,153,23,0,0,0,-1.523104,0.17900491
1282,165,23,0,0,0,-1.2637069,0.22033642
1283,173,23,0,0,0,-2.1358993,0.10565625
1284,186,23,0,0,0,-0.81093794,0.30769065
1285,195,23,0,0,0,-1.0297128,0.26313978
1286,204,23,0,0,0,-1.3545203,0.20513234
1287,211,23,0,0,0,-0.9141935,0.28614247
1288,225,23,0,0,0,-1.7327263,0.15023918
1289,230,23,0,0,0,-1.6708944,0.15830497
1290,245,23,0,0,0,-0.85175997,0.2990638
1291,267,23,0,0,0,-1.3769403,0.20150086
1292,2,24,0,0,0,-1.1667774,0.23743798
1293,4,24,0,0,0,-1.3780651,0.20131993
1294,5,24,0,0,0,-0.7624382,0.31811714
1295,7,24,0,0,0,-1.1840172,0.23433067
1296,9,24,0,0,0,-0.81471545,0.30688658
1297,10,24,0,0,0,-1.0575788,0.25777242
1298,15,24,0,0,0,-1.0097826,0.2670224
1299,20,24,0,0,0,-1.116005,0.24675308
1300,24,24,0,0,0,-1.4410541,0.19138217
1301,30,24,0,0,0,-1.282083,0.21719585
1302,34,24,0,0,0,-0.82937986,0.3037762
1303,37,24,0,0,0,-0.44616815,0.3902722
1304,39,24,0,0,0,-0.6085439,0.35239142
1305,47,24,0,0,0,-0.7421411,0.3225361
1306,48,24,0,0,0,-1.2986531,0.21439178
1307,58,24,0,0,0,-1.3037698,0.21353124
1308,59,24,0,0,0,-1.1109452,0.24769472
1309,60,24,0,0,0,-1.3105261,0.21239881
1310,62,24,0,0,0,-1.4359298,0.19217643
1311,63,24,0,0,0,-1.2701404,0.21923321
1312,64,24,0,0,0,-1.3303041,0.20910905
1313,66,24,0,0,0,-0.8952994,0.29001743
1314,67,24,0,0,0,-0.42872727,0.39443028
1315,69,24,0,0,0,-0.89232534,0.2906302
1316,72,24,0,0,0,-0.7266936,0.32592073
1317,82,24,0,0,0,-0.64370733,0.34440896
1318,83,24,0,0,0,-1.0908368,0.25146073
1319,85,24,0,0,0,-0.8252976,0.3046403
1320,89,24,0,0,0,-1.6076982,0.16690843
1321,93,24,0,0,0,-1.2594769,0.22106396
1322,99,24,0,0,0,-0.84147596,0.30122402
1323,101,24,0,0,0,-0.98968095,0.2709751
1324,104,24,0,0,0,-1.1624227,0.23822735
1325,109,24,0,0,0,-1.294687,0.21506053
1326,110,24,0,0,0,-1.7029967,0.15407428
1327,125,24,0,0,0,-1.0645698,0.25643712
1328,136,24,0,0,0,-1.0802991,0.2534494
1329,138,24,0,0,0,-0.6754105,0.3372864
1330,143,24,0,0,0,-1.0698967,0.25542274
1331,147,24,0,0,0,-1.4932256,0.18343808
1332,148,24,0,0,0,-1.4213505,0.19444996
1333,157,24,0,0,0,-0.89065284,0.29097512
1334,158,24,0,0,0,-1.0953879,0.25060505
1335,160,24,0,0,0,-1.1828396,0.23454201
1336,166,24,0,0,0,-1.0782517,0.25383702
1337,169,24,0,0,0,-1.0661943,0.2561275
1338,171,24,0,0,0,-0.87349576,0.29452744
1339,174,24,0,0,0,-1.3423245,0.20712806
1340,176,24,0,0,0,-1.7130747,0.15276533
1341,178,24,0,0,0,-0.90669566,0.28767648
1342,184,24,0,0,0,-0.74427086,0.32207093
1343,190,24,0,0,0,-0.74812144,0.32123077
1344,192,24,0,0,0,-0.7675593,0.3170073
1345,199,24,0,0,0,-0.9874848,0.27140915
1346,203,24,0,0,0,-2.5140026,0.07488236
1347,208,24,0,0,0,-0.98884964,0.27113935
1348,211,24,0,0,0,-0.988998,0.27111003
1349,220,24,0,0,0,-0.691224,0.33376086
1350,221,24,0,0,0,-0.13473098,0.4663681
1351,225,24,0,0,0,-1.5770588,0.17121243
1352,226,24,0,0,0,-0.7431517,0.32231534
1353,229,24,0,0,0,-0.9653093,0.27581644
1354,232,24,0,0,0,-1.2124898,0.2292608
1355,235,24,0,0,0,-2.0627027,0.112775125
1356,241,24,0,0,0,-0.99290675,0.27033833
1357,253,24,0,0,0,-1.0741371,0.25461712
1358,257,24,0,0,0,-1.1700628,0.23684363
1359,264,24,0,0,0,-1.3696463,0.202677
1360,266,24,0,0,0,-0.6270735,0.3481744
1361,271,24,0,0,0,-0.8185713,0.30606702
1362,275,24,0,0,0,-1.0561305,0.2580496
1363,278,24,0,0,0,-0.91191185,0.2866088
1364,285,24,0,0,0,-1.2017043,0.23117217
1365,286,24,0,0,0,-2.8132122,0.056614377
1366,291,24,0,0,0,-0.9368425,0.28153858
1367,2,25,0,0,0,-1.2827115,0.21708901
1368,9,25,0,0,0,-0.94204426,0.2804876
1369,19,25,0,0,0,-0.86433625,0.29643416
1370,29,25,0,0,0,-1.8199553,0.13943923
1371,43,25,0,0,0,-0.78545225,0.313146
1372,51,25,0,0,0,-0.71311915,0.32891
1373,70,25,0,0,0,-1.0948696,0.2507024
1374,77,25,0,0,0,-1.0849252,0.2525751
1375,78,25,0,0,0,-0.66831285,0.33887473
1376,81,25,0,0,0,-0.8763016,0.29394478
1377,88,25,0,0,0,-2.17279,0.1022207
1378,97,25,0,0,0,-1.1697364,0.23690264
1379,103,25,0,0,0,-1.1590316,0.23884329
1380,114,25,0,0,0,-1.1016564,0.24942966
1381,120,25,0,0,0,-0.78526485,0.3131863
1382,125,25,0,0,0,-1.0193179,0.2651603
1383,138,25,0,0,0,-0.52464664,0.37176633
1384,144,25,0,0,0,-1.0291109,0.26325652
1385,156,25,0,0,0,-1.0343173,0.26224798
1386,162,25,0,0,0,-0.9702211,0.27483642
1387,180,25,0,0,0,-0.82508343,0.30468565
1388,186,25,0,0,0,-0.7986165,0.31032154
1389,188,25,0,0,0,-0.69771826,0.3323183
1390,189,25,0,0,0,-0.59633416,0.35518283
1391,195,25,0,0,0,-0.7354173,0.32400706
1392,196,25,0,0,0,-1.55128,0.17490147
1393,210,25,0,0,0,-0.98412216,0.2720746
1394,215,25,0,0,0,-0.8638322,0.2965393
1395,216,25,0,0,0,-0.77833825,0.31467813
1396,244,25,0,0,0,-0.9183729,0.28528953
1397,245,25,0,0,0,-0.97855353,0.27317888
1398,251,25,0,0,0,-1.3166375,0.21137826
1399,253,25,0,0,0,-1.2006705,0.23135597
1400,259,25,0,0,0,-0.49877757,0.377828
1401,274,25,0,0,0,-1.2267084,0.22675805
1402,281,25,0,0,0,-1.0914445,0.25134638
1403,287,25,0,0,0,-1.0662248,0.2561217
1404,22,26,0,0,0,-1.3800409,0.20100243
1405,81,26,0,0,0,-0.75448793,0.3198442
1406,113,26,0,0,0,-0.68733054,0.33462718
1407,160,26,0,0,0,-1.185844,0.23400307
1408,197,26,0,0,0,-0.9281133,0.28330764
1409,205,26,0,0,0,-1.2206826,0.22781634
1410,271,26,0,0,0,-0.87178713,0.29488257
1411,275,26,0,0,0,-1.0447917,0.2602265
1412,286,26,0,0,0,-1.1971579,0.2319812
1413,21,27,0,0,0,-1.0912402,0.25138482
1415,53,27,0,0,0,-1.0266547,0.26373318
1416,72,27,0,0,0,-1.2493129,0.2228191
1418,160,27,0,0,0,-1.3054135,0.21325535
1420,201,27,0,0,0,-0.88442546,0.29226154
1422,68,28,0,0,0,-0.5238879,0.37194356
1423,83,28,0,0,0,-0.8813043,0.29290757
1424,98,28,0,0,0,-1.2364755,0.22505008
1425,148,28,0,0,0,-1.1939468,0.2325538
1426,151,28,0,0,0,-0.0034673512,0.49913317
1427,153,28,0,0,0,-1.0356627,0.26198775
1428,185,28,0,0,0,-0.65223,0.3424872
1429,201,28,0,0,0,-1.0476544,0.25967577
1430,288,28,0,0,0,-1.136069,0.24304281
1431,1,39,0,0,0,-0.4944406,0.37884805
1432,4,39,0,0,0,-1.1238325,0.2453011
1433,14,39,0,0,0,-0.7824938,0.31378266
1434,15,39,0,0,0,-1.4971807,0.18284638
1435,60,39,0,0,0,-1.2034433,0.23086324
1436,75,39,0,0,0,-0.50598764,0.37613457
1437,84,39,0,0,0,-0.88540834,0.2920583
1438,88,39,0,0,0,-2.3004537,0.0910854
1439,92,39,0,0,0,-1.0817332,0.25317815
1440,98,39,0,0,0,-1.4858334,0.18454793
1441,165,39,0,0,0,-1.2139852,0.22899668
1442,186,39,0,0,0,-0.6404246,0.34515056
1443,195,39,0,0,0,-0.876287,0.2939478
1444,222,39,0,0,0,-0.9561567,0.27764836
1445,255,39,0,0,0,-1.2884698,0.21611193
1446,275,39,0,0,0,-1.1335702,0.24350284
1447,276,39,0,0,0,-1.5213087,0.1792689
1448,287,39,0,0,0,-1.2627034,0.22050886
1449,288,39,0,0,0,-1.1975186,0.23191693
1450,33,40,0,0,0,-1.2756014,0.2182999
1451,55,40,0,0,0,-0.38696262,0.4044487
1452,65,40,0,0,0,-0.9930938,0.27030143
1453,79,40,0,0,0,-0.7474186,0.32138404
1454,112,40,0,0,0,-0.65716064,0.34137774
1455,130,40,0,0,0,-1.3965335,0.19836678
1456,157,40,0,0,0,-1.336551,0.20807783
1457,191,40,0,0,0,-0.6745886,0.33747014
1458,283,40,0,0,0,-1.1493938,0.24059983
1459,37,46,0,0,0,-0.8398557,0.30156517
1460,39,46,0,0,0,-0.572152,0.3607404
1461,44,46,0,0,0,-1.3155854,0.21155371
1462,56,46,0,0,0,-0.7149387,0.3285085
1463,62,46,0,0,0,-1.8583763,0.13489242
1464,63,46,0,0,0,-1.1856213,0.23404299
1465,87,46,0,0,0,-2.9072022,0.051798675
1466,130,46,0,0,0,-1.384901,0.20022303
1467,138,46,0,0,0,-1.5357649,0.17715177
1468,158,46,0,0,0,-1.192158,0.2328732
1469,171,46,0,0,0,-1.0461707,0.2599611
1470,180,46,0,0,0,-0.8464487,0.30017835
1471,182,46,0,0,0,-1.2830019,0.21703967
1472,187,46,0,0,0,-0.706118,0.33045718
1473,199,46,0,0,0,-1.8811018,0.13226236
1474,242,46,0,0,0,-1.1052121,0.24876457
1475,252,46,0,0,0,-1.2334774,0.22557339
1476,258,46,0,0,0,-2.3186767,0.089587934
1477,266,46,0,0,0,-0.6508429,0.3427996
1478,277,46,0,0,0,-1.833205,0.13785692
1479,45,47,0,0,0,-0.98712826,0.27147967
1480,87,47,0,0,0,-2.5083165,0.07527722
1481,117,47,0,0,0,-1.3666224,0.20316608
1482,138,47,0,0,0,-1.6557035,0.1603396
1483,162,47,0,0,0,-1.0858736,0.2523961
1484,169,47,0,0,0,-1.1518233,0.2401562
1485,181,47,0,0,0,-0.93930924,0.2810399
1486,227,47,0,0,0,-1.2392213,0.22457156
1487,263,47,0,0,0,-1.7195911,0.15192384
1488,270,47,0,0,0,-1.2318234,0.22586244
1489,66,48,0,0,0,-1.0578351,0.2577234
1490,80,48,0,0,0,-0.4705589,0.38448396
1491,91,48,0,0,0,-1.2336624,0.22554107
1492,102,48,0,0,0,-0.76823753,0.3168605
1493,110,48,0,0,0,-1.4317038,0.19283335
1494,114,48,0,0,0,-1.2032387,0.23089957
1495,140,48,0,0,0,-1.5378768,0.17684413
1496,163,48,0,0,0,-1.1582124,0.23899224
1497,168,48,0,0,0,-1.5806792,0.17069931
1498,172,48,0,0,0,-0.7976669,0.31052482
1499,181,48,0,0,0,-0.897515,0.28956142
1500,182,48,0,0,0,-1.3653886,0.2033659
1501,199,48,0,0,0,-1.1191308,0.24617253
1502,211,48,0,0,0,-1.2885404,0.21609998
1503,214,48,0,0,0,-0.6653539,0.33953795
1504,227,48,0,0,0,-1.0885625,0.25188908
1505,233,48,0,0,0,-0.69424087,0.33309034
1506,246,48,0,0,0,-1.5849948,0.17008926
1507,263,48,0,0,0,-2.4099445,0.08241751
1508,60,49,0,0,0,-1.0940561,0.25085527
1509,74,49,0,0,0,-0.5294443,0.3706465
1510,137,49,0,0,0,-1.0168698,0.26563758
1511,139,49,0,0,0,-0.60276556,0.35371122
1512,140,49,0,0,0,-1.2089672,0.22988385
1513,166,49,0,0,0,-1.1692288,0.23699442
1514,171,49,0,0,0,-0.85726,0.29791212
1515,233,49,0,0,0,-0.9346148,0.28198943
1516,290,49,0,0,0,-0.9135416,0.28627566
1517,11,50,0,0,0,-0.97522444,0.2738404
1518,49,50,0,0,0,-1.2905004,0.21576813
1519,64,50,0,0,0,-1.2521386,0.22233015
1520,74,50,0,0,0,-1.3034654,0.21358238
1521,109,50,0,0,0,-0.90559894,0.28790128
1522,121,50,0,0,0,-1.1032305,0.24913509
1523,140,50,0,0,0,-1.4018223,0.1975271
1524,153,50,0,0,0,-1.2326701,0.22571445
1525,171,50,0,0,0,-0.99231964,0.27045414
1526,172,50,0,0,0,-1.0615687,0.25700977
1527,175,50,0,0,0,-1.1930361,0.23271638
1528,184,50,0,0,0,-0.68206745,0.33580002
1529,208,50,0,0,0,-0.9550906,0.27786222
1530,209,50,0,0,0,-0.9340584,0.28210208
1531,213,50,0,0,0,-1.1824353,0.23461461
1532,222,50,0,0,0,-1.159116,0.23882794
1533,242,50,0,0,0,-0.8173112,0.3063347
1534,263,50,0,0,0,-1.7525401,0.1477271
1535,275,50,0,0,0,-1.14514,0.24137789
1536,291,50,0,0,0,-0.90635294,0.28774673
1537,5,51,0,0,0,-1.4307008,0.19298951
1538,31,51,0,0,0,-1.21596,0.22864819
1539,67,51,0,0,0,-0.73967516,0.32307518
1540,89,51,0,0,0,-1.2958276,0.21486805
1541,132,51,0,0,0,-1.058977,0.257505
1542,139,51,0,0,0,-0.6113861,0.35174307
1543,172,51,0,0,0,-1.0704985,0.2553083
1544,183,51,0,0,0,-1.0518064,0.25887835
1545,208,51,0,0,0,-1.1217657,0.24568391
1546,6,52,0,0,0,-0.827974,0.30407363
1547,19,52,0,0,0,-0.96263874,0.2763502
1548,62,52,0,0,0,-1.3772547,0.20145026
1549,114,52,0,0,0,-1.0832405,0.25289327
1550,174,52,0,0,0,-1.4040635,0.19717209
1551,176,52,0,0,0,-1.5788295,0.17096132
1552,216,52,0,0,0,-0.48076746,0.38207093
1553,252,52,0,0,0,-0.91654146,0.28566313
1554,256,52,0,0,0,-0.9747488,0.273935
1555,9,53,0,0,0,-1.2674,0.21970265
1556,41,53,0,0,0,-0.6341053,0.34658024
1557,109,53,0,0,0,-0.94098026,0.28070238
1558,140,53,0,0,0,-1.5353293,0.17721528
1559,144,53,0,0,0,-0.8287886,0.30390128
1560,170,53,0,0,0,-1.0054777,0.2678658
1561,192,53,0,0,0,-0.85665435,0.2980388
1562,242,53,0,0,0,-1.2095644,0.22977813
1563,274,53,0,0,0,-1.2746491,0.21846244
1564,282,53,0,0,0,-1.0545485,0.2583526
1565,5,54,0,0,0,-1.2798886,0.21756919
1566,48,54,0,0,0,-1.0934339,0.2509722
1567,79,54,0,0,0,-0.88088864,0.29299366
1568,97,54,0,0,0,-1.1974044,0.23193729
1569,106,54,0,0,0,-1.0460582,0.25998276
1570,113,54,0,0,0,-0.6912435,0.3337565
1571,170,54,0,0,0,-0.8886855,0.29138115
1572,244,54,0,0,0,-1.4761221,0.18601386
1573,285,54,0,0,0,-1.5187426,0.17964676
1574,14,55,0,0,0,-0.94915074,0.27905566
1575,43,55,0,0,0,-0.82366043,0.3049872
1576,55,55,0,0,0,-0.62481,0.34868827
1577,68,55,0,0,0,-0.5722785,0.36071125
1578,87,55,0,0,0,-1.7434134,0.14887989
1579,140,55,0,0,0,-1.7892113,0.14316945
1580,160,55,0,0,0,-1.0272909,0.26360965
1581,216,55,0,0,0,-0.3524137,0.4127972
1582,277,55,0,0,0,-1.1069646,0.24843721
1583,22,56,0,0,0,-1.1031066,0.24915826
1584,94,56,0,0,0,-1.1169143,0.2465841
1585,119,56,0,0,0,-1.1628058,0.23815784
1586,176,56,0,0,0,-1.3297927,0.20919365
1587,177,56,0,0,0,-1.1764512,0.23569088
1588,179,56,0,0,0,-0.9382798,0.28124794
1589,191,56,0,0,0,-0.89233226,0.29062876
1590,217,56,0,0,0,-0.74131244,0.32271722
1591,248,56,0,0,0,-0.8949519,0.29008898
1592,272,56,0,0,0,-1.4028993,0.19735645
1593,11,58,0,0,0,-0.92641634,0.28365234
1594,18,58,0,0,0,-1.6743417,0.15784618
1595,64,58,0,0,0,-1.0386715,0.26140642
1596,68,58,0,0,0,-0.85631686,0.29810944
1597,130,58,0,0,0,-1.2737548,0.21861516
1598,132,58,0,0,0,-1.3302524,0.20911762
1599,164,58,0,0,0,-0.79844487,0.3103583
1600,169,58,0,0,0,-0.82213074,0.30531156
1601,254,58,0,0,0,-1.1256783,0.24495953
1602,259,58,0,0,0,-1.046485,0.25990066
1603,103,59,0,0,0,-1.4643817,0.18779807
1604,132,59,0,0,0,-1.1219842,0.2456434
1605,143,59,0,0,0,-1.0418522,0.26079276
1606,190,59,0,0,0,-0.7655998,0.31743172
1607,191,59,0,0,0,-0.7863242,0.31295848
1608,208,59,0,0,0,-0.848926,0.2996582
1609,246,59,0,0,0,-1.9469247,0.124889076
1610,255,59,0,0,0,-1.6006398,0.1678922
1611,273,59,0,0,0,-1.4829109,0.18498816
1612,7,60,0,0,0,-0.94730747,0.27942663
1613,27,60,0,0,0,-0.9351761,0.2818758
1614,32,60,0,0,0,-1.2432439,0.22387184
1615,33,60,0,0,0,-1.3613102,0.20402743
1616,34,60,0,0,0,-0.7181907,0.3277915
1617,39,60,0,0,0,-0.81689256,0.3064237
1618,46,60,0,0,0,-1.1142375,0.24708173
1619,53,60,0,0,0,-0.8989427,0.2892678
1620,54,60,0,0,0,-0.971028,0.27467567
1621,61,60,0,0,0,-1.6676235,0.15874128
1622,69,60,0,0,0,-0.89465946,0.2901492
1623,83,60,0,0,0,-0.8634957,0.29660952
1624,89,60,0,0,0,-1.3952153,0.19857648
1625,92,60,0,0,0,-1.4899082,0.18393551
1626,93,60,0,0,0,-1.3608727,0.2040985
1627,102,60,0,0,0,-0.34532267,0.4145171
1628,111,60,0,0,0,-0.5318434,0.37008703
1629,113,60,0,0,0,-0.9333451,0.28224656
1630,120,60,0,0,0,-0.91603,0.2857675
1631,127,60,0,0,0,-0.33953124,0.41592336
1632,133,60,0,0,0,-1.4735591,0.18640225
1633,134,60,0,0,0,-1.1050746,0.24879026
1634,137,60,0,0,0,-0.972097,0.27446273
1635,139,60,0,0,0,-0.7618943,0.31823513
1636,141,60,0,0,0,-1.730416,0.15053436
1637,147,60,0,0,0,-1.7544317,0.1474891
1638,158,60,0,0,0,-0.9367468,0.28155795
1639,161,60,0,0,0,-0.85588294,0.29820022
1640,163,60,0,0,0,-0.73869175,0.3232903
1641,168,60,0,0,0,-1.5486033,0.17528808
1642,172,60,0,0,0,-0.88441163,0.2922644
1643,179,60,0,0,0,-0.73014176,0.32516363
1644,189,60,0,0,0,-0.7529356,0.320182
1645,190,60,0,0,0,-0.834013,0.30279723
1646,191,60,0,0,0,-0.76655644,0.31722447
1647,203,60,0,0,0,-0.6812608,0.33597997
1648,205,60,0,0,0,-1.0464687,0.2599038
1649,209,60,0,0,0,-0.8180215,0.30618382
1650,217,60,0,0,0,-0.85092866,0.2992381
1651,224,60,0,0,0,-0.84830594,0.29978836
1652,229,60,0,0,0,-1.0962058,0.25045148
1653,231,60,0,0,0,-1.7858701,0.14357981
1654,234,60,0,0,0,-1.1302202,0.24412046
1655,249,60,0,0,0,-1.0402632,0.26109922
1656,258,60,0,0,0,-1.7485156,0.14823452
1657,262,60,0,0,0,-1.9779472,0.121537834
1658,265,60,0,0,0,-1.4764743,0.18596055
1659,266,60,0,0,0,-1.0558801,0.25809756
1660,271,60,0,0,0,-1.1706241,0.23674218
1661,273,60,0,0,0,-1.641768,0.16222464
1662,276,60,0,0,0,-1.3160727,0.21147244
1663,278,60,0,0,0,-0.9092619,0.2871509
1664,280,60,0,0,0,-0.32846558,0.41861403
1665,281,60,0,0,0,-0.88323516,0.29250783
1666,286,60,0,0,0,-2.1966467,0.10005202
1667,291,60,0,0,0,-0.81583637,0.3066482
1668,17,61,0,0,0,-1.4399107,0.19155918
1669,31,61,0,0,0,-1.4474614,0.19039257
1670,67,61,0,0,0,-0.68820286,0.334433
1671,73,61,0,0,0,-1.5459847,0.17566696
1672,77,61,0,0,0,-1.2810302,0.21737492
1673,78,61,0,0,0,-0.7077876,0.3300879
1674,97,61,0,0,0,-1.2597277,0.22102077
1675,145,61,0,0,0,-0.92553675,0.2838311
1676,155,61,0,0,0,-1.0544823,0.2583653
1677,3,75,0,0,0,-1.3511167,0.20568787
1678,14,75,0,0,0,-1.0202231,0.26498395
1679,20,75,0,0,0,-0.6310164,0.3472801
1680,27,75,0,0,0,-0.83968794,0.30160052
1681,29,75,0,0,0,-1.5906506,0.16929239
1682,47,75,0,0,0,-0.8018563,0.30962858
1683,48,75,0,0,0,-1.1902492,0.23321436
1684,66,75,0,0,0,-0.12060928,0.4698842
1685,72,75,0,0,0,-1.0145864,0.26608324
1686,75,75,0,0,0,-1.0391974,0.2613049
1687,80,75,0,0,0,-0.62259024,0.34919256
1688,81,75,0,0,0,-0.96467215,0.27594373
1689,85,75,0,0,0,-0.80877477,0.30815163
1690,88,75,0,0,0,-2.4044743,0.08283215
1691,93,75,0,0,0,-1.2815361,0.21728885
1692,98,75,0,0,0,-1.3437245,0.20689824
1693,100,75,0,0,0,-0.49621463,0.37843066
1694,117,75,0,0,0,-1.6408908,0.16234389
1695,136,75,0,0,0,-1.0548955,0.25828615
1696,141,75,0,0,0,-1.7680707,0.14578243
1697,158,75,0,0,0,-1.0434065,0.26049325
1698,171,75,0,0,0,-0.9269356,0.28354684
1699,174,75,0,0,0,-1.4078794,0.19656876
1700,186,75,0,0,0,-0.7090389,0.32981125
1701,188,75,0,0,0,-0.9024752,0.28854212
1702,192,75,0,0,0,-0.8666,0.29596227
1703,215,75,0,0,0,-0.9520326,0.27847624
1704,218,75,0,0,0,-0.75367445,0.32002118
1705,245,75,0,0,0,-1.0081563,0.2673408
1706,249,75,0,0,0,-1.1965404,0.23209123
1707,253,75,0,0,0,-0.84765506,0.299925
1708,263,75,0,0,0,-1.7983425,0.14205295
1709,271,75,0,0,0,-1.0284879,0.26337737
1710,274,75,0,0,0,-1.1875434,0.23369859
1711,277,75,0,0,0,-0.924202,0.28410247
1712,290,75,0,0,0,-0.8126383,0.30732858
1713,291,75,0,0,0,-0.9053607,0.28795013
1714,46,76,0,0,0,-1.1174097,0.24649207
1715,87,76,0,0,0,-1.406296,0.19681893
1716,103,76,0,0,0,-1.1833332,0.23445341
1717,110,76,0,0,0,-1.2863133,0.21647748
1718,117,76,0,0,0,-1.4923458,0.1835699
1719,125,76,0,0,0,-0.9893906,0.27103245
1720,221,76,0,0,0,-0.89065194,0.2909753
1721,227,76,0,0,0,-1.1869285,0.23380873
1722,263,76,0,0,0,-1.8209844,0.1393158
1723,81,77,0,0,0,-0.900985,0.28884813
1724,109,77,0,0,0,-1.2700131,0.21925502
1725,161,77,0,0,0,-0.8969316,0.28968146
1726,188,77,0,0,0,-0.69258314,0.3334587
1727,193,77,0,0,0,-0.8174958,0.30629548
1728,208,77,0,0,0,-1.000283,0.2688858
1729,221,77,0,0,0,-0.979459,0.27299914
1730,231,77,0,0,0,-2.2524538,0.09513801
1731,243,77,0,0,0,-1.0891213,0.25178376
1732,285,77,0,0,0,-1.0054419,0.2678728
1733,41,78,0,0,0,-0.69471127,0.33298585
1734,47,78,0,0,0,-0.7972133,0.31062195
1735,59,78,0,0,0,-1.2414134,0.22419007
1736,60,78,0,0,0,-1.0390898,0.26132566
1737,81,78,0,0,0,-0.8024013,0.30951208
1738,102,78,0,0,0,-0.49288037,0.37921527
1739,110,78,0,0,0,-1.408386,0.19648875
1740,184,78,0,0,0,-0.8169915,0.30640265
1741,255,78,0,0,0,-1.2242429,0.22719064
1742,15,79,0,0,0,-1.1830959,0.234496
1743,74,79,0,0,0,-0.58419454,0.357968
1744,88,79,0,0,0,-2.8293335,0.05575948
1745,97,79,0,0,0,-1.1738007,0.23616868
1746,105,79,0,0,0,-1.938515,0.1258111
1747,139,79,0,0,0,-0.7309403,0.32498842
1748,157,79,0,0,0,-0.8248039,0.30474487
1749,225,79,0,0,0,-1.619473,0.16527757
1750,227,79,0,0,0,-1.0264788,0.26376733
1751,291,79,0,0,0,-0.95021576,0.27884144
1752,4,80,0,0,0,-0.9651761,0.27584305
1753,24,80,0,0,0,-1.4212272,0.19446927
1754,55,80,0,0,0,-0.53228545,0.369984
1755,70,80,0,0,0,-1.0593662,0.25743058
1756,73,80,0,0,0,-0.17568159,0.45619223
1757,115,80,0,0,0,-1.4249885,0.19388074
1758,143,80,0,0,0,-1.1011877,0.24951743
1759,151,80,0,0,0,0.12004399,0.529975
1760,171,80,0,0,0,-0.9644192,0.27599427
1761,185,80,0,0,0,-0.5208232,0.37265977
1762,187,80,0,0,0,-0.6730819,0.3378071
1763,190,80,0,0,0,-0.7468638,0.32150504
1764,197,80,0,0,0,-0.8783194,0.29352617
1765,208,80,0,0,0,-0.928774,0.2831735
1766,242,80,0,0,0,-1.297678,0.21455607
1767,244,80,0,0,0,-1.0080441,0.2673628
1768,254,80,0,0,0,-1.125293,0.2450308
1769,259,80,0,0,0,-0.39457113,0.4026174
1770,278,80,0,0,0,-1.1397822,0.24236035
1771,41,81,0,0,0,-0.8550344,0.29837784
1772,51,81,0,0,0,-0.7051334,0.33067507
1773,133,81,0,0,0,-1.5426173,0.17615512
1774,180,81,0,0,0,-1.0353274,0.26205257
1775,244,81,0,0,0,-0.86912984,0.2954354
1776,247,81,0,0,0,-1.4296484,0.19315347
1777,280,81,0,0,0,-1.2333927,0.22558817
1778,282,81,0,0,0,-1.4021654,0.19747272
1779,290,81,0,0,0,-1.0878913,0.25201556
1780,20,82,0,0,0,-1.0869248,0.2521978
1781,22,82,0,0,0,-1.4297514,0.19313742
1782,36,82,0,0,0,-1.5266371,0.17848626
1783,42,82,0,0,0,-0.8566826,0.2980329
1784,56,82,0,0,0,-0.6636638,0.33991706
1785,144,82,0,0,0,-1.1421344,0.2419287
1786,154,82,0,0,0,-0.9983056,0.26927468
1787,239,82,0,0,0,-1.203424,0.23086667
1788,249,82,0,0,0,-1.2520885,0.22233881
1789,281,82,0,0,0,-1.515728,0.18009146
1790,11,83,0,0,0,-0.7458173,0.3217334
1791,13,83,0,0,0,0.41553438,0.6024142
1792,68,83,0,0,0,-0.34042233,0.4157069
1793,78,83,0,0,0,-0.3732046,0.4077669
1794,165,83,0,0,0,-1.4592824,0.1885771
1795,200,83,0,0,0,-1.0141879,0.26616105
1796,241,83,0,0,0,-1.1988869,0.2316733
1797,254,83,0,0,0,-0.9585025,0.27717814
1798,287,83,0,0,0,-0.8871737,0.29169342
1799,9,84,0,0,0,-0.81200916,0.3074625
1800,23,84,0,0,0,-0.99730045,0.2694725
1801,36,84,0,0,0,-1.6689618,0.15856265
1802,47,84,0,0,0,-0.7074136,0.3301706
1803,53,84,0,0,0,-0.6415365,0.3448993
1804,86,84,0,0,0,-0.48871815,0.3801956
1805,132,84,0,0,0,-1.0048039,0.26799798
1806,204,84,0,0,0,-1.407795,0.19658208
1807,284,84,0,0,0,-1.1327817,0.24364811
1808,62,86,0,0,0,-1.4482553,0.19027022
1809,79,86,0,0,0,-0.859826,0.2973757
1810,125,86,0,0,0,-1.0515733,0.2589231
1811,160,86,0,0,0,-1.2424068,0.22401732
1812,167,86,0,0,0,-1.2118552,0.22937296
1813,174,86,0,0,0,-1.423073,0.19418028
1814,211,86,0,0,0,-0.97841924,0.27320555
1815,247,86,0,0,0,-0.99884933,0.26916772
1816,249,86,0,0,0,-0.8590166,0.29754484
1817,277,86,0,0,0,-1.6728563,0.15804373
1818,21,93,0,0,0,-1.0349858,0.26211864
1819,123,93,0,0,0,-1.1046503,0.24886958
1820,125,93,0,0,0,-1.0452874,0.2601311
1821,129,93,0,0,0,-0.80117804,0.3097736
1822,162,93,0,0,0,-1.0025017,0.26844984
1823,208,93,0,0,0,-1.290667,0.21573992
1824,218,93,0,0,0,-1.6524525,0.16077776
1825,259,93,0,0,0,-0.61803687,0.35022807
1826,274,93,0,0,0,-1.0670507,0.25596437
1827,8,94,0,0,0,-1.2084703,0.22997181
1828,59,94,0,0,0,-1.0033164,0.26828986
1829,96,94,0,0,0,-1.1636565,0.23800352
1830,98,94,0,0,0,-1.3350062,0.20833248
1831,198,94,0,0,0,-0.832951,0.30302146
1832,227,94,0,0,0,-1.4228845,0.19420978
1833,230,94,0,0,0,-1.2219908,0.2275863
1834,246,94,0,0,0,-1.2977042,0.21455164
1835,252,94,0,0,0,-1.0070109,0.26756522
1836,256,94,0,0,0,-0.9986046,0.26921585
1837,282,94,0,0,0,-0.77128506,0.31620118
1838,13,98,0,0,0,-0.67185545,0.3380815
1839,17,98,0,0,0,-1.0776203,0.25395662
1840,39,98,0,0,0,-0.4980358,0.37800238
1841,63,98,0,0,0,-1.1767191,0.23564263
1842,72,98,0,0,0,-0.62711525,0.34816495
1843,86,98,0,0,0,-0.69646007,0.33259755
1844,113,98,0,0,0,-0.86655307,0.29597205
1845,125,98,0,0,0,-1.049179,0.25938278
1846,139,98,0,0,0,-0.5362323,0.36906448
1847,153,98,0,0,0,-1.0277196,0.26352644
1848,163,98,0,0,0,-1.0011041,0.26872438
1849,183,98,0,0,0,-1.3465631,0.20643283
1850,191,98,0,0,0,-0.6988591,0.33206522
1851,199,98,0,0,0,-0.99969345,0.2690017
1852,227,98,0,0,0,-1.1004262,0.24966004
1853,246,98,0,0,0,-2.4988546,0.075938515
1854,265,98,0,0,0,-1.0828636,0.2529645
1855,278,98,0,0,0,-1.0769324,0.25408697
1856,283,98,0,0,0,-0.9904622,0.2708208
1857,2,99,0,0,0,-1.4591191,0.18860209
1858,26,99,0,0,0,-0.71668106,0.32812425
1859,43,99,0,0,0,-0.83661526,0.30224812
1860,54,99,0,0,0,-0.9988647,0.26916468
1861,56,99,0,0,0,-0.621141,0.349522
1862,85,99,0,0,0,-0.9189561,0.28517064
1863,86,99,0,0,0,-0.81924313,0.30592436
1864,87,99,0,0,0,-1.2804329,0.21747653
1865,102,99,0,0,0,-0.3816045,0.40573996
1866,127,99,0,0,0,-0.78320116,0.31363037
1867,133,99,0,0,0,-1.5278082,0.1783146
1868,137,99,0,0,0,-0.8876701,0.29159087
1869,139,99,0,0,0,-0.8035912,0.30925786
1870,194,99,0,0,0,-1.0123006,0.26652986
1871,209,99,0,0,0,-0.74556375,0.3217887
1872,211,99,0,0,0,-1.1846454,0.23421797
1873,216,99,0,0,0,-0.4380846,0.39219746
1874,242,99,0,0,0,-1.1584077,0.23895673
1875,280,99,0,0,0,-0.9334799,0.28221926
1876,17,102,0,0,0,-1.5084863,0.18116324
1877,18,102,0,0,0,-1.3021808,0.21379822
1878,59,102,0,0,0,-1.1741633,0.23610327
1879,98,102,0,0,0,-1.4712455,0.18675338
1880,102,102,0,0,0,-0.5331484,0.36978287
1881,112,102,0,0,0,-0.4581017,0.38743624
1882,185,102,0,0,0,-0.7731263,0.3158032
1883,234,102,0,0,0,-0.887513,0.29162332
1884,235,102,0,0,0,-1.0332193,0.26246044
1885,247,102,0,0,0,-1.0250938,0.2640364
1886,274,102,0,0,0,-1.1497445,0.24053575
1887,3,103,0,0,0,-1.207881,0.23007621
1888,24,103,0,0,0,-5.0932026,0.0061008804
1889,33,103,0,0,0,-1.5444257,0.17589283
1890,46,103,0,0,0,-1.2249036,0.22707467
1891,86,103,0,0,0,-0.74475044,0.32196623
1892,105,103,0,0,0,-1.7133052,0.1527355
1893,145,103,0,0,0,-0.8625187,0.29681337
1894,152,103,0,0,0,-0.80249065,0.309493
1895,255,103,0,0,0,-1.0443418,0.26031312
1896,22,104,0,0,0,-1.1946826,0.2324225
1897,36,104,0,0,0,-1.5146863,0.18024531
1898,85,104,0,0,0,-0.93096447,0.2827291
1899,135,104,0,0,0,-0.8827699,0.29260412
1900,149,104,0,0,0,-1.9865067,0.12062693
1901,249,104,0,0,0,-1.1467315,0.2410866
1902,275,104,0,0,0,-1.2429771,0.2239182
1903,290,104,0,0,0,-0.82815963,0.30403435
1904,291,104,0,0,0,-0.870048,0.2952443
1905,27,105,0,0,0,-0.8074018,0.30844444
1906,117,105,0,0,0,-1.4940236,0.18331859
1907,122,105,0,0,0,-1.2194872,0.2280267
1908,183,105,0,0,0,-1.2334318,0.22558135
1909,205,105,0,0,0,-1.1121845,0.24746385
1910,263,105,0,0,0,-1.8255281,0.13877186
1911,285,105,0,0,0,-1.7282512,0.1508114
1912,287,105,0,0,0,-1.0865376,0.25227082
1913,288,105,0,0,0,-1.0723174,0.25496262
1914,7,106,0,0,0,-1.2125511,0.22924997
1915,16,106,0,0,0,-0.7666367,0.3172071
1916,44,106,0,0,0,-1.3550024,0.20505375
1917,45,106,0,0,0,-0.9157047,0.2858339
1918,125,106,0,0,0,-1.0762696,0.25421262
1919,200,106,0,0,0,-0.86289245,0.29673538
1920,215,106,0,0,0,-1.133918,0.24343877
1921,231,106,0,0,0,-1.8232756,0.13904129
1922,245,106,0,0,0,-1.005908,0.26778144
1923,84,107,0,0,0,-0.85950977,0.29744178
1924,87,107,0,0,0,-1.2201607,0.22790816
1925,91,107,0,0,0,-1.1814549,0.2347907
1926,103,107,0,0,0,-1.250001,0.22269997
1927,122,107,0,0,0,-1.2408948,0.22428027
1928,145,107,0,0,0,-0.6157718,0.3507437
1929,175,107,0,0,0,-1.3505259,0.20578441
1930,208,107,0,0,0,-1.0465974,0.25987902
1931,268,107,0,0,0,-1.1885943,0.23351043
1932,9,108,0,0,0,-1.4798925,0.18544365
1933,38,108,0,0,0,-0.6731126,0.33780023
1934,47,108,0,0,0,-0.7644939,0.3176714
1935,66,108,0,0,0,-1.1934564,0.23264132
1936,86,108,0,0,0,-0.5444521,0.3671525
1937,125,108,0,0,0,-1.0334578,0.2624143
1938,179,108,0,0,0,-0.750262,0.3207642
1939,247,108,0,0,0,-0.91468966,0.28604114
1940,275,108,0,0,0,-1.0641388,0.25651932
1941,0,109,0,0,0,-1.2155683,0.22871728
1942,59,109,0,0,0,-1.1623285,0.23824444
1943,71,109,0,0,0,-0.9185996,0.28524333
1944,76,109,0,0,0,-0.8739349,0.2944362
1945,89,109,0,0,0,-1.3745427,0.20188689
1946,168,109,0,0,0,-1.3385346,0.20775114
1947,180,109,0,0,0,-0.76727116,0.3170697
1948,197,109,0,0,0,-0.9921766,0.27048236
1949,251,109,0,0,0,-1.4487176,0.190199
1950,263,109,0,0,0,-1.4260163,0.19372015
1951,10,113,0,0,0,-1.1922255,0.23286115
1952,42,113,0,0,0,-0.9339586,0.28212228
1953,45,113,0,0,0,-0.8062239,0.30869573
1954,132,113,0,0,0,-1.0921571,0.2512123
1955,176,113,0,0,0,-2.1339488,0.1058407
1956,185,113,0,0,0,-0.6288798,0.34776458
1957,218,113,0,0,0,-1.0826323,0.2530082
1958,264,113,0,0,0,-1.1020272,0.24936025
1959,273,113,0,0,0,-1.5024986,0.18205316
1960,5,115,0,0,0,-1.175349,0.2358895
1961,59,115,0,0,0,-1.0645523,0.25644046
1962,92,115,0,0,0,-1.3340948,0.20848285
1963,94,115,0,0,0,-1.4313388,0.19289017
1964,123,115,0,0,0,-0.86541045,0.2962102
1965,127,115,0,0,0,-0.673409,0.33773392
1966,158,115,0,0,0,-0.98648626,0.27160665
1967,160,115,0,0,0,-1.3039699,0.21349765
1968,196,115,0,0,0,-1.4201801,0.19463335
1969,283,115,0,0,0,-1.0189354,0.26523483
1970,14,117,0,0,0,-0.85197085,0.29901958
1971,49,117,0,0,0,-1.5724912,0.17186154
1972,79,117,0,0,0,-1.0054597,0.26786935
1973,82,117,0,0,0,-0.611544,0.35170707
1974,90,117,0,0,0,-0.8528519,0.29883495
1975,126,117,0,0,0,-1.1736386,0.23619792
1976,178,117,0,0,0,-1.038477,0.26144397
1977,242,117,0,0,0,-1.1692826,0.23698469
1978,249,117,0,0,0,-0.9474448,0.27939898
1979,267,117,0,0,0,-0.9832558,0.27224624
1980,2,119,0,0,0,-1.1898181,0.23329146
1981,34,119,0,0,0,-0.9833507,0.27222744
1982,57,119,0,0,0,-0.7094324,0.32972425
1983,65,119,0,0,0,-1.1789312,0.23524442
1984,76,119,0,0,0,-0.9835585,0.27218628
1985,162,119,0,0,0,-0.77676857,0.31501675
1986,212,119,0,0,0,-1.1963236,0.23212987
1987,253,119,0,0,0,-0.9895454,0.27100188
1988,281,119,0,0,0,-1.887187,0.13156554
1989,3,120,0,0,0,-1.1956284,0.2322538
1990,11,120,0,0,0,-0.8099201,0.30790752
1991,16,120,0,0,0,-1.2839615,0.21687664
1992,35,120,0,0,0,-1.6376348,0.16278715
1993,50,120,0,0,0,-0.8262809,0.30443203
1994,53,120,0,0,0,-0.86076206,0.29718015
1995,63,120,0,0,0,-0.6908025,0.3338546
1996,79,120,0,0,0,-0.9279099,0.28334895
1997,88,120,0,0,0,-2.7984977,0.057405412
1998,107,120,0,0,0,-1.0064147,0.2676821
1999,112,120,0,0,0,-0.59706753,0.3550149
2000,119,120,0,0,0,-1.1949844,0.23236866
2001,132,120,0,0,0,-0.911707,0.28665066
2002,133,120,0,0,0,-1.3515558,0.20561613
2003,144,120,0,0,0,-1.0145934,0.2660819
2004,154,120,0,0,0,-1.0253098,0.2639944
2005,155,120,0,0,0,-1.4397516,0.19158381
2006,156,120,0,0,0,-1.2621841,0.22059813
2007,164,120,0,0,0,-1.066133,0.25613916
2008,170,120,0,0,0,-0.531057,0.3702704
2009,199,120,0,0,0,-0.78082436,0.31414226
2010,201,120,0,0,0,-1.2056155,0.23047775
2011,212,120,0,0,0,-0.98906547,0.2710967
2012,216,120,0,0,0,-0.5504706,0.36575523
2013,232,120,0,0,0,-0.96613944,0.27565065
2014,235,120,0,0,0,-1.31106,0.21230952
2015,236,120,0,0,0,-1.1433722,0.24170177
2016,251,120,0,0,0,-1.2525632,0.22225675
2017,51,124,0,0,0,-0.6383815,0.3456125
2018,65,124,0,0,0,-1.0122242,0.2665448
2019,85,124,0,0,0,-0.85573477,0.29823124
2020,86,124,0,0,0,-0.9481377,0.2792595
2021,108,124,0,0,0,-1.6971595,0.15483661
2022,117,124,0,0,0,-1.2892697,0.21597645
2023,119,124,0,0,0,-1.1667069,0.23745073
2024,126,124,0,0,0,-1.3356466,0.20822687
2025,137,124,0,0,0,-1.228523,0.22644004
2026,158,124,0,0,0,-1.0840826,0.2527342
2027,169,124,0,0,0,-1.2150819,0.2288031
2028,174,124,0,0,0,-1.155662,0.23945643
2029,180,124,0,0,0,-1.0445082,0.26028106
2030,196,124,0,0,0,-1.0216792,0.26470044
2031,200,124,0,0,0,-0.94796073,0.27929512
2032,206,124,0,0,0,-1.1801143,0.23503165
2033,239,124,0,0,0,-0.7794219,0.31444448
2034,285,124,0,0,0,-0.83155674,0.303316
2035,286,124,0,0,0,-1.0478003,0.25964773
2036,289,124,0,0,0,-0.93742377,0.28142104
2037,37,125,0,0,0,-0.8614809,0.29703003
2038,47,125,0,0,0,-0.55382264,0.364978
2039,56,125,0,0,0,-0.69184744,0.33362222
2040,61,125,0,0,0,-1.5046134,0.18173847
2041,70,125,0,0,0,-1.0175308,0.26550865
2042,78,125,0,0,0,-0.26315376,0.4345886
2043,89,125,0,0,0,-1.2254653,0.2269761
2044,102,125,0,0,0,-0.5442638,0.3671963
2045,115,125,0,0,0,-1.2306168,0.22607349
2046,118,125,0,0,0,-1.5047729,0.18171474
2047,133,125,0,0,0,-1.2457807,0.22343138
2048,135,125,0,0,0,-1.135992,0.24305698
2049,159,125,0,0,0,-2.6780882,0.064278774
2050,178,125,0,0,0,-0.845862,0.3003016
2051,182,125,0,0,0,-1.4120944,0.19590393
2052,204,125,0,0,0,-2.6287866,0.06730859
2053,246,125,0,0,0,-1.422713,0.19423662
2054,287,125,0,0,0,-1.2865229,0.21644193
2055,290,125,0,0,0,-1.8348224,0.1376648
2056,19,133,0,0,0,-0.56658924,0.36202422
2057,64,133,0,0,0,-0.94867986,0.2791504
2058,86,133,0,0,0,-0.9467099,0.27954698
2059,89,133,0,0,0,-1.6561546,0.16027887
2060,101,133,0,0,0,-1.1787143,0.23528345
2061,147,133,0,0,0,-1.2923646,0.21545285
2062,155,133,0,0,0,-1.3850055,0.2002063
2063,156,133,0,0,0,-1.5953951,0.1686262
2064,225,133,0,0,0,-1.6391032,0.16258714
2065,270,133,0,0,0,-1.5549889,0.17436689
2066,6,134,0,0,0,-0.8687858,0.295507
2067,14,134,0,0,0,-0.9657696,0.27572453
2068,18,134,0,0,0,-0.693998,0.3331443
2069,30,134,0,0,0,-1.1742815,0.23608196
2070,113,134,0,0,0,-0.814557,0.30692026
2071,116,134,0,0,0,-1.0353637,0.26204556
2072,125,134,0,0,0,-1.0289845,0.26328102
2073,150,134,0,0,0,-0.9410338,0.28069156
2074,156,134,0,0,0,-1.4979272,0.18273488
2075,161,134,0,0,0,-0.972976,0.2742877
2076,176,134,0,0,0,-1.9323201,0.126494
2077,183,134,0,0,0,-1.1431063,0.2417505
2078,186,134,0,0,0,-0.65254056,0.34241727
2079,190,134,0,0,0,-0.62502563,0.3486393
2080,196,134,0,0,0,-0.8868954,0.2917509
2081,197,134,0,0,0,-1.189857,0.23328452
2082,203,134,0,0,0,-0.60720074,0.352698
2083,204,134,0,0,0,-1.7228096,0.15150963
2084,216,134,0,0,0,-0.7948633,0.3111254
2085,221,134,0,0,0,-1.7395232,0.14937352
2086,226,134,0,0,0,-0.9816267,0.27256912
2087,234,134,0,0,0,-0.8888205,0.2913533
2088,266,134,0,0,0,-0.7579898,0.31908286
2089,272,134,0,0,0,-2.0365622,0.11541726
2090,274,134,0,0,0,-1.246139,0.2233692
2091,276,134,0,0,0,-1.6312253,0.16366257
2092,282,134,0,0,0,-0.9374214,0.2814215
2093,286,134,0,0,0,-0.9558174,0.2777164
2094,54,135,0,0,0,-1.2916267,0.2155776
2095,80,135,0,0,0,-0.60950184,0.35217285
2096,89,135,0,0,0,-1.6785755,0.15728419
2097,111,135,0,0,0,-1.2518473,0.22238053
2098,121,135,0,0,0,-0.7672942,0.3170647
2099,204,135,0,0,0,-1.8600876,0.13469283
2100,227,135,0,0,0,-1.3100579,0.21247716
2101,249,135,0,0,0,-1.1121508,0.24747013
2102,259,135,0,0,0,-0.93394506,0.28212503
2103,15,136,0,0,0,-1.1636319,0.23800798
2104,43,136,0,0,0,-0.731431,0.32488078
2105,50,136,0,0,0,-1.095995,0.25049108
2106,51,136,0,0,0,-1.0506356,0.25910306
2107,59,136,0,0,0,-2.7883596,0.05795645
2108,63,136,0,0,0,-1.1496377,0.24055527
2109,99,136,0,0,0,-1.6610749,0.15961777
2110,113,136,0,0,0,-0.8256603,0.30456346
2111,122,136,0,0,0,-0.74256015,0.32244456
2112,162,136,0,0,0,-0.8159634,0.3066212
2113,167,136,0,0,0,-1.5837257,0.17026848
2114,180,136,0,0,0,-0.87926954,0.29332918
2115,194,136,0,0,0,-1.2648516,0.22013985
2116,207,136,0,0,0,-1.4096236,0.19629343
2117,217,136,0,0,0,-2.021356,0.11697884
2118,242,136,0,0,0,-1.2950666,0.21499647
2119,273,136,0,0,0,-1.0949824,0.25068122
2120,275,136,0,0,0,-0.72312516,0.3267052
2121,291,136,0,0,0,-0.921907,0.2845695
2122,1,138,0,0,0,-0.87585825,0.29403678
2123,33,138,0,0,0,-1.5390277,0.17667666
2124,49,138,0,0,0,-1.3352187,0.20829745
2125,50,138,0,0,0,-1.1187794,0.24623775
2126,54,138,0,0,0,-1.268038,0.21959329
2127,77,138,0,0,0,-2.1257007,0.10662383
2128,176,138,0,0,0,-1.2809901,0.21738173
2129,214,138,0,0,0,-2.0008802,0.11911053
2130,242,138,0,0,0,-1.3260403,0.2098151
2131,44,139,0,0,0,-1.1593273,0.23878954
2132,63,139,0,0,0,-1.3185284,0.21106324
2133,76,139,0,0,0,-1.0654347,0.25627226
2134,92,139,0,0,0,-1.1363974,0.24298242
2135,98,139,0,0,0,-1.3539407,0.20522685
2136,122,139,0,0,0,-0.85473317,0.2984409
2137,176,139,0,0,0,-2.0884414,0.11022534
2138,179,139,0,0,0,-1.5315726,0.17776372
2139,256,139,0,0,0,-0.9822807,0.27243948
2140,10,142,0,0,0,-0.8015435,0.30969545
2141,32,142,0,0,0,-1.2449255,0.2235798
2142,46,142,0,0,0,-2.1795664,0.1016005
2143,50,142,0,0,0,-0.8455252,0.3003724
2144,67,142,0,0,0,-0.587082,0.35730466
2145,221,142,0,0,0,-1.3720033,0.20229638
2146,233,142,0,0,0,-1.036318,0.2618611
2147,245,142,0,0,0,-1.1438646,0.24161151
2148,246,142,0,0,0,-2.1065161,0.1084651
2149,24,143,0,0,0,-4.462666,0.011400118
2150,31,143,0,0,0,-1.4851699,0.18464781
2151,50,143,0,0,0,-1.0478202,0.2596439
2152,182,143,0,0,0,-1.6047454,0.16731943
2153,212,143,0,0,0,-0.7943638,0.31123245
2154,232,143,0,0,0,-0.95099634,0.2786845
2155,235,143,0,0,0,-1.2896597,0.2159104
2156,252,143,0,0,0,-0.8141897,0.30699843
2157,264,143,0,0,0,-1.0832982,0.25288236
2158,35,145,0,0,0,-1.1792989,0.23517828
2159,41,145,0,0,0,-0.68685126,0.3347339
2160,55,145,0,0,0,-0.48545992,0.38096368
2161,92,145,0,0,0,-1.4837978,0.18485448
2162,119,145,0,0,0,-1.0632873,0.25668177
2163,129,145,0,0,0,-1.2009919,0.23129882
2164,132,145,0,0,0,-1.2498531,0.22272557
2165,221,145,0,0,0,-1.1832726,0.23446429
2166,224,145,0,0,0,-1.1620653,0.23829222
2167,279,145,0,0,0,-0.64648443,0.3437822
2168,290,145,0,0,0,-0.8666547,0.29595086
2169,5,146,0,0,0,-0.8504406,0.29934043
2170,52,146,0,0,0,-0.8424789,0.30101296
2171,72,146,0,0,0,-0.9300502,0.28291452
2172,86,146,0,0,0,-0.9489481,0.27909642
2173,116,146,0,0,0,-0.587435,0.3572236
2174,134,146,0,0,0,-1.648457,0.16131759
2175,159,146,0,0,0,-1.215534,0.22872335
2176,181,146,0,0,0,-0.9766965,0.27354777
2177,227,146,0,0,0,-1.1432667,0.2417211
2178,5,151,0,0,0,-0.6617696,0.3403422
2179,38,151,0,0,0,-0.7891068,0.3123605
2180,39,151,0,0,0,-0.75281006,0.32020932
2181,47,151,0,0,0,-0.8288873,0.3038804
2182,144,151,0,0,0,-1.3468986,0.20637788
2183,187,151,0,0,0,-0.93085927,0.28275043
2184,190,151,0,0,0,-0.8924741,0.29059952
2185,200,151,0,0,0,-1.007271,0.26751426
2186,204,151,0,0,0,-1.2560389,0.22165653
2187,39,152,0,0,0,-0.63053113,0.34739012
2188,43,152,0,0,0,-0.63164425,0.3471378
2189,121,152,0,0,0,-0.39876,0.4016103
2190,138,152,0,0,0,-1.4110174,0.19607364
2191,162,152,0,0,0,-1.3315837,0.20889752
2192,166,152,0,0,0,-1.061816,0.25696257
2193,189,152,0,0,0,-0.5139005,0.3742796
2194,214,152,0,0,0,-2.3795915,0.08474225
2195,224,152,0,0,0,-1.6153309,0.1658498
2196,17,153,0,0,0,-1.0748117,0.25448912
2197,83,153,0,0,0,-0.78011966,0.3142941
2198,92,153,0,0,0,-1.391074,0.19923636
2199,107,153,0,0,0,-1.2327902,0.22569345
2200,130,153,0,0,0,-1.382864,0.20054942
2201,131,153,0,0,0,-0.9769119,0.27350497
2202,135,153,0,0,0,-1.8782399,0.13259117
2203,137,153,0,0,0,-0.9454985,0.279791
2204,150,153,0,0,0,-1.1565168,0.23930077
2205,160,153,0,0,0,-1.1619093,0.23832051
2206,185,153,0,0,0,-0.71162456,0.32923996
2207,216,153,0,0,0,-0.65844554,0.3410889
2208,220,153,0,0,0,-0.9792693,0.27303678
2209,233,153,0,0,0,-1.0012238,0.26870087
2210,244,153,0,0,0,-1.5104251,0.18087581
2211,272,153,0,0,0,-0.5940877,0.35569748
2212,276,153,0,0,0,-0.65800905,0.341187
2213,280,153,0,0,0,-0.54743266,0.36646026
2214,281,153,0,0,0,-1.222348,0.22752352
2215,282,153,0,0,0,-1.0298471,0.26311374
2216,0,157,0,0,0,-0.9798345,0.27292463
2217,56,157,0,0,0,-0.3586375,0.41128942
2218,62,157,0,0,0,-1.585804,0.16997507
2219,72,157,0,0,0,-0.65503556,0.34185567
2220,103,157,0,0,0,-1.2869937,0.21636209
2221,129,157,0,0,0,-0.9875654,0.27139324
2222,162,157,0,0,0,-0.84994775,0.2994438
2223,165,157,0,0,0,-1.3440633,0.20684265
2224,175,157,0,0,0,-1.3334115,0.20859563
2225,211,157,0,0,0,-1.3928185,0.19895819
2226,54,158,0,0,0,-0.97721136,0.27344546
2227,169,158,0,0,0,-1.4777648,0.18576527
2228,193,158,0,0,0,-0.79020107,0.3121255
2229,195,158,0,0,0,-1.4294658,0.19318193
2230,196,158,0,0,0,-2.22,0.0979688
2231,222,158,0,0,0,-0.79833883,0.31038097
2232,226,158,0,0,0,-1.804163,0.14134507
2233,239,158,0,0,0,-1.1837599,0.23437682
2234,244,158,0,0,0,-1.460537,0.18838522
2235,5,159,0,0,0,-1.0909109,0.25144678
2236,7,159,0,0,0,-1.2225294,0.22749163
2237,131,159,0,0,0,-0.92436403,0.28406954
2238,182,159,0,0,0,-1.4918668,0.18364169
2239,185,159,0,0,0,-0.74544823,0.3218139
2240,186,159,0,0,0,-0.80950266,0.30799648
2241,187,159,0,0,0,-0.8815823,0.29285
2242,200,159,0,0,0,-0.79091793,0.3119716
2243,254,159,0,0,0,-1.1730793,0.23629884
2244,1,160,0,0,0,-0.7363812,0.32379597
2245,12,160,0,0,0,-0.819166,0.30594072
2246,23,160,0,0,0,-1.0338105,0.26234603
2247,28,160,0,0,0,-1.6373947,0.16281988
2248,30,160,0,0,0,-1.3166456,0.21137692
2249,60,160,0,0,0,-0.81925446,0.30592194
2250,108,160,0,0,0,-1.2017801,0.2311587
2251,114,160,0,0,0,-1.0688536,0.25562117
2252,135,160,0,0,0,-0.9697366,0.274933
2253,137,160,0,0,0,-0.8544254,0.29850537
2254,154,160,0,0,0,-0.7975557,0.31054863
2255,157,160,0,0,0,-0.90312386,0.28840896
2256,173,160,0,0,0,-1.468492,0.18717192
2257,200,160,0,0,0,-0.72511643,0.3262673
2258,216,160,0,0,0,-1.1285324,0.24443205
2259,228,160,0,0,0,-1.4272814,0.19352263
2260,247,160,0,0,0,-1.1553366,0.23951568
2261,288,160,0,0,0,-1.6002052,0.16795294
2262,290,160,0,0,0,-0.8783967,0.29351014
2263,25,161,0,0,0,-1.2688425,0.21945547
2264,39,161,0,0,0,-1.1043453,0.2489266
2265,52,161,0,0,0,-1.0326592,0.2625689
2266,91,161,0,0,0,-1.309901,0.21250342
2267,119,161,0,0,0,-1.4627261,0.18805073
2268,190,161,0,0,0,-0.7402578,0.32294777
2269,241,161,0,0,0,-1.4045675,0.19709232
2270,285,161,0,0,0,-1.4359078,0.19217984
2271,287,161,0,0,0,-1.067033,0.25596774
2272,27,162,0,0,0,-1.1230099,0.2454534
2273,34,162,0,0,0,-0.50367355,0.37667775
2274,55,162,0,0,0,-0.8482751,0.29979482
2275,59,162,0,0,0,-1.1426616,0.24183203
2276,64,162,0,0,0,-0.99981105,0.26897857
2277,119,162,0,0,0,-0.8009382,0.30982485
2278,151,162,0,0,0,-0.31344,0.4222753
2279,218,162,0,0,0,-0.6066873,0.35281524
2280,275,162,0,0,0,-1.1704473,0.23677413
2281,12,169,0,0,0,-0.78435975,0.31338102
2282,18,169,0,0,0,-1.2998841,0.21418452
2283,36,169,0,0,0,-1.2844582,0.2167923
2284,53,169,0,0,0,-0.67287946,0.3378524
2285,71,169,0,0,0,-1.3425515,0.20709078
2286,149,169,0,0,0,-1.1724019,0.23642111
2287,201,169,0,0,0,-0.8391086,0.30172256
2288,213,169,0,0,0,-1.1051924,0.24876826
2289,231,169,0,0,0,-1.6662948,0.1589188
2290,26,170,0,0,0,-1.0635984,0.2566224
2291,77,170,0,0,0,-3.4297576,0.0313783
2292,99,170,0,0,0,-1.4412217,0.19135623
2293,139,170,0,0,0,-1.0260592,0.26384884
2294,162,170,0,0,0,-1.5541756,0.174484
2295,192,170,0,0,0,-1.0799283,0.2535196
2296,216,170,0,0,0,-0.7949043,0.3111166
2297,231,170,0,0,0,-2.8607855,0.05412647
2298,285,170,0,0,0,-1.1094831,0.24796726
2299,24,172,0,0,0,-1.5311906,0.17781955
2300,35,172,0,0,0,-1.7271159,0.15095687
2301,76,172,0,0,0,-1.2739544,0.21858108
2302,85,172,0,0,0,-1.5258491,0.17860182
2303,207,172,0,0,0,-1.1820982,0.23467515
2304,215,172,0,0,0,-3.4336162,0.031261235
2305,231,172,0,0,0,-2.444775,0.079821475
2306,240,172,0,0,0,-1.2738607,0.21859708
2307,253,172,0,0,0,-1.2861025,0.21651323
2308,0,175,0,0,0,-2.274767,0.09323443
2309,48,175,0,0,0,-1.6905792,0.15569969
2310,65,175,0,0,0,-1.3906643,0.19930172
2311,100,175,0,0,0,-2.135265,0.10571619
2312,141,175,0,0,0,-1.4593139,0.18857229
2313,150,175,0,0,0,-1.3215625,0.21055844
2314,226,175,0,0,0,-0.8442111,0.30064863
2315,244,175,0,0,0,-1.3576691,0.2046194
2316,279,175,0,0,0,-1.2400036,0.22443536
2317,15,176,0,0,0,-1.272557,0.21881984
2318,52,176,0,0,0,-0.93376297,0.28216192
2319,62,176,0,0,0,-1.2626293,0.22052161
2320,78,176,0,0,0,-0.55017275,0.36582434
2321,82,176,0,0,0,-0.57082653,0.36104614
2322,100,176,0,0,0,-1.7254999,0.1511641
2323,107,176,0,0,0,-1.0531657,0.25861767
2324,154,176,0,0,0,-1.1455171,0.24130885
2325,167,176,0,0,0,-2.0349944,0.11557742
2326,246,176,0,0,0,-1.2228603,0.22743347
2327,9,177,0,0,0,-0.7149956,0.32849592
2328,10,177,0,0,0,-0.47340226,0.3838113
2329,26,177,0,0,0,-0.93603426,0.2817021
2330,55,177,0,0,0,-0.52083766,0.37265638
2331,68,177,0,0,0,-0.31467754,0.4219734
2332,80,177,0,0,0,-0.6360507,0.34613982
2333,103,177,0,0,0,-1.5869524,0.1698131
2334,233,177,0,0,0,-1.1533568,0.23987648
2335,259,177,0,0,0,-0.7909749,0.3119594
2336,33,178,0,0,0,-1.3204772,0.2107389
2337,92,178,0,0,0,-1.3375504,0.20791319
2338,98,178,0,0,0,-1.2328694,0.2256796
2339,99,178,0,0,0,-0.8894343,0.2912266
2340,131,178,0,0,0,-0.9219248,0.28456587
2341,187,178,0,0,0,-0.7203129,0.3273241
2342,188,178,0,0,0,-0.780621,0.31418607
2343,249,178,0,0,0,-1.2500169,0.22269721
2344,251,178,0,0,0,-1.3849938,0.20020817
2345,17,179,0,0,0,-0.83273786,0.30306646
2346,25,179,0,0,0,-1.1130302,0.24730639
2347,70,179,0,0,0,-1.1371002,0.24285316
2348,117,179,0,0,0,-1.5334435,0.17749043
2349,144,179,0,0,0,-0.9485605,0.27917442
2350,149,179,0,0,0,0.45743304,0.61240506
2351,179,179,0,0,0,-0.86013466,0.29731122
2352,251,179,0,0,0,-1.2987256,0.21437958
2353,284,179,0,0,0,-1.2234709,0.22732621
2354,52,180,0,0,0,-0.53645253,0.3690132
2355,63,180,0,0,0,-1.1331551,0.24357931
2356,77,180,0,0,0,-1.1419768,0.24195759
2357,108,180,0,0,0,-1.318804,0.21101734
2358,140,180,0,0,0,-1.0858622,0.25239825
2359,154,180,0,0,0,-1.5854626,0.17002323
2360,159,180,0,0,0,-0.9275191,0.2834283
2361,160,180,0,0,0,-0.92047685,0.28486073
2362,205,180,0,0,0,-0.95993143,0.27689192
2363,240,180,0,0,0,-0.7709842,0.31626624
2364,24,185,0,0,0,-3.0668015,0.04449762
2365,36,185,0,0,0,-1.5914032,0.16918656
2366,68,185,0,0,0,-0.9057422,0.2878719
2367,135,185,0,0,0,-1.4448433,0.19079646
2368,148,185,0,0,0,-1.5578618,0.17395368
2369,155,185,0,0,0,-1.4639218,0.18786824
2370,164,185,0,0,0,-0.86887497,0.29548845
2371,216,185,0,0,0,-0.72791773,0.32565182
2372,254,185,0,0,0,-0.851031,0.29921663
2373,5,186,0,0,0,-0.7337038,0.32438248
2374,16,186,0,0,0,-1.3351655,0.20830621
2375,35,186,0,0,0,-1.415067,0.19543609
2376,47,186,0,0,0,-0.7024993,0.33125833
2377,105,186,0,0,0,-1.9814818,0.12116097
2378,152,186,0,0,0,-0.7939026,0.31133133
2379,164,186,0,0,0,-0.926981,0.2835376
2380,228,186,0,0,0,-1.2727089,0.21879388
2381,287,186,0,0,0,-1.0135334,0.26628894
2382,15,187,0,0,0,-1.0475142,0.25970274
2383,49,187,0,0,0,-1.2166486,0.22852677
2384,105,187,0,0,0,-1.9999073,0.11921266
2385,132,187,0,0,0,-1.0330057,0.2625018
2386,166,187,0,0,0,-1.0206857,0.26489386
2387,174,187,0,0,0,-1.2839406,0.2168802
2388,214,187,0,0,0,-0.8952087,0.2900361
2389,265,187,0,0,0,-0.90419114,0.28818998
2390,277,187,0,0,0,-1.3577559,0.20460527
2391,21,191,0,0,0,-1.3630142,0.20375085
2392,31,191,0,0,0,-1.3456407,0.20658399
2393,47,191,0,0,0,-1.0498402,0.2592558
2394,58,191,0,0,0,-2.917095,0.05131494
2395,113,191,0,0,0,-0.85194975,0.29902402
2396,177,191,0,0,0,-1.2223072,0.22753067
2397,185,191,0,0,0,-0.62180674,0.34937066
2398,224,191,0,0,0,-1.2006402,0.23136134
2399,258,191,0,0,0,-2.076548,0.11139721
2400,260,191,0,0,0,-0.999064,0.2691255
2401,287,191,0,0,0,-0.98095685,0.27270198
2402,41,192,0,0,0,-0.6277394,0.3480233
2403,104,192,0,0,0,-0.8126325,0.3073298
2404,132,192,0,0,0,-1.0528438,0.2586794
2405,178,192,0,0,0,-1.1311114,0.24395606
2406,187,192,0,0,0,-0.9113499,0.28672367
2407,209,192,0,0,0,-1.1290421,0.24433792
2408,279,192,0,0,0,-1.2327731,0.22569644
2409,286,192,0,0,0,-1.324651,0.21004553
2410,288,192,0,0,0,-2.911549,0.051585596
2411,10,193,0,0,0,-0.8477961,0.29989538
2412,20,193,0,0,0,-1.2476029,0.22311535
2413,26,193,0,0,0,-0.92943907,0.28303853
2414,74,193,0,0,0,-1.7503867,0.14799842
2415,209,193,0,0,0,-0.67383057,0.33763963
2416,227,193,0,0,0,-1.4085636,0.19646071
2417,246,193,0,0,0,-1.1018153,0.24939992
2418,249,193,0,0,0,-1.5101798,0.18091215
2419,251,193,0,0,0,-1.3925936,0.19899403
2420,60,205,0,0,0,-0.9815231,0.27258968
2421,61,205,0,0,0,-1.5142584,0.18030855
2422,62,205,0,0,0,-1.5030415,0.18197232
2423,107,205,0,0,0,-1.4165022,0.1952105
2424,116,205,0,0,0,-0.9763189,0.2736228
2425,125,205,0,0,0,-0.87110174,0.2950251
2426,137,205,0,0,0,-0.8757902,0.2940509
2427,184,205,0,0,0,-0.6355995,0.34624195
2428,221,205,0,0,0,-0.9814738,0.27259946
2429,4,206,0,0,0,-0.9101456,0.28697005
2430,19,206,0,0,0,-0.7723215,0.31597713
2431,62,206,0,0,0,-1.6026556,0.16761078
2432,110,206,0,0,0,-1.1443722,0.24151853
2433,144,206,0,0,0,-0.96913916,0.27505213
2434,181,206,0,0,0,-0.7771844,0.314927
2435,243,206,0,0,0,-1.0636125,0.25661972
2436,252,206,0,0,0,-1.1351938,0.24320388
2437,281,206,0,0,0,-1.1522436,0.24007952
2438,68,209,0,0,0,-0.29782766,0.4260886
2439,89,209,0,0,0,-1.4905198,0.18384373
2440,92,209,0,0,0,-1.5158899,0.18006755
2441,103,209,0,0,0,-1.4921865,0.18359376
2442,149,209,0,0,0,-1.3630517,0.20374477
2443,157,209,0,0,0,-0.95572144,0.27773565
2444,160,209,0,0,0,-0.87911737,0.2933607
2445,205,209,0,0,0,-5.9236007,0.0026684096
2446,226,209,0,0,0,-1.3412952,0.20729713
2447,45,214,0,0,0,-0.9450624,0.27987888
2448,73,214,0,0,0,-1.4226427,0.19424762
2449,103,214,0,0,0,-1.4738202,0.18636265
2450,111,214,0,0,0,-1.0909262,0.25144392
2451,191,214,0,0,0,-0.8925302,0.29058796
2452,195,214,0,0,0,-1.2212951,0.22770861
2453,207,214,0,0,0,-1.2156544,0.2287021
2454,221,214,0,0,0,-0.6686859,0.33879116
2455,227,214,0,0,0,-1.0347145,0.26217112
2456,229,214,0,0,0,-0.6047573,0.35325605
2457,45,215,0,0,0,-1.0021677,0.26851544
2458,100,215,0,0,0,-2.5844584,0.070145376
2459,124,215,0,0,0,-1.1322851,0.24373963
2460,137,215,0,0,0,-1.1313133,0.2439188
2461,140,215,0,0,0,-1.3708768,0.20247823
2462,165,215,0,0,0,-1.374929,0.20182467
2463,172,215,0,0,0,-1.1373976,0.24279848
2464,259,215,0,0,0,-0.7962045,0.31083798
2465,289,215,0,0,0,-1.400527,0.1977325
2466,38,217,0,0,0,-1.0034728,0.26825917
2467,40,217,0,0,0,-0.6847097,0.33521095
2468,90,217,0,0,0,-1.2886686,0.21607824
2469,96,217,0,0,0,-0.62905115,0.34772572
2470,113,217,0,0,0,-0.90427,0.2881738
2471,116,217,0,0,0,-1.4290032,0.19325404
2472,161,217,0,0,0,-1.3756864,0.20170267
2473,212,217,0,0,0,-4.0280223,0.017497888
2474,243,217,0,0,0,-1.1456577,0.24128312
2475,246,217,0,0,0,-1.7882223,0.14329082
2476,22,218,0,0,0,-1.0781338,0.25385934
2477,24,218,0,0,0,-1.2601748,0.22094381
2478,47,218,0,0,0,-0.7807457,0.31415918
2479,143,218,0,0,0,-1.111617,0.24756956
2480,144,218,0,0,0,-1.418572,0.19488555
2481,151,218,0,0,0,-0.40579027,0.39992195
2482,175,218,0,0,0,-1.384157,0.20034221
2483,240,218,0,0,0,-0.8883162,0.2914574
2484,245,218,0,0,0,-0.6111876,0.35178834
2485,35,219,0,0,0,-1.8245084,0.13889378
2486,47,219,0,0,0,-0.6493931,0.34312633
2487,62,219,0,0,0,-1.5407591,0.17642495
2488,163,219,0,0,0,-0.14486802,0.4638462
2489,201,219,0,0,0,-1.141562,0.24203369
2490,218,219,0,0,0,-1.1440306,0.24158111
2491,226,219,0,0,0,-0.752948,0.32017928
2492,272,219,0,0,0,-1.7876418,0.14336209
2493,279,219,0,0,0,-0.99614197,0.26970065
2494,28,220,0,0,0,-1.4291573,0.19323003
2495,61,220,0,0,0,-1.5469425,0.1755283
2496,66,220,0,0,0,-1.2874162,0.21629046
2497,74,220,0,0,0,-0.5973328,0.35495415
2498,116,220,0,0,0,-0.9828243,0.27233174
2499,127,220,0,0,0,-0.60835934,0.35243353
2500,145,220,0,0,0,-0.88852406,0.2914145
2501,164,220,0,0,0,-1.2494347,0.222798
2502,168,220,0,0,0,-1.6126726,0.1662179
2503,278,220,0,0,0,-1.0517545,0.25888833
2504,6,225,0,0,0,-0.61554575,0.35079518
2505,40,225,0,0,0,-0.6026981,0.35372666
2506,87,225,0,0,0,-2.1691227,0.10255775
2507,137,225,0,0,0,-0.7071845,0.33022127
2508,140,225,0,0,0,-1.2677698,0.21963926
2509,142,225,0,0,0,-1.5900729,0.16937365
2510,144,225,0,0,0,-1.5080104,0.18123384
2511,147,225,0,0,0,-1.4447985,0.19080338
2512,203,225,0,0,0,-0.56441,0.3625277
2513,220,225,0,0,0,-1.8454356,0.1364097
2514,243,225,0,0,0,-1.201853,0.23114574
2515,255,225,0,0,0,-2.9065936,0.05182858
2516,4,226,0,0,0,-1.3692806,0.20273611
2517,38,226,0,0,0,-0.67943954,0.3363864
2518,47,226,0,0,0,-0.6125555,0.35147646
2519,65,226,0,0,0,-1.0712274,0.25516972
2520,91,226,0,0,0,-0.9976356,0.26940656
2521,138,226,0,0,0,-0.59861565,0.35466048
2522,203,226,0,0,0,-1.3042345,0.21345322
2523,207,226,0,0,0,-1.0562794,0.25802112
2524,276,226,0,0,0,-0.84428775,0.3006325
2525,0,227,0,0,0,-1.005461,0.26786909
2526,3,227,0,0,0,-1.0622376,0.25688207
2527,8,227,0,0,0,-1.2863908,0.21646434
2528,21,227,0,0,0,-1.0294628,0.26318827
2529,28,227,0,0,0,-1.5339534,0.17741598
2530,35,227,0,0,0,-1.3064642,0.21307911
2531,162,227,0,0,0,-1.0773559,0.2540067
2532,191,227,0,0,0,-0.7456225,0.32177588
2533,210,227,0,0,0,-1.1669275,0.23741081
2534,16,233,0,0,0,-1.3983688,0.19807509
2535,18,233,0,0,0,-0.580261,0.35887253
2536,19,233,0,0,0,-0.7560677,0.31950063
2537,104,233,0,0,0,-1.532484,0.17763053
2538,114,233,0,0,0,-1.3355546,0.20824206
2539,162,233,0,0,0,-0.9975125,0.26943076
2540,194,233,0,0,0,-1.0464623,0.259905
2541,239,233,0,0,0,-1.049888,0.25924662
2542,262,233,0,0,0,-2.2113466,0.098736174
2543,39,234,0,0,0,-0.8623169,0.2968555
2544,49,234,0,0,0,-1.7678256,0.14581294
2545,180,234,0,0,0,-0.87216574,0.29480386
2546,208,234,0,0,0,-0.96327114,0.27622375
2547,220,234,0,0,0,-1.0561113,0.25805327
2548,235,234,0,0,0,-1.0831611,0.25290826
2549,253,234,0,0,0,-1.1632268,0.23808144
2550,267,234,0,0,0,-1.0932372,0.2510092
2551,279,234,0,0,0,-0.99013543,0.27088532
2552,281,234,0,0,0,-1.8246591,0.13887575
2553,2,235,0,0,0,-1.242645,0.22397591
2554,41,235,0,0,0,-0.7764395,0.31508777
2555,42,235,0,0,0,-0.6579852,0.34119236
2556,53,235,0,0,0,-0.8194794,0.30587417
2557,97,235,0,0,0,-1.3494942,0.20595308
2558,124,235,0,0,0,-0.9575482,0.27736935
2559,159,235,0,0,0,-1.2251499,0.22703144
2560,185,235,0,0,0,-0.4942736,0.37888733
2561,209,235,0,0,0,-0.8249935,0.3047047
2562,2,236,0,0,0,-1.3294883,0.20924403
2563,14,236,0,0,0,-1.0019844,0.26855144
2564,19,236,0,0,0,-1.0763783,0.254192
2565,25,236,0,0,0,-0.95383185,0.27811486
2566,104,236,0,0,0,-0.9295932,0.28300726
2567,107,236,0,0,0,-1.684833,0.15645656
2568,125,236,0,0,0,-0.9811148,0.27267063
2569,127,236,0,0,0,-0.5941849,0.35567522
2570,159,236,0,0,0,-1.1573119,0.23915607
2571,272,236,0,0,0,-1.9194703,0.12792064
2572,1,241,0,0,0,-0.45058826,0.38922092
2573,3,241,0,0,0,-0.48433915,0.38122803
2574,44,241,0,0,0,-1.4950688,0.18316215
2575,85,241,0,0,0,-0.9143787,0.28610465
2576,102,241,0,0,0,-0.67255086,0.3379259
2577,161,241,0,0,0,-0.89774615,0.2895139
2578,203,241,0,0,0,-1.7944634,0.14252637
2579,226,241,0,0,0,-0.908604,0.2872856
2580,232,241,0,0,0,-1.0505903,0.25911176
2581,22,242,0,0,0,-1.1014903,0.24946077
2582,41,242,0,0,0,-1.0914265,0.25134975
2583,50,242,0,0,0,-0.7487598,0.3210916
2584,70,242,0,0,0,-1.005501,0.26786122
2585,91,242,0,0,0,-1.2465193,0.22330324
2586,126,242,0,0,0,-1.2404711,0.22435398
2587,175,242,0,0,0,-1.2600307,0.2209686
2588,182,242,0,0,0,-1.4481039,0.19029355
2589,262,242,0,0,0,-1.7781651,0.14452985
2590,10,243,0,0,0,-1.2035031,0.23085262
2591,21,243,0,0,0,-1.1374002,0.24279802
2594,218,243,0,0,0,-1.1951282,0.23234302
2595,231,243,0,0,0,-1.9143105,0.12849736
2596,236,243,0,0,0,-1.1962132,0.23214954
2597,251,243,0,0,0,-1.3681226,0.20292334
2598,272,243,0,0,0,-0.9249378,0.28395286
2603,101,245,0,0,0,-1.1409786,0.24214074
2606,265,245,0,0,0,-0.9443838,0.28001568
2608,31,246,0,0,0,-1.0987356,0.24997689
2609,51,246,0,0,0,-0.6545155,0.3419727
2610,62,246,0,0,0,-1.1111519,0.2476562
2611,65,246,0,0,0,-0.24245426,0.43968162
2612,190,246,0,0,0,-0.7283068,0.3255664
2613,217,246,0,0,0,-2.0613391,0.11291163
2614,257,246,0,0,0,-0.98508286,0.2718844
2615,259,246,0,0,0,-0.6255172,0.3485277
2616,273,246,0,0,0,-1.6053283,0.16723822
2617,11,247,0,0,0,-0.9416948,0.28055814
2618,54,247,0,0,0,-0.901816,0.28867745
2619,61,247,0,0,0,-1.6014388,0.16778062
2620,69,247,0,0,0,-1.0444143,0.26029915
2621,151,247,0,0,0,-0.5140774,0.37423816
2622,176,247,0,0,0,-1.130297,0.24410631
2623,209,247,0,0,0,-0.91517043,0.28594297
2624,248,247,0,0,0,-1.1178479,0.2464107
2625,258,247,0,0,0,-0.8732828,0.29457167
2626,28,248,0,0,0,-1.5201538,0.17943887
2627,49,248,0,0,0,-1.2920933,0.21549872
2628,118,248,0,0,0,-1.5391586,0.17665763
2629,135,248,0,0,0,-1.0769091,0.25409138
2630,162,248,0,0,0,-1.0786922,0.25375357
2631,170,248,0,0,0,-0.8614244,0.29704183
2632,205,248,0,0,0,-1.1875777,0.23369244
2633,220,248,0,0,0,-0.6652808,0.33955434
2634,289,248,0,0,0,-1.1625283,0.23820819
2635,8,259,0,0,0,-1.22244,0.22750734
2636,13,259,0,0,0,-0.7387437,0.3232789
2637,14,259,0,0,0,-0.7546467,0.31980965
2638,47,259,0,0,0,-0.805097,0.30893627
2639,61,259,0,0,0,-1.5206895,0.17936002
2640,69,259,0,0,0,-1.6904211,0.15572047
2641,70,259,0,0,0,-1.1893554,0.23337425
2642,71,259,0,0,0,-0.84371454,0.30075303
2643,76,259,0,0,0,-1.3848987,0.2002234
2644,78,259,0,0,0,-0.61801445,0.35023317
2645,80,259,0,0,0,-0.7351884,0.3240572
2646,83,259,0,0,0,-1.1126623,0.24737488
2647,84,259,0,0,0,-0.85704756,0.29795656
2648,88,259,0,0,0,-1.2429588,0.22392139
2649,90,259,0,0,0,-0.9885768,0.27119327
2650,102,259,0,0,0,-0.41638187,0.39738286
2651,116,259,0,0,0,-1.1153464,0.2468755
2652,133,259,0,0,0,-1.311682,0.21220553
2653,138,259,0,0,0,-0.7328802,0.324563
2654,139,259,0,0,0,-0.65586036,0.34167013
2655,153,259,0,0,0,-1.2142913,0.22894263
2656,161,259,0,0,0,-1.0956252,0.2505605
2657,165,259,0,0,0,-0.95191276,0.27850032
2658,190,259,0,0,0,-0.85514563,0.29835457
2659,196,259,0,0,0,-1.2576191,0.22138402
2660,208,259,0,0,0,-1.150086,0.24047336
2661,212,259,0,0,0,-1.0639222,0.25656062
2662,214,259,0,0,0,-1.221755,0.22762774
2663,218,259,0,0,0,-0.76562697,0.31742585
2664,244,259,0,0,0,-0.7531533,0.3201346
2665,248,259,0,0,0,-0.6613283,0.3404413
2666,251,259,0,0,0,-1.2916682,0.21557058
2667,268,259,0,0,0,-0.97137815,0.2746059
2668,278,259,0,0,0,-0.68765604,0.3345547
2669,279,259,0,0,0,-0.99515694,0.2698947
2670,281,259,0,0,0,-1.9025867,0.129816
2671,284,259,0,0,0,-1.208308,0.23000057
2672,5,273,0,0,0,-0.9304679,0.2828298
2673,22,273,0,0,0,-1.2417431,0.22413272
2674,30,273,0,0,0,-1.3673849,0.20304269
2675,61,273,0,0,0,-1.4733598,0.18643248
2676,114,273,0,0,0,-1.0888197,0.2518406
2677,155,273,0,0,0,-1.1635566,0.23802164
2678,198,273,0,0,0,-1.2903569,0.21579242
2679,236,273,0,0,0,-0.95589966,0.27769992
2680,277,273,0,0,0,-1.8643999,0.13419104
2681,288,273,0,0,0,-1.0796347,0.25357515
2682,27,274,0,0,0,-0.85922736,0.2975008
2683,53,274,0,0,0,-0.8557624,0.29822546
2684,61,274,0,0,0,-1.829062,0.13835005
2685,62,274,0,0,0,-1.7330534,0.15019743
2686,119,274,0,0,0,-1.5357313,0.17715667
2687,120,274,0,0,0,-1.1675811,0.2372925
2688,163,274,0,0,0,-0.61116374,0.35179377
2689,244,274,0,0,0,-1.3691843,0.20275168
2690,285,274,0,0,0,-1.5166883,0.1799497
2691,73,275,0,0,0,-0.6511011,0.34274146
2692,91,275,0,0,0,-0.9186044,0.28524235
2693,100,275,0,0,0,-1.0654163,0.25627574
2694,178,275,0,0,0,-1.6390688,0.1625918
2695,189,275,0,0,0,-0.9883812,0.27123195
2696,199,275,0,0,0,-1.0422945,0.2607075
2697,229,275,0,0,0,-1.0083748,0.267298
2698,248,275,0,0,0,-0.75830305,0.31901482
2699,280,275,0,0,0,-0.31280556,0.42243007
2700,16,276,0,0,0,-1.5188253,0.17963457
2701,48,276,0,0,0,-1.1138448,0.2471548
2702,55,276,0,0,0,-0.5282488,0.37092543
2703,68,276,0,0,0,-0.6762973,0.3370882
2704,71,276,0,0,0,-0.8444089,0.30060703
2705,203,276,0,0,0,-1.1646426,0.23782472
2706,206,276,0,0,0,-1.0370083,0.26172766
2707,210,276,0,0,0,-0.90451866,0.2881228
2708,247,276,0,0,0,-1.1571101,0.2391928
2709,272,276,0,0,0,-1.7143307,0.15260285
2710,21,287,0,0,0,-1.29549,0.21492502
2711,31,287,0,0,0,-1.3210704,0.21064025
2712,48,287,0,0,0,-1.0597794,0.2573516
2713,89,287,0,0,0,-1.2480099,0.22304483
2714,98,287,0,0,0,-1.3330297,0.20865865
2715,126,287,0,0,0,-1.093151,0.2510254
2716,178,287,0,0,0,-0.9637223,0.27613354
2717,208,287,0,0,0,-1.0647569,0.25640145
2718,240,287,0,0,0,-0.99649626,0.26963085
2719,281,287,0,0,0,-0.58976,0.35668993
2720,10,301,0,0,0,-1.0709337,0.25522557
2721,44,301,0,0,0,-1.3551245,0.20503384
2722,65,301,0,0,0,-1.1933379,0.23266248
2723,85,301,0,0,0,-1.1136713,0.24718708
2724,105,301,0,0,0,-1.6821489,0.15681112
2725,110,301,0,0,0,-1.1616135,0.23837423
2726,173,301,0,0,0,-1.4206738,0.19455597
2727,205,301,0,0,0,-1.2942843,0.21512853
2728,211,301,0,0,0,-0.967398,0.27539945
2729,289,301,0,0,0,-0.9630561,0.27626672
2730,17,302,0,0,0,-0.69693714,0.33249167
2731,64,302,0,0,0,-1.1124239,0.24741928
2732,114,302,0,0,0,-1.0454547,0.26009887
2733,135,302,0,0,0,-1.3341744,0.2084697
2734,153,302,0,0,0,-1.1937549,0.23258805
2735,165,302,0,0,0,-0.8450927,0.3004633
2736,166,302,0,0,0,-1.4283175,0.19336097
2737,206,302,0,0,0,-1.3442276,0.2068157
2738,260,302,0,0,0,-0.95923215,0.27703196
2739,26,303,0,0,0,-0.9882843,0.27125108
2740,27,303,0,0,0,-0.95821315,0.2772361
2741,33,303,0,0,0,-1.3837404,0.20040894
2742,61,303,0,0,0,-1.4135685,0.19567183
2743,100,303,0,0,0,-1.1919117,0.2329172
2744,104,303,0,0,0,-1.1408863,0.24215767
2745,187,303,0,0,0,-0.737399,0.32357317
2746,229,303,0,0,0,-1.2783461,0.2178319
2747,257,303,0,0,0,-1.1759212,0.23578636
2748,280,303,0,0,0,-0.8507533,0.29927486
2749,36,304,0,0,0,-1.5296247,0.1780486
2750,37,304,0,0,0,-0.38567892,0.40475795
2751,63,304,0,0,0,-1.0628512,0.25676498
2752,86,304,0,0,0,-0.76253504,0.31809613
2753,116,304,0,0,0,-0.70326823,0.331088
2754,121,304,0,0,0,-1.2954667,0.21492895
2755,140,304,0,0,0,-1.2491565,0.2228462
2756,189,304,0,0,0,-0.6731427,0.3377935
2757,251,304,0,0,0,-1.2801003,0.21753314
2758,8,305,0,0,0,-1.4462628,0.19057739
2759,18,305,0,0,0,-1.2131503,0.22914413
2760,37,305,0,0,0,-0.19654116,0.45102227
2761,53,305,0,0,0,-0.6935853,0.33323598
2762,175,305,0,0,0,-1.2231159,0.22738858
2763,189,305,0,0,0,-0.70018315,0.3317716
2764,212,305,0,0,0,-0.8767064,0.29386076
2765,217,305,0,0,0,-0.97524923,0.27383545
2766,290,305,0,0,0,-0.90794665,0.2874202
2767,12,306,0,0,0,-0.9700689,0.2748668
2768,21,306,0,0,0,-1.0415323,0.26085445
2769,39,306,0,0,0,-0.89233303,0.2906286
2770,55,306,0,0,0,-0.783264,0.31361684
2771,100,306,0,0,0,-0.54105234,0.3679428
2772,112,306,0,0,0,-0.96812075,0.27525523
2773,131,306,0,0,0,-0.96309465,0.27625903
2774,168,306,0,0,0,-1.4814432,0.18520954
2775,200,306,0,0,0,-0.5409125,0.36797532
2776,256,306,0,0,0,-1.028619,0.26335192
2777,0,307,0,0,0,-1.621525,0.16499466
2778,55,307,0,0,0,-0.7430454,0.32233855
2779,74,307,0,0,0,-1.1633744,0.23805468
2780,80,307,0,0,0,-0.6659353,0.3394076
2781,81,307,0,0,0,-0.91406864,0.28616798
2782,90,307,0,0,0,-1.3091092,0.21263595
2783,181,307,0,0,0,-0.71674734,0.32810965
2784,183,307,0,0,0,-1.1725302,0.23639795
2785,190,307,0,0,0,-0.7686053,0.3167809
2786,43,308,0,0,0,-0.718892,0.32763702
2787,59,308,0,0,0,-1.2369518,0.224967
2788,60,308,0,0,0,-1.1453652,0.24133666
2789,70,308,0,0,0,-1.2547145,0.2218851
2790,109,308,0,0,0,-1.171803,0.23652925
2791,130,308,0,0,0,-1.5461106,0.17564872
2792,141,308,0,0,0,-1.6301415,0.16381098
2793,272,308,0,0,0,-1.4631627,0.18798408
2794,283,308,0,0,0,-2.1508033,0.104256175
2795,9,309,0,0,0,-1.3457446,0.20656694
2796,33,309,0,0,0,-1.3167818,0.21135423
2797,59,309,0,0,0,-1.0647306,0.25640646
2798,68,309,0,0,0,-0.9817966,0.27253544
2799,110,309,0,0,0,-1.3027437,0.21370362
2800,149,309,0,0,0,-0.11528906,0.47120962
2801,210,309,0,0,0,-1.0035224,0.26824945
2802,271,309,0,0,0,-1.3909903,0.19924971
2803,281,309,0,0,0,-1.4777074,0.18577395
2804,58,313,0,0,0,-1.2482548,0.22300239
2805,66,313,0,0,0,-1.2138128,0.2290271
2806,67,313,0,0,0,-0.51929945,0.37301606
2807,89,313,0,0,0,-1.3521738,0.2055152
2808,94,313,0,0,0,-1.1092913,0.24800304
2809,111,313,0,0,0,-0.713689,0.32878423
2810,117,313,0,0,0,-1.2595866,0.22104508
2811,193,313,0,0,0,-0.8388901,0.3017686
2812,278,313,0,0,0,-0.41141266,0.39857343
2813,23,314,0,0,0,-1.1551598,0.23954788
2814,105,314,0,0,0,-1.6389358,0.16260992
2815,150,314,0,0,0,-1.1865723,0.23387253
2816,195,314,0,0,0,-1.3373294,0.20794958
2817,205,314,0,0,0,-1.1160471,0.24674523
2818,244,314,0,0,0,-0.881753,0.29281464
2819,256,314,0,0,0,-1.0123434,0.26652148
2820,258,314,0,0,0,-0.65200746,0.3425373
2821,283,314,0,0,0,-1.9751666,0.12183503
2822,6,326,0,0,0,-0.6577716,0.34124038
2823,37,326,0,0,0,-0.5813101,0.3586312
2824,72,326,0,0,0,-0.665453,0.33951575
2825,78,326,0,0,0,-0.51839405,0.37322783
2826,81,326,0,0,0,-0.79817104,0.31041688
2827,88,326,0,0,0,-1.6320143,0.16355461
2828,133,326,0,0,0,-1.3080294,0.21281677
2829,134,326,0,0,0,-1.1534715,0.23985557
2830,140,326,0,0,0,-1.3444538,0.20677859
2831,149,326,0,0,0,-0.51925844,0.37302566
2832,159,326,0,0,0,-1.2672327,0.21973135
2833,161,326,0,0,0,-1.2000887,0.23145942
2834,169,326,0,0,0,-1.2400162,0.22443317
2835,187,326,0,0,0,-0.87315136,0.294599
2836,201,326,0,0,0,-0.95151585,0.27858007
2837,226,326,0,0,0,-0.83716404,0.3021324
2838,234,326,0,0,0,-0.68157625,0.3359096
2839,260,326,0,0,0,-0.6966974,0.33254486
2840,278,326,0,0,0,-0.9089323,0.28721836
2841,5,327,0,0,0,-1.161097,0.238468
2842,10,327,0,0,0,-0.43913004,0.39194828
2843,20,327,0,0,0,-0.9018058,0.28867954
2844,24,327,0,0,0,-0.848746,0.29969597
2845,26,327,0,0,0,-0.9241074,0.28412172
2846,45,327,0,0,0,-0.8312186,0.30338746
2847,105,327,0,0,0,-1.8524549,0.13558492
2848,113,327,0,0,0,-1.4586246,0.18867777
2849,115,327,0,0,0,-1.2462533,0.22334939
2850,117,327,0,0,0,-1.1711276,0.23665123
2851,137,327,0,0,0,-1.0327809,0.26254532
2852,143,327,0,0,0,-1.1253047,0.24502864
2853,147,327,0,0,0,-1.3227797,0.2103562
2854,176,327,0,0,0,-1.572865,0.17180835
2855,178,327,0,0,0,-1.0883986,0.25191996
2856,189,327,0,0,0,-1.0973583,0.2502352
2857,190,327,0,0,0,-0.6306839,0.34735548
2858,205,327,0,0,0,-1.8325958,0.13792932
2859,206,327,0,0,0,-1.3778489,0.2013547
2860,210,327,0,0,0,-1.8512974,0.13572064
2861,211,327,0,0,0,-0.86829084,0.29561007
2862,216,327,0,0,0,-0.81805676,0.3061763
2863,225,327,0,0,0,-1.363796,0.20362404
2864,235,327,0,0,0,-1.0643609,0.25647697
2865,242,327,0,0,0,-1.2088158,0.22991064
2866,248,327,0,0,0,-0.7845833,0.31333292
2867,249,327,0,0,0,-1.0487943,0.2594567
2868,273,327,0,0,0,-0.75092554,0.32061967
2869,5,328,0,0,0,-1.1595867,0.2387424
2870,13,328,0,0,0,-0.22752045,0.443364
2871,22,328,0,0,0,-1.1044856,0.24890037
2872,55,328,0,0,0,-0.48228338,0.3817131
2873,85,328,0,0,0,-1.1601045,0.2386483
2874,91,328,0,0,0,-1.124258,0.24522232
2875,125,328,0,0,0,-1.1616198,0.23837309
2876,132,328,0,0,0,-0.6397192,0.34531003
2877,146,328,0,0,0,-1.2506816,0.22258216
2878,148,328,0,0,0,-1.3286324,0.20938568
2879,159,328,0,0,0,-1.2365077,0.22504446
2880,164,328,0,0,0,-1.2824385,0.21713541
2881,204,328,0,0,0,-0.8928619,0.2905196
2882,209,328,0,0,0,-1.1646247,0.23782797
2883,210,328,0,0,0,-0.81119883,0.3076351
2884,244,328,0,0,0,-0.8867806,0.29177463
2885,246,328,0,0,0,-1.3209057,0.21066765
2886,257,328,0,0,0,-0.9500026,0.2788843
2887,290,328,0,0,0,-1.0223912,0.2645619
2888,2,329,0,0,0,-0.7607436,0.31848484
2889,29,329,0,0,0,-1.4863558,0.18446934
2890,40,329,0,0,0,-0.3970939,0.40201077
2891,65,329,0,0,0,-1.1679993,0.23721682
2892,126,329,0,0,0,-1.0749286,0.25446692
2893,157,329,0,0,0,-1.6496489,0.1611564
2894,177,329,0,0,0,-1.1934528,0.23264197
2895,185,329,0,0,0,-0.600752,0.35417166
2896,199,329,0,0,0,-1.1339269,0.24343714
2897,204,329,0,0,0,-0.70931536,0.32975015
2898,214,329,0,0,0,-2.5825117,0.07027245
2899,218,329,0,0,0,-1.3975322,0.198208
2900,221,329,0,0,0,-0.6053276,0.35312578
2901,254,329,0,0,0,-0.8785605,0.29347616
2902,266,329,0,0,0,-0.6477206,0.3435034
2903,268,329,0,0,0,-1.3115995,0.21221931
2904,280,329,0,0,0,-1.0815747,0.25320813
2905,288,329,0,0,0,-1.3741703,0.2019469
2906,291,329,0,0,0,-0.6198156,0.3498234
2907,17,331,0,0,0,-0.9665901,0.27556068
2908,22,331,0,0,0,-2.7015114,0.062884234
2909,88,331,0,0,0,-3.213367,0.038665786
2910,90,331,0,0,0,-1.223083,0.22739436
2911,93,331,0,0,0,-1.2613227,0.22074628
2912,130,331,0,0,0,-1.249387,0.22280626
2913,226,331,0,0,0,-0.98049957,0.27279267
2914,232,331,0,0,0,-1.7685907,0.14571768
2915,283,331,0,0,0,-0.96137995,0.276602
2916,3,332,0,0,0,-0.97005635,0.27486926
2917,13,332,0,0,0,-0.37671748,0.40691885
2918,45,332,0,0,0,-0.61975557,0.34983703
2919,57,332,0,0,0,-0.9982619,0.2692833
2920,130,332,0,0,0,-1.2839322,0.21688162
2921,173,332,0,0,0,-0.5691065,0.361443
2922,213,332,0,0,0,-1.5124099,0.18058191
2923,264,332,0,0,0,-1.3689225,0.202794
2924,276,332,0,0,0,-1.692111,0.15549843
2925,6,333,0,0,0,-0.5678458,0.36173403
2926,11,333,0,0,0,-0.783185,0.31363386
2927,15,333,0,0,0,-0.6129413,0.35138854
2928,65,333,0,0,0,-1.1963792,0.23211996
2929,85,333,0,0,0,-1.5126243,0.1805502
2930,90,333,0,0,0,-1.2971292,0.21464857
2931,212,333,0,0,0,-3.0186586,0.04659002
2932,265,333,0,0,0,-0.69617295,0.33266127
2933,271,333,0,0,0,-1.1517522,0.24016918
2934,8,334,0,0,0,-2.8521495,0.054570314
2935,44,334,0,0,0,-1.2241466,0.22720754
2936,74,334,0,0,0,-0.095039725,0.47625795
2937,96,334,0,0,0,-0.8496785,0.2995003
2938,135,334,0,0,0,-1.0171475,0.2655834
2939,161,334,0,0,0,-1.377243,0.20145215
2940,222,334,0,0,0,-0.8832279,0.29250932
2941,262,334,0,0,0,-1.8712194,0.1334007
2942,277,334,0,0,0,-1.911665,0.12879393
2943,16,335,0,0,0,-1.2690008,0.21942835
2944,26,335,0,0,0,-0.9347799,0.281956
2945,73,335,0,0,0,-1.2301433,0.22615634
2946,78,335,0,0,0,-0.5957547,0.35531557
2947,112,335,0,0,0,-0.7484956,0.3211492
2948,138,335,0,0,0,-1.137416,0.2427951
2949,143,335,0,0,0,-1.1743531,0.23606904
2950,197,335,0,0,0,-1.4056494,0.19692117
2951,265,335,0,0,0,-0.88777715,0.29156876
2952,275,335,0,0,0,-0.7976284,0.31053305
2953,32,336,0,0,0,-1.441881,0.19125424
2954,84,336,0,0,0,-0.8959935,0.28987452
2955,108,336,0,0,0,-1.540508,0.17646143
2956,140,336,0,0,0,-1.4920349,0.18361649
2957,141,336,0,0,0,-1.4992614,0.18253571
2958,199,336,0,0,0,-1.2753866,0.21833655
2959,221,336,0,0,0,-1.0748541,0.25448105
2960,229,336,0,0,0,-1.1700819,0.23684019
2961,246,336,0,0,0,-1.3227625,0.21035905
2962,43,337,0,0,0,-0.52198243,0.37238878
2963,57,337,0,0,0,-1.1194825,0.24610728
2964,81,337,0,0,0,-0.82617325,0.30445483
2965,107,337,0,0,0,-1.3193989,0.21091832
2966,148,337,0,0,0,-1.2423613,0.22402523
2967,170,337,0,0,0,-0.6681659,0.33890763
2968,226,337,0,0,0,-0.809395,0.30801943
2969,230,337,0,0,0,-1.1855986,0.23404704
2970,234,337,0,0,0,-1.177625,0.2354795
2971,249,337,0,0,0,-1.316592,0.21138586
2972,46,338,0,0,0,-1.0942919,0.25081095
2973,68,338,0,0,0,-0.4009273,0.40108958
2974,111,338,0,0,0,-1.0109928,0.26678562
2975,150,338,0,0,0,-1.1348448,0.24326812
2976,155,338,0,0,0,-1.281035,0.2173741
2977,192,338,0,0,0,-0.34069395,0.41564092
2978,204,338,0,0,0,-0.8638812,0.29652908
2979,229,338,0,0,0,-1.0004034,0.26886213
2980,231,338,0,0,0,-2.2628486,0.09424692
2981,18,339,0,0,0,-0.617316,0.35039213
2982,32,339,0,0,0,-1.5820675,0.17050287
2983,37,339,0,0,0,-0.7359823,0.32388332
2984,86,339,0,0,0,-0.710656,0.32945392
2985,88,339,0,0,0,-3.0904899,0.043501247
2986,108,339,0,0,0,-1.478611,0.18563731
2987,111,339,0,0,0,-0.4000826,0.4012925
2988,181,339,0,0,0,-0.9182785,0.28530878
2989,283,339,0,0,0,-0.8631467,0.29668233
2990,45,340,0,0,0,-0.81024784,0.3078377
2991,65,340,0,0,0,-1.1346617,0.24330184
2992,80,340,0,0,0,-0.75445753,0.3198508
2993,85,340,0,0,0,-1.428011,0.19340879
2994,205,340,0,0,0,-1.2922914,0.21546522
2995,216,340,0,0,0,-0.87467164,0.29428315
2996,226,340,0,0,0,-0.88765156,0.2915947
2997,245,340,0,0,0,-0.931225,0.28267625
2998,271,340,0,0,0,-1.0103314,0.266915
2999,46,341,0,0,0,-0.85927254,0.29749134
3000,60,341,0,0,0,-0.97918683,0.27305317
3001,88,341,0,0,0,-2.731878,0.061118305
3002,97,341,0,0,0,-1.1320708,0.24377915
3003,113,341,0,0,0,-1.2476442,0.2231082
3004,118,341,0,0,0,-1.4985874,0.1826363
3005,141,341,0,0,0,-1.5098991,0.18095374
3006,192,341,0,0,0,-1.1568062,0.2392481
3007,258,341,0,0,0,-1.1726673,0.2363732
3008,280,341,0,0,0,-0.9754352,0.27379847
3009,14,342,0,0,0,-0.89574546,0.2899256
3010,28,342,0,0,0,-1.4493387,0.19010337
3011,65,342,0,0,0,-1.0663621,0.25609553
3012,76,342,0,0,0,-1.3373356,0.20794857
3013,87,342,0,0,0,-2.5959334,0.06940059
3014,92,342,0,0,0,-1.4818869,0.18514259
3015,152,342,0,0,0,-0.6474275,0.3435695
3016,194,342,0,0,0,-0.7424772,0.32246268
3017,260,342,0,0,0,-0.8391674,0.30171016
3018,49,343,0,0,0,-1.4550679,0.18922284
3019,97,343,0,0,0,-1.198911,0.23166901
3020,167,343,0,0,0,-1.6358712,0.16302766
3021,175,343,0,0,0,-1.1538062,0.23979455
3022,200,343,0,0,0,-0.7826229,0.3137549
3023,248,343,0,0,0,-1.1181799,0.24634905
3024,258,343,0,0,0,-1.8226762,0.13911307
3025,263,343,0,0,0,-1.5281672,0.178262
3026,266,343,0,0,0,-0.60260093,0.35374886
3027,17,344,0,0,0,-0.93295413,0.28232577
3028,77,344,0,0,0,-3.5334964,0.028374037
3029,112,344,0,0,0,-0.8038916,0.30919367
3030,134,344,0,0,0,-1.2269382,0.22671776
3031,153,344,0,0,0,-1.0621397,0.25690076
3032,170,344,0,0,0,-0.8512818,0.29916403
3033,210,344,0,0,0,-1.0873019,0.2521267
3034,224,344,0,0,0,-1.7020316,0.1542001
3035,226,344,0,0,0,-0.8110388,0.3076692
3036,1,345,0,0,0,-0.2543646,0.43674952
3037,16,345,0,0,0,-0.873164,0.29459637
3038,36,345,0,0,0,-1.5564375,0.17415844
3039,39,345,0,0,0,-0.5998024,0.35438892
3040,148,345,0,0,0,-1.2253859,0.22699001
3041,151,345,0,0,0,-0.29543012,0.426675
3042,164,345,0,0,0,-1.3848019,0.20023891
3043,194,345,0,0,0,-1.1832898,0.2344612
3044,214,345,0,0,0,-0.38696164,0.40444893
3045,14,346,0,0,0,-0.953254,0.27823088
3046,23,346,0,0,0,-0.71469325,0.32856265
3047,129,346,0,0,0,-0.97312456,0.27425814
3048,139,346,0,0,0,-0.6890559,0.33424312
3049,147,346,0,0,0,-1.0789249,0.25370952
3050,171,346,0,0,0,-1.0179408,0.26542872
3051,187,346,0,0,0,-0.81144786,0.30758205
3052,226,346,0,0,0,-0.87729186,0.2937393
3053,242,346,0,0,0,-1.2715585,0.21899058
3054,283,346,0,0,0,-0.842826,0.30093992
3055,0,347,0,0,0,-1.2630267,0.2204533
3056,57,347,0,0,0,-0.82043046,0.3056723
3057,59,347,0,0,0,-1.2353592,0.22524482
3058,107,347,0,0,0,-1.4072075,0.19667488
3059,122,347,0,0,0,-1.0556235,0.2581467
3060,147,347,0,0,0,-1.1876123,0.23368625
3061,168,347,0,0,0,-1.5854249,0.17002855
3062,277,347,0,0,0,-1.2405543,0.22433951
3063,289,347,0,0,0,-1.2065601,0.23031026
3064,14,350,0,0,0,-0.7366419,0.3237389
3065,21,350,0,0,0,-1.0133435,0.26632604
3066,32,350,0,0,0,-1.5398269,0.17656045
3067,102,350,0,0,0,-0.5447354,0.3670867
3068,134,350,0,0,0,-1.0200822,0.26501137
3069,156,350,0,0,0,-2.2120774,0.09867117
3070,193,350,0,0,0,-1.1227815,0.2454957
3071,225,350,0,0,0,-1.467684,0.18729489
3072,245,350,0,0,0,-0.7464965,0.32158518
3073,272,350,0,0,0,-1.1143386,0.24706292
3074,7,351,0,0,0,-1.128626,0.24441476
3075,31,351,0,0,0,-1.2742355,0.21853307
3076,33,351,0,0,0,-1.3907549,0.19928727
3077,36,351,0,0,0,-1.6820748,0.15682092
3078,58,351,0,0,0,-1.0926828,0.2511134
3079,148,351,0,0,0,-1.3128433,0.21201144
3080,171,351,0,0,0,-0.9482985,0.27922714
3081,174,351,0,0,0,-1.3187556,0.2110254
3082,218,351,0,0,0,-1.1552944,0.23952337
3083,33,352,0,0,0,-0.9717859,0.2745247
3084,52,352,0,0,0,-0.82005984,0.30575097
3085,136,352,0,0,0,-1.0319176,0.2627125
3086,160,352,0,0,0,-0.73909813,0.3232014
3087,180,352,0,0,0,-0.8744959,0.29431966
3088,183,352,0,0,0,-1.09989,0.24976051
3089,189,352,0,0,0,-1.2351229,0.22528605
3090,195,352,0,0,0,-0.7188241,0.32765198
3091,257,352,0,0,0,-1.1575265,0.23911703
3092,19,353,0,0,0,-0.7922185,0.3116925
3093,25,353,0,0,0,-0.98601294,0.27170032
3094,35,353,0,0,0,-1.6964669,0.15492727
3095,68,353,0,0,0,-0.71087533,0.32940546
3096,84,353,0,0,0,-1.1874259,0.23371963
3097,87,353,0,0,0,-2.5386112,0.07319533
3098,127,353,0,0,0,-0.744857,0.32194296
3099,150,353,0,0,0,-1.0203949,0.26495048
3100,182,353,0,0,0,-1.4050128,0.19702186
3101,30,354,0,0,0,-1.0864141,0.25229412
3102,33,354,0,0,0,-1.5180287,0.17975198
3103,38,354,0,0,0,-0.5531665,0.36513007
3104,91,354,0,0,0,-0.9570478,0.27746966
3105,129,354,0,0,0,-1.1389134,0.24251992
3106,147,354,0,0,0,-1.31268,0.21203873
3107,155,354,0,0,0,-1.1223359,0.24557826
3108,172,354,0,0,0,-0.82900935,0.30385458
3109,268,354,0,0,0,-0.81217325,0.3074276
3110,49,356,0,0,0,-1.9854321,0.12074096
3111,70,356,0,0,0,-1.3557625,0.20492987
3112,111,356,0,0,0,-0.59837383,0.35471582
3113,114,356,0,0,0,-1.1246085,0.24515745
3114,118,356,0,0,0,-1.4786949,0.18562463
3115,166,356,0,0,0,-1.1006029,0.24962695
3116,198,356,0,0,0,-1.253284,0.22213219
3117,217,356,0,0,0,-0.89767295,0.28952894
3118,233,356,0,0,0,-1.104281,0.24893863
3119,257,356,0,0,0,-1.151959,0.24013145
3120,72,357,0,0,0,-0.9232574,0.28429464
3121,137,357,0,0,0,-0.8417925,0.3011574
3122,139,357,0,0,0,-0.5898468,0.35667002
3123,149,357,0,0,0,-1.2685394,0.21950738
3124,157,357,0,0,0,-1.1764423,0.23569249
3125,170,357,0,0,0,-0.8826902,0.29262063
3126,244,357,0,0,0,-0.78262025,0.31375542
3127,271,357,0,0,0,-0.7460663,0.32167906
3128,279,357,0,0,0,-1.1332701,0.24355811
3129,5,358,0,0,0,-0.7201317,0.327364
3130,23,358,0,0,0,-1.1618428,0.2383326
3131,138,358,0,0,0,-1.0128776,0.2664171
3132,173,358,0,0,0,-2.0223427,0.11687697
3133,190,358,0,0,0,-0.46363574,0.3861237
3134,192,358,0,0,0,-1.2405508,0.22434013
3135,196,358,0,0,0,-1.4587367,0.18866062
3136,266,358,0,0,0,-0.5884708,0.3569858
3137,278,358,0,0,0,-0.73072547,0.32503554
3138,70,359,0,0,0,-1.4952264,0.18313856
3139,92,359,0,0,0,-1.4826775,0.18502335
3140,141,359,0,0,0,-1.3648441,0.20345414
3141,168,359,0,0,0,-1.5868018,0.16983435
3142,170,359,0,0,0,-0.8583161,0.2976913
3143,184,359,0,0,0,-0.8323608,0.30314612
3144,228,359,0,0,0,-1.1636033,0.23801316
3145,229,359,0,0,0,-1.0182443,0.26536953
3146,284,359,0,0,0,-1.2150867,0.22880225
3147,14,360,0,0,0,-0.962205,0.27643692
3148,38,360,0,0,0,-0.58731407,0.35725138
3149,41,360,0,0,0,-0.96650904,0.27557686
3150,79,360,0,0,0,-0.86954135,0.29534975
3151,110,360,0,0,0,-1.5862978,0.16990541
3152,135,360,0,0,0,-1.1938581,0.23256962
3153,178,360,0,0,0,-0.9127553,0.28643635
3154,207,360,0,0,0,-1.3378766,0.20785947
3155,218,360,0,0,0,-1.5988128,0.16814761
3156,276,360,0,0,0,-1.4494662,0.19008373
3157,11,361,0,0,0,-0.81810176,0.30616674
3158,80,361,0,0,0,-0.7610567,0.3184169
3159,111,361,0,0,0,-0.97454387,0.27397573
3160,148,361,0,0,0,-1.1697364,0.23690264
3161,188,361,0,0,0,-0.7408481,0.3228187
3162,193,361,0,0,0,-0.8213561,0.30547586
3163,214,361,0,0,0,-2.921327,0.051109303
3164,216,361,0,0,0,-0.8789473,0.29339597
3165,263,361,0,0,0,-1.6673582,0.15877672
3166,38,362,0,0,0,-0.6361721,0.34611234
3167,41,362,0,0,0,-0.85720223,0.29792422
3168,61,362,0,0,0,-1.3161662,0.21145685
3169,108,362,0,0,0,-1.5832195,0.17034
3170,127,362,0,0,0,-0.44341922,0.39092654
3171,159,362,0,0,0,-1.3699653,0.20262545
3172,200,362,0,0,0,-0.6079501,0.35252696
3173,246,362,0,0,0,-1.3461571,0.20649935
3174,265,362,0,0,0,-0.80587596,0.30877
3175,287,362,0,0,0,-2.0248117,0.11662236
3176,14,363,0,0,0,-0.91124195,0.28674576
3177,114,363,0,0,0,-1.0192411,0.26517525
3178,141,363,0,0,0,-1.3802407,0.20097035
3179,142,363,0,0,0,-1.3164971,0.21140167
3180,200,363,0,0,0,-0.8187497,0.3060291
3181,233,363,0,0,0,-0.9172983,0.2855087
3182,236,363,0,0,0,-1.1216165,0.24571157
3183,243,363,0,0,0,-1.1317132,0.24384509
3184,260,363,0,0,0,-1.1277454,0.24457742
3185,5,364,0,0,0,-1.3878276,0.19975479
3186,37,364,0,0,0,-0.4387666,0.39203492
3187,38,364,0,0,0,-0.8368588,0.30219677
3188,100,364,0,0,0,-2.200618,0.099695005
3189,141,364,0,0,0,-1.6860144,0.15630071
3190,159,364,0,0,0,-1.4708736,0.18680987
3191,210,364,0,0,0,-0.38194093,0.40565884
3192,276,364,0,0,0,-1.0485442,0.25950477
3193,286,364,0,0,0,-0.62894034,0.34775084
3194,23,365,0,0,0,-0.85698813,0.29796898
3195,34,365,0,0,0,-1.9295917,0.12679578
3196,119,365,0,0,0,-1.0677917,0.25582325
3197,131,365,0,0,0,-1.3068414,0.21301587
3198,142,365,0,0,0,-1.4174368,0.19506373
3199,162,365,0,0,0,-1.394057,0.19876087
3200,221,365,0,0,0,-0.7967491,0.31072134
3201,224,365,0,0,0,-1.713197,0.15274951
3202,226,365,0,0,0,-0.7899663,0.3121759
3203,277,365,0,0,0,-1.5910268,0.16923949
3204,53,366,0,0,0,-0.73507065,0.324083
3205,56,366,0,0,0,-0.8300274,0.30363926
3206,97,366,0,0,0,-1.1925988,0.23279446
3207,117,366,0,0,0,-1.269058,0.21941856
3208,140,366,0,0,0,-1.7884154,0.14326711
3209,143,366,0,0,0,-1.1255679,0.24497995
3210,187,366,0,0,0,-0.65816736,0.34115142
3211,210,366,0,0,0,-0.89737064,0.28959113
3212,272,366,0,0,0,-1.298909,0.2143487
3213,30,367,0,0,0,-1.2320125,0.22582938
3214,57,367,0,0,0,-0.90538406,0.28794533
3215,74,367,0,0,0,-0.42519838,0.3952735
3216,182,367,0,0,0,-1.3018093,0.21386068
3217,198,367,0,0,0,-1.2550786,0.22182226
3218,230,367,0,0,0,-1.0795231,0.25359628
3219,234,367,0,0,0,-1.0701084,0.25538248
3220,263,367,0,0,0,-1.7465956,0.1484771
3221,283,367,0,0,0,-0.7648758,0.3175886
3222,6,368,0,0,0,-0.6068523,0.35277757
3223,39,368,0,0,0,-0.5537126,0.3650035
3224,75,368,0,0,0,-0.72014564,0.3273609
3225,87,368,0,0,0,-2.4542751,0.07912648
3226,94,368,0,0,0,-1.8061979,0.14109828
3227,145,368,0,0,0,-0.7862589,0.31297252
3228,153,368,0,0,0,-1.0291014,0.26325837
3229,201,368,0,0,0,-1.0399241,0.26116464
3230,208,368,0,0,0,-1.0179751,0.26542202
3231,11,370,0,0,0,-0.74314326,0.32231718
3232,65,370,0,0,0,-0.92769796,0.28339198
3233,80,370,0,0,0,-0.75905865,0.31885067
3234,139,370,0,0,0,-0.60698676,0.35274687
3235,172,370,0,0,0,-0.906333,0.2877508
3236,174,370,0,0,0,-1.2878714,0.21621332
3237,190,370,0,0,0,-0.5559439,0.3644865
3238,265,370,0,0,0,-1.1906481,0.23314305
3239,291,370,0,0,0,-0.8551343,0.29835692
3240,32,374,0,0,0,-1.2797365,0.21759507
3241,196,374,0,0,0,-1.1018803,0.24938774
3242,233,374,0,0,0,-0.9307407,0.28277448
3243,246,374,0,0,0,-2.1385674,0.10540439
3244,257,374,0,0,0,-1.0182185,0.26537457
3245,262,374,0,0,0,-1.8832929,0.1320111
3246,273,374,0,0,0,-1.1576607,0.2390926
3247,275,374,0,0,0,-1.264379,0.22022098
3248,284,374,0,0,0,-1.5207925,0.17934485
3249,61,375,0,0,0,-1.0856214,0.2524437
3250,131,375,0,0,0,-1.1552753,0.23952684
3251,138,375,0,0,0,-0.88542026,0.29205582
3252,165,375,0,0,0,-1.4003677,0.19775777
3253,179,375,0,0,0,-0.89983624,0.28908414
3254,210,375,0,0,0,-0.8182422,0.3061369
3255,211,375,0,0,0,-1.1486104,0.240743
3256,242,375,0,0,0,-1.22192,0.22759874
3257,259,375,0,0,0,-0.63626444,0.34609145
3258,272,375,0,0,0,-1.2376394,0.22484714
3259,287,375,0,0,0,-0.9738522,0.27411333
3260,5,376,0,0,0,-1.1524577,0.24004045
3261,151,376,0,0,0,0.0021691322,0.5005423
3262,176,376,0,0,0,-1.1749976,0.23595284
3263,187,376,0,0,0,-0.6092421,0.3522321
3264,193,376,0,0,0,-0.83526075,0.30253386
3265,214,376,0,0,0,-1.8283732,0.13843219
3266,225,376,0,0,0,-1.4557064,0.18912491
3267,260,376,0,0,0,-0.8466602,0.3001339
3268,281,376,0,0,0,-2.1973789,0.09998611
3269,30,377,0,0,0,-1.1104157,0.24779339
3270,98,377,0,0,0,-1.2352383,0.22526592
3271,176,377,0,0,0,-1.1919358,0.2329129
3272,214,377,0,0,0,-1.5486703,0.1752784
3273,259,377,0,0,0,-0.7231178,0.3267068
3274,262,377,0,0,0,-1.5754356,0.17144288
3275,267,377,0,0,0,-1.1626995,0.23817712
3276,287,377,0,0,0,-1.0581028,0.25767216
3277,290,377,0,0,0,-1.0750208,0.25444943
3278,34,380,0,0,0,-1.330939,0.20900407
3279,35,380,0,0,0,-1.786999,0.14344105
3280,96,380,0,0,0,-0.7475098,0.32136416
3281,97,380,0,0,0,-1.5538733,0.17452754
3282,135,380,0,0,0,-1.7831712,0.143912
3283,157,380,0,0,0,-1.1279712,0.24453571
3284,204,380,0,0,0,-0.8366713,0.30223632
3285,241,380,0,0,0,-1.2343612,0.22541903
3286,276,380,0,0,0,-1.1431314,0.2417459
3287,22,381,0,0,0,-1.5061176,0.18151487
3288,72,381,0,0,0,-0.6781894,0.33666554
3289,104,381,0,0,0,-1.5889852,0.16952673
3290,136,381,0,0,0,-1.2420769,0.22407468
3291,145,381,0,0,0,-0.9916825,0.27057987
3292,212,381,0,0,0,-1.0358816,0.26194543
3293,239,381,0,0,0,-1.2708826,0.2191062
3294,259,381,0,0,0,-0.7212699,0.3271134
3295,277,381,0,0,0,-0.5322591,0.36999014
3296,6,386,0,0,0,-0.65943223,0.34086716
3297,27,386,0,0,0,-0.8981345,0.28943402
3298,36,386,0,0,0,-1.5684919,0.17243148
3299,44,386,0,0,0,-1.2270164,0.22670405
3300,70,386,0,0,0,-1.0775156,0.25397646
3301,87,386,0,0,0,-1.4156547,0.1953437
3302,106,386,0,0,0,-1.3344445,0.20842513
3303,170,386,0,0,0,-0.7992825,0.31017902
3304,232,386,0,0,0,-1.0607023,0.25717527
3305,16,390,0,0,0,-1.0235529,0.26433593
3306,21,390,0,0,0,-1.1904616,0.23317638
3307,40,390,0,0,0,-1.0692313,0.2555493
3308,163,390,0,0,0,-0.8756833,0.2940731
3309,177,390,0,0,0,-1.5960064,0.16854052
3310,241,390,0,0,0,-1.2214589,0.2276798
3311,247,390,0,0,0,-1.1771688,0.23556162
3312,252,390,0,0,0,-1.1392035,0.24246661
3313,260,390,0,0,0,-0.9780275,0.27328333
3314,282,390,0,0,0,-1.005269,0.26790673
3315,15,391,0,0,0,-1.4018683,0.1975198
3316,44,391,0,0,0,-1.2757063,0.218282
3317,56,391,0,0,0,-0.84123725,0.30127427
3318,157,391,0,0,0,-0.83912545,0.301719
3319,175,391,0,0,0,-1.3007002,0.2140472
3320,183,391,0,0,0,-1.3410258,0.20734142
3322,242,391,0,0,0,-1.0732868,0.25477853
3323,252,391,0,0,0,-0.9517317,0.2785367
3324,270,391,0,0,0,-0.7763055,0.31511667
3325,45,392,0,0,0,-0.8538489,0.2986261
3326,71,392,0,0,0,-0.85224617,0.29896188
3327,91,392,0,0,0,-0.9819984,0.27249545
3328,98,392,0,0,0,-1.5887175,0.16956441
3329,109,392,0,0,0,-1.2564685,0.22158241
3330,110,392,0,0,0,-1.2668686,0.21979377
3331,145,392,0,0,0,-0.59865475,0.35465154
3332,234,392,0,0,0,-0.6589903,0.34096646
3333,255,392,0,0,0,-1.3585019,0.20448388
3334,282,392,0,0,0,-1.0235348,0.26433945
3335,291,392,0,0,0,-0.84009844,0.30151406
3336,60,393,0,0,0,-0.87649006,0.29390565
3337,61,393,0,0,0,-1.4630563,0.1880003
3338,63,393,0,0,0,-1.1172421,0.2465232
3339,107,393,0,0,0,-1.3316665,0.20888385
3340,109,393,0,0,0,-1.2558293,0.22169268
3341,142,393,0,0,0,-2.4712787,0.07789634
3342,162,393,0,0,0,-0.6480798,0.34342238
3343,165,393,0,0,0,-1.1150143,0.24693725
3344,168,393,0,0,0,-1.51227,0.18060263
3345,97,394,0,0,0,-1.1844714,0.23424919
3346,158,394,0,0,0,-0.84587723,0.30029842
3347,210,394,0,0,0,-1.0899745,0.25162306
3348,211,394,0,0,0,-1.0358131,0.26195866
3349,239,394,0,0,0,-1.1652784,0.23770949
3350,255,394,0,0,0,-1.5086744,0.18113533
3351,256,394,0,0,0,-0.7971673,0.31063178
3352,265,394,0,0,0,-0.8433518,0.30082932
3353,274,394,0,0,0,-1.7128959,0.15278849
3354,38,395,0,0,0,-0.6951662,0.33288482
3355,46,395,0,0,0,-1.0844829,0.2526586
3356,70,395,0,0,0,-1.0139297,0.2662115
3357,84,395,0,0,0,-0.78782445,0.312636
3358,101,395,0,0,0,-0.864995,0.2962968
3359,115,395,0,0,0,-1.3885303,0.1996425
3360,140,395,0,0,0,-2.2575946,0.09469638
3361,159,395,0,0,0,-1.2950127,0.21500556
3362,194,395,0,0,0,-0.97391033,0.27410176
3363,247,395,0,0,0,-1.2010357,0.23129101
3364,58,396,0,0,0,-1.2601371,0.22095029
3365,69,396,0,0,0,-1.2533338,0.22212358
3366,88,396,0,0,0,-2.8402438,0.055187825
3367,116,396,0,0,0,-1.3685122,0.20286034
3368,140,396,0,0,0,-2.5462346,0.072679855
3369,192,396,0,0,0,-0.7674082,0.31704003
3370,235,396,0,0,0,-2.882206,0.05304023
3371,254,396,0,0,0,-0.96731293,0.2754164
3372,258,396,0,0,0,-1.1427357,0.24181843
3373,6,412,0,0,0,-0.71125096,0.3293225
3374,20,412,0,0,0,-1.1114297,0.24760444
3375,88,412,0,0,0,-1.8802912,0.13235542
3376,115,412,0,0,0,-1.5148785,0.18021692
3377,130,412,0,0,0,-1.4135444,0.19567561
3378,144,412,0,0,0,-0.89981467,0.28908858
3379,154,412,0,0,0,-1.112786,0.24735184
3380,216,412,0,0,0,-0.9594732,0.27698368
3381,277,412,0,0,0,-1.027632,0.26354346
3382,47,413,0,0,0,-0.8173916,0.30631763
3383,62,413,0,0,0,-1.9122813,0.12872478
3384,81,413,0,0,0,-0.6225863,0.34919345
3385,101,413,0,0,0,-0.81864303,0.3060518
3386,106,413,0,0,0,-1.2226279,0.22747432
3387,109,413,0,0,0,-1.154607,0.2396486
3388,155,413,0,0,0,-1.198025,0.23182675
3389,160,413,0,0,0,-1.0162821,0.26575223
3390,174,413,0,0,0,-0.9305567,0.2828118
3391,51,414,0,0,0,-0.33989888,0.41583404
3392,106,414,0,0,0,-1.2155042,0.2287286
3393,146,414,0,0,0,-1.0339618,0.26231676
3394,150,414,0,0,0,-1.0834285,0.25285774
3395,151,414,0,0,0,-0.41543448,0.39760974
3396,173,414,0,0,0,-1.050206,0.25918555
3397,251,414,0,0,0,-1.1477101,0.2409076
3398,271,414,0,0,0,-0.61036605,0.3519757
3399,273,414,0,0,0,-0.71291953,0.32895404
3400,37,415,0,0,0,-0.4666086,0.38541925
3401,38,415,0,0,0,-0.47190124,0.38416633
3402,69,415,0,0,0,-0.52588606,0.37147692
3403,86,415,0,0,0,-0.53509533,0.36932927
3404,170,415,0,0,0,-0.8238449,0.3049481
3405,198,415,0,0,0,-1.2576358,0.22138114
3406,206,415,0,0,0,-1.3817904,0.2007216
3407,249,415,0,0,0,-1.5885415,0.16958919
3408,285,415,0,0,0,-1.0436022,0.26045555
3409,12,416,0,0,0,-0.7990635,0.31022587
3410,35,416,0,0,0,-1.5757327,0.17140068
3411,40,416,0,0,0,-0.75942105,0.318772
3412,73,416,0,0,0,-0.7621427,0.31818125
3413,76,416,0,0,0,-1.0035844,0.26823726
3414,155,416,0,0,0,-1.325937,0.20983222
3415,189,416,0,0,0,-0.91856545,0.28525028
3416,191,416,0,0,0,-0.8522277,0.29896575
3417,206,416,0,0,0,-1.2135916,0.22906618
3418,30,417,0,0,0,-1.2487605,0.22291479
3419,90,417,0,0,0,-0.9705852,0.27476388
3420,92,417,0,0,0,-1.5964723,0.16847524
3421,122,417,0,0,0,-0.9606392,0.27675024
3422,176,417,0,0,0,-0.32296497,0.41995335
3423,186,417,0,0,0,-0.87932837,0.293317
3424,201,417,0,0,0,-0.8354545,0.30249298
3425,205,417,0,0,0,-1.250633,0.22259058
3426,288,417,0,0,0,-1.1628634,0.23814738
3427,24,418,0,0,0,-0.93952084,0.28099713
3429,74,418,0,0,0,-1.1760991,0.23575433
3430,158,418,0,0,0,-0.6274546,0.34808794
3431,184,418,0,0,0,-0.7697256,0.31653845
3432,187,418,0,0,0,-0.7998249,0.31006297
3433,207,418,0,0,0,-1.2283912,0.22646314
3434,249,418,0,0,0,-1.3247831,0.21002361
3435,287,418,0,0,0,-1.2208064,0.22779457
3436,9,421,0,0,0,-1.0786715,0.2537575
3437,10,421,0,0,0,-0.73798496,0.32344493
3438,27,421,0,0,0,-1.0611699,0.25708595
3439,48,421,0,0,0,-0.8863471,0.29186422
3440,115,421,0,0,0,-1.4923489,0.18356943
3441,168,421,0,0,0,0.25150388,0.5625466
3442,180,421,0,0,0,-0.7512333,0.32055265
3443,225,421,0,0,0,-2.9038553,0.05196331
3444,272,421,0,0,0,-1.399672,0.19786815
3445,18,425,0,0,0,-1.2023976,0.23104897
3446,34,425,0,0,0,-0.94417715,0.28005734
3447,133,425,0,0,0,-1.4260421,0.19371612
3448,161,425,0,0,0,-1.0880675,0.25198236
3449,169,425,0,0,0,-1.0913203,0.25136974
3450,170,425,0,0,0,-1.0000217,0.26893717
3451,189,425,0,0,0,-0.7602343,0.3185954
3452,200,425,0,0,0,-0.9226995,0.28440818
3453,236,425,0,0,0,-1.2027898,0.23097931
3454,239,425,0,0,0,-1.1401459,0.24229358
3455,24,426,0,0,0,-0.9983205,0.26927176
3456,86,426,0,0,0,-0.5794388,0.35906175
3457,87,426,0,0,0,-2.1837707,0.10121739
3458,91,426,0,0,0,-1.0427929,0.26061144
3459,106,426,0,0,0,-1.1058338,0.24864842
3460,119,426,0,0,0,-1.328587,0.20939317
3461,138,426,0,0,0,-1.3498054,0.20590219
3462,278,426,0,0,0,-0.9335551,0.282204
3463,285,426,0,0,0,-1.1289289,0.24435882
3464,17,427,0,0,0,-0.6672207,0.33911943
3465,76,427,0,0,0,-1.483818,0.18485142
3466,87,427,0,0,0,-2.4952743,0.07619014
3467,113,427,0,0,0,-0.7089459,0.3298318
3468,133,427,0,0,0,-1.4106138,0.19613726
3469,177,427,0,0,0,-1.0507908,0.2590733
3470,207,427,0,0,0,-1.3039217,0.21350574
3471,276,427,0,0,0,-1.9083889,0.12916197
3472,278,427,0,0,0,-1.3679178,0.20295647
3473,0,428,0,0,0,-1.2993653,0.21427186
3474,1,428,0,0,0,-0.8563545,0.29810157
3475,58,428,0,0,0,-1.1561298,0.23937123
3476,107,428,0,0,0,-1.2168009,0.22849992
3477,121,428,0,0,0,-0.98039556,0.2728133
3478,138,428,0,0,0,-0.7502988,0.3207562
3479,176,428,0,0,0,-0.84047997,0.3014337
3480,221,428,0,0,0,-1.1087251,0.24810866
3481,267,428,0,0,0,-1.4306035,0.19300467
3482,65,430,0,0,0,-1.11781,0.24641773
3483,73,430,0,0,0,-0.33388048,0.41729674
3484,120,430,0,0,0,-0.8685659,0.2955528
3485,123,430,0,0,0,-0.88461757,0.2922218
3486,161,430,0,0,0,-0.96394116,0.27608982
3487,168,430,0,0,0,-1.4757783,0.18606593
3488,170,430,0,0,0,-0.91385895,0.28621083
3489,191,430,0,0,0,-0.7354585,0.32399803
3490,231,430,0,0,0,-1.989589,0.12030035
3491,40,432,0,0,0,-0.71434057,0.32864043
3492,136,432,0,0,0,-1.1251142,0.24506389
3493,139,432,0,0,0,-0.6799145,0.3362804
3494,148,432,0,0,0,-1.2904472,0.21577711
3495,160,432,0,0,0,-1.1367123,0.2429245
3496,166,432,0,0,0,-0.94643706,0.27960193
3497,182,432,0,0,0,-1.4862733,0.18448174
3498,187,432,0,0,0,-0.922632,0.28442192
3499,265,432,0,0,0,-0.9231498,0.28431654
3500,23,433,0,0,0,-0.9664832,0.27558205
3501,44,433,0,0,0,-1.1788254,0.23526347
3502,46,433,0,0,0,-1.4288433,0.19327898
3503,84,433,0,0,0,-0.9698223,0.27491593
3504,98,433,0,0,0,-1.3463564,0.20646669
3505,100,433,0,0,0,-1.6136708,0.1660796
3506,211,433,0,0,0,-0.9581384,0.27725106
3507,245,433,0,0,0,-1.2548635,0.22185938
3508,287,433,0,0,0,-2.0398674,0.11508024
3509,5,434,0,0,0,-1.1429858,0.24177258
3510,74,434,0,0,0,-1.2644813,0.22020343
3511,99,434,0,0,0,-0.46066278,0.3868286
3512,110,434,0,0,0,-1.104548,0.24888872
3513,129,434,0,0,0,-0.50410146,0.3765773
3514,189,434,0,0,0,-0.74573165,0.32175207
3515,215,434,0,0,0,-1.0331142,0.2624808
3516,232,434,0,0,0,-0.9677314,0.2753329
3517,235,434,0,0,0,-1.4740748,0.18632405
3518,3,435,0,0,0,-0.96798986,0.27528134
3519,26,435,0,0,0,-0.85888666,0.29757202
3520,58,435,0,0,0,-1.1829097,0.23452942
3521,164,435,0,0,0,-0.85152835,0.29911235
3522,170,435,0,0,0,-0.95168865,0.27854535
3523,212,435,0,0,0,-0.8377345,0.30201215
3524,262,435,0,0,0,-1.4662952,0.18750638
3525,272,435,0,0,0,-1.7537313,0.1475772
3526,278,435,0,0,0,-0.89871544,0.28931454
