Dock Index,Enzyme Index,Substrate Index,Label,dataset_id,tag,logit,prob
0,19,0,1,0,0,-0.40893042,0.3991686
1,19,1,1,0,0,-4.580862,0.010142143
2,131,2,1,0,0,-3.9723485,0.018481176
3,131,4,1,0,0,-3.5237002,0.028645357
4,246,5,1,0,0,-3.7924728,0.022042952
5,246,7,1,0,0,-5.549841,0.0038730172
6,246,8,1,0,0,-4.6392436,0.009572487
7,246,9,1,0,0,-4.1986628,0.014793509
8,246,10,1,0,0,-6.0463324,0.0023609383
10,133,12,1,0,0,-3.04745,0.04532769
11,181,13,1,0,0,-13.925941,8.954474e-07
12,181,14,1,0,0,-9.530592,7.259136e-05
13,181,15,1,0,0,-9.212056,9.98186e-05
14,242,17,1,0,0,-2.6442032,0.0663472
16,47,19,1,0,0,-14.878695,3.4535435e-07
17,209,20,1,0,0,-5.5587206,0.0038389098
18,143,21,1,0,0,-1.399934,0.19782658
19,143,22,1,0,0,-3.7224956,0.023602998
20,97,23,1,0,0,-6.222228,0.0019808863
21,259,24,1,0,0,-4.063253,0.016902398
22,175,25,1,0,0,-3.0097737,0.04698628
23,36,26,1,0,0,-11.414472,1.1034513e-05
25,157,28,1,0,0,-5.5818954,0.0037512968
35,118,39,1,0,0,-2.571351,0.071005136
36,24,40,1,0,0,-1.3826911,0.20057714
42,19,46,1,0,0,-1.9291241,0.12684757
43,19,47,1,0,0,-2.2061822,0.099196695
44,44,48,1,0,0,-3.0289154,0.046136536
45,114,49,1,0,0,-6.1557455,0.0021167689
46,26,50,1,0,0,-10.219881,3.6437305e-05
47,27,51,1,0,0,-9.114927,0.000109999215
48,27,52,1,0,0,-4.9254622,0.0072070514
49,27,53,1,0,0,-9.710318,6.0650767e-05
50,291,54,1,0,0,-4.899274,0.0073968708
51,291,55,1,0,0,-6.04813,0.002356708
52,291,56,1,0,0,-7.616601,0.00049196987
53,290,50,1,0,0,-10.082547,4.1801053e-05
55,178,15,1,0,0,-7.2869644,0.00068393437
56,178,58,1,0,0,-8.952004,0.0001294606
57,10,1,1,0,0,-4.2280025,0.014371923
58,10,59,1,0,0,-4.6563597,0.009411567
59,99,60,1,0,0,-8.821297,0.00014753513
60,230,60,1,0,0,-5.5692005,0.0037990403
61,230,61,1,0,0,-3.9704125,0.018516326
79,63,75,1,0,0,-10.110269,4.0658233e-05
80,248,12,1,0,0,-2.8012304,0.057257723
81,102,75,1,0,0,-7.4987087,0.0005534925
82,104,76,1,0,0,-1.9557836,0.123924084
83,103,77,1,0,0,-6.9658403,0.00094268017
84,13,78,1,0,0,-1.8136458,0.14019807
85,225,60,1,0,0,-9.706391,6.0889353e-05
86,203,79,1,0,0,-4.827753,0.007940924
87,132,25,1,0,0,-2.9598887,0.04927122
88,132,80,1,0,0,-5.547385,0.003882503
89,115,12,1,0,0,-2.8046508,0.057073373
90,35,81,1,0,0,-0.46194923,0.38652351
91,198,48,1,0,0,-2.9786372,0.048400357
92,6,82,1,0,0,-14.243351,6.51915e-07
93,177,83,1,0,0,-3.1345282,0.04170526
94,177,24,1,0,0,-8.85936,0.0001420258
95,177,84,1,0,0,-2.9781866,0.048421115
97,170,24,1,0,0,-6.8128624,0.0010983334
98,31,86,1,0,0,-4.2910147,0.013506114
99,30,23,1,0,0,-6.226815,0.0019718383
107,168,93,1,0,0,-2.3864257,0.084213674
108,22,94,1,0,0,-3.8477082,0.020883152
109,45,39,1,0,0,-2.7204118,0.061779596
110,25,12,1,0,0,-2.6149035,0.0681854
115,14,24,1,0,0,-3.2855916,0.036068805
116,33,98,1,0,0,-5.0305414,0.0064928387
117,174,25,1,0,0,-4.6262536,0.009696431
118,92,99,1,0,0,-4.315279,0.01318661
121,137,102,1,0,0,-0.9444013,0.28001216
122,137,103,1,0,0,2.1185794,0.8926959
123,127,104,1,0,0,-0.12132452,0.46970603
124,127,105,1,0,0,-0.05850783,0.48537722
125,139,106,1,0,0,-0.78919,0.3123426
126,139,107,1,0,0,-0.77939993,0.31444922
127,139,108,1,0,0,-3.6410775,0.025553944
128,139,109,1,0,0,-0.43051106,0.39400432
132,70,113,1,0,0,-3.4761539,0.029998396
133,70,115,1,0,0,-9.112643,0.00011025072
134,69,117,1,0,0,-2.465722,0.0782964
136,72,119,1,0,0,-7.4524918,0.00057965843
137,72,120,1,0,0,-4.902988,0.007369651
141,288,124,1,0,0,-8.258814,0.00025889894
150,285,133,1,0,0,-0.8117537,0.30751693
151,235,134,1,0,0,-11.948852,6.4666133e-06
152,285,135,1,0,0,-3.0771556,0.044059463
153,285,136,1,0,0,-6.240116,0.0019458354
154,285,138,1,0,0,-2.9208496,0.051132467
155,285,139,1,0,0,-10.058561,4.2815765e-05
158,84,142,1,0,0,-5.9367747,0.0026335784
159,84,143,1,0,0,-3.8763552,0.020305376
160,263,99,1,0,0,-6.0953217,0.0022483189
161,262,145,1,0,0,-7.8813286,0.00037758824
162,263,146,1,0,0,-9.128969,0.00010846558
169,77,75,1,0,0,-11.466011,1.0480213e-05
170,245,0,1,0,0,-1.1479247,0.24086836
171,244,1,1,0,0,-3.5778923,0.027175382
172,18,46,1,0,0,-1.766571,0.14596927
173,20,152,1,0,0,-2.7405982,0.06061983
177,189,153,1,0,0,-11.740345,7.965802e-06
183,76,157,1,0,0,-4.2735944,0.013740194
184,76,158,1,0,0,-10.508162,2.7311879e-05
185,76,159,1,0,0,-13.25683,1.7483607e-06
186,76,160,1,0,0,-12.113935,5.482546e-06
187,66,161,1,0,0,-4.454873,0.01148828
188,66,162,1,0,0,-4.6043878,0.009908663
195,65,169,1,0,0,-5.408503,0.004458373
196,74,170,1,0,0,-1.0991595,0.24989742
198,74,172,1,0,0,-5.7593164,0.0031433546
201,74,175,1,0,0,-3.1500545,0.041089132
202,75,176,1,0,0,-2.504695,0.0755297
203,75,151,1,0,0,-3.4864292,0.029700836
204,74,125,1,0,0,-2.1603112,0.103371605
206,85,178,1,0,0,-4.621768,0.009739599
207,60,179,1,0,0,-9.171665,0.00010393248
208,85,180,1,0,0,-8.666512,0.00017222931
213,59,185,1,0,0,-12.023046,6.004199e-06
214,9,186,1,0,0,-1.5265684,0.17849632
215,9,187,1,0,0,-0.20719418,0.44838598
216,273,25,1,0,0,-4.284897,0.013587869
218,272,98,1,0,0,-4.5621777,0.010331448
221,267,191,1,0,0,-3.342491,0.03414192
222,274,192,1,0,0,-5.863005,0.0028346302
226,7,160,1,0,0,-10.879546,1.8839308e-05
227,220,193,1,0,0,-2.98688,0.04802212
228,167,24,1,0,0,-7.006015,0.00090559275
240,220,205,1,0,0,-1.0763148,0.25420403
241,220,206,1,0,0,-2.389373,0.083986655
244,17,209,1,0,0,-3.7018967,0.024082405
247,120,5,1,0,0,-5.5499325,0.003872664
250,121,214,1,0,0,-4.326162,0.013045742
251,119,215,1,0,0,-2.2298365,0.09710298
253,122,217,1,0,0,-3.8860126,0.02011415
254,16,218,1,0,0,-2.9881773,0.04796285
255,16,219,1,0,0,-3.74543,0.023080187
256,277,220,1,0,0,-2.8341393,0.05550699
260,207,120,1,0,0,-4.9154673,0.0072789197
261,207,225,1,0,0,-7.9973354,0.0003362446
262,206,226,1,0,0,-7.178629,0.0007621316
263,206,227,1,0,0,-3.5542173,0.027808331
271,67,124,1,0,0,-5.26958,0.0051194285
272,67,177,1,0,0,-7.9049735,0.00036876817
273,67,233,1,0,0,-5.485587,0.004128981
274,67,234,1,0,0,-11.59185,9.241008e-06
275,67,136,1,0,0,-3.3536947,0.033774387
276,68,235,1,0,0,-6.287548,0.0018558627
277,67,236,1,0,0,-7.392112,0.0006157142
283,93,241,1,0,0,-1.2356603,0.22519228
284,129,242,1,0,0,-3.8098826,0.021670755
290,265,246,1,0,0,-6.047454,0.0023582983
291,265,247,1,0,0,-7.691514,0.00045647775
292,265,248,1,0,0,-8.185029,0.00027871862
296,142,60,1,0,0,-9.2929535,9.2062255e-05
305,154,60,1,0,0,-5.8497524,0.002872338
307,201,259,1,0,0,-11.136183,1.457508e-05
324,151,273,1,0,0,-1.2351382,0.22528338
325,152,60,1,0,0,-10.679193,2.3018425e-05
326,151,274,1,0,0,-5.8894625,0.0027608213
327,151,275,1,0,0,-4.437601,0.01168609
328,151,276,1,0,0,-1.2880569,0.21618189
333,204,17,1,0,0,-2.5167983,0.07468892
341,264,287,1,0,0,-3.1259181,0.042050727
355,204,301,1,0,0,-5.2603235,0.00516679
356,204,302,1,0,0,-3.9160283,0.019530997
357,204,303,1,0,0,-3.988288,0.018194249
358,204,304,1,0,0,-3.5681472,0.027434204
359,204,305,1,0,0,-3.4017968,0.032239355
360,204,306,1,0,0,-4.412148,0.011983745
361,204,307,1,0,0,-5.708619,0.0033062825
362,204,308,1,0,0,-4.6311235,0.00964978
363,204,309,1,0,0,-2.6247869,0.067560114
367,264,313,1,0,0,-2.3348606,0.088276684
368,264,314,1,0,0,-1.9904435,0.120209955
382,5,259,1,0,0,-5.024399,0.0065325834
384,247,326,1,0,0,-5.985118,0.002509603
385,149,327,1,0,0,-4.1471395,0.0155635215
386,149,328,1,0,0,-3.6676784,0.024899852
387,149,329,1,0,0,-4.1016192,0.016276551
390,73,331,1,0,0,-1.1673276,0.23733836
392,73,125,1,0,0,-0.83753115,0.302055
393,73,332,1,0,0,-2.1626744,0.103152774
394,160,333,1,0,0,-2.5638392,0.07150224
395,130,134,1,0,0,-11.696169,8.325585e-06
396,135,134,1,0,0,-12.451913,3.9102206e-06
397,163,329,1,0,0,-4.0648494,0.016875891
398,163,334,1,0,0,-2.1807182,0.101495415
399,163,335,1,0,0,-3.1041377,0.042936902
400,279,336,1,0,0,-4.8085384,0.008093734
401,279,337,1,0,0,-2.9912698,0.047821835
402,279,338,1,0,0,-2.9815812,0.048264943
403,279,339,1,0,0,-6.8090763,0.0011024951
404,279,340,1,0,0,-2.1584623,0.103543095
405,279,341,1,0,0,-9.95149,4.765428e-05
406,163,342,1,0,0,-4.0318904,0.017431512
407,163,343,1,0,0,-5.354588,0.0047041825
408,163,344,1,0,0,-5.1063223,0.0060218405
409,163,345,1,0,0,-6.2323933,0.0019608915
410,163,346,1,0,0,-1.9295115,0.12680465
411,163,347,1,0,0,-2.2601836,0.094474666
414,163,350,1,0,0,-7.536481,0.0005329867
415,279,351,1,0,0,-3.071777,0.04428655
416,278,352,1,0,0,-2.3575053,0.08647106
417,163,353,1,0,0,-4.456215,0.011473052
418,163,354,1,0,0,-5.6284537,0.003581257
420,163,356,1,0,0,-3.1249385,0.042090207
421,163,328,1,0,0,-3.3958998,0.032423854
422,163,357,1,0,0,-3.1703253,0.040297832
423,164,358,1,0,0,-1.9075525,0.12925607
424,162,359,1,0,0,-2.8294342,0.05575418
425,280,360,1,0,0,-4.441382,0.011642504
426,163,361,1,0,0,-6.040079,0.002375713
427,163,362,1,0,0,-5.94775,0.0026049067
428,163,363,1,0,0,-4.311485,0.013236075
429,163,364,1,0,0,-4.6712976,0.009273317
430,163,365,1,0,0,-4.4146338,0.0119543495
431,163,366,1,0,0,-2.315468,0.08984998
432,163,367,1,0,0,-5.6573687,0.0034795431
433,163,368,1,0,0,-3.4827862,0.029806005
435,279,370,1,0,0,-2.1670938,0.10274465
437,162,374,1,0,0,-3.1584926,0.04075795
438,163,375,1,0,0,-3.7026646,0.024064362
439,163,376,1,0,0,-1.7999277,0.14185986
440,163,377,1,0,0,-3.045527,0.04541098
441,163,327,1,0,0,-3.6042068,0.026488299
442,161,380,1,0,0,-6.3068957,0.0018203659
446,12,381,1,0,0,-9.117985,0.00010966345
451,105,386,1,0,0,-3.7998483,0.021884518
457,144,390,1,0,0,0.7386455,0.6766996
458,144,391,1,0,0,-2.8527405,0.05453983
460,208,392,1,0,0,-8.0171175,0.0003296605
461,34,326,1,0,0,-5.654146,0.0034907348
462,23,24,1,0,0,-4.4469843,0.011578214
463,256,393,1,0,0,-4.0607514,0.016944014
464,166,394,1,0,0,-2.238341,0.09635989
465,172,395,1,0,0,-5.7856274,0.0030619784
466,172,75,1,0,0,-8.889175,0.0001378543
467,172,259,1,0,0,-5.922758,0.002670653
468,171,396,1,0,0,-7.7313166,0.00043867342
469,134,24,1,0,0,-4.8259296,0.007955302
470,196,153,1,0,0,-11.997004,6.162613e-06
471,234,327,1,0,0,-3.822335,0.021408316
489,2,120,1,0,0,-5.785521,0.003062303
490,96,80,1,0,0,-6.39982,0.0016590995
491,145,24,1,0,0,-3.8496857,0.020842759
492,243,259,1,0,0,-6.116441,0.0022014377
494,147,412,1,0,0,-0.035025924,0.4912444
495,281,413,1,0,0,-2.3549495,0.08667316
496,156,414,1,0,0,-2.5504599,0.0723956
497,156,415,1,0,0,-2.8761058,0.053347457
498,109,416,1,0,0,-0.9528168,0.2783187
499,109,417,1,0,0,-1.091216,0.25138938
500,180,418,1,0,0,-1.3902109,0.1993741
502,21,421,1,0,0,-3.5109477,0.029002335
505,183,425,1,0,0,-1.7159622,0.152392
507,210,426,1,0,0,-3.2727752,0.03651706
508,214,427,1,0,0,-4.0145936,0.017730253
509,228,428,1,0,0,-4.5813713,0.010137032
510,229,430,1,0,0,-1.7287083,0.15075289
512,141,432,1,0,0,-4.206729,0.014676406
513,217,433,1,0,0,-5.0216703,0.0065503144
514,32,434,1,0,0,-5.1221557,0.0059278063
515,113,435,1,0,0,-6.1988373,0.0020276718
1000,1,0,0,0,0,-2.5852218,0.0700956
1001,5,0,0,0,0,-3.5222936,0.028684525
1002,42,0,0,0,0,-2.494622,0.07623606
1003,51,0,0,0,0,-2.445924,0.07973713
1004,53,0,0,0,0,-2.336837,0.08811773
1005,57,0,0,0,0,-2.4785304,0.07737705
1006,61,0,0,0,0,-2.3769426,0.08494792
1007,109,0,0,0,0,-2.8451989,0.054930024
1008,116,0,0,0,0,-1.6405225,0.16239399
1009,124,0,0,0,0,-3.5445778,0.028070124
1010,150,0,0,0,0,-2.76479,0.059256777
1011,163,0,0,0,0,-1.6420639,0.16218443
1012,166,0,0,0,0,-3.1464143,0.0412328
1013,220,0,0,0,0,-3.2135496,0.038659
1014,231,0,0,0,0,-2.5923486,0.06963248
1015,236,0,0,0,0,-2.0960822,0.10947819
1016,262,0,0,0,0,-1.7688155,0.1456897
1017,268,0,0,0,0,-3.0787024,0.043994356
1018,274,0,0,0,0,-2.7228792,0.06163673
1019,13,1,0,0,0,-2.6863842,0.06378159
1020,41,1,0,0,0,-3.5896,0.026867572
1021,47,1,0,0,0,-3.5504742,0.027909707
1022,48,1,0,0,0,-4.778677,0.008337024
1023,61,1,0,0,0,-4.7607765,0.008486327
1024,74,1,0,0,0,-3.8408523,0.021023799
1025,132,1,0,0,0,-4.549037,0.010466675
1026,151,1,0,0,0,-3.2138605,0.038647447
1027,153,1,0,0,0,-6.37093,0.0017076463
1028,162,1,0,0,0,-3.7514477,0.022944894
1029,178,1,0,0,0,-3.5051084,0.029167231
1030,182,1,0,0,0,-4.925239,0.007208648
1031,186,1,0,0,0,-4.3856487,0.012301592
1032,190,1,0,0,0,-4.163483,0.015315089
1033,192,1,0,0,0,-5.0268707,0.0065165604
1034,196,1,0,0,0,-4.9912415,0.0067513306
1035,208,1,0,0,0,-3.3435895,0.03410571
1036,209,1,0,0,0,-3.8052113,0.021770013
1037,222,1,0,0,0,-3.8875327,0.02008421
1038,224,1,0,0,0,-5.3527203,0.0047129355
1039,243,1,0,0,0,-4.828622,0.007934082
1040,246,1,0,0,0,-5.7892227,0.0030510228
1041,263,1,0,0,0,-5.173234,0.0056342897
1042,267,1,0,0,0,-5.1446714,0.005796593
1043,272,1,0,0,0,-5.5453453,0.0038904
1044,275,1,0,0,0,-5.200652,0.005482742
1045,281,1,0,0,0,-6.3847504,0.0016842481
1046,288,1,0,0,0,-5.874765,0.0028015836
1047,12,2,0,0,0,-4.225312,0.014410082
1048,16,2,0,0,0,-4.819037,0.008009884
1049,25,2,0,0,0,-4.6098337,0.009855378
1050,66,2,0,0,0,-3.4608269,0.030447613
1051,115,2,0,0,0,-4.8684945,0.0076263184
1052,135,2,0,0,0,-4.636219,0.009601206
1053,220,2,0,0,0,-4.1752815,0.015138177
1054,235,2,0,0,0,-4.5634294,0.010318657
1055,254,2,0,0,0,-6.3516684,0.0017407998
1056,273,2,0,0,0,-4.59323,0.010018729
1057,276,2,0,0,0,-6.6131663,0.0013407742
1058,52,4,0,0,0,-2.6033359,0.06892404
1059,62,4,0,0,0,-2.383627,0.08442978
1060,72,4,0,0,0,-3.3477106,0.033970214
1061,118,4,0,0,0,-4.54914,0.010465609
1062,225,4,0,0,0,-3.9801674,0.018339876
1063,241,4,0,0,0,-3.4549494,0.030621601
1064,248,4,0,0,0,-4.357833,0.012644187
1065,255,4,0,0,0,-5.001227,0.0066846996
1066,278,4,0,0,0,-5.12657,0.0059018494
1067,4,5,0,0,0,-4.5202026,0.010769571
1068,16,5,0,0,0,-6.314883,0.0018059098
1069,76,5,0,0,0,-2.6411679,0.066535465
1070,103,5,0,0,0,-4.535068,0.010612347
1071,104,5,0,0,0,-5.4133015,0.0044371258
1072,131,5,0,0,0,-5.183889,0.005574908
1073,140,5,0,0,0,-2.9273334,0.0508188
1074,153,5,0,0,0,-4.117417,0.01602553
1075,160,5,0,0,0,-4.300772,0.013376723
1076,187,5,0,0,0,-4.2989526,0.013400759
1077,209,5,0,0,0,-3.2622867,0.036887884
1078,227,5,0,0,0,-7.625546,0.00048759097
1079,242,5,0,0,0,-3.8351796,0.021140872
1080,249,5,0,0,0,-4.011258,0.017788436
1081,255,5,0,0,0,-3.2717562,0.036552932
1082,260,5,0,0,0,-3.7062244,0.0239809
1083,267,5,0,0,0,-7.3965626,0.00061298156
1084,279,5,0,0,0,-3.086504,0.0436674
1085,291,5,0,0,0,-5.8635454,0.0028331035
1086,17,7,0,0,0,-6.3881445,0.0016785508
1087,135,7,0,0,0,-6.753438,0.0011655011
1088,150,7,0,0,0,-5.8431582,0.0028912865
1089,164,7,0,0,0,-5.415798,0.00442611
1090,227,7,0,0,0,-7.5630193,0.0005190354
1091,245,7,0,0,0,-5.1485305,0.005774396
1092,257,7,0,0,0,-8.985212,0.00012523262
1093,264,7,0,0,0,-7.2676415,0.00069726916
1094,272,7,0,0,0,-6.918357,0.0009884763
1095,50,8,0,0,0,-5.251445,0.0052126283
1096,93,8,0,0,0,-6.2759056,0.0018775549
1097,134,8,0,0,0,-5.8281574,0.0029348568
1098,158,8,0,0,0,-5.6579943,0.0034773746
1099,221,8,0,0,0,-5.603855,0.003670116
1100,229,8,0,0,0,-6.2054043,0.0020144265
1101,236,8,0,0,0,-4.5587854,0.01036619
1102,241,8,0,0,0,-4.9003487,0.007388984
1103,254,8,0,0,0,-5.4200964,0.0044072103
1104,274,8,0,0,0,-5.332383,0.0048092986
1105,32,9,0,0,0,-4.2540135,0.014008084
1106,49,9,0,0,0,-7.67766,0.00046284287
1107,74,9,0,0,0,-3.1225257,0.042187598
1108,100,9,0,0,0,-4.7790585,0.008333871
1109,138,9,0,0,0,-4.6925564,0.009080029
1110,191,9,0,0,0,-5.5601263,0.0038335377
1111,213,9,0,0,0,-8.3233385,0.00024272504
1112,235,9,0,0,0,-3.706368,0.023977542
1113,265,9,0,0,0,-4.0664763,0.016848918
1114,0,10,0,0,0,-7.22648,0.0007265474
1115,7,10,0,0,0,-7.2752333,0.0006919994
1116,42,10,0,0,0,-6.9156213,0.0009911815
1117,47,10,0,0,0,-7.022391,0.00089089666
1118,61,10,0,0,0,-6.6092873,0.0013459784
1119,102,10,0,0,0,-6.2119937,0.0020012227
1120,127,10,0,0,0,-7.146531,0.0007869716
1121,217,10,0,0,0,-8.643093,0.00017630952
1122,236,10,0,0,0,-5.705552,0.0033164048
1123,290,10,0,0,0,-7.432109,0.0005915877
1133,7,12,0,0,0,-3.681749,0.02456049
1134,13,12,0,0,0,-3.5895104,0.026869917
1135,27,12,0,0,0,-3.5951583,0.02672263
1136,38,12,0,0,0,-4.338899,0.012882756
1137,44,12,0,0,0,-3.0925505,0.043415587
1138,55,12,0,0,0,-5.702937,0.0033250595
1139,63,12,0,0,0,-2.6335387,0.06701087
1140,68,12,0,0,0,-3.421103,0.031642415
1141,70,12,0,0,0,-4.1386147,0.015694674
1142,77,12,0,0,0,-1.1859457,0.23398481
1143,79,12,0,0,0,-4.3568974,0.012655872
1144,82,12,0,0,0,-3.6903942,0.024354227
1145,88,12,0,0,0,-1.6015279,0.16776818
1146,102,12,0,0,0,-3.907904,0.019687183
1147,107,12,0,0,0,-1.542938,0.17610858
1148,117,12,0,0,0,-2.993517,0.047719616
1149,153,12,0,0,0,-1.3253214,0.20993431
1150,160,12,0,0,0,-2.0580459,0.11324191
1151,161,12,0,0,0,-2.9548826,0.04950625
1152,171,12,0,0,0,-5.022039,0.006547916
1153,172,12,0,0,0,-4.163431,0.015315873
1154,182,12,0,0,0,-3.3653712,0.033395406
1155,185,12,0,0,0,-4.0106964,0.017798252
1156,197,12,0,0,0,-2.0103426,0.11812129
1157,205,12,0,0,0,-6.001773,0.0024682542
1158,216,12,0,0,0,-2.4619253,0.07857084
1159,220,12,0,0,0,-3.4638467,0.030358594
1160,230,12,0,0,0,-1.69296,0.15538697
1161,240,12,0,0,0,-4.1294436,0.015836984
1162,249,12,0,0,0,-2.1161468,0.107537314
1163,254,12,0,0,0,-1.5121412,0.18062168
1164,255,12,0,0,0,-1.1520426,0.2401162
1165,267,12,0,0,0,-2.5250225,0.07412252
1166,272,12,0,0,0,-3.3821306,0.032858618
1167,273,12,0,0,0,-3.6581483,0.025132291
1168,275,12,0,0,0,-3.6263995,0.025921997
1169,280,12,0,0,0,-1.5907779,0.16927448
1170,17,13,0,0,0,-14.681051,4.2082377e-07
1171,35,13,0,0,0,-14.712962,4.0760693e-07
1172,88,13,0,0,0,-15.984781,1.1426091e-07
1173,89,13,0,0,0,-14.7329,3.9956072e-07
1174,101,13,0,0,0,-14.04101,7.9811696e-07
1175,120,13,0,0,0,-14.118374,7.386995e-07
1176,174,13,0,0,0,-14.376114,5.708642e-07
1177,208,13,0,0,0,-13.154503,1.9367392e-06
1178,239,13,0,0,0,-15.378044,2.0960431e-07
1179,242,13,0,0,0,-14.974783,3.1371425e-07
1180,291,13,0,0,0,-13.988006,8.415617e-07
1181,10,14,0,0,0,-14.165222,7.0489085e-07
1182,23,14,0,0,0,-8.231746,0.00026600066
1183,24,14,0,0,0,-10.913593,1.8208691e-05
1184,66,14,0,0,0,-11.711905,8.195603e-06
1185,97,14,0,0,0,-12.120624,5.4460006e-06
1186,239,14,0,0,0,-9.816433,5.454484e-05
1187,256,14,0,0,0,-8.174558,0.0002816517
1188,282,14,0,0,0,-9.778369,5.666093e-05
1189,289,14,0,0,0,-8.595974,0.00018481434
1190,40,15,0,0,0,-7.3874283,0.00061860285
1191,70,15,0,0,0,-8.250493,0.0002610616
1192,82,15,0,0,0,-8.503993,0.00020261647
1193,89,15,0,0,0,-8.231855,0.0002659715
1194,96,15,0,0,0,-7.3595266,0.00063609483
1195,112,15,0,0,0,-8.152362,0.00028797126
1196,136,15,0,0,0,-9.535456,7.2239185e-05
1197,141,15,0,0,0,-9.98437,4.6112968e-05
1198,149,15,0,0,0,-11.700882,8.286439e-06
1199,158,15,0,0,0,-11.44466,1.0706378e-05
1200,179,15,0,0,0,-9.508078,7.4244126e-05
1201,200,15,0,0,0,-8.973123,0.00012675565
1202,204,15,0,0,0,-9.154718,0.00010570862
1203,217,15,0,0,0,-9.936661,4.8366208e-05
1204,224,15,0,0,0,-9.145751,0.000106660715
1205,246,15,0,0,0,-10.4802685,2.8084392e-05
1206,265,15,0,0,0,-8.014254,0.00033060566
1207,276,15,0,0,0,-9.147447,0.00010648003
1208,284,15,0,0,0,-8.850445,0.00014329744
1209,2,17,0,0,0,-2.7793365,0.058451064
1210,47,17,0,0,0,-2.534824,0.07345267
1211,48,17,0,0,0,-3.5171082,0.028829351
1212,61,17,0,0,0,-2.711052,0.06232435
1213,90,17,0,0,0,-2.167359,0.102720186
1214,110,17,0,0,0,-2.8285053,0.0558031
1215,119,17,0,0,0,-2.7022085,0.06284316
1216,142,17,0,0,0,-2.7873645,0.058010805
1217,168,17,0,0,0,-3.0798774,0.043944966
1218,171,17,0,0,0,-2.6232903,0.06765445
1219,212,17,0,0,0,-2.8572953,0.054305438
1220,233,17,0,0,0,-2.6333132,0.06702497
1221,240,17,0,0,0,-2.8377433,0.05531835
1222,248,17,0,0,0,-2.5368633,0.07331399
1223,256,17,0,0,0,-2.9517493,0.0496539
1224,277,17,0,0,0,-2.1596808,0.10343004
1225,280,17,0,0,0,-2.105745,0.108539686
1226,281,17,0,0,0,-2.3973556,0.08337457
1227,291,17,0,0,0,-2.7955115,0.05756721
1228,13,18,0,0,0,-11.030487,1.6199936e-05
1229,56,18,0,0,0,-11.507427,1.0055033e-05
1230,80,18,0,0,0,-12.14209,5.330342e-06
1232,110,18,0,0,0,-13.609441,1.2288374e-06
1233,111,18,0,0,0,-13.075195,2.096592e-06
1234,145,18,0,0,0,-12.827038,2.6871203e-06
1236,286,18,0,0,0,-11.613316,9.044763e-06
1237,50,19,0,0,0,-14.9177685,3.3212024e-07
1238,52,19,0,0,0,-13.966774,8.5962046e-07
1239,55,19,0,0,0,-16.48,6.963492e-08
1240,68,19,0,0,0,-15.4887085,1.87646e-07
1241,88,19,0,0,0,-18.63843,8.043274e-09
1242,138,19,0,0,0,-15.349512,2.1567088e-07
1243,140,19,0,0,0,-19.102348,5.0577285e-09
1244,153,19,0,0,0,-19.022356,5.4789298e-09
1245,229,19,0,0,0,-16.58216,6.2872246e-08
1246,30,20,0,0,0,-4.609523,0.009858413
1247,32,20,0,0,0,-5.3563995,0.0046957084
1248,54,20,0,0,0,-5.173445,0.0056331065
1249,94,20,0,0,0,-4.532694,0.010637305
1250,143,20,0,0,0,-4.9287577,0.0071835103
1251,151,20,0,0,0,-4.0361605,0.017358527
1252,162,20,0,0,0,-5.285135,0.005040811
1253,184,20,0,0,0,-4.765615,0.008445711
1254,270,20,0,0,0,-6.3740597,0.0017023197
1255,7,21,0,0,0,-2.1155462,0.10759497
1256,29,21,0,0,0,-1.8574972,0.13499504
1257,32,21,0,0,0,-4.751354,0.008565977
1258,82,21,0,0,0,-0.58256274,0.35834312
1259,133,21,0,0,0,-1.6681027,0.1586773
1260,135,21,0,0,0,-5.1891108,0.005546034
1261,164,21,0,0,0,-3.5968046,0.026679846
1262,214,21,0,0,0,-2.4359674,0.0804708
1263,216,21,0,0,0,-2.1829386,0.10129311
1264,11,22,0,0,0,-4.051263,0.017102791
1265,48,22,0,0,0,-6.051244,0.0023493986
1266,49,22,0,0,0,-7.670455,0.00046618812
1267,62,22,0,0,0,-3.8622,0.020588888
1268,121,22,0,0,0,-3.1297843,0.041895263
1269,161,22,0,0,0,-7.559224,0.0005210079
1270,164,22,0,0,0,-7.1915236,0.0007523746
1271,182,22,0,0,0,-4.6379647,0.00958462
1272,241,22,0,0,0,-3.7401922,0.023198582
1273,12,23,0,0,0,-6.896769,0.0010100256
1274,19,23,0,0,0,-8.020236,0.0003286344
1275,29,23,0,0,0,-5.3636093,0.0046621324
1276,62,23,0,0,0,-3.5191557,0.028772078
1277,113,23,0,0,0,-6.7276926,0.0011958606
1278,132,23,0,0,0,-6.183372,0.002059209
1279,148,23,0,0,0,-9.491322,7.549855e-05
1280,152,23,0,0,0,-3.1921842,0.039460905
1281,153,23,0,0,0,-3.683735,0.02451296
1282,165,23,0,0,0,-7.723655,0.00044204565
1283,173,23,0,0,0,-4.7077403,0.008944424
1284,186,23,0,0,0,-8.837902,0.00014510583
1285,195,23,0,0,0,-6.908309,0.0009984486
1286,204,23,0,0,0,-4.9566073,0.006987591
1287,211,23,0,0,0,-6.518331,0.0014739549
1288,225,23,0,0,0,-5.034827,0.0064652506
1289,230,23,0,0,0,-6.940215,0.0009671251
1290,245,23,0,0,0,-5.8392105,0.0029026899
1291,267,23,0,0,0,-5.211691,0.0054228785
1292,2,24,0,0,0,-4.482396,0.011179887
1293,4,24,0,0,0,-7.6786237,0.00046239726
1294,5,24,0,0,0,-3.602059,0.026543742
1295,7,24,0,0,0,-4.7039843,0.00897778
1296,9,24,0,0,0,-3.4409955,0.031038532
1297,10,24,0,0,0,-7.010747,0.00090132136
1298,15,24,0,0,0,-3.4517436,0.030716904
1299,20,24,0,0,0,-7.1520243,0.0007826639
1300,24,24,0,0,0,-3.6941755,0.02426454
1301,30,24,0,0,0,-6.020158,0.0024233991
1302,34,24,0,0,0,-4.3852773,0.012306106
1303,37,24,0,0,0,-3.4300542,0.031369288
1304,39,24,0,0,0,-4.222928,0.014443983
1305,47,24,0,0,0,-3.3832898,0.0328218
1306,48,24,0,0,0,-6.715769,0.0012101878
1307,58,24,0,0,0,-8.191661,0.00027687685
1308,59,24,0,0,0,-8.013293,0.00033092318
1309,60,24,0,0,0,-7.732043,0.0004383551
1310,62,24,0,0,0,-5.1586947,0.0057163346
1311,63,24,0,0,0,-5.902198,0.0027259793
1312,64,24,0,0,0,-7.2929,0.0006798895
1313,66,24,0,0,0,-4.02023,0.01763236
1314,67,24,0,0,0,-7.651806,0.00047495952
1315,69,24,0,0,0,-4.9082456,0.0073312894
1316,72,24,0,0,0,-4.671361,0.009272735
1317,82,24,0,0,0,-3.810312,0.021661652
1318,83,24,0,0,0,-4.1151123,0.016061911
1319,85,24,0,0,0,-4.0020027,0.01795087
1320,89,24,0,0,0,-7.7635374,0.0004247702
1321,93,24,0,0,0,-6.649742,0.0012926826
1322,99,24,0,0,0,-6.9279613,0.0009790373
1323,101,24,0,0,0,-4.547187,0.010485855
1324,104,24,0,0,0,-6.203579,0.0020180994
1325,109,24,0,0,0,-6.3617516,0.0017233652
1326,110,24,0,0,0,-7.3684797,0.0006304288
1327,125,24,0,0,0,-4.591627,0.0100346375
1328,136,24,0,0,0,-7.244817,0.0007133557
1329,138,24,0,0,0,-4.733096,0.008722435
1330,143,24,0,0,0,-4.118806,0.016003642
1331,147,24,0,0,0,-7.2786694,0.0006896273
1332,148,24,0,0,0,-5.5865173,0.003734063
1333,157,24,0,0,0,-6.8623834,0.0010453231
1334,158,24,0,0,0,-4.602083,0.009931297
1335,160,24,0,0,0,-4.730282,0.008746802
1336,166,24,0,0,0,-5.5912113,0.0037166413
1337,169,24,0,0,0,-7.8179636,0.0004022785
1338,171,24,0,0,0,-4.428359,0.0117933145
1339,174,24,0,0,0,-5.305722,0.0049386015
1340,176,24,0,0,0,-9.785128,5.6279292e-05
1341,178,24,0,0,0,-6.450136,0.0015778135
1342,184,24,0,0,0,-4.3388977,0.012882775
1343,190,24,0,0,0,-4.671238,0.009273864
1344,192,24,0,0,0,-4.6085844,0.009867577
1345,199,24,0,0,0,-6.3665648,0.0017151044
1346,203,24,0,0,0,-7.252198,0.0007081132
1347,208,24,0,0,0,-3.9484549,0.01891962
1348,211,24,0,0,0,-7.005027,0.0009064871
1349,220,24,0,0,0,-6.2949333,0.0018422323
1350,221,24,0,0,0,-3.6984468,0.024163619
1351,225,24,0,0,0,-7.309871,0.0006684561
1352,226,24,0,0,0,-5.5963182,0.003697779
1353,229,24,0,0,0,-8.361489,0.00023364143
1354,232,24,0,0,0,-9.665741,6.341536e-05
1355,235,24,0,0,0,-7.3969,0.00061277475
1356,241,24,0,0,0,-4.3900733,0.012247948
1357,253,24,0,0,0,-7.259196,0.00070317887
1358,257,24,0,0,0,-5.416617,0.004422504
1359,264,24,0,0,0,-7.704686,0.00045050707
1360,266,24,0,0,0,-4.494217,0.011049961
1361,271,24,0,0,0,-3.4443877,0.030936673
1362,275,24,0,0,0,-5.787615,0.0030559176
1363,278,24,0,0,0,-6.6968107,0.0012333209
1364,285,24,0,0,0,-4.757064,0.008517623
1365,286,24,0,0,0,-7.5746527,0.00051303534
1366,291,24,0,0,0,-6.2229085,0.0019795415
1367,2,25,0,0,0,-6.584673,0.0013794735
1368,9,25,0,0,0,-4.268823,0.013805002
1369,19,25,0,0,0,-3.347177,0.033987727
1370,29,25,0,0,0,-2.66394,0.06513501
1371,43,25,0,0,0,-6.1391,0.0021522217
1372,51,25,0,0,0,-3.5188618,0.028780295
1373,70,25,0,0,0,-5.310501,0.0049151727
1374,77,25,0,0,0,-2.084944,0.11056882
1375,78,25,0,0,0,-4.8514347,0.00775652
1376,81,25,0,0,0,-3.7536983,0.02289449
1377,88,25,0,0,0,-2.2395942,0.09625083
1378,97,25,0,0,0,-3.824152,0.021370284
1379,103,25,0,0,0,-3.316014,0.03502588
1380,114,25,0,0,0,-3.9238453,0.019381866
1381,120,25,0,0,0,-3.9541295,0.018814579
1382,125,25,0,0,0,-4.0078306,0.01784842
1383,138,25,0,0,0,-3.4975595,0.029381748
1384,144,25,0,0,0,-5.5311837,0.0039456673
1385,156,25,0,0,0,-2.636434,0.06683008
1386,162,25,0,0,0,-3.7906787,0.02208166
1387,180,25,0,0,0,-2.02285,0.11682461
1388,186,25,0,0,0,-5.5727034,0.0037858065
1389,188,25,0,0,0,-5.428402,0.004370917
1390,189,25,0,0,0,-6.3286314,0.0017812956
1391,195,25,0,0,0,-4.884491,0.0075062034
1392,196,25,0,0,0,-3.8893175,0.020049114
1393,210,25,0,0,0,-3.2182548,0.03848451
1394,215,25,0,0,0,-3.659535,0.025098339
1395,216,25,0,0,0,-3.766369,0.022612749
1396,244,25,0,0,0,-2.194879,0.10021129
1397,245,25,0,0,0,-3.6537492,0.025240296
1398,251,25,0,0,0,-3.5228817,0.028668141
1399,253,25,0,0,0,-1.8333802,0.13783608
1400,259,25,0,0,0,-5.5163045,0.0040045776
1401,274,25,0,0,0,-4.1169996,0.01603211
1402,281,25,0,0,0,-2.701697,0.06287329
1403,287,25,0,0,0,-5.0044026,0.0066636456
1404,22,26,0,0,0,-11.844617,7.177036e-06
1405,81,26,0,0,0,-11.109127,1.4974797e-05
1406,113,26,0,0,0,-12.254639,4.7629496e-06
1407,160,26,0,0,0,-12.756815,2.8826003e-06
1408,197,26,0,0,0,-13.710075,1.1111929e-06
1409,205,26,0,0,0,-11.142247,1.4486959e-05
1410,271,26,0,0,0,-12.816226,2.7163303e-06
1411,275,26,0,0,0,-13.5034275,1.3662662e-06
1412,286,26,0,0,0,-11.016499,1.6428137e-05
1413,21,27,0,0,0,-21.556887,4.344733e-10
1415,53,27,0,0,0,-20.303644,1.5213858e-09
1416,72,27,0,0,0,-21.502234,4.588795e-10
1418,160,27,0,0,0,-21.857565,3.216475e-10
1420,201,27,0,0,0,-24.139673,3.283017e-11
1422,68,28,0,0,0,-5.031926,0.0064839125
1423,83,28,0,0,0,-5.679969,0.0034020513
1424,98,28,0,0,0,-7.7790794,0.0004182222
1425,148,28,0,0,0,-7.7257767,0.0004411093
1426,151,28,0,0,0,-3.420948,0.031647164
1427,153,28,0,0,0,-8.055577,0.00031722648
1428,185,28,0,0,0,-5.849034,0.002874397
1429,201,28,0,0,0,-5.6156073,0.0036273925
1430,288,28,0,0,0,-8.4418125,0.00021561241
1431,1,39,0,0,0,-3.3309016,0.03452616
1432,4,39,0,0,0,-1.5963705,0.1684895
1433,14,39,0,0,0,-2.7502859,0.060070507
1434,15,39,0,0,0,-2.4333472,0.080664895
1435,60,39,0,0,0,-1.8600729,0.13469456
1436,75,39,0,0,0,-2.427283,0.081115745
1437,84,39,0,0,0,-4.0209384,0.01762009
1438,88,39,0,0,0,-1.9936619,0.11986999
1439,92,39,0,0,0,-2.6476479,0.06613413
1440,98,39,0,0,0,-1.4798615,0.18544833
1441,165,39,0,0,0,-1.6053929,0.16722922
1442,186,39,0,0,0,-3.2101934,0.038783923
1443,195,39,0,0,0,-3.461585,0.030425241
1444,222,39,0,0,0,-1.4509966,0.18984823
1445,255,39,0,0,0,-1.3763192,0.2016008
1446,275,39,0,0,0,-2.5019732,0.07571997
1447,276,39,0,0,0,-2.668191,0.06487663
1448,287,39,0,0,0,-2.9646735,0.049047563
1449,288,39,0,0,0,-1.089917,0.2516339
1450,33,40,0,0,0,-2.2254164,0.09749119
1451,55,40,0,0,0,-0.80820376,0.3082734
1452,65,40,0,0,0,-1.4295399,0.19317038
1453,79,40,0,0,0,-1.7504685,0.14798811
1454,112,40,0,0,0,-1.2771938,0.21802828
1455,130,40,0,0,0,-2.2450094,0.09578081
1456,157,40,0,0,0,-1.491905,0.18363598
1457,191,40,0,0,0,-1.9346023,0.12624206
1458,283,40,0,0,0,-1.832356,0.13795784
1459,37,46,0,0,0,-2.9803636,0.048320904
1460,39,46,0,0,0,-2.1759295,0.10193294
1461,44,46,0,0,0,-3.5111518,0.028996589
1462,56,46,0,0,0,-2.040953,0.11496974
1463,62,46,0,0,0,-3.5465012,0.0280177
1464,63,46,0,0,0,-2.9348283,0.050458487
1465,87,46,0,0,0,-2.990446,0.04785936
1466,130,46,0,0,0,-3.5847218,0.026995413
1467,138,46,0,0,0,-2.8431404,0.055036984
1468,158,46,0,0,0,-2.8929172,0.052504808
1469,171,46,0,0,0,-3.0957212,0.043284096
1470,180,46,0,0,0,-2.009634,0.11819512
1471,182,46,0,0,0,-3.2744055,0.036459744
1472,187,46,0,0,0,-2.2521956,0.095160246
1473,199,46,0,0,0,-2.6815548,0.06407058
1474,242,46,0,0,0,-3.0977921,0.043198418
1475,252,46,0,0,0,-2.8739495,0.05345646
1476,258,46,0,0,0,-2.6857839,0.06381745
1477,266,46,0,0,0,-2.9203935,0.0511546
1478,277,46,0,0,0,-3.7378511,0.023251692
1479,45,47,0,0,0,-4.7354517,0.008702092
1480,87,47,0,0,0,-2.0111077,0.11804161
1481,117,47,0,0,0,-4.6619396,0.009359688
1482,138,47,0,0,0,-2.937941,0.050309554
1483,162,47,0,0,0,-3.4365635,0.0311721
1484,169,47,0,0,0,-3.684899,0.024485137
1485,181,47,0,0,0,-3.9350338,0.019170353
1486,227,47,0,0,0,-4.7277894,0.008768438
1487,263,47,0,0,0,-3.2803853,0.036250256
1488,270,47,0,0,0,-4.6205573,0.009751283
1489,66,48,0,0,0,-3.1761236,0.040074185
1490,80,48,0,0,0,-2.7342026,0.06098505
1491,91,48,0,0,0,-3.396317,0.032410767
1492,102,48,0,0,0,-3.125862,0.042052995
1493,110,48,0,0,0,-1.7034569,0.15401432
1494,114,48,0,0,0,-2.3942819,0.083609775
1495,140,48,0,0,0,-2.4732127,0.07775754
1496,163,48,0,0,0,-2.0692222,0.11212444
1497,168,48,0,0,0,-3.0389464,0.045697097
1498,172,48,0,0,0,-2.2905374,0.09190969
1499,181,48,0,0,0,-1.7868242,0.14346252
1500,182,48,0,0,0,-3.3738623,0.033122394
1501,199,48,0,0,0,-2.3478193,0.08723926
1502,211,48,0,0,0,-2.5240114,0.07419194
1503,214,48,0,0,0,-2.6917162,0.06346394
1504,227,48,0,0,0,-2.5485847,0.07252163
1505,233,48,0,0,0,-2.8942502,0.05243853
1506,246,48,0,0,0,-2.281872,0.09263548
1507,263,48,0,0,0,-2.5940933,0.069519535
1508,60,49,0,0,0,-7.5373783,0.0005325089
1509,74,49,0,0,0,-6.3070393,0.0018201051
1510,137,49,0,0,0,-5.224873,0.0053522424
1511,139,49,0,0,0,-5.6967597,0.0033455945
1512,140,49,0,0,0,-4.0407553,0.017280325
1513,166,49,0,0,0,-3.930617,0.019253576
1514,171,49,0,0,0,-8.423927,0.00021950252
1515,233,49,0,0,0,-6.6213923,0.001329805
1516,290,49,0,0,0,-5.3556204,0.0046993513
1517,11,50,0,0,0,-6.0685816,0.0023091093
1518,49,50,0,0,0,-5.658611,0.0034752388
1519,64,50,0,0,0,-4.2379665,0.01423146
1520,74,50,0,0,0,-3.9754553,0.018424904
1521,109,50,0,0,0,-5.9355397,0.0026368243
1522,121,50,0,0,0,-7.2177806,0.00073289085
1523,140,50,0,0,0,-3.7729142,0.022468545
1524,153,50,0,0,0,-4.5603805,0.01034984
1525,171,50,0,0,0,-6.253569,0.0019198833
1526,172,50,0,0,0,-6.023976,0.0024141865
1527,175,50,0,0,0,-5.699101,0.0033377968
1528,184,50,0,0,0,-6.227517,0.0019704576
1529,208,50,0,0,0,-5.6718946,0.0034295372
1530,209,50,0,0,0,-5.3233585,0.0048526856
1531,213,50,0,0,0,-6.438918,0.0015955848
1532,222,50,0,0,0,-6.778962,0.0011361624
1533,242,50,0,0,0,-8.427029,0.00021882297
1534,263,50,0,0,0,-6.516629,0.0014764618
1535,275,50,0,0,0,-6.841405,0.0010674604
1536,291,50,0,0,0,-8.07723,0.00031043348
1537,5,51,0,0,0,-7.098639,0.00082554657
1538,31,51,0,0,0,-5.643484,0.0035280203
1539,67,51,0,0,0,-3.8976784,0.019885505
1540,89,51,0,0,0,-7.793001,0.00041244252
1541,132,51,0,0,0,-5.953412,0.0025902377
1542,139,51,0,0,0,-6.811021,0.0011003556
1543,172,51,0,0,0,-6.624071,0.0013262521
1544,183,51,0,0,0,-6.6011505,0.0013569599
1545,208,51,0,0,0,-5.9177766,0.002683954
1546,6,52,0,0,0,-3.457823,0.030536413
1547,19,52,0,0,0,-3.4057882,0.032115057
1548,62,52,0,0,0,-2.59332,0.06956958
1549,114,52,0,0,0,-3.918588,0.01948204
1550,174,52,0,0,0,-3.7803252,0.022306345
1551,176,52,0,0,0,-5.574774,0.003778006
1552,216,52,0,0,0,-3.6915395,0.024327027
1553,252,52,0,0,0,-4.0292497,0.0174768
1554,256,52,0,0,0,-3.74978,0.02298231
1555,9,53,0,0,0,-5.1261706,0.005904194
1556,41,53,0,0,0,-3.816859,0.02152334
1557,109,53,0,0,0,-5.059675,0.006307583
1558,140,53,0,0,0,-5.6675158,0.0034445354
1559,144,53,0,0,0,-5.3450913,0.004748856
1560,170,53,0,0,0,-5.550104,0.0038720018
1561,192,53,0,0,0,-4.8066287,0.00810908
1562,242,53,0,0,0,-6.3433685,0.0017552827
1563,274,53,0,0,0,-5.9218993,0.0026729412
1564,282,53,0,0,0,-5.22876,0.005331591
1565,5,54,0,0,0,-3.8717265,0.02039766
1566,48,54,0,0,0,-6.3865004,0.0016813083
1567,79,54,0,0,0,-3.6892292,0.024381923
1568,97,54,0,0,0,-3.2829328,0.03616136
1569,106,54,0,0,0,-3.456134,0.030586453
1570,113,54,0,0,0,-3.5177846,0.02881042
1571,170,54,0,0,0,-3.712088,0.023844039
1572,244,54,0,0,0,-3.0914016,0.043463327
1573,285,54,0,0,0,-4.247656,0.014096168
1574,14,55,0,0,0,-3.7549586,0.022866314
1575,43,55,0,0,0,-2.5460377,0.07269313
1576,55,55,0,0,0,-1.8922462,0.13098857
1577,68,55,0,0,0,-0.7020661,0.3313543
1578,87,55,0,0,0,-1.6300721,0.16382048
1579,140,55,0,0,0,-3.523398,0.02865377
1580,160,55,0,0,0,-1.1470327,0.24103148
1581,216,55,0,0,0,-1.0019515,0.2685579
1582,277,55,0,0,0,-3.865848,0.020515453
1583,22,56,0,0,0,-6.5016904,0.0014986506
1584,94,56,0,0,0,-4.5683823,0.0102682
1585,119,56,0,0,0,-6.2600822,0.0019074433
1586,176,56,0,0,0,-5.778982,0.0030823306
1587,177,56,0,0,0,-5.441662,0.00431359
1588,179,56,0,0,0,-4.4082403,0.0120301
1589,191,56,0,0,0,-5.192234,0.0055288346
1590,217,56,0,0,0,-8.682703,0.00016946359
1591,248,56,0,0,0,-3.5757124,0.027233072
1592,272,56,0,0,0,-5.9192367,0.0026800488
1593,11,58,0,0,0,-9.154947,0.000105684434
1594,18,58,0,0,0,-10.425209,2.9674018e-05
1595,64,58,0,0,0,-12.489206,3.7670811e-06
1596,68,58,0,0,0,-12.531137,3.6123895e-06
1597,130,58,0,0,0,-9.757217,5.7872094e-05
1598,132,58,0,0,0,-10.285318,3.412936e-05
1599,164,58,0,0,0,-12.419403,4.0394293e-06
1600,169,58,0,0,0,-8.967271,0.00012749947
1601,254,58,0,0,0,-10.048182,4.326248e-05
1602,259,58,0,0,0,-9.340258,8.7809094e-05
1603,103,59,0,0,0,-5.1005583,0.00605644
1604,132,59,0,0,0,-5.152612,0.00575101
1605,143,59,0,0,0,-5.4345055,0.004344436
1606,190,59,0,0,0,-5.324827,0.0048455982
1607,191,59,0,0,0,-5.446506,0.004292834
1608,208,59,0,0,0,-5.059849,0.006306495
1609,246,59,0,0,0,-5.100159,0.006058843
1610,255,59,0,0,0,-6.3343296,0.0017711923
1611,273,59,0,0,0,-5.6780157,0.0034086797
1612,7,60,0,0,0,-5.415974,0.004425335
1613,27,60,0,0,0,-5.1839447,0.005574599
1614,32,60,0,0,0,-5.766304,0.0031215348
1615,33,60,0,0,0,-4.533953,0.0106240595
1616,34,60,0,0,0,-4.614719,0.009807821
1617,39,60,0,0,0,-3.3857431,0.03274401
1618,46,60,0,0,0,-4.7009244,0.0090050455
1619,53,60,0,0,0,-4.213504,0.014578756
1620,54,60,0,0,0,-4.361805,0.012594694
1621,61,60,0,0,0,-6.279951,0.0018699889
1622,69,60,0,0,0,-11.026522,1.6264301e-05
1623,83,60,0,0,0,-4.1783357,0.01509271
1624,89,60,0,0,0,-6.8034444,0.0011087148
1625,92,60,0,0,0,-4.373506,0.012450005
1626,93,60,0,0,0,-6.495268,0.0015082922
1627,102,60,0,0,0,-2.4406645,0.080123916
1628,111,60,0,0,0,-3.849746,0.020841528
1629,113,60,0,0,0,-4.6339025,0.009623258
1630,120,60,0,0,0,-4.1787443,0.015086637
1631,127,60,0,0,0,-3.5585775,0.027690696
1632,133,60,0,0,0,-6.4767933,0.0015363729
1633,134,60,0,0,0,-5.4569674,0.0042483495
1634,137,60,0,0,0,-5.329206,0.004824529
1635,139,60,0,0,0,-4.577074,0.010180242
1636,141,60,0,0,0,-7.441608,0.00058599806
1637,147,60,0,0,0,-7.3424444,0.00064704695
1638,158,60,0,0,0,-4.5288095,0.0106782615
1639,161,60,0,0,0,-8.835342,0.00014547768
1640,163,60,0,0,0,-9.436553,7.974849e-05
1641,168,60,0,0,0,-5.8304625,0.0029281194
1642,172,60,0,0,0,-4.867507,0.007633796
1643,179,60,0,0,0,-4.305957,0.013308469
1644,189,60,0,0,0,-4.101004,0.016286405
1645,190,60,0,0,0,-4.408877,0.012022537
1646,191,60,0,0,0,-4.1453686,0.015590679
1647,203,60,0,0,0,-3.259087,0.037001725
1648,205,60,0,0,0,-4.3229423,0.0130872615
1649,209,60,0,0,0,-3.9484797,0.01891916
1650,217,60,0,0,0,-6.1070967,0.0022220586
1651,224,60,0,0,0,-6.070962,0.002303632
1652,229,60,0,0,0,-7.8390074,0.00039390477
1653,231,60,0,0,0,-11.312702,1.2216606e-05
1654,234,60,0,0,0,-8.907338,0.00013537343
1655,249,60,0,0,0,-5.424268,0.004388945
1656,258,60,0,0,0,-10.601508,2.4877841e-05
1657,262,60,0,0,0,-7.6719956,0.00046547077
1658,265,60,0,0,0,-11.098176,1.5139684e-05
1659,266,60,0,0,0,-6.281651,0.0018668186
1660,271,60,0,0,0,-6.793563,0.0011197126
1661,273,60,0,0,0,-9.911419,4.960254e-05
1662,276,60,0,0,0,-6.567216,0.0014037323
1663,278,60,0,0,0,-8.588291,0.00018623944
1664,280,60,0,0,0,-9.466289,7.7412216e-05
1665,281,60,0,0,0,-11.959969,6.3951225e-06
1666,286,60,0,0,0,-9.956564,4.741313e-05
1667,291,60,0,0,0,-5.56388,0.0038192298
1668,17,61,0,0,0,-1.6115956,0.1663672
1669,31,61,0,0,0,-1.955308,0.12397573
1670,67,61,0,0,0,-4.5175,0.010798403
1671,73,61,0,0,0,-4.419884,0.011892492
1672,77,61,0,0,0,-5.4590936,0.0042393645
1673,78,61,0,0,0,-1.1144476,0.24704266
1674,97,61,0,0,0,-2.1788237,0.10166831
1675,145,61,0,0,0,-4.198601,0.014794412
1676,155,61,0,0,0,-1.7848232,0.14370859
1677,3,75,0,0,0,-14.110847,7.442802e-07
1678,14,75,0,0,0,-8.981563,0.00012569047
1679,20,75,0,0,0,-12.048861,5.8511846e-06
1680,27,75,0,0,0,-11.995073,6.1745195e-06
1681,29,75,0,0,0,-10.63924,2.395666e-05
1682,47,75,0,0,0,-7.6692147,0.00046676642
1683,48,75,0,0,0,-11.979271,6.272866e-06
1684,66,75,0,0,0,-13.17247,1.9022522e-06
1685,72,75,0,0,0,-11.756583,7.837497e-06
1686,75,75,0,0,0,-12.395718,4.136247e-06
1687,80,75,0,0,0,-7.0096736,0.0009022885
1688,81,75,0,0,0,-9.166739,0.00010444563
1689,85,75,0,0,0,-8.040829,0.00032193828
1690,88,75,0,0,0,-15.335762,2.1865685e-07
1691,93,75,0,0,0,-10.801553,2.0367437e-05
1692,98,75,0,0,0,-11.673765,8.514213e-06
1693,100,75,0,0,0,-12.647039,3.21706e-06
1694,117,75,0,0,0,-12.743528,2.9211556e-06
1695,136,75,0,0,0,-11.87441,6.9663674e-06
1696,141,75,0,0,0,-13.8111,1.0044192e-06
1697,158,75,0,0,0,-9.133109,0.00010801752
1698,171,75,0,0,0,-8.9338255,0.00013183527
1699,174,75,0,0,0,-10.791191,2.0579571e-05
1700,186,75,0,0,0,-8.835602,0.00014543995
1701,188,75,0,0,0,-8.754776,0.00015768145
1702,192,75,0,0,0,-8.170085,0.0002829139
1703,215,75,0,0,0,-12.601721,3.3662063e-06
1704,218,75,0,0,0,-7.1166945,0.0008107867
1705,245,75,0,0,0,-11.794943,7.5425487e-06
1706,249,75,0,0,0,-11.498653,1.0143641e-05
1707,253,75,0,0,0,-11.565695,9.485898e-06
1708,263,75,0,0,0,-11.6390085,8.815338e-06
1709,271,75,0,0,0,-7.6148424,0.00049283536
1710,274,75,0,0,0,-7.8937826,0.00037291666
1711,277,75,0,0,0,-9.715145,6.03587e-05
1712,290,75,0,0,0,-12.289826,4.5982674e-06
1713,291,75,0,0,0,-10.265503,3.4812372e-05
1714,46,76,0,0,0,-3.384365,0.032787684
1715,87,76,0,0,0,-4.574497,0.010206241
1716,103,76,0,0,0,-3.3333535,0.034444526
1717,110,76,0,0,0,-4.5727158,0.010224253
1718,117,76,0,0,0,-3.9534655,0.01882684
1719,125,76,0,0,0,-3.1526616,0.040986534
1720,221,76,0,0,0,-3.3017187,0.035512276
1721,227,76,0,0,0,-3.578249,0.027165955
1722,263,76,0,0,0,-4.8853917,0.007499496
1723,81,77,0,0,0,-6.2855997,0.0018594753
1724,109,77,0,0,0,-7.1567087,0.00077900896
1725,161,77,0,0,0,-8.147323,0.00028942566
1726,188,77,0,0,0,-7.2171836,0.0007333282
1727,193,77,0,0,0,-6.121341,0.0021906996
1728,208,77,0,0,0,-10.151513,3.901548e-05
1729,221,77,0,0,0,-6.715994,0.0012099157
1730,231,77,0,0,0,-13.588858,1.2543928e-06
1731,243,77,0,0,0,-7.625435,0.00048764513
1732,285,77,0,0,0,-7.081005,0.00084022095
1733,41,78,0,0,0,-2.8911576,0.052592408
1734,47,78,0,0,0,-1.8342056,0.13773802
1735,59,78,0,0,0,-8.469665,0.00020969126
1736,60,78,0,0,0,-4.2422547,0.014171427
1737,81,78,0,0,0,-1.8221955,0.13917063
1738,102,78,0,0,0,-1.2622607,0.22058497
1739,110,78,0,0,0,-8.900927,0.00013624404
1740,184,78,0,0,0,-3.7683277,0.022569502
1741,255,78,0,0,0,-4.5097647,0.010881343
1742,15,79,0,0,0,-3.4708133,0.03015419
1743,74,79,0,0,0,-3.6916351,0.024324758
1744,88,79,0,0,0,-6.764374,0.0011528395
1745,97,79,0,0,0,-2.96845,0.04887172
1746,105,79,0,0,0,-4.096124,0.016364772
1747,139,79,0,0,0,-3.9856935,0.018240653
1748,157,79,0,0,0,-4.2308507,0.014331634
1749,225,79,0,0,0,-3.658817,0.02511591
1750,227,79,0,0,0,-3.148577,0.041147385
1751,291,79,0,0,0,-3.5834217,0.027029583
1752,4,80,0,0,0,-4.287548,0.01355238
1753,24,80,0,0,0,-7.264444,0.0006995008
1754,55,80,0,0,0,-9.643946,6.48126e-05
1755,70,80,0,0,0,-7.1735888,0.0007659796
1756,73,80,0,0,0,-5.0340457,0.006470273
1757,115,80,0,0,0,-5.6315894,0.003570085
1758,143,80,0,0,0,-7.9518895,0.0003518726
1759,151,80,0,0,0,-5.9966707,0.0024808485
1760,171,80,0,0,0,-7.954426,0.00035098157
1761,185,80,0,0,0,-8.017681,0.0003294748
1762,187,80,0,0,0,-7.427064,0.000594578
1763,190,80,0,0,0,-7.8780966,0.00037881013
1764,197,80,0,0,0,-5.2130103,0.005415767
1765,208,80,0,0,0,-9.289925,9.234149e-05
1766,242,80,0,0,0,-3.5460677,0.028029505
1767,244,80,0,0,0,-5.547557,0.003881839
1768,254,80,0,0,0,-4.0594554,0.016965616
1769,259,80,0,0,0,-7.519046,0.0005423558
1770,278,80,0,0,0,-4.805355,0.008119331
1771,41,81,0,0,0,0.6460155,0.656112
1772,51,81,0,0,0,1.5000756,0.81758577
1773,133,81,0,0,0,0.16163862,0.5403219
1774,180,81,0,0,0,-0.81680244,0.30644283
1775,244,81,0,0,0,1.1036856,0.75095004
1776,247,81,0,0,0,-0.43193582,0.39366418
1777,280,81,0,0,0,-0.8741906,0.29438308
1778,282,81,0,0,0,0.25803316,0.5641527
1779,290,81,0,0,0,-0.12884489,0.46783328
1780,20,82,0,0,0,-13.950224,8.7396563e-07
1781,22,82,0,0,0,-12.9825535,2.300105e-06
1782,36,82,0,0,0,-13.732702,1.0863324e-06
1783,42,82,0,0,0,-15.225749,2.4408502e-07
1784,56,82,0,0,0,-13.743722,1.074427e-06
1785,144,82,0,0,0,-13.482597,1.3950242e-06
1786,154,82,0,0,0,-14.349629,5.8618525e-07
1787,239,82,0,0,0,-15.209233,2.4814972e-07
1788,249,82,0,0,0,-14.45681,5.266074e-07
1789,281,82,0,0,0,-15.338194,2.1812575e-07
1790,11,83,0,0,0,-3.194265,0.039382115
1791,13,83,0,0,0,-2.214879,0.09842228
1792,68,83,0,0,0,-2.6904082,0.063541725
1793,78,83,0,0,0,-2.8056035,0.057022125
1794,165,83,0,0,0,-2.908124,0.051753424
1795,200,83,0,0,0,-3.000373,0.04740903
1796,241,83,0,0,0,-2.938221,0.050296184
1797,254,83,0,0,0,-2.5964382,0.069368005
1798,287,83,0,0,0,-3.1673646,0.04041249
1799,9,84,0,0,0,-3.9998834,0.01798827
1800,23,84,0,0,0,-3.6497211,0.025339589
1801,36,84,0,0,0,-5.1651616,0.0056796963
1802,47,84,0,0,0,-4.1875005,0.01495708
1803,53,84,0,0,0,-3.5586743,0.027688088
1804,86,84,0,0,0,-3.670446,0.024832744
1805,132,84,0,0,0,-3.473019,0.030089753
1806,204,84,0,0,0,-3.9279575,0.01930386
1807,284,84,0,0,0,-4.6195173,0.00976133
1808,62,86,0,0,0,-1.4591093,0.1886036
1809,79,86,0,0,0,-4.2286263,0.0143630905
1810,125,86,0,0,0,-3.7936442,0.022017715
1811,160,86,0,0,0,-3.8707397,0.020417389
1812,167,86,0,0,0,-2.8722754,0.053541232
1813,174,86,0,0,0,-4.3132086,0.01321358
1814,211,86,0,0,0,-5.1763835,0.005616672
1815,247,86,0,0,0,-4.225402,0.014408809
1816,249,86,0,0,0,-4.674891,0.009240361
1817,277,86,0,0,0,-2.78051,0.058386512
1818,21,93,0,0,0,-2.4272609,0.0811174
1819,123,93,0,0,0,-2.1112423,0.10800892
1820,125,93,0,0,0,-1.9430625,0.12531179
1821,129,93,0,0,0,-1.6747005,0.15779848
1822,162,93,0,0,0,-2.7353978,0.060916644
1823,208,93,0,0,0,-1.6625428,0.15942095
1824,218,93,0,0,0,-2.7752917,0.058674064
1825,259,93,0,0,0,-1.3092349,0.21261491
1826,274,93,0,0,0,-2.2870965,0.09219728
1827,8,94,0,0,0,-2.8247583,0.056000855
1828,59,94,0,0,0,-4.3988514,0.012142205
1829,96,94,0,0,0,-3.5092494,0.0290502
1830,98,94,0,0,0,-3.3129458,0.03512973
1831,198,94,0,0,0,-5.9112844,0.0027013882
1832,227,94,0,0,0,-3.982436,0.01829908
1833,230,94,0,0,0,-5.5043883,0.004052388
1834,246,94,0,0,0,-1.112145,0.24747121
1835,252,94,0,0,0,-4.831679,0.007910056
1836,256,94,0,0,0,-3.5085719,0.029069318
1837,282,94,0,0,0,-5.7105546,0.0032999103
1838,13,98,0,0,0,-5.1921415,0.005529343
1839,17,98,0,0,0,-5.4974203,0.004080608
1840,39,98,0,0,0,-5.5990686,0.0036876602
1841,63,98,0,0,0,-5.9889154,0.0025001147
1842,72,98,0,0,0,-6.207364,0.0020104905
1843,86,98,0,0,0,-5.336858,0.0047879294
1844,113,98,0,0,0,-4.6215897,0.009741319
1845,125,98,0,0,0,-5.030815,0.0064910734
1846,139,98,0,0,0,-4.022299,0.017596558
1847,153,98,0,0,0,-3.2857428,0.03606355
1848,163,98,0,0,0,-4.6599517,0.009378138
1849,183,98,0,0,0,-4.4183254,0.011910823
1850,191,98,0,0,0,-6.2170405,0.0019911684
1851,199,98,0,0,0,-4.1940603,0.014860738
1852,227,98,0,0,0,-6.162587,0.0021023664
1853,246,98,0,0,0,-3.7883148,0.022132766
1854,265,98,0,0,0,-5.126844,0.0059002438
1855,278,98,0,0,0,-4.5655575,0.010296947
1856,283,98,0,0,0,-5.550247,0.00387145
1857,2,99,0,0,0,-5.6564617,0.0034826894
1858,26,99,0,0,0,-6.126877,0.0021786327
1859,43,99,0,0,0,-4.702538,0.0089906575
1860,54,99,0,0,0,-4.5426216,0.010533329
1861,56,99,0,0,0,-4.2657824,0.013846462
1862,85,99,0,0,0,-4.970736,0.006890235
1863,86,99,0,0,0,-3.2547312,0.037157252
1864,87,99,0,0,0,-6.272481,0.0018839837
1865,102,99,0,0,0,-2.614221,0.06822877
1866,127,99,0,0,0,-3.4340804,0.03124718
1867,133,99,0,0,0,-6.105283,0.0022260838
1868,137,99,0,0,0,-4.133624,0.015771957
1869,139,99,0,0,0,-4.0187964,0.017657204
1870,194,99,0,0,0,-4.9826913,0.006808908
1871,209,99,0,0,0,-3.4747963,0.030037923
1872,211,99,0,0,0,-7.4423995,0.00058553467
1873,216,99,0,0,0,-4.0773096,0.0166704
1874,242,99,0,0,0,-7.5699906,0.00051543146
1875,280,99,0,0,0,-9.382314,8.4193074e-05
1876,17,102,0,0,0,-3.716085,0.023751188
1877,18,102,0,0,0,-2.8177016,0.05637508
1878,59,102,0,0,0,-5.3623805,0.004667838
1879,98,102,0,0,0,-0.2190265,0.44546124
1880,102,102,0,0,0,-0.03332311,0.49166998
1881,112,102,0,0,0,-1.0798371,0.25353685
1882,185,102,0,0,0,-2.940336,0.05019525
1883,234,102,0,0,0,-6.041088,0.0023733228
1884,235,102,0,0,0,-2.4949994,0.076209486
1885,247,102,0,0,0,-1.309598,0.21255413
1886,274,102,0,0,0,-3.410804,0.03195951
1887,3,103,0,0,0,0.50356376,0.62329644
1888,24,103,0,0,0,-3.6338491,0.025734555
1889,33,103,0,0,0,0.3265248,0.58091354
1890,46,103,0,0,0,1.8617644,0.8655025
1891,86,103,0,0,0,0.96052307,0.72322655
1892,105,103,0,0,0,0.6208556,0.6504131
1893,145,103,0,0,0,-1.7288337,0.15073682
1894,152,103,0,0,0,0.6452914,0.6559486
1895,255,103,0,0,0,2.0435474,0.885294
1896,22,104,0,0,0,-0.943694,0.28015476
1897,36,104,0,0,0,-0.3629819,0.41023794
1898,85,104,0,0,0,0.0112371,0.5028092
1899,135,104,0,0,0,-0.3129248,0.42240098
1900,149,104,0,0,0,-2.636906,0.06680066
1901,249,104,0,0,0,-0.24256453,0.43965447
1902,275,104,0,0,0,-1.0563691,0.25800395
1903,290,104,0,0,0,-0.8661527,0.29605547
1904,291,104,0,0,0,-0.76881963,0.3167345
1905,27,105,0,0,0,-0.7963787,0.3108007
1906,117,105,0,0,0,-0.29330528,0.42719486
1907,122,105,0,0,0,-0.9657494,0.27572855
1908,183,105,0,0,0,-0.24729332,0.43848982
1909,205,105,0,0,0,0.10594058,0.5264604
1910,263,105,0,0,0,-0.9311776,0.28268588
1911,285,105,0,0,0,-0.8643395,0.2964335
1912,287,105,0,0,0,-0.3408893,0.41559348
1913,288,105,0,0,0,-0.8121753,0.30742714
1914,7,106,0,0,0,-1.8816731,0.13219681
1915,16,106,0,0,0,-1.8249376,0.13884246
1916,44,106,0,0,0,-2.1085515,0.10826843
1917,45,106,0,0,0,-1.5578563,0.17395447
1918,125,106,0,0,0,-1.3330255,0.20865937
1919,200,106,0,0,0,-0.88676876,0.2917771
1920,215,106,0,0,0,-0.6211849,0.349512
1921,231,106,0,0,0,-0.438258,0.39215612
1922,245,106,0,0,0,-0.55530804,0.36463377
1923,84,107,0,0,0,-1.6775632,0.15741841
1924,87,107,0,0,0,0.30266112,0.5750929
1925,91,107,0,0,0,-1.7243078,0.15131712
1926,103,107,0,0,0,-1.5772369,0.17118716
1927,122,107,0,0,0,-1.4979417,0.1827327
1928,145,107,0,0,0,-1.1636627,0.23800239
1929,175,107,0,0,0,-1.6136794,0.1660784
1930,208,107,0,0,0,-1.5555344,0.17428838
1931,268,107,0,0,0,-1.4882143,0.18418992
1932,9,108,0,0,0,-3.6029534,0.026520638
1933,38,108,0,0,0,-4.695775,0.009051114
1934,47,108,0,0,0,-3.7694423,0.022544926
1935,66,108,0,0,0,-4.43186,0.011752584
1936,86,108,0,0,0,-4.4911127,0.011083934
1937,125,108,0,0,0,-4.1138306,0.01608218
1938,179,108,0,0,0,-4.407703,0.012036489
1939,247,108,0,0,0,-4.763504,0.008463407
1940,275,108,0,0,0,-3.957481,0.018752808
1941,0,109,0,0,0,-0.0015127063,0.49962184
1942,59,109,0,0,0,-0.62823933,0.34790987
1943,71,109,0,0,0,-0.94001716,0.28089687
1944,76,109,0,0,0,-0.68537265,0.33506325
1945,89,109,0,0,0,1.0732219,0.74520916
1946,168,109,0,0,0,-0.31183368,0.42266724
1947,180,109,0,0,0,0.16853827,0.5420351
1948,197,109,0,0,0,0.13256496,0.5330928
1949,251,109,0,0,0,-0.5118546,0.37475887
1950,263,109,0,0,0,1.0367286,0.7382183
1951,10,113,0,0,0,-4.594803,0.010003138
1952,42,113,0,0,0,-3.4632113,0.030377302
1953,45,113,0,0,0,-3.1072316,0.04280994
1954,132,113,0,0,0,-3.396419,0.032407567
1955,176,113,0,0,0,-4.7901998,0.008242297
1956,185,113,0,0,0,-2.7380788,0.060763456
1957,218,113,0,0,0,-3.6164823,0.026173588
1958,264,113,0,0,0,-3.3386219,0.03426974
1959,273,113,0,0,0,-3.8191423,0.021475306
1960,5,115,0,0,0,-8.764441,0.00015616512
1961,59,115,0,0,0,-10.980757,1.7025917e-05
1962,92,115,0,0,0,-8.25543,0.00025977622
1963,94,115,0,0,0,-9.592444,6.823775e-05
1964,123,115,0,0,0,-9.43285,8.004433e-05
1965,127,115,0,0,0,-10.351906,3.1930856e-05
1966,158,115,0,0,0,-9.976116,4.6495144e-05
1967,160,115,0,0,0,-8.810438,0.00014914564
1968,196,115,0,0,0,-9.192505,0.000101789185
1969,283,115,0,0,0,-10.092951,4.1368443e-05
1970,14,117,0,0,0,-4.0825834,0.01658417
1971,49,117,0,0,0,-6.766014,0.0011509522
1972,79,117,0,0,0,-4.027288,0.017510517
1973,82,117,0,0,0,-3.8797734,0.02023749
1974,90,117,0,0,0,-2.6391263,0.06666238
1975,126,117,0,0,0,-6.176697,0.002072972
1976,178,117,0,0,0,-3.9847393,0.018257746
1977,242,117,0,0,0,-6.2850976,0.0018604075
1978,249,117,0,0,0,-5.2321157,0.005313823
1979,267,117,0,0,0,-3.899846,0.019843299
1980,2,119,0,0,0,-7.4088883,0.00060547696
1981,34,119,0,0,0,-7.1756735,0.0007643856
1982,57,119,0,0,0,-7.0585327,0.0008593001
1983,65,119,0,0,0,-7.482556,0.0005625005
1984,76,119,0,0,0,-7.8916636,0.00037370744
1985,162,119,0,0,0,-7.727576,0.00044031674
1986,212,119,0,0,0,-6.6601005,0.0012793788
1987,253,119,0,0,0,-8.215504,0.00027035514
1988,281,119,0,0,0,-9.326376,8.9036424e-05
1989,3,120,0,0,0,-4.8443036,0.0078115966
1990,11,120,0,0,0,-4.4474864,0.011572469
1991,16,120,0,0,0,-4.16527,0.015288168
1992,35,120,0,0,0,-4.0300307,0.017463394
1993,50,120,0,0,0,-4.492747,0.011066037
1994,53,120,0,0,0,-4.226138,0.014398358
1995,63,120,0,0,0,-5.3528986,0.0047120987
1996,79,120,0,0,0,-4.6131706,0.009822869
1997,88,120,0,0,0,-4.2998285,0.013389183
1998,107,120,0,0,0,-4.1472564,0.0155617315
1999,112,120,0,0,0,-4.2475243,0.014097997
2000,119,120,0,0,0,-4.5977736,0.009973763
2001,132,120,0,0,0,-4.401929,0.012105346
2002,133,120,0,0,0,-5.232641,0.0053110463
2003,144,120,0,0,0,-5.0315256,0.006486493
2004,154,120,0,0,0,-5.032472,0.0064803963
2005,155,120,0,0,0,-4.8584437,0.007702762
2006,156,120,0,0,0,-3.5616646,0.0276077
2007,164,120,0,0,0,-4.754449,0.008539735
2008,170,120,0,0,0,-4.2542696,0.014004548
2009,199,120,0,0,0,-3.2286084,0.03810322
2010,201,120,0,0,0,-3.8505905,0.020824302
2011,212,120,0,0,0,-5.000363,0.006690439
2012,216,120,0,0,0,-4.855318,0.00772669
2013,232,120,0,0,0,-5.148999,0.0057717054
2014,235,120,0,0,0,-5.006593,0.006649161
2015,236,120,0,0,0,-5.020651,0.006556952
2016,251,120,0,0,0,-4.9821343,0.006812676
2017,51,124,0,0,0,-4.7164793,0.008867289
2018,65,124,0,0,0,-5.2688947,0.0051229196
2019,85,124,0,0,0,-8.692581,0.00016779812
2020,86,124,0,0,0,-4.883252,0.007515438
2021,108,124,0,0,0,-5.854234,0.0028595305
2022,117,124,0,0,0,-7.332445,0.0006535452
2023,119,124,0,0,0,-7.2684407,0.0006967125
2024,126,124,0,0,0,-7.4124303,0.0006033375
2025,137,124,0,0,0,-6.8201656,0.00109035
2026,158,124,0,0,0,-7.3323812,0.00065358693
2027,169,124,0,0,0,-6.35012,0.0017434923
2028,174,124,0,0,0,-6.5910764,0.0013706804
2029,180,124,0,0,0,-8.140365,0.0002914459
2030,196,124,0,0,0,-6.0851,0.0022713654
2031,200,124,0,0,0,-10.34922,3.201672e-05
2032,206,124,0,0,0,-6.4504724,0.0015772841
2033,239,124,0,0,0,-7.0297747,0.00088434847
2034,285,124,0,0,0,-7.012193,0.00090001995
2035,286,124,0,0,0,-6.4209805,0.0016244171
2036,289,124,0,0,0,-6.0163817,0.002432545
2037,37,125,0,0,0,-3.0168717,0.04666946
2038,47,125,0,0,0,-2.6803331,0.064143874
2039,56,125,0,0,0,-1.5485122,0.17530125
2040,61,125,0,0,0,-3.430233,0.031363852
2041,70,125,0,0,0,-2.5925722,0.069617994
2042,78,125,0,0,0,-1.9323483,0.12649089
2043,89,125,0,0,0,-4.2871704,0.013557429
2044,102,125,0,0,0,-2.3113506,0.09018727
2045,115,125,0,0,0,-2.9285069,0.050762225
2046,118,125,0,0,0,-4.2637606,0.013874096
2047,133,125,0,0,0,-3.170267,0.040300082
2048,135,125,0,0,0,-3.784885,0.02220712
2049,159,125,0,0,0,-3.1208096,0.042256996
2050,178,125,0,0,0,-2.152666,0.104082346
2051,182,125,0,0,0,-3.9850569,0.018252056
2052,204,125,0,0,0,-2.4935734,0.076309934
2053,246,125,0,0,0,-4.418777,0.01190551
2054,287,125,0,0,0,-3.215002,0.038605057
2055,290,125,0,0,0,-4.351667,0.012721397
2056,19,133,0,0,0,-0.91708094,0.28555304
2057,64,133,0,0,0,-0.792499,0.31163234
2058,86,133,0,0,0,-0.47815818,0.38268715
2059,89,133,0,0,0,-2.1790106,0.10165124
2060,101,133,0,0,0,-0.28077543,0.43026367
2061,147,133,0,0,0,-1.9019063,0.12989287
2062,155,133,0,0,0,-1.5898983,0.1693982
2063,156,133,0,0,0,-7.1053114,0.000820061
2064,225,133,0,0,0,-1.523884,0.17889029
2065,270,133,0,0,0,-6.3707275,0.0017079918
2066,6,134,0,0,0,-10.413631,3.0019557e-05
2067,14,134,0,0,0,-11.298031,1.2397159e-05
2068,18,134,0,0,0,-10.775408,2.0906955e-05
2069,30,134,0,0,0,-14.953814,3.2036212e-07
2070,113,134,0,0,0,-12.112144,5.492374e-06
2071,116,134,0,0,0,-13.261628,1.7399923e-06
2072,125,134,0,0,0,-11.87191,6.983802e-06
2073,150,134,0,0,0,-12.263403,4.7213884e-06
2074,156,134,0,0,0,-14.1157,7.4067754e-07
2075,161,134,0,0,0,-11.705176,8.2509305e-06
2076,176,134,0,0,0,-16.28553,8.45832e-08
2077,183,134,0,0,0,-12.507309,3.699501e-06
2078,186,134,0,0,0,-10.223397,3.630941e-05
2079,190,134,0,0,0,-10.3178005,3.3038614e-05
2080,196,134,0,0,0,-11.341354,1.1871544e-05
2081,197,134,0,0,0,-13.246384,1.7667207e-06
2082,203,134,0,0,0,-10.038133,4.369939e-05
2083,204,134,0,0,0,-13.785094,1.0308826e-06
2084,216,134,0,0,0,-11.5373535,9.7585835e-06
2085,221,134,0,0,0,-11.829091,7.289334e-06
2086,226,134,0,0,0,-12.706849,3.0302904e-06
2087,234,134,0,0,0,-13.514802,1.3508138e-06
2088,266,134,0,0,0,-10.367792,3.1427615e-05
2089,272,134,0,0,0,-11.781609,7.643796e-06
2090,274,134,0,0,0,-10.954061,1.7486558e-05
2091,276,134,0,0,0,-12.364401,4.26783e-06
2092,282,134,0,0,0,-11.339804,1.1889967e-05
2093,286,134,0,0,0,-11.538721,9.745248e-06
2094,54,135,0,0,0,-4.2452292,0.014129931
2095,80,135,0,0,0,-2.0644085,0.11260455
2096,89,135,0,0,0,-5.0770364,0.006199694
2097,111,135,0,0,0,-2.2121177,0.098667584
2098,121,135,0,0,0,-3.3809853,0.032895036
2099,204,135,0,0,0,-4.1630964,0.015320922
2100,227,135,0,0,0,-3.8304389,0.021239199
2101,249,135,0,0,0,-3.972767,0.018473584
2102,259,135,0,0,0,-2.6586545,0.0654576
2103,15,136,0,0,0,-5.1860676,0.0055628433
2104,43,136,0,0,0,-4.9265413,0.0071993344
2105,50,136,0,0,0,-4.955223,0.0069972025
2106,51,136,0,0,0,-5.3539495,0.0047071725
2107,59,136,0,0,0,-6.7133884,0.0012130684
2108,63,136,0,0,0,-6.5576286,0.0014172358
2109,99,136,0,0,0,-5.9978595,0.0024779085
2110,113,136,0,0,0,-5.2540464,0.005199155
2111,122,136,0,0,0,-5.4364977,0.0043358267
2112,162,136,0,0,0,-4.6110473,0.009843543
2113,167,136,0,0,0,-6.4236045,0.0016201672
2114,180,136,0,0,0,-6.575649,0.001391961
2115,194,136,0,0,0,-5.630351,0.0035744929
2116,207,136,0,0,0,-5.363145,0.004664288
2117,217,136,0,0,0,-6.336133,0.0017680066
2118,242,136,0,0,0,-5.732292,0.0032291815
2119,273,136,0,0,0,-4.4441705,0.0116104605
2120,275,136,0,0,0,-5.0075574,0.0066427956
2121,291,136,0,0,0,-5.7161417,0.0032815852
2122,1,138,0,0,0,-3.3390086,0.034256943
2123,33,138,0,0,0,-7.1045103,0.0008207177
2124,49,138,0,0,0,-7.667345,0.00046763953
2125,50,138,0,0,0,-4.5179534,0.01079356
2126,54,138,0,0,0,-4.5524974,0.010430897
2127,77,138,0,0,0,-3.7753634,0.022414813
2128,176,138,0,0,0,-7.3350625,0.00065183797
2129,214,138,0,0,0,-8.1482525,0.00028915674
2130,242,138,0,0,0,-4.8306713,0.007917967
2131,44,139,0,0,0,-10.201451,3.7115035e-05
2132,63,139,0,0,0,-10.40753,3.020328e-05
2133,76,139,0,0,0,-10.978767,1.7059821e-05
2134,92,139,0,0,0,-7.6887364,0.00045774682
2135,98,139,0,0,0,-10.37061,3.1339176e-05
2136,122,139,0,0,0,-8.510552,0.00020129204
2137,176,139,0,0,0,-9.425374,8.0644924e-05
2138,179,139,0,0,0,-10.29233,3.3890912e-05
2139,256,139,0,0,0,-7.514829,0.0005446463
2140,10,142,0,0,0,-5.4713144,0.0041880864
2141,32,142,0,0,0,-7.666703,0.00046793962
2142,46,142,0,0,0,-7.6719246,0.00046550384
2143,50,142,0,0,0,-5.5663652,0.003809786
2144,67,142,0,0,0,-4.2996345,0.013391747
2145,221,142,0,0,0,-6.182883,0.0020602145
2146,233,142,0,0,0,-5.656908,0.0034811406
2147,245,142,0,0,0,-4.344148,0.012816176
2148,246,142,0,0,0,-8.015965,0.00033004038
2149,24,143,0,0,0,-8.876236,0.00013964939
2150,31,143,0,0,0,-3.4396312,0.031079587
2151,50,143,0,0,0,-4.832161,0.007906274
2152,182,143,0,0,0,-5.3706965,0.00462936
2153,212,143,0,0,0,-3.134286,0.04171494
2154,232,143,0,0,0,-3.4208937,0.03164883
2155,235,143,0,0,0,-3.997448,0.018031342
2156,252,143,0,0,0,-3.091657,0.043452714
2157,264,143,0,0,0,-4.5387726,0.010573521
2158,35,145,0,0,0,-9.213968,9.962794e-05
2159,41,145,0,0,0,-6.9810543,0.00092846004
2160,55,145,0,0,0,-7.102982,0.0008219719
2161,92,145,0,0,0,-7.422395,0.00059735874
2162,119,145,0,0,0,-7.870618,0.00038165267
2163,129,145,0,0,0,-8.480998,0.00020732865
2164,132,145,0,0,0,-7.8653407,0.00038367126
2165,221,145,0,0,0,-7.2343926,0.00072082534
2166,224,145,0,0,0,-8.018874,0.0003290821
2167,279,145,0,0,0,-9.806391,5.5095315e-05
2168,290,145,0,0,0,-9.323272,8.931322e-05
2169,5,146,0,0,0,-6.276948,0.0018756025
2170,52,146,0,0,0,-6.9927874,0.00091764
2171,72,146,0,0,0,-9.548728,7.1286806e-05
2172,86,146,0,0,0,-7.6688976,0.00046691438
2173,116,146,0,0,0,-10.764134,2.1143975e-05
2174,134,146,0,0,0,-8.634111,0.00017789994
2175,159,146,0,0,0,-9.031373,0.00011958387
2176,181,146,0,0,0,-9.324095,8.923975e-05
2177,227,146,0,0,0,-9.552626,7.100952e-05
2178,5,151,0,0,0,-4.0969124,0.01635209
2179,38,151,0,0,0,-4.0574737,0.016998699
2180,39,151,0,0,0,-4.264177,0.013868402
2181,47,151,0,0,0,-4.2357016,0.01426327
2182,144,151,0,0,0,-4.8889856,0.0074727926
2183,187,151,0,0,0,-4.1794276,0.015076486
2184,190,151,0,0,0,-4.1098466,0.016145343
2185,200,151,0,0,0,-4.042229,0.017255314
2186,204,151,0,0,0,-3.990519,0.018154437
2187,39,152,0,0,0,-3.9658532,0.018599367
2188,43,152,0,0,0,-3.8699696,0.020432796
2189,121,152,0,0,0,-3.41445,0.031846907
2190,138,152,0,0,0,-3.8277965,0.021294197
2191,162,152,0,0,0,-3.45039,0.030757228
2192,166,152,0,0,0,-5.518578,0.00399552
2193,189,152,0,0,0,-3.7740555,0.02244349
2194,214,152,0,0,0,-3.8431187,0.020977203
2195,224,152,0,0,0,-3.4908056,0.029574974
2196,17,153,0,0,0,-11.574997,9.398069e-06
2197,83,153,0,0,0,-10.929134,1.7927901e-05
2198,92,153,0,0,0,-10.405204,3.0273613e-05
2199,107,153,0,0,0,-10.845949,1.9482992e-05
2200,130,153,0,0,0,-12.76102,2.870505e-06
2201,131,153,0,0,0,-13.112356,2.0201107e-06
2202,135,153,0,0,0,-15.847738,1.3104325e-07
2203,137,153,0,0,0,-13.868522,9.4836855e-07
2204,150,153,0,0,0,-12.805395,2.7459105e-06
2205,160,153,0,0,0,-12.763643,2.862984e-06
2206,185,153,0,0,0,-11.129871,1.4667358e-05
2207,216,153,0,0,0,-12.268454,4.6976024e-06
2208,220,153,0,0,0,-13.346253,1.5988036e-06
2209,233,153,0,0,0,-11.191755,1.3787212e-05
2210,244,153,0,0,0,-13.663092,1.1646466e-06
2211,272,153,0,0,0,-13.255121,1.7513512e-06
2212,276,153,0,0,0,-12.362343,4.276622e-06
2213,280,153,0,0,0,-14.664725,4.277505e-07
2214,281,153,0,0,0,-15.21664,2.4631842e-07
2215,282,153,0,0,0,-15.413103,2.0238312e-07
2216,0,157,0,0,0,-1.7570567,0.14715935
2217,56,157,0,0,0,-3.0358734,0.045831293
2218,62,157,0,0,0,-1.2775583,0.21796614
2219,72,157,0,0,0,-2.7787538,0.05848314
2220,103,157,0,0,0,-3.244067,0.03754067
2221,129,157,0,0,0,-2.6102164,0.0684838
2222,162,157,0,0,0,-2.3847442,0.084343456
2223,165,157,0,0,0,-2.948374,0.049813416
2224,175,157,0,0,0,-3.0641139,0.044612035
2225,211,157,0,0,0,-2.3900268,0.08393637
2226,54,158,0,0,0,-8.535528,0.00019632786
2227,169,158,0,0,0,-10.720725,2.2082013e-05
2228,193,158,0,0,0,-7.546871,0.00052748044
2229,195,158,0,0,0,-8.331684,0.00024070826
2230,196,158,0,0,0,-9.241138,9.695773e-05
2231,222,158,0,0,0,-9.653557,6.41927e-05
2232,226,158,0,0,0,-10.6872225,2.2834332e-05
2233,239,158,0,0,0,-9.353367,8.66656e-05
2234,244,158,0,0,0,-10.343694,3.2194144e-05
2235,5,159,0,0,0,-12.733484,2.9506436e-06
2236,7,159,0,0,0,-12.727296,2.96896e-06
2237,131,159,0,0,0,-12.614584,3.3231836e-06
2238,182,159,0,0,0,-13.047367,2.1557557e-06
2239,185,159,0,0,0,-13.633905,1.1991392e-06
2240,186,159,0,0,0,-14.033341,8.042608e-07
2241,187,159,0,0,0,-13.860865,9.556582e-07
2242,200,159,0,0,0,-12.360884,4.2828665e-06
2243,254,159,0,0,0,-13.231798,1.792678e-06
2244,1,160,0,0,0,-10.411789,3.0074918e-05
2245,12,160,0,0,0,-10.256973,3.511057e-05
2246,23,160,0,0,0,-10.928135,1.794583e-05
2247,28,160,0,0,0,-12.201527,5.0227563e-06
2248,30,160,0,0,0,-10.7881975,2.0641268e-05
2249,60,160,0,0,0,-12.46944,3.8422813e-06
2250,108,160,0,0,0,-11.6521435,8.700307e-06
2251,114,160,0,0,0,-10.978071,1.7071703e-05
2252,135,160,0,0,0,-13.490273,1.3843569e-06
2253,137,160,0,0,0,-12.461197,3.874086e-06
2254,154,160,0,0,0,-11.915125,6.6884286e-06
2255,157,160,0,0,0,-12.553347,3.533046e-06
2256,173,160,0,0,0,-13.6480465,1.1823014e-06
2257,200,160,0,0,0,-13.561888,1.288684e-06
2258,216,160,0,0,0,-12.075264,5.698716e-06
2259,228,160,0,0,0,-11.3598995,1.1653417e-05
2260,247,160,0,0,0,-10.877899,1.8870362e-05
2261,288,160,0,0,0,-12.328742,4.422761e-06
2262,290,160,0,0,0,-10.802441,2.0349362e-05
2263,25,161,0,0,0,-4.4311814,0.011760468
2264,39,161,0,0,0,-4.171543,0.015194014
2265,52,161,0,0,0,-4.619213,0.009764271
2266,91,161,0,0,0,-4.207544,0.014664627
2267,119,161,0,0,0,-3.8037326,0.021801526
2268,190,161,0,0,0,-4.050866,0.017109461
2269,241,161,0,0,0,-4.4181747,0.011912597
2270,285,161,0,0,0,-4.8531256,0.0077435174
2271,287,161,0,0,0,-4.3027363,0.013350826
2272,27,162,0,0,0,-4.986187,0.0067853094
2273,34,162,0,0,0,-4.8948193,0.007429649
2274,55,162,0,0,0,-4.2364545,0.014252689
2275,59,162,0,0,0,-5.095452,0.006087257
2276,64,162,0,0,0,-4.6547823,0.009426285
2277,119,162,0,0,0,-4.6736803,0.009251451
2278,151,162,0,0,0,-5.3005114,0.0049642753
2279,218,162,0,0,0,-4.191456,0.014898916
2280,275,162,0,0,0,-4.8094816,0.008086165
2281,12,169,0,0,0,-5.9997983,0.0024731208
2282,18,169,0,0,0,-5.6782784,0.0034077873
2283,36,169,0,0,0,-6.4470725,0.0015826472
2284,53,169,0,0,0,-5.4809346,0.004148156
2285,71,169,0,0,0,-5.846861,0.0028806317
2286,149,169,0,0,0,-6.95737,0.0009506915
2287,201,169,0,0,0,-6.8883033,0.0010186038
2288,213,169,0,0,0,-5.5090976,0.004033426
2289,231,169,0,0,0,-8.065535,0.00031408443
2290,26,170,0,0,0,-1.3414114,0.20727806
2291,77,170,0,0,0,-3.801788,0.021843035
2292,99,170,0,0,0,-3.9789085,0.018362554
2293,139,170,0,0,0,-2.4208224,0.0815986
2294,162,170,0,0,0,-2.2305994,0.09703611
2295,192,170,0,0,0,-2.8026793,0.057179563
2296,216,170,0,0,0,-2.6908958,0.06351272
2297,231,170,0,0,0,-2.660907,0.06531993
2298,285,170,0,0,0,-2.1915622,0.10051077
2299,24,172,0,0,0,-5.8996916,0.0027328013
2300,35,172,0,0,0,-7.376003,0.0006257068
2301,76,172,0,0,0,-5.9910126,0.0024948902
2302,85,172,0,0,0,-6.6601562,0.0012793075
2303,207,172,0,0,0,-4.994248,0.0067312
2304,215,172,0,0,0,-3.8792658,0.020247556
2305,231,172,0,0,0,-10.414564,2.9991572e-05
2306,240,172,0,0,0,-7.0456185,0.0008704595
2307,253,172,0,0,0,-8.7391405,0.00016016586
2308,0,175,0,0,0,-4.2078757,0.014659831
2309,48,175,0,0,0,-3.6772604,0.024668256
2310,65,175,0,0,0,-3.8124745,0.021615872
2311,100,175,0,0,0,-3.6503701,0.025323566
2312,141,175,0,0,0,-3.7226682,0.02359902
2313,150,175,0,0,0,-3.8566968,0.020700151
2314,226,175,0,0,0,-4.04162,0.017265651
2315,244,175,0,0,0,-3.4377966,0.031134883
2316,279,175,0,0,0,-1.9160302,0.12830491
2317,15,176,0,0,0,-2.3412557,0.08776333
2318,52,176,0,0,0,-2.9720395,0.048705142
2319,62,176,0,0,0,-2.6769915,0.064344764
2320,78,176,0,0,0,-2.8563561,0.054353688
2321,82,176,0,0,0,-2.6604261,0.0653493
2322,100,176,0,0,0,-4.458555,0.01144654
2323,107,176,0,0,0,-2.5624397,0.07159521
2324,154,176,0,0,0,-4.150826,0.015507142
2325,167,176,0,0,0,-4.464585,0.011378513
2326,246,176,0,0,0,-4.4874654,0.011123985
2327,9,177,0,0,0,-7.403916,0.00060849334
2328,10,177,0,0,0,-7.8996553,0.00037073385
2329,26,177,0,0,0,-8.421541,0.00022002679
2330,55,177,0,0,0,-7.6522727,0.00047473796
2331,68,177,0,0,0,-7.60715,0.0004966392
2332,80,177,0,0,0,-8.040801,0.00032194718
2333,103,177,0,0,0,-8.30362,0.00024755744
2334,233,177,0,0,0,-8.271495,0.0002556374
2335,259,177,0,0,0,-9.41383,8.1581224e-05
2336,33,178,0,0,0,-5.3384905,0.004780156
2337,92,178,0,0,0,-5.587279,0.003731231
2338,98,178,0,0,0,-8.638267,0.0001771624
2339,99,178,0,0,0,-4.551666,0.010439483
2340,131,178,0,0,0,-4.8966684,0.007416025
2341,187,178,0,0,0,-5.028076,0.0065087606
2342,188,178,0,0,0,-4.738738,0.008673788
2343,249,178,0,0,0,-6.9124804,0.0009942965
2344,251,178,0,0,0,-7.6221166,0.0004892652
2345,17,179,0,0,0,-8.938865,0.00013117268
2346,25,179,0,0,0,-8.651306,0.00017486767
2347,70,179,0,0,0,-7.3900824,0.00061696424
2348,117,179,0,0,0,-9.744797,5.8595342e-05
2349,144,179,0,0,0,-9.463871,7.759957e-05
2350,149,179,0,0,0,-7.4974236,0.0005542038
2351,179,179,0,0,0,-9.105269,0.000111066605
2352,251,179,0,0,0,-9.895216,5.0412753e-05
2353,284,179,0,0,0,-9.59873,6.78102e-05
2354,52,180,0,0,0,-6.914755,0.0009920397
2355,63,180,0,0,0,-8.453206,0.00021317028
2356,77,180,0,0,0,-6.8164563,0.0010943975
2357,108,180,0,0,0,-6.790946,0.0011226434
2358,140,180,0,0,0,-9.525383,7.2970455e-05
2359,154,180,0,0,0,-6.912136,0.0009946385
2360,159,180,0,0,0,-8.565866,0.00019046217
2361,160,180,0,0,0,-8.3700695,0.00023164578
2362,205,180,0,0,0,-8.640625,0.00017674513
2363,240,180,0,0,0,-9.32625,8.904764e-05
2364,24,185,0,0,0,-15.899352,1.2445119e-07
2365,36,185,0,0,0,-12.638483,3.2447044e-06
2366,68,185,0,0,0,-13.566221,1.2831116e-06
2367,135,185,0,0,0,-14.890596,3.4126833e-07
2368,148,185,0,0,0,-12.862004,2.594785e-06
2369,155,185,0,0,0,-12.0052,6.1123055e-06
2370,164,185,0,0,0,-13.818321,9.971923e-07
2371,216,185,0,0,0,-12.265551,4.7112594e-06
2372,254,185,0,0,0,-13.69956,1.1229389e-06
2373,5,186,0,0,0,-1.0679688,0.25578955
2374,16,186,0,0,0,-1.873848,0.13309711
2375,35,186,0,0,0,-1.8522942,0.13560376
2376,47,186,0,0,0,-0.6767492,0.33698723
2377,105,186,0,0,0,-1.6809442,0.15697049
2378,152,186,0,0,0,-2.3891826,0.08400131
2379,164,186,0,0,0,-0.7760031,0.31518194
2380,228,186,0,0,0,-1.0310549,0.26287964
2381,287,186,0,0,0,-1.1623988,0.23823167
2382,15,187,0,0,0,-0.14945161,0.46270648
2383,49,187,0,0,0,-2.0359368,0.115481116
2384,105,187,0,0,0,-0.9689384,0.27509215
2385,132,187,0,0,0,-1.2596376,0.22103629
2386,166,187,0,0,0,-1.2078531,0.23008114
2387,174,187,0,0,0,-1.3481038,0.20618056
2388,214,187,0,0,0,-1.9280837,0.12696284
2389,265,187,0,0,0,-0.9751342,0.27385834
2390,277,187,0,0,0,-0.6659092,0.33941346
2391,21,191,0,0,0,-3.8768096,0.020296339
2392,31,191,0,0,0,-3.8393545,0.021054648
2393,47,191,0,0,0,-3.4355836,0.031201707
2394,58,191,0,0,0,-4.1217246,0.015957745
2395,113,191,0,0,0,-3.638743,0.025612142
2396,177,191,0,0,0,-2.940165,0.0502034
2397,185,191,0,0,0,-1.9547591,0.12403535
2398,224,191,0,0,0,-3.4273965,0.03145014
2399,258,191,0,0,0,-2.7304196,0.06120205
2400,260,191,0,0,0,-3.3300655,0.034554046
2401,287,191,0,0,0,-2.9879243,0.047974404
2402,41,192,0,0,0,-5.710785,0.003299153
2403,104,192,0,0,0,-6.7909327,0.0011226583
2404,132,192,0,0,0,-6.3152385,0.0018052695
2405,178,192,0,0,0,-6.7275486,0.0011960326
2406,187,192,0,0,0,-6.372568,0.0017048563
2407,209,192,0,0,0,-6.8379397,0.0010711617
2408,279,192,0,0,0,-6.152403,0.002123841
2409,286,192,0,0,0,-6.924493,0.0009824357
2410,288,192,0,0,0,-6.025036,0.002411635
2411,10,193,0,0,0,-4.150818,0.015507265
2412,20,193,0,0,0,-3.254531,0.037164416
2413,26,193,0,0,0,-4.5574894,0.010379494
2414,74,193,0,0,0,-3.1261272,0.042042304
2415,209,193,0,0,0,-3.0302238,0.046078987
2416,227,193,0,0,0,-2.966459,0.04896435
2417,246,193,0,0,0,-3.9659007,0.0185985
2418,249,193,0,0,0,-3.335828,0.03436232
2419,251,193,0,0,0,-4.608427,0.0098691145
2420,60,205,0,0,0,-0.3783921,0.40651476
2421,61,205,0,0,0,-0.4355489,0.3928021
2422,62,205,0,0,0,-0.55509174,0.3646839
2423,107,205,0,0,0,-1.9296181,0.12679285
2424,116,205,0,0,0,-0.7482285,0.32120743
2425,125,205,0,0,0,-0.3024199,0.42496604
2426,137,205,0,0,0,-0.19885126,0.45045036
2427,184,205,0,0,0,-1.1834235,0.2344372
2428,221,205,0,0,0,-0.28543812,0.42912105
2429,4,206,0,0,0,-3.0086288,0.047037568
2430,19,206,0,0,0,-2.3486912,0.087169856
2431,62,206,0,0,0,-2.053213,0.11372814
2432,110,206,0,0,0,-2.9433336,0.05005253
2433,144,206,0,0,0,-1.2882168,0.21615478
2434,181,206,0,0,0,-1.9400578,0.12564151
2435,243,206,0,0,0,-2.3935704,0.0836643
2436,252,206,0,0,0,-2.5631948,0.071545035
2437,281,206,0,0,0,-5.068588,0.0062519656
2438,68,209,0,0,0,-3.644056,0.02547988
2439,89,209,0,0,0,-4.76308,0.0084669655
2440,92,209,0,0,0,-5.54221,0.0039025687
2441,103,209,0,0,0,-5.5085983,0.004035432
2442,149,209,0,0,0,-4.2824802,0.013620297
2443,157,209,0,0,0,-4.197364,0.014812452
2444,160,209,0,0,0,-4.4688587,0.011330536
2445,205,209,0,0,0,-5.443281,0.0043066405
2446,226,209,0,0,0,-5.02686,0.006516628
2447,45,214,0,0,0,-6.8092175,0.0011023397
2448,73,214,0,0,0,-3.5533664,0.027831344
2449,103,214,0,0,0,-4.142415,0.015636073
2450,111,214,0,0,0,-4.11924,0.01599681
2451,191,214,0,0,0,-3.5626922,0.027580127
2452,195,214,0,0,0,-4.917387,0.007265061
2453,207,214,0,0,0,-4.8010426,0.008154135
2454,221,214,0,0,0,-5.4254503,0.0043837805
2455,227,214,0,0,0,-7.1595545,0.00077679695
2456,229,214,0,0,0,-5.6078806,0.0036554257
2457,45,215,0,0,0,-3.9420004,0.0190398
2458,100,215,0,0,0,-2.8129835,0.05662659
2459,124,215,0,0,0,-2.1288183,0.10632723
2460,137,215,0,0,0,-2.25323,0.095071204
2461,140,215,0,0,0,-1.7418013,0.14908428
2462,165,215,0,0,0,-0.889618,0.29118866
2463,172,215,0,0,0,-1.5913413,0.16919528
2464,259,215,0,0,0,-0.9530467,0.2782725
2465,289,215,0,0,0,-2.7620819,0.059407927
2466,38,217,0,0,0,-3.692955,0.024293453
2467,40,217,0,0,0,-2.0650344,0.11254203
2468,90,217,0,0,0,-3.7959442,0.021968244
2469,96,217,0,0,0,-2.8848705,0.052906554
2470,113,217,0,0,0,-3.701589,0.024089634
2471,116,217,0,0,0,-2.8379176,0.055309244
2472,161,217,0,0,0,-1.8244381,0.13890219
2473,212,217,0,0,0,-3.5033593,0.0292168
2474,243,217,0,0,0,-4.6070547,0.009882533
2475,246,217,0,0,0,-5.7807956,0.0030767634
2476,22,218,0,0,0,-2.7977657,0.05744503
2477,24,218,0,0,0,-3.3943508,0.032472484
2478,47,218,0,0,0,-3.3919435,0.032548204
2479,143,218,0,0,0,-3.5854037,0.02697751
2480,144,218,0,0,0,-3.2228923,0.038313277
2481,151,218,0,0,0,-3.09195,0.043440536
2482,175,218,0,0,0,-2.7453415,0.060350284
2483,240,218,0,0,0,-2.9433873,0.05004998
2484,245,218,0,0,0,-3.0776753,0.044037577
2485,35,219,0,0,0,-3.189754,0.039553124
2486,47,219,0,0,0,-4.06544,0.016866092
2487,62,219,0,0,0,-3.4587872,0.030507883
2488,163,219,0,0,0,-3.3229604,0.034791857
2489,201,219,0,0,0,-3.7295523,0.023440914
2490,218,219,0,0,0,-3.442553,0.030991722
2491,226,219,0,0,0,-4.7492003,0.008584288
2492,272,219,0,0,0,-4.5058045,0.010924048
2493,279,219,0,0,0,-3.7956824,0.021973869
2494,28,220,0,0,0,-4.0889378,0.016480854
2495,61,220,0,0,0,-2.1736665,0.1021403
2496,66,220,0,0,0,-2.036721,0.115401044
2497,74,220,0,0,0,-1.582891,0.17038643
2498,116,220,0,0,0,-2.398803,0.08326402
2499,127,220,0,0,0,-1.9112127,0.12884468
2500,145,220,0,0,0,-2.0647397,0.11257147
2501,164,220,0,0,0,-2.8599963,0.05416689
2502,168,220,0,0,0,-3.9073935,0.019697037
2503,278,220,0,0,0,-4.2340703,0.014286224
2504,6,225,0,0,0,-8.383586,0.00022853653
2505,40,225,0,0,0,-8.455618,0.00021265689
2506,87,225,0,0,0,-12.060381,5.784164e-06
2507,137,225,0,0,0,-10.071098,4.2282358e-05
2508,140,225,0,0,0,-7.036742,0.0008782135
2509,142,225,0,0,0,-9.863026,5.206187e-05
2510,144,225,0,0,0,-11.124679,1.47437195e-05
2511,147,225,0,0,0,-9.890568,5.0647614e-05
2512,203,225,0,0,0,-8.416359,0.00022116973
2513,220,225,0,0,0,-10.027827,4.415204e-05
2514,243,225,0,0,0,-9.590185,6.839208e-05
2515,255,225,0,0,0,-6.787668,0.001126325
2516,4,226,0,0,0,-8.336384,0.00023957994
2517,38,226,0,0,0,-6.1708045,0.0020851973
2518,47,226,0,0,0,-7.31398,0.0006657169
2519,65,226,0,0,0,-7.729747,0.00043936228
2520,91,226,0,0,0,-7.3993134,0.00061129866
2521,138,226,0,0,0,-6.4711285,0.0015450874
2522,203,226,0,0,0,-9.413595,8.160037e-05
2523,207,226,0,0,0,-7.7172823,0.00044487053
2524,276,226,0,0,0,-6.7490225,0.0011706527
2525,0,227,0,0,0,-2.631541,0.06713588
2526,3,227,0,0,0,-3.4615614,0.030425936
2527,8,227,0,0,0,-1.9971554,0.11950191
2528,21,227,0,0,0,-3.3860502,0.032734286
2529,28,227,0,0,0,-4.083144,0.016575027
2530,35,227,0,0,0,-3.20561,0.038955152
2531,162,227,0,0,0,-3.923633,0.019385898
2532,191,227,0,0,0,-3.4751515,0.030027574
2533,210,227,0,0,0,-3.1761804,0.040072
2534,16,233,0,0,0,-5.260626,0.005165236
2535,18,233,0,0,0,-5.414301,0.004432713
2536,19,233,0,0,0,-5.1362934,0.0058450764
2537,104,233,0,0,0,-6.844406,0.0010642649
2538,114,233,0,0,0,-6.4706535,0.0015458204
2539,162,233,0,0,0,-7.1712203,0.00076779455
2540,194,233,0,0,0,-4.9163237,0.0072727343
2541,239,233,0,0,0,-7.1585665,0.0007775642
2542,262,233,0,0,0,-4.554085,0.010414524
2543,39,234,0,0,0,-12.94235,2.3944601e-06
2544,49,234,0,0,0,-18.098814,1.3797009e-08
2545,180,234,0,0,0,-14.141844,7.2156416e-07
2546,208,234,0,0,0,-12.738473,2.9359605e-06
2547,220,234,0,0,0,-14.42218,5.451632e-07
2548,235,234,0,0,0,-14.131541,7.290365e-07
2549,253,234,0,0,0,-12.51791,3.6604895e-06
2550,267,234,0,0,0,-16.040575,1.0806044e-07
2551,279,234,0,0,0,-14.960088,3.183584e-07
2552,281,234,0,0,0,-18.676203,7.745121e-09
2553,2,235,0,0,0,-7.318961,0.0006624114
2554,41,235,0,0,0,-7.334729,0.00065205514
2555,42,235,0,0,0,-6.441913,0.0015908207
2556,53,235,0,0,0,-6.666934,0.001270677
2557,97,235,0,0,0,-6.9574156,0.00095064804
2558,124,235,0,0,0,-7.2000694,0.0007459771
2559,159,235,0,0,0,-8.732192,0.00016128246
2560,185,235,0,0,0,-7.772072,0.00042116197
2561,209,235,0,0,0,-7.6733093,0.00046486
2562,2,236,0,0,0,-10.00655,4.5101504e-05
2563,14,236,0,0,0,-8.566462,0.00019034889
2564,19,236,0,0,0,-9.703679,6.1054714e-05
2565,25,236,0,0,0,-8.314018,0.00024499733
2566,104,236,0,0,0,-7.739214,0.0004352242
2567,107,236,0,0,0,-10.39925,3.0454388e-05
2568,125,236,0,0,0,-8.658709,0.00017357823
2569,127,236,0,0,0,-9.256275,9.55013e-05
2570,159,236,0,0,0,-8.493942,0.00020466278
2571,272,236,0,0,0,-11.429081,1.087448e-05
2572,1,241,0,0,0,-0.93998367,0.28090364
2573,3,241,0,0,0,-3.4258337,0.03149778
2574,44,241,0,0,0,-2.0585618,0.113190114
2575,85,241,0,0,0,-0.9335887,0.2821972
2576,102,241,0,0,0,-0.2110875,0.44742322
2577,161,241,0,0,0,-2.7127795,0.062223464
2578,203,241,0,0,0,-0.45892167,0.38724166
2579,226,241,0,0,0,-1.1263611,0.24483326
2580,232,241,0,0,0,-3.13394,0.041728772
2581,22,242,0,0,0,-3.2278805,0.038129907
2582,41,242,0,0,0,-3.1161838,0.042444605
2583,50,242,0,0,0,-3.555153,0.02778305
2584,70,242,0,0,0,-2.3060393,0.09062402
2585,91,242,0,0,0,-4.245963,0.014119712
2586,126,242,0,0,0,-3.9630532,0.018650545
2587,175,242,0,0,0,-4.106487,0.016198799
2588,182,242,0,0,0,-4.688835,0.009113573
2589,262,242,0,0,0,-5.394266,0.004522011
2590,10,243,0,0,0,0.49824363,0.6220465
2591,21,243,0,0,0,-0.44913432,0.3895666
2594,218,243,0,0,0,-0.8108739,0.3077043
2595,231,243,0,0,0,-0.008314669,0.49792135
2596,236,243,0,0,0,-0.8032693,0.30932662
2597,251,243,0,0,0,-0.5489481,0.36610848
2598,272,243,0,0,0,-1.0621638,0.25689617
2603,101,245,0,0,0,-1.8186278,0.13959861
2606,265,245,0,0,0,-0.9294353,0.2830393
2608,31,246,0,0,0,-6.1828876,0.0020602047
2609,51,246,0,0,0,-4.559507,0.010358792
2610,62,246,0,0,0,-3.384169,0.032793898
2611,65,246,0,0,0,-8.01463,0.00033048118
2612,190,246,0,0,0,-5.340742,0.004769456
2613,217,246,0,0,0,-7.9136925,0.00036556806
2614,257,246,0,0,0,-6.491274,0.0015143191
2615,259,246,0,0,0,-5.312784,0.0049040187
2616,273,246,0,0,0,-7.528743,0.0005371248
2617,11,247,0,0,0,-7.2898846,0.00068194146
2618,54,247,0,0,0,-7.3092294,0.00066888495
2619,61,247,0,0,0,-7.735347,0.0004369098
2620,69,247,0,0,0,-6.7296634,0.001193509
2621,151,247,0,0,0,-5.9273977,0.0026583236
2622,176,247,0,0,0,-7.891719,0.00037368678
2623,209,247,0,0,0,-7.082581,0.00083889894
2624,248,247,0,0,0,-7.750322,0.0004304186
2625,258,247,0,0,0,-8.749126,0.00015857466
2626,28,248,0,0,0,-9.107498,0.00011081937
2627,49,248,0,0,0,-8.52046,0.00019930795
2628,118,248,0,0,0,-8.735338,0.00016077592
2629,135,248,0,0,0,-9.073113,0.000114695686
2630,162,248,0,0,0,-8.534557,0.00019651852
2631,170,248,0,0,0,-7.390511,0.0006167
2632,205,248,0,0,0,-6.887289,0.0010196364
2633,220,248,0,0,0,-7.644865,0.00047826604
2634,289,248,0,0,0,-8.258422,0.0002590004
2635,8,259,0,0,0,-10.294935,3.3802728e-05
2636,13,259,0,0,0,-5.0467186,0.006389314
2637,14,259,0,0,0,-4.727728,0.008768973
2638,47,259,0,0,0,-5.0319676,0.006483645
2639,61,259,0,0,0,-7.385444,0.0006198307
2640,69,259,0,0,0,-10.084379,4.1724546e-05
2641,70,259,0,0,0,-6.7810507,0.0011337947
2642,71,259,0,0,0,-7.3287754,0.0006559463
2643,76,259,0,0,0,-9.669138,6.320032e-05
2644,78,259,0,0,0,-4.872755,0.0075941416
2645,80,259,0,0,0,-4.6991715,0.009020701
2646,83,259,0,0,0,-5.657426,0.0034793448
2647,84,259,0,0,0,-4.9794827,0.006830641
2648,88,259,0,0,0,-10.176197,3.806425e-05
2649,90,259,0,0,0,-4.7973614,0.008183961
2650,102,259,0,0,0,-4.711286,0.008913048
2651,116,259,0,0,0,-9.253314,9.578449e-05
2652,133,259,0,0,0,-7.174182,0.00076552574
2653,138,259,0,0,0,-6.954772,0.0009531621
2654,139,259,0,0,0,-6.155197,0.0021179274
2655,153,259,0,0,0,-10.922672,1.8044128e-05
2656,161,259,0,0,0,-8.9621105,0.00012815902
2657,165,259,0,0,0,-9.168053,0.00010430857
2658,190,259,0,0,0,-5.810988,0.00298553
2659,196,259,0,0,0,-6.4360046,0.0016002328
2660,208,259,0,0,0,-5.711233,0.0032976794
2661,212,259,0,0,0,-10.489251,2.7833257e-05
2662,214,259,0,0,0,-9.345453,8.73541e-05
2663,218,259,0,0,0,-5.14213,0.0058112587
2664,244,259,0,0,0,-9.399664,8.274503e-05
2665,248,259,0,0,0,-5.64865,0.0035099052
2666,251,259,0,0,0,-9.315886,8.9975285e-05
2667,268,259,0,0,0,-7.058693,0.00085916254
2668,278,259,0,0,0,-11.05533,1.5802441e-05
2669,279,259,0,0,0,-9.968617,4.6845093e-05
2670,281,259,0,0,0,-10.591122,2.5137575e-05
2671,284,259,0,0,0,-6.5843854,0.0013798696
2672,5,273,0,0,0,-0.84360856,0.30077532
2673,22,273,0,0,0,-2.0896142,0.11011038
2674,30,273,0,0,0,-1.5338395,0.17743263
2675,61,273,0,0,0,-2.600346,0.06911615
2676,114,273,0,0,0,-1.8654082,0.13407393
2677,155,273,0,0,0,-2.486321,0.07682271
2678,198,273,0,0,0,-2.7460206,0.060311787
2679,236,273,0,0,0,-1.782922,0.1439427
2680,277,273,0,0,0,-2.80637,0.056980923
2681,288,273,0,0,0,-2.668843,0.06483708
2682,27,274,0,0,0,-11.513411,9.99505e-06
2683,53,274,0,0,0,-7.3043313,0.00067216705
2684,61,274,0,0,0,-10.652461,2.3642026e-05
2685,62,274,0,0,0,-10.342498,3.223267e-05
2686,119,274,0,0,0,-9.68331,6.2311046e-05
2687,120,274,0,0,0,-10.036325,4.3778433e-05
2688,163,274,0,0,0,-12.126665,5.413198e-06
2689,244,274,0,0,0,-10.416239,2.9941391e-05
2690,285,274,0,0,0,-10.016877,4.4638145e-05
2691,73,275,0,0,0,-4.162059,0.015336583
2692,91,275,0,0,0,-4.7461753,0.008610072
2693,100,275,0,0,0,-8.8362255,0.00014534929
2694,178,275,0,0,0,-10.035122,4.383115e-05
2695,189,275,0,0,0,-5.8898134,0.002759855
2696,199,275,0,0,0,-6.500793,0.0014999941
2697,229,275,0,0,0,-8.328615,0.00024144794
2698,248,275,0,0,0,-4.644702,0.009520875
2699,280,275,0,0,0,-9.620888,6.632431e-05
2700,16,276,0,0,0,-3.5187917,0.028782254
2701,48,276,0,0,0,-2.8609898,0.05411601
2702,55,276,0,0,0,-1.7047799,0.15384202
2703,68,276,0,0,0,-1.7346709,0.1499911
2704,71,276,0,0,0,-2.5549355,0.07209562
2705,203,276,0,0,0,-2.5895755,0.06981234
2706,206,276,0,0,0,-2.4308193,0.08085256
2707,210,276,0,0,0,-3.3152194,0.03505275
2708,247,276,0,0,0,-2.3063293,0.09060013
2709,272,276,0,0,0,-3.233505,0.037924156
2710,21,287,0,0,0,-2.884704,0.052914895
2711,31,287,0,0,0,-1.5861752,0.1699227
2712,48,287,0,0,0,-2.3318734,0.0885174
2713,89,287,0,0,0,-3.4358819,0.031192694
2714,98,287,0,0,0,-3.446762,0.030865569
2715,126,287,0,0,0,-2.641654,0.066505276
2716,178,287,0,0,0,-1.3545017,0.20513538
2717,208,287,0,0,0,-0.6649063,0.33963832
2718,240,287,0,0,0,-2.0050159,0.118677296
2719,281,287,0,0,0,-3.2197492,0.038429253
2720,10,301,0,0,0,-5.2183943,0.0053868433
2721,44,301,0,0,0,-5.70877,0.0033057858
2722,65,301,0,0,0,-4.980611,0.0068229917
2723,85,301,0,0,0,-4.86343,0.007664743
2724,105,301,0,0,0,-5.577653,0.0037671851
2725,110,301,0,0,0,-5.301635,0.004958729
2726,173,301,0,0,0,-5.159048,0.0057143266
2727,205,301,0,0,0,-4.7279434,0.0087671
2728,211,301,0,0,0,-5.5050883,0.004049564
2729,289,301,0,0,0,-4.9236174,0.0072202636
2730,17,302,0,0,0,-3.799325,0.021895723
2731,64,302,0,0,0,-3.5687094,0.027419208
2732,114,302,0,0,0,-3.644734,0.025463054
2733,135,302,0,0,0,-3.7318192,0.023389079
2734,153,302,0,0,0,-3.5268126,0.028558886
2735,165,302,0,0,0,-3.846176,0.020914508
2736,166,302,0,0,0,-4.395413,0.012183517
2737,206,302,0,0,0,-4.342346,0.012838994
2738,260,302,0,0,0,-4.1329165,0.015782947
2739,26,303,0,0,0,-3.1563575,0.040841505
2740,27,303,0,0,0,-3.2214456,0.038366616
2741,33,303,0,0,0,-2.8585207,0.054242536
2742,61,303,0,0,0,-2.582703,0.07025995
2743,100,303,0,0,0,-4.7136774,0.0088919485
2744,104,303,0,0,0,-3.258939,0.037007
2745,187,303,0,0,0,-2.811581,0.056701563
2746,229,303,0,0,0,-2.8928862,0.052506346
2747,257,303,0,0,0,-3.545333,0.028049532
2748,280,303,0,0,0,-3.6579702,0.025136655
2749,36,304,0,0,0,-3.2927938,0.035819236
2750,37,304,0,0,0,-2.110119,0.10811718
2751,63,304,0,0,0,-3.4654224,0.030312244
2752,86,304,0,0,0,-3.0562205,0.044949673
2753,116,304,0,0,0,-3.3001795,0.035565034
2754,121,304,0,0,0,-3.258534,0.03702144
2755,140,304,0,0,0,-4.236851,0.014247116
2756,189,304,0,0,0,-2.172041,0.10228947
2757,251,304,0,0,0,-3.3587132,0.033610996
2758,8,305,0,0,0,-3.312694,0.035138264
2759,18,305,0,0,0,-3.184713,0.039745074
2760,37,305,0,0,0,-2.4486911,0.079534315
2761,53,305,0,0,0,-2.909758,0.05167329
2762,175,305,0,0,0,-3.2496977,0.037337754
2763,189,305,0,0,0,-2.6025896,0.06897195
2764,212,305,0,0,0,-3.472844,0.03009486
2765,217,305,0,0,0,-3.594966,0.026727635
2766,290,305,0,0,0,-3.4919298,0.029542727
2767,12,306,0,0,0,-3.1003559,0.04309258
2768,21,306,0,0,0,-4.1417627,0.015646117
2769,39,306,0,0,0,-3.2490592,0.03736071
2770,55,306,0,0,0,-2.9216452,0.05109388
2771,100,306,0,0,0,-3.4830241,0.029799124
2772,112,306,0,0,0,-3.9572263,0.018757494
2773,131,306,0,0,0,-4.521681,0.010753835
2774,168,306,0,0,0,-4.300786,0.0133765405
2775,200,306,0,0,0,-4.075556,0.016699174
2776,256,306,0,0,0,-5.14832,0.0057756035
2777,0,307,0,0,0,-5.529117,0.0039537977
2778,55,307,0,0,0,-4.341302,0.012852237
2779,74,307,0,0,0,-5.4916716,0.0041040373
2780,80,307,0,0,0,-3.9557905,0.018783938
2781,81,307,0,0,0,-5.329362,0.00482378
2782,90,307,0,0,0,-4.4654016,0.011369328
2783,181,307,0,0,0,-4.9783707,0.006838189
2784,183,307,0,0,0,-4.8487635,0.007777106
2785,190,307,0,0,0,-4.9110513,0.007310899
2786,43,308,0,0,0,-4.1223583,0.015947796
2787,59,308,0,0,0,-5.5005794,0.0040677898
2788,60,308,0,0,0,-4.5620546,0.010332705
2789,70,308,0,0,0,-3.6086893,0.026372954
2790,109,308,0,0,0,-5.352035,0.0047161505
2791,130,308,0,0,0,-4.0841646,0.016558401
2792,141,308,0,0,0,-6.0994115,0.002239163
2793,272,308,0,0,0,-4.531617,0.010648642
2794,283,308,0,0,0,-6.7440147,0.0011765228
2795,9,309,0,0,0,-2.114402,0.10770488
2796,33,309,0,0,0,-2.1607022,0.103335366
2797,59,309,0,0,0,-3.4799588,0.029887876
2798,68,309,0,0,0,-3.7262444,0.023516756
2799,110,309,0,0,0,-3.68734,0.024426902
2800,149,309,0,0,0,-3.4397662,0.031075524
2801,210,309,0,0,0,-2.9816382,0.048262324
2802,271,309,0,0,0,-2.1393538,0.10533027
2803,281,309,0,0,0,-3.7822552,0.022264294
2804,58,313,0,0,0,-3.155515,0.040874522
2805,66,313,0,0,0,-2.7449288,0.06037369
2806,67,313,0,0,0,-2.0784845,0.11120567
2807,89,313,0,0,0,-2.2873135,0.09217912
2808,94,313,0,0,0,-2.762446,0.059387587
2809,111,313,0,0,0,-2.9329116,0.050550397
2810,117,313,0,0,0,-2.6108613,0.068442665
2811,193,313,0,0,0,-3.0276098,0.046194024
2812,278,313,0,0,0,-2.0903535,0.11003795
2813,23,314,0,0,0,-2.2400532,0.09621092
2814,105,314,0,0,0,-1.9957242,0.119652584
2815,150,314,0,0,0,-2.0959787,0.10948828
2816,195,314,0,0,0,-2.1314728,0.10607525
2817,205,314,0,0,0,-2.2880473,0.09211773
2818,244,314,0,0,0,-2.6889079,0.06363106
2819,256,314,0,0,0,-1.8669393,0.13389626
2820,258,314,0,0,0,-1.442066,0.19122563
2821,283,314,0,0,0,-2.4434369,0.07991982
2822,6,326,0,0,0,-6.212554,0.002000104
2823,37,326,0,0,0,-5.6938686,0.0033552481
2824,72,326,0,0,0,-6.934757,0.0009724128
2825,78,326,0,0,0,-6.3793297,0.0016933872
2826,81,326,0,0,0,-7.1179037,0.0008098076
2827,88,326,0,0,0,-5.17463,0.0056264726
2828,133,326,0,0,0,-7.2895536,0.000682167
2829,134,326,0,0,0,-7.9814005,0.0003416437
2830,140,326,0,0,0,-14.2802,6.283298e-07
2831,149,326,0,0,0,-12.016043,6.0463926e-06
2832,159,326,0,0,0,-8.320446,0.00024342797
2833,161,326,0,0,0,-7.412816,0.00060310494
2834,169,326,0,0,0,-5.8947334,0.002746347
2835,187,326,0,0,0,-7.756053,0.00042795992
2836,201,326,0,0,0,-9.8839,5.0986448e-05
2837,226,326,0,0,0,-6.8966517,0.001010144
2838,234,326,0,0,0,-10.20376,3.7029444e-05
2839,260,326,0,0,0,-5.8918643,0.0027542163
2840,278,326,0,0,0,-10.407964,3.0190176e-05
2841,5,327,0,0,0,-4.3713865,0.012476092
2842,10,327,0,0,0,-4.0098805,0.017812522
2843,20,327,0,0,0,-4.9268866,0.0071968674
2844,24,327,0,0,0,-5.0076184,0.006642393
2845,26,327,0,0,0,-4.6674213,0.009308997
2846,45,327,0,0,0,-5.8513374,0.002867802
2847,105,327,0,0,0,-6.336669,0.001767061
2848,113,327,0,0,0,-6.057973,0.002333679
2849,115,327,0,0,0,-4.6083074,0.009870283
2850,117,327,0,0,0,-4.705317,0.008965931
2851,137,327,0,0,0,-5.130281,0.005880118
2852,143,327,0,0,0,-3.695168,0.024241053
2853,147,327,0,0,0,-3.8952904,0.0199321
2854,176,327,0,0,0,-5.261268,0.005161937
2855,178,327,0,0,0,-3.908833,0.019669259
2856,189,327,0,0,0,-5.3988276,0.0045015244
2857,190,327,0,0,0,-3.8025866,0.02182598
2858,205,327,0,0,0,-3.5554297,0.027775573
2859,206,327,0,0,0,-4.883459,0.0075138947
2860,210,327,0,0,0,-3.4488873,0.030802058
2861,211,327,0,0,0,-4.2466702,0.014109871
2862,216,327,0,0,0,-3.9113176,0.019621408
2863,225,327,0,0,0,-4.1530824,0.015472732
2864,235,327,0,0,0,-4.9206123,0.007241836
2865,242,327,0,0,0,-5.850259,0.0028708882
2866,248,327,0,0,0,-4.9570465,0.006984544
2867,249,327,0,0,0,-4.0722337,0.016753813
2868,273,327,0,0,0,-5.428713,0.0043695644
2869,5,328,0,0,0,-3.6120095,0.026287833
2870,13,328,0,0,0,-1.4109526,0.19608386
2871,22,328,0,0,0,-4.9106374,0.0073139034
2872,55,328,0,0,0,-2.887979,0.052751012
2873,85,328,0,0,0,-4.988907,0.006767004
2874,91,328,0,0,0,-3.3147943,0.03506713
2875,125,328,0,0,0,-4.709683,0.00892722
2876,132,328,0,0,0,-2.6319814,0.0671083
2877,146,328,0,0,0,-3.5513353,0.027886352
2878,148,328,0,0,0,-4.265748,0.01384693
2879,159,328,0,0,0,-3.8755956,0.020320494
2880,164,328,0,0,0,-3.4972687,0.029390045
2881,204,328,0,0,0,-3.9781313,0.01837657
2882,209,328,0,0,0,-4.216631,0.014533899
2883,210,328,0,0,0,-5.8492913,0.0028736591
2884,244,328,0,0,0,-3.5812106,0.027087795
2885,246,328,0,0,0,-4.493843,0.011054047
2886,257,328,0,0,0,-4.5530014,0.010425695
2887,290,328,0,0,0,-4.0309906,0.017446931
2888,2,329,0,0,0,-3.413641,0.03187186
2889,29,329,0,0,0,-5.0005784,0.006689007
2890,40,329,0,0,0,-4.8422666,0.007827401
2891,65,329,0,0,0,-3.9515293,0.018862639
2892,126,329,0,0,0,-4.089427,0.016472926
2893,157,329,0,0,0,-5.2160225,0.005399566
2894,177,329,0,0,0,-3.4648085,0.030330295
2895,185,329,0,0,0,-4.000414,0.017978901
2896,199,329,0,0,0,-3.8978355,0.019882442
2897,204,329,0,0,0,-4.359972,0.01261751
2898,214,329,0,0,0,-3.5250235,0.028608562
2899,218,329,0,0,0,-5.8337154,0.0029186376
2900,221,329,0,0,0,-5.294258,0.0049952595
2901,254,329,0,0,0,-4.481499,0.011189806
2902,266,329,0,0,0,-5.0862985,0.0061428878
2903,268,329,0,0,0,-6.0726967,0.0022996485
2904,280,329,0,0,0,-3.7897556,0.022101603
2905,288,329,0,0,0,-5.2033215,0.005468206
2906,291,329,0,0,0,-4.235943,0.014259879
2907,17,331,0,0,0,-1.118431,0.24630244
2908,22,331,0,0,0,-2.0673203,0.11231392
2909,88,331,0,0,0,-1.5553601,0.17431346
2910,90,331,0,0,0,-2.606079,0.068748206
2911,93,331,0,0,0,-1.2531705,0.2221518
2912,130,331,0,0,0,-1.8006127,0.1417765
2913,226,331,0,0,0,-2.2318377,0.09692766
2914,232,331,0,0,0,-5.3419294,0.0047638235
2915,283,331,0,0,0,-0.48446298,0.38119882
2916,3,332,0,0,0,-3.0362484,0.045814894
2917,13,332,0,0,0,-3.0673525,0.0444742
2918,45,332,0,0,0,-2.5969324,0.06933611
2919,57,332,0,0,0,-2.7912126,0.057800885
2920,130,332,0,0,0,-2.849605,0.054701734
2921,173,332,0,0,0,-3.7739024,0.022446848
2922,213,332,0,0,0,-4.2223096,0.01445279
2923,264,332,0,0,0,-4.144566,0.015603
2924,276,332,0,0,0,-2.6826851,0.064002834
2925,6,333,0,0,0,-2.629406,0.06726971
2926,11,333,0,0,0,-2.741858,0.06054813
2927,15,333,0,0,0,-2.4506965,0.079387635
2928,65,333,0,0,0,-2.2390127,0.09630143
2929,85,333,0,0,0,-3.1833165,0.039798405
2930,90,333,0,0,0,-2.6126277,0.06833013
2931,212,333,0,0,0,-2.190215,0.10063262
2932,265,333,0,0,0,-3.0133328,0.04682716
2933,271,333,0,0,0,-3.0485058,0.04528203
2934,8,334,0,0,0,-6.289437,0.0018523672
2935,44,334,0,0,0,-1.9365237,0.12603027
2936,74,334,0,0,0,-1.1838377,0.23436287
2937,96,334,0,0,0,-1.1506741,0.24036598
2938,135,334,0,0,0,-4.7766376,0.008353902
2939,161,334,0,0,0,-3.0275393,0.046197135
2940,222,334,0,0,0,-0.66756964,0.33904126
2941,262,334,0,0,0,-3.3519034,0.03383289
2942,277,334,0,0,0,-2.9124527,0.051541403
2943,16,335,0,0,0,-3.4927897,0.029518083
2944,26,335,0,0,0,-3.1969275,0.03928151
2945,73,335,0,0,0,-2.8915162,0.052574545
2946,78,335,0,0,0,-2.8526611,0.054543924
2947,112,335,0,0,0,-3.704052,0.024031801
2948,138,335,0,0,0,-3.0618203,0.044709895
2949,143,335,0,0,0,-3.438341,0.031118467
2950,197,335,0,0,0,-3.4164214,0.031786177
2951,265,335,0,0,0,-3.3202252,0.034883823
2952,275,335,0,0,0,-3.0334678,0.045936607
2953,32,336,0,0,0,-4.7128277,0.00889944
2954,84,336,0,0,0,-2.9384356,0.050285935
2955,108,336,0,0,0,-5.5262275,0.003965194
2956,140,336,0,0,0,-4.462241,0.011404906
2957,141,336,0,0,0,-4.7380652,0.008679575
2958,199,336,0,0,0,-3.4608061,0.030448226
2959,221,336,0,0,0,-4.0729375,0.016742222
2960,229,336,0,0,0,-5.974077,0.0025373937
2961,246,336,0,0,0,-4.1018105,0.016273491
2962,43,337,0,0,0,-2.754247,0.059847247
2963,57,337,0,0,0,-3.342577,0.03413908
2964,81,337,0,0,0,-3.438622,0.031109992
2965,107,337,0,0,0,-3.0561566,0.04495242
2966,148,337,0,0,0,-4.734701,0.008708568
2967,170,337,0,0,0,-3.2372093,0.037789233
2968,226,337,0,0,0,-3.8540988,0.020752884
2969,230,337,0,0,0,-3.0994725,0.04312902
2970,234,337,0,0,0,-3.0337808,0.04592289
2971,249,337,0,0,0,-2.8960965,0.052346867
2972,46,338,0,0,0,-3.2501612,0.0373211
2973,68,338,0,0,0,-3.1393166,0.041514307
2974,111,338,0,0,0,-3.5806007,0.027103871
2975,150,338,0,0,0,-4.0074573,0.017854966
2976,155,338,0,0,0,-3.8669066,0.020494191
2977,192,338,0,0,0,-3.8366356,0.021110762
2978,204,338,0,0,0,-3.702432,0.024069829
2979,229,338,0,0,0,-2.5167894,0.07468953
2980,231,338,0,0,0,-4.5680866,0.010271205
2981,18,339,0,0,0,-5.4243507,0.0043885824
2982,32,339,0,0,0,-9.04337,0.000118157936
2983,37,339,0,0,0,-6.155099,0.002118135
2984,86,339,0,0,0,-6.215313,0.0019946045
2985,88,339,0,0,0,-9.78113,5.6504723e-05
2986,108,339,0,0,0,-8.630716,0.00017850484
2987,111,339,0,0,0,-5.7647,0.0031265304
2988,181,339,0,0,0,-5.628578,0.0035808128
2989,283,339,0,0,0,-6.579981,0.0013859523
2990,45,340,0,0,0,-3.261755,0.03690678
2991,65,340,0,0,0,-2.6267443,0.06743691
2992,80,340,0,0,0,-1.3453374,0.2066337
2993,85,340,0,0,0,-3.2296317,0.03806573
2994,205,340,0,0,0,-3.9077747,0.019689677
2995,216,340,0,0,0,-1.4339011,0.19249158
2996,226,340,0,0,0,-2.1026173,0.1088427
2997,245,340,0,0,0,-2.3146586,0.08991619
2998,271,340,0,0,0,-1.7579663,0.14704522
2999,46,341,0,0,0,-10.56714,2.5747697e-05
3000,60,341,0,0,0,-12.07786,5.683942e-06
3001,88,341,0,0,0,-13.020708,2.2139986e-06
3002,97,341,0,0,0,-10.563202,2.5849282e-05
3003,113,341,0,0,0,-11.0002575,1.6697122e-05
3004,118,341,0,0,0,-11.807547,7.4480818e-06
3005,141,341,0,0,0,-10.621385,2.4388251e-05
3006,192,341,0,0,0,-10.734658,2.1776481e-05
3007,258,341,0,0,0,-10.619363,2.443761e-05
3008,280,341,0,0,0,-9.595128,6.8054884e-05
3009,14,342,0,0,0,-4.3582277,0.012639259
3010,28,342,0,0,0,-4.5884376,0.010066371
3011,65,342,0,0,0,-4.616356,0.009791936
3012,76,342,0,0,0,-4.808923,0.008090649
3013,87,342,0,0,0,-6.436841,0.0015988972
3014,92,342,0,0,0,-4.1890965,0.014933583
3015,152,342,0,0,0,-4.1118555,0.016113462
3016,194,342,0,0,0,-5.5247707,0.0039709513
3017,260,342,0,0,0,-4.905085,0.0073543256
3018,49,343,0,0,0,-7.084857,0.00083699345
3019,97,343,0,0,0,-6.1974254,0.002030531
3020,167,343,0,0,0,-7.0964622,0.000827344
3021,175,343,0,0,0,-5.662544,0.0034616448
3022,200,343,0,0,0,-7.1204777,0.00080772757
3023,248,343,0,0,0,-6.1672583,0.0020925894
3024,258,343,0,0,0,-4.692085,0.009084273
3025,263,343,0,0,0,-5.3110747,0.004912368
3026,266,343,0,0,0,-6.7627378,0.0011547249
3027,17,344,0,0,0,-8.087707,0.0003071993
3028,77,344,0,0,0,-7.32117,0.0006609509
3029,112,344,0,0,0,-4.7992043,0.008169015
3030,134,344,0,0,0,-5.2516346,0.0052116443
3031,153,344,0,0,0,-5.5387716,0.003915958
3032,170,344,0,0,0,-5.3885317,0.0045478987
3033,210,344,0,0,0,-7.0532293,0.0008638654
3034,224,344,0,0,0,-7.828102,0.0003982222
3035,226,344,0,0,0,-4.6748214,0.009240999
3036,1,345,0,0,0,-7.139478,0.00079253723
3037,16,345,0,0,0,-11.314405,1.21958155e-05
3038,36,345,0,0,0,-8.71406,0.00016423306
3039,39,345,0,0,0,-7.124685,0.0008043392
3040,148,345,0,0,0,-8.359367,0.00023413761
3041,151,345,0,0,0,-5.1052837,0.00602806
3042,164,345,0,0,0,-6.271197,0.0018864
3043,194,345,0,0,0,-8.9135685,0.00013453273
3044,214,345,0,0,0,-7.667783,0.00046743496
3045,14,346,0,0,0,-2.128972,0.10631262
3046,23,346,0,0,0,-2.1823256,0.10134892
3047,129,346,0,0,0,-2.745986,0.060313746
3048,139,346,0,0,0,-2.951214,0.049679164
3049,147,346,0,0,0,-3.497169,0.029392889
3050,171,346,0,0,0,-2.9121215,0.051557597
3051,187,346,0,0,0,-2.2885273,0.0920776
3052,226,346,0,0,0,-2.408402,0.082534246
3053,242,346,0,0,0,-1.8997276,0.1301393
3054,283,346,0,0,0,-2.7211878,0.061734628
3055,0,347,0,0,0,-3.2492568,0.0373536
3056,57,347,0,0,0,-3.397867,0.032362193
3057,59,347,0,0,0,-2.8838987,0.05295527
3058,107,347,0,0,0,-2.8954804,0.052377436
3059,122,347,0,0,0,-3.2675226,0.036702316
3060,147,347,0,0,0,-3.3577032,0.033643816
3061,168,347,0,0,0,-3.1885283,0.039599713
3062,277,347,0,0,0,-3.5808113,0.02709832
3063,289,347,0,0,0,-3.6136374,0.026246196
3064,14,350,0,0,0,-8.453004,0.00021321338
3065,21,350,0,0,0,-9.262207,9.4936535e-05
3066,32,350,0,0,0,-8.67227,0.00017124058
3067,102,350,0,0,0,-9.208354,0.000100188794
3068,134,350,0,0,0,-8.43116,0.00021792101
3069,156,350,0,0,0,-11.265334,1.28092e-05
3070,193,350,0,0,0,-9.248753,9.622236e-05
3071,225,350,0,0,0,-8.590521,0.00018582471
3072,245,350,0,0,0,-7.1921473,0.00075190584
3073,272,350,0,0,0,-9.597928,6.786461e-05
3074,7,351,0,0,0,-3.2089262,0.038831193
3075,31,351,0,0,0,-2.9486558,0.04980008
3076,33,351,0,0,0,-2.644001,0.06635972
3077,36,351,0,0,0,-3.7905807,0.022083776
3078,58,351,0,0,0,-4.7016816,0.008998291
3079,148,351,0,0,0,-3.1836777,0.039784603
3080,171,351,0,0,0,-2.3223138,0.08929173
3081,174,351,0,0,0,-3.001306,0.047366906
3082,218,351,0,0,0,-3.604912,0.026470117
3083,33,352,0,0,0,-2.3794332,0.08475453
3084,52,352,0,0,0,-2.1881747,0.10081744
3085,136,352,0,0,0,-1.6853366,0.15639012
3086,160,352,0,0,0,-2.1046548,0.10864522
3087,180,352,0,0,0,-3.0580883,0.04486956
3088,183,352,0,0,0,-1.7321308,0.15031524
3089,189,352,0,0,0,-2.7283983,0.06131829
3090,195,352,0,0,0,-1.9281402,0.12695658
3091,257,352,0,0,0,-2.582348,0.070283145
3092,19,353,0,0,0,-3.0428085,0.045528967
3093,25,353,0,0,0,-3.7101097,0.02389013
3094,35,353,0,0,0,-4.1857977,0.014982188
3095,68,353,0,0,0,-3.2144876,0.038624156
3096,84,353,0,0,0,-4.3402357,0.012865771
3097,87,353,0,0,0,-5.5413322,0.0039059827
3098,127,353,0,0,0,-3.169077,0.040346142
3099,150,353,0,0,0,-4.2417617,0.014178317
3100,182,353,0,0,0,-4.313745,0.013206586
3101,30,354,0,0,0,-4.276548,0.013700227
3102,33,354,0,0,0,-3.9793825,0.018354014
3103,38,354,0,0,0,-3.2122045,0.038709022
3104,91,354,0,0,0,-3.196887,0.039283037
3105,129,354,0,0,0,-4.1040034,0.016238421
3106,147,354,0,0,0,-5.1982837,0.0054956716
3107,155,354,0,0,0,-4.6924314,0.009081153
3108,172,354,0,0,0,-3.385316,0.032757543
3109,268,354,0,0,0,-4.452374,0.011516696
3110,49,356,0,0,0,-4.9792986,0.00683189
3111,70,356,0,0,0,-1.8645446,0.13417421
3112,111,356,0,0,0,-1.4904599,0.1838527
3113,114,356,0,0,0,-3.5590763,0.02767727
3114,118,356,0,0,0,-2.9207377,0.05113789
3115,166,356,0,0,0,-2.6407635,0.06656058
3116,198,356,0,0,0,-3.235117,0.037865385
3117,217,356,0,0,0,-4.433139,0.01173774
3118,233,356,0,0,0,-1.8713627,0.13338412
3119,257,356,0,0,0,-3.5041027,0.029195722
3120,72,357,0,0,0,-3.500016,0.029311776
3121,137,357,0,0,0,-3.3993547,0.032315638
3122,139,357,0,0,0,-3.1814404,0.03987016
3123,149,357,0,0,0,-3.3093684,0.035251193
3124,157,357,0,0,0,-3.8701754,0.020428678
3125,170,357,0,0,0,-4.164751,0.0152959805
3126,244,357,0,0,0,-2.6873872,0.063721724
3127,271,357,0,0,0,-2.6507926,0.06594017
3128,279,357,0,0,0,-2.9763725,0.048504774
3129,5,358,0,0,0,-1.48617,0.18449728
3130,23,358,0,0,0,-1.699297,0.15455711
3131,138,358,0,0,0,-2.6171842,0.06804063
3132,173,358,0,0,0,-8.129372,0.0002946665
3133,190,358,0,0,0,-1.1649883,0.23776206
3134,192,358,0,0,0,-3.096821,0.043238573
3135,196,358,0,0,0,-4.1470094,0.015565516
3136,266,358,0,0,0,-2.994305,0.047683824
3137,278,358,0,0,0,-1.4026012,0.19740365
3138,70,359,0,0,0,-2.7578945,0.059642345
3139,92,359,0,0,0,-3.6287794,0.025861971
3140,141,359,0,0,0,-2.945232,0.04996235
3141,168,359,0,0,0,-3.5225036,0.028678672
3142,170,359,0,0,0,-3.324904,0.03472665
3143,184,359,0,0,0,-3.134138,0.041720852
3144,228,359,0,0,0,-3.3967257,0.032397952
3145,229,359,0,0,0,-3.3441248,0.034088083
3146,284,359,0,0,0,-3.935113,0.019168865
3147,14,360,0,0,0,-3.9242659,0.019373873
3148,38,360,0,0,0,-4.043159,0.017239554
3149,41,360,0,0,0,-4.09726,0.016346497
3150,79,360,0,0,0,-3.7699327,0.02253412
3151,110,360,0,0,0,-4.4346313,0.011720439
3152,135,360,0,0,0,-4.344632,0.012810054
3153,178,360,0,0,0,-3.8043761,0.021787807
3154,207,360,0,0,0,-4.270383,0.013783783
3155,218,360,0,0,0,-5.9617467,0.002568794
3156,276,360,0,0,0,-7.0105476,0.00090150087
3157,11,361,0,0,0,-5.635719,0.0035554252
3158,80,361,0,0,0,-5.0574822,0.0063213427
3159,111,361,0,0,0,-6.626978,0.0013224076
3160,148,361,0,0,0,-7.076912,0.0008436643
3161,188,361,0,0,0,-5.5822587,0.0037499391
3162,193,361,0,0,0,-5.7766085,0.0030896333
3163,214,361,0,0,0,-7.0057645,0.0009058193
3164,216,361,0,0,0,-7.2969785,0.0006771242
3165,263,361,0,0,0,-7.3000536,0.0006750466
3166,38,362,0,0,0,-6.083582,0.0022748087
3167,41,362,0,0,0,-6.4167194,0.0016313423
3168,61,362,0,0,0,-7.798533,0.0004101682
3169,108,362,0,0,0,-7.8933105,0.00037309268
3170,127,362,0,0,0,-7.282749,0.0006868214
3171,159,362,0,0,0,-7.3156085,0.00066463446
3172,200,362,0,0,0,-8.81184,0.00014893673
3173,246,362,0,0,0,-9.683451,6.230225e-05
3174,265,362,0,0,0,-7.314357,0.00066546636
3175,287,362,0,0,0,-7.0073175,0.00090441486
3176,14,363,0,0,0,-4.1396194,0.015679162
3177,114,363,0,0,0,-4.678989,0.00920292
3178,141,363,0,0,0,-4.124998,0.015906421
3179,142,363,0,0,0,-3.8824506,0.020184474
3180,200,363,0,0,0,-2.9315624,0.05061519
3181,233,363,0,0,0,-3.0663157,0.044518284
3182,236,363,0,0,0,-3.4651175,0.030321209
3183,243,363,0,0,0,-4.1302156,0.015824955
3184,260,363,0,0,0,-3.9821978,0.018303359
3185,5,364,0,0,0,-5.4709597,0.0041895662
3186,37,364,0,0,0,-5.466916,0.00420647
3187,38,364,0,0,0,-5.140297,0.005821858
3188,100,364,0,0,0,-5.1718826,0.0056418655
3189,141,364,0,0,0,-4.595152,0.009999683
3190,159,364,0,0,0,-4.351976,0.012717516
3191,210,364,0,0,0,-5.9295874,0.0026525245
3192,276,364,0,0,0,-7.1169167,0.0008106067
3193,286,364,0,0,0,-5.1795216,0.0055991723
3194,23,365,0,0,0,-3.2001863,0.039158713
3195,34,365,0,0,0,-3.2538261,0.037189644
3196,119,365,0,0,0,-6.050393,0.0023513932
3197,131,365,0,0,0,-3.9728703,0.018471712
3198,142,365,0,0,0,-4.5123615,0.010853428
3199,162,365,0,0,0,-4.344522,0.012811447
3200,221,365,0,0,0,-5.558921,0.003838144
3201,224,365,0,0,0,-5.5694084,0.0037982536
3202,226,365,0,0,0,-4.183557,0.015015291
3203,277,365,0,0,0,-5.989298,0.002499161
3204,53,366,0,0,0,-1.6123624,0.16626088
3205,56,366,0,0,0,-3.2550464,0.037145976
3206,97,366,0,0,0,-2.5901337,0.0697761
3207,117,366,0,0,0,-2.8051405,0.057047024
3208,140,366,0,0,0,-1.0204886,0.26493225
3209,143,366,0,0,0,-2.1974006,0.09998416
3210,187,366,0,0,0,-2.0094066,0.118218824
3211,210,366,0,0,0,-5.392421,0.004530326
3212,272,366,0,0,0,-2.8675928,0.053779013
3213,30,367,0,0,0,-6.4968195,0.0015059572
3214,57,367,0,0,0,-4.6687555,0.0092967
3215,74,367,0,0,0,-2.2563283,0.09480499
3216,182,367,0,0,0,-4.002646,0.017939534
3217,198,367,0,0,0,-4.6174216,0.009781608
3218,230,367,0,0,0,-3.4627585,0.030390643
3219,234,367,0,0,0,-5.469511,0.0041956143
3220,263,367,0,0,0,-3.8702264,0.020427657
3221,283,367,0,0,0,-2.4373717,0.08036695
3222,6,368,0,0,0,-3.10282,0.042991087
3223,39,368,0,0,0,-2.3972096,0.08338572
3224,75,368,0,0,0,-2.5890574,0.069846
3225,87,368,0,0,0,-3.1689172,0.040352326
3226,94,368,0,0,0,-3.6159525,0.026187094
3227,145,368,0,0,0,-2.7299557,0.06122871
3228,153,368,0,0,0,-7.383539,0.00062101183
3229,201,368,0,0,0,-7.2020664,0.00074448995
3230,208,368,0,0,0,-3.2172272,0.038522553
3231,11,370,0,0,0,-1.2609076,0.22081769
3232,65,370,0,0,0,-2.2673967,0.09385939
3233,80,370,0,0,0,-0.9527897,0.27832413
3234,139,370,0,0,0,-1.7745862,0.14497292
3235,172,370,0,0,0,-2.4353108,0.08051939
3236,174,370,0,0,0,-2.356156,0.08657769
3237,190,370,0,0,0,-1.3160079,0.21148326
3238,265,370,0,0,0,-2.2386808,0.096330315
3239,291,370,0,0,0,-1.8767643,0.13276097
3240,32,374,0,0,0,-3.1727755,0.04020318
3241,196,374,0,0,0,-2.6490989,0.06604457
3242,233,374,0,0,0,-2.2010226,0.0996587
3243,246,374,0,0,0,-7.129693,0.0008003242
3244,257,374,0,0,0,-3.7675657,0.022586316
3245,262,374,0,0,0,-2.770681,0.058929242
3246,273,374,0,0,0,-3.214476,0.03862458
3247,275,374,0,0,0,-3.0581264,0.044867925
3248,284,374,0,0,0,-2.9864118,0.04804353
3249,61,375,0,0,0,-6.368885,0.0017111363
3250,131,375,0,0,0,-5.148631,0.0057738186
3251,138,375,0,0,0,-5.8429394,0.0028919175
3252,165,375,0,0,0,-3.9804378,0.01833501
3253,179,375,0,0,0,-5.8065777,0.0029986866
3254,210,375,0,0,0,-4.0409055,0.017277775
3255,211,375,0,0,0,-3.8521342,0.020792846
3256,242,375,0,0,0,-5.100173,0.0060587595
3257,259,375,0,0,0,-5.3493257,0.0047288854
3258,272,375,0,0,0,-5.179919,0.0055969614
3259,287,375,0,0,0,-5.5555034,0.0038512326
3260,5,376,0,0,0,-2.7279036,0.06134677
3261,151,376,0,0,0,-0.69198287,0.33359212
3262,176,376,0,0,0,-2.851713,0.05459284
3263,187,376,0,0,0,-1.5313253,0.17779985
3264,193,376,0,0,0,-2.6410632,0.06654196
3265,214,376,0,0,0,-1.6584091,0.15997566
3266,225,376,0,0,0,-3.5483027,0.027968682
3267,260,376,0,0,0,-1.8443835,0.13653369
3268,281,376,0,0,0,-3.8887239,0.020060781
3269,30,377,0,0,0,-3.5076382,0.02909568
3270,98,377,0,0,0,-3.224759,0.038244553
3271,176,377,0,0,0,-3.2862072,0.036047406
3272,214,377,0,0,0,-3.291585,0.035861004
3273,259,377,0,0,0,-3.8603864,0.02062549
3274,262,377,0,0,0,-3.3555167,0.033714976
3275,267,377,0,0,0,-4.987673,0.0067753033
3276,287,377,0,0,0,-3.4063287,0.032098264
3277,290,377,0,0,0,-3.7832618,0.022242391
3278,34,380,0,0,0,-7.959138,0.00034933217
3279,35,380,0,0,0,-6.907815,0.0009989414
3280,96,380,0,0,0,-6.342247,0.0017572489
3281,97,380,0,0,0,-6.998207,0.0009126846
3282,135,380,0,0,0,-9.989346,4.588412e-05
3283,157,380,0,0,0,-7.019801,0.0008932047
3284,204,380,0,0,0,-8.066844,0.00031367358
3285,241,380,0,0,0,-8.592116,0.00018552852
3286,276,380,0,0,0,-8.61112,0.00018203669
3287,22,381,0,0,0,-11.07683,1.5466327e-05
3288,72,381,0,0,0,-13.305956,1.664547e-06
3289,104,381,0,0,0,-12.616819,3.3157633e-06
3290,136,381,0,0,0,-13.110062,2.0247512e-06
3291,145,381,0,0,0,-12.310635,4.5035745e-06
3292,212,381,0,0,0,-13.283802,1.7018345e-06
3293,239,381,0,0,0,-9.254341,9.568617e-05
3294,259,381,0,0,0,-9.927282,4.882192e-05
3295,277,381,0,0,0,-10.776359,2.0887086e-05
3296,6,386,0,0,0,-5.7133255,0.0032908095
3297,27,386,0,0,0,-4.5524664,0.010431216
3298,36,386,0,0,0,-5.6847744,0.0033857971
3299,44,386,0,0,0,-4.632617,0.009635517
3300,70,386,0,0,0,-5.2749786,0.005092005
3301,87,386,0,0,0,-3.0208335,0.04649351
3302,106,386,0,0,0,-3.9226632,0.019404344
3303,170,386,0,0,0,-5.253313,0.0052029495
3304,232,386,0,0,0,-3.9742699,0.018446356
3305,16,390,0,0,0,1.6676507,0.84126234
3306,21,390,0,0,0,0.36320335,0.5898157
3307,40,390,0,0,0,-0.12183589,0.46957865
3308,163,390,0,0,0,0.19104415,0.5476163
3309,177,390,0,0,0,1.6466055,0.8384317
3310,241,390,0,0,0,-0.19238049,0.45205265
3311,247,390,0,0,0,0.56816167,0.63833886
3312,252,390,0,0,0,-1.6001658,0.16795844
3313,260,390,0,0,0,0.41694158,0.6027512
3314,282,390,0,0,0,0.19410366,0.5483741
3315,15,391,0,0,0,-3.5183883,0.028793532
3316,44,391,0,0,0,-5.1444902,0.0057976376
3317,56,391,0,0,0,-2.7536423,0.059881274
3318,157,391,0,0,0,-1.1992536,0.23160803
3319,175,391,0,0,0,-4.1409063,0.015659312
3320,183,391,0,0,0,-3.3222575,0.034815468
3322,242,391,0,0,0,-3.26198,0.03689878
3323,252,391,0,0,0,-5.543018,0.00389943
3324,270,391,0,0,0,-2.0646198,0.11258345
3325,45,392,0,0,0,-10.528315,2.6766984e-05
3326,71,392,0,0,0,-8.283869,0.00025249444
3327,91,392,0,0,0,-9.019247,0.00012104259
3328,98,392,0,0,0,-9.206034,0.00010042151
3329,109,392,0,0,0,-10.176898,3.8037575e-05
3330,110,392,0,0,0,-6.9768953,0.00093232596
3331,145,392,0,0,0,-8.89871,0.0001365463
3332,234,392,0,0,0,-13.424415,1.4785982e-06
3333,255,392,0,0,0,-8.558238,0.00019192038
3334,282,392,0,0,0,-7.956083,0.00035040066
3335,291,392,0,0,0,-11.51551,9.974093e-06
3336,60,393,0,0,0,-5.2946863,0.004993132
3337,61,393,0,0,0,-4.1084476,0.016167581
3338,63,393,0,0,0,-5.4789906,0.0041561946
3339,107,393,0,0,0,-7.475815,0.00056630303
3340,109,393,0,0,0,-5.3057857,0.00493829
3341,142,393,0,0,0,-11.041871,1.6016564e-05
3342,162,393,0,0,0,-8.3465805,0.00023715
3343,165,393,0,0,0,-9.46149,7.778457e-05
3344,168,393,0,0,0,-4.9418507,0.0070907325
3345,97,394,0,0,0,-2.9852142,0.048098333
3346,158,394,0,0,0,-3.0929902,0.043397333
3347,210,394,0,0,0,-3.1871257,0.039653093
3348,211,394,0,0,0,-3.068054,0.0444444
3349,239,394,0,0,0,-2.538274,0.073218204
3350,255,394,0,0,0,-2.895346,0.052384112
3351,256,394,0,0,0,-4.143749,0.015615551
3352,265,394,0,0,0,-2.4283102,0.08103923
3353,274,394,0,0,0,-1.8935485,0.1308404
3354,38,395,0,0,0,-5.9753814,0.002534095
3355,46,395,0,0,0,-7.435199,0.00058976363
3356,70,395,0,0,0,-9.65242,6.426571e-05
3357,84,395,0,0,0,-4.4587502,0.011444333
3358,101,395,0,0,0,-5.5284886,0.003956273
3359,115,395,0,0,0,-9.42336,8.0807506e-05
3360,140,395,0,0,0,-11.781142,7.647362e-06
3361,159,395,0,0,0,-7.5855584,0.00050747354
3362,194,395,0,0,0,-7.179428,0.0007615232
3363,247,395,0,0,0,-6.8439302,0.001064771
3364,58,396,0,0,0,-12.968964,2.3315763e-06
3365,69,396,0,0,0,-14.051184,7.9003826e-07
3366,88,396,0,0,0,-14.663911,4.28099e-07
3367,116,396,0,0,0,-11.820837,7.349749e-06
3368,140,396,0,0,0,-15.592542,1.6913953e-07
3369,192,396,0,0,0,-7.5387836,0.0005317615
3370,235,396,0,0,0,-15.609149,1.6635377e-07
3371,254,396,0,0,0,-9.344951,8.739801e-05
3372,258,396,0,0,0,-15.168726,2.5840797e-07
3373,6,412,0,0,0,2.0254872,0.88344723
3374,20,412,0,0,0,0.16989726,0.54237247
3375,88,412,0,0,0,1.9158049,0.8716699
3376,115,412,0,0,0,0.019418895,0.50485456
3377,130,412,0,0,0,0.48535967,0.61901265
3378,144,412,0,0,0,1.4041138,0.8028359
3379,154,412,0,0,0,1.819365,0.8604899
3380,216,412,0,0,0,1.5622215,0.8266719
3381,277,412,0,0,0,1.8884003,0.868573
3382,47,413,0,0,0,-2.4337096,0.08063802
3383,62,413,0,0,0,-1.2393208,0.22455424
3384,81,413,0,0,0,-2.01829,0.11729592
3385,101,413,0,0,0,-2.3325381,0.08846378
3386,106,413,0,0,0,-1.9846692,0.120821975
3387,109,413,0,0,0,-2.3791044,0.08478003
3388,155,413,0,0,0,-1.7551446,0.14739949
3389,160,413,0,0,0,-1.9783318,0.12149678
3390,174,413,0,0,0,-2.4885416,0.07666537
3391,51,414,0,0,0,-2.1735933,0.10214701
3392,106,414,0,0,0,-2.1580153,0.1035846
3393,146,414,0,0,0,-2.7957187,0.05755597
3394,150,414,0,0,0,-1.9976926,0.1194454
3395,151,414,0,0,0,-2.954225,0.049537204
3396,173,414,0,0,0,-2.7470849,0.060251497
3397,251,414,0,0,0,-1.7994475,0.14191833
3398,271,414,0,0,0,-2.154869,0.103877105
3399,273,414,0,0,0,-1.9871659,0.12055702
3400,37,415,0,0,0,-3.330349,0.03454459
3401,38,415,0,0,0,-3.271884,0.036548432
3402,69,415,0,0,0,-3.9673018,0.018572943
3403,86,415,0,0,0,-3.256711,0.037086483
3404,170,415,0,0,0,-2.5830345,0.07023831
3405,198,415,0,0,0,-2.9910936,0.04782986
3406,206,415,0,0,0,-2.8699808,0.053657625
3407,249,415,0,0,0,-2.718288,0.061902814
3408,285,415,0,0,0,-3.072547,0.04425398
3409,12,416,0,0,0,-1.0623157,0.25686717
3410,35,416,0,0,0,-2.1921287,0.10045957
3411,40,416,0,0,0,-0.99789125,0.26935622
3412,73,416,0,0,0,-0.025592625,0.4936022
3413,76,416,0,0,0,-1.3845644,0.20027694
3414,155,416,0,0,0,-1.4825251,0.18504632
3415,189,416,0,0,0,-0.8072453,0.30847782
3416,191,416,0,0,0,-0.84563226,0.3003499
3417,206,416,0,0,0,-2.1898584,0.100664906
3418,30,417,0,0,0,-1.7185118,0.15206295
3419,90,417,0,0,0,-1.1351383,0.2432141
3420,92,417,0,0,0,-1.0630121,0.25673425
3421,122,417,0,0,0,-0.70010877,0.33178812
3422,176,417,0,0,0,0.5007381,0.62263274
3423,186,417,0,0,0,-1.294971,0.21501261
3424,201,417,0,0,0,-1.124336,0.24520789
3425,205,417,0,0,0,-2.4470077,0.07965765
3426,288,417,0,0,0,-0.5368687,0.3689163
3427,24,418,0,0,0,-3.2969193,0.035677027
3429,74,418,0,0,0,-1.2397938,0.22447188
3430,158,418,0,0,0,-5.1239142,0.0059174523
3431,184,418,0,0,0,-0.49733555,0.37816703
3432,187,418,0,0,0,-0.37646395,0.40698004
3433,207,418,0,0,0,-3.4759,0.030005785
3434,249,418,0,0,0,-2.065662,0.112479374
3435,287,418,0,0,0,-1.3417838,0.20721687
3436,9,421,0,0,0,-2.379634,0.084738955
3437,10,421,0,0,0,-3.9014583,0.019811967
3438,27,421,0,0,0,-3.616495,0.026173266
3439,48,421,0,0,0,-3.5548296,0.027791783
3440,115,421,0,0,0,-3.1817412,0.039858643
3441,168,421,0,0,0,-2.6983585,0.06307028
3442,180,421,0,0,0,-3.204206,0.03900775
3443,225,421,0,0,0,-3.7212143,0.023632543
3444,272,421,0,0,0,-2.3775084,0.08490395
3445,18,425,0,0,0,-0.46404004,0.38602784
3446,34,425,0,0,0,-3.3348477,0.034394864
3447,133,425,0,0,0,-1.3472588,0.20631889
3448,161,425,0,0,0,-1.3058269,0.213186
3449,169,425,0,0,0,-0.94314045,0.28026643
3450,170,425,0,0,0,-1.707156,0.15353297
3451,189,425,0,0,0,-1.9028141,0.1297903
3452,200,425,0,0,0,-2.4811597,0.07718956
3453,236,425,0,0,0,-1.3971543,0.19826807
3454,239,425,0,0,0,-1.3680415,0.20293646
3455,24,426,0,0,0,-1.3254857,0.20990707
3456,86,426,0,0,0,-1.2033136,0.23088627
3457,87,426,0,0,0,-2.0477285,0.1142821
3458,91,426,0,0,0,-2.5245461,0.07415522
3459,106,426,0,0,0,-2.404008,0.082867585
3460,119,426,0,0,0,-1.934376,0.12626702
3461,138,426,0,0,0,-2.0669491,0.11235093
3462,278,426,0,0,0,-2.1527395,0.1040755
3463,285,426,0,0,0,-2.2937107,0.09164518
3464,17,427,0,0,0,-2.0020638,0.11898641
3465,76,427,0,0,0,-3.5507474,0.027902294
3466,87,427,0,0,0,-7.2372828,0.00071874657
3467,113,427,0,0,0,-2.643695,0.066378675
3468,133,427,0,0,0,-1.3310275,0.20898946
3469,177,427,0,0,0,-4.8635187,0.0076640686
3470,207,427,0,0,0,-1.2154391,0.22874008
3471,276,427,0,0,0,-1.6000323,0.1679771
3472,278,427,0,0,0,-4.662024,0.009358905
3473,0,428,0,0,0,-4.2086763,0.014648271
3474,1,428,0,0,0,-4.575232,0.01019882
3475,58,428,0,0,0,-5.9257574,0.002662676
3476,107,428,0,0,0,-4.4350386,0.011715723
3477,121,428,0,0,0,-4.2137737,0.014574879
3478,138,428,0,0,0,-2.6813188,0.06408473
3479,176,428,0,0,0,-7.148863,0.0007851402
3480,221,428,0,0,0,-4.4941354,0.011050852
3481,267,428,0,0,0,-5.401046,0.0044915946
3482,65,430,0,0,0,-2.4050376,0.082789354
3483,73,430,0,0,0,-1.6121414,0.16629152
3484,120,430,0,0,0,-2.1320224,0.106023155
3485,123,430,0,0,0,-2.2059374,0.09921858
3486,161,430,0,0,0,-2.1603231,0.103370495
3487,168,430,0,0,0,-2.1260808,0.10658763
3488,170,430,0,0,0,-2.4260652,0.08120657
3489,191,430,0,0,0,-2.2258286,0.09745493
3490,231,430,0,0,0,-1.6889749,0.1559107
3491,40,432,0,0,0,-0.5655859,0.36225596
3492,136,432,0,0,0,-1.2857647,0.21657054
3493,139,432,0,0,0,0.7189719,0.67238057
3494,148,432,0,0,0,-1.6499872,0.16111067
3495,160,432,0,0,0,-0.9894547,0.2710198
3496,166,432,0,0,0,0.2274608,0.5566213
3497,182,432,0,0,0,-3.1179037,0.042374756
3498,187,432,0,0,0,-1.3372974,0.20795484
3499,265,432,0,0,0,-1.0415063,0.26085946
3500,23,433,0,0,0,-3.916495,0.01952206
3501,44,433,0,0,0,-4.696874,0.009041262
3502,46,433,0,0,0,-4.11108,0.01612576
3503,84,433,0,0,0,-3.5262017,0.028575836
3504,98,433,0,0,0,-4.6376534,0.009587576
3505,100,433,0,0,0,-1.111908,0.24751535
3506,211,433,0,0,0,-3.5577698,0.027712451
3507,245,433,0,0,0,-4.194702,0.014851345
3508,287,433,0,0,0,-2.3253417,0.08904581
3509,5,434,0,0,0,-5.7542105,0.0031593945
3510,74,434,0,0,0,-5.8486204,0.002875582
3511,99,434,0,0,0,-4.9646406,0.00693207
3512,110,434,0,0,0,-5.1709194,0.005647272
3513,129,434,0,0,0,-2.1574087,0.10364094
3514,189,434,0,0,0,-8.2355795,0.0002649831
3515,215,434,0,0,0,-5.8364053,0.0029108203
3516,232,434,0,0,0,-6.541044,0.0014409017
3517,235,434,0,0,0,-7.8635945,0.00038434155
3518,3,435,0,0,0,-11.960472,6.3919033e-06
3519,26,435,0,0,0,-7.1870384,0.0007557541
3520,58,435,0,0,0,-8.777159,0.00015419185
3521,164,435,0,0,0,-10.006629,4.5097935e-05
3522,170,435,0,0,0,-6.308352,0.0018177218
3523,212,435,0,0,0,-8.753405,0.00015789781
3524,262,435,0,0,0,-5.689223,0.0033708196
3525,272,435,0,0,0,-7.9880238,0.00033938914
3526,278,435,0,0,0,-8.928123,0.00013258905
