Dock Index,Enzyme Index,Substrate Index,Label,dataset_id,tag,logit,prob
0,19,0,1,0,0,-2.2739263,0.09330552
1,19,1,1,0,0,-7.1322465,0.00079828483
2,131,2,1,0,0,-10.372536,3.1278894e-05
3,131,4,1,0,0,-5.2227964,0.005363309
4,246,5,1,0,0,-20.68231,1.041806e-09
5,246,7,1,0,0,-20.476114,1.2803731e-09
6,246,8,1,0,0,-17.222101,3.315404e-08
7,246,9,1,0,0,-14.81136,3.6940926e-07
8,246,10,1,0,0,-15.852728,1.3039103e-07
10,133,12,1,0,0,-13.836403,9.793234e-07
11,181,13,1,0,0,-67.372025,5.5042927e-30
12,181,14,1,0,0,-60.58435,4.8814724e-27
13,181,15,1,0,0,-64.77016,7.424689e-29
14,242,17,1,0,0,-5.7033234,0.0033237797
16,47,19,1,0,0,-35.11783,5.604294e-16
17,209,20,1,0,0,-15.730851,1.4729163e-07
18,143,21,1,0,0,-2.9527204,0.049608096
19,143,22,1,0,0,-9.754874,5.800785e-05
20,97,23,1,0,0,-20.814425,9.1287283e-10
21,259,24,1,0,0,-27.495916,1.1446566e-12
22,175,25,1,0,0,-16.43641,7.2737336e-08
23,36,26,1,0,0,-60.410877,5.806165e-27
25,157,28,1,0,0,-19.133104,4.9045408e-09
35,118,39,1,0,0,-11.441499,1.0740279e-05
36,24,40,1,0,0,-25.32183,1.0066272e-11
42,19,46,1,0,0,-6.0340204,0.002390116
43,19,47,1,0,0,-3.933721,0.019195052
44,44,48,1,0,0,-8.258997,0.00025885153
45,114,49,1,0,0,-25.204895,1.1314964e-11
46,26,50,1,0,0,-28.7872,3.1468605e-13
47,27,51,1,0,0,-24.526379,2.2301244e-11
48,27,52,1,0,0,-27.488506,1.1531701e-12
49,27,53,1,0,0,-34.442184,1.1014108e-15
50,291,54,1,0,0,-18.70429,7.5306055e-09
51,291,55,1,0,0,-18.035444,1.4699618e-08
52,291,56,1,0,0,-20.742542,9.809081e-10
53,290,50,1,0,0,-28.7872,3.1468605e-13
55,178,15,1,0,0,-64.77016,7.424689e-29
56,178,58,1,0,0,-46.698814,5.2355533e-21
57,10,1,1,0,0,-7.1322465,0.00079828483
58,10,59,1,0,0,-5.1218653,0.0059295176
59,99,60,1,0,0,-30.809082,4.166637e-14
60,230,60,1,0,0,-30.809082,4.166637e-14
61,230,61,1,0,0,-36.519028,1.3803454e-16
79,63,75,1,0,0,-34.886864,7.060372e-16
80,248,12,1,0,0,-13.836403,9.793234e-07
81,102,75,1,0,0,-34.886864,7.060372e-16
82,104,76,1,0,0,-41.297493,1.1607179e-18
83,103,77,1,0,0,-61.893574,1.3181428e-27
84,13,78,1,0,0,-31.67042,1.760806e-14
85,225,60,1,0,0,-30.809082,4.166637e-14
86,203,79,1,0,0,-32.4778,7.853646e-15
87,132,25,1,0,0,-16.43641,7.2737336e-08
88,132,80,1,0,0,-24.537333,2.2058293e-11
89,115,12,1,0,0,-13.836403,9.793234e-07
90,35,81,1,0,0,-2.384338,0.08437483
91,198,48,1,0,0,-8.258997,0.00025885153
92,6,82,1,0,0,-35.24565,4.931831e-16
93,177,83,1,0,0,-6.9443827,0.0009631068
94,177,24,1,0,0,-27.495916,1.1446566e-12
95,177,84,1,0,0,-4.617868,0.009777286
97,170,24,1,0,0,-27.495916,1.1446566e-12
98,31,86,1,0,0,-74.09515,6.62039e-33
99,30,23,1,0,0,-20.814425,9.1287283e-10
107,168,93,1,0,0,-10.228268,3.6133006e-05
108,22,94,1,0,0,-23.571203,5.7963755e-11
109,45,39,1,0,0,-11.441499,1.0740279e-05
110,25,12,1,0,0,-13.836403,9.793234e-07
115,14,24,1,0,0,-27.495916,1.1446566e-12
116,33,98,1,0,0,-23.421793,6.730457e-11
117,174,25,1,0,0,-16.43641,7.2737336e-08
118,92,99,1,0,0,-33.413906,3.0798173e-15
121,137,102,1,0,0,-43.39403,1.4263022e-19
122,137,103,1,0,0,-33.216312,3.7526567e-15
123,127,104,1,0,0,-11.291323,1.2480599e-05
124,127,105,1,0,0,-10.98686,1.6922319e-05
125,139,106,1,0,0,-27.542715,1.0923224e-12
126,139,107,1,0,0,-30.644499,4.9120555e-14
127,139,108,1,0,0,-15.443083,1.9640578e-07
128,139,109,1,0,0,-22.761053,1.3031676e-10
132,70,113,1,0,0,-10.031809,4.39766e-05
133,70,115,1,0,0,-36.934578,9.109963e-17
134,69,117,1,0,0,-15.041201,2.9355496e-07
136,72,119,1,0,0,-26.799913,2.2958606e-12
137,72,120,1,0,0,-0.22464508,0.44407374
141,288,124,1,0,0,-42.559113,3.287095e-19
150,285,133,1,0,0,-24.92171,1.501894e-11
151,235,134,1,0,0,-35.552696,3.6279408e-16
152,285,135,1,0,0,-20.857601,8.7429686e-10
153,285,136,1,0,0,-29.04323,2.436046e-13
154,285,138,1,0,0,-8.481966,0.00020712809
155,285,139,1,0,0,-38.006325,3.119341e-17
158,84,142,1,0,0,-11.518137,9.947921e-06
159,84,143,1,0,0,-23.016245,1.00965236e-10
160,263,99,1,0,0,-33.413906,3.0798173e-15
161,262,145,1,0,0,-30.139637,8.1380805e-14
162,263,146,1,0,0,-35.203125,5.146086e-16
169,77,75,1,0,0,-34.886864,7.060372e-16
170,245,0,1,0,0,-2.2739263,0.09330552
171,244,1,1,0,0,-7.1322465,0.00079828483
172,18,46,1,0,0,-6.0340204,0.002390116
173,20,152,1,0,0,-8.626269,0.00017930027
177,189,153,1,0,0,-46.733345,5.057852e-21
183,76,157,1,0,0,-34.905754,6.928251e-16
184,76,158,1,0,0,-16.313631,8.223942e-08
185,76,159,1,0,0,-61.225277,2.5715802e-27
186,76,160,1,0,0,-31.22358,2.7527817e-14
187,66,161,1,0,0,-8.723364,0.00016271236
188,66,162,1,0,0,-33.662483,2.4019794e-15
195,65,169,1,0,0,-6.742979,0.0011777405
196,74,170,1,0,0,-3.759222,0.022771249
198,74,172,1,0,0,-13.646153,1.1845417e-06
201,74,175,1,0,0,-9.175684,0.000103515675
202,75,176,1,0,0,-10.832762,1.974162e-05
203,75,151,1,0,0,-4.2279253,0.0143730175
204,74,125,1,0,0,-5.965967,0.002558003
206,85,178,1,0,0,-20.440622,1.3266321e-09
207,60,179,1,0,0,-21.609953,4.1201847e-10
208,85,180,1,0,0,-29.878054,1.05712456e-13
213,59,185,1,0,0,-44.866493,3.2713694e-20
214,9,186,1,0,0,-7.199407,0.00074647093
215,9,187,1,0,0,-16.771551,5.2024493e-08
216,273,25,1,0,0,-16.43641,7.2737336e-08
218,272,98,1,0,0,-23.421793,6.730457e-11
221,267,191,1,0,0,-6.504353,0.0014946715
222,274,192,1,0,0,-9.466914,7.73638e-05
226,7,160,1,0,0,-31.22358,2.7527817e-14
227,220,193,1,0,0,-4.2770886,0.013692923
228,167,24,1,0,0,-27.495916,1.1446566e-12
240,220,205,1,0,0,-7.484852,0.0005612112
241,220,206,1,0,0,-11.08416,1.5353375e-05
244,17,209,1,0,0,-6.146898,0.0021355404
247,120,5,1,0,0,-20.68231,1.041806e-09
250,121,214,1,0,0,-17.062035,3.8909217e-08
251,119,215,1,0,0,-13.829889,9.857232e-07
253,122,217,1,0,0,-10.609268,2.4685542e-05
254,16,218,1,0,0,-0.6557911,0.3416857
255,16,219,1,0,0,-0.21423027,0.44664633
256,277,220,1,0,0,-10.994758,1.6789205e-05
260,207,120,1,0,0,-0.22464508,0.44407374
261,207,225,1,0,0,-24.940826,1.4734545e-11
262,206,226,1,0,0,-19.087173,5.1350644e-09
263,206,227,1,0,0,-20.869236,8.641835e-10
271,67,124,1,0,0,-42.559113,3.287095e-19
272,67,177,1,0,0,-41.01094,1.5458766e-18
273,67,233,1,0,0,-32.17242,1.0658481e-14
274,67,234,1,0,0,-61.127136,2.8367563e-27
275,67,136,1,0,0,-29.04323,2.436046e-13
276,68,235,1,0,0,-60.47979,5.419523e-27
277,67,236,1,0,0,-32.435272,8.194836e-15
283,93,241,1,0,0,-36.247307,1.8113179e-16
284,129,242,1,0,0,-14.727923,4.0155402e-07
290,265,246,1,0,0,-7.0022993,0.0009089607
291,265,247,1,0,0,-12.703667,3.0399492e-06
292,265,248,1,0,0,-14.017727,8.169175e-07
296,142,60,1,0,0,-30.809082,4.166637e-14
305,154,60,1,0,0,-30.809082,4.166637e-14
307,201,259,1,0,0,-36.176064,1.94507e-16
324,151,273,1,0,0,-14.657942,4.30662e-07
325,152,60,1,0,0,-30.809082,4.166637e-14
326,151,274,1,0,0,-26.699749,2.5377354e-12
327,151,275,1,0,0,-25.67034,7.104167e-12
328,151,276,1,0,0,-13.4932575,1.3802321e-06
333,204,17,1,0,0,-5.7033234,0.0033237797
341,264,287,1,0,0,-2.4282982,0.081040114
355,204,301,1,0,0,-7.0684614,0.00085081777
356,204,302,1,0,0,-7.254837,0.0007062484
357,204,303,1,0,0,-4.8948097,0.0074297194
358,204,304,1,0,0,-5.060983,0.00629939
359,204,305,1,0,0,-8.325605,0.00024217556
360,204,306,1,0,0,-10.669783,2.3236043e-05
361,204,307,1,0,0,-9.97714,4.644755e-05
362,204,308,1,0,0,-9.976406,4.6481666e-05
363,204,309,1,0,0,-9.11235,0.000110283
367,264,313,1,0,0,-3.0687985,0.04441279
368,264,314,1,0,0,-6.7423935,0.0011784296
382,5,259,1,0,0,-36.176064,1.94507e-16
384,247,326,1,0,0,-52.339672,1.8585285e-23
385,149,327,1,0,0,-12.553915,3.5310384e-06
386,149,328,1,0,0,-20.102098,1.8610994e-09
387,149,329,1,0,0,-12.463095,3.866741e-06
390,73,331,1,0,0,-5.685986,0.003381711
392,73,125,1,0,0,-5.965967,0.002558003
393,73,332,1,0,0,-4.269235,0.013799394
394,160,333,1,0,0,-12.80735,2.7405474e-06
395,130,134,1,0,0,-35.552696,3.6279408e-16
396,135,134,1,0,0,-35.552696,3.6279408e-16
397,163,329,1,0,0,-12.463095,3.866741e-06
398,163,334,1,0,0,-14.489389,5.0972733e-07
399,163,335,1,0,0,-12.700394,3.0499152e-06
400,279,336,1,0,0,-13.439798,1.4560259e-06
401,279,337,1,0,0,-11.117017,1.4857115e-05
402,279,338,1,0,0,-6.735692,0.0011863438
403,279,339,1,0,0,-16.769926,5.2109105e-08
404,279,340,1,0,0,-14.689963,4.1709004e-07
405,279,341,1,0,0,-35.44295,4.0487585e-16
406,163,342,1,0,0,-10.86665,1.9083838e-05
407,163,343,1,0,0,-27.887262,7.7395523e-13
408,163,344,1,0,0,-23.258383,7.925245e-11
409,163,345,1,0,0,-19.398344,3.7618912e-09
410,163,346,1,0,0,-3.503327,0.029217718
411,163,347,1,0,0,-4.658711,0.0093896715
414,163,350,1,0,0,-12.691718,3.0764902e-06
415,279,351,1,0,0,-10.4439745,2.912238e-05
416,278,352,1,0,0,-9.097382,0.00011194604
417,163,353,1,0,0,-36.97322,8.764643e-17
418,163,354,1,0,0,-27.09175,1.7147579e-12
420,163,356,1,0,0,-21.145004,6.5590555e-10
421,163,328,1,0,0,-20.102098,1.8610994e-09
422,163,357,1,0,0,-25.471233,8.669297e-12
423,164,358,1,0,0,-15.425734,1.99843e-07
424,162,359,1,0,0,-21.203793,6.1845756e-10
425,280,360,1,0,0,-31.493532,2.1015164e-14
426,163,361,1,0,0,-32.817112,5.5938314e-15
427,163,362,1,0,0,-25.417536,9.147543e-12
428,163,363,1,0,0,-19.421959,3.6740953e-09
429,163,364,1,0,0,-25.625113,7.432844e-12
430,163,365,1,0,0,-24.221783,3.0242205e-11
431,163,366,1,0,0,-32.152245,1.087571e-14
432,163,367,1,0,0,-25.480577,8.588668e-12
433,163,368,1,0,0,-29.089691,2.3254535e-13
435,279,370,1,0,0,-21.841364,3.2690095e-10
437,162,374,1,0,0,-29.978096,9.564853e-14
438,163,375,1,0,0,-12.057569,5.800454e-06
439,163,376,1,0,0,-7.530699,0.0005360758
440,163,377,1,0,0,-26.137579,4.452395e-12
441,163,327,1,0,0,-12.553915,3.5310384e-06
442,161,380,1,0,0,-12.781664,2.8118534e-06
446,12,381,1,0,0,-42.127357,5.061988e-19
451,105,386,1,0,0,-22.6486,1.4582707e-10
457,144,390,1,0,0,-24.545559,2.1877576e-11
458,144,391,1,0,0,-25.757475,6.511346e-12
460,208,392,1,0,0,-57.642387,9.2518636e-26
461,34,326,1,0,0,-52.339672,1.8585285e-23
462,23,24,1,0,0,-27.495916,1.1446566e-12
463,256,393,1,0,0,-24.557743,2.1612634e-11
464,166,394,1,0,0,-38.26317,2.4127767e-17
465,172,395,1,0,0,-30.84722,4.0107244e-14
466,172,75,1,0,0,-34.886864,7.060372e-16
467,172,259,1,0,0,-36.176064,1.94507e-16
468,171,396,1,0,0,-26.075325,4.7383837e-12
469,134,24,1,0,0,-27.495916,1.1446566e-12
470,196,153,1,0,0,-46.733345,5.057852e-21
471,234,327,1,0,0,-12.553915,3.5310384e-06
489,2,120,1,0,0,-0.22464508,0.44407374
490,96,80,1,0,0,-24.537333,2.2058293e-11
491,145,24,1,0,0,-27.495916,1.1446566e-12
492,243,259,1,0,0,-36.176064,1.94507e-16
494,147,412,1,0,0,-11.704888,8.253307e-06
495,281,413,1,0,0,-6.5819607,0.001383215
496,156,414,1,0,0,-7.8353004,0.0003953671
497,156,415,1,0,0,-4.238103,0.014229547
498,109,416,1,0,0,0.9472204,0.72055584
499,109,417,1,0,0,-0.74399817,0.32213047
500,180,418,1,0,0,-10.572232,2.561691e-05
502,21,421,1,0,0,-34.82319,7.5245627e-16
505,183,425,1,0,0,-10.64958,2.3710236e-05
507,210,426,1,0,0,-21.34183,5.387178e-10
508,214,427,1,0,0,-34.858086,7.266508e-16
509,228,428,1,0,0,-25.314299,1.0142378e-11
510,229,430,1,0,0,-29.730377,1.2253531e-13
512,141,432,1,0,0,-34.27421,1.3028635e-15
513,217,433,1,0,0,-19.63301,2.9750324e-09
514,32,434,1,0,0,-34.608833,9.323407e-16
515,113,435,1,0,0,-35.169865,5.320125e-16
1000,1,0,0,0,0,-2.2739263,0.09330552
1001,5,0,0,0,0,-2.2739263,0.09330552
1002,42,0,0,0,0,-2.2739263,0.09330552
1003,51,0,0,0,0,-2.2739263,0.09330552
1004,53,0,0,0,0,-2.2739263,0.09330552
1005,57,0,0,0,0,-2.2739263,0.09330552
1006,61,0,0,0,0,-2.2739263,0.09330552
1007,109,0,0,0,0,-2.2739263,0.09330552
1008,116,0,0,0,0,-2.2739263,0.09330552
1009,124,0,0,0,0,-2.2739263,0.09330552
1010,150,0,0,0,0,-2.2739263,0.09330552
1011,163,0,0,0,0,-2.2739263,0.09330552
1012,166,0,0,0,0,-2.2739263,0.09330552
1013,220,0,0,0,0,-2.2739263,0.09330552
1014,231,0,0,0,0,-2.2739263,0.09330552
1015,236,0,0,0,0,-2.2739263,0.09330552
1016,262,0,0,0,0,-2.2739263,0.09330552
1017,268,0,0,0,0,-2.2739263,0.09330552
1018,274,0,0,0,0,-2.2739263,0.09330552
1019,13,1,0,0,0,-7.1322465,0.00079828483
1020,41,1,0,0,0,-7.1322465,0.00079828483
1021,47,1,0,0,0,-7.1322465,0.00079828483
1022,48,1,0,0,0,-7.1322465,0.00079828483
1023,61,1,0,0,0,-7.1322465,0.00079828483
1024,74,1,0,0,0,-7.1322465,0.00079828483
1025,132,1,0,0,0,-7.1322465,0.00079828483
1026,151,1,0,0,0,-7.1322465,0.00079828483
1027,153,1,0,0,0,-7.1322465,0.00079828483
1028,162,1,0,0,0,-7.1322465,0.00079828483
1029,178,1,0,0,0,-7.1322465,0.00079828483
1030,182,1,0,0,0,-7.1322465,0.00079828483
1031,186,1,0,0,0,-7.1322465,0.00079828483
1032,190,1,0,0,0,-7.1322465,0.00079828483
1033,192,1,0,0,0,-7.1322465,0.00079828483
1034,196,1,0,0,0,-7.1322465,0.00079828483
1035,208,1,0,0,0,-7.1322465,0.00079828483
1036,209,1,0,0,0,-7.1322465,0.00079828483
1037,222,1,0,0,0,-7.1322465,0.00079828483
1038,224,1,0,0,0,-7.1322465,0.00079828483
1039,243,1,0,0,0,-7.1322465,0.00079828483
1040,246,1,0,0,0,-7.1322465,0.00079828483
1041,263,1,0,0,0,-7.1322465,0.00079828483
1042,267,1,0,0,0,-7.1322465,0.00079828483
1043,272,1,0,0,0,-7.1322465,0.00079828483
1044,275,1,0,0,0,-7.1322465,0.00079828483
1045,281,1,0,0,0,-7.1322465,0.00079828483
1046,288,1,0,0,0,-7.1322465,0.00079828483
1047,12,2,0,0,0,-10.372536,3.1278894e-05
1048,16,2,0,0,0,-10.372536,3.1278894e-05
1049,25,2,0,0,0,-10.372536,3.1278894e-05
1050,66,2,0,0,0,-10.372536,3.1278894e-05
1051,115,2,0,0,0,-10.372536,3.1278894e-05
1052,135,2,0,0,0,-10.372536,3.1278894e-05
1053,220,2,0,0,0,-10.372536,3.1278894e-05
1054,235,2,0,0,0,-10.372536,3.1278894e-05
1055,254,2,0,0,0,-10.372536,3.1278894e-05
1056,273,2,0,0,0,-10.372536,3.1278894e-05
1057,276,2,0,0,0,-10.372536,3.1278894e-05
1058,52,4,0,0,0,-5.2227964,0.005363309
1059,62,4,0,0,0,-5.2227964,0.005363309
1060,72,4,0,0,0,-5.2227964,0.005363309
1061,118,4,0,0,0,-5.2227964,0.005363309
1062,225,4,0,0,0,-5.2227964,0.005363309
1063,241,4,0,0,0,-5.2227964,0.005363309
1064,248,4,0,0,0,-5.2227964,0.005363309
1065,255,4,0,0,0,-5.2227964,0.005363309
1066,278,4,0,0,0,-5.2227964,0.005363309
1067,4,5,0,0,0,-20.68231,1.041806e-09
1068,16,5,0,0,0,-20.68231,1.041806e-09
1069,76,5,0,0,0,-20.68231,1.041806e-09
1070,103,5,0,0,0,-20.68231,1.041806e-09
1071,104,5,0,0,0,-20.68231,1.041806e-09
1072,131,5,0,0,0,-20.68231,1.041806e-09
1073,140,5,0,0,0,-20.68231,1.041806e-09
1074,153,5,0,0,0,-20.68231,1.041806e-09
1075,160,5,0,0,0,-20.68231,1.041806e-09
1076,187,5,0,0,0,-20.68231,1.041806e-09
1077,209,5,0,0,0,-20.68231,1.041806e-09
1078,227,5,0,0,0,-20.68231,1.041806e-09
1079,242,5,0,0,0,-20.68231,1.041806e-09
1080,249,5,0,0,0,-20.68231,1.041806e-09
1081,255,5,0,0,0,-20.68231,1.041806e-09
1082,260,5,0,0,0,-20.68231,1.041806e-09
1083,267,5,0,0,0,-20.68231,1.041806e-09
1084,279,5,0,0,0,-20.68231,1.041806e-09
1085,291,5,0,0,0,-20.68231,1.041806e-09
1086,17,7,0,0,0,-20.476114,1.2803731e-09
1087,135,7,0,0,0,-20.476114,1.2803731e-09
1088,150,7,0,0,0,-20.476114,1.2803731e-09
1089,164,7,0,0,0,-20.476114,1.2803731e-09
1090,227,7,0,0,0,-20.476114,1.2803731e-09
1091,245,7,0,0,0,-20.476114,1.2803731e-09
1092,257,7,0,0,0,-20.476114,1.2803731e-09
1093,264,7,0,0,0,-20.476114,1.2803731e-09
1094,272,7,0,0,0,-20.476114,1.2803731e-09
1095,50,8,0,0,0,-17.222101,3.315404e-08
1096,93,8,0,0,0,-17.222101,3.315404e-08
1097,134,8,0,0,0,-17.222101,3.315404e-08
1098,158,8,0,0,0,-17.222101,3.315404e-08
1099,221,8,0,0,0,-17.222101,3.315404e-08
1100,229,8,0,0,0,-17.222101,3.315404e-08
1101,236,8,0,0,0,-17.222101,3.315404e-08
1102,241,8,0,0,0,-17.222101,3.315404e-08
1103,254,8,0,0,0,-17.222101,3.315404e-08
1104,274,8,0,0,0,-17.222101,3.315404e-08
1105,32,9,0,0,0,-14.81136,3.6940926e-07
1106,49,9,0,0,0,-14.81136,3.6940926e-07
1107,74,9,0,0,0,-14.81136,3.6940926e-07
1108,100,9,0,0,0,-14.81136,3.6940926e-07
1109,138,9,0,0,0,-14.81136,3.6940926e-07
1110,191,9,0,0,0,-14.81136,3.6940926e-07
1111,213,9,0,0,0,-14.81136,3.6940926e-07
1112,235,9,0,0,0,-14.81136,3.6940926e-07
1113,265,9,0,0,0,-14.81136,3.6940926e-07
1114,0,10,0,0,0,-15.852728,1.3039103e-07
1115,7,10,0,0,0,-15.852728,1.3039103e-07
1116,42,10,0,0,0,-15.852728,1.3039103e-07
1117,47,10,0,0,0,-15.852728,1.3039103e-07
1118,61,10,0,0,0,-15.852728,1.3039103e-07
1119,102,10,0,0,0,-15.852728,1.3039103e-07
1120,127,10,0,0,0,-15.852728,1.3039103e-07
1121,217,10,0,0,0,-15.852728,1.3039103e-07
1122,236,10,0,0,0,-15.852728,1.3039103e-07
1123,290,10,0,0,0,-15.852728,1.3039103e-07
1133,7,12,0,0,0,-13.836403,9.793234e-07
1134,13,12,0,0,0,-13.836403,9.793234e-07
1135,27,12,0,0,0,-13.836403,9.793234e-07
1136,38,12,0,0,0,-13.836403,9.793234e-07
1137,44,12,0,0,0,-13.836403,9.793234e-07
1138,55,12,0,0,0,-13.836403,9.793234e-07
1139,63,12,0,0,0,-13.836403,9.793234e-07
1140,68,12,0,0,0,-13.836403,9.793234e-07
1141,70,12,0,0,0,-13.836403,9.793234e-07
1142,77,12,0,0,0,-13.836403,9.793234e-07
1143,79,12,0,0,0,-13.836403,9.793234e-07
1144,82,12,0,0,0,-13.836403,9.793234e-07
1145,88,12,0,0,0,-13.836403,9.793234e-07
1146,102,12,0,0,0,-13.836403,9.793234e-07
1147,107,12,0,0,0,-13.836403,9.793234e-07
1148,117,12,0,0,0,-13.836403,9.793234e-07
1149,153,12,0,0,0,-13.836403,9.793234e-07
1150,160,12,0,0,0,-13.836403,9.793234e-07
1151,161,12,0,0,0,-13.836403,9.793234e-07
1152,171,12,0,0,0,-13.836403,9.793234e-07
1153,172,12,0,0,0,-13.836403,9.793234e-07
1154,182,12,0,0,0,-13.836403,9.793234e-07
1155,185,12,0,0,0,-13.836403,9.793234e-07
1156,197,12,0,0,0,-13.836403,9.793234e-07
1157,205,12,0,0,0,-13.836403,9.793234e-07
1158,216,12,0,0,0,-13.836403,9.793234e-07
1159,220,12,0,0,0,-13.836403,9.793234e-07
1160,230,12,0,0,0,-13.836403,9.793234e-07
1161,240,12,0,0,0,-13.836403,9.793234e-07
1162,249,12,0,0,0,-13.836403,9.793234e-07
1163,254,12,0,0,0,-13.836403,9.793234e-07
1164,255,12,0,0,0,-13.836403,9.793234e-07
1165,267,12,0,0,0,-13.836403,9.793234e-07
1166,272,12,0,0,0,-13.836403,9.793234e-07
1167,273,12,0,0,0,-13.836403,9.793234e-07
1168,275,12,0,0,0,-13.836403,9.793234e-07
1169,280,12,0,0,0,-13.836403,9.793234e-07
1170,17,13,0,0,0,-67.372025,5.5042927e-30
1171,35,13,0,0,0,-67.372025,5.5042927e-30
1172,88,13,0,0,0,-67.372025,5.5042927e-30
1173,89,13,0,0,0,-67.372025,5.5042927e-30
1174,101,13,0,0,0,-67.372025,5.5042927e-30
1175,120,13,0,0,0,-67.372025,5.5042927e-30
1176,174,13,0,0,0,-67.372025,5.5042927e-30
1177,208,13,0,0,0,-67.372025,5.5042927e-30
1178,239,13,0,0,0,-67.372025,5.5042927e-30
1179,242,13,0,0,0,-67.372025,5.5042927e-30
1180,291,13,0,0,0,-67.372025,5.5042927e-30
1181,10,14,0,0,0,-60.58435,4.8814724e-27
1182,23,14,0,0,0,-60.58435,4.8814724e-27
1183,24,14,0,0,0,-60.58435,4.8814724e-27
1184,66,14,0,0,0,-60.58435,4.8814724e-27
1185,97,14,0,0,0,-60.58435,4.8814724e-27
1186,239,14,0,0,0,-60.58435,4.8814724e-27
1187,256,14,0,0,0,-60.58435,4.8814724e-27
1188,282,14,0,0,0,-60.58435,4.8814724e-27
1189,289,14,0,0,0,-60.58435,4.8814724e-27
1190,40,15,0,0,0,-64.77016,7.424689e-29
1191,70,15,0,0,0,-64.77016,7.424689e-29
1192,82,15,0,0,0,-64.77016,7.424689e-29
1193,89,15,0,0,0,-64.77016,7.424689e-29
1194,96,15,0,0,0,-64.77016,7.424689e-29
1195,112,15,0,0,0,-64.77016,7.424689e-29
1196,136,15,0,0,0,-64.77016,7.424689e-29
1197,141,15,0,0,0,-64.77016,7.424689e-29
1198,149,15,0,0,0,-64.77016,7.424689e-29
1199,158,15,0,0,0,-64.77016,7.424689e-29
1200,179,15,0,0,0,-64.77016,7.424689e-29
1201,200,15,0,0,0,-64.77016,7.424689e-29
1202,204,15,0,0,0,-64.77016,7.424689e-29
1203,217,15,0,0,0,-64.77016,7.424689e-29
1204,224,15,0,0,0,-64.77016,7.424689e-29
1205,246,15,0,0,0,-64.77016,7.424689e-29
1206,265,15,0,0,0,-64.77016,7.424689e-29
1207,276,15,0,0,0,-64.77016,7.424689e-29
1208,284,15,0,0,0,-64.77016,7.424689e-29
1209,2,17,0,0,0,-5.7033234,0.0033237797
1210,47,17,0,0,0,-5.7033234,0.0033237797
1211,48,17,0,0,0,-5.7033234,0.0033237797
1212,61,17,0,0,0,-5.7033234,0.0033237797
1213,90,17,0,0,0,-5.7033234,0.0033237797
1214,110,17,0,0,0,-5.7033234,0.0033237797
1215,119,17,0,0,0,-5.7033234,0.0033237797
1216,142,17,0,0,0,-5.7033234,0.0033237797
1217,168,17,0,0,0,-5.7033234,0.0033237797
1218,171,17,0,0,0,-5.7033234,0.0033237797
1219,212,17,0,0,0,-5.7033234,0.0033237797
1220,233,17,0,0,0,-5.7033234,0.0033237797
1221,240,17,0,0,0,-5.7033234,0.0033237797
1222,248,17,0,0,0,-5.7033234,0.0033237797
1223,256,17,0,0,0,-5.7033234,0.0033237797
1224,277,17,0,0,0,-5.7033234,0.0033237797
1225,280,17,0,0,0,-5.7033234,0.0033237797
1226,281,17,0,0,0,-5.7033234,0.0033237797
1227,291,17,0,0,0,-5.7033234,0.0033237797
1228,13,18,0,0,0,-32.447613,8.094328e-15
1229,56,18,0,0,0,-32.447613,8.094328e-15
1230,80,18,0,0,0,-32.447613,8.094328e-15
1232,110,18,0,0,0,-32.447613,8.094328e-15
1233,111,18,0,0,0,-32.447613,8.094328e-15
1234,145,18,0,0,0,-32.447613,8.094328e-15
1236,286,18,0,0,0,-32.447613,8.094328e-15
1237,50,19,0,0,0,-35.11783,5.604294e-16
1238,52,19,0,0,0,-35.11783,5.604294e-16
1239,55,19,0,0,0,-35.11783,5.604294e-16
1240,68,19,0,0,0,-35.11783,5.604294e-16
1241,88,19,0,0,0,-35.11783,5.604294e-16
1242,138,19,0,0,0,-35.11783,5.604294e-16
1243,140,19,0,0,0,-35.11783,5.604294e-16
1244,153,19,0,0,0,-35.11783,5.604294e-16
1245,229,19,0,0,0,-35.11783,5.604294e-16
1246,30,20,0,0,0,-15.730851,1.4729163e-07
1247,32,20,0,0,0,-15.730851,1.4729163e-07
1248,54,20,0,0,0,-15.730851,1.4729163e-07
1249,94,20,0,0,0,-15.730851,1.4729163e-07
1250,143,20,0,0,0,-15.730851,1.4729163e-07
1251,151,20,0,0,0,-15.730851,1.4729163e-07
1252,162,20,0,0,0,-15.730851,1.4729163e-07
1253,184,20,0,0,0,-15.730851,1.4729163e-07
1254,270,20,0,0,0,-15.730851,1.4729163e-07
1255,7,21,0,0,0,-2.9527204,0.049608096
1256,29,21,0,0,0,-2.9527204,0.049608096
1257,32,21,0,0,0,-2.9527204,0.049608096
1258,82,21,0,0,0,-2.9527204,0.049608096
1259,133,21,0,0,0,-2.9527204,0.049608096
1260,135,21,0,0,0,-2.9527204,0.049608096
1261,164,21,0,0,0,-2.9527204,0.049608096
1262,214,21,0,0,0,-2.9527204,0.049608096
1263,216,21,0,0,0,-2.9527204,0.049608096
1264,11,22,0,0,0,-9.754874,5.800785e-05
1265,48,22,0,0,0,-9.754874,5.800785e-05
1266,49,22,0,0,0,-9.754874,5.800785e-05
1267,62,22,0,0,0,-9.754874,5.800785e-05
1268,121,22,0,0,0,-9.754874,5.800785e-05
1269,161,22,0,0,0,-9.754874,5.800785e-05
1270,164,22,0,0,0,-9.754874,5.800785e-05
1271,182,22,0,0,0,-9.754874,5.800785e-05
1272,241,22,0,0,0,-9.754874,5.800785e-05
1273,12,23,0,0,0,-20.814425,9.1287283e-10
1274,19,23,0,0,0,-20.814425,9.1287283e-10
1275,29,23,0,0,0,-20.814425,9.1287283e-10
1276,62,23,0,0,0,-20.814425,9.1287283e-10
1277,113,23,0,0,0,-20.814425,9.1287283e-10
1278,132,23,0,0,0,-20.814425,9.1287283e-10
1279,148,23,0,0,0,-20.814425,9.1287283e-10
1280,152,23,0,0,0,-20.814425,9.1287283e-10
1281,153,23,0,0,0,-20.814425,9.1287283e-10
1282,165,23,0,0,0,-20.814425,9.1287283e-10
1283,173,23,0,0,0,-20.814425,9.1287283e-10
1284,186,23,0,0,0,-20.814425,9.1287283e-10
1285,195,23,0,0,0,-20.814425,9.1287283e-10
1286,204,23,0,0,0,-20.814425,9.1287283e-10
1287,211,23,0,0,0,-20.814425,9.1287283e-10
1288,225,23,0,0,0,-20.814425,9.1287283e-10
1289,230,23,0,0,0,-20.814425,9.1287283e-10
1290,245,23,0,0,0,-20.814425,9.1287283e-10
1291,267,23,0,0,0,-20.814425,9.1287283e-10
1292,2,24,0,0,0,-27.495916,1.1446566e-12
1293,4,24,0,0,0,-27.495916,1.1446566e-12
1294,5,24,0,0,0,-27.495916,1.1446566e-12
1295,7,24,0,0,0,-27.495916,1.1446566e-12
1296,9,24,0,0,0,-27.495916,1.1446566e-12
1297,10,24,0,0,0,-27.495916,1.1446566e-12
1298,15,24,0,0,0,-27.495916,1.1446566e-12
1299,20,24,0,0,0,-27.495916,1.1446566e-12
1300,24,24,0,0,0,-27.495916,1.1446566e-12
1301,30,24,0,0,0,-27.495916,1.1446566e-12
1302,34,24,0,0,0,-27.495916,1.1446566e-12
1303,37,24,0,0,0,-27.495916,1.1446566e-12
1304,39,24,0,0,0,-27.495916,1.1446566e-12
1305,47,24,0,0,0,-27.495916,1.1446566e-12
1306,48,24,0,0,0,-27.495916,1.1446566e-12
1307,58,24,0,0,0,-27.495916,1.1446566e-12
1308,59,24,0,0,0,-27.495916,1.1446566e-12
1309,60,24,0,0,0,-27.495916,1.1446566e-12
1310,62,24,0,0,0,-27.495916,1.1446566e-12
1311,63,24,0,0,0,-27.495916,1.1446566e-12
1312,64,24,0,0,0,-27.495916,1.1446566e-12
1313,66,24,0,0,0,-27.495916,1.1446566e-12
1314,67,24,0,0,0,-27.495916,1.1446566e-12
1315,69,24,0,0,0,-27.495916,1.1446566e-12
1316,72,24,0,0,0,-27.495916,1.1446566e-12
1317,82,24,0,0,0,-27.495916,1.1446566e-12
1318,83,24,0,0,0,-27.495916,1.1446566e-12
1319,85,24,0,0,0,-27.495916,1.1446566e-12
1320,89,24,0,0,0,-27.495916,1.1446566e-12
1321,93,24,0,0,0,-27.495916,1.1446566e-12
1322,99,24,0,0,0,-27.495916,1.1446566e-12
1323,101,24,0,0,0,-27.495916,1.1446566e-12
1324,104,24,0,0,0,-27.495916,1.1446566e-12
1325,109,24,0,0,0,-27.495916,1.1446566e-12
1326,110,24,0,0,0,-27.495916,1.1446566e-12
1327,125,24,0,0,0,-27.495916,1.1446566e-12
1328,136,24,0,0,0,-27.495916,1.1446566e-12
1329,138,24,0,0,0,-27.495916,1.1446566e-12
1330,143,24,0,0,0,-27.495916,1.1446566e-12
1331,147,24,0,0,0,-27.495916,1.1446566e-12
1332,148,24,0,0,0,-27.495916,1.1446566e-12
1333,157,24,0,0,0,-27.495916,1.1446566e-12
1334,158,24,0,0,0,-27.495916,1.1446566e-12
1335,160,24,0,0,0,-27.495916,1.1446566e-12
1336,166,24,0,0,0,-27.495916,1.1446566e-12
1337,169,24,0,0,0,-27.495916,1.1446566e-12
1338,171,24,0,0,0,-27.495916,1.1446566e-12
1339,174,24,0,0,0,-27.495916,1.1446566e-12
1340,176,24,0,0,0,-27.495916,1.1446566e-12
1341,178,24,0,0,0,-27.495916,1.1446566e-12
1342,184,24,0,0,0,-27.495916,1.1446566e-12
1343,190,24,0,0,0,-27.495916,1.1446566e-12
1344,192,24,0,0,0,-27.495916,1.1446566e-12
1345,199,24,0,0,0,-27.495916,1.1446566e-12
1346,203,24,0,0,0,-27.495916,1.1446566e-12
1347,208,24,0,0,0,-27.495916,1.1446566e-12
1348,211,24,0,0,0,-27.495916,1.1446566e-12
1349,220,24,0,0,0,-27.495916,1.1446566e-12
1350,221,24,0,0,0,-27.495916,1.1446566e-12
1351,225,24,0,0,0,-27.495916,1.1446566e-12
1352,226,24,0,0,0,-27.495916,1.1446566e-12
1353,229,24,0,0,0,-27.495916,1.1446566e-12
1354,232,24,0,0,0,-27.495916,1.1446566e-12
1355,235,24,0,0,0,-27.495916,1.1446566e-12
1356,241,24,0,0,0,-27.495916,1.1446566e-12
1357,253,24,0,0,0,-27.495916,1.1446566e-12
1358,257,24,0,0,0,-27.495916,1.1446566e-12
1359,264,24,0,0,0,-27.495916,1.1446566e-12
1360,266,24,0,0,0,-27.495916,1.1446566e-12
1361,271,24,0,0,0,-27.495916,1.1446566e-12
1362,275,24,0,0,0,-27.495916,1.1446566e-12
1363,278,24,0,0,0,-27.495916,1.1446566e-12
1364,285,24,0,0,0,-27.495916,1.1446566e-12
1365,286,24,0,0,0,-27.495916,1.1446566e-12
1366,291,24,0,0,0,-27.495916,1.1446566e-12
1367,2,25,0,0,0,-16.43641,7.2737336e-08
1368,9,25,0,0,0,-16.43641,7.2737336e-08
1369,19,25,0,0,0,-16.43641,7.2737336e-08
1370,29,25,0,0,0,-16.43641,7.2737336e-08
1371,43,25,0,0,0,-16.43641,7.2737336e-08
1372,51,25,0,0,0,-16.43641,7.2737336e-08
1373,70,25,0,0,0,-16.43641,7.2737336e-08
1374,77,25,0,0,0,-16.43641,7.2737336e-08
1375,78,25,0,0,0,-16.43641,7.2737336e-08
1376,81,25,0,0,0,-16.43641,7.2737336e-08
1377,88,25,0,0,0,-16.43641,7.2737336e-08
1378,97,25,0,0,0,-16.43641,7.2737336e-08
1379,103,25,0,0,0,-16.43641,7.2737336e-08
1380,114,25,0,0,0,-16.43641,7.2737336e-08
1381,120,25,0,0,0,-16.43641,7.2737336e-08
1382,125,25,0,0,0,-16.43641,7.2737336e-08
1383,138,25,0,0,0,-16.43641,7.2737336e-08
1384,144,25,0,0,0,-16.43641,7.2737336e-08
1385,156,25,0,0,0,-16.43641,7.2737336e-08
1386,162,25,0,0,0,-16.43641,7.2737336e-08
1387,180,25,0,0,0,-16.43641,7.2737336e-08
1388,186,25,0,0,0,-16.43641,7.2737336e-08
1389,188,25,0,0,0,-16.43641,7.2737336e-08
1390,189,25,0,0,0,-16.43641,7.2737336e-08
1391,195,25,0,0,0,-16.43641,7.2737336e-08
1392,196,25,0,0,0,-16.43641,7.2737336e-08
1393,210,25,0,0,0,-16.43641,7.2737336e-08
1394,215,25,0,0,0,-16.43641,7.2737336e-08
1395,216,25,0,0,0,-16.43641,7.2737336e-08
1396,244,25,0,0,0,-16.43641,7.2737336e-08
1397,245,25,0,0,0,-16.43641,7.2737336e-08
1398,251,25,0,0,0,-16.43641,7.2737336e-08
1399,253,25,0,0,0,-16.43641,7.2737336e-08
1400,259,25,0,0,0,-16.43641,7.2737336e-08
1401,274,25,0,0,0,-16.43641,7.2737336e-08
1402,281,25,0,0,0,-16.43641,7.2737336e-08
1403,287,25,0,0,0,-16.43641,7.2737336e-08
1404,22,26,0,0,0,-60.410877,5.806165e-27
1405,81,26,0,0,0,-60.410877,5.806165e-27
1406,113,26,0,0,0,-60.410877,5.806165e-27
1407,160,26,0,0,0,-60.410877,5.806165e-27
1408,197,26,0,0,0,-60.410877,5.806165e-27
1409,205,26,0,0,0,-60.410877,5.806165e-27
1410,271,26,0,0,0,-60.410877,5.806165e-27
1411,275,26,0,0,0,-60.410877,5.806165e-27
1412,286,26,0,0,0,-60.410877,5.806165e-27
1413,21,27,0,0,0,-53.369347,6.637236e-24
1415,53,27,0,0,0,-53.369347,6.637236e-24
1416,72,27,0,0,0,-53.369347,6.637236e-24
1418,160,27,0,0,0,-53.369347,6.637236e-24
1420,201,27,0,0,0,-53.369347,6.637236e-24
1422,68,28,0,0,0,-19.133104,4.9045408e-09
1423,83,28,0,0,0,-19.133104,4.9045408e-09
1424,98,28,0,0,0,-19.133104,4.9045408e-09
1425,148,28,0,0,0,-19.133104,4.9045408e-09
1426,151,28,0,0,0,-19.133104,4.9045408e-09
1427,153,28,0,0,0,-19.133104,4.9045408e-09
1428,185,28,0,0,0,-19.133104,4.9045408e-09
1429,201,28,0,0,0,-19.133104,4.9045408e-09
1430,288,28,0,0,0,-19.133104,4.9045408e-09
1431,1,39,0,0,0,-11.441499,1.0740279e-05
1432,4,39,0,0,0,-11.441499,1.0740279e-05
1433,14,39,0,0,0,-11.441499,1.0740279e-05
1434,15,39,0,0,0,-11.441499,1.0740279e-05
1435,60,39,0,0,0,-11.441499,1.0740279e-05
1436,75,39,0,0,0,-11.441499,1.0740279e-05
1437,84,39,0,0,0,-11.441499,1.0740279e-05
1438,88,39,0,0,0,-11.441499,1.0740279e-05
1439,92,39,0,0,0,-11.441499,1.0740279e-05
1440,98,39,0,0,0,-11.441499,1.0740279e-05
1441,165,39,0,0,0,-11.441499,1.0740279e-05
1442,186,39,0,0,0,-11.441499,1.0740279e-05
1443,195,39,0,0,0,-11.441499,1.0740279e-05
1444,222,39,0,0,0,-11.441499,1.0740279e-05
1445,255,39,0,0,0,-11.441499,1.0740279e-05
1446,275,39,0,0,0,-11.441499,1.0740279e-05
1447,276,39,0,0,0,-11.441499,1.0740279e-05
1448,287,39,0,0,0,-11.441499,1.0740279e-05
1449,288,39,0,0,0,-11.441499,1.0740279e-05
1450,33,40,0,0,0,-25.32183,1.0066272e-11
1451,55,40,0,0,0,-25.32183,1.0066272e-11
1452,65,40,0,0,0,-25.32183,1.0066272e-11
1453,79,40,0,0,0,-25.32183,1.0066272e-11
1454,112,40,0,0,0,-25.32183,1.0066272e-11
1455,130,40,0,0,0,-25.32183,1.0066272e-11
1456,157,40,0,0,0,-25.32183,1.0066272e-11
1457,191,40,0,0,0,-25.32183,1.0066272e-11
1458,283,40,0,0,0,-25.32183,1.0066272e-11
1459,37,46,0,0,0,-6.0340204,0.002390116
1460,39,46,0,0,0,-6.0340204,0.002390116
1461,44,46,0,0,0,-6.0340204,0.002390116
1462,56,46,0,0,0,-6.0340204,0.002390116
1463,62,46,0,0,0,-6.0340204,0.002390116
1464,63,46,0,0,0,-6.0340204,0.002390116
1465,87,46,0,0,0,-6.0340204,0.002390116
1466,130,46,0,0,0,-6.0340204,0.002390116
1467,138,46,0,0,0,-6.0340204,0.002390116
1468,158,46,0,0,0,-6.0340204,0.002390116
1469,171,46,0,0,0,-6.0340204,0.002390116
1470,180,46,0,0,0,-6.0340204,0.002390116
1471,182,46,0,0,0,-6.0340204,0.002390116
1472,187,46,0,0,0,-6.0340204,0.002390116
1473,199,46,0,0,0,-6.0340204,0.002390116
1474,242,46,0,0,0,-6.0340204,0.002390116
1475,252,46,0,0,0,-6.0340204,0.002390116
1476,258,46,0,0,0,-6.0340204,0.002390116
1477,266,46,0,0,0,-6.0340204,0.002390116
1478,277,46,0,0,0,-6.0340204,0.002390116
1479,45,47,0,0,0,-3.933721,0.019195052
1480,87,47,0,0,0,-3.933721,0.019195052
1481,117,47,0,0,0,-3.933721,0.019195052
1482,138,47,0,0,0,-3.933721,0.019195052
1483,162,47,0,0,0,-3.933721,0.019195052
1484,169,47,0,0,0,-3.933721,0.019195052
1485,181,47,0,0,0,-3.933721,0.019195052
1486,227,47,0,0,0,-3.933721,0.019195052
1487,263,47,0,0,0,-3.933721,0.019195052
1488,270,47,0,0,0,-3.933721,0.019195052
1489,66,48,0,0,0,-8.258997,0.00025885153
1490,80,48,0,0,0,-8.258997,0.00025885153
1491,91,48,0,0,0,-8.258997,0.00025885153
1492,102,48,0,0,0,-8.258997,0.00025885153
1493,110,48,0,0,0,-8.258997,0.00025885153
1494,114,48,0,0,0,-8.258997,0.00025885153
1495,140,48,0,0,0,-8.258997,0.00025885153
1496,163,48,0,0,0,-8.258997,0.00025885153
1497,168,48,0,0,0,-8.258997,0.00025885153
1498,172,48,0,0,0,-8.258997,0.00025885153
1499,181,48,0,0,0,-8.258997,0.00025885153
1500,182,48,0,0,0,-8.258997,0.00025885153
1501,199,48,0,0,0,-8.258997,0.00025885153
1502,211,48,0,0,0,-8.258997,0.00025885153
1503,214,48,0,0,0,-8.258997,0.00025885153
1504,227,48,0,0,0,-8.258997,0.00025885153
1505,233,48,0,0,0,-8.258997,0.00025885153
1506,246,48,0,0,0,-8.258997,0.00025885153
1507,263,48,0,0,0,-8.258997,0.00025885153
1508,60,49,0,0,0,-25.204895,1.1314964e-11
1509,74,49,0,0,0,-25.204895,1.1314964e-11
1510,137,49,0,0,0,-25.204895,1.1314964e-11
1511,139,49,0,0,0,-25.204895,1.1314964e-11
1512,140,49,0,0,0,-25.204895,1.1314964e-11
1513,166,49,0,0,0,-25.204895,1.1314964e-11
1514,171,49,0,0,0,-25.204895,1.1314964e-11
1515,233,49,0,0,0,-25.204895,1.1314964e-11
1516,290,49,0,0,0,-25.204895,1.1314964e-11
1517,11,50,0,0,0,-28.7872,3.1468605e-13
1518,49,50,0,0,0,-28.7872,3.1468605e-13
1519,64,50,0,0,0,-28.7872,3.1468605e-13
1520,74,50,0,0,0,-28.7872,3.1468605e-13
1521,109,50,0,0,0,-28.7872,3.1468605e-13
1522,121,50,0,0,0,-28.7872,3.1468605e-13
1523,140,50,0,0,0,-28.7872,3.1468605e-13
1524,153,50,0,0,0,-28.7872,3.1468605e-13
1525,171,50,0,0,0,-28.7872,3.1468605e-13
1526,172,50,0,0,0,-28.7872,3.1468605e-13
1527,175,50,0,0,0,-28.7872,3.1468605e-13
1528,184,50,0,0,0,-28.7872,3.1468605e-13
1529,208,50,0,0,0,-28.7872,3.1468605e-13
1530,209,50,0,0,0,-28.7872,3.1468605e-13
1531,213,50,0,0,0,-28.7872,3.1468605e-13
1532,222,50,0,0,0,-28.7872,3.1468605e-13
1533,242,50,0,0,0,-28.7872,3.1468605e-13
1534,263,50,0,0,0,-28.7872,3.1468605e-13
1535,275,50,0,0,0,-28.7872,3.1468605e-13
1536,291,50,0,0,0,-28.7872,3.1468605e-13
1537,5,51,0,0,0,-24.526379,2.2301244e-11
1538,31,51,0,0,0,-24.526379,2.2301244e-11
1539,67,51,0,0,0,-24.526379,2.2301244e-11
1540,89,51,0,0,0,-24.526379,2.2301244e-11
1541,132,51,0,0,0,-24.526379,2.2301244e-11
1542,139,51,0,0,0,-24.526379,2.2301244e-11
1543,172,51,0,0,0,-24.526379,2.2301244e-11
1544,183,51,0,0,0,-24.526379,2.2301244e-11
1545,208,51,0,0,0,-24.526379,2.2301244e-11
1546,6,52,0,0,0,-27.488506,1.1531701e-12
1547,19,52,0,0,0,-27.488506,1.1531701e-12
1548,62,52,0,0,0,-27.488506,1.1531701e-12
1549,114,52,0,0,0,-27.488506,1.1531701e-12
1550,174,52,0,0,0,-27.488506,1.1531701e-12
1551,176,52,0,0,0,-27.488506,1.1531701e-12
1552,216,52,0,0,0,-27.488506,1.1531701e-12
1553,252,52,0,0,0,-27.488506,1.1531701e-12
1554,256,52,0,0,0,-27.488506,1.1531701e-12
1555,9,53,0,0,0,-34.442184,1.1014108e-15
1556,41,53,0,0,0,-34.442184,1.1014108e-15
1557,109,53,0,0,0,-34.442184,1.1014108e-15
1558,140,53,0,0,0,-34.442184,1.1014108e-15
1559,144,53,0,0,0,-34.442184,1.1014108e-15
1560,170,53,0,0,0,-34.442184,1.1014108e-15
1561,192,53,0,0,0,-34.442184,1.1014108e-15
1562,242,53,0,0,0,-34.442184,1.1014108e-15
1563,274,53,0,0,0,-34.442184,1.1014108e-15
1564,282,53,0,0,0,-34.442184,1.1014108e-15
1565,5,54,0,0,0,-18.70429,7.5306055e-09
1566,48,54,0,0,0,-18.70429,7.5306055e-09
1567,79,54,0,0,0,-18.70429,7.5306055e-09
1568,97,54,0,0,0,-18.70429,7.5306055e-09
1569,106,54,0,0,0,-18.70429,7.5306055e-09
1570,113,54,0,0,0,-18.70429,7.5306055e-09
1571,170,54,0,0,0,-18.70429,7.5306055e-09
1572,244,54,0,0,0,-18.70429,7.5306055e-09
1573,285,54,0,0,0,-18.70429,7.5306055e-09
1574,14,55,0,0,0,-18.035444,1.4699618e-08
1575,43,55,0,0,0,-18.035444,1.4699618e-08
1576,55,55,0,0,0,-18.035444,1.4699618e-08
1577,68,55,0,0,0,-18.035444,1.4699618e-08
1578,87,55,0,0,0,-18.035444,1.4699618e-08
1579,140,55,0,0,0,-18.035444,1.4699618e-08
1580,160,55,0,0,0,-18.035444,1.4699618e-08
1581,216,55,0,0,0,-18.035444,1.4699618e-08
1582,277,55,0,0,0,-18.035444,1.4699618e-08
1583,22,56,0,0,0,-20.742542,9.809081e-10
1584,94,56,0,0,0,-20.742542,9.809081e-10
1585,119,56,0,0,0,-20.742542,9.809081e-10
1586,176,56,0,0,0,-20.742542,9.809081e-10
1587,177,56,0,0,0,-20.742542,9.809081e-10
1588,179,56,0,0,0,-20.742542,9.809081e-10
1589,191,56,0,0,0,-20.742542,9.809081e-10
1590,217,56,0,0,0,-20.742542,9.809081e-10
1591,248,56,0,0,0,-20.742542,9.809081e-10
1592,272,56,0,0,0,-20.742542,9.809081e-10
1593,11,58,0,0,0,-46.698814,5.2355533e-21
1594,18,58,0,0,0,-46.698814,5.2355533e-21
1595,64,58,0,0,0,-46.698814,5.2355533e-21
1596,68,58,0,0,0,-46.698814,5.2355533e-21
1597,130,58,0,0,0,-46.698814,5.2355533e-21
1598,132,58,0,0,0,-46.698814,5.2355533e-21
1599,164,58,0,0,0,-46.698814,5.2355533e-21
1600,169,58,0,0,0,-46.698814,5.2355533e-21
1601,254,58,0,0,0,-46.698814,5.2355533e-21
1602,259,58,0,0,0,-46.698814,5.2355533e-21
1603,103,59,0,0,0,-5.1218653,0.0059295176
1604,132,59,0,0,0,-5.1218653,0.0059295176
1605,143,59,0,0,0,-5.1218653,0.0059295176
1606,190,59,0,0,0,-5.1218653,0.0059295176
1607,191,59,0,0,0,-5.1218653,0.0059295176
1608,208,59,0,0,0,-5.1218653,0.0059295176
1609,246,59,0,0,0,-5.1218653,0.0059295176
1610,255,59,0,0,0,-5.1218653,0.0059295176
1611,273,59,0,0,0,-5.1218653,0.0059295176
1612,7,60,0,0,0,-30.809082,4.166637e-14
1613,27,60,0,0,0,-30.809082,4.166637e-14
1614,32,60,0,0,0,-30.809082,4.166637e-14
1615,33,60,0,0,0,-30.809082,4.166637e-14
1616,34,60,0,0,0,-30.809082,4.166637e-14
1617,39,60,0,0,0,-30.809082,4.166637e-14
1618,46,60,0,0,0,-30.809082,4.166637e-14
1619,53,60,0,0,0,-30.809082,4.166637e-14
1620,54,60,0,0,0,-30.809082,4.166637e-14
1621,61,60,0,0,0,-30.809082,4.166637e-14
1622,69,60,0,0,0,-30.809082,4.166637e-14
1623,83,60,0,0,0,-30.809082,4.166637e-14
1624,89,60,0,0,0,-30.809082,4.166637e-14
1625,92,60,0,0,0,-30.809082,4.166637e-14
1626,93,60,0,0,0,-30.809082,4.166637e-14
1627,102,60,0,0,0,-30.809082,4.166637e-14
1628,111,60,0,0,0,-30.809082,4.166637e-14
1629,113,60,0,0,0,-30.809082,4.166637e-14
1630,120,60,0,0,0,-30.809082,4.166637e-14
1631,127,60,0,0,0,-30.809082,4.166637e-14
1632,133,60,0,0,0,-30.809082,4.166637e-14
1633,134,60,0,0,0,-30.809082,4.166637e-14
1634,137,60,0,0,0,-30.809082,4.166637e-14
1635,139,60,0,0,0,-30.809082,4.166637e-14
1636,141,60,0,0,0,-30.809082,4.166637e-14
1637,147,60,0,0,0,-30.809082,4.166637e-14
1638,158,60,0,0,0,-30.809082,4.166637e-14
1639,161,60,0,0,0,-30.809082,4.166637e-14
1640,163,60,0,0,0,-30.809082,4.166637e-14
1641,168,60,0,0,0,-30.809082,4.166637e-14
1642,172,60,0,0,0,-30.809082,4.166637e-14
1643,179,60,0,0,0,-30.809082,4.166637e-14
1644,189,60,0,0,0,-30.809082,4.166637e-14
1645,190,60,0,0,0,-30.809082,4.166637e-14
1646,191,60,0,0,0,-30.809082,4.166637e-14
1647,203,60,0,0,0,-30.809082,4.166637e-14
1648,205,60,0,0,0,-30.809082,4.166637e-14
1649,209,60,0,0,0,-30.809082,4.166637e-14
1650,217,60,0,0,0,-30.809082,4.166637e-14
1651,224,60,0,0,0,-30.809082,4.166637e-14
1652,229,60,0,0,0,-30.809082,4.166637e-14
1653,231,60,0,0,0,-30.809082,4.166637e-14
1654,234,60,0,0,0,-30.809082,4.166637e-14
1655,249,60,0,0,0,-30.809082,4.166637e-14
1656,258,60,0,0,0,-30.809082,4.166637e-14
1657,262,60,0,0,0,-30.809082,4.166637e-14
1658,265,60,0,0,0,-30.809082,4.166637e-14
1659,266,60,0,0,0,-30.809082,4.166637e-14
1660,271,60,0,0,0,-30.809082,4.166637e-14
1661,273,60,0,0,0,-30.809082,4.166637e-14
1662,276,60,0,0,0,-30.809082,4.166637e-14
1663,278,60,0,0,0,-30.809082,4.166637e-14
1664,280,60,0,0,0,-30.809082,4.166637e-14
1665,281,60,0,0,0,-30.809082,4.166637e-14
1666,286,60,0,0,0,-30.809082,4.166637e-14
1667,291,60,0,0,0,-30.809082,4.166637e-14
1668,17,61,0,0,0,-36.519028,1.3803454e-16
1669,31,61,0,0,0,-36.519028,1.3803454e-16
1670,67,61,0,0,0,-36.519028,1.3803454e-16
1671,73,61,0,0,0,-36.519028,1.3803454e-16
1672,77,61,0,0,0,-36.519028,1.3803454e-16
1673,78,61,0,0,0,-36.519028,1.3803454e-16
1674,97,61,0,0,0,-36.519028,1.3803454e-16
1675,145,61,0,0,0,-36.519028,1.3803454e-16
1676,155,61,0,0,0,-36.519028,1.3803454e-16
1677,3,75,0,0,0,-34.886864,7.060372e-16
1678,14,75,0,0,0,-34.886864,7.060372e-16
1679,20,75,0,0,0,-34.886864,7.060372e-16
1680,27,75,0,0,0,-34.886864,7.060372e-16
1681,29,75,0,0,0,-34.886864,7.060372e-16
1682,47,75,0,0,0,-34.886864,7.060372e-16
1683,48,75,0,0,0,-34.886864,7.060372e-16
1684,66,75,0,0,0,-34.886864,7.060372e-16
1685,72,75,0,0,0,-34.886864,7.060372e-16
1686,75,75,0,0,0,-34.886864,7.060372e-16
1687,80,75,0,0,0,-34.886864,7.060372e-16
1688,81,75,0,0,0,-34.886864,7.060372e-16
1689,85,75,0,0,0,-34.886864,7.060372e-16
1690,88,75,0,0,0,-34.886864,7.060372e-16
1691,93,75,0,0,0,-34.886864,7.060372e-16
1692,98,75,0,0,0,-34.886864,7.060372e-16
1693,100,75,0,0,0,-34.886864,7.060372e-16
1694,117,75,0,0,0,-34.886864,7.060372e-16
1695,136,75,0,0,0,-34.886864,7.060372e-16
1696,141,75,0,0,0,-34.886864,7.060372e-16
1697,158,75,0,0,0,-34.886864,7.060372e-16
1698,171,75,0,0,0,-34.886864,7.060372e-16
1699,174,75,0,0,0,-34.886864,7.060372e-16
1700,186,75,0,0,0,-34.886864,7.060372e-16
1701,188,75,0,0,0,-34.886864,7.060372e-16
1702,192,75,0,0,0,-34.886864,7.060372e-16
1703,215,75,0,0,0,-34.886864,7.060372e-16
1704,218,75,0,0,0,-34.886864,7.060372e-16
1705,245,75,0,0,0,-34.886864,7.060372e-16
1706,249,75,0,0,0,-34.886864,7.060372e-16
1707,253,75,0,0,0,-34.886864,7.060372e-16
1708,263,75,0,0,0,-34.886864,7.060372e-16
1709,271,75,0,0,0,-34.886864,7.060372e-16
1710,274,75,0,0,0,-34.886864,7.060372e-16
1711,277,75,0,0,0,-34.886864,7.060372e-16
1712,290,75,0,0,0,-34.886864,7.060372e-16
1713,291,75,0,0,0,-34.886864,7.060372e-16
1714,46,76,0,0,0,-41.297493,1.1607179e-18
1715,87,76,0,0,0,-41.297493,1.1607179e-18
1716,103,76,0,0,0,-41.297493,1.1607179e-18
1717,110,76,0,0,0,-41.297493,1.1607179e-18
1718,117,76,0,0,0,-41.297493,1.1607179e-18
1719,125,76,0,0,0,-41.297493,1.1607179e-18
1720,221,76,0,0,0,-41.297493,1.1607179e-18
1721,227,76,0,0,0,-41.297493,1.1607179e-18
1722,263,76,0,0,0,-41.297493,1.1607179e-18
1723,81,77,0,0,0,-61.893574,1.3181428e-27
1724,109,77,0,0,0,-61.893574,1.3181428e-27
1725,161,77,0,0,0,-61.893574,1.3181428e-27
1726,188,77,0,0,0,-61.893574,1.3181428e-27
1727,193,77,0,0,0,-61.893574,1.3181428e-27
1728,208,77,0,0,0,-61.893574,1.3181428e-27
1729,221,77,0,0,0,-61.893574,1.3181428e-27
1730,231,77,0,0,0,-61.893574,1.3181428e-27
1731,243,77,0,0,0,-61.893574,1.3181428e-27
1732,285,77,0,0,0,-61.893574,1.3181428e-27
1733,41,78,0,0,0,-31.67042,1.760806e-14
1734,47,78,0,0,0,-31.67042,1.760806e-14
1735,59,78,0,0,0,-31.67042,1.760806e-14
1736,60,78,0,0,0,-31.67042,1.760806e-14
1737,81,78,0,0,0,-31.67042,1.760806e-14
1738,102,78,0,0,0,-31.67042,1.760806e-14
1739,110,78,0,0,0,-31.67042,1.760806e-14
1740,184,78,0,0,0,-31.67042,1.760806e-14
1741,255,78,0,0,0,-31.67042,1.760806e-14
1742,15,79,0,0,0,-32.4778,7.853646e-15
1743,74,79,0,0,0,-32.4778,7.853646e-15
1744,88,79,0,0,0,-32.4778,7.853646e-15
1745,97,79,0,0,0,-32.4778,7.853646e-15
1746,105,79,0,0,0,-32.4778,7.853646e-15
1747,139,79,0,0,0,-32.4778,7.853646e-15
1748,157,79,0,0,0,-32.4778,7.853646e-15
1749,225,79,0,0,0,-32.4778,7.853646e-15
1750,227,79,0,0,0,-32.4778,7.853646e-15
1751,291,79,0,0,0,-32.4778,7.853646e-15
1752,4,80,0,0,0,-24.537333,2.2058293e-11
1753,24,80,0,0,0,-24.537333,2.2058293e-11
1754,55,80,0,0,0,-24.537333,2.2058293e-11
1755,70,80,0,0,0,-24.537333,2.2058293e-11
1756,73,80,0,0,0,-24.537333,2.2058293e-11
1757,115,80,0,0,0,-24.537333,2.2058293e-11
1758,143,80,0,0,0,-24.537333,2.2058293e-11
1759,151,80,0,0,0,-24.537333,2.2058293e-11
1760,171,80,0,0,0,-24.537333,2.2058293e-11
1761,185,80,0,0,0,-24.537333,2.2058293e-11
1762,187,80,0,0,0,-24.537333,2.2058293e-11
1763,190,80,0,0,0,-24.537333,2.2058293e-11
1764,197,80,0,0,0,-24.537333,2.2058293e-11
1765,208,80,0,0,0,-24.537333,2.2058293e-11
1766,242,80,0,0,0,-24.537333,2.2058293e-11
1767,244,80,0,0,0,-24.537333,2.2058293e-11
1768,254,80,0,0,0,-24.537333,2.2058293e-11
1769,259,80,0,0,0,-24.537333,2.2058293e-11
1770,278,80,0,0,0,-24.537333,2.2058293e-11
1771,41,81,0,0,0,-2.384338,0.08437483
1772,51,81,0,0,0,-2.384338,0.08437483
1773,133,81,0,0,0,-2.384338,0.08437483
1774,180,81,0,0,0,-2.384338,0.08437483
1775,244,81,0,0,0,-2.384338,0.08437483
1776,247,81,0,0,0,-2.384338,0.08437483
1777,280,81,0,0,0,-2.384338,0.08437483
1778,282,81,0,0,0,-2.384338,0.08437483
1779,290,81,0,0,0,-2.384338,0.08437483
1780,20,82,0,0,0,-35.24565,4.931831e-16
1781,22,82,0,0,0,-35.24565,4.931831e-16
1782,36,82,0,0,0,-35.24565,4.931831e-16
1783,42,82,0,0,0,-35.24565,4.931831e-16
1784,56,82,0,0,0,-35.24565,4.931831e-16
1785,144,82,0,0,0,-35.24565,4.931831e-16
1786,154,82,0,0,0,-35.24565,4.931831e-16
1787,239,82,0,0,0,-35.24565,4.931831e-16
1788,249,82,0,0,0,-35.24565,4.931831e-16
1789,281,82,0,0,0,-35.24565,4.931831e-16
1790,11,83,0,0,0,-6.9443827,0.0009631068
1791,13,83,0,0,0,-6.9443827,0.0009631068
1792,68,83,0,0,0,-6.9443827,0.0009631068
1793,78,83,0,0,0,-6.9443827,0.0009631068
1794,165,83,0,0,0,-6.9443827,0.0009631068
1795,200,83,0,0,0,-6.9443827,0.0009631068
1796,241,83,0,0,0,-6.9443827,0.0009631068
1797,254,83,0,0,0,-6.9443827,0.0009631068
1798,287,83,0,0,0,-6.9443827,0.0009631068
1799,9,84,0,0,0,-4.617868,0.009777286
1800,23,84,0,0,0,-4.617868,0.009777286
1801,36,84,0,0,0,-4.617868,0.009777286
1802,47,84,0,0,0,-4.617868,0.009777286
1803,53,84,0,0,0,-4.617868,0.009777286
1804,86,84,0,0,0,-4.617868,0.009777286
1805,132,84,0,0,0,-4.617868,0.009777286
1806,204,84,0,0,0,-4.617868,0.009777286
1807,284,84,0,0,0,-4.617868,0.009777286
1808,62,86,0,0,0,-74.09515,6.62039e-33
1809,79,86,0,0,0,-74.09515,6.62039e-33
1810,125,86,0,0,0,-74.09515,6.62039e-33
1811,160,86,0,0,0,-74.09515,6.62039e-33
1812,167,86,0,0,0,-74.09515,6.62039e-33
1813,174,86,0,0,0,-74.09515,6.62039e-33
1814,211,86,0,0,0,-74.09515,6.62039e-33
1815,247,86,0,0,0,-74.09515,6.62039e-33
1816,249,86,0,0,0,-74.09515,6.62039e-33
1817,277,86,0,0,0,-74.09515,6.62039e-33
1818,21,93,0,0,0,-10.228268,3.6133006e-05
1819,123,93,0,0,0,-10.228268,3.6133006e-05
1820,125,93,0,0,0,-10.228268,3.6133006e-05
1821,129,93,0,0,0,-10.228268,3.6133006e-05
1822,162,93,0,0,0,-10.228268,3.6133006e-05
1823,208,93,0,0,0,-10.228268,3.6133006e-05
1824,218,93,0,0,0,-10.228268,3.6133006e-05
1825,259,93,0,0,0,-10.228268,3.6133006e-05
1826,274,93,0,0,0,-10.228268,3.6133006e-05
1827,8,94,0,0,0,-23.571203,5.7963755e-11
1828,59,94,0,0,0,-23.571203,5.7963755e-11
1829,96,94,0,0,0,-23.571203,5.7963755e-11
1830,98,94,0,0,0,-23.571203,5.7963755e-11
1831,198,94,0,0,0,-23.571203,5.7963755e-11
1832,227,94,0,0,0,-23.571203,5.7963755e-11
1833,230,94,0,0,0,-23.571203,5.7963755e-11
1834,246,94,0,0,0,-23.571203,5.7963755e-11
1835,252,94,0,0,0,-23.571203,5.7963755e-11
1836,256,94,0,0,0,-23.571203,5.7963755e-11
1837,282,94,0,0,0,-23.571203,5.7963755e-11
1838,13,98,0,0,0,-23.421793,6.730457e-11
1839,17,98,0,0,0,-23.421793,6.730457e-11
1840,39,98,0,0,0,-23.421793,6.730457e-11
1841,63,98,0,0,0,-23.421793,6.730457e-11
1842,72,98,0,0,0,-23.421793,6.730457e-11
1843,86,98,0,0,0,-23.421793,6.730457e-11
1844,113,98,0,0,0,-23.421793,6.730457e-11
1845,125,98,0,0,0,-23.421793,6.730457e-11
1846,139,98,0,0,0,-23.421793,6.730457e-11
1847,153,98,0,0,0,-23.421793,6.730457e-11
1848,163,98,0,0,0,-23.421793,6.730457e-11
1849,183,98,0,0,0,-23.421793,6.730457e-11
1850,191,98,0,0,0,-23.421793,6.730457e-11
1851,199,98,0,0,0,-23.421793,6.730457e-11
1852,227,98,0,0,0,-23.421793,6.730457e-11
1853,246,98,0,0,0,-23.421793,6.730457e-11
1854,265,98,0,0,0,-23.421793,6.730457e-11
1855,278,98,0,0,0,-23.421793,6.730457e-11
1856,283,98,0,0,0,-23.421793,6.730457e-11
1857,2,99,0,0,0,-33.413906,3.0798173e-15
1858,26,99,0,0,0,-33.413906,3.0798173e-15
1859,43,99,0,0,0,-33.413906,3.0798173e-15
1860,54,99,0,0,0,-33.413906,3.0798173e-15
1861,56,99,0,0,0,-33.413906,3.0798173e-15
1862,85,99,0,0,0,-33.413906,3.0798173e-15
1863,86,99,0,0,0,-33.413906,3.0798173e-15
1864,87,99,0,0,0,-33.413906,3.0798173e-15
1865,102,99,0,0,0,-33.413906,3.0798173e-15
1866,127,99,0,0,0,-33.413906,3.0798173e-15
1867,133,99,0,0,0,-33.413906,3.0798173e-15
1868,137,99,0,0,0,-33.413906,3.0798173e-15
1869,139,99,0,0,0,-33.413906,3.0798173e-15
1870,194,99,0,0,0,-33.413906,3.0798173e-15
1871,209,99,0,0,0,-33.413906,3.0798173e-15
1872,211,99,0,0,0,-33.413906,3.0798173e-15
1873,216,99,0,0,0,-33.413906,3.0798173e-15
1874,242,99,0,0,0,-33.413906,3.0798173e-15
1875,280,99,0,0,0,-33.413906,3.0798173e-15
1876,17,102,0,0,0,-43.39403,1.4263022e-19
1877,18,102,0,0,0,-43.39403,1.4263022e-19
1878,59,102,0,0,0,-43.39403,1.4263022e-19
1879,98,102,0,0,0,-43.39403,1.4263022e-19
1880,102,102,0,0,0,-43.39403,1.4263022e-19
1881,112,102,0,0,0,-43.39403,1.4263022e-19
1882,185,102,0,0,0,-43.39403,1.4263022e-19
1883,234,102,0,0,0,-43.39403,1.4263022e-19
1884,235,102,0,0,0,-43.39403,1.4263022e-19
1885,247,102,0,0,0,-43.39403,1.4263022e-19
1886,274,102,0,0,0,-43.39403,1.4263022e-19
1887,3,103,0,0,0,-33.216312,3.7526567e-15
1888,24,103,0,0,0,-33.216312,3.7526567e-15
1889,33,103,0,0,0,-33.216312,3.7526567e-15
1890,46,103,0,0,0,-33.216312,3.7526567e-15
1891,86,103,0,0,0,-33.216312,3.7526567e-15
1892,105,103,0,0,0,-33.216312,3.7526567e-15
1893,145,103,0,0,0,-33.216312,3.7526567e-15
1894,152,103,0,0,0,-33.216312,3.7526567e-15
1895,255,103,0,0,0,-33.216312,3.7526567e-15
1896,22,104,0,0,0,-11.291323,1.2480599e-05
1897,36,104,0,0,0,-11.291323,1.2480599e-05
1898,85,104,0,0,0,-11.291323,1.2480599e-05
1899,135,104,0,0,0,-11.291323,1.2480599e-05
1900,149,104,0,0,0,-11.291323,1.2480599e-05
1901,249,104,0,0,0,-11.291323,1.2480599e-05
1902,275,104,0,0,0,-11.291323,1.2480599e-05
1903,290,104,0,0,0,-11.291323,1.2480599e-05
1904,291,104,0,0,0,-11.291323,1.2480599e-05
1905,27,105,0,0,0,-10.98686,1.6922319e-05
1906,117,105,0,0,0,-10.98686,1.6922319e-05
1907,122,105,0,0,0,-10.98686,1.6922319e-05
1908,183,105,0,0,0,-10.98686,1.6922319e-05
1909,205,105,0,0,0,-10.98686,1.6922319e-05
1910,263,105,0,0,0,-10.98686,1.6922319e-05
1911,285,105,0,0,0,-10.98686,1.6922319e-05
1912,287,105,0,0,0,-10.98686,1.6922319e-05
1913,288,105,0,0,0,-10.98686,1.6922319e-05
1914,7,106,0,0,0,-27.542715,1.0923224e-12
1915,16,106,0,0,0,-27.542715,1.0923224e-12
1916,44,106,0,0,0,-27.542715,1.0923224e-12
1917,45,106,0,0,0,-27.542715,1.0923224e-12
1918,125,106,0,0,0,-27.542715,1.0923224e-12
1919,200,106,0,0,0,-27.542715,1.0923224e-12
1920,215,106,0,0,0,-27.542715,1.0923224e-12
1921,231,106,0,0,0,-27.542715,1.0923224e-12
1922,245,106,0,0,0,-27.542715,1.0923224e-12
1923,84,107,0,0,0,-30.644499,4.9120555e-14
1924,87,107,0,0,0,-30.644499,4.9120555e-14
1925,91,107,0,0,0,-30.644499,4.9120555e-14
1926,103,107,0,0,0,-30.644499,4.9120555e-14
1927,122,107,0,0,0,-30.644499,4.9120555e-14
1928,145,107,0,0,0,-30.644499,4.9120555e-14
1929,175,107,0,0,0,-30.644499,4.9120555e-14
1930,208,107,0,0,0,-30.644499,4.9120555e-14
1931,268,107,0,0,0,-30.644499,4.9120555e-14
1932,9,108,0,0,0,-15.443083,1.9640578e-07
1933,38,108,0,0,0,-15.443083,1.9640578e-07
1934,47,108,0,0,0,-15.443083,1.9640578e-07
1935,66,108,0,0,0,-15.443083,1.9640578e-07
1936,86,108,0,0,0,-15.443083,1.9640578e-07
1937,125,108,0,0,0,-15.443083,1.9640578e-07
1938,179,108,0,0,0,-15.443083,1.9640578e-07
1939,247,108,0,0,0,-15.443083,1.9640578e-07
1940,275,108,0,0,0,-15.443083,1.9640578e-07
1941,0,109,0,0,0,-22.761053,1.3031676e-10
1942,59,109,0,0,0,-22.761053,1.3031676e-10
1943,71,109,0,0,0,-22.761053,1.3031676e-10
1944,76,109,0,0,0,-22.761053,1.3031676e-10
1945,89,109,0,0,0,-22.761053,1.3031676e-10
1946,168,109,0,0,0,-22.761053,1.3031676e-10
1947,180,109,0,0,0,-22.761053,1.3031676e-10
1948,197,109,0,0,0,-22.761053,1.3031676e-10
1949,251,109,0,0,0,-22.761053,1.3031676e-10
1950,263,109,0,0,0,-22.761053,1.3031676e-10
1951,10,113,0,0,0,-10.031809,4.39766e-05
1952,42,113,0,0,0,-10.031809,4.39766e-05
1953,45,113,0,0,0,-10.031809,4.39766e-05
1954,132,113,0,0,0,-10.031809,4.39766e-05
1955,176,113,0,0,0,-10.031809,4.39766e-05
1956,185,113,0,0,0,-10.031809,4.39766e-05
1957,218,113,0,0,0,-10.031809,4.39766e-05
1958,264,113,0,0,0,-10.031809,4.39766e-05
1959,273,113,0,0,0,-10.031809,4.39766e-05
1960,5,115,0,0,0,-36.934578,9.109963e-17
1961,59,115,0,0,0,-36.934578,9.109963e-17
1962,92,115,0,0,0,-36.934578,9.109963e-17
1963,94,115,0,0,0,-36.934578,9.109963e-17
1964,123,115,0,0,0,-36.934578,9.109963e-17
1965,127,115,0,0,0,-36.934578,9.109963e-17
1966,158,115,0,0,0,-36.934578,9.109963e-17
1967,160,115,0,0,0,-36.934578,9.109963e-17
1968,196,115,0,0,0,-36.934578,9.109963e-17
1969,283,115,0,0,0,-36.934578,9.109963e-17
1970,14,117,0,0,0,-15.041201,2.9355496e-07
1971,49,117,0,0,0,-15.041201,2.9355496e-07
1972,79,117,0,0,0,-15.041201,2.9355496e-07
1973,82,117,0,0,0,-15.041201,2.9355496e-07
1974,90,117,0,0,0,-15.041201,2.9355496e-07
1975,126,117,0,0,0,-15.041201,2.9355496e-07
1976,178,117,0,0,0,-15.041201,2.9355496e-07
1977,242,117,0,0,0,-15.041201,2.9355496e-07
1978,249,117,0,0,0,-15.041201,2.9355496e-07
1979,267,117,0,0,0,-15.041201,2.9355496e-07
1980,2,119,0,0,0,-26.799913,2.2958606e-12
1981,34,119,0,0,0,-26.799913,2.2958606e-12
1982,57,119,0,0,0,-26.799913,2.2958606e-12
1983,65,119,0,0,0,-26.799913,2.2958606e-12
1984,76,119,0,0,0,-26.799913,2.2958606e-12
1985,162,119,0,0,0,-26.799913,2.2958606e-12
1986,212,119,0,0,0,-26.799913,2.2958606e-12
1987,253,119,0,0,0,-26.799913,2.2958606e-12
1988,281,119,0,0,0,-26.799913,2.2958606e-12
1989,3,120,0,0,0,-0.22464508,0.44407374
1990,11,120,0,0,0,-0.22464508,0.44407374
1991,16,120,0,0,0,-0.22464508,0.44407374
1992,35,120,0,0,0,-0.22464508,0.44407374
1993,50,120,0,0,0,-0.22464508,0.44407374
1994,53,120,0,0,0,-0.22464508,0.44407374
1995,63,120,0,0,0,-0.22464508,0.44407374
1996,79,120,0,0,0,-0.22464508,0.44407374
1997,88,120,0,0,0,-0.22464508,0.44407374
1998,107,120,0,0,0,-0.22464508,0.44407374
1999,112,120,0,0,0,-0.22464508,0.44407374
2000,119,120,0,0,0,-0.22464508,0.44407374
2001,132,120,0,0,0,-0.22464508,0.44407374
2002,133,120,0,0,0,-0.22464508,0.44407374
2003,144,120,0,0,0,-0.22464508,0.44407374
2004,154,120,0,0,0,-0.22464508,0.44407374
2005,155,120,0,0,0,-0.22464508,0.44407374
2006,156,120,0,0,0,-0.22464508,0.44407374
2007,164,120,0,0,0,-0.22464508,0.44407374
2008,170,120,0,0,0,-0.22464508,0.44407374
2009,199,120,0,0,0,-0.22464508,0.44407374
2010,201,120,0,0,0,-0.22464508,0.44407374
2011,212,120,0,0,0,-0.22464508,0.44407374
2012,216,120,0,0,0,-0.22464508,0.44407374
2013,232,120,0,0,0,-0.22464508,0.44407374
2014,235,120,0,0,0,-0.22464508,0.44407374
2015,236,120,0,0,0,-0.22464508,0.44407374
2016,251,120,0,0,0,-0.22464508,0.44407374
2017,51,124,0,0,0,-42.559113,3.287095e-19
2018,65,124,0,0,0,-42.559113,3.287095e-19
2019,85,124,0,0,0,-42.559113,3.287095e-19
2020,86,124,0,0,0,-42.559113,3.287095e-19
2021,108,124,0,0,0,-42.559113,3.287095e-19
2022,117,124,0,0,0,-42.559113,3.287095e-19
2023,119,124,0,0,0,-42.559113,3.287095e-19
2024,126,124,0,0,0,-42.559113,3.287095e-19
2025,137,124,0,0,0,-42.559113,3.287095e-19
2026,158,124,0,0,0,-42.559113,3.287095e-19
2027,169,124,0,0,0,-42.559113,3.287095e-19
2028,174,124,0,0,0,-42.559113,3.287095e-19
2029,180,124,0,0,0,-42.559113,3.287095e-19
2030,196,124,0,0,0,-42.559113,3.287095e-19
2031,200,124,0,0,0,-42.559113,3.287095e-19
2032,206,124,0,0,0,-42.559113,3.287095e-19
2033,239,124,0,0,0,-42.559113,3.287095e-19
2034,285,124,0,0,0,-42.559113,3.287095e-19
2035,286,124,0,0,0,-42.559113,3.287095e-19
2036,289,124,0,0,0,-42.559113,3.287095e-19
2037,37,125,0,0,0,-5.965967,0.002558003
2038,47,125,0,0,0,-5.965967,0.002558003
2039,56,125,0,0,0,-5.965967,0.002558003
2040,61,125,0,0,0,-5.965967,0.002558003
2041,70,125,0,0,0,-5.965967,0.002558003
2042,78,125,0,0,0,-5.965967,0.002558003
2043,89,125,0,0,0,-5.965967,0.002558003
2044,102,125,0,0,0,-5.965967,0.002558003
2045,115,125,0,0,0,-5.965967,0.002558003
2046,118,125,0,0,0,-5.965967,0.002558003
2047,133,125,0,0,0,-5.965967,0.002558003
2048,135,125,0,0,0,-5.965967,0.002558003
2049,159,125,0,0,0,-5.965967,0.002558003
2050,178,125,0,0,0,-5.965967,0.002558003
2051,182,125,0,0,0,-5.965967,0.002558003
2052,204,125,0,0,0,-5.965967,0.002558003
2053,246,125,0,0,0,-5.965967,0.002558003
2054,287,125,0,0,0,-5.965967,0.002558003
2055,290,125,0,0,0,-5.965967,0.002558003
2056,19,133,0,0,0,-24.92171,1.501894e-11
2057,64,133,0,0,0,-24.92171,1.501894e-11
2058,86,133,0,0,0,-24.92171,1.501894e-11
2059,89,133,0,0,0,-24.92171,1.501894e-11
2060,101,133,0,0,0,-24.92171,1.501894e-11
2061,147,133,0,0,0,-24.92171,1.501894e-11
2062,155,133,0,0,0,-24.92171,1.501894e-11
2063,156,133,0,0,0,-24.92171,1.501894e-11
2064,225,133,0,0,0,-24.92171,1.501894e-11
2065,270,133,0,0,0,-24.92171,1.501894e-11
2066,6,134,0,0,0,-35.552696,3.6279408e-16
2067,14,134,0,0,0,-35.552696,3.6279408e-16
2068,18,134,0,0,0,-35.552696,3.6279408e-16
2069,30,134,0,0,0,-35.552696,3.6279408e-16
2070,113,134,0,0,0,-35.552696,3.6279408e-16
2071,116,134,0,0,0,-35.552696,3.6279408e-16
2072,125,134,0,0,0,-35.552696,3.6279408e-16
2073,150,134,0,0,0,-35.552696,3.6279408e-16
2074,156,134,0,0,0,-35.552696,3.6279408e-16
2075,161,134,0,0,0,-35.552696,3.6279408e-16
2076,176,134,0,0,0,-35.552696,3.6279408e-16
2077,183,134,0,0,0,-35.552696,3.6279408e-16
2078,186,134,0,0,0,-35.552696,3.6279408e-16
2079,190,134,0,0,0,-35.552696,3.6279408e-16
2080,196,134,0,0,0,-35.552696,3.6279408e-16
2081,197,134,0,0,0,-35.552696,3.6279408e-16
2082,203,134,0,0,0,-35.552696,3.6279408e-16
2083,204,134,0,0,0,-35.552696,3.6279408e-16
2084,216,134,0,0,0,-35.552696,3.6279408e-16
2085,221,134,0,0,0,-35.552696,3.6279408e-16
2086,226,134,0,0,0,-35.552696,3.6279408e-16
2087,234,134,0,0,0,-35.552696,3.6279408e-16
2088,266,134,0,0,0,-35.552696,3.6279408e-16
2089,272,134,0,0,0,-35.552696,3.6279408e-16
2090,274,134,0,0,0,-35.552696,3.6279408e-16
2091,276,134,0,0,0,-35.552696,3.6279408e-16
2092,282,134,0,0,0,-35.552696,3.6279408e-16
2093,286,134,0,0,0,-35.552696,3.6279408e-16
2094,54,135,0,0,0,-20.857601,8.7429686e-10
2095,80,135,0,0,0,-20.857601,8.7429686e-10
2096,89,135,0,0,0,-20.857601,8.7429686e-10
2097,111,135,0,0,0,-20.857601,8.7429686e-10
2098,121,135,0,0,0,-20.857601,8.7429686e-10
2099,204,135,0,0,0,-20.857601,8.7429686e-10
2100,227,135,0,0,0,-20.857601,8.7429686e-10
2101,249,135,0,0,0,-20.857601,8.7429686e-10
2102,259,135,0,0,0,-20.857601,8.7429686e-10
2103,15,136,0,0,0,-29.04323,2.436046e-13
2104,43,136,0,0,0,-29.04323,2.436046e-13
2105,50,136,0,0,0,-29.04323,2.436046e-13
2106,51,136,0,0,0,-29.04323,2.436046e-13
2107,59,136,0,0,0,-29.04323,2.436046e-13
2108,63,136,0,0,0,-29.04323,2.436046e-13
2109,99,136,0,0,0,-29.04323,2.436046e-13
2110,113,136,0,0,0,-29.04323,2.436046e-13
2111,122,136,0,0,0,-29.04323,2.436046e-13
2112,162,136,0,0,0,-29.04323,2.436046e-13
2113,167,136,0,0,0,-29.04323,2.436046e-13
2114,180,136,0,0,0,-29.04323,2.436046e-13
2115,194,136,0,0,0,-29.04323,2.436046e-13
2116,207,136,0,0,0,-29.04323,2.436046e-13
2117,217,136,0,0,0,-29.04323,2.436046e-13
2118,242,136,0,0,0,-29.04323,2.436046e-13
2119,273,136,0,0,0,-29.04323,2.436046e-13
2120,275,136,0,0,0,-29.04323,2.436046e-13
2121,291,136,0,0,0,-29.04323,2.436046e-13
2122,1,138,0,0,0,-8.481966,0.00020712809
2123,33,138,0,0,0,-8.481966,0.00020712809
2124,49,138,0,0,0,-8.481966,0.00020712809
2125,50,138,0,0,0,-8.481966,0.00020712809
2126,54,138,0,0,0,-8.481966,0.00020712809
2127,77,138,0,0,0,-8.481966,0.00020712809
2128,176,138,0,0,0,-8.481966,0.00020712809
2129,214,138,0,0,0,-8.481966,0.00020712809
2130,242,138,0,0,0,-8.481966,0.00020712809
2131,44,139,0,0,0,-38.006325,3.119341e-17
2132,63,139,0,0,0,-38.006325,3.119341e-17
2133,76,139,0,0,0,-38.006325,3.119341e-17
2134,92,139,0,0,0,-38.006325,3.119341e-17
2135,98,139,0,0,0,-38.006325,3.119341e-17
2136,122,139,0,0,0,-38.006325,3.119341e-17
2137,176,139,0,0,0,-38.006325,3.119341e-17
2138,179,139,0,0,0,-38.006325,3.119341e-17
2139,256,139,0,0,0,-38.006325,3.119341e-17
2140,10,142,0,0,0,-11.518137,9.947921e-06
2141,32,142,0,0,0,-11.518137,9.947921e-06
2142,46,142,0,0,0,-11.518137,9.947921e-06
2143,50,142,0,0,0,-11.518137,9.947921e-06
2144,67,142,0,0,0,-11.518137,9.947921e-06
2145,221,142,0,0,0,-11.518137,9.947921e-06
2146,233,142,0,0,0,-11.518137,9.947921e-06
2147,245,142,0,0,0,-11.518137,9.947921e-06
2148,246,142,0,0,0,-11.518137,9.947921e-06
2149,24,143,0,0,0,-23.016245,1.00965236e-10
2150,31,143,0,0,0,-23.016245,1.00965236e-10
2151,50,143,0,0,0,-23.016245,1.00965236e-10
2152,182,143,0,0,0,-23.016245,1.00965236e-10
2153,212,143,0,0,0,-23.016245,1.00965236e-10
2154,232,143,0,0,0,-23.016245,1.00965236e-10
2155,235,143,0,0,0,-23.016245,1.00965236e-10
2156,252,143,0,0,0,-23.016245,1.00965236e-10
2157,264,143,0,0,0,-23.016245,1.00965236e-10
2158,35,145,0,0,0,-30.139637,8.1380805e-14
2159,41,145,0,0,0,-30.139637,8.1380805e-14
2160,55,145,0,0,0,-30.139637,8.1380805e-14
2161,92,145,0,0,0,-30.139637,8.1380805e-14
2162,119,145,0,0,0,-30.139637,8.1380805e-14
2163,129,145,0,0,0,-30.139637,8.1380805e-14
2164,132,145,0,0,0,-30.139637,8.1380805e-14
2165,221,145,0,0,0,-30.139637,8.1380805e-14
2166,224,145,0,0,0,-30.139637,8.1380805e-14
2167,279,145,0,0,0,-30.139637,8.1380805e-14
2168,290,145,0,0,0,-30.139637,8.1380805e-14
2169,5,146,0,0,0,-35.203125,5.146086e-16
2170,52,146,0,0,0,-35.203125,5.146086e-16
2171,72,146,0,0,0,-35.203125,5.146086e-16
2172,86,146,0,0,0,-35.203125,5.146086e-16
2173,116,146,0,0,0,-35.203125,5.146086e-16
2174,134,146,0,0,0,-35.203125,5.146086e-16
2175,159,146,0,0,0,-35.203125,5.146086e-16
2176,181,146,0,0,0,-35.203125,5.146086e-16
2177,227,146,0,0,0,-35.203125,5.146086e-16
2178,5,151,0,0,0,-4.2279253,0.0143730175
2179,38,151,0,0,0,-4.2279253,0.0143730175
2180,39,151,0,0,0,-4.2279253,0.0143730175
2181,47,151,0,0,0,-4.2279253,0.0143730175
2182,144,151,0,0,0,-4.2279253,0.0143730175
2183,187,151,0,0,0,-4.2279253,0.0143730175
2184,190,151,0,0,0,-4.2279253,0.0143730175
2185,200,151,0,0,0,-4.2279253,0.0143730175
2186,204,151,0,0,0,-4.2279253,0.0143730175
2187,39,152,0,0,0,-8.626269,0.00017930027
2188,43,152,0,0,0,-8.626269,0.00017930027
2189,121,152,0,0,0,-8.626269,0.00017930027
2190,138,152,0,0,0,-8.626269,0.00017930027
2191,162,152,0,0,0,-8.626269,0.00017930027
2192,166,152,0,0,0,-8.626269,0.00017930027
2193,189,152,0,0,0,-8.626269,0.00017930027
2194,214,152,0,0,0,-8.626269,0.00017930027
2195,224,152,0,0,0,-8.626269,0.00017930027
2196,17,153,0,0,0,-46.733345,5.057852e-21
2197,83,153,0,0,0,-46.733345,5.057852e-21
2198,92,153,0,0,0,-46.733345,5.057852e-21
2199,107,153,0,0,0,-46.733345,5.057852e-21
2200,130,153,0,0,0,-46.733345,5.057852e-21
2201,131,153,0,0,0,-46.733345,5.057852e-21
2202,135,153,0,0,0,-46.733345,5.057852e-21
2203,137,153,0,0,0,-46.733345,5.057852e-21
2204,150,153,0,0,0,-46.733345,5.057852e-21
2205,160,153,0,0,0,-46.733345,5.057852e-21
2206,185,153,0,0,0,-46.733345,5.057852e-21
2207,216,153,0,0,0,-46.733345,5.057852e-21
2208,220,153,0,0,0,-46.733345,5.057852e-21
2209,233,153,0,0,0,-46.733345,5.057852e-21
2210,244,153,0,0,0,-46.733345,5.057852e-21
2211,272,153,0,0,0,-46.733345,5.057852e-21
2212,276,153,0,0,0,-46.733345,5.057852e-21
2213,280,153,0,0,0,-46.733345,5.057852e-21
2214,281,153,0,0,0,-46.733345,5.057852e-21
2215,282,153,0,0,0,-46.733345,5.057852e-21
2216,0,157,0,0,0,-34.905754,6.928251e-16
2217,56,157,0,0,0,-34.905754,6.928251e-16
2218,62,157,0,0,0,-34.905754,6.928251e-16
2219,72,157,0,0,0,-34.905754,6.928251e-16
2220,103,157,0,0,0,-34.905754,6.928251e-16
2221,129,157,0,0,0,-34.905754,6.928251e-16
2222,162,157,0,0,0,-34.905754,6.928251e-16
2223,165,157,0,0,0,-34.905754,6.928251e-16
2224,175,157,0,0,0,-34.905754,6.928251e-16
2225,211,157,0,0,0,-34.905754,6.928251e-16
2226,54,158,0,0,0,-16.313631,8.223942e-08
2227,169,158,0,0,0,-16.313631,8.223942e-08
2228,193,158,0,0,0,-16.313631,8.223942e-08
2229,195,158,0,0,0,-16.313631,8.223942e-08
2230,196,158,0,0,0,-16.313631,8.223942e-08
2231,222,158,0,0,0,-16.313631,8.223942e-08
2232,226,158,0,0,0,-16.313631,8.223942e-08
2233,239,158,0,0,0,-16.313631,8.223942e-08
2234,244,158,0,0,0,-16.313631,8.223942e-08
2235,5,159,0,0,0,-61.225277,2.5715802e-27
2236,7,159,0,0,0,-61.225277,2.5715802e-27
2237,131,159,0,0,0,-61.225277,2.5715802e-27
2238,182,159,0,0,0,-61.225277,2.5715802e-27
2239,185,159,0,0,0,-61.225277,2.5715802e-27
2240,186,159,0,0,0,-61.225277,2.5715802e-27
2241,187,159,0,0,0,-61.225277,2.5715802e-27
2242,200,159,0,0,0,-61.225277,2.5715802e-27
2243,254,159,0,0,0,-61.225277,2.5715802e-27
2244,1,160,0,0,0,-31.22358,2.7527817e-14
2245,12,160,0,0,0,-31.22358,2.7527817e-14
2246,23,160,0,0,0,-31.22358,2.7527817e-14
2247,28,160,0,0,0,-31.22358,2.7527817e-14
2248,30,160,0,0,0,-31.22358,2.7527817e-14
2249,60,160,0,0,0,-31.22358,2.7527817e-14
2250,108,160,0,0,0,-31.22358,2.7527817e-14
2251,114,160,0,0,0,-31.22358,2.7527817e-14
2252,135,160,0,0,0,-31.22358,2.7527817e-14
2253,137,160,0,0,0,-31.22358,2.7527817e-14
2254,154,160,0,0,0,-31.22358,2.7527817e-14
2255,157,160,0,0,0,-31.22358,2.7527817e-14
2256,173,160,0,0,0,-31.22358,2.7527817e-14
2257,200,160,0,0,0,-31.22358,2.7527817e-14
2258,216,160,0,0,0,-31.22358,2.7527817e-14
2259,228,160,0,0,0,-31.22358,2.7527817e-14
2260,247,160,0,0,0,-31.22358,2.7527817e-14
2261,288,160,0,0,0,-31.22358,2.7527817e-14
2262,290,160,0,0,0,-31.22358,2.7527817e-14
2263,25,161,0,0,0,-8.723364,0.00016271236
2264,39,161,0,0,0,-8.723364,0.00016271236
2265,52,161,0,0,0,-8.723364,0.00016271236
2266,91,161,0,0,0,-8.723364,0.00016271236
2267,119,161,0,0,0,-8.723364,0.00016271236
2268,190,161,0,0,0,-8.723364,0.00016271236
2269,241,161,0,0,0,-8.723364,0.00016271236
2270,285,161,0,0,0,-8.723364,0.00016271236
2271,287,161,0,0,0,-8.723364,0.00016271236
2272,27,162,0,0,0,-33.662483,2.4019794e-15
2273,34,162,0,0,0,-33.662483,2.4019794e-15
2274,55,162,0,0,0,-33.662483,2.4019794e-15
2275,59,162,0,0,0,-33.662483,2.4019794e-15
2276,64,162,0,0,0,-33.662483,2.4019794e-15
2277,119,162,0,0,0,-33.662483,2.4019794e-15
2278,151,162,0,0,0,-33.662483,2.4019794e-15
2279,218,162,0,0,0,-33.662483,2.4019794e-15
2280,275,162,0,0,0,-33.662483,2.4019794e-15
2281,12,169,0,0,0,-6.742979,0.0011777405
2282,18,169,0,0,0,-6.742979,0.0011777405
2283,36,169,0,0,0,-6.742979,0.0011777405
2284,53,169,0,0,0,-6.742979,0.0011777405
2285,71,169,0,0,0,-6.742979,0.0011777405
2286,149,169,0,0,0,-6.742979,0.0011777405
2287,201,169,0,0,0,-6.742979,0.0011777405
2288,213,169,0,0,0,-6.742979,0.0011777405
2289,231,169,0,0,0,-6.742979,0.0011777405
2290,26,170,0,0,0,-3.759222,0.022771249
2291,77,170,0,0,0,-3.759222,0.022771249
2292,99,170,0,0,0,-3.759222,0.022771249
2293,139,170,0,0,0,-3.759222,0.022771249
2294,162,170,0,0,0,-3.759222,0.022771249
2295,192,170,0,0,0,-3.759222,0.022771249
2296,216,170,0,0,0,-3.759222,0.022771249
2297,231,170,0,0,0,-3.759222,0.022771249
2298,285,170,0,0,0,-3.759222,0.022771249
2299,24,172,0,0,0,-13.646153,1.1845417e-06
2300,35,172,0,0,0,-13.646153,1.1845417e-06
2301,76,172,0,0,0,-13.646153,1.1845417e-06
2302,85,172,0,0,0,-13.646153,1.1845417e-06
2303,207,172,0,0,0,-13.646153,1.1845417e-06
2304,215,172,0,0,0,-13.646153,1.1845417e-06
2305,231,172,0,0,0,-13.646153,1.1845417e-06
2306,240,172,0,0,0,-13.646153,1.1845417e-06
2307,253,172,0,0,0,-13.646153,1.1845417e-06
2308,0,175,0,0,0,-9.175684,0.000103515675
2309,48,175,0,0,0,-9.175684,0.000103515675
2310,65,175,0,0,0,-9.175684,0.000103515675
2311,100,175,0,0,0,-9.175684,0.000103515675
2312,141,175,0,0,0,-9.175684,0.000103515675
2313,150,175,0,0,0,-9.175684,0.000103515675
2314,226,175,0,0,0,-9.175684,0.000103515675
2315,244,175,0,0,0,-9.175684,0.000103515675
2316,279,175,0,0,0,-9.175684,0.000103515675
2317,15,176,0,0,0,-10.832762,1.974162e-05
2318,52,176,0,0,0,-10.832762,1.974162e-05
2319,62,176,0,0,0,-10.832762,1.974162e-05
2320,78,176,0,0,0,-10.832762,1.974162e-05
2321,82,176,0,0,0,-10.832762,1.974162e-05
2322,100,176,0,0,0,-10.832762,1.974162e-05
2323,107,176,0,0,0,-10.832762,1.974162e-05
2324,154,176,0,0,0,-10.832762,1.974162e-05
2325,167,176,0,0,0,-10.832762,1.974162e-05
2326,246,176,0,0,0,-10.832762,1.974162e-05
2327,9,177,0,0,0,-41.01094,1.5458766e-18
2328,10,177,0,0,0,-41.01094,1.5458766e-18
2329,26,177,0,0,0,-41.01094,1.5458766e-18
2330,55,177,0,0,0,-41.01094,1.5458766e-18
2331,68,177,0,0,0,-41.01094,1.5458766e-18
2332,80,177,0,0,0,-41.01094,1.5458766e-18
2333,103,177,0,0,0,-41.01094,1.5458766e-18
2334,233,177,0,0,0,-41.01094,1.5458766e-18
2335,259,177,0,0,0,-41.01094,1.5458766e-18
2336,33,178,0,0,0,-20.440622,1.3266321e-09
2337,92,178,0,0,0,-20.440622,1.3266321e-09
2338,98,178,0,0,0,-20.440622,1.3266321e-09
2339,99,178,0,0,0,-20.440622,1.3266321e-09
2340,131,178,0,0,0,-20.440622,1.3266321e-09
2341,187,178,0,0,0,-20.440622,1.3266321e-09
2342,188,178,0,0,0,-20.440622,1.3266321e-09
2343,249,178,0,0,0,-20.440622,1.3266321e-09
2344,251,178,0,0,0,-20.440622,1.3266321e-09
2345,17,179,0,0,0,-21.609953,4.1201847e-10
2346,25,179,0,0,0,-21.609953,4.1201847e-10
2347,70,179,0,0,0,-21.609953,4.1201847e-10
2348,117,179,0,0,0,-21.609953,4.1201847e-10
2349,144,179,0,0,0,-21.609953,4.1201847e-10
2350,149,179,0,0,0,-21.609953,4.1201847e-10
2351,179,179,0,0,0,-21.609953,4.1201847e-10
2352,251,179,0,0,0,-21.609953,4.1201847e-10
2353,284,179,0,0,0,-21.609953,4.1201847e-10
2354,52,180,0,0,0,-29.878054,1.05712456e-13
2355,63,180,0,0,0,-29.878054,1.05712456e-13
2356,77,180,0,0,0,-29.878054,1.05712456e-13
2357,108,180,0,0,0,-29.878054,1.05712456e-13
2358,140,180,0,0,0,-29.878054,1.05712456e-13
2359,154,180,0,0,0,-29.878054,1.05712456e-13
2360,159,180,0,0,0,-29.878054,1.05712456e-13
2361,160,180,0,0,0,-29.878054,1.05712456e-13
2362,205,180,0,0,0,-29.878054,1.05712456e-13
2363,240,180,0,0,0,-29.878054,1.05712456e-13
2364,24,185,0,0,0,-44.866493,3.2713694e-20
2365,36,185,0,0,0,-44.866493,3.2713694e-20
2366,68,185,0,0,0,-44.866493,3.2713694e-20
2367,135,185,0,0,0,-44.866493,3.2713694e-20
2368,148,185,0,0,0,-44.866493,3.2713694e-20
2369,155,185,0,0,0,-44.866493,3.2713694e-20
2370,164,185,0,0,0,-44.866493,3.2713694e-20
2371,216,185,0,0,0,-44.866493,3.2713694e-20
2372,254,185,0,0,0,-44.866493,3.2713694e-20
2373,5,186,0,0,0,-7.199407,0.00074647093
2374,16,186,0,0,0,-7.199407,0.00074647093
2375,35,186,0,0,0,-7.199407,0.00074647093
2376,47,186,0,0,0,-7.199407,0.00074647093
2377,105,186,0,0,0,-7.199407,0.00074647093
2378,152,186,0,0,0,-7.199407,0.00074647093
2379,164,186,0,0,0,-7.199407,0.00074647093
2380,228,186,0,0,0,-7.199407,0.00074647093
2381,287,186,0,0,0,-7.199407,0.00074647093
2382,15,187,0,0,0,-16.771551,5.2024493e-08
2383,49,187,0,0,0,-16.771551,5.2024493e-08
2384,105,187,0,0,0,-16.771551,5.2024493e-08
2385,132,187,0,0,0,-16.771551,5.2024493e-08
2386,166,187,0,0,0,-16.771551,5.2024493e-08
2387,174,187,0,0,0,-16.771551,5.2024493e-08
2388,214,187,0,0,0,-16.771551,5.2024493e-08
2389,265,187,0,0,0,-16.771551,5.2024493e-08
2390,277,187,0,0,0,-16.771551,5.2024493e-08
2391,21,191,0,0,0,-6.504353,0.0014946715
2392,31,191,0,0,0,-6.504353,0.0014946715
2393,47,191,0,0,0,-6.504353,0.0014946715
2394,58,191,0,0,0,-6.504353,0.0014946715
2395,113,191,0,0,0,-6.504353,0.0014946715
2396,177,191,0,0,0,-6.504353,0.0014946715
2397,185,191,0,0,0,-6.504353,0.0014946715
2398,224,191,0,0,0,-6.504353,0.0014946715
2399,258,191,0,0,0,-6.504353,0.0014946715
2400,260,191,0,0,0,-6.504353,0.0014946715
2401,287,191,0,0,0,-6.504353,0.0014946715
2402,41,192,0,0,0,-9.466914,7.73638e-05
2403,104,192,0,0,0,-9.466914,7.73638e-05
2404,132,192,0,0,0,-9.466914,7.73638e-05
2405,178,192,0,0,0,-9.466914,7.73638e-05
2406,187,192,0,0,0,-9.466914,7.73638e-05
2407,209,192,0,0,0,-9.466914,7.73638e-05
2408,279,192,0,0,0,-9.466914,7.73638e-05
2409,286,192,0,0,0,-9.466914,7.73638e-05
2410,288,192,0,0,0,-9.466914,7.73638e-05
2411,10,193,0,0,0,-4.2770886,0.013692923
2412,20,193,0,0,0,-4.2770886,0.013692923
2413,26,193,0,0,0,-4.2770886,0.013692923
2414,74,193,0,0,0,-4.2770886,0.013692923
2415,209,193,0,0,0,-4.2770886,0.013692923
2416,227,193,0,0,0,-4.2770886,0.013692923
2417,246,193,0,0,0,-4.2770886,0.013692923
2418,249,193,0,0,0,-4.2770886,0.013692923
2419,251,193,0,0,0,-4.2770886,0.013692923
2420,60,205,0,0,0,-7.484852,0.0005612112
2421,61,205,0,0,0,-7.484852,0.0005612112
2422,62,205,0,0,0,-7.484852,0.0005612112
2423,107,205,0,0,0,-7.484852,0.0005612112
2424,116,205,0,0,0,-7.484852,0.0005612112
2425,125,205,0,0,0,-7.484852,0.0005612112
2426,137,205,0,0,0,-7.484852,0.0005612112
2427,184,205,0,0,0,-7.484852,0.0005612112
2428,221,205,0,0,0,-7.484852,0.0005612112
2429,4,206,0,0,0,-11.08416,1.5353375e-05
2430,19,206,0,0,0,-11.08416,1.5353375e-05
2431,62,206,0,0,0,-11.08416,1.5353375e-05
2432,110,206,0,0,0,-11.08416,1.5353375e-05
2433,144,206,0,0,0,-11.08416,1.5353375e-05
2434,181,206,0,0,0,-11.08416,1.5353375e-05
2435,243,206,0,0,0,-11.08416,1.5353375e-05
2436,252,206,0,0,0,-11.08416,1.5353375e-05
2437,281,206,0,0,0,-11.08416,1.5353375e-05
2438,68,209,0,0,0,-6.146898,0.0021355404
2439,89,209,0,0,0,-6.146898,0.0021355404
2440,92,209,0,0,0,-6.146898,0.0021355404
2441,103,209,0,0,0,-6.146898,0.0021355404
2442,149,209,0,0,0,-6.146898,0.0021355404
2443,157,209,0,0,0,-6.146898,0.0021355404
2444,160,209,0,0,0,-6.146898,0.0021355404
2445,205,209,0,0,0,-6.146898,0.0021355404
2446,226,209,0,0,0,-6.146898,0.0021355404
2447,45,214,0,0,0,-17.062035,3.8909217e-08
2448,73,214,0,0,0,-17.062035,3.8909217e-08
2449,103,214,0,0,0,-17.062035,3.8909217e-08
2450,111,214,0,0,0,-17.062035,3.8909217e-08
2451,191,214,0,0,0,-17.062035,3.8909217e-08
2452,195,214,0,0,0,-17.062035,3.8909217e-08
2453,207,214,0,0,0,-17.062035,3.8909217e-08
2454,221,214,0,0,0,-17.062035,3.8909217e-08
2455,227,214,0,0,0,-17.062035,3.8909217e-08
2456,229,214,0,0,0,-17.062035,3.8909217e-08
2457,45,215,0,0,0,-13.829889,9.857232e-07
2458,100,215,0,0,0,-13.829889,9.857232e-07
2459,124,215,0,0,0,-13.829889,9.857232e-07
2460,137,215,0,0,0,-13.829889,9.857232e-07
2461,140,215,0,0,0,-13.829889,9.857232e-07
2462,165,215,0,0,0,-13.829889,9.857232e-07
2463,172,215,0,0,0,-13.829889,9.857232e-07
2464,259,215,0,0,0,-13.829889,9.857232e-07
2465,289,215,0,0,0,-13.829889,9.857232e-07
2466,38,217,0,0,0,-10.609268,2.4685542e-05
2467,40,217,0,0,0,-10.609268,2.4685542e-05
2468,90,217,0,0,0,-10.609268,2.4685542e-05
2469,96,217,0,0,0,-10.609268,2.4685542e-05
2470,113,217,0,0,0,-10.609268,2.4685542e-05
2471,116,217,0,0,0,-10.609268,2.4685542e-05
2472,161,217,0,0,0,-10.609268,2.4685542e-05
2473,212,217,0,0,0,-10.609268,2.4685542e-05
2474,243,217,0,0,0,-10.609268,2.4685542e-05
2475,246,217,0,0,0,-10.609268,2.4685542e-05
2476,22,218,0,0,0,-0.6557911,0.3416857
2477,24,218,0,0,0,-0.6557911,0.3416857
2478,47,218,0,0,0,-0.6557911,0.3416857
2479,143,218,0,0,0,-0.6557911,0.3416857
2480,144,218,0,0,0,-0.6557911,0.3416857
2481,151,218,0,0,0,-0.6557911,0.3416857
2482,175,218,0,0,0,-0.6557911,0.3416857
2483,240,218,0,0,0,-0.6557911,0.3416857
2484,245,218,0,0,0,-0.6557911,0.3416857
2485,35,219,0,0,0,-0.21423027,0.44664633
2486,47,219,0,0,0,-0.21423027,0.44664633
2487,62,219,0,0,0,-0.21423027,0.44664633
2488,163,219,0,0,0,-0.21423027,0.44664633
2489,201,219,0,0,0,-0.21423027,0.44664633
2490,218,219,0,0,0,-0.21423027,0.44664633
2491,226,219,0,0,0,-0.21423027,0.44664633
2492,272,219,0,0,0,-0.21423027,0.44664633
2493,279,219,0,0,0,-0.21423027,0.44664633
2494,28,220,0,0,0,-10.994758,1.6789205e-05
2495,61,220,0,0,0,-10.994758,1.6789205e-05
2496,66,220,0,0,0,-10.994758,1.6789205e-05
2497,74,220,0,0,0,-10.994758,1.6789205e-05
2498,116,220,0,0,0,-10.994758,1.6789205e-05
2499,127,220,0,0,0,-10.994758,1.6789205e-05
2500,145,220,0,0,0,-10.994758,1.6789205e-05
2501,164,220,0,0,0,-10.994758,1.6789205e-05
2502,168,220,0,0,0,-10.994758,1.6789205e-05
2503,278,220,0,0,0,-10.994758,1.6789205e-05
2504,6,225,0,0,0,-24.940826,1.4734545e-11
2505,40,225,0,0,0,-24.940826,1.4734545e-11
2506,87,225,0,0,0,-24.940826,1.4734545e-11
2507,137,225,0,0,0,-24.940826,1.4734545e-11
2508,140,225,0,0,0,-24.940826,1.4734545e-11
2509,142,225,0,0,0,-24.940826,1.4734545e-11
2510,144,225,0,0,0,-24.940826,1.4734545e-11
2511,147,225,0,0,0,-24.940826,1.4734545e-11
2512,203,225,0,0,0,-24.940826,1.4734545e-11
2513,220,225,0,0,0,-24.940826,1.4734545e-11
2514,243,225,0,0,0,-24.940826,1.4734545e-11
2515,255,225,0,0,0,-24.940826,1.4734545e-11
2516,4,226,0,0,0,-19.087173,5.1350644e-09
2517,38,226,0,0,0,-19.087173,5.1350644e-09
2518,47,226,0,0,0,-19.087173,5.1350644e-09
2519,65,226,0,0,0,-19.087173,5.1350644e-09
2520,91,226,0,0,0,-19.087173,5.1350644e-09
2521,138,226,0,0,0,-19.087173,5.1350644e-09
2522,203,226,0,0,0,-19.087173,5.1350644e-09
2523,207,226,0,0,0,-19.087173,5.1350644e-09
2524,276,226,0,0,0,-19.087173,5.1350644e-09
2525,0,227,0,0,0,-20.869236,8.641835e-10
2526,3,227,0,0,0,-20.869236,8.641835e-10
2527,8,227,0,0,0,-20.869236,8.641835e-10
2528,21,227,0,0,0,-20.869236,8.641835e-10
2529,28,227,0,0,0,-20.869236,8.641835e-10
2530,35,227,0,0,0,-20.869236,8.641835e-10
2531,162,227,0,0,0,-20.869236,8.641835e-10
2532,191,227,0,0,0,-20.869236,8.641835e-10
2533,210,227,0,0,0,-20.869236,8.641835e-10
2534,16,233,0,0,0,-32.17242,1.0658481e-14
2535,18,233,0,0,0,-32.17242,1.0658481e-14
2536,19,233,0,0,0,-32.17242,1.0658481e-14
2537,104,233,0,0,0,-32.17242,1.0658481e-14
2538,114,233,0,0,0,-32.17242,1.0658481e-14
2539,162,233,0,0,0,-32.17242,1.0658481e-14
2540,194,233,0,0,0,-32.17242,1.0658481e-14
2541,239,233,0,0,0,-32.17242,1.0658481e-14
2542,262,233,0,0,0,-32.17242,1.0658481e-14
2543,39,234,0,0,0,-61.127136,2.8367563e-27
2544,49,234,0,0,0,-61.127136,2.8367563e-27
2545,180,234,0,0,0,-61.127136,2.8367563e-27
2546,208,234,0,0,0,-61.127136,2.8367563e-27
2547,220,234,0,0,0,-61.127136,2.8367563e-27
2548,235,234,0,0,0,-61.127136,2.8367563e-27
2549,253,234,0,0,0,-61.127136,2.8367563e-27
2550,267,234,0,0,0,-61.127136,2.8367563e-27
2551,279,234,0,0,0,-61.127136,2.8367563e-27
2552,281,234,0,0,0,-61.127136,2.8367563e-27
2553,2,235,0,0,0,-60.47979,5.419523e-27
2554,41,235,0,0,0,-60.47979,5.419523e-27
2555,42,235,0,0,0,-60.47979,5.419523e-27
2556,53,235,0,0,0,-60.47979,5.419523e-27
2557,97,235,0,0,0,-60.47979,5.419523e-27
2558,124,235,0,0,0,-60.47979,5.419523e-27
2559,159,235,0,0,0,-60.47979,5.419523e-27
2560,185,235,0,0,0,-60.47979,5.419523e-27
2561,209,235,0,0,0,-60.47979,5.419523e-27
2562,2,236,0,0,0,-32.435272,8.194836e-15
2563,14,236,0,0,0,-32.435272,8.194836e-15
2564,19,236,0,0,0,-32.435272,8.194836e-15
2565,25,236,0,0,0,-32.435272,8.194836e-15
2566,104,236,0,0,0,-32.435272,8.194836e-15
2567,107,236,0,0,0,-32.435272,8.194836e-15
2568,125,236,0,0,0,-32.435272,8.194836e-15
2569,127,236,0,0,0,-32.435272,8.194836e-15
2570,159,236,0,0,0,-32.435272,8.194836e-15
2571,272,236,0,0,0,-32.435272,8.194836e-15
2572,1,241,0,0,0,-36.247307,1.8113179e-16
2573,3,241,0,0,0,-36.247307,1.8113179e-16
2574,44,241,0,0,0,-36.247307,1.8113179e-16
2575,85,241,0,0,0,-36.247307,1.8113179e-16
2576,102,241,0,0,0,-36.247307,1.8113179e-16
2577,161,241,0,0,0,-36.247307,1.8113179e-16
2578,203,241,0,0,0,-36.247307,1.8113179e-16
2579,226,241,0,0,0,-36.247307,1.8113179e-16
2580,232,241,0,0,0,-36.247307,1.8113179e-16
2581,22,242,0,0,0,-14.727923,4.0155402e-07
2582,41,242,0,0,0,-14.727923,4.0155402e-07
2583,50,242,0,0,0,-14.727923,4.0155402e-07
2584,70,242,0,0,0,-14.727923,4.0155402e-07
2585,91,242,0,0,0,-14.727923,4.0155402e-07
2586,126,242,0,0,0,-14.727923,4.0155402e-07
2587,175,242,0,0,0,-14.727923,4.0155402e-07
2588,182,242,0,0,0,-14.727923,4.0155402e-07
2589,262,242,0,0,0,-14.727923,4.0155402e-07
2590,10,243,0,0,0,-25.572685,7.832924e-12
2591,21,243,0,0,0,-25.572685,7.832924e-12
2594,218,243,0,0,0,-25.572685,7.832924e-12
2595,231,243,0,0,0,-25.572685,7.832924e-12
2596,236,243,0,0,0,-25.572685,7.832924e-12
2597,251,243,0,0,0,-25.572685,7.832924e-12
2598,272,243,0,0,0,-25.572685,7.832924e-12
2603,101,245,0,0,0,-29.43094,1.653122e-13
2606,265,245,0,0,0,-29.43094,1.653122e-13
2608,31,246,0,0,0,-7.0022993,0.0009089607
2609,51,246,0,0,0,-7.0022993,0.0009089607
2610,62,246,0,0,0,-7.0022993,0.0009089607
2611,65,246,0,0,0,-7.0022993,0.0009089607
2612,190,246,0,0,0,-7.0022993,0.0009089607
2613,217,246,0,0,0,-7.0022993,0.0009089607
2614,257,246,0,0,0,-7.0022993,0.0009089607
2615,259,246,0,0,0,-7.0022993,0.0009089607
2616,273,246,0,0,0,-7.0022993,0.0009089607
2617,11,247,0,0,0,-12.703667,3.0399492e-06
2618,54,247,0,0,0,-12.703667,3.0399492e-06
2619,61,247,0,0,0,-12.703667,3.0399492e-06
2620,69,247,0,0,0,-12.703667,3.0399492e-06
2621,151,247,0,0,0,-12.703667,3.0399492e-06
2622,176,247,0,0,0,-12.703667,3.0399492e-06
2623,209,247,0,0,0,-12.703667,3.0399492e-06
2624,248,247,0,0,0,-12.703667,3.0399492e-06
2625,258,247,0,0,0,-12.703667,3.0399492e-06
2626,28,248,0,0,0,-14.017727,8.169175e-07
2627,49,248,0,0,0,-14.017727,8.169175e-07
2628,118,248,0,0,0,-14.017727,8.169175e-07
2629,135,248,0,0,0,-14.017727,8.169175e-07
2630,162,248,0,0,0,-14.017727,8.169175e-07
2631,170,248,0,0,0,-14.017727,8.169175e-07
2632,205,248,0,0,0,-14.017727,8.169175e-07
2633,220,248,0,0,0,-14.017727,8.169175e-07
2634,289,248,0,0,0,-14.017727,8.169175e-07
2635,8,259,0,0,0,-36.176064,1.94507e-16
2636,13,259,0,0,0,-36.176064,1.94507e-16
2637,14,259,0,0,0,-36.176064,1.94507e-16
2638,47,259,0,0,0,-36.176064,1.94507e-16
2639,61,259,0,0,0,-36.176064,1.94507e-16
2640,69,259,0,0,0,-36.176064,1.94507e-16
2641,70,259,0,0,0,-36.176064,1.94507e-16
2642,71,259,0,0,0,-36.176064,1.94507e-16
2643,76,259,0,0,0,-36.176064,1.94507e-16
2644,78,259,0,0,0,-36.176064,1.94507e-16
2645,80,259,0,0,0,-36.176064,1.94507e-16
2646,83,259,0,0,0,-36.176064,1.94507e-16
2647,84,259,0,0,0,-36.176064,1.94507e-16
2648,88,259,0,0,0,-36.176064,1.94507e-16
2649,90,259,0,0,0,-36.176064,1.94507e-16
2650,102,259,0,0,0,-36.176064,1.94507e-16
2651,116,259,0,0,0,-36.176064,1.94507e-16
2652,133,259,0,0,0,-36.176064,1.94507e-16
2653,138,259,0,0,0,-36.176064,1.94507e-16
2654,139,259,0,0,0,-36.176064,1.94507e-16
2655,153,259,0,0,0,-36.176064,1.94507e-16
2656,161,259,0,0,0,-36.176064,1.94507e-16
2657,165,259,0,0,0,-36.176064,1.94507e-16
2658,190,259,0,0,0,-36.176064,1.94507e-16
2659,196,259,0,0,0,-36.176064,1.94507e-16
2660,208,259,0,0,0,-36.176064,1.94507e-16
2661,212,259,0,0,0,-36.176064,1.94507e-16
2662,214,259,0,0,0,-36.176064,1.94507e-16
2663,218,259,0,0,0,-36.176064,1.94507e-16
2664,244,259,0,0,0,-36.176064,1.94507e-16
2665,248,259,0,0,0,-36.176064,1.94507e-16
2666,251,259,0,0,0,-36.176064,1.94507e-16
2667,268,259,0,0,0,-36.176064,1.94507e-16
2668,278,259,0,0,0,-36.176064,1.94507e-16
2669,279,259,0,0,0,-36.176064,1.94507e-16
2670,281,259,0,0,0,-36.176064,1.94507e-16
2671,284,259,0,0,0,-36.176064,1.94507e-16
2672,5,273,0,0,0,-14.657942,4.30662e-07
2673,22,273,0,0,0,-14.657942,4.30662e-07
2674,30,273,0,0,0,-14.657942,4.30662e-07
2675,61,273,0,0,0,-14.657942,4.30662e-07
2676,114,273,0,0,0,-14.657942,4.30662e-07
2677,155,273,0,0,0,-14.657942,4.30662e-07
2678,198,273,0,0,0,-14.657942,4.30662e-07
2679,236,273,0,0,0,-14.657942,4.30662e-07
2680,277,273,0,0,0,-14.657942,4.30662e-07
2681,288,273,0,0,0,-14.657942,4.30662e-07
2682,27,274,0,0,0,-26.699749,2.5377354e-12
2683,53,274,0,0,0,-26.699749,2.5377354e-12
2684,61,274,0,0,0,-26.699749,2.5377354e-12
2685,62,274,0,0,0,-26.699749,2.5377354e-12
2686,119,274,0,0,0,-26.699749,2.5377354e-12
2687,120,274,0,0,0,-26.699749,2.5377354e-12
2688,163,274,0,0,0,-26.699749,2.5377354e-12
2689,244,274,0,0,0,-26.699749,2.5377354e-12
2690,285,274,0,0,0,-26.699749,2.5377354e-12
2691,73,275,0,0,0,-25.67034,7.104167e-12
2692,91,275,0,0,0,-25.67034,7.104167e-12
2693,100,275,0,0,0,-25.67034,7.104167e-12
2694,178,275,0,0,0,-25.67034,7.104167e-12
2695,189,275,0,0,0,-25.67034,7.104167e-12
2696,199,275,0,0,0,-25.67034,7.104167e-12
2697,229,275,0,0,0,-25.67034,7.104167e-12
2698,248,275,0,0,0,-25.67034,7.104167e-12
2699,280,275,0,0,0,-25.67034,7.104167e-12
2700,16,276,0,0,0,-13.4932575,1.3802321e-06
2701,48,276,0,0,0,-13.4932575,1.3802321e-06
2702,55,276,0,0,0,-13.4932575,1.3802321e-06
2703,68,276,0,0,0,-13.4932575,1.3802321e-06
2704,71,276,0,0,0,-13.4932575,1.3802321e-06
2705,203,276,0,0,0,-13.4932575,1.3802321e-06
2706,206,276,0,0,0,-13.4932575,1.3802321e-06
2707,210,276,0,0,0,-13.4932575,1.3802321e-06
2708,247,276,0,0,0,-13.4932575,1.3802321e-06
2709,272,276,0,0,0,-13.4932575,1.3802321e-06
2710,21,287,0,0,0,-2.4282982,0.081040114
2711,31,287,0,0,0,-2.4282982,0.081040114
2712,48,287,0,0,0,-2.4282982,0.081040114
2713,89,287,0,0,0,-2.4282982,0.081040114
2714,98,287,0,0,0,-2.4282982,0.081040114
2715,126,287,0,0,0,-2.4282982,0.081040114
2716,178,287,0,0,0,-2.4282982,0.081040114
2717,208,287,0,0,0,-2.4282982,0.081040114
2718,240,287,0,0,0,-2.4282982,0.081040114
2719,281,287,0,0,0,-2.4282982,0.081040114
2720,10,301,0,0,0,-7.0684614,0.00085081777
2721,44,301,0,0,0,-7.0684614,0.00085081777
2722,65,301,0,0,0,-7.0684614,0.00085081777
2723,85,301,0,0,0,-7.0684614,0.00085081777
2724,105,301,0,0,0,-7.0684614,0.00085081777
2725,110,301,0,0,0,-7.0684614,0.00085081777
2726,173,301,0,0,0,-7.0684614,0.00085081777
2727,205,301,0,0,0,-7.0684614,0.00085081777
2728,211,301,0,0,0,-7.0684614,0.00085081777
2729,289,301,0,0,0,-7.0684614,0.00085081777
2730,17,302,0,0,0,-7.254837,0.0007062484
2731,64,302,0,0,0,-7.254837,0.0007062484
2732,114,302,0,0,0,-7.254837,0.0007062484
2733,135,302,0,0,0,-7.254837,0.0007062484
2734,153,302,0,0,0,-7.254837,0.0007062484
2735,165,302,0,0,0,-7.254837,0.0007062484
2736,166,302,0,0,0,-7.254837,0.0007062484
2737,206,302,0,0,0,-7.254837,0.0007062484
2738,260,302,0,0,0,-7.254837,0.0007062484
2739,26,303,0,0,0,-4.8948097,0.0074297194
2740,27,303,0,0,0,-4.8948097,0.0074297194
2741,33,303,0,0,0,-4.8948097,0.0074297194
2742,61,303,0,0,0,-4.8948097,0.0074297194
2743,100,303,0,0,0,-4.8948097,0.0074297194
2744,104,303,0,0,0,-4.8948097,0.0074297194
2745,187,303,0,0,0,-4.8948097,0.0074297194
2746,229,303,0,0,0,-4.8948097,0.0074297194
2747,257,303,0,0,0,-4.8948097,0.0074297194
2748,280,303,0,0,0,-4.8948097,0.0074297194
2749,36,304,0,0,0,-5.060983,0.00629939
2750,37,304,0,0,0,-5.060983,0.00629939
2751,63,304,0,0,0,-5.060983,0.00629939
2752,86,304,0,0,0,-5.060983,0.00629939
2753,116,304,0,0,0,-5.060983,0.00629939
2754,121,304,0,0,0,-5.060983,0.00629939
2755,140,304,0,0,0,-5.060983,0.00629939
2756,189,304,0,0,0,-5.060983,0.00629939
2757,251,304,0,0,0,-5.060983,0.00629939
2758,8,305,0,0,0,-8.325605,0.00024217556
2759,18,305,0,0,0,-8.325605,0.00024217556
2760,37,305,0,0,0,-8.325605,0.00024217556
2761,53,305,0,0,0,-8.325605,0.00024217556
2762,175,305,0,0,0,-8.325605,0.00024217556
2763,189,305,0,0,0,-8.325605,0.00024217556
2764,212,305,0,0,0,-8.325605,0.00024217556
2765,217,305,0,0,0,-8.325605,0.00024217556
2766,290,305,0,0,0,-8.325605,0.00024217556
2767,12,306,0,0,0,-10.669783,2.3236043e-05
2768,21,306,0,0,0,-10.669783,2.3236043e-05
2769,39,306,0,0,0,-10.669783,2.3236043e-05
2770,55,306,0,0,0,-10.669783,2.3236043e-05
2771,100,306,0,0,0,-10.669783,2.3236043e-05
2772,112,306,0,0,0,-10.669783,2.3236043e-05
2773,131,306,0,0,0,-10.669783,2.3236043e-05
2774,168,306,0,0,0,-10.669783,2.3236043e-05
2775,200,306,0,0,0,-10.669783,2.3236043e-05
2776,256,306,0,0,0,-10.669783,2.3236043e-05
2777,0,307,0,0,0,-9.97714,4.644755e-05
2778,55,307,0,0,0,-9.97714,4.644755e-05
2779,74,307,0,0,0,-9.97714,4.644755e-05
2780,80,307,0,0,0,-9.97714,4.644755e-05
2781,81,307,0,0,0,-9.97714,4.644755e-05
2782,90,307,0,0,0,-9.97714,4.644755e-05
2783,181,307,0,0,0,-9.97714,4.644755e-05
2784,183,307,0,0,0,-9.97714,4.644755e-05
2785,190,307,0,0,0,-9.97714,4.644755e-05
2786,43,308,0,0,0,-9.976406,4.6481666e-05
2787,59,308,0,0,0,-9.976406,4.6481666e-05
2788,60,308,0,0,0,-9.976406,4.6481666e-05
2789,70,308,0,0,0,-9.976406,4.6481666e-05
2790,109,308,0,0,0,-9.976406,4.6481666e-05
2791,130,308,0,0,0,-9.976406,4.6481666e-05
2792,141,308,0,0,0,-9.976406,4.6481666e-05
2793,272,308,0,0,0,-9.976406,4.6481666e-05
2794,283,308,0,0,0,-9.976406,4.6481666e-05
2795,9,309,0,0,0,-9.11235,0.000110283
2796,33,309,0,0,0,-9.11235,0.000110283
2797,59,309,0,0,0,-9.11235,0.000110283
2798,68,309,0,0,0,-9.11235,0.000110283
2799,110,309,0,0,0,-9.11235,0.000110283
2800,149,309,0,0,0,-9.11235,0.000110283
2801,210,309,0,0,0,-9.11235,0.000110283
2802,271,309,0,0,0,-9.11235,0.000110283
2803,281,309,0,0,0,-9.11235,0.000110283
2804,58,313,0,0,0,-3.0687985,0.04441279
2805,66,313,0,0,0,-3.0687985,0.04441279
2806,67,313,0,0,0,-3.0687985,0.04441279
2807,89,313,0,0,0,-3.0687985,0.04441279
2808,94,313,0,0,0,-3.0687985,0.04441279
2809,111,313,0,0,0,-3.0687985,0.04441279
2810,117,313,0,0,0,-3.0687985,0.04441279
2811,193,313,0,0,0,-3.0687985,0.04441279
2812,278,313,0,0,0,-3.0687985,0.04441279
2813,23,314,0,0,0,-6.7423935,0.0011784296
2814,105,314,0,0,0,-6.7423935,0.0011784296
2815,150,314,0,0,0,-6.7423935,0.0011784296
2816,195,314,0,0,0,-6.7423935,0.0011784296
2817,205,314,0,0,0,-6.7423935,0.0011784296
2818,244,314,0,0,0,-6.7423935,0.0011784296
2819,256,314,0,0,0,-6.7423935,0.0011784296
2820,258,314,0,0,0,-6.7423935,0.0011784296
2821,283,314,0,0,0,-6.7423935,0.0011784296
2822,6,326,0,0,0,-52.339672,1.8585285e-23
2823,37,326,0,0,0,-52.339672,1.8585285e-23
2824,72,326,0,0,0,-52.339672,1.8585285e-23
2825,78,326,0,0,0,-52.339672,1.8585285e-23
2826,81,326,0,0,0,-52.339672,1.8585285e-23
2827,88,326,0,0,0,-52.339672,1.8585285e-23
2828,133,326,0,0,0,-52.339672,1.8585285e-23
2829,134,326,0,0,0,-52.339672,1.8585285e-23
2830,140,326,0,0,0,-52.339672,1.8585285e-23
2831,149,326,0,0,0,-52.339672,1.8585285e-23
2832,159,326,0,0,0,-52.339672,1.8585285e-23
2833,161,326,0,0,0,-52.339672,1.8585285e-23
2834,169,326,0,0,0,-52.339672,1.8585285e-23
2835,187,326,0,0,0,-52.339672,1.8585285e-23
2836,201,326,0,0,0,-52.339672,1.8585285e-23
2837,226,326,0,0,0,-52.339672,1.8585285e-23
2838,234,326,0,0,0,-52.339672,1.8585285e-23
2839,260,326,0,0,0,-52.339672,1.8585285e-23
2840,278,326,0,0,0,-52.339672,1.8585285e-23
2841,5,327,0,0,0,-12.553915,3.5310384e-06
2842,10,327,0,0,0,-12.553915,3.5310384e-06
2843,20,327,0,0,0,-12.553915,3.5310384e-06
2844,24,327,0,0,0,-12.553915,3.5310384e-06
2845,26,327,0,0,0,-12.553915,3.5310384e-06
2846,45,327,0,0,0,-12.553915,3.5310384e-06
2847,105,327,0,0,0,-12.553915,3.5310384e-06
2848,113,327,0,0,0,-12.553915,3.5310384e-06
2849,115,327,0,0,0,-12.553915,3.5310384e-06
2850,117,327,0,0,0,-12.553915,3.5310384e-06
2851,137,327,0,0,0,-12.553915,3.5310384e-06
2852,143,327,0,0,0,-12.553915,3.5310384e-06
2853,147,327,0,0,0,-12.553915,3.5310384e-06
2854,176,327,0,0,0,-12.553915,3.5310384e-06
2855,178,327,0,0,0,-12.553915,3.5310384e-06
2856,189,327,0,0,0,-12.553915,3.5310384e-06
2857,190,327,0,0,0,-12.553915,3.5310384e-06
2858,205,327,0,0,0,-12.553915,3.5310384e-06
2859,206,327,0,0,0,-12.553915,3.5310384e-06
2860,210,327,0,0,0,-12.553915,3.5310384e-06
2861,211,327,0,0,0,-12.553915,3.5310384e-06
2862,216,327,0,0,0,-12.553915,3.5310384e-06
2863,225,327,0,0,0,-12.553915,3.5310384e-06
2864,235,327,0,0,0,-12.553915,3.5310384e-06
2865,242,327,0,0,0,-12.553915,3.5310384e-06
2866,248,327,0,0,0,-12.553915,3.5310384e-06
2867,249,327,0,0,0,-12.553915,3.5310384e-06
2868,273,327,0,0,0,-12.553915,3.5310384e-06
2869,5,328,0,0,0,-20.102098,1.8610994e-09
2870,13,328,0,0,0,-20.102098,1.8610994e-09
2871,22,328,0,0,0,-20.102098,1.8610994e-09
2872,55,328,0,0,0,-20.102098,1.8610994e-09
2873,85,328,0,0,0,-20.102098,1.8610994e-09
2874,91,328,0,0,0,-20.102098,1.8610994e-09
2875,125,328,0,0,0,-20.102098,1.8610994e-09
2876,132,328,0,0,0,-20.102098,1.8610994e-09
2877,146,328,0,0,0,-20.102098,1.8610994e-09
2878,148,328,0,0,0,-20.102098,1.8610994e-09
2879,159,328,0,0,0,-20.102098,1.8610994e-09
2880,164,328,0,0,0,-20.102098,1.8610994e-09
2881,204,328,0,0,0,-20.102098,1.8610994e-09
2882,209,328,0,0,0,-20.102098,1.8610994e-09
2883,210,328,0,0,0,-20.102098,1.8610994e-09
2884,244,328,0,0,0,-20.102098,1.8610994e-09
2885,246,328,0,0,0,-20.102098,1.8610994e-09
2886,257,328,0,0,0,-20.102098,1.8610994e-09
2887,290,328,0,0,0,-20.102098,1.8610994e-09
2888,2,329,0,0,0,-12.463095,3.866741e-06
2889,29,329,0,0,0,-12.463095,3.866741e-06
2890,40,329,0,0,0,-12.463095,3.866741e-06
2891,65,329,0,0,0,-12.463095,3.866741e-06
2892,126,329,0,0,0,-12.463095,3.866741e-06
2893,157,329,0,0,0,-12.463095,3.866741e-06
2894,177,329,0,0,0,-12.463095,3.866741e-06
2895,185,329,0,0,0,-12.463095,3.866741e-06
2896,199,329,0,0,0,-12.463095,3.866741e-06
2897,204,329,0,0,0,-12.463095,3.866741e-06
2898,214,329,0,0,0,-12.463095,3.866741e-06
2899,218,329,0,0,0,-12.463095,3.866741e-06
2900,221,329,0,0,0,-12.463095,3.866741e-06
2901,254,329,0,0,0,-12.463095,3.866741e-06
2902,266,329,0,0,0,-12.463095,3.866741e-06
2903,268,329,0,0,0,-12.463095,3.866741e-06
2904,280,329,0,0,0,-12.463095,3.866741e-06
2905,288,329,0,0,0,-12.463095,3.866741e-06
2906,291,329,0,0,0,-12.463095,3.866741e-06
2907,17,331,0,0,0,-5.685986,0.003381711
2908,22,331,0,0,0,-5.685986,0.003381711
2909,88,331,0,0,0,-5.685986,0.003381711
2910,90,331,0,0,0,-5.685986,0.003381711
2911,93,331,0,0,0,-5.685986,0.003381711
2912,130,331,0,0,0,-5.685986,0.003381711
2913,226,331,0,0,0,-5.685986,0.003381711
2914,232,331,0,0,0,-5.685986,0.003381711
2915,283,331,0,0,0,-5.685986,0.003381711
2916,3,332,0,0,0,-4.269235,0.013799394
2917,13,332,0,0,0,-4.269235,0.013799394
2918,45,332,0,0,0,-4.269235,0.013799394
2919,57,332,0,0,0,-4.269235,0.013799394
2920,130,332,0,0,0,-4.269235,0.013799394
2921,173,332,0,0,0,-4.269235,0.013799394
2922,213,332,0,0,0,-4.269235,0.013799394
2923,264,332,0,0,0,-4.269235,0.013799394
2924,276,332,0,0,0,-4.269235,0.013799394
2925,6,333,0,0,0,-12.80735,2.7405474e-06
2926,11,333,0,0,0,-12.80735,2.7405474e-06
2927,15,333,0,0,0,-12.80735,2.7405474e-06
2928,65,333,0,0,0,-12.80735,2.7405474e-06
2929,85,333,0,0,0,-12.80735,2.7405474e-06
2930,90,333,0,0,0,-12.80735,2.7405474e-06
2931,212,333,0,0,0,-12.80735,2.7405474e-06
2932,265,333,0,0,0,-12.80735,2.7405474e-06
2933,271,333,0,0,0,-12.80735,2.7405474e-06
2934,8,334,0,0,0,-14.489389,5.0972733e-07
2935,44,334,0,0,0,-14.489389,5.0972733e-07
2936,74,334,0,0,0,-14.489389,5.0972733e-07
2937,96,334,0,0,0,-14.489389,5.0972733e-07
2938,135,334,0,0,0,-14.489389,5.0972733e-07
2939,161,334,0,0,0,-14.489389,5.0972733e-07
2940,222,334,0,0,0,-14.489389,5.0972733e-07
2941,262,334,0,0,0,-14.489389,5.0972733e-07
2942,277,334,0,0,0,-14.489389,5.0972733e-07
2943,16,335,0,0,0,-12.700394,3.0499152e-06
2944,26,335,0,0,0,-12.700394,3.0499152e-06
2945,73,335,0,0,0,-12.700394,3.0499152e-06
2946,78,335,0,0,0,-12.700394,3.0499152e-06
2947,112,335,0,0,0,-12.700394,3.0499152e-06
2948,138,335,0,0,0,-12.700394,3.0499152e-06
2949,143,335,0,0,0,-12.700394,3.0499152e-06
2950,197,335,0,0,0,-12.700394,3.0499152e-06
2951,265,335,0,0,0,-12.700394,3.0499152e-06
2952,275,335,0,0,0,-12.700394,3.0499152e-06
2953,32,336,0,0,0,-13.439798,1.4560259e-06
2954,84,336,0,0,0,-13.439798,1.4560259e-06
2955,108,336,0,0,0,-13.439798,1.4560259e-06
2956,140,336,0,0,0,-13.439798,1.4560259e-06
2957,141,336,0,0,0,-13.439798,1.4560259e-06
2958,199,336,0,0,0,-13.439798,1.4560259e-06
2959,221,336,0,0,0,-13.439798,1.4560259e-06
2960,229,336,0,0,0,-13.439798,1.4560259e-06
2961,246,336,0,0,0,-13.439798,1.4560259e-06
2962,43,337,0,0,0,-11.117017,1.4857115e-05
2963,57,337,0,0,0,-11.117017,1.4857115e-05
2964,81,337,0,0,0,-11.117017,1.4857115e-05
2965,107,337,0,0,0,-11.117017,1.4857115e-05
2966,148,337,0,0,0,-11.117017,1.4857115e-05
2967,170,337,0,0,0,-11.117017,1.4857115e-05
2968,226,337,0,0,0,-11.117017,1.4857115e-05
2969,230,337,0,0,0,-11.117017,1.4857115e-05
2970,234,337,0,0,0,-11.117017,1.4857115e-05
2971,249,337,0,0,0,-11.117017,1.4857115e-05
2972,46,338,0,0,0,-6.735692,0.0011863438
2973,68,338,0,0,0,-6.735692,0.0011863438
2974,111,338,0,0,0,-6.735692,0.0011863438
2975,150,338,0,0,0,-6.735692,0.0011863438
2976,155,338,0,0,0,-6.735692,0.0011863438
2977,192,338,0,0,0,-6.735692,0.0011863438
2978,204,338,0,0,0,-6.735692,0.0011863438
2979,229,338,0,0,0,-6.735692,0.0011863438
2980,231,338,0,0,0,-6.735692,0.0011863438
2981,18,339,0,0,0,-16.769926,5.2109105e-08
2982,32,339,0,0,0,-16.769926,5.2109105e-08
2983,37,339,0,0,0,-16.769926,5.2109105e-08
2984,86,339,0,0,0,-16.769926,5.2109105e-08
2985,88,339,0,0,0,-16.769926,5.2109105e-08
2986,108,339,0,0,0,-16.769926,5.2109105e-08
2987,111,339,0,0,0,-16.769926,5.2109105e-08
2988,181,339,0,0,0,-16.769926,5.2109105e-08
2989,283,339,0,0,0,-16.769926,5.2109105e-08
2990,45,340,0,0,0,-14.689963,4.1709004e-07
2991,65,340,0,0,0,-14.689963,4.1709004e-07
2992,80,340,0,0,0,-14.689963,4.1709004e-07
2993,85,340,0,0,0,-14.689963,4.1709004e-07
2994,205,340,0,0,0,-14.689963,4.1709004e-07
2995,216,340,0,0,0,-14.689963,4.1709004e-07
2996,226,340,0,0,0,-14.689963,4.1709004e-07
2997,245,340,0,0,0,-14.689963,4.1709004e-07
2998,271,340,0,0,0,-14.689963,4.1709004e-07
2999,46,341,0,0,0,-35.44295,4.0487585e-16
3000,60,341,0,0,0,-35.44295,4.0487585e-16
3001,88,341,0,0,0,-35.44295,4.0487585e-16
3002,97,341,0,0,0,-35.44295,4.0487585e-16
3003,113,341,0,0,0,-35.44295,4.0487585e-16
3004,118,341,0,0,0,-35.44295,4.0487585e-16
3005,141,341,0,0,0,-35.44295,4.0487585e-16
3006,192,341,0,0,0,-35.44295,4.0487585e-16
3007,258,341,0,0,0,-35.44295,4.0487585e-16
3008,280,341,0,0,0,-35.44295,4.0487585e-16
3009,14,342,0,0,0,-10.86665,1.9083838e-05
3010,28,342,0,0,0,-10.86665,1.9083838e-05
3011,65,342,0,0,0,-10.86665,1.9083838e-05
3012,76,342,0,0,0,-10.86665,1.9083838e-05
3013,87,342,0,0,0,-10.86665,1.9083838e-05
3014,92,342,0,0,0,-10.86665,1.9083838e-05
3015,152,342,0,0,0,-10.86665,1.9083838e-05
3016,194,342,0,0,0,-10.86665,1.9083838e-05
3017,260,342,0,0,0,-10.86665,1.9083838e-05
3018,49,343,0,0,0,-27.887262,7.7395523e-13
3019,97,343,0,0,0,-27.887262,7.7395523e-13
3020,167,343,0,0,0,-27.887262,7.7395523e-13
3021,175,343,0,0,0,-27.887262,7.7395523e-13
3022,200,343,0,0,0,-27.887262,7.7395523e-13
3023,248,343,0,0,0,-27.887262,7.7395523e-13
3024,258,343,0,0,0,-27.887262,7.7395523e-13
3025,263,343,0,0,0,-27.887262,7.7395523e-13
3026,266,343,0,0,0,-27.887262,7.7395523e-13
3027,17,344,0,0,0,-23.258383,7.925245e-11
3028,77,344,0,0,0,-23.258383,7.925245e-11
3029,112,344,0,0,0,-23.258383,7.925245e-11
3030,134,344,0,0,0,-23.258383,7.925245e-11
3031,153,344,0,0,0,-23.258383,7.925245e-11
3032,170,344,0,0,0,-23.258383,7.925245e-11
3033,210,344,0,0,0,-23.258383,7.925245e-11
3034,224,344,0,0,0,-23.258383,7.925245e-11
3035,226,344,0,0,0,-23.258383,7.925245e-11
3036,1,345,0,0,0,-19.398344,3.7618912e-09
3037,16,345,0,0,0,-19.398344,3.7618912e-09
3038,36,345,0,0,0,-19.398344,3.7618912e-09
3039,39,345,0,0,0,-19.398344,3.7618912e-09
3040,148,345,0,0,0,-19.398344,3.7618912e-09
3041,151,345,0,0,0,-19.398344,3.7618912e-09
3042,164,345,0,0,0,-19.398344,3.7618912e-09
3043,194,345,0,0,0,-19.398344,3.7618912e-09
3044,214,345,0,0,0,-19.398344,3.7618912e-09
3045,14,346,0,0,0,-3.503327,0.029217718
3046,23,346,0,0,0,-3.503327,0.029217718
3047,129,346,0,0,0,-3.503327,0.029217718
3048,139,346,0,0,0,-3.503327,0.029217718
3049,147,346,0,0,0,-3.503327,0.029217718
3050,171,346,0,0,0,-3.503327,0.029217718
3051,187,346,0,0,0,-3.503327,0.029217718
3052,226,346,0,0,0,-3.503327,0.029217718
3053,242,346,0,0,0,-3.503327,0.029217718
3054,283,346,0,0,0,-3.503327,0.029217718
3055,0,347,0,0,0,-4.658711,0.0093896715
3056,57,347,0,0,0,-4.658711,0.0093896715
3057,59,347,0,0,0,-4.658711,0.0093896715
3058,107,347,0,0,0,-4.658711,0.0093896715
3059,122,347,0,0,0,-4.658711,0.0093896715
3060,147,347,0,0,0,-4.658711,0.0093896715
3061,168,347,0,0,0,-4.658711,0.0093896715
3062,277,347,0,0,0,-4.658711,0.0093896715
3063,289,347,0,0,0,-4.658711,0.0093896715
3064,14,350,0,0,0,-12.691718,3.0764902e-06
3065,21,350,0,0,0,-12.691718,3.0764902e-06
3066,32,350,0,0,0,-12.691718,3.0764902e-06
3067,102,350,0,0,0,-12.691718,3.0764902e-06
3068,134,350,0,0,0,-12.691718,3.0764902e-06
3069,156,350,0,0,0,-12.691718,3.0764902e-06
3070,193,350,0,0,0,-12.691718,3.0764902e-06
3071,225,350,0,0,0,-12.691718,3.0764902e-06
3072,245,350,0,0,0,-12.691718,3.0764902e-06
3073,272,350,0,0,0,-12.691718,3.0764902e-06
3074,7,351,0,0,0,-10.4439745,2.912238e-05
3075,31,351,0,0,0,-10.4439745,2.912238e-05
3076,33,351,0,0,0,-10.4439745,2.912238e-05
3077,36,351,0,0,0,-10.4439745,2.912238e-05
3078,58,351,0,0,0,-10.4439745,2.912238e-05
3079,148,351,0,0,0,-10.4439745,2.912238e-05
3080,171,351,0,0,0,-10.4439745,2.912238e-05
3081,174,351,0,0,0,-10.4439745,2.912238e-05
3082,218,351,0,0,0,-10.4439745,2.912238e-05
3083,33,352,0,0,0,-9.097382,0.00011194604
3084,52,352,0,0,0,-9.097382,0.00011194604
3085,136,352,0,0,0,-9.097382,0.00011194604
3086,160,352,0,0,0,-9.097382,0.00011194604
3087,180,352,0,0,0,-9.097382,0.00011194604
3088,183,352,0,0,0,-9.097382,0.00011194604
3089,189,352,0,0,0,-9.097382,0.00011194604
3090,195,352,0,0,0,-9.097382,0.00011194604
3091,257,352,0,0,0,-9.097382,0.00011194604
3092,19,353,0,0,0,-36.97322,8.764643e-17
3093,25,353,0,0,0,-36.97322,8.764643e-17
3094,35,353,0,0,0,-36.97322,8.764643e-17
3095,68,353,0,0,0,-36.97322,8.764643e-17
3096,84,353,0,0,0,-36.97322,8.764643e-17
3097,87,353,0,0,0,-36.97322,8.764643e-17
3098,127,353,0,0,0,-36.97322,8.764643e-17
3099,150,353,0,0,0,-36.97322,8.764643e-17
3100,182,353,0,0,0,-36.97322,8.764643e-17
3101,30,354,0,0,0,-27.09175,1.7147579e-12
3102,33,354,0,0,0,-27.09175,1.7147579e-12
3103,38,354,0,0,0,-27.09175,1.7147579e-12
3104,91,354,0,0,0,-27.09175,1.7147579e-12
3105,129,354,0,0,0,-27.09175,1.7147579e-12
3106,147,354,0,0,0,-27.09175,1.7147579e-12
3107,155,354,0,0,0,-27.09175,1.7147579e-12
3108,172,354,0,0,0,-27.09175,1.7147579e-12
3109,268,354,0,0,0,-27.09175,1.7147579e-12
3110,49,356,0,0,0,-21.145004,6.5590555e-10
3111,70,356,0,0,0,-21.145004,6.5590555e-10
3112,111,356,0,0,0,-21.145004,6.5590555e-10
3113,114,356,0,0,0,-21.145004,6.5590555e-10
3114,118,356,0,0,0,-21.145004,6.5590555e-10
3115,166,356,0,0,0,-21.145004,6.5590555e-10
3116,198,356,0,0,0,-21.145004,6.5590555e-10
3117,217,356,0,0,0,-21.145004,6.5590555e-10
3118,233,356,0,0,0,-21.145004,6.5590555e-10
3119,257,356,0,0,0,-21.145004,6.5590555e-10
3120,72,357,0,0,0,-25.471233,8.669297e-12
3121,137,357,0,0,0,-25.471233,8.669297e-12
3122,139,357,0,0,0,-25.471233,8.669297e-12
3123,149,357,0,0,0,-25.471233,8.669297e-12
3124,157,357,0,0,0,-25.471233,8.669297e-12
3125,170,357,0,0,0,-25.471233,8.669297e-12
3126,244,357,0,0,0,-25.471233,8.669297e-12
3127,271,357,0,0,0,-25.471233,8.669297e-12
3128,279,357,0,0,0,-25.471233,8.669297e-12
3129,5,358,0,0,0,-15.425734,1.99843e-07
3130,23,358,0,0,0,-15.425734,1.99843e-07
3131,138,358,0,0,0,-15.425734,1.99843e-07
3132,173,358,0,0,0,-15.425734,1.99843e-07
3133,190,358,0,0,0,-15.425734,1.99843e-07
3134,192,358,0,0,0,-15.425734,1.99843e-07
3135,196,358,0,0,0,-15.425734,1.99843e-07
3136,266,358,0,0,0,-15.425734,1.99843e-07
3137,278,358,0,0,0,-15.425734,1.99843e-07
3138,70,359,0,0,0,-21.203793,6.1845756e-10
3139,92,359,0,0,0,-21.203793,6.1845756e-10
3140,141,359,0,0,0,-21.203793,6.1845756e-10
3141,168,359,0,0,0,-21.203793,6.1845756e-10
3142,170,359,0,0,0,-21.203793,6.1845756e-10
3143,184,359,0,0,0,-21.203793,6.1845756e-10
3144,228,359,0,0,0,-21.203793,6.1845756e-10
3145,229,359,0,0,0,-21.203793,6.1845756e-10
3146,284,359,0,0,0,-21.203793,6.1845756e-10
3147,14,360,0,0,0,-31.493532,2.1015164e-14
3148,38,360,0,0,0,-31.493532,2.1015164e-14
3149,41,360,0,0,0,-31.493532,2.1015164e-14
3150,79,360,0,0,0,-31.493532,2.1015164e-14
3151,110,360,0,0,0,-31.493532,2.1015164e-14
3152,135,360,0,0,0,-31.493532,2.1015164e-14
3153,178,360,0,0,0,-31.493532,2.1015164e-14
3154,207,360,0,0,0,-31.493532,2.1015164e-14
3155,218,360,0,0,0,-31.493532,2.1015164e-14
3156,276,360,0,0,0,-31.493532,2.1015164e-14
3157,11,361,0,0,0,-32.817112,5.5938314e-15
3158,80,361,0,0,0,-32.817112,5.5938314e-15
3159,111,361,0,0,0,-32.817112,5.5938314e-15
3160,148,361,0,0,0,-32.817112,5.5938314e-15
3161,188,361,0,0,0,-32.817112,5.5938314e-15
3162,193,361,0,0,0,-32.817112,5.5938314e-15
3163,214,361,0,0,0,-32.817112,5.5938314e-15
3164,216,361,0,0,0,-32.817112,5.5938314e-15
3165,263,361,0,0,0,-32.817112,5.5938314e-15
3166,38,362,0,0,0,-25.417536,9.147543e-12
3167,41,362,0,0,0,-25.417536,9.147543e-12
3168,61,362,0,0,0,-25.417536,9.147543e-12
3169,108,362,0,0,0,-25.417536,9.147543e-12
3170,127,362,0,0,0,-25.417536,9.147543e-12
3171,159,362,0,0,0,-25.417536,9.147543e-12
3172,200,362,0,0,0,-25.417536,9.147543e-12
3173,246,362,0,0,0,-25.417536,9.147543e-12
3174,265,362,0,0,0,-25.417536,9.147543e-12
3175,287,362,0,0,0,-25.417536,9.147543e-12
3176,14,363,0,0,0,-19.421959,3.6740953e-09
3177,114,363,0,0,0,-19.421959,3.6740953e-09
3178,141,363,0,0,0,-19.421959,3.6740953e-09
3179,142,363,0,0,0,-19.421959,3.6740953e-09
3180,200,363,0,0,0,-19.421959,3.6740953e-09
3181,233,363,0,0,0,-19.421959,3.6740953e-09
3182,236,363,0,0,0,-19.421959,3.6740953e-09
3183,243,363,0,0,0,-19.421959,3.6740953e-09
3184,260,363,0,0,0,-19.421959,3.6740953e-09
3185,5,364,0,0,0,-25.625113,7.432844e-12
3186,37,364,0,0,0,-25.625113,7.432844e-12
3187,38,364,0,0,0,-25.625113,7.432844e-12
3188,100,364,0,0,0,-25.625113,7.432844e-12
3189,141,364,0,0,0,-25.625113,7.432844e-12
3190,159,364,0,0,0,-25.625113,7.432844e-12
3191,210,364,0,0,0,-25.625113,7.432844e-12
3192,276,364,0,0,0,-25.625113,7.432844e-12
3193,286,364,0,0,0,-25.625113,7.432844e-12
3194,23,365,0,0,0,-24.221783,3.0242205e-11
3195,34,365,0,0,0,-24.221783,3.0242205e-11
3196,119,365,0,0,0,-24.221783,3.0242205e-11
3197,131,365,0,0,0,-24.221783,3.0242205e-11
3198,142,365,0,0,0,-24.221783,3.0242205e-11
3199,162,365,0,0,0,-24.221783,3.0242205e-11
3200,221,365,0,0,0,-24.221783,3.0242205e-11
3201,224,365,0,0,0,-24.221783,3.0242205e-11
3202,226,365,0,0,0,-24.221783,3.0242205e-11
3203,277,365,0,0,0,-24.221783,3.0242205e-11
3204,53,366,0,0,0,-32.152245,1.087571e-14
3205,56,366,0,0,0,-32.152245,1.087571e-14
3206,97,366,0,0,0,-32.152245,1.087571e-14
3207,117,366,0,0,0,-32.152245,1.087571e-14
3208,140,366,0,0,0,-32.152245,1.087571e-14
3209,143,366,0,0,0,-32.152245,1.087571e-14
3210,187,366,0,0,0,-32.152245,1.087571e-14
3211,210,366,0,0,0,-32.152245,1.087571e-14
3212,272,366,0,0,0,-32.152245,1.087571e-14
3213,30,367,0,0,0,-25.480577,8.588668e-12
3214,57,367,0,0,0,-25.480577,8.588668e-12
3215,74,367,0,0,0,-25.480577,8.588668e-12
3216,182,367,0,0,0,-25.480577,8.588668e-12
3217,198,367,0,0,0,-25.480577,8.588668e-12
3218,230,367,0,0,0,-25.480577,8.588668e-12
3219,234,367,0,0,0,-25.480577,8.588668e-12
3220,263,367,0,0,0,-25.480577,8.588668e-12
3221,283,367,0,0,0,-25.480577,8.588668e-12
3222,6,368,0,0,0,-29.089691,2.3254535e-13
3223,39,368,0,0,0,-29.089691,2.3254535e-13
3224,75,368,0,0,0,-29.089691,2.3254535e-13
3225,87,368,0,0,0,-29.089691,2.3254535e-13
3226,94,368,0,0,0,-29.089691,2.3254535e-13
3227,145,368,0,0,0,-29.089691,2.3254535e-13
3228,153,368,0,0,0,-29.089691,2.3254535e-13
3229,201,368,0,0,0,-29.089691,2.3254535e-13
3230,208,368,0,0,0,-29.089691,2.3254535e-13
3231,11,370,0,0,0,-21.841364,3.2690095e-10
3232,65,370,0,0,0,-21.841364,3.2690095e-10
3233,80,370,0,0,0,-21.841364,3.2690095e-10
3234,139,370,0,0,0,-21.841364,3.2690095e-10
3235,172,370,0,0,0,-21.841364,3.2690095e-10
3236,174,370,0,0,0,-21.841364,3.2690095e-10
3237,190,370,0,0,0,-21.841364,3.2690095e-10
3238,265,370,0,0,0,-21.841364,3.2690095e-10
3239,291,370,0,0,0,-21.841364,3.2690095e-10
3240,32,374,0,0,0,-29.978096,9.564853e-14
3241,196,374,0,0,0,-29.978096,9.564853e-14
3242,233,374,0,0,0,-29.978096,9.564853e-14
3243,246,374,0,0,0,-29.978096,9.564853e-14
3244,257,374,0,0,0,-29.978096,9.564853e-14
3245,262,374,0,0,0,-29.978096,9.564853e-14
3246,273,374,0,0,0,-29.978096,9.564853e-14
3247,275,374,0,0,0,-29.978096,9.564853e-14
3248,284,374,0,0,0,-29.978096,9.564853e-14
3249,61,375,0,0,0,-12.057569,5.800454e-06
3250,131,375,0,0,0,-12.057569,5.800454e-06
3251,138,375,0,0,0,-12.057569,5.800454e-06
3252,165,375,0,0,0,-12.057569,5.800454e-06
3253,179,375,0,0,0,-12.057569,5.800454e-06
3254,210,375,0,0,0,-12.057569,5.800454e-06
3255,211,375,0,0,0,-12.057569,5.800454e-06
3256,242,375,0,0,0,-12.057569,5.800454e-06
3257,259,375,0,0,0,-12.057569,5.800454e-06
3258,272,375,0,0,0,-12.057569,5.800454e-06
3259,287,375,0,0,0,-12.057569,5.800454e-06
3260,5,376,0,0,0,-7.530699,0.0005360758
3261,151,376,0,0,0,-7.530699,0.0005360758
3262,176,376,0,0,0,-7.530699,0.0005360758
3263,187,376,0,0,0,-7.530699,0.0005360758
3264,193,376,0,0,0,-7.530699,0.0005360758
3265,214,376,0,0,0,-7.530699,0.0005360758
3266,225,376,0,0,0,-7.530699,0.0005360758
3267,260,376,0,0,0,-7.530699,0.0005360758
3268,281,376,0,0,0,-7.530699,0.0005360758
3269,30,377,0,0,0,-26.137579,4.452395e-12
3270,98,377,0,0,0,-26.137579,4.452395e-12
3271,176,377,0,0,0,-26.137579,4.452395e-12
3272,214,377,0,0,0,-26.137579,4.452395e-12
3273,259,377,0,0,0,-26.137579,4.452395e-12
3274,262,377,0,0,0,-26.137579,4.452395e-12
3275,267,377,0,0,0,-26.137579,4.452395e-12
3276,287,377,0,0,0,-26.137579,4.452395e-12
3277,290,377,0,0,0,-26.137579,4.452395e-12
3278,34,380,0,0,0,-12.781664,2.8118534e-06
3279,35,380,0,0,0,-12.781664,2.8118534e-06
3280,96,380,0,0,0,-12.781664,2.8118534e-06
3281,97,380,0,0,0,-12.781664,2.8118534e-06
3282,135,380,0,0,0,-12.781664,2.8118534e-06
3283,157,380,0,0,0,-12.781664,2.8118534e-06
3284,204,380,0,0,0,-12.781664,2.8118534e-06
3285,241,380,0,0,0,-12.781664,2.8118534e-06
3286,276,380,0,0,0,-12.781664,2.8118534e-06
3287,22,381,0,0,0,-42.127357,5.061988e-19
3288,72,381,0,0,0,-42.127357,5.061988e-19
3289,104,381,0,0,0,-42.127357,5.061988e-19
3290,136,381,0,0,0,-42.127357,5.061988e-19
3291,145,381,0,0,0,-42.127357,5.061988e-19
3292,212,381,0,0,0,-42.127357,5.061988e-19
3293,239,381,0,0,0,-42.127357,5.061988e-19
3294,259,381,0,0,0,-42.127357,5.061988e-19
3295,277,381,0,0,0,-42.127357,5.061988e-19
3296,6,386,0,0,0,-22.6486,1.4582707e-10
3297,27,386,0,0,0,-22.6486,1.4582707e-10
3298,36,386,0,0,0,-22.6486,1.4582707e-10
3299,44,386,0,0,0,-22.6486,1.4582707e-10
3300,70,386,0,0,0,-22.6486,1.4582707e-10
3301,87,386,0,0,0,-22.6486,1.4582707e-10
3302,106,386,0,0,0,-22.6486,1.4582707e-10
3303,170,386,0,0,0,-22.6486,1.4582707e-10
3304,232,386,0,0,0,-22.6486,1.4582707e-10
3305,16,390,0,0,0,-24.545559,2.1877576e-11
3306,21,390,0,0,0,-24.545559,2.1877576e-11
3307,40,390,0,0,0,-24.545559,2.1877576e-11
3308,163,390,0,0,0,-24.545559,2.1877576e-11
3309,177,390,0,0,0,-24.545559,2.1877576e-11
3310,241,390,0,0,0,-24.545559,2.1877576e-11
3311,247,390,0,0,0,-24.545559,2.1877576e-11
3312,252,390,0,0,0,-24.545559,2.1877576e-11
3313,260,390,0,0,0,-24.545559,2.1877576e-11
3314,282,390,0,0,0,-24.545559,2.1877576e-11
3315,15,391,0,0,0,-25.757475,6.511346e-12
3316,44,391,0,0,0,-25.757475,6.511346e-12
3317,56,391,0,0,0,-25.757475,6.511346e-12
3318,157,391,0,0,0,-25.757475,6.511346e-12
3319,175,391,0,0,0,-25.757475,6.511346e-12
3320,183,391,0,0,0,-25.757475,6.511346e-12
3322,242,391,0,0,0,-25.757475,6.511346e-12
3323,252,391,0,0,0,-25.757475,6.511346e-12
3324,270,391,0,0,0,-25.757475,6.511346e-12
3325,45,392,0,0,0,-57.642387,9.2518636e-26
3326,71,392,0,0,0,-57.642387,9.2518636e-26
3327,91,392,0,0,0,-57.642387,9.2518636e-26
3328,98,392,0,0,0,-57.642387,9.2518636e-26
3329,109,392,0,0,0,-57.642387,9.2518636e-26
3330,110,392,0,0,0,-57.642387,9.2518636e-26
3331,145,392,0,0,0,-57.642387,9.2518636e-26
3332,234,392,0,0,0,-57.642387,9.2518636e-26
3333,255,392,0,0,0,-57.642387,9.2518636e-26
3334,282,392,0,0,0,-57.642387,9.2518636e-26
3335,291,392,0,0,0,-57.642387,9.2518636e-26
3336,60,393,0,0,0,-24.557743,2.1612634e-11
3337,61,393,0,0,0,-24.557743,2.1612634e-11
3338,63,393,0,0,0,-24.557743,2.1612634e-11
3339,107,393,0,0,0,-24.557743,2.1612634e-11
3340,109,393,0,0,0,-24.557743,2.1612634e-11
3341,142,393,0,0,0,-24.557743,2.1612634e-11
3342,162,393,0,0,0,-24.557743,2.1612634e-11
3343,165,393,0,0,0,-24.557743,2.1612634e-11
3344,168,393,0,0,0,-24.557743,2.1612634e-11
3345,97,394,0,0,0,-38.26317,2.4127767e-17
3346,158,394,0,0,0,-38.26317,2.4127767e-17
3347,210,394,0,0,0,-38.26317,2.4127767e-17
3348,211,394,0,0,0,-38.26317,2.4127767e-17
3349,239,394,0,0,0,-38.26317,2.4127767e-17
3350,255,394,0,0,0,-38.26317,2.4127767e-17
3351,256,394,0,0,0,-38.26317,2.4127767e-17
3352,265,394,0,0,0,-38.26317,2.4127767e-17
3353,274,394,0,0,0,-38.26317,2.4127767e-17
3354,38,395,0,0,0,-30.84722,4.0107244e-14
3355,46,395,0,0,0,-30.84722,4.0107244e-14
3356,70,395,0,0,0,-30.84722,4.0107244e-14
3357,84,395,0,0,0,-30.84722,4.0107244e-14
3358,101,395,0,0,0,-30.84722,4.0107244e-14
3359,115,395,0,0,0,-30.84722,4.0107244e-14
3360,140,395,0,0,0,-30.84722,4.0107244e-14
3361,159,395,0,0,0,-30.84722,4.0107244e-14
3362,194,395,0,0,0,-30.84722,4.0107244e-14
3363,247,395,0,0,0,-30.84722,4.0107244e-14
3364,58,396,0,0,0,-26.075325,4.7383837e-12
3365,69,396,0,0,0,-26.075325,4.7383837e-12
3366,88,396,0,0,0,-26.075325,4.7383837e-12
3367,116,396,0,0,0,-26.075325,4.7383837e-12
3368,140,396,0,0,0,-26.075325,4.7383837e-12
3369,192,396,0,0,0,-26.075325,4.7383837e-12
3370,235,396,0,0,0,-26.075325,4.7383837e-12
3371,254,396,0,0,0,-26.075325,4.7383837e-12
3372,258,396,0,0,0,-26.075325,4.7383837e-12
3373,6,412,0,0,0,-11.704888,8.253307e-06
3374,20,412,0,0,0,-11.704888,8.253307e-06
3375,88,412,0,0,0,-11.704888,8.253307e-06
3376,115,412,0,0,0,-11.704888,8.253307e-06
3377,130,412,0,0,0,-11.704888,8.253307e-06
3378,144,412,0,0,0,-11.704888,8.253307e-06
3379,154,412,0,0,0,-11.704888,8.253307e-06
3380,216,412,0,0,0,-11.704888,8.253307e-06
3381,277,412,0,0,0,-11.704888,8.253307e-06
3382,47,413,0,0,0,-6.5819607,0.001383215
3383,62,413,0,0,0,-6.5819607,0.001383215
3384,81,413,0,0,0,-6.5819607,0.001383215
3385,101,413,0,0,0,-6.5819607,0.001383215
3386,106,413,0,0,0,-6.5819607,0.001383215
3387,109,413,0,0,0,-6.5819607,0.001383215
3388,155,413,0,0,0,-6.5819607,0.001383215
3389,160,413,0,0,0,-6.5819607,0.001383215
3390,174,413,0,0,0,-6.5819607,0.001383215
3391,51,414,0,0,0,-7.8353004,0.0003953671
3392,106,414,0,0,0,-7.8353004,0.0003953671
3393,146,414,0,0,0,-7.8353004,0.0003953671
3394,150,414,0,0,0,-7.8353004,0.0003953671
3395,151,414,0,0,0,-7.8353004,0.0003953671
3396,173,414,0,0,0,-7.8353004,0.0003953671
3397,251,414,0,0,0,-7.8353004,0.0003953671
3398,271,414,0,0,0,-7.8353004,0.0003953671
3399,273,414,0,0,0,-7.8353004,0.0003953671
3400,37,415,0,0,0,-4.238103,0.014229547
3401,38,415,0,0,0,-4.238103,0.014229547
3402,69,415,0,0,0,-4.238103,0.014229547
3403,86,415,0,0,0,-4.238103,0.014229547
3404,170,415,0,0,0,-4.238103,0.014229547
3405,198,415,0,0,0,-4.238103,0.014229547
3406,206,415,0,0,0,-4.238103,0.014229547
3407,249,415,0,0,0,-4.238103,0.014229547
3408,285,415,0,0,0,-4.238103,0.014229547
3409,12,416,0,0,0,0.9472204,0.72055584
3410,35,416,0,0,0,0.9472204,0.72055584
3411,40,416,0,0,0,0.9472204,0.72055584
3412,73,416,0,0,0,0.9472204,0.72055584
3413,76,416,0,0,0,0.9472204,0.72055584
3414,155,416,0,0,0,0.9472204,0.72055584
3415,189,416,0,0,0,0.9472204,0.72055584
3416,191,416,0,0,0,0.9472204,0.72055584
3417,206,416,0,0,0,0.9472204,0.72055584
3418,30,417,0,0,0,-0.74399817,0.32213047
3419,90,417,0,0,0,-0.74399817,0.32213047
3420,92,417,0,0,0,-0.74399817,0.32213047
3421,122,417,0,0,0,-0.74399817,0.32213047
3422,176,417,0,0,0,-0.74399817,0.32213047
3423,186,417,0,0,0,-0.74399817,0.32213047
3424,201,417,0,0,0,-0.74399817,0.32213047
3425,205,417,0,0,0,-0.74399817,0.32213047
3426,288,417,0,0,0,-0.74399817,0.32213047
3427,24,418,0,0,0,-10.572232,2.561691e-05
3429,74,418,0,0,0,-10.572232,2.561691e-05
3430,158,418,0,0,0,-10.572232,2.561691e-05
3431,184,418,0,0,0,-10.572232,2.561691e-05
3432,187,418,0,0,0,-10.572232,2.561691e-05
3433,207,418,0,0,0,-10.572232,2.561691e-05
3434,249,418,0,0,0,-10.572232,2.561691e-05
3435,287,418,0,0,0,-10.572232,2.561691e-05
3436,9,421,0,0,0,-34.82319,7.5245627e-16
3437,10,421,0,0,0,-34.82319,7.5245627e-16
3438,27,421,0,0,0,-34.82319,7.5245627e-16
3439,48,421,0,0,0,-34.82319,7.5245627e-16
3440,115,421,0,0,0,-34.82319,7.5245627e-16
3441,168,421,0,0,0,-34.82319,7.5245627e-16
3442,180,421,0,0,0,-34.82319,7.5245627e-16
3443,225,421,0,0,0,-34.82319,7.5245627e-16
3444,272,421,0,0,0,-34.82319,7.5245627e-16
3445,18,425,0,0,0,-10.64958,2.3710236e-05
3446,34,425,0,0,0,-10.64958,2.3710236e-05
3447,133,425,0,0,0,-10.64958,2.3710236e-05
3448,161,425,0,0,0,-10.64958,2.3710236e-05
3449,169,425,0,0,0,-10.64958,2.3710236e-05
3450,170,425,0,0,0,-10.64958,2.3710236e-05
3451,189,425,0,0,0,-10.64958,2.3710236e-05
3452,200,425,0,0,0,-10.64958,2.3710236e-05
3453,236,425,0,0,0,-10.64958,2.3710236e-05
3454,239,425,0,0,0,-10.64958,2.3710236e-05
3455,24,426,0,0,0,-21.34183,5.387178e-10
3456,86,426,0,0,0,-21.34183,5.387178e-10
3457,87,426,0,0,0,-21.34183,5.387178e-10
3458,91,426,0,0,0,-21.34183,5.387178e-10
3459,106,426,0,0,0,-21.34183,5.387178e-10
3460,119,426,0,0,0,-21.34183,5.387178e-10
3461,138,426,0,0,0,-21.34183,5.387178e-10
3462,278,426,0,0,0,-21.34183,5.387178e-10
3463,285,426,0,0,0,-21.34183,5.387178e-10
3464,17,427,0,0,0,-34.858086,7.266508e-16
3465,76,427,0,0,0,-34.858086,7.266508e-16
3466,87,427,0,0,0,-34.858086,7.266508e-16
3467,113,427,0,0,0,-34.858086,7.266508e-16
3468,133,427,0,0,0,-34.858086,7.266508e-16
3469,177,427,0,0,0,-34.858086,7.266508e-16
3470,207,427,0,0,0,-34.858086,7.266508e-16
3471,276,427,0,0,0,-34.858086,7.266508e-16
3472,278,427,0,0,0,-34.858086,7.266508e-16
3473,0,428,0,0,0,-25.314299,1.0142378e-11
3474,1,428,0,0,0,-25.314299,1.0142378e-11
3475,58,428,0,0,0,-25.314299,1.0142378e-11
3476,107,428,0,0,0,-25.314299,1.0142378e-11
3477,121,428,0,0,0,-25.314299,1.0142378e-11
3478,138,428,0,0,0,-25.314299,1.0142378e-11
3479,176,428,0,0,0,-25.314299,1.0142378e-11
3480,221,428,0,0,0,-25.314299,1.0142378e-11
3481,267,428,0,0,0,-25.314299,1.0142378e-11
3482,65,430,0,0,0,-29.730377,1.2253531e-13
3483,73,430,0,0,0,-29.730377,1.2253531e-13
3484,120,430,0,0,0,-29.730377,1.2253531e-13
3485,123,430,0,0,0,-29.730377,1.2253531e-13
3486,161,430,0,0,0,-29.730377,1.2253531e-13
3487,168,430,0,0,0,-29.730377,1.2253531e-13
3488,170,430,0,0,0,-29.730377,1.2253531e-13
3489,191,430,0,0,0,-29.730377,1.2253531e-13
3490,231,430,0,0,0,-29.730377,1.2253531e-13
3491,40,432,0,0,0,-34.27421,1.3028635e-15
3492,136,432,0,0,0,-34.27421,1.3028635e-15
3493,139,432,0,0,0,-34.27421,1.3028635e-15
3494,148,432,0,0,0,-34.27421,1.3028635e-15
3495,160,432,0,0,0,-34.27421,1.3028635e-15
3496,166,432,0,0,0,-34.27421,1.3028635e-15
3497,182,432,0,0,0,-34.27421,1.3028635e-15
3498,187,432,0,0,0,-34.27421,1.3028635e-15
3499,265,432,0,0,0,-34.27421,1.3028635e-15
3500,23,433,0,0,0,-19.63301,2.9750324e-09
3501,44,433,0,0,0,-19.63301,2.9750324e-09
3502,46,433,0,0,0,-19.63301,2.9750324e-09
3503,84,433,0,0,0,-19.63301,2.9750324e-09
3504,98,433,0,0,0,-19.63301,2.9750324e-09
3505,100,433,0,0,0,-19.63301,2.9750324e-09
3506,211,433,0,0,0,-19.63301,2.9750324e-09
3507,245,433,0,0,0,-19.63301,2.9750324e-09
3508,287,433,0,0,0,-19.63301,2.9750324e-09
3509,5,434,0,0,0,-34.608833,9.323407e-16
3510,74,434,0,0,0,-34.608833,9.323407e-16
3511,99,434,0,0,0,-34.608833,9.323407e-16
3512,110,434,0,0,0,-34.608833,9.323407e-16
3513,129,434,0,0,0,-34.608833,9.323407e-16
3514,189,434,0,0,0,-34.608833,9.323407e-16
3515,215,434,0,0,0,-34.608833,9.323407e-16
3516,232,434,0,0,0,-34.608833,9.323407e-16
3517,235,434,0,0,0,-34.608833,9.323407e-16
3518,3,435,0,0,0,-35.16987,5.320105e-16
3519,26,435,0,0,0,-35.16987,5.320105e-16
3520,58,435,0,0,0,-35.16987,5.320105e-16
3521,164,435,0,0,0,-35.16987,5.320105e-16
3522,170,435,0,0,0,-35.16987,5.320105e-16
3523,212,435,0,0,0,-35.16987,5.320105e-16
3524,262,435,0,0,0,-35.16987,5.320105e-16
3525,272,435,0,0,0,-35.16987,5.320105e-16
3526,278,435,0,0,0,-35.16987,5.320105e-16
