Dock Index,Enzyme Index,Substrate Index,Label,dataset_id,tag,logit,prob
0,19,0,1,0,0,-0.24555805,0.4389171
1,19,1,1,0,0,-0.24555805,0.4389171
2,131,2,1,0,0,-0.24555805,0.4389171
3,131,4,1,0,0,-0.24555805,0.4389171
4,246,5,1,0,0,-0.24555805,0.4389171
5,246,7,1,0,0,-0.24555805,0.4389171
6,246,8,1,0,0,-0.24555805,0.4389171
7,246,9,1,0,0,-0.24555805,0.4389171
8,246,10,1,0,0,-0.24555805,0.4389171
10,133,12,1,0,0,-0.24555805,0.4389171
11,181,13,1,0,0,-0.24555805,0.4389171
12,181,14,1,0,0,-0.24555805,0.4389171
13,181,15,1,0,0,-0.24555805,0.4389171
14,242,17,1,0,0,-0.24555805,0.4389171
16,47,19,1,0,0,-0.24555805,0.4389171
17,209,20,1,0,0,-0.24555805,0.4389171
18,143,21,1,0,0,-0.24555805,0.4389171
19,143,22,1,0,0,-0.24555805,0.4389171
20,97,23,1,0,0,-0.24555805,0.4389171
21,259,24,1,0,0,-0.24555805,0.4389171
22,175,25,1,0,0,-0.24555805,0.4389171
23,36,26,1,0,0,-0.24555805,0.4389171
25,157,28,1,0,0,-0.24555805,0.4389171
35,118,39,1,0,0,-0.24555805,0.4389171
36,24,40,1,0,0,-0.24555805,0.4389171
42,19,46,1,0,0,-0.24555805,0.4389171
43,19,47,1,0,0,-0.24555805,0.4389171
44,44,48,1,0,0,-0.24555805,0.4389171
45,114,49,1,0,0,-0.24555805,0.4389171
46,26,50,1,0,0,-0.24555805,0.4389171
47,27,51,1,0,0,-0.24555805,0.4389171
48,27,52,1,0,0,-0.24555805,0.4389171
49,27,53,1,0,0,-0.24555805,0.4389171
50,291,54,1,0,0,-0.24555805,0.4389171
51,291,55,1,0,0,-0.24555805,0.4389171
52,291,56,1,0,0,-0.24555805,0.4389171
53,290,50,1,0,0,-0.24555805,0.4389171
55,178,15,1,0,0,-0.24555805,0.4389171
56,178,58,1,0,0,-0.24555805,0.4389171
57,10,1,1,0,0,-0.24555805,0.4389171
58,10,59,1,0,0,-0.24555805,0.4389171
59,99,60,1,0,0,-0.24555805,0.4389171
60,230,60,1,0,0,-0.24555805,0.4389171
61,230,61,1,0,0,-0.24555805,0.4389171
79,63,75,1,0,0,-0.24555805,0.4389171
80,248,12,1,0,0,-0.24555805,0.4389171
81,102,75,1,0,0,-0.24555805,0.4389171
82,104,76,1,0,0,-0.24555805,0.4389171
83,103,77,1,0,0,-0.24555805,0.4389171
84,13,78,1,0,0,-0.24555805,0.4389171
85,225,60,1,0,0,-0.24555805,0.4389171
86,203,79,1,0,0,-0.24555805,0.4389171
87,132,25,1,0,0,-0.24555805,0.4389171
88,132,80,1,0,0,-0.24555805,0.4389171
89,115,12,1,0,0,-0.24555805,0.4389171
90,35,81,1,0,0,-0.24555805,0.4389171
91,198,48,1,0,0,-0.24555805,0.4389171
92,6,82,1,0,0,-0.24555805,0.4389171
93,177,83,1,0,0,-0.24555805,0.4389171
94,177,24,1,0,0,-0.24555805,0.4389171
95,177,84,1,0,0,-0.24555805,0.4389171
97,170,24,1,0,0,-0.24555805,0.4389171
98,31,86,1,0,0,-0.24555805,0.4389171
99,30,23,1,0,0,-0.24555805,0.4389171
107,168,93,1,0,0,-0.24555805,0.4389171
108,22,94,1,0,0,-0.24555805,0.4389171
109,45,39,1,0,0,-0.24555805,0.4389171
110,25,12,1,0,0,-0.24555805,0.4389171
115,14,24,1,0,0,-0.24555805,0.4389171
116,33,98,1,0,0,-0.24555805,0.4389171
117,174,25,1,0,0,-0.24555805,0.4389171
118,92,99,1,0,0,-0.24555805,0.4389171
121,137,102,1,0,0,-0.24555805,0.4389171
122,137,103,1,0,0,-0.24555805,0.4389171
123,127,104,1,0,0,-0.24555805,0.4389171
124,127,105,1,0,0,-0.24555805,0.4389171
125,139,106,1,0,0,-0.24555805,0.4389171
126,139,107,1,0,0,-0.24555805,0.4389171
127,139,108,1,0,0,-0.24555805,0.4389171
128,139,109,1,0,0,-0.24555805,0.4389171
132,70,113,1,0,0,-0.24555805,0.4389171
133,70,115,1,0,0,-0.24555805,0.4389171
134,69,117,1,0,0,-0.24555805,0.4389171
136,72,119,1,0,0,-0.24555805,0.4389171
137,72,120,1,0,0,-0.24555805,0.4389171
141,288,124,1,0,0,-0.24555805,0.4389171
150,285,133,1,0,0,-0.24555805,0.4389171
151,235,134,1,0,0,-0.24555805,0.4389171
152,285,135,1,0,0,-0.24555805,0.4389171
153,285,136,1,0,0,-0.24555805,0.4389171
154,285,138,1,0,0,-0.24555805,0.4389171
155,285,139,1,0,0,-0.24555805,0.4389171
158,84,142,1,0,0,-0.24555805,0.4389171
159,84,143,1,0,0,-0.24555805,0.4389171
160,263,99,1,0,0,-0.24555805,0.4389171
161,262,145,1,0,0,-0.24555805,0.4389171
162,263,146,1,0,0,-0.24555805,0.4389171
169,77,75,1,0,0,-0.24555805,0.4389171
170,245,0,1,0,0,-0.24555805,0.4389171
171,244,1,1,0,0,-0.24555805,0.4389171
172,18,46,1,0,0,-0.24555805,0.4389171
173,20,152,1,0,0,-0.24555805,0.4389171
177,189,153,1,0,0,-0.24555805,0.4389171
183,76,157,1,0,0,-0.24555805,0.4389171
184,76,158,1,0,0,-0.24555805,0.4389171
185,76,159,1,0,0,-0.24555805,0.4389171
186,76,160,1,0,0,-0.24555805,0.4389171
187,66,161,1,0,0,-0.24555805,0.4389171
188,66,162,1,0,0,-0.24555805,0.4389171
195,65,169,1,0,0,-0.24555805,0.4389171
196,74,170,1,0,0,-0.24555805,0.4389171
198,74,172,1,0,0,-0.24555805,0.4389171
201,74,175,1,0,0,-0.24555805,0.4389171
202,75,176,1,0,0,-0.24555805,0.4389171
203,75,151,1,0,0,-0.24555805,0.4389171
204,74,125,1,0,0,-0.24555805,0.4389171
206,85,178,1,0,0,-0.24555805,0.4389171
207,60,179,1,0,0,-0.24555805,0.4389171
208,85,180,1,0,0,-0.24555805,0.4389171
213,59,185,1,0,0,-0.24555805,0.4389171
214,9,186,1,0,0,-0.24555805,0.4389171
215,9,187,1,0,0,-0.24555805,0.4389171
216,273,25,1,0,0,-0.24555805,0.4389171
218,272,98,1,0,0,-0.24555805,0.4389171
221,267,191,1,0,0,-0.24555805,0.4389171
222,274,192,1,0,0,-0.24555805,0.4389171
226,7,160,1,0,0,-0.24555805,0.4389171
227,220,193,1,0,0,-0.24555805,0.4389171
228,167,24,1,0,0,-0.24555805,0.4389171
240,220,205,1,0,0,-0.24555805,0.4389171
241,220,206,1,0,0,-0.24555805,0.4389171
244,17,209,1,0,0,-0.24555805,0.4389171
247,120,5,1,0,0,-0.24555805,0.4389171
250,121,214,1,0,0,-0.24555805,0.4389171
251,119,215,1,0,0,-0.24555805,0.4389171
253,122,217,1,0,0,-0.24555805,0.4389171
254,16,218,1,0,0,-0.24555805,0.4389171
255,16,219,1,0,0,-0.24555805,0.4389171
256,277,220,1,0,0,-0.24555805,0.4389171
260,207,120,1,0,0,-0.24555805,0.4389171
261,207,225,1,0,0,-0.24555805,0.4389171
262,206,226,1,0,0,-0.24555805,0.4389171
263,206,227,1,0,0,-0.24555805,0.4389171
271,67,124,1,0,0,-0.24555805,0.4389171
272,67,177,1,0,0,-0.24555805,0.4389171
273,67,233,1,0,0,-0.24555805,0.4389171
274,67,234,1,0,0,-0.24555805,0.4389171
275,67,136,1,0,0,-0.24555805,0.4389171
276,68,235,1,0,0,-0.24555805,0.4389171
277,67,236,1,0,0,-0.24555805,0.4389171
283,93,241,1,0,0,-0.24555805,0.4389171
284,129,242,1,0,0,-0.24555805,0.4389171
290,265,246,1,0,0,-0.24555805,0.4389171
291,265,247,1,0,0,-0.24555805,0.4389171
292,265,248,1,0,0,-0.24555805,0.4389171
296,142,60,1,0,0,-0.24555805,0.4389171
305,154,60,1,0,0,-0.24555805,0.4389171
307,201,259,1,0,0,-0.24555805,0.4389171
324,151,273,1,0,0,-0.24555805,0.4389171
325,152,60,1,0,0,-0.24555805,0.4389171
326,151,274,1,0,0,-0.24555805,0.4389171
327,151,275,1,0,0,-0.24555805,0.4389171
328,151,276,1,0,0,-0.24555805,0.4389171
333,204,17,1,0,0,-0.24555805,0.4389171
341,264,287,1,0,0,-0.24555805,0.4389171
355,204,301,1,0,0,-0.24555805,0.4389171
356,204,302,1,0,0,-0.24555805,0.4389171
357,204,303,1,0,0,-0.24555805,0.4389171
358,204,304,1,0,0,-0.24555805,0.4389171
359,204,305,1,0,0,-0.24555805,0.4389171
360,204,306,1,0,0,-0.24555805,0.4389171
361,204,307,1,0,0,-0.24555805,0.4389171
362,204,308,1,0,0,-0.24555805,0.4389171
363,204,309,1,0,0,-0.24555805,0.4389171
367,264,313,1,0,0,-0.24555805,0.4389171
368,264,314,1,0,0,-0.24555805,0.4389171
382,5,259,1,0,0,-0.24555805,0.4389171
384,247,326,1,0,0,-0.24555805,0.4389171
385,149,327,1,0,0,-0.24555805,0.4389171
386,149,328,1,0,0,-0.24555805,0.4389171
387,149,329,1,0,0,-0.24555805,0.4389171
390,73,331,1,0,0,-0.24555805,0.4389171
392,73,125,1,0,0,-0.24555805,0.4389171
393,73,332,1,0,0,-0.24555805,0.4389171
394,160,333,1,0,0,-0.24555805,0.4389171
395,130,134,1,0,0,-0.24555805,0.4389171
396,135,134,1,0,0,-0.24555805,0.4389171
397,163,329,1,0,0,-0.24555805,0.4389171
398,163,334,1,0,0,-0.24555805,0.4389171
399,163,335,1,0,0,-0.24555805,0.4389171
400,279,336,1,0,0,-0.24555805,0.4389171
401,279,337,1,0,0,-0.24555805,0.4389171
402,279,338,1,0,0,-0.24555805,0.4389171
403,279,339,1,0,0,-0.24555805,0.4389171
404,279,340,1,0,0,-0.24555805,0.4389171
405,279,341,1,0,0,-0.24555805,0.4389171
406,163,342,1,0,0,-0.24555805,0.4389171
407,163,343,1,0,0,-0.24555805,0.4389171
408,163,344,1,0,0,-0.24555805,0.4389171
409,163,345,1,0,0,-0.24555805,0.4389171
410,163,346,1,0,0,-0.24555805,0.4389171
411,163,347,1,0,0,-0.24555805,0.4389171
414,163,350,1,0,0,-0.24555805,0.4389171
415,279,351,1,0,0,-0.24555805,0.4389171
416,278,352,1,0,0,-0.24555805,0.4389171
417,163,353,1,0,0,-0.24555805,0.4389171
418,163,354,1,0,0,-0.24555805,0.4389171
420,163,356,1,0,0,-0.24555805,0.4389171
421,163,328,1,0,0,-0.24555805,0.4389171
422,163,357,1,0,0,-0.24555805,0.4389171
423,164,358,1,0,0,-0.24555805,0.4389171
424,162,359,1,0,0,-0.24555805,0.4389171
425,280,360,1,0,0,-0.24555805,0.4389171
426,163,361,1,0,0,-0.24555805,0.4389171
427,163,362,1,0,0,-0.24555805,0.4389171
428,163,363,1,0,0,-0.24555805,0.4389171
429,163,364,1,0,0,-0.24555805,0.4389171
430,163,365,1,0,0,-0.24555805,0.4389171
431,163,366,1,0,0,-0.24555805,0.4389171
432,163,367,1,0,0,-0.24555805,0.4389171
433,163,368,1,0,0,-0.24555805,0.4389171
435,279,370,1,0,0,-0.24555805,0.4389171
437,162,374,1,0,0,-0.24555805,0.4389171
438,163,375,1,0,0,-0.24555805,0.4389171
439,163,376,1,0,0,-0.24555805,0.4389171
440,163,377,1,0,0,-0.24555805,0.4389171
441,163,327,1,0,0,-0.24555805,0.4389171
442,161,380,1,0,0,-0.24555805,0.4389171
446,12,381,1,0,0,-0.24555805,0.4389171
451,105,386,1,0,0,-0.24555805,0.4389171
457,144,390,1,0,0,-0.24555805,0.4389171
458,144,391,1,0,0,-0.24555805,0.4389171
460,208,392,1,0,0,-0.24555805,0.4389171
461,34,326,1,0,0,-0.24555805,0.4389171
462,23,24,1,0,0,-0.24555805,0.4389171
463,256,393,1,0,0,-0.24555805,0.4389171
464,166,394,1,0,0,-0.24555805,0.4389171
465,172,395,1,0,0,-0.24555805,0.4389171
466,172,75,1,0,0,-0.24555805,0.4389171
467,172,259,1,0,0,-0.24555805,0.4389171
468,171,396,1,0,0,-0.24555805,0.4389171
469,134,24,1,0,0,-0.24555805,0.4389171
470,196,153,1,0,0,-0.24555805,0.4389171
471,234,327,1,0,0,-0.24555805,0.4389171
489,2,120,1,0,0,-0.24555805,0.4389171
490,96,80,1,0,0,-0.24555805,0.4389171
491,145,24,1,0,0,-0.24555805,0.4389171
492,243,259,1,0,0,-0.24555805,0.4389171
494,147,412,1,0,0,-0.24555805,0.4389171
495,281,413,1,0,0,-0.24555805,0.4389171
496,156,414,1,0,0,-0.24555805,0.4389171
497,156,415,1,0,0,-0.24555805,0.4389171
498,109,416,1,0,0,-0.24555805,0.4389171
499,109,417,1,0,0,-0.24555805,0.4389171
500,180,418,1,0,0,-0.24555805,0.4389171
502,21,421,1,0,0,-0.24555805,0.4389171
505,183,425,1,0,0,-0.24555805,0.4389171
507,210,426,1,0,0,-0.24555805,0.4389171
508,214,427,1,0,0,-0.24555805,0.4389171
509,228,428,1,0,0,-0.24555805,0.4389171
510,229,430,1,0,0,-0.24555805,0.4389171
512,141,432,1,0,0,-0.24555805,0.4389171
513,217,433,1,0,0,-0.24555805,0.4389171
514,32,434,1,0,0,-0.24555805,0.4389171
515,113,435,1,0,0,-0.24555805,0.4389171
1000,1,0,0,0,0,-0.24555805,0.4389171
1001,5,0,0,0,0,-0.24555805,0.4389171
1002,42,0,0,0,0,-0.24555805,0.4389171
1003,51,0,0,0,0,-0.24555805,0.4389171
1004,53,0,0,0,0,-0.24555805,0.4389171
1005,57,0,0,0,0,-0.24555805,0.4389171
1006,61,0,0,0,0,-0.24555805,0.4389171
1007,109,0,0,0,0,-0.24555805,0.4389171
1008,116,0,0,0,0,-0.24555805,0.4389171
1009,124,0,0,0,0,-0.24555805,0.4389171
1010,150,0,0,0,0,-0.24555805,0.4389171
1011,163,0,0,0,0,-0.24555805,0.4389171
1012,166,0,0,0,0,-0.24555805,0.4389171
1013,220,0,0,0,0,-0.24555805,0.4389171
1014,231,0,0,0,0,-0.24555805,0.4389171
1015,236,0,0,0,0,-0.24555805,0.4389171
1016,262,0,0,0,0,-0.24555805,0.4389171
1017,268,0,0,0,0,-0.24555805,0.4389171
1018,274,0,0,0,0,-0.24555805,0.4389171
1019,13,1,0,0,0,-0.24555805,0.4389171
1020,41,1,0,0,0,-0.24555805,0.4389171
1021,47,1,0,0,0,-0.24555805,0.4389171
1022,48,1,0,0,0,-0.24555805,0.4389171
1023,61,1,0,0,0,-0.24555805,0.4389171
1024,74,1,0,0,0,-0.24555805,0.4389171
1025,132,1,0,0,0,-0.24555805,0.4389171
1026,151,1,0,0,0,-0.24555805,0.4389171
1027,153,1,0,0,0,-0.24555805,0.4389171
1028,162,1,0,0,0,-0.24555805,0.4389171
1029,178,1,0,0,0,-0.24555805,0.4389171
1030,182,1,0,0,0,-0.24555805,0.4389171
1031,186,1,0,0,0,-0.24555805,0.4389171
1032,190,1,0,0,0,-0.24555805,0.4389171
1033,192,1,0,0,0,-0.24555805,0.4389171
1034,196,1,0,0,0,-0.24555805,0.4389171
1035,208,1,0,0,0,-0.24555805,0.4389171
1036,209,1,0,0,0,-0.24555805,0.4389171
1037,222,1,0,0,0,-0.24555805,0.4389171
1038,224,1,0,0,0,-0.24555805,0.4389171
1039,243,1,0,0,0,-0.24555805,0.4389171
1040,246,1,0,0,0,-0.24555805,0.4389171
1041,263,1,0,0,0,-0.24555805,0.4389171
1042,267,1,0,0,0,-0.24555805,0.4389171
1043,272,1,0,0,0,-0.24555805,0.4389171
1044,275,1,0,0,0,-0.24555805,0.4389171
1045,281,1,0,0,0,-0.24555805,0.4389171
1046,288,1,0,0,0,-0.24555805,0.4389171
1047,12,2,0,0,0,-0.24555805,0.4389171
1048,16,2,0,0,0,-0.24555805,0.4389171
1049,25,2,0,0,0,-0.24555805,0.4389171
1050,66,2,0,0,0,-0.24555805,0.4389171
1051,115,2,0,0,0,-0.24555805,0.4389171
1052,135,2,0,0,0,-0.24555805,0.4389171
1053,220,2,0,0,0,-0.24555805,0.4389171
1054,235,2,0,0,0,-0.24555805,0.4389171
1055,254,2,0,0,0,-0.24555805,0.4389171
1056,273,2,0,0,0,-0.24555805,0.4389171
1057,276,2,0,0,0,-0.24555805,0.4389171
1058,52,4,0,0,0,-0.24555805,0.4389171
1059,62,4,0,0,0,-0.24555805,0.4389171
1060,72,4,0,0,0,-0.24555805,0.4389171
1061,118,4,0,0,0,-0.24555805,0.4389171
1062,225,4,0,0,0,-0.24555805,0.4389171
1063,241,4,0,0,0,-0.24555805,0.4389171
1064,248,4,0,0,0,-0.24555805,0.4389171
1065,255,4,0,0,0,-0.24555805,0.4389171
1066,278,4,0,0,0,-0.24555805,0.4389171
1067,4,5,0,0,0,-0.24555805,0.4389171
1068,16,5,0,0,0,-0.24555805,0.4389171
1069,76,5,0,0,0,-0.24555805,0.4389171
1070,103,5,0,0,0,-0.24555805,0.4389171
1071,104,5,0,0,0,-0.24555805,0.4389171
1072,131,5,0,0,0,-0.24555805,0.4389171
1073,140,5,0,0,0,-0.24555805,0.4389171
1074,153,5,0,0,0,-0.24555805,0.4389171
1075,160,5,0,0,0,-0.24555805,0.4389171
1076,187,5,0,0,0,-0.24555805,0.4389171
1077,209,5,0,0,0,-0.24555805,0.4389171
1078,227,5,0,0,0,-0.24555805,0.4389171
1079,242,5,0,0,0,-0.24555805,0.4389171
1080,249,5,0,0,0,-0.24555805,0.4389171
1081,255,5,0,0,0,-0.24555805,0.4389171
1082,260,5,0,0,0,-0.24555805,0.4389171
1083,267,5,0,0,0,-0.24555805,0.4389171
1084,279,5,0,0,0,-0.24555805,0.4389171
1085,291,5,0,0,0,-0.24555805,0.4389171
1086,17,7,0,0,0,-0.24555805,0.4389171
1087,135,7,0,0,0,-0.24555805,0.4389171
1088,150,7,0,0,0,-0.24555805,0.4389171
1089,164,7,0,0,0,-0.24555805,0.4389171
1090,227,7,0,0,0,-0.24555805,0.4389171
1091,245,7,0,0,0,-0.24555805,0.4389171
1092,257,7,0,0,0,-0.24555805,0.4389171
1093,264,7,0,0,0,-0.24555805,0.4389171
1094,272,7,0,0,0,-0.24555805,0.4389171
1095,50,8,0,0,0,-0.24555805,0.4389171
1096,93,8,0,0,0,-0.24555805,0.4389171
1097,134,8,0,0,0,-0.24555805,0.4389171
1098,158,8,0,0,0,-0.24555805,0.4389171
1099,221,8,0,0,0,-0.24555805,0.4389171
1100,229,8,0,0,0,-0.24555805,0.4389171
1101,236,8,0,0,0,-0.24555805,0.4389171
1102,241,8,0,0,0,-0.24555805,0.4389171
1103,254,8,0,0,0,-0.24555805,0.4389171
1104,274,8,0,0,0,-0.24555805,0.4389171
1105,32,9,0,0,0,-0.24555805,0.4389171
1106,49,9,0,0,0,-0.24555805,0.4389171
1107,74,9,0,0,0,-0.24555805,0.4389171
1108,100,9,0,0,0,-0.24555805,0.4389171
1109,138,9,0,0,0,-0.24555805,0.4389171
1110,191,9,0,0,0,-0.24555805,0.4389171
1111,213,9,0,0,0,-0.24555805,0.4389171
1112,235,9,0,0,0,-0.24555805,0.4389171
1113,265,9,0,0,0,-0.24555805,0.4389171
1114,0,10,0,0,0,-0.24555805,0.4389171
1115,7,10,0,0,0,-0.24555805,0.4389171
1116,42,10,0,0,0,-0.24555805,0.4389171
1117,47,10,0,0,0,-0.24555805,0.4389171
1118,61,10,0,0,0,-0.24555805,0.4389171
1119,102,10,0,0,0,-0.24555805,0.4389171
1120,127,10,0,0,0,-0.24555805,0.4389171
1121,217,10,0,0,0,-0.24555805,0.4389171
1122,236,10,0,0,0,-0.24555805,0.4389171
1123,290,10,0,0,0,-0.24555805,0.4389171
1133,7,12,0,0,0,-0.24555805,0.4389171
1134,13,12,0,0,0,-0.24555805,0.4389171
1135,27,12,0,0,0,-0.24555805,0.4389171
1136,38,12,0,0,0,-0.24555805,0.4389171
1137,44,12,0,0,0,-0.24555805,0.4389171
1138,55,12,0,0,0,-0.24555805,0.4389171
1139,63,12,0,0,0,-0.24555805,0.4389171
1140,68,12,0,0,0,-0.24555805,0.4389171
1141,70,12,0,0,0,-0.24555805,0.4389171
1142,77,12,0,0,0,-0.24555805,0.4389171
1143,79,12,0,0,0,-0.24555805,0.4389171
1144,82,12,0,0,0,-0.24555805,0.4389171
1145,88,12,0,0,0,-0.24555805,0.4389171
1146,102,12,0,0,0,-0.24555805,0.4389171
1147,107,12,0,0,0,-0.24555805,0.4389171
1148,117,12,0,0,0,-0.24555805,0.4389171
1149,153,12,0,0,0,-0.24555805,0.4389171
1150,160,12,0,0,0,-0.24555805,0.4389171
1151,161,12,0,0,0,-0.24555805,0.4389171
1152,171,12,0,0,0,-0.24555805,0.4389171
1153,172,12,0,0,0,-0.24555805,0.4389171
1154,182,12,0,0,0,-0.24555805,0.4389171
1155,185,12,0,0,0,-0.24555805,0.4389171
1156,197,12,0,0,0,-0.24555805,0.4389171
1157,205,12,0,0,0,-0.24555805,0.4389171
1158,216,12,0,0,0,-0.24555805,0.4389171
1159,220,12,0,0,0,-0.24555805,0.4389171
1160,230,12,0,0,0,-0.24555805,0.4389171
1161,240,12,0,0,0,-0.24555805,0.4389171
1162,249,12,0,0,0,-0.24555805,0.4389171
1163,254,12,0,0,0,-0.24555805,0.4389171
1164,255,12,0,0,0,-0.24555805,0.4389171
1165,267,12,0,0,0,-0.24555805,0.4389171
1166,272,12,0,0,0,-0.24555805,0.4389171
1167,273,12,0,0,0,-0.24555805,0.4389171
1168,275,12,0,0,0,-0.24555805,0.4389171
1169,280,12,0,0,0,-0.24555805,0.4389171
1170,17,13,0,0,0,-0.24555805,0.4389171
1171,35,13,0,0,0,-0.24555805,0.4389171
1172,88,13,0,0,0,-0.24555805,0.4389171
1173,89,13,0,0,0,-0.24555805,0.4389171
1174,101,13,0,0,0,-0.24555805,0.4389171
1175,120,13,0,0,0,-0.24555805,0.4389171
1176,174,13,0,0,0,-0.24555805,0.4389171
1177,208,13,0,0,0,-0.24555805,0.4389171
1178,239,13,0,0,0,-0.24555805,0.4389171
1179,242,13,0,0,0,-0.24555805,0.4389171
1180,291,13,0,0,0,-0.24555805,0.4389171
1181,10,14,0,0,0,-0.24555805,0.4389171
1182,23,14,0,0,0,-0.24555805,0.4389171
1183,24,14,0,0,0,-0.24555805,0.4389171
1184,66,14,0,0,0,-0.24555805,0.4389171
1185,97,14,0,0,0,-0.24555805,0.4389171
1186,239,14,0,0,0,-0.24555805,0.4389171
1187,256,14,0,0,0,-0.24555805,0.4389171
1188,282,14,0,0,0,-0.24555805,0.4389171
1189,289,14,0,0,0,-0.24555805,0.4389171
1190,40,15,0,0,0,-0.24555805,0.4389171
1191,70,15,0,0,0,-0.24555805,0.4389171
1192,82,15,0,0,0,-0.24555805,0.4389171
1193,89,15,0,0,0,-0.24555805,0.4389171
1194,96,15,0,0,0,-0.24555805,0.4389171
1195,112,15,0,0,0,-0.24555805,0.4389171
1196,136,15,0,0,0,-0.24555805,0.4389171
1197,141,15,0,0,0,-0.24555805,0.4389171
1198,149,15,0,0,0,-0.24555805,0.4389171
1199,158,15,0,0,0,-0.24555805,0.4389171
1200,179,15,0,0,0,-0.24555805,0.4389171
1201,200,15,0,0,0,-0.24555805,0.4389171
1202,204,15,0,0,0,-0.24555805,0.4389171
1203,217,15,0,0,0,-0.24555805,0.4389171
1204,224,15,0,0,0,-0.24555805,0.4389171
1205,246,15,0,0,0,-0.24555805,0.4389171
1206,265,15,0,0,0,-0.24555805,0.4389171
1207,276,15,0,0,0,-0.24555805,0.4389171
1208,284,15,0,0,0,-0.24555805,0.4389171
1209,2,17,0,0,0,-0.24555805,0.4389171
1210,47,17,0,0,0,-0.24555805,0.4389171
1211,48,17,0,0,0,-0.24555805,0.4389171
1212,61,17,0,0,0,-0.24555805,0.4389171
1213,90,17,0,0,0,-0.24555805,0.4389171
1214,110,17,0,0,0,-0.24555805,0.4389171
1215,119,17,0,0,0,-0.24555805,0.4389171
1216,142,17,0,0,0,-0.24555805,0.4389171
1217,168,17,0,0,0,-0.24555805,0.4389171
1218,171,17,0,0,0,-0.24555805,0.4389171
1219,212,17,0,0,0,-0.24555805,0.4389171
1220,233,17,0,0,0,-0.24555805,0.4389171
1221,240,17,0,0,0,-0.24555805,0.4389171
1222,248,17,0,0,0,-0.24555805,0.4389171
1223,256,17,0,0,0,-0.24555805,0.4389171
1224,277,17,0,0,0,-0.24555805,0.4389171
1225,280,17,0,0,0,-0.24555805,0.4389171
1226,281,17,0,0,0,-0.24555805,0.4389171
1227,291,17,0,0,0,-0.24555805,0.4389171
1228,13,18,0,0,0,-0.24555805,0.4389171
1229,56,18,0,0,0,-0.24555805,0.4389171
1230,80,18,0,0,0,-0.24555805,0.4389171
1232,110,18,0,0,0,-0.24555805,0.4389171
1233,111,18,0,0,0,-0.24555805,0.4389171
1234,145,18,0,0,0,-0.24555805,0.4389171
1236,286,18,0,0,0,-0.24555805,0.4389171
1237,50,19,0,0,0,-0.24555805,0.4389171
1238,52,19,0,0,0,-0.24555805,0.4389171
1239,55,19,0,0,0,-0.24555805,0.4389171
1240,68,19,0,0,0,-0.24555805,0.4389171
1241,88,19,0,0,0,-0.24555805,0.4389171
1242,138,19,0,0,0,-0.24555805,0.4389171
1243,140,19,0,0,0,-0.24555805,0.4389171
1244,153,19,0,0,0,-0.24555805,0.4389171
1245,229,19,0,0,0,-0.24555805,0.4389171
1246,30,20,0,0,0,-0.24555805,0.4389171
1247,32,20,0,0,0,-0.24555805,0.4389171
1248,54,20,0,0,0,-0.24555805,0.4389171
1249,94,20,0,0,0,-0.24555805,0.4389171
1250,143,20,0,0,0,-0.24555805,0.4389171
1251,151,20,0,0,0,-0.24555805,0.4389171
1252,162,20,0,0,0,-0.24555805,0.4389171
1253,184,20,0,0,0,-0.24555805,0.4389171
1254,270,20,0,0,0,-0.24555805,0.4389171
1255,7,21,0,0,0,-0.24555805,0.4389171
1256,29,21,0,0,0,-0.24555805,0.4389171
1257,32,21,0,0,0,-0.24555805,0.4389171
1258,82,21,0,0,0,-0.24555805,0.4389171
1259,133,21,0,0,0,-0.24555805,0.4389171
1260,135,21,0,0,0,-0.24555805,0.4389171
1261,164,21,0,0,0,-0.24555805,0.4389171
1262,214,21,0,0,0,-0.24555805,0.4389171
1263,216,21,0,0,0,-0.24555805,0.4389171
1264,11,22,0,0,0,-0.24555805,0.4389171
1265,48,22,0,0,0,-0.24555805,0.4389171
1266,49,22,0,0,0,-0.24555805,0.4389171
1267,62,22,0,0,0,-0.24555805,0.4389171
1268,121,22,0,0,0,-0.24555805,0.4389171
1269,161,22,0,0,0,-0.24555805,0.4389171
1270,164,22,0,0,0,-0.24555805,0.4389171
1271,182,22,0,0,0,-0.24555805,0.4389171
1272,241,22,0,0,0,-0.24555805,0.4389171
1273,12,23,0,0,0,-0.24555805,0.4389171
1274,19,23,0,0,0,-0.24555805,0.4389171
1275,29,23,0,0,0,-0.24555805,0.4389171
1276,62,23,0,0,0,-0.24555805,0.4389171
1277,113,23,0,0,0,-0.24555805,0.4389171
1278,132,23,0,0,0,-0.24555805,0.4389171
1279,148,23,0,0,0,-0.24555805,0.4389171
1280,152,23,0,0,0,-0.24555805,0.4389171
1281,153,23,0,0,0,-0.24555805,0.4389171
1282,165,23,0,0,0,-0.24555805,0.4389171
1283,173,23,0,0,0,-0.24555805,0.4389171
1284,186,23,0,0,0,-0.24555805,0.4389171
1285,195,23,0,0,0,-0.24555805,0.4389171
1286,204,23,0,0,0,-0.24555805,0.4389171
1287,211,23,0,0,0,-0.24555805,0.4389171
1288,225,23,0,0,0,-0.24555805,0.4389171
1289,230,23,0,0,0,-0.24555805,0.4389171
1290,245,23,0,0,0,-0.24555805,0.4389171
1291,267,23,0,0,0,-0.24555805,0.4389171
1292,2,24,0,0,0,-0.24555805,0.4389171
1293,4,24,0,0,0,-0.24555805,0.4389171
1294,5,24,0,0,0,-0.24555805,0.4389171
1295,7,24,0,0,0,-0.24555805,0.4389171
1296,9,24,0,0,0,-0.24555805,0.4389171
1297,10,24,0,0,0,-0.24555805,0.4389171
1298,15,24,0,0,0,-0.24555805,0.4389171
1299,20,24,0,0,0,-0.24555805,0.4389171
1300,24,24,0,0,0,-0.24555805,0.4389171
1301,30,24,0,0,0,-0.24555805,0.4389171
1302,34,24,0,0,0,-0.24555805,0.4389171
1303,37,24,0,0,0,-0.24555805,0.4389171
1304,39,24,0,0,0,-0.24555805,0.4389171
1305,47,24,0,0,0,-0.24555805,0.4389171
1306,48,24,0,0,0,-0.24555805,0.4389171
1307,58,24,0,0,0,-0.24555805,0.4389171
1308,59,24,0,0,0,-0.24555805,0.4389171
1309,60,24,0,0,0,-0.24555805,0.4389171
1310,62,24,0,0,0,-0.24555805,0.4389171
1311,63,24,0,0,0,-0.24555805,0.4389171
1312,64,24,0,0,0,-0.24555805,0.4389171
1313,66,24,0,0,0,-0.24555805,0.4389171
1314,67,24,0,0,0,-0.24555805,0.4389171
1315,69,24,0,0,0,-0.24555805,0.4389171
1316,72,24,0,0,0,-0.24555805,0.4389171
1317,82,24,0,0,0,-0.24555805,0.4389171
1318,83,24,0,0,0,-0.24555805,0.4389171
1319,85,24,0,0,0,-0.24555805,0.4389171
1320,89,24,0,0,0,-0.24555805,0.4389171
1321,93,24,0,0,0,-0.24555805,0.4389171
1322,99,24,0,0,0,-0.24555805,0.4389171
1323,101,24,0,0,0,-0.24555805,0.4389171
1324,104,24,0,0,0,-0.24555805,0.4389171
1325,109,24,0,0,0,-0.24555805,0.4389171
1326,110,24,0,0,0,-0.24555805,0.4389171
1327,125,24,0,0,0,-0.24555805,0.4389171
1328,136,24,0,0,0,-0.24555805,0.4389171
1329,138,24,0,0,0,-0.24555805,0.4389171
1330,143,24,0,0,0,-0.24555805,0.4389171
1331,147,24,0,0,0,-0.24555805,0.4389171
1332,148,24,0,0,0,-0.24555805,0.4389171
1333,157,24,0,0,0,-0.24555805,0.4389171
1334,158,24,0,0,0,-0.24555805,0.4389171
1335,160,24,0,0,0,-0.24555805,0.4389171
1336,166,24,0,0,0,-0.24555805,0.4389171
1337,169,24,0,0,0,-0.24555805,0.4389171
1338,171,24,0,0,0,-0.24555805,0.4389171
1339,174,24,0,0,0,-0.24555805,0.4389171
1340,176,24,0,0,0,-0.24555805,0.4389171
1341,178,24,0,0,0,-0.24555805,0.4389171
1342,184,24,0,0,0,-0.24555805,0.4389171
1343,190,24,0,0,0,-0.24555805,0.4389171
1344,192,24,0,0,0,-0.24555805,0.4389171
1345,199,24,0,0,0,-0.24555805,0.4389171
1346,203,24,0,0,0,-0.24555805,0.4389171
1347,208,24,0,0,0,-0.24555805,0.4389171
1348,211,24,0,0,0,-0.24555805,0.4389171
1349,220,24,0,0,0,-0.24555805,0.4389171
1350,221,24,0,0,0,-0.24555805,0.4389171
1351,225,24,0,0,0,-0.24555805,0.4389171
1352,226,24,0,0,0,-0.24555805,0.4389171
1353,229,24,0,0,0,-0.24555805,0.4389171
1354,232,24,0,0,0,-0.24555805,0.4389171
1355,235,24,0,0,0,-0.24555805,0.4389171
1356,241,24,0,0,0,-0.24555805,0.4389171
1357,253,24,0,0,0,-0.24555805,0.4389171
1358,257,24,0,0,0,-0.24555805,0.4389171
1359,264,24,0,0,0,-0.24555805,0.4389171
1360,266,24,0,0,0,-0.24555805,0.4389171
1361,271,24,0,0,0,-0.24555805,0.4389171
1362,275,24,0,0,0,-0.24555805,0.4389171
1363,278,24,0,0,0,-0.24555805,0.4389171
1364,285,24,0,0,0,-0.24555805,0.4389171
1365,286,24,0,0,0,-0.24555805,0.4389171
1366,291,24,0,0,0,-0.24555805,0.4389171
1367,2,25,0,0,0,-0.24555805,0.4389171
1368,9,25,0,0,0,-0.24555805,0.4389171
1369,19,25,0,0,0,-0.24555805,0.4389171
1370,29,25,0,0,0,-0.24555805,0.4389171
1371,43,25,0,0,0,-0.24555805,0.4389171
1372,51,25,0,0,0,-0.24555805,0.4389171
1373,70,25,0,0,0,-0.24555805,0.4389171
1374,77,25,0,0,0,-0.24555805,0.4389171
1375,78,25,0,0,0,-0.24555805,0.4389171
1376,81,25,0,0,0,-0.24555805,0.4389171
1377,88,25,0,0,0,-0.24555805,0.4389171
1378,97,25,0,0,0,-0.24555805,0.4389171
1379,103,25,0,0,0,-0.24555805,0.4389171
1380,114,25,0,0,0,-0.24555805,0.4389171
1381,120,25,0,0,0,-0.24555805,0.4389171
1382,125,25,0,0,0,-0.24555805,0.4389171
1383,138,25,0,0,0,-0.24555805,0.4389171
1384,144,25,0,0,0,-0.24555805,0.4389171
1385,156,25,0,0,0,-0.24555805,0.4389171
1386,162,25,0,0,0,-0.24555805,0.4389171
1387,180,25,0,0,0,-0.24555805,0.4389171
1388,186,25,0,0,0,-0.24555805,0.4389171
1389,188,25,0,0,0,-0.24555805,0.4389171
1390,189,25,0,0,0,-0.24555805,0.4389171
1391,195,25,0,0,0,-0.24555805,0.4389171
1392,196,25,0,0,0,-0.24555805,0.4389171
1393,210,25,0,0,0,-0.24555805,0.4389171
1394,215,25,0,0,0,-0.24555805,0.4389171
1395,216,25,0,0,0,-0.24555805,0.4389171
1396,244,25,0,0,0,-0.24555805,0.4389171
1397,245,25,0,0,0,-0.24555805,0.4389171
1398,251,25,0,0,0,-0.24555805,0.4389171
1399,253,25,0,0,0,-0.24555805,0.4389171
1400,259,25,0,0,0,-0.24555805,0.4389171
1401,274,25,0,0,0,-0.24555805,0.4389171
1402,281,25,0,0,0,-0.24555805,0.4389171
1403,287,25,0,0,0,-0.24555805,0.4389171
1404,22,26,0,0,0,-0.24555805,0.4389171
1405,81,26,0,0,0,-0.24555805,0.4389171
1406,113,26,0,0,0,-0.24555805,0.4389171
1407,160,26,0,0,0,-0.24555805,0.4389171
1408,197,26,0,0,0,-0.24555805,0.4389171
1409,205,26,0,0,0,-0.24555805,0.4389171
1410,271,26,0,0,0,-0.24555805,0.4389171
1411,275,26,0,0,0,-0.24555805,0.4389171
1412,286,26,0,0,0,-0.24555805,0.4389171
1413,21,27,0,0,0,-0.24555805,0.4389171
1415,53,27,0,0,0,-0.24555805,0.4389171
1416,72,27,0,0,0,-0.24555805,0.4389171
1418,160,27,0,0,0,-0.24555805,0.4389171
1420,201,27,0,0,0,-0.24555805,0.4389171
1422,68,28,0,0,0,-0.24555805,0.4389171
1423,83,28,0,0,0,-0.24555805,0.4389171
1424,98,28,0,0,0,-0.24555805,0.4389171
1425,148,28,0,0,0,-0.24555805,0.4389171
1426,151,28,0,0,0,-0.24555805,0.4389171
1427,153,28,0,0,0,-0.24555805,0.4389171
1428,185,28,0,0,0,-0.24555805,0.4389171
1429,201,28,0,0,0,-0.24555805,0.4389171
1430,288,28,0,0,0,-0.24555805,0.4389171
1431,1,39,0,0,0,-0.24555805,0.4389171
1432,4,39,0,0,0,-0.24555805,0.4389171
1433,14,39,0,0,0,-0.24555805,0.4389171
1434,15,39,0,0,0,-0.24555805,0.4389171
1435,60,39,0,0,0,-0.24555805,0.4389171
1436,75,39,0,0,0,-0.24555805,0.4389171
1437,84,39,0,0,0,-0.24555805,0.4389171
1438,88,39,0,0,0,-0.24555805,0.4389171
1439,92,39,0,0,0,-0.24555805,0.4389171
1440,98,39,0,0,0,-0.24555805,0.4389171
1441,165,39,0,0,0,-0.24555805,0.4389171
1442,186,39,0,0,0,-0.24555805,0.4389171
1443,195,39,0,0,0,-0.24555805,0.4389171
1444,222,39,0,0,0,-0.24555805,0.4389171
1445,255,39,0,0,0,-0.24555805,0.4389171
1446,275,39,0,0,0,-0.24555805,0.4389171
1447,276,39,0,0,0,-0.24555805,0.4389171
1448,287,39,0,0,0,-0.24555805,0.4389171
1449,288,39,0,0,0,-0.24555805,0.4389171
1450,33,40,0,0,0,-0.24555805,0.4389171
1451,55,40,0,0,0,-0.24555805,0.4389171
1452,65,40,0,0,0,-0.24555805,0.4389171
1453,79,40,0,0,0,-0.24555805,0.4389171
1454,112,40,0,0,0,-0.24555805,0.4389171
1455,130,40,0,0,0,-0.24555805,0.4389171
1456,157,40,0,0,0,-0.24555805,0.4389171
1457,191,40,0,0,0,-0.24555805,0.4389171
1458,283,40,0,0,0,-0.24555805,0.4389171
1459,37,46,0,0,0,-0.24555805,0.4389171
1460,39,46,0,0,0,-0.24555805,0.4389171
1461,44,46,0,0,0,-0.24555805,0.4389171
1462,56,46,0,0,0,-0.24555805,0.4389171
1463,62,46,0,0,0,-0.24555805,0.4389171
1464,63,46,0,0,0,-0.24555805,0.4389171
1465,87,46,0,0,0,-0.24555805,0.4389171
1466,130,46,0,0,0,-0.24555805,0.4389171
1467,138,46,0,0,0,-0.24555805,0.4389171
1468,158,46,0,0,0,-0.24555805,0.4389171
1469,171,46,0,0,0,-0.24555805,0.4389171
1470,180,46,0,0,0,-0.24555805,0.4389171
1471,182,46,0,0,0,-0.24555805,0.4389171
1472,187,46,0,0,0,-0.24555805,0.4389171
1473,199,46,0,0,0,-0.24555805,0.4389171
1474,242,46,0,0,0,-0.24555805,0.4389171
1475,252,46,0,0,0,-0.24555805,0.4389171
1476,258,46,0,0,0,-0.24555805,0.4389171
1477,266,46,0,0,0,-0.24555805,0.4389171
1478,277,46,0,0,0,-0.24555805,0.4389171
1479,45,47,0,0,0,-0.24555805,0.4389171
1480,87,47,0,0,0,-0.24555805,0.4389171
1481,117,47,0,0,0,-0.24555805,0.4389171
1482,138,47,0,0,0,-0.24555805,0.4389171
1483,162,47,0,0,0,-0.24555805,0.4389171
1484,169,47,0,0,0,-0.24555805,0.4389171
1485,181,47,0,0,0,-0.24555805,0.4389171
1486,227,47,0,0,0,-0.24555805,0.4389171
1487,263,47,0,0,0,-0.24555805,0.4389171
1488,270,47,0,0,0,-0.24555805,0.4389171
1489,66,48,0,0,0,-0.24555805,0.4389171
1490,80,48,0,0,0,-0.24555805,0.4389171
1491,91,48,0,0,0,-0.24555805,0.4389171
1492,102,48,0,0,0,-0.24555805,0.4389171
1493,110,48,0,0,0,-0.24555805,0.4389171
1494,114,48,0,0,0,-0.24555805,0.4389171
1495,140,48,0,0,0,-0.24555805,0.4389171
1496,163,48,0,0,0,-0.24555805,0.4389171
1497,168,48,0,0,0,-0.24555805,0.4389171
1498,172,48,0,0,0,-0.24555805,0.4389171
1499,181,48,0,0,0,-0.24555805,0.4389171
1500,182,48,0,0,0,-0.24555805,0.4389171
1501,199,48,0,0,0,-0.24555805,0.4389171
1502,211,48,0,0,0,-0.24555805,0.4389171
1503,214,48,0,0,0,-0.24555805,0.4389171
1504,227,48,0,0,0,-0.24555805,0.4389171
1505,233,48,0,0,0,-0.24555805,0.4389171
1506,246,48,0,0,0,-0.24555805,0.4389171
1507,263,48,0,0,0,-0.24555805,0.4389171
1508,60,49,0,0,0,-0.24555805,0.4389171
1509,74,49,0,0,0,-0.24555805,0.4389171
1510,137,49,0,0,0,-0.24555805,0.4389171
1511,139,49,0,0,0,-0.24555805,0.4389171
1512,140,49,0,0,0,-0.24555805,0.4389171
1513,166,49,0,0,0,-0.24555805,0.4389171
1514,171,49,0,0,0,-0.24555805,0.4389171
1515,233,49,0,0,0,-0.24555805,0.4389171
1516,290,49,0,0,0,-0.24555805,0.4389171
1517,11,50,0,0,0,-0.24555805,0.4389171
1518,49,50,0,0,0,-0.24555805,0.4389171
1519,64,50,0,0,0,-0.24555805,0.4389171
1520,74,50,0,0,0,-0.24555805,0.4389171
1521,109,50,0,0,0,-0.24555805,0.4389171
1522,121,50,0,0,0,-0.24555805,0.4389171
1523,140,50,0,0,0,-0.24555805,0.4389171
1524,153,50,0,0,0,-0.24555805,0.4389171
1525,171,50,0,0,0,-0.24555805,0.4389171
1526,172,50,0,0,0,-0.24555805,0.4389171
1527,175,50,0,0,0,-0.24555805,0.4389171
1528,184,50,0,0,0,-0.24555805,0.4389171
1529,208,50,0,0,0,-0.24555805,0.4389171
1530,209,50,0,0,0,-0.24555805,0.4389171
1531,213,50,0,0,0,-0.24555805,0.4389171
1532,222,50,0,0,0,-0.24555805,0.4389171
1533,242,50,0,0,0,-0.24555805,0.4389171
1534,263,50,0,0,0,-0.24555805,0.4389171
1535,275,50,0,0,0,-0.24555805,0.4389171
1536,291,50,0,0,0,-0.24555805,0.4389171
1537,5,51,0,0,0,-0.24555805,0.4389171
1538,31,51,0,0,0,-0.24555805,0.4389171
1539,67,51,0,0,0,-0.24555805,0.4389171
1540,89,51,0,0,0,-0.24555805,0.4389171
1541,132,51,0,0,0,-0.24555805,0.4389171
1542,139,51,0,0,0,-0.24555805,0.4389171
1543,172,51,0,0,0,-0.24555805,0.4389171
1544,183,51,0,0,0,-0.24555805,0.4389171
1545,208,51,0,0,0,-0.24555805,0.4389171
1546,6,52,0,0,0,-0.24555805,0.4389171
1547,19,52,0,0,0,-0.24555805,0.4389171
1548,62,52,0,0,0,-0.24555805,0.4389171
1549,114,52,0,0,0,-0.24555805,0.4389171
1550,174,52,0,0,0,-0.24555805,0.4389171
1551,176,52,0,0,0,-0.24555805,0.4389171
1552,216,52,0,0,0,-0.24555805,0.4389171
1553,252,52,0,0,0,-0.24555805,0.4389171
1554,256,52,0,0,0,-0.24555805,0.4389171
1555,9,53,0,0,0,-0.24555805,0.4389171
1556,41,53,0,0,0,-0.24555805,0.4389171
1557,109,53,0,0,0,-0.24555805,0.4389171
1558,140,53,0,0,0,-0.24555805,0.4389171
1559,144,53,0,0,0,-0.24555805,0.4389171
1560,170,53,0,0,0,-0.24555805,0.4389171
1561,192,53,0,0,0,-0.24555805,0.4389171
1562,242,53,0,0,0,-0.24555805,0.4389171
1563,274,53,0,0,0,-0.24555805,0.4389171
1564,282,53,0,0,0,-0.24555805,0.4389171
1565,5,54,0,0,0,-0.24555805,0.4389171
1566,48,54,0,0,0,-0.24555805,0.4389171
1567,79,54,0,0,0,-0.24555805,0.4389171
1568,97,54,0,0,0,-0.24555805,0.4389171
1569,106,54,0,0,0,-0.24555805,0.4389171
1570,113,54,0,0,0,-0.24555805,0.4389171
1571,170,54,0,0,0,-0.24555805,0.4389171
1572,244,54,0,0,0,-0.24555805,0.4389171
1573,285,54,0,0,0,-0.24555805,0.4389171
1574,14,55,0,0,0,-0.24555805,0.4389171
1575,43,55,0,0,0,-0.24555805,0.4389171
1576,55,55,0,0,0,-0.24555805,0.4389171
1577,68,55,0,0,0,-0.24555805,0.4389171
1578,87,55,0,0,0,-0.24555805,0.4389171
1579,140,55,0,0,0,-0.24555805,0.4389171
1580,160,55,0,0,0,-0.24555805,0.4389171
1581,216,55,0,0,0,-0.24555805,0.4389171
1582,277,55,0,0,0,-0.24555805,0.4389171
1583,22,56,0,0,0,-0.24555805,0.4389171
1584,94,56,0,0,0,-0.24555805,0.4389171
1585,119,56,0,0,0,-0.24555805,0.4389171
1586,176,56,0,0,0,-0.24555805,0.4389171
1587,177,56,0,0,0,-0.24555805,0.4389171
1588,179,56,0,0,0,-0.24555805,0.4389171
1589,191,56,0,0,0,-0.24555805,0.4389171
1590,217,56,0,0,0,-0.24555805,0.4389171
1591,248,56,0,0,0,-0.24555805,0.4389171
1592,272,56,0,0,0,-0.24555805,0.4389171
1593,11,58,0,0,0,-0.24555805,0.4389171
1594,18,58,0,0,0,-0.24555805,0.4389171
1595,64,58,0,0,0,-0.24555805,0.4389171
1596,68,58,0,0,0,-0.24555805,0.4389171
1597,130,58,0,0,0,-0.24555805,0.4389171
1598,132,58,0,0,0,-0.24555805,0.4389171
1599,164,58,0,0,0,-0.24555805,0.4389171
1600,169,58,0,0,0,-0.24555805,0.4389171
1601,254,58,0,0,0,-0.24555805,0.4389171
1602,259,58,0,0,0,-0.24555805,0.4389171
1603,103,59,0,0,0,-0.24555805,0.4389171
1604,132,59,0,0,0,-0.24555805,0.4389171
1605,143,59,0,0,0,-0.24555805,0.4389171
1606,190,59,0,0,0,-0.24555805,0.4389171
1607,191,59,0,0,0,-0.24555805,0.4389171
1608,208,59,0,0,0,-0.24555805,0.4389171
1609,246,59,0,0,0,-0.24555805,0.4389171
1610,255,59,0,0,0,-0.24555805,0.4389171
1611,273,59,0,0,0,-0.24555805,0.4389171
1612,7,60,0,0,0,-0.24555805,0.4389171
1613,27,60,0,0,0,-0.24555805,0.4389171
1614,32,60,0,0,0,-0.24555805,0.4389171
1615,33,60,0,0,0,-0.24555805,0.4389171
1616,34,60,0,0,0,-0.24555805,0.4389171
1617,39,60,0,0,0,-0.24555805,0.4389171
1618,46,60,0,0,0,-0.24555805,0.4389171
1619,53,60,0,0,0,-0.24555805,0.4389171
1620,54,60,0,0,0,-0.24555805,0.4389171
1621,61,60,0,0,0,-0.24555805,0.4389171
1622,69,60,0,0,0,-0.24555805,0.4389171
1623,83,60,0,0,0,-0.24555805,0.4389171
1624,89,60,0,0,0,-0.24555805,0.4389171
1625,92,60,0,0,0,-0.24555805,0.4389171
1626,93,60,0,0,0,-0.24555805,0.4389171
1627,102,60,0,0,0,-0.24555805,0.4389171
1628,111,60,0,0,0,-0.24555805,0.4389171
1629,113,60,0,0,0,-0.24555805,0.4389171
1630,120,60,0,0,0,-0.24555805,0.4389171
1631,127,60,0,0,0,-0.24555805,0.4389171
1632,133,60,0,0,0,-0.24555805,0.4389171
1633,134,60,0,0,0,-0.24555805,0.4389171
1634,137,60,0,0,0,-0.24555805,0.4389171
1635,139,60,0,0,0,-0.24555805,0.4389171
1636,141,60,0,0,0,-0.24555805,0.4389171
1637,147,60,0,0,0,-0.24555805,0.4389171
1638,158,60,0,0,0,-0.24555805,0.4389171
1639,161,60,0,0,0,-0.24555805,0.4389171
1640,163,60,0,0,0,-0.24555805,0.4389171
1641,168,60,0,0,0,-0.24555805,0.4389171
1642,172,60,0,0,0,-0.24555805,0.4389171
1643,179,60,0,0,0,-0.24555805,0.4389171
1644,189,60,0,0,0,-0.24555805,0.4389171
1645,190,60,0,0,0,-0.24555805,0.4389171
1646,191,60,0,0,0,-0.24555805,0.4389171
1647,203,60,0,0,0,-0.24555805,0.4389171
1648,205,60,0,0,0,-0.24555805,0.4389171
1649,209,60,0,0,0,-0.24555805,0.4389171
1650,217,60,0,0,0,-0.24555805,0.4389171
1651,224,60,0,0,0,-0.24555805,0.4389171
1652,229,60,0,0,0,-0.24555805,0.4389171
1653,231,60,0,0,0,-0.24555805,0.4389171
1654,234,60,0,0,0,-0.24555805,0.4389171
1655,249,60,0,0,0,-0.24555805,0.4389171
1656,258,60,0,0,0,-0.24555805,0.4389171
1657,262,60,0,0,0,-0.24555805,0.4389171
1658,265,60,0,0,0,-0.24555805,0.4389171
1659,266,60,0,0,0,-0.24555805,0.4389171
1660,271,60,0,0,0,-0.24555805,0.4389171
1661,273,60,0,0,0,-0.24555805,0.4389171
1662,276,60,0,0,0,-0.24555805,0.4389171
1663,278,60,0,0,0,-0.24555805,0.4389171
1664,280,60,0,0,0,-0.24555805,0.4389171
1665,281,60,0,0,0,-0.24555805,0.4389171
1666,286,60,0,0,0,-0.24555805,0.4389171
1667,291,60,0,0,0,-0.24555805,0.4389171
1668,17,61,0,0,0,-0.24555805,0.4389171
1669,31,61,0,0,0,-0.24555805,0.4389171
1670,67,61,0,0,0,-0.24555805,0.4389171
1671,73,61,0,0,0,-0.24555805,0.4389171
1672,77,61,0,0,0,-0.24555805,0.4389171
1673,78,61,0,0,0,-0.24555805,0.4389171
1674,97,61,0,0,0,-0.24555805,0.4389171
1675,145,61,0,0,0,-0.24555805,0.4389171
1676,155,61,0,0,0,-0.24555805,0.4389171
1677,3,75,0,0,0,-0.24555805,0.4389171
1678,14,75,0,0,0,-0.24555805,0.4389171
1679,20,75,0,0,0,-0.24555805,0.4389171
1680,27,75,0,0,0,-0.24555805,0.4389171
1681,29,75,0,0,0,-0.24555805,0.4389171
1682,47,75,0,0,0,-0.24555805,0.4389171
1683,48,75,0,0,0,-0.24555805,0.4389171
1684,66,75,0,0,0,-0.24555805,0.4389171
1685,72,75,0,0,0,-0.24555805,0.4389171
1686,75,75,0,0,0,-0.24555805,0.4389171
1687,80,75,0,0,0,-0.24555805,0.4389171
1688,81,75,0,0,0,-0.24555805,0.4389171
1689,85,75,0,0,0,-0.24555805,0.4389171
1690,88,75,0,0,0,-0.24555805,0.4389171
1691,93,75,0,0,0,-0.24555805,0.4389171
1692,98,75,0,0,0,-0.24555805,0.4389171
1693,100,75,0,0,0,-0.24555805,0.4389171
1694,117,75,0,0,0,-0.24555805,0.4389171
1695,136,75,0,0,0,-0.24555805,0.4389171
1696,141,75,0,0,0,-0.24555805,0.4389171
1697,158,75,0,0,0,-0.24555805,0.4389171
1698,171,75,0,0,0,-0.24555805,0.4389171
1699,174,75,0,0,0,-0.24555805,0.4389171
1700,186,75,0,0,0,-0.24555805,0.4389171
1701,188,75,0,0,0,-0.24555805,0.4389171
1702,192,75,0,0,0,-0.24555805,0.4389171
1703,215,75,0,0,0,-0.24555805,0.4389171
1704,218,75,0,0,0,-0.24555805,0.4389171
1705,245,75,0,0,0,-0.24555805,0.4389171
1706,249,75,0,0,0,-0.24555805,0.4389171
1707,253,75,0,0,0,-0.24555805,0.4389171
1708,263,75,0,0,0,-0.24555805,0.4389171
1709,271,75,0,0,0,-0.24555805,0.4389171
1710,274,75,0,0,0,-0.24555805,0.4389171
1711,277,75,0,0,0,-0.24555805,0.4389171
1712,290,75,0,0,0,-0.24555805,0.4389171
1713,291,75,0,0,0,-0.24555805,0.4389171
1714,46,76,0,0,0,-0.24555805,0.4389171
1715,87,76,0,0,0,-0.24555805,0.4389171
1716,103,76,0,0,0,-0.24555805,0.4389171
1717,110,76,0,0,0,-0.24555805,0.4389171
1718,117,76,0,0,0,-0.24555805,0.4389171
1719,125,76,0,0,0,-0.24555805,0.4389171
1720,221,76,0,0,0,-0.24555805,0.4389171
1721,227,76,0,0,0,-0.24555805,0.4389171
1722,263,76,0,0,0,-0.24555805,0.4389171
1723,81,77,0,0,0,-0.24555805,0.4389171
1724,109,77,0,0,0,-0.24555805,0.4389171
1725,161,77,0,0,0,-0.24555805,0.4389171
1726,188,77,0,0,0,-0.24555805,0.4389171
1727,193,77,0,0,0,-0.24555805,0.4389171
1728,208,77,0,0,0,-0.24555805,0.4389171
1729,221,77,0,0,0,-0.24555805,0.4389171
1730,231,77,0,0,0,-0.24555805,0.4389171
1731,243,77,0,0,0,-0.24555805,0.4389171
1732,285,77,0,0,0,-0.24555805,0.4389171
1733,41,78,0,0,0,-0.24555805,0.4389171
1734,47,78,0,0,0,-0.24555805,0.4389171
1735,59,78,0,0,0,-0.24555805,0.4389171
1736,60,78,0,0,0,-0.24555805,0.4389171
1737,81,78,0,0,0,-0.24555805,0.4389171
1738,102,78,0,0,0,-0.24555805,0.4389171
1739,110,78,0,0,0,-0.24555805,0.4389171
1740,184,78,0,0,0,-0.24555805,0.4389171
1741,255,78,0,0,0,-0.24555805,0.4389171
1742,15,79,0,0,0,-0.24555805,0.4389171
1743,74,79,0,0,0,-0.24555805,0.4389171
1744,88,79,0,0,0,-0.24555805,0.4389171
1745,97,79,0,0,0,-0.24555805,0.4389171
1746,105,79,0,0,0,-0.24555805,0.4389171
1747,139,79,0,0,0,-0.24555805,0.4389171
1748,157,79,0,0,0,-0.24555805,0.4389171
1749,225,79,0,0,0,-0.24555805,0.4389171
1750,227,79,0,0,0,-0.24555805,0.4389171
1751,291,79,0,0,0,-0.24555805,0.4389171
1752,4,80,0,0,0,-0.24555805,0.4389171
1753,24,80,0,0,0,-0.24555805,0.4389171
1754,55,80,0,0,0,-0.24555805,0.4389171
1755,70,80,0,0,0,-0.24555805,0.4389171
1756,73,80,0,0,0,-0.24555805,0.4389171
1757,115,80,0,0,0,-0.24555805,0.4389171
1758,143,80,0,0,0,-0.24555805,0.4389171
1759,151,80,0,0,0,-0.24555805,0.4389171
1760,171,80,0,0,0,-0.24555805,0.4389171
1761,185,80,0,0,0,-0.24555805,0.4389171
1762,187,80,0,0,0,-0.24555805,0.4389171
1763,190,80,0,0,0,-0.24555805,0.4389171
1764,197,80,0,0,0,-0.24555805,0.4389171
1765,208,80,0,0,0,-0.24555805,0.4389171
1766,242,80,0,0,0,-0.24555805,0.4389171
1767,244,80,0,0,0,-0.24555805,0.4389171
1768,254,80,0,0,0,-0.24555805,0.4389171
1769,259,80,0,0,0,-0.24555805,0.4389171
1770,278,80,0,0,0,-0.24555805,0.4389171
1771,41,81,0,0,0,-0.24555805,0.4389171
1772,51,81,0,0,0,-0.24555805,0.4389171
1773,133,81,0,0,0,-0.24555805,0.4389171
1774,180,81,0,0,0,-0.24555805,0.4389171
1775,244,81,0,0,0,-0.24555805,0.4389171
1776,247,81,0,0,0,-0.24555805,0.4389171
1777,280,81,0,0,0,-0.24555805,0.4389171
1778,282,81,0,0,0,-0.24555805,0.4389171
1779,290,81,0,0,0,-0.24555805,0.4389171
1780,20,82,0,0,0,-0.24555805,0.4389171
1781,22,82,0,0,0,-0.24555805,0.4389171
1782,36,82,0,0,0,-0.24555805,0.4389171
1783,42,82,0,0,0,-0.24555805,0.4389171
1784,56,82,0,0,0,-0.24555805,0.4389171
1785,144,82,0,0,0,-0.24555805,0.4389171
1786,154,82,0,0,0,-0.24555805,0.4389171
1787,239,82,0,0,0,-0.24555805,0.4389171
1788,249,82,0,0,0,-0.24555805,0.4389171
1789,281,82,0,0,0,-0.24555805,0.4389171
1790,11,83,0,0,0,-0.24555805,0.4389171
1791,13,83,0,0,0,-0.24555805,0.4389171
1792,68,83,0,0,0,-0.24555805,0.4389171
1793,78,83,0,0,0,-0.24555805,0.4389171
1794,165,83,0,0,0,-0.24555805,0.4389171
1795,200,83,0,0,0,-0.24555805,0.4389171
1796,241,83,0,0,0,-0.24555805,0.4389171
1797,254,83,0,0,0,-0.24555805,0.4389171
1798,287,83,0,0,0,-0.24555805,0.4389171
1799,9,84,0,0,0,-0.24555805,0.4389171
1800,23,84,0,0,0,-0.24555805,0.4389171
1801,36,84,0,0,0,-0.24555805,0.4389171
1802,47,84,0,0,0,-0.24555805,0.4389171
1803,53,84,0,0,0,-0.24555805,0.4389171
1804,86,84,0,0,0,-0.24555805,0.4389171
1805,132,84,0,0,0,-0.24555805,0.4389171
1806,204,84,0,0,0,-0.24555805,0.4389171
1807,284,84,0,0,0,-0.24555805,0.4389171
1808,62,86,0,0,0,-0.24555805,0.4389171
1809,79,86,0,0,0,-0.24555805,0.4389171
1810,125,86,0,0,0,-0.24555805,0.4389171
1811,160,86,0,0,0,-0.24555805,0.4389171
1812,167,86,0,0,0,-0.24555805,0.4389171
1813,174,86,0,0,0,-0.24555805,0.4389171
1814,211,86,0,0,0,-0.24555805,0.4389171
1815,247,86,0,0,0,-0.24555805,0.4389171
1816,249,86,0,0,0,-0.24555805,0.4389171
1817,277,86,0,0,0,-0.24555805,0.4389171
1818,21,93,0,0,0,-0.24555805,0.4389171
1819,123,93,0,0,0,-0.24555805,0.4389171
1820,125,93,0,0,0,-0.24555805,0.4389171
1821,129,93,0,0,0,-0.24555805,0.4389171
1822,162,93,0,0,0,-0.24555805,0.4389171
1823,208,93,0,0,0,-0.24555805,0.4389171
1824,218,93,0,0,0,-0.24555805,0.4389171
1825,259,93,0,0,0,-0.24555805,0.4389171
1826,274,93,0,0,0,-0.24555805,0.4389171
1827,8,94,0,0,0,-0.24555805,0.4389171
1828,59,94,0,0,0,-0.24555805,0.4389171
1829,96,94,0,0,0,-0.24555805,0.4389171
1830,98,94,0,0,0,-0.24555805,0.4389171
1831,198,94,0,0,0,-0.24555805,0.4389171
1832,227,94,0,0,0,-0.24555805,0.4389171
1833,230,94,0,0,0,-0.24555805,0.4389171
1834,246,94,0,0,0,-0.24555805,0.4389171
1835,252,94,0,0,0,-0.24555805,0.4389171
1836,256,94,0,0,0,-0.24555805,0.4389171
1837,282,94,0,0,0,-0.24555805,0.4389171
1838,13,98,0,0,0,-0.24555805,0.4389171
1839,17,98,0,0,0,-0.24555805,0.4389171
1840,39,98,0,0,0,-0.24555805,0.4389171
1841,63,98,0,0,0,-0.24555805,0.4389171
1842,72,98,0,0,0,-0.24555805,0.4389171
1843,86,98,0,0,0,-0.24555805,0.4389171
1844,113,98,0,0,0,-0.24555805,0.4389171
1845,125,98,0,0,0,-0.24555805,0.4389171
1846,139,98,0,0,0,-0.24555805,0.4389171
1847,153,98,0,0,0,-0.24555805,0.4389171
1848,163,98,0,0,0,-0.24555805,0.4389171
1849,183,98,0,0,0,-0.24555805,0.4389171
1850,191,98,0,0,0,-0.24555805,0.4389171
1851,199,98,0,0,0,-0.24555805,0.4389171
1852,227,98,0,0,0,-0.24555805,0.4389171
1853,246,98,0,0,0,-0.24555805,0.4389171
1854,265,98,0,0,0,-0.24555805,0.4389171
1855,278,98,0,0,0,-0.24555805,0.4389171
1856,283,98,0,0,0,-0.24555805,0.4389171
1857,2,99,0,0,0,-0.24555805,0.4389171
1858,26,99,0,0,0,-0.24555805,0.4389171
1859,43,99,0,0,0,-0.24555805,0.4389171
1860,54,99,0,0,0,-0.24555805,0.4389171
1861,56,99,0,0,0,-0.24555805,0.4389171
1862,85,99,0,0,0,-0.24555805,0.4389171
1863,86,99,0,0,0,-0.24555805,0.4389171
1864,87,99,0,0,0,-0.24555805,0.4389171
1865,102,99,0,0,0,-0.24555805,0.4389171
1866,127,99,0,0,0,-0.24555805,0.4389171
1867,133,99,0,0,0,-0.24555805,0.4389171
1868,137,99,0,0,0,-0.24555805,0.4389171
1869,139,99,0,0,0,-0.24555805,0.4389171
1870,194,99,0,0,0,-0.24555805,0.4389171
1871,209,99,0,0,0,-0.24555805,0.4389171
1872,211,99,0,0,0,-0.24555805,0.4389171
1873,216,99,0,0,0,-0.24555805,0.4389171
1874,242,99,0,0,0,-0.24555805,0.4389171
1875,280,99,0,0,0,-0.24555805,0.4389171
1876,17,102,0,0,0,-0.24555805,0.4389171
1877,18,102,0,0,0,-0.24555805,0.4389171
1878,59,102,0,0,0,-0.24555805,0.4389171
1879,98,102,0,0,0,-0.24555805,0.4389171
1880,102,102,0,0,0,-0.24555805,0.4389171
1881,112,102,0,0,0,-0.24555805,0.4389171
1882,185,102,0,0,0,-0.24555805,0.4389171
1883,234,102,0,0,0,-0.24555805,0.4389171
1884,235,102,0,0,0,-0.24555805,0.4389171
1885,247,102,0,0,0,-0.24555805,0.4389171
1886,274,102,0,0,0,-0.24555805,0.4389171
1887,3,103,0,0,0,-0.24555805,0.4389171
1888,24,103,0,0,0,-0.24555805,0.4389171
1889,33,103,0,0,0,-0.24555805,0.4389171
1890,46,103,0,0,0,-0.24555805,0.4389171
1891,86,103,0,0,0,-0.24555805,0.4389171
1892,105,103,0,0,0,-0.24555805,0.4389171
1893,145,103,0,0,0,-0.24555805,0.4389171
1894,152,103,0,0,0,-0.24555805,0.4389171
1895,255,103,0,0,0,-0.24555805,0.4389171
1896,22,104,0,0,0,-0.24555805,0.4389171
1897,36,104,0,0,0,-0.24555805,0.4389171
1898,85,104,0,0,0,-0.24555805,0.4389171
1899,135,104,0,0,0,-0.24555805,0.4389171
1900,149,104,0,0,0,-0.24555805,0.4389171
1901,249,104,0,0,0,-0.24555805,0.4389171
1902,275,104,0,0,0,-0.24555805,0.4389171
1903,290,104,0,0,0,-0.24555805,0.4389171
1904,291,104,0,0,0,-0.24555805,0.4389171
1905,27,105,0,0,0,-0.24555805,0.4389171
1906,117,105,0,0,0,-0.24555805,0.4389171
1907,122,105,0,0,0,-0.24555805,0.4389171
1908,183,105,0,0,0,-0.24555805,0.4389171
1909,205,105,0,0,0,-0.24555805,0.4389171
1910,263,105,0,0,0,-0.24555805,0.4389171
1911,285,105,0,0,0,-0.24555805,0.4389171
1912,287,105,0,0,0,-0.24555805,0.4389171
1913,288,105,0,0,0,-0.24555805,0.4389171
1914,7,106,0,0,0,-0.24555805,0.4389171
1915,16,106,0,0,0,-0.24555805,0.4389171
1916,44,106,0,0,0,-0.24555805,0.4389171
1917,45,106,0,0,0,-0.24555805,0.4389171
1918,125,106,0,0,0,-0.24555805,0.4389171
1919,200,106,0,0,0,-0.24555805,0.4389171
1920,215,106,0,0,0,-0.24555805,0.4389171
1921,231,106,0,0,0,-0.24555805,0.4389171
1922,245,106,0,0,0,-0.24555805,0.4389171
1923,84,107,0,0,0,-0.24555805,0.4389171
1924,87,107,0,0,0,-0.24555805,0.4389171
1925,91,107,0,0,0,-0.24555805,0.4389171
1926,103,107,0,0,0,-0.24555805,0.4389171
1927,122,107,0,0,0,-0.24555805,0.4389171
1928,145,107,0,0,0,-0.24555805,0.4389171
1929,175,107,0,0,0,-0.24555805,0.4389171
1930,208,107,0,0,0,-0.24555805,0.4389171
1931,268,107,0,0,0,-0.24555805,0.4389171
1932,9,108,0,0,0,-0.24555805,0.4389171
1933,38,108,0,0,0,-0.24555805,0.4389171
1934,47,108,0,0,0,-0.24555805,0.4389171
1935,66,108,0,0,0,-0.24555805,0.4389171
1936,86,108,0,0,0,-0.24555805,0.4389171
1937,125,108,0,0,0,-0.24555805,0.4389171
1938,179,108,0,0,0,-0.24555805,0.4389171
1939,247,108,0,0,0,-0.24555805,0.4389171
1940,275,108,0,0,0,-0.24555805,0.4389171
1941,0,109,0,0,0,-0.24555805,0.4389171
1942,59,109,0,0,0,-0.24555805,0.4389171
1943,71,109,0,0,0,-0.24555805,0.4389171
1944,76,109,0,0,0,-0.24555805,0.4389171
1945,89,109,0,0,0,-0.24555805,0.4389171
1946,168,109,0,0,0,-0.24555805,0.4389171
1947,180,109,0,0,0,-0.24555805,0.4389171
1948,197,109,0,0,0,-0.24555805,0.4389171
1949,251,109,0,0,0,-0.24555805,0.4389171
1950,263,109,0,0,0,-0.24555805,0.4389171
1951,10,113,0,0,0,-0.24555805,0.4389171
1952,42,113,0,0,0,-0.24555805,0.4389171
1953,45,113,0,0,0,-0.24555805,0.4389171
1954,132,113,0,0,0,-0.24555805,0.4389171
1955,176,113,0,0,0,-0.24555805,0.4389171
1956,185,113,0,0,0,-0.24555805,0.4389171
1957,218,113,0,0,0,-0.24555805,0.4389171
1958,264,113,0,0,0,-0.24555805,0.4389171
1959,273,113,0,0,0,-0.24555805,0.4389171
1960,5,115,0,0,0,-0.24555805,0.4389171
1961,59,115,0,0,0,-0.24555805,0.4389171
1962,92,115,0,0,0,-0.24555805,0.4389171
1963,94,115,0,0,0,-0.24555805,0.4389171
1964,123,115,0,0,0,-0.24555805,0.4389171
1965,127,115,0,0,0,-0.24555805,0.4389171
1966,158,115,0,0,0,-0.24555805,0.4389171
1967,160,115,0,0,0,-0.24555805,0.4389171
1968,196,115,0,0,0,-0.24555805,0.4389171
1969,283,115,0,0,0,-0.24555805,0.4389171
1970,14,117,0,0,0,-0.24555805,0.4389171
1971,49,117,0,0,0,-0.24555805,0.4389171
1972,79,117,0,0,0,-0.24555805,0.4389171
1973,82,117,0,0,0,-0.24555805,0.4389171
1974,90,117,0,0,0,-0.24555805,0.4389171
1975,126,117,0,0,0,-0.24555805,0.4389171
1976,178,117,0,0,0,-0.24555805,0.4389171
1977,242,117,0,0,0,-0.24555805,0.4389171
1978,249,117,0,0,0,-0.24555805,0.4389171
1979,267,117,0,0,0,-0.24555805,0.4389171
1980,2,119,0,0,0,-0.24555805,0.4389171
1981,34,119,0,0,0,-0.24555805,0.4389171
1982,57,119,0,0,0,-0.24555805,0.4389171
1983,65,119,0,0,0,-0.24555805,0.4389171
1984,76,119,0,0,0,-0.24555805,0.4389171
1985,162,119,0,0,0,-0.24555805,0.4389171
1986,212,119,0,0,0,-0.24555805,0.4389171
1987,253,119,0,0,0,-0.24555805,0.4389171
1988,281,119,0,0,0,-0.24555805,0.4389171
1989,3,120,0,0,0,-0.24555805,0.4389171
1990,11,120,0,0,0,-0.24555805,0.4389171
1991,16,120,0,0,0,-0.24555805,0.4389171
1992,35,120,0,0,0,-0.24555805,0.4389171
1993,50,120,0,0,0,-0.24555805,0.4389171
1994,53,120,0,0,0,-0.24555805,0.4389171
1995,63,120,0,0,0,-0.24555805,0.4389171
1996,79,120,0,0,0,-0.24555805,0.4389171
1997,88,120,0,0,0,-0.24555805,0.4389171
1998,107,120,0,0,0,-0.24555805,0.4389171
1999,112,120,0,0,0,-0.24555805,0.4389171
2000,119,120,0,0,0,-0.24555805,0.4389171
2001,132,120,0,0,0,-0.24555805,0.4389171
2002,133,120,0,0,0,-0.24555805,0.4389171
2003,144,120,0,0,0,-0.24555805,0.4389171
2004,154,120,0,0,0,-0.24555805,0.4389171
2005,155,120,0,0,0,-0.24555805,0.4389171
2006,156,120,0,0,0,-0.24555805,0.4389171
2007,164,120,0,0,0,-0.24555805,0.4389171
2008,170,120,0,0,0,-0.24555805,0.4389171
2009,199,120,0,0,0,-0.24555805,0.4389171
2010,201,120,0,0,0,-0.24555805,0.4389171
2011,212,120,0,0,0,-0.24555805,0.4389171
2012,216,120,0,0,0,-0.24555805,0.4389171
2013,232,120,0,0,0,-0.24555805,0.4389171
2014,235,120,0,0,0,-0.24555805,0.4389171
2015,236,120,0,0,0,-0.24555805,0.4389171
2016,251,120,0,0,0,-0.24555805,0.4389171
2017,51,124,0,0,0,-0.24555805,0.4389171
2018,65,124,0,0,0,-0.24555805,0.4389171
2019,85,124,0,0,0,-0.24555805,0.4389171
2020,86,124,0,0,0,-0.24555805,0.4389171
2021,108,124,0,0,0,-0.24555805,0.4389171
2022,117,124,0,0,0,-0.24555805,0.4389171
2023,119,124,0,0,0,-0.24555805,0.4389171
2024,126,124,0,0,0,-0.24555805,0.4389171
2025,137,124,0,0,0,-0.24555805,0.4389171
2026,158,124,0,0,0,-0.24555805,0.4389171
2027,169,124,0,0,0,-0.24555805,0.4389171
2028,174,124,0,0,0,-0.24555805,0.4389171
2029,180,124,0,0,0,-0.24555805,0.4389171
2030,196,124,0,0,0,-0.24555805,0.4389171
2031,200,124,0,0,0,-0.24555805,0.4389171
2032,206,124,0,0,0,-0.24555805,0.4389171
2033,239,124,0,0,0,-0.24555805,0.4389171
2034,285,124,0,0,0,-0.24555805,0.4389171
2035,286,124,0,0,0,-0.24555805,0.4389171
2036,289,124,0,0,0,-0.24555805,0.4389171
2037,37,125,0,0,0,-0.24555805,0.4389171
2038,47,125,0,0,0,-0.24555805,0.4389171
2039,56,125,0,0,0,-0.24555805,0.4389171
2040,61,125,0,0,0,-0.24555805,0.4389171
2041,70,125,0,0,0,-0.24555805,0.4389171
2042,78,125,0,0,0,-0.24555805,0.4389171
2043,89,125,0,0,0,-0.24555805,0.4389171
2044,102,125,0,0,0,-0.24555805,0.4389171
2045,115,125,0,0,0,-0.24555805,0.4389171
2046,118,125,0,0,0,-0.24555805,0.4389171
2047,133,125,0,0,0,-0.24555805,0.4389171
2048,135,125,0,0,0,-0.24555805,0.4389171
2049,159,125,0,0,0,-0.24555805,0.4389171
2050,178,125,0,0,0,-0.24555805,0.4389171
2051,182,125,0,0,0,-0.24555805,0.4389171
2052,204,125,0,0,0,-0.24555805,0.4389171
2053,246,125,0,0,0,-0.24555805,0.4389171
2054,287,125,0,0,0,-0.24555805,0.4389171
2055,290,125,0,0,0,-0.24555805,0.4389171
2056,19,133,0,0,0,-0.24555805,0.4389171
2057,64,133,0,0,0,-0.24555805,0.4389171
2058,86,133,0,0,0,-0.24555805,0.4389171
2059,89,133,0,0,0,-0.24555805,0.4389171
2060,101,133,0,0,0,-0.24555805,0.4389171
2061,147,133,0,0,0,-0.24555805,0.4389171
2062,155,133,0,0,0,-0.24555805,0.4389171
2063,156,133,0,0,0,-0.24555805,0.4389171
2064,225,133,0,0,0,-0.24555805,0.4389171
2065,270,133,0,0,0,-0.24555805,0.4389171
2066,6,134,0,0,0,-0.24555805,0.4389171
2067,14,134,0,0,0,-0.24555805,0.4389171
2068,18,134,0,0,0,-0.24555805,0.4389171
2069,30,134,0,0,0,-0.24555805,0.4389171
2070,113,134,0,0,0,-0.24555805,0.4389171
2071,116,134,0,0,0,-0.24555805,0.4389171
2072,125,134,0,0,0,-0.24555805,0.4389171
2073,150,134,0,0,0,-0.24555805,0.4389171
2074,156,134,0,0,0,-0.24555805,0.4389171
2075,161,134,0,0,0,-0.24555805,0.4389171
2076,176,134,0,0,0,-0.24555805,0.4389171
2077,183,134,0,0,0,-0.24555805,0.4389171
2078,186,134,0,0,0,-0.24555805,0.4389171
2079,190,134,0,0,0,-0.24555805,0.4389171
2080,196,134,0,0,0,-0.24555805,0.4389171
2081,197,134,0,0,0,-0.24555805,0.4389171
2082,203,134,0,0,0,-0.24555805,0.4389171
2083,204,134,0,0,0,-0.24555805,0.4389171
2084,216,134,0,0,0,-0.24555805,0.4389171
2085,221,134,0,0,0,-0.24555805,0.4389171
2086,226,134,0,0,0,-0.24555805,0.4389171
2087,234,134,0,0,0,-0.24555805,0.4389171
2088,266,134,0,0,0,-0.24555805,0.4389171
2089,272,134,0,0,0,-0.24555805,0.4389171
2090,274,134,0,0,0,-0.24555805,0.4389171
2091,276,134,0,0,0,-0.24555805,0.4389171
2092,282,134,0,0,0,-0.24555805,0.4389171
2093,286,134,0,0,0,-0.24555805,0.4389171
2094,54,135,0,0,0,-0.24555805,0.4389171
2095,80,135,0,0,0,-0.24555805,0.4389171
2096,89,135,0,0,0,-0.24555805,0.4389171
2097,111,135,0,0,0,-0.24555805,0.4389171
2098,121,135,0,0,0,-0.24555805,0.4389171
2099,204,135,0,0,0,-0.24555805,0.4389171
2100,227,135,0,0,0,-0.24555805,0.4389171
2101,249,135,0,0,0,-0.24555805,0.4389171
2102,259,135,0,0,0,-0.24555805,0.4389171
2103,15,136,0,0,0,-0.24555805,0.4389171
2104,43,136,0,0,0,-0.24555805,0.4389171
2105,50,136,0,0,0,-0.24555805,0.4389171
2106,51,136,0,0,0,-0.24555805,0.4389171
2107,59,136,0,0,0,-0.24555805,0.4389171
2108,63,136,0,0,0,-0.24555805,0.4389171
2109,99,136,0,0,0,-0.24555805,0.4389171
2110,113,136,0,0,0,-0.24555805,0.4389171
2111,122,136,0,0,0,-0.24555805,0.4389171
2112,162,136,0,0,0,-0.24555805,0.4389171
2113,167,136,0,0,0,-0.24555805,0.4389171
2114,180,136,0,0,0,-0.24555805,0.4389171
2115,194,136,0,0,0,-0.24555805,0.4389171
2116,207,136,0,0,0,-0.24555805,0.4389171
2117,217,136,0,0,0,-0.24555805,0.4389171
2118,242,136,0,0,0,-0.24555805,0.4389171
2119,273,136,0,0,0,-0.24555805,0.4389171
2120,275,136,0,0,0,-0.24555805,0.4389171
2121,291,136,0,0,0,-0.24555805,0.4389171
2122,1,138,0,0,0,-0.24555805,0.4389171
2123,33,138,0,0,0,-0.24555805,0.4389171
2124,49,138,0,0,0,-0.24555805,0.4389171
2125,50,138,0,0,0,-0.24555805,0.4389171
2126,54,138,0,0,0,-0.24555805,0.4389171
2127,77,138,0,0,0,-0.24555805,0.4389171
2128,176,138,0,0,0,-0.24555805,0.4389171
2129,214,138,0,0,0,-0.24555805,0.4389171
2130,242,138,0,0,0,-0.24555805,0.4389171
2131,44,139,0,0,0,-0.24555805,0.4389171
2132,63,139,0,0,0,-0.24555805,0.4389171
2133,76,139,0,0,0,-0.24555805,0.4389171
2134,92,139,0,0,0,-0.24555805,0.4389171
2135,98,139,0,0,0,-0.24555805,0.4389171
2136,122,139,0,0,0,-0.24555805,0.4389171
2137,176,139,0,0,0,-0.24555805,0.4389171
2138,179,139,0,0,0,-0.24555805,0.4389171
2139,256,139,0,0,0,-0.24555805,0.4389171
2140,10,142,0,0,0,-0.24555805,0.4389171
2141,32,142,0,0,0,-0.24555805,0.4389171
2142,46,142,0,0,0,-0.24555805,0.4389171
2143,50,142,0,0,0,-0.24555805,0.4389171
2144,67,142,0,0,0,-0.24555805,0.4389171
2145,221,142,0,0,0,-0.24555805,0.4389171
2146,233,142,0,0,0,-0.24555805,0.4389171
2147,245,142,0,0,0,-0.24555805,0.4389171
2148,246,142,0,0,0,-0.24555805,0.4389171
2149,24,143,0,0,0,-0.24555805,0.4389171
2150,31,143,0,0,0,-0.24555805,0.4389171
2151,50,143,0,0,0,-0.24555805,0.4389171
2152,182,143,0,0,0,-0.24555805,0.4389171
2153,212,143,0,0,0,-0.24555805,0.4389171
2154,232,143,0,0,0,-0.24555805,0.4389171
2155,235,143,0,0,0,-0.24555805,0.4389171
2156,252,143,0,0,0,-0.24555805,0.4389171
2157,264,143,0,0,0,-0.24555805,0.4389171
2158,35,145,0,0,0,-0.24555805,0.4389171
2159,41,145,0,0,0,-0.24555805,0.4389171
2160,55,145,0,0,0,-0.24555805,0.4389171
2161,92,145,0,0,0,-0.24555805,0.4389171
2162,119,145,0,0,0,-0.24555805,0.4389171
2163,129,145,0,0,0,-0.24555805,0.4389171
2164,132,145,0,0,0,-0.24555805,0.4389171
2165,221,145,0,0,0,-0.24555805,0.4389171
2166,224,145,0,0,0,-0.24555805,0.4389171
2167,279,145,0,0,0,-0.24555805,0.4389171
2168,290,145,0,0,0,-0.24555805,0.4389171
2169,5,146,0,0,0,-0.24555805,0.4389171
2170,52,146,0,0,0,-0.24555805,0.4389171
2171,72,146,0,0,0,-0.24555805,0.4389171
2172,86,146,0,0,0,-0.24555805,0.4389171
2173,116,146,0,0,0,-0.24555805,0.4389171
2174,134,146,0,0,0,-0.24555805,0.4389171
2175,159,146,0,0,0,-0.24555805,0.4389171
2176,181,146,0,0,0,-0.24555805,0.4389171
2177,227,146,0,0,0,-0.24555805,0.4389171
2178,5,151,0,0,0,-0.24555805,0.4389171
2179,38,151,0,0,0,-0.24555805,0.4389171
2180,39,151,0,0,0,-0.24555805,0.4389171
2181,47,151,0,0,0,-0.24555805,0.4389171
2182,144,151,0,0,0,-0.24555805,0.4389171
2183,187,151,0,0,0,-0.24555805,0.4389171
2184,190,151,0,0,0,-0.24555805,0.4389171
2185,200,151,0,0,0,-0.24555805,0.4389171
2186,204,151,0,0,0,-0.24555805,0.4389171
2187,39,152,0,0,0,-0.24555805,0.4389171
2188,43,152,0,0,0,-0.24555805,0.4389171
2189,121,152,0,0,0,-0.24555805,0.4389171
2190,138,152,0,0,0,-0.24555805,0.4389171
2191,162,152,0,0,0,-0.24555805,0.4389171
2192,166,152,0,0,0,-0.24555805,0.4389171
2193,189,152,0,0,0,-0.24555805,0.4389171
2194,214,152,0,0,0,-0.24555805,0.4389171
2195,224,152,0,0,0,-0.24555805,0.4389171
2196,17,153,0,0,0,-0.24555805,0.4389171
2197,83,153,0,0,0,-0.24555805,0.4389171
2198,92,153,0,0,0,-0.24555805,0.4389171
2199,107,153,0,0,0,-0.24555805,0.4389171
2200,130,153,0,0,0,-0.24555805,0.4389171
2201,131,153,0,0,0,-0.24555805,0.4389171
2202,135,153,0,0,0,-0.24555805,0.4389171
2203,137,153,0,0,0,-0.24555805,0.4389171
2204,150,153,0,0,0,-0.24555805,0.4389171
2205,160,153,0,0,0,-0.24555805,0.4389171
2206,185,153,0,0,0,-0.24555805,0.4389171
2207,216,153,0,0,0,-0.24555805,0.4389171
2208,220,153,0,0,0,-0.24555805,0.4389171
2209,233,153,0,0,0,-0.24555805,0.4389171
2210,244,153,0,0,0,-0.24555805,0.4389171
2211,272,153,0,0,0,-0.24555805,0.4389171
2212,276,153,0,0,0,-0.24555805,0.4389171
2213,280,153,0,0,0,-0.24555805,0.4389171
2214,281,153,0,0,0,-0.24555805,0.4389171
2215,282,153,0,0,0,-0.24555805,0.4389171
2216,0,157,0,0,0,-0.24555805,0.4389171
2217,56,157,0,0,0,-0.24555805,0.4389171
2218,62,157,0,0,0,-0.24555805,0.4389171
2219,72,157,0,0,0,-0.24555805,0.4389171
2220,103,157,0,0,0,-0.24555805,0.4389171
2221,129,157,0,0,0,-0.24555805,0.4389171
2222,162,157,0,0,0,-0.24555805,0.4389171
2223,165,157,0,0,0,-0.24555805,0.4389171
2224,175,157,0,0,0,-0.24555805,0.4389171
2225,211,157,0,0,0,-0.24555805,0.4389171
2226,54,158,0,0,0,-0.24555805,0.4389171
2227,169,158,0,0,0,-0.24555805,0.4389171
2228,193,158,0,0,0,-0.24555805,0.4389171
2229,195,158,0,0,0,-0.24555805,0.4389171
2230,196,158,0,0,0,-0.24555805,0.4389171
2231,222,158,0,0,0,-0.24555805,0.4389171
2232,226,158,0,0,0,-0.24555805,0.4389171
2233,239,158,0,0,0,-0.24555805,0.4389171
2234,244,158,0,0,0,-0.24555805,0.4389171
2235,5,159,0,0,0,-0.24555805,0.4389171
2236,7,159,0,0,0,-0.24555805,0.4389171
2237,131,159,0,0,0,-0.24555805,0.4389171
2238,182,159,0,0,0,-0.24555805,0.4389171
2239,185,159,0,0,0,-0.24555805,0.4389171
2240,186,159,0,0,0,-0.24555805,0.4389171
2241,187,159,0,0,0,-0.24555805,0.4389171
2242,200,159,0,0,0,-0.24555805,0.4389171
2243,254,159,0,0,0,-0.24555805,0.4389171
2244,1,160,0,0,0,-0.24555805,0.4389171
2245,12,160,0,0,0,-0.24555805,0.4389171
2246,23,160,0,0,0,-0.24555805,0.4389171
2247,28,160,0,0,0,-0.24555805,0.4389171
2248,30,160,0,0,0,-0.24555805,0.4389171
2249,60,160,0,0,0,-0.24555805,0.4389171
2250,108,160,0,0,0,-0.24555805,0.4389171
2251,114,160,0,0,0,-0.24555805,0.4389171
2252,135,160,0,0,0,-0.24555805,0.4389171
2253,137,160,0,0,0,-0.24555805,0.4389171
2254,154,160,0,0,0,-0.24555805,0.4389171
2255,157,160,0,0,0,-0.24555805,0.4389171
2256,173,160,0,0,0,-0.24555805,0.4389171
2257,200,160,0,0,0,-0.24555805,0.4389171
2258,216,160,0,0,0,-0.24555805,0.4389171
2259,228,160,0,0,0,-0.24555805,0.4389171
2260,247,160,0,0,0,-0.24555805,0.4389171
2261,288,160,0,0,0,-0.24555805,0.4389171
2262,290,160,0,0,0,-0.24555805,0.4389171
2263,25,161,0,0,0,-0.24555805,0.4389171
2264,39,161,0,0,0,-0.24555805,0.4389171
2265,52,161,0,0,0,-0.24555805,0.4389171
2266,91,161,0,0,0,-0.24555805,0.4389171
2267,119,161,0,0,0,-0.24555805,0.4389171
2268,190,161,0,0,0,-0.24555805,0.4389171
2269,241,161,0,0,0,-0.24555805,0.4389171
2270,285,161,0,0,0,-0.24555805,0.4389171
2271,287,161,0,0,0,-0.24555805,0.4389171
2272,27,162,0,0,0,-0.24555805,0.4389171
2273,34,162,0,0,0,-0.24555805,0.4389171
2274,55,162,0,0,0,-0.24555805,0.4389171
2275,59,162,0,0,0,-0.24555805,0.4389171
2276,64,162,0,0,0,-0.24555805,0.4389171
2277,119,162,0,0,0,-0.24555805,0.4389171
2278,151,162,0,0,0,-0.24555805,0.4389171
2279,218,162,0,0,0,-0.24555805,0.4389171
2280,275,162,0,0,0,-0.24555805,0.4389171
2281,12,169,0,0,0,-0.24555805,0.4389171
2282,18,169,0,0,0,-0.24555805,0.4389171
2283,36,169,0,0,0,-0.24555805,0.4389171
2284,53,169,0,0,0,-0.24555805,0.4389171
2285,71,169,0,0,0,-0.24555805,0.4389171
2286,149,169,0,0,0,-0.24555805,0.4389171
2287,201,169,0,0,0,-0.24555805,0.4389171
2288,213,169,0,0,0,-0.24555805,0.4389171
2289,231,169,0,0,0,-0.24555805,0.4389171
2290,26,170,0,0,0,-0.24555805,0.4389171
2291,77,170,0,0,0,-0.24555805,0.4389171
2292,99,170,0,0,0,-0.24555805,0.4389171
2293,139,170,0,0,0,-0.24555805,0.4389171
2294,162,170,0,0,0,-0.24555805,0.4389171
2295,192,170,0,0,0,-0.24555805,0.4389171
2296,216,170,0,0,0,-0.24555805,0.4389171
2297,231,170,0,0,0,-0.24555805,0.4389171
2298,285,170,0,0,0,-0.24555805,0.4389171
2299,24,172,0,0,0,-0.24555805,0.4389171
2300,35,172,0,0,0,-0.24555805,0.4389171
2301,76,172,0,0,0,-0.24555805,0.4389171
2302,85,172,0,0,0,-0.24555805,0.4389171
2303,207,172,0,0,0,-0.24555805,0.4389171
2304,215,172,0,0,0,-0.24555805,0.4389171
2305,231,172,0,0,0,-0.24555805,0.4389171
2306,240,172,0,0,0,-0.24555805,0.4389171
2307,253,172,0,0,0,-0.24555805,0.4389171
2308,0,175,0,0,0,-0.24555805,0.4389171
2309,48,175,0,0,0,-0.24555805,0.4389171
2310,65,175,0,0,0,-0.24555805,0.4389171
2311,100,175,0,0,0,-0.24555805,0.4389171
2312,141,175,0,0,0,-0.24555805,0.4389171
2313,150,175,0,0,0,-0.24555805,0.4389171
2314,226,175,0,0,0,-0.24555805,0.4389171
2315,244,175,0,0,0,-0.24555805,0.4389171
2316,279,175,0,0,0,-0.24555805,0.4389171
2317,15,176,0,0,0,-0.24555805,0.4389171
2318,52,176,0,0,0,-0.24555805,0.4389171
2319,62,176,0,0,0,-0.24555805,0.4389171
2320,78,176,0,0,0,-0.24555805,0.4389171
2321,82,176,0,0,0,-0.24555805,0.4389171
2322,100,176,0,0,0,-0.24555805,0.4389171
2323,107,176,0,0,0,-0.24555805,0.4389171
2324,154,176,0,0,0,-0.24555805,0.4389171
2325,167,176,0,0,0,-0.24555805,0.4389171
2326,246,176,0,0,0,-0.24555805,0.4389171
2327,9,177,0,0,0,-0.24555805,0.4389171
2328,10,177,0,0,0,-0.24555805,0.4389171
2329,26,177,0,0,0,-0.24555805,0.4389171
2330,55,177,0,0,0,-0.24555805,0.4389171
2331,68,177,0,0,0,-0.24555805,0.4389171
2332,80,177,0,0,0,-0.24555805,0.4389171
2333,103,177,0,0,0,-0.24555805,0.4389171
2334,233,177,0,0,0,-0.24555805,0.4389171
2335,259,177,0,0,0,-0.24555805,0.4389171
2336,33,178,0,0,0,-0.24555805,0.4389171
2337,92,178,0,0,0,-0.24555805,0.4389171
2338,98,178,0,0,0,-0.24555805,0.4389171
2339,99,178,0,0,0,-0.24555805,0.4389171
2340,131,178,0,0,0,-0.24555805,0.4389171
2341,187,178,0,0,0,-0.24555805,0.4389171
2342,188,178,0,0,0,-0.24555805,0.4389171
2343,249,178,0,0,0,-0.24555805,0.4389171
2344,251,178,0,0,0,-0.24555805,0.4389171
2345,17,179,0,0,0,-0.24555805,0.4389171
2346,25,179,0,0,0,-0.24555805,0.4389171
2347,70,179,0,0,0,-0.24555805,0.4389171
2348,117,179,0,0,0,-0.24555805,0.4389171
2349,144,179,0,0,0,-0.24555805,0.4389171
2350,149,179,0,0,0,-0.24555805,0.4389171
2351,179,179,0,0,0,-0.24555805,0.4389171
2352,251,179,0,0,0,-0.24555805,0.4389171
2353,284,179,0,0,0,-0.24555805,0.4389171
2354,52,180,0,0,0,-0.24555805,0.4389171
2355,63,180,0,0,0,-0.24555805,0.4389171
2356,77,180,0,0,0,-0.24555805,0.4389171
2357,108,180,0,0,0,-0.24555805,0.4389171
2358,140,180,0,0,0,-0.24555805,0.4389171
2359,154,180,0,0,0,-0.24555805,0.4389171
2360,159,180,0,0,0,-0.24555805,0.4389171
2361,160,180,0,0,0,-0.24555805,0.4389171
2362,205,180,0,0,0,-0.24555805,0.4389171
2363,240,180,0,0,0,-0.24555805,0.4389171
2364,24,185,0,0,0,-0.24555805,0.4389171
2365,36,185,0,0,0,-0.24555805,0.4389171
2366,68,185,0,0,0,-0.24555805,0.4389171
2367,135,185,0,0,0,-0.24555805,0.4389171
2368,148,185,0,0,0,-0.24555805,0.4389171
2369,155,185,0,0,0,-0.24555805,0.4389171
2370,164,185,0,0,0,-0.24555805,0.4389171
2371,216,185,0,0,0,-0.24555805,0.4389171
2372,254,185,0,0,0,-0.24555805,0.4389171
2373,5,186,0,0,0,-0.24555805,0.4389171
2374,16,186,0,0,0,-0.24555805,0.4389171
2375,35,186,0,0,0,-0.24555805,0.4389171
2376,47,186,0,0,0,-0.24555805,0.4389171
2377,105,186,0,0,0,-0.24555805,0.4389171
2378,152,186,0,0,0,-0.24555805,0.4389171
2379,164,186,0,0,0,-0.24555805,0.4389171
2380,228,186,0,0,0,-0.24555805,0.4389171
2381,287,186,0,0,0,-0.24555805,0.4389171
2382,15,187,0,0,0,-0.24555805,0.4389171
2383,49,187,0,0,0,-0.24555805,0.4389171
2384,105,187,0,0,0,-0.24555805,0.4389171
2385,132,187,0,0,0,-0.24555805,0.4389171
2386,166,187,0,0,0,-0.24555805,0.4389171
2387,174,187,0,0,0,-0.24555805,0.4389171
2388,214,187,0,0,0,-0.24555805,0.4389171
2389,265,187,0,0,0,-0.24555805,0.4389171
2390,277,187,0,0,0,-0.24555805,0.4389171
2391,21,191,0,0,0,-0.24555805,0.4389171
2392,31,191,0,0,0,-0.24555805,0.4389171
2393,47,191,0,0,0,-0.24555805,0.4389171
2394,58,191,0,0,0,-0.24555805,0.4389171
2395,113,191,0,0,0,-0.24555805,0.4389171
2396,177,191,0,0,0,-0.24555805,0.4389171
2397,185,191,0,0,0,-0.24555805,0.4389171
2398,224,191,0,0,0,-0.24555805,0.4389171
2399,258,191,0,0,0,-0.24555805,0.4389171
2400,260,191,0,0,0,-0.24555805,0.4389171
2401,287,191,0,0,0,-0.24555805,0.4389171
2402,41,192,0,0,0,-0.24555805,0.4389171
2403,104,192,0,0,0,-0.24555805,0.4389171
2404,132,192,0,0,0,-0.24555805,0.4389171
2405,178,192,0,0,0,-0.24555805,0.4389171
2406,187,192,0,0,0,-0.24555805,0.4389171
2407,209,192,0,0,0,-0.24555805,0.4389171
2408,279,192,0,0,0,-0.24555805,0.4389171
2409,286,192,0,0,0,-0.24555805,0.4389171
2410,288,192,0,0,0,-0.24555805,0.4389171
2411,10,193,0,0,0,-0.24555805,0.4389171
2412,20,193,0,0,0,-0.24555805,0.4389171
2413,26,193,0,0,0,-0.24555805,0.4389171
2414,74,193,0,0,0,-0.24555805,0.4389171
2415,209,193,0,0,0,-0.24555805,0.4389171
2416,227,193,0,0,0,-0.24555805,0.4389171
2417,246,193,0,0,0,-0.24555805,0.4389171
2418,249,193,0,0,0,-0.24555805,0.4389171
2419,251,193,0,0,0,-0.24555805,0.4389171
2420,60,205,0,0,0,-0.24555805,0.4389171
2421,61,205,0,0,0,-0.24555805,0.4389171
2422,62,205,0,0,0,-0.24555805,0.4389171
2423,107,205,0,0,0,-0.24555805,0.4389171
2424,116,205,0,0,0,-0.24555805,0.4389171
2425,125,205,0,0,0,-0.24555805,0.4389171
2426,137,205,0,0,0,-0.24555805,0.4389171
2427,184,205,0,0,0,-0.24555805,0.4389171
2428,221,205,0,0,0,-0.24555805,0.4389171
2429,4,206,0,0,0,-0.24555805,0.4389171
2430,19,206,0,0,0,-0.24555805,0.4389171
2431,62,206,0,0,0,-0.24555805,0.4389171
2432,110,206,0,0,0,-0.24555805,0.4389171
2433,144,206,0,0,0,-0.24555805,0.4389171
2434,181,206,0,0,0,-0.24555805,0.4389171
2435,243,206,0,0,0,-0.24555805,0.4389171
2436,252,206,0,0,0,-0.24555805,0.4389171
2437,281,206,0,0,0,-0.24555805,0.4389171
2438,68,209,0,0,0,-0.24555805,0.4389171
2439,89,209,0,0,0,-0.24555805,0.4389171
2440,92,209,0,0,0,-0.24555805,0.4389171
2441,103,209,0,0,0,-0.24555805,0.4389171
2442,149,209,0,0,0,-0.24555805,0.4389171
2443,157,209,0,0,0,-0.24555805,0.4389171
2444,160,209,0,0,0,-0.24555805,0.4389171
2445,205,209,0,0,0,-0.24555805,0.4389171
2446,226,209,0,0,0,-0.24555805,0.4389171
2447,45,214,0,0,0,-0.24555805,0.4389171
2448,73,214,0,0,0,-0.24555805,0.4389171
2449,103,214,0,0,0,-0.24555805,0.4389171
2450,111,214,0,0,0,-0.24555805,0.4389171
2451,191,214,0,0,0,-0.24555805,0.4389171
2452,195,214,0,0,0,-0.24555805,0.4389171
2453,207,214,0,0,0,-0.24555805,0.4389171
2454,221,214,0,0,0,-0.24555805,0.4389171
2455,227,214,0,0,0,-0.24555805,0.4389171
2456,229,214,0,0,0,-0.24555805,0.4389171
2457,45,215,0,0,0,-0.24555805,0.4389171
2458,100,215,0,0,0,-0.24555805,0.4389171
2459,124,215,0,0,0,-0.24555805,0.4389171
2460,137,215,0,0,0,-0.24555805,0.4389171
2461,140,215,0,0,0,-0.24555805,0.4389171
2462,165,215,0,0,0,-0.24555805,0.4389171
2463,172,215,0,0,0,-0.24555805,0.4389171
2464,259,215,0,0,0,-0.24555805,0.4389171
2465,289,215,0,0,0,-0.24555805,0.4389171
2466,38,217,0,0,0,-0.24555805,0.4389171
2467,40,217,0,0,0,-0.24555805,0.4389171
2468,90,217,0,0,0,-0.24555805,0.4389171
2469,96,217,0,0,0,-0.24555805,0.4389171
2470,113,217,0,0,0,-0.24555805,0.4389171
2471,116,217,0,0,0,-0.24555805,0.4389171
2472,161,217,0,0,0,-0.24555805,0.4389171
2473,212,217,0,0,0,-0.24555805,0.4389171
2474,243,217,0,0,0,-0.24555805,0.4389171
2475,246,217,0,0,0,-0.24555805,0.4389171
2476,22,218,0,0,0,-0.24555805,0.4389171
2477,24,218,0,0,0,-0.24555805,0.4389171
2478,47,218,0,0,0,-0.24555805,0.4389171
2479,143,218,0,0,0,-0.24555805,0.4389171
2480,144,218,0,0,0,-0.24555805,0.4389171
2481,151,218,0,0,0,-0.24555805,0.4389171
2482,175,218,0,0,0,-0.24555805,0.4389171
2483,240,218,0,0,0,-0.24555805,0.4389171
2484,245,218,0,0,0,-0.24555805,0.4389171
2485,35,219,0,0,0,-0.24555805,0.4389171
2486,47,219,0,0,0,-0.24555805,0.4389171
2487,62,219,0,0,0,-0.24555805,0.4389171
2488,163,219,0,0,0,-0.24555805,0.4389171
2489,201,219,0,0,0,-0.24555805,0.4389171
2490,218,219,0,0,0,-0.24555805,0.4389171
2491,226,219,0,0,0,-0.24555805,0.4389171
2492,272,219,0,0,0,-0.24555805,0.4389171
2493,279,219,0,0,0,-0.24555805,0.4389171
2494,28,220,0,0,0,-0.24555805,0.4389171
2495,61,220,0,0,0,-0.24555805,0.4389171
2496,66,220,0,0,0,-0.24555805,0.4389171
2497,74,220,0,0,0,-0.24555805,0.4389171
2498,116,220,0,0,0,-0.24555805,0.4389171
2499,127,220,0,0,0,-0.24555805,0.4389171
2500,145,220,0,0,0,-0.24555805,0.4389171
2501,164,220,0,0,0,-0.24555805,0.4389171
2502,168,220,0,0,0,-0.24555805,0.4389171
2503,278,220,0,0,0,-0.24555805,0.4389171
2504,6,225,0,0,0,-0.24555805,0.4389171
2505,40,225,0,0,0,-0.24555805,0.4389171
2506,87,225,0,0,0,-0.24555805,0.4389171
2507,137,225,0,0,0,-0.24555805,0.4389171
2508,140,225,0,0,0,-0.24555805,0.4389171
2509,142,225,0,0,0,-0.24555805,0.4389171
2510,144,225,0,0,0,-0.24555805,0.4389171
2511,147,225,0,0,0,-0.24555805,0.4389171
2512,203,225,0,0,0,-0.24555805,0.4389171
2513,220,225,0,0,0,-0.24555805,0.4389171
2514,243,225,0,0,0,-0.24555805,0.4389171
2515,255,225,0,0,0,-0.24555805,0.4389171
2516,4,226,0,0,0,-0.24555805,0.4389171
2517,38,226,0,0,0,-0.24555805,0.4389171
2518,47,226,0,0,0,-0.24555805,0.4389171
2519,65,226,0,0,0,-0.24555805,0.4389171
2520,91,226,0,0,0,-0.24555805,0.4389171
2521,138,226,0,0,0,-0.24555805,0.4389171
2522,203,226,0,0,0,-0.24555805,0.4389171
2523,207,226,0,0,0,-0.24555805,0.4389171
2524,276,226,0,0,0,-0.24555805,0.4389171
2525,0,227,0,0,0,-0.24555805,0.4389171
2526,3,227,0,0,0,-0.24555805,0.4389171
2527,8,227,0,0,0,-0.24555805,0.4389171
2528,21,227,0,0,0,-0.24555805,0.4389171
2529,28,227,0,0,0,-0.24555805,0.4389171
2530,35,227,0,0,0,-0.24555805,0.4389171
2531,162,227,0,0,0,-0.24555805,0.4389171
2532,191,227,0,0,0,-0.24555805,0.4389171
2533,210,227,0,0,0,-0.24555805,0.4389171
2534,16,233,0,0,0,-0.24555805,0.4389171
2535,18,233,0,0,0,-0.24555805,0.4389171
2536,19,233,0,0,0,-0.24555805,0.4389171
2537,104,233,0,0,0,-0.24555805,0.4389171
2538,114,233,0,0,0,-0.24555805,0.4389171
2539,162,233,0,0,0,-0.24555805,0.4389171
2540,194,233,0,0,0,-0.24555805,0.4389171
2541,239,233,0,0,0,-0.24555805,0.4389171
2542,262,233,0,0,0,-0.24555805,0.4389171
2543,39,234,0,0,0,-0.24555805,0.4389171
2544,49,234,0,0,0,-0.24555805,0.4389171
2545,180,234,0,0,0,-0.24555805,0.4389171
2546,208,234,0,0,0,-0.24555805,0.4389171
2547,220,234,0,0,0,-0.24555805,0.4389171
2548,235,234,0,0,0,-0.24555805,0.4389171
2549,253,234,0,0,0,-0.24555805,0.4389171
2550,267,234,0,0,0,-0.24555805,0.4389171
2551,279,234,0,0,0,-0.24555805,0.4389171
2552,281,234,0,0,0,-0.24555805,0.4389171
2553,2,235,0,0,0,-0.24555805,0.4389171
2554,41,235,0,0,0,-0.24555805,0.4389171
2555,42,235,0,0,0,-0.24555805,0.4389171
2556,53,235,0,0,0,-0.24555805,0.4389171
2557,97,235,0,0,0,-0.24555805,0.4389171
2558,124,235,0,0,0,-0.24555805,0.4389171
2559,159,235,0,0,0,-0.24555805,0.4389171
2560,185,235,0,0,0,-0.24555805,0.4389171
2561,209,235,0,0,0,-0.24555805,0.4389171
2562,2,236,0,0,0,-0.24555805,0.4389171
2563,14,236,0,0,0,-0.24555805,0.4389171
2564,19,236,0,0,0,-0.24555805,0.4389171
2565,25,236,0,0,0,-0.24555805,0.4389171
2566,104,236,0,0,0,-0.24555805,0.4389171
2567,107,236,0,0,0,-0.24555805,0.4389171
2568,125,236,0,0,0,-0.24555805,0.4389171
2569,127,236,0,0,0,-0.24555805,0.4389171
2570,159,236,0,0,0,-0.24555805,0.4389171
2571,272,236,0,0,0,-0.24555805,0.4389171
2572,1,241,0,0,0,-0.24555805,0.4389171
2573,3,241,0,0,0,-0.24555805,0.4389171
2574,44,241,0,0,0,-0.24555805,0.4389171
2575,85,241,0,0,0,-0.24555805,0.4389171
2576,102,241,0,0,0,-0.24555805,0.4389171
2577,161,241,0,0,0,-0.24555805,0.4389171
2578,203,241,0,0,0,-0.24555805,0.4389171
2579,226,241,0,0,0,-0.24555805,0.4389171
2580,232,241,0,0,0,-0.24555805,0.4389171
2581,22,242,0,0,0,-0.24555805,0.4389171
2582,41,242,0,0,0,-0.24555805,0.4389171
2583,50,242,0,0,0,-0.24555805,0.4389171
2584,70,242,0,0,0,-0.24555805,0.4389171
2585,91,242,0,0,0,-0.24555805,0.4389171
2586,126,242,0,0,0,-0.24555805,0.4389171
2587,175,242,0,0,0,-0.24555805,0.4389171
2588,182,242,0,0,0,-0.24555805,0.4389171
2589,262,242,0,0,0,-0.24555805,0.4389171
2590,10,243,0,0,0,-0.24555805,0.4389171
2591,21,243,0,0,0,-0.24555805,0.4389171
2594,218,243,0,0,0,-0.24555805,0.4389171
2595,231,243,0,0,0,-0.24555805,0.4389171
2596,236,243,0,0,0,-0.24555805,0.4389171
2597,251,243,0,0,0,-0.24555805,0.4389171
2598,272,243,0,0,0,-0.24555805,0.4389171
2603,101,245,0,0,0,-0.24555805,0.4389171
2606,265,245,0,0,0,-0.24555805,0.4389171
2608,31,246,0,0,0,-0.24555805,0.4389171
2609,51,246,0,0,0,-0.24555805,0.4389171
2610,62,246,0,0,0,-0.24555805,0.4389171
2611,65,246,0,0,0,-0.24555805,0.4389171
2612,190,246,0,0,0,-0.24555805,0.4389171
2613,217,246,0,0,0,-0.24555805,0.4389171
2614,257,246,0,0,0,-0.24555805,0.4389171
2615,259,246,0,0,0,-0.24555805,0.4389171
2616,273,246,0,0,0,-0.24555805,0.4389171
2617,11,247,0,0,0,-0.24555805,0.4389171
2618,54,247,0,0,0,-0.24555805,0.4389171
2619,61,247,0,0,0,-0.24555805,0.4389171
2620,69,247,0,0,0,-0.24555805,0.4389171
2621,151,247,0,0,0,-0.24555805,0.4389171
2622,176,247,0,0,0,-0.24555805,0.4389171
2623,209,247,0,0,0,-0.24555805,0.4389171
2624,248,247,0,0,0,-0.24555805,0.4389171
2625,258,247,0,0,0,-0.24555805,0.4389171
2626,28,248,0,0,0,-0.24555805,0.4389171
2627,49,248,0,0,0,-0.24555805,0.4389171
2628,118,248,0,0,0,-0.24555805,0.4389171
2629,135,248,0,0,0,-0.24555805,0.4389171
2630,162,248,0,0,0,-0.24555805,0.4389171
2631,170,248,0,0,0,-0.24555805,0.4389171
2632,205,248,0,0,0,-0.24555805,0.4389171
2633,220,248,0,0,0,-0.24555805,0.4389171
2634,289,248,0,0,0,-0.24555805,0.4389171
2635,8,259,0,0,0,-0.24555805,0.4389171
2636,13,259,0,0,0,-0.24555805,0.4389171
2637,14,259,0,0,0,-0.24555805,0.4389171
2638,47,259,0,0,0,-0.24555805,0.4389171
2639,61,259,0,0,0,-0.24555805,0.4389171
2640,69,259,0,0,0,-0.24555805,0.4389171
2641,70,259,0,0,0,-0.24555805,0.4389171
2642,71,259,0,0,0,-0.24555805,0.4389171
2643,76,259,0,0,0,-0.24555805,0.4389171
2644,78,259,0,0,0,-0.24555805,0.4389171
2645,80,259,0,0,0,-0.24555805,0.4389171
2646,83,259,0,0,0,-0.24555805,0.4389171
2647,84,259,0,0,0,-0.24555805,0.4389171
2648,88,259,0,0,0,-0.24555805,0.4389171
2649,90,259,0,0,0,-0.24555805,0.4389171
2650,102,259,0,0,0,-0.24555805,0.4389171
2651,116,259,0,0,0,-0.24555805,0.4389171
2652,133,259,0,0,0,-0.24555805,0.4389171
2653,138,259,0,0,0,-0.24555805,0.4389171
2654,139,259,0,0,0,-0.24555805,0.4389171
2655,153,259,0,0,0,-0.24555805,0.4389171
2656,161,259,0,0,0,-0.24555805,0.4389171
2657,165,259,0,0,0,-0.24555805,0.4389171
2658,190,259,0,0,0,-0.24555805,0.4389171
2659,196,259,0,0,0,-0.24555805,0.4389171
2660,208,259,0,0,0,-0.24555805,0.4389171
2661,212,259,0,0,0,-0.24555805,0.4389171
2662,214,259,0,0,0,-0.24555805,0.4389171
2663,218,259,0,0,0,-0.24555805,0.4389171
2664,244,259,0,0,0,-0.24555805,0.4389171
2665,248,259,0,0,0,-0.24555805,0.4389171
2666,251,259,0,0,0,-0.24555805,0.4389171
2667,268,259,0,0,0,-0.24555805,0.4389171
2668,278,259,0,0,0,-0.24555805,0.4389171
2669,279,259,0,0,0,-0.24555805,0.4389171
2670,281,259,0,0,0,-0.24555805,0.4389171
2671,284,259,0,0,0,-0.24555805,0.4389171
2672,5,273,0,0,0,-0.24555805,0.4389171
2673,22,273,0,0,0,-0.24555805,0.4389171
2674,30,273,0,0,0,-0.24555805,0.4389171
2675,61,273,0,0,0,-0.24555805,0.4389171
2676,114,273,0,0,0,-0.24555805,0.4389171
2677,155,273,0,0,0,-0.24555805,0.4389171
2678,198,273,0,0,0,-0.24555805,0.4389171
2679,236,273,0,0,0,-0.24555805,0.4389171
2680,277,273,0,0,0,-0.24555805,0.4389171
2681,288,273,0,0,0,-0.24555805,0.4389171
2682,27,274,0,0,0,-0.24555805,0.4389171
2683,53,274,0,0,0,-0.24555805,0.4389171
2684,61,274,0,0,0,-0.24555805,0.4389171
2685,62,274,0,0,0,-0.24555805,0.4389171
2686,119,274,0,0,0,-0.24555805,0.4389171
2687,120,274,0,0,0,-0.24555805,0.4389171
2688,163,274,0,0,0,-0.24555805,0.4389171
2689,244,274,0,0,0,-0.24555805,0.4389171
2690,285,274,0,0,0,-0.24555805,0.4389171
2691,73,275,0,0,0,-0.24555805,0.4389171
2692,91,275,0,0,0,-0.24555805,0.4389171
2693,100,275,0,0,0,-0.24555805,0.4389171
2694,178,275,0,0,0,-0.24555805,0.4389171
2695,189,275,0,0,0,-0.24555805,0.4389171
2696,199,275,0,0,0,-0.24555805,0.4389171
2697,229,275,0,0,0,-0.24555805,0.4389171
2698,248,275,0,0,0,-0.24555805,0.4389171
2699,280,275,0,0,0,-0.24555805,0.4389171
2700,16,276,0,0,0,-0.24555805,0.4389171
2701,48,276,0,0,0,-0.24555805,0.4389171
2702,55,276,0,0,0,-0.24555805,0.4389171
2703,68,276,0,0,0,-0.24555805,0.4389171
2704,71,276,0,0,0,-0.24555805,0.4389171
2705,203,276,0,0,0,-0.24555805,0.4389171
2706,206,276,0,0,0,-0.24555805,0.4389171
2707,210,276,0,0,0,-0.24555805,0.4389171
2708,247,276,0,0,0,-0.24555805,0.4389171
2709,272,276,0,0,0,-0.24555805,0.4389171
2710,21,287,0,0,0,-0.24555805,0.4389171
2711,31,287,0,0,0,-0.24555805,0.4389171
2712,48,287,0,0,0,-0.24555805,0.4389171
2713,89,287,0,0,0,-0.24555805,0.4389171
2714,98,287,0,0,0,-0.24555805,0.4389171
2715,126,287,0,0,0,-0.24555805,0.4389171
2716,178,287,0,0,0,-0.24555805,0.4389171
2717,208,287,0,0,0,-0.24555805,0.4389171
2718,240,287,0,0,0,-0.24555805,0.4389171
2719,281,287,0,0,0,-0.24555805,0.4389171
2720,10,301,0,0,0,-0.24555805,0.4389171
2721,44,301,0,0,0,-0.24555805,0.4389171
2722,65,301,0,0,0,-0.24555805,0.4389171
2723,85,301,0,0,0,-0.24555805,0.4389171
2724,105,301,0,0,0,-0.24555805,0.4389171
2725,110,301,0,0,0,-0.24555805,0.4389171
2726,173,301,0,0,0,-0.24555805,0.4389171
2727,205,301,0,0,0,-0.24555805,0.4389171
2728,211,301,0,0,0,-0.24555805,0.4389171
2729,289,301,0,0,0,-0.24555805,0.4389171
2730,17,302,0,0,0,-0.24555805,0.4389171
2731,64,302,0,0,0,-0.24555805,0.4389171
2732,114,302,0,0,0,-0.24555805,0.4389171
2733,135,302,0,0,0,-0.24555805,0.4389171
2734,153,302,0,0,0,-0.24555805,0.4389171
2735,165,302,0,0,0,-0.24555805,0.4389171
2736,166,302,0,0,0,-0.24555805,0.4389171
2737,206,302,0,0,0,-0.24555805,0.4389171
2738,260,302,0,0,0,-0.24555805,0.4389171
2739,26,303,0,0,0,-0.24555805,0.4389171
2740,27,303,0,0,0,-0.24555805,0.4389171
2741,33,303,0,0,0,-0.24555805,0.4389171
2742,61,303,0,0,0,-0.24555805,0.4389171
2743,100,303,0,0,0,-0.24555805,0.4389171
2744,104,303,0,0,0,-0.24555805,0.4389171
2745,187,303,0,0,0,-0.24555805,0.4389171
2746,229,303,0,0,0,-0.24555805,0.4389171
2747,257,303,0,0,0,-0.24555805,0.4389171
2748,280,303,0,0,0,-0.24555805,0.4389171
2749,36,304,0,0,0,-0.24555805,0.4389171
2750,37,304,0,0,0,-0.24555805,0.4389171
2751,63,304,0,0,0,-0.24555805,0.4389171
2752,86,304,0,0,0,-0.24555805,0.4389171
2753,116,304,0,0,0,-0.24555805,0.4389171
2754,121,304,0,0,0,-0.24555805,0.4389171
2755,140,304,0,0,0,-0.24555805,0.4389171
2756,189,304,0,0,0,-0.24555805,0.4389171
2757,251,304,0,0,0,-0.24555805,0.4389171
2758,8,305,0,0,0,-0.24555805,0.4389171
2759,18,305,0,0,0,-0.24555805,0.4389171
2760,37,305,0,0,0,-0.24555805,0.4389171
2761,53,305,0,0,0,-0.24555805,0.4389171
2762,175,305,0,0,0,-0.24555805,0.4389171
2763,189,305,0,0,0,-0.24555805,0.4389171
2764,212,305,0,0,0,-0.24555805,0.4389171
2765,217,305,0,0,0,-0.24555805,0.4389171
2766,290,305,0,0,0,-0.24555805,0.4389171
2767,12,306,0,0,0,-0.24555805,0.4389171
2768,21,306,0,0,0,-0.24555805,0.4389171
2769,39,306,0,0,0,-0.24555805,0.4389171
2770,55,306,0,0,0,-0.24555805,0.4389171
2771,100,306,0,0,0,-0.24555805,0.4389171
2772,112,306,0,0,0,-0.24555805,0.4389171
2773,131,306,0,0,0,-0.24555805,0.4389171
2774,168,306,0,0,0,-0.24555805,0.4389171
2775,200,306,0,0,0,-0.24555805,0.4389171
2776,256,306,0,0,0,-0.24555805,0.4389171
2777,0,307,0,0,0,-0.24555805,0.4389171
2778,55,307,0,0,0,-0.24555805,0.4389171
2779,74,307,0,0,0,-0.24555805,0.4389171
2780,80,307,0,0,0,-0.24555805,0.4389171
2781,81,307,0,0,0,-0.24555805,0.4389171
2782,90,307,0,0,0,-0.24555805,0.4389171
2783,181,307,0,0,0,-0.24555805,0.4389171
2784,183,307,0,0,0,-0.24555805,0.4389171
2785,190,307,0,0,0,-0.24555805,0.4389171
2786,43,308,0,0,0,-0.24555805,0.4389171
2787,59,308,0,0,0,-0.24555805,0.4389171
2788,60,308,0,0,0,-0.24555805,0.4389171
2789,70,308,0,0,0,-0.24555805,0.4389171
2790,109,308,0,0,0,-0.24555805,0.4389171
2791,130,308,0,0,0,-0.24555805,0.4389171
2792,141,308,0,0,0,-0.24555805,0.4389171
2793,272,308,0,0,0,-0.24555805,0.4389171
2794,283,308,0,0,0,-0.24555805,0.4389171
2795,9,309,0,0,0,-0.24555805,0.4389171
2796,33,309,0,0,0,-0.24555805,0.4389171
2797,59,309,0,0,0,-0.24555805,0.4389171
2798,68,309,0,0,0,-0.24555805,0.4389171
2799,110,309,0,0,0,-0.24555805,0.4389171
2800,149,309,0,0,0,-0.24555805,0.4389171
2801,210,309,0,0,0,-0.24555805,0.4389171
2802,271,309,0,0,0,-0.24555805,0.4389171
2803,281,309,0,0,0,-0.24555805,0.4389171
2804,58,313,0,0,0,-0.24555805,0.4389171
2805,66,313,0,0,0,-0.24555805,0.4389171
2806,67,313,0,0,0,-0.24555805,0.4389171
2807,89,313,0,0,0,-0.24555805,0.4389171
2808,94,313,0,0,0,-0.24555805,0.4389171
2809,111,313,0,0,0,-0.24555805,0.4389171
2810,117,313,0,0,0,-0.24555805,0.4389171
2811,193,313,0,0,0,-0.24555805,0.4389171
2812,278,313,0,0,0,-0.24555805,0.4389171
2813,23,314,0,0,0,-0.24555805,0.4389171
2814,105,314,0,0,0,-0.24555805,0.4389171
2815,150,314,0,0,0,-0.24555805,0.4389171
2816,195,314,0,0,0,-0.24555805,0.4389171
2817,205,314,0,0,0,-0.24555805,0.4389171
2818,244,314,0,0,0,-0.24555805,0.4389171
2819,256,314,0,0,0,-0.24555805,0.4389171
2820,258,314,0,0,0,-0.24555805,0.4389171
2821,283,314,0,0,0,-0.24555805,0.4389171
2822,6,326,0,0,0,-0.24555805,0.4389171
2823,37,326,0,0,0,-0.24555805,0.4389171
2824,72,326,0,0,0,-0.24555805,0.4389171
2825,78,326,0,0,0,-0.24555805,0.4389171
2826,81,326,0,0,0,-0.24555805,0.4389171
2827,88,326,0,0,0,-0.24555805,0.4389171
2828,133,326,0,0,0,-0.24555805,0.4389171
2829,134,326,0,0,0,-0.24555805,0.4389171
2830,140,326,0,0,0,-0.24555805,0.4389171
2831,149,326,0,0,0,-0.24555805,0.4389171
2832,159,326,0,0,0,-0.24555805,0.4389171
2833,161,326,0,0,0,-0.24555805,0.4389171
2834,169,326,0,0,0,-0.24555805,0.4389171
2835,187,326,0,0,0,-0.24555805,0.4389171
2836,201,326,0,0,0,-0.24555805,0.4389171
2837,226,326,0,0,0,-0.24555805,0.4389171
2838,234,326,0,0,0,-0.24555805,0.4389171
2839,260,326,0,0,0,-0.24555805,0.4389171
2840,278,326,0,0,0,-0.24555805,0.4389171
2841,5,327,0,0,0,-0.24555805,0.4389171
2842,10,327,0,0,0,-0.24555805,0.4389171
2843,20,327,0,0,0,-0.24555805,0.4389171
2844,24,327,0,0,0,-0.24555805,0.4389171
2845,26,327,0,0,0,-0.24555805,0.4389171
2846,45,327,0,0,0,-0.24555805,0.4389171
2847,105,327,0,0,0,-0.24555805,0.4389171
2848,113,327,0,0,0,-0.24555805,0.4389171
2849,115,327,0,0,0,-0.24555805,0.4389171
2850,117,327,0,0,0,-0.24555805,0.4389171
2851,137,327,0,0,0,-0.24555805,0.4389171
2852,143,327,0,0,0,-0.24555805,0.4389171
2853,147,327,0,0,0,-0.24555805,0.4389171
2854,176,327,0,0,0,-0.24555805,0.4389171
2855,178,327,0,0,0,-0.24555805,0.4389171
2856,189,327,0,0,0,-0.24555805,0.4389171
2857,190,327,0,0,0,-0.24555805,0.4389171
2858,205,327,0,0,0,-0.24555805,0.4389171
2859,206,327,0,0,0,-0.24555805,0.4389171
2860,210,327,0,0,0,-0.24555805,0.4389171
2861,211,327,0,0,0,-0.24555805,0.4389171
2862,216,327,0,0,0,-0.24555805,0.4389171
2863,225,327,0,0,0,-0.24555805,0.4389171
2864,235,327,0,0,0,-0.24555805,0.4389171
2865,242,327,0,0,0,-0.24555805,0.4389171
2866,248,327,0,0,0,-0.24555805,0.4389171
2867,249,327,0,0,0,-0.24555805,0.4389171
2868,273,327,0,0,0,-0.24555805,0.4389171
2869,5,328,0,0,0,-0.24555805,0.4389171
2870,13,328,0,0,0,-0.24555805,0.4389171
2871,22,328,0,0,0,-0.24555805,0.4389171
2872,55,328,0,0,0,-0.24555805,0.4389171
2873,85,328,0,0,0,-0.24555805,0.4389171
2874,91,328,0,0,0,-0.24555805,0.4389171
2875,125,328,0,0,0,-0.24555805,0.4389171
2876,132,328,0,0,0,-0.24555805,0.4389171
2877,146,328,0,0,0,-0.24555805,0.4389171
2878,148,328,0,0,0,-0.24555805,0.4389171
2879,159,328,0,0,0,-0.24555805,0.4389171
2880,164,328,0,0,0,-0.24555805,0.4389171
2881,204,328,0,0,0,-0.24555805,0.4389171
2882,209,328,0,0,0,-0.24555805,0.4389171
2883,210,328,0,0,0,-0.24555805,0.4389171
2884,244,328,0,0,0,-0.24555805,0.4389171
2885,246,328,0,0,0,-0.24555805,0.4389171
2886,257,328,0,0,0,-0.24555805,0.4389171
2887,290,328,0,0,0,-0.24555805,0.4389171
2888,2,329,0,0,0,-0.24555805,0.4389171
2889,29,329,0,0,0,-0.24555805,0.4389171
2890,40,329,0,0,0,-0.24555805,0.4389171
2891,65,329,0,0,0,-0.24555805,0.4389171
2892,126,329,0,0,0,-0.24555805,0.4389171
2893,157,329,0,0,0,-0.24555805,0.4389171
2894,177,329,0,0,0,-0.24555805,0.4389171
2895,185,329,0,0,0,-0.24555805,0.4389171
2896,199,329,0,0,0,-0.24555805,0.4389171
2897,204,329,0,0,0,-0.24555805,0.4389171
2898,214,329,0,0,0,-0.24555805,0.4389171
2899,218,329,0,0,0,-0.24555805,0.4389171
2900,221,329,0,0,0,-0.24555805,0.4389171
2901,254,329,0,0,0,-0.24555805,0.4389171
2902,266,329,0,0,0,-0.24555805,0.4389171
2903,268,329,0,0,0,-0.24555805,0.4389171
2904,280,329,0,0,0,-0.24555805,0.4389171
2905,288,329,0,0,0,-0.24555805,0.4389171
2906,291,329,0,0,0,-0.24555805,0.4389171
2907,17,331,0,0,0,-0.24555805,0.4389171
2908,22,331,0,0,0,-0.24555805,0.4389171
2909,88,331,0,0,0,-0.24555805,0.4389171
2910,90,331,0,0,0,-0.24555805,0.4389171
2911,93,331,0,0,0,-0.24555805,0.4389171
2912,130,331,0,0,0,-0.24555805,0.4389171
2913,226,331,0,0,0,-0.24555805,0.4389171
2914,232,331,0,0,0,-0.24555805,0.4389171
2915,283,331,0,0,0,-0.24555805,0.4389171
2916,3,332,0,0,0,-0.24555805,0.4389171
2917,13,332,0,0,0,-0.24555805,0.4389171
2918,45,332,0,0,0,-0.24555805,0.4389171
2919,57,332,0,0,0,-0.24555805,0.4389171
2920,130,332,0,0,0,-0.24555805,0.4389171
2921,173,332,0,0,0,-0.24555805,0.4389171
2922,213,332,0,0,0,-0.24555805,0.4389171
2923,264,332,0,0,0,-0.24555805,0.4389171
2924,276,332,0,0,0,-0.24555805,0.4389171
2925,6,333,0,0,0,-0.24555805,0.4389171
2926,11,333,0,0,0,-0.24555805,0.4389171
2927,15,333,0,0,0,-0.24555805,0.4389171
2928,65,333,0,0,0,-0.24555805,0.4389171
2929,85,333,0,0,0,-0.24555805,0.4389171
2930,90,333,0,0,0,-0.24555805,0.4389171
2931,212,333,0,0,0,-0.24555805,0.4389171
2932,265,333,0,0,0,-0.24555805,0.4389171
2933,271,333,0,0,0,-0.24555805,0.4389171
2934,8,334,0,0,0,-0.24555805,0.4389171
2935,44,334,0,0,0,-0.24555805,0.4389171
2936,74,334,0,0,0,-0.24555805,0.4389171
2937,96,334,0,0,0,-0.24555805,0.4389171
2938,135,334,0,0,0,-0.24555805,0.4389171
2939,161,334,0,0,0,-0.24555805,0.4389171
2940,222,334,0,0,0,-0.24555805,0.4389171
2941,262,334,0,0,0,-0.24555805,0.4389171
2942,277,334,0,0,0,-0.24555805,0.4389171
2943,16,335,0,0,0,-0.24555805,0.4389171
2944,26,335,0,0,0,-0.24555805,0.4389171
2945,73,335,0,0,0,-0.24555805,0.4389171
2946,78,335,0,0,0,-0.24555805,0.4389171
2947,112,335,0,0,0,-0.24555805,0.4389171
2948,138,335,0,0,0,-0.24555805,0.4389171
2949,143,335,0,0,0,-0.24555805,0.4389171
2950,197,335,0,0,0,-0.24555805,0.4389171
2951,265,335,0,0,0,-0.24555805,0.4389171
2952,275,335,0,0,0,-0.24555805,0.4389171
2953,32,336,0,0,0,-0.24555805,0.4389171
2954,84,336,0,0,0,-0.24555805,0.4389171
2955,108,336,0,0,0,-0.24555805,0.4389171
2956,140,336,0,0,0,-0.24555805,0.4389171
2957,141,336,0,0,0,-0.24555805,0.4389171
2958,199,336,0,0,0,-0.24555805,0.4389171
2959,221,336,0,0,0,-0.24555805,0.4389171
2960,229,336,0,0,0,-0.24555805,0.4389171
2961,246,336,0,0,0,-0.24555805,0.4389171
2962,43,337,0,0,0,-0.24555805,0.4389171
2963,57,337,0,0,0,-0.24555805,0.4389171
2964,81,337,0,0,0,-0.24555805,0.4389171
2965,107,337,0,0,0,-0.24555805,0.4389171
2966,148,337,0,0,0,-0.24555805,0.4389171
2967,170,337,0,0,0,-0.24555805,0.4389171
2968,226,337,0,0,0,-0.24555805,0.4389171
2969,230,337,0,0,0,-0.24555805,0.4389171
2970,234,337,0,0,0,-0.24555805,0.4389171
2971,249,337,0,0,0,-0.24555805,0.4389171
2972,46,338,0,0,0,-0.24555805,0.4389171
2973,68,338,0,0,0,-0.24555805,0.4389171
2974,111,338,0,0,0,-0.24555805,0.4389171
2975,150,338,0,0,0,-0.24555805,0.4389171
2976,155,338,0,0,0,-0.24555805,0.4389171
2977,192,338,0,0,0,-0.24555805,0.4389171
2978,204,338,0,0,0,-0.24555805,0.4389171
2979,229,338,0,0,0,-0.24555805,0.4389171
2980,231,338,0,0,0,-0.24555805,0.4389171
2981,18,339,0,0,0,-0.24555805,0.4389171
2982,32,339,0,0,0,-0.24555805,0.4389171
2983,37,339,0,0,0,-0.24555805,0.4389171
2984,86,339,0,0,0,-0.24555805,0.4389171
2985,88,339,0,0,0,-0.24555805,0.4389171
2986,108,339,0,0,0,-0.24555805,0.4389171
2987,111,339,0,0,0,-0.24555805,0.4389171
2988,181,339,0,0,0,-0.24555805,0.4389171
2989,283,339,0,0,0,-0.24555805,0.4389171
2990,45,340,0,0,0,-0.24555805,0.4389171
2991,65,340,0,0,0,-0.24555805,0.4389171
2992,80,340,0,0,0,-0.24555805,0.4389171
2993,85,340,0,0,0,-0.24555805,0.4389171
2994,205,340,0,0,0,-0.24555805,0.4389171
2995,216,340,0,0,0,-0.24555805,0.4389171
2996,226,340,0,0,0,-0.24555805,0.4389171
2997,245,340,0,0,0,-0.24555805,0.4389171
2998,271,340,0,0,0,-0.24555805,0.4389171
2999,46,341,0,0,0,-0.24555805,0.4389171
3000,60,341,0,0,0,-0.24555805,0.4389171
3001,88,341,0,0,0,-0.24555805,0.4389171
3002,97,341,0,0,0,-0.24555805,0.4389171
3003,113,341,0,0,0,-0.24555805,0.4389171
3004,118,341,0,0,0,-0.24555805,0.4389171
3005,141,341,0,0,0,-0.24555805,0.4389171
3006,192,341,0,0,0,-0.24555805,0.4389171
3007,258,341,0,0,0,-0.24555805,0.4389171
3008,280,341,0,0,0,-0.24555805,0.4389171
3009,14,342,0,0,0,-0.24555805,0.4389171
3010,28,342,0,0,0,-0.24555805,0.4389171
3011,65,342,0,0,0,-0.24555805,0.4389171
3012,76,342,0,0,0,-0.24555805,0.4389171
3013,87,342,0,0,0,-0.24555805,0.4389171
3014,92,342,0,0,0,-0.24555805,0.4389171
3015,152,342,0,0,0,-0.24555805,0.4389171
3016,194,342,0,0,0,-0.24555805,0.4389171
3017,260,342,0,0,0,-0.24555805,0.4389171
3018,49,343,0,0,0,-0.24555805,0.4389171
3019,97,343,0,0,0,-0.24555805,0.4389171
3020,167,343,0,0,0,-0.24555805,0.4389171
3021,175,343,0,0,0,-0.24555805,0.4389171
3022,200,343,0,0,0,-0.24555805,0.4389171
3023,248,343,0,0,0,-0.24555805,0.4389171
3024,258,343,0,0,0,-0.24555805,0.4389171
3025,263,343,0,0,0,-0.24555805,0.4389171
3026,266,343,0,0,0,-0.24555805,0.4389171
3027,17,344,0,0,0,-0.24555805,0.4389171
3028,77,344,0,0,0,-0.24555805,0.4389171
3029,112,344,0,0,0,-0.24555805,0.4389171
3030,134,344,0,0,0,-0.24555805,0.4389171
3031,153,344,0,0,0,-0.24555805,0.4389171
3032,170,344,0,0,0,-0.24555805,0.4389171
3033,210,344,0,0,0,-0.24555805,0.4389171
3034,224,344,0,0,0,-0.24555805,0.4389171
3035,226,344,0,0,0,-0.24555805,0.4389171
3036,1,345,0,0,0,-0.24555805,0.4389171
3037,16,345,0,0,0,-0.24555805,0.4389171
3038,36,345,0,0,0,-0.24555805,0.4389171
3039,39,345,0,0,0,-0.24555805,0.4389171
3040,148,345,0,0,0,-0.24555805,0.4389171
3041,151,345,0,0,0,-0.24555805,0.4389171
3042,164,345,0,0,0,-0.24555805,0.4389171
3043,194,345,0,0,0,-0.24555805,0.4389171
3044,214,345,0,0,0,-0.24555805,0.4389171
3045,14,346,0,0,0,-0.24555805,0.4389171
3046,23,346,0,0,0,-0.24555805,0.4389171
3047,129,346,0,0,0,-0.24555805,0.4389171
3048,139,346,0,0,0,-0.24555805,0.4389171
3049,147,346,0,0,0,-0.24555805,0.4389171
3050,171,346,0,0,0,-0.24555805,0.4389171
3051,187,346,0,0,0,-0.24555805,0.4389171
3052,226,346,0,0,0,-0.24555805,0.4389171
3053,242,346,0,0,0,-0.24555805,0.4389171
3054,283,346,0,0,0,-0.24555805,0.4389171
3055,0,347,0,0,0,-0.24555805,0.4389171
3056,57,347,0,0,0,-0.24555805,0.4389171
3057,59,347,0,0,0,-0.24555805,0.4389171
3058,107,347,0,0,0,-0.24555805,0.4389171
3059,122,347,0,0,0,-0.24555805,0.4389171
3060,147,347,0,0,0,-0.24555805,0.4389171
3061,168,347,0,0,0,-0.24555805,0.4389171
3062,277,347,0,0,0,-0.24555805,0.4389171
3063,289,347,0,0,0,-0.24555805,0.4389171
3064,14,350,0,0,0,-0.24555805,0.4389171
3065,21,350,0,0,0,-0.24555805,0.4389171
3066,32,350,0,0,0,-0.24555805,0.4389171
3067,102,350,0,0,0,-0.24555805,0.4389171
3068,134,350,0,0,0,-0.24555805,0.4389171
3069,156,350,0,0,0,-0.24555805,0.4389171
3070,193,350,0,0,0,-0.24555805,0.4389171
3071,225,350,0,0,0,-0.24555805,0.4389171
3072,245,350,0,0,0,-0.24555805,0.4389171
3073,272,350,0,0,0,-0.24555805,0.4389171
3074,7,351,0,0,0,-0.24555805,0.4389171
3075,31,351,0,0,0,-0.24555805,0.4389171
3076,33,351,0,0,0,-0.24555805,0.4389171
3077,36,351,0,0,0,-0.24555805,0.4389171
3078,58,351,0,0,0,-0.24555805,0.4389171
3079,148,351,0,0,0,-0.24555805,0.4389171
3080,171,351,0,0,0,-0.24555805,0.4389171
3081,174,351,0,0,0,-0.24555805,0.4389171
3082,218,351,0,0,0,-0.24555805,0.4389171
3083,33,352,0,0,0,-0.24555805,0.4389171
3084,52,352,0,0,0,-0.24555805,0.4389171
3085,136,352,0,0,0,-0.24555805,0.4389171
3086,160,352,0,0,0,-0.24555805,0.4389171
3087,180,352,0,0,0,-0.24555805,0.4389171
3088,183,352,0,0,0,-0.24555805,0.4389171
3089,189,352,0,0,0,-0.24555805,0.4389171
3090,195,352,0,0,0,-0.24555805,0.4389171
3091,257,352,0,0,0,-0.24555805,0.4389171
3092,19,353,0,0,0,-0.24555805,0.4389171
3093,25,353,0,0,0,-0.24555805,0.4389171
3094,35,353,0,0,0,-0.24555805,0.4389171
3095,68,353,0,0,0,-0.24555805,0.4389171
3096,84,353,0,0,0,-0.24555805,0.4389171
3097,87,353,0,0,0,-0.24555805,0.4389171
3098,127,353,0,0,0,-0.24555805,0.4389171
3099,150,353,0,0,0,-0.24555805,0.4389171
3100,182,353,0,0,0,-0.24555805,0.4389171
3101,30,354,0,0,0,-0.24555805,0.4389171
3102,33,354,0,0,0,-0.24555805,0.4389171
3103,38,354,0,0,0,-0.24555805,0.4389171
3104,91,354,0,0,0,-0.24555805,0.4389171
3105,129,354,0,0,0,-0.24555805,0.4389171
3106,147,354,0,0,0,-0.24555805,0.4389171
3107,155,354,0,0,0,-0.24555805,0.4389171
3108,172,354,0,0,0,-0.24555805,0.4389171
3109,268,354,0,0,0,-0.24555805,0.4389171
3110,49,356,0,0,0,-0.24555805,0.4389171
3111,70,356,0,0,0,-0.24555805,0.4389171
3112,111,356,0,0,0,-0.24555805,0.4389171
3113,114,356,0,0,0,-0.24555805,0.4389171
3114,118,356,0,0,0,-0.24555805,0.4389171
3115,166,356,0,0,0,-0.24555805,0.4389171
3116,198,356,0,0,0,-0.24555805,0.4389171
3117,217,356,0,0,0,-0.24555805,0.4389171
3118,233,356,0,0,0,-0.24555805,0.4389171
3119,257,356,0,0,0,-0.24555805,0.4389171
3120,72,357,0,0,0,-0.24555805,0.4389171
3121,137,357,0,0,0,-0.24555805,0.4389171
3122,139,357,0,0,0,-0.24555805,0.4389171
3123,149,357,0,0,0,-0.24555805,0.4389171
3124,157,357,0,0,0,-0.24555805,0.4389171
3125,170,357,0,0,0,-0.24555805,0.4389171
3126,244,357,0,0,0,-0.24555805,0.4389171
3127,271,357,0,0,0,-0.24555805,0.4389171
3128,279,357,0,0,0,-0.24555805,0.4389171
3129,5,358,0,0,0,-0.24555805,0.4389171
3130,23,358,0,0,0,-0.24555805,0.4389171
3131,138,358,0,0,0,-0.24555805,0.4389171
3132,173,358,0,0,0,-0.24555805,0.4389171
3133,190,358,0,0,0,-0.24555805,0.4389171
3134,192,358,0,0,0,-0.24555805,0.4389171
3135,196,358,0,0,0,-0.24555805,0.4389171
3136,266,358,0,0,0,-0.24555805,0.4389171
3137,278,358,0,0,0,-0.24555805,0.4389171
3138,70,359,0,0,0,-0.24555805,0.4389171
3139,92,359,0,0,0,-0.24555805,0.4389171
3140,141,359,0,0,0,-0.24555805,0.4389171
3141,168,359,0,0,0,-0.24555805,0.4389171
3142,170,359,0,0,0,-0.24555805,0.4389171
3143,184,359,0,0,0,-0.24555805,0.4389171
3144,228,359,0,0,0,-0.24555805,0.4389171
3145,229,359,0,0,0,-0.24555805,0.4389171
3146,284,359,0,0,0,-0.24555805,0.4389171
3147,14,360,0,0,0,-0.24555805,0.4389171
3148,38,360,0,0,0,-0.24555805,0.4389171
3149,41,360,0,0,0,-0.24555805,0.4389171
3150,79,360,0,0,0,-0.24555805,0.4389171
3151,110,360,0,0,0,-0.24555805,0.4389171
3152,135,360,0,0,0,-0.24555805,0.4389171
3153,178,360,0,0,0,-0.24555805,0.4389171
3154,207,360,0,0,0,-0.24555805,0.4389171
3155,218,360,0,0,0,-0.24555805,0.4389171
3156,276,360,0,0,0,-0.24555805,0.4389171
3157,11,361,0,0,0,-0.24555805,0.4389171
3158,80,361,0,0,0,-0.24555805,0.4389171
3159,111,361,0,0,0,-0.24555805,0.4389171
3160,148,361,0,0,0,-0.24555805,0.4389171
3161,188,361,0,0,0,-0.24555805,0.4389171
3162,193,361,0,0,0,-0.24555805,0.4389171
3163,214,361,0,0,0,-0.24555805,0.4389171
3164,216,361,0,0,0,-0.24555805,0.4389171
3165,263,361,0,0,0,-0.24555805,0.4389171
3166,38,362,0,0,0,-0.24555805,0.4389171
3167,41,362,0,0,0,-0.24555805,0.4389171
3168,61,362,0,0,0,-0.24555805,0.4389171
3169,108,362,0,0,0,-0.24555805,0.4389171
3170,127,362,0,0,0,-0.24555805,0.4389171
3171,159,362,0,0,0,-0.24555805,0.4389171
3172,200,362,0,0,0,-0.24555805,0.4389171
3173,246,362,0,0,0,-0.24555805,0.4389171
3174,265,362,0,0,0,-0.24555805,0.4389171
3175,287,362,0,0,0,-0.24555805,0.4389171
3176,14,363,0,0,0,-0.24555805,0.4389171
3177,114,363,0,0,0,-0.24555805,0.4389171
3178,141,363,0,0,0,-0.24555805,0.4389171
3179,142,363,0,0,0,-0.24555805,0.4389171
3180,200,363,0,0,0,-0.24555805,0.4389171
3181,233,363,0,0,0,-0.24555805,0.4389171
3182,236,363,0,0,0,-0.24555805,0.4389171
3183,243,363,0,0,0,-0.24555805,0.4389171
3184,260,363,0,0,0,-0.24555805,0.4389171
3185,5,364,0,0,0,-0.24555805,0.4389171
3186,37,364,0,0,0,-0.24555805,0.4389171
3187,38,364,0,0,0,-0.24555805,0.4389171
3188,100,364,0,0,0,-0.24555805,0.4389171
3189,141,364,0,0,0,-0.24555805,0.4389171
3190,159,364,0,0,0,-0.24555805,0.4389171
3191,210,364,0,0,0,-0.24555805,0.4389171
3192,276,364,0,0,0,-0.24555805,0.4389171
3193,286,364,0,0,0,-0.24555805,0.4389171
3194,23,365,0,0,0,-0.24555805,0.4389171
3195,34,365,0,0,0,-0.24555805,0.4389171
3196,119,365,0,0,0,-0.24555805,0.4389171
3197,131,365,0,0,0,-0.24555805,0.4389171
3198,142,365,0,0,0,-0.24555805,0.4389171
3199,162,365,0,0,0,-0.24555805,0.4389171
3200,221,365,0,0,0,-0.24555805,0.4389171
3201,224,365,0,0,0,-0.24555805,0.4389171
3202,226,365,0,0,0,-0.24555805,0.4389171
3203,277,365,0,0,0,-0.24555805,0.4389171
3204,53,366,0,0,0,-0.24555805,0.4389171
3205,56,366,0,0,0,-0.24555805,0.4389171
3206,97,366,0,0,0,-0.24555805,0.4389171
3207,117,366,0,0,0,-0.24555805,0.4389171
3208,140,366,0,0,0,-0.24555805,0.4389171
3209,143,366,0,0,0,-0.24555805,0.4389171
3210,187,366,0,0,0,-0.24555805,0.4389171
3211,210,366,0,0,0,-0.24555805,0.4389171
3212,272,366,0,0,0,-0.24555805,0.4389171
3213,30,367,0,0,0,-0.24555805,0.4389171
3214,57,367,0,0,0,-0.24555805,0.4389171
3215,74,367,0,0,0,-0.24555805,0.4389171
3216,182,367,0,0,0,-0.24555805,0.4389171
3217,198,367,0,0,0,-0.24555805,0.4389171
3218,230,367,0,0,0,-0.24555805,0.4389171
3219,234,367,0,0,0,-0.24555805,0.4389171
3220,263,367,0,0,0,-0.24555805,0.4389171
3221,283,367,0,0,0,-0.24555805,0.4389171
3222,6,368,0,0,0,-0.24555805,0.4389171
3223,39,368,0,0,0,-0.24555805,0.4389171
3224,75,368,0,0,0,-0.24555805,0.4389171
3225,87,368,0,0,0,-0.24555805,0.4389171
3226,94,368,0,0,0,-0.24555805,0.4389171
3227,145,368,0,0,0,-0.24555805,0.4389171
3228,153,368,0,0,0,-0.24555805,0.4389171
3229,201,368,0,0,0,-0.24555805,0.4389171
3230,208,368,0,0,0,-0.24555805,0.4389171
3231,11,370,0,0,0,-0.24555805,0.4389171
3232,65,370,0,0,0,-0.24555805,0.4389171
3233,80,370,0,0,0,-0.24555805,0.4389171
3234,139,370,0,0,0,-0.24555805,0.4389171
3235,172,370,0,0,0,-0.24555805,0.4389171
3236,174,370,0,0,0,-0.24555805,0.4389171
3237,190,370,0,0,0,-0.24555805,0.4389171
3238,265,370,0,0,0,-0.24555805,0.4389171
3239,291,370,0,0,0,-0.24555805,0.4389171
3240,32,374,0,0,0,-0.24555805,0.4389171
3241,196,374,0,0,0,-0.24555805,0.4389171
3242,233,374,0,0,0,-0.24555805,0.4389171
3243,246,374,0,0,0,-0.24555805,0.4389171
3244,257,374,0,0,0,-0.24555805,0.4389171
3245,262,374,0,0,0,-0.24555805,0.4389171
3246,273,374,0,0,0,-0.24555805,0.4389171
3247,275,374,0,0,0,-0.24555805,0.4389171
3248,284,374,0,0,0,-0.24555805,0.4389171
3249,61,375,0,0,0,-0.24555805,0.4389171
3250,131,375,0,0,0,-0.24555805,0.4389171
3251,138,375,0,0,0,-0.24555805,0.4389171
3252,165,375,0,0,0,-0.24555805,0.4389171
3253,179,375,0,0,0,-0.24555805,0.4389171
3254,210,375,0,0,0,-0.24555805,0.4389171
3255,211,375,0,0,0,-0.24555805,0.4389171
3256,242,375,0,0,0,-0.24555805,0.4389171
3257,259,375,0,0,0,-0.24555805,0.4389171
3258,272,375,0,0,0,-0.24555805,0.4389171
3259,287,375,0,0,0,-0.24555805,0.4389171
3260,5,376,0,0,0,-0.24555805,0.4389171
3261,151,376,0,0,0,-0.24555805,0.4389171
3262,176,376,0,0,0,-0.24555805,0.4389171
3263,187,376,0,0,0,-0.24555805,0.4389171
3264,193,376,0,0,0,-0.24555805,0.4389171
3265,214,376,0,0,0,-0.24555805,0.4389171
3266,225,376,0,0,0,-0.24555805,0.4389171
3267,260,376,0,0,0,-0.24555805,0.4389171
3268,281,376,0,0,0,-0.24555805,0.4389171
3269,30,377,0,0,0,-0.24555805,0.4389171
3270,98,377,0,0,0,-0.24555805,0.4389171
3271,176,377,0,0,0,-0.24555805,0.4389171
3272,214,377,0,0,0,-0.24555805,0.4389171
3273,259,377,0,0,0,-0.24555805,0.4389171
3274,262,377,0,0,0,-0.24555805,0.4389171
3275,267,377,0,0,0,-0.24555805,0.4389171
3276,287,377,0,0,0,-0.24555805,0.4389171
3277,290,377,0,0,0,-0.24555805,0.4389171
3278,34,380,0,0,0,-0.24555805,0.4389171
3279,35,380,0,0,0,-0.24555805,0.4389171
3280,96,380,0,0,0,-0.24555805,0.4389171
3281,97,380,0,0,0,-0.24555805,0.4389171
3282,135,380,0,0,0,-0.24555805,0.4389171
3283,157,380,0,0,0,-0.24555805,0.4389171
3284,204,380,0,0,0,-0.24555805,0.4389171
3285,241,380,0,0,0,-0.24555805,0.4389171
3286,276,380,0,0,0,-0.24555805,0.4389171
3287,22,381,0,0,0,-0.24555805,0.4389171
3288,72,381,0,0,0,-0.24555805,0.4389171
3289,104,381,0,0,0,-0.24555805,0.4389171
3290,136,381,0,0,0,-0.24555805,0.4389171
3291,145,381,0,0,0,-0.24555805,0.4389171
3292,212,381,0,0,0,-0.24555805,0.4389171
3293,239,381,0,0,0,-0.24555805,0.4389171
3294,259,381,0,0,0,-0.24555805,0.4389171
3295,277,381,0,0,0,-0.24555805,0.4389171
3296,6,386,0,0,0,-0.24555805,0.4389171
3297,27,386,0,0,0,-0.24555805,0.4389171
3298,36,386,0,0,0,-0.24555805,0.4389171
3299,44,386,0,0,0,-0.24555805,0.4389171
3300,70,386,0,0,0,-0.24555805,0.4389171
3301,87,386,0,0,0,-0.24555805,0.4389171
3302,106,386,0,0,0,-0.24555805,0.4389171
3303,170,386,0,0,0,-0.24555805,0.4389171
3304,232,386,0,0,0,-0.24555805,0.4389171
3305,16,390,0,0,0,-0.24555805,0.4389171
3306,21,390,0,0,0,-0.24555805,0.4389171
3307,40,390,0,0,0,-0.24555805,0.4389171
3308,163,390,0,0,0,-0.24555805,0.4389171
3309,177,390,0,0,0,-0.24555805,0.4389171
3310,241,390,0,0,0,-0.24555805,0.4389171
3311,247,390,0,0,0,-0.24555805,0.4389171
3312,252,390,0,0,0,-0.24555805,0.4389171
3313,260,390,0,0,0,-0.24555805,0.4389171
3314,282,390,0,0,0,-0.24555805,0.4389171
3315,15,391,0,0,0,-0.24555805,0.4389171
3316,44,391,0,0,0,-0.24555805,0.4389171
3317,56,391,0,0,0,-0.24555805,0.4389171
3318,157,391,0,0,0,-0.24555805,0.4389171
3319,175,391,0,0,0,-0.24555805,0.4389171
3320,183,391,0,0,0,-0.24555805,0.4389171
3322,242,391,0,0,0,-0.24555805,0.4389171
3323,252,391,0,0,0,-0.24555805,0.4389171
3324,270,391,0,0,0,-0.24555805,0.4389171
3325,45,392,0,0,0,-0.24555805,0.4389171
3326,71,392,0,0,0,-0.24555805,0.4389171
3327,91,392,0,0,0,-0.24555805,0.4389171
3328,98,392,0,0,0,-0.24555805,0.4389171
3329,109,392,0,0,0,-0.24555805,0.4389171
3330,110,392,0,0,0,-0.24555805,0.4389171
3331,145,392,0,0,0,-0.24555805,0.4389171
3332,234,392,0,0,0,-0.24555805,0.4389171
3333,255,392,0,0,0,-0.24555805,0.4389171
3334,282,392,0,0,0,-0.24555805,0.4389171
3335,291,392,0,0,0,-0.24555805,0.4389171
3336,60,393,0,0,0,-0.24555805,0.4389171
3337,61,393,0,0,0,-0.24555805,0.4389171
3338,63,393,0,0,0,-0.24555805,0.4389171
3339,107,393,0,0,0,-0.24555805,0.4389171
3340,109,393,0,0,0,-0.24555805,0.4389171
3341,142,393,0,0,0,-0.24555805,0.4389171
3342,162,393,0,0,0,-0.24555805,0.4389171
3343,165,393,0,0,0,-0.24555805,0.4389171
3344,168,393,0,0,0,-0.24555805,0.4389171
3345,97,394,0,0,0,-0.24555805,0.4389171
3346,158,394,0,0,0,-0.24555805,0.4389171
3347,210,394,0,0,0,-0.24555805,0.4389171
3348,211,394,0,0,0,-0.24555805,0.4389171
3349,239,394,0,0,0,-0.24555805,0.4389171
3350,255,394,0,0,0,-0.24555805,0.4389171
3351,256,394,0,0,0,-0.24555805,0.4389171
3352,265,394,0,0,0,-0.24555805,0.4389171
3353,274,394,0,0,0,-0.24555805,0.4389171
3354,38,395,0,0,0,-0.24555805,0.4389171
3355,46,395,0,0,0,-0.24555805,0.4389171
3356,70,395,0,0,0,-0.24555805,0.4389171
3357,84,395,0,0,0,-0.24555805,0.4389171
3358,101,395,0,0,0,-0.24555805,0.4389171
3359,115,395,0,0,0,-0.24555805,0.4389171
3360,140,395,0,0,0,-0.24555805,0.4389171
3361,159,395,0,0,0,-0.24555805,0.4389171
3362,194,395,0,0,0,-0.24555805,0.4389171
3363,247,395,0,0,0,-0.24555805,0.4389171
3364,58,396,0,0,0,-0.24555805,0.4389171
3365,69,396,0,0,0,-0.24555805,0.4389171
3366,88,396,0,0,0,-0.24555805,0.4389171
3367,116,396,0,0,0,-0.24555805,0.4389171
3368,140,396,0,0,0,-0.24555805,0.4389171
3369,192,396,0,0,0,-0.24555805,0.4389171
3370,235,396,0,0,0,-0.24555805,0.4389171
3371,254,396,0,0,0,-0.24555805,0.4389171
3372,258,396,0,0,0,-0.24555805,0.4389171
3373,6,412,0,0,0,-0.24555805,0.4389171
3374,20,412,0,0,0,-0.24555805,0.4389171
3375,88,412,0,0,0,-0.24555805,0.4389171
3376,115,412,0,0,0,-0.24555805,0.4389171
3377,130,412,0,0,0,-0.24555805,0.4389171
3378,144,412,0,0,0,-0.24555805,0.4389171
3379,154,412,0,0,0,-0.24555805,0.4389171
3380,216,412,0,0,0,-0.24555805,0.4389171
3381,277,412,0,0,0,-0.24555805,0.4389171
3382,47,413,0,0,0,-0.24555805,0.4389171
3383,62,413,0,0,0,-0.24555805,0.4389171
3384,81,413,0,0,0,-0.24555805,0.4389171
3385,101,413,0,0,0,-0.24555805,0.4389171
3386,106,413,0,0,0,-0.24555805,0.4389171
3387,109,413,0,0,0,-0.24555805,0.4389171
3388,155,413,0,0,0,-0.24555805,0.4389171
3389,160,413,0,0,0,-0.24555805,0.4389171
3390,174,413,0,0,0,-0.24555805,0.4389171
3391,51,414,0,0,0,-0.24555805,0.4389171
3392,106,414,0,0,0,-0.24555805,0.4389171
3393,146,414,0,0,0,-0.24555805,0.4389171
3394,150,414,0,0,0,-0.24555805,0.4389171
3395,151,414,0,0,0,-0.24555805,0.4389171
3396,173,414,0,0,0,-0.24555805,0.4389171
3397,251,414,0,0,0,-0.24555805,0.4389171
3398,271,414,0,0,0,-0.24555805,0.4389171
3399,273,414,0,0,0,-0.24555805,0.4389171
3400,37,415,0,0,0,-0.24555805,0.4389171
3401,38,415,0,0,0,-0.24555805,0.4389171
3402,69,415,0,0,0,-0.24555805,0.4389171
3403,86,415,0,0,0,-0.24555805,0.4389171
3404,170,415,0,0,0,-0.24555805,0.4389171
3405,198,415,0,0,0,-0.24555805,0.4389171
3406,206,415,0,0,0,-0.24555805,0.4389171
3407,249,415,0,0,0,-0.24555805,0.4389171
3408,285,415,0,0,0,-0.24555805,0.4389171
3409,12,416,0,0,0,-0.24555805,0.4389171
3410,35,416,0,0,0,-0.24555805,0.4389171
3411,40,416,0,0,0,-0.24555805,0.4389171
3412,73,416,0,0,0,-0.24555805,0.4389171
3413,76,416,0,0,0,-0.24555805,0.4389171
3414,155,416,0,0,0,-0.24555805,0.4389171
3415,189,416,0,0,0,-0.24555805,0.4389171
3416,191,416,0,0,0,-0.24555805,0.4389171
3417,206,416,0,0,0,-0.24555805,0.4389171
3418,30,417,0,0,0,-0.24555805,0.4389171
3419,90,417,0,0,0,-0.24555805,0.4389171
3420,92,417,0,0,0,-0.24555805,0.4389171
3421,122,417,0,0,0,-0.24555805,0.4389171
3422,176,417,0,0,0,-0.24555805,0.4389171
3423,186,417,0,0,0,-0.24555805,0.4389171
3424,201,417,0,0,0,-0.24555805,0.4389171
3425,205,417,0,0,0,-0.24555805,0.4389171
3426,288,417,0,0,0,-0.24555805,0.4389171
3427,24,418,0,0,0,-0.24555805,0.4389171
3429,74,418,0,0,0,-0.24555805,0.4389171
3430,158,418,0,0,0,-0.24555805,0.4389171
3431,184,418,0,0,0,-0.24555805,0.4389171
3432,187,418,0,0,0,-0.24555805,0.4389171
3433,207,418,0,0,0,-0.24555805,0.4389171
3434,249,418,0,0,0,-0.24555805,0.4389171
3435,287,418,0,0,0,-0.24555805,0.4389171
3436,9,421,0,0,0,-0.24555805,0.4389171
3437,10,421,0,0,0,-0.24555805,0.4389171
3438,27,421,0,0,0,-0.24555805,0.4389171
3439,48,421,0,0,0,-0.24555805,0.4389171
3440,115,421,0,0,0,-0.24555805,0.4389171
3441,168,421,0,0,0,-0.24555805,0.4389171
3442,180,421,0,0,0,-0.24555805,0.4389171
3443,225,421,0,0,0,-0.24555805,0.4389171
3444,272,421,0,0,0,-0.24555805,0.4389171
3445,18,425,0,0,0,-0.24555805,0.4389171
3446,34,425,0,0,0,-0.24555805,0.4389171
3447,133,425,0,0,0,-0.24555805,0.4389171
3448,161,425,0,0,0,-0.24555805,0.4389171
3449,169,425,0,0,0,-0.24555805,0.4389171
3450,170,425,0,0,0,-0.24555805,0.4389171
3451,189,425,0,0,0,-0.24555805,0.4389171
3452,200,425,0,0,0,-0.24555805,0.4389171
3453,236,425,0,0,0,-0.24555805,0.4389171
3454,239,425,0,0,0,-0.24555805,0.4389171
3455,24,426,0,0,0,-0.24555805,0.4389171
3456,86,426,0,0,0,-0.24555805,0.4389171
3457,87,426,0,0,0,-0.24555805,0.4389171
3458,91,426,0,0,0,-0.24555805,0.4389171
3459,106,426,0,0,0,-0.24555805,0.4389171
3460,119,426,0,0,0,-0.24555805,0.4389171
3461,138,426,0,0,0,-0.24555805,0.4389171
3462,278,426,0,0,0,-0.24555805,0.4389171
3463,285,426,0,0,0,-0.24555805,0.4389171
3464,17,427,0,0,0,-0.24555805,0.4389171
3465,76,427,0,0,0,-0.24555805,0.4389171
3466,87,427,0,0,0,-0.24555805,0.4389171
3467,113,427,0,0,0,-0.24555805,0.4389171
3468,133,427,0,0,0,-0.24555805,0.4389171
3469,177,427,0,0,0,-0.24555805,0.4389171
3470,207,427,0,0,0,-0.24555805,0.4389171
3471,276,427,0,0,0,-0.24555805,0.4389171
3472,278,427,0,0,0,-0.24555805,0.4389171
3473,0,428,0,0,0,-0.24555805,0.4389171
3474,1,428,0,0,0,-0.24555805,0.4389171
3475,58,428,0,0,0,-0.24555805,0.4389171
3476,107,428,0,0,0,-0.24555805,0.4389171
3477,121,428,0,0,0,-0.24555805,0.4389171
3478,138,428,0,0,0,-0.24555805,0.4389171
3479,176,428,0,0,0,-0.24555805,0.4389171
3480,221,428,0,0,0,-0.24555805,0.4389171
3481,267,428,0,0,0,-0.24555805,0.4389171
3482,65,430,0,0,0,-0.24555805,0.4389171
3483,73,430,0,0,0,-0.24555805,0.4389171
3484,120,430,0,0,0,-0.24555805,0.4389171
3485,123,430,0,0,0,-0.24555805,0.4389171
3486,161,430,0,0,0,-0.24555805,0.4389171
3487,168,430,0,0,0,-0.24555805,0.4389171
3488,170,430,0,0,0,-0.24555805,0.4389171
3489,191,430,0,0,0,-0.24555805,0.4389171
3490,231,430,0,0,0,-0.24555805,0.4389171
3491,40,432,0,0,0,-0.24555805,0.4389171
3492,136,432,0,0,0,-0.24555805,0.4389171
3493,139,432,0,0,0,-0.24555805,0.4389171
3494,148,432,0,0,0,-0.24555805,0.4389171
3495,160,432,0,0,0,-0.24555805,0.4389171
3496,166,432,0,0,0,-0.24555805,0.4389171
3497,182,432,0,0,0,-0.24555805,0.4389171
3498,187,432,0,0,0,-0.24555805,0.4389171
3499,265,432,0,0,0,-0.24555805,0.4389171
3500,23,433,0,0,0,-0.24555805,0.4389171
3501,44,433,0,0,0,-0.24555805,0.4389171
3502,46,433,0,0,0,-0.24555805,0.4389171
3503,84,433,0,0,0,-0.24555805,0.4389171
3504,98,433,0,0,0,-0.24555805,0.4389171
3505,100,433,0,0,0,-0.24555805,0.4389171
3506,211,433,0,0,0,-0.24555805,0.4389171
3507,245,433,0,0,0,-0.24555805,0.4389171
3508,287,433,0,0,0,-0.24555805,0.4389171
3509,5,434,0,0,0,-0.24555805,0.4389171
3510,74,434,0,0,0,-0.24555805,0.4389171
3511,99,434,0,0,0,-0.24555805,0.4389171
3512,110,434,0,0,0,-0.24555805,0.4389171
3513,129,434,0,0,0,-0.24555805,0.4389171
3514,189,434,0,0,0,-0.24555805,0.4389171
3515,215,434,0,0,0,-0.24555805,0.4389171
3516,232,434,0,0,0,-0.24555805,0.4389171
3517,235,434,0,0,0,-0.24555805,0.4389171
3518,3,435,0,0,0,-0.24555805,0.4389171
3519,26,435,0,0,0,-0.24555805,0.4389171
3520,58,435,0,0,0,-0.24555805,0.4389171
3521,164,435,0,0,0,-0.24555805,0.4389171
3522,170,435,0,0,0,-0.24555805,0.4389171
3523,212,435,0,0,0,-0.24555805,0.4389171
3524,262,435,0,0,0,-0.24555805,0.4389171
3525,272,435,0,0,0,-0.24555805,0.4389171
3526,278,435,0,0,0,-0.24555805,0.4389171
