Dock Index,Enzyme Index,Substrate Index,Label,dataset_id,tag,logit,prob
0,19,0,1,0,0,-4.00989,0.017812354
1,19,1,1,0,0,-4.00989,0.017812354
2,131,2,1,0,0,-10.778189,2.0848896e-05
3,131,4,1,0,0,-10.778189,2.0848896e-05
4,246,5,1,0,0,-5.415153,0.0044289543
5,246,7,1,0,0,-5.415153,0.0044289543
6,246,8,1,0,0,-5.415153,0.0044289543
7,246,9,1,0,0,-5.415153,0.0044289543
8,246,10,1,0,0,-5.415153,0.0044289543
10,133,12,1,0,0,-1.9941921,0.11981406
11,181,13,1,0,0,-9.736992,5.9054433e-05
12,181,14,1,0,0,-9.736992,5.9054433e-05
13,181,15,1,0,0,-9.736992,5.9054433e-05
14,242,17,1,0,0,-5.5430446,0.003899326
16,47,19,1,0,0,-3.6272845,0.025899658
17,209,20,1,0,0,-12.141372,5.334171e-06
18,143,21,1,0,0,-12.856398,2.609374e-06
19,143,22,1,0,0,-12.856398,2.609374e-06
20,97,23,1,0,0,-0.22589633,0.44376487
21,259,24,1,0,0,-8.919579,0.00013372672
22,175,25,1,0,0,-1.0147481,0.26605168
23,36,26,1,0,0,-10.067298,4.2443346e-05
25,157,28,1,0,0,-9.022123,0.000120694975
35,118,39,1,0,0,-1.0502741,0.25917247
36,24,40,1,0,0,0.52314365,0.62788254
42,19,46,1,0,0,-4.00989,0.017812354
43,19,47,1,0,0,-4.00989,0.017812354
44,44,48,1,0,0,-7.5255637,0.0005388342
45,114,49,1,0,0,-0.056803763,0.4858029
46,26,50,1,0,0,-3.6351619,0.025701663
47,27,51,1,0,0,-3.6682513,0.024885945
48,27,52,1,0,0,-3.6682513,0.024885945
49,27,53,1,0,0,-3.6682513,0.024885945
50,291,54,1,0,0,-4.189009,0.014934868
51,291,55,1,0,0,-4.189009,0.014934868
52,291,56,1,0,0,-4.189009,0.014934868
53,290,50,1,0,0,-4.1531453,0.015471773
55,178,15,1,0,0,-12.063389,5.766792e-06
56,178,58,1,0,0,-12.063389,5.766792e-06
57,10,1,1,0,0,-6.4848247,0.001524102
58,10,59,1,0,0,-6.4848247,0.001524102
59,99,60,1,0,0,-4.230797,0.014332395
60,230,60,1,0,0,-4.7198215,0.008837964
61,230,61,1,0,0,-4.7198215,0.008837964
79,63,75,1,0,0,-24.557558,2.1616632e-11
80,248,12,1,0,0,-9.580698,6.904397e-05
81,102,75,1,0,0,-4.3252306,0.013057739
82,104,76,1,0,0,-4.8173656,0.008023174
83,103,77,1,0,0,-5.09085,0.006115163
84,13,78,1,0,0,-5.2638826,0.0051485277
85,225,60,1,0,0,-4.1494913,0.015527531
86,203,79,1,0,0,-4.162895,0.015323958
87,132,25,1,0,0,-1.2696991,0.21930876
88,132,80,1,0,0,-1.2696991,0.21930876
89,115,12,1,0,0,-1.8530681,0.13551307
90,35,81,1,0,0,-4.496363,0.011026531
91,198,48,1,0,0,-0.56011003,0.363522
92,6,82,1,0,0,-10.794163,2.0518508e-05
93,177,83,1,0,0,-3.7325225,0.023373019
94,177,24,1,0,0,-3.7325225,0.023373019
95,177,84,1,0,0,-3.7325225,0.023373019
97,170,24,1,0,0,-4.358667,0.012633779
98,31,86,1,0,0,-1.0316149,0.26277113
99,30,23,1,0,0,-1.0254779,0.26396176
107,168,93,1,0,0,-2.6705666,0.064732656
108,22,94,1,0,0,-9.701094,6.121276e-05
109,45,39,1,0,0,-9.94191,4.8113012e-05
110,25,12,1,0,0,-1.6093197,0.1666831
115,14,24,1,0,0,-4.7086105,0.008936713
116,33,98,1,0,0,-1.4263923,0.19366142
117,174,25,1,0,0,-1.488128,0.18420288
118,92,99,1,0,0,-29.485659,1.5650967e-13
121,137,102,1,0,0,-11.661214,8.62175e-06
122,137,103,1,0,0,-11.661214,8.62175e-06
123,127,104,1,0,0,-11.448885,1.0661242e-05
124,127,105,1,0,0,-11.448885,1.0661242e-05
125,139,106,1,0,0,-11.815565,7.3885985e-06
126,139,107,1,0,0,-11.815565,7.3885985e-06
127,139,108,1,0,0,-11.815565,7.3885985e-06
128,139,109,1,0,0,-11.815565,7.3885985e-06
132,70,113,1,0,0,-33.953594,1.795318e-15
133,70,115,1,0,0,-33.953594,1.795318e-15
134,69,117,1,0,0,-32.320786,9.188851e-15
136,72,119,1,0,0,-26.342642,3.6269037e-12
137,72,120,1,0,0,-26.342642,3.6269037e-12
141,288,124,1,0,0,-5.510645,0.004027215
150,285,133,1,0,0,-5.502831,0.004058678
151,235,134,1,0,0,-5.588744,0.003725788
152,285,135,1,0,0,-5.502831,0.004058678
153,285,136,1,0,0,-5.502831,0.004058678
154,285,138,1,0,0,-5.502831,0.004058678
155,285,139,1,0,0,-5.502831,0.004058678
158,84,142,1,0,0,-33.734406,2.2352899e-15
159,84,143,1,0,0,-33.734406,2.2352899e-15
160,263,99,1,0,0,-22.253307,2.1652669e-10
161,262,145,1,0,0,-23.29535,7.6376266e-11
162,263,146,1,0,0,-22.253307,2.1652669e-10
169,77,75,1,0,0,-20.260212,1.588919e-09
170,245,0,1,0,0,-4.029029,0.017480591
171,244,1,1,0,0,-4.0986953,0.016323436
172,18,46,1,0,0,-3.953546,0.01882535
173,20,152,1,0,0,-3.9169593,0.019513177
177,189,153,1,0,0,-11.833694,7.255856e-06
183,76,157,1,0,0,-31.510298,2.0665768e-14
184,76,158,1,0,0,-31.510298,2.0665768e-14
185,76,159,1,0,0,-31.510298,2.0665768e-14
186,76,160,1,0,0,-31.510298,2.0665768e-14
187,66,161,1,0,0,-26.913443,2.0494643e-12
188,66,162,1,0,0,-26.913443,2.0494643e-12
195,65,169,1,0,0,-26.862143,2.1573455e-12
196,74,170,1,0,0,-28.846336,2.966165e-13
198,74,172,1,0,0,-28.846336,2.966165e-13
201,74,175,1,0,0,-28.846336,2.966165e-13
202,75,176,1,0,0,-29.220228,2.0408737e-13
203,75,151,1,0,0,-29.220228,2.0408737e-13
204,74,125,1,0,0,-28.846336,2.966165e-13
206,85,178,1,0,0,-28.34491,4.897361e-13
207,60,179,1,0,0,-29.681648,1.286542e-13
208,85,180,1,0,0,-28.34491,4.897361e-13
213,59,185,1,0,0,-29.914837,1.01894655e-13
214,9,186,1,0,0,-6.315263,0.0018052257
215,9,187,1,0,0,-6.315263,0.0018052257
216,273,25,1,0,0,-6.876468,0.0010307182
218,272,98,1,0,0,-6.3795614,0.0016929954
221,267,191,1,0,0,-6.4151864,0.001633841
222,274,192,1,0,0,-6.8080893,0.0011035827
226,7,160,1,0,0,-6.695773,0.0012345997
227,220,193,1,0,0,-6.8481216,0.0010603222
228,167,24,1,0,0,-5.637743,0.0035482612
240,220,205,1,0,0,-6.8481216,0.0010603222
241,220,206,1,0,0,-6.8481216,0.0010603222
244,17,209,1,0,0,-6.427183,0.0016143888
247,120,5,1,0,0,-7.1569815,0.0007787967
250,121,214,1,0,0,-6.4490995,0.0015794474
251,119,215,1,0,0,-6.371889,0.0017060124
253,122,217,1,0,0,-6.681708,0.0012520655
254,16,218,1,0,0,-6.4277906,0.00161341
255,16,219,1,0,0,-6.4277906,0.00161341
256,277,220,1,0,0,-7.141347,0.00079105876
260,207,120,1,0,0,-8.539485,0.00019555273
261,207,225,1,0,0,-8.539485,0.00019555273
262,206,226,1,0,0,-8.460536,0.0002116138
263,206,227,1,0,0,-8.460536,0.0002116138
271,67,124,1,0,0,-32.62722,6.7636064e-15
272,67,177,1,0,0,-32.62722,6.7636064e-15
273,67,233,1,0,0,-32.62722,6.7636064e-15
274,67,234,1,0,0,-32.62722,6.7636064e-15
275,67,136,1,0,0,-32.62722,6.7636064e-15
276,68,235,1,0,0,-32.69593,6.3144832e-15
277,67,236,1,0,0,-32.62722,6.7636064e-15
283,93,241,1,0,0,-28.628984,3.6862944e-13
284,129,242,1,0,0,-5.1109896,0.0059939683
290,265,246,1,0,0,-3.5957518,0.0267072
291,265,247,1,0,0,-3.5957518,0.0267072
292,265,248,1,0,0,-3.5957518,0.0267072
296,142,60,1,0,0,-5.134391,0.0058561424
305,154,60,1,0,0,-4.0358515,0.017363798
307,201,259,1,0,0,-4.3222294,0.013096472
324,151,273,1,0,0,-4.6408596,0.009557178
325,152,60,1,0,0,-4.6651115,0.009330323
326,151,274,1,0,0,-4.6408596,0.009557178
327,151,275,1,0,0,-4.6408596,0.009557178
328,151,276,1,0,0,-4.6408596,0.009557178
333,204,17,1,0,0,-7.3362913,0.00065103796
341,264,287,1,0,0,-7.25523,0.00070597115
355,204,301,1,0,0,-7.3362913,0.00065103796
356,204,302,1,0,0,-7.3362913,0.00065103796
357,204,303,1,0,0,-7.3362913,0.00065103796
358,204,304,1,0,0,-7.3362913,0.00065103796
359,204,305,1,0,0,-7.3362913,0.00065103796
360,204,306,1,0,0,-7.3362913,0.00065103796
361,204,307,1,0,0,-7.3362913,0.00065103796
362,204,308,1,0,0,-7.3362913,0.00065103796
363,204,309,1,0,0,-7.3362913,0.00065103796
367,264,313,1,0,0,-7.25523,0.00070597115
368,264,314,1,0,0,-7.25523,0.00070597115
382,5,259,1,0,0,-11.306353,1.2294422e-05
384,247,326,1,0,0,-12.616839,3.3156969e-06
385,149,327,1,0,0,-4.609678,0.009856899
386,149,328,1,0,0,-4.609678,0.009856899
387,149,329,1,0,0,-4.609678,0.009856899
390,73,331,1,0,0,-28.924707,2.742579e-13
392,73,125,1,0,0,-28.924707,2.742579e-13
393,73,332,1,0,0,-28.924707,2.742579e-13
394,160,333,1,0,0,-8.901551,0.00013615898
395,130,134,1,0,0,-5.564266,0.0038177606
396,135,134,1,0,0,-7.305379,0.0006714637
397,163,329,1,0,0,-4.646488,0.009504046
398,163,334,1,0,0,-4.646488,0.009504046
399,163,335,1,0,0,-4.646488,0.009504046
400,279,336,1,0,0,-4.890723,0.007459916
401,279,337,1,0,0,-4.890723,0.007459916
402,279,338,1,0,0,-4.890723,0.007459916
403,279,339,1,0,0,-4.890723,0.007459916
404,279,340,1,0,0,-4.890723,0.007459916
405,279,341,1,0,0,-4.890723,0.007459916
406,163,342,1,0,0,-4.646488,0.009504046
407,163,343,1,0,0,-4.646488,0.009504046
408,163,344,1,0,0,-4.646488,0.009504046
409,163,345,1,0,0,-4.646488,0.009504046
410,163,346,1,0,0,-4.646488,0.009504046
411,163,347,1,0,0,-4.646488,0.009504046
414,163,350,1,0,0,-4.646488,0.009504046
415,279,351,1,0,0,-4.890723,0.007459916
416,278,352,1,0,0,-4.75481,0.00853668
417,163,353,1,0,0,-4.646488,0.009504046
418,163,354,1,0,0,-4.646488,0.009504046
420,163,356,1,0,0,-4.646488,0.009504046
421,163,328,1,0,0,-4.646488,0.009504046
422,163,357,1,0,0,-4.646488,0.009504046
423,164,358,1,0,0,-4.689009,0.009112
424,162,359,1,0,0,-4.573507,0.010216251
425,280,360,1,0,0,-4.9435015,0.0070791193
426,163,361,1,0,0,-4.646488,0.009504046
427,163,362,1,0,0,-4.646488,0.009504046
428,163,363,1,0,0,-4.646488,0.009504046
429,163,364,1,0,0,-4.646488,0.009504046
430,163,365,1,0,0,-4.646488,0.009504046
431,163,366,1,0,0,-4.646488,0.009504046
432,163,367,1,0,0,-4.646488,0.009504046
433,163,368,1,0,0,-4.646488,0.009504046
435,279,370,1,0,0,-4.890723,0.007459916
437,162,374,1,0,0,-4.573507,0.010216251
438,163,375,1,0,0,-4.646488,0.009504046
439,163,376,1,0,0,-4.646488,0.009504046
440,163,377,1,0,0,-4.646488,0.009504046
441,163,327,1,0,0,-4.646488,0.009504046
442,161,380,1,0,0,-4.7440996,0.008627808
446,12,381,1,0,0,-11.921619,6.6451316e-06
451,105,386,1,0,0,-13.88211,9.3556935e-07
457,144,390,1,0,0,-13.312113,1.65433e-06
458,144,391,1,0,0,-13.312113,1.65433e-06
460,208,392,1,0,0,-11.986773,6.225986e-06
461,34,326,1,0,0,-11.847534,7.1561294e-06
462,23,24,1,0,0,-11.820374,7.3531564e-06
463,256,393,1,0,0,-11.952312,6.444272e-06
464,166,394,1,0,0,-6.364871,0.0017180068
465,172,395,1,0,0,-8.922697,0.00013331039
466,172,75,1,0,0,-8.922697,0.00013331039
467,172,259,1,0,0,-8.922697,0.00013331039
468,171,396,1,0,0,-8.777845,0.00015408602
469,134,24,1,0,0,-8.061856,0.0003152415
470,196,153,1,0,0,-7.389171,0.00061752636
471,234,327,1,0,0,-5.5442653,0.0038945877
489,2,120,1,0,0,-10.612773,2.4599178e-05
490,96,80,1,0,0,-10.345365,3.21404e-05
491,145,24,1,0,0,-8.995043,0.00012400771
492,243,259,1,0,0,-9.344288,8.745595e-05
494,147,412,1,0,0,-7.8131685,0.00040421129
495,281,413,1,0,0,-6.546318,0.0014333335
496,156,414,1,0,0,-5.4726124,0.004182677
497,156,415,1,0,0,-5.4726124,0.004182677
498,109,416,1,0,0,-8.081067,0.0003092451
499,109,417,1,0,0,-8.081067,0.0003092451
500,180,418,1,0,0,-8.670341,0.00017157121
502,21,421,1,0,0,-21.120436,6.7221984e-10
505,183,425,1,0,0,-8.683641,0.00016930467
507,210,426,1,0,0,-8.489185,0.00020563845
508,214,427,1,0,0,-8.060989,0.0003155148
509,228,428,1,0,0,-5.128701,0.00588936
510,229,430,1,0,0,-8.679853,0.00016994709
512,141,432,1,0,0,-5.8608303,0.0028407841
513,217,433,1,0,0,-3.1783233,0.039989654
514,32,434,1,0,0,-4.2563834,0.013975389
515,113,435,1,0,0,-7.5883584,0.0005060553
1000,1,0,0,0,0,-10.530191,2.6716796e-05
1001,5,0,0,0,0,-11.306353,1.2294422e-05
1002,42,0,0,0,0,-10.1149,4.0470382e-05
1003,51,0,0,0,0,-10.143198,3.9341234e-05
1004,53,0,0,0,0,-10.711,2.2297796e-05
1005,57,0,0,0,0,-9.997419,4.551517e-05
1006,61,0,0,0,0,-9.06033,0.00011617109
1007,109,0,0,0,0,-8.081067,0.0003092451
1008,116,0,0,0,0,-4.387389,0.012280462
1009,124,0,0,0,0,-13.138779,1.9674335e-06
1010,150,0,0,0,0,-5.120925,0.0059350627
1011,163,0,0,0,0,-4.646488,0.009504046
1012,166,0,0,0,0,-6.364871,0.0017180068
1013,220,0,0,0,0,-6.8481216,0.0010603222
1014,231,0,0,0,0,-2.7595682,0.059548542
1015,236,0,0,0,0,-5.5737257,0.0037819527
1016,262,0,0,0,0,-23.29535,7.6376266e-11
1017,268,0,0,0,0,-6.2045164,0.0020162123
1018,274,0,0,0,0,-6.8080893,0.0011035827
1019,13,1,0,0,0,-5.2638826,0.0051485277
1020,41,1,0,0,0,-19.18611,4.651344e-09
1021,47,1,0,0,0,-3.6272845,0.025899658
1022,48,1,0,0,0,-6.149761,0.0021294472
1023,61,1,0,0,0,-9.06033,0.00011617109
1024,74,1,0,0,0,-28.846336,2.966165e-13
1025,132,1,0,0,0,-1.2696991,0.21930876
1026,151,1,0,0,0,-4.6408596,0.009557178
1027,153,1,0,0,0,-3.58629,0.026954256
1028,162,1,0,0,0,-4.573507,0.010216251
1029,178,1,0,0,0,-12.063389,5.766792e-06
1030,182,1,0,0,0,-1.11708,0.24655332
1031,186,1,0,0,0,-11.790701,7.5746116e-06
1032,190,1,0,0,0,-11.63661,8.836507e-06
1033,192,1,0,0,0,-8.389225,0.00022725172
1034,196,1,0,0,0,-7.389171,0.00061752636
1035,208,1,0,0,0,-11.986773,6.225986e-06
1036,209,1,0,0,0,-12.141372,5.334171e-06
1037,222,1,0,0,0,-7.049753,0.000866871
1038,224,1,0,0,0,-7.7215147,0.00044299246
1039,243,1,0,0,0,-9.344288,8.745595e-05
1040,246,1,0,0,0,-5.415153,0.0044289543
1041,263,1,0,0,0,-22.253307,2.1652669e-10
1042,267,1,0,0,0,-6.4151864,0.001633841
1043,272,1,0,0,0,-6.3795614,0.0016929954
1044,275,1,0,0,0,-6.9375253,0.00096972747
1045,281,1,0,0,0,-6.546318,0.0014333335
1046,288,1,0,0,0,-5.510645,0.004027215
1047,12,2,0,0,0,-11.921619,6.6451316e-06
1048,16,2,0,0,0,-6.4277906,0.00161341
1049,25,2,0,0,0,-1.6093197,0.1666831
1050,66,2,0,0,0,-26.913443,2.0494643e-12
1051,115,2,0,0,0,-1.8530681,0.13551307
1052,135,2,0,0,0,-7.305379,0.0006714637
1053,220,2,0,0,0,-6.8481216,0.0010603222
1054,235,2,0,0,0,-5.588744,0.003725788
1055,254,2,0,0,0,-3.9696255,0.018530635
1056,273,2,0,0,0,-6.876468,0.0010307182
1057,276,2,0,0,0,-6.8135567,0.0010975719
1058,52,4,0,0,0,-10.180883,3.788629e-05
1059,62,4,0,0,0,-9.01691,0.000121325815
1060,72,4,0,0,0,-26.342642,3.6269037e-12
1061,118,4,0,0,0,-1.0502741,0.25917247
1062,225,4,0,0,0,-4.1494913,0.015527531
1063,241,4,0,0,0,-5.96101,0.0025706822
1064,248,4,0,0,0,-9.580698,6.904397e-05
1065,255,4,0,0,0,-5.58364,0.003744782
1066,278,4,0,0,0,-4.75481,0.00853668
1067,4,5,0,0,0,-7.0657344,0.00085313915
1068,16,5,0,0,0,-6.4277906,0.00161341
1069,76,5,0,0,0,-31.510298,2.0665768e-14
1070,103,5,0,0,0,-5.09085,0.006115163
1071,104,5,0,0,0,-4.8173656,0.008023174
1072,131,5,0,0,0,-10.778189,2.0848896e-05
1073,140,5,0,0,0,-6.073734,0.00229727
1074,153,5,0,0,0,-3.58629,0.026954256
1075,160,5,0,0,0,-8.901551,0.00013615898
1076,187,5,0,0,0,-11.711824,8.19626e-06
1077,209,5,0,0,0,-12.141372,5.334171e-06
1078,227,5,0,0,0,-5.1236973,0.0059187287
1079,242,5,0,0,0,-5.5430446,0.003899326
1080,249,5,0,0,0,-5.089004,0.006126392
1081,255,5,0,0,0,-5.58364,0.003744782
1082,260,5,0,0,0,-10.352643,3.1907326e-05
1083,267,5,0,0,0,-6.4151864,0.001633841
1084,279,5,0,0,0,-4.890723,0.007459916
1085,291,5,0,0,0,-4.189009,0.014934868
1086,17,7,0,0,0,-6.427183,0.0016143888
1087,135,7,0,0,0,-7.305379,0.0006714637
1088,150,7,0,0,0,-5.120925,0.0059350627
1089,164,7,0,0,0,-4.689009,0.009112
1090,227,7,0,0,0,-5.1236973,0.0059187287
1091,245,7,0,0,0,-4.029029,0.017480591
1092,257,7,0,0,0,-9.801531,5.536371e-05
1093,264,7,0,0,0,-7.25523,0.00070597115
1094,272,7,0,0,0,-6.3795614,0.0016929954
1095,50,8,0,0,0,-12.558171,3.5160415e-06
1096,93,8,0,0,0,-28.628984,3.6862944e-13
1097,134,8,0,0,0,-8.061856,0.0003152415
1098,158,8,0,0,0,-9.052331,0.000117104006
1099,221,8,0,0,0,-6.3151937,0.0018053503
1100,229,8,0,0,0,-8.679853,0.00016994709
1101,236,8,0,0,0,-5.5737257,0.0037819527
1102,241,8,0,0,0,-5.96101,0.0025706822
1103,254,8,0,0,0,-3.9696255,0.018530635
1104,274,8,0,0,0,-6.8080893,0.0011035827
1105,32,9,0,0,0,-4.2563834,0.013975389
1106,49,9,0,0,0,-9.552636,7.100877e-05
1107,74,9,0,0,0,-28.846336,2.966165e-13
1108,100,9,0,0,0,-9.882284,5.106888e-05
1109,138,9,0,0,0,-10.581043,2.5392197e-05
1110,191,9,0,0,0,-11.781135,7.64742e-06
1111,213,9,0,0,0,-7.9402933,0.00035597524
1112,235,9,0,0,0,-5.588744,0.003725788
1113,265,9,0,0,0,-3.5957518,0.0267072
1114,0,10,0,0,0,-7.1963058,0.0007487879
1115,7,10,0,0,0,-6.695773,0.0012345997
1116,42,10,0,0,0,-10.1149,4.0470382e-05
1117,47,10,0,0,0,-3.6272845,0.025899658
1118,61,10,0,0,0,-9.06033,0.00011617109
1119,102,10,0,0,0,-4.3252306,0.013057739
1120,127,10,0,0,0,-11.448885,1.0661242e-05
1121,217,10,0,0,0,-3.1783233,0.039989654
1122,236,10,0,0,0,-5.5737257,0.0037819527
1123,290,10,0,0,0,-4.1531453,0.015471773
1133,7,12,0,0,0,-6.695773,0.0012345997
1134,13,12,0,0,0,-5.2638826,0.0051485277
1135,27,12,0,0,0,-3.6682513,0.024885945
1136,38,12,0,0,0,-12.624295,3.2910677e-06
1137,44,12,0,0,0,-7.5255637,0.0005388342
1138,55,12,0,0,0,-18.448061,9.729912e-09
1139,63,12,0,0,0,-24.557558,2.1616632e-11
1140,68,12,0,0,0,-32.69593,6.3144832e-15
1141,70,12,0,0,0,-33.953594,1.795318e-15
1142,77,12,0,0,0,-20.260212,1.588919e-09
1143,79,12,0,0,0,-11.769199,7.73924e-06
1144,82,12,0,0,0,-10.42568,2.9660041e-05
1145,88,12,0,0,0,-14.1094475,7.4532295e-07
1146,102,12,0,0,0,-4.3252306,0.013057739
1147,107,12,0,0,0,-30.726496,4.5253528e-14
1148,117,12,0,0,0,-0.9617768,0.2765226
1149,153,12,0,0,0,-3.58629,0.026954256
1150,160,12,0,0,0,-8.901551,0.00013615898
1151,161,12,0,0,0,-4.7440996,0.008627808
1152,171,12,0,0,0,-8.777845,0.00015408602
1153,172,12,0,0,0,-8.922697,0.00013331039
1154,182,12,0,0,0,-1.11708,0.24655332
1155,185,12,0,0,0,-11.799093,7.5113094e-06
1156,197,12,0,0,0,-10.945261,1.7641109e-05
1157,205,12,0,0,0,-8.400805,0.0002246358
1158,216,12,0,0,0,-11.594105,9.220199e-06
1159,220,12,0,0,0,-6.8481216,0.0010603222
1160,230,12,0,0,0,-4.7198215,0.008837964
1161,240,12,0,0,0,-5.5670557,0.0038071664
1162,249,12,0,0,0,-5.089004,0.006126392
1163,254,12,0,0,0,-3.9696255,0.018530635
1164,255,12,0,0,0,-5.58364,0.003744782
1165,267,12,0,0,0,-6.4151864,0.001633841
1166,272,12,0,0,0,-6.3795614,0.0016929954
1167,273,12,0,0,0,-6.876468,0.0010307182
1168,275,12,0,0,0,-6.9375253,0.00096972747
1169,280,12,0,0,0,-4.9435015,0.0070791193
1170,17,13,0,0,0,-6.427183,0.0016143888
1171,35,13,0,0,0,-4.496363,0.011026531
1172,88,13,0,0,0,-14.1094475,7.4532295e-07
1173,89,13,0,0,0,-42.23592,4.541225e-19
1174,101,13,0,0,0,-31.942759,1.341023e-14
1175,120,13,0,0,0,-7.1569815,0.0007787967
1176,174,13,0,0,0,-1.488128,0.18420288
1177,208,13,0,0,0,-11.986773,6.225986e-06
1178,239,13,0,0,0,-5.6251745,0.0035929778
1179,242,13,0,0,0,-5.5430446,0.003899326
1180,291,13,0,0,0,-4.189009,0.014934868
1181,10,14,0,0,0,-6.4848247,0.001524102
1182,23,14,0,0,0,-11.820374,7.3531564e-06
1183,24,14,0,0,0,0.52314365,0.62788254
1184,66,14,0,0,0,-26.913443,2.0494643e-12
1185,97,14,0,0,0,-0.22589633,0.44376487
1186,239,14,0,0,0,-5.6251745,0.0035929778
1187,256,14,0,0,0,-11.952312,6.444272e-06
1188,282,14,0,0,0,-5.5719776,0.0037885446
1189,289,14,0,0,0,-12.653185,3.1973505e-06
1190,40,15,0,0,0,-11.913744,6.6976713e-06
1191,70,15,0,0,0,-33.953594,1.795318e-15
1192,82,15,0,0,0,-10.42568,2.9660041e-05
1193,89,15,0,0,0,-42.23592,4.541225e-19
1194,96,15,0,0,0,-10.345365,3.21404e-05
1195,112,15,0,0,0,-8.587188,0.000186445
1196,136,15,0,0,0,-8.902584,0.00013601844
1197,141,15,0,0,0,-5.8608303,0.0028407841
1198,149,15,0,0,0,-4.609678,0.009856899
1199,158,15,0,0,0,-9.052331,0.000117104006
1200,179,15,0,0,0,-8.7247925,0.00016248011
1201,200,15,0,0,0,-10.789567,2.061302e-05
1202,204,15,0,0,0,-7.3362913,0.00065103796
1203,217,15,0,0,0,-3.1783233,0.039989654
1204,224,15,0,0,0,-7.7215147,0.00044299246
1205,246,15,0,0,0,-5.415153,0.0044289543
1206,265,15,0,0,0,-3.5957518,0.0267072
1207,276,15,0,0,0,-6.8135567,0.0010975719
1208,284,15,0,0,0,-5.479499,0.0041540912
1209,2,17,0,0,0,-10.612773,2.4599178e-05
1210,47,17,0,0,0,-3.6272845,0.025899658
1211,48,17,0,0,0,-6.149761,0.0021294472
1212,61,17,0,0,0,-9.06033,0.00011617109
1213,90,17,0,0,0,-28.992865,2.5618806e-13
1214,110,17,0,0,0,-1.7256985,0.15113862
1215,119,17,0,0,0,-6.371889,0.0017060124
1216,142,17,0,0,0,-5.134391,0.0058561424
1217,168,17,0,0,0,-2.6705666,0.064732656
1218,171,17,0,0,0,-8.777845,0.00015408602
1219,212,17,0,0,0,-8.096607,0.000304478
1220,233,17,0,0,0,-8.223019,0.0002683316
1221,240,17,0,0,0,-5.5670557,0.0038071664
1222,248,17,0,0,0,-9.580698,6.904397e-05
1223,256,17,0,0,0,-11.952312,6.444272e-06
1224,277,17,0,0,0,-7.141347,0.00079105876
1225,280,17,0,0,0,-4.9435015,0.0070791193
1226,281,17,0,0,0,-6.546318,0.0014333335
1227,291,17,0,0,0,-4.189009,0.014934868
1228,13,18,0,0,0,-5.2638826,0.0051485277
1229,56,18,0,0,0,-17.330717,2.974166e-08
1230,80,18,0,0,0,-13.82761,9.879725e-07
1232,110,18,0,0,0,-1.7256985,0.15113862
1233,111,18,0,0,0,-8.584954,0.00018686183
1234,145,18,0,0,0,-8.995043,0.00012400771
1236,286,18,0,0,0,-4.917144,0.0072668153
1237,50,19,0,0,0,-12.558171,3.5160415e-06
1238,52,19,0,0,0,-10.180883,3.788629e-05
1239,55,19,0,0,0,-18.448061,9.729912e-09
1240,68,19,0,0,0,-32.69593,6.3144832e-15
1241,88,19,0,0,0,-14.1094475,7.4532295e-07
1242,138,19,0,0,0,-10.581043,2.5392197e-05
1243,140,19,0,0,0,-6.073734,0.00229727
1244,153,19,0,0,0,-3.58629,0.026954256
1245,229,19,0,0,0,-8.679853,0.00016994709
1246,30,20,0,0,0,-1.0254779,0.26396176
1247,32,20,0,0,0,-4.2563834,0.013975389
1248,54,20,0,0,0,-12.534652,3.5997168e-06
1249,94,20,0,0,0,-30.663422,4.8199793e-14
1250,143,20,0,0,0,-12.856398,2.609374e-06
1251,151,20,0,0,0,-4.6408596,0.009557178
1252,162,20,0,0,0,-4.573507,0.010216251
1253,184,20,0,0,0,-11.441387,1.0741477e-05
1254,270,20,0,0,0,-6.1340647,0.0021630628
1255,7,21,0,0,0,-6.695773,0.0012345997
1256,29,21,0,0,0,-5.176631,0.00561529
1257,32,21,0,0,0,-4.2563834,0.013975389
1258,82,21,0,0,0,-10.42568,2.9660041e-05
1259,133,21,0,0,0,-1.9941921,0.11981406
1260,135,21,0,0,0,-7.305379,0.0006714637
1261,164,21,0,0,0,-4.689009,0.009112
1262,214,21,0,0,0,-8.060989,0.0003155148
1263,216,21,0,0,0,-11.594105,9.220199e-06
1264,11,22,0,0,0,-11.010553,1.6526095e-05
1265,48,22,0,0,0,-6.149761,0.0021294472
1266,49,22,0,0,0,-9.552636,7.100877e-05
1267,62,22,0,0,0,-9.01691,0.000121325815
1268,121,22,0,0,0,-6.4490995,0.0015794474
1269,161,22,0,0,0,-4.7440996,0.008627808
1270,164,22,0,0,0,-4.689009,0.009112
1271,182,22,0,0,0,-1.11708,0.24655332
1272,241,22,0,0,0,-5.96101,0.0025706822
1273,12,23,0,0,0,-11.921619,6.6451316e-06
1274,19,23,0,0,0,-4.00989,0.017812354
1275,29,23,0,0,0,-5.176631,0.00561529
1276,62,23,0,0,0,-9.01691,0.000121325815
1277,113,23,0,0,0,-7.5883584,0.0005060553
1278,132,23,0,0,0,-1.2696991,0.21930876
1279,148,23,0,0,0,-5.481124,0.004147374
1280,152,23,0,0,0,-4.6651115,0.009330323
1281,153,23,0,0,0,-3.58629,0.026954256
1282,165,23,0,0,0,-4.7598147,0.008494423
1283,173,23,0,0,0,-7.706811,0.0004495513
1284,186,23,0,0,0,-11.790701,7.5746116e-06
1285,195,23,0,0,0,-9.710101,6.0663897e-05
1286,204,23,0,0,0,-7.3362913,0.00065103796
1287,211,23,0,0,0,-8.664099,0.00017264529
1288,225,23,0,0,0,-4.1494913,0.015527531
1289,230,23,0,0,0,-4.7198215,0.008837964
1290,245,23,0,0,0,-4.029029,0.017480591
1291,267,23,0,0,0,-6.4151864,0.001633841
1292,2,24,0,0,0,-10.612773,2.4599178e-05
1293,4,24,0,0,0,-7.0657344,0.00085313915
1294,5,24,0,0,0,-11.306353,1.2294422e-05
1295,7,24,0,0,0,-6.695773,0.0012345997
1296,9,24,0,0,0,-6.315263,0.0018052257
1297,10,24,0,0,0,-6.4848247,0.001524102
1298,15,24,0,0,0,-6.661152,0.001278036
1299,20,24,0,0,0,-3.9169593,0.019513177
1300,24,24,0,0,0,0.52314365,0.62788254
1301,30,24,0,0,0,-1.0254779,0.26396176
1302,34,24,0,0,0,-11.847534,7.1561294e-06
1303,37,24,0,0,0,-9.5270405,7.2849616e-05
1304,39,24,0,0,0,-11.443222,1.0721787e-05
1305,47,24,0,0,0,-3.6272845,0.025899658
1306,48,24,0,0,0,-6.149761,0.0021294472
1307,58,24,0,0,0,-29.542746,1.4782525e-13
1308,59,24,0,0,0,-29.914837,1.01894655e-13
1309,60,24,0,0,0,-29.681648,1.286542e-13
1310,62,24,0,0,0,-9.01691,0.000121325815
1311,63,24,0,0,0,-24.557558,2.1616632e-11
1312,64,24,0,0,0,-24.457676,2.3887258e-11
1313,66,24,0,0,0,-26.913443,2.0494643e-12
1314,67,24,0,0,0,-32.62722,6.7636064e-15
1315,69,24,0,0,0,-32.320786,9.188851e-15
1316,72,24,0,0,0,-26.342642,3.6269037e-12
1317,82,24,0,0,0,-10.42568,2.9660041e-05
1318,83,24,0,0,0,-20.397533,1.3850447e-09
1319,85,24,0,0,0,-28.34491,4.897361e-13
1320,89,24,0,0,0,-42.23592,4.541225e-19
1321,93,24,0,0,0,-28.628984,3.6862944e-13
1322,99,24,0,0,0,-4.230797,0.014332395
1323,101,24,0,0,0,-31.942759,1.341023e-14
1324,104,24,0,0,0,-4.8173656,0.008023174
1325,109,24,0,0,0,-8.081067,0.0003092451
1326,110,24,0,0,0,-1.7256985,0.15113862
1327,125,24,0,0,0,-31.960213,1.3178196e-14
1328,136,24,0,0,0,-8.902584,0.00013601844
1329,138,24,0,0,0,-10.581043,2.5392197e-05
1330,143,24,0,0,0,-12.856398,2.609374e-06
1331,147,24,0,0,0,-7.8131685,0.00040421129
1332,148,24,0,0,0,-5.481124,0.004147374
1333,157,24,0,0,0,-9.022123,0.000120694975
1334,158,24,0,0,0,-9.052331,0.000117104006
1335,160,24,0,0,0,-8.901551,0.00013615898
1336,166,24,0,0,0,-6.364871,0.0017180068
1337,169,24,0,0,0,-3.6256375,0.025941243
1338,171,24,0,0,0,-8.777845,0.00015408602
1339,174,24,0,0,0,-1.488128,0.18420288
1340,176,24,0,0,0,-2.5620267,0.07162266
1341,178,24,0,0,0,-12.063389,5.766792e-06
1342,184,24,0,0,0,-11.441387,1.0741477e-05
1343,190,24,0,0,0,-11.63661,8.836507e-06
1344,192,24,0,0,0,-8.389225,0.00022725172
1345,199,24,0,0,0,-7.860381,0.0003855781
1346,203,24,0,0,0,-4.162895,0.015323958
1347,208,24,0,0,0,-11.986773,6.225986e-06
1348,211,24,0,0,0,-8.664099,0.00017264529
1349,220,24,0,0,0,-6.8481216,0.0010603222
1350,221,24,0,0,0,-6.3151937,0.0018053503
1351,225,24,0,0,0,-4.1494913,0.015527531
1352,226,24,0,0,0,-3.0626903,0.04467275
1353,229,24,0,0,0,-8.679853,0.00016994709
1354,232,24,0,0,0,-6.329008,0.0017806259
1355,235,24,0,0,0,-5.588744,0.003725788
1356,241,24,0,0,0,-5.96101,0.0025706822
1357,253,24,0,0,0,-4.0922594,0.0164271
1358,257,24,0,0,0,-9.801531,5.536371e-05
1359,264,24,0,0,0,-7.25523,0.00070597115
1360,266,24,0,0,0,-6.4880314,0.0015192298
1361,271,24,0,0,0,-6.729328,0.0011939086
1362,275,24,0,0,0,-6.9375253,0.00096972747
1363,278,24,0,0,0,-4.75481,0.00853668
1364,285,24,0,0,0,-5.502831,0.004058678
1365,286,24,0,0,0,-4.917144,0.0072668153
1366,291,24,0,0,0,-4.189009,0.014934868
1367,2,25,0,0,0,-10.612773,2.4599178e-05
1368,9,25,0,0,0,-6.315263,0.0018052257
1369,19,25,0,0,0,-4.00989,0.017812354
1370,29,25,0,0,0,-5.176631,0.00561529
1371,43,25,0,0,0,-12.007364,6.0990938e-06
1372,51,25,0,0,0,-10.143198,3.9341234e-05
1373,70,25,0,0,0,-33.953594,1.795318e-15
1374,77,25,0,0,0,-20.260212,1.588919e-09
1375,78,25,0,0,0,-10.63675,2.4016384e-05
1376,81,25,0,0,0,-10.341732,3.225736e-05
1377,88,25,0,0,0,-14.1094475,7.4532295e-07
1378,97,25,0,0,0,-0.22589633,0.44376487
1379,103,25,0,0,0,-5.09085,0.006115163
1380,114,25,0,0,0,-0.056803763,0.4858029
1381,120,25,0,0,0,-7.1569815,0.0007787967
1382,125,25,0,0,0,-31.960213,1.3178196e-14
1383,138,25,0,0,0,-10.581043,2.5392197e-05
1384,144,25,0,0,0,-13.312113,1.65433e-06
1385,156,25,0,0,0,-5.4726124,0.004182677
1386,162,25,0,0,0,-4.573507,0.010216251
1387,180,25,0,0,0,-8.670341,0.00017157121
1388,186,25,0,0,0,-11.790701,7.5746116e-06
1389,188,25,0,0,0,-11.465377,1.0486861e-05
1390,189,25,0,0,0,-11.833694,7.255856e-06
1391,195,25,0,0,0,-9.710101,6.0663897e-05
1392,196,25,0,0,0,-7.389171,0.00061752636
1393,210,25,0,0,0,-8.489185,0.00020563845
1394,215,25,0,0,0,-7.664294,0.00046906795
1395,216,25,0,0,0,-11.594105,9.220199e-06
1396,244,25,0,0,0,-4.0986953,0.016323436
1397,245,25,0,0,0,-4.029029,0.017480591
1398,251,25,0,0,0,-2.9442487,0.05000904
1399,253,25,0,0,0,-4.0922594,0.0164271
1400,259,25,0,0,0,-8.919579,0.00013372672
1401,274,25,0,0,0,-6.8080893,0.0011035827
1402,281,25,0,0,0,-6.546318,0.0014333335
1403,287,25,0,0,0,-5.251899,0.005210275
1404,22,26,0,0,0,-9.701094,6.121276e-05
1405,81,26,0,0,0,-10.341732,3.225736e-05
1406,113,26,0,0,0,-7.5883584,0.0005060553
1407,160,26,0,0,0,-8.901551,0.00013615898
1408,197,26,0,0,0,-10.945261,1.7641109e-05
1409,205,26,0,0,0,-8.400805,0.0002246358
1410,271,26,0,0,0,-6.729328,0.0011939086
1411,275,26,0,0,0,-6.9375253,0.00096972747
1412,286,26,0,0,0,-4.917144,0.0072668153
1413,21,27,0,0,0,-21.120436,6.7221984e-10
1415,53,27,0,0,0,-10.711,2.2297796e-05
1416,72,27,0,0,0,-26.342642,3.6269037e-12
1418,160,27,0,0,0,-8.901551,0.00013615898
1420,201,27,0,0,0,-4.3222294,0.013096472
1422,68,28,0,0,0,-32.69593,6.3144832e-15
1423,83,28,0,0,0,-20.397533,1.3850447e-09
1424,98,28,0,0,0,-40.076416,3.935806e-18
1425,148,28,0,0,0,-5.481124,0.004147374
1426,151,28,0,0,0,-4.6408596,0.009557178
1427,153,28,0,0,0,-3.58629,0.026954256
1428,185,28,0,0,0,-11.799093,7.5113094e-06
1429,201,28,0,0,0,-4.3222294,0.013096472
1430,288,28,0,0,0,-5.510645,0.004027215
1431,1,39,0,0,0,-10.530191,2.6716796e-05
1432,4,39,0,0,0,-7.0657344,0.00085313915
1433,14,39,0,0,0,-4.7086105,0.008936713
1434,15,39,0,0,0,-6.661152,0.001278036
1435,60,39,0,0,0,-29.681648,1.286542e-13
1436,75,39,0,0,0,-29.220228,2.0408737e-13
1437,84,39,0,0,0,-33.734406,2.2352899e-15
1438,88,39,0,0,0,-14.1094475,7.4532295e-07
1439,92,39,0,0,0,-29.485659,1.5650967e-13
1440,98,39,0,0,0,-40.076416,3.935806e-18
1441,165,39,0,0,0,-4.7598147,0.008494423
1442,186,39,0,0,0,-11.790701,7.5746116e-06
1443,195,39,0,0,0,-9.710101,6.0663897e-05
1444,222,39,0,0,0,-7.049753,0.000866871
1445,255,39,0,0,0,-5.58364,0.003744782
1446,275,39,0,0,0,-6.9375253,0.00096972747
1447,276,39,0,0,0,-6.8135567,0.0010975719
1448,287,39,0,0,0,-5.251899,0.005210275
1449,288,39,0,0,0,-5.510645,0.004027215
1450,33,40,0,0,0,-1.4263923,0.19366142
1451,55,40,0,0,0,-18.448061,9.729912e-09
1452,65,40,0,0,0,-26.862143,2.1573455e-12
1453,79,40,0,0,0,-11.769199,7.73924e-06
1454,112,40,0,0,0,-8.587188,0.000186445
1455,130,40,0,0,0,-5.564266,0.0038177606
1456,157,40,0,0,0,-9.022123,0.000120694975
1457,191,40,0,0,0,-11.781135,7.64742e-06
1458,283,40,0,0,0,-5.501476,0.00406416
1459,37,46,0,0,0,-9.5270405,7.2849616e-05
1460,39,46,0,0,0,-11.443222,1.0721787e-05
1461,44,46,0,0,0,-7.5255637,0.0005388342
1462,56,46,0,0,0,-17.330717,2.974166e-08
1463,62,46,0,0,0,-9.01691,0.000121325815
1464,63,46,0,0,0,-24.557558,2.1616632e-11
1465,87,46,0,0,0,-23.25806,7.9278e-11
1466,130,46,0,0,0,-5.564266,0.0038177606
1467,138,46,0,0,0,-10.581043,2.5392197e-05
1468,158,46,0,0,0,-9.052331,0.000117104006
1469,171,46,0,0,0,-8.777845,0.00015408602
1470,180,46,0,0,0,-8.670341,0.00017157121
1471,182,46,0,0,0,-1.11708,0.24655332
1472,187,46,0,0,0,-11.711824,8.19626e-06
1473,199,46,0,0,0,-7.860381,0.0003855781
1474,242,46,0,0,0,-5.5430446,0.003899326
1475,252,46,0,0,0,-3.890014,0.020035436
1476,258,46,0,0,0,-6.7669363,0.0011498925
1477,266,46,0,0,0,-6.4880314,0.0015192298
1478,277,46,0,0,0,-7.141347,0.00079105876
1479,45,47,0,0,0,-9.94191,4.8113012e-05
1480,87,47,0,0,0,-23.25806,7.9278e-11
1481,117,47,0,0,0,-0.9617768,0.2765226
1482,138,47,0,0,0,-10.581043,2.5392197e-05
1483,162,47,0,0,0,-4.573507,0.010216251
1484,169,47,0,0,0,-3.6256375,0.025941243
1485,181,47,0,0,0,-9.736992,5.9054433e-05
1486,227,47,0,0,0,-5.1236973,0.0059187287
1487,263,47,0,0,0,-22.253307,2.1652669e-10
1488,270,47,0,0,0,-6.1340647,0.0021630628
1489,66,48,0,0,0,-26.913443,2.0494643e-12
1490,80,48,0,0,0,-13.82761,9.879725e-07
1491,91,48,0,0,0,-30.046082,8.936194e-14
1492,102,48,0,0,0,-4.3252306,0.013057739
1493,110,48,0,0,0,-1.7256985,0.15113862
1494,114,48,0,0,0,-0.056803763,0.4858029
1495,140,48,0,0,0,-6.073734,0.00229727
1496,163,48,0,0,0,-4.646488,0.009504046
1497,168,48,0,0,0,-2.6705666,0.064732656
1498,172,48,0,0,0,-8.922697,0.00013331039
1499,181,48,0,0,0,-9.736992,5.9054433e-05
1500,182,48,0,0,0,-1.11708,0.24655332
1501,199,48,0,0,0,-7.860381,0.0003855781
1502,211,48,0,0,0,-8.664099,0.00017264529
1503,214,48,0,0,0,-8.060989,0.0003155148
1504,227,48,0,0,0,-5.1236973,0.0059187287
1505,233,48,0,0,0,-8.223019,0.0002683316
1506,246,48,0,0,0,-5.415153,0.0044289543
1507,263,48,0,0,0,-22.253307,2.1652669e-10
1508,60,49,0,0,0,-29.681648,1.286542e-13
1509,74,49,0,0,0,-28.846336,2.966165e-13
1510,137,49,0,0,0,-11.661214,8.62175e-06
1511,139,49,0,0,0,-11.815565,7.3885985e-06
1512,140,49,0,0,0,-6.073734,0.00229727
1513,166,49,0,0,0,-6.364871,0.0017180068
1514,171,49,0,0,0,-8.777845,0.00015408602
1515,233,49,0,0,0,-8.223019,0.0002683316
1516,290,49,0,0,0,-4.1531453,0.015471773
1517,11,50,0,0,0,-11.010553,1.6526095e-05
1518,49,50,0,0,0,-9.552636,7.100877e-05
1519,64,50,0,0,0,-24.457676,2.3887258e-11
1520,74,50,0,0,0,-28.846336,2.966165e-13
1521,109,50,0,0,0,-8.081067,0.0003092451
1522,121,50,0,0,0,-6.4490995,0.0015794474
1523,140,50,0,0,0,-6.073734,0.00229727
1524,153,50,0,0,0,-3.58629,0.026954256
1525,171,50,0,0,0,-8.777845,0.00015408602
1526,172,50,0,0,0,-8.922697,0.00013331039
1527,175,50,0,0,0,-1.0147481,0.26605168
1528,184,50,0,0,0,-11.441387,1.0741477e-05
1529,208,50,0,0,0,-11.986773,6.225986e-06
1530,209,50,0,0,0,-12.141372,5.334171e-06
1531,213,50,0,0,0,-7.9402933,0.00035597524
1532,222,50,0,0,0,-7.049753,0.000866871
1533,242,50,0,0,0,-5.5430446,0.003899326
1534,263,50,0,0,0,-22.253307,2.1652669e-10
1535,275,50,0,0,0,-6.9375253,0.00096972747
1536,291,50,0,0,0,-4.189009,0.014934868
1537,5,51,0,0,0,-11.306353,1.2294422e-05
1538,31,51,0,0,0,-1.0316149,0.26277113
1539,67,51,0,0,0,-32.62722,6.7636064e-15
1540,89,51,0,0,0,-42.23592,4.541225e-19
1541,132,51,0,0,0,-1.2696991,0.21930876
1542,139,51,0,0,0,-11.815565,7.3885985e-06
1543,172,51,0,0,0,-8.922697,0.00013331039
1544,183,51,0,0,0,-8.683641,0.00016930467
1545,208,51,0,0,0,-11.986773,6.225986e-06
1546,6,52,0,0,0,-10.794163,2.0518508e-05
1547,19,52,0,0,0,-4.00989,0.017812354
1548,62,52,0,0,0,-9.01691,0.000121325815
1549,114,52,0,0,0,-0.056803763,0.4858029
1550,174,52,0,0,0,-1.488128,0.18420288
1551,176,52,0,0,0,-2.5620267,0.07162266
1552,216,52,0,0,0,-11.594105,9.220199e-06
1553,252,52,0,0,0,-3.890014,0.020035436
1554,256,52,0,0,0,-11.952312,6.444272e-06
1555,9,53,0,0,0,-6.315263,0.0018052257
1556,41,53,0,0,0,-19.18611,4.651344e-09
1557,109,53,0,0,0,-8.081067,0.0003092451
1558,140,53,0,0,0,-6.073734,0.00229727
1559,144,53,0,0,0,-13.312113,1.65433e-06
1560,170,53,0,0,0,-4.358667,0.012633779
1561,192,53,0,0,0,-8.389225,0.00022725172
1562,242,53,0,0,0,-5.5430446,0.003899326
1563,274,53,0,0,0,-6.8080893,0.0011035827
1564,282,53,0,0,0,-5.5719776,0.0037885446
1565,5,54,0,0,0,-11.306353,1.2294422e-05
1566,48,54,0,0,0,-6.149761,0.0021294472
1567,79,54,0,0,0,-11.769199,7.73924e-06
1568,97,54,0,0,0,-0.22589633,0.44376487
1569,106,54,0,0,0,-27.44633,1.2028479e-12
1570,113,54,0,0,0,-7.5883584,0.0005060553
1571,170,54,0,0,0,-4.358667,0.012633779
1572,244,54,0,0,0,-4.0986953,0.016323436
1573,285,54,0,0,0,-5.502831,0.004058678
1574,14,55,0,0,0,-4.7086105,0.008936713
1575,43,55,0,0,0,-12.007364,6.0990938e-06
1576,55,55,0,0,0,-18.448061,9.729912e-09
1577,68,55,0,0,0,-32.69593,6.3144832e-15
1578,87,55,0,0,0,-23.25806,7.9278e-11
1579,140,55,0,0,0,-6.073734,0.00229727
1580,160,55,0,0,0,-8.901551,0.00013615898
1581,216,55,0,0,0,-11.594105,9.220199e-06
1582,277,55,0,0,0,-7.141347,0.00079105876
1583,22,56,0,0,0,-9.701094,6.121276e-05
1584,94,56,0,0,0,-30.663422,4.8199793e-14
1585,119,56,0,0,0,-6.371889,0.0017060124
1586,176,56,0,0,0,-2.5620267,0.07162266
1587,177,56,0,0,0,-3.7325225,0.023373019
1588,179,56,0,0,0,-8.7247925,0.00016248011
1589,191,56,0,0,0,-11.781135,7.64742e-06
1590,217,56,0,0,0,-3.1783233,0.039989654
1591,248,56,0,0,0,-9.580698,6.904397e-05
1592,272,56,0,0,0,-6.3795614,0.0016929954
1593,11,58,0,0,0,-11.010553,1.6526095e-05
1594,18,58,0,0,0,-3.953546,0.01882535
1595,64,58,0,0,0,-24.457676,2.3887258e-11
1596,68,58,0,0,0,-32.69593,6.3144832e-15
1597,130,58,0,0,0,-5.564266,0.0038177606
1598,132,58,0,0,0,-1.2696991,0.21930876
1599,164,58,0,0,0,-4.689009,0.009112
1600,169,58,0,0,0,-3.6256375,0.025941243
1601,254,58,0,0,0,-3.9696255,0.018530635
1602,259,58,0,0,0,-8.919579,0.00013372672
1603,103,59,0,0,0,-5.09085,0.006115163
1604,132,59,0,0,0,-1.2696991,0.21930876
1605,143,59,0,0,0,-12.856398,2.609374e-06
1606,190,59,0,0,0,-11.63661,8.836507e-06
1607,191,59,0,0,0,-11.781135,7.64742e-06
1608,208,59,0,0,0,-11.986773,6.225986e-06
1609,246,59,0,0,0,-5.415153,0.0044289543
1610,255,59,0,0,0,-5.58364,0.003744782
1611,273,59,0,0,0,-6.876468,0.0010307182
1612,7,60,0,0,0,-6.695773,0.0012345997
1613,27,60,0,0,0,-3.6682513,0.024885945
1614,32,60,0,0,0,-4.2563834,0.013975389
1615,33,60,0,0,0,-1.4263923,0.19366142
1616,34,60,0,0,0,-11.847534,7.1561294e-06
1617,39,60,0,0,0,-11.443222,1.0721787e-05
1618,46,60,0,0,0,-18.193285,1.2553266e-08
1619,53,60,0,0,0,-10.711,2.2297796e-05
1620,54,60,0,0,0,-12.534652,3.5997168e-06
1621,61,60,0,0,0,-9.06033,0.00011617109
1622,69,60,0,0,0,-32.320786,9.188851e-15
1623,83,60,0,0,0,-20.397533,1.3850447e-09
1624,89,60,0,0,0,-42.23592,4.541225e-19
1625,92,60,0,0,0,-29.485659,1.5650967e-13
1626,93,60,0,0,0,-28.628984,3.6862944e-13
1627,102,60,0,0,0,-4.3252306,0.013057739
1628,111,60,0,0,0,-8.584954,0.00018686183
1629,113,60,0,0,0,-7.5883584,0.0005060553
1630,120,60,0,0,0,-7.1569815,0.0007787967
1631,127,60,0,0,0,-11.448885,1.0661242e-05
1632,133,60,0,0,0,-1.9941921,0.11981406
1633,134,60,0,0,0,-8.061856,0.0003152415
1634,137,60,0,0,0,-11.661214,8.62175e-06
1635,139,60,0,0,0,-11.815565,7.3885985e-06
1636,141,60,0,0,0,-5.8608303,0.0028407841
1637,147,60,0,0,0,-7.8131685,0.00040421129
1638,158,60,0,0,0,-9.052331,0.000117104006
1639,161,60,0,0,0,-4.7440996,0.008627808
1640,163,60,0,0,0,-4.646488,0.009504046
1641,168,60,0,0,0,-2.6705666,0.064732656
1642,172,60,0,0,0,-8.922697,0.00013331039
1643,179,60,0,0,0,-8.7247925,0.00016248011
1644,189,60,0,0,0,-11.833694,7.255856e-06
1645,190,60,0,0,0,-11.63661,8.836507e-06
1646,191,60,0,0,0,-11.781135,7.64742e-06
1647,203,60,0,0,0,-4.162895,0.015323958
1648,205,60,0,0,0,-8.400805,0.0002246358
1649,209,60,0,0,0,-12.141372,5.334171e-06
1650,217,60,0,0,0,-3.1783233,0.039989654
1651,224,60,0,0,0,-7.7215147,0.00044299246
1652,229,60,0,0,0,-8.679853,0.00016994709
1653,231,60,0,0,0,-2.7595682,0.059548542
1654,234,60,0,0,0,-5.5442653,0.0038945877
1655,249,60,0,0,0,-5.089004,0.006126392
1656,258,60,0,0,0,-6.7669363,0.0011498925
1657,262,60,0,0,0,-23.29535,7.6376266e-11
1658,265,60,0,0,0,-3.5957518,0.0267072
1659,266,60,0,0,0,-6.4880314,0.0015192298
1660,271,60,0,0,0,-6.729328,0.0011939086
1661,273,60,0,0,0,-6.876468,0.0010307182
1662,276,60,0,0,0,-6.8135567,0.0010975719
1663,278,60,0,0,0,-4.75481,0.00853668
1664,280,60,0,0,0,-4.9435015,0.0070791193
1665,281,60,0,0,0,-6.546318,0.0014333335
1666,286,60,0,0,0,-4.917144,0.0072668153
1667,291,60,0,0,0,-4.189009,0.014934868
1668,17,61,0,0,0,-6.427183,0.0016143888
1669,31,61,0,0,0,-1.0316149,0.26277113
1670,67,61,0,0,0,-32.62722,6.7636064e-15
1671,73,61,0,0,0,-28.924707,2.742579e-13
1672,77,61,0,0,0,-20.260212,1.588919e-09
1673,78,61,0,0,0,-10.63675,2.4016384e-05
1674,97,61,0,0,0,-0.22589633,0.44376487
1675,145,61,0,0,0,-8.995043,0.00012400771
1676,155,61,0,0,0,-9.12571,0.00010881968
1677,3,75,0,0,0,-5.6165066,0.0036241435
1678,14,75,0,0,0,-4.7086105,0.008936713
1679,20,75,0,0,0,-3.9169593,0.019513177
1680,27,75,0,0,0,-3.6682513,0.024885945
1681,29,75,0,0,0,-5.176631,0.00561529
1682,47,75,0,0,0,-3.6272845,0.025899658
1683,48,75,0,0,0,-6.149761,0.0021294472
1684,66,75,0,0,0,-26.913443,2.0494643e-12
1685,72,75,0,0,0,-26.342642,3.6269037e-12
1686,75,75,0,0,0,-29.220228,2.0408737e-13
1687,80,75,0,0,0,-13.82761,9.879725e-07
1688,81,75,0,0,0,-10.341732,3.225736e-05
1689,85,75,0,0,0,-28.34491,4.897361e-13
1690,88,75,0,0,0,-14.1094475,7.4532295e-07
1691,93,75,0,0,0,-28.628984,3.6862944e-13
1692,98,75,0,0,0,-40.076416,3.935806e-18
1693,100,75,0,0,0,-9.882284,5.106888e-05
1694,117,75,0,0,0,-0.9617768,0.2765226
1695,136,75,0,0,0,-8.902584,0.00013601844
1696,141,75,0,0,0,-5.8608303,0.0028407841
1697,158,75,0,0,0,-9.052331,0.000117104006
1698,171,75,0,0,0,-8.777845,0.00015408602
1699,174,75,0,0,0,-1.488128,0.18420288
1700,186,75,0,0,0,-11.790701,7.5746116e-06
1701,188,75,0,0,0,-11.465377,1.0486861e-05
1702,192,75,0,0,0,-8.389225,0.00022725172
1703,215,75,0,0,0,-7.664294,0.00046906795
1704,218,75,0,0,0,-5.9544997,0.0025874292
1705,245,75,0,0,0,-4.029029,0.017480591
1706,249,75,0,0,0,-5.089004,0.006126392
1707,253,75,0,0,0,-4.0922594,0.0164271
1708,263,75,0,0,0,-22.253307,2.1652669e-10
1709,271,75,0,0,0,-6.729328,0.0011939086
1710,274,75,0,0,0,-6.8080893,0.0011035827
1711,277,75,0,0,0,-7.141347,0.00079105876
1712,290,75,0,0,0,-4.1531453,0.015471773
1713,291,75,0,0,0,-4.189009,0.014934868
1714,46,76,0,0,0,-18.193285,1.2553266e-08
1715,87,76,0,0,0,-23.25806,7.9278e-11
1716,103,76,0,0,0,-5.09085,0.006115163
1717,110,76,0,0,0,-1.7256985,0.15113862
1718,117,76,0,0,0,-0.9617768,0.2765226
1719,125,76,0,0,0,-31.960213,1.3178196e-14
1720,221,76,0,0,0,-6.3151937,0.0018053503
1721,227,76,0,0,0,-5.1236973,0.0059187287
1722,263,76,0,0,0,-22.253307,2.1652669e-10
1723,81,77,0,0,0,-10.341732,3.225736e-05
1724,109,77,0,0,0,-8.081067,0.0003092451
1725,161,77,0,0,0,-4.7440996,0.008627808
1726,188,77,0,0,0,-11.465377,1.0486861e-05
1727,193,77,0,0,0,-8.404422,0.00022382509
1728,208,77,0,0,0,-11.986773,6.225986e-06
1729,221,77,0,0,0,-6.3151937,0.0018053503
1730,231,77,0,0,0,-2.7595682,0.059548542
1731,243,77,0,0,0,-9.344288,8.745595e-05
1732,285,77,0,0,0,-5.502831,0.004058678
1733,41,78,0,0,0,-19.18611,4.651344e-09
1734,47,78,0,0,0,-3.6272845,0.025899658
1735,59,78,0,0,0,-29.914837,1.01894655e-13
1736,60,78,0,0,0,-29.681648,1.286542e-13
1737,81,78,0,0,0,-10.341732,3.225736e-05
1738,102,78,0,0,0,-4.3252306,0.013057739
1739,110,78,0,0,0,-1.7256985,0.15113862
1740,184,78,0,0,0,-11.441387,1.0741477e-05
1741,255,78,0,0,0,-5.58364,0.003744782
1742,15,79,0,0,0,-6.661152,0.001278036
1743,74,79,0,0,0,-28.846336,2.966165e-13
1744,88,79,0,0,0,-14.1094475,7.4532295e-07
1745,97,79,0,0,0,-0.22589633,0.44376487
1746,105,79,0,0,0,-13.88211,9.3556935e-07
1747,139,79,0,0,0,-11.815565,7.3885985e-06
1748,157,79,0,0,0,-9.022123,0.000120694975
1749,225,79,0,0,0,-4.1494913,0.015527531
1750,227,79,0,0,0,-5.1236973,0.0059187287
1751,291,79,0,0,0,-4.189009,0.014934868
1752,4,80,0,0,0,-7.0657344,0.00085313915
1753,24,80,0,0,0,0.52314365,0.62788254
1754,55,80,0,0,0,-18.448061,9.729912e-09
1755,70,80,0,0,0,-33.953594,1.795318e-15
1756,73,80,0,0,0,-28.924707,2.742579e-13
1757,115,80,0,0,0,-1.8530681,0.13551307
1758,143,80,0,0,0,-12.856398,2.609374e-06
1759,151,80,0,0,0,-4.6408596,0.009557178
1760,171,80,0,0,0,-8.777845,0.00015408602
1761,185,80,0,0,0,-11.799093,7.5113094e-06
1762,187,80,0,0,0,-11.711824,8.19626e-06
1763,190,80,0,0,0,-11.63661,8.836507e-06
1764,197,80,0,0,0,-10.945261,1.7641109e-05
1765,208,80,0,0,0,-11.986773,6.225986e-06
1766,242,80,0,0,0,-5.5430446,0.003899326
1767,244,80,0,0,0,-4.0986953,0.016323436
1768,254,80,0,0,0,-3.9696255,0.018530635
1769,259,80,0,0,0,-8.919579,0.00013372672
1770,278,80,0,0,0,-4.75481,0.00853668
1771,41,81,0,0,0,-19.18611,4.651344e-09
1772,51,81,0,0,0,-10.143198,3.9341234e-05
1773,133,81,0,0,0,-1.9941921,0.11981406
1774,180,81,0,0,0,-8.670341,0.00017157121
1775,244,81,0,0,0,-4.0986953,0.016323436
1776,247,81,0,0,0,-12.616839,3.3156969e-06
1777,280,81,0,0,0,-4.9435015,0.0070791193
1778,282,81,0,0,0,-5.5719776,0.0037885446
1779,290,81,0,0,0,-4.1531453,0.015471773
1780,20,82,0,0,0,-3.9169593,0.019513177
1781,22,82,0,0,0,-9.701094,6.121276e-05
1782,36,82,0,0,0,-10.067298,4.2443346e-05
1783,42,82,0,0,0,-10.1149,4.0470382e-05
1784,56,82,0,0,0,-17.330717,2.974166e-08
1785,144,82,0,0,0,-13.312113,1.65433e-06
1786,154,82,0,0,0,-4.0358515,0.017363798
1787,239,82,0,0,0,-5.6251745,0.0035929778
1788,249,82,0,0,0,-5.089004,0.006126392
1789,281,82,0,0,0,-6.546318,0.0014333335
1790,11,83,0,0,0,-11.010553,1.6526095e-05
1791,13,83,0,0,0,-5.2638826,0.0051485277
1792,68,83,0,0,0,-32.69593,6.3144832e-15
1793,78,83,0,0,0,-10.63675,2.4016384e-05
1794,165,83,0,0,0,-4.7598147,0.008494423
1795,200,83,0,0,0,-10.789567,2.061302e-05
1796,241,83,0,0,0,-5.96101,0.0025706822
1797,254,83,0,0,0,-3.9696255,0.018530635
1798,287,83,0,0,0,-5.251899,0.005210275
1799,9,84,0,0,0,-6.315263,0.0018052257
1800,23,84,0,0,0,-11.820374,7.3531564e-06
1801,36,84,0,0,0,-10.067298,4.2443346e-05
1802,47,84,0,0,0,-3.6272845,0.025899658
1803,53,84,0,0,0,-10.711,2.2297796e-05
1804,86,84,0,0,0,-10.046534,4.3333832e-05
1805,132,84,0,0,0,-1.2696991,0.21930876
1806,204,84,0,0,0,-7.3362913,0.00065103796
1807,284,84,0,0,0,-5.479499,0.0041540912
1808,62,86,0,0,0,-9.01691,0.000121325815
1809,79,86,0,0,0,-11.769199,7.73924e-06
1810,125,86,0,0,0,-31.960213,1.3178196e-14
1811,160,86,0,0,0,-8.901551,0.00013615898
1812,167,86,0,0,0,-5.637743,0.0035482612
1813,174,86,0,0,0,-1.488128,0.18420288
1814,211,86,0,0,0,-8.664099,0.00017264529
1815,247,86,0,0,0,-12.616839,3.3156969e-06
1816,249,86,0,0,0,-5.089004,0.006126392
1817,277,86,0,0,0,-7.141347,0.00079105876
1818,21,93,0,0,0,-21.120436,6.7221984e-10
1819,123,93,0,0,0,-6.8986483,0.0010081313
1820,125,93,0,0,0,-31.960213,1.3178196e-14
1821,129,93,0,0,0,-5.1109896,0.0059939683
1822,162,93,0,0,0,-4.573507,0.010216251
1823,208,93,0,0,0,-11.986773,6.225986e-06
1824,218,93,0,0,0,-5.9544997,0.0025874292
1825,259,93,0,0,0,-8.919579,0.00013372672
1826,274,93,0,0,0,-6.8080893,0.0011035827
1827,8,94,0,0,0,-7.308463,0.00066939736
1828,59,94,0,0,0,-29.914837,1.01894655e-13
1829,96,94,0,0,0,-10.345365,3.21404e-05
1830,98,94,0,0,0,-40.076416,3.935806e-18
1831,198,94,0,0,0,-0.56011003,0.363522
1832,227,94,0,0,0,-5.1236973,0.0059187287
1833,230,94,0,0,0,-4.7198215,0.008837964
1834,246,94,0,0,0,-5.415153,0.0044289543
1835,252,94,0,0,0,-3.890014,0.020035436
1836,256,94,0,0,0,-11.952312,6.444272e-06
1837,282,94,0,0,0,-5.5719776,0.0037885446
1838,13,98,0,0,0,-5.2638826,0.0051485277
1839,17,98,0,0,0,-6.427183,0.0016143888
1840,39,98,0,0,0,-11.443222,1.0721787e-05
1841,63,98,0,0,0,-24.557558,2.1616632e-11
1842,72,98,0,0,0,-26.342642,3.6269037e-12
1843,86,98,0,0,0,-10.046534,4.3333832e-05
1844,113,98,0,0,0,-7.5883584,0.0005060553
1845,125,98,0,0,0,-31.960213,1.3178196e-14
1846,139,98,0,0,0,-11.815565,7.3885985e-06
1847,153,98,0,0,0,-3.58629,0.026954256
1848,163,98,0,0,0,-4.646488,0.009504046
1849,183,98,0,0,0,-8.683641,0.00016930467
1850,191,98,0,0,0,-11.781135,7.64742e-06
1851,199,98,0,0,0,-7.860381,0.0003855781
1852,227,98,0,0,0,-5.1236973,0.0059187287
1853,246,98,0,0,0,-5.415153,0.0044289543
1854,265,98,0,0,0,-3.5957518,0.0267072
1855,278,98,0,0,0,-4.75481,0.00853668
1856,283,98,0,0,0,-5.501476,0.00406416
1857,2,99,0,0,0,-10.612773,2.4599178e-05
1858,26,99,0,0,0,-3.6351619,0.025701663
1859,43,99,0,0,0,-12.007364,6.0990938e-06
1860,54,99,0,0,0,-12.534652,3.5997168e-06
1861,56,99,0,0,0,-17.330717,2.974166e-08
1862,85,99,0,0,0,-28.34491,4.897361e-13
1863,86,99,0,0,0,-10.046534,4.3333832e-05
1864,87,99,0,0,0,-23.25806,7.9278e-11
1865,102,99,0,0,0,-4.3252306,0.013057739
1866,127,99,0,0,0,-11.448885,1.0661242e-05
1867,133,99,0,0,0,-1.9941921,0.11981406
1868,137,99,0,0,0,-11.661214,8.62175e-06
1869,139,99,0,0,0,-11.815565,7.3885985e-06
1870,194,99,0,0,0,-8.29658,0.00024930597
1871,209,99,0,0,0,-12.141372,5.334171e-06
1872,211,99,0,0,0,-8.664099,0.00017264529
1873,216,99,0,0,0,-11.594105,9.220199e-06
1874,242,99,0,0,0,-5.5430446,0.003899326
1875,280,99,0,0,0,-4.9435015,0.0070791193
1876,17,102,0,0,0,-6.427183,0.0016143888
1877,18,102,0,0,0,-3.953546,0.01882535
1878,59,102,0,0,0,-29.914837,1.01894655e-13
1879,98,102,0,0,0,-40.076416,3.935806e-18
1880,102,102,0,0,0,-4.3252306,0.013057739
1881,112,102,0,0,0,-8.587188,0.000186445
1882,185,102,0,0,0,-11.799093,7.5113094e-06
1883,234,102,0,0,0,-5.5442653,0.0038945877
1884,235,102,0,0,0,-5.588744,0.003725788
1885,247,102,0,0,0,-12.616839,3.3156969e-06
1886,274,102,0,0,0,-6.8080893,0.0011035827
1887,3,103,0,0,0,-5.6165066,0.0036241435
1888,24,103,0,0,0,0.52314365,0.62788254
1889,33,103,0,0,0,-1.4263923,0.19366142
1890,46,103,0,0,0,-18.193285,1.2553266e-08
1891,86,103,0,0,0,-10.046534,4.3333832e-05
1892,105,103,0,0,0,-13.88211,9.3556935e-07
1893,145,103,0,0,0,-8.995043,0.00012400771
1894,152,103,0,0,0,-4.6651115,0.009330323
1895,255,103,0,0,0,-5.58364,0.003744782
1896,22,104,0,0,0,-9.701094,6.121276e-05
1897,36,104,0,0,0,-10.067298,4.2443346e-05
1898,85,104,0,0,0,-28.34491,4.897361e-13
1899,135,104,0,0,0,-7.305379,0.0006714637
1900,149,104,0,0,0,-4.609678,0.009856899
1901,249,104,0,0,0,-5.089004,0.006126392
1902,275,104,0,0,0,-6.9375253,0.00096972747
1903,290,104,0,0,0,-4.1531453,0.015471773
1904,291,104,0,0,0,-4.189009,0.014934868
1905,27,105,0,0,0,-3.6682513,0.024885945
1906,117,105,0,0,0,-0.9617768,0.2765226
1907,122,105,0,0,0,-6.681708,0.0012520655
1908,183,105,0,0,0,-8.683641,0.00016930467
1909,205,105,0,0,0,-8.400805,0.0002246358
1910,263,105,0,0,0,-22.253307,2.1652669e-10
1911,285,105,0,0,0,-5.502831,0.004058678
1912,287,105,0,0,0,-5.251899,0.005210275
1913,288,105,0,0,0,-5.510645,0.004027215
1914,7,106,0,0,0,-6.695773,0.0012345997
1915,16,106,0,0,0,-6.4277906,0.00161341
1916,44,106,0,0,0,-7.5255637,0.0005388342
1917,45,106,0,0,0,-9.94191,4.8113012e-05
1918,125,106,0,0,0,-31.960213,1.3178196e-14
1919,200,106,0,0,0,-10.789567,2.061302e-05
1920,215,106,0,0,0,-7.664294,0.00046906795
1921,231,106,0,0,0,-2.7595682,0.059548542
1922,245,106,0,0,0,-4.029029,0.017480591
1923,84,107,0,0,0,-33.734406,2.2352899e-15
1924,87,107,0,0,0,-23.25806,7.9278e-11
1925,91,107,0,0,0,-30.046082,8.936194e-14
1926,103,107,0,0,0,-5.09085,0.006115163
1927,122,107,0,0,0,-6.681708,0.0012520655
1928,145,107,0,0,0,-8.995043,0.00012400771
1929,175,107,0,0,0,-1.0147481,0.26605168
1930,208,107,0,0,0,-11.986773,6.225986e-06
1931,268,107,0,0,0,-6.2045164,0.0020162123
1932,9,108,0,0,0,-6.315263,0.0018052257
1933,38,108,0,0,0,-12.624295,3.2910677e-06
1934,47,108,0,0,0,-3.6272845,0.025899658
1935,66,108,0,0,0,-26.913443,2.0494643e-12
1936,86,108,0,0,0,-10.046534,4.3333832e-05
1937,125,108,0,0,0,-31.960213,1.3178196e-14
1938,179,108,0,0,0,-8.7247925,0.00016248011
1939,247,108,0,0,0,-12.616839,3.3156969e-06
1940,275,108,0,0,0,-6.9375253,0.00096972747
1941,0,109,0,0,0,-7.1963058,0.0007487879
1942,59,109,0,0,0,-29.914837,1.01894655e-13
1943,71,109,0,0,0,-33.33927,3.3184733e-15
1944,76,109,0,0,0,-31.510298,2.0665768e-14
1945,89,109,0,0,0,-42.23592,4.541225e-19
1946,168,109,0,0,0,-2.6705666,0.064732656
1947,180,109,0,0,0,-8.670341,0.00017157121
1948,197,109,0,0,0,-10.945261,1.7641109e-05
1949,251,109,0,0,0,-2.9442487,0.05000904
1950,263,109,0,0,0,-22.253307,2.1652669e-10
1951,10,113,0,0,0,-6.4848247,0.001524102
1952,42,113,0,0,0,-10.1149,4.0470382e-05
1953,45,113,0,0,0,-9.94191,4.8113012e-05
1954,132,113,0,0,0,-1.2696991,0.21930876
1955,176,113,0,0,0,-2.5620267,0.07162266
1956,185,113,0,0,0,-11.799093,7.5113094e-06
1957,218,113,0,0,0,-5.9544997,0.0025874292
1958,264,113,0,0,0,-7.25523,0.00070597115
1959,273,113,0,0,0,-6.876468,0.0010307182
1960,5,115,0,0,0,-11.306353,1.2294422e-05
1961,59,115,0,0,0,-29.914837,1.01894655e-13
1962,92,115,0,0,0,-29.485659,1.5650967e-13
1963,94,115,0,0,0,-30.663422,4.8199793e-14
1964,123,115,0,0,0,-6.8986483,0.0010081313
1965,127,115,0,0,0,-11.448885,1.0661242e-05
1966,158,115,0,0,0,-9.052331,0.000117104006
1967,160,115,0,0,0,-8.901551,0.00013615898
1968,196,115,0,0,0,-7.389171,0.00061752636
1969,283,115,0,0,0,-5.501476,0.00406416
1970,14,117,0,0,0,-4.7086105,0.008936713
1971,49,117,0,0,0,-9.552636,7.100877e-05
1972,79,117,0,0,0,-11.769199,7.73924e-06
1973,82,117,0,0,0,-10.42568,2.9660041e-05
1974,90,117,0,0,0,-28.992865,2.5618806e-13
1975,126,117,0,0,0,-10.750329,2.1437894e-05
1976,178,117,0,0,0,-12.063389,5.766792e-06
1977,242,117,0,0,0,-5.5430446,0.003899326
1978,249,117,0,0,0,-5.089004,0.006126392
1979,267,117,0,0,0,-6.4151864,0.001633841
1980,2,119,0,0,0,-10.612773,2.4599178e-05
1981,34,119,0,0,0,-11.847534,7.1561294e-06
1982,57,119,0,0,0,-9.997419,4.551517e-05
1983,65,119,0,0,0,-26.862143,2.1573455e-12
1984,76,119,0,0,0,-31.510298,2.0665768e-14
1985,162,119,0,0,0,-4.573507,0.010216251
1986,212,119,0,0,0,-8.096607,0.000304478
1987,253,119,0,0,0,-4.0922594,0.0164271
1988,281,119,0,0,0,-6.546318,0.0014333335
1989,3,120,0,0,0,-5.6165066,0.0036241435
1990,11,120,0,0,0,-11.010553,1.6526095e-05
1991,16,120,0,0,0,-6.4277906,0.00161341
1992,35,120,0,0,0,-4.496363,0.011026531
1993,50,120,0,0,0,-12.558171,3.5160415e-06
1994,53,120,0,0,0,-10.711,2.2297796e-05
1995,63,120,0,0,0,-24.557558,2.1616632e-11
1996,79,120,0,0,0,-11.769199,7.73924e-06
1997,88,120,0,0,0,-14.1094475,7.4532295e-07
1998,107,120,0,0,0,-30.726496,4.5253528e-14
1999,112,120,0,0,0,-8.587188,0.000186445
2000,119,120,0,0,0,-6.371889,0.0017060124
2001,132,120,0,0,0,-1.2696991,0.21930876
2002,133,120,0,0,0,-1.9941921,0.11981406
2003,144,120,0,0,0,-13.312113,1.65433e-06
2004,154,120,0,0,0,-4.0358515,0.017363798
2005,155,120,0,0,0,-9.12571,0.00010881968
2006,156,120,0,0,0,-5.4726124,0.004182677
2007,164,120,0,0,0,-4.689009,0.009112
2008,170,120,0,0,0,-4.358667,0.012633779
2009,199,120,0,0,0,-7.860381,0.0003855781
2010,201,120,0,0,0,-4.3222294,0.013096472
2011,212,120,0,0,0,-8.096607,0.000304478
2012,216,120,0,0,0,-11.594105,9.220199e-06
2013,232,120,0,0,0,-6.329008,0.0017806259
2014,235,120,0,0,0,-5.588744,0.003725788
2015,236,120,0,0,0,-5.5737257,0.0037819527
2016,251,120,0,0,0,-2.9442487,0.05000904
2017,51,124,0,0,0,-10.143198,3.9341234e-05
2018,65,124,0,0,0,-26.862143,2.1573455e-12
2019,85,124,0,0,0,-28.34491,4.897361e-13
2020,86,124,0,0,0,-10.046534,4.3333832e-05
2021,108,124,0,0,0,-10.844189,1.9517322e-05
2022,117,124,0,0,0,-0.9617768,0.2765226
2023,119,124,0,0,0,-6.371889,0.0017060124
2024,126,124,0,0,0,-10.750329,2.1437894e-05
2025,137,124,0,0,0,-11.661214,8.62175e-06
2026,158,124,0,0,0,-9.052331,0.000117104006
2027,169,124,0,0,0,-3.6256375,0.025941243
2028,174,124,0,0,0,-1.488128,0.18420288
2029,180,124,0,0,0,-8.670341,0.00017157121
2030,196,124,0,0,0,-7.389171,0.00061752636
2031,200,124,0,0,0,-10.789567,2.061302e-05
2032,206,124,0,0,0,-8.460536,0.0002116138
2033,239,124,0,0,0,-5.6251745,0.0035929778
2034,285,124,0,0,0,-5.502831,0.004058678
2035,286,124,0,0,0,-4.917144,0.0072668153
2036,289,124,0,0,0,-12.653185,3.1973505e-06
2037,37,125,0,0,0,-9.5270405,7.2849616e-05
2038,47,125,0,0,0,-3.6272845,0.025899658
2039,56,125,0,0,0,-17.330717,2.974166e-08
2040,61,125,0,0,0,-9.06033,0.00011617109
2041,70,125,0,0,0,-33.953594,1.795318e-15
2042,78,125,0,0,0,-10.63675,2.4016384e-05
2043,89,125,0,0,0,-42.23592,4.541225e-19
2044,102,125,0,0,0,-4.3252306,0.013057739
2045,115,125,0,0,0,-1.8530681,0.13551307
2046,118,125,0,0,0,-1.0502741,0.25917247
2047,133,125,0,0,0,-1.9941921,0.11981406
2048,135,125,0,0,0,-7.305379,0.0006714637
2049,159,125,0,0,0,-6.1982117,0.0020289382
2050,178,125,0,0,0,-12.063389,5.766792e-06
2051,182,125,0,0,0,-1.11708,0.24655332
2052,204,125,0,0,0,-7.3362913,0.00065103796
2053,246,125,0,0,0,-5.415153,0.0044289543
2054,287,125,0,0,0,-5.251899,0.005210275
2055,290,125,0,0,0,-4.1531453,0.015471773
2056,19,133,0,0,0,-4.00989,0.017812354
2057,64,133,0,0,0,-24.457676,2.3887258e-11
2058,86,133,0,0,0,-10.046534,4.3333832e-05
2059,89,133,0,0,0,-42.23592,4.541225e-19
2060,101,133,0,0,0,-31.942759,1.341023e-14
2061,147,133,0,0,0,-7.8131685,0.00040421129
2062,155,133,0,0,0,-9.12571,0.00010881968
2063,156,133,0,0,0,-5.4726124,0.004182677
2064,225,133,0,0,0,-4.1494913,0.015527531
2065,270,133,0,0,0,-6.1340647,0.0021630628
2066,6,134,0,0,0,-10.794163,2.0518508e-05
2067,14,134,0,0,0,-4.7086105,0.008936713
2068,18,134,0,0,0,-3.953546,0.01882535
2069,30,134,0,0,0,-1.0254779,0.26396176
2070,113,134,0,0,0,-7.5883584,0.0005060553
2071,116,134,0,0,0,-4.387389,0.012280462
2072,125,134,0,0,0,-31.960213,1.3178196e-14
2073,150,134,0,0,0,-5.120925,0.0059350627
2074,156,134,0,0,0,-5.4726124,0.004182677
2075,161,134,0,0,0,-4.7440996,0.008627808
2076,176,134,0,0,0,-2.5620267,0.07162266
2077,183,134,0,0,0,-8.683641,0.00016930467
2078,186,134,0,0,0,-11.790701,7.5746116e-06
2079,190,134,0,0,0,-11.63661,8.836507e-06
2080,196,134,0,0,0,-7.389171,0.00061752636
2081,197,134,0,0,0,-10.945261,1.7641109e-05
2082,203,134,0,0,0,-4.162895,0.015323958
2083,204,134,0,0,0,-7.3362913,0.00065103796
2084,216,134,0,0,0,-11.594105,9.220199e-06
2085,221,134,0,0,0,-6.3151937,0.0018053503
2086,226,134,0,0,0,-3.0626903,0.04467275
2087,234,134,0,0,0,-5.5442653,0.0038945877
2088,266,134,0,0,0,-6.4880314,0.0015192298
2089,272,134,0,0,0,-6.3795614,0.0016929954
2090,274,134,0,0,0,-6.8080893,0.0011035827
2091,276,134,0,0,0,-6.8135567,0.0010975719
2092,282,134,0,0,0,-5.5719776,0.0037885446
2093,286,134,0,0,0,-4.917144,0.0072668153
2094,54,135,0,0,0,-12.534652,3.5997168e-06
2095,80,135,0,0,0,-13.82761,9.879725e-07
2096,89,135,0,0,0,-42.23592,4.541225e-19
2097,111,135,0,0,0,-8.584954,0.00018686183
2098,121,135,0,0,0,-6.4490995,0.0015794474
2099,204,135,0,0,0,-7.3362913,0.00065103796
2100,227,135,0,0,0,-5.1236973,0.0059187287
2101,249,135,0,0,0,-5.089004,0.006126392
2102,259,135,0,0,0,-8.919579,0.00013372672
2103,15,136,0,0,0,-6.661152,0.001278036
2104,43,136,0,0,0,-12.007364,6.0990938e-06
2105,50,136,0,0,0,-12.558171,3.5160415e-06
2106,51,136,0,0,0,-10.143198,3.9341234e-05
2107,59,136,0,0,0,-29.914837,1.01894655e-13
2108,63,136,0,0,0,-24.557558,2.1616632e-11
2109,99,136,0,0,0,-4.230797,0.014332395
2110,113,136,0,0,0,-7.5883584,0.0005060553
2111,122,136,0,0,0,-6.681708,0.0012520655
2112,162,136,0,0,0,-4.573507,0.010216251
2113,167,136,0,0,0,-5.637743,0.0035482612
2114,180,136,0,0,0,-8.670341,0.00017157121
2115,194,136,0,0,0,-8.29658,0.00024930597
2116,207,136,0,0,0,-8.539485,0.00019555273
2117,217,136,0,0,0,-3.1783233,0.039989654
2118,242,136,0,0,0,-5.5430446,0.003899326
2119,273,136,0,0,0,-6.876468,0.0010307182
2120,275,136,0,0,0,-6.9375253,0.00096972747
2121,291,136,0,0,0,-4.189009,0.014934868
2122,1,138,0,0,0,-10.530191,2.6716796e-05
2123,33,138,0,0,0,-1.4263923,0.19366142
2124,49,138,0,0,0,-9.552636,7.100877e-05
2125,50,138,0,0,0,-12.558171,3.5160415e-06
2126,54,138,0,0,0,-12.534652,3.5997168e-06
2127,77,138,0,0,0,-20.260212,1.588919e-09
2128,176,138,0,0,0,-2.5620267,0.07162266
2129,214,138,0,0,0,-8.060989,0.0003155148
2130,242,138,0,0,0,-5.5430446,0.003899326
2131,44,139,0,0,0,-7.5255637,0.0005388342
2132,63,139,0,0,0,-24.557558,2.1616632e-11
2133,76,139,0,0,0,-31.510298,2.0665768e-14
2134,92,139,0,0,0,-29.485659,1.5650967e-13
2135,98,139,0,0,0,-40.076416,3.935806e-18
2136,122,139,0,0,0,-6.681708,0.0012520655
2137,176,139,0,0,0,-2.5620267,0.07162266
2138,179,139,0,0,0,-8.7247925,0.00016248011
2139,256,139,0,0,0,-11.952312,6.444272e-06
2140,10,142,0,0,0,-6.4848247,0.001524102
2141,32,142,0,0,0,-4.2563834,0.013975389
2142,46,142,0,0,0,-18.193285,1.2553266e-08
2143,50,142,0,0,0,-12.558171,3.5160415e-06
2144,67,142,0,0,0,-32.62722,6.7636064e-15
2145,221,142,0,0,0,-6.3151937,0.0018053503
2146,233,142,0,0,0,-8.223019,0.0002683316
2147,245,142,0,0,0,-4.029029,0.017480591
2148,246,142,0,0,0,-5.415153,0.0044289543
2149,24,143,0,0,0,0.52314365,0.62788254
2150,31,143,0,0,0,-1.0316149,0.26277113
2151,50,143,0,0,0,-12.558171,3.5160415e-06
2152,182,143,0,0,0,-1.11708,0.24655332
2153,212,143,0,0,0,-8.096607,0.000304478
2154,232,143,0,0,0,-6.329008,0.0017806259
2155,235,143,0,0,0,-5.588744,0.003725788
2156,252,143,0,0,0,-3.890014,0.020035436
2157,264,143,0,0,0,-7.25523,0.00070597115
2158,35,145,0,0,0,-4.496363,0.011026531
2159,41,145,0,0,0,-19.18611,4.651344e-09
2160,55,145,0,0,0,-18.448061,9.729912e-09
2161,92,145,0,0,0,-29.485659,1.5650967e-13
2162,119,145,0,0,0,-6.371889,0.0017060124
2163,129,145,0,0,0,-5.1109896,0.0059939683
2164,132,145,0,0,0,-1.2696991,0.21930876
2165,221,145,0,0,0,-6.3151937,0.0018053503
2166,224,145,0,0,0,-7.7215147,0.00044299246
2167,279,145,0,0,0,-4.890723,0.007459916
2168,290,145,0,0,0,-4.1531453,0.015471773
2169,5,146,0,0,0,-11.306353,1.2294422e-05
2170,52,146,0,0,0,-10.180883,3.788629e-05
2171,72,146,0,0,0,-26.342642,3.6269037e-12
2172,86,146,0,0,0,-10.046534,4.3333832e-05
2173,116,146,0,0,0,-4.387389,0.012280462
2174,134,146,0,0,0,-8.061856,0.0003152415
2175,159,146,0,0,0,-6.1982117,0.0020289382
2176,181,146,0,0,0,-9.736992,5.9054433e-05
2177,227,146,0,0,0,-5.1236973,0.0059187287
2178,5,151,0,0,0,-11.306353,1.2294422e-05
2179,38,151,0,0,0,-12.624295,3.2910677e-06
2180,39,151,0,0,0,-11.443222,1.0721787e-05
2181,47,151,0,0,0,-3.6272845,0.025899658
2182,144,151,0,0,0,-13.312113,1.65433e-06
2183,187,151,0,0,0,-11.711824,8.19626e-06
2184,190,151,0,0,0,-11.63661,8.836507e-06
2185,200,151,0,0,0,-10.789567,2.061302e-05
2186,204,151,0,0,0,-7.3362913,0.00065103796
2187,39,152,0,0,0,-11.443222,1.0721787e-05
2188,43,152,0,0,0,-12.007364,6.0990938e-06
2189,121,152,0,0,0,-6.4490995,0.0015794474
2190,138,152,0,0,0,-10.581043,2.5392197e-05
2191,162,152,0,0,0,-4.573507,0.010216251
2192,166,152,0,0,0,-6.364871,0.0017180068
2193,189,152,0,0,0,-11.833694,7.255856e-06
2194,214,152,0,0,0,-8.060989,0.0003155148
2195,224,152,0,0,0,-7.7215147,0.00044299246
2196,17,153,0,0,0,-6.427183,0.0016143888
2197,83,153,0,0,0,-20.397533,1.3850447e-09
2198,92,153,0,0,0,-29.485659,1.5650967e-13
2199,107,153,0,0,0,-30.726496,4.5253528e-14
2200,130,153,0,0,0,-5.564266,0.0038177606
2201,131,153,0,0,0,-10.778189,2.0848896e-05
2202,135,153,0,0,0,-7.305379,0.0006714637
2203,137,153,0,0,0,-11.661214,8.62175e-06
2204,150,153,0,0,0,-5.120925,0.0059350627
2205,160,153,0,0,0,-8.901551,0.00013615898
2206,185,153,0,0,0,-11.799093,7.5113094e-06
2207,216,153,0,0,0,-11.594105,9.220199e-06
2208,220,153,0,0,0,-6.8481216,0.0010603222
2209,233,153,0,0,0,-8.223019,0.0002683316
2210,244,153,0,0,0,-4.0986953,0.016323436
2211,272,153,0,0,0,-6.3795614,0.0016929954
2212,276,153,0,0,0,-6.8135567,0.0010975719
2213,280,153,0,0,0,-4.9435015,0.0070791193
2214,281,153,0,0,0,-6.546318,0.0014333335
2215,282,153,0,0,0,-5.5719776,0.0037885446
2216,0,157,0,0,0,-7.1963058,0.0007487879
2217,56,157,0,0,0,-17.330717,2.974166e-08
2218,62,157,0,0,0,-9.01691,0.000121325815
2219,72,157,0,0,0,-26.342642,3.6269037e-12
2220,103,157,0,0,0,-5.09085,0.006115163
2221,129,157,0,0,0,-5.1109896,0.0059939683
2222,162,157,0,0,0,-4.573507,0.010216251
2223,165,157,0,0,0,-4.7598147,0.008494423
2224,175,157,0,0,0,-1.0147481,0.26605168
2225,211,157,0,0,0,-8.664099,0.00017264529
2226,54,158,0,0,0,-12.534652,3.5997168e-06
2227,169,158,0,0,0,-3.6256375,0.025941243
2228,193,158,0,0,0,-8.404422,0.00022382509
2229,195,158,0,0,0,-9.710101,6.0663897e-05
2230,196,158,0,0,0,-7.389171,0.00061752636
2231,222,158,0,0,0,-7.049753,0.000866871
2232,226,158,0,0,0,-3.0626903,0.04467275
2233,239,158,0,0,0,-5.6251745,0.0035929778
2234,244,158,0,0,0,-4.0986953,0.016323436
2235,5,159,0,0,0,-11.306353,1.2294422e-05
2236,7,159,0,0,0,-6.695773,0.0012345997
2237,131,159,0,0,0,-10.778189,2.0848896e-05
2238,182,159,0,0,0,-1.11708,0.24655332
2239,185,159,0,0,0,-11.799093,7.5113094e-06
2240,186,159,0,0,0,-11.790701,7.5746116e-06
2241,187,159,0,0,0,-11.711824,8.19626e-06
2242,200,159,0,0,0,-10.789567,2.061302e-05
2243,254,159,0,0,0,-3.9696255,0.018530635
2244,1,160,0,0,0,-10.530191,2.6716796e-05
2245,12,160,0,0,0,-11.921619,6.6451316e-06
2246,23,160,0,0,0,-11.820374,7.3531564e-06
2247,28,160,0,0,0,-5.8038282,0.003006918
2248,30,160,0,0,0,-1.0254779,0.26396176
2249,60,160,0,0,0,-29.681648,1.286542e-13
2250,108,160,0,0,0,-10.844189,1.9517322e-05
2251,114,160,0,0,0,-0.056803763,0.4858029
2252,135,160,0,0,0,-7.305379,0.0006714637
2253,137,160,0,0,0,-11.661214,8.62175e-06
2254,154,160,0,0,0,-4.0358515,0.017363798
2255,157,160,0,0,0,-9.022123,0.000120694975
2256,173,160,0,0,0,-7.706811,0.0004495513
2257,200,160,0,0,0,-10.789567,2.061302e-05
2258,216,160,0,0,0,-11.594105,9.220199e-06
2259,228,160,0,0,0,-5.128701,0.00588936
2260,247,160,0,0,0,-12.616839,3.3156969e-06
2261,288,160,0,0,0,-5.510645,0.004027215
2262,290,160,0,0,0,-4.1531453,0.015471773
2263,25,161,0,0,0,-1.6093197,0.1666831
2264,39,161,0,0,0,-11.443222,1.0721787e-05
2265,52,161,0,0,0,-10.180883,3.788629e-05
2266,91,161,0,0,0,-30.046082,8.936194e-14
2267,119,161,0,0,0,-6.371889,0.0017060124
2268,190,161,0,0,0,-11.63661,8.836507e-06
2269,241,161,0,0,0,-5.96101,0.0025706822
2270,285,161,0,0,0,-5.502831,0.004058678
2271,287,161,0,0,0,-5.251899,0.005210275
2272,27,162,0,0,0,-3.6682513,0.024885945
2273,34,162,0,0,0,-11.847534,7.1561294e-06
2274,55,162,0,0,0,-18.448061,9.729912e-09
2275,59,162,0,0,0,-29.914837,1.01894655e-13
2276,64,162,0,0,0,-24.457676,2.3887258e-11
2277,119,162,0,0,0,-6.371889,0.0017060124
2278,151,162,0,0,0,-4.6408596,0.009557178
2279,218,162,0,0,0,-5.9544997,0.0025874292
2280,275,162,0,0,0,-6.9375253,0.00096972747
2281,12,169,0,0,0,-11.921619,6.6451316e-06
2282,18,169,0,0,0,-3.953546,0.01882535
2283,36,169,0,0,0,-10.067298,4.2443346e-05
2284,53,169,0,0,0,-10.711,2.2297796e-05
2285,71,169,0,0,0,-33.33927,3.3184733e-15
2286,149,169,0,0,0,-4.609678,0.009856899
2287,201,169,0,0,0,-4.3222294,0.013096472
2288,213,169,0,0,0,-7.9402933,0.00035597524
2289,231,169,0,0,0,-2.7595682,0.059548542
2290,26,170,0,0,0,-3.6351619,0.025701663
2291,77,170,0,0,0,-20.260212,1.588919e-09
2292,99,170,0,0,0,-4.230797,0.014332395
2293,139,170,0,0,0,-11.815565,7.3885985e-06
2294,162,170,0,0,0,-4.573507,0.010216251
2295,192,170,0,0,0,-8.389225,0.00022725172
2296,216,170,0,0,0,-11.594105,9.220199e-06
2297,231,170,0,0,0,-2.7595682,0.059548542
2298,285,170,0,0,0,-5.502831,0.004058678
2299,24,172,0,0,0,0.52314365,0.62788254
2300,35,172,0,0,0,-4.496363,0.011026531
2301,76,172,0,0,0,-31.510298,2.0665768e-14
2302,85,172,0,0,0,-28.34491,4.897361e-13
2303,207,172,0,0,0,-8.539485,0.00019555273
2304,215,172,0,0,0,-7.664294,0.00046906795
2305,231,172,0,0,0,-2.7595682,0.059548542
2306,240,172,0,0,0,-5.5670557,0.0038071664
2307,253,172,0,0,0,-4.0922594,0.0164271
2308,0,175,0,0,0,-7.1963058,0.0007487879
2309,48,175,0,0,0,-6.149761,0.0021294472
2310,65,175,0,0,0,-26.862143,2.1573455e-12
2311,100,175,0,0,0,-9.882284,5.106888e-05
2312,141,175,0,0,0,-5.8608303,0.0028407841
2313,150,175,0,0,0,-5.120925,0.0059350627
2314,226,175,0,0,0,-3.0626903,0.04467275
2315,244,175,0,0,0,-4.0986953,0.016323436
2316,279,175,0,0,0,-4.890723,0.007459916
2317,15,176,0,0,0,-6.661152,0.001278036
2318,52,176,0,0,0,-10.180883,3.788629e-05
2319,62,176,0,0,0,-9.01691,0.000121325815
2320,78,176,0,0,0,-10.63675,2.4016384e-05
2321,82,176,0,0,0,-10.42568,2.9660041e-05
2322,100,176,0,0,0,-9.882284,5.106888e-05
2323,107,176,0,0,0,-30.726496,4.5253528e-14
2324,154,176,0,0,0,-4.0358515,0.017363798
2325,167,176,0,0,0,-5.637743,0.0035482612
2326,246,176,0,0,0,-5.415153,0.0044289543
2327,9,177,0,0,0,-6.315263,0.0018052257
2328,10,177,0,0,0,-6.4848247,0.001524102
2329,26,177,0,0,0,-3.6351619,0.025701663
2330,55,177,0,0,0,-18.448061,9.729912e-09
2331,68,177,0,0,0,-32.69593,6.3144832e-15
2332,80,177,0,0,0,-13.82761,9.879725e-07
2333,103,177,0,0,0,-5.09085,0.006115163
2334,233,177,0,0,0,-8.223019,0.0002683316
2335,259,177,0,0,0,-8.919579,0.00013372672
2336,33,178,0,0,0,-1.4263923,0.19366142
2337,92,178,0,0,0,-29.485659,1.5650967e-13
2338,98,178,0,0,0,-40.076416,3.935806e-18
2339,99,178,0,0,0,-4.230797,0.014332395
2340,131,178,0,0,0,-10.778189,2.0848896e-05
2341,187,178,0,0,0,-11.711824,8.19626e-06
2342,188,178,0,0,0,-11.465377,1.0486861e-05
2343,249,178,0,0,0,-5.089004,0.006126392
2344,251,178,0,0,0,-2.9442487,0.05000904
2345,17,179,0,0,0,-6.427183,0.0016143888
2346,25,179,0,0,0,-1.6093197,0.1666831
2347,70,179,0,0,0,-33.953594,1.795318e-15
2348,117,179,0,0,0,-0.9617768,0.2765226
2349,144,179,0,0,0,-13.312113,1.65433e-06
2350,149,179,0,0,0,-4.609678,0.009856899
2351,179,179,0,0,0,-8.7247925,0.00016248011
2352,251,179,0,0,0,-2.9442487,0.05000904
2353,284,179,0,0,0,-5.479499,0.0041540912
2354,52,180,0,0,0,-10.180883,3.788629e-05
2355,63,180,0,0,0,-24.557558,2.1616632e-11
2356,77,180,0,0,0,-20.260212,1.588919e-09
2357,108,180,0,0,0,-10.844189,1.9517322e-05
2358,140,180,0,0,0,-6.073734,0.00229727
2359,154,180,0,0,0,-4.0358515,0.017363798
2360,159,180,0,0,0,-6.1982117,0.0020289382
2361,160,180,0,0,0,-8.901551,0.00013615898
2362,205,180,0,0,0,-8.400805,0.0002246358
2363,240,180,0,0,0,-5.5670557,0.0038071664
2364,24,185,0,0,0,0.52314365,0.62788254
2365,36,185,0,0,0,-10.067298,4.2443346e-05
2366,68,185,0,0,0,-32.69593,6.3144832e-15
2367,135,185,0,0,0,-7.305379,0.0006714637
2368,148,185,0,0,0,-5.481124,0.004147374
2369,155,185,0,0,0,-9.12571,0.00010881968
2370,164,185,0,0,0,-4.689009,0.009112
2371,216,185,0,0,0,-11.594105,9.220199e-06
2372,254,185,0,0,0,-3.9696255,0.018530635
2373,5,186,0,0,0,-11.306353,1.2294422e-05
2374,16,186,0,0,0,-6.4277906,0.00161341
2375,35,186,0,0,0,-4.496363,0.011026531
2376,47,186,0,0,0,-3.6272845,0.025899658
2377,105,186,0,0,0,-13.88211,9.3556935e-07
2378,152,186,0,0,0,-4.6651115,0.009330323
2379,164,186,0,0,0,-4.689009,0.009112
2380,228,186,0,0,0,-5.128701,0.00588936
2381,287,186,0,0,0,-5.251899,0.005210275
2382,15,187,0,0,0,-6.661152,0.001278036
2383,49,187,0,0,0,-9.552636,7.100877e-05
2384,105,187,0,0,0,-13.88211,9.3556935e-07
2385,132,187,0,0,0,-1.2696991,0.21930876
2386,166,187,0,0,0,-6.364871,0.0017180068
2387,174,187,0,0,0,-1.488128,0.18420288
2388,214,187,0,0,0,-8.060989,0.0003155148
2389,265,187,0,0,0,-3.5957518,0.0267072
2390,277,187,0,0,0,-7.141347,0.00079105876
2391,21,191,0,0,0,-21.120436,6.7221984e-10
2392,31,191,0,0,0,-1.0316149,0.26277113
2393,47,191,0,0,0,-3.6272845,0.025899658
2394,58,191,0,0,0,-29.542746,1.4782525e-13
2395,113,191,0,0,0,-7.5883584,0.0005060553
2396,177,191,0,0,0,-3.7325225,0.023373019
2397,185,191,0,0,0,-11.799093,7.5113094e-06
2398,224,191,0,0,0,-7.7215147,0.00044299246
2399,258,191,0,0,0,-6.7669363,0.0011498925
2400,260,191,0,0,0,-10.352643,3.1907326e-05
2401,287,191,0,0,0,-5.251899,0.005210275
2402,41,192,0,0,0,-19.18611,4.651344e-09
2403,104,192,0,0,0,-4.8173656,0.008023174
2404,132,192,0,0,0,-1.2696991,0.21930876
2405,178,192,0,0,0,-12.063389,5.766792e-06
2406,187,192,0,0,0,-11.711824,8.19626e-06
2407,209,192,0,0,0,-12.141372,5.334171e-06
2408,279,192,0,0,0,-4.890723,0.007459916
2409,286,192,0,0,0,-4.917144,0.0072668153
2410,288,192,0,0,0,-5.510645,0.004027215
2411,10,193,0,0,0,-6.4848247,0.001524102
2412,20,193,0,0,0,-3.9169593,0.019513177
2413,26,193,0,0,0,-3.6351619,0.025701663
2414,74,193,0,0,0,-28.846336,2.966165e-13
2415,209,193,0,0,0,-12.141372,5.334171e-06
2416,227,193,0,0,0,-5.1236973,0.0059187287
2417,246,193,0,0,0,-5.415153,0.0044289543
2418,249,193,0,0,0,-5.089004,0.006126392
2419,251,193,0,0,0,-2.9442487,0.05000904
2420,60,205,0,0,0,-29.681648,1.286542e-13
2421,61,205,0,0,0,-9.06033,0.00011617109
2422,62,205,0,0,0,-9.01691,0.000121325815
2423,107,205,0,0,0,-30.726496,4.5253528e-14
2424,116,205,0,0,0,-4.387389,0.012280462
2425,125,205,0,0,0,-31.960213,1.3178196e-14
2426,137,205,0,0,0,-11.661214,8.62175e-06
2427,184,205,0,0,0,-11.441387,1.0741477e-05
2428,221,205,0,0,0,-6.3151937,0.0018053503
2429,4,206,0,0,0,-7.0657344,0.00085313915
2430,19,206,0,0,0,-4.00989,0.017812354
2431,62,206,0,0,0,-9.01691,0.000121325815
2432,110,206,0,0,0,-1.7256985,0.15113862
2433,144,206,0,0,0,-13.312113,1.65433e-06
2434,181,206,0,0,0,-9.736992,5.9054433e-05
2435,243,206,0,0,0,-9.344288,8.745595e-05
2436,252,206,0,0,0,-3.890014,0.020035436
2437,281,206,0,0,0,-6.546318,0.0014333335
2438,68,209,0,0,0,-32.69593,6.3144832e-15
2439,89,209,0,0,0,-42.23592,4.541225e-19
2440,92,209,0,0,0,-29.485659,1.5650967e-13
2441,103,209,0,0,0,-5.09085,0.006115163
2442,149,209,0,0,0,-4.609678,0.009856899
2443,157,209,0,0,0,-9.022123,0.000120694975
2444,160,209,0,0,0,-8.901551,0.00013615898
2445,205,209,0,0,0,-8.400805,0.0002246358
2446,226,209,0,0,0,-3.0626903,0.04467275
2447,45,214,0,0,0,-9.94191,4.8113012e-05
2448,73,214,0,0,0,-28.924707,2.742579e-13
2449,103,214,0,0,0,-5.09085,0.006115163
2450,111,214,0,0,0,-8.584954,0.00018686183
2451,191,214,0,0,0,-11.781135,7.64742e-06
2452,195,214,0,0,0,-9.710101,6.0663897e-05
2453,207,214,0,0,0,-8.539485,0.00019555273
2454,221,214,0,0,0,-6.3151937,0.0018053503
2455,227,214,0,0,0,-5.1236973,0.0059187287
2456,229,214,0,0,0,-8.679853,0.00016994709
2457,45,215,0,0,0,-9.94191,4.8113012e-05
2458,100,215,0,0,0,-9.882284,5.106888e-05
2459,124,215,0,0,0,-13.138779,1.9674335e-06
2460,137,215,0,0,0,-11.661214,8.62175e-06
2461,140,215,0,0,0,-6.073734,0.00229727
2462,165,215,0,0,0,-4.7598147,0.008494423
2463,172,215,0,0,0,-8.922697,0.00013331039
2464,259,215,0,0,0,-8.919579,0.00013372672
2465,289,215,0,0,0,-12.653185,3.1973505e-06
2466,38,217,0,0,0,-12.624295,3.2910677e-06
2467,40,217,0,0,0,-11.913744,6.6976713e-06
2468,90,217,0,0,0,-28.992865,2.5618806e-13
2469,96,217,0,0,0,-10.345365,3.21404e-05
2470,113,217,0,0,0,-7.5883584,0.0005060553
2471,116,217,0,0,0,-4.387389,0.012280462
2472,161,217,0,0,0,-4.7440996,0.008627808
2473,212,217,0,0,0,-8.096607,0.000304478
2474,243,217,0,0,0,-9.344288,8.745595e-05
2475,246,217,0,0,0,-5.415153,0.0044289543
2476,22,218,0,0,0,-9.701094,6.121276e-05
2477,24,218,0,0,0,0.52314365,0.62788254
2478,47,218,0,0,0,-3.6272845,0.025899658
2479,143,218,0,0,0,-12.856398,2.609374e-06
2480,144,218,0,0,0,-13.312113,1.65433e-06
2481,151,218,0,0,0,-4.6408596,0.009557178
2482,175,218,0,0,0,-1.0147481,0.26605168
2483,240,218,0,0,0,-5.5670557,0.0038071664
2484,245,218,0,0,0,-4.029029,0.017480591
2485,35,219,0,0,0,-4.496363,0.011026531
2486,47,219,0,0,0,-3.6272845,0.025899658
2487,62,219,0,0,0,-9.01691,0.000121325815
2488,163,219,0,0,0,-4.646488,0.009504046
2489,201,219,0,0,0,-4.3222294,0.013096472
2490,218,219,0,0,0,-5.9544997,0.0025874292
2491,226,219,0,0,0,-3.0626903,0.04467275
2492,272,219,0,0,0,-6.3795614,0.0016929954
2493,279,219,0,0,0,-4.890723,0.007459916
2494,28,220,0,0,0,-5.8038282,0.003006918
2495,61,220,0,0,0,-9.06033,0.00011617109
2496,66,220,0,0,0,-26.913443,2.0494643e-12
2497,74,220,0,0,0,-28.846336,2.966165e-13
2498,116,220,0,0,0,-4.387389,0.012280462
2499,127,220,0,0,0,-11.448885,1.0661242e-05
2500,145,220,0,0,0,-8.995043,0.00012400771
2501,164,220,0,0,0,-4.689009,0.009112
2502,168,220,0,0,0,-2.6705666,0.064732656
2503,278,220,0,0,0,-4.75481,0.00853668
2504,6,225,0,0,0,-10.794163,2.0518508e-05
2505,40,225,0,0,0,-11.913744,6.6976713e-06
2506,87,225,0,0,0,-23.25806,7.9278e-11
2507,137,225,0,0,0,-11.661214,8.62175e-06
2508,140,225,0,0,0,-6.073734,0.00229727
2509,142,225,0,0,0,-5.134391,0.0058561424
2510,144,225,0,0,0,-13.312113,1.65433e-06
2511,147,225,0,0,0,-7.8131685,0.00040421129
2512,203,225,0,0,0,-4.162895,0.015323958
2513,220,225,0,0,0,-6.8481216,0.0010603222
2514,243,225,0,0,0,-9.344288,8.745595e-05
2515,255,225,0,0,0,-5.58364,0.003744782
2516,4,226,0,0,0,-7.0657344,0.00085313915
2517,38,226,0,0,0,-12.624295,3.2910677e-06
2518,47,226,0,0,0,-3.6272845,0.025899658
2519,65,226,0,0,0,-26.862143,2.1573455e-12
2520,91,226,0,0,0,-30.046082,8.936194e-14
2521,138,226,0,0,0,-10.581043,2.5392197e-05
2522,203,226,0,0,0,-4.162895,0.015323958
2523,207,226,0,0,0,-8.539485,0.00019555273
2524,276,226,0,0,0,-6.8135567,0.0010975719
2525,0,227,0,0,0,-7.1963058,0.0007487879
2526,3,227,0,0,0,-5.6165066,0.0036241435
2527,8,227,0,0,0,-7.308463,0.00066939736
2528,21,227,0,0,0,-21.120436,6.7221984e-10
2529,28,227,0,0,0,-5.8038282,0.003006918
2530,35,227,0,0,0,-4.496363,0.011026531
2531,162,227,0,0,0,-4.573507,0.010216251
2532,191,227,0,0,0,-11.781135,7.64742e-06
2533,210,227,0,0,0,-8.489185,0.00020563845
2534,16,233,0,0,0,-6.4277906,0.00161341
2535,18,233,0,0,0,-3.953546,0.01882535
2536,19,233,0,0,0,-4.00989,0.017812354
2537,104,233,0,0,0,-4.8173656,0.008023174
2538,114,233,0,0,0,-0.056803763,0.4858029
2539,162,233,0,0,0,-4.573507,0.010216251
2540,194,233,0,0,0,-8.29658,0.00024930597
2541,239,233,0,0,0,-5.6251745,0.0035929778
2542,262,233,0,0,0,-23.29535,7.6376266e-11
2543,39,234,0,0,0,-11.443222,1.0721787e-05
2544,49,234,0,0,0,-9.552636,7.100877e-05
2545,180,234,0,0,0,-8.670341,0.00017157121
2546,208,234,0,0,0,-11.986773,6.225986e-06
2547,220,234,0,0,0,-6.8481216,0.0010603222
2548,235,234,0,0,0,-5.588744,0.003725788
2549,253,234,0,0,0,-4.0922594,0.0164271
2550,267,234,0,0,0,-6.4151864,0.001633841
2551,279,234,0,0,0,-4.890723,0.007459916
2552,281,234,0,0,0,-6.546318,0.0014333335
2553,2,235,0,0,0,-10.612773,2.4599178e-05
2554,41,235,0,0,0,-19.18611,4.651344e-09
2555,42,235,0,0,0,-10.1149,4.0470382e-05
2556,53,235,0,0,0,-10.711,2.2297796e-05
2557,97,235,0,0,0,-0.22589633,0.44376487
2558,124,235,0,0,0,-13.138779,1.9674335e-06
2559,159,235,0,0,0,-6.1982117,0.0020289382
2560,185,235,0,0,0,-11.799093,7.5113094e-06
2561,209,235,0,0,0,-12.141372,5.334171e-06
2562,2,236,0,0,0,-10.612773,2.4599178e-05
2563,14,236,0,0,0,-4.7086105,0.008936713
2564,19,236,0,0,0,-4.00989,0.017812354
2565,25,236,0,0,0,-1.6093197,0.1666831
2566,104,236,0,0,0,-4.8173656,0.008023174
2567,107,236,0,0,0,-30.726496,4.5253528e-14
2568,125,236,0,0,0,-31.960213,1.3178196e-14
2569,127,236,0,0,0,-11.448885,1.0661242e-05
2570,159,236,0,0,0,-6.1982117,0.0020289382
2571,272,236,0,0,0,-6.3795614,0.0016929954
2572,1,241,0,0,0,-10.530191,2.6716796e-05
2573,3,241,0,0,0,-5.6165066,0.0036241435
2574,44,241,0,0,0,-7.5255637,0.0005388342
2575,85,241,0,0,0,-28.34491,4.897361e-13
2576,102,241,0,0,0,-4.3252306,0.013057739
2577,161,241,0,0,0,-4.7440996,0.008627808
2578,203,241,0,0,0,-4.162895,0.015323958
2579,226,241,0,0,0,-3.0626903,0.04467275
2580,232,241,0,0,0,-6.329008,0.0017806259
2581,22,242,0,0,0,-9.701094,6.121276e-05
2582,41,242,0,0,0,-19.18611,4.651344e-09
2583,50,242,0,0,0,-12.558171,3.5160415e-06
2584,70,242,0,0,0,-33.953594,1.795318e-15
2585,91,242,0,0,0,-30.046082,8.936194e-14
2586,126,242,0,0,0,-10.750329,2.1437894e-05
2587,175,242,0,0,0,-1.0147481,0.26605168
2588,182,242,0,0,0,-1.11708,0.24655332
2589,262,242,0,0,0,-23.29535,7.6376266e-11
2590,10,243,0,0,0,-6.4848247,0.001524102
2591,21,243,0,0,0,-21.120436,6.7221984e-10
2594,218,243,0,0,0,-5.9544997,0.0025874292
2595,231,243,0,0,0,-2.7595682,0.059548542
2596,236,243,0,0,0,-5.5737257,0.0037819527
2597,251,243,0,0,0,-2.9442487,0.05000904
2598,272,243,0,0,0,-6.3795614,0.0016929954
2603,101,245,0,0,0,-31.942759,1.341023e-14
2606,265,245,0,0,0,-3.5957518,0.0267072
2608,31,246,0,0,0,-1.0316149,0.26277113
2609,51,246,0,0,0,-10.143198,3.9341234e-05
2610,62,246,0,0,0,-9.01691,0.000121325815
2611,65,246,0,0,0,-26.862143,2.1573455e-12
2612,190,246,0,0,0,-11.63661,8.836507e-06
2613,217,246,0,0,0,-3.1783233,0.039989654
2614,257,246,0,0,0,-9.801531,5.536371e-05
2615,259,246,0,0,0,-8.919579,0.00013372672
2616,273,246,0,0,0,-6.876468,0.0010307182
2617,11,247,0,0,0,-11.010553,1.6526095e-05
2618,54,247,0,0,0,-12.534652,3.5997168e-06
2619,61,247,0,0,0,-9.06033,0.00011617109
2620,69,247,0,0,0,-32.320786,9.188851e-15
2621,151,247,0,0,0,-4.6408596,0.009557178
2622,176,247,0,0,0,-2.5620267,0.07162266
2623,209,247,0,0,0,-12.141372,5.334171e-06
2624,248,247,0,0,0,-9.580698,6.904397e-05
2625,258,247,0,0,0,-6.7669363,0.0011498925
2626,28,248,0,0,0,-5.8038282,0.003006918
2627,49,248,0,0,0,-9.552636,7.100877e-05
2628,118,248,0,0,0,-1.0502741,0.25917247
2629,135,248,0,0,0,-7.305379,0.0006714637
2630,162,248,0,0,0,-4.573507,0.010216251
2631,170,248,0,0,0,-4.358667,0.012633779
2632,205,248,0,0,0,-8.400805,0.0002246358
2633,220,248,0,0,0,-6.8481216,0.0010603222
2634,289,248,0,0,0,-12.653185,3.1973505e-06
2635,8,259,0,0,0,-7.308463,0.00066939736
2636,13,259,0,0,0,-5.2638826,0.0051485277
2637,14,259,0,0,0,-4.7086105,0.008936713
2638,47,259,0,0,0,-3.6272845,0.025899658
2639,61,259,0,0,0,-9.06033,0.00011617109
2640,69,259,0,0,0,-32.320786,9.188851e-15
2641,70,259,0,0,0,-33.953594,1.795318e-15
2642,71,259,0,0,0,-33.33927,3.3184733e-15
2643,76,259,0,0,0,-31.510298,2.0665768e-14
2644,78,259,0,0,0,-10.63675,2.4016384e-05
2645,80,259,0,0,0,-13.82761,9.879725e-07
2646,83,259,0,0,0,-20.397533,1.3850447e-09
2647,84,259,0,0,0,-33.734406,2.2352899e-15
2648,88,259,0,0,0,-14.1094475,7.4532295e-07
2649,90,259,0,0,0,-28.992865,2.5618806e-13
2650,102,259,0,0,0,-4.3252306,0.013057739
2651,116,259,0,0,0,-4.387389,0.012280462
2652,133,259,0,0,0,-1.9941921,0.11981406
2653,138,259,0,0,0,-10.581043,2.5392197e-05
2654,139,259,0,0,0,-11.815565,7.3885985e-06
2655,153,259,0,0,0,-3.58629,0.026954256
2656,161,259,0,0,0,-4.7440996,0.008627808
2657,165,259,0,0,0,-4.7598147,0.008494423
2658,190,259,0,0,0,-11.63661,8.836507e-06
2659,196,259,0,0,0,-7.389171,0.00061752636
2660,208,259,0,0,0,-11.986773,6.225986e-06
2661,212,259,0,0,0,-8.096607,0.000304478
2662,214,259,0,0,0,-8.060989,0.0003155148
2663,218,259,0,0,0,-5.9544997,0.0025874292
2664,244,259,0,0,0,-4.0986953,0.016323436
2665,248,259,0,0,0,-9.580698,6.904397e-05
2666,251,259,0,0,0,-2.9442487,0.05000904
2667,268,259,0,0,0,-6.2045164,0.0020162123
2668,278,259,0,0,0,-4.75481,0.00853668
2669,279,259,0,0,0,-4.890723,0.007459916
2670,281,259,0,0,0,-6.546318,0.0014333335
2671,284,259,0,0,0,-5.479499,0.0041540912
2672,5,273,0,0,0,-11.306353,1.2294422e-05
2673,22,273,0,0,0,-9.701094,6.121276e-05
2674,30,273,0,0,0,-1.0254779,0.26396176
2675,61,273,0,0,0,-9.06033,0.00011617109
2676,114,273,0,0,0,-0.056803763,0.4858029
2677,155,273,0,0,0,-9.12571,0.00010881968
2678,198,273,0,0,0,-0.56011003,0.363522
2679,236,273,0,0,0,-5.5737257,0.0037819527
2680,277,273,0,0,0,-7.141347,0.00079105876
2681,288,273,0,0,0,-5.510645,0.004027215
2682,27,274,0,0,0,-3.6682513,0.024885945
2683,53,274,0,0,0,-10.711,2.2297796e-05
2684,61,274,0,0,0,-9.06033,0.00011617109
2685,62,274,0,0,0,-9.01691,0.000121325815
2686,119,274,0,0,0,-6.371889,0.0017060124
2687,120,274,0,0,0,-7.1569815,0.0007787967
2688,163,274,0,0,0,-4.646488,0.009504046
2689,244,274,0,0,0,-4.0986953,0.016323436
2690,285,274,0,0,0,-5.502831,0.004058678
2691,73,275,0,0,0,-28.924707,2.742579e-13
2692,91,275,0,0,0,-30.046082,8.936194e-14
2693,100,275,0,0,0,-9.882284,5.106888e-05
2694,178,275,0,0,0,-12.063389,5.766792e-06
2695,189,275,0,0,0,-11.833694,7.255856e-06
2696,199,275,0,0,0,-7.860381,0.0003855781
2697,229,275,0,0,0,-8.679853,0.00016994709
2698,248,275,0,0,0,-9.580698,6.904397e-05
2699,280,275,0,0,0,-4.9435015,0.0070791193
2700,16,276,0,0,0,-6.4277906,0.00161341
2701,48,276,0,0,0,-6.149761,0.0021294472
2702,55,276,0,0,0,-18.448061,9.729912e-09
2703,68,276,0,0,0,-32.69593,6.3144832e-15
2704,71,276,0,0,0,-33.33927,3.3184733e-15
2705,203,276,0,0,0,-4.162895,0.015323958
2706,206,276,0,0,0,-8.460536,0.0002116138
2707,210,276,0,0,0,-8.489185,0.00020563845
2708,247,276,0,0,0,-12.616839,3.3156969e-06
2709,272,276,0,0,0,-6.3795614,0.0016929954
2710,21,287,0,0,0,-21.120436,6.7221984e-10
2711,31,287,0,0,0,-1.0316149,0.26277113
2712,48,287,0,0,0,-6.149761,0.0021294472
2713,89,287,0,0,0,-42.23592,4.541225e-19
2714,98,287,0,0,0,-40.076416,3.935806e-18
2715,126,287,0,0,0,-10.750329,2.1437894e-05
2716,178,287,0,0,0,-12.063389,5.766792e-06
2717,208,287,0,0,0,-11.986773,6.225986e-06
2718,240,287,0,0,0,-5.5670557,0.0038071664
2719,281,287,0,0,0,-6.546318,0.0014333335
2720,10,301,0,0,0,-6.4848247,0.001524102
2721,44,301,0,0,0,-7.5255637,0.0005388342
2722,65,301,0,0,0,-26.862143,2.1573455e-12
2723,85,301,0,0,0,-28.34491,4.897361e-13
2724,105,301,0,0,0,-13.88211,9.3556935e-07
2725,110,301,0,0,0,-1.7256985,0.15113862
2726,173,301,0,0,0,-7.706811,0.0004495513
2727,205,301,0,0,0,-8.400805,0.0002246358
2728,211,301,0,0,0,-8.664099,0.00017264529
2729,289,301,0,0,0,-12.653185,3.1973505e-06
2730,17,302,0,0,0,-6.427183,0.0016143888
2731,64,302,0,0,0,-24.457676,2.3887258e-11
2732,114,302,0,0,0,-0.056803763,0.4858029
2733,135,302,0,0,0,-7.305379,0.0006714637
2734,153,302,0,0,0,-3.58629,0.026954256
2735,165,302,0,0,0,-4.7598147,0.008494423
2736,166,302,0,0,0,-6.364871,0.0017180068
2737,206,302,0,0,0,-8.460536,0.0002116138
2738,260,302,0,0,0,-10.352643,3.1907326e-05
2739,26,303,0,0,0,-3.6351619,0.025701663
2740,27,303,0,0,0,-3.6682513,0.024885945
2741,33,303,0,0,0,-1.4263923,0.19366142
2742,61,303,0,0,0,-9.06033,0.00011617109
2743,100,303,0,0,0,-9.882284,5.106888e-05
2744,104,303,0,0,0,-4.8173656,0.008023174
2745,187,303,0,0,0,-11.711824,8.19626e-06
2746,229,303,0,0,0,-8.679853,0.00016994709
2747,257,303,0,0,0,-9.801531,5.536371e-05
2748,280,303,0,0,0,-4.9435015,0.0070791193
2749,36,304,0,0,0,-10.067298,4.2443346e-05
2750,37,304,0,0,0,-9.5270405,7.2849616e-05
2751,63,304,0,0,0,-24.557558,2.1616632e-11
2752,86,304,0,0,0,-10.046534,4.3333832e-05
2753,116,304,0,0,0,-4.387389,0.012280462
2754,121,304,0,0,0,-6.4490995,0.0015794474
2755,140,304,0,0,0,-6.073734,0.00229727
2756,189,304,0,0,0,-11.833694,7.255856e-06
2757,251,304,0,0,0,-2.9442487,0.05000904
2758,8,305,0,0,0,-7.308463,0.00066939736
2759,18,305,0,0,0,-3.953546,0.01882535
2760,37,305,0,0,0,-9.5270405,7.2849616e-05
2761,53,305,0,0,0,-10.711,2.2297796e-05
2762,175,305,0,0,0,-1.0147481,0.26605168
2763,189,305,0,0,0,-11.833694,7.255856e-06
2764,212,305,0,0,0,-8.096607,0.000304478
2765,217,305,0,0,0,-3.1783233,0.039989654
2766,290,305,0,0,0,-4.1531453,0.015471773
2767,12,306,0,0,0,-11.921619,6.6451316e-06
2768,21,306,0,0,0,-21.120436,6.7221984e-10
2769,39,306,0,0,0,-11.443222,1.0721787e-05
2770,55,306,0,0,0,-18.448061,9.729912e-09
2771,100,306,0,0,0,-9.882284,5.106888e-05
2772,112,306,0,0,0,-8.587188,0.000186445
2773,131,306,0,0,0,-10.778189,2.0848896e-05
2774,168,306,0,0,0,-2.6705666,0.064732656
2775,200,306,0,0,0,-10.789567,2.061302e-05
2776,256,306,0,0,0,-11.952312,6.444272e-06
2777,0,307,0,0,0,-7.1963058,0.0007487879
2778,55,307,0,0,0,-18.448061,9.729912e-09
2779,74,307,0,0,0,-28.846336,2.966165e-13
2780,80,307,0,0,0,-13.82761,9.879725e-07
2781,81,307,0,0,0,-10.341732,3.225736e-05
2782,90,307,0,0,0,-28.992865,2.5618806e-13
2783,181,307,0,0,0,-9.736992,5.9054433e-05
2784,183,307,0,0,0,-8.683641,0.00016930467
2785,190,307,0,0,0,-11.63661,8.836507e-06
2786,43,308,0,0,0,-12.007364,6.0990938e-06
2787,59,308,0,0,0,-29.914837,1.01894655e-13
2788,60,308,0,0,0,-29.681648,1.286542e-13
2789,70,308,0,0,0,-33.953594,1.795318e-15
2790,109,308,0,0,0,-8.081067,0.0003092451
2791,130,308,0,0,0,-5.564266,0.0038177606
2792,141,308,0,0,0,-5.8608303,0.0028407841
2793,272,308,0,0,0,-6.3795614,0.0016929954
2794,283,308,0,0,0,-5.501476,0.00406416
2795,9,309,0,0,0,-6.315263,0.0018052257
2796,33,309,0,0,0,-1.4263923,0.19366142
2797,59,309,0,0,0,-29.914837,1.01894655e-13
2798,68,309,0,0,0,-32.69593,6.3144832e-15
2799,110,309,0,0,0,-1.7256985,0.15113862
2800,149,309,0,0,0,-4.609678,0.009856899
2801,210,309,0,0,0,-8.489185,0.00020563845
2802,271,309,0,0,0,-6.729328,0.0011939086
2803,281,309,0,0,0,-6.546318,0.0014333335
2804,58,313,0,0,0,-29.542746,1.4782525e-13
2805,66,313,0,0,0,-26.913443,2.0494643e-12
2806,67,313,0,0,0,-32.62722,6.7636064e-15
2807,89,313,0,0,0,-42.23592,4.541225e-19
2808,94,313,0,0,0,-30.663422,4.8199793e-14
2809,111,313,0,0,0,-8.584954,0.00018686183
2810,117,313,0,0,0,-0.9617768,0.2765226
2811,193,313,0,0,0,-8.404422,0.00022382509
2812,278,313,0,0,0,-4.75481,0.00853668
2813,23,314,0,0,0,-11.820374,7.3531564e-06
2814,105,314,0,0,0,-13.88211,9.3556935e-07
2815,150,314,0,0,0,-5.120925,0.0059350627
2816,195,314,0,0,0,-9.710101,6.0663897e-05
2817,205,314,0,0,0,-8.400805,0.0002246358
2818,244,314,0,0,0,-4.0986953,0.016323436
2819,256,314,0,0,0,-11.952312,6.444272e-06
2820,258,314,0,0,0,-6.7669363,0.0011498925
2821,283,314,0,0,0,-5.501476,0.00406416
2822,6,326,0,0,0,-10.794163,2.0518508e-05
2823,37,326,0,0,0,-9.5270405,7.2849616e-05
2824,72,326,0,0,0,-26.342642,3.6269037e-12
2825,78,326,0,0,0,-10.63675,2.4016384e-05
2826,81,326,0,0,0,-10.341732,3.225736e-05
2827,88,326,0,0,0,-14.1094475,7.4532295e-07
2828,133,326,0,0,0,-1.9941921,0.11981406
2829,134,326,0,0,0,-8.061856,0.0003152415
2830,140,326,0,0,0,-6.073734,0.00229727
2831,149,326,0,0,0,-4.609678,0.009856899
2832,159,326,0,0,0,-6.1982117,0.0020289382
2833,161,326,0,0,0,-4.7440996,0.008627808
2834,169,326,0,0,0,-3.6256375,0.025941243
2835,187,326,0,0,0,-11.711824,8.19626e-06
2836,201,326,0,0,0,-4.3222294,0.013096472
2837,226,326,0,0,0,-3.0626903,0.04467275
2838,234,326,0,0,0,-5.5442653,0.0038945877
2839,260,326,0,0,0,-10.352643,3.1907326e-05
2840,278,326,0,0,0,-4.75481,0.00853668
2841,5,327,0,0,0,-11.306353,1.2294422e-05
2842,10,327,0,0,0,-6.4848247,0.001524102
2843,20,327,0,0,0,-3.9169593,0.019513177
2844,24,327,0,0,0,0.52314365,0.62788254
2845,26,327,0,0,0,-3.6351619,0.025701663
2846,45,327,0,0,0,-9.94191,4.8113012e-05
2847,105,327,0,0,0,-13.88211,9.3556935e-07
2848,113,327,0,0,0,-7.5883584,0.0005060553
2849,115,327,0,0,0,-1.8530681,0.13551307
2850,117,327,0,0,0,-0.9617768,0.2765226
2851,137,327,0,0,0,-11.661214,8.62175e-06
2852,143,327,0,0,0,-12.856398,2.609374e-06
2853,147,327,0,0,0,-7.8131685,0.00040421129
2854,176,327,0,0,0,-2.5620267,0.07162266
2855,178,327,0,0,0,-12.063389,5.766792e-06
2856,189,327,0,0,0,-11.833694,7.255856e-06
2857,190,327,0,0,0,-11.63661,8.836507e-06
2858,205,327,0,0,0,-8.400805,0.0002246358
2859,206,327,0,0,0,-8.460536,0.0002116138
2860,210,327,0,0,0,-8.489185,0.00020563845
2861,211,327,0,0,0,-8.664099,0.00017264529
2862,216,327,0,0,0,-11.594105,9.220199e-06
2863,225,327,0,0,0,-4.1494913,0.015527531
2864,235,327,0,0,0,-5.588744,0.003725788
2865,242,327,0,0,0,-5.5430446,0.003899326
2866,248,327,0,0,0,-9.580698,6.904397e-05
2867,249,327,0,0,0,-5.089004,0.006126392
2868,273,327,0,0,0,-6.876468,0.0010307182
2869,5,328,0,0,0,-11.306353,1.2294422e-05
2870,13,328,0,0,0,-5.2638826,0.0051485277
2871,22,328,0,0,0,-9.701094,6.121276e-05
2872,55,328,0,0,0,-18.448061,9.729912e-09
2873,85,328,0,0,0,-28.34491,4.897361e-13
2874,91,328,0,0,0,-30.046082,8.936194e-14
2875,125,328,0,0,0,-31.960213,1.3178196e-14
2876,132,328,0,0,0,-1.2696991,0.21930876
2877,146,328,0,0,0,-9.241252,9.694673e-05
2878,148,328,0,0,0,-5.481124,0.004147374
2879,159,328,0,0,0,-6.1982117,0.0020289382
2880,164,328,0,0,0,-4.689009,0.009112
2881,204,328,0,0,0,-7.3362913,0.00065103796
2882,209,328,0,0,0,-12.141372,5.334171e-06
2883,210,328,0,0,0,-8.489185,0.00020563845
2884,244,328,0,0,0,-4.0986953,0.016323436
2885,246,328,0,0,0,-5.415153,0.0044289543
2886,257,328,0,0,0,-9.801531,5.536371e-05
2887,290,328,0,0,0,-4.1531453,0.015471773
2888,2,329,0,0,0,-10.612773,2.4599178e-05
2889,29,329,0,0,0,-5.176631,0.00561529
2890,40,329,0,0,0,-11.913744,6.6976713e-06
2891,65,329,0,0,0,-26.862143,2.1573455e-12
2892,126,329,0,0,0,-10.750329,2.1437894e-05
2893,157,329,0,0,0,-9.022123,0.000120694975
2894,177,329,0,0,0,-3.7325225,0.023373019
2895,185,329,0,0,0,-11.799093,7.5113094e-06
2896,199,329,0,0,0,-7.860381,0.0003855781
2897,204,329,0,0,0,-7.3362913,0.00065103796
2898,214,329,0,0,0,-8.060989,0.0003155148
2899,218,329,0,0,0,-5.9544997,0.0025874292
2900,221,329,0,0,0,-6.3151937,0.0018053503
2901,254,329,0,0,0,-3.9696255,0.018530635
2902,266,329,0,0,0,-6.4880314,0.0015192298
2903,268,329,0,0,0,-6.2045164,0.0020162123
2904,280,329,0,0,0,-4.9435015,0.0070791193
2905,288,329,0,0,0,-5.510645,0.004027215
2906,291,329,0,0,0,-4.189009,0.014934868
2907,17,331,0,0,0,-6.427183,0.0016143888
2908,22,331,0,0,0,-9.701094,6.121276e-05
2909,88,331,0,0,0,-14.1094475,7.4532295e-07
2910,90,331,0,0,0,-28.992865,2.5618806e-13
2911,93,331,0,0,0,-28.628984,3.6862944e-13
2912,130,331,0,0,0,-5.564266,0.0038177606
2913,226,331,0,0,0,-3.0626903,0.04467275
2914,232,331,0,0,0,-6.329008,0.0017806259
2915,283,331,0,0,0,-5.501476,0.00406416
2916,3,332,0,0,0,-5.6165066,0.0036241435
2917,13,332,0,0,0,-5.2638826,0.0051485277
2918,45,332,0,0,0,-9.94191,4.8113012e-05
2919,57,332,0,0,0,-9.997419,4.551517e-05
2920,130,332,0,0,0,-5.564266,0.0038177606
2921,173,332,0,0,0,-7.706811,0.0004495513
2922,213,332,0,0,0,-7.9402933,0.00035597524
2923,264,332,0,0,0,-7.25523,0.00070597115
2924,276,332,0,0,0,-6.8135567,0.0010975719
2925,6,333,0,0,0,-10.794163,2.0518508e-05
2926,11,333,0,0,0,-11.010553,1.6526095e-05
2927,15,333,0,0,0,-6.661152,0.001278036
2928,65,333,0,0,0,-26.862143,2.1573455e-12
2929,85,333,0,0,0,-28.34491,4.897361e-13
2930,90,333,0,0,0,-28.992865,2.5618806e-13
2931,212,333,0,0,0,-8.096607,0.000304478
2932,265,333,0,0,0,-3.5957518,0.0267072
2933,271,333,0,0,0,-6.729328,0.0011939086
2934,8,334,0,0,0,-7.308463,0.00066939736
2935,44,334,0,0,0,-7.5255637,0.0005388342
2936,74,334,0,0,0,-28.846336,2.966165e-13
2937,96,334,0,0,0,-10.345365,3.21404e-05
2938,135,334,0,0,0,-7.305379,0.0006714637
2939,161,334,0,0,0,-4.7440996,0.008627808
2940,222,334,0,0,0,-7.049753,0.000866871
2941,262,334,0,0,0,-23.29535,7.6376266e-11
2942,277,334,0,0,0,-7.141347,0.00079105876
2943,16,335,0,0,0,-6.4277906,0.00161341
2944,26,335,0,0,0,-3.6351619,0.025701663
2945,73,335,0,0,0,-28.924707,2.742579e-13
2946,78,335,0,0,0,-10.63675,2.4016384e-05
2947,112,335,0,0,0,-8.587188,0.000186445
2948,138,335,0,0,0,-10.581043,2.5392197e-05
2949,143,335,0,0,0,-12.856398,2.609374e-06
2950,197,335,0,0,0,-10.945261,1.7641109e-05
2951,265,335,0,0,0,-3.5957518,0.0267072
2952,275,335,0,0,0,-6.9375253,0.00096972747
2953,32,336,0,0,0,-4.2563834,0.013975389
2954,84,336,0,0,0,-33.734406,2.2352899e-15
2955,108,336,0,0,0,-10.844189,1.9517322e-05
2956,140,336,0,0,0,-6.073734,0.00229727
2957,141,336,0,0,0,-5.8608303,0.0028407841
2958,199,336,0,0,0,-7.860381,0.0003855781
2959,221,336,0,0,0,-6.3151937,0.0018053503
2960,229,336,0,0,0,-8.679853,0.00016994709
2961,246,336,0,0,0,-5.415153,0.0044289543
2962,43,337,0,0,0,-12.007364,6.0990938e-06
2963,57,337,0,0,0,-9.997419,4.551517e-05
2964,81,337,0,0,0,-10.341732,3.225736e-05
2965,107,337,0,0,0,-30.726496,4.5253528e-14
2966,148,337,0,0,0,-5.481124,0.004147374
2967,170,337,0,0,0,-4.358667,0.012633779
2968,226,337,0,0,0,-3.0626903,0.04467275
2969,230,337,0,0,0,-4.7198215,0.008837964
2970,234,337,0,0,0,-5.5442653,0.0038945877
2971,249,337,0,0,0,-5.089004,0.006126392
2972,46,338,0,0,0,-18.193285,1.2553266e-08
2973,68,338,0,0,0,-32.69593,6.3144832e-15
2974,111,338,0,0,0,-8.584954,0.00018686183
2975,150,338,0,0,0,-5.120925,0.0059350627
2976,155,338,0,0,0,-9.12571,0.00010881968
2977,192,338,0,0,0,-8.389225,0.00022725172
2978,204,338,0,0,0,-7.3362913,0.00065103796
2979,229,338,0,0,0,-8.679853,0.00016994709
2980,231,338,0,0,0,-2.7595682,0.059548542
2981,18,339,0,0,0,-3.953546,0.01882535
2982,32,339,0,0,0,-4.2563834,0.013975389
2983,37,339,0,0,0,-9.5270405,7.2849616e-05
2984,86,339,0,0,0,-10.046534,4.3333832e-05
2985,88,339,0,0,0,-14.1094475,7.4532295e-07
2986,108,339,0,0,0,-10.844189,1.9517322e-05
2987,111,339,0,0,0,-8.584954,0.00018686183
2988,181,339,0,0,0,-9.736992,5.9054433e-05
2989,283,339,0,0,0,-5.501476,0.00406416
2990,45,340,0,0,0,-9.94191,4.8113012e-05
2991,65,340,0,0,0,-26.862143,2.1573455e-12
2992,80,340,0,0,0,-13.82761,9.879725e-07
2993,85,340,0,0,0,-28.34491,4.897361e-13
2994,205,340,0,0,0,-8.400805,0.0002246358
2995,216,340,0,0,0,-11.594105,9.220199e-06
2996,226,340,0,0,0,-3.0626903,0.04467275
2997,245,340,0,0,0,-4.029029,0.017480591
2998,271,340,0,0,0,-6.729328,0.0011939086
2999,46,341,0,0,0,-18.193285,1.2553266e-08
3000,60,341,0,0,0,-29.681648,1.286542e-13
3001,88,341,0,0,0,-14.1094475,7.4532295e-07
3002,97,341,0,0,0,-0.22589633,0.44376487
3003,113,341,0,0,0,-7.5883584,0.0005060553
3004,118,341,0,0,0,-1.0502741,0.25917247
3005,141,341,0,0,0,-5.8608303,0.0028407841
3006,192,341,0,0,0,-8.389225,0.00022725172
3007,258,341,0,0,0,-6.7669363,0.0011498925
3008,280,341,0,0,0,-4.9435015,0.0070791193
3009,14,342,0,0,0,-4.7086105,0.008936713
3010,28,342,0,0,0,-5.8038282,0.003006918
3011,65,342,0,0,0,-26.862143,2.1573455e-12
3012,76,342,0,0,0,-31.510298,2.0665768e-14
3013,87,342,0,0,0,-23.25806,7.9278e-11
3014,92,342,0,0,0,-29.485659,1.5650967e-13
3015,152,342,0,0,0,-4.6651115,0.009330323
3016,194,342,0,0,0,-8.29658,0.00024930597
3017,260,342,0,0,0,-10.352643,3.1907326e-05
3018,49,343,0,0,0,-9.552636,7.100877e-05
3019,97,343,0,0,0,-0.22589633,0.44376487
3020,167,343,0,0,0,-5.637743,0.0035482612
3021,175,343,0,0,0,-1.0147481,0.26605168
3022,200,343,0,0,0,-10.789567,2.061302e-05
3023,248,343,0,0,0,-9.580698,6.904397e-05
3024,258,343,0,0,0,-6.7669363,0.0011498925
3025,263,343,0,0,0,-22.253307,2.1652669e-10
3026,266,343,0,0,0,-6.4880314,0.0015192298
3027,17,344,0,0,0,-6.427183,0.0016143888
3028,77,344,0,0,0,-20.260212,1.588919e-09
3029,112,344,0,0,0,-8.587188,0.000186445
3030,134,344,0,0,0,-8.061856,0.0003152415
3031,153,344,0,0,0,-3.58629,0.026954256
3032,170,344,0,0,0,-4.358667,0.012633779
3033,210,344,0,0,0,-8.489185,0.00020563845
3034,224,344,0,0,0,-7.7215147,0.00044299246
3035,226,344,0,0,0,-3.0626903,0.04467275
3036,1,345,0,0,0,-10.530191,2.6716796e-05
3037,16,345,0,0,0,-6.4277906,0.00161341
3038,36,345,0,0,0,-10.067298,4.2443346e-05
3039,39,345,0,0,0,-11.443222,1.0721787e-05
3040,148,345,0,0,0,-5.481124,0.004147374
3041,151,345,0,0,0,-4.6408596,0.009557178
3042,164,345,0,0,0,-4.689009,0.009112
3043,194,345,0,0,0,-8.29658,0.00024930597
3044,214,345,0,0,0,-8.060989,0.0003155148
3045,14,346,0,0,0,-4.7086105,0.008936713
3046,23,346,0,0,0,-11.820374,7.3531564e-06
3047,129,346,0,0,0,-5.1109896,0.0059939683
3048,139,346,0,0,0,-11.815565,7.3885985e-06
3049,147,346,0,0,0,-7.8131685,0.00040421129
3050,171,346,0,0,0,-8.777845,0.00015408602
3051,187,346,0,0,0,-11.711824,8.19626e-06
3052,226,346,0,0,0,-3.0626903,0.04467275
3053,242,346,0,0,0,-5.5430446,0.003899326
3054,283,346,0,0,0,-5.501476,0.00406416
3055,0,347,0,0,0,-7.1963058,0.0007487879
3056,57,347,0,0,0,-9.997419,4.551517e-05
3057,59,347,0,0,0,-29.914837,1.01894655e-13
3058,107,347,0,0,0,-30.726496,4.5253528e-14
3059,122,347,0,0,0,-6.681708,0.0012520655
3060,147,347,0,0,0,-7.8131685,0.00040421129
3061,168,347,0,0,0,-2.6705666,0.064732656
3062,277,347,0,0,0,-7.141347,0.00079105876
3063,289,347,0,0,0,-12.653185,3.1973505e-06
3064,14,350,0,0,0,-4.7086105,0.008936713
3065,21,350,0,0,0,-21.120436,6.7221984e-10
3066,32,350,0,0,0,-4.2563834,0.013975389
3067,102,350,0,0,0,-4.3252306,0.013057739
3068,134,350,0,0,0,-8.061856,0.0003152415
3069,156,350,0,0,0,-5.4726124,0.004182677
3070,193,350,0,0,0,-8.404422,0.00022382509
3071,225,350,0,0,0,-4.1494913,0.015527531
3072,245,350,0,0,0,-4.029029,0.017480591
3073,272,350,0,0,0,-6.3795614,0.0016929954
3074,7,351,0,0,0,-6.695773,0.0012345997
3075,31,351,0,0,0,-1.0316149,0.26277113
3076,33,351,0,0,0,-1.4263923,0.19366142
3077,36,351,0,0,0,-10.067298,4.2443346e-05
3078,58,351,0,0,0,-29.542746,1.4782525e-13
3079,148,351,0,0,0,-5.481124,0.004147374
3080,171,351,0,0,0,-8.777845,0.00015408602
3081,174,351,0,0,0,-1.488128,0.18420288
3082,218,351,0,0,0,-5.9544997,0.0025874292
3083,33,352,0,0,0,-1.4263923,0.19366142
3084,52,352,0,0,0,-10.180883,3.788629e-05
3085,136,352,0,0,0,-8.902584,0.00013601844
3086,160,352,0,0,0,-8.901551,0.00013615898
3087,180,352,0,0,0,-8.670341,0.00017157121
3088,183,352,0,0,0,-8.683641,0.00016930467
3089,189,352,0,0,0,-11.833694,7.255856e-06
3090,195,352,0,0,0,-9.710101,6.0663897e-05
3091,257,352,0,0,0,-9.801531,5.536371e-05
3092,19,353,0,0,0,-4.00989,0.017812354
3093,25,353,0,0,0,-1.6093197,0.1666831
3094,35,353,0,0,0,-4.496363,0.011026531
3095,68,353,0,0,0,-32.69593,6.3144832e-15
3096,84,353,0,0,0,-33.734406,2.2352899e-15
3097,87,353,0,0,0,-23.25806,7.9278e-11
3098,127,353,0,0,0,-11.448885,1.0661242e-05
3099,150,353,0,0,0,-5.120925,0.0059350627
3100,182,353,0,0,0,-1.11708,0.24655332
3101,30,354,0,0,0,-1.0254779,0.26396176
3102,33,354,0,0,0,-1.4263923,0.19366142
3103,38,354,0,0,0,-12.624295,3.2910677e-06
3104,91,354,0,0,0,-30.046082,8.936194e-14
3105,129,354,0,0,0,-5.1109896,0.0059939683
3106,147,354,0,0,0,-7.8131685,0.00040421129
3107,155,354,0,0,0,-9.12571,0.00010881968
3108,172,354,0,0,0,-8.922697,0.00013331039
3109,268,354,0,0,0,-6.2045164,0.0020162123
3110,49,356,0,0,0,-9.552636,7.100877e-05
3111,70,356,0,0,0,-33.953594,1.795318e-15
3112,111,356,0,0,0,-8.584954,0.00018686183
3113,114,356,0,0,0,-0.056803763,0.4858029
3114,118,356,0,0,0,-1.0502741,0.25917247
3115,166,356,0,0,0,-6.364871,0.0017180068
3116,198,356,0,0,0,-0.56011003,0.363522
3117,217,356,0,0,0,-3.1783233,0.039989654
3118,233,356,0,0,0,-8.223019,0.0002683316
3119,257,356,0,0,0,-9.801531,5.536371e-05
3120,72,357,0,0,0,-26.342642,3.6269037e-12
3121,137,357,0,0,0,-11.661214,8.62175e-06
3122,139,357,0,0,0,-11.815565,7.3885985e-06
3123,149,357,0,0,0,-4.609678,0.009856899
3124,157,357,0,0,0,-9.022123,0.000120694975
3125,170,357,0,0,0,-4.358667,0.012633779
3126,244,357,0,0,0,-4.0986953,0.016323436
3127,271,357,0,0,0,-6.729328,0.0011939086
3128,279,357,0,0,0,-4.890723,0.007459916
3129,5,358,0,0,0,-11.306353,1.2294422e-05
3130,23,358,0,0,0,-11.820374,7.3531564e-06
3131,138,358,0,0,0,-10.581043,2.5392197e-05
3132,173,358,0,0,0,-7.706811,0.0004495513
3133,190,358,0,0,0,-11.63661,8.836507e-06
3134,192,358,0,0,0,-8.389225,0.00022725172
3135,196,358,0,0,0,-7.389171,0.00061752636
3136,266,358,0,0,0,-6.4880314,0.0015192298
3137,278,358,0,0,0,-4.75481,0.00853668
3138,70,359,0,0,0,-33.953594,1.795318e-15
3139,92,359,0,0,0,-29.485659,1.5650967e-13
3140,141,359,0,0,0,-5.8608303,0.0028407841
3141,168,359,0,0,0,-2.6705666,0.064732656
3142,170,359,0,0,0,-4.358667,0.012633779
3143,184,359,0,0,0,-11.441387,1.0741477e-05
3144,228,359,0,0,0,-5.128701,0.00588936
3145,229,359,0,0,0,-8.679853,0.00016994709
3146,284,359,0,0,0,-5.479499,0.0041540912
3147,14,360,0,0,0,-4.7086105,0.008936713
3148,38,360,0,0,0,-12.624295,3.2910677e-06
3149,41,360,0,0,0,-19.18611,4.651344e-09
3150,79,360,0,0,0,-11.769199,7.73924e-06
3151,110,360,0,0,0,-1.7256985,0.15113862
3152,135,360,0,0,0,-7.305379,0.0006714637
3153,178,360,0,0,0,-12.063389,5.766792e-06
3154,207,360,0,0,0,-8.539485,0.00019555273
3155,218,360,0,0,0,-5.9544997,0.0025874292
3156,276,360,0,0,0,-6.8135567,0.0010975719
3157,11,361,0,0,0,-11.010553,1.6526095e-05
3158,80,361,0,0,0,-13.82761,9.879725e-07
3159,111,361,0,0,0,-8.584954,0.00018686183
3160,148,361,0,0,0,-5.481124,0.004147374
3161,188,361,0,0,0,-11.465377,1.0486861e-05
3162,193,361,0,0,0,-8.404422,0.00022382509
3163,214,361,0,0,0,-8.060989,0.0003155148
3164,216,361,0,0,0,-11.594105,9.220199e-06
3165,263,361,0,0,0,-22.253307,2.1652669e-10
3166,38,362,0,0,0,-12.624295,3.2910677e-06
3167,41,362,0,0,0,-19.18611,4.651344e-09
3168,61,362,0,0,0,-9.06033,0.00011617109
3169,108,362,0,0,0,-10.844189,1.9517322e-05
3170,127,362,0,0,0,-11.448885,1.0661242e-05
3171,159,362,0,0,0,-6.1982117,0.0020289382
3172,200,362,0,0,0,-10.789567,2.061302e-05
3173,246,362,0,0,0,-5.415153,0.0044289543
3174,265,362,0,0,0,-3.5957518,0.0267072
3175,287,362,0,0,0,-5.251899,0.005210275
3176,14,363,0,0,0,-4.7086105,0.008936713
3177,114,363,0,0,0,-0.056803763,0.4858029
3178,141,363,0,0,0,-5.8608303,0.0028407841
3179,142,363,0,0,0,-5.134391,0.0058561424
3180,200,363,0,0,0,-10.789567,2.061302e-05
3181,233,363,0,0,0,-8.223019,0.0002683316
3182,236,363,0,0,0,-5.5737257,0.0037819527
3183,243,363,0,0,0,-9.344288,8.745595e-05
3184,260,363,0,0,0,-10.352643,3.1907326e-05
3185,5,364,0,0,0,-11.306353,1.2294422e-05
3186,37,364,0,0,0,-9.5270405,7.2849616e-05
3187,38,364,0,0,0,-12.624295,3.2910677e-06
3188,100,364,0,0,0,-9.882284,5.106888e-05
3189,141,364,0,0,0,-5.8608303,0.0028407841
3190,159,364,0,0,0,-6.1982117,0.0020289382
3191,210,364,0,0,0,-8.489185,0.00020563845
3192,276,364,0,0,0,-6.8135567,0.0010975719
3193,286,364,0,0,0,-4.917144,0.0072668153
3194,23,365,0,0,0,-11.820374,7.3531564e-06
3195,34,365,0,0,0,-11.847534,7.1561294e-06
3196,119,365,0,0,0,-6.371889,0.0017060124
3197,131,365,0,0,0,-10.778189,2.0848896e-05
3198,142,365,0,0,0,-5.134391,0.0058561424
3199,162,365,0,0,0,-4.573507,0.010216251
3200,221,365,0,0,0,-6.3151937,0.0018053503
3201,224,365,0,0,0,-7.7215147,0.00044299246
3202,226,365,0,0,0,-3.0626903,0.04467275
3203,277,365,0,0,0,-7.141347,0.00079105876
3204,53,366,0,0,0,-10.711,2.2297796e-05
3205,56,366,0,0,0,-17.330717,2.974166e-08
3206,97,366,0,0,0,-0.22589633,0.44376487
3207,117,366,0,0,0,-0.9617768,0.2765226
3208,140,366,0,0,0,-6.073734,0.00229727
3209,143,366,0,0,0,-12.856398,2.609374e-06
3210,187,366,0,0,0,-11.711824,8.19626e-06
3211,210,366,0,0,0,-8.489185,0.00020563845
3212,272,366,0,0,0,-6.3795614,0.0016929954
3213,30,367,0,0,0,-1.0254779,0.26396176
3214,57,367,0,0,0,-9.997419,4.551517e-05
3215,74,367,0,0,0,-28.846336,2.966165e-13
3216,182,367,0,0,0,-1.11708,0.24655332
3217,198,367,0,0,0,-0.56011003,0.363522
3218,230,367,0,0,0,-4.7198215,0.008837964
3219,234,367,0,0,0,-5.5442653,0.0038945877
3220,263,367,0,0,0,-22.253307,2.1652669e-10
3221,283,367,0,0,0,-5.501476,0.00406416
3222,6,368,0,0,0,-10.794163,2.0518508e-05
3223,39,368,0,0,0,-11.443222,1.0721787e-05
3224,75,368,0,0,0,-29.220228,2.0408737e-13
3225,87,368,0,0,0,-23.25806,7.9278e-11
3226,94,368,0,0,0,-30.663422,4.8199793e-14
3227,145,368,0,0,0,-8.995043,0.00012400771
3228,153,368,0,0,0,-3.58629,0.026954256
3229,201,368,0,0,0,-4.3222294,0.013096472
3230,208,368,0,0,0,-11.986773,6.225986e-06
3231,11,370,0,0,0,-11.010553,1.6526095e-05
3232,65,370,0,0,0,-26.862143,2.1573455e-12
3233,80,370,0,0,0,-13.82761,9.879725e-07
3234,139,370,0,0,0,-11.815565,7.3885985e-06
3235,172,370,0,0,0,-8.922697,0.00013331039
3236,174,370,0,0,0,-1.488128,0.18420288
3237,190,370,0,0,0,-11.63661,8.836507e-06
3238,265,370,0,0,0,-3.5957518,0.0267072
3239,291,370,0,0,0,-4.189009,0.014934868
3240,32,374,0,0,0,-4.2563834,0.013975389
3241,196,374,0,0,0,-7.389171,0.00061752636
3242,233,374,0,0,0,-8.223019,0.0002683316
3243,246,374,0,0,0,-5.415153,0.0044289543
3244,257,374,0,0,0,-9.801531,5.536371e-05
3245,262,374,0,0,0,-23.29535,7.6376266e-11
3246,273,374,0,0,0,-6.876468,0.0010307182
3247,275,374,0,0,0,-6.9375253,0.00096972747
3248,284,374,0,0,0,-5.479499,0.0041540912
3249,61,375,0,0,0,-9.06033,0.00011617109
3250,131,375,0,0,0,-10.778189,2.0848896e-05
3251,138,375,0,0,0,-10.581043,2.5392197e-05
3252,165,375,0,0,0,-4.7598147,0.008494423
3253,179,375,0,0,0,-8.7247925,0.00016248011
3254,210,375,0,0,0,-8.489185,0.00020563845
3255,211,375,0,0,0,-8.664099,0.00017264529
3256,242,375,0,0,0,-5.5430446,0.003899326
3257,259,375,0,0,0,-8.919579,0.00013372672
3258,272,375,0,0,0,-6.3795614,0.0016929954
3259,287,375,0,0,0,-5.251899,0.005210275
3260,5,376,0,0,0,-11.306353,1.2294422e-05
3261,151,376,0,0,0,-4.6408596,0.009557178
3262,176,376,0,0,0,-2.5620267,0.07162266
3263,187,376,0,0,0,-11.711824,8.19626e-06
3264,193,376,0,0,0,-8.404422,0.00022382509
3265,214,376,0,0,0,-8.060989,0.0003155148
3266,225,376,0,0,0,-4.1494913,0.015527531
3267,260,376,0,0,0,-10.352643,3.1907326e-05
3268,281,376,0,0,0,-6.546318,0.0014333335
3269,30,377,0,0,0,-1.0254779,0.26396176
3270,98,377,0,0,0,-40.076416,3.935806e-18
3271,176,377,0,0,0,-2.5620267,0.07162266
3272,214,377,0,0,0,-8.060989,0.0003155148
3273,259,377,0,0,0,-8.919579,0.00013372672
3274,262,377,0,0,0,-23.29535,7.6376266e-11
3275,267,377,0,0,0,-6.4151864,0.001633841
3276,287,377,0,0,0,-5.251899,0.005210275
3277,290,377,0,0,0,-4.1531453,0.015471773
3278,34,380,0,0,0,-11.847534,7.1561294e-06
3279,35,380,0,0,0,-4.496363,0.011026531
3280,96,380,0,0,0,-10.345365,3.21404e-05
3281,97,380,0,0,0,-0.22589633,0.44376487
3282,135,380,0,0,0,-7.305379,0.0006714637
3283,157,380,0,0,0,-9.022123,0.000120694975
3284,204,380,0,0,0,-7.3362913,0.00065103796
3285,241,380,0,0,0,-5.96101,0.0025706822
3286,276,380,0,0,0,-6.8135567,0.0010975719
3287,22,381,0,0,0,-9.701094,6.121276e-05
3288,72,381,0,0,0,-26.342642,3.6269037e-12
3289,104,381,0,0,0,-4.8173656,0.008023174
3290,136,381,0,0,0,-8.902584,0.00013601844
3291,145,381,0,0,0,-8.995043,0.00012400771
3292,212,381,0,0,0,-8.096607,0.000304478
3293,239,381,0,0,0,-5.6251745,0.0035929778
3294,259,381,0,0,0,-8.919579,0.00013372672
3295,277,381,0,0,0,-7.141347,0.00079105876
3296,6,386,0,0,0,-10.794163,2.0518508e-05
3297,27,386,0,0,0,-3.6682513,0.024885945
3298,36,386,0,0,0,-10.067298,4.2443346e-05
3299,44,386,0,0,0,-7.5255637,0.0005388342
3300,70,386,0,0,0,-33.953594,1.795318e-15
3301,87,386,0,0,0,-23.25806,7.9278e-11
3302,106,386,0,0,0,-27.44633,1.2028479e-12
3303,170,386,0,0,0,-4.358667,0.012633779
3304,232,386,0,0,0,-6.329008,0.0017806259
3305,16,390,0,0,0,-6.4277906,0.00161341
3306,21,390,0,0,0,-21.120436,6.7221984e-10
3307,40,390,0,0,0,-11.913744,6.6976713e-06
3308,163,390,0,0,0,-4.646488,0.009504046
3309,177,390,0,0,0,-3.7325225,0.023373019
3310,241,390,0,0,0,-5.96101,0.0025706822
3311,247,390,0,0,0,-12.616839,3.3156969e-06
3312,252,390,0,0,0,-3.890014,0.020035436
3313,260,390,0,0,0,-10.352643,3.1907326e-05
3314,282,390,0,0,0,-5.5719776,0.0037885446
3315,15,391,0,0,0,-6.661152,0.001278036
3316,44,391,0,0,0,-7.5255637,0.0005388342
3317,56,391,0,0,0,-17.330717,2.974166e-08
3318,157,391,0,0,0,-9.022123,0.000120694975
3319,175,391,0,0,0,-1.0147481,0.26605168
3320,183,391,0,0,0,-8.683641,0.00016930467
3322,242,391,0,0,0,-5.5430446,0.003899326
3323,252,391,0,0,0,-3.890014,0.020035436
3324,270,391,0,0,0,-6.1340647,0.0021630628
3325,45,392,0,0,0,-9.94191,4.8113012e-05
3326,71,392,0,0,0,-33.33927,3.3184733e-15
3327,91,392,0,0,0,-30.046082,8.936194e-14
3328,98,392,0,0,0,-40.076416,3.935806e-18
3329,109,392,0,0,0,-8.081067,0.0003092451
3330,110,392,0,0,0,-1.7256985,0.15113862
3331,145,392,0,0,0,-8.995043,0.00012400771
3332,234,392,0,0,0,-5.5442653,0.0038945877
3333,255,392,0,0,0,-5.58364,0.003744782
3334,282,392,0,0,0,-5.5719776,0.0037885446
3335,291,392,0,0,0,-4.189009,0.014934868
3336,60,393,0,0,0,-29.681648,1.286542e-13
3337,61,393,0,0,0,-9.06033,0.00011617109
3338,63,393,0,0,0,-24.557558,2.1616632e-11
3339,107,393,0,0,0,-30.726496,4.5253528e-14
3340,109,393,0,0,0,-8.081067,0.0003092451
3341,142,393,0,0,0,-5.134391,0.0058561424
3342,162,393,0,0,0,-4.573507,0.010216251
3343,165,393,0,0,0,-4.7598147,0.008494423
3344,168,393,0,0,0,-2.6705666,0.064732656
3345,97,394,0,0,0,-0.22589633,0.44376487
3346,158,394,0,0,0,-9.052331,0.000117104006
3347,210,394,0,0,0,-8.489185,0.00020563845
3348,211,394,0,0,0,-8.664099,0.00017264529
3349,239,394,0,0,0,-5.6251745,0.0035929778
3350,255,394,0,0,0,-5.58364,0.003744782
3351,256,394,0,0,0,-11.952312,6.444272e-06
3352,265,394,0,0,0,-3.5957518,0.0267072
3353,274,394,0,0,0,-6.8080893,0.0011035827
3354,38,395,0,0,0,-12.624295,3.2910677e-06
3355,46,395,0,0,0,-18.193285,1.2553266e-08
3356,70,395,0,0,0,-33.953594,1.795318e-15
3357,84,395,0,0,0,-33.734406,2.2352899e-15
3358,101,395,0,0,0,-31.942759,1.341023e-14
3359,115,395,0,0,0,-1.8530681,0.13551307
3360,140,395,0,0,0,-6.073734,0.00229727
3361,159,395,0,0,0,-6.1982117,0.0020289382
3362,194,395,0,0,0,-8.29658,0.00024930597
3363,247,395,0,0,0,-12.616839,3.3156969e-06
3364,58,396,0,0,0,-29.542746,1.4782525e-13
3365,69,396,0,0,0,-32.320786,9.188851e-15
3366,88,396,0,0,0,-14.1094475,7.4532295e-07
3367,116,396,0,0,0,-4.387389,0.012280462
3368,140,396,0,0,0,-6.073734,0.00229727
3369,192,396,0,0,0,-8.389225,0.00022725172
3370,235,396,0,0,0,-5.588744,0.003725788
3371,254,396,0,0,0,-3.9696255,0.018530635
3372,258,396,0,0,0,-6.7669363,0.0011498925
3373,6,412,0,0,0,-10.794163,2.0518508e-05
3374,20,412,0,0,0,-3.9169593,0.019513177
3375,88,412,0,0,0,-14.1094475,7.4532295e-07
3376,115,412,0,0,0,-1.8530681,0.13551307
3377,130,412,0,0,0,-5.564266,0.0038177606
3378,144,412,0,0,0,-13.312113,1.65433e-06
3379,154,412,0,0,0,-4.0358515,0.017363798
3380,216,412,0,0,0,-11.594105,9.220199e-06
3381,277,412,0,0,0,-7.141347,0.00079105876
3382,47,413,0,0,0,-3.6272845,0.025899658
3383,62,413,0,0,0,-9.01691,0.000121325815
3384,81,413,0,0,0,-10.341732,3.225736e-05
3385,101,413,0,0,0,-31.942759,1.341023e-14
3386,106,413,0,0,0,-27.44633,1.2028479e-12
3387,109,413,0,0,0,-8.081067,0.0003092451
3388,155,413,0,0,0,-9.12571,0.00010881968
3389,160,413,0,0,0,-8.901551,0.00013615898
3390,174,413,0,0,0,-1.488128,0.18420288
3391,51,414,0,0,0,-10.143198,3.9341234e-05
3392,106,414,0,0,0,-27.44633,1.2028479e-12
3393,146,414,0,0,0,-9.241252,9.694673e-05
3394,150,414,0,0,0,-5.120925,0.0059350627
3395,151,414,0,0,0,-4.6408596,0.009557178
3396,173,414,0,0,0,-7.706811,0.0004495513
3397,251,414,0,0,0,-2.9442487,0.05000904
3398,271,414,0,0,0,-6.729328,0.0011939086
3399,273,414,0,0,0,-6.876468,0.0010307182
3400,37,415,0,0,0,-9.5270405,7.2849616e-05
3401,38,415,0,0,0,-12.624295,3.2910677e-06
3402,69,415,0,0,0,-32.320786,9.188851e-15
3403,86,415,0,0,0,-10.046534,4.3333832e-05
3404,170,415,0,0,0,-4.358667,0.012633779
3405,198,415,0,0,0,-0.56011003,0.363522
3406,206,415,0,0,0,-8.460536,0.0002116138
3407,249,415,0,0,0,-5.089004,0.006126392
3408,285,415,0,0,0,-5.502831,0.004058678
3409,12,416,0,0,0,-11.921619,6.6451316e-06
3410,35,416,0,0,0,-4.496363,0.011026531
3411,40,416,0,0,0,-11.913744,6.6976713e-06
3412,73,416,0,0,0,-28.924707,2.742579e-13
3413,76,416,0,0,0,-31.510298,2.0665768e-14
3414,155,416,0,0,0,-9.12571,0.00010881968
3415,189,416,0,0,0,-11.833694,7.255856e-06
3416,191,416,0,0,0,-11.781135,7.64742e-06
3417,206,416,0,0,0,-8.460536,0.0002116138
3418,30,417,0,0,0,-1.0254779,0.26396176
3419,90,417,0,0,0,-28.992865,2.5618806e-13
3420,92,417,0,0,0,-29.485659,1.5650967e-13
3421,122,417,0,0,0,-6.681708,0.0012520655
3422,176,417,0,0,0,-2.5620267,0.07162266
3423,186,417,0,0,0,-11.790701,7.5746116e-06
3424,201,417,0,0,0,-4.3222294,0.013096472
3425,205,417,0,0,0,-8.400805,0.0002246358
3426,288,417,0,0,0,-5.510645,0.004027215
3427,24,418,0,0,0,0.52314365,0.62788254
3429,74,418,0,0,0,-28.846336,2.966165e-13
3430,158,418,0,0,0,-9.052331,0.000117104006
3431,184,418,0,0,0,-11.441387,1.0741477e-05
3432,187,418,0,0,0,-11.711824,8.19626e-06
3433,207,418,0,0,0,-8.539485,0.00019555273
3434,249,418,0,0,0,-5.089004,0.006126392
3435,287,418,0,0,0,-5.251899,0.005210275
3436,9,421,0,0,0,-6.315263,0.0018052257
3437,10,421,0,0,0,-6.4848247,0.001524102
3438,27,421,0,0,0,-3.6682513,0.024885945
3439,48,421,0,0,0,-6.149761,0.0021294472
3440,115,421,0,0,0,-1.8530681,0.13551307
3441,168,421,0,0,0,-2.6705666,0.064732656
3442,180,421,0,0,0,-8.670341,0.00017157121
3443,225,421,0,0,0,-4.1494913,0.015527531
3444,272,421,0,0,0,-6.3795614,0.0016929954
3445,18,425,0,0,0,-3.953546,0.01882535
3446,34,425,0,0,0,-11.847534,7.1561294e-06
3447,133,425,0,0,0,-1.9941921,0.11981406
3448,161,425,0,0,0,-4.7440996,0.008627808
3449,169,425,0,0,0,-3.6256375,0.025941243
3450,170,425,0,0,0,-4.358667,0.012633779
3451,189,425,0,0,0,-11.833694,7.255856e-06
3452,200,425,0,0,0,-10.789567,2.061302e-05
3453,236,425,0,0,0,-5.5737257,0.0037819527
3454,239,425,0,0,0,-5.6251745,0.0035929778
3455,24,426,0,0,0,0.52314365,0.62788254
3456,86,426,0,0,0,-10.046534,4.3333832e-05
3457,87,426,0,0,0,-23.25806,7.9278e-11
3458,91,426,0,0,0,-30.046082,8.936194e-14
3459,106,426,0,0,0,-27.44633,1.2028479e-12
3460,119,426,0,0,0,-6.371889,0.0017060124
3461,138,426,0,0,0,-10.581043,2.5392197e-05
3462,278,426,0,0,0,-4.75481,0.00853668
3463,285,426,0,0,0,-5.502831,0.004058678
3464,17,427,0,0,0,-6.427183,0.0016143888
3465,76,427,0,0,0,-31.510298,2.0665768e-14
3466,87,427,0,0,0,-23.25806,7.9278e-11
3467,113,427,0,0,0,-7.5883584,0.0005060553
3468,133,427,0,0,0,-1.9941921,0.11981406
3469,177,427,0,0,0,-3.7325225,0.023373019
3470,207,427,0,0,0,-8.539485,0.00019555273
3471,276,427,0,0,0,-6.8135567,0.0010975719
3472,278,427,0,0,0,-4.75481,0.00853668
3473,0,428,0,0,0,-7.1963058,0.0007487879
3474,1,428,0,0,0,-10.530191,2.6716796e-05
3475,58,428,0,0,0,-29.542746,1.4782525e-13
3476,107,428,0,0,0,-30.726496,4.5253528e-14
3477,121,428,0,0,0,-6.4490995,0.0015794474
3478,138,428,0,0,0,-10.581043,2.5392197e-05
3479,176,428,0,0,0,-2.5620267,0.07162266
3480,221,428,0,0,0,-6.3151937,0.0018053503
3481,267,428,0,0,0,-6.4151864,0.001633841
3482,65,430,0,0,0,-26.862143,2.1573455e-12
3483,73,430,0,0,0,-28.924707,2.742579e-13
3484,120,430,0,0,0,-7.1569815,0.0007787967
3485,123,430,0,0,0,-6.8986483,0.0010081313
3486,161,430,0,0,0,-4.7440996,0.008627808
3487,168,430,0,0,0,-2.6705666,0.064732656
3488,170,430,0,0,0,-4.358667,0.012633779
3489,191,430,0,0,0,-11.781135,7.64742e-06
3490,231,430,0,0,0,-2.7595682,0.059548542
3491,40,432,0,0,0,-11.913744,6.6976713e-06
3492,136,432,0,0,0,-8.902584,0.00013601844
3493,139,432,0,0,0,-11.815565,7.3885985e-06
3494,148,432,0,0,0,-5.481124,0.004147374
3495,160,432,0,0,0,-8.901551,0.00013615898
3496,166,432,0,0,0,-6.364871,0.0017180068
3497,182,432,0,0,0,-1.11708,0.24655332
3498,187,432,0,0,0,-11.711824,8.19626e-06
3499,265,432,0,0,0,-3.5957518,0.0267072
3500,23,433,0,0,0,-11.820374,7.3531564e-06
3501,44,433,0,0,0,-7.5255637,0.0005388342
3502,46,433,0,0,0,-18.193285,1.2553266e-08
3503,84,433,0,0,0,-33.734406,2.2352899e-15
3504,98,433,0,0,0,-40.076416,3.935806e-18
3505,100,433,0,0,0,-9.882284,5.106888e-05
3506,211,433,0,0,0,-8.664099,0.00017264529
3507,245,433,0,0,0,-4.029029,0.017480591
3508,287,433,0,0,0,-5.251899,0.005210275
3509,5,434,0,0,0,-11.306353,1.2294422e-05
3510,74,434,0,0,0,-28.846336,2.966165e-13
3511,99,434,0,0,0,-4.230797,0.014332395
3512,110,434,0,0,0,-1.7256985,0.15113862
3513,129,434,0,0,0,-5.1109896,0.0059939683
3514,189,434,0,0,0,-11.833694,7.255856e-06
3515,215,434,0,0,0,-7.664294,0.00046906795
3516,232,434,0,0,0,-6.329008,0.0017806259
3517,235,434,0,0,0,-5.588744,0.003725788
3518,3,435,0,0,0,-5.6165066,0.0036241435
3519,26,435,0,0,0,-3.6351619,0.025701663
3520,58,435,0,0,0,-29.542746,1.4782525e-13
3521,164,435,0,0,0,-4.689009,0.009112
3522,170,435,0,0,0,-4.358667,0.012633779
3523,212,435,0,0,0,-8.096607,0.000304478
3524,262,435,0,0,0,-23.29535,7.6376266e-11
3525,272,435,0,0,0,-6.3795614,0.0016929954
3526,278,435,0,0,0,-4.75481,0.00853668
