Compound,Compound CID,Compound SID,Compound formula,Compound CAS,Compound smiles
Casbene,5280437,,,C20H32,C/C/1=C\CC/C(=C/C2C(C2(C)C)CC/C(=C/CC1)/C)/C
L-Tryptophan,6305,,,C11H12N2O2,C1=CC=C2C(=C1)C(=CN2)C[C@@H](C(=O)O)N
(E)-Phenylacetaldehyde Oxime,9638853,,,C8H9NO,C1=CC=C(C=C1)C/C=N/O
Phenylacetonitrile,8794,,,C8H7N,C1=CC=C(C=C1)CC#N
L-Phenylalanine,6140,,,C9H11NO2,C1=CC=C(C=C1)C[C@@H](C(=O)O)N
Oleanolic Acid,10494,,,C30H48O3,C[C@]12CC[C@@H](C([C@@H]1CC[C@@]3([C@@H]2CC=C4[C@]3(CC[C@@]5([C@H]4CC(CC5)(C)C)C(=O)O)C)C)(C)C)O
2Beta-Hydroxyoleanolic Acid,15560128,,,C30H48O4,C[C@@]12CC[C@@H]3[C@@]([C@H]1CC=C4[C@]2(CC[C@@]5([C@H]4CC(CC5)(C)C)C(=O)O)C)(C[C@@H]([C@@H](C3(C)C)O)O)C
Bayogenin,12305221,,,C30H48O5,C[C@@]12CC[C@@H]3[C@@]([C@H]1CC=C4[C@]2(CC[C@@]5([C@H]4CC(CC5)(C)C)C(=O)O)C)(C[C@@H]([C@@H]([C@@]3(C)CO)O)O)C
Hederagenin,73299,,,C30H48O4,C[C@]12CC[C@@H]([C@@]([C@@H]1CC[C@@]3([C@@H]2CC=C4[C@]3(CC[C@@]5([C@H]4CC(CC5)(C)C)C(=O)O)C)C)(C)CO)O
3-Hydroxybenzyl Alcohol,102,,,C7H8O2,C1=CC(=CC(=C1)O)CO
3-Methylphenol,342,,,C7H8O,CC1=CC(=CC=C1)O
NMVT,91115345,,,C17H25N3O2,CC(C)[C@@H](C(=O)N[C@@H](CC1=CNC2=CC=CC=C21)CO)NC
Beta-Amyrin,73145,,,C30H50O,C[C@@]12CC[C@@]3(C(=CC[C@H]4[C@]3(CC[C@@H]5[C@@]4(CC[C@@H](C5(C)C)O)C)C)[C@@H]1CC(CC2)(C)C)C
24-Hydroxy-Beta-Amyrin,14167253,,,C30H50O2,C[C@@]12CC[C@@]3(C(=CC[C@H]4[C@]3(CC[C@@H]5[C@@]4(CC[C@@H]([C@]5(C)CO)O)C)C)[C@@H]1CC(CC2)(C)C)C
(E/Z)-Paox,5939523,,,C8H9NO,C1=CC=C(C=C1)C/C=N\O
Cucurbitadienol,14543446,,,C30H50O,C[C@H](CCC=C(C)C)[C@H]1CC[C@@]2([C@@]1(CC[C@@]3([C@H]2CC=C4[C@H]3CC[C@@H](C4(C)C)O)C)C)C
Oleanolic Aldehyde,10321055,,,C30H48O2,C[C@]12CC[C@@H](C([C@@H]1CC[C@@]3([C@@H]2CC=C4[C@]3(CC[C@@]5([C@H]4CC(CC5)(C)C)C=O)C)C)(C)C)O
Erythrodiol,101761,,,C30H50O2,C[C@]12CC[C@@H](C([C@@H]1CC[C@@]3([C@@H]2CC=C4[C@]3(CC[C@@]5([C@H]4CC(CC5)(C)C)CO)C)C)(C)C)O
Lupeol,259846,,,C30H50O,CC(=C)[C@@H]1CC[C@]2([C@H]1[C@H]3CC[C@@H]4[C@]5(CC[C@@H](C([C@@H]5CC[C@]4([C@@]3(CC2)C)C)(C)C)O)C)C
Alpha-Amyrin,73170,,,C30H50O,C[C@@H]1CC[C@@]2(CC[C@@]3(C(=CC[C@H]4[C@]3(CC[C@@H]5[C@@]4(CC[C@@H](C5(C)C)O)C)C)[C@@H]2[C@H]1C)C)C
16Alpha-Hydroxy-Beta-Amyrin,131841473,,,C30H50O2,C[C@]12CC[C@@H](C([C@@H]1CC[C@@]3([C@@H]2CC=C4[C@]3(C[C@H]([C@@]5([C@H]4CC(CC5)(C)C)C)O)C)C)(C)C)O
Ferruginol,442027,,,C20H30O,CC(C)C1=C(C=C2C(=C1)CC[C@@H]3[C@@]2(CCCC3(C)C)C)O
"Abieta-8,11,13-Triene",6432211,,,C20H30,CC(C)C1=CC2=C(C=C1)[C@]3(CCCC([C@@H]3CC2)(C)C)C
Dehydroprobetaenone I,122370693,,,C21H34O2,CC[C@H](C)[C@H]1C(=C[C@H]2C[C@H](C[C@H]([C@@H]2[C@@]1(C)C(=O)/C=C\O)C)C)C
3-Methoxybenzoic Acid,11461,,,C8H8O3,COC1=CC=CC(=C1)C(=O)O
3-Hydroxybenzoic Acid,7420,,,C7H6O3,C1=CC(=CC(=C1)O)C(=O)O
Benzoic Acid,243,,,C7H6O2,C1=CC=C(C=C1)C(=O)O
Lauric Acid,3893,,,C12H24O2,CCCCCCCCCCCC(=O)O
Capric Acid,2969,,,C10H20O2,CCCCCCCCCC(=O)O
Caprylic Acid,379,,,C8H16O2,CCCCCCCC(=O)O
Obtusifoliol,65252,,,C30H50O,C[C@H]1[C@@H]2CCC3=C([C@]2(CC[C@@H]1O)C)CC[C@]4([C@]3(CC[C@@H]4[C@H](C)CCC(=C)C(C)C)C)C
Cholesterol,5997,,,C27H46O,C[C@H](CCCC(C)C)[C@H]1CC[C@@H]2[C@@]1(CC[C@H]3[C@H]2CC=C4[C@@]3(CC[C@@H](C4)O)C)C
22R-Hydroxycholesterol,167685,,,C27H46O2,C[C@@H]([C@H]1CC[C@@H]2[C@@]1(CC[C@H]3[C@H]2CC=C4[C@@]3(CC[C@@H](C4)O)C)C)[C@@H](CCC(C)C)O
"22(R),26-Dihydroxycholesterol",122706556,,,C27H46O3,C[C@@H]([C@H]1CC[C@@H]2[C@@]1(CC[C@H]3[C@H]2CC=C4[C@@]3(CC[C@@H](C4)O)C)C)[C@@H](CCC(C)CO)O
(+)-Sabinene,10887971,,,C10H16,CC(C)[C@]12CCC(=C)[C@H]1C2
Sabinene,18818,,,C10H16,CC(C)C12CCC(=C)C1C2
Ent-Kaur-16-Ene,11966109,,,C20H32,C[C@@]12CCCC([C@H]1CC[C@]34[C@H]2CC[C@H](C3)C(=C)C4)(C)C
Cyclohexane,8078,,,C6H12,C1CCCCC1
Cyclopentane,9253,,,C5H10,C1CCCC1
Cyclooctane,9266,,,C8H16,C1CCCCCCC1
Cycloheptane,9265,,,C7H14,C1CCCCCC1
3Beta-Hydroxy-5Beta-Cholestan-6-One,92278124,,,C27H46O2,C[C@H](CCCC(C)C)[C@H]1CC[C@@H]2[C@@]1(CC[C@H]3[C@H]2CC(=O)[C@H]4[C@@]3(CC[C@@H](C4)O)C)C
(-)-4°‰-Desmethyl-Deoxypodophyllotoxin,160705,,,C21H20O7,COC1=CC(=CC(=C1O)OC)[C@H]2[C@@H]3[C@@H](CC4=CC5=C(C=C24)OCO5)COC3=O
7-Demethylsiderin,5318268,,,C11H10O4,CC1=CC(=CC2=C1C(=CC(=O)O2)OC)O
(-)-Deoxypodophyllotoxin,345501,,,C22H22O7,COC1=CC(=CC(=C1OC)OC)[C@H]2[C@@H]3[C@@H](CC4=CC5=C(C=C24)OCO5)COC3=O
(-)-Bursehernin,94504,,,C21H22O6,COC1=C(C=C(C=C1)C[C@@H]2[C@H](COC2=O)CC3=CC4=C(C=C3)OCO4)OC
Miltiradiene,20837867,,,C20H32,CC(C)C1=CCC2=C(C1)CC[C@@H]3[C@@]2(CCCC3(C)C)C
11-Hydroxyferruginol,46832173,,,C20H30O2,CC(C)C1=C(C(=C2C(=C1)CC[C@@H]3[C@@]2(CCCC3(C)C)C)O)O
Oleanolate,11865404,,,C30H47O3-,C[C@]12CC[C@@H](C([C@@H]1CC[C@@]3([C@@H]2CC=C4[C@]3(CC[C@@]5([C@H]4CC(CC5)(C)C)C(=O)[O-])C)C)(C)C)O
L-Tyrosine,6057,,,C9H11NO3,C1=CC(=CC=C1C[C@@H](C(=O)O)N)O
Betulin,72326,,,C30H50O2,CC(=C)[C@@H]1CC[C@]2([C@H]1[C@H]3CC[C@@H]4[C@]5(CC[C@@H](C([C@@H]5CC[C@]4([C@@]3(CC2)C)C)(C)C)O)C)CO
11-Hydroxysugiol,10403490,,,C20H28O3,CC(C)C1=C(C(=C2C(=C1)C(=O)C[C@@H]3[C@@]2(CCCC3(C)C)C)O)O
4°‰-O-Methylnorbelladine,253994,,,C16H19NO3,COC1=C(C=C(C=C1)CNCCC2=CC=C(C=C2)O)O
Alpha-Santalene,94164,,,C15H24,CC(=CCCC1(C2CC3C1(C3C2)C)C)C
Beta-Santalene,10889018,,,C15H24,CC(=CCC[C@@]1([C@H]2CC[C@H](C2)C1=C)C)C
Epi-Beta-Santalene,11106484,,,C15H24,CC(=CCC[C@]1([C@H]2CC[C@H](C2)C1=C)C)C
Alpha-Exo-Bergamotene,86608,,,C15H24,CC1=CCC2CC1C2(C)CCC=C(C)C
Uvaol,92802,,,C30H50O2,C[C@@H]1CC[C@@]2(CC[C@@]3(C(=CC[C@H]4[C@]3(CC[C@@H]5[C@@]4(CC[C@@H](C5(C)C)O)C)C)[C@@H]2[C@H]1C)C)CO
"2,3°‰,4,6-Tetrahydroxybenzophenone",440991,,,C13H10O5,C1=CC(=CC(=C1)O)C(=O)C2=C(C=C(C=C2O)O)O
13(R)-Manoyl Oxide,6432025,,,C20H34O,C[C@@]1(CC[C@@H]2[C@]3(CCCC([C@@H]3CC[C@]2(O1)C)(C)C)C)C=C
"(6E,10E)-Geranyllinalool",5365872,,,C20H34O,CC(=CCC/C(=C/CC/C(=C/CCC(C)(C=C)O)/C)/C)C
"15,16-Epoxydolabrene",134814701,,,C20H32O,C[C@@]1(CC[C@@]2([C@@H](C1)CC[C@]3([C@H]2CCCC3=C)C)C)C4CO4
Dolabradiene,12309316,,,C20H32,C[C@@]1(CC[C@@]2([C@@H](C1)CC[C@]3([C@H]2CCCC3=C)C)C)C=C
"(3S,6E)-Nerolidol",5281525,,,C15H26O,CC(=CCC/C(=C/CC[C@@](C)(C=C)O)/C)C
Ursolic Acid,64945,,,C30H48O3,C[C@@H]1CC[C@@]2(CC[C@@]3(C(=CC[C@H]4[C@]3(CC[C@@H]5[C@@]4(CC[C@@H](C5(C)C)O)C)C)[C@@H]2[C@H]1C)C)C(=O)O
Maslinic Acid,73659,,,C30H48O4,C[C@@]12CC[C@@H]3[C@@]([C@H]1CC=C4[C@]2(CC[C@@]5([C@H]4CC(CC5)(C)C)C(=O)O)C)(C[C@H]([C@@H](C3(C)C)O)O)C
6Beta-Hydroxy-Oleanolic Acid,12443148,,,C30H48O4,C[C@]12CC[C@@H](C([C@@H]1[C@@H](C[C@@]3([C@@H]2CC=C4[C@]3(CC[C@@]5([C@H]4CC(CC5)(C)C)C(=O)O)C)C)O)(C)C)O
Maniladiol,397934,,,C30H50O2,C[C@]12CC[C@@H](C([C@@H]1CC[C@@]3([C@@H]2CC=C4[C@]3(C[C@@H]([C@@]5([C@H]4CC(CC5)(C)C)C)O)C)C)(C)C)O
Cycloartenol,92110,,,C30H50O,C[C@H](CCC=C(C)C)[C@H]1CC[C@@]2([C@@]1(CC[C@]34[C@H]2CC[C@@H]5[C@]3(C4)CC[C@@H](C5(C)C)O)C)C
Fonsecin B,160596,,,C16H16O6,CC1(CC(=O)C2=C(C3=C(C=C(C=C3C=C2O1)OC)OC)O)O
Rubrofusarin B,176918,,,C16H14O5,CC1=CC(=O)C2=C(C3=C(C=C(C=C3C=C2O1)OC)OC)O
Asperaculane D,146672906,,,C15H21O2-,CC1=CC[C@@H]2/C(=C(\C)/C(=O)[O-])/CC[C@]2(CC1)C
Asperaculane E,146672908,,,C15H21O3-,CC1=CC[C@@H]2/C(=C(\C)/C(=O)[O-])/CC[C@]2([C@H](C1)O)C
Asperaculane G,146672911,,,C15H21O4-,CC1=CC[C@@H]2/C(=C(\C)/C(=O)[O-])/C[C@H]([C@]2([C@H](C1)O)C)O
"Dauca-4,7-Diene",146672860,,,C15H24,CC1=CC[C@@H]2C(=C(C)C)CC[C@]2(CC1)C
Vinorine,5281974,,,C21H22N2O2,C/C=C\1/CN2[C@H]3C[C@@H]1C4[C@@H]2C[C@]5([C@@H]4OC(=O)C)C3=NC6=CC=CC=C56
Chrysin,5281607,,,C15H10O4,C1=CC=C(C=C1)C2=CC(=O)C3=C(C=C(C=C3O2)O)O
"Germacra-1(10),4,11(13)-Trien-12-Oate",25245824,,,C15H21O2-,C/C/1=C\CC/C(=C/C[C@@H](CC1)C(=C)C(=O)[O-])/C
Testosterone,6013,,,C19H28O2,C[C@]12CC[C@H]3[C@H]([C@@H]1CC[C@@H]2O)CCC4=CC(=O)CC[C@]34C
"Androst-4-Ene-3,17-Dione",6128,,,C19H26O2,C[C@]12CCC(=O)C=C1CC[C@@H]3[C@@H]2CC[C@]4([C@H]3CCC4=O)C
Progesterone,5994,,,C21H30O2,CC(=O)[C@H]1CC[C@@H]2[C@@]1(CC[C@H]3[C@H]2CCC4=CC(=O)CC[C@]34C)C
Blennolide C,25128423,,,C16H16O7,CC1=CC(=C2C(=C1)O[C@]3([C@H](CCC(=O)C3=C2O)O)C(=O)OC)O
Peregrinol,7092583,,,C20H36O2,C[C@@H]1CC[C@@H]2[C@@]([C@]1(CC/C(=C/CO)/C)O)(CCCC2(C)C)C
Lanosterol,246983,,,C30H50O,C[C@H](CCC=C(C)C)[C@H]1CC[C@@]2([C@@]1(CCC3=C2CC[C@@H]4[C@@]3(CC[C@@H](C4(C)C)O)C)C)C
26-Hydroxylanosterol,69619365,,,C30H50O2,C[C@H](CC/C=C(\C)/CO)[C@H]1CC[C@@]2([C@@]1(CCC3=C2CC[C@@H]4[C@@]3(CC[C@@H](C4(C)C)O)C)C)C
26-Oxolanosterol,156587284,,,C30H48O2,C[C@H](CC/C=C(\C)/C=O)[C@H]1CC[C@@]2([C@@]1(CCC3=C2CC[C@@H]4[C@@]3(CC[C@@H](C4(C)C)O)C)C)C
Germacrene A,5835162,,,C15H24,C/C/1=C\CC/C(=C/CC(CC1)C(=C)C)/C
Costunolide,5281437,,,C15H20O2,C/C/1=C\CC/C(=C/[C@@H]2[C@@H](CC1)C(=C)C(=O)O2)/C
(+)-Sesamin,72307,,,C20H18O6,C1[C@H]2[C@H](CO[C@@H]2C3=CC4=C(C=C3)OCO4)[C@H](O1)C5=CC6=C(C=C5)OCO6
Dihydrosanguinarine,124069,,,C20H15NO4,CN1CC2=C(C=CC3=C2OCO3)C4=C1C5=CC6=C(C=C5C=C4)OCO6
Dihydrochelerythrine,485077,,,C21H19NO4,CN1CC2=C(C=CC(=C2OC)OC)C3=C1C4=CC5=C(C=C4C=C3)OCO5
(-)-Tabersonine,495253,,,C21H24N2O2,CCC12CC(=C3C4(C1N(CC4)CC=C2)C5=CC=CC=C5N3)C(=O)OC
Phenylacetaldoxime,99748,,,C8H9NO,C1=CC=C(C=C1)CC=NO
Chrodrimanin C,101565498,,,C25H32O5,C[C@@H]1CC2=C(C(=CC3=C2C[C@H]4[C@]5(CCC(=O)C([C@@H]5CC[C@@]4(O3)C)(C)C)C)O)C(=O)O1
3-Hydroxypentacecilide A,154573703,,,C25H34O5,C[C@@H]1CC2=C(C(=CC3=C2C[C@H]4[C@]5(CC[C@@H](C([C@@H]5CC[C@@]4(O3)C)(C)C)O)C)O)C(=O)O1
Verruculide A,122184713,,,C25H30O5,C[C@@H]1CC2=C(C(=CC3=C2C[C@@H]4[C@@](O3)(CC[C@@H]5[C@@]4(C=CC(=O)C5(C)C)C)C)O)C(=O)O1
Chrodrimanin T,154700460,,,C25H30O6,C[C@@H]1[C@@H](C2=C(C(=CC3=C2C[C@@H]4[C@@](O3)(CC[C@@H]5[C@@]4(C=CC(=O)C5(C)C)C)C)O)C(=O)O1)O
Geranylhydroquinone,5281857,,,C16H22O2,CC(=CCC/C(=C/CC1=C(C=CC(=C1)O)O)/C)C
Ilicicolin C,24094116,,,C23H31ClO4,C[C@@H]1CCC(=O)[C@@H]([C@@]1(C)CC/C(=C/CC2=C(C(=C(C(=C2O)Cl)C)C=O)O)/C)C
Ilicicolin A,6445117,,,C23H31ClO3,CC1=C(C(=C(C(=C1Cl)O)C/C=C(\C)/CC/C=C(\C)/CCC=C(C)C)O)C=O
Ilicicolin A Epoxide,145944453,,,C23H30ClO4-,CC1=C(C(=C(C(=C1Cl)[O-])C/C=C(\C)/CC/C=C(\C)/CC[C@H]2C(O2)(C)C)O)C=O
Kaempferol,5280863,,,C15H10O6,C1=CC(=CC=C1C2=C(C(=O)C3=C(C=C(C=C3O2)O)O)O)O
(2S)-Naringenin,439246,,,C15H12O5,C1[C@H](OC2=CC(=CC(=C2C1=O)O)O)C3=CC=C(C=C3)O
"(2R,3R)-Dihydrokaempferol",122850,,,C15H12O6,C1=CC(=CC=C1[C@@H]2[C@H](C(=O)C3=C(C=C(C=C3O2)O)O)O)O
7-Deoxyloganetic Acid,25203533,,,C10H14O4,C[C@H]1CC[C@H]2[C@@H]1[C@@H](OC=C2C(=O)O)O
Loganic Acid,89640,,,C16H24O10,C[C@H]1[C@H](C[C@H]2[C@@H]1[C@@H](OC=C2C(=O)O)O[C@H]3[C@@H]([C@H]([C@@H]([C@H](O3)CO)O)O)O)O
Loganin,87691,,,C17H26O10,C[C@H]1[C@H](C[C@H]2[C@@H]1[C@@H](OC=C2C(=O)OC)O[C@H]3[C@@H]([C@H]([C@@H]([C@H](O3)CO)O)O)O)O
O-Methylandrocymbine,15286666,,,C22H27NO5,CN1CC[C@@]23C=C(C(=O)C=C2[C@@H]1CCC4=CC(=C(C(=C34)OC)OC)OC)OC
Pregnenolone,8955,,,C21H32O2,CC(=O)[C@H]1CC[C@@H]2[C@@]1(CC[C@H]3[C@H]2CC=C4[C@@]3(CC[C@@H](C4)O)C)C
Dehydroepiandrosterone,5881,,,C19H28O2,C[C@]12CC[C@H]3[C@H]([C@@H]1CCC2=O)CC=C4[C@@]3(CC[C@@H](C4)O)C
Cholest-4-En-3-One,91477,,,C27H44O,C[C@H](CCCC(C)C)[C@H]1CC[C@@H]2[C@@]1(CC[C@H]3[C@H]2CCC4=CC(=O)CC[C@]34C)C
Dodecanoate,4149208,,,C12H23O2-,CCCCCCCCCCCC(=O)[O-]
"(5Z,8Z,11Z,14Z,17Z)-Eicosapentaenoate",446284,,,C20H30O2,CC/C=C\C/C=C\C/C=C\C/C=C\C/C=C\CCCC(=O)O
"(5Z,8Z,11Z,14Z)-Eicosatetraenoate",5460265,,,C20H31O2-,CCCCC/C=C\C/C=C\C/C=C\C/C=C\CCCC(=O)[O-]
Ent-Isokaurene,12311059,,,C20H32,CC1=C[C@@]23CC[C@H]4[C@]([C@@H]2CC[C@@H]1C3)(CCCC4(C)C)C
(-)-Vetispiradiene,14355861,,,C15H24,C[C@@H]1CCC=C([C@]12CC[C@H](C2)C(=C)C)C
(S)-Reticuline,439653,,,C19H23NO4,CN1CCC2=CC(=C(C=C2[C@@H]1CC3=CC(=C(C=C3)OC)O)O)OC
All-Trans-Retinol,445354,,,C20H30O,CC1=C(C(CCC1)(C)C)/C=C/C(=C/C=C/C(=C/CO)/C)/C
"(2E,6E)-Farnesyl Diphosphate",445713,,,C15H28O7P2,CC(=CCC/C(=C/CC/C(=C/COP(=O)(O)OP(=O)(O)O)/C)/C)C
(R)-Reticuline,440586,,,C19H23NO4,CN1CCC2=CC(=C(C=C2[C@H]1CC3=CC(=C(C=C3)OC)O)O)OC
(S)-Cheilanthifoline,440582,,,C19H19NO4,COC1=C(C=C2[C@@H]3CC4=C(CN3CCC2=C1)C5=C(C=C4)OCO5)O
(S)-Tetrahydrocolumbamine,440229,,,C20H23NO4,COC1=C(C2=C(C[C@H]3C4=CC(=C(C=C4CCN3C2)OC)O)C=C1)OC
(S)-Scoulerine,439654,,,C19H21NO4,COC1=C(C2=C(C[C@H]3C4=CC(=C(C=C4CCN3C2)OC)O)C=C1)O
Octane,356,,,C8H18,CCCCCCCC
Heptane,8900,,,C7H16,CCCCCCC
Hexane,8058,,,C6H14,CCCCCC
Pentane,8003,,,C5H12,CCCCC
Decane,15600,,,C10H22,CCCCCCCCCC
Nonane,8141,,,C9H20,CCCCCCCCC
(9Z)-Octadecenoyl-Coa,5497111,,,C39H68N7O17P3S,CCCCCCCC/C=C\CCCCCCCC(=O)SCCNC(=O)CCNC(=O)[C@@H](C(C)(C)COP(=O)(O)OP(=O)(O)OC[C@@H]1[C@H]([C@H]([C@@H](O1)N2C=NC3=C(N=CN=C32)N)O)OP(=O)(O)O)O
"(9Z,12Z)-Octadecadienoyl-Coa",5497112,,,C39H66N7O17P3S,CCCCC/C=C\C/C=C\CCCCCCCC(=O)SCCNC(=O)CCNC(=O)[C@@H](C(C)(C)COP(=O)(O)OP(=O)(O)OC[C@@H]1[C@H]([C@H]([C@@H](O1)N2C=NC3=C(N=CN=C32)N)O)OP(=O)(O)O)O
(S)-Beta-Macrocarpene,49859620,,,C15H24,CC1=CC[C@H](CC1)C2=CCCC(C2)(C)C
5-Methyl-1-Naphthoate,86289484,,,C12H9O2-,CC1=C2C=CC=C(C2=CC=C1)C(=O)[O-]
30-Hydroxy-Beta-Amyrin,12801541,,,C30H50O2,C[C@]12CC[C@](C[C@H]1C3=CC[C@@H]4[C@]5(CC[C@@H](C([C@@H]5CC[C@]4([C@@]3(CC2)C)C)(C)C)O)C)(C)CO
11Alpha-Hydroxy-Beta-Amyrin,13918522,,,C30H50O2,C[C@@]12CC[C@@]3(C(=C[C@H]([C@H]4[C@]3(CC[C@@H]5[C@@]4(CC[C@@H](C5(C)C)O)C)C)O)[C@@H]1CC(CC2)(C)C)C
"Olean-12-Ene-3,24-Diol",71307357,,,C30H50O2,C[C@@]12CC[C@@]3(C(=CC[C@H]4[C@]3(CCC5[C@@]4(CCC(C5(C)CO)O)C)C)[C@H]1CC(CC2)(C)C)C
"(9Z,12Z)-Octadecadienoate",5460332,,,C18H31O2-,CCCCC/C=C\C/C=C\CCCCCCCC(=O)[O-]
(9Z)-Octadecenoate,5460221,,,C18H33O2-,CCCCCCCC/C=C\CCCCCCCC(=O)[O-]
Hexadecanoate,504166,,,C16H31O2-,CCCCCCCCCCCCCCCC(=O)[O-]
Octadecanoate,3033836,,,C18H35O2-,CCCCCCCCCCCCCCCCCC(=O)[O-]
(9Z)-Hexadecenoate,5461012,,,C16H29O2-,CCCCCC/C=C\CCCCCCCC(=O)[O-]
Benzoate,242,,,C7H5O2-,C1=CC=C(C=C1)C(=O)[O-]
(11R)-carlactone,146264972,,,C19H26O3,CC1=C(C(CCC1)(C)C)/C=C/C(=C\O[C@H]2C=C(C(=O)O2)C)/C
(11R)-19-hydroxycarlactone,168007568,,,C19H26O4,CC1=C(C(CCC1)(C)C)/C=C/C(=C\O[C@H]2C=C(C(=O)O2)C)/CO
(11R)-19-oxocarlactone,168007644,,,C19H24O4,CC1=C(C(CCC1)(C)C)/C=C/C(=C\O[C@H]2C=C(C(=O)O2)C)/C=O
Tryprostatin B,9863281,,,C21H25N3O2,CC(=CCC1=C(C2=CC=CC=C2N1)C[C@H]3C(=O)N4CCC[C@H]4C(=O)N3)C
Tryprostatin A,9929833,,,C22H27N3O3,CC(=CCC1=C(C2=C(N1)C=C(C=C2)OC)C[C@H]3C(=O)N4CCC[C@H]4C(=O)N3)C
Fumitremorgin C,403923,,,C22H25N3O3,CC(=C[C@H]1C2=C(C[C@@H]3N1C(=O)[C@@H]4CCCN4C3=O)C5=C(N2)C=C(C=C5)OC)C
(7S)-Marmesin,334704,,,C14H14O4,CC(C)([C@@H]1CC2=C(O1)C=C3C(=C2)C=CC(=O)O3)O
(S)-Columbianetin,92201,,,C14H14O4,CC(C)([C@@H]1CC2=C(O1)C=CC3=C2OC(=O)C=C3)O
"(2E,6E)-Farnesoate",21895630,,,C20H34O,CC(=CCC/C(=C/CC/C(=C/C(=O)[O-])/C)/C)C
Vitamin D3,5280795,,,C27H44O,C[C@H](CCCC(C)C)[C@H]1CC[C@@H]\2[C@@]1(CCC/C2=C\C=C/3\C[C@H](CCC3=C)O)C
"5Beta-Cholestane-3Alpha,7Alpha,12Alpha-Triol",160520,,,C27H48O3,C[C@H](CCCC(C)C)[C@H]1CC[C@@H]2[C@@]1([C@H](C[C@H]3[C@H]2[C@@H](C[C@H]4[C@@]3(CC[C@H](C4)O)C)O)O)C
Tetradecane,12389,,,C14H30,CCCCCCCCCCCCCC
Dodecane,8182,,,C12H26,CCCCCCCCCCCC
"Cyclooctat-9-Ene-5,7-Diol",90658403,,,C20H34O2,CC1CC(C2C1CC3(CCC(C3=CCC2(C)O)C(C)C)C)O
(2E)-Geraniol,637566,,,C10H18O,CC(=CCC/C(=C/CO)/C)C
Zeinoxanthin,5281234,,,C40H56O,CC1=C(C(C[C@@H](C1)O)(C)C)/C=C/C(=C/C=C/C(=C/C=C/C=C(\C)/C=C/C=C(\C)/C=C/[C@H]2C(=CCCC2(C)C)C)/C)/C
Alpha-Carotene,6419725,,,C40H56,CC1=C(C(CCC1)(C)C)/C=C/C(=C/C=C/C(=C/C=C/C=C(\C)/C=C/C=C(\C)/C=C/[C@H]2C(=CCCC2(C)C)C)/C)/C
L-Valine,6287,,,C5H11NO2,CC(C)[C@@H](C(=O)O)N
L-Isoleucine,6306,,,C6H13NO2,CC[C@H](C)[C@@H](C(=O)O)N
Mevastatin,64715,,,C23H34O5,CC[C@H](C)C(=O)O[C@H]1CCC=C2[C@H]1[C@H]([C@H](C=C2)C)CC[C@@H]3C[C@H](CC(=O)O3)O
(+)-(R)-Germacrene A,9548705,,,C15H24,C/C/1=C\CC/C(=C/C[C@@H](CC1)C(=C)C)/C
2-Methylbutanal Oxime,170814,,,C5H11NO,CCC(C)C=NO
2-Methylpropanal,6561,,,(CH3)2CHCHO,CC(C)C=O
Pentalenolactone F,11065764,,,C15H18O5,CC1(C[C@H]2C=C([C@H]3[C@]2(C1)[C@@]4(CO4)C(=O)OC3)C(=O)O)C
"(1E,4E,8E)-Alpha-Humulene",5281520,,,C15H24,C/C/1=C\CC(/C=C/C/C(=C/CC1)/C)(C)C
Palustradiene,443473,,,C20H32,CC(C)C1=CC2=C(CC1)[C@]3(CCCC([C@@H]3CC2)(C)C)C
Isopimaradiene,13969536,,,C20H32,C[C@@]1(CC[C@H]2C(=CC[C@@H]3[C@@]2(CCCC3(C)C)C)C1)C=C
Sandaracopimaradiene,443469,,,C20H32,C[C@@]1(CC[C@H]2C(=C1)CC[C@@H]3[C@@]2(CCCC3(C)C)C)C=C
Neoabietadiene,443472,,,C20H32,CC(=C1CC[C@H]2C(=C1)CC[C@@H]3[C@@]2(CCCC3(C)C)C)C
Levopimaradiene,443471,,,C20H32,CC(C)C1=CC[C@H]2C(=C1)CC[C@@H]3[C@@]2(CCCC3(C)C)C
Pimaradiene,440909,,,C20H32,C[C@]1(CC[C@H]2C(=C1)CC[C@@H]3[C@@]2(CCCC3(C)C)C)C=C
Abietadiene,443470,,,C20H32,CC(C)C1=CC2=CC[C@@H]3[C@@]([C@H]2CC1)(CCCC3(C)C)C
Hydrogen Peroxide,784,,,H2O2,OO
32-Hydroxylanosterol,22298935,,111420-56-5,C30H50O2,C[C@H](CCC=C(C)C)[C@H]1CC[C@@]2([C@@]1(CCC3=C2CC[C@@H]4[C@@]3(CC[C@@H](C4(C)C)O)C)C)CO
32-Oxolanosterol,21121725,79294-83-0,,C30H48O2,C[C@H](CCC=C(C)C)[C@H]1CC[C@@]2([C@@]1(CCC3=C2CC[C@@H]4[C@@]3(CC[C@@H](C4(C)C)O)C)C)C=O
Eburicol,9803310,,,C31H52O,C[C@H](CCC(=C)C(C)C)[C@H]1CC[C@@]2([C@@]1(CCC3=C2CC[C@@H]4[C@@]3(CC[C@@H](C4(C)C)O)C)C)C
32-Hydroxyeburicol,168007609,,,C31H52O2,C[C@H](CCC(=C)C(C)C)[C@H]1CC[C@@]2([C@@]1(CCC3=C2CC[C@@H]4[C@@]3(CC[C@@H](C4(C)C)O)C)C)CO
32-Oxoeburicol,168007565,,,C31H50O2,C[C@H](CCC(=C)C(C)C)[C@H]1CC[C@@]2([C@@]1(CCC3=C2CC[C@@H]4[C@@]3(CC[C@@H](C4(C)C)O)C)C)C=O
Prostaglandin H2,445049,,,C20H32O5,CCCCC[C@@H](/C=C/[C@H]1[C@H]2C[C@@H]([C@@H]1C/C=C\CCCC(=O)O)OO2)O
"3,5,4-Trimethoxy-Trans-Stilbene",5878893,,,C17H18O3,COC1=CC(=CC(=C1OC)OC)/C=C/C2=CC=CC=C2
Protopine,4970,,,C20H19NO5,CN1CCC2=CC3=C(C=C2C(=O)CC4=C(C1)C5=C(C=C4)OCO5)OCO3
(-)-Vincadifformine,579873,,,C21H26N2O2,CCC12CCCN3C1C4(CC3)C5=CC=CC=C5NC4=C(C2)C(=O)OC
Lochnericine,11382599,,,C21H24N2O3,CC[C@]12CC(=C3[C@@]4([C@H]1N(CC4)C[C@H]5[C@@H]2O5)C6=CC=CC=C6N3)C(=O)OC
Indole,798,,,C8H7N,C1=CC=C2C(=C1)C=CN2
Flavone,10680,,,C15H10O2,C1=CC=C(C=C1)C2=CC(=O)C3=CC=CC=C3O2
Benzophenone,3102,,,C13H10O,C1=CC=C(C=C1)C(=O)C2=CC=CC=C2
"8Beta-Hydroxygermacra-1(10),4,11(13)-Trien-12-Oate",90657346,,,C15H21O3-,C/C/1=C\C[C@@H]([C@@H](C/C(=C/CC1)/C)O)C(=C)C(=O)[O-]
C14,59413672,,,C14H30,[C]#CC#CC#CC#CC#CC#CC#[C]
11-Oxo-Beta-Amyrin,20055661,,,C30H48O2,C[C@@]12CC[C@@]3(C(=CC(=O)[C@H]4[C@]3(CC[C@@H]5[C@@]4(CC[C@@H](C5(C)C)O)C)C)[C@@H]1CC(CC2)(C)C)C
30-Hydroxy-11-Oxo-Beta-Amyrin,12310283,,,C30H48O3,C[C@]12CC[C@](C[C@H]1C3=CC(=O)[C@@H]4[C@]5(CC[C@@H](C([C@@H]5CC[C@]4([C@@]3(CC2)C)C)(C)C)O)C)(C)CO
Glycyrrhetaldehyde,70698333,,,C30H46O3,C[C@]12CC[C@](C[C@H]1C3=CC(=O)[C@@H]4[C@]5(CC[C@@H](C([C@@H]5CC[C@]4([C@@]3(CC2)C)C)(C)C)O)C)(C)C=O
Dammarenediol-Ii,10895555,,,C30H52O2,CC(=CCC[C@@](C)([C@H]1CC[C@@]2([C@@H]1CC[C@H]3[C@]2(CC[C@@H]4[C@@]3(CC[C@@H](C4(C)C)O)C)C)C)O)C
(20S)-20-O-(Beta-D-Glucosyl)-3-Hydroxydammarene,132574557,,,C36H62O7,CC(=CCC[C@@](C)([C@H]1CC[C@@]2([C@@H]1CC[C@H]3[C@]2(CC[C@@H]4[C@@]3(CC[C@@H](C4(C)C)O)C)C)C)O[C@H]5[C@@H]([C@H]([C@@H]([C@H](O5)CO)O)O)O)C
5Alpha-cholest-7-en-3-one,15081535,,,C27H44O,C[C@H](CCCC(C)C)[C@H]1CC[C@@H]2[C@@]1(CC[C@H]3C2=CC[C@@H]4[C@@]3(CCC(=O)C4)C)C
P-Coumaroyl Quinic Acid,6441280,,,C16H18O8,C1[C@H]([C@H]([C@@H](C[C@@]1(C(=O)O)O)OC(=O)/C=C/C2=CC=C(C=C2)O)O)O
P-Coumaroyl Shikimic Acid,71447328,,,C16H16O7,C1[C@H]([C@@H]([C@@H](C=C1C(=O)O)OC(=O)/C=C/C2=CC=C(C=C2)O)O)O
Soyasapogenol B,115012,,,C30H50O3,C[C@]12CC[C@@H]([C@]([C@@H]1CC[C@@]3([C@@H]2CC=C4[C@]3(CC[C@@]5([C@H]4CC(C[C@H]5O)(C)C)C)C)C)(C)CO)O
(19E)-Geissoschizine,10948159,,,C21H24N2O3,C/C=C\1/CN2CCC3=C([C@@H]2C[C@@H]1/C(=C/O)/C(=O)OC)NC4=CC=CC=C34
16-Methoxytabersonine,443356,,,C22H26N2O3,CC[C@]12CC(=C3[C@@]4([C@H]1N(CC4)CC=C2)C5=C(N3)C=C(C=C5)OC)C(=O)OC
2-Hydroxydodecanoate,21981466,,,C12H23O3-,CCCCCCCCCCC(C(=O)[O-])O
(S)-1-Hydroxy-N-Methylcanadine,129011756,,,C21H24NO5+,C[N+]12CCC3=CC4=C(C(=C3[C@@H]1CC5=C(C2)C(=C(C=C5)OC)OC)O)OCO4
(S)-cis-N-methylcanadine,5460122,,,C21H24NO4+,C[N@@+]12CCC3=CC4=C(C=C3[C@@H]1CC5=C(C2)C(=C(C=C5)OC)OC)OCO4
"(13S,14R)-13-O-Acetyl-1-Hydroxy-N-Methylcanadine",86278052,,,C23H26NO7+,CC(=O)O[C@@H]1[C@H]2C3=C(C4=C(C=C3CC[N+]2(CC5=C1C=CC(=C5OC)OC)C)OCO4)O
Protopanaxadiol,9920281,,,C30H52O3,CC(=CCC[C@](C)([C@H]1CC[C@@]2([C@@H]1[C@@H](C[C@H]3[C@]2(CC[C@@H]4[C@@]3(CC[C@@H](C4(C)C)O)C)C)O)C)O)C
(20S)-Protopanaxadiol,11213350,,,C30H52O3,CC(=CCC[C@@](C)([C@H]1CC[C@@]2([C@@H]1[C@@H](C[C@H]3[C@]2(CC[C@@H]4[C@@]3(CC[C@@H](C4(C)C)O)C)C)O)C)O)C
Lycosantalene,154586123,,,C20H32,CC(=CCC/C(=C\CCC1(C2CC3C1(C3C2)C)C)/C)C
Epoxy-Lycosantalene,154586203,,,C20H32O,CC(=CCCC1(C(O1)CCC2(C3CC4C2(C4C3)C)C)C)C
11-Hydroxycucurbitadienol,131801253,,,C30H50O2,C[C@H](CCC=C(C)C)[C@H]1CC[C@@]2([C@@]1(C[C@H]([C@@]3([C@H]2CC=C4[C@H]3CC[C@@H](C4(C)C)O)C)O)C)C
23-Hydroxyursolic Acid,14136881,,,C30H48O4,C[C@@H]1CC[C@@]2(CC[C@@]3(C(=CC[C@H]4[C@]3(CC[C@@H]5[C@@]4(CC[C@@H]([C@@]5(C)CO)O)C)C)[C@@H]2[C@H]1C)C)C(=O)O
(-)-Matairesinol,119205,,,C20H22O6,COC1=C(C=CC(=C1)C[C@H]2COC(=O)[C@@H]2CC3=CC(=C(C=C3)O)OC)O
(S)-cis-N-methylstylopine,5460426,,,C20H20NO4+,C[N@@+]12CCC3=CC4=C(C=C3[C@@H]1CC5=C(C2)C6=C(C=C5)OCO6)OCO4
(S)-cis-N-methyltetrahydrothalifendine,168007643,,,C20H22NO4+,C[N@@+]12CCC3=CC4=C(C=C3[C@@H]1CC5=C(C2)C(=C(C=C5)O)OC)OCO4
(S)-cis-N-methyltetrahydropalmatine,1275593,,,C22H28NO4+,C[N@@+]12CCC3=CC(=C(C=C3[C@@H]1CC4=C(C2)C(=C(C=C4)OC)OC)OC)OC
Genkwanin,5281617,,,C16H12O5,COC1=CC(=C2C(=C1)OC(=CC2=O)C3=CC=C(C=C3)O)O
(2S)-sakuranetin,73571,,,C16H14O5,COC1=CC(=C2C(=O)C[C@H](OC2=C1)C3=CC=C(C=C3)O)O
"Apigenin 7,4°‰-dimethyl ether",5281601,,,C17H14O5,COC1=CC=C(C=C1)C2=CC(=O)C3=C(C=C(C=C3O2)OC)O
"4°‰,7-Di-O-methylnaringenin",14057196,,,C17H16O5,COC1=CC=C(C=C1)[C@@H]2CC(=O)C3=C(C=C(C=C3O2)OC)O
7Alpha-Hydroxycholest-4-En-3-One,123743,,,C27H44O2,C[C@H](CCCC(C)C)[C@H]1CC[C@@H]2[C@@]1(CC[C@H]3[C@H]2[C@@H](CC4=CC(=O)CC[C@]34C)O)C
Chenodeoxycholate,10133,,,C24H40O4,C[C@H](CCC(=O)O)[C@H]1CC[C@@H]2[C@@]1(CC[C@H]3[C@H]2[C@@H](C[C@H]4[C@@]3(CC[C@H](C4)O)C)O)C
"5Beta-Cholestane-3Alpha,7Alpha-Diol",3080603,,,C27H48O2,C[C@H](CCCC(C)C)[C@H]1CC[C@@H]2[C@@]1(CC[C@H]3[C@H]2[C@@H](C[C@H]4[C@@]3(CC[C@H](C4)O)C)O)C
8-O-Methyldihydrosterigmatocystin,14608351,,,C19H16O6,COC1=CC=CC2=C1C(=O)C3=C(C=C4C(=C3O2)[C@@H]5CCO[C@@H]5O4)OC
8-O-Methylsterigmatocystin,104940,,,C19H14O6,COC1=CC=CC2=C1C(=O)C3=C(C=C4C(=C3O2)[C@@H]5C=CO[C@@H]5O4)OC
Secalciferol,5283748,,,C27H44O3,C[C@H](CC[C@H](C(C)(C)O)O)[C@H]1CC[C@@H]\2[C@@]1(CCC/C2=C\C=C/3\C[C@H](CCC3=C)O)C
25-Hydroxyvitamin D2,5710148,,,C28H44O2,C[C@H](/C=C/[C@H](C)C(C)(C)O)[C@H]1CC[C@@H]\2[C@@]1(CCC/C2=C\C=C/3\C[C@H](CCC3=C)O)C
25-Hydroxy-24-Oxocalciol,5283689,,,C27H42O3,C[C@H](CCC(=O)C(C)(C)O)[C@H]1CC[C@@H]\2[C@@]1(CCC/C2=C\C=C/3\C[C@H](CCC3=C)O)C
Calcidiol,5283731,,,C27H44O2,C[C@H](CCCC(C)(C)O)[C@H]1CC[C@@H]\2[C@@]1(CCC/C2=C\C=C/3\C[C@H](CCC3=C)O)C
Ent-Kaur-16-En-19-Oate,25200785,,,C20H29O2-,C[C@@]12CCC[C@@]([C@H]1CC[C@]34[C@H]2CC[C@H](C3)C(=C)C4)(C)C(=O)[O-]
7-Methoxyresorufin,119220,,,C13H9NO3,COC1=CC2=C(C=C1)N=C3C=CC(=O)C=C3O2
7-Ethoxyresorufin,3294,,,C14H11NO3,CCOC1=CC2=C(C=C1)N=C3C=CC(=O)C=C3O2
7-Ethoxycoumarin,35703,,,C11H10O3,CCOC1=CC2=C(C=C1)C=CC(=O)O2
7-Methoxycoumarin,10748,,,C10H8O3,COC1=CC2=C(C=C1)C=CC(=O)O2
Tetradecanoate,4075158,,,C14H27O2-,CCCCCCCCCCCCCC(=O)[O-]
Cyclo(L-Leucyl-L-Leucyl),192731,,,C12H22N2O2,CC(C)C[C@H]1C(=O)N[C@H](C(=O)N1)CC(C)C
All-Trans-Retinoate,6419707,,,C20H27O2-,CC1=C(C(CCC1)(C)C)/C=C/C(=C/C=C/C(=C/C(=O)[O-])/C)/C
All-Trans-(4S)-Hydroxyretinoate,126843444,,,C20H27O3-,CC1=C(C(CC[C@@H]1O)(C)C)/C=C/C(=C/C=C/C(=C/C(=O)[O-])/C)/C
Brassinolide,115196,,,C28H48O6,C[C@@H]([C@H]1CC[C@@H]2[C@@]1(CC[C@H]3[C@H]2COC(=O)[C@@H]4[C@@]3(C[C@H]([C@H](C4)O)O)C)C)[C@H]([C@@H]([C@@H](C)C(C)C)O)O
Castasterone,133534,,,C28H48O5,C[C@@H]([C@H]1CC[C@@H]2[C@@]1(CC[C@H]3[C@H]2CC(=O)[C@@H]4[C@@]3(C[C@H]([C@H](C4)O)O)C)C)[C@H]([C@@H]([C@@H](C)C(C)C)O)O
(E)-4-Hydroxyphenylacetaldehyde Oxime,5460411,,,C8H9NO2,C1=CC(=CC=C1C/C=N/O)O
(Z)-(4-hydroxyphenyl)acetaldehyde oxime,5459810,,,C8H9NO2,C1=CC(=CC=C1C/C=N\O)O
4-hydroxyphenylacetonitrile,26548,,,C8H7NO,C1=CC(=CC=C1CC#N)O
(E)-(Indol-3-Yl)Acetaldehyde Oxime,5371769,,,C10H10N2O,C1=CC=C2C(=C1)C(=CN2)C/C=N/O
Xanthotoxin,4114,,,C12H8O4,COC1=C2C(=CC3=C1OC=C3)C=CC(=O)O2
Indole-3-Carbonyl Nitrile,11355722,,,C10H6N2O,C1=CC=C2C(=C1)C(=CN2)C(=O)C#N
R/S-Linalool,67179,,,C10H18O,CC(=CCC[C@@](C)(C=C)O)C
Beta-Sitosterol,222284,,,C29H50O,CC[C@H](CC[C@@H](C)[C@H]1CC[C@@H]2[C@@]1(CC[C@H]3[C@H]2CC=C4[C@@]3(CC[C@@H](C4)O)C)C)C(C)C
5-Dehydroepisterol,10894570,,,C28H44O,C[C@H](CCC(=C)C(C)C)[C@H]1CC[C@@H]2[C@@]1(CC[C@H]3C2=CC=C4[C@@]3(CC[C@@H](C4)O)C)C
24-Epi-Campesterol,5283637,,,C28H48O,C[C@H](CC[C@H](C)C(C)C)[C@H]1CC[C@@H]2[C@@]1(CC[C@H]3[C@H]2CC=C4[C@@]3(CC[C@@H](C4)O)C)C
(S)-N-Methylcoclaurine,440584,,,C18H21NO3,CN1CCC2=CC(=C(C=C2[C@@H]1CC3=CC=C(C=C3)O)O)OC
Campestanol,119394,,,C28H50O,C[C@H](CC[C@@H](C)C(C)C)[C@H]1CC[C@@H]2[C@@]1(CC[C@H]3[C@H]2CC[C@@H]4[C@@]3(CC[C@@H](C4)O)C)C
Campesterol,173183,,,C28H48O,C[C@H](CC[C@@H](C)C(C)C)[C@H]1CC[C@@H]2[C@@]1(CC[C@H]3[C@H]2CC=C4[C@@]3(CC[C@@H](C4)O)C)C
6-Oxocampestanol,16061347,,,C28H48O2,C[C@H](CC[C@@H](C)C(C)C)[C@H]1CC[C@@H]2[C@@]1(CC[C@H]3[C@H]2CC(=O)[C@@H]4[C@@]3(CC[C@@H](C4)O)C)C
Cholestanol,6665,,,C27H48O,C[C@H](CCCC(C)C)[C@H]1CC[C@@H]2[C@@]1(CC[C@H]3[C@H]2CC[C@@H]4[C@@]3(CC[C@@H](C4)O)C)C
A C27-steroid,10202,,,C27H48,CC(C)CCCC(C)C1CCC2C1(CCC3C2CCC4C3(CCCC4)C)C
A C28-steroid,528828,,,C28H50,CC(C)C(C)CCC(C)C1CCC2C1(CCC3C2CCC4C3(CCCC4)C)C
A C29-steroid,313279,,,C29H52,CCC(CCC(C)C1CCC2C1(CCC3C2CCC4C3(CCCC4)C)C)C(C)C
3Beta-Hydroxy-5Alpha-Androstan-17-One,441302,,,C19H30O2,C[C@]12CC[C@@H](C[C@@H]1CC[C@@H]3[C@@H]2CC[C@]4([C@H]3CCC4=O)C)O
"Androst-5-En-3Beta,17Beta-Diol",10634,,,C19H30O2,C[C@]12CC[C@H]3[C@H]([C@@H]1CC[C@@H]2O)CC=C4[C@@]3(CC[C@@H](C4)O)C
"5Alpha-Androstane-3Beta,17Beta-Diol",242332,,,C19H32O2,C[C@]12CC[C@@H](C[C@@H]1CC[C@@H]3[C@@H]2CC[C@]4([C@H]3CC[C@@H]4O)C)O
27-Hydroxycholesterol,123976,,,C27H46O2,C[C@H](CCC[C@@H](C)[C@H]1CC[C@@H]2[C@@]1(CC[C@H]3[C@H]2CC=C4[C@@]3(CC[C@@H](C4)O)C)C)CO
25-Hydroxycholesterol,65094,,,C27H46O2,C[C@H](CCCC(C)(C)O)[C@H]1CC[C@@H]2[C@@]1(CC[C@H]3[C@H]2CC=C4[C@@]3(CC[C@@H](C4)O)C)C
Farnesol,445070,,,C15H26O,CC(=CCC/C(=C/CC/C(=C/CO)/C)/C)C
Liquiritigenin,114829,,,C15H12O4,C1[C@H](OC2=C(C1=O)C=CC(=C2)O)C3=CC=C(C=C3)O
Narbomycin,5282036,,,C28H47NO7,CC[C@@H]1[C@@H](/C=C/C(=O)[C@@H](C[C@@H]([C@@H]([C@H](C(=O)[C@H](C(=O)O1)C)C)O[C@H]2[C@@H]([C@H](C[C@H](O2)C)N(C)C)O)C)C)C
10-Deoxymethymycin,5282032,,,C25H43NO6,CC[C@@H]1[C@@H](/C=C/C(=O)[C@@H](C[C@@H]([C@@H]([C@H](C(=O)O1)C)O[C@H]2[C@@H]([C@H](C[C@H](O2)C)N(C)C)O)C)C)C
"(20R,22R)-20,22-Dihydroxycholesterol",6453841,,,C27H46O3,CC(C)CC[C@H]([C@@](C)([C@H]1CC[C@@H]2[C@@]1(CC[C@H]3[C@H]2CC=C4[C@@]3(CC[C@@H](C4)O)C)C)O)O
17Alpha-Hydroxyprogesterone,6238,,,C21H30O3,CC(=O)[C@]1(CC[C@@H]2[C@@]1(CC[C@H]3[C@H]2CCC4=CC(=O)CC[C@]34C)C)O
Estrone,5870,,53-16-7,C18H22O2,C[C@]12CC[C@H]3[C@H]([C@@H]1CCC2=O)CCC4=C3C=CC(=C4)O
"(12S)-Hydroperoxy-(5Z,8Z,10E,14Z)-Eicosatetraenoate",21158474,,,C20H31O4-,CCCCC/C=C\C[C@@H](/C=C/C=C\C/C=C\CCCC(=O)[O-])OO
17Beta-Estradiol,5757,,,C18H24O2,C[C@]12CC[C@H]3[C@H]([C@@H]1CC[C@@H]2O)CCC4=C3C=CC(=C4)O
All-Trans-Retinal,638015,,,C20H28O,CC1=C(C(CCC1)(C)C)/C=C/C(=C/C=C/C(=C/C=O)/C)/C
"(4Z,7Z,10Z,13Z,16Z,19Z)-Docosahexaenoate",40486925,,,C22H31O2-,CC/C=C\C/C=C\C/C=C\C/C=C\C/C=C\C/C=C\CCC(=O)[O-]
"(5S)-Hydroperoxy-(6E,8Z,11Z,14Z)-Eicosatetraenoate",21158466,,,C20H31O4-,CCCCC/C=C\C/C=C\C/C=C\C=C\[C@H](CCCC(=O)[O-])OO
"(13S)-Hydroperoxy-(9Z,11E)-Octadecadienoate",21158461,,,C18H31O4-,CCCCC[C@@H](/C=C/C=C\CCCCCCCC(=O)[O-])OO
"(15S)-Hydroperoxy-(5Z,8Z,11Z,13E)-Eicosatetraenoate",21158477,,,C20H31O4-,CCCCC[C@@H](/C=C/C=C\C/C=C\C/C=C\CCCC(=O)[O-])OO
"(5Z,8Z,11Z)-Eicosatrienoate",5312531,,,C20H34O2,CCCCCCCC/C=C\C/C=C\C/C=C\CCCC(=O)O
Arachidonic Acid,444899,,,C20H32O2,CCCCC/C=C\C/C=C\C/C=C\C/C=C\CCCC(=O)O
17Alpha-Hydroxypregnenolone,91451,,,C21H32O3,CC(=O)[C@]1(CC[C@@H]2[C@@]1(CC[C@H]3[C@H]2CC=C4[C@@]3(CC[C@@H](C4)O)C)C)O
"16Alpha,17Alpha-Dihydroxyprogesterone",11687,,,C21H30O4,CC(=O)[C@]1([C@@H](C[C@@H]2[C@@]1(CC[C@H]3[C@H]2CCC4=CC(=O)CC[C@]34C)C)O)O
"16Alpha,17Alpha-Dihydroxypregnenolone",102041888,,,C21H32O4,CC(=O)[C@]1([C@@H](C[C@@H]2[C@@]1(CC[C@H]3[C@H]2CC=C4[C@@]3(CC[C@@H](C4)O)C)C)O)O
A C(21)-Steroid,12547,,,C21H36,CCC1CCC2C1(CCC3C2CCC4C3(CCCC4)C)C
MeIQx,62275,,,C11H11N5,CC1=CN=C2C=CC3=C(C2=N1)N=C(N3C)N
PhIP,1530,,,C13H13ClN4,CN1C2=C(N=CC(=C2)C3=CC=CC=C3)N=C1N.Cl
4-Nitrophenol,980,,,C6H5NO3,C1=CC(=CC=C1[N+](=O)[O-])O
"8,9-Epoxy-(5Z,11Z,14Z)-Eicosatrienoate",86583479,,,C20H31O3-,CCCCC/C=C\C/C=C\CC1C(O1)C/C=C\CCCC(=O)[O-]
"1,4-Cineole",10106,,,C10H18O,CC(C)C12CCC(O1)(CC2)C
"1,8-Cineole",2758,,,C10H18O,CC1(C2CCC(O1)(CC2)C)C
17Beta-Hydroxy-5Alpha-Androstan-3-One,10635,,,C19H30O2,C[C@]12CCC(=O)C[C@@H]1CC[C@@H]3[C@@H]2CC[C@]4([C@H]3CC[C@@H]4O)C
Albendazole,2082,,,C12H15N3O2S,CCCSC1=CC2=C(C=C1)N=C(N2)NC(=O)OC
Cortisol,5754,,,C21H30O5,C[C@]12CCC(=O)C=C1CC[C@@H]3[C@@H]2[C@H](C[C@]4([C@H]3CC[C@@]4(C(=O)CO)O)C)O
Cortisone,222786,,,C21H28O5,C[C@]12CCC(=O)C=C1CC[C@@H]3[C@@H]2C(=O)C[C@]4([C@H]3CC[C@@]4(C(=O)CO)O)C
Fenbendazole,3334,,,C15H13N3O2S,COC(=O)NC1=NC2=C(N1)C=C(C=C2)SC3=CC=CC=C3
"N-(5Z,8Z,11Z,14Z-Eicosatetraenoyl)-Ethanolamine",5281969,,,C22H37NO2,CCCCC/C=C\C/C=C\C/C=C\C/C=C\CCCC(=O)NCCO
Quinine,3034034,,,C20H24N2O2,COC1=CC2=C(C=CN=C2C=C1)[C@H]([C@@H]3C[C@@H]4CCN3C[C@@H]4C=C)O
Nataloe Emodin,12313148,,,C15H10O5,CC1=CC2=C(C(=C1)O)C(=O)C3=C(C2=O)C=CC(=C3O)O
Ajmalicine,441975,,,C21H24N2O3+,C[C@H]1[C@H]2CN3CCC4=C([C@@H]3C[C@@H]2C(=CO1)C(=O)OC)NC5=CC=CC=C45
Tetrahydroalstonine,72340,,,C21H24N2O3,C[C@H]1[C@@H]2CN3CCC4=C([C@@H]3C[C@@H]2C(=CO1)C(=O)OC)NC5=CC=CC=C45
(+)-Vincadifformine,811594,,,C21H26N2O2,CC[C@]12CCCN3[C@H]1[C@]4(CC3)C5=CC=CC=C5NC4=C(C2)C(=O)OC
Tryptamine,1150,,,C10H12N2,C1=CC=C2C(=C1)C(=CN2)CCN
Anisole,7519,,100-66-3,C7H8O,COC1=CC=CC=C1
2-Methylanisole,33637,,,C8H10O,CC1=CC=CC=C1OC
Guaethol,66755,,94-71-3,C8H10O2,CCOC1=CC=CC=C1O
Guaiacol,460,,,C7H8O2,COC1=CC=CC=C1O
3-Methoxycatechol,13622,,,C7H8O3,COC1=CC=CC(=C1O)O
"17Beta,19-Dihydroxy-3-Oxo-5Alpha-Androstanone",257409,,,C19H30O3,C[C@]12CC[C@H]3[C@H]([C@@H]1CC[C@@H]2O)CC[C@@H]4[C@@]3(CCC(=O)C4)CO
"17Beta-Hydroxy-3,19-Dioxo-5Alpha-Androstanone",129011069,,,C19H28O3,C[C@]12CC[C@H]3[C@H]([C@@H]1CC[C@@H]2O)CC[C@@H]4[C@@]3(CCC(=O)C4)C=O
"19-Hydroxyandrost-4-Ene-3,17-Dione",252379,,,C19H26O3,C[C@]12CC[C@H]3[C@H]([C@@H]1CCC2=O)CCC4=CC(=O)CC[C@]34CO
"19-Oxo-Androst-4-Ene-3,17-Dione",92854,,,C19H24O3,C[C@]12CC[C@H]3[C@H]([C@@H]1CCC2=O)CCC4=CC(=O)CC[C@]34C=O
(4R)-Limonene,440917,,,C10H16,CC1=CC[C@@H](CC1)C(=C)C
(4S)-Limonene,439250,,,C10H16,CC1=CC[C@H](CC1)C(=C)C
Corticosterone,5753,,,C21H30O4,C[C@]12CCC(=O)C=C1CC[C@@H]3[C@@H]2[C@H](C[C@]4([C@H]3CC[C@@H]4C(=O)CO)C)O
11-Deoxycortisol,440707,,,C21H30O4,C[C@]12CCC(=O)C=C1CC[C@@H]3[C@@H]2CC[C@]4([C@H]3CC[C@@]4(C(=O)CO)O)C
21-Hydroxyprogesterone,6166,,,C21H30O3,C[C@]12CC[C@H]3[C@H]([C@@H]1CC[C@@H]2C(=O)CO)CCC4=CC(=O)CC[C@]34C
"(25R)-3Alpha,7Alpha,12Alpha-Trihydroxy-5Beta-Cholestan-26-Al",24771792,,,C27H46O4,C[C@H](CCC[C@@H](C)[C@H]1CC[C@@H]2[C@@]1([C@H](C[C@H]3[C@H]2[C@@H](C[C@H]4[C@@]3(CC[C@H](C4)O)C)O)O)C)C=O
"(25R)-5Beta-Cholestane-3Alpha,7Alpha,12Alpha,26-Tetrol",24771793,,,C27H48O4,C[C@H](CCC[C@@H](C)[C@H]1CC[C@@H]2[C@@]1([C@H](C[C@H]3[C@H]2[C@@H](C[C@H]4[C@@]3(CC[C@H](C4)O)C)O)O)C)CO
18-Hydroxycorticosterone,11222,,,C21H30O5,C[C@]12CCC(=O)C=C1CC[C@@H]3[C@@H]2[C@H](C[C@]4([C@H]3CC[C@@H]4C(=O)CO)CO)O
18-Hydroxycortisol,44263343,,,C21H30O6,C[C@]12CCC(=O)C=C1CC[C@@H]3[C@@H]2[C@H](C[C@]4([C@H]3CC[C@]4(C(=O)CO)O)CO)O
(24R)-Hydroxycholesterol,10135759,,,C27H46O2,C[C@H](CC[C@H](C(C)C)O)[C@H]1CC[C@@H]2[C@@]1(CC[C@H]3[C@H]2CC=C4[C@@]3(CC[C@@H](C4)O)C)C
(24S)-Hydroxycholesterol,121948,,,C27H46O2,C[C@H](CC[C@@H](C(C)C)O)[C@H]1CC[C@@H]2[C@@]1(CC[C@H]3[C@H]2CC=C4[C@@]3(CC[C@@H](C4)O)C)C
4Beta-Hydroxycholesterol,3247060,,,C27H46O2,C[C@H](CCCC(C)C)[C@H]1CC[C@@H]2[C@@]1(CC[C@H]3[C@H]2CC=C4[C@@]3(CC[C@@H]([C@@H]4O)O)C)C
5Alpha-Cholest-7-En-3Beta-Ol,65728,,,C27H46O,C[C@H](CCCC(C)C)[C@H]1CC[C@@H]2[C@@]1(CC[C@H]3C2=CC[C@@H]4[C@@]3(CC[C@@H](C4)O)C)C
"Cholesta-5,7-Dien-3Beta-Ol",439423,,,C27H44O,C[C@H](CCCC(C)C)[C@H]1CC[C@@H]2[C@@]1(CC[C@H]3C2=CC=C4[C@@]3(CC[C@@H](C4)O)C)C
Nitrous Oxide,948,,,N2O,[N-]=[N+]=O
3Beta-Sulfooxy-Androst-5-En-17-One,20057076,,,C19H27O5S-,C[C@]12CC[C@H]3[C@H]([C@@H]1CCC2=O)CC=C4[C@@]3(CC[C@@H](C4)OS(=O)(=O)[O-])C
Prostaglandin A1,5281912,,,C20H32O4,CCCCC[C@@H](/C=C/[C@H]1C=CC(=O)[C@@H]1CCCCCCC(=O)O)O
"20-Hydroxy-(5Z,8Z,11Z,14Z)-Eicosatetraenoate",5283157,,,C20H32O3,C(CC/C=C\C/C=C\C/C=C\C/C=C\CCCC(=O)O)CCO
"5-Hydroxy-(6E,8Z,11Z,14Z)-Eicosatetraenoate",70678647,,,C20H31O3-,CCCCC/C=C\C/C=C\C/C=C\C=C\C(CCCC(=O)[O-])O
6-Trans-Leukotriene B4,5283128,,,C20H32O4,CCCCC/C=C\C[C@H](/C=C/C=C/C=C/[C@H](CCCC(=O)O)O)O
"8-Hydroxy-(5Z,9E,11Z,14Z)-Eicosatetraenoate",102571785,,,C20H31O3-,CCCCC/C=C\C/C=C\C=C\C(C/C=C\CCCC(=O)[O-])O
Leukotriene B4,5280492,,,C20H32O4,CCCCC/C=C\C[C@H](/C=C/C=C/C=C\[C@H](CCCC(=O)O)O)O
Lipoxin A4,5280914,,,C20H32O5,CCCCC[C@@H](/C=C/C=C\C=C\C=C\[C@H]([C@H](CCCC(=O)O)O)O)O
(R)-N-Methylcoclaurine,440595,,,C18H21NO3,CN1CCC2=CC(=C(C=C2[C@H]1CC3=CC=C(C=C3)O)O)OC
An (E)-Omega-(Methylsulfanyl)-Alkanal Oxime,25010747,,,C5H11NOS,CSCCCC=NO
Erythromycin D,24755489,,,C36H65NO12,CC[C@@H]1[C@@H]([C@@H]([C@H](C(=O)[C@@H](C[C@@]([C@@H]([C@H]([C@@H]([C@H](C(=O)O1)C)O[C@H]2C[C@@]([C@H]([C@@H](O2)C)O)(C)O)C)O[C@H]3[C@@H]([C@H](C[C@H](O3)C)N(C)C)O)(C)O)C)C)O)C
Prostaglandin E1,5280723,,,C20H34O5,CCCCC[C@@H](/C=C/[C@H]1[C@@H](CC(=O)[C@@H]1CCCCCCC(=O)O)O)O
(+)-Alpha-Tocopherol,14985,,,C29H50O2,CC1=C(C2=C(CC[C@@](O2)(C)CCC[C@H](C)CCC[C@H](C)CCCC(C)C)C(=C1O)C)C
"(9R,10S)-Epoxy-Octadecanoate",25202651,,,C18H33O3-,CCCCCCCC[C@H]1[C@H](O1)CCCCCCCC(=O)[O-]
"(9S,10R)-Epoxy-Octadecanoate",129626651,,,C18H33O3-,CCCCCCCC[C@@H]1[C@@H](O1)CCCCCCCC(=O)[O-]
"12,13-Epoxy-(9Z)-Octadecenoate",25246088,,,C18H31O3-,CCCCCC1C(O1)C/C=C\CCCCCCCC(=O)[O-]
"12-Hydroxy-(5Z,8Z,10E,14Z)-Eicosatetraenoate",102571788,,,C20H31O3-,CCCCC/C=C\CC(/C=C/C=C\C/C=C\CCCC(=O)[O-])O
12-Hydroxyoctadecanoate,21884720,,,C18H35O3-,CCCCCCC(CCCCCCCCCCC(=O)[O-])O
22-Hydroxydocosanoate,17802799,,,C22H43O3-,C(CCCCCCCCCCC(=O)[O-])CCCCCCCCCCO
22-Oxodocosanoate,52940144,,,C22H41O3-,C(CCCCCCCCCCC(=O)[O-])CCCCCCCCCC=O
26-Hydroxyhexacosanoate,72193725,,,C26H51O3-,C(CCCCCCCCCCCCC(=O)[O-])CCCCCCCCCCCCO
26-Oxohexacosanoate,72193721,,,C26H49O3-,C(CCCCCCCCCCCCC(=O)[O-])CCCCCCCCCCCC=O
3-Hydroxyhexadecanoate,22183159,,,C16H31O3-,CCCCCCCCCCCCCC(CC(=O)[O-])O
3-Hydroxyoctadecanoate,22183158,,,C18H35O3-,CCCCCCCCCCCCCCCC(CC(=O)[O-])O
"9,10-Epoxy-(12Z)-Octadecenoate",86583477,,,C18H31O3-,CCCCC/C=C\CC1C(O1)CCCCCCCC(=O)[O-]
Docosanoate,5460660,,,C22H43O2-,CCCCCCCCCCCCCCCCCCCCCC(=O)[O-]
Gamma-Tocopherol,92729,,,C28H48O2,CC1=C(C=C2CC[C@@](OC2=C1C)(C)CCC[C@H](C)CCC[C@H](C)CCCC(C)C)O
Hexacosanoate,5461023,,,C26H51O2-,CCCCCCCCCCCCCCCCCCCCCCCCCC(=O)[O-]
Menaquinone-4,5282367,,,C31H40O2,CC1=C(C(=O)C2=CC=CC=C2C1=O)C/C=C(\C)/CC/C=C(\C)/CC/C=C(\C)/CCC=C(C)C
Phylloquinone,5284607,,,C31H46O2,CC1=C(C(=O)C2=CC=CC=C2C1=O)C/C=C(\C)/CCC[C@H](C)CCC[C@H](C)CCCC(C)C
Tetracosanoate,5461021,,,C24H47O2-,CCCCCCCCCCCCCCCCCCCCCCCC(=O)[O-]
"(4Z,7Z,10Z,13Z,16Z)-Docosapentaenoate",86289177,,,C22H33O2-,CCCCC/C=C\C/C=C\C/C=C\C/C=C\C/C=C\CCC(=O)[O-]
"(7Z,10Z,13Z,16Z,19Z)-Docosapentaenoate",40846589,,,C22H33O2-,CC/C=C\C/C=C\C/C=C\C/C=C\C/C=C\CCCCCC(=O)[O-]
Prostaglandin H1,5283048,,,C20H34O5,CCCCC[C@@H](/C=C/[C@H]1[C@H]2C[C@@H]([C@@H]1CCCCCCC(=O)O)OO2)O
Prostaglandin I2,5282411,,,C20H32O5,CCCCC[C@@H](/C=C/[C@H]1[C@@H](C[C@H]2[C@@H]1C/C(=C/CCCC(=O)O)/O2)O)O
(25R)-3-Oxocholest-4-En-26-Al,86290155,,,C27H42O2,C[C@H](CCC[C@@H](C)[C@H]1CC[C@@H]2[C@@]1(CC[C@H]3[C@H]2CCC4=CC(=O)CC[C@]34C)C)C=O
(25R)-3-Oxocholest-4-En-26-Ol,66932705,,,C27H44O2,C[C@H](CCC[C@@H](C)[C@H]1CC[C@@H]2[C@@]1(CC[C@H]3[C@H]2CCC4=CC(=O)CC[C@]34C)C)CO
(25S)-3-Oxocholest-4-En-26-Al,86290156,,,C27H42O2,C[C@@H](CCC[C@@H](C)[C@H]1CC[C@@H]2[C@@]1(CC[C@H]3[C@H]2CCC4=CC(=O)CC[C@]34C)C)C=O
(25S)-3-Oxocholest-4-En-26-Ol,66932809,,,C27H44O2,C[C@@H](CCC[C@@H](C)[C@H]1CC[C@@H]2[C@@]1(CC[C@H]3[C@H]2CCC4=CC(=O)CC[C@]34C)C)CO
(3Beta)-Hydroxy-Cholest-5-En-26-Al,53975001,,,C27H44O2,C[C@H](CCCC(C)C=O)[C@H]1CC[C@@H]2[C@@]1(CC[C@H]3[C@H]2CC=C4[C@@]3(CC[C@@H](C4)O)C)C
26-Hydroxycholesterol,99470,,,C27H46O2,C[C@H](CCCC(C)CO)[C@H]1CC[C@@H]2[C@@]1(CC[C@H]3[C@H]2CC=C4[C@@]3(CC[C@@H](C4)O)C)C
Dextromethorphan,5360696,,,C18H25NO,CN1CC[C@@]23CCCC[C@@H]2[C@@H]1CC4=C3C=C(C=C4)OC
"(2E,6E,10E)-Geranylgeraniol",11243710,,,C20H34O2,C/C(=C\CC/C(=C/CO)/C)/CC/C=C(\C)/CC/C=C(\C)/CO
15-Methylhexadecanoate,17903417,,,C17H33O2-,CC(C)CCCCCCCCCCCCCC(=O)[O-]
"3,7,11,15-Tetramethylhexadecanoate",11966211,,,C20H39O2-,CC(C)CCCC(C)CCCC(C)CCCC(C)CC(=O)[O-]
Phytanic Acid,26840,,,C20H40O2,CC(C)CCCC(C)CCCC(C)CCCC(C)CC(=O)O
Cyclo(L-Tyrosyl-L-Tyrosyl),11267350,,,C18H18N2O4,C1=CC(=CC=C1C[C@H]2C(=O)N[C@H](C(=O)N2)CC3=CC=C(C=C3)O)O
L-Tyr-L-Tyr,70590,,,C18H20N2O5,C1=CC(=CC=C1C[C@@H](C(=O)N[C@@H](CC2=CC=C(C=C2)O)C(=O)O)N)O
"24,25-Dihydrolanosterol",440560,,,C30H52O,C[C@H](CCCC(C)C)[C@H]1CC[C@@]2([C@@]1(CCC3=C2CC[C@@H]4[C@@]3(CC[C@@H](C4(C)C)O)C)C)C
6-Deoxyerythronolide B,121904,,,C21H38O6,CC[C@@H]1[C@@H]([C@@H]([C@H](C(=O)[C@@H](C[C@@H]([C@@H]([C@H]([C@@H]([C@H](C(=O)O1)C)O)C)O)C)C)C)O)C
Versicolorin B,107849,,,C18H12O7,C1CO[C@H]2[C@@H]1C3=C(O2)C=C4C(=C3O)C(=O)C5=C(C4=O)C=C(C=C5O)O
"(25R)-3Beta,26-Dihydroxycholest-5-En-7-One",52931520,,,C27H44O3,C[C@H](CCC[C@@H](C)[C@H]1CC[C@@H]2[C@@]1(CC[C@H]3[C@H]2C(=O)C=C4[C@@]3(CC[C@@H](C4)O)C)C)CO
"(25R)-3Beta,4Beta-Dihydroxycholest-5-En-26-Al",91825746,,,C27H44O3,C[C@H](CCC[C@@H](C)[C@H]1CC[C@@H]2[C@@]1(CC[C@H]3[C@H]2CC=C4[C@@]3(CC[C@@H]([C@@H]4O)O)C)C)C=O
(25R)-3Beta-Hydroxy-5-Cholesten-26-Al,91825744,,,C27H44O2,C[C@H](CCC[C@@H](C)[C@H]1CC[C@@H]2[C@@]1(CC[C@H]3[C@H]2CC=C4[C@@]3(CC[C@@H](C4)O)C)C)C=O
(25R)-3Beta-Hydroxycholest-5-En-7-One-26-Al,91828281,,,C27H42O3,C[C@H](CCC[C@@H](C)[C@H]1CC[C@@H]2[C@@]1(CC[C@H]3[C@H]2C(=O)C=C4[C@@]3(CC[C@@H](C4)O)C)C)C=O
"(25R)-4Beta,26-Dihydroxycholesterol",91825745,,,C27H46O3,C[C@H](CCC[C@@H](C)[C@H]1CC[C@@H]2[C@@]1(CC[C@H]3[C@H]2CC=C4[C@@]3(CC[C@@H]([C@@H]4O)O)C)C)CO
3Beta-Hydroxycholest-5-En-7-One,91474,,,C27H44O2,C[C@H](CCCC(C)C)[C@H]1CC[C@@H]2[C@@]1(CC[C@H]3[C@H]2C(=O)C=C4[C@@]3(CC[C@@H](C4)O)C)C
(E)-Cinnamate,444539,,,C9H8O2,C1=CC=C(C=C1)/C=C/C(=O)O
Secologanin,161276,,,C17H24O10,COC(=O)C1=CO[C@H]([C@@H]([C@@H]1CC=O)C=C)O[C@H]2[C@@H]([C@H]([C@@H]([C@H](O2)CO)O)O)O
3-Hydroxyphenylacetate,12122,,,C8H8O3,C1=CC(=CC(=C1)O)CC(=O)O
"3,4-Dihydroxyphenylacetate",547,,,C8H8O4,C1=CC(=C(C=C1CC(=O)O)O)O
"(1S)-1,23-Dihydroxy-24,25,26,27-Tetranorcalciol",9547280,,,C23H36O3,C[C@H](CCO)[C@H]1CC[C@@H]\2[C@@]1(CCC/C2=C\C=C/3\C[C@H](C[C@@H](C3=C)O)O)C
"(1S)-1,25-Dihydroxy-24-Oxocalciol",5283703,,,C27H42O4,C[C@H](CCC(=O)C(C)(C)O)[C@H]1CC[C@@H]\2[C@@]1(CCC/C2=C\C=C/3\C[C@H](C[C@@H](C3=C)O)O)C
"(1S)-1-Hydroxy-23-Oxo-24,25,26,27-Tetranorcalciol",17756746,,,C23H34O3,C[C@H](CC=O)[C@H]1CC[C@@H]\2[C@@]1(CCC/C2=C\C=C/3\C[C@H](C[C@@H](C3=C)O)O)C
"20S,23-Dihydroxycholecalciferol",44189714,,,C27H44O3,CC(C)CC(C[C@@](C)([C@H]1CC[C@@H]\2[C@@]1(CCC/C2=C\C=C/3\C[C@H](CCC3=C)O)C)O)O
20S-Hydroxycholecalciferol,46938678,,,C27H44O2,CC(C)CCC[C@@](C)([C@H]1CC[C@@H]\2[C@@]1(CCC/C2=C\C=C/3\C[C@H](CCC3=C)O)C)O
Calcitetrol,9910685,,,C27H44O4,C[C@H](CCC(C(C)(C)O)O)[C@H]1CC[C@@H]\2[C@@]1(CCC/C2=C\C=C/3\C[C@H](C[C@@H](C3=C)O)O)C
Calcitriol,5280453,,,C27H44O3,C[C@H](CCCC(C)(C)O)[C@H]1CC[C@@H]\2[C@@]1(CCC/C2=C\C=C/3\C[C@H](C[C@@H](C3=C)O)O)C
(12R)-Hydroxy-(9Z)-Octadecenoate,25630959,,,C18H33O3-,CCCCCC[C@H](C/C=C\CCCCCCCC(=O)[O-])O
"11,12-Epoxy-(5Z,8Z,14Z)-Eicosatrienoate",20849233,,,C20H31O3-,CCCCC/C=C\CC1C(O1)C/C=C\C/C=C\CCCC(=O)[O-]
"14,15-Epoxy-(5Z,8Z,11Z)-Eicosatrienoate",86583478,,,C20H31O3-,CCCCCC1C(O1)C/C=C\C/C=C\C/C=C\CCCC(=O)[O-]
20-Hydroxy-Leukotriene B4,5280745,,,C20H32O5,C(CC/C=C\C[C@H](/C=C/C=C/C=C\[C@H](CCCC(=O)O)O)O)CCO
20-Oxo-Leukotriene B4,6449839,,,C20H30O5,C(CCC=O)C/C=C\C[C@H](/C=C/C=C/C=C\[C@H](CCCC(=O)O)O)O
"5-Hydroxy-(6E,8Z,11Z,14Z,17Z)-Eicosapentaenoate",102571795,,,C20H29O3-,CC/C=C\C/C=C\C/C=C\C/C=C\C=C\C(CCCC(=O)[O-])O
"9,10-Epoxyoctadecanoate",19746553,,,C18H33O3-,CCCCCCCCC1C(O1)CCCCCCCC(=O)[O-]
Lipoxin B4,5280915,,,C20H32O5,CCCCC[C@@H]([C@@H](/C=C/C=C/C=C\C=C\[C@H](CCCC(=O)O)O)O)O
Dihydromonacolin L Carboxylate,86289732,,,C19H31O4-,C[C@@H]1CC[C@H]2[C@H](C1)C=C[C@@H]([C@@H]2CC[C@H](C[C@H](CC(=O)[O-])O)O)C
Monacolin L Carboxylate,86289735,,,C19H29O4-,C[C@@H]1CC[C@@H]2[C@H]([C@H](C=CC2=C1)C)CC[C@H](C[C@H](CC(=O)[O-])O)O
"Ent-Sandaracopimara-8(14),15-Diene",12314278,,,C20H32,C[C@]1(CC[C@@H]2C(=C1)CC[C@H]3[C@]2(CCCC3(C)C)C)C=C
"9Beta-Pimara-7,15-Diene",10355909,,,C20H32,C[C@]1(CC[C@@H]2C(=CC[C@@H]3[C@@]2(CCCC3(C)C)C)C1)C=C
Typhasterol,13475120,,,C28H48O4,C[C@@H]([C@H]1CC[C@@H]2[C@@]1(CC[C@H]3[C@H]2CC(=O)[C@@H]4[C@@]3(CC[C@H](C4)O)C)C)[C@H]([C@@H]([C@@H](C)C(C)C)O)O
Probetaenone I,14078859,,,C21H36O2,CC[C@@H](C)[C@H]1C(=C[C@H]2C[C@H](C[C@H]([C@@H]2[C@@]1(C)C(=O)CCO)C)C)C
Betaenone A,5478031,,,C21H34O5,CCC(C)C1C2(C3C(CC(CC3C(C1(C)O)(/C(=C/O)/C2=O)O)(C)O)C)C
Betaenone C,23244602,,,C21H34O5,CC[C@@H](C)[C@@H]1[C@]([C@H]2[C@@H](C[C@@](C[C@@H]2C(=O)[C@@]1(C)O)(C)O)C)(C)C(=O)/C=C\O
Arabidiol,25245907,,,C30H52O2,CC(=CCC/C(=C/CC[C@](C)([C@@H]1CC[C@H]2[C@]1(CC[C@@H]3[C@@]2(CC[C@@H](C3(C)C)O)C)C)O)/C)C
28-Norcastasterone,13982110,,,C27H46O5,C[C@@H]([C@H]1CC[C@@H]2[C@@]1(CC[C@H]3[C@H]2CC(=O)[C@@H]4[C@@]3(C[C@H]([C@H](C4)O)O)C)C)[C@H]([C@@H](CC(C)C)O)O
Averantin,10044783,,,C20H20O7,CCCCC[C@@H](C1=C(C=C2C(=C1O)C(=O)C3=C(C2=O)C=C(C=C3O)O)O)O
(R)-Littorine,12311316,,,C17H23NO3,CN1[C@@H]2CC[C@H]1CC(C2)OC(=O)[C@@H](CC3=CC=CC=C3)O
"(+)-Amorpha-4,11-Diene",11052747,,,C15H24,C[C@@H]1CC[C@H]([C@@H]2[C@H]1CCC(=C2)C)C(=C)C
Adamantane,9238,,,C10H16,C1C2CC3CC1CC(C2)C3
Camphor,2537,,,C10H16O,CC1(C2CCC1(C(=O)C2)C)C
2-Methylpentane,7892,,,C6H14,CCCC(C)C
1-Octanol,957,,,C8H18O,CCCCCCCCO
Ursolic Aldehyde,14423521,,,C30H48O2,C[C@@H]1CC[C@@]2(CC[C@@]3(C(=CC[C@H]4[C@]3(CC[C@@H]5[C@@]4(CC[C@@H](C5(C)C)O)C)C)[C@@H]2[C@H]1C)C)C=O
Gypsogenic Acid,15560324,,,C30H46O5,C[C@]12CC[C@@H]([C@@]([C@@H]1CC[C@@]3([C@@H]2CC=C4[C@]3(CC[C@@]5([C@H]4CC(CC5)(C)C)C(=O)O)C)C)(C)C(=O)O)O
Caulophyllogenin,104361,,,C30H48O5,C[C@]12CC[C@@H]([C@@]([C@@H]1CC[C@@]3([C@@H]2CC=C4[C@]3(C[C@H]([C@@]5([C@H]4CC(CC5)(C)C)C(=O)O)O)C)C)(C)CO)O
Gypsogenin,92825,,,C30H46O4,C[C@]12CC[C@@H]([C@@]([C@@H]1CC[C@@]3([C@@H]2CC=C4[C@]3(CC[C@@]5([C@H]4CC(CC5)(C)C)C(=O)O)C)C)(C)C=O)O
Echinocystic Acid,73309,,,C30H48O4,C[C@]12CC[C@@H](C([C@@H]1CC[C@@]3([C@@H]2CC=C4[C@]3(C[C@H]([C@@]5([C@H]4CC(CC5)(C)C)C(=O)O)O)C)C)(C)C)O
Piperitol,10247670,,,C20H20O6,COC1=C(C=CC(=C1)[C@@H]2[C@H]3CO[C@@H]([C@H]3CO2)C4=CC5=C(C=C4)OCO5)O
(+)-Pinoresinol,73399,,,C20H22O6,COC1=C(C=CC(=C1)[C@@H]2[C@H]3CO[C@@H]([C@H]3CO2)C4=CC(=C(C=C4)O)OC)O
(S)-Nicotine,89594,,,C10H14N2,CN1CCC[C@H]1C2=CN=CC=C2
"22(R),23(R)-Dihydroxycampesterol",11048310,,,C28H48O3,C[C@@H]([C@H]1CC[C@@H]2[C@@]1(CC[C@H]3[C@H]2CC=C4[C@@]3(CC[C@@H](C4)O)C)C)[C@H]([C@@H]([C@@H](C)C(C)C)O)O
6-Deoxocathasterone,16061344,,,C28H50O2,C[C@H](C[C@@H]([C@@H](C)[C@H]1CC[C@@H]2[C@@]1(CC[C@H]3[C@H]2CC[C@@H]4[C@@]3(CC[C@@H](C4)O)C)C)O)C(C)C
6-Deoxoteasterone,11144580,,,C28H50O3,C[C@@H]([C@H]1CC[C@@H]2[C@@]1(CC[C@H]3[C@H]2CC[C@@H]4[C@@]3(CC[C@@H](C4)O)C)C)[C@H]([C@@H]([C@@H](C)C(C)C)O)O
23S-Hydroxycampesterol,15341628,,,C28H48O2,C[C@H](C[C@@H]([C@@H](C)[C@H]1CC[C@@H]2[C@@]1(CC[C@H]3[C@H]2CC=C4[C@@]3(CC[C@@H](C4)O)C)C)O)C(C)C
"(6Ar,11Ar)-3,9-Dihydroxypterocarpan",162933,,,C15H12O4,C1[C@@H]2[C@H](C3=C(O1)C=C(C=C3)O)OC4=C2C=CC(=C4)O
N-hydroxy-L-tyrosine,174052,,,C9H11NO4,C1=CC(=CC=C1C[C@@H](C(=O)O)NO)O
"N,N-dihydroxy-L-tyrosine",5461147,,,C9H11NO5,C1=CC(=CC=C1C[C@@H](C(=O)O)N(O)O)O
3-Dehydro-6-Deoxoteasterone,16061345,,,C28H48O3,C[C@@H]([C@H]1CC[C@@H]2[C@@]1(CC[C@H]3[C@H]2CC[C@@H]4[C@@]3(CCC(=O)C4)C)C)[C@H]([C@@H]([C@@H](C)C(C)C)O)O
6Alpha-Hydroxycastasterone,15542699,,,C28H50O5,C[C@@H]([C@H]1CC[C@@H]2[C@@]1(CC[C@H]3[C@H]2C[C@@H]([C@@H]4[C@@]3(C[C@H]([C@H](C4)O)O)C)O)C)[C@H]([C@@H]([C@@H](C)C(C)C)O)O
6-Deoxo-Castasterone,13870433,,,C28H50O4,C[C@@H]([C@H]1CC[C@@H]2[C@@]1(CC[C@H]3[C@H]2CC[C@@H]4[C@@]3(C[C@H]([C@H](C4)O)O)C)C)[C@H]([C@@H]([C@@H](C)C(C)C)O)O
6-Deoxotyphasterol,16061346,,,C28H50O3,C[C@@H]([C@H]1CC[C@@H]2[C@@]1(CC[C@H]3[C@H]2CC[C@@H]4[C@@]3(CC[C@H](C4)O)C)C)[C@H]([C@@H]([C@@H](C)C(C)C)O)O
3-Hydroxyindolin-2-One,6097,,,C8H7NO2,C1=CC=C2C(=C1)C(C(=O)N2)O
Indolin-2-One,321710,,,C8H7NO,C1C2=CC=CC=C2NC1=O
"Abieta-7,13-Dien-18-Ol",443474,,,C20H32O,CC(C)C1=CC2=CC[C@H]3[C@](CCC[C@@]3([C@H]2CC1)C)(C)CO
Pyrene,31423,,,C16H10,C1=CC2=C3C(=C1)C=CC4=CC=CC(=C43)C=C2
Benzo(Alpha)Pyrene,90044747,,,C16H8,C1=CC2=C3C(=C1)C4=C5C=CC(=C4)C3=C5C=C2
HBOA,322636,,,C8H7NO3,C1=CC=C2C(=C1)NC(=O)C(O2)O
Mycinamicin Iv,6447311,,,C37H61NO11,CC[C@@H]1[C@H](/C=C/C=C/C(=O)[C@@H](C[C@@H]([C@@H]([C@H](/C=C/C(=O)O1)C)O[C@H]2[C@@H]([C@H](C[C@H](O2)C)N(C)C)O)C)C)CO[C@H]3[C@@H]([C@@H]([C@@H]([C@H](O3)C)O)OC)OC
Linalool,6549,,,C10H18O,CC(=CCCC(C)(C=C)O)C
Mevastatin Sodium,16760562,,,C23H35NaO6,CC[C@H](C)C(=O)O[C@H]1CCC=C2[C@H]1[C@H]([C@H](C=C2)C)CC[C@H](C[C@H](CC(=O)[O-])O)O.[Na+]
13-Deoxycarminomycin,443829,,,C26H29NO9,CC[C@]1(C[C@@H](C2=C(C1)C(=C3C(=C2O)C(=O)C4=C(C3=O)C=CC=C4O)O)O[C@H]5C[C@@H]([C@@H]([C@@H](O5)C)O)N)O
13-Deoxydaunorubicin,157384,,,C27H31NO9,CC[C@]1(C[C@@H](C2=C(C1)C(=C3C(=C2O)C(=O)C4=C(C3=O)C=CC=C4OC)O)O[C@H]5C[C@@H]([C@@H]([C@@H](O5)C)O)N)O
13-Dihydrocarminomycin,443830,,,C26H29NO10,C[C@H]1[C@H]([C@H](C[C@@H](O1)O[C@H]2C[C@@](CC3=C2C(=C4C(=C3O)C(=O)C5=C(C4=O)C(=CC=C5)O)O)(C(C)O)O)N)O
13-Dihydrodaunorubicin,83845,,,C27H31NO10,C[C@H]1[C@H]([C@H](C[C@@H](O1)O[C@H]2C[C@@](CC3=C2C(=C4C(=C3O)C(=O)C5=C(C4=O)C(=CC=C5)OC)O)(C(C)O)O)N)O
Gibberellin A12,443450,,,C20H28O4,C[C@@]12CCC[C@@]([C@H]1[C@@H]([C@]34[C@H]2CC[C@H](C3)C(=C)C4)C(=O)O)(C)C(=O)O
Propane,6334,,,C3H8,CCC
(S)-Eriodictyol,440735,,,C15H12O6,C1[C@H](OC2=CC(=CC(=C2C1=O)O)O)C3=CC(=C(C=C3)O)O
N-Hexadecane,11006,,,C16H34,CCCCCCCCCCCCCCCC
(24S)-25-Epoxycholesterol,3247059,,,C27H44O2,C[C@H](CC[C@H]1C(O1)(C)C)[C@H]2CC[C@@H]3[C@@]2(CC[C@H]4[C@H]3CC=C5[C@@]4(CC[C@@H](C5)O)C)C
Lithocholate,9903,,,C24H40O3,C[C@H](CCC(=O)O)[C@H]1CC[C@@H]2[C@@]1(CC[C@H]3[C@H]2CC[C@H]4[C@@]3(CC[C@H](C4)O)C)C
"32-hydroxy-24,25-dihydrolanosterol",6453777,,,C30H52O2,C[C@H](CCCC(C)C)[C@H]1CC[C@@]2([C@@]1(CCC3=C2CCC4[C@@]3(CC[C@@H](C4(C)C)O)C)C)CO
"32-oxo-24,25-dihydrolanosterol",15698824,,,C30H50O2,C[C@H](CCCC(C)C)[C@H]1CC[C@@]2([C@@]1(CCC3=C2CC[C@@H]4[C@@]3(CC[C@@H](C4(C)C)O)C)C)C=O
Undecane,14257,,,C11H24,CCCCCCCCCCC
P-Cymene,7463,,,C10H14,CC1=CC=C(C=C1)C(C)C
Limonene,22311,,,C10H16,CC1=CCC(CC1)C(=C)C
2-Methyloctane,18591,,,C9H20,CCCCCCC(C)C
"Ent-Cassa-12,15-Diene",11471283,,,C20H32,C[C@H]1[C@H]2CC[C@H]3[C@]([C@@H]2CC=C1C=C)(CCCC3(C)C)C
N-hydroxy-L-isoleucine,49852348,,,C6H13NO3,CC[C@H](C)[C@@H](C(=O)O)NO
N-hydroxy-L-valine,22859864,,,C5H11NO3,CC(C)[C@@H](C(=O)O)NO
Taxusin,167825,,,C28H40O8,CC1=C2[C@H]([C@@H]([C@@]3(CC[C@@H](C(=C)[C@H]3C[C@@H](C2(C)C)C[C@@H]1OC(=O)C)OC(=O)C)C)OC(=O)C)OC(=O)C
2Alpha-hydroxytaxusin,163358865,,,C28H40O9,CC1=C2[C@H]([C@@H]([C@@]3(CC[C@@H](C(=C)[C@H]3[C@@H]([C@@H](C2(C)C)C[C@@H]1OC(=O)C)O)OC(=O)C)C)OC(=O)C)OC(=O)C
7beta-hydroxytaxusin,56927995,,,C28H40O9,CC1=C2[C@H]([C@@H]([C@]3([C@H](C[C@@H](C2(C)C)C[C@@H]1OC(=O)C)C(=C)[C@H](C[C@@H]3O)OC(=O)C)C)OC(=O)C)OC(=O)C
P-Coumaric Acid,637542,,,C9H8O3,C1=CC(=CC=C1/C=C/C(=O)O)O
4-Methoxybenzoate,3783514,,,C8H7O3-,COC1=CC=C(C=C1)C(=O)[O-]
Triacontanoate,5461027,,,C30H59O2-,CCCCCCCCCCCCCCCCCCCCCCCCCCCCCC(=O)[O-]
"Methyl (2E,6E)-Farnesoate",5275508,,,C20H34O,CC(=CCC/C(=C/CC/C(=C/C(=O)OC)/C)/C)C
1Alpha-Hydroxyvitamin D2,5281107,,,C28H44O2,C[C@H](/C=C/[C@H](C)C(C)C)[C@H]1CC[C@@H]\2[C@@]1(CCC/C2=C\C=C/3\C[C@H](C[C@@H](C3=C)O)O)C
Vitamin D2,5280793,,,C28H44O,C[C@H](/C=C/[C@H](C)C(C)C)[C@H]1CC[C@@H]\2[C@@]1(CCC/C2=C\C=C/3\C[C@H](CCC3=C)O)C
Alfacalcidol,5282181,,,C27H44O2,C[C@H](CCCC(C)C)[C@H]1CC[C@@H]\2[C@@]1(CCC/C2=C\C=C/3\C[C@H](C[C@@H](C3=C)O)O)C
Taxadiene,443484,,,C20H32,CC1=C2CC[C@@]3(CCC=C([C@H]3C[C@@H](C2(C)C)CC1)C)C
Formononetin,5280378,,,C16H12O4,COC1=CC=C(C=C1)C2=COC3=C(C2=O)C=CC(=C3)O
"(1E,2S)-2-Methylbutanal Oxime",12917320,,,C5H11NO,CC[C@H](C)/C=N/O
(E)-2-Methylpropanal Oxime,5324281,,,C4H9NO,CC(C)/C=N\O
Ent-Sandaracopimaradien-3Beta-Ol,86289488,,,C20H32O,C[C@]1(CC[C@@H]2C(=C1)CC[C@H]3[C@]2(CC[C@H](C3(C)C)O)C)C=C
"N-[(5Z,8Z,11Z,14Z)-Eicosatetraenoyl]-Serotonin",10027372,,,C30H42N2O2,CCCCC/C=C\C/C=C\C/C=C\C/C=C\CCCC(=O)NCCC1=CNC2=C1C=C(C=C2)O
1-Deoxypentalenate,70678894,,,C15H21O2-,C[C@@H]1CC[C@@H]2[C@]13CC(C[C@H]3C=C2C(=O)[O-])(C)C
Pentalenene,11009055,,,C15H24,C[C@@H]1CC[C@@H]2[C@]13CC(C[C@H]3C=C2C)(C)C
2-Hydroxy-5-Methyl-1-Naphthoate,86289942,,,C12H9O3-,CC1=C2C=CC(=C(C2=CC=C1)C(=O)O)[O-]
"10Beta-Hydroxytaxa-4(20),11-Dien-5Alpha-Yl Acetate",443488,,,C22H34O3,CC1=C2[C@H](C[C@@]3(CC[C@@H](C(=C)[C@H]3C[C@@H](C2(C)C)CC1)OC(=O)C)C)O
N-Octadecane,11635,,,C18H38,CCCCCCCCCCCCCCCCCC
2-O-(4-Coumaroyl)-3-(4-Hydroxyphenyl)Lactic Acid,11290373,,,C18H16O6,C1=CC(=CC=C1CC(C(=O)O)OC(=O)/C=C/C2=CC=C(C=C2)O)O
"(9Z,13S,15Z)-12,13-Epoxyoctadeca-9,11,15-Trienoate",16069997,,,C18H27O3-,CC/C=C\C[C@H]1C(=C/C=C\CCCCCCCC(=O)[O-])O1
"(13S)-Hydroperoxy-(9Z,11E,15Z)-Octadecatrienoate",45266757,,,C18H29O4-,CC/C=C\C[C@@H](/C=C/C=C\CCCCCCCC(=O)[O-])OO
Thalianol,25229600,,,C30H50O,C[C@H](CC/C=C(\C)/CCC=C(C)C)[C@]1(CCC2=C1CC[C@@H]3[C@@]2(CC[C@@H](C3(C)C)O)C)C
A 1-(9Z-Octadecenoyl)-Sn-Glycero-3-Phosphocholine,16081932,,,C26H52NO7P,CCCCCCCC/C=C\CCCCCCCC(=O)OC[C@H](COP(=O)([O-])OCC[N+](C)(C)C)O
"Cis-9,10-Epoxystearic Acid",15868,,,C18H34O3,CCCCCCCCC1C(O1)CCCCCCCC(=O)O
"(9S)-Hydroperoxy-(10E,12Z)-Octadecadienoate",49852425,,,C18H31O4-,CCCCC/C=C\C=C\[C@H](CCCCCCCC(=O)[O-])OO
"Taxa-4(20),11-Dien-5Alpha-Ol",443485,,,C20H32O,CC1=C2CC[C@@]3(CC[C@@H](C(=C)[C@H]3C[C@@H](C2(C)C)CC1)O)C
Ursodeoxycholate,31401,,,C24H40O4,C[C@H](CCC(=O)O)[C@H]1CC[C@@H]2[C@@]1(CC[C@H]3[C@H]2[C@H](C[C@H]4[C@@]3(CC[C@H](C4)O)C)O)C
"20-Oxo-(5Z,8Z,11Z,14Z)-Eicosatetraenoate",72551582,,,C20H29O3-,C(CCC=O)C/C=C\C/C=C\C/C=C\C/C=C\CCCC(=O)[O-]
Daunorubicin,30323,,,C27H29NO10,C[C@H]1[C@H]([C@H](C[C@@H](O1)O[C@H]2C[C@@](CC3=C2C(=C4C(=C3O)C(=O)C5=C(C4=O)C(=CC=C5)OC)O)(C(=O)C)O)N)O
6-Deoxo-28-Norcastasterone,101682290,,,C27H48O4,C[C@@H]([C@H]1CC[C@@H]2[C@@]1(CC[C@H]3[C@H]2CC[C@@H]4[C@@]3(C[C@H]([C@H](C4)O)O)C)C)[C@H]([C@@H](CC(C)C)O)O
6alpha-hydroxytyphasterol,102515372,,,C28H50O4,C[C@@H]([C@H]1CC[C@@H]2[C@@]1(CC[C@H]3[C@H]2C[C@@H]([C@@H]4[C@@]3(CC[C@H](C4)O)C)O)C)[C@H]([C@@H]([C@@H](C)C(C)C)O)O
3-dehydro-6alpha-hydroxyteasterone,102515138,,,C28H48O4,C[C@@H]([C@H]1CC[C@@H]2[C@@]1(CC[C@H]3[C@H]2C[C@@H]([C@@H]4[C@@]3(CCC(=O)C4)C)O)C)[C@H]([C@@H]([C@@H](C)C(C)C)O)O
6-deoxo-28-norteasterone,102023287,,,C27H48O3,C[C@@H]([C@H]1CC[C@@H]2[C@@]1(CC[C@H]3[C@H]2CC[C@@H]4[C@@]3(CC[C@@H](C4)O)C)C)[C@H]([C@@H](CC(C)C)O)O
6alpha-hydroxy-28-norteasterone,162422393,,,C27H48O4,C[C@@H]([C@H]1CC[C@@H]2[C@@]1(CC[C@H]3[C@H]2C[C@@H]([C@@H]4[C@@]3(CC[C@@H](C4)O)C)O)C)[C@H]([C@@H](CC(C)C)O)O
6-deoxo-28-nortyphasterol,102023289,,,C27H48O3,C[C@@H]([C@H]1CC[C@@H]2[C@@]1(CC[C@H]3[C@H]2CC[C@@H]4[C@@]3(CC[C@H](C4)O)C)C)[C@H]([C@@H](CC(C)C)O)O
6alpha-hydroxy-28-nortyphasterol,162422396,,,C27H48O4,C[C@@H]([C@H]1CC[C@@H]2[C@@]1(CC[C@H]3[C@H]2C[C@@H]([C@@H]4[C@@]3(CC[C@H](C4)O)C)O)C)[C@H]([C@@H](CC(C)C)O)O
6alpha-hydroxy-28-norcastasterone,162422397,,,C27H48O5,C[C@@H]([C@H]1CC[C@@H]2[C@@]1(CC[C@H]3[C@H]2C[C@@H]([C@@H]4[C@@]3(C[C@H]([C@H](C4)O)O)C)O)C)[C@H]([C@@H](CC(C)C)O)O
3-dehydro-6-deoxo-28-norteasterone,102023288,,,C27H46O3,C[C@@H]([C@H]1CC[C@@H]2[C@@]1(CC[C@H]3[C@H]2CC[C@@H]4[C@@]3(CCC(=O)C4)C)C)[C@H]([C@@H](CC(C)C)O)O
3-dehydro-6alpha-hydroxy-28-norteasterone,162422394,,,C27H46O4,C[C@@H]([C@H]1CC[C@@H]2[C@@]1(CC[C@H]3[C@H]2C[C@@H]([C@@H]4[C@@]3(CCC(=O)C4)C)O)C)[C@H]([C@@H](CC(C)C)O)O
teasterone,13475125,,,C28H48O4,C[C@@H]([C@H]1CC[C@@H]2[C@@]1(CC[C@H]3[C@H]2CC(=O)[C@@H]4[C@@]3(CC[C@@H](C4)O)C)C)[C@H]([C@@H]([C@@H](C)C(C)C)O)O
(R)-Pulegone,442495,,,C10H16O,C[C@@H]1CCC(=C(C)C)C(=O)C1
(+)-Delta-Cadinene,441005,,,C15H24,CC1=C[C@H]2[C@@H](CCC(=C2CC1)C)C(C)C
2-Cis-(+)-Abscisate,7251168,,,C15H19O4-,CC1=CC(=O)CC([C@]1(/C=C/C(=C\C(=O)[O-])/C)O)(C)C
L-Dihomomethionine,57370983,,,C7H15NO2S,CSCCCC[C@@H](C(=O)O)N
L-Trihomomethionine,101140117,,,C8H17NO2S,CSCCCCC[C@@H](C(=O)O)N
An L-Polyhomomethionine,90659289,,,C6H13NO2S,CSCCC[C@@H](C(=O)[O-])[NH3+]
(+)-5-Epi-Aristolochene,5460659,,,C15H24,C[C@@H]1CCCC2=CC[C@H](C[C@]12C)C(=C)C
22(S)-Hydroxycampest-4-En-3-One,15341631,,,C28H46O2,C[C@H](C[C@@H]([C@@H](C)[C@H]1CC[C@@H]2[C@@]1(CC[C@H]3[C@H]2CCC4=CC(=O)CC[C@]34C)C)O)C(C)C
3-Epi-6-Deoxocathasterone,45480560,,,C28H50O2,C[C@H](C[C@@H]([C@@H](C)[C@H]1CC[C@@H]2[C@@]1(CC[C@H]3[C@H]2CC[C@@H]4[C@@]3(CC[C@H](C4)O)C)C)O)C(C)C
22(S)-Hydroxy-5Alpha-Campestan-3-One,46878488,,,C28H48O2,C[C@H](C[C@@H]([C@@H](C)[C@H]1CC[C@@H]2[C@@]1(CC[C@H]3[C@H]2CC[C@@H]4[C@@]3(CCC(=O)C4)C)C)O)C(C)C
Cathasterone,15341086,,,C28H48O3,C[C@H](C[C@@H]([C@@H](C)[C@H]1CC[C@@H]2[C@@]1(CC[C@H]3[C@H]2CC(=O)[C@@H]4[C@@]3(CC[C@@H](C4)O)C)C)O)C(C)C
"Taxa-4(20),11-Dien-5Alpha-Yl Acetate",443486,,,C22H34O2,CC1=C2CC[C@@]3(CC[C@@H](C(=C)[C@H]3C[C@@H](C2(C)C)CC1)OC(=O)C)C
"N1,N5,N10-Tricoumaroyl Spermidine",14777879,,,C34H37N3O6,C1=CC(=CC=C1/C=C/C(=O)NCCCCN(CCCNC(=O)/C=C/C2=CC=C(C=C2)O)C(=O)/C=C/C3=CC=C(C=C3)O)O
Flaviolin,160478,,,C10H6O5,C1=C(C=C(C2=C1C(=O)C(=O)C=C2O)O)O
Marnerol,25000661,,,C30H52O,C[C@@H]1CCC(=C(C)C)[C@H]([C@]1(C)CC/C=C(\C)/CC/C=C(\C)/CCC=C(C)C)CCCO
Marneral,25001002,,,C30H50O,C[C@@H]1CCC(=C(C)C)[C@H]([C@]1(C)CC/C=C(\C)/CC/C=C(\C)/CCC=C(C)C)CCC=O
7Beta-Hydroxythalianol,134820132,,,C30H50O2,C[C@H](CC/C=C(\C)/CCC=C(C)C)[C@]1(CCC2=C1[C@H](C[C@@H]3[C@@]2(CC[C@@H](C3(C)C)O)C)O)C
Taurochenodeoxycholate,387316,,,C26H45NO6S,C[C@H](CCC(=O)NCCS(=O)(=O)O)[C@H]1CC[C@@H]2[C@@]1(CC[C@H]3[C@H]2[C@@H](C[C@H]4[C@@]3(CC[C@H](C4)O)C)O)C
Prostaglandin E2,5280360,,,C20H32O5,CCCCC[C@@H](/C=C/[C@H]1[C@@H](CC(=O)[C@@H]1C/C=C\CCCC(=O)O)O)O
2-hexyl-5-pentylresorcinol,198749,,,C17H28O2,CCCCCCC1=C(C=C(C=C1O)CCCCC)O
2-hexyl-5-heptylresorcinol,129673055,,,C19H32O2,CCCCCCCC1=CC(=C(C(=C1)O)CCCCCC)O
"15-hydroxy-(5Z,8Z,11Z,13E)-eicosatetraenoate",86289658,,,C20H31O3-,CCCCCC(/C=C/C=C\C/C=C\C/C=C\CCCC(=O)[O-])O
(5R)-albaflavenol,25137936,,,C15H24O,C[C@H]1C[C@H](C2=C(C([C@H]3CC[C@@]12C3)(C)C)C)O
(5S)-albaflavenol,25137910,,,C15H24O,C[C@H]1C[C@@H](C2=C(C([C@H]3CC[C@@]12C3)(C)C)C)O
Epi-Isozizaene,23724686,,,C15H24,C[C@H]1CCC2=C(C([C@H]3CC[C@@]12C3)(C)C)C
Epothilone C,9891226,,,C26H39NO5S,C[C@H]1CCC/C=C\C[C@H](OC(=O)C[C@@H](C(C(=O)[C@@H]([C@H]1O)C)(C)C)O)/C(=C/C2=CSC(=N2)C)/C
Epothilone D,447865,,,C27H41NO5S,C[C@H]1CCC/C(=C\C[C@H](OC(=O)C[C@@H](C(C(=O)[C@@H]([C@H]1O)C)(C)C)O)/C(=C/C2=CSC(=N2)C)/C)/C
Glucobrassicin,656506,,,C16H20N2O9S2,C1=CC=C2C(=C1)C(=CN2)CC(=NOS(=O)(=O)O)S[C@H]3[C@@H]([C@H]([C@@H]([C@H](O3)CO)O)O)O
"Tirucalla-7,24-Dien-3Beta-Ol",12302184,,,C30H50O,C[C@@H](CCC=C(C)C)[C@@H]1CC[C@]2([C@]1(CC[C@H]3C2=CC[C@@H]4[C@@]3(CC[C@@H](C4(C)C)O)C)C)C
2-(L-Cystein-S-Yl)-2-(1H-Indol-3-Yl)-Acetonitrile,86289810,,,C13H13N3O2S,C1=CC=C2C(=C1)C(=CN2)C(C#N)SC[C@@H](C(=O)[O-])[NH3+]
(R)-dihydrocamalexate,86289813,,,C12H9N2O2S-,C1[C@H](N=C(S1)C2=CNC3=CC=CC=C32)C(=O)[O-]
9-Cis-Retinal,6436082,,,C20H28O,CC1=C(C(CCC1)(C)C)/C=C/C(=C\C=C\C(=C\C=O)\C)/C
L-Isoleucine-(+)-7-Isojasmonate,54758681,,,C18H28NO4-,CC/C=C\C[C@H]1[C@H](CCC1=O)CC(=O)N[C@@H]([C@@H](C)CC)C(=O)[O-]
16-Hydroxypalmitate,7058075,,,C16H31O3-,C(CCCCCCCC(=O)[O-])CCCCCCCO
Fraxetin,5273569,,,C10H8O5,COC1=C(C(=C2C(=C1)C=CC(=O)O2)O)O
Ecdysone,19212,,,C27H44O6,C[C@@H]([C@H]1CC[C@@]2([C@@]1(CC[C@H]3C2=CC(=O)[C@H]4[C@@]3(C[C@@H]([C@@H](C4)O)O)C)C)O)[C@@H](CCC(C)(C)O)O
Sophoradiol,9846221,,,C30H50O2,C[C@]12CC[C@@H](C([C@@H]1CC[C@@]3([C@@H]2CC=C4[C@]3(CC[C@@]5([C@H]4CC(C[C@H]5O)(C)C)C)C)C)(C)C)O
7Alpha-Hydroxycholesterol,107722,,,C27H46O2,C[C@H](CCCC(C)C)[C@H]1CC[C@@H]2[C@@]1(CC[C@H]3[C@H]2[C@@H](C=C4[C@@]3(CC[C@@H](C4)O)C)O)C
"Cholesta-5,24-Dien-3Beta-Ol",439577,,,C27H44O,C[C@H](CCC=C(C)C)[C@H]1CC[C@@H]2[C@@]1(CC[C@H]3[C@H]2CC=C4[C@@]3(CC[C@@H](C4)O)C)C
2-Phenylacetate,4409936,,,C8H7O2-,C1=CC=C(C=C1)CC(=O)[O-]
20-Oxo-5-O-Beta-D-Mycaminosyltylonolide,13042283,,,C31H51NO9,CC[C@@H]1[C@H](/C=C(/C=C/C(=O)[C@@H](C[C@@H]([C@@H]([C@H]([C@@H](CC(=O)O1)O)C)O[C@H]2[C@@H]([C@H]([C@@H]([C@H](O2)C)O)N(C)C)O)CC=O)C)\C)C
7-Deoxyloganate,51399546,,,C16H23O9-,C[C@H]1CC[C@H]2[C@@H]1[C@@H](OC=C2C(=O)[O-])O[C@H]3[C@@H]([C@H]([C@@H]([C@H](O3)CO)O)O)O
(+)-Valencene,9855795,,,C15H24,C[C@@H]1CCC=C2[C@]1(C[C@@H](CC2)C(=C)C)C
"2,4-Dibromophenol",12005,,,C6H4Br2O,C1=CC(=C(C=C1Br)Br)O
Nootkatol,182645,,,C15H24O,C[C@@H]1C[C@@H](C=C2[C@]1(C[C@@H](CC2)C(=C)C)C)O
"(5S,9S,10S)-Drim-7-En-11-Ol",3080551,,,C15H26O,CC1=CC[C@@H]2[C@@]([C@H]1CO)(CCCC2(C)C)C
(+)-Cis-Trans-Nepetalactol,442438,,,C10H16O2,C[C@H]1CC[C@H]2[C@@H]1[C@@H](OC=C2C)O
Parthenolide,7251185,,,C15H20O3,C/C/1=C\CC[C@@]2([C@H](O2)[C@@H]3[C@@H](CC1)C(=C)C(=O)O3)C
Myristic acid,11005,,544-63-8,C14H28O2,CCCCCCCCCCCCCC(=O)O
Palmitic acid,985,,21096,C16H32O2,CCCCCCCCCCCCCCCC(=O)O
Stearic acid,5281,,21128,C18H36O2,CCCCCCCCCCCCCCCCCC(=O)O
Arachidic acid,10467,,506-30-9,C20H40O2,CCCCCCCCCCCCCCCCCCCC(=O)O
Oleic acid,445639,,112-80-1,C18H34O2,CCCCCCCC/C=C\CCCCCCCC(=O)O
Methyl 4-methoxybenzoate,8499,,121-98-2,C9H10O3,COC1=CC=C(C=C1)C(=O)OC
"3,4-Dimethoxybenzoic acid",7121,,34152,C9H10O4,COC1=C(C=C(C=C1)C(=O)O)OC
3-Hydroxy-4-methoxybenzoic acid,12575,,645-08-9,C8H8O4,COC1=C(C=C(C=C1)C(=O)O)O
4-Ethylbenzoic acid,12086,,619-64-7,C9H10O2,CCC1=CC=C(C=C1)C(=O)O
7-deoxyloganic acid,443322,,22487-36-1,C16H24O9,C[C@H]1CC[C@H]2[C@@H]1[C@@H](OC=C2C(=O)O)O[C@H]3[C@@H]([C@H]([C@@H]([C@H](O3)CO)O)O)O
"(13R)-8,13-epoxylabd-14-ene",10085645,,,C20H34O,C[C@@]1(CCC2[C@]3(CCCC(C3CC[C@]2(O1)C)(C)C)C)C=C
Benzyl Benzoate,2345,,120-51-4,C14H12O2,C1=CC=C(C=C1)COC(=O)C2=CC=CC=C2
Styrene,7501,,100-42-5,C8H8,C=CC1=CC=CC=C1
"(4R,9R,10R)-5,5,9-trimethyl-13-methylidenetetracyclo[10.2.2.01,10.04,9]hexadecane",129626773,,,C20H32,C[C@@]12CCCC([C@H]1CCC34[C@H]2CC(CC3)C(=C)C4)(C)C
"(3S,8S,9S,10R,13S,14S,16S,17R)-17-[(2S,3R)-3-hydroxy-6-methylheptan-2-yl]-10,13-dimethyl-2,3,4,7,8,9,11,12,14,15,16,17-dodecahydro-1H-cyclopenta[a]phenanthrene-3,16-diol",102530820,,,C27H46O3,C[C@@H]([C@H]1[C@H](C[C@@H]2[C@@]1(CC[C@H]3[C@H]2CC=C4[C@@]3(CC[C@@H](C4)O)C)C)O)[C@@H](CCC(C)C)O
melianol,177786,,16838-01-0,C30H48O4,C1C[C@@H](C([C@]2([C@]1([C@@]3(C(=CC2)[C@@]4([C@@](CC3)([C@@](CC4)([C@@H]5C[C@@H](OC5O)[C@H]6C(C)(C)O6)[H])C)C)[H])C)[H])(C)C)O
(21S)-21-acetyl-apo-melianone,102117194,,,C32H48O6,C1CC(C([C@]2([C@]1([C@@]3([C@@]([C@@H](C2)O)(C=4[C@@](CC3)([C@@](CC4)([C@@H]5C[C@@H](O[C@H]5OC(C)=O)[C@H]6C(C)(C)O6)[H])C)C)[H])C)[H])(C)C)=O
3-Isoajmalicine,11416867,,483-03-4,C21H24N2O3,C[C@H]1[C@H]2CN3CCC4=C([C@H]3C[C@@H]2C(=CO1)C(=O)OC)NC5=CC=CC=C45
19-epi-3-Isoajmalicine,179461,,25532-46-1,C21H24N2O3,C[C@@H]1[C@H]2CN3CCC4=C([C@H]3C[C@@H]2C(=CO1)C(=O)OC)NC5=CC=CC=C45
Akuammigine,1268096,,642-17-1,C21H24N2O3,C[C@H]1[C@@H]2CN3CCC4=C([C@H]3C[C@@H]2C(=CO1)C(=O)OC)NC5=CC=CC=C45
Glycinol,129648,,69393-95-9,C15H12O5,C1[C@@]2([C@H](C3=C(O1)C=C(C=C3)O)OC4=C2C=CC(=C4)O)O
Alpha-amyrin,10387764,,,C30H50O,C[C@@H]1CC[C@@]2(CC[C@@]3(C(=CCC4[C@]3(CCC5[C@@]4(CC[C@@H](C5(C)C)O)C)C)C2[C@H]1C)C)C
Uvaol,71078880,,,C30H50O2,C[C@@H]1CC[C@@]2(CC[C@@]3(C(=CCC4[C@]3(CCC5[C@@]4(CC[C@@H](C5(C)C)O)C)C)C2[C@H]1C)C)CO
Beta-amyrin,6708529,,,C30H50O,C[C@@]12CC[C@@]3(C(=CCC4[C@]3(CCC5[C@@]4(CC[C@@H](C5(C)C)O)C)C)C1CC(CC2)(C)C)C
6-OH oleanolic acid,9982268,,,C30H48O4,C[C@]12CC[C@@H](C(C1[C@@H](C[C@@]3(C2CC=C4[C@]3(CC[C@@]5(C4CC(CC5)(C)C)C(=O)O)C)C)O)(C)C)O
Echinocystic acid,6708654,,,C30H48O4,C[C@]12CC[C@@H](C(C1CC[C@@]3(C2CC=C4[C@]3(C[C@@H]([C@@]5(C4CC(CC5)(C)C)C(=O)O)O)C)C)(C)C)O
(S)-Coclaurine,160487,,,C17H19NO3,COC1=C(C=C2[C@@H](NCCC2=C1)CC3=CC=C(C=C3)O)O
19-dehydroxy-andrograpanin,58615747,,,C20H30O2,C[C@@]12CCCC([C@H]1CCC(=C)[C@H]2CCC3=CCOC3=O)(C)C
andrograpanin,11666871,,,C20H30O3,C[C@]1(CCC[C@@]2([C@@H]1CCC(=C)[C@H]2CCC3=CCOC3=O)C)CO
14-deoxyandrographolide,11624161,,,C20H30O4,C[C@@]12CC[C@H]([C@@]([C@H]1CCC(=C)[C@H]2CCC3=CCOC3=O)(C)CO)O
Osthenol,5320318,,,C14H14O3,OC1C=CC2C=CC(OC=2C=1C/C=C(\C)/C)=O
Psoralen,6199,,66-97-7,C11H6O3,C1=CC(=O)OC2=CC3=C(C=CO3)C=C21
6-methoxycoumarin,11240776,,17372-53-1,C10H8O3,COC1=CC2=C(C=C1)OC(=O)C=C2
24-Methylcholesterol,12358784,,,C28H48O,C[C@H](CCC(C)C(C)C)[C@H]1CC[C@@H]2[C@@]1(CC[C@H]3[C@H]2CC=C4[C@@]3(CC[C@@H](C4)O)C)C
"2,3,4-trihydroxy-5,6-dimethylbenzaldehyde",130024811,,,C9H10O4,CC1=C(C(=C(C(=C1C=O)O)O)O)C
"2,3,4-Trihydroxy-6-(hydroxymethyl)-5-methylbenzaldehyde",9834219,,,C9H10O5,CC1=C(C(=C(C(=C1O)O)O)C=O)CO
"4-methyl-1,3-dihydro-2-benzofuran-1,5,6,7-tetrol",9815565,,,C9H10O5,CC1=C2COC(C2=C(C(=C1O)O)O)O
"4,6-dihydroxy-2,3-dimethylbenzaldehyde",254155,,,C9H10O3,CC1=C(C(=C(C=C1O)O)C=O)C
(2-Hydroxyphenyl)acetic acid,11970,,614-75-5,C8H8O3,C1=CC=C(C(=C1)CC(=O)O)O
Melilotic acid,873,,495-78-3,C9H10O3,C1=CC=C(C(=C1)CCC(=O)O)O
L-Alanyl-L-Tryptophan Anhydride,15563754,,17079-37-7,C14H15N3O2,C[C@H]1C(=O)N[C@H](C(=O)N1)CC2=CNC3=CC=CC=C32
Polanrazine A,92160941,,29552-08-7,C16H19N3O2,CC(C)[C@H]1C(=O)N[C@H](C(=O)N1)CC2=CNC3=CC=CC=C32
Cyclo(L-leucyl-L-tryptophyl),3082081,,15136-34-2,C17H21N3O2,CC(C)C[C@H]1C(=O)N[C@H](C(=O)N1)CC2=CNC3=CC=CC=C32
"(11S,14S)-Cyclo-(L-Trp-L-Phe)",7408486,,6521-48-8,C20H19N3O2,C1=CC=C(C=C1)C[C@H]2C(=O)N[C@H](C(=O)N2)CC3=CNC4=CC=CC=C43
Ursolic Acid,3001199,,,C30H48O3,C[C@@H]1CC[C@@]2(CC[C@@]3(C(=CCC4[C@]3(CCC5[C@@]4(CC[C@@H](C5(C)C)O)C)C)C2[C@H]1C)C)C(=O)O
"(1R,3R,5S,12R,14S,15S,18S)-5-acetyl-3,10,10,14,18-pentamethyl-20-methylidene-9,17,19-trioxahexacyclo[10.6.1.13,15.01,15.05,14.06,11]icos-6(11)-ene-2,8,16-trione",139093260,,,C25H28O7,C[C@H]1[C@]23C(=O)[C@@]4(C[C@@]5(C6=C([C@H](O2)C[C@@]5([C@]3(C4=C)C(=O)O1)C)C(OC(=O)C6)(C)C)C(=O)C)C
Paclitaxel,36314,,33069-62-4,C47H51NO14,CC1=C2[C@H](C(=O)[C@@]3([C@H](C[C@@H]4[C@]([C@H]3[C@@H]([C@@](C2(C)C)(C[C@@H]1OC(=O)[C@@H]([C@H](C5=CC=CC=C5)NC(=O)C6=CC=CC=C6)O)O)OC(=O)C7=CC=CC=C7)(CO4)OC(=O)C)O)C)OC(=O)C
Perillyl Alcohol,10819,,536-59-4,C10H16O,CC(=C)C1CCC(=CC1)CO
(+/-)Campathecin,2538,,31456-25-4,C20H16N2O4,CCC1(C2=C(COC1=O)C(=O)N3CC4=CC5=CC=CC=C5N=C4C3=C2)O
N-Methylcoclaurine,2752274,,,C18H21NO3,CN1CCC2=CC(=C(C=C2C1CC3=CC=C(C=C3)O)O)OC
(+)-Norisoboldine,14539911,,23599-69-1,C18H19NO4,COC1=C(C2=C3[C@H](CC4=CC(=C(C=C42)OC)O)NCCC3=C1)O
Nordomesticine,10064023,,,C18H17NO4,COC1=C(C2=C3[C@H](CC4=CC5=C(C=C42)OCO5)NCCC3=C1)O
(+)-Isodomesticine,15690954,,70560-83-7,C19H19NO4,CN1CCC2=CC(=C(C3=C2[C@@H]1CC4=CC5=C(C=C43)OCO5)OC)O
(+)-Boldine,10154,,476-70-0,C19H21NO4,CN1CCC2=CC(=C(C3=C2[C@@H]1CC4=CC(=C(C=C43)OC)O)OC)O
Cassythicine,442194,,5890-28-8,C19H19NO4,CN1CCC2=CC3=C(C4=C2[C@@H]1CC5=CC(=C(C=C54)OC)O)OCO3
taxadiene hexaacetate,14446189,,,C32H44O12,CC1=C2[C@H]([C@@H]([C@@]3([C@H](C[C@@H](C(=C)[C@H]3[C@@H]([C@@H](C2(C)C)C[C@@H]1OC(=O)C)OC(=O)C)OC(=O)C)OC(=O)C)C)OC(=O)C)OC(=O)C
Decinnamoyltaxinine J,14446187,,,C30H42O11,CC1=C2[C@H]([C@@H]([C@@]3([C@H](C[C@@H](C(=C)[C@H]3[C@@H]([C@@H](C2(C)C)C[C@@H]1OC(=O)C)OC(=O)C)O)OC(=O)C)C)OC(=O)C)OC(=O)C
wigandol,44140145,,,C16H20O2,C/C/1=C\CC2=C(C=CC(=C2C/C(=C\CC1)/C)O)O
arnebinol A,172429338,,,C16H16O4,C/C/1=C/CCC2=C[C@@H](C3=C(C=CC(=C3C1)O)O)OC2=O
campesine B,172429323,,,C17H26N3+,CC(C)[C@H]1CN[C@H](C[NH+]1C)CC2=CNC3=CC=CC=C32
campesine C,172429325,,,C18H26N3O+,CC(C)[C@H]1C[NH2+][C@H](CN1C(=O)C)CC2=CNC3=CC=CC=C32
campesine D,172429328,,,C35H49N6O+,CC(C)[C@H]1CN2[C@@H]3C4(C[C@H]5CN([C@H](CN5[C@@H]6C4(CC2C[NH+]1C)C7=CC=CC=C7N6)C(C)C)C(=O)C)C8=CC=CC=C8N3
Resveratrol,445154,,501-36-0,C14H12O3,OC1C=C(C=C(C=1)O)/C=C/C1C=CC(=CC=1)O
Polydatin,73642,,65914-17-2,C20H22O8,[C@H](O)1[C@H]([C@@H](OC([C@H]1O)CO)OC1C=C(C=C(C=1)O)/C=C/C1C=CC(=CC=1)O)O
Phloretin,4788,,60-82-2,C15H14O5,C1=CC(=CC=C1CCC(=O)C2=C(C=C(C=C2O)O)O)O
Isopimaric Acid,442048,,5835-26-7,C20H30O2,C[C@@]1(CC[C@H]2C(=CC[C@@H]3[C@@]2(CCC[C@@]3(C)C(=O)O)C)C1)C=C
Nezukol,13969544,,14699-32-2,C20H34O,C[C@@]1(CC[C@@H]2[C@]3(CCCC([C@@H]3CC[C@]2(C1)O)(C)C)C)C=C
Abietic acid,10569,,514-10-3,C20H30O2,C[C@@]12[C@]([C@@](C(O)=O)(C)CCC1)(CC=C3[C@@]2(CCC(C(C)C)=C3)[H])[H]
"(4aS,9S,10aS)-1,1,4a-trimethyl-7-propan-2-yl-2,3,4,9,10,10a-hexahydrophenanthren-9-ol",21632830,,,C20H30O,CC(C)C1=CC2=C(C=C1)[C@]3(CCCC([C@@H]3C[C@@H]2O)(C)C)C
Dehydroabietic Acid,94391,,1740-19-8,C20H28O2,CC(C)C1=CC2=C(C=C1)[C@]3(CCC[C@@]([C@@H]3CC2)(C)C(=O)O)C
variecoladiene,171364920,,,C25H40,C[C@H]1CC[C@@H]/2[C@H]1C[C@]3(CC[C@@]4(CC[C@@H]([C@H]4[C@@H]3C/C=C2/C)C(=C)C)C)C
Terpinen-4-ol,11230,,562-74-3,C10H18O,CC1=CCC(CC1)(C(C)C)O
Carveol,7438,,99-48-9,C10H16O,CC1=CCC(CC1O)C(=C)C
prenylhydroquinone,100485,,5919-91-5,C11H14O2,CC(=CCC1=C(C=CC(=C1)O)O)C
Beta-sitosterol,15976101,,,C30H52O,CCC[C@@H](CC[C@@H](C)[C@H]1CC[C@@H]2[C@@]1(CC[C@H]3[C@H]2CC=C4[C@@]3(CC[C@@H](C4)O)C)C)C(C)C
sunitinib,5329102,,557795-19-4,C22H27FN4O2,CCN(CC)CCNC(=O)C1=C(NC(=C1C)/C=C\2/C3=C(C=CC(=C3)F)NC2=O)C
Agroclavin,287403,,548-42-5,C16H18N2,CC1=CC2C(CC3=CNC4=CC=CC2=C34)N(C1)C
Elymoclavin,11051,,548-43-6,C16H18N2O,CN1CC(=CC2C1CC3=CNC4=CC=CC2=C34)CO
osmanthuside B,10438425,,94492-23-6,C29H36O13,C[C@H]1[C@@H]([C@H]([C@H]([C@@H](O1)O[C@@H]2[C@H]([C@@H](O[C@@H]([C@H]2OC(=O)/C=C/C3=CC=C(C=C3)O)CO)OCCC4=CC=C(C=C4)O)O)O)O)O
4-(1-Methyl-2-pyrrolidinyl)-3-oxobutanoate,57417332,,,C9H15NO3,CN1CCCC1CC(=O)CC(=O)O
Caaverine,23335,,,C17H17NO2,COC1=C(C2=C3[C@@H](CC4=CC=CC=C42)NCCC3=C1)O
Lirinidine,31069,,54383-28-7,C18H19NO2,CN1CCC2=CC(=C(C3=C2[C@@H]1CC4=CC=CC=C43)O)OC
4-Methoxybenzoic Acid,7478,,1335-08-6,C8H8O3,COC1=CC=C(C=C1)C(=O)O
NO,145068,,10102-43-9,NO,[N]=O
Phorate sulfoxide,17424,,251354,C7H17O3PS3,CCOP(=S)(OCC)SCS(=O)CC
Tetralin,8404,,119-64-2,C10H12,C=1C=CC2=C(C1)CCCC2
Onapristone,5311505,,96346-61-1,C29H39NO3,O=C1C=C2C(=C3C(C4=CC=C(C=C4)N(C)C)CC5(C)C(CCC5(O)CCCO)C3CC2)CC1
2Beta-Hydroxytestosterone,14311667,,10390-14-4,C19H28O3,O=C1C=C2CCC3C(CCC4(C)C(O)CCC34)C2(C)CC1O
"4-(1-Bromo-1-methylethyl)-3,3-dimethyl-1-(phenylmethyl)-2-azetidinone",15550917,,360558-95-8,C15H20BrNO,O=C1N(CC=2C=CC=CC2)C(C(Br)(C)C)C1(C)C
2-Bromo-2-methyl-N-(phenylmethyl)-N-2-propen-1-ylpropanamide,71490651,,1050654-09-5,C14H18BrNO,O=C(N(CC=C)CC=1C=CC=CC1)C(Br)(C)C
2-Bromo-N-(2E)-2-buten-1-yl-2-methyl-N-(phenylmethyl)propanamide,167458533,,2459745-67-4,C15H20BrNO,O=C(N(CC=CC)CC=1C=CC=CC1)C(Br)(C)C
"(1aS,4R,4aS,8S,9R,11aR,12aS)-4,4a,8,9-Tetrahydro-4-hydroxy-9-(2-hydroxy-3,4-dimethoxyphenyl)-12H-8,11a-(iminomethano)-1aH,7H-[1,2,4]dithiazepino[4,3-b]oxireno[e][1,2]benzoxazine-7,13-dione (ACI)",85148368,,83912-90-7,C20H20N2O8S2,O=C1NC2C(=O)N3OC4C(O)C=CC5OC54CC13SSC2C6=CC=C(OC)C(OC)=C6O
"(3R,4S,7aS,8R,11R,11aS,12aR)-3,4,7a,8,11a,12-Hexahydro-8,11,11a-trihydroxy-3-(2-hydroxy-3,4-dimethoxyphenyl)-11H-4,12a-(iminomethano)-5H-[1,2,4]dithiazepino[4,3-b][1,2]benzoxazine-5,13-dione (ACI)",129713921,,905303-26-6,C20H22N2O9S2,O=C1NC2C(=O)N3OC4C(O)C=CC(O)C4(O)CC13SSC2C5=CC=C(OC)C(OC)=C5O
Nonanoic acid,8158,,112-05-0,C9H18O2,O=C(O)CCCCCCCC
A-2315A,6441077,,3038832-22-0,C22H29N3O7S,C[CH]1/C=C/C(=O)NC/C=C/C(=C/[CH](C[CH](CC2=NC(=CO2)C(=O)N[CH](C(=O)O[CH]1C(C)C)C)O)O)/C
Sebacic acid,5192,,111-20-6,C10H18O4,O=C(O)CCCCCCCCC(=O)O
Indole,789,,120-72-9,C8H7N,C=1C=CC=2NC=CC2C1
Azelaic acid,19347555,,123-99-9,C9H16O4,O=C(O)CCCCCCCC(=O)O
Agroclavin,73484,,548-42-5,C16H18N2,C=1C=C2NC=C3C2=C(C1)C4C=C(C)CN(C)C4C3
Hexanoic acid,8892,,142-62-1,C6H12O2,O=C(O)CCCCC
Polpunonic acid,169521,,33600-93-0,C30H48O3,O=C(O)C1(C)CCC2(C)CCC3(C)C4CCC5(C)C(C(=O)CCC5C4(C)CCC3(C)C2C1)C
Ent-atiserene,101297699,,20230-48-2,C20H32,[H][C@@]12[C@](C)([C@H]3[C@@](CC1)1CC(=C)[C@H](C3)CC1)CCCC2(C)C
"(1R,4S,5R,9S,10R,12S)-5,9-dimethyl-13-methylidenetetracyclo[10.2.2.01,10.04,9]hexadecane-5-carbaldehyde",170780609,,,C20H30O,C[C@]1(CCC[C@@]2([C@@H]1CC[C@]34[C@H]2C[C@H](CC3)C(=C)C4)C)C=O
"(1R,4R,9S,10R,12S)-5,5-dimethyl-13-methylidenetetracyclo[10.2.2.01,10.04,9]hexadecane-9-carbaldehyde",170780626,,,C20H30O,CC1(CCC[C@@]2([C@@H]1CC[C@]34[C@H]2C[C@H](CC3)C(=C)C4)C=O)C
"(1R,4R,5R,9R,10R,12S)-5-methyl-13-methylidenetetracyclo[10.2.2.01,10.04,9]hexadecane-5,9-dicarbaldehyde",170780622,,,C20H28O2,C[C@]1(CCC[C@@]2([C@@H]1CC[C@]34[C@H]2C[C@H](CC3)C(=C)C4)C=O)C=O
Cyclosporin A,5284373,,59865-13-3,C62H111N11O12,O=C1NC(C(=O)N(C)C(C(=O)N(C)C(C(=O)N(C)C(C(=O)N(C)C(C(=O)NC(C(=O)N(C)CC(=O)N(C)C(C(=O)NC(C(=O)N(C)C(C(=O)NC1C)CC(C)C)C(C)C)CC(C)C)CC)C(O)C(C)CC=CC)C(C)C)CC(C)C)CC(C)C)C
Acetoxolone,94320,,6277-14-1,C32H48O5,O=C(OC1CCC2(C)C3C(=O)C=C4C5CC(C(=O)O)(C)CCC5(C)CCC4(C)C3(C)CCC2C1(C)C)C
Glycyrrhetinic acid,10114,,471-53-4,C30H46O4,O=C(O)C1(C)CCC2(C)CCC3(C(=CC(=O)C4C5(C)CCC(O)C(C)(C)C5CCC43C)C2C1)C
Dopamine,681,,51-61-6,C8H11NO2,OC1=CC=C(C=C1O)CCN
Tyramine,5610,,51-67-2,C8H11NO,OC1=CC=C(C=C1)CCN
3-Methoxytyramine,1669,,554-52-9,C9H13NO2,OC1=CC=C(C=C1OC)CCN
"16alpha,19-Dihydroxy-ent-kaurane",52916190,,70901-55-2,C20H34O2,OCC1(C)CCCC2(C)C1CCC34CC(CCC32)C(O)(C)C4
Anthranilic acid,227,,118-92-3,C7H7NO2,O=C(O)C=1C=CC=CC1N
6-Hydroxy-2-naphthoic acid,85557,,16712-64-4,C11H8O3,C1=CC2=C(C=CC(=C2)O)C=C1C(=O)O
1-Hydroxy-2-naphthoic acid,6844,,86-48-6,C11H8O3,C1=CC=C2C(=C1)C=CC(=C2O)C(=O)O
3-Hydroxy-2-naphthoic acid,7104,,92-70-6,C11H8O3,C1=CC=C2C=C(C(=CC2=C1)C(=O)O)O
"Cyclotridecyl 3,4,6-trideoxy-3-(dimethylamino)-beta-D-xylo-hexopyranoside",44241489,,1207068-32-3,C21H41NO3,CC1CC(C(C(O1)OC2CCCCCCCCCCCC2)O)N(C)C
"Cyclotetradecyl 3,4,6-trideoxy-3-(dimethylamino)-beta-D-xylo-hexopyranoside",67068119,,1207068-33-4,C22H43NO3,CC1CC(C(C(O1)OC2CCCCCCCCCCCCC2)O)N(C)C
"Cyclopentadecyl 3,4,6-trideoxy-3-(dimethylamino)-beta-D-xylo-hexopyranoside",67068104,,1207068-35-6,C23H45NO3,CC1CC(C(C(O1)OC2CCCCCCCCCCCCCC2)O)N(C)C
"1-Pyrenyl 3,4,6-trideoxy-3-(dimethylamino)-beta-D-xylo-hexopyranoside",86668318,,1207068-46-9,C24H25NO3,CC1CC(C(C(O1)OC2=C3C=CC4=CC=CC5=C4C3=C(C=C5)C=C2)O)N(C)C
"6-[4-(dimethylamino)-3-hydroxy-6-methyloxan-2-yl]oxy-14-ethyl-3,5,7,9,13-pentamethyl-1-oxacyclotetradec-11-ene-2,4,10-trione",74340065,,6036-25-5,C28H47NO7,CCC1C(C=CC(=O)C(CC(C(C(C(=O)C(C(=O)O1)C)C)OC2C(C(CC(O2)C)N(C)C)O)C)C)C
daidzein,5281708,,486-66-8,C15H10O4,C1=CC(=CC=C1C2=COC3=C(C2=O)C=CC(=C3)O)O
genistein,5280961,,446-72-0,C15H10O5,C1=CC(=CC=C1C2=COC3=CC(=CC(=C3C2=O)O)O)O
ALPHA-PINENE,6654,,80-56-8,C10H16,CC1=CCC2CC1C2(C)C
pladienolide B,16202130,,445493-23-2,C30H48O8,CCC(C(C)C1C(O1)CC(C)C=CC=C(C)C2C(C=CC(C(CCC(CC(=O)O2)O)(C)O)OC(=O)C)C)O
D-CAMPHOR,159055,,464-49-3,C10H16O,CC1(C2CCC1(C(=O)C2)C)C
Methyl 4-(2-fluoro-2-methylpropyl)-alpha-methylbenzeneacetate,24821194,,1006063-89-3,C14H19FO2,CC(C1=CC=C(C=C1)CC(C)(C)F)C(=O)OC
"4-(methoxymethyl)-2-methyl 5-phenyl-4,5-dihydrooxazole",671208,,52075-14-6,C12H15NO2,CC1=NC(C(O1)C2=CC=CC=C2)COC
"2,3-dimethylcyclopent-2-enone",14270,,1121-05-7,C7H10O,CC1=C(C(=O)CC1)C
Ibuprofen methyl ester,109101,,61566-34-5,C14H20O2,CC(C)CC1=CC=C(C=C1)C(C)C(=O)OC
Dihydrojasmone,62378,,1128-08-1,C11H18O,CCCCCC1=C(CCC1=O)C
"(3aR,4S,5R,6aS)-5-(Benzoyloxy)hexahydro-4-(methoxymethyl)-2H-cyclopentafuran-2-one",25020821,,39745-99-8,C16H18O5,COC[C@H]1[C@@H](C[C@H]2[C@@H]1CC(=O)O2)OC(=O)C3=CC=CC=C3
(3-Chlorophenyl)acetic acid propyl ester,25020812,,515877-63-1,C11H13ClO2,CCCOC(=O)CC1=CC(=CC=C1)Cl
"3-methyl-2,3,4,5,6,7-hexahydro-1H-inden-1-one",11105531,,18631-68-0,C10H14O,CC1CC(=O)C2=C1CCCC2
Ethyl 2-phenylacetate,7590,,101-97-3,C10H12O2,CCOC(=O)CC1=CC=CC=C1
p-Tolylacetic acid propyl ester,13331671,,93578-98-4,C12H16O2,CCCOC(=O)CC1=CC=C(C=C1)C
o-Tolylacetic acid propyl ester,25020814,,96307-74-3,C12H16O2,CCCOC(=O)CC1=CC=CC=C1C
"(3aR,4S,5R,6aS)-Hexahydro-5-methoxy-4-(methoxymethyl)-2H-cyclopentafuran-2-one",25020818,,1101874-04-7,C10H16O4,O=C1OC2CC(OC)C(COC)C2C1
"(3aR,4S,5R,6aS)-[1,1°‰-Biphenyl]-4-carboxylic acid, hexahydro-4-(hydroxymethyl)-2-oxo-2H-cyclopentafuran-5-yl ester",14214538,,38361-00-1,C22H22O5,O=C(OC1CC2OC(=O)CC2C1COC)C=3C=CC(=CC3)C=4C=CC=CC4
Methyl 2-phenylacetate,7559,,101-41-7,C9H10O2,COC(=O)CC1=CC=CC=C1
methyl (6S)-3-iodo-6-phenylmethoxyoct-7-enoate,10981965,,1135345-07-1,C16H21IO3,O=C1C(=C(OC(=C1C)CCC(=CC(=CI)C)C)OC)C
"4-hydroxy-6-[(3E,5E)-6-iodo-3,5-dimethylhexa-3,5-dienyl]-3,5-dimethylpyran-2-one",134838055,,1135345-06-0,C15H19IO3,CC1=C(OC(=O)C(=C1O)C)CC/C(=C/C(=C/I)/C)/C
luteothin,11246062,,,C22H25NO5,CC1=C(OC(=C(C1=O)C)OC)CC/C(=C/C(=C/C2=CC=C(C=C2)[N+](=O)[O-])/C)/C
Methane,297,,74-82-8,CH4,C
Methyl bromide,6323,,74-83-9,CH3Br,CBr
Methyl chloride,6327,,74-87-3,CH3Cl,CCl
Methyl iodide,6328,,74-88-4,CH3I,CI
Aniline,6115,,62-53-3,C6H7N,C1=CC=C(C=C1)N
S-Adenosyl-L-methionine,34755,,29908-03-0,C15H22N6O5S,C[S+](CCC(C(=O)[O-])N)CC1C(C(C(O1)N2C=NC3=C(N=CN=C32)N)O)O
Tangeretin,68077,,481-53-8,C20H20O7,COC1=CC=C(C=C1)C2=CC(=O)C3=C(O2)C(=C(C(=C3OC)OC)OC)OC
"3-Hydroxy-5,6,7,8,4°‰-pentamethoxyflavone",10715291,,50461-91-1,C20H20O8,O=C1C(O)=C(OC=2C(OC)=C(OC)C(OC)=C(OC)C12)C=3C=CC(OC)=CC3
"(2r,4r,6r,8r)-2,4,6,8-Tetramethyldecan-1-ol",11694210,,139632-56-7,C14H30O,OCC(C)CC(C)CC(C)CC(C)CC
N-Methyl-9-acridinamine,31503,,22739-29-3,C14H12N2,CNC1=C2C=CC=CC2=NC3=CC=CC=C31
N-Propyl-9-acridinamine,153062,,69530-83-2,C16H16N2,CCCNC1=C2C=CC=CC2=NC3=CC=CC=C31
m-Xylene,7929,,108-38-3,C8H10,CC1=CC(=CC=C1)C
Indene,7219,,95-13-6,C9H8,C1C=CC2=CC=CC=C21
Ethylbenzene,7500,,100-41-4,C8H10,CCC1=CC=CC=C1
Hexanol,8103,,25917-35-5,C6H14O,CCCCCCO
Propanol,1031,,62309-51-7,C3H8O,CCCO
Nonanol,8914,,28473-21-4,C9H20O,CCCCCCCCCO
Octanol,11527,,29063-28-3,C8H18O,CCCCCC(CC)O
Decanol,8174,,36729-58-5,C10H22O,CCCCCCCCCCO
Heptanol,8129,,53535-33-4,C7H16O,CCCCCCCO
"(4S)-4,5-Dihydro-2-(1H-indol-3-yl)-4-thiazolecarboxylic acid",17756750,,912282-33-8,C12H10N2O2S,O=C(O)C1N=C(SC1)C2=CNC=3C=CC=CC32
"(4R)-4,5-Dihydro-2-(1H-indol-3-yl)-4-thiazolecarboxylic acid",17756751,,912282-34-9,C12H10N2O2S,O=C(O)C1N=C(SC1)C2=CNC=3C=CC=CC32
(+)-2-Dodecanol,25045,,10203-28-8,C12H26O,CCCCCCCCCCC(C)O
2-Octanol,20083,,123-96-6,C8H18O,CCCCCCC(C)O
(+)-2-Hexanol,12297,,626-93-7,C6H14O,CCCCC(C)O
Tridecane,12388,,629-50-5,C13H28,CCCCCCCCCCCCC
1-Tetradecanol,8209,,112-72-1,C14H30O,CCCCCCCCCCCCCCO
"(2R,4R,6R,8R)-2,4,6,8-Tetramethyldecanoic acid",11615544,,10553-02-3,C14H28O2,CCC(C)CC(C)CC(C)CC(C)C(=O)O
"(4R,6R,8R)-4,6,8-Trimethyl-2-decanone",11030808,,158648-77-2,C13H26O,O=C(C)CC(C)CC(C)CC(C)CC
"(2R,4R,6R)-4,6-Dimethyl-2-octanol",11579173,,174002-27-8,C10H22O,OC(C)CC(C)CC(C)CC
"(2R,4R,6R,8R)-4,6,8-Trimethyl-2-decanol",11063460,,174002-29-0,C13H28O,OC(C)CC(C)CC(C)CC(C)CC
"(2R,4R,6R)-2,4,6-Trimethyl-1-octanol",11528430,,174173-54-7,C11H24O,OCC(C)CC(C)CC(C)CC
"Methyl (2R,4R,6R)-2,4,6-trimethyloctanoate",11694103,,2490-00-8,C12H24O2,CCC(C)CC(C)CC(C)C(=O)OC
"Methyl (2R,4R,6R,8R)-2,4,6,8-tetramethyldecanoate",10955750,,2490-56-4,C15H30O2,CCC(C)CC(C)CC(C)CC(C)C(=O)OC
"(2R,4R,6R,8R)-2,4,6,8-Tetramethylundecanoic acid",15168378,,10553-03-4,C15H30O2,CCCC(C)CC(C)CC(C)CC(C)C(=O)O
"(2R,4R,6R,8R)-2,4,6,8-Tetramethyl-1-undecanol",101663410,,158582-09-3,C15H32O,OCC(C)CC(C)CC(C)CC(C)CCC
"(4R,6R,8R)-4,6,8-Trimethyl-2-undecanone",11095932,,174002-31-4,C14H28O,O=C(C)CC(C)CC(C)CC(C)CCC
"Methyl (2R,4R,6R,8R)-2,4,6,8-tetramethylundecanoate",10879717,,872729-67-4,C16H32O2,O=C(OC)C(C)CC(C)CC(C)CC(C)CCC
13-Methyltetradecanoic acid,151014,,2485-71-4,C15H30O2,CC(C)CCCCCCCCCCCC(=O)O
Anteisopentadecanoic acid,21672,,5502-94-3,C15H30O2,CCC(C)CCCCCCCCCCC(=O)O
Butyl phenylacetate,31210,,122-43-0,C12H16O2,CCCCOC(=O)CC1=CC=CC=C1
Ethyl 3-chlorobenzeneacetate,8063366,,14062-29-4,C10H11ClO2,CCOC(=O)CC1=CC(=CC=C1)Cl
Buspirone,2477,,36505-84-7,C21H31N5O2,C1CCC2(C1)CC(=O)N(C(=O)C2)CCCCN3CCN(CC3)C4=NC=CC=N4
Propyl phenylacetate,221641,,4606-15-9,C11H14O2,CCCOC(=O)CC1=CC=CC=C1
Butyl 3-chlorobenzeneacetate,11665765,,515877-64-2,C12H15ClO2,O=C(OCCCC)CC=1C=CC=C(Cl)C1
Beta-Ionone,638014,,79-77-6,C13H20O,CC1=C(C(CCC1)(C)C)C=CC(=O)C
Cryptophycin D,10371453,,155645-51-5,C35H44N2O7,CC1CNC(=O)C(NC(=O)C=CCC(OC(=O)C(OC1=O)CC(C)C)C(C)C=CC2=CC=CC=C2)CC3=CC=C(C=C3)OC
"3-Amino-2,2-dimethylpropanoic acid",95739,,19036-43-2,C5H11NO2,CC(C)(CN)C(=O)O
3-Fluoro-D-tyrosine,719318,,64024-06-2,C9H10FNO3,C1=CC(=C(C=C1CC(C(=O)O)N)F)O
4-Bromophenylalanine,85681,,14091-15-7,C9H10BrNO2,C1=CC(=CC=C1CC(C(=O)O)N)Br
DL-2-Fluorophenylalanine,9465,,2629-55-2,C9H10FNO2,C1=CC=C(C(=C1)CC(C(=O)O)N)F
L-beta-Aminoisobutyric acid,6971062,,4249-19-8,C4H9NO2,O=C(O)C(C)CN
3-Fluorophenylalanine,9976,,456-88-2,C9H10FNO2,C1=CC(=CC(=C1)F)CC(C(=O)O)N
p-Fluorophenylalanine,4654,,51-65-0,C9H10FNO2,C1=CC(=CC=C1CC(C(=O)O)N)F
3-Iodo-L-tyrosine,439744,,70-78-0,C9H10INO3,C1=CC(=C(C=C1CC(C(=O)O)N)I)O
Beta-Alanine,239,,107-95-9,C3H7NO2,C(CN)C(=O)O
4-Methyl-L-phenylalanine,151513,,1991-87-3,C10H13NO2,CC1=CC=C(C=C1)CC(C(=O)O)N
4-Chloro-DL-phenylalanine,4652,,7424-00-2,C9H10ClNO2,C1=CC(=CC=C1CC(C(=O)O)N)Cl
Alpha-Ionone,5282108,,127-41-3,C13H20O,CC1=CCCC(C1C=CC(=O)C)(C)C
"4-Hydroperoxy-2,4,6-trimethyl-2,5-cyclohexadien-1-one",11332688,,33919-00-5,C9H12O3,CC1=CC(C=C(C1=O)C)(C)OO
"4-Hydroperoxy-4-methyl-2,5-cyclohexadien-1-one",13461289,,57749-82-3,C7H8O3,CC1(C=CC(=O)C=C1)OO
"2-(1,1-Dimethylethyl)-4-hydroperoxy-4-methyl-2,5-cyclohexadien-1-one",91081867,,74233-07-1,C11H16O3,O=C1C=CC(OO)(C=C1C(C)(C)C)C
"4-hydroperoxy-2,4-dimethyl-2,5-cyclohexadien-1-one",167713494,,42489-06-5,C8H10O3,CC1=CC(C=CC1=O)(C)OO
Diclofenac,3033,,15307-86-5,C14H11Cl2NO2,C1=CC=C(C(=C1)CC(=O)O)NC2=C(C=CC=C2Cl)Cl
"1,3,5-Trichlorobenzene",7950,,108-70-3,C6H3Cl3,C1=C(C=C(C=C1Cl)Cl)Cl
"1,2-Dichlorobenzene",7239,,95-50-1,C6H4Cl2,C1=CC=C(C(=C1)Cl)Cl
Pentachlorobenzene,11855,,608-93-5,C6HCl5,C1=C(C(=C(C(=C1Cl)Cl)Cl)Cl)Cl
"N-[3-[1-[5,6-Dihydro-4-hydroxy-2-oxo-6-(2-phenylethyl)-6-propyl-2H-pyran-3-yl]-2,2-dimethylpropyl]phenyl]-1-methyl-1H-imidazole-4-sulfonamide",54688899,,174484-00-5,C31H39N3O5S,O=C1OC(CC(O)=C1C(C=2C=CC=C(C2)NS(=O)(=O)C=3N=CN(C3)C)C(C)(C)C)(CCC=4C=CC=CC4)CCC
(13R)-13-Hydroxytetradecanoic acid,11086022,,88851-72-3,C14H28O3,CC(CCCCCCCCCCCC(=O)O)O
(12R)-12-Hydroxytetradecanoic acid,100999258,,252979-90-1,C14H28O3,CCC(CCCCCCCCCCC(=O)O)O
(Hexahydro-1(2H)-azocinyl)phenylmethanone,3275374,,17721-46-9,C14H19NO,C1CCCN(CCC1)C(=O)C2=CC=CC=C2
1-Azidoadamantane,357114,,24886-73-5,C10H15N3,C1C2CC3CC1CC(C2)(C3)N=[N+]=[N-]
"1,3-Diisopropylbenzene",7450,,99-62-7,C12H18,CC(C)C1=CC(=CC=C1)C(C)C
Phenyl 7-azabicyclo[2.2.1]heptane-7-carboxylate,85721476,,188624-93-3,C13H15NO2,C1CC2CCC1N2C(=O)OC3=CC=CC=C3
"1,1-Dimethylethyl 7-azabicyclo[2.2.1]heptane-7-carboxylate",10921489,,188624-94-4,C11H19NO2,CC(C)(C)OC(=O)N1C2CCC1CC2
(2-Methyl-1-piperidinyl)phenylmethanone,275047,,51874-05-6,C13H17NO,CC1CCCCN1C(=O)C2=CC=CC=C2
1-(2-Methylcyclopropyl)-4-(trifluoromethyl)benzene,13275083,,214628-25-8,C11H11F3,CC1CC1C2=CC=C(C=C2)C(F)(F)F
(2-Methylcyclopropyl)benzene,137839,,3145-76-4,C10H12,CC1CC1C2=CC=CC=C2
Thiomorpholine,67164,,123-90-0,C4H9NS,C1CSCCN1
Morpholine,8083,,110-91-8,C4H9NO,C1COCCN1
Hesperetin,72281,,520-33-2,C16H14O6,COC1=C(C=C(C=C1)C2CC(=O)C3=C(C=C(C=C3O2)O)O)O
Apigenin,5280443,,520-36-5,C15H10O5,C1=CC(=CC=C1C2=CC(=O)C3=C(C=C(C=C3O2)O)O)O
Tamarixetin,5281699,,603-61-2,C16H12O7,COC1=C(C=C(C=C1)C2=C(C(=O)C3=C(C=C(C=C3O2)O)O)O)O
Galangin,5281616,,548-83-4,C15H10O5,C1=CC=C(C=C1)C2=C(C(=O)C3=C(C=C(C=C3O2)O)O)O
(-)-Maackiain,91510,,2035-15-6,C16H12O5,C1C2C(C3=C(O1)C=C(C=C3)O)OC4=CC5=C(C=C24)OCO5
Nefiracetam,71157,,77191-36-7,C14H18N2O2,CC1=C(C(=CC=C1)C)NC(=O)CN2CCCC2=O
(-)-Arctigenin,64981,,7770-78-7,C21H24O6,COC1=C(C=C(C=C1)CC2COC(=O)C2CC3=CC(=C(C=C3)O)OC)OC
cis-beta-Methylstyrene,252324,,766-90-5,C9H10,CC=CC1=CC=CC=C1
trans-beta-Methylstyrene,252325,,873-66-5,C9H10,CC=CC1=CC=CC=C1
Allylbenzene,9309,,300-57-2,C9H10,C=CCC1=CC=CC=C1
(-)-Camphor,444294,,464-48-2,C10H16O,CC1(C2CCC1(C(=O)C2)C)C
"(1R,4S)-1,7,7-Trimethyl-5-methylenebicyclo[2.2.1]heptan-2-one",101237419,,154614-03-6,C11H16O,O=C1CC2C(=C)CC1(C)C2(C)C
Gestodene,3033968,,60282-87-3,C21H26O2,CCC12CCC3C(C1C=CC2(C#C)O)CCC4=CC(=O)CCC34
Toluene,1140,,108-88-3,C7H8,CC1=CC=CC=C1
Acetanilide,904,,103-84-4,C8H9NO,CC(=O)NC1=CC=CC=C1
(-)-Norcamphor,449588,,29583-35-5,C7H10O,C1CC2CC1CC2=O
"(1R,4S)-1-Methylbicyclo[2.2.1]heptan-2-one",11105364,,119565-94-5,C8H12O,CC12CCC(C1)CC2=O
Benzo[a]pyrene,2336,,50-32-8,C20H12,C1=CC=C2C3=C4C(=CC2=C1)C=CC5=C4C(=CC=C5)C=C3
1-(Ethylthio)-4-methylbenzene,136431,,622-63-9,C9H12S,CCSC1=CC=C(C=C1)C
4-Methyltryptophan,96374,,1954-45-6,C12H14N2O2,CC1=C2C(=CC=C1)NC=C2CC(C(=O)O)N
4-Phenyl-L-tryptophan,122499646,,1989668-87-2,C17H16N2O2,O=C(O)C(N)CC1=CNC2=CC=CC(C=3C=CC=CC3)=C21
5-Cyclopropyl-L-tryptophan,122499511,,1989668-88-3,C14H16N2O2,O=C(O)C(N)CC1=CNC=2C=CC(=CC21)C3CC3
6-Cyclopropyl-L-tryptophan,122499602,,1989668-89-4,C14H16N2O2,O=C(O)C(N)CC1=CNC=2C=C(C=CC21)C3CC3
7-Cyclopropyl-L-tryptophan,122499506,,1989668-90-7,C14H16N2O2,O=C(O)C(N)CC1=CNC2=C1C=CC=C2C3CC3
4-Cyclopropyl-L-tryptophan,122499650,,1989668-91-8,C14H16N2O2,O=C(O)C(N)CC1=CNC2=CC=CC(=C21)C3CC3
5-Ethenyl-L-tryptophan,122499603,,1989668-92-9,C13H14N2O2,O=C(O)C(N)CC1=CNC=2C=CC(C=C)=CC21
4-Ethenyl-L-tryptophan,122499649,,1989668-93-0,C13H14N2O2,O=C(O)C(N)CC1=CNC=2C=CC=C(C=C)C21
4-Ethynyl-L-tryptophan,122499648,,1989668-94-1,C13H12N2O2,O=C(O)C(N)CC1=CNC=2C=CC=C(C#C)C21
5-(4-Morpholinyl)-L-tryptophan,134259602,,1989668-95-2,C15H19N3O3,O=C(O)C(N)CC1=CNC=2C=CC(=CC21)N3CCOCC3
6-(4-Morpholinyl)-L-tryptophan,134259603,,1989668-96-3,C15H19N3O3,O=C(O)C(N)CC1=CNC=2C=C(C=CC21)N3CCOCC3
7-(4-Morpholinyl)-L-tryptophan,122499481,,1989668-97-4,C15H19N3O3,O=C(O)C(N)CC1=CNC2=C1C=CC=C2N3CCOCC3
4-(4-Morpholinyl)-L-tryptophan,122499598,,1989668-98-5,C15H19N3O3,O=C(O)C(N)CC1=CNC2=CC=CC(=C21)N3CCOCC3
6-(Methylthio)-L-tryptophan,122499538,,1989668-99-6,C12H14N2O2S,O=C(O)C(N)CC1=CNC=2C=C(SC)C=CC21
7-(Methylthio)-L-tryptophan,122499480,,1989669-00-2,C12H14N2O2S,O=C(O)C(N)CC1=CNC=2C(SC)=CC=CC12
4-(Methylthio)-L-tryptophan,122499492,,1989669-01-3,C12H14N2O2S,O=C(O)C(N)CC1=CNC=2C=CC=C(SC)C21
5-(4-Pyridinyl)-L-tryptophan,122499592,,1989669-02-4,C16H15N3O2,O=C(O)C(N)CC1=CNC2=CC=C(C=C21)C=3C=CN=CC3
6-(4-Pyridinyl)-L-tryptophan,134259604,,1989669-03-5,C16H15N3O2,O=C(O)C(N)CC1=CNC=2C=C(C=CC21)C=3C=CN=CC3
7-(4-Pyridinyl)-L-tryptophan,122499643,,1989669-04-6,C16H15N3O2,O=C(O)C(N)CC1=CNC=2C(=CC=CC12)C=3C=CN=CC3
4-(4-Pyridinyl)-L-tryptophan,122499609,,1989669-05-7,C16H15N3O2,O=C(O)C(N)CC1=CNC2=CC=CC(C=3C=CN=CC3)=C21
4-Aminotryptophan,57484488,,1989669-06-8,C11H13N3O2,O=C(O)C(N)CC1=CNC=2C=CC=C(N)C21
5-Phenyltryptophan,85300171,,1989669-07-9,C17H16N2O2,O=C(O)C(N)CC1=CNC2=CC=C(C=C21)C=3C=CC=CC3
6-Phenyltryptophan,134259601,,1989669-08-0,C17H16N2O2,O=C(O)C(N)CC1=CNC=2C=C(C=CC21)C=3C=CC=CC3
7-Phenyltryptophan,122499549,,1989669-09-1,C17H16N2O2,O=C(O)C(N)CC1=CNC=2C(=CC=CC12)C=3C=CC=CC3
7-Ethenyltryptophan,122499654,,1989669-15-9,C13H14N2O2,O=C(O)C(N)CC1=CNC=2C(C=C)=CC=CC12
7-Ethynyltryptophan,122499614,,1989669-17-1,C13H12N2O2,O=C(O)C(N)CC1=CNC=2C(C#C)=CC=CC12
5-(Methylthio)tryptophan,86104362,,1989669-23-9,C12H14N2O2S,O=C(O)C(N)CC1=CNC=2C=CC(SC)=CC21
4-Bromo-1-methyltryptophan,122499512,,1989669-33-1,C12H13BrN2O2,O=C(O)C(N)CC1=CN(C=2C=CC=C(Br)C21)C
5-Amino-1-methyltryptophan,122499559,,1989669-34-2,C12H15N3O2,O=C(O)C(N)CC1=CN(C=2C=CC(N)=CC21)C
7-Amino-1-methyltryptophan,122499517,,1989669-36-4,C12H15N3O2,O=C(O)C(N)CC1=CN(C=2C(N)=CC=CC12)C
4-Amino-1-methyltryptophan,122499505,,1989669-37-5,C12H15N3O2,O=C(O)C(N)CC1=CN(C=2C=CC=C(N)C21)C
1-Methyl-5-phenyltryptophan,122499516,,1989669-38-6,C18H18N2O2,O=C(O)C(N)CC1=CN(C2=CC=C(C=C21)C=3C=CC=CC3)C
1-Methyl-6-phenyltryptophan,134259605,,1989669-39-7,C18H18N2O2,O=C(O)C(N)CC1=CN(C=2C=C(C=CC21)C=3C=CC=CC3)C
1-Methyl-7-phenyltryptophan,122499508,,1989669-40-0,C18H18N2O2,O=C(O)C(N)CC1=CN(C=2C(=CC=CC12)C=3C=CC=CC3)C
1-Methyl-4-phenyltryptophan,122499523,,1989669-41-1,C18H18N2O2,O=C(O)C(N)CC1=CN(C=2C=CC=C(C=3C=CC=CC3)C21)C
5-Cyclopropyl-1-methyltryptophan,122499526,,1989669-42-2,C15H18N2O2,O=C(O)C(N)CC1=CN(C=2C=CC(=CC21)C3CC3)C
6-Cyclopropyl-1-methyltryptophan,122499519,,1989669-43-3,C15H18N2O2,O=C(O)C(N)CC1=CN(C=2C=C(C=CC21)C3CC3)C
7-Cyclopropyl-1-methyltryptophan,122499652,,1989669-44-4,C15H18N2O2,O=C(O)C(N)CC1=CN(C2=C1C=CC=C2C3CC3)C
4-Cyclopropyl-1-methyltryptophan,122499619,,1989669-45-5,C15H18N2O2,O=C(O)C(N)CC1=CN(C2=CC=CC(=C21)C3CC3)C
5-Ethenyl-1-methyltryptophan,122499655,,1989669-46-6,C14H16N2O2,O=C(O)C(N)CC1=CN(C=2C=CC(C=C)=CC21)C
6-Ethenyl-1-methyltryptophan,122499518,,1989669-47-7,C14H16N2O2,O=C(O)C(N)CC1=CN(C=2C=C(C=C)C=CC21)C
7-Ethenyl-1-methyltryptophan,122499524,,1989669-48-8,C14H16N2O2,O=C(O)C(N)CC1=CN(C=2C(C=C)=CC=CC12)C
4-Ethenyl-1-methyltryptophan,122499658,,1989669-49-9,C14H16N2O2,O=C(O)C(N)CC1=CN(C=2C=CC=C(C=C)C21)C
5-Ethynyl-1-methyltryptophan,122499562,,1989669-50-2,C14H14N2O2,O=C(O)C(N)CC1=CN(C=2C=CC(C#C)=CC21)C
6-Ethynyl-1-methyltryptophan,122499659,,1989669-51-3,C14H14N2O2,O=C(O)C(N)CC1=CN(C=2C=C(C#C)C=CC21)C
7-Ethynyl-1-methyltryptophan,122499531,,1989669-52-4,C14H14N2O2,O=C(O)C(N)CC1=CN(C=2C(C#C)=CC=CC12)C
4-Ethynyl-1-methyltryptophan,122499615,,1989669-53-5,C14H14N2O2,O=C(O)C(N)CC1=CN(C=2C=CC=C(C#C)C21)C
1-Methyl-5-(4-morpholinyl)tryptophan,134259606,,1989669-54-6,C16H21N3O3,O=C(O)C(N)CC1=CN(C=2C=CC(=CC21)N3CCOCC3)C
1-Methyl-6-(4-morpholinyl)tryptophan,122499550,,1989669-55-7,C16H21N3O3,O=C(O)C(N)CC1=CN(C=2C=C(C=CC21)N3CCOCC3)C
4-Chloro-2-methyltryptophan,122499563,,1989669-56-8,C12H13ClN2O2,O=C(O)C(N)CC=1C=2C(Cl)=CC=CC2NC1C
1-Methyl-4-(4-morpholinyl)tryptophan,122499527,,1989669-57-9,C16H21N3O3,O=C(O)C(N)CC1=CN(C2=CC=CC(=C21)N3CCOCC3)C
1-Methyl-5-(methylthio)tryptophan,122499628,,1989669-58-0,C13H16N2O2S,O=C(O)C(N)CC1=CN(C=2C=CC(SC)=CC21)C
1-Methyl-6-(methylthio)tryptophan,122499532,,1989669-59-1,C13H16N2O2S,O=C(O)C(N)CC1=CN(C=2C=C(SC)C=CC21)C
1-Methyl-7-(methylthio)tryptophan,122499662,,1989669-60-4,C13H16N2O2S,O=C(O)C(N)CC1=CN(C=2C(SC)=CC=CC12)C
1-Methyl-4-(methylthio)tryptophan,122499534,,1989669-61-5,C13H16N2O2S,O=C(O)C(N)CC1=CN(C=2C=CC=C(SC)C21)C
1-Methyl-5-(4-pyridinyl)tryptophan,122499644,,1989669-62-6,C17H17N3O2,O=C(O)C(N)CC1=CN(C2=CC=C(C=C21)C=3C=CN=CC3)C
1-Methyl-6-(4-pyridinyl)tryptophan,134259607,,1989669-63-7,C17H17N3O2,O=C(O)C(N)CC1=CN(C=2C=C(C=CC21)C=3C=CN=CC3)C
1-Methyl-7-(4-pyridinyl)tryptophan,122499613,,1989669-64-8,C17H17N3O2,O=C(O)C(N)CC1=CN(C=2C(=CC=CC12)C=3C=CN=CC3)C
1-Methyl-4-(4-pyridinyl)tryptophan,122499556,,1989669-65-9,C17H17N3O2,O=C(O)C(N)CC1=CN(C=2C=CC=C(C=3C=CN=CC3)C21)C
"2,6-Dimethyltryptophan",82390333,,1989669-66-0,C13H16N2O2,O=C(O)C(N)CC=1C=2C=CC(=CC2NC1C)C
6-Bromo-2-methyltryptophan,122499564,,1989669-67-1,C12H13BrN2O2,O=C(O)C(N)CC=1C=2C=CC(Br)=CC2NC1C
7-Bromo-2-methyltryptophan,134259608,,1989669-68-2,C12H13BrN2O2,O=C(O)C(N)CC=1C=2C=CC=C(Br)C2NC1C
4-Bromo-2-methyltryptophan,122499561,,1989669-69-3,C12H13BrN2O2,O=C(O)C(N)CC=1C=2C(Br)=CC=CC2NC1C
7-Methoxy-2-methyltryptophan,122499565,,1989669-71-7,C13H16N2O3,O=C(O)C(N)CC=1C=2C=CC=C(OC)C2NC1C
4-Methoxy-2-methyltryptophan,122499665,,1989669-72-8,C13H16N2O3,O=C(O)C(N)CC=1C=2C(OC)=CC=CC2NC1C
5-Amino-2-methyltryptophan,122499514,,1989669-73-9,C12H15N3O2,O=C(O)C(N)CC=1C=2C=C(N)C=CC2NC1C
6-Amino-2-methyltryptophan,126583943,,1989669-74-0,C12H15N3O2,O=C(O)C(N)CC=1C=2C=CC(N)=CC2NC1C
7-Amino-2-methyltryptophan,122499525,,1989669-75-1,C12H15N3O2,O=C(O)C(N)CC=1C=2C=CC=C(N)C2NC1C
4-Amino-2-methyltryptophan,134259609,,1989669-76-2,C12H15N3O2,O=C(O)C(N)CC=1C=2C(N)=CC=CC2NC1C
2-Methyl-5-phenyltryptophan,122499600,,1989669-77-3,C18H18N2O2,O=C(O)C(N)CC=1C2=CC(=CC=C2NC1C)C=3C=CC=CC3
2-Methyl-6-phenyltryptophan,134259610,,1989669-78-4,C18H18N2O2,O=C(O)C(N)CC=1C=2C=CC(=CC2NC1C)C=3C=CC=CC3
2-Methyl-7-phenyltryptophan,126584278,,1989669-79-5,C18H18N2O2,O=C(O)C(N)CC=1C=2C=CC=C(C=3C=CC=CC3)C2NC1C
2-Methyl-4-phenyltryptophan,122499482,,1989669-80-8,C18H18N2O2,O=C(O)C(N)CC=1C=2C(=CC=CC2C=3C=CC=CC3)NC1C
5-Cyclopropyl-2-methyltryptophan,122499529,,1989669-81-9,C15H18N2O2,O=C(O)C(N)CC=1C=2C=C(C=CC2NC1C)C3CC3
6-Cyclopropyl-2-methyltryptophan,122499520,,1989669-82-0,C15H18N2O2,O=C(O)C(N)CC=1C=2C=CC(=CC2NC1C)C3CC3
7-Cyclopropyl-2-methyltryptophan,122499616,,1989669-83-1,C15H18N2O2,O=C(O)C(N)CC=1C=2C=CC=C(C2NC1C)C3CC3
4-Cyclopropyl-2-methyltryptophan,122499539,,1989669-84-2,C15H18N2O2,O=C(O)C(N)CC=1C=2C(=CC=CC2C3CC3)NC1C
5-Ethenyl-2-methyltryptophan,122499569,,1989669-85-3,C14H16N2O2,O=C(O)C(N)CC=1C=2C=C(C=C)C=CC2NC1C
6-Ethenyl-2-methyltryptophan,122499545,,1989669-86-4,C14H16N2O2,O=C(O)C(N)CC=1C=2C=CC(C=C)=CC2NC1C
7-Ethenyl-2-methyltryptophan,122499572,,1989669-87-5,C14H16N2O2,O=C(O)C(N)CC=1C=2C=CC=C(C=C)C2NC1C
5-Ethynyl-2-methyltryptophan,122499573,,1989669-89-7,C14H14N2O2,O=C(O)C(N)CC=1C=2C=C(C#C)C=CC2NC1C
6-Ethynyl-2-methyltryptophan,134259612,,1989669-90-0,C14H14N2O2,O=C(O)C(N)CC=1C=2C=CC(C#C)=CC2NC1C
7-Ethynyl-2-methyltryptophan,122499543,,1989669-91-1,C14H14N2O2,O=C(O)C(N)CC=1C=2C=CC=C(C#C)C2NC1C
4-Ethynyl-2-methyltryptophan,122499547,,1989669-92-2,C14H14N2O2,O=C(O)C(N)CC=1C=2C(C#C)=CC=CC2NC1C
2-Methyl-5-(4-morpholinyl)tryptophan,122499570,,1989669-93-3,C16H21N3O3,O=C(O)C(N)CC=1C=2C=C(C=CC2NC1C)N3CCOCC3
2-Methyl-6-(4-morpholinyl)tryptophan,122499656,,1989669-94-4,C16H21N3O3,O=C(O)C(N)CC=1C=2C=CC(=CC2NC1C)N3CCOCC3
2-Methyl-7-(4-morpholinyl)tryptophan,122499623,,1989669-95-5,C16H21N3O3,O=C(O)C(N)CC=1C=2C=CC=C(C2NC1C)N3CCOCC3
2-Methyl-4-(4-morpholinyl)tryptophan,122499636,,1989669-96-6,C16H21N3O3,O=C(O)C(N)CC=1C=2C(=CC=CC2N3CCOCC3)NC1C
2-Methyl-5-(methylthio)tryptophan,122499625,,1989669-97-7,C13H16N2O2S,O=C(O)C(N)CC=1C=2C=C(SC)C=CC2NC1C
2-Methyl-6-(methylthio)tryptophan,122499575,,1989669-98-8,C13H16N2O2S,O=C(O)C(N)CC=1C=2C=CC(SC)=CC2NC1C
2-Methyl-7-(methylthio)tryptophan,122499664,,1989669-99-9,C13H16N2O2S,O=C(O)C(N)CC=1C=2C=CC=C(SC)C2NC1C
2-Methyl-4-(methylthio)tryptophan,122499535,,1989670-00-9,C13H16N2O2S,O=C(O)C(N)CC=1C=2C(SC)=CC=CC2NC1C
2-Methyl-5-(4-pyridinyl)tryptophan,126584280,,1989670-01-0,C17H17N3O2,O=C(O)C(N)CC=1C2=CC(=CC=C2NC1C)C=3C=CN=CC3
2-Methyl-6-(4-pyridinyl)tryptophan,122499637,,1989670-02-1,C17H17N3O2,O=C(O)C(N)CC=1C=2C=CC(=CC2NC1C)C=3C=CN=CC3
2-Methyl-7-(4-pyridinyl)tryptophan,122499635,,1989670-03-2,C17H17N3O2,O=C(O)C(N)CC=1C=2C=CC=C(C=3C=CN=CC3)C2NC1C
2-Methyl-4-(4-pyridinyl)tryptophan,122499621,,1989670-04-3,C17H17N3O2,O=C(O)C(N)CC=1C=2C(=CC=CC2C=3C=CN=CC3)NC1C
"1,2,7-Trimethyltryptophan",134259614,,1989670-06-5,C14H18N2O2,O=C(O)C(N)CC=1C=2C=CC=C(C2N(C1C)C)C
"1,2-Dimethyl-6-phenyltryptophan",134259617,,1989670-26-9,C19H20N2O2,O=C(O)C(N)CC=1C=2C=CC(=CC2N(C1C)C)C=3C=CC=CC3
"1,2-Dimethyl-7-phenyltryptophan",126584119,,1989670-27-0,C19H20N2O2,O=C(O)C(N)CC=1C=2C=CC=C(C=3C=CC=CC3)C2N(C1C)C
"6-Cyclopropyl-1,2-dimethyltryptophan",122499639,,1989670-30-5,C16H20N2O2,O=C(O)C(N)CC=1C=2C=CC(=CC2N(C1C)C)C3CC3
"5-Ethenyl-1,2-dimethyltryptophan",122499515,,1989670-33-8,C15H18N2O2,O=C(O)C(N)CC=1C=2C=C(C=C)C=CC2N(C1C)C
"6-Ethenyl-1,2-dimethyltryptophan",122499663,,1989670-34-9,C15H18N2O2,O=C(O)C(N)CC=1C=2C=CC(C=C)=CC2N(C1C)C
"7-Ethenyl-1,2-dimethyltryptophan",122499576,,1989670-35-0,C15H18N2O2,O=C(O)C(N)CC=1C=2C=CC=C(C=C)C2N(C1C)C
"4-Ethenyl-1,2-dimethyltryptophan",134259618,,1989670-36-1,C15H18N2O2,O=C(O)C(N)CC=1C=2C(C=C)=CC=CC2N(C1C)C
"5-Ethynyl-1,2-dimethyltryptophan",122499638,,1989670-37-2,C15H16N2O2,O=C(O)C(N)CC=1C=2C=C(C#C)C=CC2N(C1C)C
"6-Ethynyl-1,2-dimethyltryptophan",134259619,,1989670-38-3,C15H16N2O2,O=C(O)C(N)CC=1C=2C=CC(C#C)=CC2N(C1C)C
"7-Ethynyl-1,2-dimethyltryptophan",122499551,,1989670-39-4,C15H16N2O2,O=C(O)C(N)CC=1C=2C=CC=C(C#C)C2N(C1C)C
"4-Ethynyl-1,2-dimethyltryptophan",122499657,,1989670-40-7,C15H16N2O2,O=C(O)C(N)CC=1C=2C(C#C)=CC=CC2N(C1C)C
"1,2-Dimethyl-6-(4-morpholinyl)tryptophan",122499670,,1989670-42-9,C17H23N3O3,O=C(O)C(N)CC=1C=2C=CC(=CC2N(C1C)C)N3CCOCC3
"1,2-Dimethyl-7-(4-morpholinyl)tryptophan",122499631,,1989670-43-0,C17H23N3O3,O=C(O)C(N)CC=1C=2C=CC=C(C2N(C1C)C)N3CCOCC3
"1,2-Dimethyl-6-(methylthio)tryptophan",122499629,,1989670-46-3,C14H18N2O2S,O=C(O)C(N)CC=1C=2C=CC(SC)=CC2N(C1C)C
"1,2-Dimethyl-7-(methylthio)tryptophan",122499671,,1989670-47-4,C14H18N2O2S,O=C(O)C(N)CC=1C=2C=CC=C(SC)C2N(C1C)C
"1,2-Dimethyl-6-(4-pyridinyl)tryptophan",122499640,,1989670-50-9,C18H19N3O2,O=C(O)C(N)CC=1C=2C=CC(=CC2N(C1C)C)C=3C=CN=CC3
"1,2-Dimethyl-7-(4-pyridinyl)tryptophan",122499633,,1989670-51-0,C18H19N3O2,O=C(O)C(N)CC=1C=2C=CC=C(C=3C=CN=CC3)C2N(C1C)C
4-Methoxytryptophan,11253302,,199540-73-3,C12H14N2O3,O=C(O)C(N)CC1=CNC=2C=CC=C(OC)C21
1-Methyl-7-(4-morpholinyl)tryptophan,122499522,,2060651-60-5,C16H21N3O3,O=C(O)C(N)CC1=CN(C2=C1C=CC=C2N3CCOCC3)C
6-Ethenyltryptophan,122499607,,2225849-83-0,C13H14N2O2,O=C(O)C(N)CC1=CNC=2C=C(C=C)C=CC21
6-Methyl-DL-tryptophan,95319,,2280-85-5,C12H14N2O2,O=C(O)C(N)CC1=CNC=2C=C(C=CC21)C
6-Amino-L-tryptophan,249090,,2462-30-8,C11H13N3O2,O=C(O)C(N)CC1=CNC=2C=C(N)C=CC21
5-Methoxy-L-tryptophan,119802,,25197-96-0,C12H14N2O3,O=C(O)C(N)CC1=CNC=2C=CC(OC)=CC21
5-Bromo-L-tryptophan,96735,,25197-99-3,C11H11BrN2O2,O=C(O)C(N)CC1=CNC=2C=CC(Br)=CC21
5-Amino-L-tryptophan,4018454,,25198-00-9,C11H13N3O2,O=C(O)C(N)CC1=CNC=2C=CC(N)=CC21
7-Hydroxy-L-tryptophan,2763071,,25198-02-1,C11H12N2O3,O=C(O)C(N)CC1=CNC=2C(O)=CC=CC12
7-Methoxy-L-tryptophan,352939,,25198-03-2,C12H14N2O3,O=C(O)C(N)CC1=CNC=2C(OC)=CC=CC12
4-Hydroxy-L-tryptophan,589768,,25242-90-4,C11H12N2O3,O=C(O)C(N)CC1=CNC=2C=CC=C(O)C21
4-Fluorotryptophan,101198,,25631-05-4,C11H11FN2O2,O=C(O)C(N)CC1=CNC=2C=CC=C(F)C21
4-Bromotryptophan,11748029,,25796-04-7,C11H11BrN2O2,O=C(O)C(N)CC1=CNC=2C=CC=C(Br)C21
"Tryptophan, 5-hydroxy-2-methyl-",71058597,,25956-70-1,C12H14N2O3,O=C(O)C(N)CC=1C=2C=C(O)C=CC2NC1C
L-Tryptophanol,10684,,2899-29-8,C11H14N2O,OCC(N)CC1=CNC=2C=CC=CC21
6-Chloro-L-tryptophan,65259,,33468-35-8,C11H11ClN2O2,O=C(O)C(N)CC1=CNC=2C=C(Cl)C=CC21
6-Bromotryptophan,3496442,,33599-61-0,C11H11BrN2O2,O=C(O)C(N)CC1=CNC=2C=C(Br)C=CC21
6-Methoxytryptophan,352941,,33600-67-8,C12H14N2O3,O=C(O)C(N)CC1=CNC=2C=C(OC)C=CC21
Indole-3-pyruvic acid,803,,392-12-1,C11H9NO3,O=C(O)C(=O)CC1=CNC=2C=CC=CC21
5-Hydroxy-L-tryptophan,144,,895096,C11H12N2O3,O=C(O)C(N)CC1=CNC=2C=CC(O)=CC21
"Tryptophan, 5-methoxy-2-methyl-",53441228,,442-60-4,C13H16N2O3,O=C(O)C(N)CC=1C=2C=C(OC)C=CC2NC1C
Serotonin,5202,,50-67-9,C10H12N2O,OC=1C=CC=2NC=C(C2C1)CCN
4-Chloro-L-tryptophan,14048817,,52448-14-3,C11H11ClN2O2,O=C(O)C(N)CC1=CNC=2C=CC=C(Cl)C21
5-Chloro-L-tryptophan,596210,,52448-15-4,C11H11ClN2O2,O=C(O)C(N)CC1=CNC=2C=CC(Cl)=CC21
7-Fluorotryptophan,9920885,,53314-95-7,C11H11FN2O2,O=C(O)C(N)CC1=CNC=2C(F)=CC=CC12
"alpha-Amino-1H-pyrrolo[2,3-b]pyridine-3-propanoic acid",5354789,,7303-50-6,C10H11N3O2,O=C(O)C(N)CC1=CNC=2N=CC=CC21
7-Chloro-L-tryptophan,643956,,73945-46-7,C11H11ClN2O2,O=C(O)C(N)CC1=CNC=2C(Cl)=CC=CC12
7-Bromo-L-tryptophan,22326367,,75816-19-2,C11H11BrN2O2,O=C(O)C(N)CC1=CNC=2C(Br)=CC=CC12
Indole-3-carboxylic acid,69867,,771-50-6,C9H7NO2,O=C(O)C1=CNC=2C=CC=CC21
6-Fluorotryptophan,94937,,7730-20-3,C11H11FN2O2,O=C(O)C(N)CC1=CNC=2C=C(F)C=CC21
7-Chloro-1-methyltryptophan,82665253,,870481-82-6,C12H13ClN2O2,O=C(O)C(N)CC1=CN(C=2C(Cl)=CC=CC12)C
Indole-3-acetic acid,802,,87-51-4,C10H9NO2,O=C(O)CC1=CNC=2C=CC=CC21
7-Aminotryptophan,22326407,,91332-30-8,C11H13N3O2,O=C(O)C(N)CC1=CNC=2C(N)=CC=CC12
5-Ethynyl-L-tryptophan,74431846,,948844-57-3,C13H12N2O2,O=C(O)C(N)CC1=CNC=2C=CC(C#C)=CC21
5-Methyl-DL-tryptophan,92852,,951-55-3,C12H14N2O2,O=C(O)C(N)CC1=CNC=2C=CC(=CC21)C
6-Ethynyl-L-tryptophan,74431845,,956094-43-2,C13H12N2O2,O=C(O)C(N)CC1=CNC=2C=C(C#C)C=CC21
4-Fluoro-L-tryptophan,688475,,106034-22-4,C11H11FN2O2,C1=CC2=C(C(=C1)F)C(=CN2)C[C@@H](C(=O)O)N
7-Amino-L-tryptophan,96890998,,1065237-08-2,C11H13N3O2,C1=CC2=C(C(=C1)N)NC=C2C[C@@H](C(=O)O)N
7-Phenyl-L-tryptophan,102521331,,1079926-41-2,C17H16N2O2,C1=CC=C(C=C1)C2=CC=CC3=C2NC=C3C[C@@H](C(=O)O)N
6-Hydroxy-L-tryptophan,49867758,,13567-14-1,C11H12N2O3,C1=CC2=C(C=C1O)NC=C2C[C@@H](C(=O)O)N
"2,5-Dimethyl-tryptophan",82390334,,1379832-20-8,C13H16N2O2,CC1=CC2=C(C=C1)NC(=C2CC(C(=O)O)N)C
5-Methoxy-1-Methyl-tryptophan,82665111,,1379869-99-4,C13H16N2O3,CN1C=C(C2=C1C=CC(=C2)OC)CC(C(=O)O)N
6-Fluoro-1-Methyl-tryptophan,82663703,,1379890-22-8,C12H13FN2O2,CN1C=C(C2=C1C=C(C=C2)F)CC(C(=O)O)N
7-Fluoro-L-tryptophan,15930148,,138514-97-3,C11H11FN2O2,C1=CC2=C(C(=C1)F)NC=C2C[C@@H](C(=O)O)N
6-Ethenyl-L-tryptophan,122499483,,1469802-25-2,C13H14N2O2,C=CC1=CC2=C(C=C1)C(=CN2)C[C@@H](C(=O)O)N
7-Ethenyl-L-tryptophan,122499593,,1469802-26-3,C13H14N2O2,C=CC1=C2C(=CC=C1)C(=CN2)C[C@@H](C(=O)O)N
7-Ethynyl-L-tryptophan,122499597,,1469802-27-4,C13H12N2O2,C#CC1=C2C(=CC=C1)C(=CN2)C[C@@H](C(=O)O)N
6-Phenyl-L-tryptophan,122499546,,1469802-39-8,C17H16N2O2,C1=CC=C(C=C1)C2=CC3=C(C=C2)C(=CN3)C[C@@H](C(=O)O)N
6-Fluoro-2-methyl-tryptophan,82389272,,1478440-91-3,C12H13FN2O2,CC1=C(C2=C(N1)C=C(C=C2)F)CC(C(=O)O)N
4-Fluoro-2-methyl-tryptophan,82389276,,1485378-80-0,C12H13FN2O2,CC1=C(C2=C(N1)C=CC=C2F)CC(C(=O)O)N
"2,7-Dimethyl-tryptophan",112483689,,1490391-64-4,C13H16N2O2,CC1=C2C(=CC=C1)C(=C(N2)C)CC(C(=O)O)N
2-Amino-3-(4-hydroxy-2-methyl-1H-indol-3-yl)propanoic acid,82389803,,1490468-49-9,C12H14N2O3,CC1=C(C2=C(N1)C=CC=C2O)CC(C(=O)O)N
2-Amino-3-(7-hydroxy-2-methyl-1H-indol-3-yl)propanoic acid,82389796,,1491005-60-7,C12H14N2O3,CC1=C(C2=C(N1)C(=CC=C2)O)CC(C(=O)O)N
"2-amino-3-(2,4-dimethyl-1H-indol-3-yl)propanoic acid",112483688,,1491781-14-6,C13H16N2O2,CC1=C2C(=CC=C1)NC(=C2CC(C(=O)O)N)C
2-amino-3-(7-fluoro-2-methyl-1H-indol-3-yl)propanoic acid,82389274,,1493097-05-4,C12H13FN2O2,CC1=C(C2=C(N1)C(=CC=C2)F)CC(C(=O)O)N
2-amino-3-(5-bromo-2-methyl-1H-indol-3-yl)propanoic acid,83763813,,1503749-63-0,C12H13BrN2O2,CC1=C(C2=C(N1)C=CC(=C2)Br)CC(C(=O)O)N
2-amino-3-(5-bromo-1-methylindol-3-yl)propanoic acid,83763812,,1504175-13-6,C12H13BrN2O2,CN1C=C(C2=C1C=CC(=C2)Br)CC(C(=O)O)N
2-amino-3-(4-fluoro-1-methylindol-3-yl)propanoic acid,82663705,,1507909-42-3,C12H13FN2O2,CN1C=C(C2=C1C=CC=C2F)CC(C(=O)O)N
"2-amino-3-(1,6-dimethylindol-3-yl)propanoic acid",82663202,,1507992-02-0,C13H16N2O2,CC1=CC2=C(C=C1)C(=CN2C)CC(C(=O)O)N
"2-amino-3-(1,7-dimethylindol-3-yl)propanoic acid",82663203,,1510989-65-7,C13H16N2O2,CC1=C2C(=CC=C1)C(=CN2C)CC(C(=O)O)N
2-amino-3-(7-chloro-2-methyl-1H-indol-3-yl)propanoic acid,83760426,,1514544-41-2,C12H13ClN2O2,CC1=C(C2=C(N1)C(=CC=C2)Cl)CC(C(=O)O)N
2-amino-3-(6-chloro-2-methyl-1H-indol-3-yl)propanoic acid,83760427,,1516842-01-5,C12H13ClN2O2,CC1=C(C2=C(N1)C=C(C=C2)Cl)CC(C(=O)O)N
"2-amino-3-(1,5-dimethylindol-3-yl)propanoic acid",82663201,,1517736-72-9,C13H16N2O2,CC1=CC2=C(C=C1)N(C=C2CC(C(=O)O)N)C
2-amino-3-(6-hydroxy-2-methyl-1H-indol-3-yl)propanoic acid,82620288,,1519839-13-4,C12H14N2O3,CC1=C(C2=C(N1)C=C(C=C2)O)CC(C(=O)O)N
"2-amino-3-(1,4-dimethylindol-3-yl)propanoic acid",82663200,,1522107-91-0,C13H16N2O2,CC1=C2C(=CC=C1)N(C=C2CC(C(=O)O)N)C
2-amino-3-(4-hydroxy-1-methylindol-3-yl)propanoic acid,82663459,,1526601-25-1,C12H14N2O3,CN1C=C(C2=C1C=CC=C2O)CC(C(=O)O)N
2-amino-3-(5-hydroxy-1-methylindol-3-yl)propanoic acid,71058588,,1529566-08-2,C12H14N2O3,CN1C=C(C2=C1C=CC(=C2)O)CC(C(=O)O)N
2-amino-3-(7-bromo-1-methylindol-3-yl)propanoic acid,83763814,,1537420-69-1,C12H13BrN2O2,CN1C=C(C2=C1C(=CC=C2)Br)CC(C(=O)O)N
2-amino-3-(1H-indol-3-yl)-2-methylpropanoic acid,95438,,153-91-3,C12H14N2O2,CC(CC1=CNC2=CC=CC=C21)(C(=O)O)N
(2S)-2-amino-3-(5-methyl-1H-indol-3-yl)propanoic acid,150990,,154-06-3,C12H14N2O2,CC1=CC2=C(C=C1)NC=C2C[C@@H](C(=O)O)N
2-amino-3-(7-fluoro-1-methylindol-3-yl)propanoic acid,82663702,,1542760-24-6,C12H13FN2O2,CN1C=C(C2=C1C(=CC=C2)F)CC(C(=O)O)N
(2S)-2-amino-3-(5-phenyl-1H-indol-3-yl)propanoic acid,10880485,,161295-04-1,C17H16N2O2,C1=CC=C(C=C1)C2=CC3=C(C=C2)NC=C3C[C@@H](C(=O)O)N
(2S)-2-amino-3-(5-fluoro-1H-indol-3-yl)propanoic acid,688357,,16626-02-1,C11H11FN2O2,C1=CC2=C(C=C1F)C(=CN2)C[C@@H](C(=O)O)N
(2S)-2-amino-3-(6-methoxy-1H-indol-3-yl)propanoic acid,15408556,,16730-11-3,C12H14N2O3,COC1=CC2=C(C=C1)C(=CN2)C[C@@H](C(=O)O)N
2-amino-3-(7-methyl-1H-indol-3-yl)propanoic acid,222688,,17332-70-6,C12H14N2O2,CC1=C2C(=CC=C1)C(=CN2)CC(C(=O)O)N
2-amino-3-(6-bromo-1-methylindol-3-yl)propanoic acid,84644350,,1779389-76-2,C12H13BrN2O2,CN1C=C(C2=C1C=C(C=C2)Br)CC(C(=O)O)N
2-amino-3-(5-chloro-1-methylindol-3-yl)propanoic acid,82665251,,1779456-10-8,C12H13ClN2O2,CN1C=C(C2=C1C=CC(=C2)Cl)CC(C(=O)O)N
"2-amino-3-(7-methoxy-1,2-dimethylindol-3-yl)propanoic acid",82666344,,1779648-82-6,C14H18N2O3,CC1=C(C2=C(N1C)C(=CC=C2)OC)CC(C(=O)O)N
2-amino-3-(7-methoxy-1-methylindol-3-yl)propanoic acid,82665113,,1779657-60-1,C13H16N2O3,CN1C=C(C2=C1C(=CC=C2)OC)CC(C(=O)O)N
2-hydroxy-3-(1H-indol-3-yl)propanoic acid,92904,,1821-52-9,C11H11NO3,C1=CC=C2C(=C1)C(=CN2)CC(C(=O)O)O
2-amino-3-(6-hydroxy-1H-indol-3-yl)propanoic acid,9899317,,18749-30-9,C11H12N2O3,C1=CC2=C(C=C1O)NC=C2CC(C(=O)O)N
(2S)-2-amino-3-(6-fluoro-1H-indol-3-yl)propanoic acid,688007,,19310-00-0,C11H11FN2O2,C1=CC2=C(C=C1F)NC=C2C[C@@H](C(=O)O)N
"Tryptophan, 6-methoxy-1-methyl- (ACI)",82665112,,1379831-87-4,C13H16N2O3,O=C(O)C(N)CC1=CN(C=2C=C(OC)C=CC21)C
"Tryptophan, 5-methoxy-2,1-dimethyl- (ACI)",82666345,,1379865-04-9,C14H18N2O3,O=C(O)C(N)CC=1C=2C=C(OC)C=CC2N(C1C)C
"Tryptophan, 2,1,6-trimethyl- (ACI)",134259613,,1379882-42-4,C14H18N2O2,O=C(O)C(N)CC=1C=2C=CC(=CC2N(C1C)C)C
"Tryptophan, 7-hydroxy-1-methyl- (ACI)",82663457,,1508185-73-6,C12H14N2O3,O=C(O)C(N)CC1=CN(C=2C(O)=CC=CC12)C
"Tryptophan, 7-chloro-2,1-dimethyl- (ACI)",83762301,,1509859-84-0,C13H15ClN2O2,O=C(O)C(N)CC=1C=2C=CC=C(Cl)C2N(C1C)C
"Tryptophan, 5-bromo-2,1-dimethyl- (ACI)",83764106,,1511063-29-8,C13H15BrN2O2,O=C(O)C(N)CC=1C=2C=C(Br)C=CC2N(C1C)C
"1H-Indole-3-propanoic acid, alpha-amino-6-hydroxy-1-methyl- (ACI)",82663458,,1512169-12-8,C12H14N2O3,O=C(O)C(N)CC1=CN(C=2C=C(O)C=CC21)C
"Tryptophan, 7-bromo-2,1-dimethyl- (ACI)",83764107,,1521037-83-1,C13H15BrN2O2,O=C(O)C(N)CC=1C=2C=CC=C(Br)C2N(C1C)C
"Tryptophan, 6-chloro-2,1-dimethyl- (ACI)",83762302,,1540111-56-5,C13H15ClN2O2,O=C(O)C(N)CC=1C=2C=CC(Cl)=CC2N(C1C)C
"Tryptophan, 6-chloro-1-methyl- (ACI)",82665252,,1779647-68-5,C12H13ClN2O2,O=C(O)C(N)CC1=CN(C=2C=C(Cl)C=CC21)C
"Tryptophan, 4-chloro-1-methyl- (ACI)",122499624,,1989669-32-0,C12H13ClN2O2,O=C(O)C(N)CC1=CN(C=2C=CC=C(Cl)C21)C
"Tryptophan, 6-amino-1-methyl- (ACI)",122499647,,1989669-35-3,C12H15N3O2,O=C(O)C(N)CC1=CN(C=2C=C(N)C=CC21)C
"Tryptophan, 2,1,5-trimethyl- (ACI)",122499627,,1989670-05-4,C14H18N2O2,O=C(O)C(N)CC=1C=2C=C(C=CC2N(C1C)C)C
"Tryptophan, 2,4,1-trimethyl- (ACI)",122499571,,1989670-07-6,C14H18N2O2,O=C(O)C(N)CC=1C=2C(=CC=CC2C)N(C1C)C
"Tryptophan, 6-fluoro-2,1-dimethyl- (ACI)",122499530,,1989670-08-7,C13H15FN2O2,O=C(O)C(N)CC=1C=2C=CC(F)=CC2N(C1C)C
"Tryptophan, 7-fluoro-2,1-dimethyl- (ACI)",122499630,,1989670-09-8,C13H15FN2O2,O=C(O)C(N)CC=1C=2C=CC=C(F)C2N(C1C)C
"Tryptophan, 4-fluoro-2,1-dimethyl- (ACI)",122499537,,1989670-10-1,C13H15FN2O2,O=C(O)C(N)CC=1C=2C(F)=CC=CC2N(C1C)C
"Tryptophan, 5-chloro-2,1-dimethyl- (ACI)",122499642,,1989670-11-2,C13H15ClN2O2,O=C(O)C(N)CC=1C=2C=C(Cl)C=CC2N(C1C)C
"Tryptophan, 4-chloro-2,1-dimethyl- (ACI)",122499634,,1989670-12-3,C13H15ClN2O2,O=C(O)C(N)CC=1C=2C(Cl)=CC=CC2N(C1C)C
"Tryptophan, 6-bromo-2,1-dimethyl- (ACI)",122499666,,1989670-13-4,C13H15BrN2O2,O=C(O)C(N)CC=1C=2C=CC(Br)=CC2N(C1C)C
"Tryptophan, 4-bromo-2,1-dimethyl- (ACI)",122499566,,1989670-14-5,C13H15BrN2O2,O=C(O)C(N)CC=1C=2C(Br)=CC=CC2N(C1C)C
"Tryptophan, 4-methoxy-2,1-dimethyl- (ACI)",122499626,,1989670-16-7,C14H18N2O3,O=C(O)C(N)CC=1C=2C(OC)=CC=CC2N(C1C)C
"Tryptophan, 5-amino-2,1-dimethyl- (ACI)",122499574,,1989670-17-8,C13H17N3O2,O=C(O)C(N)CC=1C=2C=C(N)C=CC2N(C1C)C
"Tryptophan, 6-amino-2,1-dimethyl- (ACI)",134259615,,1989670-18-9,C13H17N3O2,O=C(O)C(N)CC=1C=2C=CC(N)=CC2N(C1C)C
"Tryptophan, 7-amino-2,1-dimethyl- (ACI)",122499622,,1989670-19-0,C13H17N3O2,O=C(O)C(N)CC=1C=2C=CC=C(N)C2N(C1C)C
"Tryptophan, 4-amino-2,1-dimethyl- (ACI)",134259616,,1989670-20-3,C13H17N3O2,O=C(O)C(N)CC=1C=2C(N)=CC=CC2N(C1C)C
"Tryptophan, 5-hydroxy-2,1-dimethyl- (ACI)",122499553,,1989670-21-4,C13H16N2O3,O=C(O)C(N)CC=1C=2C=C(O)C=CC2N(C1C)C
"Tryptophan, 6-hydroxy-2,1-dimethyl- (ACI)",122499589,,1989670-22-5,C13H16N2O3,O=C(O)C(N)CC=1C=2C=CC(O)=CC2N(C1C)C
"Tryptophan, 7-hydroxy-2,1-dimethyl- (ACI)",126584111,,1989670-23-6,C13H16N2O3,O=C(O)C(N)CC=1C=2C=CC=C(O)C2N(C1C)C
"Tryptophan, 4-hydroxy-2,1-dimethyl- (ACI)",122499540,,1989670-24-7,C13H16N2O3,O=C(O)C(N)CC=1C=2C(O)=CC=CC2N(C1C)C
"Tryptophan, 2,1-dimethyl-5-phenyl- (ACI)",122499554,,1989670-25-8,C19H20N2O2,O=C(O)C(N)CC=1C2=CC(=CC=C2N(C1C)C)C=3C=CC=CC3
"Tryptophan, 2,1-dimethyl-4-phenyl- (ACI)",122499469,,1989670-28-1,C19H20N2O2,O=C(O)C(N)CC=1C=2C(=CC=CC2N(C1C)C)C=3C=CC=CC3
"Tryptophan, 5-cyclopropyl-2,1-dimethyl- (ACI)",122499667,,1989670-29-2,C16H20N2O2,O=C(O)C(N)CC=1C=2C=C(C=CC2N(C1C)C)C3CC3
"Tryptophan, 4-cyclopropyl-2,1-dimethyl- (ACI)",122499552,,1989670-32-7,C16H20N2O2,O=C(O)C(N)CC=1C=2C(=CC=CC2C3CC3)N(C1C)C
"Tryptophan, 2,1-dimethyl-5-(4-morpholinyl)- (ACI)",122499653,,1989670-41-8,C17H23N3O3,O=C(O)C(N)CC=1C=2C=C(C=CC2N(C1C)C)N3CCOCC3
"Tryptophan, 2,1-dimethyl-4-(4-morpholinyl)- (ACI)",122499668,,1989670-44-1,C17H23N3O3,O=C(O)C(N)CC=1C=2C(=CC=CC2N3CCOCC3)N(C1C)C
"Tryptophan, 2,1-dimethyl-5-(methylthio)- (ACI)",122499669,,1989670-45-2,C14H18N2O2S,O=C(O)C(N)CC=1C=2C=C(SC)C=CC2N(C1C)C
"Tryptophan, 2,1-dimethyl-4-(methylthio)- (ACI)",122499645,,1989670-48-5,C14H18N2O2S,O=C(O)C(N)CC=1C=2C(SC)=CC=CC2N(C1C)C
"Tryptophan, 2,1-dimethyl-5-(4-pyridinyl)- (ACI)",126584122,,1989670-49-6,C18H19N3O2,O=C(O)C(N)CC=1C2=CC(=CC=C2N(C1C)C)C=3C=CN=CC3
4-Nitro-L-tryptophan,23250605,,639029-26-8,C11H11N3O4,O=C(O)C(N)CC1=CNC2=CC=CC(=C21)N(=O)=O
L-Tryptophan,1148,,73-22-3,C11H12N2O2,O=C(O)C(N)CC1=CNC=2C=CC=CC21
Indane,10326,,496-11-7,C9H10,C=1C=CC2=C(C1)CCC2
Propylbenzene,7668,,103-65-1,C9H12,C=1C=CC(=CC1)CCC
"Ethyl 2-(1-acetamidoethenyl)-1,3-thiazole-4-carboxylate",134867546,,479067-97-5,C10H12N2O3S,O=C(OCC)C=1N=C(SC1)C(=C)NC(=O)C
"2-Propenoic acid, 2-(benzoylamino)-, methyl ester (9CI, ACI)",11745779,,24153-31-9,C11H11NO3,O=C(OC)C(=C)NC(=O)C=1C=CC=CC1
"Phenol, 4-ethyl- (9CI, ACI)",31242,,123-07-9,C8H10O,OC1=CC=C(C=C1)CC
"Phenol, 4-ethenyl- (9CI, ACI)",62453,,2628-17-3,C8H8O,OC1=CC=C(C=C)C=C1
"Phenol, 3-ethyl- (9CI, ACI)",12101,,620-17-7,C8H10O,OC1=CC=CC(=C1)CC
"Phenol, 4-propyl- (9CI, ACI)",12580,,645-56-7,C9H12O,OC1=CC=C(C=C1)CCC
"Phenol, 4-(1-methylethyl)- (9CI, ACI)",7465,,99-89-8,C9H12O,OC1=CC=C(C=C1)C(C)C
"Cirramycin A1, 12,13-deepoxy-12,13-didehydro-20-deoxo-4-deoxy-20-hydroxy- (9CI, ACI)",3042013,,58947-83-4,C31H53NO8,O=C1OC(CC)C(C=C(C=CC(=O)C(C)CC(CCO)C(OC2OC(C)CC(N(C)C)C2O)C(C)C(O)C1)C)C
"Tylonolide, 20-deoxo-23-deoxy-5-O-[3,4,6-trideoxy-3-(dimethylamino)-beta-D-xylo-hexopyranosyl]- (9CI, ACI)",73188495,,896450-09-2,C31H53NO7,O=C1OC(CC)C(C=C(C=CC(=O)C(C)CC(CC)C(OC2OC(C)CC(N(C)C)C2O)C(C)C(O)C1)C)C
"Cirramycin A1, 12,13-deepoxy-12,13-didehydro-4-deoxy-, (12E)- (9CI, ACI)",41968,,56689-42-0,C31H51NO8,O=CCC1CC(C(=O)C=CC(=CC(C)C(OC(=O)CC(O)C(C)C1OC2OC(C)CC(N(C)C)C2O)CC)C)C
"6-Heptenoic acid, ethyl ester (6CI, 8CI, 9CI, ACI)",560341,,25118-23-4,C9H16O2,O=C(OCC)CCCCC=C
"Benzene, 1,1°‰-methylenebis- (9CI, ACI)",7580,,101-81-5,C13H12,C=1C=CC(=CC1)CC=2C=CC=CC2
"Naphthalene, 1-ethyl- (6CI, 8CI, 9CI, ACI)",14315,,1127-76-0,C12H12,C=1C=CC2=C(C1)C=CC=C2CC
"2-Naphthalenol (9CI, ACI)",8663,,135-19-3,C10H8O,OC=1C=CC=2C=CC=CC2C1
"2-Naphthalenemethanol, 7-methyl- (9CI, ACI)",23592151,,148934-60-5,C12H12O,OCC=1C=CC2=CC=C(C=C2C1)C
"[1,1°‰-Biphenyl]-4-methanol (9CI, ACI)",19186,,3597-91-9,C13H12O,OCC=1C=CC(=CC1)C=2C=CC=CC2
"Naphthalene, 2,7-dimethyl- (8CI, 9CI, ACI)",11396,,582-16-1,C12H12,C=1C=C(C=C2C=C(C=CC12)C)C
"1,1°‰-Biphenyl, 2-methyl- (9CI, ACI)",12563,,643-58-3,C13H12,C=1C=CC(=CC1)C=2C=CC=CC2C
"1,1°‰-Biphenyl, 3-methyl- (9CI, ACI)",12564,,643-93-6,C13H12,C=1C=CC(=CC1)C=2C=CC=C(C2)C
"Benzene, cyclohexyl- (8CI, 9CI, ACI)",13229,,827-52-1,C12H16,C=1C=CC(=CC1)C2CCCCC2
"Naphthalene, 1-methyl- (8CI, 9CI, ACI)",7002,,90-12-0,C11H10,C=1C=CC2=C(C1)C=CC=C2C
"1-Naphthalenol (9CI, ACI)",7005,,90-15-3,C10H8O,OC1=CC=CC=2C=CC=CC12
"Naphthalene, 2-methyl- (8CI, 9CI, ACI)",7055,,91-57-6,C11H10,C=1C=CC=2C=C(C=CC2C1)C
"1,1°‰-Biphenyl (9CI, ACI)",7095,,92-52-4,C12H10,C=1C=CC(=CC1)C=2C=CC=CC2
"1,1°‰-Biphenyl, 4-methyl- (9CI, ACI)",12566,,644-08-6,C13H12,C=1C=CC(=CC1)C=2C=CC(=CC2)C
"Naphthalene, 2-ethyl- (6CI, 8CI, 9CI, ACI)",13652,,939-27-5,C12H12,C=1C=CC=2C=C(C=CC2C1)CC
,73097470,,85416-36-0,C15H18O5,O=C(O)C1=CC2CC(C)(C)CC23C1COC(=O)C43OC4
6-Quinolinecarboxylic acid,82571,,10349-57-2,C10H7NO2,O=C(O)C1=CC=C2N=CC=CC2=C1
1H-Indole-6-carboxylic acid,595230,,1670-82-2,C9H7NO2,O=C(O)C=1C=CC=2C=CNC2C1
Indole-2-carboxylic acid,72899,,1477-50-5,C9H7NO2,O=C(O)C1=CC=2C=CC=CC2N1
2-Naphthoic acid,7123,,34216,C11H8O2,O=C(O)C=1C=CC=2C=CC=CC2C1
5-Methyl-1-naphthoic acid,13454957,,4527-60-0,C12H10O2,O=C(O)C1=CC=CC=2C1=CC=CC2C
"4-[(1E,3E)-6-(6-Methoxy-3,5-dimethyl-4-oxo-4H-pyran-2-yl)-2,4-dimethyl-1,3-hexadien-1-yl]benzonitrile (ACI)",44251056,,1190898-71-5,C23H25NO3,N#CC1=CC=C(C=C1)C=C(C=C(C)CCC=2OC(OC)=C(C(=O)C2C)C)C
"2-[(3E,5E)-6-(4-Fluorophenyl)-3,5-dimethyl-3,5-hexadien-1-yl]-6-methoxy-3,5-dimethyl-4H-pyran-4-one",44250987,,1190898-72-6,C22H25FO3,O=C1C(=C(OC(=C1C)CCC(=CC(=CC2=CC=C(F)C=C2)C)C)OC)C
"2-[(3E,5E)-6-(4-Chlorophenyl)-3,5-dimethyl-3,5-hexadien-1-yl]-6-methoxy-3,5-dimethyl-4H-pyran-4-one",44250992,,1190898-73-7,C22H25ClO3,O=C1C(=C(OC(=C1C)CCC(=CC(=CC2=CC=C(Cl)C=C2)C)C)OC)C
"2-[(3E,5E)-6-(4-Bromophenyl)-3,5-dimethyl-3,5-hexadien-1-yl]-6-methoxy-3,5-dimethyl-4H-pyran-4-one",46898045,,1190898-74-8,C22H25BrO3,O=C1C(=C(OC(=C1C)CCC(=CC(=CC2=CC=C(Br)C=C2)C)C)OC)C
"2-[(3E,5E)-6-(4-Iodophenyl)-3,5-dimethyl-3,5-hexadien-1-yl]-6-methoxy-3,5-dimethyl-4H-pyran-4-one",46910613,,1190898-75-9,C22H25IO3,O=C1C(=C(OC(=C1C)CCC(=CC(=CC2=CC=C(I)C=C2)C)C)OC)C
"2-[(3E,5E)-3,5-Dimethyl-6-(2-naphthalenyl)-3,5-hexadien-1-yl]-6-methoxy-3,5-dimethyl-4H-pyran-4-one",44251059,,1190898-76-0,C26H28O3,O=C1C(=C(OC(=C1C)CCC(=CC(=CC=2C=CC=3C=CC=CC3C2)C)C)OC)C
"6-[(3E,5E)-3,5-Dimethyl-6-(4-nitrophenyl)-3,5-hexadien-1-yl]-4-methoxy-3,5-dimethyl-2H-pyran-2-one",46910703,,1239914-04-5,C22H25NO5,O=C1OC(=C(C(OC)=C1C)C)CCC(=CC(=CC2=CC=C(C=C2)N(=O)=O)C)C
Cyclo(L-methionyl-L-methionine),6993079,,69744-12-3,C10H18N2O2S2,O=C1NC(C(=O)NC1CCSC)CCSC
Cyclo(L-Phe-L-Leu),7076347,,7280-77-5,C15H20N2O2,O=C1NC(C(=O)NC1CC=2C=CC=CC2)CC(C)C
2-Hydroxyacetophenone,8375,,118-93-4,C8H8O2,O=C(C=1C=CC=CC1O)C
"4,4°‰-Diethyl-1,1°‰-biphenyl",42292,,13049-40-6,C16H18,C=1C=C(C=CC1C=2C=CC(=CC2)CC)CC
1-Methoxynaphthalene,16668,,2216-69-5,C11H10O,O(C1=CC=CC=2C=CC=CC12)C
2-(4-Methylphenyl)pyridine,78219,,937735,C12H11N,N=1C=CC=CC1C=2C=CC(=CC2)C
2-Iodophenol,10784,,533-58-4,C6H5IO,IC=1C=CC=CC1O
4-Ethylbiphenyl,79786,,5707-44-8,C14H14,C=1C=CC(=CC1)C=2C=CC(=CC2)CC
"1,6-Dimethylnaphthalene",11328,,575-43-9,C12H12,C1=CC2=CC(=CC=C2C(=C1)C)C
"2,6-Dimethylnaphthalene",11387,,581-42-0,C12H12,C=1C=C(C=C2C=CC(=CC12)C)C
3-Bromophenol,11563,,591-20-8,C6H5BrO,BrC1=CC=CC(O)=C1
1-Phenylnaphthalene,11795,,605-02-7,C16H12,C=1C=CC(=CC1)C=2C=CC=C3C=CC=CC32
4-Methoxybiphenyl,11943,,613-37-6,C13H12O,O(C=1C=CC(=CC1)C=2C=CC=CC2)C
4-Isopropylbiphenyl,23503,,7116-95-2,C15H16,C=1C=CC(=CC1)C=2C=CC(=CC2)C(C)C
2-Bromophenol,7244,,95-56-7,C6H5BrO,BrC=1C=CC=CC1O
2-Chlorophenol,7245,,95-57-8,C6H5ClO,ClC=1C=CC=CC1O
p-Deoxy-AS 1429716,44563351,,960287-39-2,C29H42N4O6,O=C1N2[C@@](C(=O)N[C@@H](CCCCCC([C@@H](C)O)=O)C(=O)N[C@](CC)(C)C(=O)N[C@H]1CC3=CC=CC=C3)(CCC2)[H]
(-)-beta-Pinene,440967,,18172-67-3,C10H16,CC1(C)[C@]2(C[C@@]1(CCC2=C)[H])[H]
1-(tert-Butoxycarbonyl)azetidine,11205910,,147621-21-4,C8H15NO2,O=C(OC(C)(C)C)N1CCC1
1-Benzylpiperidine,76190,,2905-56-8,C12H17N,C=1C=CC(=CC1)CN2CCCCC2
1-Benzyl-2-pyrrolidinone,79176,,5291-77-0,C11H13NO,O=C1N(CC=2C=CC=CC2)CCC1
"6-Methoxy-1,2,3,4-tetrahydronaphthalene",74414,,1730-48-9,C11H14O,O(C1=CC=C2C(=C1)CCCC2)C
Phenylmethyl 1-pyrrolidinecarboxylate,10608307,,25070-74-0,C12H15NO2,O=C(OCC=1C=CC=CC1)N2CCCC2
Norbornane,9233,,279-23-2,C7H12,C1CC2CCC1C2
tert-Butyl 2-oxopiperidine-1-carboxylate,7577838,,85908-96-9,C10H17NO3,O=C(OC(C)(C)C)N1C(=O)CCCC1
Thioanisole,7520,,100-68-5,C7H8S,CSC1=CC=CC=C1
1-Chloro-4-(methylthio)benzene,31243,,123-09-1,C7H7ClS,CSC1=CC=C(C=C1)Cl
4-(Methylthio)anisole,15885,,1879-16-9,C8H10OS,COC1=CC=C(C=C1)SC
4-Fluorophenyl methyl sulfide,3083565,,371-15-3,C7H7FS,CSC1=CC=C(C=C1)F
Ethyl phenyl sulfide,12144,,622-38-8,C8H10S,CCSC1=CC=CC=C1
Methyl p-tolyl sulfide,69334,,623-13-2,C8H10S,CC1=CC=C(C=C1)SC
"2-benzyl-7-(benzyloxy)-1-methyl-9H-indolo[2,3-c]pyridin-2-ium",44633590,,,C26H23N2O+,[N+]1(C=CC2C3C=CC(=CC=3NC=2C=1C)OCC1C=CC=CC=1)CC1C=CC=CC=1
"4-[(7-methoxy-1-methylpyrido[3,4-b]indol-9-yl)methyl]benzoic acid",44815873,,,C21H18N2O3,C(O)(=O)C1C=CC(CN2C3C=C(C=CC=3C3C=CN=C(C2=3)C)OC)=CC=1
"7-methoxy-1,2-dimethyl-4,9-dihydro-3H-pyrido[3,4-b]indol-2-ium",51062664,,,C14H17N2O+,CC1=[N+](CCC2=C1NC3=C2C=CC(=C3)OC)C
"rel-1,1-Dimethylpropyl (3aR,6aS)-hexahydrocyclopenta[c]pyrrole-2(1H)-carboxylate",169897509,,1378872-15-1,C13H23NO2,O=C(OC(C)(C)CC)N1CC2CCCC2C1
Dihydro-beta-ionone,519382,,17283-81-7,C13H22O,CC1=C(C(CCC1)(C)C)CCC(=O)C
"Benzyl 5,6-dihydropyridine-1(2H)-carboxylate",11458613,,66207-23-6,C13H15NO2,C1CN(CC=C1)C(=O)OCC2=CC=CC=C2
"tert-Butyl 5,6-dihydropyridine-1(2H)-carboxylate",13094787,,85838-94-4,C10H17NO2,CC(C)(C)OC(=O)N1CCC=CC1
1-Acetylindole,68470,,576-15-8,C10H9NO,CC(=O)N1C=CC2=CC=CC=C21
Benzyl methyl sulfide,13016,,766-92-7,C8H10S,CSCC1=CC=CC=C1
Nile Red,65182,,7385-67-3,C20H18N2O2,CCN(CC)C1=CC2=C(C=C1)N=C3C4=CC=CC=C4C(=O)C=C3O2
Alpha-Naphthoflavone,11790,,604-59-1,C19H12O2,C1=CC=C(C=C1)C2=CC(=O)C3=C(O2)C4=CC=CC=C4C=C3
Methyl cyclohex-1-ene-1-carboxylate,87647,,18448-47-0,C8H12O2,COC(=O)C1=CCCCC1
Butane,7843,,106-97-8,C4H10,CCCC
Methyl cyclopent-1-ene-1-carboxylate,549129,,25662-28-6,C7H10O2,COC(=O)C1=CCCC1
1-(Phenylmethyl)pyrrolidine,122501,,29897-82-3,C11H15N,C1CCN(C1)CC2=CC=CC=C2
"Methyl cyclohexa-1,4-diene-1-carboxylate",297201,,50983-21-6,C8H10O2,COC(=O)C1=CCC=CC1
Ethane,6324,,74-84-0,C2H6,CC
P-Toluic Acid,7470,,99-94-5,C8H8O2,CC1=CC=C(C=C1)C(=O)O
Cumic acid,10820,,536-66-3,C10H12O2,CC(C)C1=CC=C(C=C1)C(=O)O
(+)-Nootkatone,1268142,,4674-50-4,C15H22O,C[C@@]12C(=CC(=O)C[C@H]1C)CC[C@@H](C(C)=C)C2
(+)-Adrenosterone,223997,,382-45-6,C19H24O3,C[C@@]12[C@@]3([C@]([C@]4([C@](C)(CC3=O)C(=O)CC4)[H])(CCC1=CC(=O)CC2)[H])[H]
"Pregn-4-ene-3,11,20-trione",94166,,516-15-4,C21H28O3,C[C@@]12[C@@]3([C@]([C@]4([C@](C)(CC3=O)[C@@H](C(C)=O)CC4)[H])(CCC1=CC(=O)CC2)[H])[H]
"Androsta-1,4-diene-3,17-dione",13472,,897-06-3,C19H24O2,C[C@@]12[C@@]3([C@]([C@]4([C@](C)(CC3)C(=O)CC4)[H])(CCC1=CC(=O)C=C2)[H])[H]
trans-3-Hydroxycinnamic acid,637541,,14755-02-3,C9H8O3,C(=C/C(O)=O)\C1=CC(O)=CC=C1
Imipramine,3696,,50-49-7,C19H24N2,C=1C=CC2=C(C1)N(C=3C=CC=CC3CC2)CCCN(C)C
4-Propylanisole,7702,,104-45-0,C10H14O,O(C1=CC=C(C=C1)CCC)C
4°‰-Methoxyacetophenone,7476,,100-06-1,C9H10O2,O=C(C1=CC=C(OC)C=C1)C
4-Bromothioanisole,66037,,104-95-0,C7H7BrS,BrC1=CC=C(SC)C=C1
"4°‰,7-Dimethoxyisoflavone",136419,,1157-39-7,C17H14O4,O=C1C(=COC2=CC(OC)=CC=C21)C=3C=CC(OC)=CC3
4-(Methylthio)benzonitrile,590960,,21382-98-9,C8H7NS,N#CC1=CC=C(SC)C=C1
"2°‰,4°‰-Dimethoxyacetophenone",70016,,829-20-9,C10H12O3,O=C(C1=CC=C(OC)C=C1OC)C
1-(4-Ethoxy-2-hydroxyphenyl)ethanone,2775163,,37470-42-1,C10H12O3,O=C(C1=CC=C(OCC)C=C1O)C
trans-Anethole,637563,,4180-23-8,C10H12O,C(=C/C)\C1=CC=C(OC)C=C1
Paeonol,11092,,552-41-0,C9H10O3,O=C(C1=CC=C(OC)C=C1O)C
(+)-Carvone,16724,,2244-16-8,C10H14O,C(C)(=C)[C@@H]1CC(=O)C(C)=CC1
Ethyl diazoacetate,12192,,623-73-4,C4H6N2O2,[N-]=[N+]=CC(=O)OCC
trans-3-Hexene,638066,,13269-52-8,C6H12,C(=C/CC)\CC
"2-Diazo-N,N-diethylacetamide",54502084,,6112-00-1,C6H11N3O,[N-]=[N+]=CC(=O)N(CC)CC
Ethyl 2-diazopropanoate,53440922,,6111-99-5,C5H8N2O2,[N-]=[N+]=C(C(=O)OCC)C
(-)-Parthenolide,6473881,,20554-84-1,C15H20O3,[H][C@@]12[C@@]3([C@@](CC/C(/C)=C\CC[C@@]1(C)O2)(C(=C)C(=O)O3)[H])[H]
11-Keto-beta-boswellic acid,9847548,,17019-92-0,C30H46O4,C[C@]12[C@@]([C@]3(C)[C@@](CC1)([C@](C(O)=O)(C)[C@H](O)CC3)[H])(C(=O)C=C4[C@@]2(C)CC[C@]5(C)[C@]4([C@@H](C)[C@H](C)CC5)[H])[H]
(+)-exo-beta-bergamotene,12300069,,15438-94-5,C15H24,C(CC=C(C)C)[C@@]1([C@H]2CCC([C@@H]1C2)=C)C
Cordycol,71519647,,1425793-07-2,C15H24O2,C[C@]1([C@@H](CC=C(C)C)O1)[C@@]2(C(=C)CC[C@@H](O)C2)[H]
"Isopimara-8,15-diene",13783133,,6697-24-1,C20H32,C[C@@]12C3=C(C[C@](C=C)(C)CC3)CC[C@]1(C(C)(C)CCC2)[H]
"(1R,3aR,7aR)-1-[(1R)-1,5-Dimethylhexyl]octahydro-7a-methyl-4H-inden-4-one",10587733,,66251-18-1,C18H32O,C[C@@]12[C@@]([C@@H](CCCC(C)C)C)(CC[C@]1(C(=O)CCC2)[H])[H]
Lidocaine,3676,,137-58-6,C14H22N2O,O=C(NC=1C(=CC=CC1C)C)CN(CC)CC
Chlorzoxazone,2733,,95-25-0,C7H4ClNO2,O=C1OC2=CC=C(Cl)C=C2N1
"3,5-Dimethoxybenzoic acid",14332,,1132-21-4,C9H10O4,O=C(O)C=1C=C(OC)C=C(OC)C1
4-Methoxysalicylic acid,75231,,2237-36-7,C8H8O4,O=C(O)C1=CC=C(OC)C=C1O
"1,2alpha-Methylene-6-chloro-17alpha-acetoxy-4,6-pregnadiene-3,20-dione",9880,,427-51-0,C24H29ClO4,C[C@]12[C@@]3([C@@](C3)(C(=O)C=C1C(Cl)=C[C@@]4([C@@]2(CC[C@@]5(C)[C@]4(CC[C@]5(OC(C)=O)C(C)=O)[H])[H])[H])[H])[H]
6-Methoxynicotinic acid,592499,,66572-55-2,C7H7NO3,O=C(O)C1=CN=C(OC)C=C1
"2,4-Dimethoxybenzoic acid",7052,,91-52-1,C9H10O4,O=C(O)C1=CC=C(OC)C=C1OC
"1,3-Benzodioxole-5-carboxylic acid",7196,,94-53-1,C8H6O4,O=C(O)C1=CC=C2OCOC2=C1
"11beta-Hydroxyandrost-4-ene-3,17-dione",94141,,382-44-5,C19H26O3,C[C@@]12[C@@]3([C@]([C@]4([C@](C)(C[C@@H]3O)C(=O)CC4)[H])(CCC1=CC(=O)CC2)[H])[H]
Prednisolone,5755,,50-24-8,C21H28O5,C[C@@]12[C@]([C@]3([C@@]([C@]4(C)C(CC3)=CC(=O)C=C4)([C@@H](O)C1)[H])[H])(CC[C@@]2(C(CO)=O)O)[H]
Dexamethasone,5743,,18296,C22H29FO5,C[C@@H]1C[C@H]2[C@@H]3CCC4=CC(=O)C=C[C@@]4([C@]3([C@H](C[C@@]2([C@]1(C(=O)CO)O)C)O)F)C
"1-Methoxy-1,2,3,4-tetrahydronaphthalene",582638,,1008-18-0,C11H14O,COC1CCCC2=CC=CC=C12
Pimelic acid,385,,111-16-0,C7H12O4,C(CCC(=O)O)CCC(=O)O
6-Heptenoic acid,70705,,1119-60-4,C7H12O2,C=CCCCCC(=O)O
Undecylenic acid,5634,,112-38-9,C11H20O2,C=CCCCCCCCCC(=O)O
Azelaic acid,2266,,123-99-9,C9H16O4,C(CCCC(=O)O)CCCC(=O)O
9-Decenoic acid,61743,,14436-32-9,C10H18O2,C=CCCCCCCCC(=O)O
5-Hexenoic acid,15308,,1577-22-6,C6H10O2,C=CCCCC(=O)O
14-Pentadecenoic acid,543854,,17351-34-7,C15H28O2,C=CCCCCCCCCCCCCC(=O)O
7-Octenoic acid,543977,,18719-24-9,C8H14O2,C=CCCCCCC(=O)O
8-Nonenoic acid,35860,,31642-67-8,C9H16O2,C=CCCCCCCC(=O)O
5-Methoxy-1-tetralone,36620,,33892-75-0,C11H12O2,COC1=CC=CC2=C1CCCC2=O
Suberic acid,10457,,505-48-6,C8H14O4,C(CCCC(=O)O)CCC(=O)O
12-Tridecenoic acid,5282737,,6006-06-0,C13H24O2,C=CCCCCCCCCCCC(=O)O
16-Heptadecenoic acid,152958,,65119-97-3,C17H32O2,C=CCCCCCCCCCCCCCCC(=O)O
11-Dodecenoic acid,125207,,65423-25-8,C12H22O2,C=CCCCCCCCCCC(=O)O
4-Iodoanisole,69676,,696-62-8,C7H7IO,COC1=CC=C(C=C1)I
6-Methoxy-1-tetralone,14112,,1078-19-9,C11H12O2,COC1=CC2=C(C=C1)C(=O)CCC2
7-Methoxy-1-tetralone,81276,,6836-19-7,C11H12O2,COC1=CC2=C(CCCC2=O)C=C1
"5,8-Dimethoxy-1-tetralone",70546,,1015-55-0,C12H14O3,COC1=C2CCCC(=O)C2=C(C=C1)OC
p-Coumaric acid,322,,7400-08-0,C9H8O3,C1=CC(=CC=C1C=CC(=O)O)O
"[(2E)-3,7-dimethylocta-2,6-dienyl] phosphono hydrogen phosphate",445995,,763-10-0,C10H20O7P2,CC(=CCC/C(=C/COP(=O)(O)OP(=O)(O)O)/C)C
"1-[(3,4-dimethoxyphenyl)methyl]-6,7-dimethoxyisoquinoline",4680,,58-74-2,C20H21NO4,COC1=C(C=C(C=C1)CC2=NC=CC3=CC(=C(C=C32)OC)OC)OC
"(3S,8aS)-3-(1H-indol-3-ylmethyl)-2,3,6,7,8,8a-hexahydropyrrolo[1,2-a]pyrazine-1,4-dione",181567,,38136-70-8,C16H17N3O2,C1C[C@H]2C(=O)N[C@H](C(=O)N2C1)CC3=CNC4=CC=CC=C43
"(3S,6S)-3-[(2S)-butan-2-yl]-6-(1H-indol-3-ylmethyl)piperazine-2,5-dione",171116541,,246226-00-6,C17H21N3O2,CC[C@H](C)[C@H]1C(=O)N[C@H](C(=O)N1)CC2=CNC3=CC=CC=C32
"(3R,8aR)-3-(1H-indol-3-ylmethyl)-2,3,6,7,8,8a-hexahydropyrrolo[1,2-a]pyrazine-1,4-dione",36688661,,41222-71-3,C16H17N3O2,C1C[C@@H]2C(=O)N[C@@H](C(=O)N2C1)CC3=CNC4=CC=CC=C43
"(3R,8aS)-3-(1H-indol-3-ylmethyl)-2,3,6,7,8,8a-hexahydropyrrolo[1,2-a]pyrazine-1,4-dione",11659211,,509078-49-3,C16H17N3O2,C1C[C@H]2C(=O)N[C@@H](C(=O)N2C1)CC3=CNC4=CC=CC=C43
2-chloroethylbenzene,231496,,622-24-2,C8H9Cl,C1=CC=C(C=C1)CCCl
1-(2-chloroethyl)-4-fluorobenzene,67622,,332-43-4,C8H8ClF,C1=CC(=CC=C1CCCl)F
1-(2-chloroethyl)-3-methylbenzene,21760959,,39199-36-5,C9H11Cl,CC1=CC(=CC=C1)CCCl
2-bromoethylbenzene,7666,,103-63-9,C8H9Br,C1=CC=C(C=C1)CCBr
1-(2-bromoethyl)-4-methylbenzene,570680,,6529-51-7,C9H11Br,CC1=CC=C(C=C1)CCBr
1-(2-bromoethyl)-3-methylbenzene,570684,,16799-08-9,C9H11Br,CC1=CC(=CC=C1)CCBr
1-bromo-3-(2-chloroethyl)benzene,14361217,,98545-55-2,C8H8BrCl,C1=CC(=CC(=C1)Br)CCCl
1-(2-bromoethyl)-4-fluorobenzene,573153,,332-42-3,C8H8BrF,C1=CC(=CC=C1CCBr)F
1-(2-bromoethyl)-4-chlorobenzene,23029,,6529-53-9,C8H8BrCl,C1=CC(=CC=C1CCBr)Cl
1-bromo-3-(2-bromoethyl)benzene,14361216,,40422-70-6,C8H8Br2,C1=CC(=CC(=C1)Br)CCBr
1-(2-chloroethyl)-4-methylbenzene,271894,,32327-68-7,C9H11Cl,CC1=CC=C(C=C1)CCCl
"(5R)-3,5-diethyl-4-hydroxy-5-[(1E)-2-methylbuta-1,3-dienyl]-2,5-dihydrothiophen-2-one",135754258,,85263-97-4,C13H18O2S,O=C1C(CC)=C([C@@](CC)(/C=C(/C=C)\C)S1)O
"(1R,4R)-1,7,7-trimethylbicyclo[2.2.1]heptane-2-thione",1714210,,53402-10-1,C10H16S,C[C@@]12C(C)(C)[C@@](CC1=S)(CC2)[H]
Thiocamphor,5446,,7519-74-6,C10H16S,CC1(C2CCC1(C(=S)C2)C)C
Bornane,92108,,464-15-3,C10H18,CC1(C2CCC1(CC2)C)C
"1,3,3-trimethylbicyclo[2.2.2]octane",15775266,,,C11H20,CC1(CC2(CCC1CC2)C)C
"(1S,5S)-2,6,6-trimethylbicyclo[3.1.1]hept-2-ene",440968,,7785-26-4,C10H16,CC1=CC[C@H]2C[C@@H]1C2(C)C
1-methoxy-3-methylbenzene,7530,,100-84-5,C8H10O,CC1=CC(=CC=C1)OC
"(1R,3aS,5aR,5bR,7aR,9S,11aR,11bR,13aR,13bR)-9-hydroxy-5a,5b,8,8,11a-pentamethyl-1-prop-1-en-2-yl-1,2,3,4,5,6,7,7a,9,10,11,11b,12,13,13a,13b-hexadecahydrocyclopenta[a]chrysene-3a-carboxylic acid",64971,,472-15-1,C30H48O3,CC(=C)[C@@H]1CC[C@]2([C@H]1[C@H]3CC[C@@H]4[C@]5(CC[C@@H](C([C@@H]5CC[C@]4([C@@]3(CC2)C)C)(C)C)O)C)C(=O)O
"(4R)-4-[(3R,5S,7R,8R,9S,10S,12S,13R,14S,17R)-3,7,12-trihydroxy-10,13-dimethyl-2,3,4,5,6,7,8,9,11,12,14,15,16,17-tetradecahydro-1H-cyclopenta[a]phenanthren-17-yl]pentanoic acid",221493,,81-25-4,C24H40O5,C[C@H](CCC(=O)O)[C@H]1CC[C@@H]2[C@@]1([C@H](C[C@H]3[C@H]2[C@@H](C[C@H]4[C@@]3(CC[C@H](C4)O)C)O)O)C
pentadecanoic acid,13849,,1002-84-2,C15H30O2,CCCCCCCCCCCCCCC(=O)O
"methyl (1R,3R,4R,5R,7R,9R,11S,12S,13S)-5-(6-aminopurin-9-yl)-1,4,12-trihydroxy-13-[(E)-2-methylbut-2-enoyl]oxy-2,6,10-trioxatricyclo[7.4.0.03,7]tridecane-11-carboxylate",76317500,,1569269-02-8,C22H27N5O10,C/C=C(\C)/C(=O)O[C@H]1[C@@H]([C@H](O[C@H]2[C@]1(O[C@H]3[C@@H](C2)O[C@H]([C@@H]3O)N4C=NC5=C(N=CN=C54)N)O)C(=O)OC)O
"methyl (1R,3S,4R,5R,7R,9R,11S,12S,13S)-5-(6-aminopurin-9-yl)-1,12-dihydroxy-4-methoxy-13-[(E)-2-methylbut-2-enoyl]oxy-2,6,10-trioxatricyclo[7.4.0.03,7]tridecane-11-carboxylate",6440493,,72283-61-5,C23H29N5O10,C/C=C(\C)/C(=O)O[C@H]1[C@@H]([C@H](O[C@H]2[C@]1(O[C@H]3[C@@H](C2)O[C@H]([C@@H]3OC)N4C=NC5=C(N=CN=C54)N)O)C(=O)OC)O
(2S)-2-amino-3-(7-methyl-1H-indol-3-yl)propanoic acid,13734062,,33468-36-9,C12H14N2O2,CC1=C2C(=CC=C1)C(=CN2)C[C@@H](C(=O)O)N
"(1R,2R,3R,5S,8R)-2,7,7-trimethyl-6-methylidenetricyclo[6.2.1.01,5]undecan-3-ol",101306903,,28102-79-6,C15H24O,C[C@H]1[C@@H](C[C@H]2[C@]13CC[C@H](C3)C(C2=C)(C)C)O
"(1R,4S,5R,9S,10R,13S)-5,9,13-trimethyl-14-oxotetracyclo[11.2.1.01,10.04,9]hexadecane-5-carboxylic acid",99514,,27975-19-5,C20H30O3,C[C@]12CC[C@H]3[C@@]4(CCC[C@@]([C@H]4CC[C@@]3(C1)CC2=O)(C)C(=O)O)C
"(1R,4S,5R,9S,10R,13S)-13-hydroxy-5,9-dimethyl-14-methylidenetetracyclo[11.2.1.01,10.04,9]hexadecane-5-carboxylic acid",452967,,471-80-7,C20H30O3,C[C@@]12CCC[C@@]([C@H]1CC[C@]34[C@H]2CC[C@](C3)(C(=C)C4)O)(C)C(=O)O
"(1S,4S,5R,9S,10S,13S)-13-hydroxy-5,9-dimethyl-14-methylidene-2-oxotetracyclo[11.2.1.01,10.04,9]hexadecane-5-carboxylic acid",102272667,,932042-42-7,C20H28O4,C[C@@]12CCC[C@@]([C@H]1CC(=O)[C@]34[C@H]2CC[C@](C3)(C(=C)C4)O)(C)C(=O)O
undecan-2-one,8163,,112-12-9,C11H22O,CCCCCCCCCC(=O)C
cyclohexyl 2-methylpropanoate,70792,,1129-47-1,C10H18O2,CC(C)C(=O)OC1CCCCC1
11-oxabicyclo[5.3.1]undecan-1-ol,101481901,,1192431-30-3,C10H18O2,C1CCC2CCCC(O2)(CC1)O
methyl 2-cyclohexylacetate,139743,,14352-61-5,C9H16O2,COC(=O)CC1CCCCC1
cyclodecanone,73918,,1502-06-3,C10H18O,C1CCCCC(=O)CCCC1
"3,7-dimethyloct-6-enyl acetate",9017,,150-84-5,C12H22O2,CC(CCC=C(C)C)CCOC(=O)C
cyclohexyl butanoate,243783,,1551-44-6,C10H18O2,CCCC(=O)OC1CCCCC1
cyclododecanol,15595,,1724-39-6,C12H24O,C1CCCCCC(CCCCC1)O
cyclodecane,9267,,293-96-9,C10H20,C1CCCCCCCCC1
cyclododecane,9268,,294-62-2,C12H24,C1CCCCCCCCCCC1
cyclononanone,76877,,3350-30-9,C9H16O,C1CCCCC(=O)CCC1
cyclopentadecanone,10409,,502-72-7,C15H28O,C1CCCCCCCC(=O)CCCCCC1
ethyl 2-cyclohexylacetate,21595,,5452-75-5,C10H18O2,CCOC(=O)CC1CCCCC1
"2,3-Oxidosqualene",5366020,,7200-26-2,C30H50O,CC(=CCC/C(=C/CC/C(=C/CC/C=C(\C)/CC/C=C(\C)/CCC1C(O1)(C)C)/C)/C)C
cyclooctyl acetate,69877,,772-60-1,C10H18O2,CC(=O)OC1CCCCCCC1
nonan-2-one,13187,,821-55-6,C9H18O,CCCCCCCC(=O)C
cyclododecanone,13246,,830-13-7,C12H22O,C1CCCCCC(=O)CCCCC1
cycloundecanone,13420,,878-13-7,C11H20O,C1CCCCCC(=O)CCCC1
cyclooctyl 2-methylpropanoate,13230644,,91165-04-7,C12H22O2,CC(C)C(=O)OC1CCCCCCC1
heptanoic acid,8094,,111-14-8,C7H14O2,CCCCCCC(=O)O
Undecanoic Acid,8180,,112-37-8,C11H22O2,CCCCCCCCCCC(=O)O
tridecanoic acid,12530,,638-53-9,C13H26O2,CCCCCCCCCCCCC(=O)O
"2-[(1R,4aR,4bS,8aS,10aS)-2,4b,8,8,10a-pentamethyl-4,4a,5,6,7,8a,9,10-octahydro-1H-phenanthren-1-yl]acetic acid",140229623,,2365497-46-5,C21H34O2,CC1=CC[C@@H]2[C@]3(CCCC([C@@H]3CC[C@]2([C@@H]1CC(=O)O)C)(C)C)C
"(1R,2R,4aS,8aS)-1-[(3R)-3-hydroxy-3-methylpent-4-enyl]-2,5,5,8a-tetramethyl-3,4,4a,6,7,8-hexahydro-1H-naphthalen-2-ol",163263,,515-03-7,C20H36O2,C[C@]12CCCC([C@@H]1CC[C@@]([C@@H]2CC[C@](C)(C=C)O)(C)O)(C)C
"(4aR,5S)-3,8-dimethyl-5-propan-2-yl-4a,5,6,7-tetrahydro-1H-naphthalen-2-one",145714661,,1686124-41-3,C15H22O,CC1=C2CC(=O)C(=C[C@H]2[C@@H](CC1)C(C)C)C
"(1S,4aR,5S)-1-hydroxy-3,8-dimethyl-5-propan-2-yl-4a,5,6,7-tetrahydro-1H-naphthalen-2-one",139598322,,2242905-93-5,C15H22O2,CC1=C2[C@@H](C=C(C(=O)[C@H]2O)C)[C@@H](CC1)C(C)C
"10-methyl-7-propan-2-yl-2-oxatricyclo[6.3.1.04,12]dodeca-1(11),3,8(12),9-tetraene",50937011,,934015-69-7,C15H18O,CC1=CC2=C3C(=COC3=C1)CCC2C(C)C
"3,4-bis(1H-indol-3-yl)-1H-pyrrole-2,5-dicarboxylic acid",11326613,,150044-68-1,C22H15N3O4,C1=CC=C2C(=C1)C(=CN2)C3=C(NC(=C3C4=CNC5=CC=CC=C54)C(=O)O)C(=O)O
(2S)-2-amino-3-(5-methoxy-1H-indol-3-yl)propanoic acid,151018,,25197-96-0,C12H14N2O3,COC1=CC2=C(C=C1)NC=C2C[C@@H](C(=O)O)N
(2S)-2-amino-3-(6-methyl-1H-indol-3-yl)propanoic acid,164910,,33468-34-7,C12H14N2O2,CC1=CC2=C(C=C1)C(=CN2)C[C@@H](C(=O)O)N
"(12S)-12-methoxy-8,12-dimethyl-13-[(E)-2-phenylethenyl]-8,11,13-triazatetracyclo[7.7.0.02,7.011,15]hexadeca-1(9),2,4,6,15-pentaene-10,14-dione",156580848,,2577417-09-3,C24H21N3O3,C[C@@]1(N(C(=O)C2=CC3=C(C(=O)N21)N(C4=CC=CC=C43)C)/C=C/C5=CC=CC=C5)OC
"(4R)-4-[(3R,5R,8R,9S,10S,12S,13R,14S,17R)-3,12-dihydroxy-10,13-dimethyl-2,3,4,5,6,7,8,9,11,12,14,15,16,17-tetradecahydro-1H-cyclopenta[a]phenanthren-17-yl]pentanoic acid",222528,,83-44-3,C24H40O4,C[C@H](CCC(=O)O)[C@H]1CC[C@@H]2[C@@]1([C@H](C[C@H]3[C@H]2CC[C@H]4[C@@]3(CC[C@H](C4)O)C)O)C
Mogroside V,24721270,,88901-36-4,C60H102O29,C[C@H](CC[C@H](C(C)(C)O)O[C@H]1[C@@H]([C@H]([C@@H]([C@H](O1)CO[C@H]2[C@@H]([C@H]([C@@H]([C@H](O2)CO)O)O)O)O)O)O[C@H]3[C@@H]([C@H]([C@@H]([C@H](O3)CO)O)O)O)[C@H]4CC[C@@]5([C@@]4(C[C@H]([C@@]6([C@H]5CC=C7[C@H]6CC[C@@H](C7(C)C)O[C@H]8[C@@H]([C@H]([C@@H]([C@H](O8)CO[C@H]9[C@@H]([C@H]([C@@H]([C@H](O9)CO)O)O)O)O)O)O)C)O)C)C
1-chloro-4-ethylbenzene,69330,,622-98-0,C8H9Cl,CCC1=CC=C(C=C1)Cl
1-fluoro-4-prop-2-enylbenzene,11147749,,1737-16-2,C9H9F,C=CCC1=CC=C(C=C1)F
1-methyl-2-prop-2-enylbenzene,15317,,1587-04-8,C10H12,CC1=CC=CC=C1CC=C
1-bromo-3-ethylbenzene,123170,,2725-82-8,C8H9Br,CCC1=CC(=CC=C1)Br
1-(2-chloroethyl)-4-methoxybenzene,87513,,18217-00-0,C9H11ClO,COC1=CC=C(C=C1)CCCl
1-ethyl-3-methylbenzene,12100,,620-14-4,C9H12,CCC1=CC=CC(=C1)C
1-methyl-4-prop-2-enylbenzene,76851,,3333-13-9,C10H12,CC1=CC=C(C=C1)CC=C
1-methyl-3-prop-2-enylbenzene,523709,,3333-20-8,C10H12,CC1=CC(=CC=C1)CC=C
1-ethyl-4-methylbenzene,12160,,622-96-8,C9H12,CCC1=CC=C(C=C1)C
1-chloro-4-(2-chloroethyl)benzene,3790359,,32327-70-1,C8H8Cl2,C1=CC(=CC=C1CCCl)Cl
"4-N-(6-methoxyquinolin-8-yl)pentane-1,4-diamine",4908,,90-34-6,C15H21N3O,CC(CCCN)NC1=C2C(=CC(=C1)OC)C=CC=N2
"5,7-dibromo-1H-indole-3-carbonitrile",171935627,,1360890-83-0,C9H4Br2N2,C1=C(C=C(C2=C1C(=CN2)C#N)Br)Br
3-nitrobenzo[b]phenalen-7-one,2825690,,17117-34-9,C17H9NO3,C1=CC=C2C(=C1)C3=C4C(=C(C=C3)[N+](=O)[O-])C=CC=C4C2=O
"8-methoxy-6-nitronaphtho[2,1-g][1,3]benzodioxole-5-carboxylic acid",2236,,313-67-7,C17H11NO7,COC1=CC=CC2=C3C(=C(C=C21)[N+](=O)[O-])C(=CC4=C3OCO4)C(=O)O
5-(3-methoxyphenyl)pentanoic acid,10584485,,6500-64-7,C12H16O3,COC1=CC=CC(=C1)CCCCC(=O)O
12-[(2-methylpropan-2-yl)oxycarbonylamino]dodecanoic acid,4428132,,18934-81-1,C17H33NO4,CC(C)(C)OC(=O)NCCCCCCCCCCCC(=O)O
12-hydroxydodecanoic acid,79034,,505-95-3,C12H24O3,C(CCCCCC(=O)O)CCCCCO
11-bromoundecanoic acid,17812,,341259,C11H21BrO2,C(CCCCCBr)CCCCC(=O)O
5-(4-chlorophenyl)pentanoic acid,12070839,,161725-12-8,C11H13ClO2,C1=CC(=CC=C1CCCCC(=O)O)Cl
5-(4-fluorophenyl)pentanoic acid,2734670,,24484-22-8,C11H13FO2,C1=CC(=CC=C1CCCCC(=O)O)F
5-(4-methoxyphenyl)pentanoic acid,344501,,2048376,C12H16O3,COC1=CC=C(C=C1)CCCCC(=O)O
3-cyclopentylpropanoic acid,8818,,140-77-2,C8H14O2,C1CCC(C1)CCC(=O)O
octadec-9-ynoic acid,68167,,506-24-1,C18H32O2,CCCCCCCCC#CCCCCCCCC(=O)O
5-(2-methoxyphenyl)pentanoic acid,25050817,,408308-07-6,C12H16O3,COC1=CC=CC=C1CCCCC(=O)O
undec-10-ynoic acid,31039,,2777-65-3,C11H18O2,C#CCCCCCCCCC(=O)O
6-(4-methoxycarbonylphenyl)hexanoic acid,67163557,,1051473-19-8,C14H18O4,COC(=O)C1=CC=C(C=C1)CCCCCC(=O)O
11-cyanoundecanoic acid,79879,,5810-18-4,C12H21NO2,C(CCCCCC(=O)O)CCCCC#N
"(9Z,12Z)-octadeca-9,12-dienoic acid",5280450,,60-33-3,C18H32O2,CCCCC/C=C\C/C=C\CCCCCCCC(=O)O
6-phenylhexanoic acid,79695,,5581-75-9,C12H16O2,C1=CC=C(C=C1)CCCCCC(=O)O
8-methoxy-8-oxooctanoic acid,554191,,3946-32-5,C9H16O4,COC(=O)CCCCCCC(=O)O
5-(furan-2-yl)pentanoic acid,12594357,,30336-13-1,C9H12O3,C1=COC(=C1)CCCCC(=O)O
5-pyrrol-1-ylpentanoic acid,10103530,,145511-35-9,C9H13NO2,C1=CN(C=C1)CCCCC(=O)O
1-chloro-4-ethenylbenzene,14085,,1073-67-2,C8H7Cl,C=CC1=CC=C(C=C1)Cl
1-ethenyl-4-(trifluoromethyl)benzene,2782798,,402-50-6,C9H7F3,C=CC1=CC=C(C=C1)C(F)(F)F
1-ethenyl-4-methylbenzene,12161,,622-97-9,C9H10,CC1=CC=C(C=C1)C=C
(2S)-2-[[(2S)-2-[[(2S)-2-amino-3-(4-hydroxyphenyl)propanoyl]amino]-4-methylpentanoyl]amino]-3-(1H-imidazol-5-yl)propanoic acid,145458691,,163217-38-7,C21H29N5O5,CC(C)C[C@@H](C(=O)N[C@@H](CC1=CN=CN1)C(=O)O)NC(=O)[C@H](CC2=CC=C(C=C2)O)N
(2S)-2-[[(2S)-2-[[(2S)-2-[[(2S)-2-[[(2S)-2-aminohexanoyl]amino]-5-(diaminomethylideneamino)pentanoyl]amino]-3-(4-hydroxyphenyl)propanoyl]amino]-4-methylpentanoyl]amino]-3-(1H-imidazol-5-yl)propanoic acid,175670629,,2951913-14-5,C33H52N10O7,CCCC[C@@H](C(=O)N[C@@H](CCCN=C(N)N)C(=O)N[C@@H](CC1=CC=C(C=C1)O)C(=O)N[C@@H](CC(C)C)C(=O)N[C@@H](CC2=CN=CN2)C(=O)O)N
(2S)-2-[[(2S)-2-[[(2S)-2-[[(2S)-2-[[(2S)-2-amino-4-methylsulfanylbutanoyl]amino]-5-(diaminomethylideneamino)pentanoyl]amino]-3-(4-hydroxyphenyl)propanoyl]amino]-4-methylpentanoyl]amino]-3-(1H-imidazol-5-yl)propanoic acid,169501713,,2951912-71-1,C32H50N10O7S,[C@@H](CC1=CC=C(O)C=C1)(NC([C@@H](NC([C@H](CCSC)N)=O)CCCNC(=N)N)=O)C(N[C@H](C(N[C@@H](CC2=CN=CN2)C(O)=O)=O)CC(C)C)=O
4-hydroxy-3-methoxybenzaldehyde,1183,,121-33-5,C8H8O3,COC1=C(C=CC(=C1)C=O)O
"1,2-dihydroacenaphthylene",6734,,83-32-9,C12H10,C1CC2=CC=CC3=C2C1=CC=C3
9H-fluorene,6853,,86-73-7,C13H10,C1C2=CC=CC=C2C3=CC=CC=C31
naphthalene,931,,91-20-3,C10H8,C1=CC=C2C=CC=CC2=C1
all-trans-4-hydroxyretinoate,123132024,,,C20H27O3-,CC1=C(C(CCC1O)(C)C)/C=C/C(=C/C=C/C(=C/C(=O)[O-])/C)/C
"4-Hydroxy-all-trans-13,14-dihydroretinoate",168007560,,,C20H29O3-,CC1=C(C(CCC1O)(C)C)/C=C/C(=C/C=C/C(C)CC(=O)[O-])/C
"All-trans-13,14-dihydroretinoate",166451858,,,C20H29O2-,CC1=C(C(CCC1)(C)C)/C=C/C(=C/C=C/C(C)CC(=O)[O-])/C
Lauryl Alcohol,8193,,112-53-8,C12H26O,CCCCCCCCCCCCO
9-cis-Retinoate,7364357,,,C20H27O2-,CC1=C(C(CCC1)(C)C)/C=C/C(=C\C=C\C(=C\C(=O)[O-])\C)/C
9-cis-4-Hydroxyretinoate,131953103,,,C20H27O3-,CC1=C(C(CCC1O)(C)C)/C=C/C(=C\C=C\C(=C\C(=O)[O-])\C)/C
19-Hydroxydeoxycorticosterone,164961,,2394-23-2,C21H30O4,C[C@]12CC[C@H]3[C@H]([C@@H]1CC[C@@H]2C(=O)CO)CCC4=CC(=O)CC[C@]34CO
5-methylorsellinate,145944461,,,C9H9O4-,CC1=C(C=C(C(=C1C)C(=O)O)O)[O-]
"4,6-dihydroxy-2-(hydroxymethyl)-3-methylbenzoate",155486812,,,C9H9O5-,CC1=C(C=C(C(=C1CO)C(=O)O)O)[O-]
"(15S)-hydroperoxy-(5Z,8Z,11Z,13E,17Z)-eicosapentaenoate",168007615,,,C20H29O4-,CCC=CCC(C=CC=CCC=CCC=CCCCC(=O)[O-])OO
"(9Z,12Z,15Z)-octadecatrienoate",5280934,,,C18H30O2,CCC=CCC=CCC=CCCCCCCCC(=O)O
"(11Z,14Z)-eicosadienoate",40846588,,,C20H35O2-,CCCCCC=CCC=CCCCCCCCCCC(=O)[O-]
"(11Z,14Z,17Z)-eicosatrienoate",40488835,,,C20H33O2-,CCC=CCC=CCC=CCCCCCCCCCC(=O)[O-]
"(12R,13S)-epoxy-(9Z)-octadecenoate",51399535,,,C18H31O3-,CCCCCC1C(O1)CC=CCCCCCCCC(=O)[O-]
"(8E,10R,12Z)-10-hydroperoxyoctadeca-8,12-dienoate",56927724,,,C18H31O4-,CCCCCC=CCC(C=CCCCCCCC(=O)[O-])OO
"(10R)-hydroperoxy-(8E,12Z,15Z)-octadecatrienoate",168007577,,,C18H29O4-,CCC=CCC=CCC(C=CCCCCCCC(=O)[O-])OO
"12-hydroperoxy-(10E,14Z)-eicosadienoate",168007575,,,C20H35O4-,CCCCCC=CCC(C=CCCCCCCCCC(=O)[O-])OO
"12-hydroperoxy-(10E,14Z,17Z)-eicosatrienoate",168007625,,,C20H33O4-,CCC=CCC=CCC(C=CCCCCCCCCC(=O)[O-])OO
"(13R)-hydroperoxy-(9Z,11E)-octadecadienoate",122391287,,,C18H31O4-,CCCCCC(C=CC=CCCCCCCCC(=O)[O-])OO
an omega-methyl-medium-chain fatty acid,166451895,,,C2H5O2-,C.C(=O)[O-]
decanoate,4678093,,,C10H19O2-,CCCCCCCCCC(=O)[O-]
"(9S)-hydroperoxy-(10E,12Z,15Z)-octadecatrienoate",49852426,,,C18H29O4-,CCC=CCC=CC=CC(CCCCCCCC(=O)[O-])OO
"(8R,9Z,12Z)-8-hydroperoxyoctadeca-9,12-dienoate",6438758,,,C18H32O4,CCCCCC=CCC=CC(CCCCCCC(=O)O)OO
"2,22-dideoxyecdysone",14017685,,,C27H44O4,CC(CCCC(C)(C)O)C1CCC2(C1(CCC3C2=CC(=O)C4C3(CCC(C4)O)C)C)O
primary fluorescent chlorophyll catabolite,91819909,,,C35H39N4O7-,CCC1=C(NC(=C1C)C=O)CC2=C(C3=C(N2)/C(=C\4/[C@H]([C@@H](C(=N4)CC5C(=C(C(=O)N5)C=C)C)C)CCC(=O)[O-])/[C@H](C3=O)C(=O)OC)C
2-deoxyecdysone,13939876,,,C27H44O5,CC(C1CCC2(C1(CCC3C2=CC(=O)C4C3(CCC(C4)O)C)C)O)C(CCC(C)(C)O)O
"2,22,25-trideoxyecdysone",15942885,,,C27H44O3,CC(C)CCCC(C)C1CCC2(C1(CCC3C2=CC(=O)C4C3(CCC(C4)O)C)C)O
(-)-longiborneol,162623237,,,C15H26O,CC1(CCCC2(C3C1C(C2(CC3)C)O)C)C
(-)-casbene,5316105,,,C20H32,CC1=CCCC(=CC2C(C2(C)C)CCC(=CCC1)C)C
8-hydroxycasbene,154824254,,,C20H32O,C/C/1=C\CC(/C(=C/CC/C(=C/[C@@H]2[C@@H](C2(C)C)CC1)/C)/C)O
"4,8-dihydroxycasbene",154824255,,,C20H32O2,C/C/1=C\CC(/C(=C/CC(/C(=C/[C@@H]2[C@@H](C2(C)C)CC1)/C)O)/C)O
4-hydroxycasbene,154824095,,,C20H32O,C/C/1=C\CC/C(=C/CC(/C(=C/[C@@H]2[C@@H](C2(C)C)CC1)/C)O)/C
7-methylmellein,10035470,,,C11H12O3,CC1CC2=C(C(=C(C=C2)C)O)C(=O)O1
"(-)-cyatha-3,12-diene",15519950,,,C20H32,CC1=CCC2(CCC3(CCC(=C3C2CC1)C(C)C)C)C
12-deshydroxyl okaramine E,172429299,,,C32H32N4O3,CC1C(N2C13C(CC4N3C(=O)C5=CC6=C(C(C=CN5C4=O)(C)C)NC7=CC=CC=C76)(C8=CC=CC=C82)O)(C)C
okaramine C,56843210,,,C32H36N4O3,CC(C)(C=C)C1=C(C2=CC=CC=C2N1)CC3C(=O)N4C(CC5(C4N(C6=CC=CC=C65)C(C)(C)C=C)O)C(=O)N3
N-geranyl-L-glutamate,145864991,,,C15H24NO4-,CC(=CCCC(=CC[NH2+]C(CCC(=O)[O-])C(=O)[O-])C)C
N-(8°‰-hydroxygeranyl)-L-glutamate,145864987,,,C15H24NO5-,CC(=CC[NH2+]C(CCC(=O)[O-])C(=O)[O-])CCC=C(C)CO
N-(8°‰-oxogeranyl)-L-glutamate,145865083,,,C15H22NO5-,CC(=CC[NH2+]C(CCC(=O)[O-])C(=O)[O-])CCC=C(C)C=O
asperterpenoid A,71578630,,,C25H38O3,CC(C)C1CCC2(C1C3C4CC4(C5CCC(=C5CC3(CC2)CO)C(=O)O)C)C
preasperterpenoid A,155802562,,,C25H40,CC1=C2CC3(CCC4(CCC(C4C3C5CC5(C2CC1)C)C(C)C)C)C
"(3E,5S)-3-[(2E,4E,8S,10E,12Z)-1-hydroxy-4,8-dimethyltetradeca-2,4,10,12-tetraen-1-ylidene]-5-[(4-hydroxyphenyl)methyl]pyrrolidine-2,4-dione",146672904,,,C27H32NO4-,CC=CC=CCC(C)CCC=C(C)C=CC(=C1C(=O)C(NC1=O)CC2=CC=C(C=C2)O)[O-]
silphinene-15-oate,170835690,,,C15H21O2-,CC1(CC2(CC=CC23C1CCC3C(=O)[O-])C)C
4-O-demethylbarbatate,164575963,,,C18H17O7-,CC1=CC(=C(C(=C1C(=O)OC2=C(C(=C(C(=C2)C)C(=O)O)[O-])C)O)C)O
proatranorin II,164575964,,,C18H17O8-,CC1=CC(=C(C(=C1C(=O)OC2=C(C(=C(C(=C2)C)C(=O)O)[O-])C)O)CO)O
proatranorin I,10451136,,,C19H20O7,CC1=CC(=C(C(=C1C(=O)OC2=C(C(=C(C(=C2)C)C(=O)OC)O)C)O)C)O
proatranorin IV,5042858,,,C19H20O8,CC1=CC(=C(C(=C1C(=O)OC2=C(C(=C(C(=C2)C)C(=O)OC)O)C)O)CO)O
sesterfisherol,122209990,,,C25H42O,CC1CCC2C(CCC2=C(C3(C1CC4(CCC(C4C3)C(C)C)C)O)C)C
presphingofungin,172407769,,,C20H37NO4,CCCCCCCC=CCCCCC=CC(CC(C(C(=O)[O-])[NH3+])O)O
griseophenone B,23872096,,,C16H15ClO6,CC1=CC(=CC(=C1C(=O)C2=C(C(=C(C=C2O)OC)Cl)O)OC)O
"3,17-didehydrostemmadenine",171904539,,,C21H23N2O3+,CC=C1C[N+]2=CCC1C(C3=C(CC2)C4=CC=CC=C4N3)(C=O)C(=O)OC
norfluorocurarine,5581319,,,C19H20N2O,CC=C1CN2CCC34C2CC1C(=C3NC5=CC=CC=C45)C=O
strychnine,441071,,,C21H22N2O2,C1CN2CC3=CCOC4CC(=O)N5C6C4C3CC2C61C7=CC=CC=C75
beta-colubrine,251890,,,C22H24N2O3,COC1=CC2=C(C=C1)N3C4C25CCN6C5CC7C4C(CC3=O)OCC=C7C6
hancockiamide A,169492345,,,C29H32N2O4,COC1=CC(=CC(=C1O)OC)CC2CNC(CN2C(=O)C=CC3=CC=CC=C3)CC4=CC=CC=C4
hancockiamide B,169492346,,,C31H34N2O5,CC(=O)N1C[C@@H](N(C[C@@H]1CC2=CC=CC=C2)C(=O)/C=C/C3=CC=CC=C3)CC4=CC(=C(C(=C4)OC)O)OC
hancockiamide D,169492347,,,C20H26N2O3,COC1=CC(=CC(=C1O)OC)CC2CNC(CN2)CC3=CC=CC=C3
3-O-(beta-D-glucopyranosyl)-isomotiol,172429303,,,C36H60O6,CC(C)C1CCC2C1(CCC3(C2(CCC4=C3CCC5C4(CCC(C5(C)C)OC6C(C(C(C(O6)CO)O)O)O)C)C)C)C
3-O-(beta-D-glucopyranosyl)-2alpha-hydroxyisomotiol,172429304,,,C36H60O7,CC(C)C1CCC2C1(CCC3(C2(CCC4=C3CCC5C4(CC(C(C5(C)C)OC6C(C(C(C(O6)CO)O)O)O)O)C)C)C)C
3-O-(beta-D-glucopyranosyl)-2alpha-acetoxyisomotiol,172429305,,,C38H62O8,CC(C)C1CCC2C1(CCC3(C2(CCC4=C3CCC5C4(CC(C(C5(C)C)OC6C(C(C(C(O6)CO)O)O)O)OC(=O)C)C)C)C)C
isomotiol,14167345,,,C30H50O,CC(C)C1CCC2C1(CCC3(C2(CCC4=C3CCC5C4(CCC(C5(C)C)O)C)C)C)C
2alpha-hydroxyisomotiol,172429301,,,C30H50O2,CC(C)C1CCC2C1(CCC3(C2(CCC4=C3CCC5C4(CC(C(C5(C)C)O)O)C)C)C)C
"2alpha,19beta-dihydroxyisomotiol",172429312,,,C30H50O3,CC(C)C1CC(C2C1(CCC3(C2(CCC4=C3CCC5C4(CC(C(C5(C)C)O)O)C)C)C)C)O
2alpha-hydroxyismotiol-19-one,172429313,,,C30H48O3,CC(C)C1CC(=O)C2C1(CCC3(C2(CCC4=C3CCC5C4(CC(C(C5(C)C)O)O)C)C)C)C
preaspterpenacid acid I,163358938,,,C25H42O,CC1CCC23C(CCC2C3(C4(C1CC5(CCC(C5C4)C(C)C)C)O)C)C
3-methylcatechol,340,,,C7H8O2,CC1=C(C(=CC=C1)O)O
preechinulin,44445554,,,C19H23N3O2,CC1C(=O)NC(C(=O)N1)CC2=C(NC3=CC=CC=C32)C(C)(C)C=C
"(1R,2R,3S,8R,10R,11R,15S,16S)-3-(acetyloxy)-15-[(4R)-4-[(2S)-3,3-dimethyloxiran-2-yl]-1,4-dihydroxybutan-2-yl]-2,7,7,11,16-pentamethyl-5-oxo-6-oxatetracyclo[9.7.0.0(2,8).0(12,16)]octadec-12-en-10-yl acetate",171666194,,,C34H52O9,CC(=O)OC1CC2C(OC(=O)CC(C2(C3C1(C4=CCC(C4(CC3)C)C(CC(C5C(O5)(C)C)O)CO)C)C)OC(=O)C)(C)C
luvungin A,171666190,,,C32H48O7,CC(=O)OC1C(CC(O1)C2C(O2)(C)C)C3CC=C4C3(CCC5C4(C(CC6C5(CCC(=O)OC6(C)C)C)O)C)C
dihydroniloticin,73351981,,,C30H50O3,CC(CC(C1C(O1)(C)C)O)C2CCC3(C2(CCC4C3=CCC5C4(CCC(C5(C)C)O)C)C)C
"stellata-2,6,19-triene",102515469,,,C25H40,CC1=CCCC(=CCC2(CCC3C(CCC3(C2CC1)C)C(=C)C)C)C
erinacol,101348970,,,C20H32O,CC1=CC(C2(CCC3(CCC(=C3C2CC1)C(C)C)C)C)O
cyathadiol,168007553,,,C20H32O2,CC(C)C1=C2C3CCC(=CC(C3(CCC2(CC1)C)C)O)CO
ophiobolin F,46173837,,,C25H42O,CC1=CCC2C(CCC2(CC3C1CCC3(C)O)C)C(C)CCC=C(C)C
quiannulatene,155802526,,,C25H40,CC1CCC23C1CCC2(C(=C4C3CC5C(CCC5(C4)C)C(C)C)C)C
4beta-carboxyl motiol,171392386,,,C30H47O3-,CC(C)C1CCC2C1(CCC3(C2(CCC4C3=CCC5C4(CCC(C5(C)C(=O)[O-])O)C)C)C)C
2-deoxypolytolypin,171392389,,,C30H44O6-2,CC(C)C1CCC2C1(CCC3(C2(CCC4C3=CCC5C4(C(CC(C5(C)C(=O)[O-])O)O)C(=O)[O-])C)C)C
"2alpha-hydroxyl, 4beta-carboxyl motiol",171392387,,,C30H47O4-,CC(C)C1CCC2C1(CCC3(C2(CCC4C3=CCC5C4(CC(C(C5(C)C(=O)[O-])O)O)C)C)C)C
motiol,101280156,,,C30H50O,CC(C)C1CCC2C1(CCC3(C2(CCC4C3=CCC5C4(CCC(C5(C)C)O)C)C)C)C
ganoderate DM,156587286,,,C30H43O5-,CC(CCC=C(C)C(=O)[O-])C1CC(C2(C1(CCC3=C2C(=O)CC4C3(CCC(=O)C4(C)C)C)C)C)O
ganoderate TR,156587290,,,C30H43O4-,CC(CCC=C(C)C(=O)[O-])C1CC(C2(C1(CC=C3C2=CCC4C3(CCC(=O)C4(C)C)C)C)C)O
cyclo(L-arginyl-tyrosyl),171666188,,,C15H22N5O3+,C1=CC(=CC=C1CC2C(=O)NC(C(=O)N2)CCC[NH+]=C(N)N)O
"(S,S)-2,5-di-(p-hydroxybenzyl)piperazine",134820091,,,C18H23N2O2+,C1C(NCC([NH2+]1)CC2=CC=C(C=C2)O)CC3=CC=C(C=C3)O
"(E,E)-feruperate",165368659,,,C12H11O4-,COC1=C(C=CC(=C1)C=CC=CC(=O)O)[O-]
pre-flavunoidine,165415545,,,C22H42N2O+2,CC1CCC2C13CCC4(C(C3)C(C2(O4)C)[NH2+]CCCCC[NH+](C)C)C
"(1R,4R,5S)-acoradiene",13743810,,,C15H24,C[C@@H]1CC[C@@H]([C@]12CCC(=CC2)C)C(=C)C
cyclooctat-9-en-7-ol,132282046,,,C20H34O,CC1CCC2C1CC3(CCC(C3=CCC2(C)O)C(C)C)C
cordypyrone A,162680203,,,C22H28O3,CC=CC=CC=CCCCCCCC=CC=CC1=CC(=CC(=O)O1)O
soppiline B,146682269,,,C24H34O2,CC=C(C)CCCCCCCC=CC=CC=CCC1=CC(=CC(=C1)O)O
"(1S,3bR,4R,5aR,9aR,9bR,11aS)-1-[(4R)-5-[(2S)-3,3-dimethyloxiran-2-yl]-1,4-dihydroxybutan-2-yl]-3b,6,6,9a,11a-pentamethyl-7-oxo-1H,2H,3bH,4H,5H,5aH,6H,7H,9aH,9bH,10H,11H,11aH-cyclopenta[a]phenanthren-4-yl acetate",171666187,,,C32H48O6,CC(=O)OC1CC2C(C(=O)C=CC2(C3C1(C4=CCC(C4(CC3)C)C(CC(C5C(O5)(C)C)O)CO)C)C)(C)C
polyporic acid,164575952,,,C18H11O4-,C1=CC=C(C=C1)C2=C(C(=O)C(=C(C2=O)[O-])C3=CC=CC=C3)O
beta-dihydromenaquinone-9,52929834,,,C56H82O2,CC1=C(C(=O)C2=CC=CC=C2C1=O)CC=C(C)CCCC(C)CCC=C(C)CCC=C(C)CCC=C(C)CCC=C(C)CCC=C(C)CCC=C(C)CCC=C(C)C
discoidol,165368663,,,C15H26O,CC1CCCC2=CCC(CC12C)C(C)(C)O
nocardicin C,3042313,,,C23H26N4O8,C1C(C(=O)N1C(C2=CC=C(C=C2)O)C(=O)O)NC(=O)C(C3=CC=C(C=C3)OCCC(C(=O)O)N)N
2-hydroxymethyl-3-pentylphenol,132961839,,,C12H18O2,CCCCCC1=C(C(=CC=C1)O)CO
(R)-Mandelonitrile,9548674,,,C8H7NO,C1=CC=C(C=C1)[C@H](C#N)O
Medicagenic Acid,65048,,,C30H46O6,C[C@@]12CC[C@@H]3[C@@]([C@H]1CC=C4[C@]2(CC[C@@]5([C@H]4CC(CC5)(C)C)C(=O)O)C)(C[C@@H]([C@@H]([C@@]3(C)C(=O)O)O)O)C
Gentisyl Alcohol,188287,,,C7H8O3,C1=CC(=C(C=C1O)CO)O
Indolactam V,105000,,,C17H23N3O2,CC(C)[C@H]1C(=O)N[C@@H](CC2=CNC3=C2C(=CC=C3)N1C)CO
Lupenone,92158,,,C30H48O,CC(=C)[C@@H]1CC[C@]2([C@H]1[C@H]3CC[C@@H]4[C@]5(CCC(=O)C([C@@H]5CC[C@]4([C@@]3(CC2)C)C)(C)C)C)C
Alpha-Amyrone,612828,,,C30H48O,CC1CCC2(CCC3(C(=CCC4C3(CCC5C4(CCC(=O)C5(C)C)C)C)C2C1C)C)C
Beta-Amyrone,12306160,,,C30H48O,C[C@@]12CC[C@@]3(C(=CC[C@H]4[C@]3(CC[C@@H]5[C@@]4(CCC(=O)C5(C)C)C)C)[C@@H]1CC(CC2)(C)C)C
Epoxybetaenone,139291716,,,C21H34O3,CC[C@@H](C)[C@@H]1[C@]([C@H]2[C@@H](C[C@@H](C[C@@H]2[C@@H]3[C@]1(O3)C)C)C)(C)C(=O)/C=C\O
"3,4-Dihydroxybenzoic Acid",72,,,C7H6O4,C1=CC(=C(C=C1C(=O)O)O)O
4-HYDROXYBENZOIC ACID,135,,,C7H6O3,C1=CC(=CC=C1C(=O)O)O
10-Hydroxy Capric Acid,74300,,,C10H20O3,C(CCCCC(=O)O)CCCCO
8-Hydroxy Caprylic Acid,69820,,,C8H16O3,C(CCCC(=O)O)CCCO
22-Oxo-Cholesterol,101465,,,C27H44O2,C[C@@H]([C@H]1CC[C@@H]2[C@@]1(CC[C@H]3[C@H]2CC=C4[C@@]3(CC[C@@H](C4)O)C)C)C(=O)CCC(C)C
22-Keto-26-Hydroxycholesterol,189988,,,C27H44O3,C[C@@H]([C@H]1CC[C@@H]2[C@@]1(CC[C@H]3[C@H]2CC=C4[C@@]3(CC[C@@H](C4)O)C)C)C(=O)CCC(C)CO
Sabinol,42626428,,,C10H16O,CC(C)C12C[C@H](C(=C)C1C2)O
Cyclohexanol,7966,,,C6H12O,C1CCC(CC1)O
Cyclopentanol,7298,,,C5H10O,C1CCC(C1)O
Cyclooctanol,12766,,,C8H16O,C1CCCC(CCC1)O
Cycloheptanol,10399,,,C7H14O,C1CCCC(CC1)O
4°‰-Demethylepipodophyllotoxin,122797,,,C21H20O8,COC1=CC(=CC(=C1O)OC)[C@H]2[C@@H]3[C@H](COC3=O)[C@@H](C4=CC5=C(C=C24)OCO5)O
Desertorin A,13871793,,,C22H18O8,CC1=CC(=C(C2=C1C(=CC(=O)O2)OC)C3=C(C4=C(C=C3O)OC(=O)C=C4OC)C)O
(-)-5°‰-Demethylyatein,14703253,,,C21H22O7,COC1=CC(=CC(=C1OC)O)C[C@@H]2[C@H](COC2=O)CC3=CC4=C(C=C3)OCO4
11-Oxomiltiradiene,154586129,,,C20H30O,CC(C)C1=CC(=O)C2=C(C1)CC[C@@H]3[C@@]2(CCCC3(C)C)C
Carnosate,40469870,,,C20H27O4-,CC(C)C1=C(C(=C2C(=C1)CC[C@@H]3[C@@]2(CCCC3(C)C)C(=O)[O-])O)O
Salviol,13966146,,,C20H30O2,CC(C)C1=C(C=C2C(=C1)CC[C@@H]3[C@@]2(C[C@H](CC3(C)C)O)C)O
L-DOPA,6047,,,C9H11NO4,C1=CC(=C(C=C1C[C@@H](C(=O)O)N)O)O
Sugiol,94162,,,C20H28O2,CC(C)C1=C(C=C2C(=C1)C(=O)C[C@@H]3[C@@]2(CCCC3(C)C)C)O
"11,20-Dihydroxyferruginol",15602222,,,C20H30O3,CC(C)C1=C(C(=C2C(=C1)CC[C@@H]3[C@@]2(CCCC3(C)C)CO)O)O
"11,20-Dihydroxysugiol",12991809,,,C20H28O4,CC(C)C1=C(C(=C2C(=C1)C(=O)C[C@@H]3[C@@]2(CCCC3(C)C)CO)O)O
"(10Bs,4Ar)-Noroxomaritidine",122391295,,,C16H18NO3+,COC1=C(C=C2C[NH+]3CC[C@@]4([C@H]3CC(=O)C=C4)C2=C1)O
"(10Br,4As)-Noroxomaritidine",122391294,,,C16H18NO3+,COC1=C(C=C2C[NH+]3CC[C@]4([C@@H]3CC(=O)C=C4)C2=C1)O
(Z)-Alpha-Santalol,11085337,,,C15H24O,C/C(=C/CC[C@@]1(C2C[C@H]3C1([C@H]3C2)C)C)/CO
(Z)-Beta-Santalol,11031396,,,C15H24O,C/C(=C/CC[C@@]1([C@@H]2CC[C@@H](C2)C1=C)C)/CO
"1,3,5-Trihydroxyxanthone",5281663,,,C13H8O5,C1=CC2=C(C(=C1)O)OC3=CC(=CC(=C3C2=O)O)O
"1,3,7-Trihydroxyxanthone",5281635,,,C13H8O5,C1=CC2=C(C=C1O)C(=O)C3=C(C=C(C=C3O2)O)O
"(3E,7E)-4,8,12-Trimethyltrideca 1,3,7,11-Tetraene",6443227,,,C16H26,CC(=CCC/C(=C/CC/C(=C/C=C)/C)/C)C
"3Beta-Hydroxy-15,16-Epoxydolabrene",134820497,,,C20H32O2,C[C@@]1(CC[C@@]2([C@@H](C1)CC[C@]3([C@H]2CC[C@@H](C3=C)O)C)C)C4CO4
"(3E)-4,8-Dimethylnona-1,3,7-Triene",6427110,,,C11H18,CC(=CCCC(=CC=C)C)C
Miltiradien-20-Al,155802525,,,C20H30O,CC(C)C1=CCC2=C(C1)CC[C@@H]3[C@@]2(CCCC3(C)C)C=O
Pisiferate,162209,,,C20H28O3,CC(C)C1=C(C=C2C(=C1)CC[C@@H]3[C@@]2(CCCC3(C)C)C(=O)O)O
6Beta-Hydroxy-Ursolic Acid,20055642,,,C30H48O4,C[C@@H]1CC[C@@]2(CC[C@@]3(C(=CC[C@H]4[C@]3(C[C@H]([C@@H]5[C@@]4(CC[C@@H](C5(C)C)O)C)O)C)[C@@H]2[C@H]1C)C)C(=O)O
Corosolic Acid,6918774,,,C30H48O4,C[C@@H]1CC[C@@]2(CC[C@@]3(C(=CC[C@H]4[C@]3(CC[C@@H]5[C@@]4(C[C@H]([C@@H](C5(C)C)O)O)C)C)[C@@H]2[C@H]1C)C)C(=O)O
Cochalic Acid,5281335,,,C30H48O4,C[C@]12CC[C@@H](C([C@@H]1CC[C@@]3([C@@H]2CC=C4[C@]3(C[C@@H]([C@@]5([C@H]4CC(CC5)(C)C)C(=O)O)O)C)C)(C)C)O
Cochalate,131801246,,,C30H47O4-,C[C@]12CC[C@@H](C([C@@H]1CC[C@@]3([C@@H]2CC=C4[C@]3(C[C@@H]([C@@]5([C@H]4CC(CC5)(C)C)C(=O)[O-])O)C)C)(C)C)O
Bifonsecin B,49771211,,,C32H30O12,CC1(CC(=O)C2=C(C3=C(C=C(C=C3OC)OC)C(=C2O1)C4=C5C(=C(C6=C4C=C(C=C6OC)OC)O)C(=O)CC(O5)(C)O)O)O
Nigerone,149547,,,C32H26O10,CC1=CC(=O)C2=C(C3=C(C=C(C=C3OC)OC)C(=C2O1)C4=C5C(=C(C6=C4C=C(C=C6OC)OC)O)C(=O)C=C(O5)C)O
Aculene D,146672910,,,C14H20O2,CCC1=CC(=O)[C@@]2([C@@H]1CC=C(C[C@@H]2O)C)C
Vomilenine,11953806,,,C21H22N2O3,C/C=C/1\[C@@H]2C[C@H]3C4=NC5=CC=CC=C5[C@]46C[C@@H](C2[C@H]6OC(=O)C)N3[C@@H]1O
Baicalein,5281605,,,C15H10O5,C1=CC=C(C=C1)C2=CC(=O)C3=C(O2)C=C(C(=C3O)O)O
Norwogonin,5281674,,,C15H10O5,C1=CC=C(C=C1)C2=CC(=O)C3=C(O2)C(=C(C=C3O)O)O
Taxiphyllin,107721,,,C14H17NO7,C1=CC(=CC=C1[C@H](C#N)O[C@H]2[C@@H]([C@H]([C@@H]([C@H](O2)CO)O)O)O)O
"8Alpha-Hydroxygermacra-1(10),4,11(13)-Trien-12-Oate",135397912,,,C15H21O3-,C/C/1=C\C[C@@H]([C@H](C/C(=C/CC1)/C)O)C(=C)C(=O)[O-]
8-Epi-Inunolide,15119530,,,C15H20O2,C/C/1=C\C[C@H]2[C@H](C/C(=C/CC1)/C)OC(=O)C2=C
16Alpha-Hydroxytestosterone,65545,,,C19H28O3,C[C@]12CCC(=O)C=C1CC[C@@H]3[C@@H]2CC[C@]4([C@H]3C[C@H]([C@@H]4O)O)C
"16Alpha-Hydroxyandrost-4-Ene-3,17-Dione",440574,,,C19H26O3,C[C@]12CCC(=O)C=C1CC[C@@H]3[C@@H]2CC[C@]4([C@H]3C[C@H](C4=O)O)C
16Alpha-Hydroxyprogesterone,243761,,,C21H30O3,CC(=O)[C@H]1[C@@H](C[C@@H]2[C@@]1(CC[C@H]3[C@H]2CCC4=CC(=O)CC[C@]34C)C)O
Neosartorin,23983702,,,C34H32O15,C[C@H]1CC(=O)C2=C(C3=C(C=CC(=C3O[C@]2([C@H]1OC(=O)C)C(=O)OC)C4=C(C5=C(C=C4C)O[C@]6([C@H](CCC(=O)C6=C5O)O)C(=O)OC)O)O)O
"Labd-13Z-Ene-9,15,16-Triol",71607614,,,C20H36O3,C[C@@H]1CC[C@@H]2[C@@]([C@]1(CC/C(=C/CO)/CO)O)(CCCC2(C)C)C
"3Beta-hydroxy-lanosta-8, 24-dien-26-oate",156587285,,,C30H47O3-,C[C@H](CC/C=C(\C)/C(=O)[O-])[C@H]1CC[C@@]2([C@@]1(CCC3=C2CC[C@@H]4[C@@]3(CC[C@@H](C4(C)C)O)C)C)C
(+)-Sesaminol,94672,,,C20H18O7,C1[C@H]2[C@H](CO[C@@H]2C3=CC4=C(C=C3O)OCO4)[C@H](O1)C5=CC6=C(C=C5)OCO6
(+)-Sesamolin,585998,,,C20H18O7,C1C2C(COC2OC3=CC4=C(C=C3)OCO4)C(O1)C5=CC6=C(C=C5)OCO6
Dihydrochelirubine,440589,,,C21H17NO5,CN1CC2=C3C(=CC(=C2C4=C1C5=CC6=C(C=C5C=C4)OCO6)OC)OCO3
10-Hydroxydihydrosanguinarine,440596,,,C20H15NO5,CN1CC2=C(C3=C1C4=CC5=C(C=C4C=C3)OCO5)C(=CC6=C2OCO6)O
Chrodrimanin H,102194063,,,C25H32O6,C[C@@H]1CC2=C(C(=CC3=C2C[C@H]4[C@]5(CCC(=O)C([C@@H]5C[C@@H]([C@@]4(O3)C)O)(C)C)C)O)C(=O)O1
Chrodrimanin F,102194061,,,C25H34O6,C[C@@H]1CC2=C(C(=CC3=C2C[C@H]4[C@]5(CC[C@@H](C([C@@H]5C[C@@H]([C@@]4(O3)C)O)(C)C)O)C)O)C(=O)O1
Chrodrimanin E,102194060,,,C25H30O6,C[C@@H]1CC2=C(C(=CC3=C2C[C@H]4[C@]5(C=CC(=O)C([C@@H]5C[C@@H]([C@@]4(O3)C)O)(C)C)C)O)C(=O)O1
Chrodrimanin A,101565497,,,C25H30O7,C[C@@H]1[C@@H](C2=C(C(=CC3=C2C[C@H]4[C@]5(C=CC(=O)C([C@@H]5C[C@@H]([C@@]4(O3)C)O)(C)C)C)O)C(=O)O1)O
Daturadiol,3084830,,,C30H50O2,C[C@@]12CC[C@@]3(C(=CC[C@H]4[C@]3(C[C@H]([C@@H]5[C@@]4(CC[C@@H](C5(C)C)O)C)O)C)[C@@H]1CC(CC2)(C)C)C
3°‰-Hydroxy-Geranylhydroquinone,25244947,,,C16H22O3,CC(=CCC/C(=C/CC1=C(C=CC(=C1)O)O)/CO)C
Ascochlorin,11258227,,,C23H29ClO4,C[C@@H]1CCC(=O)[C@@H]([C@@]1(C)/C=C/C(=C/CC2=C(C(=C(C(=C2O)Cl)C)C=O)O)/C)C
16-Hydroxy-Ilicicolin A Epoxide,145944456,,,C23H30ClO5-,CC1=C(C(=C(C(=C1Cl)[O-])C/C=C(\C)/CC/C=C(\C)/[C@H](C[C@H]2C(O2)(C)C)O)O)C=O
Myricetin,5281672,,,C15H10O8,C1=C(C=C(C(=C1O)O)O)C2=C(C(=O)C3=C(C=C(C=C3O2)O)O)O
(2S)-Dihydrotricetin,440836,,,C15H12O7,C1[C@H](OC2=CC(=CC(=C2C1=O)O)O)C3=CC(=C(C(=C3)O)O)O
"(2R,3R)-Dihydromyricetin",161557,,,C15H12O8,C1=C(C=C(C(=C1O)O)O)[C@@H]2[C@H](C(=O)C3=C(C=C(C=C3O2)O)O)O
Quercetin,5280343,,,C15H10O7,C1=CC(=C(C=C1C2=C(C(=O)C3=C(C=C(C=C3O2)O)O)O)O)O
"(2R,3R)-Dihydroquercetin",439533,,,C15H12O7,C1=CC(=C(C=C1[C@@H]2[C@H](C(=O)C3=C(C=C(C=C3O2)O)O)O)O)O
Secologanic Acid,5321213,,,C16H22O10,C=CC1[C@@H](OC=C(C1CC=O)C(=O)O)O[C@H]2[C@@H]([C@H]([C@@H]([C@H](O2)CO)O)O)O
"16S,22S-Dihydroxycholesterol",91013295,,,C27H46O3,C[C@@H]([C@H]1[C@H](C[C@@H]2[C@@]1(CC[C@H]3[C@H]2CC=C4[C@@]3(CC[C@@H](C4)O)C)C)O)[C@H](CCC(C)C)O
N-Formyldemecolcine,26819,,,C22H25NO6,CN(C=O)[C@H]1CCC2=CC(=C(C(=C2C3=CC=C(C(=O)C=C13)OC)OC)OC)OC
16Alpha-Hydroxypregnenolone,6452574,,,C21H32O3,CC(=O)[C@H]1[C@@H](C[C@@H]2[C@@]1(CC[C@H]3[C@H]2CC=C4[C@@]3(CC[C@@H](C4)O)C)C)O
16Alpha-Hydroxydehydroepiandrosterone,102030,,,C19H28O3,C[C@]12CC[C@@H](CC1=CC[C@@H]3[C@@H]2CC[C@]4([C@H]3C[C@H](C4=O)O)C)O
(25R)-3-Oxocholest-4-En-26-Oate,70698362,,,C27H41O3-,C[C@H](CCC[C@@H](C)C(=O)[O-])[C@H]1CC[C@@H]2[C@@]1(CC[C@H]3[C@H]2CCC4=CC(=O)CC[C@]34C)C
(25S)-3-Oxocholest-4-En-26-Oate,70698394,,,C27H41O3-,C[C@H](CCC[C@H](C)C(=O)[O-])[C@H]1CC[C@@H]2[C@@]1(CC[C@H]3[C@H]2CCC4=CC(=O)CC[C@]34C)C
12-Hydroxydodecanoate,9548810,,,C12H23O3-,C(CCCCCC(=O)[O-])CCCCCO
"20-Hydroxy-(5Z,8Z,11Z,14Z,17Z)-Eicosapentaenoate",72551578,,,C20H29O3-,C(C/C=C\C/C=C\C/C=C\C/C=C\C/C=C\CCO)CC(=O)[O-]
"19-Hydroxy-(5Z,8Z,11Z,14Z,17Z)-Eicosapentaenoate",72551574,,,C20H29O3-,CC(/C=C\C/C=C\C/C=C\C/C=C\C/C=C\CCCC(=O)[O-])O
"19-Hydroxy-(5Z,8Z,11Z,14Z)-Eicosatetraenoate",72551556,,,C20H31O3-,CC(CCC/C=C\C/C=C\C/C=C\C/C=C\CCCC(=O)[O-])O
"18-Hydroxy-(5Z,8Z,11Z,14Z)-Eicosatetraenoate",56928002,,,C20H31O3-,CCC(CC/C=C\C/C=C\C/C=C\C/C=C\CCCC(=O)[O-])O
11-Hydroxydodecanoate,46173521,,,C12H23O3-,CC(CCCCCCCCCC(=O)[O-])O
"(17R,18S)-Epoxy-(5Z,8Z,11Z,14Z)-Eicosatetraenoate",40490621,,,C20H29O3-,CC[C@H]1[C@H](O1)C/C=C\C/C=C\C/C=C\C/C=C\CCCC(=O)[O-]
"(17S,18R)-Epoxy-(5Z,8Z,11Z,14Z)-Eicosatetraenoate",27076754,,,C20H29O3-,CC[C@@H]1[C@@H](O1)C/C=C\C/C=C\C/C=C\C/C=C\CCCC(=O)[O-]
Aurasperone A,3084216,,,C32H26O10,CC1=CC(=O)C2=C(O1)C=C3C=C(C(=C(C3=C2O)OC)C4=C5C(=C(C6=C4C=C(C=C6OC)OC)O)C(=O)C=C(O5)C)OC
Aurasperone B,179522,,,C32H30O12,CC1(CC(=O)C2=C(O1)C=C3C=C(C(=C(C3=C2O)OC)C4=C5C(=C(C6=C4C=C(C=C6OC)OC)O)C(=O)CC(O5)(C)O)OC)O
Orlandin,5484238,,,C22H18O8,CC1=CC(=C(C2=C1C(=CC(=O)O2)OC)C3=C(C=C(C4=C3OC(=O)C=C4OC)C)O)O
"Ent-Isokaurene-2Beta,3Beta-Diol",122202618,,,C20H32O2,CC1=C[C@@]23CC[C@H]4[C@]([C@@H]2CC[C@@H]1C3)(C[C@H]([C@H](C4(C)C)O)O)C
Solavetivone,442399,,,C15H22O,C[C@@H]1CC(=O)C=C([C@]12CC[C@H](C2)C(=C)C)C
(S)-Corytuberine,160500,,,C19H21NO4,CN1CCC2=CC(=C(C3=C2[C@@H]1CC4=C3C(=C(C=C4)OC)O)O)OC
"All-Trans-3,4-Didehydroretinol",6436043,,,C20H28O,CC1=C(C(CC=C1)(C)C)/C=C/C(=C/C=C/C(=C/CO)/C)/C
1Alpha-Hydroxytestosterone,23256526,,,C19H28O3,C[C@]12CC[C@H]3[C@H]([C@@H]1CC[C@@H]2O)CCC4=CC(=O)C[C@@H]([C@]34C)O
1Alpha-Hydroxyandrostenedione,122198241,,,C19H26O3,C[C@]12CC[C@H]3[C@H]([C@@H]1CCC2=O)CCC4=CC(=O)C[C@@H]([C@]34C)O
(+)-Eremophilene,6431897,,,C15H24,C[C@@H]1CCC=C2[C@]1(C[C@H](CC2)C(=C)C)C
Salutaridine,5408233,,,C19H21NO4,CN1CC[C@]23C=C(C(=O)C=C2[C@H]1CC4=C3C(=C(C=C4)OC)O)OC
(S)-Stylopine,440583,,,C19H17NO4,C1CN2CC3=C(C[C@H]2C4=CC5=C(C=C41)OCO5)C=CC6=C3OCO6
(S)-Canadine,21171,,,C20H21NO4,COC1=C(C2=C(C[C@H]3C4=CC5=C(C=C4CCN3C2)OCO5)C=C1)OC
(S)-Nandinine,12313091,,,C19H19NO4,COC1=C(C2=C(C[C@H]3C4=CC5=C(C=C4CCN3C2)OCO5)C=C1)O
1-Pentanol,6276,,,C5H12O,CCCCCO
"Decane-1,10-Diol",37153,,,C10H22O2,C(CCCCCO)CCCCO
"Nonane-1,9-Diol",19835,,,C9H20O2,C(CCCCO)CCCCO
(9Z)-18-Hydroxyoctadecenoyl-Coa,91820566,,,C39H64N7O18P3S-4,CC(C)(COP(=O)([O-])OP(=O)([O-])OC[C@@H]1[C@H]([C@H]([C@@H](O1)N2C=NC3=C(N=CN=C32)N)O)OP(=O)([O-])[O-])[C@H](C(=O)NCCC(=O)NCCSC(=O)CCCCCCC/C=C\CCCCCCCCO)O
"(9Z,12Z)-18-Hydroxyoctadecadienoyl-Coa",90659899,,,C39H66N7O18P3S,CC(C)(COP(=O)(O)OP(=O)(O)OC[C@@H]1[C@H]([C@H]([C@@H](O1)N2C=NC3=C(N=CN=C32)N)O)OP(=O)(O)O)[C@H](C(=O)NCCC(=O)NCCSC(=O)CCCCCCC/C=C\C/C=C\CCCCCO)O
Zealexin A1,134716637,,,C15H21O2-,CC1(CCC=C(C1)[C@H]2CCC(=CC2)C(=O)[O-])C
3-Hydroxy-5-Methyl-1-Naphthoate,86289485,,,C12H9O3-,CC1=C2C=C(C=C(C2=CC=C1)C(=O)O)[O-]
"11Alpha,30-Dihydroxy-Beta-Amyrin",90658528,,,C30H50O3,C[C@]12CC[C@](CC1C3=C[C@H](C4[C@]5(CC[C@@H](C(C5CC[C@]4([C@@]3(CC2)C)C)(C)C)O)C)O)(C)CO
18-Hydroxylinoleate,91820096,,,C18H31O3-,C(CCC/C=C\C/C=C\CCCCCO)CCCC(=O)[O-]
17-Hydroxy-(9Z)-Octadecenoate,90658514,,,C18H33O3-,CC(CCCCCC/C=C\CCCCCCCC(=O)[O-])O
18-Hydroxy-(9Z)-Octadecenoate,86289578,,,C18H33O3-,C(CCCCO)CCC/C=C\CCCCCCCC(=O)[O-]
18-Hydroxyoctadecanoate,21891501,,,C18H35O3-,C(CCCCCCCCC(=O)[O-])CCCCCCCCO
(9Z)-16-Hydroxyhexadec-9-Enoate,138756163,,,C16H29O3-,C(CCC/C=C\CCCCCCO)CCCC(=O)[O-]
"17-Hydroxy-(9Z,12Z)-Octadecadienoate",138756162,,,C18H31O3-,CC(CCC/C=C\C/C=C\CCCCCCCC(=O)[O-])O
(11R)-carlactonoate,168007658,,,C19H23O5-,CC1=C(C(CCC1)(C)C)/C=C/C(=C\O[C@H]2C=C(C(=O)O2)C)/C(=O)[O-]
6-Hydroxytryprostatin B,71296150,,,C21H25N3O3,CC(=CCC1=C(C2=C(N1)C=C(C=C2)O)C[C@H]3C(=O)N4CCC[C@H]4C(=O)N3)C
"12Alpha,13Alpha-Dihydroxyfumitremorgin C",10001648,,,C22H25N3O5,CC(=C[C@H]1C2=C([C@@H]([C@@]3(N1C(=O)[C@@H]4CCCN4C3=O)O)O)C5=C(N2)C=C(C=C5)OC)C
Angelicin,10658,,,C11H6O3,C1=CC2=C(C=CO2)C3=C1C=CC(=O)O3
Juvenile Hormone Iii Carboxylate,49859558,,,C15H23O3-,C/C(=C\CC/C(=C/C(=O)[O-])/C)/CC[C@@H]1C(O1)(C)C
"(25R)-3Alpha,7Alpha,12Alpha-Trihydroxy-5Beta-Cholestan-26-Oate",45266747,,,C27H45O5-,C[C@H](CCC[C@@H](C)C(=O)[O-])[C@H]1CC[C@@H]2[C@@]1([C@H](C[C@H]3[C@H]2[C@@H](C[C@H]4[C@@]3(CC[C@H](C4)O)C)O)O)C
"1,12-Dodecanediol",79758,,,C12H26O2,C(CCCCCCO)CCCCCO
Cyclooctatin,5467942,,,C20H34O3,CC(C)C\1CCC2(/C1=C\CC(C3C(CC(C3C2)CO)O)(C)O)C
(6E)-8-Hydroxygeraniol,5363397,,,C10H18O2,C/C(=C\CO)/CC/C=C(\C)/CO
Lutein,5281243,,,C40H56O2,CC1=C(C(C[C@@H](C1)O)(C)C)/C=C/C(=C/C=C/C(=C/C=C/C=C(\C)/C=C/C=C(\C)/C=C/[C@H]2C(=C[C@@H](CC2(C)C)O)C)/C)/C
16Beta-Hydroxytestosterone,15708880,,,C19H28O3,C[C@]12CCC(=O)C=C1CC[C@@H]3[C@@H]2CC[C@]4([C@H]3C[C@@H]([C@@H]4O)O)C
Pravastatin Lactone,9931182,,,C23H34O6,CC[C@H](C)C(=O)O[C@H]1C[C@@H](C=C2[C@H]1[C@H]([C@H](C=C2)C)CC[C@@H]3C[C@H](CC(=O)O3)O)O
2-Hydroxy-2-Methylbutanenitrile,97823,,,C5H9NO,CCC(C)(C#N)O
ACETONE CYANOHYDRIN,6406,,,C4H7NO,CC(C)(C#N)O
Pentalenolactone,24199350,,,C15H16O5,C[C@H]1[C@H]2C=C([C@H]3[C@]2(C=C1C)[C@@]4(CO4)C(=O)OC3)C(=O)O
10-Hydroxy-Alpha-Humulene,12445034,,,C15H24O,C/C/1=C\CC(/C=C/C(/C(=C/CC1)/C)O)(C)C
Palustric Acid,443613,,,C20H30O2,CC(C)C1=CC2=C(CC1)[C@]3(CCC[C@@]([C@@H]3CC2)(C)C(=O)O)C
Sandaracopimaric Acid,221580,,,C20H30O2,C[C@@]1(CC[C@H]2C(=C1)CC[C@@H]3[C@@]2(CCC[C@@]3(C)C(=O)O)C)C=C
Neoabietic Acid,221118,,,C20H30O2,CC(=C1CC[C@H]2C(=C1)CC[C@@H]3[C@@]2(CCC[C@@]3(C)C(=O)O)C)C
Levopimaric Acid,221062,,,C20H30O2,CC(C)C1=CC[C@H]2C(=C1)CC[C@@H]3[C@@]2(CCC[C@@]3(C)C(=O)O)C
Pimaric Acid,220338,,,C20H30O2,C[C@]1(CC[C@H]2C(=C1)CC[C@@H]3[C@@]2(CCC[C@@]3(C)C(=O)O)C)C=C
Carbon Dioxide,280,,,CO2,C(=O)=O
"(11R,12S)-Epoxy-(5Z,8Z,14Z)-Eicosatrienoate",40490669,,,C20H31O3-,CCCCC/C=C\C[C@H]1[C@H](O1)C/C=C\C/C=C\CCCC(=O)[O-]
"(8R,9S)-Epoxy-(5Z,11Z,14Z)-Eicosatrienoate",40490661,,,C20H31O3-,CCCCC/C=C\C/C=C\C[C@H]1[C@H](O1)C/C=C\CCCC(=O)[O-]
"4,4-Dimethyl-5alpha-cholesta-8,14,24-trien-3beta-ol",443212,,,C29H46O,C[C@H](CCC=C(C)C)[C@H]1CC=C2[C@@]1(CCC3=C2CC[C@@H]4[C@@]3(CC[C@@H](C4(C)C)O)C)C
14-Demethyleburicol,168007676,,,C30H48O,C[C@H](CCC(=C)C(C)C)[C@H]1CC=C2[C@@]1(CCC3=C2CC[C@@H]4[C@@]3(CC[C@@H](C4(C)C)O)C)C
"3-Hydroxy-5,4-Dimethoxy-Trans-Stilbene",5473051,,,C16H16O3,COC1=CC=C(C=C1)/C=C/C2=CC(=CC(=C2)OC)O
"3,5-Dihydroxy-4-Methoxy-Trans-Stilbene",6255462,,,C15H14O3,COC1=CC=C(C=C1)/C=C/C2=CC(=CC(=C2)O)O
6-Hydroxyprotopine,440587,,,C20H19NO6,CN1CC2=C(CC(=O)C3=CC4=C(C=C3CC1O)OCO4)C=CC5=C2OCO5
(-)-Minovincinine,57506228,,,C21H26N2O3,C[C@H]([C@@]12CCCN3[C@@H]1[C@@]4(CC3)C5=CC=CC=C5NC4=C(C2)C(=O)OC)O
Horhammericine,443358,,,C21H24N2O4,CC([C@]12CC(=C3[C@@]4([C@H]1N(CC4)CC5C2O5)C6=CC=CC=C6N3)C(=O)OC)O
(-)-(R)-19-Hydroxytabersonine,138911113,,,C21H25N2O3+,C[C@H]([C@]12CC(=C3[C@@]4([C@H]1[NH+](CC4)CC=C2)C5=CC=CC=C5N3)C(=O)OC)O
3-Hydroxyindole,50591,,,C8H7NO,C1=CC=C2C(=C1)C(=CN2)O
Eupatolide,5281460,,,C15H20O3,C/C/1=C\[C@@H]2[C@@H]([C@@H](C/C(=C/CC1)/C)O)C(=C)C(=O)O2
Glycyrrhetinate,6857363,,,C30H45O4-,C[C@]12CC[C@](C[C@H]1C3=CC(=O)[C@@H]4[C@]5(CC[C@@H](C([C@@H]5CC[C@]4([C@@]3(CC2)C)C)(C)C)O)C)(C)C(=O)[O-]
11-Deoxoglycyrrhetinic Acid,12305517,,,C30H48O3,C[C@]12CC[C@](C[C@H]1C3=CC[C@@H]4[C@]5(CC[C@@H](C([C@@H]5CC[C@]4([C@@]3(CC2)C)C)(C)C)O)C)(C)C(=O)O
(20S)-Ginsenoside C-K,9852086,,,C36H62O8,CC(=CCC[C@@](C)([C@H]1CC[C@@]2([C@@H]1[C@@H](C[C@H]3[C@]2(CC[C@@H]4[C@@]3(CC[C@@H](C4(C)C)O)C)C)O)C)O[C@H]5[C@@H]([C@H]([C@@H]([C@H](O5)CO)O)O)O)C
(25S)-Delta7-dafachronate,70698395,,,C27H41O3-,C[C@H](CCC[C@H](C)C(=O)[O-])[C@H]1CC[C@@H]2[C@@]1(CC[C@H]3C2=CC[C@@H]4[C@@]3(CCC(=O)C4)C)C
Chlorogenic Acid,1794427,,,C16H18O9,C1[C@H]([C@H]([C@@H](C[C@@]1(C(=O)O)O)OC(=O)/C=C/C2=CC(=C(C=C2)O)O)O)O
Caffeoyl Shikimic Acid,10131826,,,C16H16O8,C1[C@H]([C@@H]([C@@H](C=C1C(=O)O)OC(=O)/C=C/C2=CC(=C(C=C2)O)O)O)O
Soyasapogenol A,12442849,,,C30H50O4,C[C@]12CC[C@@H]([C@]([C@@H]1CC[C@@]3([C@@H]2CC=C4[C@]3(CC[C@@]5([C@H]4CC([C@H]([C@H]5O)O)(C)C)C)C)C)(C)CO)O
Akuammicine,10314057,,,C20H22N2O2,C/C=C\1/CN2CC[C@@]34[C@@H]2C[C@@H]1C(=C3NC5=CC=CC=C45)C(=O)OC
"(3R)-1,2-Didehydro-3-Hydroxy-2,3-Dihydrotabersonine",129320291,,,C21H25N2O3+,CC[C@]12C[C@@](C3=NC4=CC=CC=C4[C@]35[C@H]1[NH+](CC5)CC=C2)(C(=O)OC)O
"(3R)-1,2-Didehydro-3-Hydroxy-16-Methoxy-2,3-Dihydrotabersonine",129011104,,,C22H27N2O4+,CC[C@]12C[C@@](C3=NC4=C([C@]35[C@H]1[NH+](CC5)CC=C2)C=CC(=C4)OC)(C(=O)OC)O
Betulinate,40473200,,,C30H47O3-,CC(=C)[C@@H]1CC[C@]2([C@H]1[C@H]3CC[C@@H]4[C@]5(CC[C@@H](C([C@@H]5CC[C@]4([C@@]3(CC2)C)C)(C)C)O)C)C(=O)[O-]
"2,3-Dihydroxydodecanoate",134716628,,,C12H23O4-,CCCCCCCCCC(C(C(=O)[O-])O)O
"(13S,14R)-1,13-Dihydroxy-N-Methylcanadine",86278053,,,C21H24NO6+,C[N+]12CCC3=CC4=C(C(=C3[C@@H]1[C@H](C5=C(C2)C(=C(C=C5)OC)OC)O)O)OCO4
"(13S,14R)-13-O-Acetyl-1,8-Dihydroxy-N-Methylcanadine",129011757,,,C23H26NO8+,CC(=O)O[C@@H]1[C@H]2C3=C(C4=C(C=C3CC[N+]2(C(C5=C1C=CC(=C5OC)OC)O)C)OCO4)O
Protopanaxatriol,9847853,,,C30H52O4,CC(=CCC[C@](C)([C@H]1CC[C@@]2([C@@H]1[C@@H](C[C@H]3[C@]2(C[C@@H]([C@@H]4[C@@]3(CC[C@@H](C4(C)C)O)C)O)C)O)C)O)C
(20S)-Protopanaxatriol,11468733,,,C30H52O4,CC(=CCC[C@@](C)([C@H]1CC[C@@]2([C@@H]1[C@@H](C[C@H]3[C@]2(C[C@@H]([C@@H]4[C@@]3(CC[C@@H](C4(C)C)O)C)O)C)O)C)O)C
Lycosantalonol,154586066,,,C20H32O2,CC(=CCCC(C)(C(=O)CCC1(C2CC3C1(C3C2)C)C)O)C
11-Oxocucurbitadienol,131801254,,,C30H48O2,C[C@H](CCC=C(C)C)[C@H]1CC[C@@]2([C@@]1(CC(=O)[C@@]3([C@H]2CC=C4[C@H]3CC[C@@H](C4(C)C)O)C)C)C
Mogrol,14525327,,,C30H52O4,C[C@H](CC[C@H](C(C)(C)O)O)[C@H]1CC[C@@]2([C@@]1(C[C@H]([C@@]3([C@H]2CC=C4[C@H]3CC[C@@H](C4(C)C)O)C)O)C)C
(-)-Pluviatolide,168759,,,C20H20O6,COC1=C(C=CC(=C1)C[C@@H]2[C@H](COC2=O)CC3=CC4=C(C=C3)OCO4)O
Allocryptopine,98570,,,C21H23NO5,CN1CCC2=CC3=C(C=C2C(=O)CC4=C(C1)C(=C(C=C4)OC)OC)OCO3
"7-Hydroxy-8-methoxy-11-methyl-17,19-dioxa-11-azatetracyclo[12.7.0.0(4,9).0(16,20)]henicosa-1(21),4(9),5,7,14,16(20)-hexaen-2-one",5321910,,,C20H21NO5,CN1CCC2=CC3=C(C=C2C(=O)CC4=C(C1)C(=C(C=C4)O)OC)OCO3
Muramine,288122,,,C22H27NO5,CN1CCC2=CC(=C(C=C2C(=O)CC3=C(C1)C(=C(C=C3)OC)OC)OC)OC
"5,6-Dihydroxy-2-(4-Hydroxyphenyl)-7-Methoxy-4h-Chromen-4-One",3084390,,,C16H12O6,COC1=C(C(=C2C(=C1)OC(=CC2=O)C3=CC=C(C=C3)O)O)O
(2S)-7-methylcarthamidin,165368699,,,C16H14O6,COC1=C(C(=C2C(=O)C[C@H](OC2=C1)C3=CC=C(C=C3)O)O)O
Ladanein,3084066,,,C17H14O6,COC1=CC=C(C=C1)C2=CC(=O)C3=C(C(=C(C=C3O2)OC)O)O
"(2S)-carthamidin-4°‰,7-dimethyl ether",165368633,,,C17H16O6,COC1=CC=C(C=C1)[C@@H]2CC(=O)C3=C(C(=C(C=C3O2)OC)O)O
"7Alpha,12Alpha-Dihydroxycholest-4-En-3-One",3081958,,,C27H44O3,C[C@H](CCCC(C)C)[C@H]1CC[C@@H]2[C@@]1([C@H](C[C@H]3[C@H]2[C@@H](CC4=CC(=O)CC[C@]34C)O)O)C
Aflatoxin B2,2724360,,,C17H14O6,COC1=C2C3=C(C(=O)CC3)C(=O)OC2=C4[C@@H]5CCO[C@@H]5OC4=C1
Aflatoxin B1,186907,,,C17H12O6,COC1=C2C3=C(C(=O)CC3)C(=O)OC2=C4[C@@H]5C=CO[C@@H]5OC4=C1
"1Alpha,25-Dihydroxyvitamin D2",9547243,,,C28H44O3,C[C@H](/C=C/[C@H](C)C(C)(C)O)[C@H]1CC[C@@H]\2[C@@]1(CCC/C2=C\C=C/3\C[C@H](C[C@@H](C3=C)O)O)C
Resorufin,69462,,,C12H7NO3,C1=CC2=C(C=C1O)OC3=CC(=O)C=CC3=N2
Umbelliferone,5281426,,,C9H6O3,C1=CC(=CC2=C1C=CC(=O)O2)O
(2R)-Hydroxytetradecanoate,91825664,,,C14H27O3-,CCCCCCCCCCCC[C@H](C(=O)[O-])O
(3R)-Hydroxytetradecanoate,91825663,,,C14H27O3-,CCCCCCCCCCC[C@H](CC(=O)[O-])O
(2S)-Hydroxytetradecanoate,22298950,,,C14H27O3-,CCCCCCCCCCCC[C@@H](C(=O)[O-])O
Pulcherriminic Acid,3083664,,,C12H20N2O4,CC(C)CC1=C([N+](=C(C(=O)N1O)CC(C)C)[O-])O
All-Trans-18-Hydroxyretinoate,131953105,,,C20H27O3-,C/C(=C\C=C\C(=C\C(=O)[O-])\C)/C=C/C1=C(CCCC1(C)C)CO
"All-Trans-(4S,16)-Dihydroxyretinoate",124202354,,,C20H27O4-,CC1=C([C@@](CC[C@@H]1O)(C)CO)/C=C/C(=C/C=C/C(=C/C(=O)[O-])/C)/C
26-Hydroxybrassinolide,56928129,,,C28H48O7,C[C@@H]([C@H]1CCC2[C@@]1(CC[C@H]3[C@H]2COC(=O)[C@@H]4[C@@]3(C[C@H]([C@H](C4)O)O)C)C)[C@H]([C@@H]([C@@H](C)C(C)CO)O)O
26-Hydroxycastasterone,101408509,,,C28H48O6,C[C@@H]([C@H]1CC[C@@H]2[C@@]1(CC[C@H]3[C@H]2CC(=O)[C@@H]4[C@@]3(C[C@H]([C@H](C4)O)O)C)C)[C@H]([C@@H]([C@@H](C)C(C)CO)O)O
(S)-4-Hydroxymandelonitrile,440104,,,C8H7NO2,C1=CC(=CC=C1[C@@H](C#N)O)O
(Indol-3-Yl)Acetonitrile,351795,,,C10H8N2,C1=CC=C2C(=C1)C(=CN2)CC#N
5-Hydroxyxanthotoxin,5385192,,,C12H8O5,COC1=C2C(=C(C3=C1OC=C3)O)C=CC(=O)O2
4-Hydroxy-Indole-3-Carbonyl Nitrile,122234931,,,C10H6N2O2,C1=CC2=C(C(=C1)O)C(=CN2)C(=O)C#N
Stigmasterol,5280794,,,C29H48O,CC[C@H](/C=C/[C@@H](C)[C@H]1CC[C@@H]2[C@@]1(CC[C@H]3[C@H]2CC=C4[C@@]3(CC[C@@H](C4)O)C)C)C(C)C
"Ergosta-5,7,22,24(28)-Tetraen-3Beta-Ol",11090531,,,C28H42O,C[C@H](/C=C/C(=C)C(C)C)[C@H]1CC[C@@H]2[C@@]1(CC[C@H]3C2=CC=C4[C@@]3(CC[C@@H](C4)O)C)C
Brassicasterol,5281327,,,C28H46O,C[C@H](/C=C/[C@H](C)C(C)C)[C@H]1CC[C@@H]2[C@@]1(CC[C@H]3[C@H]2CC=C4[C@@]3(CC[C@@H](C4)O)C)C
(S)-3°‰-Hydroxy-N-Methylcoclaurine,440591,,,C18H21NO4,CN1CCC2=CC(=C(C=C2[C@@H]1CC3=CC(=C(C=C3)O)O)O)OC
(22S)-Hydroxycholesterol,168038,,,C27H46O2,C[C@@H]([C@H]1CC[C@@H]2[C@@]1(CC[C@H]3[C@H]2CC=C4[C@@]3(CC[C@@H](C4)O)C)C)[C@H](CCC(C)C)O
(22S)-22-hydroxysitosterol,52931403,,,C29H50O2,CC[C@H](C[C@@H]([C@@H](C)[C@H]1CC[C@@H]2[C@@]1(CC[C@H]3[C@H]2CC=C4[C@@]3(CC[C@@H](C4)O)C)C)O)C(C)C
(22S)-22-hydroxycholestanol,71357400,,,C27H48O2,C[C@@H]([C@H]1CC[C@@H]2[C@@]1(CC[C@H]3[C@H]2CC[C@@H]4[C@@]3(CC[C@@H](C4)O)C)C)[C@H](CCC(C)C)O
A (22S)-22-hydroxy C27-steroid,162422384,,,C27H48O,CC(C)CC[C@@H](C(C)C1CCC2C1(CCC3C2CCC4C3(CCCC4)C)C)O
A (22S)-22-hydroxy C28-steroid,162422385,,,C28H50O,CC(C)C(C)C[C@@H](C(C)C1CCC2C1(CCC3C2CCC4C3(CCCC4)C)C)O
A (22S)-22-hydroxy C29-steroid,162422386,,,C29H52O,CCC(C[C@@H](C(C)C1CCC2C1(CCC3C2CCC4C3(CCCC4)C)C)O)C(C)C
(E)-1-(Glutathione-S-Yl)-2-(1H-Indol-3-Yl)Acetohydroximate,90658497,,,C20H24N5O7S-,C1=CC=C2C(=C1)C(=CN2)C/C(=N\O)/SC[C@@H](C(=O)NCC(=O)[O-])NC(=O)CC[C@@H](C(=O)[O-])[NH3+]
(Z)-1-(Glutathione-S-Yl)-2-Phenylacetohydroximate,25246409,,,C18H24N4O7S,C1=CC=C(C=C1)C/C(=N/O)/SC[C@@H](C(=O)NCC(=O)O)NC(=O)CC[C@@H](C(=O)O)N
7Alpha-Hydroxypregnenolone,9967418,,,C21H32O3,CC(=O)[C@H]1CC[C@@H]2[C@@]1(CC[C@H]3[C@H]2[C@@H](C=C4[C@@]3(CC[C@@H](C4)O)C)O)C
"3Beta,7Alpha-Dihydroxy-5Alpha-Androstan-17-One",9815044,,,C19H30O3,C[C@]12CC[C@@H](C[C@@H]1C[C@H]([C@@H]3[C@@H]2CC[C@]4([C@H]3CCC4=O)C)O)O
"3Beta,7Alpha-Dihydroxyandrost-5-En-17-One",65517,,,C19H28O3,C[C@]12CC[C@H]3[C@H]([C@@H]1CCC2=O)[C@@H](C=C4[C@@]3(CC[C@@H](C4)O)C)O
"Androst-5-En-3Beta,7Alpha,17Beta-Triol",25108320,,,C19H30O3,C[C@]12CC[C@H]3[C@H]([C@@H]1CC[C@@H]2O)[C@@H](C=C4[C@@]3(CC[C@@H](C4)O)C)O
"5Alpha-Androstane-3Beta,6Alpha,17Beta-Triol",170796,,,C19H32O3,C[C@]12CC[C@H]3[C@H]([C@@H]1CC[C@@H]2O)C[C@@H]([C@@H]4[C@@]3(CC[C@@H](C4)O)C)O
"(25R)-Cholest-5-En-3Beta,7Alpha,26-Triol",15907756,,,C27H46O3,C[C@H](CCC[C@@H](C)[C@H]1CC[C@@H]2[C@@]1(CC[C@H]3[C@H]2[C@@H](C=C4[C@@]3(CC[C@@H](C4)O)C)O)C)CO
"7Alpha,25-Dihydroxycholesterol",11954197,,,C27H46O3,C[C@H](CCCC(C)(C)O)[C@H]1CC[C@@H]2[C@@]1(CC[C@H]3[C@H]2[C@@H](C=C4[C@@]3(CC[C@@H](C4)O)C)O)C
12-Hydroxyfarnesol,86583467,,,C15H26O2,C/C(=C\CC/C(=C/CO)/C)/CC/C=C(\C)/CO
"6,7,4°‰-Trihydroxyflavanone",23724670,,,C15H12O5,C1C(OC2=CC(=C(C=C2C1=O)O)O)C3=CC=C(C=C3)O
Neopikromycin,86289546,,,C28H47NO8,C[C@H]1C[C@H](C(=O)/C=C/[C@H]([C@H](OC(=O)[C@@H](C(=O)[C@@H]([C@H]1O[C@H]2[C@@H]([C@H](C[C@H](O2)C)N(C)C)O)C)C)[C@@H](C)O)C)C
Novapikromycin,86289217,,,C28H47NO9,C[C@H]1C[C@H](C(=O)/C=C/[C@]([C@H](OC(=O)[C@@H](C(=O)[C@@H]([C@H]1O[C@H]2[C@@H]([C@H](C[C@H](O2)C)N(C)C)O)C)C)[C@@H](C)O)(C)O)C
Pikromycin,5282037,,,C28H47NO8,CC[C@@H]1[C@@](/C=C/C(=O)[C@@H](C[C@@H]([C@@H]([C@H](C(=O)[C@H](C(=O)O1)C)C)O[C@H]2[C@@H]([C@H](C[C@H](O2)C)N(C)C)O)C)C)(C)O
Methymycin,5282034,,,C25H43NO7,CC[C@@H]1[C@@](/C=C/C(=O)[C@@H](C[C@@H]([C@@H]([C@H](C(=O)O1)C)O[C@H]2[C@@H]([C@H](C[C@H](O2)C)N(C)C)O)C)C)(C)O
Neomethymycin,5282033,,,C25H43NO7,C[C@H]1C[C@H](C(=O)/C=C/[C@H]([C@H](OC(=O)[C@@H]([C@H]1O[C@H]2[C@@H]([C@H](C[C@H](O2)C)N(C)C)O)C)[C@@H](C)O)C)C
Novamethymycin,11092114,,,C25H43NO8,C[C@H]1C[C@H](C(=O)/C=C/[C@]([C@H](OC(=O)[C@@H]([C@H]1O[C@H]2[C@@H]([C@H](C[C@H](O2)C)N(C)C)O)C)[C@@H](C)O)(C)O)C
"(11S,12R)-Epoxy-(5Z,8Z,14Z)-Eicosatrienoate",40490663,,,C20H31O3-,CCCCC/C=C\C[C@@H]1[C@@H](O1)C/C=C\C/C=C\CCCC(=O)[O-]
"(14R,15S)-Epoxy-(5Z,8Z,11Z)-Eicosatrienoate",40488837,,,C20H31O3-,CCCCC[C@H]1[C@H](O1)C/C=C\C/C=C\C/C=C\CCCC(=O)[O-]
4-Methylpentanal,129,,,C6H12O,CC(C)CCC=O
4-Hydroxyestrone,9971251,,3131-23-5,C18H22O3,C[C@]12CC[C@H]3[C@H]([C@@H]1CCC2=O)CCC4=C3C=CC(=C4O)O
"12-Oxo-(5Z,8Z,10E,14Z)-Eicosatetraenoate",71668333,,,C20H29O3-,CCCCC/C=C\CC(=O)/C=C/C=C\C/C=C\CCCC(=O)[O-]
15Alpha-Hydroxy-17Beta-Estradiol,66418,,,C18H24O3,C[C@]12CC[C@H]3[C@H]([C@@H]1[C@H](C[C@@H]2O)O)CCC4=C3C=CC(=C4)O
6Alpha-Hydroxy-17Beta-Estradiol,5284655,,,C18H24O3,C[C@]12CC[C@H]3[C@H]([C@@H]1CC[C@@H]2O)C[C@@H](C4=C3C=CC(=C4)O)O
4-Hydroxy-17Beta-Estradiol,5282360,,,C18H24O3,C[C@]12CC[C@H]3[C@H]([C@@H]1CC[C@@H]2O)CCC4=C3C=CC(=C4O)O
"(19R,20S)-Epoxy-(4Z,7Z,10Z,13Z,16Z)-Docosapentaenoate",51651466,,,C22H31O3-,CC[C@H]1[C@H](O1)C/C=C\C/C=C\C/C=C\C/C=C\C/C=C\CCC(=O)[O-]
"5-Oxo-(6E,8Z,11Z,14Z)-Eicosatetraenoate",51405079,,,C20H29O3-,CCCCC/C=C\C/C=C\C/C=C\C=C\C(=O)CCCC(=O)[O-]
2-Hydroxyestrone,440623,,,C18H22O3,C[C@]12CC[C@H]3[C@H]([C@@H]1CCC2=O)CCC4=CC(=C(C=C34)O)O
"13-Oxo-(9Z,11E)-Octadecadienoate",40490648,,,C18H29O3-,CCCCCC(=O)/C=C/C=C\CCCCCCCC(=O)[O-]
"(19S,20R)-Epoxy-(4Z,7Z,10Z,13Z,16Z)-Docosapentaenoate",35020806,,,C22H31O3-,CC[C@@H]1[C@@H](O1)C/C=C\C/C=C\C/C=C\C/C=C\C/C=C\CCC(=O)[O-]
7Alpha-Hydroxy-17Beta-Estradiol,259693,,,C18H24O3,C[C@]12CC[C@H]3[C@H]([C@@H]1CC[C@@H]2O)[C@@H](CC4=C3C=CC(=C4)O)O
"(14S,15R)-Epoxy-(5Z,8Z,11Z)-Eicosatrienoate",25320777,,,C20H31O3-,CCCCC[C@@H]1[C@@H](O1)C/C=C\C/C=C\C/C=C\CCCC(=O)[O-]
"15-Oxo-(5Z,8Z,11Z,13E)-Eicosatetraenoate",25244796,,,C20H29O3-,CCCCCC(=O)/C=C/C=C\C/C=C\C/C=C\CCCC(=O)[O-]
2-Hydroxy-17Beta-Estradiol,247304,,,C18H24O3,C[C@]12CC[C@H]3[C@H]([C@@H]1CC[C@@H]2O)CCC4=CC(=C(C=C34)O)O
15Alpha-Hydroxyestrone,22295806,,,C18H22O3,C[C@]12CC[C@H]3[C@H]([C@@H]1[C@H](CC2=O)O)CCC4=C3C=CC(=C4)O
6Alpha-Hydroxyestrone,21122975,,,C18H22O3,C[C@]12CC[C@H]3[C@H]([C@@H]1CCC2=O)C[C@@H](C4=C3C=CC(=C4)O)O
"19-Hydroxy-(5Z,8Z,11Z)-Eicosatrienoate",119058180,,,C20H33O3-,CC(CCCCCC/C=C\C/C=C\C/C=C\CCCC(=O)[O-])O
"16-Hydroxy-(5Z,8Z,11Z,14Z)-Eicosatetraenoate",119058175,,,C20H31O3-,CCCCC(/C=C\C/C=C\C/C=C\C/C=C\CCCC(=O)[O-])O
"17-Hydroxy-(5Z,8Z,11Z,14Z)-Eicosatetraenoate",119058170,,,C20H31O3-,CCCC(C/C=C\C/C=C\C/C=C\C/C=C\CCCC(=O)[O-])O
16Alpha-Hydroxyestrone,115116,,,C18H22O3,C[C@]12CC[C@H]3[C@H]([C@@H]1C[C@H](C2=O)O)CCC4=C3C=CC(=C4)O
19-Hydroxyarachidonic acid,20839325,,,C20H32O3,CC(CCC/C=C\C/C=C\C/C=C\C/C=C\CCCC(=O)O)O
"(5Z,8Z,11Z,14Z)-18-Hydroxyicosa-5,8,11,14-tetraenoic acid",6442778,,,C20H32O3,CCC(CC/C=C\C/C=C\C/C=C\C/C=C\CCCC(=O)O)O
"6Beta,16Alpha,17Alpha-Trihydroxyprogesterone",129011071,,,C21H30O5,CC(=O)[C@]1([C@@H](C[C@@H]2[C@@]1(CC[C@H]3[C@H]2C[C@H](C4=CC(=O)CC[C@]34C)O)C)O)O
17alpha-hydroxy-C21-steroid,129626755,,,C21H36O,CC[C@]1(CCC2C1(CCC3C2CCC4C3(CCCC4)C)C)O
"13-Hydroxy-(5Z,8Z,11Z,14Z)-Eicosatetraenoate",126456465,,,C20H31O3-,CCCCC/C=C\C(/C=C\C/C=C\C/C=C\CCCC(=O)[O-])O
"11-Hydroxy-(9Z,12Z)-Octadecadienoate",126456463,,,C18H31O3-,CCCCC/C=C\C(/C=C\CCCCCCCC(=O)[O-])O
"21-Hydroxy-(4Z,7Z,10Z,13Z,16Z,19Z)-Docosahexaenoate",119058182,,,C22H31O3-,CC(/C=C\C/C=C\C/C=C\C/C=C\C/C=C\C/C=C\CCC(=O)[O-])O
4-Nitrocatechol,3505109,,,C6H5NO4,C1=CC(=C(C=C1[N+](=O)[O-])O)O
13-Hydroxytetradecanoate,119058185,,,C14H27O3-,CC(CCCCCCCCCCCC(=O)[O-])O
14-Hydroxytetradecanoate,72715824,,,C14H27O3-,C(CCCCCCC(=O)[O-])CCCCCCO
"20-Hydroxy-8,9-Epoxy-(5Z,11Z,14Z)-Eicosatrienoate",129626660,,,C20H31O4-,C(CC/C=C\C/C=C\CC1C(O1)C/C=C\CCCC(=O)[O-])CCO
"(8S,9R)-Epoxy-(5Z,11Z,14Z)-Eicosatrienoate",40490655,,,C20H31O3-,CCCCC/C=C\C/C=C\C[C@@H]1[C@@H](O1)C/C=C\CCCC(=O)[O-]
"14,15-Epoxy-(5Z,8Z,11Z,17Z)-Eicosatetraenoate",126456540,,,C20H29O3-,CC/C=C\CC1C(O1)C/C=C\C/C=C\C/C=C\CCCC(=O)[O-]
"11,12-Epoxy-(5Z,8Z,14Z,17Z)-Eicosatetraenoate",126456539,,,C20H29O3-,CC/C=C\C/C=C\CC1C(O1)C/C=C\C/C=C\CCCC(=O)[O-]
"8,9-Epoxy-(5Z,11Z,14Z,17Z)-Eicosatetraenoate",126456538,,,C20H29O3-,CC/C=C\C/C=C\C/C=C\CC1C(O1)C/C=C\CCCC(=O)[O-]
"2Alpha,17Beta-Dihydroxyandrost-4-En-3-One",14311666,,,C19H28O3,C[C@]12CC[C@H]3[C@H]([C@@H]1CC[C@@H]2O)CCC4=CC(=O)[C@@H](C[C@]34C)O
"10-Hydroxy-(5Z,8Z,11Z,14Z)-Eicosatetraenoate",53481450,,,C20H32O3,CCCCC/C=C\C/C=C\C(/C=C\C/C=C\CCCC(=O)O)O
"7-Hydroxy-(5Z,8Z,11Z,14Z)-Eicosatetraenoate",126456464,,,C20H31O3-,CCCCC/C=C\C/C=C\C/C=C\C(/C=C\CCCC(=O)[O-])O
"2-Exo-Hydroxy-1,4-Cineole",159051,,,C10H18O2,CC(C)[C@@]12CC[C@@](O1)([C@H](C2)O)C
"2-Exo-Hydroxy-1,8-Cineole",6857383,,,C10H18O2,C[C@@]12CC[C@@H](C[C@@H]1O)C(O2)(C)C
"16Alpha,17Beta-Estriol",5756,,,C18H24O3,C[C@]12CC[C@H]3[C@H]([C@@H]1C[C@H]([C@@H]2O)O)CCC4=C3C=CC(=C4)O
"16beta,17beta-estriol",68929,,,C18H24O3,C[C@]12CC[C@H]3[C@H]([C@@H]1C[C@@H]([C@@H]2O)O)CCC4=C3C=CC(=C4)O
"17Beta,18-Dihydroxy-3-Oxo-5Alpha-Androstanone",129011070,,,C19H30O3,C[C@]12CCC(=O)C[C@@H]1CC[C@@H]3[C@@H]2CC[C@]4([C@H]3CC[C@@H]4O)CO
Albendazole S-Oxide,83969,,,C12H15N3O3S,CCCS(=O)C1=CC2=C(C=C1)N=C(N2)NC(=O)OC
All-Trans-4-Hydroxyretinoate,6438629,,,C20H28O3,CC1=C(C(CCC1O)(C)C)/C=C/C(=C/C=C/C(=C/C(=O)O)/C)/C
6Beta-Hydroxyandrostenedione,65544,,,C19H26O3,C[C@]12CC[C@H]3[C@H]([C@@H]1CCC2=O)C[C@H](C4=CC(=O)CC[C@]34C)O
6Beta-Hydroxycortisol,6852390,,,C21H30O6,C[C@]12CCC(=O)C=C1[C@@H](C[C@@H]3[C@@H]2[C@H](C[C@]4([C@H]3CC[C@@]4(C(=O)CO)O)C)O)O
6Beta-Hydroxycortisone,53674638,,,C21H28O6,C[C@]12CCC(=O)C=C1[C@@H](C[C@@H]3[C@@H]2C(=O)C[C@]4([C@H]3CC[C@@]4(C(=O)CO)O)C)O
Fenbendazole S-Oxide,40854,,,C15H13N3O3S,COC(=O)NC1=NC2=C(N1)C=C(C=C2)S(=O)C3=CC=CC=C3
"N-(14,15-Epoxy-5Z,8Z,11Z-Eicosatrienoyl)-Ethanolamine",24778498,,,C22H37NO3,CCCCCC1C(O1)C/C=C\C/C=C\C/C=C\CCCC(=O)NCCO
"N-(11,12-Epoxy-5Z,8Z,14Z-Eicosatrienoyl)-Ethanolamine",16061183,,,C22H37NO3,CCCCC/C=C\CC1C(O1)C/C=C\C/C=C\CCCC(=O)NCCO
"N-(8,9-Epoxy-5Z,11Z,14Z-Eicosatrienoyl)-Ethanolamine",16061182,,,C22H37NO3,CCCCC/C=C\C/C=C\CC1C(O1)C/C=C\CCCC(=O)NCCO
6Beta-Hydroxyprogesterone,200149,,,C21H30O3,CC(=O)[C@H]1CC[C@@H]2[C@@]1(CC[C@H]3[C@H]2C[C@H](C4=CC(=O)CC[C@]34C)O)C
3-Hydroxyquinine,157225,,,C20H24N2O3,COC1=CC2=C(C=CN=C2C=C1)[C@H]([C@@H]3C[C@@H]4CCN3C[C@@]4(C=C)O)O
"6Beta,17Beta-Dihydroxyandrost-4-En-3-One",65543,,,C19H28O3,C[C@]12CC[C@H]3[C@H]([C@@H]1CC[C@@H]2O)C[C@H](C4=CC(=O)CC[C@]34C)O
1Beta-Hydroxytestosterone,54053901,,,C19H28O3,C[C@]12CC[C@H]3[C@H]([C@@H]1CC[C@@H]2O)CCC4=CC(=O)C[C@H]([C@]34C)O
"11Beta,17Beta-Dihydroxyandrost-4-Ene-3-One",114920,,,C19H28O3,C[C@]12CCC(=O)C=C1CC[C@@H]3[C@@H]2[C@H](C[C@]4([C@H]3CC[C@@H]4O)C)O
Cladofulvin,71434670,,,C30H18O10,CC1=CC2=C(C(=C1C3=C4C(=C(C=C3C)O)C(=O)C5=C(C4=O)C=CC(=C5O)O)O)C(=O)C6=C(C2=O)C=CC(=C6O)O
"1,2-Dehydroreticuline",440930,,,C19H22NO4+,C[N+]1=C(C2=CC(=C(C=C2CC1)OC)O)CC3=CC(=C(C=C3)OC)O
Serpentine,73391,,,C21H21N2O3+,C[C@H]1[C@H]2C[N+]3=C(C[C@@H]2C(=CO1)C(=O)OC)C4=C(C=C3)C5=CC=CC=C5N4
Alstonine,441979,,,C21H20N2O3,C[C@H]1[C@@H]2CN3C=CC4=C5C=CC=CC5=NC4=C3C[C@@H]2C(=CO1)C(=O)OC
Polyneuridine Aldehyde,15984703,,,C21H22N2O3,C/C=C\1/CN2[C@H]3C[C@@H]1[C@@]([C@@H]2CC4=C3NC5=CC=CC=C45)(C=O)C(=O)OC
(+)-Minovincinine,138911111,,,C21H27N2O3+,C[C@@H]([C@]12CCC[NH+]3[C@H]1[C@]4(CC3)C5=CC=CC=C5NC4=C(C2)C(=O)OC)O
4-Hydroxytryptamine,11297,,,C10H12N2O,C1=CC2=C(C(=C1)O)C(=CN2)CCN
Phenol,996,,,C6H6O,C1=CC=C(C=C1)O
2-Hydroxytoluene,335,,,C7H8O,CC1=CC=CC=C1O
Catechol,289,,,C6H6O2,C1=CC=C(C(=C1)O)O
"1,2,3-Trihydroxybenzene",1057,,,C6H6O3,C1=CC(=C(C(=C1)O)O)O
"N-(20-Hydroxy-5Z,8Z,11Z,14Z-Eicosatetraenoyl)-Ethanolamine",35027640,,,C22H37NO3,C(CC/C=C\C/C=C\C/C=C\C/C=C\CCCC(=O)NCCO)CCO
17Beta-Hydroxy-3-Oxo-19-Nor-5Alpha-Androst-1-Ene,129011074,,,C18H26O2,C[C@]12CC[C@H]3[C@H]([C@@H]1CC[C@@H]2O)CC[C@@H]4C3=CCC(=O)C4
"(1R,5S)-Carveol",443178,,,C10H16O,CC1=CC[C@@H](C[C@H]1O)C(=C)C
"(1S,5R)-Carveol",94221,,,C10H16O,CC1=CC[C@H](C[C@@H]1O)C(=C)C
(4S)-Perillyl Alcohol,369312,,,C10H16O,CC(=C)[C@H]1CCC(=CC1)CO
"(11R)-Hydroxy-(5Z,8Z,12E,14Z)-Eicosatetraenoate",86289661,,,C20H31O3-,CCCCC/C=C\C=C\[C@@H](C/C=C\C/C=C\CCCC(=O)[O-])O
"(12R)-Hydroxy-(5Z,8Z,10E,14Z)-Eicosatetraenoate",51404095,,,C20H31O3-,CCCCC/C=C\C[C@H](/C=C/C=C\C/C=C\CCCC(=O)[O-])O
"(15R)-Hydroxy-(5Z,8Z,11Z,13E)-Eicosatetraenoate",51404094,,,C20H31O3-,CCCCC[C@H](/C=C/C=C\C/C=C\C/C=C\CCCC(=O)[O-])O
"13(S)-Hydroxy-(5Z,8Z,11Z,14Z)-Eicosatetraenoate",126456501,,,C20H31O3-,CCCCC/C=C\[C@@H](/C=C\C/C=C\C/C=C\CCCC(=O)[O-])O
"9(R)-Hydroxy-(10E,12Z)-Octadecadienoate",51405081,,,C18H31O3-,CCCCC/C=C\C=C\[C@@H](CCCCCCCC(=O)[O-])O
"(13R)-Hydroxy-(9Z,11E)-Octadecadienoate",51404246,,,C18H31O3-,CCCCC[C@H](/C=C/C=C\CCCCCCCC(=O)[O-])O
11-Dehydrocorticosterone,5311364,,,C21H28O4,C[C@]12CCC(=O)C=C1CC[C@@H]3[C@@H]2C(=O)C[C@]4([C@H]3CC[C@@H]4C(=O)CO)C
4-Hydroxybenzoate,54675830,,,C7H5O3-,C1=CC(=CC=C1C(=O)O)[O-]
Aldosterone,5839,,,C21H28O5,C[C@]12CCC(=O)C=C1CC[C@@H]3[C@@H]2[C@H](C[C@]4([C@H]3CC[C@@H]4C(=O)CO)C=O)O
18-oxocortisol,123712,,,C21H28O6,C[C@]12CCC(=O)C=C1CC[C@@H]3[C@@H]2[C@H](C[C@]4([C@H]3CC[C@@]4(C(=O)CO)O)C=O)O
(11R)-Hydroxydodecanoate,86289577,,,C12H23O3-,C[C@H](CCCCCCCCCC(=O)[O-])O
"(24R)-7Alpha,24-Dihydroxycholesterol",24883434,,,C27H46O3,C[C@H](CC[C@H](C(C)C)O)[C@H]1CC[C@@H]2[C@@]1(CC[C@H]3[C@H]2[C@@H](C=C4[C@@]3(CC[C@@H](C4)O)C)O)C
"(24S)-Cholest-5-Ene-3Beta,7Alpha,24-Triol",11954196,,,C27H46O3,C[C@H](CC[C@@H](C(C)C)O)[C@H]1CC[C@@H]2[C@@]1(CC[C@H]3[C@H]2[C@@H](C=C4[C@@]3(CC[C@@H](C4)O)C)O)C
"4Beta,7Alpha-Dihydroxycholesterol",57066358,,,C27H46O3,C[C@H](CCCC(C)C)[C@H]1CC[C@@H]2[C@@]1(CC[C@H]3[C@H]2[C@@H](C=C4[C@@]3(CC[C@@H]([C@@H]4O)O)C)O)C
"7Alpha,8Alpha-Epoxy-5Alpha-Cholestan-3Beta-Ol",129011073,,,C27H46O2,C[C@H](CCCC(C)C)[C@H]1CC[C@@H]2[C@@]1(CC[C@H]3[C@]24[C@H](O4)C[C@@H]5[C@@]3(CC[C@@H](C5)O)C)C
5Alpha-Cholestan-7-Oxo-3Beta-Ol,10386423,,,C27H46O2,C[C@H](CCCC(C)C)[C@H]1CC[C@@H]2[C@@]1(CC[C@H]3[C@H]2C(=O)C[C@@H]4[C@@]3(CC[C@@H](C4)O)C)C
6Beta-Hydroxyestradiol-17Beta,440168,,,C18H24O3,C[C@]12CC[C@H]3[C@H]([C@@H]1CC[C@@H]2O)C[C@H](C4=C3C=CC(=C4)O)O
3Beta-Sulfooxy-16Alpha-Hydroxy-Androst-5-En-17-One,20848950,,,C19H27O6S-,C[C@]12CC[C@@H](CC1=CC[C@@H]3[C@@H]2CC[C@]4([C@H]3C[C@H](C4=O)O)C)OS(=O)(=O)[O-]
20-Hydroxy Prostaglandin A1,126456503,,,C20H31O5-,C1=CC(=O)[C@@H]([C@H]1/C=C/[C@H](CCCCCO)O)CCCCCCC(=O)[O-]
"(5Z,8Z,11Z,13E,15S)-Hydroxyeicosatetraenoate",25244486,,,C20H31O3-,CCCCC[C@@H](/C=C/C=C\C/C=C\C/C=C\CCCC(=O)[O-])O
Thromboxane A2,5280497,,,C20H32O5,CCCCC[C@@H](/C=C/[C@@H]1[C@H]([C@@H]2C[C@@H](O2)O1)C/C=C\CCCC(=O)O)O
"(12S)-Hydroxy-(5Z,8E,10E)-Heptadecatrienoate",102571778,,,C17H27O3-,CCCCC[C@@H](/C=C/C=C/C/C=C\CCCC(=O)[O-])O
4°‰-Hydroxyfenbendazole,153395,,,C15H13N3O3S,COC(=O)NC1=NC2=C(N1)C=C(C=C2)SC3=CC=C(C=C3)O
"5,20-Dihydroxy-(6E,8Z,11Z,14Z)-Eicosatetraenoate",102571783,,,C20H31O4-,C(CC/C=C\C/C=C\C/C=C\C=C\C(CCCC(=O)[O-])O)CCO
20-Hydroxy-6-Trans-Leukotriene B4,102571794,,,C20H32O5,C(CC/C=C\C[C@H](/C=C/C=C/C=C/[C@H](CCCC(=O)O)O)O)CCO
"8,20-Dihydroxy-(5Z,9E,11Z,14Z)-Eicosatetraenoate",102571786,,,C20H31O4-,C(CC/C=C\C/C=C\C=C\C(C/C=C\CCCC(=O)[O-])O)CCO
20-Hydroxy-Lipoxin A4,102571780,,,C20H31O6-,C(CC[C@@H](/C=C/C=C\C=C\C=C\[C@H]([C@H](CCCC(=O)[O-])O)O)O)CCO
Berbamunine,440585,,,C36H40N2O6,CN1CCC2=CC(=C(C=C2[C@@H]1CC3=CC=C(C=C3)OC4=C(C=CC(=C4)C[C@@H]5C6=CC(=C(C=C6CCN5C)OC)O)O)O)OC
An S-[(1E)-1-(Hydroxyimino)-Omega-(Methylsulfanyl)Alkyl]-L-Glutathione,90657181,,,C15H26N4O7S2,CSCCC/C(=N\O)/SC[C@@H](C(=O)NCC(=O)O)NC(=O)CC[C@@H](C(=O)O)N
Erythromycin C,83933,,,C36H65NO13,CC[C@@H]1[C@@]([C@@H]([C@H](C(=O)[C@@H](C[C@@]([C@@H]([C@H]([C@@H]([C@H](C(=O)O1)C)O[C@H]2C[C@@]([C@H]([C@@H](O2)C)O)(C)O)C)O[C@H]3[C@@H]([C@H](C[C@H](O3)C)N(C)C)O)(C)O)C)C)O)(C)O
"(13R)-Hydroxy-(14S,15S)-Epoxy-(5Z,8Z,11Z)-Eicosatrienoate",71728436,,,C20H31O4-,CCCCC[C@H]1[C@@H](O1)[C@@H](/C=C\C/C=C\C/C=C\CCCC(=O)[O-])O
"(13S)-Hydroxy-(14S,15S)-Epoxy-(5Z,8Z,11Z)-Eicosatrienoate",129626618,,,C20H31O4-,CCCCC[C@H]1[C@@H](O1)[C@H](/C=C\C/C=C\C/C=C\CCCC(=O)[O-])O
"5,6-Epoxy-(8Z,11Z,14Z)-Eicosatrienoate",119058158,,,C20H31O3-,CCCCC/C=C\C/C=C\C/C=C\CC1C(O1)CCCC(=O)[O-]
Hydroxyalbendazole,131841459,,,C12H15N3O3S,COC(=O)NC1=NC2=C(N1)C=C(C=C2)SCCCO
20-Hydroxy Prostaglandin E1,6443810,,,C20H34O6,C1[C@H]([C@@H]([C@H](C1=O)CCCCCCC(=O)O)/C=C/[C@H](CCCCCO)O)O
"16(R)-Hydroxy-(5Z,8Z,11Z,14Z)-Eicosatetraenoate",40469838,,,C20H31O3-,CCCC[C@H](/C=C\C/C=C\C/C=C\C/C=C\CCCC(=O)[O-])O
"16(S)-Hydroxy-(5Z,8Z,11Z,14Z)-Eicosatetraenoate",25320820,,,C20H31O3-,CCCC[C@@H](/C=C\C/C=C\C/C=C\C/C=C\CCCC(=O)[O-])O
13-Hydroxy-Alpha-Tocopherol,53481465,,,C29H50O3,CC1=C(C2=C(CC[C@@](O2)(C)CCC[C@H](C)CCC[C@H](C)CCCC(C)CO)C(=C1O)C)C
"22-Hydroxy-(4Z,7Z,10Z,13Z,16Z,19Z)-Docosahexaenoate",72715841,,,C22H31O3-,C(CC(=O)[O-])/C=C\C/C=C\C/C=C\C/C=C\C/C=C\C/C=C\CCO
"20-Hydroxy-(5Z,8Z,11Z)-Eicosatrienoate",119058183,,,C20H33O3-,C(CCCCO)CCC/C=C\C/C=C\C/C=C\CCCC(=O)[O-]
"18-Hydroxy-(9R,10S)-Epoxy-Octadecanoate",25203078,,,C18H33O4-,C(CCCCO)CCC[C@H]1[C@H](O1)CCCCCCCC(=O)[O-]
"18-Hydroxy-(9S,10R)-Epoxy-Octadecanoate",129626650,,,C18H33O4-,C(CCCCO)CCC[C@@H]1[C@@H](O1)CCCCCCCC(=O)[O-]
"18-Hydroxy-12,13-Epoxy-(9Z)-Octadecenoate",129626656,,,C18H31O4-,C(CCC/C=C\CC1C(O1)CCCCCO)CCCC(=O)[O-]
"12,20-Dihydroxy-(5Z,8Z,10E,14Z)-Eicosatetraenoate",102571789,,,C20H31O4-,C(CC/C=C\CC(/C=C/C=C\C/C=C\CCCC(=O)[O-])O)CCO
"12,18-Dihydroxyoctadecanoate",118796921,,,C18H35O4-,C(CCCCCC(=O)[O-])CCCCC(CCCCCCO)O
Docosanedioate,22173968,,,C22H40O4-2,C(CCCCCCCCCCC(=O)[O-])CCCCCCCCCC(=O)[O-]
Hexacosanedioate,20482293,,,C26H48O4-2,C(CCCCCCCCCCCCC(=O)[O-])CCCCCCCCCCCC(=O)[O-]
"3,16-Dihydroxyhexadecanoate",56927873,,,C16H31O4-,C(CCCCCCC(CC(=O)[O-])O)CCCCCCO
"3,18-Dihydroxyoctadecanoate",72551561,,,C18H35O4-,C(CCCCCCCC(CC(=O)[O-])O)CCCCCCCO
"18-Hydroxy-9,10-Epoxy-(12Z)-Octadecenoate",129626653,,,C18H31O4-,C(CCCC1C(O1)C/C=C\CCCCCO)CCCC(=O)[O-]
13-Hydroxy-Gamma-Tocopherol,90659907,,,C28H48O3,CC1=C(C=C2CC[C@@](OC2=C1C)(C)CCC[C@H](C)CCC[C@H](C)CCCC(C)CO)O
Omega-Hydroxymenaquinone-4,16725935,,,C31H40O3,CC1=C(C(=O)C2=CC=CC=C2C1=O)C/C=C(\C)/CC/C=C(\C)/CC/C=C(\C)/CC/C=C(\C)/CO
Omega-Hydroxyphylloquinone,86289501,,,C31H46O3,CC1=C(C(=O)C2=CC=CC=C2C1=O)C/C=C(\C)/CCC[C@H](C)CCC[C@H](C)CCCC(C)CO
24-Hydroxytetracosanoate,26120008,,,C24H47O3-,C(CCCCCCCCCCCC(=O)[O-])CCCCCCCCCCCO
(2S)-2-Hydroxynaringenin,86311108,,,C15H12O6,C1C(=O)C2=C(C=C(C=C2O[C@@]1(C3=CC=C(C=C3)O)O)O)O
Licodione,439528,,,C15H12O5,C1=CC(=CC=C1C(=O)CC(=O)C2=C(C=C(C=C2)O)O)O
16-Hydroxytabersonine,443326,,,C21H24N2O3,CC[C@]12CC(=C3[C@@]4([C@H]1N(CC4)CC=C2)C5=C(N3)C=C(C=C5)O)C(=O)OC
"20-Hydroxy-(4Z,7Z,10Z,13Z,16Z)-Docosapentaenoate",122391352,,,C22H33O3-,CCC(CC/C=C\C/C=C\C/C=C\C/C=C\C/C=C\CCC(=O)[O-])O
"10,11-Epoxy-(4Z,7Z,13Z,16Z,19Z)-Docosapentaenoate",122391344,,,C22H31O3-,CC/C=C\C/C=C\C/C=C\CC1C(O1)C/C=C\C/C=C\CCC(=O)[O-]
"13,14-Epoxy-(4Z,7Z,10Z,16Z,19Z)-Docosapentaenoate",122391343,,,C22H31O3-,CC/C=C\C/C=C\CC1C(O1)C/C=C\C/C=C\C/C=C\CCC(=O)[O-]
"16,17-Epoxy-(4Z,7Z,10Z,13Z,19Z)-Docosapentaenoate",122391342,,,C22H31O3-,CC/C=C\CC1C(O1)C/C=C\C/C=C\C/C=C\C/C=C\CCC(=O)[O-]
"19,20-Epoxy-(4Z,7Z,10Z,13Z,16Z)-Docosapentaenoate",122391341,,,C22H31O3-,CCC1C(O1)C/C=C\C/C=C\C/C=C\C/C=C\C/C=C\CCC(=O)[O-]
"(18R)-Hydroxy-(5Z,8Z,11Z,14Z)-Eicosatetraenoate",25321064,,,C20H31O3-,CC[C@H](CC/C=C\C/C=C\C/C=C\C/C=C\CCCC(=O)[O-])O
"10,11-Epoxy-(7Z,13Z,16Z,19Z)-Docosatetraenoate",122391350,,,C22H33O3-,CC/C=C\C/C=C\C/C=C\CC1C(O1)C/C=C\CCCCCC(=O)[O-]
"13,14-Epoxy-(7Z,10Z,16Z,19Z)-Docosatetraenoate",122391348,,,C22H33O3-,CC/C=C\C/C=C\CC1C(O1)C/C=C\C/C=C\CCCCCC(=O)[O-]
"16,17-Epoxy-(7Z,10Z,13Z,19Z)-Docosatetraenoate",122391346,,,C22H33O3-,CC/C=C\CC1C(O1)C/C=C\C/C=C\C/C=C\CCCCCC(=O)[O-]
"19,20-Epoxy-(7Z,10Z,13Z,16Z)-Docosatetraenoate",122391345,,,C22H33O3-,CCC1C(O1)C/C=C\C/C=C\C/C=C\C/C=C\CCCCCC(=O)[O-]
19-Hydroxyprostaglandin H1,102571762,,,C20H34O6,CC(CCC[C@@H](/C=C/[C@H]1[C@H]2C[C@@H]([C@@H]1CCCCCCC(=O)O)OO2)O)O
19-Hydroxyprostaglandin H2,56927874,,,C20H32O6,CC(CCC[C@@H](/C=C/[C@H]1[C@H]2C[C@@H]([C@@H]1C/C=C\CCCC(=O)O)OO2)O)O
19-Hydroxy-Prostaglandin I2,129626826,,,C20H31O6-,CC(CCC[C@@H](/C=C/[C@H]1[C@@H](C[C@H]2[C@@H]1C/C(=C/CCCC(=O)[O-])/O2)O)O)O
(3Beta)-Hydroxy-Cholest-5-En-26-Oate,86583417,,,C27H43O3-,C[C@H](CCCC(C)C(=O)[O-])[C@H]1CC[C@@H]2[C@@]1(CC[C@H]3[C@H]2CC=C4[C@@]3(CC[C@@H](C4)O)C)C
3-Methoxymorphinan,5484286,,,C17H23NO,COC1=CC2=C(C[C@@H]3[C@H]4[C@@]2(CCCC4)CCN3)C=C1
"(2E,6E)-Omega-Hydroxy-Farnesyl Diphosphate",86583470,,,C15H25O8P2-3,C/C(=C\CC/C(=C/COP(=O)([O-])OP(=O)([O-])[O-])/C)/CC/C=C(\C)/CO
"(2E,6E,10E)-Geranylgeranate",22447769,,,C20H31O2-,CC(=CCC/C(=C/CC/C(=C/CC/C(=C/C(=O)[O-])/C)/C)/C)C
Omega-Hydroxy-15-Methyl-Hexadecanoate,86290129,,,C17H33O3-,CC(CCCCCCCCCCCCCC(=O)[O-])CO
"Omega-Hydroxy-3,7,11,15-Tetramethyl-Hexadecanoate",86290131,,,C20H39O3-,CC(CCCC(C)CCCC(C)CO)CCCC(C)CC(=O)[O-]
Mycocyclosin,59053147,,,C18H16N2O4,C1[C@H]2C(=O)N[C@@H](CC3=CC(=C(C=C3)O)C4=C(C=CC1=C4)O)C(=O)N2
Cyclodityrosine,192816,,,C18H18N2O4,C1=CC(=CC=C1CC2C(=O)NC(C(=O)N2)CC3=CC=C(C=C3)O)O
"4Alpha-Methyl-5Alpha-Ergosta-8,14,24(28)-Trien-3Beta-Ol",443237,,,C29H46O,C[C@H]1[C@@H]2CCC3=C([C@]2(CC[C@@H]1O)C)CC[C@]4(C3=CC[C@@H]4[C@H](C)CCC(=C)C(C)C)C
"4,4-Dimethyl-8,14-Cholestadien-3Beta-Ol",167817,,,C29H48O,C[C@H](CCCC(C)C)[C@H]1CC=C2[C@@]1(CCC3=C2CC[C@@H]4[C@@]3(CC[C@@H](C4(C)C)O)C)C
Erythronolide B,441113,,,C21H38O7,CC[C@@H]1[C@@H]([C@@H]([C@H](C(=O)[C@@H](C[C@@]([C@@H]([C@H]([C@@H]([C@H](C(=O)O1)C)O)C)O)(C)O)C)C)O)C
Versicolorin A,638297,,,C18H10O7,C1=CO[C@H]2[C@@H]1C3=C(O2)C=C4C(=C3O)C(=O)C5=C(C4=O)C=C(C=C5O)O
"(25R)-3Beta,4Beta-Dihydroxycholest-5-En-26-Oate",91825747,,,C27H43O4-,C[C@H](CCC[C@@H](C)C(=O)[O-])[C@H]1CC[C@@H]2[C@@]1(CC[C@H]3[C@H]2CC=C4[C@@]3(CC[C@@H]([C@@H]4O)O)C)C
(25R)-3Beta-Hydroxy-5-Cholestenoate,40579072,,,C27H43O3-,C[C@H](CCC[C@@H](C)C(=O)[O-])[C@H]1CC[C@@H]2[C@@]1(CC[C@H]3[C@H]2CC=C4[C@@]3(CC[C@@H](C4)O)C)C
(25R)-3Beta-Hydroxycholest-5-En-7-One-26-Oate,91828282,,,C27H41O4-,C[C@H](CCC[C@@H](C)C(=O)[O-])[C@H]1CC[C@@H]2[C@@]1(CC[C@H]3[C@H]2C(=O)C=C4[C@@]3(CC[C@@H](C4)O)C)C
(25R)-26-Hydroxycholestanol,102574038,,,C27H48O2,C[C@H](CCC[C@@H](C)[C@H]1CC[C@@H]2[C@@]1(CC[C@H]3[C@H]2CC[C@@H]4[C@@]3(CC[C@@H](C4)O)C)C)CO
(E)-4-Coumarate,54708745,,,C9H7O3-,C1=CC(=CC=C1/C=C/C(=O)O)[O-]
Secoxyloganin,162868,,,C17H24O11,COC(=O)C1=CO[C@H]([C@@H]([C@@H]1CC(=O)O)C=C)O[C@H]2[C@@H]([C@H]([C@@H]([C@H](O2)CO)O)O)O
15Beta-Hydroxyprogesterone,23239834,,,C21H30O3,CC(=O)[C@H]1C[C@H]([C@@H]2[C@@]1(CC[C@H]3[C@H]2CCC4=CC(=O)CC[C@]34C)C)O
Homogentisate,780,,,C8H8O4,C1=CC(=C(C=C1O)CC(=O)O)O
"2,4,5-Trihydroxyphenylacetate",129626790,,,C8H7O5-,C1=C(C(=CC(=C1O)O)O)CC(=O)[O-]
"(1S)-1,23,25-Trihydroxy-24-Oxocalciol",10478755,,,C27H42O5,C[C@H](CC(C(=O)C(C)(C)O)O)[C@H]1CC[C@@H]\2[C@@]1(CCC/C2=C\C=C/3\C[C@H](C[C@@H](C3=C)O)O)C
Calcitroate,45266736,,,C23H33O4-,C[C@H](CC(=O)[O-])[C@H]1CC[C@@H]\2[C@@]1(CCC/C2=C\C=C/3\C[C@H](C[C@@H](C3=C)O)O)C
"20S,23,25-Trihydroxycholecalciferol",88994789,,,C27H44O4,C[C@]12CCC/C(=C\C=C/3\C[C@H](CCC3=C)O)/[C@@H]1CC[C@@H]2[C@](C)(CC(CC(C)(C)O)O)O
"20S,25-Dihydroxycholecalciferol",88994672,,,C27H44O3,C[C@]12CCC/C(=C\C=C/3\C[C@H](CCC3=C)O)/[C@@H]1CC[C@@H]2[C@](C)(CCCC(C)(C)O)O
"20S,24R-Dihydroxycholecalciferol",118796927,,,C27H44O3,CC(C)[C@@H](CC[C@@](C)([C@H]1CC[C@@H]\2[C@@]1(CCC/C2=C\C=C/3\C[C@H](CCC3=C)O)C)O)O
"23S,25-Dihydroxy-24-Oxocholecalciferol",5283704,,,C27H42O4,C[C@H](C[C@@H](C(=O)C(C)(C)O)O)[C@H]1CC[C@@H]\2[C@@]1(CCC/C2=C\C=C/3\C[C@H](CCC3=C)O)C
"1Alpha,23S,25-Trihydroxycholecalciferol",9547450,,,C27H44O4,C[C@H](C[C@@H](CC(C)(C)O)O)[C@H]1CC[C@@H]\2[C@@]1(CCC/C2=C\C=C/3\C[C@H](C[C@@H](C3=C)O)O)C
"(23S)-23,25-Dihydroxycalciol",5283747,,,C27H44O3,C[C@H](C[C@@H](CC(C)(C)O)O)[C@H]1CC[C@@H]\2[C@@]1(CCC/C2=C\C=C/3\C[C@H](CCC3=C)O)C
"(12R),18-Dihydroxy-(9Z)-Octadecenoate",118796922,,,C18H33O4-,C(CCC/C=C\C[C@@H](CCCCCCO)O)CCCC(=O)[O-]
"20-Hydroxy-11,12-Epoxy-(5Z,8Z,14Z)-Eicosatrienoate",129626662,,,C20H31O4-,C(CC/C=C\CC1C(O1)C/C=C\C/C=C\CCCC(=O)[O-])CCO
"20-Hydroxy-14,15-Epoxy-(5Z,8Z,11Z)-Eicosatrienoate",129626664,,,C20H31O4-,C(CCC1C(O1)C/C=C\C/C=C\C/C=C\CCCC(=O)[O-])CCO
20-Carboxy-Leukotriene B4,5280877,,,C20H30O6,C(CCC(=O)O)C/C=C\C[C@H](/C=C/C=C/C=C\[C@H](CCCC(=O)O)O)O
"5,20-Dihydroxy-(6E,8Z,11Z,14Z,17Z)-Eicosapentaenoate",118796923,,,C20H29O4-,C(CC(/C=C/C=C\C/C=C\C/C=C\C/C=C\CCO)O)CC(=O)[O-]
"18-Hydroxy-9,10-Epoxy-Octadecanoate",25245732,,,C18H33O4-,C(CCCCO)CCCC1C(O1)CCCCCCCC(=O)[O-]
20-Hydroxy-Lipoxin B4,6443680,,,C20H32O6,C(CC[C@@H]([C@@H](/C=C/C=C/C=C\C=C\[C@H](CCCC(=O)O)O)O)O)CCO
"20S,23,24-Trihydroxycholecalciferol",88994736,,,C27H44O4,CC(C)C(C(C[C@@](C)([C@H]1CC[C@@H]\2[C@@]1(CCC/C2=C\C=C/3\C[C@H](CCC3=C)O)C)O)O)O
"20S,24S-Dihydroxycholecalciferol",118796928,,,C27H44O3,CC(C)[C@H](CC[C@@](C)([C@H]1CC[C@@H]\2[C@@]1(CCC/C2=C\C=C/3\C[C@H](CCC3=C)O)C)O)O
Monacolin J Carboxylate,29918871,,,C19H29O5-,C[C@@H]1C[C@@H]([C@@H]2[C@H]([C@H](C=CC2=C1)C)CC[C@H](C[C@H](CC(=O)[O-])O)O)O
"9Beta-Pimara-7,15-Diene-3Beta-Ol",53375327,,,C20H32O,C[C@]1(CC[C@@H]2C(=CC[C@@H]3[C@@]2(CC[C@@H](C3(C)C)O)C)C1)C=C
"9Beta-Pimara-7,15-Dien-19-Oate",56927945,,,C20H29O2-,C[C@]1(CC[C@@H]2C(=CC[C@@H]3[C@@]2(CCC[C@]3(C)C(=O)[O-])C)C1)C=C
Betaenone B,158750,,,C21H36O5,CC[C@@H](C)[C@@H]1[C@]([C@H]2[C@@H](C[C@@](C[C@@H]2C(=O)[C@@]1(C)O)(C)O)C)(C)C(=O)CCO
Stemphyloxin Ii,139291705,,,C21H34O6,CC[C@@H](CO)[C@@H]1[C@]2([C@H]3[C@@H](C[C@@](C[C@@H]3[C@@]([C@@]1(C)O)(/C(=C/O)/C2=O)O)(C)O)C)C
Stemphyloxin I,6440666,,,C21H34O6,CC[C@@H](CO)[C@@H]1[C@]([C@H]2[C@@H](C[C@@](C[C@@H]2C(=O)[C@@]1(C)O)(C)O)C)(C)C(=O)/C=C\O
14-Apo-Arabidiol,134820191,,,C19H32O2,CC(=O)[C@@H]1CC[C@H]2[C@]1(CC[C@@H]3[C@@]2(CC[C@@H](C3(C)C)O)C)C
"(1°‰S,5°‰S)-5°‰-Hydroxyaverantin",25203397,,,C20H20O8,C[C@@H](CCC[C@@H](C1=C(C=C2C(=C1O)C(=O)C3=C(C2=O)C=C(C=C3O)O)O)O)O
"(1°‰S,5°‰R)-5°‰-Hydroxyaverantin",25201116,,,C20H20O8,C[C@H](CCC[C@@H](C1=C(C=C2C(=C1O)C(=O)C3=C(C2=O)C=C(C=C3O)O)O)O)O
Hyoscyamine Aldehyde,145865034,,,C17H22NO3+,C[NH+]1[C@@H]2CC[C@H]1CC(C2)OC(=O)C(C=O)C3=CC=CC=C3
(+)-Artemisinate,52940136,,,C15H21O2-,C[C@@H]1CC[C@H]([C@@H]2[C@H]1CCC(=C2)C)C(=C)C(=O)[O-]
1-Adamantanol,64152,,,C10H16O,C1C2CC3CC1CC(C2)(C3)O
5-Exo-Hydroxycamphor,447414,,,C10H16O2,C[C@@]12C[C@H]([C@@H](C1(C)C)CC2=O)O
2-Methyl-2-Pentanol,11543,,,C6H14O,CCCC(C)(C)O
"1,8-Octanediol",69420,,,C8H18O2,C(CCCCO)CCCO
Gypsogenate,25200390,,,C30H44O5-2,C[C@]12CC[C@@H]([C@@](C1CC[C@@]3(C2CC=C4[C@]3(CC[C@@]5(C4CC(CC5)(C)C)C(=O)[O-])C)C)(C)C(=O)[O-])O
Nornicotine,412,,,C9H12N2,C1CC(NC1)C2=CN=CC=C2
"22(R),23(R)-Dihydroxycampest-4-En-3-One",52931381,,,C28H46O3,C[C@@H]([C@H]1CC[C@@H]2[C@@]1(CC[C@H]3[C@H]2CCC4=CC(=O)CC[C@]34C)C)[C@H]([C@@H]([C@@H](C)C(C)C)O)O
3-Dehydroteasterone,14353979,,,C28H46O4,C[C@@H]([C@H]1CC[C@@H]2[C@@]1(CC[C@H]3[C@H]2CC(=O)[C@@H]4[C@@]3(CCC(=O)C4)C)C)[C@H]([C@@H]([C@@H](C)C(C)C)O)O
All-Trans-3-Hydroxyretinol,6505649,,,C20H30O2,CC1=C(C(CC(C1)O)(C)C)/C=C/C(=C/C=C/C(=C/CO)/C)/C
All-Trans-4-Hydroxyretinol,6080476,,,C20H30O2,CC1=C(C(CCC1O)(C)C)/C=C/C(=C/C=C/C(=C/CO)/C)/C
Pyren-1-Ol,21387,,,C16H10O,C1=CC2=C3C(=C1)C=CC4=C(C=CC(=C43)C=C2)O
P-Hydroxybenzyl Alcohol,125,,,C7H8O2,C1=CC(=CC=C1CO)O
DIBOA,28495,,,C8H7NO4,C1=CC=C2C(=C1)N(C(=O)C(O2)O)O
Mycinamicin I,6447308,,,C37H61NO12,CC[C@@H]1[C@H](C2C(O2)/C=C/C(=O)[C@@H](C[C@@H]([C@@H]([C@H](/C=C/C(=O)O1)C)O[C@H]3[C@@H]([C@H](C[C@H](O3)C)N(C)C)O)C)C)CO[C@H]4[C@@H]([C@@H]([C@@H]([C@H](O4)C)O)OC)OC
Mycinamicin Ii,49787022,,,C37H61NO13,CC[C@@H]1[C@]([C@@H]2[C@H](O2)/C=C/C(=O)[C@@H](C[C@@H]([C@@H]([C@H](/C=C/C(=O)O1)C)O[C@H]3[C@@H]([C@H](C[C@H](O3)C)N(C)C)O)C)C)(CO[C@H]4[C@@H]([C@@H]([C@@H]([C@H](O4)C)O)OC)OC)O
(6E)-8-Oxolinalool,15276226,,,C10H16O2,C/C(=C\CCC(C)(C=C)O)/C=O
Pravastatin,54687,,,C23H36O7,CC[C@H](C)C(=O)O[C@H]1C[C@@H](C=C2[C@H]1[C@H]([C@H](C=C2)C)CC[C@H](C[C@H](CC(=O)O)O)O)O
Pravastatin Sodium,16759173,,,C23H35NaO7,CC[C@H](C)C(=O)O[C@H]1C[C@@H](C=C2[C@H]1[C@H]([C@H](C=C2)C)CC[C@H](C[C@H](CC(=O)[O-])O)O)O.[Na+]
Carminomycin,443831,,,C26H27NO10,C[C@H]1[C@H]([C@H](C[C@@H](O1)O[C@H]2C[C@@](CC3=C2C(=C4C(=C3O)C(=O)C5=C(C4=O)C(=CC=C5)O)O)(C(=O)C)O)N)O
22-Hydroxy-Cholesterol,54294140,,,C27H46O2,C[C@@H]([C@H]1CC[C@@H]2[C@@]1(CC[C@H]3[C@H]2CC=C4[C@@]3(CCC(C4)O)C)C)C(CCC(C)C)O
(2S)-2-Hydroxyeriodictyol,134716708,,,C15H12O7,C1C(=O)C2=C(C=C(C=C2O[C@@]1(C3=CC(=C(C=C3)O)O)O)O)O
1-Hexadecanol,2682,,,C16H34O,CCCCCCCCCCCCCCCCO
(S)-2-Decanol,637571,,,C10H22O,CCCCCCCC[C@H](C)O
(S)-2-Heptanol,2724897,,,C7H16O,CCCCC[C@H](C)O
(S)-2-Octanol,2723888,,,C8H18O,CCCCCC[C@H](C)O
(S)-2-Nonanol,11094753,,,C9H20O,CCCCCCC[C@H](C)O
"(24S,25)-Epoxy-7Alpha-Hydroxycholesterol",10549853,,,C27H44O3,C[C@H](CC[C@H]1C(O1)(C)C)[C@H]2CC[C@@H]3[C@@]2(CC[C@H]4[C@H]3[C@@H](C=C5[C@@]4(CC[C@@H](C5)O)C)O)C
"(22R,7Alpha)-Dihydroxycholesterol",128674,,,C27H46O3,C[C@@H]([C@H]1CC[C@@H]2[C@@]1(CC[C@H]3[C@H]2[C@@H](C=C4[C@@]3(CC[C@@H](C4)O)C)O)C)[C@@H](CCC(C)C)O
6Beta-Hydroxylithocholate,5283821,,,C24H40O4,C[C@H](CCC(=O)O)[C@H]1CC[C@@H]2[C@@]1(CC[C@H]3[C@H]2C[C@H]([C@H]4[C@@]3(CC[C@H](C4)O)C)O)C
1-Undecanol,8184,,,C11H24O,CCCCCCCCCCCO
P-Cumic Alcohol,325,,,C10H14O,CC(C)C1=CC=C(C=C1)CO
2-Methyl-1-Octanol,102495,,,C9H20O,CCCCCCC(C)CO
"Ent-11Beta-Hydroxycassa-12,15-Diene",56927994,,,C20H32O,C[C@H]1[C@H]2CC[C@H]3[C@]([C@@H]2[C@@H](C=C1C=C)O)(CCCC3(C)C)C
"(1S,6R)-Isopiperitenol",439410,,,C10H16O,CC1=C[C@@H]([C@H](CC1)C(=C)C)O
"N,N-dihydroxy-L-isoleucine",49852350,,,C6H13NO4,CC[C@H](C)[C@@H](C(=O)O)N(O)O
(E)-2-methylpropanal oxime,5324282,,,C4H9NO,CC(C)/C=N/O
"N,N-dihydroxy-L-valine",25202133,,,C5H11NO4,CC(C)[C@@H](C(=O)O)N(O)O
"2alpha,7beta-dihydroxytaxusin",163358868,,,C28H40O10,CC1=C2[C@H]([C@@H]([C@@]3([C@H](C[C@@H](C(=C)[C@H]3[C@@H]([C@@H](C2(C)C)C[C@@H]1OC(=O)C)O)OC(=O)C)O)C)OC(=O)C)OC(=O)C
Caffeic Acid,689043,,,C9H8O4,C1=CC(=C(C=C1/C=C/C(=O)O)O)O
Omega-Hydroxy-Triacontanoate,71768153,,,C30H59O3-,C(CCCCCCCCCCCCCCC(=O)[O-])CCCCCCCCCCCCCCO
an omega-hydroxy-ultra-long-chain fatty acid,85346891,,,C2H3O3R-,OC*C([O-])=O
Juvenile Hormone Iii,5281523,,,C16H26O3,C/C(=C\CC/C(=C/C(=O)OC)/C)/CC[C@@H]1C(O1)(C)C
Calycosin,5280448,,,C16H12O5,COC1=C(C=C(C=C1)C2=COC3=C(C2=O)C=CC(=C3)O)O
2°‰-Hydroxyformononetin,5280551,,,C16H12O5,COC1=CC(=C(C=C1)C2=COC3=C(C2=O)C=CC(=C3)O)O
Oryzalexin D,86289489,,,C20H32O2,C[C@]1(CC[C@@H]2C(=C1)[C@H](C[C@H]3[C@]2(CC[C@H](C3(C)C)O)C)O)C=C
Oryzalexin E,86289490,,,C20H32O2,C[C@]1(CC[C@@]2(C(=C1)CC[C@H]3[C@]2(CC[C@H](C3(C)C)O)C)O)C=C
"Ent-3Beta-Hydroxycassa-12,15-Dien-2-One",131801252,,,C20H30O2,C[C@H]1[C@H]2CC[C@H]3[C@]([C@@H]2CC=C1C=C)(CC(=O)[C@H](C3(C)C)O)C
7-Hydroxydodecanoate,90659904,,,C12H23O3-,CCCCCC(CCCCCC(=O)[O-])O
"3Beta-Hydroxy-9Beta-Pimara-7,15-Dien-19,6Beta-Olide",21596475,,,C20H28O3,C[C@]1(CC[C@@H]2C(=C[C@@H]3[C@@H]4[C@@]2(CC[C@@H]([C@@]4(C(=O)O3)C)O)C)C1)C=C
Gibberellin A1,5280379,,,C19H24O6,C[C@@]12[C@H](CC[C@@]3([C@@H]1[C@@H]([C@]45[C@H]3CC[C@](C4)(C(=C)C5)O)C(=O)O)OC2=O)O
"2-Oxo-N-[(5Z,8Z,11Z,14Z)-Eicosatetraenoyl]-Serotonin",121225536,,,C30H42N2O3,CCCCC/C=C\C/C=C\C/C=C\C/C=C\CCCC(=O)NCCC1C2=C(C=CC(=C2)O)NC1=O
Pentalenate,70678937,,,C15H21O3-,C[C@@H]1CC[C@@H]2[C@]13CC([C@@H]([C@H]3C=C2C(=O)[O-])O)(C)C
Pentalen-13-Al,56927808,,,C15H22O,C[C@@H]1CC[C@@H]2[C@]13CC(C[C@H]3C=C2C=O)(C)C
"2,7-Dihydroxy-5-Methyl-1-Naphthoate",86289503,,,C12H9O4-,CC1=CC(=CC2=C1C=CC(=C2C(=O)O)[O-])O
"10Beta,14Beta-Dihydroxytaxa-4(20),11-Dien-5Alpha-Yl Acetate",5321779,,,C22H34O4,CC1=C2[C@H](C[C@@]3(CC[C@@H](C(=C)[C@H]3C[C@@H](C2(C)C)[C@H](C1)O)OC(=O)C)C)O
8-Hydroxydodecanoate,155802527,,,C12H23O3-,CCCCC(CCCCCCC(=O)[O-])O
10-Hydroxydodecanoate,148244558,,,C12H23O3-,CCC(CCCCCCCCC(=O)[O-])O
9-Hydroxydodecanoate,148241338,,,C12H23O3-,CCCC(CCCCCCCC(=O)[O-])O
11-Hydroxytetradecanoate,155802572,,,C14H27O3-,CCCC(CCCCCCCCCC(=O)[O-])O
12-Hydroxytetradecanoate,155802571,,,C14H27O3-,CCC(CCCCCCCCCCC(=O)[O-])O
10-Hydroxytetradecanoate,155802570,,,C14H27O3-,CCCCC(CCCCCCCCC(=O)[O-])O
9-Hydroxytetradecanoate,154240080,,,C14H27O3-,CCCCCC(CCCCCCCC(=O)[O-])O
Rosmarinic Acid,5281792,,,C18H16O8,C1=CC(=C(C=C1C[C@H](C(=O)O)OC(=O)/C=C/C2=CC(=C(C=C2)O)O)O)O
"(10Z,15Z)-12-Oxophytodienoate",45266620,,,C18H27O3-,CC/C=C\C[C@H]1[C@H](C=CC1=O)CCCCCCCC(=O)[O-]
1-[11-Hydroxy-(9Z)-Octadecenoyl]-Sn-Glycero-3-Phosphocholine,121225544,,,C26H52NO8P,CCCCCCCC(/C=C\CCCCCCCC(=O)OC[C@H](COP(=O)([O-])OCC[N+](C)(C)C)O)O
1-[8-Hydroxy-(9Z)-Octadecenoyl]-Sn-Glycero-3-Phosphocholine,121225542,,,C26H52NO8P,CCCCCCCC/C=C\C(CCCCCCC(=O)OC[C@H](COP(=O)([O-])OCC[N+](C)(C)C)O)O
"1-[(9R,10S)-Epoxy-Octadecanoyl]-Sn-Glycero-3-Phosphocholine",121225540,,,C26H52NO8P,CCCCCCCC[C@H]1[C@H](O1)CCCCCCCC(=O)OC[C@H](COP(=O)([O-])OCC[N+](C)(C)C)O
"1-[(9S,10R)-Epoxy-Octadecanoyl]-Sn-Glycero-3-Phosphocholine",121225538,,,C26H52NO8P,CCCCCCCC[C@@H]1[C@@H](O1)CCCCCCCC(=O)OC[C@H](COP(=O)([O-])OCC[N+](C)(C)C)O
"2-Endo-Hydroxy-1,8-Cineole",6857470,,,C10H18O2,C[C@@]12CC[C@@H](C[C@H]1O)C(O2)(C)C
"9,10-Epoxy-18-Hydroxystearate",9818312,,,C18H34O4,C(CCCCO)CCCC1C(O1)CCCCCCCC(=O)O
Colneleate,25245832,,,C18H29O3-,CCCCC/C=C\C=C\O/C=C/CCCCCCC(=O)[O-]
"Taxa-4(20),11-Dien-5Alpha,13Alpha-Diol",443487,,,C20H32O2,CC1=C2CC[C@@]3(CC[C@@H](C(=C)[C@H]3C[C@@H](C2(C)C)C[C@@H]1O)O)C
Alpha-Muricholate,20848989,,,C24H39O5-,C[C@H](CCC(=O)[O-])[C@H]1CC[C@@H]2[C@@]1(CC[C@H]3[C@H]2[C@@H]([C@H]([C@H]4[C@@]3(CC[C@H](C4)O)C)O)O)C
Beta-Muricholate,20848962,,,C24H39O5-,C[C@H](CCC(=O)[O-])[C@H]1CC[C@@H]2[C@@]1(CC[C@H]3[C@H]2[C@H]([C@H]([C@H]4[C@@]3(CC[C@H](C4)O)C)O)O)C
"(5Z,8Z,11Z,14Z)-Eicosatetraenedioate",35027229,,,C20H28O4-2,C(CCC(=O)[O-])C/C=C\C/C=C\C/C=C\C/C=C\CCCC(=O)[O-]
Doxorubicin,31703,,,C27H29NO11,C[C@H]1[C@H]([C@H](C[C@@H](O1)O[C@H]2C[C@@](CC3=C2C(=C4C(=C3O)C(=O)C5=C(C4=O)C(=CC=C5)OC)O)(C(=O)CO)O)N)O
6alpha-hydroxyteasterone,15928981,,,C28H50O4,C[C@@H]([C@H]1CC[C@@H]2[C@@]1(CC[C@H]3[C@H]2C[C@@H]([C@@H]4[C@@]3(CC[C@@H](C4)O)C)O)C)[C@H]([C@@H]([C@@H](C)C(C)C)O)O
28-norteasterone,131865289,,,C27H46O4,C[C@@H]([C@H]1CC[C@@H]2[C@@]1(CC[C@H]3[C@H]2CC(=O)[C@@H]4[C@@]3(CC[C@@H](C4)O)C)C)[C@H]([C@@H](CC(C)C)O)O
28-nortyphasterol,13845862,,,C27H46O4,C[C@@H]([C@H]1CC[C@@H]2[C@@]1(CC[C@H]3[C@H]2CC(=O)[C@@H]4[C@@]3(CC[C@H](C4)O)C)C)[C@H]([C@@H](CC(C)C)O)O
6-dehydro-28-norteasterone,162422395,,,C27H44O4,C[C@@H]([C@H]1CC[C@@H]2[C@@]1(CC[C@H]3[C@H]2CC(=O)[C@@H]4[C@@]3(CCC(=O)C4)C)C)[C@H]([C@@H](CC(C)C)O)O
7-oxateasterone,46173984,,,C28H48O5,C[C@@H](C1CCC2[C@@]1(CCC3C2COC(=O)C4[C@@]3(CC[C@@H](C4)O)C)C)[C@H]([C@@H]([C@@H](C)C(C)C)O)O
7-oxatyphasterol,46173985,,,C28H48O5,C[C@@H](C1CCC2[C@@]1(CCC3C2COC(=O)C4[C@@]3(CC[C@H](C4)O)C)C)[C@H]([C@@H]([C@@H](C)C(C)C)O)O
(+)-Menthofuran,442478,,,C10H14O,C[C@@H]1CCC2=C(C1)OC=C2C
8-Hydroxy-(+)-Delta-Cadinene,15983950,,,C15H24O,CC1=C2[C@@H](C=C(CC2O)C)[C@@H](CC1)C(C)C
(+)-8°‰-Hydroxyabscisate,25245404,,,C15H19O5-,CC1=CC(=O)C[C@]([C@]1(/C=C/C(=C\C(=O)[O-])/C)O)(C)CO
(E)-5-(Methylsulfanyl)Pentanal Oxime,25010757,,,C6H13NOS,CSCCCC/C=N/O
(E)-6-(Methylsulfanyl)Hexanal Oxime,25010756,,,C7H15NOS,CSCCCCC/C=N/O
Capsidiol,161937,,,C15H24O2,C[C@@H]1[C@@H](C[C@H](C2=CC[C@H](C[C@]12C)C(=C)C)O)O
"(9Z,13S)-12,13-epoxyoctadeca-9,11-dienoate",46878374,,,C18H29O3-,CCCCC[C@H]1/C(=C/C=C\CCCCCCCC(=O)[O-])/O1
"All-Trans-5,6-Epoxyretinoate",131953096,,,C20H27O3-,C/C(=C\C=C\C(=C\C(=O)[O-])\C)/C=C/C12C(CCCC1(O2)C)(C)C
18-Hydroxy-Leukotriene B4,129626637,,,C20H31O5-,CCC(CC/C=C\C[C@H](/C=C/C=C/C=C\[C@H](CCCC(=O)[O-])O)O)O
19-Hydroxy-Leukotriene B4,129626636,,,C20H31O5-,CC(CCC/C=C\C[C@H](/C=C/C=C/C=C\[C@H](CCCC(=O)[O-])O)O)O
"N1,N5,N10-Tricaffeoyl Spermidine",15241070,,,C34H37N3O9,C1=CC(=C(C=C1/C=C/C(=O)NCCCCN(CCCNC(=O)/C=C/C2=CC(=C(C=C2)O)O)C(=O)/C=C/C3=CC(=C(C=C3)O)O)O)O
"3,8°‰-Biflaviolin",25164057,,,C20H10O10,C1=C(C=C(C2=C1C(=O)C(=O)C(=C2O)C3=C(C=C(C4=C3C(=O)C(=O)C=C4O)O)O)O)O
"3,3°‰-Biflaviolin",135871120,,,C20H10O10,C1=C(C=C(C2=C1C(=O)C(=O)C(=C2O)C3=C(C4=C(C=C(C=C4O)O)C(=O)C3=O)O)O)O
23-Hydroxymarnerol,134820020,,,C30H52O2,C[C@@H]1CC/C(=C(\C)/CO)/[C@H]([C@]1(C)CC/C=C(\C)/CC/C=C(\C)/CCC=C(C)C)CCCO
23-Hydroxymarneral,134819976,,,C30H50O2,C[C@@H]1CC/C(=C(\C)/CO)/[C@H]([C@]1(C)CC/C=C(\C)/CC/C=C(\C)/CCC=C(C)C)CCC=O
Taurohyocholate,11954195,,,C26H45NO7S,C[C@H](CCC(=O)NCCS(=O)(=O)O)[C@H]1CC[C@@H]2[C@@]1(CC[C@H]3[C@H]2[C@@H]([C@@H]([C@H]4[C@@]3(CC[C@H](C4)O)C)O)O)C
Hyodeoxycholate,11870241,,,C24H39O4-,C[C@H](CCC(=O)[O-])[C@H]1CC[C@@H]2[C@@]1(CC[C@H]3[C@H]2C[C@@H]([C@H]4[C@@]3(CC[C@H](C4)O)C)O)C
20-Hydroxy Prostaglandin E2,5283034,,,C20H32O6,C1[C@H]([C@@H]([C@H](C1=O)C/C=C\CCCC(=O)O)/C=C/[C@H](CCCCCO)O)O
2-hexyl-5-(5-hydroxypentyl)resorcinol,168432211,,,C17H28O3,CCCCCCC1=C(C=C(C=C1O)CCCCCO)O
2-hexyl-5-(7-hydroxyheptyl)resorcinol,168432212,,,C19H32O3,CCCCCCC1=C(C=C(C=C1O)CCCCCCCO)O
"15,20-dihydroxy-(5Z,8Z,11Z,13E)-eicosatetraenoate",169553237,,,C20H31O4-,C(CCC(/C=C/C=C\C/C=C\C/C=C\CCCC(=O)[O-])O)CCO
(E)-Beta-Farnesene,5281517,,,C15H24,CC(=CCCC(=CCCC(=C)C=C)C)C
Albaflavenone,25137938,,,C15H22O,C[C@H]1CC(=O)C2=C(C([C@H]3CC[C@@]12C3)(C)C)C
Epothilone A,448799,,,C26H39NO6S,C[C@H]1CCC[C@@H]2[C@@H](O2)C[C@H](OC(=O)C[C@@H](C(C(=O)[C@@H]([C@H]1O)C)(C)C)O)/C(=C/C3=CSC(=N3)C)/C
Epothilone B,448013,,,C27H41NO6S,C[C@H]1CCC[C@@]2([C@@H](O2)C[C@H](OC(=O)C[C@@H](C(C(=O)[C@@H]([C@H]1O)C)(C)C)O)/C(=C/C3=CSC(=N3)C)/C)C
Camalexin,636970,,,C11H8N2S,C1=CC=C2C(=C1)C(=CN2)C3=NC=CS3
L-Isoleucine-12-Hydroxyjasmonate,131708340,,,C18H28NO5-,CC[C@H](C)[C@@H](C(=O)[O-])NC(=O)C[C@H]1CCC(=O)C1C/C=C\CCO
L-Isoleucine-(+)-12-Hydroxy-7-Isojasmonate,126456509,,,C18H28NO5-,CC[C@H](C)[C@@H](C(=O)[O-])NC(=O)C[C@H]1CCC(=O)[C@H]1C/C=C\CCO
"2-Hydroxy-2,3-Dihydrogenistein",443902,,,C15H12O6,C1=CC(=CC=C1C2C(OC3=CC(=CC(=C3C2=O)O)O)O)O
"(2R,3S)-2,4°‰,7-Trihydroxyisoflavanone",11459958,,,C15H12O5,C1=CC(=CC=C1[C@H]2[C@@H](OC3=C(C2=O)C=CC(=C3)O)O)O
Sideretin (Reduced Form),125303145,,,C10H8O6,COC1=C(C(=C2C(=C1O)C=CC(=O)O2)O)O
20-Hydroxyecdysone,5459840,,,C27H44O7,C[C@]12CC[C@H]3C(=CC(=O)[C@H]4[C@@]3(C[C@@H]([C@@H](C4)O)O)C)[C@@]1(CC[C@@H]2[C@](C)([C@@H](CCC(C)(C)O)O)O)O
"(24S,25R)-24,26-Dihydroxycholesterol",91825749,,,C27H46O3,C[C@H](CC[C@@H]([C@@H](C)CO)O)[C@H]1CC[C@@H]2[C@@]1(CC[C@H]3[C@H]2CC=C4[C@@]3(CC[C@@H](C4)O)C)C
"24S,25-Dihydroxycholesterol",24779594,,,C27H46O3,C[C@H](CC[C@@H](C(C)(C)O)O)[C@H]1CCC2[C@@]1(CCC3C2CC=C4[C@@]3(CC[C@@H](C4)O)C)C
"4Beta,24S-Dihydroxycholesterol",91825743,,,C27H46O3,C[C@H](CC[C@@H](C(C)C)O)[C@H]1CC[C@@H]2[C@@]1(CC[C@H]3[C@H]2CC=C4[C@@]3(CC[C@@H]([C@@H]4O)O)C)C
"Cholesta-5,24Z-Dien-3Beta,27-Diol",69762915,,,C27H44O2,C[C@H](CC/C=C(/C)\CO)[C@H]1CC[C@@H]2[C@@]1(CC[C@H]3[C@H]2CC=C4[C@@]3(CC[C@@H](C4)O)C)C
"Cholesta-5,7-Dien-3Beta,25-Diol",9908983,,,C27H44O2,C[C@H](CCCC(C)(C)O)[C@H]1CC[C@@H]2[C@@]1(CC[C@H]3C2=CC=C4[C@@]3(CC[C@@H](C4)O)C)C
"Cholesta-5,7-Dien-3Beta,24S-Diol",56940691,,,C27H44O2,C[C@H](CC[C@@H](C(C)C)O)[C@H]1CC[C@@H]2[C@@]1(CC[C@H]3C2=CC=C4[C@@]3(CC[C@@H](C4)O)C)C
(24S)-Hydroxycholestanol,129626817,,,C27H48O2,C[C@H](CC[C@@H](C(C)C)O)[C@H]1CC[C@@H]2[C@@]1(CC[C@H]3[C@H]2CC[C@@H]4[C@@]3(CC[C@@H](C4)O)C)C
2-Hydroxytestosterone,22842098,,,C19H28O3,C[C@]12CC[C@H]3[C@H]([C@@H]1CC[C@@H]2O)CCC4=CC(=O)C(C[C@]34C)O
(2-Hydroxyphenyl)Acetate,6933325,,,C8H7O3-,C1=CC=C(C(=C1)CC(=O)[O-])O
5-O-Beta-D-Mycaminosyltylonolide,6437420,,,C31H51NO10,CC[C@@H]1[C@H](/C=C(/C=C/C(=O)[C@@H](C[C@@H]([C@@H]([C@H]([C@@H](CC(=O)O1)O)C)O[C@H]2[C@@H]([C@H]([C@@H]([C@H](O2)C)O)N(C)C)O)CC=O)C)\C)CO
Loganate,5460138,,,C16H23O10-,C[C@H]1[C@H](C[C@H]2[C@@H]1[C@@H](OC=C2C(=O)[O-])O[C@H]3[C@@H]([C@H]([C@@H]([C@H](O3)CO)O)O)O)O
"3,3°‰,5,5°‰-tetrabromo-2,2°‰-biphenyldiol",131841468,,,C12H5Br4O2-,C1=C(C=C(C(=C1C2=C(C(=CC(=C2)Br)Br)[O-])O)Br)Br
"3,5,5°‰-tribromo-2,2°‰-biphenyldiol",50899959,,,C12H7Br3O2,C1=CC(=C(C=C1Br)C2=C(C(=CC(=C2)Br)Br)O)O
"2,6-dibromo-4-(2,4-dibromophenoxy)phenol",74281451,,,C12H6Br4O2,C1=CC(=C(C=C1Br)Br)OC2=CC(=C(C(=C2)Br)O)Br
"2-bromo-4-(2,4-dibromophenoxy)phenol",11654737,,,C12H7Br3O2,C1=CC(=C(C=C1OC2=C(C=C(C=C2)Br)Br)Br)O
"4,6-dibromo-2-(2,4-dibromophenoxy)phenol",23247450,,,C12H5Br4O2-,C1=CC(=C(C=C1Br)Br)OC2=C(C(=CC(=C2)Br)Br)[O-]
(E)-Alpha-Santalol,5368797,,,C15H24O,C/C(=C\CCC1(C2CC3C1(C3C2)C)C)/CO
(E)-Alpha-Exo-Bergamotol,5368743,,,C15H24O,CC1=CCC2CC1C2(C)CC/C=C(/C)\CO
"(5S,10S)-(9R)-7-Drimene-11,12-Diol",11064467,,,C15H26O2,C[C@]12CCCC([C@@H]1CC=C([C@@H]2CO)CO)(C)C
6-Epi-Pravastatin,42630641,,,C23H35NaO7,CC[C@H](C)C(=O)O[C@H]1C[C@H](C=C2[C@H]1[C@H]([C@H](C=C2)C)CC[C@H](C[C@H](CC(=O)[O-])O)O)O.[Na+]
7-Deoxyloganetate,25203532,,,C10H13O4-,C[C@H]1CC[C@H]2[C@@H]1[C@@H](OC=C2C(=O)[O-])O
3Beta-Hydroxyparthenolide,138911145,,,C15H20O4,C/C/1=C\C[C@@H]([C@@]2([C@H](O2)[C@@H]3[C@@H](CC1)C(=C)C(=O)O3)C)O
3Beta-Hydroxycostunolide,12443216,,,C15H20O3,C/C/1=C\C[C@@H](/C(=C/[C@@H]2[C@@H](CC1)C(=C)C(=O)O2)/C)O
1-Nonene (C9 Alkene),31285,,124-11-8,C9H18,CCCCCCCC=C
2-Hydroxydecanoic Acid,21488,,5393-81-7,C10H20O3,CCCCCCCCC(C(=O)O)O
3-Hydroxydecanoic acid,26612,,14292-26-3,C10H20O3,CCCCCCCC(CC(=O)O)O
1-Undecene (C11 Alkene),13250,,821-95-4,C11H22,CCCCCCCCCC=C
2-Hydroxydodecanoic acid,97783,,2984-55-6,C12H24O3,CCCCCCCCCCC(C(=O)O)O
3-Hydroxydodecanoic acid,94216,,1883-13-2,C12H24O3,CCCCCCCCCC(CC(=O)O)O
1-Tridecene,17095,,2437-56-1,C13H26,CCCCCCCCCCCC=C
2-Hydroxymyristic acid,1563,,2507-55-3,C14H28O3,CCCCCCCCCCCCC(C(=O)O)O
3-Hydroxymyristic acid,16064,,1961-72-4,C14H28O3,CCCCCCCCCCCC(CC(=O)O)O
1-Pentadecene,25913,,13360-61-7,C15H30,CCCCCCCCCCCCCC=C
2-Hydroxyhexadecanoic acid,92836,,764-67-0,C16H32O3,CCCCCCCCCCCCCCC(C(=O)O)O
3-Hydroxyhexadecanoic acid,301590,,2398-34-7,C16H32O3,CCCCCCCCCCCCCC(CC(=O)O)O
1-Heptadecene,23217,,6765-39-5,C17H34,CCCCCCCCCCCCCCCC=C
2-Hydroxyoctadecanoic acid,69417,,1330-70-7,C18H36O3,CCCCCCCCCCCCCCCCC(C(=O)O)O
3-Hydroxyoctadecanoic acid,5282907,,17773-30-7,C18H36O3,CCCCCCCCCCCCCCCC(CC(=O)O)O
1-Nonadecene,29075,,27400-77-7,C19H38,CCCCCCCCCCCCCCCCCC=C
2-Hydroxyeicosanoic acid,5225199,,16742-48-6,C20H40O3,CCCCCCCCCCCCCCCCCCC(C(=O)O)O
3-Hydroxyeicosanoic acid,5282918,,67882-24-0,C20H40O3,CCCCCCCCCCCCCCCCCC(CC(=O)O)O
(Z)-8-Heptadecene,5352243,,,C17H34,CCCCCCCC/C=C\CCCCCCC
(9Z)-2-Hydroxyoctadec-9-enoic acid,9796304,,56472-29-8,C18H34O3,CCCCCCCC/C=C\CCCCCCC(C(=O)O)O
4-Hydroxy-3-methoxybenzoic acid,8468,,121-34-6,C8H8O4,COC1=C(C=CC(=C1)C(=O)O)O
Benzyl Salicylate,8363,,118-58-1,C14H12O3,C1=CC=C(C=C1)COC(=O)C2=CC=CC=C2O
Styrene oxide,7276,,35311,C8H8O,C1C(O1)C2=CC=CC=C2
"(1S,4aR,4bS,7R,10aR)-7-ethenyl-1,4a,7-trimethyl-3,4,4b,5,6,9,10,10a-octahydro-2H-phenanthrene-1-carboxylic acid",12309236,,,C20H30O2,C[C@@]1(CC[C@H]2C(=C1)CC[C@@H]3[C@@]2(CCC[C@]3(C)C(=O)O)C)C=C
ent-Kaurenal,443466,,14046-84-5,C20H30O,C[C@]1(CCC[C@@]2([C@@H]1CC[C@]34[C@H]2CC[C@H](C3)C(=C)C4)C)C=O
Kaurenoic Acid,73062,,6730-83-2,C20H30O2,C[C@@]12CCC[C@@]([C@H]1CC[C@]34[C@H]2CC[C@H](C3)C(=C)C4)(C)C(=O)O
ent-Kaur-16-en-19-ol,443465,,2300-11-0,C20H32O,C[C@]1(CCC[C@@]2([C@@H]1CC[C@]34[C@H]2CC[C@H](C3)C(=C)C4)C)CO
(15S)-ent-Kaur-16-en-15-ol,101634570,,,C20H32O,C[C@@]12CCCC([C@H]1CC[C@]34[C@H]2CC[C@H](C3)C(=C)[C@@H]4O)(C)C
"[(1R,4R,9R,10S,13R,14R,16R)-5,5,9-trimethyl-15-oxapentacyclo[11.3.1.01,10.04,9.014,16]heptadecan-14-yl]methanol",163043375,,,C20H32O2,C[C@@]12CCCC([C@H]1CC[C@]34[C@H]2CC[C@H](C3)[C@]5([C@@H]4O5)CO)(C)C
(16S)-hydroxy-22-oxocholesterol,163358922,,,C27H44O3,C[C@@H]([C@H]1[C@H](C[C@@H]2[C@@]1(CC[C@H]3[C@H]2CC=C4[C@@]3(CC[C@@H](C4)O)C)C)O)C(=O)CCC(C)C
"7,8-epoxymelianol",171392382,,,C30H48O5,C1C[C@@H](C([C@]2([C@]1([C@@]3([C@]4([C@@H](C2)O4)[C@@]5([C@@](CC3)([C@@](CC5)([C@@H]6C[C@@H](OC6O)[C@H]7C(C)(C)O7)[H])C)C)[H])C)[H])(C)C)O
(21S)-21-acetyl-1-hydroxy-apo-melianone,171666181,,,C32H48O7,C1(CC(C([C@]2([C@]1([C@@]3([C@@]([C@@H](C2)O)(C=4[C@@](CC3)([C@@](CC4)([C@@H]5C[C@@H](O[C@H]5OC(C)=O)[C@H]6C(C)(C)O6)[H])C)C)[H])C)[H])(C)C)=O)O
Mitraphylline,94160,,509-80-8,C21H24N2O4,C[C@H]1[C@H]2CN3CC[C@]4([C@@H]3C[C@@H]2C(=CO1)C(=O)OC)C5=CC=CC=C5NC4=O
Uncarine A,188999,,6899-73-6,C21H24N2O4,C[C@@H]1[C@H]2CN3CC[C@@]4([C@@H]3C[C@@H]2C(=CO1)C(=O)OC)C5=CC=CC=C5NC4=O
"methyl (1S,4aS,5aS,10aS)-1-methyl-2°‰-oxospiro[1,4a,5,5a,7,8,10,10a-octahydropyrano[3,4-f]indolizine-6,3°‰-1H-indole]-4-carboxylate",23426569,,,C21H24N2O4,C[C@H]1[C@@H]2CN3CCC4([C@@H]3C[C@@H]2C(=CO1)C(=O)OC)C5=CC=CC=C5NC4=O
"(1S,13S)-6-(2-hydroxypropan-2-yl)-7,11,20-trioxapentacyclo[11.7.0.02,10.04,8.014,19]icosa-2(10),3,5,8,14(19),15,17-heptaene-13,17-diol",187147,,78873-52-6,C20H18O6,CC(C)(C1=CC2=CC3=C(C=C2O1)OC[C@@]4([C@H]3OC5=C4C=CC(=C5)O)O)O
"(1S,6R,13S)-6-prop-1-en-2-yl-7,11,20-trioxapentacyclo[11.7.0.02,10.04,8.014,19]icosa-2(10),3,8,14(19),15,17-hexaene-13,17-diol",101682262,,,C20H18O5,CC(=C)[C@H]1CC2=CC3=C(C=C2O1)OC[C@@]4([C@H]3OC5=C4C=CC(=C5)O)O
Glyceollin Ii,181883,,67314-98-1,C20H18O5,CC1(C=CC2=CC3=C(C=C2O1)OC[C@@]4([C@H]3OC5=C4C=CC(=C5)O)O)C
Glyceollin Iii,11954193,,61080-23-7,C20H18O5,CC(=C)[C@@H]1CC2=CC3=C(C=C2O1)OC[C@@]4([C@H]3OC5=C4C=CC(=C5)O)O
16-OH alpha-amyrin,5270607,,,C30H50O2,C[C@@H]1CC[C@@]2([C@H](C[C@@]3(C(=CCC4[C@]3(CCC5[C@@]4(CC[C@@H](C5(C)C)O)C)C)C2[C@H]1C)C)O)C
(S)-3°‰-Hydroxycoclaurine,441067,,,C17H19NO4,COC1=C(C=C2[C@@H](NCCC2=C1)CC3=CC(=C(C=C3)O)O)O
"ent-15,16-epoxy-labda-8(17),13(16),14-triene",13894514,,,C20H30O,C[C@@]12CCCC([C@H]1CCC(=C)[C@H]2CCC3=COC=C3)(C)C
Xanthotoxol,65090,,2009-24-7,C11H6O4,C1=CC(=O)OC2=C(C3=C(C=CO3)C=C21)O
scopoletin,5280460,,92-61-5,C10H8O4,COC1=C(C=C2C(=C1)C=CC(=O)O2)O
Bergaptol,5280371,,486-60-2,C11H6O4,C1=CC(=O)OC2=CC3=C(C=CO3)C(=C21)O
Flavipin,3083587,,,C9H8O5,CC1=C(C(=C(C(=C1O)O)O)C=O)C=O
"5,6,7-trihydroxy-4-methyl-3H-2-benzofuran-1-one",76328313,,,C9H8O5,CC1=C2COC(=O)C2=C(C(=C1O)O)O
"5,7-Dihydroxy-4-Methylphthalide",14503052,,,C9H8O4,CC1=C2COC(=O)C2=C(C=C1O)O
"3-(2,5-dihydroxyphenyl)propanoic acid",20569239,,10538-47-3,C9H10O4,C1=CC(=C(C=C1O)CCC(=O)O)O
Diosgenin,99474,,512-04-9,C27H42O3,C[C@@H]1CC[C@@]2([C@H]([C@H]3[C@@H](O2)C[C@@H]4[C@@]3(CC[C@H]5[C@H]4CC=C6[C@@]5(CC[C@@H](C6)O)C)C)C)OC1
6-Hydroxytaxol,10056458,,153212-75-0,C47H51NO15,CC1=C2[C@H](C(=O)[C@]3([C@H]([C@@H]([C@@](C2(C)C)(C[C@@H]1OC(=O)[C@@H]([C@H](C4=CC=CC=C4)NC(=O)C5=CC=CC=C5)O)O)OC(=O)C6=CC=CC=C6)[C@@]7(CO[C@@H]7[C@H]([C@@H]3O)O)OC(=O)C)C)OC(=O)C
3°‰-p-Hydroxypaclitaxel,3081785,,132160-32-8,C47H51NO15,CC1=C2[C@H](C(=O)[C@@]3([C@H](C[C@@H]4[C@]([C@H]3[C@@H]([C@@](C2(C)C)(C[C@@H]1OC(=O)[C@@H]([C@H](C5=CC=C(C=C5)O)NC(=O)C6=CC=CC=C6)O)O)OC(=O)C7=CC=CC=C7)(CO4)OC(=O)C)O)C)OC(=O)C
Perillic Acid,1256,,7694-45-3,C10H14O2,CC(=C)C1CCC(=CC1)C(=O)O
[4-(2-Methyloxiran-2-yl)cyclohexen-1-yl]methanol,129249959,,,C10H16O2,CC1(CO1)C2CCC(=CC2)CO
"4-Ethyl-4,10-dihydroxy-1H-pyrano[3°‰,4°‰:6,7]indolizino[1,2-b]quinoline-3,14(4H,12H)-dione",135406264,,130194-92-2,C20H16N2O5,CCC1(C2=C(COC1=O)C(=O)N3CC4=CC5=C(C=CC=C5O)N=C4C3=C2)O
(R)-crotoflorine,131841576,,,C17H17NO3,COC1=C(C2=C3[C@@H](CC24C=CC(=O)C=C4)NCCC3=C1)O
Suavedol,442245,,,C18H19NO3,CN1CCC2=CC(=C(C3=C2[C@H]1CC34C=CC(=O)C=C4)O)OC
Glaziovina,73426,,,C18H19NO3,CN1CCC2=CC(=C(C3=C2[C@@H]1CC34C=CC(=O)C=C4)O)OC
Cryptodorine,101337610,,41787-55-7,C18H15NO4,C1CN[C@H]2CC3=CC4=C(C=C3C5=C2C1=CC6=C5OCO6)OCO4
Neolitsine,10064778,,2466-42-4,C19H17NO4,CN1CCC2=CC3=C(C4=C2[C@@H]1CC5=CC6=C(C=C54)OCO6)OCO3
1-Dehydroxybaccatin IV,21679297,,,C32H44O13,CC1=C2[C@H]([C@@H]([C@@]3([C@H](C[C@@H]4[C@]([C@H]3[C@@H]([C@@H](C2(C)C)C[C@@H]1OC(=O)C)OC(=O)C)(CO4)OC(=O)C)OC(=O)C)C)OC(=O)C)OC(=O)C
"[(1°‰R,2R,2°‰R,3°‰R,5°‰S,7°‰S,8°‰S,9°‰R,10°‰R,13°‰S)-2°‰,5°‰,7°‰,9°‰,10°‰-pentaacetyloxy-8°‰,12°‰,15°‰,15°‰-tetramethylspiro[oxirane-2,4°‰-tricyclo[9.3.1.03,8]pentadec-11-ene]-13°‰-yl] acetate",21679295,,,C32H44O13,CC1=C2[C@H]([C@@H]([C@@]3([C@H](C[C@@H]([C@@]4([C@H]3[C@@H]([C@@H](C2(C)C)C[C@@H]1OC(=O)C)OC(=O)C)CO4)OC(=O)C)OC(=O)C)C)OC(=O)C)OC(=O)C
"[(1°‰R,2R,2°‰R,3°‰R,5°‰S,7°‰S,8°‰S,9°‰R,10°‰R,13°‰S)-2°‰,7°‰,9°‰,10°‰-tetraacetyloxy-5°‰-hydroxy-8°‰,12°‰,15°‰,15°‰-tetramethylspiro[oxirane-2,4°‰-tricyclo[9.3.1.03,8]pentadec-11-ene]-13°‰-yl] acetate",21679294,,,C30H42O12,CC1=C2[C@H]([C@@H]([C@@]3([C@H](C[C@@H]([C@@]4([C@H]3[C@@H]([C@@H](C2(C)C)C[C@@H]1OC(=O)C)OC(=O)C)CO4)O)OC(=O)C)C)OC(=O)C)OC(=O)C
clavilactone A,138977650,,,C16H16O5,C/C/1=C/CC[C@]23[C@H](O2)[C@@H](C4=C(C=CC(=C4C1)O)O)OC3=O
isoalliodorol,90474218,,,C16H22O3,C/C(=C\CC1=C(C=CC(=C1)O)O)/CC/C=C(\C)/CO
campesine F(2+),172429330,,,C34H50N6+2,CC(C)[C@H]1CN2[C@@H](CC34[C@H](NC5=CC=CC=C53)N6C[C@@H]([NH+](CC6CC47[C@@H]2NC8=CC=CC=C78)C)C(C)C)C[NH+]1C
campesine E,172429332,,,C34H47N6O+,CC(C)[C@H]1CN2[C@@H]3C4(C[C@H]5CN([C@H](CN5[C@@H]6C4(CC2C[NH2+]1)C7=CC=CC=C7N6)C(C)C)C(=O)C)C8=CC=CC=C8N3
campesine G,172429334,,,C35H47N6O+,CC(C)[C@H]1CN2[C@@H]3C4(C[C@H]5CN([C@H](CN5C6=NC7=CC=CC=C7C64CC2C[NH+]1C)C(C)C)C(=O)C)C8=CC=CC=C8N3
7-Ethoxy-3-hydroxy-2H-1-benzopyran-2-one,53954248,,95633-01-5,C11H10O4,CCOC1=CC2=C(C=C1)C=C(C(=O)O2)O
Piceatannol,667639,,10083-24-6,C14H12O4,OC1C=C(C=C(C=1)O)/C=C/C1C=CC(=C(O)C=1)O
Astringin,5281712,,29884-49-9,C20H22O9,[C@H](O)1[C@H]([C@@H](OC([C@H]1O)CO)OC1C=C(C=C(C=1)O)/C=C/C1C=C(O)C(=CC=1)O)O
Naringenin chalcone,5280960,,25515-46-2,C15H12O5,OC1C=C(C=C(C=1C(/C=C/C1=CC=C(C=C1)O)=O)O)O
"(1R,3R,4aR,4bR,10aR)-3-hydroxy-1,4a-dimethyl-7-propan-2-yl-2,3,4,4b,5,6,10,10a-octahydrophenanthrene-1-carboxylic acid",101775561,,,C20H30O3,CC(C)C1=CC2=CC[C@@H]3[C@@]([C@H]2CC1)(C[C@H](C[C@@]3(C)C(=O)O)O)C
"(1R,4aS,10aR)-1,4a-dimethyl-7-propan-2-yl-2,3,4,5,8,9,10,10a-octahydrophenanthrene-1-carboxylic acid",67858350,,,C20H30O2,CC(C)C1=CCC2=C(C1)CC[C@@H]3[C@@]2(CCC[C@@]3(C)C(=O)O)C
7-Dehydroabietanone,11289118,,,C20H28O,CC(C)C1=CC2=C(C=C1)[C@]3(CCCC([C@@H]3CC2=O)(C)C)C
7Alpha-Hydroxydehydroabietic Acid,13370053,,,C20H28O3,CC(C)C1=CC2=C(C=C1)[C@]3(CCC[C@@]([C@@H]3C[C@H]2O)(C)C(=O)O)C
7Beta-Hydroxydehydroabietic Acid,13370052,,,C20H28O3,CC(C)C1=CC2=C(C=C1)[C@]3(CCC[C@@]([C@@H]3C[C@@H]2O)(C)C(=O)O)C
variecolin,6480205,,,C25H36O2,C[C@H]1CC(=O)[C@@H]/2[C@H]1C[C@]3(CC[C@@]4(CC[C@@H]([C@H]4[C@@H]3C/C=C2/C=O)C(=C)C)C)C
variecolactone,10068616,,216445-01-1,C25H36O3,C[C@H]1C[C@@]2([C@@H]/3[C@H]1C[C@]4(CC[C@@]5(CC[C@@H]([C@H]5[C@@H]4C/C=C3/C(=O)O2)C(=C)C)C)C)O
"1,4-dihydroxy-p-menth-2-ene",300085,,40735-19-1,C10H18O2,CC(C)C1(CCC(C=C1)(C)O)O
"6-Methyl-8,9-didehydro-ergoline-8-carboxylic acid",12313992,,,C16H16N2O2,CN1CC(=CC2C1CC3=CNC4=CC=CC2=C34)C(=O)O
Verbascoside,5281800,,61276-17-3,C29H36O15,C[C@H]1[C@@H]([C@H]([C@H]([C@@H](O1)O[C@@H]2[C@H]([C@@H](O[C@@H]([C@H]2OC(=O)/C=C/C3=CC(=C(C=C3)O)O)CO)OCCC4=CC(=C(C=C4)O)O)O)O)O)O
Tropinone,446337,,532-24-1,C8H13NO,CN1[C@@H]2CC[C@H]1CC(=O)C2
Nelumboferine,76046684,,,C36H40N2O6,CN1CCC2=CC(=C(C=C2C1CC3=CC=C(C=C3)O)OC4=C(C=CC(=C4)CC5C6=CC(=C(C=C6CCN5C)OC)O)O)OC
Anonaine,160597,,1862-41-5,C17H15NO2,C1CN[C@@H]2CC3=CC=CC=C3C4=C2C1=CC5=C4OCO5
Roemerine,119204,,548-08-3,C18H17NO2,CN1CCC2=CC3=C(C4=C2[C@H]1CC5=CC=CC=C54)OCO3
Phoratoxon sulfoxide,17426,,251417,C7H17O4PS2,CCOP(=O)(OCC)SCS(=O)CC
Phoratoxon sulfone,17427,,251449,C7H17O5PS2,CCOP(=O)(OCC)SCS(=O)(=O)CC
1-Tetralol,10723,,529-33-9,C10H12O,OC1C=2C=CC=CC2CCC1
N-Desmethylonapristone,14694563,,120144-15-2,C28H37NO3,O=C1C=C2C(=C3C(C4=CC=C(C=C4)NC)CC5(C)C(CCC5(O)CCCO)C3CC2)CC1
"3,3-Dimethyl-4-(1-methylethenyl)-1-(phenylmethyl)-2-azetidinone",15532124,,347406-42-2,C15H19NO,O=C1N(CC=2C=CC=CC2)C(C(=C)C)C1(C)C
"(4R)-4-(Bromomethyl)-3,3-dimethyl-1-(phenylmethyl)-2-pyrrolidinone",164673340,,2860559-42-6,C14H18BrNO,O=C1N(CC=2C=CC=CC2)CC(CBr)C1(C)C
"2-Pyrrolidinone, 4-(bromomethyl)-3,3-dimethyl-1-(phenylmethyl)-, (4S)-",164673513,,2899263-68-2,C14H18BrNO,O=C1N(CC=2C=CC=CC2)CC(CBr)C1(C)C
"2-Pyrrolidinone, 4-[(1R)-1-bromoethyl]-3,3-dimethyl-1-(phenylmethyl)-, (4S)-",169613423,,2899263-70-6,C15H20BrNO,O=C1N(CC=2C=CC=CC2)CC(C(Br)C)C1(C)C
"(3beta,22alpha)-Olean-12-ene-3,22-diol",12442898,,24427-92-7,C30H50O2,OC1CCC2(C)C(CCC3(C)C2CC=C4C5CC(C)(C)CC(O)C5(C)CCC43C)C1(C)C
Trichodermamide A,10982906,,508218-11-9,C20H20N2O9,O=C1OC=2C(OC)=C(OC)C=CC2C=C1NC(=O)C3=NOC4C(O)C=CC(O)C4(O)C3
9-Hydroxynonanoic acid,138052,,3788-56-5,C9H18O3,O=C(O)CCCCCCCCO
Griseoviridin,11225326,,53216-90-3,C22H27N3O7S,C[CH]1C/C=C\2/C(=O)NC/C=C/C=C/[CH](C[CH](CC3=NC(=CO3)C(=O)N[CH](CS2)C(=O)O1)O)O
2-Hydroxysebacic acid,128458,,103963-71-9,C10H18O5,O=C(O)CCCCCCCC(O)C(=O)O
Indigo Blue,10215,,482-89-3,C16H10N2O2,O=C1C=2C=CC=CC2NC1=C3NC=4C=CC=CC4C3=O
2-Hydroxynonanedioic acid,12760708,,80331-46-0,C9H16O5,O=C(O)CCCCCCC(O)C(=O)O
D-Lysergic acid,6717,,82-58-6,C16H16N2O2,O=C(O)C1C=C2C=3C=CC=C4NC=C(C43)CC2N(C)C1
Betanin,91559,,7659-95-2,C24H26N2O13,O=C(O)C1=NC(C(=O)O)CC(C=CN2C3=CC(O)=C(OC4OC(CO)C(O)C(O)C4O)C=C3CC2C(=O)O)=C1
3-Hydroxyoctanoic acid,26613,,14292-27-4,C8H16O3,O=C(O)CC(O)CCCCC
3-Hydroxyhexanoic acid,151492,,10191-24-9,C6H12O3,O=C(O)CC(O)CCC
2alpha-Hydroxymaytenonic acid,44559659,,158629-70-0,C30H48O4,O=C(O)C1(C)CCC2(C)CCC3(C)C4CCC5(C)C(C(=O)C(O)CC5C4(C)CCC3(C)C2C1)C
SDZ 211-810,5287813,,107335-26-2,C62H111N11O13,O=C1NC(C(=O)N(C)C(C(=O)N(C)C(C(=O)N(C)C(C(=O)N(C)C(C(=O)NC(C(=O)N(C)CC(=O)N(C)C(C(=O)NC(C(=O)N(C)C(C(=O)NC1C)CC(C)C)C(C)C)CC(O)(C)C)CC)C(O)C(C)CC=CC)C(C)C)CC(C)C)CC(C)C)C
1-Tetralone,10724,,529-34-0,C10H10O,O=C1C=2C=CC=CC2CCC1
"(3beta,7beta,15alpha,20beta)-3,7,15-Trihydroxy-11-oxoolean-12-en-29-oic acid",101499070,,1216936-45-6,C30H46O6,O=C(O)C1(C)CCC2(C)CC(O)C3(C(=CC(=O)C4C5(C)CCC(O)C(C)(C)C5CC(O)C43C)C2C1)C
5-Hydroxydopamine,114772,,9956,C8H11NO3,OC=1C=C(C=C(O)C1O)CCN
"5-(2-Aminoethyl)-3-methoxy-1,2-benzenediol",54382520,,16032-86-3,C9H13NO3,OC=1C=C(C=C(OC)C1O)CCN
4-Hydroxybenzeneacetaldehyde oxime,152653,,23745-82-6,C8H9NO2,ON=CCC1=CC=C(O)C=C1
"Kauran-16,20-diol, 18,20-epoxy-, (4Œ±,20R)-",163031316,,381691-15-2,C20H32O3,OC1OCC2(C)CCCC13C2CCC45CC(CCC43)C(O)(C)C5
2-Amino-4-hydroxybenzoic acid,11182709,,38160-63-3,C7H7NO3,O=C(O)C1=CC=C(O)C=C1N
"6,7-dihydroxynaphthalene-2-carboxylic acid",466853,,113458-95-0,C11H8O4,C1=CC(=CC2=CC(=C(C=C21)O)O)C(=O)O
"1,7-Dihydroxynaphthalene-2-carboxylic acid",19822901,,86699-99-2,C11H8O4,C1=CC(=CC2=C1C=CC(=C2O)C(=O)O)O
"3,7-DIHYDROXY-2-NAPHTHOIC ACID",736299,,83511-07-3,C11H8O4,C1=CC(=CC2=CC(=C(C=C21)O)C(=O)O)O
"14-Ethyl-13-hydroxy-3,5,7,9,13-pentamethyl-2,4,10-trioxo-1-oxacyclotetradec-11-en-6-yl 3,4,6-trideoxy-3-(dimethylamino)hexopyranoside",3034322,,19721-56-3,C28H47NO8,CCC1C(C=CC(=O)C(CC(C(C(C(=O)C(C(=O)O1)C)C)OC2C(C(CC(O2)C)N(C)C)O)C)C)(C)O
"3°‰,4°‰,7-Trihydroxyisoflavone",5284648,,485-63-2,C15H10O5,C1=CC(=C(C=C1C2=COC3=C(C2=O)C=CC(=C3)O)O)O
Orobol,5281801,,480-23-9,C15H10O6,C1=CC(=C(C=C1C2=COC3=CC(=CC(=C3C2=O)O)O)O)O
alpha-pinene oxide,91508,,1686-14-2,C10H16O,CC1(C2CC1C3(C(C2)O3)C)C
Pladienolide D,10007797,,C30H48O9,445487-91-2,CCC(C(C)C1C(O1)CC(C)(C=CC=C(C)C2C(C=CC(C(CCC(CC(=O)O2)O)(C)O)OC(=O)C)C)O)O
Methyl 4-(2-fluoro-1-hydroxy-2-methylpropyl)-alpha-methylbenzeneacetate,25020810,,1101874-02-5,C14H19FO3,CC(C1=CC=C(C=C1)C(C(C)(C)F)O)C(=O)OC
"(4S,5S)-(-)-2-Methyl-5-phenyl-2-oxazoline-4-methanol",719469,,53732-41-5,C11H13NO2,CC1=NC(C(O1)C2=CC=CC=C2)CO
Dihydrojasmone,12225756,,1128-08-1,C11H18O2,CCCCCC1=C(C(CC1=O)O)C
"(3aR,4S,5R,6aS)-5-(Benzoyloxy)hexahydro-4-(hydroxymethyl)-2H-cyclopenta(b)furan-2-one",2724454,,39746-00-4,C15H16O5,C1C2C(CC(=O)O2)C(C1OC(=O)C3=CC=CC=C3)CO
(+)-Ethyl mandelate,13050,,13704-09-1,C10H12O3,CCOC(=O)C(C1=CC=CC=C1)O
propyl 2-hydroxy-2-(4-methylphenyl)acetate,225859,,15913-17-4,C12H16O3,CCCOC(=O)C(C1=CC=C(C=C1)C)O
(S)-Hydroxy-o-tolylacetic acid propyl ester,25020815,,1009369-26-9,C12H16O3,O=C(OCCC)C(O)C=1C=CC=CC1C
"2,3,4,5,6,7-Hexahydro-4-hydroxy-3-methyl-1H-inden-1-one",25020801,,1101874-21-8,C10H14O2,O=C1C2=C(C(O)CCC2)C(C)C1
"(3aR,4S,5R,6aS)-Hexahydro-4-(hydroxymethyl)-5-methoxy-2H-cyclopentafuran-2-one",25020819,,1101874-05-8,C9H14O4,O=C1OC2CC(OC)C(CO)C2C1
(-)-Corey lactone 4-phenylbenzoate alcohol,2724295,,31752-99-5,C21H20O5,C1C2C(CC(=O)O2)C(C1OC(=O)C3=CC=C(C=C3)C4=CC=CC=C4)CO
3-Hydroxymethyl-2-methyl-cyclopent-2-enone,25020798,,1101874-15-0,C7H10O2,O=C1C(=C(CO)CC1)C
3-(Hydroxymethyl)-2-pentyl-2-cyclopenten-1-one,25020799,,1006063-92-8,C11H18O2,O=C1C(=C(CO)CC1)CCCCC
"2,3,4,5,6,7-Hexahydro-5-hydroxy-3-methyl-1H-inden-1-one",25020802,,1101874-23-0,C10H14O2,O=C1C2=C(CC(O)CC2)C(C)C1
(S)-Methyl mandelate,643570,,21210-43-5,C9H10O3,COC(=O)C(C1=CC=CC=C1)O
"2-[(2R,4Z)-4-[(E)-3-iodo-2-methylprop-2-enylidene]oxolan-2-yl]-6-methoxy-3,5-dimethylpyran-4-one",101738716,,1135345-08-2,C16H19IO4,O=C1C(=C(OC(=C1C)C2OCC(=CC(=CI)C)C2)OC)C
"2-[(3E,5E)-6-iodo-3,5-dimethylhexa-3,5-dienyl]-6-methoxy-3,5-dimethylpyran-4-one",134857576,,1135345-07-1,C16H21IO3,O=C1C(=C(OC(=C1C)CCC(=CC(=CI)C)C)OC)C
aureothin,6569946,,,C22H23NO6,CC1=C(OC(=C(C1=O)C)OC)C2CC(=CC(=CC3=CC=C(C=C3)[N+](=O)[O-])C)CO2
(3S)-hexan-3-ol,638098,,6210-51-1,C6H14O,OC(CC)CCC
(3S)-3-Nonanol,6999726,,61925-49-3,C9H20O,CCCCCCC(CC)O
(+)-2-Nonanol,12367,,628-99-9,C9H20O,CCCCCCCC(C)O
(+)-2-Decanol,14254,,1120-06-5,C10H22O,CCCCCCCCC(C)O
4-Decanol,16320,,2051-31-2,C10H22O,CCCCCCC(CCC)O
(3S)-3-Heptanol,6998928,,26549-25-7,C7H16O,CCCCC(CC)O
11-Hydroxydodecanoic acid,169433,,32459-66-8,C12H24O3,CC(CCCCCCCCCC(=O)O)O
14-Hydroxyhexadecanoic acid,5282905,,59642-38-5,C16H32O3,CCC(CCCCCCCCCCCCC(=O)O)O
Methanol,887,,67-56-1,CH4O,CO
Formaldehyde,712,,50-00-0,CH2O,C=O
4-Aminophenol,403,,123-30-8,C6H7NO,C1=CC(=CC=C1N)O
Wailupemycin F,54712251,,426816-67-3,C21H16O6,O=C1OC(=CC(O)=C1)C=2C(=CC(O)=C3C(=O)CC(O)CC32)C=4C=CC=CC4
"4°‰-Hydroxy-5,6,7,8-tetramethoxyflavone",3010100,,36950-98-8,C19H18O7,COC1=C(C(=C(C2=C1C(=O)C=C(O2)C3=CC=C(C=C3)O)OC)OC)OC
"3,4°‰-Dihydroxy-5,6,7,8-tetramethoxyflavone",16737088,,945225-65-0,C19H18O8,O=C1C(O)=C(OC2=C(OC)C(OC)=C(OC)C(OC)=C12)C=3C=CC(O)=CC3
"(2R,4R,6S,8S,9S)-2,4,6,8-tetramethyldecane-1,9-diol",102321444,,1005517-17-8,C14H30O2,C[C@H](C[C@H](C)C[C@H](C)[C@H](C)O)C[C@@H](C)CO
9-Hydroxydodecanoic acid,5312744,,68490-89-1\\\\,C12H24O3,CCCC(CCCCCCCC(=O)O)O
9-Aminoacridine,7019,,90-45-9,C13H10N2,C1=CC=C2C(=C1)C(=C3C=CC=CC3=N2)N
3-Methylbenzyl alcohol,11476,,587-03-1,C8H10O,CC1=CC(=CC=C1)CO
Indenol,316919,,56631-57-3,C9H8O,C1=CC=C2C(C=CC2=C1)O
1-Phenylethanol,7409,,98-85-1,C8H10O,CC(C1=CC=CC=C1)O
(+)-2-Hexanol,638097,,52019-78-0,C6H14O,CCCCC(C)O\OC(CC)CCC
13-Hydroxyhexadecanoic acid,15569769,,59642-39-6,C16H32O3,CCCC(CCCCCCCCCCCC(=O)O)O
Queretaroic acid,12314864,,511-82-0,C30H48O4,CC1(C2CCC3(C(C2(CCC1O)C)CC=C4C3(CCC5(C4CC(CC5)(C)CO)C(=O)O)C)C)C
"1,11-Dodecanediol",22323608,,80158-99-2,C12H26O2,CC(CCCCCCCCCCO)O
"1,6-Hexanediol",12374,,629-11-8,C6H14O2,C(CCCO)CCO
"1,7-Heptanediol",12381,,629-30-1,C7H16O2,C(CCCO)CCCO
"1,7-Octanediol",544704,,13175-32-1,C8H18O2,CC(CCCCCCO)O
"1,5-Hexanediol",79126,,928-40-5,C6H14O2,CC(CCCCO)O
1-Tridecanol,8207,,112-70-9,C13H28O,CCCCCCCCCCCCCO
"Methyl (2R,4R,6S)-7-hydroxy-2,4,6-trimethyloctanoate",54762701,,1101874-79-6,C12H24O3,CC(CC(C)C(C)O)CC(C)C(=O)OC
(+)-Ethyl mandelate,6951557,,13704-09-1,C10H12O3,CCOC(=O)C(C1=CC=CC=C1)O
Butyl(alphaS)-alpha-hydroxybenzeneacetate,86309411,,74879-33-7,C12H16O3,O=C(OCCCC)C(O)C=1C=CC=CC1
Ethyl(alphaS)-3-chloro-alpha-hydroxybenzeneacetate,102184248,,190433-57-9,C10H11ClO3,CCOC(=O)C(C1=CC(=CC=C1)Cl)O
(R)-6-Hydroxybuspirone,9865794,,477930-30-6,C21H31N5O3,C1CCC2(C1)CC(=O)N(C(=O)C2O)CCCCN3CCN(CC3)C4=NC=CC=N4
Propyl(alphaS)-alpha-hydroxybenzeneacetate,11492090,,104383-26-8,C11H14O3,O=C(OCCC)C(O)C=1C=CC=CC1
Butyl(alphaS)-3-chloro-alpha-hydroxybenzeneacetate,11630111,,887628-39-9,C12H15ClO3,O=C(OCCCC)C(O)C=1C=CC=C(Cl)C1
Propyl(alphaS)-3-chloro-alpha-hydroxybenzeneacetate,25020813,,887628-38-8,C11H13ClO3,O=C(OCCC)C(O)C=1C=CC=C(Cl)C1
"(3E)-4-[(3R)-3-Hydroxy-2,6,6-trimethyl-1-cyclohexen-1-yl]-3-buten-2-one",10954777,,71629-13-5,C13H20O2,O=C(C=CC1=C(C)C(O)CCC1(C)C)C
"(3E,7E)-2-hydroxy-8-[[(2R)-2-[[(E,5S,6S)-5-hydroxy-6-[(2R,3R)-3-phenyloxiran-2-yl]hept-2-enyl]amino]-3-(4-methoxyphenyl)propanoyl]amino]-4-methyl-6-oxonona-3,7-dienoic acid",6444183,,155645-50-4,C35H44N2O8,CC(C1C(O1)C2=CC=CC=C2)C(CC=CCNC(CC3=CC=C(C=C3)OC)C(=O)NC(=CC(=O)CC(=CC(C(=O)O)O)C)C)O
Cryptophycin 52,9939639,,186256-67-7,C36H45ClN2O8,CC(C)CC1C(=O)OC(CC=CC(=O)NC(C(=O)NCC(C(=O)O1)(C)C)CC2=CC(=C(C=C2)OC)Cl)C(C)C3C(O3)C4=CC=CC=C4
Cryptophycin 211,141897901,,188486-53-5,C35H42ClFN2O8,O=C1C=CCC(OC(=O)C(OC(=O)C(C)CNC(=O)C(N1)CC2=CC(F)=C(OC)C(Cl)=C2)CC(C)C)C(C)C3OC3C=4C=CC=CC4
Cryptophycin 189,88879069,,188486-48-8,C36H46N2O8,O=C1C=CCC(OC(=O)C(OC(=O)C(C)CNC(=O)C(N1)CC2=CC=C(OC)C(=C2)C)CC(C)C)C(C)C3OC3C=4C=CC=CC4
Cryptophycin 538,10371754,,168569-17-3,C34H41ClN2O7,O=C1C=CCC(OC(=O)C(OC(=O)CCNC(=O)C(N1)CC2=CC=C(OC)C(Cl)=C2)CC(C)C)C(C=CC=3C=CC=CC3)C
"(3E)-4-[(3S)-3-Hydroxy-2,6,6-trimethyl-1-cyclohexen-1-yl]-3-buten-2-one",13854911,,71629-15-7,C13H20O2,O=C(C=CC1=C(C)C(O)CCC1(C)C)C
"2-(1,1-Dimethylethyl)-4-hydroxy-4-methyl-2,5-cyclohexadien-1-one",132992249,,370861-09-9,C11H16O2,O=C1C=CC(O)(C=C1C(C)(C)C)C
5-Hydroxydiclofenac,3052566,,69002-84-2,C14H11Cl2NO3,C1=CC(=C(C(=C1)Cl)NC2=C(C=C(C=C2)O)CC(=O)O)Cl
"2,4,6-Trichlorophenol",6914,,1988/6/2,C6H3Cl3O,C1=C(C=C(C(=C1Cl)O)Cl)Cl
"2,3-Dichlorophenol",11334,,576-24-9,C6H4Cl2O,C1=CC(=C(C(=C1)Cl)Cl)O
"2,3,4,5-Tetrachlorophenol",21013,,4901-51-3,C6H2Cl4O,C1=C(C(=C(C(=C1Cl)Cl)Cl)Cl)O
"(12R,13R)-12,13-Dihydroxytetradecanoic acid",10890637,,252979-94-5,C14H28O4,CC(C(CCCCCCCCCCC(=O)O)O)O
"(12S,13R)-12,13-Dihydroxytetradecanoic acid",11076194,,252979-92-3,C14H28O4,CC(C(CCCCCCCCCCC(=O)O)O)O
(Hexahydro-5-hydroxy-1(2H)-azocinyl)phenylmethanone,165346872,,16803-08-0,C14H19NO2,C1CC(CCCN(C1)C(=O)C2=CC=CC=C2)O
"3-Azidotricyclo[3.3.1.13,7]decan-1-ol",15807706,,188943-30-8,C10H15N3O,[N-]=[N+]=NC12CC3CC(CC(O)(C3)C1)C2
"alpha,alpha-Dimethyl-3-(1-methylethyl)benzenemethanol",26939,,14860-89-0,C12H18O,CC(C)C1=CC(=CC=C1)C(C)(C)O
"(1r,2s,4s)-rel-7-boc-7-azabicyclo[2.2.1]heptan-2-ol",10013458,,154905-36-9,C11H19NO3,CC(C)(C)OC(=O)N1C2CCC1C(C2)O
2-[4-(Trifluoromethyl)phenyl]cyclopropanemethanol,53275750,,214628-26-9,C11H11F3O,FC(F)(F)C1=CC=C(C=C1)C2CC2CO
2-Phenylcyclopropanemethanol,317540,,61826-40-2,C10H12O,C1C(C1C2=CC=CC=C2)CO
"Thiomorpholine, 1-oxide",12600299,,39213-13-3,C4H9NOS,C1CS(=O)CCN1
"Acetic acid, 2-(2-aminoethoxy)-, ion(1-)",21999450,,212318-20-2,C4H8NO3,O=C([O-])COCCN
"Benzenemethanol,°‰-2-penten-1-yl- (ACI)",3772160,,212515-27-0,C12H16O,OC(C=1C=CC=CC1)CC=CCC
Luteolin,5280445,,491-70-3,C15H10O6,C1=CC(=C(C=C1C2=CC(=O)C3=C(C=C(C=C3O2)O)O)O)O
"3°‰,4°‰-Didemethylnobiletin",5318041,,80140-31-4,C19H18O8,COC1=C(C(=C(C2=C1C(=O)C=C(O2)C3=CC(=C(C=C3)O)O)OC)OC)OC
"trans-6,6a-Dihydroxymaackiain",101709616,,193681-07-1,C16H12O7,OC1=CC=C2C(OC(O)C3(O)C4=CC=5OCOC5C=C4OC23)=C1
N-[2-(Hydroxymethyl)-6-methylphenyl]-2-oxo-1-pyrrolidineacetamide,101928234,,131147-95-0,C14H18N2O3,O=C(NC=1C(=CC=CC1CO)C)CN2C(=O)CCC2
3-O-Demethylarctigenin,384870,,147022-95-5,C20H22O6,O=C1OCC(CC2=CC=C(OC)C(OC)=C2)C1CC3=CC=C(O)C(O)=C3
"(S)-1-Phenyl-1,2-ethanediol",643312,,25779-13-9,C8H10O2,C1=CC=C(C=C1)C(CO)O
"(2S,3R)-2-Methyl-3-phenyloxirane",10219457,,4518-66-5,C9H10O,CC1C(O1)C2=CC=CC=C2
"(2S,3S)-2-Methyl-3-phenyloxirane",119448,,4518-66-5,C9H10O,CC1C(O1)C2=CC=CC=C2
Benzyl glycol,220862,,17131-14-5,C9H12O2,C1=CC=C(C=C1)CC(CO)O
(2R)-2-(Phenylmethyl)oxirane,11018916,,91420-74-5,C9H10O,C1C(O1)CC2=CC=CC=C2
"(2R,3S)-2-Methyl-3-phenyloxirane",10953562,,14212-54-5,C9H10O,CC1C(O1)C2=CC=CC=C2
"(1S,4S,5S)-5-Hydroxy-1,7,7-trimethylbicyclo[2.2.1]heptan-2-one",21145050,,154725-87-8,C10H16O2,CC1(C2CC(=O)C1(CC2O)C)C
p-Cresol,2879,,106-44-5,C7H8O,CC1=CC=C(C=C1)O
2-Acetamidophenol,11972,,614-80-2,C8H9NO2,CC(=O)NC1=CC=CC=C1O
"Bicyclo[2.2.1]heptan-2-one, 3-hydroxy-, (1R-exo)-",10887906,,119565-95-6,C7H10O2,O=C1C(O)C2CCC1C2
(S)-1-Phenylethanol,443135,,1445-91-6,C8H10O,CC(C1=CC=CC=C1)O
(+)-1-Phenylethanol,637516,,1517-69-7,C8H10O,CC(C1=CC=CC=C1)O
2-Hydroxybenzo[a]pyrene,42027,,56892-30-9,C20H12O,C1=CC=C2C3=C4C(=CC2=C1)C=CC5=CC(=CC(=C54)C=C3)O
1-[(R)-Ethylsulfinyl]-4-methylbenzene,11332695,,1519-40-0,C9H12OS,CCS(=O)C1=CC=C(C=C1)C
4-Methyl-7-nitrotryptophan,122473709,,1989665-19-1,C12H13N3O4,O=C(O)C(N)CC1=CNC=2C1=C(C=CC2N(=O)=O)C
7-Nitro-4-phenyl-L-tryptophan,122473950,,1989664-63-2,C17H15N3O4,O=C(O)C(N)CC1=CNC=2C(=CC=C(C=3C=CC=CC3)C12)N(=O)=O
5-Cyclopropyl-4-nitro-L-tryptophan,122473669,,1989664-65-4,C14H15N3O4,O=C(O)C(N)CC1=CNC2=CC=C(C(=C21)N(=O)=O)C3CC3
6-Cyclopropyl-4-nitro-L-tryptophan,122473895,,1989664-67-6,C14H15N3O4,O=C(O)C(N)CC1=CNC2=CC(=CC(=C21)N(=O)=O)C3CC3
7-Cyclopropyl-4-nitro-L-tryptophan,122473760,,1989664-69-8,C14H15N3O4,O=C(O)C(N)CC1=CNC=2C1=C(C=CC2C3CC3)N(=O)=O
4-Cyclopropyl-7-nitro-L-tryptophan,122473816,,1989664-71-2,C14H15N3O4,O=C(O)C(N)CC1=CNC=2C1=C(C=CC2N(=O)=O)C3CC3
5-Ethenyl-4-nitro-L-tryptophan,122473714,,1989664-73-4,C13H13N3O4,O=C(O)C(N)CC1=CNC2=CC=C(C=C)C(=C21)N(=O)=O
4-Ethenyl-7-nitro-L-tryptophan,122473754,,1989664-79-0,C13H13N3O4,O=C(O)C(N)CC1=CNC=2C(=CC=C(C=C)C12)N(=O)=O
4-Ethynyl-7-nitro-L-tryptophan,122473803,,1989664-87-0,C13H11N3O4,O=C(O)C(N)CC1=CNC=2C(=CC=C(C#C)C21)N(=O)=O
5-(4-Morpholinyl)-4-nitro-L-tryptophan,122473752,,1989664-89-2,C15H18N4O5,O=C(O)C(N)CC1=CNC2=CC=C(C(=C21)N(=O)=O)N3CCOCC3
6-(4-Morpholinyl)-4-nitro-L-tryptophan,122473667,,1989664-91-6,C15H18N4O5,O=C(O)C(N)CC1=CNC2=CC(=CC(=C21)N(=O)=O)N3CCOCC3
7-(4-Morpholinyl)-4-nitro-L-tryptophan,122473651,,1989664-93-8,C15H18N4O5,O=C(O)C(N)CC1=CNC2=C(C=CC(=C21)N(=O)=O)N3CCOCC3
4-(4-Morpholinyl)-7-nitro-L-tryptophan,122473798,,1989664-95-0,C15H18N4O5,O=C(O)C(N)CC1=CNC2=C(C=CC(=C21)N3CCOCC3)N(=O)=O
6-(Methylthio)-4-nitro-L-tryptophan,122473746,,1989664-99-4,C12H13N3O4S,O=C(O)C(N)CC1=CNC2=CC(SC)=CC(=C21)N(=O)=O
7-(Methylthio)-4-nitro-L-tryptophan,122473744,,1989665-01-1,C12H13N3O4S,O=C(O)C(N)CC1=CNC2=C(SC)C=CC(=C21)N(=O)=O
4-(Methylthio)-7-nitro-L-tryptophan,122473920,,1989665-03-3,C12H13N3O4S,O=C(O)C(N)CC1=CNC=2C(=CC=C(SC)C21)N(=O)=O
4-Nitro-5-(4-pyridinyl)-L-tryptophan,122473831,,1989665-05-5,C16H14N4O4,O=C(O)C(N)CC1=CNC2=CC=C(C=3C=CN=CC3)C(=C21)N(=O)=O
4-Nitro-6-(4-pyridinyl)-L-tryptophan,122473882,,1989665-07-7,C16H14N4O4,O=C(O)C(N)CC1=CNC2=CC(=CC(=C21)N(=O)=O)C=3C=CN=CC3
4-Nitro-7-(4-pyridinyl)-L-tryptophan,122473673,,1989665-09-9,C16H14N4O4,O=C(O)C(N)CC1=CNC=2C(=CC=C(C12)N(=O)=O)C=3C=CN=CC3
7-Nitro-4-(4-pyridinyl)-L-tryptophan,122473864,,1989665-11-3,C16H14N4O4,O=C(O)C(N)CC1=CNC=2C(=CC=C(C=3C=CN=CC3)C12)N(=O)=O
4-Amino-7-nitrotryptophan,122473854,,1989665-57-7,C11H12N4O4,O=C(O)C(N)CC1=CNC=2C(=CC=C(N)C21)N(=O)=O
4-Nitro-5-phenyltryptophan,122473710,,1989665-67-9,C17H15N3O4,O=C(O)C(N)CC1=CNC2=CC=C(C=3C=CC=CC3)C(=C21)N(=O)=O
4-Nitro-6-phenyltryptophan,122473736,,1989665-69-1,C17H15N3O4,O=C(O)C(N)CC1=CNC2=CC(=CC(=C21)N(=O)=O)C=3C=CC=CC3
4-Nitro-7-phenyltryptophan,122473835,,1989665-71-5,C17H15N3O4,O=C(O)C(N)CC1=CNC=2C(=CC=C(C12)N(=O)=O)C=3C=CC=CC3
7-Ethenyl-4-nitrotryptophan,122473790,,1989665-90-8,C13H13N3O4,O=C(O)C(N)CC1=CNC=2C(C=C)=CC=C(C12)N(=O)=O
7-Ethynyl-4-nitrotryptophan,122473783,,1989665-98-6,C13H11N3O4,O=C(O)C(N)CC1=CNC2=C(C#C)C=CC(=C21)N(=O)=O
5-(Methylthio)-4-nitrotryptophan,122473767,,1989666-09-2,C12H13N3O4S,O=C(O)C(N)CC1=CNC2=CC=C(SC)C(=C21)N(=O)=O
4-Bromo-1-methyl-7-nitrotryptophan,122473913,,1989666-50-3,C12H12BrN3O4,O=C(O)C(N)CC1=CN(C2=C1C(Br)=CC=C2N(=O)=O)C
5-Amino-1-methyl-4-nitrotryptophan,122473652,,1989666-59-2,C12H14N4O4,O=C(O)C(N)CC1=CN(C2=CC=C(N)C(=C21)N(=O)=O)C
7-Amino-1-methyl-4-nitrotryptophan,122473933,,1989666-63-8,C12H14N4O4,O=C(O)C(N)CC1=CN(C=2C(N)=CC=C(C12)N(=O)=O)C
4-Amino-1-methyl-7-nitrotryptophan,122473874,,1989666-65-0,C12H14N4O4,O=C(O)C(N)CC1=CN(C2=C1C(N)=CC=C2N(=O)=O)C
1-Methyl-4-nitro-5-phenyltryptophan,122473720,,1989666-75-2,C18H17N3O4,O=C(O)C(N)CC1=CN(C2=CC=C(C=3C=CC=CC3)C(=C21)N(=O)=O)C
1-Methyl-4-nitro-6-phenyltryptophan,122473813,,1989666-77-4,C18H17N3O4,O=C(O)C(N)CC1=CN(C=2C=C(C=C(C21)N(=O)=O)C=3C=CC=CC3)C
1-Methyl-4-nitro-7-phenyltryptophan,122473648,,1989666-79-6,C18H17N3O4,O=C(O)C(N)CC1=CN(C=2C(=CC=C(C12)N(=O)=O)C=3C=CC=CC3)C
1-Methyl-7-nitro-4-phenyltryptophan,122473719,,1989666-81-0,C18H17N3O4,O=C(O)C(N)CC1=CN(C=2C(=CC=C(C=3C=CC=CC3)C12)N(=O)=O)C
5-Cyclopropyl-1-methyl-4-nitrotryptophan,122473937,,1989666-82-1,C15H17N3O4,O=C(O)C(N)CC1=CN(C2=CC=C(C(=C21)N(=O)=O)C3CC3)C
6-Cyclopropyl-1-methyl-4-nitrotryptophan,122473844,,1989666-83-2,C15H17N3O4,O=C(O)C(N)CC1=CN(C=2C=C(C=C(C21)N(=O)=O)C3CC3)C
7-Cyclopropyl-1-methyl-4-nitrotryptophan,122473898,,1989666-84-3,C15H17N3O4,O=C(O)C(N)CC1=CN(C2=C1C(=CC=C2C3CC3)N(=O)=O)C
4-Cyclopropyl-1-methyl-7-nitrotryptophan,122473778,,1989666-85-4,C15H17N3O4,O=C(O)C(N)CC1=CN(C2=C1C(=CC=C2N(=O)=O)C3CC3)C
5-Ethenyl-1-methyl-4-nitrotryptophan,122473954,,1989666-86-5,C14H15N3O4,O=C(O)C(N)CC1=CN(C2=CC=C(C=C)C(=C21)N(=O)=O)C
6-Ethenyl-1-methyl-4-nitrotryptophan,122473641,,1989666-87-6,C14H15N3O4,O=C(O)C(N)CC1=CN(C=2C=C(C=C)C=C(C21)N(=O)=O)C
7-Ethenyl-1-methyl-4-nitrotryptophan,122473688,,1989666-88-7,C14H15N3O4,O=C(O)C(N)CC1=CN(C=2C(C=C)=CC=C(C12)N(=O)=O)C
4-Ethenyl-1-methyl-7-nitrotryptophan,122473804,,1989666-89-8,C14H15N3O4,O=C(O)C(N)CC1=CN(C=2C(=CC=C(C=C)C12)N(=O)=O)C
5-Ethynyl-1-methyl-4-nitrotryptophan,122473792,,1989666-90-1,C14H13N3O4,O=C(O)C(N)CC1=CN(C2=CC=C(C#C)C(=C21)N(=O)=O)C
6-Ethynyl-1-methyl-4-nitrotryptophan,122473786,,1989666-91-2,C14H13N3O4,O=C(O)C(N)CC1=CN(C=2C=C(C#C)C=C(C21)N(=O)=O)C
7-Ethynyl-1-methyl-4-nitrotryptophan,122473721,,1989666-92-3,C14H13N3O4,O=C(O)C(N)CC1=CN(C=2C(C#C)=CC=C(C12)N(=O)=O)C
4-Ethynyl-1-methyl-7-nitrotryptophan,122473758,,1989666-93-4,C14H13N3O4,O=C(O)C(N)CC1=CN(C2=C1C(C#C)=CC=C2N(=O)=O)C
1-Methyl-5-(4-morpholinyl)-4-nitrotryptophan,122473757,,1989666-94-5,C16H20N4O5,O=C(O)C(N)CC1=CN(C2=CC=C(C(=C21)N(=O)=O)N3CCOCC3)C
1-Methyl-6-(4-morpholinyl)-4-nitrotryptophan,122473880,,1989666-95-6,C16H20N4O5,O=C(O)C(N)CC1=CN(C=2C=C(C=C(C21)N(=O)=O)N3CCOCC3)C
4-Chloro-2-methyl-7-nitrotryptophan,122473890,,1989667-17-5,C12H12ClN3O4,O=C(O)C(N)CC=1C=2C(Cl)=CC=C(C2NC1C)N(=O)=O
1-Methyl-4-(4-morpholinyl)-7-nitrotryptophan,122473957,,1989666-97-8,C16H20N4O5,O=C(O)C(N)CC1=CN(C2=C1C(=CC=C2N(=O)=O)N3CCOCC3)C
1-Methyl-5-(methylthio)-4-nitrotryptophan,122473676,,1989666-98-9,C13H15N3O4S,O=C(O)C(N)CC1=CN(C2=CC=C(SC)C(=C21)N(=O)=O)C
1-Methyl-6-(methylthio)-4-nitrotryptophan,122473932,,1989666-99-0,C13H15N3O4S,O=C(O)C(N)CC1=CN(C=2C=C(SC)C=C(C21)N(=O)=O)C
1-Methyl-7-(methylthio)-4-nitrotryptophan,122473745,,1989667-00-6,C13H15N3O4S,O=C(O)C(N)CC1=CN(C=2C(SC)=CC=C(C12)N(=O)=O)C
1-Methyl-4-(methylthio)-7-nitrotryptophan,122473849,,1989667-01-7,C13H15N3O4S,O=C(O)C(N)CC1=CN(C2=C1C(SC)=CC=C2N(=O)=O)C
1-Methyl-4-nitro-5-(4-pyridinyl)tryptophan,122473941,,1989667-02-8,C17H16N4O4,O=C(O)C(N)CC1=CN(C2=CC=C(C=3C=CN=CC3)C(=C21)N(=O)=O)C
1-Methyl-4-nitro-6-(4-pyridinyl)tryptophan,122473828,,1989667-03-9,C17H16N4O4,O=C(O)C(N)CC1=CN(C=2C=C(C=C(C21)N(=O)=O)C=3C=CN=CC3)C
1-Methyl-4-nitro-7-(4-pyridinyl)tryptophan,122473925,,1989667-04-0,C17H16N4O4,O=C(O)C(N)CC1=CN(C=2C(=CC=C(C12)N(=O)=O)C=3C=CN=CC3)C
1-Methyl-7-nitro-4-(4-pyridinyl)tryptophan,122473948,,1989667-05-1,C17H16N4O4,O=C(O)C(N)CC1=CN(C=2C(=CC=C(C=3C=CN=CC3)C12)N(=O)=O)C
"2,6-Dimethyl-4-nitrotryptophan",122473969,,1989667-07-3,C13H15N3O4,O=C(O)C(N)CC=1C=2C(=CC(=CC2N(=O)=O)C)NC1C
6-Bromo-2-methyl-4-nitrotryptophan,122473784,,1989667-19-7,C12H12BrN3O4,O=C(O)C(N)CC=1C=2C(=CC(Br)=CC2N(=O)=O)NC1C
7-Bromo-2-methyl-4-nitrotryptophan,122473690,,1989667-20-0,C12H12BrN3O4,O=C(O)C(N)CC=1C=2C(NC1C)=C(Br)C=CC2N(=O)=O
4-Bromo-2-methyl-7-nitrotryptophan,122473940,,1989667-21-1,C12H12BrN3O4,O=C(O)C(N)CC=1C=2C(Br)=CC=C(C2NC1C)N(=O)=O
6-Methoxy-2-methyl-4-nitrotryptophan,122473685,,1989667-23-3,C13H15N3O5,O=C(O)C(N)CC=1C=2C(=CC(OC)=CC2N(=O)=O)NC1C
7-Methoxy-2-methyl-4-nitrotryptophan,122473823,,1989667-24-4,C13H15N3O5,O=C(O)C(N)CC=1C=2C(NC1C)=C(OC)C=CC2N(=O)=O
4-Methoxy-2-methyl-7-nitrotryptophan,122473868,,1989667-25-5,C13H15N3O5,O=C(O)C(N)CC=1C=2C(OC)=CC=C(C2NC1C)N(=O)=O
5-Amino-2-methyl-4-nitrotryptophan,122473862,,1989667-26-6,C12H14N4O4,O=C(O)C(N)CC=1C=2C(=CC=C(N)C2N(=O)=O)NC1C
6-Amino-2-methyl-4-nitrotryptophan,122473974,,1989667-27-7,C12H14N4O4,O=C(O)C(N)CC=1C=2C(=CC(N)=CC2N(=O)=O)NC1C
7-Amino-2-methyl-4-nitrotryptophan,122473879,,1989667-28-8,C12H14N4O4,O=C(O)C(N)CC=1C=2C(NC1C)=C(N)C=CC2N(=O)=O
4-Amino-2-methyl-7-nitrotryptophan,122473696,,1989667-29-9,C12H14N4O4,O=C(O)C(N)CC=1C=2C(N)=CC=C(C2NC1C)N(=O)=O
2-Methyl-4-nitro-5-phenyltryptophan,122473951,,1989667-34-6,C18H17N3O4,O=C(O)C(N)CC=1C=2C(=CC=C(C=3C=CC=CC3)C2N(=O)=O)NC1C
2-Methyl-4-nitro-6-phenyltryptophan,122473838,,1989667-35-7,C18H17N3O4,O=C(O)C(N)CC=1C=2C(=CC(=CC2N(=O)=O)C=3C=CC=CC3)NC1C
2-Methyl-4-nitro-7-phenyltryptophan,122473934,,1989667-36-8,C18H17N3O4,O=C(O)C(N)CC=1C=2C(=CC=C(C=3C=CC=CC3)C2NC1C)N(=O)=O
2-Methyl-7-nitro-4-phenyltryptophan,122473853,,1989667-37-9,C18H17N3O4,O=C(O)C(N)CC=1C=2C(=CC=C(C2NC1C)N(=O)=O)C=3C=CC=CC3
5-Cyclopropyl-2-methyl-4-nitrotryptophan,122473711,,1989667-38-0,C15H17N3O4,O=C(O)C(N)CC=1C=2C(=CC=C(C2N(=O)=O)C3CC3)NC1C
6-Cyclopropyl-2-methyl-4-nitrotryptophan,122473909,,1989667-39-1,C15H17N3O4,O=C(O)C(N)CC=1C=2C(=CC(=CC2N(=O)=O)C3CC3)NC1C
7-Cyclopropyl-2-methyl-4-nitrotryptophan,122473857,,1989667-40-4,C15H17N3O4,O=C(O)C(N)CC=1C=2C(NC1C)=C(C=CC2N(=O)=O)C3CC3
4-Cyclopropyl-2-methyl-7-nitrotryptophan,122473674,,1989667-41-5,C15H17N3O4,O=C(O)C(N)CC=1C=2C(NC1C)=C(C=CC2C3CC3)N(=O)=O
5-Ethenyl-2-methyl-4-nitrotryptophan,122473888,,1989667-42-6,C14H15N3O4,O=C(O)C(N)CC=1C=2C(=CC=C(C=C)C2N(=O)=O)NC1C
6-Ethenyl-2-methyl-4-nitrotryptophan,122473965,,1989667-43-7,C14H15N3O4,O=C(O)C(N)CC=1C=2C(=CC(C=C)=CC2N(=O)=O)NC1C
7-Ethenyl-2-methyl-4-nitrotryptophan,122473886,,1989667-44-8,C14H15N3O4,O=C(O)C(N)CC=1C=2C(NC1C)=C(C=C)C=CC2N(=O)=O
4-Ethenyl-2-methyl-7-nitrotryptophan,122473847,,1989667-45-9,C14H15N3O4,O=C(O)C(N)CC=1C=2C(C=C)=CC=C(C2NC1C)N(=O)=O
5-Ethynyl-2-methyl-4-nitrotryptophan,122473832,,1989667-46-0,C14H13N3O4,O=C(O)C(N)CC=1C=2C(=CC=C(C#C)C2N(=O)=O)NC1C
6-Ethynyl-2-methyl-4-nitrotryptophan,122473737,,1989667-47-1,C14H13N3O4,O=C(O)C(N)CC=1C=2C(=CC(C#C)=CC2N(=O)=O)NC1C
7-Ethynyl-2-methyl-4-nitrotryptophan,122473809,,1989667-48-2,C14H13N3O4,O=C(O)C(N)CC=1C=2C(NC1C)=C(C#C)C=CC2N(=O)=O
4-Ethynyl-2-methyl-7-nitrotryptophan,122473727,,1989667-49-3,C14H13N3O4,O=C(O)C(N)CC=1C=2C(C#C)=CC=C(C2NC1C)N(=O)=O
2-Methyl-5-(4-morpholinyl)-4-nitrotryptophan,122473900,,1989667-50-6,C16H20N4O5,O=C(O)C(N)CC=1C=2C(=CC=C(C2N(=O)=O)N3CCOCC3)NC1C
2-Methyl-6-(4-morpholinyl)-4-nitrotryptophan,122473811,,1989667-51-7,C16H20N4O5,O=C(O)C(N)CC=1C=2C(=CC(=CC2N(=O)=O)N3CCOCC3)NC1C
2-Methyl-7-(4-morpholinyl)-4-nitrotryptophan,122473903,,1989667-52-8,C16H20N4O5,O=C(O)C(N)CC=1C=2C(NC1C)=C(C=CC2N(=O)=O)N3CCOCC3
2-Methyl-4-(4-morpholinyl)-7-nitrotryptophan,122473911,,1989667-53-9,C16H20N4O5,O=C(O)C(N)CC=1C=2C(NC1C)=C(C=CC2N3CCOCC3)N(=O)=O
2-Methyl-5-(methylthio)-4-nitrotryptophan,122473833,,1989667-54-0,C13H15N3O4S,O=C(O)C(N)CC=1C=2C(=CC=C(SC)C2N(=O)=O)NC1C
2-Methyl-6-(methylthio)-4-nitrotryptophan,122473871,,1989667-55-1,C13H15N3O4S,O=C(O)C(N)CC=1C=2C(=CC(SC)=CC2N(=O)=O)NC1C
2-Methyl-7-(methylthio)-4-nitrotryptophan,122473808,,1989667-57-3,C13H15N3O4S,O=C(O)C(N)CC=1C=2C(NC1C)=C(SC)C=CC2N(=O)=O
2-Methyl-4-(methylthio)-7-nitrotryptophan,122473972,,1989667-58-4,C13H15N3O4S,O=C(O)C(N)CC=1C=2C(SC)=CC=C(C2NC1C)N(=O)=O
2-Methyl-4-nitro-5-(4-pyridinyl)tryptophan,122473780,,1989667-59-5,C17H16N4O4,O=C(O)C(N)CC=1C=2C(=CC=C(C=3C=CN=CC3)C2N(=O)=O)NC1C
2-Methyl-4-nitro-6-(4-pyridinyl)tryptophan,122473971,,1989667-60-8,C17H16N4O4,O=C(O)C(N)CC=1C=2C(=CC(=CC2N(=O)=O)C=3C=CN=CC3)NC1C
2-Methyl-4-nitro-7-(4-pyridinyl)tryptophan,122473689,,1989667-61-9,C17H16N4O4,O=C(O)C(N)CC=1C=2C(=CC=C(C=3C=CN=CC3)C2NC1C)N(=O)=O
2-Methyl-7-nitro-4-(4-pyridinyl)tryptophan,122473885,,1989667-62-0,C17H16N4O4,O=C(O)C(N)CC=1C=2C(=CC=C(C2NC1C)N(=O)=O)C=3C=CN=CC3
"1,2,7-Trimethyl-4-nitrotryptophan",122473959,,1989667-65-3,C14H17N3O4,O=C(O)C(N)CC=1C=2C(=CC=C(C2N(C1C)C)C)N(=O)=O
"6-Methoxy-1,2-dimethyl-4-nitrotryptophan",122473765,,1989667-79-9,C14H17N3O5,O=C(O)C(N)CC=1C=2C(=CC(OC)=CC2N(C1C)C)N(=O)=O
"1,2-Dimethyl-4-nitro-6-phenyltryptophan",122473687,,1989667-91-5,C19H19N3O4,O=C(O)C(N)CC=1C=2C(=CC(=CC2N(C1C)C)C=3C=CC=CC3)N(=O)=O
"1,2-Dimethyl-4-nitro-7-phenyltryptophan",122473914,,1989667-92-6,C19H19N3O4,O=C(O)C(N)CC=1C=2C(=CC=C(C=3C=CC=CC3)C2N(C1C)C)N(=O)=O
"6-Cyclopropyl-1,2-dimethyl-4-nitrotryptophan",122473684,,1989667-95-9,C16H19N3O4,O=C(O)C(N)CC=1C=2C(=CC(=CC2N(C1C)C)C3CC3)N(=O)=O
"5-Ethenyl-1,2-dimethyl-4-nitrotryptophan",122473938,,1989667-98-2,C15H17N3O4,O=C(O)C(N)CC=1C=2C(=CC=C(C=C)C2N(=O)=O)N(C1C)C
"6-Ethenyl-1,2-dimethyl-4-nitrotryptophan",122473712,,1989667-99-3,C15H17N3O4,O=C(O)C(N)CC=1C=2C(=CC(C=C)=CC2N(C1C)C)N(=O)=O
"7-Ethenyl-1,2-dimethyl-4-nitrotryptophan",122473649,,1989668-00-9,C15H17N3O4,O=C(O)C(N)CC=1C=2C(=CC=C(C=C)C2N(C1C)C)N(=O)=O
"4-Ethenyl-1,2-dimethyl-7-nitrotryptophan",122473922,,1989668-01-0,C15H17N3O4,O=C(O)C(N)CC=1C=2C(C=C)=CC=C(C2N(C1C)C)N(=O)=O
"5-Ethynyl-1,2-dimethyl-4-nitrotryptophan",122473657,,1989668-02-1,C15H15N3O4,O=C(O)C(N)CC=1C=2C(=CC=C(C#C)C2N(=O)=O)N(C1C)C
"6-Ethynyl-1,2-dimethyl-4-nitrotryptophan",122473908,,1989668-03-2,C15H15N3O4,O=C(O)C(N)CC=1C=2C(=CC(C#C)=CC2N(C1C)C)N(=O)=O
"7-Ethynyl-1,2-dimethyl-4-nitrotryptophan",122473666,,1989668-04-3,C15H15N3O4,O=C(O)C(N)CC=1C=2C(=CC=C(C#C)C2N(C1C)C)N(=O)=O
"4-Ethynyl-1,2-dimethyl-7-nitrotryptophan",122473654,,1989668-05-4,C15H15N3O4,O=C(O)C(N)CC=1C=2C(C#C)=CC=C(C2N(C1C)C)N(=O)=O
"1,2-Dimethyl-6-(4-morpholinyl)-4-nitrotryptophan",122473701,,1989668-07-6,C17H22N4O5,O=C(O)C(N)CC=1C=2C(=CC(=CC2N(C1C)C)N3CCOCC3)N(=O)=O
"1,2-Dimethyl-7-(4-morpholinyl)-4-nitrotryptophan",122473865,,1989668-08-7,C17H22N4O5,O=C(O)C(N)CC=1C=2C(=CC=C(C2N(C1C)C)N3CCOCC3)N(=O)=O
"1,2-Dimethyl-6-(methylthio)-4-nitrotryptophan",122473763,,1989668-12-3,C14H17N3O4S,O=C(O)C(N)CC=1C=2C(=CC(SC)=CC2N(C1C)C)N(=O)=O
"1,2-Dimethyl-7-(methylthio)-4-nitrotryptophan",122473740,,1989668-13-4,C14H17N3O4S,O=C(O)C(N)CC=1C=2C(=CC=C(SC)C2N(C1C)C)N(=O)=O
"1,2-Dimethyl-4-nitro-6-(4-pyridinyl)tryptophan",122473945,,1989668-16-7,C18H18N4O4,O=C(O)C(N)CC=1C=2C(=CC(=CC2N(C1C)C)C=3C=CN=CC3)N(=O)=O
"1,2-Dimethyl-4-nitro-7-(4-pyridinyl)tryptophan",122473735,,1989668-17-8,C18H18N4O4,O=C(O)C(N)CC=1C=2C(=CC=C(C=3C=CN=CC3)C2N(C1C)C)N(=O)=O
4-Methoxy-7-nitrotryptophan,122473773,,1989665-49-7,C12H13N3O5,O=C(O)C(N)CC1=CNC=2C(=CC=C(OC)C21)N(=O)=O
1-Methyl-7-(4-morpholinyl)-4-nitrotryptophan,122473788,,1989666-96-7,C16H20N4O5,O=C(O)C(N)CC1=CN(C2=C1C(=CC=C2N3CCOCC3)N(=O)=O)C
7-Hydroxy-1-methyl-4-nitrotryptophan,122473793,,1989666-71-8,C12H13N3O5,O=C(O)C(N)CC1=CN(C=2C(O)=CC=C(C12)N(=O)=O)C
4-Methoxy-1-methyl-7-nitrotryptophan,122473777,,1989666-57-0,C13H15N3O5,O=C(O)C(N)CC1=CN(C2=C1C(OC)=CC=C2N(=O)=O)C
6-Chloro-1-methyl-4-nitrotryptophan,122473867,,1989666-40-1,C12H12ClN3O4,O=C(O)C(N)CC1=CN(C=2C=C(Cl)C=C(C21)N(=O)=O)C
6-Methoxy-1-methyl-4-nitrotryptophan,122473742,,1989666-53-6,C13H15N3O5,O=C(O)C(N)CC1=CN(C=2C=C(OC)C=C(C21)N(=O)=O)C
4-Chloro-1-methyl-7-nitrotryptophan,122473960,,1989666-43-4,C12H12ClN3O4,O=C(O)C(N)CC1=CN(C2=C1C(Cl)=CC=C2N(=O)=O)C
6-Ethenyl-4-nitrotryptophan,122473859,,1989665-87-3,C13H13N3O4,O=C(O)C(N)CC1=CNC2=CC(C=C)=CC(=C21)N(=O)=O
6-Amino-1-methyl-4-nitrotryptophan,122473756,,1989666-61-6,C12H14N4O4,O=C(O)C(N)CC1=CN(C=2C=C(N)C=C(C21)N(=O)=O)C
6-Hydroxy-1-methyl-4-nitrotryptophan,122473866,,1989666-69-4,C12H13N3O5,O=C(O)C(N)CC1=CN(C=2C=C(O)C=C(C21)N(=O)=O)C
5-Chloro-2-methyl-4-nitrotryptophan,122473836,,1989667-13-1,C12H12ClN3O4,O=C(O)C(N)CC=1C=2C(=CC=C(Cl)C2N(=O)=O)NC1C
"1,2,5-Trimethyl-4-nitrotryptophan",122473814,,1989667-63-1,C14H17N3O4,O=C(O)C(N)CC=1C=2C(=CC=C(C2N(=O)=O)C)N(C1C)C
"1,2,6-Trimethyl-4-nitrotryptophan",122473806,,1989667-64-2,C14H17N3O4,O=C(O)C(N)CC=1C=2C(=CC(=CC2N(C1C)C)C)N(=O)=O
"1,2,4-Trimethyl-7-nitrotryptophan",122473975,,1989667-66-4,C14H17N3O4,O=C(O)C(N)CC=1C=2C(=CC=C(C2N(C1C)C)N(=O)=O)C
"6-Fluoro-1,2-dimethyl-4-nitrotryptophan",122473944,,1989667-67-5,C13H14FN3O4,O=C(O)C(N)CC=1C=2C(=CC(F)=CC2N(C1C)C)N(=O)=O
"7-Fluoro-1,2-dimethyl-4-nitrotryptophan",122473821,,1989667-68-6,C13H14FN3O4,O=C(O)C(N)CC=1C=2C(=CC=C(F)C2N(C1C)C)N(=O)=O
"4-Fluoro-1,2-dimethyl-7-nitrotryptophan",122473697,,1989667-69-7,C13H14FN3O4,O=C(O)C(N)CC=1C=2C(F)=CC=C(C2N(C1C)C)N(=O)=O
"5-Chloro-1,2-dimethyl-4-nitrotryptophan",122473755,,1989667-70-0,C13H14ClN3O4,O=C(O)C(N)CC=1C=2C(=CC=C(Cl)C2N(=O)=O)N(C1C)C
"6-Chloro-1,2-dimethyl-4-nitrotryptophan",122473728,,1989667-71-1,C13H14ClN3O4,O=C(O)C(N)CC=1C=2C(=CC(Cl)=CC2N(C1C)C)N(=O)=O
"7-Chloro-1,2-dimethyl-4-nitrotryptophan",122473949,,1989667-72-2,C13H14ClN3O4,O=C(O)C(N)CC=1C=2C(=CC=C(Cl)C2N(C1C)C)N(=O)=O
"4-Chloro-1,2-dimethyl-7-nitrotryptophan",122473715,,1989667-73-3,C13H14ClN3O4,O=C(O)C(N)CC=1C=2C(Cl)=CC=C(C2N(C1C)C)N(=O)=O
"5-Bromo-1,2-dimethyl-4-nitrotryptophan",122473733,,1989667-74-4,C13H14BrN3O4,O=C(O)C(N)CC=1C=2C(=CC=C(Br)C2N(=O)=O)N(C1C)C
"6-Bromo-1,2-dimethyl-4-nitrotryptophan",122473659,,1989667-75-5,C13H14BrN3O4,O=C(O)C(N)CC=1C=2C(=CC(Br)=CC2N(C1C)C)N(=O)=O
"7-Bromo-1,2-dimethyl-4-nitrotryptophan",122473824,,1989667-76-6,C13H14BrN3O4,O=C(O)C(N)CC=1C=2C(=CC=C(Br)C2N(C1C)C)N(=O)=O
"4-Bromo-1,2-dimethyl-7-nitrotryptophan",122473675,,1989667-77-7,C13H14BrN3O4,O=C(O)C(N)CC=1C=2C(Br)=CC=C(C2N(C1C)C)N(=O)=O
"5-Methoxy-1,2-dimethyl-4-nitrotryptophan",122473961,,1989667-78-8,C14H17N3O5,O=C(O)C(N)CC=1C=2C(=CC=C(OC)C2N(=O)=O)N(C1C)C
"4-Methoxy-1,2-dimethyl-7-nitrotryptophan",122473797,,1989667-81-3,C14H17N3O5,O=C(O)C(N)CC=1C=2C(OC)=CC=C(C2N(C1C)C)N(=O)=O
"5-Amino-1,2-dimethyl-4-nitrotryptophan",122473907,,1989667-82-4,C13H16N4O4,O=C(O)C(N)CC=1C=2C(=CC=C(N)C2N(=O)=O)N(C1C)C
"6-Amino-1,2-dimethyl-4-nitrotryptophan",122473822,,1989667-83-5,C13H16N4O4,O=C(O)C(N)CC=1C=2C(=CC(N)=CC2N(C1C)C)N(=O)=O
"7-Amino-1,2-dimethyl-4-nitrotryptophan",122473878,,1989667-84-6,C13H16N4O4,O=C(O)C(N)CC=1C=2C(=CC=C(N)C2N(C1C)C)N(=O)=O
"4-Amino-1,2-dimethyl-7-nitrotryptophan",122473781,,1989667-85-7,C13H16N4O4,O=C(O)C(N)CC=1C=2C(N)=CC=C(C2N(C1C)C)N(=O)=O
"5-Hydroxy-1,2-dimethyl-4-nitrotryptophan",122473966,,1989667-86-8,C13H15N3O5,O=C(O)C(N)CC=1C=2C(=CC=C(O)C2N(=O)=O)N(C1C)C
"6-Hydroxy-1,2-dimethyl-4-nitrotryptophan",122473691,,1989667-87-9,C13H15N3O5,O=C(O)C(N)CC=1C=2C(=CC(O)=CC2N(C1C)C)N(=O)=O
"7-Hydroxy-1,2-dimethyl-4-nitrotryptophan",122473791,,1989667-88-0,C13H15N3O5,O=C(O)C(N)CC=1C=2C(=CC=C(O)C2N(C1C)C)N(=O)=O
"4-Hydroxy-1,2-dimethyl-7-nitrotryptophan",122473896,,1989667-89-1,C13H15N3O5,O=C(O)C(N)CC=1C=2C(O)=CC=C(C2N(C1C)C)N(=O)=O
"1,2-Dimethyl-4-nitro-5-phenyltryptophan",122473955,,1989667-90-4,C19H19N3O4,O=C(O)C(N)CC=1C=2C(=CC=C(C=3C=CC=CC3)C2N(=O)=O)N(C1C)C
"1,2-Dimethyl-7-nitro-4-phenyltryptophan",122473724,,1989667-93-7,C19H19N3O4,O=C(O)C(N)CC=1C=2C(=CC=C(C2N(C1C)C)N(=O)=O)C=3C=CC=CC3
"5-Cyclopropyl-1,2-dimethyl-4-nitrotryptophan",122473704,,1989667-94-8,C16H19N3O4,O=C(O)C(N)CC=1C=2C(=CC=C(C2N(=O)=O)C3CC3)N(C1C)C
"4-Cyclopropyl-1,2-dimethyl-7-nitrotryptophan",122473810,,1989667-97-1,C16H19N3O4,O=C(O)C(N)CC=1C=2C(=C(C=CC2C3CC3)N(=O)=O)N(C1C)C
"1,2-Dimethyl-5-(4-morpholinyl)-4-nitrotryptophan",122473926,,1989668-06-5,C17H22N4O5,O=C(O)C(N)CC=1C=2C(=CC=C(C2N(=O)=O)N3CCOCC3)N(C1C)C
"1,2-Dimethyl-4-(4-morpholinyl)-7-nitrotryptophan",122473678,,1989668-10-1,C17H22N4O5,O=C(O)C(N)CC=1C=2C(=CC=C(C2N(C1C)C)N(=O)=O)N3CCOCC3
"1,2-Dimethyl-5-(methylthio)-4-nitrotryptophan",122473953,,1989668-11-2,C14H17N3O4S,O=C(O)C(N)CC=1C=2C(=CC=C(SC)C2N(=O)=O)N(C1C)C
"1,2-Dimethyl-4-(methylthio)-7-nitrotryptophan",122473656,,1989668-14-5,C14H17N3O4S,O=C(O)C(N)CC=1C=2C(SC)=CC=C(C2N(C1C)C)N(=O)=O
"1,2-Dimethyl-4-nitro-5-(4-pyridinyl)tryptophan",122473889,,1989668-15-6,C18H18N4O4,O=C(O)C(N)CC=1C=2C(=CC=C(C=3C=CN=CC3)C2N(=O)=O)N(C1C)C
"1,2-Dimethyl-7-nitro-4-(4-pyridinyl)tryptophan",122473855,,1989668-18-9,C18H18N4O4,O=C(O)C(N)CC=1C=2C(=CC=C(C2N(C1C)C)N(=O)=O)C=3C=CN=CC3
6-Methyl-4-nitrotryptophan,122473655,,1989665-15-7,C12H13N3O4,O=C(O)C(N)CC1=CNC2=CC(=CC(=C21)N(=O)=O)C
6-Amino-4-nitro-L-tryptophan,122473677,,1989664-44-9,C11H12N4O4,O=C(O)C(N)CC1=CNC2=CC(N)=CC(=C21)N(=O)=O
5-Methoxy-4-nitro-L-tryptophan,122473819,,1989664-34-7,C12H13N3O5,O=C(O)C(N)CC1=CNC2=CC=C(OC)C(=C21)N(=O)=O
5-Bromo-4-nitro-L-tryptophan,122473902,,1989664-26-7,C11H10BrN3O4,O=C(O)C(N)CC1=CNC2=CC=C(Br)C(=C21)N(=O)=O
5-Amino-4-nitro-L-tryptophan,122473846,,1989664-42-7,C11H12N4O4,O=C(O)C(N)CC1=CNC2=CC=C(N)C(=C21)N(=O)=O
7-Hydroxy-4-nitro-L-tryptophan,122473802,,1989664-53-0,C11H11N3O5,O=C(O)C(N)CC1=CNC2=C(O)C=CC(=C21)N(=O)=O
7-Methoxy-4-nitro-L-tryptophan,122473905,,1989664-38-1,C12H13N3O5,O=C(O)C(N)CC1=CNC2=C(OC)C=CC(=C21)N(=O)=O
4-Hydroxy-7-nitro-L-tryptophan,122473772,,1989664-55-2,C11H11N3O5,O=C(O)C(N)CC1=CNC=2C(=CC=C(O)C21)N(=O)=O
4-Fluoro-7-nitrotryptophan,122473899,,1989665-25-9,C11H10FN3O4,O=C(O)C(N)CC1=CNC=2C(=CC=C(F)C21)N(=O)=O
4-Bromo-7-nitrotryptophan,122473732,,1989665-41-9,C11H10BrN3O4,O=C(O)C(N)CC1=CNC=2C(=CC=C(Br)C21)N(=O)=O
5-Hydroxy-2-methyl-4-nitrotryptophan,122473870,,1989667-30-2,C12H13N3O5,O=C(O)C(N)CC=1C=2C(=CC=C(O)C2N(=O)=O)NC1C
(betaS)-beta-Amino-4-nitro-1H-indole-3-propanol,134481135,,2225850-21-3,C11H13N3O3,O=N(=O)C=1C=CC=C2NC=C(C21)CC(N)CO
6-Chloro-4-nitro-L-tryptophan,122473921,,1989664-20-1,C11H10ClN3O4,O=C(O)C(N)CC1=CNC2=CC(Cl)=CC(=C21)N(=O)=O
6-Bromo-4-nitrotryptophan,122473683,,1989665-37-3,C11H10BrN3O4,O=C(O)C(N)CC1=CNC2=CC(Br)=CC(=C21)N(=O)=O
6-Methoxy-4-nitrotryptophan,122473826,,1989665-45-3,C12H13N3O5,O=C(O)C(N)CC1=CNC2=CC(OC)=CC(=C21)N(=O)=O
4-Nitro-alpha-oxo-1H-indole-3-propanoic acid,134480993,,2225849-77-2,C11H8N2O5,O=C(O)C(=O)CC1=CNC2=CC=CC(=C21)N(=O)=O
5-Hydroxy-4-nitro-L-tryptophan,122473749,,1989664-49-4,C11H11N3O5,O=C(O)C(N)CC1=CNC2=CC=C(O)C(=C21)N(=O)=O
5-Methoxy-2-methyl-4-nitrotryptophan,122473672,,1989667-22-2,C13H15N3O5,O=C(O)C(N)CC=1C=2C(=CC=C(OC)C2N(=O)=O)NC1C
3-(2-Aminoethyl)-4-nitro-1H-indol-5-ol,54251122,,203865-54-7,C10H11N3O3,O=N(=O)C=1C(O)=CC=C2NC=C(C21)CCN
4-Chloro-7-nitro-L-tryptophan,122473723,,1989664-24-5,C11H10ClN3O4,O=C(O)C(N)CC1=CNC=2C(=CC=C(Cl)C21)N(=O)=O
5-Chloro-4-nitro-L-tryptophan,122473761,,1989664-18-7,C11H10ClN3O4,O=C(O)C(N)CC1=CNC2=CC=C(Cl)C(=C21)N(=O)=O
7-Fluoro-4-nitrotryptophan,122473693,,1989665-23-7,C11H10FN3O4,O=C(O)C(N)CC1=CNC2=C(F)C=CC(=C21)N(=O)=O
4-Nitro-1H-indole-3-ethanamine,64254030,,90840-45-2,C10H11N3O2,O=N(=O)C=1C=CC=C2NC=C(C21)CCN
7-Chloro-4-nitro-L-tryptophan,122473665,,1989664-22-3,C11H10ClN3O4,O=C(O)C(N)CC1=CNC2=C(Cl)C=CC(=C21)N(=O)=O
7-Bromo-4-nitro-L-tryptophan,122473897,,1989664-30-3,C11H10BrN3O4,O=C(O)C(N)CC1=CNC2=C(Br)C=CC(=C21)N(=O)=O
4-Nitro-1H-indole-3-carboxylic acid,14547789,,123604-27-3,C9H6N2O4,O=C(O)C1=CNC2=CC=CC(=C21)N(=O)=O
6-Fluoro-4-nitrotryptophan,122473713,,1989665-21-5,C11H10FN3O4,O=C(O)C(N)CC1=CNC2=CC(F)=CC(=C21)N(=O)=O
7-Chloro-1-methyl-4-nitrotryptophan,122473748,,1989666-41-2,C12H12ClN3O4,O=C(O)C(N)CC1=CN(C=2C(Cl)=CC=C(C12)N(=O)=O)C
4-Nitro-1H-indole-3-acetic acid,64254031,,"4770,04,1",C10H8N2O4,O=C(O)CC1=CNC2=CC=CC(=C21)N(=O)=O
7-Amino-4-nitrotryptophan,122473787,,1989665-55-5,C11H12N4O4,O=C(O)C(N)CC1=CNC2=C(N)C=CC(=C21)N(=O)=O
5-Ethynyl-4-nitro-L-tryptophan,122473707,,1989664-81-4,C13H11N3O4,O=C(O)C(N)CC1=CNC2=CC=C(C#C)C(=C21)N(=O)=O
5-Methyl-4-nitrotryptophan,122473699,,1989665-13-5,C12H13N3O4,O=C(O)C(N)CC1=CNC2=CC=C(C(=C21)N(=O)=O)C
6-Ethynyl-4-nitro-L-tryptophan,122473775,,1989664-83-6,C13H11N3O4,O=C(O)C(N)CC1=CNC2=CC(C#C)=CC(=C21)N(=O)=O
4-Methyl-5-nitro-L-tryptophan,139507933,,2225849-71-6,C12H13N3O4,O=C(O)C(N)CC1=CNC2=CC=C(C(=C21)C)N(=O)=O
4-Fluoro-7-nitro-L-tryptophan,122473963,,1989664-05-2,C11H10FN3O4,C1=CC(=C2C(=CNC2=C1[N+](=O)[O-])C[C@@H](C(=O)O)N)F
7-Amino-4-nitro-L-tryptophan,122473785,,1989664-46-1,C11H12N4O4,C1=CC(=C2C(=CNC2=C1N)C[C@@H](C(=O)O)N)[N+](=O)[O-]
4-Nitro-7-phenyl-L-tryptophan,122473834,,1989664-61-0,C17H15N3O4,C1=CC=C(C=C1)C2=C3C(=C(C=C2)[N+](=O)[O-])C(=CN3)C[C@@H](C(=O)O)N
6-Hydroxy-4-nitro-L-tryptophan,122473679,,1989664-51-8,C11H11N3O5,C1=C(C=C(C2=C1NC=C2C[C@@H](C(=O)O)N)[N+](=O)[O-])O
"2,5-Dimethyl-4-nitrotryptophan",122473650,,1989667-06-2,C13H15N3O4,CC1=C(C2=C(C=C1)NC(=C2CC(C(=O)O)N)C)[N+](=O)[O-]
5-Methoxy-1-methyl-4-nitrotryptophan,122473915,,1379872-43-1,C13H15N3O5,CN1C=C(C2=C1C=CC(=C2[N+](=O)[O-])OC)CC(C(=O)O)N
6-Fluoro-1-methyl-4-nitrotryptophan,122473695,,1989666-33-2,C12H12FN3O4,CN1C=C(C2=C1C=C(C=C2[N+](=O)[O-])F)CC(C(=O)O)N
7-Fluoro-4-nitro-L-tryptophan,122473692,,1989664-16-5,C11H10FN3O4,C1=CC(=C2C(=C1[N+](=O)[O-])C(=CN2)C[C@@H](C(=O)O)N)F
6-Ethenyl-4-nitro-L-tryptophan,122473863,,1989664-75-6,C13H13N3O4,C=CC1=CC2=C(C(=C1)[N+](=O)[O-])C(=CN2)C[C@@H](C(=O)O)N
7-Ethenyl-4-nitro-L-tryptophan,122473789,,1989664-77-8,C13H13N3O4,C=CC1=C2C(=C(C=C1)[N+](=O)[O-])C(=CN2)C[C@@H](C(=O)O)N
7-Ethynyl-4-nitro-L-tryptophan,122473872,,1989664-85-8,C13H11N3O4,C#CC1=C2C(=C(C=C1)[N+](=O)[O-])C(=CN2)C[C@@H](C(=O)O)N
4-Nitro-6-phenyl-L-tryptophan,122473734,,1989664-59-6,C17H15N3O4,C1=CC=C(C=C1)C2=CC3=C(C(=C2)[N+](=O)[O-])C(=CN3)C[C@@H](C(=O)O)N
6-Fluoro-2-methyl-4-nitrotryptophan,122473827,,1989667-10-8,C12H12FN3O4,CC1=C(C2=C(N1)C=C(C=C2[N+](=O)[O-])F)CC(C(=O)O)N
4-Fluoro-2-methyl-7-nitrotryptophan,122473731,,1989667-12-0,C12H12FN3O4,CC1=C(C2=C(C=CC(=C2N1)[N+](=O)[O-])F)CC(C(=O)O)N
"2,7-Dimethyl-4-nitrotryptophan",122473799,,1989667-08-4,C13H15N3O4,CC1=C2C(=C(C=C1)[N+](=O)[O-])C(=C(N2)C)CC(C(=O)O)N
4-Hydroxy-2-methyl-7-nitrotryptophan,122473928,,1989667-33-5,C12H13N3O5,CC1=C(C2=C(C=CC(=C2N1)[N+](=O)[O-])O)CC(C(=O)O)N
2-amino-3-(7-hydroxy-2-methyl-4-nitro-1H-indol-3-yl)propanoic acid,122473663,,1989667-32-4,C12H13N3O5,CC1=C(C2=C(C=CC(=C2N1)O)[N+](=O)[O-])CC(C(=O)O)N
"2-amino-3-(2,4-dimethyl-7-nitro-1H-indol-3-yl)propanoic acid",122473817,,1989667-09-5,C13H15N3O4,CC1=C2C(=C(NC2=C(C=C1)[N+](=O)[O-])C)CC(C(=O)O)N
2-amino-3-(7-fluoro-2-methyl-4-nitro-1H-indol-3-yl)propanoic acid,122473747,,1989667-11-9,C12H12FN3O4,CC1=C(C2=C(C=CC(=C2N1)F)[N+](=O)[O-])CC(C(=O)O)N
2-amino-3-(5-bromo-2-methyl-4-nitro-1H-indol-3-yl)propanoic acid,122473702,,1989667-18-6,C12H12BrN3O4,CC1=C(C2=C(N1)C=CC(=C2[N+](=O)[O-])Br)CC(C(=O)O)N
2-amino-3-(5-bromo-1-methyl-4-nitroindol-3-yl)propanoic acid,122473820,,1989666-45-6,C12H12BrN3O4,CN1C=C(C2=C1C=CC(=C2[N+](=O)[O-])Br)CC(C(=O)O)N
2-amino-3-(4-fluoro-1-methyl-7-nitroindol-3-yl)propanoic acid,122473686,,1989666-37-6,C12H12FN3O4,CN1C=C(C2=C(C=CC(=C21)[N+](=O)[O-])F)CC(C(=O)O)N
"2-amino-3-(1,6-dimethyl-4-nitroindol-3-yl)propanoic acid",122473766,,1989666-27-4,C13H15N3O4,CC1=CC2=C(C(=C1)[N+](=O)[O-])C(=CN2C)CC(C(=O)O)N
"2-amino-3-(1,7-dimethyl-4-nitroindol-3-yl)propanoic acid",122473892,,1989666-29-6,C13H15N3O4,CC1=C2C(=C(C=C1)[N+](=O)[O-])C(=CN2C)CC(C(=O)O)N
2-amino-3-(7-chloro-2-methyl-4-nitro-1H-indol-3-yl)propanoic acid,122473694,,1989667-16-4,C12H12ClN3O4,CC1=C(C2=C(C=CC(=C2N1)Cl)[N+](=O)[O-])CC(C(=O)O)N
2-amino-3-(6-chloro-2-methyl-4-nitro-1H-indol-3-yl)propanoic acid,122473893,,1989667-14-2,C12H12ClN3O4,CC1=C(C2=C(N1)C=C(C=C2[N+](=O)[O-])Cl)CC(C(=O)O)N
"2-amino-3-(1,5-dimethyl-4-nitroindol-3-yl)propanoic acid",122473942,,1989666-25-2,C13H15N3O4,CC1=C(C2=C(C=C1)N(C=C2CC(C(=O)O)N)C)[N+](=O)[O-]
2-amino-3-(6-hydroxy-2-methyl-4-nitro-1H-indol-3-yl)propanoic acid,122473927,,1989667-31-3,C12H13N3O5,CC1=C(C2=C(N1)C=C(C=C2[N+](=O)[O-])O)CC(C(=O)O)N
"2-amino-3-(1,4-dimethyl-7-nitroindol-3-yl)propanoic acid",122473647,,1989666-31-0,C13H15N3O4,CC1=C2C(=CN(C2=C(C=C1)[N+](=O)[O-])C)CC(C(=O)O)N
2-amino-3-(4-hydroxy-1-methyl-7-nitroindol-3-yl)propanoic acid,122473800,,1989666-73-0,C12H13N3O5,CN1C=C(C2=C(C=CC(=C21)[N+](=O)[O-])O)CC(C(=O)O)N
2-amino-3-(5-hydroxy-1-methyl-4-nitroindol-3-yl)propanoic acid,122473956,,1989666-67-2,C12H13N3O5,CN1C=C(C2=C1C=CC(=C2[N+](=O)[O-])O)CC(C(=O)O)N
2-amino-3-(7-bromo-1-methyl-4-nitroindol-3-yl)propanoic acid,122473743,,1989666-48-9,C12H12BrN3O4,CN1C=C(C2=C(C=CC(=C21)Br)[N+](=O)[O-])CC(C(=O)O)N
2-amino-2-methyl-3-(4-nitro-1H-indol-3-yl)propanoic acid,134481176,,2225849-81-8,C12H13N3O4,CC(CC1=CNC2=C1C(=CC=C2)[N+](=O)[O-])(C(=O)O)N
(2S)-2-amino-3-(5-methyl-4-nitro-1H-indol-3-yl)propanoic acid,122473837,,1989664-07-4,C12H13N3O4,CC1=C(C2=C(C=C1)NC=C2C[C@@H](C(=O)O)N)[N+](=O)[O-]
2-amino-3-(7-fluoro-1-methyl-4-nitroindol-3-yl)propanoic acid,122473842,,1989666-35-4,C12H12FN3O4,CN1C=C(C2=C(C=CC(=C21)F)[N+](=O)[O-])CC(C(=O)O)N
(2S)-2-amino-3-(4-nitro-5-phenyl-1H-indol-3-yl)propanoic acid,122473860,,1989664-57-4,C17H15N3O4,C1=CC=C(C=C1)C2=C(C3=C(C=C2)NC=C3C[C@@H](C(=O)O)N)[N+](=O)[O-]
(2S)-2-amino-3-(5-fluoro-4-nitro-1H-indol-3-yl)propanoic acid,122473726,,1989663-99-1,C11H10FN3O4,C1=CC(=C(C2=C1NC=C2C[C@@H](C(=O)O)N)[N+](=O)[O-])F
(2S)-2-amino-3-(6-methoxy-4-nitro-1H-indol-3-yl)propanoic acid,122473906,,1989664-36-9,C12H13N3O5,COC1=CC2=C(C(=C1)[N+](=O)[O-])C(=CN2)C[C@@H](C(=O)O)N
2-amino-3-(7-methyl-4-nitro-1H-indol-3-yl)propanoic acid,122473738,,1989665-17-9,C12H13N3O4,CC1=C2C(=C(C=C1)[N+](=O)[O-])C(=CN2)CC(C(=O)O)N
2-amino-3-(6-bromo-1-methyl-4-nitroindol-3-yl)propanoic acid,122473901,,1989666-46-7,C12H12BrN3O4,CN1C=C(C2=C1C=C(C=C2[N+](=O)[O-])Br)CC(C(=O)O)N
2-amino-3-(5-chloro-1-methyl-4-nitroindol-3-yl)propanoic acid,122473839,,1989666-39-8,C12H12ClN3O4,CN1C=C(C2=C1C=CC(=C2[N+](=O)[O-])Cl)CC(C(=O)O)N
"2-amino-3-(7-methoxy-1,2-dimethyl-4-nitroindol-3-yl)propanoic acid",122473850,,1989667-80-2,C14H17N3O5,CC1=C(C2=C(C=CC(=C2N1C)OC)[N+](=O)[O-])CC(C(=O)O)N
2-amino-3-(7-methoxy-1-methyl-4-nitroindol-3-yl)propanoic acid,122473887,,1989666-55-8,C13H15N3O5,CN1C=C(C2=C(C=CC(=C21)OC)[N+](=O)[O-])CC(C(=O)O)N
2-hydroxy-3-(4-nitro-1H-indol-3-yl)propanoic acid,134481214,,2225849-78-3,C11H10N2O5,C1=CC2=C(C(=C1)[N+](=O)[O-])C(=CN2)CC(C(=O)O)O
2-amino-3-(6-hydroxy-4-nitro-1H-indol-3-yl)propanoic acid,122473680,,1989665-61-3,C11H11N3O5,C1=C(C=C(C2=C1NC=C2CC(C(=O)O)N)[N+](=O)[O-])O
(2S)-2-amino-3-(6-fluoro-4-nitro-1H-indol-3-yl)propanoic acid,122473807,,1989664-01-8,C11H10FN3O4,C1=C(C=C(C2=C1NC=C2C[C@@H](C(=O)O)N)[N+](=O)[O-])F
"Bicyclomycin, 4,11-dihydro- (9CI)",6451698,,41238-48-6,C12H20N2O7,O=C1NC2(OCCC(C)C1(O)NC2=O)C(O)C(O)(C)CO
2-Oxooctanoic acid,67600,,328-51-8,C8H14O3,O=C(O)C(=O)CCCCCC
Thaxtomin A,364416,,122380-18-1,C22H22N4O6,O=C1N(C)C(O)(C(=O)N(C)C1CC2=CNC3=CC=CC(=C32)N(=O)=O)CC=4C=CC=C(O)C4
"2,5-Piperazinedione, 3-hydroxy-3-[(3-hydroxyphenyl)methyl]-6-(1H-indol-3-ylmethyl)-1,4-dimethyl-,trans- (9CI)",85375395,,180857-79-8,C22H23N3O4,O=C1N(C)C(O)(C(=O)N(C)C1CC2=CNC=3C=CC=CC32)CC=4C=CC=C(O)C4
S-2-Hydroxyoctanoic acid,94180,,70267-27-5,C8H16O3,O=C(O)C(O)CCCCCC
(+)-1-Indanol,22819,,25501-32-0,C9H10O,OC1C=2C=CC=CC2CC1
(S)-1-Phenyl-2-propanol,94185,,1517-68-6,C9H12O,OC(C)CC=1C=CC=CC1
"Benzenemethanol, 4-hydroxy-alpha-methyl-, (alphaS)- (9CI, ACI)",102803,,93781-59-0,C8H10O2,OC1=CC=C(C=C1)C(O)C
"Benzeneacetaldehyde, 4-hydroxy- (9CI, ACI)",440113,,7339-87-9,C8H8O2,O=CCC1=CC=C(O)C=C1
"Benzenemethanol, 3-hydroxy-alpha-methyl-, (alphaS)- (9CI, ACI)",13542886,,194545-44-3,C8H10O2,OC1=CC=CC(=C1)C(O)C
"1-Propanone, 2-hydroxy-1-(4-hydroxyphenyl)- (9CI, ACI)",53647476,,35263-54-8,C9H10O3,O=C(C1=CC=C(O)C=C1)C(O)C
"Ethanone, 2-hydroxy-1-(4-hydroxyphenyl)- (9CI, ACI)",440082,,5706-85-4,C8H8O3,O=C(C1=CC=C(O)C=C1)CO
"Cirramycin A1, 12,13-deepoxy-12,13-didehydro-20-deoxo-4°‰-deoxy-20,23-dihydroxy- (9CI)",3045996,,61417-48-9,C31H53NO9,O=C1OC(CC)C(C=C(C=CC(=O)C(C)CC(CCO)C(OC2OC(C)CC(N(C)C)C2O)C(C)C(O)C1)C)CO
"Cirramycin A1, 20-deoxo-4°‰-deoxy-20-hydroxy- (9CI, ACI)",71425,,61475-37-4,C31H53NO9,O=C1OC(CC)C(C)C2OC2(C=CC(=O)C(C)CC(CCO)C(OC3OC(C)CC(N(C)C)C3O)C(C)C(O)C1)C
"Tylosin, 23-O-de(6-deoxy-2,3-di-O-methyl-.beta.-D-allopyranosyl)-4A-O-de(2,6-dideoxy-3-C-methyl-alpha-L-ribo-hexopyranosyl)-20-deoxo- (ACI)",78410181,,80240-61-5,C31H51NO9,O=CCC1CC(C(=O)C=CC(=CC(CO)C(OC(=O)CC(O)C(C)C1OC2OC(C)CC(N(C)C)C2O)CC)C)C
"Cirramycin A1, 20-deoxo-4°‰-deoxy- (9CI, ACI)",163076953,,59227-84-8,C31H53NO8,O=C1OC(CC)C(C)C2OC2(C=CC(=O)C(C)CC(CC)C(OC3OC(C)CC(N(C)C)C3O)C(C)C(O)C1)C
"Tylonolide, 20-deoxo-5-O-[3,4,6-trideoxy-3-(dimethylamino)-bata-D-xylo-hexopyranosyl]- (9CI, ACI)",163051724,,87092-82-8,C31H53NO8,O=C1OC(CC)C(C=C(C=CC(=O)C(C)CC(CC)C(OC2OC(C)CC(N(C)C)C2O)C(C)C(O)C1)C)CO
"Cirramycin A1, 4°‰-deoxy- (9CI, ACI)",5096,,35834-26-5,C31H51NO9,O=CCC1CC(C(=O)C=CC2(OC2C(C)C(OC(=O)CC(O)C(C)C1OC3OC(C)CC(N(C)C)C3O)CC)C)C
"6-Heptenoic acid, 5-hydroxy-, ethyl ester, (5S)- (ACI)",73317003,,1005003-54-2,C9H16O3,O=C(OCC)CCCC(O)C=C
"Benzenemethanol, alpha-phenyl- (9CI, ACI)",7037,,91-01-0,C13H12O,OC(C=1C=CC=CC1)C=2C=CC=CC2
"1-Naphthalenemethanol, alpha-methyl- (6CI, 7CI, 8CI, 9CI, ACI)",98030,,1517-72-2,C12H12O,OC(C1=CC=CC=2C=CC=CC21)C
"2,6-Naphthalenediol (8CI, 9CI, ACI)",93552,,581-43-1,C10H8O2,OC=1C=CC2=CC(O)=CC=C2C1
"2-Naphthalenecarboxylic acid, 7-methyl- (9CI, ACI)",13288325,,5159-64-8,C12H10O2,O=C(O)C1=CC=C2C=CC(=CC2=C1)C
"Benzeneacetic acid, 2-[(2,6-dichloro-4-hydroxyphenyl)amino]- (9CI, ACI)",116545,,64118-84-9,C14H11Cl2NO3,O=C(O)CC=1C=CC=CC1NC=2C(Cl)=CC(O)=CC2Cl
"[1,1°‰-Biphenyl]-4-methanol, 4°‰-hydroxy- (9CI, ACI)",22062130,,162957-24-6,C13H12O2,OC=1C=CC(=CC1)C2=CC=C(C=C2)CO
"[1,1°‰-Biphenyl]-2-methanol (9CI, ACI)",76229,,2928-43-0,C13H12O,OCC=1C=CC=CC1C=2C=CC=CC2
"[1,1°‰-Biphenyl]-3-methanol (9CI, ACI)",603556,,69605-90-9,C13H12O,OCC1=CC=CC(=C1)C=2C=CC=CC2
"Cyclohexanol,4-phenyl-,trans- (8CI, 9CI, ACI)",79497,,5769-13-1,C12H16O,OC1CCC(C=2C=CC=CC2)CC1
"1-Naphthalenemethanol (6CI, 7CI, 8CI, 9CI, ACI)",20908,,4780-79-4,C11H10O,OCC1=CC=CC=2C=CC=CC21
"1,4-Naphthalenedione (9CI, ACI)",8530,,130-15-4,C10H6O2,O=C1C=CC(=O)C=2C=CC=CC12
"2-Naphthalenemethanol (6CI, 7CI, 8CI, 9CI, ACI)",74128,,1592-38-7,C11H10O,OCC=1C=CC=2C=CC=CC2C1
"[1,1°‰-Biphenyl]-4-ol (9CI, ACI)",7103,,92-69-3,C12H10O,OC=1C=CC(=CC1)C=2C=CC=CC2
"[1,1°‰-Biphenyl]-4-ol, 4°‰-methyl- (9CI, ACI)",1382789,,26191-64-0,C13H12O,OC=1C=CC(=CC1)C2=CC=C(C=C2)C
"2-Naphthalenemethanol,alpha-methyl-,(alphaR)-(9CI, ACI)",98243,,52193-85-8,C12H12O,OC(C=1C=CC=2C=CC=CC2C1)C
"Benzenemethanol,alpha,alpha,4-trimethyl-(9CI, ACI)",14529,,1197-01-9,C10H14O,OC(C1=CC=C(C=C1)C)(C)C
"2-Propanol(9CI, ACI)",3776,,67-63-0,C3H8O,OC(C)C
"7,8-dimethyl-2-oxospiro[4,4a,6a,7-tetrahydropentaleno[1,6a-c]pyran-1,2°‰-oxirane]-5-carboxylic acid",282522,,31501-48-1,C15H16O5,O=C(O)C1=CC2C(C(=CC23C1COC(=O)C43OC4)C)C
3-Hydroxy-6-quinolinecarboxylic acid,90816850,,1233244-78-4,C10H7NO3,O=C(O)C=1C=CC2=NC=C(O)C=C2C1
"2,3-Dihydro-2-oxo-1H-indole-6-carboxylic acid",7213323,,334952-09-9,C9H7NO3,O=C(O)C1=CC=C2C(=C1)NC(=O)C2
6-Hydroxy-1H-indole-2-carboxylic acid,22350191,,40047-23-2,C9H7NO3,O=C(O)C1=CC=2C=CC(O)=CC2N1
8-Hydroxy-2-naphthoic acid,22336623,,5776-28-3,C11H8O3,O=C(O)C=1C=CC=2C=CC=C(O)C2C1
15beta-Hydroxytestosterone,53255472,,39605-73-7,C19H28O3,O=C1C=C2CCC3C(CCC4(C)C(O)CC(O)C34)C2(C)CC1
11alpha-Hydroxyprogesterone,92730,,80-75-1,C21H30O3,O=C1C=C2CCC3C4CCC(C(=O)C)C4(C)CC(O)C3C2(C)CC1
3-Hydroxy-5-methyl-1-naphthalenecarboxylic acid,85787655,,34581-87-8,C12H10O3,O=C(O)C=1C=C(O)C=C2C1C=CC=C2C
"4-[(1E)-3-[(3Z,5R)-Dihydro-5-(6-methoxy-3,5-dimethyl-4-oxo-4H-pyran-2-yl)-3(2H)-furanylidene]-2-methyl-1-propen-1-yl]benzonitrile (ACI)",11494585,,850894-85-8,C23H23NO4,N#CC1=CC=C(C=C1)C=C(C=C2COC(C=3OC(OC)=C(C(=O)C3C)C)C2)C
"2-[(2R,4Z)-4-[(2E)-3-(4-Fluorophenyl)-2-methyl-2-propen-1-ylidene]tetrahydro-2-furanyl]-6-methoxy-3,5-dimethyl-4H-pyran-4-one",44250988,,1190898-77-1,C22H23FO4,O=C1C(=C(OC(=C1C)C2OCC(=CC(=CC3=CC=C(F)C=C3)C)C2)OC)C
"2-[(2R,4Z)-4-[(2E)-3-(4-Chlorophenyl)-2-methyl-2-propen-1-ylidene]tetrahydro-2-furanyl]-6-methoxy-3,5-dimethyl-4H-pyran-4-one",44250989,,1190898-78-2,C22H23ClO4,O=C1C(=C(OC(=C1C)C2OCC(=CC(=CC3=CC=C(Cl)C=C3)C)C2)OC)C
"2-[(2R,4Z)-4-[(2E)-3-(4-Bromophenyl)-2-methyl-2-propen-1-ylidene]tetrahydro-2-furanyl]-6-methoxy-3,5-dimethyl-4H-pyran-4-one",44250990,,1190898-79-3,C22H23BrO4,O=C1C(=C(OC(=C1C)C2OCC(=CC(=CC3=CC=C(Br)C=C3)C)C2)OC)C
"2-[(2R,4Z)-4-[(2E)-3-(4-Iodophenyl)-2-methyl-2-propen-1-ylidene]tetrahydro-2-furanyl]-6-methoxy-3,5-dimethyl-4H-pyran-4-one",46910705,,1190898-80-6,C22H23IO4,O=C1C(=C(OC(=C1C)C2OCC(=CC(=CC3=CC=C(I)C=C3)C)C2)OC)C
"2-Methoxy-3,5-dimethyl-6-[(2R,4Z)-tetrahydro-4-[(2E)-2-methyl-3-(2-naphthalenyl)-2-propen-1-ylidene]-2-furanyl]-4H-pyran-4-one",46910706,,1190898-81-7,C26H26O4,O=C1C(=C(OC(=C1C)C2OCC(=CC(=CC=3C=CC=4C=CC=CC4C3)C)C2)OC)C
"6-[(1R,3E,5E)-1-Hydroxy-3,5-dimethyl-6-(4-nitrophenyl)-3,5-hexadien-1-yl]-4-methoxy-3,5-dimethyl-2H-pyran-2-one",46910704,,1239914-05-6,C22H25NO6,O=C1OC(=C(C(OC)=C1C)C)C(O)CC(=CC(=CC2=CC=C(C=C2)N(=O)=O)C)C
"2-[(1R,3E,5E)-1-Hydroxy-3,5-dimethyl-6-(4-nitrophenyl)-3,5-hexadien-1-yl]-6-methoxy-3,5-dimethyl-4H-pyran-4-one",102027521,,1101168-58-4,C22H25NO6,O=C1C(=C(OC(=C1C)C(O)CC(=CC(=CC2=CC=C(C=C2)N(=O)=O)C)C)OC)C
"2°‰,5°‰-Dihydroxyacetophenone",10279,,490-78-8,C8H8O3,O=C(C1=CC(O)=CC=C1O)C
"4°‰-Ethyl[1,1°‰-biphenyl]-4-ethanol",131865763,,109652-68-8,C16H18O,OCCC=1C=CC(=CC1)C2=CC=C(C=C2)CC
4-(2-Pyridinyl)benzenemethanol,1515239,,98061-39-3,C12H11NO,OCC=1C=CC(=CC1)C2=NC=CC=C2
"2-Iodo-1,4-benzenediol",89965,,23030-43-5,C6H5IO2,IC1=CC(O)=CC=C1O
"[1,1°‰-Biphenyl]-4-ethanol",6424577,,37729-18-3,C14H14O,OCCC=1C=CC(=CC1)C=2C=CC=CC2
5-Methyl-2-naphthalenemethanol,68214787,,478869-59-9,C12H12O,OCC1=CC=C2C(C=CC=C2C)=C1
2-Hydroxymethyl-6-methylnaphthalene,3015042,,19182-14-0,C12H12O,OCC=1C=CC2=CC(=CC=C2C1)C
"2-Bromo-1,4-benzenediol",68502,,583-69-7,C6H5BrO2,BrC1=CC(O)=CC=C1O
4-(1-Naphthalenyl)phenol,10889436,,92964-54-0,C16H12O,OC1=CC=C(C=C1)C2=CC=CC=3C=CC=CC32
Methyl 4-(3-hydroxy-2-methylpropyl)-alpha-methylbenzeneacetate,140127556,,1095050-89-7,C14H20O3,O=C(OC)C(C1=CC=C(C=C1)CC(C)CO)C
"beta-Methyl[1,1°‰-biphenyl]-4-ethanol",15156899,,6725-53-7,C15H16O,OCC(C=1C=CC(=CC1)C=2C=CC=CC2)C
Chlorohydroquinone,301,,615-67-8,C6H5ClO2,ClC1=CC(O)=CC=C1O
Ro 22-8814,10388115,,81176-40-1,C27H44O4,C[C@@]12[C@](\C(=C\C=C\3/C(=C)[C@@H](O)C[C@H](O)C3)\CCC1)(CC[C@@]2([C@@H](CCC[C@@](CO)(C)O)C)[H])[H]
"Cyclo[(2S,9R)-2-amino-9-hydroxy-8-oxodecanoyl-L-isovalyl-L-tyrosyl-D-prolyl]",49871644,,561042-39-5,C29H42N4O7,O=C1N2[C@@](C(=O)N[C@@H](CCCCCC([C@@H](C)O)=O)C(=O)N[C@](CC)(C)C(=O)N[C@H]1CC3=CC=C(O)C=C3)(CCC2)[H]
"(1S,3R,5S)-6,6-Dimethyl-2-methylenebicyclo[3.1.1]heptan-3-ol",88302,,19894-98-5,C10H16O,CC1(C)[C@]2(C[C@@]1(C[C@H](O)C2=C)[H])[H]
tert-Butyl 3-hydroxyazetidine-1-carboxylate,2756801,,141699-55-0,C8H15NO3,O=C(OC(C)(C)C)N1CC(O)C1
1-Benzyl-4-hydroxypiperidine,78461,,4727-72-4,C12H17NO,OC1CCN(CC=2C=CC=CC2)CC1
(4S)-4-Hydroxy-1-(phenylmethyl)-2-pyrrolidinone,11074227,,191403-66-4,C11H13NO2,C(N1C(=O)C[C@H](O)C1)C2=CC=CC=C2
"1,2,3,4-Tetrahydro-2-naphthalenol",10747,,530-91-6,C10H12O,OC1CC=2C=CC=CC2CC1
"1,2,3,4-Tetrahydro-7-methoxy-2-naphthalenol",23025246,,13511-60-9,C11H14O2,OC1CC2=CC(OC)=CC=C2CC1
Phenylmethyl (3S)-3-hydroxy-1-pyrrolidinecarboxylate,11183628,,100858-33-1,C12H15NO3,C(OCC1=CC=CC=C1)(=O)N2C[C@H](O)CC2
"1,1-Dimethylethyl (4S)-4-hydroxy-2-oxo-1-piperidinecarboxylate",73553748,,1265900-08-0,C10H17NO4,C(OC(C)(C)C)(=O)N1C(=O)C[C@@H](O)CC1
Phenyl methyl sulfone,18369,,3112-85-4,C7H8O2S,CS(=O)(=O)C1=CC=CC=C1
Methyl 4-chlorophenyl sulfone,7395,,98-57-7,C7H7ClO2S,CS(=O)(=O)C1=CC=C(C=C1)Cl
Methyl 4-methoxyphenyl sulfone,137966,,3517-90-6,C8H10O3S,COC1=CC=C(C=C1)S(=O)(=O)C
4-Fluorophenyl methyl sulfone,67994,,455-15-2,C7H7FO2S,CS(=O)(=O)C1=CC=C(C=C1)F
(Ethylsulfonyl)benzene,69032,,599-70-2,C8H10O2S,CCS(=O)(=O)C1=CC=CC=C1
Methyl p-tolyl sulfone,18521,,3185-99-7,C8H10O2S,CC1=CC=C(C=C1)S(=O)(=O)C
"2-benzyl-7-hydroxy-1-methyl-9H-indolo[2,3-c]pyridin-2-ium",44633592,,,C19H17N2O+,OC1C=CC2C3C=C[N+](CC4C=CC=CC=4)=C(C=3NC=2C=1)C
"4-[(1-methyl-7-oxo-2H-pyrido[3,4-b]indol-9-yl)methyl]benzoic acid",44815874,,,C20H16N2O3,C(O)(=O)C1C=CC(CN2C3C=C(C=CC=3C3C=CN=C(C2=3)C)O)=CC=1
"1,2-dimethyl-4,9-dihydro-3H-pyrido[3,4-b]indol-2-ium-7-ol",70919924,,,C13H15N2O+,CC1=[N+](CCC2=C1NC3=C2C=CC(=C3)O)C
4-Benzylphenol,7563,,112-30-1,C13H12O,C1=CC=C(C=C1)CC2=CC=C(C=C2)O
"Cyclohex-2-en-1-ol, 2,4,4-trimethyl-3-(3-oxobutyl)",528970,,112379-21-2,C13H22O2,CC1=C(C(CCC1O)(C)C)CCC(=O)C
Benzyl 7-oxa-3-azabicyclo[4.1.0]heptane-3-carboxylate,13186888,,66207-08-7,C13H15NO3,C1CN(CC2C1O2)C(=O)OCC3=CC=CC=C3
tert-Butyl 7-oxa-3-azabicyclo[4.1.0]heptane-3-carboxylate,21991116,,161157-50-2,C10H17NO3,CC(C)(C)OC(=O)N1CCC2C(C1)O2
Artemisinic acid,10922465,,80286-58-4,C15H22O2,C[C@@H]1CC[C@H]([C@@H]2[C@H]1CCC(=C2)C)C(=C)C(=O)O
(S)-(Methylsulfinyl)benzene,11040784,,18453-46-8,C7H8OS,C[S@](=O)C1=CC=CC=C1
(R)-(Methylsulfinyl)benzene,11410727,,4850-71-9,C7H8OS,C[S@@](=O)C1=CC=CC=C1
S-Phenyloxirane,114946,,20780-54-5,C8H8O,C1[C@@H](O1)C2=CC=CC=C2
1-Acetylindolin-2-one,323719,,21905-78-2,C10H9NO2,CC(=O)N1C(=O)CC2=CC=CC=C21
Ethylphenylsulfoxide,138143,,4170-80-3,C8H10OS,O=S(C=1C=CC=CC1)CC
alpha-(Methylsulphonyl)toluene,76562,,3112-90-1,C8H10O2S,CS(=O)(=O)CC1=CC=CC=C1
9-(Ethylamino)benzo[a]phenoxazin-5-one,102026196,,1346143-02-9,C18H14N2O2,CCNC1=CC2=C(C=C1)N=C3C4=CC=CC=C4C(=O)C=C3O2
"1a,9b-Dihydro-4-phenyl-2H-oxireno(3,4)naphtho(1,2-b)pyran-2-one",154942,,77413-93-5,C19H12O3,C1=CC=C(C=C1)C2=CC(=O)C3=C(O2)C4=CC=CC=C4C5C3O5
methyl (3R)-3-hydroxycyclohexene-1-carboxylate,131106556,,1385858-73-0,C8H12O3,C(OC)(=O)C1=C[C@H](O)CCC1
methyl (3S)-3-hydroxycyclohexene-1-carboxylate,131018629,,122620-80-8,C8H12O3,COC(=O)C1=C[C@H](CCC1)O
(R)-Styrene oxide,114705,,20780-53-4,C8H8O,C1[C@H](O1)C2=CC=CC=C2
2-Butanol,6568,,78-92-2,C4H10O,CCC(C)O
Methyl (3S)-3-hydroxy-1-cyclopentene-1-carboxylate,57901965,,1007592-32-6,C7H10O3,C(OC)(=O)C1=C[C@@H](O)CC1
Methyl (3R)-3-hydroxy-1-cyclopentene-1-carboxylate,93501169,,1385858-74-1,C7H10O3,C(OC)(=O)C1=C[C@H](O)CC1
(S)-(-)-1-Benzyl-3-pyrrolidinol,2733875,,101385-90-4,C11H15NO,C1CN(C[C@H]1O)CC2=CC=CC=C2
"(3beta,22R,23R)-Ergost-5-ene-3,22,23-triol",11453274,,566897-98-1,C28H48O3,C[C@@H]([C@H]1CC[C@@H]2[C@@]1(CC[C@H]3[C@H]2CC=C4[C@@]3(CC[C@@H](C4)O)C)C)[C@H]([C@@H]([C@H](C)C(C)C)O)O
Ethanol,702,,64-17-5,C2H6O,OCC
4-(Hydroxymethyl)benzoic acid,76360,,3006-96-0,C8H8O3,C1=CC(=CC=C1CO)C(=O)O
4-(2-Hydroxypropan-2-yl)benzoic acid,226122,,3609-50-5,C10H12O3,CC(C)(C1=CC=C(C=C1)C(=O)O)O
4-(1-Hydroxyethyl)benzoic acid,506061,,97364-15-3,C9H10O3,CC(C1=CC=C(C=C1)C(=O)O)O
"(3E)-4-(4-Hydroxy-2,6,6-trimethyl-2-cyclohexen-1-yl)-3-buten-2-one",11344809,,215871-68-4,C13H20O2,CC1(C)C(/C=C/C(C)=O)C(C)=CC(O)C1
3-Hydroxy-beta-ionone,538953,,116296-75-4,C13H20O2,CC1(C)C(/C=C/C(C)=O)=C(C)CC(O)C1
"(16alpha)-16,21-Dihydroxypregn-4-ene-3,20-dione",236826,,601-39-8,C21H30O4,C[C@@]12[C@]([C@]3([C@@]([C@]4(C)C(CC3)=CC(=O)CC4)(CC1)[H])[H])(C[C@@H](O)[C@@H]2C(CO)=O)[H]
5-Hydroxy-2-naphthoic acid,11679946,,2437-18-5,C11H8O3,O=C(O)C=1C=CC=2C(O)=CC=CC2C1
Desipramine,2995,,50-47-5,C18H22N2,C=1C=CC2=C(C1)N(C=3C=CC=CC3CC2)CCCNC
4°‰-Hydroxyacetophenone,7469,,99-93-4,C8H8O2,O=C(C1=CC=C(O)C=C1)C
(S)-4-Bromophenyl methyl sulfoxide,9601149,,145166-15-0,C7H7BrOS,S(C)(=O)C1=CC=C(Br)C=C1
15-Hydroxydehydroabietic acid,14487943,,54113-95-0,C20H28O3,C[C@@]12[C@]([C@@](C(O)=O)(C)CCC1)(CCC=3C2=CC=C(C(C)(C)O)C3)[H]
4-[(S)-Methylsulfinyl]benzonitrile,11116407,,60958-04-5,C8H7NOS,S(C)(=O)C1=CC=C(C#N)C=C1
S-(4-Fluorophenyl) methyl sulfoxide,11040957,,175911-67-8,C7H7FOS,S(C)(=O)C1=CC=C(F)C=C1
(-)-Methyl p-tolyl sulfoxide,11170275,,1152893,C8H10OS,S(C)(=O)C1=CC=C(C)C=C1
4-(1E)-1-Propenylphenol,5474441,,20649-39-2,C9H10O,C(=C/C)\C1=CC=C(O)C=C1
"2°‰,5°‰-Dihydroxy-4°‰-methoxyacetophenone",12543919,,22089-12-9,C9H10O4,O=C(C=1C=C(O)C(OC)=CC1O)C
N-Methyl-N-phenylglycine ethyl ester,265936,,21911-74-0,C11H15NO2,O=C(OCC)CN(C=1C=CC=CC1)C
"Glycine, N-(4-methylphenyl)-, ethyl ester",13263396,,21911-68-2,C11H15NO2,O=C(OCC)CNC1=CC=C(C=C1)C
N-Phenylglycine ethyl ester,75190,,2216-92-4,C10H13NO2,O=C(OCC)CNC=1C=CC=CC1
N-[4-(1-Methylethyl)phenyl]glycine ethyl ester,28576832,,890169-52-5,C13H19NO2,O=C(OCC)CNC1=CC=C(C=C1)C(C)C
"Glycine, N-(4-methoxyphenyl)-, ethyl ester",6917278,,50845-77-7,C11H15NO3,O=C(OCC)CNC1=CC=C(OC)C=C1
"N,N-Diethyl-2-(phenylamino)acetamide",203399,,14307-90-5,C12H18N2O,O=C(N(CC)CC)CNC=1C=CC=CC1
N-Phenylalanine ethyl ester,296040,,88912-03-2,C11H15NO2,O=C(OCC)C(NC=1C=CC=CC1)C
(S)-1-Phenyl-2-propanol,6994174,,1517-68-6,C9H12O,C([C@H](C)O)C1=CC=CC=C1
(R)-1-Phenyl-2-propanol,5324631,,1572-95-8,C9H12O,C([C@@H](C)O)C1=CC=CC=C1
9beta-Hydroxyparthenolide,14466188,,88199-01-3,C15H20O4,[H][C@]12[C@@](C)(CC/C=C(\[C@H](C[C@@]3([C@@]1(OC(C3=C)=O)[H])[H])O)/C)O2
"1,2-Benzisothiazole, 2,3-dihydro-3,3-dimethyl-, 1,1-dioxide",4447355,,102362-98-1,C9H11NO2S,O=S1(=O)NC(C=2C=CC=CC21)(C)C
"1,2-Benzisothiazole, 2,3-dihydro-3,3-dimethyl-6-(1-methylethyl)-, 1,1-dioxide",59235679,,87450-98-4,C12H17NO2S,O=S1(=O)NC(C2=CC=C(C=C21)C(C)C)(C)C
5-dehydro-6-demethoxyfumagillol,54109911,,,C15H22O3,[C@]1([C@]2(O[C@@]2(CC=C(C)C)[H])C)([H])CC(CC[C@]13CO3)=O
Demethoxyfumagillol,46192947,,251116-13-9,C15H24O3,C[C@@]1([C@@]2([C@@]3(CO3)CC[C@@H](O)C2)[H])[C@@H](CC=C(C)C)O1
5°‰-HydroxyGrundmann°‰s ketone,9903833,,70550-73-1,C18H32O2,C[C@@]12[C@@]([C@@H](CCCC(C)(C)O)C)(CC[C@]1(C(=O)CCC2)[H])[H]
"3-(2,6-Dimethylphenyl)-1-ethyl-2-methyl-4-imidazolidinone",3082362,,32845-42-4,C14H20N2O,O=C1N(C=2C(=CC=CC2C)C)C(N(C1)CC)C
6-Hydroxychlorzoxazone,2734,,1750-45-4,C7H4ClNO3,O=C1OC2=CC(O)=C(Cl)C=C2N1
Monoethylglycinexylidide,24415,,7728-40-7,C12H18N2O,O=C(NC=1C(=CC=CC1C)C)CNCC
3-Hydroxy-5-methoxybenzoic acid,7472024,,19520-75-3,C8H8O4,O=C(O)C=1C=C(O)C=C(OC)C1
4-Methoxy-2-(4-methoxy-1-oxo-2(1H)-naphthalenylidene)-1(2H)-naphthalenone,5378814,,1244-92-4,C22H16O4,O=C1C=2C=CC=CC2C(OC)=CC1=C3C=C(OC)C=4C=CC=CC4C3=O
"2,4-Dihydroxybenzoic acid",1491,,89-86-1,C7H6O4,O=C(O)C1=CC=C(O)C=C1O
15beta-Hydroxycyproterone acetate,163085,,65423-26-9,C24H29ClO5,C[C@]12[C@@]3([C@@](C3)(C(=O)C=C1C(Cl)=C[C@@]4([C@@]2(CC[C@@]5(C)[C@]4([C@H](O)C[C@]5(OC(C)=O)C(C)=O)[H])[H])[H])[H])[H]
6-Hydroxynicotinic acid,72924,,5006-66-6,C6H5NO3,O=C(O)C=1C=CC(=O)NC1
4-Hydroxy-2-methoxybenzoic acid,12695575,,90111-34-5,C8H8O4,O=C(O)C1=CC=C(O)C=C1OC
"3beta,7alpha,15alpha-Trihydroxyandrost-5-en-17-one",45092605,,2963-69-1,C19H28O4,C[C@]12CC[C@@H](CC1=C[C@H]([C@@H]3[C@@H]2CC[C@]4([C@H]3[C@H](CC4=O)O)C)O)O
Diallyl,11598,,592-42-7,C6H10,C=CCCC=C
"1,9-Decadiene",15439,,1647-16-1,C10H18,C=CCCCCCCC=C
"1,8-Nonadiene",78612,,4900-30-5,C9H16,C=CCCCCCC=C
"1,4-Pentadiene",11587,,591-93-5,C5H8,C=CCC=C
"1,13-Tetradecadiene",30875,,21964-49-8,C14H26,C=CCCCCCCCCCCC=C
"1,6-Heptadiene",16968,,3070-53-9,C7H12,C=CCCCC=C
"1,7-Octadiene",19460,,3710-30-3,C8H14,C=CCCCCC=C
5-Hydroxy-1-tetralone,119921,,28315-93-7,C10H10O2,C1CC2=C(C=CC=C2O)C(=O)C1
"1,11-Dodecadiene",22170,,5876-87-9,C12H22,C=CCCCCCCCCC=C
"1,15-Hexadecadiene",519908,,21964-51-2,C16H30,C=CCCCCCCCCCCCCC=C
"1,10-Undecadiene",139543,,13688-67-0,C11H20,C=CCCCCCCCC=C
4-Iodophenol,10894,,540-38-5,C6H5IO,C1=CC(=CC=C1O)I
"3,4-Dihydro-4-hydroxy-6-methoxy-1(2H)-naphthalenone",129916724,,1378814-90-4,C11H12O3,COC1=CC2=C(C=C1)C(=O)CCC2O
"1,2,3,4-Tetrahydro-6-methoxy-1-naphthalenol",11052211,,16821-32-2,C11H14O2,COC1=CC2=C(C=C1)C(CCC2)O
5-Hydroxy-8-methoxy-1-tetralone,10997855,,51062-77-2,C11H12O3,COC1=C2C(=C(C=C1)O)CCCC2=O
Caffeic acid,2518,,331-39-5,C9H8O4,C1=CC(=C(C=C1C=CC(=O)O)O)O
"(2S)-2-[(2R)-2-hydroxy-5,6-dimethylhept-5-en-2-yl]-2,3-dihydro-1H-indole-5-carboxylic acid",156582192,,2230052-85-2,C18H25NO3,CC(=C(C)CC[C@](C)([C@@H]1CC2=C(N1)C=CC(=C2)C(=O)O)O)C
"1-[(3,4-dimethoxyphenyl)methyl]-7-methoxyisoquinolin-6-ol",135449424,,18813-63-3,C19H19NO4,COC1=C(C=C(C=C1)CC2=NC=CC3=CC(=C(C=C32)OC)O)OC
(1R)-2-chloro-1-phenylethanol,7018857,,56751-12-3,C8H9ClO,C1=CC=C(C=C1)[C@H](CCl)O
(1R)-2-chloro-1-(4-fluorophenyl)ethanol,12300420,,126534-43-8,C8H8ClFO,C1=CC(=CC=C1[C@H](CCl)O)F
(1R)-2-chloro-1-(3-methylphenyl)ethanol,102157356,,925430-37-1,C9H11ClO,CC1=CC(=CC=C1)[C@H](CCl)O
(1R)-2-bromo-1-phenylethanol,10998046,,73908-23-3,C8H9BrO,C1=CC=C(C=C1)[C@H](CBr)O
(1R)-2-bromo-1-(4-methylphenyl)ethanol,12066392,,220954-07-4,C9H11BrO,CC1=CC=C(C=C1)[C@H](CBr)O
(1R)-1-(3-bromophenyl)-2-chloroethanol,83001181,,1567881-16-6,C8H8BrClO,C1=CC(=CC(=C1)Br)[C@H](CCl)O
(1R)-2-bromo-1-(4-fluorophenyl)ethanol,57662363,,1097211-38-5,C8H8BrFO,C1=CC(=CC=C1[C@H](CBr)O)F
(1R)-2-bromo-1-(4-chlorophenyl)ethanol,12066391,,182621-75-6,C8H8BrClO,C1=CC(=CC=C1[C@H](CBr)O)Cl
(1S)-2-chloro-1-phenylethanol,643323,,70111-05-6,C8H9ClO,C1=CC=C(C=C1)[C@@H](CCl)O
(1R)-2-bromo-1-(3-bromophenyl)ethanol,25324189,,1212086-19-5,C8H8Br2O,C1=CC(=CC(=C1)Br)[C@H](CBr)O
(1R)-2-chloro-1-(4-methylphenyl)ethanol,79006103,,925430-38-2,C9H11ClO,CC1=CC=C(C=C1)[C@H](CCl)O
"(1R,4R)-1,7,7-trimethyl-2-sulfinylbicyclo[2.2.1]heptane",12859501,,59121-52-7,C10H16OS,C[C@@]12CC[C@@H](C1(C)C)CC2=S=O
"4,7,7-trimethylbicyclo[2.2.1]heptan-2-ol",565679,,22336-76-1,C10H18O,CC1(C2CCC1(CC2O)C)C
"1,3,3-trimethyl-2-oxabicyclo[2.2.2]octan-6-ol",529885,,18679-48-6,C10H18O2,CC1(C2CCC(O1)(C(C2)O)C)C
"(4aS,6aR,6aS,6bR,8aR,9S,10S,12aR,14bS)-10-hydroxy-9-(hydroxymethyl)-2,2,6a,6b,9,12a-hexamethyl-1,3,4,5,6,6a,7,8,8a,10,11,12,13,14b-tetradecahydropicene-4a-carboxylic acid",12302577,,83944-28-9,C30H48O4,C[C@]12CC[C@@H]([C@]([C@@H]1CC[C@@]3([C@@H]2CC=C4[C@]3(CC[C@@]5([C@H]4CC(CC5)(C)C)C(=O)O)C)C)(C)CO)O
"(1R,3aS,5aR,5bR,7aR,9R,10R,11aR,11bR,13aR,13bR)-9,10-dihydroxy-5a,5b,8,8,11a-pentamethyl-1-prop-1-en-2-yl-1,2,3,4,5,6,7,7a,9,10,11,11b,12,13,13a,13b-hexadecahydrocyclopenta[a]chrysene-3a-carboxylic acid",12305768,,19533-92-7,C30H48O4,CC(=C)[C@@H]1CC[C@]2([C@H]1[C@H]3CC[C@H]4[C@]([C@@]3(CC2)C)(CC[C@@H]5[C@@]4(C[C@H]([C@@H](C5(C)C)O)O)C)C)C(=O)O
"(4R)-4-[(1R,3S,5S,7R,8S,9S,10S,12S,13R,14S,17R)-1,3,7,12-tetrahydroxy-10,13-dimethyl-2,3,4,5,6,7,8,9,11,12,14,15,16,17-tetradecahydro-1H-cyclopenta[a]phenanthren-17-yl]pentanoic acid",5283893,,80875-94-1,C24H40O6,C[C@H](CCC(=O)O)[C@H]1CC[C@@H]2[C@@]1([C@H](C[C@H]3[C@H]2[C@@H](C[C@H]4[C@@]3([C@@H](C[C@H](C4)O)O)C)O)O)C
15-hydroxypentadecanoic acid,78360,,4617-33-8,C15H30O3,C(CCCCCCCO)CCCCCCC(=O)O
16-hydroxyhexadecanoic acid,10466,,506-13-8,C16H32O3,C(CCCCCCCC(=O)O)CCCCCCCO
"methyl (1R,3R,4R,5R,7R,9R,11S,12S,13S)-5-(6-aminopurin-9-yl)-1,4,12-trihydroxy-13-[(E)-2-(hydroxymethyl)but-2-enoyl]oxy-2,6,10-trioxatricyclo[7.4.0.03,7]tridecane-11-carboxylate",168447663,,2342577-63-1,C22H27N5O11,C/C=C(\CO)/C(=O)O[C@H]1[C@@H]([C@H](O[C@H]2[C@]1(O[C@H]3[C@@H](C2)O[C@H]([C@@H]3O)N4C=NC5=C(N=CN=C54)N)O)C(=O)OC)O
"methyl (1R,3S,4R,5R,7R,9R,11S,12S,13S)-5-(6-aminopurin-9-yl)-1,12-dihydroxy-13-[(E)-2-(hydroxymethyl)but-2-enoyl]oxy-4-methoxy-2,6,10-trioxatricyclo[7.4.0.03,7]tridecane-11-carboxylate",6441694,,55353-31-6,C23H29N5O11,C/C=C(\CO)/C(=O)O[C@H]1[C@@H]([C@H](O[C@H]2[C@]1(O[C@H]3[C@@H](C2)O[C@H]([C@@H]3OC)N4C=NC5=C(N=CN=C54)N)O)C(=O)OC)O
"3-(3,4-dihydroxyphenyl)-1-(2,4,6-trihydroxyphenyl)propan-1-one",11778945,,57765-66-9,C15H14O6,C1=CC(=C(C=C1CCC(=O)C2=C(C=C(C=C2O)O)O)O)O
(2S)-2-amino-3-(4-methyl-5-nitro-1H-indol-3-yl)propanoic acid,139507932,,2225849-71-6,C12H13N3O4,CC1=C(C=CC2=C1C(=CN2)C[C@@H](C(=O)O)N)[N+](=O)[O-]
(2S)-2-amino-3-(5-methoxy-4-nitro-1H-indol-3-yl)propanoic acid,122473840,,1989664-34-7,C12H13N3O5,COC1=C(C2=C(C=C1)NC=C2C[C@@H](C(=O)O)N)[N+](=O)[O-]
(2S)-2-amino-3-(7-methyl-4-nitro-1H-indol-3-yl)propanoic acid,122473796,,1989664-11-0,C12H13N3O4,CC1=C2C(=C(C=C1)[N+](=O)[O-])C(=CN2)C[C@@H](C(=O)O)N
"(1R,2R,5S,8R)-2,7,7-trimethyl-6-methylidenetricyclo[6.2.1.01,5]undecan-3-one",101618761,,28051-97-0,C15H22O,C[C@H]1C(=O)C[C@H]2[C@]13CC[C@H](C3)C(C2=C)(C)C
"(1R,4S,5R,9S,10R,12R,13R)-12-hydroxy-5,9,13-trimethyl-14-oxotetracyclo[11.2.1.01,10.04,9]hexadecane-5-carboxylic acid",44566716,,181712-01-6,C20H30O4,C[C@@]12CCC[C@@]([C@H]1CC[C@@]34[C@H]2C[C@H]([C@@](C3)(C(=O)C4)C)O)(C)C(=O)O
undecan-2-ol,15448,,1653-30-1,C11H24O,CCCCCCCCCC(C)O
5-hydroxycyclodecan-1-one,101481121,,1194795-14-6,C10H18O2,C1CCC(CCCC(=O)CC1)O
6-hydroxycyclodecan-1-one,264812,,15957-40-1,C10H18O2,C1CCC(=O)CCCCC(C1)O
cyclodecanol,15166,,1502-05-2,C10H20O,C1CCCCC(CCCC1)O
2-hydroxycyclodecan-1-one,259753,,96-00-4,C10H18O2,C1CCCCC(=O)C(CCC1)O
"[5-(3,3-dimethyloxiran-2-yl)-3-methylpentyl] acetate",11042119,,1787-98-0,C12H22O3,CC(CCC1C(O1)(C)C)CCOC(=O)C
"cyclododecane-1,7-diol",15212463,,13474-06-1,C12H24O2,C1CCC(CCCCCC(CC1)O)O
cyclononanol,106187,,24469-56-5,C9H18O,C1CCCCC(CCC1)O
2-hydroxycyclononan-1-one,267196,,496-83-3,C9H16O2,C1CCCC(C(=O)CCC1)O
"(1R,4S,10S,12S)-12-[3-[[(3S,8aS)-1,4-dioxo-2,3,6,7,8,8a-hexahydropyrrolo[1,2-a]pyrazin-3-yl]methyl]-1H-indol-6-yl]-2,8,19-triazapentacyclo[10.7.0.02,10.04,8.013,18]nonadeca-13,15,17-triene-3,9-dione",71665426,,1179325-42-8,C32H32N6O4,C1C[C@H]2C(=O)N3[C@@H](C[C@]4([C@@H]3NC5=CC=CC=C54)C6=CC7=C(C=C6)C(=CN7)C[C@H]8C(=O)N9CCC[C@H]9C(=O)N8)C(=O)N2C1
cyclopentadecanol,107327,,4727-17-7,C15H30O,C1CCCCCCCC(CCCCCC1)O
cycloundecanol,13694456,,24469-57-6,C11H22O,C1CCCCCC(CCCC1)O
5-propyloxolan-2-one,7742,,105-21-5,C7H12O2,CCCC1CCC(=O)O1
5-pentyloxolan-2-one,7710,,104-61-0,C9H16O2,CCCCCC1CCC(=O)O1
5-heptyloxolan-2-one,7714,,104-67-6,C11H20O2,CCCCCCCC1CCC(=O)O1
5-butyloxolan-2-one,7704,,104-50-7,C8H14O2,CCCCC1CCC(=O)O1
1-oxacyclododec-4-en-2-one,74377418,,1259475-85-8,C11H18O2,C1CCCC=CCC(=O)OCCC1
5-ethyloxolan-2-one,12756,,695-06-7,C6H10O2,CCC1CCC(=O)O1
5-octyloxolan-2-one,16821,,148051,C12H22O2,CCCCCCCCC1CCC(=O)O1
5-hexyloxolan-2-one,12813,,706-14-9,C10H18O2,CCCCCCC1CCC(=O)O1
5-decyloxolan-2-one,97746,,2721-23-5,C14H26O2,CCCCCCCCCCC1CCC(=O)O1
5-nonyloxolan-2-one,9877768,,7370-36-7,C13H24O2,CCCCCCCCCC1CCC(=O)O1
"2-[(1R,4aS,4bR,7S,8aR,10aS)-7-hydroxy-2,4b,8,8,10a-pentamethyl-4,4a,5,6,7,8a,9,10-octahydro-1H-phenanthren-1-yl]acetic acid",140229629,,2365497-47-6,C21H34O3,CC1=CC[C@@H]2[C@]3(CC[C@@H](C([C@@H]3CC[C@]2([C@@H]1CC(=O)O)C)(C)C)O)C
"(2S,4aR,5S)-3,8-dimethyl-5-propan-2-yl-1,2,4a,5,6,7-hexahydronaphthalen-2-ol",139598324,,27548-67-0,C15H24O,CC1=C2C[C@@H](C(=C[C@H]2[C@@H](CC1)C(C)C)C)O
"3,13,23-triazahexacyclo[14.7.0.02,10.04,9.011,15.017,22]tricosa-1,4,6,8,10,15,17,19,21-nonaen-12-one",3815,,85753-43-1,C20H13N3O,C1C2=C3C4=CC=CC=C4NC3=C5C(=C2C(=O)N1)C6=CC=CC=C6N5
"8,18-difluoro-3,13,23-triazahexacyclo[14.7.0.02,10.04,9.011,15.017,22]tricosa-1,4(9),5,7,10,15,17(22),18,20-nonaen-12-one",148641925,,2305201-23-2,C20H11F2N3O,C1C2=C3C4=C(C=CC=C4F)NC3=C5C(=C2C(=O)N1)C6=C(N5)C=CC=C6F
"7,19-dimethoxy-3,13,23-triazahexacyclo[14.7.0.02,10.04,9.011,15.017,22]tricosa-1,4(9),5,7,10,15,17(22),18,20-nonaen-12-one",14699106,,129514-15-4,C22H17N3O3,COC1=CC2=C(C=C1)NC3=C4C(=C5C(=C23)CNC5=O)C6=C(N4)C=CC(=C6)OC
"(3R,3°‰S)-3°‰-methoxy-1,3°‰-dimethyl-2°‰-[(E)-2-phenylethenyl]spiro[indole-3,6°‰-pyrrolo[1,2-c]imidazole]-1°‰,2,5°‰-trione",102143687,,1615226-09-9,C24H21N3O4,C[C@@]1(N(C(=O)C2=C[C@]3(C4=CC=CC=C4N(C3=O)C)C(=O)N21)/C=C/C5=CC=CC=C5)OC
"(4R)-4-[(3R,5S,7S,8R,9S,10S,12S,13R,14S,17R)-3,7,12-trihydroxy-10,13-dimethyl-2,3,4,5,6,7,8,9,11,12,14,15,16,17-tetradecahydro-1H-cyclopenta[a]phenanthren-17-yl]pentanoic acid",122340,,2955-27-3,C24H40O5,C[C@H](CCC(=O)O)[C@H]1CC[C@@H]2[C@@]1([C@H](C[C@H]3[C@H]2[C@H](C[C@H]4[C@@]3(CC[C@H](C4)O)C)O)O)C
(1R)-1-phenylprop-2-en-1-ol,5324666,,39623-35-3,C9H10O,C=C[C@H](C1=CC=CC=C1)O
(1S)-1-(3-bromophenyl)-2-chloroethanol,83001025,,1567985-90-3,C8H8BrClO,C1=CC(=CC(=C1)Br)[C@@H](CCl)O
(1R)-1-(4-chlorophenyl)ethanol,643324,,75968-40-0,C8H9ClO,C[C@H](C1=CC=C(C=C1)Cl)O
(1R)-1-(4-fluorophenyl)prop-2-en-1-ol,101543923,,1282033-68-4,C9H9FO,C=C[C@H](C1=CC=C(C=C1)F)O
(1S)-2-chloro-1-(3-methylphenyl)ethanol,68843669,,439807-11-1,C9H11ClO,CC1=CC(=CC=C1)[C@@H](CCl)O
(1R)-1-(2-methylphenyl)prop-2-en-1-ol,102103795,,1471573-91-7,C10H12O,CC1=CC=CC=C1[C@@H](C=C)O
(1R)-1-(3-bromophenyl)ethanol,2734889,,134615-24-0,C8H9BrO,C[C@H](C1=CC(=CC=C1)Br)O
(1S)-2-chloro-1-(4-methoxyphenyl)ethanol,12032045,,186345-06-2,C9H11ClO2,COC1=CC=C(C=C1)[C@@H](CCl)O
(1R)-1-(3-methylphenyl)ethanol,7015155,,42070-91-7,C9H12O,CC1=CC(=CC=C1)[C@@H](C)O
(1R)-1-(4-methylphenyl)prop-2-en-1-ol,101860393,,1004960-58-0,C10H12O,CC1=CC=C(C=C1)[C@@H](C=C)O
(1S)-2-bromo-1-(3-bromophenyl)ethanol,25324188,,1098108-56-5,C8H8Br2O,C1=CC(=CC(=C1)Br)[C@@H](CBr)O
(1R)-1-(3-methylphenyl)prop-2-en-1-ol,130130379,,1282033-71-9,C10H12O,CC1=CC(=CC=C1)[C@@H](C=C)O
(1S)-2-chloro-1-(4-fluorophenyl)ethanol,10012415,,126534-42-7,C8H8ClFO,C1=CC(=CC=C1[C@@H](CCl)O)F
(1R)-1-(4-methylphenyl)ethanol,6999807,,42070-92-8,C9H12O,CC1=CC=C(C=C1)[C@@H](C)O
(1S)-2-chloro-1-(4-chlorophenyl)ethanol,10997831,,178460-78-1,C8H8Cl2O,C1=CC(=CC=C1[C@@H](CCl)O)Cl
(1S)-2-bromo-1-(3-methylphenyl)ethanol,141407515,,1817798-19-8,C9H11BrO,CC1=CC(=CC=C1)[C@@H](CBr)O
"[(2R,3R)-3-methyl-3-(4-methylpent-3-enyl)oxiran-2-yl]methanol",10855926,,62777-71-3,C10H18O2,CC(=CCC[C@@]1([C@H](O1)CO)C)C
"2-[(2S,5S)-5-ethenyl-5-methyloxolan-2-yl]propan-2-ol",6432254,,34995-77-2,C10H18O2,C[C@]1(CC[C@H](O1)C(C)(C)O)C=C
8-(5-aminopentan-2-ylamino)-6-methoxy-1H-quinolin-2-one,612563,,959106-71-9,C15H21N3O2,CC(CCCN)NC1=C2C(=CC(=C1)OC)C=CC(=O)N2
"5,7-dibromo-2-(2,3,5-tribromoindol-1-yl)-1H-indole-3-carbonitrile",155818808,,2765729-29-9,C17H6Br5N3,C1=CC2=C(C=C1Br)C(=C(N2C3=C(C4=C(N3)C(=CC(=C4)Br)Br)C#N)Br)Br
3-aminobenzo[b]phenalen-7-one,13143216,,13456-80-9,C17H11NO,C1=CC=C2C(=C1)C3=C4C(=C(C=C3)N)C=CC=C4C2=O
Aristolactam,96710,,13395-02-3,C17H11NO4,COC1=CC=CC2=C3C4=C(C=C21)NC(=O)C4=CC5=C3OCO5
(3R)-3-hydroxyoctanoic acid,5312861,,44987-72-6,C8H16O3,CCCCC[C@H](CC(=O)O)O
(3R)-3-hydroxyundecanoic acid,11041825,,97961-62-1,C11H22O3,CCCCCCCC[C@H](CC(=O)O)O
(3R)-3-hydroxynonanoic acid,10197914,,33796-87-1,C9H18O3,CCCCCC[C@H](CC(=O)O)O
(3R)-3-hydroxyheptanoic acid,9793823,,85233-44-9,C7H14O3,CCCC[C@H](CC(=O)O)O
(3R)-3-hydroxydecanoic acid,5312798,,19525-80-5,C10H20O3,CCCCCCC[C@H](CC(=O)O)O
(3R)-3-hydroxy-5-(3-methoxyphenyl)pentanoic acid,93703600,,2776235-47-1,C12H16O4,COC1=CC=CC(=C1)CC[C@H](CC(=O)O)O
(3R)-3-hydroxydodecanoic acid,5312804,,28254-78-6,C12H24O3,CCCCCCCCC[C@H](CC(=O)O)O
"(3R)-3,12-dihydroxydodecanoic acid",53953668,,1059625-43-2,C12H24O4,C(CCCC[C@H](CC(=O)O)O)CCCCO
(3R)-3-hydroxyhexadecanoic acid,15569776,,20595-04-4,C16H32O3,CCCCCCCCCCCCC[C@H](CC(=O)O)O
(3R)-11-bromo-3-hydroxyundecanoic acid,87961081,,222043-79-0,C11H21BrO3,C(CCCCBr)CCC[C@H](CC(=O)O)O
(3R)-3-hydroxytetradecanoic acid,5288266,,28715-21-1,C14H28O3,CCCCCCCCCCC[C@H](CC(=O)O)O
(3R)-3-hydroxyundec-10-enoic acid,102158190,,198274-26-9,C11H20O3,C=CCCCCCC[C@H](CC(=O)O)O
(3R)-3-hydroxyhexanoic acid,10197713,,77877-35-1,C6H12O3,CCC[C@H](CC(=O)O)O
(3R)-3-hydroxyoctadecanoic acid,5312838,,14531-50-1,C18H36O3,CCCCCCCCCCCCCCC[C@H](CC(=O)O)O
(3R)-5-(4-fluorophenyl)-3-hydroxypentanoic acid,68977530,,473988-22-6,C11H13FO3,C1=CC(=CC=C1CC[C@H](CC(=O)O)O)F
(3R)-3-hydroxy-5-(4-methoxyphenyl)pentanoic acid,10082345,,1026735-25-0,C12H16O4,COC1=CC=C(C=C1)CC[C@H](CC(=O)O)O
(3R)-3-cyclopentyl-3-hydroxypropanoic acid,94425377,,906453-86-9,C8H14O3,C1CCC(C1)[C@@H](CC(=O)O)O
(3R)-3-hydroxyundec-10-ynoic acid,87722200,,475561-61-6,C11H18O3,C#CCCCCCC[C@H](CC(=O)O)O
(3R)-3-hydroxy-6-phenylhexanoic acid,174752978,,247169-45-5,C12H16O3,C1=CC=C(C=C1)CCC[C@H](CC(=O)O)O
"(Z,3R)-3-hydroxyoctadec-9-enoic acid",101660610,,2776235-41-5,C18H34O3,CCCCCCCC/C=C\CCCCC[C@H](CC(=O)O)O
(3R)-3-hydroxy-8-methoxy-8-oxooctanoic acid,57296264,,647831-62-7,C9H16O5,COC(=O)CCCC[C@H](CC(=O)O)O
(3R)-3-hydroxyicosanoic acid,5312808,,10305-26-7,C20H40O3,CCCCCCCCCCCCCCCCC[C@H](CC(=O)O)O
2-phenylacetaldehyde,998,,122-78-1,C8H8O,C1=CC=C(C=C1)CC=O
2-(4-chlorophenyl)acetaldehyde,11412502,,4251-65-4,C8H7ClO,C1=CC(=CC=C1CC=O)Cl
2-[4-(trifluoromethyl)phenyl]acetaldehyde,14298210,,30934-62-4,C9H7F3O,C1=CC(=CC=C1CC=O)C(F)(F)F
2-(4-methylphenyl)acetaldehyde,61006,,104-09-6,C9H10O,CC1=CC=C(C=C1)CC=O
phenylmethanol,244,,100-51-6,C7H8O,C1=CC=C(C=C1)CO
"1,2-dihydroacenaphthylen-1-ol",22750,,1609446,C12H10O,C1C(C2=CC=CC3=C2C1=CC=C3)O
9H-fluoren-9-ol,74318,,1689-64-1,C13H10O,C1=CC=C2C(=C1)C(C3=CC=CC=C32)O
"5-hydroxy-1,7,7-trimethylbicyclo[2.2.1]heptan-2-one",440017,,22285-79-6,C10H16O2,CC1(C2CC(=O)C1(CC2O)C)C
all-trans-4-Oxoretinoate,25766071,,,C20H25O3-,CC1=C(C(CCC1=O)(C)C)/C=C/C(=C/C=C/C(=C/C(=O)[O-])/C)/C
"4-Oxo-all-trans-13,14-dihydroretinoate",166451872,,,C20H27O3-,CC1=C(C(CCC1=O)(C)C)/C=C/C(=C/C=C/C(C)CC(=O)[O-])/C
5-Hydroxydodecanoate,57501270,,,C12H23O3-,CCCCCCCC(CCCC(=O)[O-])O
7-Hydroxytetradecanoate,168432202,,,C14H27O3-,CCCCCCCC(CCCCCC(=O)[O-])O
"Dodecane-1,5-diol",13258725,,20999-41-1,C12H26O2,CCCCCCCC(CCCCO)O
"1,4-Dodecanediol",11148378,,38146-95-1,C12H26O2,CCCCCCCCC(CCCO)O
"1,6-Dodecanediol",19812201,,39516-25-1,C12H26O2,CCCCCCC(CCCCCO)O
3-Decanol,519158,,1565-81-7,C10H22O,CCCCCCCC(CC)O
5-Dodecanol,25046,,10203-33-5,C12H26O,CCCCCCCC(CCCC)O
7-Tetradecanol,549954,,3981-79-1,C14H30O,CCCCCCCC(CCCCCC)O
Hexadecan-8-ol,549906,,19781-83-0,C16H34O,CCCCCCCCC(CCCCCCC)O
9-Hydroxyhexadecanoate,21989249,,,C16H31O3-,CCCCCCCC(CCCCCCCC(=O)[O-])O
"1,3-Decanediol",201483,,6071-27-8,C10H22O2,CCCCCCCC(CCO)O
"1,7-Decanediol",22617082,,,C10H22O2,CCCC(CCCCCCO)O
9-cis-4-Oxoretinoate,29982675,,,C20H25O3-,CC1=C(C(CCC1=O)(C)C)/C=C/C(=C\C=C\C(=C\C(=O)[O-])\C)/C
3-Hydroxylaurate,22183160,,,C12H23O3-,CCCCCCCCCC(CC(=O)[O-])O
"1,3-Dodecanediol",12588640,,39516-24-0,C12H26O2,CCCCCCCCCC(CCO)O
"1,9-Dihydroxydodecane",88924004,,,C12H26O2,CCCC(CCCCCCCCO)O
"1,10-Dodecanediol",11715390,,,C12H26O2,CCC(CCCCCCCCCO)O
19-Oxo-deoxycorticosterone,173380,,75220-37-0,C21H28O4,C[C@]12CC[C@H]3[C@H]([C@@H]1CC[C@@H]2C(=O)CO)CCC4=CC(=O)CC[C@]34C=O
18-Hydroxy-11-Deoxycorticosterone,64970,,379-68-0,C21H30O4,C[C@]12CCC(=O)C=C1CC[C@@H]3[C@@H]2CC[C@]4([C@H]3CC[C@@H]4C(=O)CO)CO
18-Hydroxy-11-deoxycortisol,3082415,,35121-42-7,C21H30O5,C[C@]12CCC(=O)C=C1CC[C@@H]3[C@@H]2CC[C@]4([C@H]3CC[C@@]4(C(=O)CO)O)CO
rhazimal,22298201,,,C21H22N2O3,CC=C1CN2CCC34C5=CC=CC=C5N=C3C2CC1C4(C=O)C(=O)OC
plasmodiophorol A,168007594,,,C18H29O4-,CCC(C1CC2C(C1C=CCCCCCCCC(=O)[O-])O2)O
plasmodiophorol B,168007596,,,C18H29O4-,CCC1C2CC(C(C2C=CCCCCCCCC(=O)[O-])O1)O
ectocarpin A,168007572,,,C18H27O3-,CC=CC1CC2C(C1C=CCCCCCCCC(=O)[O-])O2
ectocarpin B,168007618,,,C20H27O3-,CC=CC1CC2C(C1C=CCC=CCC=CCCCC(=O)[O-])O2
ectocarpin C,168007663,,,C20H29O4-,CCC(C1CC2C(C1C=CCC=CCC=CCCCC(=O)[O-])O2)O
ectocarpin D,168007566,,,C20H31O5-,CCC(C1CC(C(C1C=CCC=CCC=CCCCC(=O)[O-])O)O)O
"14-oxo-15-hydroxy-(5Z,8Z,11Z,17Z)-eicosatetraenoate",168007585,,,C20H29O4-,CCC=CCC(C(=O)CC=CCC=CCC=CCCCC(=O)[O-])O
(8R)-hydroperoxy-(9Z)-octadecenoate,168007651,,,C18H33O4-,CCCCCCCCC=CC(CCCCCCC(=O)[O-])OO
10-hydroperoxy-(8E)-octadecenoate,86289553,,,C18H33O4-,CCCCCCCCC(/C=C/CCCCCCC(=O)[O-])OO
"(8R)-hydroperoxy-(9Z,12Z,15Z)-octadecatrienoate",168007671,,,C18H29O4-,CCC=CCC=CCC=CC(CCCCCCC(=O)[O-])OO
"(12R,13S)-epoxy-(10R)-hydroperoxy-(8E)-octadecenoate",168007603,,,C18H31O5-,CCCCCC1C(O1)CC(C=CCCCCCCC(=O)[O-])OO
"(12S,13R)-epoxy-(10R)-hydroxy-(8E)-octadecenoate",168007631,,,C18H31O4-,CCCCCC1C(O1)CC(C=CCCCCCCC(=O)[O-])O
"12,13-epoxy-(10R)-hydroxy-(8E,15Z)-octadecadienoate",168007659,,,C18H29O4-,CCC=CCC1C(O1)CC(C=CCCCCCCC(=O)[O-])O
"10,11-epoxy-12-hydroxy-(14Z)-eicosenoate",168007569,,,C20H35O4-,CCCCCC=CCC(C1C(O1)CCCCCCCCC(=O)[O-])O
"14,15-epoxy-12-hydroxy-(10E,17Z)-eicosadienoate",168007639,,,C20H33O4-,CCC=CCC1C(O1)CC(C=CCCCCCCCCC(=O)[O-])O
"(12R,13R)-epoxy-(11S)-hydroxy-(9Z)-octadecenoate",168007642,,,C18H31O4-,CCCCCC1C(O1)C(C=CCCCCCCCC(=O)[O-])O
"14,15-epoxy-12-hydroxy-(10E)-eicosenoate",168007654,,,C20H35O4-,CCCCCC1C(O1)CC(C=CCCCCCCCCC(=O)[O-])O
"10,11-epoxy-12-hydroxy-(14Z,17Z)-eicosadienoate",168007613,,,C20H33O4-,CCC=CCC=CCC(C1C(O1)CCCCCCCCC(=O)[O-])O
"5beta-cholestane-3alpha,7alpha,25-triol",5284197,,,C27H48O3,CC(CCCC(C)(C)O)C1CCC2C1(CCC3C2C(CC4C3(CCC(C4)O)C)O)C
"5beta-cholestane-3alpha,7alpha,12alpha,25-tetrol",5284211,,,C27H48O4,CC(CCCC(C)(C)O)C1CCC2C1(C(CC3C2C(CC4C3(CCC(C4)O)C)O)O)C
an omega-hydroxy-medium-chain fatty acid,22643996,,,C2H5O3-,CO.C(=O)[O-]
10-hydroxydecanoate,6991989,,,C10H19O3-,C(CCCCC(=O)[O-])CCCCO
etheroleate,25246007,,,C18H29O3-,CCCCC=COC=CC=CCCCCCCCC(=O)[O-]
etherolenate,134820498,,,C18H27O3-,CCC=CC=COC=CC=CCCCCCCCC(=O)[O-]
colnelenate,25245649,,,C18H27O3-,CCC=CCC=CC=COC=CCCCCCCC(=O)[O-]
"(5S,8R,9Z,12Z)-5,8-dihydroxyoctadeca-9,12-dienoate",25755601,,,C18H31O4-,CCCCCC=CCC=CC(CCC(CCCC(=O)[O-])O)O
primary fluorescent dioxobilin-type chlorophyll catabolite,155818823,,,C34H39N4O7-,CCC1=C(C(=O)NC1CC2=C(C3=C(N2)C(=C4C(C(C(=N4)CC5C(=C(C(=O)N5)C=C)C)C)CCC(=O)[O-])C(C3=O)C(=O)OC)C)C
"(7S,8S,9Z,12Z)-7,8-dihydroxyoctadeca-9,12-dienoate",5460412,,,C18H32O4,CCCCCC=CCC=CC(C(CCCCCC(=O)O)O)O
22-deoxyecdysone,21124802,,,C27H44O5,CC(CCCC(C)(C)O)C1CCC2(C1(CCC3C2=CC(=O)C4C3(CC(C(C4)O)O)C)C)O
culmorin,21119328,,,C15H26O2,CC1(CCCC2(C3C1C(C2(CC3O)C)O)C)C
"4,5,8-trihydroxycasbene",154824256,,,C20H32O3,C/C/1=C\CC(/C(=C/C(C(/C(=C/[C@@H]2[C@@H](C2(C)C)CC1)/C)O)O)/C)O
"(11S)-hydroxy-(9S,10S)-epoxy-(12Z)-octadecenoate",168007588,,,C18H31O4-,CCCCCC=CC(C1C(O1)CCCCCCCC(=O)[O-])O
"11-hydroxy-12,13-epoxy-(9Z)-octadecenoate",168007638,,,C18H31O4-,CCCCCC1C(O1)C(C=CCCCCCCCC(=O)[O-])O
7-carboxymellein,146036923,,,C11H9O5-,CC1CC2=C(C(=C(C=C2)C(=O)O)[O-])C(=O)O1
3-desmethyl okaramine B,172429300,,,C32H32N4O5,CC1C(N2C13C(C(C4(N3C(=O)C5=CC6=C(C(C=CN5C4=O)(C)C)NC7=CC=CC=C76)O)O)(C8=CC=CC=C82)O)(C)C
okaramine A,5387493,,,C32H32N4O3,CC1(C=CN2C(=CC3=C1NC4=CC=CC=C43)C(=O)N5C(C2=O)CC6(C5N(C7=CC=CC=C76)C(C)(C)C=C)O)C
N-(7°‰-carboxy-7°‰-demethylgeranyl)-L-glutamate,145865079,,,C15H21NO6-2,CC(=CC[NH2+]C(CCC(=O)[O-])C(=O)[O-])CCC=C(C)C(=O)[O-]
asperterpenoid C,146682259,,,C25H38O4,CC(C)C1CC(C2(C1C3C4CC4(C5CCC(=C5CC3(CC2)CO)C(=O)O)C)C)O
asperterpenoid B,146682258,,,C25H36O4,CC(C)C1CCC2(C1C3C4CC4(C5CCC(=C5CC3(CC2)C(=O)O)C(=O)O)C)C
"3-[(2E,4E,8S,10E,12Z)-4,8-dimethyltetradeca-2,4,10,12-tetraenoyl]-4-hydroxy-5-(4-hydroxyphenyl)-1,2-dihydropyridin-2-one",146672903,,,C27H31NO4,CC=CC=CCC(C)CCC=C(C)C=CC(=O)C1=C(C(=CNC1=O)C2=CC=C(C=C2)O)O
gamma-lactone-2-keto[5.5.5.5]fenestrane,170835689,,,C15H20O3,CC1(CC2(CC(=O)C3C24C1CCC4C(=O)O3)C)C
proatranorin III,164575965,,,C18H15O8-,CC1=CC(=C(C(=C1C(=O)OC2=C(C(=C(C(=C2)C)C(=O)O)[O-])C)O)C=O)O
atranorin,68066,,,C19H18O8,CC1=CC(=C(C(=C1C(=O)OC2=C(C(=C(C(=C2)C)C(=O)OC)O)C)O)C=O)O
sesterfisherate,129320314,,,C25H39O3-,CC1CCC2C(CCC2=C(C3(C1CC4(CCC(C4C3)C(C)C)C(=O)[O-])O)C)C
(S)-nornicotine,91462,,,C9H12N2,C1CC(NC1)C2=CN=CC=C2
sphingofungin B1,172407771,,,C20H39NO5,CCCCCCC(CCCCCCC=CC(CC(C(C(=O)[O-])[NH3+])O)O)O
desmethyl-dehydrogriseofulvin,91820110,,,C16H13ClO6,CC1=CC(=O)C=C(C12C(=O)C3=C(O2)C(=C(C=C3O)OC)Cl)OC
17-dehydropreakuammicine,135398072,,,C21H23N2O3+,CC=C1C[NH+]2CCC34C2CC1C(C3=NC5=CC=CC=C45)(C=O)C(=O)OC
18-hydroxynorfluorocurarine,162959929,,,C19H20N2O2,C1CN2CC(=CCO)C3CC2C14C5=CC=CC=C5NC4=C3C=O
10-hydroxystrychnine,14556484,,,C21H22N2O3,C1CN2CC3=CCOC4CC(=O)N5C6C4C3CC2C61C7=C5C=CC(=C7)O
11-demethylbrucine,45073520,,,C22H24N2O4,COC1=C(C=C2C(=C1)C34CCN5C3CC6C7C4N2C(=O)CC7OCC=C6C5)O
hancockiamide G,169492350,,,C29H30N2O4,COC1=CC(=CC2=C1OCO2)CC3CNC(CN3C(=O)C=CC4=CC=CC=C4)CC5=CC=CC=C5
hancockiamide C,166625282,,,C31H32N2O5,CC(=O)N1CC(N(CC1CC2=CC=CC=C2)C(=O)C=CC3=CC=CC=C3)CC4=CC5=C(C(=C4)OC)OCO5
hancockiamide H,169492351,,,C20H24N2O3,COC1=CC(=CC2=C1OCO2)CC3CNC(CN3)CC4=CC=CC=C4
2-deacetoxyfuscoatroside,172429306,,,C36H59O8-,CC(C)C(C)C1(CCC2(C3=C(CCC2(C1C(=O)[O-])C)C4(CCC(C(C4CC3)(C)C)OC5C(C(C(C(O5)CO)O)O)O)C)C)C
2-deacetylfuscoatroside,172429308,,,C36H59O9-,CC(C)C(C)C1(CCC2(C3=C(CCC2(C1C(=O)[O-])C)C4(CC(C(C(C4CC3)(C)C)OC5C(C(C(C(O5)CO)O)O)O)O)C)C)C
fuscoatroside,11146813,,,C38H62O10,CC(C)C(C)C1(CCC2(C3=C(CCC2(C1C(=O)O)C)C4(CC(C(C(C4CC3)(C)C)OC5C(C(C(C(O5)CO)O)O)O)OC(=O)C)C)C)C
19beta-hydroxyisomotiol,172429311,,,C30H50O2,CC(C)C1CC(C2C1(CCC3(C2(CCC4=C3CCC5C4(CCC(C5(C)C)O)C)C)C)C)O
"2-deacetyl,3-deglucopyranosyl-fuscoatroside",172429314,,,C30H49O4-,CC(C)C(C)C1(CCC2(C3=C(CCC2(C1C(=O)[O-])C)C4(CC(C(C(C4CC3)(C)C)O)O)C)C)C
preaspterpenacid acid II,163358949,,,C25H42O2,CC1CCC23C(CCC2C3(C4(C1CC5(CCC(C5C4)C(C)C)C)O)CO)C
"3-methylbenzene-1,2,4-triol",197042,,,C7H8O3,CC1=C(C=CC(=C1O)O)O
neoechinulin A,9996305,,,C19H21N3O2,CC1C(=O)NC(=CC2=C(NC3=CC=CC=C32)C(C)(C)C=C)C(=O)N1
"(1R,2R,3S,8R,10R,11R,15S,16S)-3-(acetyloxy)-15-(1-hydroxy-4-oxobutan-2-yl)-2,7,7,11,16-pentamethyl-5-oxo-6-oxatetracyclo[9.7.0.0(2,8).0(12,16)]octadec-12-en-10-yl acetate",171666195,,,C30H44O8,CC(=O)OC1CC2C(OC(=O)CC(C2(C3C1(C4=CCC(C4(CC3)C)C(CC=O)CO)C)C)OC(=O)C)(C)C
(1S)-1-hydroxy-luvungin A,171666191,,,C32H48O8,CC(=O)OC1C(CC(O1)C2C(O2)(C)C)C3CC=C4C3(CCC5C4(C(CC6C5(C(CC(=O)OC6(C)C)O)C)O)C)C
stellatate,102515493,,,C25H37O2-,CC1=CCCC(=CCC2(CCC3C(CCC3(C2CC1)C)C(=C)C)C)C(=O)[O-]
cyathatriol,101316898,,,C20H32O3,CC(C)C1=C2C3CC(C(=CC(C3(CCC2(CC1)C)C)O)CO)O
ophiobolin C,11234566,,,C25H38O3,CC(CCC=C(C)C)C1CCC2(C1CC=C(C3C(C2)C(CC3=O)(C)O)C=O)C
quiannulatate,155802566,,,C25H37O2-,CC1CCC23C1CCC2(C(=C4C3CC5C(CCC5(C4)C(=O)[O-])C(C)C)C)C
polytolypin,171392388,,,C30H44O7-2,CC(C)[C@H]1CC[C@@H]2[C@@]1(CC[C@]3([C@]2(CC[C@H]4C3=CC[C@@H]5[C@@]4([C@@H]([C@H]([C@@H]([C@@]5(C)C(=O)[O-])O)O)O)C(=O)[O-])C)C)C
hainanate A,156587288,,,C30H43O6-,CC(CC(C=C(C)C(=O)[O-])O)C1CC(C2(C1(CCC3=C2C(=O)CC4C3(CCC(=O)C4(C)C)C)C)C)O
ganoderate Jc,156587291,,,C30H45O5-,CC(CC(C=C(C)C(=O)[O-])O)C1CC(C2(C1(CCC3C2=CCC4C3(CCC(=O)C4(C)C)C)C)C)O
cyclo(L-arginyl-L-dehydrotyrosyl),171364930,,,C15H20N5O3+,C1=CC(=CC=C1C=C2C(=O)NC(C(=O)N2)CCC[NH+]=C(N)N)O
"(1S,4S)-4-[(4-hydroxyphenyl)methyl]-2,5-diazaspiro[bicyclo[3.2.1]octane-6,1°‰-cyclohexane]-2°‰,5°‰-dien-4°‰-one",172879925,,,C18H21N2O2+,C1C2CN(C13C=CC(=O)C=C3)C(C[NH2+]2)CC4=CC=C(C=C4)O
"(E,E)-piperate",22182051,,,C12H9O4-,C1OC2=C(O1)C=C(C=C2)C=CC=CC(=O)[O-]
10-hydroxy-pre-flavunoidine,168475463,,,C22H42N2O2+2,CC1CCC2C13CC4C(C2(OC4(CC3O)C)C)[NH2+]CCCCC[NH+](C)C
"2,6,9-trimethyl-13-oxatetracyclo[6.3.1.1(6,9).0(1,5)]tridecane carbocation",168475472,,,C15H23O+,CC1CCC2C13CCC4(C(C3)[CH+]C2(O4)C)C
cordypyrone B,162680204,,,C22H28O4,C1=C(C=C(OC1=O)C=CC=CCCCCCCC=CC=CC=CCO)O
soppiline C,146682270,,,C24H32O4,CC=C(CCCCCCCC=CC=CC=CCC1=CC(=CC(=C1)O)O)C(=O)O
"(1S,3bR,4R,5aR,9aR,9bR,11aS)-1-(1-hydroxy-4-oxobutan-2-yl)-3b,6,6,9a,11a-pentamethyl-7-oxo-1H,2H,3bH,4H,5H,5aH,6H,7H,9aH,9bH,10H,11H,11aH-cyclopenta[a]phenanthren-4-yl acetate",171666189,,,C28H40O5,CC(=O)OC1CC2C(C(=O)C=CC2(C3C1(C4=CCC(C4(CC3)C)C(CC=O)CO)C)C)(C)C
ascocorynin,164575953,,,C18H11O5-,C1=CC=C(C=C1)C2=C(C(=O)C(=C(C2=O)[O-])C3=CC=C(C=C3)O)O
omega-hydroxy-beta-dihydromenaquinone-9,102515149,,,C56H82O3,CC1=C(C(=O)C2=CC=CC=C2C1=O)CC=C(C)CCCC(C)CCC=C(C)CCC=C(C)CCC=C(C)CCC=C(C)CCC=C(C)CCC=C(C)CCC=C(C)CO
discodiene,165368653,,,C12H18,CC1CCCC2=CC=CCC12C
nocardicin A,6400657,,,C23H24N4O9,C1C(C(=O)N1C(C2=CC=C(C=C2)O)C(=O)O)NC(=O)C(=NO)C3=CC=C(C=C3)OCCC(C(=O)O)N
(8S)-annullatin E,57413075,,,C12H18O3,CCCCC(C1=C(C(=CC=C1)O)CO)O
An Organic Molecule,,85342153,,HR,*[H]
"A 3°‰,5°‰-Unsubstituted Flavanone",,85338594,,C15H2O2R10,O1C2=C(C(C(C1(C3=C(C=C(C=C3*)*)*)*)(*)*)=O)C(=C(C(=C2*)*)*)*
A 3°‰-Unsubstituted Flavone,,85338425,,C15HO2R9,C1(=C(C(=C(C2=C1OC(=C(C2=O)*)C3=C(C(=C(C(=C3*)*)*)[H])*)*)*)*)*
An (Omega-1)-Ethyl Fatty Acid,,223736562,,C3H5O2R,C(*C([O-])=O)C
An Omega-Methyl-Long-Chain Fatty Acid,,85340663,,C2H3O2R,C*C([O-])=O
A Flavanone,,85730926,,C15H2O2R10,O1C2=C(C(C(C1C3=C(C(=C(C(=C3*)*)*)*)*)*)=O)C(=C(C(=C2*)*)*)*
A 14Alpha-Methyl Steroid,,85337738,,C20H33R,C12C([C@]3(C(C(CC3)*)(C)CC1)C)CCC4C2(CCCC4)C
A 14alpha-hydroxymethyl steroid,,85375959,,C20H33OR,C12C([C@]3(C(C(CC3)*)(C)CC1)CO)CCC4C2(CCCC4)C
A 14alpha-formyl steroid,,85375960,,C20H31OR,CC12CCC3C(CCC4CCCCC34C)[C@@]1(CCC2[*])C=O
"2,3-Saturated Fatty Acid",,172120942,,C3H4O2R-,[O-]C(=O)CC[*]
"A 1,2-Saturated Fatty Acid",,223736706,,C2H2O2R-,[O-]C(=O)C[*]
A Steroid,,340096730,,C19H31R,C12C(C3C(C(CC3)*)(C)CC1)CCC4C2(CCCC4)C
A C2-C8-Saturated Long-Chain Fatty Acyl-[Acp],,85336607,,C22H38N3O9PSR,
A 2°‰-Unsubstituted Isoflavone,,85336620,,C15HO2R9,C12=C(C(=C(C(=C2C(C(=C(O1)*)C=3C(=C(C(=C(C3*)*)*)*)[H])=O)*)*)*)*
A Methyl-Branched Lipid,,405238123,,,
an omega-methyl-ultra-long-chain fatty acid,,85346887,,C2H3O2R-,C*C([O-])=O
A Jasmonyl-L-Amino Acid,,85335925,,C14H19NO4R-,C1(C(CCC1=O)CC(N[C@H](C([O-])=O)*)=O)C/C=C\CC
A 12-Hydroxyjasmonyl-L-Alpha-Amino Acid,,85338078,,C14H19NO5R-,C1(C(CCC1=O)CC(N[C@H](C([O-])=O)*)=O)C/C=C\CCO
An Alcohol,,8145368,,HOR,O[*]
"A 3°‰,5°‰-Dihydroxyflavanone",,348353755,,C15H2O4R10,O1C2=C(C(C(C1(C3=C(C(=C(C(=C3*)O)*)O)*)*)(*)*)=O)C(=C(C(=C2*)*)*)*
A 3°‰-Hydroxyflavone,,162012076,,C15HO3R9,Oc1c([*])c([*])c([*])c(c1[*])-c1oc2c([*])c([*])c([*])c([*])c2c(=O)c1[*]
An (Omega-1)-Hydroxy-Long-Chain Fatty Acid,,85343677,,C3H5O3R,C(=O)([O-])*C(C)O
An Omega-Hydroxy-Long-Chain Fatty Acid,,85340664,,C2H3O3R,OC[*]C([O-])=O
A Flavone,,160962754,,C15O2R10,O1C2=C(C(C(=C1C3=C(C(=C(C(=C3*)*)*)*)*)*)=O)C(=C(C(=C2*)*)*)*
A Delta(14) Steroid,,85337740,,C19H29R,C12C(C=3C(C(CC3)*)(C)CC1)CCC4C2(CCCC4)C
3-Hydroxy Fatty Acid,,223736668,,C3H4O3R-,OC([*])CC([O-])=O
A 2-Hydroxy Fatty Acid,,170474283,,C2H2O3R-,OC([*])C([O-])=O
An 11Beta-Hydroxysteroid,,340096731,,C19H31OR,C12(CCCCC1CCC3C2[C@H](CC4(C3CCC4*)C)O)C
6-Carboxyhexanoyl-[Acp],,223444102,,C21H34N3O11PS,CC(C)(COP([O-])(=O)OC[C@H](N-*)C(-*)=O)[C@@H](O)C(=O)NCCC(=O)NCCSC(=O)CCCCCC([O-])=O
A 2°‰-Hydroxyisoflavone,,439849,,C15H10O3,Oc1c([*])c([*])c([*])c([*])c1-c1c([*])oc2c([*])c([*])c([*])c([*])c2c1=O
A 2-Hydroxyflavanone,,85341660,,C15H2O3R10,O1C2=C(C(C(C1(C3=C(C(=C(C(=C3*)*)*)*)*)O)*)=O)C(=C(C(=C2*)*)*)*
An Omega-Hydroxy-Methyl-Branched Lipid,,405238277,,,
An (E)-Omega-(Methylsulfanyl)-Alkanal Oxime,,25010747,,C5H11NOS,
A 12-Hydroxy-12-Oxojasmonyl-L-Alpha-Amino Acid,,85338168,,C14H16NO6R-2,C1(C(CCC1=O)CC(N[C@H](C([O-])=O)*)=O)C/C=C\CC([O-])=O
5-Keto-Casbene,,,,C20H30O,
13-Hydroxyl-8-Abietene,,,,C20H34O,
19-Hydroxy Cucurbitadienol,,,,C30H50O2,
16Alpha-Hydroxy Erythrodiol,,,,C30H50O3,
16Alpha-Hydroxy Oleanolic Aldehyde,,,,C30H48O4,
22(R)-Hydroxy-26-Aminocholesterol,,,,C27H46O2,
22-Hydroxy-26-Aminocholesterol,,,,C27H47NO2,
11-Carbonylcucurbitadienol,,,,C30H48O2,
Fe(III)-heme b,,,,C34H30FeN4O4-,CC1=C(CCC([O-])=O)C2=[N+]3C1=Cc1c(C)c(C=C)c4C=C5C(C)=C(C=C)C6=[N+]5[Fe-]3(n14)n1c(=C6)c(C)c(CCC([O-])=O)c1=C2
C16,,,,C16H34,
C24,,,,C24H50,
C36,,,,C36H74,
"24,25-Dihydroxycucurbitadienol",,,,C30H52O3,
3-Hydroxy-23-Oxours-12-En-28-Oic Acid,,,,C30H46O4,
8-Oh-Linalool,,,,C10H18O2,
8-Oxo-Linalool,,,,C10H16O2,
A Hydroperoxyeicosatetraenoate,,,,C20H31O4-,
P-Alkylphenol,,,,C9H10O,
"9Beta-H-Pimara-7,15-Diene",,,,C20H32,
5Alpha-Acetoxy-10Beta-Hydroxy Taxadience,,,,C22H34O4,
"2-O-(4-Coumaroyl)-3-(3,4-Dihydroxyphenyl)Lactic Acid",,,,C18H16O7,
5Alpha-Hydroxy Taxadience,,,,C20H32O,
"4-{[(2E)-3,7-dimethylocta-2,6-dienyl]oxy}-3,7-dihydro-2H-furo[3,2-g]chromen-7-one",,,,C21H24O4,C1C2=C(C=CC(O2)=O)C(=C2CCOC=12)OC/C=C(\C)/CC/C=C(\C)/C
Beta-amyrin,,,,C31H50O,[C@](C)12CC[C@H](O)[C@](C)(C=C)[C@]1([H])CC[C@@](C)1[C@]2([H])CC=C2[C@@]([H])3C[C@@](C)(CC[C@@]3(CC[C@@]12C)C)C
11Alpha-hydroxy-beta-amyrin,,,,C31H50O2,[C@](C)12CC[C@H](O)[C@](C)(C=C)[C@]1([H])CC[C@@](C)1[C@]2([H])[C@H](O)C=C2[C@@]([H])3C[C@@](C)(CC[C@@]3(CC[C@@]12C)C)C
"(2S,4E,6E)-2,4,6-trimethyl-3-oxoocta-4,6-dienethioic S-acid",,,,C11H16O2S,SC([C@@H](C)C(/C(/C)=C/C(/C)=C/C)=O)=O
"4-[(1E)-3-hydroxyprop-1-enyl]-2,6-dimethoxyphenol",,,,C11H14O4,C(/CO)=C\C1=CC(=C(C(=C1)OC)O)OC
4-[(1E)-3-hydroxyprop-1-enyl]-2-methoxyphenol,,,,C10H12O3,OC1C=CC(/C=C/CO)=CC=1OC
4-[(1E)-3-hydroxyprop-1-enyl]phenol,,,,C9H10O2,OC1C=CC(/C=C/CO)=CC=1
"(1S,4E,8E,10S)-4,8-dimethyl-13-methylidene-11-oxabicyclo[8.3.0]trideca-4,8-dien-12-one",,,,C15H20O2,C1/C(/C)=C/[C@H]2[C@H](C(=C)C(O2)=O)CC/C(=C/C1)/C
Hirsuteine,,,,C22H26N2O2,[H][C@@]1(C[C@@]2(C3=C(CCN2C[C@@]1(C=C)[H])C1C(=CC=CC=1)N3)[H])/C(=C\C)/C(=O)OC
Hirsutine,,,,C22H28N2O2,[H][C@@]1(C[C@@]2(C3=C(CCN2C[C@@]1(CC)[H])C1C(=CC=CC=1)N3)[H])/C(=C\C)/C(=O)OC
Lupeol,,,,C31H54O,C([C@@H](C)O)C[C@](C)1C(C(C)C)CC[C@](C)2[C@](C)3C(CCC12)C1[C@H](C(=C)C)CC[C@@]1(CC3)C
Betulin,,,,C32H56O2,C([C@@H](C)O)C[C@](C)1C(C(C)C)CC[C@](C)2[C@](C)3C(CCC12)C1[C@H](C(=C)C)CC[C@@]1([C@@H](CO)C3)C
Erythrodiol,,,,C31H52O2,[C@@H](O)1CC[C@@](C)2C3CC=C4C5[C@](C)(CC[C@@](C)(C)C5)[C@@H](CO)C[C@]4([C@]3(C)CCC2[C@]1(C)C)C
N-Methylcoclaurine,,,,C18H23NO3,C1=C(O)C=CC(CC2N(C)CCC3C=C(OC)C(O)=CC23)=C1
3-dehydroxy-andrographoide,,,,C20H30O4,[H][C@@]1([C@](C)2[C@]([H])(CCC1=C)[C@](CO)(CCC2)C)C/C=C1/C(=O)OC[C@H]/1O
19-hydroxy-ent-copalol,,,,C20H34O2,[H][C@@]1([C@](C)2[C@]([H])(CCC1=C)[C@](CO)(CCC2)C)CC/C(/C)=C/CO
"ent-8(17),13-diene-15,16,19-triol",,,,C20H34O3,[H][C@@]1([C@](C)2[C@]([H])(CCC1=C)[C@](CO)(CCC2)C)CC/C(/CO)=C/CO
"ent-labda-8(17),13-dien-15,19-diol-16-enal",,,,C20H32O3,[H][C@@]1([C@](C)2[C@]([H])(CCC1=C)[C@](CO)(CCC2)C)CC/C(/C=O)=C/CO
"(2E,4E)-5-(benzo[d][1,3]dioxol-5-yl)-1-(hexahydropyridin-1-yl)penta-2,4-dien-1-one",,,,C17H19NO3,O=C(/C=C/C=C/C1C=C2C(=CC=1)OCO2)N1CCCCC1
7-demethylsuberosin,,,,C14H14O3,O1C(C=CC2=CC(=C(C=C12)O)C/C=C(\C)/C)=O
"(1S,3E,5R,10E,11S,14S,15R,16S)-5-hydroxy-9,13,14-trimethyl-16-(2-methylpropyl)-17-azatricyclo[13.3.0.01,11]octadeca-3,9,12-triene-2,18-dione",,,,C24H35NO3,O[C@H]1/C=C/C(=O)[C@@]23C(N[C@H]([C@@H]2[C@H](C)C(=C[C@@H]3/C=C(\C)/CCC1)C)CC(C)C)=O
"4,6-dihydroxy-2-(hydroxymethyl)-3-methylbenzene-1-carbaldehyde",,,,C9H10O4,[H]C(C1C(CO)=C(C)C(=CC=1O)O)=O
Germacrene A acid,,,,C15H22O2,OC(C(=C)[C@H]1C/C=C(/CC/C=C(/CC1)\C)\C)=O
4-oxobedfordia acid,,,,C15H22O3,O=C(C)CC/C1/[C@H](CC[C@@H](C(=C)C(=O)O)C\C=1)C
Tomentosin,,,,C15H20O3,O=C(C)CC/C1/[C@H](C[C@@H]2[C@H](C\C=1)C(=C)C(O2)=O)C
(+)-bicyclogermacrene,,,,C15H24,C/C1/CC/C=C(/CC[C@H]2C(C)(C)[C@H]2/C=1)\C
"(1S,2S,11S,12S,14R,15R,16S,20R)-14-hydroxy-2,6,6,12,16,20-hexamethyl-19-methylidene-7,13,17,22-tetraoxaheptacyclo[9.7.3.112,15.01,15.02,11.014,20.05,10]docosa-4,9-diene-8,18-dione",,,,C25H28O7,[C@@]123O[C@]4(O[C@]1(O)[C@@](C)1C[C@@]44[C@](C)(CC=C5C4=CC(OC5(C)C)=O)[C@]2(C1=C)C(=O)O[C@H]3C)C
Beta-Ionone,,,,C13H20O,O=C(C)/C=C/C1[C@@](C)(CCCC=1C)C
"2-[({2-[(1S,11S,28S,42S)-8-[(1Z)-ethylidene]-20,42-dihydroxy-11-[(1R)-1-hydroxyethyl]-51-methyl-3,10,13,31,41,48-hexaoxo-2,9,12,22,33,49,52,53,54,55-decaza-40-oxa-6,16,26,30,45-pentathianonacyclo[26.15.6.232,38.144,47.124,27.14,7.114,17.034,50.018,23]pentapentaconta-4(5),7(55),14(15),17(54),18(23),19,21,24(25),27(53),32(51),34(35),36,38(50),44(52),46-pentadecaen-21-yl]-1,3-thiazol-4-yl}carbonyl)amino]prop-2-enamide",,,,C51H43N13O12S6,N1/C(/C2SC=C(C(N[C@H]3C[C@@H](C(OCC4C5C(C)=C(C(SC[C@@H](C6SC=C(C7C(C8SC=C(C(N[C@H](C1=O)[C@@H](C)O)=O)N=8)=CC(=C(C1SC=C(C(=O)NC(=C)C(=O)N)N=1)N=7)O)N=6)NC(C1=CSC3=N1)=O)=O)NC=5C=CC=4)=O)O)=O)N=2)=C\C
"5Alpha-acetoxy-4,20-ene",,,,C7H12O2,O(C(C)=O)[C@H](C(=C)C)C
"2-[(1S)-1-hydroxy-3-methylbut-2-enyl]benzene-1,4-diol",,,,C11H14O3,OC1C=CC(=CC=1[C@H](/C=C(/C)\C)O)O
"2-[(1S)-1-hydroxyprop-2-enyl]benzene-1,4-diol",,,,C9H10O3,OC1C=CC(=CC=1[C@H](C=C)O)O
"(3S,5R,8E,12R,13R,16S)-5,9,12,13,16-pentamethyl-4-oxatricyclo[10.3.1.03,5]hexadeca-1(15),8-dien-2-one",,,,C20H30O2,O1[C@@H]2C(=O)C3[C@@H](C)[C@@](C)([C@@H](CC=3)C)CC/C(/C)=C/CC[C@@]12C
"(3S,5R,8E,12R,13R)-5,9,12,13-tetramethyl-16-methylidene-4-oxatricyclo[10.3.1.03,5]hexadeca-1(15),8-dien-2-one",,,,C20H28O2,O1[C@@H]2C(=O)C3C(=C)[C@@](C)([C@@H](CC=3)C)CC/C(/C)=C/CC[C@@]12C
"3-{6-[(2Z,5R,7S)-5,7-dimethylnon-2-en-2-yl]-5-methyl-3,4,5,6-tetrahydro-2H-pyran-2-yl}-4-hydroxy-5-(4-hydroxyphenyl)-1-methyl-1,2-dihydropyridin-2-one",,,,C29H41NO4,C([H])(/C(=C\C[C@H](C)C[C@@H](C)CC)/C)1C([H])(CCC(C2=C(C(C3C=CC(=CC=3)O)=CN(C)C2=O)O)([H])O1)C
"3-{6-[(2Z,5R,7S)-5,7-dimethylnon-2-en-2-yl]-5-methyl-3,4,5,6-tetrahydro-2H-pyran-2-yl}-4-hydroxy-5-(1-hydroxy-4-oxocyclohexyl)-1-methyl-1,2-dihydropyridin-2-one",,,,C29H44NO5,C([H])(/C(=C\C[C@H](C)C[C@@H](C)CC)/C)1C([H])(CCC(C2=C(C(C(O)3CCC(CC3)=O)=CN(C)C2=O)O)([H])O1)C
,,,2899263-88-6,C17H22BrNO,O=C(N(CC=CC1CC1)CC=2C=CC=CC2)C(Br)(C)C
,,,2983492-22-2,C18H18N2O8S2,O=C1NC2C(=O)N3OC4C(O)C=CC(O)C4(O)CC13SSC2C=5C=CC=C(O)C5O
,,,2983492-23-3,C19H20N2O9S2,O=C1NC2C(=O)N3OC4C(O)C=CC(O)C4(O)CC13SSC2C5=CC=C(OC)C(O)=C5O
,,,2983492-26-6,C18H16N2O6S2,O=C1NC2C(=O)N3OC4C(=CC=CC4O)CC13SSC2C=5C=CC=C(O)C5O
,,,2983492-27-7,C19H18N2O7S2,O=C1NC2C(=O)N3OC4C(=CC=CC4O)CC13SSC2C5=CC=C(OC)C(O)=C5O
,,,2983492-28-8,C20H20N2O7S2,O=C1NC2C(=O)N3OC4C(=CC=CC4O)CC13SSC2C5=CC=C(OC)C(OC)=C5O
,,,2983492-35-7,C19H16N2O8S2,O=C1NC23OC4=C(O)C(OC)=CC=C4C3SSC15N(OC6C(O)C=CC7OC76C5)C2=O
,,,2983492-36-8,C20H18N2O7S2,O=C1NC23OC4=C(OC)C(OC)=CC=C4C3SSC15N(OC6C(=CC=CC6O)C5)C2=O
,,,2983492-37-9,C20H18N2O8S2,O=C1NC23OC4=C(OC)C(OC)=CC=C4C3SSC15N(OC6C(O)C=CC7OC76C5)C2=O
,,,2983492-45-9,C18H16N2O7S2,O=C1NC2C(=O)N3OC4C(=CC=CC4O)CC13SSC2C5=CC=C(O)C(O)=C5O
,,,2983492-46-0,C18H18N2O9S2,O=C1NC2C(=O)N3OC4C(O)C=CC(O)C4(O)CC13SSC2C5=CC=C(O)C(O)=C5O
,,,2983492-51-7,C18H14N2O6S2,O=C1NC23OC=4C(O)=CC=CC4C3SSC15N(OC6C(=CC=CC6O)C5)C2=O
,,,2983492-52-8,C19H16N2O7S2,O=C1NC23OC4=C(O)C(OC)=CC=C4C3SSC15N(OC6C(=CC=CC6O)C5)C2=O
,,,2983492-66-4,C18H14N2O7S2,O=C1NC23OC4=C(O)C(O)=CC=C4C3SSC15N(OC6C(=CC=CC6O)C5)C2=O
,,,2983492-79-9,C19H18N2O8S2,O=C1NC2C(=O)N3OC4C(O)C=CC5OC54CC13SSC2C6=CC=C(OC)C(O)=C6O
"(1S,4R,5S,10S,11R,12R,14S,15S)-19-ethyl-15-hydroxy-5-methyl-18-methylideneheptacyclo[12.2.2.25,9.09,11.01,12.04,11.010,16]icosan-19-yl",,,,C24H33O,[H][C@]12CC[C@@]34C5[C@@H]6[C@]1(C61CCC[C@@]2(C)C[C]1CC)[C@@]3(C[C@@H](C(=C)C4)[C@@H]5O)[H]
"(4S,6R,8R)-4,6,8-Trimethyldecanoic acid",,,881994-90-7,C13H26O2,O=C(O)CCC(C)CC(C)CC(C)CC
"(2R,4R,6R)-1-Chloro-2,4,6-trimethyloctane",,,911819-46-0,C11H23Cl,ClCC(C)CC(C)CC(C)CC
3-Chloropropyl benzeneacetate,,,80638-94-4,C11H13ClO2,O=C(OCCCCl)CC=1C=CC=CC1
seco-Cryptophycin 4 SNAC-thioester,,,924905-98-6,C39H53N3O8S,O=C(C=CCC(O)C(C=CC=1C=CC=CC1)C)NC(C(=O)NCC(C(=O)OC(C(=O)SCCNC(=O)C)CC(C)C)C)CC2=CC=C(OC)C=C2
3-Methyl-O-(methyl-d3)-D-tyrosine,,,924906-21-8,C11H12D3NO3,O=C(O)C(N)CC1=CC=C(OC)C(=C1)C
3-Fluoro-O-(methyl-d3)-D-tyrosine,,,924906-19-4,C10H9D3FNO3,O=C(O)C(N)CC1=CC=C(OC)C(F)=C1
"(alphaR)-alpha-Amino-1,3-benzodioxole-2,2-d2-5-propanoic acid",,,924906-20-7,C10H9D2NO4,O=C(O)C(N)CC1=CC=C2OCOC2=C1
N-Methyl-D-leucyl-D-tyrosyl-L-asparaginyl-(2R)-2-(4-hydroxyphenyl)glycyl-(2R)-2-(4-hydroxyphenyl)glycylthio-L-tyrosine,,,847549-75-1,C45H53N7O11S,O=C(N)CC(NC(=O)C(NC(=O)C(NC)CC(C)C)CC1=CC=C(O)C=C1)C(=O)NC(C(=O)NC(C(=O)NC(C(=O)S)CC2=CC=C(O)C=C2)C3=CC=C(O)C=C3)C4=CC=C(O)C=C4
"N-Benzoyl-cis-2,6-dimethylpiperidine",,,17037-71-7,C14H19NO,O=C(C=1C=CC=CC1)N2C(C)CCCC2C
"Pregn-5-en-20-one-20-14C, 3beta-hydroxy-",,,20987-18-2,C21H32O2,O=C(C)C1CCC2C3CC=C4CC(O)CCC4(C)C3CCC12C
"rel-[(1R,2S)-2-(1-Methylethyl)cyclopropyl]benzene",,,72359-62-7,C12H16,C=1C=CC(=CC1)C2CC2C(C)C
"rel-1-[(1R,2R)-2-Ethylcyclopropyl]-4-(trifluoromethyl)benzene",,,212515-14-5,C12H13F3,FC(F)(F)C1=CC=C(C=C1)C2CC2CC
"rel-[(1R,2R)-2-Ethylcyclopropyl]benzene",,,30627-64-6,C11H14,C=1C=CC(=CC1)C2CC2CC
"2,6-Octadien-8-d-8-t-1-ol, 3,7-dimethyl-, [R-(E,E)]-",,,124895-31-4,C10H16DOT,OCC=C(C)CCC=C(C)C
Ethyl-1-dbenzene,,,1861-02-5,C8H9D,C=1C=CC(=CC1)CC
6-Methoxy-2-methyltryptophan,,,1989669-70-6,C13H16N2O3,O=C(O)C(N)CC=1C=2C=CC(OC)=CC2NC1C
"6-Methoxy-1,2-dimethyltryptophan",,,1989670-15-6,C14H18N2O3,O=C(O)C(N)CC=1C=2C=CC(OC)=CC2N(C1C)C
"Tryptophan, 7-hydroxy-1-methyl-",,,2103292-03-9,C12H14N2O3,O=C(O)C(N)CC1=CC=2C=CC=C(O)C2N1C
"Tryptophan, 6-chloro-1-methyl-",,,2103525-26-2,C12H13ClN2O2,O=C(O)C(N)CC1=CC=2C=CC(Cl)=CC2N1C
"alpha,6-Diamino-1-methyl-1H-indole-3-propanal",,,2225849-84-1,C12H15N3O,O=CC(N)CC1=CN(C=2C=C(N)C=CC21)C
alpha-Amino-6-hydroxy-1-methyl-1H-indole-3-propanal,,,2225849-85-2,C12H14N2O2,O=CC(N)CC1=CN(C=2C=C(O)C=CC21)C
alpha-Amino-5-chloro-2-methyl-1H-indole-3-propanal,,,2225849-86-3,C12H13ClN2O,O=CC(N)CC=1C=2C=C(Cl)C=CC2NC1C
"alpha-Amino-1,2,5-trimethyl-1H-indole-3-propanal",,,2225849-87-4,C14H18N2O,O=CC(N)CC=1C=2C=C(C=CC2N(C1C)C)C
"alpha-Amino-6-fluoro-1,2-dimethyl-1H-indole-3-propanal",,,2225849-90-9,C13H15FN2O,O=CC(N)CC=1C=2C=CC(F)=CC2N(C1C)C
"alpha-Amino-5-chloro-1,2-dimethyl-1H-indole-3-propanal",,,2225849-93-2,C13H15ClN2O,O=CC(N)CC=1C=2C=C(Cl)C=CC2N(C1C)C
"alpha-Amino-5-bromo-1,2-dimethyl-1H-indole-3-propanal",,,2225849-97-6,C13H15BrN2O,O=CC(N)CC=1C=2C=C(Br)C=CC2N(C1C)C
"alpha-Amino-5-methoxy-1,2-dimethyl-1H-indole-3-propanal",,,2225850-01-9,C14H18N2O2,O=CC(N)CC=1C=2C=C(OC)C=CC2N(C1C)C
"alpha,5-Diamino-1,2-dimethyl-1H-indole-3-propanal",,,2225850-03-1,C13H17N3O,O=CC(N)CC=1C=2C=C(N)C=CC2N(C1C)C
"alpha-Amino-5-hydroxy-1,2-dimethyl-1H-indole-3-propanal",,,2225850-07-5,C13H16N2O2,O=CC(N)CC=1C=2C=C(O)C=CC2N(C1C)C
"alpha-Amino-1,2-dimethyl-5-phenyl-1H-indole-3-propanal",,,2225850-11-1,C19H20N2O,O=CC(N)CC=1C2=CC(=CC=C2N(C1C)C)C=3C=CC=CC3
"alpha-Amino-5-cyclopropyl-1,2-dimethyl-1H-indole-3-propanal",,,2225850-13-3,C16H20N2O,O=CC(N)CC=1C=2C=C(C=CC2N(C1C)C)C3CC3
"alpha-Amino-1,2-dimethyl-5-(4-morpholinyl)-1H-indole-3-propanal",,,2225850-15-5,C17H23N3O2,O=CC(N)CC=1C=2C=C(C=CC2N(C1C)C)N3CCOCC3
"alpha-Amino-1,2-dimethyl-5-(methylthio)-1H-indole-3-propanal",,,2225850-17-7,C14H18N2OS,O=CC(N)CC=1C=2C=C(SC)C=CC2N(C1C)C
"alpha-Amino-1,2-dimethyl-5-(4-pyridinyl)-1H-indole-3-propanal",,,2225850-19-9,C18H19N3O,O=CC(N)CC=1C2=CC(=CC=C2N(C1C)C)C=3C=CN=CC3
"2-Oxa-7,9-diazabicyclo[4.2.2]decane-8,10-dione, 5-methyl-1-[(1S,2S)-1,2,3-trihydroxy-2-methylpropyl]-, (1S,6S)- (ACI)",,,2209859-95-8,C12H20N2O6,O=C1NC2(OCCC(C)C1NC2=O)C(O)C(O)(C)CO
"1H-1,2,3-Triazole-1-acetic acid, 4-[(diethylamino)methyl]-alpha-methyl-, (4E,6S,7S)-7-methyl-12-oxooxacyclododec-4-en-6-yl ester, (alphaR)- (ACI)",,,2148928-87-2,C22H36N4O4,O=C1OCCC=CC(OC(=O)C(N2N=NC(=C2)CN(CC)CC)C)C(C)CCCC1
"Benzoic acid, 4-[4-[(dimethylamino)methyl]-1H-1,2,3-triazol-1-yl]-, (3R,12S,13S)-12-methyl-7-oxo-1,6-dioxaspiro[2.10]tridec-13-yl ester (ACI)",,,2148925-93-1,C24H32N4O5,O=C(OC1C(C)CCCCC(=O)OCCC21OC2)C3=CC=C(C=C3)N4N=NC(=C4)CN(C)C
"Benzoic acid, 4-[4-[(dimethylamino)methyl]-1H-1,2,3-triazol-1-yl]-, (4E,6S,7S)-7-methyl-12-oxooxacyclododec-4-en-6-yl ester (ACI)",,,2148920-28-7,C24H32N4O4,O=C(OC1C=CCCOC(=O)CCCCC1C)C2=CC=C(C=C2)N3N=NC(=C3)CN(C)C
"1H-1,2,3-Triazole-1-acetic acid, 4-[(dimethylamino)methyl]-alpha-methyl-, (5S,6S)-6-methyl-4-methylene-11-oxo-5-oxacycloundecyl ester, (alphaR)- (ACI)",,,2149610-51-3,C20H32N4O4,O=C1OCCC(=C)C(OC(=O)C(N2N=NC(=C2)CN(C)C)C)C(C)CCCC1
,,,2112731-60-7,C55H55N15O10S6,O=C(NC(C1=NC(=CS1)C(=O)NC(C(=O)N)C)C)C=2N=C(SC2)C=3N=C(SC3)C(=C)NC(=O)C(NC(=O)C=4N=C(SC4)C(NC(=O)C=5N=C(SC5)C(NC(=O)C=6N=C(SC6)C(NC(=O)C)C)CC(=O)NC)CC=7C=CC=CC7)CC8=CC=C(O)C=C8
,,,2112731-63-0,C50H46N14O8S6,O=C1NC(=C)C2=NC(=CS2)C(=O)NC(C(=O)NC(C3=NC(=CS3)C4=NC(=CS4)C=5N=C(C=CC5C6=NC(=CS6)C(=O)NC(C7=NC1=CS7)CC(=O)NC)C8=NC(=CS8)C(=O)NC(C(=O)N)C)C(C)CC)CC9=CC=C(O)C=C9
,,,2112731-70-9,C58H59N15O10S6,O=C(NC(=C)C1=NC(=CS1)C(=O)NC(C(=O)N)C)C=2N=C(SC2)C=3N=C(SC3)C(NC(=O)C(NC(=O)C=4N=C(SC4)C(NC(=O)C=5N=C(SC5)C(NC(=O)C=6N=C(SC6)C(=C)NC(=O)C)CC(=O)NC)CC=7C=CC=CC7)CC8=CC=C(O)C=C8)C(C)CC
,,,2112731-62-9,C55H51N15O10S6,O=C(NC(=C)C1=NC(=CS1)C(=O)NC(C(=O)N)C)C=2N=C(SC2)C=3N=C(SC3)C(=C)NC(=O)C(NC(=O)C=4N=C(SC4)C(NC(=O)C=5N=C(SC5)C(NC(=O)C=6N=C(SC6)C(=C)NC(=O)C)CC(=O)NC)CC=7C=CC=CC7)CC8=CC=C(O)C=C8
,,,2112731-71-0,C52H53N15O10S6,O=C(NC(=C)C1=NC(=CS1)C(=O)NC(C(=O)N)C)C=2N=C(SC2)C=3N=C(SC3)C(NC(=O)C(NC(=O)C=4N=C(SC4)C(=C)NC(=O)C=5N=C(SC5)C(NC(=O)C=6N=C(SC6)C(=C)NC(=O)C)CC(=O)NC)CC7=CC=C(O)C=C7)C(C)CC
,,,2095378-36-0,C79H85Cl2N14O30P3S,O=C(SCCNC(=O)CCNC(=O)C(O)C(C)(C)COP(=O)(O)OP(=O)(O)OCC1OC(N2C=NC=3C(=NC=NC32)N)C(O)C1OP(=O)(O)O)C(NC(=O)C4NC(=O)C(NC(=O)C(NC(=O)C(NC(=O)C(NC(=O)C(N)C5=CC=C(O)C=C5)CC6=CC=C(O)C(Cl)=C6)C7=CC=C(O)C=C7)C8=CC=C(O)C(OC9=CC=C(C=C9Cl)C4)=C8)C%10=CC=C(O)C=C%10)C%11=CC=C(O)C=C%11
"rel-2,2,2-Trifluoro-1-[(3aR,6aS)-hexahydrocyclopenta[c]pyrrol-2(1H)-yl]ethanone (ACI)",,,1378872-16-2,C9H12F3NO,C(C(F)(F)F)(=O)N1C[C@]2([C@@](C1)(CCC2)[H])[H]
trans-4-Methylcyclohexane-1-carboxylic acid,,,13064-83-0,C8H14O2,C(O)(=O)[C@H]1CC[C@H](C)CC1
"3-[(2E,6E)-9-Hydroxy-3,7,11-trimethyl-2,6,10-dodecatrien-1-yl]-2-methyl-4(1H)-quinolinone",,,1528792-39-3,C25H33NO2,O=C1C=2C(NC(C)=C1C/C=C(/CC/C=C(/CC(C=C(C)C)O)\C)\C)=CC=CC2
Methyl 3-(azidosulfonyl)-4-(1-methylpropyl)benzoate,,,1538555-59-7,C12H15N3O4S,[N-]=[N+]=NS(=O)(=O)C1=CC(=CC=C1C(C)CC)C(=O)OC
2-(1-Methylethyl)benzenesulfonyl azide,,,1538555-56-4,C9H11N3O2S,[N-]=[N+]=NS(=O)(=O)C=1C=CC=CC1C(C)C
Methyl 3-(azidosulfonyl)-4-(1-methylethyl)benzoate,,,1538555-58-6,C11H13N3O4S,[N-]=[N+]=NS(=O)(=O)C1=CC(=CC=C1C(C)C)C(=O)OC
Methyl 3-(azidosulfonyl)-4-cyclopentylbenzoate,,,1538555-60-0,C13H15N3O4S,[N-]=[N+]=NS(=O)(=O)C1=CC(=CC=C1C2CCCC2)C(=O)OC
Methyl 3-(azidosulfonyl)-4-cyclohexylbenzoate,,,1538555-63-3,C14H17N3O4S,[N-]=[N+]=NS(=O)(=O)C1=CC(=CC=C1C2CCCCC2)C(=O)OC
"2,5-Bis(1-methylethyl)benzenesulfonyl azide",,,959604-89-8,C12H17N3O2S,[N-]=[N+]=NS(=O)(=O)C1=CC(=CC=C1C(C)C)C(C)C
"(3beta)-3-[[(2S,4R)-4-(3-Chlorophenyl)-2-oxido-1,3,2-dioxaphosphorinan-2-yl]oxy]olean-12-en-28-oic acid",,,1894181-61-3,C39H56ClO6P,C[C@]12[C@@]3(C)C([C@]4([C@@](C(O)=O)(CC3)CCC(C)(C)C4)[H])=CC[C@@]1([C@]5(C)[C@@](CC2)(C(C)(C)[C@@H](OP6(=O)O[C@H](CCO6)C7=CC(Cl)=CC=C7)CC5)[H])[H]
"4-(acetoxyamino)-3-[(2Z)-3-(hydroxymethyl)-6,7-dimethylocta-2,6-dienyl]benzoic acid",,,,C20H27NO5,O=C(C)ONC1=C(C=C(C=C1)C(O)=O)C/C=C(\CO)/CC/C(=C(\C)/C)/C
"4-(acetoxyamino)-3-[(2E)-3-ethyl-6,7-dimethylocta-2,6-dienyl]benzoic acid",,,,C21H29NO4,O=C(ONC1C=CC(C(=O)O)=CC=1C/C=C(/CC/C(/C)=C(\C)/C)\CC)C
"(3S,8aS)-3-[(6-Fluoro-1H-indol-3-yl)methyl]hexahydropyrrolo[1,2-a]pyrazine-1,4-dione",,,2313221-40-6,C16H16FN3O2,C(C=1C=2C(NC1)=CC(F)=CC2)[C@H]3C(=O)N4[C@](C(=O)N3)(CCC4)[H]
"(3S,8aS)-3-[(6-Chloro-1H-indol-3-yl)methyl]hexahydropyrrolo[1,2-a]pyrazine-1,4-dione",,,2313221-46-2,C16H16ClN3O2,C(C=1C=2C(NC1)=CC(Cl)=CC2)[C@H]3C(=O)N4[C@](C(=O)N3)(CCC4)[H]
"5,8-Dihydroxy-2-(4-methyl-3-penten-1-yl)-1,4-naphthalenedione",,,43043-74-9,C16H16O4,O=C1C=C(C(=O)C=2C(O)=CC=C(O)C12)CCC=C(C)C
"3a,6,6,9a,11a-pentamethyl-1-(6-methylhept-5-en-2-yl)-2,3,3a,5,5a,6,7,8,9,9a,9b,10,11,11a-tetradecahydro-1H-cyclopenta[1,2-a]phenanthren-7-ol",,,2923581-93-3,C30H50O,CC(CC/C=C(\C)/C)C1CCC(C)2C3=CCC4C(C)(C)C(CCC4(C)C3CCC12C)O
"N-[(6S,9S,12S)-6-{[(2S)-2-aminopropanoyl]amino}-1-amino-1-azanylidene-9-[(4-hydroxyphenyl)methyl]-12-(2-methylpropyl)-7,10,13-trioxo-2,8,11-triazatridec-13-yl]-L-histidine",,,2951912-74-4,C30H46N10O7,[C@H](CC1=CC=C(O)C=C1)(C(N[C@H](C(N[C@@H](CC2=CN=CN2)C(O)=O)=O)CC(C)C)=O)NC([C@@H](NC([C@H](C)N)=O)CCCNC(=N)N)=O
"N-[(4R,9S,12S)-1,4-diamino-1-azanylidene-9-[(4-hydroxyphenyl)methyl]-12-(2-methylpropyl)-7,10,13-trioxo-2,8,11-triazatridec-13-yl]-L-histidine",,,2951913-03-2,C27H41N9O6,[C@H](CC1=CC=C(O)C=C1)(C(N[C@H](C(N[C@@H](CC2=CN=CN2)C(O)=O)=O)CC(C)C)=O)NC([C@H](CCCNC(=N)N)N)=O
"N-[(6S,9S,12S)-6-{[(2S)-2-amino-4-[methyl(oxo)-4-sulfanyl]-1-oxobutyl]amino}-1-amino-1-azanylidene-9-[(4-hydroxyphenyl)methyl]-12-(2-methylpropyl)-7,10,13-trioxo-2,8,11-triazatridec-13-yl]-L-histidine",,,2951913-28-1,C32H50N10O8S,[C@@H](CC1=CC=C(O)C=C1)(NC([C@@H](NC([C@H](CCS(C)=O)N)=O)CCCNC(=N)N)=O)C(N[C@H](C(N[C@@H](CC2=CN=CN2)C(O)=O)=O)CC(C)C)=O
L-Methionyl-L-seryl-L-tyrosyl-L-leucyl-L-histidine,,,1810850-19-1,C29H43N7O8S,[C@H](CC1=CC=C(O)C=C1)(C(N[C@H](C(N[C@@H](CC2=CN=CN2)C(O)=O)=O)CC(C)C)=O)NC([C@@H](NC([C@H](CCSC)N)=O)CO)=O
"N-[(5S,8S,11S,14S)-5-amino-8-(carbamoylmethyl)-11-[(4-hydroxyphenyl)methyl]-14-(2-methylpropyl)-6,9,12,15-tetraoxo-2-thia-7,10,13-triazapentadec-15-yl]-L-histidine",,,2951912-75-5,C30H44N8O8S,[C@H](CC1=CC=C(O)C=C1)(C(N[C@H](C(N[C@@H](CC2=CN=CN2)C(O)=O)=O)CC(C)C)=O)NC([C@@H](NC([C@H](CCSC)N)=O)CC(N)=O)=O
"N-[(5S,8S,11S,14S)-5-amino-14-(carboxymethyl)-8-(hydroxymethyl)-11-[(4-hydroxyphenyl)methyl]-6,9,12,15-tetraoxo-2-thia-7,10,13-triazapentadec-15-yl]-L-histidine",,,2951912-76-6,C27H37N7O10S,[C@H](CC1=CC=C(O)C=C1)(C(N[C@H](C(N[C@@H](CC2=CN=CN2)C(O)=O)=O)CC(O)=O)=O)NC([C@@H](NC([C@H](CCSC)N)=O)CO)=O
"N-[(5S,8S,11S,14S)-14-(1H-indol-3-ylmethyl)-5-amino-8-(3-{[amino(azanylidene)methyl]amino}propyl)-11-[(4-hydroxyphenyl)methyl]-6,9,12,15-tetraoxo-2-thia-7,10,13-triazapentadec-15-yl]-L-histidine",,,2951912-77-7,C37H49N11O7S,C([C@H](NC([C@H](CC1=CC=C(O)C=C1)NC([C@@H](NC([C@H](CCSC)N)=O)CCCNC(=N)N)=O)=O)C(N[C@@H](CC2=CN=CN2)C(O)=O)=O)C=3C=4C(NC3)=CC=CC4
"N-[(5S,8S,11S,14S)-5-amino-8-(3-{[amino(azanylidene)methyl]amino}propyl)-14-(carboxymethyl)-11-[(4-hydroxyphenyl)methyl]-6,9,12,15-tetraoxo-2-thia-7,10,13-triazapentadec-15-yl]-L-histidine",,,2951912-78-8,C30H44N10O9S,[C@@H](CC1=CC=C(O)C=C1)(NC([C@@H](NC([C@H](CCSC)N)=O)CCCNC(=N)N)=O)C(N[C@H](C(N[C@@H](CC2=CN=CN2)C(O)=O)=O)CC(O)=O)=O
"N-[(5S,8S,11S,14S)-5-amino-8-(3-{[amino(azanylidene)methyl]amino}propyl)-14-(aminomethyl)-11-[(4-hydroxyphenyl)methyl]-6,9,12,15-tetraoxo-2-thia-7,10,13-triazapentadec-15-yl]-L-histidine",,,2951912-79-9,C29H45N11O7S,[C@@H](CC1=CC=C(O)C=C1)(NC([C@@H](NC([C@H](CCSC)N)=O)CCCNC(=N)N)=O)C(N[C@H](C(N[C@@H](CC2=CN=CN2)C(O)=O)=O)CN)=O
"N-[(5S,8S,11S,14S)-5-amino-8-(3-{[amino(azanylidene)methyl]amino}propyl)-14-(hydroxymethyl)-11-[(4-hydroxyphenyl)methyl]-6,9,12,15-tetraoxo-2-thia-7,10,13-triazapentadec-15-yl]-L-histidine",,,2951912-80-2,C29H44N10O8S,[C@@H](CC1=CC=C(O)C=C1)(NC([C@@H](NC([C@H](CCSC)N)=O)CCCNC(=N)N)=O)C(N[C@H](C(N[C@@H](CC2=CN=CN2)C(O)=O)=O)CO)=O
"N-[(5S,8S,11S,14R)-5-amino-8-(3-{[amino(azanylidene)methyl]amino}propyl)-11-[(4-hydroxyphenyl)methyl]-6,9,12,15-tetraoxo-14-(sulfanylmethyl)-2-thia-7,10,13-triazapentadec-15-yl]-L-histidine",,,2951912-81-3,C29H44N10O7S2,[C@@H](CC1=CC=C(O)C=C1)(NC([C@@H](NC([C@H](CCSC)N)=O)CCCNC(=N)N)=O)C(N[C@H](C(N[C@@H](CC2=CN=CN2)C(O)=O)=O)CS)=O
"N-[(5S,8S,11S,14S)-5-amino-8-(3-{[amino(azanylidene)methyl]amino}propyl)-11-[(4-hydroxyphenyl)methyl]-6,9,12,15-tetraoxo-14-(prop-2-ynyl)-2-thia-7,10,13-triazapentadec-15-yl]-L-histidine",,,2951912-82-4,C31H44N10O7S,[C@@H](CC1=CC=C(O)C=C1)(NC([C@@H](NC([C@H](CCSC)N)=O)CCCNC(=N)N)=O)C(N[C@H](C(N[C@@H](CC2=CN=CN2)C(O)=O)=O)CC#C)=O
"N-[(5S,8S,11S,14S)-5-amino-8-(3-{[amino(azanylidene)methyl]amino}propyl)-11-[(4-hydroxyphenyl)methyl]-6,9,12,15-tetraoxo-14-(prop-2-yl)-2-thia-7,10,13-triazapentadec-15-yl]-L-histidine",,,2951912-83-5,C31H48N10O7S,[C@@H](CC1=CC=C(O)C=C1)(NC([C@@H](NC([C@H](CCSC)N)=O)CCCNC(=N)N)=O)C(N[C@H](C(N[C@@H](CC2=CN=CN2)C(O)=O)=O)[C@@H](C)C)=O
"N-[(5S,8S,11S,14S)-5-amino-8-(3-{[amino(azanylidene)methyl]amino}propyl)-14-[(2S)-but-2-yl]-11-[(4-hydroxyphenyl)methyl]-6,9,12,15-tetraoxo-2-thia-7,10,13-triazapentadec-15-yl]-L-histidine",,,2951912-84-6,C32H50N10O7S,[C@H](CC1=CC=C(O)C=C1)(C(N[C@H](C(N[C@@H](CC2=CN=CN2)C(O)=O)=O)[C@H](CC)C)=O)NC([C@@H](NC([C@H](CCSC)N)=O)CCCNC(=N)N)=O
"N-[(5S,8S,11S,14S)-5-amino-8-(3-{[amino(azanylidene)methyl]amino}propyl)-11-[(4-hydroxyphenyl)methyl]-14-(2-methylpropyl)-6,9,12,15-tetraoxo-2-thia-7,10,13-triazapentadec-15-yl]-L-tryptophan",,,2951912-93-7,C37H53N9O7S,C([C@H](NC([C@@H](NC([C@H](CC1=CC=C(O)C=C1)NC([C@@H](NC([C@H](CCSC)N)=O)CCCNC(=N)N)=O)=O)CC(C)C)=O)C(O)=O)C=2C=3C(NC2)=CC=CC3
"N-[(5S,8S,11S)-5-amino-8-(3-{[amino(azanylidene)methyl]amino}propyl)-11-[(4-hydroxyphenyl)methyl]-6,9,12,15-tetraoxo-2-thia-7,10,13-triazapentadec-15-yl]-L-tryptophan",,,2951912-95-9,C33H45N9O7S,C([C@H](NC(CNC([C@H](CC1=CC=C(O)C=C1)NC([C@@H](NC([C@H](CCSC)N)=O)CCCNC(=N)N)=O)=O)=O)C(O)=O)C=2C=3C(NC2)=CC=CC3
"N-[(5S,8S,11S,14S)-5-amino-8-(3-{[amino(azanylidene)methyl]amino}propyl)-11-[(4-hydroxyphenyl)methyl]-14-methyl-6,9,12,15-tetraoxo-2-thia-7,10,13-triazapentadec-15-yl]-L-tryptophan",,,2951912-96-0,C34H47N9O7S,C([C@H](NC([C@@H](NC([C@H](CC1=CC=C(O)C=C1)NC([C@@H](NC([C@H](CCSC)N)=O)CCCNC(=N)N)=O)=O)C)=O)C(O)=O)C=2C=3C(NC2)=CC=CC3
"N-[(5S,8S,11S,14S)-8-(3-{[amino(azanylidene)methyl]amino}propyl)-5-(formylamino)-11-[(4-hydroxyphenyl)methyl]-14-(2-methylpropyl)-6,9,12,15-tetraoxo-2-thia-7,10,13-triazapentadec-15-yl]-L-histidine",,,2951913-26-9,C33H50N10O8S,[C@H](CC1=CC=C(O)C=C1)(C(N[C@H](C(N[C@@H](CC2=CN=CN2)C(O)=O)=O)CC(C)C)=O)NC([C@@H](NC([C@H](CCSC)NC=O)=O)CCCNC(=N)N)=O
"(2S)-3-(3H-imidazol-4-yl)-2-{[(5S,8S,11S,14S)-5-amino-8-(3-{[amino(azanylidene)methyl]amino}propyl)-11-[(4-hydroxyphenyl)methyl]-14-(2-methylpropyl)-6,9,12,15-tetraoxo-2-thia-7,10,13-triazapentadec-15-yl]amino}propanamide",,,2951913-27-0,C32H51N11O6S,[C@@H](CC1=CC=C(O)C=C1)(NC([C@@H](NC([C@H](CCSC)N)=O)CCCNC(=N)N)=O)C(N[C@H](C(N[C@@H](CC2=CN=CN2)C(N)=O)=O)CC(C)C)=O
"N-[(5S,8S,11S,14R)-5-amino-8-(3-{[amino(azanylidene)methyl]amino}propyl)-11-[(4-hydroxyphenyl)methyl]-6,9,12,15-tetraoxo-14-(5-oxo-4-aza-2-thiahex-1-yl)-2-thia-7,10,13-triazapentadec-15-yl]-L-histidine",,,2951913-29-2,C32H49N11O8S2,[C@H](CC1=CC=C(O)C=C1)(C(N[C@H](C(N[C@@H](CC2=CN=CN2)C(O)=O)=O)CSCNC(C)=O)=O)NC([C@@H](NC([C@H](CCSC)N)=O)CCCNC(=N)N)=O
6-Hydroxy-5-Keto-Casbene,,,,C28H30O2,
"6-Hydroxy-5,9-Diketocasbene",,,,C20H28O3,
"4Alpha-Methyl-Ergost-8,14,24(24°‰)-Trien-3Beta-Ol",,,,C29H46O,
22-Keto-26-Aminocholesterol,,,,C27H45NO2,
22-Oxo-26-Aminocholesterol,,,,C27H44O2,
Trans-Sabin-3-Ol,,,,C10H16O,
(S)-5-Hydroxydecanoicacid,,,,C10H20O3,
(Z)-Epi-Beta-Santalol,,,,C15H24O,
"16Alpha,22,26-Trihydroxycholesterol",,,,C26H44O3,
6Beta-Hydroxymaslinic Acid,,,,C30H48O5,
16Beta-Hydroxyoleanolic Acid,,,,C8H16O3,
11-Carbonyl-20Beta-Hydroxy-Cucurbitadienol,,,,C30H48O3,
heme b,,,,C34H30FeN4O4-2,C1=CC(=C[N+](=C1)[C@H]2[C@@H]([C@@H]([C@H](O2)COP(=O)(O)OP(=O)(O)OC[C@@H]3[C@H]([C@H]([C@@H](O3)N4C=NC5=C(N=CN=C54)N)OP(=O)(O)O)O)O)O)C(=O)N
14-Hydroxycostunolide,,,,C15H21O2,
10-Hydroxydihydrochelerythrine,,,,C21H19NO5,
"16S,22S-Dihydroxycholesterol",,,,C27H46O3,
1Alpha-Hydroxy-11-Deoxycorticosterone,,,,C21H30O4,
L-4-Nitrotryptophan,,,,C11H11N3O4,
C14 Primary Alcohol,,,,C14H30O,
C16 Primary Alcohol,,,,C16H34O,
C24 Primary Alcohol,,,,C24H50O,
C36 Primary Alcohol,,,,C36H74O,
"3-Hydroxyurs-12-En-23,28-Dioic Acid",,,,C30H46O5,
8-Cooh-Linalool,,,,C10H16O3,
"2-amino-3,8-dimethyl-5-hydroxyimidazo[4,5-f]quinoxaline",,,,C11H11N5O,
"(2-(hydroxyamino)-3-methyl-3H-imidazo[4,5-f]quinoxalin-8-yl)methanol",,,,C11H11N5O2,
"N-(1-methyl-6-phenyl-1H-imidazo[4,5-b]pyridin-2-yl)hydroxylamine",,,,C13H12N4O,
An Oxoeicosatetraenoate,,,,C20H29O3-,
Omega-Hydroxy-Phytanic Acid,,,,C20H40O3,
16-Carboxylated Ga12,,,,C20H28O4,
"Alpha,Omega-Dicarboxylic Acid",,,,C3H4O4,
"5Alpha,13Alpha-Dihydroxy Taxadience",,,,C20H32O2,
4OH-I3M,,,,C16H20N2O10S2,
"10,16-Dihydroxyhexadecanic acid",,,,C16H32O4,
"(3R,4aS,10aS)-5,6,10-trihydroxy-3,4a,7,7,10a-pentamethyl-3-vinyl-2,3,4a,5,6,6a,7,8,9,10,10a,10b-dodecahydro-1H-cyclohexa[1,2-f]chromen-1-one",,,,C20H32O5,C=C[C@@](C)1O[C@@]2(C(O)C(O)C3[C@](C(O)CCC3(C)C)(C2C(=O)C1)C)C
"4-{[(2E)-5-(3,3-dimethyloxiran-2-yl)-3-methylpent-2-enyl]oxy}-3,7-dihydro-2H-furo[3,2-g]chromen-7-one",,,,C21H24O5,C1C2=C(C=CC(O2)=O)C(=C2CCOC=12)OC/C=C(\C)/CCC1OC1(C)C
"4-[({3-[2-(3,3-dimethyloxiran-2-yl)ethyl]-3-methyloxiran-2-yl}methyl)oxy]-3,7-dihydro-2H-furo[3,2-g]chromen-7-one",,,,C21H24O6,C1C2=C(C=CC(O2)=O)C(=C2CCOC=12)OCC1OC1(C)CCC1OC1(C)C
"(4R,5R,9R,10R)-5-(hydroxymethyl)-5-methyl-16-methylidenetetracyclo[10.2.2.01,10.04,9]hexadecane-9-carboxylic acid",,,,C20H30O3,[C@]([H])12[C@](CCC[C@@]1(C)CO)(C(O)=O)[C@@]([H])1CC3CCC1(CC3=C)CC2
"(1S,2R,10R,11R,14R,18R)-14-methoxy-11-methyl-19-methylidene-13-oxapentacyclo[9.3.3.24,7.02,7.01,10]nonadecan-18-ol",,,,C21H32O3,[C@]([H])12[C@@]3(CCC[C@@]1(C)CO[C@H]3OC)[C@@]([H])1CC3CCC1([C@H](O)C3=C)CC2
11-Oxo-beta-amyrin,,,,C31H48O2,[C@](C)12CC[C@H](O)[C@](C)(C=C)[C@]1([H])CC[C@@](C)1[C@]2([H])C(=O)C=C2[C@@]([H])3C[C@@](C)(CC[C@@]3(CC[C@@]12C)C)C
"(5R)-4-hydroxy-3,5-dimethyl-5-[(1E)-2-methylbuta-1,3-dienyl]-2,5-dihydrothiophen-2-one",,,,C11H14O2S,O=C1C(C)=C([C@](/C=C(/C=C)\C)(C)S1)O
Corynoxeine,,,,C22H26N2O4,[H][C@@]12C[C@@]([C@](CN1CC[C@]21C(=O)NC2C1=CC=CC=2)(C=C)[H])(/C(=C\OC)/C(=O)OC)[H]
Rhynchophylline,,,,C22H28N2O4,[H][C@@]12C[C@@]([C@@](CC)(CN1CC[C@]21C(=O)NC2C1=CC=CC=2)[H])(/C(=C\OC)/C(=O)OC)[H]
"(6aS,11aS)-2-(propan-2-ylidene)-2,6,6a,11a-tetrahydro-1H-benzo[4,5]furo[3,2-c]furo[3,2-g]chromene-6a,9-diol",,,,C20H18O5,C12O/C(=C(/C)\C)/CC=1C=C1[C@@]([H])3OC4C=C(O)C=CC=4[C@]3(O)COC1=C2
16-OH lupeol,,,,C31H54O2,C([C@@H](C)O)C[C@](C)1C(C(C)C)CC[C@](C)2[C@](C)3C(CCC12)C1[C@H](C(=C)C)CC[C@@]1([C@@H](O)C3)C
Betulin acid,,,,C32H54O3,C([C@@H](C)O)C[C@](C)1C(C(C)C)CC[C@](C)2[C@](C)3C(CCC12)C1[C@H](C(=C)C)CC[C@@]1([C@@H](C(O)=O)C3)C
Oleanolic acid,,,,C31H50O3,[C@@H](O)1CC[C@@](C)2C3CC=C4C5[C@](C)(CC[C@@](C)(C)C5)[C@@H](C(O)=O)C[C@]4([C@]3(C)CCC2[C@]1(C)C)C
3°‰-OH-N-Methylcoclaurine,,,,C18H23NO4,C(O)1=C(O)C=CC(CC2N(C)CCC3C=C(OC)C(O)=CC23)=C1
3°‰-OH-Coclaurine,,,,C17H21NO4,C(O)1=C(O)C=CC(CC2NCCC3C=C(OC)C(O)=CC23)=C1
andrographoide,,,,C20H30O5,[H][C@@]1([C@](C)2[C@]([H])(CCC1=C)[C@](CO)([C@H](O)CC2)C)C/C=C1/C(=O)OC[C@H]/1O
"(2E,4E)-5-(3,4-dihydroxyphenyl)-1-(hexahydropyridin-1-yl)penta-2,4-dien-1-one",,,,C16H19NO3,O=C(/C=C/C=C/C1C=C(C(=CC=1)O)O)N1CCCCC1
"(1S,3E,5S,6R,10E,11S,14S,15R,16S)-5,6-dihydroxy-9,13,14-trimethyl-16-(2-methylpropyl)-17-azatricyclo[13.3.0.01,11]octadeca-3,9,12-triene-2,18-dione",,,,C24H35NO4,O[C@H]1/C=C/C(=O)[C@@]23C(N[C@H]([C@@H]2[C@H](C)C(=C[C@@H]3/C=C(\C)/CC[C@H]1O)C)CC(C)C)=O
"4,6-dihydroxy-3-methylbenzene-1,2-dicarbaldehyde",,,,C9H8O4,[H]C(C1C(C=O)=C(C)C(=CC=1O)O)=O
p-Hydroxyphenylacetaldoxime,,,,C8H9NO2,OC1C=CC(C/C=N/O)=CC=1
"(3S,5aS,10bS,11aS)-3-methyl-10b-[(3S,5aS,10bS,11aS)-3-methyl-1,4-dioxo-2,3,4,5a,6,10b,11,11a-octahydro-1H-pyrazino[2°‰,1°‰:5,1]pyrrolo[2,3-b]indol-10b-yl]-2,3,4,5a,6,10b,11,11a-octahydro-1H-pyrazino[2°‰,1°‰:5,1]pyrrolo[2,3-b]indole-1,4-dione",,,,C28H28N6O4,N1[C@@H](C)C(=O)[N@]2[C@H]3[C@](C[C@H]2C1=O)([C@@]12C[C@H]4C(=O)N[C@@H](C)C(=O)[N@]4[C@@H]1NC1C2=CC=CC=1)C1C(=CC=CC=1)N3
"(3S,5aS,10bS,11aS)-10b-[(3S,5aS,10bS,11aS)-1,4-dioxo-3-(prop-2-yl)-2,3,4,5a,6,10b,11,11a-octahydro-1H-pyrazino[2°‰,1°‰:5,1]pyrrolo[2,3-b]indol-10b-yl]-3-(prop-2-yl)-2,3,4,5a,6,10b,11,11a-octahydro-1H-pyrazino[2°‰,1°‰:5,1]pyrrolo[2,3-b]indole-1,4-dione",,,,C32H36N6O4,N1[C@@H]([C@H](C)C)C(=O)[N@]2[C@H]3[C@](C[C@H]2C1=O)([C@]12[C@H]([N@]4[C@@H](C1)C(=O)N[C@@H]([C@@H](C)C)C4=O)NC1C2=CC=CC=1)C1C(=CC=CC=1)N3
"(3S,5aS,10bS,11aS)-3-(2-methylpropyl)-10b-[(3S,5aS,10bS,11aS)-3-(2-methylpropyl)-1,4-dioxo-2,3,4,5a,6,10b,11,11a-octahydro-1H-pyrazino[2°‰,1°‰:5,1]pyrrolo[2,3-b]indol-10b-yl]-2,3,4,5a,6,10b,11,11a-octahydro-1H-pyrazino[2°‰,1°‰:5,1]pyrrolo[2,3-b]indole-1,4-dione",,,,C34H40N6O4,N1[C@@H](CC(C)C)C(=O)[N@]2[C@H]3[C@]([C@]45[C@H]([N@]6[C@@H](C4)C(=O)N[C@@H](CC(C)C)C6=O)NC4C5=CC=CC=4)(C4C(=CC=CC=4)N3)C[C@H]2C1=O
"(3S,5aS,10bS,11aR)-3-benzyl-10b-[(3S,5aS,10bS,11aS)-3-benzyl-1,4-dioxo-2,3,4,5a,6,10b,11,11a-octahydro-1H-pyrazino[2°‰,1°‰:5,1]pyrrolo[2,3-b]indol-10b-yl]-2,3,4,5a,6,10b,11,11a-octahydro-1H-pyrazino[2°‰,1°‰:5,1]pyrrolo[2,3-b]indole-1,4-dione",,,,C40H36N6O4,N1[C@@H](CC2C=CC=CC=2)C(=O)[N@]2[C@H]3[C@]([C@]45[C@H]([N@]6[C@H](C4)C(=O)N[C@@H](CC4C=CC=CC=4)C6=O)NC4C5=CC=CC=4)(C4C(=CC=CC=4)N3)C[C@H]2C1=O
8beta-hydroxy-4-oxobedfordia acid,,,,C15H22O4,O=C(C)CC/C1/[C@H](C[C@@H](O)[C@@H](C(=C)C(=O)O)C\C=1)C
2-hydroxytomentosin,,,,C15H20O4,O=C(C)CC(O)/C1/[C@H](C[C@@H]2[C@H](C\C=1)C(=C)C(O2)=O)C
"(1R,3R,5R,8S,9R,11R,17S)-17-hydroxy-3,8,15,15-tetramethyl-4-methylidene-7,10,14-trioxaheptacyclo[15.2.2.13,9.01,11.05,19.011,16.05,9]docosane-6,13,20,22-tetraone",,,,C24H26O8,[C@@]123O[C@]45CC(OC(C)(C)C4[C@](O)4CC(=O)[C@@]55C[C@@](C)(C1=O)C(=C)[C@@]2(C5C4)C(=O)O[C@H]3C)=O
"(1S,2S,4R,6S,12S,13S,15R,16R,17S,21R)-15-hydroxy-2,7,7,13,17,21-hexamethyl-20-methylidene-5,8,14,18,23-pentaoxaoctacyclo[10.7.3.113,16.01,16.02,12.015,21.04,6.06,11]tricos-10-ene-9,19-dione",,,,C25H28O8,[C@@]123O[C@]4(O[C@]1(O)[C@@](C)1C[C@@]44[C@](C)(C[C@H]5O[C@@]55C4=CC(OC5(C)C)=O)[C@]2(C1=C)C(=O)O[C@H]3C)C
(S)-4-hydroxy-beta-ionone,,,,C13H20O2,O=C(C)/C=C/C1[C@@](C)(CC[C@@H](O)C=1C)C
"2-[({2-[(1S,11S,28S,42S)-8-[(1Z)-ethylidene]-20,42,46-trihydroxy-11-[(1R)-1-hydroxyethyl]-51-methyl-3,10,13,31,41,48-hexaoxo-2,9,12,22,33,49,52,53,54,55-decaza-40-oxa-6,16,26,30,45-pentathianonacyclo[26.15.6.232,38.144,47.124,27.14,7.114,17.034,50.018,23]pentapentaconta-4(5),7(55),14(15),17(54),18(23),19,21,24(25),27(53),32(51),34(35),36,38(50),44(52),46-pentadecaen-21-yl]-1,3-thiazol-4-yl}carbonyl)amino]prop-2-enamide",,,,C51H43N13O13S6,N1/C(/C2SC=C(C(N[C@H]3C[C@@H](C(OCC4C5C(C)=C(C(SC[C@@H](C6SC=C(C7C(C8SC=C(C(N[C@H](C1=O)[C@@H](C)O)=O)N=8)=CC(=C(C1SC=C(C(=O)NC(=C)C(=O)N)N=1)N=7)O)N=6)NC(C1=C(O)SC3=N1)=O)=O)NC=5C=CC=4)=O)O)=O)N=2)=C\C
"(1R,4aS,4bR,7S,8aS,10aR,10R)-8a,10-dihydroxy-1,4a,7-trimethyl-7-vinyltetradecahydrophenanthrene-1-carboxylic acid",,,,C20H32O4,[H][C@@]12[C@H](O)C[C@](O)3C[C@@](CC[C@@H]3[C@]1(CCC[C@]2(C(=O)O)C)C)(C)C=C
oxetane,,,,C7H12O3,O1[C@@H]([C@](OC(C)=O)(C)C1)C
L-carveol,,,,C12H17F3O,OC1CC(CC=C1C)C1(C(C(F)(F)F)C1)C
"(1aS,5aR)-3-(3-methylbut-2-enyl)-1a,2,5,5a-tetrahydrocyclohexa[1,2-b]oxirene-2,5-dione",,,,C11H12O3,O=C1C(C/C=C(\C)/C)=CC([C@H]2[C@@H]1O2)=O
"(3S,5R,8E,12S,13S,14S,16S)-14-hydroxy-5,9,12,13,16-pentamethyl-4-oxatricyclo[10.3.1.03,5]hexadeca-1(15),8-dien-2-one",,,,C20H29O3,O1[C@@H]2C(=O)C3[C@@H](C)[C@@](C)([C@@H]([C@@H](O)C=3)C)CC/C(/C)=C/CC[C@@]12C
"(3S,5R,8E,12R,13R)-10-hydroxy-5,9,12,13-tetramethyl-16-methylidene-4-oxatricyclo[10.3.1.03,5]hexadeca-1(15),8-dien-2-one",,,,C20H27O3,O1[C@@H]2C(=O)C3C(=C)[C@@](C)([C@@H](CC=3)C)CC(O)/C(/C)=C/CC[C@@]12C
"5-{[(3Z)-5-hydroxy-2-oxo-2,3-dihydro-1H-indol-3-ylidene]methyl}-N-[2-(diethylamino)ethyl]-2,4-dimethyl-1H-pyrrole-3-carboxamide",,,,C22H28N4O3,CC1C(C(=O)NCCN(CC)CC)=C(N(C=1/C=C1/C2=C(C=CC(=C2)O)NC/1=O)[H])C
"4-{6-[(2Z,5R,7S)-5,7-dimethylnon-2-en-2-yl]-5-methyl-3,4,5,6-tetrahydro-2H-pyran-2-yl}-7-hydroxy-2-methyl-2,3-dihydrobenzo[4,5]furo[3,2-c]pyridin-3-one",,,,C29H39NO4,C([H])(/C(=C\C[C@H](C)C[C@@H](C)CC)/C)1C([H])(CCC(C2=C3C(C4C=CC(=CC=4O3)O)=CN(C)C2=O)([H])O1)C
"3-{6-[(2Z,5R,7S)-5,7-dimethylnon-2-en-2-yl]-5-methyl-3,4,5,6-tetrahydro-2H-pyran-2-yl}-5-[(1S,2S)-1,2-dihydroxy-4-oxocyclohexyl]-4-hydroxy-1-methyl-1,2-dihydropyridin-2-one",,,,C29H44NO6,C([H])(/C(=C\C[C@H](C)C[C@@H](C)CC)/C)1C([H])(CCC(C2=C(C([C@](O)3CCC(C[C@@H]3O)=O)=CN(C)C2=O)O)([H])O1)C
12beta-Hydroxyprogesterone,,,,C21H30O3,O=C([C@H]1CCC2[C@@]1([C@H](O)CC1[C@]3(CCC(C=C3CCC21)=O)C)C)C
"12beta,15alpha-Dihydroxyprogesterone",,,,C21H29O4,O=C([C@H]1C[C@H](O)C2[C@@]1([C@H](O)CC1[C@]3(CCC(C=C3CCC21)=O)C)C)C
,,,2983492-24-4,C18H16N2O8,O=C1OC=2C(O)=CC=CC2C=C1NC(=O)C3=NOC4C(O)C=CC(O)C4(O)C3
,,,2983492-25-5,C19H18N2O9,O=C1OC=2C(O)=C(OC)C=CC2C=C1NC(=O)C3=NOC4C(O)C=CC(O)C4(O)C3
,,,2983492-20-0,C19H18N2O9S2,O=C1NC23OC4=C(O)C(OC)=CC=C4C3SSC15N(OC6C(O)C=CC(O)C6(O)C5)C2=O
,,,2983492-21-1,C20H20N2O9S2,O=C1NC23OC4=C(OC)C(OC)=CC=C4C3SSC15N(OC6C(O)C=CC(O)C6(O)C5)C2=O
,,,2983492-47-1,C18H16N2O9,O=C1OC=2C(O)=C(O)C=CC2C=C1NC(=O)C3=NOC4C(O)C=CC(O)C4(O)C3
,,,2983492-32-4,C19H16N2O6S2,O=C1NC23OC=4C(OC)=CC=CC4C3SSC15N(OC6C(=CC=CC6O)C5)C2=O
,,,2983492-53-9,C19H16N2O7S3,O=C1NC23OC4=C(O)C(OC)=CC=C4C3SSSC15N(OC6C(=CC=CC6O)C5)C2=O
,,,2983492-44-8,C18H16N2O9S2,O=C1NC23OC4=C(O)C(O)=CC=C4C3SSC15N(OC6C(O)C=CC(O)C6(O)C5)C2=O
,,,2983492-19-7,C18H16N2O8S2,O=C1NC23OC=4C(O)=CC=CC4C3SSC15N(OC6C(O)C=CC(O)C6(O)C5)C2=O
,,,2983492-38-0,C21H20N2O8S,O=C1NC2(OC3=C(OC)C(OC)=CC=C3C2=O)C(=O)N4OC5C(=CC=CC5O)CC14SC
"Spiro[benzofuran-2(3H),3°‰(2°‰H)-pyrazino[1,2-b][1,2]benzoxazine]-1°‰,3,4°‰-trione",,,2983492-75-5,C20H18N2O8S,O=C1NC2(OC3=C(O)C(OC)=CC=C3C2=O)C(=O)N4OC5C(=CC=CC5O)CC14SC
"Spiro[benzofuran-2(3H),3°‰(2°‰H)-pyrazino[1,2-b][1,2]benzoxazine]-1°‰,3,5°‰-trione",,,2983492-67-5,C19H16N2O8S,O=C1NC2(OC3=C(O)C(O)=CC=C3C2=O)C(=O)N4OC5C(=CC=CC5O)CC14SC
"Spiro[benzofuran-2(3H),3°‰(2°‰H)-pyrazino[1,2-b][1,2]benzoxazine]-1°‰,3,4°‰-trione",,,2983492-96-0,C21H22N2O10S,O=C1NC2(OC3=C(OC)C(OC)=CC=C3C2=O)C(=O)N4OC5C(O)C=CC(O)C5(O)CC14SC
"Spiro[benzofuran-2(3H),3°‰(2°‰H)-pyrazino[1,2-b][1,2]benzoxazine]-1°‰,3,4°‰-trione",,,2983492-69-7,C19H18N2O10S,O=C1NC2(OC3=C(O)C(O)=CC=C3C2=O)C(=O)N4OC5C(O)C=CC(O)C5(O)CC14SC
"Spiro[benzofuran-2(3H),3°‰(2°‰H)-pyrazino[1,2-b][1,2]benzoxazine]-1°‰,3,4°‰-trione",,,2983492-86-8,C20H20N2O10S,O=C1NC2(OC3=C(OC)C(O)=CC=C3C2=O)C(=O)N4OC5C(O)C=CC(O)C5(O)CC14SC
"Benzenepropanamide, 3-hydroxy-Œ±-(hydroxyimino)-N-(8-hydroxy-7-methoxy-2-oxo-2H-1",,,2983492-78-8,C19H16N2O7,O=C1OC=2C(O)=C(OC)C=CC2C=C1NC(=O)C(=NO)CC=3C=CC=C(O)C3
,,,2983492-71-1,C18H14N2O7,O=C1OC=2C(O)=C(O)C=CC2C=C1NC(=O)C(=NO)CC=3C=CC=C(O)C3
,,,2983492-55-1,C20H18N2O7,O=C1OC=2C(OC)=C(OC)C=CC2C=C1NC(=O)C3=NOC4C(=CC=CC4O)C3
,,,2983492-65-3,C19H18N2O8,O=C1OC=2C(OC)=CC=CC2C=C1NC(=O)C(=NO)CC3(O)C=C(O)C=CC3O
,,,2983492-98-2,C20H20N2O9,O=C1OC2=C(C=CC(OC)=C2OC)C=C1NC(=O)C(=NO)CC3(O)C=C(O)C=CC3O
"[(1S,4S,5R,9R,10R,12R)-12-hydroxy-5-methyl-13-methylidene-9-vinyltetracyclo[10.2.2.01,10.04,9]hexadecan-5-yl]methanal",,,,C21H30O2,[H][C@]12CC[C@]34CC(=C)[C@](O)(C[C@H]3[C@@]1(CCC[C@@]2(C)C=O)C=C)CC4
3-O-Acetyl-7bata-hydroxyglycyrrhetinic acid,,,906816-45-3,C32H48O6,O=C(OC1CCC2(C)C3C(=O)C=C4C5CC(C(=O)O)(C)CCC5(C)CCC4(C)C3(C)C(O)CC2C1(C)C)C
"Hydroxycyclotridecyl 3,4,6-trideoxy-3-(dimethylamino)-beta-D-xylo-hexopyranoside",,,1207167-74-5,C21H41NO4,
"Hydroxycyclotetradecyl 3,4,6-trideoxy-3-(dimethylamino)-beta-D-xylo-hexopyranoside",,,1207167-75-6,C22H43NO4,
"Hydroxycyclopentadecyl 3,4,6-trideoxy-3-(dimethylamino)-beta-D-xylo-hexopyranoside",,,1207167-78-9,C23H45NO4,
"6-Hydroxy-1-pyrenyl 3,4,6-trideoxy-3-(methylamino)-beta-D-xylo-hexopyranoside",,,1283116-34-6,C23H23NO4,OC1=CC=C2C=CC=3C(OC4OC(C)CC(NC)C4O)=CC=C5C=CC1=C2C53
"4-Hydroxy-2,3-dimethyl-2-cyclopenten-1-one",,,53034-04-1,C7H10O2,O=C1C(=C(C)C(O)C1)C
Methyl 4-(2-hydroxy-2-methylpropyl)-alpha-methylbenzeneacetate,,,1006063-98-4,C14H20O3,O=C(OC)C(C1=CC=C(C=C1)CC(O)(C)C)C
Propyl(alphaS)-3-chloro-alpha-hydroxybenzeneacetate,,,887628-38-8,C11H13ClO3,O=C(OCCC)C(O)C=1C=CC=C(Cl)C1
"2,3,4,5,6,7-Hexahydro-7-hydroxy-3-methyl-1H-inden-1-one",,,1101874-19-4,C10H14O2,O=C1C2=C(CCCC2O)C(C)C1
"(2R,4R,6S,8S)-9-Hydroxy-2,4,6,8-tetramethyldecanoic acid",,,1101877-40-0,C14H28O3,O=C(O)C(C)CC(C)CC(C)CC(C)C(O)C
"(2R,4R,6S,8S)-2,4,6,8-Tetramethyl-1,9-decanediol",,,1005517-14-5,C14H30O2,OCC(C)CC(C)CC(C)CC(C)C(O)C
"(3S,5R,7S)-3,5-Dimethyl-2,7-octanediol",,,1101876-39-4,C10H22O2,OC(C)CC(C)CC(C)C(O)C
"(3S,5S,7R,9R)-3,5,7-Trimethyl-2,9-decanediol",,,1101887-04-0,C13H28O2,OC(C)CC(C)CC(C)CC(C)C(O)C
"(2R,4S,6S)-2,4,6-Trimethyl-1,7-octanediol",,,911819-48-2,C11H24O2,OCC(C)CC(C)CC(C)C(O)C
"Methyl (2R,4R,6S,8S)-9-hydroxy-2,4,6,8-tetramethyldecanoate",,,1101878-03-8,C15H30O3,O=C(OC)C(C)CC(C)CC(C)CC(C)C(O)C
"(4S,6S,8S)-9-Hydroxy-4,6,8-trimethyldecanoic acid",,,911819-57-3,C13H26O3,O=C(O)CCC(C)CC(C)CC(C)C(O)C
"(3S,5R,7R)-8-Chloro-3,5,7-trimethyl-2-octanol",,,1101875-91-5,C11H23ClO,ClCC(C)CC(C)CC(C)C(O)C
"(2R,4R,6S,8S)-2,4,6,8-Tetramethyl-1,9-undecanediol",,,911819-52-8,C15H32O2,OCC(C)CC(C)CC(C)CC(C)C(O)CC
"(4R,6S,8S)-9-Hydroxy-4,6,8-trimethyl-2-undecanone",,,911819-56-2,C14H28O2,O=C(C)CC(C)CC(C)CC(C)C(O)CC
"Methyl (2R,4R,6S,8S)-9-hydroxy-2,4,6,8-tetramethylundecanoate",,,911819-54-0,C16H32O3,O=C(OC)C(C)CC(C)CC(C)CC(C)C(O)CC
Cryptophycin 305,,,924906-01-4,C35H42BrClN2O8,O=C1C=CCC(OC(=O)C(OC(=O)C(C)CNC(=O)C(N1)CC2=CC=C(OC)C(Cl)=C2)CC(C)C)C(C)C3OC3C4=CC=C(Br)C=C4
Cryptophycin 182,,,204445-85-2,C35H42ClFN2O8,O=C1C=CCC(OC(=O)C(OC(=O)C(C)CNC(=O)C(N1)CC2=CC=C(OC)C(Cl)=C2)CC(C)C)C(C)C3OC3C=4C=CC=CC4F
Cryptophycin 343,,,179093-55-1,C35H43ClN2O8,O=C1C=CCC(OC(=O)C(OC(=O)C(C)CNC(=O)C(N1)CC2=CC=C(OC)C(Cl)=C2)CC(C)C)C(C)C3OC3C=4C=CC=CC4
Cryptophycin 319,,,924906-10-5,C35H43IN2O8,O=C1C=CCC(OC(=O)C(OC(=O)C(C)CNC(=O)C(N1)CC2=CC=C(OC)C(I)=C2)CC(C)C)C(C)C3OC3C=4C=CC=CC4
Cryptophycin 210,,,188486-50-2,C35H43FN2O7,O=C1C=CCC(OC(=O)C(OC(=O)C(C)CNC(=O)C(N1)CC2=CC=C(OC)C(F)=C2)CC(C)C)C(C=CC=3C=CC=CC3)C
Cryptophycin 209,,,188486-52-4,C35H42N2O9,O=C1OC(CC=CC(=O)NC(C(=O)NCC(C(=O)OC1CC(C)C)C)CC2=CC=C3OCOC3=C2)C(C)C4OC4C=5C=CC=CC5
Cryptophycin 312,,,924906-07-0,C36H46N2O7,O=C1C=CCC(OC(=O)C(OC(=O)C(C)CNC(=O)C(N1)CC2=CC=C(OC)C=C2)CC(C)C)C(C=CC3=CC=C(C=C3)C)C
Cryptophycin 324,,,924906-02-5,C35H43ClN2O7,O=C1C=CCC(OC(=O)C(OC(=O)C(C)CNC(=O)C(N1)CC2=CC=C(OC)C=C2)CC(C)C)C(C=CC3=CC=C(Cl)C=C3)C
,,,943036-54-2,C45H53N9O11,O=C(N)CC(NC(=O)C(NC(=O)C(NC)CC(C)C)CC1=CC=C(O)C=C1)C(=O)NC2C(=O)NC(C(=O)NC(C(=O)NN)CC3=CC=C(OC4=CC2=CC=C4O)C=C3)C5=CC=C(O)C=C5
"rel-(1R,5R,6R)-5-Hydroxy-1,3,5-trimethyl-7-oxabicyclo[4.1.0]hept-3-en-2-one",,,370861-15-7,C9H12O3,O=C1C(=CC(O)(C)C2OC12C)C\
"rel-(1R,5R,6S)-5-Hydroxy-5-methyl-7-oxabicyclo[4.1.0]hept-3-en-2-one",,,109613-02-7,C7H8O3,O=C1C=CC(O)(C)C2OC12
"rel-(1R,5R,6S)-5-Hydroxy-3,5-dimethyl-7-oxabicyclo[4.1.0]hept-3-en-2-one",,,370861-20-4,C8H10O3,O=C1C(=CC(O)(C)C2OC12)C
"N-[3-[1-[5,6-Dihydro-4-hydroxy-2-oxo-6-(2-oxo-2-phenylethyl)-6-propyl-2H-pyran-3-yl]-2,2-dimethylpropyl]phenyl]-1-methyl-1H-imidazole-4-sulfonamide",,,252348-17-7,C31H37N3O6S,O=C1OC(CC(=O)C=2C=CC=CC2)(CC(O)=C1C(C=3C=CC=C(C3)NS(=O)(=O)C=4N=CN(C4)C)C(C)(C)C)CCC
"N-[3-[(1S)-1-[(6R)-5,6-Dihydro-4-hydroxy-6-(2-hydroxy-2-phenylethyl)-2-oxo-6-propyl-2H-pyran-3-yl]-2,2-dimethylpropyl]phenyl]-1-methyl-1H-imidazole-4-sulfonamide",,,252348-49-5,C31H39N3O6S,O=C1OC(CC(O)=C1C(C=2C=CC=C(C2)NS(=O)(=O)C=3N=CN(C3)C)C(C)(C)C)(CCC)CC(O)C=4C=CC=CC4
"rel-[(2R,3S,6S)-3-Hydroxy-2,6-dimethyl-1-piperidinyl]phenylmethanone",,,215797-18-5,C14H19NO2,O=C(C=1C=CC=CC1)N2C(C)CCC(O)C2C
"rel-Phenyl (1R,2S,4S)-2-hydroxy-7-azabicyclo[2.2.1]heptane-7-carboxylate",,,1008418-83-4,C13H15NO3,O=C(OC=1C=CC=CC1)N2C3CCC2C(O)C3
(4-Hydroxy-2-methyl-1-piperidinyl)phenylmethanone,,,1008412-25-6,C13H17NO2,O=C(C=1C=CC=CC1)N2CCC(O)CC2C
"rel-(1R,2R)-alpha,alpha-Dimethyl-2-phenylcyclopropanemethanol",,,71804-64-3,C12H16O,OC(C)(C)C1CC1C=2C=CC=CC2
"rel-1-[(1R,2R)-2-[4-(Trifluoromethyl)phenyl]cyclopropyl]ethanone",,,212515-28-1,C12H11F3O,O=C(C)C1CC1C2=CC=C(C=C2)C(F)(F)F
"rel-(1R,2R)-alpha-Methyl-2-phenylcyclopropanemethanol",,,210969-77-0,C11H14O,OC(C)C1CC1C=2C=CC=CC2
"Spiro[bicyclo[2.2.1]heptane-2,2°‰-oxiran]-5-one, 4,7,7-trimethyl-, [1R-(1alpha,2alpha,4alpha)]",,,154614-04-7,C11H16O2,O=C1CC2C3(OC3)CC1(C)C2(C)C
"19-Norpregn-15-en-20-yn-3-one, 17-hydroxy-, (17alpha)-",,,151310-44-0,C20H26O2,O=C1CCC2C(C1)CCC3C4C=CC(O)(C#C)C4(C)CCC23
"Bicyclo[2.2.1]heptan-2-one, 7-hydroxy-1-methyl-, (1R-anti)-",,,119481-19-5,C8H12O2,O=C1CC2CCC1(C)C2O
"2,6-Octadiene-1-t-1,8-diol, 2,6-dimethyl-, [R-(E,E)]-",,,124989-07-7,C10H17O2T,OCC=C(C)CCC=C(C)CO
(alphaS)-alpha-Methylbenzenemethan-d-ol,,,71886-64-1,C8H9DO,OC(C=1C=CC=CC1)C
"2,5-Piperazinedione, 6-[(4-fluoro-1H-indol-3-yl)methyl]-3-hydroxy-3-[(3-hydroxyphenyl)methyl]-1,4-dimethyl-, (3R,6S)- (ACI)",,,2231090-12-1,C22H22FN3O4,O=C1N(C)C(O)(C(=O)N(C)C1CC2=CNC=3C=CC=C(F)C32)CC=4C=CC=C(O)C4
"2,5-Piperazinedione, 3-hydroxy-3-[(3-hydroxyphenyl)methyl]-1,4-dimethyl-6-[(4-methyl-1H-indol-3-yl)methyl]-, (3R,6S)- (ACI)",,,2231086-88-5,C23H25N3O4,O=C1N(C)C(O)(C(=O)N(C)C1CC2=CNC3=CC=CC(=C32)C)CC=4C=CC=C(O)C4
"2,5-Piperazinedione, 6-[(4-chloro-1H-indol-3-yl)methyl]-3-hydroxy-3-[(3-hydroxyphenyl)methyl]-1,4-dimethyl-, (3R,6S)- (ACI)",,,2231304-78-0,C22H22ClN3O4,O=C1N(C)C(O)(C(=O)N(C)C1CC2=CNC=3C=CC=C(Cl)C32)CC=4C=CC=C(O)C4
"2,5-Piperazinedione, 6-[(4-bromo-1H-indol-3-yl)methyl]-3-hydroxy-3-[(3-hydroxyphenyl)methyl]-1,4-dimethyl-, (3R,6S)- (ACI)",,,2231304-79-1,C22H22BrN3O4,O=C1N(C)C(O)(C(=O)N(C)C1CC2=CNC=3C=CC=C(Br)C32)CC=4C=CC=C(O)C4
"1H-1,2,3-Triazole-1-acetic acid, 4-[(diethylamino)methyl]-alpha-methyl-, (3R,4E,6S,7S)-3-hydroxy-7-methyl-12-oxooxacyclododec-4-en-6-yl ester, (alphaR)- (ACI)",,,2149611-07-2,C22H36N4O5,O=C1OCC(O)C=CC(OC(=O)C(N2N=NC(=C2)CN(CC)CC)C)C(C)CCCC1
"Benzoic acid, 4-[4-[(dimethylamino)methyl]-1H-1,2,3-triazol-1-yl]-, (3R,8S,12S,13S)-8-hydroxy-12-methyl-7-oxo-1,6-dioxaspiro[2.10]tridec-13-yl ester (ACI)",,,2148927-04-0,C24H32N4O6,O=C(OC1C(C)CCCC(O)C(=O)OCCC21OC2)C3=CC=C(C=C3)N4N=NC(=C4)CN(C)C
"1H-1,2,3-Triazole-1-acetic acid, 4-[(dimethylamino)methyl]-alpha-methyl-, (5S,6S,10S)-10-hydroxy-6-methyl-4-methylene-11-oxo-5-oxacycloundecyl ester, (alphaR)- (ACI)",,,2148923-52-6,C20H32N4O5,O=C1OCCC(=C)C(OC(=O)C(N2N=NC(=C2)CN(C)C)C)C(C)CCCC1O
,,,2112731-69-6,C59H61N15O12S6,O=C(OCC)C1CC1(NC(=O)C(NC(=O)C=2N=C(SC2)C(NC(=O)C=3N=C(SC3)C(NC(=O)C=4N=C(SC4)C(NC(=O)C)C)CC(=O)NC)CC=5C=CC=CC5)CC6=CC=C(O)C=C6)C7=NC(=CS7)C8=NC(=CS8)C(=O)NC(C9=NC(=CS9)C(=O)NC(C(=O)N)C)C
,,,2112731-64-1,C54H52N14O10S6,O=C(OCC)C1CC21NC(=O)C=3N=C(SC3)C(NC(=O)C=4N=C(SC4)C=5C=CC(=NC5C=6N=C(SC6)C=7N=C(SC7)C(NC(=O)C(NC(=O)C=8N=C2SC8)CC9=CC=C(O)C=C9)C(C)CC)C%10=NC(=CS%10)C(=O)NC(C(=O)N)C)CC(=O)NC
"4-Thiazolecarboxylic acid, 2-[(1S,2S)-1-(acetylamino)-2-(ethoxycarbonyl)cyclopropyl]-, ethyl ester (ACI)",,,2112731-68-5,C14H18N2O5S,O=C(OCC)C=1N=C(SC1)C2(NC(=O)C)CC2C(=O)OCC
,,,2114284-02-3,C66H71N15O14S6,O=C(OCC)C1CC1(NC(=O)C=2N=C(SC2)C=3N=C(SC3)C(NC(=O)C(NC(=O)C=4N=C(SC4)C(NC(=O)C=5N=C(SC5)C(NC(=O)C=6N=C(SC6)C7(NC(=O)C)CC7C(=O)OCC)CC(=O)NC)CC=8C=CC=CC8)CC9=CC=C(O)C=C9)C(C)CC)C%10=NC(=CS%10)C(=O)NC(C(=O)N)C
"1,2-Cyclopropanedicarboxylic acid, 1-(benzoylamino)-, 2-ethyl 1-methyl ester, (1R,2R)- (ACI)",,,2112731-66-3,C15H17NO5,O=C(OCC)C1CC1(NC(=O)C=2C=CC=CC2)C(=O)OC
,,,2114284-09-0,C63H63N15O14S6,O=C(OCC)C1CC1(NC(=O)C=2N=C(SC2)C=3N=C(SC3)C4(NC(=O)C(NC(=O)C=5N=C(SC5)C(NC(=O)C=6N=C(SC6)C(NC(=O)C=7N=C(SC7)C(=C)NC(=O)C)CC(=O)NC)CC=8C=CC=CC8)CC9=CC=C(O)C=C9)CC4C(=O)OCC)C%10=NC(=CS%10)C(=O)NC(C(=O)N)C
,,,2114284-06-7,C64H71N15O16S6,O=C(OCC)C1CC1(NC(=O)C=2N=C(SC2)C=3N=C(SC3)C(NC(=O)C(NC(=O)C=4N=C(SC4)C5(NC(=O)C=6N=C(SC6)C(NC(=O)C=7N=C(SC7)C8(NC(=O)C)CC8C(=O)OCC)CC(=O)NC)CC5C(=O)OCC)CC9=CC=C(O)C=C9)C(C)CC)C%10=NC(=CS%10)C(=O)NC(C(=O)N)C
"5-Hydroxy-3,6-bis[2-(methylthio)ethyl]-2(1H)-pyrazinone",,,1242265-15-1,C10H16N2O2S2,O=C1NC(=C(O)N=C1CCSC)CCSC
"1(or 4)-Hydroxy-4(or 1)-methyl-3-(2-methylpropyl)-6-(phenylmethyl)-2,5-piperazinedione (ACI)",,,1242417-09-9,C16H22N2O3,
exo-Norborneol,,,497-37-0,C7H12O,O[C@@H]1[C@@]2(C[C@](C1)(CC2)[H])[H]
"2-methylbutan-2-yl octahydrocyclopenta[1,2-c]pyrrole-2-carboxylate",,,1579941-32-4,C13H23NO3,O=C(N1CC2CCCC2C1)OC(CC)(C)C
"2,2,2-Trifluoro-1-(hexahydrohydroxycyclopenta[c]pyrrol-2(1H)-yl)ethanone (ACI)",,,1579941-34-6,C9H12F3NO2,O=C(N1CC2CCCC2C1)C(F)(F)F
"3-[(2E)-3-oxo-2,3-dihydro-1H-indol-2-ylidene]-1H-indol-2-one",,,397242-72-7,C16H10N2O2,O=C1\C(\C=2C(N1)=CC=CC2)=C/3\NC=4C(C3=O)=CC=CC4
trans-4-(Hydroxymethyl)cyclohexanecarboxylic acid (ACI),,,66185-74-8,C8H14O3,C(O)(=O)[C@H]1CC[C@H](CO)CC1
"(22R,23R)-22,23-Dihydroxyergost-4-en-3-one (ACI)",,,1430213-48-1,C28H46O3,C[C@@]12[C@]([C@]3([C@@]([C@]4(C)C(CC3)=CC(=O)CC4)(CC1)[H])[H])(CC[C@@]2([C@@H]([C@H]([C@@H]([C@@H](C(C)C)C)O)O)C)[H])[H]
"(16alpha)-16-Hydroxyandrost-4-ene-3,11,17-trione",,,109687-94-7,C19H24O4,C[C@@]12[C@@]3([C@]([C@]4([C@](C)(CC3=O)C(=O)[C@H](O)C4)[H])(CCC1=CC(=O)CC2)[H])[H]
"(16alpha)-16-Hydroxypregn-4-ene-3,11,20-trione",,,1394986-92-5,C21H28O4,C[C@@]12[C@]([C@]3([C@@]([C@]4(C)C(CC3)=CC(=O)CC4)(C(=O)C1)[H])[H])(C[C@@H](O)[C@@H]2C(C)=O)[H]
"(16alpha)-16-Hydroxyandrosta-1,4-diene-3,17-dione",,,119754-64-2,C19H24O3,C[C@@]12[C@@]3([C@]([C@]4([C@](C)(CC3)C(=O)[C@H](O)C4)[H])(CCC1=CC(=O)C=C2)[H])[H]
(S)-p-Methoxyphenyl methyl sulfoxide,,,93381-76-1,C8H10O2S,S(C)(=O)C1=CC=C(OC)C=C1
"1-(5-Hydroxy-2,4-dimethoxyphenyl)ethanone",,,91061-75-5,C10H12O4,O=C(C1=CC(O)=C(OC)C=C1OC)C
3-Ethyl-2-oxiranenonanoic acid,,,1539276-30-6,C13H24O3,O=C(O)CCCCCCCCC1OC1CC
"N-(2,4,6-Trimethylphenyl)glycine ethyl ester",,,886489-14-1,C13H19NO2,O=C(OCC)CNC=1C(=CC(=CC1C)C)C
N-(4-Ethenylphenyl)glycine ethyl ester,,,263772-27-6,C12H15NO2,O=C(OCC)CNC1=CC=C(C=C)C=C1
"1-Hydroxy-3-[(2E,6E)-9-hydroxy-3,7,11-trimethyl-2,6,10-dodecatrien-1-yl]-2-methyl-4(1H)-quinolinone",,,1208334-78-4,C25H33NO3,O=C1C=2C(N(O)C(C)=C1C/C=C(/CC/C=C(/CC(C=C(C)C)O)\C)\C)=CC=CC2
"1,2-Benzisothiazole-6-carboxylic acid, 3-ethyl-2,3-dihydro-3-methyl-, methyl ester, 1,1-dioxide",,,1538555-69-9,C12H15NO4S,O=C(OC)C1=CC=C2C(=C1)S(=O)(=O)NC2(C)CC
"1,2-Benzisothiazole-6-carboxylic acid, 2,3-dihydro-3,3-dimethyl-, methyl ester, 1,1-dioxide",,,1538555-67-7,C11H13NO4S,O=C(OC)C1=CC=C2C(=C1)S(=O)(=O)NC2(C)C
"Spiro[1,2-benzisothiazole-3(2H),1°‰-cyclopentane]-6-carboxylic acid, methyl ester, 1,1-dioxide",,,1538555-71-3,C13H15NO4S,O=C(OC)C1=CC=C2C(=C1)S(=O)(=O)NC23CCCC3
"Spiro[1,2-benzisothiazole-3(2H),1°‰-cyclohexane]-6-carboxylic acid, methyl ester, 1,1-dioxide",,,1538555-73-5,C14H17NO4S,O=C(OC)C1=CC=C2C(=C1)S(=O)(=O)NC23CCCCC3
"(3alpha,4beta,7beta,15alpha)-3,7,15-Trihydroxy-11-oxours-12-en-23-oic acid",,,1492065-18-5,C30H46O6,C[C@]12[C@@]3(C)[C@@]([C@]4(C)[C@@](C[C@@H]3O)([C@](C(O)=O)(C)[C@H](O)CC4)[H])(C(=O)C=C1[C@]5([C@@](C)(C[C@@H]2O)CC[C@@H](C)[C@@H]5C)[H])[H]
6-epi-5-Demethoxyfumagillol,,,701277-78-3,C15H24O3,C[C@@]1([C@@]2([C@@]3(CO3)CC[C@H](O)C2)[H])[C@@H](CC=C(C)C)O1
"(15beta)-15,17,21-Trihydroxypregna-1,4-diene-3,11,20-trione",,,1802401-03-1,C21H26O6,C[C@@]12[C@]([C@]3([C@](C(=O)C1)([C@]4(C)C(CC3)=CC(=O)C=C4)[H])[H])([C@H](O)C[C@@]2(C(CO)=O)O)[H]
"(15beta,16alpha)-9-Fluoro-15,17,21-trihydroxy-16-methylpregna-1,4-diene-3,11,20-trione",,,1802401-14-4,C22H27FO6,C[C@@]12[C@]([C@]3([C@](F)(C(=O)C1)[C@]4(C)C(CC3)=CC(=O)C=C4)[H])([C@H](O)[C@@H](C)[C@@]2(C(CO)=O)O)[H]
(3beta)-3-(Phosphonooxy)olean-12-en-28-oic acid,,,99124-02-4,C30H49O6P,C[C@]12[C@@]3(C)C([C@]4([C@@](C(O)=O)(CC3)CCC(C)(C)C4)[H])=CC[C@@]1([C@]5(C)[C@@](CC2)(C(C)(C)[C@@H](OP(=O)(O)O)CC5)[H])[H]
"Diphosphoric acid, P-[(2Z)-3-(hydroxymethyl)-6,7-dimethyl-2,6-octadien-1-yl] ester",,,2232204-20-3,C11H22O8P2,C(\CCC(=C(C)C)C)(=C/COP(OP(=O)(O)O)(=O)O)/CO
"(2R,3R)-3-chloro-2-(3,4-dimethylpent-3-enyl)-2-(hydroxymethyl)-1,2,3,4-tetrahydroquinoline-6-carboxylic acid",,,,C18H24ClNO3,OC(C1=CC=C2C(=C1)C[C@@H](Cl)[C@](CO)(CC/C(/C)=C(\C)/C)N2)=O
"(3S,5aS,10bR,11aS)-6,10b,11,11a-Tetrahydro-3-(2-methylpropyl)-10b-[3-[[(3S,8aS)-octahydro-1,4-dioxopyrrolo[1,2-a]pyrazin-3-yl]methyl]-1H-indol-5-yl]-2H-pyrazino[1°‰,2°‰:1,5]pyrrolo[2,3-b]indole-1,4(3H,5aH)-dione",,,2313221-07-5,C33H36N6O4,O=C1N2[C@]3([C@](C=4C(N3)=CC=CC4)(C[C@]2(C(=O)N[C@H]1CC(C)C)[H])C=5C=C6C(C[C@H]7C(=O)N8[C@](C(=O)N7)(CCC8)[H])=CNC6=CC5)[H]
"(3S,5aR,10bS,11aS)-6,10b,11,11a-Tetrahydro-10b-[3-[[(2S,5S)-5-methyl-3,6-dioxo-2-piperazinyl]methyl]-1H-indol-6-yl]-3-(1-methylethyl)-2H-pyrazino[1°‰,2°‰:1,5]pyrrolo[2,3-b]indole-1,4(3H,5aH)-dione",,,2313220-89-0,C30H32N6O4,O=C1N2[C@@]3([C@@](C=4C(N3)=CC=CC4)(C[C@]2(C(=O)N[C@H]1C(C)C)[H])C=5C=C6C(=CC5)C(C[C@H]7C(=O)N[C@@H](C)C(=O)N7)=CN6)[H]
"(3S,5aS,10bR,11aS)-6,10b,11,11a-Tetrahydro-3-methyl-10b-[3-[[(3S,8aS)-octahydro-1,4-dioxopyrrolo[1,2-a]pyrazin-3-yl]methyl]-1H-indol-5-yl]-2H-pyrazino[1°‰,2°‰:1,5]pyrrolo[2,3-b]indole-1,4(3H,5aH)-dione",,,2313221-03-1,C30H30N6O4,O=C1N2[C@]3([C@](C=4C(N3)=CC=CC4)(C[C@]2(C(=O)N[C@H]1C)[H])C=5C=C6C(C[C@H]7C(=O)N8[C@](C(=O)N7)(CCC8)[H])=CNC6=CC5)[H]
"(3S,5aS,10bR,11aS)-6,10b,11,11a-Tetrahydro-10b-[3-[[(2S,5S)-5-methyl-3,6-dioxo-2-piperazinyl]methyl]-1H-indol-5-yl]-3-(phenylmethyl)-2H-pyrazino[1°‰,2°‰:1,5]pyrrolo[2,3-b]indole-1,4(3H,5aH)-dione",,,2313221-01-9,C34H32N6O4,O=C1N2[C@]3([C@](C=4C(N3)=CC=CC4)(C[C@]2(C(=O)N[C@H]1CC5=CC=CC=C5)[H])C=6C=C7C(C[C@H]8C(=O)N[C@@H](C)C(=O)N8)=CNC7=CC6)[H]
"(3S,5aR,10bS,11aS)-6,10b,11,11a-Tetrahydro-3-[(4-hydroxyphenyl)methyl]-10b-[3-[[(2S,5S)-5-(1-methylethyl)-3,6-dioxo-2-piperazinyl]methyl]-1H-indol-6-yl]-2H-pyrazino[1°‰,2°‰:1,5]pyrrolo[2,3-b]indole-1,4(3H,5aH)-dione",,,2313221-28-0,C36H36N6O5,O=C1N2[C@@]3([C@@](C=4C(N3)=CC=CC4)(C[C@]2(C(=O)N[C@H]1CC5=CC=C(O)C=C5)[H])C=6C=C7C(=CC6)C(C[C@H]8C(=O)N[C@@H]([C@@H](C)C)C(=O)N8)=CN7)[H]
,,,2313221-30-4,C32H30F2N6O4,FC1=C([C@@]23[C@@](N4[C@@](C2)(C(=O)N5[C@](C4=O)(CCC5)[H])[H])(NC=6C3=CC=C(F)C6)[H])C=C7C(C[C@H]8C(=O)N9[C@](C(=O)N8)(CCC9)[H])=CNC7=C1
,,,2313221-31-5,C32H30Cl2N6O4,ClC1=C([C@]23[C@](N4[C@@](C2)(C(=O)N5[C@](C4=O)(CCC5)[H])[H])(NC=6C3=CC=C(Cl)C6)[H])C=C7C(C[C@H]8C(=O)N9[C@](C(=O)N8)(CCC9)[H])=CNC7=C1
"(3S,5aS,10bR,11aS)-6,10b,11,11a-Tetrahydro-3-(1-methylethyl)-10b-[3-[[(3S,8aS)-octahydro-1,4-dioxopyrrolo[1,2-a]pyrazin-3-yl]methyl]-1H-indol-5-yl]-2H-pyrazino[1°‰,2°‰:1,5]pyrrolo[2,3-b]indole-1,4(3H,5aH)-dione",,,2313221-04-2,C32H34N6O4,O=C1N2[C@]3([C@](C=4C(N3)=CC=CC4)(C[C@]2(C(=O)N[C@H]1C(C)C)[H])C=5C=C6C(C[C@H]7C(=O)N8[C@](C(=O)N7)(CCC8)[H])=CNC6=CC5)[H]
"(3S,5aS,10bR,11aS)-6,10b,11,11a-Tetrahydro-10b-[3-[[(2S,5S)-5-(1-methylethyl)-3,6-dioxo-2-piperazinyl]methyl]-1H-indol-5-yl]-3-(phenylmethyl)-2H-pyrazino[1°‰,2°‰:1,5]pyrrolo[2,3-b]indole-1,4(3H,5aH)-dione",,,2313221-26-8,C36H36N6O4,O=C1N2[C@]3([C@](C=4C(N3)=CC=CC4)(C[C@]2(C(=O)N[C@H]1CC5=CC=CC=C5)[H])C=6C=C7C(C[C@H]8C(=O)N[C@@H](C(C)C)C(=O)N8)=CNC7=CC6)[H]
"(3S,5aS,10bR,11aS)-6,10b,11,11a-Tetrahydro-10b-[3-[[(3S,8aS)-octahydro-1,4-dioxopyrrolo[1,2-a]pyrazin-3-yl]methyl]-1H-indol-5-yl]-3-(phenylmethyl)-2H-pyrazino[1°‰,2°‰:1,5]pyrrolo[2,3-b]indole-1,4(3H,5aH)-dione",,,2313221-11-1,C36H34N6O4,O=C1N2[C@]3([C@](C=4C(N3)=CC=CC4)(C[C@]2(C(=O)N[C@H]1CC5=CC=CC=C5)[H])C=6C=C7C(C[C@H]8C(=O)N9[C@](C(=O)N8)(CCC9)[H])=CNC7=CC6)[H]
(alphaR)-alpha-(Bromomethyl)-3-methylbenzenemethanol,,,2366199-79-1,C9H11BrO,[C@@H](CBr)(O)C1=CC(C)=CC=C1
"[(2R)-4-ethyl-3-hydroxy-2-[(1E)-2-methylbuta-1,3-dienyl]-5-oxo-2,5-dihydrothiophen-2-yl]acetic acid",,,,C13H16O4S,O=C(C[C@]1(C(=C(CC)C(=O)S1)O)/C=C(\C)/C=C)O
"3-hydroxy-1,7,7-trimethylbicyclo[2.2.1]heptane-6-thione",,,,C10H16OS,[H]C1(C2C(C)(C)C(C1)(C)C(C2)=S)O
"1,3,3-trimethylbicyclo[2.2.2]octan-4-ol",,,,C11H20O,CC12CCC(O)(CC1)C(C)(C)C2
Methyl-4-nitro-L-tryptophan,,,2357157-12-9,C12H13N3O4,C([C@](C(O)=O)(C)N)C=1C=2C(NC1)=CC=CC2N(=O)=O
"(4alpha,11beta)-11,13-Dihydroxy-7-oxokaur-16-en-18-oic acid",,,2488163-83-1,C20H28O5,O=C1[C@]23[C@]([C@@]4(C)[C@](C1)([C@@](C(O)=O)(C)CCC4)[H])([C@@H](O)C[C@](O)(C2)C(=C)C3)[H]
trans-4-Hydroxycyclohexyl 2-methylpropanoate,,,2306313-46-0,C10H18O3,O(C(C(C)C)=O)[C@@H]1CC[C@@H](O)CC1
Methyl trans-4-hydroxycyclohexaneacetate,,,1124174-16-8,C9H16O3,C(C(OC)=O)[C@H]1CC[C@H](O)CC1
5-Hydroxycyclooctyl 2-methylpropanoate,,,2470795-76-5,C12H22O3,O=C(OC1CCCC(O)CCC1)C(C)C
"(2S,4aS,5R,6R,8aR)-Decahydro-5-[(3R)-3-hydroxy-3-methyl-4-penten-1-yl]-1,1,4a,6-tetramethyl-2,6-naphthalenediol",,,132796-57-7,C20H36O3,C[C@@]12[C@](C(C)(C)[C@@H](O)CC1)(CC[C@@](C)(O)[C@@H]2CC[C@@](C=C)(C)O)[H]
"(5S)-4,5-Dihydro-7-methyl-5-(1-methylethyl)-3H-naphtho[1,8-bc]furan-3-ol",,,2605724-71-6,C15H18O2,[C@H](C)(C)[C@H]1C2=C3C(C(O)C1)=COC3=CC(C)=C2
"5,8-Dihydroxy-2-[(1R)-1-hydroxy-4-methyl-3-penten-1-yl]-1,4-naphthalenedione",,,517-89-5,C16H16O5,O=C1C=2C(C(=O)C=C1[C@@H](CC=C(C)C)O)=C(O)C=CC2O
"(3alpha,5beta,7beta)-3,7-Dihydroxycholan-24-oic acid",,,128-13-2,C24H40O4,C[C@@]12[C@]([C@]3([C@@]([C@]4(C)[C@](C[C@@H]3O)(C[C@H](O)CC4)[H])(CC1)[H])[H])(CC[C@@]2([C@@H](CCC(O)=O)C)[H])[H]
"2,10-dimethyl-6,7,12,13-tetrahydro-5H-pyrrolo[4,3-c]indolo[2,3-a]carbazol-5-one",,,2654831-45-3,C22H17N3O,O=C1NCC2=C1C=3C=4C=CC(=CC4NC3C=5NC6=CC(=CC=C6C52)C)C
"(3R)-12-[[(1,1-Dimethylethoxy)carbonyl]amino]-3-hydroxydodecanoic acid",,,2776235-44-8,C17H33NO5,C(NCCCCCCCCC[C@H](CC(O)=O)O)(OC(C)(C)C)=O
(3R)-3-Hydroxy-9-octadecynoic acid,,,2776235-43-7,C18H32O3,C(CCCC#CCCCCCCCC)C[C@H](CC(O)=O)O
(betaR)-beta-Hydroxy-2-methoxybenzenepentanoic acid,,,2776235-46-0,C12H16O4,C(C[C@H](CC(O)=O)O)C1=C(OC)C=CC=C1
(betaR)-beta-Hydroxy-4-(methoxycarbonyl)benzenehexanoic acid,,,2776235-48-2,C14H18O5,C(CC[C@H](CC(O)=O)O)C1=CC=C(C(OC)=O)C=C1
(3R)-11-Cyano-3-hydroxyundecanoic acid,,,2776235-45-9,C12H21NO3,[C@@H](CCCCCCCCC#N)(CC(O)=O)O
(betaR)-beta-Hydroxy-2-furanpentanoic acid,,,2776235-49-3,C9H12O4,C(C[C@H](CC(O)=O)O)C1=CC=CO1
(betaR)-beta-Hydroxy-1H-pyrrole-1-pentanoic acid,,,2776235-50-6,C9H13NO3,C(C[C@H](CC(O)=O)O)N1C=CC=C1
"(8S,11S,14S)-8-amino-3-hydroxy-11-(2-methylpropyl)-9,12-dioxo-1,10,13,17-tetrazatricyclo[14.2.1.12,6]icosa-2(20),3,5,17-tetraene-14-carboxylic acid",,,2951912-73-3,C21H27N5O5,OC1=C2N3C=C(N=C3)C[C@@H](C(O)=O)NC(=O)[C@H](CC(C)C)NC(=O)[C@@H](N)CC(=C2)C=C1
"(7S,10S,13S)-13-{[(2S)-2-{[(2S)-2-aminopropanoyl]amino}-5-{[amino(azanylidene)methyl]amino}-1-oxopentyl]amino}-18-hydroxy-10-(2-methylpropyl)-9,12-dioxo-2,4,8,11-tetrazatricyclo[13.3.1.12,5]icosa-1(19),3,5(20),15(16),17-pentaene-7-carboxylic acid",,,2951913-08-7,C30H44N10O7,OC1=C2N3C=C(N=C3)C[C@@H](C(O)=O)NC(=O)[C@H](CC(C)C)NC(=O)[C@@H](NC([C@H](CCCNC(=N)N)NC([C@H](C)N)=O)=O)CC(=C2)C=C1
"(8S,11S,14S)-8-{[(2S)-2-amino-5-{[amino(azanylidene)methyl]amino}-1-oxopentyl]amino}-3-hydroxy-11-(2-methylpropyl)-9,12-dioxo-1,10,13,17-tetrazatricyclo[14.2.1.12,6]icosa-2(20),3,5,16(19),17-pentaene-14-carboxylic acid",,,2951913-02-1,C27H39N9O6,OC1=C2N3C=C(N=C3)C[C@@H](C(O)=O)NC(=O)[C@H](CC(C)C)NC(=O)[C@@H](NC([C@H](CCCNC(=N)N)N)=O)CC(=C2)C=C1
"(8S,11S,14S)-8-{[(2S)-2-{[(2S)-2-amino-1-oxohexyl]amino}-5-{[amino(azanylidene)methyl]amino}-1-oxopentyl]amino}-3-hydroxy-11-(2-methylpropyl)-9,12-dioxo-1,10,13,17-tetrazatricyclo[14.2.1.12,6]icosa-2(20),3,5,16(19),17-pentaene-14-carboxylic acid",,,2951913-12-3,C33H50N10O7,OC1=C2N3C=C(N=C3)C[C@@H](C(O)=O)NC(=O)[C@H](CC(C)C)NC(=O)[C@@H](NC([C@@H](NC([C@H](CCCC)N)=O)CCCNC(=N)N)=O)CC(=C2)C=C1
"(7S,10S,13S)-13-{[(2S)-2-{[(2S)-2-amino-4-[methyl(oxo)-lambda4-sulfanyl]-1-oxobutyl]amino}-5-{[amino(azanylidene)methyl]amino}-1-oxopentyl]amino}-18-hydroxy-10-(2-methylpropyl)-9,12-dioxo-2,4,8,11-tetrazatricyclo[13.3.1.12,5]icosa-1(19),3,5(20),15(16),17-pentaene-7-carboxylic acid",,,2951913-30-5,C32H48N10O8S,OC1=C2N3C=C(N=C3)C[C@@H](C(O)=O)NC(=O)[C@H](CC(C)C)NC(=O)[C@@H](NC([C@@H](NC([C@H](CCS(C)=O)N)=O)CCCNC(=N)N)=O)CC(=C2)C=C1
"(7S,10S,13S)-13-{[(5S,8S)-5-amino-8-(hydroxymethyl)-6,9-dioxo-7-aza-2-thianon-9-yl]amino}-18-hydroxy-10-(2-methylpropyl)-9,12-dioxo-2,4,8,11-tetrazatricyclo[13.3.1.12,5]icosa-1(19),3,5(20),15(16),17-pentaene-7-carboxylic acid",,,2951913-31-6,C29H41N7O8S,OC1=C2N3C=C(N=C3)C[C@@H](C(O)=O)NC(=O)[C@H](CC(C)C)NC(=O)[C@@H](NC([C@@H](NC([C@H](CCSC)N)=O)CO)=O)CC(=C2)C=C1
"(7S,10S,13S)-13-{[(5S,8S)-5-amino-8-(carbamoylmethyl)-6,9-dioxo-7-aza-2-thianon-9-yl]amino}-18-hydroxy-10-(2-methylpropyl)-9,12-dioxo-2,4,8,11-tetrazatricyclo[13.3.1.12,5]icosa-1(19),3,5(20),15(16),17-pentaene-7-carboxylic acid",,,2951913-32-7,C30H42N8O8S,OC1=C2N3C=C(N=C3)C[C@@H](C(O)=O)NC(=O)[C@H](CC(C)C)NC(=O)[C@@H](NC([C@@H](NC([C@H](CCSC)N)=O)CC(N)=O)=O)CC(=C2)C=C1
"(7S,10S,13S)-13-{[(5S,8S)-5-amino-8-(hydroxymethyl)-6,9-dioxo-7-aza-2-thianon-9-yl]amino}-10-(carboxymethyl)-18-hydroxy-9,12-dioxo-2,4,8,11-tetrazatricyclo[13.3.1.12,5]icosa-1(19),3,5(20),15(16),17-pentaene-7-carboxylic acid",,,2951913-33-8,C27H35N7O10S,OC1=C2N3C=C(N=C3)C[C@@H](C(O)=O)NC(=O)[C@H](CC(O)=O)NC(=O)[C@@H](NC([C@@H](NC([C@H](CCSC)N)=O)CO)=O)CC(=C2)C=C1
"(7S,10S,13S)-10-(1H-indol-3-ylmethyl)-13-{[(5S,8S)-5-amino-8-(3-{[amino(azanylidene)methyl]amino}propyl)-6,9-dioxo-7-aza-2-thianon-9-yl]amino}-18-hydroxy-9,12-dioxo-2,4,8,11-tetrazatricyclo[13.3.1.12,5]icosa-1(19),3,5(20),15(16),17-pentaene-7-carboxylic acid",,,2951913-34-9,C37H47N11O7S,C(C=1C=2C(NC1)=CC=CC2)[C@@H]3NC(=O)[C@@H](NC([C@@H](NC([C@H](CCSC)N)=O)CCCNC(=N)N)=O)CC4=CC(N5C=C(C[C@@H](C(O)=O)NC3=O)N=C5)=C(O)C=C4
"(7S,10S,13S)-13-{[(5S,8S)-5-amino-8-(3-{[amino(azanylidene)methyl]amino}propyl)-6,9-dioxo-7-aza-2-thianon-9-yl]amino}-10-(carboxymethyl)-18-hydroxy-9,12-dioxo-2,4,8,11-tetrazatricyclo[13.3.1.12,5]icosa-1(19),3,5(20),15(16),17-pentaene-7-carboxylic acid",,,2951913-35-0,C30H42N10O9S,OC1=C2N3C=C(N=C3)C[C@@H](C(O)=O)NC(=O)[C@H](CC(O)=O)NC(=O)[C@@H](NC([C@@H](NC([C@H](CCSC)N)=O)CCCNC(=N)N)=O)CC(=C2)C=C1
"(7S,10S,13S)-13-{[(5S,8S)-5-amino-8-(3-{[amino(azanylidene)methyl]amino}propyl)-6,9-dioxo-7-aza-2-thianon-9-yl]amino}-10-(aminomethyl)-18-hydroxy-9,12-dioxo-2,4,8,11-tetrazatricyclo[13.3.1.12,5]icosa-1(19),3,5(20),15(16),17-pentaene-7-carboxylic acid",,,2951913-36-1,C29H43N11O7S,OC1=C2N3C=C(N=C3)C[C@@H](C(O)=O)NC(=O)[C@H](CN)NC(=O)[C@@H](NC([C@@H](NC([C@H](CCSC)N)=O)CCCNC(=N)N)=O)CC(=C2)C=C1
"(7S,10S,13S)-13-{[(5S,8S)-5-amino-8-(3-{[amino(azanylidene)methyl]amino}propyl)-6,9-dioxo-7-aza-2-thianon-9-yl]amino}-18-hydroxy-10-(hydroxymethyl)-9,12-dioxo-2,4,8,11-tetrazatricyclo[13.3.1.12,5]icosa-1(19),3,5(20),15(16),17-pentaene-7-carboxylic acid",,,2951913-37-2,C29H42N10O8S,OC1=C2N3C=C(N=C3)C[C@@H](C(O)=O)NC(=O)[C@H](CO)NC(=O)[C@@H](NC([C@@H](NC([C@H](CCSC)N)=O)CCCNC(=N)N)=O)CC(=C2)C=C1
"(7S,10R,13S)-13-{[(5S,8S)-5-amino-8-(3-{[amino(azanylidene)methyl]amino}propyl)-6,9-dioxo-7-aza-2-thianon-9-yl]amino}-18-hydroxy-9,12-dioxo-10-(sulfanylmethyl)-2,4,8,11-tetrazatricyclo[13.3.1.12,5]icosa-1(19),3,5(20),15(16),17-pentaene-7-carboxylic acid",,,2951913-38-3,C29H42N10O7S2,OC1=C2N3C=C(N=C3)C[C@@H](C(O)=O)NC(=O)[C@H](CS)NC(=O)[C@@H](NC([C@@H](NC([C@H](CCSC)N)=O)CCCNC(=N)N)=O)CC(=C2)C=C1
"(7S,10S,13S)-13-{[(5S,8S)-5-amino-8-(3-{[amino(azanylidene)methyl]amino}propyl)-6,9-dioxo-7-aza-2-thianon-9-yl]amino}-18-hydroxy-9,12-dioxo-10-(prop-2-ynyl)-2,4,8,11-tetrazatricyclo[13.3.1.12,5]icosa-1(19),3,5(20),15(16),17-pentaene-7-carboxylic acid",,,2951913-39-4,C31H42N10O7S,OC1=C2N3C=C(N=C3)C[C@@H](C(O)=O)NC(=O)[C@H](CC#C)NC(=O)[C@@H](NC([C@@H](NC([C@H](CCSC)N)=O)CCCNC(=N)N)=O)CC(=C2)C=C1
"(7S,10S,13S)-13-{[(5S,8S)-5-amino-8-(3-{[amino(azanylidene)methyl]amino}propyl)-6,9-dioxo-7-aza-2-thianon-9-yl]amino}-18-hydroxy-9,12-dioxo-10-(prop-2-yl)-2,4,8,11-tetrazatricyclo[13.3.1.12,5]icosa-1(19),3,5(20),15(16),17-pentaene-7-carboxylic acid",,,2951913-40-7,C31H46N10O7S,OC1=C2N3C=C(N=C3)C[C@@H](C(O)=O)NC(=O)[C@H](C(C)C)NC(=O)[C@@H](NC([C@@H](NC([C@H](CCSC)N)=O)CCCNC(=N)N)=O)CC(=C2)C=C1
"(7S,10S,13S)-13-{[(5S,8S)-5-amino-8-(3-{[amino(azanylidene)methyl]amino}propyl)-6,9-dioxo-7-aza-2-thianon-9-yl]amino}-10-[(2S)-but-2-yl]-18-hydroxy-9,12-dioxo-2,4,8,11-tetrazatricyclo[13.3.1.12,5]icosa-1(19),3,5(20),15(16),17-pentaene-7-carboxylic acid",,,2951913-41-8,C32H48N10O7S,OC1=C2N3C=C(N=C3)C[C@@H](C(O)=O)NC(=O)[C@]([C@H](CC)C)(NC(=O)[C@@H](NC([C@@H](NC([C@H](CCSC)N)=O)CCCNC(=N)N)=O)CC(=C2)C=C1)[H]
"(13S,16S,19S)-19-{[(2S)-2-{[(2S)-2-amino-4-[methyl(oxo)-lambda4-sulfanyl]-1-oxobutyl]amino}-5-{[amino(azanylidene)methyl]amino}-1-oxopentyl]amino}-16-(2-methylpropyl)-15,18-dioxo-2-oxa-4,14,17-triazatetracyclo[19.2.2.03,11.05,10]pentacosa-1(24),3(11),5(6),7,9,21(25),22-heptaene-13-carboxylic acid",,,2951913-49-6,C37H51N9O8S,C(O)(=O)[C@@H]1CC=2C=3C(NC2OC=4C=CC(=CC4)C[C@H](NC([C@@H](NC([C@H](CCS(C)=O)N)=O)CCCNC(=N)N)=O)C(=O)N[C@@H](CC(C)C)C(=O)N1)=CC=CC3
"(13S,19S)-19-{[(2S)-2-{[(2S)-2-amino-4-[methyl(oxo)-lambda4-sulfanyl]-1-oxobutyl]amino}-5-{[amino(azanylidene)methyl]amino}-1-oxopentyl]amino}-15,18-dioxo-2-oxa-4,14,17-triazatetracyclo[19.2.2.03,11.05,10]pentacosa-1(24),3(11),5(6),7,9,21(25),22-heptaene-13-carboxylic acid",,,2951913-50-9,C33H43N9O8S,C(O)(=O)[C@@H]1CC2=C(NC=3C2=CC=CC3)OC=4C=CC(=CC4)C[C@H](NC([C@@H](NC([C@H](CCS(C)=O)N)=O)CCCNC(=N)N)=O)C(=O)NCC(=O)N1
"(13S,16S,19S)-19-{[(2S)-2-{[(2S)-2-amino-4-[methyl(oxo)-lambda4-sulfanyl]-1-oxobutyl]amino}-5-{[amino(azanylidene)methyl]amino}-1-oxopentyl]amino}-16-methyl-15,18-dioxo-2-oxa-4,14,17-triazatetracyclo[19.2.2.03,11.05,10]pentacosa-1(24),3(11),5(6),7,9,21(25),22-heptaene-13-carboxylic acid",,,2951913-51-0,C34H45N9O8S,C(O)(=O)[C@@H]1CC=2C=3C(NC2OC=4C=CC(=CC4)C[C@H](NC([C@@H](NC([C@H](CCS(C)=O)N)=O)CCCNC(=N)N)=O)C(=O)N[C@@H](C)C(=O)N1)=CC=CC3
"(7S,10S,13S)-13-{[(2S)-2-{[(2S)-2-(formylamino)-4-[methyl(oxo)-lambda4-sulfanyl]-1-oxobutyl]amino}-5-{[amino(azanylidene)methyl]amino}-1-oxopentyl]amino}-18-hydroxy-10-(2-methylpropyl)-9,12-dioxo-2,4,8,11-tetrazatricyclo[13.3.1.12,5]icosa-1(19),3,5(20),15(16),17-pentaene-7-carboxylic acid",,,2951913-05-4,C33H48N10O9S,OC1=C2N3C=C(N=C3)C[C@@H](C(O)=O)NC(=O)[C@H](CC(C)C)NC(=O)[C@@H](NC([C@@H](NC([C@H](CCS(C)=O)NC=O)=O)CCCNC(=N)N)=O)CC(=C2)C=C1
"(7S,10S,13S)-13-{[(2S)-2-{[(2S)-2-amino-4-[methyl(oxo)-lambda4-sulfanyl]-1-oxobutyl]amino}-5-{[amino(azanylidene)methyl]amino}-1-oxopentyl]amino}-18-hydroxy-10-(2-methylpropyl)-9,12-dioxo-2,4,8,11-tetrazatricyclo[13.3.1.12,5]icosa-1(19),3,5(20),15(16),17-pentaene-7-carboxamide",,,2951913-07-6,C32H49N11O7S,OC1=C2N3C=C(N=C3)C[C@@H](C(N)=O)NC(=O)[C@H](CC(C)C)NC(=O)[C@@H](NC([C@@H](NC([C@H](CCS(C)=O)N)=O)CCCNC(=N)N)=O)CC(=C2)C=C1
"(7S,10R,13S)-13-{[(2S)-2-{[(2S)-2-amino-4-[methyl(oxo)-lambda4-sulfanyl]-1-oxobutyl]amino}-5-{[amino(azanylidene)methyl]amino}-1-oxopentyl]amino}-18-hydroxy-9,12-dioxo-10-(5-oxo-4-aza-2-thiahex-1-yl)-2,4,8,11-tetrazatricyclo[13.3.1.12,5]icosa-1(19),3,5(20),15(16),17-pentaene-7-carboxylic acid",,,2951913-20-3,C32H47N11O9S2,OC1=C2N3C=C(N=C3)C[C@@H](C(O)=O)NC(=O)[C@H](CSCNC(C)=O)NC(=O)[C@@H](NC([C@@H](NC([C@H](CCS(C)=O)N)=O)CCCNC(=N)N)=O)CC(=C2)C=C1
5-O-Acetylblennolide A,,,,,
11-Deoxycorticosterone,,,,,
Omega-Oh-Fatty Acid,,,,,
Omega-Aldo Fatty Acid,,,,,
30-Hydroxylation Of Naringenin,,,,,
N-Alkane,,,,,
24-Carboxy-Beta-Amyrin,,,,,
26-Oxo-22(R)-Hydroxycholesterol,,,,,
"3Beta,22-Dihydroxy-5Beta-Cholestan-6-One",,,,,
11Beta-Hydroxy-13(R)-Manoyl Oxide,,,,,
11-Oxo-13(R)-Manoyl Oxide,,,,,
Germacranoic Acid,,,,,
"12,13Beta-Epoxy-16Beta-Hydroxy-Beta-Amyrin",,,,,
25-Hydroxycucurbitadienol,,,,,
Dicarboxylic Acid,,,,,
Hydroxylated flavone,,,,,
Hydroxylated benzophenone,,,,,
23-Hydroxyerythrodiol,,,,,
23-Hydroxyuvaol,,,,,
26-Hydroxynorcastasterone,,,,,
2Beta-Hydroxycaulophyllogenin,,,,,
2Beta-Hydroxyechnocystic Acid,,,,,
Benzo(Alpha)Pyrene-3-Ol,,,,,
N-Alcohol,,,,,
Gibberellin As,,,,,
"4,4-Dimethyl-Zymosterol",,,,,
"9-Beta-Pimara-7,15-Dien-19-Oate",,,,,
"15,16-Didehydro-7Beta-Hydroxythalianol",,,,,
Secondary Alcohol And Ketone,,,,,
O-demethylated isovanillate,,,,,
*p*-hydroxybenzoate,,,,,
