Dock Index,Enzyme Index,Substrate Index,Label
48,52,1,0
58,282,1,0
60,347,1,0
61,351,1,0
62,380,1,0
63,450,1,0
73,597,1,0
99,930,1,1
101,949,1,1
103,986,1,1
104,1006,1,0
105,1021,1,0
106,1032,1,0
107,1035,1,0
108,1053,1,1
111,1081,1,0
112,1097,1,0
114,1110,1,0
117,1174,1,1
118,1175,1,0
132,1431,1,0
135,1489,1,0
137,1505,1,0
138,1509,1,0
139,1510,1,0
141,1543,1,0
142,1557,1,0
143,1578,1,0
147,1595,1,0
297,73,7,0
299,255,7,0
300,282,7,0
306,660,7,0
310,930,7,0
311,1065,7,0
318,12,8,0
324,36,8,0
327,50,8,0
328,53,8,1
333,73,8,0
339,84,8,0
344,109,8,0
348,123,8,0
350,129,8,0
354,144,8,0
362,179,8,0
364,192,8,0
375,258,8,0
384,295,8,0
385,306,8,0
386,317,8,0
392,371,8,0
403,447,8,0
407,472,8,0
408,475,8,0
410,490,8,0
416,520,8,0
425,562,8,0
433,608,8,0
436,624,8,0
439,637,8,0
443,653,8,1
444,656,8,1
450,677,8,0
454,690,8,1
456,700,8,0
457,702,8,0
473,760,8,0
475,767,8,0
483,788,8,1
485,793,8,1
488,805,8,0
489,809,8,0
490,815,8,0
491,819,8,0
493,827,8,1
495,835,8,1
502,857,8,1
506,863,8,1
509,867,8,1
510,874,8,1
513,882,8,0
514,889,8,0
519,899,8,1
520,900,8,1
525,912,8,1
530,936,8,1
533,946,8,0
536,949,8,0
539,972,8,0
549,1011,8,0
550,1020,8,0
558,1065,8,0
559,1087,8,0
564,1110,8,1
567,1132,8,0
570,1142,8,0
574,1158,8,0
575,1165,8,0
576,1174,8,0
581,1195,8,0
584,1207,8,0
585,1212,8,0
588,1219,8,0
593,1236,8,0
595,1255,8,0
597,1264,8,0
602,1282,8,0
603,1283,8,0
607,1297,8,1
608,1302,8,0
618,1362,8,0
619,1371,8,1
622,1382,8,0
628,1420,8,0
630,1443,8,0
638,1474,8,0
641,1481,8,0
642,1485,8,0
644,1491,8,0
645,1492,8,0
648,1509,8,0
650,1513,8,0
651,1522,8,0
657,1552,8,0
658,1561,8,0
662,1585,8,0
665,1597,8,0
666,1605,8,0
671,99,9,0
674,117,9,0
675,134,9,0
678,250,9,0
679,278,9,0
682,454,9,0
685,595,9,1
693,828,9,0
695,893,9,0
697,907,9,1
701,935,9,0
704,1003,9,0
712,1417,9,0
713,1493,9,0
717,1592,9,0
723,258,10,0
732,642,10,0
733,705,10,0
734,765,10,0
736,793,10,0
739,1030,10,0
741,1165,10,1
742,1207,10,1
748,144,11,0
749,259,11,0
750,320,11,1
753,532,11,0
754,645,11,0
758,788,11,0
760,834,11,0
763,857,11,0
765,882,11,0
770,1222,11,0
772,1255,11,0
773,1344,11,0
785,1219,12,0
786,1240,12,0
787,1283,12,0
788,1431,12,0
789,1508,12,0
792,52,13,0
793,123,13,0
797,237,13,0
804,317,13,0
806,351,13,0
809,435,13,0
812,490,13,0
814,508,13,1
815,509,13,1
821,556,13,0
826,677,13,0
830,788,13,0
831,792,13,1
833,835,13,0
841,890,13,0
844,929,13,0
845,936,13,1
847,1024,13,0
850,1093,13,1
852,1123,13,0
853,1130,13,1
854,1134,13,0
856,1175,13,1
861,1264,13,0
868,1408,13,0
875,1603,13,0
878,258,14,0
879,450,14,0
881,508,14,1
883,603,14,0
885,831,14,0
889,1297,14,0
890,1302,14,0
894,1584,14,0
914,284,16,0
915,324,16,0
917,451,16,0
918,496,16,0
920,583,16,0
922,779,16,1
924,849,16,0
928,1112,16,0
929,1139,16,0
930,1218,16,1
968,413,18,0
971,634,18,0
972,645,18,0
974,767,18,0
978,1115,18,0
980,1308,18,0
1025,239,21,0
1028,276,21,0
1031,491,21,0
1036,794,21,0
1037,826,21,0
1040,906,21,0
1042,954,21,0
1047,179,22,0
1048,258,22,0
1050,788,22,0
1055,936,22,0
1059,1556,22,0
1115,26,25,0
1116,50,25,0
1123,801,25,0
1125,856,25,0
1126,930,25,0
1172,414,28,0
1173,457,28,0
1174,483,28,0
1175,540,28,1
1176,721,28,0
1178,866,28,0
1282,179,30,0
1284,371,30,0
1286,588,30,0
1293,856,30,0
1296,1297,30,0
1297,1541,30,0
1352,61,34,0
1356,786,34,0
1357,828,34,0
1360,868,34,0
1362,998,34,1
1365,1184,34,0
1366,1273,34,0
1367,1296,34,0
1369,1365,34,0
1374,766,35,0
1375,831,35,1
1378,975,35,0
1383,1370,35,0
1602,118,44,0
1605,554,44,0
1607,850,44,0
1611,1184,44,0
1613,1296,44,0
1616,1512,44,0
1620,258,45,0
1622,490,45,0
1623,509,45,0
1625,780,45,1
1629,965,45,0
1630,1142,45,0
1633,1424,45,0
1668,203,47,0
1670,258,47,0
1673,588,47,0
1674,599,47,0
1675,624,47,0
1677,861,47,0
1680,1140,47,0
1682,1377,47,0
1701,377,49,0
1702,380,49,0
1703,450,49,0
1711,1297,49,0
1712,1418,49,0
1713,1511,49,0
1752,167,52,0
1753,258,52,0
1754,269,52,1
1764,990,52,0
1765,1034,52,0
1769,1308,52,0
1863,269,57,0
1865,793,57,0
1867,903,57,0
1868,963,57,0
1870,1253,57,0
1910,55,60,0
1914,258,60,0
1918,344,60,0
1923,509,60,0
1925,556,60,1
1929,693,60,0
1933,801,60,0
1934,805,60,0
1938,884,60,0
1942,936,60,0
1943,957,60,0
1945,1024,60,1
1947,1066,60,0
1949,1098,60,0
1984,412,62,0
1985,794,62,0
1986,817,62,0
1988,871,62,0
1991,1023,62,0
1994,1184,62,1
1996,1290,62,0
1998,1545,62,0
2000,31,63,0
2002,258,63,0
2006,503,63,0
2011,912,63,0
2012,922,63,0
2016,1262,63,1
2017,1430,63,0
2018,1489,63,0
2045,152,65,0
2046,177,65,0
2048,415,65,0
2049,460,65,0
2051,493,65,0
2052,552,65,0
2058,684,65,0
2060,774,65,1
2061,779,65,0
2072,1353,65,1
2074,1381,65,0
2075,1410,65,0
2077,1495,65,0
2079,55,66,0
2080,144,66,0
2081,161,66,0
2089,724,66,1
2090,788,66,0
2094,1053,66,0
2096,1119,66,0
2101,1297,66,0
2104,1483,66,0
2137,258,69,0
2141,514,69,0
2142,760,69,0
2144,809,69,0
2148,1426,69,0
2178,153,71,0
2179,284,71,0
2180,669,71,1
2181,697,71,0
2187,1197,71,0
2189,1232,71,0
2190,1290,71,0
2191,1453,71,0
2223,448,73,0
2226,727,73,0
2227,749,73,0
2229,970,73,0
2230,989,73,0
2232,1121,73,0
2233,1185,73,0
2234,1239,73,0
2327,239,78,0
2328,794,78,0
2330,998,78,1
2340,30,79,0
2343,108,79,0
2344,167,79,0
2346,203,79,0
2348,258,79,0
2353,427,79,0
2354,507,79,0
2358,677,79,1
2359,700,79,0
2363,755,79,0
2364,765,79,0
2365,767,79,0
2367,800,79,1
2368,801,79,1
2372,827,79,0
2383,1345,79,0
2392,234,80,0
2396,438,80,0
2399,690,80,0
2402,793,80,0
2405,857,80,0
2406,900,80,0
2407,912,80,0
2413,1377,80,0
2414,1523,80,0
2415,1540,80,0
2430,202,82,0
2431,308,82,0
2436,850,82,0
2440,1537,82,0
2458,49,84,0
2459,134,84,0
2463,833,84,0
2465,909,84,0
2474,1375,84,0
2521,478,87,0
2522,553,87,0
2523,585,87,0
2529,786,87,0
2530,798,87,0
2533,880,87,0
2535,1003,87,0
2536,1229,87,0
2630,81,92,0
2635,649,92,0
2636,713,92,0
2638,790,92,0
2643,1023,92,0
2669,340,94,0
2674,907,94,0
2675,956,94,0
2677,1198,94,0
2707,234,97,0
2709,656,97,0
2714,874,97,0
2715,936,97,0
2717,1020,97,0
2718,1140,97,0
2719,1251,97,0
2781,42,101,0
2783,392,101,0
2784,529,101,0
2786,593,101,0
2790,850,101,0
2793,1003,101,1
2796,1365,101,0
2802,326,102,0
2804,567,102,0
2805,593,102,1
2807,786,102,0
2812,1182,102,0
2813,1381,102,0
2814,1544,102,0
2815,1608,102,0
2863,447,106,0
2865,624,106,0
2868,748,106,0
2871,1110,106,0
2872,1115,106,0
2936,258,110,0
2938,377,110,0
2945,1008,110,0
2946,1097,110,0
2947,1300,110,1
2952,1426,110,0
2957,203,111,0
2959,223,111,0
2960,258,111,1
2963,580,111,0
2967,705,111,0
2971,1102,111,0
2975,1434,111,0
2977,1532,111,0
3081,26,115,0
3082,323,115,0
3087,549,115,0
3090,653,115,0
3093,866,115,1
3100,1062,115,0
3101,1115,115,0
3105,1219,115,0
3106,1282,115,0
3110,1439,115,0
3134,413,117,0
3135,450,117,0
3137,580,117,0
3139,745,117,0
3144,884,117,0
3146,1008,117,0
3151,1175,117,0
3153,1283,117,0
3154,1603,117,1
3280,106,122,0
3282,649,122,0
3284,730,122,0
3290,1427,122,0
3291,1498,122,0
3296,258,123,0
3300,760,123,0
3303,1049,123,0
3304,1115,123,0
3306,1362,123,0
3308,1523,123,0
3316,99,124,1
3319,156,124,1
3327,332,124,0
3330,415,124,0
3331,446,124,0
3332,454,124,0
3335,517,124,0
3338,554,124,0
3340,593,124,1
3341,649,124,0
3342,650,124,0
3343,657,124,0
3347,768,124,0
3349,786,124,0
3351,818,124,0
3352,833,124,0
3361,974,124,0
3363,1019,124,0
3369,1185,124,0
3372,1296,124,0
3375,1391,124,1
3376,1423,124,0
3378,1464,124,1
3474,302,129,0
3480,957,129,0
3481,975,129,0
3483,1165,129,0
3487,1432,129,0
3488,234,130,0
3489,258,130,1
3490,414,130,0
3493,748,130,0
3497,992,130,0
3498,1008,130,0
3499,1087,130,0
3501,1341,130,0
3504,1408,130,0
3505,1584,130,0
3507,136,131,0
3509,258,131,0
3510,269,131,0
3512,450,131,0
3513,659,131,0
3516,986,131,0
3517,1011,131,0
3524,1513,131,0
3526,1552,131,0
3527,1554,131,0
3532,258,132,0
3537,644,132,0
3542,936,132,0
3543,951,132,0
3545,1039,132,0
3546,1212,132,0
3549,1298,132,0
3551,1437,132,0
3553,1585,132,0
3598,276,135,0
3599,342,135,0
3601,517,135,0
3605,830,135,0
3608,871,135,0
3609,875,135,0
3610,893,135,0
3613,961,135,0
3614,974,135,0
3616,1607,135,0
3620,258,136,0
3624,843,136,0
3625,863,136,0
3626,946,136,0
3632,1128,136,0
3634,1212,136,0
3639,1563,136,0
3664,249,138,0
3665,258,138,0
3671,480,138,0
3679,929,138,0
3683,1039,138,0
3685,1098,138,1
3687,1115,138,1
3688,1122,138,0
3690,1236,138,0
3692,1366,138,0
3693,1367,138,0
3694,1443,138,0
3698,109,139,0
3700,257,139,0
3702,723,139,0
3703,777,139,0
3704,778,139,0
3714,258,140,0
3715,259,140,0
3720,440,140,0
3723,603,140,0
3724,695,140,0
3732,1078,140,0
3734,1392,140,0
3735,1407,140,0
3736,1466,140,0
3737,1524,140,1
3747,786,141,0
3748,828,141,0
3750,935,141,0
3751,995,141,0
3753,1139,141,0
3757,1473,141,0
3758,153,142,0
3761,326,142,0
3762,341,142,0
3766,935,142,0
3770,1411,142,0
3771,1512,142,0
3774,106,143,0
3775,118,143,0
3776,153,143,0
3778,266,143,0
3780,779,143,0
3791,1112,143,0
3792,1184,143,1
3793,1311,143,0
3795,1381,143,0
3800,403,144,0
3804,977,144,0
3806,1184,144,1
3826,106,146,0
3830,372,146,1
3832,522,146,0
3834,544,146,0
3835,572,146,1
3838,732,146,1
3840,794,146,0
3844,846,146,0
3847,917,146,0
3853,1046,146,0
3854,1052,146,0
3856,1124,146,0
3861,1427,146,0
3917,30,150,0
3919,53,150,0
3926,224,150,0
3927,257,150,0
3929,289,150,0
3935,440,150,0
3937,457,150,1
3939,472,150,0
3941,475,150,1
3942,507,150,0
3943,523,150,0
3950,759,150,1
3951,760,150,1
3956,882,150,1
3961,922,150,0
3962,934,150,0
3965,965,150,0
3968,1049,150,0
3969,1082,150,0
3971,1119,150,0
3972,1151,150,0
3974,1256,150,0
3975,1262,150,0
3979,1322,150,0
3980,1341,150,0
3985,1472,150,1
3994,857,151,0
3995,882,151,1
4000,1424,151,0
4001,1431,151,0
4002,1439,151,0
4003,1548,151,0
4004,116,152,0
4008,172,152,0
4011,258,152,0
4013,296,152,0
4016,368,152,0
4018,445,152,0
4019,475,152,0
4022,759,152,0
4024,812,152,0
4029,856,152,0
4030,861,152,1
4031,990,152,0
4032,1101,152,0
4037,1251,152,0
4039,1382,152,0
4069,54,154,0
4071,258,154,0
4074,780,154,0
4081,929,154,0
4084,1236,154,0
4085,1256,154,0
4086,1367,154,0
4087,1432,154,0
4139,84,158,0
4143,258,158,1
4147,637,158,0
4148,686,158,0
4153,788,158,0
4154,827,158,0
4158,1020,158,0
4161,1262,158,0
4162,1434,158,0
4163,1540,158,0
4229,312,161,0
4232,477,161,0
4234,662,161,0
4238,954,161,0
4239,969,161,0
4240,998,161,0
4242,1146,161,0
4266,611,163,0
4270,1011,163,0
4271,1128,163,0
4275,1264,163,0
4277,1414,163,0
4281,1542,163,0
4282,1554,163,0
4300,258,165,1
4305,480,165,0
4307,705,165,0
4314,1053,165,0
4316,1128,165,0
4317,1382,165,0
4319,1424,165,0
4321,1513,165,0
4322,1576,165,0
4324,339,166,0
4327,794,166,0
4328,820,166,0
4329,833,166,0
4331,850,166,0
4337,1180,166,0
4340,1449,166,0
4342,1614,166,1
4343,105,167,0
4344,258,167,0
4345,333,167,0
4347,721,167,0
4352,912,167,0
4357,1418,167,0
4471,110,175,0
4472,150,175,0
4473,152,175,0
4477,369,175,0
4480,529,175,0
4488,875,175,0
4490,1036,175,0
4491,1154,175,0
4492,1166,175,0
4497,1348,175,0
4498,1376,175,1
4517,84,177,0
4518,258,177,0
4519,296,177,0
4523,819,177,0
4524,827,177,0
4526,889,177,0
4529,1240,177,0
4535,12,178,0
4537,36,178,0
4540,53,178,0
4543,108,178,0
4546,171,178,0
4554,302,178,0
4555,327,178,0
4569,520,178,0
4572,613,178,0
4578,800,178,0
4585,861,178,0
4586,915,178,0
4587,930,178,1
4590,965,178,0
4592,986,178,1
4594,1009,178,0
4598,1053,178,1
4603,1082,178,0
4605,1101,178,1
4607,1116,178,1
4608,1118,178,0
4621,1264,178,0
4623,1283,178,0
4627,1337,178,0
4628,1344,178,0
4630,1371,178,0
4634,1481,178,0
4635,1492,178,0
4637,1502,178,0
4638,1523,178,0
4641,1597,178,0
4713,159,182,0
4714,250,182,0
4715,332,182,0
4716,477,182,0
4717,585,182,0
4722,791,182,0
4724,833,182,0
4728,888,182,0
4738,1146,182,0
4740,1296,182,1
4741,1304,182,0
4742,1340,182,0
4746,1607,182,0
4811,575,186,0
4813,633,186,0
4817,875,186,0
4818,1270,186,0
4820,1384,186,0
4821,1411,186,0
4825,203,187,0
4826,258,187,1
4828,549,187,0
4833,1102,187,0
4834,1130,187,0
4838,1468,187,0
4840,116,188,0
4842,258,188,0
4843,347,188,0
4847,603,188,0
4854,1151,188,0
4856,1165,188,0
4859,1396,188,1
4860,26,189,0
4861,109,189,0
4862,136,189,0
4866,580,189,0
4867,702,189,0
4876,1322,189,0
4879,258,190,1
4881,457,190,0
4888,957,190,0
4891,1431,190,0
4892,1511,190,0
4894,1578,190,0
5034,509,194,0
5035,599,194,0
5038,793,194,0
5039,800,194,0
5043,1093,194,0
5046,1491,194,0
5052,601,195,0
5055,767,195,0
5056,769,195,0
5058,792,195,0
5061,1013,195,0
5064,1233,195,0
5065,1241,195,0
5066,1256,195,0
5068,1362,195,0
5075,735,196,0
5078,849,196,0
5079,880,196,1
5081,1139,196,0
5083,1376,196,0
5085,1512,196,0
5088,278,197,0
5094,828,197,0
5096,853,197,0
5097,909,197,0
5099,1170,197,0
5101,1338,197,0
5102,108,198,0
5104,258,198,1
5105,427,198,0
5108,580,198,0
5110,690,198,0
5112,780,198,0
5118,1024,198,0
5120,1240,198,0
5122,1297,198,0
5123,1366,198,0
5125,54,199,0
5129,570,199,0
5130,801,199,0
5135,1097,199,0
5136,1207,199,0
5138,1472,199,0
5160,29,201,0
5161,125,201,0
5164,484,201,0
5170,832,201,0
5172,849,201,0
5173,1090,201,0
5175,1493,201,0
5179,329,202,0
5180,735,202,0
5182,771,202,0
5183,772,202,0
5186,998,202,0
5191,1495,202,0
5237,661,205,0
5238,772,205,0
5242,888,205,0
5244,993,205,0
5245,998,205,0
5246,1003,205,0
5248,1198,205,0
5251,1397,205,1
5301,79,208,0
5303,138,208,0
5306,187,208,0
5308,786,208,0
5309,794,208,0
5310,798,208,0
5313,998,208,0
5316,1196,208,0
5346,257,210,0
5347,258,210,0
5349,580,210,0
5352,690,210,0
5355,930,210,0
5358,963,210,0
5363,1540,210,0
5364,184,211,0
5371,777,211,0
5373,843,211,0
5375,965,211,0
5377,1240,211,0
5380,1524,211,0
5474,91,217,0
5477,553,217,0
5479,593,217,0
5480,638,217,0
5481,828,217,0
5486,998,217,0
5488,1112,217,0
5489,1280,217,0
5539,258,220,0
5543,827,220,0
5548,1021,220,0
5549,1039,220,0
5550,1097,220,0
5552,1341,220,0
5559,333,221,0
5561,483,221,0
5562,562,221,0
5564,677,221,0
5565,723,221,1
5566,766,221,0
5569,912,221,0
5571,1043,221,0
5576,258,222,0
5581,788,222,0
5584,863,222,0
5590,1240,222,0
5593,1362,222,0
5594,1472,222,0
5595,1513,222,0
5599,167,223,0
5600,258,223,0
5605,890,223,0
5607,1039,223,1
5610,1119,223,0
5614,1438,223,0
5672,102,227,0
5681,234,227,1
5682,258,227,0
5691,371,227,0
5693,427,227,0
5694,447,227,0
5695,495,227,0
5698,521,227,0
5704,659,227,0
5705,660,227,0
5706,681,227,0
5708,745,227,0
5711,792,227,0
5712,800,227,0
5713,804,227,0
5714,812,227,0
5715,815,227,0
5717,834,227,0
5726,934,227,0
5727,936,227,0
5729,951,227,0
5734,1013,227,0
5737,1087,227,0
5742,1255,227,0
5755,1382,227,0
5757,1408,227,0
5758,1438,227,1
5760,1443,227,1
5761,1468,227,0
5763,1481,227,0
5767,1527,227,0
5769,1540,227,0
5771,1560,227,0
5812,55,230,0
5815,508,230,0
5819,834,230,0
5823,963,230,0
5824,1128,230,0
5825,1207,230,0
5829,1540,230,0
5832,258,231,1
5833,314,231,0
5839,863,231,0
5842,1021,231,0
5845,1265,231,0
5849,1578,231,0
5850,258,232,0
5856,827,232,0
5858,873,232,0
5860,929,232,0
5861,932,232,0
5862,946,232,0
5864,992,232,0
5871,160,233,0
5873,340,233,0
5874,467,233,0
5875,491,233,0
5876,529,233,0
5884,1356,233,1
5919,258,235,0
5922,769,235,0
5924,788,235,0
5928,900,235,0
5930,1367,235,0
5938,258,236,0
5943,508,236,0
5945,580,236,0
5946,603,236,0
5952,882,236,0
5955,966,236,0
5959,1220,236,0
5964,1366,236,0
5966,1524,236,0
5967,1539,236,0
5971,54,237,0
5972,123,237,1
5974,427,237,0
5975,507,237,0
5976,634,237,0
6011,29,240,0
6012,155,240,0
6016,348,240,0
6021,451,240,0
6022,467,240,0
6023,517,240,0
6024,546,240,0
6025,638,240,0
6027,657,240,0
6028,727,240,0
6030,772,240,0
6036,1019,240,0
6037,1027,240,0
6039,1232,240,0
6086,284,243,1
6088,500,243,0
6090,593,243,0
6091,633,243,0
6097,880,243,0
6100,1154,243,0
6101,1198,243,0
6103,1296,243,0
6104,1348,243,0
6108,329,244,0
6110,424,244,0
6111,636,244,0
6113,817,244,0
6117,998,244,1
6120,1230,244,0
6122,103,245,0
6130,828,245,0
6133,888,245,0
6135,998,245,0
6137,1538,245,0
6140,258,246,0
6143,450,246,0
6147,780,246,0
6150,913,246,0
6152,986,246,0
6154,1021,246,0
6156,1140,246,0
6157,1240,246,1
6163,1511,246,0
6165,1527,246,0
6416,192,256,0
6418,257,256,0
6422,447,256,0
6423,462,256,0
6424,532,256,1
6425,588,256,0
6436,1101,256,0
6439,1240,256,0
6440,1341,256,0
6446,61,257,0
6447,64,257,0
6448,130,257,0
6451,193,257,0
6453,240,257,0
6457,266,257,0
6458,278,257,0
6463,533,257,1
6465,537,257,0
6477,786,257,0
6481,909,257,0
6484,953,257,0
6486,1003,257,0
6493,1163,257,0
6499,1296,257,0
6502,1417,257,1
6504,1419,257,1
6506,1536,257,0
6507,1538,257,0
6512,195,258,1
6514,333,258,0
6515,359,258,0
6518,420,258,0
6520,447,258,1
6522,579,258,0
6530,957,258,0
6532,1005,258,0
6535,1194,258,0
6539,1406,258,0
6541,1510,258,0
6571,237,260,0
6576,380,260,0
6583,792,260,0
6590,986,260,0
6592,1128,260,0
6594,1207,260,0
6595,1298,260,0
6597,1424,260,0
6600,1502,260,0
6601,1599,260,0
6604,402,261,0
6606,779,261,0
6607,794,261,0
6609,832,261,0
6611,841,261,0
6613,871,261,0
6616,998,261,0
6621,1471,261,0
6622,35,262,0
6625,558,262,0
6627,736,262,0
6631,850,262,0
6632,860,262,0
6737,780,267,0
6738,801,267,0
6742,1116,267,0
6743,1236,267,0
6744,1240,267,0
6778,462,270,0
6783,780,270,0
6790,1236,270,0
6791,1263,270,0
6792,1264,270,0
6793,1322,270,0
6811,106,272,0
6815,341,272,1
6817,736,272,0
6818,786,272,0
6819,817,272,0
6820,826,272,0
6825,1311,272,0
6832,484,273,0
6837,977,273,0
6838,1139,273,0
6839,1229,273,0
6842,1311,273,0
6845,1579,273,0
6847,1590,273,0
6882,53,275,0
6885,475,275,0
6886,508,275,0
6889,831,275,0
6895,1011,275,1
6896,1043,275,0
6900,73,276,0
6901,144,276,0
6902,258,276,0
6903,521,276,1
6904,581,276,0
6909,874,276,0
6910,884,276,0
6913,1035,276,0
6914,1065,276,0
6915,1097,276,0
6916,1102,276,0
6919,1261,276,0
6920,1262,276,0
6923,1341,276,0
6924,1481,276,0
6927,1543,276,0
7046,258,279,0
7047,302,279,0
7050,532,279,0
7051,602,279,0
7052,755,279,0
7055,827,279,0
7111,258,282,1
7112,311,282,0
7116,936,282,0
7118,1241,282,0
7119,1251,282,0
7121,1300,282,0
7127,329,283,0
7128,332,283,0
7129,491,283,0
7130,530,283,0
7132,670,283,0
7136,817,283,0
7139,869,283,0
7141,907,283,0
7143,935,283,0
7166,475,285,0
7167,520,285,0
7168,532,285,0
7169,690,285,0
7173,882,285,0
7177,1344,285,0
7181,1500,285,0
7182,1527,285,0
7246,117,288,0
7247,155,288,0
7256,794,288,1
7257,828,288,1
7261,998,288,0
7267,1354,288,0
7268,1411,288,0
7269,1449,288,0
7270,1544,288,0
7296,279,290,0
7297,296,290,0
7301,812,290,0
7303,934,290,0
7305,1008,290,0
7308,1251,290,0
7309,1254,290,0
7310,1371,290,0
7461,258,298,1
7463,377,298,0
7465,487,298,0
7467,599,298,0
7468,642,298,0
7469,767,298,0
7470,793,298,0
7471,800,298,0
7493,18,300,0
7495,153,300,0
7498,448,300,0
7501,772,300,0
7502,779,300,0
7509,1198,300,0
7510,1229,300,0
7511,1376,300,0
7530,8,302,1
7535,179,302,0
7542,351,302,0
7546,608,302,0
7549,748,302,0
7554,936,302,0
7555,946,302,0
7558,1009,302,0
7565,1406,302,0
7566,1431,302,0
7567,1483,302,0
7569,1578,302,0
7623,8,305,0
7625,123,305,0
7628,237,305,0
7639,645,305,0
7641,788,305,0
7645,990,305,0
7648,1098,305,1
7649,1115,305,1
7650,1128,305,0
7655,1424,305,0
7656,1466,305,0
7657,1481,305,0
7658,1540,305,0
7660,1576,305,0
7664,258,306,1
7665,462,306,0
7666,490,306,0
7667,581,306,0
7672,932,306,0
7674,1098,306,0
7675,1102,306,0
7678,1320,306,0
7681,1604,306,0
7682,79,307,0
7683,410,307,0
7684,504,307,0
7686,649,307,0
7693,935,307,0
7695,1225,307,0
7697,1397,307,0
7698,1473,307,0
7717,478,309,0
7718,598,309,0
7722,794,309,0
7724,1023,309,0
7728,1146,309,0
7730,1397,309,1
7778,18,312,0
7781,313,312,0
7784,369,312,0
7787,530,312,0
7788,568,312,0
7792,725,312,0
7794,786,312,0
7796,872,312,0
7799,977,312,0
7801,1069,312,0
7805,1184,312,1
7806,1198,312,0
7809,1291,312,0
7832,86,314,1
7835,248,314,0
7840,375,314,0
7847,500,314,0
7852,730,314,0
7854,794,314,0
7856,841,314,0
7859,1036,314,1
7868,1338,314,0
7869,1348,314,1
7871,1525,314,0
7872,1555,314,0
7896,237,316,0
7898,258,316,0
7899,269,316,0
7904,1102,316,0
7906,1426,316,0
7910,42,317,0
7911,110,317,0
7912,160,317,0
7913,342,317,0
7914,411,317,0
7915,451,317,0
7917,529,317,0
7919,735,317,0
7926,1427,317,0
7962,527,320,0
7965,769,320,0
7966,800,320,0
7970,1194,320,0
7971,1418,320,0
7972,1522,320,0
7989,12,322,0
7993,320,322,0
7994,327,322,0
7995,371,322,0
7999,603,322,0
8000,723,322,0
8006,1128,322,0
8007,1241,322,0
8008,1268,322,0
8015,323,323,0
8017,414,323,0
8019,624,323,0
8020,653,323,0
8027,1619,323,0
8029,49,324,0
8032,193,324,0
8034,240,324,0
8037,425,324,0
8038,454,324,0
8040,461,324,0
8042,515,324,0
8049,657,324,0
8055,794,324,1
8058,832,324,1
8065,883,324,0
8066,953,324,0
8071,1079,324,0
8073,1124,324,0
8076,1197,324,0
8082,1309,324,0
8083,1319,324,0
8085,1365,324,0
8087,1402,324,0
8088,1411,324,0
8091,1464,324,0
8096,1600,324,0
8098,258,325,0
8102,450,325,0
8103,658,325,0
8106,804,325,0
8109,1009,325,0
8110,1088,325,0
8111,1256,325,0
8116,372,326,0
8118,449,326,0
8120,828,326,0
8124,998,326,0
8125,1023,326,0
8127,1196,326,1
8128,1323,326,0
8130,1449,326,0
8134,71,327,0
8135,134,327,0
8136,152,327,0
8137,155,327,0
8142,595,327,0
8149,1227,327,0
8208,97,331,0
8210,304,331,0
8212,446,331,1
8213,467,331,0
8214,552,331,0
8218,833,331,0
8223,1181,331,0
8227,20,332,0
8231,425,332,0
8232,530,332,0
8234,680,332,0
8237,1239,332,1
8243,723,333,0
8247,1282,333,0
8248,1557,333,0
8251,1603,333,0
8398,91,339,0
8405,817,339,1
8407,977,339,0
8410,1198,339,0
8413,1488,339,0
8417,260,340,0
8418,284,340,0
8419,484,340,0
8420,598,340,0
8424,998,340,1
8426,1340,340,0
8428,1410,340,0
8429,1493,340,0
8431,42,341,0
8437,309,341,0
8439,402,341,0
8443,657,341,0
8446,768,341,0
8448,875,341,0
8449,880,341,0
8450,998,341,0
8451,1090,341,0
8453,1139,341,0
8548,258,345,0
8558,807,345,0
8560,912,345,0
8561,946,345,0
8563,1034,345,0
8564,1102,345,0
8568,1523,345,0
8571,532,346,0
8573,705,346,1
8574,721,346,0
8578,1098,346,0
8654,543,351,0
8655,622,351,0
8658,861,351,0
8662,1524,351,0
8733,258,354,0
8736,520,354,0
8737,532,354,0
8738,570,354,0
8739,809,354,0
8742,861,354,0
8852,159,360,0
8856,533,360,0
8859,679,360,0
8861,832,360,0
8865,1061,360,0
8867,1229,360,0
8873,425,361,0
8874,484,361,0
8879,689,361,0
8880,772,361,1
8883,1243,361,0
8885,1417,361,0
8887,69,362,0
8890,533,362,0
8891,714,362,0
8892,772,362,1
8894,998,362,0
8899,1581,362,0
8902,202,363,0
8904,324,363,0
8907,774,363,0
8908,794,363,0
8915,1181,363,0
8988,172,368,0
8989,258,368,0
8997,1021,368,0
9000,1212,368,0
9001,1341,368,0
9003,1482,368,0
9006,258,369,1
9013,890,369,0
9014,912,369,0
9015,936,369,0
9016,1039,369,0
9019,1443,369,0
9020,1557,369,0
9021,91,370,0
9023,726,370,0
9025,820,370,0
9026,833,370,0
9034,1348,370,0
9035,1411,370,0
9039,108,371,0
9040,258,371,1
9046,728,371,0
9050,1009,371,0
9051,1013,371,0
9057,1430,371,0
9058,1466,371,0
9110,35,373,0
9112,373,373,0
9114,454,373,0
9119,828,373,0
9120,832,373,0
9126,1023,373,0
9127,1258,373,0
9128,1296,373,0
9130,1393,373,0
9195,43,377,0
9197,258,377,0
9199,345,377,0
9200,480,377,0
9201,514,377,0
9203,608,377,0
9205,644,377,0
9208,777,377,0
9213,1128,377,0
9216,1251,377,0
9257,85,379,0
9259,258,379,0
9262,475,379,0
9264,592,379,0
9267,827,379,0
9268,843,379,0
9270,1088,379,0
9271,1093,379,0
9272,1102,379,0
9276,8,380,0
9277,30,380,0
9278,258,380,0
9283,1053,380,0
9284,1102,380,0
9289,1491,380,0
9331,68,383,0
9332,89,383,0
9337,217,383,0
9340,522,383,0
9342,772,383,0
9344,841,383,0
9346,1299,383,0
9350,136,384,0
9351,231,384,0
9353,258,384,0
9356,856,384,0
9357,884,384,0
9362,1013,384,0
9364,1062,384,0
9367,1314,384,0
9375,645,385,0
9376,721,385,0
9380,932,385,0
9382,1212,385,0
9383,1264,385,0
9389,258,386,0
9392,495,386,0
9393,717,386,0
9398,861,386,0
9401,1008,386,0
9406,1597,386,0
9443,11,389,0
9444,29,389,0
9446,485,389,0
9449,969,389,1
9453,1449,389,0
9455,1495,389,0
9507,440,393,0
9509,543,393,0
9513,793,393,0
9515,856,393,0
9520,1264,393,0
9591,49,396,0
9592,575,396,0
9598,961,396,0
9599,998,396,1
9605,341,397,0
9609,786,397,0
9612,995,397,0
9614,1296,397,0
9615,1304,397,0
9616,1353,397,0
9618,1559,397,0
9620,8,398,0
9628,1087,398,1
9629,1128,398,0
9630,1193,398,0
9632,1282,398,0
9635,1557,398,0
9652,77,400,1
9654,309,400,0
9657,451,400,0
9659,626,400,0
9662,736,400,0
9663,786,400,0
9669,1296,400,0
9672,1525,400,0
9675,372,401,0
9678,701,401,0
9683,868,401,0
9684,917,401,0
9687,1230,401,0
9707,234,403,0
9709,293,403,0
9713,759,403,0
9714,801,403,0
9716,912,403,0
9803,31,408,0
9805,258,408,0
9806,320,408,0
9807,447,408,0
9809,729,408,0
9812,780,408,0
9815,936,408,0
9823,1207,408,0
9946,55,412,0
9947,258,412,0
9951,634,412,0
9953,780,412,0
9954,800,412,0
9963,1128,412,0
9964,1207,412,0
9966,1251,412,0
9968,50,413,0
9971,291,413,0
9972,379,413,0
9975,540,413,0
9977,570,413,0
9979,690,413,0
9982,1262,413,0
9985,1616,413,0
9993,347,414,0
9997,541,414,0
9999,637,414,0
10000,644,414,0
10004,857,414,0
10005,890,414,0
10014,1220,414,0
10015,1282,414,0
10016,1322,414,0
10019,1420,414,1
10022,1527,414,0
10023,1543,414,0
10098,317,417,0
10103,540,417,0
10107,693,417,0
10108,717,417,0
10118,1128,417,0
10119,1233,417,0
10121,1282,417,0
10125,1483,417,0
10126,1552,417,0
10128,228,418,0
10129,258,418,0
10130,580,418,0
10138,1254,418,0
10139,1542,418,0
10140,96,419,0
10141,258,419,0
10142,327,419,0
10143,580,419,0
10155,1082,419,0
10156,1128,419,0
10158,1195,419,0
10161,1434,419,0
10163,8,420,0
10164,43,420,0
10165,258,420,0
10167,532,420,0
10169,540,420,0
10171,717,420,0
10199,340,422,0
10201,489,422,0
10205,880,422,0
10206,998,422,1
10209,1163,422,0
10211,1512,422,0
10231,42,424,0
10234,150,424,0
10236,159,424,0
10241,278,424,0
10249,461,424,1
10250,477,424,0
10253,667,424,0
10255,674,424,0
10256,679,424,0
10259,742,424,0
10263,794,424,1
10266,828,424,1
10275,993,424,0
10276,998,424,0
10277,1003,424,0
10280,1045,424,1
10284,1112,424,0
10287,1239,424,0
10288,1245,424,0
10290,1311,424,0
10298,1495,424,0
10303,1572,424,0
10331,195,426,0
10332,258,426,0
10337,780,426,1
10340,866,426,0
10344,1102,426,0
10345,1132,426,0
10346,1151,426,0
10348,1207,426,0
10371,350,428,0
10373,410,428,0
10378,742,428,0
10381,786,428,0
10386,1000,428,0
10391,1198,428,0
10392,1225,428,0
10396,1356,428,0
10402,1601,428,1
10403,1609,428,0
10404,1612,428,1
10405,1617,428,1
10408,77,429,0
10409,138,429,0
10410,152,429,1
10415,428,429,0
10416,467,429,0
10418,694,429,0
10421,817,429,0
10427,1166,429,0
10429,1270,429,0
10433,1498,429,0
10469,689,431,0
10470,794,431,0
10474,1185,431,0
10476,1419,431,0
10477,1488,431,0
10494,71,433,0
10496,308,433,0
10497,428,433,0
10499,573,433,0
10500,593,433,0
10503,818,433,0
10506,868,433,0
10507,907,433,0
10512,1214,433,0
10516,1343,433,0
10543,52,435,0
10545,73,435,0
10547,85,435,0
10548,96,435,0
10551,108,435,1
10552,109,435,1
10558,167,435,0
10559,179,435,1
10560,184,435,0
10563,224,435,0
10565,269,435,0
10567,289,435,0
10570,306,435,1
10574,314,435,0
10576,351,435,0
10577,356,435,0
10583,420,435,0
10588,447,435,0
10593,507,435,0
10594,509,435,0
10597,540,435,0
10614,700,435,0
10616,724,435,0
10622,800,435,0
10626,831,435,0
10633,873,435,0
10635,899,435,0
10636,912,435,0
10645,1009,435,1
10646,1013,435,0
10648,1032,435,0
10649,1054,435,0
10651,1097,435,0
10652,1102,435,0
10653,1122,435,0
10655,1140,435,0
10659,1262,435,0
10662,1298,435,0
10665,1320,435,0
10673,1438,435,0
10678,1500,435,0
10681,1513,435,0
10684,1524,435,0
10686,1527,435,0
10687,1542,435,0
10688,1557,435,0
10690,1586,435,0
10694,18,436,0
10696,125,436,0
10698,309,436,0
10699,348,436,0
10700,594,436,0
10702,772,436,0
10705,935,436,0
10706,1232,436,0
10709,1553,436,0
10710,155,437,0
10712,373,437,0
10713,425,437,0
10715,530,437,1
10719,832,437,0
10721,1027,437,0
10723,1218,437,0
10752,830,439,0
10754,853,439,0
10757,1387,439,0
10759,1559,439,0
10762,255,440,0
10763,258,440,0
10766,780,440,1
10769,866,440,0
10774,1233,440,0
10777,1331,440,0
10778,1468,440,0
11168,123,442,0
11169,258,442,0
11173,351,442,0
11174,438,442,0
11176,549,442,0
11177,622,442,0
11179,690,442,0
11183,949,442,0
11186,1132,442,0
11188,1178,442,0
11196,108,443,0
11198,179,443,0
11199,258,443,0
11202,815,443,0
11206,1049,443,0
11209,1366,443,0
11233,946,445,0
11234,966,445,0
11235,1118,445,0
11236,1123,445,0
11239,1207,445,0
11240,1261,445,0
11250,125,446,1
11260,278,446,0
11264,375,446,0
11266,449,446,1
11267,454,446,0
11270,478,446,0
11272,489,446,0
11273,496,446,0
11275,526,446,0
11276,565,446,0
11279,595,446,1
11287,689,446,0
11293,771,446,1
11294,813,446,0
11298,849,446,0
11302,880,446,0
11303,907,446,1
11304,974,446,0
11305,978,446,0
11306,1003,446,0
11308,1112,446,0
11309,1137,446,0
11313,1170,446,0
11316,1180,446,0
11323,1351,446,0
11335,1579,446,0
11382,79,449,0
11385,515,449,0
11386,649,449,0
11387,674,449,0
11391,974,449,0
11393,1387,449,0
11421,97,451,0
11428,772,451,0
11431,983,451,0
11432,1003,451,0
11434,1291,451,0
11436,1411,451,0
11440,108,452,1
11441,109,452,1
11445,179,452,1
11447,359,452,0
11454,570,452,0
11459,656,452,0
11464,805,452,0
11466,856,452,0
11467,874,452,0
11468,897,452,0
11469,946,452,0
11473,1005,452,0
11474,1006,452,0
11475,1009,452,1
11476,1011,452,0
11477,1049,452,0
11479,1082,452,0
11483,1268,452,0
11486,1366,452,0
11495,300,453,0
11499,679,453,0
11504,864,453,0
11505,906,453,0
11508,1495,453,0
11604,649,457,0
11606,779,457,0
11608,907,457,0
11609,954,457,0
11615,1243,457,0
11617,1311,457,0
11681,82,460,0
11682,134,460,0
11683,176,460,0
11684,196,460,0
11687,232,460,0
11692,362,460,0
11697,550,460,0
11698,593,460,0
11701,626,460,0
11703,749,460,0
11710,935,460,1
11711,1055,460,0
11717,1170,460,0
11720,1270,460,0
11728,176,461,0
11732,339,461,0
11734,405,461,0
11736,461,461,0
11737,479,461,0
11738,499,461,0
11739,598,461,0
11746,977,461,0
11747,1139,461,0
11769,125,463,0
11774,554,463,0
11775,630,463,0
11777,917,463,0
11780,1000,463,0
11782,1124,463,0
11784,1460,463,0
11803,677,465,0
11807,843,465,0
11809,863,465,0
11810,932,465,0
11811,1034,465,0
11816,1541,465,0
11855,30,468,0
11858,580,468,0
11861,724,468,0
11864,777,468,0
11868,1025,468,0
11870,1262,468,0
11885,258,470,0
11887,393,470,0
11889,413,470,0
11890,427,470,0
11893,792,470,0
11899,1472,470,0
11900,1523,470,1
11943,53,473,1
11944,54,473,0
11956,221,473,0
11959,255,473,1
11960,258,473,0
11965,306,473,0
11968,333,473,0
11978,393,473,0
11979,413,473,0
11984,445,473,0
11985,462,473,0
11987,527,473,0
11998,645,473,0
12000,653,473,1
12001,656,473,1
12002,659,473,0
12003,690,473,1
12004,721,473,0
12005,723,473,0
12008,769,473,0
12022,903,473,0
12024,932,473,0
12025,936,473,0
12026,946,473,0
12032,972,473,0
12035,1025,473,0
12036,1034,473,0
12045,1081,473,0
12048,1110,473,0
12053,1140,473,0
12056,1167,473,1
12059,1174,473,0
12062,1207,473,0
12068,1251,473,0
12072,1297,473,0
12073,1300,473,0
12078,1371,473,1
12080,1407,473,0
12082,1432,473,0
12083,1438,473,0
12084,1457,473,0
12086,1481,473,0
12089,1516,473,0
12092,1563,473,0
12093,1585,473,0
12258,38,480,0
12259,153,480,1
12262,332,480,0
12263,451,480,0
12264,478,480,0
12265,649,480,0
12269,817,480,0
12270,830,480,0
12273,841,480,0
12275,998,480,0
12278,1612,480,0
12310,167,482,0
12312,258,482,0
12313,380,482,0
12320,1366,482,1
12322,1595,482,0
12358,257,485,0
12360,622,485,0
12366,946,485,0
12367,1008,485,0
12369,1128,485,0
12377,223,486,0
12379,258,486,0
12382,445,486,0
12387,1035,486,0
12388,1097,486,0
12390,1264,486,0
12391,1297,486,0
12393,1510,486,0
12457,109,491,0
12459,258,491,1
12462,717,491,0
12468,1174,491,0
12471,1438,491,0
12538,11,496,0
12544,124,496,0
12549,274,496,0
12551,348,496,0
12552,350,496,0
12554,373,496,1
12555,449,496,0
12556,484,496,0
12557,553,496,1
12560,567,496,0
12561,585,496,0
12564,652,496,0
12565,670,496,0
12567,818,496,0
12573,864,496,1
12577,1019,496,0
12584,1230,496,0
12586,1281,496,0
12587,1290,496,0
12589,1340,496,0
12591,1411,496,0
12596,1506,496,1
12616,11,498,0
12618,115,498,0
12625,373,498,1
12629,444,498,0
12633,813,498,0
12634,828,498,0
12636,841,498,0
12637,842,498,0
12638,864,498,1
12645,1218,498,0
12649,1324,498,0
12651,1415,498,0
12657,31,499,0
12662,203,499,0
12663,258,499,1
12664,296,499,0
12667,540,499,0
12669,788,499,0
12672,1151,499,0
12676,1344,499,0
12677,1370,499,0
12746,153,502,0
12748,174,502,0
12753,554,502,0
12754,669,502,0
12757,725,502,0
12758,736,502,0
12760,830,502,0
12762,907,502,0
12765,1000,502,0
12766,1036,502,0
12771,1270,502,0
12776,246,503,0
12777,575,503,0
12778,595,503,0
12784,772,503,0
12785,828,503,0
12788,1397,503,0
12793,108,504,0
12794,258,504,0
12795,302,504,0
12802,1021,504,0
12804,1039,504,0
12805,1043,504,0
12811,258,505,1
12812,306,505,0
12814,804,505,0
12818,1219,505,0
12822,1457,505,0
12828,659,506,0
12830,690,506,0
12832,936,506,0
12833,1035,506,0
12835,1254,506,0
12838,1557,506,0
12944,861,512,1
12945,992,512,0
12946,1005,512,0
12947,1128,512,0
12949,1300,512,0
12977,306,514,0
12979,368,514,0
12982,540,514,0
12983,549,514,0
12985,588,514,0
12989,800,514,1
12990,801,514,1
12992,1255,514,0
12994,1382,514,0
13001,123,515,0
13010,992,515,0
13011,1039,515,0
13014,1366,515,0
13016,1586,515,0
13052,240,517,0
13053,248,517,0
13059,909,517,0
13065,1592,517,0
13069,450,518,0
13077,792,518,0
13078,819,518,0
13079,834,518,0
13081,856,518,1
13083,934,518,1
13084,1081,518,0
13086,1220,518,0
13090,1408,518,0
13091,1516,518,0
13092,1524,518,0
13122,77,520,0
13123,156,520,0
13125,159,520,0
13128,392,520,0
13129,415,520,0
13137,841,520,1
13142,1227,520,1
13143,1351,520,0
13147,258,521,0
13149,508,521,0
13151,653,521,0
13155,866,521,1
13157,1039,521,0
13162,1570,521,0
13197,302,524,0
13198,435,524,0
13205,992,524,0
13206,1128,524,0
13208,1314,524,1
13209,1366,524,0
13213,193,525,0
13214,402,525,0
13217,512,525,0
13218,526,525,0
13219,684,525,0
13222,749,525,1
13223,779,525,0
13228,935,525,0
13229,1036,525,0
13232,1208,525,0
13234,1230,525,0
13239,1419,525,0
13245,484,526,0
13246,594,526,0
13247,679,526,0
13249,828,526,0
13250,830,526,0
13257,1218,526,0
13263,478,527,0
13266,779,527,0
13267,826,527,0
13272,1376,527,0
13275,1607,527,0
13277,82,528,0
13281,412,528,0
13285,649,528,1
13286,670,528,0
13289,786,528,0
13292,953,528,0
13294,1353,528,0
13296,1553,528,0
13302,196,529,0
13307,348,529,0
13309,372,529,1
13312,425,529,0
13314,432,529,0
13318,546,529,1
13320,572,529,1
13325,708,529,0
13327,719,529,0
13328,732,529,1
13329,736,529,0
13332,774,529,0
13335,880,529,0
13336,888,529,0
13338,935,529,0
13342,1000,529,0
13348,1146,529,0
13351,1163,529,0
13353,1192,529,0
13361,1281,529,0
13362,1375,529,0
13364,1419,529,0
13367,1475,529,0
13368,1506,529,0
13371,1571,529,0
13373,1617,529,0
13374,69,530,0
13375,138,530,0
13377,373,530,0
13380,633,530,0
13389,864,530,0
13390,880,530,0
13391,893,530,0
13395,998,530,0
13399,1411,530,0
13400,1417,530,0
13424,258,532,0
13430,867,532,0
13431,1025,532,0
13435,1396,532,0
13436,1406,532,1
13438,1539,532,0
13457,107,534,0
13458,109,534,0
13459,258,534,0
13466,728,534,0
13468,857,534,0
13469,889,534,0
13470,936,534,0
13528,50,538,1
13529,54,538,0
13532,258,538,0
13534,827,538,0
13540,1122,538,0
13541,1178,538,0
13558,68,540,0
13559,149,540,0
13564,636,540,0
13569,869,540,0
13571,1019,540,0
13572,1031,540,0
13579,1449,540,0
13582,258,541,0
13584,394,541,0
13587,760,541,0
13591,1035,541,0
13595,1254,541,0
13596,1282,541,0
13713,375,547,1
13714,425,547,0
13718,961,547,0
13719,1192,547,0
13756,435,550,0
13757,611,550,0
13763,903,550,0
13768,1151,550,0
13769,1219,550,0
13772,1434,550,0
13775,1556,550,1
13776,1576,550,0
13799,540,552,0
13800,543,552,0
13801,644,552,0
13802,831,552,1
13810,1604,552,0
13843,136,555,0
13844,179,555,0
13845,317,555,0
13847,368,555,0
13848,413,555,0
13850,656,555,0
13854,932,555,0
13863,229,556,0
13864,239,556,0
13866,454,556,0
13872,697,556,0
13876,794,556,1
13878,875,556,1
13879,893,556,1
13882,935,556,0
13887,1402,556,0
13888,1419,556,0
13889,1427,556,0
13916,209,558,0
13917,309,558,0
13918,373,558,0
13923,736,558,0
13924,772,558,0
13926,830,558,0
13930,1411,558,1
14001,177,562,0
14005,424,562,0
14008,598,562,0
14011,875,562,0
14016,985,562,0
14019,1112,562,0
14021,1197,562,0
14022,1299,562,0
14023,1340,562,0
14024,1411,562,1
14025,1419,562,0
14083,42,565,0
14084,68,565,0
14085,274,565,0
14086,576,565,0
14090,998,565,0
14094,136,566,0
14095,258,566,0
14096,282,566,0
14098,379,566,0
14099,540,566,0
14102,624,566,0
14104,827,566,0
14109,972,566,0
14110,1035,566,0
14112,1078,566,0
14113,1220,566,0
14117,228,567,0
14118,258,567,1
14122,819,567,0
14124,934,567,0
14125,1024,567,0
14126,1543,567,0
14127,36,568,0
14130,295,568,0
14135,777,568,0
14136,793,568,0
14138,857,568,0
14142,1219,568,0
14143,1283,568,1
14144,1586,568,0
14146,196,569,0
14148,406,569,0
14150,598,569,0
14151,636,569,0
14156,1384,569,0
14158,1538,569,0
14234,110,573,0
14239,202,573,0
14246,633,573,0
14248,680,573,0
14250,790,573,0
14251,794,573,0
14253,906,573,1
14256,993,573,1
14257,998,573,0
14259,1146,573,1
14266,1296,573,0
14267,1312,573,0
14270,1411,573,0
14271,1423,573,0
14278,454,574,0
14279,522,574,0
14281,567,574,0
14282,598,574,0
14285,719,574,0
14289,998,574,0
14295,258,575,0
14296,414,575,0
14300,457,575,0
14302,556,575,0
14304,611,575,0
14306,695,575,0
14307,700,575,0
14311,793,575,1
14315,946,575,1
14322,1264,575,0
14323,1418,575,0
14327,1599,575,0
14328,50,576,0
14329,53,576,0
14330,296,576,0
14331,306,576,0
14336,1406,576,0
14337,1466,576,0
14340,1584,576,1
14343,224,577,0
14345,523,577,0
14346,659,577,0
14350,804,577,0
14351,827,577,0
14353,965,577,0
14356,1066,577,0
14358,1132,577,0
14363,1502,577,0
14366,53,578,0
14367,172,578,0
14368,258,578,0
14373,965,578,0
14378,1297,578,0
14381,1432,578,0
14387,637,579,0
14388,642,579,0
14389,653,579,0
14392,861,579,0
14393,863,579,0
14397,1013,579,0
14398,1066,579,0
14399,1115,579,0
14425,69,581,0
14426,82,581,0
14430,593,581,0
14432,697,581,0
14435,794,581,0
14436,832,581,0
14441,1139,581,0
14445,1356,581,0
14523,109,584,0
14524,258,584,0
14531,1034,584,1
14533,1142,584,0
14536,1576,584,0
14576,64,586,0
14581,593,586,1
14583,817,586,0
14586,978,586,0
14589,1183,586,0
14591,1365,586,0
14592,1507,586,0
14595,372,587,0
14596,428,587,0
14599,786,587,0
14600,817,587,0
14602,906,587,0
14603,998,587,0
14633,312,589,0
14634,533,589,0
14635,649,589,0
14636,774,589,0
14638,888,589,0
14644,1239,589,0
14649,160,590,0
14652,727,590,0
14653,735,590,0
14656,969,590,0
14657,1003,590,0
14658,1019,590,0
14663,1319,590,0
14667,1533,590,0
14669,462,591,0
14680,1240,591,0
14681,1254,591,0
14682,1392,591,0
14684,1434,591,0
14685,1604,591,0
14686,36,592,0
14688,257,592,0
14689,258,592,0
14690,295,592,0
14695,549,592,0
14700,932,592,1
14701,1013,592,0
14706,1199,592,0
14709,1458,592,0
14712,1520,592,0
14714,8,593,0
14715,195,593,0
14716,258,593,1
14718,457,593,0
14721,622,593,0
14728,792,593,0
14729,827,593,0
14741,1253,593,0
14745,172,594,0
14748,257,594,1
14751,314,594,0
14752,483,594,0
14753,562,594,0
14755,686,594,0
14757,728,594,0
14759,765,594,0
14762,866,594,0
14766,1082,594,0
14771,1300,594,0
14772,1308,594,0
14778,1474,594,0
14779,1599,594,0
14780,1605,594,0
14808,122,597,0
14810,396,597,0
14814,772,597,0
14820,1376,597,0
14823,244,598,0
14824,258,598,0
14825,279,598,0
14827,420,598,0
14832,541,598,0
14833,778,598,0
14860,18,600,0
14861,70,600,0
14863,300,600,0
14870,1311,600,0
14872,1488,600,0
14874,1545,600,0
14897,258,602,0
14901,509,602,0
14903,702,602,0
14904,767,602,0
14906,834,602,0
14912,1087,602,0
14913,1408,602,0
14914,1557,602,0
14920,800,603,0
14921,801,603,0
14926,1082,603,0
14927,1256,603,0
14928,1283,603,0
14929,1320,603,0
14931,149,604,0
14932,246,604,0
14937,529,604,0
14940,779,604,0
14945,1069,604,0
14946,1139,604,0
14948,1224,604,0
14985,33,606,0
14987,35,606,0
14991,69,606,1
14992,70,606,1
14993,72,606,0
14994,77,606,0
14995,82,606,0
14997,99,606,0
14999,110,606,0
15001,118,606,0
15003,134,606,0
15004,142,606,1
15006,149,606,0
15008,173,606,0
15013,193,606,0
15014,196,606,1
15018,209,606,0
15034,315,606,0
15035,316,606,0
15039,329,606,1
15042,332,606,1
15048,339,606,0
15049,348,606,0
15054,361,606,1
15063,406,606,0
15064,411,606,0
15066,415,606,0
15069,425,606,1
15074,454,606,0
15075,458,606,0
15080,478,606,1
15081,479,606,0
15083,484,606,0
15088,513,606,0
15089,517,606,0
15091,526,606,0
15094,546,606,0
15097,550,606,0
15098,552,606,0
15099,553,606,0
15102,567,606,0
15103,568,606,0
15105,576,606,0
15114,631,606,0
15115,632,606,1
15117,638,606,0
15124,680,606,0
15128,708,606,0
15129,713,606,1
15133,725,606,0
15134,726,606,0
15137,736,606,0
15146,774,606,1
15148,779,606,0
15152,794,606,1
15159,820,606,0
15160,824,606,1
15162,828,606,1
15165,832,606,1
15169,849,606,1
15171,853,606,0
15174,860,606,1
15176,871,606,0
15179,880,606,0
15180,881,606,1
15196,935,606,1
15201,954,606,0
15202,956,606,0
15206,983,606,0
15208,1003,606,0
15211,1045,606,0
15220,1089,606,0
15221,1090,606,0
15227,1124,606,0
15229,1150,606,0
15236,1182,606,0
15237,1183,606,0
15238,1196,606,0
15240,1201,606,0
15245,1225,606,0
15248,1243,606,0
15258,1290,606,0
15270,1353,606,1
15279,1391,606,0
15281,1393,606,0
15283,1397,606,0
15285,1411,606,0
15287,1419,606,0
15294,1453,606,0
15297,1471,606,0
15298,1473,606,0
15305,1512,606,0
15307,1525,606,0
15314,1537,606,1
15315,1538,606,1
15318,1544,606,0
15324,1572,606,0
15325,1581,606,0
15329,1600,606,1
15330,1609,606,0
15332,1612,606,0
15338,167,607,0
15344,581,607,0
15345,622,607,0
15348,767,607,0
15349,805,607,0
15351,874,607,0
15356,1008,607,0
15357,1115,607,0
15358,1240,607,0
15362,1554,607,0
15363,1605,607,0
15382,258,609,0
15384,523,609,0
15385,532,609,0
15386,690,609,0
15387,780,609,0
15390,866,609,0
15392,957,609,0
15394,1098,609,0
15395,1118,609,0
15397,1256,609,0
15405,438,610,0
15406,579,610,0
15408,788,610,1
15413,856,610,0
15416,900,610,0
15417,951,610,0
15421,1371,610,0
15453,302,612,0
15458,809,612,0
15462,930,612,0
15463,1082,612,0
15464,1102,612,0
15467,1524,612,0
15468,97,613,0
15469,117,613,0
15473,768,613,0
15478,954,613,0
15481,1381,613,0
15488,435,614,0
15491,599,614,0
15493,780,614,0
15494,792,614,0
15500,1619,614,0
15502,134,615,0
15505,202,615,1
15507,649,615,0
15510,907,615,0
15512,935,615,0
15513,995,615,0
15514,1198,615,0
15516,1376,615,0
15517,1427,615,0
15520,451,616,0
15521,771,616,0
15522,794,616,0
15527,935,616,0
15528,1291,616,0
15529,1453,616,0
15532,156,617,0
15534,276,617,0
15536,461,617,0
15537,530,617,0
15543,1376,617,0
15569,136,619,0
15570,427,619,0
15572,653,619,0
15580,1254,619,0
15581,1255,619,0
15582,1308,619,0
15583,1314,619,0
15664,42,623,0
15666,103,623,0
15671,246,623,1
15683,575,623,0
15684,593,623,0
15685,598,623,0
15688,636,623,1
15692,749,623,0
15694,832,623,0
15699,935,623,0
15702,1055,623,0
15704,1131,623,0
15708,1214,623,0
15709,1225,623,0
15710,1340,623,0
15712,1365,623,0
15713,1384,623,1
15719,1507,623,0
15721,1537,623,0
15731,561,624,0
15732,611,624,0
15735,723,624,0
15740,801,624,0
15743,936,624,1
15747,1128,624,0
15748,1207,624,0
15750,1240,624,0
15752,1371,624,0
15754,1458,624,0
15756,1522,624,0
15821,794,628,0
15822,818,628,1
15825,916,628,0
15826,1036,628,0
15831,1296,628,0
15869,173,631,1
15875,326,631,0
15877,512,631,0
15879,573,631,0
15882,872,631,0
15886,970,631,0
15887,983,631,0
15890,1046,631,0
15895,1324,631,0
15897,1376,631,1
15898,70,632,0
15899,89,632,0
15903,652,632,1
15909,1311,632,0
15912,240,633,0
15913,369,633,0
15917,794,633,0
15918,820,633,0
15921,935,633,1
15922,1003,633,0
15924,1218,633,0
15925,1361,633,0
15926,1387,633,0
15927,1449,633,0
15930,178,634,0
15932,653,634,0
15934,805,634,0
15939,912,634,0
15940,957,634,0
15955,153,636,0
15959,529,636,0
15960,554,636,0
15961,593,636,0
16049,54,641,0
16052,258,641,0
16053,259,641,0
16056,475,641,0
16059,819,641,0
16061,965,641,0
16063,1314,641,0
16067,1542,641,0
16087,123,643,0
16088,258,643,0
16090,688,643,0
16091,780,643,0
16096,1308,643,0
16226,237,649,0
16227,258,649,0
16234,922,649,0
16237,1207,649,0
16238,1240,649,0
16240,1468,649,0
16242,1532,649,0
16244,155,650,0
16245,350,650,0
16246,362,650,0
16251,680,650,0
16256,1003,650,1
16260,1198,650,0
16281,313,652,1
16283,451,652,0
16285,595,652,0
16287,630,652,0
16289,714,652,0
16295,907,652,0
16298,1340,652,0
16358,568,656,0
16359,794,656,0
16361,868,656,0
16365,983,656,0
16369,1338,656,0
16371,1361,656,0
16373,258,657,0
16374,259,657,1
16378,562,657,0
16384,1322,657,0
16385,1367,657,0
16387,1502,657,0
16412,225,659,0
16414,258,659,0
16418,457,659,0
16425,805,659,0
16426,807,659,0
16427,827,659,0
16431,915,659,0
16435,1098,659,1
16436,1115,659,1
16437,1194,659,0
16441,1219,659,0
16444,1282,659,0
16448,1556,659,0
16512,258,663,0
16518,767,663,0
16522,861,663,0
16525,936,663,1
16528,1021,663,0
16529,1053,663,0
16530,1087,663,0
16533,1254,663,0
16537,1437,663,0
16539,1522,663,0
16540,42,664,0
16544,725,664,0
16547,860,664,0
16549,1089,664,0
16552,11,665,0
16553,42,665,0
16554,160,665,0
16556,316,665,0
16561,893,665,0
16563,956,665,0
16567,1296,665,0
16592,42,667,0
16597,250,667,0
16601,533,667,0
16603,598,667,0
16610,791,667,0
16611,794,667,0
16613,841,667,0
16617,998,667,0
16622,1124,667,0
16623,1150,667,0
16628,1361,667,0
16630,1512,667,0
16632,50,668,0
16633,54,668,0
16637,421,668,0
16647,890,668,0
16649,1102,668,1
16657,1443,668,0
16659,1457,668,0
16660,1509,668,1
16661,1556,668,0
16662,1578,668,0
16708,736,671,0
16713,1003,671,0
16714,1592,671,0
16716,1607,671,0
16733,18,673,0
16736,149,673,0
16741,369,673,0
16744,567,673,0
16745,607,673,0
16748,774,673,1
16751,847,673,0
16753,909,673,0
16757,1170,673,0
16759,1243,673,0
16761,1353,673,1
16762,1411,673,0
16766,1545,673,0
16767,1559,673,0
16785,159,675,0
16792,425,675,0
16794,736,675,0
16797,860,675,1
16798,881,675,0
16799,970,675,0
16804,1225,675,0
16807,1309,675,0
16813,42,676,0
16815,49,676,0
16816,94,676,0
16817,99,676,0
16826,448,676,0
16827,477,676,0
16829,526,676,0
16835,860,676,1
16836,869,676,0
16837,875,676,0
16838,970,676,0
16839,977,676,0
16840,1052,676,0
16846,1198,676,0
16853,1460,676,0
16855,1614,676,0
16857,315,677,0
16858,348,677,0
16860,408,677,0
16862,530,677,0
16863,630,677,0
16864,639,677,0
16869,771,677,0
16871,853,677,0
17040,379,682,0
17044,866,682,0
17046,1021,682,0
17050,1509,682,0
17051,1510,682,0
17052,1604,682,0
17176,96,687,0
17179,255,687,0
17180,258,687,0
17189,929,687,0
17190,1032,687,0
17191,1097,687,0
17197,550,688,0
17198,554,688,0
17199,662,688,0
17203,893,688,0
17205,1338,688,0
17253,94,692,0
17254,697,692,0
17259,998,692,1
17263,1488,692,0
17286,258,694,1
17289,520,694,0
17293,856,694,0
17295,929,694,0
17302,1212,694,0
17303,1344,694,0
17304,1367,694,0
17305,1482,694,0
17306,107,695,0
17309,231,695,0
17311,258,695,1
17314,447,695,0
17316,700,695,0
17318,788,695,0
17322,1254,695,0
17323,1300,695,0
17326,1554,695,0
17405,79,700,0
17409,794,700,0
17411,850,700,0
17412,875,700,0
17414,935,700,0
17417,1137,700,0
17418,1277,700,0
17427,929,701,0
17432,1178,701,0
17433,1254,701,0
17435,1474,701,0
17436,1511,701,0
17456,217,703,0
17462,828,703,0
17465,998,703,1
17469,1229,703,0
17470,1375,703,0
17472,1608,703,0
17524,179,706,0
17530,509,706,0
17531,561,706,0
17534,723,706,0
17536,788,706,0
17537,792,706,0
17542,1240,706,0
17548,1474,706,0
17549,1516,706,0
17550,1539,706,0
17551,1604,706,0
17553,1619,706,0
17588,94,708,1
17589,150,708,0
17591,373,708,0
17593,786,708,0
17598,1146,708,0
17604,54,709,1
17606,116,709,0
17607,447,709,0
17612,634,709,0
17613,693,709,0
17615,899,709,0
17616,1011,709,0
17620,1233,709,0
17621,1253,709,0
17624,1604,709,0
17626,258,710,0
17628,345,710,0
17629,377,710,0
17630,543,710,0
17635,1128,710,0
17636,1233,710,0
17639,1548,710,0
17674,246,712,0
17682,369,712,0
17686,460,712,0
17687,477,712,0
17688,530,712,1
17694,631,712,1
17695,633,712,0
17696,652,712,0
17698,661,712,0
17702,736,712,0
17705,786,712,0
17706,826,712,0
17712,909,712,0
17714,953,712,0
17715,956,712,0
17716,974,712,0
17721,1091,712,0
17726,1225,712,1
17730,1277,712,0
17732,1281,712,0
17733,1311,712,0
17737,1343,712,0
17738,1376,712,0
17741,1417,712,1
17744,1495,712,0
17747,11,713,0
17750,350,713,0
17760,1376,713,0
17761,1411,713,0
17762,1417,713,0
17763,1607,713,0
17765,249,714,0
17767,508,714,0
17769,644,714,0
17774,929,714,0
17776,1102,714,0
17777,1115,714,0
17778,1219,714,0
17783,1430,714,0
17818,77,717,0
17819,149,717,0
17821,598,717,0
17822,708,717,0
17824,786,717,0
17832,1525,717,0
17833,43,718,0
17836,258,718,0
17839,450,718,0
17842,570,718,0
17844,608,718,0
17845,622,718,1
17848,792,718,0
17853,1021,718,0
17854,1037,718,0
17859,1437,718,0
17863,69,719,0
17864,72,719,0
17866,79,719,0
17867,86,719,0
17874,217,719,0
17879,278,719,0
17880,284,719,0
17882,309,719,0
17886,361,719,0
17892,425,719,0
17896,449,719,0
17899,513,719,0
17902,533,719,0
17905,583,719,0
17906,585,719,0
17909,598,719,0
17912,719,719,0
17914,730,719,0
17922,794,719,1
17926,828,719,1
17927,832,719,1
17929,853,719,0
17931,875,719,1
17932,883,719,0
17933,893,719,1
17941,1000,719,0
17949,1124,719,0
17950,1139,719,0
17956,1183,719,0
17957,1184,719,0
17960,1208,719,0
17962,1225,719,0
17963,1230,719,1
17968,1277,719,0
17970,1319,719,0
17977,1397,719,0
17979,1411,719,0
17987,345,720,0
17989,780,720,0
17993,857,720,0
17994,900,720,0
17998,1006,720,0
17999,1026,720,0
18002,1265,720,0
18003,1371,720,0
18069,228,723,0
18070,317,723,0
18075,788,723,0
18077,1142,723,0
18082,1424,723,0
18083,1508,723,0
18154,134,725,0
18155,138,725,0
18156,160,725,0
18157,209,725,0
18162,350,725,0
18164,451,725,0
18166,554,725,0
18167,655,725,0
18169,742,725,0
18174,830,725,0
18176,872,725,0
18179,1000,725,0
18180,1061,725,0
18181,1137,725,0
18183,1218,725,0
18186,1304,725,0
18191,1525,725,0
18200,94,726,0
18203,117,726,0
18214,361,726,0
18215,362,726,0
18218,428,726,0
18219,454,726,1
18221,458,726,0
18222,484,726,1
18231,583,726,1
18232,649,726,0
18233,650,726,1
18235,657,726,0
18238,730,726,0
18247,824,726,0
18248,828,726,0
18254,998,726,0
18256,1019,726,1
18263,1163,726,0
18267,1245,726,0
18268,1258,726,1
18270,1296,726,0
18271,1304,726,1
18273,1338,726,0
18275,1365,726,0
18286,1537,726,0
18312,156,728,0
18313,176,728,1
18314,177,728,0
18318,284,728,0
18321,350,728,0
18324,477,728,0
18326,530,728,0
18328,583,728,1
18329,649,728,1
18330,674,728,0
18331,697,728,1
18332,701,728,0
18333,772,728,0
18334,790,728,0
18336,824,728,0
18338,909,728,0
18339,916,728,0
18341,1019,728,1
18344,1131,728,0
18347,1218,728,0
18349,1312,728,0
18351,1348,728,0
18352,1356,728,0
18362,1579,728,0
18364,103,729,0
18366,477,729,0
18370,786,729,0
18372,893,729,0
18375,935,729,0
18376,998,729,0
18385,1612,729,0
18403,193,731,0
18409,701,731,0
18412,970,731,0
18413,1139,731,0
18417,1601,731,0
18491,451,734,0
18493,662,734,0
18498,869,734,0
18499,906,734,0
18501,983,734,0
18502,998,734,1
18504,1121,734,0
18526,221,736,0
18527,258,736,0
18531,745,736,0
18532,827,736,0
18536,892,736,0
18537,1035,736,0
18538,1043,736,0
18544,1438,736,0
18954,192,738,0
18962,946,738,0
18964,1009,738,0
18967,1140,738,0
18969,1341,738,0
18972,45,739,0
18975,82,739,0
18977,186,739,0
18979,248,739,0
18983,463,739,0
18985,538,739,0
18989,714,739,1
18991,779,739,0
18992,786,739,0
18995,893,739,0
18997,1019,739,1
18998,1061,739,0
19001,1198,739,1
19007,1353,739,0
19008,1393,739,0
19009,1410,739,0
19010,1415,739,0
19014,1453,739,0
19016,1609,739,0
19037,217,741,0
19038,232,741,0
19040,451,741,0
19043,504,741,0
19044,674,741,0
19045,798,741,0
19046,824,741,0
19051,1224,741,1
19052,1230,741,0
19060,12,742,0
19068,223,742,0
19069,225,742,0
19070,282,742,1
19071,293,742,0
19073,317,742,0
19088,603,742,0
19091,637,742,0
19095,705,742,0
19096,721,742,1
19099,793,742,0
19103,861,742,0
19108,957,742,1
19111,1097,742,0
19112,1128,742,0
19120,1233,742,0
19122,1253,742,0
19125,1283,742,1
19128,1414,742,0
19129,1439,742,0
19130,1472,742,0
19131,1483,742,0
19133,1522,742,0
19134,1576,742,0
19135,1597,742,0
19154,237,744,0
19155,394,744,1
19157,508,744,0
19159,659,744,0
19161,759,744,0
19163,831,744,0
19165,843,744,0
19166,936,744,0
19214,223,747,0
19215,255,747,0
19216,258,747,0
19219,509,747,0
19223,729,747,1
19225,800,747,0
19226,801,747,0
19230,986,747,0
19231,1008,747,0
19237,1344,747,0
19239,1432,747,0
19240,1597,747,1
19242,258,748,0
19245,780,748,0
19247,812,748,0
19249,873,748,0
19251,946,748,0
19253,1030,748,0
19255,1362,748,0
19272,12,750,0
19274,30,750,0
19280,108,750,0
19287,231,750,0
19288,234,750,0
19292,306,750,0
19302,445,750,1
19308,532,750,0
19315,613,750,0
19317,622,750,0
19318,637,750,0
19320,700,750,1
19324,748,750,0
19325,759,750,0
19326,765,750,0
19327,766,750,1
19334,897,750,0
19340,934,750,0
19349,990,750,0
19350,1009,750,0
19352,1013,750,0
19359,1142,750,0
19363,1174,750,0
19365,1222,750,0
19377,1377,750,0
19378,1382,750,1
19380,1408,750,0
19383,1426,750,1
19384,1430,750,0
19387,1520,750,0
19391,1552,750,0
19392,1563,750,0
19395,1576,750,0
19396,1595,750,0
19397,1619,750,1
19447,172,753,0
19450,613,753,0
19457,913,753,0
19458,946,753,0
19459,1128,753,0
19460,1132,753,0
19463,1437,753,0
19468,172,754,0
19472,377,754,1
19474,503,754,0
19475,507,754,0
19476,562,754,0
19481,856,754,0
19484,1065,754,0
19487,1132,754,0
19508,8,756,0
19513,258,756,0
19515,296,756,0
19519,480,756,0
19524,695,756,0
19527,788,756,1
19528,815,756,0
19534,1020,756,0
19535,1037,756,0
19536,1102,756,0
19537,1110,756,0
19538,1118,756,0
19539,1241,756,0
19540,1254,756,1
19546,1481,756,0
19548,43,757,0
19550,203,757,0
19551,258,757,0
19554,427,757,0
19560,793,757,0
19563,866,757,1
19567,975,757,0
19568,992,757,0
19569,1024,757,0
19570,1034,757,0
19600,196,759,0
19605,572,759,0
19608,638,759,0
19609,708,759,0
19612,786,759,0
19614,794,759,0
19619,1003,759,0
19621,1180,759,0
19622,1197,759,0
19623,1340,759,0
19651,529,761,0
19653,689,761,0
19655,772,761,0
19656,779,761,1
19657,786,761,0
19663,1391,761,0
19664,1419,761,0
19667,314,762,0
19670,637,762,0
19674,861,762,0
19677,1025,762,0
19678,1430,762,0
19701,26,764,0
19704,258,764,1
19706,457,764,0
19707,507,764,0
19711,765,764,0
19717,1439,764,0
19718,117,765,0
19719,240,765,0
19722,546,765,0
19725,779,765,0
19727,830,765,0
19729,893,765,0
19812,772,769,0
19813,779,769,0
19814,786,769,0
19818,875,769,0
19819,906,769,0
19824,1146,769,0
19825,1180,769,0
19826,1281,769,0
19830,1601,769,0
19847,130,771,0
19854,998,771,0
19857,1296,771,1
19858,1608,771,0
19860,234,772,0
19863,320,772,0
19864,527,772,0
19866,800,772,0
19867,812,772,0
19872,1024,772,0
19876,1548,772,1
19879,258,773,0
19880,291,773,0
19882,351,773,0
19884,656,773,0
19886,780,773,0
19888,856,773,0
19890,1140,773,0
19891,1222,773,0
19895,1431,773,0
19896,1458,773,0
19993,179,779,0
19994,258,779,1
19997,413,779,0
19998,514,779,0
20002,780,779,0
20003,831,779,0
20005,946,779,0
20009,1174,779,0
20010,1219,779,0
20011,1331,779,0
20029,124,781,0
20030,153,781,0
20032,248,781,0
20033,284,781,0
20034,372,781,0
20036,522,781,0
20037,526,781,0
20038,633,781,0
20039,779,781,0
20040,794,781,0
20044,961,781,0
20046,1003,781,0
20048,1112,781,0
20052,1592,781,0
20090,448,784,0
20091,554,784,0
20092,649,784,0
20094,742,784,0
20095,794,784,0
20099,880,784,0
20103,1296,784,0
20106,1411,784,1
20108,1537,784,0
20128,156,786,0
20129,229,786,0
20132,284,786,0
20134,573,786,0
20136,786,786,1
20269,61,790,0
20271,138,790,0
20272,152,790,0
20274,410,790,0
20275,451,790,0
20278,568,790,0
20282,736,790,1
20283,828,790,0
20287,954,790,0
20289,1296,790,0
20321,480,792,1
20325,912,792,0
20326,936,792,0
20327,1043,792,0
20330,1233,792,0
20384,35,795,0
20391,187,795,0
20392,239,795,0
20394,304,795,0
20395,332,795,0
20398,373,795,0
20402,655,795,0
20404,794,795,1
20405,820,795,0
20406,824,795,0
20410,841,795,1
20411,842,795,1
20414,871,795,0
20416,893,795,0
20417,916,795,0
20426,1139,795,0
20427,1154,795,0
20430,1354,795,0
20532,583,800,0
20533,593,800,0
20534,631,800,0
20537,774,800,0
20539,820,800,0
20541,893,800,0
20542,1003,800,0
20559,537,802,0
20561,631,802,0
20565,954,802,0
20566,1003,802,1
20568,1319,802,0
20656,172,807,0
20658,228,807,0
20660,413,807,0
20661,472,807,0
20666,936,807,0
20669,946,807,0
20674,1283,807,0
20677,92,808,0
20678,362,808,1
20679,375,808,0
20680,406,808,0
20681,408,808,0
20683,477,808,0
20684,649,808,0
20685,735,808,0
20689,826,808,0
20690,832,808,0
20695,956,808,0
20698,1124,808,0
20701,149,809,0
20702,533,809,0
20703,593,809,1
20707,833,809,0
20711,1055,809,0
20716,261,810,0
20717,304,810,0
20718,626,810,0
20722,1208,810,0
20723,1225,810,0
20727,1475,810,0
20731,29,811,0
20733,156,811,0
20737,369,811,0
20743,727,811,0
20748,880,811,0
20749,998,811,0
20752,1245,811,0
20753,1338,811,0
20756,107,812,0
20760,258,812,0
20763,457,812,0
20764,677,812,0
20768,930,812,0
20771,1251,812,0
20799,136,814,0
20800,258,814,1
20802,508,814,0
20809,866,814,0
20811,975,814,0
20813,1254,814,0
20816,138,815,0
20820,448,815,0
20825,794,815,0
20828,1003,815,0
20829,1079,815,0
20830,1182,815,0
20831,1410,815,0
20835,167,816,0
20837,377,816,0
20838,599,816,0
20840,637,816,0
20841,688,816,0
20843,700,816,0
20845,827,816,0
20856,1220,816,0
20857,1265,816,0
20860,1432,816,0
20862,73,817,0
20864,258,817,0
20873,1219,817,0
20874,1261,817,0
20876,1505,817,0
20878,159,818,0
20882,655,818,0
20884,883,818,0
20886,906,818,0
20888,1069,818,0
20890,1139,818,1
20893,1354,818,0
20993,258,824,0
20994,320,824,0
20995,379,824,0
20997,540,824,1
20999,705,824,0
21003,936,824,0
21010,1604,824,0
21050,71,827,0
21051,485,827,0
21052,779,827,0
21055,998,827,0
21059,1270,827,0
21116,329,830,0
21118,553,830,0
21122,828,830,0
21126,909,830,0
21129,1183,830,1
21133,340,831,0
21134,425,831,0
21135,517,831,0
21141,993,831,0
21144,1495,831,0
21192,217,834,1
21196,505,834,0
21199,670,834,0
21201,847,834,0
21209,1415,834,0
21211,1475,834,0
21212,1512,834,0
21214,1579,834,0
21217,123,835,0
21220,653,835,0
21221,700,835,0
21226,912,835,0
21230,1603,835,0
21234,260,836,0
21235,496,836,0
21236,708,836,0
21237,786,836,0
21238,828,836,1
21313,295,840,0
21315,323,840,0
21319,729,840,0
21321,831,840,0
21323,856,840,0
21327,1158,840,0
21332,1282,840,0
21333,1344,840,0
21340,579,841,0
21346,866,841,0
21350,1066,841,0
21351,1078,841,0
21353,1174,841,0
21355,1511,841,0
21419,764,845,0
21420,798,845,0
21421,832,845,0
21425,1027,845,0
21427,1353,845,0
21432,1498,845,0
21434,1600,845,0
21489,463,849,0
21491,833,849,0
21494,998,849,0
21499,1609,849,0
21501,81,850,0
21502,99,850,0
21504,372,850,0
21505,392,850,0
21507,526,850,0
21509,727,850,0
21511,779,850,1
21514,881,850,0
21517,985,850,0
21525,43,851,0
21526,50,851,0
21527,258,851,0
21531,608,851,0
21533,812,851,0
21541,1308,851,0
21543,1337,851,0
21544,1392,851,0
21551,223,852,1
21552,258,852,0
21553,269,852,0
21557,435,852,0
21562,580,852,0
21564,599,852,0
21569,805,852,0
21571,856,852,0
21572,882,852,0
21576,946,852,0
21582,1158,852,0
21586,1414,852,0
21587,1482,852,0
21588,1492,852,0
21620,341,854,0
21622,736,854,1
21625,998,854,0
21628,1340,854,0
21629,1411,854,0
21650,116,856,0
21652,258,856,0
21656,597,856,0
21658,748,856,0
21663,856,856,0
21672,1207,856,0
21673,1268,856,0
21674,1510,856,0
21708,768,858,0
21709,779,858,1
21711,868,858,0
21712,1184,858,0
21717,1614,858,0
21720,261,859,0
21723,779,859,1
21724,794,859,0
21726,832,859,0
21732,1218,859,0
21735,125,860,0
21736,152,860,0
21737,309,860,0
21738,369,860,1
21740,636,860,0
21741,727,860,0
21742,742,860,0
21744,813,860,0
21745,828,860,0
21748,1027,860,0
21773,258,862,0
21775,603,862,0
21777,788,862,0
21779,986,862,0
21784,1418,862,0
21785,1556,862,0
21826,258,865,0
21827,323,865,0
21830,723,865,0
21836,929,865,0
21837,965,865,0
21838,1053,865,0
21843,225,866,0
21848,686,866,0
21849,717,866,0
21851,801,866,0
21852,835,866,0
21856,990,866,0
21857,1009,866,0
21861,1414,866,0
21863,1513,866,0
21919,96,869,0
21920,184,869,1
21921,258,869,0
21922,320,869,0
21931,890,869,0
21934,1087,869,0
21937,1406,869,0
21938,1438,869,0
21945,856,870,0
21947,946,870,0
21948,1199,870,0
21949,1207,870,0
21950,1261,870,0
22027,125,875,0
22028,134,875,0
22029,156,875,0
22034,513,875,0
22035,530,875,0
22037,598,875,0
22038,679,875,0
22043,1019,875,0
22046,1124,875,0
22052,159,876,0
22054,444,876,0
22057,850,876,0
22058,935,876,0
22063,1225,876,0
22068,258,877,0
22069,450,877,0
22070,793,877,0
22071,801,877,0
22074,934,877,0
22076,1167,877,0
22080,1443,877,0
22083,258,878,0
22088,624,878,0
22090,831,878,0
22095,1034,878,0
22096,1195,878,0
22097,1264,878,0
22100,125,879,0
22102,187,879,0
22104,504,879,0
22109,868,879,0
22113,998,879,0
22114,1003,879,0
22115,1361,879,0
22116,1375,879,0
22117,1572,879,0
22242,581,884,0
22245,755,884,0
22247,769,884,0
22248,827,884,0
22252,1240,884,0
22254,1438,884,0
22256,1557,884,0
22264,724,885,0
22269,922,885,0
22270,932,885,0
22271,992,885,0
22274,1240,885,0
22275,1362,885,0
22276,1437,885,0
22278,1510,885,0
22281,53,886,0
22282,167,886,0
22295,608,886,0
22301,800,886,0
22302,804,886,0
22303,827,886,0
22311,1043,886,0
22313,1097,886,0
22314,1122,886,0
22319,1367,886,0
22320,1377,886,1
22323,1424,886,0
22324,1434,886,0
22325,1482,886,0
22328,1563,886,0
22331,77,887,0
22333,451,887,0
22337,772,887,1
22339,826,887,0
22342,916,887,0
22345,1192,887,0
22372,8,889,0
22377,96,889,1
22383,195,889,0
22388,225,889,0
22389,231,889,1
22392,258,889,0
22395,295,889,0
22396,327,889,0
22413,503,889,0
22415,543,889,0
22420,592,889,0
22421,613,889,0
22425,645,889,0
22426,658,889,0
22430,693,889,0
22433,724,889,0
22443,780,889,1
22445,831,889,0
22446,834,889,0
22449,863,889,0
22458,965,889,0
22460,1013,889,0
22461,1021,889,1
22466,1066,889,0
22469,1081,889,1
22472,1101,889,0
22474,1151,889,1
22478,1199,889,0
22479,1207,889,1
22485,1233,889,0
22486,1240,889,0
22487,1253,889,1
22494,1300,889,0
22495,1302,889,0
22498,1331,889,0
22499,1337,889,0
22502,1362,889,0
22504,1370,889,0
22508,1430,889,0
22509,1432,889,0
22512,1481,889,0
22518,1576,889,0
22521,1619,889,0
22524,73,890,0
22526,224,890,0
22527,258,890,0
22538,653,890,0
22542,800,890,0
22547,897,890,0
22550,990,890,0
22552,1011,890,0
22555,1097,890,0
22558,1123,890,1
22560,1151,890,0
22561,1158,890,0
22563,1220,890,0
22564,1251,890,0
22569,1322,890,1
22574,1438,890,1
22576,1468,890,0
22578,1508,890,0
22581,249,891,0
22582,258,891,0
22584,561,891,0
22585,613,891,0
22593,866,891,0
22597,1222,891,0
22612,18,893,0
22614,284,893,0
22616,408,893,0
22617,513,893,0
22618,585,893,0
22619,742,893,0
22620,830,893,0
22626,155,894,0
22631,526,894,0
22633,593,894,0
22634,662,894,0
22635,772,894,0
22638,907,894,0
22641,998,894,0
22644,1375,894,0
22645,1417,894,0
22666,284,896,0
22670,774,896,0
22671,817,896,0
22673,888,896,0
22675,993,896,0
22680,1555,896,0
22682,71,897,0
22683,92,897,0
22684,142,897,0
22691,662,897,0
22695,826,897,0
22701,998,897,0
22703,1079,897,0
22707,1427,897,0
22708,1464,897,0
22711,522,898,0
22712,636,898,0
22713,694,898,0
22718,907,898,0
22724,1608,898,0
22725,129,899,0
22727,306,899,0
22731,592,899,0
22733,695,899,0
22738,986,899,0
22740,1026,899,0
22742,1207,899,0
22743,1240,899,1
22747,1337,899,0
22748,1366,899,0
22822,562,904,0
22830,986,904,0
22833,1039,904,0
22834,1178,904,0
22836,1261,904,0
22837,1283,904,0
22840,1377,904,0
22862,258,906,0
22864,306,906,0
22865,380,906,0
22868,521,906,0
22874,1115,906,0
22907,513,908,1
22908,593,908,0
22909,594,908,0
22912,772,908,0
22913,830,908,0
22916,841,908,0
22917,850,908,0
22926,1296,908,0
22927,1309,908,0
22932,1617,908,0
22933,118,909,0
22935,477,909,0
22939,935,909,1
22942,1245,909,0
22943,1281,909,0
22945,1460,909,0
22972,85,911,0
22973,136,911,0
22978,414,911,0
22985,856,911,1
22986,863,911,0
22987,936,911,0
22994,1256,911,0
22996,1320,911,0
22998,1510,911,0
22999,1532,911,0
23002,149,912,0
23004,260,912,0
23006,369,912,0
23007,489,912,0
23008,650,912,0
23009,817,912,1
23011,893,912,0
23014,1045,912,0
23017,1537,912,0
23020,102,913,0
23023,258,913,0
23025,508,913,0
23028,873,913,0
23029,884,913,0
23036,1543,913,0
23039,228,914,0
23040,420,914,0
23043,508,914,0
23048,1009,914,0
23049,1020,914,0
23050,1062,914,0
23051,1065,914,0
23147,50,917,0
23148,136,917,0
23149,172,917,0
23157,929,917,1
23158,934,917,0
23161,1483,917,0
23162,1485,917,0
23232,86,922,0
23233,152,922,0
23234,159,922,0
23245,786,922,1
23247,935,922,0
23248,1311,922,0
23315,315,926,1
23317,444,926,0
23318,479,926,0
23324,954,926,0
23326,1296,926,0
23382,167,930,0
23389,705,930,0
23393,936,930,0
23395,949,930,0
23396,1035,930,0
23397,1087,930,0
23398,1195,930,0
23399,1362,930,0
23400,1439,930,0
23402,1585,930,0
23421,258,932,0
23423,450,932,0
23426,745,932,0
23427,748,932,0
23428,792,932,0
23438,1382,932,0
23440,1474,932,0
23460,225,934,0
23462,258,934,0
23463,356,934,0
23466,788,934,0
23467,801,934,0
23475,1367,934,0
23497,55,936,0
23498,107,936,0
23501,195,936,0
23504,258,936,0
23505,344,936,0
23509,624,936,0
23510,634,936,0
23518,1362,936,0
23521,232,937,0
23528,772,937,0
23529,817,937,1
23532,1183,937,0
23536,1471,937,0
23622,105,940,0
23623,228,940,0
23625,306,940,0
23626,368,940,0
23627,611,940,0
23635,1008,940,0
23636,1066,940,0
23652,26,942,0
23654,144,942,0
23658,306,942,0
23659,314,942,0
23663,380,942,0
23664,472,942,0
23669,688,942,0
23671,748,942,0
23674,1006,942,0
23675,1035,942,1
23678,1251,942,1
23683,1524,942,0
23751,26,947,0
23755,258,947,0
23756,320,947,0
23757,508,947,0
23764,843,947,0
23770,1009,947,0
23771,1053,947,0
23776,1527,947,0
23779,622,948,0
23780,723,948,0
23786,1024,948,0
23789,1134,948,0
23790,1194,948,0
23793,136,949,0
23796,580,949,0
23797,624,949,0
23798,723,949,0
23801,874,949,0
23802,1009,949,0
23803,1065,949,0
23804,1088,949,0
23805,1220,949,0
23808,1407,949,0
23885,457,954,0
23886,540,954,0
23889,932,954,0
23893,1382,954,0
23945,231,958,0
23948,611,958,0
23953,900,958,0
23957,1115,958,0
23962,1418,958,0
23964,1585,958,0
23996,258,961,0
23997,317,961,0
23999,724,961,0
24000,780,961,0
24050,457,964,0
24057,1128,964,0
24058,1130,964,0
24059,1282,964,0
24061,1298,964,0
24064,1367,964,0
24067,1483,964,0
24072,258,965,0
24073,306,965,0
24075,642,965,0
24078,788,965,0
24083,1178,965,0
24085,1241,965,0
24086,1308,965,0
24088,1438,965,0
24142,31,969,0
24145,179,969,0
24147,282,969,0
24149,580,969,0
24150,581,969,0
24153,659,969,0
24159,856,969,0
24162,990,969,0
24170,1502,969,1
24171,326,970,0
24179,847,970,0
24180,954,970,0
24183,1273,970,0
24185,1291,970,0
24186,1356,970,0
24239,33,973,0
24240,38,973,0
24243,106,973,0
24244,110,973,0
24254,313,973,0
24260,396,973,0
24264,491,973,0
24266,504,973,0
24269,538,973,0
24270,568,973,0
24273,632,973,0
24274,638,973,0
24277,726,973,0
24278,774,973,0
24284,794,973,1
24288,828,973,1
24289,833,973,0
24292,864,973,0
24294,875,973,1
24295,888,973,0
24296,893,973,1
24307,956,973,0
24308,970,973,0
24314,1121,973,0
24316,1154,973,0
24321,1245,973,0
24322,1270,973,0
24324,1296,973,1
24327,1323,973,0
24333,1525,973,0
24335,1608,973,0
24338,43,974,0
24342,258,974,0
24343,269,974,0
24344,289,974,0
24352,728,974,1
24353,767,974,0
24356,884,974,0
24358,889,974,0
24359,912,974,1
24361,936,974,0
24368,1240,974,0
24369,1262,974,0
24374,1523,974,0
24478,599,978,0
24479,721,978,0
24481,777,978,0
24486,912,978,0
24490,1195,978,0
24492,1240,978,0
24493,1485,978,0
24494,18,979,1
24495,29,979,0
24500,496,979,0
24501,565,979,0
24502,633,979,0
24503,657,979,0
24504,662,979,1
24505,670,979,0
24512,1460,979,0
24515,161,980,0
24521,929,980,0
24522,936,980,0
24526,1556,980,0
24529,296,981,0
24533,541,981,0
24535,634,981,0
24536,723,981,0
24540,965,981,0
24544,1240,981,0
24545,1414,981,0
24547,1516,981,0
24619,138,986,0
24622,479,986,0
24624,719,986,1
24628,1036,986,0
24631,1296,986,0
24653,460,988,0
24654,670,988,0
24658,935,988,1
24660,983,988,0
24664,1533,988,0
24667,258,989,0
24668,421,989,0
24670,472,989,0
24672,581,989,1
24674,831,989,0
24677,1025,989,0
24681,1491,989,0
24706,49,991,0
24707,177,991,0
24709,261,991,0
24717,626,991,1
24718,632,991,0
24725,883,991,0
24729,935,991,0
24730,993,991,0
24733,1281,991,0
24734,1309,991,1
24736,1311,991,1
24738,1419,991,0
24941,43,997,0
24943,172,997,0
24946,258,997,1
24950,435,997,0
24955,723,997,0
24960,1167,997,0
24962,1434,997,0
24963,1543,997,0
24966,234,998,0
24967,258,998,0
24972,705,998,0
24974,966,998,0
24976,1132,998,0
25025,248,1001,0
25026,369,1001,0
25027,593,1001,0
25030,828,1001,0
25032,841,1001,0
25034,1003,1001,0
25036,1112,1001,1
25077,64,1004,1
25079,72,1004,0
25080,187,1004,0
25081,217,1004,0
25082,229,1004,0
25084,261,1004,0
25085,274,1004,0
25094,373,1004,0
25096,425,1004,0
25101,533,1004,0
25103,626,1004,0
25104,639,1004,0
25108,794,1004,0
25128,1184,1004,0
25130,1197,1004,1
25133,1218,1004,0
25135,1280,1004,0
25142,1562,1004,0
25164,306,1006,0
25165,414,1006,0
25166,540,1006,0
25168,597,1006,0
25169,637,1006,0
25172,936,1006,0
25173,1082,1006,0
25175,1337,1006,0
25176,1366,1006,0
25177,1513,1006,0
25178,1556,1006,0
25225,255,1009,0
25228,508,1009,0
25229,562,1009,0
25232,793,1009,0
25240,1268,1009,0
25241,1283,1009,0
25245,764,1010,0
25246,772,1010,1
25252,1131,1010,0
25253,1281,1010,0
25254,1311,1010,0
25255,1417,1010,0
25282,107,1012,0
25284,380,1012,1
25287,723,1012,0
25288,724,1012,0
25297,1556,1012,0
25298,1576,1012,0
25328,313,1015,0
25333,907,1015,0
25337,1218,1015,0
25340,1419,1015,0
25476,258,1018,0
25479,579,1018,0
25480,581,1018,0
25486,1207,1018,0
25488,192,1019,0
25489,255,1019,0
25492,599,1019,0
25499,1008,1019,0
25503,1437,1019,0
25504,54,1020,0
25506,258,1020,0
25507,282,1020,0
25508,507,1020,0
25513,946,1020,0
25516,1054,1020,0
25519,1314,1020,0
25540,70,1022,0
25542,467,1022,0
25544,513,1022,0
25546,790,1022,0
25548,995,1022,0
25552,1417,1022,0
25554,8,1023,0
25558,40,1023,0
25560,43,1023,0
25571,172,1023,0
25577,203,1023,1
25583,258,1023,0
25590,379,1023,0
25599,438,1023,0
25600,440,1023,0
25607,495,1023,0
25613,570,1023,0
25615,597,1023,0
25617,608,1023,0
25619,613,1023,0
25627,721,1023,0
25628,722,1023,1
25629,723,1023,1
25631,759,1023,0
25632,767,1023,0
25636,777,1023,0
25637,793,1023,1
25640,800,1023,0
25643,831,1023,1
25646,856,1023,1
25647,857,1023,1
25649,861,1023,0
25654,903,1023,0
25670,1043,1023,0
25675,1097,1023,1
25678,1142,1023,0
25682,1178,1023,0
25687,1233,1023,0
25689,1253,1023,0
25697,1341,1023,0
25698,1344,1023,0
25701,1366,1023,1
25702,1377,1023,0
25706,1424,1023,0
25708,1432,1023,0
25709,1434,1023,0
25710,1438,1023,0
25711,1439,1023,0
25714,1474,1023,1
25717,1483,1023,0
25718,1492,1023,0
25720,1505,1023,1
25722,1510,1023,0
25723,1513,1023,0
25724,1516,1023,0
25726,1532,1023,0
25729,1561,1023,0
25735,124,1024,0
25736,156,1024,0
25737,186,1024,0
25744,791,1024,1
25746,869,1024,0
25750,954,1024,0
25752,1003,1024,0
25757,1495,1024,0
25759,69,1025,0
25760,82,1025,0
25763,348,1025,0
25764,667,1025,0
25765,669,1025,0
25769,798,1025,0
25772,871,1025,0
25776,1031,1025,0
25779,1356,1025,0
25841,186,1028,0
25842,308,1028,0
25846,674,1028,0
25847,680,1028,0
25852,841,1028,0
25853,954,1028,1
25857,1061,1028,0
25859,1280,1028,0
25861,1512,1028,0
25905,258,1031,0
25906,327,1031,0
25913,951,1031,0
25915,1082,1031,0
25916,1222,1031,0
25921,69,1032,0
25928,649,1032,0
25929,680,1032,0
25933,794,1032,0
25938,998,1032,0
25939,1090,1032,0
25941,1225,1032,0
25947,1555,1032,0
25952,593,1033,0
25955,661,1033,0
25957,833,1033,0
25959,850,1033,1
25962,983,1033,0
25963,998,1033,0
25964,1019,1033,0
25967,1600,1033,0
26018,33,1036,0
26019,38,1036,0
26020,42,1036,0
26021,71,1036,0
26022,177,1036,1
26025,266,1036,0
26029,828,1036,0
26037,515,1037,0
26038,544,1037,0
26039,828,1037,0
26042,1003,1037,0
26044,1218,1037,0
26056,827,1038,0
26058,934,1038,0
26059,936,1038,0
26060,946,1038,0
26061,1604,1038,0
26064,258,1039,0
26068,728,1039,0
26070,780,1039,0
26078,1195,1039,0
26079,1207,1039,0
26080,1233,1039,0
26101,178,1041,1
26105,306,1041,0
26114,767,1041,0
26118,897,1041,0
26123,986,1041,0
26125,1024,1041,1
26127,1102,1041,0
26131,1174,1041,0
26132,1193,1041,0
26135,1362,1041,0
26136,1371,1041,0
26137,1439,1041,0
26141,1472,1041,0
26143,1552,1041,0
26144,1560,1041,0
26331,115,1049,0
26332,117,1049,0
26333,134,1049,0
26334,626,1049,0
26336,794,1049,0
26343,1419,1049,0
26345,1495,1049,0
26379,138,1052,0
26381,369,1052,0
26382,489,1052,0
26383,493,1052,0
26384,583,1052,0
26388,772,1052,1
26393,998,1052,0
26394,1218,1052,0
26395,1376,1052,0
26413,313,1054,0
26414,412,1054,0
26415,467,1054,0
26417,768,1054,0
26420,828,1054,0
26424,1112,1054,0
26427,1239,1054,0
26431,30,1055,0
26432,85,1055,0
26440,258,1055,0
26445,414,1055,0
26446,421,1055,0
26450,562,1055,0
26452,603,1055,0
26455,608,1055,1
26459,637,1055,0
26462,721,1055,0
26470,899,1055,0
26472,929,1055,0
26473,936,1055,0
26474,946,1055,0
26476,1039,1055,0
26487,1438,1055,0
26488,1481,1055,1
26492,144,1056,0
26493,161,1056,0
26494,258,1056,0
26497,457,1056,0
26504,843,1056,0
26506,936,1056,0
26509,1345,1056,0
26577,70,1060,0
26581,396,1060,0
26582,452,1060,0
26583,594,1060,0
26584,598,1060,0
26588,833,1060,1
26593,1230,1060,0
26596,174,1061,0
26597,187,1061,0
26607,1411,1061,0
26609,1507,1061,0
26610,1608,1061,0
26669,553,1065,0
26671,636,1065,0
26673,736,1065,0
26674,794,1065,0
26677,849,1065,0
26678,850,1065,0
26682,961,1065,1
26688,1361,1065,0
26690,1453,1065,0
26730,40,1067,0
26732,85,1067,1
26740,224,1067,0
26742,257,1067,0
26743,258,1067,0
26744,291,1067,0
26746,295,1067,0
26747,306,1067,0
26748,311,1067,0
26756,483,1067,0
26758,495,1067,1
26763,541,1067,1
26765,543,1067,1
26766,562,1067,0
26782,892,1067,0
26783,912,1067,0
26786,972,1067,0
26789,1009,1067,0
26790,1011,1067,0
26792,1030,1067,0
26795,1120,1067,0
26804,1261,1067,1
26813,1382,1067,0
26816,1424,1067,1
26819,1437,1067,0
26820,1482,1067,0
26823,1541,1067,1
26930,153,1073,0
26932,326,1073,0
26933,425,1073,0
26934,485,1073,0
26935,567,1073,0
26937,593,1073,1
26938,636,1073,0
26948,1270,1073,0
27013,258,1076,1
27014,289,1076,0
27016,507,1076,0
27018,688,1076,0
27019,693,1076,0
27020,792,1076,0
27021,819,1076,0
27023,915,1076,0
27026,1115,1076,0
27104,33,1081,0
27106,68,1081,0
27111,655,1081,0
27112,680,1081,0
27114,786,1081,0
27115,790,1081,0
27116,830,1081,0
27119,998,1081,0
27169,425,1084,0
27171,526,1084,0
27172,529,1084,0
27174,893,1084,0
27175,935,1084,0
27177,1198,1084,0
27179,1243,1084,0
27181,1536,1084,0
27202,308,1086,0
27205,594,1086,0
27209,1232,1086,0
27211,1311,1086,0
27238,593,1088,0
27239,636,1088,0
27244,1112,1088,0
27246,1324,1088,0
27248,1525,1088,0
27249,1590,1088,0
27270,156,1090,0
27271,159,1090,0
27276,649,1090,0
27278,708,1090,0
27282,893,1090,0
27283,1208,1090,0
27284,1280,1090,0
27285,1309,1090,0
27316,258,1092,0
27320,765,1092,0
27326,949,1092,0
27327,1102,1092,0
27329,1219,1092,1
27331,1366,1092,0
27333,1371,1092,0
27334,1595,1092,0
27371,224,1095,0
27373,279,1095,0
27374,295,1095,0
27376,634,1095,0
27383,1116,1095,0
27385,1207,1095,0
27387,1240,1095,0
27390,1539,1095,0
27391,42,1096,0
27397,593,1096,0
27398,772,1096,0
27399,795,1096,0
27401,850,1096,1
27404,1055,1096,0
27406,1227,1096,0
27409,1415,1096,0
27446,234,1098,0
27449,778,1098,0
27452,831,1098,0
27454,912,1098,1
27455,936,1098,0
27458,1509,1098,0
27459,1522,1098,0
27460,1560,1098,0
27509,195,1101,0
27510,258,1101,1
27513,420,1101,0
27514,450,1101,0
27517,780,1101,0
27522,946,1101,0
27525,1054,1101,0
27526,1123,1101,0
27528,1298,1101,0
27531,258,1102,1
27534,588,1102,0
27538,807,1102,0
27541,1097,1102,0
27542,1119,1102,0
27543,1128,1102,0
27544,1298,1102,0
27545,1396,1102,0
27546,1522,1102,0
27596,26,1105,1
27599,30,1105,1
27600,31,1105,1
27609,223,1105,0
27612,234,1105,0
27613,258,1105,0
27614,259,1105,0
27615,351,1105,0
27616,359,1105,0
27622,503,1105,0
27623,507,1105,0
27626,556,1105,0
27628,613,1105,0
27630,658,1105,1
27632,677,1105,0
27633,690,1105,0
27634,723,1105,0
27638,801,1105,0
27641,867,1105,0
27642,874,1105,0
27644,934,1105,0
27648,1005,1105,1
27649,1030,1105,0
27654,1194,1105,0
27659,1337,1105,0
27661,1366,1105,0
27665,1584,1105,0
27666,1616,1105,0
27670,304,1106,0
27672,463,1106,0
27674,595,1106,0
27679,1281,1106,0
27681,1537,1106,0
27708,537,1108,0
27709,649,1108,0
27715,1361,1108,0
27716,1391,1108,0
27718,1579,1108,0
27763,791,1110,0
27767,875,1110,0
27770,998,1110,0
27772,1163,1110,0
27773,1280,1110,0
27774,1289,1110,0
27779,153,1111,0
27780,260,1111,0
27783,828,1111,0
27785,871,1111,0
27788,1225,1111,0
27789,1600,1111,0
27792,110,1112,0
27794,217,1112,0
27797,403,1112,0
27800,565,1112,0
27801,593,1112,0
27803,826,1112,0
27806,998,1112,0
27808,1112,1112,0
27811,1225,1112,0
27814,255,1113,0
27815,258,1113,0
27818,380,1113,0
27821,721,1113,0
27824,831,1113,0
27829,1009,1113,0
27830,1088,1113,0
27831,1130,1113,0
27834,1366,1113,0
27839,508,1114,0
27840,717,1114,0
27842,867,1114,0
27845,929,1114,0
27846,951,1114,1
27848,1097,1114,0
27850,1119,1114,0
27858,308,1115,0
27859,484,1115,0
27860,572,1115,0
27861,726,1115,0
27862,791,1115,0
27865,998,1115,0
27867,1245,1115,0
27869,1277,1115,0
27873,81,1116,0
27880,278,1116,0
27884,362,1116,0
27886,402,1116,0
27887,415,1116,0
27890,424,1116,1
27893,467,1116,0
27894,479,1116,1
27895,489,1116,0
27896,512,1116,0
27900,544,1116,0
27901,593,1116,0
27903,610,1116,0
27906,649,1116,0
27915,830,1116,0
27917,872,1116,0
27927,969,1116,0
27929,989,1116,0
27931,1000,1116,0
27934,1045,1116,0
27939,1146,1116,0
27942,1208,1116,0
27946,1296,1116,0
27947,1309,1116,0
27948,1312,1116,0
27951,1353,1116,0
27954,1417,1116,0
27959,1533,1116,0
27960,1545,1116,1
27961,1581,1116,0
27963,1609,1116,0
27965,1614,1116,0
27968,38,1117,0
27975,998,1117,0
27982,1453,1117,0
27983,1464,1117,0
27984,1537,1117,0
27985,1600,1117,0
28014,42,1120,0
28015,49,1120,0
28017,461,1120,0
28026,1281,1120,0
28027,1417,1120,0
28071,228,1123,0
28072,249,1123,1
28073,656,1123,0
28082,1532,1123,0
28084,1616,1123,0
28085,186,1124,0
28087,284,1124,0
28090,786,1124,0
28094,998,1124,0
28098,1533,1124,1
28099,1538,1124,0
28124,475,1126,0
28125,580,1126,0
28126,581,1126,0
28127,745,1126,0
28132,843,1126,0
28135,1115,1126,0
28174,20,1129,0
28176,209,1129,0
28178,550,1129,0
28181,598,1129,0
28182,657,1129,0
28191,1391,1129,0
28193,1538,1129,0
28195,123,1130,0
28199,345,1130,0
28202,656,1130,0
28203,659,1130,0
28212,1130,1130,0
28214,1222,1130,0
28215,1337,1130,0
28216,1502,1130,0
28217,26,1131,0
28220,105,1131,0
28222,258,1131,0
28226,579,1131,0
28234,1207,1131,0
28235,1219,1131,0
28236,1345,1131,0
28237,1392,1131,1
28239,79,1132,0
28241,174,1132,0
28242,339,1132,0
28243,392,1132,0
28244,568,1132,0
28246,893,1132,0
28253,1353,1132,0
28258,258,1133,0
28259,259,1133,0
28260,269,1133,0
28266,929,1133,0
28269,1207,1133,0
28271,1254,1133,0
28272,1283,1133,0
28297,36,1135,0
28299,195,1135,0
28308,856,1135,0
28310,1078,1135,0
28312,1263,1135,0
28315,1540,1135,0
28321,123,1136,0
28322,161,1136,0
28328,807,1136,0
28330,866,1136,0
28332,912,1136,0
28335,1123,1136,0
28337,1308,1136,0
28341,377,1137,0
28344,532,1137,0
28347,653,1137,0
28349,793,1137,1
28352,882,1137,0
28355,929,1137,0
28356,936,1137,0
28361,1193,1137,0
28363,1233,1137,0
28365,1322,1137,0
28368,1366,1137,0
28369,1392,1137,0
28401,228,1139,0
28402,282,1139,0
28403,503,1139,0
28406,580,1139,0
28409,745,1139,1
28415,946,1139,0
28417,1298,1139,0
28421,258,1140,0
28425,723,1140,0
28428,765,1140,0
28430,819,1140,0
28432,856,1140,0
28434,890,1140,0
28437,1034,1140,0
28438,1219,1140,1
28440,1527,1140,0
28442,1595,1140,0
28447,339,1141,1
28452,432,1141,0
28453,477,1141,0
28456,550,1141,0
28457,568,1141,0
28458,593,1141,0
28459,725,1141,0
28462,909,1141,0
28464,970,1141,0
28467,1031,1141,0
28471,1180,1141,0
28643,231,1151,0
28646,347,1151,0
28647,457,1151,1
28649,653,1151,0
28651,717,1151,0
28655,1344,1151,0
28656,1396,1151,0
28723,36,1155,0
28726,136,1155,0
28737,1597,1155,0
28738,1603,1155,1
28739,223,1156,0
28740,258,1156,0
28742,656,1156,0
28744,760,1156,0
28746,856,1156,0
28747,874,1156,0
28754,1236,1156,0
28755,1392,1156,0
28825,179,1159,0
28826,258,1159,0
28830,780,1159,0
28832,819,1159,1
28833,831,1159,0
28838,1207,1159,0
28843,203,1160,0
28844,258,1160,0
28845,333,1160,0
28852,972,1160,0
28853,1256,1160,0
28859,179,1161,0
28860,258,1161,1
28866,792,1161,0
28871,1009,1161,0
28873,1081,1161,0
28877,1371,1161,0
28878,1474,1161,0
28897,91,1163,1
28901,232,1163,0
28902,239,1163,0
28905,425,1163,0
28910,567,1163,0
28914,650,1163,0
28915,794,1163,0
28917,841,1163,0
28919,916,1163,0
28921,954,1163,0
28924,1055,1163,0
28927,1139,1163,0
28930,1239,1163,1
28934,1281,1163,0
28936,1609,1163,0
28940,125,1164,0
28941,150,1164,0
28949,309,1164,0
28951,315,1164,0
28960,444,1164,0
28963,489,1164,1
28964,493,1164,1
28966,529,1164,0
28967,533,1164,0
28969,546,1164,0
28970,565,1164,0
28972,607,1164,0
28976,650,1164,0
28982,730,1164,0
28991,841,1164,0
28992,847,1164,0
28993,880,1164,0
28994,909,1164,0
28995,954,1164,0
28998,1036,1164,0
29006,1139,1164,0
29010,1197,1164,0
29012,1239,1164,1
29013,1243,1164,0
29015,1270,1164,0
29017,1289,1164,0
29025,1460,1164,0
29028,1506,1164,0
29031,1545,1164,0
29033,1562,1164,1
29039,339,1165,0
29041,533,1165,0
29046,786,1165,0
29047,795,1165,0
29048,828,1165,0
29051,998,1165,1
29059,258,1166,0
29060,269,1166,0
29065,827,1166,0
29069,986,1166,0
29072,1194,1166,0
29073,1254,1166,0
29076,1432,1166,0
29077,1439,1166,0
29079,1595,1166,0
29097,38,1168,0
29101,626,1168,0
29104,893,1168,0
29105,970,1168,0
29107,1384,1168,0
29110,1506,1168,0
29134,405,1171,0
29136,479,1171,0
29140,593,1171,0
29141,732,1171,0
29143,786,1171,1
29144,817,1171,0
29146,935,1171,0
29147,998,1171,0
29150,1198,1171,0
29193,229,1174,0
29200,779,1174,1
29203,841,1174,0
29206,954,1174,0
29207,969,1174,0
29208,983,1174,0
29209,995,1174,1
29215,1280,1174,0
29218,29,1175,0
29220,276,1175,1
29221,500,1175,0
29224,576,1175,0
29228,649,1175,0
29229,730,1175,0
29236,1079,1175,0
29237,1112,1175,0
29238,1198,1175,0
29240,1353,1175,0
29244,1581,1175,0
29319,258,1178,0
29322,611,1178,0
29330,1021,1178,0
29332,1102,1178,1
29334,1314,1178,0
29335,1322,1178,0
29359,130,1180,0
29362,485,1180,0
29363,515,1180,0
29367,786,1180,0
29369,846,1180,0
29370,935,1180,0
29375,1419,1180,0
29409,196,1183,0
29412,630,1183,0
29413,649,1183,0
29414,713,1183,0
29415,817,1183,1
29418,893,1183,0
29419,907,1183,0
29424,1411,1183,0
29482,463,1185,0
29484,513,1185,1
29485,529,1185,0
29486,544,1185,0
29487,631,1185,0
29489,772,1185,0
29494,1045,1185,0
29500,1581,1185,0
29504,99,1186,0
29506,461,1186,0
29509,735,1186,0
29510,779,1186,0
29516,1340,1186,0
29517,1571,1186,0
29537,106,1188,1
29540,138,1188,0
29542,159,1188,1
29543,160,1188,1
29551,313,1188,0
29553,342,1188,0
29559,565,1188,0
29561,632,1188,0
29562,638,1188,0
29564,680,1188,1
29566,772,1188,0
29568,820,1188,0
29569,826,1188,0
29570,832,1188,0
29572,916,1188,0
29574,993,1188,0
29575,998,1188,0
29576,1000,1188,0
29580,1045,1188,0
29589,1280,1188,0
29590,1299,1188,0
29592,1323,1188,1
29593,1324,1188,1
29595,1353,1188,0
29598,1387,1188,0
29601,1411,1188,0
29604,1464,1188,0
29609,1544,1188,0
29617,234,1189,0
29627,728,1189,0
29628,760,1189,0
29632,1039,1189,1
29633,1065,1189,0
29636,1233,1189,0
29637,1261,1189,0
29638,1418,1189,0
29639,1570,1189,0
29642,522,1190,0
29643,529,1190,0
29644,538,1190,0
29645,818,1190,0
29649,1324,1190,0
29652,1471,1190,0
29653,1536,1190,0
29675,258,1192,0
29678,447,1192,0
29684,788,1192,0
29686,913,1192,0
29689,1043,1192,0
29690,1366,1192,0
29695,633,1193,0
29697,772,1193,1
29698,779,1193,0
29699,832,1193,0
29702,1198,1193,0
29708,118,1194,0
29710,312,1194,0
29715,735,1194,0
29716,772,1194,1
29720,961,1194,0
29722,1361,1194,0
29724,105,1195,0
29729,314,1195,0
29732,777,1195,1
29734,957,1195,0
29736,1026,1195,0
29740,1500,1195,0
29741,42,1196,0
29742,138,1196,0
29746,373,1196,0
29748,412,1196,0
29753,529,1196,0
29759,719,1196,0
29761,786,1196,0
29764,791,1196,0
29766,794,1196,1
29767,832,1196,1
29769,841,1196,0
29770,842,1196,0
29772,864,1196,0
29773,872,1196,0
29774,875,1196,0
29778,1181,1196,0
29779,1196,1196,0
29780,1312,1196,0
29781,1323,1196,0
29788,73,1197,0
29792,171,1197,0
29793,228,1197,0
29794,317,1197,0
29796,333,1197,0
29797,356,1197,0
29800,457,1197,0
29802,581,1197,0
29803,637,1197,0
29804,644,1197,0
29806,728,1197,1
29810,767,1197,1
29819,889,1197,0
29821,929,1197,0
29825,1039,1197,0
29826,1043,1197,0
29831,1222,1197,1
29836,1314,1197,0
29842,1438,1197,0
29843,1481,1197,0
29844,1482,1197,0
29845,1534,1197,0
29846,1540,1197,0
29848,1597,1197,0
29858,637,1198,1
29863,702,1198,0
29866,792,1198,0
29867,801,1198,0
29871,1020,1198,0
29872,1035,1198,0
29873,1088,1198,0
29874,1134,1198,1
29878,1431,1198,0
29879,1443,1198,0
29884,276,1199,0
29886,491,1199,1
29887,533,1199,0
29889,667,1199,0
29892,779,1199,0
29895,868,1199,0
29896,954,1199,0
29897,1023,1199,0
29900,1402,1199,0
29903,73,1200,0
29905,323,1200,0
29910,1009,1200,0
29913,1233,1200,0
29916,1366,1200,1
29919,1540,1200,0
29920,1585,1200,0
29923,102,1201,0
29926,258,1201,1
29930,793,1201,0
29933,856,1201,0
29936,929,1201,0
29937,975,1201,0
29939,1116,1201,0
29943,1603,1201,0
29965,26,1203,0
29968,40,1203,0
29971,136,1203,0
29973,171,1203,0
29977,228,1203,1
29979,237,1203,0
29983,320,1203,1
29985,323,1203,0
29992,413,1203,0
30001,523,1203,1
30008,541,1203,0
30012,579,1203,0
30016,645,1203,0
30020,677,1203,0
30023,705,1203,0
30030,793,1203,0
30032,812,1203,0
30039,866,1203,0
30048,965,1203,1
30050,986,1203,0
30052,1013,1203,0
30053,1021,1203,1
30056,1024,1203,0
30060,1088,1203,0
30061,1093,1203,0
30063,1115,1203,0
30065,1120,1203,0
30066,1123,1203,0
30069,1207,1203,1
30072,1253,1203,1
30073,1261,1203,0
30074,1263,1203,0
30080,1308,1203,0
30082,1337,1203,1
30086,1406,1203,0
30087,1418,1203,1
30090,1431,1203,0
30092,1438,1203,0
30094,1509,1203,0
30104,49,1204,0
30106,70,1204,0
30109,86,1204,0
30113,103,1204,0
30115,122,1204,0
30117,187,1204,0
30125,248,1204,0
30137,408,1204,0
30139,412,1204,0
30141,432,1204,1
30146,500,1204,0
30148,530,1204,1
30152,558,1204,0
30154,576,1204,0
30156,585,1204,1
30158,626,1204,0
30159,630,1204,0
30160,631,1204,1
30168,708,1204,0
30176,828,1204,0
30178,830,1204,0
30179,832,1204,0
30181,842,1204,0
30182,847,1204,0
30183,872,1204,0
30185,880,1204,0
30188,909,1204,0
30190,917,1204,0
30195,956,1204,0
30199,970,1204,0
30201,1023,1204,1
30203,1031,1204,1
30211,1131,1204,1
30218,1225,1204,1
30222,1281,1204,0
30226,1291,1204,0
30227,1299,1204,0
30229,1319,1204,0
30236,1391,1204,0
30239,1417,1204,1
30245,1488,1204,0
30254,368,1205,0
30259,819,1205,0
30264,1065,1205,0
30271,1491,1205,0
30272,1552,1205,0
30274,1599,1205,0
30293,258,1207,0
30296,508,1207,0
30297,549,1207,1
30301,780,1207,0
30302,857,1207,0
30303,1082,1207,0
30304,82,1208,0
30305,125,1208,0
30306,274,1208,0
30307,458,1208,0
30310,633,1208,0
30311,649,1208,0
30313,719,1208,0
30318,1281,1208,0
30319,1338,1208,0
30320,1381,1208,0
30382,679,1212,0
30383,684,1212,0
30385,795,1212,0
30388,850,1212,0
30389,893,1212,0
30391,954,1212,0
30393,1214,1212,0
30399,315,1213,0
30401,786,1213,0
30402,794,1213,0
30403,826,1213,0
30405,853,1213,0
30410,995,1213,0
30413,1245,1213,0
30415,1411,1213,0
30431,203,1215,0
30436,755,1215,0
30437,767,1215,0
30438,769,1215,0
30441,946,1215,0
30444,1240,1215,0
30447,258,1216,0
30453,745,1216,0
30455,934,1216,0
30456,946,1216,1
30458,1008,1216,0
30460,1053,1216,0
30461,1097,1216,0
30462,1102,1216,0
30465,1337,1216,0
30467,1542,1216,0
30468,64,1217,0
30472,550,1217,0
30473,567,1217,0
30477,860,1217,0
30482,1309,1217,0
30483,1411,1217,0
30518,340,1219,0
30523,402,1219,0
30524,446,1219,0
30526,496,1219,0
30527,515,1219,0
30529,550,1219,0
30533,630,1219,0
30534,632,1219,0
30536,670,1219,0
30542,864,1219,0
30543,917,1219,0
30544,995,1219,0
30548,1137,1219,0
30550,1166,1219,0
30554,1427,1219,1
30563,1537,1219,0
30564,1553,1219,0
30621,159,1221,0
30622,428,1221,0
30623,460,1221,0
30626,484,1221,0
30631,869,1221,0
30633,935,1221,0
30636,1079,1221,0
30641,202,1222,0
30642,284,1222,1
30648,872,1222,0
30650,961,1222,0
30658,308,1223,0
30660,339,1223,0
30661,373,1223,0
30663,491,1223,0
30666,598,1223,1
30667,610,1223,0
30669,631,1223,0
30671,667,1223,0
30676,714,1223,0
30679,774,1223,0
30680,786,1223,0
30682,826,1223,1
30689,1091,1223,0
30690,1112,1223,1
30693,1163,1223,0
30699,1340,1223,0
30701,1376,1223,0
30705,1592,1223,0
30706,1608,1223,0
30707,52,1224,0
30709,258,1224,1
30713,562,1224,0
30714,658,1224,0
30720,1043,1224,0
30722,1123,1224,0
30727,54,1225,0
30730,223,1225,0
30731,237,1225,0
30733,311,1225,0
30736,440,1225,0
30737,450,1225,0
30741,562,1225,0
30742,580,1225,0
30744,653,1225,0
30749,767,1225,0
30750,793,1225,0
30751,831,1225,0
30756,951,1225,0
30758,963,1225,0
30761,1008,1225,1
30763,1054,1225,0
30765,1098,1225,0
30769,1345,1225,0
30774,1434,1225,0
30775,1520,1225,0
30776,1534,1225,0
30778,1586,1225,0
30781,314,1226,0
30784,834,1226,0
30786,863,1226,0
30787,866,1226,0
30791,1132,1226,0
30792,1134,1226,0
30799,461,1227,0
30800,479,1227,0
30803,652,1227,0
30808,893,1227,0
30809,1296,1227,0
30812,138,1228,0
30817,772,1228,0
30820,828,1228,0
30823,871,1228,0
30824,916,1228,0
30827,998,1228,0
30856,413,1230,0
30859,835,1230,0
30865,1039,1230,0
30866,1054,1230,0
30869,1165,1230,0
30870,1207,1230,0
30874,1586,1230,0
30875,138,1231,0
30876,250,1231,0
30881,830,1231,1
30884,954,1231,0
30888,1562,1231,0
30891,258,1232,1
30892,296,1232,0
30897,445,1232,0
30902,656,1232,0
30904,724,1232,0
30910,1195,1232,0
30911,1219,1232,0
30913,1434,1232,0
30916,258,1233,0
30917,269,1233,0
30918,503,1233,0
30919,745,1233,0
30923,1034,1233,0
30924,1220,1233,0
30949,258,1235,0
30950,323,1235,0
30952,599,1235,0
30955,788,1235,0
30960,1322,1235,0
30964,244,1236,0
30967,677,1236,0
30968,723,1236,0
30969,777,1236,0
30971,857,1236,0
30974,1097,1236,0
30977,1282,1236,0
30982,52,1237,0
30984,167,1237,0
30985,228,1237,0
30987,258,1237,0
30989,588,1237,0
31002,1322,1237,0
31007,258,1238,0
31008,291,1238,0
31009,302,1238,0
31017,1570,1238,0
31018,155,1239,0
31023,883,1239,0
31024,888,1239,0
31026,1411,1239,0
31071,155,1242,0
31074,402,1242,0
31078,786,1242,0
31085,1375,1242,0
31086,1411,1242,0
31087,1617,1242,0
31088,258,1243,0
31091,570,1243,0
31095,857,1243,0
31101,1522,1243,0
31140,64,1246,0
31143,156,1246,0
31144,159,1246,0
31149,513,1246,0
31150,517,1246,0
31153,813,1246,0
31154,830,1246,0
31162,1230,1246,0
31163,1296,1246,1
31166,1376,1246,0
31376,20,1249,0
31378,33,1249,1
31380,42,1249,1
31381,49,1249,0
31384,61,1249,1
31385,64,1249,0
31387,77,1249,0
31388,82,1249,0
31390,103,1249,0
31396,118,1249,0
31398,125,1249,0
31402,155,1249,0
31414,232,1249,0
31415,240,1249,0
31422,274,1249,1
31424,304,1249,0
31430,340,1249,0
31432,361,1249,0
31434,372,1249,0
31442,406,1249,0
31443,410,1249,0
31444,411,1249,0
31452,449,1249,0
31454,461,1249,0
31458,477,1249,0
31459,478,1249,0
31462,505,1249,0
31467,529,1249,1
31469,544,1249,0
31472,552,1249,0
31474,567,1249,0
31475,572,1249,0
31478,585,1249,0
31482,593,1249,0
31483,595,1249,0
31485,632,1249,0
31493,655,1249,0
31497,670,1249,0
31500,684,1249,0
31504,694,1249,0
31507,719,1249,0
31517,771,1249,0
31519,791,1249,1
31520,794,1249,0
31521,795,1249,0
31525,826,1249,0
31526,828,1249,0
31530,846,1249,0
31531,847,1249,0
31532,849,1249,0
31535,860,1249,0
31541,888,1249,1
31556,954,1249,1
31557,956,1249,0
31562,974,1249,1
31564,977,1249,1
31566,985,1249,0
31568,1000,1249,0
31569,1003,1249,0
31575,1031,1249,0
31579,1079,1249,1
31586,1124,1249,0
31587,1131,1249,0
31589,1137,1249,0
31591,1139,1249,0
31598,1187,1249,0
31600,1196,1249,0
31603,1227,1249,0
31606,1270,1249,1
31608,1289,1249,0
31609,1299,1249,0
31615,1323,1249,0
31622,1353,1249,0
31623,1356,1249,0
31627,1376,1249,1
31643,1449,1249,0
31646,1471,1249,0
31650,1494,1249,0
31654,1506,1249,0
31661,1537,1249,0
31666,1553,1249,0
31675,1592,1249,0
31676,1600,1249,0
31678,1608,1249,0
31679,1614,1249,0
31755,472,1253,0
31757,634,1253,0
31759,856,1253,0
31763,1268,1253,0
31764,1283,1253,0
31766,1458,1253,0
31772,451,1254,0
31774,667,1254,0
31775,830,1254,0
31777,841,1254,0
31779,893,1254,0
31786,33,1255,0
31788,396,1255,1
31793,830,1255,0
31795,841,1255,0
31796,868,1255,0
31797,916,1255,0
31804,1411,1255,0
31805,1537,1255,0
31806,142,1256,0
31810,649,1256,0
31814,998,1256,0
31817,1291,1256,0
31818,1296,1256,0
31819,1375,1256,0
31820,1427,1256,0
31821,1512,1256,0
31868,311,1259,1
31871,602,1259,0
31872,603,1259,0
31874,717,1259,0
31875,760,1259,0
31877,903,1259,0
31878,1043,1259,0
31888,1576,1259,0
31889,209,1260,0
31890,246,1260,0
31894,772,1260,0
31898,961,1260,0
31902,1338,1260,0
31904,1415,1260,0
31909,237,1261,0
31910,258,1261,0
31912,624,1261,0
31913,693,1261,0
31914,767,1261,0
31920,975,1261,0
31923,1043,1261,0
31924,1065,1261,0
31977,18,1263,0
31980,69,1263,0
31982,122,1263,0
31984,339,1263,0
31986,448,1263,0
31992,661,1263,0
31995,730,1263,0
31997,850,1263,0
31999,853,1263,1
32000,868,1263,1
32009,1376,1263,0
32042,49,1265,1
32046,86,1265,0
32050,117,1265,0
32052,134,1265,1
32055,149,1265,1
32056,153,1265,0
32057,155,1265,0
32058,159,1265,0
32064,177,1265,0
32068,196,1265,0
32069,202,1265,0
32073,246,1265,0
32076,260,1265,0
32091,405,1265,0
32092,411,1265,0
32098,448,1265,1
32099,451,1265,0
32103,505,1265,0
32108,594,1265,0
32113,655,1265,0
32114,661,1265,0
32116,684,1265,0
32118,697,1265,0
32126,794,1265,0
32128,830,1265,0
32129,832,1265,0
32132,847,1265,0
32135,917,1265,0
32143,1023,1265,0
32145,1027,1265,0
32156,1192,1265,0
32158,1197,1265,0
32164,1230,1265,0
32166,1280,1265,0
32168,1299,1265,0
32177,1411,1265,0
32184,1471,1265,0
32185,1493,1265,0
32187,1512,1265,0
32191,1592,1265,0
32192,1608,1265,0
32193,1614,1265,0
32194,1617,1265,0
32326,316,1271,0
32327,339,1271,0
32328,649,1271,1
32329,779,1271,0
32331,881,1271,0
32336,1055,1271,0
32441,490,1277,0
32442,728,1277,0
32446,793,1277,0
32448,1123,1277,0
32451,69,1278,0
32452,176,1278,0
32455,372,1278,0
32456,402,1278,0
32458,432,1278,0
32467,774,1278,0
32468,791,1278,0
32469,794,1278,0
32471,832,1278,0
32473,847,1278,0
32474,893,1278,0
32475,993,1278,0
32479,1124,1278,1
32480,1230,1278,0
32517,258,1280,0
32520,1049,1280,0
32521,1097,1280,0
32522,1102,1280,0
32523,1167,1280,0
32524,1220,1280,0
32527,1263,1280,0
32531,1371,1280,0
32587,138,1283,0
32588,209,1283,0
32592,771,1283,0
32597,1019,1283,0
32598,1258,1283,0
32599,1340,1283,0
32600,1381,1283,0
32603,12,1284,0
32606,116,1284,0
32610,597,1284,0
32611,645,1284,0
32612,688,1284,1
32616,856,1284,0
32619,1341,1284,0
32621,1492,1284,0
32669,258,1288,1
32671,532,1288,0
32674,723,1288,0
32675,788,1288,0
32677,882,1288,0
32679,946,1288,0
32681,1102,1288,0
32733,786,1291,0
32734,832,1291,0
32736,872,1291,0
32738,998,1291,0
32745,1218,1291,0
32747,1353,1291,0
32749,1402,1291,0
32750,1592,1291,0
32783,554,1294,0
32784,576,1294,0
32786,916,1294,0
32789,1245,1294,0
32791,1419,1294,0
32794,1493,1294,0
32818,50,1296,0
32819,179,1296,0
32820,257,1296,0
32821,258,1296,0
32827,866,1296,0
32829,929,1296,0
32834,1522,1296,0
32838,209,1297,0
32842,667,1297,0
32843,830,1297,0
32845,998,1297,1
32849,1258,1297,0
32945,258,1301,0
32947,282,1301,0
32949,450,1301,1
32954,688,1301,0
32957,946,1301,0
32959,1491,1301,0
32961,42,1302,0
32962,49,1302,0
32965,458,1302,0
32966,504,1302,0
32970,850,1302,0
32972,998,1302,0
32977,1506,1302,0
32998,258,1304,0
33000,549,1304,0
33003,1009,1304,0
33008,1392,1304,1
33009,1438,1304,0
33030,258,1306,0
33032,634,1306,0
33033,681,1306,0
33039,1128,1306,0
33040,1207,1306,0
33043,1619,1306,0
33080,316,1309,0
33083,830,1309,0
33084,832,1309,0
33086,907,1309,1
33088,998,1309,0
33093,1245,1309,0
33096,237,1310,0
33097,258,1310,0
33099,320,1310,0
33102,805,1310,0
33104,932,1310,0
33106,1122,1310,0
33108,1407,1310,0
33111,1605,1310,0
33164,55,1313,0
33166,223,1313,0
33167,224,1313,0
33168,258,1313,0
33171,521,1313,0
33178,965,1313,0
33180,1219,1313,1
33182,1557,1313,0
33184,38,1314,0
33185,49,1314,0
33189,153,1314,0
33190,159,1314,1
33191,160,1314,1
33196,187,1314,0
33199,229,1314,0
33204,284,1314,0
33208,372,1314,0
33211,428,1314,0
33213,448,1314,0
33216,552,1314,0
33220,593,1314,0
33228,768,1314,1
33230,779,1314,0
33231,817,1314,0
33232,818,1314,0
33235,869,1314,0
33237,883,1314,0
33247,995,1314,0
33248,1000,1314,0
33250,1055,1314,1
33252,1090,1314,0
33253,1146,1314,0
33259,1258,1314,0
33265,1348,1314,0
33275,108,1315,0
33276,289,1315,0
33280,637,1315,0
33283,745,1315,0
33284,834,1315,0
33286,856,1315,0
33290,1123,1315,0
33293,1438,1315,0
33298,794,1316,0
33300,842,1316,0
33302,1019,1316,0
33303,1061,1316,0
33310,1393,1316,0
33312,1411,1316,0
33315,1493,1316,0
33317,159,1317,0
33320,786,1317,0
33321,794,1317,0
33327,974,1317,0
33332,1525,1317,0
33335,451,1318,0
33337,504,1318,0
33338,526,1318,0
33339,593,1318,0
33340,649,1318,0
33344,850,1318,0
33350,1163,1318,0
33355,1397,1318,0
33357,61,1319,0
33358,424,1319,0
33360,657,1319,0
33362,772,1319,0
33364,849,1319,0
33370,71,1320,0
33375,278,1320,0
33377,505,1320,0
33385,880,1320,0
33386,985,1320,0
33387,989,1320,0
33388,998,1320,0
33391,1309,1320,0
33393,1402,1320,0
33398,369,1321,0
33401,546,1321,0
33402,572,1321,0
33410,1027,1321,0
33411,1196,1321,0
33412,1224,1321,0
33415,202,1322,0
33416,341,1322,0
33417,415,1322,0
33419,674,1322,0
33420,708,1322,0
33427,1000,1322,0
33428,1348,1322,0
33446,379,1324,0
33448,765,1324,0
33453,1025,1324,0
33456,1123,1324,0
33460,1556,1324,0
33542,79,1329,0
33543,81,1329,0
33544,149,1329,0
33546,155,1329,0
33550,308,1329,0
33552,373,1329,1
33553,496,1329,0
33554,550,1329,0
33556,575,1329,0
33557,669,1329,0
33558,694,1329,0
33559,713,1329,0
33564,772,1329,0
33565,826,1329,0
33567,869,1329,0
33571,1089,1329,0
33582,1612,1329,0
33641,258,1333,1
33650,792,1333,0
33652,903,1333,0
33653,957,1333,0
33654,972,1333,0
33656,1039,1333,0
33657,1082,1333,0
33660,1396,1333,0
33695,656,1336,0
33696,690,1336,0
33697,815,1336,0
33700,990,1336,0
33703,1128,1336,0
33705,1263,1336,0
33712,234,1337,0
33714,413,1337,0
33720,1193,1337,0
33721,1261,1337,0
33723,1497,1337,0
33779,61,1340,0
33782,593,1340,0
33786,779,1340,0
33789,970,1340,0
33790,993,1340,0
33796,192,1341,0
33798,258,1341,0
33801,507,1341,0
33802,653,1341,0
33808,831,1341,0
33816,1195,1341,1
33817,1300,1341,0
33819,1522,1341,0
33820,12,1342,0
33822,54,1342,0
33825,282,1342,0
33826,295,1342,0
33829,613,1342,0
33835,936,1342,0
33841,1240,1342,1
33873,296,1344,0
33874,658,1344,0
33878,807,1344,0
33881,900,1344,0
33883,1262,1344,0
33884,1434,1344,0
33911,38,1346,0
33915,772,1346,0
33918,842,1346,0
33919,864,1346,0
33922,1003,1346,0
33923,1019,1346,0
33925,1227,1346,0
33930,1533,1346,0
33933,258,1347,0
33934,291,1347,1
33938,724,1347,0
33939,766,1347,0
33941,801,1347,0
33943,857,1347,0
33947,1212,1347,0
33978,258,1349,1
33981,724,1349,0
33982,767,1349,0
33984,912,1349,0
33985,930,1349,0
33987,1039,1349,0
33991,1264,1349,0
33999,258,1350,0
34000,427,1350,0
34003,658,1350,0
34008,819,1350,0
34010,936,1350,0
34012,949,1350,0
34049,161,1353,0
34052,579,1353,0
34055,793,1353,0
34057,1020,1353,0
34060,1233,1353,0
34061,1240,1353,0
34062,1251,1353,0
34063,1426,1353,0
34064,1508,1353,0
34080,177,1355,0
34083,332,1355,0
34084,446,1355,0
34085,451,1355,0
34088,736,1355,0
34090,786,1355,0
34091,794,1355,0
34092,832,1355,0
34094,916,1355,0
34095,998,1355,1
34096,1112,1355,0
34183,99,1359,1
34185,118,1359,0
34188,149,1359,0
34192,405,1359,0
34193,406,1359,0
34195,458,1359,0
34196,583,1359,0
34197,593,1359,1
34199,662,1359,0
34200,679,1359,0
34202,742,1359,0
34208,978,1359,0
34209,985,1359,0
34211,1023,1359,0
34221,1289,1359,0
34222,1354,1359,0
34224,1391,1359,1
34230,1590,1359,0
34281,108,1362,0
34284,258,1362,0
34289,767,1362,0
34294,1362,1362,0
34295,1396,1362,0
34296,1474,1362,0
34331,257,1365,0
34332,258,1365,0
34337,861,1365,0
34338,936,1365,0
34343,1584,1365,0
34375,85,1367,0
34376,109,1367,0
34378,282,1367,0
34381,447,1367,0
34383,702,1367,0
34384,729,1367,0
34385,755,1367,0
34391,812,1367,1
34394,936,1367,0
34396,1165,1367,0
34400,1308,1367,0
34556,89,1372,1
34560,649,1372,0
34561,779,1372,0
34565,888,1372,0
34566,978,1372,0
34567,998,1372,0
34570,1124,1372,0
34573,1361,1372,0
34577,129,1373,0
34578,393,1373,0
34579,688,1373,0
34587,1523,1373,0
34589,77,1374,0
34596,684,1374,0
34600,824,1374,0
34602,850,1374,0
34603,875,1374,0
34605,880,1374,0
34608,995,1374,0
34609,1003,1374,0
34613,1353,1374,0
34615,1411,1374,0
34619,1592,1374,0
34620,12,1375,0
34623,54,1375,0
34624,85,1375,0
34626,116,1375,0
34628,178,1375,0
34629,224,1375,0
34632,258,1375,0
34635,380,1375,0
34639,523,1375,0
34644,601,1375,0
34646,728,1375,0
34647,780,1375,0
34648,793,1375,1
34655,912,1375,0
34656,922,1375,0
34659,946,1375,1
34663,1020,1375,0
34664,1066,1375,0
34666,1082,1375,0
34667,1088,1375,0
34668,1093,1375,0
34669,1140,1375,1
34672,1233,1375,0
34673,1253,1375,0
34678,1432,1375,0
34682,1502,1375,0
34684,1554,1375,0
34685,1563,1375,0
34687,278,1376,0
34688,324,1376,0
34690,735,1376,0
34693,974,1376,0
34694,1112,1376,0
34695,1182,1376,0
34698,1384,1376,0
34725,449,1378,0
34726,461,1378,0
34729,832,1378,0
34732,1184,1378,0
34733,1311,1378,0
34759,53,1380,0
34760,427,1380,0
34763,912,1380,0
34765,975,1380,0
34769,1527,1380,0
34827,42,1384,0
34829,94,1384,0
34830,117,1384,0
34831,217,1384,0
34834,448,1384,0
34837,842,1384,0
34838,888,1384,0
34840,935,1384,0
34845,1229,1384,0
34846,1296,1384,0
34849,177,1385,0
34857,479,1385,0
34860,794,1385,1
34861,817,1385,0
34863,828,1385,0
34867,1166,1385,0
34868,1183,1385,0
34870,1299,1385,0
34872,1411,1385,0
34874,53,1386,0
34875,258,1386,0
34882,912,1386,0
34883,946,1386,0
34885,990,1386,0
34888,1282,1386,0
34891,1322,1386,0
34896,284,1387,0
34897,324,1387,0
34901,779,1387,0
34902,817,1387,1
34905,881,1387,0
34909,998,1387,0
34911,1218,1387,0
34912,1239,1387,0
35091,55,1397,0
35092,85,1397,0
35093,371,1397,0
35096,777,1397,0
35099,951,1397,0
35105,1522,1397,0
35147,136,1400,0
35148,221,1400,1
35149,258,1400,0
35153,414,1400,0
35154,570,1400,0
35155,599,1400,0
35158,767,1400,0
35161,884,1400,0
35187,79,1402,0
35188,106,1402,0
35192,849,1402,0
35195,998,1402,0
35200,1225,1402,0
35202,1608,1402,0
35357,173,1405,0
35358,240,1405,0
35363,461,1405,0
35364,485,1405,0
35365,553,1405,0
35369,749,1405,0
35371,772,1405,0
35372,779,1405,0
35374,791,1405,1
35379,1112,1405,0
35383,1170,1405,0
35385,1387,1405,0
35421,258,1408,0
35426,562,1408,0
35427,819,1408,0
35429,843,1408,0
35433,930,1408,0
35470,20,1411,1
35471,79,1411,0
35472,94,1411,0
35473,150,1411,0
35478,266,1411,0
35480,324,1411,0
35483,411,1411,0
35484,428,1411,1
35486,452,1411,0
35492,667,1411,0
35496,772,1411,0
35501,970,1411,0
35503,978,1411,0
35506,1182,1411,0
35507,1183,1411,0
35509,1230,1411,0
35511,1289,1411,0
35513,1324,1411,0
35517,1536,1411,0
35584,29,1416,0
35589,159,1416,1
35590,160,1416,1
35593,239,1416,0
35594,284,1416,0
35595,304,1416,0
35597,329,1416,0
35598,341,1416,0
35606,479,1416,0
35607,512,1416,1
35619,842,1416,0
35620,888,1416,0
35621,893,1416,0
35625,969,1416,0
35626,974,1416,0
35629,989,1416,0
35631,1000,1416,0
35637,1154,1416,0
35640,1323,1416,0
35642,1356,1416,0
35648,1506,1416,0
35696,451,1419,0
35697,484,1419,0
35698,774,1419,0
35701,906,1419,0
35709,1397,1419,1
35742,258,1422,0
35745,827,1422,0
35752,1116,1422,0
35753,1254,1422,0
35755,1437,1422,0
35756,1532,1422,0
35773,102,1424,0
35774,258,1424,0
35777,681,1424,0
35783,946,1424,0
35784,1115,1424,1
35785,1432,1424,0
35789,89,1425,0
35790,91,1425,0
35796,477,1425,0
35797,567,1425,0
35798,626,1425,1
35800,841,1425,0
35809,1309,1425,1
35812,1473,1425,0
35841,18,1428,0
35843,193,1428,0
35848,679,1428,0
35853,1181,1428,0
35854,1296,1428,0
35855,1343,1428,0
35903,341,1431,0
35904,375,1431,0
35907,567,1431,0
35909,772,1431,0
35913,1061,1431,0
35914,1280,1431,0
35917,18,1432,0
35921,125,1432,0
35923,138,1432,0
35927,232,1432,1
35932,779,1432,0
35934,817,1432,0
35936,850,1432,0
35937,864,1432,0
35942,1031,1432,0
35944,1090,1432,0
35945,1163,1432,0
35977,258,1434,1
35978,509,1434,0
35982,892,1434,0
35985,1032,1434,0
35989,1263,1434,0
35990,1474,1434,0
36029,155,1436,0
36030,250,1436,0
36031,309,1436,0
36043,970,1436,0
36045,998,1436,0
36048,1036,1436,0
36054,1112,1436,0
36056,1184,1436,0
36058,1229,1436,1
36059,1273,1436,0
36063,1343,1436,0
36064,1353,1436,1
36065,1354,1436,0
36066,1397,1436,0
36074,451,1437,0
36077,779,1437,0
36081,977,1437,0
36082,1003,1437,0
36086,1229,1437,1
36088,1311,1437,0
36092,523,1438,0
36097,990,1438,0
36099,1065,1438,0
36100,1101,1438,0
36101,1283,1438,0
36103,1481,1438,0
36104,1576,1438,0
36177,70,1443,0
36178,124,1443,0
36180,173,1443,0
36183,239,1443,0
36189,373,1443,0
36190,412,1443,0
36194,491,1443,0
36196,595,1443,0
36198,631,1443,0
36199,638,1443,0
36201,694,1443,0
36202,701,1443,0
36205,732,1443,0
36208,779,1443,0
36211,828,1443,0
36213,846,1443,0
36214,853,1443,0
36215,868,1443,0
36219,907,1443,0
36220,935,1443,0
36224,1019,1443,1
36230,1224,1443,1
36243,1559,1443,0
36247,311,1444,0
36249,523,1444,0
36251,788,1444,0
36257,1088,1444,0
36260,1434,1444,0
36262,18,1445,1
36264,248,1445,0
36265,266,1445,0
36266,339,1445,0
36267,662,1445,1
36269,830,1445,0
36273,935,1445,0
36275,978,1445,0
36279,1411,1445,0
36284,670,1446,0
36285,794,1446,0
36287,833,1446,0
36289,880,1446,0
36291,969,1446,0
36292,1137,1446,0
36295,1417,1446,0
36298,1612,1446,0
36299,193,1447,0
36302,679,1447,0
36304,701,1447,1
36305,771,1447,0
36307,786,1447,0
36310,1146,1447,0
36457,61,1455,0
36460,284,1455,1
36466,598,1455,0
36469,649,1455,0
36471,725,1455,0
36477,998,1455,0
36480,1090,1455,0
36482,1170,1455,0
36485,1427,1455,0
36489,1559,1455,0
36490,1609,1455,1
36497,601,1456,0
36498,765,1456,0
36499,788,1456,0
36502,1431,1456,0
36503,1437,1456,0
36505,171,1457,0
36508,421,1457,0
36509,521,1457,0
36511,863,1457,0
36512,929,1457,0
36515,1128,1457,0
36516,1297,1457,0
36517,1522,1457,0
36538,38,1459,0
36540,402,1459,0
36543,772,1459,0
36544,828,1459,0
36546,1069,1459,0
36549,1410,1459,0
36601,68,1462,1
36602,69,1462,1
36603,70,1462,1
36604,71,1462,1
36605,72,1462,1
36606,89,1462,0
36607,94,1462,0
36610,174,1462,0
36613,246,1462,0
36618,304,1462,0
36620,313,1462,0
36621,332,1462,1
36624,362,1462,0
36625,513,1462,0
36627,550,1462,0
36646,853,1462,0
36647,869,1462,0
36653,1046,1462,0
36658,1214,1462,0
36661,1225,1462,0
36667,1419,1462,0
36672,1562,1462,0
36673,1581,1462,0
36677,70,1463,1
36683,159,1463,0
36684,186,1463,0
36687,329,1463,1
36688,332,1463,1
36693,448,1463,0
36694,452,1463,0
36696,544,1463,0
36697,567,1463,0
36700,594,1463,0
36703,730,1463,0
36707,798,1463,0
36708,828,1463,0
36713,1052,1463,0
36714,1090,1463,0
36718,1196,1463,0
36722,1419,1463,0
36723,1427,1463,0
36730,1590,1463,0
36732,258,1464,0
36737,827,1464,1
36739,946,1464,0
36743,1500,1464,0
36806,18,1468,0
36808,72,1468,0
36811,91,1468,0
36813,125,1468,1
36830,309,1468,0
36842,477,1468,0
36845,533,1468,1
36849,583,1468,0
36850,595,1468,1
36853,655,1468,0
36854,667,1468,0
36855,680,1468,0
36866,794,1468,0
36868,820,1468,0
36870,832,1468,0
36871,833,1468,0
36873,842,1468,0
36875,850,1468,0
36879,907,1468,1
36884,969,1468,0
36886,1031,1468,0
36887,1055,1468,0
36893,1139,1468,0
36895,1166,1468,0
36899,1214,1468,0
36900,1230,1468,0
36901,1239,1468,0
36905,1291,1468,0
36909,1354,1468,0
36911,1365,1468,0
36914,1375,1468,0
36916,1397,1468,0
36918,1411,1468,0
36920,1417,1468,1
36922,1419,1468,1
36924,1488,1468,0
36925,1498,1468,0
36926,1506,1468,0
36928,1553,1468,0
36929,1579,1468,0
36932,1614,1468,0
36935,258,1469,0
36936,532,1469,0
36937,580,1469,0
36939,700,1469,0
36945,1078,1469,0
36946,1097,1469,0
36948,1240,1469,1
36955,766,1470,0
36962,934,1470,0
36963,949,1470,0
36965,986,1470,0
36968,1240,1470,1
36969,1414,1470,0
36970,1552,1470,0
36972,1619,1470,0
36994,411,1472,0
36998,772,1472,0
37001,826,1472,0
37004,998,1472,0
37009,1475,1472,0
37024,116,1474,1
37026,167,1474,0
37030,258,1474,0
37041,936,1474,0
37043,1025,1474,0
37045,1174,1474,0
37048,1522,1474,0
37049,1532,1474,0
37175,122,1481,0
37176,187,1481,0
37177,451,1481,0
37180,593,1481,0
37181,689,1481,0
37182,772,1481,0
37186,998,1481,0
37192,1411,1481,0
37194,1475,1481,0
37215,184,1483,0
37219,302,1483,0
37223,793,1483,0
37228,1134,1483,0
37231,1432,1483,0
37270,258,1486,1
37273,472,1486,0
37275,561,1486,0
37283,1331,1486,0
37285,1524,1486,0
37289,774,1487,0
37290,832,1487,0
37295,1299,1487,0
37298,1495,1487,0
37365,35,1490,0
37369,362,1490,0
37375,794,1490,0
37376,828,1490,0
37378,872,1490,0
37381,961,1490,0
37386,1290,1490,0
37392,1471,1490,0
37394,1533,1490,0
37395,1538,1490,0
37396,81,1491,0
37399,568,1491,0
37400,669,1491,1
37402,768,1491,0
37403,786,1491,0
37405,826,1491,0
37410,1031,1491,0
37413,1277,1491,0
37418,350,1492,0
37421,517,1492,0
37425,849,1492,0
37426,850,1492,0
37429,954,1492,0
37434,1353,1492,0
37435,1460,1492,0
37452,232,1494,0
37454,324,1494,1
37455,348,1494,0
37456,515,1494,0
37457,662,1494,0
37458,697,1494,0
37461,841,1494,0
37465,1419,1494,0
37466,1453,1494,0
37476,296,1495,0
37477,380,1495,0
37483,608,1495,0
37485,765,1495,0
37487,793,1495,0
37489,873,1495,0
37491,1005,1495,0
37495,1066,1495,1
37499,1115,1495,0
37501,1212,1495,0
37506,1527,1495,0
37670,258,1500,0
37677,801,1500,0
37678,827,1500,1
37682,866,1500,0
37684,1262,1500,0
37718,513,1502,0
37720,679,1502,0
37721,794,1502,1
37727,998,1502,0
37729,1124,1502,0
37730,1139,1502,0
37731,1353,1502,0
37732,1579,1502,0
37738,134,1503,0
37740,246,1503,0
37742,276,1503,0
37747,304,1503,0
37751,411,1503,1
37752,412,1503,1
37755,425,1503,0
37756,432,1503,0
37758,576,1503,0
37761,633,1503,1
37770,868,1503,0
37771,869,1503,0
37775,961,1503,0
37776,983,1503,1
37777,998,1503,0
37781,1091,1503,1
37786,1214,1503,1
37787,1427,1503,0
37793,1512,1503,0
37796,1559,1503,0
37797,1608,1503,0
37831,8,1506,0
37835,644,1506,0
37836,723,1506,1
37842,1408,1506,0
37847,258,1507,0
37851,677,1507,0
37852,690,1507,0
37853,755,1507,0
37854,827,1507,0
37856,922,1507,0
37859,1128,1507,0
37862,1513,1507,0
37863,156,1508,0
37865,372,1508,0
37866,538,1508,0
37867,583,1508,0
37868,736,1508,0
37869,794,1508,0
37873,1218,1508,0
37875,1498,1508,0
37917,108,1511,0
37918,258,1511,0
37920,320,1511,0
37923,793,1511,0
37929,1039,1511,0
37930,1261,1511,0
37992,123,1515,0
37994,258,1515,1
37997,393,1515,0
38004,1026,1515,0
38005,1128,1515,0
38014,1576,1515,0
38015,1584,1515,0
38035,248,1517,0
38040,830,1517,0
38042,954,1517,0
38043,961,1517,0
38044,985,1517,0
38045,998,1517,0
38052,232,1518,0
38055,425,1518,0
38060,774,1518,0
38064,893,1518,1
38067,961,1518,0
38069,998,1518,0
38072,1239,1518,0
38073,1545,1518,0
38074,45,1519,0
38078,451,1519,0
38080,505,1519,0
38081,546,1519,0
38082,583,1519,0
38085,794,1519,0
38087,850,1519,0
38088,875,1519,0
38089,974,1519,0
38091,1146,1519,0
38093,1296,1519,0
38122,258,1521,0
38128,690,1521,0
38129,788,1521,0
38130,800,1521,0
38136,1175,1521,0
38137,1220,1521,0
38141,1513,1521,0
38142,1516,1521,0
38186,167,1523,0
38187,172,1523,0
38188,258,1523,0
38189,435,1523,0
38196,929,1523,0
38200,1552,1523,0
38203,224,1524,0
38205,279,1524,0
38208,540,1524,0
38210,723,1524,0
38215,1158,1524,0
38217,1527,1524,1
38218,1554,1524,0
38219,55,1525,0
38222,258,1525,0
38229,809,1525,0
38231,856,1525,1
38233,912,1525,0
38234,929,1525,0
38236,1078,1525,0
38237,1128,1525,0
38322,450,1527,0
38324,723,1527,0
38328,1102,1527,0
38330,1337,1527,0
38331,1466,1527,0
38484,150,1535,0
38485,246,1535,0
38487,451,1535,0
38498,1571,1535,0
38501,345,1536,0
38503,592,1536,0
38511,856,1536,0
38513,929,1536,0
38514,992,1536,0
38515,1034,1536,0
38519,1331,1536,0
38524,1437,1536,0
38529,556,1537,0
38531,745,1537,1
38534,890,1537,0
38537,1081,1537,0
38538,1158,1537,0
38539,1268,1537,0
38543,1557,1537,0
38584,153,1539,0
38588,491,1539,0
38589,593,1539,0
38591,680,1539,0
38592,714,1539,0
38594,832,1539,0
38597,860,1539,0
38600,1091,1539,0
38604,1361,1539,0
38631,500,1541,0
38632,522,1541,0
38633,529,1541,0
38634,568,1541,0
38638,670,1541,0
38641,868,1541,0
38647,1361,1541,0
38670,258,1543,0
38672,831,1543,0
38674,857,1543,0
38678,1261,1543,0
38679,1406,1543,0
38751,179,1548,0
38752,258,1548,0
38761,1219,1548,0
38762,1240,1548,0
38763,1308,1548,0
38764,1532,1548,0
38765,1563,1548,0
38851,408,1553,0
38852,432,1553,0
38854,772,1553,0
38855,794,1553,0
38857,818,1553,0
38859,842,1553,0
38864,1290,1553,0
38869,258,1554,0
38872,413,1554,0
38878,788,1554,0
38881,936,1554,0
38882,1026,1554,0
38884,1491,1554,0
38906,69,1556,0
38908,91,1556,1
38910,118,1556,0
38914,308,1556,0
38915,340,1556,0
38917,406,1556,0
38918,415,1556,0
38922,674,1556,0
38925,828,1556,0
38932,1198,1556,0
38934,1239,1556,1
38940,1411,1556,0
38943,71,1557,0
38944,72,1557,0
38946,94,1557,0
38947,176,1557,0
38948,229,1557,0
38949,477,1557,0
38950,491,1557,0
38952,538,1557,0
38953,772,1557,0
39199,258,1561,0
39203,549,1561,0
39211,856,1561,0
39212,874,1561,0
39213,913,1561,0
39218,1082,1561,1
39219,1098,1561,1
39220,1115,1561,1
39223,1298,1561,0
39226,1420,1561,0
39227,1472,1561,0
39229,1513,1561,0
39230,1524,1561,0
39234,1586,1561,0
39299,228,1564,0
39303,581,1564,0
39304,611,1564,0
39305,634,1564,0
39306,688,1564,0
39308,748,1564,1
39310,856,1564,0
39312,936,1564,0
39316,1195,1564,0
39317,1220,1564,0
39326,634,1565,0
39327,637,1565,0
39330,856,1565,0
39332,965,1565,0
39333,1087,1565,0
39334,1142,1565,0
39336,1175,1565,0
39340,109,1566,0
39341,144,1566,0
39346,579,1566,0
39351,900,1566,0
39352,946,1566,0
39356,1240,1566,0
39359,1584,1566,0
39363,631,1567,0
39367,772,1567,0
39370,907,1567,0
39371,998,1567,0
39372,1003,1567,0
39373,1027,1567,0
39379,1376,1567,1
39381,258,1568,0
39384,581,1568,0
39385,658,1568,0
39388,856,1568,0
39389,890,1568,0
39390,949,1568,0
39393,1282,1568,0
39394,96,1569,0
39395,258,1569,1
39396,487,1569,0
39398,540,1569,0
39401,793,1569,0
39414,258,1570,0
39415,438,1570,0
39421,777,1570,0
39423,936,1570,0
39426,1193,1570,0
39427,1240,1570,0
39428,1500,1570,0
39429,144,1571,0
39431,306,1571,0
39433,377,1571,0
39436,495,1571,0
39437,509,1571,0
39441,660,1571,0
39442,677,1571,0
39443,728,1571,0
39446,884,1571,0
39450,1134,1571,0
39455,1178,1571,1
39459,1337,1571,0
39460,1370,1571,0
39463,1491,1571,0
39466,50,1572,0
39467,53,1572,0
39473,601,1572,0
39475,723,1572,1
39477,936,1572,0
39478,975,1572,0
39480,1251,1572,0
39483,174,1573,0
39487,425,1573,0
39491,1351,1573,0
39492,1353,1573,0
39494,1419,1573,0
39519,576,1575,0
39520,593,1575,0
39521,633,1575,0
39522,670,1575,0
39526,998,1575,0
39527,1019,1575,0
39528,1181,1575,0
39532,124,1576,0
39534,458,1576,0
39536,670,1576,0
39539,916,1576,1
39656,54,1583,0
39659,258,1583,0
39661,457,1583,0
39663,570,1583,0
39667,857,1583,0
39672,1366,1583,1
39676,1540,1583,0
39681,428,1584,0
39682,499,1584,0
39683,593,1584,0
39685,817,1584,0
39690,1376,1584,0
39694,379,1585,0
39697,723,1585,0
39698,780,1585,0
39701,873,1585,0
39703,138,1586,0
39707,567,1586,0
39708,631,1586,0
39709,652,1586,0
39710,669,1586,0
39711,764,1586,0
39712,771,1586,0
39713,772,1586,0
39716,860,1586,0
39717,875,1586,0
39719,961,1586,1
39720,978,1586,0
39721,1000,1586,0
39724,1146,1586,0
39736,1592,1586,1
39743,626,1587,0
39744,830,1587,0
39748,998,1587,0
39750,1324,1587,0
39751,1343,1587,1
39752,1506,1587,0
39754,232,1588,0
39757,583,1588,0
39761,907,1588,0
39764,1124,1588,0
39768,1340,1588,0
39775,788,1589,0
39780,1009,1589,0
39781,1132,1589,0
39783,1302,1589,0
39784,1366,1589,0
39786,1585,1589,0
39812,97,1591,0
39817,657,1591,1
39823,779,1591,0
39825,794,1591,0
39828,935,1591,0
39829,954,1591,0
39833,1376,1591,0
39933,73,1596,0
39935,258,1596,0
39939,659,1596,0
39942,890,1596,0
39944,929,1596,1
39945,932,1596,0
39949,490,1597,0
39957,1087,1597,0
39958,1207,1597,0
39959,1212,1597,0
39984,30,1599,0
39990,302,1599,0
39991,368,1599,0
39993,603,1599,0
40002,1087,1599,0
40004,1175,1599,0
40007,1297,1599,0
40008,1502,1599,0
40033,91,1601,0
40034,94,1601,0
40038,160,1601,0
40045,324,1601,0
40047,362,1601,0
40052,428,1601,0
40054,461,1601,0
40057,522,1601,0
40059,626,1601,1
40060,632,1601,0
40061,726,1601,0
40063,742,1601,0
40064,764,1601,0
40066,791,1601,0
40070,888,1601,0
40074,956,1601,1
40079,1112,1601,0
40082,1139,1601,0
40088,1309,1601,1
40090,1311,1601,1
40101,1581,1601,0
40104,269,1602,0
40106,514,1602,0
40111,882,1602,0
40113,1035,1602,1
40114,1233,1602,0
40136,18,1604,0
40137,118,1604,0
40138,130,1604,0
40139,153,1604,0
40142,248,1604,1
40143,260,1604,0
40146,583,1604,0
40147,593,1604,0
40156,954,1604,0
40158,1464,1604,0
40340,40,1613,0
40341,136,1613,0
40345,258,1613,0
40347,700,1613,0
40355,990,1613,0
40357,1344,1613,1
40377,92,1615,1
40381,326,1615,0
40385,504,1615,1
40388,649,1615,0
40389,669,1615,0
40392,786,1615,0
40396,853,1615,0
40400,1052,1615,0
40403,1224,1615,0
40406,1277,1615,0
40408,1415,1615,0
40409,1553,1615,0
40459,177,1618,0
40462,517,1618,0
40464,593,1618,0
40465,779,1618,1
40470,1019,1618,0
40473,1411,1618,0
40488,26,1620,0
40491,624,1620,0
40496,934,1620,0
40497,1081,1620,0
40498,1110,1620,0
40549,583,1622,0
40550,595,1622,0
40554,650,1622,0
40555,661,1622,0
40559,794,1622,0
40562,935,1622,0
40564,998,1622,1
40566,1069,1622,0
40569,1187,1622,0
40570,1309,1622,0
40574,184,1623,0
40577,624,1623,0
40583,900,1623,0
40585,1193,1623,0
40611,52,1625,0
40616,258,1625,0
40617,289,1625,0
40618,293,1625,0
40623,637,1625,0
40626,780,1625,0
40627,793,1625,0
40628,827,1625,0
40634,992,1625,1
40639,1151,1625,0
40642,1379,1625,0
40644,1576,1625,0
40646,33,1626,0
40647,42,1626,0
40650,138,1626,0
40651,142,1626,0
40652,186,1626,0
40653,193,1626,0
40657,499,1626,0
40658,667,1626,1
40660,828,1626,0
40662,880,1626,0
40669,1182,1626,0
40671,1296,1626,0
40677,224,1627,0
40679,570,1627,0
40683,777,1627,0
40687,1005,1627,0
40688,1097,1627,0
40689,1261,1627,0
40735,772,1630,0
40736,774,1630,0
40737,830,1630,0
40741,1592,1630,0
40742,130,1631,1
40745,402,1631,0
40748,568,1631,0
40753,1229,1631,0
40755,1354,1631,0
40756,1391,1631,0
40757,1411,1631,0
40760,97,1632,0
40761,530,1632,0
40762,595,1632,0
40772,1045,1632,0
40773,1309,1632,0
40800,18,1634,0
40801,91,1634,0
40806,341,1634,0
40808,415,1634,0
40809,428,1634,0
40813,795,1634,0
40817,935,1634,0
40822,1277,1634,0
40823,1281,1634,1
40824,1391,1634,0
40883,538,1637,0
40884,583,1637,0
40885,593,1637,0
40888,727,1637,0
40891,875,1637,0
40894,1031,1637,0
40898,1471,1637,0
40901,18,1638,0
40903,202,1638,0
40906,694,1638,0
40908,794,1638,0
40909,813,1638,0
40913,1181,1638,0
40914,1224,1638,0
40935,72,1640,0
40939,451,1640,0
40940,477,1640,0
40941,493,1640,0
40942,529,1640,0
40946,679,1640,0
40947,736,1640,0
40978,79,1642,0
40984,786,1642,1
40986,841,1642,0
40989,1124,1642,0
40992,1572,1642,0
41064,444,1646,0
41068,736,1646,0
41070,772,1646,1
41073,841,1646,0
41074,977,1646,0
41080,1553,1646,0
41081,1609,1646,0
41122,258,1649,0
41123,291,1649,0
41129,801,1649,0
41131,866,1649,0
41138,1297,1649,0
41139,1331,1649,0
41143,167,1650,0
41144,258,1650,0
41145,344,1650,0
41147,717,1650,0
41149,815,1650,0
41153,929,1650,0
41156,1009,1650,0
41157,1093,1650,0
41164,1578,1650,1
41187,20,1652,0
41189,79,1652,0
41194,406,1652,0
41196,425,1652,0
41198,554,1652,0
41199,742,1652,0
41200,772,1652,0
41202,906,1652,0
41205,1198,1652,1
41209,1304,1652,1
41213,1495,1652,0
41214,1562,1652,0
41221,69,1653,0
41222,70,1653,0
41236,372,1653,0
41238,392,1653,0
41239,425,1653,0
41245,484,1653,1
41247,522,1653,0
41249,533,1653,0
41251,572,1653,0
41253,583,1653,1
41254,595,1653,0
41258,650,1653,1
41260,662,1653,0
41261,670,1653,0
41265,735,1653,0
41268,764,1653,0
41271,868,1653,0
41272,872,1653,0
41280,1019,1653,1
41283,1052,1653,0
41287,1090,1653,0
41293,1184,1653,0
41295,1225,1653,0
41298,1258,1653,1
41301,1304,1653,1
41304,1375,1653,1
41305,1397,1653,0
41309,1512,1653,0
41310,1612,1653,0
41327,43,1655,0
41328,52,1655,0
41329,53,1655,0
41330,54,1655,0
41334,108,1655,0
41339,351,1655,0
41342,377,1655,0
41344,445,1655,0
41346,532,1655,0
41349,579,1655,1
41350,580,1655,1
41364,857,1655,0
41369,913,1655,0
41375,1034,1655,1
41381,1158,1655,0
41383,1222,1655,0
41386,1331,1655,0
41389,1396,1655,0
41390,1508,1655,0
41391,1557,1655,0
41396,94,1656,0
41399,142,1656,0
41401,274,1656,0
41405,408,1656,0
41408,425,1656,0
41410,484,1656,0
41411,553,1656,0
41415,583,1656,1
41417,633,1656,0
41420,742,1656,0
41421,786,1656,0
41436,1019,1656,1
41437,1031,1656,0
41442,1198,1656,1
41444,1208,1656,0
41445,1229,1656,0
41450,1376,1656,0
41452,1387,1656,0
41456,1538,1656,0
41459,1600,1656,0
41460,1608,1656,0
41461,8,1657,0
41464,258,1657,0
41465,514,1657,0
41470,929,1657,0
41476,1256,1657,0
41478,1468,1657,0
41483,339,1658,0
41486,463,1658,1
41490,768,1658,0
41491,779,1658,0
41492,794,1658,0
41494,875,1658,0
41498,1506,1658,0
41540,18,1661,0
41544,749,1661,0
41546,779,1661,0
41553,1112,1661,0
41554,1192,1661,0
41559,258,1662,0
41564,580,1662,0
41570,767,1662,0
41573,1009,1662,0
41574,1025,1662,1
41575,1026,1662,1
41576,1032,1662,0
41578,1128,1662,0
41579,1233,1662,0
41582,1468,1662,0
41584,296,1663,0
41588,721,1663,0
41591,843,1663,0
41592,1025,1663,1
41594,1430,1663,0
41638,659,1666,0
41639,765,1666,0
41640,780,1666,1
41644,1123,1666,0
41646,1527,1666,0
41720,55,1670,0
41721,85,1670,0
41723,258,1670,0
41727,690,1670,0
41731,1025,1670,0
41735,1483,1670,0
41832,517,1676,0
41834,630,1676,0
41836,846,1676,0
41838,1214,1676,0
41841,1281,1676,0
41889,379,1679,0
41892,588,1679,0
41897,1102,1679,0
41900,1240,1679,0
41901,1437,1679,0
41902,1497,1679,0
41926,42,1681,0
41931,512,1681,0
41934,786,1681,0
41939,1019,1681,0
41941,1139,1681,0
41942,1311,1681,0
41960,42,1683,0
41961,49,1683,0
41962,68,1683,0
41967,332,1683,0
41972,633,1683,1
41981,828,1683,0
41983,841,1683,0
41992,1150,1683,0
41997,1391,1683,0
41999,1495,1683,0
42001,1572,1683,1
42002,1579,1683,1
42003,1608,1683,1
42040,54,1686,0
42042,107,1686,0
42044,258,1686,0
42050,804,1686,0
42051,819,1686,0
42053,873,1686,0
42060,1220,1686,0
42062,1331,1686,0
42066,258,1687,0
42067,509,1687,0
42068,700,1687,0
42072,915,1687,0
42075,1130,1687,1
42077,20,1688,0
42081,537,1688,0
42082,791,1688,0
42083,794,1688,0
42087,1000,1688,0
42089,1296,1688,0
42165,18,1693,0
42166,99,1693,0
42168,125,1693,0
42171,339,1693,0
42172,425,1693,0
42177,593,1693,1
42179,689,1693,0
42182,826,1693,0
42190,1312,1693,0
42193,1411,1693,0
42300,40,1699,0
42303,269,1699,0
42304,333,1699,0
42305,490,1699,1
42310,1032,1699,0
42311,1492,1699,0
42312,1576,1699,0
42313,96,1700,0
42316,237,1700,0
42317,258,1700,0
42320,490,1700,1
42322,912,1700,0
42323,975,1700,0
42327,1253,1700,0
42329,1474,1700,0
42334,580,1701,0
42343,972,1701,0
42345,1009,1701,1
42347,1128,1701,0
42350,1261,1701,0
42351,1322,1701,0
42352,1420,1701,0
42353,1543,1701,0
42356,45,1702,0
42357,103,1702,0
42358,124,1702,0
42359,150,1702,0
42360,155,1702,0
42362,174,1702,0
42364,412,1702,0
42365,415,1702,0
42367,477,1702,1
42368,479,1702,0
42370,491,1702,0
42371,538,1702,0
42373,657,1702,0
42380,995,1702,1
42383,1192,1702,0
42387,1415,1702,0
42411,69,1704,0
42412,152,1704,0
42413,239,1704,1
42415,341,1704,0
42416,342,1704,0
42419,373,1704,0
42422,732,1704,0
42427,1239,1704,0
42428,1296,1704,0
42450,167,1706,1
42453,295,1706,0
42454,311,1706,0
42455,427,1706,1
42456,514,1706,0
42458,603,1706,0
42460,634,1706,0
42464,723,1706,0
42468,834,1706,0
42473,1006,1706,0
42479,1331,1706,0
42481,1432,1706,0
42522,160,1709,0
42525,408,1709,1
42527,415,1709,0
42530,460,1709,0
42531,461,1709,0
42532,649,1709,0
42536,824,1709,0
42539,909,1709,1
42541,935,1709,0
42544,995,1709,0
42546,1089,1709,1
42547,1187,1709,0
42574,856,1711,0
42575,930,1711,0
42576,936,1711,0
42577,965,1711,0
42578,1024,1711,0
42653,533,1714,0
42655,727,1714,0
42656,794,1714,0
42659,820,1714,0
42661,850,1714,0
42662,871,1714,0
42668,1090,1714,0
42669,1112,1714,0
42670,1181,1714,0
42671,1198,1714,0
42673,1245,1714,0
42674,1273,1714,1
42678,1365,1714,0
42713,105,1716,0
42715,296,1716,0
42717,311,1716,0
42724,393,1716,1
42726,637,1716,0
42730,745,1716,0
42733,800,1716,0
42734,809,1716,0
42735,834,1716,0
42737,843,1716,0
42738,874,1716,0
42741,930,1716,0
42743,1097,1716,0
42744,1128,1716,0
42747,1199,1716,0
42750,1298,1716,0
42755,1534,1716,0
42777,203,1718,0
42780,327,1718,0
42781,356,1718,0
42783,380,1718,0
42786,447,1718,0
42787,462,1718,0
42802,780,1718,0
42804,788,1718,1
42808,827,1718,1
42809,831,1718,0
42812,856,1718,1
42813,857,1718,1
42817,922,1718,0
42824,1049,1718,0
42825,1062,1718,0
42831,1110,1718,0
42838,1253,1718,0
42841,1282,1718,0
42843,1424,1718,0
42844,1434,1718,0
42849,1489,1718,0
42850,1508,1718,0
42851,1542,1718,0
42884,314,1721,0
42888,581,1721,0
42890,723,1721,0
42891,831,1721,0
42897,1407,1721,0
42932,49,1724,0
42935,284,1724,0
42937,458,1724,0
42942,779,1724,0
42943,795,1724,0
42947,961,1724,0
42948,1027,1724,0
42951,1494,1724,0
42972,258,1726,0
42976,809,1726,0
42981,1066,1726,0
42982,1263,1726,0
42984,1366,1726,0
43019,258,1729,0
43027,1123,1729,0
43030,1331,1729,0
43031,1420,1729,0
43033,36,1730,0
43034,54,1730,0
43038,379,1730,0
43039,462,1730,0
43044,788,1730,0
43047,1039,1730,1
43048,1128,1730,0
43051,70,1731,0
43055,369,1731,0
43057,515,1731,0
43058,594,1731,0
43060,953,1731,0
43067,1607,1731,1
43069,179,1732,0
43070,258,1732,0
43072,788,1732,0
43074,986,1732,0
43075,1119,1732,0
43128,31,1735,0
43135,966,1735,0
43136,972,1735,0
43138,1009,1735,0
43139,1123,1735,0
43140,1241,1735,0
43145,1557,1735,0
43146,1619,1735,0
43238,237,1739,0
43239,258,1739,0
43240,333,1739,0
43241,508,1739,0
43242,622,1739,0
43246,899,1739,0
43249,1128,1739,1
43312,79,1743,0
43313,134,1743,0
43315,312,1743,0
43317,406,1743,0
43318,410,1743,0
43320,484,1743,0
43322,546,1743,0
43327,794,1743,0
43335,983,1743,0
43341,1131,1743,0
43345,1245,1743,0
43346,1277,1743,0
43349,1340,1743,1
43350,1354,1743,0
43353,1581,1743,0
43357,82,1744,0
43358,122,1744,0
43359,193,1744,0
43361,779,1744,0
43363,881,1744,0
43366,995,1744,0
43374,642,1745,0
43375,656,1745,0
43377,722,1745,0
43378,800,1745,0
43382,915,1745,0
43383,932,1745,0
43385,986,1745,0
43409,178,1747,0
43411,258,1747,0
43413,523,1747,0
43419,843,1747,0
43420,882,1747,0
43423,1030,1747,0
43424,1053,1747,0
43427,1128,1747,0
43429,72,1748,0
43431,261,1748,0
43435,786,1748,0
43440,1139,1748,0
43443,1192,1748,0
43447,258,1749,0
43450,637,1749,0
43451,693,1749,0
43460,1431,1749,0
43461,1481,1749,0
43462,1554,1749,0
43465,258,1750,1
43466,457,1750,0
43468,835,1750,0
43473,1207,1750,0
43474,1431,1750,0
43476,1483,1750,0
43480,195,1751,0
43482,356,1751,0
43484,462,1751,0
43486,509,1751,0
43487,804,1751,0
43494,1174,1751,0
43495,1616,1751,1
43497,35,1752,0
43509,160,1752,0
43512,187,1752,0
43519,217,1752,1
43523,229,1752,0
43525,239,1752,0
43526,240,1752,0
43529,260,1752,0
43531,266,1752,0
43533,278,1752,1
43536,284,1752,0
43538,304,1752,0
43540,324,1752,0
43541,350,1752,0
43544,428,1752,0
43549,477,1752,0
43554,546,1752,0
43555,550,1752,0
43559,669,1752,0
43563,701,1752,0
43564,725,1752,0
43567,749,1752,0
43569,768,1752,0
43571,786,1752,0
43572,794,1752,0
43581,842,1752,0
43582,847,1752,0
43587,871,1752,0
43595,954,1752,0
43596,956,1752,0
43599,969,1752,0
43600,970,1752,0
43604,1027,1752,0
43610,1055,1752,0
43618,1187,1752,1
43621,1232,1752,0
43622,1243,1752,1
43629,1289,1752,0
43630,1290,1752,1
43631,1296,1752,0
43637,1356,1752,0
43639,1384,1752,0
43641,1411,1752,0
43642,1417,1752,0
43647,1473,1752,0
43649,1488,1752,0
43653,1525,1752,0
43654,1533,1752,0
43655,1544,1752,0
43658,1559,1752,0
43659,1581,1752,0
43660,1590,1752,0
43665,203,1753,0
43667,317,1753,0
43669,393,1753,0
43673,527,1753,1
43674,579,1753,0
43675,717,1753,0
43677,807,1753,0
43683,1132,1753,1
43685,1219,1753,0
43687,1362,1753,0
43688,1366,1753,0
43720,102,1755,0
43721,258,1755,0
43725,721,1755,0
43727,835,1755,0
43758,291,1757,1
43760,413,1757,1
43761,435,1757,0
43765,755,1757,0
43769,856,1757,0
43773,1132,1757,0
43774,1366,1757,0
43817,79,1760,0
43819,246,1760,0
43823,669,1760,0
43824,679,1760,0
43825,794,1760,0
43871,284,1762,0
43873,460,1762,0
43875,512,1762,0
43876,662,1762,0
43881,1184,1762,0
43883,1609,1762,0
43940,171,1766,0
43943,258,1766,0
43949,866,1766,0
43952,946,1766,1
43954,1011,1766,0
43955,1102,1766,0
43956,1110,1766,0
43957,1175,1766,0
43964,1561,1766,0
43966,1603,1766,0
44098,97,1771,0
44100,209,1771,0
44105,772,1771,0
44108,841,1771,0
44109,850,1771,0
44110,883,1771,0
44113,1187,1771,0
44131,20,1773,0
44134,408,1773,0
44137,657,1773,0
44139,817,1773,0
44142,893,1773,0
44146,1003,1773,0
44158,929,1774,0
44159,986,1774,0
44160,1178,1774,0
44162,1282,1774,0
44163,1510,1774,0
44165,109,1775,0
44169,258,1775,0
44173,597,1775,0
44175,642,1775,0
44178,788,1775,1
44180,831,1775,0
44183,897,1775,0
44187,1308,1775,0
44188,1331,1775,0
44216,372,1777,0
44217,428,1777,0
44219,544,1777,0
44220,575,1777,1
44223,768,1777,0
44227,961,1777,0
44228,974,1777,0
44231,1243,1777,0
44233,1411,1777,0
44284,55,1780,0
44286,258,1780,0
44287,457,1780,0
44288,480,1780,0
44293,765,1780,0
44294,777,1780,0
44297,809,1780,0
44298,812,1780,0
44303,1101,1780,0
44305,1167,1780,0
44306,1268,1780,0
44307,1406,1780,1
44308,1414,1780,1
44309,1418,1780,0
44311,228,1781,0
44312,258,1781,0
44314,323,1781,0
44315,561,1781,0
44321,800,1781,1
44322,801,1781,1
44326,912,1781,0
44328,992,1781,0
44330,1032,1781,0
44333,1128,1781,0
44335,1220,1781,0
44341,1540,1781,0
44344,332,1782,0
44347,405,1782,1
44348,425,1782,0
44349,451,1782,0
44352,727,1782,0
44356,772,1782,0
44357,779,1782,0
44360,820,1782,0
44364,954,1782,0
44366,1023,1782,0
44373,1402,1782,0
44375,1590,1782,0
44376,1607,1782,0
44428,102,1785,0
44429,108,1785,0
44431,258,1785,0
44434,527,1785,0
44446,1370,1785,1
44447,1482,1785,1
44448,1527,1785,0
44450,97,1786,0
44451,122,1786,0
44454,772,1786,0
44455,798,1786,1
44457,841,1786,0
44458,860,1786,0
44459,893,1786,0
44507,568,1789,0
44510,779,1789,1
44511,794,1789,0
44512,842,1789,0
44531,49,1791,0
44532,125,1791,0
44533,159,1791,0
44536,451,1791,1
44537,522,1791,0
44544,998,1791,0
44546,1181,1791,0
44570,649,1793,0
44571,742,1793,0
44572,832,1793,0
44574,1137,1793,0
44581,637,1794,0
44583,723,1794,1
44586,929,1794,0
44588,972,1794,0
44590,1102,1794,0
44591,1115,1794,0
44594,1424,1794,0
44619,209,1796,0
44620,284,1796,1
44622,373,1796,0
44627,530,1796,0
44629,593,1796,0
44630,598,1796,0
44634,779,1796,0
44635,786,1796,0
44641,1319,1796,0
44649,172,1797,1
44658,912,1797,0
44660,1053,1797,0
44661,1240,1797,0
44663,1457,1797,0
44664,1466,1797,0
44685,85,1799,0
44688,221,1799,0
44691,258,1799,0
44694,483,1799,0
44695,599,1799,0
44696,603,1799,0
44699,788,1799,0
44700,793,1799,0
44708,1140,1799,0
44710,1240,1799,1
44714,1511,1799,0
44761,291,1801,0
44762,347,1801,0
44764,421,1801,0
44765,462,1801,0
44776,677,1801,0
44779,897,1801,0
44781,1021,1801,0
44783,1195,1801,1
44784,1236,1801,0
44785,1253,1801,0
44786,1382,1801,0
44789,1520,1801,0
44854,875,1804,0
44857,998,1804,0
44858,1046,1804,0
44859,1131,1804,0
44860,1163,1804,0
44862,1324,1804,0
44865,1498,1804,0
44885,460,1806,0
44886,537,1806,0
44892,875,1806,0
44893,888,1806,0
44895,953,1806,0
44899,258,1807,1
44902,289,1807,0
44903,320,1807,0
44906,788,1807,0
44907,793,1807,0
44910,912,1807,0
44913,1043,1807,0
44914,1098,1807,0
44918,1240,1807,0
44921,173,1808,0
44929,853,1808,0
44930,888,1808,0
44931,917,1808,0
44933,1537,1808,0
44935,53,1809,0
44940,580,1809,0
44941,624,1809,0
44942,722,1809,0
44943,801,1809,0
44947,1366,1809,0
44948,1379,1809,0
44967,30,1811,0
44968,368,1811,0
44969,483,1811,0
44981,1219,1811,0
44982,1240,1811,0
44986,1509,1811,0
44991,445,1812,0
44997,827,1812,0
45000,900,1812,0
45002,1130,1812,0
45004,1482,1812,0
45005,1505,1812,0
45094,40,1817,1
45095,96,1817,0
45099,179,1817,0
45102,249,1817,0
45103,258,1817,0
45109,549,1817,0
45114,624,1817,0
45116,677,1817,0
45121,780,1817,0
45123,807,1817,0
45128,900,1817,0
45129,903,1817,0
45130,946,1817,0
45133,990,1817,0
45134,1011,1817,0
45135,1025,1817,0
45139,1132,1817,0
45142,1240,1817,0
45145,1377,1817,0
45156,1599,1817,1
45165,639,1818,0
45167,680,1818,1
45171,842,1818,0
45172,954,1818,0
45173,974,1818,0
45176,1218,1818,0
45177,1281,1818,0
45178,1299,1818,0
45184,541,1819,0
45185,659,1819,0
45189,861,1819,0
45192,934,1819,0
45194,972,1819,0
45196,1502,1819,0
45197,84,1820,0
45199,258,1820,0
45210,819,1820,0
45213,912,1820,0
45215,946,1820,0
45218,1341,1820,0
45219,1438,1820,0
45220,1552,1820,0
45221,1561,1820,0
45224,115,1821,0
45225,662,1821,0
45227,701,1821,0
45230,830,1821,0
45233,935,1821,0
45238,1488,1821,0
45239,26,1822,0
45244,368,1822,0
45252,748,1822,0
45264,1194,1822,0
45266,1261,1822,0
45267,1265,1822,0
45269,1438,1822,0
45271,1472,1822,0
45272,1576,1822,0
45273,1585,1822,0
45274,1595,1822,0
45275,1597,1822,0
45276,196,1823,0
45283,794,1823,0
45288,1003,1823,0
45289,1198,1823,0
45291,1525,1823,0
45292,1553,1823,1
45323,248,1825,0
45325,533,1825,0
45326,626,1825,0
45329,786,1825,0
45334,935,1825,0
45335,983,1825,0
45339,1361,1825,0
45344,249,1826,0
45345,258,1826,1
45346,311,1826,0
45347,359,1826,0
45350,509,1826,0
45351,766,1826,0
45358,1178,1826,0
45362,1344,1826,0
45363,1489,1826,0
45366,258,1827,0
45371,809,1827,0
45375,986,1827,0
45376,1037,1827,0
45380,1240,1827,0
45384,1492,1827,0
45398,61,1829,1
45402,250,1829,0
45407,460,1829,0
45409,517,1829,0
45411,552,1829,1
45413,585,1829,0
45414,593,1829,0
45421,694,1829,0
45422,713,1829,0
45426,742,1829,0
45428,768,1829,0
45429,832,1829,0
45434,995,1829,0
45438,1079,1829,1
45451,1353,1829,0
45454,1411,1829,0
45456,1488,1829,0
45458,1525,1829,0
45459,1600,1829,0
45460,308,1830,0
45461,554,1830,0
45462,719,1830,0
45463,730,1830,0
45466,794,1830,0
45473,1525,1830,0
45495,478,1832,0
45498,567,1832,0
45499,575,1832,0
45503,779,1832,0
45508,969,1832,0
45529,276,1834,0
45532,652,1834,0
45533,697,1834,0
45535,869,1834,0
45536,1225,1834,0
45538,1309,1834,0
45598,258,1837,0
45599,622,1837,0
45601,866,1837,1
45602,1034,1837,0
45604,1178,1837,0
45605,1220,1837,0
45606,1240,1837,0
45609,96,1838,0
45612,192,1838,0
45613,258,1838,1
45615,462,1838,0
45616,723,1838,0
45621,986,1838,0
45622,1039,1838,0
45629,1534,1838,0
45685,53,1841,0
45686,85,1841,0
45687,327,1841,0
45690,427,1841,0
45692,541,1841,0
45695,660,1841,0
45697,899,1841,0
45699,934,1841,0
45705,1481,1841,0
45708,248,1842,0
45711,451,1842,0
45713,593,1842,1
45714,714,1842,0
45719,1299,1842,0
45761,55,1845,0
45762,258,1845,1
45763,333,1845,0
45764,347,1845,0
45771,890,1845,0
45774,1098,1845,0
45781,1414,1845,0
45783,1532,1845,0
45785,1599,1845,0
45801,350,1847,0
45802,405,1847,0
45809,893,1847,0
45812,1150,1847,0
45814,1224,1847,0
45815,1239,1847,0
45819,136,1848,1
45821,483,1848,0
45827,1233,1848,0
45828,1282,1848,0
45829,1420,1848,0
45854,94,1850,0
45857,593,1850,0
45858,639,1850,0
45862,736,1850,0
45863,774,1850,0
45864,779,1850,0
45865,893,1850,0
45868,977,1850,0
45869,1046,1850,0
45889,509,1852,0
45894,882,1852,0
45896,946,1852,0
45897,1020,1852,0
45898,1081,1852,0
45899,1128,1852,0
45906,394,1853,0
45907,457,1853,0
45908,540,1853,1
45913,721,1853,0
45914,724,1853,0
45917,788,1853,0
45924,986,1853,0
45926,1115,1853,0
45929,1370,1853,0
45932,483,1854,0
45933,723,1854,0
45937,793,1854,0
45939,1165,1854,0
45942,1420,1854,0
45943,1532,1854,0
45944,231,1855,0
45947,592,1855,0
45952,929,1855,0
45954,1005,1855,0
45956,1254,1855,0
45958,1556,1855,0
45960,118,1856,0
45965,558,1856,0
45967,638,1856,0
45968,670,1856,1
45971,1280,1856,0
45974,284,1857,0
45975,332,1857,0
45976,424,1857,0
45984,824,1857,0
45986,841,1857,0
45989,954,1857,0
45991,1112,1857,0
45996,1356,1857,0
45998,1498,1857,0
46002,161,1858,0
46003,258,1858,0
46007,509,1858,0
46012,831,1858,1
46015,912,1858,0
46018,1265,1858,0
46022,1586,1858,0
46024,258,1859,0
46026,580,1859,0
46029,835,1859,0
46031,866,1859,0
46032,1021,1859,0
46033,1207,1859,0
46035,1345,1859,0
46089,313,1863,0
46096,998,1863,1
46097,1090,1863,0
46098,1112,1863,0
46099,1146,1863,0
46100,1180,1863,0
46101,1312,1863,0
46133,96,1865,0
46136,258,1865,1
46137,269,1865,0
46139,656,1865,0
46140,805,1865,0
46142,866,1865,0
46144,966,1865,0
46150,118,1866,0
46154,655,1866,0
46156,772,1866,0
46158,881,1866,0
46161,1351,1866,0
46163,1365,1866,0
46164,1397,1866,0
46178,105,1868,0
46180,258,1868,0
46183,656,1868,0
46186,874,1868,0
46187,882,1868,0
46189,946,1868,0
46191,1102,1868,0
46196,38,1869,0
46197,42,1869,0
46200,91,1869,0
46201,92,1869,0
46206,284,1869,0
46207,324,1869,0
46209,373,1869,0
46211,553,1869,0
46212,594,1869,0
46213,598,1869,1
46214,610,1869,0
46216,670,1869,0
46222,828,1869,0
46224,841,1869,0
46234,1112,1869,1
46239,1453,1869,0
46244,1562,1869,0
46267,593,1871,0
46268,649,1871,0
46269,674,1871,0
46275,818,1871,0
46277,832,1871,0
46279,871,1871,0
46280,872,1871,0
46282,954,1871,0
46286,1090,1871,0
46289,1196,1871,0
46290,1239,1871,0
46292,1324,1871,0
46341,451,1874,0
46342,779,1874,1
46347,977,1874,0
46348,1036,1874,0
46350,1112,1874,0
46352,1196,1874,0
46354,1338,1874,0
46356,1417,1874,0
46360,284,1875,0
46361,308,1875,0
46362,425,1875,0
46366,732,1875,0
46369,841,1875,0
46372,1170,1875,0
46399,249,1877,0
46400,258,1877,0
46402,314,1877,0
46406,562,1877,0
46407,602,1877,0
46410,688,1877,0
46413,819,1877,0
46417,965,1877,0
46418,1219,1877,0
46423,1522,1877,1
46427,258,1878,0
46432,856,1878,0
46434,946,1878,0
46435,986,1878,0
46493,33,1881,0
46495,79,1881,0
46497,99,1881,0
46502,232,1881,0
46505,248,1881,0
46507,312,1881,0
46512,632,1881,0
46513,652,1881,0
46515,708,1881,0
46516,725,1881,0
46522,832,1881,1
46524,847,1881,0
46525,853,1881,0
46528,864,1881,0
46529,875,1881,1
46535,970,1881,0
46543,1121,1881,1
46546,1185,1881,0
46548,1281,1881,0
46558,1449,1881,0
46560,1495,1881,0
46716,108,1887,0
46722,306,1887,0
46728,472,1887,0
46735,570,1887,1
46741,793,1887,0
46742,801,1887,0
46747,856,1887,0
46748,884,1887,0
46749,957,1887,0
46752,1035,1887,0
46757,1219,1887,0
46759,1236,1887,0
46770,1527,1887,0
46771,1561,1887,0
46772,1603,1887,0
46882,35,1891,0
46889,786,1891,1
46891,893,1891,0
46892,969,1891,0
46893,1198,1891,0
46894,1232,1891,0
46972,225,1896,0
46974,508,1896,0
46975,520,1896,1
46979,835,1896,0
46981,912,1896,0
46983,1300,1896,0
46989,223,1897,0
46990,258,1897,0
46992,377,1897,0
46994,780,1897,0
46997,1011,1897,0
46998,1049,1897,1
46999,1175,1897,0
47006,308,1898,0
47007,342,1898,0
47012,779,1898,0
47014,850,1898,0
47016,1146,1898,0
47018,1239,1898,0
47022,49,1899,0
47023,159,1899,0
47026,575,1899,0
47027,669,1899,0
47029,779,1899,0
47031,850,1899,0
47034,961,1899,0
47038,1411,1899,0
47040,1495,1899,0
47067,142,1901,0
47069,631,1901,0
47071,786,1901,0
47075,881,1901,0
47081,1545,1901,0
47108,593,1903,0
47110,828,1903,0
47114,1258,1903,0
47116,1488,1903,0
47117,61,1904,0
47118,64,1904,0
47122,448,1904,0
47123,544,1904,0
47124,661,1904,0
47125,680,1904,0
47126,779,1904,0
47152,97,1906,0
47154,159,1906,0
47156,424,1906,0
47158,552,1906,0
47159,607,1906,0
47161,708,1906,0
47163,813,1906,0
47164,826,1906,0
47166,868,1906,1
47173,1375,1906,0
47176,1544,1906,0
47194,221,1908,0
47205,1034,1908,0
47208,1207,1908,0
47209,1300,1908,0
47210,1603,1908,0
47244,258,1911,1
47247,688,1911,0
47254,936,1911,0
47255,1008,1911,0
47258,1418,1911,0
47259,1434,1911,0
47260,1554,1911,0
47262,320,1912,0
47263,368,1912,0
47269,800,1912,0
47275,1118,1912,0
47276,1158,1912,0
47277,1165,1912,0
47278,1240,1912,0
47282,43,1913,0
47285,508,1913,0
47287,721,1913,0
47289,748,1913,0
47292,857,1913,0
47293,866,1913,0
47297,79,1914,0
47301,772,1914,0
47302,833,1914,0
47306,954,1914,0
47307,1124,1914,0
47316,496,1915,0
47318,530,1915,0
47324,880,1915,1
47327,1229,1915,0
47331,1471,1915,0
47332,1571,1915,0
47334,89,1916,0
47335,284,1916,0
47336,553,1916,0
47341,1046,1916,0
47343,1311,1916,0
47344,1356,1916,0
47364,153,1918,0
47365,156,1918,0
47366,250,1918,0
47368,362,1918,0
47370,697,1918,0
47373,794,1918,0
47375,893,1918,0
47376,974,1918,0
47377,1003,1918,1
47381,1354,1918,0
47382,33,1919,0
47383,35,1919,0
47386,649,1919,1
47387,689,1919,0
47389,786,1919,0
47394,977,1919,0
47396,1166,1919,0
47518,258,1923,0
47520,445,1923,0
47521,660,1923,0
47522,777,1923,0
47523,778,1923,0
47526,936,1923,0
47531,1302,1923,0
47533,1500,1923,1
47634,258,1929,0
47635,306,1929,0
47636,327,1929,0
47637,347,1929,0
47642,856,1929,0
47646,1088,1929,0
47669,530,1931,0
47674,842,1931,0
47677,1150,1931,0
47679,1270,1931,0
47680,1453,1931,0
47681,1506,1931,0
47708,340,1933,0
47709,583,1933,0
47710,598,1933,0
47711,772,1933,0
47714,888,1933,0
47716,1091,1933,0
47745,159,1935,0
47748,348,1935,0
47751,794,1935,0
47755,1031,1935,0
47757,1112,1935,0
47759,1391,1935,0
47762,108,1936,0
47767,934,1936,0
47768,946,1936,0
47769,986,1936,0
47773,1437,1936,0
47779,258,1937,0
47780,393,1937,0
47783,540,1937,0
47785,642,1937,0
47787,1009,1937,0
47790,138,1938,0
47793,300,1938,0
47794,313,1938,0
47795,342,1938,0
47798,496,1938,0
47802,598,1938,1
47807,736,1938,0
47814,826,1938,1
47818,868,1938,0
47822,1069,1938,0
47823,1089,1938,0
47825,1112,1938,1
47836,1402,1938,0
47837,1411,1938,0
47838,1427,1938,0
47844,1607,1938,0
47884,153,1941,1
47890,308,1941,0
47891,408,1941,0
47892,425,1941,0
47896,667,1941,0
47898,1019,1941,0
47900,1181,1941,0
47903,1312,1941,0
47905,1397,1941,0
47906,1411,1941,0
47907,1493,1941,0
47909,1559,1941,0
47910,1562,1941,0
47911,1592,1941,0
47977,50,1945,0
47981,462,1945,0
47985,856,1945,0
47989,929,1945,1
47990,930,1945,0
47992,1298,1945,0
47994,1560,1945,0
47995,36,1946,0
47997,231,1946,0
48000,624,1946,0
48005,788,1946,0
48009,1251,1946,0
48011,1552,1946,0
48012,1616,1946,0
48053,45,1949,0
48059,593,1949,0
48061,888,1949,0
48065,1453,1949,0
48066,1579,1949,0
48081,70,1951,0
48082,71,1951,1
48083,193,1951,0
48086,451,1951,0
48091,830,1951,0
48094,1019,1951,0
48096,1218,1951,0
48098,1536,1951,0
48103,258,1952,0
48104,435,1952,0
48112,889,1952,0
48114,1053,1952,0
48115,1082,1952,0
48118,1523,1952,0
48119,160,1953,0
48120,248,1953,0
48123,485,1953,1
48124,513,1953,0
48125,794,1953,0
48128,893,1953,0
48129,998,1953,0
48193,50,1956,0
48195,255,1956,0
48196,394,1956,0
48200,656,1956,0
48208,1489,1956,0
48241,20,1959,0
48242,79,1959,0
48243,159,1959,0
48245,193,1959,0
48250,598,1959,0
48254,830,1959,0
48257,995,1959,0
48259,1181,1959,1
48260,1232,1959,0
48284,282,1961,0
48286,549,1961,0
48287,644,1961,0
48291,1128,1961,0
48292,1241,1961,1
48406,475,1964,0
48411,1035,1964,0
48412,1098,1964,0
48414,1236,1964,0
48419,223,1965,0
48420,320,1965,0
48423,642,1965,0
48425,748,1965,0
48431,1134,1965,0
48433,1251,1965,0
48434,1437,1965,0
48435,1492,1965,0
48489,380,1968,0
48490,450,1968,0
48498,723,1968,0
48502,804,1968,1
48503,805,1968,1
48505,807,1968,1
48506,819,1968,0
48511,1093,1968,0
48512,1115,1968,0
48514,1262,1968,0
48518,1377,1968,0
48519,1439,1968,0
48520,1457,1968,0
48522,1520,1968,0
48547,485,1970,0
48550,860,1970,0
48552,998,1970,0
48554,1277,1970,0
48555,1296,1970,0
48557,1475,1970,0
48558,68,1971,0
48561,828,1971,1
48562,830,1971,0
48569,1139,1971,0
48570,1197,1971,0
48571,1311,1971,0
48720,998,1977,0
48721,1280,1977,0
48725,1607,1977,0
48727,195,1978,0
48728,258,1978,0
48736,897,1978,0
48737,986,1978,0
48738,1128,1978,0
48739,1240,1978,0
48740,1308,1978,0
48741,1576,1978,0
48744,258,1979,0
48747,728,1979,0
48750,788,1979,0
48753,866,1979,0
48754,929,1979,0
48757,1097,1979,0
48758,1098,1979,0
48761,1524,1979,0
48789,258,1981,0
48793,472,1981,0
48795,543,1981,0
48798,780,1981,0
48800,857,1981,0
48802,1110,1981,0
48805,1524,1981,0
48807,118,1982,0
48808,153,1982,0
48812,284,1982,0
48814,576,1982,0
48815,708,1982,0
48817,772,1982,0
48819,917,1982,0
48895,31,1986,0
48896,258,1986,0
48897,450,1986,0
48898,490,1986,0
48904,966,1986,0
48908,1240,1986,0
48933,258,1988,0
48936,450,1988,1
48937,507,1988,0
48939,805,1988,0
48943,936,1988,0
48945,946,1988,0
48947,1097,1988,0
48949,1175,1988,0
48958,1542,1988,0
49099,8,1996,0
49100,258,1996,0
49108,884,1996,0
49109,913,1996,0
49110,936,1996,0
49114,1492,1996,0
49117,295,1997,0
49122,723,1997,1
49123,728,1997,0
49124,760,1997,0
49126,892,1997,0
49128,951,1997,0
49131,1438,1997,0
49215,97,2002,0
49220,304,2002,0
49221,411,2002,0
49224,575,2002,0
49225,598,2002,0
49226,662,2002,0
49230,909,2002,1
49257,411,2004,0
49258,485,2004,0
49259,546,2004,0
49260,568,2004,0
49263,826,2004,0
49267,1055,2004,0
49270,1351,2004,0
49291,8,2006,0
49295,258,2006,0
49298,507,2006,0
49303,792,2006,0
49305,857,2006,0
49307,884,2006,0
49308,890,2006,0
49309,912,2006,1
49310,946,2006,0
49316,1434,2006,0
49388,167,2011,0
49390,258,2011,1
49391,345,2011,0
49398,949,2011,0
49400,1142,2011,0
49403,1396,2011,0
49404,1408,2011,0
49469,258,2015,1
49474,690,2015,0
49476,913,2015,0
49477,1065,2015,0
49532,130,2018,0
49533,160,2018,0
49540,662,2018,0
49541,719,2018,0
49543,772,2018,0
49544,794,2018,0
49547,826,2018,0
49548,832,2018,0
49551,907,2018,0
49553,961,2018,1
49556,1069,2018,0
49561,1391,2018,0
49562,1411,2018,0
49563,1427,2018,0
49564,1600,2018,0
49567,533,2019,0
49570,794,2019,0
49574,935,2019,0
49575,969,2019,0
49578,1410,2019,1
49579,1419,2019,0
49584,340,2020,0
49586,684,2020,0
49589,764,2020,0
49592,868,2020,0
49596,1061,2020,0
49620,562,2022,0
49623,728,2022,0
49624,780,2022,0
49626,912,2022,0
49627,936,2022,1
49628,1039,2022,0
49630,1175,2022,0
49637,30,2023,0
49641,549,2023,0
49645,788,2023,0
49647,986,2023,0
49648,1142,2023,0
49652,1322,2023,0
49653,1505,2023,0
49656,258,2024,0
49662,788,2024,0
49665,861,2024,0
49667,1021,2024,0
49671,1220,2024,0
49673,1396,2024,0
49675,38,2025,0
49679,82,2025,0
49687,156,2025,0
49690,176,2025,0
49693,209,2025,0
49695,229,2025,0
49697,240,2025,0
49704,300,2025,0
49705,312,2025,0
49706,313,2025,0
49707,316,2025,0
49709,326,2025,0
49712,340,2025,0
49713,342,2025,0
49715,361,2025,0
49719,408,2025,0
49720,410,2025,0
49725,446,2025,0
49726,454,2025,0
49730,478,2025,0
49733,512,2025,0
49734,513,2025,0
49736,538,2025,0
49737,544,2025,0
49739,558,2025,0
49742,583,2025,0
49746,610,2025,0
49747,631,2025,0
49748,636,2025,0
49751,674,2025,0
49753,680,2025,0
49756,730,2025,0
49757,735,2025,0
49760,768,2025,0
49765,786,2025,0
49769,794,2025,1
49770,798,2025,0
49774,828,2025,1
49775,832,2025,1
49778,841,2025,0
49780,860,2025,0
49783,875,2025,1
49785,880,2025,0
49788,893,2025,1
49824,1091,2025,0
49833,1163,2025,0
49837,1183,2025,0
49838,1184,2025,0
49839,1187,2025,0
49845,1214,2025,0
49846,1230,2025,1
49856,1296,2025,1
49863,1384,2025,0
49866,1411,2025,0
49871,1464,2025,0
49880,1545,2025,0
49883,1581,2025,0
49887,1601,2025,0
49890,1617,2025,0
49970,176,2027,0
49971,232,2027,0
49974,779,2027,0
49977,1231,2027,0
49978,1232,2027,0
50009,116,2030,0
50011,195,2030,0
50014,258,2030,1
50018,728,2030,0
50022,792,2030,0
50023,801,2030,0
50029,1005,2030,0
50033,1212,2030,0
50053,177,2032,0
50055,479,2032,0
50056,772,2032,0
50057,828,2032,0
50060,907,2032,0
50061,917,2032,0
50062,1027,2032,0
50067,1281,2032,0
50070,258,2033,0
50075,843,2033,0
50078,929,2033,0
50082,1283,2033,0
50083,1366,2033,0
50085,1513,2033,0
50088,124,2034,0
50089,138,2034,0
50091,177,2034,0
50094,260,2034,1
50095,261,2034,1
50097,408,2034,0
50100,554,2034,1
50104,794,2034,0
50108,850,2034,0
50113,1258,2034,0
50158,306,2037,0
50160,457,2037,0
50166,857,2037,0
50170,1261,2037,1
50172,1432,2037,0
50177,315,2038,0
50178,326,2038,0
50180,530,2038,0
50186,860,2038,0
50189,961,2038,0
50192,153,2039,0
50193,202,2039,0
50195,454,2039,0
50196,463,2039,0
50202,847,2039,0
50203,995,2039,0
50276,61,2043,0
50281,478,2043,0
50282,529,2043,0
50283,714,2043,0
50284,725,2043,0
50289,1338,2043,0
50290,1453,2043,0
50383,38,2048,1
50384,42,2048,0
50393,396,2048,0
50396,593,2048,0
50398,633,2048,0
50399,674,2048,1
50401,730,2048,1
50407,817,2048,0
50409,841,2048,0
50411,850,2048,0
50413,871,2048,0
50417,935,2048,0
50425,1245,2048,0
50429,1296,2048,0
50430,1299,2048,0
50432,1311,2048,0
50434,1324,2048,0
50436,1423,2048,0
50442,257,2049,0
50443,295,2049,0
50444,306,2049,0
50447,815,2049,0
50454,1178,2049,0
50456,1371,2049,0
50459,1414,2049,0
50553,68,2051,0
50554,94,2051,0
50555,173,2051,0
50559,881,2051,0
50566,1601,2051,0
50567,107,2052,0
50569,320,2052,0
50570,457,2052,0
50572,724,2052,0
50577,936,2052,0
50580,1128,2052,1
50586,1539,2052,0
50592,258,2053,0
50593,503,2053,0
50596,624,2053,0
50598,658,2053,0
50601,780,2053,0
50607,1009,2053,0
50608,1021,2053,0
50609,1128,2053,1
50611,1396,2053,0
50613,1434,2053,0
50631,186,2055,0
50633,449,2055,0
50634,451,2055,0
50635,478,2055,1
50636,513,2055,0
50643,995,2055,0
50644,1309,2055,0
50648,49,2056,0
50649,70,2056,0
50652,479,2056,0
50655,708,2056,0
50656,772,2056,0
50660,1146,2056,0
50662,1296,2056,0
50664,1555,2056,0
50916,538,2067,0
50918,593,2067,0
50920,727,2067,0
50923,826,2067,0
50925,850,2067,0
50926,860,2067,0
50930,1170,2067,0
50933,1281,2067,0
51023,73,2070,0
51029,579,2070,0
51030,581,2070,0
51034,900,2070,0
51038,1320,2070,0
51039,1366,2070,0
51041,1599,2070,0
51052,8,2072,0
51054,167,2072,0
51056,258,2072,1
51057,295,2072,0
51060,420,2072,0
51064,677,2072,0
51069,936,2072,0
51074,1367,2072,0
51075,1523,2072,0
51092,258,2074,0
51093,269,2074,0
51100,801,2074,0
51102,929,2074,0
51103,1009,2074,0
51107,1344,2074,0
51110,1584,2074,0
51114,53,2075,0
51118,123,2075,0
51123,258,2075,0
51130,543,2075,0
51131,561,2075,0
51133,579,2075,0
51141,922,2075,0
51143,963,2075,0
51144,992,2075,0
51145,1039,2075,0
51148,1140,2075,0
51150,1254,2075,0
51151,1282,2075,0
51156,1458,2075,0
51160,1586,2075,0
51181,29,2077,0
51182,250,2077,0
51184,463,2077,0
51191,818,2077,0
51193,850,2077,0
51200,1163,2077,0
51202,1277,2077,0
51203,1296,2077,1
51204,1340,2077,0
51206,1460,2077,0
51225,176,2079,0
51230,649,2079,0
51235,841,2079,0
51236,888,2079,0
51239,1198,2079,0
51240,1296,2079,0
51241,1356,2079,0
51243,115,2080,0
51245,202,2080,0
51246,284,2080,1
51247,308,2080,0
51251,820,2080,0
51252,828,2080,0
51255,869,2080,0
51256,909,2080,0
51268,258,2081,1
51269,359,2081,0
51270,394,2081,0
51273,508,2081,0
51274,613,2081,0
51280,912,2081,0
51281,930,2081,0
51284,1035,2081,0
51286,1322,2081,0
51549,171,2092,0
51550,195,2092,0
51552,380,2092,0
51555,637,2092,1
51557,690,2092,0
51558,831,2092,0
51565,1371,2092,0
51567,1597,2092,0
51572,73,2093,0
51577,320,2093,0
51579,351,2093,0
51580,356,2093,0
51584,523,2093,0
51587,562,2093,0
51591,759,2093,0
51592,767,2093,0
51594,807,2093,0
51599,1013,2093,0
51604,1178,2093,1
51606,1222,2093,0
51608,1297,2093,0
51613,1379,2093,0
51615,1508,2093,0
51652,258,2095,0
51655,462,2095,0
51658,1219,2095,0
51661,1366,2095,0
51665,1595,2095,0
51691,306,2097,0
51692,320,2097,0
51693,447,2097,0
51696,882,2097,0
51700,1115,2097,0
51704,11,2098,0
51712,817,2098,0
51714,846,2098,0
51715,956,2098,0
51717,998,2098,0
51718,1003,2098,0
51725,1299,2098,1
51727,1354,2098,0
51728,1411,2098,0
51768,221,2100,0
51769,258,2100,0
51770,296,2100,0
51774,788,2100,0
51780,929,2100,0
51782,1123,2100,0
51786,1308,2100,0
51787,1426,2100,0
51891,50,2107,0
51892,96,2107,0
51897,570,2107,0
51899,777,2107,0
51900,792,2107,0
51903,884,2107,0
51905,1102,2107,0
51907,1240,2107,0
51908,1282,2107,0
51909,1430,2107,0
51931,43,2109,1
51934,224,2109,1
51935,258,2109,0
51936,282,2109,0
51942,601,2109,0
51943,611,2109,0
51944,677,2109,0
51947,831,2109,0
51949,1088,2109,0
51951,1297,2109,0
51954,260,2110,0
51957,649,2110,0
51961,998,2110,0
51963,1351,2110,0
51964,1376,2110,0
51965,1449,2110,0
52017,936,2113,0
52020,1254,2113,0
52021,1432,2113,0
52022,1554,2113,0
52037,136,2115,0
52038,178,2115,0
52039,258,2115,0
52042,345,2115,0
52052,1505,2115,0
52073,156,2117,0
52075,187,2117,0
52076,260,2117,1
52077,261,2117,1
52080,467,2117,0
52081,554,2117,1
52083,736,2117,0
52084,779,2117,0
52085,830,2117,1
52087,860,2117,0
52097,1091,2117,0
52104,1402,2117,0
52105,1411,2117,0
52110,1579,2117,0
52111,1592,2117,0
52117,258,2118,0
52118,269,2118,0
52121,462,2118,0
52124,622,2118,0
52128,723,2118,0
52131,900,2118,0
52132,975,2118,0
52134,1053,2118,0
52135,1054,2118,0
52136,1195,2118,0
52141,1371,2118,0
52143,1560,2118,0
52165,258,2120,0
52166,414,2120,0
52175,1030,2120,0
52178,1314,2120,0
52179,1377,2120,0
52220,284,2123,0
52223,786,2123,0
52226,860,2123,0
52227,1027,2123,0
52228,1121,2123,0
52230,1281,2123,0
52231,1411,2123,1
