Dock Index,Enzyme Index,Substrate Index,Label
194,182,3,0
195,188,3,0
197,199,3,0
198,200,3,0
199,205,3,0
200,292,3,0
204,439,3,0
207,623,3,0
209,640,3,0
211,673,3,1
215,743,3,0
228,1269,3,0
230,1307,3,0
233,1469,3,0
235,1591,3,0
240,303,4,0
241,398,4,0
242,584,4,0
245,739,4,1
246,776,4,0
248,862,4,0
251,1179,4,0
252,1249,4,0
255,1528,4,0
257,13,5,0
259,265,5,0
261,321,5,0
266,739,5,1
268,784,5,0
272,921,5,0
277,1326,5,0
279,46,6,0
284,678,6,0
285,751,6,0
289,876,6,0
290,1109,6,0
295,1378,6,0
671,99,9,0
674,117,9,0
675,134,9,0
678,250,9,0
679,278,9,0
682,454,9,0
685,595,9,1
693,828,9,0
695,893,9,0
697,907,9,1
701,935,9,0
704,1003,9,0
712,1417,9,0
713,1493,9,0
717,1592,9,0
914,284,16,0
915,324,16,0
917,451,16,0
918,496,16,0
920,583,16,0
922,779,16,1
924,849,16,0
928,1112,16,0
929,1139,16,0
930,1218,16,1
938,46,17,0
942,303,17,0
943,387,17,0
945,640,17,0
947,687,17,0
950,852,17,0
954,988,17,0
956,1107,17,0
959,1328,17,0
964,1467,17,0
1025,239,21,0
1028,276,21,0
1031,491,21,0
1036,794,21,0
1037,826,21,0
1040,906,21,0
1042,954,21,0
1134,510,26,0
1138,858,26,0
1142,1200,26,0
1143,1203,26,0
1145,1363,26,0
1147,1422,26,0
1149,1450,26,0
1152,131,27,0
1154,263,27,0
1156,360,27,0
1157,502,27,0
1158,510,27,0
1159,623,27,0
1168,1374,27,0
1169,1422,27,0
1182,25,29,0
1183,59,29,0
1189,163,29,0
1192,197,29,0
1193,213,29,0
1194,247,29,1
1199,337,29,0
1200,343,29,0
1201,355,29,0
1202,358,29,0
1203,381,29,1
1204,442,29,0
1214,617,29,0
1216,646,29,0
1218,692,29,0
1228,816,29,0
1233,848,29,0
1236,896,29,0
1237,904,29,0
1242,967,29,0
1249,1106,29,0
1251,1160,29,0
1254,1200,29,0
1255,1203,29,0
1256,1226,29,0
1261,1285,29,0
1271,1413,29,0
1273,1486,29,0
1275,1503,29,0
1352,61,34,0
1356,786,34,0
1357,828,34,0
1360,868,34,0
1362,998,34,1
1365,1184,34,0
1366,1273,34,0
1367,1296,34,0
1369,1365,34,0
1404,510,37,0
1412,902,37,0
1414,948,37,0
1415,967,37,0
1416,1157,37,0
1417,1285,37,0
1502,46,39,0
1509,673,39,0
1510,678,39,0
1513,885,39,0
1514,994,39,0
1517,1157,39,1
1520,1252,39,0
1522,1446,39,0
1539,204,41,0
1544,510,41,0
1545,571,41,0
1547,758,41,0
1552,902,41,0
1554,1040,41,0
1555,1390,41,1
1556,1514,41,0
1561,418,42,0
1563,709,42,0
1565,876,42,0
1567,994,42,0
1568,1018,42,0
1569,1057,42,0
1571,1307,42,0
1572,1334,42,0
1602,118,44,0
1605,554,44,0
1607,850,44,0
1611,1184,44,0
1613,1296,44,0
1616,1512,44,0
1638,227,46,0
1639,254,46,0
1641,267,46,0
1644,330,46,0
1647,770,46,0
1651,858,46,0
1654,1064,46,0
1655,1074,46,1
1658,1153,46,0
1661,1315,46,0
1662,1317,46,0
1663,1442,46,1
1734,76,51,0
1736,252,51,0
1737,297,51,0
1739,596,51,0
1741,651,51,0
1747,1108,51,0
1749,1394,51,0
1829,252,55,0
1830,542,55,0
1831,571,55,1
1833,596,55,0
1834,784,55,0
1839,1203,55,0
1843,1363,55,0
1848,591,56,0
1850,651,56,0
1853,942,56,0
1855,1284,56,0
1856,1330,56,0
1895,456,59,0
1897,738,59,0
1902,1010,59,0
1903,1136,59,1
1904,1246,59,0
1905,1294,59,0
1906,1316,59,0
1907,1394,59,0
1908,1465,59,0
1984,412,62,0
1985,794,62,0
1986,817,62,0
1988,871,62,0
1991,1023,62,0
1994,1184,62,1
1996,1290,62,0
1998,1545,62,0
2045,152,65,0
2046,177,65,0
2048,415,65,0
2049,460,65,0
2051,493,65,0
2052,552,65,0
2058,684,65,0
2060,774,65,1
2061,779,65,0
2072,1353,65,1
2074,1381,65,0
2075,1410,65,0
2077,1495,65,0
2112,829,67,0
2114,1155,67,0
2115,1307,67,0
2119,1444,67,0
2178,153,71,0
2179,284,71,0
2180,669,71,1
2181,697,71,0
2187,1197,71,0
2189,1232,71,0
2190,1290,71,0
2191,1453,71,0
2195,13,72,0
2198,120,72,0
2200,252,72,0
2204,560,72,0
2205,596,72,0
2206,651,72,0
2213,947,72,0
2216,1274,72,0
2223,448,73,0
2226,727,73,0
2227,749,73,0
2229,970,73,0
2230,989,73,0
2232,1121,73,0
2233,1185,73,0
2234,1239,73,0
2235,7,74,0
2238,453,74,0
2241,715,74,0
2244,876,74,0
2248,1369,74,0
2250,1588,74,0
2276,456,76,0
2277,502,76,0
2279,560,76,0
2281,715,76,0
2287,898,76,0
2294,1153,76,1
2295,1155,76,1
2299,1519,76,0
2300,1528,76,0
2327,239,78,0
2328,794,78,0
2330,998,78,1
2416,15,81,0
2418,216,81,0
2419,358,81,0
2420,422,81,0
2426,1205,81,0
2430,202,82,0
2431,308,82,0
2436,850,82,0
2440,1537,82,0
2441,13,83,0
2442,199,83,0
2444,629,83,0
2447,851,83,0
2448,904,83,0
2451,1018,83,0
2452,1051,83,0
2453,1100,83,0
2454,1111,83,0
2458,49,84,0
2459,134,84,0
2463,833,84,0
2465,909,84,0
2474,1375,84,0
2476,120,85,0
2478,147,85,0
2480,163,85,0
2481,197,85,0
2484,376,85,0
2491,852,85,0
2492,855,85,0
2494,947,85,0
2498,1328,85,0
2500,1521,85,0
2502,264,86,0
2509,501,86,1
2510,516,86,0
2511,709,86,0
2516,1442,86,0
2517,1450,86,0
2518,1503,86,0
2521,478,87,0
2522,553,87,0
2523,585,87,0
2529,786,87,0
2530,798,87,0
2533,880,87,0
2535,1003,87,0
2536,1229,87,0
2539,132,88,0
2540,188,88,0
2542,273,88,0
2544,524,88,0
2551,1190,88,0
2606,163,91,0
2608,252,91,0
2610,378,91,0
2612,430,91,0
2617,740,91,0
2625,1017,91,0
2626,1252,91,0
2630,81,92,0
2635,649,92,0
2636,713,92,0
2638,790,92,0
2643,1023,92,0
2669,340,94,0
2674,907,94,0
2675,956,94,0
2677,1198,94,0
2680,2,95,0
2681,47,95,0
2682,191,95,0
2685,709,95,0
2690,2,96,0
2692,245,96,0
2700,862,96,0
2701,878,96,0
2702,994,96,1
2703,1012,96,0
2781,42,101,0
2783,392,101,0
2784,529,101,0
2786,593,101,0
2790,850,101,0
2793,1003,101,1
2796,1365,101,0
2802,326,102,0
2804,567,102,0
2805,593,102,1
2807,786,102,0
2812,1182,102,0
2813,1381,102,0
2814,1544,102,0
2815,1608,102,0
2816,39,103,0
2818,398,103,0
2822,741,103,0
2829,1305,103,0
2830,1334,103,1
2833,1550,103,0
2834,13,104,0
2836,76,104,0
2838,297,104,0
2841,673,104,0
2847,1040,104,0
2878,253,107,0
2879,292,107,0
2882,441,107,0
2885,596,107,1
2886,625,107,0
2887,738,107,1
2891,904,107,0
2896,1328,107,0
2899,1484,107,0
2901,298,108,0
2907,704,108,0
2908,739,108,0
2911,895,108,0
2915,1160,108,0
2916,1191,108,0
2917,1249,108,0
2979,120,112,0
2980,205,112,0
2982,354,112,0
2990,862,112,0
2991,926,112,0
2994,1250,112,0
2996,1315,112,0
2999,1467,112,0
3000,1503,112,0
3001,1514,112,0
3115,254,116,0
3117,321,116,0
3118,418,116,0
3125,942,116,0
3126,1085,116,0
3127,1108,116,0
3129,1160,116,0
3253,41,121,0
3254,60,121,0
3255,76,121,0
3257,251,121,0
3260,539,121,0
3261,571,121,0
3265,895,121,1
3266,928,121,0
3267,1051,121,0
3269,1141,121,0
3272,1191,121,0
3274,1249,121,0
3280,106,122,0
3282,649,122,0
3284,730,122,0
3290,1427,122,0
3291,1498,122,0
3316,99,124,1
3319,156,124,1
3327,332,124,0
3330,415,124,0
3331,446,124,0
3332,454,124,0
3335,517,124,0
3338,554,124,0
3340,593,124,1
3341,649,124,0
3342,650,124,0
3343,657,124,0
3347,768,124,0
3349,786,124,0
3351,818,124,0
3352,833,124,0
3361,974,124,0
3363,1019,124,0
3369,1185,124,0
3372,1296,124,0
3375,1391,124,1
3376,1423,124,0
3378,1464,124,1
3386,298,125,0
3387,307,125,0
3390,459,125,0
3392,566,125,0
3396,799,125,1
3401,1106,125,0
3406,1334,125,0
3411,1568,125,0
3412,9,126,0
3414,197,126,0
3415,204,126,0
3421,673,126,0
3422,734,126,0
3423,799,126,1
3428,1141,126,0
3430,1278,126,0
3435,147,127,0
3438,741,127,0
3441,902,127,0
3442,926,127,0
3443,947,127,0
3446,1071,127,0
3575,218,134,0
3578,307,134,0
3581,482,134,0
3585,571,134,0
3587,739,134,0
3589,904,134,0
3591,1157,134,0
3593,1278,134,0
3598,276,135,0
3599,342,135,0
3601,517,135,0
3605,830,135,0
3608,871,135,0
3609,875,135,0
3610,893,135,0
3613,961,135,0
3614,974,135,0
3616,1607,135,0
3642,59,137,0
3646,625,137,0
3648,715,137,0
3649,740,137,0
3653,976,137,0
3658,1334,137,0
3660,1598,137,1
3747,786,141,0
3748,828,141,0
3750,935,141,0
3751,995,141,0
3753,1139,141,0
3757,1473,141,0
3758,153,142,0
3761,326,142,0
3762,341,142,0
3766,935,142,0
3770,1411,142,0
3771,1512,142,0
3774,106,143,0
3775,118,143,0
3776,153,143,0
3778,266,143,0
3780,779,143,0
3791,1112,143,0
3792,1184,143,1
3793,1311,143,0
3795,1381,143,0
3800,403,144,0
3804,977,144,0
3806,1184,144,1
3809,211,145,0
3810,253,145,0
3811,285,145,0
3817,739,145,0
3823,1278,145,0
3826,106,146,0
3830,372,146,1
3832,522,146,0
3834,544,146,0
3835,572,146,1
3838,732,146,1
3840,794,146,0
3844,846,146,0
3847,917,146,0
3853,1046,146,0
3854,1052,146,0
3856,1124,146,0
3861,1427,146,0
4046,321,153,0
4047,398,153,0
4050,501,153,0
4051,596,153,0
4053,738,153,0
4057,947,153,0
4061,1260,153,0
4064,1403,153,0
4067,1598,153,0
4107,13,156,0
4108,216,156,0
4110,422,156,0
4117,911,156,0
4120,1278,156,0
4165,191,159,0
4166,227,159,0
4169,474,159,0
4170,516,159,0
4173,862,159,0
4176,1211,159,1
4229,312,161,0
4232,477,161,0
4234,662,161,0
4238,954,161,0
4239,969,161,0
4240,998,161,0
4242,1146,161,0
4324,339,166,0
4327,794,166,0
4328,820,166,0
4329,833,166,0
4331,850,166,0
4337,1180,166,0
4340,1449,166,0
4342,1614,166,1
4361,204,168,0
4362,364,168,0
4364,501,168,0
4365,617,168,0
4366,648,168,0
4367,687,168,0
4368,758,168,0
4375,948,168,1
4411,321,171,0
4412,739,171,1
4416,879,171,0
4417,924,171,0
4419,1244,171,0
4420,1346,171,0
4425,703,172,1
4426,741,172,0
4428,1075,172,0
4430,1205,172,0
4438,703,173,1
4439,704,173,1
4443,1015,173,0
4444,1060,173,0
4445,1107,173,0
4446,1190,173,0
4448,1249,173,0
4449,1267,173,0
4471,110,175,0
4472,150,175,0
4473,152,175,0
4477,369,175,0
4480,529,175,0
4488,875,175,0
4490,1036,175,0
4491,1154,175,0
4492,1166,175,0
4497,1348,175,0
4498,1376,175,1
4645,596,179,1
4646,784,179,0
4648,901,179,0
4649,928,179,0
4652,1108,179,0
4653,1210,179,0
4655,1428,179,0
4659,1591,179,0
4713,159,182,0
4714,250,182,0
4715,332,182,0
4716,477,182,0
4717,585,182,0
4722,791,182,0
4724,833,182,0
4728,888,182,0
4738,1146,182,0
4740,1296,182,1
4741,1304,182,0
4742,1340,182,0
4746,1607,182,0
4747,47,183,0
4749,147,183,0
4751,738,183,0
4753,851,183,0
4755,904,183,1
4761,1535,183,0
4811,575,186,0
4813,633,186,0
4817,875,186,0
4818,1270,186,0
4820,1384,186,0
4821,1411,186,0
4902,578,191,0
4904,617,191,0
4905,756,191,1
4908,848,191,0
4909,876,191,0
4911,948,191,0
4915,1260,191,0
4921,1390,191,0
5075,735,196,0
5078,849,196,0
5079,880,196,1
5081,1139,196,0
5083,1376,196,0
5085,1512,196,0
5088,278,197,0
5094,828,197,0
5096,853,197,0
5097,909,197,0
5099,1170,197,0
5101,1338,197,0
5160,29,201,0
5161,125,201,0
5164,484,201,0
5170,832,201,0
5172,849,201,0
5173,1090,201,0
5175,1493,201,0
5179,329,202,0
5180,735,202,0
5182,771,202,0
5183,772,202,0
5186,998,202,0
5191,1495,202,0
5192,17,203,0
5194,264,203,0
5195,364,203,0
5196,382,203,0
5207,1267,203,0
5209,1535,203,0
5210,1611,203,0
5211,47,204,0
5212,60,204,0
5216,343,204,0
5218,465,204,0
5219,548,204,0
5221,673,204,0
5223,739,204,0
5225,852,204,0
5228,1018,204,0
5229,1278,204,0
5231,1317,204,0
5233,1378,204,0
5237,661,205,0
5238,772,205,0
5242,888,205,0
5244,993,205,0
5245,998,205,0
5246,1003,205,0
5248,1198,205,0
5251,1397,205,1
5277,164,207,0
5278,247,207,0
5281,524,207,0
5284,876,207,0
5285,891,207,0
5286,939,207,0
5290,1141,207,1
5297,1374,207,0
5301,79,208,0
5303,138,208,0
5306,187,208,0
5308,786,208,0
5309,794,208,0
5310,798,208,0
5313,998,208,0
5316,1196,208,0
5401,59,213,0
5403,252,213,0
5404,297,213,0
5406,441,213,0
5408,586,213,0
5412,776,213,1
5455,13,216,0
5457,114,216,0
5459,270,216,0
5463,664,216,0
5464,678,216,0
5465,756,216,0
5470,928,216,1
5474,91,217,0
5477,553,217,0
5479,593,217,0
5480,638,217,0
5481,828,217,0
5486,998,217,0
5488,1112,217,0
5489,1280,217,0
5495,104,218,0
5498,292,218,0
5500,596,218,0
5502,671,218,0
5506,920,218,0
5510,1210,218,0
5511,1546,218,1
5648,114,226,0
5655,734,226,0
5656,739,226,0
5660,937,226,0
5661,942,226,0
5666,1200,226,0
5667,1398,226,0
5776,39,228,0
5779,245,228,0
5780,398,228,1
5788,1246,228,0
5789,1317,228,0
5790,1369,228,0
5871,160,233,0
5873,340,233,0
5874,467,233,0
5875,491,233,0
5876,529,233,0
5884,1356,233,1
5887,25,234,0
5891,275,234,0
5899,651,234,0
5903,829,234,1
5906,947,234,0
5909,988,234,0
5911,1267,234,0
5914,1316,234,0
6011,29,240,0
6012,155,240,0
6016,348,240,0
6021,451,240,0
6022,467,240,0
6023,517,240,0
6024,546,240,0
6025,638,240,0
6027,657,240,0
6028,727,240,0
6030,772,240,0
6036,1019,240,0
6037,1027,240,0
6039,1232,240,0
6054,205,242,0
6055,251,242,0
6057,273,242,0
6058,330,242,0
6059,416,242,0
6065,665,242,0
6072,939,242,0
6073,947,242,0
6075,1060,242,0
6077,1111,242,0
6078,1203,242,0
6086,284,243,1
6088,500,243,0
6090,593,243,0
6091,633,243,0
6097,880,243,0
6100,1154,243,0
6101,1198,243,0
6103,1296,243,0
6104,1348,243,0
6108,329,244,0
6110,424,244,0
6111,636,244,0
6113,817,244,0
6117,998,244,1
6120,1230,244,0
6122,103,245,0
6130,828,245,0
6133,888,245,0
6135,998,245,0
6137,1538,245,0
6169,75,247,0
6172,252,247,0
6176,668,247,1
6177,678,247,0
6180,740,247,0
6185,1057,247,1
6189,1317,247,0
6191,1,248,0
6192,163,248,0
6195,252,248,0
6199,441,248,0
6203,739,248,0
6207,1060,248,1
6212,1441,248,0
6215,216,249,0
6216,285,249,0
6219,528,249,0
6223,740,249,0
6225,758,249,0
6227,942,249,0
6228,947,249,0
6232,1084,249,1
6233,1250,249,0
6249,104,251,0
6255,416,251,0
6256,430,251,0
6257,459,251,0
6262,858,251,0
6263,994,251,0
6267,1244,251,0
6287,15,253,1
6293,242,253,0
6297,364,253,0
6298,374,253,0
6300,525,253,0
6301,591,253,0
6305,776,253,0
6308,811,253,0
6313,879,253,0
6316,942,253,0
6320,1269,253,0
6382,15,255,1
6383,199,255,0
6388,516,255,0
6391,687,255,0
6399,928,255,0
6400,947,255,0
6403,988,255,0
6405,1129,255,0
6406,1157,255,0
6408,1200,255,0
6409,1267,255,0
6446,61,257,0
6447,64,257,0
6448,130,257,0
6451,193,257,0
6453,240,257,0
6457,266,257,0
6458,278,257,0
6463,533,257,1
6465,537,257,0
6477,786,257,0
6481,909,257,0
6484,953,257,0
6486,1003,257,0
6493,1163,257,0
6499,1296,257,0
6502,1417,257,1
6504,1419,257,1
6506,1536,257,0
6507,1538,257,0
6604,402,261,0
6606,779,261,0
6607,794,261,0
6609,832,261,0
6611,841,261,0
6613,871,261,0
6616,998,261,0
6621,1471,261,0
6622,35,262,0
6625,558,262,0
6627,736,262,0
6631,850,262,0
6632,860,262,0
6648,39,264,0
6649,78,264,0
6655,741,264,0
6659,1060,264,0
6660,1106,264,0
6664,1395,264,0
6668,75,265,0
6674,439,265,0
6675,468,265,0
6677,621,265,0
6678,629,265,0
6686,947,265,0
6687,948,265,0
6689,1010,265,0
6692,1210,265,0
6694,1369,265,0
6695,1389,265,0
6696,1429,265,0
6700,47,266,0
6703,198,266,0
6706,422,266,0
6708,501,266,0
6709,502,266,0
6714,646,266,0
6717,811,266,0
6719,844,266,0
6722,1004,266,0
6726,1141,266,0
6729,1374,266,0
6730,1428,266,0
6747,247,268,0
6748,252,268,0
6753,1004,268,0
6757,1317,268,0
6759,1445,268,0
6760,1450,268,1
6795,147,271,0
6799,647,271,0
6802,776,271,0
6806,1012,271,0
6807,1278,271,0
6811,106,272,0
6815,341,272,1
6817,736,272,0
6818,786,272,0
6819,817,272,0
6820,826,272,0
6825,1311,272,0
6832,484,273,0
6837,977,273,0
6838,1139,273,0
6839,1229,273,0
6842,1311,273,0
6845,1579,273,0
6847,1590,273,0
6931,364,277,0
6932,398,277,0
6933,625,277,0
6937,844,277,0
6939,947,277,0
6944,1136,277,0
6946,1249,277,0
6949,1441,277,0
6955,253,278,0
6957,271,278,0
6959,358,278,0
6960,374,278,0
6967,470,278,0
6968,471,278,0
6970,501,278,0
6973,577,278,0
6974,600,278,0
6994,844,278,1
6996,851,278,0
7000,901,278,0
7004,920,278,0
7011,997,278,0
7017,1099,278,0
7019,1106,278,1
7020,1111,278,1
7021,1157,278,0
7022,1211,278,0
7023,1238,278,0
7024,1259,278,0
7026,1327,278,0
7031,1450,278,0
7036,1535,278,0
7061,148,280,0
7062,164,280,0
7063,197,280,0
7064,297,280,0
7068,525,280,0
7073,904,280,1
7074,947,280,1
7081,1279,280,0
7085,188,281,0
7091,586,281,0
7092,822,281,0
7095,895,281,0
7096,921,281,0
7097,928,281,0
7098,948,281,0
7102,1040,281,0
7106,1216,281,0
7107,1530,281,0
7108,1591,281,0
7127,329,283,0
7128,332,283,0
7129,491,283,0
7130,530,283,0
7132,670,283,0
7136,817,283,0
7139,869,283,0
7141,907,283,0
7143,935,283,0
7246,117,288,0
7247,155,288,0
7256,794,288,1
7257,828,288,1
7261,998,288,0
7267,1354,288,0
7268,1411,288,0
7269,1449,288,0
7270,1544,288,0
7271,13,289,0
7273,76,289,0
7276,183,289,0
7278,252,289,0
7281,651,289,0
7284,741,289,0
7287,942,289,0
7289,1010,289,0
7292,1269,289,0
7353,114,293,0
7354,127,293,0
7355,137,293,0
7361,578,293,0
7362,623,293,0
7370,928,293,0
7372,948,293,1
7375,1060,293,0
7378,1279,293,0
7379,1515,293,0
7381,15,294,0
7383,78,294,0
7390,468,294,0
7392,596,294,0
7397,947,294,0
7398,994,294,0
7402,1317,294,0
7422,321,296,0
7423,501,296,0
7424,545,296,0
7425,596,296,0
7428,937,296,0
7493,18,300,0
7495,153,300,0
7498,448,300,0
7501,772,300,0
7502,779,300,0
7509,1198,300,0
7510,1229,300,0
7511,1376,300,0
7682,79,307,0
7683,410,307,0
7684,504,307,0
7686,649,307,0
7693,935,307,0
7695,1225,307,0
7697,1397,307,0
7698,1473,307,0
7700,75,308,0
7702,151,308,0
7703,183,308,0
7706,364,308,0
7707,468,308,0
7713,876,308,0
7717,478,309,0
7718,598,309,0
7722,794,309,0
7724,1023,309,0
7728,1146,309,0
7730,1397,309,1
7734,205,310,0
7735,290,310,0
7736,292,310,0
7739,381,310,0
7744,612,310,0
7747,896,310,0
7748,921,310,0
7752,1269,310,0
7754,1476,310,0
7755,13,311,0
7756,191,311,0
7761,465,311,0
7762,510,311,0
7766,876,311,0
7767,904,311,1
7769,1051,311,0
7770,1155,311,0
7775,1369,311,0
7776,1394,311,0
7778,18,312,0
7781,313,312,0
7784,369,312,0
7787,530,312,0
7788,568,312,0
7792,725,312,0
7794,786,312,0
7796,872,312,0
7799,977,312,0
7801,1069,312,0
7805,1184,312,1
7806,1198,312,0
7809,1291,312,0
7832,86,314,1
7835,248,314,0
7840,375,314,0
7847,500,314,0
7852,730,314,0
7854,794,314,0
7856,841,314,0
7859,1036,314,1
7868,1338,314,0
7869,1348,314,1
7871,1525,314,0
7872,1555,314,0
7875,41,315,0
7882,528,315,0
7883,704,315,0
7884,776,315,0
7890,1179,315,0
7893,1334,315,0
7894,1486,315,0
7910,42,317,0
7911,110,317,0
7912,160,317,0
7913,342,317,0
7914,411,317,0
7915,451,317,0
7917,529,317,0
7919,735,317,0
7926,1427,317,0
7937,844,318,0
7938,855,318,0
7939,1109,318,0
7942,1204,318,0
7944,1413,318,0
7945,1444,318,0
7973,114,321,0
7976,294,321,0
7980,816,321,1
7982,942,321,0
7984,1080,321,0
7987,1334,321,0
7988,1615,321,0
8029,49,324,0
8032,193,324,0
8034,240,324,0
8037,425,324,0
8038,454,324,0
8040,461,324,0
8042,515,324,0
8049,657,324,0
8055,794,324,1
8058,832,324,1
8065,883,324,0
8066,953,324,0
8071,1079,324,0
8073,1124,324,0
8076,1197,324,0
8082,1309,324,0
8083,1319,324,0
8085,1365,324,0
8087,1402,324,0
8088,1411,324,0
8091,1464,324,0
8096,1600,324,0
8116,372,326,0
8118,449,326,0
8120,828,326,0
8124,998,326,0
8125,1023,326,0
8127,1196,326,1
8128,1323,326,0
8130,1449,326,0
8134,71,327,0
8135,134,327,0
8136,152,327,0
8137,155,327,0
8142,595,327,0
8149,1227,327,0
8166,13,329,1
8167,15,329,0
8168,51,329,0
8169,62,329,0
8173,382,329,0
8176,668,329,0
8180,904,329,0
8183,1210,329,0
8184,1246,329,0
8188,1620,329,0
8196,704,330,0
8199,921,330,0
8200,939,330,0
8201,1060,330,0
8202,1203,330,1
8203,1278,330,0
8208,97,331,0
8210,304,331,0
8212,446,331,1
8213,467,331,0
8214,552,331,0
8218,833,331,0
8223,1181,331,0
8227,20,332,0
8231,425,332,0
8232,530,332,0
8234,680,332,0
8237,1239,332,1
8398,91,339,0
8405,817,339,1
8407,977,339,0
8410,1198,339,0
8413,1488,339,0
8417,260,340,0
8418,284,340,0
8419,484,340,0
8420,598,340,0
8424,998,340,1
8426,1340,340,0
8428,1410,340,0
8429,1493,340,0
8431,42,341,0
8437,309,341,0
8439,402,341,0
8443,657,341,0
8446,768,341,0
8448,875,341,0
8449,880,341,0
8450,998,341,0
8451,1090,341,0
8453,1139,341,0
8458,28,342,0
8464,265,342,0
8465,441,342,0
8467,502,342,0
8468,510,342,1
8469,516,342,0
8471,590,342,0
8472,600,342,0
8476,678,342,0
8477,734,342,1
8479,770,342,0
8484,943,342,0
8496,1316,342,1
8498,1442,342,0
8500,13,343,0
8501,25,343,0
8504,163,343,0
8506,272,343,0
8507,536,343,0
8509,614,343,0
8519,1107,343,0
8520,1334,343,0
8523,1455,343,0
8581,104,347,0
8582,188,347,0
8585,566,347,0
8591,876,347,0
8592,904,347,0
8593,928,347,0
8594,947,347,0
8596,1279,347,0
8597,1363,347,0
8664,1,352,0
8666,41,352,0
8667,147,352,0
8669,482,352,0
8671,555,352,0
8673,825,352,0
8676,870,352,0
8677,994,352,0
8683,60,353,0
8686,132,353,0
8688,252,353,0
8690,303,353,0
8692,364,353,0
8697,664,353,0
8698,673,353,1
8703,738,353,0
8708,858,353,0
8709,876,353,0
8712,895,353,0
8720,1155,353,0
8724,1221,353,0
8728,1444,353,0
8780,51,357,0
8782,188,357,0
8783,459,357,1
8788,629,357,0
8791,928,357,0
8792,947,357,0
8793,967,357,0
8795,1249,357,0
8831,1,359,0
8836,528,359,0
8839,704,359,0
8842,994,359,0
8843,1051,359,0
8846,1160,359,0
8852,159,360,0
8856,533,360,0
8859,679,360,0
8861,832,360,0
8865,1061,360,0
8867,1229,360,0
8873,425,361,0
8874,484,361,0
8879,689,361,0
8880,772,361,1
8883,1243,361,0
8885,1417,361,0
8887,69,362,0
8890,533,362,0
8891,714,362,0
8892,772,362,1
8894,998,362,0
8899,1581,362,0
8902,202,363,0
8904,324,363,0
8907,774,363,0
8908,794,363,0
8915,1181,363,0
8918,13,364,0
8920,439,364,0
8922,776,364,0
8925,1010,364,1
8931,1249,364,0
8932,1515,364,0
8935,247,365,0
8938,354,365,0
8939,441,365,0
8943,1164,365,0
8945,1316,365,0
8948,1479,365,0
8950,147,366,0
8951,204,366,0
8955,566,366,0
8956,741,366,0
8962,1259,366,0
8965,1428,366,0
9021,91,370,0
9023,726,370,0
9025,820,370,0
9026,833,370,0
9034,1348,370,0
9035,1411,370,0
9059,17,372,0
9062,114,372,0
9063,127,372,0
9064,188,372,0
9066,243,372,1
9068,245,372,1
9069,265,372,0
9076,571,372,0
9082,629,372,0
9085,739,372,0
9091,844,372,0
9096,1010,372,0
9098,1200,372,0
9099,1210,372,0
9107,1546,372,0
9110,35,373,0
9112,373,373,0
9114,454,373,0
9119,828,373,0
9120,832,373,0
9126,1023,373,0
9127,1258,373,0
9128,1296,373,0
9130,1393,373,0
9150,216,375,0
9151,262,375,0
9157,825,375,0
9161,885,375,0
9162,948,375,0
9165,1141,375,0
9168,1446,375,0
9227,566,378,0
9228,625,378,0
9230,741,378,1
9235,947,378,0
9236,948,378,1
9239,1022,378,0
9240,1051,378,0
9241,1074,378,0
9246,1250,378,0
9250,1400,378,0
9255,1573,378,0
9292,127,381,0
9297,739,381,0
9302,862,381,0
9306,1010,381,0
9307,1129,381,0
9310,1569,381,0
9311,17,382,0
9315,739,382,0
9321,891,382,0
9323,994,382,0
9326,1315,382,0
9327,1334,382,1
9331,68,383,0
9332,89,383,0
9337,217,383,0
9340,522,383,0
9342,772,383,0
9344,841,383,0
9346,1299,383,0
9443,11,389,0
9444,29,389,0
9446,485,389,0
9449,969,389,1
9453,1449,389,0
9455,1495,389,0
9461,275,390,0
9463,596,390,0
9464,635,390,0
9465,758,390,0
9466,825,390,0
9468,848,390,0
9471,1080,390,0
9544,182,395,0
9545,253,395,0
9546,262,395,0
9548,441,395,0
9550,470,395,0
9551,571,395,0
9559,776,395,0
9569,926,395,0
9571,947,395,0
9577,1111,395,0
9579,1164,395,0
9583,1307,395,0
9585,1328,395,0
9589,1428,395,0
9590,1515,395,0
9591,49,396,0
9592,575,396,0
9598,961,396,0
9599,998,396,1
9605,341,397,0
9609,786,397,0
9612,995,397,0
9614,1296,397,0
9615,1304,397,0
9616,1353,397,0
9618,1559,397,0
9636,1,399,0
9637,9,399,0
9638,164,399,0
9641,382,399,0
9642,671,399,0
9646,844,399,0
9648,928,399,0
9650,1518,399,0
9652,77,400,1
9654,309,400,0
9657,451,400,0
9659,626,400,0
9662,736,400,0
9663,786,400,0
9669,1296,400,0
9672,1525,400,0
9675,372,401,0
9678,701,401,0
9683,868,401,0
9684,917,401,0
9687,1230,401,0
9722,75,404,0
9727,665,404,1
9729,741,404,0
9733,928,404,0
9735,1107,404,0
9737,1157,404,0
9738,1226,404,0
9740,1349,404,0
9743,60,405,0
9746,233,405,0
9748,751,405,0
9750,862,405,0
9751,1084,405,0
9756,1355,405,0
9834,431,409,0
9840,987,409,0
9841,994,409,0
9842,1157,409,0
9845,1518,409,0
9847,1569,409,0
9849,1611,409,0
9887,78,411,0
9891,219,411,1
9893,267,411,0
9894,273,411,0
9896,381,411,1
9902,548,411,0
9904,600,411,0
9907,671,411,0
9910,704,411,0
9914,799,411,0
9916,862,411,1
9918,987,411,0
9920,1015,411,0
9925,1129,411,0
9927,1179,411,0
9929,1238,411,0
9932,1326,411,0
9936,1374,411,0
9938,1429,411,0
9941,1441,411,0
9942,1486,411,0
10026,9,415,0
10029,141,415,0
10031,198,415,0
10032,213,415,0
10033,215,415,0
10036,270,415,1
10037,271,415,1
10038,357,415,0
10045,542,415,0
10051,741,415,0
10052,753,415,0
10056,879,415,0
10059,911,415,1
10060,994,415,0
10065,1305,415,0
10066,1307,415,0
10068,1374,415,0
10070,1479,415,0
10073,62,416,0
10075,188,416,0
10077,298,416,0
10078,343,416,0
10081,621,416,0
10082,739,416,0
10084,852,416,0
10091,1315,416,0
10199,340,422,0
10201,489,422,0
10205,880,422,0
10206,998,422,1
10209,1163,422,0
10211,1512,422,0
10215,439,423,0
10219,773,423,0
10222,947,423,0
10224,1071,423,1
10226,1326,423,0
10228,1369,423,0
10229,1372,423,0
10231,42,424,0
10234,150,424,0
10236,159,424,0
10241,278,424,0
10249,461,424,1
10250,477,424,0
10253,667,424,0
10255,674,424,0
10256,679,424,0
10259,742,424,0
10263,794,424,1
10266,828,424,1
10275,993,424,0
10276,998,424,0
10277,1003,424,0
10280,1045,424,1
10284,1112,424,0
10287,1239,424,0
10288,1245,424,0
10290,1311,424,0
10298,1495,424,0
10303,1572,424,0
10307,267,425,0
10309,539,425,0
10311,646,425,0
10313,734,425,0
10314,758,425,0
10316,814,425,0
10318,852,425,0
10320,928,425,0
10324,1157,425,0
10326,1285,425,0
10327,1374,425,0
10328,1385,425,0
10329,1519,425,0
10357,353,427,0
10358,381,427,0
10360,439,427,0
10362,739,427,0
10365,948,427,0
10366,1040,427,0
10368,1349,427,0
10371,350,428,0
10373,410,428,0
10378,742,428,0
10381,786,428,0
10386,1000,428,0
10391,1198,428,0
10392,1225,428,0
10396,1356,428,0
10402,1601,428,1
10403,1609,428,0
10404,1612,428,1
10405,1617,428,1
10408,77,429,0
10409,138,429,0
10410,152,429,1
10415,428,429,0
10416,467,429,0
10418,694,429,0
10421,817,429,0
10427,1166,429,0
10429,1270,429,0
10433,1498,429,0
10469,689,431,0
10470,794,431,0
10474,1185,431,0
10476,1419,431,0
10477,1488,431,0
10494,71,433,0
10496,308,433,0
10497,428,433,0
10499,573,433,0
10500,593,433,0
10503,818,433,0
10506,868,433,0
10507,907,433,0
10512,1214,433,0
10516,1343,433,0
10520,76,434,0
10521,78,434,0
10524,510,434,0
10526,614,434,0
10527,758,434,0
10530,876,434,0
10533,982,434,0
10694,18,436,0
10696,125,436,0
10698,309,436,0
10699,348,436,0
10700,594,436,0
10702,772,436,0
10705,935,436,0
10706,1232,436,0
10709,1553,436,0
10710,155,437,0
10712,373,437,0
10713,425,437,0
10715,530,437,1
10719,832,437,0
10721,1027,437,0
10723,1218,437,0
10752,830,439,0
10754,853,439,0
10757,1387,439,0
10759,1559,439,0
11250,125,446,1
11260,278,446,0
11264,375,446,0
11266,449,446,1
11267,454,446,0
11270,478,446,0
11272,489,446,0
11273,496,446,0
11275,526,446,0
11276,565,446,0
11279,595,446,1
11287,689,446,0
11293,771,446,1
11294,813,446,0
11298,849,446,0
11302,880,446,0
11303,907,446,1
11304,974,446,0
11305,978,446,0
11306,1003,446,0
11308,1112,446,0
11309,1137,446,0
11313,1170,446,0
11316,1180,446,0
11323,1351,446,0
11335,1579,446,0
11370,264,448,0
11375,621,448,0
11376,704,448,0
11377,740,448,0
11379,1111,448,0
11380,1252,448,0
11382,79,449,0
11385,515,449,0
11386,649,449,0
11387,674,449,0
11391,974,449,0
11393,1387,449,0
11421,97,451,0
11428,772,451,0
11431,983,451,0
11432,1003,451,0
11434,1291,451,0
11436,1411,451,0
11495,300,453,0
11499,679,453,0
11504,864,453,0
11505,906,453,0
11508,1495,453,0
11604,649,457,0
11606,779,457,0
11608,907,457,0
11609,954,457,0
11615,1243,457,0
11617,1311,457,0
11648,376,459,0
11650,524,459,0
11651,582,459,0
11653,758,459,0
11657,862,459,0
11660,928,459,1
11663,1010,459,0
11665,1057,459,0
11669,1162,459,0
11671,1374,459,0
11677,1535,459,0
11679,1569,459,0
11681,82,460,0
11682,134,460,0
11683,176,460,0
11684,196,460,0
11687,232,460,0
11692,362,460,0
11697,550,460,0
11698,593,460,0
11701,626,460,0
11703,749,460,0
11710,935,460,1
11711,1055,460,0
11717,1170,460,0
11720,1270,460,0
11728,176,461,0
11732,339,461,0
11734,405,461,0
11736,461,461,0
11737,479,461,0
11738,499,461,0
11739,598,461,0
11746,977,461,0
11747,1139,461,0
11760,816,462,0
11762,848,462,0
11764,1057,462,0
11765,1203,462,0
11766,1278,462,0
11769,125,463,0
11774,554,463,0
11775,630,463,0
11777,917,463,0
11780,1000,463,0
11782,1124,463,0
11784,1460,463,0
11790,378,464,0
11792,678,464,0
11794,823,464,0
11796,1075,464,0
11798,1210,464,0
11923,163,472,0
11925,668,472,0
11928,904,472,1
11930,947,472,1
11931,994,472,0
11935,1400,472,0
12108,41,475,0
12109,210,475,0
12110,216,475,0
12113,524,475,0
12118,799,475,0
12121,855,475,1
12125,1305,475,0
12233,13,479,0
12236,75,479,0
12237,76,479,0
12242,363,479,0
12244,416,479,1
12252,982,479,0
12254,1349,479,0
12256,1484,479,0
12258,38,480,0
12259,153,480,1
12262,332,480,0
12263,451,480,0
12264,478,480,0
12265,649,480,0
12269,817,480,0
12270,830,480,0
12273,841,480,0
12275,998,480,0
12278,1612,480,0
12279,51,481,1
12288,596,481,0
12293,739,481,0
12298,1004,481,0
12299,1018,481,0
12300,1064,481,0
12304,1284,481,0
12307,1446,481,1
12308,1450,481,0
12343,486,484,0
12346,756,484,0
12352,1080,484,0
12354,1450,484,0
12356,1476,484,0
12394,87,487,0
12396,665,487,0
12397,750,487,0
12405,1598,487,0
12407,145,488,0
12410,245,488,0
12411,247,488,0
12413,750,488,0
12418,947,488,0
12419,958,488,0
12420,982,488,0
12422,1074,488,0
12444,267,490,0
12445,307,490,0
12448,743,490,0
12453,1084,490,0
12454,1200,490,0
12475,612,492,0
12476,756,492,0
12480,967,492,0
12481,1040,492,0
12482,1111,492,0
12484,1428,492,0
12538,11,496,0
12544,124,496,0
12549,274,496,0
12551,348,496,0
12552,350,496,0
12554,373,496,1
12555,449,496,0
12556,484,496,0
12557,553,496,1
12560,567,496,0
12561,585,496,0
12564,652,496,0
12565,670,496,0
12567,818,496,0
12573,864,496,1
12577,1019,496,0
12584,1230,496,0
12586,1281,496,0
12587,1290,496,0
12589,1340,496,0
12591,1411,496,0
12596,1506,496,1
12616,11,498,0
12618,115,498,0
12625,373,498,1
12629,444,498,0
12633,813,498,0
12634,828,498,0
12636,841,498,0
12637,842,498,0
12638,864,498,1
12645,1218,498,0
12649,1324,498,0
12651,1415,498,0
12683,148,500,0
12684,163,500,0
12687,381,500,0
12689,555,500,0
12691,678,500,0
12695,1014,500,0
12698,1203,500,0
12700,1278,500,0
12702,1593,500,0
12746,153,502,0
12748,174,502,0
12753,554,502,0
12754,669,502,0
12757,725,502,0
12758,736,502,0
12760,830,502,0
12762,907,502,0
12765,1000,502,0
12766,1036,502,0
12771,1270,502,0
12776,246,503,0
12777,575,503,0
12778,595,503,0
12784,772,503,0
12785,828,503,0
12788,1397,503,0
12841,252,507,1
12843,321,507,0
12845,629,507,0
12851,994,507,0
12854,1349,507,0
12855,1400,507,0
12859,78,508,0
12860,170,508,0
12864,571,508,0
12870,896,508,0
12871,971,508,0
12872,1107,508,0
12873,1305,508,0
12894,343,510,0
12898,623,510,1
12900,753,510,0
12903,862,510,0
12904,947,510,0
12912,1428,510,0
12913,1451,510,0
12915,1535,510,0
12919,292,511,0
12921,571,511,0
12922,629,511,0
12925,904,511,0
12926,942,511,1
12927,947,511,0
12930,1071,511,0
12933,1279,511,0
12934,1327,511,0
12936,1450,511,0
13052,240,517,0
13053,248,517,0
13059,909,517,0
13065,1592,517,0
13096,59,519,0
13102,664,519,0
13105,879,519,0
13114,1307,519,0
13117,1401,519,0
13118,1422,519,0
13119,1450,519,0
13122,77,520,0
13123,156,520,0
13125,159,520,0
13128,392,520,0
13129,415,520,0
13137,841,520,1
13142,1227,520,1
13143,1351,520,0
13179,39,523,0
13181,218,523,0
13184,355,523,0
13189,878,523,0
13192,1160,523,0
13213,193,525,0
13214,402,525,0
13217,512,525,0
13218,526,525,0
13219,684,525,0
13222,749,525,1
13223,779,525,0
13228,935,525,0
13229,1036,525,0
13232,1208,525,0
13234,1230,525,0
13239,1419,525,0
13245,484,526,0
13246,594,526,0
13247,679,526,0
13249,828,526,0
13250,830,526,0
13257,1218,526,0
13263,478,527,0
13266,779,527,0
13267,826,527,0
13272,1376,527,0
13275,1607,527,0
13277,82,528,0
13281,412,528,0
13285,649,528,1
13286,670,528,0
13289,786,528,0
13292,953,528,0
13294,1353,528,0
13296,1553,528,0
13302,196,529,0
13307,348,529,0
13309,372,529,1
13312,425,529,0
13314,432,529,0
13318,546,529,1
13320,572,529,1
13325,708,529,0
13327,719,529,0
13328,732,529,1
13329,736,529,0
13332,774,529,0
13335,880,529,0
13336,888,529,0
13338,935,529,0
13342,1000,529,0
13348,1146,529,0
13351,1163,529,0
13353,1192,529,0
13361,1281,529,0
13362,1375,529,0
13364,1419,529,0
13367,1475,529,0
13368,1506,529,0
13371,1571,529,0
13373,1617,529,0
13374,69,530,0
13375,138,530,0
13377,373,530,0
13380,633,530,0
13389,864,530,0
13390,880,530,0
13391,893,530,0
13395,998,530,0
13399,1411,530,0
13400,1417,530,0
13403,47,531,0
13406,442,531,0
13409,617,531,0
13416,994,531,0
13420,1274,531,0
13421,1401,531,0
13422,1591,531,1
13440,210,533,0
13443,668,533,0
13451,1153,533,0
13452,1164,533,0
13453,1315,533,0
13487,114,536,0
13488,211,536,0
13489,307,536,0
13490,381,536,0
13495,623,536,0
13501,852,536,0
13503,25,537,0
13506,219,537,0
13507,272,537,0
13509,456,537,1
13510,510,537,0
13511,539,537,0
13515,741,537,0
13525,1487,537,0
13547,682,539,0
13548,751,539,0
13552,895,539,0
13554,1278,539,1
13555,1346,539,0
13558,68,540,0
13559,149,540,0
13564,636,540,0
13569,869,540,0
13571,1019,540,0
13572,1031,540,0
13579,1449,540,0
13618,120,543,1
13619,151,543,0
13620,211,543,0
13625,501,543,0
13628,743,543,0
13634,943,543,0
13635,976,543,0
13640,1108,543,0
13643,1276,543,0
13648,1565,543,0
13650,141,544,0
13651,148,544,0
13654,542,544,0
13662,1136,544,0
13663,1164,544,0
13666,1284,544,0
13672,19,545,0
13674,182,545,0
13677,404,545,0
13678,482,545,0
13679,502,545,0
13682,739,545,0
13689,1252,545,1
13690,87,546,0
13693,139,546,0
13694,164,546,0
13695,188,546,0
13696,213,546,0
13703,739,546,0
13706,947,546,1
13707,994,546,0
13710,1455,546,0
13713,375,547,1
13714,425,547,0
13718,961,547,0
13719,1192,547,0
13739,390,549,0
13742,596,549,1
13745,1136,549,0
13746,1190,549,0
13750,1400,549,0
13811,294,553,0
13814,474,553,0
13819,829,553,0
13821,876,553,0
13863,229,556,0
13864,239,556,0
13866,454,556,0
13872,697,556,0
13876,794,556,1
13878,875,556,1
13879,893,556,1
13882,935,556,0
13887,1402,556,0
13888,1419,556,0
13889,1427,556,0
13890,13,557,0
13894,272,557,0
13895,354,557,0
13896,416,557,0
13899,625,557,1
13907,971,557,0
13911,1307,557,0
13912,1315,557,0
13916,209,558,0
13917,309,558,0
13918,373,558,0
13923,736,558,0
13924,772,558,0
13926,830,558,0
13930,1411,558,1
13935,776,559,0
13938,862,559,0
13939,896,559,1
13940,947,559,0
13942,1316,559,0
13943,1413,559,0
13945,1445,559,0
14001,177,562,0
14005,424,562,0
14008,598,562,0
14011,875,562,0
14016,985,562,0
14019,1112,562,0
14021,1197,562,0
14022,1299,562,0
14023,1340,562,0
14024,1411,562,1
14025,1419,562,0
14083,42,565,0
14084,68,565,0
14085,274,565,0
14086,576,565,0
14090,998,565,0
14146,196,569,0
14148,406,569,0
14150,598,569,0
14151,636,569,0
14156,1384,569,0
14158,1538,569,0
14165,600,570,0
14167,699,570,0
14169,750,570,0
14171,904,570,0
14174,1004,570,0
14175,1075,570,1
14180,1372,570,1
14181,1413,570,0
14234,110,573,0
14239,202,573,0
14246,633,573,0
14248,680,573,0
14250,790,573,0
14251,794,573,0
14253,906,573,1
14256,993,573,1
14257,998,573,0
14259,1146,573,1
14266,1296,573,0
14267,1312,573,0
14270,1411,573,0
14271,1423,573,0
14278,454,574,0
14279,522,574,0
14281,567,574,0
14282,598,574,0
14285,719,574,0
14289,998,574,0
14404,114,580,0
14406,188,580,0
14407,211,580,0
14413,596,580,0
14414,648,580,0
14419,895,580,0
14420,1160,580,1
14425,69,581,0
14426,82,581,0
14430,593,581,0
14432,697,581,0
14435,794,581,0
14436,832,581,0
14441,1139,581,0
14445,1356,581,0
14446,2,582,0
14447,51,582,0
14453,298,582,0
14455,357,582,0
14460,566,582,1
14463,569,582,1
14466,586,582,1
14468,673,582,0
14477,931,582,0
14478,943,582,0
14479,987,582,1
14481,1109,582,0
14483,1155,582,0
14484,1252,582,0
14485,1260,582,0
14489,1305,582,0
14576,64,586,0
14581,593,586,1
14583,817,586,0
14586,978,586,0
14589,1183,586,0
14591,1365,586,0
14592,1507,586,0
14595,372,587,0
14596,428,587,0
14599,786,587,0
14600,817,587,0
14602,906,587,0
14603,998,587,0
14633,312,589,0
14634,533,589,0
14635,649,589,0
14636,774,589,0
14638,888,589,0
14644,1239,589,0
14649,160,590,0
14652,727,590,0
14653,735,590,0
14656,969,590,0
14657,1003,590,0
14658,1019,590,0
14663,1319,590,0
14667,1533,590,0
14808,122,597,0
14810,396,597,0
14814,772,597,0
14820,1376,597,0
14860,18,600,0
14861,70,600,0
14863,300,600,0
14870,1311,600,0
14872,1488,600,0
14874,1545,600,0
14875,15,601,0
14878,188,601,0
14883,560,601,0
14885,582,601,0
14889,851,601,0
14892,1127,601,0
14895,1486,601,0
14931,149,604,0
14932,246,604,0
14937,529,604,0
14940,779,604,0
14945,1069,604,0
14946,1139,604,0
14948,1224,604,0
14960,524,605,0
14961,557,605,0
14962,560,605,1
14964,586,605,0
14969,803,605,0
14973,942,605,0
14976,1249,605,0
14978,1374,605,1
14985,33,606,0
14987,35,606,0
14991,69,606,1
14992,70,606,1
14993,72,606,0
14994,77,606,0
14995,82,606,0
14997,99,606,0
14999,110,606,0
15001,118,606,0
15003,134,606,0
15004,142,606,1
15006,149,606,0
15008,173,606,0
15013,193,606,0
15014,196,606,1
15018,209,606,0
15034,315,606,0
15035,316,606,0
15039,329,606,1
15042,332,606,1
15048,339,606,0
15049,348,606,0
15054,361,606,1
15063,406,606,0
15064,411,606,0
15066,415,606,0
15069,425,606,1
15074,454,606,0
15075,458,606,0
15080,478,606,1
15081,479,606,0
15083,484,606,0
15088,513,606,0
15089,517,606,0
15091,526,606,0
15094,546,606,0
15097,550,606,0
15098,552,606,0
15099,553,606,0
15102,567,606,0
15103,568,606,0
15105,576,606,0
15114,631,606,0
15115,632,606,1
15117,638,606,0
15124,680,606,0
15128,708,606,0
15129,713,606,1
15133,725,606,0
15134,726,606,0
15137,736,606,0
15146,774,606,1
15148,779,606,0
15152,794,606,1
15159,820,606,0
15160,824,606,1
15162,828,606,1
15165,832,606,1
15169,849,606,1
15171,853,606,0
15174,860,606,1
15176,871,606,0
15179,880,606,0
15180,881,606,1
15196,935,606,1
15201,954,606,0
15202,956,606,0
15206,983,606,0
15208,1003,606,0
15211,1045,606,0
15220,1089,606,0
15221,1090,606,0
15227,1124,606,0
15229,1150,606,0
15236,1182,606,0
15237,1183,606,0
15238,1196,606,0
15240,1201,606,0
15245,1225,606,0
15248,1243,606,0
15258,1290,606,0
15270,1353,606,1
15279,1391,606,0
15281,1393,606,0
15283,1397,606,0
15285,1411,606,0
15287,1419,606,0
15294,1453,606,0
15297,1471,606,0
15298,1473,606,0
15305,1512,606,0
15307,1525,606,0
15314,1537,606,1
15315,1538,606,1
15318,1544,606,0
15324,1572,606,0
15325,1581,606,0
15329,1600,606,1
15330,1609,606,0
15332,1612,606,0
15369,682,608,0
15373,1004,608,0
15374,1060,608,0
15375,1274,608,0
15376,1278,608,0
15377,1388,608,0
15468,97,613,0
15469,117,613,0
15473,768,613,0
15478,954,613,0
15481,1381,613,0
15502,134,615,0
15505,202,615,1
15507,649,615,0
15510,907,615,0
15512,935,615,0
15513,995,615,0
15514,1198,615,0
15516,1376,615,0
15517,1427,615,0
15520,451,616,0
15521,771,616,0
15522,794,616,0
15527,935,616,0
15528,1291,616,0
15529,1453,616,0
15532,156,617,0
15534,276,617,0
15536,461,617,0
15537,530,617,0
15543,1376,617,0
15545,28,618,0
15547,254,618,0
15551,596,618,0
15554,750,618,0
15558,921,618,1
15559,948,618,0
15563,1155,618,0
15587,252,620,0
15594,668,620,0
15596,825,620,0
15600,898,620,0
15601,1085,620,0
15603,1445,620,0
15664,42,623,0
15666,103,623,0
15671,246,623,1
15683,575,623,0
15684,593,623,0
15685,598,623,0
15688,636,623,1
15692,749,623,0
15694,832,623,0
15699,935,623,0
15702,1055,623,0
15704,1131,623,0
15708,1214,623,0
15709,1225,623,0
15710,1340,623,0
15712,1365,623,0
15713,1384,623,1
15719,1507,623,0
15721,1537,623,0
15758,60,625,0
15761,227,625,0
15763,273,625,0
15764,357,625,0
15765,482,625,0
15766,596,625,0
15767,629,625,0
15772,859,625,0
15773,904,625,0
15774,947,625,0
15779,1284,625,0
15780,1327,625,0
15783,25,626,1
15784,114,626,0
15787,297,626,0
15790,640,626,0
15791,739,626,0
15801,1278,626,0
15803,1349,626,0
15804,1388,626,0
15821,794,628,0
15822,818,628,1
15825,916,628,0
15826,1036,628,0
15831,1296,628,0
15833,25,629,0
15834,78,629,0
15835,132,629,0
15837,199,629,0
15838,555,629,0
15842,852,629,0
15843,1099,629,0
15849,131,630,0
15852,381,630,0
15853,739,630,0
15855,851,630,0
15859,1157,630,0
15860,1334,630,0
15863,1372,630,0
15869,173,631,1
15875,326,631,0
15877,512,631,0
15879,573,631,0
15882,872,631,0
15886,970,631,0
15887,983,631,0
15890,1046,631,0
15895,1324,631,0
15897,1376,631,1
15898,70,632,0
15899,89,632,0
15903,652,632,1
15909,1311,632,0
15912,240,633,0
15913,369,633,0
15917,794,633,0
15918,820,633,0
15921,935,633,1
15922,1003,633,0
15924,1218,633,0
15925,1361,633,0
15926,1387,633,0
15927,1449,633,0
15944,263,635,0
15945,398,635,0
15946,524,635,0
15948,879,635,0
15952,1503,635,0
15953,1566,635,0
15955,153,636,0
15959,529,636,0
15960,554,636,0
15961,593,636,0
15970,254,637,0
15972,290,637,0
15973,321,637,0
15974,343,637,0
15975,346,637,0
15978,355,637,0
15980,668,637,0
15982,784,637,0
15989,1085,637,0
16103,346,644,0
16105,525,644,0
16108,852,644,0
16111,1203,644,0
16113,1259,644,0
16115,51,645,0
16119,147,645,1
16120,198,645,0
16121,200,645,0
16122,216,645,0
16125,465,645,0
16130,739,645,0
16131,741,645,0
16136,852,645,0
16139,904,645,0
16141,948,645,0
16144,1040,645,0
16147,1109,645,0
16148,1155,645,0
16151,1355,645,0
16152,1602,645,0
16208,15,648,0
16210,132,648,0
16213,271,648,0
16214,297,648,0
16218,646,648,0
16222,1244,648,0
16244,155,650,0
16245,350,650,0
16246,362,650,0
16251,680,650,0
16256,1003,650,1
16260,1198,650,0
16263,74,651,0
16264,233,651,0
16267,486,651,0
16268,623,651,0
16274,1213,651,0
16275,1334,651,0
16276,1514,651,0
16281,313,652,1
16283,451,652,0
16285,595,652,0
16287,630,652,0
16289,714,652,0
16295,907,652,0
16298,1340,652,0
16302,60,653,1
16305,198,653,0
16307,528,653,0
16309,756,653,0
16310,802,653,0
16313,852,653,0
16314,942,653,0
16336,210,655,0
16340,510,655,0
16341,623,655,0
16343,776,655,1
16346,948,655,0
16351,1303,655,0
16352,1519,655,0
16358,568,656,0
16359,794,656,0
16361,868,656,0
16365,983,656,0
16369,1338,656,0
16371,1361,656,0
16490,13,662,0
16491,51,662,0
16498,814,662,0
16500,947,662,0
16501,982,662,0
16502,994,662,1
16506,1317,662,0
16507,1401,662,0
16540,42,664,0
16544,725,664,0
16547,860,664,0
16549,1089,664,0
16552,11,665,0
16553,42,665,0
16554,160,665,0
16556,316,665,0
16561,893,665,0
16563,956,665,0
16567,1296,665,0
16569,104,666,0
16570,270,666,0
16577,924,666,0
16578,947,666,1
16581,1109,666,0
16584,1260,666,0
16587,1455,666,0
16589,1568,666,0
16590,1620,666,0
16592,42,667,0
16597,250,667,0
16601,533,667,0
16603,598,667,0
16610,791,667,0
16611,794,667,0
16613,841,667,0
16617,998,667,0
16622,1124,667,0
16623,1150,667,0
16628,1361,667,0
16630,1512,667,0
16664,25,669,0
16667,264,669,0
16670,776,669,0
16673,878,669,0
16674,902,669,0
16677,1164,669,0
16683,1450,669,0
16685,1521,669,0
16708,736,671,0
16713,1003,671,0
16714,1592,671,0
16716,1607,671,0
16717,51,672,0
16719,252,672,0
16721,560,672,0
16722,776,672,1
16726,852,672,0
16727,859,672,0
16728,870,672,0
16730,1191,672,0
16731,1573,672,0
16733,18,673,0
16736,149,673,0
16741,369,673,0
16744,567,673,0
16745,607,673,0
16748,774,673,1
16751,847,673,0
16753,909,673,0
16757,1170,673,0
16759,1243,673,0
16761,1353,673,1
16762,1411,673,0
16766,1545,673,0
16767,1559,673,0
16785,159,675,0
16792,425,675,0
16794,736,675,0
16797,860,675,1
16798,881,675,0
16799,970,675,0
16804,1225,675,0
16807,1309,675,0
16813,42,676,0
16815,49,676,0
16816,94,676,0
16817,99,676,0
16826,448,676,0
16827,477,676,0
16829,526,676,0
16835,860,676,1
16836,869,676,0
16837,875,676,0
16838,970,676,0
16839,977,676,0
16840,1052,676,0
16846,1198,676,0
16853,1460,676,0
16855,1614,676,0
16857,315,677,0
16858,348,677,0
16860,408,677,0
16862,530,677,0
16863,630,677,0
16864,639,677,0
16869,771,677,0
16871,853,677,0
16904,273,679,0
16908,739,679,0
16910,855,679,0
16911,926,679,0
16914,1569,679,0
16916,13,680,0
16917,41,680,0
16919,204,680,0
16922,294,680,0
16924,363,680,0
16931,510,680,1
16933,577,680,0
16935,699,680,0
16941,844,680,0
16943,848,680,0
16944,858,680,1
16955,1157,680,1
16956,1160,680,0
16966,1349,680,0
16971,1480,680,0
16972,1535,680,0
16974,1620,680,0
17053,13,683,0
17055,577,683,0
17057,758,683,0
17063,1203,683,0
17064,1450,683,0
17065,1479,683,0
17126,211,685,0
17127,516,685,0
17129,770,685,0
17134,844,685,0
17135,895,685,0
17137,1075,685,0
17142,1550,685,0
17197,550,688,0
17198,554,688,0
17199,662,688,0
17203,893,688,0
17205,1338,688,0
17212,486,689,0
17213,510,689,0
17214,671,689,0
17222,1444,689,0
17239,303,691,0
17241,465,691,0
17242,528,691,0
17243,629,691,0
17246,816,691,0
17249,1160,691,0
17251,1618,691,0
17253,94,692,0
17254,697,692,0
17259,998,692,1
17263,1488,692,0
17331,566,696,0
17333,739,696,1
17335,784,696,0
17338,994,696,0
17342,1252,696,0
17363,2,698,0
17364,13,698,0
17370,303,698,1
17373,870,698,0
17374,947,698,0
17375,958,698,0
17378,1160,698,0
17380,1285,698,0
17405,79,700,0
17409,794,700,0
17411,850,700,0
17412,875,700,0
17414,935,700,0
17417,1137,700,0
17418,1277,700,0
17456,217,703,0
17462,828,703,0
17465,998,703,1
17469,1229,703,0
17470,1375,703,0
17472,1608,703,0
17474,141,704,0
17479,673,704,0
17480,682,704,0
17483,803,704,0
17487,1057,704,0
17488,1074,704,0
17492,39,705,0
17494,252,705,0
17497,381,705,0
17499,476,705,0
17503,739,705,0
17506,876,705,1
17511,904,705,1
17512,947,705,1
17517,1369,705,0
17554,104,707,0
17555,137,707,0
17558,456,707,0
17561,528,707,0
17569,876,707,0
17578,1269,707,0
17579,1284,707,0
17580,1307,707,0
17586,1602,707,0
17588,94,708,1
17589,150,708,0
17591,373,708,0
17593,786,708,0
17598,1146,708,0
17674,246,712,0
17682,369,712,0
17686,460,712,0
17687,477,712,0
17688,530,712,1
17694,631,712,1
17695,633,712,0
17696,652,712,0
17698,661,712,0
17702,736,712,0
17705,786,712,0
17706,826,712,0
17712,909,712,0
17714,953,712,0
17715,956,712,0
17716,974,712,0
17721,1091,712,0
17726,1225,712,1
17730,1277,712,0
17732,1281,712,0
17733,1311,712,0
17737,1343,712,0
17738,1376,712,0
17741,1417,712,1
17744,1495,712,0
17747,11,713,0
17750,350,713,0
17760,1376,713,0
17761,1411,713,0
17762,1417,713,0
17763,1607,713,0
17818,77,717,0
17819,149,717,0
17821,598,717,0
17822,708,717,0
17824,786,717,0
17832,1525,717,0
17863,69,719,0
17864,72,719,0
17866,79,719,0
17867,86,719,0
17874,217,719,0
17879,278,719,0
17880,284,719,0
17882,309,719,0
17886,361,719,0
17892,425,719,0
17896,449,719,0
17899,513,719,0
17902,533,719,0
17905,583,719,0
17906,585,719,0
17909,598,719,0
17912,719,719,0
17914,730,719,0
17922,794,719,1
17926,828,719,1
17927,832,719,1
17929,853,719,0
17931,875,719,1
17932,883,719,0
17933,893,719,1
17941,1000,719,0
17949,1124,719,0
17950,1139,719,0
17956,1183,719,0
17957,1184,719,0
17960,1208,719,0
17962,1225,719,0
17963,1230,719,1
17968,1277,719,0
17970,1319,719,0
17977,1397,719,0
17979,1411,719,0
18043,39,722,0
18045,164,722,0
18046,182,722,0
18049,502,722,0
18050,564,722,0
18052,738,722,0
18056,982,722,0
18057,994,722,0
18063,1369,722,0
18066,1521,722,0
18154,134,725,0
18155,138,725,0
18156,160,725,0
18157,209,725,0
18162,350,725,0
18164,451,725,0
18166,554,725,0
18167,655,725,0
18169,742,725,0
18174,830,725,0
18176,872,725,0
18179,1000,725,0
18180,1061,725,0
18181,1137,725,0
18183,1218,725,0
18186,1304,725,0
18191,1525,725,0
18200,94,726,0
18203,117,726,0
18214,361,726,0
18215,362,726,0
18218,428,726,0
18219,454,726,1
18221,458,726,0
18222,484,726,1
18231,583,726,1
18232,649,726,0
18233,650,726,1
18235,657,726,0
18238,730,726,0
18247,824,726,0
18248,828,726,0
18254,998,726,0
18256,1019,726,1
18263,1163,726,0
18267,1245,726,0
18268,1258,726,1
18270,1296,726,0
18271,1304,726,1
18273,1338,726,0
18275,1365,726,0
18286,1537,726,0
18291,120,727,0
18292,242,727,0
18294,321,727,0
18298,617,727,0
18299,668,727,0
18302,799,727,0
18304,904,727,0
18308,1429,727,0
18312,156,728,0
18313,176,728,1
18314,177,728,0
18318,284,728,0
18321,350,728,0
18324,477,728,0
18326,530,728,0
18328,583,728,1
18329,649,728,1
18330,674,728,0
18331,697,728,1
18332,701,728,0
18333,772,728,0
18334,790,728,0
18336,824,728,0
18338,909,728,0
18339,916,728,0
18341,1019,728,1
18344,1131,728,0
18347,1218,728,0
18349,1312,728,0
18351,1348,728,0
18352,1356,728,0
18362,1579,728,0
18364,103,729,0
18366,477,729,0
18370,786,729,0
18372,893,729,0
18375,935,729,0
18376,998,729,0
18385,1612,729,0
18387,253,730,0
18390,430,730,0
18391,548,730,1
18393,668,730,0
18396,851,730,0
18397,896,730,0
18403,193,731,0
18409,701,731,0
18412,970,731,0
18413,1139,731,0
18417,1601,731,0
18422,120,732,0
18425,294,732,0
18427,321,732,0
18428,516,732,0
18429,555,732,0
18430,557,732,0
18431,582,732,0
18432,591,732,0
18440,823,732,0
18444,898,732,0
18446,942,732,0
18447,943,732,0
18449,967,732,0
18451,1106,732,1
18454,1136,732,0
18458,1294,732,1
18465,1593,732,0
18467,19,733,0
18468,67,733,0
18469,441,733,0
18472,635,733,0
18475,784,733,0
18477,848,733,0
18478,928,733,1
18480,1071,733,0
18483,1316,733,0
18484,1385,733,0
18491,451,734,0
18493,662,734,0
18498,869,734,0
18499,906,734,0
18501,983,734,0
18502,998,734,1
18504,1121,734,0
18510,147,735,0
18511,151,735,0
18515,739,735,0
18518,982,735,0
18521,1105,735,0
18972,45,739,0
18975,82,739,0
18977,186,739,0
18979,248,739,0
18983,463,739,0
18985,538,739,0
18989,714,739,1
18991,779,739,0
18992,786,739,0
18995,893,739,0
18997,1019,739,1
18998,1061,739,0
19001,1198,739,1
19007,1353,739,0
19008,1393,739,0
19009,1410,739,0
19010,1415,739,0
19014,1453,739,0
19016,1609,739,0
19019,536,740,0
19022,715,740,0
19023,734,740,0
19027,851,740,0
19031,1162,740,0
19033,1346,740,0
19034,1374,740,0
19037,217,741,0
19038,232,741,0
19040,451,741,0
19043,504,741,0
19044,674,741,0
19045,798,741,0
19046,824,741,0
19051,1224,741,1
19052,1230,741,0
19137,139,743,0
19139,355,743,0
19140,542,743,0
19141,590,743,0
19142,739,743,0
19146,862,743,0
19149,967,743,0
19151,1203,743,0
19435,776,752,0
19437,942,752,0
19441,1203,752,0
19442,1252,752,0
19444,1395,752,0
19499,862,755,0
19500,940,755,0
19502,1210,755,1
19504,1378,755,0
19505,1469,755,0
19507,1566,755,0
19580,205,758,1
19582,272,758,0
19588,1010,758,0
19589,1141,758,0
19592,1250,758,0
19593,1334,758,0
19595,1486,758,0
19600,196,759,0
19605,572,759,0
19608,638,759,0
19609,708,759,0
19612,786,759,0
19614,794,759,0
19619,1003,759,0
19621,1180,759,0
19622,1197,759,0
19623,1340,759,0
19651,529,761,0
19653,689,761,0
19655,772,761,0
19656,779,761,1
19657,786,761,0
19663,1391,761,0
19664,1419,761,0
19681,596,763,0
19689,878,763,0
19690,924,763,0
19691,982,763,0
19692,994,763,0
19698,1389,763,0
19700,1451,763,0
19718,117,765,0
19719,240,765,0
19722,546,765,0
19725,779,765,0
19727,830,765,0
19729,893,765,0
19735,2,766,0
19736,87,766,1
19737,127,766,0
19739,226,766,0
19742,390,766,0
19745,678,766,0
19750,885,766,0
19752,1057,766,0
19753,41,767,0
19755,252,767,0
19758,528,767,0
19759,664,767,1
19760,739,767,0
19765,942,767,0
19767,988,767,0
19812,772,769,0
19813,779,769,0
19814,786,769,0
19818,875,769,0
19819,906,769,0
19824,1146,769,0
19825,1180,769,0
19826,1281,769,0
19830,1601,769,0
19831,13,770,0
19833,252,770,1
19836,635,770,0
19838,703,770,0
19841,942,770,0
19847,130,771,0
19854,998,771,0
19857,1296,771,1
19858,1608,771,0
19923,272,775,0
19924,358,775,0
19927,687,775,0
19928,739,775,1
19933,1326,775,0
19934,1334,775,0
19940,621,776,0
19943,940,776,0
19945,1084,776,0
19948,1317,776,0
19949,1496,776,0
19950,1573,776,0
19952,1591,776,0
19955,164,777,0
19958,501,777,0
19959,525,777,0
19965,928,777,1
19966,937,777,0
19968,1075,777,0
19970,1160,777,0
19972,1284,777,0
20017,430,780,0
20018,739,780,0
20022,940,780,0
20026,1136,780,0
20028,1598,780,0
20029,124,781,0
20030,153,781,0
20032,248,781,0
20033,284,781,0
20034,372,781,0
20036,522,781,0
20037,526,781,0
20038,633,781,0
20039,779,781,0
20040,794,781,0
20044,961,781,0
20046,1003,781,0
20048,1112,781,0
20052,1592,781,0
20090,448,784,0
20091,554,784,0
20092,649,784,0
20094,742,784,0
20095,794,784,0
20099,880,784,0
20103,1296,784,0
20106,1411,784,1
20108,1537,784,0
20109,127,785,0
20110,163,785,0
20116,596,785,0
20117,664,785,0
20118,751,785,0
20122,904,785,0
20125,1259,785,0
20128,156,786,0
20129,229,786,0
20132,284,786,0
20134,573,786,0
20136,786,786,1
20140,1,787,0
20145,62,787,0
20150,151,787,0
20154,297,787,0
20155,330,787,0
20157,422,787,0
20158,439,787,0
20162,539,787,0
20164,577,787,0
20174,741,787,1
20176,743,787,0
20181,852,787,1
20186,948,787,1
20187,967,787,0
20188,997,787,0
20190,1071,787,0
20192,1107,787,0
20193,1108,787,1
20196,1141,787,1
20205,1378,787,0
20207,1401,787,0
20209,1451,787,0
20212,1594,787,0
20215,46,788,0
20218,262,788,0
20221,364,788,0
20224,404,788,0
20225,596,788,0
20226,614,788,0
20230,741,788,1
20232,743,788,0
20233,758,788,0
20234,823,788,0
20236,904,788,0
20241,1157,788,0
20245,1378,788,0
20269,61,790,0
20271,138,790,0
20272,152,790,0
20274,410,790,0
20275,451,790,0
20278,568,790,0
20282,736,790,1
20283,828,790,0
20287,954,790,0
20289,1296,790,0
20335,374,793,0
20337,510,793,0
20340,784,793,0
20344,904,793,0
20345,1278,793,0
20347,1385,793,0
20384,35,795,0
20391,187,795,0
20392,239,795,0
20394,304,795,0
20395,332,795,0
20398,373,795,0
20402,655,795,0
20404,794,795,1
20405,820,795,0
20406,824,795,0
20410,841,795,1
20411,842,795,1
20414,871,795,0
20416,893,795,0
20417,916,795,0
20426,1139,795,0
20427,1154,795,0
20430,1354,795,0
20433,74,796,0
20434,252,796,0
20441,937,796,0
20443,1279,796,0
20445,1334,796,1
20504,15,799,0
20506,211,799,0
20507,297,799,0
20508,355,799,0
20517,942,799,0
20519,1010,799,0
20520,1040,799,0
20523,1441,799,0
20525,1582,799,0
20532,583,800,0
20533,593,800,0
20534,631,800,0
20537,774,800,0
20539,820,800,0
20541,893,800,0
20542,1003,800,0
20547,247,801,0
20551,940,801,0
20553,1238,801,0
20555,1503,801,0
20556,1594,801,0
20559,537,802,0
20561,631,802,0
20565,954,802,0
20566,1003,802,1
20568,1319,802,0
20570,25,803,0
20573,328,803,0
20574,468,803,0
20583,971,803,1
20585,1040,803,0
20588,1303,803,0
20590,1395,803,0
20591,1429,803,0
20642,9,806,0
20643,15,806,0
20650,1040,806,0
20652,1249,806,0
20654,1285,806,0
20677,92,808,0
20678,362,808,1
20679,375,808,0
20680,406,808,0
20681,408,808,0
20683,477,808,0
20684,649,808,0
20685,735,808,0
20689,826,808,0
20690,832,808,0
20695,956,808,0
20698,1124,808,0
20701,149,809,0
20702,533,809,0
20703,593,809,1
20707,833,809,0
20711,1055,809,0
20716,261,810,0
20717,304,810,0
20718,626,810,0
20722,1208,810,0
20723,1225,810,0
20727,1475,810,0
20731,29,811,0
20733,156,811,0
20737,369,811,0
20743,727,811,0
20748,880,811,0
20749,998,811,0
20752,1245,811,0
20753,1338,811,0
20816,138,815,0
20820,448,815,0
20825,794,815,0
20828,1003,815,0
20829,1079,815,0
20830,1182,815,0
20831,1410,815,0
20878,159,818,0
20882,655,818,0
20884,883,818,0
20886,906,818,0
20888,1069,818,0
20890,1139,818,1
20893,1354,818,0
20897,213,819,0
20898,242,819,0
20901,784,819,0
20903,931,819,0
20905,1040,819,0
20911,47,820,0
20912,78,820,0
20914,212,820,0
20915,233,820,0
20916,252,820,0
20921,560,820,0
20924,739,820,0
20925,811,820,0
20928,982,820,0
20935,164,821,0
20939,596,821,1
20941,740,821,0
20945,1203,821,0
20947,1259,821,0
20949,1390,821,0
21012,204,825,0
21016,548,825,0
21017,612,825,0
21019,928,825,0
21022,1051,825,0
21025,1141,825,0
21027,1395,825,0
21050,71,827,0
21051,485,827,0
21052,779,827,0
21055,998,827,0
21059,1270,827,0
21063,170,828,0
21064,366,828,0
21066,646,828,0
21068,738,828,0
21070,942,828,0
21071,947,828,0
21075,1203,828,0
21078,1334,828,1
21080,1465,828,0
21082,1615,828,0
21083,132,829,0
21090,416,829,0
21094,758,829,0
21096,852,829,0
21097,904,829,0
21102,1057,829,0
21108,1269,829,0
21109,1400,829,0
21111,1565,829,0
21116,329,830,0
21118,553,830,0
21122,828,830,0
21126,909,830,0
21129,1183,830,1
21133,340,831,0
21134,425,831,0
21135,517,831,0
21141,993,831,0
21144,1495,831,0
21146,13,832,0
21147,164,832,0
21149,430,832,0
21151,456,832,0
21152,596,832,0
21154,668,832,0
21162,1279,832,0
21169,148,833,0
21170,164,833,0
21171,213,833,0
21173,366,833,0
21175,510,833,0
21179,739,833,0
21182,1017,833,0
21184,1164,833,0
21185,1210,833,0
21187,1330,833,0
21188,1566,833,0
21192,217,834,1
21196,505,834,0
21199,670,834,0
21201,847,834,0
21209,1415,834,0
21211,1475,834,0
21212,1512,834,0
21214,1579,834,0
21234,260,836,0
21235,496,836,0
21236,708,836,0
21237,786,836,0
21238,828,836,1
21263,19,838,0
21266,170,838,0
21267,198,838,0
21268,271,838,0
21273,625,838,0
21276,750,838,0
21283,1040,838,0
21287,1451,838,0
21290,1518,838,0
21294,67,839,0
21295,252,839,0
21299,671,839,0
21302,799,839,0
21306,911,839,1
21310,1394,839,0
21358,132,842,0
21359,263,842,1
21360,264,842,0
21362,378,842,0
21364,715,842,0
21366,904,842,0
21367,994,842,0
21368,1160,842,0
21373,1374,842,0
21374,1386,842,0
21379,1620,842,0
21383,646,843,0
21385,896,843,0
21388,1355,843,0
21390,1422,843,1
21419,764,845,0
21420,798,845,0
21421,832,845,0
21425,1027,845,0
21427,1353,845,0
21432,1498,845,0
21434,1600,845,0
21437,596,846,1
21438,617,846,0
21440,739,846,0
21446,1141,846,0
21448,1395,846,0
21452,252,847,1
21454,398,847,0
21458,586,847,0
21460,739,847,0
21463,1080,847,0
21467,1316,847,0
21489,463,849,0
21491,833,849,0
21494,998,849,0
21499,1609,849,0
21501,81,850,0
21502,99,850,0
21504,372,850,0
21505,392,850,0
21507,526,850,0
21509,727,850,0
21511,779,850,1
21514,881,850,0
21517,985,850,0
21620,341,854,0
21622,736,854,1
21625,998,854,0
21628,1340,854,0
21629,1411,854,0
21708,768,858,0
21709,779,858,1
21711,868,858,0
21712,1184,858,0
21717,1614,858,0
21720,261,859,0
21723,779,859,1
21724,794,859,0
21726,832,859,0
21732,1218,859,0
21735,125,860,0
21736,152,860,0
21737,309,860,0
21738,369,860,1
21740,636,860,0
21741,727,860,0
21742,742,860,0
21744,813,860,0
21745,828,860,0
21748,1027,860,0
21756,264,861,1
21764,1040,861,0
21767,1129,861,0
21768,1160,861,0
21769,1203,861,0
21770,1213,861,0
21786,76,863,0
21787,139,863,0
21789,363,863,0
21794,904,863,0
21796,994,863,0
21797,1203,863,0
21798,1307,863,0
21799,1316,863,0
21802,1450,863,0
21864,2,867,0
21866,294,867,0
21867,322,867,0
21868,346,867,0
21869,376,867,0
21876,741,867,0
21877,814,867,0
21879,879,867,0
21881,994,867,0
21887,1107,867,0
21889,1127,867,0
21897,1487,867,0
21976,13,872,0
21981,734,872,0
21985,947,872,0
21988,1213,872,0
21989,1276,872,0
22027,125,875,0
22028,134,875,0
22029,156,875,0
22034,513,875,0
22035,530,875,0
22037,598,875,0
22038,679,875,0
22043,1019,875,0
22046,1124,875,0
22052,159,876,0
22054,444,876,0
22057,850,876,0
22058,935,876,0
22063,1225,876,0
22100,125,879,0
22102,187,879,0
22104,504,879,0
22109,868,879,0
22113,998,879,0
22114,1003,879,0
22115,1361,879,0
22116,1375,879,0
22117,1572,879,0
22179,476,881,0
22186,858,881,0
22189,987,881,0
22191,1084,881,0
22192,1085,881,0
22194,1129,881,0
22196,1210,881,0
22198,188,882,1
22199,204,882,0
22200,215,882,0
22203,374,882,0
22204,510,882,0
22205,629,882,0
22216,1278,882,0
22331,77,887,0
22333,451,887,0
22337,772,887,1
22339,826,887,0
22342,916,887,0
22345,1192,887,0
22351,114,888,0
22353,210,888,1
22355,254,888,0
22361,1141,888,0
22363,1200,888,0
22364,1210,888,0
22367,1278,888,0
22368,1307,888,0
22369,1334,888,0
22612,18,893,0
22614,284,893,0
22616,408,893,0
22617,513,893,0
22618,585,893,0
22619,742,893,0
22620,830,893,0
22626,155,894,0
22631,526,894,0
22633,593,894,0
22634,662,894,0
22635,772,894,0
22638,907,894,0
22641,998,894,0
22644,1375,894,0
22645,1417,894,0
22649,25,895,0
22656,942,895,1
22658,1022,895,0
22660,1278,895,0
22661,1374,895,0
22666,284,896,0
22670,774,896,0
22671,817,896,0
22673,888,896,0
22675,993,896,0
22680,1555,896,0
22682,71,897,0
22683,92,897,0
22684,142,897,0
22691,662,897,0
22695,826,897,0
22701,998,897,0
22703,1079,897,0
22707,1427,897,0
22708,1464,897,0
22711,522,898,0
22712,636,898,0
22713,694,898,0
22718,907,898,0
22724,1608,898,0
22753,739,900,0
22755,825,900,0
22757,859,900,0
22763,164,901,0
22764,245,901,0
22769,586,901,0
22773,816,901,0
22775,982,901,0
22778,1018,901,0
22779,1080,901,0
22782,1269,901,0
22789,439,902,0
22795,879,902,0
22797,994,902,0
22798,1080,902,0
22799,1191,902,0
22804,525,903,0
22807,784,903,0
22810,921,903,0
22813,1164,903,0
22815,1203,903,0
22816,1211,903,0
22876,9,907,0
22880,353,907,0
22884,539,907,0
22885,555,907,0
22894,928,907,0
22895,1051,907,0
22897,1160,907,0
22898,1203,907,0
22900,1211,907,0
22901,1278,907,0
22907,513,908,1
22908,593,908,0
22909,594,908,0
22912,772,908,0
22913,830,908,0
22916,841,908,0
22917,850,908,0
22926,1296,908,0
22927,1309,908,0
22932,1617,908,0
22933,118,909,0
22935,477,909,0
22939,935,909,1
22942,1245,909,0
22943,1281,909,0
22945,1460,909,0
22951,548,910,0
22952,671,910,0
22954,739,910,0
22957,802,910,0
22959,942,910,0
22964,1395,910,1
22967,1598,910,0
23002,149,912,0
23004,260,912,0
23006,369,912,0
23007,489,912,0
23008,650,912,0
23009,817,912,1
23011,893,912,0
23014,1045,912,0
23017,1537,912,0
23057,1,915,0
23058,67,915,0
23060,76,915,1
23063,139,915,0
23064,151,915,0
23065,194,915,0
23067,247,915,0
23069,263,915,0
23074,364,915,0
23078,582,915,0
23079,617,915,1
23082,738,915,0
23094,982,915,0
23098,1060,915,1
23100,1136,915,0
23102,1164,915,0
23105,1252,915,0
23111,1598,915,0
23117,343,916,0
23118,468,916,0
23127,911,916,0
23128,937,916,1
23129,973,916,0
23132,1060,916,1
23137,1216,916,0
23140,1390,916,0
23143,1518,916,0
23218,739,921,0
23221,848,921,0
23223,928,921,0
23226,1210,921,0
23229,1226,921,0
23230,1479,921,0
23232,86,922,0
23233,152,922,0
23234,159,922,0
23245,786,922,1
23247,935,922,0
23248,1311,922,0
23252,252,923,0
23257,682,923,0
23262,904,923,0
23265,958,923,0
23268,1010,923,0
23269,1067,923,0
23270,1156,923,0
23271,1278,923,0
23276,1593,923,0
23280,596,924,0
23281,600,924,0
23283,776,924,0
23287,879,924,0
23288,994,924,0
23291,1259,924,0
23293,1316,924,0
23294,198,925,0
23295,252,925,0
23298,739,925,0
23302,994,925,1
23304,1060,925,0
23309,1429,925,0
23310,1486,925,0
23311,1568,925,0
23315,315,926,1
23317,444,926,0
23318,479,926,0
23324,954,926,0
23326,1296,926,0
23403,292,931,0
23404,404,931,0
23406,482,931,0
23413,988,931,0
23414,1057,931,0
23416,1274,931,0
23417,1487,931,0
23441,9,933,0
23445,743,933,0
23446,753,933,0
23449,895,933,0
23457,1422,933,0
23458,1450,933,0
23521,232,937,0
23528,772,937,0
23529,817,937,1
23532,1183,937,0
23536,1471,937,0
23540,39,938,0
23542,51,938,0
23545,114,938,1
23546,141,938,0
23550,210,938,0
23553,298,938,0
23555,378,938,0
23558,439,938,1
23561,536,938,0
23562,617,938,0
23564,651,938,1
23567,673,938,0
23568,703,938,0
23569,739,938,0
23570,740,938,0
23588,1106,938,0
23590,1157,938,0
23592,1205,938,0
23601,1413,938,0
23602,1465,938,0
23603,1496,938,0
23687,671,943,1
23690,852,943,0
23691,904,943,0
23692,942,943,0
23712,441,945,0
23713,566,945,0
23714,578,945,0
23715,582,945,0
23717,715,945,0
23725,852,945,0
23726,931,945,0
23729,1278,945,1
23730,1479,945,0
23811,213,950,0
23813,292,950,0
23815,322,950,0
23817,578,950,0
23818,612,950,0
23821,1141,950,0
23831,862,951,0
23832,1155,951,0
23834,1334,951,0
23835,1480,951,0
23900,625,955,0
23901,673,955,0
23902,811,955,0
23907,948,955,0
23910,1285,955,0
23965,355,959,0
23966,629,959,0
23967,651,959,0
23968,773,959,0
23970,891,959,0
23975,1226,959,0
24008,83,962,0
24009,87,962,0
24011,137,962,0
24017,292,962,0
24018,376,962,0
24019,555,962,0
24020,617,962,0
24021,799,962,0
24025,904,962,0
24026,1085,962,0
24131,629,968,0
24132,715,968,0
24136,901,968,0
24137,940,968,0
24138,1105,968,0
24141,1496,968,0
24171,326,970,0
24179,847,970,0
24180,954,970,0
24183,1273,970,0
24185,1291,970,0
24186,1356,970,0
24190,378,971,0
24194,896,971,0
24195,958,971,0
24199,1334,971,1
24203,1611,971,0
24239,33,973,0
24240,38,973,0
24243,106,973,0
24244,110,973,0
24254,313,973,0
24260,396,973,0
24264,491,973,0
24266,504,973,0
24269,538,973,0
24270,568,973,0
24273,632,973,0
24274,638,973,0
24277,726,973,0
24278,774,973,0
24284,794,973,1
24288,828,973,1
24289,833,973,0
24292,864,973,0
24294,875,973,1
24295,888,973,0
24296,893,973,1
24307,956,973,0
24308,970,973,0
24314,1121,973,0
24316,1154,973,0
24321,1245,973,0
24322,1270,973,0
24324,1296,973,1
24327,1323,973,0
24333,1525,973,0
24335,1608,973,0
24401,120,976,0
24408,353,976,0
24409,355,976,1
24410,357,976,1
24417,734,976,0
24418,784,976,0
24427,947,976,0
24431,987,976,0
24434,1018,976,0
24440,1278,976,0
24441,1285,976,0
24442,1328,976,0
24444,1355,976,0
24446,1398,976,0
24447,1403,976,0
24448,1413,976,0
24452,120,977,0
24456,381,977,0
24461,665,977,0
24462,673,977,0
24467,947,977,0
24470,1326,977,0
24471,1372,977,0
24473,1535,977,0
24494,18,979,1
24495,29,979,0
24500,496,979,0
24501,565,979,0
24502,633,979,0
24503,657,979,0
24504,662,979,1
24505,670,979,0
24512,1460,979,0
24550,164,982,0
24553,739,982,0
24555,947,982,0
24560,1064,982,1
24562,1074,982,0
24563,1162,982,0
24565,1285,982,0
24590,578,984,0
24591,617,984,0
24596,937,984,0
24597,982,984,0
24598,1153,984,0
24600,1450,984,0
24619,138,986,0
24622,479,986,0
24624,719,986,1
24628,1036,986,0
24631,1296,986,0
24633,148,987,0
24636,557,987,0
24639,898,987,0
24640,947,987,0
24643,1074,987,0
24644,1148,987,0
24649,1519,987,1
24653,460,988,0
24654,670,988,0
24658,935,988,1
24660,983,988,0
24664,1533,988,0
24684,2,990,0
24687,211,990,0
24689,265,990,0
24693,784,990,0
24699,1018,990,0
24701,1226,990,0
24706,49,991,0
24707,177,991,0
24709,261,991,0
24717,626,991,1
24718,632,991,0
24725,883,991,0
24729,935,991,0
24730,993,991,0
24733,1281,991,0
24734,1309,991,1
24736,1311,991,1
24738,1419,991,0
24746,303,992,0
24749,355,992,0
24750,366,992,0
24756,937,992,0
24758,982,992,0
24759,1018,992,0
24763,1334,992,0
24764,1394,992,0
24768,292,993,0
24769,297,993,0
24770,439,993,0
24775,911,993,0
24777,947,993,0
24780,1160,993,1
24815,2,995,0
24817,19,995,0
24818,41,995,0
24819,47,995,1
24820,60,995,0
24822,83,995,0
24834,191,995,0
24840,322,995,1
24845,355,995,0
24846,363,995,0
24847,381,995,0
24851,459,995,0
24857,560,995,0
24859,577,995,0
24864,709,995,0
24865,715,995,0
24867,739,995,0
24868,740,995,0
24872,811,995,0
24878,885,995,0
24884,1010,995,1
24885,1014,995,0
24892,1160,995,0
24894,1221,995,0
24897,1274,995,0
24900,1307,995,0
24901,1315,995,0
24904,1355,995,0
24906,1394,995,0
24907,1400,995,0
24911,1413,995,1
24917,1521,995,0
24918,1530,995,0
24922,1573,995,0
24926,1618,995,0
25004,215,1000,0
25005,233,1000,0
25006,252,1000,0
25008,270,1000,0
25012,751,1000,0
25013,784,1000,0
25016,928,1000,0
25019,1334,1000,0
25025,248,1001,0
25026,369,1001,0
25027,593,1001,0
25030,828,1001,0
25032,841,1001,0
25034,1003,1001,0
25036,1112,1001,1
25061,28,1003,0
25065,219,1003,0
25070,924,1003,1
25072,1160,1003,0
25074,1372,1003,0
25077,64,1004,1
25079,72,1004,0
25080,187,1004,0
25081,217,1004,0
25082,229,1004,0
25084,261,1004,0
25085,274,1004,0
25094,373,1004,0
25096,425,1004,0
25101,533,1004,0
25103,626,1004,0
25104,639,1004,0
25108,794,1004,0
25128,1184,1004,0
25130,1197,1004,1
25133,1218,1004,0
25135,1280,1004,0
25142,1562,1004,0
25180,39,1007,0
25182,596,1007,0
25183,623,1007,0
25186,1080,1007,0
25188,1136,1007,0
25191,1602,1007,0
25192,60,1008,0
25193,62,1008,0
25194,67,1008,0
25198,252,1008,1
25202,387,1008,0
25203,431,1008,0
25204,441,1008,0
25215,928,1008,0
25216,1018,1008,0
25221,1400,1008,0
25222,1528,1008,0
25224,1582,1008,1
25245,764,1010,0
25246,772,1010,1
25252,1131,1010,0
25253,1281,1010,0
25254,1311,1010,0
25255,1417,1010,0
25256,13,1011,0
25258,51,1011,0
25262,271,1011,0
25266,571,1011,0
25271,734,1011,0
25272,753,1011,0
25273,803,1011,0
25278,1328,1011,0
25279,1355,1011,0
25280,1618,1011,0
25317,734,1014,0
25318,776,1014,0
25321,896,1014,0
25322,1057,1014,0
25328,313,1015,0
25333,907,1015,0
25337,1218,1015,0
25340,1419,1015,0
25341,1,1016,0
25344,28,1016,0
25348,75,1016,0
25359,204,1016,0
25361,233,1016,0
25364,285,1016,0
25375,363,1016,1
25376,364,1016,1
25378,382,1016,0
25380,442,1016,0
25382,453,1016,0
25384,468,1016,0
25387,536,1016,0
25389,564,1016,0
25392,612,1016,0
25393,621,1016,0
25394,629,1016,1
25395,673,1016,0
25396,678,1016,1
25401,734,1016,0
25404,811,1016,0
25406,844,1016,0
25408,891,1016,0
25410,895,1016,0
25413,926,1016,0
25415,940,1016,0
25419,1018,1016,0
25422,1085,1016,0
25423,1127,1016,0
25428,1160,1016,0
25430,1221,1016,0
25433,1238,1016,0
25437,1279,1016,0
25439,1317,1016,0
25440,1329,1016,0
25442,1395,1016,0
25443,1403,1016,0
25445,1467,1016,0
25452,1618,1016,0
25453,74,1017,0
25456,586,1017,0
25457,664,1017,0
25460,829,1017,0
25462,844,1017,0
25465,937,1017,0
25469,1162,1017,0
25473,1307,1017,0
25540,70,1022,0
25542,467,1022,0
25544,513,1022,0
25546,790,1022,0
25548,995,1022,0
25552,1417,1022,0
25735,124,1024,0
25736,156,1024,0
25737,186,1024,0
25744,791,1024,1
25746,869,1024,0
25750,954,1024,0
25752,1003,1024,0
25757,1495,1024,0
25759,69,1025,0
25760,82,1025,0
25763,348,1025,0
25764,667,1025,0
25765,669,1025,0
25769,798,1025,0
25772,871,1025,0
25776,1031,1025,0
25779,1356,1025,0
25827,474,1027,0
25830,739,1027,0
25831,740,1027,0
25832,756,1027,0
25834,948,1027,0
25835,1014,1027,0
25839,1450,1027,0
25840,1596,1027,0
25841,186,1028,0
25842,308,1028,0
25846,674,1028,0
25847,680,1028,0
25852,841,1028,0
25853,954,1028,1
25857,1061,1028,0
25859,1280,1028,0
25861,1512,1028,0
25865,120,1029,0
25866,164,1029,0
25870,376,1029,0
25874,784,1029,0
25877,994,1029,0
25878,1164,1029,0
25881,1386,1029,0
25921,69,1032,0
25928,649,1032,0
25929,680,1032,0
25933,794,1032,0
25938,998,1032,0
25939,1090,1032,0
25941,1225,1032,0
25947,1555,1032,0
25952,593,1033,0
25955,661,1033,0
25957,833,1033,0
25959,850,1033,1
25962,983,1033,0
25963,998,1033,0
25964,1019,1033,0
25967,1600,1033,0
25985,2,1035,0
25989,148,1035,0
25990,151,1035,0
25992,307,1035,0
25993,418,1035,0
25995,439,1035,0
25997,600,1035,0
25998,687,1035,0
26002,852,1035,1
26003,928,1035,0
26014,1467,1035,0
26016,1591,1035,0
26018,33,1036,0
26019,38,1036,0
26020,42,1036,0
26021,71,1036,0
26022,177,1036,1
26025,266,1036,0
26029,828,1036,0
26037,515,1037,0
26038,544,1037,0
26039,828,1037,0
26042,1003,1037,0
26044,1218,1037,0
26084,213,1040,0
26085,252,1040,0
26087,539,1040,0
26090,1015,1040,0
26093,1141,1040,0
26094,1160,1040,0
26146,13,1042,0
26149,211,1042,0
26151,297,1042,0
26155,564,1042,0
26158,734,1042,0
26159,743,1042,0
26162,1369,1042,0
26163,1598,1042,0
26164,15,1043,0
26165,170,1043,0
26166,253,1043,0
26167,271,1043,0
26169,586,1043,0
26171,740,1043,0
26175,940,1043,0
26176,1210,1043,0
26246,59,1046,0
26248,163,1046,0
26255,734,1046,0
26256,753,1046,0
26259,947,1046,0
26260,948,1046,0
26263,1164,1046,0
26266,1278,1046,0
26268,1328,1046,0
26273,1521,1046,0
26276,74,1047,1
26277,75,1047,1
26286,739,1047,0
26287,811,1047,0
26289,852,1047,0
26290,859,1047,0
26293,876,1047,0
26296,1022,1047,0
26301,1429,1047,0
26302,1450,1047,0
26307,75,1048,1
26315,582,1048,0
26316,596,1048,0
26318,673,1048,0
26327,1203,1048,0
26328,1213,1048,0
26329,1334,1048,0
26330,1386,1048,0
26331,115,1049,0
26332,117,1049,0
26333,134,1049,0
26334,626,1049,0
26336,794,1049,0
26343,1419,1049,0
26345,1495,1049,0
26379,138,1052,0
26381,369,1052,0
26382,489,1052,0
26383,493,1052,0
26384,583,1052,0
26388,772,1052,1
26393,998,1052,0
26394,1218,1052,0
26395,1376,1052,0
26413,313,1054,0
26414,412,1054,0
26415,467,1054,0
26417,768,1054,0
26420,828,1054,0
26424,1112,1054,0
26427,1239,1054,0
26510,47,1057,0
26513,139,1057,0
26514,213,1057,0
26515,219,1057,0
26516,252,1057,0
26518,264,1057,0
26519,267,1057,0
26523,510,1057,0
26526,623,1057,0
26536,1071,1057,0
26537,1080,1057,0
26540,1244,1057,0
26542,1385,1057,0
26546,218,1058,0
26547,387,1058,0
26551,743,1058,0
26554,982,1058,0
26558,164,1059,0
26560,213,1059,0
26562,738,1059,0
26563,816,1059,0
26572,1349,1059,0
26576,1620,1059,0
26577,70,1060,0
26581,396,1060,0
26582,452,1060,0
26583,594,1060,0
26584,598,1060,0
26588,833,1060,1
26593,1230,1060,0
26596,174,1061,0
26597,187,1061,0
26607,1411,1061,0
26609,1507,1061,0
26610,1608,1061,0
26616,476,1062,0
26620,758,1062,0
26622,928,1062,0
26623,942,1062,0
26624,982,1062,0
26628,1395,1062,0
26629,1566,1062,1
26648,13,1064,1
26649,76,1064,0
26653,525,1064,0
26662,1226,1064,0
26663,1334,1064,0
26664,1349,1064,0
26665,1398,1064,0
26669,553,1065,0
26671,636,1065,0
26673,736,1065,0
26674,794,1065,0
26677,849,1065,0
26678,850,1065,0
26682,961,1065,1
26688,1361,1065,0
26690,1453,1065,0
26827,1,1068,0
26830,263,1068,0
26832,355,1068,0
26835,596,1068,0
26836,600,1068,0
26837,703,1068,0
26841,947,1068,0
26842,1141,1068,0
26843,1249,1068,0
26844,1386,1068,0
26845,1389,1068,1
26848,355,1069,0
26852,647,1069,0
26853,668,1069,0
26854,743,1069,0
26856,1060,1069,0
26857,1213,1069,0
26862,1398,1069,0
26863,13,1070,0
26866,215,1070,0
26868,297,1070,0
26869,322,1070,0
26870,343,1070,0
26874,1051,1070,1
26875,1057,1070,0
26877,1284,1070,0
26883,470,1071,0
26884,651,1071,0
26885,664,1071,1
26887,816,1071,0
26893,947,1071,0
26900,265,1072,0
26901,292,1072,0
26908,590,1072,0
26909,664,1072,1
26911,687,1072,1
26914,852,1072,0
26917,895,1072,0
26918,1017,1072,0
26919,1075,1072,0
26924,1305,1072,0
26930,153,1073,0
26932,326,1073,0
26933,425,1073,0
26934,485,1073,0
26935,567,1073,0
26937,593,1073,1
26938,636,1073,0
26948,1270,1073,0
26954,227,1074,0
26956,252,1074,0
26959,459,1074,0
26960,617,1074,0
26963,738,1074,0
26974,1566,1074,0
26978,127,1075,0
26979,147,1075,0
26982,254,1075,0
26985,501,1075,0
26987,591,1075,0
26990,647,1075,0
26995,784,1075,0
26997,855,1075,0
26998,876,1075,1
26999,904,1075,1
27002,947,1075,1
27008,1369,1075,0
27011,1602,1075,0
27104,33,1081,0
27106,68,1081,0
27111,655,1081,0
27112,680,1081,0
27114,786,1081,0
27115,790,1081,0
27116,830,1081,0
27119,998,1081,0
27122,25,1082,0
27129,596,1082,0
27130,612,1082,0
27131,739,1082,1
27135,852,1082,0
27139,1374,1082,0
27169,425,1084,0
27171,526,1084,0
27172,529,1084,0
27174,893,1084,0
27175,935,1084,0
27177,1198,1084,0
27179,1243,1084,0
27181,1536,1084,0
27182,270,1085,0
27183,321,1085,0
27186,557,1085,0
27189,784,1085,0
27193,898,1085,0
27194,931,1085,0
27198,1249,1085,0
27201,1568,1085,0
27202,308,1086,0
27205,594,1086,0
27209,1232,1086,0
27211,1311,1086,0
27220,673,1087,0
27221,738,1087,1
27226,858,1087,0
27227,895,1087,0
27230,1276,1087,0
27231,1334,1087,0
27232,1374,1087,0
27238,593,1088,0
27239,636,1088,0
27244,1112,1088,0
27246,1324,1088,0
27248,1525,1088,0
27249,1590,1088,0
27250,13,1089,0
27259,673,1089,0
27262,855,1089,0
27263,1100,1089,0
27265,1210,1089,0
27266,1246,1089,0
27267,1259,1089,0
27269,1582,1089,0
27270,156,1090,0
27271,159,1090,0
27276,649,1090,0
27278,708,1090,0
27282,893,1090,0
27283,1208,1090,0
27284,1280,1090,0
27285,1309,1090,0
27288,78,1091,0
27289,141,1091,0
27291,205,1091,0
27295,590,1091,0
27296,625,1091,0
27301,844,1091,0
27302,876,1091,0
27305,982,1091,0
27306,1108,1091,0
27336,330,1093,0
27337,355,1093,0
27345,852,1093,0
27349,947,1093,0
27352,1226,1093,0
27355,1465,1093,0
27357,1618,1093,0
27358,76,1094,0
27361,557,1094,0
27364,939,1094,0
27366,1226,1094,0
27391,42,1096,0
27397,593,1096,0
27398,772,1096,0
27399,795,1096,0
27401,850,1096,1
27404,1055,1096,0
27406,1227,1096,0
27409,1415,1096,0
27464,270,1099,0
27467,539,1099,0
27468,738,1099,0
27471,971,1099,0
27473,994,1099,0
27474,1015,1099,0
27478,15,1100,0
27479,83,1100,0
27480,170,1100,0
27481,199,1100,0
27485,564,1100,0
27490,739,1100,0
27494,825,1100,0
27499,947,1100,0
27500,994,1100,0
27503,1111,1100,0
27548,2,1103,0
27550,398,1103,0
27551,482,1103,0
27552,590,1103,0
27558,870,1103,0
27564,1107,1103,0
27567,1203,1103,1
27571,1519,1103,0
27573,1598,1103,0
27670,304,1106,0
27672,463,1106,0
27674,595,1106,0
27679,1281,1106,0
27681,1537,1106,0
27683,226,1107,0
27684,321,1107,0
27685,510,1107,0
27686,665,1107,0
27687,739,1107,0
27697,1014,1107,0
27702,1334,1107,0
27703,1503,1107,0
27708,537,1108,0
27709,649,1108,0
27715,1361,1108,0
27716,1391,1108,0
27718,1579,1108,0
27726,247,1109,0
27735,439,1109,0
27736,539,1109,0
27739,577,1109,0
27740,625,1109,0
27743,738,1109,0
27747,822,1109,0
27749,1051,1109,0
27752,1136,1109,0
27753,1327,1109,0
27757,1450,1109,0
27763,791,1110,0
27767,875,1110,0
27770,998,1110,0
27772,1163,1110,0
27773,1280,1110,0
27774,1289,1110,0
27779,153,1111,0
27780,260,1111,0
27783,828,1111,0
27785,871,1111,0
27788,1225,1111,0
27789,1600,1111,0
27792,110,1112,0
27794,217,1112,0
27797,403,1112,0
27800,565,1112,0
27801,593,1112,0
27803,826,1112,0
27806,998,1112,0
27808,1112,1112,0
27811,1225,1112,0
27858,308,1115,0
27859,484,1115,0
27860,572,1115,0
27861,726,1115,0
27862,791,1115,0
27865,998,1115,0
27867,1245,1115,0
27869,1277,1115,0
27873,81,1116,0
27880,278,1116,0
27884,362,1116,0
27886,402,1116,0
27887,415,1116,0
27890,424,1116,1
27893,467,1116,0
27894,479,1116,1
27895,489,1116,0
27896,512,1116,0
27900,544,1116,0
27901,593,1116,0
27903,610,1116,0
27906,649,1116,0
27915,830,1116,0
27917,872,1116,0
27927,969,1116,0
27929,989,1116,0
27931,1000,1116,0
27934,1045,1116,0
27939,1146,1116,0
27942,1208,1116,0
27946,1296,1116,0
27947,1309,1116,0
27948,1312,1116,0
27951,1353,1116,0
27954,1417,1116,0
27959,1533,1116,0
27960,1545,1116,1
27961,1581,1116,0
27963,1609,1116,0
27965,1614,1116,0
27968,38,1117,0
27975,998,1117,0
27982,1453,1117,0
27983,1464,1117,0
27984,1537,1117,0
27985,1600,1117,0
28014,42,1120,0
28015,49,1120,0
28017,461,1120,0
28026,1281,1120,0
28027,1417,1120,0
28028,145,1121,0
28030,307,1121,0
28032,539,1121,0
28037,928,1121,0
28038,1057,1121,0
28043,1479,1121,0
28044,13,1122,0
28045,104,1122,0
28047,213,1122,1
28051,453,1122,0
28056,704,1122,0
28057,802,1122,0
28061,994,1122,0
28063,1071,1122,0
28066,1160,1122,0
28085,186,1124,0
28087,284,1124,0
28090,786,1124,0
28094,998,1124,0
28098,1533,1124,1
28099,1538,1124,0
28174,20,1129,0
28176,209,1129,0
28178,550,1129,0
28181,598,1129,0
28182,657,1129,0
28191,1391,1129,0
28193,1538,1129,0
28239,79,1132,0
28241,174,1132,0
28242,339,1132,0
28243,392,1132,0
28244,568,1132,0
28246,893,1132,0
28253,1353,1132,0
28372,127,1138,0
28373,200,1138,0
28376,510,1138,0
28377,569,1138,0
28381,651,1138,0
28383,668,1138,0
28384,673,1138,0
28385,704,1138,0
28386,741,1138,1
28391,987,1138,0
28392,1022,1138,0
28396,1450,1138,0
28447,339,1141,1
28452,432,1141,0
28453,477,1141,0
28456,550,1141,0
28457,568,1141,0
28458,593,1141,0
28459,725,1141,0
28462,909,1141,0
28464,970,1141,0
28467,1031,1141,0
28471,1180,1141,0
28559,252,1147,0
28561,357,1147,0
28562,590,1147,0
28564,629,1147,0
28568,967,1147,0
28570,1203,1147,0
28572,1278,1147,0
28574,1450,1147,1
28619,226,1150,0
28620,233,1150,0
28626,671,1150,0
28627,703,1150,0
28635,1010,1150,0
28636,1012,1150,0
28638,1210,1150,0
28639,1334,1150,0
28657,19,1152,1
28659,183,1152,1
28660,216,1152,0
28662,459,1152,0
28670,942,1152,0
28672,1085,1152,0
28673,1108,1152,0
28674,1157,1152,0
28676,1210,1152,0
28897,91,1163,1
28901,232,1163,0
28902,239,1163,0
28905,425,1163,0
28910,567,1163,0
28914,650,1163,0
28915,794,1163,0
28917,841,1163,0
28919,916,1163,0
28921,954,1163,0
28924,1055,1163,0
28927,1139,1163,0
28930,1239,1163,1
28934,1281,1163,0
28936,1609,1163,0
28940,125,1164,0
28941,150,1164,0
28949,309,1164,0
28951,315,1164,0
28960,444,1164,0
28963,489,1164,1
28964,493,1164,1
28966,529,1164,0
28967,533,1164,0
28969,546,1164,0
28970,565,1164,0
28972,607,1164,0
28976,650,1164,0
28982,730,1164,0
28991,841,1164,0
28992,847,1164,0
28993,880,1164,0
28994,909,1164,0
28995,954,1164,0
28998,1036,1164,0
29006,1139,1164,0
29010,1197,1164,0
29012,1239,1164,1
29013,1243,1164,0
29015,1270,1164,0
29017,1289,1164,0
29025,1460,1164,0
29028,1506,1164,0
29031,1545,1164,0
29033,1562,1164,1
29039,339,1165,0
29041,533,1165,0
29046,786,1165,0
29047,795,1165,0
29048,828,1165,0
29051,998,1165,1
29097,38,1168,0
29101,626,1168,0
29104,893,1168,0
29105,970,1168,0
29107,1384,1168,0
29110,1506,1168,0
29112,254,1169,0
29114,560,1169,0
29115,614,1169,0
29119,1305,1169,0
29120,1389,1169,0
29123,465,1170,0
29124,617,1170,0
29125,738,1170,0
29127,862,1170,0
29129,904,1170,0
29131,1203,1170,0
29134,405,1171,0
29136,479,1171,0
29140,593,1171,0
29141,732,1171,0
29143,786,1171,1
29144,817,1171,0
29146,935,1171,0
29147,998,1171,0
29150,1198,1171,0
29156,321,1172,0
29157,376,1172,0
29160,734,1172,0
29161,739,1172,0
29163,948,1172,0
29165,1100,1172,0
29168,1211,1172,0
29193,229,1174,0
29200,779,1174,1
29203,841,1174,0
29206,954,1174,0
29207,969,1174,0
29208,983,1174,0
29209,995,1174,1
29215,1280,1174,0
29218,29,1175,0
29220,276,1175,1
29221,500,1175,0
29224,576,1175,0
29228,649,1175,0
29229,730,1175,0
29236,1079,1175,0
29237,1112,1175,0
29238,1198,1175,0
29240,1353,1175,0
29244,1581,1175,0
29342,205,1179,0
29343,596,1179,0
29344,629,1179,0
29346,704,1179,0
29351,895,1179,0
29353,942,1179,0
29359,130,1180,0
29362,485,1180,0
29363,515,1180,0
29367,786,1180,0
29369,846,1180,0
29370,935,1180,0
29375,1419,1180,0
29383,852,1181,0
29386,895,1181,0
29387,942,1181,0
29388,994,1181,1
29391,1278,1181,0
29393,1369,1181,0
29409,196,1183,0
29412,630,1183,0
29413,649,1183,0
29414,713,1183,0
29415,817,1183,1
29418,893,1183,0
29419,907,1183,0
29424,1411,1183,0
29434,294,1184,1
29436,328,1184,0
29442,545,1184,0
29444,578,1184,0
29445,582,1184,1
29448,664,1184,0
29449,692,1184,0
29454,784,1184,0
29457,947,1184,0
29460,994,1184,0
29461,1012,1184,0
29463,1074,1184,0
29465,1080,1184,0
29467,1100,1184,1
29471,1153,1184,0
29473,1330,1184,0
29474,1372,1184,0
29475,1386,1184,0
29479,1593,1184,0
29480,1611,1184,0
29482,463,1185,0
29484,513,1185,1
29485,529,1185,0
29486,544,1185,0
29487,631,1185,0
29489,772,1185,0
29494,1045,1185,0
29500,1581,1185,0
29504,99,1186,0
29506,461,1186,0
29509,735,1186,0
29510,779,1186,0
29516,1340,1186,0
29517,1571,1186,0
29537,106,1188,1
29540,138,1188,0
29542,159,1188,1
29543,160,1188,1
29551,313,1188,0
29553,342,1188,0
29559,565,1188,0
29561,632,1188,0
29562,638,1188,0
29564,680,1188,1
29566,772,1188,0
29568,820,1188,0
29569,826,1188,0
29570,832,1188,0
29572,916,1188,0
29574,993,1188,0
29575,998,1188,0
29576,1000,1188,0
29580,1045,1188,0
29589,1280,1188,0
29590,1299,1188,0
29592,1323,1188,1
29593,1324,1188,1
29595,1353,1188,0
29598,1387,1188,0
29601,1411,1188,0
29604,1464,1188,0
29609,1544,1188,0
29642,522,1190,0
29643,529,1190,0
29644,538,1190,0
29645,818,1190,0
29649,1324,1190,0
29652,1471,1190,0
29653,1536,1190,0
29695,633,1193,0
29697,772,1193,1
29698,779,1193,0
29699,832,1193,0
29702,1198,1193,0
29708,118,1194,0
29710,312,1194,0
29715,735,1194,0
29716,772,1194,1
29720,961,1194,0
29722,1361,1194,0
29741,42,1196,0
29742,138,1196,0
29746,373,1196,0
29748,412,1196,0
29753,529,1196,0
29759,719,1196,0
29761,786,1196,0
29764,791,1196,0
29766,794,1196,1
29767,832,1196,1
29769,841,1196,0
29770,842,1196,0
29772,864,1196,0
29773,872,1196,0
29774,875,1196,0
29778,1181,1196,0
29779,1196,1196,0
29780,1312,1196,0
29781,1323,1196,0
29884,276,1199,0
29886,491,1199,1
29887,533,1199,0
29889,667,1199,0
29892,779,1199,0
29895,868,1199,0
29896,954,1199,0
29897,1023,1199,0
29900,1402,1199,0
30104,49,1204,0
30106,70,1204,0
30109,86,1204,0
30113,103,1204,0
30115,122,1204,0
30117,187,1204,0
30125,248,1204,0
30137,408,1204,0
30139,412,1204,0
30141,432,1204,1
30146,500,1204,0
30148,530,1204,1
30152,558,1204,0
30154,576,1204,0
30156,585,1204,1
30158,626,1204,0
30159,630,1204,0
30160,631,1204,1
30168,708,1204,0
30176,828,1204,0
30178,830,1204,0
30179,832,1204,0
30181,842,1204,0
30182,847,1204,0
30183,872,1204,0
30185,880,1204,0
30188,909,1204,0
30190,917,1204,0
30195,956,1204,0
30199,970,1204,0
30201,1023,1204,1
30203,1031,1204,1
30211,1131,1204,1
30218,1225,1204,1
30222,1281,1204,0
30226,1291,1204,0
30227,1299,1204,0
30229,1319,1204,0
30236,1391,1204,0
30239,1417,1204,1
30245,1488,1204,0
30275,131,1206,0
30276,524,1206,0
30278,651,1206,0
30289,1518,1206,0
30304,82,1208,0
30305,125,1208,0
30306,274,1208,0
30307,458,1208,0
30310,633,1208,0
30311,649,1208,0
30313,719,1208,0
30318,1281,1208,0
30319,1338,1208,0
30320,1381,1208,0
30322,200,1209,0
30324,292,1209,0
30326,739,1209,0
30331,1010,1209,1
30334,1141,1209,0
30335,75,1210,0
30338,382,1210,0
30339,510,1210,0
30340,596,1210,1
30345,948,1210,0
30348,1100,1210,0
30353,1514,1210,0
30382,679,1212,0
30383,684,1212,0
30385,795,1212,0
30388,850,1212,0
30389,893,1212,0
30391,954,1212,0
30393,1214,1212,0
30399,315,1213,0
30401,786,1213,0
30402,794,1213,0
30403,826,1213,0
30405,853,1213,0
30410,995,1213,0
30413,1245,1213,0
30415,1411,1213,0
30417,62,1214,0
30418,252,1214,0
30421,264,1214,1
30424,596,1214,0
30428,1546,1214,0
30468,64,1217,0
30472,550,1217,0
30473,567,1217,0
30477,860,1217,0
30482,1309,1217,0
30483,1411,1217,0
30518,340,1219,0
30523,402,1219,0
30524,446,1219,0
30526,496,1219,0
30527,515,1219,0
30529,550,1219,0
30533,630,1219,0
30534,632,1219,0
30536,670,1219,0
30542,864,1219,0
30543,917,1219,0
30544,995,1219,0
30548,1137,1219,0
30550,1166,1219,0
30554,1427,1219,1
30563,1537,1219,0
30564,1553,1219,0
30621,159,1221,0
30622,428,1221,0
30623,460,1221,0
30626,484,1221,0
30631,869,1221,0
30633,935,1221,0
30636,1079,1221,0
30641,202,1222,0
30642,284,1222,1
30648,872,1222,0
30650,961,1222,0
30658,308,1223,0
30660,339,1223,0
30661,373,1223,0
30663,491,1223,0
30666,598,1223,1
30667,610,1223,0
30669,631,1223,0
30671,667,1223,0
30676,714,1223,0
30679,774,1223,0
30680,786,1223,0
30682,826,1223,1
30689,1091,1223,0
30690,1112,1223,1
30693,1163,1223,0
30699,1340,1223,0
30701,1376,1223,0
30705,1592,1223,0
30706,1608,1223,0
30799,461,1227,0
30800,479,1227,0
30803,652,1227,0
30808,893,1227,0
30809,1296,1227,0
30812,138,1228,0
30817,772,1228,0
30820,828,1228,0
30823,871,1228,0
30824,916,1228,0
30827,998,1228,0
30875,138,1231,0
30876,250,1231,0
30881,830,1231,1
30884,954,1231,0
30888,1562,1231,0
30928,353,1234,0
30929,456,1234,0
30930,528,1234,0
30934,738,1234,0
30937,904,1234,0
30938,958,1234,0
30943,1378,1234,0
30946,1566,1234,0
31018,155,1239,0
31023,883,1239,0
31024,888,1239,0
31026,1411,1239,0
31071,155,1242,0
31074,402,1242,0
31078,786,1242,0
31085,1375,1242,0
31086,1411,1242,0
31087,1617,1242,0
31102,47,1244,0
31103,76,1244,0
31113,947,1244,0
31116,1213,1244,0
31118,1374,1244,0
31119,1565,1244,0
31120,1598,1244,0
31121,13,1245,0
31124,354,1245,0
31128,715,1245,0
31129,739,1245,0
31132,859,1245,0
31135,1111,1245,0
31136,1278,1245,1
31140,64,1246,0
31143,156,1246,0
31144,159,1246,0
31149,513,1246,0
31150,517,1246,0
31153,813,1246,0
31154,830,1246,0
31162,1230,1246,0
31163,1296,1246,1
31166,1376,1246,0
31173,476,1247,0
31174,545,1247,0
31178,799,1247,0
31180,904,1247,1
31183,1064,1247,0
31184,1503,1247,0
31376,20,1249,0
31378,33,1249,1
31380,42,1249,1
31381,49,1249,0
31384,61,1249,1
31385,64,1249,0
31387,77,1249,0
31388,82,1249,0
31390,103,1249,0
31396,118,1249,0
31398,125,1249,0
31402,155,1249,0
31414,232,1249,0
31415,240,1249,0
31422,274,1249,1
31424,304,1249,0
31430,340,1249,0
31432,361,1249,0
31434,372,1249,0
31442,406,1249,0
31443,410,1249,0
31444,411,1249,0
31452,449,1249,0
31454,461,1249,0
31458,477,1249,0
31459,478,1249,0
31462,505,1249,0
31467,529,1249,1
31469,544,1249,0
31472,552,1249,0
31474,567,1249,0
31475,572,1249,0
31478,585,1249,0
31482,593,1249,0
31483,595,1249,0
31485,632,1249,0
31493,655,1249,0
31497,670,1249,0
31500,684,1249,0
31504,694,1249,0
31507,719,1249,0
31517,771,1249,0
31519,791,1249,1
31520,794,1249,0
31521,795,1249,0
31525,826,1249,0
31526,828,1249,0
31530,846,1249,0
31531,847,1249,0
31532,849,1249,0
31535,860,1249,0
31541,888,1249,1
31556,954,1249,1
31557,956,1249,0
31562,974,1249,1
31564,977,1249,1
31566,985,1249,0
31568,1000,1249,0
31569,1003,1249,0
31575,1031,1249,0
31579,1079,1249,1
31586,1124,1249,0
31587,1131,1249,0
31589,1137,1249,0
31591,1139,1249,0
31598,1187,1249,0
31600,1196,1249,0
31603,1227,1249,0
31606,1270,1249,1
31608,1289,1249,0
31609,1299,1249,0
31615,1323,1249,0
31622,1353,1249,0
31623,1356,1249,0
31627,1376,1249,1
31643,1449,1249,0
31646,1471,1249,0
31650,1494,1249,0
31654,1506,1249,0
31661,1537,1249,0
31666,1553,1249,0
31675,1592,1249,0
31676,1600,1249,0
31678,1608,1249,0
31679,1614,1249,0
31680,127,1250,0
31685,577,1250,0
31686,614,1250,0
31691,1075,1250,0
31693,1153,1250,0
31694,1278,1250,0
31698,19,1251,0
31699,74,1251,0
31703,242,1251,0
31704,247,1251,0
31705,254,1251,0
31715,709,1251,0
31716,738,1251,1
31717,739,1251,0
31719,803,1251,0
31724,1238,1251,0
31728,1307,1251,0
31731,1398,1251,0
31732,1455,1251,0
31734,46,1252,0
31736,182,1252,0
31738,355,1252,0
31740,596,1252,0
31748,947,1252,0
31752,1369,1252,0
31772,451,1254,0
31774,667,1254,0
31775,830,1254,0
31777,841,1254,0
31779,893,1254,0
31786,33,1255,0
31788,396,1255,1
31793,830,1255,0
31795,841,1255,0
31796,868,1255,0
31797,916,1255,0
31804,1411,1255,0
31805,1537,1255,0
31806,142,1256,0
31810,649,1256,0
31814,998,1256,0
31817,1291,1256,0
31818,1296,1256,0
31819,1375,1256,0
31820,1427,1256,0
31821,1512,1256,0
31824,151,1257,0
31825,252,1257,0
31827,431,1257,0
31829,501,1257,0
31831,617,1257,0
31834,851,1257,0
31836,947,1257,0
31838,1259,1257,0
31889,209,1260,0
31890,246,1260,0
31894,772,1260,0
31898,961,1260,0
31902,1338,1260,0
31904,1415,1260,0
31977,18,1263,0
31980,69,1263,0
31982,122,1263,0
31984,339,1263,0
31986,448,1263,0
31992,661,1263,0
31995,730,1263,0
31997,850,1263,0
31999,853,1263,1
32000,868,1263,1
32009,1376,1263,0
32042,49,1265,1
32046,86,1265,0
32050,117,1265,0
32052,134,1265,1
32055,149,1265,1
32056,153,1265,0
32057,155,1265,0
32058,159,1265,0
32064,177,1265,0
32068,196,1265,0
32069,202,1265,0
32073,246,1265,0
32076,260,1265,0
32091,405,1265,0
32092,411,1265,0
32098,448,1265,1
32099,451,1265,0
32103,505,1265,0
32108,594,1265,0
32113,655,1265,0
32114,661,1265,0
32116,684,1265,0
32118,697,1265,0
32126,794,1265,0
32128,830,1265,0
32129,832,1265,0
32132,847,1265,0
32135,917,1265,0
32143,1023,1265,0
32145,1027,1265,0
32156,1192,1265,0
32158,1197,1265,0
32164,1230,1265,0
32166,1280,1265,0
32168,1299,1265,0
32177,1411,1265,0
32184,1471,1265,0
32185,1493,1265,0
32187,1512,1265,0
32191,1592,1265,0
32192,1608,1265,0
32193,1614,1265,0
32194,1617,1265,0
32243,2,1267,0
32249,265,1267,0
32253,739,1267,0
32254,825,1267,0
32257,947,1267,1
32259,1085,1267,0
32261,1244,1267,0
32268,322,1268,0
32270,516,1268,0
32273,740,1268,0
32275,852,1268,0
32277,895,1268,0
32278,947,1268,1
32283,263,1269,0
32284,271,1269,0
32287,811,1269,0
32290,1051,1269,0
32293,1226,1269,0
32295,1249,1269,0
32302,252,1270,1
32304,524,1270,0
32306,741,1270,0
32310,811,1270,0
32314,1108,1270,0
32316,1155,1270,0
32319,1317,1270,0
32326,316,1271,0
32327,339,1271,0
32328,649,1271,1
32329,779,1271,0
32331,881,1271,0
32336,1055,1271,0
32341,51,1272,0
32342,75,1272,1
32344,200,1272,0
32345,211,1272,0
32346,252,1272,0
32349,292,1272,0
32351,525,1272,0
32352,528,1272,0
32354,739,1272,0
32358,879,1272,0
32388,739,1274,0
32391,862,1274,0
32392,904,1274,0
32393,994,1274,0
32398,1211,1274,0
32399,1372,1274,0
32424,83,1276,0
32425,252,1276,0
32427,357,1276,0
32431,773,1276,0
32433,994,1276,0
32438,1594,1276,0
32451,69,1278,0
32452,176,1278,0
32455,372,1278,0
32456,402,1278,0
32458,432,1278,0
32467,774,1278,0
32468,791,1278,0
32469,794,1278,0
32471,832,1278,0
32473,847,1278,0
32474,893,1278,0
32475,993,1278,0
32479,1124,1278,1
32480,1230,1278,0
32491,151,1279,0
32492,199,1279,1
32493,264,1279,0
32495,416,1279,0
32496,569,1279,0
32498,647,1279,0
32500,739,1279,0
32506,802,1279,0
32511,1210,1279,0
32550,76,1282,0
32554,170,1282,0
32557,252,1282,0
32559,418,1282,0
32560,459,1282,0
32568,904,1282,1
32570,947,1282,1
32573,982,1282,0
32575,1099,1282,0
32581,1328,1282,0
32586,1568,1282,0
32587,138,1283,0
32588,209,1283,0
32592,771,1283,0
32597,1019,1283,0
32598,1258,1283,0
32599,1340,1283,0
32600,1381,1283,0
32733,786,1291,0
32734,832,1291,0
32736,872,1291,0
32738,998,1291,0
32745,1218,1291,0
32747,1353,1291,0
32749,1402,1291,0
32750,1592,1291,0
32783,554,1294,0
32784,576,1294,0
32786,916,1294,0
32789,1245,1294,0
32791,1419,1294,0
32794,1493,1294,0
32838,209,1297,0
32842,667,1297,0
32843,830,1297,0
32845,998,1297,1
32849,1258,1297,0
32852,15,1298,0
32853,39,1298,0
32858,298,1298,0
32861,516,1298,0
32862,617,1298,0
32868,947,1298,0
32869,1060,1298,0
32871,1155,1298,0
32877,227,1299,0
32881,739,1299,0
32885,967,1299,0
32886,1071,1299,0
32887,1141,1299,0
32891,1444,1299,0
32893,9,1300,0
32894,41,1300,0
32897,151,1300,0
32898,197,1300,0
32902,254,1300,0
32904,263,1300,0
32907,431,1300,0
32915,586,1300,1
32916,621,1300,0
32922,876,1300,0
32925,948,1300,0
32932,1260,1300,1
32937,1444,1300,0
32938,1446,1300,0
32942,1602,1300,0
32961,42,1302,0
32962,49,1302,0
32965,458,1302,0
32966,504,1302,0
32970,850,1302,0
32972,998,1302,0
32977,1506,1302,0
33044,1,1307,0
33047,292,1307,0
33051,528,1307,0
33053,928,1307,0
33054,982,1307,0
33080,316,1309,0
33083,830,1309,0
33084,832,1309,0
33086,907,1309,1
33088,998,1309,0
33093,1245,1309,0
33115,364,1311,0
33119,510,1311,1
33124,904,1311,0
33126,982,1311,0
33129,997,1311,0
33131,1203,1311,0
33132,1602,1311,0
33135,59,1312,0
33137,147,1312,0
33141,321,1312,0
33142,381,1312,0
33148,577,1312,0
33149,739,1312,1
33155,904,1312,0
33161,1611,1312,0
33184,38,1314,0
33185,49,1314,0
33189,153,1314,0
33190,159,1314,1
33191,160,1314,1
33196,187,1314,0
33199,229,1314,0
33204,284,1314,0
33208,372,1314,0
33211,428,1314,0
33213,448,1314,0
33216,552,1314,0
33220,593,1314,0
33228,768,1314,1
33230,779,1314,0
33231,817,1314,0
33232,818,1314,0
33235,869,1314,0
33237,883,1314,0
33247,995,1314,0
33248,1000,1314,0
33250,1055,1314,1
33252,1090,1314,0
33253,1146,1314,0
33259,1258,1314,0
33265,1348,1314,0
33298,794,1316,0
33300,842,1316,0
33302,1019,1316,0
33303,1061,1316,0
33310,1393,1316,0
33312,1411,1316,0
33315,1493,1316,0
33317,159,1317,0
33320,786,1317,0
33321,794,1317,0
33327,974,1317,0
33332,1525,1317,0
33335,451,1318,0
33337,504,1318,0
33338,526,1318,0
33339,593,1318,0
33340,649,1318,0
33344,850,1318,0
33350,1163,1318,0
33355,1397,1318,0
33357,61,1319,0
33358,424,1319,0
33360,657,1319,0
33362,772,1319,0
33364,849,1319,0
33370,71,1320,0
33375,278,1320,0
33377,505,1320,0
33385,880,1320,0
33386,985,1320,0
33387,989,1320,0
33388,998,1320,0
33391,1309,1320,0
33393,1402,1320,0
33398,369,1321,0
33401,546,1321,0
33402,572,1321,0
33410,1027,1321,0
33411,1196,1321,0
33412,1224,1321,0
33415,202,1322,0
33416,341,1322,0
33417,415,1322,0
33419,674,1322,0
33420,708,1322,0
33427,1000,1322,0
33428,1348,1322,0
33479,127,1326,0
33480,163,1326,0
33486,665,1326,0
33488,811,1326,1
33493,904,1326,0
33497,1330,1326,0
33498,1346,1326,0
33499,1503,1326,0
33503,321,1327,0
33504,596,1327,0
33509,928,1327,0
33511,942,1327,0
33512,1010,1327,0
33513,1022,1327,0
33515,1226,1327,0
33518,1398,1327,0
33519,1479,1327,0
33520,47,1328,0
33522,292,1328,0
33523,364,1328,0
33527,596,1328,0
33532,994,1328,0
33534,1010,1328,1
33535,1106,1328,0
33542,79,1329,0
33543,81,1329,0
33544,149,1329,0
33546,155,1329,0
33550,308,1329,0
33552,373,1329,1
33553,496,1329,0
33554,550,1329,0
33556,575,1329,0
33557,669,1329,0
33558,694,1329,0
33559,713,1329,0
33564,772,1329,0
33565,826,1329,0
33567,869,1329,0
33571,1089,1329,0
33582,1612,1329,0
33601,219,1331,0
33608,776,1331,0
33611,844,1331,0
33612,858,1331,0
33615,1012,1331,0
33618,1441,1331,1
33663,46,1334,0
33664,51,1334,0
33665,76,1334,0
33668,431,1334,0
33669,664,1334,0
33671,740,1334,1
33724,1,1338,0
33729,465,1338,0
33732,682,1338,0
33737,904,1338,0
33739,947,1338,0
33740,987,1338,0
33742,1252,1338,0
33744,1355,1338,0
33779,61,1340,0
33782,593,1340,0
33786,779,1340,0
33789,970,1340,0
33790,993,1340,0
33845,39,1343,0
33847,205,1343,0
33848,245,1343,0
33851,267,1343,1
33855,776,1343,0
33859,928,1343,0
33860,937,1343,0
33861,987,1343,0
33862,994,1343,0
33863,1040,1343,0
33865,1250,1343,0
33867,1327,1343,0
33869,1480,1343,0
33891,629,1345,0
33896,878,1345,0
33898,904,1345,0
33900,1107,1345,1
33901,1129,1345,0
33905,1316,1345,0
33906,1334,1345,0
33911,38,1346,0
33915,772,1346,0
33918,842,1346,0
33919,864,1346,0
33922,1003,1346,0
33923,1019,1346,0
33925,1227,1346,0
33930,1533,1346,0
34080,177,1355,0
34083,332,1355,0
34084,446,1355,0
34085,451,1355,0
34088,736,1355,0
34090,786,1355,0
34091,794,1355,0
34092,832,1355,0
34094,916,1355,0
34095,998,1355,1
34096,1112,1355,0
34104,536,1356,0
34106,640,1356,0
34107,647,1356,0
34108,671,1356,0
34117,1074,1356,0
34120,1200,1356,0
34123,1278,1356,0
34124,1284,1356,0
34125,1327,1356,1
34134,253,1357,0
34137,330,1357,0
34138,343,1357,0
34139,539,1357,0
34144,904,1357,1
34147,947,1357,1
34151,1246,1357,0
34152,1269,1357,0
34183,99,1359,1
34185,118,1359,0
34188,149,1359,0
34192,405,1359,0
34193,406,1359,0
34195,458,1359,0
34196,583,1359,0
34197,593,1359,1
34199,662,1359,0
34200,679,1359,0
34202,742,1359,0
34208,978,1359,0
34209,985,1359,0
34211,1023,1359,0
34221,1289,1359,0
34222,1354,1359,0
34224,1391,1359,1
34230,1590,1359,0
34236,294,1360,0
34238,387,1360,0
34239,390,1360,0
34247,902,1360,0
34248,926,1360,0
34249,958,1360,0
34255,1274,1360,0
34256,1278,1360,0
34257,1315,1360,0
34261,1451,1360,0
34344,15,1366,0
34346,139,1366,1
34348,163,1366,0
34349,170,1366,0
34357,734,1366,0
34365,982,1366,0
34367,1022,1366,0
34370,1285,1366,0
34404,164,1368,0
34409,355,1368,0
34410,378,1368,0
34414,586,1368,0
34419,751,1368,1
34420,770,1368,0
34422,784,1368,0
34430,967,1368,0
34431,1060,1368,0
34433,1164,1368,0
34434,1246,1368,0
34443,1573,1368,0
34498,127,1370,0
34499,137,1370,0
34501,210,1370,0
34504,430,1370,0
34505,623,1370,0
34507,862,1370,0
34513,1518,1370,0
34514,1594,1370,0
34556,89,1372,1
34560,649,1372,0
34561,779,1372,0
34565,888,1372,0
34566,978,1372,0
34567,998,1372,0
34570,1124,1372,0
34573,1361,1372,0
34589,77,1374,0
34596,684,1374,0
34600,824,1374,0
34602,850,1374,0
34603,875,1374,0
34605,880,1374,0
34608,995,1374,0
34609,1003,1374,0
34613,1353,1374,0
34615,1411,1374,0
34619,1592,1374,0
34687,278,1376,0
34688,324,1376,0
34690,735,1376,0
34693,974,1376,0
34694,1112,1376,0
34695,1182,1376,0
34698,1384,1376,0
34700,15,1377,0
34703,164,1377,0
34704,204,1377,0
34708,709,1377,0
34709,750,1377,0
34711,904,1377,1
34712,947,1377,1
34715,997,1377,0
34718,1269,1377,0
34725,449,1378,0
34726,461,1378,0
34729,832,1378,0
34732,1184,1378,0
34733,1311,1378,0
34734,62,1379,0
34735,67,1379,0
34737,151,1379,0
34743,668,1379,0
34746,738,1379,0
34753,947,1379,0
34754,948,1379,0
34756,1190,1379,0
34788,297,1382,0
34790,501,1382,0
34791,784,1382,0
34795,1108,1382,0
34796,1403,1382,0
34797,1428,1382,0
34798,1487,1382,0
34827,42,1384,0
34829,94,1384,0
34830,117,1384,0
34831,217,1384,0
34834,448,1384,0
34837,842,1384,0
34838,888,1384,0
34840,935,1384,0
34845,1229,1384,0
34846,1296,1384,0
34849,177,1385,0
34857,479,1385,0
34860,794,1385,1
34861,817,1385,0
34863,828,1385,0
34867,1166,1385,0
34868,1183,1385,0
34870,1299,1385,0
34872,1411,1385,0
34896,284,1387,0
34897,324,1387,0
34901,779,1387,0
34902,817,1387,1
34905,881,1387,0
34909,998,1387,0
34911,1218,1387,0
34912,1239,1387,0
34967,28,1391,0
34970,132,1391,0
34975,271,1391,0
34977,439,1391,0
34978,442,1391,0
34982,739,1391,0
34989,1057,1391,0
34990,1129,1391,0
35016,47,1393,0
35022,297,1393,0
35023,322,1393,0
35026,647,1393,0
35029,1105,1393,0
35031,1155,1393,1
35032,1164,1393,0
35034,1467,1393,0
35074,617,1396,0
35076,776,1396,0
35079,803,1396,0
35083,947,1396,0
35084,1010,1396,0
35086,1106,1396,0
35107,227,1398,0
35108,233,1398,0
35112,739,1398,0
35116,862,1398,0
35117,947,1398,0
35121,1148,1398,0
35123,1334,1398,0
35124,1615,1398,0
35169,303,1401,0
35173,858,1401,0
35174,988,1401,0
35175,1064,1401,0
35181,1334,1401,0
35183,1389,1401,0
35187,79,1402,0
35188,106,1402,0
35192,849,1402,0
35195,998,1402,0
35200,1225,1402,0
35202,1608,1402,0
35205,307,1403,0
35207,430,1403,0
35209,525,1403,0
35211,665,1403,1
35213,784,1403,0
35221,844,1403,0
35222,848,1403,1
35224,1010,1403,0
35226,1051,1403,0
35229,1249,1403,0
35231,1307,1403,0
35232,1363,1403,0
35237,1588,1403,0
35239,74,1404,0
35247,145,1404,0
35251,247,1404,1
35252,254,1404,0
35253,262,1404,0
35254,271,1404,0
35255,285,1404,0
35260,357,1404,0
35261,381,1404,1
35263,416,1404,0
35265,442,1404,0
35267,453,1404,1
35273,501,1404,0
35282,635,1404,0
35284,665,1404,0
35285,734,1404,0
35287,743,1404,0
35288,751,1404,0
35291,776,1404,0
35298,802,1404,0
35302,859,1404,0
35307,904,1404,0
35309,911,1404,0
35311,942,1404,1
35312,958,1404,0
35313,982,1404,1
35315,988,1404,0
35318,1057,1404,0
35322,1111,1404,1
35328,1191,1404,0
35337,1278,1404,0
35339,1317,1404,0
35340,1328,1404,0
35342,1346,1404,0
35345,1388,1404,0
35357,173,1405,0
35358,240,1405,0
35363,461,1405,0
35364,485,1405,0
35365,553,1405,0
35369,749,1405,0
35371,772,1405,0
35372,779,1405,0
35374,791,1405,1
35379,1112,1405,0
35383,1170,1405,0
35385,1387,1405,0
35388,13,1406,0
35390,262,1406,0
35393,734,1406,0
35394,739,1406,0
35397,1084,1406,0
35402,1450,1406,0
35403,15,1407,0
35407,272,1407,1
35408,364,1407,0
35409,387,1407,0
35413,1022,1407,0
35414,1157,1407,0
35416,1349,1407,0
35470,20,1411,1
35471,79,1411,0
35472,94,1411,0
35473,150,1411,0
35478,266,1411,0
35480,324,1411,0
35483,411,1411,0
35484,428,1411,1
35486,452,1411,0
35492,667,1411,0
35496,772,1411,0
35501,970,1411,0
35503,978,1411,0
35506,1182,1411,0
35507,1183,1411,0
35509,1230,1411,0
35511,1289,1411,0
35513,1324,1411,0
35517,1536,1411,0
35549,545,1414,0
35552,739,1414,0
35553,751,1414,0
35557,1017,1414,0
35558,1075,1414,0
35565,1465,1414,0
35566,15,1415,0
35568,418,1415,0
35572,739,1415,0
35574,870,1415,0
35577,1160,1415,0
35584,29,1416,0
35589,159,1416,1
35590,160,1416,1
35593,239,1416,0
35594,284,1416,0
35595,304,1416,0
35597,329,1416,0
35598,341,1416,0
35606,479,1416,0
35607,512,1416,1
35619,842,1416,0
35620,888,1416,0
35621,893,1416,0
35625,969,1416,0
35626,974,1416,0
35629,989,1416,0
35631,1000,1416,0
35637,1154,1416,0
35640,1323,1416,0
35642,1356,1416,0
35648,1506,1416,0
35654,322,1417,0
35656,459,1417,0
35659,739,1417,0
35661,811,1417,0
35664,858,1417,0
35667,947,1417,0
35670,1040,1417,0
35671,1105,1417,0
35673,1316,1417,0
35675,1369,1417,1
35676,1594,1417,0
35677,13,1418,0
35678,253,1418,0
35682,439,1418,0
35686,928,1418,0
35688,1106,1418,0
35690,1278,1418,0
35691,1326,1418,0
35692,1369,1418,1
35696,451,1419,0
35697,484,1419,0
35698,774,1419,0
35701,906,1419,0
35709,1397,1419,1
35712,739,1420,0
35713,784,1420,0
35716,904,1420,0
35718,1148,1420,0
35724,141,1421,0
35730,734,1421,0
35735,994,1421,0
35737,1203,1421,1
35738,1279,1421,0
35739,1618,1421,0
35763,482,1423,0
35765,704,1423,0
35767,739,1423,0
35769,848,1423,0
35771,1080,1423,0
35789,89,1425,0
35790,91,1425,0
35796,477,1425,0
35797,567,1425,0
35798,626,1425,1
35800,841,1425,0
35809,1309,1425,1
35812,1473,1425,0
35826,7,1427,0
35827,76,1427,0
35828,219,1427,0
35830,364,1427,0
35831,635,1427,1
35834,870,1427,0
35841,18,1428,0
35843,193,1428,0
35848,679,1428,0
35853,1181,1428,0
35854,1296,1428,0
35855,1343,1428,0
35903,341,1431,0
35904,375,1431,0
35907,567,1431,0
35909,772,1431,0
35913,1061,1431,0
35914,1280,1431,0
35917,18,1432,0
35921,125,1432,0
35923,138,1432,0
35927,232,1432,1
35932,779,1432,0
35934,817,1432,0
35936,850,1432,0
35937,864,1432,0
35942,1031,1432,0
35944,1090,1432,0
35945,1163,1432,0
35950,76,1433,0
35952,151,1433,0
35961,904,1433,0
35963,982,1433,0
35966,1136,1433,0
35967,1155,1433,0
35968,1164,1433,0
35970,1334,1433,1
36029,155,1436,0
36030,250,1436,0
36031,309,1436,0
36043,970,1436,0
36045,998,1436,0
36048,1036,1436,0
36054,1112,1436,0
36056,1184,1436,0
36058,1229,1436,1
36059,1273,1436,0
36063,1343,1436,0
36064,1353,1436,1
36065,1354,1436,0
36066,1397,1436,0
36074,451,1437,0
36077,779,1437,0
36081,977,1437,0
36082,1003,1437,0
36086,1229,1437,1
36088,1311,1437,0
36108,465,1439,0
36110,739,1439,0
36111,770,1439,0
36118,1210,1439,0
36119,1413,1439,0
36124,625,1440,0
36125,741,1440,0
36128,852,1440,0
36129,904,1440,0
36132,1203,1440,1
36134,1530,1440,0
36135,1591,1440,0
36177,70,1443,0
36178,124,1443,0
36180,173,1443,0
36183,239,1443,0
36189,373,1443,0
36190,412,1443,0
36194,491,1443,0
36196,595,1443,0
36198,631,1443,0
36199,638,1443,0
36201,694,1443,0
36202,701,1443,0
36205,732,1443,0
36208,779,1443,0
36211,828,1443,0
36213,846,1443,0
36214,853,1443,0
36215,868,1443,0
36219,907,1443,0
36220,935,1443,0
36224,1019,1443,1
36230,1224,1443,1
36243,1559,1443,0
36262,18,1445,1
36264,248,1445,0
36265,266,1445,0
36266,339,1445,0
36267,662,1445,1
36269,830,1445,0
36273,935,1445,0
36275,978,1445,0
36279,1411,1445,0
36284,670,1446,0
36285,794,1446,0
36287,833,1446,0
36289,880,1446,0
36291,969,1446,0
36292,1137,1446,0
36295,1417,1446,0
36298,1612,1446,0
36299,193,1447,0
36302,679,1447,0
36304,701,1447,1
36305,771,1447,0
36307,786,1447,0
36310,1146,1447,0
36409,346,1452,0
36414,928,1452,0
36415,942,1452,0
36416,947,1452,0
36419,1156,1452,0
36421,1372,1452,0
36438,219,1454,0
36439,252,1454,0
36440,358,1454,0
36441,398,1454,0
36449,1010,1454,0
36454,1330,1454,0
36457,61,1455,0
36460,284,1455,1
36466,598,1455,0
36469,649,1455,0
36471,725,1455,0
36477,998,1455,0
36480,1090,1455,0
36482,1170,1455,0
36485,1427,1455,0
36489,1559,1455,0
36490,1609,1455,1
36538,38,1459,0
36540,402,1459,0
36543,772,1459,0
36544,828,1459,0
36546,1069,1459,0
36549,1410,1459,0
36553,47,1460,0
36554,67,1460,0
36560,387,1460,0
36561,453,1460,0
36568,704,1460,0
36569,823,1460,0
36572,926,1460,0
36574,1010,1460,0
36577,1190,1460,1
36578,1191,1460,1
36582,1200,1460,0
36586,1446,1460,0
36601,68,1462,1
36602,69,1462,1
36603,70,1462,1
36604,71,1462,1
36605,72,1462,1
36606,89,1462,0
36607,94,1462,0
36610,174,1462,0
36613,246,1462,0
36618,304,1462,0
36620,313,1462,0
36621,332,1462,1
36624,362,1462,0
36625,513,1462,0
36627,550,1462,0
36646,853,1462,0
36647,869,1462,0
36653,1046,1462,0
36658,1214,1462,0
36661,1225,1462,0
36667,1419,1462,0
36672,1562,1462,0
36673,1581,1462,0
36677,70,1463,1
36683,159,1463,0
36684,186,1463,0
36687,329,1463,1
36688,332,1463,1
36693,448,1463,0
36694,452,1463,0
36696,544,1463,0
36697,567,1463,0
36700,594,1463,0
36703,730,1463,0
36707,798,1463,0
36708,828,1463,0
36713,1052,1463,0
36714,1090,1463,0
36718,1196,1463,0
36722,1419,1463,0
36723,1427,1463,0
36730,1590,1463,0
36744,67,1465,0
36746,197,1465,0
36752,784,1465,0
36757,928,1465,0
36762,1203,1465,0
36763,1267,1465,0
36765,1469,1465,0
36787,247,1467,0
36790,303,1467,0
36791,381,1467,0
36797,928,1467,0
36798,942,1467,0
36799,967,1467,0
36800,994,1467,0
36806,18,1468,0
36808,72,1468,0
36811,91,1468,0
36813,125,1468,1
36830,309,1468,0
36842,477,1468,0
36845,533,1468,1
36849,583,1468,0
36850,595,1468,1
36853,655,1468,0
36854,667,1468,0
36855,680,1468,0
36866,794,1468,0
36868,820,1468,0
36870,832,1468,0
36871,833,1468,0
36873,842,1468,0
36875,850,1468,0
36879,907,1468,1
36884,969,1468,0
36886,1031,1468,0
36887,1055,1468,0
36893,1139,1468,0
36895,1166,1468,0
36899,1214,1468,0
36900,1230,1468,0
36901,1239,1468,0
36905,1291,1468,0
36909,1354,1468,0
36911,1365,1468,0
36914,1375,1468,0
36916,1397,1468,0
36918,1411,1468,0
36920,1417,1468,1
36922,1419,1468,1
36924,1488,1468,0
36925,1498,1468,0
36926,1506,1468,0
36928,1553,1468,0
36929,1579,1468,0
36932,1614,1468,0
36977,387,1471,0
36978,651,1471,0
36979,784,1471,0
36984,947,1471,0
36986,967,1471,0
36987,1136,1471,0
36988,1164,1471,0
36994,411,1472,0
36998,772,1472,0
37001,826,1472,0
37004,998,1472,0
37009,1475,1472,0
37050,13,1475,0
37052,219,1475,0
37057,486,1475,1
37060,647,1475,0
37065,988,1475,0
37068,1278,1475,0
37069,1317,1475,0
37071,1441,1475,0
37072,1480,1475,0
37093,252,1477,0
37102,510,1477,1
37106,926,1477,0
37107,928,1477,0
37109,1179,1477,0
37111,1317,1477,0
37114,1355,1477,0
37116,1422,1477,0
37119,51,1478,0
37125,739,1478,1
37126,784,1478,0
37129,898,1478,0
37130,1136,1478,0
37131,1148,1478,0
37154,74,1480,0
37157,307,1480,0
37161,739,1480,0
37165,904,1480,0
37166,928,1480,0
37170,1355,1480,0
37171,1403,1480,0
37175,122,1481,0
37176,187,1481,0
37177,451,1481,0
37180,593,1481,0
37181,689,1481,0
37182,772,1481,0
37186,998,1481,0
37192,1411,1481,0
37194,1475,1481,0
37200,692,1482,0
37201,739,1482,0
37206,928,1482,0
37208,987,1482,0
37211,1484,1482,0
37212,1620,1482,0
37233,28,1484,0
37234,78,1484,0
37237,215,1484,0
37239,265,1484,0
37245,1014,1484,0
37249,1326,1484,0
37250,1429,1484,0
37257,852,1485,0
37258,891,1485,0
37259,904,1485,0
37261,994,1485,0
37266,1328,1485,0
37267,1530,1485,0
37289,774,1487,0
37290,832,1487,0
37295,1299,1487,0
37298,1495,1487,0
37301,252,1488,0
37304,510,1488,0
37306,596,1488,0
37308,862,1488,0
37310,994,1488,1
37318,75,1489,0
37321,170,1489,0
37322,198,1489,0
37324,328,1489,0
37328,539,1489,0
37331,673,1489,0
37340,862,1489,0
37344,988,1489,1
37345,1018,1489,0
37348,1080,1489,1
37350,1107,1489,0
37352,1127,1489,0
37355,1274,1489,0
37360,1395,1489,0
37365,35,1490,0
37369,362,1490,0
37375,794,1490,0
37376,828,1490,0
37378,872,1490,0
37381,961,1490,0
37386,1290,1490,0
37392,1471,1490,0
37394,1533,1490,0
37395,1538,1490,0
37396,81,1491,0
37399,568,1491,0
37400,669,1491,1
37402,768,1491,0
37403,786,1491,0
37405,826,1491,0
37410,1031,1491,0
37413,1277,1491,0
37418,350,1492,0
37421,517,1492,0
37425,849,1492,0
37426,850,1492,0
37429,954,1492,0
37434,1353,1492,0
37435,1460,1492,0
37452,232,1494,0
37454,324,1494,1
37455,348,1494,0
37456,515,1494,0
37457,662,1494,0
37458,697,1494,0
37461,841,1494,0
37465,1419,1494,0
37466,1453,1494,0
37509,219,1496,0
37512,482,1496,0
37515,876,1496,0
37517,982,1496,0
37522,1596,1496,0
37525,78,1497,0
37527,127,1497,0
37539,298,1497,0
37542,482,1497,1
37544,502,1497,0
37546,539,1497,0
37547,548,1497,0
37553,664,1497,0
37554,673,1497,0
37555,678,1497,0
37556,699,1497,0
37558,750,1497,0
37560,756,1497,0
37565,803,1497,0
37568,851,1497,0
37570,862,1497,1
37572,876,1497,0
37573,904,1497,0
37575,928,1497,0
37578,1014,1497,0
37579,1018,1497,0
37589,1155,1497,0
37599,1276,1497,0
37604,1329,1497,1
37609,1386,1497,0
37610,1389,1497,0
37611,1398,1497,0
37614,1465,1497,0
37615,1479,1497,0
37616,1521,1497,0
37623,243,1498,0
37627,366,1498,0
37631,971,1498,0
37633,1080,1498,0
37640,1200,1498,0
37641,1285,1498,0
37645,1451,1498,0
37646,1566,1498,0
37648,1620,1498,0
37649,453,1499,0
37651,557,1499,0
37652,596,1499,0
37656,862,1499,0
37658,904,1499,0
37663,1160,1499,0
37666,1349,1499,0
37685,7,1501,0
37686,47,1501,0
37689,198,1501,0
37690,213,1501,0
37692,303,1501,0
37697,525,1501,0
37698,555,1501,0
37704,822,1501,0
37710,1221,1501,0
37711,1279,1501,0
37712,1334,1501,0
37714,1445,1501,0
37715,1450,1501,0
37718,513,1502,0
37720,679,1502,0
37721,794,1502,1
37727,998,1502,0
37729,1124,1502,0
37730,1139,1502,0
37731,1353,1502,0
37732,1579,1502,0
37738,134,1503,0
37740,246,1503,0
37742,276,1503,0
37747,304,1503,0
37751,411,1503,1
37752,412,1503,1
37755,425,1503,0
37756,432,1503,0
37758,576,1503,0
37761,633,1503,1
37770,868,1503,0
37771,869,1503,0
37775,961,1503,0
37776,983,1503,1
37777,998,1503,0
37781,1091,1503,1
37786,1214,1503,1
37787,1427,1503,0
37793,1512,1503,0
37796,1559,1503,0
37797,1608,1503,0
37816,343,1505,0
37817,516,1505,0
37818,542,1505,0
37822,939,1505,0
37823,988,1505,0
37825,1164,1505,0
37830,1596,1505,1
37863,156,1508,0
37865,372,1508,0
37866,538,1508,0
37867,583,1508,0
37868,736,1508,0
37869,794,1508,0
37873,1218,1508,0
37875,1498,1508,0
37960,205,1513,0
37961,247,1513,0
37965,895,1513,0
37967,1018,1513,0
37971,1303,1513,0
37975,430,1514,1
37977,704,1514,0
37981,891,1514,0
37983,967,1514,0
37987,1278,1514,0
37988,1285,1514,0
37989,1317,1514,0
38021,596,1516,0
38023,758,1516,0
38026,1014,1516,0
38029,1428,1516,0
38035,248,1517,0
38040,830,1517,0
38042,954,1517,0
38043,961,1517,0
38044,985,1517,0
38045,998,1517,0
38052,232,1518,0
38055,425,1518,0
38060,774,1518,0
38064,893,1518,1
38067,961,1518,0
38069,998,1518,0
38072,1239,1518,0
38073,1545,1518,0
38074,45,1519,0
38078,451,1519,0
38080,505,1519,0
38081,546,1519,0
38082,583,1519,0
38085,794,1519,0
38087,850,1519,0
38088,875,1519,0
38089,974,1519,0
38091,1146,1519,0
38093,1296,1519,0
38096,13,1520,0
38097,51,1520,0
38102,441,1520,1
38103,539,1520,0
38105,625,1520,0
38110,1018,1520,0
38116,1305,1520,0
38153,671,1522,0
38156,739,1522,0
38158,784,1522,0
38162,859,1522,0
38165,879,1522,0
38166,937,1522,0
38168,994,1522,0
38174,1105,1522,1
38176,1157,1522,0
38180,1279,1522,0
38182,1385,1522,0
38183,1515,1522,0
38332,28,1528,0
38334,251,1528,0
38335,381,1528,0
38340,525,1528,0
38342,1010,1528,0
38346,1422,1528,0
38347,1455,1528,0
38353,398,1529,0
38354,703,1529,0
38356,738,1529,0
38359,852,1529,0
38365,1071,1529,0
38368,1369,1529,0
38369,1389,1529,0
38484,150,1535,0
38485,246,1535,0
38487,451,1535,0
38498,1571,1535,0
38544,47,1538,1
38547,131,1538,0
38548,204,1538,1
38549,226,1538,0
38552,297,1538,1
38554,366,1538,0
38555,476,1538,0
38561,739,1538,0
38569,1014,1538,0
38570,1162,1538,0
38571,1203,1538,0
38574,1334,1538,0
38577,1487,1538,0
38579,1518,1538,0
38580,1550,1538,0
38582,1565,1538,0
38584,153,1539,0
38588,491,1539,0
38589,593,1539,0
38591,680,1539,0
38592,714,1539,0
38594,832,1539,0
38597,860,1539,0
38600,1091,1539,0
38604,1361,1539,0
38631,500,1541,0
38632,522,1541,0
38633,529,1541,0
38634,568,1541,0
38638,670,1541,0
38641,868,1541,0
38647,1361,1541,0
38651,17,1542,0
38652,76,1542,0
38653,170,1542,0
38654,247,1542,0
38657,739,1542,0
38658,753,1542,0
38666,1330,1542,0
38696,364,1545,0
38697,378,1545,0
38699,510,1545,0
38700,665,1545,0
38703,739,1545,0
38706,803,1545,0
38713,1378,1545,0
38735,476,1547,0
38736,548,1547,0
38739,629,1547,0
38744,982,1547,0
38747,1476,1547,0
38782,1,1550,1
38783,2,1550,1
38786,501,1550,0
38794,1057,1550,0
38798,1284,1550,0
38799,1521,1550,0
38800,1573,1550,0
38851,408,1553,0
38852,432,1553,0
38854,772,1553,0
38855,794,1553,0
38857,818,1553,0
38859,842,1553,0
38864,1290,1553,0
38906,69,1556,0
38908,91,1556,1
38910,118,1556,0
38914,308,1556,0
38915,340,1556,0
38917,406,1556,0
38918,415,1556,0
38922,674,1556,0
38925,828,1556,0
38932,1198,1556,0
38934,1239,1556,1
38940,1411,1556,0
38943,71,1557,0
38944,72,1557,0
38946,94,1557,0
38947,176,1557,0
38948,229,1557,0
38949,477,1557,0
38950,491,1557,0
38952,538,1557,0
38953,772,1557,0
39072,46,1559,1
39075,137,1559,0
39077,252,1559,0
39078,265,1559,0
39079,270,1559,0
39080,275,1559,0
39083,303,1559,0
39085,346,1559,0
39089,422,1559,0
39091,442,1559,1
39095,510,1559,1
39098,536,1559,0
39103,596,1559,1
39105,621,1559,0
39107,646,1559,0
39112,734,1559,1
39113,739,1559,1
39114,750,1559,0
39119,803,1559,0
39134,947,1559,0
39135,948,1559,0
39139,987,1559,0
39140,988,1559,0
39141,1010,1559,0
39147,1071,1559,0
39150,1084,1559,0
39154,1155,1559,0
39155,1156,1559,0
39156,1162,1559,0
39157,1164,1559,1
39169,1518,1559,0
39173,1566,1559,0
39175,1593,1559,0
39236,75,1562,0
39238,292,1562,0
39239,297,1562,0
39240,298,1562,0
39243,739,1562,0
39246,947,1562,0
39252,1317,1562,0
39254,1535,1562,0
39363,631,1567,0
39367,772,1567,0
39370,907,1567,0
39371,998,1567,0
39372,1003,1567,0
39373,1027,1567,0
39379,1376,1567,1
39483,174,1573,0
39487,425,1573,0
39491,1351,1573,0
39492,1353,1573,0
39494,1419,1573,0
39495,17,1574,0
39501,536,1574,0
39502,753,1574,0
39504,811,1574,0
39508,947,1574,0
39510,1071,1574,0
39513,1519,1574,0
39519,576,1575,0
39520,593,1575,0
39521,633,1575,0
39522,670,1575,0
39526,998,1575,0
39527,1019,1575,0
39528,1181,1575,0
39532,124,1576,0
39534,458,1576,0
39536,670,1576,0
39539,916,1576,1
39544,87,1577,0
39547,188,1577,0
39548,205,1577,0
39554,756,1577,0
39556,904,1577,0
39558,928,1577,0
39562,1596,1577,0
39563,139,1578,0
39564,265,1578,0
39568,510,1578,0
39569,516,1578,0
39571,982,1578,0
39597,17,1580,0
39598,39,1580,0
39599,114,1580,0
39601,364,1580,0
39605,703,1580,0
39608,870,1580,0
39611,947,1580,0
39615,1210,1580,0
39681,428,1584,0
39682,499,1584,0
39683,593,1584,0
39685,817,1584,0
39690,1376,1584,0
39703,138,1586,0
39707,567,1586,0
39708,631,1586,0
39709,652,1586,0
39710,669,1586,0
39711,764,1586,0
39712,771,1586,0
39713,772,1586,0
39716,860,1586,0
39717,875,1586,0
39719,961,1586,1
39720,978,1586,0
39721,1000,1586,0
39724,1146,1586,0
39736,1592,1586,1
39743,626,1587,0
39744,830,1587,0
39748,998,1587,0
39750,1324,1587,0
39751,1343,1587,1
39752,1506,1587,0
39754,232,1588,0
39757,583,1588,0
39761,907,1588,0
39764,1124,1588,0
39768,1340,1588,0
39787,114,1590,0
39791,285,1590,0
39795,578,1590,0
39799,692,1590,1
39801,758,1590,0
39802,784,1590,0
39806,1057,1590,0
39808,1191,1590,0
39809,1203,1590,0
39810,1568,1590,0
39812,97,1591,0
39817,657,1591,1
39823,779,1591,0
39825,794,1591,0
39828,935,1591,0
39829,954,1591,0
39833,1376,1591,0
39834,75,1592,0
39836,191,1592,0
39837,205,1592,0
39841,364,1592,0
39845,560,1592,0
39847,640,1592,0
39849,776,1592,0
39859,1591,1592,0
39907,465,1595,0
39908,471,1595,0
39909,536,1595,0
39916,848,1595,0
39917,862,1595,0
39919,982,1595,0
39920,988,1595,0
39921,1012,1595,0
39923,1075,1595,1
39927,1326,1595,0
39928,1334,1595,0
39931,1372,1595,1
39932,1467,1595,0
40011,25,1600,0
40013,215,1600,0
40016,337,1600,0
40017,476,1600,0
40019,536,1600,0
40025,994,1600,0
40026,1162,1600,0
40027,1203,1600,0
40033,91,1601,0
40034,94,1601,0
40038,160,1601,0
40045,324,1601,0
40047,362,1601,0
40052,428,1601,0
40054,461,1601,0
40057,522,1601,0
40059,626,1601,1
40060,632,1601,0
40061,726,1601,0
40063,742,1601,0
40064,764,1601,0
40066,791,1601,0
40070,888,1601,0
40074,956,1601,1
40079,1112,1601,0
40082,1139,1601,0
40088,1309,1601,1
40090,1311,1601,1
40101,1581,1601,0
40136,18,1604,0
40137,118,1604,0
40138,130,1604,0
40139,153,1604,0
40142,248,1604,1
40143,260,1604,0
40146,583,1604,0
40147,593,1604,0
40156,954,1604,0
40158,1464,1604,0
40159,59,1605,0
40160,204,1605,0
40164,468,1605,0
40166,617,1605,1
40172,994,1605,0
40177,1190,1605,0
40180,1250,1605,0
40181,1278,1605,0
40246,2,1609,0
40249,137,1609,0
40253,536,1609,0
40254,590,1609,0
40257,668,1609,0
40259,750,1609,0
40260,799,1609,0
40262,904,1609,1
40264,947,1609,1
40265,976,1609,0
40267,1109,1609,0
40268,1155,1609,0
40296,120,1611,0
40297,251,1611,0
40303,739,1611,0
40304,816,1611,0
40307,898,1611,0
40308,904,1611,1
40309,921,1611,0
40310,947,1611,1
40313,1148,1611,0
40317,1476,1611,0
40377,92,1615,1
40381,326,1615,0
40385,504,1615,1
40388,649,1615,0
40389,669,1615,0
40392,786,1615,0
40396,853,1615,0
40400,1052,1615,0
40403,1224,1615,0
40406,1277,1615,0
40408,1415,1615,0
40409,1553,1615,0
40411,555,1616,0
40412,668,1616,0
40416,799,1616,0
40419,987,1616,0
40420,1246,1616,0
40424,148,1617,0
40426,215,1617,0
40428,343,1617,1
40429,353,1617,0
40436,692,1617,0
40439,753,1617,0
40441,784,1617,0
40444,823,1617,1
40447,920,1617,0
40448,928,1617,0
40449,1074,1617,0
40452,1252,1617,0
40455,1315,1617,0
40459,177,1618,0
40462,517,1618,0
40464,593,1618,0
40465,779,1618,1
40470,1019,1618,0
40473,1411,1618,0
40505,164,1621,0
40511,273,1621,0
40513,390,1621,0
40515,525,1621,0
40517,614,1621,0
40519,664,1621,0
40522,784,1621,1
40524,802,1621,0
40527,902,1621,0
40528,904,1621,1
40530,947,1621,1
40532,1017,1621,0
40534,1022,1621,0
40541,1213,1621,0
40543,1618,1621,0
40549,583,1622,0
40550,595,1622,0
40554,650,1622,0
40555,661,1622,0
40559,794,1622,0
40562,935,1622,0
40564,998,1622,1
40566,1069,1622,0
40569,1187,1622,0
40570,1309,1622,0
40646,33,1626,0
40647,42,1626,0
40650,138,1626,0
40651,142,1626,0
40652,186,1626,0
40653,193,1626,0
40657,499,1626,0
40658,667,1626,1
40660,828,1626,0
40662,880,1626,0
40669,1182,1626,0
40671,1296,1626,0
40691,13,1628,1
40697,343,1628,0
40698,364,1628,0
40707,870,1628,0
40713,1221,1628,0
40715,1442,1628,0
40717,1594,1628,0
40735,772,1630,0
40736,774,1630,0
40737,830,1630,0
40741,1592,1630,0
40742,130,1631,1
40745,402,1631,0
40748,568,1631,0
40753,1229,1631,0
40755,1354,1631,0
40756,1391,1631,0
40757,1411,1631,0
40760,97,1632,0
40761,530,1632,0
40762,595,1632,0
40772,1045,1632,0
40773,1309,1632,0
40780,292,1633,0
40781,354,1633,0
40784,578,1633,0
40785,668,1633,1
40786,709,1633,0
40796,1385,1633,0
40798,1596,1633,0
40800,18,1634,0
40801,91,1634,0
40806,341,1634,0
40808,415,1634,0
40809,428,1634,0
40813,795,1634,0
40817,935,1634,0
40822,1277,1634,0
40823,1281,1634,1
40824,1391,1634,0
40831,78,1635,0
40833,360,1635,0
40834,439,1635,0
40838,848,1635,1
40842,911,1635,0
40846,1155,1635,0
40847,1210,1635,0
40848,1211,1635,0
40853,1446,1635,0
40883,538,1637,0
40884,583,1637,0
40885,593,1637,0
40888,727,1637,0
40891,875,1637,0
40894,1031,1637,0
40898,1471,1637,0
40901,18,1638,0
40903,202,1638,0
40906,694,1638,0
40908,794,1638,0
40909,813,1638,0
40913,1181,1638,0
40914,1224,1638,0
40918,145,1639,0
40919,378,1639,0
40921,590,1639,1
40922,623,1639,0
40924,673,1639,0
40931,1250,1639,0
40932,1363,1639,0
40935,72,1640,0
40939,451,1640,0
40940,477,1640,0
40941,493,1640,0
40942,529,1640,0
40946,679,1640,0
40947,736,1640,0
40978,79,1642,0
40984,786,1642,1
40986,841,1642,0
40989,1124,1642,0
40992,1572,1642,0
41015,15,1644,0
41016,67,1644,0
41019,211,1644,0
41022,648,1644,0
41023,671,1644,0
41026,802,1644,0
41029,852,1644,0
41030,942,1644,1
41032,1369,1644,0
41064,444,1646,0
41068,736,1646,0
41070,772,1646,1
41073,841,1646,0
41074,977,1646,0
41080,1553,1646,0
41081,1609,1646,0
41103,252,1648,0
41105,381,1648,0
41107,625,1648,0
41108,635,1648,0
41114,1148,1648,0
41116,1164,1648,0
41119,1334,1648,1
41120,1394,1648,0
41187,20,1652,0
41189,79,1652,0
41194,406,1652,0
41196,425,1652,0
41198,554,1652,0
41199,742,1652,0
41200,772,1652,0
41202,906,1652,0
41205,1198,1652,1
41209,1304,1652,1
41213,1495,1652,0
41214,1562,1652,0
41221,69,1653,0
41222,70,1653,0
41236,372,1653,0
41238,392,1653,0
41239,425,1653,0
41245,484,1653,1
41247,522,1653,0
41249,533,1653,0
41251,572,1653,0
41253,583,1653,1
41254,595,1653,0
41258,650,1653,1
41260,662,1653,0
41261,670,1653,0
41265,735,1653,0
41268,764,1653,0
41271,868,1653,0
41272,872,1653,0
41280,1019,1653,1
41283,1052,1653,0
41287,1090,1653,0
41293,1184,1653,0
41295,1225,1653,0
41298,1258,1653,1
41301,1304,1653,1
41304,1375,1653,1
41305,1397,1653,0
41309,1512,1653,0
41310,1612,1653,0
41396,94,1656,0
41399,142,1656,0
41401,274,1656,0
41405,408,1656,0
41408,425,1656,0
41410,484,1656,0
41411,553,1656,0
41415,583,1656,1
41417,633,1656,0
41420,742,1656,0
41421,786,1656,0
41436,1019,1656,1
41437,1031,1656,0
41442,1198,1656,1
41444,1208,1656,0
41445,1229,1656,0
41450,1376,1656,0
41452,1387,1656,0
41456,1538,1656,0
41459,1600,1656,0
41460,1608,1656,0
41483,339,1658,0
41486,463,1658,1
41490,768,1658,0
41491,779,1658,0
41492,794,1658,0
41494,875,1658,0
41498,1506,1658,0
41540,18,1661,0
41544,749,1661,0
41546,779,1661,0
41553,1112,1661,0
41554,1192,1661,0
41764,252,1672,0
41767,297,1672,0
41769,510,1672,0
41773,776,1672,0
41777,1278,1672,0
41780,227,1673,0
41781,321,1673,0
41782,471,1673,1
41787,758,1673,0
41790,1127,1673,0
41791,1141,1673,0
41795,1568,1673,0
41798,374,1674,0
41802,942,1674,1
41803,947,1674,0
41807,1157,1674,0
41809,1528,1674,0
41815,578,1675,0
41817,738,1675,0
41822,920,1675,0
41823,926,1675,0
41824,1100,1675,0
41825,1148,1675,0
41826,1160,1675,0
41827,1278,1675,1
41832,517,1676,0
41834,630,1676,0
41836,846,1676,0
41838,1214,1676,0
41841,1281,1676,0
41844,147,1677,0
41848,376,1677,0
41850,612,1677,0
41851,623,1677,0
41855,947,1677,0
41857,1060,1677,0
41858,1111,1677,0
41861,1221,1677,0
41926,42,1681,0
41931,512,1681,0
41934,786,1681,0
41939,1019,1681,0
41941,1139,1681,0
41942,1311,1681,0
41945,204,1682,0
41950,738,1682,0
41953,904,1682,0
41955,1075,1682,0
41956,1249,1682,0
41957,1334,1682,0
41958,1519,1682,0
41960,42,1683,0
41961,49,1683,0
41962,68,1683,0
41967,332,1683,0
41972,633,1683,1
41981,828,1683,0
41983,841,1683,0
41992,1150,1683,0
41997,1391,1683,0
41999,1495,1683,0
42001,1572,1683,1
42002,1579,1683,1
42003,1608,1683,1
42004,227,1684,0
42005,404,1684,0
42008,776,1684,0
42012,1155,1684,0
42015,1394,1684,0
42077,20,1688,0
42081,537,1688,0
42082,791,1688,0
42083,794,1688,0
42087,1000,1688,0
42089,1296,1688,0
42091,9,1689,0
42092,13,1689,1
42100,942,1689,0
42103,1191,1689,0
42105,1441,1689,0
42106,25,1690,0
42109,328,1690,0
42111,668,1690,1
42112,738,1690,0
42123,1210,1690,0
42124,1238,1690,0
42125,1269,1690,0
42126,1307,1690,0
42128,1374,1690,0
42130,1530,1690,0
42133,131,1691,0
42134,212,1691,0
42135,404,1691,0
42138,582,1691,0
42139,596,1691,0
42140,784,1691,0
42146,1211,1691,0
42148,1267,1691,0
42165,18,1693,0
42166,99,1693,0
42168,125,1693,0
42171,339,1693,0
42172,425,1693,0
42177,593,1693,1
42179,689,1693,0
42182,826,1693,0
42190,1312,1693,0
42193,1411,1693,0
42201,665,1694,0
42203,743,1694,0
42206,855,1694,0
42208,994,1694,1
42209,1200,1694,0
42211,1278,1694,0
42213,1518,1694,0
42214,1602,1694,0
42356,45,1702,0
42357,103,1702,0
42358,124,1702,0
42359,150,1702,0
42360,155,1702,0
42362,174,1702,0
42364,412,1702,0
42365,415,1702,0
42367,477,1702,1
42368,479,1702,0
42370,491,1702,0
42371,538,1702,0
42373,657,1702,0
42380,995,1702,1
42383,1192,1702,0
42387,1415,1702,0
42411,69,1704,0
42412,152,1704,0
42413,239,1704,1
42415,341,1704,0
42416,342,1704,0
42419,373,1704,0
42422,732,1704,0
42427,1239,1704,0
42428,1296,1704,0
42431,51,1705,0
42435,687,1705,0
42439,942,1705,0
42441,1107,1705,0
42442,1204,1705,0
42444,1422,1705,0
42445,1429,1705,0
42501,204,1708,0
42502,245,1708,0
42504,510,1708,0
42506,673,1708,0
42509,829,1708,0
42514,1107,1708,0
42522,160,1709,0
42525,408,1709,1
42527,415,1709,0
42530,460,1709,0
42531,461,1709,0
42532,649,1709,0
42536,824,1709,0
42539,909,1709,1
42541,935,1709,0
42544,995,1709,0
42546,1089,1709,1
42547,1187,1709,0
42583,292,1712,0
42584,321,1712,0
42587,671,1712,0
42591,1060,1712,0
42601,151,1713,0
42610,600,1713,0
42615,739,1713,0
42620,876,1713,1
42622,895,1713,1
42623,904,1713,1
42624,928,1713,0
42626,947,1713,1
42629,1040,1713,0
42635,1203,1713,0
42640,1334,1713,0
42641,1394,1713,0
42643,1515,1713,0
42653,533,1714,0
42655,727,1714,0
42656,794,1714,0
42659,820,1714,0
42661,850,1714,0
42662,871,1714,0
42668,1090,1714,0
42669,1112,1714,0
42670,1181,1714,0
42671,1198,1714,0
42673,1245,1714,0
42674,1273,1714,1
42678,1365,1714,0
42683,41,1715,0
42685,147,1715,0
42687,183,1715,0
42689,218,1715,0
42692,363,1715,0
42694,465,1715,0
42701,876,1715,1
42702,895,1715,1
42703,904,1715,1
42705,967,1715,0
42707,1211,1715,0
42709,1374,1715,0
42857,46,1719,0
42860,741,1719,0
42862,852,1719,0
42868,1428,1719,0
42917,252,1723,0
42919,321,1723,0
42921,648,1723,0
42922,703,1723,0
42926,928,1723,0
42930,1203,1723,1
42932,49,1724,0
42935,284,1724,0
42937,458,1724,0
42942,779,1724,0
42943,795,1724,0
42947,961,1724,0
42948,1027,1724,0
42951,1494,1724,0
42956,422,1725,0
42957,673,1725,0
42959,743,1725,0
42960,776,1725,0
42962,816,1725,0
42965,1080,1725,0
42970,1518,1725,0
42986,7,1727,0
42987,87,1727,0
42988,194,1727,0
42991,740,1727,1
42993,904,1727,0
42994,1106,1727,0
42997,1598,1727,0
43051,70,1731,0
43055,369,1731,0
43057,515,1731,0
43058,594,1731,0
43060,953,1731,0
43067,1607,1731,1
43080,9,1733,0
43081,25,1733,0
43088,298,1733,0
43090,456,1733,0
43092,468,1733,0
43093,516,1733,0
43094,566,1733,0
43100,928,1733,1
43103,947,1733,0
43112,1385,1733,0
43114,1565,1733,0
43119,646,1734,0
43120,743,1734,0
43121,753,1734,0
43125,1278,1734,1
43126,1385,1734,0
43169,78,1737,0
43170,120,1737,0
43171,219,1737,0
43172,275,1737,0
43175,346,1737,0
43179,468,1737,0
43180,482,1737,0
43183,510,1737,0
43185,578,1737,0
43188,651,1737,0
43194,898,1737,0
43197,973,1737,0
43199,1040,1737,1
43201,1057,1737,1
43213,62,1738,0
43214,164,1738,0
43215,290,1738,0
43218,582,1738,0
43220,668,1738,1
43221,741,1738,0
43223,776,1738,0
43227,1057,1738,1
43277,227,1741,0
43282,617,1741,0
43284,651,1741,0
43286,829,1741,0
43291,1429,1741,0
43301,859,1742,0
43302,1004,1742,0
43303,1015,1742,0
43304,1057,1742,1
43305,1111,1742,0
43306,1317,1742,0
43312,79,1743,0
43313,134,1743,0
43315,312,1743,0
43317,406,1743,0
43318,410,1743,0
43320,484,1743,0
43322,546,1743,0
43327,794,1743,0
43335,983,1743,0
43341,1131,1743,0
43345,1245,1743,0
43346,1277,1743,0
43349,1340,1743,1
43350,1354,1743,0
43353,1581,1743,0
43357,82,1744,0
43358,122,1744,0
43359,193,1744,0
43361,779,1744,0
43363,881,1744,0
43366,995,1744,0
43429,72,1748,0
43431,261,1748,0
43435,786,1748,0
43440,1139,1748,0
43443,1192,1748,0
43497,35,1752,0
43509,160,1752,0
43512,187,1752,0
43519,217,1752,1
43523,229,1752,0
43525,239,1752,0
43526,240,1752,0
43529,260,1752,0
43531,266,1752,0
43533,278,1752,1
43536,284,1752,0
43538,304,1752,0
43540,324,1752,0
43541,350,1752,0
43544,428,1752,0
43549,477,1752,0
43554,546,1752,0
43555,550,1752,0
43559,669,1752,0
43563,701,1752,0
43564,725,1752,0
43567,749,1752,0
43569,768,1752,0
43571,786,1752,0
43572,794,1752,0
43581,842,1752,0
43582,847,1752,0
43587,871,1752,0
43595,954,1752,0
43596,956,1752,0
43599,969,1752,0
43600,970,1752,0
43604,1027,1752,0
43610,1055,1752,0
43618,1187,1752,1
43621,1232,1752,0
43622,1243,1752,1
43629,1289,1752,0
43630,1290,1752,1
43631,1296,1752,0
43637,1356,1752,0
43639,1384,1752,0
43641,1411,1752,0
43642,1417,1752,0
43647,1473,1752,0
43649,1488,1752,0
43653,1525,1752,0
43654,1533,1752,0
43655,1544,1752,0
43658,1559,1752,0
43659,1581,1752,0
43660,1590,1752,0
43778,218,1758,0
43785,741,1758,0
43790,1284,1758,0
43791,1602,1758,0
43817,79,1760,0
43819,246,1760,0
43823,669,1760,0
43824,679,1760,0
43825,794,1760,0
43830,1,1761,0
43832,132,1761,0
43834,251,1761,0
43839,465,1761,0
43842,596,1761,0
43845,629,1761,0
43846,646,1761,0
43849,738,1761,0
43854,891,1761,0
43855,1004,1761,0
43859,1267,1761,0
43862,1285,1761,0
43871,284,1762,0
43873,460,1762,0
43875,512,1762,0
43876,662,1762,0
43881,1184,1762,0
43883,1609,1762,0
43995,51,1768,0
43997,247,1768,0
43998,252,1768,1
44000,263,1768,0
44001,290,1768,0
44006,564,1768,0
44007,734,1768,0
44010,967,1768,0
44011,994,1768,0
44016,1250,1768,0
44017,1401,1768,0
44047,76,1770,0
44056,253,1770,0
44059,355,1770,0
44065,510,1770,0
44067,582,1770,0
44077,870,1770,1
44080,928,1770,0
44081,987,1770,0
44085,1203,1770,0
44089,1315,1770,0
44091,1363,1770,0
44094,1422,1770,0
44095,1496,1770,0
44098,97,1771,0
44100,209,1771,0
44105,772,1771,0
44108,841,1771,0
44109,850,1771,0
44110,883,1771,0
44113,1187,1771,0
44117,13,1772,0
44120,343,1772,0
44121,354,1772,0
44122,398,1772,1
44131,20,1773,0
44134,408,1773,0
44137,657,1773,0
44139,817,1773,0
44142,893,1773,0
44146,1003,1773,0
44216,372,1777,0
44217,428,1777,0
44219,544,1777,0
44220,575,1777,1
44223,768,1777,0
44227,961,1777,0
44228,974,1777,0
44231,1243,1777,0
44233,1411,1777,0
44240,525,1778,0
44241,571,1778,0
44243,738,1778,0
44244,739,1778,0
44245,753,1778,0
44253,1378,1778,0
44254,1446,1778,0
44255,1620,1778,0
44344,332,1782,0
44347,405,1782,1
44348,425,1782,0
44349,451,1782,0
44352,727,1782,0
44356,772,1782,0
44357,779,1782,0
44360,820,1782,0
44364,954,1782,0
44366,1023,1782,0
44373,1402,1782,0
44375,1590,1782,0
44376,1607,1782,0
44414,145,1784,0
44416,216,1784,0
44418,596,1784,1
44424,895,1784,0
44426,1546,1784,0
44450,97,1786,0
44451,122,1786,0
44454,772,1786,0
44455,798,1786,1
44457,841,1786,0
44458,860,1786,0
44459,893,1786,0
44468,170,1787,0
44471,614,1787,0
44472,739,1787,0
44474,904,1787,0
44478,1515,1787,0
44507,568,1789,0
44510,779,1789,1
44511,794,1789,0
44512,842,1789,0
44516,141,1790,0
44519,343,1790,0
44520,470,1790,0
44524,948,1790,0
44526,1129,1790,0
44528,1157,1790,0
44531,49,1791,0
44532,125,1791,0
44533,159,1791,0
44536,451,1791,1
44537,522,1791,0
44544,998,1791,0
44546,1181,1791,0
44570,649,1793,0
44571,742,1793,0
44572,832,1793,0
44574,1137,1793,0
44619,209,1796,0
44620,284,1796,1
44622,373,1796,0
44627,530,1796,0
44629,593,1796,0
44630,598,1796,0
44634,779,1796,0
44635,786,1796,0
44641,1319,1796,0
44669,525,1798,0
44670,545,1798,0
44672,596,1798,0
44673,623,1798,1
44674,668,1798,0
44675,671,1798,0
44681,1160,1798,0
44684,1249,1798,0
44825,60,1803,1
44827,137,1803,0
44830,252,1803,0
44832,545,1803,0
44834,753,1803,0
44841,947,1803,0
44842,976,1803,0
44854,875,1804,0
44857,998,1804,0
44858,1046,1804,0
44859,1131,1804,0
44860,1163,1804,0
44862,1324,1804,0
44865,1498,1804,0
44885,460,1806,0
44886,537,1806,0
44892,875,1806,0
44893,888,1806,0
44895,953,1806,0
44921,173,1808,0
44929,853,1808,0
44930,888,1808,0
44931,917,1808,0
44933,1537,1808,0
45007,17,1813,0
45011,285,1813,0
45018,734,1813,0
45021,862,1813,0
45022,942,1813,0
45026,1148,1813,0
45029,1303,1813,0
45031,1390,1813,0
45033,1620,1813,0
45165,639,1818,0
45167,680,1818,1
45171,842,1818,0
45172,954,1818,0
45173,974,1818,0
45176,1218,1818,0
45177,1281,1818,0
45178,1299,1818,0
45224,115,1821,0
45225,662,1821,0
45227,701,1821,0
45230,830,1821,0
45233,935,1821,0
45238,1488,1821,0
45276,196,1823,0
45283,794,1823,0
45288,1003,1823,0
45289,1198,1823,0
45291,1525,1823,0
45292,1553,1823,1
45323,248,1825,0
45325,533,1825,0
45326,626,1825,0
45329,786,1825,0
45334,935,1825,0
45335,983,1825,0
45339,1361,1825,0
45386,204,1828,0
45387,294,1828,0
45390,612,1828,0
45393,947,1828,0
45395,1278,1828,0
45396,1334,1828,1
45398,61,1829,1
45402,250,1829,0
45407,460,1829,0
45409,517,1829,0
45411,552,1829,1
45413,585,1829,0
45414,593,1829,0
45421,694,1829,0
45422,713,1829,0
45426,742,1829,0
45428,768,1829,0
45429,832,1829,0
45434,995,1829,0
45438,1079,1829,1
45451,1353,1829,0
45454,1411,1829,0
45456,1488,1829,0
45458,1525,1829,0
45459,1600,1829,0
45460,308,1830,0
45461,554,1830,0
45462,719,1830,0
45463,730,1830,0
45466,794,1830,0
45473,1525,1830,0
45495,478,1832,0
45498,567,1832,0
45499,575,1832,0
45503,779,1832,0
45508,969,1832,0
45529,276,1834,0
45532,652,1834,0
45533,697,1834,0
45535,869,1834,0
45536,1225,1834,0
45538,1309,1834,0
45542,75,1835,0
45546,263,1835,0
45555,848,1835,0
45559,994,1835,0
45561,1057,1835,0
45562,1067,1835,0
45563,1075,1835,1
45565,1107,1835,0
45566,1108,1835,0
45574,1372,1835,1
45577,1565,1835,0
45578,1593,1835,1
45630,272,1839,0
45633,739,1839,0
45638,921,1839,0
45639,948,1839,0
45642,1127,1839,0
45646,1450,1839,0
45708,248,1842,0
45711,451,1842,0
45713,593,1842,1
45714,714,1842,0
45719,1299,1842,0
45801,350,1847,0
45802,405,1847,0
45809,893,1847,0
45812,1150,1847,0
45814,1224,1847,0
45815,1239,1847,0
45854,94,1850,0
45857,593,1850,0
45858,639,1850,0
45862,736,1850,0
45863,774,1850,0
45864,779,1850,0
45865,893,1850,0
45868,977,1850,0
45869,1046,1850,0
45960,118,1856,0
45965,558,1856,0
45967,638,1856,0
45968,670,1856,1
45971,1280,1856,0
45974,284,1857,0
45975,332,1857,0
45976,424,1857,0
45984,824,1857,0
45986,841,1857,0
45989,954,1857,0
45991,1112,1857,0
45996,1356,1857,0
45998,1498,1857,0
46038,216,1860,0
46042,739,1860,0
46045,948,1860,0
46048,1278,1860,0
46049,1386,1860,0
46051,1514,1860,0
46052,1588,1860,0
46053,19,1861,0
46054,197,1861,0
46056,294,1861,0
46058,528,1861,0
46060,751,1861,0
46067,1615,1861,0
46089,313,1863,0
46096,998,1863,1
46097,1090,1863,0
46098,1112,1863,0
46099,1146,1863,0
46100,1180,1863,0
46101,1312,1863,0
46107,439,1864,0
46108,569,1864,0
46111,623,1864,0
46112,646,1864,0
46120,852,1864,0
46121,904,1864,0
46123,947,1864,0
46125,1100,1864,0
46127,1155,1864,0
46128,1160,1864,0
46150,118,1866,0
46154,655,1866,0
46156,772,1866,0
46158,881,1866,0
46161,1351,1866,0
46163,1365,1866,0
46164,1397,1866,0
46166,2,1867,0
46169,346,1867,0
46170,418,1867,0
46172,739,1867,0
46174,902,1867,0
46175,1057,1867,0
46196,38,1869,0
46197,42,1869,0
46200,91,1869,0
46201,92,1869,0
46206,284,1869,0
46207,324,1869,0
46209,373,1869,0
46211,553,1869,0
46212,594,1869,0
46213,598,1869,1
46214,610,1869,0
46216,670,1869,0
46222,828,1869,0
46224,841,1869,0
46234,1112,1869,1
46239,1453,1869,0
46244,1562,1869,0
46247,270,1870,0
46248,357,1870,0
46250,442,1870,0
46251,586,1870,0
46256,1136,1870,0
46257,1160,1870,0
46259,1285,1870,0
46267,593,1871,0
46268,649,1871,0
46269,674,1871,0
46275,818,1871,0
46277,832,1871,0
46279,871,1871,0
46280,872,1871,0
46282,954,1871,0
46286,1090,1871,0
46289,1196,1871,0
46290,1239,1871,0
46292,1324,1871,0
46309,226,1873,0
46311,337,1873,0
46314,591,1873,0
46319,848,1873,1
46324,947,1873,0
46325,994,1873,0
46330,1330,1873,0
46335,1519,1873,0
46341,451,1874,0
46342,779,1874,1
46347,977,1874,0
46348,1036,1874,0
46350,1112,1874,0
46352,1196,1874,0
46354,1338,1874,0
46356,1417,1874,0
46360,284,1875,0
46361,308,1875,0
46362,425,1875,0
46366,732,1875,0
46369,841,1875,0
46372,1170,1875,0
46377,74,1876,0
46379,252,1876,0
46381,285,1876,0
46388,891,1876,0
46389,967,1876,0
46393,1372,1876,0
46397,1569,1876,0
46398,1611,1876,0
46442,303,1879,0
46448,921,1879,0
46449,937,1879,0
46450,1017,1879,0
46454,1141,1879,0
46457,1279,1879,0
46458,1395,1879,1
46460,1486,1879,0
46493,33,1881,0
46495,79,1881,0
46497,99,1881,0
46502,232,1881,0
46505,248,1881,0
46507,312,1881,0
46512,632,1881,0
46513,652,1881,0
46515,708,1881,0
46516,725,1881,0
46522,832,1881,1
46524,847,1881,0
46525,853,1881,0
46528,864,1881,0
46529,875,1881,1
46535,970,1881,0
46543,1121,1881,1
46546,1185,1881,0
46548,1281,1881,0
46558,1449,1881,0
46560,1495,1881,0
46565,13,1882,0
46567,78,1882,0
46571,211,1882,0
46574,285,1882,0
46576,430,1882,0
46577,566,1882,0
46578,577,1882,0
46579,612,1882,0
46584,738,1882,0
46594,947,1882,0
46597,987,1882,0
46599,1074,1882,0
46602,1162,1882,0
46603,1246,1882,0
46609,1363,1882,1
46611,1395,1882,0
46612,1403,1882,0
46619,199,1883,0
46620,252,1883,0
46624,363,1883,0
46627,442,1883,0
46628,586,1883,0
46632,904,1883,1
46633,947,1883,1
46635,1080,1883,0
46641,1594,1883,0
46643,164,1884,0
46644,252,1884,0
46646,353,1884,0
46650,776,1884,0
46657,1303,1884,0
46662,163,1885,0
46664,218,1885,0
46666,273,1885,1
46667,298,1885,0
46674,1496,1885,0
46841,13,1889,0
46844,321,1889,0
46845,510,1889,0
46847,569,1889,1
46854,904,1889,0
46855,931,1889,0
46858,1012,1889,0
46859,1203,1889,0
46860,1259,1889,0
46862,13,1890,0
46863,252,1890,0
46864,381,1890,0
46867,586,1890,1
46873,784,1890,0
46875,1157,1890,0
46880,1334,1890,0
46882,35,1891,0
46889,786,1891,1
46891,893,1891,0
46892,969,1891,0
46893,1198,1891,0
46894,1232,1891,0
46934,9,1894,0
46938,920,1894,0
46940,1105,1894,0
46942,1267,1894,0
47006,308,1898,0
47007,342,1898,0
47012,779,1898,0
47014,850,1898,0
47016,1146,1898,0
47018,1239,1898,0
47022,49,1899,0
47023,159,1899,0
47026,575,1899,0
47027,669,1899,0
47029,779,1899,0
47031,850,1899,0
47034,961,1899,0
47038,1411,1899,0
47040,1495,1899,0
47067,142,1901,0
47069,631,1901,0
47071,786,1901,0
47075,881,1901,0
47081,1545,1901,0
47085,381,1902,0
47087,591,1902,0
47089,668,1902,0
47095,928,1902,0
47097,982,1902,0
47099,1327,1902,0
47100,1398,1902,0
47101,1480,1902,0
47108,593,1903,0
47110,828,1903,0
47114,1258,1903,0
47116,1488,1903,0
47117,61,1904,0
47118,64,1904,0
47122,448,1904,0
47123,544,1904,0
47124,661,1904,0
47125,680,1904,0
47126,779,1904,0
47152,97,1906,0
47154,159,1906,0
47156,424,1906,0
47158,552,1906,0
47159,607,1906,0
47161,708,1906,0
47163,813,1906,0
47164,826,1906,0
47166,868,1906,1
47173,1375,1906,0
47176,1544,1906,0
47177,13,1907,0
47178,60,1907,0
47180,148,1907,0
47181,197,1907,0
47182,219,1907,0
47183,252,1907,0
47227,212,1910,0
47229,482,1910,0
47232,709,1910,0
47236,942,1910,0
47237,1099,1910,0
47238,1278,1910,1
47297,79,1914,0
47301,772,1914,0
47302,833,1914,0
47306,954,1914,0
47307,1124,1914,0
47316,496,1915,0
47318,530,1915,0
47324,880,1915,1
47327,1229,1915,0
47331,1471,1915,0
47332,1571,1915,0
47334,89,1916,0
47335,284,1916,0
47336,553,1916,0
47341,1046,1916,0
47343,1311,1916,0
47344,1356,1916,0
47346,252,1917,0
47348,355,1917,0
47351,591,1917,0
47352,596,1917,0
47354,665,1917,0
47355,673,1917,0
47361,1346,1917,0
47364,153,1918,0
47365,156,1918,0
47366,250,1918,0
47368,362,1918,0
47370,697,1918,0
47373,794,1918,0
47375,893,1918,0
47376,974,1918,0
47377,1003,1918,1
47381,1354,1918,0
47382,33,1919,0
47383,35,1919,0
47386,649,1919,1
47387,689,1919,0
47389,786,1919,0
47394,977,1919,0
47396,1166,1919,0
47400,60,1920,0
47407,482,1920,1
47410,664,1920,0
47413,750,1920,0
47418,902,1920,0
47420,1040,1920,0
47421,1075,1920,0
47423,1155,1920,0
47452,163,1922,1
47453,164,1922,1
47455,199,1922,0
47458,262,1922,0
47460,292,1922,0
47461,297,1922,1
47462,328,1922,0
47463,398,1922,0
47471,516,1922,0
47472,560,1922,0
47473,629,1922,1
47474,678,1922,1
47476,699,1922,0
47482,814,1922,0
47484,852,1922,0
47490,1004,1922,0
47496,1160,1922,0
47497,1200,1922,0
47500,1252,1922,0
47516,1598,1922,0
47554,376,1925,0
47555,382,1925,0
47561,1107,1925,0
47563,1129,1925,0
47564,1210,1925,0
47565,1278,1925,1
47566,1389,1925,0
47651,285,1930,0
47652,678,1930,0
47653,753,1930,0
47656,799,1930,0
47660,1057,1930,0
47663,1484,1930,0
47669,530,1931,0
47674,842,1931,0
47677,1150,1931,0
47679,1270,1931,0
47680,1453,1931,0
47681,1506,1931,0
47686,569,1932,0
47687,571,1932,0
47689,739,1932,0
47694,852,1932,1
47699,1316,1932,0
47700,1593,1932,0
47701,1615,1932,0
47708,340,1933,0
47709,583,1933,0
47710,598,1933,0
47711,772,1933,0
47714,888,1933,0
47716,1091,1933,0
47745,159,1935,0
47748,348,1935,0
47751,794,1935,0
47755,1031,1935,0
47757,1112,1935,0
47759,1391,1935,0
47790,138,1938,0
47793,300,1938,0
47794,313,1938,0
47795,342,1938,0
47798,496,1938,0
47802,598,1938,1
47807,736,1938,0
47814,826,1938,1
47818,868,1938,0
47822,1069,1938,0
47823,1089,1938,0
47825,1112,1938,1
47836,1402,1938,0
47837,1411,1938,0
47838,1427,1938,0
47844,1607,1938,0
47846,2,1939,0
47847,163,1939,0
47849,453,1939,0
47851,582,1939,0
47852,629,1939,0
47856,870,1939,0
47857,942,1939,0
47867,243,1940,0
47869,422,1940,0
47870,465,1940,0
47872,784,1940,0
47875,859,1940,0
47878,994,1940,0
47879,1012,1940,0
47882,1388,1940,0
47884,153,1941,1
47890,308,1941,0
47891,408,1941,0
47892,425,1941,0
47896,667,1941,0
47898,1019,1941,0
47900,1181,1941,0
47903,1312,1941,0
47905,1397,1941,0
47906,1411,1941,0
47907,1493,1941,0
47909,1559,1941,0
47910,1562,1941,0
47911,1592,1941,0
48053,45,1949,0
48059,593,1949,0
48061,888,1949,0
48065,1453,1949,0
48066,1579,1949,0
48067,9,1950,0
48069,191,1950,0
48070,265,1950,0
48071,328,1950,0
48073,476,1950,0
48081,70,1951,0
48082,71,1951,1
48083,193,1951,0
48086,451,1951,0
48091,830,1951,0
48094,1019,1951,0
48096,1218,1951,0
48098,1536,1951,0
48119,160,1953,0
48120,248,1953,0
48123,485,1953,1
48124,513,1953,0
48125,794,1953,0
48128,893,1953,0
48129,998,1953,0
48141,560,1954,1
48142,596,1954,0
48144,802,1954,0
48150,939,1954,0
48151,947,1954,0
48153,1040,1954,0
48155,1374,1954,1
48156,1378,1954,0
48162,219,1955,0
48165,635,1955,0
48166,647,1955,0
48174,947,1955,0
48175,973,1955,0
48180,1179,1955,0
48181,1203,1955,0
48183,1238,1955,0
48185,1294,1955,0
48188,1378,1955,0
48192,1451,1955,0
48209,13,1957,0
48213,709,1957,0
48216,928,1957,0
48218,1157,1957,0
48241,20,1959,0
48242,79,1959,0
48243,159,1959,0
48245,193,1959,0
48250,598,1959,0
48254,830,1959,0
48257,995,1959,0
48259,1181,1959,1
48260,1232,1959,0
48265,39,1960,0
48269,596,1960,0
48270,734,1960,0
48278,1450,1960,0
48279,1496,1960,0
48280,1588,1960,0
48297,141,1962,0
48299,591,1962,0
48305,1109,1962,0
48307,1334,1962,0
48308,1355,1962,0
48319,164,1963,0
48323,188,1963,0
48326,242,1963,0
48327,252,1963,0
48329,272,1963,0
48330,275,1963,0
48341,591,1963,0
48344,651,1963,0
48346,678,1963,0
48348,703,1963,0
48354,858,1963,0
48357,878,1963,0
48359,891,1963,1
48360,895,1963,0
48361,911,1963,0
48368,1012,1963,1
48375,1127,1963,1
48379,1205,1963,0
48387,1403,1963,0
48389,1413,1963,0
48390,1429,1963,0
48391,1442,1963,0
48392,1445,1963,0
48393,1450,1963,0
48396,1480,1963,0
48400,1514,1963,0
48401,1519,1963,0
48442,682,1966,0
48446,852,1966,0
48448,942,1966,0
48450,1190,1966,0
48451,1269,1966,0
48547,485,1970,0
48550,860,1970,0
48552,998,1970,0
48554,1277,1970,0
48555,1296,1970,0
48557,1475,1970,0
48558,68,1971,0
48561,828,1971,1
48562,830,1971,0
48569,1139,1971,0
48570,1197,1971,0
48571,1311,1971,0
48597,571,1973,0
48598,678,1973,0
48599,816,1973,0
48607,1566,1973,0
48680,131,1975,0
48681,132,1975,0
48682,254,1975,0
48685,354,1975,0
48690,586,1975,0
48691,709,1975,0
48695,896,1975,0
48696,904,1975,0
48700,1429,1975,0
48702,1486,1975,0
48704,75,1976,0
48707,617,1976,0
48709,738,1976,0
48713,858,1976,0
48720,998,1977,0
48721,1280,1977,0
48725,1607,1977,0
48807,118,1982,0
48808,153,1982,0
48812,284,1982,0
48814,576,1982,0
48815,708,1982,0
48817,772,1982,0
48819,917,1982,0
48822,83,1983,0
48823,114,1983,0
48824,137,1983,0
48825,200,1983,0
48826,548,1983,0
48827,617,1983,1
48830,1190,1983,0
49050,25,1993,0
49052,252,1993,0
49053,442,1993,0
49056,625,1993,0
49057,629,1993,0
49062,1148,1993,0
49077,7,1995,0
49078,183,1995,0
49081,267,1995,0
49084,328,1995,0
49085,378,1995,0
49086,586,1995,0
49091,895,1995,0
49092,904,1995,0
49134,170,1998,0
49135,381,1998,0
49137,398,1998,0
49142,855,1998,0
49144,947,1998,0
49146,982,1998,0
49150,1315,1998,0
49175,13,2000,0
49176,17,2000,0
49180,665,2000,0
49181,753,2000,0
49183,803,2000,1
49185,947,2000,0
49215,97,2002,0
49220,304,2002,0
49221,411,2002,0
49224,575,2002,0
49225,598,2002,0
49226,662,2002,0
49230,909,2002,1
49235,182,2003,0
49240,510,2003,0
49241,566,2003,0
49243,678,2003,0
49245,741,2003,0
49247,870,2003,0
49248,879,2003,0
49257,411,2004,0
49258,485,2004,0
49259,546,2004,0
49260,568,2004,0
49263,826,2004,0
49267,1055,2004,0
49270,1351,2004,0
49320,321,2007,0
49321,355,2007,0
49322,456,2007,0
49324,784,2007,0
49334,555,2008,0
49338,623,2008,0
49340,739,2008,0
49343,852,2008,0
49344,904,2008,0
49345,939,2008,0
49347,1108,2008,0
49348,1307,2008,0
49355,254,2009,1
49357,270,2009,0
49362,994,2009,0
49364,1211,2009,0
49367,1593,2009,0
49408,381,2012,0
49412,751,2012,1
49415,895,2012,0
49416,947,2012,0
49417,1160,2012,0
49421,1349,2012,0
49422,15,2013,0
49424,216,2013,0
49425,265,2013,1
49426,358,2013,0
49429,560,2013,0
49434,852,2013,0
49435,855,2013,0
49440,1428,2013,0
49532,130,2018,0
49533,160,2018,0
49540,662,2018,0
49541,719,2018,0
49543,772,2018,0
49544,794,2018,0
49547,826,2018,0
49548,832,2018,0
49551,907,2018,0
49553,961,2018,1
49556,1069,2018,0
49561,1391,2018,0
49562,1411,2018,0
49563,1427,2018,0
49564,1600,2018,0
49567,533,2019,0
49570,794,2019,0
49574,935,2019,0
49575,969,2019,0
49578,1410,2019,1
49579,1419,2019,0
49584,340,2020,0
49586,684,2020,0
49589,764,2020,0
49592,868,2020,0
49596,1061,2020,0
49602,564,2021,0
49607,1141,2021,0
49609,1316,2021,0
49610,1445,2021,0
49611,1450,2021,0
49675,38,2025,0
49679,82,2025,0
49687,156,2025,0
49690,176,2025,0
49693,209,2025,0
49695,229,2025,0
49697,240,2025,0
49704,300,2025,0
49705,312,2025,0
49706,313,2025,0
49707,316,2025,0
49709,326,2025,0
49712,340,2025,0
49713,342,2025,0
49715,361,2025,0
49719,408,2025,0
49720,410,2025,0
49725,446,2025,0
49726,454,2025,0
49730,478,2025,0
49733,512,2025,0
49734,513,2025,0
49736,538,2025,0
49737,544,2025,0
49739,558,2025,0
49742,583,2025,0
49746,610,2025,0
49747,631,2025,0
49748,636,2025,0
49751,674,2025,0
49753,680,2025,0
49756,730,2025,0
49757,735,2025,0
49760,768,2025,0
49765,786,2025,0
49769,794,2025,1
49770,798,2025,0
49774,828,2025,1
49775,832,2025,1
49778,841,2025,0
49780,860,2025,0
49783,875,2025,1
49785,880,2025,0
49788,893,2025,1
49824,1091,2025,0
49833,1163,2025,0
49837,1183,2025,0
49838,1184,2025,0
49839,1187,2025,0
49845,1214,2025,0
49846,1230,2025,1
49856,1296,2025,1
49863,1384,2025,0
49866,1411,2025,0
49871,1464,2025,0
49880,1545,2025,0
49883,1581,2025,0
49887,1601,2025,0
49890,1617,2025,0
49970,176,2027,0
49971,232,2027,0
49974,779,2027,0
49977,1231,2027,0
49978,1232,2027,0
49992,354,2029,0
49996,799,2029,1
49999,947,2029,0
50001,1015,2029,0
50004,1203,2029,0
50007,1413,2029,0
50039,265,2031,0
50040,328,2031,0
50045,994,2031,1
50046,1012,2031,0
50048,1327,2031,0
50053,177,2032,0
50055,479,2032,0
50056,772,2032,0
50057,828,2032,0
50060,907,2032,0
50061,917,2032,0
50062,1027,2032,0
50067,1281,2032,0
50088,124,2034,0
50089,138,2034,0
50091,177,2034,0
50094,260,2034,1
50095,261,2034,1
50097,408,2034,0
50100,554,2034,1
50104,794,2034,0
50108,850,2034,0
50113,1258,2034,0
50122,145,2035,0
50125,525,2035,0
50127,617,2035,0
50128,623,2035,0
50132,855,2035,0
50140,756,2036,0
50142,799,2036,0
50145,895,2036,0
50148,1127,2036,0
50151,1355,2036,0
50177,315,2038,0
50178,326,2038,0
50180,530,2038,0
50186,860,2038,0
50189,961,2038,0
50192,153,2039,0
50193,202,2039,0
50195,454,2039,0
50196,463,2039,0
50202,847,2039,0
50203,995,2039,0
50256,200,2042,0
50257,252,2042,1
50258,265,2042,0
50262,586,2042,0
50264,678,2042,0
50267,904,2042,0
50269,1057,2042,0
50270,1100,2042,0
50271,1160,2042,0
50272,1278,2042,0
50276,61,2043,0
50281,478,2043,0
50282,529,2043,0
50283,714,2043,0
50284,725,2043,0
50289,1338,2043,0
50290,1453,2043,0
50314,13,2045,0
50321,584,2045,0
50323,673,2045,0
50326,1100,2045,0
50328,1136,2045,0
50330,1267,2045,0
50331,1317,2045,0
50334,194,2046,0
50336,275,2046,0
50342,596,2046,0
50344,784,2046,0
50348,895,2046,0
50352,1012,2046,0
50354,1203,2046,0
50355,1213,2046,0
50356,1278,2046,0
50361,577,2047,0
50364,665,2047,0
50369,948,2047,0
50370,1017,2047,0
50373,1141,2047,0
50374,1148,2047,0
50379,1519,2047,0
50383,38,2048,1
50384,42,2048,0
50393,396,2048,0
50396,593,2048,0
50398,633,2048,0
50399,674,2048,1
50401,730,2048,1
50407,817,2048,0
50409,841,2048,0
50411,850,2048,0
50413,871,2048,0
50417,935,2048,0
50425,1245,2048,0
50429,1296,2048,0
50430,1299,2048,0
50432,1311,2048,0
50434,1324,2048,0
50436,1423,2048,0
50460,15,2050,0
50461,17,2050,0
50474,321,2050,0
50476,378,2050,0
50477,387,2050,0
50481,502,2050,0
50486,548,2050,0
50489,596,2050,0
50490,600,2050,0
50493,668,2050,0
50496,734,2050,0
50497,739,2050,0
50498,776,2050,0
50499,784,2050,0
50507,858,2050,0
50508,870,2050,1
50512,902,2050,0
50513,928,2050,0
50515,942,2050,1
50517,987,2050,0
50521,1067,2050,0
50522,1084,2050,0
50531,1210,2050,0
50534,1249,2050,0
50537,1287,2050,0
50541,1428,2050,0
50544,1467,2050,0
50545,1479,2050,0
50548,1528,2050,0
50550,1591,2050,0
50551,1594,2050,1
50553,68,2051,0
50554,94,2051,0
50555,173,2051,0
50559,881,2051,0
50566,1601,2051,0
50631,186,2055,0
50633,449,2055,0
50634,451,2055,0
50635,478,2055,1
50636,513,2055,0
50643,995,2055,0
50644,1309,2055,0
50648,49,2056,0
50649,70,2056,0
50652,479,2056,0
50655,708,2056,0
50656,772,2056,0
50660,1146,2056,0
50662,1296,2056,0
50664,1555,2056,0
50709,127,2059,0
50716,784,2059,1
50721,947,2059,0
50722,948,2059,0
50723,1010,2059,0
50725,1249,2059,0
50726,1317,2059,0
50729,78,2060,0
50732,298,2060,0
50734,358,2060,0
50736,470,2060,0
50741,600,2060,0
50744,734,2060,0
50750,895,2060,0
50755,1226,2060,0
50758,1249,2060,1
50761,1317,2060,1
50762,1363,2060,0
50763,1378,2060,0
50784,210,2062,0
50787,355,2062,0
50792,743,2062,0
50800,895,2062,0
50802,948,2062,0
50804,1085,2062,0
50810,1249,2062,1
50812,1285,2062,0
50813,1317,2062,1
50814,1378,2062,0
50815,1,2063,0
50816,15,2063,0
50821,1107,2063,0
50826,1278,2063,1
50828,1528,2063,0
50829,15,2064,0
50834,378,2064,0
50837,548,2064,0
50838,560,2064,0
50841,692,2064,0
50842,739,2064,0
50844,784,2064,1
50851,982,2064,1
50853,1107,2064,0
50856,1250,2064,0
50860,1573,2064,0
50916,538,2067,0
50918,593,2067,0
50920,727,2067,0
50923,826,2067,0
50925,850,2067,0
50926,860,2067,0
50930,1170,2067,0
50933,1281,2067,0
50939,74,2068,0
50944,141,2068,0
50945,148,2068,0
50951,328,2068,0
50953,358,2068,0
50958,516,2068,1
50962,692,2068,0
50965,743,2068,0
50972,822,2068,0
50975,855,2068,0
50976,901,2068,0
50982,1203,2068,0
50985,1249,2068,0
50987,1401,2068,0
50988,1519,2068,0
50989,1535,2068,0
50990,1546,2068,0
51181,29,2077,0
51182,250,2077,0
51184,463,2077,0
51191,818,2077,0
51193,850,2077,0
51200,1163,2077,0
51202,1277,2077,0
51203,1296,2077,1
51204,1340,2077,0
51206,1460,2077,0
51225,176,2079,0
51230,649,2079,0
51235,841,2079,0
51236,888,2079,0
51239,1198,2079,0
51240,1296,2079,0
51241,1356,2079,0
51243,115,2080,0
51245,202,2080,0
51246,284,2080,1
51247,308,2080,0
51251,820,2080,0
51252,828,2080,0
51255,869,2080,0
51256,909,2080,0
51304,2,2083,0
51306,267,2083,1
51308,364,2083,0
51313,756,2083,0
51315,829,2083,0
51317,862,2083,0
51321,1546,2083,0
51325,104,2084,0
51326,307,2084,0
51330,741,2084,0
51332,825,2084,0
51333,829,2084,0
51335,844,2084,0
51337,901,2084,0
51344,1346,2084,0
51345,1479,2084,1
51397,164,2088,0
51400,582,2088,0
51403,739,2088,0
51406,848,2088,0
51407,904,2088,0
51409,1060,2088,0
51460,13,2090,0
51466,164,2090,0
51469,252,2090,0
51475,353,2090,0
51479,482,2090,0
51483,578,2090,0
51484,586,2090,0
51490,734,2090,1
51491,739,2090,1
51503,896,2090,0
51507,1022,2090,0
51511,1179,2090,1
51513,1216,2090,0
51516,1238,2090,0
51519,1287,2090,0
51520,1305,2090,1
51521,1316,2090,1
51523,1390,2090,0
51524,1455,2090,0
51619,252,2094,0
51622,297,2094,0
51624,398,2094,0
51629,739,2094,0
51636,911,2094,0
51637,947,2094,0
51638,967,2094,1
51642,1278,2094,0
51644,1363,2094,0
51667,354,2096,0
51669,430,2096,0
51672,524,2096,0
51673,665,2096,0
51674,739,2096,1
51675,741,2096,0
51678,862,2096,0
51679,904,2096,0
51680,982,2096,0
51683,1252,2096,0
51685,1317,2096,0
51704,11,2098,0
51712,817,2098,0
51714,846,2098,0
51715,956,2098,0
51717,998,2098,0
51718,1003,2098,0
51725,1299,2098,1
51727,1354,2098,0
51728,1411,2098,0
51729,1,2099,0
51730,2,2099,0
51731,233,2099,0
51734,358,2099,0
51736,430,2099,0
51741,682,2099,0
51742,703,2099,0
51744,756,2099,0
51745,811,2099,0
51747,858,2099,0
51751,942,2099,0
51753,1074,2099,0
51755,1191,2099,0
51757,1307,2099,0
51761,1514,2099,0
51764,1593,2099,0
51792,76,2101,0
51794,227,2101,0
51796,298,2101,0
51799,776,2101,1
51802,947,2101,0
51805,1164,2101,0
51827,271,2103,0
51829,330,2103,0
51830,442,2103,0
51831,739,2103,0
51835,920,2103,1
51860,9,2105,0
51861,131,2105,0
51862,200,2105,1
51863,596,2105,0
51869,870,2105,0
51871,947,2105,0
51873,1204,2105,0
51876,1588,2105,0
51877,39,2106,0
51878,147,2106,0
51879,252,2106,0
51883,441,2106,0
51885,811,2106,1
51887,878,2106,0
51915,272,2108,1
51916,307,2108,0
51918,548,2108,0
51920,673,2108,0
51923,1100,2108,0
51924,1106,2108,0
51954,260,2110,0
51957,649,2110,0
51961,998,2110,0
51963,1351,2110,0
51964,1376,2110,0
51965,1449,2110,0
51968,198,2111,0
51970,292,2111,0
51973,734,2111,0
51974,739,2111,0
51976,784,2111,0
51978,811,2111,0
51982,876,2111,0
51985,1085,2111,0
52023,104,2114,0
52024,132,2114,0
52026,218,2114,0
52030,862,2114,0
52031,876,2114,0
52032,885,2114,0
52055,398,2116,0
52058,474,2116,0
52059,510,2116,0
52063,738,2116,0
52067,982,2116,0
52068,1017,2116,0
52073,156,2117,0
52075,187,2117,0
52076,260,2117,1
52077,261,2117,1
52080,467,2117,0
52081,554,2117,1
52083,736,2117,0
52084,779,2117,0
52085,830,2117,1
52087,860,2117,0
52097,1091,2117,0
52104,1402,2117,0
52105,1411,2117,0
52110,1579,2117,0
52111,1592,2117,0
52145,431,2119,0
52146,510,2119,0
52147,560,2119,0
52148,625,2119,0
52155,994,2119,0
52159,1210,2119,0
52160,1591,2119,0
52180,7,2121,0
52181,41,2121,0
52185,360,2121,0
52186,364,2121,0
52189,891,2121,0
52190,928,2121,0
52191,997,2121,0
52197,1369,2121,0
52198,1413,2121,0
52220,284,2123,0
52223,786,2123,0
52226,860,2123,0
52227,1027,2123,0
52228,1121,2123,0
52230,1281,2123,0
52231,1411,2123,1
52234,104,2124,0
52237,264,2124,1
52239,542,2124,0
52241,578,2124,0
52246,942,2124,0
52247,1057,2124,0
52249,1111,2124,0
